Date,Temperature,Rainfall,Humidity,WindSpeed
2005-01-01,23.26,0.06,81.07,1.5
2005-01-02,22.8,0.11,82.36,1.74
2005-01-03,23.51,0.09,82.68,1.7
2005-01-04,23.09,0.0,77.82,1.87
2005-01-05,22.5,0.0,79.91,2.04
2005-01-06,21.65,0.0,78.12,2.0
2005-01-07,22.36,0.0,79.12,2.44
2005-01-08,22.77,0.0,78.21,2.12
2005-01-09,21.78,0.0,79.5,2.08
2005-01-10,22.02,0.0,73.03,1.53
2005-01-11,22.23,0.0,69.03,1.42
2005-01-12,22.09,0.0,70.07,1.56
2005-01-13,22.48,0.0,72.6,1.9
2005-01-14,22.4,0.0,74.85,2.23
2005-01-15,22.15,0.0,73.44,1.88
2005-01-16,22.59,0.0,75.12,1.54
2005-01-17,23.71,0.01,74.89,1.37
2005-01-18,24.7,0.17,75.97,1.43
2005-01-19,25.37,0.02,75.69,1.57
2005-01-20,25.02,0.15,73.98,2.42
2005-01-21,24.63,0.95,77.22,2.94
2005-01-22,24.93,0.87,78.41,2.64
2005-01-23,25.45,0.08,72.9,2.1
2005-01-24,25.36,0.01,75.23,1.81
2005-01-25,25.38,0.0,71.4,1.95
2005-01-26,25.49,0.0,70.47,1.83
2005-01-27,25.22,0.58,72.02,1.7
2005-01-28,24.26,0.2,75.39,1.34
2005-01-29,24.79,3.16,72.5,1.59
2005-01-30,25.01,2.1,75.62,1.69
2005-01-31,25.76,2.16,77.46,2.03
2005-02-01,25.32,0.59,81.14,1.86
2005-02-02,26.2,0.22,73.27,2.06
2005-02-03,25.88,0.69,72.56,2.2
2005-02-04,26.08,0.06,70.84,2.24
2005-02-05,26.25,0.01,67.98,1.9
2005-02-06,25.6,0.0,64.4,1.94
2005-02-07,24.29,0.0,66.45,1.86
2005-02-08,24.8,0.0,68.41,2.4
2005-02-09,24.64,0.0,68.15,2.85
2005-02-10,24.94,0.0,67.18,2.91
2005-02-11,24.7,0.0,66.24,2.45
2005-02-12,24.27,0.0,64.71,2.55
2005-02-13,23.93,0.0,61.96,2.08
2005-02-14,24.28,0.0,59.88,1.71
2005-02-15,25.6,0.0,52.8,1.25
2005-02-16,26.64,0.0,48.41,1.49
2005-02-17,26.67,0.0,53.17,1.69
2005-02-18,26.88,0.0,52.05,1.88
2005-02-19,26.03,0.0,56.8,1.79
2005-02-20,25.54,0.0,64.76,1.6
2005-02-21,26.15,0.01,67.72,1.46
2005-02-22,27.26,1.79,69.41,1.83
2005-02-23,28.11,0.28,66.29,1.92
2005-02-24,28.24,0.0,64.08,1.97
2005-02-25,27.35,0.0,58.95,1.78
2005-02-26,26.73,0.0,55.41,1.85
2005-02-27,26.51,0.0,55.13,1.68
2005-02-28,26.29,0.0,52.71,1.81
2005-03-01,27.06,0.0,59.36,2.08
2005-03-02,27.62,0.0,58.25,1.73
2005-03-03,28.27,0.0,58.03,1.96
2005-03-04,29.03,0.02,57.73,1.89
2005-03-05,29.35,1.48,62.09,2.19
2005-03-06,28.61,0.27,62.43,2.02
2005-03-07,28.55,0.01,62.38,2.34
2005-03-08,27.62,0.0,64.46,2.01
2005-03-09,27.97,0.0,63.72,1.89
2005-03-10,27.8,1.66,64.5,1.15
2005-03-11,28.37,0.93,62.57,1.66
2005-03-12,29.68,0.19,57.35,1.85
2005-03-13,29.21,7.31,63.48,1.53
2005-03-14,27.99,5.62,70.94,1.99
2005-03-15,27.99,0.0,61.3,1.75
2005-03-16,27.75,0.0,57.84,1.86
2005-03-17,27.38,0.0,57.86,2.36
2005-03-18,27.58,0.18,56.66,1.58
2005-03-19,28.8,0.7,57.66,1.71
2005-03-20,29.6,0.0,55.16,1.32
2005-03-21,30.42,0.0,52.6,1.81
2005-03-22,30.96,0.0,48.33,1.54
2005-03-23,31.78,0.0,47.87,1.32
2005-03-24,32.29,0.24,49.38,1.48
2005-03-25,32.37,0.04,46.6,1.23
2005-03-26,32.11,0.0,44.14,1.56
2005-03-27,32.57,0.02,44.34,1.92
2005-03-28,32.79,0.0,42.49,2.41
2005-03-29,33.35,0.0,43.33,1.49
2005-03-30,33.03,1.24,46.57,2.04
2005-03-31,31.77,0.05,49.52,1.71
2005-04-01,32.26,0.01,50.0,2.42
2005-04-02,31.58,1.0,56.31,2.86
2005-04-03,27.77,17.64,73.44,2.01
2005-04-04,25.11,18.14,88.03,3.59
2005-04-05,25.29,12.05,87.7,2.56
2005-04-06,26.27,20.59,83.64,1.6
2005-04-07,26.45,14.7,81.9,1.66
2005-04-08,26.82,0.4,78.03,1.5
2005-04-09,28.51,0.12,69.81,1.49
2005-04-10,28.69,0.34,70.4,0.99
2005-04-11,28.23,1.25,75.62,1.07
2005-04-12,27.76,0.53,78.09,1.07
2005-04-13,27.82,0.63,76.13,1.59
2005-04-14,28.86,0.02,68.9,1.65
2005-04-15,28.85,0.04,67.85,1.99
2005-04-16,29.52,0.79,62.66,1.67
2005-04-17,29.42,0.19,60.8,1.96
2005-04-18,28.99,0.2,63.02,1.75
2005-04-19,29.13,1.07,66.82,2.15
2005-04-20,26.98,7.72,78.85,2.05
2005-04-21,27.55,0.9,72.3,1.77
2005-04-22,27.92,0.07,70.86,1.71
2005-04-23,28.91,0.04,67.36,2.08
2005-04-24,29.33,0.03,67.06,1.43
2005-04-25,28.93,0.76,68.66,0.91
2005-04-26,29.69,0.25,64.36,1.23
2005-04-27,29.99,0.07,63.01,1.11
2005-04-28,31.03,0.0,61.25,1.1
2005-04-29,31.45,0.01,60.68,1.52
2005-04-30,29.69,21.23,72.34,1.09
2005-05-01,29.28,9.37,74.65,1.06
2005-05-02,28.19,2.83,78.04,1.2
2005-05-03,29.81,1.39,68.26,1.24
2005-05-04,28.76,4.59,72.73,0.68
2005-05-05,29.23,0.29,68.98,1.1
2005-05-06,29.99,1.2,64.18,1.89
2005-05-07,29.83,0.91,63.12,2.06
2005-05-08,28.82,0.0,66.1,2.18
2005-05-09,31.24,0.06,58.09,1.86
2005-05-10,30.26,0.0,57.7,3.08
2005-05-11,29.42,0.04,64.98,2.58
2005-05-12,30.38,0.47,64.85,2.07
2005-05-13,30.99,0.05,61.78,1.9
2005-05-14,30.45,0.64,63.22,1.74
2005-05-15,30.56,1.88,64.28,1.75
2005-05-16,29.49,0.05,63.85,1.56
2005-05-17,31.09,0.0,55.98,1.45
2005-05-18,31.95,0.0,55.86,1.89
2005-05-19,32.32,0.0,55.35,1.93
2005-05-20,32.07,0.0,57.32,1.88
2005-05-21,32.17,0.03,57.99,1.53
2005-05-22,32.22,0.07,56.95,1.72
2005-05-23,31.95,0.14,58.47,1.47
2005-05-24,31.36,0.01,59.25,1.09
2005-05-25,31.2,0.07,58.44,1.63
2005-05-26,30.73,17.28,62.05,1.91
2005-05-27,28.71,1.38,73.23,2.1
2005-05-28,27.74,2.69,71.13,2.34
2005-05-29,29.04,6.31,67.06,2.15
2005-05-30,29.34,0.04,66.59,1.78
2005-05-31,29.4,0.71,64.98,2.16
2005-06-01,29.52,0.06,66.46,2.24
2005-06-02,30.24,0.05,64.02,2.46
2005-06-03,29.44,0.03,68.52,1.75
2005-06-04,29.45,1.18,67.98,1.6
2005-06-05,29.07,2.09,70.35,1.6
2005-06-06,29.58,0.23,65.43,1.24
2005-06-07,29.48,0.44,66.51,1.73
2005-06-08,29.94,1.11,66.26,2.37
2005-06-09,27.69,3.14,70.82,3.51
2005-06-10,27.85,1.11,61.95,3.65
2005-06-11,28.99,0.36,66.3,3.32
2005-06-12,30.35,0.55,59.45,3.71
2005-06-13,29.85,1.09,60.83,3.36
2005-06-14,27.7,0.03,68.36,3.45
2005-06-15,29.55,0.57,60.47,3.02
2005-06-16,29.33,3.42,66.5,3.57
2005-06-17,28.5,0.74,67.56,4.37
2005-06-18,28.06,0.3,64.25,4.68
2005-06-19,28.49,1.78,66.64,3.89
2005-06-20,27.92,3.84,69.13,4.11
2005-06-21,27.79,0.49,68.84,4.26
2005-06-22,28.0,0.28,64.16,4.73
2005-06-23,28.63,0.01,62.34,4.14
2005-06-24,29.45,0.32,61.2,4.59
2005-06-25,29.28,1.25,64.54,3.65
2005-06-26,28.9,0.43,65.16,3.91
2005-06-27,28.56,0.08,65.06,3.7
2005-06-28,28.39,0.18,64.22,3.88
2005-06-29,28.05,0.28,63.99,3.31
2005-06-30,28.89,1.31,63.75,3.07
2005-07-01,28.22,1.08,69.5,3.32
2005-07-02,28.57,0.59,65.23,3.29
2005-07-03,28.25,0.6,66.35,3.69
2005-07-04,28.0,1.58,68.34,3.41
2005-07-05,28.12,0.25,67.58,4.08
2005-07-06,27.77,0.14,64.85,4.91
2005-07-07,28.64,0.05,59.69,4.95
2005-07-08,29.27,0.25,62.91,4.27
2005-07-09,28.29,1.6,64.59,5.07
2005-07-10,27.31,1.32,66.7,3.93
2005-07-11,28.05,0.35,63.43,4.2
2005-07-12,28.47,0.01,65.2,3.55
2005-07-13,27.06,1.92,73.62,2.4
2005-07-14,27.51,15.85,71.9,2.6
2005-07-15,27.18,3.04,74.77,1.61
2005-07-16,27.44,0.67,74.01,1.36
2005-07-17,27.59,1.7,71.93,2.45
2005-07-18,28.62,0.22,67.32,2.5
2005-07-19,28.13,0.03,69.38,3.29
2005-07-20,27.89,0.47,70.05,3.48
2005-07-21,27.61,0.0,66.98,4.2
2005-07-22,27.73,0.58,66.42,3.99
2005-07-23,27.35,0.94,69.4,3.9
2005-07-24,27.71,0.42,65.69,5.08
2005-07-25,27.37,0.18,63.57,6.03
2005-07-26,28.18,1.34,62.53,6.22
2005-07-27,28.46,0.88,63.47,5.16
2005-07-28,28.0,1.51,65.83,4.42
2005-07-29,27.35,3.11,67.89,4.7
2005-07-30,27.68,2.02,65.46,5.57
2005-07-31,28.29,1.58,64.45,6.43
2005-08-01,27.76,2.0,65.67,6.23
2005-08-02,27.56,0.85,62.4,6.49
2005-08-03,28.03,0.09,57.91,4.98
2005-08-04,27.49,0.16,65.08,4.54
2005-08-05,28.35,0.12,61.54,5.12
2005-08-06,28.97,0.0,59.38,4.61
2005-08-07,29.25,0.0,59.1,4.3
2005-08-08,28.62,0.01,60.26,4.26
2005-08-09,28.46,0.18,63.06,3.86
2005-08-10,28.45,0.29,64.93,4.63
2005-08-11,28.29,0.72,66.05,4.73
2005-08-12,28.66,0.19,62.04,5.08
2005-08-13,28.9,0.05,61.65,4.57
2005-08-14,29.2,0.59,61.24,4.8
2005-08-15,29.25,0.22,59.71,4.93
2005-08-16,28.75,0.24,59.76,4.89
2005-08-17,29.09,0.0,58.54,4.44
2005-08-18,28.79,0.0,56.62,4.37
2005-08-19,28.67,0.07,60.51,4.09
2005-08-20,29.28,0.0,57.63,3.93
2005-08-21,30.04,0.08,55.61,3.18
2005-08-22,29.64,0.1,57.06,2.11
2005-08-23,29.49,2.98,59.59,1.17
2005-08-24,28.67,1.49,63.13,2.06
2005-08-25,28.31,16.41,66.31,2.47
2005-08-26,27.77,8.79,70.78,1.92
2005-08-27,26.64,2.37,78.53,1.63
2005-08-28,28.89,0.29,68.27,1.41
2005-08-29,28.94,0.1,68.15,1.61
2005-08-30,30.27,0.25,59.77,1.83
2005-08-31,28.38,6.62,68.62,2.87
2005-09-01,28.15,1.03,72.28,2.16
2005-09-02,27.12,27.38,80.41,2.15
2005-09-03,26.9,7.23,81.96,1.9
2005-09-04,26.92,9.28,81.58,1.89
2005-09-05,26.57,2.09,77.57,3.18
2005-09-06,26.6,1.58,74.61,2.88
2005-09-07,26.41,4.13,76.61,2.75
2005-09-08,27.54,0.37,72.66,3.3
2005-09-09,28.09,0.19,68.07,4.09
2005-09-10,27.27,3.02,71.04,3.5
2005-09-11,26.66,1.76,71.75,3.34
2005-09-12,26.75,0.4,72.04,3.71
2005-09-13,27.09,0.16,70.49,3.65
2005-09-14,28.06,0.02,67.79,3.01
2005-09-15,26.46,23.3,73.31,2.1
2005-09-16,27.2,0.12,73.3,1.88
2005-09-17,28.52,0.0,65.73,2.85
2005-09-18,28.27,0.0,64.8,3.92
2005-09-19,27.24,0.09,65.74,4.7
2005-09-20,26.86,0.35,70.07,4.28
2005-09-21,28.08,0.23,66.82,3.25
2005-09-22,28.82,0.28,64.92,2.63
2005-09-23,28.56,0.0,64.77,2.18
2005-09-24,28.61,0.64,63.93,2.13
2005-09-25,28.75,2.52,64.71,2.26
2005-09-26,28.64,0.01,64.01,2.4
2005-09-27,28.55,0.0,63.12,2.28
2005-09-28,27.51,9.6,70.36,2.21
2005-09-29,28.14,0.26,67.15,2.22
2005-09-30,28.34,0.21,65.53,2.4
2005-10-01,27.62,0.09,67.0,2.18
2005-10-02,27.18,4.94,72.71,1.44
2005-10-03,28.25,2.43,69.25,1.73
2005-10-04,27.74,21.51,73.89,1.18
2005-10-05,27.85,2.6,72.11,1.27
2005-10-06,28.45,0.05,68.73,1.39
2005-10-07,28.23,1.9,73.36,1.49
2005-10-08,27.4,34.16,79.16,1.22
2005-10-09,25.89,7.66,81.05,1.71
2005-10-10,25.91,12.4,82.16,1.23
2005-10-11,25.56,14.99,83.96,1.03
2005-10-12,25.27,10.37,87.21,0.76
2005-10-13,25.44,3.46,84.92,1.62
2005-10-14,26.5,0.35,77.72,1.79
2005-10-15,27.08,0.14,77.01,0.83
2005-10-16,27.01,0.28,77.66,0.95
2005-10-17,26.55,1.15,79.75,0.8
2005-10-18,25.91,10.14,83.72,0.8
2005-10-19,26.26,2.56,79.99,1.34
2005-10-20,26.79,0.61,76.24,1.33
2005-10-21,26.3,69.05,83.05,1.35
2005-10-22,25.7,30.17,88.01,0.9
2005-10-23,25.8,7.11,85.83,1.56
2005-10-24,25.07,50.78,87.29,0.76
2005-10-25,24.42,20.28,91.85,1.64
2005-10-26,24.51,2.81,85.55,1.56
2005-10-27,25.32,1.74,84.15,2.29
2005-10-28,26.0,0.26,82.03,2.31
2005-10-29,26.64,2.5,80.46,2.31
2005-10-30,26.31,10.42,84.36,1.74
2005-10-31,26.45,1.1,85.18,1.04
2005-11-01,25.71,9.64,85.76,1.42
2005-11-02,24.6,8.4,90.12,1.73
2005-11-03,24.08,3.19,88.64,1.4
2005-11-04,23.96,18.22,90.65,1.33
2005-11-05,23.69,20.78,90.47,2.22
2005-11-06,24.0,23.87,92.95,2.12
2005-11-07,23.8,20.11,91.51,2.92
2005-11-08,23.96,17.47,91.86,2.39
2005-11-09,23.3,3.9,93.62,2.81
2005-11-10,23.72,2.92,92.77,1.07
2005-11-11,23.83,6.88,93.5,1.1
2005-11-12,23.5,9.86,93.74,1.92
2005-11-13,20.98,8.55,90.97,1.26
2005-11-14,22.73,0.3,80.31,1.45
2005-11-15,23.07,0.0,84.22,1.26
2005-11-16,21.59,0.0,81.76,1.78
2005-11-17,20.76,0.01,78.25,1.59
2005-11-18,21.12,0.02,78.24,1.62
2005-11-19,21.81,0.83,83.58,1.52
2005-11-20,22.39,0.75,86.48,1.57
2005-11-21,22.33,17.07,93.39,2.69
2005-11-22,23.75,31.09,96.03,3.99
2005-11-23,23.98,78.87,95.74,3.34
2005-11-24,22.63,54.08,94.22,3.7
2005-11-25,23.49,7.2,91.65,2.11
2005-11-26,23.41,1.76,90.63,1.88
2005-11-27,23.79,1.73,90.57,2.24
2005-11-28,22.68,0.06,88.08,2.0
2005-11-29,20.51,0.45,85.39,1.78
2005-11-30,21.99,1.21,77.42,1.46
2005-12-01,23.38,0.03,82.65,1.12
2005-12-02,24.47,2.18,84.94,0.83
2005-12-03,23.62,20.87,91.57,1.3
2005-12-04,24.81,9.71,90.35,1.38
2005-12-05,24.06,3.81,90.63,2.34
2005-12-06,23.16,0.25,89.09,1.92
2005-12-07,22.53,0.0,88.42,1.63
2005-12-08,21.44,0.0,78.35,1.5
2005-12-09,22.68,12.0,82.62,1.79
2005-12-10,22.71,19.78,89.44,3.01
2005-12-11,23.19,13.13,93.55,3.14
2005-12-12,23.28,3.47,93.66,1.82
2005-12-13,23.73,5.78,94.34,2.35
2005-12-14,23.5,1.09,89.88,2.22
2005-12-15,22.57,0.15,88.67,2.11
2005-12-16,21.23,0.03,86.64,2.0
2005-12-17,21.92,1.45,90.3,2.05
2005-12-18,23.15,2.71,90.75,2.31
2005-12-19,23.89,0.08,87.12,1.87
2005-12-20,24.56,0.18,85.15,1.48
2005-12-21,24.8,0.07,85.33,1.39
2005-12-22,24.81,1.51,84.17,0.89
2005-12-23,24.38,2.78,85.34,0.93
2005-12-24,23.7,0.0,87.45,1.41
2005-12-25,23.13,0.0,88.44,1.8
2005-12-26,21.91,0.0,86.43,2.06
2005-12-27,20.79,0.0,83.52,1.65
2005-12-28,21.51,0.09,87.86,1.84
2005-12-29,21.44,0.0,86.4,1.65
2005-12-30,20.62,0.0,83.05,1.63
2005-12-31,20.97,0.0,85.65,2.03
2006-01-01,20.79,0.01,84.81,2.17
2006-01-02,20.92,0.0,85.82,1.93
2006-01-03,21.16,0.0,87.77,1.71
2006-01-04,22.08,0.26,87.79,1.56
2006-01-05,23.03,1.85,90.84,2.3
2006-01-06,22.68,0.01,87.72,2.13
2006-01-07,23.44,0.65,89.8,2.04
2006-01-08,23.1,12.21,93.6,2.11
2006-01-09,23.78,0.94,90.28,2.07
2006-01-10,23.27,0.05,88.42,2.29
2006-01-11,21.66,0.05,87.08,1.87
2006-01-12,22.43,0.08,88.81,2.18
2006-01-13,22.33,0.26,87.65,2.1
2006-01-14,22.77,0.29,91.01,1.89
2006-01-15,23.91,0.05,88.43,1.95
2006-01-16,24.17,1.23,87.48,2.05
2006-01-17,23.46,0.06,87.3,1.52
2006-01-18,21.98,0.0,82.95,1.52
2006-01-19,20.64,0.0,80.21,1.23
2006-01-20,20.35,0.0,78.52,1.24
2006-01-21,20.8,0.0,78.91,1.24
2006-01-22,21.32,0.0,74.14,1.11
2006-01-23,21.67,0.0,65.53,1.04
2006-01-24,21.85,0.0,67.28,1.17
2006-01-25,21.69,0.0,79.35,1.28
2006-01-26,20.97,0.0,80.11,1.76
2006-01-27,21.76,0.25,85.82,2.46
2006-01-28,21.54,0.0,84.01,2.14
2006-01-29,19.98,0.0,78.82,1.89
2006-01-30,20.05,0.0,81.11,1.69
2006-01-31,20.75,0.0,81.99,2.04
2006-02-01,21.16,0.0,82.09,2.13
2006-02-02,21.77,0.0,82.58,2.09
2006-02-03,22.55,0.03,83.27,2.42
2006-02-04,23.62,0.1,84.71,2.59
2006-02-05,23.51,0.01,82.51,2.07
2006-02-06,21.65,0.0,78.49,1.97
2006-02-07,20.58,0.0,77.3,1.82
2006-02-08,20.73,0.0,76.54,1.94
2006-02-09,22.28,0.0,80.08,1.91
2006-02-10,22.34,0.01,73.49,1.99
2006-02-11,22.63,0.0,76.6,2.13
2006-02-12,22.96,0.0,75.49,2.31
2006-02-13,21.52,0.0,76.95,1.82
2006-02-14,21.88,0.0,69.23,1.35
2006-02-15,23.28,0.0,71.59,1.24
2006-02-16,23.86,0.0,69.37,1.22
2006-02-17,24.16,0.0,68.99,1.13
2006-02-18,24.0,0.0,71.41,1.53
2006-02-19,24.42,0.0,68.79,1.4
2006-02-20,23.96,0.0,67.43,1.68
2006-02-21,23.63,0.0,67.34,1.54
2006-02-22,23.4,0.0,65.83,1.53
2006-02-23,23.27,0.0,66.26,1.73
2006-02-24,24.17,0.0,64.21,1.7
2006-02-25,25.02,0.0,66.56,1.16
2006-02-26,25.66,0.0,64.58,1.43
2006-02-27,26.6,0.0,67.96,1.5
2006-02-28,27.68,0.0,68.39,1.35
2006-03-01,27.9,0.0,67.75,1.35
2006-03-02,27.99,0.36,69.9,1.79
2006-03-03,25.95,16.79,82.95,1.57
2006-03-04,26.25,2.06,76.76,1.75
2006-03-05,27.83,0.2,70.37,1.81
2006-03-06,27.2,2.33,73.93,1.65
2006-03-07,26.41,0.18,76.07,1.32
2006-03-08,27.11,0.02,68.96,2.07
2006-03-09,25.79,2.57,80.23,1.62
2006-03-10,26.7,0.82,75.89,1.5
2006-03-11,27.3,13.87,77.36,1.07
2006-03-12,26.87,2.87,77.97,1.51
2006-03-13,27.6,0.0,71.09,1.3
2006-03-14,26.91,0.0,72.49,1.38
2006-03-15,28.0,0.06,65.11,1.65
2006-03-16,27.28,0.0,68.65,1.12
2006-03-17,28.17,0.0,64.21,1.51
2006-03-18,28.42,0.0,62.61,1.82
2006-03-19,27.9,0.0,64.31,2.34
2006-03-20,27.9,0.0,62.62,2.1
2006-03-21,27.52,0.0,59.48,2.12
2006-03-22,27.7,0.02,51.55,1.55
2006-03-23,28.72,0.0,54.17,2.13
2006-03-24,29.41,0.16,55.44,1.58
2006-03-25,29.2,0.0,59.5,1.67
2006-03-26,29.19,0.35,55.74,1.74
2006-03-27,29.37,0.0,54.47,1.86
2006-03-28,28.98,0.0,59.07,1.89
2006-03-29,29.16,0.0,60.6,1.66
2006-03-30,29.42,0.15,63.1,2.11
2006-03-31,29.54,0.01,58.96,1.96
2006-04-01,29.42,0.0,54.85,1.85
2006-04-02,29.49,0.0,50.46,1.76
2006-04-03,29.54,0.0,50.18,1.71
2006-04-04,30.02,0.0,51.83,1.85
2006-04-05,30.44,0.0,53.32,2.13
2006-04-06,31.2,0.0,50.37,1.69
2006-04-07,31.45,0.0,49.93,1.54
2006-04-08,31.38,0.0,49.07,1.76
2006-04-09,31.28,0.0,49.51,2.05
2006-04-10,31.24,0.01,47.24,2.08
2006-04-11,31.66,0.03,48.81,1.67
2006-04-12,32.34,0.11,50.6,1.86
2006-04-13,31.61,0.76,52.19,1.47
2006-04-14,29.62,0.49,62.4,2.19
2006-04-15,29.78,0.36,59.16,1.73
2006-04-16,27.49,0.09,70.79,1.78
2006-04-17,28.43,21.27,66.61,1.08
2006-04-18,28.19,6.43,72.47,2.07
2006-04-19,29.67,0.28,62.6,1.91
2006-04-20,29.33,0.27,63.11,1.92
2006-04-21,29.75,0.41,58.98,1.8
2006-04-22,29.6,0.0,55.13,1.48
2006-04-23,30.14,0.0,52.49,1.84
2006-04-24,30.58,0.0,50.91,2.13
2006-04-25,31.36,0.19,50.84,1.61
2006-04-26,32.47,0.06,50.99,1.49
2006-04-27,33.4,0.0,49.15,1.24
2006-04-28,32.92,0.0,49.86,2.49
2006-04-29,31.75,0.0,51.87,2.69
2006-04-30,34.07,0.0,44.88,1.84
2006-05-01,34.06,0.0,44.84,2.19
2006-05-02,33.89,0.05,46.14,1.92
2006-05-03,32.08,0.51,53.71,2.22
2006-05-04,29.54,0.3,65.6,2.29
2006-05-05,29.69,0.03,64.41,2.17
2006-05-06,30.51,0.0,60.08,1.01
2006-05-07,31.21,0.07,53.04,1.43
2006-05-08,31.07,0.12,55.46,2.2
2006-05-09,31.1,0.14,55.29,2.45
2006-05-10,30.61,0.21,57.86,1.91
2006-05-11,32.94,0.14,48.33,1.8
2006-05-12,32.74,0.2,47.84,1.51
2006-05-13,31.88,0.03,49.72,1.71
2006-05-14,32.69,0.13,45.9,1.61
2006-05-15,32.51,1.45,48.57,2.0
2006-05-16,30.34,20.28,65.18,1.6
2006-05-17,29.64,1.28,66.66,1.39
2006-05-18,26.54,34.14,81.37,1.93
2006-05-19,27.71,3.91,73.34,3.0
2006-05-20,29.59,0.0,58.15,2.47
2006-05-21,29.36,2.14,64.37,2.97
2006-05-22,29.68,1.73,63.89,3.45
2006-05-23,29.49,2.3,65.47,3.52
2006-05-24,29.41,1.16,63.33,3.96
2006-05-25,28.88,0.64,65.55,4.1
2006-05-26,27.99,4.38,68.17,4.18
2006-05-27,26.67,2.02,69.95,3.88
2006-05-28,27.39,6.05,71.11,3.32
2006-05-29,27.8,3.33,69.69,4.02
2006-05-30,28.1,5.44,69.12,4.06
2006-05-31,27.87,3.25,69.56,3.6
2006-06-01,28.22,0.1,66.89,3.14
2006-06-02,28.34,2.61,68.66,2.5
2006-06-03,28.86,0.83,66.31,3.18
2006-06-04,28.26,0.25,62.12,3.49
2006-06-05,27.98,0.46,63.21,3.45
2006-06-06,28.07,0.07,66.45,2.76
2006-06-07,27.57,0.03,64.66,2.85
2006-06-08,28.89,0.0,60.45,3.01
2006-06-09,28.78,0.32,61.74,2.75
2006-06-10,29.29,0.0,59.85,2.62
2006-06-11,28.76,0.0,60.54,2.7
2006-06-12,29.5,0.0,58.64,2.64
2006-06-13,29.92,0.52,58.51,2.47
2006-06-14,29.6,0.18,59.96,1.94
2006-06-15,29.7,0.33,63.14,1.93
2006-06-16,26.43,4.62,77.82,2.62
2006-06-17,28.93,0.45,62.4,2.19
2006-06-18,29.09,0.39,65.01,1.41
2006-06-19,28.91,0.45,67.53,1.51
2006-06-20,27.54,3.7,71.96,2.14
2006-06-21,27.78,3.6,71.72,1.52
2006-06-22,27.47,2.93,75.92,1.89
2006-06-23,27.84,6.34,72.43,3.59
2006-06-24,28.47,1.7,68.41,3.84
2006-06-25,28.04,0.93,64.12,5.11
2006-06-26,28.01,0.46,67.56,3.88
2006-06-27,28.88,0.2,67.15,3.37
2006-06-28,27.95,0.47,67.32,4.28
2006-06-29,27.87,4.96,67.4,4.37
2006-06-30,27.7,0.23,68.53,4.49
2006-07-01,28.47,0.09,61.96,5.86
2006-07-02,27.77,0.33,63.87,5.51
2006-07-03,28.01,1.67,63.48,5.5
2006-07-04,27.62,1.75,64.66,5.5
2006-07-05,28.13,0.99,64.4,4.81
2006-07-06,28.25,0.6,64.86,4.23
2006-07-07,28.19,0.84,65.95,4.28
2006-07-08,29.53,0.07,62.27,4.68
2006-07-09,28.81,0.1,63.01,4.71
2006-07-10,28.51,3.2,64.53,4.51
2006-07-11,28.26,1.17,65.84,4.67
2006-07-12,27.03,2.06,71.35,4.18
2006-07-13,27.07,0.56,67.36,4.95
2006-07-14,27.33,0.4,67.69,4.47
2006-07-15,28.17,0.44,66.62,5.11
2006-07-16,28.61,0.15,64.37,5.21
2006-07-17,28.16,0.43,64.43,5.27
2006-07-18,27.98,0.96,64.32,4.87
2006-07-19,28.5,0.21,62.86,4.29
2006-07-20,28.62,0.4,62.97,4.49
2006-07-21,28.82,0.01,60.83,4.66
2006-07-22,28.11,0.0,61.57,3.92
2006-07-23,29.43,0.07,58.53,3.94
2006-07-24,29.49,0.0,57.82,3.59
2006-07-25,29.0,0.15,61.15,2.59
2006-07-26,27.58,0.3,67.43,2.59
2006-07-27,27.45,0.51,62.97,4.21
2006-07-28,27.18,0.42,60.58,5.25
2006-07-29,28.08,0.43,61.46,4.37
2006-07-30,28.59,0.11,60.93,3.88
2006-07-31,27.67,0.14,64.92,4.3
2006-08-01,28.08,0.05,63.61,3.85
2006-08-02,29.02,0.03,58.76,4.8
2006-08-03,28.08,0.13,60.3,5.25
2006-08-04,27.69,0.17,61.09,4.29
2006-08-05,28.41,0.01,58.4,3.97
2006-08-06,29.5,0.0,56.34,3.33
2006-08-07,29.87,0.42,56.07,3.36
2006-08-08,29.42,0.1,56.24,3.68
2006-08-09,28.64,1.34,60.72,3.97
2006-08-10,27.47,3.14,64.76,4.44
2006-08-11,28.31,1.33,64.69,4.43
2006-08-12,28.08,1.29,63.24,4.9
2006-08-13,27.58,0.8,64.47,5.25
2006-08-14,27.76,2.19,65.99,4.72
2006-08-15,28.41,2.29,64.76,4.88
2006-08-16,27.3,0.6,61.24,6.36
2006-08-17,28.37,0.67,59.32,5.44
2006-08-18,27.92,12.65,65.4,3.81
2006-08-19,28.43,0.13,66.67,2.32
2006-08-20,27.39,45.57,73.78,2.19
2006-08-21,25.87,30.02,83.88,1.87
2006-08-22,26.46,3.28,79.15,1.33
2006-08-23,27.36,2.7,72.67,1.32
2006-08-24,26.86,26.56,76.27,1.59
2006-08-25,26.86,11.27,78.46,1.4
2006-08-26,26.56,0.03,71.58,2.5
2006-08-27,25.84,0.0,71.45,2.88
2006-08-28,27.04,0.12,68.0,3.86
2006-08-29,27.51,0.22,68.62,4.01
2006-08-30,28.15,0.01,66.92,3.11
2006-08-31,28.4,1.25,66.93,2.53
2006-09-01,27.78,27.15,72.25,1.95
2006-09-02,25.77,12.42,82.89,1.57
2006-09-03,26.83,1.58,80.46,1.23
2006-09-04,26.69,2.08,78.07,1.45
2006-09-05,26.81,0.0,74.62,1.49
2006-09-06,26.75,0.66,76.54,1.54
2006-09-07,26.03,10.39,84.2,1.39
2006-09-08,26.41,4.74,82.62,2.1
2006-09-09,25.99,3.58,81.54,2.54
2006-09-10,26.44,0.82,79.39,1.99
2006-09-11,26.17,2.93,80.59,1.8
2006-09-12,27.0,2.22,74.25,2.46
2006-09-13,26.89,1.44,72.99,3.36
2006-09-14,25.4,0.34,76.28,2.62
2006-09-15,25.96,4.58,78.11,2.27
2006-09-16,25.75,4.14,81.6,2.45
2006-09-17,25.79,1.04,79.74,2.48
2006-09-18,26.32,3.23,77.54,2.71
2006-09-19,27.07,0.09,72.45,2.93
2006-09-20,26.83,0.24,75.51,2.21
2006-09-21,26.83,2.01,74.9,2.24
2006-09-22,27.05,0.65,72.84,2.12
2006-09-23,27.14,0.13,74.53,2.07
2006-09-24,26.41,7.12,78.54,1.84
2006-09-25,24.62,4.28,81.21,2.19
2006-09-26,26.16,0.15,72.45,3.62
2006-09-27,26.96,1.65,67.49,2.82
2006-09-28,27.48,1.52,67.16,3.32
2006-09-29,26.43,2.36,71.56,3.04
2006-09-30,27.78,0.2,68.5,3.19
2006-10-01,27.77,0.36,68.49,2.98
2006-10-02,27.89,0.42,67.15,2.52
2006-10-03,28.4,0.01,66.01,1.77
2006-10-04,28.24,7.0,69.39,2.33
2006-10-05,28.43,0.14,68.03,2.66
2006-10-06,28.06,4.56,69.63,2.77
2006-10-07,26.47,19.79,82.71,2.07
2006-10-08,26.28,4.38,78.03,3.26
2006-10-09,26.12,1.1,75.16,2.3
2006-10-10,26.63,1.16,76.99,0.9
2006-10-11,27.36,0.89,74.95,1.62
2006-10-12,27.46,1.65,72.26,1.2
2006-10-13,27.63,0.56,70.94,1.45
2006-10-14,27.28,1.83,73.03,1.53
2006-10-15,26.53,8.92,79.79,1.21
2006-10-16,26.45,6.86,80.92,1.65
2006-10-17,25.68,9.91,85.19,1.64
2006-10-18,26.33,9.04,81.72,1.78
2006-10-19,25.44,19.45,86.69,1.54
2006-10-20,25.35,14.65,84.61,1.67
2006-10-21,25.49,4.15,80.52,1.65
2006-10-22,25.45,2.83,81.26,1.95
2006-10-23,24.52,18.93,88.58,1.98
2006-10-24,24.56,5.87,90.02,2.05
2006-10-25,25.04,5.24,85.65,2.31
2006-10-26,24.91,9.96,88.41,2.26
2006-10-27,24.17,16.27,92.47,2.3
2006-10-28,25.16,18.46,83.82,0.77
2006-10-29,25.51,4.62,86.84,1.48
2006-10-30,25.49,3.02,87.39,1.11
2006-10-31,25.35,1.15,85.84,2.33
2006-11-01,25.23,5.66,86.21,1.61
2006-11-02,24.79,10.93,89.71,1.88
2006-11-03,24.22,11.46,90.8,1.95
2006-11-04,23.43,3.49,90.66,1.09
2006-11-05,24.74,0.46,87.15,1.55
2006-11-06,24.4,7.33,89.73,1.08
2006-11-07,23.6,4.57,91.26,1.79
2006-11-08,23.7,2.69,90.22,1.36
2006-11-09,24.07,6.77,90.12,1.25
2006-11-10,24.34,5.27,89.6,1.57
2006-11-11,24.47,2.59,88.84,1.71
2006-11-12,24.49,1.23,89.57,1.8
2006-11-13,23.92,1.19,90.76,1.5
2006-11-14,24.22,1.95,90.1,2.11
2006-11-15,24.22,4.44,90.4,2.09
2006-11-16,24.36,1.6,88.56,1.94
2006-11-17,24.25,26.97,91.63,1.84
2006-11-18,24.47,12.37,89.86,1.41
2006-11-19,24.8,0.9,89.73,1.76
2006-11-20,25.0,3.49,88.88,1.82
2006-11-21,24.2,5.81,90.09,2.24
2006-11-22,23.42,1.68,90.1,1.6
2006-11-23,23.86,9.63,84.88,1.38
2006-11-24,23.76,1.46,85.39,1.53
2006-11-25,24.0,0.06,88.24,1.56
2006-11-26,24.92,9.99,88.58,1.61
2006-11-27,24.47,13.24,91.97,1.74
2006-11-28,24.7,0.56,86.51,1.85
2006-11-29,23.82,0.0,87.07,2.03
2006-11-30,23.68,0.01,86.9,2.26
2006-12-01,22.49,0.0,85.26,2.15
2006-12-02,22.27,0.15,84.35,2.01
2006-12-03,22.72,0.3,85.8,2.43
2006-12-04,22.79,0.11,86.14,2.43
2006-12-05,22.81,0.01,84.8,2.56
2006-12-06,21.67,0.0,83.48,2.0
2006-12-07,21.57,0.0,82.44,2.09
2006-12-08,21.83,0.0,82.38,1.97
2006-12-09,22.03,1.53,81.91,1.75
2006-12-10,23.21,4.57,87.99,2.33
2006-12-11,24.57,10.66,88.92,1.93
2006-12-12,24.69,2.55,87.91,2.14
2006-12-13,23.71,0.01,86.05,2.42
2006-12-14,22.81,0.0,82.93,2.56
2006-12-15,22.3,0.0,83.25,2.32
2006-12-16,21.55,0.0,81.12,2.72
2006-12-17,21.8,0.0,81.36,2.6
2006-12-18,22.28,0.0,81.45,2.17
2006-12-19,22.85,0.07,80.64,2.33
2006-12-20,22.62,0.27,82.23,2.36
2006-12-21,22.4,0.34,81.92,2.71
2006-12-22,22.76,0.0,81.56,2.81
2006-12-23,22.91,0.22,82.0,2.71
2006-12-24,22.94,0.01,81.19,2.56
2006-12-25,22.49,0.01,79.46,2.44
2006-12-26,22.25,0.0,78.24,2.33
2006-12-27,22.48,0.0,79.74,2.38
2006-12-28,22.37,0.0,76.86,2.2
2006-12-29,21.6,0.0,76.25,2.03
2006-12-30,21.44,0.0,73.81,1.83
2006-12-31,22.03,0.0,74.77,1.81
2007-01-01,22.59,0.0,75.47,1.75
2007-01-02,21.81,0.0,71.49,2.02
2007-01-03,21.67,0.0,75.52,1.7
2007-01-04,22.0,0.0,73.99,1.61
2007-01-05,22.04,0.0,75.49,1.89
2007-01-06,22.5,0.0,74.86,2.34
2007-01-07,22.35,0.0,74.69,2.37
2007-01-08,23.24,0.02,75.72,2.71
2007-01-09,24.4,0.01,74.56,3.04
2007-01-10,24.45,0.0,75.88,2.78
2007-01-11,24.83,0.0,75.3,2.5
2007-01-12,24.43,0.0,72.56,2.49
2007-01-13,23.01,0.0,68.94,2.04
2007-01-14,23.67,0.0,72.33,2.26
2007-01-15,25.06,0.0,74.76,2.27
2007-01-16,24.73,0.0,70.91,1.98
2007-01-17,23.79,0.0,69.27,1.82
2007-01-18,22.99,0.0,66.95,2.15
2007-01-19,22.74,0.0,68.56,1.94
2007-01-20,23.56,0.0,70.69,1.93
2007-01-21,23.35,0.0,71.27,2.07
2007-01-22,23.39,0.0,67.88,1.67
2007-01-23,23.85,0.0,66.63,1.94
2007-01-24,24.07,0.0,70.78,2.36
2007-01-25,24.18,0.0,70.44,2.4
2007-01-26,24.87,0.0,70.11,2.47
2007-01-27,24.65,3.34,78.31,2.76
2007-01-28,25.24,0.52,74.19,2.85
2007-01-29,25.49,0.01,71.78,2.98
2007-01-30,25.37,0.0,69.21,2.83
2007-01-31,24.32,0.0,67.87,2.31
2007-02-01,23.85,0.0,64.63,1.97
2007-02-02,24.03,0.0,69.91,2.35
2007-02-03,24.43,0.0,67.15,2.03
2007-02-04,24.62,0.0,64.29,1.78
2007-02-05,24.62,0.0,60.47,1.71
2007-02-06,24.09,0.0,61.62,1.87
2007-02-07,24.24,0.0,62.42,1.89
2007-02-08,24.62,0.0,61.36,1.95
2007-02-09,24.02,0.15,67.75,2.33
2007-02-10,24.74,0.5,71.09,2.72
2007-02-11,26.19,0.04,65.84,1.98
2007-02-12,27.15,0.0,64.45,1.49
2007-02-13,28.16,0.0,59.42,1.26
2007-02-14,28.07,0.0,52.95,0.99
2007-02-15,27.93,0.0,49.83,0.94
2007-02-16,27.8,0.0,53.56,1.19
2007-02-17,27.81,1.08,58.22,1.29
2007-02-18,26.6,1.05,69.37,2.45
2007-02-19,26.55,0.08,64.46,2.96
2007-02-20,26.28,0.0,59.34,3.12
2007-02-21,25.46,0.0,55.57,2.57
2007-02-22,24.95,0.0,56.34,2.52
2007-02-23,25.24,0.0,57.03,1.99
2007-02-24,25.74,0.05,57.85,1.8
2007-02-25,27.13,0.24,60.76,1.57
2007-02-26,28.6,0.02,56.18,1.93
2007-02-27,29.29,0.06,56.0,1.96
2007-02-28,28.98,0.0,54.36,2.1
2007-03-01,28.98,0.0,52.9,1.17
2007-03-02,29.64,0.04,54.2,2.08
2007-03-03,29.87,0.01,52.99,2.32
2007-03-04,29.19,0.0,54.16,2.69
2007-03-05,28.62,0.0,52.18,1.85
2007-03-06,28.59,0.0,52.11,2.04
2007-03-07,28.29,0.0,51.02,1.86
2007-03-08,28.6,0.1,49.25,2.06
2007-03-09,28.58,0.0,53.88,2.6
2007-03-10,28.99,0.0,56.2,2.55
2007-03-11,28.77,0.0,53.75,2.33
2007-03-12,28.14,0.0,54.2,2.09
2007-03-13,29.3,0.05,57.09,2.34
2007-03-14,29.64,0.0,52.6,2.52
2007-03-15,29.73,0.0,53.33,2.17
2007-03-16,30.27,0.0,53.61,2.46
2007-03-17,30.86,0.0,53.27,2.72
2007-03-18,30.05,0.0,48.12,2.21
2007-03-19,29.91,0.0,40.06,1.81
2007-03-20,30.21,0.0,37.71,2.0
2007-03-21,30.34,0.0,39.51,2.0
2007-03-22,30.54,0.0,44.75,2.02
2007-03-23,29.79,0.0,45.99,2.41
2007-03-24,31.03,0.0,39.07,2.07
2007-03-25,31.73,0.0,37.88,2.08
2007-03-26,31.97,0.0,40.18,2.03
2007-03-27,31.64,0.0,41.52,2.33
2007-03-28,31.12,0.0,43.69,2.35
2007-03-29,30.44,0.0,41.57,2.29
2007-03-30,30.05,0.0,46.8,2.46
2007-03-31,30.23,0.01,52.15,2.47
2007-04-01,30.62,0.13,57.2,2.63
2007-04-02,31.78,0.0,50.24,2.06
2007-04-03,32.11,0.0,43.63,2.22
2007-04-04,31.45,0.0,47.44,2.57
2007-04-05,30.74,0.02,55.38,2.78
2007-04-06,29.55,0.09,58.23,2.39
2007-04-07,30.44,0.42,57.72,2.78
2007-04-08,30.38,0.26,57.94,2.55
2007-04-09,29.97,1.26,59.52,2.71
2007-04-10,29.73,0.7,61.14,2.2
2007-04-11,30.03,0.41,60.22,2.16
2007-04-12,31.09,1.63,54.35,1.57
2007-04-13,31.14,0.92,51.34,1.63
2007-04-14,31.26,1.62,54.61,2.29
2007-04-15,30.52,0.59,54.42,2.21
2007-04-16,31.44,0.02,49.13,2.33
2007-04-17,31.9,4.1,51.2,0.99
2007-04-18,30.39,9.43,62.25,1.1
2007-04-19,30.71,0.63,59.86,1.59
2007-04-20,30.99,0.07,57.91,1.77
2007-04-21,30.91,1.98,59.68,1.68
2007-04-22,30.1,0.4,61.52,1.17
2007-04-23,30.07,8.85,64.64,1.09
2007-04-24,29.08,3.18,68.26,1.31
2007-04-25,30.64,0.0,55.39,2.2
2007-04-26,30.9,0.0,55.4,1.87
2007-04-27,29.39,0.31,66.81,1.74
2007-04-28,31.07,0.13,58.02,2.23
2007-04-29,31.46,0.21,55.41,2.32
2007-04-30,31.99,0.03,51.12,2.14
2007-05-01,33.07,0.02,44.82,1.85
2007-05-02,32.75,2.3,50.63,1.85
2007-05-03,29.25,21.12,70.21,3.01
2007-05-04,29.28,1.67,69.56,2.01
2007-05-05,29.14,2.12,71.76,1.43
2007-05-06,29.96,0.18,66.53,1.31
2007-05-07,30.75,0.01,61.67,1.11
2007-05-08,29.29,0.56,68.39,1.63
2007-05-09,28.05,2.54,74.8,1.93
2007-05-10,29.63,0.06,64.66,3.31
2007-05-11,31.72,0.0,53.95,3.64
2007-05-12,30.09,0.0,55.07,3.99
2007-05-13,30.95,0.0,56.9,2.88
2007-05-14,32.45,0.24,51.95,3.96
2007-05-15,32.33,0.0,50.8,3.5
2007-05-16,30.88,0.0,51.03,3.08
2007-05-17,32.62,0.0,45.86,1.78
2007-05-18,33.08,0.0,43.0,2.28
2007-05-19,32.67,0.0,42.56,1.24
2007-05-20,33.28,0.0,42.4,1.75
2007-05-21,33.29,0.0,43.1,2.0
2007-05-22,32.01,3.78,52.96,1.63
2007-05-23,30.33,1.55,62.55,1.42
2007-05-24,29.9,1.48,63.07,2.0
2007-05-25,28.37,0.19,66.69,1.61
2007-05-26,29.82,5.5,64.35,1.63
2007-05-27,29.6,1.42,67.53,1.59
2007-05-28,28.76,0.31,64.66,2.67
2007-05-29,29.03,0.4,60.88,1.9
2007-05-30,30.34,0.35,57.93,2.24
2007-05-31,31.44,0.0,53.79,2.25
2007-06-01,32.05,0.0,50.55,2.04
2007-06-02,33.01,0.0,48.04,2.12
2007-06-03,32.21,0.01,48.26,2.94
2007-06-04,33.0,0.0,46.59,1.84
2007-06-05,30.85,0.74,56.15,1.89
2007-06-06,31.23,0.41,53.6,1.35
2007-06-07,29.43,2.1,61.29,2.07
2007-06-08,29.09,24.37,69.42,1.85
2007-06-09,28.66,1.08,70.49,2.04
2007-06-10,29.26,0.1,66.1,2.49
2007-06-11,29.24,1.64,67.28,2.55
2007-06-12,29.03,0.28,65.46,2.66
2007-06-13,29.22,0.23,66.77,2.55
2007-06-14,28.16,0.02,69.85,2.32
2007-06-15,27.71,4.04,72.71,1.86
2007-06-16,27.56,0.21,72.28,3.12
2007-06-17,28.6,0.98,67.22,2.34
2007-06-18,27.98,0.95,69.67,3.26
2007-06-19,27.53,0.61,70.31,3.32
2007-06-20,27.29,1.67,66.15,5.0
2007-06-21,27.44,2.67,65.3,4.07
2007-06-22,27.42,2.53,71.98,4.54
2007-06-23,27.94,2.22,66.83,4.16
2007-06-24,28.86,0.24,63.33,3.56
2007-06-25,28.24,0.0,63.93,3.76
2007-06-26,29.03,0.12,63.65,3.48
2007-06-27,28.39,0.0,59.57,4.52
2007-06-28,28.17,0.27,63.04,4.86
2007-06-29,28.3,0.79,57.3,4.96
2007-06-30,28.16,1.1,61.96,3.78
2007-07-01,28.43,0.64,64.55,3.42
2007-07-02,29.08,2.31,63.37,3.59
2007-07-03,27.95,0.47,66.23,3.52
2007-07-04,27.84,0.1,67.56,3.83
2007-07-05,27.87,0.31,62.86,4.29
2007-07-06,27.59,0.47,61.75,4.99
2007-07-07,28.65,0.21,60.26,4.85
2007-07-08,28.73,0.16,60.59,4.55
2007-07-09,28.53,0.89,63.42,4.0
2007-07-10,28.37,0.77,66.19,4.06
2007-07-11,28.84,0.48,64.57,3.72
2007-07-12,28.58,0.29,65.4,4.19
2007-07-13,28.71,0.2,64.95,4.51
2007-07-14,29.19,0.03,61.37,4.56
2007-07-15,29.41,0.57,59.56,4.72
2007-07-16,28.41,2.52,66.46,4.25
2007-07-17,28.1,1.03,64.81,4.81
2007-07-18,28.64,2.41,64.31,3.02
2007-07-19,26.12,3.47,78.96,1.68
2007-07-20,26.5,5.31,77.98,1.8
2007-07-21,26.48,0.81,74.56,2.32
2007-07-22,27.08,0.21,68.33,2.9
2007-07-23,26.99,11.77,68.24,1.84
2007-07-24,27.12,2.09,74.17,1.6
2007-07-25,27.44,0.17,72.02,1.77
2007-07-26,26.99,0.42,71.98,1.82
2007-07-27,27.51,0.3,71.35,2.19
2007-07-28,27.57,0.64,69.98,2.69
2007-07-29,28.33,2.0,65.22,2.74
2007-07-30,26.95,1.6,70.71,2.38
2007-07-31,26.66,31.37,74.86,2.24
2007-08-01,26.63,1.22,72.12,2.75
2007-08-02,26.53,1.91,72.07,2.61
2007-08-03,27.61,0.02,68.39,2.41
2007-08-04,28.49,0.27,64.52,3.27
2007-08-05,27.76,1.06,63.78,4.49
2007-08-06,26.8,0.55,65.43,4.42
2007-08-07,27.66,0.07,65.39,4.45
2007-08-08,27.78,2.01,67.32,4.06
2007-08-09,27.11,1.41,70.61,4.04
2007-08-10,27.09,0.83,68.03,4.34
2007-08-11,27.83,0.18,60.68,3.82
2007-08-12,27.74,0.18,62.79,3.58
2007-08-13,28.22,0.0,58.95,3.54
2007-08-14,28.09,0.0,60.35,3.18
2007-08-15,28.94,1.37,61.14,1.74
2007-08-16,28.01,13.63,71.76,1.3
2007-08-17,27.75,1.8,74.91,1.59
2007-08-18,28.04,3.97,69.79,2.56
2007-08-19,28.82,0.24,64.27,2.84
2007-08-20,28.63,5.95,64.75,2.91
2007-08-21,26.9,4.28,75.18,2.72
2007-08-22,26.89,0.42,67.64,2.7
2007-08-23,26.8,17.0,73.08,1.92
2007-08-24,26.28,11.24,78.81,2.01
2007-08-25,26.49,0.83,79.02,1.46
2007-08-26,27.14,7.21,75.82,1.87
2007-08-27,27.99,0.14,68.35,2.08
2007-08-28,27.95,1.68,71.23,2.12
2007-08-29,27.11,6.57,74.56,2.8
2007-08-30,26.54,1.39,74.12,2.52
2007-08-31,26.86,0.47,68.95,3.3
2007-09-01,26.93,0.22,68.21,3.29
2007-09-02,27.19,0.18,68.74,2.96
2007-09-03,26.42,0.0,72.68,2.37
2007-09-04,27.74,1.39,67.67,2.13
2007-09-05,27.22,1.7,70.36,3.06
2007-09-06,27.06,0.34,71.78,2.78
2007-09-07,27.72,0.02,69.38,2.37
2007-09-08,26.68,0.13,75.6,1.48
2007-09-09,27.29,8.1,74.03,1.58
2007-09-10,27.51,2.11,72.33,1.66
2007-09-11,27.76,2.3,73.33,1.52
2007-09-12,28.06,1.37,73.18,1.58
2007-09-13,27.11,7.28,77.06,1.03
2007-09-14,26.98,1.35,75.65,1.46
2007-09-15,27.43,1.83,71.93,2.96
2007-09-16,27.99,3.09,70.81,2.78
2007-09-17,27.0,3.35,75.94,2.96
2007-09-18,26.01,1.0,70.25,4.13
2007-09-19,27.1,0.51,67.54,3.82
2007-09-20,27.4,0.26,69.8,3.46
2007-09-21,27.7,0.87,68.9,3.57
2007-09-22,27.81,0.76,69.07,3.47
2007-09-23,27.75,0.6,69.12,3.72
2007-09-24,27.45,0.87,68.6,3.17
2007-09-25,27.56,0.81,70.02,3.47
2007-09-26,27.91,0.27,66.48,2.75
2007-09-27,27.44,2.36,73.26,1.81
2007-09-28,27.11,1.47,73.43,1.93
2007-09-29,28.46,0.05,63.96,2.69
2007-09-30,28.15,0.77,67.24,2.53
2007-10-01,27.27,0.34,69.56,2.88
2007-10-02,26.93,0.27,66.25,2.68
2007-10-03,28.46,0.03,61.87,2.84
2007-10-04,28.61,0.01,62.04,3.31
2007-10-05,28.13,0.0,60.14,2.94
2007-10-06,27.3,0.01,61.79,2.96
2007-10-07,27.5,0.67,63.43,3.19
2007-10-08,27.74,0.01,59.96,3.05
2007-10-09,28.44,0.0,59.97,1.73
2007-10-10,29.51,0.12,56.4,1.07
2007-10-11,27.73,1.72,67.41,1.38
2007-10-12,27.49,0.17,71.74,0.88
2007-10-13,27.12,7.06,74.88,0.94
2007-10-14,26.05,2.08,77.35,0.95
2007-10-15,26.97,2.8,72.14,1.36
2007-10-16,27.22,0.48,71.75,1.35
2007-10-17,26.64,4.34,75.29,1.85
2007-10-18,25.09,6.01,83.5,0.82
2007-10-19,24.93,16.29,86.01,1.32
2007-10-20,25.37,5.66,83.81,1.69
2007-10-21,25.21,12.74,81.94,0.85
2007-10-22,25.28,11.09,82.52,1.48
2007-10-23,23.54,36.64,89.53,2.83
2007-10-24,23.95,22.87,90.5,2.76
2007-10-25,24.52,9.88,90.27,1.96
2007-10-26,24.26,16.6,88.19,1.19
2007-10-27,24.75,5.18,82.9,0.66
2007-10-28,24.52,4.84,85.46,1.75
2007-10-29,24.83,3.56,84.21,1.67
2007-10-30,25.92,3.64,79.49,1.94
2007-10-31,25.7,1.34,80.0,1.14
2007-11-01,25.54,1.41,79.69,1.16
2007-11-02,25.44,2.41,81.06,1.25
2007-11-03,25.07,5.62,85.71,1.63
2007-11-04,24.37,2.82,91.13,1.33
2007-11-05,24.83,0.37,83.52,1.01
2007-11-06,25.14,6.34,82.61,0.93
2007-11-07,25.61,1.02,82.76,0.9
2007-11-08,25.27,1.87,80.79,1.32
2007-11-09,25.0,0.56,79.32,1.09
2007-11-10,24.46,1.26,79.14,1.57
2007-11-11,24.38,0.49,78.66,1.98
2007-11-12,24.6,0.82,78.71,2.09
2007-11-13,24.08,0.33,74.69,1.98
2007-11-14,22.81,0.02,69.56,1.84
2007-11-15,22.58,0.0,63.26,1.39
2007-11-16,22.37,0.0,61.19,1.46
2007-11-17,21.64,0.0,70.59,1.65
2007-11-18,22.73,0.1,72.36,1.62
2007-11-19,24.35,2.58,85.41,1.79
2007-11-20,24.67,23.65,89.57,1.83
2007-11-21,24.41,10.44,86.44,2.35
2007-11-22,24.55,0.63,83.29,2.24
2007-11-23,24.21,0.0,76.55,1.77
2007-11-24,22.31,0.64,73.9,1.85
2007-11-25,20.78,0.01,67.94,1.9
2007-11-26,22.78,0.0,75.84,1.78
2007-11-27,24.94,0.13,77.04,1.68
2007-11-28,24.95,0.76,81.68,2.45
2007-11-29,24.42,2.19,82.63,2.62
2007-11-30,23.6,0.1,75.46,2.75
2007-12-01,23.85,0.0,76.68,2.62
2007-12-02,23.93,0.11,77.76,2.54
2007-12-03,23.77,0.11,82.28,2.61
2007-12-04,23.58,0.09,75.94,2.71
2007-12-05,23.39,1.05,79.83,3.17
2007-12-06,23.22,1.66,83.43,2.94
2007-12-07,23.97,0.47,78.88,2.5
2007-12-08,23.79,1.08,80.24,2.43
2007-12-09,24.23,0.08,78.11,2.24
2007-12-10,24.24,0.0,76.96,2.18
2007-12-11,23.71,0.08,74.3,2.24
2007-12-12,23.41,0.58,76.95,1.91
2007-12-13,22.09,12.03,88.15,2.23
2007-12-14,22.52,16.41,90.68,2.91
2007-12-15,23.87,0.83,83.57,2.77
2007-12-16,24.08,0.24,78.52,3.13
2007-12-17,23.44,9.7,82.26,2.88
2007-12-18,22.45,53.34,90.96,5.03
2007-12-19,23.63,67.59,96.14,2.9
2007-12-20,23.17,18.38,93.97,2.6
2007-12-21,23.3,2.34,91.32,1.87
2007-12-22,23.12,0.0,87.68,1.8
2007-12-23,22.42,0.0,85.18,1.61
2007-12-24,21.21,0.0,76.72,1.17
2007-12-25,20.76,0.0,68.85,1.19
2007-12-26,20.59,0.0,76.72,1.29
2007-12-27,21.83,0.0,84.47,1.31
2007-12-28,22.55,0.0,82.02,1.24
2007-12-29,22.67,0.0,83.0,1.18
2007-12-30,22.78,0.0,84.24,1.42
2007-12-31,22.3,0.0,85.49,1.59
2008-01-01,21.61,0.0,83.3,2.03
2008-01-02,21.03,0.02,81.94,2.03
2008-01-03,21.62,0.16,82.48,2.01
2008-01-04,22.97,3.02,87.75,2.3
2008-01-05,23.75,3.37,86.75,2.92
2008-01-06,21.76,0.03,82.79,2.31
2008-01-07,21.32,0.0,81.92,2.56
2008-01-08,21.6,0.0,82.53,2.44
2008-01-09,21.84,0.0,79.77,1.88
2008-01-10,22.31,0.0,79.72,1.72
2008-01-11,22.22,0.0,81.04,2.11
2008-01-12,21.79,0.0,82.04,2.14
2008-01-13,21.92,0.0,81.48,2.15
2008-01-14,21.89,0.0,80.21,1.8
2008-01-15,21.61,0.0,79.93,1.82
2008-01-16,21.7,0.0,79.84,2.02
2008-01-17,21.47,0.0,77.56,2.13
2008-01-18,20.98,0.0,75.69,1.69
2008-01-19,20.87,0.0,74.94,1.54
2008-01-20,21.49,0.0,74.72,1.56
2008-01-21,23.5,0.0,78.45,2.02
2008-01-22,24.21,0.0,77.34,2.0
2008-01-23,23.26,0.0,75.46,1.72
2008-01-24,23.06,0.0,71.5,1.44
2008-01-25,23.72,0.0,71.7,1.2
2008-01-26,24.92,0.0,68.13,1.29
2008-01-27,25.54,0.0,68.34,1.12
2008-01-28,25.24,0.0,73.81,1.52
2008-01-29,25.57,0.0,73.85,1.27
2008-01-30,26.49,0.0,69.91,0.93
2008-01-31,26.63,0.0,67.55,1.26
2008-02-01,26.28,0.0,68.33,1.56
2008-02-02,26.34,0.0,70.35,1.38
2008-02-03,25.89,0.04,72.16,1.95
2008-02-04,26.2,0.0,70.5,1.97
2008-02-05,26.24,0.0,68.12,2.08
2008-02-06,26.06,0.0,67.73,1.62
2008-02-07,26.6,0.0,71.75,1.93
2008-02-08,26.03,3.64,77.58,1.47
2008-02-09,24.47,12.87,89.2,1.41
2008-02-10,26.44,1.46,79.03,1.7
2008-02-11,25.45,4.36,83.58,1.44
2008-02-12,26.47,2.47,75.05,2.4
2008-02-13,26.54,0.1,72.08,2.06
2008-02-14,26.37,0.05,69.94,2.5
2008-02-15,26.03,0.09,69.86,2.48
2008-02-16,26.26,0.01,71.25,2.4
2008-02-17,26.21,0.0,67.39,2.35
2008-02-18,24.85,0.0,61.09,2.08
2008-02-19,24.13,0.0,63.84,1.54
2008-02-20,24.88,0.0,63.63,1.84
2008-02-21,25.83,0.0,65.06,1.94
2008-02-22,25.97,0.0,63.48,2.24
2008-02-23,25.63,0.0,64.33,1.8
2008-02-24,24.74,0.0,63.58,2.36
2008-02-25,24.71,0.0,59.43,2.0
2008-02-26,24.52,0.0,62.46,2.15
2008-02-27,25.48,0.0,61.81,2.69
2008-02-28,25.16,0.75,61.21,2.74
2008-02-29,25.22,0.24,62.19,2.13
2008-03-01,24.99,2.0,81.27,1.77
2008-03-02,26.61,0.56,70.07,2.01
2008-03-03,25.98,0.23,57.27,2.27
2008-03-04,23.85,0.26,55.26,1.44
2008-03-05,24.99,0.0,57.44,1.92
2008-03-06,25.2,0.06,61.4,2.37
2008-03-07,24.92,0.08,58.5,2.36
2008-03-08,24.85,0.0,56.83,2.38
2008-03-09,26.14,0.02,54.9,2.16
2008-03-10,26.12,2.33,57.59,2.01
2008-03-11,25.01,1.4,71.42,1.65
2008-03-12,23.86,8.92,84.08,2.99
2008-03-13,25.15,7.59,84.08,2.21
2008-03-14,25.63,3.14,82.65,2.03
2008-03-15,24.83,8.24,84.42,1.68
2008-03-16,26.51,2.55,71.11,2.22
2008-03-17,25.33,0.46,76.41,2.05
2008-03-18,25.74,3.26,80.26,1.94
2008-03-19,25.51,4.71,82.5,2.25
2008-03-20,24.09,20.2,89.75,2.65
2008-03-21,24.39,19.46,88.89,3.17
2008-03-22,25.18,20.75,89.61,2.98
2008-03-23,25.87,2.61,84.48,2.13
2008-03-24,27.01,0.07,75.14,1.07
2008-03-25,27.35,0.0,64.31,1.34
2008-03-26,27.28,0.04,68.82,1.53
2008-03-27,28.0,0.13,66.91,1.63
2008-03-28,28.18,0.74,68.44,1.6
2008-03-29,27.43,0.06,71.51,1.26
2008-03-30,26.85,22.39,78.06,1.27
2008-03-31,27.07,4.83,77.49,1.19
2008-04-01,27.82,0.5,71.66,1.32
2008-04-02,27.53,3.67,73.72,1.77
2008-04-03,27.78,0.34,72.27,1.44
2008-04-04,28.04,0.06,68.03,1.77
2008-04-05,27.59,0.07,70.24,2.12
2008-04-06,27.6,0.13,68.88,2.22
2008-04-07,27.17,0.7,71.52,2.14
2008-04-08,25.81,6.8,81.1,1.66
2008-04-09,26.32,1.2,77.51,1.84
2008-04-10,27.25,0.47,71.17,2.07
2008-04-11,27.73,0.0,67.11,1.8
2008-04-12,27.69,0.77,68.42,2.44
2008-04-13,27.23,0.1,74.23,1.79
2008-04-14,28.58,0.12,66.03,2.1
2008-04-15,28.82,0.03,65.36,1.92
2008-04-16,28.98,0.14,63.65,2.01
2008-04-17,28.15,0.15,67.95,1.47
2008-04-18,29.4,0.17,61.51,1.79
2008-04-19,30.12,0.01,56.75,2.17
2008-04-20,29.67,0.0,56.35,1.47
2008-04-21,29.57,0.0,55.67,1.55
2008-04-22,30.49,0.01,54.15,1.67
2008-04-23,30.1,0.0,53.59,1.83
2008-04-24,29.0,0.15,54.99,1.81
2008-04-25,28.43,0.41,61.62,1.71
2008-04-26,28.33,0.35,67.02,1.52
2008-04-27,29.98,0.06,61.27,1.53
2008-04-28,30.54,0.01,60.62,3.61
2008-04-29,29.97,0.46,63.33,2.91
2008-04-30,29.82,0.02,63.0,2.64
2008-05-01,31.0,0.0,59.76,1.78
2008-05-02,31.6,0.0,50.78,2.2
2008-05-03,31.35,0.69,52.19,2.56
2008-05-04,31.15,0.09,58.45,2.2
2008-05-05,31.25,0.05,54.2,3.05
2008-05-06,31.25,0.0,50.45,2.23
2008-05-07,29.79,26.85,64.68,1.61
2008-05-08,28.98,8.82,69.07,1.61
2008-05-09,29.09,0.13,63.19,2.49
2008-05-10,30.02,1.66,62.72,2.77
2008-05-11,28.84,2.22,67.63,2.26
2008-05-12,26.84,1.03,76.05,2.36
2008-05-13,29.58,0.04,60.63,1.75
2008-05-14,30.37,1.63,56.48,2.6
2008-05-15,29.68,0.14,59.32,3.04
2008-05-16,30.11,0.01,56.68,3.15
2008-05-17,30.77,0.0,56.59,3.56
2008-05-18,30.67,0.0,58.24,2.85
2008-05-19,30.42,0.14,59.91,2.52
2008-05-20,30.59,0.13,59.52,2.05
2008-05-21,29.77,0.04,63.07,2.3
2008-05-22,30.03,0.49,60.61,1.76
2008-05-23,29.59,0.02,60.8,1.28
2008-05-24,29.4,0.11,62.9,1.59
2008-05-25,29.73,1.25,60.19,2.11
2008-05-26,28.84,0.53,66.06,1.47
2008-05-27,29.59,0.0,61.93,1.56
2008-05-28,29.69,2.17,62.61,1.22
2008-05-29,28.98,0.76,66.49,1.99
2008-05-30,29.03,8.99,66.53,2.34
2008-05-31,27.3,0.24,73.56,2.22
2008-06-01,29.14,1.12,64.8,1.99
2008-06-02,29.94,0.29,60.01,1.74
2008-06-03,29.79,1.23,60.53,1.8
2008-06-04,29.58,0.85,58.65,3.15
2008-06-05,28.53,0.16,61.79,3.34
2008-06-06,28.13,0.23,64.03,3.59
2008-06-07,25.98,3.83,75.2,2.18
2008-06-08,26.85,1.62,74.33,2.36
2008-06-09,26.61,0.61,74.17,2.15
2008-06-10,27.65,0.08,65.34,2.92
2008-06-11,28.66,0.64,62.7,3.54
2008-06-12,28.17,0.03,64.94,3.0
2008-06-13,28.33,0.01,62.27,3.28
2008-06-14,29.17,0.0,58.24,3.83
2008-06-15,28.82,0.0,58.68,3.87
2008-06-16,28.23,0.19,62.42,3.24
2008-06-17,29.32,0.05,57.6,3.95
2008-06-18,29.11,0.24,58.4,3.5
2008-06-19,29.77,0.0,58.94,3.3
2008-06-20,29.7,0.21,59.99,2.79
2008-06-21,29.73,1.56,58.44,3.37
2008-06-22,29.62,0.96,57.21,3.33
2008-06-23,29.4,0.02,56.24,2.95
2008-06-24,29.8,0.0,54.32,4.19
2008-06-25,29.31,0.01,57.81,3.88
2008-06-26,29.06,0.0,55.83,3.88
2008-06-27,29.96,0.22,57.63,4.07
2008-06-28,29.16,1.0,61.37,3.52
2008-06-29,28.77,0.3,60.0,3.63
2008-06-30,29.22,0.42,59.25,4.13
2008-07-01,27.66,0.77,62.04,3.55
2008-07-02,29.6,0.02,53.92,3.45
2008-07-03,29.77,0.0,54.25,3.09
2008-07-04,30.01,0.0,53.73,2.0
2008-07-05,30.57,0.0,54.43,3.17
2008-07-06,30.19,0.08,56.39,3.85
2008-07-07,28.88,0.01,56.32,5.45
2008-07-08,29.29,0.01,51.36,5.53
2008-07-09,29.44,0.15,52.15,5.19
2008-07-10,29.3,0.15,51.38,4.44
2008-07-11,29.6,0.22,51.14,4.76
2008-07-12,29.77,0.04,53.45,3.73
2008-07-13,30.07,0.0,53.65,2.58
2008-07-14,29.85,0.17,56.95,1.6
2008-07-15,29.9,1.18,58.01,1.32
2008-07-16,29.01,0.13,60.09,3.38
2008-07-17,29.47,0.75,59.18,2.97
2008-07-18,28.26,21.9,69.61,3.24
2008-07-19,27.09,2.27,70.12,3.08
2008-07-20,26.62,77.36,77.75,1.7
2008-07-21,25.43,16.06,86.53,2.04
2008-07-22,25.73,0.29,80.41,1.31
2008-07-23,26.95,0.21,76.07,2.15
2008-07-24,26.74,0.43,73.54,3.21
2008-07-25,26.71,0.09,70.13,4.34
2008-07-26,27.29,0.7,68.57,4.23
2008-07-27,26.45,2.75,70.55,4.37
2008-07-28,26.31,0.69,70.19,4.75
2008-07-29,26.66,0.74,69.61,4.65
2008-07-30,26.28,0.35,68.96,4.4
2008-07-31,26.77,0.66,68.67,4.26
2008-08-01,27.82,0.05,66.26,3.68
2008-08-02,27.3,0.0,70.44,3.04
2008-08-03,27.18,0.49,72.29,2.48
2008-08-04,27.62,0.01,70.0,2.35
2008-08-05,28.32,0.06,66.45,2.93
2008-08-06,28.26,0.0,65.18,3.43
2008-08-07,28.34,0.04,63.13,3.98
2008-08-08,27.77,0.18,64.8,4.82
2008-08-09,27.31,0.11,63.59,4.72
2008-08-10,27.49,0.13,63.57,5.01
2008-08-11,26.8,0.78,64.42,4.16
2008-08-12,26.75,0.93,68.81,3.15
2008-08-13,26.65,0.52,66.33,3.32
2008-08-14,27.0,1.4,71.66,3.02
2008-08-15,27.07,0.42,69.99,2.73
2008-08-16,27.06,5.0,68.25,2.42
2008-08-17,26.91,11.92,73.89,1.92
2008-08-18,26.88,4.06,74.2,1.54
2008-08-19,26.9,0.17,73.95,1.68
2008-08-20,28.43,1.12,66.27,1.64
2008-08-21,27.27,2.94,68.68,3.49
2008-08-22,28.01,0.08,63.39,2.59
2008-08-23,28.2,2.72,64.72,3.14
2008-08-24,27.05,2.09,70.86,1.7
2008-08-25,26.82,3.78,75.15,0.97
2008-08-26,26.63,89.13,78.86,1.34
2008-08-27,26.11,11.26,81.48,0.93
2008-08-28,26.63,0.64,79.41,0.91
2008-08-29,26.79,3.72,79.7,1.24
2008-08-30,25.98,3.31,83.63,0.87
2008-08-31,26.15,2.42,82.78,1.22
2008-09-01,26.61,4.12,81.01,1.37
2008-09-02,27.3,0.2,76.4,1.03
2008-09-03,26.84,1.36,79.69,1.03
2008-09-04,26.88,0.05,79.09,0.91
2008-09-05,26.65,0.61,79.91,1.0
2008-09-06,26.87,9.24,80.04,1.21
2008-09-07,25.71,1.79,81.62,2.14
2008-09-08,25.39,6.17,80.55,2.11
2008-09-09,26.3,0.69,74.88,3.6
2008-09-10,26.35,0.74,74.87,3.59
2008-09-11,26.33,0.83,71.37,3.68
2008-09-12,25.92,0.1,70.24,3.38
2008-09-13,26.49,0.0,75.19,2.66
2008-09-14,27.33,0.52,71.88,2.72
2008-09-15,27.18,0.03,69.77,2.98
2008-09-16,26.75,0.0,71.31,3.52
2008-09-17,26.9,0.0,70.41,2.88
2008-09-18,27.48,0.0,67.06,2.76
2008-09-19,27.75,1.22,66.49,2.37
2008-09-20,27.26,1.04,73.46,1.91
2008-09-21,27.38,0.01,72.33,1.22
2008-09-22,27.86,0.0,69.8,1.87
2008-09-23,28.29,0.0,66.54,1.8
2008-09-24,28.09,0.0,68.6,1.81
2008-09-25,28.34,0.0,65.77,1.9
2008-09-26,27.65,0.0,67.06,2.25
2008-09-27,27.42,7.1,70.48,1.63
2008-09-28,27.36,0.18,64.39,1.94
2008-09-29,27.86,0.0,62.53,1.6
2008-09-30,28.75,0.0,61.52,1.58
2008-10-01,29.02,0.0,60.93,1.88
2008-10-02,28.62,0.02,57.6,1.77
2008-10-03,28.79,0.83,59.76,1.2
2008-10-04,28.81,0.02,62.97,1.05
2008-10-05,28.61,0.01,65.58,0.46
2008-10-06,28.64,0.54,66.3,1.12
2008-10-07,28.86,0.94,66.16,0.99
2008-10-08,28.79,0.38,66.89,1.08
2008-10-09,29.35,0.01,63.71,1.54
2008-10-10,28.56,0.21,67.1,1.62
2008-10-11,27.59,3.07,71.25,1.99
2008-10-12,25.83,6.63,78.89,2.07
2008-10-13,25.46,6.5,83.88,2.12
2008-10-14,25.44,15.68,89.22,2.29
2008-10-15,25.34,8.6,87.67,1.92
2008-10-16,25.85,3.33,82.73,1.62
2008-10-17,26.21,2.39,80.71,2.33
2008-10-18,25.84,3.94,83.83,1.89
2008-10-19,25.75,6.17,83.21,1.58
2008-10-20,25.92,26.87,84.66,1.51
2008-10-21,25.3,27.26,89.78,1.02
2008-10-22,25.59,28.75,88.4,1.81
2008-10-23,25.05,9.24,85.69,1.3
2008-10-24,25.94,2.75,81.16,1.55
2008-10-25,25.76,5.05,82.53,1.3
2008-10-26,25.58,0.12,81.73,1.78
2008-10-27,25.63,0.01,71.92,2.05
2008-10-28,25.14,0.0,70.44,1.35
2008-10-29,24.11,0.0,68.88,1.08
2008-10-30,24.13,0.0,69.73,1.32
2008-10-31,24.26,0.0,65.23,1.23
2008-11-01,24.05,0.0,64.88,1.15
2008-11-02,23.32,0.0,62.58,1.45
2008-11-03,24.41,0.0,56.19,1.17
2008-11-04,24.24,0.0,62.62,1.17
2008-11-05,23.63,0.0,69.04,1.32
2008-11-06,23.88,0.09,71.51,1.36
2008-11-07,24.74,0.02,74.14,1.57
2008-11-08,25.54,0.83,77.17,1.85
2008-11-09,25.88,1.02,75.34,1.78
2008-11-10,25.43,0.6,79.5,1.91
2008-11-11,24.94,0.22,71.64,1.91
2008-11-12,24.36,0.56,68.86,1.77
2008-11-13,24.79,0.36,77.02,1.09
2008-11-14,26.68,0.0,69.05,1.22
2008-11-15,27.09,0.01,64.93,0.95
2008-11-16,26.92,0.01,64.91,1.23
2008-11-17,26.4,0.72,72.56,1.67
2008-11-18,26.68,1.24,76.64,1.83
2008-11-19,25.18,6.88,87.85,1.81
2008-11-20,24.81,6.3,90.3,1.94
2008-11-21,24.88,1.94,84.78,1.79
2008-11-22,23.61,5.75,89.66,2.31
2008-11-23,23.79,23.92,89.36,2.32
2008-11-24,23.52,38.67,90.39,2.52
2008-11-25,23.48,42.09,88.69,3.09
2008-11-26,22.7,49.11,92.45,4.25
2008-11-27,23.18,81.06,91.58,3.02
2008-11-28,24.47,16.93,93.32,2.15
2008-11-29,24.86,1.67,90.7,1.9
2008-11-30,24.28,0.57,92.07,2.38
2008-12-01,24.79,0.41,88.28,1.67
2008-12-02,23.71,0.01,86.44,1.44
2008-12-03,22.28,0.0,84.52,1.21
2008-12-04,21.42,0.0,84.38,1.37
2008-12-05,21.22,0.0,87.14,1.68
2008-12-06,22.16,2.1,86.53,1.93
2008-12-07,23.15,0.41,87.0,2.1
2008-12-08,23.33,6.43,93.12,2.62
2008-12-09,23.46,5.13,95.09,2.4
2008-12-10,23.18,3.59,94.21,1.97
2008-12-11,22.96,0.0,87.0,1.67
2008-12-12,22.3,0.0,86.48,1.56
2008-12-13,23.4,0.91,88.06,2.21
2008-12-14,23.02,5.25,89.41,2.43
2008-12-15,22.85,7.32,90.36,2.62
2008-12-16,22.96,0.6,89.64,2.14
2008-12-17,22.53,0.0,88.1,2.52
2008-12-18,22.2,0.42,87.96,2.63
2008-12-19,22.5,0.02,86.89,2.48
2008-12-20,22.27,0.02,85.2,1.78
2008-12-21,22.26,0.01,85.39,1.68
2008-12-22,20.74,0.0,81.11,1.44
2008-12-23,20.89,0.04,86.15,1.82
2008-12-24,22.35,0.35,88.32,1.89
2008-12-25,22.48,0.1,87.54,2.17
2008-12-26,21.75,0.02,82.74,1.4
2008-12-27,21.07,0.0,81.72,1.46
2008-12-28,20.16,0.0,77.21,1.35
2008-12-29,19.24,0.0,80.53,1.6
2008-12-30,19.85,0.0,82.74,1.61
2008-12-31,19.82,0.0,81.14,1.43
2009-01-01,21.02,0.0,82.16,1.64
2009-01-02,21.41,0.0,81.5,1.71
2009-01-03,21.15,0.0,82.02,1.71
2009-01-04,20.98,0.0,80.16,1.72
2009-01-05,21.07,0.0,79.23,1.68
2009-01-06,20.94,0.21,79.08,1.42
2009-01-07,22.04,1.11,87.16,1.92
2009-01-08,23.5,0.05,82.71,2.16
2009-01-09,21.79,0.0,88.06,1.85
2009-01-10,22.77,0.0,81.64,2.4
2009-01-11,22.55,0.04,82.21,2.3
2009-01-12,21.98,0.01,80.67,2.45
2009-01-13,22.26,0.07,75.08,2.82
2009-01-14,22.3,0.18,76.2,2.92
2009-01-15,21.97,4.08,82.2,3.28
2009-01-16,21.92,0.18,77.62,2.39
2009-01-17,21.99,0.0,78.18,2.33
2009-01-18,21.92,0.0,76.58,2.16
2009-01-19,21.83,0.0,76.84,2.22
2009-01-20,21.36,0.0,76.11,2.09
2009-01-21,21.39,0.0,76.3,1.82
2009-01-22,21.15,0.0,79.03,1.39
2009-01-23,21.64,0.0,78.72,1.56
2009-01-24,22.17,0.0,76.5,1.85
2009-01-25,22.95,0.0,74.24,1.69
2009-01-26,23.5,2.3,80.73,1.66
2009-01-27,25.05,0.47,80.76,1.79
2009-01-28,25.87,0.05,78.14,1.82
2009-01-29,25.11,0.0,73.8,1.7
2009-01-30,23.38,0.0,68.49,1.46
2009-01-31,22.84,0.0,69.2,1.52
2009-02-01,23.03,0.0,70.61,1.34
2009-02-02,23.04,0.0,69.62,1.57
2009-02-03,23.64,0.0,69.9,1.65
2009-02-04,24.26,0.0,69.6,1.55
2009-02-05,23.74,0.0,65.17,1.74
2009-02-06,23.19,0.0,67.94,1.91
2009-02-07,23.63,0.0,70.45,2.08
2009-02-08,23.82,0.0,70.68,2.18
2009-02-09,23.42,0.0,68.3,2.36
2009-02-10,22.95,0.0,66.15,1.82
2009-02-11,23.38,0.0,63.44,1.44
2009-02-12,24.26,0.0,60.31,1.02
2009-02-13,24.93,0.0,58.18,1.29
2009-02-14,24.69,0.0,62.22,1.51
2009-02-15,24.4,0.0,59.02,1.75
2009-02-16,23.84,0.0,61.57,1.73
2009-02-17,24.17,0.0,67.72,2.28
2009-02-18,24.03,0.0,66.48,2.12
2009-02-19,24.48,0.0,66.1,2.47
2009-02-20,25.22,0.0,70.35,2.31
2009-02-21,26.68,0.0,68.75,2.21
2009-02-22,27.33,0.0,65.95,2.37
2009-02-23,27.69,0.0,64.35,1.8
2009-02-24,28.42,0.0,59.79,1.26
2009-02-25,29.0,0.0,54.45,1.58
2009-02-26,28.7,0.0,54.16,1.61
2009-02-27,27.64,0.0,51.6,1.7
2009-02-28,26.87,0.0,48.63,1.58
2009-03-01,27.99,0.0,43.2,1.78
2009-03-02,28.37,0.0,46.98,1.6
2009-03-03,28.33,0.0,47.81,1.54
2009-03-04,28.15,0.0,44.79,1.54
2009-03-05,28.35,0.0,41.37,1.34
2009-03-06,29.07,0.0,36.28,1.87
2009-03-07,28.99,0.0,39.01,2.11
2009-03-08,28.14,0.0,49.15,2.19
2009-03-09,26.04,4.19,65.24,2.64
2009-03-10,24.44,6.67,67.96,3.6
2009-03-11,25.15,2.27,82.21,3.47
2009-03-12,27.0,1.35,70.64,1.18
2009-03-13,26.09,0.93,68.25,1.21
2009-03-14,27.01,1.64,68.83,1.8
2009-03-15,27.44,0.24,65.31,1.12
2009-03-16,28.07,0.02,61.05,1.61
2009-03-17,27.46,0.0,56.5,1.56
2009-03-18,27.85,0.0,51.44,1.65
2009-03-19,28.41,0.0,51.87,1.59
2009-03-20,28.75,0.0,47.78,1.75
2009-03-21,29.79,0.0,44.93,1.98
2009-03-22,29.93,0.37,49.78,2.41
2009-03-23,29.16,0.18,54.64,2.4
2009-03-24,29.25,0.35,55.19,2.15
2009-03-25,29.43,0.01,53.15,2.01
2009-03-26,30.29,0.0,50.15,1.86
2009-03-27,30.93,0.21,49.0,1.63
2009-03-28,31.38,0.01,47.11,2.37
2009-03-29,30.36,0.04,52.16,2.35
2009-03-30,30.25,0.02,49.5,2.38
2009-03-31,30.17,0.0,47.78,2.34
2009-04-01,30.66,0.0,44.28,2.07
2009-04-02,30.4,0.0,49.7,2.31
2009-04-03,30.24,0.0,50.49,2.39
2009-04-04,30.29,0.0,49.88,1.94
2009-04-05,30.83,0.21,53.04,2.13
2009-04-06,31.05,0.23,51.98,2.06
2009-04-07,31.46,0.49,51.47,2.71
2009-04-08,31.11,0.15,53.47,2.33
2009-04-09,30.42,0.46,56.05,2.86
2009-04-10,29.12,6.5,61.79,2.35
2009-04-11,26.1,14.93,71.74,0.81
2009-04-12,28.31,0.69,59.26,1.38
2009-04-13,30.29,0.86,58.45,1.9
2009-04-14,30.82,0.37,54.66,2.41
2009-04-15,32.09,0.01,53.71,1.67
2009-04-16,30.84,0.0,56.35,1.81
2009-04-17,30.57,0.0,57.61,1.39
2009-04-18,31.49,0.0,54.04,1.99
2009-04-19,31.65,0.35,53.99,1.67
2009-04-20,30.16,0.93,61.99,1.59
2009-04-21,30.26,0.08,59.54,1.58
2009-04-22,31.15,0.04,53.74,1.48
2009-04-23,32.18,0.0,49.9,1.41
2009-04-24,32.31,0.01,49.8,1.71
2009-04-25,32.94,0.01,46.8,1.8
2009-04-26,32.4,0.0,52.38,2.5
2009-04-27,31.9,0.0,52.98,2.23
2009-04-28,32.56,0.0,48.16,2.4
2009-04-29,32.71,0.0,47.15,1.8
2009-04-30,32.69,0.04,48.43,1.88
2009-05-01,33.4,0.0,47.36,1.98
2009-05-02,33.88,0.0,45.37,1.64
2009-05-03,33.48,0.0,46.95,1.7
2009-05-04,32.89,1.01,47.79,1.46
2009-05-05,32.97,0.05,45.72,1.34
2009-05-06,32.57,0.0,46.08,2.26
2009-05-07,32.96,0.0,45.25,1.59
2009-05-08,32.7,2.68,49.19,1.37
2009-05-09,30.11,0.54,59.91,2.81
2009-05-10,32.26,0.01,51.55,2.43
2009-05-11,33.43,0.0,46.61,2.3
2009-05-12,33.43,0.54,47.92,1.98
2009-05-13,32.48,0.04,50.48,2.91
2009-05-14,32.99,0.0,48.46,2.58
2009-05-15,28.72,9.22,67.96,2.48
2009-05-16,29.31,1.46,61.6,1.88
2009-05-17,30.4,0.06,60.12,1.18
2009-05-18,29.8,2.23,62.8,2.29
2009-05-19,27.83,3.5,72.55,2.05
2009-05-20,28.04,2.55,64.85,3.69
2009-05-21,27.31,0.19,71.65,1.8
2009-05-22,29.27,0.32,64.32,2.76
2009-05-23,30.31,0.64,59.85,2.69
2009-05-24,28.77,1.47,63.25,3.99
2009-05-25,28.82,1.39,62.45,3.69
2009-05-26,29.19,0.67,64.71,2.98
2009-05-27,30.18,0.03,56.81,3.1
2009-05-28,30.94,0.01,56.67,2.31
2009-05-29,30.95,0.25,56.71,3.43
2009-05-30,29.62,2.47,64.17,2.66
2009-05-31,29.74,0.35,61.52,1.65
2009-06-01,30.56,0.06,55.6,3.28
2009-06-02,31.01,0.01,52.78,4.19
2009-06-03,31.54,0.01,51.88,4.91
2009-06-04,31.37,0.0,52.27,5.4
2009-06-05,30.68,0.57,54.98,5.35
2009-06-06,28.38,1.65,58.59,5.6
2009-06-07,28.23,0.57,56.18,5.75
2009-06-08,29.46,0.15,58.08,4.9
2009-06-09,30.68,0.06,53.42,4.37
2009-06-10,30.66,0.09,57.39,3.55
2009-06-11,29.04,3.08,60.4,2.36
2009-06-12,30.03,0.72,59.14,2.9
2009-06-13,29.76,0.03,56.17,3.31
2009-06-14,30.51,0.0,54.33,3.39
2009-06-15,29.79,0.1,55.42,3.69
2009-06-16,29.87,0.11,56.29,4.19
2009-06-17,29.47,0.22,58.65,4.33
2009-06-18,28.57,8.74,66.84,2.24
2009-06-19,27.23,0.64,74.59,1.4
2009-06-20,28.41,0.19,66.5,2.34
2009-06-21,28.54,0.16,63.8,2.71
2009-06-22,27.82,0.28,67.98,2.54
2009-06-23,28.87,0.19,60.71,3.63
2009-06-24,29.11,0.14,56.42,4.7
2009-06-25,28.74,0.42,55.28,5.06
2009-06-26,27.49,0.15,61.35,4.92
2009-06-27,28.3,0.07,54.79,4.4
2009-06-28,29.76,0.12,51.1,4.72
2009-06-29,29.73,2.36,57.25,4.17
2009-06-30,29.22,1.37,59.32,4.73
2009-07-01,27.7,0.62,62.83,4.46
2009-07-02,27.96,0.96,62.61,4.53
2009-07-03,27.78,0.3,62.97,4.5
2009-07-04,27.57,0.39,65.67,4.58
2009-07-05,27.64,1.21,63.02,4.82
2009-07-06,27.97,0.25,62.99,4.27
2009-07-07,27.65,0.08,62.08,4.07
2009-07-08,28.5,1.27,58.3,4.53
2009-07-09,28.09,0.63,59.2,4.12
2009-07-10,28.93,0.01,54.11,3.71
2009-07-11,28.89,0.0,60.13,3.46
2009-07-12,28.72,0.18,59.14,4.46
2009-07-13,28.98,0.36,59.6,5.43
2009-07-14,27.95,0.08,61.58,5.62
2009-07-15,27.45,1.25,60.03,5.15
2009-07-16,28.33,2.44,58.96,4.57
2009-07-17,27.31,2.57,69.96,3.78
2009-07-18,27.74,0.18,63.22,5.34
2009-07-19,27.5,0.05,63.24,5.29
2009-07-20,28.72,0.07,59.24,5.33
2009-07-21,28.93,0.0,55.03,5.84
2009-07-22,28.88,0.01,55.31,5.46
2009-07-23,29.23,0.06,54.12,4.75
2009-07-24,29.68,0.0,51.21,3.65
2009-07-25,30.77,0.0,53.45,3.65
2009-07-26,29.53,0.0,55.42,3.9
2009-07-27,29.77,0.13,57.48,4.5
2009-07-28,29.82,0.15,57.21,4.35
2009-07-29,29.24,1.94,60.77,3.67
2009-07-30,29.25,0.36,56.8,3.95
2009-07-31,28.71,3.9,62.11,3.7
2009-08-01,27.85,0.2,61.58,4.7
2009-08-02,28.36,0.0,59.95,4.5
2009-08-03,29.6,0.0,59.3,4.54
2009-08-04,29.52,0.07,58.78,5.01
2009-08-05,28.95,0.04,59.66,4.76
2009-08-06,30.08,0.02,57.45,4.43
2009-08-07,29.87,0.0,56.11,4.57
2009-08-08,29.65,0.01,57.75,4.12
2009-08-09,30.26,0.0,56.64,4.26
2009-08-10,30.01,0.6,58.38,4.69
2009-08-11,30.34,0.58,57.9,3.79
2009-08-12,30.31,0.63,56.6,3.64
2009-08-13,28.75,20.19,65.78,2.78
2009-08-14,27.35,2.61,73.59,2.22
2009-08-15,27.62,0.04,64.8,2.68
2009-08-16,27.73,15.52,66.72,2.25
2009-08-17,25.53,5.13,77.17,2.4
2009-08-18,27.7,1.09,68.12,1.94
2009-08-19,27.7,0.07,67.87,2.0
2009-08-20,26.34,2.3,76.99,1.4
2009-08-21,27.05,0.87,70.68,2.76
2009-08-22,27.84,0.12,63.09,2.29
2009-08-23,27.87,5.51,66.46,2.52
2009-08-24,27.95,0.12,65.38,4.03
2009-08-25,28.22,0.07,62.75,3.45
2009-08-26,27.38,0.29,65.57,3.85
2009-08-27,27.76,0.06,62.0,3.53
2009-08-28,28.91,0.02,61.43,3.47
2009-08-29,29.02,0.1,61.01,3.75
2009-08-30,28.88,0.19,62.16,3.04
2009-08-31,27.62,0.79,67.33,2.73
2009-09-01,27.87,1.32,68.28,3.17
2009-09-02,27.72,0.62,64.29,3.8
2009-09-03,28.23,0.15,62.71,4.12
2009-09-04,27.68,0.32,63.83,5.26
2009-09-05,27.82,0.13,63.77,5.77
2009-09-06,28.34,1.18,63.3,5.16
2009-09-07,28.74,0.01,62.96,4.33
2009-09-08,29.5,0.0,59.27,3.9
2009-09-09,29.39,0.03,59.05,3.03
2009-09-10,29.47,0.0,57.24,2.49
2009-09-11,30.6,0.01,53.31,2.07
2009-09-12,30.74,1.66,57.61,1.91
2009-09-13,30.56,1.1,59.26,1.12
2009-09-14,30.02,0.17,58.52,2.56
2009-09-15,29.84,3.19,56.73,2.19
2009-09-16,27.85,16.82,72.58,2.98
2009-09-17,26.94,7.77,78.25,1.82
2009-09-18,28.03,9.57,71.11,1.42
2009-09-19,27.53,0.57,69.87,1.55
2009-09-20,28.34,1.47,66.54,1.26
2009-09-21,28.77,0.16,67.96,1.23
2009-09-22,27.9,1.41,69.95,1.49
2009-09-23,28.35,1.15,68.81,1.41
2009-09-24,27.45,0.05,71.71,2.2
2009-09-25,28.14,6.38,64.94,2.96
2009-09-26,27.3,4.96,68.42,3.6
2009-09-27,27.56,1.02,71.3,2.79
2009-09-28,28.44,0.34,68.65,2.9
2009-09-29,28.06,0.02,65.5,3.66
2009-09-30,27.46,0.06,67.49,3.86
2009-10-01,27.37,0.56,65.19,4.5
2009-10-02,27.19,0.62,68.1,3.93
2009-10-03,28.01,0.67,62.12,4.8
2009-10-04,28.31,0.01,61.74,4.03
2009-10-05,28.29,0.0,62.36,3.66
2009-10-06,28.43,0.01,61.23,2.99
2009-10-07,28.95,0.0,59.47,2.68
2009-10-08,28.38,4.01,65.18,2.32
2009-10-09,29.31,0.02,63.07,1.13
2009-10-10,28.87,6.19,66.51,1.58
2009-10-11,28.82,1.86,68.51,1.02
2009-10-12,28.24,2.44,68.08,2.04
2009-10-13,27.31,0.21,70.59,1.38
2009-10-14,28.46,0.01,65.08,1.24
2009-10-15,28.74,0.0,62.64,1.46
2009-10-16,29.3,0.0,55.67,1.34
2009-10-17,29.72,0.0,55.72,1.23
2009-10-18,30.22,0.24,54.37,1.71
2009-10-19,30.02,0.09,54.3,1.79
2009-10-20,30.05,0.0,53.43,1.84
2009-10-21,30.14,0.0,49.02,1.97
2009-10-22,29.51,0.0,49.38,2.21
2009-10-23,28.97,0.0,47.5,1.89
2009-10-24,28.85,0.0,50.41,1.3
2009-10-25,29.56,0.02,50.96,1.5
2009-10-26,29.57,0.04,51.32,2.25
2009-10-27,29.69,0.34,56.73,2.08
2009-10-28,27.69,4.83,69.04,2.72
2009-10-29,25.98,11.79,80.15,2.73
2009-10-30,26.51,5.37,70.42,2.49
2009-10-31,26.14,9.37,78.71,2.27
2009-11-01,26.34,5.71,77.0,2.29
2009-11-02,26.95,2.82,73.03,3.26
2009-11-03,26.46,4.76,76.94,2.72
2009-11-04,24.87,24.26,88.64,2.62
2009-11-05,25.32,13.68,83.9,2.35
2009-11-06,24.53,9.39,88.56,1.8
2009-11-07,24.7,26.71,89.13,2.74
2009-11-08,24.58,33.72,93.98,3.83
2009-11-09,24.62,22.98,91.0,3.5
2009-11-10,25.35,6.92,83.08,1.82
2009-11-11,25.55,4.87,78.43,0.91
2009-11-12,25.94,1.11,82.03,0.71
2009-11-13,24.95,2.21,88.52,1.44
2009-11-14,24.0,34.43,91.39,1.51
2009-11-15,23.67,12.15,93.4,1.9
2009-11-16,24.86,2.46,89.88,1.52
2009-11-17,25.75,14.37,86.67,1.06
2009-11-18,25.32,4.04,83.24,0.86
2009-11-19,25.55,3.78,84.8,0.9
2009-11-20,25.12,2.11,88.17,1.36
2009-11-21,24.46,7.14,88.78,0.83
2009-11-22,23.93,11.82,91.79,1.28
2009-11-23,24.5,2.2,88.49,1.55
2009-11-24,25.14,0.14,83.9,1.03
2009-11-25,24.87,0.84,86.47,1.32
2009-11-26,24.0,0.1,84.41,1.55
2009-11-27,22.87,0.0,80.54,1.58
2009-11-28,22.91,0.84,84.58,1.85
2009-11-29,23.4,1.1,86.46,1.9
2009-11-30,23.71,1.34,85.89,1.95
2009-12-01,22.76,4.57,92.59,1.81
2009-12-02,23.77,4.62,90.41,1.95
2009-12-03,24.71,1.03,87.12,1.39
2009-12-04,24.94,0.1,85.8,1.29
2009-12-05,24.11,0.0,81.99,2.15
2009-12-06,21.7,0.0,79.95,1.62
2009-12-07,21.67,0.0,81.2,1.63
2009-12-08,22.86,0.0,82.42,1.65
2009-12-09,23.32,0.01,82.65,2.17
2009-12-10,22.22,0.0,80.08,2.46
2009-12-11,22.87,0.09,80.38,2.38
2009-12-12,23.74,10.66,85.21,2.63
2009-12-13,24.64,6.76,87.69,2.09
2009-12-14,24.29,3.59,87.03,2.86
2009-12-15,23.9,7.78,90.88,2.49
2009-12-16,24.29,4.58,86.68,1.78
2009-12-17,23.69,2.84,88.35,1.87
2009-12-18,23.58,0.18,86.13,1.85
2009-12-19,24.19,0.36,86.17,2.01
2009-12-20,24.43,0.69,85.02,2.43
2009-12-21,24.13,4.13,89.38,3.04
2009-12-22,24.05,4.24,88.51,2.51
2009-12-23,23.44,2.14,87.83,2.83
2009-12-24,23.32,0.48,85.22,2.41
2009-12-25,22.94,0.01,81.95,1.89
2009-12-26,23.39,0.0,82.23,1.98
2009-12-27,22.5,0.16,85.5,1.51
2009-12-28,22.33,0.01,86.68,1.46
2009-12-29,23.19,0.0,80.15,1.7
2009-12-30,23.42,0.0,81.16,1.7
2009-12-31,23.86,0.0,80.16,1.39
2010-01-01,23.83,0.0,79.93,2.05
2010-01-02,23.2,0.0,78.64,2.16
2010-01-03,22.56,0.01,78.53,1.95
2010-01-04,22.52,0.0,76.52,1.59
2010-01-05,22.28,0.0,75.57,1.54
2010-01-06,22.54,0.0,78.35,2.0
2010-01-07,23.41,0.14,77.92,2.02
2010-01-08,23.27,0.79,83.28,1.58
2010-01-09,24.25,2.03,86.15,1.97
2010-01-10,24.65,3.34,83.62,1.7
2010-01-11,25.43,0.49,79.08,1.79
2010-01-12,25.96,0.06,78.49,1.49
2010-01-13,25.98,0.12,79.42,1.94
2010-01-14,25.8,0.01,77.71,2.23
2010-01-15,24.54,0.0,75.74,2.45
2010-01-16,23.95,0.0,77.9,2.4
2010-01-17,24.04,0.0,75.57,2.34
2010-01-18,24.3,0.0,75.26,1.97
2010-01-19,24.86,0.0,75.15,2.21
2010-01-20,24.54,0.01,73.85,2.18
2010-01-21,23.36,0.0,69.0,2.27
2010-01-22,22.44,0.0,67.78,2.18
2010-01-23,22.36,0.0,70.72,2.22
2010-01-24,23.02,0.02,70.47,2.12
2010-01-25,24.09,0.0,73.1,2.05
2010-01-26,24.69,0.01,72.61,2.39
2010-01-27,25.3,0.01,71.74,2.27
2010-01-28,25.15,0.0,72.77,2.8
2010-01-29,24.63,0.0,71.05,2.57
2010-01-30,24.42,0.0,68.52,2.16
2010-01-31,24.44,0.0,70.28,2.09
2010-02-01,23.31,0.0,71.27,1.73
2010-02-02,23.84,0.0,67.15,2.3
2010-02-03,23.74,0.0,65.78,2.47
2010-02-04,23.84,0.0,66.75,2.17
2010-02-05,23.62,0.0,68.45,2.32
2010-02-06,23.2,0.0,68.7,2.45
2010-02-07,23.96,0.0,69.35,2.45
2010-02-08,24.24,0.0,64.34,2.25
2010-02-09,24.38,0.0,63.68,1.95
2010-02-10,25.17,0.0,65.6,1.75
2010-02-11,26.21,0.01,63.98,1.96
2010-02-12,26.8,0.0,64.84,2.11
2010-02-13,27.07,0.01,64.54,1.93
2010-02-14,26.66,0.0,62.75,1.75
2010-02-15,24.69,0.0,71.75,1.54
2010-02-16,25.99,0.0,64.3,1.69
2010-02-17,26.88,0.0,65.83,1.9
2010-02-18,26.34,0.0,60.7,1.17
2010-02-19,26.32,0.0,60.07,1.61
2010-02-20,26.87,0.0,61.25,1.61
2010-02-21,27.78,0.0,61.84,1.97
2010-02-22,28.17,0.0,58.38,1.96
2010-02-23,28.45,0.0,58.23,1.65
2010-02-24,29.14,0.0,52.67,2.14
2010-02-25,29.09,0.0,53.13,2.35
2010-02-26,29.35,0.0,50.61,2.07
2010-02-27,29.4,0.0,50.09,2.05
2010-02-28,28.81,0.0,48.38,2.02
2010-03-01,27.91,0.0,48.15,1.95
2010-03-02,27.58,0.0,47.48,2.05
2010-03-03,27.69,0.0,40.01,2.04
2010-03-04,28.97,0.0,38.78,1.86
2010-03-05,29.92,0.0,42.17,1.71
2010-03-06,30.66,0.0,51.15,1.77
2010-03-07,31.64,0.0,49.51,2.48
2010-03-08,30.49,0.0,50.82,2.37
2010-03-09,29.64,0.0,54.01,2.31
2010-03-10,29.5,0.0,55.7,2.5
2010-03-11,29.47,0.0,57.29,3.08
2010-03-12,29.34,0.0,55.87,3.1
2010-03-13,29.42,0.0,54.79,2.37
2010-03-14,30.6,0.0,46.97,2.13
2010-03-15,31.01,0.0,40.87,2.26
2010-03-16,29.92,0.0,45.75,2.0
2010-03-17,29.58,0.01,50.7,2.55
2010-03-18,28.7,0.0,56.16,2.62
2010-03-19,29.4,0.0,51.52,2.33
2010-03-20,30.34,0.0,47.13,2.02
2010-03-21,30.37,0.0,40.23,1.97
2010-03-22,30.26,0.0,41.6,1.67
2010-03-23,30.81,0.0,45.09,2.21
2010-03-24,31.2,0.0,44.01,1.9
2010-03-25,30.99,0.0,52.16,2.38
2010-03-26,31.85,0.04,49.88,2.05
2010-03-27,31.95,0.11,51.52,1.83
2010-03-28,31.41,0.02,52.54,2.33
2010-03-29,32.39,0.01,50.34,2.45
2010-03-30,33.16,0.18,47.83,1.77
2010-03-31,32.7,1.6,49.11,1.69
2010-04-01,33.28,0.04,46.37,2.1
2010-04-02,33.84,0.0,43.47,2.37
2010-04-03,32.24,0.0,51.63,2.86
2010-04-04,31.65,0.0,52.28,2.76
2010-04-05,31.23,0.19,53.57,2.21
2010-04-06,31.64,0.0,44.04,1.82
2010-04-07,31.74,0.02,47.98,2.78
2010-04-08,30.49,0.76,54.99,2.59
2010-04-09,31.3,0.01,52.35,2.04
2010-04-10,31.77,0.0,44.63,1.26
2010-04-11,32.28,0.0,47.34,2.18
2010-04-12,33.46,0.0,47.59,1.72
2010-04-13,33.97,0.02,45.25,1.7
2010-04-14,33.24,0.0,46.61,0.99
2010-04-15,32.1,0.0,52.25,1.76
2010-04-16,32.23,0.0,52.53,2.57
2010-04-17,32.5,0.26,49.78,2.38
2010-04-18,33.34,1.99,45.79,2.14
2010-04-19,32.74,0.42,49.58,1.69
2010-04-20,32.78,0.42,49.4,1.65
2010-04-21,32.85,0.25,49.97,1.39
2010-04-22,33.56,0.03,46.63,2.57
2010-04-23,33.04,0.03,52.77,2.69
2010-04-24,32.45,0.03,49.9,0.91
2010-04-25,32.38,0.38,48.74,1.3
2010-04-26,31.22,1.04,55.14,2.46
2010-04-27,30.92,1.38,52.03,2.16
2010-04-28,32.61,0.12,47.24,2.32
2010-04-29,31.4,0.01,56.28,2.84
2010-04-30,29.19,18.01,69.24,2.47
2010-05-01,29.15,2.43,66.8,1.21
2010-05-02,29.43,16.13,69.85,0.86
2010-05-03,28.61,6.12,76.34,0.8
2010-05-04,28.78,10.79,76.52,1.14
2010-05-05,30.03,1.65,69.74,1.29
2010-05-06,31.65,1.24,61.2,1.59
2010-05-07,31.58,0.16,63.59,1.37
2010-05-08,30.6,0.02,65.48,1.05
2010-05-09,30.23,0.01,65.41,0.86
2010-05-10,31.68,0.0,55.78,1.72
2010-05-11,32.06,0.0,57.24,1.63
2010-05-12,32.25,0.0,58.76,1.48
2010-05-13,32.36,0.0,58.89,1.43
2010-05-14,31.2,0.0,61.9,1.61
2010-05-15,30.75,0.2,57.92,1.67
2010-05-16,31.51,0.15,58.77,1.38
2010-05-17,31.14,7.91,63.46,2.16
2010-05-18,29.25,13.87,72.47,2.74
2010-05-19,27.83,1.43,72.61,3.45
2010-05-20,30.02,0.2,65.26,4.44
2010-05-21,30.16,0.11,60.73,3.78
2010-05-22,30.14,0.0,61.26,2.26
2010-05-23,30.36,0.72,63.12,2.18
2010-05-24,30.18,0.02,65.4,2.24
2010-05-25,30.05,0.04,60.07,3.65
2010-05-26,31.12,0.0,54.32,3.98
2010-05-27,31.67,0.09,57.18,3.69
2010-05-28,30.26,15.68,65.51,3.45
2010-05-29,30.09,0.7,64.43,3.88
2010-05-30,30.28,0.6,60.47,3.56
2010-05-31,28.99,0.04,60.92,3.87
2010-06-01,30.13,0.0,59.45,3.04
2010-06-02,32.06,0.59,56.86,2.34
2010-06-03,31.19,0.1,58.82,2.54
2010-06-04,30.02,25.77,69.66,1.59
2010-06-05,27.99,3.22,73.36,3.23
2010-06-06,28.65,1.36,63.31,4.09
2010-06-07,27.5,0.22,67.52,3.44
2010-06-08,28.33,0.0,63.93,3.73
2010-06-09,29.14,5.08,67.56,2.9
2010-06-10,27.44,1.07,77.59,2.3
2010-06-11,26.95,0.89,76.62,3.21
2010-06-12,28.12,1.16,68.79,3.67
2010-06-13,27.3,0.25,76.48,3.14
2010-06-14,28.37,0.05,65.2,3.54
2010-06-15,29.29,0.17,60.45,3.44
2010-06-16,28.09,1.42,69.36,1.08
2010-06-17,28.28,5.89,68.1,2.53
2010-06-18,27.32,6.33,70.92,1.87
2010-06-19,28.57,3.64,63.24,2.51
2010-06-20,28.33,0.35,66.71,1.67
2010-06-21,29.43,4.37,63.42,1.85
2010-06-22,28.04,3.1,69.88,2.47
2010-06-23,28.01,1.94,68.06,4.11
2010-06-24,27.42,0.04,63.7,4.58
2010-06-25,27.81,0.04,60.66,5.26
2010-06-26,28.7,0.04,61.17,4.97
2010-06-27,29.34,0.03,60.53,4.1
2010-06-28,28.66,3.37,68.11,3.54
2010-06-29,28.76,0.3,66.18,3.51
2010-06-30,28.84,0.01,59.68,4.47
2010-07-01,26.57,0.04,60.81,4.02
2010-07-02,27.9,0.03,57.87,4.28
2010-07-03,28.04,0.29,60.15,4.66
2010-07-04,27.8,0.24,65.35,3.08
2010-07-05,27.85,0.15,62.44,4.46
2010-07-06,27.04,0.16,63.74,3.83
2010-07-07,27.19,3.16,67.53,2.61
2010-07-08,26.94,7.83,70.29,1.53
2010-07-09,26.97,2.36,72.73,1.58
2010-07-10,28.27,1.32,67.4,1.57
2010-07-11,29.46,0.04,62.78,1.87
2010-07-12,28.96,1.19,63.87,1.91
2010-07-13,26.98,12.82,74.56,1.75
2010-07-14,27.31,4.38,70.98,2.89
2010-07-15,27.69,5.51,70.12,3.02
2010-07-16,26.69,0.42,71.96,4.1
2010-07-17,26.79,2.15,66.91,4.45
2010-07-18,27.04,1.39,71.21,3.65
2010-07-19,27.05,0.51,68.58,4.12
2010-07-20,27.15,0.07,67.11,4.86
2010-07-21,27.93,0.63,66.69,3.68
2010-07-22,27.32,0.01,67.86,3.58
2010-07-23,28.31,0.02,60.57,3.78
2010-07-24,27.21,0.0,62.67,4.51
2010-07-25,27.17,0.02,62.06,4.45
2010-07-26,28.0,0.34,60.27,4.57
2010-07-27,27.8,0.09,65.7,4.14
2010-07-28,27.91,0.05,60.6,4.89
2010-07-29,28.12,0.31,61.53,4.97
2010-07-30,28.08,0.04,60.9,4.59
2010-07-31,27.9,0.0,62.19,4.42
2010-08-01,29.3,0.0,59.68,3.76
2010-08-02,29.31,0.02,58.53,4.02
2010-08-03,28.12,0.13,59.29,4.7
2010-08-04,28.49,0.02,61.09,4.7
2010-08-05,28.11,0.69,65.59,3.18
2010-08-06,28.74,0.03,61.5,4.3
2010-08-07,28.91,0.09,61.79,3.43
2010-08-08,29.08,1.66,62.8,3.55
2010-08-09,29.42,4.26,62.99,3.71
2010-08-10,29.28,0.23,61.89,3.81
2010-08-11,29.56,0.08,59.68,4.17
2010-08-12,28.57,0.83,66.24,2.62
2010-08-13,28.41,6.04,68.39,2.2
2010-08-14,27.22,6.62,74.61,2.3
2010-08-15,26.57,4.14,80.35,1.8
2010-08-16,26.7,7.05,75.05,2.75
2010-08-17,27.99,0.13,65.08,3.51
2010-08-18,27.82,0.01,62.56,3.97
2010-08-19,28.11,1.16,64.91,2.76
2010-08-20,26.15,11.08,77.25,1.67
2010-08-21,25.45,9.3,78.68,1.98
2010-08-22,26.01,0.8,76.81,2.83
2010-08-23,27.19,1.81,71.19,2.6
2010-08-24,26.66,1.02,75.01,3.45
2010-08-25,26.88,0.09,70.54,3.56
2010-08-26,27.77,0.04,65.74,3.56
2010-08-27,28.03,0.19,65.97,3.09
2010-08-28,27.83,2.85,71.82,2.13
2010-08-29,27.39,4.26,75.39,2.7
2010-08-30,26.05,1.92,72.43,3.59
2010-08-31,26.45,1.59,66.08,3.38
2010-09-01,26.53,0.0,67.69,3.1
2010-09-02,28.12,0.26,64.44,3.1
2010-09-03,28.5,2.52,65.82,3.0
2010-09-04,28.15,0.02,64.21,3.11
2010-09-05,28.57,0.0,62.38,2.88
2010-09-06,27.93,0.0,62.66,3.12
2010-09-07,28.0,0.03,64.27,3.37
2010-09-08,27.53,0.05,65.75,3.45
2010-09-09,27.67,6.45,68.19,2.34
2010-09-10,26.98,11.27,75.23,2.1
2010-09-11,27.7,2.77,65.14,2.89
2010-09-12,27.76,5.88,68.78,1.82
2010-09-13,26.35,13.44,72.24,3.11
2010-09-14,27.61,0.45,64.82,3.3
2010-09-15,27.47,3.36,68.58,2.89
2010-09-16,26.99,4.24,68.99,3.02
2010-09-17,28.58,0.06,64.15,3.3
2010-09-18,27.08,3.73,68.23,3.03
2010-09-19,28.29,0.33,63.19,2.04
2010-09-20,27.8,0.47,65.75,1.47
2010-09-21,27.48,0.97,71.45,1.15
2010-09-22,26.25,7.01,80.36,0.88
2010-09-23,26.59,3.22,78.33,1.04
2010-09-24,27.44,13.68,73.66,1.05
2010-09-25,27.4,0.27,71.01,1.12
2010-09-26,26.72,12.57,75.98,1.57
2010-09-27,26.63,4.34,78.27,2.28
2010-09-28,26.22,5.47,80.91,2.04
2010-09-29,25.82,4.73,81.06,1.81
2010-09-30,26.45,2.53,75.64,1.46
2010-10-01,27.0,1.71,74.69,1.68
2010-10-02,26.69,7.56,77.33,1.74
2010-10-03,26.0,8.47,81.77,1.03
2010-10-04,27.08,4.58,77.51,1.1
2010-10-05,26.42,2.37,83.54,1.03
2010-10-06,26.73,1.48,77.95,2.7
2010-10-07,27.09,1.53,77.49,2.23
2010-10-08,26.55,11.52,81.21,1.65
2010-10-09,27.18,0.99,75.43,1.99
2010-10-10,27.46,0.05,71.28,1.87
2010-10-11,27.21,0.0,71.68,1.77
2010-10-12,27.4,0.0,68.93,2.11
2010-10-13,27.6,0.56,70.51,2.43
2010-10-14,26.72,1.1,74.53,2.46
2010-10-15,27.15,0.39,72.21,3.14
2010-10-16,27.33,0.05,67.15,3.51
2010-10-17,27.2,0.1,68.1,2.64
2010-10-18,27.78,10.25,70.48,2.12
2010-10-19,27.53,10.48,74.45,1.66
2010-10-20,26.07,1.41,80.07,2.1
2010-10-21,27.32,11.27,75.41,1.6
2010-10-22,26.7,1.29,77.7,2.18
2010-10-23,27.5,0.75,71.22,1.96
2010-10-24,28.07,0.02,67.81,1.92
2010-10-25,28.53,0.19,68.11,1.61
2010-10-26,27.53,6.66,75.57,1.12
2010-10-27,26.62,10.8,82.35,0.55
2010-10-28,25.58,16.19,83.39,0.78
2010-10-29,25.36,10.25,82.61,1.3
2010-10-30,25.16,4.28,83.04,1.01
2010-10-31,25.16,12.55,85.4,0.78
2010-11-01,25.28,20.55,82.61,0.96
2010-11-02,25.82,0.3,80.6,0.8
2010-11-03,26.07,11.69,82.97,0.69
2010-11-04,25.48,10.06,87.83,1.48
2010-11-05,25.66,26.52,84.59,0.79
2010-11-06,24.18,8.75,86.1,1.58
2010-11-07,23.75,2.94,87.72,2.28
2010-11-08,25.43,0.5,83.55,1.34
2010-11-09,25.93,5.99,85.1,0.64
2010-11-10,25.6,14.74,86.74,1.04
2010-11-11,24.91,16.88,87.49,1.33
2010-11-12,25.18,8.95,82.27,1.16
2010-11-13,25.5,1.38,85.99,1.23
2010-11-14,25.09,0.09,85.34,1.45
2010-11-15,25.01,0.71,86.34,1.09
2010-11-16,24.69,17.72,88.44,1.25
2010-11-17,24.58,9.12,89.1,2.09
2010-11-18,24.54,4.34,88.35,1.84
2010-11-19,24.23,3.69,86.79,1.44
2010-11-20,24.18,23.62,89.15,1.13
2010-11-21,24.07,7.37,85.29,0.59
2010-11-22,23.74,32.13,86.82,1.35
2010-11-23,24.32,4.28,86.79,0.78
2010-11-24,24.04,12.14,90.48,1.51
2010-11-25,23.53,13.73,92.92,2.36
2010-11-26,23.01,18.48,92.93,2.04
2010-11-27,22.25,9.4,91.91,1.57
2010-11-28,23.01,36.14,93.85,2.0
2010-11-29,23.6,2.72,90.5,2.0
2010-11-30,23.78,9.56,90.64,1.99
2010-12-01,23.78,12.33,95.17,1.77
2010-12-02,24.27,17.79,91.77,1.64
2010-12-03,23.49,9.51,92.79,2.24
2010-12-04,22.34,1.47,92.94,2.38
2010-12-05,21.72,3.33,91.26,2.37
2010-12-06,22.75,0.01,80.6,1.63
2010-12-07,24.49,2.97,79.8,0.76
2010-12-08,24.35,10.56,84.49,1.2
2010-12-09,24.36,0.18,86.58,0.77
2010-12-10,24.39,0.26,83.75,1.45
2010-12-11,24.27,0.38,82.87,1.45
2010-12-12,24.13,6.59,84.36,1.77
2010-12-13,23.61,0.53,83.3,1.06
2010-12-14,24.13,6.74,87.33,0.89
2010-12-15,23.12,9.37,90.46,1.63
2010-12-16,24.14,5.2,89.23,1.85
2010-12-17,24.07,1.69,88.86,1.57
2010-12-18,23.54,0.27,88.63,2.19
2010-12-19,21.72,2.6,87.37,2.2
2010-12-20,23.69,4.31,89.25,2.42
2010-12-21,22.79,0.8,87.85,2.8
2010-12-22,20.48,0.0,82.75,1.62
2010-12-23,20.37,0.0,84.77,1.46
2010-12-24,20.6,0.0,85.38,1.52
2010-12-25,21.55,0.0,85.52,1.76
2010-12-26,21.77,0.0,84.99,1.84
2010-12-27,21.28,0.02,83.98,1.71
2010-12-28,20.84,3.49,89.61,1.56
2010-12-29,21.62,0.8,93.53,2.29
2010-12-30,22.75,1.49,88.69,2.16
2010-12-31,22.86,0.17,87.8,1.71
2011-01-01,23.36,0.08,85.51,1.18
2011-01-02,23.92,0.14,87.73,1.4
2011-01-03,23.24,0.04,88.02,1.66
2011-01-04,22.0,2.93,91.16,1.89
2011-01-05,22.19,0.34,90.75,2.3
2011-01-06,22.65,0.02,87.01,2.06
2011-01-07,22.88,0.09,87.22,2.26
2011-01-08,23.94,0.0,86.67,1.95
2011-01-09,23.85,0.01,82.19,1.69
2011-01-10,22.99,0.1,84.71,1.4
2011-01-11,21.93,0.0,77.75,1.42
2011-01-12,20.26,0.0,82.37,1.51
2011-01-13,20.32,0.0,82.62,1.76
2011-01-14,20.94,0.0,85.85,1.97
2011-01-15,21.97,0.38,86.88,2.2
2011-01-16,22.93,0.27,87.31,2.14
2011-01-17,23.12,0.0,86.09,1.35
2011-01-18,22.0,0.0,82.84,1.49
2011-01-19,20.52,0.0,82.08,1.27
2011-01-20,20.92,0.0,83.08,1.31
2011-01-21,21.35,0.0,84.93,1.63
2011-01-22,21.49,0.0,84.18,1.99
2011-01-23,21.55,0.0,84.68,2.28
2011-01-24,21.35,0.0,83.18,2.27
2011-01-25,21.45,0.0,82.29,2.3
2011-01-26,22.26,0.01,84.72,2.58
2011-01-27,22.49,0.0,81.91,2.52
2011-01-28,22.55,0.0,83.97,2.09
2011-01-29,23.37,0.0,81.84,2.45
2011-01-30,23.18,0.05,82.26,2.49
2011-01-31,22.9,0.0,79.93,2.54
2011-02-01,22.8,0.0,77.33,2.37
2011-02-02,22.1,0.0,77.45,2.53
2011-02-03,22.78,0.0,78.75,2.35
2011-02-04,23.26,0.0,75.6,2.14
2011-02-05,22.7,0.0,74.35,2.19
2011-02-06,22.65,0.0,77.68,2.06
2011-02-07,23.69,0.0,75.93,1.98
2011-02-08,23.34,0.0,69.51,1.61
2011-02-09,23.3,0.06,72.9,1.64
2011-02-10,22.76,0.18,69.73,1.97
2011-02-11,22.33,0.0,74.41,2.04
2011-02-12,22.84,0.0,72.32,1.9
2011-02-13,22.26,0.0,69.51,2.07
2011-02-14,22.67,0.0,72.66,1.6
2011-02-15,24.36,0.0,71.03,1.15
2011-02-16,25.54,0.0,71.88,1.09
2011-02-17,26.2,0.0,72.88,1.17
2011-02-18,26.76,0.0,71.46,1.32
2011-02-19,27.18,0.0,71.27,1.48
2011-02-20,27.33,0.0,70.29,2.12
2011-02-21,26.99,0.01,72.32,1.89
2011-02-22,26.29,1.64,75.71,2.09
2011-02-23,26.03,4.31,75.63,1.97
2011-02-24,25.32,11.88,78.95,1.59
2011-02-25,25.84,0.52,72.65,1.57
2011-02-26,25.81,2.41,72.45,1.6
2011-02-27,25.79,0.0,68.47,2.07
2011-02-28,25.56,0.0,68.68,2.4
2011-03-01,25.06,0.0,68.85,2.5
2011-03-02,24.9,0.0,65.2,2.25
2011-03-03,24.81,0.0,65.6,2.0
2011-03-04,25.9,0.0,66.7,1.66
2011-03-05,26.95,0.0,65.68,1.63
2011-03-06,26.43,0.0,62.58,1.6
2011-03-07,25.84,0.0,58.78,1.93
2011-03-08,26.78,0.0,54.44,1.96
2011-03-09,27.55,0.0,47.76,1.82
2011-03-10,26.92,0.0,50.79,1.79
2011-03-11,26.1,0.0,54.13,1.5
2011-03-12,26.92,0.04,64.33,2.06
2011-03-13,28.03,0.07,65.09,2.61
2011-03-14,28.06,0.06,63.62,2.79
2011-03-15,27.4,0.0,60.72,2.36
2011-03-16,27.14,0.0,61.77,2.6
2011-03-17,26.59,0.0,60.33,2.66
2011-03-18,26.23,0.0,63.11,2.05
2011-03-19,28.12,0.0,60.02,1.61
2011-03-20,29.39,0.0,61.62,1.62
2011-03-21,30.01,0.0,58.12,1.36
2011-03-22,29.98,0.0,58.49,1.91
2011-03-23,29.63,0.01,56.08,1.8
2011-03-24,29.62,0.02,54.16,1.51
2011-03-25,30.07,0.8,57.63,1.6
2011-03-26,29.9,0.05,56.77,2.0
2011-03-27,30.47,0.0,55.85,1.95
2011-03-28,30.89,0.0,50.86,1.68
2011-03-29,31.16,0.03,48.15,1.83
2011-03-30,30.61,0.0,47.36,2.17
2011-03-31,30.55,0.0,46.75,2.03
2011-04-01,31.35,0.0,44.25,1.7
2011-04-02,31.84,0.0,45.59,2.24
2011-04-03,32.06,0.01,46.73,1.39
2011-04-04,32.4,0.34,44.45,1.81
2011-04-05,32.22,0.02,42.72,2.27
2011-04-06,30.56,0.0,47.75,2.93
2011-04-07,29.78,0.0,47.38,2.44
2011-04-08,30.13,0.01,50.12,2.03
2011-04-09,31.14,0.56,52.3,2.42
2011-04-10,30.53,1.19,56.83,2.72
2011-04-11,31.12,0.06,53.72,2.64
2011-04-12,31.13,0.02,53.42,2.55
2011-04-13,31.83,0.03,51.21,2.39
2011-04-14,31.62,0.02,51.0,1.43
2011-04-15,30.77,1.37,53.5,1.72
2011-04-16,30.53,0.02,51.82,2.7
2011-04-17,30.74,0.06,52.21,2.06
2011-04-18,31.22,0.29,51.08,2.57
2011-04-19,30.31,0.45,54.02,1.33
2011-04-20,29.62,1.28,51.81,2.21
2011-04-21,29.05,4.58,58.67,1.83
2011-04-22,27.27,11.89,76.28,2.31
2011-04-23,24.95,17.51,89.01,0.94
2011-04-24,27.63,9.46,72.55,0.97
2011-04-25,26.48,5.71,80.91,1.41
2011-04-26,28.64,2.07,69.47,1.36
2011-04-27,29.38,0.17,67.64,1.38
2011-04-28,29.77,0.03,64.75,0.99
2011-04-29,29.66,0.15,65.47,2.34
2011-04-30,30.25,0.03,63.18,1.31
2011-05-01,29.96,0.47,64.33,1.77
2011-05-02,29.96,0.03,63.73,1.74
2011-05-03,29.84,13.36,67.35,2.22
2011-05-04,28.98,0.05,65.86,3.03
2011-05-05,28.98,0.15,66.7,1.79
2011-05-06,30.32,0.02,62.43,1.9
2011-05-07,30.72,0.0,57.6,2.95
2011-05-08,30.58,0.0,51.34,2.48
2011-05-09,30.13,0.0,53.59,2.22
2011-05-10,30.9,0.0,55.52,1.31
2011-05-11,31.17,0.0,53.67,1.64
2011-05-12,31.21,0.0,54.98,1.62
2011-05-13,31.6,0.42,53.28,1.66
2011-05-14,31.69,0.03,55.05,1.79
2011-05-15,31.69,0.0,55.52,1.05
2011-05-16,31.64,0.0,54.6,2.13
2011-05-17,32.0,0.0,52.23,1.61
2011-05-18,31.83,0.0,53.46,1.47
2011-05-19,31.49,1.81,55.55,1.56
2011-05-20,30.25,15.49,66.12,1.24
2011-05-21,29.05,0.11,67.27,2.18
2011-05-22,30.61,0.0,56.77,1.37
2011-05-23,31.29,0.12,56.55,2.06
2011-05-24,30.57,0.22,62.41,2.43
2011-05-25,30.53,0.01,64.07,2.18
2011-05-26,29.9,0.02,63.01,2.29
2011-05-27,29.89,1.84,62.12,2.32
2011-05-28,29.15,0.18,63.56,3.19
2011-05-29,29.18,0.04,59.57,3.27
2011-05-30,30.48,1.47,62.46,3.03
2011-05-31,28.93,22.39,68.8,3.2
2011-06-01,28.07,5.19,72.45,2.58
2011-06-02,27.35,0.62,71.81,3.28
2011-06-03,27.62,2.34,71.95,2.11
2011-06-04,28.47,1.88,70.07,2.37
2011-06-05,28.92,0.07,64.73,3.14
2011-06-06,29.67,0.15,59.9,3.69
2011-06-07,29.3,0.0,59.12,2.85
2011-06-08,29.72,0.0,59.09,2.71
2011-06-09,29.02,0.71,64.35,2.37
2011-06-10,29.48,0.01,64.13,3.16
2011-06-11,29.38,0.0,63.28,3.19
2011-06-12,29.03,0.0,64.75,3.21
2011-06-13,28.23,0.23,61.29,4.37
2011-06-14,27.12,0.27,66.4,3.74
2011-06-15,27.34,0.01,62.17,3.81
2011-06-16,27.43,0.06,63.1,4.45
2011-06-17,27.2,0.84,58.64,4.53
2011-06-18,28.01,0.14,57.1,4.84
2011-06-19,29.01,0.27,62.15,4.74
2011-06-20,29.65,0.0,59.27,4.71
2011-06-21,28.7,0.01,61.18,4.43
2011-06-22,29.18,0.16,59.29,4.66
2011-06-23,30.28,0.03,57.84,4.18
2011-06-24,30.27,0.17,58.07,4.42
2011-06-25,29.51,1.14,61.99,4.65
2011-06-26,29.44,0.02,60.23,5.15
2011-06-27,28.97,0.05,58.03,5.48
2011-06-28,28.39,0.06,54.99,5.45
2011-06-29,29.53,0.0,51.73,4.01
2011-06-30,30.76,0.01,51.16,2.67
2011-07-01,29.86,4.26,57.71,3.18
2011-07-02,28.79,0.53,58.17,3.78
2011-07-03,29.42,1.09,54.78,3.49
2011-07-04,29.49,0.72,52.63,4.89
2011-07-05,26.6,22.17,63.95,3.89
2011-07-06,27.24,0.35,64.23,3.69
2011-07-07,28.04,9.72,61.84,3.26
2011-07-08,27.06,0.26,66.53,2.62
2011-07-09,27.34,10.69,67.39,2.18
2011-07-10,28.07,1.1,63.18,2.85
2011-07-11,28.06,0.26,67.63,3.62
2011-07-12,26.93,0.04,64.05,5.42
2011-07-13,27.2,0.0,57.6,5.47
2011-07-14,27.32,0.07,55.55,5.78
2011-07-15,26.83,0.01,59.49,5.26
2011-07-16,28.17,0.37,60.12,4.89
2011-07-17,28.18,0.19,60.14,4.66
2011-07-18,27.77,0.06,63.05,4.71
2011-07-19,27.99,0.03,61.82,4.67
2011-07-20,27.85,0.11,62.12,5.35
2011-07-21,28.55,0.04,58.79,4.79
2011-07-22,27.55,0.01,61.34,4.48
2011-07-23,27.8,0.02,63.33,4.55
2011-07-24,27.19,0.05,64.74,4.73
2011-07-25,27.98,0.9,60.21,3.12
2011-07-26,28.69,1.24,56.63,3.34
2011-07-27,27.27,0.09,60.02,4.32
2011-07-28,27.0,3.57,62.39,3.92
2011-07-29,25.91,0.08,65.24,4.42
2011-07-30,26.5,0.02,66.88,2.54
2011-07-31,28.78,0.0,61.74,3.82
2011-08-01,29.03,0.06,58.38,4.34
2011-08-02,29.56,0.05,58.79,4.7
2011-08-03,28.32,0.04,60.56,3.65
2011-08-04,28.83,0.45,57.21,4.39
2011-08-05,27.81,4.41,60.94,4.18
2011-08-06,28.26,0.16,59.37,4.89
2011-08-07,28.47,0.02,60.37,4.9
2011-08-08,28.08,6.48,65.98,3.5
2011-08-09,28.24,1.24,65.55,3.38
2011-08-10,29.15,0.6,60.49,3.7
2011-08-11,28.06,0.8,65.24,4.08
2011-08-12,28.41,0.04,60.15,3.8
2011-08-13,28.71,0.08,58.86,3.22
2011-08-14,28.41,0.0,55.01,2.26
2011-08-15,28.08,16.45,65.94,1.39
2011-08-16,27.41,0.52,69.6,1.98
2011-08-17,26.68,15.03,74.25,1.85
2011-08-18,27.52,0.87,68.89,3.33
2011-08-19,27.71,0.02,65.9,2.6
2011-08-20,27.65,4.2,69.0,2.23
2011-08-21,27.52,0.08,67.69,2.99
2011-08-22,28.25,0.07,63.53,2.04
2011-08-23,29.09,0.1,60.56,3.23
2011-08-24,27.03,14.6,68.15,3.33
2011-08-25,27.26,1.51,69.0,3.1
2011-08-26,27.87,0.58,65.72,2.77
2011-08-27,27.83,0.03,64.61,3.64
2011-08-28,27.9,0.06,65.27,3.3
2011-08-29,27.87,0.11,63.7,4.11
2011-08-30,27.41,0.34,61.87,3.99
2011-08-31,27.72,1.94,63.99,3.33
2011-09-01,27.57,0.77,67.04,3.83
2011-09-02,27.45,6.37,72.31,2.81
2011-09-03,27.39,0.02,69.28,3.55
2011-09-04,28.4,0.6,65.1,3.06
2011-09-05,29.01,2.26,63.05,3.39
2011-09-06,27.56,2.13,65.83,3.32
2011-09-07,28.4,0.03,62.13,3.2
2011-09-08,28.37,11.18,67.53,2.64
2011-09-09,27.72,2.37,70.01,2.6
2011-09-10,27.93,4.5,68.42,2.85
2011-09-11,27.61,1.3,67.39,3.62
2011-09-12,26.64,40.54,72.54,2.75
2011-09-13,26.49,0.16,64.18,3.89
2011-09-14,26.59,0.22,65.01,3.96
2011-09-15,27.01,9.03,68.73,3.45
2011-09-16,27.91,2.15,68.53,2.81
2011-09-17,28.13,0.54,67.33,2.45
2011-09-18,28.17,0.01,66.49,2.37
2011-09-19,28.67,0.45,64.87,2.25
2011-09-20,28.22,0.06,66.44,2.53
2011-09-21,27.16,5.13,68.0,3.36
2011-09-22,28.02,0.01,64.87,2.68
2011-09-23,28.78,0.0,58.69,2.76
2011-09-24,27.98,3.35,64.56,2.03
2011-09-25,29.05,0.6,64.04,1.27
2011-09-26,29.31,3.1,62.7,1.93
2011-09-27,28.72,0.03,64.65,2.08
2011-09-28,29.3,0.0,61.14,2.06
2011-09-29,28.68,5.83,65.51,1.61
2011-09-30,26.36,31.29,82.38,1.51
2011-10-01,26.5,7.25,80.14,1.1
2011-10-02,26.91,4.24,77.76,1.05
2011-10-03,27.55,2.54,74.23,1.44
2011-10-04,27.28,3.09,74.37,1.82
2011-10-05,27.16,3.01,72.74,1.16
2011-10-06,27.96,3.68,72.04,1.26
2011-10-07,27.13,3.09,75.7,1.13
2011-10-08,28.2,1.34,69.75,1.43
2011-10-09,27.7,5.39,72.54,1.86
2011-10-10,27.53,0.13,74.51,1.34
2011-10-11,26.63,1.54,77.7,1.4
2011-10-12,25.61,14.36,81.73,1.09
2011-10-13,26.21,8.12,81.3,1.24
2011-10-14,26.93,3.48,78.33,0.97
2011-10-15,26.37,3.66,83.18,0.96
2011-10-16,25.07,8.06,90.47,1.35
2011-10-17,25.28,4.62,85.47,0.81
2011-10-18,25.55,16.46,84.98,1.21
2011-10-19,26.51,3.37,80.03,1.06
2011-10-20,26.89,0.14,75.63,1.21
2011-10-21,27.02,0.39,75.49,1.16
2011-10-22,26.26,6.41,82.25,1.81
2011-10-23,24.53,4.01,87.04,1.38
2011-10-24,25.51,6.67,83.83,1.74
2011-10-25,24.71,9.61,85.35,2.12
2011-10-26,24.31,7.16,88.95,2.98
2011-10-27,25.06,8.64,85.72,2.13
2011-10-28,24.39,4.93,87.83,2.12
2011-10-29,23.66,29.34,89.58,2.3
2011-10-30,23.39,14.79,92.72,2.54
2011-10-31,24.29,7.55,89.52,2.1
2011-11-01,23.8,11.25,94.02,2.56
2011-11-02,23.37,2.58,89.96,1.21
2011-11-03,24.46,18.11,82.83,0.6
2011-11-04,24.79,4.09,81.24,1.01
2011-11-05,25.1,6.91,86.7,1.16
2011-11-06,25.3,7.87,87.29,1.16
2011-11-07,24.98,1.16,86.59,1.99
2011-11-08,22.47,0.0,80.64,1.66
2011-11-09,22.08,0.0,78.94,1.62
2011-11-10,22.42,0.0,75.55,1.54
2011-11-11,23.67,0.02,79.83,1.43
2011-11-12,24.21,0.0,83.82,1.43
2011-11-13,23.53,0.08,81.04,1.42
2011-11-14,24.22,0.33,86.15,1.95
2011-11-15,23.62,0.04,82.32,2.0
2011-11-16,23.39,2.26,80.78,1.92
2011-11-17,24.03,6.38,87.93,2.32
2011-11-18,24.56,4.89,87.25,2.28
2011-11-19,23.3,1.2,83.3,2.44
2011-11-20,22.71,0.27,83.33,2.65
2011-11-21,23.7,0.32,83.6,2.78
2011-11-22,23.76,0.58,81.69,2.9
2011-11-23,23.39,1.5,85.47,3.02
2011-11-24,23.96,17.66,90.5,3.52
2011-11-25,24.23,34.52,93.98,3.83
2011-11-26,24.42,27.17,93.23,4.45
2011-11-27,24.2,10.09,92.25,2.88
2011-11-28,24.44,7.99,91.36,1.94
2011-11-29,24.8,1.2,88.26,1.59
2011-11-30,24.64,1.78,90.09,2.36
2011-12-01,24.21,0.84,87.64,1.35
2011-12-02,24.41,0.06,85.14,1.07
2011-12-03,24.41,0.03,81.99,0.96
2011-12-04,23.92,0.15,85.78,1.01
2011-12-05,23.31,0.05,84.61,1.4
2011-12-06,22.44,0.01,85.21,1.72
2011-12-07,21.87,0.01,83.7,2.23
2011-12-08,22.07,0.14,85.76,1.96
2011-12-09,23.94,1.13,88.39,1.82
2011-12-10,24.47,0.39,87.24,1.82
2011-12-11,24.11,0.15,86.9,1.74
2011-12-12,23.23,0.05,88.08,1.69
2011-12-13,23.56,0.83,87.24,2.51
2011-12-14,23.31,0.69,86.18,2.69
2011-12-15,22.81,3.01,90.19,1.54
2011-12-16,23.12,0.43,83.08,2.74
2011-12-17,21.85,0.0,80.39,2.49
2011-12-18,21.6,1.23,84.11,2.83
2011-12-19,21.78,0.88,83.89,2.35
2011-12-20,21.27,0.02,82.71,2.25
2011-12-21,21.62,0.0,82.43,2.38
2011-12-22,21.84,0.0,79.71,2.48
2011-12-23,21.77,0.01,81.14,1.89
2011-12-24,21.94,0.0,78.27,2.03
2011-12-25,21.51,0.01,78.55,2.09
2011-12-26,21.42,0.0,73.45,1.82
2011-12-27,22.9,0.0,59.9,1.26
2011-12-28,23.65,0.0,57.69,1.24
2011-12-29,24.24,1.5,65.63,1.85
2011-12-30,24.52,14.39,82.63,2.92
2011-12-31,23.78,4.44,84.52,3.47
2012-01-01,23.18,0.04,80.62,1.54
2012-01-02,24.64,0.0,80.43,1.34
2012-01-03,24.83,0.03,80.04,1.37
2012-01-04,25.16,0.01,81.83,2.04
2012-01-05,25.26,0.0,81.02,1.92
2012-01-06,24.38,0.0,79.25,2.0
2012-01-07,23.48,0.0,79.46,1.99
2012-01-08,24.1,0.62,82.16,2.61
2012-01-09,25.18,0.16,78.81,1.83
2012-01-10,25.05,0.07,75.43,1.74
2012-01-11,24.2,2.41,78.09,1.67
2012-01-12,24.06,0.29,77.2,1.82
2012-01-13,23.87,0.06,76.97,2.44
2012-01-14,23.21,0.0,73.04,2.39
2012-01-15,21.54,0.0,70.4,2.33
2012-01-16,20.8,0.0,70.87,1.84
2012-01-17,21.23,0.0,69.74,1.56
2012-01-18,21.9,0.0,65.48,1.22
2012-01-19,22.77,0.0,66.14,1.35
2012-01-20,22.95,0.0,67.66,1.29
2012-01-21,23.12,0.0,70.59,1.59
2012-01-22,22.55,0.0,70.26,2.16
2012-01-23,22.32,0.0,70.04,2.41
2012-01-24,22.53,0.0,67.12,2.04
2012-01-25,21.96,0.0,69.57,2.0
2012-01-26,23.16,0.04,66.97,2.13
2012-01-27,23.87,0.04,70.85,1.81
2012-01-28,24.17,0.0,71.41,2.03
2012-01-29,24.23,0.0,68.84,1.98
2012-01-30,24.12,0.3,67.96,2.45
2012-01-31,23.48,1.08,69.59,2.59
2012-02-01,23.24,0.0,68.18,2.92
2012-02-02,23.12,0.0,71.07,2.96
2012-02-03,24.31,0.0,67.62,3.24
2012-02-04,24.65,0.0,65.78,2.41
2012-02-05,24.15,0.0,70.63,2.04
2012-02-06,24.42,0.0,75.56,1.93
2012-02-07,26.55,0.0,65.47,2.27
2012-02-08,26.04,0.0,69.06,1.88
2012-02-09,26.25,0.0,72.07,1.62
2012-02-10,26.2,0.03,70.1,1.9
2012-02-11,25.37,0.09,72.66,1.69
2012-02-12,25.66,0.0,65.36,2.09
2012-02-13,25.6,0.0,65.74,2.19
2012-02-14,26.18,0.0,65.82,2.01
2012-02-15,26.21,0.0,63.95,1.41
2012-02-16,27.3,0.0,62.03,1.73
2012-02-17,26.22,0.0,65.98,1.74
2012-02-18,25.81,0.0,62.4,2.36
2012-02-19,25.29,0.0,63.05,2.36
2012-02-20,25.38,0.0,57.83,2.06
2012-02-21,26.17,0.0,57.14,2.01
2012-02-22,25.66,0.0,55.41,2.29
2012-02-23,25.22,0.0,55.87,2.44
2012-02-24,24.85,0.0,52.11,2.24
2012-02-25,25.53,0.0,47.46,2.53
2012-02-26,25.59,0.0,48.69,2.25
2012-02-27,26.69,0.0,50.26,2.19
2012-02-28,28.22,0.0,54.56,1.5
2012-02-29,30.29,0.0,54.61,1.82
2012-03-01,30.28,0.0,56.47,2.34
2012-03-02,31.04,0.0,50.73,1.91
2012-03-03,31.53,0.0,47.66,1.54
2012-03-04,30.95,0.0,49.58,2.24
2012-03-05,30.04,0.0,56.31,2.54
2012-03-06,30.13,0.0,50.62,1.68
2012-03-07,30.78,0.0,45.99,1.34
2012-03-08,29.96,0.0,51.29,1.76
2012-03-09,30.47,0.0,46.17,2.01
2012-03-10,30.75,0.0,46.03,1.86
2012-03-11,29.18,0.01,52.74,2.78
2012-03-12,27.52,1.05,64.79,2.07
2012-03-13,29.21,0.24,61.03,2.85
2012-03-14,29.98,0.01,57.19,2.76
2012-03-15,30.53,0.11,54.35,2.7
2012-03-16,30.65,0.13,53.42,2.08
2012-03-17,31.08,0.0,46.53,2.19
2012-03-18,30.69,0.0,44.32,2.12
2012-03-19,31.14,0.0,39.42,2.09
2012-03-20,31.15,0.0,41.44,2.31
2012-03-21,31.13,0.0,46.02,1.99
2012-03-22,31.19,0.04,47.0,2.03
2012-03-23,30.72,0.0,47.73,2.1
2012-03-24,29.77,0.0,42.81,2.31
2012-03-25,28.89,0.0,43.99,2.06
2012-03-26,28.53,0.0,45.16,2.01
2012-03-27,29.02,0.23,55.49,2.06
2012-03-28,30.64,0.47,53.01,2.56
2012-03-29,30.45,0.02,53.31,2.04
2012-03-30,31.73,0.01,46.19,1.2
2012-03-31,31.55,4.49,49.34,2.08
2012-04-01,29.4,7.16,62.06,2.27
2012-04-02,28.88,0.09,59.28,2.12
2012-04-03,29.6,0.0,53.82,1.74
2012-04-04,30.44,0.01,51.3,1.6
2012-04-05,31.2,0.02,49.55,1.8
2012-04-06,31.76,0.03,48.47,2.02
2012-04-07,31.49,0.02,52.73,2.41
2012-04-08,31.3,0.0,53.42,2.86
2012-04-09,31.46,0.35,53.06,2.24
2012-04-10,32.05,0.14,51.62,2.3
2012-04-11,32.27,0.02,50.29,2.73
2012-04-12,32.26,0.03,48.58,2.17
2012-04-13,31.67,0.0,50.74,2.56
2012-04-14,29.39,0.15,61.99,2.32
2012-04-15,30.08,0.03,58.19,2.27
2012-04-16,30.81,0.0,55.93,2.12
2012-04-17,32.59,0.01,48.05,1.27
2012-04-18,33.2,0.0,44.71,2.31
2012-04-19,31.65,0.0,50.14,2.25
2012-04-20,31.6,0.03,49.92,2.3
2012-04-21,33.03,0.01,43.85,2.61
2012-04-22,32.79,0.0,47.25,2.37
2012-04-23,32.79,0.36,46.71,1.7
2012-04-24,29.64,20.38,65.86,1.17
2012-04-25,26.56,6.88,80.88,1.49
2012-04-26,27.02,8.41,77.4,1.26
2012-04-27,27.77,2.92,75.02,1.31
2012-04-28,28.9,0.12,67.97,1.69
2012-04-29,28.99,2.32,67.76,1.41
2012-04-30,28.8,1.3,71.62,1.66
2012-05-01,29.47,4.24,69.37,1.54
2012-05-02,28.92,0.15,68.71,1.99
2012-05-03,29.79,0.43,66.01,1.8
2012-05-04,28.76,0.27,69.91,2.32
2012-05-05,28.55,0.08,63.9,3.16
2012-05-06,30.12,0.0,57.57,2.46
2012-05-07,31.73,2.96,55.07,1.89
2012-05-08,30.37,16.73,65.96,0.92
2012-05-09,30.69,0.83,60.47,1.51
2012-05-10,29.85,34.73,66.11,1.45
2012-05-11,28.63,3.26,72.8,1.65
2012-05-12,29.37,0.07,67.33,1.98
2012-05-13,30.31,0.0,62.73,1.7
2012-05-14,29.79,0.73,67.46,0.95
2012-05-15,29.29,2.53,70.43,1.75
2012-05-16,30.27,0.12,64.66,1.92
2012-05-17,30.18,0.0,64.79,2.44
2012-05-18,29.03,2.19,70.62,1.49
2012-05-19,30.21,0.61,66.82,2.14
2012-05-20,28.99,0.33,69.41,2.15
2012-05-21,27.9,0.95,67.91,3.19
2012-05-22,28.62,0.02,65.56,2.03
2012-05-23,29.07,0.01,62.59,3.04
2012-05-24,30.5,0.0,58.19,3.4
2012-05-25,29.33,0.0,62.4,2.84
2012-05-26,27.44,0.0,70.08,2.12
2012-05-27,29.21,0.0,65.22,3.23
2012-05-28,29.75,0.0,62.46,3.11
2012-05-29,28.51,0.0,68.78,2.82
2012-05-30,29.62,0.0,62.94,2.73
2012-05-31,29.58,0.0,61.46,3.87
2012-06-01,28.42,0.0,62.39,4.06
2012-06-02,30.93,0.0,56.93,3.61
2012-06-03,30.24,6.6,63.17,3.82
2012-06-04,29.22,0.27,68.19,2.82
2012-06-05,29.38,0.02,60.11,4.54
2012-06-06,29.13,0.06,57.63,4.49
2012-06-07,28.28,0.03,60.45,4.81
2012-06-08,29.25,0.45,56.62,4.29
2012-06-09,28.87,0.05,58.52,4.8
2012-06-10,28.66,0.0,62.05,4.34
2012-06-11,29.48,0.0,58.7,4.18
2012-06-12,29.8,0.01,56.2,4.04
2012-06-13,28.01,8.61,60.58,3.27
2012-06-14,27.33,18.49,70.23,2.82
2012-06-15,28.67,1.7,64.52,3.2
2012-06-16,28.41,4.15,66.11,3.91
2012-06-17,26.69,10.78,66.51,4.78
2012-06-18,26.74,0.33,65.36,4.21
2012-06-19,28.09,0.14,64.3,4.18
2012-06-20,27.45,0.0,66.81,4.17
2012-06-21,27.61,0.95,66.0,3.69
2012-06-22,28.04,0.02,65.18,3.82
2012-06-23,29.6,0.0,60.55,3.39
2012-06-24,29.74,0.0,60.31,2.42
2012-06-25,28.98,0.0,63.39,2.26
2012-06-26,28.64,0.98,65.46,2.28
2012-06-27,27.92,0.06,62.94,3.24
2012-06-28,26.52,2.04,70.16,2.91
2012-06-29,27.34,0.04,67.39,3.0
2012-06-30,27.79,0.03,63.25,3.98
2012-07-01,27.39,0.06,63.35,4.51
2012-07-02,26.85,0.8,64.9,4.3
2012-07-03,28.53,0.03,57.36,5.11
2012-07-04,29.15,0.0,58.3,4.26
2012-07-05,29.69,0.0,57.28,3.57
2012-07-06,29.91,0.0,57.3,3.38
2012-07-07,29.46,0.07,59.3,3.51
2012-07-08,29.13,0.01,60.17,3.6
2012-07-09,28.58,1.07,62.8,2.86
2012-07-10,28.48,0.17,60.62,4.05
2012-07-11,28.99,0.07,59.59,4.49
2012-07-12,29.5,0.39,59.16,4.03
2012-07-13,29.11,14.99,63.51,3.72
2012-07-14,26.7,6.35,76.09,2.48
2012-07-15,27.55,1.36,71.68,1.8
2012-07-16,27.55,0.86,69.62,1.18
2012-07-17,28.28,3.22,68.9,1.06
2012-07-18,28.58,0.01,62.36,3.01
2012-07-19,28.06,0.0,63.07,3.87
2012-07-20,28.7,0.01,63.49,3.91
2012-07-21,28.39,0.04,63.09,4.52
2012-07-22,28.94,0.02,60.77,5.08
2012-07-23,29.47,0.0,58.85,4.4
2012-07-24,29.52,0.0,58.75,4.02
2012-07-25,29.37,0.01,60.1,4.67
2012-07-26,29.6,0.01,58.93,4.83
2012-07-27,28.58,0.02,61.12,4.13
2012-07-28,29.5,0.0,57.42,4.26
2012-07-29,28.72,0.0,60.4,3.85
2012-07-30,29.1,0.0,57.63,3.93
2012-07-31,28.31,0.0,59.76,3.8
2012-08-01,29.41,0.0,56.32,3.71
2012-08-02,29.28,0.0,58.1,4.22
2012-08-03,29.53,0.05,56.92,4.09
2012-08-04,29.84,0.01,54.77,4.53
2012-08-05,29.98,0.27,56.29,4.23
2012-08-06,30.08,0.05,54.45,4.32
2012-08-07,29.71,4.79,53.13,3.53
2012-08-08,28.33,3.85,64.26,2.93
2012-08-09,27.73,0.09,66.29,3.76
2012-08-10,28.4,0.21,60.65,3.91
2012-08-11,27.89,11.12,66.12,2.77
2012-08-12,27.67,0.06,69.49,2.12
2012-08-13,28.01,0.18,64.7,2.5
2012-08-14,28.12,2.1,61.51,2.62
2012-08-15,27.46,6.94,68.83,3.13
2012-08-16,27.12,12.21,73.58,1.96
2012-08-17,26.18,6.47,75.21,3.14
2012-08-18,26.82,0.08,68.38,4.05
2012-08-19,28.68,0.01,56.8,4.09
2012-08-20,29.38,0.0,58.22,2.47
2012-08-21,28.51,12.97,65.49,1.83
2012-08-22,28.51,0.29,65.95,1.49
2012-08-23,29.54,1.13,63.26,1.21
2012-08-24,28.79,21.47,67.75,1.51
2012-08-25,27.56,0.22,72.8,1.85
2012-08-26,26.56,0.02,72.68,2.92
2012-08-27,27.28,0.02,63.79,3.7
2012-08-28,28.04,1.18,62.46,3.17
2012-08-29,27.07,0.96,69.11,3.22
2012-08-30,26.69,0.18,72.39,2.29
2012-08-31,27.23,0.57,70.38,2.72
2012-09-01,27.95,0.01,63.26,3.47
2012-09-02,28.7,1.95,61.77,3.85
2012-09-03,27.94,0.2,68.58,3.29
2012-09-04,27.53,0.05,62.7,4.02
2012-09-05,29.15,1.06,60.65,2.91
2012-09-06,28.89,4.45,65.21,2.55
2012-09-07,28.11,4.61,67.89,3.12
2012-09-08,27.42,4.02,67.43,2.51
2012-09-09,26.4,5.49,72.36,3.28
2012-09-10,27.06,0.01,62.41,3.97
2012-09-11,27.08,3.27,62.45,3.5
2012-09-12,27.93,0.08,61.88,3.33
2012-09-13,28.48,1.1,64.97,2.23
2012-09-14,28.67,0.43,64.66,2.74
2012-09-15,28.07,2.62,67.18,3.25
2012-09-16,28.14,0.52,62.96,3.65
2012-09-17,28.95,3.15,64.22,2.55
2012-09-18,28.4,4.23,66.08,2.24
2012-09-19,28.88,0.44,64.93,1.15
2012-09-20,30.07,0.3,59.8,1.41
2012-09-21,29.34,0.27,62.22,1.25
2012-09-22,29.65,0.41,60.24,2.14
2012-09-23,29.54,0.23,58.62,1.46
2012-09-24,29.5,4.4,58.84,2.31
2012-09-25,28.91,0.74,59.65,2.26
2012-09-26,28.79,1.25,62.92,1.51
2012-09-27,27.31,6.81,74.5,1.58
2012-09-28,27.0,12.52,75.4,1.76
2012-09-29,27.8,2.2,68.65,1.34
2012-09-30,27.43,7.46,70.94,2.11
2012-10-01,28.16,0.1,63.46,1.9
2012-10-02,28.38,0.0,62.41,1.97
2012-10-03,29.18,0.0,60.73,2.08
2012-10-04,29.29,0.0,59.66,1.35
2012-10-05,29.93,0.0,57.86,0.97
2012-10-06,29.38,0.05,62.4,0.9
2012-10-07,27.43,16.42,76.7,1.28
2012-10-08,27.44,6.15,75.99,0.79
2012-10-09,26.66,7.42,78.38,1.37
2012-10-10,28.06,0.47,69.62,1.09
2012-10-11,28.04,0.26,68.99,1.35
2012-10-12,26.66,1.63,78.44,1.65
2012-10-13,26.77,0.88,76.31,1.7
2012-10-14,25.97,24.45,82.54,1.99
2012-10-15,25.56,12.37,84.52,1.38
2012-10-16,25.65,11.29,83.34,1.25
2012-10-17,25.71,7.99,81.29,1.71
2012-10-18,25.82,11.1,81.6,2.17
2012-10-19,24.74,20.23,89.32,2.08
2012-10-20,23.43,10.63,89.67,3.64
2012-10-21,24.18,17.17,90.71,2.68
2012-10-22,24.86,7.1,89.32,2.13
2012-10-23,24.96,11.24,88.92,2.18
2012-10-24,24.8,6.97,88.41,1.66
2012-10-25,25.25,1.09,85.51,1.53
2012-10-26,25.59,0.54,83.48,1.97
2012-10-27,25.36,1.46,82.15,2.13
2012-10-28,25.49,5.47,83.76,2.76
2012-10-29,24.93,4.09,85.96,2.26
2012-10-30,23.88,4.77,87.83,1.81
2012-10-31,23.06,29.54,87.44,2.85
2012-11-01,24.57,0.77,87.36,2.74
2012-11-02,25.83,0.02,80.22,1.55
2012-11-03,26.02,0.0,75.02,1.16
2012-11-04,25.24,0.0,77.95,1.42
2012-11-05,25.67,0.0,79.76,1.1
2012-11-06,25.58,0.6,81.63,1.38
2012-11-07,25.33,1.03,85.23,1.22
2012-11-08,25.27,1.28,84.56,1.12
2012-11-09,25.26,0.43,84.19,1.25
2012-11-10,25.35,0.0,83.03,1.64
2012-11-11,24.81,0.01,78.9,1.74
2012-11-12,24.4,0.0,79.63,1.74
2012-11-13,23.76,0.0,76.5,1.8
2012-11-14,22.94,0.0,71.0,1.93
2012-11-15,22.35,0.0,71.34,1.67
2012-11-16,22.6,0.0,71.68,1.8
2012-11-17,23.82,0.0,73.7,1.35
2012-11-18,24.93,0.0,72.37,0.84
2012-11-19,25.65,0.0,75.25,0.91
2012-11-20,25.68,0.0,73.0,1.08
2012-11-21,26.68,0.0,72.96,1.08
2012-11-22,27.25,0.65,74.66,0.84
2012-11-23,26.24,7.39,83.06,1.43
2012-11-24,25.38,1.44,82.07,2.1
2012-11-25,24.85,2.15,86.03,2.25
2012-11-26,24.44,0.21,83.74,2.06
2012-11-27,25.1,0.03,77.16,2.53
2012-11-28,24.3,0.0,73.68,2.12
2012-11-29,23.65,0.0,72.18,1.86
2012-11-30,23.06,0.0,73.29,1.62
2012-12-01,23.52,0.0,70.91,1.73
2012-12-02,23.77,0.04,72.15,1.96
2012-12-03,24.91,1.64,80.03,2.51
2012-12-04,25.51,0.23,83.33,2.48
2012-12-05,25.91,0.1,78.59,2.72
2012-12-06,26.13,1.78,79.33,3.07
2012-12-07,25.51,0.17,76.97,2.51
2012-12-08,25.55,0.0,76.55,1.9
2012-12-09,24.95,0.17,73.11,1.66
2012-12-10,24.31,0.0,72.79,1.68
2012-12-11,24.62,0.0,74.67,1.67
2012-12-12,25.14,0.0,73.08,1.64
2012-12-13,25.32,0.0,71.47,1.76
2012-12-14,24.77,0.0,72.79,2.3
2012-12-15,23.96,0.0,73.33,2.77
2012-12-16,24.29,0.0,69.56,3.25
2012-12-17,24.45,0.0,67.89,3.82
2012-12-18,24.27,0.06,72.07,3.13
2012-12-19,24.6,0.16,72.08,2.71
2012-12-20,25.26,0.01,74.04,3.08
2012-12-21,25.61,0.02,72.09,3.13
2012-12-22,24.68,0.0,69.59,2.77
2012-12-23,24.89,0.0,67.51,3.05
2012-12-24,25.17,0.01,70.01,2.73
2012-12-25,25.29,0.16,72.17,3.19
2012-12-26,25.75,1.19,74.25,3.07
2012-12-27,24.91,1.48,78.97,3.33
2012-12-28,24.33,1.85,85.35,2.7
2012-12-29,25.32,2.11,86.18,3.16
2012-12-30,26.89,0.42,77.13,2.45
2012-12-31,26.75,0.03,71.98,2.37
2013-01-01,26.55,0.0,70.19,2.06
2013-01-02,25.43,0.0,65.69,1.59
2013-01-03,25.92,0.0,69.67,1.79
2013-01-04,26.79,0.0,68.44,1.39
2013-01-05,26.84,0.0,68.75,1.98
2013-01-06,26.89,0.0,69.58,2.08
2013-01-07,26.39,0.36,66.93,2.3
2013-01-08,25.87,2.58,75.15,1.99
2013-01-09,25.47,0.31,71.79,2.16
2013-01-10,25.65,0.03,66.01,2.2
2013-01-11,24.9,0.0,66.0,2.21
2013-01-12,24.41,0.0,66.05,2.17
2013-01-13,24.09,0.0,62.21,2.14
2013-01-14,23.38,0.0,64.76,1.73
2013-01-15,24.27,0.0,67.56,2.18
2013-01-16,24.12,0.0,67.4,2.38
2013-01-17,24.18,0.0,66.52,2.45
2013-01-18,24.78,0.0,64.6,2.27
2013-01-19,25.16,0.0,60.97,2.32
2013-01-20,25.37,0.0,62.81,2.09
2013-01-21,26.25,0.0,61.5,2.37
2013-01-22,25.37,0.0,56.42,2.37
2013-01-23,25.64,0.0,61.22,2.31
2013-01-24,25.72,0.0,60.56,2.2
2013-01-25,25.52,0.0,58.55,2.49
2013-01-26,25.15,0.0,57.59,2.45
2013-01-27,25.57,0.0,60.32,2.54
2013-01-28,26.23,0.0,58.29,2.11
2013-01-29,26.54,0.0,58.42,1.59
2013-01-30,26.66,0.0,60.24,2.4
2013-01-31,26.11,0.0,58.59,3.13
2013-02-01,24.93,0.0,55.04,2.52
2013-02-02,25.11,0.0,58.89,2.22
2013-02-03,25.55,0.0,57.94,2.38
2013-02-04,26.55,0.01,60.78,2.04
2013-02-05,27.49,0.31,65.58,2.73
2013-02-06,27.95,0.21,61.37,2.71
2013-02-07,28.33,0.0,54.63,1.91
2013-02-08,28.72,0.0,58.1,2.21
2013-02-09,28.46,0.0,56.65,2.66
2013-02-10,27.68,0.0,56.77,3.06
2013-02-11,27.35,0.35,61.09,3.65
2013-02-12,27.79,0.36,58.67,3.57
2013-02-13,26.0,1.57,70.57,2.89
2013-02-14,26.16,5.58,70.43,2.68
2013-02-15,25.82,2.22,70.28,2.19
2013-02-16,27.79,0.38,64.04,1.84
2013-02-17,29.46,0.59,57.37,1.03
2013-02-18,28.62,4.54,64.61,1.15
2013-02-19,26.53,4.37,75.89,2.56
2013-02-20,27.43,0.13,63.25,2.25
2013-02-21,27.06,0.0,58.34,2.75
2013-02-22,26.38,0.0,58.6,2.5
2013-02-23,26.62,0.0,58.85,2.16
2013-02-24,26.73,0.0,56.13,1.82
2013-02-25,26.44,0.0,52.39,1.71
2013-02-26,26.3,0.0,48.28,2.09
2013-02-27,27.09,0.0,48.03,2.06
2013-02-28,28.04,0.0,49.96,2.01
2013-03-01,28.27,0.0,48.24,2.34
2013-03-02,27.63,0.0,49.34,2.85
2013-03-03,27.82,0.0,48.74,2.65
2013-03-04,27.85,0.6,59.2,3.1
2013-03-05,26.74,8.38,75.66,3.51
2013-03-06,26.99,4.53,74.99,2.83
2013-03-07,27.84,0.56,70.19,3.32
2013-03-08,27.34,1.9,69.64,2.31
2013-03-09,28.41,0.44,66.48,2.04
2013-03-10,29.26,0.0,58.81,1.97
2013-03-11,29.19,0.03,55.43,2.28
2013-03-12,28.86,0.0,51.28,1.85
2013-03-13,29.3,0.0,45.73,1.85
2013-03-14,28.53,0.0,53.88,2.17
2013-03-15,28.83,0.06,57.69,2.48
2013-03-16,29.14,0.42,57.24,2.73
2013-03-17,29.96,0.0,52.73,2.25
2013-03-18,29.93,0.0,47.26,1.98
2013-03-19,29.38,0.0,52.81,2.01
2013-03-20,30.25,0.0,53.17,2.13
2013-03-21,30.02,0.0,48.86,2.15
2013-03-22,30.45,0.0,41.63,2.12
2013-03-23,30.2,0.0,40.15,2.29
2013-03-24,29.89,0.01,47.8,2.31
2013-03-25,30.68,0.05,48.41,1.91
2013-03-26,31.68,0.08,49.24,2.4
2013-03-27,31.89,0.01,49.49,2.58
2013-03-28,32.19,0.0,49.45,1.98
2013-03-29,32.53,0.03,50.36,1.95
2013-03-30,31.48,0.0,54.98,2.14
2013-03-31,31.77,0.0,55.08,2.52
2013-04-01,32.31,0.0,48.81,2.09
2013-04-02,32.68,0.0,48.37,2.21
2013-04-03,31.93,0.0,52.34,2.83
2013-04-04,33.07,0.0,47.83,1.86
2013-04-05,33.49,0.0,44.42,1.58
2013-04-06,33.87,0.0,42.81,2.12
2013-04-07,33.75,0.0,45.36,1.7
2013-04-08,32.49,0.0,51.31,2.86
2013-04-09,32.11,0.01,53.66,3.25
2013-04-10,32.21,0.0,48.09,2.96
2013-04-11,32.21,0.0,48.29,2.12
2013-04-12,32.26,0.01,50.13,2.85
2013-04-13,32.3,0.02,50.8,2.7
2013-04-14,32.42,0.03,52.15,2.56
2013-04-15,31.64,1.01,53.31,1.15
2013-04-16,32.67,0.3,48.48,2.32
2013-04-17,33.89,0.09,45.01,1.72
2013-04-18,31.25,0.0,48.29,1.98
2013-04-19,33.78,0.0,39.55,2.29
2013-04-20,33.49,0.0,43.82,1.2
2013-04-21,32.79,0.59,46.5,1.99
2013-04-22,32.94,0.08,47.06,2.15
2013-04-23,33.18,0.14,46.36,2.29
2013-04-24,31.29,3.95,54.49,1.43
2013-04-25,30.79,1.34,57.84,2.42
2013-04-26,30.26,0.07,59.94,2.28
2013-04-27,31.71,0.0,53.21,2.32
2013-04-28,33.09,0.07,48.65,1.66
2013-04-29,32.81,1.55,49.98,1.6
2013-04-30,31.57,0.15,57.18,2.44
2013-05-01,30.71,0.37,56.79,2.3
2013-05-02,32.43,0.16,49.41,1.51
2013-05-03,33.36,0.0,48.07,1.96
2013-05-04,33.13,0.26,49.9,1.77
2013-05-05,32.39,0.04,52.26,1.82
2013-05-06,31.69,0.02,53.66,1.52
2013-05-07,32.12,2.74,52.06,0.99
2013-05-08,33.22,0.5,47.21,2.1
2013-05-09,33.25,0.01,45.48,2.88
2013-05-10,33.61,0.0,43.74,1.93
2013-05-11,34.3,0.04,42.55,2.75
2013-05-12,32.31,0.12,48.62,3.81
2013-05-13,29.38,0.01,56.5,1.64
2013-05-14,31.04,0.01,51.77,3.64
2013-05-15,32.33,0.0,46.63,3.66
2013-05-16,30.88,0.0,48.59,2.7
2013-05-17,32.86,0.0,45.37,2.7
2013-05-18,33.0,0.03,45.14,2.13
2013-05-19,34.15,1.14,43.46,1.85
2013-05-20,32.05,0.71,54.12,2.38
2013-05-21,32.43,0.08,44.57,2.39
2013-05-22,33.19,0.01,45.87,3.38
2013-05-23,32.76,0.02,49.08,4.46
2013-05-24,32.01,0.05,53.23,4.18
2013-05-25,30.12,6.37,56.41,4.99
2013-05-26,27.07,0.49,64.95,3.79
2013-05-27,28.0,0.03,65.94,3.38
2013-05-28,27.85,0.03,64.79,3.4
2013-05-29,28.32,0.01,63.38,2.97
2013-05-30,28.6,17.27,65.63,2.51
2013-05-31,26.87,4.68,75.34,2.29
2013-06-01,27.64,0.73,67.86,3.23
2013-06-02,27.72,0.65,64.84,5.05
2013-06-03,28.7,0.09,63.57,4.11
2013-06-04,29.23,0.28,60.3,3.77
2013-06-05,29.67,0.0,58.61,3.63
2013-06-06,29.09,2.33,63.54,3.01
2013-06-07,27.9,0.88,66.91,3.57
2013-06-08,27.27,0.07,67.04,3.28
2013-06-09,28.37,0.02,59.88,4.65
2013-06-10,28.92,0.01,58.1,4.75
2013-06-11,28.33,0.14,62.17,4.91
2013-06-12,27.71,0.05,58.45,5.52
2013-06-13,28.42,0.05,55.24,6.1
2013-06-14,28.81,0.02,62.12,5.29
2013-06-15,29.5,0.55,59.31,5.48
2013-06-16,29.27,0.25,59.48,5.34
2013-06-17,28.17,0.33,59.09,5.32
2013-06-18,28.13,1.64,60.31,5.05
2013-06-19,28.3,1.59,62.82,5.23
2013-06-20,28.24,0.04,62.02,4.88
2013-06-21,28.55,0.92,60.98,5.3
2013-06-22,27.58,0.45,60.31,5.81
2013-06-23,28.72,0.11,58.76,5.78
2013-06-24,28.6,0.44,63.24,5.06
2013-06-25,29.03,0.28,61.31,4.75
2013-06-26,28.33,4.03,64.24,4.01
2013-06-27,28.68,1.39,63.17,4.02
2013-06-28,28.52,0.35,58.91,3.7
2013-06-29,29.44,0.28,55.26,3.44
2013-06-30,29.16,0.08,56.93,4.36
2013-07-01,27.62,0.02,57.1,5.11
2013-07-02,28.45,0.01,54.72,5.58
2013-07-03,27.78,0.06,56.64,5.45
2013-07-04,29.06,0.42,57.97,5.19
2013-07-05,29.3,0.05,57.42,4.11
2013-07-06,28.69,0.51,59.52,4.95
2013-07-07,27.86,0.7,62.79,4.43
2013-07-08,28.36,0.22,60.34,4.67
2013-07-09,27.97,0.11,59.77,5.21
2013-07-10,28.22,0.24,58.27,5.39
2013-07-11,28.01,0.06,56.33,5.36
2013-07-12,28.37,0.03,58.76,5.17
2013-07-13,28.01,0.0,59.35,4.65
2013-07-14,29.02,0.02,58.84,4.12
2013-07-15,28.4,0.01,62.03,4.57
2013-07-16,28.37,0.72,60.11,5.61
2013-07-17,28.42,0.03,57.71,4.92
2013-07-18,28.85,0.2,57.57,5.55
2013-07-19,27.87,1.31,62.69,5.32
2013-07-20,28.03,0.91,62.1,4.94
2013-07-21,27.86,0.48,61.75,5.24
2013-07-22,28.33,0.04,59.26,5.25
2013-07-23,28.25,0.02,57.02,5.76
2013-07-24,28.28,0.13,56.98,6.14
2013-07-25,28.28,0.04,58.55,5.79
2013-07-26,28.23,0.09,57.09,5.28
2013-07-27,28.7,0.07,57.99,4.35
2013-07-28,29.54,0.39,58.63,4.34
2013-07-29,27.69,0.0,56.61,5.32
2013-07-30,28.87,0.0,53.21,5.03
2013-07-31,28.95,0.05,55.26,6.21
2013-08-01,28.64,0.12,58.83,5.84
2013-08-02,28.44,0.03,59.0,5.65
2013-08-03,28.89,0.06,55.89,5.36
2013-08-04,27.65,5.81,63.45,5.58
2013-08-05,26.65,5.25,66.26,5.66
2013-08-06,26.7,0.34,66.63,4.65
2013-08-07,27.72,0.77,63.88,3.81
2013-08-08,28.45,1.29,62.95,3.39
2013-08-09,26.34,8.81,74.08,3.45
2013-08-10,26.6,31.73,77.42,2.93
2013-08-11,26.92,1.4,72.75,2.89
2013-08-12,27.4,0.17,68.38,3.27
2013-08-13,27.21,0.15,68.1,3.28
2013-08-14,26.92,0.63,66.61,4.12
2013-08-15,28.08,0.65,65.22,3.25
2013-08-16,28.06,4.18,66.51,3.12
2013-08-17,28.31,1.6,65.05,2.82
2013-08-18,28.56,0.71,63.94,3.07
2013-08-19,27.91,0.02,64.5,3.34
2013-08-20,28.6,0.0,62.35,4.12
2013-08-21,28.51,0.0,62.92,4.16
2013-08-22,28.05,0.0,63.46,4.03
2013-08-23,28.97,0.0,61.25,3.93
2013-08-24,28.58,0.03,60.76,3.7
2013-08-25,29.18,0.63,60.67,3.18
2013-08-26,28.71,4.99,64.77,2.87
2013-08-27,28.26,17.61,68.79,2.26
2013-08-28,27.44,22.73,74.3,1.99
2013-08-29,27.49,7.77,74.57,2.13
2013-08-30,28.19,0.38,72.06,1.32
2013-08-31,28.28,0.49,71.83,1.07
2013-09-01,27.7,1.24,72.2,1.51
2013-09-02,27.81,2.81,72.26,1.51
2013-09-03,27.71,7.23,71.78,1.85
2013-09-04,26.6,2.25,72.94,1.53
2013-09-05,26.84,19.04,73.58,1.7
2013-09-06,24.81,13.83,83.59,2.1
2013-09-07,26.55,2.58,73.53,2.94
2013-09-08,25.28,9.06,79.42,2.68
2013-09-09,25.95,1.7,74.4,2.62
2013-09-10,26.75,11.8,73.48,2.53
2013-09-11,26.48,5.05,76.33,2.02
2013-09-12,26.27,3.82,77.15,2.04
2013-09-13,26.44,0.12,76.77,2.27
2013-09-14,27.57,0.08,72.44,2.39
2013-09-15,27.35,0.35,71.78,2.62
2013-09-16,27.66,0.45,73.64,2.25
2013-09-17,26.78,5.77,76.14,2.61
2013-09-18,26.73,0.86,72.33,3.12
2013-09-19,26.95,0.19,68.41,3.61
2013-09-20,27.29,0.02,69.57,3.83
2013-09-21,27.01,0.0,72.26,3.09
2013-09-22,27.53,0.0,67.47,3.16
2013-09-23,28.17,0.0,64.69,2.77
2013-09-24,28.5,0.0,65.71,2.12
2013-09-25,28.93,4.47,65.87,1.8
2013-09-26,29.05,0.0,65.27,1.17
2013-09-27,29.52,0.0,62.67,1.39
2013-09-28,28.65,0.0,63.46,2.6
2013-09-29,28.54,0.03,63.0,3.2
2013-09-30,28.49,0.03,63.34,2.71
2013-10-01,28.96,0.16,64.96,2.27
2013-10-02,28.73,0.32,65.95,1.96
2013-10-03,27.57,1.6,70.67,1.71
2013-10-04,27.77,0.0,64.21,1.86
2013-10-05,28.03,0.0,58.64,1.87
2013-10-06,28.29,0.04,63.51,1.81
2013-10-07,28.89,0.15,63.95,1.38
2013-10-08,27.39,22.66,76.13,1.24
2013-10-09,26.4,0.54,74.32,2.04
2013-10-10,26.7,3.23,72.29,2.02
2013-10-11,27.97,0.05,67.81,2.25
2013-10-12,26.93,0.0,66.27,3.09
2013-10-13,28.47,0.01,65.65,3.1
2013-10-14,29.07,0.1,64.9,1.72
2013-10-15,27.79,6.49,73.77,2.1
2013-10-16,26.99,15.88,80.83,1.68
2013-10-17,25.79,4.65,82.86,1.47
2013-10-18,25.03,4.27,84.99,1.04
2013-10-19,25.13,25.31,85.86,1.19
2013-10-20,24.65,10.43,84.7,0.67
2013-10-21,25.51,15.6,81.03,1.17
2013-10-22,25.95,9.14,82.56,1.22
2013-10-23,26.19,0.1,81.06,1.83
2013-10-24,26.43,2.98,78.79,1.01
2013-10-25,26.92,4.44,78.61,1.08
2013-10-26,27.02,0.65,76.8,0.78
2013-10-27,27.47,0.02,71.62,1.42
2013-10-28,26.87,0.32,71.47,1.38
2013-10-29,26.96,0.24,73.4,1.51
2013-10-30,26.74,0.03,74.72,1.44
2013-10-31,26.33,0.43,77.93,1.55
2013-11-01,26.01,0.64,79.17,1.26
2013-11-02,25.56,4.74,86.5,1.64
2013-11-03,25.23,2.26,85.48,1.85
2013-11-04,25.02,5.48,86.04,1.75
2013-11-05,24.91,9.2,87.24,2.24
2013-11-06,25.36,2.16,81.29,2.58
2013-11-07,25.18,0.11,79.77,2.96
2013-11-08,25.22,0.01,73.78,2.35
2013-11-09,24.68,0.01,73.14,2.13
2013-11-10,25.87,0.05,72.01,2.06
2013-11-11,26.25,0.01,72.73,2.35
2013-11-12,25.79,0.61,74.5,1.79
2013-11-13,24.8,0.41,70.91,1.51
2013-11-14,25.49,0.09,71.42,1.3
2013-11-15,24.72,4.03,74.74,2.21
2013-11-16,24.02,30.31,83.78,3.15
2013-11-17,24.49,21.34,87.34,2.01
2013-11-18,24.82,5.96,86.19,2.3
2013-11-19,24.89,1.45,82.41,1.47
2013-11-20,25.4,2.21,75.86,1.16
2013-11-21,25.82,1.73,76.61,0.91
2013-11-22,25.84,0.45,80.32,1.05
2013-11-23,25.69,0.87,81.12,1.29
2013-11-24,24.57,3.28,86.19,0.94
2013-11-25,24.84,0.63,83.58,1.31
2013-11-26,25.45,0.1,78.41,1.38
2013-11-27,25.0,0.03,79.81,1.35
2013-11-28,25.12,0.0,77.05,1.2
2013-11-29,24.51,0.0,78.08,1.62
2013-11-30,24.48,0.98,81.02,1.87
2013-12-01,24.33,4.82,86.91,2.04
2013-12-02,23.41,10.22,89.07,1.73
2013-12-03,23.2,4.98,87.76,1.85
2013-12-04,23.38,2.71,88.18,2.48
2013-12-05,24.0,0.8,81.77,2.43
2013-12-06,24.27,0.0,75.16,2.38
2013-12-07,24.3,0.0,73.31,2.03
2013-12-08,25.85,0.0,75.59,1.93
2013-12-09,25.55,0.0,76.53,1.38
2013-12-10,25.4,0.0,76.13,1.12
2013-12-11,25.72,0.12,69.2,1.26
2013-12-12,24.49,22.09,79.27,2.59
2013-12-13,24.5,10.17,87.83,3.33
2013-12-14,24.74,0.65,83.97,1.62
2013-12-15,24.47,0.06,79.43,1.96
2013-12-16,21.69,0.0,72.76,1.95
2013-12-17,21.62,0.0,77.37,2.31
2013-12-18,22.44,0.0,78.02,2.07
2013-12-19,22.96,0.0,77.01,1.7
2013-12-20,22.96,0.0,76.88,1.74
2013-12-21,22.67,0.0,74.97,1.78
2013-12-22,22.33,0.0,74.58,2.13
2013-12-23,22.45,0.0,74.11,2.21
2013-12-24,23.35,0.0,74.83,2.91
2013-12-25,23.64,0.0,72.78,2.57
2013-12-26,22.96,0.0,73.94,2.23
2013-12-27,23.01,0.0,71.49,2.21
2013-12-28,23.13,0.0,70.19,1.65
2013-12-29,22.68,0.0,69.2,1.99
2013-12-30,22.56,0.0,67.75,2.18
2013-12-31,23.11,0.03,71.72,2.26
2014-01-01,23.44,0.01,73.31,2.6
2014-01-02,23.41,0.0,72.42,2.33
2014-01-03,23.76,0.0,74.51,2.13
2014-01-04,23.62,0.02,72.59,2.21
2014-01-05,23.9,0.07,69.67,2.16
2014-01-06,24.13,0.3,70.58,2.49
2014-01-07,24.25,2.93,74.21,2.95
2014-01-08,23.79,1.59,79.12,2.73
2014-01-09,24.72,0.11,73.42,2.54
2014-01-10,24.18,0.0,70.17,1.97
2014-01-11,23.82,0.0,70.67,1.62
2014-01-12,24.45,0.0,69.57,1.71
2014-01-13,24.68,0.13,70.95,1.99
2014-01-14,25.13,0.19,70.15,2.4
2014-01-15,24.89,0.01,68.46,1.92
2014-01-16,25.12,0.0,69.35,1.99
2014-01-17,24.47,0.0,68.5,2.06
2014-01-18,24.4,0.0,65.41,2.21
2014-01-19,24.33,0.0,72.65,2.32
2014-01-20,24.87,0.0,66.51,2.71
2014-01-21,24.62,0.0,65.61,2.75
2014-01-22,24.67,0.03,67.01,2.55
2014-01-23,25.02,0.01,65.4,2.18
2014-01-24,25.19,0.0,66.29,2.1
2014-01-25,24.84,0.0,66.13,2.52
2014-01-26,23.97,0.0,66.05,2.95
2014-01-27,24.04,0.0,66.56,2.81
2014-01-28,24.42,0.0,61.99,2.48
2014-01-29,24.18,0.0,60.21,2.2
2014-01-30,24.46,0.0,60.33,2.21
2014-01-31,25.05,0.0,64.36,2.36
2014-02-01,25.72,0.0,65.43,2.73
2014-02-02,25.63,0.04,65.82,2.93
2014-02-03,24.86,0.0,62.53,2.17
2014-02-04,24.62,0.0,60.98,1.69
2014-02-05,24.58,0.0,58.49,1.76
2014-02-06,24.69,0.0,59.8,1.8
2014-02-07,24.61,0.0,56.91,1.84
2014-02-08,24.72,0.0,58.26,1.85
2014-02-09,24.9,0.0,55.3,1.39
2014-02-10,25.85,0.0,54.27,1.66
2014-02-11,26.15,0.0,55.5,1.64
2014-02-12,27.1,0.0,53.34,1.38
2014-02-13,27.33,0.0,58.03,2.18
2014-02-14,27.91,0.0,57.18,1.71
2014-02-15,28.47,0.02,56.37,1.49
2014-02-16,29.17,0.02,56.05,1.54
2014-02-17,29.56,0.0,58.1,2.26
2014-02-18,28.46,0.0,59.13,3.43
2014-02-19,28.03,0.0,58.66,2.61
2014-02-20,27.94,0.0,58.7,2.65
2014-02-21,27.62,0.09,55.57,2.51
2014-02-22,27.62,0.04,53.29,2.02
2014-02-23,27.14,0.0,51.44,2.2
2014-02-24,26.23,4.33,70.48,3.42
2014-02-25,26.65,0.43,65.98,3.18
2014-02-26,27.04,0.0,56.9,2.34
2014-02-27,27.31,0.13,57.55,1.91
2014-02-28,28.18,0.1,58.97,2.17
2014-03-01,28.57,0.01,56.12,2.62
2014-03-02,28.07,0.0,56.94,2.24
2014-03-03,28.74,0.04,56.41,3.09
2014-03-04,28.99,0.23,57.52,3.01
2014-03-05,27.76,0.13,60.12,2.78
2014-03-06,29.1,0.07,55.09,2.83
2014-03-07,28.25,0.02,56.18,2.98
2014-03-08,28.45,0.01,56.49,2.96
2014-03-09,28.27,0.0,54.74,3.07
2014-03-10,29.02,0.0,52.37,3.14
2014-03-11,28.29,0.0,53.09,3.35
2014-03-12,27.58,0.0,53.1,2.82
2014-03-13,27.31,0.0,57.13,2.63
2014-03-14,27.65,0.0,52.55,2.61
2014-03-15,27.32,0.0,47.69,2.52
2014-03-16,27.88,0.0,47.67,2.8
2014-03-17,28.64,0.0,52.06,2.8
2014-03-18,29.9,0.0,48.54,2.68
2014-03-19,29.74,0.0,50.67,2.62
2014-03-20,30.94,0.04,52.42,2.39
2014-03-21,30.83,0.02,47.9,2.07
2014-03-22,31.19,0.0,43.9,2.11
2014-03-23,30.52,0.0,44.75,2.33
2014-03-24,29.86,0.0,47.52,2.3
2014-03-25,29.53,0.0,45.5,2.31
2014-03-26,28.96,0.0,46.72,2.52
2014-03-27,29.01,0.0,45.94,1.9
2014-03-28,29.13,0.0,43.12,1.87
2014-03-29,30.39,0.0,34.71,2.16
2014-03-30,30.16,0.0,33.82,2.0
2014-03-31,31.04,0.0,33.07,2.13
2014-04-01,31.7,0.0,40.81,2.03
2014-04-02,32.02,0.0,41.93,2.37
2014-04-03,30.6,0.0,51.38,2.09
2014-04-04,30.7,0.0,49.66,2.27
2014-04-05,31.27,0.0,52.33,2.61
2014-04-06,31.02,0.01,53.51,2.91
2014-04-07,31.39,0.04,50.16,2.43
2014-04-08,32.13,0.01,45.3,1.01
2014-04-09,32.59,0.0,44.23,1.4
2014-04-10,32.16,0.01,46.76,2.35
2014-04-11,32.51,0.01,41.62,0.87
2014-04-12,33.5,0.06,41.45,1.85
2014-04-13,32.77,0.0,46.34,2.45
2014-04-14,30.54,0.02,57.26,2.76
2014-04-15,30.13,0.17,55.26,2.39
2014-04-16,31.86,0.0,44.5,1.74
2014-04-17,33.06,0.0,43.84,1.6
2014-04-18,32.69,0.0,45.65,2.18
2014-04-19,31.29,0.01,51.95,2.37
2014-04-20,31.48,0.0,49.24,2.23
2014-04-21,31.42,0.0,49.99,2.36
2014-04-22,30.69,0.01,52.5,2.15
2014-04-23,31.61,2.91,52.02,2.41
2014-04-24,32.35,0.17,49.93,1.57
2014-04-25,32.89,0.0,48.37,1.56
2014-04-26,31.93,0.0,51.98,2.02
2014-04-27,32.15,0.03,53.63,2.69
2014-04-28,31.77,0.0,54.34,1.08
2014-04-29,30.84,0.06,49.79,2.27
2014-04-30,31.39,4.69,45.6,2.55
2014-05-01,30.33,0.75,51.11,1.62
2014-05-02,31.26,0.46,53.95,2.59
2014-05-03,30.98,0.63,58.33,2.34
2014-05-04,29.46,7.39,66.57,2.03
2014-05-05,27.59,7.59,76.75,1.79
2014-05-06,26.03,27.95,85.69,2.44
2014-05-07,25.81,39.03,88.07,4.04
2014-05-08,27.13,7.57,79.29,3.82
2014-05-09,28.28,0.37,75.35,2.02
2014-05-10,29.45,0.0,69.13,1.39
2014-05-11,29.18,0.14,69.68,1.82
2014-05-12,29.27,7.23,73.22,1.26
2014-05-13,28.81,5.18,73.73,1.33
2014-05-14,29.6,0.29,66.83,1.99
2014-05-15,28.49,0.0,66.87,2.42
2014-05-16,29.99,0.0,59.72,2.11
2014-05-17,29.57,0.02,59.94,2.68
2014-05-18,29.99,0.0,62.49,2.0
2014-05-19,30.41,0.03,63.02,1.1
2014-05-20,29.69,11.18,69.27,1.48
2014-05-21,29.55,4.8,65.16,1.72
2014-05-22,30.65,0.37,61.74,1.96
2014-05-23,30.12,2.22,65.42,2.23
2014-05-24,29.13,8.81,71.96,2.09
2014-05-25,28.06,0.09,71.03,2.71
2014-05-26,29.72,6.56,66.11,1.68
2014-05-27,30.22,0.33,64.55,1.4
2014-05-28,30.37,4.67,66.64,1.35
2014-05-29,30.0,0.56,66.82,1.41
2014-05-30,30.39,0.02,63.78,2.33
2014-05-31,31.24,0.0,62.33,2.61
2014-06-01,30.83,3.67,66.33,2.71
2014-06-02,28.98,5.32,72.0,2.11
2014-06-03,27.42,0.41,73.48,1.82
2014-06-04,29.91,0.01,63.37,1.97
2014-06-05,30.29,0.31,62.48,1.8
2014-06-06,29.78,0.08,65.3,3.12
2014-06-07,29.51,0.07,63.16,4.83
2014-06-08,30.53,0.04,57.63,4.94
2014-06-09,29.06,0.03,65.76,3.62
2014-06-10,29.31,0.03,65.52,3.22
2014-06-11,29.6,0.06,60.21,4.27
2014-06-12,29.27,0.02,62.22,4.13
2014-06-13,28.95,0.03,60.43,4.34
2014-06-14,29.28,0.45,62.89,3.94
2014-06-15,29.5,0.0,56.83,4.06
2014-06-16,29.11,0.0,62.57,4.18
2014-06-17,29.74,0.02,60.39,4.82
2014-06-18,29.42,0.28,63.05,4.85
2014-06-19,29.02,0.09,64.19,4.42
2014-06-20,29.37,0.07,63.74,4.23
2014-06-21,29.44,1.26,61.23,5.67
2014-06-22,29.16,1.98,60.54,4.39
2014-06-23,29.75,0.01,60.72,4.19
2014-06-24,30.34,0.0,60.53,4.7
2014-06-25,29.68,0.0,59.87,4.73
2014-06-26,30.41,0.0,58.28,2.85
2014-06-27,30.15,0.0,62.48,1.73
2014-06-28,29.25,2.32,68.26,1.72
2014-06-29,29.88,1.1,62.8,2.59
2014-06-30,29.39,9.99,63.44,2.37
2014-07-01,27.95,1.39,73.03,2.99
2014-07-02,28.98,0.01,63.75,3.44
2014-07-03,29.2,0.0,61.3,3.6
2014-07-04,29.83,0.33,60.56,4.07
2014-07-05,29.46,0.55,64.48,3.72
2014-07-06,29.12,1.98,60.1,3.71
2014-07-07,27.79,4.67,63.42,4.2
2014-07-08,27.46,0.03,61.37,4.41
2014-07-09,28.52,0.06,57.17,4.66
2014-07-10,28.4,0.12,60.12,5.13
2014-07-11,27.96,0.03,64.94,4.27
2014-07-12,28.37,0.02,63.95,5.17
2014-07-13,28.2,0.16,61.51,5.88
2014-07-14,28.2,0.17,61.02,5.46
2014-07-15,28.15,0.54,61.92,5.13
2014-07-16,28.42,0.0,61.07,4.75
2014-07-17,28.96,0.0,60.04,4.11
2014-07-18,29.38,0.02,56.99,4.57
2014-07-19,29.12,0.06,57.89,5.14
2014-07-20,29.45,0.16,58.69,5.38
2014-07-21,28.65,0.26,61.74,5.02
2014-07-22,28.38,0.04,60.33,5.58
2014-07-23,27.94,0.51,59.62,6.35
2014-07-24,28.85,0.04,53.56,5.55
2014-07-25,28.5,0.03,57.37,5.53
2014-07-26,29.33,0.3,55.08,5.4
2014-07-27,28.74,0.05,60.49,5.05
2014-07-28,28.66,0.01,60.19,5.39
2014-07-29,29.2,0.0,56.84,5.23
2014-07-30,29.82,0.09,55.53,5.34
2014-07-31,29.6,0.77,56.53,4.93
2014-08-01,29.25,0.51,60.88,4.96
2014-08-02,28.69,0.11,60.2,4.74
2014-08-03,28.96,0.28,60.39,5.11
2014-08-04,28.36,0.66,57.82,5.86
2014-08-05,28.72,0.14,57.51,5.66
2014-08-06,29.18,0.63,55.84,4.85
2014-08-07,28.81,0.11,57.6,4.19
2014-08-08,28.81,2.91,58.56,4.14
2014-08-09,27.33,7.4,66.7,2.81
2014-08-10,27.52,3.36,66.14,3.38
2014-08-11,27.61,0.93,65.95,3.11
2014-08-12,27.0,0.05,69.6,2.55
2014-08-13,27.33,0.19,66.1,2.71
2014-08-14,27.93,0.6,64.15,2.67
2014-08-15,27.26,1.77,68.09,2.41
2014-08-16,26.91,13.88,71.14,2.19
2014-08-17,27.03,4.03,71.63,2.0
2014-08-18,26.83,41.74,76.36,1.39
2014-08-19,27.49,2.88,75.48,0.93
2014-08-20,28.41,0.3,69.55,1.53
2014-08-21,28.91,0.14,69.73,0.97
2014-08-22,27.97,4.14,74.59,1.79
2014-08-23,27.28,10.24,76.33,2.52
2014-08-24,27.37,3.93,75.16,1.51
2014-08-25,27.89,0.02,67.27,1.88
2014-08-26,27.7,0.0,66.69,2.81
2014-08-27,27.31,0.0,67.37,3.12
2014-08-28,27.97,0.04,64.12,3.63
2014-08-29,27.84,0.25,65.49,3.52
2014-08-30,27.81,0.38,63.89,4.57
2014-08-31,27.42,0.23,65.76,4.2
2014-09-01,27.95,0.15,67.19,3.32
2014-09-02,27.88,3.46,68.54,2.62
2014-09-03,27.27,0.38,66.38,2.96
2014-09-04,28.13,0.04,63.87,2.43
2014-09-05,27.47,2.29,64.21,3.53
2014-09-06,27.67,0.09,61.81,3.89
2014-09-07,26.7,0.55,67.69,3.68
2014-09-08,28.43,0.02,62.79,3.42
2014-09-09,28.48,0.54,62.84,3.4
2014-09-10,28.88,0.25,62.01,3.08
2014-09-11,29.56,0.0,58.46,2.79
2014-09-12,27.92,11.8,66.51,2.39
2014-09-13,28.59,0.05,64.2,2.05
2014-09-14,28.88,1.52,64.9,2.86
2014-09-15,28.17,0.38,65.61,3.18
2014-09-16,27.67,0.1,66.01,3.41
2014-09-17,29.12,0.04,62.08,3.9
2014-09-18,28.33,0.0,62.32,3.65
2014-09-19,29.33,0.2,60.88,3.25
2014-09-20,29.12,0.16,60.48,3.37
2014-09-21,29.09,0.36,63.42,1.82
2014-09-22,28.25,4.79,72.11,1.79
2014-09-23,28.92,7.89,73.21,1.08
2014-09-24,28.65,3.66,73.11,1.0
2014-09-25,27.93,4.34,73.65,1.73
2014-09-26,27.53,3.21,75.63,1.74
2014-09-27,26.8,5.31,79.58,1.72
2014-09-28,26.72,4.61,77.48,1.75
2014-09-29,27.1,4.28,77.64,1.57
2014-09-30,27.03,7.15,78.21,1.75
2014-10-01,27.77,0.89,71.75,1.49
2014-10-02,28.73,0.06,64.7,1.84
2014-10-03,28.62,0.0,64.95,1.23
2014-10-04,28.54,0.79,67.31,0.65
2014-10-05,27.98,2.6,72.37,1.65
2014-10-06,28.37,4.76,69.45,1.77
2014-10-07,27.32,4.62,72.99,1.8
2014-10-08,27.67,5.47,71.17,1.26
2014-10-09,28.25,3.22,71.95,1.22
2014-10-10,27.91,0.58,74.9,1.21
2014-10-11,27.92,0.03,60.46,3.61
2014-10-12,27.79,0.16,62.19,2.22
2014-10-13,28.76,0.25,66.19,1.45
2014-10-14,27.63,0.69,76.53,1.01
2014-10-15,27.04,6.57,79.1,2.12
2014-10-16,26.95,7.59,73.36,1.92
2014-10-17,25.25,25.23,79.9,0.98
2014-10-18,24.69,15.39,87.07,2.45
2014-10-19,24.4,16.93,85.19,2.14
2014-10-20,24.66,8.63,83.31,1.96
2014-10-21,24.2,6.14,84.54,2.02
2014-10-22,24.99,7.22,82.53,2.01
2014-10-23,25.29,6.26,84.15,1.71
2014-10-24,25.84,1.09,79.23,1.16
2014-10-25,25.94,27.06,85.29,1.61
2014-10-26,25.15,7.05,86.34,0.61
2014-10-27,25.49,6.33,84.49,0.94
2014-10-28,25.61,3.29,83.65,1.06
2014-10-29,24.84,7.14,86.41,1.0
2014-10-30,24.68,1.95,86.93,1.55
2014-10-31,24.42,0.0,78.24,1.38
2014-11-01,24.13,31.65,82.99,1.15
2014-11-02,24.69,14.65,84.13,1.3
2014-11-03,24.1,11.95,83.16,1.31
2014-11-04,23.8,2.78,80.82,0.84
2014-11-05,24.96,0.0,73.51,1.65
2014-11-06,24.52,0.0,66.15,1.52
2014-11-07,25.52,0.0,62.79,0.91
2014-11-08,25.36,0.0,75.27,0.7
2014-11-09,25.95,0.71,79.93,0.91
2014-11-10,25.84,0.57,83.59,1.48
2014-11-11,25.73,3.9,83.95,1.76
2014-11-12,24.85,4.43,86.87,2.14
2014-11-13,24.23,12.07,89.46,1.32
2014-11-14,24.94,5.83,90.17,2.01
2014-11-15,25.14,4.53,86.83,2.17
2014-11-16,24.37,1.11,86.67,2.01
2014-11-17,24.0,0.62,84.57,2.4
2014-11-18,23.99,3.81,86.6,2.8
2014-11-19,24.5,2.36,85.79,2.95
2014-11-20,24.07,1.84,84.39,2.5
2014-11-21,23.47,5.43,87.87,1.98
2014-11-22,24.09,3.06,85.55,2.05
2014-11-23,23.66,1.21,87.36,2.22
2014-11-24,23.75,0.29,83.65,2.76
2014-11-25,22.69,0.05,81.88,2.37
2014-11-26,23.05,0.3,81.73,2.18
2014-11-27,23.05,6.57,85.02,1.85
2014-11-28,21.39,6.26,83.34,1.38
2014-11-29,20.79,6.34,81.03,1.77
2014-11-30,21.7,2.23,83.78,3.0
2014-12-01,22.61,4.9,87.1,2.78
2014-12-02,23.53,0.03,83.14,2.59
2014-12-03,22.77,0.0,77.4,1.86
2014-12-04,21.76,0.0,80.43,1.62
2014-12-05,21.56,0.0,80.11,1.62
2014-12-06,22.32,0.0,80.73,1.74
2014-12-07,24.01,0.06,83.72,1.67
2014-12-08,24.59,0.28,84.58,1.85
2014-12-09,24.49,0.9,84.69,1.69
2014-12-10,24.28,4.76,87.79,1.82
2014-12-11,24.14,0.44,85.36,1.65
2014-12-12,24.09,1.28,86.04,1.99
2014-12-13,24.24,0.69,84.75,2.01
2014-12-14,24.58,0.38,83.82,2.22
2014-12-15,24.61,0.01,79.49,1.75
2014-12-16,24.95,1.47,84.81,2.85
2014-12-17,24.13,5.69,86.26,3.3
2014-12-18,23.66,3.37,87.79,3.22
2014-12-19,24.0,1.37,85.77,3.45
2014-12-20,22.53,0.08,83.23,2.32
2014-12-21,23.52,0.0,78.15,2.04
2014-12-22,23.94,0.0,78.99,2.51
2014-12-23,24.54,0.12,78.88,2.22
2014-12-24,24.57,0.19,79.89,2.6
2014-12-25,24.18,0.0,75.74,2.17
2014-12-26,22.78,0.0,69.76,2.09
2014-12-27,22.79,0.6,72.95,2.06
2014-12-28,22.36,3.79,84.92,1.88
2014-12-29,24.5,2.89,80.21,2.21
2014-12-30,25.87,0.05,72.61,1.66
2014-12-31,24.97,4.0,82.09,1.57
2015-01-01,26.19,3.38,79.68,1.74
2015-01-02,25.67,0.01,75.32,1.48
2015-01-03,24.76,0.0,73.5,1.36
2015-01-04,25.38,0.0,76.35,1.63
2015-01-05,24.92,0.0,75.43,1.74
2015-01-06,24.81,0.0,74.85,1.57
2015-01-07,24.19,0.0,74.46,1.56
2015-01-08,24.52,0.0,74.68,1.4
2015-01-09,24.33,0.0,75.82,2.01
2015-01-10,23.4,0.0,67.76,2.1
2015-01-11,21.96,0.0,68.14,2.37
2015-01-12,21.91,0.0,67.0,2.03
2015-01-13,21.86,0.0,68.02,1.99
2015-01-14,22.25,0.0,68.71,1.76
2015-01-15,22.35,0.0,68.03,1.73
2015-01-16,23.9,0.01,74.22,1.93
2015-01-17,24.48,0.01,73.55,2.17
2015-01-18,24.04,0.0,71.45,2.08
2015-01-19,23.58,0.0,69.17,2.11
2015-01-20,23.14,0.0,70.96,1.87
2015-01-21,22.84,0.01,70.85,2.2
2015-01-22,23.46,0.05,72.12,1.98
2015-01-23,24.8,0.77,75.34,2.29
2015-01-24,24.97,0.21,73.43,2.51
2015-01-25,24.79,0.0,65.01,2.5
2015-01-26,23.75,0.0,70.66,2.43
2015-01-27,24.41,0.0,71.31,2.71
2015-01-28,25.12,0.0,71.08,2.37
2015-01-29,25.44,0.0,68.81,1.98
2015-01-30,25.54,0.0,67.14,2.01
2015-01-31,24.96,0.0,63.21,2.49
2015-02-01,24.48,0.0,68.67,2.24
2015-02-02,24.1,0.0,66.35,2.64
2015-02-03,24.47,0.0,67.54,3.0
2015-02-04,23.79,0.18,71.53,2.57
2015-02-05,25.17,0.1,65.87,2.53
2015-02-06,24.73,0.0,66.95,2.34
2015-02-07,24.9,0.02,63.27,2.09
2015-02-08,24.94,0.0,60.99,1.89
2015-02-09,24.89,0.0,64.12,2.2
2015-02-10,24.29,0.0,69.49,2.36
2015-02-11,26.19,0.0,65.83,2.35
2015-02-12,26.81,0.01,64.71,2.57
2015-02-13,27.06,0.01,62.58,1.97
2015-02-14,26.7,0.0,59.79,1.85
2015-02-15,26.38,0.0,56.65,1.89
2015-02-16,25.9,0.0,56.92,2.01
2015-02-17,25.53,0.0,55.27,1.47
2015-02-18,25.52,0.0,52.6,1.67
2015-02-19,25.7,0.0,53.63,1.72
2015-02-20,25.42,0.0,57.53,2.52
2015-02-21,25.43,0.0,58.86,2.65
2015-02-22,25.57,0.0,56.78,2.81
2015-02-23,25.58,0.0,54.44,2.4
2015-02-24,26.05,0.0,53.18,1.96
2015-02-25,27.59,0.0,57.77,1.98
2015-02-26,28.86,0.37,59.81,1.82
2015-02-27,28.87,0.84,62.06,1.83
2015-02-28,29.04,0.12,60.46,2.61
2015-03-01,29.42,0.03,58.57,2.8
2015-03-02,29.77,0.09,58.95,2.3
2015-03-03,29.5,0.27,57.47,2.36
2015-03-04,28.55,0.21,50.69,1.53
2015-03-05,29.62,0.01,54.86,2.48
2015-03-06,30.09,1.3,55.66,2.23
2015-03-07,29.33,2.25,58.13,2.45
2015-03-08,28.67,0.32,56.97,2.55
2015-03-09,28.72,0.03,58.25,2.39
2015-03-10,28.15,0.0,52.81,2.38
2015-03-11,27.77,0.0,56.07,2.66
2015-03-12,28.83,0.0,56.49,3.19
2015-03-13,29.02,0.0,56.12,3.17
2015-03-14,28.15,2.05,60.29,2.83
2015-03-15,28.02,1.78,66.61,2.76
2015-03-16,28.27,3.01,63.97,2.56
2015-03-17,27.66,1.79,59.12,1.79
2015-03-18,28.07,0.0,50.04,1.57
2015-03-19,28.07,0.0,44.91,1.65
2015-03-20,28.48,0.0,54.26,2.0
2015-03-21,28.82,0.0,51.52,2.3
2015-03-22,29.25,0.0,51.18,2.02
2015-03-23,30.31,0.0,47.23,1.83
2015-03-24,30.83,0.0,48.64,2.36
2015-03-25,29.8,0.0,52.25,2.67
2015-03-26,29.53,0.0,51.26,2.51
2015-03-27,29.55,0.0,51.29,2.35
2015-03-28,29.65,0.02,54.81,2.28
2015-03-29,30.54,0.06,53.6,2.67
2015-03-30,30.73,0.01,52.82,2.76
2015-03-31,30.53,0.14,55.77,2.28
2015-04-01,30.19,9.05,60.44,2.51
2015-04-02,30.12,1.33,61.28,1.93
2015-04-03,31.72,0.29,54.29,1.13
2015-04-04,31.52,0.33,56.25,1.48
2015-04-05,31.66,0.0,54.74,2.74
2015-04-06,31.08,0.04,56.82,2.74
2015-04-07,30.38,0.16,59.23,2.48
2015-04-08,29.06,0.19,58.48,1.63
2015-04-09,29.37,0.25,53.05,2.44
2015-04-10,29.46,0.75,62.73,1.9
2015-04-11,30.89,1.04,55.81,1.86
2015-04-12,28.98,3.78,63.39,1.64
2015-04-13,26.5,7.19,72.73,2.16
2015-04-14,27.39,2.73,67.33,1.26
2015-04-15,26.79,18.24,77.18,2.59
2015-04-16,26.7,17.67,79.55,1.5
2015-04-17,27.51,16.72,73.86,0.91
2015-04-18,28.45,7.76,69.31,1.4
2015-04-19,29.08,0.04,67.32,1.35
2015-04-20,29.23,0.56,66.85,1.95
2015-04-21,27.81,1.43,72.38,1.73
2015-04-22,27.4,0.96,73.8,1.5
2015-04-23,29.3,3.35,65.22,1.17
2015-04-24,29.1,5.85,68.12,1.17
2015-04-25,27.53,9.12,70.49,1.31
2015-04-26,28.62,2.32,62.98,1.86
2015-04-27,28.65,0.28,67.51,1.99
2015-04-28,29.31,0.02,65.73,1.66
2015-04-29,30.14,0.19,62.24,2.18
2015-04-30,30.72,0.27,61.46,1.28
2015-05-01,29.91,0.17,62.21,2.05
2015-05-02,30.46,0.13,60.07,1.34
2015-05-03,30.43,0.02,61.51,1.57
2015-05-04,29.21,2.18,69.01,1.46
2015-05-05,29.15,2.35,67.7,1.45
2015-05-06,28.36,4.54,72.4,1.32
2015-05-07,28.16,10.38,74.27,1.47
2015-05-08,28.57,9.7,74.04,1.33
2015-05-09,28.31,8.44,75.45,1.28
2015-05-10,29.06,2.06,66.14,1.59
2015-05-11,27.28,8.54,67.84,1.52
2015-05-12,27.7,18.22,65.34,1.15
2015-05-13,26.66,12.43,75.88,1.54
2015-05-14,27.57,12.81,75.47,1.12
2015-05-15,26.35,28.12,87.2,1.22
2015-05-16,26.76,5.71,86.36,1.26
2015-05-17,25.89,5.78,89.53,1.55
2015-05-18,28.23,1.9,74.76,1.96
2015-05-19,28.73,0.32,71.38,1.99
2015-05-20,29.23,0.04,69.18,2.09
2015-05-21,29.41,0.0,67.6,3.26
2015-05-22,29.94,0.0,66.9,2.16
2015-05-23,29.38,0.12,69.43,2.48
2015-05-24,29.44,0.05,65.32,2.82
2015-05-25,30.3,0.0,63.65,2.4
2015-05-26,29.98,0.0,65.42,3.13
2015-05-27,27.81,6.63,72.12,2.71
2015-05-28,28.0,5.02,65.69,2.96
2015-05-29,29.16,0.85,66.85,2.21
2015-05-30,29.1,7.8,72.78,1.99
2015-05-31,29.31,3.31,70.3,1.59
2015-06-01,28.86,0.51,68.44,2.47
2015-06-02,28.01,15.8,73.76,1.71
2015-06-03,28.17,0.8,75.13,1.03
2015-06-04,28.16,3.51,76.85,0.68
2015-06-05,26.99,17.82,83.19,1.23
2015-06-06,28.73,0.08,70.5,0.87
2015-06-07,28.94,0.29,66.81,2.2
2015-06-08,28.03,0.5,68.37,2.35
2015-06-09,28.25,0.15,69.87,2.29
2015-06-10,27.57,0.61,75.44,1.74
2015-06-11,28.05,2.18,72.63,2.49
2015-06-12,27.48,0.02,71.57,3.26
2015-06-13,27.63,6.66,72.35,2.64
2015-06-14,27.96,0.13,67.3,3.43
2015-06-15,27.95,0.2,64.57,4.01
2015-06-16,26.69,0.23,67.58,3.75
2015-06-17,26.73,0.21,67.28,4.06
2015-06-18,27.23,1.06,69.71,3.96
2015-06-19,27.72,1.61,68.42,4.65
2015-06-20,28.34,0.49,67.97,4.63
2015-06-21,27.71,1.55,67.83,4.61
2015-06-22,28.82,0.28,65.32,4.39
2015-06-23,28.17,1.37,71.95,2.82
2015-06-24,28.62,0.14,68.52,3.06
2015-06-25,28.4,0.32,70.98,3.43
2015-06-26,27.26,0.93,63.68,5.6
2015-06-27,28.28,0.25,61.78,4.61
2015-06-28,28.96,0.24,67.49,3.57
2015-06-29,28.21,1.14,68.23,3.57
2015-06-30,28.94,7.98,59.79,3.84
2015-07-01,28.41,6.35,70.71,2.32
2015-07-02,29.07,0.01,65.38,3.33
2015-07-03,29.31,0.05,65.64,3.37
2015-07-04,29.05,0.09,67.05,3.82
2015-07-05,29.3,0.01,65.73,4.28
2015-07-06,28.65,0.01,63.45,5.19
2015-07-07,27.57,0.01,66.38,4.38
2015-07-08,28.47,0.1,64.42,4.1
2015-07-09,29.7,0.06,62.01,4.39
2015-07-10,28.44,0.18,68.08,4.19
2015-07-11,28.48,0.2,67.54,3.97
2015-07-12,29.23,0.02,61.8,3.68
2015-07-13,29.34,0.04,62.57,3.65
2015-07-14,29.83,0.12,62.28,4.13
2015-07-15,28.82,0.14,66.86,4.27
2015-07-16,29.02,0.09,62.63,4.54
2015-07-17,28.03,0.65,61.88,5.61
2015-07-18,28.21,0.21,60.62,5.67
2015-07-19,26.89,1.48,64.0,4.91
2015-07-20,27.66,0.17,65.69,4.1
2015-07-21,28.32,2.77,66.91,3.77
2015-07-22,28.04,0.55,66.59,3.83
2015-07-23,28.1,1.58,64.66,3.16
2015-07-24,27.92,0.39,65.54,2.83
2015-07-25,27.65,0.57,64.29,2.98
2015-07-26,27.9,0.02,61.07,3.2
2015-07-27,28.99,0.37,57.25,3.07
2015-07-28,29.28,5.12,61.25,2.32
2015-07-29,28.42,2.32,64.31,2.01
2015-07-30,28.9,0.0,60.91,2.86
2015-07-31,29.75,0.01,58.03,3.1
2015-08-01,28.99,0.58,61.74,2.69
2015-08-02,28.31,0.69,63.45,2.85
2015-08-03,27.75,3.55,68.2,3.09
2015-08-04,29.15,0.16,61.16,3.81
2015-08-05,28.61,0.05,58.4,4.06
2015-08-06,29.01,0.06,58.68,4.11
2015-08-07,28.49,0.1,62.9,3.95
2015-08-08,29.44,0.28,61.68,3.72
2015-08-09,29.35,0.07,61.1,4.49
2015-08-10,28.88,0.76,60.9,4.51
2015-08-11,29.08,0.05,62.53,3.86
2015-08-12,28.93,0.05,61.58,4.11
2015-08-13,28.45,0.36,65.64,3.62
2015-08-14,29.76,0.49,59.75,3.82
2015-08-15,29.99,1.46,61.42,3.11
2015-08-16,26.94,24.85,78.31,2.06
2015-08-17,28.26,10.03,70.69,1.73
2015-08-18,28.2,3.12,71.09,2.3
2015-08-19,27.63,1.76,72.72,2.63
2015-08-20,28.65,0.01,66.07,1.93
2015-08-21,29.25,3.53,66.42,1.69
2015-08-22,27.87,8.76,71.45,2.05
2015-08-23,28.17,1.73,63.04,2.9
2015-08-24,28.82,0.17,59.63,2.62
2015-08-25,29.22,0.01,58.31,2.93
2015-08-26,28.87,0.0,59.54,3.08
2015-08-27,28.76,0.03,63.03,3.35
2015-08-28,29.63,0.0,58.43,3.01
2015-08-29,30.18,0.0,59.09,2.93
2015-08-30,30.74,0.0,56.22,2.15
2015-08-31,30.84,0.0,55.8,1.97
2015-09-01,29.93,1.94,62.6,1.58
2015-09-02,27.91,8.81,70.9,1.51
2015-09-03,27.84,6.59,71.79,0.83
2015-09-04,28.04,0.34,67.86,1.51
2015-09-05,28.13,3.44,70.56,2.08
2015-09-06,27.64,2.29,72.85,2.12
2015-09-07,26.61,0.82,73.6,2.05
2015-09-08,27.8,0.18,61.6,2.48
2015-09-09,28.12,1.29,62.7,2.57
2015-09-10,28.24,0.3,65.81,2.2
2015-09-11,27.81,0.23,68.44,2.22
2015-09-12,29.39,0.41,61.82,3.09
2015-09-13,29.16,0.0,61.19,3.28
2015-09-14,29.49,0.02,58.16,4.27
2015-09-15,28.66,0.11,62.7,3.8
2015-09-16,29.2,0.45,62.25,4.25
2015-09-17,28.84,0.15,59.73,4.11
2015-09-18,29.21,0.14,60.43,3.44
2015-09-19,29.36,0.25,61.91,2.76
2015-09-20,28.93,0.13,64.4,2.5
2015-09-21,28.65,0.01,59.97,1.71
2015-09-22,30.78,0.23,57.92,1.02
2015-09-23,29.0,1.57,67.52,1.39
2015-09-24,29.04,2.04,65.04,2.02
2015-09-25,30.17,0.94,62.3,1.09
2015-09-26,31.15,0.46,57.43,1.79
2015-09-27,27.4,38.25,77.61,1.18
2015-09-28,27.62,7.84,74.36,1.24
2015-09-29,26.08,33.53,85.22,1.55
2015-09-30,26.01,3.23,80.1,1.57
2015-10-01,25.97,3.5,80.6,1.92
2015-10-02,27.0,11.99,78.1,1.82
2015-10-03,28.4,1.17,71.76,1.62
2015-10-04,27.18,1.36,77.35,1.45
2015-10-05,26.09,10.15,81.96,1.33
2015-10-06,27.3,6.24,70.31,1.91
2015-10-07,27.5,7.61,72.24,1.53
2015-10-08,27.22,1.73,73.9,1.51
2015-10-09,26.92,0.46,71.5,2.0
2015-10-10,27.26,2.32,74.56,1.54
2015-10-11,27.46,5.63,75.4,0.99
2015-10-12,25.89,14.93,86.99,1.34
2015-10-13,27.06,0.16,75.15,1.41
2015-10-14,27.04,0.61,72.83,1.55
2015-10-15,26.93,0.1,71.41,1.36
2015-10-16,27.0,0.02,71.06,1.53
2015-10-17,27.04,0.04,72.14,1.81
2015-10-18,26.68,5.05,80.86,1.69
2015-10-19,26.39,3.95,84.18,1.6
2015-10-20,27.22,0.92,77.49,1.76
2015-10-21,27.53,0.17,73.58,1.97
2015-10-22,27.46,0.05,70.31,1.74
2015-10-23,27.35,0.1,66.33,1.41
2015-10-24,27.16,1.73,75.38,2.01
2015-10-25,26.39,0.49,69.68,2.47
2015-10-26,26.36,0.04,69.11,2.14
2015-10-27,26.47,1.01,70.3,1.45
2015-10-28,25.2,9.68,84.31,1.41
2015-10-29,26.35,0.38,74.03,1.71
2015-10-30,25.96,3.22,78.57,1.43
2015-10-31,24.9,8.2,88.81,2.01
2015-11-01,25.4,11.5,86.31,2.75
2015-11-02,25.35,10.86,84.25,1.49
2015-11-03,26.26,7.18,81.65,1.16
2015-11-04,26.05,16.13,84.31,1.44
2015-11-05,25.85,13.88,84.93,0.93
2015-11-06,25.92,3.1,82.47,1.68
2015-11-07,24.96,5.55,88.08,1.94
2015-11-08,24.52,5.73,90.3,1.65
2015-11-09,24.86,13.32,87.43,2.24
2015-11-10,25.9,7.8,80.11,2.17
2015-11-11,24.77,2.33,84.62,1.18
2015-11-12,25.62,2.97,84.24,1.37
2015-11-13,23.87,5.47,88.51,2.04
2015-11-14,23.7,2.58,88.39,1.96
2015-11-15,24.05,6.6,88.55,2.01
2015-11-16,24.66,4.98,86.82,1.53
2015-11-17,24.67,2.12,86.45,1.14
2015-11-18,24.11,5.34,93.39,1.5
2015-11-19,24.58,2.91,92.85,2.39
2015-11-20,24.69,5.98,89.94,1.79
2015-11-21,24.49,3.93,86.72,1.94
2015-11-22,24.38,20.27,92.15,2.51
2015-11-23,24.45,5.94,90.2,1.2
2015-11-24,25.19,1.91,88.37,2.23
2015-11-25,23.77,0.01,84.16,1.91
2015-11-26,23.12,0.03,85.02,1.56
2015-11-27,24.28,0.13,87.07,1.83
2015-11-28,23.97,0.12,84.09,1.69
2015-11-29,23.89,21.87,89.7,2.0
2015-11-30,23.92,8.2,89.45,1.73
2015-12-01,24.03,2.81,91.21,2.25
2015-12-02,23.95,3.53,92.19,1.71
2015-12-03,24.15,2.55,88.06,2.46
2015-12-04,24.59,3.87,87.97,2.86
2015-12-05,24.01,7.62,91.39,3.22
2015-12-06,24.04,7.41,94.74,3.02
2015-12-07,24.43,9.6,91.26,3.1
2015-12-08,23.08,9.17,90.56,3.02
2015-12-09,23.69,2.98,91.69,1.92
2015-12-10,24.9,5.27,91.13,2.07
2015-12-11,24.83,1.86,88.83,1.52
2015-12-12,24.81,2.63,89.58,1.58
2015-12-13,24.97,0.46,85.58,1.09
2015-12-14,25.07,7.96,88.44,1.5
2015-12-15,24.43,0.77,86.66,1.45
2015-12-16,22.8,0.03,85.61,1.53
2015-12-17,23.3,0.04,86.94,1.48
2015-12-18,24.2,2.72,88.43,1.86
2015-12-19,24.2,3.18,88.31,2.04
2015-12-20,23.89,0.88,87.93,2.03
2015-12-21,22.65,0.02,80.36,1.41
2015-12-22,22.34,0.0,82.52,1.38
2015-12-23,22.93,0.0,84.92,1.73
2015-12-24,22.75,0.0,84.56,1.65
2015-12-25,22.65,0.0,83.64,2.05
2015-12-26,22.7,0.0,84.23,2.4
2015-12-27,23.54,0.69,84.8,2.83
2015-12-28,23.45,0.15,84.38,3.13
2015-12-29,23.41,0.08,83.39,2.71
2015-12-30,23.11,0.0,78.81,2.13
2015-12-31,22.33,0.0,81.27,2.41
2016-01-01,21.9,0.0,79.95,2.36
2016-01-02,21.73,0.0,78.43,2.25
2016-01-03,21.22,0.0,76.89,1.97
2016-01-04,21.37,0.0,78.63,1.86
2016-01-05,22.43,0.0,79.58,1.86
2016-01-06,23.21,0.0,78.6,1.99
2016-01-07,22.96,0.0,80.43,2.03
2016-01-08,22.63,0.0,78.04,1.85
2016-01-09,22.75,0.0,77.84,1.81
2016-01-10,22.26,0.0,77.97,2.0
2016-01-11,22.12,0.0,76.29,2.0
2016-01-12,21.99,0.0,75.76,1.98
2016-01-13,22.53,0.0,76.23,1.66
2016-01-14,21.29,0.0,76.03,1.62
2016-01-15,21.22,0.0,77.27,1.51
2016-01-16,22.53,0.0,76.82,1.65
2016-01-17,22.85,0.0,76.84,1.59
2016-01-18,23.38,0.0,75.59,1.66
2016-01-19,24.62,0.0,77.4,1.66
2016-01-20,25.34,0.21,76.47,1.81
2016-01-21,25.64,0.46,77.89,1.98
2016-01-22,25.1,0.17,76.74,1.98
2016-01-23,25.24,0.05,77.19,2.28
2016-01-24,25.96,0.02,75.99,2.31
2016-01-25,25.91,0.0,75.2,2.3
2016-01-26,25.73,0.0,72.34,2.08
2016-01-27,25.32,0.0,73.17,1.93
2016-01-28,24.77,0.0,68.5,1.54
2016-01-29,24.32,0.0,68.37,1.87
2016-01-30,23.83,0.0,72.36,1.9
2016-01-31,23.74,0.0,74.43,2.01
2016-02-01,23.88,0.0,69.76,1.58
2016-02-02,23.49,0.0,70.08,1.84
2016-02-03,23.62,0.0,67.64,1.56
2016-02-04,23.74,0.0,67.63,2.03
2016-02-05,24.37,0.0,69.08,1.89
2016-02-06,24.71,0.0,70.96,1.77
2016-02-07,26.14,0.03,70.21,1.61
2016-02-08,26.65,0.02,69.92,2.01
2016-02-09,26.1,0.01,67.27,1.65
2016-02-10,26.08,0.02,65.72,1.66
2016-02-11,26.19,0.1,63.62,1.63
2016-02-12,26.05,0.0,62.72,1.71
2016-02-13,26.36,0.0,63.0,1.64
2016-02-14,25.76,0.0,65.76,1.97
2016-02-15,25.99,0.0,66.65,2.17
2016-02-16,26.57,0.0,66.55,2.37
2016-02-17,26.34,0.0,68.49,2.56
2016-02-18,26.99,0.0,67.47,3.03
2016-02-19,27.01,0.0,68.13,2.43
2016-02-20,28.21,0.01,65.35,2.07
2016-02-21,28.73,0.24,63.28,1.9
2016-02-22,28.52,0.13,60.23,1.95
2016-02-23,27.29,0.0,60.03,1.84
2016-02-24,27.51,0.0,56.19,1.62
2016-02-25,28.42,0.0,60.51,1.93
2016-02-26,28.57,0.01,63.72,2.82
2016-02-27,27.73,0.0,64.21,2.95
2016-02-28,28.65,0.2,64.32,2.7
2016-02-29,26.84,0.1,66.17,2.44
2016-03-01,27.94,0.04,64.86,2.54
2016-03-02,28.15,0.0,61.89,2.49
2016-03-03,26.41,0.0,64.49,1.98
2016-03-04,26.07,0.0,64.38,1.82
2016-03-05,28.16,0.0,60.41,1.98
2016-03-06,28.67,0.0,56.55,1.97
2016-03-07,29.01,0.0,57.16,2.14
2016-03-08,28.54,0.0,57.54,2.05
2016-03-09,29.41,0.0,55.28,1.79
2016-03-10,29.04,0.0,59.31,2.04
2016-03-11,30.66,0.01,55.04,1.82
2016-03-12,30.84,0.04,53.37,2.33
2016-03-13,30.63,0.15,51.47,1.63
2016-03-14,30.94,0.02,53.45,2.48
2016-03-15,31.43,0.07,51.42,1.98
2016-03-16,31.11,0.78,54.97,2.3
2016-03-17,31.48,0.22,51.53,2.14
2016-03-18,31.19,0.0,48.83,2.5
2016-03-19,31.53,0.0,41.44,2.01
2016-03-20,31.81,0.0,38.41,2.4
2016-03-21,32.12,0.0,38.65,2.29
2016-03-22,33.2,0.2,40.59,1.7
2016-03-23,33.05,0.08,46.22,2.56
2016-03-24,31.61,0.0,49.78,2.6
2016-03-25,30.36,0.02,48.98,2.27
2016-03-26,30.12,0.0,48.06,2.22
2016-03-27,30.4,0.0,50.17,1.93
2016-03-28,31.29,0.32,53.69,2.67
2016-03-29,31.27,0.36,57.18,2.78
2016-03-30,31.36,0.74,55.92,2.67
2016-03-31,31.11,0.0,53.42,2.17
2016-04-01,31.64,0.01,49.62,2.25
2016-04-02,32.06,0.0,48.09,2.31
2016-04-03,32.51,0.0,45.52,2.08
2016-04-04,32.29,0.0,44.95,2.33
2016-04-05,32.45,0.0,45.09,2.02
2016-04-06,33.0,0.05,48.84,2.11
2016-04-07,32.92,0.35,50.69,2.46
2016-04-08,32.6,1.08,52.9,2.61
2016-04-09,30.52,13.04,65.25,1.3
2016-04-10,29.5,3.58,68.28,0.84
2016-04-11,31.15,0.2,59.01,1.52
2016-04-12,32.32,0.0,54.57,1.44
2016-04-13,33.68,0.0,50.14,1.43
2016-04-14,33.28,0.34,52.27,2.07
2016-04-15,32.37,0.2,56.59,2.03
2016-04-16,33.12,0.01,52.44,1.99
2016-04-17,31.84,0.0,54.67,1.55
2016-04-18,32.33,0.0,55.63,2.49
2016-04-19,32.35,0.3,57.24,2.81
2016-04-20,32.17,0.96,55.93,2.14
2016-04-21,32.55,0.3,51.26,1.24
2016-04-22,33.59,0.18,47.43,1.43
2016-04-23,35.15,0.23,42.61,1.88
2016-04-24,34.86,0.09,44.75,2.52
2016-04-25,34.59,0.01,45.06,2.62
2016-04-26,32.47,0.06,53.11,2.55
2016-04-27,31.64,0.09,55.74,2.38
2016-04-28,32.72,0.02,51.15,2.77
2016-04-29,32.33,0.01,51.2,2.58
2016-04-30,33.0,0.01,47.67,2.86
2016-05-01,33.29,0.0,46.75,2.47
2016-05-02,33.93,0.0,46.62,2.23
2016-05-03,33.63,0.03,47.21,2.24
2016-05-04,33.34,0.01,51.21,2.41
2016-05-05,32.95,0.36,50.94,2.49
2016-05-06,32.98,6.05,50.99,1.55
2016-05-07,30.43,9.71,66.1,1.73
2016-05-08,30.62,3.8,66.72,1.38
2016-05-09,30.41,0.78,64.29,2.04
2016-05-10,30.63,1.95,59.15,2.2
2016-05-11,28.82,7.4,68.6,1.6
2016-05-12,30.15,0.26,61.09,1.5
2016-05-13,31.39,0.28,57.17,1.34
2016-05-14,30.32,4.02,64.23,1.79
2016-05-15,28.31,8.05,70.77,1.6
2016-05-16,26.78,18.64,72.52,2.52
2016-05-17,26.49,9.03,69.52,3.3
2016-05-18,28.96,2.25,67.65,3.07
2016-05-19,29.35,5.87,68.82,2.61
2016-05-20,29.15,0.47,68.43,2.99
2016-05-21,31.01,0.0,59.97,3.34
2016-05-22,31.44,0.0,60.86,3.05
2016-05-23,32.0,0.0,58.69,3.14
2016-05-24,31.6,0.01,58.33,3.06
2016-05-25,30.78,1.52,63.09,3.76
2016-05-26,30.16,0.17,63.44,3.48
2016-05-27,29.5,2.12,67.22,1.74
2016-05-28,28.81,3.51,71.41,3.05
2016-05-29,28.13,1.12,71.06,3.2
2016-05-30,28.71,5.31,67.65,2.67
2016-05-31,29.14,4.52,67.39,3.05
2016-06-01,29.03,1.46,68.31,2.75
2016-06-02,28.64,2.41,68.81,2.18
2016-06-03,29.2,0.48,65.86,1.93
2016-06-04,29.86,1.04,63.03,2.42
2016-06-05,29.88,1.21,63.42,2.76
2016-06-06,29.67,0.17,63.01,2.63
2016-06-07,28.57,2.85,75.82,1.86
2016-06-08,28.41,1.22,72.21,2.54
2016-06-09,28.33,0.93,69.53,2.53
2016-06-10,28.76,0.25,63.08,3.5
2016-06-11,28.59,1.63,65.8,3.82
2016-06-12,29.17,0.04,62.65,4.42
2016-06-13,29.17,0.03,62.85,4.01
2016-06-14,29.59,0.0,59.3,4.2
2016-06-15,29.75,0.01,57.73,5.2
2016-06-16,29.84,0.08,59.16,4.67
2016-06-17,28.6,1.48,63.98,3.56
2016-06-18,27.89,1.91,62.86,3.87
2016-06-19,28.23,2.28,63.7,3.2
2016-06-20,28.52,0.2,64.85,2.18
2016-06-21,27.66,0.29,67.05,2.44
2016-06-22,27.89,0.85,60.77,4.18
2016-06-23,26.1,2.93,67.51,5.02
2016-06-24,27.63,0.07,59.84,4.28
2016-06-25,28.62,0.03,56.91,4.34
2016-06-26,28.91,0.35,62.23,3.88
2016-06-27,29.12,0.82,62.76,4.54
2016-06-28,28.55,0.56,61.99,4.6
2016-06-29,27.99,1.62,66.13,4.66
2016-06-30,28.46,0.06,62.23,5.39
2016-07-01,29.0,0.04,58.6,5.66
2016-07-02,29.25,0.02,56.29,5.6
2016-07-03,29.99,0.12,54.28,5.5
2016-07-04,29.17,0.31,58.09,4.61
2016-07-05,29.91,0.07,58.86,3.98
2016-07-06,29.58,1.14,63.54,3.68
2016-07-07,29.72,0.15,54.69,4.29
2016-07-08,28.7,0.72,51.77,5.57
2016-07-09,28.75,0.53,57.69,5.09
2016-07-10,28.88,0.26,62.93,5.17
2016-07-11,29.3,0.38,61.07,5.23
2016-07-12,29.15,0.1,60.68,4.95
2016-07-13,29.88,0.05,56.47,4.53
2016-07-14,30.19,1.9,56.89,3.51
2016-07-15,29.28,5.24,63.22,2.36
2016-07-16,27.77,8.95,71.39,1.52
2016-07-17,25.94,8.71,79.88,1.7
2016-07-18,25.91,4.38,76.87,2.47
2016-07-19,27.48,0.34,65.67,3.18
2016-07-20,28.65,0.11,61.27,3.24
2016-07-21,28.17,0.21,62.48,4.06
2016-07-22,28.08,0.11,61.4,4.62
2016-07-23,27.88,0.3,62.53,4.08
2016-07-24,27.77,4.31,69.18,2.85
2016-07-25,27.29,27.75,74.28,1.4
2016-07-26,25.75,24.98,78.75,1.46
2016-07-27,25.99,9.84,80.89,1.27
2016-07-28,26.95,5.12,76.76,1.19
2016-07-29,27.34,0.65,71.41,2.83
2016-07-30,27.23,1.17,69.61,2.8
2016-07-31,27.91,0.14,66.42,3.63
2016-08-01,27.32,0.12,69.09,3.99
2016-08-02,26.86,0.01,67.99,4.32
2016-08-03,27.4,0.01,66.95,4.48
2016-08-04,27.64,0.04,67.44,4.15
2016-08-05,27.7,0.12,65.83,4.41
2016-08-06,28.05,0.04,64.51,4.2
2016-08-07,28.38,0.05,65.78,3.72
2016-08-08,28.95,0.04,63.83,3.45
2016-08-09,28.85,0.72,63.42,3.74
2016-08-10,29.02,0.06,62.86,3.55
2016-08-11,28.43,0.02,64.67,3.19
2016-08-12,28.88,0.37,64.32,3.62
2016-08-13,29.33,0.75,64.15,3.62
2016-08-14,29.07,0.14,62.28,4.08
2016-08-15,28.53,0.67,63.47,4.59
2016-08-16,28.44,0.15,63.58,5.19
2016-08-17,28.74,0.13,62.18,4.63
2016-08-18,29.23,0.03,61.51,4.25
2016-08-19,29.47,0.14,59.88,4.1
2016-08-20,29.77,0.29,61.43,2.91
2016-08-21,30.07,2.1,60.57,3.04
2016-08-22,29.52,0.45,62.83,3.02
2016-08-23,27.95,3.28,69.03,3.04
2016-08-24,28.45,0.29,66.44,3.22
2016-08-25,27.64,0.22,69.05,2.64
2016-08-26,28.08,10.65,69.69,2.49
2016-08-27,27.24,8.68,71.95,3.24
2016-08-28,28.2,2.53,66.1,3.43
2016-08-29,28.52,1.28,61.06,3.82
2016-08-30,26.94,9.53,71.04,3.34
2016-08-31,26.53,6.84,67.88,3.44
2016-09-01,26.34,5.51,65.62,3.48
2016-09-02,26.63,0.74,66.98,3.3
2016-09-03,27.58,0.29,64.39,2.92
2016-09-04,27.98,0.1,65.07,3.05
2016-09-05,27.82,0.0,63.49,3.23
2016-09-06,27.44,0.1,64.52,3.74
2016-09-07,27.93,0.01,59.9,3.67
2016-09-08,28.0,0.0,61.03,3.33
2016-09-09,29.44,0.67,60.28,2.18
2016-09-10,28.71,1.79,65.15,2.47
2016-09-11,28.41,0.03,61.18,2.82
2016-09-12,28.82,0.1,58.6,3.02
2016-09-13,28.85,0.26,61.91,3.16
2016-09-14,29.1,0.21,62.42,3.32
2016-09-15,29.06,0.22,61.71,3.22
2016-09-16,29.33,0.15,61.12,3.52
2016-09-17,28.7,0.01,61.44,3.5
2016-09-18,28.31,0.06,61.62,3.86
2016-09-19,29.57,0.13,58.08,3.48
2016-09-20,29.43,1.28,57.84,3.66
2016-09-21,29.17,0.22,59.92,3.64
2016-09-22,28.34,0.0,60.27,4.34
2016-09-23,28.63,0.04,59.17,4.13
2016-09-24,28.74,0.13,58.88,4.68
2016-09-25,29.01,0.09,59.56,4.03
2016-09-26,29.71,0.41,56.81,3.52
2016-09-27,28.32,0.65,64.51,2.63
2016-09-28,28.04,4.53,69.69,2.01
2016-09-29,27.79,2.44,72.27,1.86
2016-09-30,28.2,0.35,64.2,3.14
2016-10-01,29.35,0.0,57.57,2.28
2016-10-02,29.73,0.0,55.14,1.45
2016-10-03,30.24,0.0,55.98,0.85
2016-10-04,30.79,0.55,54.44,1.92
2016-10-05,28.48,6.99,62.21,2.2
2016-10-06,28.52,2.12,65.19,1.84
2016-10-07,27.92,0.05,60.11,2.04
2016-10-08,28.99,0.01,56.93,2.03
2016-10-09,29.33,0.01,56.97,3.27
2016-10-10,29.73,0.0,54.13,3.21
2016-10-11,29.5,0.56,53.74,2.63
2016-10-12,28.99,2.21,60.0,2.04
2016-10-13,27.34,11.58,75.03,0.71
2016-10-14,27.55,1.25,72.13,1.0
2016-10-15,27.84,0.26,68.01,1.6
2016-10-16,28.55,0.06,63.07,1.41
2016-10-17,28.34,0.01,64.6,1.44
2016-10-18,28.94,0.01,62.49,0.96
2016-10-19,28.83,0.3,60.44,1.14
2016-10-20,28.28,1.38,66.53,1.45
2016-10-21,25.6,4.67,78.99,0.91
2016-10-22,26.42,2.74,72.7,1.07
2016-10-23,28.0,2.45,67.11,1.27
2016-10-24,28.37,0.32,62.08,1.7
2016-10-25,28.22,0.09,62.81,1.27
2016-10-26,28.53,0.08,61.0,1.21
2016-10-27,28.48,0.03,60.46,1.31
2016-10-28,29.61,0.0,56.43,1.33
2016-10-29,30.54,0.57,55.3,1.91
2016-10-30,28.54,3.59,66.37,1.44
2016-10-31,25.42,16.07,88.53,1.61
2016-11-01,27.32,0.09,67.44,1.91
2016-11-02,26.47,5.38,75.83,1.75
2016-11-03,26.63,2.29,74.38,1.29
2016-11-04,27.52,0.83,73.19,1.17
2016-11-05,29.1,0.02,61.79,1.9
2016-11-06,28.92,0.05,59.74,1.39
2016-11-07,27.92,0.02,56.06,1.68
2016-11-08,27.05,0.17,65.01,1.9
2016-11-09,26.03,0.1,58.77,2.28
2016-11-10,25.47,0.0,55.68,1.62
2016-11-11,26.24,0.0,64.26,1.48
2016-11-12,27.33,0.02,65.1,1.77
2016-11-13,27.49,1.76,71.65,2.06
2016-11-14,27.4,2.11,73.4,2.15
2016-11-15,27.01,1.84,69.69,2.12
2016-11-16,26.88,0.58,70.99,2.56
2016-11-17,26.56,1.16,71.25,2.7
2016-11-18,26.99,0.07,64.39,2.65
2016-11-19,26.12,0.41,66.14,2.25
2016-11-20,26.39,0.1,64.25,2.01
2016-11-21,25.58,0.03,68.84,1.97
2016-11-22,26.33,0.01,63.87,2.07
2016-11-23,26.07,0.03,63.62,2.44
2016-11-24,25.05,0.01,59.93,2.15
2016-11-25,25.41,0.0,61.11,2.07
2016-11-26,25.78,0.0,60.09,1.81
2016-11-27,25.29,0.0,56.14,1.77
2016-11-28,25.2,0.0,52.28,1.63
2016-11-29,25.1,0.0,52.2,1.58
2016-11-30,24.42,0.0,55.59,1.58
2016-12-01,24.77,2.55,51.81,2.41
2016-12-02,24.08,28.27,79.65,3.07
2016-12-03,25.11,8.41,81.84,2.29
2016-12-04,25.97,1.97,74.78,1.78
2016-12-05,26.57,0.19,72.13,1.97
2016-12-06,25.4,0.17,64.93,2.52
2016-12-07,25.12,0.0,67.03,1.77
2016-12-08,26.36,0.1,70.53,1.88
2016-12-09,26.7,0.02,67.9,1.23
2016-12-10,27.26,0.0,60.67,1.19
2016-12-11,25.52,0.0,51.46,1.61
2016-12-12,26.53,0.51,56.61,2.83
2016-12-13,26.35,2.64,68.87,1.46
2016-12-14,25.82,1.72,69.91,1.97
2016-12-15,25.79,0.4,70.99,2.2
2016-12-16,25.72,0.09,70.26,2.19
2016-12-17,25.74,0.0,64.57,2.09
2016-12-18,25.39,0.0,65.2,1.91
2016-12-19,25.74,0.02,60.5,2.38
2016-12-20,25.88,1.23,71.78,2.94
2016-12-21,26.36,0.21,71.32,2.36
2016-12-22,25.87,0.0,62.89,1.58
2016-12-23,24.17,0.01,57.59,1.36
2016-12-24,23.63,0.0,58.6,1.37
2016-12-25,23.94,0.0,58.61,1.21
2016-12-26,24.62,0.0,58.36,1.5
2016-12-27,26.32,0.19,59.6,2.51
2016-12-28,25.44,3.65,75.9,3.08
2016-12-29,25.28,0.3,67.7,3.09
2016-12-30,24.41,0.0,63.97,2.44
2016-12-31,23.94,0.0,60.22,2.04
2017-01-01,24.75,0.0,62.03,2.15
2017-01-02,25.5,0.0,61.45,2.13
2017-01-03,25.11,0.0,56.68,2.17
2017-01-04,24.5,0.0,56.29,1.86
2017-01-05,24.73,0.0,59.45,1.94
2017-01-06,24.69,0.0,59.82,1.73
2017-01-07,24.64,0.0,61.11,1.59
2017-01-08,24.49,0.0,57.64,1.84
2017-01-09,23.88,0.0,54.03,1.64
2017-01-10,24.32,0.0,54.15,1.16
2017-01-11,25.1,0.0,56.92,1.54
2017-01-12,25.62,0.0,58.9,1.62
2017-01-13,25.83,0.0,60.62,1.94
2017-01-14,25.77,0.0,58.33,2.73
2017-01-15,25.28,0.0,57.69,2.64
2017-01-16,25.41,0.0,58.43,2.18
2017-01-17,24.24,0.0,53.64,2.26
2017-01-18,23.67,0.0,59.81,2.82
2017-01-19,24.79,0.0,58.48,2.84
2017-01-20,25.49,1.49,63.47,2.93
2017-01-21,24.36,17.09,80.79,3.26
2017-01-22,24.76,3.26,72.05,2.69
2017-01-23,24.22,0.0,68.03,2.6
2017-01-24,24.6,0.0,64.51,2.74
2017-01-25,24.82,0.18,69.17,2.71
2017-01-26,24.63,1.26,77.49,2.58
2017-01-27,25.13,4.26,82.28,2.79
2017-01-28,25.2,3.99,79.17,2.48
2017-01-29,25.69,2.51,75.29,2.49
2017-01-30,25.93,0.03,66.51,2.32
2017-01-31,25.26,0.0,63.91,1.98
2017-02-01,23.75,0.0,62.74,1.93
2017-02-02,23.47,0.0,63.4,2.01
2017-02-03,23.69,0.0,64.79,2.12
2017-02-04,24.13,0.0,62.52,2.31
2017-02-05,23.85,0.0,61.51,1.88
2017-02-06,24.49,0.0,60.01,1.37
2017-02-07,24.79,0.0,54.8,1.53
2017-02-08,24.57,0.0,48.84,2.07
2017-02-09,24.2,0.0,58.44,1.98
2017-02-10,24.73,0.0,58.3,1.8
2017-02-11,24.89,0.0,59.14,2.11
2017-02-12,24.78,0.0,59.72,2.45
2017-02-13,25.37,0.05,61.26,2.87
2017-02-14,26.11,1.23,67.73,4.4
2017-02-15,26.61,0.0,57.68,3.55
2017-02-16,25.08,0.0,60.25,3.19
2017-02-17,24.12,0.0,57.73,2.73
2017-02-18,24.67,0.0,55.9,2.37
2017-02-19,25.5,0.0,53.82,1.59
2017-02-20,26.31,0.0,44.21,1.17
2017-02-21,28.6,0.0,46.92,1.63
2017-02-22,29.1,0.0,47.55,1.91
2017-02-23,28.07,0.0,52.73,1.83
2017-02-24,27.85,0.0,51.11,2.33
2017-02-25,27.54,0.0,46.97,1.98
2017-02-26,28.01,0.0,44.84,2.31
2017-02-27,27.58,0.0,51.2,2.43
2017-02-28,27.76,0.0,56.13,2.83
2017-03-01,26.61,0.0,53.76,2.5
2017-03-02,26.72,0.02,53.63,2.49
2017-03-03,28.14,4.84,58.1,2.4
2017-03-04,27.31,6.19,73.22,2.0
2017-03-05,28.81,0.92,65.21,1.73
2017-03-06,29.16,0.68,64.71,1.94
2017-03-07,29.79,0.13,60.27,1.57
2017-03-08,29.49,0.96,61.09,2.49
2017-03-09,29.26,2.17,64.41,2.02
2017-03-10,26.83,6.44,77.45,0.96
2017-03-11,28.1,4.56,70.26,1.09
2017-03-12,28.53,2.43,65.46,1.33
2017-03-13,28.44,1.69,66.92,1.85
2017-03-14,26.75,5.11,76.92,2.04
2017-03-15,26.29,10.71,78.55,1.9
2017-03-16,26.17,1.06,74.6,1.7
2017-03-17,28.28,0.19,63.73,1.42
2017-03-18,29.09,0.1,59.82,1.73
2017-03-19,29.79,0.06,58.12,1.5
2017-03-20,30.31,1.75,56.47,1.51
2017-03-21,29.25,4.76,62.58,1.43
2017-03-22,28.96,0.0,60.3,2.08
2017-03-23,28.57,0.0,56.82,1.81
2017-03-24,27.73,0.0,54.26,1.87
2017-03-25,28.03,0.0,49.21,2.12
2017-03-26,27.93,0.0,53.93,2.37
2017-03-27,27.85,0.0,53.45,1.72
2017-03-28,29.44,0.0,54.62,1.92
2017-03-29,30.04,0.0,50.84,1.76
2017-03-30,30.32,0.0,51.7,1.76
2017-03-31,30.25,0.04,58.54,2.28
2017-04-01,30.62,0.0,49.05,2.08
2017-04-02,30.73,0.0,46.94,2.18
2017-04-03,31.6,0.01,51.72,2.35
2017-04-04,31.93,0.0,53.73,2.43
2017-04-05,32.39,0.0,48.69,2.16
2017-04-06,32.43,0.18,47.7,1.88
2017-04-07,32.19,0.28,46.33,1.97
2017-04-08,32.01,0.0,46.24,2.48
2017-04-09,31.89,0.06,47.62,2.54
2017-04-10,32.35,0.01,43.71,1.55
2017-04-11,32.79,0.3,45.0,1.84
2017-04-12,31.76,0.17,52.34,2.01
2017-04-13,32.06,0.09,53.48,2.52
2017-04-14,31.95,0.08,48.21,1.55
2017-04-15,32.91,0.0,44.62,1.82
2017-04-16,33.86,0.07,42.38,1.56
2017-04-17,34.7,0.06,37.85,1.18
2017-04-18,35.13,0.08,36.04,1.34
2017-04-19,34.58,0.06,40.16,1.63
2017-04-20,34.06,0.57,44.01,1.59
2017-04-21,33.37,0.79,46.1,2.27
2017-04-22,33.79,1.27,43.7,2.57
2017-04-23,33.67,0.65,46.8,2.37
2017-04-24,34.3,0.12,43.37,2.49
2017-04-25,34.28,0.09,43.23,2.04
2017-04-26,32.81,1.51,49.31,1.44
2017-04-27,33.02,0.22,46.86,1.92
2017-04-28,32.84,0.0,46.11,2.02
2017-04-29,33.2,0.1,44.04,2.09
2017-04-30,32.99,0.81,43.77,2.47
2017-05-01,32.01,2.34,48.1,1.56
2017-05-02,31.38,6.27,54.65,1.94
2017-05-03,30.67,2.1,57.85,2.34
2017-05-04,31.8,0.44,51.87,1.76
2017-05-05,32.27,0.62,51.71,2.76
2017-05-06,30.67,6.2,62.77,1.69
2017-05-07,29.66,3.52,70.06,1.07
2017-05-08,30.09,1.59,53.51,2.06
2017-05-09,30.99,1.71,50.08,1.42
2017-05-10,29.49,1.73,67.74,1.17
2017-05-11,29.19,0.38,67.36,1.05
2017-05-12,29.29,9.67,69.39,1.47
2017-05-13,29.15,9.76,73.14,0.74
2017-05-14,31.03,2.69,63.0,1.97
2017-05-15,30.79,0.07,61.39,2.72
2017-05-16,31.06,0.08,59.66,2.38
2017-05-17,31.89,2.0,58.6,2.44
2017-05-18,29.76,9.28,68.24,2.28
2017-05-19,30.86,0.13,59.16,2.7
2017-05-20,30.7,11.83,60.28,2.67
2017-05-21,30.14,2.37,65.81,1.72
2017-05-22,29.12,4.24,70.49,2.61
2017-05-23,29.14,0.48,67.47,1.59
2017-05-24,29.67,1.1,67.56,2.24
2017-05-25,29.24,1.78,69.24,2.9
2017-05-26,29.09,0.61,69.5,1.97
2017-05-27,28.38,3.06,75.62,2.39
2017-05-28,27.83,4.54,77.24,2.84
2017-05-29,29.18,1.0,68.51,3.36
2017-05-30,29.62,0.46,65.34,3.98
2017-05-31,29.4,5.44,64.87,3.23
2017-06-01,29.1,3.45,63.75,3.28
2017-06-02,28.49,4.69,68.53,3.11
2017-06-03,28.75,0.11,67.19,3.71
2017-06-04,29.39,0.38,61.79,4.19
2017-06-05,29.38,4.49,66.51,3.67
2017-06-06,28.49,1.49,70.53,2.62
2017-06-07,28.03,5.16,67.29,2.8
2017-06-08,29.4,0.03,59.79,3.66
2017-06-09,28.55,0.34,62.39,3.92
2017-06-10,28.53,0.67,63.79,4.2
2017-06-11,27.77,0.1,64.69,4.08
2017-06-12,28.89,0.29,65.18,2.85
2017-06-13,29.44,0.14,66.03,2.36
2017-06-14,29.4,7.64,69.84,2.32
2017-06-15,28.48,1.56,72.03,2.0
2017-06-16,27.84,4.64,72.26,2.34
2017-06-17,28.82,1.74,60.56,3.31
2017-06-18,29.22,0.09,61.73,3.41
2017-06-19,29.14,1.99,65.08,2.94
2017-06-20,27.96,1.21,66.36,2.73
2017-06-21,28.13,0.15,65.51,2.42
2017-06-22,28.53,0.54,66.67,2.68
2017-06-23,28.64,0.59,65.65,3.53
2017-06-24,27.55,0.87,64.66,4.25
2017-06-25,28.27,0.67,62.88,4.05
2017-06-26,28.28,1.91,62.54,4.42
2017-06-27,27.36,1.46,66.84,3.66
2017-06-28,27.84,0.32,63.71,3.63
2017-06-29,28.55,0.06,60.58,3.98
2017-06-30,29.02,0.11,62.79,3.25
2017-07-01,29.09,0.21,62.22,3.85
2017-07-02,28.42,0.55,60.76,3.67
2017-07-03,28.38,2.13,60.9,4.03
2017-07-04,29.04,0.23,57.97,4.06
2017-07-05,28.17,0.07,64.5,3.35
2017-07-06,29.13,0.9,60.66,3.47
2017-07-07,28.54,0.14,61.56,3.56
2017-07-08,28.28,1.97,63.23,3.38
2017-07-09,27.55,8.83,66.01,3.1
2017-07-10,27.71,0.51,65.87,3.21
2017-07-11,28.07,0.1,65.75,3.77
2017-07-12,28.62,0.12,61.03,2.94
2017-07-13,28.4,0.88,62.19,4.17
2017-07-14,27.88,0.02,55.32,4.13
2017-07-15,28.2,0.03,62.88,3.49
2017-07-16,29.17,0.02,57.88,4.53
2017-07-17,28.05,0.15,60.92,4.51
2017-07-18,28.1,0.48,65.67,4.41
2017-07-19,28.43,0.61,62.93,4.58
2017-07-20,28.95,0.3,62.01,4.62
2017-07-21,29.01,0.17,59.19,3.98
2017-07-22,29.86,0.05,60.05,3.69
2017-07-23,30.21,0.01,58.67,3.68
2017-07-24,30.67,0.0,55.97,4.49
2017-07-25,30.8,0.0,55.12,3.95
2017-07-26,30.33,0.02,56.54,4.01
2017-07-27,30.08,2.7,56.81,4.54
2017-07-28,30.42,0.79,58.4,4.2
2017-07-29,29.66,6.63,61.09,2.7
2017-07-30,28.51,8.48,70.46,1.73
2017-07-31,28.04,13.45,73.31,2.38
2017-08-01,29.16,8.56,67.01,2.35
2017-08-02,28.31,7.61,71.26,2.77
2017-08-03,28.96,0.68,63.95,4.28
2017-08-04,29.07,0.28,64.98,4.35
2017-08-05,28.66,0.37,65.25,4.6
2017-08-06,29.48,0.57,63.22,3.89
2017-08-07,28.29,3.9,67.63,3.13
2017-08-08,27.54,10.93,70.81,1.96
2017-08-09,27.7,8.78,72.92,1.39
2017-08-10,27.58,4.83,71.04,2.01
2017-08-11,27.09,1.13,71.8,3.06
2017-08-12,28.21,4.14,65.24,2.02
2017-08-13,25.62,17.08,79.22,1.94
2017-08-14,25.02,16.64,86.43,0.87
2017-08-15,26.82,5.01,70.3,1.18
2017-08-16,27.12,1.5,72.35,2.28
2017-08-17,27.23,2.18,74.21,2.15
2017-08-18,27.21,3.62,73.69,2.76
2017-08-19,27.16,0.22,70.12,3.89
2017-08-20,27.51,0.95,68.86,3.71
2017-08-21,26.92,0.67,70.35,3.68
2017-08-22,27.63,0.06,68.55,3.25
2017-08-23,28.38,4.12,68.27,2.38
2017-08-24,26.9,5.61,76.42,1.97
2017-08-25,28.2,0.1,68.92,3.18
2017-08-26,27.63,0.52,70.1,3.19
2017-08-27,27.67,0.75,72.49,3.64
2017-08-28,27.86,1.9,70.18,3.61
2017-08-29,27.55,0.63,69.88,3.93
2017-08-30,28.2,12.29,69.62,2.95
2017-08-31,27.56,1.33,72.67,2.08
2017-09-01,27.06,27.5,80.59,1.26
2017-09-02,26.88,23.37,79.78,1.24
2017-09-03,26.98,1.85,75.89,1.67
2017-09-04,27.37,18.82,80.43,0.83
2017-09-05,27.61,6.88,79.63,1.12
2017-09-06,27.05,4.54,81.06,1.1
2017-09-07,26.72,3.69,81.82,1.14
2017-09-08,26.21,30.08,84.81,1.38
2017-09-09,26.58,8.19,80.78,0.78
2017-09-10,26.91,2.85,78.46,1.34
2017-09-11,26.73,1.01,82.23,2.02
2017-09-12,26.34,3.19,82.91,2.43
2017-09-13,26.05,11.43,86.33,1.96
2017-09-14,25.64,3.67,86.15,1.56
2017-09-15,26.43,0.51,80.39,1.04
2017-09-16,25.98,3.12,84.59,1.43
2017-09-17,25.83,7.49,79.09,2.97
2017-09-18,26.23,0.55,78.03,3.41
2017-09-19,26.39,0.14,78.96,3.14
2017-09-20,26.37,0.05,77.87,2.87
2017-09-21,26.13,0.04,75.85,2.58
2017-09-22,27.35,0.01,72.69,2.31
2017-09-23,27.54,0.16,73.29,1.57
2017-09-24,26.49,5.99,81.1,1.54
2017-09-25,25.92,4.46,81.03,2.21
2017-09-26,26.12,7.16,82.35,1.31
2017-09-27,26.22,3.05,81.58,1.94
2017-09-28,25.66,3.15,78.57,2.7
2017-09-29,26.09,0.1,77.64,2.18
2017-09-30,27.45,0.3,77.21,1.37
2017-10-01,27.59,0.26,75.33,1.73
2017-10-02,27.92,0.01,75.36,1.31
2017-10-03,27.72,1.31,79.88,1.07
2017-10-04,27.69,4.21,77.88,1.14
2017-10-05,26.58,9.39,84.45,1.13
2017-10-06,25.54,7.59,85.35,1.86
2017-10-07,27.02,0.92,75.62,1.35
2017-10-08,27.15,1.56,80.58,1.03
2017-10-09,27.05,0.45,81.49,1.25
2017-10-10,26.81,3.9,81.99,1.3
2017-10-11,25.62,5.76,83.95,1.4
2017-10-12,27.05,3.82,75.21,1.11
2017-10-13,26.35,5.7,79.43,1.27
2017-10-14,25.77,2.74,81.15,1.98
2017-10-15,25.35,0.48,77.72,2.43
2017-10-16,26.01,0.19,78.7,2.42
2017-10-17,25.94,1.76,77.25,2.52
2017-10-18,27.15,0.09,72.87,2.2
2017-10-19,28.03,0.02,73.15,0.98
2017-10-20,27.68,0.08,75.58,1.29
2017-10-21,26.97,9.75,80.61,1.57
2017-10-22,26.51,0.33,79.21,1.8
2017-10-23,26.89,0.07,72.07,1.66
2017-10-24,26.55,0.13,75.35,1.34
2017-10-25,26.56,1.27,80.01,1.37
2017-10-26,26.55,5.97,80.07,1.41
2017-10-27,26.08,7.83,80.62,1.15
2017-10-28,25.61,4.07,83.28,1.8
2017-10-29,25.72,0.13,78.47,1.77
2017-10-30,24.61,4.22,86.31,2.3
2017-10-31,24.25,2.71,88.21,2.06
2017-11-01,24.94,4.4,85.4,2.14
2017-11-02,24.73,5.94,86.99,2.4
2017-11-03,24.77,1.77,87.35,2.23
2017-11-04,24.44,3.88,87.77,2.07
2017-11-05,25.06,5.28,86.35,2.24
2017-11-06,24.08,5.68,89.48,2.13
2017-11-07,24.7,2.69,86.15,2.01
2017-11-08,24.09,26.88,89.62,1.57
2017-11-09,24.31,0.21,81.24,1.75
2017-11-10,24.3,0.18,81.97,2.13
2017-11-11,24.76,0.07,80.7,1.75
2017-11-12,25.3,0.0,78.23,1.74
2017-11-13,26.28,1.7,77.69,1.22
2017-11-14,24.63,2.35,85.39,1.21
2017-11-15,25.51,1.08,83.42,1.13
2017-11-16,26.15,0.11,72.32,1.26
2017-11-17,25.46,0.04,73.52,1.62
2017-11-18,25.78,0.17,77.42,1.43
2017-11-19,25.9,0.46,83.09,1.51
2017-11-20,26.26,0.28,81.4,1.49
2017-11-21,25.31,3.89,86.35,1.5
2017-11-22,25.26,0.69,84.31,1.83
2017-11-23,25.51,0.03,79.39,1.89
2017-11-24,25.69,0.01,78.97,1.64
2017-11-25,25.12,0.11,79.38,1.92
2017-11-26,24.1,5.34,86.59,1.8
2017-11-27,24.55,6.46,91.83,1.61
2017-11-28,24.98,1.58,85.19,2.56
2017-11-29,24.72,6.73,87.89,3.46
2017-11-30,24.08,50.86,94.35,3.61
2017-12-01,24.42,26.02,94.26,2.71
2017-12-02,24.56,1.65,87.44,0.89
2017-12-03,24.02,0.86,90.13,1.69
2017-12-04,24.25,0.07,85.84,1.33
2017-12-05,24.19,0.03,85.99,1.26
2017-12-06,24.58,0.11,86.39,1.82
2017-12-07,24.27,0.05,85.92,1.43
2017-12-08,23.76,0.0,77.52,1.0
2017-12-09,23.59,0.0,71.85,0.83
2017-12-10,24.26,0.01,76.72,1.18
2017-12-11,24.56,0.01,81.44,1.23
2017-12-12,24.89,0.02,83.46,1.06
2017-12-13,23.92,0.79,87.84,1.09
2017-12-14,24.36,0.01,81.7,1.46
2017-12-15,24.07,0.05,84.58,2.13
2017-12-16,23.75,0.0,83.12,2.42
2017-12-17,23.1,0.0,81.04,2.65
2017-12-18,22.44,0.0,77.45,2.59
2017-12-19,23.33,0.23,79.14,2.55
2017-12-20,23.69,0.2,78.67,3.14
2017-12-21,22.27,2.51,82.99,2.61
2017-12-22,23.4,0.14,82.06,2.63
2017-12-23,23.14,0.01,77.04,2.58
2017-12-24,22.81,0.0,76.91,2.16
2017-12-25,23.99,0.02,79.19,2.34
2017-12-26,23.9,0.0,75.72,2.47
2017-12-27,22.85,0.0,78.28,2.23
2017-12-28,21.45,0.0,76.48,2.3
2017-12-29,22.34,0.0,73.47,2.35
2017-12-30,23.24,0.0,73.26,2.25
2017-12-31,23.26,0.0,72.81,1.6
2018-01-01,24.96,0.0,73.18,0.86
2018-01-02,25.52,0.0,73.93,1.09
2018-01-03,25.09,0.0,73.63,1.85
2018-01-04,24.38,0.0,72.68,2.28
2018-01-05,22.88,0.0,69.34,2.19
2018-01-06,22.12,0.0,70.04,1.48
2018-01-07,21.92,0.0,70.58,1.7
2018-01-08,22.25,0.0,68.67,2.12
2018-01-09,23.17,2.89,76.62,1.72
2018-01-10,24.43,2.02,81.46,2.92
2018-01-11,25.36,0.37,78.12,2.11
2018-01-12,24.98,0.01,78.75,2.07
2018-01-13,24.3,0.0,78.01,1.94
2018-01-14,24.17,0.0,70.92,1.99
2018-01-15,24.3,0.0,73.31,2.19
2018-01-16,24.97,0.0,72.31,1.98
2018-01-17,24.59,0.0,70.22,1.88
2018-01-18,23.07,0.0,64.56,2.36
2018-01-19,22.4,0.0,70.74,2.08
2018-01-20,22.6,0.0,69.37,1.93
2018-01-21,22.82,0.0,68.69,2.13
2018-01-22,23.23,0.0,67.81,1.71
2018-01-23,24.01,0.0,69.17,1.26
2018-01-24,24.46,0.0,70.42,1.48
2018-01-25,25.07,0.0,65.99,1.74
2018-01-26,24.27,0.0,65.54,1.99
2018-01-27,24.19,0.0,67.39,1.79
2018-01-28,24.2,0.0,66.43,1.94
2018-01-29,24.67,0.0,64.14,2.43
2018-01-30,24.29,0.0,62.8,2.3
2018-01-31,23.57,0.0,58.99,2.4
2018-02-01,23.05,0.0,59.58,1.98
2018-02-02,22.97,0.0,60.9,2.06
2018-02-03,22.67,0.0,61.56,2.06
2018-02-04,22.77,0.0,63.93,1.79
2018-02-05,24.94,0.0,61.61,2.38
2018-02-06,26.12,0.7,71.67,2.34
2018-02-07,25.41,12.24,81.71,1.36
2018-02-08,25.12,5.89,79.31,1.17
2018-02-09,25.97,0.16,70.0,1.33
2018-02-10,25.54,0.02,67.61,1.64
2018-02-11,24.73,0.0,74.49,1.7
2018-02-12,25.19,0.01,71.91,2.13
2018-02-13,23.93,0.0,74.14,1.92
2018-02-14,25.19,0.0,70.12,2.4
2018-02-15,25.17,0.0,69.74,2.48
2018-02-16,25.44,0.0,63.66,2.56
2018-02-17,24.92,0.0,63.55,1.57
2018-02-18,25.6,0.0,61.78,1.92
2018-02-19,24.87,0.0,63.33,2.08
2018-02-20,25.31,0.0,63.73,2.37
2018-02-21,25.39,0.0,60.3,2.12
2018-02-22,25.19,0.0,56.6,2.37
2018-02-23,25.08,0.0,59.31,2.31
2018-02-24,25.9,0.0,64.26,2.35
2018-02-25,26.57,0.0,64.35,2.7
2018-02-26,27.46,0.0,61.57,2.32
2018-02-27,27.77,0.0,61.36,2.4
2018-02-28,27.88,0.09,58.07,2.57
2018-03-01,27.65,1.34,61.42,2.54
2018-03-02,27.18,0.0,52.41,2.18
2018-03-03,27.07,0.0,52.55,1.6
2018-03-04,27.81,0.0,46.73,1.79
2018-03-05,27.28,0.0,49.89,1.71
2018-03-06,27.5,0.0,47.62,2.04
2018-03-07,27.65,0.0,53.03,2.01
2018-03-08,28.3,0.0,53.21,2.3
2018-03-09,27.96,0.0,51.54,2.49
2018-03-10,28.45,0.0,49.11,2.44
2018-03-11,28.51,0.0,55.79,2.59
2018-03-12,28.2,0.35,63.36,3.32
2018-03-13,27.28,2.66,70.36,2.89
2018-03-14,28.14,1.05,62.68,2.12
2018-03-15,28.33,0.97,65.17,1.71
2018-03-16,29.43,0.84,61.67,1.41
2018-03-17,25.93,1.01,76.75,1.99
2018-03-18,28.23,3.33,64.76,2.02
2018-03-19,28.61,0.37,56.63,2.24
2018-03-20,28.71,0.0,50.74,2.1
2018-03-21,29.86,0.02,44.51,1.28
2018-03-22,31.31,0.05,45.93,1.57
2018-03-23,31.82,2.16,46.02,1.76
2018-03-24,30.96,0.64,50.95,2.21
2018-03-25,29.71,0.0,51.86,2.66
2018-03-26,29.59,0.0,48.51,2.12
2018-03-27,29.85,0.01,55.33,2.11
2018-03-28,31.62,0.0,54.16,2.07
2018-03-29,32.05,0.01,49.86,1.25
2018-03-30,30.38,0.32,55.95,0.98
2018-03-31,31.23,2.75,56.94,1.35
2018-04-01,30.98,2.36,55.92,2.28
2018-04-02,30.51,0.16,58.31,2.41
2018-04-03,30.73,0.19,55.0,2.03
2018-04-04,30.79,0.0,53.16,2.34
2018-04-05,30.48,0.0,54.01,2.66
2018-04-06,30.3,0.0,50.34,2.05
2018-04-07,30.76,0.0,54.38,2.66
2018-04-08,30.13,0.15,58.67,2.65
2018-04-09,29.94,0.51,59.42,2.72
2018-04-10,29.48,3.54,64.22,2.58
2018-04-11,29.16,1.41,66.34,1.86
2018-04-12,29.63,0.29,63.27,2.2
2018-04-13,29.9,2.18,62.38,2.74
2018-04-14,29.48,3.86,66.67,2.14
2018-04-15,27.89,5.48,74.78,2.06
2018-04-16,29.39,1.21,66.8,2.15
2018-04-17,30.14,0.09,61.77,1.94
2018-04-18,31.07,0.02,55.39,2.61
2018-04-19,31.58,0.0,53.38,2.31
2018-04-20,31.89,0.55,52.7,1.35
2018-04-21,31.45,0.26,55.69,2.48
2018-04-22,32.21,0.3,53.1,1.98
2018-04-23,31.47,0.01,52.95,2.11
2018-04-24,32.44,0.02,51.38,2.26
2018-04-25,32.87,0.33,51.51,1.74
2018-04-26,32.19,1.49,54.4,2.19
2018-04-27,30.85,2.13,61.36,2.55
2018-04-28,30.28,0.01,62.34,2.67
2018-04-29,32.38,0.0,53.43,2.1
2018-04-30,32.07,5.28,55.77,1.08
2018-05-01,30.06,5.82,68.8,1.16
2018-05-02,29.54,6.27,71.46,1.25
2018-05-03,29.33,3.43,72.14,1.46
2018-05-04,28.29,9.37,76.17,1.95
2018-05-05,28.69,5.74,68.77,1.94
2018-05-06,29.68,2.64,65.76,2.25
2018-05-07,29.6,0.88,67.67,1.34
2018-05-08,28.78,5.09,71.06,1.29
2018-05-09,26.73,27.77,77.42,2.14
2018-05-10,27.28,11.31,77.62,1.73
2018-05-11,28.47,1.32,73.34,1.29
2018-05-12,28.94,3.27,72.41,1.02
2018-05-13,29.49,3.43,67.7,0.92
2018-05-14,28.34,4.09,73.43,1.14
2018-05-15,28.33,1.95,67.37,1.59
2018-05-16,28.04,1.41,69.66,1.1
2018-05-17,28.88,0.39,66.43,1.74
2018-05-18,28.75,1.3,68.24,1.28
2018-05-19,29.96,0.86,64.41,1.41
2018-05-20,29.58,0.63,68.39,2.08
2018-05-21,29.97,0.82,64.08,1.42
2018-05-22,30.06,1.65,62.03,2.07
2018-05-23,29.61,1.83,68.57,1.51
2018-05-24,28.46,5.0,74.41,1.88
2018-05-25,27.09,23.47,80.17,1.26
2018-05-26,26.75,2.67,82.28,2.8
2018-05-27,28.14,2.22,75.35,3.45
2018-05-28,27.76,5.37,79.67,3.33
2018-05-29,28.82,0.8,72.28,3.75
2018-05-30,29.11,0.03,69.07,3.8
2018-05-31,29.92,0.09,65.88,2.49
2018-06-01,29.24,0.84,70.27,1.29
2018-06-02,28.54,0.48,74.53,1.3
2018-06-03,28.05,1.83,77.59,1.63
2018-06-04,27.89,3.04,77.02,1.72
2018-06-05,28.31,1.45,71.53,1.71
2018-06-06,28.6,0.31,65.23,2.65
2018-06-07,28.94,0.47,65.91,3.33
2018-06-08,29.24,0.45,66.9,3.96
2018-06-09,28.19,1.24,69.18,4.82
2018-06-10,28.38,0.71,71.05,4.32
2018-06-11,29.03,2.16,67.81,4.87
2018-06-12,28.76,0.82,69.0,4.14
2018-06-13,28.31,1.13,65.77,4.46
2018-06-14,28.31,0.28,63.0,5.19
2018-06-15,28.55,0.32,59.93,3.79
2018-06-16,28.43,5.24,61.12,3.28
2018-06-17,27.37,0.14,64.72,3.68
2018-06-18,28.61,0.3,58.69,3.71
2018-06-19,28.92,0.24,65.33,3.4
2018-06-20,27.97,0.42,69.24,3.17
2018-06-21,27.81,0.57,68.41,2.92
2018-06-22,28.38,0.32,62.92,3.32
2018-06-23,28.79,0.07,60.78,3.4
2018-06-24,29.24,0.01,60.46,3.48
2018-06-25,27.95,0.09,60.22,3.73
2018-06-26,27.6,0.36,62.09,4.63
2018-06-27,28.1,0.99,61.69,4.42
2018-06-28,27.15,0.31,64.02,4.26
2018-06-29,27.65,0.77,62.56,3.1
2018-06-30,27.57,11.12,64.99,2.48
2018-07-01,28.01,10.27,65.62,1.99
2018-07-02,27.49,10.57,70.22,2.82
2018-07-03,27.24,6.67,71.13,2.06
2018-07-04,28.43,0.0,67.24,3.01
2018-07-05,28.59,0.02,64.48,3.38
2018-07-06,28.69,0.56,62.95,4.48
2018-07-07,27.56,0.18,62.3,5.21
2018-07-08,27.58,0.44,66.46,4.68
2018-07-09,27.16,1.81,73.54,3.93
2018-07-10,27.27,2.93,71.69,3.32
2018-07-11,27.18,1.76,68.62,4.99
2018-07-12,27.61,0.42,64.84,4.92
2018-07-13,27.93,0.96,67.3,4.67
2018-07-14,27.9,0.24,67.65,4.78
2018-07-15,27.41,2.88,70.0,5.18
2018-07-16,27.1,3.32,68.67,5.26
2018-07-17,27.84,0.46,63.54,5.65
2018-07-18,27.73,0.73,65.99,4.88
2018-07-19,28.38,0.59,64.93,4.9
2018-07-20,28.1,0.53,63.86,5.11
2018-07-21,27.66,0.23,65.45,5.11
2018-07-22,28.27,0.06,64.45,4.79
2018-07-23,28.79,0.15,63.38,4.74
2018-07-24,28.44,1.07,64.36,4.5
2018-07-25,28.47,1.86,66.32,3.76
2018-07-26,27.98,0.17,66.47,4.26
2018-07-27,28.78,0.05,62.85,4.37
2018-07-28,28.73,0.5,63.15,3.31
2018-07-29,28.32,0.2,66.92,3.28
2018-07-30,27.74,0.25,70.53,3.16
2018-07-31,28.12,1.3,66.65,3.78
2018-08-01,28.29,0.15,64.48,3.69
2018-08-02,28.93,2.27,62.86,3.13
2018-08-03,26.57,6.05,70.49,3.49
2018-08-04,27.97,1.87,61.4,4.07
2018-08-05,27.8,0.13,64.49,4.35
2018-08-06,28.04,0.31,64.17,5.12
2018-08-07,27.82,0.55,63.51,5.05
2018-08-08,27.04,2.35,65.36,5.18
2018-08-09,27.73,0.97,64.04,4.76
2018-08-10,27.79,1.07,65.74,4.54
2018-08-11,27.75,0.18,63.35,5.38
2018-08-12,26.62,0.93,67.84,5.21
2018-08-13,27.0,1.15,65.71,4.76
2018-08-14,27.54,2.2,64.7,5.6
2018-08-15,27.22,7.71,68.12,5.78
2018-08-16,26.91,3.96,68.34,6.07
2018-08-17,28.2,0.58,66.18,5.62
2018-08-18,27.43,0.17,65.78,5.53
2018-08-19,27.26,0.09,67.2,5.11
2018-08-20,28.04,0.05,63.49,5.11
2018-08-21,28.39,0.03,61.32,4.55
2018-08-22,27.96,0.01,61.61,3.91
2018-08-23,28.48,0.31,62.4,3.63
2018-08-24,28.16,6.49,65.8,3.08
2018-08-25,28.82,0.94,64.95,2.73
2018-08-26,27.97,3.06,65.32,3.64
2018-08-27,27.4,6.05,69.13,3.57
2018-08-28,28.14,1.43,65.04,3.8
2018-08-29,27.71,1.7,66.25,3.58
2018-08-30,27.69,6.21,68.82,3.25
2018-08-31,27.21,4.38,71.59,2.45
2018-09-01,27.49,6.79,70.97,1.35
2018-09-02,27.72,0.13,68.24,2.15
2018-09-03,29.45,0.04,58.26,2.29
2018-09-04,29.69,0.03,59.13,2.06
2018-09-05,28.71,0.0,59.65,3.0
2018-09-06,28.71,0.0,60.47,3.57
2018-09-07,28.47,0.0,57.76,4.31
2018-09-08,29.36,0.0,57.85,3.28
2018-09-09,30.14,0.65,56.95,1.61
2018-09-10,28.9,8.14,64.02,0.84
2018-09-11,29.78,0.51,62.01,1.51
2018-09-12,30.59,0.06,58.23,1.05
2018-09-13,30.25,0.95,59.81,0.78
2018-09-14,28.61,4.39,68.23,0.89
2018-09-15,27.33,2.66,67.11,2.1
2018-09-16,25.64,5.9,72.56,1.89
2018-09-17,27.44,0.43,68.49,2.04
2018-09-18,28.65,0.01,61.16,3.65
2018-09-19,28.44,2.02,64.11,3.5
2018-09-20,28.54,0.18,58.49,3.53
2018-09-21,28.4,0.06,57.35,2.87
2018-09-22,28.92,0.51,61.67,1.01
2018-09-23,28.88,6.85,68.4,1.05
2018-09-24,27.39,11.74,78.24,0.74
2018-09-25,27.69,5.77,74.17,1.12
2018-09-26,28.21,1.92,69.55,1.51
2018-09-27,28.01,26.22,73.26,1.79
2018-09-28,26.67,13.54,82.02,1.48
2018-09-29,27.31,13.48,78.27,1.95
2018-09-30,27.22,7.2,78.1,1.38
2018-10-01,27.3,5.66,78.35,1.67
2018-10-02,26.95,6.21,80.31,1.73
2018-10-03,26.27,6.45,82.44,1.46
2018-10-04,25.36,8.15,85.23,1.99
2018-10-05,25.8,8.53,85.5,2.62
2018-10-06,26.27,10.66,83.43,2.49
2018-10-07,26.36,4.98,81.69,1.18
2018-10-08,26.41,18.63,80.77,0.8
2018-10-09,25.59,5.75,83.08,1.41
2018-10-10,26.85,0.05,74.83,1.73
2018-10-11,28.08,0.02,66.67,1.3
2018-10-12,27.92,0.02,71.45,1.22
2018-10-13,27.47,1.21,75.67,1.65
2018-10-14,27.15,11.25,79.47,1.13
2018-10-15,26.48,2.26,81.66,0.78
2018-10-16,25.95,7.53,83.08,1.18
2018-10-17,25.65,2.15,79.78,0.66
2018-10-18,26.19,0.61,78.03,1.19
2018-10-19,25.84,1.84,81.22,1.37
2018-10-20,26.12,3.5,79.42,1.21
2018-10-21,26.14,2.26,80.85,1.35
2018-10-22,26.16,2.44,79.63,1.46
2018-10-23,25.81,0.17,69.4,1.31
2018-10-24,25.97,0.58,72.53,1.5
2018-10-25,25.75,0.71,77.22,1.95
2018-10-26,26.05,0.02,75.03,2.43
2018-10-27,26.22,0.04,73.62,2.08
2018-10-28,26.24,0.0,67.13,2.2
2018-10-29,26.62,0.0,60.97,1.61
2018-10-30,27.47,0.11,61.44,1.23
2018-10-31,27.05,1.88,77.75,1.98
2018-11-01,26.32,7.27,83.04,2.32
2018-11-02,25.7,10.18,85.53,2.05
2018-11-03,25.15,13.34,87.41,1.86
2018-11-04,25.99,1.42,79.78,2.09
2018-11-05,25.68,0.47,79.84,1.65
2018-11-06,25.53,0.21,78.97,1.99
2018-11-07,25.25,0.1,75.76,1.7
2018-11-08,24.61,0.89,81.31,1.58
2018-11-09,25.69,0.49,79.55,1.88
2018-11-10,25.74,0.01,74.24,2.02
2018-11-11,25.77,0.02,70.8,1.64
2018-11-12,25.81,0.0,69.27,1.17
2018-11-13,26.56,0.0,66.87,0.87
2018-11-14,26.53,0.0,67.72,0.97
2018-11-15,26.41,8.53,73.46,1.65
2018-11-16,24.63,41.74,91.51,2.76
2018-11-17,25.67,0.08,82.67,1.55
2018-11-18,25.94,2.17,83.38,1.6
2018-11-19,25.91,2.53,82.85,1.57
2018-11-20,24.57,2.46,86.31,1.57
2018-11-21,24.55,0.46,80.63,2.61
2018-11-22,23.67,4.04,90.97,3.36
2018-11-23,24.94,7.12,86.34,1.87
2018-11-24,25.24,2.14,83.22,2.01
2018-11-25,24.64,0.06,82.67,1.86
2018-11-26,23.99,0.0,78.27,2.0
2018-11-27,22.96,0.0,77.14,2.0
2018-11-28,23.85,1.02,80.22,2.12
2018-11-29,24.46,10.09,86.31,2.63
2018-11-30,24.77,1.33,83.7,2.24
2018-12-01,24.48,0.27,79.38,2.15
2018-12-02,24.11,0.0,77.33,1.84
2018-12-03,24.86,1.18,79.9,1.97
2018-12-04,25.07,5.32,85.56,1.78
2018-12-05,25.59,0.54,82.32,1.78
2018-12-06,25.63,1.08,81.01,1.84
2018-12-07,25.32,0.09,80.67,2.13
2018-12-08,25.1,0.0,78.94,2.14
2018-12-09,24.84,0.0,77.62,2.14
2018-12-10,24.82,0.0,74.76,1.76
2018-12-11,24.33,0.0,74.26,1.44
2018-12-12,24.93,0.0,73.58,1.38
2018-12-13,25.18,0.0,73.14,1.49
2018-12-14,24.89,0.0,73.78,1.91
2018-12-15,25.05,0.0,72.5,2.6
2018-12-16,23.94,0.0,67.18,1.61
2018-12-17,25.48,0.0,63.43,1.23
2018-12-18,25.56,0.0,74.35,1.5
2018-12-19,24.74,0.0,75.08,2.35
2018-12-20,24.22,0.0,73.24,1.57
2018-12-21,25.32,0.06,74.28,1.69
2018-12-22,22.35,1.01,85.99,2.22
2018-12-23,24.78,2.55,84.35,2.63
2018-12-24,24.77,0.28,81.95,1.98
2018-12-25,25.29,0.02,71.83,2.03
2018-12-26,25.41,0.0,70.04,1.54
2018-12-27,25.1,0.0,70.33,1.46
2018-12-28,25.14,0.01,72.98,1.72
2018-12-29,25.06,0.03,75.05,2.91
2018-12-30,24.25,0.01,72.1,2.76
2018-12-31,23.68,0.0,71.65,2.65
2019-01-01,22.24,0.0,68.03,2.12
2019-01-02,21.52,0.0,70.87,2.27
2019-01-03,22.11,0.0,69.96,2.19
2019-01-04,22.17,0.0,70.68,2.49
2019-01-05,22.53,0.0,70.51,2.12
2019-01-06,22.64,0.0,71.22,1.99
2019-01-07,23.38,0.0,70.0,1.87
2019-01-08,23.62,0.0,65.36,2.15
2019-01-09,22.82,0.0,66.94,1.94
2019-01-10,22.85,0.0,67.83,2.04
2019-01-11,23.29,0.0,68.56,2.1
2019-01-12,23.35,0.0,65.08,2.4
2019-01-13,23.62,0.0,70.25,2.06
2019-01-14,23.85,0.08,69.31,1.98
2019-01-15,23.62,0.9,64.22,2.13
2019-01-16,23.56,0.0,63.89,2.31
2019-01-17,23.22,0.0,65.5,2.24
2019-01-18,22.84,0.0,64.77,2.15
2019-01-19,22.87,0.0,64.75,1.92
2019-01-20,22.79,0.0,63.97,2.28
2019-01-21,22.86,0.0,62.3,1.87
2019-01-22,23.38,0.0,64.47,1.65
2019-01-23,24.68,0.0,66.3,1.95
2019-01-24,25.52,0.0,66.06,1.89
2019-01-25,26.46,0.0,67.23,1.76
2019-01-26,27.31,0.0,66.58,2.1
2019-01-27,27.33,0.01,62.98,2.29
2019-01-28,27.07,0.02,60.75,2.08
2019-01-29,26.57,0.0,59.26,2.73
2019-01-30,25.94,0.01,62.34,2.86
2019-01-31,25.71,0.0,62.03,2.59
2019-02-01,25.83,0.0,62.0,2.28
2019-02-02,26.49,0.0,59.68,2.17
2019-02-03,26.89,0.0,58.44,2.37
2019-02-04,27.12,0.03,62.55,3.03
2019-02-05,27.23,0.03,64.19,2.96
2019-02-06,27.27,0.0,57.78,2.38
2019-02-07,27.64,0.0,57.21,2.1
2019-02-08,28.64,0.0,59.38,2.03
2019-02-09,28.49,2.18,65.29,2.12
2019-02-10,28.07,2.45,64.8,2.23
2019-02-11,27.82,0.15,61.53,3.11
2019-02-12,27.29,0.0,61.19,3.44
2019-02-13,26.99,0.0,60.22,3.03
2019-02-14,27.89,0.0,63.65,2.77
2019-02-15,28.73,0.08,59.85,2.35
2019-02-16,29.71,0.02,54.83,1.65
2019-02-17,30.6,0.11,56.29,1.81
2019-02-18,31.05,0.13,54.37,2.3
2019-02-19,29.77,0.34,58.81,2.84
2019-02-20,28.78,0.13,58.43,3.07
2019-02-21,28.1,0.0,56.52,2.61
2019-02-22,27.0,0.0,52.39,2.65
2019-02-23,27.08,0.0,51.14,2.37
2019-02-24,27.54,0.0,53.11,2.3
2019-02-25,27.78,0.0,51.05,1.73
2019-02-26,29.36,0.0,51.87,1.78
2019-02-27,30.9,0.01,52.43,1.81
2019-02-28,30.81,0.07,51.66,1.92
2019-03-01,30.69,0.44,55.39,2.57
2019-03-02,29.67,1.04,55.85,3.13
2019-03-03,29.98,0.01,53.94,2.63
2019-03-04,30.14,0.0,50.66,2.17
2019-03-05,31.36,0.0,44.38,1.81
2019-03-06,32.14,0.54,44.41,1.94
2019-03-07,32.55,0.66,48.96,2.24
2019-03-08,31.96,0.01,51.07,2.61
2019-03-09,31.15,2.03,52.97,2.08
2019-03-10,30.9,0.88,54.67,2.79
2019-03-11,30.05,0.0,49.16,2.61
2019-03-12,28.97,0.0,49.38,2.57
2019-03-13,28.6,0.0,47.67,2.41
2019-03-14,29.0,0.0,43.6,2.63
2019-03-15,29.21,0.0,42.47,2.69
2019-03-16,28.99,0.0,52.57,2.41
2019-03-17,29.26,0.0,54.04,2.17
2019-03-18,30.13,0.01,55.13,2.58
2019-03-19,30.54,0.01,53.78,2.61
2019-03-20,30.18,0.01,51.21,2.77
2019-03-21,29.73,0.0,51.48,2.39
2019-03-22,30.4,0.0,51.85,2.22
2019-03-23,31.1,0.0,51.93,2.31
2019-03-24,31.56,0.0,43.77,2.26
2019-03-25,31.08,0.0,42.21,2.7
2019-03-26,30.46,0.0,46.6,2.54
2019-03-27,29.77,0.0,44.88,1.77
2019-03-28,30.74,0.0,42.93,2.68
2019-03-29,31.62,0.0,35.64,2.24
2019-03-30,31.66,0.0,37.51,2.33
2019-03-31,32.38,0.0,38.36,1.52
2019-04-01,32.43,0.0,45.14,2.2
2019-04-02,31.92,0.0,47.36,2.53
2019-04-03,31.24,0.0,48.34,2.9
2019-04-04,31.23,0.01,49.6,2.74
2019-04-05,32.52,0.06,46.82,2.34
2019-04-06,32.41,0.01,43.83,2.26
2019-04-07,32.28,0.0,46.28,2.47
2019-04-08,32.34,0.01,52.35,2.84
2019-04-09,32.69,0.06,49.75,2.54
2019-04-10,32.14,0.02,53.24,2.83
2019-04-11,32.27,0.0,47.66,2.27
2019-04-12,32.69,0.0,44.97,2.46
2019-04-13,32.19,0.0,45.85,2.39
2019-04-14,32.02,0.0,43.88,2.39
2019-04-15,32.48,0.0,42.8,2.23
2019-04-16,32.72,2.49,47.69,2.67
2019-04-17,31.19,5.73,51.8,1.86
2019-04-18,31.4,1.67,56.25,2.28
2019-04-19,30.71,5.12,60.93,1.45
2019-04-20,29.58,11.09,66.17,2.14
2019-04-21,30.39,1.58,60.81,1.28
2019-04-22,31.93,9.07,53.77,1.69
2019-04-23,30.8,4.0,60.28,1.94
2019-04-24,30.33,0.39,55.78,1.61
2019-04-25,30.86,0.5,55.87,1.68
2019-04-26,31.08,1.32,57.01,1.78
2019-04-27,31.49,0.0,56.71,2.17
2019-04-28,32.02,0.0,56.36,2.06
2019-04-29,31.59,2.63,60.99,1.4
2019-04-30,30.95,0.36,60.71,3.04
2019-05-01,31.36,0.14,55.79,3.25
2019-05-02,32.78,0.0,49.48,2.44
2019-05-03,32.44,0.0,47.23,2.27
2019-05-04,32.58,0.0,48.96,1.67
2019-05-05,33.42,0.0,46.91,2.32
2019-05-06,33.98,0.18,46.09,1.62
2019-05-07,33.16,0.86,51.59,2.32
2019-05-08,30.44,0.74,53.99,2.66
2019-05-09,32.12,0.89,51.76,2.14
2019-05-10,33.11,1.25,50.66,1.99
2019-05-11,34.09,0.07,47.75,1.5
2019-05-12,34.26,0.09,47.26,1.49
2019-05-13,34.16,0.01,45.7,1.59
2019-05-14,34.12,0.14,45.41,2.45
2019-05-15,33.32,3.16,49.88,2.39
2019-05-16,33.25,0.53,52.77,1.37
2019-05-17,32.99,2.3,52.28,1.89
2019-05-18,33.02,0.32,51.77,1.76
2019-05-19,33.51,0.0,48.94,2.23
2019-05-20,33.3,0.0,47.61,2.34
2019-05-21,32.98,0.0,48.5,1.56
2019-05-22,33.18,0.04,49.99,2.06
2019-05-23,33.25,0.13,51.22,1.5
2019-05-24,32.83,0.26,51.38,1.57
2019-05-25,32.1,0.55,54.91,2.88
2019-05-26,32.43,0.23,53.11,2.13
2019-05-27,33.75,0.19,50.65,1.75
2019-05-28,34.06,3.7,49.15,1.31
2019-05-29,31.2,2.52,63.84,1.81
2019-05-30,30.92,4.38,64.26,1.77
2019-05-31,28.77,5.53,69.44,2.32
2019-06-01,30.81,0.38,61.75,1.54
2019-06-02,31.3,0.95,59.64,1.98
2019-06-03,28.74,0.36,70.7,1.72
2019-06-04,29.78,5.78,66.18,1.99
2019-06-05,29.16,19.06,71.96,2.08
2019-06-06,29.52,0.44,70.82,1.08
2019-06-07,30.0,4.28,69.81,1.88
2019-06-08,30.42,0.53,63.1,1.69
2019-06-09,30.05,0.98,61.69,3.34
2019-06-10,29.43,0.94,64.27,2.84
2019-06-11,29.78,0.7,62.47,3.36
2019-06-12,30.06,0.14,61.84,3.14
2019-06-13,29.46,0.63,64.36,3.24
2019-06-14,29.56,0.35,54.1,3.72
2019-06-15,30.51,0.47,51.44,3.51
2019-06-16,31.16,0.13,58.43,2.6
2019-06-17,31.36,0.01,56.37,3.93
2019-06-18,31.22,0.09,54.74,3.6
2019-06-19,30.48,0.26,57.61,3.96
2019-06-20,30.55,0.23,53.55,4.76
2019-06-21,29.61,0.88,58.46,3.28
2019-06-22,29.37,0.69,63.66,4.21
2019-06-23,29.56,0.66,60.78,3.8
2019-06-24,30.88,0.5,56.54,3.41
2019-06-25,30.07,1.61,62.02,2.42
2019-06-26,29.93,0.19,61.63,2.49
2019-06-27,30.32,0.0,57.88,3.59
2019-06-28,31.01,0.0,54.93,4.38
2019-06-29,30.83,0.0,54.39,4.83
2019-06-30,30.12,0.0,56.6,4.95
2019-07-01,31.14,0.0,55.07,4.44
2019-07-02,30.4,0.2,57.9,4.44
2019-07-03,30.37,0.08,58.36,3.85
2019-07-04,30.39,0.7,59.51,3.56
2019-07-05,30.45,0.15,57.7,3.82
2019-07-06,30.1,0.25,58.49,3.85
2019-07-07,29.93,0.15,58.46,3.53
2019-07-08,30.59,0.16,58.51,3.56
2019-07-09,30.02,0.51,57.95,3.15
2019-07-10,29.8,1.35,51.7,4.09
2019-07-11,30.43,0.44,50.02,3.54
2019-07-12,30.75,0.02,50.28,2.2
2019-07-13,31.01,0.37,51.97,1.84
2019-07-14,30.49,1.05,55.4,2.35
2019-07-15,29.81,4.28,58.05,3.31
2019-07-16,29.11,1.66,60.79,3.84
2019-07-17,28.95,0.65,60.63,3.74
2019-07-18,27.63,9.42,68.11,3.36
2019-07-19,26.75,1.45,74.43,3.66
2019-07-20,28.16,0.44,65.63,4.33
2019-07-21,28.72,0.45,61.74,4.42
2019-07-22,27.44,1.01,67.9,3.88
2019-07-23,28.47,0.96,59.56,4.46
2019-07-24,28.92,3.61,63.22,3.19
2019-07-25,28.24,3.94,64.05,3.38
2019-07-26,27.85,1.25,63.83,3.52
2019-07-27,29.28,0.0,59.87,3.1
2019-07-28,29.28,0.03,58.16,3.94
2019-07-29,28.46,0.04,61.61,3.35
2019-07-30,29.75,0.01,55.27,3.66
2019-07-31,29.21,0.0,57.3,3.09
2019-08-01,29.98,0.05,56.66,3.39
2019-08-02,29.34,0.11,58.05,3.74
2019-08-03,29.94,0.03,53.44,3.68
2019-08-04,29.8,0.87,57.45,4.06
2019-08-05,28.84,1.6,56.49,4.67
2019-08-06,28.06,2.47,60.58,4.23
2019-08-07,27.8,3.3,66.13,4.49
2019-08-08,27.63,12.83,69.43,4.94
2019-08-09,27.44,10.64,68.04,4.85
2019-08-10,27.3,0.94,66.23,4.17
2019-08-11,27.73,0.2,63.15,4.41
2019-08-12,28.89,0.09,60.44,5.08
2019-08-13,28.13,3.04,65.24,3.62
2019-08-14,28.88,2.58,66.42,3.95
2019-08-15,28.84,0.15,64.2,3.49
2019-08-16,28.12,6.81,63.1,3.47
2019-08-17,26.29,6.33,74.1,2.29
2019-08-18,26.46,9.54,75.61,1.62
2019-08-19,27.82,17.39,74.16,1.62
2019-08-20,27.99,5.38,73.23,2.26
2019-08-21,26.99,2.52,76.31,2.46
2019-08-22,26.92,2.85,70.78,3.29
2019-08-23,27.08,0.55,63.53,4.08
2019-08-24,27.37,0.54,62.68,3.25
2019-08-25,27.01,1.6,65.87,2.92
2019-08-26,26.67,0.75,72.35,2.42
2019-08-27,28.17,0.27,64.66,3.2
2019-08-28,27.99,0.3,64.17,2.84
2019-08-29,26.86,5.11,69.96,2.88
2019-08-30,27.52,0.13,63.54,3.96
2019-08-31,26.9,0.45,66.34,3.34
2019-09-01,28.16,0.46,67.93,2.64
2019-09-02,27.31,1.37,72.45,2.37
2019-09-03,27.99,1.18,68.24,2.98
2019-09-04,28.09,0.59,66.77,3.46
2019-09-05,27.9,0.4,66.95,3.61
2019-09-06,28.04,0.5,68.28,3.48
2019-09-07,28.61,0.23,64.99,3.78
2019-09-08,28.5,0.55,61.69,3.81
2019-09-09,28.52,0.13,60.19,3.47
2019-09-10,28.94,4.98,67.55,2.19
2019-09-11,27.77,11.15,75.97,1.4
2019-09-12,26.99,3.73,76.12,1.39
2019-09-13,26.83,22.67,74.05,1.66
2019-09-14,27.58,2.64,71.78,1.77
2019-09-15,27.65,7.98,70.53,2.26
2019-09-16,27.87,12.7,73.52,2.48
2019-09-17,27.19,7.38,73.56,2.21
2019-09-18,27.75,3.04,74.8,1.92
2019-09-19,27.05,6.63,74.88,2.14
2019-09-20,26.64,0.87,70.66,1.21
2019-09-21,28.52,0.64,69.29,1.22
2019-09-22,27.17,4.76,77.85,1.48
2019-09-23,25.99,23.47,86.68,1.11
2019-09-24,26.11,7.97,83.5,1.45
2019-09-25,25.64,7.63,85.42,2.83
2019-09-26,25.86,1.52,79.65,2.19
2019-09-27,26.73,4.19,73.42,1.59
2019-09-28,26.57,7.47,77.19,1.53
2019-09-29,25.88,7.73,81.04,1.49
2019-09-30,24.83,18.19,86.71,1.69
2019-10-01,27.21,1.43,73.46,0.86
2019-10-02,26.62,2.73,80.22,1.23
2019-10-03,27.03,0.79,77.48,1.41
2019-10-04,27.57,0.23,75.48,0.75
2019-10-05,27.17,0.46,76.54,1.59
2019-10-06,26.57,2.0,79.16,1.11
2019-10-07,27.28,4.8,76.33,0.76
2019-10-08,27.01,7.03,78.45,1.01
2019-10-09,27.55,2.02,77.36,0.91
2019-10-10,27.24,0.28,78.77,1.55
2019-10-11,26.04,5.85,81.82,1.3
2019-10-12,26.43,5.11,80.32,1.43
2019-10-13,26.42,14.88,83.33,1.2
2019-10-14,26.41,4.72,83.82,1.25
2019-10-15,26.06,5.56,86.38,1.27
2019-10-16,24.91,28.37,89.93,1.33
2019-10-17,25.16,15.02,87.86,2.28
2019-10-18,25.06,9.9,89.02,1.38
2019-10-19,25.33,5.38,88.05,1.29
2019-10-20,25.06,12.56,90.32,1.14
2019-10-21,24.58,20.35,93.03,1.64
2019-10-22,24.88,4.61,88.3,1.42
2019-10-23,25.32,16.29,85.12,1.49
2019-10-24,24.71,2.23,85.94,1.76
2019-10-25,24.95,0.24,83.23,0.99
2019-10-26,24.95,0.63,86.33,1.24
2019-10-27,24.53,1.76,85.33,1.04
2019-10-28,24.86,3.16,86.23,1.3
2019-10-29,24.04,13.53,88.67,1.56
2019-10-30,24.24,39.51,92.01,1.97
2019-10-31,24.95,5.48,92.06,2.32
2019-11-01,25.4,0.49,82.66,1.1
2019-11-02,24.8,0.81,87.49,1.01
2019-11-03,25.07,3.78,86.39,1.05
2019-11-04,25.4,2.11,85.5,1.03
2019-11-05,25.89,0.03,80.18,0.86
2019-11-06,26.53,0.28,80.26,0.72
2019-11-07,25.4,6.11,89.47,0.5
2019-11-08,25.96,4.37,85.13,0.81
2019-11-09,25.99,7.09,86.22,1.09
2019-11-10,26.01,3.09,86.26,1.37
2019-11-11,25.41,1.01,86.54,1.26
2019-11-12,24.83,0.2,87.3,1.62
2019-11-13,24.8,0.07,86.83,1.99
2019-11-14,25.1,4.31,88.27,1.88
2019-11-15,25.27,4.16,89.18,2.06
2019-11-16,25.24,2.54,87.87,1.61
2019-11-17,25.37,0.53,86.26,1.61
2019-11-18,25.72,1.77,88.3,2.01
2019-11-19,25.58,0.36,85.98,1.56
2019-11-20,25.18,4.17,88.92,1.68
2019-11-21,25.15,1.76,87.89,1.88
2019-11-22,24.57,3.18,89.69,2.09
2019-11-23,24.38,0.83,87.16,2.69
2019-11-24,24.44,2.34,87.74,2.16
2019-11-25,24.55,0.68,87.27,2.5
2019-11-26,24.47,0.44,85.59,2.28
2019-11-27,25.34,4.13,86.42,2.38
2019-11-28,25.19,11.97,90.19,2.26
2019-11-29,25.26,12.5,90.28,2.4
2019-11-30,24.31,12.8,93.25,1.66
2019-12-01,24.4,14.69,94.42,1.66
2019-12-02,24.55,11.41,90.32,1.92
2019-12-03,24.34,2.46,90.9,2.08
2019-12-04,23.93,1.09,87.79,2.49
2019-12-05,23.46,2.39,87.19,2.66
2019-12-06,23.18,1.01,87.05,2.75
2019-12-07,23.49,3.27,89.06,2.67
2019-12-08,23.21,0.15,86.17,2.03
2019-12-09,23.02,0.03,86.26,1.99
2019-12-10,23.13,0.0,84.49,1.87
2019-12-11,23.48,0.0,84.01,1.66
2019-12-12,23.63,0.02,86.39,1.97
2019-12-13,24.48,5.78,88.41,2.39
2019-12-14,24.58,7.03,89.18,2.73
2019-12-15,23.72,1.46,87.64,2.19
2019-12-16,23.3,0.35,88.97,1.77
2019-12-17,23.8,0.81,87.61,2.58
2019-12-18,23.89,0.12,87.35,2.6
2019-12-19,24.05,0.05,86.58,2.57
2019-12-20,24.1,0.2,86.43,2.44
2019-12-21,22.88,0.01,87.89,1.63
2019-12-22,23.77,0.05,84.62,1.86
2019-12-23,23.58,0.01,83.8,1.92
2019-12-24,23.84,2.87,87.11,2.03
2019-12-25,24.47,3.29,88.46,2.57
2019-12-26,24.06,0.05,84.43,1.62
2019-12-27,23.72,0.0,83.23,1.73
2019-12-28,23.46,0.0,81.93,1.74
2019-12-29,23.85,0.01,84.24,1.96
2019-12-30,23.86,0.01,83.9,1.92
2019-12-31,24.46,0.1,82.92,1.79
2020-01-01,24.86,0.08,84.12,1.97
2020-01-02,25.51,0.0,82.97,1.89
2020-01-03,25.57,0.0,82.94,1.67
2020-01-04,26.14,0.01,81.55,1.52
2020-01-05,25.82,0.01,81.95,1.99
2020-01-06,24.99,0.36,82.51,2.41
2020-01-07,24.69,0.34,81.45,2.25
2020-01-08,24.62,0.06,77.65,2.02
2020-01-09,24.07,0.0,74.92,1.81
2020-01-10,23.63,0.0,75.85,2.1
2020-01-11,22.92,0.0,75.43,2.13
2020-01-12,23.34,0.0,76.39,2.09
2020-01-13,23.66,0.0,75.74,1.84
2020-01-14,23.16,0.0,72.98,1.67
2020-01-15,22.65,0.0,71.46,1.83
2020-01-16,23.38,0.0,72.35,1.63
2020-01-17,24.72,0.17,77.16,1.86
2020-01-18,25.47,1.32,80.85,2.29
2020-01-19,25.06,0.89,78.43,2.47
2020-01-20,24.96,0.0,74.91,2.15
2020-01-21,24.45,0.0,73.11,2.33
2020-01-22,24.78,0.0,74.53,2.73
2020-01-23,25.33,0.0,76.67,2.81
2020-01-24,24.19,0.0,71.26,2.38
2020-01-25,23.61,0.0,67.77,1.77
2020-01-26,24.18,0.0,68.71,1.67
2020-01-27,24.45,0.0,66.07,1.46
2020-01-28,25.1,0.0,67.83,1.83
2020-01-29,25.4,0.0,68.89,1.67
2020-01-30,25.73,0.0,67.75,1.58
2020-01-31,25.57,0.0,69.76,1.91
2020-02-01,25.63,0.0,70.45,2.04
2020-02-02,25.29,0.0,68.03,2.35
2020-02-03,25.21,0.0,66.55,2.27
2020-02-04,25.65,0.02,66.92,2.27
2020-02-05,25.97,0.16,66.39,2.39
2020-02-06,25.61,0.01,63.2,1.95
2020-02-07,26.01,0.01,66.41,2.04
2020-02-08,26.5,0.0,64.44,1.65
2020-02-09,26.49,0.04,64.54,2.13
2020-02-10,26.43,0.03,65.88,2.65
2020-02-11,26.33,0.0,64.62,3.01
2020-02-12,26.14,0.0,67.92,2.8
2020-02-13,26.32,0.0,63.5,2.46
2020-02-14,26.04,0.02,63.48,1.68
2020-02-15,26.93,0.01,58.48,1.67
2020-02-16,26.04,0.0,58.35,2.06
2020-02-17,25.92,0.0,60.34,2.21
2020-02-18,25.55,0.0,59.08,2.28
2020-02-19,25.02,0.0,62.09,2.0
2020-02-20,25.3,0.0,62.9,2.4
2020-02-21,26.15,0.07,68.25,2.95
2020-02-22,27.63,0.15,65.33,3.74
2020-02-23,26.91,0.0,65.03,3.0
2020-02-24,26.99,0.0,63.29,2.58
2020-02-25,27.74,0.0,63.0,2.06
2020-02-26,28.06,0.0,60.49,2.38
2020-02-27,28.19,0.0,60.16,2.39
2020-02-28,28.52,0.01,58.67,2.91
2020-02-29,28.34,0.0,58.31,2.57
2020-03-01,28.63,0.17,55.89,2.37
2020-03-02,28.87,0.35,54.97,1.12
2020-03-03,28.33,0.05,51.39,0.85
2020-03-04,27.83,0.12,59.08,1.96
2020-03-05,29.69,0.03,51.99,2.19
2020-03-06,30.44,0.0,50.73,2.32
2020-03-07,30.42,0.0,57.87,2.75
2020-03-08,30.09,0.19,58.16,2.93
2020-03-09,30.3,0.04,54.24,2.63
2020-03-10,29.75,0.0,52.66,2.66
2020-03-11,29.39,0.05,54.13,2.31
2020-03-12,29.39,0.07,53.53,2.59
2020-03-13,29.04,0.0,55.0,2.41
2020-03-14,29.91,0.0,55.22,2.47
2020-03-15,29.93,0.0,54.01,2.85
2020-03-16,30.42,0.0,55.53,3.03
2020-03-17,30.05,0.0,54.98,2.89
2020-03-18,30.52,0.0,54.92,2.65
2020-03-19,30.82,0.0,50.52,2.07
2020-03-20,31.6,0.12,46.75,2.05
2020-03-21,31.22,0.88,49.58,2.38
2020-03-22,31.49,0.02,47.99,2.5
2020-03-23,31.11,0.1,48.19,2.82
2020-03-24,30.45,0.0,50.44,2.6
2020-03-25,30.46,0.03,52.78,2.51
2020-03-26,30.35,0.0,51.33,2.73
2020-03-27,30.15,0.0,53.57,2.87
2020-03-28,30.31,0.0,48.97,2.05
2020-03-29,30.27,0.0,46.14,2.16
2020-03-30,30.44,0.0,41.45,2.19
2020-03-31,30.08,0.05,46.55,2.41
2020-04-01,30.28,0.0,49.32,2.41
2020-04-02,30.99,0.0,51.37,2.72
2020-04-03,30.84,0.0,51.62,2.43
2020-04-04,30.9,0.04,52.92,2.39
2020-04-05,29.61,1.61,64.25,2.36
2020-04-06,31.42,0.21,55.78,2.45
2020-04-07,30.5,0.66,55.6,0.91
2020-04-08,31.23,0.84,51.35,1.57
2020-04-09,30.9,4.77,57.51,2.59
2020-04-10,30.33,1.38,58.08,2.52
2020-04-11,30.5,0.13,56.54,2.44
2020-04-12,30.84,0.0,51.12,2.07
2020-04-13,30.97,0.0,50.03,2.01
2020-04-14,31.24,0.0,49.2,2.45
2020-04-15,31.55,0.02,52.48,2.49
2020-04-16,31.74,0.01,52.48,2.42
2020-04-17,32.24,0.02,50.65,2.65
2020-04-18,32.37,0.09,52.01,2.99
2020-04-19,31.41,0.61,55.77,2.82
2020-04-20,31.42,0.04,55.78,2.59
2020-04-21,32.12,0.03,51.62,2.41
2020-04-22,32.87,0.17,49.49,2.59
2020-04-23,33.59,0.37,48.63,2.12
2020-04-24,32.8,1.74,53.46,2.39
2020-04-25,31.41,5.51,60.8,2.16
2020-04-26,28.74,5.29,76.47,1.99
2020-04-27,30.52,1.57,64.76,1.44
2020-04-28,29.13,1.74,69.6,2.2
2020-04-29,29.4,4.02,66.9,1.47
2020-04-30,30.37,0.02,58.11,1.35
2020-05-01,31.83,0.38,54.09,1.68
2020-05-02,32.41,1.37,53.77,2.18
2020-05-03,30.88,1.04,60.67,2.25
2020-05-04,31.92,0.01,54.79,2.23
2020-05-05,31.65,0.01,55.03,2.95
2020-05-06,31.64,0.81,57.4,2.36
2020-05-07,31.55,3.83,57.94,2.6
2020-05-08,30.35,2.23,64.23,2.28
2020-05-09,31.33,0.26,60.55,2.56
2020-05-10,31.2,0.26,61.52,2.53
2020-05-11,29.83,0.72,66.49,2.66
2020-05-12,30.76,0.22,58.07,2.61
2020-05-13,31.13,1.22,52.4,1.95
2020-05-14,31.7,0.13,55.05,1.3
2020-05-15,31.61,0.46,55.89,0.99
2020-05-16,31.89,0.26,54.07,2.39
2020-05-17,31.34,5.28,59.31,3.19
2020-05-18,29.91,1.68,62.09,4.92
2020-05-19,30.94,0.03,57.46,5.32
2020-05-20,32.35,0.11,52.48,4.24
2020-05-21,31.39,0.28,51.76,3.31
2020-05-22,32.81,0.1,48.25,3.13
2020-05-23,34.14,0.19,47.22,2.25
2020-05-24,33.51,0.34,50.57,3.08
2020-05-25,32.65,1.21,54.36,2.53
2020-05-26,32.35,0.06,54.15,2.16
2020-05-27,32.27,1.19,53.7,2.82
2020-05-28,30.77,16.05,64.16,2.08
2020-05-29,31.04,0.53,57.8,1.89
2020-05-30,30.62,0.15,60.4,2.03
2020-05-31,30.44,1.11,63.4,2.67
2020-06-01,29.1,6.64,70.47,1.93
2020-06-02,28.26,13.43,73.0,1.65
2020-06-03,28.25,0.04,69.33,1.88
2020-06-04,28.85,0.29,63.06,2.44
2020-06-05,28.81,1.81,66.33,2.39
2020-06-06,29.09,3.91,67.25,1.85
2020-06-07,28.52,3.07,68.51,2.41
2020-06-08,29.27,0.01,59.33,3.47
2020-06-09,29.49,0.13,57.86,3.84
2020-06-10,29.52,0.34,58.48,4.01
2020-06-11,28.51,0.94,61.25,3.67
2020-06-12,28.73,0.11,57.95,4.3
2020-06-13,29.61,0.19,56.56,3.5
2020-06-14,29.56,0.06,60.27,4.12
2020-06-15,29.96,0.04,61.2,3.17
2020-06-16,29.89,0.19,63.46,2.79
2020-06-17,29.4,0.26,61.64,3.03
2020-06-18,29.3,0.17,58.49,3.72
2020-06-19,29.18,0.06,59.42,3.72
2020-06-20,28.95,0.05,59.51,4.19
2020-06-21,27.26,0.58,64.85,4.28
2020-06-22,29.29,0.64,58.47,4.0
2020-06-23,30.2,0.02,51.95,3.82
2020-06-24,29.75,3.89,55.87,2.63
2020-06-25,27.66,19.25,70.66,1.47
2020-06-26,27.92,6.33,74.17,1.48
2020-06-27,29.06,0.47,67.3,2.43
2020-06-28,28.87,6.69,71.75,2.88
2020-06-29,28.31,2.89,73.82,2.39
2020-06-30,28.79,0.53,66.85,2.87
2020-07-01,27.96,0.03,64.88,2.63
2020-07-02,28.57,1.33,64.8,3.44
2020-07-03,27.2,1.38,65.1,3.77
2020-07-04,27.03,0.7,66.33,3.59
2020-07-05,27.87,0.27,62.59,3.12
2020-07-06,27.45,0.81,64.98,3.41
2020-07-07,27.98,2.89,64.5,3.46
2020-07-08,26.93,9.74,75.69,1.82
2020-07-09,26.61,20.77,78.03,1.73
2020-07-10,26.32,1.76,79.44,1.62
2020-07-11,27.7,9.08,72.85,1.07
2020-07-12,28.44,1.16,68.48,2.84
2020-07-13,27.96,2.63,71.06,1.62
2020-07-14,27.22,4.63,77.55,2.47
2020-07-15,27.61,1.08,74.24,2.43
2020-07-16,27.47,1.63,70.62,2.68
2020-07-17,26.68,0.97,72.33,2.95
2020-07-18,27.27,0.5,70.17,1.41
2020-07-19,26.82,4.54,74.64,1.49
2020-07-20,27.09,17.07,78.71,2.11
2020-07-21,26.75,0.81,77.65,1.14
2020-07-22,27.02,0.21,76.75,1.95
2020-07-23,27.8,9.81,74.37,2.26
2020-07-24,27.46,14.78,76.6,1.74
2020-07-25,27.41,2.55,72.01,1.31
2020-07-26,27.09,1.61,73.43,1.62
2020-07-27,27.11,2.05,72.27,2.74
2020-07-28,27.06,2.2,72.62,3.24
2020-07-29,26.46,6.11,76.68,2.54
2020-07-30,27.91,0.69,72.05,2.29
2020-07-31,27.85,3.69,73.62,2.22
2020-08-01,27.23,3.86,72.13,3.15
2020-08-02,26.76,1.04,71.01,3.77
2020-08-03,27.12,2.04,71.31,4.08
2020-08-04,26.68,2.08,67.38,4.79
2020-08-05,27.79,0.54,63.31,5.55
2020-08-06,28.44,2.96,67.16,4.63
2020-08-07,28.56,0.84,66.39,5.03
2020-08-08,26.82,9.99,74.07,3.86
2020-08-09,25.76,4.98,77.94,3.41
2020-08-10,26.79,0.11,72.38,3.16
2020-08-11,27.64,1.56,72.16,3.17
2020-08-12,27.89,0.25,70.34,3.59
2020-08-13,27.67,0.31,71.17,3.07
2020-08-14,27.69,0.06,69.64,3.33
2020-08-15,27.14,0.01,70.3,2.75
2020-08-16,27.74,0.05,69.67,3.0
2020-08-17,28.53,0.09,67.9,2.81
2020-08-18,28.68,0.43,67.94,3.15
2020-08-19,28.04,0.11,70.64,2.75
2020-08-20,27.45,0.0,71.8,2.95
2020-08-21,29.19,0.11,64.61,1.8
2020-08-22,29.0,4.78,70.2,1.85
2020-08-23,28.19,7.24,73.81,2.05
2020-08-24,27.77,24.34,75.8,1.3
2020-08-25,27.96,5.92,77.16,1.37
2020-08-26,27.32,3.36,77.68,1.15
2020-08-27,28.08,0.16,70.16,1.89
2020-08-28,29.0,1.96,66.03,1.91
2020-08-29,28.32,1.18,68.96,2.55
2020-08-30,28.52,0.25,69.43,1.71
2020-08-31,27.66,3.66,75.27,2.04
2020-09-01,26.55,11.32,78.69,2.14
2020-09-02,26.32,7.8,77.46,1.82
2020-09-03,26.91,13.21,78.84,0.65
2020-09-04,27.28,4.93,80.05,1.01
2020-09-05,27.41,0.53,77.34,1.36
2020-09-06,27.5,14.51,76.25,1.37
2020-09-07,27.24,0.9,76.38,2.09
2020-09-08,27.54,6.08,76.58,1.15
2020-09-09,26.94,11.42,79.7,1.82
2020-09-10,26.07,2.5,80.82,1.91
2020-09-11,25.85,1.41,76.68,2.3
2020-09-12,26.67,0.49,72.22,2.46
2020-09-13,25.7,2.01,76.99,2.48
2020-09-14,26.62,0.36,69.72,3.35
2020-09-15,26.68,1.46,71.74,2.7
2020-09-16,27.73,0.26,71.77,2.89
2020-09-17,27.63,2.01,73.79,2.83
2020-09-18,27.75,0.62,69.94,3.79
2020-09-19,26.92,1.38,70.32,4.12
2020-09-20,25.95,1.38,69.91,4.78
2020-09-21,26.48,0.5,70.05,3.67
2020-09-22,26.77,0.2,67.74,3.45
2020-09-23,27.49,0.06,67.91,2.6
2020-09-24,27.37,0.29,72.37,1.75
2020-09-25,26.12,5.07,77.26,1.4
2020-09-26,25.55,0.45,78.14,1.91
2020-09-27,27.36,8.13,70.72,1.67
2020-09-28,27.09,6.11,77.32,1.29
2020-09-29,26.19,13.52,80.54,1.9
2020-09-30,25.91,3.19,78.81,2.24
2020-10-01,26.37,0.02,73.62,2.6
2020-10-02,26.36,0.44,72.79,2.44
2020-10-03,26.57,0.61,73.09,2.54
2020-10-04,26.77,0.01,70.86,2.68
2020-10-05,27.48,0.03,67.12,2.64
2020-10-06,28.43,14.59,71.09,1.56
2020-10-07,27.67,9.93,77.98,2.58
2020-10-08,26.89,7.99,82.48,1.42
2020-10-09,26.32,17.8,83.67,0.85
2020-10-10,26.12,2.54,79.87,1.97
2020-10-11,25.14,0.57,79.37,2.71
2020-10-12,26.29,0.22,74.57,2.61
2020-10-13,26.26,0.16,73.24,3.3
2020-10-14,26.46,0.08,72.21,2.98
2020-10-15,26.93,0.08,71.29,2.11
2020-10-16,26.74,0.62,77.58,1.85
2020-10-17,27.0,2.49,75.87,1.5
2020-10-18,26.42,3.69,78.87,1.65
2020-10-19,26.77,4.32,77.26,1.67
2020-10-20,25.67,10.62,83.1,2.13
2020-10-21,26.62,1.5,77.02,2.01
2020-10-22,25.6,1.8,80.74,2.05
2020-10-23,26.66,0.0,75.38,1.64
2020-10-24,25.58,0.0,71.13,1.63
2020-10-25,26.71,111.92,72.59,0.92
2020-10-26,26.29,12.25,82.29,0.86
2020-10-27,26.56,0.04,79.58,1.02
2020-10-28,26.53,1.44,77.2,1.02
2020-10-29,26.25,2.02,79.01,1.22
2020-10-30,25.79,9.04,81.37,1.07
2020-10-31,26.39,9.98,76.17,0.71
2020-11-01,26.51,1.0,74.36,0.67
2020-11-02,26.82,3.05,78.38,0.82
2020-11-03,26.64,1.17,79.76,1.27
2020-11-04,26.37,1.46,82.08,1.13
2020-11-05,26.09,16.09,82.78,1.39
2020-11-06,25.18,7.62,85.37,1.62
2020-11-07,25.44,0.53,85.93,1.88
2020-11-08,25.21,4.4,88.42,1.95
2020-11-09,25.31,0.04,78.34,2.16
2020-11-10,24.53,0.04,74.72,1.91
2020-11-11,24.92,2.41,80.72,1.98
2020-11-12,24.87,15.49,91.49,1.75
2020-11-13,25.23,11.13,88.99,1.72
2020-11-14,25.51,1.36,86.67,2.28
2020-11-15,25.01,5.79,91.49,2.19
2020-11-16,24.8,33.47,92.88,1.96
2020-11-17,24.85,39.21,89.64,2.48
2020-11-18,24.74,12.81,90.1,1.8
2020-11-19,24.91,3.53,88.08,1.97
2020-11-20,24.43,0.44,87.24,1.87
2020-11-21,23.82,0.01,83.1,1.7
2020-11-22,23.11,0.0,81.84,1.33
2020-11-23,23.44,0.01,83.59,1.71
2020-11-24,23.39,0.06,86.67,2.28
2020-11-25,24.72,3.48,86.33,2.52
2020-11-26,24.9,4.47,87.01,2.82
2020-11-27,24.73,12.76,85.95,1.04
2020-11-28,24.56,2.72,88.11,2.17
2020-11-29,24.49,1.3,89.49,1.81
2020-11-30,24.46,0.69,88.24,2.31
2020-12-01,23.73,0.02,83.23,2.23
2020-12-02,24.23,6.37,83.57,2.71
2020-12-03,23.66,25.36,89.94,3.28
2020-12-04,23.93,15.26,93.91,3.84
2020-12-05,23.82,3.23,93.93,2.95
2020-12-06,24.18,12.17,90.91,2.9
2020-12-07,24.42,9.35,92.15,2.53
2020-12-08,24.59,8.91,90.86,2.02
2020-12-09,24.49,2.42,88.26,1.81
2020-12-10,23.51,0.12,85.91,1.68
2020-12-11,22.83,0.02,84.74,1.69
2020-12-12,22.65,0.01,84.73,1.57
2020-12-13,22.55,0.0,82.92,1.48
2020-12-14,22.15,0.0,82.43,1.59
2020-12-15,22.65,2.11,87.1,1.91
2020-12-16,23.06,8.82,91.66,2.16
2020-12-17,23.56,6.43,92.94,2.06
2020-12-18,23.39,6.04,91.03,2.25
2020-12-19,22.74,0.89,87.45,2.6
2020-12-20,22.51,0.02,86.63,2.37
2020-12-21,21.28,0.0,87.64,2.16
2020-12-22,21.48,0.08,86.81,1.78
2020-12-23,22.3,0.13,88.27,1.58
2020-12-24,22.98,0.0,85.69,1.89
2020-12-25,22.24,0.0,85.26,1.82
2020-12-26,21.4,0.0,83.72,1.84
2020-12-27,21.93,0.0,83.76,1.9
2020-12-28,22.06,0.0,81.63,1.64
2020-12-29,22.99,0.56,86.34,1.81
2020-12-30,24.07,3.83,87.73,2.82
2020-12-31,23.79,12.11,90.33,2.92
2021-01-01,22.51,1.09,86.09,2.29
2021-01-02,22.73,0.79,88.31,2.26
2021-01-03,24.04,7.42,89.39,2.62
2021-01-04,24.07,9.28,88.98,2.69
2021-01-05,23.83,1.46,90.33,2.01
2021-01-06,23.81,14.61,90.63,0.88
2021-01-07,24.31,24.83,91.55,1.86
2021-01-08,24.81,8.15,89.51,1.59
2021-01-09,23.89,7.13,92.41,1.94
2021-01-10,23.26,3.41,92.53,1.54
2021-01-11,23.29,8.51,92.28,1.98
2021-01-12,23.03,17.53,94.14,2.76
2021-01-13,23.31,20.59,92.88,2.78
2021-01-14,23.51,10.97,91.46,2.39
2021-01-15,23.26,7.37,92.42,2.28
2021-01-16,23.81,2.82,89.3,2.23
2021-01-17,22.37,0.14,85.49,1.68
2021-01-18,21.65,0.02,85.01,2.0
2021-01-19,21.9,0.0,82.75,1.62
2021-01-20,22.86,0.03,85.21,1.36
2021-01-21,24.58,0.16,88.74,1.39
2021-01-22,25.07,0.71,87.16,1.64
2021-01-23,23.91,0.46,86.2,1.87
2021-01-24,23.07,0.0,84.34,1.74
2021-01-25,22.25,0.0,85.36,1.69
2021-01-26,21.73,0.0,81.93,1.73
2021-01-27,21.3,0.0,80.59,1.57
2021-01-28,22.0,0.0,83.43,2.04
2021-01-29,22.86,0.14,85.81,2.09
2021-01-30,23.47,0.08,83.4,1.75
2021-01-31,23.18,0.02,82.75,2.01
2021-02-01,22.59,0.05,82.29,2.24
2021-02-02,22.61,0.02,82.55,2.1
2021-02-03,22.83,0.03,84.25,2.21
2021-02-04,22.43,0.0,79.19,1.88
2021-02-05,22.06,0.0,79.14,2.01
2021-02-06,22.16,0.0,79.11,1.94
2021-02-07,21.44,0.0,75.63,2.15
2021-02-08,21.45,0.0,77.28,2.47
2021-02-09,21.45,0.0,78.29,2.32
2021-02-10,21.03,0.0,77.03,1.94
2021-02-11,21.05,0.0,75.43,1.81
2021-02-12,21.14,0.0,75.89,1.81
2021-02-13,21.98,0.0,74.9,1.6
2021-02-14,22.51,0.0,72.06,1.57
2021-02-15,23.46,0.0,74.32,1.42
2021-02-16,24.34,0.0,75.87,1.51
2021-02-17,24.08,0.0,76.35,1.79
2021-02-18,24.2,0.07,77.51,2.06
2021-02-19,24.58,0.29,79.0,1.73
2021-02-20,25.34,3.71,79.9,2.93
2021-02-21,25.65,2.35,80.06,2.92
2021-02-22,25.25,0.71,78.15,2.5
2021-02-23,25.38,0.09,74.82,2.03
2021-02-24,24.96,0.0,72.85,1.66
2021-02-25,25.41,0.0,69.53,1.54
2021-02-26,26.03,0.01,63.48,1.62
2021-02-27,26.3,0.0,60.8,1.48
2021-02-28,25.37,0.0,65.48,1.79
2021-03-01,25.26,0.0,67.13,1.84
2021-03-02,25.2,0.0,67.97,1.86
2021-03-03,24.52,0.0,69.71,2.18
2021-03-04,24.69,0.0,70.73,2.12
2021-03-05,25.19,0.0,68.68,1.73
2021-03-06,26.3,0.0,65.56,1.64
2021-03-07,27.02,0.0,67.69,1.96
2021-03-08,27.3,0.0,69.64,2.11
2021-03-09,27.11,0.01,69.47,2.43
2021-03-10,26.72,3.42,74.11,2.29
2021-03-11,26.44,3.7,75.5,2.14
2021-03-12,26.51,0.45,67.85,2.1
2021-03-13,26.32,0.0,68.59,2.01
2021-03-14,27.06,0.0,66.37,2.18
2021-03-15,27.11,0.0,61.67,2.0
2021-03-16,27.44,0.0,60.64,1.81
2021-03-17,27.11,0.0,62.77,1.99
2021-03-18,26.05,0.0,64.8,1.68
2021-03-19,26.79,0.0,61.89,1.81
2021-03-20,27.67,0.0,63.36,1.68
2021-03-21,27.86,0.0,59.24,1.52
2021-03-22,27.57,2.95,64.76,1.75
2021-03-23,27.99,0.01,64.04,1.93
2021-03-24,27.81,0.01,64.47,1.63
2021-03-25,27.63,0.33,65.59,1.88
2021-03-26,28.02,0.01,66.79,2.02
2021-03-27,28.91,0.02,63.87,2.06
2021-03-28,28.59,0.86,64.52,1.61
2021-03-29,29.44,0.19,60.31,2.16
2021-03-30,30.14,0.14,55.63,2.02
2021-03-31,31.45,0.01,51.64,1.47
2021-04-01,31.75,1.32,55.79,1.59
2021-04-02,32.07,0.42,53.44,2.24
2021-04-03,32.23,0.0,48.11,1.51
2021-04-04,32.23,0.24,46.73,2.14
2021-04-05,32.28,0.08,47.38,2.26
2021-04-06,30.33,0.41,58.15,2.28
2021-04-07,29.83,0.02,55.66,2.24
2021-04-08,29.44,0.02,55.16,1.77
2021-04-09,30.1,0.0,56.96,2.52
2021-04-10,29.84,0.48,59.52,2.54
2021-04-11,29.82,2.77,59.75,2.15
2021-04-12,29.15,4.59,64.55,2.19
2021-04-13,28.26,1.51,70.06,2.31
2021-04-14,27.96,8.3,73.83,1.85
2021-04-15,26.57,13.0,80.97,1.27
2021-04-16,27.24,4.64,76.03,1.05
2021-04-17,29.51,0.1,65.69,1.09
2021-04-18,30.05,0.14,62.93,1.08
2021-04-19,30.76,0.66,60.06,1.39
2021-04-20,29.23,0.7,67.32,1.38
2021-04-21,29.68,1.04,65.18,1.17
2021-04-22,30.05,0.06,63.49,1.4
2021-04-23,30.05,1.93,63.68,1.21
2021-04-24,29.12,3.25,69.69,1.32
2021-04-25,29.83,0.95,66.68,2.12
2021-04-26,30.12,0.22,63.72,1.59
2021-04-27,29.26,0.06,66.6,1.13
2021-04-28,30.13,0.0,59.9,1.81
2021-04-29,30.46,0.15,60.06,1.5
2021-04-30,30.55,1.27,62.65,2.11
2021-05-01,29.32,1.89,71.61,2.27
2021-05-02,29.72,1.69,67.16,1.97
2021-05-03,29.06,3.71,70.79,2.27
2021-05-04,28.72,7.64,73.46,1.97
2021-05-05,28.65,1.31,72.45,1.92
2021-05-06,29.86,0.71,65.3,2.34
2021-05-07,28.32,8.87,74.78,1.99
2021-05-08,27.91,1.38,76.04,1.87
2021-05-09,28.77,0.75,72.46,1.81
2021-05-10,29.19,0.65,70.71,1.72
2021-05-11,29.81,0.39,68.56,0.78
2021-05-12,30.82,0.38,64.28,1.32
2021-05-13,30.55,12.39,64.75,1.6
2021-05-14,29.88,6.63,66.9,2.6
2021-05-15,27.94,2.76,73.47,3.68
2021-05-16,28.1,0.98,73.07,2.32
2021-05-17,29.68,6.93,67.75,1.22
2021-05-18,29.89,0.64,69.76,0.58
2021-05-19,29.07,8.37,73.39,1.39
2021-05-20,28.01,7.17,76.39,1.54
2021-05-21,27.49,1.41,73.52,2.02
2021-05-22,27.13,1.28,73.98,2.08
2021-05-23,29.69,0.42,61.57,2.62
2021-05-24,29.5,0.04,64.09,3.3
2021-05-25,28.1,1.77,65.97,3.56
2021-05-26,27.46,2.35,66.6,4.66
2021-05-27,29.15,0.03,61.6,3.78
2021-05-28,30.05,0.03,58.44,3.72
2021-05-29,29.85,0.12,59.29,3.28
2021-05-30,29.83,0.15,58.67,3.94
2021-05-31,30.12,1.92,60.3,3.05
2021-06-01,29.98,0.6,63.87,2.66
2021-06-02,31.08,2.29,60.0,1.56
2021-06-03,27.85,6.91,81.39,1.33
2021-06-04,26.55,9.06,84.43,1.79
2021-06-05,27.04,12.89,75.67,1.74
2021-06-06,28.35,1.63,70.1,1.54
2021-06-07,29.48,0.06,67.08,1.83
2021-06-08,29.21,2.12,65.78,2.82
2021-06-09,28.75,0.65,67.46,3.03
2021-06-10,29.26,0.09,63.71,3.68
2021-06-11,29.08,0.06,62.89,3.45
2021-06-12,28.73,0.95,63.54,4.11
2021-06-13,27.64,0.51,68.18,3.53
2021-06-14,27.18,0.34,60.99,5.08
2021-06-15,28.4,0.29,63.78,3.66
2021-06-16,28.5,0.76,68.01,3.37
2021-06-17,28.49,0.22,66.3,3.61
2021-06-18,28.32,0.06,66.56,3.52
2021-06-19,28.1,0.03,63.92,3.14
2021-06-20,28.6,0.04,66.32,2.86
2021-06-21,28.99,1.06,65.89,3.05
2021-06-22,28.35,2.47,67.49,2.64
2021-06-23,28.26,10.29,71.6,1.35
2021-06-24,28.58,0.51,67.73,2.72
2021-06-25,29.12,0.03,61.13,2.88
2021-06-26,28.08,0.8,65.22,3.46
2021-06-27,28.68,0.52,61.27,2.47
2021-06-28,28.12,0.73,62.26,1.86
2021-06-29,28.83,9.26,67.22,1.3
2021-06-30,28.94,3.86,72.42,1.44
2021-07-01,28.47,25.82,75.3,1.55
2021-07-02,28.03,3.74,74.61,2.24
2021-07-03,27.5,2.82,75.06,1.4
2021-07-04,26.14,16.28,78.9,2.23
2021-07-05,27.8,6.8,73.8,1.91
2021-07-06,27.4,0.25,75.96,1.72
2021-07-07,28.43,2.48,72.38,1.43
2021-07-08,28.65,12.51,72.9,2.1
2021-07-09,27.44,1.77,76.03,2.69
2021-07-10,26.26,1.08,71.41,4.55
2021-07-11,26.81,0.24,64.02,4.97
2021-07-12,26.89,0.18,69.01,4.37
2021-07-13,27.21,0.4,69.81,4.24
2021-07-14,26.47,2.69,71.8,4.19
2021-07-15,27.19,1.41,69.25,4.02
2021-07-16,27.71,0.93,71.1,2.8
2021-07-17,27.44,1.02,71.42,2.66
2021-07-18,26.87,1.36,75.31,3.52
2021-07-19,27.39,0.06,71.5,3.63
2021-07-20,28.32,0.13,67.28,4.56
2021-07-21,27.83,0.4,68.95,4.29
2021-07-22,27.59,1.9,69.53,5.06
2021-07-23,27.94,1.0,65.91,5.33
2021-07-24,28.1,0.2,66.75,4.25
2021-07-25,28.11,1.1,64.07,4.16
2021-07-26,28.39,1.57,66.07,3.79
2021-07-27,26.72,0.48,74.38,2.31
2021-07-28,28.02,0.33,65.55,3.14
2021-07-29,28.75,0.02,64.9,3.41
2021-07-30,28.17,0.06,66.84,3.55
2021-07-31,28.69,0.05,64.78,3.78
2021-08-01,28.99,0.01,62.09,4.04
2021-08-02,28.7,0.1,59.71,4.01
2021-08-03,28.0,0.05,63.01,4.0
2021-08-04,28.77,0.06,60.19,4.88
2021-08-05,28.66,0.45,63.41,3.99
2021-08-06,28.62,0.66,66.95,3.33
2021-08-07,28.55,2.13,66.87,3.74
2021-08-08,28.56,1.41,64.89,2.17
2021-08-09,27.92,17.93,66.91,2.53
2021-08-10,27.07,1.37,69.07,3.31
2021-08-11,27.39,2.84,68.69,3.25
2021-08-12,26.23,0.53,71.36,3.3
2021-08-13,26.92,1.93,71.49,2.65
2021-08-14,27.77,0.56,68.33,3.51
2021-08-15,28.5,0.18,63.01,3.73
2021-08-16,28.46,0.21,62.25,3.24
2021-08-17,27.28,6.47,67.14,2.55
2021-08-18,26.25,3.98,69.74,3.13
2021-08-19,27.8,0.88,62.16,3.54
2021-08-20,27.25,0.45,65.02,2.06
2021-08-21,26.77,7.69,74.05,0.8
2021-08-22,26.83,12.44,76.63,0.88
2021-08-23,27.04,18.43,75.07,1.2
2021-08-24,28.12,1.73,70.69,1.12
2021-08-25,28.65,5.09,67.98,1.62
2021-08-26,28.65,3.69,71.14,1.49
2021-08-27,27.24,2.06,78.44,2.42
2021-08-28,26.28,0.86,78.09,2.38
2021-08-29,26.73,0.82,74.71,3.11
2021-08-30,27.28,0.1,69.35,3.46
2021-08-31,28.17,4.22,69.66,2.26
2021-09-01,27.76,2.1,70.6,1.98
2021-09-02,25.96,22.89,80.11,1.95
2021-09-03,26.3,8.26,77.71,1.77
2021-09-04,26.85,5.29,75.51,2.5
2021-09-05,27.49,3.36,70.11,3.46
2021-09-06,25.78,1.89,71.8,3.91
2021-09-07,26.79,0.57,72.26,2.9
2021-09-08,26.86,0.93,73.83,2.37
2021-09-09,27.81,0.03,70.05,2.28
2021-09-10,27.93,0.01,69.25,3.23
2021-09-11,28.0,0.91,69.49,3.16
2021-09-12,27.07,0.39,73.57,2.92
2021-09-13,26.93,0.24,74.07,3.27
2021-09-14,27.82,0.04,72.66,2.18
2021-09-15,27.62,14.8,75.85,2.03
2021-09-16,27.32,6.2,77.25,1.97
2021-09-17,27.65,10.97,75.46,1.54
2021-09-18,27.19,7.37,78.27,1.03
2021-09-19,26.61,6.85,80.91,1.99
2021-09-20,27.26,5.12,75.55,1.38
2021-09-21,27.45,0.01,72.88,2.1
2021-09-22,28.59,0.54,66.3,2.0
2021-09-23,27.77,5.15,75.0,1.92
2021-09-24,27.85,24.82,73.17,1.71
2021-09-25,27.34,10.01,79.71,1.75
2021-09-26,26.93,0.56,76.62,1.78
2021-09-27,26.7,1.56,74.86,3.68
2021-09-28,25.85,0.21,70.7,3.04
2021-09-29,26.87,0.57,69.11,2.64
2021-09-30,27.2,32.02,72.46,1.62
2021-10-01,26.26,12.61,82.49,1.08
2021-10-02,26.0,8.03,86.43,1.03
2021-10-03,26.84,10.14,83.11,1.27
2021-10-04,26.79,5.18,83.07,1.01
2021-10-05,26.19,7.87,85.34,1.07
2021-10-06,26.39,3.17,83.04,1.02
2021-10-07,27.09,0.1,79.17,1.27
2021-10-08,27.09,9.33,82.19,1.59
2021-10-09,26.51,1.99,83.72,1.78
2021-10-10,26.9,1.48,80.14,2.14
2021-10-11,25.98,13.7,81.85,2.09
2021-10-12,25.63,1.53,79.93,2.41
2021-10-13,25.82,0.67,79.53,2.28
2021-10-14,27.26,0.75,78.88,1.59
2021-10-15,27.43,0.27,78.87,1.21
2021-10-16,27.14,11.56,84.66,1.53
2021-10-17,26.62,3.91,84.57,2.2
2021-10-18,26.77,1.77,80.93,1.86
2021-10-19,26.33,0.54,81.4,1.6
2021-10-20,25.84,16.2,86.8,0.92
2021-10-21,25.98,14.57,87.06,0.64
2021-10-22,25.76,8.95,88.26,1.13
2021-10-23,25.79,8.24,86.82,1.29
2021-10-24,26.05,10.66,79.22,0.68
2021-10-25,25.7,9.21,83.36,1.14
2021-10-26,25.8,2.48,84.19,1.17
2021-10-27,25.65,1.88,84.82,1.48
2021-10-28,25.37,4.58,85.03,1.06
2021-10-29,24.09,5.03,89.3,1.88
2021-10-30,24.08,7.09,89.25,1.91
2021-10-31,24.61,8.4,90.66,1.72
2021-11-01,24.38,9.91,90.89,1.47
2021-11-02,24.65,15.99,91.66,2.59
2021-11-03,24.38,9.73,92.38,1.61
2021-11-04,24.85,6.69,88.93,0.86
2021-11-05,24.34,7.83,90.94,0.85
2021-11-06,24.86,16.28,85.08,0.97
2021-11-07,24.73,14.37,86.81,1.41
2021-11-08,24.35,3.58,89.78,1.17
2021-11-09,23.25,11.74,90.34,1.64
2021-11-10,23.11,5.5,88.91,2.09
2021-11-11,24.02,0.53,86.72,2.37
2021-11-12,25.71,7.85,85.75,1.5
2021-11-13,25.89,1.03,85.01,1.3
2021-11-14,24.76,3.6,90.2,1.5
2021-11-15,25.85,5.17,85.39,0.69
2021-11-16,25.64,3.99,87.11,0.72
2021-11-17,24.84,26.14,91.83,1.06
2021-11-18,24.43,6.24,90.26,2.31
2021-11-19,24.91,4.67,88.26,3.31
2021-11-20,26.07,0.93,85.76,1.72
2021-11-21,25.01,0.21,83.7,0.99
2021-11-22,24.46,2.68,88.6,1.38
2021-11-23,24.49,7.1,91.97,1.4
2021-11-24,24.25,1.72,92.13,1.39
2021-11-25,23.96,29.45,92.57,2.08
2021-11-26,24.35,6.83,94.09,2.12
2021-11-27,23.54,6.9,93.13,2.07
2021-11-28,24.19,7.37,92.29,2.36
2021-11-29,23.89,23.52,91.87,2.39
2021-11-30,23.73,17.15,94.19,1.73
2021-12-01,25.05,3.3,89.81,1.66
2021-12-02,24.84,0.62,90.0,1.97
2021-12-03,24.0,0.67,82.21,0.99
2021-12-04,25.07,4.1,75.1,0.53
2021-12-05,25.75,7.4,85.7,0.88
2021-12-06,25.87,0.78,85.56,1.7
2021-12-07,24.97,0.08,88.64,1.65
2021-12-08,24.47,0.15,89.34,1.65
2021-12-09,23.75,3.31,92.94,1.81
2021-12-10,23.54,0.4,88.43,1.98
2021-12-11,24.06,3.31,90.25,2.24
2021-12-12,24.06,2.4,89.87,2.53
2021-12-13,23.87,0.62,89.84,2.19
2021-12-14,24.04,1.85,90.76,2.47
2021-12-15,23.9,0.74,90.11,2.46
2021-12-16,23.31,0.03,87.0,2.51
2021-12-17,22.48,0.01,86.38,1.88
2021-12-18,22.22,0.0,86.4,2.17
2021-12-19,21.39,0.0,84.9,1.91
2021-12-20,21.57,0.0,85.02,1.89
2021-12-21,21.7,0.0,81.65,1.46
2021-12-22,21.32,0.0,83.39,1.26
2021-12-23,20.74,0.0,82.17,1.26
2021-12-24,20.7,0.0,82.04,1.3
2021-12-25,21.24,0.0,85.2,1.38
2021-12-26,21.61,0.0,85.86,1.38
2021-12-27,22.0,0.0,85.85,1.61
2021-12-28,21.86,0.0,85.63,1.71
2021-12-29,22.08,0.0,83.75,1.54
2021-12-30,22.41,4.11,89.05,2.15
2021-12-31,24.19,5.21,89.97,2.85
2022-01-01,24.4,15.59,89.72,3.19
2022-01-02,23.7,4.02,88.41,2.88
2022-01-03,22.9,0.01,86.03,2.12
2022-01-04,22.6,0.0,86.92,2.05
2022-01-05,21.9,0.0,84.7,1.62
2022-01-06,22.89,0.0,87.48,1.76
2022-01-07,23.5,0.01,87.29,1.86
2022-01-08,23.3,0.0,86.72,2.02
2022-01-09,22.96,0.0,85.64,1.62
2022-01-10,23.26,0.0,84.96,1.45
2022-01-11,23.76,0.0,85.64,1.43
2022-01-12,24.11,0.0,84.11,1.09
2022-01-13,24.78,0.0,84.58,1.3
2022-01-14,25.05,0.0,84.04,1.53
2022-01-15,24.85,0.06,84.04,1.67
2022-01-16,24.36,0.7,84.85,2.11
2022-01-17,23.93,0.2,84.91,2.21
2022-01-18,23.13,0.01,82.92,2.3
2022-01-19,22.98,0.0,81.69,1.7
2022-01-20,22.71,0.0,76.58,1.19
2022-01-21,23.63,0.0,76.17,0.88
2022-01-22,25.3,0.0,72.58,1.19
2022-01-23,25.57,0.0,75.81,0.82
2022-01-24,25.28,0.0,78.33,1.05
2022-01-25,25.07,0.01,81.16,1.88
2022-01-26,24.17,0.32,80.37,2.37
2022-01-27,24.12,0.5,76.96,2.13
2022-01-28,23.65,0.18,80.12,2.63
2022-01-29,24.31,0.04,81.0,2.84
2022-01-30,24.98,0.02,78.95,1.96
2022-01-31,25.12,0.0,79.09,1.69
2022-02-01,25.12,0.0,78.23,1.86
2022-02-02,23.52,0.0,74.03,1.68
2022-02-03,23.3,0.0,70.12,0.94
2022-02-04,25.26,0.0,69.17,0.93
2022-02-05,25.64,0.0,75.21,2.0
2022-02-06,25.22,0.0,75.46,1.99
2022-02-07,25.02,0.0,73.58,1.97
2022-02-08,24.04,0.0,71.72,2.04
2022-02-09,23.45,0.0,69.99,2.13
2022-02-10,24.06,0.03,65.52,2.15
2022-02-11,24.78,1.1,79.0,2.56
2022-02-12,24.75,2.89,77.18,2.61
2022-02-13,24.59,0.12,73.72,2.57
2022-02-14,24.89,0.15,72.9,2.38
2022-02-15,24.61,0.17,69.59,2.23
2022-02-16,24.91,0.0,64.73,1.94
2022-02-17,25.41,0.0,63.36,1.95
2022-02-18,25.55,0.0,70.3,2.18
2022-02-19,25.39,0.0,71.17,2.38
2022-02-20,26.43,0.0,69.11,1.56
2022-02-21,27.62,0.0,66.26,1.16
2022-02-22,27.71,0.0,62.19,1.94
2022-02-23,26.07,0.1,66.78,2.58
2022-02-24,25.18,0.14,67.26,2.18
2022-02-25,25.42,0.0,62.35,2.26
2022-02-26,25.57,0.2,68.71,2.16
2022-02-27,26.63,0.14,66.7,2.9
2022-02-28,25.71,0.01,64.16,2.04
2022-03-01,25.99,0.0,59.01,2.34
2022-03-02,25.22,0.0,60.78,2.38
2022-03-03,25.04,0.0,64.71,2.48
2022-03-04,26.26,0.14,61.02,2.86
2022-03-05,27.36,0.0,61.3,2.59
2022-03-06,27.12,0.3,62.91,2.71
2022-03-07,26.37,2.67,68.05,2.42
2022-03-08,27.23,0.51,66.0,2.22
2022-03-09,27.57,0.0,60.16,1.92
2022-03-10,27.0,0.0,57.37,2.0
2022-03-11,26.93,0.0,58.69,2.25
2022-03-12,26.58,0.0,55.69,2.28
2022-03-13,26.89,0.0,56.91,2.45
2022-03-14,27.76,0.0,54.19,2.24
2022-03-15,27.1,0.0,53.19,1.36
2022-03-16,29.0,0.04,47.72,1.62
2022-03-17,29.21,0.05,46.82,2.11
2022-03-18,29.71,0.02,45.13,1.74
2022-03-19,30.24,0.08,49.25,0.92
2022-03-20,31.55,0.75,49.02,1.61
2022-03-21,31.7,1.47,50.89,1.59
2022-03-22,30.09,1.98,57.65,1.74
2022-03-23,29.31,12.94,65.72,1.17
2022-03-24,29.21,0.56,67.36,1.2
2022-03-25,28.86,2.52,66.57,1.23
2022-03-26,29.14,1.74,66.36,1.64
2022-03-27,29.51,0.2,64.18,1.7
2022-03-28,30.14,0.06,61.86,2.35
2022-03-29,30.56,0.15,57.91,1.96
2022-03-30,30.58,0.93,58.77,2.21
2022-03-31,30.62,0.09,56.62,2.21
2022-04-01,30.52,0.21,55.26,2.44
2022-04-02,30.6,0.21,57.7,1.74
2022-04-03,29.97,1.1,62.38,2.26
2022-04-04,30.23,0.17,59.69,2.48
2022-04-05,30.26,0.23,57.76,2.31
2022-04-06,29.32,1.86,60.77,2.28
2022-04-07,30.39,0.11,58.11,2.08
2022-04-08,29.25,11.07,66.13,1.92
2022-04-09,27.84,5.22,72.89,1.54
2022-04-10,28.62,7.22,67.23,1.55
2022-04-11,28.06,12.03,73.13,1.57
2022-04-12,27.94,10.08,72.17,1.47
2022-04-13,27.28,12.18,77.65,2.08
2022-04-14,27.42,3.38,70.76,1.75
2022-04-15,29.89,1.23,63.62,1.38
2022-04-16,30.02,1.8,67.39,1.24
2022-04-17,29.88,3.29,68.19,1.46
2022-04-18,29.41,5.12,68.89,2.0
2022-04-19,29.4,0.9,63.17,1.98
2022-04-20,30.28,0.0,62.63,1.87
2022-04-21,29.28,0.0,71.13,2.39
2022-04-22,28.75,2.87,72.58,2.24
2022-04-23,27.02,16.97,77.14,1.32
2022-04-24,29.52,0.6,64.32,1.76
2022-04-25,29.39,0.0,66.31,1.84
2022-04-26,30.05,0.0,62.53,1.93
2022-04-27,30.09,0.0,62.24,2.14
2022-04-28,30.37,0.01,62.08,2.07
2022-04-29,30.65,0.07,63.78,1.71
2022-04-30,30.75,0.02,63.37,1.53
2022-05-01,31.18,1.16,60.56,1.5
2022-05-02,31.45,0.68,60.61,1.89
2022-05-03,29.91,2.75,70.35,1.24
2022-05-04,29.53,3.99,69.96,1.26
2022-05-05,29.46,1.92,69.85,1.37
2022-05-06,29.54,0.32,53.93,1.59
2022-05-07,30.84,0.67,56.41,1.52
2022-05-08,31.01,0.57,61.1,1.93
2022-05-09,29.69,0.94,67.66,2.92
2022-05-10,28.99,0.38,66.58,3.75
2022-05-11,30.13,0.14,59.15,4.81
2022-05-12,29.71,0.54,60.59,3.75
2022-05-13,29.78,0.76,62.23,3.47
2022-05-14,28.56,4.92,68.59,2.47
2022-05-15,27.54,7.58,78.79,1.98
2022-05-16,26.37,11.26,84.76,2.0
2022-05-17,28.08,7.89,74.56,1.85
2022-05-18,28.97,2.37,70.92,2.34
2022-05-19,28.2,1.98,71.23,2.94
2022-05-20,29.01,0.43,62.57,3.15
2022-05-21,29.12,0.21,65.17,3.17
2022-05-22,29.17,0.11,62.29,4.03
2022-05-23,30.01,0.43,64.76,3.07
2022-05-24,31.06,2.38,61.89,1.88
2022-05-25,29.8,1.86,69.16,1.15
2022-05-26,28.96,4.09,66.8,2.38
2022-05-27,28.92,2.4,63.7,2.7
2022-05-28,28.97,7.47,68.34,2.62
2022-05-29,27.82,10.84,72.45,2.09
2022-05-30,28.76,3.06,67.6,2.42
2022-05-31,29.4,1.94,62.39,2.86
2022-06-01,27.99,2.94,70.44,3.1
2022-06-02,28.92,0.94,67.91,2.61
2022-06-03,28.79,0.01,64.41,2.51
2022-06-04,28.85,0.02,66.0,1.88
2022-06-05,29.74,9.78,65.76,1.24
2022-06-06,27.83,13.11,77.43,1.46
2022-06-07,27.84,2.86,76.8,1.14
2022-06-08,28.59,0.03,68.63,2.64
2022-06-09,28.82,0.03,65.7,2.57
2022-06-10,28.32,0.25,67.49,2.82
2022-06-11,28.72,0.88,63.61,2.9
2022-06-12,27.16,4.03,66.48,2.98
2022-06-13,28.26,1.77,65.25,2.26
2022-06-14,28.6,6.25,68.23,2.76
2022-06-15,27.18,9.49,76.49,2.54
2022-06-16,26.54,7.26,77.53,1.9
2022-06-17,25.76,20.94,80.98,1.49
2022-06-18,26.33,3.31,78.92,1.18
2022-06-19,26.85,2.4,78.08,1.61
2022-06-20,27.68,0.32,70.4,2.35
2022-06-21,27.8,0.56,69.7,2.95
2022-06-22,27.55,0.41,70.08,1.9
2022-06-23,27.7,0.5,69.14,2.06
2022-06-24,26.74,0.35,71.05,3.03
2022-06-25,27.04,0.17,68.52,3.49
2022-06-26,27.83,0.04,63.79,3.49
2022-06-27,28.31,0.11,66.66,3.22
2022-06-28,28.3,0.24,65.93,3.53
2022-06-29,28.33,0.16,67.05,3.85
2022-06-30,27.08,4.79,72.99,3.82
2022-07-01,27.97,1.4,70.14,3.74
2022-07-02,27.24,0.5,70.58,3.66
2022-07-03,27.14,1.03,71.64,4.18
2022-07-04,27.07,0.31,67.48,5.17
2022-07-05,26.91,0.72,66.52,5.45
2022-07-06,27.38,0.53,66.41,4.37
2022-07-07,26.85,2.1,67.64,4.22
2022-07-08,27.25,1.15,66.37,4.59
2022-07-09,26.36,0.5,69.97,4.79
2022-07-10,27.04,0.71,65.16,5.16
2022-07-11,27.16,0.74,64.29,5.45
2022-07-12,26.87,0.56,65.84,5.06
2022-07-13,27.55,1.67,66.62,5.15
2022-07-14,27.61,1.01,64.51,5.22
2022-07-15,27.23,0.43,68.29,3.95
2022-07-16,27.65,0.5,69.46,3.08
2022-07-17,27.54,10.54,72.23,3.18
2022-07-18,26.5,4.86,72.04,3.27
2022-07-19,28.16,5.36,68.86,2.41
2022-07-20,27.38,0.92,75.84,1.68
2022-07-21,27.85,9.94,72.82,2.56
2022-07-22,26.37,19.03,80.16,2.32
2022-07-23,27.1,2.89,71.69,3.15
2022-07-24,27.06,9.69,69.74,3.07
2022-07-25,27.69,5.97,72.09,2.53
2022-07-26,25.97,4.34,79.63,1.67
2022-07-27,26.1,20.65,82.51,0.83
2022-07-28,27.19,3.62,75.81,1.03
2022-07-29,27.66,10.8,72.01,1.6
2022-07-30,27.71,11.74,72.92,1.25
2022-07-31,26.63,16.1,80.76,2.01
2022-08-01,26.39,16.92,82.8,1.9
2022-08-02,26.04,5.58,82.16,2.35
2022-08-03,26.0,2.17,82.73,1.68
2022-08-04,25.46,7.44,83.78,2.97
2022-08-05,26.14,0.86,76.95,4.29
2022-08-06,26.32,1.87,76.66,3.45
2022-08-07,26.34,1.15,75.15,3.96
2022-08-08,26.48,1.18,75.71,4.16
2022-08-09,26.72,0.51,73.24,4.05
2022-08-10,26.24,0.11,73.6,3.49
2022-08-11,26.83,0.14,72.79,3.76
2022-08-12,26.95,0.06,72.45,3.42
2022-08-13,26.6,0.0,72.41,3.09
2022-08-14,27.55,0.0,66.09,3.37
2022-08-15,28.62,0.0,65.66,1.95
2022-08-16,28.47,0.08,71.79,1.09
2022-08-17,28.1,0.48,76.08,1.21
2022-08-18,27.72,7.65,74.45,2.2
2022-08-19,27.3,4.57,76.44,2.53
2022-08-20,27.65,0.56,72.28,2.86
2022-08-21,27.43,2.83,72.0,3.24
2022-08-22,27.34,3.27,73.28,3.57
2022-08-23,26.93,1.37,73.78,3.39
2022-08-24,26.05,1.13,77.52,2.47
2022-08-25,24.95,3.19,82.84,2.6
2022-08-26,25.08,20.17,84.87,2.19
2022-08-27,23.99,11.07,85.76,2.89
2022-08-28,25.28,8.63,81.27,2.2
2022-08-29,26.59,1.89,79.24,1.4
2022-08-30,26.64,27.43,82.69,1.5
2022-08-31,25.29,9.07,85.93,1.11
2022-09-01,25.5,4.02,83.39,0.93
2022-09-02,26.6,2.74,80.36,1.39
2022-09-03,27.36,0.69,78.34,1.21
2022-09-04,27.12,15.0,83.07,1.18
2022-09-05,27.16,16.88,82.17,1.55
2022-09-06,26.89,5.18,76.33,1.4
2022-09-07,25.94,7.71,83.13,1.8
2022-09-08,25.63,0.36,81.72,1.9
2022-09-09,25.59,0.59,82.63,1.87
2022-09-10,26.46,0.69,78.33,2.56
2022-09-11,26.21,0.41,79.6,2.44
2022-09-12,26.55,0.16,76.84,2.61
2022-09-13,26.82,0.72,76.24,1.96
2022-09-14,27.14,2.01,75.97,1.63
2022-09-15,27.57,0.27,73.71,1.78
2022-09-16,26.97,0.21,74.99,2.02
2022-09-17,27.61,0.16,74.64,2.06
2022-09-18,27.22,3.31,75.58,2.31
2022-09-19,26.68,0.3,77.09,2.74
2022-09-20,26.91,0.0,74.12,2.66
2022-09-21,27.22,0.0,71.91,2.76
2022-09-22,27.23,0.0,71.04,2.94
2022-09-23,27.14,0.0,69.56,2.78
2022-09-24,26.55,0.06,73.14,2.65
2022-09-25,28.03,7.99,69.22,1.82
2022-09-26,27.21,10.73,76.61,1.79
2022-09-27,27.54,0.09,72.47,2.11
2022-09-28,27.49,2.76,72.34,2.2
2022-09-29,26.43,1.0,74.54,2.16
2022-09-30,26.46,0.3,74.12,2.72
2022-10-01,25.25,0.11,71.62,3.19
2022-10-02,26.96,3.46,68.65,3.02
2022-10-03,26.84,0.67,73.06,3.28
2022-10-04,26.69,0.29,76.23,2.81
2022-10-05,26.5,0.73,74.73,2.61
2022-10-06,26.28,0.01,69.15,2.61
2022-10-07,26.79,0.08,69.86,1.83
2022-10-08,26.42,3.71,69.46,2.07
2022-10-09,25.07,21.71,85.42,1.82
2022-10-10,26.07,27.34,83.57,1.28
2022-10-11,26.36,12.19,82.85,1.52
2022-10-12,26.27,6.19,82.46,0.83
2022-10-13,26.41,7.55,83.23,1.04
2022-10-14,26.59,10.57,82.8,1.08
2022-10-15,24.76,12.67,86.52,1.48
2022-10-16,25.97,8.79,83.1,1.07
2022-10-17,26.33,3.4,84.09,1.58
2022-10-18,26.39,9.51,83.51,1.03
2022-10-19,26.02,6.81,82.35,1.08
2022-10-20,26.02,16.99,84.24,0.87
2022-10-21,25.14,18.96,87.05,0.95
2022-10-22,25.55,1.22,84.63,1.29
2022-10-23,25.59,1.46,82.82,0.71
2022-10-24,25.67,0.65,82.46,1.14
2022-10-25,25.99,0.13,79.43,1.35
2022-10-26,25.22,0.22,75.17,1.03
2022-10-27,24.33,0.03,76.53,1.5
2022-10-28,25.2,0.13,80.32,1.54
2022-10-29,25.16,1.65,85.0,1.83
2022-10-30,25.22,4.73,85.91,1.65
2022-10-31,24.91,0.78,85.65,1.44
2022-11-01,23.36,1.86,92.32,1.61
2022-11-02,24.62,7.87,85.53,1.31
2022-11-03,24.17,19.99,89.12,2.24
2022-11-04,24.24,9.72,87.48,1.83
2022-11-05,24.23,3.4,86.44,1.78
2022-11-06,24.51,4.75,88.83,1.77
2022-11-07,24.79,0.51,86.62,1.75
2022-11-08,24.7,0.85,87.15,1.77
2022-11-09,24.84,0.46,86.12,1.76
2022-11-10,24.91,3.29,84.74,1.68
2022-11-11,22.85,41.11,92.43,2.77
2022-11-12,23.72,23.32,92.91,3.5
2022-11-13,24.42,6.99,91.38,2.84
2022-11-14,24.08,7.71,88.52,1.38
2022-11-15,24.06,0.83,89.3,1.35
2022-11-16,24.63,0.35,86.39,1.5
2022-11-17,23.36,0.02,80.02,1.63
2022-11-18,21.82,0.0,77.82,1.72
2022-11-19,22.0,0.0,78.63,1.64
2022-11-20,21.99,0.0,72.81,1.38
2022-11-21,22.64,0.0,72.94,1.42
2022-11-22,24.29,0.01,74.61,1.08
2022-11-23,25.07,0.07,79.18,1.3
2022-11-24,25.06,0.08,84.1,1.3
2022-11-25,24.79,0.05,85.53,1.48
2022-11-26,24.52,0.32,86.95,1.06
2022-11-27,25.13,2.49,86.29,1.38
2022-11-28,25.29,2.61,85.23,1.07
2022-11-29,24.53,5.05,86.86,1.96
2022-11-30,23.17,0.08,80.85,1.47
2022-12-01,23.91,2.4,88.0,1.67
2022-12-02,24.63,0.59,87.2,1.48
2022-12-03,24.27,0.76,89.13,1.75
2022-12-04,24.42,11.65,89.96,1.76
2022-12-05,24.07,0.79,88.49,1.93
2022-12-06,23.98,0.0,83.83,1.52
2022-12-07,22.86,0.0,78.84,1.3
2022-12-08,21.75,2.61,72.14,2.07
2022-12-09,20.97,26.88,85.0,3.52
2022-12-10,23.88,2.98,82.82,2.84
2022-12-11,24.95,1.85,84.71,1.13
2022-12-12,24.99,7.45,85.87,1.2
2022-12-13,24.56,8.44,86.36,1.7
2022-12-14,24.11,5.02,88.23,1.75
2022-12-15,23.55,0.09,84.8,1.61
2022-12-16,22.87,0.0,83.41,1.39
2022-12-17,23.45,0.0,85.27,1.9
2022-12-18,23.5,0.0,85.94,2.28
2022-12-19,23.1,0.03,82.73,1.94
2022-12-20,23.41,0.02,85.59,1.77
2022-12-21,23.79,7.51,84.19,1.91
2022-12-22,23.05,0.72,81.36,1.9
2022-12-23,23.81,0.0,81.41,1.84
2022-12-24,24.7,0.01,82.36,1.87
2022-12-25,24.7,8.07,86.42,2.36
2022-12-26,24.93,8.28,88.0,2.88
2022-12-27,24.6,3.42,88.15,2.31
2022-12-28,24.47,0.42,84.9,1.91
2022-12-29,24.01,0.0,84.37,1.76
2022-12-30,23.32,0.0,81.94,1.62
2022-12-31,23.44,0.0,79.5,1.28
2023-01-01,23.06,0.0,78.32,1.49
2023-01-02,22.54,0.0,79.33,1.8
2023-01-03,22.9,0.0,80.35,2.01
2023-01-04,22.95,0.0,79.27,2.01
2023-01-05,23.11,0.0,78.2,2.07
2023-01-06,23.38,0.01,76.27,2.75
2023-01-07,23.24,0.0,78.05,2.34
2023-01-08,23.54,0.01,79.68,2.17
2023-01-09,22.96,0.0,75.58,2.05
2023-01-10,21.67,0.0,74.43,2.16
2023-01-11,22.18,0.0,73.5,1.75
2023-01-12,22.21,0.0,73.0,1.75
2023-01-13,22.27,0.0,73.4,1.54
2023-01-14,21.96,0.0,73.61,1.53
2023-01-15,21.82,0.0,74.08,1.38
2023-01-16,22.35,0.0,72.19,1.67
2023-01-17,22.4,0.0,74.37,1.61
2023-01-18,22.24,0.0,73.32,2.07
2023-01-19,22.28,0.0,70.35,2.01
2023-01-20,22.61,0.0,73.4,2.25
2023-01-21,23.62,0.0,71.8,2.14
2023-01-22,23.92,0.0,70.4,2.16
2023-01-23,24.42,2.24,76.39,2.01
2023-01-24,24.21,2.82,80.08,1.66
2023-01-25,23.97,0.02,70.65,1.87
2023-01-26,23.49,0.0,70.53,1.76
2023-01-27,23.18,0.0,68.69,1.69
2023-01-28,23.11,0.0,69.34,1.91
2023-01-29,23.9,0.0,72.68,2.15
2023-01-30,25.24,0.96,75.34,1.92
2023-01-31,25.48,0.21,68.96,2.4
2023-02-01,25.05,0.78,67.96,2.3
2023-02-02,24.25,7.68,76.81,2.47
2023-02-03,24.97,4.94,78.54,2.3
2023-02-04,25.27,1.83,73.78,2.5
2023-02-05,24.68,0.04,65.49,2.02
2023-02-06,24.58,0.01,65.69,1.9
2023-02-07,25.05,0.0,66.41,1.56
2023-02-08,25.25,0.0,66.19,2.01
2023-02-09,24.94,0.0,66.5,1.78
2023-02-10,24.76,0.0,64.14,2.01
2023-02-11,24.38,0.0,62.94,1.77
2023-02-12,24.44,0.0,59.84,1.68
2023-02-13,24.36,0.0,61.61,2.05
2023-02-14,24.39,0.0,63.86,1.63
2023-02-15,24.84,0.0,61.12,1.8
2023-02-16,24.42,0.0,64.64,2.21
2023-02-17,24.47,0.0,65.86,2.02
2023-02-18,24.9,0.0,64.68,1.73
2023-02-19,25.85,0.0,62.76,1.98
2023-02-20,26.12,0.0,62.28,1.59
2023-02-21,25.84,0.0,58.33,1.92
2023-02-22,25.39,0.0,56.22,2.19
2023-02-23,24.76,0.0,63.59,1.98
2023-02-24,26.18,0.0,61.7,1.72
2023-02-25,25.89,0.0,56.52,2.18
2023-02-26,25.12,0.0,57.72,2.46
2023-02-27,24.94,0.0,59.08,2.16
2023-02-28,25.62,0.26,65.58,2.6
2023-03-01,27.25,0.1,65.08,3.07
2023-03-02,26.68,0.06,57.4,2.55
2023-03-03,25.4,0.0,50.74,2.61
2023-03-04,26.78,0.0,61.46,2.69
2023-03-05,27.4,1.9,58.92,2.38
2023-03-06,27.01,0.06,54.0,2.15
2023-03-07,26.36,0.0,59.77,2.08
2023-03-08,27.01,0.0,60.24,2.78
2023-03-09,26.93,0.0,60.01,2.59
2023-03-10,27.39,0.0,58.75,2.52
2023-03-11,26.8,0.0,61.58,2.41
2023-03-12,27.79,0.0,61.38,2.75
2023-03-13,28.33,0.0,57.92,2.62
2023-03-14,28.42,0.0,54.13,2.19
2023-03-15,29.08,0.0,57.17,2.11
2023-03-16,29.16,0.39,60.45,2.19
2023-03-17,29.29,5.28,61.22,2.35
2023-03-18,28.56,3.72,65.78,2.28
2023-03-19,26.61,2.27,72.97,1.18
2023-03-20,27.36,3.26,72.64,1.14
2023-03-21,29.28,2.59,61.2,1.45
2023-03-22,29.5,1.1,61.84,1.66
2023-03-23,29.87,1.67,58.41,1.73
2023-03-24,29.9,1.9,61.5,2.08
2023-03-25,29.24,1.71,63.32,1.74
2023-03-26,30.16,2.35,57.56,1.49
2023-03-27,30.21,0.16,60.11,0.94
2023-03-28,30.36,3.21,58.95,1.94
2023-03-29,30.09,1.0,60.92,2.22
2023-03-30,30.06,0.86,57.15,1.98
2023-03-31,30.58,1.58,56.88,1.59
2023-04-01,30.95,0.35,54.5,2.07
2023-04-02,30.45,2.68,58.28,1.25
2023-04-03,29.67,2.04,61.06,1.46
2023-04-04,29.08,2.42,65.41,1.98
2023-04-05,29.8,0.23,59.54,2.37
2023-04-06,30.31,0.03,56.38,2.37
2023-04-07,30.26,0.02,56.66,2.52
2023-04-08,30.04,0.0,55.31,3.1
2023-04-09,30.16,0.04,54.45,2.53
2023-04-10,30.52,0.45,53.05,2.56
2023-04-11,30.72,0.67,54.15,2.39
2023-04-12,31.0,0.0,49.52,2.17
2023-04-13,31.53,0.0,42.59,1.9
2023-04-14,30.91,0.0,40.73,1.74
2023-04-15,31.94,0.0,42.43,2.21
2023-04-16,30.88,0.0,44.9,2.01
2023-04-17,31.6,0.0,46.55,2.55
2023-04-18,31.97,0.0,44.84,2.43
2023-04-19,32.4,0.0,46.0,2.38
2023-04-20,33.36,0.0,48.06,2.0
2023-04-21,33.63,2.62,47.98,1.67
2023-04-22,32.67,2.58,52.66,2.24
2023-04-23,32.65,0.87,53.09,2.11
2023-04-24,30.24,6.12,66.42,2.75
2023-04-25,28.85,5.95,72.6,2.2
2023-04-26,27.11,8.55,78.99,1.68
2023-04-27,28.79,6.18,68.84,1.99
2023-04-28,28.7,9.88,71.15,1.96
2023-04-29,28.5,16.31,74.3,1.87
2023-04-30,27.63,7.54,76.94,1.95
2023-05-01,27.48,13.68,80.37,1.67
2023-05-02,26.41,18.12,87.67,1.71
2023-05-03,26.7,9.84,81.65,2.09
2023-05-04,26.3,8.69,82.14,1.29
2023-05-05,27.46,1.32,73.74,0.97
2023-05-06,27.07,4.8,75.95,1.15
2023-05-07,26.08,2.03,80.48,2.05
2023-05-08,26.63,5.26,79.79,2.01
2023-05-09,28.03,1.69,73.86,1.99
2023-05-10,28.82,0.68,70.87,1.47
2023-05-11,29.3,1.75,71.53,1.46
2023-05-12,29.66,0.56,67.63,1.96
2023-05-13,31.1,0.0,58.35,2.41
2023-05-14,30.2,0.0,64.18,2.95
2023-05-15,31.08,0.0,63.18,2.33
2023-05-16,31.25,0.01,63.17,1.83
2023-05-17,30.67,0.61,64.83,1.34
2023-05-18,30.08,0.11,64.94,1.63
2023-05-19,29.28,0.37,71.87,1.23
2023-05-20,30.31,0.54,65.73,1.14
2023-05-21,30.33,2.13,65.86,1.18
2023-05-22,29.26,1.74,72.71,1.14
2023-05-23,29.28,0.07,68.8,1.08
2023-05-24,29.7,8.45,68.99,1.26
2023-05-25,30.14,3.38,68.06,1.93
2023-05-26,30.75,1.96,63.16,2.55
2023-05-27,30.02,5.68,66.69,2.29
2023-05-28,29.33,0.27,68.56,1.54
2023-05-29,30.0,1.11,67.63,1.26
2023-05-30,30.88,0.74,64.16,1.07
2023-05-31,29.91,2.94,65.36,2.02
2023-06-01,30.8,0.04,62.36,2.28
2023-06-02,28.35,1.44,69.11,2.36
2023-06-03,30.14,0.3,63.09,1.89
2023-06-04,29.91,0.31,64.86,2.49
2023-06-05,29.0,4.16,70.66,2.1
2023-06-06,30.21,6.98,66.02,1.86
2023-06-07,29.14,1.98,70.6,1.93
2023-06-08,29.19,0.23,68.29,2.34
2023-06-09,29.86,0.08,63.75,3.33
2023-06-10,30.19,0.05,59.53,4.27
2023-06-11,30.32,0.01,60.91,2.87
2023-06-12,29.97,3.7,67.01,2.59
2023-06-13,29.79,0.38,64.54,3.27
2023-06-14,29.1,0.83,65.35,2.59
2023-06-15,30.49,0.05,58.52,2.91
2023-06-16,31.14,0.04,57.77,3.93
2023-06-17,29.12,0.41,66.33,2.64
2023-06-18,28.63,1.09,68.24,2.49
2023-06-19,30.53,0.01,56.71,2.38
2023-06-20,28.88,2.73,65.57,1.73
2023-06-21,28.85,5.6,70.89,1.55
2023-06-22,29.32,2.16,64.73,2.08
2023-06-23,28.53,0.18,61.98,3.15
2023-06-24,27.86,0.06,66.3,2.92
2023-06-25,28.0,0.22,67.8,2.09
2023-06-26,28.45,0.11,59.97,3.46
2023-06-27,28.16,1.11,61.89,3.27
2023-06-28,29.17,0.07,60.12,3.08
2023-06-29,29.7,1.99,60.2,3.6
2023-06-30,29.24,0.46,61.31,3.12
2023-07-01,29.35,0.19,61.16,2.54
2023-07-02,28.4,12.92,64.23,2.33
2023-07-03,27.71,6.34,70.18,3.59
2023-07-04,28.1,0.79,65.93,4.77
2023-07-05,27.71,2.14,64.95,4.95
2023-07-06,27.78,1.09,69.46,3.62
2023-07-07,28.24,0.19,64.7,3.57
2023-07-08,28.02,1.04,64.8,2.82
2023-07-09,29.27,0.95,61.51,2.65
2023-07-10,29.21,7.31,67.55,2.12
2023-07-11,28.73,11.91,67.86,2.67
2023-07-12,28.84,0.84,59.74,3.26
2023-07-13,28.34,0.96,59.93,3.54
2023-07-14,28.53,0.41,60.69,4.14
2023-07-15,28.87,0.03,62.26,3.35
2023-07-16,29.47,0.66,63.46,3.32
2023-07-17,28.99,0.04,64.93,3.52
2023-07-18,28.56,0.16,66.27,4.39
2023-07-19,28.73,0.25,64.03,5.17
2023-07-20,28.85,0.1,62.38,5.07
2023-07-21,28.88,0.13,61.67,5.23
2023-07-22,28.08,0.28,61.81,5.39
2023-07-23,27.63,4.23,65.74,4.68
2023-07-24,26.69,1.21,69.4,4.04
2023-07-25,26.45,0.47,70.28,3.66
2023-07-26,28.31,0.37,63.8,4.35
2023-07-27,28.76,0.03,60.96,4.58
2023-07-28,28.85,0.01,59.52,4.53
2023-07-29,29.69,0.0,58.46,4.86
2023-07-30,30.01,0.0,57.73,5.05
2023-07-31,30.3,0.0,57.49,5.19
2023-08-01,30.15,0.0,57.91,5.04
2023-08-02,28.86,0.03,60.85,4.09
2023-08-03,29.93,0.04,60.2,4.26
2023-08-04,30.14,0.01,58.73,4.32
2023-08-05,29.92,0.0,58.06,3.99
2023-08-06,30.41,2.69,58.58,3.18
2023-08-07,30.51,0.36,59.22,2.95
2023-08-08,29.26,11.69,64.26,2.87
2023-08-09,28.83,7.41,67.74,2.36
2023-08-10,27.7,6.57,76.53,1.83
2023-08-11,28.03,7.58,75.07,0.97
2023-08-12,28.31,8.54,72.97,2.52
2023-08-13,28.82,0.88,67.57,1.92
2023-08-14,28.85,0.85,65.25,2.22
2023-08-15,28.89,3.13,64.66,2.01
2023-08-16,29.76,0.17,60.76,1.96
2023-08-17,30.19,0.0,58.39,3.3
2023-08-18,29.05,0.01,61.34,3.8
2023-08-19,29.14,0.01,61.49,3.85
2023-08-20,30.42,0.13,59.46,3.28
2023-08-21,30.94,0.07,56.95,2.2
2023-08-22,30.8,1.71,61.92,1.31
2023-08-23,29.77,4.16,64.77,1.55
2023-08-24,30.42,0.12,59.45,2.34
2023-08-25,30.24,0.0,58.15,1.6
2023-08-26,30.48,0.02,58.98,1.55
2023-08-27,30.64,0.05,60.03,2.15
2023-08-28,30.95,2.11,58.23,1.94
2023-08-29,27.98,13.5,71.52,1.25
2023-08-30,26.31,8.67,80.47,2.33
2023-08-31,27.55,11.18,73.92,1.33
2023-09-01,27.95,13.84,75.1,1.66
2023-09-02,28.1,14.04,75.2,1.98
2023-09-03,27.48,6.86,73.02,2.32
2023-09-04,27.51,0.35,70.29,3.2
2023-09-05,26.62,0.62,73.11,2.76
2023-09-06,27.24,1.54,67.09,2.73
2023-09-07,27.25,3.17,67.82,2.89
2023-09-08,27.62,0.91,64.52,3.36
2023-09-09,28.52,0.87,63.41,3.88
2023-09-10,27.84,0.35,60.56,3.87
2023-09-11,27.56,1.27,63.65,3.79
2023-09-12,27.25,0.21,68.04,2.86
2023-09-13,28.78,0.18,64.56,2.82
2023-09-14,28.6,0.44,61.73,3.52
2023-09-15,27.88,0.34,64.9,2.81
2023-09-16,28.72,0.82,67.38,2.51
2023-09-17,27.89,5.79,74.45,1.68
2023-09-18,27.96,14.41,75.53,2.19
2023-09-19,27.4,19.17,78.61,1.37
2023-09-20,27.73,3.0,74.66,1.36
2023-09-21,27.34,4.19,76.14,1.33
2023-09-22,27.98,3.33,73.7,1.14
2023-09-23,28.44,2.55,73.29,1.77
2023-09-24,27.17,2.1,76.5,1.96
2023-09-25,27.91,2.13,73.46,1.82
2023-09-26,27.75,1.89,72.65,1.86
2023-09-27,27.79,5.39,69.29,2.45
2023-09-28,27.5,3.42,68.04,2.69
2023-09-29,26.94,1.38,71.55,2.67
2023-09-30,27.55,2.01,70.96,2.24
2023-10-01,27.84,0.68,70.37,2.84
2023-10-02,28.13,0.43,71.48,2.31
2023-10-03,29.37,0.5,66.41,2.1
2023-10-04,29.16,0.59,65.79,1.62
2023-10-05,29.01,2.83,66.77,1.75
2023-10-06,28.83,1.85,62.86,1.64
2023-10-07,28.62,0.08,63.31,1.13
2023-10-08,28.75,6.92,71.1,1.38
2023-10-09,28.24,2.86,74.77,1.2
2023-10-10,28.62,5.05,73.64,1.25
2023-10-11,28.25,20.16,75.1,1.59
2023-10-12,26.86,14.52,83.25,1.1
2023-10-13,27.06,0.17,77.34,1.24
2023-10-14,26.94,7.49,79.39,1.12
2023-10-15,27.4,18.9,79.7,1.12
2023-10-16,27.03,10.03,81.78,0.86
2023-10-17,26.23,10.14,84.42,1.6
2023-10-18,26.93,0.49,77.3,1.57
2023-10-19,27.13,0.19,73.79,1.47
2023-10-20,27.25,0.08,73.16,1.38
2023-10-21,27.31,2.0,73.36,1.27
2023-10-22,27.31,2.38,73.75,1.45
2023-10-23,26.99,0.12,76.45,1.04
2023-10-24,26.98,0.76,75.77,0.91
2023-10-25,27.08,1.72,74.86,1.23
2023-10-26,27.62,0.66,73.09,1.28
2023-10-27,27.41,0.17,74.14,1.77
2023-10-28,27.46,0.62,74.46,1.74
2023-10-29,25.99,10.23,83.89,1.51
2023-10-30,24.95,13.08,86.9,1.2
2023-10-31,25.45,3.69,82.68,1.59
2023-11-01,25.71,9.2,86.9,1.25
2023-11-02,25.82,5.56,82.52,1.23
2023-11-03,25.58,16.72,87.28,1.3
2023-11-04,24.97,26.07,90.86,1.18
2023-11-05,24.36,11.92,89.32,1.74
2023-11-06,26.07,15.91,83.07,0.83
2023-11-07,25.21,27.97,90.04,1.03
2023-11-08,25.41,12.64,87.16,0.74
2023-11-09,25.26,14.57,85.03,1.08
2023-11-10,24.96,2.19,86.99,1.5
2023-11-11,24.76,1.2,88.03,1.62
2023-11-12,24.63,0.1,83.02,1.94
2023-11-13,24.69,0.97,85.81,1.63
2023-11-14,24.28,6.94,86.48,2.17
2023-11-15,24.56,0.41,86.5,1.78
2023-11-16,25.43,0.11,86.27,1.05
2023-11-17,26.09,0.16,84.3,1.31
2023-11-18,25.98,0.54,86.9,1.72
2023-11-19,25.25,0.62,88.12,1.91
2023-11-20,25.39,0.05,88.78,1.66
2023-11-21,25.82,1.92,86.24,1.56
2023-11-22,25.57,20.92,89.88,1.48
2023-11-23,25.07,5.38,87.79,1.97
2023-11-24,25.38,1.55,87.41,1.4
2023-11-25,25.44,4.4,89.09,1.92
2023-11-26,25.09,4.34,90.48,2.61
2023-11-27,25.33,3.59,88.42,1.87
2023-11-28,25.18,5.1,88.64,1.76
2023-11-29,24.79,3.14,89.42,1.64
2023-11-30,24.47,2.24,88.81,1.32
2023-12-01,24.88,1.2,88.23,1.41
2023-12-02,25.45,0.95,86.16,1.53
2023-12-03,26.49,0.71,82.6,1.64
2023-12-04,26.43,0.79,84.03,1.32
2023-12-05,26.65,0.64,82.52,1.3
2023-12-06,26.09,0.22,86.08,1.23
2023-12-07,26.34,2.82,84.85,1.21
2023-12-08,25.79,14.85,88.87,1.41
2023-12-09,25.49,4.23,88.04,1.99
2023-12-10,25.07,1.0,86.52,1.89
2023-12-11,24.39,0.47,85.53,1.7
2023-12-12,24.3,0.41,86.57,1.69
2023-12-13,23.6,0.01,83.4,2.06
2023-12-14,23.31,0.01,81.39,2.11
2023-12-15,23.92,0.1,87.58,2.21
2023-12-16,25.04,3.41,87.84,2.41
2023-12-17,24.17,24.8,92.07,3.13
2023-12-18,23.34,12.56,90.16,2.93
2023-12-19,22.88,1.12,87.4,2.13
2023-12-20,23.59,2.39,86.7,2.55
2023-12-21,23.43,2.93,90.74,2.13
2023-12-22,24.08,0.13,86.1,1.98
2023-12-23,22.53,0.0,83.29,1.71
2023-12-24,23.11,0.07,84.49,2.0
2023-12-25,24.58,1.35,87.08,2.78
2023-12-26,23.67,0.05,83.77,2.47
2023-12-27,23.6,0.03,83.09,2.66
2023-12-28,24.39,0.03,84.23,3.06
2023-12-29,24.84,0.37,84.43,2.99
2023-12-30,24.41,0.17,83.48,2.65
2023-12-31,23.22,0.01,81.87,1.96
2024-01-01,23.62,0.0,80.31,1.66
2024-01-02,23.82,0.02,80.95,1.9
2024-01-03,23.81,0.83,82.31,1.6
2024-01-04,24.25,3.8,85.97,1.62
2024-01-05,24.62,2.83,85.14,1.87
2024-01-06,24.63,1.68,83.64,1.83
2024-01-07,24.71,1.69,82.51,2.52
2024-01-08,24.51,1.85,87.72,3.1
2024-01-09,23.8,12.92,88.86,2.81
2024-01-10,23.3,0.57,85.79,2.02
2024-01-11,23.69,0.0,80.58,2.33
2024-01-12,23.68,0.0,81.64,2.31
2024-01-13,23.9,0.0,81.69,2.11
2024-01-14,24.07,0.0,78.95,2.14
2024-01-15,23.51,0.0,78.3,1.67
2024-01-16,22.98,0.0,76.47,1.53
2024-01-17,22.91,0.0,75.0,1.3
2024-01-18,23.92,0.12,78.79,1.29
2024-01-19,25.22,1.13,79.66,1.77
2024-01-20,25.38,1.05,80.52,2.16
2024-01-21,25.21,0.03,76.0,1.94
2024-01-22,25.15,0.0,75.79,1.95
2024-01-23,24.57,0.0,75.3,1.79
2024-01-24,24.9,0.01,73.62,1.58
2024-01-25,24.89,0.0,73.08,1.7
2024-01-26,24.53,0.0,73.16,2.28
2024-01-27,24.36,0.0,73.28,2.43
2024-01-28,25.08,0.0,72.88,2.68
2024-01-29,24.37,0.0,69.24,2.18
2024-01-30,24.71,0.0,71.56,1.74
2024-01-31,25.8,0.02,72.97,1.36
2024-02-01,26.76,0.16,73.14,1.26
2024-02-02,27.17,0.02,73.27,1.6
2024-02-03,27.24,0.01,70.19,2.15
2024-02-04,26.01,0.0,68.7,2.22
2024-02-05,24.95,0.0,69.47,2.15
2024-02-06,24.77,0.0,71.5,2.12
2024-02-07,25.03,0.0,69.31,1.86
2024-02-08,25.59,0.0,68.32,1.95
2024-02-09,25.77,0.0,69.75,2.22
2024-02-10,26.01,0.02,71.81,2.58
2024-02-11,25.98,0.05,68.94,2.68
2024-02-12,25.16,0.0,67.93,2.56
2024-02-13,25.88,0.0,71.0,2.54
2024-02-14,26.56,0.0,68.85,2.84
2024-02-15,25.82,0.0,68.55,2.63
2024-02-16,26.51,0.0,67.3,2.78
2024-02-17,26.66,0.0,63.44,2.41
2024-02-18,26.39,0.0,63.83,2.08
2024-02-19,27.14,0.0,66.38,2.24
2024-02-20,27.57,0.0,64.61,1.99
2024-02-21,28.21,0.0,59.99,1.46
2024-02-22,29.02,0.0,59.85,1.4
2024-02-23,29.44,0.0,61.84,1.6
2024-02-24,29.24,0.0,62.32,1.87
2024-02-25,28.54,0.0,60.41,2.56
2024-02-26,28.16,0.07,62.71,3.33
2024-02-27,28.48,0.01,63.17,3.35
2024-02-28,28.16,0.0,59.91,2.67
2024-02-29,28.07,0.0,58.51,2.38
2024-03-01,27.14,0.0,60.54,2.62
2024-03-02,27.06,0.0,55.75,1.72
2024-03-03,28.21,0.0,55.3,1.7
2024-03-04,28.35,0.0,55.59,1.83
2024-03-05,28.51,0.0,52.38,1.78
2024-03-06,28.9,0.0,47.57,1.76
2024-03-07,28.14,0.0,49.11,1.57
2024-03-08,29.34,0.0,46.66,2.09
2024-03-09,30.15,0.0,46.24,2.13
2024-03-10,30.01,0.0,49.66,2.0
2024-03-11,29.76,0.0,51.82,2.16
2024-03-12,29.63,0.0,50.89,2.12
2024-03-13,29.85,0.0,43.55,1.79
2024-03-14,30.8,0.02,39.64,1.59
2024-03-15,30.88,0.04,43.6,2.21
2024-03-16,29.87,0.09,51.79,2.59
2024-03-17,29.51,0.0,51.91,2.77
2024-03-18,29.33,0.0,48.08,2.01
2024-03-19,29.77,0.0,43.94,2.11
2024-03-20,29.45,0.0,51.6,2.17
2024-03-21,30.53,0.11,57.66,3.11
2024-03-22,30.87,0.16,55.8,2.92
2024-03-23,31.03,0.04,49.74,2.54
2024-03-24,30.24,0.03,52.2,2.48
2024-03-25,29.74,0.0,49.8,2.48
2024-03-26,29.74,0.0,44.87,2.13
2024-03-27,29.73,0.0,44.9,1.91
2024-03-28,31.1,0.07,44.24,1.83
2024-03-29,31.55,0.02,44.85,2.15
2024-03-30,31.39,0.0,45.09,2.36
2024-03-31,31.63,0.0,49.95,2.48
2024-04-01,32.71,0.0,50.55,2.38
2024-04-02,32.88,0.17,47.66,2.3
2024-04-03,32.28,0.72,52.08,2.58
2024-04-04,32.28,0.01,54.53,2.75
2024-04-05,33.15,0.02,47.69,2.26
2024-04-06,33.16,0.0,48.6,2.39
2024-04-07,33.08,0.0,48.33,2.42
2024-04-08,32.92,0.02,52.18,3.11
2024-04-09,32.32,0.0,51.36,3.05
2024-04-10,31.96,0.04,50.75,2.81
2024-04-11,32.11,1.51,52.53,2.77
2024-04-12,31.19,4.87,58.89,3.12
2024-04-13,30.71,2.34,59.95,2.42
2024-04-14,30.96,1.25,57.22,2.48
2024-04-15,31.23,0.07,56.45,2.8
2024-04-16,32.07,0.0,54.72,2.51
2024-04-17,33.29,0.0,49.63,2.59
2024-04-18,33.37,0.0,50.92,1.4
2024-04-19,33.34,0.0,49.4,1.34
2024-04-20,33.45,0.01,48.26,2.02
2024-04-21,32.99,0.03,56.47,2.45
2024-04-22,32.76,0.06,54.84,2.15
2024-04-23,32.78,0.01,52.07,2.67
2024-04-24,32.59,0.01,50.23,2.55
2024-04-25,33.1,0.0,43.49,2.76
2024-04-26,33.4,0.0,43.85,2.47
2024-04-27,32.71,0.0,45.24,2.45
2024-04-28,33.11,0.0,46.67,2.32
2024-04-29,33.44,0.06,47.09,2.17
2024-04-30,34.2,0.04,48.05,2.66
2024-05-01,34.55,0.02,48.21,2.19
2024-05-02,34.89,0.0,47.84,2.67
2024-05-03,34.76,0.02,48.82,1.95
2024-05-04,34.52,0.42,47.17,2.36
2024-05-05,34.87,1.13,47.89,1.69
2024-05-06,35.47,0.11,44.84,2.27
2024-05-07,33.17,0.89,50.76,2.43
2024-05-08,31.66,1.57,58.92,1.81
2024-05-09,31.37,5.01,60.78,1.92
2024-05-10,29.74,5.34,67.99,1.77
2024-05-11,30.58,3.75,66.04,1.67
2024-05-12,30.78,3.83,62.87,1.54
2024-05-13,28.74,2.67,73.6,1.88
2024-05-14,29.1,2.81,69.07,1.17
2024-05-15,30.33,7.67,65.67,1.89
2024-05-16,28.7,14.48,72.52,1.77
2024-05-17,28.12,18.22,73.92,1.78
2024-05-18,29.28,10.78,72.18,0.94
2024-05-19,28.56,11.41,75.81,1.29
2024-05-20,26.62,27.67,87.57,1.58
2024-05-21,26.96,19.79,81.12,2.69
2024-05-22,28.05,5.95,82.65,2.13
2024-05-23,27.58,5.44,85.32,1.62
2024-05-24,28.71,5.14,77.54,2.03
2024-05-25,28.04,1.76,75.73,2.91
2024-05-26,29.03,0.08,69.56,3.67
2024-05-27,29.77,0.03,67.69,3.63
2024-05-28,28.64,0.4,73.88,3.69
2024-05-29,29.45,0.9,69.57,3.23
2024-05-30,29.6,0.68,71.01,3.11
2024-05-31,29.75,1.41,71.55,2.81
2024-06-01,29.91,4.03,75.92,2.49
2024-06-02,28.46,5.2,75.09,1.61
2024-06-03,28.52,5.56,75.45,1.34
2024-06-04,28.96,1.05,73.66,1.02
2024-06-05,28.72,3.81,76.02,1.2
2024-06-06,27.84,26.7,78.97,1.6
2024-06-07,28.07,6.71,74.49,1.31
2024-06-08,27.7,2.65,78.02,2.01
2024-06-09,27.95,0.18,75.12,2.13
2024-06-10,28.36,0.08,71.01,2.96
2024-06-11,27.83,0.23,68.51,2.85
2024-06-12,27.33,0.25,69.33,3.0
2024-06-13,28.36,0.09,62.64,2.98
2024-06-14,29.26,0.01,62.57,2.43
2024-06-15,29.54,0.34,65.68,2.85
2024-06-16,29.6,0.47,67.01,2.59
2024-06-17,28.93,2.1,66.16,2.3
2024-06-18,28.53,10.22,69.71,2.69
2024-06-19,28.51,3.7,69.07,2.79
2024-06-20,27.62,0.27,67.24,2.9
2024-06-21,27.67,0.14,65.5,3.42
2024-06-22,27.64,1.18,70.42,2.72
2024-06-23,27.29,1.71,71.33,3.41
2024-06-24,26.64,0.96,72.57,3.36
2024-06-25,26.33,3.31,71.18,3.87
2024-06-26,27.33,1.43,70.33,3.84
2024-06-27,27.55,0.31,66.72,3.56
2024-06-28,28.06,0.09,65.1,2.75
2024-06-29,27.62,0.25,69.1,2.6
2024-06-30,28.48,1.09,68.42,1.99
2024-07-01,27.1,4.68,73.26,2.48
2024-07-02,29.05,0.16,61.43,2.81
2024-07-03,28.47,0.17,64.89,2.97
2024-07-04,29.23,0.07,60.84,3.37
2024-07-05,28.58,2.56,65.11,2.94
2024-07-06,27.09,0.71,68.03,3.42
2024-07-07,28.61,0.26,65.14,3.6
2024-07-08,27.16,0.39,71.14,3.34
2024-07-09,27.07,0.11,70.81,2.87
2024-07-10,27.03,3.05,72.94,2.31
2024-07-11,28.3,0.57,66.49,2.94
2024-07-12,28.61,8.04,66.61,3.19
2024-07-13,27.39,0.19,68.69,4.24
2024-07-14,28.51,1.05,63.02,4.96
2024-07-15,27.25,6.58,70.69,5.49
2024-07-16,27.19,1.06,68.77,5.52
2024-07-17,27.09,1.96,70.53,4.64
2024-07-18,27.11,0.87,69.44,5.65
2024-07-19,27.69,0.49,69.39,5.42
2024-07-20,28.04,0.41,67.92,4.53
2024-07-21,27.98,0.11,68.45,4.41
2024-07-22,27.96,0.22,66.63,4.27
2024-07-23,28.19,0.08,65.19,4.01
2024-07-24,27.98,0.49,65.77,4.38
2024-07-25,28.06,2.21,66.19,4.82
2024-07-26,27.54,1.14,67.75,5.4
2024-07-27,28.02,0.1,65.18,6.03
2024-07-28,28.27,0.35,62.94,5.13
2024-07-29,28.66,4.64,65.55,4.72
2024-07-30,27.29,0.26,71.99,3.43
2024-07-31,28.31,0.42,68.96,3.22
2024-08-01,28.78,1.42,69.48,3.08
2024-08-02,28.09,0.13,65.61,4.09
2024-08-03,28.52,0.79,64.41,2.89
2024-08-04,28.0,5.52,70.02,3.31
2024-08-05,27.81,2.3,70.69,1.98
2024-08-06,28.24,5.65,70.95,2.39
2024-08-07,26.21,12.02,81.32,2.16
2024-08-08,26.71,4.66,77.56,2.36
2024-08-09,27.67,10.24,75.45,2.37
2024-08-10,27.32,8.57,78.83,2.32
2024-08-11,26.61,7.28,83.62,2.09
2024-08-12,28.57,4.28,76.67,1.73
2024-08-13,27.98,20.58,79.8,0.87
2024-08-14,27.76,27.55,77.04,1.32
2024-08-15,28.5,8.27,76.07,0.87
2024-08-16,28.22,7.06,81.08,1.31
2024-08-17,28.47,3.6,79.25,1.25
2024-08-18,28.0,6.42,79.73,0.91
2024-08-19,28.47,3.83,77.74,1.24
2024-08-20,27.36,8.17,83.0,1.34
2024-08-21,26.34,5.92,80.57,3.07
2024-08-22,26.71,0.01,78.26,1.86
2024-08-23,28.01,0.01,69.85,1.36
2024-08-24,27.53,0.04,74.91,2.09
2024-08-25,27.34,0.06,73.98,2.49
2024-08-26,27.62,0.05,71.16,2.88
2024-08-27,27.92,0.29,71.84,2.73
2024-08-28,27.33,0.16,73.15,2.99
2024-08-29,27.33,1.54,73.5,3.19
2024-08-30,26.76,1.22,79.23,2.89
2024-08-31,26.97,0.4,74.31,3.53
2024-09-01,27.01,0.17,71.98,3.6
2024-09-02,27.27,0.53,71.16,3.4
2024-09-03,27.46,0.62,74.25,2.87
2024-09-04,27.89,0.55,73.54,3.15
2024-09-05,28.47,0.07,70.63,3.38
2024-09-06,27.82,0.48,73.74,3.17
2024-09-07,28.52,0.15,70.17,3.43
2024-09-08,27.78,0.29,72.51,3.55
2024-09-09,27.54,0.36,71.79,3.4
2024-09-10,28.6,0.19,70.51,3.39
2024-09-11,28.81,1.18,69.71,2.96
2024-09-12,28.36,0.16,66.28,3.2
2024-09-13,28.57,0.16,67.1,3.13
2024-09-14,28.68,0.29,66.39,3.38
2024-09-15,28.91,0.18,64.36,3.87
2024-09-16,29.35,0.0,62.47,3.79
2024-09-17,29.55,0.0,62.71,3.87
2024-09-18,29.04,0.0,60.53,3.5
2024-09-19,27.73,0.25,64.51,3.08
2024-09-20,28.63,0.04,63.48,2.7
2024-09-21,28.6,0.55,66.58,3.2
2024-09-22,29.19,0.41,63.95,3.21
2024-09-23,28.24,0.51,65.56,3.79
2024-09-24,28.32,0.9,67.54,3.43
2024-09-25,29.12,0.09,63.21,3.93
2024-09-26,29.16,0.36,63.25,2.83
2024-09-27,29.29,0.28,61.71,2.37
2024-09-28,29.23,1.61,66.44,1.93
2024-09-29,27.59,2.85,76.77,1.6
2024-09-30,27.86,2.72,75.12,1.66
2024-10-01,27.9,3.84,74.44,1.71
2024-10-02,27.55,8.6,75.82,2.32
2024-10-03,29.06,0.03,70.12,1.36
2024-10-04,28.02,12.0,76.31,1.29
2024-10-05,26.9,14.45,78.83,1.4
2024-10-06,26.13,6.69,80.63,1.5
2024-10-07,25.93,4.46,81.6,2.26
2024-10-08,26.03,12.04,83.68,1.55
2024-10-09,27.83,5.61,76.91,1.29
2024-10-10,27.34,2.19,77.6,0.9
2024-10-11,26.5,18.2,80.97,0.88
2024-10-12,26.64,31.55,83.18,1.12
2024-10-13,26.04,23.55,88.41,1.04
2024-10-14,25.6,13.75,87.2,1.04
2024-10-15,24.34,12.74,88.59,1.85
2024-10-16,25.13,1.91,79.01,2.03
2024-10-17,26.29,0.41,80.03,2.03
2024-10-18,27.16,3.17,78.57,0.8
2024-10-19,26.11,4.84,82.48,1.1
2024-10-20,26.48,12.84,82.75,0.81
2024-10-21,26.39,9.81,85.88,0.71
2024-10-22,26.63,22.02,82.34,0.87
2024-10-23,26.44,5.63,82.96,0.85
2024-10-24,25.2,10.13,84.95,1.41
2024-10-25,26.28,22.31,81.17,1.06
2024-10-26,26.86,3.61,81.29,1.29
2024-10-27,26.96,0.34,79.78,1.29
2024-10-28,26.75,1.22,79.86,1.39
2024-10-29,26.87,0.43,76.12,1.22
2024-10-30,26.74,0.29,81.35,0.92
2024-10-31,26.17,5.74,86.4,1.01
2024-11-01,26.12,10.84,89.43,1.14
2024-11-02,25.55,9.3,90.4,1.56
2024-11-03,25.27,4.82,90.42,1.69
2024-11-04,25.47,3.15,85.7,1.53
2024-11-05,24.83,0.92,84.14,1.25
2024-11-06,25.86,0.04,76.71,1.33
2024-11-07,25.67,3.01,85.07,1.45
2024-11-08,25.92,1.1,86.73,1.79
2024-11-09,25.44,0.69,84.68,1.9
2024-11-10,24.75,0.0,81.97,1.99
2024-11-11,25.17,0.0,80.44,1.67
2024-11-12,25.3,0.7,81.84,1.53
2024-11-13,25.1,1.25,91.98,1.57
2024-11-14,25.22,7.71,91.83,1.67
2024-11-15,25.0,5.86,89.98,1.63
2024-11-16,24.78,7.6,91.04,1.57
2024-11-17,25.22,5.77,89.69,2.03
2024-11-18,24.73,4.5,88.15,2.28
2024-11-19,24.64,2.55,87.42,2.42
2024-11-20,23.9,2.33,87.44,2.4
2024-11-21,24.06,2.18,85.06,1.86
2024-11-22,24.15,0.07,85.19,1.62
2024-11-23,24.38,0.02,86.22,1.93
2024-11-24,24.66,0.01,86.81,1.9
2024-11-25,23.78,0.01,84.13,1.74
2024-11-26,23.3,11.96,90.75,2.12
2024-11-27,23.59,3.07,90.05,2.52
2024-11-28,24.03,1.33,81.09,2.24
2024-11-29,24.31,3.87,84.61,2.76
2024-11-30,25.26,2.7,87.63,2.62
2024-12-01,25.43,11.55,89.59,3.12
2024-12-02,25.64,11.48,91.25,1.59
2024-12-03,26.12,5.0,87.52,1.33
2024-12-04,25.32,1.04,86.11,1.52
2024-12-05,25.24,1.14,86.91,1.22
2024-12-06,24.94,0.13,86.7,1.26
2024-12-07,25.23,0.17,86.32,1.43
2024-12-08,24.29,0.14,87.2,1.07
2024-12-09,25.0,0.02,83.39,1.19
2024-12-10,24.98,0.02,83.7,1.61
2024-12-11,24.12,3.59,89.02,2.06
2024-12-12,23.83,44.61,92.84,2.24
2024-12-13,23.95,34.42,94.97,3.06
2024-12-14,23.69,8.49,88.9,2.62
2024-12-15,22.3,1.21,85.79,1.97
2024-12-16,22.48,0.0,84.74,1.72
2024-12-17,23.67,0.0,81.58,1.46
2024-12-18,24.97,0.0,83.22,1.25
2024-12-19,25.7,0.01,83.93,1.08
2024-12-20,26.43,0.05,80.01,0.85
2024-12-21,26.21,2.54,81.84,1.11
2024-12-22,24.94,3.07,88.45,1.11
2024-12-23,24.45,0.93,83.65,1.0
2024-12-24,24.79,0.01,77.65,0.79
2024-12-25,24.93,0.0,80.12,0.83
2024-12-26,25.28,0.67,85.52,1.65
2024-12-27,24.55,3.67,89.34,2.29
2024-12-28,23.75,0.28,85.25,1.98
2024-12-29,23.91,0.11,85.37,2.07
2024-12-30,24.11,1.68,89.34,2.56
2024-12-31,24.3,0.41,86.48,3.13
2025-01-01,22.89,0.01,83.18,2.52
2025-01-02,22.33,0.0,83.71,2.14
2025-01-03,21.78,0.0,83.98,2.43
2025-01-04,21.76,0.0,82.35,1.78
2025-01-05,21.95,0.0,79.42,1.68
2025-01-06,21.79,0.0,78.92,1.64
2025-01-07,22.52,0.0,82.43,1.52
2025-01-08,22.44,0.0,80.95,1.77
2025-01-09,22.47,0.0,82.53,2.03
2025-01-10,23.59,0.01,83.19,2.28
2025-01-11,23.72,0.01,80.33,2.2
2025-01-12,24.04,0.09,82.58,2.28
2025-01-13,25.03,1.09,84.57,2.24
2025-01-14,24.28,0.86,81.58,2.44
2025-01-15,23.71,0.85,82.08,2.86
2025-01-16,22.82,0.01,82.71,2.45
2025-01-17,22.62,0.0,80.75,2.45
2025-01-18,22.33,7.08,87.19,2.29
2025-01-19,23.62,6.86,88.12,2.26
2025-01-20,23.97,0.68,80.64,2.12
2025-01-21,22.75,0.0,78.91,1.94
2025-01-22,23.59,0.01,79.62,2.04
2025-01-23,23.74,0.03,79.16,2.02
2025-01-24,22.86,0.0,78.52,2.11
2025-01-25,23.7,0.0,77.41,2.19
2025-01-26,22.66,0.0,76.91,2.26
2025-01-27,23.06,0.0,74.58,1.95
2025-01-28,23.29,0.0,71.63,1.71
2025-01-29,23.73,0.0,69.65,2.2
2025-01-30,24.16,0.08,79.57,1.78
2025-01-31,25.67,0.35,81.43,1.82
2025-02-01,26.32,0.08,77.8,2.07
2025-02-02,25.93,0.01,72.42,1.69
2025-02-03,24.92,0.0,71.29,1.45
2025-02-04,24.07,0.0,70.21,1.74
2025-02-05,24.2,0.0,74.14,1.88
2025-02-06,24.27,0.0,74.27,1.9
2025-02-07,23.85,0.0,70.48,1.85
2025-02-08,24.31,0.0,74.3,2.05
2025-02-09,24.91,0.0,72.61,2.1
2025-02-10,24.8,0.0,71.31,2.07
2025-02-11,24.65,0.0,68.95,1.59
2025-02-12,25.01,0.0,70.14,1.88
2025-02-13,24.68,0.0,66.41,1.61
2025-02-14,24.49,0.0,63.87,1.45
2025-02-15,25.18,0.0,63.72,1.64
2025-02-16,25.36,0.0,66.29,1.87
2025-02-17,25.21,0.0,67.86,1.84
2025-02-18,25.17,0.0,66.58,1.76
2025-02-19,25.71,0.0,66.2,1.53
2025-02-20,25.99,0.0,66.34,1.68
2025-02-21,26.11,0.0,65.91,2.04
2025-02-22,26.66,0.0,63.9,1.97
2025-02-23,26.62,0.0,62.13,2.15
2025-02-24,26.37,0.0,64.31,2.36
2025-02-25,26.45,0.56,68.13,2.62
2025-02-26,26.64,1.09,67.92,3.0
2025-02-27,26.73,0.27,65.82,2.86
2025-02-28,26.35,2.7,72.13,2.83
2025-03-01,27.24,3.99,74.95,2.98
2025-03-02,27.84,0.24,70.51,2.3
2025-03-03,28.07,0.0,66.89,1.83
2025-03-04,27.92,0.0,58.7,1.9
2025-03-05,27.64,0.0,52.79,1.55
2025-03-06,28.48,0.0,50.61,1.51
2025-03-07,28.45,0.01,56.52,1.37
2025-03-08,28.76,0.12,59.94,1.62
2025-03-09,27.6,0.01,55.48,2.2
2025-03-10,27.16,0.01,60.52,2.67
2025-03-11,26.53,13.47,79.75,3.57
2025-03-12,25.7,15.53,83.92,1.39
2025-03-13,27.9,2.79,69.17,1.53
2025-03-14,28.04,0.0,63.57,1.64
2025-03-15,28.38,0.0,61.24,1.65
2025-03-16,28.48,0.13,66.33,1.85
2025-03-17,29.36,0.48,64.18,1.01
2025-03-18,29.26,0.05,64.48,2.06
2025-03-19,29.24,0.03,63.98,2.51
2025-03-20,29.03,0.12,63.27,2.46
2025-03-21,29.19,0.13,65.95,2.29
2025-03-22,29.23,0.49,67.41,2.37
2025-03-23,28.3,1.65,71.2,1.95
2025-03-24,28.98,0.43,65.27,2.06
2025-03-25,28.87,0.23,58.72,1.7
2025-03-26,29.0,0.02,54.35,1.74
2025-03-27,30.33,0.04,51.88,1.3
2025-03-28,30.61,0.0,50.02,1.87
2025-03-29,29.83,0.0,44.77,2.09
2025-03-30,29.29,0.0,41.89,2.04
2025-03-31,29.51,0.0,49.62,2.06
2025-04-01,29.62,0.38,55.96,2.12
2025-04-02,28.88,8.2,63.12,2.4
2025-04-03,27.31,12.13,74.22,1.68
2025-04-04,28.59,3.58,61.32,1.53
2025-04-05,29.07,6.1,64.55,1.41
2025-04-06,28.79,12.31,70.79,0.99
2025-04-07,27.97,12.76,76.14,1.26
2025-04-08,28.88,0.02,66.48,1.23
2025-04-09,28.64,0.03,64.15,1.1
2025-04-10,29.31,0.01,63.59,2.02
2025-04-11,29.83,5.76,64.6,1.57
2025-04-12,29.44,3.75,66.66,1.89
2025-04-13,30.65,0.51,59.59,1.68
2025-04-14,30.42,3.29,60.27,1.56
2025-04-15,28.93,3.65,66.68,1.65
2025-04-16,30.47,0.01,61.12,1.06
2025-04-17,30.68,0.05,61.8,0.96
2025-04-18,31.31,0.31,61.26,0.92
2025-04-19,31.12,0.03,60.56,1.64
2025-04-20,29.91,0.64,65.24,1.01
2025-04-21,29.72,0.33,66.22,1.63
2025-04-22,30.24,0.2,60.82,1.59
2025-04-23,29.79,0.2,60.13,1.08
2025-04-24,30.95,0.13,60.89,1.71
2025-04-25,30.21,0.12,68.11,1.24
2025-04-26,29.26,0.35,72.75,1.91
2025-04-27,28.41,3.05,77.24,1.54
2025-04-28,28.25,1.89,74.06,2.02
2025-04-29,29.59,0.38,67.7,2.23
2025-04-30,29.02,0.21,72.27,2.22
2025-05-01,30.07,0.03,64.71,1.81
2025-05-02,30.32,0.61,65.79,0.65
2025-05-03,30.44,0.7,65.74,1.0
2025-05-04,30.41,1.05,60.19,1.9
2025-05-05,28.73,5.35,71.7,0.82
2025-05-06,30.03,1.35,64.49,1.09
2025-05-07,29.29,5.12,69.28,1.2
2025-05-08,29.41,3.91,68.14,1.38
2025-05-09,30.54,0.18,61.1,1.67
2025-05-10,30.78,0.43,61.52,0.76
2025-05-11,30.94,0.12,59.65,1.24
2025-05-12,31.52,0.94,59.38,1.7
2025-05-13,30.42,2.71,68.02,1.26
2025-05-14,28.82,5.21,74.61,1.81
2025-05-15,29.58,13.33,69.92,1.63
2025-05-16,30.67,3.64,64.41,1.74
2025-05-17,28.42,8.89,69.15,2.23
2025-05-18,26.8,26.47,80.09,1.77
2025-05-19,29.01,5.96,70.52,1.6
2025-05-20,28.29,1.96,73.56,2.03
2025-05-21,29.15,0.35,61.33,3.07
2025-05-22,30.43,0.05,60.43,2.37
2025-05-23,29.91,2.92,67.11,2.55
2025-05-24,29.22,4.79,65.89,3.99
2025-05-25,28.26,3.41,71.67,3.69
2025-05-26,28.78,6.11,69.07,4.5
2025-05-27,28.91,2.47,73.88,4.01
2025-05-28,29.51,1.36,68.74,5.2
2025-05-29,28.95,2.28,65.53,5.13
2025-05-30,27.73,0.76,66.21,5.08
2025-05-31,29.12,0.03,61.82,4.08
2025-06-01,29.81,1.36,64.36,3.41
2025-06-02,29.44,0.83,68.63,2.76
2025-06-03,29.41,0.75,64.47,2.86
2025-06-04,29.08,0.76,62.42,3.18
2025-06-05,30.52,0.19,54.86,1.93
2025-06-06,30.44,1.14,63.47,1.56
2025-06-07,30.55,0.68,63.63,2.36
2025-06-08,30.44,0.23,62.88,2.3
2025-06-09,28.55,1.09,72.85,2.91
2025-06-10,29.49,1.05,65.62,3.65
2025-06-11,28.59,1.82,69.16,3.62
2025-06-12,29.18,1.34,67.0,3.66
2025-06-13,29.33,0.93,60.82,4.1
2025-06-14,28.89,1.28,63.25,3.97
2025-06-15,27.64,2.05,66.01,4.5
2025-06-16,28.64,0.59,62.05,5.04
2025-06-17,28.56,1.57,67.51,3.52
2025-06-18,29.29,0.68,66.36,3.12
2025-06-19,29.25,0.31,65.01,3.87
2025-06-20,28.77,0.57,67.66,3.12
2025-06-21,28.61,0.1,69.86,3.1
2025-06-22,28.99,3.39,67.92,3.5
2025-06-23,28.65,0.25,59.6,4.74
2025-06-24,29.01,0.31,62.64,4.19
2025-06-25,28.87,1.87,65.14,3.76
2025-06-26,28.94,0.22,63.93,3.85
2025-06-27,28.89,0.69,61.72,4.14
2025-06-28,29.02,0.38,62.81,3.78
2025-06-29,29.16,0.01,60.81,4.02
2025-06-30,28.66,0.04,66.41,3.38
2025-07-01,28.47,0.13,67.39,3.2
2025-07-02,29.01,0.41,61.05,4.49
2025-07-03,28.39,0.07,60.56,4.36
2025-07-04,28.0,0.12,63.09,3.58
2025-07-05,28.59,0.12,64.62,3.89
2025-07-06,29.16,0.13,63.03,4.56
2025-07-07,29.27,0.12,64.04,4.26
2025-07-08,29.66,0.07,62.57,4.06
2025-07-09,30.07,0.06,61.53,4.45
2025-07-10,29.97,0.44,61.62,3.88
2025-07-11,29.52,1.55,63.78,4.02
2025-07-12,29.16,1.87,65.77,4.12
2025-07-13,28.41,0.3,66.53,3.68
2025-07-14,28.82,0.08,59.17,4.7
2025-07-15,28.95,0.15,61.11,4.14
2025-07-16,29.12,4.79,63.3,3.98
2025-07-17,28.4,0.23,65.7,4.13
2025-07-18,28.58,0.52,66.81,3.42
2025-07-19,27.38,1.78,69.26,5.33
2025-07-20,27.45,0.4,64.83,4.65
2025-07-21,28.38,0.51,60.78,3.83
2025-07-22,29.37,0.41,61.52,3.85
2025-07-23,29.02,0.5,62.42,4.77
2025-07-24,28.89,0.91,57.32,5.54
2025-07-25,28.22,0.35,58.33,5.22
2025-07-26,28.08,1.16,62.87,4.73
2025-07-27,28.62,0.32,61.86,4.57
2025-07-28,29.38,0.01,56.64,4.68
2025-07-29,29.85,0.0,56.47,5.23
2025-07-30,30.29,0.03,56.94,5.08
2025-07-31,30.13,1.18,59.74,4.29
2025-08-01,29.67,1.4,61.79,2.86
2025-08-02,26.77,4.44,78.27,2.49
2025-08-03,27.12,2.52,76.94,1.91
2025-08-04,28.38,4.09,71.31,1.72
2025-08-05,27.1,7.81,79.1,2.44
2025-08-06,27.73,5.14,71.19,3.15
2025-08-07,28.76,0.72,67.86,2.7
2025-08-08,28.11,2.0,71.14,1.65
2025-08-09,27.21,1.26,76.88,1.18
2025-08-10,26.84,15.52,78.82,1.41
2025-08-11,28.18,0.21,64.68,2.99
2025-08-12,28.16,0.27,62.12,3.08
2025-08-13,27.5,0.32,61.09,3.84
2025-08-14,27.71,0.25,62.29,3.83
2025-08-15,27.88,1.08,63.31,4.67
2025-08-16,27.63,0.78,67.54,4.16
2025-08-17,27.81,1.32,67.54,4.2
2025-08-18,27.76,0.22,66.36,4.2
2025-08-19,28.69,0.05,62.07,4.32
2025-08-20,27.75,0.02,63.8,2.74
2025-08-21,29.81,1.0,60.01,1.59
2025-08-22,29.13,1.37,65.99,1.15
2025-08-23,28.7,2.91,66.82,1.64
2025-08-24,29.0,5.63,66.82,1.87
2025-08-25,29.29,1.0,64.17,1.99
2025-08-26,30.15,0.06,59.25,3.36
2025-08-27,28.78,0.47,63.94,3.81
2025-08-28,27.79,1.37,69.52,3.82
2025-08-29,28.7,0.48,61.25,3.79
2025-08-30,29.2,1.9,63.64,3.44
2025-08-31,28.55,3.24,69.17,2.95
2025-09-01,28.86,0.15,64.36,3.99
2025-09-02,29.36,0.05,60.75,4.34
2025-09-03,28.65,0.3,63.91,3.69
2025-09-04,29.32,0.21,62.3,3.41
2025-09-05,29.66,1.74,63.16,2.9
2025-09-06,30.1,1.39,63.3,2.61
2025-09-07,27.38,3.49,74.85,2.27
2025-09-08,29.11,2.53,66.9,1.64
2025-09-09,28.79,11.23,71.96,1.17
2025-09-10,28.2,29.68,77.17,1.25
2025-09-11,27.97,9.89,75.06,0.86
2025-09-12,27.24,3.62,77.91,0.9
2025-09-13,28.31,0.07,67.27,1.76
2025-09-14,29.05,0.69,63.81,1.4
2025-09-15,29.12,2.75,65.54,2.13
2025-09-16,28.32,7.04,74.29,0.98
2025-09-17,27.44,13.38,78.57,1.56
2025-09-18,27.4,6.63,79.05,1.47
2025-09-19,27.1,3.55,72.06,1.88
2025-09-20,27.93,0.46,65.6,1.96
2025-09-21,28.58,1.48,68.31,2.01
2025-09-22,28.18,0.62,72.14,2.27
2025-09-23,28.62,0.15,68.99,2.83
2025-09-24,28.91,0.3,66.91,3.05
2025-09-25,28.15,10.57,69.18,2.63
2025-09-26,27.63,0.44,67.41,3.27
2025-09-27,27.58,0.36,64.07,3.92
2025-09-28,27.25,0.14,67.11,3.3
2025-09-29,28.16,0.26,68.53,3.09
2025-09-30,27.68,0.0,69.67,2.8
2025-10-01,29.13,0.0,64.17,2.88
2025-10-02,28.99,0.63,66.95,1.78
2025-10-03,27.28,5.25,75.23,1.17
2025-10-04,28.23,0.66,68.86,1.4
2025-10-05,28.12,8.95,69.93,1.47
2025-10-06,27.53,1.79,74.28,1.46
2025-10-07,27.63,0.99,72.1,0.84
2025-10-08,28.38,0.48,68.18,1.55
2025-10-09,27.43,8.47,77.47,1.52
2025-10-10,27.17,4.55,79.46,1.27
2025-10-11,28.48,4.36,73.01,1.55
2025-10-12,27.45,5.9,79.36,1.94
2025-10-13,27.94,2.34,74.66,1.94
2025-10-14,27.04,7.16,79.22,2.35
2025-10-15,26.34,5.14,83.68,1.79
2025-10-16,25.82,6.1,87.68,2.27
2025-10-17,25.99,12.02,90.02,2.73
2025-10-18,26.03,11.79,86.73,2.59
2025-10-19,25.65,8.98,87.53,2.53
2025-10-20,25.11,12.34,89.47,1.67
2025-10-21,25.19,17.68,88.11,1.2
2025-10-22,25.19,31.54,89.69,1.96
2025-10-23,26.36,1.22,82.67,1.11
2025-10-24,26.12,11.15,85.14,1.05
2025-10-25,26.99,3.03,77.82,0.72
2025-10-26,26.91,0.04,80.17,0.43
2025-10-27,25.83,1.79,83.94,2.09
2025-10-28,26.18,0.45,81.56,2.48
2025-10-29,26.79,0.19,79.45,1.97
2025-10-30,27.49,0.01,74.99,0.95
2025-10-31,27.48,0.0,75.0,1.08
2025-11-01,27.35,0.0,73.94,0.6
2025-11-02,27.73,0.0,72.67,1.06
2025-11-03,27.92,0.0,71.94,1.29
2025-11-04,27.76,0.0,73.65,1.46
2025-11-05,26.93,0.57,77.64,0.62
2025-11-06,26.71,6.73,78.34,1.11
2025-11-07,26.4,0.06,78.77,0.75
2025-11-08,25.8,5.31,81.78,1.09
2025-11-09,25.34,1.11,73.36,1.24
2025-11-10,25.44,0.09,77.36,1.08
2025-11-11,25.98,1.8,80.2,1.5
2025-11-12,26.07,0.46,79.52,1.96
2025-11-13,25.78,0.36,80.78,2.22
2025-11-14,25.17,0.69,79.32,2.54
2025-11-15,24.54,0.02,72.39,1.94
2025-11-16,25.01,0.23,80.77,2.44
2025-11-17,23.94,1.29,83.0,2.43
2025-11-18,23.93,8.69,86.91,2.22
2025-11-19,25.26,1.11,81.58,2.49
2025-11-20,25.46,0.06,75.71,2.2
2025-11-21,25.94,6.66,82.19,2.06
2025-11-22,24.92,6.22,89.71,2.16
2025-11-23,24.74,35.04,91.69,2.18
2025-11-24,24.06,15.83,93.03,2.12
2025-11-25,23.93,0.53,86.95,2.55
2025-11-26,23.16,0.02,86.36,2.46
2025-11-27,23.01,0.08,83.23,2.56
2025-11-28,21.99,4.79,84.9,2.47
2025-11-29,21.72,29.67,88.71,3.04
2025-11-30,22.93,2.72,88.11,2.78
2025-12-01,25.39,2.31,81.42,1.52
2025-12-02,24.58,12.31,86.43,1.17
2025-12-03,24.47,6.97,86.23,1.24
2025-12-04,24.72,4.15,84.11,0.99
2025-12-05,24.43,3.68,89.81,2.72
2025-12-06,24.2,1.66,87.72,2.35
2025-12-07,23.62,0.63,86.86,2.09
2025-12-08,22.91,0.04,84.63,1.91
2025-12-09,22.68,0.06,87.46,2.21
2025-12-10,23.02,0.05,82.2,2.28
2025-12-11,22.55,0.0,82.51,2.21
2025-12-12,22.78,0.01,82.72,2.23
2025-12-13,21.51,0.0,78.92,1.96
2025-12-14,20.54,0.0,77.3,1.79
2025-12-15,20.83,0.0,79.4,1.74
2025-12-16,23.4,3.42,86.87,2.5
2025-12-17,24.56,2.5,84.52,2.95
2025-12-18,21.27,0.01,83.36,2.21
2025-12-19,21.2,0.0,80.64,1.9
2025-12-20,20.82,0.0,78.35,1.63
2025-12-21,21.37,0.0,78.9,1.77
2025-12-22,21.43,0.0,78.11,1.88
2025-12-23,22.18,0.0,79.03,1.77
2025-12-24,22.18,0.0,76.9,1.66
2025-12-25,21.98,0.0,76.28,1.59
2025-12-26,23.23,0.0,79.83,2.28
2025-12-27,22.82,0.0,76.38,1.94
2025-12-28,23.16,0.0,78.15,1.81
2025-12-29,23.68,0.0,79.51,1.96
2025-12-30,23.99,0.0,76.6,1.29
2025-12-31,25.33,1.15,80.24,1.18
