Date,Temperature,Rainfall,Humidity,WindSpeed
2005-01-01,26.31,0.08,79.7,4.55
2005-01-02,26.84,0.0,77.01,4.9
2005-01-03,26.74,0.0,74.8,5.08
2005-01-04,27.1,0.0,72.84,5.62
2005-01-05,26.86,0.0,76.65,5.48
2005-01-06,26.73,0.0,70.57,5.33
2005-01-07,26.78,0.0,74.25,5.4
2005-01-08,26.97,0.0,73.21,5.12
2005-01-09,26.1,0.0,73.19,5.4
2005-01-10,26.71,0.0,67.42,3.48
2005-01-11,26.97,0.0,64.98,2.44
2005-01-12,27.15,0.0,60.33,3.69
2005-01-13,26.78,0.0,69.19,4.59
2005-01-14,26.65,0.0,66.95,5.8
2005-01-15,26.78,0.0,67.39,5.47
2005-01-16,26.72,0.0,69.24,4.51
2005-01-17,27.3,0.0,70.09,2.97
2005-01-18,27.86,0.17,71.22,2.03
2005-01-19,28.01,0.9,77.37,2.43
2005-01-20,28.1,0.01,76.43,5.95
2005-01-21,27.41,0.1,79.8,7.64
2005-01-22,27.26,0.17,80.01,6.65
2005-01-23,27.19,0.14,79.45,5.98
2005-01-24,27.3,0.32,80.2,5.05
2005-01-25,27.54,0.04,77.77,5.3
2005-01-26,27.39,0.0,75.01,4.48
2005-01-27,26.95,0.06,74.23,2.67
2005-01-28,26.62,0.05,75.27,1.65
2005-01-29,27.43,0.05,75.36,3.01
2005-01-30,27.4,0.59,75.07,3.81
2005-01-31,27.23,0.34,77.31,2.73
2005-02-01,27.37,0.19,75.8,1.94
2005-02-02,27.58,0.22,76.67,3.32
2005-02-03,28.01,0.0,73.4,4.34
2005-02-04,28.01,0.0,71.82,5.4
2005-02-05,27.98,0.0,71.11,5.0
2005-02-06,28.18,0.0,68.88,4.88
2005-02-07,27.79,0.0,67.64,5.56
2005-02-08,27.98,0.0,71.83,6.54
2005-02-09,27.68,0.03,70.64,7.7
2005-02-10,27.82,0.0,68.68,7.18
2005-02-11,27.82,0.0,66.26,6.68
2005-02-12,27.43,0.0,67.98,6.73
2005-02-13,27.44,0.0,70.64,5.69
2005-02-14,27.24,0.0,71.34,4.88
2005-02-15,27.27,0.0,70.22,2.52
2005-02-16,27.51,0.0,67.24,1.92
2005-02-17,27.48,0.0,70.2,2.05
2005-02-18,27.76,0.0,70.54,2.47
2005-02-19,27.87,0.0,67.29,3.06
2005-02-20,27.86,0.0,71.22,3.15
2005-02-21,28.09,0.17,70.63,2.84
2005-02-22,28.01,1.04,77.34,3.0
2005-02-23,28.71,0.01,77.12,3.23
2005-02-24,29.05,0.0,74.03,3.81
2005-02-25,28.73,0.0,71.91,4.02
2005-02-26,28.52,0.0,68.98,4.34
2005-02-27,28.42,0.0,66.7,4.7
2005-02-28,28.37,0.0,68.16,3.75
2005-03-01,28.1,0.0,69.68,4.19
2005-03-02,28.39,0.0,72.84,3.75
2005-03-03,28.25,0.0,70.43,3.77
2005-03-04,28.47,0.04,72.97,3.05
2005-03-05,28.42,4.47,77.62,3.09
2005-03-06,28.07,5.08,81.54,3.34
2005-03-07,28.05,0.63,79.31,3.86
2005-03-08,28.64,0.01,74.68,3.86
2005-03-09,28.7,0.08,75.33,4.09
2005-03-10,28.87,0.26,74.0,2.16
2005-03-11,28.32,3.11,76.44,2.02
2005-03-12,28.39,3.03,74.56,2.12
2005-03-13,29.06,0.07,72.93,2.34
2005-03-14,29.36,0.09,71.58,2.82
2005-03-15,29.02,0.0,70.15,3.91
2005-03-16,28.94,0.0,66.2,3.92
2005-03-17,28.58,0.0,64.39,4.7
2005-03-18,28.56,0.02,71.29,4.08
2005-03-19,29.3,0.26,72.71,3.38
2005-03-20,29.36,0.07,72.41,2.81
2005-03-21,29.28,0.03,69.89,2.26
2005-03-22,29.31,0.0,73.09,2.74
2005-03-23,29.64,0.0,72.63,4.23
2005-03-24,29.52,0.05,74.18,4.42
2005-03-25,29.81,0.14,70.17,4.44
2005-03-26,29.97,0.0,68.94,4.52
2005-03-27,29.89,0.0,70.75,3.42
2005-03-28,29.12,0.75,75.89,3.11
2005-03-29,29.13,0.01,76.52,4.96
2005-03-30,28.9,2.38,80.05,4.49
2005-03-31,28.71,0.88,76.46,4.96
2005-04-01,29.83,0.09,71.38,4.53
2005-04-02,29.78,8.87,74.07,2.55
2005-04-03,27.96,19.13,83.59,2.24
2005-04-04,27.62,96.15,82.98,2.73
2005-04-05,26.66,36.71,86.8,4.22
2005-04-06,27.32,11.19,85.99,2.95
2005-04-07,27.98,12.7,83.24,3.78
2005-04-08,28.13,0.33,83.34,4.23
2005-04-09,28.3,0.18,83.23,3.64
2005-04-10,28.17,2.53,85.19,3.59
2005-04-11,28.01,11.48,86.7,3.88
2005-04-12,27.77,2.52,86.07,3.6
2005-04-13,27.81,2.28,83.63,3.01
2005-04-14,28.15,0.66,79.25,2.42
2005-04-15,28.38,1.63,78.34,1.5
2005-04-16,28.72,8.47,76.29,1.74
2005-04-17,28.44,15.68,80.71,2.46
2005-04-18,28.66,8.31,81.64,2.35
2005-04-19,28.37,15.94,82.98,1.45
2005-04-20,27.8,15.71,86.05,3.09
2005-04-21,28.01,3.24,78.5,3.6
2005-04-22,28.16,0.63,79.75,1.95
2005-04-23,28.45,0.9,78.27,1.57
2005-04-24,28.22,0.78,82.2,2.09
2005-04-25,28.87,6.26,79.92,1.91
2005-04-26,29.37,4.02,79.04,2.1
2005-04-27,29.14,0.01,80.83,2.74
2005-04-28,29.36,0.01,80.35,2.85
2005-04-29,29.6,0.01,82.33,2.92
2005-04-30,29.47,0.33,82.28,3.29
2005-05-01,29.72,0.25,78.22,3.14
2005-05-02,28.76,31.19,83.77,3.04
2005-05-03,28.91,6.62,80.69,3.72
2005-05-04,28.76,0.08,79.46,3.81
2005-05-05,28.92,0.03,76.73,3.84
2005-05-06,29.07,0.01,77.69,4.42
2005-05-07,29.25,0.01,76.8,3.92
2005-05-08,29.54,0.02,77.51,4.47
2005-05-09,29.51,0.01,75.74,5.37
2005-05-10,29.26,0.02,76.86,5.38
2005-05-11,29.11,0.01,79.19,4.4
2005-05-12,29.09,0.02,77.94,3.85
2005-05-13,29.22,0.02,78.06,3.59
2005-05-14,28.71,0.05,83.0,3.52
2005-05-15,28.86,0.05,83.42,4.37
2005-05-16,29.19,0.01,82.89,4.34
2005-05-17,29.43,0.05,79.87,4.58
2005-05-18,29.63,0.02,75.17,4.81
2005-05-19,29.61,0.04,77.41,4.31
2005-05-20,29.36,0.06,80.41,4.03
2005-05-21,29.55,0.1,79.47,4.27
2005-05-22,29.59,1.91,79.66,4.8
2005-05-23,29.41,1.21,80.97,4.84
2005-05-24,29.46,0.16,78.55,5.24
2005-05-25,29.34,0.62,78.67,4.33
2005-05-26,28.98,18.09,84.89,4.49
2005-05-27,28.78,13.28,83.63,5.21
2005-05-28,28.84,0.33,79.91,4.8
2005-05-29,28.16,75.57,87.54,5.18
2005-05-30,27.94,29.8,86.61,5.07
2005-05-31,28.49,1.49,82.53,5.81
2005-06-01,28.55,7.19,83.21,5.5
2005-06-02,28.24,0.92,86.07,5.61
2005-06-03,28.14,0.08,86.67,5.28
2005-06-04,27.32,12.09,90.64,4.64
2005-06-05,27.28,15.78,89.35,4.83
2005-06-06,27.79,8.8,84.97,5.29
2005-06-07,28.12,7.48,85.93,5.18
2005-06-08,28.21,9.25,90.54,5.67
2005-06-09,28.01,46.59,90.46,6.52
2005-06-10,27.9,12.59,88.22,5.84
2005-06-11,27.76,3.66,90.04,5.5
2005-06-12,27.5,8.56,91.82,5.07
2005-06-13,27.15,1.92,86.19,6.28
2005-06-14,27.44,2.01,85.37,4.73
2005-06-15,27.26,3.6,87.5,5.59
2005-06-16,27.0,10.03,89.91,6.49
2005-06-17,26.42,20.32,91.21,6.63
2005-06-18,26.15,3.61,91.57,5.31
2005-06-19,26.22,18.44,91.54,5.16
2005-06-20,26.42,14.28,90.48,5.55
2005-06-21,26.55,1.28,90.1,5.48
2005-06-22,26.7,0.76,89.61,4.8
2005-06-23,26.76,0.46,91.06,5.23
2005-06-24,26.87,4.55,91.26,5.73
2005-06-25,26.86,13.44,91.1,5.24
2005-06-26,27.01,7.69,88.63,5.11
2005-06-27,27.25,1.32,88.6,5.37
2005-06-28,27.29,0.06,87.25,5.3
2005-06-29,27.13,0.04,84.55,4.95
2005-06-30,26.88,15.39,87.1,4.88
2005-07-01,26.83,14.28,90.06,4.62
2005-07-02,26.81,1.91,89.85,4.37
2005-07-03,26.66,5.92,91.59,4.33
2005-07-04,26.91,5.5,90.62,5.42
2005-07-05,27.16,4.05,89.33,5.1
2005-07-06,26.82,2.03,90.59,4.98
2005-07-07,26.79,0.13,90.21,5.44
2005-07-08,26.8,4.46,89.46,6.06
2005-07-09,26.56,21.24,91.41,6.37
2005-07-10,25.95,15.59,90.56,6.53
2005-07-11,25.74,3.17,89.6,6.13
2005-07-12,25.72,2.48,91.79,5.57
2005-07-13,25.73,1.05,90.59,5.96
2005-07-14,25.63,1.1,90.3,5.46
2005-07-15,25.38,0.11,91.12,5.99
2005-07-16,25.63,3.37,90.23,5.5
2005-07-17,25.79,6.43,90.73,6.16
2005-07-18,26.14,0.24,90.3,5.8
2005-07-19,26.14,0.68,91.11,5.96
2005-07-20,26.01,0.99,91.43,6.34
2005-07-21,25.94,0.16,91.6,5.14
2005-07-22,26.19,4.85,92.13,4.99
2005-07-23,26.35,4.99,91.69,5.29
2005-07-24,26.51,0.38,90.75,5.95
2005-07-25,26.42,2.27,92.58,5.87
2005-07-26,26.51,10.42,92.01,5.85
2005-07-27,26.43,18.66,92.4,5.55
2005-07-28,26.55,28.08,91.59,5.27
2005-07-29,26.53,17.88,91.85,5.44
2005-07-30,26.25,33.4,89.86,5.77
2005-07-31,26.66,13.28,91.24,6.15
2005-08-01,26.47,12.19,90.82,5.88
2005-08-02,26.3,1.39,91.17,5.14
2005-08-03,26.38,1.16,90.48,4.89
2005-08-04,26.41,0.63,89.75,4.75
2005-08-05,26.55,0.02,88.67,4.72
2005-08-06,26.35,0.01,90.03,4.42
2005-08-07,26.47,0.0,89.28,4.82
2005-08-08,26.61,0.0,88.41,4.62
2005-08-09,26.98,0.01,86.62,4.5
2005-08-10,26.9,0.01,88.95,5.55
2005-08-11,26.89,0.16,89.77,5.95
2005-08-12,26.63,0.19,89.7,5.88
2005-08-13,26.78,1.17,88.44,5.36
2005-08-14,27.01,0.76,87.16,5.29
2005-08-15,27.09,2.62,86.0,6.11
2005-08-16,27.27,0.24,86.42,5.71
2005-08-17,27.31,0.02,85.7,5.25
2005-08-18,26.92,0.01,87.16,5.48
2005-08-19,27.04,0.0,85.03,5.74
2005-08-20,27.29,0.0,82.71,5.25
2005-08-21,27.53,0.04,81.46,5.44
2005-08-22,27.4,0.01,82.07,4.63
2005-08-23,27.27,0.02,81.15,4.09
2005-08-24,27.06,0.01,81.1,4.4
2005-08-25,27.24,0.05,82.77,5.07
2005-08-26,27.33,0.05,83.58,5.01
2005-08-27,27.15,0.17,82.76,5.01
2005-08-28,27.61,0.1,80.19,4.48
2005-08-29,27.29,0.52,84.32,5.63
2005-08-30,27.72,5.98,84.02,5.59
2005-08-31,27.26,12.62,85.6,6.03
2005-09-01,27.08,6.55,85.81,5.83
2005-09-02,26.97,19.17,88.53,5.71
2005-09-03,26.66,12.74,89.15,6.18
2005-09-04,26.35,54.3,90.22,7.27
2005-09-05,25.84,26.3,88.74,7.26
2005-09-06,25.75,1.24,88.96,6.15
2005-09-07,25.51,8.5,89.81,6.24
2005-09-08,25.72,1.27,90.54,6.47
2005-09-09,25.86,0.73,91.75,6.08
2005-09-10,25.56,11.98,93.01,6.16
2005-09-11,25.54,26.31,91.65,5.23
2005-09-12,25.69,8.62,91.81,5.48
2005-09-13,25.8,2.78,92.2,4.81
2005-09-14,25.96,1.08,92.7,4.18
2005-09-15,26.02,0.05,91.51,3.48
2005-09-16,26.18,0.01,89.17,3.59
2005-09-17,26.41,0.0,88.63,4.07
2005-09-18,26.66,0.0,88.31,5.01
2005-09-19,26.4,2.9,89.1,5.75
2005-09-20,26.48,6.77,88.68,5.97
2005-09-21,26.73,1.84,88.3,4.98
2005-09-22,26.97,0.01,86.73,4.61
2005-09-23,27.01,0.0,85.59,4.43
2005-09-24,27.01,0.01,84.09,4.57
2005-09-25,27.0,0.02,85.55,4.63
2005-09-26,27.09,0.0,85.87,5.23
2005-09-27,27.38,0.0,83.84,5.6
2005-09-28,27.37,0.0,82.4,5.28
2005-09-29,27.23,0.02,82.87,5.42
2005-09-30,26.9,0.0,82.26,5.29
2005-10-01,26.91,0.0,80.68,4.62
2005-10-02,26.73,0.01,83.73,4.9
2005-10-03,27.21,0.02,83.19,4.7
2005-10-04,27.6,0.01,82.31,3.96
2005-10-05,27.76,0.11,82.97,3.39
2005-10-06,27.79,0.11,84.58,3.04
2005-10-07,27.43,0.15,86.53,3.31
2005-10-08,26.7,5.17,85.95,3.55
2005-10-09,27.32,1.35,81.72,3.39
2005-10-10,27.19,0.2,84.93,3.79
2005-10-11,26.61,12.99,87.84,3.74
2005-10-12,26.93,63.74,87.38,5.93
2005-10-13,26.88,14.43,87.08,5.83
2005-10-14,27.3,4.36,87.03,5.05
2005-10-15,27.41,3.13,86.98,3.39
2005-10-16,27.46,0.03,84.43,3.07
2005-10-17,27.25,0.07,85.42,3.9
2005-10-18,27.32,1.97,82.35,3.93
2005-10-19,27.15,1.72,81.86,5.01
2005-10-20,26.92,0.42,85.89,5.05
2005-10-21,26.96,7.49,86.82,4.27
2005-10-22,26.64,43.26,90.64,4.69
2005-10-23,26.57,22.42,88.1,5.74
2005-10-24,26.73,20.58,87.44,4.66
2005-10-25,27.04,8.02,87.1,4.55
2005-10-26,26.6,3.4,88.13,4.33
2005-10-27,26.61,0.07,86.15,4.55
2005-10-28,26.73,0.07,85.25,5.06
2005-10-29,27.15,0.17,85.42,5.39
2005-10-30,27.5,0.04,82.91,5.57
2005-10-31,27.34,0.12,83.76,4.54
2005-11-01,26.91,6.82,87.25,5.41
2005-11-02,26.76,4.03,86.06,4.79
2005-11-03,26.62,3.61,83.68,3.27
2005-11-04,26.06,5.47,83.38,2.62
2005-11-05,26.24,3.46,86.65,3.15
2005-11-06,26.42,33.04,85.53,3.69
2005-11-07,27.02,22.97,82.13,2.76
2005-11-08,26.37,24.66,88.35,1.91
2005-11-09,26.54,13.31,86.92,1.99
2005-11-10,26.91,2.73,85.12,1.56
2005-11-11,26.55,8.4,86.29,1.57
2005-11-12,26.28,13.62,88.71,3.73
2005-11-13,25.5,66.99,87.76,2.95
2005-11-14,25.46,30.54,85.07,1.76
2005-11-15,27.08,0.11,74.99,1.29
2005-11-16,26.51,0.02,78.68,4.1
2005-11-17,25.87,0.48,73.61,4.64
2005-11-18,26.0,0.44,74.17,4.06
2005-11-19,26.27,0.29,76.05,3.49
2005-11-20,25.5,0.4,82.16,4.01
2005-11-21,26.49,1.56,83.18,3.53
2005-11-22,26.42,1.83,89.08,5.65
2005-11-23,26.42,32.11,89.49,3.25
2005-11-24,26.95,25.72,83.24,2.65
2005-11-25,26.04,25.76,87.49,3.05
2005-11-26,26.17,12.64,85.53,4.09
2005-11-27,26.73,4.19,83.7,3.69
2005-11-28,26.38,5.19,86.03,5.03
2005-11-29,25.51,3.92,78.02,3.69
2005-11-30,26.24,23.66,81.25,2.61
2005-12-01,26.94,0.65,82.21,3.07
2005-12-02,26.86,12.55,84.04,3.32
2005-12-03,27.18,16.69,86.92,3.57
2005-12-04,27.01,1.36,86.89,2.5
2005-12-05,26.49,3.93,86.71,3.9
2005-12-06,26.69,0.74,85.2,4.36
2005-12-07,26.54,0.0,80.2,4.96
2005-12-08,26.47,0.0,74.24,3.7
2005-12-09,26.61,0.42,75.78,2.41
2005-12-10,26.22,29.79,86.23,3.57
2005-12-11,26.5,24.59,85.18,2.77
2005-12-12,25.95,3.25,88.01,3.01
2005-12-13,26.28,7.62,89.66,3.98
2005-12-14,26.51,2.25,87.08,5.16
2005-12-15,26.15,0.03,84.4,6.06
2005-12-16,25.73,0.0,80.03,5.77
2005-12-17,26.37,0.06,77.77,3.6
2005-12-18,26.91,0.26,79.17,3.39
2005-12-19,27.01,0.91,83.93,3.67
2005-12-20,26.98,0.01,83.32,3.62
2005-12-21,26.95,0.05,84.75,3.61
2005-12-22,26.71,0.32,82.39,4.02
2005-12-23,26.63,0.03,81.21,4.21
2005-12-24,26.87,0.01,77.86,2.3
2005-12-25,26.41,0.02,80.43,4.11
2005-12-26,26.14,0.0,78.7,5.25
2005-12-27,25.53,0.0,74.2,5.36
2005-12-28,25.7,0.0,71.46,4.22
2005-12-29,25.79,0.0,77.28,4.35
2005-12-30,25.58,0.0,77.67,5.11
2005-12-31,25.52,0.0,77.94,5.07
2006-01-01,25.51,0.01,80.5,5.86
2006-01-02,25.55,0.11,79.32,5.39
2006-01-03,25.65,0.0,80.89,5.34
2006-01-04,26.04,0.09,82.82,4.95
2006-01-05,25.9,1.71,86.09,5.18
2006-01-06,25.65,0.35,83.89,6.17
2006-01-07,25.88,0.15,86.75,5.82
2006-01-08,26.04,2.91,88.86,6.29
2006-01-09,26.31,0.53,86.14,5.86
2006-01-10,26.76,0.03,83.25,5.85
2006-01-11,25.99,0.07,81.0,6.2
2006-01-12,26.22,0.58,83.71,6.28
2006-01-13,25.63,1.89,86.26,6.97
2006-01-14,25.81,4.69,88.59,4.31
2006-01-15,26.24,1.03,86.58,4.1
2006-01-16,26.35,14.75,86.8,4.58
2006-01-17,26.49,4.89,84.55,4.62
2006-01-18,26.2,0.0,79.19,4.61
2006-01-19,25.33,0.0,77.18,5.11
2006-01-20,24.91,0.0,76.15,4.81
2006-01-21,24.84,0.0,74.31,4.42
2006-01-22,25.33,0.0,73.3,3.82
2006-01-23,25.66,0.0,68.95,2.84
2006-01-24,26.24,0.0,61.83,2.47
2006-01-25,26.15,0.0,70.58,3.7
2006-01-26,26.08,0.0,71.69,5.27
2006-01-27,26.14,0.01,77.31,5.99
2006-01-28,26.31,0.01,77.18,6.58
2006-01-29,25.88,0.0,71.64,6.6
2006-01-30,25.61,0.0,69.06,5.6
2006-01-31,26.17,0.0,74.75,5.84
2006-02-01,26.35,0.0,72.95,5.91
2006-02-02,26.39,0.0,72.74,5.58
2006-02-03,26.7,0.1,78.66,5.72
2006-02-04,26.73,0.96,82.05,6.63
2006-02-05,26.92,0.17,78.86,6.23
2006-02-06,26.77,0.0,77.16,5.96
2006-02-07,25.99,0.0,71.95,6.17
2006-02-08,26.41,0.0,70.95,6.3
2006-02-09,26.81,0.01,75.57,5.6
2006-02-10,27.13,0.16,77.84,5.4
2006-02-11,26.78,0.0,77.7,6.1
2006-02-12,26.82,0.0,75.33,6.07
2006-02-13,26.82,0.0,70.19,5.58
2006-02-14,26.37,0.0,72.46,4.1
2006-02-15,27.25,0.0,73.23,3.37
2006-02-16,27.24,0.0,73.26,2.98
2006-02-17,27.14,0.0,71.16,2.63
2006-02-18,27.27,0.0,72.61,3.18
2006-02-19,27.1,0.0,74.41,3.54
2006-02-20,27.14,0.0,72.42,3.82
2006-02-21,27.12,0.0,66.99,3.47
2006-02-22,27.01,0.0,66.37,3.42
2006-02-23,27.4,0.0,71.77,3.67
2006-02-24,27.22,0.0,73.34,4.42
2006-02-25,28.06,0.0,74.33,3.76
2006-02-26,27.96,0.0,73.75,3.42
2006-02-27,27.13,0.0,83.19,2.97
2006-02-28,28.27,0.0,78.03,1.89
2006-03-01,28.69,0.0,73.91,1.13
2006-03-02,28.59,0.08,77.04,2.23
2006-03-03,27.52,21.84,85.61,1.72
2006-03-04,26.64,13.41,86.52,2.9
2006-03-05,27.81,2.96,82.03,3.69
2006-03-06,27.73,10.73,82.47,2.93
2006-03-07,28.3,0.94,78.0,2.55
2006-03-08,27.92,0.56,80.52,3.66
2006-03-09,27.88,0.71,81.55,3.74
2006-03-10,28.07,1.31,77.73,2.42
2006-03-11,28.21,1.23,78.64,2.74
2006-03-12,29.32,0.04,72.92,2.27
2006-03-13,28.78,0.02,72.56,1.6
2006-03-14,28.9,0.05,71.57,1.57
2006-03-15,28.71,0.08,71.07,1.92
2006-03-16,28.59,0.01,69.49,1.46
2006-03-17,28.89,0.01,69.63,2.59
2006-03-18,28.98,0.0,71.2,2.71
2006-03-19,28.86,0.0,72.11,4.21
2006-03-20,28.93,0.0,68.59,3.6
2006-03-21,28.83,0.0,65.56,2.43
2006-03-22,29.19,0.01,69.87,2.27
2006-03-23,29.18,0.01,75.97,2.7
2006-03-24,28.97,0.01,76.16,3.31
2006-03-25,28.63,0.01,77.41,4.07
2006-03-26,28.58,2.71,77.54,4.27
2006-03-27,28.65,2.16,75.83,4.58
2006-03-28,28.92,0.0,76.6,3.16
2006-03-29,28.84,0.02,75.89,3.49
2006-03-30,28.16,2.29,79.72,3.21
2006-03-31,28.64,1.58,77.41,2.69
2006-04-01,29.32,0.03,74.2,2.69
2006-04-02,29.44,0.02,72.53,2.94
2006-04-03,29.63,0.0,73.27,3.44
2006-04-04,29.29,0.0,75.24,3.38
2006-04-05,28.9,0.0,77.3,3.62
2006-04-06,29.11,0.0,75.78,4.59
2006-04-07,29.43,0.01,72.7,4.99
2006-04-08,29.05,0.01,76.13,4.54
2006-04-09,28.75,0.03,76.52,4.31
2006-04-10,28.74,1.65,76.46,4.23
2006-04-11,28.68,1.18,77.83,4.3
2006-04-12,29.17,0.02,76.56,4.1
2006-04-13,29.07,0.08,76.8,3.89
2006-04-14,28.59,1.26,78.79,2.86
2006-04-15,28.81,0.57,77.95,2.74
2006-04-16,28.86,1.67,74.8,3.01
2006-04-17,28.47,27.7,78.21,3.98
2006-04-18,28.48,24.2,79.52,4.2
2006-04-19,28.44,0.07,78.39,3.33
2006-04-20,28.47,0.19,76.99,2.62
2006-04-21,28.78,5.88,75.32,1.95
2006-04-22,29.16,5.26,74.4,3.47
2006-04-23,29.35,0.07,74.69,3.79
2006-04-24,28.99,0.01,79.5,3.89
2006-04-25,29.02,0.03,80.19,4.55
2006-04-26,28.9,0.01,76.88,5.27
2006-04-27,28.76,0.0,77.65,4.96
2006-04-28,28.87,0.0,77.91,5.16
2006-04-29,28.95,0.0,77.9,5.12
2006-04-30,28.86,0.0,76.95,5.23
2006-05-01,28.86,0.0,77.46,5.46
2006-05-02,28.98,0.0,78.67,5.06
2006-05-03,28.93,0.04,77.39,5.1
2006-05-04,28.62,0.28,82.9,3.0
2006-05-05,28.32,0.14,85.48,3.02
2006-05-06,28.56,0.09,82.32,3.21
2006-05-07,28.59,0.03,81.13,3.47
2006-05-08,28.69,0.53,80.93,3.24
2006-05-09,28.5,0.35,81.7,3.31
2006-05-10,28.57,2.84,82.67,3.23
2006-05-11,28.88,3.56,81.02,3.8
2006-05-12,29.08,1.29,78.49,4.3
2006-05-13,28.91,0.02,80.11,4.71
2006-05-14,28.89,0.02,82.6,4.63
2006-05-15,28.81,0.01,80.35,4.67
2006-05-16,28.86,0.14,80.72,4.65
2006-05-17,28.47,0.03,80.79,4.98
2006-05-18,28.73,0.51,76.84,5.78
2006-05-19,28.52,0.82,77.62,5.25
2006-05-20,28.23,0.29,80.3,5.75
2006-05-21,28.33,0.22,82.24,5.82
2006-05-22,28.41,0.79,82.27,5.69
2006-05-23,27.5,25.53,85.91,6.43
2006-05-24,27.39,28.47,85.42,6.81
2006-05-25,27.74,7.57,84.58,6.8
2006-05-26,27.17,13.35,85.63,6.16
2006-05-27,27.11,33.1,85.39,5.84
2006-05-28,27.34,9.54,86.07,6.01
2006-05-29,27.32,6.46,85.08,7.04
2006-05-30,27.29,54.55,88.76,7.58
2006-05-31,26.84,24.41,86.81,5.79
2006-06-01,27.25,0.26,85.98,4.43
2006-06-02,27.36,0.02,86.81,4.07
2006-06-03,27.55,0.03,84.86,4.42
2006-06-04,27.57,0.53,84.23,3.66
2006-06-05,26.88,5.95,85.05,3.78
2006-06-06,26.97,2.1,86.29,4.34
2006-06-07,26.9,0.05,85.9,4.46
2006-06-08,27.38,0.03,85.71,4.34
2006-06-09,27.06,0.04,87.21,4.76
2006-06-10,27.16,0.02,86.15,4.9
2006-06-11,27.46,0.0,84.68,4.33
2006-06-12,27.81,0.0,81.63,5.04
2006-06-13,27.95,0.0,81.47,5.34
2006-06-14,28.08,0.22,81.82,5.68
2006-06-15,28.22,0.18,82.21,5.1
2006-06-16,28.22,0.07,82.77,5.24
2006-06-17,27.9,0.1,82.07,5.05
2006-06-18,28.22,0.02,80.31,4.35
2006-06-19,27.73,0.34,83.55,4.87
2006-06-20,27.59,11.28,86.25,5.35
2006-06-21,27.03,56.97,89.4,5.76
2006-06-22,27.12,39.1,89.31,6.44
2006-06-23,27.34,36.55,86.94,7.06
2006-06-24,27.24,11.53,88.49,6.41
2006-06-25,26.98,3.71,87.01,6.25
2006-06-26,27.02,0.19,88.76,4.85
2006-06-27,26.89,0.12,89.72,4.51
2006-06-28,26.69,2.35,91.57,4.34
2006-06-29,26.48,2.7,88.18,5.92
2006-06-30,26.76,2.68,88.24,4.88
2006-07-01,26.78,4.16,88.32,5.76
2006-07-02,26.24,3.59,91.14,5.66
2006-07-03,26.32,24.34,91.38,5.51
2006-07-04,26.32,45.03,91.14,6.25
2006-07-05,26.26,16.88,91.49,5.75
2006-07-06,26.26,8.11,92.82,4.25
2006-07-07,26.57,1.83,90.56,4.84
2006-07-08,26.77,0.04,90.27,5.31
2006-07-09,26.83,0.4,90.2,5.28
2006-07-10,26.96,7.45,90.23,6.15
2006-07-11,26.22,7.74,90.43,6.39
2006-07-12,25.93,12.27,89.88,6.16
2006-07-13,25.98,4.9,90.04,6.73
2006-07-14,26.37,0.37,90.5,5.91
2006-07-15,26.57,0.46,91.33,6.29
2006-07-16,26.68,0.04,89.99,6.35
2006-07-17,26.56,1.28,90.37,6.43
2006-07-18,26.26,0.58,90.84,5.25
2006-07-19,26.23,0.13,90.62,4.52
2006-07-20,26.26,2.04,90.01,4.63
2006-07-21,26.32,0.87,90.76,4.86
2006-07-22,25.88,0.0,90.84,4.39
2006-07-23,26.12,0.0,88.13,4.47
2006-07-24,26.2,0.0,89.77,4.81
2006-07-25,26.28,0.23,88.72,4.47
2006-07-26,26.11,2.87,90.76,4.47
2006-07-27,25.91,5.02,92.46,4.78
2006-07-28,25.93,1.32,87.93,5.5
2006-07-29,25.8,0.14,91.86,4.86
2006-07-30,26.2,0.04,90.43,4.17
2006-07-31,26.27,1.42,90.92,4.51
2006-08-01,26.28,0.46,91.23,4.62
2006-08-02,26.24,0.11,91.05,4.83
2006-08-03,26.22,1.24,91.08,4.94
2006-08-04,26.26,3.72,89.37,3.85
2006-08-05,26.23,2.76,90.94,3.28
2006-08-06,26.5,0.0,88.72,3.38
2006-08-07,26.75,0.01,86.04,3.72
2006-08-08,26.97,0.01,83.1,3.87
2006-08-09,27.11,2.11,83.35,4.7
2006-08-10,26.86,12.88,87.16,5.64
2006-08-11,26.91,9.95,86.92,5.66
2006-08-12,26.52,3.58,87.56,6.05
2006-08-13,26.62,6.97,87.68,6.53
2006-08-14,26.72,21.97,87.83,6.06
2006-08-15,26.61,13.9,88.5,6.08
2006-08-16,26.6,7.69,88.62,6.23
2006-08-17,26.8,1.76,86.64,6.32
2006-08-18,26.75,2.49,83.81,5.5
2006-08-19,26.28,0.2,89.16,5.47
2006-08-20,26.58,0.12,86.66,4.9
2006-08-21,26.13,0.23,90.51,4.36
2006-08-22,26.46,0.08,86.73,3.96
2006-08-23,26.48,0.02,83.23,4.77
2006-08-24,27.05,0.1,81.17,4.53
2006-08-25,26.74,0.13,84.79,3.85
2006-08-26,26.83,0.01,84.02,3.29
2006-08-27,26.75,0.0,83.74,4.43
2006-08-28,26.83,0.11,83.79,5.49
2006-08-29,26.64,1.97,85.16,5.99
2006-08-30,26.98,1.12,84.81,4.81
2006-08-31,27.23,0.01,84.53,4.57
2006-09-01,27.05,0.06,86.73,4.52
2006-09-02,27.14,0.06,85.56,5.08
2006-09-03,26.89,0.04,86.73,4.54
2006-09-04,27.18,0.02,81.64,4.76
2006-09-05,26.7,0.02,85.16,4.95
2006-09-06,27.11,0.14,84.72,3.72
2006-09-07,26.54,2.98,84.63,3.67
2006-09-08,26.35,22.84,85.58,4.36
2006-09-09,26.56,26.94,85.56,5.69
2006-09-10,26.71,13.95,85.78,6.41
2006-09-11,27.04,12.58,83.11,6.56
2006-09-12,26.98,18.39,84.76,6.29
2006-09-13,26.8,6.26,83.7,6.54
2006-09-14,26.57,0.84,84.92,5.19
2006-09-15,26.23,29.06,86.99,5.3
2006-09-16,26.64,38.22,86.6,4.8
2006-09-17,26.86,14.69,83.85,4.67
2006-09-18,26.43,49.63,89.07,4.4
2006-09-19,26.52,21.28,90.32,4.25
2006-09-20,26.42,1.06,90.64,3.91
2006-09-21,26.54,11.58,90.48,3.69
2006-09-22,26.4,0.69,88.93,3.75
2006-09-23,26.34,0.21,89.45,3.56
2006-09-24,26.36,38.13,90.01,4.41
2006-09-25,26.0,74.7,88.75,4.95
2006-09-26,26.39,10.77,87.36,5.48
2006-09-27,26.51,0.13,88.53,5.75
2006-09-28,26.42,0.05,88.7,5.84
2006-09-29,26.62,0.01,84.5,5.19
2006-09-30,26.52,0.0,84.73,5.1
2006-10-01,26.38,0.0,85.92,5.18
2006-10-02,26.61,0.01,86.06,4.81
2006-10-03,26.67,0.1,85.8,4.29
2006-10-04,26.76,2.55,87.57,4.84
2006-10-05,26.76,0.81,87.11,5.06
2006-10-06,26.65,3.37,86.44,5.51
2006-10-07,26.75,94.48,86.82,5.54
2006-10-08,26.63,7.98,87.91,5.47
2006-10-09,26.45,0.23,88.04,4.8
2006-10-10,26.67,0.48,85.99,4.77
2006-10-11,26.95,0.08,84.82,4.27
2006-10-12,27.03,0.28,83.7,4.1
2006-10-13,27.01,0.22,84.14,3.32
2006-10-14,27.09,0.61,81.53,2.42
2006-10-15,27.28,11.85,81.22,1.42
2006-10-16,27.19,22.85,82.22,1.19
2006-10-17,26.97,3.36,82.06,1.43
2006-10-18,27.26,66.47,82.09,1.93
2006-10-19,26.86,73.26,84.1,1.79
2006-10-20,26.46,12.29,88.09,2.46
2006-10-21,27.07,5.06,81.19,2.18
2006-10-22,27.22,6.98,84.94,3.65
2006-10-23,27.02,17.84,83.55,3.47
2006-10-24,26.56,8.39,85.36,4.12
2006-10-25,26.52,3.04,88.07,3.73
2006-10-26,26.72,26.35,85.44,2.17
2006-10-27,25.92,54.22,86.02,2.55
2006-10-28,26.38,72.79,87.87,4.18
2006-10-29,26.63,50.82,85.8,4.11
2006-10-30,26.64,12.51,86.79,3.19
2006-10-31,26.08,0.64,87.48,2.33
2006-11-01,27.3,0.36,78.25,1.24
2006-11-02,26.94,7.83,85.35,2.64
2006-11-03,26.81,14.23,88.49,3.0
2006-11-04,26.3,1.31,88.78,3.95
2006-11-05,27.09,0.29,84.7,3.35
2006-11-06,27.15,22.53,84.85,2.67
2006-11-07,26.6,18.16,85.65,1.9
2006-11-08,26.72,0.13,83.12,1.49
2006-11-09,26.63,6.42,83.75,1.2
2006-11-10,26.81,32.02,86.77,3.24
2006-11-11,26.72,31.8,84.51,3.02
2006-11-12,26.5,5.38,87.97,3.76
2006-11-13,26.24,2.01,87.93,4.23
2006-11-14,26.42,1.55,88.36,4.3
2006-11-15,26.74,1.61,87.28,4.05
2006-11-16,26.51,1.5,87.05,4.82
2006-11-17,26.35,5.17,89.34,3.23
2006-11-18,26.19,14.78,90.98,4.26
2006-11-19,26.88,5.59,83.75,2.17
2006-11-20,26.77,8.11,87.57,3.76
2006-11-21,26.8,45.83,87.97,4.36
2006-11-22,26.24,39.87,86.57,2.73
2006-11-23,26.73,3.21,84.18,4.24
2006-11-24,26.86,25.04,82.77,4.11
2006-11-25,26.81,0.21,85.04,4.29
2006-11-26,27.22,11.31,86.48,3.79
2006-11-27,27.1,9.96,88.17,3.8
2006-11-28,27.31,0.16,84.74,4.35
2006-11-29,26.98,0.01,82.76,5.56
2006-11-30,26.77,0.0,82.62,5.67
2006-12-01,26.52,0.0,81.71,5.83
2006-12-02,26.46,0.01,81.43,5.48
2006-12-03,26.57,0.11,81.81,5.85
2006-12-04,26.6,0.89,82.63,5.99
2006-12-05,26.41,0.28,83.47,6.73
2006-12-06,26.11,0.0,80.85,5.97
2006-12-07,25.99,0.0,79.96,5.81
2006-12-08,25.97,0.01,80.07,6.39
2006-12-09,25.99,0.0,77.61,4.99
2006-12-10,26.67,0.25,79.74,4.34
2006-12-11,26.84,0.95,86.91,3.34
2006-12-12,26.85,2.13,87.59,4.78
2006-12-13,27.08,1.13,83.26,5.96
2006-12-14,26.67,0.0,82.21,6.65
2006-12-15,26.42,0.0,82.55,6.12
2006-12-16,25.83,0.0,81.81,6.92
2006-12-17,25.88,0.0,82.17,6.91
2006-12-18,26.2,0.01,83.48,6.74
2006-12-19,26.24,0.26,84.35,6.49
2006-12-20,25.89,0.44,85.59,6.18
2006-12-21,25.77,0.1,86.05,7.0
2006-12-22,25.78,0.0,85.02,6.62
2006-12-23,25.88,0.01,83.88,6.96
2006-12-24,25.94,0.02,84.52,6.92
2006-12-25,25.71,0.01,83.48,6.64
2006-12-26,25.74,0.0,80.67,6.13
2006-12-27,25.82,0.0,79.0,5.78
2006-12-28,25.73,0.0,77.3,5.95
2006-12-29,25.4,0.0,76.88,6.31
2006-12-30,25.17,0.0,72.29,5.08
2006-12-31,25.27,0.0,70.39,4.58
2007-01-01,25.51,0.01,78.54,4.6
2007-01-02,25.54,0.0,72.47,5.05
2007-01-03,25.43,0.0,71.01,4.84
2007-01-04,25.35,0.0,74.05,4.45
2007-01-05,25.2,0.0,73.39,4.51
2007-01-06,25.36,0.1,74.58,5.77
2007-01-07,25.41,0.0,77.98,5.78
2007-01-08,25.8,0.02,81.57,6.0
2007-01-09,26.4,0.17,82.83,6.9
2007-01-10,26.36,0.01,80.68,6.69
2007-01-11,26.22,0.08,82.54,6.21
2007-01-12,26.55,0.04,80.83,6.36
2007-01-13,26.37,0.0,79.03,6.22
2007-01-14,26.45,0.0,78.73,5.97
2007-01-15,26.9,0.01,78.87,6.01
2007-01-16,26.55,0.0,78.09,5.78
2007-01-17,26.35,0.0,77.05,5.46
2007-01-18,26.24,0.0,76.07,5.87
2007-01-19,26.18,0.0,76.29,5.42
2007-01-20,26.34,0.0,73.31,5.84
2007-01-21,25.95,0.0,75.11,5.36
2007-01-22,26.45,0.0,72.56,5.36
2007-01-23,26.04,0.0,73.67,4.59
2007-01-24,26.03,0.0,74.9,6.11
2007-01-25,26.27,0.0,75.11,5.69
2007-01-26,26.5,0.01,77.79,5.61
2007-01-27,26.72,0.65,81.19,6.45
2007-01-28,26.62,0.63,84.02,6.81
2007-01-29,27.0,0.06,78.72,6.91
2007-01-30,26.82,0.0,77.18,6.96
2007-01-31,26.94,0.0,75.35,6.33
2007-02-01,26.75,0.0,71.93,5.75
2007-02-02,26.62,0.0,73.32,5.86
2007-02-03,27.02,0.04,74.58,5.05
2007-02-04,26.74,0.0,73.74,4.62
2007-02-05,26.85,0.0,73.0,3.54
2007-02-06,26.51,0.0,70.9,4.01
2007-02-07,26.35,0.0,69.33,4.61
2007-02-08,26.73,0.0,69.78,4.82
2007-02-09,26.73,0.0,72.92,5.59
2007-02-10,27.23,0.0,76.52,4.94
2007-02-11,27.3,0.0,76.65,3.74
2007-02-12,27.41,0.0,76.48,2.93
2007-02-13,27.27,0.0,74.14,2.58
2007-02-14,27.7,0.0,68.39,3.12
2007-02-15,27.31,0.0,69.21,3.85
2007-02-16,27.2,0.0,69.56,3.64
2007-02-17,27.35,0.0,71.4,3.2
2007-02-18,27.56,0.0,69.4,2.16
2007-02-19,27.57,1.59,73.63,4.8
2007-02-20,27.77,0.03,69.85,6.71
2007-02-21,27.29,0.0,66.97,6.64
2007-02-22,26.93,0.0,66.88,6.41
2007-02-23,26.74,0.0,71.13,5.32
2007-02-24,27.07,0.02,75.2,3.86
2007-02-25,27.21,0.44,76.83,2.61
2007-02-26,27.6,0.07,77.55,2.81
2007-02-27,27.44,0.44,78.44,2.67
2007-02-28,27.63,0.0,78.01,3.02
2007-03-01,27.65,0.0,76.71,2.88
2007-03-02,27.95,1.72,79.01,3.49
2007-03-03,28.1,0.03,72.99,2.84
2007-03-04,27.73,0.0,72.69,2.84
2007-03-05,27.8,0.0,70.16,3.12
2007-03-06,27.71,0.0,70.61,3.41
2007-03-07,27.95,0.0,65.27,2.57
2007-03-08,27.97,0.0,64.53,2.39
2007-03-09,28.11,0.0,65.8,3.52
2007-03-10,28.12,0.0,72.24,3.87
2007-03-11,27.95,0.01,73.63,3.62
2007-03-12,27.91,0.0,68.14,3.14
2007-03-13,27.71,0.03,76.35,2.76
2007-03-14,28.69,0.03,73.61,3.77
2007-03-15,28.65,0.03,73.39,3.22
2007-03-16,28.62,0.03,74.44,3.23
2007-03-17,28.84,0.07,74.0,2.85
2007-03-18,28.87,0.0,71.25,3.68
2007-03-19,28.52,0.0,66.1,2.36
2007-03-20,28.64,0.0,66.25,2.17
2007-03-21,29.02,0.0,70.83,2.83
2007-03-22,28.63,0.0,74.71,3.32
2007-03-23,28.84,0.0,68.84,2.47
2007-03-24,29.09,0.0,70.85,2.53
2007-03-25,29.41,0.0,73.94,3.29
2007-03-26,29.29,0.0,74.45,3.96
2007-03-27,29.54,0.0,69.62,2.63
2007-03-28,29.33,0.0,69.12,2.15
2007-03-29,29.3,0.0,70.25,2.23
2007-03-30,29.13,0.0,67.31,2.34
2007-03-31,29.21,0.0,67.07,2.44
2007-04-01,29.14,0.4,70.84,2.31
2007-04-02,29.28,0.17,74.68,3.17
2007-04-03,29.75,0.0,74.58,3.36
2007-04-04,29.94,0.08,72.1,2.69
2007-04-05,29.6,0.22,72.92,3.23
2007-04-06,28.99,3.0,78.21,4.15
2007-04-07,28.11,13.29,78.31,1.99
2007-04-08,27.74,14.07,81.02,1.93
2007-04-09,27.93,16.68,80.44,2.24
2007-04-10,29.09,10.57,74.19,1.86
2007-04-11,28.08,18.2,82.85,2.38
2007-04-12,28.99,7.69,78.7,2.99
2007-04-13,29.35,0.2,77.48,2.24
2007-04-14,29.16,12.44,77.05,1.96
2007-04-15,29.45,6.59,73.05,1.69
2007-04-16,29.62,0.02,71.12,1.86
2007-04-17,29.58,0.0,70.99,2.68
2007-04-18,29.57,0.01,73.07,3.33
2007-04-19,29.48,0.0,73.99,2.7
2007-04-20,29.32,0.0,74.82,2.91
2007-04-21,29.26,6.11,75.49,3.14
2007-04-22,28.64,4.42,80.27,3.45
2007-04-23,28.69,0.1,80.97,4.0
2007-04-24,28.74,0.04,75.91,3.93
2007-04-25,29.18,0.31,77.31,2.82
2007-04-26,28.83,0.32,80.82,3.06
2007-04-27,28.55,14.43,82.14,2.08
2007-04-28,28.59,7.4,82.28,2.3
2007-04-29,28.79,1.38,81.3,2.88
2007-04-30,29.05,0.35,79.62,3.21
2007-05-01,29.46,0.05,80.03,4.01
2007-05-02,29.77,0.42,78.85,5.25
2007-05-03,29.29,0.64,81.0,6.54
2007-05-04,29.47,0.17,79.0,6.01
2007-05-05,28.97,10.53,81.45,5.54
2007-05-06,28.56,4.15,83.57,4.36
2007-05-07,28.63,0.04,81.83,4.35
2007-05-08,28.85,6.6,83.03,4.51
2007-05-09,28.17,6.74,86.01,5.52
2007-05-10,28.52,1.23,83.84,5.6
2007-05-11,29.12,0.13,82.83,6.23
2007-05-12,29.49,0.02,75.58,6.2
2007-05-13,29.19,0.03,76.16,6.01
2007-05-14,29.09,0.03,77.2,6.17
2007-05-15,29.16,0.0,76.18,5.8
2007-05-16,29.16,0.0,76.54,5.35
2007-05-17,28.71,0.0,74.56,4.82
2007-05-18,29.0,0.0,74.83,3.79
2007-05-19,28.89,0.01,76.22,3.58
2007-05-20,28.93,0.0,80.41,4.69
2007-05-21,28.93,0.01,80.8,4.68
2007-05-22,28.53,0.01,82.71,3.8
2007-05-23,28.61,0.01,82.64,3.15
2007-05-24,28.76,0.01,81.43,4.0
2007-05-25,28.43,0.0,82.85,3.46
2007-05-26,28.42,7.63,83.03,4.34
2007-05-27,28.16,26.92,82.62,5.69
2007-05-28,27.44,28.12,82.72,6.1
2007-05-29,27.8,2.48,80.53,5.24
2007-05-30,27.79,10.84,81.32,5.5
2007-05-31,28.31,5.13,78.31,5.04
2007-06-01,28.18,0.0,81.54,4.28
2007-06-02,28.44,0.0,83.52,4.81
2007-06-03,28.84,0.0,79.7,4.8
2007-06-04,28.5,0.0,83.3,4.02
2007-06-05,28.48,0.02,84.46,3.54
2007-06-06,28.43,0.06,84.98,4.65
2007-06-07,28.29,6.74,84.48,4.83
2007-06-08,27.85,6.44,85.04,4.97
2007-06-09,27.77,3.19,83.38,5.21
2007-06-10,28.37,3.68,82.56,5.98
2007-06-11,28.22,1.64,81.47,6.93
2007-06-12,28.66,2.19,79.44,6.36
2007-06-13,28.5,2.59,79.39,7.02
2007-06-14,28.4,3.55,78.22,6.89
2007-06-15,27.48,8.21,84.23,5.97
2007-06-16,27.36,1.29,83.45,6.7
2007-06-17,27.13,27.44,86.63,6.04
2007-06-18,26.72,12.96,86.72,6.43
2007-06-19,26.82,5.95,86.12,6.55
2007-06-20,26.5,7.75,86.94,6.74
2007-06-21,26.69,30.82,89.13,7.61
2007-06-22,26.62,30.01,89.0,7.36
2007-06-23,26.77,17.7,90.12,4.51
2007-06-24,26.35,2.51,90.17,2.58
2007-06-25,26.76,0.04,88.49,3.87
2007-06-26,26.62,0.02,90.33,4.18
2007-06-27,26.83,0.02,90.09,5.02
2007-06-28,26.81,1.1,92.24,4.77
2007-06-29,27.14,3.91,92.14,4.07
2007-06-30,26.8,3.88,87.12,5.36
2007-07-01,27.01,8.67,89.81,4.42
2007-07-02,26.94,14.76,92.86,4.18
2007-07-03,27.08,6.01,87.92,5.37
2007-07-04,26.65,1.3,88.75,4.74
2007-07-05,26.57,1.0,90.6,4.74
2007-07-06,26.75,3.81,85.34,5.66
2007-07-07,26.44,4.24,89.54,4.96
2007-07-08,26.65,3.5,90.94,4.59
2007-07-09,26.59,4.66,91.4,4.21
2007-07-10,26.61,4.41,91.27,4.8
2007-07-11,26.74,5.13,91.92,4.79
2007-07-12,27.02,7.46,90.88,5.12
2007-07-13,27.04,2.82,90.47,5.06
2007-07-14,26.97,1.33,91.64,5.34
2007-07-15,26.97,2.1,92.09,5.12
2007-07-16,26.59,21.31,87.66,6.58
2007-07-17,26.37,15.27,87.9,6.82
2007-07-18,26.37,2.52,88.73,5.8
2007-07-19,26.14,19.21,88.83,6.42
2007-07-20,25.84,14.8,88.45,6.04
2007-07-21,25.81,4.51,89.06,5.61
2007-07-22,25.6,0.24,89.04,6.08
2007-07-23,25.13,0.09,91.62,4.19
2007-07-24,25.12,7.99,92.22,4.26
2007-07-25,25.2,16.42,91.3,4.44
2007-07-26,25.44,1.99,91.63,4.63
2007-07-27,25.55,1.53,92.32,4.24
2007-07-28,25.87,1.35,90.77,4.69
2007-07-29,25.89,0.23,91.61,4.26
2007-07-30,26.0,0.03,90.12,4.25
2007-07-31,26.19,2.21,87.8,4.42
2007-08-01,26.1,13.25,89.93,4.81
2007-08-02,26.21,7.41,90.82,4.59
2007-08-03,26.21,2.62,90.16,3.78
2007-08-04,26.27,0.25,91.86,4.02
2007-08-05,26.68,6.18,89.18,4.52
2007-08-06,26.68,3.08,88.95,4.37
2007-08-07,26.58,0.05,90.17,4.66
2007-08-08,26.63,3.71,89.09,5.17
2007-08-09,26.69,8.06,88.27,5.53
2007-08-10,26.24,8.66,88.56,6.05
2007-08-11,25.97,1.33,89.02,5.22
2007-08-12,25.96,0.1,87.95,4.86
2007-08-13,26.24,0.07,87.41,4.62
2007-08-14,26.27,0.0,90.11,4.42
2007-08-15,26.37,0.0,88.47,4.34
2007-08-16,26.36,0.0,90.33,4.43
2007-08-17,26.6,0.01,89.82,4.21
2007-08-18,26.57,0.3,90.63,4.42
2007-08-19,26.83,0.1,88.45,4.95
2007-08-20,26.67,0.1,88.01,4.83
2007-08-21,26.26,0.21,89.22,6.05
2007-08-22,26.27,0.06,86.92,5.22
2007-08-23,26.35,0.05,87.21,5.04
2007-08-24,26.72,0.09,83.43,4.62
2007-08-25,26.31,3.19,87.9,4.77
2007-08-26,26.44,2.46,86.23,4.89
2007-08-27,26.62,0.01,83.81,4.49
2007-08-28,26.76,13.89,88.1,4.66
2007-08-29,26.67,11.08,87.71,5.4
2007-08-30,26.38,2.65,85.91,5.4
2007-08-31,26.47,5.35,83.77,6.21
2007-09-01,26.84,1.4,82.1,5.42
2007-09-02,26.38,3.46,86.76,5.64
2007-09-03,26.56,1.12,85.13,4.12
2007-09-04,26.93,8.11,84.11,4.03
2007-09-05,26.54,10.57,87.18,6.44
2007-09-06,27.11,6.04,83.07,5.82
2007-09-07,27.04,1.35,84.48,5.04
2007-09-08,26.94,2.73,87.78,4.49
2007-09-09,26.52,5.33,87.39,4.72
2007-09-10,26.28,3.2,88.28,4.0
2007-09-11,26.57,5.05,87.11,3.28
2007-09-12,26.72,5.23,87.34,4.36
2007-09-13,26.71,14.84,89.48,4.7
2007-09-14,26.78,13.43,85.95,5.73
2007-09-15,26.51,13.23,87.35,5.67
2007-09-16,26.85,22.37,87.2,6.43
2007-09-17,26.65,7.16,87.47,6.23
2007-09-18,26.84,3.27,85.19,6.26
2007-09-19,27.03,2.95,88.82,5.78
2007-09-20,26.94,6.96,87.81,6.17
2007-09-21,27.06,7.5,89.69,6.07
2007-09-22,26.82,9.55,91.34,6.09
2007-09-23,26.84,7.91,87.96,6.16
2007-09-24,27.2,3.67,86.08,5.4
2007-09-25,27.14,2.48,86.39,5.44
2007-09-26,27.09,0.2,85.29,4.34
2007-09-27,27.14,0.61,87.21,4.58
2007-09-28,26.87,0.97,85.35,4.64
2007-09-29,27.18,0.05,86.4,5.15
2007-09-30,27.28,0.01,85.27,5.12
2007-10-01,27.01,1.2,84.1,5.41
2007-10-02,26.97,5.25,85.09,5.52
2007-10-03,27.04,1.83,84.64,5.27
2007-10-04,27.13,0.03,83.69,5.63
2007-10-05,26.77,0.11,83.72,5.48
2007-10-06,26.89,1.04,82.9,5.22
2007-10-07,27.22,18.32,80.29,5.48
2007-10-08,27.12,7.76,80.41,5.89
2007-10-09,27.44,0.0,79.33,3.93
2007-10-10,27.34,0.74,79.83,2.97
2007-10-11,27.17,18.21,81.54,3.27
2007-10-12,26.78,1.07,84.46,3.69
2007-10-13,26.91,3.38,85.48,3.69
2007-10-14,26.76,3.06,86.05,3.73
2007-10-15,26.95,0.22,84.32,3.05
2007-10-16,26.49,8.84,86.6,2.46
2007-10-17,26.17,6.16,85.64,1.96
2007-10-18,25.6,6.95,86.87,2.61
2007-10-19,25.98,60.09,84.46,2.76
2007-10-20,26.7,30.15,80.06,5.63
2007-10-21,26.72,0.72,81.12,4.13
2007-10-22,26.56,1.5,84.52,4.41
2007-10-23,26.16,1.39,86.82,3.78
2007-10-24,26.18,9.56,86.74,2.91
2007-10-25,26.39,6.25,85.5,1.75
2007-10-26,26.18,1.34,86.47,1.75
2007-10-27,26.32,2.07,83.4,1.97
2007-10-28,27.27,2.63,83.04,4.0
2007-10-29,26.82,6.89,83.8,5.22
2007-10-30,27.48,9.36,83.33,4.8
2007-10-31,27.3,1.11,83.0,3.83
2007-11-01,27.31,0.1,83.45,3.42
2007-11-02,27.36,1.2,82.66,2.3
2007-11-03,26.83,1.25,82.37,2.49
2007-11-04,26.51,0.97,83.44,2.15
2007-11-05,26.65,0.79,81.82,1.39
2007-11-06,26.42,16.95,86.29,3.35
2007-11-07,26.27,18.78,85.17,3.82
2007-11-08,26.53,56.2,86.2,2.3
2007-11-09,25.93,23.08,87.76,2.95
2007-11-10,26.63,0.1,80.15,1.43
2007-11-11,27.41,0.28,77.16,2.53
2007-11-12,27.19,0.86,81.15,3.74
2007-11-13,27.46,0.54,75.91,2.95
2007-11-14,27.59,1.2,70.96,2.33
2007-11-15,26.99,0.0,67.45,3.71
2007-11-16,26.64,0.0,60.98,3.36
2007-11-17,26.19,0.0,70.27,4.01
2007-11-18,26.1,0.0,69.47,3.83
2007-11-19,26.65,0.04,81.57,3.34
2007-11-20,26.64,4.0,87.37,4.47
2007-11-21,27.05,2.66,85.98,5.21
2007-11-22,27.03,1.97,83.84,5.22
2007-11-23,26.89,0.77,83.19,4.59
2007-11-24,26.89,17.51,79.74,4.48
2007-11-25,26.18,5.49,72.63,5.16
2007-11-26,26.2,0.0,71.34,4.33
2007-11-27,27.31,0.01,74.79,2.83
2007-11-28,27.73,0.01,74.98,2.17
2007-11-29,27.22,0.06,80.55,4.38
2007-11-30,26.73,0.05,77.09,6.12
2007-12-01,26.71,0.0,77.36,5.95
2007-12-02,26.98,0.01,78.69,5.77
2007-12-03,26.63,0.01,81.57,6.16
2007-12-04,26.85,0.0,77.77,6.98
2007-12-05,26.71,0.0,79.11,7.43
2007-12-06,26.91,0.0,75.81,7.02
2007-12-07,26.96,0.0,76.42,6.04
2007-12-08,26.91,0.01,79.75,6.18
2007-12-09,27.37,0.02,78.56,5.55
2007-12-10,27.34,0.01,76.88,5.87
2007-12-11,27.2,0.07,74.69,5.74
2007-12-12,26.77,0.49,76.07,4.37
2007-12-13,25.96,1.18,78.73,5.09
2007-12-14,25.95,0.71,86.32,7.53
2007-12-15,26.52,0.61,83.4,7.26
2007-12-16,26.92,0.18,79.13,6.63
2007-12-17,27.14,0.21,78.23,6.25
2007-12-18,25.92,3.27,83.18,5.68
2007-12-19,26.27,2.82,85.33,3.52
2007-12-20,26.75,0.29,85.83,4.54
2007-12-21,26.93,0.35,84.49,5.19
2007-12-22,26.57,0.83,83.3,5.53
2007-12-23,26.47,0.48,78.65,6.81
2007-12-24,26.52,0.0,73.92,4.93
2007-12-25,25.78,0.0,63.52,3.89
2007-12-26,25.81,0.0,68.18,4.15
2007-12-27,26.39,0.0,73.86,3.61
2007-12-28,26.83,0.0,72.47,2.61
2007-12-29,26.87,0.0,72.53,2.93
2007-12-30,26.79,0.06,73.66,4.06
2007-12-31,26.77,0.0,72.98,4.79
2008-01-01,26.65,0.0,70.02,5.53
2008-01-02,26.19,0.01,68.28,5.42
2008-01-03,26.69,0.07,71.74,4.43
2008-01-04,27.06,0.08,77.23,4.63
2008-01-05,27.12,0.0,79.65,6.11
2008-01-06,26.59,0.0,74.86,7.12
2008-01-07,26.34,0.01,73.32,7.13
2008-01-08,26.36,0.01,75.38,6.71
2008-01-09,26.74,0.0,75.85,5.22
2008-01-10,26.88,0.01,76.04,5.19
2008-01-11,26.66,0.03,74.9,6.05
2008-01-12,26.69,0.01,74.82,6.26
2008-01-13,26.62,0.02,74.79,6.62
2008-01-14,26.55,0.0,72.18,6.55
2008-01-15,26.32,0.0,72.57,6.45
2008-01-16,26.6,0.0,71.96,6.28
2008-01-17,26.27,0.0,71.23,6.68
2008-01-18,25.9,0.0,66.88,5.6
2008-01-19,26.12,0.0,66.14,4.41
2008-01-20,26.41,0.01,68.02,4.21
2008-01-21,26.89,0.04,78.93,5.07
2008-01-22,27.38,0.0,75.53,5.38
2008-01-23,27.25,0.0,71.63,5.03
2008-01-24,26.98,0.0,71.0,4.1
2008-01-25,27.05,0.0,68.05,2.24
2008-01-26,27.43,0.0,70.45,1.92
2008-01-27,27.49,0.0,72.51,3.03
2008-01-28,27.57,0.0,70.34,2.67
2008-01-29,27.47,0.0,70.47,2.2
2008-01-30,27.72,0.0,71.88,2.67
2008-01-31,27.77,0.0,73.04,3.53
2008-02-01,27.51,0.0,73.91,3.09
2008-02-02,28.24,0.0,70.63,1.81
2008-02-03,27.94,1.62,69.12,2.41
2008-02-04,27.84,0.0,71.25,2.41
2008-02-05,27.96,0.02,70.9,2.75
2008-02-06,27.75,0.05,73.56,3.36
2008-02-07,26.4,0.39,84.28,2.34
2008-02-08,27.26,3.89,76.62,2.05
2008-02-09,27.47,1.56,77.53,1.59
2008-02-10,27.26,0.01,80.6,2.09
2008-02-11,27.53,0.01,79.08,2.32
2008-02-12,27.94,2.15,75.58,2.61
2008-02-13,28.05,3.43,77.21,3.91
2008-02-14,28.06,2.36,78.25,5.15
2008-02-15,28.33,0.1,73.18,5.79
2008-02-16,28.4,0.03,70.2,5.61
2008-02-17,28.54,0.03,69.17,5.43
2008-02-18,28.34,0.0,66.38,4.99
2008-02-19,27.77,0.0,64.11,4.28
2008-02-20,27.59,0.0,65.75,3.5
2008-02-21,27.97,0.03,73.3,3.66
2008-02-22,28.47,0.0,66.45,5.22
2008-02-23,28.16,0.0,63.21,4.11
2008-02-24,28.01,0.0,61.8,4.29
2008-02-25,27.65,0.0,64.56,3.29
2008-02-26,27.88,0.17,67.1,3.63
2008-02-27,28.66,0.06,65.76,5.07
2008-02-28,27.89,0.47,74.06,6.82
2008-02-29,28.52,0.24,72.27,4.55
2008-03-01,28.21,4.08,74.59,3.04
2008-03-02,28.0,1.6,76.59,3.42
2008-03-03,28.47,0.34,72.77,4.87
2008-03-04,28.0,0.0,64.68,3.49
2008-03-05,28.2,0.02,66.34,3.55
2008-03-06,28.25,1.24,72.04,4.7
2008-03-07,27.97,0.1,67.84,5.28
2008-03-08,27.91,0.0,63.36,4.95
2008-03-09,27.93,0.74,73.44,4.48
2008-03-10,26.88,2.85,79.53,4.0
2008-03-11,27.54,0.81,73.02,3.49
2008-03-12,27.83,0.7,71.71,4.33
2008-03-13,26.83,1.47,86.65,2.6
2008-03-14,26.8,5.1,85.43,2.81
2008-03-15,26.07,23.18,85.83,1.97
2008-03-16,26.46,7.77,83.4,5.06
2008-03-17,26.72,5.78,85.49,4.86
2008-03-18,26.86,20.58,86.33,4.23
2008-03-19,27.06,10.77,86.77,4.59
2008-03-20,27.02,31.12,86.76,4.05
2008-03-21,27.18,36.06,85.82,5.02
2008-03-22,27.36,60.4,86.3,4.07
2008-03-23,27.47,27.87,85.84,4.17
2008-03-24,27.41,1.7,82.07,3.4
2008-03-25,27.25,0.01,81.51,3.83
2008-03-26,27.26,0.0,80.69,3.27
2008-03-27,27.97,0.0,76.98,2.08
2008-03-28,27.96,0.02,80.45,2.47
2008-03-29,27.93,0.06,82.88,3.13
2008-03-30,27.94,1.39,82.86,3.11
2008-03-31,27.87,0.94,81.07,3.77
2008-04-01,28.14,0.05,78.84,3.89
2008-04-02,27.23,0.28,83.12,4.22
2008-04-03,28.0,2.51,80.4,2.46
2008-04-04,28.35,1.71,77.53,1.93
2008-04-05,28.2,1.74,74.53,1.53
2008-04-06,27.97,7.73,76.39,2.51
2008-04-07,28.37,5.43,74.87,3.24
2008-04-08,27.93,28.84,82.38,3.57
2008-04-09,27.67,22.02,81.46,2.83
2008-04-10,27.66,18.49,82.58,3.16
2008-04-11,27.84,7.53,77.53,0.91
2008-04-12,27.35,6.58,82.94,2.24
2008-04-13,26.77,2.87,88.91,4.19
2008-04-14,28.07,0.08,82.27,2.32
2008-04-15,28.0,0.03,81.95,2.6
2008-04-16,27.94,4.09,80.9,2.07
2008-04-17,28.11,5.84,82.7,2.13
2008-04-18,28.34,3.84,83.71,4.16
2008-04-19,28.4,0.05,82.6,4.14
2008-04-20,28.24,0.03,84.95,4.17
2008-04-21,28.41,0.02,84.23,4.4
2008-04-22,28.64,0.01,81.43,4.55
2008-04-23,28.35,0.02,82.3,4.27
2008-04-24,28.6,0.07,79.42,4.54
2008-04-25,28.18,0.55,80.99,3.56
2008-04-26,27.71,1.47,85.03,3.39
2008-04-27,27.42,0.57,87.18,4.47
2008-04-28,28.1,0.4,83.16,6.4
2008-04-29,28.24,0.13,81.81,6.37
2008-04-30,28.26,0.02,83.23,4.74
2008-05-01,28.77,0.02,83.79,4.82
2008-05-02,28.73,0.01,84.23,5.03
2008-05-03,28.77,0.01,82.24,4.77
2008-05-04,28.42,0.01,83.65,4.52
2008-05-05,28.26,0.37,84.8,5.54
2008-05-06,28.32,0.26,82.05,5.66
2008-05-07,28.51,0.01,79.09,5.1
2008-05-08,28.36,0.02,79.57,5.35
2008-05-09,27.85,0.02,81.02,5.53
2008-05-10,28.15,0.04,81.69,5.71
2008-05-11,28.12,0.02,83.47,5.2
2008-05-12,28.26,0.01,83.28,4.77
2008-05-13,28.13,0.01,83.29,4.68
2008-05-14,27.95,0.05,84.64,5.41
2008-05-15,28.24,0.01,81.13,5.7
2008-05-16,28.29,0.0,82.02,5.21
2008-05-17,28.4,0.01,82.39,6.16
2008-05-18,28.39,0.01,82.33,6.0
2008-05-19,28.51,0.02,77.9,5.37
2008-05-20,28.58,0.02,78.66,5.31
2008-05-21,28.71,0.27,78.61,5.11
2008-05-22,28.24,0.17,83.62,4.91
2008-05-23,27.92,0.79,84.62,4.84
2008-05-24,27.92,2.95,82.9,4.08
2008-05-25,28.12,4.83,80.69,4.14
2008-05-26,27.77,3.83,84.53,4.56
2008-05-27,27.74,0.76,82.97,4.33
2008-05-28,28.07,0.09,82.63,4.42
2008-05-29,28.08,18.06,81.87,5.5
2008-05-30,27.57,27.47,84.81,5.58
2008-05-31,27.72,5.94,82.97,6.11
2008-06-01,27.6,1.08,82.9,5.92
2008-06-02,27.54,3.06,83.42,5.38
2008-06-03,27.47,2.98,86.16,5.3
2008-06-04,27.34,0.84,84.41,5.47
2008-06-05,27.44,1.99,83.04,5.68
2008-06-06,27.76,3.88,85.0,5.42
2008-06-07,27.67,0.58,83.58,4.81
2008-06-08,27.24,4.36,83.25,5.95
2008-06-09,26.68,4.77,85.17,5.79
2008-06-10,27.43,1.19,80.72,5.18
2008-06-11,27.76,3.35,85.07,5.32
2008-06-12,27.89,0.01,83.12,4.96
2008-06-13,28.09,0.71,81.45,5.35
2008-06-14,27.46,0.41,85.29,5.15
2008-06-15,27.76,0.02,82.7,5.48
2008-06-16,27.82,3.85,82.4,4.7
2008-06-17,27.56,4.76,86.23,4.65
2008-06-18,27.08,1.71,88.37,4.59
2008-06-19,27.38,0.7,84.65,4.88
2008-06-20,27.54,0.05,85.84,4.68
2008-06-21,27.53,0.31,85.8,5.7
2008-06-22,27.32,0.42,83.83,5.41
2008-06-23,26.77,0.23,84.26,5.43
2008-06-24,27.67,0.2,80.85,5.98
2008-06-25,27.82,0.44,79.87,6.33
2008-06-26,27.81,0.11,79.58,5.69
2008-06-27,27.75,1.03,81.78,5.63
2008-06-28,27.68,5.71,83.14,5.65
2008-06-29,27.16,6.25,84.21,5.26
2008-06-30,27.03,8.72,84.28,5.55
2008-07-01,26.23,10.64,85.15,5.69
2008-07-02,27.34,0.81,78.68,4.35
2008-07-03,27.39,0.05,83.28,4.96
2008-07-04,27.25,0.05,86.51,4.22
2008-07-05,27.12,0.03,87.25,4.5
2008-07-06,27.26,0.03,87.46,5.23
2008-07-07,27.35,0.03,85.52,6.31
2008-07-08,27.51,0.78,81.73,6.7
2008-07-09,27.52,0.75,85.41,5.58
2008-07-10,27.41,1.57,82.8,5.22
2008-07-11,27.43,3.35,79.8,6.14
2008-07-12,27.37,0.55,81.1,5.52
2008-07-13,27.66,0.05,82.79,4.9
2008-07-14,27.47,0.09,85.02,4.47
2008-07-15,26.84,10.33,85.24,4.92
2008-07-16,26.4,23.36,85.73,5.65
2008-07-17,26.64,1.8,86.72,6.1
2008-07-18,26.75,4.44,85.52,6.78
2008-07-19,26.73,3.74,83.02,6.3
2008-07-20,26.54,0.05,86.72,5.33
2008-07-21,26.36,0.03,84.54,6.48
2008-07-22,26.16,4.14,86.88,6.57
2008-07-23,26.09,4.91,87.24,7.05
2008-07-24,26.1,2.79,87.08,6.71
2008-07-25,25.83,1.6,89.06,6.3
2008-07-26,25.85,2.5,88.84,5.83
2008-07-27,25.6,12.14,88.56,5.99
2008-07-28,25.79,27.41,89.76,5.3
2008-07-29,26.0,7.73,90.6,4.47
2008-07-30,25.66,4.36,89.66,4.89
2008-07-31,25.87,4.24,88.41,5.3
2008-08-01,26.11,0.65,88.89,4.68
2008-08-02,26.44,0.02,88.53,4.4
2008-08-03,26.55,0.01,87.64,4.79
2008-08-04,26.54,0.0,86.51,4.83
2008-08-05,26.5,0.31,87.17,4.71
2008-08-06,26.82,0.87,84.81,4.78
2008-08-07,26.63,0.47,86.89,4.59
2008-08-08,26.53,2.37,87.56,4.98
2008-08-09,26.35,1.33,86.2,5.4
2008-08-10,26.55,1.21,82.49,6.99
2008-08-11,26.84,9.42,86.15,5.07
2008-08-12,26.67,5.9,89.77,4.46
2008-08-13,26.8,0.65,86.96,4.06
2008-08-14,26.43,5.49,86.22,5.86
2008-08-15,26.27,3.12,86.79,5.17
2008-08-16,26.4,0.05,80.13,5.18
2008-08-17,26.42,0.05,83.4,4.84
2008-08-18,26.89,0.03,81.98,4.24
2008-08-19,26.81,0.01,85.02,3.77
2008-08-20,26.85,0.01,85.79,4.02
2008-08-21,26.97,0.01,83.8,5.53
2008-08-22,27.18,0.01,81.64,4.66
2008-08-23,26.98,0.12,82.85,5.38
2008-08-24,27.45,0.06,81.98,4.92
2008-08-25,27.06,0.15,82.18,5.04
2008-08-26,26.89,0.08,78.4,5.32
2008-08-27,27.37,0.03,78.84,4.08
2008-08-28,27.14,0.42,81.16,4.34
2008-08-29,27.07,2.05,83.06,4.2
2008-08-30,27.01,22.11,85.3,4.56
2008-08-31,26.77,48.08,86.92,5.39
2008-09-01,26.9,12.56,84.04,5.11
2008-09-02,27.22,0.69,82.19,4.87
2008-09-03,27.14,2.14,83.82,4.61
2008-09-04,26.86,1.9,87.54,4.61
2008-09-05,26.9,9.17,87.32,3.49
2008-09-06,26.85,15.73,89.3,4.63
2008-09-07,26.4,11.62,87.29,5.05
2008-09-08,26.26,10.05,87.19,4.43
2008-09-09,26.91,2.04,84.96,5.28
2008-09-10,27.18,16.83,86.15,6.22
2008-09-11,26.59,15.19,86.36,6.82
2008-09-12,26.6,4.39,86.9,5.19
2008-09-13,26.73,0.29,89.05,3.96
2008-09-14,27.04,0.01,83.19,4.27
2008-09-15,26.96,0.02,83.25,4.33
2008-09-16,26.97,0.02,83.46,4.79
2008-09-17,27.07,0.02,83.47,4.74
2008-09-18,27.01,0.0,82.4,4.54
2008-09-19,27.08,0.78,80.45,4.89
2008-09-20,27.19,4.06,83.15,4.74
2008-09-21,26.97,0.43,84.26,3.94
2008-09-22,26.91,0.01,84.53,3.81
2008-09-23,27.26,0.0,80.96,3.7
2008-09-24,27.44,0.0,80.03,4.04
2008-09-25,27.68,0.01,78.85,3.88
2008-09-26,27.5,0.0,81.3,4.34
2008-09-27,27.77,0.0,79.77,5.05
2008-09-28,27.36,0.0,77.07,4.99
2008-09-29,27.21,0.0,78.98,4.26
2008-09-30,27.48,0.0,78.33,4.17
2008-10-01,27.75,0.0,77.3,4.61
2008-10-02,27.74,0.0,75.89,4.43
2008-10-03,27.49,0.0,76.86,3.94
2008-10-04,27.52,0.0,74.77,3.33
2008-10-05,27.94,0.02,73.08,3.24
2008-10-06,27.91,0.02,76.19,3.52
2008-10-07,27.81,0.19,77.72,3.39
2008-10-08,27.9,0.52,76.23,3.22
2008-10-09,28.09,0.14,76.02,2.48
2008-10-10,28.31,3.4,76.35,1.55
2008-10-11,27.87,3.57,77.02,1.74
2008-10-12,27.77,5.24,77.42,2.44
2008-10-13,27.89,11.61,78.09,3.58
2008-10-14,27.55,11.93,85.19,5.45
2008-10-15,27.2,17.75,87.92,2.96
2008-10-16,27.44,5.07,81.64,1.84
2008-10-17,27.23,1.66,81.6,1.9
2008-10-18,27.56,1.56,82.77,2.16
2008-10-19,27.36,24.65,83.83,1.64
2008-10-20,27.17,25.9,84.51,2.84
2008-10-21,26.64,47.18,89.37,4.74
2008-10-22,26.97,22.29,88.25,4.61
2008-10-23,27.11,17.3,85.07,5.32
2008-10-24,27.58,23.1,88.38,5.87
2008-10-25,27.55,20.47,87.03,5.48
2008-10-26,27.25,9.38,86.07,5.36
2008-10-27,27.31,0.07,81.4,4.29
2008-10-28,27.68,0.0,77.29,2.7
2008-10-29,27.61,0.0,73.9,1.13
2008-10-30,27.36,0.0,73.29,1.56
2008-10-31,27.49,0.0,70.68,1.49
2008-11-01,27.26,0.0,73.74,1.87
2008-11-02,27.28,0.0,70.43,1.07
2008-11-03,27.68,0.0,65.75,1.35
2008-11-04,27.88,0.0,67.27,1.54
2008-11-05,27.32,0.07,74.59,1.66
2008-11-06,27.56,0.22,71.73,1.24
2008-11-07,28.16,0.07,73.07,2.64
2008-11-08,28.46,5.39,77.08,2.63
2008-11-09,28.0,43.42,79.2,2.37
2008-11-10,27.64,15.77,82.26,2.79
2008-11-11,27.75,6.62,76.68,3.16
2008-11-12,27.39,1.05,76.44,2.82
2008-11-13,26.94,1.97,79.73,1.73
2008-11-14,27.02,0.13,79.58,2.32
2008-11-15,27.57,0.0,76.66,3.44
2008-11-16,27.54,0.0,75.84,4.14
2008-11-17,27.9,30.71,76.51,2.19
2008-11-18,27.82,10.18,80.31,2.43
2008-11-19,27.61,0.54,82.85,3.6
2008-11-20,27.27,5.93,87.1,3.75
2008-11-21,27.57,5.39,83.5,4.34
2008-11-22,26.71,3.04,84.01,4.78
2008-11-23,26.47,10.82,86.56,5.06
2008-11-24,26.47,3.9,84.76,4.8
2008-11-25,26.36,4.19,81.31,4.6
2008-11-26,27.4,15.34,82.73,4.32
2008-11-27,27.61,21.87,84.14,4.57
2008-11-28,27.52,15.61,83.26,2.8
2008-11-29,26.95,0.17,83.64,1.46
2008-11-30,26.79,1.32,84.81,2.54
2008-12-01,27.14,1.29,82.03,2.72
2008-12-02,27.05,0.01,80.37,4.27
2008-12-03,26.61,0.0,75.49,3.93
2008-12-04,26.14,0.0,74.97,3.85
2008-12-05,26.51,0.01,77.33,4.38
2008-12-06,26.74,0.18,77.45,4.79
2008-12-07,26.97,0.9,77.19,4.01
2008-12-08,27.0,3.93,87.86,5.2
2008-12-09,27.17,1.6,87.73,3.62
2008-12-10,26.91,3.92,89.6,6.35
2008-12-11,26.87,1.54,81.62,4.83
2008-12-12,26.58,0.0,74.19,3.94
2008-12-13,26.83,0.0,80.62,4.31
2008-12-14,27.02,0.02,82.15,5.37
2008-12-15,27.0,0.12,82.77,4.91
2008-12-16,26.38,0.15,86.1,6.01
2008-12-17,26.9,0.01,81.21,6.86
2008-12-18,26.39,0.29,82.41,7.18
2008-12-19,26.43,0.11,85.02,6.25
2008-12-20,26.85,0.03,79.67,5.31
2008-12-21,26.94,0.01,78.32,5.23
2008-12-22,26.6,0.0,75.37,5.2
2008-12-23,26.46,0.0,73.48,5.23
2008-12-24,26.58,0.0,78.52,5.12
2008-12-25,26.71,0.0,77.38,5.96
2008-12-26,26.65,0.0,74.79,5.17
2008-12-27,26.32,0.0,68.83,4.92
2008-12-28,26.04,0.0,66.81,4.54
2008-12-29,25.96,0.0,66.89,5.22
2008-12-30,26.09,0.0,70.06,5.05
2008-12-31,25.94,0.0,66.78,5.04
2009-01-01,26.33,0.0,66.51,4.33
2009-01-02,26.56,0.0,68.07,4.62
2009-01-03,26.46,0.0,70.02,4.92
2009-01-04,26.39,0.0,67.41,5.19
2009-01-05,26.69,0.0,67.48,4.56
2009-01-06,26.61,0.0,68.05,3.58
2009-01-07,26.66,0.03,77.18,4.28
2009-01-08,27.08,0.02,76.94,5.46
2009-01-09,26.36,0.4,79.03,6.41
2009-01-10,26.9,0.14,77.99,6.75
2009-01-11,26.94,0.02,75.55,6.54
2009-01-12,26.7,0.02,74.39,7.03
2009-01-13,26.68,0.02,73.54,7.07
2009-01-14,26.73,0.0,72.46,7.04
2009-01-15,26.13,0.0,76.78,6.04
2009-01-16,26.78,0.0,70.74,6.29
2009-01-17,27.11,0.0,69.96,5.9
2009-01-18,26.84,0.0,70.11,5.54
2009-01-19,26.68,0.0,72.78,6.21
2009-01-20,26.49,0.0,71.22,5.93
2009-01-21,26.5,0.0,69.0,5.57
2009-01-22,26.21,0.0,70.26,5.0
2009-01-23,26.43,0.0,69.74,4.46
2009-01-24,26.41,0.0,67.22,4.99
2009-01-25,26.98,0.0,71.3,4.75
2009-01-26,27.27,1.02,77.65,3.97
2009-01-27,26.72,0.73,83.41,4.66
2009-01-28,26.86,0.07,81.93,3.96
2009-01-29,27.12,0.03,79.72,4.33
2009-01-30,26.68,0.0,69.52,4.81
2009-01-31,26.6,0.0,69.0,4.47
2009-02-01,26.59,0.0,69.19,3.83
2009-02-02,26.5,0.0,69.29,4.3
2009-02-03,26.5,0.0,70.27,4.63
2009-02-04,26.41,0.0,70.68,4.23
2009-02-05,26.71,0.0,67.62,4.47
2009-02-06,26.5,0.0,66.37,5.02
2009-02-07,26.27,0.0,70.67,5.66
2009-02-08,26.92,0.0,67.17,5.43
2009-02-09,27.06,0.0,65.11,5.64
2009-02-10,26.29,0.0,63.41,4.93
2009-02-11,26.67,0.0,67.15,2.85
2009-02-12,27.19,0.0,70.69,2.29
2009-02-13,27.68,0.0,69.96,1.99
2009-02-14,27.54,0.0,66.02,2.2
2009-02-15,27.12,0.0,65.35,2.75
2009-02-16,26.75,0.0,65.19,4.03
2009-02-17,27.04,0.0,69.83,5.59
2009-02-18,27.51,0.0,68.37,5.49
2009-02-19,27.38,0.0,68.44,5.79
2009-02-20,27.55,0.0,74.88,5.48
2009-02-21,27.98,0.0,75.86,5.39
2009-02-22,28.01,0.0,74.63,5.08
2009-02-23,27.96,0.0,78.45,3.96
2009-02-24,27.77,0.0,80.41,2.76
2009-02-25,28.45,0.0,78.25,2.21
2009-02-26,28.63,0.0,76.26,2.32
2009-02-27,28.48,0.0,74.33,2.01
2009-02-28,28.41,0.0,70.17,1.99
2009-03-01,28.68,0.0,71.12,1.97
2009-03-02,29.0,0.0,71.78,2.07
2009-03-03,28.53,0.11,71.2,1.69
2009-03-04,28.36,0.0,70.47,2.19
2009-03-05,28.51,0.0,75.12,3.49
2009-03-06,29.11,0.0,75.27,3.12
2009-03-07,28.75,0.01,72.98,2.41
2009-03-08,28.49,0.01,71.7,1.88
2009-03-09,28.35,0.72,70.61,3.69
2009-03-10,27.9,0.17,67.48,4.44
2009-03-11,28.52,0.2,69.75,2.73
2009-03-12,28.28,0.68,76.2,3.05
2009-03-13,27.95,21.66,78.05,2.71
2009-03-14,27.99,23.72,78.91,3.67
2009-03-15,28.22,3.82,75.21,3.03
2009-03-16,28.5,0.13,70.95,2.66
2009-03-17,28.65,0.07,69.53,2.44
2009-03-18,28.56,0.0,68.25,1.68
2009-03-19,28.92,0.0,69.71,1.81
2009-03-20,29.1,0.0,70.79,2.23
2009-03-21,29.16,0.01,71.38,2.76
2009-03-22,29.1,0.01,70.42,2.18
2009-03-23,28.71,0.1,69.97,1.99
2009-03-24,28.83,3.68,69.4,2.38
2009-03-25,28.8,0.15,69.89,3.11
2009-03-26,29.11,0.04,69.47,2.23
2009-03-27,29.08,0.02,70.97,2.68
2009-03-28,29.33,0.01,70.68,2.29
2009-03-29,29.16,0.03,68.7,2.23
2009-03-30,29.08,0.52,68.62,2.2
2009-03-31,29.15,0.06,70.76,2.51
2009-04-01,29.79,0.02,68.6,2.26
2009-04-02,29.6,0.1,69.85,2.52
2009-04-03,29.5,0.29,68.58,2.66
2009-04-04,29.46,0.96,70.06,3.0
2009-04-05,29.18,0.77,71.64,2.01
2009-04-06,29.62,0.36,72.39,2.71
2009-04-07,29.4,0.16,74.61,2.43
2009-04-08,28.94,0.15,75.38,2.26
2009-04-09,29.09,14.64,74.01,2.24
2009-04-10,28.71,3.37,71.89,2.74
2009-04-11,29.2,1.34,64.25,3.15
2009-04-12,28.98,0.09,75.24,3.95
2009-04-13,29.48,0.17,73.54,5.71
2009-04-14,29.49,0.06,72.84,6.17
2009-04-15,29.76,0.04,75.13,6.31
2009-04-16,29.86,0.03,74.83,5.21
2009-04-17,29.58,0.03,76.27,5.15
2009-04-18,29.75,0.0,72.6,4.1
2009-04-19,29.34,0.0,74.69,3.81
2009-04-20,29.36,0.13,76.27,4.34
2009-04-21,29.08,0.38,79.16,5.13
2009-04-22,29.09,0.55,81.35,5.06
2009-04-23,29.46,0.01,78.93,4.68
2009-04-24,29.69,0.01,77.35,4.15
2009-04-25,29.58,0.01,78.95,4.28
2009-04-26,29.5,0.0,77.84,3.5
2009-04-27,29.47,0.0,75.79,2.45
2009-04-28,29.47,0.29,74.72,3.05
2009-04-29,29.32,0.25,76.34,4.04
2009-04-30,29.28,0.12,76.23,4.9
2009-05-01,29.54,0.07,75.82,5.08
2009-05-02,29.42,0.01,79.78,5.11
2009-05-03,29.47,0.01,79.63,4.65
2009-05-04,29.52,0.01,76.79,4.37
2009-05-05,29.57,0.01,75.81,3.79
2009-05-06,29.39,0.01,80.76,4.05
2009-05-07,29.09,0.01,82.67,3.98
2009-05-08,28.91,0.02,82.42,4.2
2009-05-09,29.19,0.02,81.74,4.51
2009-05-10,29.12,0.02,82.45,5.02
2009-05-11,29.47,0.02,79.54,5.65
2009-05-12,29.56,0.02,79.6,5.48
2009-05-13,29.59,0.03,77.36,5.59
2009-05-14,29.35,0.02,80.0,5.74
2009-05-15,29.4,0.02,78.37,5.18
2009-05-16,29.1,0.05,74.63,4.83
2009-05-17,28.71,0.05,82.92,4.4
2009-05-18,28.74,3.89,83.02,4.78
2009-05-19,28.59,0.92,82.88,5.1
2009-05-20,28.32,2.56,75.93,6.23
2009-05-21,28.09,0.82,80.23,6.14
2009-05-22,27.85,8.96,82.28,6.37
2009-05-23,27.26,12.03,87.1,6.69
2009-05-24,27.04,23.32,87.86,6.31
2009-05-25,27.27,31.26,87.85,5.93
2009-05-26,27.42,24.6,87.23,5.64
2009-05-27,26.82,1.66,82.91,4.18
2009-05-28,27.79,0.26,84.09,4.61
2009-05-29,28.1,0.12,85.59,5.03
2009-05-30,27.94,0.63,87.62,5.05
2009-05-31,27.74,0.22,88.96,4.04
2009-06-01,28.04,0.03,85.49,4.66
2009-06-02,28.22,0.01,83.19,5.23
2009-06-03,28.17,0.24,84.47,5.55
2009-06-04,28.04,0.34,86.95,5.88
2009-06-05,27.73,7.63,88.7,5.85
2009-06-06,27.43,12.5,86.98,6.23
2009-06-07,27.04,10.83,88.29,5.07
2009-06-08,26.96,3.33,88.69,5.52
2009-06-09,27.29,2.39,88.08,5.51
2009-06-10,27.51,1.54,86.54,4.94
2009-06-11,27.19,0.26,88.44,5.08
2009-06-12,27.02,1.06,88.2,5.39
2009-06-13,27.19,0.76,85.11,5.32
2009-06-14,27.13,0.02,87.48,4.38
2009-06-15,27.4,2.51,83.97,4.9
2009-06-16,27.54,3.78,83.98,6.08
2009-06-17,27.55,3.93,85.51,6.09
2009-06-18,27.19,11.43,83.15,7.13
2009-06-19,26.87,11.45,84.93,5.82
2009-06-20,27.17,2.05,83.03,4.98
2009-06-21,26.95,1.73,86.21,4.42
2009-06-22,26.78,4.45,88.82,5.74
2009-06-23,26.56,7.54,87.36,5.74
2009-06-24,26.34,5.9,88.93,5.41
2009-06-25,26.4,1.14,84.1,6.12
2009-06-26,26.66,1.71,83.93,5.78
2009-06-27,26.61,2.3,86.81,4.92
2009-06-28,27.01,2.46,86.05,5.22
2009-06-29,26.73,1.08,88.43,5.32
2009-06-30,26.38,8.87,90.19,5.61
2009-07-01,26.28,9.87,85.54,7.0
2009-07-02,25.94,5.62,85.86,7.19
2009-07-03,26.16,2.7,86.23,5.57
2009-07-04,25.67,2.22,88.94,5.43
2009-07-05,25.9,3.38,88.11,5.07
2009-07-06,25.45,1.26,89.79,5.28
2009-07-07,25.66,0.41,86.53,5.24
2009-07-08,25.77,11.99,88.84,4.42
2009-07-09,25.82,7.95,88.22,4.54
2009-07-10,26.0,0.76,90.35,3.45
2009-07-11,26.39,0.05,89.36,3.92
2009-07-12,26.7,0.94,87.05,4.98
2009-07-13,26.96,2.15,85.17,5.94
2009-07-14,27.0,0.34,87.26,6.04
2009-07-15,26.71,3.88,83.9,5.21
2009-07-16,26.27,4.76,87.02,5.72
2009-07-17,26.21,29.81,87.74,6.21
2009-07-18,26.48,4.29,84.29,6.09
2009-07-19,26.47,0.48,87.28,5.69
2009-07-20,26.63,0.37,86.6,5.72
2009-07-21,26.83,2.82,84.6,5.85
2009-07-22,26.85,0.17,87.71,5.14
2009-07-23,26.76,0.02,87.43,4.86
2009-07-24,27.11,0.01,82.62,4.22
2009-07-25,26.87,0.03,86.98,5.18
2009-07-26,26.75,0.01,86.51,5.02
2009-07-27,26.81,0.1,87.86,5.04
2009-07-28,26.69,1.11,87.87,4.49
2009-07-29,26.73,10.41,89.29,4.13
2009-07-30,26.88,4.52,87.69,4.01
2009-07-31,26.6,0.84,89.21,4.81
2009-08-01,26.77,0.45,87.09,4.81
2009-08-02,26.78,0.05,87.65,5.44
2009-08-03,26.91,0.02,86.84,5.69
2009-08-04,26.69,1.81,88.72,5.72
2009-08-05,27.02,1.18,87.15,5.65
2009-08-06,26.99,0.02,88.56,5.33
2009-08-07,26.88,0.01,87.14,5.26
2009-08-08,26.93,0.01,87.11,4.8
2009-08-09,27.35,0.01,85.14,5.38
2009-08-10,27.22,0.01,85.42,5.86
2009-08-11,27.29,0.63,85.56,5.86
2009-08-12,27.48,0.58,84.75,5.81
2009-08-13,27.37,0.02,82.94,5.51
2009-08-14,27.17,0.45,85.67,5.78
2009-08-15,26.99,0.24,81.12,5.56
2009-08-16,27.25,4.08,83.32,5.24
2009-08-17,26.84,1.56,78.83,5.42
2009-08-18,26.63,0.64,80.13,3.88
2009-08-19,27.08,1.0,82.97,2.63
2009-08-20,26.58,14.56,83.56,2.15
2009-08-21,26.38,9.34,89.07,3.9
2009-08-22,26.55,1.23,86.66,4.42
2009-08-23,26.97,2.59,84.1,4.84
2009-08-24,27.18,1.34,83.25,5.25
2009-08-25,27.3,0.18,81.68,5.31
2009-08-26,27.26,4.79,83.59,5.55
2009-08-27,27.08,3.84,84.16,6.24
2009-08-28,27.12,1.18,83.62,5.93
2009-08-29,27.39,1.78,82.21,5.31
2009-08-30,27.11,0.87,83.44,5.5
2009-08-31,26.81,3.84,87.72,5.03
2009-09-01,26.25,14.87,89.65,5.43
2009-09-02,26.31,10.51,86.61,5.95
2009-09-03,26.68,1.92,86.38,5.52
2009-09-04,26.73,6.89,84.84,6.43
2009-09-05,26.76,9.15,88.96,6.21
2009-09-06,26.45,8.46,88.58,6.01
2009-09-07,26.69,2.37,88.42,5.56
2009-09-08,26.57,0.38,89.68,5.29
2009-09-09,26.54,0.01,89.07,4.86
2009-09-10,26.86,0.0,87.26,4.22
2009-09-11,26.93,0.0,85.9,4.5
2009-09-12,27.13,0.35,84.54,4.28
2009-09-13,27.24,2.75,84.35,4.24
2009-09-14,27.28,0.04,84.23,4.64
2009-09-15,27.41,0.01,81.91,4.92
2009-09-16,27.45,0.03,82.83,4.8
2009-09-17,27.1,2.87,86.55,4.58
2009-09-18,26.46,15.63,90.63,4.35
2009-09-19,26.42,0.26,84.82,5.11
2009-09-20,26.92,0.04,83.91,4.63
2009-09-21,27.06,0.26,85.25,4.52
2009-09-22,26.79,2.25,86.81,4.31
2009-09-23,27.01,2.51,85.09,4.51
2009-09-24,27.29,0.15,83.48,4.85
2009-09-25,27.33,0.09,84.92,5.36
2009-09-26,27.14,12.68,84.94,5.33
2009-09-27,27.18,0.68,83.72,5.6
2009-09-28,27.16,1.02,86.04,5.66
2009-09-29,26.82,0.98,87.08,6.66
2009-09-30,26.99,1.72,89.46,6.09
2009-10-01,26.61,18.04,90.38,7.18
2009-10-02,26.77,10.87,85.46,7.89
2009-10-03,27.11,1.14,85.76,5.92
2009-10-04,27.02,0.0,83.77,5.49
2009-10-05,27.01,0.0,81.32,4.99
2009-10-06,26.85,0.0,83.0,4.08
2009-10-07,26.77,0.0,85.17,4.84
2009-10-08,27.01,0.02,82.69,5.03
2009-10-09,27.14,0.0,80.86,4.49
2009-10-10,26.86,0.0,79.97,3.89
2009-10-11,27.08,0.0,80.71,3.68
2009-10-12,27.14,0.12,79.9,2.63
2009-10-13,27.17,4.26,77.1,2.42
2009-10-14,27.42,0.25,78.67,2.27
2009-10-15,27.57,0.0,78.04,2.02
2009-10-16,27.9,0.04,76.35,1.87
2009-10-17,27.93,0.06,78.61,2.88
2009-10-18,27.9,0.0,79.47,2.69
2009-10-19,27.78,4.02,79.74,2.12
2009-10-20,27.98,2.87,76.81,1.64
2009-10-21,28.28,0.0,72.66,1.55
2009-10-22,28.83,0.33,67.99,2.08
2009-10-23,28.95,0.01,65.97,2.28
2009-10-24,28.29,0.01,66.95,1.73
2009-10-25,28.55,3.09,66.34,1.52
2009-10-26,28.33,4.41,71.83,2.04
2009-10-27,28.4,0.6,72.37,1.96
2009-10-28,28.1,4.57,77.21,3.11
2009-10-29,27.79,15.11,83.35,4.73
2009-10-30,28.25,4.73,78.92,5.89
2009-10-31,28.6,3.95,78.18,4.64
2009-11-01,28.09,1.7,77.1,5.43
2009-11-02,28.6,0.03,76.5,6.53
2009-11-03,28.39,2.58,78.28,5.27
2009-11-04,27.48,35.41,85.19,5.01
2009-11-05,27.27,45.42,84.7,5.87
2009-11-06,27.28,39.64,87.42,6.58
2009-11-07,27.14,14.65,90.11,9.96
2009-11-08,27.01,27.76,87.35,4.11
2009-11-09,26.67,32.68,87.57,3.65
2009-11-10,27.17,7.45,79.47,3.1
2009-11-11,27.4,3.38,82.87,2.87
2009-11-12,27.78,1.76,83.0,2.38
2009-11-13,27.07,5.51,84.8,1.78
2009-11-14,26.62,59.52,85.33,3.61
2009-11-15,25.88,21.09,85.08,2.96
2009-11-16,26.92,1.68,84.67,3.41
2009-11-17,27.31,0.15,84.17,3.62
2009-11-18,27.33,3.32,81.49,3.3
2009-11-19,27.47,3.02,83.59,2.96
2009-11-20,27.37,6.44,82.94,1.93
2009-11-21,26.8,7.43,81.46,2.28
2009-11-22,26.75,4.12,84.13,2.53
2009-11-23,27.37,0.77,84.11,4.2
2009-11-24,27.17,1.29,80.84,1.63
2009-11-25,27.6,0.03,78.72,2.67
2009-11-26,27.41,0.02,79.29,3.97
2009-11-27,26.9,0.0,71.43,4.54
2009-11-28,26.97,0.0,75.5,4.7
2009-11-29,27.13,0.01,80.64,4.69
2009-11-30,26.98,0.03,83.08,4.45
2009-12-01,26.81,6.26,83.51,4.09
2009-12-02,26.77,7.58,86.39,4.58
2009-12-03,26.79,3.11,87.02,3.64
2009-12-04,27.43,0.07,82.34,3.18
2009-12-05,27.38,2.0,81.67,3.69
2009-12-06,26.34,0.87,76.53,4.45
2009-12-07,26.68,0.0,75.31,4.45
2009-12-08,26.99,0.0,76.76,4.09
2009-12-09,27.17,0.0,81.55,5.27
2009-12-10,26.59,0.0,75.75,6.39
2009-12-11,27.02,0.0,76.11,4.87
2009-12-12,27.44,0.02,76.34,3.78
2009-12-13,27.65,0.08,80.0,2.26
2009-12-14,27.71,0.14,82.39,4.18
2009-12-15,27.13,0.29,84.09,5.28
2009-12-16,26.59,3.85,85.12,3.77
2009-12-17,26.99,1.79,83.34,2.34
2009-12-18,27.29,1.1,82.2,4.58
2009-12-19,27.43,0.44,81.62,5.78
2009-12-20,27.5,0.16,82.16,5.97
2009-12-21,27.27,4.84,84.86,6.95
2009-12-22,26.93,3.4,83.23,6.28
2009-12-23,26.81,1.13,82.28,7.03
2009-12-24,26.92,0.69,82.88,6.76
2009-12-25,26.46,0.07,81.83,5.64
2009-12-26,26.69,0.01,79.76,5.13
2009-12-27,26.68,1.58,76.99,4.3
2009-12-28,26.64,0.13,79.65,3.43
2009-12-29,26.18,0.03,82.31,4.34
2009-12-30,26.81,0.01,76.41,4.94
2009-12-31,27.1,0.0,75.51,3.64
2010-01-01,27.02,0.0,76.69,5.42
2010-01-02,27.1,0.0,78.45,6.28
2010-01-03,26.8,0.0,76.33,5.86
2010-01-04,26.79,0.0,72.72,4.18
2010-01-05,26.89,0.0,67.79,2.96
2010-01-06,26.44,0.0,73.61,5.0
2010-01-07,27.09,0.0,73.86,5.02
2010-01-08,26.94,0.01,73.55,3.91
2010-01-09,26.86,20.45,83.03,5.08
2010-01-10,26.39,55.58,87.08,5.39
2010-01-11,26.58,1.31,81.5,2.66
2010-01-12,26.82,0.01,80.31,2.25
2010-01-13,26.99,1.31,81.46,2.09
2010-01-14,26.94,1.88,83.66,5.02
2010-01-15,26.98,0.0,77.47,5.78
2010-01-16,26.73,0.01,79.51,5.79
2010-01-17,26.8,0.01,78.56,6.44
2010-01-18,26.92,0.0,77.43,5.12
2010-01-19,27.02,0.0,77.21,5.51
2010-01-20,26.77,0.0,76.72,5.93
2010-01-21,26.73,0.0,73.64,5.85
2010-01-22,26.39,0.0,70.34,5.8
2010-01-23,26.09,0.0,70.38,6.0
2010-01-24,26.15,0.0,72.58,5.55
2010-01-25,26.48,0.0,70.22,4.43
2010-01-26,26.99,0.0,74.08,5.04
2010-01-27,27.17,0.0,76.17,5.45
2010-01-28,27.17,0.0,77.34,6.39
2010-01-29,27.04,0.0,73.53,6.65
2010-01-30,26.96,0.0,73.68,6.35
2010-01-31,27.39,0.0,73.58,5.66
2010-02-01,27.39,0.0,72.48,5.44
2010-02-02,27.2,0.0,70.91,5.97
2010-02-03,26.77,0.0,70.83,6.29
2010-02-04,27.01,0.0,71.0,5.86
2010-02-05,26.47,0.0,71.82,6.39
2010-02-06,26.67,0.0,72.57,7.01
2010-02-07,27.07,0.0,70.43,6.7
2010-02-08,27.09,0.0,69.04,4.83
2010-02-09,27.08,0.0,67.6,4.36
2010-02-10,27.15,0.0,72.21,2.97
2010-02-11,27.35,0.02,72.55,4.33
2010-02-12,27.47,0.0,76.35,5.33
2010-02-13,27.85,0.0,76.75,4.02
2010-02-14,27.62,0.0,75.72,4.18
2010-02-15,27.57,0.0,73.43,4.61
2010-02-16,28.0,0.0,69.39,4.43
2010-02-17,28.07,0.01,79.06,4.28
2010-02-18,27.65,0.0,75.13,3.09
2010-02-19,27.76,0.0,73.26,2.48
2010-02-20,27.61,0.0,74.85,3.29
2010-02-21,27.82,0.0,74.86,4.23
2010-02-22,28.25,0.0,75.89,3.93
2010-02-23,27.64,0.0,74.54,2.71
2010-02-24,27.85,0.0,67.92,2.01
2010-02-25,27.77,0.0,71.27,2.33
2010-02-26,28.1,0.0,68.98,1.73
2010-02-27,28.61,0.0,67.62,2.52
2010-02-28,28.45,0.0,71.67,3.46
2010-03-01,28.39,0.0,67.67,3.81
2010-03-02,28.41,0.0,62.51,3.62
2010-03-03,27.96,0.0,59.14,3.1
2010-03-04,28.19,0.0,68.33,2.31
2010-03-05,28.29,0.0,73.91,2.91
2010-03-06,28.66,0.02,75.95,4.28
2010-03-07,29.63,0.0,72.44,4.41
2010-03-08,29.47,0.0,74.64,2.78
2010-03-09,29.03,0.0,76.04,2.18
2010-03-10,29.06,0.0,71.63,4.22
2010-03-11,29.23,0.0,71.79,5.59
2010-03-12,29.34,0.0,70.77,5.53
2010-03-13,29.12,0.0,74.19,4.87
2010-03-14,28.94,0.01,73.73,2.89
2010-03-15,28.94,0.0,72.99,2.25
2010-03-16,29.14,0.08,71.15,1.61
2010-03-17,29.27,0.05,67.55,3.5
2010-03-18,29.18,0.0,70.91,5.73
2010-03-19,29.4,0.0,69.69,4.62
2010-03-20,29.35,0.0,74.69,3.09
2010-03-21,29.56,0.0,71.29,2.24
2010-03-22,29.55,0.01,74.18,3.12
2010-03-23,29.48,0.02,75.29,3.52
2010-03-24,29.38,0.02,75.87,3.69
2010-03-25,29.49,0.01,74.14,2.82
2010-03-26,29.19,5.55,74.37,2.97
2010-03-27,28.96,3.51,77.35,3.56
2010-03-28,29.21,0.03,73.36,2.16
2010-03-29,29.38,0.07,73.84,2.93
2010-03-30,29.4,1.62,74.32,3.88
2010-03-31,29.3,12.9,76.71,4.79
2010-04-01,29.49,3.65,75.22,4.8
2010-04-02,30.01,0.01,73.99,3.82
2010-04-03,29.4,0.02,77.79,3.09
2010-04-04,29.46,0.77,74.52,2.38
2010-04-05,29.08,5.27,75.08,2.62
2010-04-06,30.26,1.71,68.61,2.18
2010-04-07,29.79,0.97,69.83,2.68
2010-04-08,29.22,0.81,75.92,2.08
2010-04-09,29.72,0.01,74.68,1.79
2010-04-10,29.92,0.01,75.37,2.81
2010-04-11,29.88,0.01,77.08,3.8
2010-04-12,29.33,0.01,81.06,4.1
2010-04-13,29.74,0.01,77.66,4.68
2010-04-14,29.89,0.02,79.38,4.55
2010-04-15,30.17,0.04,77.13,3.46
2010-04-16,29.5,6.77,79.83,3.25
2010-04-17,28.65,14.98,83.58,2.31
2010-04-18,28.67,3.76,81.26,3.19
2010-04-19,29.31,0.35,78.44,4.22
2010-04-20,29.67,0.05,77.9,4.32
2010-04-21,29.8,0.05,77.07,5.01
2010-04-22,30.13,0.03,76.17,4.41
2010-04-23,29.75,0.23,78.91,3.87
2010-04-24,29.27,2.54,80.63,3.63
2010-04-25,29.21,0.82,81.8,3.64
2010-04-26,29.48,4.26,67.51,3.02
2010-04-27,29.12,2.54,73.37,1.82
2010-04-28,29.83,2.56,74.04,2.17
2010-04-29,29.54,1.8,76.33,2.09
2010-04-30,29.16,25.81,79.44,2.07
2010-05-01,29.43,5.41,76.61,1.95
2010-05-02,29.91,0.39,75.23,1.89
2010-05-03,29.77,4.63,77.36,2.79
2010-05-04,29.39,2.02,81.76,3.43
2010-05-05,30.02,0.02,76.81,4.44
2010-05-06,30.42,0.02,76.52,4.01
2010-05-07,30.06,0.03,79.84,4.17
2010-05-08,30.07,1.94,79.82,4.39
2010-05-09,29.64,2.15,79.57,4.49
2010-05-10,29.78,4.27,75.79,3.28
2010-05-11,29.52,4.65,81.1,3.94
2010-05-12,29.62,1.03,81.97,4.38
2010-05-13,30.04,0.06,81.24,5.21
2010-05-14,29.6,0.07,82.54,6.31
2010-05-15,30.06,0.03,77.16,4.8
2010-05-16,30.12,0.11,76.42,5.19
2010-05-17,30.06,0.78,78.59,5.68
2010-05-18,28.82,3.34,82.07,6.25
2010-05-19,28.81,1.65,82.94,6.86
2010-05-20,29.0,1.22,79.15,7.14
2010-05-21,29.13,2.1,78.37,6.55
2010-05-22,29.04,0.65,80.0,5.53
2010-05-23,28.52,3.01,82.41,5.19
2010-05-24,28.51,4.41,85.74,5.99
2010-05-25,28.34,4.77,87.82,5.93
2010-05-26,28.63,3.45,83.87,6.04
2010-05-27,28.75,2.79,82.98,5.42
2010-05-28,28.79,4.76,86.28,5.56
2010-05-29,28.93,10.01,84.01,5.82
2010-05-30,28.59,10.65,80.08,6.23
2010-05-31,28.48,0.41,78.11,6.02
2010-06-01,29.23,0.1,77.2,5.47
2010-06-02,29.12,0.06,81.4,5.18
2010-06-03,28.99,0.06,84.48,4.04
2010-06-04,28.83,3.64,84.03,4.77
2010-06-05,28.53,4.88,78.36,6.88
2010-06-06,28.44,2.38,78.94,6.23
2010-06-07,28.41,2.49,77.09,6.61
2010-06-08,28.4,0.43,76.57,6.58
2010-06-09,28.08,0.72,79.51,7.84
2010-06-10,28.11,7.64,80.65,7.6
2010-06-11,28.15,13.03,80.26,9.1
2010-06-12,27.78,9.86,86.52,7.35
2010-06-13,27.67,2.21,83.91,7.18
2010-06-14,27.93,3.09,79.74,5.98
2010-06-15,27.89,0.06,83.31,4.2
2010-06-16,27.74,0.02,82.89,3.48
2010-06-17,27.48,1.0,85.31,3.82
2010-06-18,26.97,0.42,85.44,3.45
2010-06-19,27.28,0.41,85.18,4.08
2010-06-20,27.87,0.24,78.5,4.29
2010-06-21,27.81,0.52,81.9,4.06
2010-06-22,28.17,5.31,82.34,5.08
2010-06-23,27.59,12.17,84.81,6.81
2010-06-24,27.44,4.56,78.67,6.93
2010-06-25,27.36,4.93,84.32,6.55
2010-06-26,27.77,1.44,82.83,5.78
2010-06-27,27.69,0.49,86.14,4.88
2010-06-28,27.53,10.42,88.24,5.33
2010-06-29,27.49,3.98,82.9,6.02
2010-06-30,27.08,1.65,81.62,6.07
2010-07-01,27.04,2.16,84.05,5.36
2010-07-02,26.9,2.72,84.83,4.85
2010-07-03,27.02,3.19,86.01,4.77
2010-07-04,26.93,2.07,85.3,4.53
2010-07-05,26.93,1.07,84.91,5.49
2010-07-06,26.7,0.06,86.05,4.88
2010-07-07,27.26,0.31,84.34,4.24
2010-07-08,27.06,0.12,83.07,5.28
2010-07-09,27.18,4.62,82.5,3.92
2010-07-10,27.15,2.18,83.81,2.77
2010-07-11,27.31,0.05,83.1,2.74
2010-07-12,27.12,0.16,83.78,4.07
2010-07-13,26.73,1.99,82.78,5.05
2010-07-14,27.32,1.97,79.71,5.89
2010-07-15,27.57,2.5,80.5,6.49
2010-07-16,27.4,3.85,81.94,7.48
2010-07-17,27.3,16.34,84.35,6.6
2010-07-18,27.28,8.16,83.05,6.7
2010-07-19,26.24,20.18,83.44,7.23
2010-07-20,26.69,4.11,86.59,5.6
2010-07-21,26.75,5.46,85.07,6.24
2010-07-22,26.92,0.65,83.35,5.7
2010-07-23,26.74,0.02,86.27,5.63
2010-07-24,26.96,0.03,82.72,6.17
2010-07-25,26.99,0.04,83.57,4.94
2010-07-26,26.86,0.34,86.24,4.68
2010-07-27,26.66,1.45,85.2,5.53
2010-07-28,26.41,4.12,84.34,6.76
2010-07-29,26.32,2.09,83.19,7.2
2010-07-30,26.56,0.12,83.33,6.21
2010-07-31,26.54,0.01,85.73,5.03
2010-08-01,26.6,0.01,86.54,4.49
2010-08-02,26.52,0.14,87.58,5.1
2010-08-03,26.53,1.21,86.86,5.51
2010-08-04,26.59,0.49,90.43,4.74
2010-08-05,26.84,0.02,89.31,4.13
2010-08-06,27.2,0.05,87.76,5.22
2010-08-07,27.18,1.0,88.08,4.73
2010-08-08,27.07,3.41,88.66,5.3
2010-08-09,27.02,2.1,86.84,5.16
2010-08-10,27.25,0.64,86.96,5.77
2010-08-11,27.16,0.13,85.67,6.28
2010-08-12,26.84,3.72,86.85,5.87
2010-08-13,26.78,4.14,85.86,6.29
2010-08-14,26.52,1.27,85.77,5.87
2010-08-15,26.41,2.62,88.83,6.55
2010-08-16,26.13,1.92,87.16,6.43
2010-08-17,26.23,0.14,86.1,6.68
2010-08-18,26.13,0.01,86.86,5.11
2010-08-19,26.23,0.0,87.74,4.5
2010-08-20,26.53,2.97,86.29,4.35
2010-08-21,25.8,3.94,85.71,4.32
2010-08-22,26.18,0.1,86.08,5.64
2010-08-23,26.14,0.44,86.23,6.29
2010-08-24,25.88,1.43,86.65,7.08
2010-08-25,25.82,2.68,86.57,6.35
2010-08-26,25.87,0.88,86.71,6.18
2010-08-27,26.11,0.38,85.0,5.08
2010-08-28,26.1,0.81,88.75,4.18
2010-08-29,26.01,3.08,90.73,5.47
2010-08-30,25.46,3.91,87.72,5.82
2010-08-31,26.11,0.01,84.5,4.13
2010-09-01,26.31,0.0,85.27,4.02
2010-09-02,26.7,0.0,82.85,5.14
2010-09-03,26.63,0.01,86.2,5.24
2010-09-04,26.61,0.01,87.56,4.4
2010-09-05,26.56,0.01,87.75,3.8
2010-09-06,26.86,1.92,85.44,4.45
2010-09-07,26.93,1.27,85.19,5.09
2010-09-08,26.9,1.74,85.35,4.81
2010-09-09,26.84,3.22,86.97,4.2
2010-09-10,26.73,2.85,85.72,5.35
2010-09-11,27.56,0.67,76.74,3.94
2010-09-12,27.22,0.05,83.6,4.36
2010-09-13,27.3,1.15,82.48,5.04
2010-09-14,27.07,0.73,79.83,4.62
2010-09-15,27.08,0.01,81.21,5.05
2010-09-16,26.75,0.02,83.42,5.92
2010-09-17,27.18,2.06,83.3,5.63
2010-09-18,26.67,3.98,82.08,6.54
2010-09-19,26.89,2.2,81.62,6.06
2010-09-20,27.06,0.02,81.36,4.87
2010-09-21,26.93,0.15,81.91,3.95
2010-09-22,26.86,1.21,82.25,4.34
2010-09-23,26.5,1.41,86.48,3.42
2010-09-24,26.64,3.87,84.75,4.94
2010-09-25,27.26,0.34,81.78,3.91
2010-09-26,27.06,2.14,84.83,2.81
2010-09-27,26.66,5.37,84.47,2.67
2010-09-28,27.19,21.34,84.78,3.72
2010-09-29,27.03,14.03,81.57,2.24
2010-09-30,26.83,4.73,79.99,2.39
2010-10-01,26.99,9.13,81.62,2.35
2010-10-02,26.65,7.4,85.22,2.82
2010-10-03,26.51,27.71,86.61,3.41
2010-10-04,27.36,7.03,83.81,4.43
2010-10-05,27.3,37.19,85.6,5.87
2010-10-06,27.01,48.37,88.97,6.75
2010-10-07,26.86,23.31,89.99,6.4
2010-10-08,26.86,30.45,91.09,5.69
2010-10-09,26.88,12.69,87.93,6.09
2010-10-10,26.96,0.43,86.16,4.94
2010-10-11,26.94,0.01,85.92,4.88
2010-10-12,26.83,0.01,85.48,4.85
2010-10-13,26.64,0.0,84.84,4.88
2010-10-14,26.7,0.45,84.82,5.49
2010-10-15,26.85,0.27,84.8,6.19
2010-10-16,26.76,0.07,84.43,6.25
2010-10-17,26.78,0.33,82.7,5.56
2010-10-18,26.76,1.17,80.41,5.33
2010-10-19,26.27,2.28,82.13,5.07
2010-10-20,26.26,0.2,79.75,4.61
2010-10-21,26.37,0.9,83.18,4.96
2010-10-22,26.71,0.29,80.18,5.81
2010-10-23,26.95,0.16,80.76,4.88
2010-10-24,27.02,0.18,83.38,4.78
2010-10-25,27.18,0.0,79.81,4.53
2010-10-26,26.98,0.28,82.31,4.22
2010-10-27,27.05,2.31,83.04,4.28
2010-10-28,26.74,8.94,83.71,2.72
2010-10-29,26.46,8.32,81.78,2.26
2010-10-30,26.07,3.98,85.41,2.72
2010-10-31,27.16,0.13,82.55,3.75
2010-11-01,27.41,0.02,81.69,4.7
2010-11-02,27.64,0.16,76.68,3.96
2010-11-03,27.31,2.65,81.52,3.25
2010-11-04,27.08,2.39,82.51,2.93
2010-11-05,26.81,9.38,82.69,3.69
2010-11-06,26.52,2.25,82.34,4.29
2010-11-07,26.99,0.45,85.25,5.9
2010-11-08,27.42,2.17,85.47,5.89
2010-11-09,27.24,0.33,83.54,3.77
2010-11-10,26.95,5.55,83.64,3.49
2010-11-11,26.48,2.1,83.37,4.54
2010-11-12,27.36,0.24,77.58,3.42
2010-11-13,27.77,1.29,79.18,2.01
2010-11-14,27.79,1.25,77.89,2.34
2010-11-15,27.93,0.47,76.32,2.42
2010-11-16,27.11,18.91,81.99,2.8
2010-11-17,26.76,3.44,81.62,2.65
2010-11-18,27.27,2.64,77.96,1.77
2010-11-19,26.75,2.1,78.49,1.58
2010-11-20,26.21,14.11,77.98,1.87
2010-11-21,26.16,30.84,84.78,3.23
2010-11-22,26.6,37.15,80.29,2.02
2010-11-23,25.85,18.86,84.23,2.04
2010-11-24,26.46,12.82,83.33,3.27
2010-11-25,25.8,15.34,84.05,3.89
2010-11-26,25.95,5.61,82.77,3.29
2010-11-27,26.05,18.09,81.94,2.82
2010-11-28,26.02,13.51,84.0,2.15
2010-11-29,26.87,6.75,82.38,4.87
2010-11-30,26.71,1.25,82.91,4.07
2010-12-01,25.88,13.66,86.39,3.11
2010-12-02,26.14,17.73,86.24,4.02
2010-12-03,26.06,7.31,87.28,3.11
2010-12-04,25.95,4.02,83.76,3.47
2010-12-05,26.11,1.91,84.37,3.47
2010-12-06,26.37,0.05,83.73,3.19
2010-12-07,26.58,30.49,88.29,4.16
2010-12-08,26.9,47.73,86.71,5.44
2010-12-09,26.49,6.54,87.71,6.94
2010-12-10,26.77,0.04,82.73,4.94
2010-12-11,26.41,1.14,83.49,4.5
2010-12-12,26.38,0.28,80.95,5.08
2010-12-13,26.11,0.0,71.68,3.74
2010-12-14,26.06,0.03,77.58,2.71
2010-12-15,26.61,0.09,72.53,1.9
2010-12-16,26.1,0.14,80.11,1.9
2010-12-17,26.37,0.17,80.42,1.76
2010-12-18,26.44,2.47,85.3,3.77
2010-12-19,25.74,0.65,80.36,6.09
2010-12-20,26.57,0.24,83.25,4.61
2010-12-21,26.15,0.37,87.45,5.76
2010-12-22,25.6,0.0,77.39,5.65
2010-12-23,25.24,0.0,75.44,3.82
2010-12-24,25.27,0.05,76.13,3.87
2010-12-25,24.93,0.03,76.15,2.66
2010-12-26,25.67,0.01,79.88,4.6
2010-12-27,25.96,0.0,74.96,4.92
2010-12-28,25.34,0.27,79.42,5.05
2010-12-29,25.74,0.46,84.53,4.8
2010-12-30,25.89,0.11,87.31,4.91
2010-12-31,25.71,4.99,86.81,4.01
2011-01-01,26.11,6.71,81.2,2.12
2011-01-02,26.65,0.19,80.94,2.23
2011-01-03,26.28,0.87,83.15,3.56
2011-01-04,26.21,0.69,82.03,4.48
2011-01-05,25.56,0.05,81.04,6.06
2011-01-06,26.01,0.0,80.97,5.21
2011-01-07,26.51,0.02,79.76,4.03
2011-01-08,27.07,0.09,77.22,2.43
2011-01-09,27.22,0.06,76.49,1.84
2011-01-10,27.26,0.04,75.67,1.66
2011-01-11,26.41,0.01,72.6,2.65
2011-01-12,25.9,0.0,73.43,3.99
2011-01-13,25.4,0.01,74.74,4.85
2011-01-14,25.79,0.04,75.75,5.23
2011-01-15,26.17,0.22,80.98,5.55
2011-01-16,26.43,2.41,83.51,5.91
2011-01-17,26.59,0.28,81.24,4.63
2011-01-18,26.4,0.0,79.65,4.98
2011-01-19,25.48,0.0,73.33,5.15
2011-01-20,25.42,0.0,74.09,4.8
2011-01-21,25.72,0.0,76.61,5.08
2011-01-22,26.18,0.0,72.26,5.99
2011-01-23,25.94,0.0,75.44,6.34
2011-01-24,26.06,0.0,75.48,6.14
2011-01-25,26.12,0.0,75.75,5.77
2011-01-26,26.34,0.21,78.94,6.42
2011-01-27,26.44,0.35,77.79,7.02
2011-01-28,26.66,0.0,77.52,5.72
2011-01-29,27.14,0.03,77.26,6.19
2011-01-30,27.15,0.07,78.89,6.67
2011-01-31,26.85,0.06,76.93,6.72
2011-02-01,27.04,0.03,75.32,5.37
2011-02-02,26.89,0.0,71.56,6.3
2011-02-03,26.46,0.13,75.86,5.94
2011-02-04,26.59,0.02,73.34,4.36
2011-02-05,27.17,0.0,73.08,4.77
2011-02-06,27.34,0.0,72.72,4.73
2011-02-07,27.23,0.41,75.08,4.13
2011-02-08,27.65,1.68,67.08,2.47
2011-02-09,27.31,0.42,71.24,2.48
2011-02-10,27.48,0.03,70.97,3.48
2011-02-11,26.68,0.0,70.61,4.94
2011-02-12,27.06,0.0,69.51,5.51
2011-02-13,26.84,0.0,66.36,5.47
2011-02-14,26.84,0.0,67.06,2.88
2011-02-15,27.18,0.0,67.92,2.04
2011-02-16,27.58,0.0,70.53,1.96
2011-02-17,27.9,0.0,71.53,1.91
2011-02-18,27.96,0.0,73.86,2.9
2011-02-19,28.11,0.0,74.13,2.4
2011-02-20,27.7,0.0,75.36,2.38
2011-02-21,27.84,8.49,76.49,2.01
2011-02-22,27.23,33.23,81.86,2.54
2011-02-23,27.79,3.06,75.53,3.39
2011-02-24,28.0,2.03,72.83,2.45
2011-02-25,27.19,1.44,74.49,2.02
2011-02-26,27.86,4.76,72.1,1.77
2011-02-27,27.89,2.48,72.3,3.67
2011-02-28,27.73,0.01,73.11,4.97
2011-03-01,27.97,0.07,74.8,5.54
2011-03-02,28.08,0.0,71.08,5.5
2011-03-03,27.73,0.0,75.2,4.58
2011-03-04,27.96,0.0,76.1,4.24
2011-03-05,27.67,0.0,78.7,3.05
2011-03-06,27.96,0.0,76.08,3.5
2011-03-07,27.84,0.0,71.38,3.54
2011-03-08,27.8,0.0,72.64,3.08
2011-03-09,28.43,0.0,65.83,2.12
2011-03-10,28.39,0.0,68.31,1.44
2011-03-11,28.2,0.0,68.43,1.51
2011-03-12,28.69,0.0,68.07,2.29
2011-03-13,28.87,0.23,74.04,2.17
2011-03-14,29.28,0.29,69.98,2.12
2011-03-15,29.42,0.01,68.14,2.33
2011-03-16,29.08,0.02,71.02,3.31
2011-03-17,28.54,0.0,69.72,5.38
2011-03-18,28.08,0.0,66.6,4.09
2011-03-19,28.6,0.0,71.94,2.28
2011-03-20,28.52,0.0,72.3,2.68
2011-03-21,28.76,0.0,70.92,3.26
2011-03-22,29.34,0.01,72.42,3.85
2011-03-23,29.17,0.02,75.57,3.3
2011-03-24,28.79,0.02,77.1,3.96
2011-03-25,29.36,0.02,74.13,4.29
2011-03-26,29.08,0.01,73.89,3.97
2011-03-27,29.55,0.02,73.55,2.78
2011-03-28,29.19,0.08,76.21,3.58
2011-03-29,28.85,0.03,77.83,3.66
2011-03-30,29.14,0.01,75.52,2.86
2011-03-31,28.96,0.0,73.59,3.05
2011-04-01,28.94,0.0,76.09,4.06
2011-04-02,28.82,0.11,76.9,4.3
2011-04-03,29.16,0.36,74.68,4.46
2011-04-04,29.2,0.06,72.28,4.37
2011-04-05,29.2,0.0,70.59,3.95
2011-04-06,29.3,0.0,67.11,2.26
2011-04-07,29.04,0.0,67.9,2.37
2011-04-08,29.08,0.01,67.35,2.14
2011-04-09,29.04,3.64,72.56,2.54
2011-04-10,28.62,3.13,74.78,1.82
2011-04-11,28.3,0.91,75.24,1.96
2011-04-12,28.57,2.46,72.99,1.76
2011-04-13,28.69,1.02,75.48,2.21
2011-04-14,28.84,0.04,76.29,3.48
2011-04-15,29.09,0.03,76.15,3.32
2011-04-16,28.85,0.03,74.9,2.2
2011-04-17,29.07,4.23,70.97,1.84
2011-04-18,28.75,4.39,77.73,2.78
2011-04-19,27.47,2.81,83.61,3.28
2011-04-20,28.27,1.99,74.14,2.49
2011-04-21,28.48,1.56,76.01,2.88
2011-04-22,27.85,10.53,83.8,4.7
2011-04-23,27.71,12.78,81.49,4.93
2011-04-24,28.07,0.62,77.11,3.43
2011-04-25,28.06,0.87,78.64,4.11
2011-04-26,27.61,0.6,80.3,5.64
2011-04-27,28.93,0.08,78.52,4.15
2011-04-28,28.38,8.81,84.32,5.67
2011-04-29,29.13,5.33,80.58,5.36
2011-04-30,29.04,2.05,82.31,5.05
2011-05-01,28.9,1.37,81.63,5.21
2011-05-02,28.74,2.13,83.34,5.5
2011-05-03,29.12,0.85,82.27,5.63
2011-05-04,29.29,0.06,75.54,6.03
2011-05-05,28.38,0.01,77.85,5.85
2011-05-06,29.3,0.01,73.67,5.71
2011-05-07,29.31,0.0,78.94,5.88
2011-05-08,29.29,0.0,73.75,6.29
2011-05-09,28.88,0.0,70.12,5.73
2011-05-10,28.72,0.0,67.89,4.96
2011-05-11,28.51,0.0,66.9,4.8
2011-05-12,28.43,0.0,67.75,4.46
2011-05-13,28.44,0.0,70.19,4.96
2011-05-14,28.85,0.11,75.11,4.61
2011-05-15,29.08,0.02,76.97,4.51
2011-05-16,28.99,0.01,75.33,3.38
2011-05-17,28.89,0.98,75.77,3.2
2011-05-18,29.02,0.74,74.13,3.43
2011-05-19,28.89,0.01,76.03,3.87
2011-05-20,28.65,0.08,81.14,4.11
2011-05-21,28.41,0.03,81.59,4.67
2011-05-22,28.31,0.02,83.61,4.1
2011-05-23,28.97,0.16,78.74,4.84
2011-05-24,28.71,1.32,81.27,5.01
2011-05-25,28.63,2.53,83.0,5.32
2011-05-26,28.38,1.23,77.6,5.88
2011-05-27,28.64,0.83,77.25,5.93
2011-05-28,28.43,0.8,79.05,5.98
2011-05-29,28.04,1.39,80.8,6.87
2011-05-30,28.12,1.0,80.02,7.62
2011-05-31,28.29,1.82,79.01,7.31
2011-06-01,27.67,24.83,83.87,7.37
2011-06-02,27.65,20.58,81.88,6.89
2011-06-03,27.93,6.49,83.78,5.92
2011-06-04,27.62,5.42,86.52,4.99
2011-06-05,27.72,8.02,87.62,4.89
2011-06-06,27.58,11.97,85.77,5.04
2011-06-07,27.74,1.07,85.13,4.35
2011-06-08,27.75,0.26,87.2,4.69
2011-06-09,28.05,1.59,84.13,5.24
2011-06-10,28.07,0.87,83.07,5.25
2011-06-11,28.12,0.0,82.41,4.99
2011-06-12,27.84,0.0,84.16,4.61
2011-06-13,27.81,0.35,82.8,4.7
2011-06-14,27.38,4.52,77.07,6.89
2011-06-15,27.66,3.57,81.15,5.52
2011-06-16,27.75,1.35,82.87,5.14
2011-06-17,27.69,3.12,82.98,5.4
2011-06-18,27.51,1.25,87.29,4.79
2011-06-19,27.84,0.13,81.59,5.79
2011-06-20,27.73,0.23,82.89,5.5
2011-06-21,28.04,0.1,80.97,5.31
2011-06-22,28.0,0.03,80.73,5.73
2011-06-23,27.97,0.59,80.37,5.82
2011-06-24,27.92,0.13,81.94,5.89
2011-06-25,27.8,0.26,84.46,5.77
2011-06-26,27.61,0.99,85.75,6.05
2011-06-27,27.37,0.46,80.98,6.73
2011-06-28,27.32,0.12,81.6,5.55
2011-06-29,27.5,0.01,83.99,4.51
2011-06-30,27.35,0.01,85.06,5.14
2011-07-01,27.46,0.29,84.78,5.06
2011-07-02,27.44,0.06,82.12,5.22
2011-07-03,27.26,0.01,85.89,4.1
2011-07-04,27.32,0.01,84.75,5.15
2011-07-05,26.75,7.81,81.39,5.95
2011-07-06,26.9,4.26,81.63,6.04
2011-07-07,27.07,0.07,83.42,4.74
2011-07-08,27.33,0.13,75.99,5.55
2011-07-09,27.14,0.46,80.21,4.35
2011-07-10,26.97,1.54,85.95,5.12
2011-07-11,26.87,1.39,86.92,6.56
2011-07-12,26.34,0.7,81.7,6.84
2011-07-13,26.72,1.45,84.65,5.83
2011-07-14,26.86,1.57,84.71,6.0
2011-07-15,26.89,7.01,86.41,5.25
2011-07-16,26.39,3.31,86.18,5.65
2011-07-17,26.08,2.84,86.38,5.29
2011-07-18,26.5,0.44,85.39,5.87
2011-07-19,26.69,0.18,84.1,5.11
2011-07-20,26.47,0.2,85.04,5.65
2011-07-21,26.75,0.85,86.53,4.41
2011-07-22,26.7,1.89,86.82,5.08
2011-07-23,26.58,1.22,87.59,4.96
2011-07-24,26.42,0.82,85.47,5.84
2011-07-25,26.31,0.18,85.61,5.59
2011-07-26,26.67,0.04,82.67,5.81
2011-07-27,26.56,0.06,83.0,5.65
2011-07-28,26.92,0.11,81.88,5.29
2011-07-29,26.81,0.01,78.83,5.58
2011-07-30,26.6,0.01,82.15,4.76
2011-07-31,27.09,0.02,82.91,5.44
2011-08-01,27.44,0.01,81.0,5.79
2011-08-02,27.46,0.7,82.83,5.72
2011-08-03,27.17,5.81,85.1,5.0
2011-08-04,26.99,0.51,85.77,4.21
2011-08-05,26.84,0.24,81.96,6.11
2011-08-06,26.57,5.51,79.48,6.82
2011-08-07,27.09,3.1,78.49,6.63
2011-08-08,26.83,0.24,85.59,5.29
2011-08-09,27.13,0.06,82.59,5.19
2011-08-10,27.33,0.06,80.65,5.78
2011-08-11,27.15,0.05,81.49,6.2
2011-08-12,27.16,0.04,79.62,5.9
2011-08-13,27.38,0.02,77.13,5.74
2011-08-14,27.54,0.01,79.67,4.27
2011-08-15,27.45,0.07,81.73,4.5
2011-08-16,27.09,0.06,79.66,4.88
2011-08-17,26.47,0.95,83.51,5.21
2011-08-18,26.52,1.17,80.68,6.3
2011-08-19,26.93,0.01,79.43,6.13
2011-08-20,27.27,0.02,82.05,6.03
2011-08-21,27.21,0.02,79.46,5.76
2011-08-22,26.55,0.01,83.53,5.92
2011-08-23,27.15,0.02,81.03,5.25
2011-08-24,26.77,0.03,81.44,5.18
2011-08-25,26.91,0.31,80.77,5.16
2011-08-26,27.07,1.01,81.25,4.92
2011-08-27,27.25,0.25,80.87,5.95
2011-08-28,27.03,0.53,85.22,5.53
2011-08-29,27.35,1.87,83.84,5.22
2011-08-30,27.53,6.01,82.82,5.16
2011-08-31,27.55,13.16,81.49,5.64
2011-09-01,27.38,8.12,82.9,5.98
2011-09-02,26.83,0.98,84.69,5.56
2011-09-03,26.59,2.39,80.98,5.4
2011-09-04,27.12,2.06,82.6,4.33
2011-09-05,27.13,0.03,84.05,4.55
2011-09-06,26.95,0.78,84.74,4.27
2011-09-07,26.84,0.36,82.11,4.75
2011-09-08,27.49,0.05,82.15,4.48
2011-09-09,27.37,0.12,80.67,5.54
2011-09-10,27.16,6.94,82.05,6.43
2011-09-11,26.54,5.34,84.9,6.68
2011-09-12,26.55,8.36,83.6,7.05
2011-09-13,26.8,2.27,80.67,7.39
2011-09-14,27.23,1.63,78.33,6.79
2011-09-15,27.19,1.05,81.32,6.55
2011-09-16,27.52,0.23,82.61,5.38
2011-09-17,27.37,0.01,82.93,4.6
2011-09-18,27.52,0.01,80.84,4.34
2011-09-19,27.52,0.13,79.35,4.65
2011-09-20,27.5,3.32,80.68,5.3
2011-09-21,27.37,1.29,80.88,5.75
2011-09-22,27.84,0.08,76.58,5.33
2011-09-23,27.78,0.0,76.97,5.15
2011-09-24,28.08,0.0,76.55,5.24
2011-09-25,27.93,0.0,77.61,4.77
2011-09-26,27.85,0.01,78.14,4.66
2011-09-27,28.01,0.01,78.07,5.4
2011-09-28,28.16,0.0,75.2,5.63
2011-09-29,28.44,0.01,74.76,5.14
2011-09-30,28.24,0.01,78.75,4.54
2011-10-01,27.83,0.0,78.49,4.08
2011-10-02,28.19,0.01,75.55,4.22
2011-10-03,28.36,0.02,76.83,5.02
2011-10-04,28.35,0.05,76.9,5.13
2011-10-05,28.37,0.02,74.64,4.39
2011-10-06,28.31,0.01,74.53,4.7
2011-10-07,28.28,2.11,74.34,4.71
2011-10-08,28.25,0.89,72.64,4.94
2011-10-09,28.0,0.0,75.32,5.11
2011-10-10,27.85,0.0,77.16,5.02
2011-10-11,27.57,0.04,78.76,4.73
2011-10-12,28.34,0.08,75.88,3.79
2011-10-13,28.13,0.47,76.55,3.54
2011-10-14,28.39,1.73,77.8,3.14
2011-10-15,28.31,2.04,79.0,3.45
2011-10-16,28.16,30.58,80.2,3.34
2011-10-17,27.25,13.29,82.06,2.88
2011-10-18,27.87,0.92,76.42,2.61
2011-10-19,27.93,2.32,76.98,3.08
2011-10-20,27.88,0.02,77.85,3.13
2011-10-21,27.99,0.4,78.26,2.43
2011-10-22,27.44,0.65,79.21,2.51
2011-10-23,27.25,1.46,77.29,2.28
2011-10-24,28.11,6.8,75.52,3.34
2011-10-25,27.07,10.16,81.68,4.12
2011-10-26,26.61,24.21,88.1,4.51
2011-10-27,27.06,12.47,80.49,2.07
2011-10-28,27.69,9.84,81.57,4.33
2011-10-29,27.32,5.21,85.46,4.81
2011-10-30,26.33,24.56,85.97,4.43
2011-10-31,26.66,23.31,85.81,5.2
2011-11-01,26.49,7.68,87.76,4.79
2011-11-02,26.49,4.04,84.28,3.19
2011-11-03,26.74,1.28,82.94,2.25
2011-11-04,27.24,0.65,76.01,2.31
2011-11-05,27.99,0.05,76.0,2.44
2011-11-06,27.56,14.43,79.68,1.98
2011-11-07,27.59,16.27,79.44,2.62
2011-11-08,27.06,3.31,78.68,4.42
2011-11-09,27.1,0.0,71.07,4.92
2011-11-10,27.33,0.0,63.05,3.95
2011-11-11,27.69,0.0,65.48,3.02
2011-11-12,27.96,0.0,67.41,2.25
2011-11-13,27.58,0.01,76.65,2.76
2011-11-14,27.71,10.76,79.73,4.08
2011-11-15,27.77,0.25,78.34,5.12
2011-11-16,28.11,0.02,73.77,3.59
2011-11-17,27.88,0.17,76.42,4.75
2011-11-18,27.67,4.06,82.69,5.06
2011-11-19,27.72,1.86,81.92,6.22
2011-11-20,27.33,0.63,78.07,7.0
2011-11-21,27.35,1.22,82.8,6.58
2011-11-22,27.56,0.22,80.51,7.11
2011-11-23,27.57,0.35,79.56,6.79
2011-11-24,27.71,1.6,82.76,6.38
2011-11-25,27.49,29.08,88.67,7.44
2011-11-26,27.59,26.86,86.51,9.7
2011-11-27,26.99,43.19,87.91,5.1
2011-11-28,27.01,2.63,80.42,2.85
2011-11-29,27.67,0.07,78.36,1.65
2011-11-30,28.18,0.72,81.03,3.03
2011-12-01,27.51,1.73,83.83,3.56
2011-12-02,27.34,2.88,82.59,3.37
2011-12-03,26.93,2.32,81.93,2.55
2011-12-04,27.03,1.27,78.67,2.11
2011-12-05,27.44,0.19,76.81,3.67
2011-12-06,27.09,0.01,78.22,5.05
2011-12-07,26.62,0.0,75.24,5.99
2011-12-08,26.64,0.01,75.98,5.21
2011-12-09,27.32,0.01,79.63,4.57
2011-12-10,27.62,0.18,81.61,4.15
2011-12-11,27.39,1.6,83.9,4.88
2011-12-12,26.66,2.92,83.58,4.83
2011-12-13,26.69,0.26,85.64,5.49
2011-12-14,27.39,0.15,83.09,5.38
2011-12-15,27.01,0.74,82.6,5.3
2011-12-16,27.2,3.7,77.69,6.48
2011-12-17,27.06,0.0,75.22,5.93
2011-12-18,26.27,0.99,79.74,7.21
2011-12-19,25.8,2.93,82.61,6.04
2011-12-20,25.82,2.01,81.28,6.77
2011-12-21,26.37,0.01,75.5,6.27
2011-12-22,26.25,0.03,75.81,5.92
2011-12-23,26.39,0.05,74.78,5.2
2011-12-24,26.92,35.04,73.75,4.36
2011-12-25,26.61,0.63,71.43,4.69
2011-12-26,27.04,0.0,61.45,3.36
2011-12-27,26.86,0.0,70.74,2.22
2011-12-28,27.09,0.0,73.02,3.44
2011-12-29,27.07,0.01,76.63,4.79
2011-12-30,27.22,13.37,78.77,5.15
2011-12-31,26.87,79.43,80.23,3.42
2012-01-01,26.65,1.62,76.24,3.22
2012-01-02,26.32,0.0,73.39,2.85
2012-01-03,26.55,0.0,81.95,4.03
2012-01-04,27.22,0.01,84.03,4.22
2012-01-05,27.32,0.01,82.38,5.58
2012-01-06,27.05,0.0,80.3,5.94
2012-01-07,26.83,0.01,79.1,5.72
2012-01-08,26.8,0.12,84.71,5.5
2012-01-09,27.38,0.07,80.72,4.25
2012-01-10,27.17,2.61,79.52,3.98
2012-01-11,26.99,3.59,73.37,3.06
2012-01-12,26.95,4.23,75.41,4.81
2012-01-13,27.11,0.0,75.45,6.15
2012-01-14,26.81,0.0,74.75,6.7
2012-01-15,26.02,0.0,69.97,6.77
2012-01-16,25.43,0.0,70.25,5.78
2012-01-17,25.96,0.0,66.11,4.7
2012-01-18,26.25,0.0,62.72,2.87
2012-01-19,26.42,0.0,67.56,2.22
2012-01-20,26.54,0.0,71.03,2.48
2012-01-21,26.5,0.0,70.43,3.6
2012-01-22,26.39,0.0,69.03,5.58
2012-01-23,26.07,0.0,72.71,5.94
2012-01-24,26.35,0.0,69.44,5.42
2012-01-25,26.38,0.0,65.6,5.03
2012-01-26,26.61,0.0,68.17,4.97
2012-01-27,26.58,0.02,74.37,4.21
2012-01-28,26.83,0.0,73.87,4.2
2012-01-29,26.86,0.0,71.68,4.41
2012-01-30,26.78,0.0,69.99,5.53
2012-01-31,26.6,0.0,70.67,6.08
2012-02-01,26.57,0.0,71.81,6.76
2012-02-02,26.34,0.0,74.27,6.81
2012-02-03,26.8,0.0,74.94,7.02
2012-02-04,27.16,0.0,74.21,5.8
2012-02-05,27.22,0.0,77.53,4.95
2012-02-06,27.24,0.01,76.94,4.91
2012-02-07,27.58,0.01,76.8,5.48
2012-02-08,27.3,0.01,80.62,5.3
2012-02-09,27.38,0.1,82.67,3.91
2012-02-10,26.33,3.39,87.51,2.97
2012-02-11,27.42,0.26,78.38,3.55
2012-02-12,27.3,0.14,74.11,4.95
2012-02-13,27.15,0.0,74.92,5.24
2012-02-14,27.47,0.0,74.86,4.43
2012-02-15,27.14,0.05,74.96,3.67
2012-02-16,27.52,0.0,72.97,2.79
2012-02-17,27.56,0.0,73.62,3.4
2012-02-18,27.58,0.0,75.05,5.57
2012-02-19,27.37,0.0,72.07,5.82
2012-02-20,27.61,0.0,73.56,4.68
2012-02-21,27.4,0.0,70.8,4.25
2012-02-22,27.23,0.0,70.02,4.71
2012-02-23,27.01,0.0,70.79,5.23
2012-02-24,27.35,0.0,68.82,5.51
2012-02-25,27.76,0.0,67.92,6.08
2012-02-26,27.89,0.0,68.88,4.83
2012-02-27,28.14,0.0,70.46,4.59
2012-02-28,26.52,0.01,81.66,2.24
2012-02-29,28.09,0.0,72.64,2.2
2012-03-01,28.39,0.0,74.25,1.98
2012-03-02,28.2,0.0,75.59,2.36
2012-03-03,28.2,0.0,75.96,3.61
2012-03-04,28.25,0.0,72.35,3.86
2012-03-05,28.16,0.0,71.77,3.07
2012-03-06,28.69,0.0,72.17,2.77
2012-03-07,28.41,0.0,75.53,4.22
2012-03-08,28.59,0.01,73.15,5.81
2012-03-09,28.63,0.0,70.56,4.8
2012-03-10,29.08,0.0,70.0,3.79
2012-03-11,28.82,0.67,68.75,2.85
2012-03-12,28.54,3.65,72.14,4.3
2012-03-13,27.9,3.45,80.69,4.01
2012-03-14,28.09,6.38,78.07,3.54
2012-03-15,28.31,3.42,73.63,2.28
2012-03-16,28.91,0.1,72.05,1.72
2012-03-17,28.66,0.07,73.89,2.06
2012-03-18,28.81,0.0,71.87,1.9
2012-03-19,28.86,0.0,74.71,2.67
2012-03-20,28.84,0.0,74.85,3.12
2012-03-21,28.39,0.0,73.72,3.22
2012-03-22,28.89,0.03,74.03,3.61
2012-03-23,29.39,0.01,71.18,2.26
2012-03-24,28.83,0.0,69.55,2.21
2012-03-25,28.89,0.0,53.59,3.25
2012-03-26,28.73,0.0,58.1,3.53
2012-03-27,28.47,0.2,68.63,2.62
2012-03-28,28.6,0.65,69.18,2.15
2012-03-29,28.95,4.36,71.79,2.4
2012-03-30,28.87,1.48,74.62,4.17
2012-03-31,29.45,6.14,75.48,3.68
2012-04-01,29.19,4.94,75.33,2.01
2012-04-02,28.57,0.97,73.68,1.72
2012-04-03,28.77,0.21,72.42,2.47
2012-04-04,28.92,0.0,71.96,2.6
2012-04-05,29.33,0.01,74.35,3.86
2012-04-06,29.49,0.02,75.11,4.42
2012-04-07,29.43,0.01,74.5,3.55
2012-04-08,29.16,0.19,75.45,3.11
2012-04-09,29.05,0.14,73.92,3.04
2012-04-10,29.14,0.02,74.22,3.3
2012-04-11,29.14,0.03,74.14,3.08
2012-04-12,29.44,2.47,74.12,3.65
2012-04-13,28.71,2.39,78.93,2.87
2012-04-14,28.61,3.43,77.38,1.79
2012-04-15,28.08,5.24,79.84,2.11
2012-04-16,28.56,1.48,76.43,2.84
2012-04-17,29.05,0.04,75.63,4.61
2012-04-18,28.86,0.03,78.56,5.17
2012-04-19,29.35,0.02,75.36,4.38
2012-04-20,28.96,0.04,78.94,3.45
2012-04-21,29.84,0.06,72.1,4.26
2012-04-22,29.45,0.22,79.23,4.96
2012-04-23,29.34,0.36,81.47,4.92
2012-04-24,28.19,18.49,86.07,4.65
2012-04-25,28.58,3.71,78.67,4.6
2012-04-26,28.48,1.03,80.08,4.57
2012-04-27,28.93,5.71,79.31,5.5
2012-04-28,28.96,5.07,81.01,5.46
2012-04-29,28.48,15.24,83.4,5.0
2012-04-30,28.61,6.66,79.94,5.2
2012-05-01,29.02,1.69,75.99,4.77
2012-05-02,29.07,0.05,73.75,4.89
2012-05-03,28.48,3.97,75.29,5.45
2012-05-04,28.29,2.47,76.79,5.81
2012-05-05,28.71,1.35,76.32,6.51
2012-05-06,29.11,0.13,74.96,5.77
2012-05-07,29.09,0.01,76.49,4.87
2012-05-08,28.8,0.1,75.63,4.91
2012-05-09,28.59,4.29,76.76,4.98
2012-05-10,28.46,3.32,78.2,4.69
2012-05-11,28.21,25.94,82.03,4.98
2012-05-12,28.09,12.92,81.6,5.41
2012-05-13,28.75,0.06,78.96,4.63
2012-05-14,28.95,0.02,77.09,4.59
2012-05-15,29.02,0.1,77.39,4.93
2012-05-16,28.67,4.59,81.46,5.12
2012-05-17,28.61,1.32,81.69,5.51
2012-05-18,28.74,0.02,82.95,4.55
2012-05-19,28.5,0.02,85.85,4.96
2012-05-20,28.46,0.01,85.32,4.87
2012-05-21,27.98,0.02,79.84,6.06
2012-05-22,28.44,0.01,78.33,5.96
2012-05-23,28.43,0.01,80.96,5.11
2012-05-24,28.7,0.01,81.09,5.96
2012-05-25,28.18,0.02,84.12,5.54
2012-05-26,27.71,0.02,84.41,5.17
2012-05-27,27.99,0.02,80.44,6.22
2012-05-28,28.66,0.76,79.28,6.2
2012-05-29,28.79,1.2,79.68,5.83
2012-05-30,28.95,0.3,77.92,6.04
2012-05-31,28.98,0.2,78.63,6.17
2012-06-01,28.57,0.14,83.97,6.0
2012-06-02,28.63,0.04,82.53,5.87
2012-06-03,28.9,0.09,82.46,6.47
2012-06-04,28.87,0.17,80.04,6.78
2012-06-05,28.96,1.16,75.96,6.69
2012-06-06,28.46,4.89,82.14,6.4
2012-06-07,27.98,1.62,81.7,6.59
2012-06-08,28.2,0.41,78.55,5.88
2012-06-09,28.4,0.05,82.02,6.53
2012-06-10,28.38,0.02,81.04,6.52
2012-06-11,28.53,0.02,78.53,6.1
2012-06-12,28.29,0.62,80.9,5.59
2012-06-13,27.84,1.18,78.18,5.8
2012-06-14,26.95,5.69,80.76,5.6
2012-06-15,27.05,0.78,83.51,6.28
2012-06-16,27.81,4.16,82.0,6.6
2012-06-17,27.69,2.76,80.99,6.99
2012-06-18,27.48,1.04,81.18,5.92
2012-06-19,27.94,1.55,80.25,6.06
2012-06-20,27.49,1.06,80.85,6.14
2012-06-21,27.37,0.44,82.5,5.39
2012-06-22,27.55,1.83,82.17,5.3
2012-06-23,27.81,1.95,80.98,5.94
2012-06-24,27.74,0.2,82.31,5.26
2012-06-25,27.75,0.04,82.21,4.84
2012-06-26,27.52,0.06,80.49,5.01
2012-06-27,27.07,1.07,82.33,5.2
2012-06-28,26.59,0.8,82.86,5.82
2012-06-29,26.56,0.37,83.8,5.61
2012-06-30,27.56,1.93,78.82,5.86
2012-07-01,27.65,6.95,76.35,6.69
2012-07-02,27.47,9.23,78.72,6.92
2012-07-03,27.48,1.87,82.23,6.47
2012-07-04,27.51,1.38,84.25,5.63
2012-07-05,27.62,1.15,84.28,5.32
2012-07-06,27.61,0.21,83.85,5.41
2012-07-07,27.78,0.12,82.56,5.75
2012-07-08,27.81,0.06,83.16,5.81
2012-07-09,26.96,6.76,83.81,7.63
2012-07-10,27.32,15.35,81.65,6.86
2012-07-11,27.83,1.32,77.72,7.24
2012-07-12,28.08,1.24,79.02,6.69
2012-07-13,28.1,0.18,78.18,7.02
2012-07-14,27.69,0.09,82.33,6.42
2012-07-15,27.77,0.01,82.17,5.17
2012-07-16,27.62,0.0,83.18,4.07
2012-07-17,27.53,0.84,83.26,4.41
2012-07-18,27.58,0.56,82.18,5.11
2012-07-19,27.52,0.04,83.19,5.65
2012-07-20,27.93,0.31,78.35,6.19
2012-07-21,28.04,0.41,80.29,6.31
2012-07-22,27.59,4.38,83.88,6.7
2012-07-23,27.68,1.32,82.04,6.5
2012-07-24,27.69,1.08,83.27,6.19
2012-07-25,27.3,0.51,86.96,6.33
2012-07-26,27.43,0.06,83.58,6.26
2012-07-27,27.43,0.0,82.43,5.93
2012-07-28,27.32,0.11,82.98,5.39
2012-07-29,27.59,0.66,82.15,4.96
2012-07-30,27.68,0.06,81.93,4.74
2012-07-31,27.96,0.0,79.77,4.85
2012-08-01,27.8,0.0,79.36,4.72
2012-08-02,27.82,0.0,76.17,5.27
2012-08-03,27.63,0.0,79.76,5.64
2012-08-04,27.68,1.06,82.34,5.66
2012-08-05,27.54,0.88,84.84,5.31
2012-08-06,27.8,1.02,82.24,5.26
2012-08-07,27.89,0.45,80.67,4.57
2012-08-08,27.7,2.4,78.93,5.06
2012-08-09,27.83,0.85,76.65,5.26
2012-08-10,27.78,0.04,80.43,5.45
2012-08-11,27.22,0.19,83.0,5.94
2012-08-12,27.17,0.11,79.02,5.42
2012-08-13,27.13,0.03,81.6,5.41
2012-08-14,27.61,5.48,80.56,5.1
2012-08-15,27.57,4.8,80.05,5.38
2012-08-16,26.83,2.55,83.92,5.56
2012-08-17,26.25,8.62,83.75,6.65
2012-08-18,27.05,1.79,77.54,7.32
2012-08-19,27.29,0.55,79.53,5.93
2012-08-20,27.46,0.0,79.59,5.55
2012-08-21,27.55,0.0,79.5,4.79
2012-08-22,27.48,0.01,80.3,4.04
2012-08-23,27.43,0.13,81.13,4.03
2012-08-24,27.63,2.66,79.69,4.93
2012-08-25,27.56,2.49,77.56,6.33
2012-08-26,27.43,0.22,81.23,6.64
2012-08-27,27.28,3.38,80.67,5.85
2012-08-28,27.4,3.7,81.21,5.42
2012-08-29,27.69,7.87,80.61,6.02
2012-08-30,27.16,9.53,84.94,5.87
2012-08-31,26.57,8.44,86.07,5.65
2012-09-01,27.2,1.35,82.64,4.63
2012-09-02,27.46,0.4,84.92,5.39
2012-09-03,27.43,1.61,84.05,5.69
2012-09-04,27.16,1.95,80.09,5.94
2012-09-05,27.52,1.97,80.98,4.48
2012-09-06,27.74,0.21,81.48,4.86
2012-09-07,27.59,0.07,81.48,5.06
2012-09-08,27.57,1.35,80.99,5.01
2012-09-09,27.53,2.04,79.09,5.69
2012-09-10,27.26,0.9,78.34,6.19
2012-09-11,27.28,0.79,80.63,5.42
2012-09-12,27.53,0.02,81.98,4.55
2012-09-13,27.63,4.91,81.97,5.07
2012-09-14,27.82,8.32,79.62,5.84
2012-09-15,27.43,1.55,81.12,6.34
2012-09-16,27.88,0.42,80.43,5.96
2012-09-17,28.12,0.06,81.35,5.27
2012-09-18,28.37,0.02,76.69,5.5
2012-09-19,27.99,0.01,78.52,4.28
2012-09-20,27.98,0.01,79.34,4.42
2012-09-21,27.85,0.02,78.88,3.82
2012-09-22,27.48,0.24,79.7,3.98
2012-09-23,27.6,0.22,79.0,4.56
2012-09-24,28.11,0.04,76.36,5.31
2012-09-25,27.96,0.0,77.14,5.75
2012-09-26,27.93,0.0,79.93,5.58
2012-09-27,28.08,0.16,77.9,5.61
2012-09-28,27.74,0.55,79.92,5.41
2012-09-29,28.4,0.1,77.47,4.99
2012-09-30,28.39,0.0,75.06,5.9
2012-10-01,28.26,0.0,74.42,5.18
2012-10-02,28.14,0.0,76.4,5.02
2012-10-03,28.09,0.01,77.26,4.57
2012-10-04,28.11,0.01,77.61,4.37
2012-10-05,28.22,0.01,78.56,4.21
2012-10-06,28.16,0.02,76.78,3.86
2012-10-07,28.62,0.37,75.59,3.78
2012-10-08,28.4,2.26,81.94,3.44
2012-10-09,28.48,0.21,79.66,3.99
2012-10-10,28.04,6.22,78.46,4.62
2012-10-11,28.11,16.81,78.26,3.67
2012-10-12,27.69,8.31,81.27,3.07
2012-10-13,28.11,0.42,76.29,3.14
2012-10-14,27.55,3.63,82.56,3.45
2012-10-15,26.69,6.7,84.6,3.23
2012-10-16,26.6,11.15,83.51,3.58
2012-10-17,26.71,32.67,81.29,2.18
2012-10-18,27.43,25.02,76.47,1.91
2012-10-19,26.81,15.46,86.64,4.89
2012-10-20,26.11,16.15,84.23,3.39
2012-10-21,26.79,5.88,83.85,2.9
2012-10-22,26.9,13.92,84.42,2.61
2012-10-23,27.13,11.58,85.49,4.23
2012-10-24,27.19,12.42,86.59,4.63
2012-10-25,27.25,4.71,86.22,3.96
2012-10-26,27.52,0.08,82.5,3.49
2012-10-27,27.01,0.37,86.3,3.17
2012-10-28,26.46,4.21,87.06,2.77
2012-10-29,26.29,5.14,83.89,3.42
2012-10-30,26.87,0.06,77.27,1.59
2012-10-31,27.13,13.2,83.93,4.29
2012-11-01,27.38,9.62,85.68,7.3
2012-11-02,27.51,4.24,82.17,4.64
2012-11-03,27.49,0.01,81.29,3.53
2012-11-04,27.65,0.01,77.31,3.48
2012-11-05,27.27,0.0,75.82,3.54
2012-11-06,27.39,4.17,74.0,2.22
2012-11-07,26.38,9.14,78.86,1.41
2012-11-08,26.05,11.55,84.25,1.54
2012-11-09,26.91,10.14,84.34,2.62
2012-11-10,27.36,7.67,83.89,3.22
2012-11-11,27.53,12.01,82.06,3.77
2012-11-12,27.71,4.27,73.51,2.7
2012-11-13,28.03,0.16,72.32,3.27
2012-11-14,27.79,0.04,66.01,2.74
2012-11-15,27.36,0.0,65.36,3.45
2012-11-16,27.79,0.42,66.42,2.69
2012-11-17,27.65,8.64,70.83,2.88
2012-11-18,28.33,0.0,71.9,1.61
2012-11-19,28.14,0.0,72.51,1.46
2012-11-20,28.22,0.0,71.36,1.32
2012-11-21,28.6,0.0,69.35,1.31
2012-11-22,28.35,0.01,74.9,2.1
2012-11-23,28.1,4.13,80.85,2.85
2012-11-24,27.31,19.11,82.64,2.6
2012-11-25,27.15,2.6,86.66,4.7
2012-11-26,27.39,0.51,84.19,5.32
2012-11-27,27.01,0.06,83.35,5.5
2012-11-28,27.37,0.01,76.22,5.46
2012-11-29,26.87,0.0,74.31,4.99
2012-11-30,27.07,0.0,70.9,4.06
2012-12-01,26.96,0.0,69.99,4.27
2012-12-02,27.02,0.0,69.87,3.77
2012-12-03,27.55,0.04,72.76,2.72
2012-12-04,26.97,9.74,84.28,3.98
2012-12-05,27.45,0.51,81.62,6.02
2012-12-06,27.85,1.68,82.01,5.58
2012-12-07,27.49,1.06,81.69,6.07
2012-12-08,27.37,0.22,82.21,4.76
2012-12-09,27.28,9.68,81.93,4.6
2012-12-10,26.92,0.09,76.18,4.66
2012-12-11,27.16,0.0,76.91,4.53
2012-12-12,27.28,0.0,76.52,3.99
2012-12-13,27.31,0.0,74.74,3.63
2012-12-14,27.1,0.0,74.74,5.64
2012-12-15,26.8,0.0,78.71,6.39
2012-12-16,27.08,0.05,76.79,7.27
2012-12-17,26.93,0.12,74.46,7.7
2012-12-18,26.86,1.38,79.46,7.41
2012-12-19,26.56,1.75,83.91,6.17
2012-12-20,26.99,1.21,84.9,6.65
2012-12-21,27.33,0.72,82.64,5.76
2012-12-22,27.31,0.11,77.52,5.93
2012-12-23,26.72,0.12,78.19,7.47
2012-12-24,27.34,0.02,77.68,5.45
2012-12-25,27.31,0.09,81.76,6.11
2012-12-26,27.53,4.44,80.36,4.51
2012-12-27,27.08,7.15,84.36,4.93
2012-12-28,26.68,11.31,87.55,3.83
2012-12-29,27.14,2.86,87.04,5.18
2012-12-30,26.97,3.15,87.05,4.58
2012-12-31,27.13,0.65,83.3,4.29
2013-01-01,27.55,0.0,78.02,4.51
2013-01-02,27.66,0.0,72.61,3.85
2013-01-03,27.49,0.0,76.76,2.96
2013-01-04,27.67,0.02,71.92,2.59
2013-01-05,27.4,0.0,75.34,3.2
2013-01-06,27.75,0.0,78.23,3.09
2013-01-07,27.51,0.12,76.43,2.99
2013-01-08,27.23,4.4,76.92,2.79
2013-01-09,27.31,1.6,80.77,2.32
2013-01-10,27.35,0.08,76.1,4.83
2013-01-11,27.23,0.0,77.9,5.87
2013-01-12,27.36,0.0,73.73,5.08
2013-01-13,26.96,0.0,69.2,5.81
2013-01-14,26.71,0.0,69.7,5.46
2013-01-15,26.8,0.0,71.65,6.06
2013-01-16,26.98,0.0,68.17,6.36
2013-01-17,26.85,0.0,67.5,5.68
2013-01-18,26.96,0.0,68.47,4.97
2013-01-19,27.31,0.0,68.77,4.79
2013-01-20,26.99,0.0,71.95,4.38
2013-01-21,27.47,0.0,75.53,5.23
2013-01-22,27.23,0.0,70.82,5.69
2013-01-23,27.51,0.0,75.93,4.3
2013-01-24,27.4,0.0,76.3,4.91
2013-01-25,27.44,0.03,74.16,5.58
2013-01-26,27.35,0.0,70.87,5.83
2013-01-27,27.35,0.0,72.88,6.05
2013-01-28,27.57,0.0,69.75,5.11
2013-01-29,27.29,0.0,70.9,4.41
2013-01-30,27.34,0.0,71.69,5.68
2013-01-31,27.1,0.0,71.3,6.97
2013-02-01,26.95,0.0,69.76,6.51
2013-02-02,27.17,0.0,72.36,5.46
2013-02-03,27.3,0.0,71.48,5.2
2013-02-04,27.57,0.0,72.72,3.71
2013-02-05,27.67,0.01,76.94,3.71
2013-02-06,27.64,7.52,78.65,4.02
2013-02-07,27.91,0.7,74.12,2.85
2013-02-08,28.11,0.02,73.69,2.0
2013-02-09,27.54,0.02,77.86,3.47
2013-02-10,28.15,0.01,71.98,5.77
2013-02-11,27.92,0.07,74.21,6.6
2013-02-12,28.03,0.1,76.02,6.62
2013-02-13,27.24,6.62,83.48,5.91
2013-02-14,26.47,4.69,79.86,4.73
2013-02-15,26.64,0.31,78.47,4.02
2013-02-16,27.82,0.0,76.12,2.78
2013-02-17,28.14,1.68,74.07,2.7
2013-02-18,27.89,4.0,75.47,2.71
2013-02-19,28.57,5.64,71.27,1.85
2013-02-20,28.44,0.11,75.19,4.27
2013-02-21,28.51,0.0,67.9,5.43
2013-02-22,27.89,0.0,70.03,5.81
2013-02-23,27.98,0.0,68.51,4.97
2013-02-24,27.72,0.0,68.51,4.57
2013-02-25,27.91,0.0,68.99,3.95
2013-02-26,27.8,0.0,67.02,3.88
2013-02-27,28.16,0.0,64.88,3.61
2013-02-28,28.39,0.0,67.31,2.95
2013-03-01,28.55,0.0,67.98,3.46
2013-03-02,28.4,0.0,70.25,4.82
2013-03-03,28.52,0.0,67.83,4.73
2013-03-04,28.52,0.14,72.49,4.73
2013-03-05,27.96,5.99,78.67,6.0
2013-03-06,28.33,5.32,81.47,5.23
2013-03-07,28.47,0.07,79.6,5.63
2013-03-08,28.57,3.4,80.13,4.27
2013-03-09,27.75,16.17,81.82,3.47
2013-03-10,28.48,0.85,76.65,2.95
2013-03-11,28.44,0.04,74.88,2.76
2013-03-12,28.92,0.0,69.26,1.98
2013-03-13,29.03,0.02,64.6,1.74
2013-03-14,29.04,0.02,66.1,2.16
2013-03-15,28.96,1.92,71.15,2.95
2013-03-16,28.13,27.12,78.51,4.31
2013-03-17,28.3,7.34,74.77,3.66
2013-03-18,28.64,0.0,74.08,2.85
2013-03-19,28.9,0.0,71.25,2.55
2013-03-20,28.7,0.0,74.77,2.72
2013-03-21,28.82,0.0,70.01,2.97
2013-03-22,28.8,0.0,64.09,2.29
2013-03-23,28.45,0.0,64.7,1.77
2013-03-24,28.94,0.01,69.25,2.13
2013-03-25,28.96,1.56,72.78,2.21
2013-03-26,28.77,2.98,75.52,2.19
2013-03-27,28.98,0.02,74.03,2.06
2013-03-28,29.04,0.0,74.8,2.59
2013-03-29,29.18,0.01,75.28,3.33
2013-03-30,29.45,0.01,75.46,3.57
2013-03-31,29.66,0.0,73.1,3.75
2013-04-01,29.52,0.0,72.29,4.07
2013-04-02,29.57,0.0,73.01,3.82
2013-04-03,29.44,0.0,74.59,3.09
2013-04-04,29.5,0.0,76.16,4.53
2013-04-05,29.71,0.01,74.58,4.3
2013-04-06,29.82,0.0,72.76,5.2
2013-04-07,29.88,0.0,73.25,4.59
2013-04-08,29.8,0.01,74.61,3.28
2013-04-09,29.37,3.38,74.45,2.96
2013-04-10,29.15,1.15,74.25,3.24
2013-04-11,29.51,0.07,72.9,3.58
2013-04-12,30.18,0.19,74.15,2.57
2013-04-13,29.62,0.07,76.99,2.87
2013-04-14,29.39,2.1,76.68,3.86
2013-04-15,28.93,27.74,81.19,4.75
2013-04-16,29.38,15.59,77.81,5.52
2013-04-17,29.57,0.0,76.11,5.26
2013-04-18,29.69,0.0,73.26,5.12
2013-04-19,29.82,0.0,70.61,4.88
2013-04-20,29.48,0.0,72.46,5.13
2013-04-21,28.94,0.0,74.0,4.11
2013-04-22,28.75,0.0,72.91,3.27
2013-04-23,29.22,0.0,70.62,3.04
2013-04-24,30.0,0.01,69.48,2.71
2013-04-25,29.74,0.47,74.91,2.72
2013-04-26,29.08,0.27,78.52,2.2
2013-04-27,29.28,1.02,75.68,2.56
2013-04-28,29.7,0.8,75.19,3.9
2013-04-29,30.36,0.04,74.52,4.92
2013-04-30,29.6,9.26,80.46,3.45
2013-05-01,28.99,6.38,77.17,2.96
2013-05-02,28.79,1.33,79.55,3.95
2013-05-03,29.26,0.79,79.07,5.16
2013-05-04,29.26,0.06,79.87,5.16
2013-05-05,29.12,0.03,79.19,5.15
2013-05-06,29.33,3.45,81.22,4.68
2013-05-07,29.5,1.29,80.26,4.17
2013-05-08,29.15,14.2,80.92,5.69
2013-05-09,29.17,8.42,82.35,5.3
2013-05-10,29.59,0.64,80.89,5.57
2013-05-11,29.37,0.02,83.15,5.57
2013-05-12,29.08,0.04,80.0,7.24
2013-05-13,27.69,1.08,82.47,6.55
2013-05-14,28.18,0.7,80.58,6.18
2013-05-15,29.18,0.0,76.62,6.49
2013-05-16,29.29,0.0,73.68,5.65
2013-05-17,29.24,0.0,75.53,5.62
2013-05-18,28.66,0.0,78.01,4.84
2013-05-19,28.95,0.01,81.1,4.22
2013-05-20,28.87,0.01,82.41,4.86
2013-05-21,28.7,0.03,76.96,4.7
2013-05-22,28.48,3.65,80.68,6.02
2013-05-23,28.7,2.13,80.21,6.14
2013-05-24,28.82,1.91,81.83,6.5
2013-05-25,28.45,3.03,79.99,6.51
2013-05-26,28.33,0.98,80.32,5.85
2013-05-27,28.32,0.03,78.17,5.86
2013-05-28,28.34,0.03,78.39,5.87
2013-05-29,28.55,0.03,80.06,5.81
2013-05-30,28.55,0.28,82.04,5.66
2013-05-31,28.18,8.37,79.64,6.38
2013-06-01,28.05,11.95,78.96,6.44
2013-06-02,27.65,8.38,79.95,7.44
2013-06-03,27.62,14.11,81.47,7.37
2013-06-04,27.77,1.49,84.32,6.07
2013-06-05,28.14,0.6,83.03,5.7
2013-06-06,27.75,1.78,86.14,5.4
2013-06-07,27.44,7.74,86.26,6.47
2013-06-08,26.55,13.32,85.92,7.46
2013-06-09,27.15,4.49,86.05,5.84
2013-06-10,27.49,1.1,84.94,5.92
2013-06-11,27.31,8.4,88.49,6.35
2013-06-12,27.04,6.92,82.54,7.1
2013-06-13,27.14,4.08,84.62,7.23
2013-06-14,27.4,2.71,87.92,6.54
2013-06-15,27.09,10.71,89.74,6.79
2013-06-16,26.91,11.38,89.17,5.74
2013-06-17,26.54,6.36,89.23,5.71
2013-06-18,26.79,3.17,88.16,5.46
2013-06-19,26.79,7.72,87.46,6.6
2013-06-20,26.88,4.2,84.73,6.38
2013-06-21,26.67,6.75,87.29,6.58
2013-06-22,26.48,9.62,85.27,6.9
2013-06-23,26.82,9.34,87.43,6.61
2013-06-24,27.28,4.48,86.12,6.69
2013-06-25,27.3,4.53,85.99,5.53
2013-06-26,26.78,2.66,88.66,4.75
2013-06-27,26.68,0.4,89.47,4.45
2013-06-28,26.64,0.06,88.38,3.99
2013-06-29,26.61,0.04,86.7,4.21
2013-06-30,26.2,2.58,88.62,5.63
2013-07-01,26.05,2.53,86.39,5.72
2013-07-02,26.31,2.41,89.82,6.37
2013-07-03,26.53,2.62,88.78,5.86
2013-07-04,26.5,1.29,87.15,5.94
2013-07-05,26.56,0.62,87.15,5.7
2013-07-06,26.75,1.11,85.04,6.06
2013-07-07,26.52,6.39,85.91,6.6
2013-07-08,26.51,4.97,87.51,6.38
2013-07-09,26.55,5.5,85.68,6.25
2013-07-10,26.36,3.72,85.43,6.72
2013-07-11,26.54,0.22,84.38,5.84
2013-07-12,26.5,1.44,84.02,5.93
2013-07-13,26.12,1.38,87.05,5.31
2013-07-14,26.53,3.76,88.23,5.16
2013-07-15,26.58,1.38,85.91,6.25
2013-07-16,26.41,0.48,86.68,6.03
2013-07-17,26.52,3.55,88.85,4.93
2013-07-18,26.31,6.05,88.16,5.58
2013-07-19,26.61,5.0,82.36,5.87
2013-07-20,26.31,3.89,88.56,5.17
2013-07-21,26.2,1.36,88.03,5.38
2013-07-22,25.95,4.22,88.63,5.84
2013-07-23,26.11,5.87,91.0,5.14
2013-07-24,26.29,5.33,89.45,5.37
2013-07-25,26.11,3.79,89.81,4.61
2013-07-26,26.02,4.82,91.18,3.6
2013-07-27,26.28,2.65,89.08,4.0
2013-07-28,26.62,0.14,86.48,5.08
2013-07-29,26.26,0.02,85.62,5.65
2013-07-30,25.98,0.0,90.83,4.46
2013-07-31,26.14,0.11,89.76,4.86
2013-08-01,26.26,3.5,89.41,4.89
2013-08-02,26.17,4.19,87.72,5.63
2013-08-03,26.14,1.95,88.53,5.33
2013-08-04,25.41,21.21,91.07,6.78
2013-08-05,25.38,6.95,89.07,6.83
2013-08-06,25.44,0.44,87.81,6.19
2013-08-07,25.76,0.27,88.51,5.4
2013-08-08,25.85,1.24,88.33,5.75
2013-08-09,25.91,0.69,87.27,5.62
2013-08-10,26.07,0.42,87.77,5.48
2013-08-11,26.23,0.02,88.22,5.39
2013-08-12,26.31,0.24,87.67,5.58
2013-08-13,26.29,0.15,88.43,5.12
2013-08-14,26.09,0.03,88.42,4.98
2013-08-15,26.06,0.02,88.92,4.58
2013-08-16,26.22,0.06,88.33,4.16
2013-08-17,26.08,3.32,88.32,3.81
2013-08-18,26.18,10.16,88.53,4.23
2013-08-19,26.34,1.23,88.23,3.98
2013-08-20,26.39,0.91,87.33,4.85
2013-08-21,26.54,0.02,87.11,5.0
2013-08-22,26.47,0.04,87.73,4.44
2013-08-23,26.53,0.01,85.88,4.17
2013-08-24,26.54,0.01,85.63,4.6
2013-08-25,26.53,0.02,85.97,4.98
2013-08-26,26.68,0.01,85.66,5.04
2013-08-27,26.66,0.04,87.02,4.57
2013-08-28,26.34,1.85,87.11,5.2
2013-08-29,26.51,4.67,87.38,4.48
2013-08-30,26.44,0.99,86.78,4.38
2013-08-31,26.33,0.5,89.43,4.22
2013-09-01,26.32,1.12,88.14,3.76
2013-09-02,26.34,3.13,87.68,3.66
2013-09-03,26.06,2.08,88.42,4.03
2013-09-04,26.46,3.24,84.62,4.27
2013-09-05,26.36,3.0,84.98,5.15
2013-09-06,26.42,10.04,84.22,5.31
2013-09-07,26.8,4.85,82.42,5.73
2013-09-08,26.45,9.84,82.9,6.26
2013-09-09,26.4,0.63,80.23,6.63
2013-09-10,26.79,1.59,80.38,6.15
2013-09-11,26.65,2.96,82.75,6.21
2013-09-12,26.64,5.26,84.4,6.4
2013-09-13,26.89,3.09,82.99,6.52
2013-09-14,27.03,2.44,82.0,6.37
2013-09-15,26.96,2.25,84.48,5.76
2013-09-16,26.91,3.27,88.24,5.71
2013-09-17,26.19,6.14,88.64,7.56
2013-09-18,26.55,1.72,85.53,6.17
2013-09-19,26.83,2.61,88.87,6.21
2013-09-20,26.81,1.8,89.11,6.4
2013-09-21,27.14,0.21,86.59,5.64
2013-09-22,27.08,0.04,85.23,4.89
2013-09-23,27.06,0.0,83.03,4.63
2013-09-24,27.13,0.0,82.07,4.51
2013-09-25,27.29,0.0,82.13,4.13
2013-09-26,27.47,0.0,78.16,4.11
2013-09-27,27.79,0.0,75.61,4.18
2013-09-28,27.9,0.0,74.09,4.95
2013-09-29,27.65,2.08,77.67,5.48
2013-09-30,27.46,0.7,80.0,5.62
2013-10-01,27.39,3.6,82.25,5.55
2013-10-02,27.35,1.5,82.63,5.22
2013-10-03,27.28,0.01,78.54,5.14
2013-10-04,27.32,0.01,74.44,4.33
2013-10-05,27.07,0.0,74.62,4.52
2013-10-06,27.31,0.02,78.64,4.64
2013-10-07,27.33,3.02,80.59,4.31
2013-10-08,27.29,9.7,83.6,4.8
2013-10-09,27.19,2.14,80.87,4.45
2013-10-10,27.49,0.03,80.39,4.68
2013-10-11,27.37,0.13,81.73,5.57
2013-10-12,27.2,0.8,82.28,5.85
2013-10-13,27.84,0.97,80.75,5.29
2013-10-14,27.83,0.04,80.59,4.75
2013-10-15,27.95,0.04,79.87,4.57
2013-10-16,27.72,16.08,80.75,4.18
2013-10-17,26.56,2.03,84.91,4.36
2013-10-18,26.75,1.81,81.24,3.52
2013-10-19,26.1,42.82,84.4,3.93
2013-10-20,25.9,38.95,87.95,4.49
2013-10-21,26.63,2.4,83.49,4.6
2013-10-22,27.47,2.42,83.63,5.31
2013-10-23,27.71,2.05,82.33,5.24
2013-10-24,27.54,0.52,82.32,4.16
2013-10-25,27.46,0.12,81.87,4.01
2013-10-26,27.52,0.0,77.66,3.58
2013-10-27,27.38,0.01,78.93,3.89
2013-10-28,27.37,0.0,78.2,3.95
2013-10-29,27.32,0.0,77.68,3.11
2013-10-30,27.21,0.33,79.8,2.56
2013-10-31,26.57,13.3,83.84,1.97
2013-11-01,27.08,9.64,80.31,1.64
2013-11-02,27.29,17.96,84.56,3.51
2013-11-03,27.29,14.11,84.98,3.97
2013-11-04,26.98,7.43,74.6,4.93
2013-11-05,27.39,8.15,85.41,3.57
2013-11-06,27.5,11.19,83.62,3.6
2013-11-07,27.13,3.01,81.52,3.76
2013-11-08,27.64,0.39,79.09,4.37
2013-11-09,27.91,0.09,76.39,4.46
2013-11-10,28.39,0.16,76.19,3.29
2013-11-11,28.3,12.59,74.99,2.84
2013-11-12,26.48,3.56,83.89,2.54
2013-11-13,27.1,47.23,77.64,2.24
2013-11-14,27.5,2.81,74.34,1.28
2013-11-15,27.61,0.04,74.85,2.36
2013-11-16,27.48,0.09,74.68,3.07
2013-11-17,27.34,0.62,78.12,1.71
2013-11-18,27.36,4.32,82.07,3.61
2013-11-19,27.57,2.7,80.84,3.03
2013-11-20,28.06,0.16,74.64,1.99
2013-11-21,27.61,0.08,78.49,1.79
2013-11-22,28.27,0.11,70.49,0.73
2013-11-23,28.23,6.07,72.65,1.3
2013-11-24,27.57,28.46,76.34,1.16
2013-11-25,27.19,14.79,79.19,1.39
2013-11-26,26.9,12.61,81.78,1.8
2013-11-27,27.42,0.55,77.54,1.48
2013-11-28,27.17,0.3,78.63,2.14
2013-11-29,27.3,0.0,74.03,2.98
2013-11-30,27.32,1.17,78.47,4.27
2013-12-01,26.65,10.76,85.61,5.25
2013-12-02,26.36,7.91,83.38,5.76
2013-12-03,26.66,2.56,81.48,5.92
2013-12-04,26.93,0.41,80.5,5.93
2013-12-05,27.27,0.23,79.82,4.46
2013-12-06,27.4,0.02,76.72,3.6
2013-12-07,28.26,0.0,64.88,1.71
2013-12-08,27.58,0.0,74.44,2.04
2013-12-09,27.94,0.01,72.0,2.46
2013-12-10,27.64,0.0,73.66,2.14
2013-12-11,27.53,0.0,75.77,3.72
2013-12-12,27.71,8.06,73.75,3.47
2013-12-13,26.45,7.65,82.46,3.21
2013-12-14,27.49,1.13,77.45,3.1
2013-12-15,27.24,2.61,79.78,2.71
2013-12-16,26.5,0.0,69.89,4.91
2013-12-17,25.91,0.0,72.44,6.04
2013-12-18,26.65,0.0,75.13,5.47
2013-12-19,26.97,0.02,75.65,4.33
2013-12-20,26.95,0.05,77.4,4.79
2013-12-21,26.53,0.07,76.4,4.95
2013-12-22,26.56,0.0,75.2,6.26
2013-12-23,26.61,0.0,72.41,6.84
2013-12-24,27.05,0.0,77.39,6.76
2013-12-25,27.02,0.0,72.28,5.71
2013-12-26,26.53,0.0,72.82,6.02
2013-12-27,26.76,0.0,71.33,5.18
2013-12-28,26.76,0.0,71.28,4.33
2013-12-29,26.59,0.0,70.45,4.83
2013-12-30,26.69,0.0,67.96,5.76
2013-12-31,26.57,0.0,73.73,5.61
2014-01-01,26.42,0.0,75.44,6.3
2014-01-02,26.56,0.0,72.25,5.62
2014-01-03,26.83,0.0,75.62,4.93
2014-01-04,27.2,0.0,72.42,4.66
2014-01-05,26.92,0.0,66.36,2.9
2014-01-06,27.48,0.09,68.05,2.06
2014-01-07,25.69,7.45,82.29,5.51
2014-01-08,26.34,6.92,83.2,6.48
2014-01-09,26.49,7.92,81.54,5.75
2014-01-10,26.63,0.0,74.91,5.33
2014-01-11,26.57,0.0,73.87,4.85
2014-01-12,26.95,0.0,75.5,4.21
2014-01-13,26.33,0.0,79.82,5.4
2014-01-14,26.83,0.61,80.51,5.01
2014-01-15,27.0,1.02,78.03,4.65
2014-01-16,27.19,0.0,76.66,4.8
2014-01-17,26.96,4.46,74.45,5.42
2014-01-18,26.79,0.01,70.88,5.86
2014-01-19,26.72,0.0,75.96,5.28
2014-01-20,26.97,0.0,70.7,5.78
2014-01-21,27.04,0.0,73.07,5.89
2014-01-22,27.11,0.0,74.52,5.72
2014-01-23,27.07,0.0,74.02,5.24
2014-01-24,26.93,8.99,76.71,5.16
2014-01-25,26.85,0.0,72.1,6.29
2014-01-26,26.69,0.0,70.07,7.03
2014-01-27,26.72,0.0,69.54,6.56
2014-01-28,26.99,0.0,72.25,5.99
2014-01-29,27.3,0.0,70.29,5.09
2014-01-30,27.35,0.01,72.12,5.11
2014-01-31,27.29,0.0,74.63,5.27
2014-02-01,27.39,0.0,74.78,6.06
2014-02-02,27.21,0.0,76.63,7.01
2014-02-03,27.16,0.0,72.26,6.14
2014-02-04,26.9,0.0,68.77,4.54
2014-02-05,27.1,0.0,67.61,3.95
2014-02-06,26.72,0.0,69.19,4.85
2014-02-07,27.2,0.0,66.07,4.69
2014-02-08,26.87,0.0,64.95,4.89
2014-02-09,27.13,0.0,61.83,3.41
2014-02-10,27.02,0.0,65.57,2.56
2014-02-11,27.07,0.0,66.2,3.0
2014-02-12,27.28,0.0,61.99,1.99
2014-02-13,27.18,0.0,67.7,2.28
2014-02-14,27.41,0.0,72.55,2.94
2014-02-15,27.78,0.0,68.94,1.96
2014-02-16,27.72,0.0,73.92,2.81
2014-02-17,28.24,0.0,72.51,2.04
2014-02-18,28.55,0.0,72.49,3.93
2014-02-19,28.26,0.0,74.25,4.34
2014-02-20,28.03,1.99,74.24,4.04
2014-02-21,27.78,2.42,72.93,3.98
2014-02-22,27.99,0.08,71.34,3.92
2014-02-23,27.94,0.02,69.79,3.81
2014-02-24,27.84,1.89,77.38,4.94
2014-02-25,28.14,1.32,74.54,5.97
2014-02-26,28.07,0.0,71.17,5.11
2014-02-27,28.02,0.21,75.24,3.02
2014-02-28,27.85,1.48,75.37,2.54
2014-03-01,28.33,2.36,71.89,2.89
2014-03-02,27.68,11.76,73.51,2.83
2014-03-03,28.01,0.01,72.8,2.54
2014-03-04,28.05,0.11,74.63,3.04
2014-03-05,28.17,2.44,75.2,2.85
2014-03-06,27.93,3.88,78.07,3.88
2014-03-07,28.46,1.67,73.99,4.83
2014-03-08,28.41,0.01,73.92,4.71
2014-03-09,28.59,0.0,71.11,5.03
2014-03-10,28.63,0.0,70.14,4.77
2014-03-11,28.38,0.0,69.87,6.04
2014-03-12,28.23,0.0,68.87,6.19
2014-03-13,28.44,0.0,70.32,5.61
2014-03-14,28.02,0.0,71.26,5.33
2014-03-15,27.99,0.0,70.32,4.83
2014-03-16,28.22,0.0,73.11,4.69
2014-03-17,28.77,0.0,74.11,4.95
2014-03-18,29.33,0.0,72.47,4.57
2014-03-19,28.68,0.25,74.53,3.92
2014-03-20,28.84,0.35,74.67,2.73
2014-03-21,29.23,0.31,73.28,1.81
2014-03-22,29.39,0.05,73.35,2.09
2014-03-23,28.89,0.23,72.44,2.08
2014-03-24,29.06,0.0,67.75,1.65
2014-03-25,29.45,0.0,64.7,3.63
2014-03-26,29.14,0.0,67.84,4.01
2014-03-27,29.27,0.0,67.82,3.96
2014-03-28,29.1,0.0,69.63,3.35
2014-03-29,29.22,0.0,66.17,3.14
2014-03-30,29.25,0.0,66.41,2.73
2014-03-31,29.25,0.0,73.92,3.66
2014-04-01,29.63,0.0,74.22,4.43
2014-04-02,29.83,0.0,74.75,4.53
2014-04-03,29.63,0.0,75.34,2.71
2014-04-04,29.17,0.01,73.99,2.13
2014-04-05,28.94,0.22,75.22,2.44
2014-04-06,27.91,0.65,78.42,2.73
2014-04-07,28.74,0.73,77.05,2.94
2014-04-08,28.51,0.09,79.02,2.95
2014-04-09,29.26,0.01,75.88,4.03
2014-04-10,29.49,0.97,75.81,3.91
2014-04-11,29.57,0.59,74.45,4.12
2014-04-12,29.36,0.04,76.09,4.48
2014-04-13,29.48,1.29,74.9,3.88
2014-04-14,29.35,8.56,76.12,2.74
2014-04-15,29.21,1.97,72.96,2.0
2014-04-16,28.95,1.57,76.3,3.11
2014-04-17,29.42,2.23,75.31,4.16
2014-04-18,29.72,0.96,75.23,4.46
2014-04-19,30.0,0.01,75.19,3.52
2014-04-20,29.68,0.01,77.76,2.4
2014-04-21,29.39,0.04,77.97,1.75
2014-04-22,29.43,0.22,76.2,1.28
2014-04-23,29.09,0.42,75.77,1.77
2014-04-24,28.95,3.85,79.91,3.1
2014-04-25,29.12,1.9,81.24,4.26
2014-04-26,29.51,0.06,80.12,3.86
2014-04-27,29.03,8.88,82.52,3.75
2014-04-28,29.18,3.8,79.21,3.51
2014-04-29,29.91,5.33,69.78,1.56
2014-04-30,29.16,9.57,74.23,1.64
2014-05-01,29.55,1.83,69.28,1.77
2014-05-02,29.59,5.2,74.87,2.05
2014-05-03,29.25,2.44,78.05,1.86
2014-05-04,28.92,2.87,83.85,2.67
2014-05-05,28.97,11.54,77.39,2.84
2014-05-06,27.62,83.7,86.44,5.4
2014-05-07,28.21,23.12,82.21,7.75
2014-05-08,28.75,17.47,82.37,5.85
2014-05-09,28.89,6.48,82.27,4.81
2014-05-10,28.96,0.64,82.7,4.4
2014-05-11,29.25,0.04,81.73,3.75
2014-05-12,29.23,3.89,82.11,4.03
2014-05-13,28.85,4.51,84.01,3.84
2014-05-14,29.35,0.03,79.85,4.93
2014-05-15,29.37,0.02,78.23,5.52
2014-05-16,28.97,0.01,78.85,5.87
2014-05-17,28.96,0.01,77.82,5.42
2014-05-18,29.34,0.0,77.61,4.61
2014-05-19,29.06,0.0,79.36,4.0
2014-05-20,29.09,0.01,78.68,4.38
2014-05-21,28.73,0.02,81.13,4.88
2014-05-22,28.94,0.02,81.73,5.12
2014-05-23,29.19,0.01,83.37,5.1
2014-05-24,29.1,2.78,84.36,5.17
2014-05-25,28.18,2.27,84.49,5.31
2014-05-26,28.5,0.06,83.0,4.73
2014-05-27,28.73,0.06,86.49,3.62
2014-05-28,28.48,0.18,88.39,4.04
2014-05-29,28.53,0.09,84.57,4.34
2014-05-30,28.92,0.02,82.76,5.44
2014-05-31,28.95,0.02,83.81,5.83
2014-06-01,28.86,0.05,84.02,6.24
2014-06-02,28.49,1.27,84.45,5.86
2014-06-03,28.23,3.78,82.67,4.71
2014-06-04,28.11,2.01,82.83,6.09
2014-06-05,28.03,0.9,83.71,6.61
2014-06-06,28.05,0.68,84.37,6.83
2014-06-07,27.96,2.39,82.66,7.76
2014-06-08,27.89,8.15,83.04,6.37
2014-06-09,27.19,3.44,86.45,6.78
2014-06-10,27.31,4.42,85.5,5.48
2014-06-11,27.52,3.0,87.44,5.42
2014-06-12,27.41,2.22,89.29,5.51
2014-06-13,27.82,0.22,85.49,5.14
2014-06-14,27.85,0.09,87.24,5.23
2014-06-15,27.81,0.02,87.27,5.17
2014-06-16,28.07,0.02,81.42,5.55
2014-06-17,27.73,0.38,84.5,5.88
2014-06-18,27.62,0.33,85.83,5.87
2014-06-19,27.58,6.99,89.73,5.72
2014-06-20,27.38,4.05,89.05,6.43
2014-06-21,27.6,0.79,86.61,6.34
2014-06-22,27.39,0.49,86.83,5.62
2014-06-23,27.49,0.02,85.48,5.4
2014-06-24,27.64,0.01,84.86,6.2
2014-06-25,27.52,0.0,84.18,6.21
2014-06-26,27.48,0.0,86.26,5.4
2014-06-27,27.64,0.0,86.95,4.4
2014-06-28,27.75,0.0,85.8,4.24
2014-06-29,27.6,0.09,86.67,4.96
2014-06-30,27.32,1.66,85.35,5.48
2014-07-01,26.98,1.94,87.42,6.56
2014-07-02,27.39,0.32,84.08,5.49
2014-07-03,27.63,0.04,85.61,5.62
2014-07-04,27.48,0.18,85.81,5.8
2014-07-05,27.0,0.76,87.86,6.45
2014-07-06,26.97,0.32,85.85,5.39
2014-07-07,27.13,0.03,81.62,5.94
2014-07-08,26.83,0.96,85.2,5.49
2014-07-09,26.63,4.03,86.69,5.28
2014-07-10,26.42,2.07,87.05,5.31
2014-07-11,26.74,1.08,86.6,5.75
2014-07-12,26.97,0.08,85.0,6.38
2014-07-13,27.27,0.56,83.59,6.06
2014-07-14,26.78,2.28,86.41,5.85
2014-07-15,26.7,6.96,86.77,5.11
2014-07-16,26.67,1.78,88.44,4.68
2014-07-17,26.82,0.17,86.16,4.97
2014-07-18,26.99,0.39,87.09,5.03
2014-07-19,27.18,1.79,86.45,5.49
2014-07-20,27.18,0.05,86.07,5.63
2014-07-21,27.03,0.32,87.59,5.58
2014-07-22,26.95,1.66,86.89,5.69
2014-07-23,26.85,3.89,84.8,6.27
2014-07-24,26.92,0.7,85.15,5.62
2014-07-25,27.29,0.42,85.27,6.02
2014-07-26,27.27,0.16,83.76,6.13
2014-07-27,27.15,0.46,86.75,6.24
2014-07-28,27.11,0.73,84.51,6.79
2014-07-29,27.26,3.37,85.29,5.94
2014-07-30,27.39,0.9,81.76,6.34
2014-07-31,27.34,11.92,84.47,5.74
2014-08-01,27.21,21.48,86.95,5.98
2014-08-02,27.1,3.4,87.35,5.28
2014-08-03,27.07,0.26,81.8,6.8
2014-08-04,27.04,0.64,85.47,6.27
2014-08-05,27.09,2.87,84.35,6.38
2014-08-06,27.21,0.49,79.79,5.34
2014-08-07,26.79,0.09,82.71,6.03
2014-08-08,26.14,5.32,83.73,6.13
2014-08-09,26.7,2.59,82.18,4.76
2014-08-10,26.72,2.74,84.29,5.57
2014-08-11,26.21,4.6,83.28,5.95
2014-08-12,26.09,2.34,84.16,5.31
2014-08-13,25.86,0.06,85.55,4.97
2014-08-14,26.66,0.02,81.78,5.61
2014-08-15,26.64,3.12,83.86,5.38
2014-08-16,26.97,0.67,81.2,4.93
2014-08-17,26.96,2.5,81.0,4.6
2014-08-18,27.71,1.31,81.04,4.21
2014-08-19,27.24,0.28,82.48,3.8
2014-08-20,26.4,13.8,86.41,4.03
2014-08-21,26.72,39.62,86.62,5.91
2014-08-22,26.37,26.64,87.85,6.68
2014-08-23,26.87,16.84,84.16,6.57
2014-08-24,27.19,1.41,82.2,4.35
2014-08-25,27.37,0.08,81.64,4.0
2014-08-26,27.54,0.09,79.71,4.6
2014-08-27,27.57,0.84,80.64,5.45
2014-08-28,27.49,5.12,83.22,6.01
2014-08-29,27.69,9.33,82.31,6.0
2014-08-30,27.51,11.88,83.51,5.91
2014-08-31,27.11,11.84,86.78,6.02
2014-09-01,27.1,9.15,85.07,5.62
2014-09-02,26.94,13.43,88.49,5.0
2014-09-03,26.47,13.9,87.23,4.57
2014-09-04,26.77,4.56,85.45,4.26
2014-09-05,26.74,1.42,87.45,4.73
2014-09-06,26.81,0.16,84.14,5.61
2014-09-07,27.45,0.63,80.33,5.31
2014-09-08,27.18,0.41,80.86,6.0
2014-09-09,27.29,0.4,81.17,5.58
2014-09-10,27.14,0.02,84.77,5.45
2014-09-11,27.37,0.02,84.46,5.21
2014-09-12,27.53,0.04,82.61,5.17
2014-09-13,27.49,0.1,82.78,5.63
2014-09-14,27.38,0.57,83.67,6.04
2014-09-15,27.21,0.27,84.74,5.84
2014-09-16,27.41,0.02,83.88,5.9
2014-09-17,27.72,0.01,82.33,6.41
2014-09-18,27.79,0.0,82.46,5.9
2014-09-19,27.51,0.01,83.47,5.66
2014-09-20,27.58,0.0,81.49,5.99
2014-09-21,27.65,0.0,80.55,5.07
2014-09-22,27.82,0.0,81.14,4.41
2014-09-23,28.06,0.04,82.08,4.38
2014-09-24,27.86,0.51,83.2,4.36
2014-09-25,27.61,4.85,86.7,3.6
2014-09-26,27.11,10.17,83.57,3.11
2014-09-27,27.35,2.9,80.63,2.17
2014-09-28,27.5,19.6,81.79,1.29
2014-09-29,27.4,15.23,83.37,2.03
2014-09-30,26.92,3.91,84.92,2.41
2014-10-01,27.43,1.31,81.33,2.26
2014-10-02,26.64,0.79,84.22,2.7
2014-10-03,27.18,6.11,80.89,2.58
2014-10-04,26.98,3.39,85.87,3.59
2014-10-05,27.55,2.29,82.61,3.65
2014-10-06,27.79,2.82,84.03,4.81
2014-10-07,27.44,10.72,85.33,4.84
2014-10-08,26.91,7.46,84.18,5.26
2014-10-09,27.65,6.46,81.48,3.96
2014-10-10,27.53,3.76,84.54,4.74
2014-10-11,27.91,0.0,81.33,4.89
2014-10-12,27.94,0.02,82.55,5.11
2014-10-13,27.88,4.45,82.79,4.32
2014-10-14,27.81,7.58,84.13,3.33
2014-10-15,27.76,3.6,81.7,2.29
2014-10-16,27.19,16.73,82.15,1.63
2014-10-17,26.08,36.72,83.41,1.94
2014-10-18,25.78,59.02,88.97,3.69
2014-10-19,26.11,40.98,82.59,2.24
2014-10-20,26.17,15.38,83.62,1.4
2014-10-21,26.18,25.39,85.28,1.52
2014-10-22,26.01,39.26,84.27,2.75
2014-10-23,26.83,12.58,81.06,1.81
2014-10-24,27.14,1.05,79.69,1.69
2014-10-25,27.48,1.2,81.23,2.32
2014-10-26,27.81,2.82,75.61,1.38
2014-10-27,27.99,2.09,76.57,1.27
2014-10-28,28.19,1.1,79.06,1.18
2014-10-29,27.08,5.11,84.13,2.44
2014-10-30,26.04,4.57,85.24,1.68
2014-10-31,26.0,4.65,83.94,1.38
2014-11-01,26.79,1.65,80.7,1.68
2014-11-02,27.27,1.71,76.49,2.15
2014-11-03,27.35,3.24,75.04,1.35
2014-11-04,26.26,1.37,79.08,2.58
2014-11-05,27.31,0.02,81.67,4.03
2014-11-06,27.95,0.02,79.03,2.89
2014-11-07,28.07,0.0,75.1,1.78
2014-11-08,27.81,0.0,77.3,2.67
2014-11-09,27.68,0.0,75.64,2.77
2014-11-10,27.59,0.0,79.38,3.02
2014-11-11,27.84,1.05,79.22,1.96
2014-11-12,27.85,2.66,79.74,2.25
2014-11-13,27.41,9.99,81.91,2.2
2014-11-14,27.43,18.41,83.54,2.64
2014-11-15,27.73,8.71,82.4,4.07
2014-11-16,27.55,6.2,82.66,4.93
2014-11-17,27.18,6.32,85.17,6.03
2014-11-18,26.65,5.31,87.69,5.93
2014-11-19,27.4,2.35,86.38,5.86
2014-11-20,26.99,7.34,87.8,5.38
2014-11-21,26.49,10.82,89.34,6.69
2014-11-22,26.57,15.21,87.56,5.16
2014-11-23,26.66,1.98,85.47,5.66
2014-11-24,26.89,0.28,84.61,5.74
2014-11-25,25.88,0.02,83.14,6.51
2014-11-26,26.06,0.48,82.23,5.84
2014-11-27,25.72,13.96,85.23,5.01
2014-11-28,25.61,9.6,83.76,4.29
2014-11-29,26.02,0.75,75.93,3.52
2014-11-30,24.31,0.63,81.63,3.44
2014-12-01,26.01,4.21,88.41,5.61
2014-12-02,26.25,1.29,86.71,5.74
2014-12-03,26.26,0.01,81.6,5.45
2014-12-04,25.89,0.0,78.49,5.52
2014-12-05,25.79,0.0,79.56,5.43
2014-12-06,26.02,0.0,81.57,5.51
2014-12-07,26.23,0.03,85.63,4.94
2014-12-08,26.76,7.28,86.14,4.84
2014-12-09,26.65,5.92,86.49,4.56
2014-12-10,25.9,28.79,87.87,3.68
2014-12-11,25.9,12.81,85.94,4.05
2014-12-12,26.65,4.78,82.62,4.14
2014-12-13,26.46,2.77,86.19,4.71
2014-12-14,26.59,6.38,85.45,4.39
2014-12-15,27.16,2.53,83.24,4.3
2014-12-16,27.1,0.78,86.57,4.85
2014-12-17,27.05,3.59,88.08,6.57
2014-12-18,26.81,1.96,87.78,6.73
2014-12-19,26.6,4.57,88.15,6.18
2014-12-20,25.61,2.11,86.54,6.77
2014-12-21,26.11,0.11,81.86,4.75
2014-12-22,25.82,0.04,85.0,5.6
2014-12-23,26.54,0.22,84.21,5.08
2014-12-24,26.74,2.25,84.79,5.62
2014-12-25,26.28,0.13,83.38,4.53
2014-12-26,25.0,0.05,78.19,5.21
2014-12-27,25.43,0.04,78.85,5.1
2014-12-28,26.2,5.48,80.25,4.09
2014-12-29,27.08,0.08,78.89,2.67
2014-12-30,27.25,0.14,82.52,3.19
2014-12-31,27.13,0.33,82.22,3.31
2015-01-01,26.72,0.17,79.18,3.82
2015-01-02,27.21,0.0,65.78,2.8
2015-01-03,27.33,0.0,61.96,1.51
2015-01-04,26.93,0.0,74.79,2.54
2015-01-05,26.72,0.0,80.04,4.06
2015-01-06,27.08,0.0,75.88,3.47
2015-01-07,26.78,0.01,74.17,3.39
2015-01-08,26.93,0.3,73.95,2.61
2015-01-09,26.72,0.23,77.0,3.51
2015-01-10,26.62,0.03,75.84,5.6
2015-01-11,25.85,0.0,73.26,6.27
2015-01-12,25.92,0.0,68.9,5.45
2015-01-13,25.88,0.0,70.29,5.27
2015-01-14,26.16,0.0,75.31,4.45
2015-01-15,26.17,0.0,70.88,4.58
2015-01-16,26.29,0.0,75.67,4.53
2015-01-17,26.8,0.01,80.03,5.63
2015-01-18,26.66,0.01,78.31,5.9
2015-01-19,26.47,0.0,73.58,5.97
2015-01-20,26.21,0.0,74.64,5.78
2015-01-21,26.29,0.0,75.35,6.19
2015-01-22,26.24,0.0,73.51,5.0
2015-01-23,26.78,0.47,76.47,4.38
2015-01-24,26.82,0.06,77.66,5.31
2015-01-25,26.86,0.11,76.87,6.29
2015-01-26,26.67,0.0,75.75,6.13
2015-01-27,26.64,0.0,74.36,5.83
2015-01-28,26.86,0.01,78.37,5.59
2015-01-29,27.3,0.09,76.64,4.13
2015-01-30,27.44,0.02,75.67,4.89
2015-01-31,27.08,0.0,72.72,6.22
2015-02-01,26.92,0.0,72.98,5.99
2015-02-02,26.85,0.01,73.62,6.72
2015-02-03,26.81,0.03,75.22,7.3
2015-02-04,26.63,0.3,77.13,6.82
2015-02-05,26.66,0.45,79.37,6.61
2015-02-06,27.02,0.17,77.27,5.83
2015-02-07,27.24,0.0,74.48,5.14
2015-02-08,27.54,0.0,70.92,4.63
2015-02-09,27.41,0.63,75.45,4.88
2015-02-10,27.14,1.5,78.56,5.77
2015-02-11,27.5,0.1,77.77,5.25
2015-02-12,27.77,0.02,76.97,5.57
2015-02-13,27.79,0.06,77.3,4.13
2015-02-14,27.56,0.01,74.97,4.0
2015-02-15,27.52,0.0,67.54,4.53
2015-02-16,27.22,0.0,65.42,4.79
2015-02-17,27.28,0.0,64.99,3.45
2015-02-18,26.94,0.0,60.89,3.5
2015-02-19,27.18,0.0,62.16,3.46
2015-02-20,27.06,0.0,65.99,5.15
2015-02-21,27.28,0.0,72.39,5.82
2015-02-22,27.54,0.0,69.09,5.59
2015-02-23,27.54,0.0,69.12,5.23
2015-02-24,27.67,0.01,75.54,3.97
2015-02-25,27.88,0.25,75.86,3.33
2015-02-26,27.97,0.15,74.43,2.25
2015-02-27,27.93,1.1,74.45,2.53
2015-02-28,27.76,0.73,75.39,1.96
2015-03-01,27.88,0.03,72.72,1.94
2015-03-02,28.19,0.03,71.25,1.94
2015-03-03,28.71,0.54,71.33,1.92
2015-03-04,28.26,0.92,73.58,1.93
2015-03-05,28.49,0.1,71.4,2.01
2015-03-06,28.58,0.15,72.88,2.09
2015-03-07,28.69,0.05,71.76,2.25
2015-03-08,28.4,0.02,69.32,4.08
2015-03-09,28.39,0.16,71.94,3.53
2015-03-10,28.61,0.01,68.24,3.68
2015-03-11,28.12,0.0,69.11,5.08
2015-03-12,28.89,0.55,70.72,4.9
2015-03-13,28.56,3.41,73.61,4.37
2015-03-14,28.11,8.96,77.78,4.76
2015-03-15,27.99,3.19,78.28,3.52
2015-03-16,28.4,2.69,78.14,3.8
2015-03-17,28.79,0.62,75.01,3.02
2015-03-18,28.42,0.01,66.42,1.97
2015-03-19,28.37,0.0,66.45,1.99
2015-03-20,28.3,0.0,68.78,2.78
2015-03-21,28.54,0.3,72.33,3.89
2015-03-22,28.63,0.0,69.56,3.32
2015-03-23,28.73,0.0,71.29,2.16
2015-03-24,29.16,0.01,72.87,2.32
2015-03-25,28.75,0.01,72.58,2.49
2015-03-26,29.18,0.0,69.26,3.05
2015-03-27,29.54,1.81,72.25,4.09
2015-03-28,29.15,1.89,72.4,4.05
2015-03-29,29.13,2.8,74.27,3.37
2015-03-30,28.44,1.32,77.18,2.19
2015-03-31,29.08,0.78,71.11,1.24
2015-04-01,28.88,0.45,74.28,1.89
2015-04-02,28.65,1.95,74.99,2.11
2015-04-03,29.4,0.6,74.25,3.6
2015-04-04,29.75,1.76,76.01,3.76
2015-04-05,29.97,0.85,74.29,2.78
2015-04-06,29.61,0.13,73.48,2.64
2015-04-07,29.21,1.59,76.8,2.9
2015-04-08,28.26,4.74,74.99,3.39
2015-04-09,28.8,2.44,74.97,3.28
2015-04-10,28.66,1.85,76.65,1.84
2015-04-11,28.65,5.41,78.28,2.18
2015-04-12,28.89,6.5,76.9,2.34
2015-04-13,28.85,4.47,69.82,1.79
2015-04-14,28.92,5.71,68.57,2.11
2015-04-15,29.01,2.36,69.05,1.98
2015-04-16,29.38,2.97,67.38,1.69
2015-04-17,29.55,5.38,71.57,2.92
2015-04-18,29.54,5.96,73.67,2.57
2015-04-19,29.23,7.47,76.2,1.68
2015-04-20,28.86,10.73,76.85,1.77
2015-04-21,27.95,9.26,78.23,2.32
2015-04-22,28.07,3.96,81.13,3.41
2015-04-23,28.87,2.22,78.94,3.39
2015-04-24,29.62,4.21,75.76,3.01
2015-04-25,29.79,8.29,66.62,2.34
2015-04-26,29.33,1.51,69.33,2.35
2015-04-27,29.01,0.02,71.03,1.68
2015-04-28,29.29,0.04,70.98,1.47
2015-04-29,29.88,0.26,69.98,2.2
2015-04-30,29.36,0.35,77.48,3.47
2015-05-01,29.56,0.7,78.77,3.51
2015-05-02,29.26,0.94,81.36,3.82
2015-05-03,29.14,1.03,80.92,3.87
2015-05-04,29.05,3.08,78.44,3.26
2015-05-05,28.86,0.84,77.76,2.71
2015-05-06,28.94,1.36,78.46,2.92
2015-05-07,28.85,4.43,80.11,3.76
2015-05-08,29.68,3.53,74.97,4.12
2015-05-09,29.25,6.46,78.82,4.12
2015-05-10,29.21,6.08,76.39,3.17
2015-05-11,28.45,7.33,75.36,2.32
2015-05-12,29.23,2.58,61.95,2.09
2015-05-13,28.52,2.69,77.45,3.01
2015-05-14,28.82,2.19,79.13,3.75
2015-05-15,29.05,3.52,81.12,4.45
2015-05-16,29.14,15.85,83.15,5.39
2015-05-17,28.82,27.27,85.24,5.21
2015-05-18,28.75,3.71,87.13,4.73
2015-05-19,28.58,15.07,87.71,4.81
2015-05-20,28.39,8.74,86.67,4.31
2015-05-21,28.62,3.42,86.16,4.84
2015-05-22,28.82,1.01,82.15,5.16
2015-05-23,28.92,2.11,81.46,5.78
2015-05-24,28.79,0.69,82.01,5.16
2015-05-25,28.84,0.48,84.05,4.96
2015-05-26,28.94,1.1,83.83,5.86
2015-05-27,28.79,0.35,83.37,4.91
2015-05-28,28.61,0.68,80.63,4.76
2015-05-29,28.67,1.18,82.75,5.14
2015-05-30,28.28,2.06,84.95,4.05
2015-05-31,28.12,2.41,82.51,4.51
2015-06-01,28.09,2.68,79.47,4.55
2015-06-02,28.33,10.26,82.75,4.12
2015-06-03,28.05,1.93,86.12,4.34
2015-06-04,28.07,3.44,83.53,4.32
2015-06-05,27.4,2.94,85.26,4.13
2015-06-06,28.5,1.53,81.52,3.09
2015-06-07,28.85,5.39,82.72,4.1
2015-06-08,28.54,0.72,81.14,5.06
2015-06-09,28.36,3.54,80.18,4.75
2015-06-10,28.6,2.6,81.17,4.48
2015-06-11,28.28,3.85,83.33,5.18
2015-06-12,27.64,2.77,82.0,5.29
2015-06-13,28.38,0.81,80.1,5.38
2015-06-14,28.42,0.56,81.24,4.62
2015-06-15,28.19,2.66,84.88,5.68
2015-06-16,28.19,7.97,83.3,5.63
2015-06-17,28.11,4.47,81.1,5.4
2015-06-18,28.04,1.69,85.84,5.6
2015-06-19,28.15,5.28,88.88,5.9
2015-06-20,28.46,3.11,86.53,5.97
2015-06-21,28.39,3.37,84.14,5.91
2015-06-22,28.39,3.18,84.8,5.07
2015-06-23,28.2,1.36,84.57,5.13
2015-06-24,28.04,0.24,85.69,4.95
2015-06-25,28.35,4.61,83.0,5.76
2015-06-26,27.73,10.57,83.66,6.08
2015-06-27,27.99,15.83,83.54,6.54
2015-06-28,27.99,7.76,83.67,5.55
2015-06-29,27.77,5.43,87.27,5.79
2015-06-30,27.68,0.79,82.81,4.69
2015-07-01,27.55,2.72,87.92,4.27
2015-07-02,27.64,1.61,87.45,4.58
2015-07-03,27.61,2.22,87.61,4.84
2015-07-04,27.63,1.94,87.18,5.61
2015-07-05,27.74,1.02,85.83,5.68
2015-07-06,27.83,0.38,83.87,6.08
2015-07-07,27.72,0.12,82.61,6.07
2015-07-08,27.84,0.1,78.81,5.52
2015-07-09,27.74,0.52,82.59,5.64
2015-07-10,27.52,2.47,86.06,6.22
2015-07-11,27.15,0.69,87.71,5.93
2015-07-12,27.39,0.02,87.85,5.3
2015-07-13,27.26,0.22,87.23,5.55
2015-07-14,27.09,2.18,88.99,6.04
2015-07-15,26.6,9.05,90.2,6.24
2015-07-16,26.91,5.01,88.38,5.49
2015-07-17,26.82,0.89,84.48,6.42
2015-07-18,26.91,0.81,86.73,5.91
2015-07-19,26.82,0.14,87.02,5.82
2015-07-20,26.75,0.3,85.37,4.93
2015-07-21,27.01,2.47,88.68,4.98
2015-07-22,26.63,3.69,89.31,5.56
2015-07-23,26.59,0.72,86.75,5.26
2015-07-24,26.3,1.25,84.08,4.42
2015-07-25,26.55,1.08,85.95,3.97
2015-07-26,26.18,1.35,86.85,4.23
2015-07-27,26.25,0.84,89.88,3.4
2015-07-28,26.56,0.13,87.87,3.62
2015-07-29,26.57,0.25,86.29,3.91
2015-07-30,26.67,0.02,84.32,4.16
2015-07-31,26.73,0.1,83.31,4.43
2015-08-01,27.19,0.41,82.0,4.96
2015-08-02,27.07,0.53,84.66,5.05
2015-08-03,26.79,1.22,85.96,4.72
2015-08-04,26.81,2.47,88.26,4.54
2015-08-05,26.59,5.83,88.62,4.67
2015-08-06,26.97,1.58,87.88,4.56
2015-08-07,27.07,0.58,87.28,5.09
2015-08-08,27.08,0.85,88.65,4.76
2015-08-09,26.95,2.51,88.59,5.78
2015-08-10,26.8,4.4,89.02,5.49
2015-08-11,27.11,2.04,86.56,5.33
2015-08-12,27.2,1.54,86.38,5.72
2015-08-13,26.9,0.29,86.52,5.26
2015-08-14,27.18,0.05,86.19,5.31
2015-08-15,27.08,0.2,86.34,5.12
2015-08-16,26.9,13.05,87.84,4.41
2015-08-17,27.61,1.68,81.99,2.87
2015-08-18,26.61,4.74,87.04,2.84
2015-08-19,26.95,1.27,85.96,4.01
2015-08-20,27.79,1.89,80.12,4.39
2015-08-21,27.86,2.12,82.17,4.42
2015-08-22,27.83,2.18,83.35,4.83
2015-08-23,27.61,1.49,84.15,5.06
2015-08-24,27.47,0.26,81.17,5.22
2015-08-25,27.5,0.03,83.98,5.64
2015-08-26,27.6,0.04,81.66,5.61
2015-08-27,27.66,0.25,83.53,5.32
2015-08-28,27.57,1.11,86.14,5.04
2015-08-29,27.88,1.28,83.53,5.14
2015-08-30,27.86,1.58,82.86,5.01
2015-08-31,27.91,0.7,82.8,4.3
2015-09-01,28.04,0.98,82.88,4.84
2015-09-02,28.41,1.59,81.96,4.27
2015-09-03,28.09,3.94,84.98,4.48
2015-09-04,26.99,3.47,85.72,3.25
2015-09-05,27.2,1.23,82.79,2.72
2015-09-06,26.84,4.02,85.36,4.36
2015-09-07,26.57,1.68,81.0,4.04
2015-09-08,27.29,1.06,78.96,3.47
2015-09-09,27.62,2.81,79.64,4.4
2015-09-10,27.26,11.65,86.22,4.6
2015-09-11,27.01,9.12,84.12,5.47
2015-09-12,27.47,3.92,84.29,5.03
2015-09-13,27.89,1.62,81.32,5.43
2015-09-14,28.04,0.96,80.65,5.59
2015-09-15,28.1,4.04,83.44,6.21
2015-09-16,28.29,5.11,82.76,6.96
2015-09-17,28.06,4.03,84.53,5.59
2015-09-18,27.59,1.62,81.78,5.47
2015-09-19,27.86,3.95,84.31,6.07
2015-09-20,27.57,2.79,83.62,5.96
2015-09-21,27.49,1.71,86.73,3.88
2015-09-22,27.89,0.54,80.76,5.0
2015-09-23,27.93,4.91,81.41,4.05
2015-09-24,27.06,16.26,88.29,3.76
2015-09-25,27.62,3.68,86.17,3.68
2015-09-26,27.7,5.14,83.81,3.95
2015-09-27,27.22,10.59,85.5,5.41
2015-09-28,27.06,8.38,85.66,3.62
2015-09-29,26.33,15.89,88.04,3.32
2015-09-30,26.1,24.29,88.72,3.27
2015-10-01,27.2,1.76,84.82,4.05
2015-10-02,27.14,6.09,82.95,4.16
2015-10-03,27.52,2.93,84.99,3.8
2015-10-04,27.56,2.7,84.49,4.44
2015-10-05,27.43,10.22,87.22,5.09
2015-10-06,27.45,5.79,83.26,4.3
2015-10-07,27.59,10.43,86.02,4.09
2015-10-08,27.45,13.69,84.77,5.26
2015-10-09,27.89,2.88,81.43,4.86
2015-10-10,27.77,12.4,83.15,4.67
2015-10-11,27.55,4.17,84.48,3.92
2015-10-12,27.42,7.78,85.74,2.66
2015-10-13,27.26,2.6,79.35,1.72
2015-10-14,27.08,3.57,82.21,2.06
2015-10-15,27.5,1.67,78.63,1.69
2015-10-16,28.0,0.06,77.83,1.96
2015-10-17,28.31,0.57,77.96,2.15
2015-10-18,27.89,5.03,83.06,2.72
2015-10-19,27.19,6.82,87.74,2.78
2015-10-20,27.02,6.68,84.62,1.38
2015-10-21,27.46,0.16,81.64,2.18
2015-10-22,27.84,0.64,77.98,1.91
2015-10-23,27.75,3.67,80.99,2.3
2015-10-24,27.62,1.11,80.45,1.64
2015-10-25,27.31,68.61,80.67,2.77
2015-10-26,27.58,2.54,74.88,1.88
2015-10-27,27.56,2.75,76.92,2.86
2015-10-28,27.07,30.88,78.61,1.91
2015-10-29,27.83,0.97,75.59,2.06
2015-10-30,26.88,11.35,81.11,1.9
2015-10-31,26.3,20.66,85.7,1.8
2015-11-01,27.05,9.39,86.09,4.01
2015-11-02,26.52,52.78,86.46,2.86
2015-11-03,26.98,12.24,80.69,1.23
2015-11-04,27.5,9.56,81.51,1.9
2015-11-05,27.52,4.6,82.5,3.37
2015-11-06,27.12,12.43,81.47,1.58
2015-11-07,26.9,14.39,86.75,2.25
2015-11-08,27.07,24.06,83.74,3.22
2015-11-09,27.18,5.98,82.81,3.58
2015-11-10,27.49,2.08,85.35,4.02
2015-11-11,27.34,4.7,83.78,3.61
2015-11-12,27.44,0.44,79.54,2.56
2015-11-13,27.02,6.86,80.38,2.83
2015-11-14,26.43,12.01,84.62,1.62
2015-11-15,26.43,8.72,84.89,2.7
2015-11-16,26.83,4.13,86.43,4.13
2015-11-17,27.4,5.42,85.31,3.96
2015-11-18,27.69,4.05,83.36,3.27
2015-11-19,27.73,3.32,80.78,2.07
2015-11-20,27.31,4.75,84.64,2.25
2015-11-21,27.49,5.98,85.58,4.01
2015-11-22,27.3,8.38,87.33,4.08
2015-11-23,27.39,72.17,87.71,4.36
2015-11-24,27.41,7.44,86.06,3.65
2015-11-25,27.56,3.52,84.26,5.19
2015-11-26,27.15,0.0,79.14,4.34
2015-11-27,27.32,0.63,81.79,3.61
2015-11-28,27.19,4.5,81.39,3.16
2015-11-29,27.2,2.95,83.77,4.92
2015-11-30,26.63,15.79,82.53,3.27
2015-12-01,26.82,11.65,82.16,3.0
2015-12-02,26.55,7.73,88.31,3.19
2015-12-03,26.65,0.7,85.0,1.99
2015-12-04,27.6,1.33,81.48,2.94
2015-12-05,26.85,7.44,88.73,5.37
2015-12-06,27.02,5.32,87.93,5.74
2015-12-07,27.2,28.76,88.69,3.75
2015-12-08,26.51,7.32,87.62,4.35
2015-12-09,26.92,4.18,88.97,4.63
2015-12-10,27.24,12.03,89.69,5.07
2015-12-11,27.06,9.42,87.68,3.33
2015-12-12,27.2,4.1,87.44,4.04
2015-12-13,27.01,1.98,87.39,2.74
2015-12-14,27.27,2.4,82.91,1.58
2015-12-15,27.8,2.74,84.98,1.82
2015-12-16,27.04,0.59,83.9,4.15
2015-12-17,27.0,0.03,80.75,4.09
2015-12-18,27.09,3.46,83.24,2.99
2015-12-19,26.7,48.69,83.22,2.41
2015-12-20,26.81,35.11,86.38,5.74
2015-12-21,26.75,0.22,80.42,4.97
2015-12-22,26.53,0.0,78.55,5.44
2015-12-23,26.72,0.0,78.51,4.64
2015-12-24,26.79,0.0,79.4,4.49
2015-12-25,26.76,0.0,75.68,5.1
2015-12-26,26.59,0.05,82.24,5.69
2015-12-27,26.72,2.27,85.43,6.61
2015-12-28,26.38,0.71,86.24,7.81
2015-12-29,26.5,3.22,86.83,6.26
2015-12-30,26.82,0.41,85.79,6.54
2015-12-31,26.45,0.04,82.52,6.28
2016-01-01,26.16,0.0,81.3,6.37
2016-01-02,26.03,0.0,80.95,6.16
2016-01-03,25.75,0.0,78.93,6.31
2016-01-04,25.89,0.01,81.98,5.34
2016-01-05,26.08,0.01,79.28,4.98
2016-01-06,26.47,0.01,81.79,5.56
2016-01-07,26.38,0.0,83.17,5.22
2016-01-08,26.28,0.0,82.04,5.37
2016-01-09,25.94,0.0,83.28,5.16
2016-01-10,26.1,0.0,83.62,5.77
2016-01-11,26.11,0.0,81.52,5.72
2016-01-12,25.82,0.0,78.7,5.56
2016-01-13,25.6,0.0,77.89,4.72
2016-01-14,25.38,0.0,77.04,4.89
2016-01-15,25.36,0.0,76.1,4.57
2016-01-16,25.67,0.0,76.71,3.87
2016-01-17,26.15,0.0,77.89,3.88
2016-01-18,26.18,0.0,78.5,3.76
2016-01-19,26.53,0.0,79.98,4.07
2016-01-20,27.06,0.02,79.73,3.25
2016-01-21,27.37,0.04,81.19,3.97
2016-01-22,27.27,0.0,80.87,5.1
2016-01-23,27.16,0.0,81.26,5.21
2016-01-24,27.48,0.0,81.06,5.07
2016-01-25,27.84,0.03,80.5,5.09
2016-01-26,27.43,0.0,78.73,4.5
2016-01-27,27.33,0.0,76.92,4.37
2016-01-28,27.17,0.0,71.54,4.14
2016-01-29,26.8,0.0,70.7,4.2
2016-01-30,26.56,0.0,71.69,5.11
2016-01-31,26.74,0.0,73.55,5.51
2016-02-01,26.87,0.0,71.53,5.16
2016-02-02,26.28,0.0,73.02,5.28
2016-02-03,26.02,0.0,73.58,4.35
2016-02-04,26.56,0.0,65.73,4.71
2016-02-05,26.9,0.0,69.52,4.32
2016-02-06,27.24,0.39,75.64,3.29
2016-02-07,27.67,3.44,76.19,2.96
2016-02-08,27.58,0.85,79.99,3.31
2016-02-09,27.53,0.06,78.88,2.9
2016-02-10,27.87,0.04,76.04,1.98
2016-02-11,27.73,0.01,74.33,2.38
2016-02-12,27.78,0.0,71.27,3.11
2016-02-13,27.8,0.0,68.62,3.1
2016-02-14,27.7,0.0,72.32,3.33
2016-02-15,27.79,0.01,74.43,3.56
2016-02-16,28.01,0.5,75.89,5.15
2016-02-17,27.98,0.35,77.39,4.88
2016-02-18,27.56,3.78,83.17,5.72
2016-02-19,27.99,0.56,78.6,4.59
2016-02-20,28.1,2.73,79.9,3.69
2016-02-21,28.29,1.66,77.83,2.97
2016-02-22,28.33,0.01,74.89,2.83
2016-02-23,28.09,0.0,70.06,2.94
2016-02-24,27.87,0.0,65.55,2.14
2016-02-25,28.26,0.01,73.14,2.15
2016-02-26,28.32,0.91,76.16,4.28
2016-02-27,28.41,0.42,77.03,5.12
2016-02-28,28.82,3.55,77.57,4.57
2016-02-29,28.57,2.4,79.03,4.86
2016-03-01,28.79,0.09,75.32,4.85
2016-03-02,28.73,0.04,73.87,4.67
2016-03-03,28.52,0.0,73.65,4.42
2016-03-04,28.53,0.0,75.28,4.46
2016-03-05,28.69,0.0,73.09,3.49
2016-03-06,28.69,0.0,71.6,3.7
2016-03-07,28.56,0.08,73.43,3.04
2016-03-08,28.62,0.03,74.55,2.75
2016-03-09,28.56,0.09,76.25,2.8
2016-03-10,29.09,0.27,75.87,1.94
2016-03-11,29.09,0.55,76.89,1.57
2016-03-12,29.22,0.2,74.7,2.0
2016-03-13,29.41,0.22,75.61,2.19
2016-03-14,29.26,0.17,75.36,2.41
2016-03-15,28.8,0.2,76.28,3.13
2016-03-16,29.28,0.31,74.87,2.76
2016-03-17,29.66,0.1,70.72,1.93
2016-03-18,29.45,0.0,72.15,2.1
2016-03-19,29.77,0.0,71.79,2.38
2016-03-20,29.86,0.0,71.98,2.46
2016-03-21,29.83,0.0,71.87,2.26
2016-03-22,29.53,0.28,77.17,3.82
2016-03-23,29.52,1.59,77.87,3.73
2016-03-24,29.93,0.45,70.36,2.08
2016-03-25,29.48,0.0,67.15,2.41
2016-03-26,29.85,0.0,64.35,3.3
2016-03-27,30.09,0.02,64.55,2.54
2016-03-28,30.42,6.02,69.63,2.0
2016-03-29,29.85,8.58,76.83,3.1
2016-03-30,29.65,0.86,74.36,2.28
2016-03-31,29.88,0.19,69.05,2.06
2016-04-01,29.89,0.02,66.8,2.08
2016-04-02,30.09,0.0,69.33,2.27
2016-04-03,30.48,0.05,71.1,2.53
2016-04-04,30.52,0.1,71.81,2.56
2016-04-05,29.87,0.03,75.87,3.8
2016-04-06,29.86,0.74,75.85,3.24
2016-04-07,30.5,0.82,71.5,2.68
2016-04-08,30.34,0.6,71.32,2.25
2016-04-09,29.75,5.05,75.5,3.01
2016-04-10,30.13,1.7,70.45,2.86
2016-04-11,30.32,0.61,72.17,3.29
2016-04-12,29.95,0.6,77.39,3.5
2016-04-13,30.49,0.15,74.06,4.45
2016-04-14,30.65,0.62,75.8,3.75
2016-04-15,30.56,0.45,74.2,3.22
2016-04-16,30.36,0.49,75.43,3.3
2016-04-17,30.38,1.54,76.31,3.5
2016-04-18,29.98,1.12,78.69,2.8
2016-04-19,29.44,1.6,79.56,2.37
2016-04-20,29.1,1.62,77.24,2.93
2016-04-21,30.24,0.76,74.58,3.52
2016-04-22,30.52,1.68,77.78,4.64
2016-04-23,30.46,0.11,73.69,6.1
2016-04-24,30.55,0.11,73.36,5.13
2016-04-25,30.61,0.38,73.67,4.4
2016-04-26,30.1,0.5,76.02,3.03
2016-04-27,29.32,1.27,77.73,2.47
2016-04-28,29.69,0.95,76.25,2.49
2016-04-29,29.97,0.66,73.63,2.5
2016-04-30,30.24,0.47,71.6,2.7
2016-05-01,29.7,0.61,75.86,2.7
2016-05-02,30.26,0.52,75.4,3.99
2016-05-03,30.79,0.86,75.53,3.61
2016-05-04,30.5,0.62,75.39,3.71
2016-05-05,30.61,0.61,71.81,3.32
2016-05-06,30.33,0.91,74.51,3.03
2016-05-07,29.96,2.45,76.37,3.68
2016-05-08,30.82,1.91,67.97,2.95
2016-05-09,29.65,1.36,76.58,2.51
2016-05-10,29.62,3.54,73.22,2.37
2016-05-11,29.44,11.1,70.38,1.82
2016-05-12,28.68,9.25,79.01,3.35
2016-05-13,30.17,6.79,73.74,4.18
2016-05-14,29.12,11.96,84.87,3.92
2016-05-15,28.5,17.39,83.13,3.52
2016-05-16,28.34,9.81,81.88,6.07
2016-05-17,28.74,11.5,82.46,6.2
2016-05-18,29.26,5.71,80.08,6.14
2016-05-19,29.26,7.16,83.58,5.94
2016-05-20,29.27,5.1,81.09,6.54
2016-05-21,29.89,4.93,78.38,5.3
2016-05-22,29.54,1.9,82.09,5.23
2016-05-23,29.47,1.69,83.23,6.09
2016-05-24,29.1,3.46,83.87,6.18
2016-05-25,29.5,0.88,78.78,6.16
2016-05-26,29.22,2.16,81.94,5.81
2016-05-27,28.95,2.18,82.15,6.02
2016-05-28,27.88,8.77,78.96,6.21
2016-05-29,28.92,1.26,75.5,5.96
2016-05-30,28.93,1.43,76.72,6.35
2016-05-31,28.99,0.65,76.74,6.13
2016-06-01,29.18,0.53,72.47,5.74
2016-06-02,28.05,0.4,82.28,5.75
2016-06-03,28.74,5.13,77.17,5.82
2016-06-04,28.99,1.79,80.09,5.54
2016-06-05,29.06,4.93,79.1,5.69
2016-06-06,28.73,13.34,81.72,5.12
2016-06-07,28.53,22.0,86.49,5.74
2016-06-08,28.22,11.53,87.31,6.0
2016-06-09,27.9,8.8,88.47,5.39
2016-06-10,27.56,8.6,87.11,6.16
2016-06-11,28.08,3.13,84.37,5.79
2016-06-12,28.12,6.01,85.44,5.71
2016-06-13,28.04,5.79,83.73,5.64
2016-06-14,27.88,2.5,86.12,5.56
2016-06-15,27.85,0.97,82.45,5.88
2016-06-16,27.72,2.28,82.97,6.02
2016-06-17,27.32,8.59,86.82,5.58
2016-06-18,27.19,1.55,83.58,5.33
2016-06-19,27.59,0.62,80.44,6.24
2016-06-20,27.29,1.57,81.44,6.13
2016-06-21,27.02,0.23,82.41,5.83
2016-06-22,26.52,0.52,85.13,5.93
2016-06-23,26.67,0.3,82.67,6.66
2016-06-24,26.77,1.87,85.94,5.65
2016-06-25,26.95,0.24,84.16,6.12
2016-06-26,26.96,0.23,86.03,5.34
2016-06-27,27.06,1.81,86.58,5.14
2016-06-28,26.94,2.44,89.28,4.86
2016-06-29,27.01,3.68,89.93,4.42
2016-06-30,27.17,1.14,89.03,5.29
2016-07-01,27.47,0.66,85.53,5.38
2016-07-02,27.63,0.39,85.59,5.97
2016-07-03,27.91,0.9,81.07,5.24
2016-07-04,27.41,0.3,82.09,6.09
2016-07-05,27.47,1.52,85.4,5.16
2016-07-06,27.32,1.84,88.17,5.6
2016-07-07,27.34,0.49,83.76,5.43
2016-07-08,27.52,2.95,84.2,4.94
2016-07-09,27.34,8.62,86.42,5.6
2016-07-10,27.1,35.18,90.39,5.26
2016-07-11,27.18,4.72,86.53,5.93
2016-07-12,26.85,0.52,87.18,6.01
2016-07-13,26.79,0.89,87.52,5.76
2016-07-14,26.79,1.48,88.31,5.08
2016-07-15,26.47,2.59,89.86,4.75
2016-07-16,26.33,0.56,86.25,5.41
2016-07-17,26.37,0.35,85.28,4.03
2016-07-18,26.34,0.26,84.67,4.71
2016-07-19,26.48,0.1,83.74,5.28
2016-07-20,26.58,0.25,86.89,5.35
2016-07-21,26.22,0.41,89.08,5.99
2016-07-22,26.58,0.55,83.06,6.13
2016-07-23,26.37,1.82,85.59,5.53
2016-07-24,26.0,7.02,88.66,5.94
2016-07-25,26.09,6.3,87.65,4.93
2016-07-26,25.99,8.35,91.28,4.3
2016-07-27,26.21,2.42,89.71,4.65
2016-07-28,26.58,0.84,87.86,4.11
2016-07-29,26.46,0.78,88.63,4.89
2016-07-30,26.3,1.74,89.61,4.56
2016-07-31,26.75,0.73,85.95,5.03
2016-08-01,26.56,1.11,86.1,5.37
2016-08-02,26.67,0.4,86.2,5.66
2016-08-03,26.82,0.77,84.05,6.09
2016-08-04,27.02,0.87,84.44,5.69
2016-08-05,27.03,0.79,85.73,5.6
2016-08-06,27.2,0.89,86.17,5.57
2016-08-07,27.24,0.46,83.76,5.32
2016-08-08,27.26,0.43,82.96,5.01
2016-08-09,27.07,0.32,82.8,5.7
2016-08-10,27.5,0.27,79.81,5.48
2016-08-11,27.14,0.46,83.93,5.22
2016-08-12,27.2,0.84,84.24,5.71
2016-08-13,27.15,0.64,84.61,5.45
2016-08-14,27.01,0.99,84.58,5.56
2016-08-15,27.08,0.75,83.86,5.88
2016-08-16,27.21,0.64,82.99,6.7
2016-08-17,27.19,0.41,82.03,6.06
2016-08-18,27.1,0.14,82.24,6.2
2016-08-19,26.72,0.01,82.68,5.88
2016-08-20,26.7,0.33,86.53,5.43
2016-08-21,26.67,0.88,87.2,5.29
2016-08-22,26.66,0.65,86.84,5.7
2016-08-23,26.29,0.62,87.71,5.56
2016-08-24,26.39,0.86,87.55,5.3
2016-08-25,26.17,2.66,88.43,5.34
2016-08-26,26.21,1.72,86.89,5.8
2016-08-27,25.59,3.14,89.13,5.02
2016-08-28,26.1,1.34,86.88,4.45
2016-08-29,26.38,0.71,86.46,4.96
2016-08-30,26.42,0.93,86.58,4.64
2016-08-31,25.99,1.99,84.77,4.41
2016-09-01,26.19,0.21,84.55,4.56
2016-09-02,25.88,0.57,85.6,5.0
2016-09-03,25.69,0.31,85.39,5.02
2016-09-04,26.06,0.05,85.3,4.65
2016-09-05,26.2,0.02,86.88,4.27
2016-09-06,26.24,0.08,85.26,4.75
2016-09-07,26.2,0.01,81.05,5.14
2016-09-08,26.27,0.0,80.76,5.18
2016-09-09,26.55,0.11,83.71,4.79
2016-09-10,26.84,0.19,80.69,5.77
2016-09-11,26.93,0.01,80.15,5.58
2016-09-12,26.91,0.05,83.25,5.56
2016-09-13,27.02,0.13,82.96,5.64
2016-09-14,26.7,0.39,85.88,5.63
2016-09-15,26.78,0.26,85.77,5.2
2016-09-16,26.7,0.16,86.61,4.74
2016-09-17,26.74,0.63,86.31,4.77
2016-09-18,26.49,0.61,86.71,5.48
2016-09-19,26.69,0.29,83.37,5.23
2016-09-20,26.67,0.3,83.95,5.54
2016-09-21,26.52,0.29,85.22,5.47
2016-09-22,26.78,0.1,82.53,5.85
2016-09-23,26.65,0.07,83.93,5.63
2016-09-24,26.61,0.11,84.49,5.77
2016-09-25,26.61,0.02,83.55,5.66
2016-09-26,26.81,0.14,83.17,5.4
2016-09-27,26.7,0.15,83.94,5.3
2016-09-28,26.54,0.79,85.03,5.04
2016-09-29,26.52,1.74,86.64,5.13
2016-09-30,26.61,1.58,85.74,4.96
2016-10-01,26.36,0.06,85.46,4.64
2016-10-02,26.34,0.12,82.63,4.12
2016-10-03,26.45,0.05,82.09,4.31
2016-10-04,26.63,0.2,82.05,4.54
2016-10-05,27.12,1.13,81.55,5.25
2016-10-06,27.07,0.24,78.64,5.57
2016-10-07,26.58,0.01,76.76,5.57
2016-10-08,26.13,0.01,84.79,4.52
2016-10-09,26.69,0.02,84.08,4.84
2016-10-10,26.69,0.01,82.05,5.35
2016-10-11,26.68,0.0,81.14,5.48
2016-10-12,26.85,0.0,81.01,4.66
2016-10-13,27.09,1.87,83.47,3.92
2016-10-14,27.3,1.07,80.64,3.12
2016-10-15,27.24,3.16,77.94,2.36
2016-10-16,27.11,2.99,79.55,1.79
2016-10-17,27.34,2.24,80.56,2.12
2016-10-18,27.43,4.22,81.54,3.97
2016-10-19,27.62,1.84,80.27,4.34
2016-10-20,27.54,1.97,80.11,4.68
2016-10-21,27.45,2.49,79.35,4.79
2016-10-22,27.22,0.13,76.26,4.71
2016-10-23,27.37,0.01,74.91,4.44
2016-10-24,27.5,2.7,77.23,4.33
2016-10-25,27.73,0.02,73.92,4.57
2016-10-26,27.66,0.0,73.51,3.7
2016-10-27,27.71,0.0,72.5,3.4
2016-10-28,27.8,0.0,73.82,4.05
2016-10-29,28.21,0.03,76.93,4.93
2016-10-30,28.06,7.16,77.5,3.75
2016-10-31,27.75,8.99,78.47,2.97
2016-11-01,26.63,38.17,85.52,1.95
2016-11-02,27.22,47.63,80.41,2.69
2016-11-03,27.39,6.61,78.64,1.73
2016-11-04,26.98,2.69,85.1,3.32
2016-11-05,27.06,6.53,86.25,3.94
2016-11-06,27.61,3.15,82.63,4.54
2016-11-07,28.11,1.49,75.98,2.88
2016-11-08,27.83,2.48,74.23,2.23
2016-11-09,27.29,2.73,75.89,2.61
2016-11-10,27.75,0.08,71.22,2.78
2016-11-11,27.71,0.56,72.27,2.28
2016-11-12,27.85,0.47,74.72,1.87
2016-11-13,28.03,2.52,76.32,1.9
2016-11-14,27.62,4.32,80.46,3.27
2016-11-15,27.86,2.14,77.98,3.29
2016-11-16,28.01,4.47,76.56,3.68
2016-11-17,27.73,6.44,83.15,4.81
2016-11-18,27.99,0.48,78.73,4.38
2016-11-19,26.96,1.06,78.38,3.39
2016-11-20,27.55,6.34,73.99,2.45
2016-11-21,27.63,0.68,77.52,2.79
2016-11-22,27.54,3.89,80.41,3.46
2016-11-23,27.33,0.76,81.03,3.92
2016-11-24,27.48,0.04,70.93,5.11
2016-11-25,27.36,0.0,72.48,4.36
2016-11-26,27.55,0.0,72.49,3.13
2016-11-27,27.7,0.0,70.48,3.29
2016-11-28,27.53,0.0,60.88,2.62
2016-11-29,27.65,0.01,60.83,2.32
2016-11-30,28.21,0.0,59.12,1.84
2016-12-01,27.8,2.16,71.87,2.84
2016-12-02,27.46,3.1,76.38,3.13
2016-12-03,27.17,0.62,76.35,2.56
2016-12-04,27.62,0.08,73.12,2.4
2016-12-05,28.06,2.78,76.0,2.88
2016-12-06,27.8,6.42,74.2,4.29
2016-12-07,27.63,0.02,65.46,3.79
2016-12-08,27.98,0.1,69.71,1.99
2016-12-09,27.38,0.29,75.48,2.66
2016-12-10,28.32,0.07,73.55,4.89
2016-12-11,27.91,0.0,73.21,5.51
2016-12-12,27.91,0.0,66.94,6.22
2016-12-13,27.49,0.0,68.22,5.35
2016-12-14,26.98,0.0,67.47,3.4
2016-12-15,26.74,0.0,68.88,2.42
2016-12-16,27.62,0.0,73.44,3.05
2016-12-17,27.85,0.04,74.12,4.15
2016-12-18,27.65,0.0,71.11,3.87
2016-12-19,27.71,0.11,70.36,4.61
2016-12-20,27.35,1.46,78.08,5.06
2016-12-21,27.86,0.84,79.01,3.92
2016-12-22,27.76,0.1,74.53,3.5
2016-12-23,27.62,0.12,69.56,2.1
2016-12-24,27.42,0.06,64.94,2.54
2016-12-25,27.3,0.0,63.18,2.55
2016-12-26,27.42,0.0,64.51,2.1
2016-12-27,27.79,2.58,74.84,4.17
2016-12-28,27.7,1.52,80.47,5.87
2016-12-29,27.59,1.17,79.18,6.74
2016-12-30,27.45,0.22,73.19,6.19
2016-12-31,26.97,0.0,68.15,5.5
2017-01-01,27.12,0.01,68.99,4.3
2017-01-02,27.64,0.0,70.5,2.99
2017-01-03,27.47,0.01,71.46,3.37
2017-01-04,27.28,0.0,64.94,2.67
2017-01-05,27.06,0.0,68.14,3.03
2017-01-06,27.14,0.0,66.76,3.35
2017-01-07,27.18,0.0,68.02,3.39
2017-01-08,26.92,0.0,67.69,4.23
2017-01-09,26.63,0.0,64.69,4.05
2017-01-10,26.81,0.0,64.1,2.56
2017-01-11,27.12,0.0,63.18,2.03
2017-01-12,27.08,0.0,64.68,2.96
2017-01-13,27.01,0.0,69.02,3.53
2017-01-14,27.06,0.0,68.49,5.48
2017-01-15,26.97,0.0,70.64,6.03
2017-01-16,27.02,0.0,70.35,4.83
2017-01-17,26.75,0.01,67.19,5.01
2017-01-18,26.16,0.0,66.45,6.91
2017-01-19,26.65,0.0,68.24,5.89
2017-01-20,27.26,0.0,72.01,5.73
2017-01-21,27.1,7.97,79.94,5.73
2017-01-22,26.94,5.21,79.2,6.36
2017-01-23,27.01,0.01,73.4,6.29
2017-01-24,26.91,0.02,73.01,6.62
2017-01-25,27.01,2.76,75.72,6.23
2017-01-26,26.3,1.6,83.0,5.57
2017-01-27,26.26,9.72,87.61,4.17
2017-01-28,27.14,4.41,80.3,4.57
2017-01-29,27.42,0.84,79.12,5.31
2017-01-30,27.46,0.94,78.78,4.88
2017-01-31,27.13,0.0,72.61,4.69
2017-02-01,27.05,0.0,69.56,5.51
2017-02-02,26.68,0.0,69.26,5.18
2017-02-03,26.86,0.0,66.31,6.06
2017-02-04,26.82,0.0,68.02,5.16
2017-02-05,26.58,0.0,62.97,5.22
2017-02-06,26.51,0.02,67.48,3.26
2017-02-07,26.89,0.02,68.68,2.45
2017-02-08,27.08,0.0,63.24,3.6
2017-02-09,26.61,0.0,66.58,4.4
2017-02-10,26.68,0.0,69.69,3.85
2017-02-11,26.96,0.0,69.58,4.33
2017-02-12,27.02,0.0,66.15,5.87
2017-02-13,27.11,0.0,68.81,6.4
2017-02-14,27.5,0.49,77.62,6.93
2017-02-15,27.38,0.58,74.48,7.93
2017-02-16,27.0,0.0,72.34,7.85
2017-02-17,27.08,0.0,65.54,7.5
2017-02-18,27.25,0.0,68.36,4.9
2017-02-19,27.28,0.0,68.37,4.03
2017-02-20,27.42,0.0,70.63,3.11
2017-02-21,28.19,0.0,74.04,3.09
2017-02-22,28.29,0.0,72.23,2.1
2017-02-23,27.87,0.0,71.13,1.62
2017-02-24,27.64,0.0,72.21,2.98
2017-02-25,27.46,0.0,75.49,3.42
2017-02-26,27.67,0.01,72.05,3.16
2017-02-27,27.38,0.0,72.46,4.32
2017-02-28,27.54,0.33,77.26,5.33
2017-03-01,27.97,0.14,71.85,5.65
2017-03-02,28.12,3.67,75.59,6.0
2017-03-03,28.01,0.51,77.14,3.81
2017-03-04,26.75,1.36,80.27,2.79
2017-03-05,27.25,1.62,78.49,2.71
2017-03-06,27.62,2.11,82.45,3.63
2017-03-07,27.84,1.56,79.21,3.2
2017-03-08,28.44,1.02,76.27,2.8
2017-03-09,28.52,0.53,73.31,2.79
2017-03-10,28.13,2.2,76.33,2.53
2017-03-11,28.22,0.79,74.97,2.9
2017-03-12,28.48,0.29,71.68,2.99
2017-03-13,28.33,1.15,75.42,2.7
2017-03-14,28.52,1.4,74.41,2.29
2017-03-15,28.04,2.55,76.55,2.02
2017-03-16,28.17,5.63,69.89,1.11
2017-03-17,28.88,0.01,68.42,1.7
2017-03-18,28.73,2.08,74.16,2.39
2017-03-19,28.85,1.76,75.31,3.1
2017-03-20,28.74,2.11,75.17,3.54
2017-03-21,29.03,0.11,72.49,2.44
2017-03-22,29.05,0.08,70.85,2.37
2017-03-23,29.17,0.0,68.65,2.86
2017-03-24,28.65,0.0,66.82,2.6
2017-03-25,28.72,0.0,62.78,1.98
2017-03-26,28.82,0.0,66.77,2.78
2017-03-27,28.84,0.0,62.48,1.85
2017-03-28,28.87,0.66,67.49,1.8
2017-03-29,29.08,0.23,70.47,2.28
2017-03-30,29.47,0.9,73.55,2.1
2017-03-31,29.16,2.96,74.47,1.96
2017-04-01,29.79,0.17,71.41,1.98
2017-04-02,29.61,0.46,76.18,3.27
2017-04-03,29.2,0.75,77.28,3.9
2017-04-04,29.0,0.94,79.4,4.09
2017-04-05,29.7,0.63,74.96,4.36
2017-04-06,29.38,1.95,76.34,4.46
2017-04-07,29.65,1.01,74.46,4.01
2017-04-08,29.63,1.66,76.01,2.84
2017-04-09,29.69,2.75,76.09,2.72
2017-04-10,29.39,1.56,76.75,3.66
2017-04-11,29.33,2.54,80.09,4.58
2017-04-12,29.59,2.69,78.39,4.11
2017-04-13,29.4,1.81,80.32,4.58
2017-04-14,29.25,0.63,77.31,5.22
2017-04-15,29.5,0.51,78.82,4.93
2017-04-16,29.28,0.12,79.2,4.97
2017-04-17,29.53,0.05,78.2,4.79
2017-04-18,28.98,0.02,78.79,4.71
2017-04-19,29.15,0.02,77.62,4.9
2017-04-20,29.32,0.08,75.99,4.53
2017-04-21,29.4,0.04,76.26,4.63
2017-04-22,29.34,0.22,78.24,4.81
2017-04-23,29.42,0.19,78.14,4.9
2017-04-24,29.52,0.24,76.37,5.01
2017-04-25,29.32,0.06,75.99,5.04
2017-04-26,29.43,0.38,77.81,4.48
2017-04-27,29.49,0.23,78.33,3.96
2017-04-28,29.58,0.22,76.55,3.7
2017-04-29,29.66,0.48,76.67,3.68
2017-04-30,29.51,0.77,78.6,2.84
2017-05-01,29.08,2.6,78.06,2.79
2017-05-02,29.18,0.85,76.26,2.89
2017-05-03,29.13,1.77,75.04,2.65
2017-05-04,29.36,0.22,73.48,2.41
2017-05-05,29.23,0.85,76.7,2.84
2017-05-06,29.19,1.99,77.24,3.57
2017-05-07,28.95,2.54,78.7,3.35
2017-05-08,29.62,2.9,73.48,3.42
2017-05-09,29.23,0.67,77.88,4.14
2017-05-10,29.38,1.72,78.51,3.89
2017-05-11,29.38,2.9,73.36,3.95
2017-05-12,29.42,3.97,77.17,3.38
2017-05-13,29.14,3.61,78.43,4.39
2017-05-14,29.59,7.61,76.39,5.21
2017-05-15,29.83,1.31,78.71,6.19
2017-05-16,29.75,2.28,80.15,5.77
2017-05-17,29.61,6.46,80.22,6.06
2017-05-18,29.14,7.87,79.58,4.8
2017-05-19,28.8,0.79,76.31,5.5
2017-05-20,28.94,6.87,80.56,6.28
2017-05-21,28.82,2.85,81.06,5.5
2017-05-22,28.83,4.88,78.21,5.67
2017-05-23,28.57,2.02,82.08,5.12
2017-05-24,28.91,2.08,82.79,4.77
2017-05-25,28.75,1.99,83.62,6.13
2017-05-26,28.56,2.54,82.96,6.04
2017-05-27,28.83,2.47,80.99,6.37
2017-05-28,28.17,7.08,82.25,6.71
2017-05-29,28.1,8.72,86.63,6.96
2017-05-30,28.24,6.88,84.68,7.33
2017-05-31,28.31,4.79,82.54,7.34
2017-06-01,28.52,2.29,78.91,7.24
2017-06-02,28.01,9.73,77.91,7.18
2017-06-03,28.33,2.62,76.63,6.27
2017-06-04,28.05,1.68,80.33,7.21
2017-06-05,27.65,2.0,85.16,5.79
2017-06-06,27.48,1.88,86.62,4.93
2017-06-07,27.26,1.7,86.6,4.75
2017-06-08,27.46,1.27,84.2,4.87
2017-06-09,27.44,1.05,85.72,5.4
2017-06-10,27.33,8.67,84.7,5.56
2017-06-11,27.36,2.26,84.93,5.35
2017-06-12,27.59,0.29,84.41,4.94
2017-06-13,27.62,0.89,86.68,4.18
2017-06-14,27.52,2.2,87.91,4.78
2017-06-15,27.61,1.48,88.41,3.85
2017-06-16,27.58,1.73,88.12,4.65
2017-06-17,27.71,0.64,86.86,4.41
2017-06-18,27.94,0.36,85.22,5.1
2017-06-19,27.92,1.17,86.98,5.2
2017-06-20,27.73,1.83,87.63,4.4
2017-06-21,27.55,1.69,88.56,4.58
2017-06-22,27.82,3.03,86.06,5.34
2017-06-23,27.8,4.63,84.8,6.1
2017-06-24,27.49,2.85,81.23,7.14
2017-06-25,27.83,4.53,75.1,6.44
2017-06-26,27.73,2.88,81.18,5.5
2017-06-27,27.5,14.8,85.28,5.84
2017-06-28,27.6,6.61,85.69,5.34
2017-06-29,27.9,1.35,83.72,5.39
2017-06-30,27.73,2.34,85.37,5.19
2017-07-01,27.43,3.67,86.22,5.85
2017-07-02,27.39,1.8,81.32,6.62
2017-07-03,27.56,0.78,81.07,6.3
2017-07-04,27.31,0.28,83.73,5.64
2017-07-05,27.56,1.03,84.62,5.33
2017-07-06,27.41,1.64,86.71,5.67
2017-07-07,27.41,1.04,78.45,6.57
2017-07-08,27.06,1.88,80.43,5.4
2017-07-09,26.59,2.37,81.77,5.37
2017-07-10,26.95,0.43,83.22,4.91
2017-07-11,26.91,1.3,84.75,5.93
2017-07-12,27.08,0.22,84.33,4.6
2017-07-13,27.16,0.41,85.63,5.12
2017-07-14,26.89,0.59,86.02,4.13
2017-07-15,26.81,0.29,88.46,4.33
2017-07-16,26.89,0.27,87.22,5.1
2017-07-17,26.67,0.61,88.86,4.91
2017-07-18,26.96,0.59,88.14,4.77
2017-07-19,27.09,2.04,88.44,4.85
2017-07-20,27.17,1.6,87.39,4.98
2017-07-21,26.91,2.08,83.07,4.21
2017-07-22,27.18,0.25,85.65,4.65
2017-07-23,27.17,0.52,87.22,4.24
2017-07-24,27.5,0.11,83.21,4.89
2017-07-25,27.77,0.35,82.65,4.31
2017-07-26,27.44,0.45,85.59,4.93
2017-07-27,27.29,1.43,85.96,4.82
2017-07-28,27.27,2.65,86.52,5.26
2017-07-29,27.38,2.05,85.07,4.73
2017-07-30,27.24,1.53,84.06,4.94
2017-07-31,27.22,5.21,86.88,4.45
2017-08-01,27.03,2.14,87.76,4.71
2017-08-02,27.26,0.78,84.18,5.38
2017-08-03,27.3,2.15,85.21,5.38
2017-08-04,27.07,1.68,87.39,5.43
2017-08-05,27.13,1.39,87.46,5.89
2017-08-06,27.08,1.41,87.11,5.41
2017-08-07,26.78,7.3,87.82,5.26
2017-08-08,26.67,5.4,87.03,4.82
2017-08-09,26.85,4.48,86.53,4.37
2017-08-10,26.74,0.95,83.89,4.87
2017-08-11,26.32,4.28,87.56,6.18
2017-08-12,26.76,0.41,83.41,4.66
2017-08-13,26.79,1.67,83.94,3.31
2017-08-14,26.76,0.67,84.78,3.12
2017-08-15,26.58,0.37,86.32,3.89
2017-08-16,26.86,0.67,85.52,4.37
2017-08-17,26.93,2.67,87.47,4.54
2017-08-18,26.91,5.18,87.91,5.43
2017-08-19,27.04,2.41,85.95,5.48
2017-08-20,26.73,3.75,87.98,4.96
2017-08-21,26.9,2.93,85.77,4.52
2017-08-22,26.52,3.25,86.6,4.79
2017-08-23,26.59,0.76,86.21,4.36
2017-08-24,26.65,0.49,87.21,4.33
2017-08-25,26.8,0.08,86.41,5.45
2017-08-26,26.94,0.17,85.42,4.99
2017-08-27,27.06,1.54,85.16,5.4
2017-08-28,26.53,4.66,90.24,5.19
2017-08-29,26.49,2.4,88.5,5.39
2017-08-30,26.84,0.73,86.4,4.63
2017-08-31,27.05,1.57,85.54,4.15
2017-09-01,26.65,11.28,88.21,4.14
2017-09-02,26.67,1.54,85.96,4.44
2017-09-03,26.53,0.95,85.07,4.46
2017-09-04,26.96,1.14,84.96,3.66
2017-09-05,26.85,1.24,86.47,5.18
2017-09-06,26.9,3.34,87.38,5.49
2017-09-07,26.96,13.12,87.48,4.74
2017-09-08,26.59,8.91,88.41,5.6
2017-09-09,26.64,7.41,89.59,4.36
2017-09-10,26.87,8.21,88.49,3.46
2017-09-11,26.7,9.34,89.62,3.48
2017-09-12,26.93,2.55,85.06,3.53
2017-09-13,26.66,10.76,90.5,4.69
2017-09-14,27.18,10.39,85.97,4.79
2017-09-15,27.07,3.09,87.29,4.1
2017-09-16,27.29,23.5,86.44,5.64
2017-09-17,26.75,26.33,89.89,5.4
2017-09-18,26.8,2.73,88.97,4.69
2017-09-19,26.97,1.62,88.1,5.75
2017-09-20,27.01,1.08,87.38,6.04
2017-09-21,27.12,0.53,85.03,5.63
2017-09-22,26.84,0.12,86.07,4.15
2017-09-23,26.82,0.16,86.84,3.89
2017-09-24,26.91,1.95,86.46,4.4
2017-09-25,26.9,3.29,86.52,4.61
2017-09-26,26.73,5.4,88.33,4.06
2017-09-27,26.9,2.77,88.55,4.72
2017-09-28,27.12,2.43,84.66,5.94
2017-09-29,27.2,1.39,83.9,5.38
2017-09-30,27.13,1.37,87.57,4.62
2017-10-01,27.05,1.16,86.56,4.82
2017-10-02,27.2,3.7,87.11,4.66
2017-10-03,27.27,0.67,86.66,4.2
2017-10-04,27.43,0.53,87.45,4.35
2017-10-05,27.21,2.68,88.66,3.77
2017-10-06,27.3,6.45,86.26,4.51
2017-10-07,27.19,19.53,84.66,3.99
2017-10-08,27.25,3.42,86.18,4.4
2017-10-09,27.53,0.83,85.07,3.78
2017-10-10,27.27,1.21,87.59,3.54
2017-10-11,27.14,9.6,85.65,3.14
2017-10-12,27.01,4.52,87.72,3.24
2017-10-13,27.28,3.94,89.42,3.9
2017-10-14,27.42,6.46,87.03,4.76
2017-10-15,27.53,4.13,85.47,4.49
2017-10-16,27.77,0.46,81.85,5.97
2017-10-17,27.72,0.18,81.69,5.22
2017-10-18,27.64,1.06,83.62,4.79
2017-10-19,27.47,3.49,87.16,4.61
2017-10-20,27.81,1.49,86.24,4.58
2017-10-21,27.8,7.92,83.38,5.58
2017-10-22,27.67,5.99,84.37,4.86
2017-10-23,27.65,2.18,83.43,3.55
2017-10-24,27.61,0.46,80.62,3.3
2017-10-25,27.92,0.64,79.94,2.13
2017-10-26,27.42,1.23,80.47,1.75
2017-10-27,27.54,2.24,79.08,1.99
2017-10-28,27.67,4.3,80.34,2.35
2017-10-29,27.33,9.12,83.05,2.22
2017-10-30,27.29,16.14,82.12,3.22
2017-10-31,26.45,10.63,81.71,3.14
2017-11-01,27.32,0.92,76.51,1.28
2017-11-02,26.83,7.2,82.53,1.71
2017-11-03,27.24,3.22,81.62,3.03
2017-11-04,27.04,3.17,82.38,2.74
2017-11-05,26.91,13.88,84.94,4.89
2017-11-06,27.15,8.57,85.09,5.22
2017-11-07,27.31,2.82,83.8,4.49
2017-11-08,26.76,20.91,84.64,4.08
2017-11-09,27.34,4.13,77.41,2.57
2017-11-10,27.46,2.02,76.9,2.54
2017-11-11,27.52,0.1,78.11,2.82
2017-11-12,27.45,0.39,82.68,2.81
2017-11-13,27.92,0.42,81.19,3.97
2017-11-14,27.76,0.0,70.85,3.96
2017-11-15,27.67,0.0,73.61,3.97
2017-11-16,27.84,0.0,69.67,4.45
2017-11-17,27.81,0.0,67.27,2.9
2017-11-18,27.77,0.12,72.93,1.57
2017-11-19,27.93,3.39,76.62,1.48
2017-11-20,28.01,22.25,80.98,2.21
2017-11-21,27.29,22.18,84.55,2.51
2017-11-22,27.65,1.39,84.22,3.93
2017-11-23,27.79,0.18,79.44,4.2
2017-11-24,27.98,1.39,77.48,3.99
2017-11-25,28.06,2.38,75.02,2.6
2017-11-26,26.13,12.55,83.69,3.31
2017-11-27,26.71,5.12,85.34,4.54
2017-11-28,27.44,4.9,86.16,4.61
2017-11-29,27.02,19.75,88.14,6.39
2017-11-30,26.94,199.47,87.7,7.44
2017-12-01,27.07,24.0,89.41,4.96
2017-12-02,27.21,9.07,83.59,2.5
2017-12-03,27.39,5.91,78.72,2.62
2017-12-04,27.24,1.28,82.72,2.88
2017-12-05,27.21,0.05,78.5,1.84
2017-12-06,26.46,0.76,80.77,2.16
2017-12-07,26.89,8.99,75.88,1.54
2017-12-08,26.22,2.63,83.16,1.39
2017-12-09,26.02,8.27,87.73,2.79
2017-12-10,27.22,0.0,74.22,2.14
2017-12-11,27.25,0.05,78.97,2.34
2017-12-12,27.29,0.03,76.66,1.76
2017-12-13,27.36,0.53,75.27,1.22
2017-12-14,27.35,0.57,80.94,2.96
2017-12-15,27.16,2.79,85.08,4.65
2017-12-16,27.2,0.53,84.36,6.27
2017-12-17,26.98,0.07,83.54,6.66
2017-12-18,26.52,0.03,79.09,6.17
2017-12-19,26.34,0.09,79.6,5.39
2017-12-20,26.46,2.06,86.05,6.93
2017-12-21,26.35,1.89,83.58,6.52
2017-12-22,26.64,0.09,81.53,6.87
2017-12-23,26.58,0.07,78.94,6.23
2017-12-24,26.28,0.01,77.7,5.3
2017-12-25,26.85,0.04,81.28,5.22
2017-12-26,26.88,0.07,82.2,5.83
2017-12-27,26.36,0.0,79.37,6.46
2017-12-28,26.02,0.0,75.45,6.66
2017-12-29,25.97,0.0,71.72,5.81
2017-12-30,26.37,0.0,74.51,5.31
2017-12-31,26.43,0.0,72.59,4.26
2018-01-01,26.97,0.0,75.5,2.16
2018-01-02,27.44,0.0,72.72,1.38
2018-01-03,27.5,0.0,74.76,2.71
2018-01-04,27.01,0.0,74.23,4.55
2018-01-05,26.44,0.0,71.48,5.26
2018-01-06,26.39,0.0,67.61,3.86
2018-01-07,26.4,0.0,68.19,3.43
2018-01-08,25.97,0.0,70.31,5.2
2018-01-09,27.01,0.01,68.8,3.08
2018-01-10,26.7,1.33,80.91,4.27
2018-01-11,26.68,1.61,82.92,4.48
2018-01-12,27.03,0.26,80.87,4.06
2018-01-13,26.73,1.22,83.71,4.9
2018-01-14,26.58,0.01,76.44,5.78
2018-01-15,26.63,0.01,77.82,5.77
2018-01-16,26.67,0.0,79.38,4.81
2018-01-17,26.87,0.0,75.0,4.27
2018-01-18,26.49,0.0,68.13,6.17
2018-01-19,26.18,0.0,72.51,5.44
2018-01-20,26.34,0.0,68.79,5.08
2018-01-21,26.24,0.0,69.78,4.9
2018-01-22,26.42,0.0,70.78,3.62
2018-01-23,26.61,0.0,73.55,3.0
2018-01-24,27.27,0.04,73.19,2.01
2018-01-25,27.25,0.01,70.29,2.53
2018-01-26,26.88,0.01,71.43,3.49
2018-01-27,26.84,0.0,70.46,3.39
2018-01-28,27.04,0.13,69.86,3.93
2018-01-29,26.87,0.05,75.16,4.81
2018-01-30,27.16,0.01,76.71,5.99
2018-01-31,27.47,0.0,69.95,6.27
2018-02-01,27.12,0.0,67.73,5.41
2018-02-02,26.85,0.0,65.53,5.61
2018-02-03,26.72,0.0,68.18,5.99
2018-02-04,26.66,0.0,71.24,5.93
2018-02-05,27.43,0.0,70.71,5.55
2018-02-06,27.47,0.42,79.64,4.88
2018-02-07,27.6,1.31,81.69,3.18
2018-02-08,27.47,1.22,79.79,3.34
2018-02-09,27.54,0.07,77.63,2.5
2018-02-10,27.67,0.01,70.45,3.67
2018-02-11,27.36,0.0,73.99,4.63
2018-02-12,27.75,0.22,77.18,4.53
2018-02-13,27.89,0.0,71.19,5.1
2018-02-14,27.52,0.0,73.3,5.57
2018-02-15,27.82,0.07,78.04,5.84
2018-02-16,27.84,0.0,73.81,6.53
2018-02-17,27.76,0.0,68.57,4.71
2018-02-18,27.59,0.0,68.68,4.58
2018-02-19,27.38,0.0,67.69,5.46
2018-02-20,27.11,0.0,70.5,5.95
2018-02-21,27.01,0.0,69.89,4.62
2018-02-22,27.34,0.0,67.88,4.37
2018-02-23,27.08,0.0,70.53,5.23
2018-02-24,27.76,0.0,74.87,5.9
2018-02-25,28.21,0.04,74.8,6.04
2018-02-26,28.34,0.05,74.69,4.14
2018-02-27,28.16,0.6,75.97,5.59
2018-02-28,28.32,0.26,76.4,5.21
2018-03-01,28.33,0.45,75.17,5.0
2018-03-02,28.4,0.53,75.08,4.44
2018-03-03,28.35,0.03,73.06,3.06
2018-03-04,28.24,0.02,71.02,2.66
2018-03-05,28.08,0.0,74.58,2.94
2018-03-06,28.16,0.0,69.8,2.89
2018-03-07,28.25,0.0,70.01,2.72
2018-03-08,28.56,0.03,71.09,3.23
2018-03-09,28.53,0.0,72.11,4.44
2018-03-10,28.73,0.1,72.02,4.78
2018-03-11,28.85,0.0,70.01,4.72
2018-03-12,28.73,3.18,74.97,5.97
2018-03-13,27.27,7.59,82.1,5.25
2018-03-14,28.0,5.27,80.44,3.59
2018-03-15,28.33,3.03,77.65,2.63
2018-03-16,28.35,0.52,77.12,2.52
2018-03-17,28.98,0.66,76.38,2.06
2018-03-18,28.66,1.5,76.27,3.77
2018-03-19,28.74,0.61,76.22,3.33
2018-03-20,28.5,0.0,69.69,3.28
2018-03-21,28.74,0.06,71.22,2.46
2018-03-22,29.25,0.46,74.98,3.9
2018-03-23,29.44,0.44,74.04,3.9
2018-03-24,29.32,0.61,74.75,2.26
2018-03-25,28.62,0.3,74.5,2.52
2018-03-26,29.01,0.3,72.43,3.05
2018-03-27,28.94,1.76,77.8,3.0
2018-03-28,27.97,0.78,81.46,2.78
2018-03-29,29.2,0.12,75.69,2.94
2018-03-30,29.15,0.57,80.29,3.95
2018-03-31,29.45,0.41,77.1,4.32
2018-04-01,29.62,0.14,72.6,3.34
2018-04-02,28.9,0.19,76.07,2.79
2018-04-03,29.7,0.16,72.79,2.19
2018-04-04,29.56,0.32,74.72,2.27
2018-04-05,29.29,0.19,72.97,2.21
2018-04-06,29.25,0.5,73.21,2.35
2018-04-07,29.42,1.51,73.08,2.1
2018-04-08,29.07,5.14,73.06,2.28
2018-04-09,29.15,4.81,77.06,3.02
2018-04-10,29.26,4.36,74.9,2.52
2018-04-11,29.43,7.25,75.23,1.28
2018-04-12,29.24,4.47,76.75,1.84
2018-04-13,28.76,5.88,75.68,1.83
2018-04-14,29.04,7.82,73.06,1.53
2018-04-15,28.45,6.49,79.88,3.88
2018-04-16,29.38,1.08,74.59,2.04
2018-04-17,29.49,0.7,76.1,2.29
2018-04-18,28.92,4.23,79.71,2.35
2018-04-19,29.47,0.9,75.86,2.96
2018-04-20,29.62,1.66,77.57,3.24
2018-04-21,29.57,1.92,78.42,2.64
2018-04-22,29.48,1.06,78.54,3.36
2018-04-23,29.97,0.26,75.77,3.38
2018-04-24,29.93,0.68,76.79,3.54
2018-04-25,29.84,0.44,77.67,3.32
2018-04-26,29.81,0.57,76.61,3.29
2018-04-27,29.9,1.41,76.25,2.85
2018-04-28,28.79,2.29,78.88,2.62
2018-04-29,29.9,1.11,72.56,3.21
2018-04-30,30.18,0.66,75.79,3.83
2018-05-01,30.14,1.16,77.6,4.55
2018-05-02,30.19,0.73,75.6,5.23
2018-05-03,30.14,2.23,75.6,4.88
2018-05-04,29.85,5.39,77.73,2.43
2018-05-05,29.24,3.23,72.96,3.55
2018-05-06,28.03,2.91,81.38,2.82
2018-05-07,28.34,6.05,82.17,3.33
2018-05-08,28.18,5.98,84.09,3.81
2018-05-09,28.59,1.47,78.55,3.25
2018-05-10,28.06,2.51,79.84,3.31
2018-05-11,27.97,5.26,84.18,3.1
2018-05-12,28.32,3.22,81.31,3.7
2018-05-13,28.18,1.77,80.17,3.96
2018-05-14,29.04,1.32,77.73,3.9
2018-05-15,29.21,0.88,76.55,3.01
2018-05-16,28.82,3.07,74.29,2.05
2018-05-17,27.9,4.16,82.16,3.37
2018-05-18,28.31,4.19,78.83,3.7
2018-05-19,28.85,2.36,78.01,4.31
2018-05-20,28.75,3.15,80.08,6.39
2018-05-21,28.84,0.9,77.96,4.57
2018-05-22,29.21,1.24,78.98,5.19
2018-05-23,28.35,1.33,83.04,5.55
2018-05-24,28.74,2.72,83.64,6.59
2018-05-25,28.2,2.63,85.2,7.36
2018-05-26,28.08,0.94,84.04,6.35
2018-05-27,28.41,3.31,82.91,5.82
2018-05-28,28.52,5.78,83.78,8.03
2018-05-29,28.64,0.65,79.97,7.69
2018-05-30,28.63,0.92,81.73,6.54
2018-05-31,28.44,2.86,85.4,5.49
2018-06-01,28.05,3.87,87.03,4.81
2018-06-02,27.61,6.88,89.95,5.15
2018-06-03,27.81,2.84,86.22,5.04
2018-06-04,28.02,3.11,85.62,5.32
2018-06-05,28.05,8.4,87.42,4.62
2018-06-06,27.9,10.63,88.65,4.87
2018-06-07,27.41,5.65,88.74,5.8
2018-06-08,27.77,7.36,87.41,7.18
2018-06-09,27.82,4.91,87.75,7.48
2018-06-10,27.78,7.06,88.39,6.6
2018-06-11,27.77,5.82,87.15,6.46
2018-06-12,27.78,2.08,85.64,6.27
2018-06-13,27.55,4.6,86.36,5.47
2018-06-14,27.45,5.32,85.33,4.97
2018-06-15,27.17,4.27,88.2,4.77
2018-06-16,27.07,8.49,86.65,5.28
2018-06-17,27.07,1.92,82.36,5.62
2018-06-18,26.94,1.84,88.56,4.69
2018-06-19,27.07,0.6,84.59,5.67
2018-06-20,27.16,3.48,85.24,6.1
2018-06-21,27.09,3.08,88.18,5.29
2018-06-22,26.97,3.73,88.39,4.6
2018-06-23,27.04,1.5,86.16,4.55
2018-06-24,26.88,2.89,89.48,4.35
2018-06-25,26.87,2.12,86.86,4.86
2018-06-26,26.77,2.99,89.45,4.46
2018-06-27,26.74,6.32,86.35,4.41
2018-06-28,26.62,7.61,86.25,3.74
2018-06-29,26.44,1.09,82.62,4.47
2018-06-30,26.37,3.01,86.87,4.24
2018-07-01,26.55,2.38,85.62,4.43
2018-07-02,26.79,2.7,87.58,4.25
2018-07-03,26.63,1.76,89.03,4.02
2018-07-04,26.77,0.34,88.78,4.16
2018-07-05,27.02,0.49,86.92,4.53
2018-07-06,26.92,1.32,88.88,4.87
2018-07-07,26.86,1.31,83.5,6.19
2018-07-08,26.96,9.49,84.41,6.57
2018-07-09,26.75,12.5,89.36,5.83
2018-07-10,26.56,10.34,86.76,5.8
2018-07-11,26.69,3.94,86.91,5.41
2018-07-12,26.26,6.01,90.22,4.15
2018-07-13,26.16,6.83,91.75,5.15
2018-07-14,26.36,2.34,88.67,5.4
2018-07-15,25.89,18.34,91.24,5.75
2018-07-16,26.19,3.29,87.15,5.73
2018-07-17,26.33,1.66,84.76,5.77
2018-07-18,25.88,3.0,88.28,5.45
2018-07-19,25.77,0.97,89.68,6.32
2018-07-20,25.86,0.3,89.47,4.9
2018-07-21,25.91,0.52,90.92,5.08
2018-07-22,25.81,0.55,89.88,5.05
2018-07-23,25.66,0.5,89.02,5.27
2018-07-24,25.65,0.45,88.32,5.43
2018-07-25,25.81,0.3,88.85,4.97
2018-07-26,25.77,0.06,88.87,5.56
2018-07-27,25.82,0.02,87.65,5.13
2018-07-28,25.78,0.01,86.16,4.85
2018-07-29,25.94,0.25,87.61,5.12
2018-07-30,25.94,2.22,89.56,4.84
2018-07-31,25.77,6.67,90.36,4.73
2018-08-01,25.71,4.97,91.27,3.76
2018-08-02,25.56,3.4,89.38,3.57
2018-08-03,25.57,1.43,90.24,4.89
2018-08-04,25.68,0.47,90.03,4.33
2018-08-05,26.1,0.53,89.78,5.69
2018-08-06,26.26,0.96,87.78,6.22
2018-08-07,26.22,2.54,88.86,5.48
2018-08-08,26.13,7.02,88.56,5.73
2018-08-09,26.23,4.9,87.8,5.32
2018-08-10,26.34,1.4,87.52,5.69
2018-08-11,26.24,1.05,87.78,6.44
2018-08-12,26.41,0.98,86.32,6.25
2018-08-13,26.32,19.15,89.66,5.05
2018-08-14,26.35,29.41,87.0,6.59
2018-08-15,26.02,21.89,89.74,7.43
2018-08-16,26.05,5.17,86.63,6.96
2018-08-17,25.68,12.86,90.04,6.32
2018-08-18,25.35,26.05,90.74,6.42
2018-08-19,25.44,0.86,89.47,6.89
2018-08-20,25.39,0.66,90.72,5.84
2018-08-21,25.18,0.1,90.01,4.65
2018-08-22,25.18,0.06,89.02,4.27
2018-08-23,25.36,0.03,86.67,4.92
2018-08-24,25.51,0.01,87.25,5.26
2018-08-25,25.58,0.09,88.9,5.17
2018-08-26,25.59,0.19,88.92,5.29
2018-08-27,25.7,0.15,88.38,5.16
2018-08-28,25.55,0.11,89.42,4.91
2018-08-29,25.8,0.04,87.2,5.38
2018-08-30,26.03,0.28,85.86,5.64
2018-08-31,25.98,1.0,88.69,4.5
2018-09-01,25.6,0.95,91.21,3.88
2018-09-02,26.04,0.81,87.99,4.17
2018-09-03,25.94,0.12,87.43,4.55
2018-09-04,25.9,0.01,86.25,4.68
2018-09-05,26.0,0.01,85.87,4.76
2018-09-06,26.2,0.01,86.05,4.71
2018-09-07,26.09,0.0,85.57,4.76
2018-09-08,26.26,0.0,84.06,4.53
2018-09-09,26.47,0.08,83.05,3.96
2018-09-10,26.4,0.05,83.48,3.81
2018-09-11,26.38,0.0,84.67,3.74
2018-09-12,26.35,0.04,84.85,3.78
2018-09-13,26.6,0.03,82.98,4.35
2018-09-14,26.35,0.03,85.5,3.72
2018-09-15,26.67,0.05,85.36,3.17
2018-09-16,26.82,0.23,86.55,3.67
2018-09-17,26.71,1.17,86.01,4.19
2018-09-18,26.78,1.19,85.85,5.4
2018-09-19,26.72,1.54,87.02,4.9
2018-09-20,26.64,4.1,88.67,5.46
2018-09-21,27.05,0.7,84.3,4.59
2018-09-22,27.25,0.73,82.39,3.51
2018-09-23,26.92,1.51,86.85,3.71
2018-09-24,26.9,2.52,85.61,3.43
2018-09-25,26.78,2.32,85.18,2.72
2018-09-26,27.56,1.07,82.74,2.81
2018-09-27,27.48,2.63,82.24,2.62
2018-09-28,27.45,4.66,81.7,1.96
2018-09-29,26.46,10.52,86.12,3.3
2018-09-30,27.3,1.71,83.24,2.65
2018-10-01,28.03,1.19,80.02,1.95
2018-10-02,27.18,8.75,82.55,1.33
2018-10-03,27.7,14.56,79.06,1.14
2018-10-04,27.17,9.09,80.55,2.44
2018-10-05,26.93,17.94,89.66,5.85
2018-10-06,27.14,19.58,86.17,2.2
2018-10-07,26.88,23.76,81.7,1.56
2018-10-08,26.72,4.8,85.22,3.9
2018-10-09,27.3,1.39,82.54,4.08
2018-10-10,27.65,2.57,76.86,4.96
2018-10-11,27.15,11.91,85.14,3.76
2018-10-12,27.24,1.34,86.41,3.2
2018-10-13,27.13,8.15,82.74,4.03
2018-10-14,26.98,4.18,80.6,3.72
2018-10-15,27.32,2.93,79.45,2.51
2018-10-16,27.05,4.57,84.15,2.59
2018-10-17,27.24,1.93,75.88,2.79
2018-10-18,27.88,0.69,75.29,2.07
2018-10-19,27.82,2.48,77.58,1.41
2018-10-20,27.44,5.01,80.78,1.37
2018-10-21,26.93,9.19,84.43,2.54
2018-10-22,26.91,8.79,85.52,2.68
2018-10-23,27.5,6.21,79.83,1.48
2018-10-24,27.9,0.87,77.0,1.64
2018-10-25,27.42,1.36,81.07,2.87
2018-10-26,27.82,15.29,79.87,3.67
2018-10-27,28.0,5.27,77.59,2.73
2018-10-28,27.7,8.35,74.91,2.95
2018-10-29,27.71,0.02,77.98,2.93
2018-10-30,28.28,0.13,76.7,2.45
2018-10-31,28.47,2.41,75.43,2.02
2018-11-01,27.16,1.44,82.32,3.17
2018-11-02,27.47,6.76,81.72,2.48
2018-11-03,27.12,22.99,85.89,3.83
2018-11-04,27.71,30.35,81.64,4.07
2018-11-05,27.74,0.03,79.97,3.58
2018-11-06,27.16,2.21,82.65,4.38
2018-11-07,27.59,0.53,76.76,3.46
2018-11-08,26.25,3.42,77.67,3.13
2018-11-09,26.65,15.34,84.26,3.67
2018-11-10,27.8,1.83,76.62,2.16
2018-11-11,27.79,0.21,73.88,2.05
2018-11-12,27.19,1.99,79.2,2.26
2018-11-13,27.24,0.9,81.63,3.34
2018-11-14,27.65,4.57,81.38,3.06
2018-11-15,28.26,5.72,78.65,1.94
2018-11-16,27.48,6.94,81.52,4.33
2018-11-17,27.96,0.94,73.34,1.93
2018-11-18,27.32,0.24,79.91,1.89
2018-11-19,27.67,2.76,81.58,2.6
2018-11-20,27.81,2.01,75.13,2.34
2018-11-21,27.88,5.92,79.26,2.39
2018-11-22,27.3,1.29,83.76,2.38
2018-11-23,27.63,2.14,82.43,1.83
2018-11-24,27.27,40.88,81.54,1.82
2018-11-25,27.39,0.82,78.97,3.69
2018-11-26,27.36,0.01,79.12,4.95
2018-11-27,26.74,0.0,75.91,5.3
2018-11-28,26.98,0.54,79.38,5.13
2018-11-29,27.08,4.37,85.3,5.41
2018-11-30,27.33,1.56,83.57,4.92
2018-12-01,27.34,0.35,82.03,5.55
2018-12-02,27.22,0.0,78.27,5.15
2018-12-03,27.64,0.25,79.2,4.62
2018-12-04,27.33,5.32,84.97,4.31
2018-12-05,27.59,0.71,82.48,4.0
2018-12-06,27.63,0.92,82.66,3.73
2018-12-07,27.93,1.87,79.92,4.75
2018-12-08,27.76,0.34,79.52,5.16
2018-12-09,27.56,0.0,76.81,4.99
2018-12-10,27.79,0.0,73.88,3.52
2018-12-11,27.6,0.0,66.38,2.97
2018-12-12,28.04,0.0,67.95,1.82
2018-12-13,28.32,0.0,69.25,1.33
2018-12-14,28.04,0.0,68.02,1.8
2018-12-15,27.86,0.02,72.57,2.71
2018-12-16,27.61,0.01,71.33,3.26
2018-12-17,27.7,0.02,76.1,2.46
2018-12-18,28.28,0.0,72.01,1.77
2018-12-19,27.5,0.28,76.14,4.24
2018-12-20,27.43,0.01,74.05,4.03
2018-12-21,27.79,0.05,74.58,2.63
2018-12-22,28.03,0.3,74.37,2.66
2018-12-23,27.34,1.51,81.5,4.66
2018-12-24,27.53,2.49,82.57,4.09
2018-12-25,27.78,0.97,78.8,4.41
2018-12-26,27.77,0.78,76.11,2.39
2018-12-27,27.65,0.36,73.77,2.83
2018-12-28,27.31,0.0,73.16,3.07
2018-12-29,27.33,0.22,75.99,4.5
2018-12-30,27.41,0.03,73.24,6.1
2018-12-31,27.15,0.0,73.9,6.39
2019-01-01,26.74,0.0,72.86,6.05
2019-01-02,26.08,0.0,70.31,6.35
2019-01-03,26.54,0.0,68.22,6.07
2019-01-04,26.27,0.0,67.82,6.48
2019-01-05,26.84,0.0,67.61,4.65
2019-01-06,26.47,0.0,70.92,5.25
2019-01-07,26.85,0.0,68.89,3.86
2019-01-08,27.02,0.0,72.31,4.52
2019-01-09,26.76,0.0,70.77,5.53
2019-01-10,26.8,0.0,71.34,5.5
2019-01-11,27.0,0.0,70.82,4.18
2019-01-12,27.27,0.0,67.54,5.61
2019-01-13,27.24,0.02,76.25,4.28
2019-01-14,27.56,0.05,75.97,4.54
2019-01-15,27.39,0.0,72.53,5.17
2019-01-16,27.19,0.0,72.09,6.06
2019-01-17,26.9,0.0,67.36,5.77
2019-01-18,26.44,0.0,64.6,5.54
2019-01-19,26.37,0.0,66.51,4.44
2019-01-20,26.18,0.0,66.83,5.67
2019-01-21,26.25,0.0,68.68,4.53
2019-01-22,26.62,0.0,68.76,3.55
2019-01-23,27.13,0.0,72.34,3.56
2019-01-24,27.16,0.0,75.18,3.43
2019-01-25,27.34,0.0,76.97,2.43
2019-01-26,27.48,0.03,76.92,2.21
2019-01-27,27.59,0.14,74.33,2.23
2019-01-28,27.64,0.02,73.9,2.97
2019-01-29,27.93,0.01,70.08,4.89
2019-01-30,27.69,0.0,70.42,6.38
2019-01-31,27.59,0.0,70.85,6.14
2019-02-01,27.47,0.0,71.9,4.6
2019-02-02,27.69,0.0,73.0,4.34
2019-02-03,27.84,0.0,72.87,5.16
2019-02-04,28.05,0.13,77.33,5.94
2019-02-05,28.12,0.72,77.14,5.02
2019-02-06,27.7,0.03,74.61,4.59
2019-02-07,27.51,0.0,72.88,3.61
2019-02-08,27.55,0.11,78.43,2.72
2019-02-09,27.45,0.81,79.82,2.02
2019-02-10,27.54,0.44,78.05,2.4
2019-02-11,28.17,0.01,74.02,5.69
2019-02-12,28.05,0.21,73.65,6.56
2019-02-13,28.02,0.0,71.99,6.77
2019-02-14,28.25,0.05,75.75,4.84
2019-02-15,28.23,0.43,78.03,3.73
2019-02-16,28.51,0.46,76.32,2.65
2019-02-17,28.1,1.76,79.39,1.61
2019-02-18,28.73,0.67,77.71,2.37
2019-02-19,28.56,0.2,75.99,1.94
2019-02-20,28.42,0.13,72.64,5.02
2019-02-21,28.53,0.0,71.94,5.23
2019-02-22,28.23,0.0,67.5,5.89
2019-02-23,27.79,0.0,68.41,4.46
2019-02-24,27.64,0.0,69.64,4.08
2019-02-25,27.99,0.0,71.17,3.01
2019-02-26,28.64,0.0,71.11,2.58
2019-02-27,28.71,0.0,73.14,3.67
2019-02-28,28.73,0.0,71.59,3.85
2019-03-01,28.8,0.0,70.53,2.31
2019-03-02,28.61,0.01,71.47,3.17
2019-03-03,28.74,0.18,72.49,3.24
2019-03-04,28.42,0.03,73.23,2.56
2019-03-05,28.83,0.09,74.48,2.23
2019-03-06,29.22,0.3,75.36,4.12
2019-03-07,29.17,0.38,76.37,3.15
2019-03-08,28.91,0.59,75.33,3.29
2019-03-09,29.17,1.14,72.19,3.14
2019-03-10,28.96,0.98,71.96,2.08
2019-03-11,29.22,0.38,65.56,2.27
2019-03-12,29.03,0.0,61.71,3.54
2019-03-13,28.92,0.0,67.36,4.43
2019-03-14,29.32,0.0,61.43,3.73
2019-03-15,28.96,0.0,64.94,4.38
2019-03-16,29.2,0.0,68.89,3.85
2019-03-17,29.14,0.02,69.89,3.86
2019-03-18,29.06,2.27,73.66,3.27
2019-03-19,29.09,1.19,73.13,3.13
2019-03-20,29.15,0.01,71.1,1.88
2019-03-21,28.91,0.0,71.27,2.2
2019-03-22,29.2,0.02,72.49,2.61
2019-03-23,29.68,0.02,71.28,1.83
2019-03-24,29.33,0.01,71.37,2.17
2019-03-25,29.33,0.0,66.84,2.6
2019-03-26,29.34,0.0,64.87,2.76
2019-03-27,29.65,0.0,63.67,2.52
2019-03-28,29.79,0.0,69.48,2.06
2019-03-29,29.38,0.0,73.31,2.75
2019-03-30,29.46,0.02,72.52,2.96
2019-03-31,29.64,0.0,71.42,3.45
2019-04-01,29.64,0.35,72.52,3.62
2019-04-02,30.04,0.49,71.87,2.91
2019-04-03,29.55,0.85,73.43,2.7
2019-04-04,29.41,0.09,70.26,3.14
2019-04-05,29.51,0.02,67.83,2.93
2019-04-06,30.2,0.05,69.24,3.04
2019-04-07,30.13,0.2,74.67,3.06
2019-04-08,29.56,0.16,75.85,2.98
2019-04-09,29.44,0.06,76.0,3.39
2019-04-10,30.11,0.25,72.3,2.66
2019-04-11,30.47,0.17,72.52,2.55
2019-04-12,30.43,0.19,73.31,2.54
2019-04-13,30.45,0.29,73.0,2.01
2019-04-14,30.21,0.1,70.91,2.12
2019-04-15,30.31,0.31,70.97,2.58
2019-04-16,30.17,4.15,73.72,2.76
2019-04-17,30.28,6.17,69.63,3.32
2019-04-18,29.47,6.09,76.58,2.85
2019-04-19,29.36,4.19,77.32,2.68
2019-04-20,29.01,8.02,76.97,2.42
2019-04-21,29.98,1.64,68.31,2.37
2019-04-22,30.57,1.8,71.26,2.71
2019-04-23,30.32,3.63,72.33,2.72
2019-04-24,30.21,0.63,70.86,2.04
2019-04-25,30.47,1.89,69.5,2.48
2019-04-26,30.73,0.49,74.32,2.29
2019-04-27,30.37,0.43,78.28,2.5
2019-04-28,30.5,0.95,77.28,3.45
2019-04-29,30.12,3.38,77.45,4.39
2019-04-30,30.18,0.37,73.59,5.62
2019-05-01,30.22,0.56,74.9,6.05
2019-05-02,30.04,0.35,76.9,5.34
2019-05-03,30.12,0.01,73.67,5.85
2019-05-04,30.68,0.0,68.85,5.28
2019-05-05,29.83,0.02,74.39,4.29
2019-05-06,29.41,0.04,73.31,4.32
2019-05-07,29.42,0.13,71.6,5.29
2019-05-08,29.35,0.02,70.23,5.57
2019-05-09,29.07,0.1,75.55,5.42
2019-05-10,29.31,0.08,78.25,4.18
2019-05-11,29.38,0.14,79.01,4.1
2019-05-12,29.37,0.31,80.62,4.25
2019-05-13,29.28,0.29,80.4,4.54
2019-05-14,29.54,0.12,77.97,4.85
2019-05-15,29.14,0.26,80.73,4.6
2019-05-16,29.07,0.32,82.5,4.62
2019-05-17,29.45,0.2,79.78,4.3
2019-05-18,29.52,0.13,80.41,4.06
2019-05-19,29.15,0.17,80.85,4.17
2019-05-20,29.26,0.24,79.82,4.0
2019-05-21,29.2,0.58,80.54,4.16
2019-05-22,29.21,3.59,83.55,3.51
2019-05-23,29.01,4.9,85.85,4.49
2019-05-24,29.15,5.74,81.31,4.07
2019-05-25,28.47,2.94,82.37,5.16
2019-05-26,29.17,0.35,80.13,4.62
2019-05-27,29.71,0.37,80.6,4.34
2019-05-28,29.97,0.36,81.07,4.25
2019-05-29,29.56,0.45,82.89,5.36
2019-05-30,29.48,3.77,80.14,4.79
2019-05-31,28.38,4.09,73.6,3.34
2019-06-01,28.76,1.05,79.06,4.85
2019-06-02,29.22,1.08,81.08,4.99
2019-06-03,29.17,2.66,82.14,5.64
2019-06-04,28.49,2.58,83.81,5.03
2019-06-05,28.83,2.26,80.65,4.18
2019-06-06,28.24,16.04,86.8,5.17
2019-06-07,28.31,5.36,85.82,5.64
2019-06-08,29.25,3.93,79.71,5.69
2019-06-09,29.23,4.96,81.62,5.68
2019-06-10,28.9,8.59,82.54,6.28
2019-06-11,28.76,4.53,83.46,5.48
2019-06-12,28.81,3.05,83.38,5.62
2019-06-13,28.78,5.72,83.6,6.11
2019-06-14,28.73,3.15,82.96,4.32
2019-06-15,28.76,2.81,81.86,4.7
2019-06-16,28.54,1.35,79.66,5.08
2019-06-17,28.74,1.72,83.96,5.71
2019-06-18,28.9,1.32,82.14,6.02
2019-06-19,28.97,2.1,83.06,6.41
2019-06-20,27.8,10.3,83.35,6.11
2019-06-21,27.82,5.44,83.69,6.46
2019-06-22,28.13,1.47,81.37,7.15
2019-06-23,28.38,1.42,83.28,5.11
2019-06-24,28.2,1.34,88.22,5.69
2019-06-25,28.4,0.2,84.46,5.06
2019-06-26,28.38,0.0,81.8,4.92
2019-06-27,28.2,0.0,82.58,5.21
2019-06-28,28.29,0.0,78.4,5.04
2019-06-29,28.22,0.0,79.64,4.98
2019-06-30,28.02,0.09,82.67,5.53
2019-07-01,27.79,0.64,86.7,4.7
2019-07-02,27.89,2.63,86.94,5.28
2019-07-03,28.07,1.1,83.78,4.45
2019-07-04,28.21,0.8,83.88,4.21
2019-07-05,28.24,1.94,83.35,4.75
2019-07-06,28.33,0.53,81.54,5.07
2019-07-07,28.27,0.29,82.26,4.42
2019-07-08,28.1,0.82,84.56,3.9
2019-07-09,27.72,3.24,80.96,4.01
2019-07-10,27.32,1.8,77.29,4.83
2019-07-11,27.88,0.28,81.27,3.85
2019-07-12,28.18,1.11,80.46,3.67
2019-07-13,27.65,2.32,85.28,4.01
2019-07-14,27.74,2.74,85.2,4.12
2019-07-15,26.96,3.38,83.78,5.65
2019-07-16,27.74,0.79,79.49,6.76
2019-07-17,27.84,0.93,77.53,7.7
2019-07-18,27.14,6.86,81.58,7.73
2019-07-19,27.01,17.69,82.84,8.61
2019-07-20,27.16,2.46,83.34,6.37
2019-07-21,27.45,1.39,82.94,6.19
2019-07-22,27.13,0.11,83.91,5.89
2019-07-23,27.06,0.37,82.19,5.05
2019-07-24,26.73,0.93,87.08,4.56
2019-07-25,26.64,1.02,87.8,4.34
2019-07-26,26.33,0.69,87.08,3.92
2019-07-27,26.34,0.3,86.71,3.84
2019-07-28,26.72,0.25,86.9,4.26
2019-07-29,26.86,0.57,86.97,4.38
2019-07-30,27.09,0.21,84.39,3.77
2019-07-31,26.88,0.26,87.39,3.68
2019-08-01,27.05,0.29,86.71,4.38
2019-08-02,27.19,0.72,88.08,4.57
2019-08-03,27.38,0.33,87.9,4.04
2019-08-04,27.8,4.21,82.67,4.55
2019-08-05,27.83,6.95,84.07,5.0
2019-08-06,27.82,8.97,85.06,5.05
2019-08-07,27.68,15.81,86.59,5.59
2019-08-08,27.58,20.47,83.69,6.58
2019-08-09,27.05,10.65,84.89,5.04
2019-08-10,27.04,3.05,83.67,5.89
2019-08-11,26.56,27.33,85.85,6.7
2019-08-12,26.92,2.0,81.69,7.19
2019-08-13,26.97,9.82,85.35,6.43
2019-08-14,26.74,6.48,84.59,6.66
2019-08-15,27.17,0.45,84.09,5.2
2019-08-16,27.29,0.36,83.17,4.79
2019-08-17,26.39,3.16,81.2,3.82
2019-08-18,26.93,0.58,80.45,4.45
2019-08-19,27.01,1.38,83.94,4.17
2019-08-20,27.46,3.32,85.2,4.82
2019-08-21,27.23,5.11,85.34,6.13
2019-08-22,26.89,4.0,82.74,5.93
2019-08-23,27.32,4.04,79.62,4.72
2019-08-24,27.08,5.75,80.53,4.49
2019-08-25,27.0,1.95,78.63,5.72
2019-08-26,27.2,2.78,79.19,6.49
2019-08-27,27.16,1.78,80.76,6.41
2019-08-28,27.17,6.66,83.37,5.51
2019-08-29,27.03,2.54,82.88,5.72
2019-08-30,27.58,1.17,79.17,5.78
2019-08-31,27.39,8.17,85.2,5.19
2019-09-01,27.29,4.59,85.86,4.75
2019-09-02,27.53,4.56,84.01,4.83
2019-09-03,27.12,2.52,87.06,4.56
2019-09-04,27.19,2.16,85.93,5.12
2019-09-05,27.6,3.03,84.8,4.66
2019-09-06,27.77,2.76,86.06,5.26
2019-09-07,27.59,2.52,88.03,5.02
2019-09-08,27.44,2.38,85.14,4.67
2019-09-09,27.5,0.62,79.06,5.38
2019-09-10,27.43,2.02,85.83,4.62
2019-09-11,27.58,4.45,85.64,4.33
2019-09-12,27.07,6.15,86.39,3.62
2019-09-13,27.12,7.8,84.79,3.59
2019-09-14,27.42,2.45,85.0,3.61
2019-09-15,27.27,2.83,86.19,3.89
2019-09-16,27.22,10.96,86.63,4.75
2019-09-17,27.15,2.97,86.78,4.85
2019-09-18,27.48,6.44,87.15,5.24
2019-09-19,27.39,3.63,86.52,4.99
2019-09-20,27.28,5.59,85.21,3.81
2019-09-21,27.54,1.07,77.36,3.73
2019-09-22,27.62,3.25,83.42,4.52
2019-09-23,27.05,20.25,89.5,5.09
2019-09-24,26.69,12.81,85.56,5.07
2019-09-25,26.64,7.39,87.29,3.9
2019-09-26,26.84,6.44,83.9,3.46
2019-09-27,27.36,4.83,78.6,1.38
2019-09-28,27.92,1.17,78.49,1.66
2019-09-29,27.17,12.49,78.96,1.99
2019-09-30,26.58,6.4,82.53,2.64
2019-10-01,26.86,2.38,82.37,2.88
2019-10-02,28.08,1.63,75.08,1.56
2019-10-03,27.88,3.66,81.92,2.77
2019-10-04,27.13,2.35,84.85,3.85
2019-10-05,27.79,1.68,80.18,3.35
2019-10-06,27.64,1.22,78.97,3.0
2019-10-07,27.44,3.85,81.85,3.75
2019-10-08,27.41,1.41,83.56,4.12
2019-10-09,27.47,4.41,85.5,3.49
2019-10-10,27.52,4.19,83.21,2.81
2019-10-11,27.16,7.84,82.67,2.15
2019-10-12,26.98,3.82,81.05,2.01
2019-10-13,27.35,1.12,81.28,2.34
2019-10-14,27.88,3.75,80.13,1.77
2019-10-15,27.77,9.57,83.7,3.15
2019-10-16,26.62,45.54,85.56,2.06
2019-10-17,26.32,42.5,85.13,2.2
2019-10-18,26.87,3.7,84.11,2.47
2019-10-19,27.57,5.62,79.8,1.6
2019-10-20,27.17,94.63,84.1,2.04
2019-10-21,26.54,117.31,89.74,4.18
2019-10-22,26.6,3.24,86.15,3.31
2019-10-23,26.97,15.67,84.69,4.41
2019-10-24,26.88,6.85,83.54,4.41
2019-10-25,27.05,24.37,81.49,4.44
2019-10-26,26.71,8.11,79.37,2.94
2019-10-27,27.21,9.3,73.93,2.18
2019-10-28,27.35,9.79,77.96,4.29
2019-10-29,27.27,23.15,83.11,5.47
2019-10-30,26.88,21.78,88.9,5.49
2019-10-31,27.08,47.49,87.22,5.17
2019-11-01,27.51,0.88,75.66,1.53
2019-11-02,28.07,2.52,76.1,0.96
2019-11-03,27.66,18.93,76.92,1.34
2019-11-04,27.55,4.45,78.44,1.94
2019-11-05,27.19,4.31,84.65,2.11
2019-11-06,27.6,1.92,82.14,3.65
2019-11-07,27.99,2.29,81.74,3.44
2019-11-08,27.85,3.51,83.39,3.48
2019-11-09,27.95,1.67,81.4,2.42
2019-11-10,27.72,1.08,82.48,2.19
2019-11-11,27.48,3.07,82.71,1.72
2019-11-12,27.45,3.45,79.83,2.54
2019-11-13,27.94,0.31,82.28,4.79
2019-11-14,27.91,1.64,83.21,3.93
2019-11-15,27.98,6.68,83.2,3.48
2019-11-16,27.78,11.54,82.66,3.24
2019-11-17,27.99,1.98,83.75,3.8
2019-11-18,28.18,4.27,83.88,3.23
2019-11-19,28.02,4.54,82.38,3.46
2019-11-20,27.82,6.14,83.68,3.33
2019-11-21,28.13,2.18,81.85,4.21
2019-11-22,27.13,9.69,86.01,3.53
2019-11-23,27.45,5.89,85.12,4.87
2019-11-24,27.84,3.81,83.49,4.23
2019-11-25,27.42,7.34,86.02,4.41
2019-11-26,27.8,3.37,85.65,5.04
2019-11-27,27.87,2.03,83.75,4.22
2019-11-28,28.04,5.42,86.19,4.44
2019-11-29,27.91,17.29,87.01,4.2
2019-11-30,27.36,44.96,89.96,5.87
2019-12-01,27.1,6.09,89.45,4.56
2019-12-02,27.21,2.4,84.4,3.44
2019-12-03,27.49,1.01,82.65,4.41
2019-12-04,27.45,5.17,85.22,5.22
2019-12-05,27.1,4.75,86.86,5.82
2019-12-06,26.24,16.78,88.61,7.1
2019-12-07,27.35,1.73,85.55,5.04
2019-12-08,27.04,0.11,83.23,5.25
2019-12-09,26.75,0.0,83.24,5.25
2019-12-10,26.94,0.45,81.41,4.84
2019-12-11,26.83,0.54,81.65,4.25
2019-12-12,27.0,2.28,83.99,4.24
2019-12-13,27.19,1.47,85.76,4.27
2019-12-14,27.3,4.65,86.19,4.67
2019-12-15,27.14,0.89,81.5,5.79
2019-12-16,26.99,0.06,81.39,4.84
2019-12-17,27.13,2.93,85.16,5.53
2019-12-18,26.93,1.76,86.36,6.37
2019-12-19,27.12,1.61,86.53,6.31
2019-12-20,26.83,9.03,88.19,5.75
2019-12-21,26.7,6.99,88.01,5.16
2019-12-22,27.19,1.64,85.93,4.83
2019-12-23,27.0,0.35,83.69,4.42
2019-12-24,26.46,0.67,86.24,4.55
2019-12-25,27.4,0.12,85.47,4.11
2019-12-26,26.96,0.02,82.41,4.71
2019-12-27,26.91,0.0,80.21,4.78
2019-12-28,26.7,0.0,77.66,4.33
2019-12-29,27.02,0.0,79.62,4.79
2019-12-30,27.05,0.01,81.44,4.8
2019-12-31,27.04,0.01,82.0,3.89
2020-01-01,27.22,0.08,83.29,3.0
2020-01-02,27.42,0.62,84.54,3.87
2020-01-03,27.68,0.48,84.24,3.89
2020-01-04,27.65,1.84,83.42,2.78
2020-01-05,27.57,0.87,82.67,3.39
2020-01-06,27.48,0.35,83.08,5.26
2020-01-07,27.37,0.18,82.4,5.06
2020-01-08,27.33,0.0,79.09,5.04
2020-01-09,27.25,0.01,75.56,4.57
2020-01-10,26.69,0.0,73.77,4.85
2020-01-11,26.83,0.0,74.66,5.13
2020-01-12,26.56,0.0,74.11,4.99
2020-01-13,26.88,0.0,70.78,4.02
2020-01-14,26.76,0.0,71.57,4.12
2020-01-15,26.39,0.0,71.29,4.39
2020-01-16,26.8,0.0,69.1,3.69
2020-01-17,27.12,0.52,78.81,4.17
2020-01-18,27.42,0.29,80.96,4.39
2020-01-19,27.52,0.71,81.23,5.46
2020-01-20,27.28,0.0,78.0,5.27
2020-01-21,27.13,0.0,77.5,5.47
2020-01-22,27.34,0.0,79.82,6.88
2020-01-23,27.54,0.01,81.36,6.16
2020-01-24,27.46,0.01,78.58,6.28
2020-01-25,27.38,0.0,75.07,4.73
2020-01-26,27.17,0.0,70.68,4.41
2020-01-27,27.09,0.0,68.08,3.42
2020-01-28,27.13,0.0,69.43,3.33
2020-01-29,27.28,0.0,72.21,3.6
2020-01-30,27.45,0.0,73.03,3.0
2020-01-31,27.22,0.0,73.76,3.92
2020-02-01,27.45,0.0,72.9,4.17
2020-02-02,27.6,0.01,71.07,5.01
2020-02-03,27.78,0.0,70.69,4.67
2020-02-04,27.73,0.0,72.8,4.25
2020-02-05,27.94,0.16,75.14,3.67
2020-02-06,27.81,0.0,73.07,3.81
2020-02-07,28.01,0.0,73.03,3.14
2020-02-08,28.33,0.35,71.85,1.83
2020-02-09,28.15,0.06,71.25,3.78
2020-02-10,28.14,0.0,70.86,5.61
2020-02-11,28.22,0.0,70.63,5.88
2020-02-12,28.33,0.31,75.55,6.05
2020-02-13,28.29,0.32,76.1,5.07
2020-02-14,27.85,0.0,70.03,4.05
2020-02-15,28.46,0.0,71.86,3.22
2020-02-16,28.16,0.0,70.51,4.47
2020-02-17,28.34,0.0,72.08,4.9
2020-02-18,27.75,0.0,66.53,5.43
2020-02-19,27.66,0.0,67.34,5.23
2020-02-20,27.5,0.0,71.81,5.65
2020-02-21,28.02,0.58,77.47,5.76
2020-02-22,28.19,2.38,78.39,7.33
2020-02-23,28.16,0.03,74.79,6.37
2020-02-24,28.18,0.01,73.4,5.69
2020-02-25,28.36,0.01,77.03,3.82
2020-02-26,28.44,0.0,74.56,3.94
2020-02-27,28.4,0.0,74.35,4.49
2020-02-28,28.67,0.0,70.67,4.35
2020-02-29,28.25,0.0,68.49,3.83
2020-03-01,28.48,0.0,69.16,3.45
2020-03-02,28.38,0.0,70.28,2.95
2020-03-03,28.69,0.0,69.08,2.35
2020-03-04,29.02,1.84,76.54,2.24
2020-03-05,28.65,1.28,77.75,1.86
2020-03-06,28.76,0.14,77.72,3.21
2020-03-07,28.29,0.55,74.14,3.28
2020-03-08,28.29,0.01,74.05,2.29
2020-03-09,28.77,0.17,74.83,2.75
2020-03-10,28.89,0.49,70.46,3.79
2020-03-11,28.63,0.31,74.35,2.94
2020-03-12,28.75,0.07,72.34,2.24
2020-03-13,29.03,0.01,70.03,3.55
2020-03-14,28.98,0.0,71.84,3.38
2020-03-15,28.92,0.0,72.77,3.43
2020-03-16,29.34,0.14,75.46,4.53
2020-03-17,29.35,0.05,73.56,5.15
2020-03-18,29.19,0.71,77.66,4.1
2020-03-19,29.06,1.56,74.47,3.6
2020-03-20,29.12,0.25,73.45,2.28
2020-03-21,29.25,0.44,75.72,2.56
2020-03-22,29.21,0.94,73.42,1.99
2020-03-23,29.21,1.33,72.34,2.07
2020-03-24,29.43,0.44,68.87,2.17
2020-03-25,29.35,0.68,68.83,2.21
2020-03-26,29.31,0.24,68.79,3.91
2020-03-27,29.35,0.03,69.74,4.5
2020-03-28,29.29,0.0,68.76,3.68
2020-03-29,29.22,0.07,69.21,2.13
2020-03-30,29.69,0.05,68.06,2.17
2020-03-31,29.83,0.0,65.16,2.75
2020-04-01,29.72,0.0,64.13,3.97
2020-04-02,29.71,0.03,68.73,3.03
2020-04-03,29.17,0.32,71.22,2.09
2020-04-04,29.83,0.71,69.09,1.83
2020-04-05,29.18,2.99,75.18,2.28
2020-04-06,29.47,0.83,74.91,2.52
2020-04-07,29.12,4.25,76.99,2.95
2020-04-08,29.49,3.7,76.96,3.28
2020-04-09,29.95,1.03,75.68,2.56
2020-04-10,29.72,0.64,71.86,2.05
2020-04-11,29.72,1.26,71.18,2.51
2020-04-12,30.15,2.49,71.74,3.67
2020-04-13,29.79,0.69,74.9,2.93
2020-04-14,30.04,0.89,71.02,2.19
2020-04-15,30.01,0.21,70.19,2.28
2020-04-16,29.65,1.19,72.5,2.44
2020-04-17,29.78,0.21,71.59,2.39
2020-04-18,29.7,0.56,74.99,2.87
2020-04-19,30.15,0.46,69.81,2.01
2020-04-20,30.45,1.15,69.74,2.71
2020-04-21,30.65,3.03,70.77,2.32
2020-04-22,30.34,1.2,72.51,2.4
2020-04-23,30.05,4.04,77.32,3.66
2020-04-24,30.29,1.99,77.2,4.75
2020-04-25,30.72,3.25,73.27,4.37
2020-04-26,30.12,2.27,77.46,2.8
2020-04-27,30.87,0.68,73.89,2.83
2020-04-28,30.31,3.28,73.12,2.94
2020-04-29,29.87,3.4,75.02,4.42
2020-04-30,30.1,0.66,74.17,2.64
2020-05-01,30.32,0.22,72.37,3.37
2020-05-02,30.48,2.07,76.57,3.4
2020-05-03,30.43,3.61,79.71,2.81
2020-05-04,30.56,2.4,78.45,2.66
2020-05-05,29.69,4.82,79.43,2.94
2020-05-06,29.11,3.65,80.01,3.64
2020-05-07,29.94,6.19,74.06,3.5
2020-05-08,29.34,2.52,78.01,2.94
2020-05-09,29.22,4.29,78.21,1.91
2020-05-10,29.59,7.6,76.41,2.14
2020-05-11,29.02,8.68,81.06,2.67
2020-05-12,30.54,2.19,69.94,1.51
2020-05-13,30.14,4.11,68.99,1.47
2020-05-14,30.25,1.45,74.45,2.79
2020-05-15,29.43,9.4,81.38,5.26
2020-05-16,29.88,2.9,76.14,5.39
2020-05-17,30.06,1.97,77.02,7.13
2020-05-18,29.14,11.32,82.76,7.49
2020-05-19,29.28,2.59,82.42,7.18
2020-05-20,29.96,1.09,77.5,7.12
2020-05-21,29.31,2.54,74.26,6.17
2020-05-22,29.22,1.0,75.27,5.84
2020-05-23,29.11,0.31,80.85,5.7
2020-05-24,29.1,3.71,83.66,6.42
2020-05-25,29.0,4.78,84.81,5.12
2020-05-26,28.88,3.64,86.02,4.69
2020-05-27,29.11,1.19,85.51,4.31
2020-05-28,28.72,3.86,87.19,4.15
2020-05-29,28.55,4.79,82.16,4.18
2020-05-30,27.97,6.97,82.22,4.35
2020-05-31,28.5,4.64,82.77,5.52
2020-06-01,28.57,4.29,81.9,4.83
2020-06-02,28.38,4.73,81.55,5.09
2020-06-03,28.18,8.84,81.29,4.81
2020-06-04,28.83,3.07,79.32,5.1
2020-06-05,28.58,7.84,84.05,5.9
2020-06-06,28.53,6.41,76.44,6.4
2020-06-07,27.82,3.69,81.2,5.8
2020-06-08,28.47,1.87,81.54,5.46
2020-06-09,28.37,1.93,83.0,5.66
2020-06-10,28.44,1.72,84.33,5.81
2020-06-11,28.71,0.74,75.76,5.94
2020-06-12,28.11,5.36,82.11,5.16
2020-06-13,28.37,3.59,82.11,5.2
2020-06-14,28.46,0.39,80.4,6.28
2020-06-15,28.55,1.18,82.99,5.32
2020-06-16,28.17,2.29,86.19,4.57
2020-06-17,27.96,1.68,87.04,4.55
2020-06-18,28.35,2.29,82.6,4.33
2020-06-19,27.98,1.21,85.3,4.77
2020-06-20,28.0,3.2,85.5,4.18
2020-06-21,27.21,3.07,84.99,6.24
2020-06-22,27.03,19.84,83.9,6.88
2020-06-23,27.95,1.33,80.64,4.53
2020-06-24,27.81,1.44,84.04,4.53
2020-06-25,27.58,4.57,81.75,4.55
2020-06-26,27.2,14.4,82.81,6.04
2020-06-27,27.72,0.73,80.6,5.85
2020-06-28,27.58,0.47,85.34,5.44
2020-06-29,27.72,1.15,86.65,5.5
2020-06-30,27.42,2.11,88.77,4.12
2020-07-01,27.06,1.06,87.83,3.59
2020-07-02,27.19,0.71,86.29,4.52
2020-07-03,26.95,2.0,84.97,5.03
2020-07-04,27.02,0.96,82.81,5.28
2020-07-05,27.45,1.83,84.84,4.09
2020-07-06,27.74,1.24,78.49,6.07
2020-07-07,28.02,0.06,78.86,5.38
2020-07-08,27.81,8.06,84.39,4.75
2020-07-09,27.09,9.58,85.38,4.3
2020-07-10,27.04,2.62,84.83,4.75
2020-07-11,27.11,1.26,85.21,4.6
2020-07-12,27.61,0.65,80.64,5.71
2020-07-13,27.11,2.04,83.56,5.6
2020-07-14,27.63,0.26,83.77,5.18
2020-07-15,27.35,0.73,86.1,5.46
2020-07-16,26.93,2.18,87.07,5.15
2020-07-17,27.32,1.38,84.27,4.84
2020-07-18,27.24,1.17,83.26,4.68
2020-07-19,27.42,2.99,82.56,4.95
2020-07-20,26.79,2.9,87.02,4.61
2020-07-21,27.02,1.63,85.72,4.71
2020-07-22,27.23,0.4,83.78,4.24
2020-07-23,27.17,3.61,86.11,3.77
2020-07-24,27.18,2.2,84.46,5.27
2020-07-25,27.21,1.13,82.6,4.2
2020-07-26,27.16,3.61,75.79,5.2
2020-07-27,27.49,1.81,80.11,4.63
2020-07-28,27.2,7.62,84.02,5.96
2020-07-29,26.09,66.19,87.44,7.69
2020-07-30,27.0,20.06,83.22,6.39
2020-07-31,26.74,2.81,87.5,6.21
2020-08-01,26.66,1.34,87.46,5.41
2020-08-02,26.47,3.49,88.91,6.09
2020-08-03,26.4,1.86,88.1,5.53
2020-08-04,26.66,3.02,89.85,4.58
2020-08-05,26.86,14.49,86.99,5.25
2020-08-06,26.58,19.03,88.86,6.5
2020-08-07,26.61,6.94,87.46,6.3
2020-08-08,26.23,5.98,89.12,6.1
2020-08-09,25.79,3.93,88.87,6.35
2020-08-10,26.6,4.53,88.6,5.16
2020-08-11,26.34,0.84,89.61,5.24
2020-08-12,26.49,1.0,87.1,4.86
2020-08-13,26.29,0.08,87.28,4.89
2020-08-14,26.36,0.06,88.13,4.38
2020-08-15,26.26,0.16,90.29,3.76
2020-08-16,26.36,0.24,91.18,3.25
2020-08-17,26.66,0.12,88.51,3.47
2020-08-18,26.89,0.09,87.46,4.25
2020-08-19,27.36,0.09,85.06,4.62
2020-08-20,27.14,0.15,85.97,4.88
2020-08-21,27.19,0.09,86.9,3.65
2020-08-22,27.37,0.4,87.58,3.83
2020-08-23,27.51,0.52,85.44,3.9
2020-08-24,27.61,0.13,82.12,3.59
2020-08-25,27.83,0.21,82.43,3.65
2020-08-26,27.42,0.28,84.74,3.42
2020-08-27,27.81,0.14,81.09,4.3
2020-08-28,27.5,0.24,83.24,4.67
2020-08-29,27.43,0.57,83.46,4.48
2020-08-30,27.52,1.1,84.07,4.44
2020-08-31,27.4,0.92,84.63,4.53
2020-09-01,26.94,2.29,84.61,5.59
2020-09-02,26.89,2.76,83.94,4.12
2020-09-03,27.05,3.82,85.37,4.27
2020-09-04,27.29,14.13,86.74,3.69
2020-09-05,27.22,17.91,86.81,5.47
2020-09-06,27.1,17.35,85.93,6.36
2020-09-07,27.41,7.87,81.95,5.61
2020-09-08,27.25,25.88,87.76,4.33
2020-09-09,27.15,7.27,88.95,4.72
2020-09-10,26.85,19.58,84.0,5.98
2020-09-11,27.23,2.66,86.42,4.81
2020-09-12,27.08,0.87,86.39,4.45
2020-09-13,26.97,2.78,85.74,4.71
2020-09-14,27.0,0.79,82.88,5.1
2020-09-15,26.93,2.1,87.52,4.95
2020-09-16,27.01,1.17,89.62,5.16
2020-09-17,27.0,3.12,89.87,5.07
2020-09-18,26.9,4.64,90.82,5.6
2020-09-19,26.64,12.05,89.73,5.56
2020-09-20,26.64,1.94,85.52,6.29
2020-09-21,27.04,3.1,83.64,6.45
2020-09-22,27.14,3.63,85.92,5.11
2020-09-23,27.0,1.98,88.14,5.06
2020-09-24,26.87,4.68,89.69,3.6
2020-09-25,26.58,4.13,90.01,3.7
2020-09-26,26.63,0.87,86.07,3.11
2020-09-27,26.16,0.35,89.02,3.54
2020-09-28,26.49,2.15,90.06,4.08
2020-09-29,26.79,1.84,86.68,4.13
2020-09-30,26.8,3.89,85.9,4.91
2020-10-01,26.84,0.47,85.99,4.71
2020-10-02,26.64,0.55,86.87,4.91
2020-10-03,26.76,1.01,86.13,4.93
2020-10-04,26.93,0.71,82.81,5.4
2020-10-05,26.96,0.25,81.62,5.39
2020-10-06,26.78,0.04,84.73,4.86
2020-10-07,26.83,0.52,84.07,5.12
2020-10-08,26.82,2.33,86.76,3.72
2020-10-09,26.58,1.06,87.6,4.48
2020-10-10,26.81,1.86,84.25,4.78
2020-10-11,26.84,4.63,86.43,5.94
2020-10-12,27.58,2.49,84.85,6.77
2020-10-13,27.49,6.9,85.79,6.64
2020-10-14,27.37,7.37,88.11,6.37
2020-10-15,26.78,12.57,91.68,4.83
2020-10-16,27.17,0.67,80.57,5.49
2020-10-17,26.86,0.08,83.5,4.39
2020-10-18,27.01,0.69,86.1,3.93
2020-10-19,26.94,0.76,86.81,4.47
2020-10-20,27.03,0.39,83.62,4.55
2020-10-21,26.96,1.33,87.05,4.38
2020-10-22,27.09,3.92,84.41,4.62
2020-10-23,26.93,0.65,85.26,4.56
2020-10-24,27.3,3.99,84.61,3.82
2020-10-25,27.29,2.02,84.36,3.64
2020-10-26,27.67,1.33,81.68,2.49
2020-10-27,27.47,14.89,85.16,2.05
2020-10-28,26.64,54.92,89.65,2.48
2020-10-29,27.22,1.95,82.93,2.07
2020-10-30,27.46,1.47,81.25,2.17
2020-10-31,27.69,1.58,79.21,1.95
2020-11-01,28.0,0.13,76.26,2.27
2020-11-02,27.96,0.29,78.75,2.55
2020-11-03,28.26,1.3,79.54,1.92
2020-11-04,28.09,6.55,81.03,2.29
2020-11-05,28.21,15.57,80.2,1.88
2020-11-06,27.65,32.03,83.69,3.46
2020-11-07,28.39,4.01,82.87,4.83
2020-11-08,28.2,3.27,83.67,4.84
2020-11-09,28.66,0.67,75.37,4.21
2020-11-10,28.24,0.01,74.33,4.51
2020-11-11,28.38,0.52,75.01,3.16
2020-11-12,27.55,11.65,88.47,5.4
2020-11-13,27.93,40.78,82.98,3.88
2020-11-14,27.99,3.25,86.0,4.95
2020-11-15,28.09,29.67,85.24,4.52
2020-11-16,27.63,8.72,87.17,5.19
2020-11-17,27.22,98.72,87.17,5.15
2020-11-18,26.46,26.3,84.07,2.22
2020-11-19,26.8,55.27,84.21,2.35
2020-11-20,27.41,2.1,83.93,3.36
2020-11-21,27.68,0.08,79.45,4.79
2020-11-22,27.33,0.0,75.15,3.92
2020-11-23,27.19,0.0,73.1,2.84
2020-11-24,27.71,0.05,76.55,3.04
2020-11-25,27.96,2.8,80.63,4.04
2020-11-26,27.81,0.28,80.93,4.73
2020-11-27,27.42,0.55,77.41,2.95
2020-11-28,27.63,0.47,74.22,2.06
2020-11-29,27.8,1.42,83.32,4.2
2020-11-30,27.76,3.31,84.21,4.88
2020-12-01,26.93,0.3,81.17,5.52
2020-12-02,26.88,0.55,78.09,3.85
2020-12-03,27.67,7.96,79.07,4.03
2020-12-04,26.9,6.53,89.66,5.4
2020-12-05,27.04,10.28,88.63,3.49
2020-12-06,27.3,1.55,83.23,3.11
2020-12-07,27.44,1.0,82.6,2.45
2020-12-08,27.46,2.83,84.26,4.04
2020-12-09,27.48,3.77,85.4,4.52
2020-12-10,27.24,0.95,81.56,5.02
2020-12-11,27.06,0.01,79.13,4.92
2020-12-12,27.12,0.01,78.2,4.1
2020-12-13,27.05,1.49,78.79,4.32
2020-12-14,27.02,0.14,73.48,4.77
2020-12-15,26.73,3.11,80.43,4.01
2020-12-16,26.18,2.22,85.55,5.61
2020-12-17,26.94,0.84,83.26,4.25
2020-12-18,26.84,2.69,84.05,4.9
2020-12-19,26.18,1.23,86.59,6.96
2020-12-20,26.69,0.07,82.37,6.58
2020-12-21,26.15,0.05,82.14,6.66
2020-12-22,25.75,0.14,84.39,6.02
2020-12-23,25.98,0.74,86.94,5.65
2020-12-24,26.81,0.02,85.48,5.66
2020-12-25,26.49,0.0,82.36,5.89
2020-12-26,26.12,0.0,76.98,5.86
2020-12-27,26.3,0.0,78.07,4.57
2020-12-28,26.79,0.0,77.91,4.2
2020-12-29,26.77,0.8,80.84,4.49
2020-12-30,26.84,3.95,84.88,5.39
2020-12-31,27.09,4.95,87.07,6.03
2021-01-01,26.82,0.91,79.91,6.41
2021-01-02,26.79,0.22,80.9,5.21
2021-01-03,27.32,3.52,84.1,4.43
2021-01-04,26.77,14.13,88.98,4.85
2021-01-05,27.02,5.09,83.61,4.54
2021-01-06,26.79,11.06,82.31,2.22
2021-01-07,26.92,3.24,85.14,3.11
2021-01-08,27.08,13.93,85.51,2.28
2021-01-09,26.38,29.02,88.97,3.31
2021-01-10,26.03,14.28,85.57,3.07
2021-01-11,26.07,1.92,84.22,5.42
2021-01-12,26.05,55.45,88.63,6.46
2021-01-13,26.74,59.84,90.7,4.41
2021-01-14,26.39,13.13,89.02,5.08
2021-01-15,25.94,7.99,86.37,3.87
2021-01-16,26.36,126.37,84.19,3.59
2021-01-17,26.45,52.82,85.45,4.63
2021-01-18,25.34,0.0,80.8,6.33
2021-01-19,25.91,0.01,75.89,4.67
2021-01-20,26.17,0.03,79.89,3.53
2021-01-21,27.11,0.11,84.06,2.92
2021-01-22,27.07,0.06,85.04,3.66
2021-01-23,27.04,0.01,82.02,4.01
2021-01-24,26.5,0.0,79.87,4.95
2021-01-25,25.98,0.0,74.57,4.9
2021-01-26,26.07,0.0,75.41,4.72
2021-01-27,25.9,0.0,73.49,4.9
2021-01-28,25.97,0.0,79.1,4.69
2021-01-29,26.42,0.78,80.59,4.12
2021-01-30,26.95,0.61,84.05,4.52
2021-01-31,26.65,0.17,84.72,5.25
2021-02-01,26.42,0.36,85.0,6.39
2021-02-02,26.42,0.16,84.32,6.31
2021-02-03,26.4,0.0,81.28,6.33
2021-02-04,25.97,0.0,79.26,6.03
2021-02-05,25.9,0.0,77.87,5.58
2021-02-06,26.02,0.0,79.06,5.44
2021-02-07,25.72,0.0,79.86,5.95
2021-02-08,25.77,0.0,80.74,7.06
2021-02-09,25.53,0.0,77.58,6.64
2021-02-10,25.31,0.0,75.21,6.26
2021-02-11,25.24,0.0,72.87,5.52
2021-02-12,25.05,0.0,74.02,5.35
2021-02-13,25.64,0.0,72.25,4.23
2021-02-14,25.65,0.0,77.78,3.87
2021-02-15,26.3,0.0,79.35,3.36
2021-02-16,27.0,0.0,78.01,2.66
2021-02-17,27.09,0.0,78.21,3.52
2021-02-18,27.09,0.0,76.96,4.38
2021-02-19,27.45,0.07,78.65,3.18
2021-02-20,27.53,0.25,81.55,4.38
2021-02-21,27.51,0.38,80.38,4.5
2021-02-22,27.64,0.21,80.67,4.93
2021-02-23,27.62,0.08,76.3,5.09
2021-02-24,27.47,0.01,78.44,4.57
2021-02-25,27.57,0.01,74.82,2.99
2021-02-26,27.88,0.4,74.54,1.58
2021-02-27,28.05,1.96,73.61,1.69
2021-02-28,27.36,0.0,72.0,2.82
2021-03-01,27.39,0.01,72.2,3.03
2021-03-02,27.49,0.0,73.33,4.5
2021-03-03,26.85,0.0,71.29,5.05
2021-03-04,27.14,0.0,71.31,4.35
2021-03-05,27.87,0.0,71.29,4.07
2021-03-06,27.86,0.07,76.36,3.0
2021-03-07,28.13,0.35,76.57,3.4
2021-03-08,28.21,1.98,80.68,4.06
2021-03-09,28.36,2.02,76.77,4.75
2021-03-10,28.09,2.01,79.35,4.16
2021-03-11,27.92,5.54,76.7,2.1
2021-03-12,27.43,4.25,79.22,3.99
2021-03-13,28.35,0.0,74.3,4.41
2021-03-14,28.4,0.03,76.47,4.75
2021-03-15,28.7,0.02,72.93,4.25
2021-03-16,28.49,0.0,71.73,3.61
2021-03-17,28.45,0.02,75.25,3.76
2021-03-18,28.27,0.14,77.02,3.68
2021-03-19,28.01,0.17,72.42,2.29
2021-03-20,28.0,1.65,72.96,2.33
2021-03-21,28.65,0.02,69.62,1.76
2021-03-22,28.86,0.49,73.05,2.33
2021-03-23,28.5,1.79,78.75,3.18
2021-03-24,28.06,11.61,79.6,2.64
2021-03-25,28.61,1.39,70.3,2.11
2021-03-26,28.95,4.18,75.8,3.6
2021-03-27,28.53,15.57,77.88,2.94
2021-03-28,28.04,2.51,78.13,3.05
2021-03-29,28.22,0.97,74.56,3.22
2021-03-30,29.12,0.87,72.12,3.46
2021-03-31,29.15,1.16,74.91,3.93
2021-04-01,29.13,1.18,80.33,5.01
2021-04-02,29.14,0.06,75.28,5.19
2021-04-03,29.29,0.04,72.67,5.31
2021-04-04,29.49,0.0,70.97,5.06
2021-04-05,30.1,0.42,72.41,3.48
2021-04-06,29.55,1.58,76.72,1.98
2021-04-07,29.17,0.96,76.47,2.18
2021-04-08,28.92,0.97,74.1,2.69
2021-04-09,28.6,1.81,78.43,3.0
2021-04-10,28.66,1.27,75.78,2.37
2021-04-11,28.86,0.64,72.39,1.88
2021-04-12,29.44,1.25,69.94,1.56
2021-04-13,28.52,3.62,73.94,1.76
2021-04-14,29.03,0.58,72.34,2.39
2021-04-15,29.24,8.47,71.88,2.11
2021-04-16,28.6,32.81,79.18,3.24
2021-04-17,28.69,0.87,80.38,3.43
2021-04-18,28.5,1.36,81.45,3.56
2021-04-19,28.78,0.84,80.28,4.42
2021-04-20,28.73,1.69,80.89,4.28
2021-04-21,29.11,3.81,80.44,3.99
2021-04-22,28.68,3.03,81.43,3.79
2021-04-23,28.79,1.11,80.71,3.75
2021-04-24,29.11,1.03,80.07,3.33
2021-04-25,28.93,3.2,80.69,2.51
2021-04-26,28.99,2.37,78.94,2.78
2021-04-27,29.04,0.45,79.92,2.95
2021-04-28,29.06,0.25,80.29,3.57
2021-04-29,28.88,1.15,82.24,4.29
2021-04-30,29.4,2.93,81.08,3.32
2021-05-01,29.15,5.19,83.23,2.79
2021-05-02,29.11,3.06,82.13,2.79
2021-05-03,28.1,2.36,87.0,4.13
2021-05-04,28.83,10.13,74.93,2.55
2021-05-05,29.08,2.02,75.25,1.7
2021-05-06,29.49,0.34,74.24,1.88
2021-05-07,28.9,21.4,79.04,1.62
2021-05-08,28.88,1.54,76.47,1.79
2021-05-09,29.25,2.89,76.74,2.25
2021-05-10,28.67,5.78,82.4,2.69
2021-05-11,28.67,7.97,86.55,4.13
2021-05-12,28.56,9.83,85.55,4.37
2021-05-13,28.66,3.69,82.94,5.45
2021-05-14,27.9,7.36,84.68,5.0
2021-05-15,28.41,15.56,81.93,6.65
2021-05-16,28.64,2.79,79.95,5.37
2021-05-17,29.03,0.32,78.34,4.43
2021-05-18,29.14,2.03,80.44,4.14
2021-05-19,29.01,8.52,82.3,4.73
2021-05-20,28.34,6.71,85.85,4.11
2021-05-21,27.98,12.95,85.66,4.24
2021-05-22,28.26,12.39,88.77,4.5
2021-05-23,28.48,12.04,87.02,4.89
2021-05-24,28.08,9.05,88.45,5.58
2021-05-25,27.91,41.82,84.66,6.76
2021-05-26,27.88,6.15,83.15,8.03
2021-05-27,28.25,2.2,79.83,7.75
2021-05-28,28.41,5.94,84.37,5.94
2021-05-29,28.13,4.06,85.7,6.0
2021-05-30,28.01,0.79,85.9,6.03
2021-05-31,28.21,0.39,85.7,6.16
2021-06-01,28.06,1.07,84.89,5.34
2021-06-02,27.94,0.31,85.6,4.48
2021-06-03,27.65,3.69,89.7,4.87
2021-06-04,27.2,10.53,92.16,5.1
2021-06-05,27.28,2.58,89.96,4.46
2021-06-06,27.92,0.4,85.47,4.35
2021-06-07,28.14,1.42,86.16,4.67
2021-06-08,27.89,3.41,86.16,5.32
2021-06-09,27.82,3.5,88.8,4.91
2021-06-10,27.83,0.43,86.89,5.45
2021-06-11,27.81,0.42,85.64,5.31
2021-06-12,27.71,3.97,86.56,5.81
2021-06-13,27.12,9.03,86.16,6.09
2021-06-14,27.19,14.47,87.92,5.22
2021-06-15,27.75,0.42,84.57,6.19
2021-06-16,27.76,1.12,84.27,6.2
2021-06-17,27.49,1.66,88.87,4.95
2021-06-18,27.42,0.8,88.65,4.5
2021-06-19,27.48,0.77,86.22,4.62
2021-06-20,27.56,0.25,84.05,4.8
2021-06-21,27.33,0.59,87.73,4.83
2021-06-22,27.47,3.27,89.35,5.22
2021-06-23,27.34,2.74,88.67,4.53
2021-06-24,27.32,1.78,89.47,4.35
2021-06-25,27.33,4.03,89.1,4.67
2021-06-26,27.43,1.95,85.68,5.7
2021-06-27,27.5,1.17,84.92,4.91
2021-06-28,27.62,2.16,78.79,4.88
2021-06-29,27.83,1.61,80.3,3.96
2021-06-30,27.96,1.29,82.83,3.56
2021-07-01,27.71,3.28,88.08,4.67
2021-07-02,27.79,5.65,85.11,4.7
2021-07-03,27.3,5.79,85.45,5.44
2021-07-04,27.22,3.42,87.85,4.99
2021-07-05,27.38,4.21,83.95,5.4
2021-07-06,27.56,4.02,85.72,4.27
2021-07-07,27.73,9.15,84.21,4.95
2021-07-08,27.85,7.35,86.26,5.69
2021-07-09,27.29,3.87,84.4,7.33
2021-07-10,27.11,3.72,83.56,7.7
2021-07-11,27.52,1.07,81.7,6.29
2021-07-12,27.49,2.16,84.69,6.65
2021-07-13,27.56,0.92,85.73,5.85
2021-07-14,27.5,0.38,84.44,5.65
2021-07-15,27.24,3.19,86.01,4.6
2021-07-16,27.26,2.49,85.3,5.07
2021-07-17,27.32,0.7,83.47,4.93
2021-07-18,27.06,2.07,87.11,6.1
2021-07-19,27.16,0.91,86.28,5.21
2021-07-20,27.33,0.35,86.31,5.6
2021-07-21,27.26,0.8,87.22,5.9
2021-07-22,27.42,3.32,88.95,5.96
2021-07-23,27.17,8.26,88.54,7.34
2021-07-24,27.32,2.54,81.16,7.08
2021-07-25,26.91,0.84,83.39,6.43
2021-07-26,27.0,1.2,83.26,5.73
2021-07-27,27.04,1.5,86.94,5.36
2021-07-28,26.84,2.03,88.58,4.84
2021-07-29,26.98,0.44,85.64,5.49
2021-07-30,27.05,0.34,85.28,4.89
2021-07-31,27.21,0.17,83.46,5.39
2021-08-01,27.16,0.43,84.23,5.03
2021-08-02,26.94,0.79,86.35,4.81
2021-08-03,26.97,0.55,84.89,5.32
2021-08-04,26.74,0.38,85.64,5.2
2021-08-05,26.75,3.19,86.82,4.91
2021-08-06,26.9,9.81,88.1,4.87
2021-08-07,26.74,7.25,85.89,6.22
2021-08-08,26.34,1.45,87.75,5.23
2021-08-09,26.27,19.28,86.74,4.26
2021-08-10,26.77,0.8,83.59,4.91
2021-08-11,26.72,0.95,84.75,6.11
2021-08-12,26.64,1.29,83.54,5.37
2021-08-13,26.7,1.77,83.19,5.78
2021-08-14,26.65,3.12,83.98,5.51
2021-08-15,26.71,2.28,87.3,5.3
2021-08-16,26.71,0.71,84.79,5.19
2021-08-17,26.66,1.42,86.44,4.53
2021-08-18,26.42,2.15,84.42,5.13
2021-08-19,26.67,0.84,84.55,4.22
2021-08-20,26.78,0.93,85.15,3.45
2021-08-21,26.4,3.86,89.0,3.2
2021-08-22,26.37,1.78,86.77,2.61
2021-08-23,26.43,0.81,86.33,3.27
2021-08-24,27.01,0.9,83.12,3.87
2021-08-25,27.52,3.14,83.36,4.21
2021-08-26,27.56,3.82,83.65,5.75
2021-08-27,27.28,3.12,85.8,5.76
2021-08-28,27.01,8.35,86.31,5.82
2021-08-29,26.89,6.92,84.68,6.43
2021-08-30,26.94,0.77,83.57,5.41
2021-08-31,27.09,2.59,84.94,4.47
2021-09-01,27.04,2.88,84.58,4.36
2021-09-02,26.83,5.24,85.93,4.45
2021-09-03,26.55,4.43,90.18,3.89
2021-09-04,26.76,5.14,88.33,4.63
2021-09-05,26.67,6.11,89.78,5.33
2021-09-06,26.7,3.91,87.32,5.4
2021-09-07,26.89,2.86,86.48,5.13
2021-09-08,27.03,1.45,86.26,5.4
2021-09-09,27.67,0.24,80.24,4.69
2021-09-10,27.42,0.78,83.97,5.69
2021-09-11,27.38,0.39,84.04,5.32
2021-09-12,27.46,4.08,84.12,6.23
2021-09-13,27.4,8.45,86.56,6.34
2021-09-14,27.3,4.89,88.87,4.73
2021-09-15,27.41,9.23,89.15,4.61
2021-09-16,27.19,7.43,87.67,5.03
2021-09-17,27.5,5.33,86.81,3.95
2021-09-18,27.25,3.39,88.52,4.23
2021-09-19,27.83,0.59,84.75,3.38
2021-09-20,27.97,0.71,81.09,3.86
2021-09-21,27.68,0.56,84.87,4.89
2021-09-22,27.94,0.24,83.46,5.2
2021-09-23,27.98,2.41,83.03,6.08
2021-09-24,28.22,3.52,83.23,4.81
2021-09-25,27.35,12.58,86.9,5.59
2021-09-26,27.22,18.3,84.44,5.52
2021-09-27,26.58,67.4,86.1,8.08
2021-09-28,27.0,2.54,84.97,6.17
2021-09-29,27.34,0.55,85.25,4.96
2021-09-30,27.41,1.08,84.62,4.6
2021-10-01,26.98,16.6,86.1,3.49
2021-10-02,26.37,21.46,88.55,4.04
2021-10-03,27.24,1.07,87.09,4.45
2021-10-04,26.82,17.94,87.98,3.37
2021-10-05,27.03,4.69,88.37,4.26
2021-10-06,27.02,4.13,87.65,4.45
2021-10-07,27.55,4.65,87.87,4.49
2021-10-08,27.62,9.13,87.39,5.17
2021-10-09,27.56,10.48,86.62,5.31
2021-10-10,27.6,11.44,88.5,5.35
2021-10-11,27.32,8.3,85.71,5.65
2021-10-12,27.38,2.05,82.1,5.61
2021-10-13,27.32,1.63,86.84,4.91
2021-10-14,27.53,6.01,87.82,5.02
2021-10-15,27.5,10.66,88.25,5.27
2021-10-16,27.51,24.1,87.97,6.97
2021-10-17,27.38,4.69,83.88,6.88
2021-10-18,27.32,0.15,82.08,6.02
2021-10-19,27.28,1.0,85.72,4.16
2021-10-20,27.24,4.67,88.17,3.38
2021-10-21,27.25,1.93,86.09,2.16
2021-10-22,26.98,2.35,86.68,2.23
2021-10-23,26.9,11.76,86.5,3.28
2021-10-24,27.24,4.01,83.63,3.49
2021-10-25,27.56,7.3,82.81,2.34
2021-10-26,27.71,10.46,79.54,1.37
2021-10-27,26.8,8.73,84.27,2.12
2021-10-28,27.35,13.6,77.49,2.21
2021-10-29,26.88,10.69,83.47,2.61
2021-10-30,26.85,5.22,87.12,5.35
2021-10-31,26.72,5.6,83.42,3.86
2021-11-01,26.32,22.01,83.02,2.43
2021-11-02,26.77,2.24,81.25,2.3
2021-11-03,27.0,8.64,81.25,1.41
2021-11-04,26.92,20.08,83.36,1.59
2021-11-05,26.79,7.62,86.96,3.84
2021-11-06,27.45,12.01,83.94,3.24
2021-11-07,26.94,13.32,88.54,4.63
2021-11-08,26.76,8.43,85.21,4.92
2021-11-09,26.27,4.21,80.48,4.24
2021-11-10,26.97,7.24,80.01,3.7
2021-11-11,26.61,9.82,87.32,5.04
2021-11-12,27.51,14.43,85.48,6.57
2021-11-13,27.55,14.99,84.76,6.25
2021-11-14,27.14,22.54,85.44,6.57
2021-11-15,27.39,12.99,88.41,5.32
2021-11-16,27.2,2.95,87.39,4.24
2021-11-17,27.41,11.37,83.94,2.61
2021-11-18,26.92,13.95,87.45,3.53
2021-11-19,27.15,9.01,86.69,5.66
2021-11-20,27.08,3.67,81.83,5.61
2021-11-21,26.88,0.06,77.34,3.9
2021-11-22,27.17,1.98,80.71,2.2
2021-11-23,27.06,7.99,83.85,2.75
2021-11-24,26.52,7.49,82.22,3.95
2021-11-25,26.34,28.7,85.33,3.14
2021-11-26,26.75,12.35,84.05,2.51
2021-11-27,26.39,5.32,87.14,3.71
2021-11-28,26.06,12.44,90.02,4.3
2021-11-29,25.72,94.62,87.95,2.92
2021-11-30,26.75,6.9,81.22,1.84
2021-12-01,27.49,3.9,82.12,2.97
2021-12-02,27.34,2.43,82.9,2.07
2021-12-03,27.14,4.27,83.33,2.64
2021-12-04,27.51,2.63,76.24,1.52
2021-12-05,27.6,2.28,80.69,2.06
2021-12-06,28.04,1.58,76.73,1.46
2021-12-07,27.82,1.98,81.08,3.03
2021-12-08,27.71,0.16,80.94,4.06
2021-12-09,27.17,4.24,85.17,4.24
2021-12-10,27.47,0.23,82.16,5.41
2021-12-11,27.42,0.85,84.67,5.45
2021-12-12,27.53,1.85,84.53,6.15
2021-12-13,27.1,3.92,86.08,5.48
2021-12-14,27.33,0.17,83.29,5.67
2021-12-15,27.07,1.0,84.52,5.02
2021-12-16,26.87,0.4,84.64,5.64
2021-12-17,26.87,0.6,83.46,5.55
2021-12-18,26.68,0.0,82.4,5.61
2021-12-19,26.19,0.0,79.89,6.43
2021-12-20,26.07,0.0,79.92,5.84
2021-12-21,26.48,0.0,77.15,4.66
2021-12-22,26.33,0.0,77.8,3.8
2021-12-23,26.06,0.0,74.04,3.98
2021-12-24,25.56,0.0,75.35,4.39
2021-12-25,25.86,0.0,75.73,4.7
2021-12-26,26.14,0.0,75.0,4.59
2021-12-27,26.3,0.15,77.12,5.21
2021-12-28,26.42,0.0,75.67,4.93
2021-12-29,26.27,0.0,79.36,4.58
2021-12-30,26.39,1.24,81.72,4.41
2021-12-31,27.06,4.09,85.88,5.26
2022-01-01,27.06,20.76,86.53,5.34
2022-01-02,26.7,22.3,87.24,6.76
2022-01-03,26.24,3.18,85.17,6.58
2022-01-04,26.25,0.14,82.38,6.57
2022-01-05,26.17,0.01,79.8,5.11
2022-01-06,26.54,0.04,85.31,5.14
2022-01-07,26.9,0.03,84.31,4.99
2022-01-08,26.79,0.02,83.0,5.48
2022-01-09,26.31,0.02,79.44,5.21
2022-01-10,26.81,0.05,81.43,4.06
2022-01-11,27.03,0.02,78.91,3.86
2022-01-12,27.6,0.0,75.93,2.18
2022-01-13,27.64,0.0,76.93,1.81
2022-01-14,27.81,0.01,75.98,1.52
2022-01-15,27.78,0.0,77.34,2.36
2022-01-16,27.55,0.02,79.61,5.32
2022-01-17,27.52,0.12,78.88,5.93
2022-01-18,27.04,0.05,78.11,6.14
2022-01-19,27.05,0.0,74.26,5.0
2022-01-20,27.02,0.01,71.36,3.41
2022-01-21,27.42,0.0,67.97,1.67
2022-01-22,27.77,0.0,74.71,2.5
2022-01-23,27.66,0.0,77.15,3.35
2022-01-24,27.32,0.0,71.45,3.21
2022-01-25,27.18,0.0,70.82,2.37
2022-01-26,26.5,0.05,73.54,1.63
2022-01-27,27.26,0.0,71.74,4.26
2022-01-28,27.6,0.0,71.09,6.49
2022-01-29,27.53,0.02,77.99,6.37
2022-01-30,27.94,0.04,78.63,5.29
2022-01-31,27.98,0.03,78.98,5.07
2022-02-01,27.72,0.0,76.62,4.73
2022-02-02,27.33,0.0,69.91,5.05
2022-02-03,27.36,0.0,63.81,2.75
2022-02-04,27.78,0.0,69.03,1.54
2022-02-05,27.96,0.06,72.91,1.94
2022-02-06,27.97,0.02,72.67,3.73
2022-02-07,27.88,0.0,69.87,4.02
2022-02-08,27.88,0.0,69.97,4.12
2022-02-09,26.87,0.0,66.77,5.4
2022-02-10,27.48,0.03,68.35,3.8
2022-02-11,27.71,6.99,79.28,5.25
2022-02-12,26.75,6.97,85.23,4.91
2022-02-13,26.93,4.87,79.92,6.21
2022-02-14,28.01,0.43,71.52,6.06
2022-02-15,27.87,0.0,69.45,5.17
2022-02-16,27.91,0.0,67.39,3.54
2022-02-17,27.88,0.0,66.59,3.55
2022-02-18,27.85,0.0,70.16,4.67
2022-02-19,28.35,0.03,74.26,4.63
2022-02-20,28.23,0.23,75.03,2.78
2022-02-21,28.66,0.52,73.22,1.43
2022-02-22,28.43,0.76,76.11,2.32
2022-02-23,28.15,0.2,72.29,5.15
2022-02-24,27.66,11.25,75.54,5.43
2022-02-25,28.18,0.0,71.25,5.45
2022-02-26,28.16,0.92,73.9,4.94
2022-02-27,27.94,3.55,75.16,5.99
2022-02-28,28.02,0.0,69.48,5.32
2022-03-01,28.39,0.0,69.9,4.63
2022-03-02,28.14,0.0,69.22,5.61
2022-03-03,28.18,0.0,72.29,5.26
2022-03-04,28.85,1.88,67.44,3.2
2022-03-05,28.74,0.58,68.53,2.82
2022-03-06,28.7,0.0,70.32,2.78
2022-03-07,28.2,0.21,73.21,3.31
2022-03-08,28.32,8.83,78.4,3.57
2022-03-09,28.53,0.25,74.73,3.87
2022-03-10,28.36,0.2,72.52,3.43
2022-03-11,28.23,0.7,73.4,3.57
2022-03-12,28.39,0.24,71.3,3.4
2022-03-13,28.33,0.03,71.62,4.54
2022-03-14,28.78,0.0,70.05,3.49
2022-03-15,28.66,0.0,64.69,1.99
2022-03-16,28.89,11.64,75.5,2.57
2022-03-17,29.12,4.01,78.6,2.82
2022-03-18,28.9,1.33,78.2,3.67
2022-03-19,28.59,1.74,79.48,4.7
2022-03-20,28.63,2.0,78.35,5.56
2022-03-21,29.09,0.15,73.47,4.96
2022-03-22,29.52,0.26,72.97,4.31
2022-03-23,29.03,0.76,76.28,3.53
2022-03-24,29.07,1.76,76.04,3.41
2022-03-25,28.85,2.45,73.78,3.33
2022-03-26,29.08,0.2,69.58,2.57
2022-03-27,28.99,0.11,71.21,2.79
2022-03-28,29.09,1.04,73.11,2.32
2022-03-29,28.82,1.38,78.35,3.2
2022-03-30,28.96,0.97,76.24,3.06
2022-03-31,29.09,0.27,73.9,2.62
2022-04-01,28.98,0.46,74.83,3.0
2022-04-02,29.0,0.68,74.94,3.2
2022-04-03,28.7,1.62,75.72,2.33
2022-04-04,28.83,1.55,73.68,1.94
2022-04-05,28.45,8.67,75.32,1.91
2022-04-06,28.16,8.48,73.61,1.2
2022-04-07,29.25,4.25,70.17,1.61
2022-04-08,28.89,14.9,75.06,2.1
2022-04-09,27.99,23.12,78.98,3.11
2022-04-10,29.34,7.43,71.31,3.5
2022-04-11,29.17,15.14,75.36,2.48
2022-04-12,28.38,10.97,81.03,1.49
2022-04-13,27.43,14.1,84.34,2.01
2022-04-14,27.93,2.15,74.79,2.17
2022-04-15,28.81,1.34,80.29,3.43
2022-04-16,29.12,2.17,81.05,3.69
2022-04-17,29.41,3.51,80.29,3.43
2022-04-18,29.15,3.08,79.02,4.3
2022-04-19,28.93,3.89,81.07,4.53
2022-04-20,29.28,0.64,82.56,3.12
2022-04-21,28.84,1.73,82.01,2.16
2022-04-22,28.08,4.67,84.25,3.07
2022-04-23,28.43,1.15,73.87,1.79
2022-04-24,29.53,0.77,71.72,1.61
2022-04-25,29.03,1.86,77.5,1.82
2022-04-26,29.49,1.88,75.81,1.87
2022-04-27,29.22,0.8,78.2,2.02
2022-04-28,28.81,2.63,82.28,2.69
2022-04-29,29.12,3.6,81.98,2.91
2022-04-30,29.14,1.78,82.89,4.23
2022-05-01,29.35,1.03,81.42,5.15
2022-05-02,29.56,2.97,81.74,5.24
2022-05-03,29.34,2.17,83.8,4.04
2022-05-04,29.27,1.68,84.25,3.55
2022-05-05,29.03,1.53,84.22,4.96
2022-05-06,28.54,1.1,76.15,4.4
2022-05-07,29.25,0.6,78.24,4.58
2022-05-08,29.21,4.32,82.69,5.23
2022-05-09,28.89,4.88,84.23,6.11
2022-05-10,28.94,2.4,83.08,5.94
2022-05-11,28.79,1.22,82.13,6.42
2022-05-12,28.9,4.6,80.77,5.98
2022-05-13,27.99,26.65,86.56,5.42
2022-05-14,27.94,10.01,80.58,7.09
2022-05-15,27.7,3.41,80.86,7.26
2022-05-16,28.23,3.73,83.1,6.47
2022-05-17,28.03,10.63,87.93,6.13
2022-05-18,27.92,9.04,84.81,6.26
2022-05-19,27.68,4.63,86.69,5.49
2022-05-20,27.35,2.72,92.38,4.37
2022-05-21,27.45,2.61,90.08,4.96
2022-05-22,27.75,1.88,86.6,5.44
2022-05-23,27.59,4.15,87.09,4.97
2022-05-24,27.43,7.28,91.11,4.88
2022-05-25,27.25,2.53,91.31,3.57
2022-05-26,27.0,4.87,91.08,4.22
2022-05-27,27.25,2.48,84.94,4.81
2022-05-28,27.33,4.1,84.94,5.07
2022-05-29,27.21,3.92,87.5,4.49
2022-05-30,27.22,2.5,84.95,5.32
2022-05-31,27.24,0.86,81.68,5.6
2022-06-01,27.09,0.32,83.69,5.64
2022-06-02,27.57,1.24,83.3,5.29
2022-06-03,27.37,1.23,86.09,5.24
2022-06-04,26.9,1.69,89.72,4.2
2022-06-05,26.78,3.36,91.41,4.15
2022-06-06,26.9,3.97,89.78,3.85
2022-06-07,26.98,2.84,86.8,4.06
2022-06-08,27.03,1.37,88.13,4.56
2022-06-09,27.35,1.14,87.83,4.56
2022-06-10,27.56,1.73,84.7,5.34
2022-06-11,26.74,3.38,89.63,4.08
2022-06-12,26.85,3.07,86.71,3.93
2022-06-13,26.9,0.61,86.05,4.53
2022-06-14,27.48,9.65,85.21,4.05
2022-06-15,26.91,0.65,87.04,4.96
2022-06-16,26.69,8.31,86.83,4.39
2022-06-17,26.37,5.26,87.88,4.83
2022-06-18,26.92,1.16,82.94,4.73
2022-06-19,27.42,0.35,80.42,4.77
2022-06-20,27.6,2.04,84.56,3.98
2022-06-21,27.18,2.36,85.79,4.73
2022-06-22,27.36,1.46,85.97,4.07
2022-06-23,27.08,5.02,85.35,4.14
2022-06-24,27.42,3.64,85.33,4.66
2022-06-25,27.33,2.42,84.95,6.07
2022-06-26,27.52,0.93,84.99,4.59
2022-06-27,27.62,0.32,85.03,4.98
2022-06-28,27.35,0.93,85.29,5.39
2022-06-29,27.13,1.42,84.87,5.46
2022-06-30,26.87,0.71,85.47,5.75
2022-07-01,26.96,1.06,85.31,5.55
2022-07-02,26.68,3.75,86.35,5.64
2022-07-03,26.03,4.84,88.09,6.79
2022-07-04,26.41,0.42,84.49,6.39
2022-07-05,26.5,0.38,83.77,5.6
2022-07-06,26.24,3.7,86.97,4.6
2022-07-07,25.72,1.36,86.74,5.47
2022-07-08,26.0,0.34,85.42,5.6
2022-07-09,25.94,0.44,86.32,5.18
2022-07-10,26.33,1.47,83.32,5.72
2022-07-11,26.05,1.31,84.07,5.15
2022-07-12,26.2,0.58,87.19,5.3
2022-07-13,26.12,3.01,88.87,5.47
2022-07-14,26.41,3.69,87.66,5.49
2022-07-15,26.4,3.99,89.08,4.12
2022-07-16,26.39,2.08,90.12,3.48
2022-07-17,26.51,1.59,90.04,3.28
2022-07-18,26.47,0.41,84.35,6.19
2022-07-19,26.72,0.56,82.89,5.44
2022-07-20,26.27,2.33,88.35,5.73
2022-07-21,25.65,2.23,90.15,5.75
2022-07-22,26.37,1.47,86.75,5.31
2022-07-23,25.96,0.88,89.3,4.99
2022-07-24,26.58,0.52,84.51,4.83
2022-07-25,27.08,0.42,84.19,4.79
2022-07-26,26.99,0.48,81.47,4.77
2022-07-27,27.17,3.3,81.91,2.78
2022-07-28,27.25,0.87,81.36,2.54
2022-07-29,28.65,1.76,75.33,1.98
2022-07-30,27.71,3.31,82.02,3.53
2022-07-31,27.01,2.0,83.64,4.96
2022-08-01,27.02,14.64,84.74,7.97
2022-08-02,26.44,18.73,84.28,8.63
2022-08-03,26.75,4.49,85.72,7.77
2022-08-04,26.72,3.77,85.22,8.4
2022-08-05,27.26,0.57,81.34,7.51
2022-08-06,26.76,2.59,85.73,5.3
2022-08-07,26.47,4.29,89.35,5.34
2022-08-08,26.46,1.12,90.28,5.65
2022-08-09,26.56,1.1,88.57,5.6
2022-08-10,26.48,0.21,85.87,4.52
2022-08-11,26.56,0.07,86.88,4.19
2022-08-12,26.73,0.23,85.04,3.8
2022-08-13,27.07,0.12,84.44,3.62
2022-08-14,26.96,0.33,82.66,4.61
2022-08-15,27.29,0.38,82.78,3.34
2022-08-16,27.34,0.86,85.38,3.61
2022-08-17,27.3,1.17,84.44,3.93
2022-08-18,27.07,2.36,86.99,4.43
2022-08-19,27.02,1.63,85.44,4.85
2022-08-20,26.87,1.46,85.78,5.08
2022-08-21,26.82,3.23,86.83,4.99
2022-08-22,26.49,5.65,87.91,6.02
2022-08-23,26.29,2.39,85.07,5.95
2022-08-24,26.37,2.75,84.78,5.52
2022-08-25,26.24,13.22,84.72,5.57
2022-08-26,26.03,7.31,84.72,5.04
2022-08-27,26.16,0.2,78.5,5.4
2022-08-28,26.37,0.37,80.72,5.78
2022-08-29,26.41,0.36,84.36,4.93
2022-08-30,26.39,2.23,86.48,4.96
2022-08-31,25.78,37.1,91.57,5.04
2022-09-01,26.06,6.76,86.76,4.85
2022-09-02,26.74,0.53,83.84,5.25
2022-09-03,26.36,5.23,89.86,4.28
2022-09-04,26.6,5.66,91.03,4.2
2022-09-05,26.5,7.85,92.41,4.84
2022-09-06,26.15,2.68,86.45,5.39
2022-09-07,26.02,0.53,84.71,6.16
2022-09-08,26.18,0.1,81.39,5.45
2022-09-09,26.25,0.15,88.53,4.47
2022-09-10,26.32,1.73,89.68,4.7
2022-09-11,26.3,1.79,90.39,4.69
2022-09-12,26.08,0.87,90.08,4.18
2022-09-13,26.14,0.63,88.47,3.5
2022-09-14,26.13,0.67,87.41,3.51
2022-09-15,26.24,0.52,87.66,3.45
2022-09-16,26.5,0.11,84.42,3.82
2022-09-17,26.5,0.5,86.93,4.14
2022-09-18,26.71,0.61,86.28,4.2
2022-09-19,27.01,0.44,83.95,4.32
2022-09-20,26.76,0.1,86.03,3.97
2022-09-21,26.89,0.12,84.94,4.36
2022-09-22,27.38,0.0,78.72,4.95
2022-09-23,27.11,0.0,78.91,4.86
2022-09-24,26.72,0.07,82.52,4.81
2022-09-25,27.39,0.43,80.98,4.09
2022-09-26,27.18,0.34,84.13,4.48
2022-09-27,27.53,0.33,79.85,5.19
2022-09-28,27.1,0.84,84.37,4.91
2022-09-29,26.78,2.38,86.63,4.08
2022-09-30,26.72,2.18,86.39,4.96
2022-10-01,26.88,1.37,85.36,5.36
2022-10-02,26.6,1.8,85.61,5.44
2022-10-03,26.44,0.43,82.45,6.42
2022-10-04,26.86,0.61,84.12,5.61
2022-10-05,26.6,0.72,82.31,5.31
2022-10-06,26.72,0.26,82.04,4.63
2022-10-07,26.93,0.53,83.42,4.38
2022-10-08,27.31,1.46,81.51,4.09
2022-10-09,27.59,12.54,83.05,3.31
2022-10-10,27.67,1.52,80.61,3.52
2022-10-11,28.1,0.19,81.82,3.07
2022-10-12,27.85,7.67,83.11,3.08
2022-10-13,27.22,7.25,84.09,4.11
2022-10-14,27.44,2.06,81.9,4.7
2022-10-15,26.94,8.51,84.44,3.28
2022-10-16,27.33,18.65,82.04,4.17
2022-10-17,26.88,51.01,87.59,4.47
2022-10-18,26.63,10.18,85.89,5.43
2022-10-19,26.72,0.6,85.74,5.16
2022-10-20,26.85,0.56,84.03,5.21
2022-10-21,26.45,4.47,87.4,3.82
2022-10-22,26.8,6.33,83.08,2.48
2022-10-23,26.44,7.38,88.72,3.35
2022-10-24,26.9,1.16,86.76,4.5
2022-10-25,27.46,0.71,83.65,3.69
2022-10-26,27.92,3.7,78.95,1.59
2022-10-27,27.32,1.81,77.93,1.58
2022-10-28,28.25,0.3,73.64,1.43
2022-10-29,28.17,0.43,75.96,2.19
2022-10-30,27.46,7.96,81.54,2.32
2022-10-31,27.83,1.3,78.74,1.88
2022-11-01,25.97,1.84,88.82,3.47
2022-11-02,26.44,9.14,87.67,3.97
2022-11-03,26.53,4.34,84.64,3.46
2022-11-04,26.12,6.54,87.78,3.11
2022-11-05,25.87,45.58,84.07,2.19
2022-11-06,26.97,13.1,77.85,1.7
2022-11-07,27.1,3.75,81.31,2.6
2022-11-08,27.53,2.74,80.76,3.09
2022-11-09,27.34,2.95,82.65,3.03
2022-11-10,27.87,1.48,75.94,2.74
2022-11-11,26.53,25.7,85.9,3.22
2022-11-12,26.76,3.04,83.92,4.53
2022-11-13,26.47,2.85,85.83,2.26
2022-11-14,26.39,6.67,83.31,1.82
2022-11-15,27.04,3.65,80.04,2.93
2022-11-16,26.98,3.29,77.95,1.5
2022-11-17,26.95,4.67,78.37,1.73
2022-11-18,27.18,0.08,70.25,3.39
2022-11-19,26.77,0.0,74.47,4.47
2022-11-20,27.12,0.13,66.79,2.93
2022-11-21,27.88,0.53,69.15,2.22
2022-11-22,27.57,0.0,73.75,3.09
2022-11-23,27.21,0.0,71.41,4.41
2022-11-24,26.82,0.0,71.88,3.46
2022-11-25,26.91,0.0,65.01,1.69
2022-11-26,27.76,0.02,73.12,1.82
2022-11-27,27.94,0.01,74.13,2.01
2022-11-28,27.85,0.28,73.81,1.43
2022-11-29,27.37,9.95,79.0,2.34
2022-11-30,27.49,2.64,75.76,4.43
2022-12-01,27.39,0.19,77.8,4.2
2022-12-02,27.72,5.51,80.84,3.5
2022-12-03,27.76,10.26,79.93,3.29
2022-12-04,27.52,15.67,80.2,3.33
2022-12-05,27.24,4.3,83.87,4.18
2022-12-06,27.6,3.28,77.35,3.24
2022-12-07,26.98,2.22,77.12,2.42
2022-12-08,27.13,2.42,82.24,3.57
2022-12-09,27.4,0.53,74.39,5.03
2022-12-10,27.69,3.35,76.98,5.43
2022-12-11,27.68,13.32,80.32,5.33
2022-12-12,27.91,0.11,76.01,3.72
2022-12-13,27.4,4.44,77.59,1.9
2022-12-14,27.34,4.36,78.8,2.43
2022-12-15,27.16,2.6,80.03,4.02
2022-12-16,27.15,0.0,76.47,4.93
2022-12-17,27.25,0.06,76.49,5.37
2022-12-18,27.27,0.35,77.34,5.81
2022-12-19,26.92,3.08,74.75,4.88
2022-12-20,26.77,7.76,81.48,5.25
2022-12-21,27.34,0.51,77.96,5.12
2022-12-22,27.57,0.05,76.31,3.84
2022-12-23,27.85,0.04,70.74,2.11
2022-12-24,28.05,0.3,77.46,1.85
2022-12-25,27.79,5.77,78.43,1.85
2022-12-26,26.99,7.07,86.31,4.07
2022-12-27,27.17,1.1,82.72,4.17
2022-12-28,27.32,1.17,81.35,4.13
2022-12-29,27.17,0.08,80.88,5.72
2022-12-30,26.98,0.03,74.95,5.06
2022-12-31,26.95,0.0,74.56,4.62
2023-01-01,27.04,0.0,73.02,4.18
2023-01-02,26.43,0.0,74.83,5.26
2023-01-03,26.84,0.0,70.55,5.13
2023-01-04,27.02,0.0,71.08,5.63
2023-01-05,27.06,0.02,74.04,4.91
2023-01-06,27.1,0.13,76.45,6.32
2023-01-07,27.15,0.05,76.03,6.31
2023-01-08,27.13,0.02,74.58,6.57
2023-01-09,27.04,0.01,73.26,6.41
2023-01-10,26.45,0.0,68.31,6.4
2023-01-11,26.53,0.0,66.64,5.1
2023-01-12,26.29,0.0,65.38,4.98
2023-01-13,26.61,0.0,63.93,4.95
2023-01-14,26.23,0.0,69.25,4.27
2023-01-15,26.52,0.0,69.67,3.91
2023-01-16,26.79,0.0,73.69,4.36
2023-01-17,26.88,1.25,77.92,5.16
2023-01-18,26.36,0.02,73.77,6.66
2023-01-19,26.51,0.0,65.61,6.05
2023-01-20,26.53,0.0,68.04,5.62
2023-01-21,26.7,0.0,72.04,4.94
2023-01-22,26.56,0.0,73.08,5.95
2023-01-23,27.04,0.98,77.29,4.6
2023-01-24,26.03,9.04,83.56,3.54
2023-01-25,26.87,0.69,75.6,4.7
2023-01-26,26.75,0.0,72.08,4.61
2023-01-27,26.64,0.0,71.46,4.41
2023-01-28,26.83,0.0,70.82,4.95
2023-01-29,26.82,0.01,73.19,4.63
2023-01-30,27.25,0.11,77.02,2.66
2023-01-31,27.61,2.58,73.41,2.39
2023-02-01,26.21,1.13,70.82,3.0
2023-02-02,27.51,2.74,76.19,4.81
2023-02-03,27.33,1.24,78.31,4.45
2023-02-04,27.23,3.79,81.06,4.33
2023-02-05,27.38,0.05,73.03,3.46
2023-02-06,27.16,0.01,69.37,4.31
2023-02-07,27.32,0.0,72.69,4.13
2023-02-08,27.34,0.04,75.26,4.42
2023-02-09,27.14,0.0,75.16,3.22
2023-02-10,26.93,0.0,73.23,3.95
2023-02-11,26.97,0.0,69.55,4.16
2023-02-12,27.26,0.0,65.92,4.18
2023-02-13,27.24,0.0,66.52,4.82
2023-02-14,27.0,0.0,70.05,4.64
2023-02-15,27.29,0.0,66.92,4.14
2023-02-16,26.97,0.0,70.18,5.54
2023-02-17,26.75,0.0,70.14,5.39
2023-02-18,27.31,0.0,71.64,3.99
2023-02-19,27.83,0.02,75.72,3.95
2023-02-20,28.0,0.0,75.27,3.7
2023-02-21,28.0,0.0,70.42,4.12
2023-02-22,27.7,0.0,64.03,4.61
2023-02-23,27.27,0.0,65.36,4.44
2023-02-24,27.68,0.0,72.0,4.09
2023-02-25,27.63,0.37,72.16,4.36
2023-02-26,27.32,0.0,67.04,5.97
2023-02-27,27.53,0.0,64.54,5.2
2023-02-28,27.89,2.94,75.88,5.34
2023-03-01,27.89,6.14,78.02,5.53
2023-03-02,27.94,0.0,72.9,5.41
2023-03-03,27.96,0.0,68.96,5.89
2023-03-04,27.98,0.23,74.05,5.62
2023-03-05,27.86,1.58,78.21,5.1
2023-03-06,28.1,0.36,75.67,4.29
2023-03-07,28.09,0.52,75.37,4.51
2023-03-08,28.2,0.04,76.2,5.84
2023-03-09,28.5,0.01,73.14,5.6
2023-03-10,28.22,0.0,75.46,5.0
2023-03-11,28.74,0.01,73.25,4.7
2023-03-12,28.81,0.1,73.31,5.06
2023-03-13,28.84,0.43,74.06,4.74
2023-03-14,28.27,0.41,76.4,3.93
2023-03-15,28.1,0.27,77.29,2.43
2023-03-16,28.53,0.87,75.61,1.72
2023-03-17,28.84,1.27,73.59,3.38
2023-03-18,28.76,3.55,74.01,2.41
2023-03-19,29.12,0.12,75.87,3.03
2023-03-20,28.93,9.03,76.66,3.01
2023-03-21,29.11,2.33,74.64,3.52
2023-03-22,28.97,0.22,69.92,3.61
2023-03-23,29.11,0.0,70.09,2.83
2023-03-24,29.36,0.37,73.97,2.03
2023-03-25,29.14,0.59,71.28,2.21
2023-03-26,29.08,0.03,71.8,2.07
2023-03-27,29.51,0.25,74.96,2.51
2023-03-28,29.54,1.28,76.03,2.57
2023-03-29,29.0,1.63,77.09,2.5
2023-03-30,29.16,0.57,77.81,2.46
2023-03-31,29.47,0.25,74.43,2.37
2023-04-01,29.37,0.45,74.31,2.43
2023-04-02,29.25,0.17,72.29,2.83
2023-04-03,29.0,0.95,74.32,2.8
2023-04-04,28.15,1.81,77.96,2.39
2023-04-05,28.65,0.24,73.77,2.86
2023-04-06,28.75,0.53,72.54,2.24
2023-04-07,29.6,1.71,69.89,2.43
2023-04-08,29.49,1.79,67.98,3.8
2023-04-09,29.02,3.25,73.53,2.91
2023-04-10,29.32,2.43,74.02,4.36
2023-04-11,29.66,0.5,73.13,3.88
2023-04-12,29.35,0.06,75.29,3.35
2023-04-13,29.97,0.02,72.33,2.19
2023-04-14,29.74,0.1,73.91,2.04
2023-04-15,29.7,0.1,76.84,2.55
2023-04-16,29.83,0.1,70.7,1.88
2023-04-17,29.39,0.03,72.34,2.15
2023-04-18,29.71,0.03,72.17,2.23
2023-04-19,29.76,0.08,75.26,2.83
2023-04-20,29.65,0.13,76.6,3.81
2023-04-21,30.04,1.33,75.35,3.95
2023-04-22,30.29,1.16,74.27,3.97
2023-04-23,30.39,1.42,75.15,3.58
2023-04-24,29.7,4.03,79.32,2.32
2023-04-25,29.17,6.03,75.5,2.15
2023-04-26,28.69,2.61,76.11,2.75
2023-04-27,29.73,4.48,74.56,2.32
2023-04-28,29.38,12.68,77.44,2.88
2023-04-29,29.36,6.04,75.78,2.69
2023-04-30,29.81,1.78,73.58,3.07
2023-05-01,28.78,5.73,80.64,3.07
2023-05-02,29.0,2.99,76.82,4.41
2023-05-03,29.01,5.76,80.03,6.4
2023-05-04,28.45,2.46,74.77,3.93
2023-05-05,28.93,7.73,74.59,4.83
2023-05-06,29.43,4.29,72.78,4.43
2023-05-07,29.37,9.17,71.54,4.61
2023-05-08,29.38,2.11,73.51,3.47
2023-05-09,29.33,0.71,77.59,3.62
2023-05-10,29.43,0.03,76.75,3.7
2023-05-11,30.01,1.59,73.55,5.2
2023-05-12,29.8,1.47,79.61,4.29
2023-05-13,29.68,0.32,78.93,5.91
2023-05-14,29.59,0.75,79.55,5.96
2023-05-15,29.67,0.48,81.49,5.78
2023-05-16,29.97,0.92,80.02,4.71
2023-05-17,29.79,0.71,80.61,2.72
2023-05-18,29.46,1.29,79.65,3.04
2023-05-19,29.34,1.21,77.32,3.88
2023-05-20,29.51,1.21,79.07,4.24
2023-05-21,29.65,2.5,77.42,4.0
2023-05-22,29.45,4.49,78.6,3.46
2023-05-23,29.01,1.08,80.18,3.13
2023-05-24,29.26,1.25,78.04,3.78
2023-05-25,29.68,1.3,76.98,4.63
2023-05-26,30.09,0.41,74.6,5.39
2023-05-27,29.86,0.81,77.05,5.33
2023-05-28,30.24,0.3,76.77,4.62
2023-05-29,29.56,1.66,82.06,3.17
2023-05-30,29.11,0.53,81.92,3.73
2023-05-31,29.5,0.12,79.49,3.83
2023-06-01,29.32,0.32,74.55,5.92
2023-06-02,29.25,1.09,80.02,5.36
2023-06-03,28.94,0.3,79.94,5.6
2023-06-04,29.52,0.22,75.74,5.99
2023-06-05,29.44,3.38,78.26,6.22
2023-06-06,28.98,5.25,80.79,5.84
2023-06-07,29.08,2.3,78.24,6.75
2023-06-08,29.0,1.75,77.1,5.37
2023-06-09,28.62,4.52,83.66,5.38
2023-06-10,28.88,1.09,80.37,5.33
2023-06-11,28.89,0.97,80.94,5.27
2023-06-12,28.58,2.65,83.96,4.97
2023-06-13,28.2,3.13,87.59,5.22
2023-06-14,28.7,2.01,75.73,5.04
2023-06-15,28.29,2.6,86.58,4.87
2023-06-16,28.72,1.57,78.52,6.39
2023-06-17,28.55,1.12,80.73,5.78
2023-06-18,28.11,3.17,83.71,4.51
2023-06-19,27.76,1.6,86.03,4.46
2023-06-20,28.27,0.35,80.48,4.66
2023-06-21,28.39,0.06,80.62,4.52
2023-06-22,28.62,0.14,79.26,4.39
2023-06-23,28.33,0.36,82.17,4.25
2023-06-24,28.05,2.53,86.19,4.17
2023-06-25,28.16,1.61,80.7,5.71
2023-06-26,27.29,10.17,86.55,5.0
2023-06-27,27.29,3.53,86.96,5.16
2023-06-28,27.67,0.12,82.03,4.51
2023-06-29,27.58,0.79,82.65,5.07
2023-06-30,27.47,2.22,85.85,4.49
2023-07-01,27.68,2.22,86.6,3.9
2023-07-02,27.87,5.2,79.96,5.69
2023-07-03,27.33,9.47,82.8,5.55
2023-07-04,27.39,11.82,84.79,6.98
2023-07-05,27.15,13.39,85.22,6.49
2023-07-06,27.35,1.0,83.31,5.64
2023-07-07,27.06,3.37,82.03,4.7
2023-07-08,27.08,0.61,85.17,3.89
2023-07-09,27.14,0.24,82.43,4.06
2023-07-10,27.01,1.21,87.18,4.45
2023-07-11,27.08,2.09,86.0,3.17
2023-07-12,27.37,0.07,85.69,3.33
2023-07-13,27.41,1.21,85.19,4.45
2023-07-14,27.24,0.39,84.47,4.94
2023-07-15,27.08,0.51,86.18,4.36
2023-07-16,27.35,0.84,87.09,4.59
2023-07-17,27.39,0.64,87.39,4.63
2023-07-18,27.52,0.77,86.06,5.47
2023-07-19,27.26,0.89,88.43,5.15
2023-07-20,27.14,5.2,88.88,3.84
2023-07-21,27.2,2.95,88.64,4.98
2023-07-22,27.28,1.98,85.61,5.35
2023-07-23,27.2,0.73,84.01,5.37
2023-07-24,26.95,0.69,86.38,4.55
2023-07-25,27.19,1.23,86.33,3.94
2023-07-26,27.13,0.56,87.36,4.09
2023-07-27,27.35,0.17,83.08,4.43
2023-07-28,27.17,0.11,83.72,4.84
2023-07-29,27.07,0.11,84.83,4.91
2023-07-30,26.99,0.07,83.41,5.45
2023-07-31,27.26,0.02,82.85,5.37
2023-08-01,26.77,0.04,86.34,5.19
2023-08-02,27.21,0.05,84.38,4.05
2023-08-03,27.12,0.06,84.41,4.53
2023-08-04,27.26,0.32,84.48,4.24
2023-08-05,27.46,0.15,81.11,4.46
2023-08-06,27.56,0.08,81.45,5.35
2023-08-07,27.54,0.11,83.21,4.66
2023-08-08,27.13,0.65,86.42,3.99
2023-08-09,27.07,0.76,84.87,3.05
2023-08-10,27.57,0.45,83.88,3.59
2023-08-11,27.77,2.81,84.37,3.86
2023-08-12,27.84,1.95,81.7,4.07
2023-08-13,28.14,0.01,75.4,4.81
2023-08-14,27.44,0.0,79.94,4.04
2023-08-15,27.35,0.02,80.95,3.75
2023-08-16,27.51,0.0,78.74,3.44
2023-08-17,27.67,0.26,81.5,4.61
2023-08-18,27.77,0.52,80.98,5.16
2023-08-19,27.83,0.37,79.53,5.15
2023-08-20,28.21,0.01,78.25,4.74
2023-08-21,27.9,0.05,81.65,4.46
2023-08-22,27.95,0.2,82.67,3.93
2023-08-23,27.93,0.16,82.88,4.42
2023-08-24,27.81,0.11,82.57,4.5
2023-08-25,27.71,0.07,81.76,3.83
2023-08-26,27.68,0.01,81.16,3.16
2023-08-27,28.12,0.03,81.06,3.67
2023-08-28,28.11,1.05,83.21,4.22
2023-08-29,27.38,10.03,86.37,4.88
2023-08-30,27.83,4.29,80.0,4.0
2023-08-31,27.94,7.22,79.89,3.64
2023-09-01,27.88,3.03,80.58,4.01
2023-09-02,27.96,4.17,79.11,5.68
2023-09-03,27.04,5.84,83.24,5.78
2023-09-04,28.1,5.07,77.55,5.54
2023-09-05,28.28,3.24,78.72,4.96
2023-09-06,27.92,7.0,82.06,4.87
2023-09-07,28.06,3.07,76.39,4.98
2023-09-08,27.82,4.35,81.18,4.37
2023-09-09,27.83,0.98,80.82,4.7
2023-09-10,27.76,0.72,77.61,5.36
2023-09-11,27.33,9.45,76.83,5.47
2023-09-12,27.9,1.77,78.74,4.25
2023-09-13,27.76,2.24,81.17,4.26
2023-09-14,27.81,2.56,83.87,4.39
2023-09-15,27.99,2.96,76.34,4.4
2023-09-16,27.75,1.85,80.58,3.63
2023-09-17,27.08,12.76,86.06,3.86
2023-09-18,26.92,3.4,86.43,4.77
2023-09-19,27.79,2.29,80.97,4.77
2023-09-20,27.71,5.71,81.37,4.04
2023-09-21,28.02,5.9,78.69,4.48
2023-09-22,27.63,6.9,82.5,4.51
2023-09-23,27.84,3.97,82.93,4.6
2023-09-24,27.9,7.76,83.15,4.53
2023-09-25,28.14,3.39,80.69,4.97
2023-09-26,28.26,0.57,82.83,4.72
2023-09-27,28.16,2.55,80.93,5.06
2023-09-28,27.91,10.07,79.34,5.5
2023-09-29,27.74,42.15,85.22,6.1
2023-09-30,27.76,4.59,82.36,4.73
2023-10-01,27.5,8.7,85.44,5.07
2023-10-02,27.21,49.35,88.24,5.19
2023-10-03,27.65,21.0,88.32,3.77
2023-10-04,27.43,0.36,83.82,4.6
2023-10-05,27.1,6.55,87.97,4.6
2023-10-06,27.28,11.59,87.84,5.01
2023-10-07,28.05,3.5,83.77,3.85
2023-10-08,27.55,3.53,86.67,3.21
2023-10-09,27.23,3.48,87.93,2.49
2023-10-10,27.59,2.67,84.94,2.65
2023-10-11,27.37,6.72,83.83,3.79
2023-10-12,26.99,6.76,85.47,3.94
2023-10-13,27.14,7.79,84.97,3.21
2023-10-14,26.95,6.19,86.36,3.25
2023-10-15,27.32,24.47,82.66,3.51
2023-10-16,27.71,2.04,82.1,3.13
2023-10-17,27.41,18.2,85.26,3.46
2023-10-18,26.95,33.14,85.21,2.27
2023-10-19,27.02,3.65,83.31,2.21
2023-10-20,27.7,0.73,77.68,2.06
2023-10-21,28.15,1.54,78.05,1.72
2023-10-22,27.62,8.71,82.75,2.22
2023-10-23,26.96,5.57,86.15,2.76
2023-10-24,27.67,0.43,78.89,1.59
2023-10-25,27.62,1.19,82.26,2.21
2023-10-26,28.15,0.76,78.99,1.96
2023-10-27,28.39,0.42,78.89,2.61
2023-10-28,27.95,2.5,79.3,1.63
2023-10-29,27.37,11.77,83.38,2.29
2023-10-30,27.17,11.97,82.87,2.85
2023-10-31,27.69,17.46,84.23,3.5
2023-11-01,27.62,3.83,83.71,3.1
2023-11-02,27.89,6.08,80.33,1.63
2023-11-03,27.17,31.15,84.93,2.83
2023-11-04,26.71,44.3,88.2,3.43
2023-11-05,27.36,33.91,79.48,0.91
2023-11-06,27.85,3.3,76.39,1.26
2023-11-07,28.11,5.28,77.92,2.26
2023-11-08,27.85,27.65,82.21,2.72
2023-11-09,26.89,9.11,83.44,2.36
2023-11-10,27.47,5.52,81.05,2.41
2023-11-11,27.79,12.36,87.77,3.76
2023-11-12,27.88,2.4,81.8,3.5
2023-11-13,28.03,2.67,75.14,3.22
2023-11-14,27.53,1.03,81.83,2.72
2023-11-15,27.85,0.19,76.52,3.09
2023-11-16,28.11,1.2,79.34,1.6
2023-11-17,27.99,0.51,82.88,1.71
2023-11-18,28.04,3.73,83.4,2.23
2023-11-19,27.62,30.77,84.69,4.18
2023-11-20,27.98,1.59,79.96,3.76
2023-11-21,27.87,0.74,84.27,2.83
2023-11-22,27.09,9.05,87.7,3.29
2023-11-23,27.28,6.3,84.95,3.32
2023-11-24,27.83,4.89,77.86,1.76
2023-11-25,27.81,4.37,83.72,3.25
2023-11-26,27.98,5.27,87.59,4.91
2023-11-27,28.18,3.12,86.12,5.13
2023-11-28,27.85,6.79,84.97,4.38
2023-11-29,27.98,2.73,85.02,4.68
2023-11-30,27.23,2.1,83.53,3.48
2023-12-01,27.38,3.98,83.39,3.57
2023-12-02,27.53,6.12,79.19,1.98
2023-12-03,28.17,2.2,81.84,3.17
2023-12-04,28.14,3.04,87.32,4.89
2023-12-05,28.54,1.33,87.57,4.67
2023-12-06,28.4,1.25,86.07,2.38
2023-12-07,28.01,0.43,84.0,2.07
2023-12-08,28.0,2.66,84.08,2.49
2023-12-09,28.18,3.89,82.58,2.43
2023-12-10,27.86,4.16,85.98,4.54
2023-12-11,27.74,4.89,86.24,5.32
2023-12-12,27.72,3.74,84.79,5.56
2023-12-13,27.26,0.01,82.94,6.61
2023-12-14,26.8,0.1,79.86,6.47
2023-12-15,27.13,3.34,85.68,5.51
2023-12-16,26.86,24.66,87.69,4.75
2023-12-17,27.0,104.2,90.51,3.88
2023-12-18,27.08,52.39,90.57,6.8
2023-12-19,26.4,16.42,88.53,7.04
2023-12-20,26.6,5.41,87.98,6.42
2023-12-21,26.94,8.08,87.78,5.91
2023-12-22,27.04,2.84,86.76,6.35
2023-12-23,26.73,0.02,85.41,5.86
2023-12-24,26.66,0.03,84.43,5.66
2023-12-25,27.17,0.06,87.38,6.32
2023-12-26,26.86,0.04,85.26,6.86
2023-12-27,26.63,0.03,85.67,7.32
2023-12-28,27.01,0.36,87.55,7.09
2023-12-29,27.2,1.79,88.58,6.84
2023-12-30,27.25,0.66,86.68,6.59
2023-12-31,26.93,0.17,85.49,6.37
2024-01-01,26.58,0.08,82.37,5.34
2024-01-02,27.25,0.19,82.85,5.43
2024-01-03,27.11,0.02,83.31,5.16
2024-01-04,27.45,0.22,83.76,4.14
2024-01-05,27.55,1.02,83.13,3.13
2024-01-06,27.17,4.85,86.09,3.18
2024-01-07,27.13,2.11,86.07,4.21
2024-01-08,26.48,3.77,86.46,3.63
2024-01-09,26.6,0.84,86.6,6.34
2024-01-10,26.44,4.4,87.61,6.47
2024-01-11,26.62,0.18,85.97,6.76
2024-01-12,26.64,0.0,82.04,6.64
2024-01-13,26.55,0.0,81.71,5.93
2024-01-14,26.57,0.0,83.2,5.8
2024-01-15,26.27,0.0,76.99,5.38
2024-01-16,25.97,0.0,72.55,4.51
2024-01-17,25.88,0.0,74.07,4.02
2024-01-18,26.67,0.59,83.37,3.78
2024-01-19,27.13,1.51,85.47,4.81
2024-01-20,27.26,0.64,84.16,5.2
2024-01-21,27.25,0.03,83.56,5.4
2024-01-22,27.35,0.0,81.75,5.27
2024-01-23,26.89,0.0,80.17,5.25
2024-01-24,26.76,0.0,79.03,4.52
2024-01-25,26.98,0.0,75.89,4.5
2024-01-26,26.86,0.0,75.28,6.11
2024-01-27,26.68,0.0,74.26,6.22
2024-01-28,26.92,0.0,77.0,5.88
2024-01-29,27.09,0.0,77.61,6.03
2024-01-30,27.25,0.06,77.66,5.16
2024-01-31,27.61,1.37,77.74,3.09
2024-02-01,28.09,1.32,78.21,2.14
2024-02-02,28.07,1.18,80.0,3.24
2024-02-03,28.01,0.26,79.15,4.46
2024-02-04,27.65,0.0,78.09,5.43
2024-02-05,27.4,0.0,78.31,5.56
2024-02-06,27.01,0.0,76.5,6.28
2024-02-07,27.09,0.0,76.61,5.25
2024-02-08,27.18,0.0,77.9,5.38
2024-02-09,27.24,0.0,78.45,5.54
2024-02-10,27.62,0.0,77.36,6.38
2024-02-11,27.74,0.0,74.17,6.61
2024-02-12,27.46,0.0,75.11,6.95
2024-02-13,27.73,0.0,78.24,6.54
2024-02-14,27.9,0.0,78.86,6.89
2024-02-15,27.86,0.0,75.43,6.53
2024-02-16,28.01,0.0,76.87,6.19
2024-02-17,28.1,0.0,76.54,6.35
2024-02-18,28.05,0.0,76.07,5.72
2024-02-19,28.1,0.0,76.74,5.7
2024-02-20,28.46,0.0,75.3,4.09
2024-02-21,28.52,0.0,76.72,2.57
2024-02-22,28.6,0.0,76.97,2.85
2024-02-23,28.68,0.0,72.96,2.34
2024-02-24,29.21,0.03,72.57,1.82
2024-02-25,28.77,0.06,74.0,4.25
2024-02-26,28.92,0.03,75.39,6.51
2024-02-27,29.06,0.03,73.96,7.29
2024-02-28,28.73,0.0,75.17,6.36
2024-02-29,28.93,0.0,72.67,5.7
2024-03-01,28.55,0.0,73.15,6.23
2024-03-02,28.41,0.0,70.54,4.58
2024-03-03,28.47,0.0,73.03,3.18
2024-03-04,28.43,0.0,70.62,2.66
2024-03-05,28.49,0.0,70.4,2.63
2024-03-06,28.59,0.0,70.33,2.16
2024-03-07,29.11,0.0,66.5,2.02
2024-03-08,29.04,0.0,63.41,1.95
2024-03-09,29.14,0.0,66.68,1.91
2024-03-10,29.23,0.01,69.65,2.76
2024-03-11,29.11,0.0,71.32,3.76
2024-03-12,29.2,0.0,69.47,4.05
2024-03-13,29.55,0.0,66.98,2.62
2024-03-14,29.71,0.04,72.76,2.58
2024-03-15,29.75,0.23,76.82,2.57
2024-03-16,29.05,0.14,73.6,2.23
2024-03-17,29.28,0.01,63.74,3.63
2024-03-18,29.41,0.01,64.63,3.62
2024-03-19,29.16,0.0,66.14,3.45
2024-03-20,29.43,0.0,65.72,3.47
2024-03-21,29.81,0.22,71.0,4.33
2024-03-22,30.0,2.37,73.7,4.74
2024-03-23,29.82,0.9,72.73,4.07
2024-03-24,29.7,0.19,72.05,3.95
2024-03-25,30.02,0.09,67.99,4.77
2024-03-26,29.41,0.0,69.52,4.03
2024-03-27,29.84,0.03,68.46,3.58
2024-03-28,30.22,0.77,70.91,3.4
2024-03-29,30.0,0.0,71.8,2.28
2024-03-30,29.92,0.01,68.8,2.02
2024-03-31,30.0,0.01,66.81,2.02
2024-04-01,30.07,0.1,68.86,2.14
2024-04-02,30.2,1.01,72.0,2.13
2024-04-03,29.73,0.69,75.79,2.24
2024-04-04,29.75,0.88,74.03,2.08
2024-04-05,30.36,1.43,74.23,2.89
2024-04-06,30.65,0.57,75.59,3.05
2024-04-07,30.66,0.4,73.59,3.27
2024-04-08,30.83,0.24,72.24,2.57
2024-04-09,30.85,0.66,69.33,2.98
2024-04-10,30.78,0.02,70.59,4.43
2024-04-11,30.89,1.35,71.29,4.01
2024-04-12,29.53,4.24,76.52,3.81
2024-04-13,29.93,3.96,71.94,2.88
2024-04-14,30.64,0.47,74.04,4.17
2024-04-15,30.98,0.1,73.42,4.36
2024-04-16,29.96,0.8,78.31,3.31
2024-04-17,29.82,0.34,77.55,2.88
2024-04-18,30.47,0.17,75.4,3.45
2024-04-19,30.61,0.47,77.94,4.68
2024-04-20,30.57,0.65,77.46,4.99
2024-04-21,30.7,2.21,78.11,3.5
2024-04-22,30.18,2.72,79.45,3.7
2024-04-23,30.2,1.09,77.61,2.97
2024-04-24,30.83,1.06,73.47,1.95
2024-04-25,30.38,0.59,74.6,2.21
2024-04-26,30.8,0.07,68.1,1.99
2024-04-27,30.92,0.59,69.91,2.24
2024-04-28,31.16,0.47,71.64,2.42
2024-04-29,30.24,1.33,75.34,2.0
2024-04-30,29.94,1.59,79.62,3.25
2024-05-01,30.44,1.01,79.58,3.76
2024-05-02,31.12,0.09,78.73,3.65
2024-05-03,31.11,0.03,77.14,4.12
2024-05-04,31.09,0.12,76.51,4.33
2024-05-05,31.09,0.05,74.42,4.91
2024-05-06,31.18,0.41,73.56,4.43
2024-05-07,30.86,0.46,74.77,4.29
2024-05-08,31.0,0.92,74.56,3.56
2024-05-09,30.09,1.48,79.01,3.71
2024-05-10,29.8,1.79,74.22,2.43
2024-05-11,30.25,3.29,71.98,2.17
2024-05-12,30.09,3.31,73.93,2.24
2024-05-13,29.6,9.05,78.39,1.6
2024-05-14,29.71,8.25,73.91,0.98
2024-05-15,29.28,12.79,78.4,1.8
2024-05-16,29.71,2.06,73.79,2.87
2024-05-17,28.61,7.93,82.72,3.37
2024-05-18,28.79,3.75,85.64,5.04
2024-05-19,28.71,11.99,84.43,5.87
2024-05-20,29.23,18.96,78.78,7.03
2024-05-21,29.91,5.48,79.49,6.31
2024-05-22,29.41,3.71,84.05,7.72
2024-05-23,28.98,14.48,85.07,8.0
2024-05-24,29.27,7.08,81.75,7.4
2024-05-25,29.27,6.02,80.37,7.79
2024-05-26,29.42,6.69,80.11,6.74
2024-05-27,29.13,3.26,82.11,7.27
2024-05-28,28.46,2.82,83.07,7.9
2024-05-29,28.66,5.98,85.14,7.23
2024-05-30,28.52,0.93,83.49,6.95
2024-05-31,28.87,1.15,84.42,6.23
2024-06-01,28.92,3.77,87.13,6.17
2024-06-02,28.24,3.21,82.42,5.01
2024-06-03,28.02,0.72,84.87,4.61
2024-06-04,28.53,2.35,85.39,3.99
2024-06-05,28.56,5.58,84.79,4.83
2024-06-06,28.39,9.19,87.5,4.59
2024-06-07,28.36,7.72,86.49,4.66
2024-06-08,28.29,11.38,88.26,5.57
2024-06-09,28.54,4.9,86.01,6.14
2024-06-10,28.82,1.76,85.39,5.67
2024-06-11,29.08,1.32,81.69,5.34
2024-06-12,28.81,1.99,81.94,4.92
2024-06-13,28.49,3.18,84.7,4.08
2024-06-14,28.64,1.68,85.25,4.5
2024-06-15,28.48,2.59,85.14,4.92
2024-06-16,28.43,3.35,86.12,4.63
2024-06-17,28.65,3.02,84.24,4.09
2024-06-18,28.61,6.82,83.22,4.72
2024-06-19,28.18,4.42,87.62,4.99
2024-06-20,28.08,4.92,85.47,5.56
2024-06-21,28.15,9.24,83.79,5.75
2024-06-22,27.78,1.92,82.21,6.87
2024-06-23,27.95,2.57,80.95,7.32
2024-06-24,27.75,1.24,82.14,6.9
2024-06-25,27.94,0.15,78.31,6.68
2024-06-26,26.84,9.34,84.18,6.53
2024-06-27,27.52,5.5,88.91,4.41
2024-06-28,27.54,2.5,89.16,3.69
2024-06-29,27.63,1.18,88.52,4.02
2024-06-30,27.62,1.78,90.46,3.51
2024-07-01,27.37,3.26,85.2,4.05
2024-07-02,27.21,0.41,89.23,3.76
2024-07-03,27.85,0.13,88.45,4.49
2024-07-04,28.4,0.76,83.07,4.63
2024-07-05,27.98,2.43,84.19,5.58
2024-07-06,27.61,3.54,81.98,4.73
2024-07-07,27.83,2.94,82.83,4.84
2024-07-08,27.53,2.26,82.9,5.42
2024-07-09,27.74,1.48,82.5,4.41
2024-07-10,27.7,5.74,85.43,4.77
2024-07-11,27.51,1.21,85.5,4.74
2024-07-12,27.58,12.97,88.29,5.19
2024-07-13,27.23,6.25,84.71,5.8
2024-07-14,27.51,1.19,83.9,5.66
2024-07-15,27.7,1.66,82.64,6.94
2024-07-16,27.48,0.43,87.75,5.44
2024-07-17,27.12,3.02,88.03,5.99
2024-07-18,27.2,3.02,86.04,5.65
2024-07-19,27.3,3.93,90.07,4.88
2024-07-20,27.29,0.57,91.3,4.36
2024-07-21,27.36,0.55,89.91,4.11
2024-07-22,27.38,1.52,89.17,3.0
2024-07-23,27.44,0.57,87.32,3.9
2024-07-24,27.72,0.44,85.5,4.6
2024-07-25,27.29,9.62,88.65,4.39
2024-07-26,27.45,2.29,88.41,6.32
2024-07-27,27.37,11.83,87.04,6.29
2024-07-28,27.33,2.77,90.94,5.07
2024-07-29,27.56,1.93,88.99,5.49
2024-07-30,27.44,1.9,86.0,4.82
2024-07-31,26.94,0.36,89.48,4.09
2024-08-01,26.91,1.65,91.32,4.03
2024-08-02,26.75,3.23,89.14,4.51
2024-08-03,26.72,0.45,87.13,4.73
2024-08-04,26.84,0.94,86.65,5.44
2024-08-05,26.54,1.66,87.95,4.98
2024-08-06,26.98,0.72,85.65,5.02
2024-08-07,26.84,0.76,85.91,4.85
2024-08-08,26.91,0.87,83.81,5.65
2024-08-09,27.01,0.64,83.93,4.38
2024-08-10,26.84,1.88,87.01,4.25
2024-08-11,27.04,5.82,89.77,4.56
2024-08-12,27.28,4.79,88.35,5.29
2024-08-13,26.93,7.02,90.02,4.87
2024-08-14,27.33,1.57,84.99,4.3
2024-08-15,27.76,0.42,84.8,4.41
2024-08-16,27.54,1.43,88.41,5.19
2024-08-17,27.1,2.78,88.0,5.94
2024-08-18,27.34,4.05,88.99,4.61
2024-08-19,27.25,4.14,89.26,3.63
2024-08-20,27.42,5.95,89.64,4.62
2024-08-21,26.91,30.99,87.21,5.77
2024-08-22,27.11,1.01,85.97,3.74
2024-08-23,27.0,0.87,88.59,3.2
2024-08-24,27.16,0.97,86.9,4.12
2024-08-25,27.43,1.87,86.14,4.62
2024-08-26,27.87,0.42,81.59,5.33
2024-08-27,27.79,0.28,83.29,4.65
2024-08-28,27.81,0.65,83.12,4.67
2024-08-29,27.96,3.67,84.75,5.19
2024-08-30,27.36,13.47,86.91,5.11
2024-08-31,27.45,6.29,84.64,5.72
2024-09-01,27.35,6.43,85.84,5.4
2024-09-02,27.55,5.73,85.85,5.5
2024-09-03,27.26,9.11,87.95,5.55
2024-09-04,27.53,3.16,87.29,5.47
2024-09-05,27.84,1.18,86.32,5.15
2024-09-06,27.61,0.79,87.61,5.27
2024-09-07,27.72,0.48,86.24,5.23
2024-09-08,27.57,1.96,87.64,5.39
2024-09-09,27.72,1.42,86.52,5.61
2024-09-10,27.92,1.69,86.35,5.78
2024-09-11,27.82,3.1,84.84,5.84
2024-09-12,27.62,0.26,78.68,4.85
2024-09-13,28.08,0.93,85.27,4.49
2024-09-14,28.32,0.67,83.91,5.21
2024-09-15,28.21,0.37,83.31,6.11
2024-09-16,28.19,0.47,85.0,6.08
2024-09-17,28.38,0.62,83.57,5.81
2024-09-18,28.47,0.22,81.69,5.26
2024-09-19,28.36,0.57,81.4,5.23
2024-09-20,28.23,0.23,79.36,5.27
2024-09-21,28.51,0.12,78.96,5.65
2024-09-22,28.23,0.07,80.79,5.99
2024-09-23,28.52,0.25,80.52,6.55
2024-09-24,28.38,0.48,82.67,5.91
2024-09-25,28.35,1.19,83.03,5.13
2024-09-26,28.16,0.79,83.37,4.91
2024-09-27,27.72,1.36,85.85,4.11
2024-09-28,28.96,5.85,76.49,2.92
2024-09-29,28.45,1.68,80.49,1.87
2024-09-30,28.32,7.18,78.76,1.33
2024-10-01,27.97,5.17,82.84,2.25
2024-10-02,28.22,8.09,83.74,4.27
2024-10-03,28.36,5.67,82.93,4.21
2024-10-04,28.1,3.15,85.16,3.91
2024-10-05,28.39,3.97,81.35,3.04
2024-10-06,27.37,4.73,83.56,3.13
2024-10-07,26.95,51.57,85.76,4.93
2024-10-08,27.63,12.11,82.87,3.76
2024-10-09,27.39,5.49,88.71,4.08
2024-10-10,27.82,4.96,84.05,5.31
2024-10-11,27.47,21.27,84.8,5.29
2024-10-12,27.56,6.89,81.55,4.48
2024-10-13,27.16,13.7,82.92,3.67
2024-10-14,27.35,4.97,82.0,3.21
2024-10-15,27.59,0.83,81.4,4.25
2024-10-16,27.6,2.83,84.43,4.43
2024-10-17,27.99,1.59,85.0,4.43
2024-10-18,28.17,0.74,82.97,4.08
2024-10-19,28.01,1.94,81.7,3.52
2024-10-20,28.15,4.41,82.93,2.76
2024-10-21,27.99,2.84,83.57,2.61
2024-10-22,28.22,6.8,83.11,1.98
2024-10-23,27.51,18.15,85.0,2.92
2024-10-24,27.79,6.34,84.91,3.52
2024-10-25,27.85,14.66,87.85,3.97
2024-10-26,27.82,11.07,88.93,4.16
2024-10-27,28.0,8.07,85.71,4.18
2024-10-28,27.7,3.77,86.82,3.99
2024-10-29,27.76,7.48,87.91,3.81
2024-10-30,28.16,0.31,83.56,3.42
2024-10-31,27.97,0.32,85.92,2.88
2024-11-01,28.12,0.57,80.59,2.52
2024-11-02,27.26,7.99,85.84,1.73
2024-11-03,27.45,11.56,81.81,1.66
2024-11-04,26.64,55.97,82.67,1.84
2024-11-05,27.95,0.34,73.0,1.8
2024-11-06,28.46,0.62,74.57,1.48
2024-11-07,28.64,1.3,78.09,2.01
2024-11-08,28.37,12.22,80.52,1.68
2024-11-09,28.56,6.84,77.12,2.68
2024-11-10,28.74,0.74,73.9,3.35
2024-11-11,28.6,0.11,72.11,2.46
2024-11-12,28.04,2.63,81.46,2.73
2024-11-13,28.2,3.65,80.32,1.64
2024-11-14,28.18,12.03,80.74,1.32
2024-11-15,27.75,6.03,84.79,3.52
2024-11-16,28.15,2.62,82.7,3.67
2024-11-17,28.41,3.52,83.19,3.93
2024-11-18,28.13,0.98,83.25,4.23
2024-11-19,28.06,6.72,83.39,4.47
2024-11-20,26.67,35.62,87.48,4.8
2024-11-21,27.33,11.23,85.7,5.53
2024-11-22,26.74,4.19,83.28,3.82
2024-11-23,27.19,1.17,83.3,3.37
2024-11-24,27.66,0.95,81.78,4.06
2024-11-25,26.98,0.14,82.02,4.68
2024-11-26,26.78,1.75,80.95,3.96
2024-11-27,26.68,3.74,81.67,3.93
2024-11-28,27.68,5.75,83.22,2.54
2024-11-29,27.71,6.02,84.65,3.51
2024-11-30,27.76,5.72,85.5,5.04
2024-12-01,28.09,1.1,83.65,6.77
2024-12-02,27.97,0.06,75.96,6.34
2024-12-03,27.82,0.03,74.23,4.15
2024-12-04,27.52,0.78,75.58,1.52
2024-12-05,27.78,1.92,77.66,1.58
2024-12-06,27.74,0.3,81.77,3.47
2024-12-07,28.16,0.08,79.45,3.5
2024-12-08,28.0,0.89,78.61,2.55
2024-12-09,28.31,1.82,77.52,2.28
2024-12-10,28.16,1.12,74.8,2.13
2024-12-11,27.91,0.67,77.66,3.42
2024-12-12,27.65,14.64,78.41,3.85
2024-12-13,26.78,17.09,89.05,3.62
2024-12-14,27.22,83.46,85.8,4.01
2024-12-15,26.7,0.52,80.15,5.89
2024-12-16,26.53,0.01,80.53,5.02
2024-12-17,27.49,0.11,74.4,2.79
2024-12-18,27.9,0.08,82.43,2.61
2024-12-19,28.2,0.47,82.58,2.87
2024-12-20,28.13,0.25,83.67,2.82
2024-12-21,27.97,0.11,84.52,3.92
2024-12-22,28.35,0.73,81.65,3.18
2024-12-23,27.67,0.43,78.23,2.31
2024-12-24,27.32,0.0,73.7,2.72
2024-12-25,27.52,0.0,72.95,2.68
2024-12-26,27.99,0.2,76.81,1.99
2024-12-27,27.8,1.22,80.7,3.25
2024-12-28,27.26,0.55,81.25,5.77
2024-12-29,27.43,0.36,79.98,4.47
2024-12-30,27.31,1.15,83.75,4.76
2024-12-31,27.02,7.33,87.66,6.9
2025-01-01,26.88,0.13,81.2,7.41
2025-01-02,26.44,0.01,78.77,6.69
2025-01-03,26.59,0.02,77.95,7.25
2025-01-04,26.37,0.0,77.3,5.87
2025-01-05,26.86,0.0,72.16,4.89
2025-01-06,26.71,0.0,71.4,4.77
2025-01-07,26.81,0.01,75.07,4.0
2025-01-08,27.01,0.01,76.94,4.5
2025-01-09,26.73,0.0,77.8,5.59
2025-01-10,27.25,0.02,79.47,6.12
2025-01-11,26.83,0.23,79.75,6.15
2025-01-12,26.92,4.4,80.19,5.71
2025-01-13,27.74,0.27,80.29,5.08
2025-01-14,26.79,7.24,84.87,5.96
2025-01-15,26.85,2.5,84.3,6.85
2025-01-16,26.67,0.69,80.87,6.93
2025-01-17,26.68,0.02,77.75,6.95
2025-01-18,26.0,7.89,81.29,6.13
2025-01-19,26.16,25.61,85.12,5.8
2025-01-20,26.78,1.05,83.51,4.09
2025-01-21,26.82,0.0,74.01,5.32
2025-01-22,27.13,0.93,78.39,4.78
2025-01-23,27.06,0.16,78.25,5.27
2025-01-24,26.88,0.02,75.96,5.27
2025-01-25,26.65,0.25,78.87,5.71
2025-01-26,26.55,0.0,77.44,6.34
2025-01-27,26.6,0.0,71.99,5.42
2025-01-28,26.73,0.0,72.9,4.51
2025-01-29,26.35,0.13,73.03,4.24
2025-01-30,27.19,2.21,79.22,3.77
2025-01-31,27.69,0.11,81.58,3.35
2025-02-01,27.59,0.05,81.48,3.56
2025-02-02,27.57,0.0,79.02,3.68
2025-02-03,27.48,0.0,76.1,3.58
2025-02-04,27.14,0.0,71.91,4.43
2025-02-05,27.08,0.0,75.92,4.67
2025-02-06,27.34,0.0,73.64,4.87
2025-02-07,27.24,0.0,70.88,5.13
2025-02-08,27.02,0.0,72.78,5.7
2025-02-09,27.5,0.0,72.91,5.15
2025-02-10,27.45,0.0,72.86,4.71
2025-02-11,27.36,0.0,72.76,4.53
2025-02-12,27.6,0.0,75.63,4.68
2025-02-13,27.27,0.0,72.89,4.04
2025-02-14,26.88,0.0,70.44,3.29
2025-02-15,27.33,0.0,71.12,3.26
2025-02-16,27.55,0.0,68.65,4.12
2025-02-17,27.19,0.0,66.34,4.49
2025-02-18,27.26,0.0,71.81,4.62
2025-02-19,27.48,0.0,70.97,3.3
2025-02-20,27.55,0.0,71.49,2.85
2025-02-21,27.69,0.0,72.45,4.2
2025-02-22,28.05,0.0,74.4,3.58
2025-02-23,28.04,0.0,73.6,3.9
2025-02-24,28.39,0.0,70.53,5.13
2025-02-25,28.47,0.0,73.5,5.08
2025-02-26,28.62,0.25,75.68,5.6
2025-02-27,28.97,0.17,74.79,6.05
2025-02-28,28.18,8.43,79.27,6.15
2025-03-01,27.99,19.22,82.69,2.37
2025-03-02,27.5,67.5,86.55,4.08
2025-03-03,28.04,0.57,79.38,3.43
2025-03-04,28.23,0.01,76.52,3.07
2025-03-05,28.14,0.0,73.75,2.27
2025-03-06,28.85,0.03,74.8,2.11
2025-03-07,28.63,0.08,74.18,2.16
2025-03-08,28.24,6.24,77.81,2.5
2025-03-09,28.83,2.34,70.91,3.19
2025-03-10,28.89,1.54,70.38,5.47
2025-03-11,27.92,20.24,85.64,5.11
2025-03-12,28.03,1.83,79.21,3.75
2025-03-13,27.89,0.09,77.74,2.58
2025-03-14,28.51,0.13,77.44,2.05
2025-03-15,28.33,0.08,75.41,2.38
2025-03-16,28.17,9.45,78.24,1.92
2025-03-17,28.84,4.31,76.14,1.51
2025-03-18,28.53,2.31,79.15,2.24
2025-03-19,28.25,2.07,78.27,1.85
2025-03-20,29.05,3.1,75.89,4.54
2025-03-21,29.1,2.05,77.96,3.29
2025-03-22,28.71,12.33,80.45,2.61
2025-03-23,28.87,4.88,77.46,3.41
2025-03-24,29.29,0.42,76.07,3.53
2025-03-25,29.24,0.19,73.77,2.87
2025-03-26,29.17,1.09,71.27,1.64
2025-03-27,29.17,3.0,74.23,2.71
2025-03-28,29.67,0.94,74.88,2.36
2025-03-29,29.83,0.27,72.74,2.21
2025-03-30,29.68,0.0,63.44,2.2
2025-03-31,29.56,0.04,65.67,2.32
2025-04-01,29.23,0.05,68.1,2.13
2025-04-02,28.85,13.43,76.02,2.79
2025-04-03,28.93,22.0,76.16,1.82
2025-04-04,29.36,6.23,71.61,1.55
2025-04-05,28.82,7.18,75.14,1.93
2025-04-06,28.97,9.14,78.85,2.54
2025-04-07,28.99,12.15,82.09,2.51
2025-04-08,29.07,5.55,81.88,2.16
2025-04-09,28.6,11.09,84.47,3.93
2025-04-10,29.29,1.33,78.94,4.68
2025-04-11,29.27,3.86,79.45,4.74
2025-04-12,29.11,2.06,79.28,4.45
2025-04-13,29.55,1.99,78.23,4.48
2025-04-14,29.66,4.43,80.26,3.49
2025-04-15,29.7,2.85,77.42,2.48
2025-04-16,29.59,1.12,77.55,3.05
2025-04-17,29.51,0.86,78.21,3.86
2025-04-18,29.02,2.47,82.34,4.09
2025-04-19,29.21,3.32,81.13,4.09
2025-04-20,29.39,3.31,79.54,3.78
2025-04-21,29.48,1.86,79.28,4.09
2025-04-22,29.18,1.91,80.22,3.48
2025-04-23,28.75,1.28,83.34,3.94
2025-04-24,29.24,2.28,82.33,4.21
2025-04-25,29.39,6.86,86.18,3.92
2025-04-26,29.15,3.04,86.5,3.16
2025-04-27,29.39,3.3,80.03,2.34
2025-04-28,29.02,1.13,79.14,2.5
2025-04-29,29.41,1.74,77.94,2.77
2025-04-30,28.95,3.68,83.11,3.91
2025-05-01,28.88,1.23,81.82,3.19
2025-05-02,29.63,1.46,79.72,3.57
2025-05-03,29.84,2.03,79.9,4.46
2025-05-04,30.1,2.01,81.06,3.78
2025-05-05,29.81,3.11,81.12,3.5
2025-05-06,29.61,3.66,77.2,3.97
2025-05-07,28.93,1.74,76.69,4.41
2025-05-08,29.81,1.44,73.96,3.98
2025-05-09,30.44,1.09,75.87,3.93
2025-05-10,30.44,0.36,73.36,4.19
2025-05-11,30.37,0.16,72.7,4.51
2025-05-12,30.07,2.05,77.91,5.21
2025-05-13,29.7,3.58,80.86,6.21
2025-05-14,29.73,3.49,80.51,5.07
2025-05-15,29.71,2.42,79.24,3.2
2025-05-16,29.84,2.84,80.16,4.71
2025-05-17,29.67,4.16,79.58,4.27
2025-05-18,29.77,9.57,79.47,4.22
2025-05-19,29.54,7.82,81.73,5.08
2025-05-20,29.53,5.53,80.18,5.36
2025-05-21,29.52,6.7,77.53,5.51
2025-05-22,29.74,2.8,76.2,4.92
2025-05-23,29.67,9.33,82.11,5.45
2025-05-24,29.2,10.97,83.25,5.0
2025-05-25,29.2,16.67,85.17,5.08
2025-05-26,29.13,10.58,83.89,6.42
2025-05-27,28.77,18.51,87.47,6.78
2025-05-28,29.0,15.04,87.92,7.38
2025-05-29,28.92,27.71,86.79,7.76
2025-05-30,28.49,3.97,82.28,7.84
2025-05-31,28.32,7.39,84.58,6.28
2025-06-01,28.19,0.87,89.33,4.95
2025-06-02,27.96,1.33,91.33,4.74
2025-06-03,28.04,1.92,91.07,4.42
2025-06-04,28.0,3.46,89.07,4.21
2025-06-05,28.01,4.61,91.9,3.74
2025-06-06,28.05,1.94,91.31,4.07
2025-06-07,27.98,0.87,90.21,4.23
2025-06-08,28.39,0.69,86.45,4.9
2025-06-09,28.22,1.26,86.25,4.69
2025-06-10,27.66,12.12,90.17,5.74
2025-06-11,27.32,9.76,89.99,6.28
2025-06-12,28.01,5.56,86.64,5.68
2025-06-13,27.9,23.78,86.53,5.9
2025-06-14,27.71,9.63,88.68,5.46
2025-06-15,27.44,9.93,87.16,6.39
2025-06-16,27.66,5.37,88.27,5.51
2025-06-17,27.45,8.1,91.66,4.46
2025-06-18,27.42,4.75,92.7,4.16
2025-06-19,27.55,2.87,88.91,5.14
2025-06-20,27.38,2.24,89.35,4.6
2025-06-21,27.36,2.49,91.42,4.88
2025-06-22,27.43,4.22,90.77,5.11
2025-06-23,27.6,2.37,85.85,4.03
2025-06-24,28.02,4.71,89.31,5.29
2025-06-25,28.03,8.48,90.15,4.81
2025-06-26,27.6,8.49,85.89,5.88
2025-06-27,27.08,7.75,85.21,4.33
2025-06-28,27.7,3.55,89.57,5.04
2025-06-29,27.67,1.98,85.06,4.95
2025-06-30,27.6,2.89,89.4,4.81
2025-07-01,27.6,2.24,89.82,4.66
2025-07-02,27.69,0.98,87.92,5.91
2025-07-03,27.59,1.09,86.09,4.62
2025-07-04,28.05,1.44,85.75,4.72
2025-07-05,27.93,1.75,88.46,4.72
2025-07-06,27.64,2.8,89.13,5.12
2025-07-07,27.77,1.25,89.21,5.3
2025-07-08,28.12,0.68,86.2,4.98
2025-07-09,28.27,0.48,86.52,5.59
2025-07-10,28.09,0.88,86.7,5.85
2025-07-11,27.87,1.06,88.19,6.33
2025-07-12,27.76,1.66,86.63,6.93
2025-07-13,27.58,2.25,86.59,6.2
2025-07-14,27.48,0.96,85.59,5.81
2025-07-15,27.42,0.5,84.52,6.05
2025-07-16,27.05,2.68,86.14,6.21
2025-07-17,27.14,1.62,85.09,7.03
2025-07-18,26.93,6.11,86.86,7.47
2025-07-19,26.95,0.52,85.44,7.89
2025-07-20,26.64,3.71,88.16,5.94
2025-07-21,26.91,4.08,86.82,6.06
2025-07-22,27.11,1.23,85.67,5.64
2025-07-23,26.84,4.83,88.77,5.9
2025-07-24,26.78,3.12,88.84,5.08
2025-07-25,26.48,2.02,89.19,4.69
2025-07-26,26.06,3.62,88.52,5.39
2025-07-27,26.19,2.95,87.79,4.37
2025-07-28,26.2,0.21,88.43,4.25
2025-07-29,26.31,0.75,89.06,5.74
2025-07-30,26.5,1.24,89.72,4.76
2025-07-31,26.33,1.27,91.46,5.17
2025-08-01,26.29,2.58,90.84,5.13
2025-08-02,25.99,4.65,90.25,4.76
2025-08-03,25.83,6.04,92.34,5.49
2025-08-04,26.08,0.74,87.92,5.53
2025-08-05,25.94,2.08,90.91,5.9
2025-08-06,26.09,0.31,88.21,4.86
2025-08-07,25.95,0.41,90.96,4.16
2025-08-08,26.24,0.99,90.13,3.83
2025-08-09,26.05,3.28,91.51,2.8
2025-08-10,25.97,3.3,91.51,2.63
2025-08-11,26.33,1.34,87.66,3.99
2025-08-12,26.26,1.84,86.15,5.39
2025-08-13,26.44,1.75,87.34,5.0
2025-08-14,26.69,0.73,89.55,4.6
2025-08-15,26.87,2.35,85.85,5.75
2025-08-16,26.7,1.68,87.09,5.71
2025-08-17,26.55,4.76,88.27,5.14
2025-08-18,26.81,3.4,90.32,4.48
2025-08-19,26.82,0.37,88.59,4.09
2025-08-20,26.88,0.14,87.26,3.44
2025-08-21,27.03,0.39,86.39,3.77
2025-08-22,27.22,0.66,85.75,4.47
2025-08-23,26.99,1.21,88.04,4.49
2025-08-24,27.05,0.81,88.39,3.93
2025-08-25,27.62,0.4,84.52,4.27
2025-08-26,27.22,1.18,85.81,4.6
2025-08-27,27.13,3.27,87.71,5.34
2025-08-28,26.85,4.58,87.54,5.79
2025-08-29,26.94,1.65,87.85,4.91
2025-08-30,26.81,1.41,86.84,4.71
2025-08-31,26.97,0.96,85.97,4.81
2025-09-01,26.74,1.63,88.87,5.16
2025-09-02,26.85,0.45,87.38,5.41
2025-09-03,26.88,1.47,86.33,5.36
2025-09-04,26.81,1.12,85.73,4.79
2025-09-05,26.9,0.19,84.98,4.69
2025-09-06,27.05,0.43,86.86,4.48
2025-09-07,26.98,0.83,86.49,4.53
2025-09-08,27.22,1.22,86.14,4.09
2025-09-09,27.2,1.69,88.67,3.65
2025-09-10,27.5,2.32,87.61,3.69
2025-09-11,27.49,2.79,87.63,4.37
2025-09-12,27.36,2.83,87.07,4.7
2025-09-13,27.53,1.97,85.55,4.15
2025-09-14,27.2,1.35,87.08,3.67
2025-09-15,27.22,1.88,87.46,4.23
2025-09-16,27.36,2.93,87.65,4.25
2025-09-17,27.52,3.58,85.69,4.23
2025-09-18,27.53,2.63,82.22,4.26
2025-09-19,27.23,0.96,87.98,4.07
2025-09-20,27.32,0.86,83.02,3.98
2025-09-21,27.4,0.81,85.64,4.57
2025-09-22,28.04,0.82,82.4,4.64
2025-09-23,28.06,4.79,83.34,5.31
2025-09-24,27.82,12.9,86.11,5.62
2025-09-25,27.22,14.61,87.91,6.88
2025-09-26,27.62,3.34,81.82,5.78
2025-09-27,27.9,7.24,83.37,4.97
2025-09-28,27.91,4.82,82.66,4.34
2025-09-29,27.57,1.21,87.69,4.68
2025-09-30,27.71,0.41,86.41,4.18
2025-10-01,28.02,0.42,85.15,4.46
2025-10-02,28.15,0.6,85.14,4.02
2025-10-03,28.3,1.79,85.18,3.16
2025-10-04,28.25,1.49,82.36,3.38
2025-10-05,28.0,3.42,83.63,3.35
2025-10-06,28.33,2.36,82.54,3.59
2025-10-07,28.4,1.27,80.17,4.34
2025-10-08,28.24,6.35,82.44,3.44
2025-10-09,28.32,5.61,81.37,3.51
2025-10-10,28.33,2.41,82.62,4.25
2025-10-11,28.46,3.32,81.9,3.82
2025-10-12,28.43,6.54,80.48,2.9
2025-10-13,28.58,3.17,80.58,2.58
2025-10-14,27.84,5.01,83.42,2.2
2025-10-15,27.69,10.8,81.53,2.09
2025-10-16,26.78,50.76,87.22,2.05
2025-10-17,27.35,10.59,86.8,3.48
2025-10-18,27.11,2.84,88.94,3.57
2025-10-19,26.89,10.57,88.3,2.99
2025-10-20,25.96,31.06,88.11,2.63
2025-10-21,26.05,2.33,85.12,3.75
2025-10-22,27.85,1.17,80.62,5.42
2025-10-23,27.8,9.93,87.45,4.49
2025-10-24,27.83,32.01,87.63,3.87
2025-10-25,27.78,11.73,87.53,4.2
2025-10-26,27.93,1.68,84.38,3.41
2025-10-27,27.87,6.31,87.09,4.48
2025-10-28,27.91,3.56,86.67,5.44
2025-10-29,28.0,1.94,84.52,5.06
2025-10-30,27.97,0.67,83.55,3.32
2025-10-31,28.09,0.05,83.45,3.14
2025-11-01,28.37,0.01,83.09,3.51
2025-11-02,27.92,0.01,80.78,4.45
2025-11-03,27.8,0.16,81.74,4.48
2025-11-04,27.91,0.19,83.01,5.57
2025-11-05,27.85,1.75,85.42,5.17
2025-11-06,27.95,0.78,81.69,5.21
2025-11-07,27.88,1.06,82.66,3.75
2025-11-08,27.83,2.25,79.87,2.24
2025-11-09,27.63,8.47,77.48,1.53
2025-11-10,27.17,10.92,83.36,2.41
2025-11-11,28.01,5.35,75.82,0.89
2025-11-12,28.5,3.7,76.85,1.61
2025-11-13,27.84,10.23,82.95,3.47
2025-11-14,27.83,1.81,79.89,4.42
2025-11-15,27.53,0.06,72.83,3.5
2025-11-16,27.7,1.9,80.86,4.1
2025-11-17,27.17,6.11,83.97,4.03
2025-11-18,26.4,111.45,87.47,3.9
2025-11-19,27.16,9.95,81.19,2.66
2025-11-20,27.92,0.24,79.75,4.32
2025-11-21,27.65,2.68,85.18,3.99
2025-11-22,27.41,7.31,86.79,3.1
2025-11-23,27.14,32.73,82.85,2.26
2025-11-24,26.88,17.1,87.78,4.4
2025-11-25,27.08,26.58,85.68,7.23
2025-11-26,26.44,6.12,86.28,7.03
2025-11-27,26.42,9.34,80.66,5.03
2025-11-28,25.54,4.02,75.0,4.77
2025-11-29,26.69,0.32,70.5,3.11
2025-11-30,27.09,0.94,78.04,3.67
2025-12-01,27.15,0.0,77.46,2.83
2025-12-02,26.85,0.11,78.0,3.29
2025-12-03,27.48,0.09,77.41,1.5
2025-12-04,27.3,1.15,82.97,3.12
2025-12-05,27.04,1.97,85.31,4.32
2025-12-06,27.27,6.28,83.12,4.85
2025-12-07,26.87,5.06,85.56,5.6
2025-12-08,26.68,0.02,82.33,5.1
2025-12-09,26.62,0.13,82.07,4.28
2025-12-10,26.47,0.32,85.6,5.63
2025-12-11,26.29,0.02,78.77,5.64
2025-12-12,26.31,1.1,82.31,4.97
2025-12-13,26.0,0.05,79.16,5.83
2025-12-14,25.29,0.0,73.56,5.56
2025-12-15,25.28,0.0,73.16,5.14
2025-12-16,26.24,0.07,83.44,4.99
2025-12-17,26.93,1.99,86.74,5.96
2025-12-18,25.84,0.05,80.05,6.82
2025-12-19,25.1,0.0,78.39,5.72
2025-12-20,25.42,0.0,73.11,4.59
2025-12-21,25.68,0.0,75.56,5.33
2025-12-22,25.72,0.0,75.66,5.47
2025-12-23,25.77,0.0,74.54,4.91
2025-12-24,26.16,0.0,76.55,4.53
2025-12-25,26.1,0.0,72.55,4.36
2025-12-26,26.34,0.0,75.14,4.55
2025-12-27,26.45,0.0,76.98,5.05
2025-12-28,26.51,0.0,77.25,4.48
2025-12-29,26.81,0.0,78.85,4.59
2025-12-30,27.43,0.0,73.04,2.61
2025-12-31,27.22,0.05,76.24,2.88
