Date,Temperature,Rainfall,Humidity,WindSpeed
2005-01-01,23.91,0.03,82.88,2.0
2005-01-02,23.6,0.05,82.98,2.2
2005-01-03,23.94,0.05,83.4,2.09
2005-01-04,23.56,0.0,80.36,2.42
2005-01-05,23.48,0.0,80.62,2.66
2005-01-06,22.73,0.0,78.71,2.61
2005-01-07,23.73,0.0,79.09,3.19
2005-01-08,23.83,0.0,79.08,2.78
2005-01-09,22.96,0.0,80.59,2.81
2005-01-10,22.86,0.0,76.14,2.04
2005-01-11,22.54,0.0,72.36,1.74
2005-01-12,22.81,0.0,75.06,1.96
2005-01-13,22.86,0.0,75.51,2.29
2005-01-14,23.14,0.0,76.34,2.63
2005-01-15,23.13,0.0,72.64,2.45
2005-01-16,23.7,0.0,75.95,2.28
2005-01-17,24.57,0.06,75.14,1.97
2005-01-18,25.49,0.25,76.68,1.92
2005-01-19,25.95,0.04,76.78,2.23
2005-01-20,25.85,0.34,75.74,3.23
2005-01-21,25.85,1.96,76.1,3.77
2005-01-22,25.61,1.88,78.16,3.13
2005-01-23,26.18,0.35,73.4,2.69
2005-01-24,25.76,0.04,77.68,2.12
2005-01-25,25.95,0.0,72.89,2.34
2005-01-26,25.97,0.0,72.54,2.35
2005-01-27,25.69,0.3,73.63,2.1
2005-01-28,25.14,0.25,75.38,1.48
2005-01-29,25.72,1.55,71.77,2.0
2005-01-30,26.0,0.99,73.78,1.99
2005-01-31,26.32,1.91,76.82,2.29
2005-02-01,26.52,0.6,77.38,2.44
2005-02-02,26.85,0.3,73.13,2.6
2005-02-03,26.56,0.8,72.45,2.76
2005-02-04,26.6,0.22,71.64,2.74
2005-02-05,26.86,0.0,66.87,2.39
2005-02-06,26.11,0.0,65.47,2.57
2005-02-07,25.2,0.0,67.88,2.55
2005-02-08,25.64,0.0,69.77,3.15
2005-02-09,25.68,0.0,68.27,3.52
2005-02-10,26.14,0.0,67.15,3.59
2005-02-11,26.09,0.0,66.52,3.18
2005-02-12,25.25,0.0,65.97,3.13
2005-02-13,25.3,0.0,64.53,2.66
2005-02-14,25.06,0.0,64.18,2.05
2005-02-15,25.88,0.0,62.45,1.3
2005-02-16,26.56,0.0,62.7,1.62
2005-02-17,26.7,0.0,63.03,1.69
2005-02-18,26.8,0.0,62.05,1.84
2005-02-19,26.72,0.0,65.67,1.83
2005-02-20,26.24,0.0,68.45,1.87
2005-02-21,27.29,0.01,67.06,1.83
2005-02-22,28.01,1.9,69.17,2.01
2005-02-23,28.88,0.34,66.34,2.31
2005-02-24,28.85,0.0,65.24,2.52
2005-02-25,27.86,0.0,62.9,2.13
2005-02-26,27.22,0.0,61.37,2.11
2005-02-27,27.43,0.0,58.4,2.25
2005-02-28,27.13,0.0,59.1,2.35
2005-03-01,27.62,0.0,64.62,2.57
2005-03-02,28.32,0.0,61.31,2.37
2005-03-03,28.77,0.0,61.31,2.44
2005-03-04,29.55,0.0,61.39,2.33
2005-03-05,29.91,0.85,64.18,2.69
2005-03-06,29.37,0.39,63.05,2.54
2005-03-07,28.82,0.07,65.96,2.53
2005-03-08,28.51,0.0,64.93,2.21
2005-03-09,28.63,0.0,65.76,2.23
2005-03-10,28.68,1.41,64.27,1.49
2005-03-11,29.18,1.14,63.77,1.78
2005-03-12,30.03,0.31,61.69,2.11
2005-03-13,29.77,6.61,64.66,1.78
2005-03-14,28.79,4.62,68.97,2.14
2005-03-15,28.76,0.0,61.26,2.26
2005-03-16,28.56,0.0,59.76,2.17
2005-03-17,28.02,0.0,61.14,2.79
2005-03-18,28.44,0.66,61.16,2.03
2005-03-19,29.33,1.34,61.49,2.22
2005-03-20,30.08,0.01,58.42,1.85
2005-03-21,30.83,0.0,55.6,2.18
2005-03-22,31.08,0.0,52.57,1.81
2005-03-23,31.69,0.0,51.3,2.15
2005-03-24,32.3,0.29,54.85,2.26
2005-03-25,32.34,0.1,55.33,2.22
2005-03-26,31.98,0.0,52.86,1.93
2005-03-27,32.5,0.01,50.33,2.17
2005-03-28,32.25,0.0,49.23,2.44
2005-03-29,32.93,0.0,51.03,2.2
2005-03-30,32.89,1.05,53.41,2.56
2005-03-31,32.19,0.06,56.5,2.13
2005-04-01,32.34,0.03,55.24,2.6
2005-04-02,31.57,1.7,60.1,2.88
2005-04-03,27.77,20.95,78.54,2.75
2005-04-04,26.23,20.37,90.14,4.09
2005-04-05,26.59,13.96,87.64,2.33
2005-04-06,27.03,18.67,83.2,1.26
2005-04-07,26.86,13.84,83.83,1.99
2005-04-08,27.28,0.67,78.63,1.97
2005-04-09,28.66,0.13,74.07,1.93
2005-04-10,28.74,0.43,75.3,1.52
2005-04-11,28.5,1.15,79.77,1.64
2005-04-12,28.24,0.54,80.9,1.17
2005-04-13,28.34,0.25,77.48,1.8
2005-04-14,29.04,0.02,71.98,1.62
2005-04-15,29.16,0.02,70.99,1.66
2005-04-16,29.83,0.28,67.02,1.73
2005-04-17,29.89,0.06,65.42,2.16
2005-04-18,29.49,0.12,68.29,2.05
2005-04-19,29.47,0.44,71.34,2.03
2005-04-20,27.81,10.58,79.48,1.72
2005-04-21,28.13,1.94,73.51,1.58
2005-04-22,28.19,0.51,73.97,1.48
2005-04-23,29.18,0.06,69.48,1.9
2005-04-24,29.63,0.05,68.33,1.9
2005-04-25,29.28,0.45,71.45,1.37
2005-04-26,30.42,0.32,65.32,1.67
2005-04-27,30.64,0.11,64.1,1.77
2005-04-28,31.5,0.01,63.67,1.86
2005-04-29,31.77,0.01,63.38,1.73
2005-04-30,29.87,21.4,76.29,2.05
2005-05-01,29.64,9.47,75.82,1.35
2005-05-02,28.61,3.23,80.19,1.42
2005-05-03,29.85,2.96,72.92,1.94
2005-05-04,28.92,5.38,76.83,1.43
2005-05-05,29.58,0.42,70.99,1.67
2005-05-06,30.4,0.97,66.63,2.1
2005-05-07,30.51,0.69,65.03,2.44
2005-05-08,30.39,0.0,64.33,2.29
2005-05-09,31.39,0.04,61.76,1.81
2005-05-10,30.89,0.0,58.89,3.28
2005-05-11,30.72,0.02,63.07,2.74
2005-05-12,31.17,0.38,64.76,2.8
2005-05-13,31.38,0.05,64.34,2.82
2005-05-14,30.32,0.2,69.19,2.97
2005-05-15,30.53,1.9,68.5,2.71
2005-05-16,29.35,0.06,68.25,2.14
2005-05-17,31.1,0.0,59.82,1.69
2005-05-18,32.04,0.0,58.07,2.1
2005-05-19,32.21,0.0,59.96,2.26
2005-05-20,32.06,0.0,62.73,2.72
2005-05-21,32.27,0.04,60.99,2.51
2005-05-22,32.07,0.06,61.0,2.11
2005-05-23,31.97,0.17,62.08,1.6
2005-05-24,31.17,0.01,64.02,1.77
2005-05-25,31.25,0.06,62.83,2.14
2005-05-26,30.29,13.94,68.93,2.04
2005-05-27,29.32,1.47,74.7,2.0
2005-05-28,28.43,2.85,71.93,2.29
2005-05-29,29.51,2.57,68.11,2.32
2005-05-30,29.09,0.04,70.68,2.55
2005-05-31,30.21,0.5,66.03,2.31
2005-06-01,30.41,0.07,65.98,2.94
2005-06-02,31.12,0.06,63.33,2.87
2005-06-03,30.2,0.01,68.89,1.57
2005-06-04,30.14,0.43,69.33,2.17
2005-06-05,29.5,0.71,72.01,2.72
2005-06-06,29.69,0.1,69.34,2.56
2005-06-07,29.75,0.13,69.26,2.76
2005-06-08,30.48,0.28,68.5,3.45
2005-06-09,28.75,1.44,71.66,3.96
2005-06-10,28.91,0.53,62.31,3.32
2005-06-11,30.09,0.1,64.31,3.3
2005-06-12,31.7,0.15,56.57,3.56
2005-06-13,31.36,0.41,58.38,3.4
2005-06-14,30.08,0.01,60.71,3.65
2005-06-15,31.06,0.16,56.87,2.99
2005-06-16,30.91,0.92,61.3,3.69
2005-06-17,29.91,0.17,63.88,4.28
2005-06-18,29.55,0.16,60.74,4.36
2005-06-19,29.7,0.56,63.15,3.99
2005-06-20,28.96,1.07,66.79,4.06
2005-06-21,28.96,0.31,65.63,4.08
2005-06-22,29.74,0.11,58.44,4.78
2005-06-23,30.44,0.0,55.84,4.23
2005-06-24,31.12,0.11,55.98,4.27
2005-06-25,30.95,0.37,59.13,3.52
2005-06-26,30.66,0.1,59.6,4.1
2005-06-27,30.31,0.03,59.14,3.88
2005-06-28,30.15,0.06,58.3,4.09
2005-06-29,29.82,0.07,57.75,3.72
2005-06-30,30.7,0.48,57.52,3.34
2005-07-01,29.83,0.58,63.88,3.56
2005-07-02,30.26,0.21,59.47,3.39
2005-07-03,30.17,0.17,59.76,3.7
2005-07-04,29.48,0.58,64.13,3.49
2005-07-05,29.55,0.1,62.69,4.24
2005-07-06,29.59,0.09,59.53,5.11
2005-07-07,30.63,0.02,53.01,4.74
2005-07-08,30.82,0.1,57.88,3.86
2005-07-09,30.36,0.3,57.1,5.21
2005-07-10,29.4,0.76,58.94,4.43
2005-07-11,30.0,0.13,57.59,4.26
2005-07-12,30.19,0.01,58.46,3.19
2005-07-13,29.12,1.84,65.68,3.28
2005-07-14,28.82,14.67,69.68,2.71
2005-07-15,27.93,2.73,74.76,1.83
2005-07-16,28.24,0.44,73.52,1.46
2005-07-17,28.69,1.09,70.42,2.05
2005-07-18,29.85,0.06,64.49,2.3
2005-07-19,29.59,0.02,65.79,3.0
2005-07-20,29.32,0.19,66.03,3.15
2005-07-21,29.04,0.0,63.8,3.99
2005-07-22,29.49,0.18,61.78,3.88
2005-07-23,28.9,0.44,65.76,3.93
2005-07-24,29.49,0.24,60.99,4.98
2005-07-25,28.96,0.17,59.88,5.94
2005-07-26,29.82,0.43,57.32,6.22
2005-07-27,30.19,0.39,58.52,5.08
2005-07-28,29.7,0.56,60.49,4.74
2005-07-29,28.94,1.02,62.57,4.95
2005-07-30,29.33,0.7,61.0,5.44
2005-07-31,30.0,0.57,60.1,5.94
2005-08-01,29.44,0.74,60.34,6.07
2005-08-02,29.41,0.29,57.37,6.22
2005-08-03,30.19,0.04,50.67,5.01
2005-08-04,29.63,0.06,58.21,4.37
2005-08-05,30.47,0.04,54.67,4.94
2005-08-06,31.36,0.0,51.07,4.82
2005-08-07,31.59,0.0,51.12,4.56
2005-08-08,31.04,0.01,52.06,4.55
2005-08-09,30.72,0.06,54.23,4.26
2005-08-10,30.71,0.24,56.61,4.99
2005-08-11,30.43,1.47,58.42,4.77
2005-08-12,30.93,0.37,55.26,4.88
2005-08-13,31.29,0.05,53.26,4.65
2005-08-14,31.44,0.57,53.58,4.82
2005-08-15,31.21,0.16,53.18,4.57
2005-08-16,30.67,0.15,53.19,4.97
2005-08-17,31.37,0.0,51.01,4.47
2005-08-18,31.34,0.0,48.37,4.36
2005-08-19,30.86,0.05,52.69,4.13
2005-08-20,31.39,0.0,50.69,3.66
2005-08-21,32.0,0.22,48.62,2.77
2005-08-22,31.06,0.24,53.78,2.44
2005-08-23,30.5,2.5,57.48,2.41
2005-08-24,30.11,1.57,59.41,1.89
2005-08-25,29.62,17.3,64.19,1.94
2005-08-26,28.56,10.1,72.01,2.01
2005-08-27,27.32,1.97,78.55,1.32
2005-08-28,29.7,0.27,66.46,1.96
2005-08-29,30.17,0.09,65.42,2.14
2005-08-30,31.18,0.09,58.91,1.98
2005-08-31,30.02,7.37,65.19,2.79
2005-09-01,29.21,0.72,70.23,1.88
2005-09-02,28.16,26.71,79.04,1.91
2005-09-03,27.82,7.04,81.12,2.06
2005-09-04,27.74,5.95,81.45,1.79
2005-09-05,27.62,1.23,76.77,2.81
2005-09-06,27.64,1.0,74.83,2.52
2005-09-07,27.47,2.97,74.85,2.72
2005-09-08,28.43,0.29,72.45,3.02
2005-09-09,29.29,0.11,67.25,3.63
2005-09-10,28.26,2.0,70.64,3.51
2005-09-11,28.07,1.1,69.22,3.61
2005-09-12,27.94,0.17,70.68,3.56
2005-09-13,28.15,0.08,69.51,3.0
2005-09-14,28.77,0.02,69.03,2.1
2005-09-15,27.67,24.53,73.78,2.15
2005-09-16,28.0,0.59,74.12,2.06
2005-09-17,29.52,0.0,64.94,2.54
2005-09-18,29.74,0.0,60.83,3.77
2005-09-19,28.81,0.05,61.41,4.88
2005-09-20,28.53,0.19,64.84,4.57
2005-09-21,29.3,0.1,64.13,3.13
2005-09-22,30.12,0.32,62.79,2.29
2005-09-23,29.57,0.01,64.68,2.21
2005-09-24,29.65,0.66,63.44,2.12
2005-09-25,29.68,2.43,64.75,1.96
2005-09-26,29.33,0.09,66.08,1.89
2005-09-27,29.48,0.0,63.33,1.71
2005-09-28,28.14,10.67,71.65,2.23
2005-09-29,29.13,0.35,68.47,1.81
2005-09-30,29.61,0.31,64.92,1.97
2005-10-01,28.62,0.12,66.45,2.26
2005-10-02,27.83,5.0,73.49,1.33
2005-10-03,28.75,2.32,71.43,1.56
2005-10-04,28.33,19.43,74.85,0.92
2005-10-05,28.32,2.1,72.59,1.23
2005-10-06,29.02,0.06,70.66,1.49
2005-10-07,28.81,1.85,72.83,1.52
2005-10-08,28.28,33.8,77.31,0.79
2005-10-09,27.32,9.93,80.28,1.56
2005-10-10,26.49,13.43,82.6,1.58
2005-10-11,26.12,13.76,84.1,1.11
2005-10-12,26.16,8.19,84.28,1.06
2005-10-13,26.39,3.82,84.13,2.28
2005-10-14,27.16,0.72,79.12,2.12
2005-10-15,27.47,0.18,80.32,1.58
2005-10-16,27.65,0.3,79.51,0.78
2005-10-17,27.29,1.35,81.29,0.69
2005-10-18,26.55,10.82,84.56,0.88
2005-10-19,26.06,2.98,84.66,1.42
2005-10-20,27.16,0.78,78.18,1.49
2005-10-21,26.82,65.77,84.81,1.24
2005-10-22,26.44,27.28,89.32,1.03
2005-10-23,26.25,6.52,88.18,1.59
2005-10-24,25.66,47.18,88.12,0.8
2005-10-25,25.02,26.18,92.52,1.81
2005-10-26,25.26,4.14,85.9,2.02
2005-10-27,25.96,1.92,84.73,2.39
2005-10-28,26.68,0.21,83.1,2.35
2005-10-29,27.11,1.2,82.28,1.97
2005-10-30,26.95,9.85,84.48,1.78
2005-10-31,26.97,1.26,86.78,1.48
2005-11-01,26.22,8.37,87.95,1.29
2005-11-02,25.48,7.81,90.38,1.72
2005-11-03,24.62,3.63,89.72,1.9
2005-11-04,24.67,20.96,92.04,2.02
2005-11-05,24.67,24.5,90.65,2.92
2005-11-06,25.03,30.2,92.93,2.86
2005-11-07,24.37,31.31,92.56,4.18
2005-11-08,24.55,19.58,91.84,3.49
2005-11-09,24.19,5.99,94.12,3.74
2005-11-10,24.2,1.46,93.18,2.33
2005-11-11,24.34,6.96,93.9,1.1
2005-11-12,24.2,14.21,94.48,2.3
2005-11-13,21.68,4.53,90.71,1.84
2005-11-14,23.11,0.25,84.37,2.02
2005-11-15,23.47,0.01,87.82,2.06
2005-11-16,22.05,0.0,83.12,2.33
2005-11-17,21.6,0.01,82.56,1.96
2005-11-18,22.19,0.16,83.23,2.11
2005-11-19,22.77,2.09,87.08,2.14
2005-11-20,23.14,1.38,89.68,2.48
2005-11-21,23.2,21.67,93.14,3.67
2005-11-22,24.97,36.41,95.58,4.19
2005-11-23,24.92,85.27,95.38,3.71
2005-11-24,23.6,62.81,94.6,3.33
2005-11-25,24.41,8.39,91.89,2.07
2005-11-26,24.25,1.72,90.52,2.33
2005-11-27,24.56,1.73,90.9,2.66
2005-11-28,23.3,0.09,88.16,2.86
2005-11-29,21.4,0.56,87.33,2.26
2005-11-30,22.78,0.36,80.62,1.77
2005-12-01,23.93,0.02,83.49,1.17
2005-12-02,24.95,1.37,85.25,1.14
2005-12-03,24.36,22.0,91.89,1.41
2005-12-04,25.23,10.57,92.43,1.69
2005-12-05,24.86,3.61,90.82,2.5
2005-12-06,24.18,0.19,88.79,2.68
2005-12-07,23.19,0.0,88.87,2.41
2005-12-08,21.3,0.01,84.69,2.09
2005-12-09,23.1,13.5,85.03,2.87
2005-12-10,23.06,21.65,90.76,4.21
2005-12-11,24.23,13.98,94.39,2.97
2005-12-12,24.21,4.7,93.97,2.36
2005-12-13,24.7,5.92,93.37,2.86
2005-12-14,24.33,1.23,89.98,2.87
2005-12-15,23.15,0.31,89.92,2.84
2005-12-16,22.25,0.02,87.42,2.96
2005-12-17,22.78,1.56,90.31,3.22
2005-12-18,24.06,2.94,90.68,3.08
2005-12-19,24.48,0.11,87.72,2.56
2005-12-20,24.72,0.27,87.56,2.05
2005-12-21,25.17,0.07,87.6,2.06
2005-12-22,25.45,1.09,83.91,1.35
2005-12-23,24.74,3.18,87.38,1.23
2005-12-24,24.41,0.0,87.35,1.47
2005-12-25,23.82,0.0,88.3,2.04
2005-12-26,22.59,0.0,86.28,2.35
2005-12-27,21.79,0.0,84.12,2.07
2005-12-28,22.34,0.19,88.73,2.21
2005-12-29,22.34,0.06,86.4,2.24
2005-12-30,21.63,0.0,83.78,2.1
2005-12-31,22.18,0.02,84.22,2.72
2006-01-01,21.98,0.01,83.34,2.97
2006-01-02,22.08,0.01,85.34,2.57
2006-01-03,22.16,0.0,88.81,2.38
2006-01-04,23.14,0.34,87.14,2.5
2006-01-05,23.81,3.04,90.62,2.94
2006-01-06,23.53,0.01,86.91,2.75
2006-01-07,24.29,1.0,89.91,2.83
2006-01-08,23.88,11.77,93.62,2.54
2006-01-09,24.51,1.27,90.64,2.59
2006-01-10,24.12,0.03,87.5,3.03
2006-01-11,22.65,0.06,87.12,2.64
2006-01-12,23.29,0.12,87.81,3.08
2006-01-13,23.21,0.42,88.0,2.93
2006-01-14,23.64,0.55,90.26,2.44
2006-01-15,24.51,0.07,88.18,2.46
2006-01-16,24.72,0.74,87.18,2.5
2006-01-17,24.02,0.02,87.09,1.99
2006-01-18,22.47,0.0,83.89,1.9
2006-01-19,21.3,0.0,83.95,1.51
2006-01-20,20.81,0.0,83.31,1.42
2006-01-21,21.09,0.0,83.39,1.32
2006-01-22,21.94,0.0,78.28,1.33
2006-01-23,22.31,0.0,70.89,0.99
2006-01-24,22.43,0.0,71.15,1.13
2006-01-25,22.55,0.0,83.2,1.58
2006-01-26,21.97,0.01,82.24,2.28
2006-01-27,23.11,0.43,84.19,3.2
2006-01-28,22.59,0.0,82.74,3.05
2006-01-29,21.31,0.0,79.43,2.56
2006-01-30,21.54,0.0,78.66,2.14
2006-01-31,21.97,0.0,80.27,2.59
2006-02-01,22.4,0.0,80.69,2.74
2006-02-02,23.26,0.01,81.21,2.64
2006-02-03,23.9,0.06,82.34,3.02
2006-02-04,24.73,0.15,83.29,3.33
2006-02-05,24.58,0.01,82.5,2.68
2006-02-06,22.85,0.0,79.07,2.55
2006-02-07,21.68,0.0,77.74,2.31
2006-02-08,21.99,0.0,76.96,2.59
2006-02-09,23.38,0.01,81.49,2.63
2006-02-10,23.85,0.01,75.36,2.79
2006-02-11,23.89,0.0,78.7,2.68
2006-02-12,24.09,0.0,75.21,2.8
2006-02-13,22.61,0.0,76.86,2.29
2006-02-14,22.66,0.0,71.8,1.68
2006-02-15,24.17,0.0,73.7,1.72
2006-02-16,24.61,0.0,71.88,1.44
2006-02-17,25.17,0.0,71.68,1.36
2006-02-18,25.05,0.0,72.86,1.82
2006-02-19,25.21,0.0,71.59,1.72
2006-02-20,24.59,0.0,70.73,2.08
2006-02-21,24.6,0.0,71.0,1.95
2006-02-22,24.47,0.0,67.87,1.79
2006-02-23,24.35,0.0,68.87,2.12
2006-02-24,25.13,0.0,68.33,2.16
2006-02-25,26.25,0.0,67.53,1.55
2006-02-26,26.51,0.0,67.63,1.99
2006-02-27,27.44,0.0,70.08,1.81
2006-02-28,28.51,0.0,69.89,1.73
2006-03-01,28.71,0.0,67.45,1.63
2006-03-02,28.26,1.45,74.18,2.2
2006-03-03,26.77,13.06,82.7,1.65
2006-03-04,27.18,2.42,77.46,1.94
2006-03-05,28.46,0.23,71.02,2.1
2006-03-06,27.99,2.12,73.2,1.88
2006-03-07,27.38,0.12,71.57,1.57
2006-03-08,27.72,0.02,69.76,2.29
2006-03-09,26.58,1.99,78.62,1.67
2006-03-10,27.45,0.79,74.97,1.78
2006-03-11,27.82,14.47,76.73,1.35
2006-03-12,26.98,3.83,80.08,1.67
2006-03-13,28.09,0.01,71.77,1.4
2006-03-14,27.99,0.0,69.92,1.5
2006-03-15,28.66,0.03,66.04,1.78
2006-03-16,27.79,0.0,70.65,0.98
2006-03-17,29.02,0.0,64.28,1.69
2006-03-18,29.3,0.0,60.66,2.25
2006-03-19,28.51,0.0,66.51,2.86
2006-03-20,28.47,0.0,64.33,2.72
2006-03-21,27.61,0.0,62.72,2.6
2006-03-22,28.1,0.01,55.64,1.57
2006-03-23,29.01,0.0,55.89,2.1
2006-03-24,29.68,0.11,59.26,1.83
2006-03-25,30.07,0.0,60.46,2.04
2006-03-26,30.07,0.16,56.77,1.81
2006-03-27,30.26,0.0,54.95,2.05
2006-03-28,29.83,0.0,61.66,1.98
2006-03-29,29.79,0.0,62.99,1.87
2006-03-30,30.13,0.09,62.84,2.14
2006-03-31,30.21,0.01,58.99,2.06
2006-04-01,29.96,0.0,57.94,1.9
2006-04-02,29.9,0.0,55.86,1.82
2006-04-03,30.13,0.0,54.2,1.88
2006-04-04,30.45,0.0,56.06,2.03
2006-04-05,30.72,0.0,59.15,2.48
2006-04-06,31.58,0.0,54.66,2.27
2006-04-07,32.13,0.0,52.58,1.99
2006-04-08,32.04,0.0,52.47,1.91
2006-04-09,31.71,0.01,55.59,2.52
2006-04-10,31.63,0.05,53.33,2.4
2006-04-11,32.1,0.06,53.64,2.28
2006-04-12,32.67,0.04,54.73,2.46
2006-04-13,32.32,0.27,56.06,3.01
2006-04-14,29.92,0.38,65.68,2.69
2006-04-15,30.24,0.58,60.4,1.83
2006-04-16,29.15,0.11,65.09,2.83
2006-04-17,29.52,19.7,67.58,1.68
2006-04-18,28.24,7.26,76.98,2.09
2006-04-19,30.2,0.23,63.78,1.92
2006-04-20,29.81,0.29,64.55,1.87
2006-04-21,30.67,0.17,57.57,1.84
2006-04-22,30.43,0.0,53.82,1.65
2006-04-23,30.88,0.0,52.92,1.82
2006-04-24,31.08,0.0,54.05,2.06
2006-04-25,31.83,0.14,54.37,1.84
2006-04-26,32.66,0.05,55.15,1.82
2006-04-27,33.5,0.0,52.94,2.21
2006-04-28,34.09,0.0,49.11,2.88
2006-04-29,32.95,0.0,50.42,3.03
2006-04-30,34.57,0.0,46.52,2.32
2006-05-01,34.44,0.0,46.85,2.87
2006-05-02,33.48,0.07,52.42,2.81
2006-05-03,31.6,0.97,61.91,2.06
2006-05-04,29.88,0.49,68.58,1.91
2006-05-05,29.77,0.03,68.11,2.94
2006-05-06,31.01,0.0,61.51,2.45
2006-05-07,31.5,0.03,58.77,2.69
2006-05-08,30.83,0.08,62.18,2.72
2006-05-09,30.64,0.16,63.03,2.49
2006-05-10,30.35,0.19,64.84,2.46
2006-05-11,32.3,0.14,56.84,3.02
2006-05-12,33.08,0.26,52.48,2.4
2006-05-13,32.24,0.04,54.31,1.36
2006-05-14,32.47,0.08,52.34,1.91
2006-05-15,32.8,1.26,51.47,2.41
2006-05-16,30.62,20.12,67.24,1.79
2006-05-17,29.75,1.24,69.01,2.25
2006-05-18,27.59,32.08,78.23,2.92
2006-05-19,28.1,6.62,74.98,3.03
2006-05-20,29.97,0.0,61.53,1.8
2006-05-21,30.53,1.52,61.97,2.32
2006-05-22,31.17,0.56,60.53,3.02
2006-05-23,30.97,0.79,61.62,3.5
2006-05-24,30.75,0.35,61.32,3.48
2006-05-25,29.85,0.4,64.4,3.57
2006-05-26,29.36,3.23,65.13,4.19
2006-05-27,28.1,0.87,66.31,4.14
2006-05-28,28.54,5.19,70.16,3.97
2006-05-29,28.86,1.19,68.44,4.5
2006-05-30,28.78,3.51,70.06,4.08
2006-05-31,28.73,1.36,68.61,3.93
2006-06-01,29.74,0.04,63.5,3.19
2006-06-02,29.27,2.63,67.64,2.43
2006-06-03,30.04,1.0,64.28,2.82
2006-06-04,29.26,0.12,62.78,2.75
2006-06-05,29.5,0.12,60.81,3.46
2006-06-06,29.21,0.08,64.91,2.64
2006-06-07,29.05,0.02,63.33,2.77
2006-06-08,30.07,0.0,59.01,2.53
2006-06-09,29.87,0.32,60.85,3.04
2006-06-10,30.05,0.0,59.9,2.67
2006-06-11,29.9,0.0,59.39,2.43
2006-06-12,30.69,0.0,56.79,2.34
2006-06-13,31.41,0.56,56.54,2.06
2006-06-14,30.12,0.2,61.02,2.22
2006-06-15,30.55,0.16,63.17,1.83
2006-06-16,27.88,4.71,73.68,2.83
2006-06-17,30.15,0.36,60.73,2.26
2006-06-18,29.82,0.39,64.27,1.8
2006-06-19,29.39,0.52,69.62,1.87
2006-06-20,27.9,1.19,73.69,2.65
2006-06-21,28.89,1.1,70.04,2.02
2006-06-22,28.21,1.59,74.83,2.53
2006-06-23,29.15,3.11,69.25,3.91
2006-06-24,30.01,0.71,64.28,3.86
2006-06-25,29.85,0.65,59.26,5.01
2006-06-26,29.76,0.15,62.07,3.56
2006-06-27,30.55,0.08,62.04,3.3
2006-06-28,29.66,0.12,62.3,4.25
2006-06-29,29.57,2.93,62.29,4.28
2006-06-30,29.11,0.09,64.95,4.19
2006-07-01,30.22,0.03,57.78,5.18
2006-07-02,29.33,0.12,59.47,5.28
2006-07-03,29.73,0.66,58.19,5.81
2006-07-04,29.19,0.58,59.38,5.6
2006-07-05,30.03,0.32,57.83,4.83
2006-07-06,30.31,0.12,57.09,4.44
2006-07-07,30.36,0.2,57.97,4.47
2006-07-08,31.69,0.02,55.1,4.72
2006-07-09,31.11,0.05,55.68,4.81
2006-07-10,30.54,0.89,57.05,4.56
2006-07-11,30.44,0.26,58.0,4.91
2006-07-12,28.85,0.62,63.65,4.41
2006-07-13,28.84,0.16,60.89,5.13
2006-07-14,29.13,0.3,61.33,4.5
2006-07-15,30.2,0.22,59.26,5.05
2006-07-16,30.77,0.05,56.95,5.26
2006-07-17,30.16,0.23,57.53,5.37
2006-07-18,30.27,0.93,56.9,5.01
2006-07-19,30.87,0.2,54.73,4.48
2006-07-20,31.06,0.12,54.33,4.55
2006-07-21,31.25,0.01,52.77,4.73
2006-07-22,30.75,0.0,51.91,4.23
2006-07-23,31.64,0.11,49.97,3.65
2006-07-24,31.31,0.02,50.9,3.4
2006-07-25,30.98,0.05,52.82,2.42
2006-07-26,29.42,0.16,59.82,2.41
2006-07-27,29.72,0.17,55.55,4.22
2006-07-28,29.75,0.23,51.74,5.27
2006-07-29,30.5,0.15,53.05,4.35
2006-07-30,30.89,0.04,53.34,4.18
2006-07-31,30.03,0.05,56.34,4.62
2006-08-01,30.47,0.02,54.9,4.18
2006-08-02,31.31,0.02,51.24,5.09
2006-08-03,30.39,0.05,52.8,5.46
2006-08-04,30.14,0.06,53.96,4.6
2006-08-05,30.73,0.0,51.49,3.89
2006-08-06,31.78,0.01,49.1,3.25
2006-08-07,32.02,0.43,49.64,3.13
2006-08-08,31.51,0.05,50.7,3.69
2006-08-09,30.86,0.37,53.97,4.17
2006-08-10,29.64,1.26,57.21,4.67
2006-08-11,29.9,0.44,60.05,4.56
2006-08-12,29.99,0.41,58.22,4.83
2006-08-13,30.04,0.43,56.68,5.41
2006-08-14,29.98,0.76,58.19,5.1
2006-08-15,30.48,0.77,57.55,5.36
2006-08-16,29.34,0.16,55.23,6.09
2006-08-17,30.55,0.2,52.02,5.41
2006-08-18,29.66,12.86,61.31,3.63
2006-08-19,29.78,0.1,63.9,2.29
2006-08-20,28.54,45.07,72.4,2.21
2006-08-21,26.7,32.11,85.01,1.73
2006-08-22,26.78,3.99,83.41,1.72
2006-08-23,27.56,5.82,77.5,1.38
2006-08-24,27.18,27.97,80.01,1.75
2006-08-25,27.18,12.41,81.28,2.15
2006-08-26,27.27,0.02,73.26,2.52
2006-08-27,26.59,0.0,72.4,2.77
2006-08-28,27.89,0.06,67.71,3.5
2006-08-29,28.6,0.18,66.99,3.81
2006-08-30,29.04,0.0,66.64,2.7
2006-08-31,29.16,1.3,67.64,2.19
2006-09-01,28.32,26.47,75.37,1.78
2006-09-02,27.01,13.24,82.69,1.63
2006-09-03,27.24,1.65,82.12,1.5
2006-09-04,27.2,1.82,81.5,1.48
2006-09-05,26.71,0.0,80.82,1.82
2006-09-06,27.18,0.66,80.24,1.39
2006-09-07,26.65,10.4,85.68,1.7
2006-09-08,26.85,5.01,83.55,2.38
2006-09-09,26.02,2.54,85.07,3.0
2006-09-10,26.58,0.32,80.89,3.14
2006-09-11,26.71,1.78,81.7,2.97
2006-09-12,27.57,0.81,76.83,2.54
2006-09-13,27.7,0.81,73.9,2.87
2006-09-14,25.74,0.19,79.47,2.49
2006-09-15,26.39,2.38,80.59,2.96
2006-09-16,26.22,1.97,83.9,3.34
2006-09-17,26.41,0.54,81.85,3.16
2006-09-18,26.96,1.28,78.94,3.28
2006-09-19,27.91,0.04,73.93,2.94
2006-09-20,27.45,0.32,78.0,3.12
2006-09-21,27.72,0.98,75.98,2.76
2006-09-22,27.79,0.25,73.76,2.03
2006-09-23,27.89,0.18,75.34,2.33
2006-09-24,26.94,3.99,81.57,2.32
2006-09-25,25.52,2.66,81.02,2.25
2006-09-26,27.4,0.13,71.35,2.82
2006-09-27,27.86,3.32,67.97,1.87
2006-09-28,28.47,2.61,68.66,2.79
2006-09-29,27.3,5.02,71.35,3.15
2006-09-30,28.89,0.12,67.25,2.75
2006-10-01,28.55,0.52,68.65,2.76
2006-10-02,28.92,0.54,66.52,2.15
2006-10-03,29.15,0.02,66.3,2.27
2006-10-04,29.04,6.67,70.98,2.24
2006-10-05,29.01,0.2,68.78,2.32
2006-10-06,29.13,2.15,68.95,2.49
2006-10-07,27.15,14.91,82.74,2.41
2006-10-08,27.53,4.55,77.73,2.91
2006-10-09,27.27,1.11,73.22,2.53
2006-10-10,27.51,0.63,76.39,1.55
2006-10-11,28.76,1.09,72.07,1.67
2006-10-12,28.48,1.63,71.2,1.51
2006-10-13,28.62,0.54,70.78,1.56
2006-10-14,28.5,1.21,70.1,1.42
2006-10-15,27.5,7.92,78.63,1.34
2006-10-16,26.99,5.98,82.18,1.78
2006-10-17,26.36,10.22,85.24,1.75
2006-10-18,27.15,5.77,81.79,2.18
2006-10-19,26.47,19.23,85.77,1.62
2006-10-20,26.35,14.94,83.01,1.82
2006-10-21,26.46,5.63,79.46,1.95
2006-10-22,26.5,3.35,80.94,2.56
2006-10-23,25.42,20.72,88.63,2.28
2006-10-24,25.25,9.21,91.0,2.42
2006-10-25,25.85,7.3,86.33,2.79
2006-10-26,25.69,10.28,88.49,2.48
2006-10-27,24.98,16.95,91.66,2.14
2006-10-28,25.86,19.63,83.79,1.08
2006-10-29,25.99,4.22,88.01,2.47
2006-10-30,26.07,2.82,87.75,2.12
2006-10-31,25.71,1.26,87.83,1.91
2006-11-01,25.73,5.5,86.4,1.5
2006-11-02,25.28,10.28,90.63,2.02
2006-11-03,24.86,15.67,91.85,2.34
2006-11-04,24.11,4.88,91.12,1.23
2006-11-05,25.5,0.54,87.57,1.86
2006-11-06,25.29,4.81,90.07,1.45
2006-11-07,24.68,3.49,91.45,2.08
2006-11-08,24.73,1.92,89.81,1.78
2006-11-09,24.76,5.62,90.68,1.33
2006-11-10,25.22,4.09,89.25,2.15
2006-11-11,25.28,2.14,89.04,2.26
2006-11-12,25.15,1.87,90.35,2.05
2006-11-13,24.8,2.08,89.67,1.8
2006-11-14,24.91,1.97,90.2,2.3
2006-11-15,25.0,6.51,90.14,2.41
2006-11-16,24.94,2.82,89.58,2.38
2006-11-17,24.89,29.3,92.38,2.23
2006-11-18,25.21,11.25,90.37,1.6
2006-11-19,25.65,0.67,89.57,2.04
2006-11-20,25.77,4.67,88.6,2.29
2006-11-21,25.0,5.15,89.91,2.85
2006-11-22,24.25,1.0,89.82,2.24
2006-11-23,24.58,7.77,83.58,2.04
2006-11-24,24.36,0.89,85.43,2.1
2006-11-25,24.9,0.09,88.46,2.07
2006-11-26,25.65,10.1,88.98,2.1
2006-11-27,25.2,14.51,92.59,2.06
2006-11-28,25.38,0.57,86.27,2.4
2006-11-29,24.78,0.03,86.9,2.59
2006-11-30,24.55,0.01,86.34,2.8
2006-12-01,23.64,0.0,84.9,2.81
2006-12-02,23.65,0.33,83.7,2.74
2006-12-03,24.0,0.5,85.0,3.06
2006-12-04,24.04,0.17,84.82,3.03
2006-12-05,23.96,0.02,83.42,3.35
2006-12-06,22.53,0.0,83.68,2.71
2006-12-07,22.57,0.0,82.99,2.85
2006-12-08,22.93,0.0,82.59,2.62
2006-12-09,23.22,1.36,81.82,2.49
2006-12-10,24.18,5.76,87.5,3.04
2006-12-11,25.15,13.77,90.1,2.31
2006-12-12,25.39,2.97,87.75,2.35
2006-12-13,24.68,0.01,85.31,2.99
2006-12-14,23.98,0.0,82.6,3.31
2006-12-15,23.53,0.0,82.36,3.14
2006-12-16,22.91,0.0,80.29,3.47
2006-12-17,23.2,0.0,79.95,3.28
2006-12-18,23.31,0.0,81.54,3.02
2006-12-19,23.73,0.1,81.57,3.3
2006-12-20,23.62,0.38,82.72,3.24
2006-12-21,23.47,0.92,82.67,3.6
2006-12-22,23.84,0.06,82.73,3.5
2006-12-23,23.73,0.42,82.34,3.35
2006-12-24,23.59,0.04,82.29,3.23
2006-12-25,23.4,0.04,80.38,3.12
2006-12-26,23.37,0.02,77.9,3.0
2006-12-27,23.68,0.0,79.85,2.92
2006-12-28,23.48,0.0,75.24,2.7
2006-12-29,22.85,0.0,75.39,2.64
2006-12-30,22.33,0.0,75.01,2.27
2006-12-31,22.88,0.0,75.68,2.34
2007-01-01,23.47,0.0,75.07,2.16
2007-01-02,23.0,0.0,70.9,2.53
2007-01-03,22.76,0.0,76.7,2.18
2007-01-04,22.85,0.0,73.77,2.03
2007-01-05,23.02,0.0,75.9,2.39
2007-01-06,23.57,0.0,74.03,2.92
2007-01-07,23.61,0.0,74.07,2.99
2007-01-08,24.27,0.06,76.48,3.38
2007-01-09,25.38,0.05,74.95,3.76
2007-01-10,25.36,0.0,75.21,3.52
2007-01-11,25.6,0.0,74.99,3.28
2007-01-12,25.07,0.0,73.97,3.11
2007-01-13,24.07,0.0,70.15,2.81
2007-01-14,24.72,0.01,73.57,3.01
2007-01-15,25.87,0.0,74.59,2.88
2007-01-16,25.37,0.0,71.9,2.46
2007-01-17,24.51,0.0,70.73,2.49
2007-01-18,23.94,0.0,69.95,2.79
2007-01-19,24.19,0.0,70.32,2.64
2007-01-20,24.52,0.0,71.39,2.47
2007-01-21,24.43,0.0,71.42,2.54
2007-01-22,24.73,0.0,68.05,2.19
2007-01-23,24.8,0.0,69.06,2.32
2007-01-24,24.97,0.0,71.34,2.78
2007-01-25,25.3,0.0,69.5,3.18
2007-01-26,25.77,0.0,70.25,3.23
2007-01-27,25.84,3.39,76.42,3.61
2007-01-28,26.13,0.51,73.42,3.32
2007-01-29,26.26,0.05,71.93,3.4
2007-01-30,26.16,0.0,68.74,3.33
2007-01-31,25.56,0.0,66.89,2.98
2007-02-01,24.85,0.0,66.04,2.56
2007-02-02,25.11,0.0,69.89,2.88
2007-02-03,25.64,0.0,66.72,2.72
2007-02-04,25.53,0.0,64.13,2.41
2007-02-05,25.47,0.0,60.47,2.36
2007-02-06,24.91,0.0,63.79,2.39
2007-02-07,25.13,0.0,65.92,2.19
2007-02-08,25.29,0.0,63.52,2.28
2007-02-09,25.07,0.46,69.7,2.91
2007-02-10,25.79,0.83,70.31,3.33
2007-02-11,27.12,0.11,67.84,2.68
2007-02-12,27.97,0.0,65.24,1.76
2007-02-13,28.59,0.0,63.89,1.94
2007-02-14,28.81,0.0,60.96,1.62
2007-02-15,28.82,0.0,56.33,1.51
2007-02-16,28.65,0.0,57.82,2.1
2007-02-17,28.48,1.39,61.83,2.03
2007-02-18,27.65,1.89,68.21,2.7
2007-02-19,27.28,0.08,65.0,3.32
2007-02-20,27.03,0.0,59.05,3.72
2007-02-21,26.1,0.0,56.7,3.29
2007-02-22,25.65,0.0,58.33,3.26
2007-02-23,25.95,0.0,60.53,2.84
2007-02-24,26.58,0.14,62.64,2.73
2007-02-25,27.89,0.9,61.58,2.36
2007-02-26,28.83,0.01,59.52,2.55
2007-02-27,29.46,0.05,60.18,2.28
2007-02-28,29.09,0.0,59.1,2.72
2007-03-01,29.23,0.0,58.94,1.65
2007-03-02,29.73,0.01,58.15,2.43
2007-03-03,29.68,0.0,58.68,2.32
2007-03-04,29.12,0.0,59.59,2.78
2007-03-05,28.8,0.0,57.31,2.37
2007-03-06,28.55,0.0,58.14,2.55
2007-03-07,28.6,0.0,56.63,2.19
2007-03-08,28.78,0.07,56.97,2.39
2007-03-09,28.77,0.0,59.76,2.8
2007-03-10,29.07,0.0,59.98,2.69
2007-03-11,28.72,0.0,58.96,2.67
2007-03-12,28.32,0.0,60.41,2.62
2007-03-13,29.13,0.18,61.79,2.53
2007-03-14,29.55,0.0,59.4,2.76
2007-03-15,29.84,0.0,59.39,2.55
2007-03-16,30.29,0.0,58.27,2.64
2007-03-17,30.83,0.0,56.8,3.06
2007-03-18,30.14,0.0,52.51,2.26
2007-03-19,30.03,0.0,49.98,1.9
2007-03-20,30.2,0.0,45.8,2.03
2007-03-21,30.24,0.0,50.33,2.44
2007-03-22,30.31,0.0,52.76,2.41
2007-03-23,29.74,0.0,51.37,2.4
2007-03-24,30.97,0.0,47.17,2.03
2007-03-25,31.55,0.0,46.52,2.28
2007-03-26,31.94,0.0,49.25,2.24
2007-03-27,31.51,0.0,52.1,2.48
2007-03-28,31.28,0.0,51.03,2.36
2007-03-29,30.45,0.0,51.39,2.54
2007-03-30,30.08,0.0,53.16,2.8
2007-03-31,30.59,0.05,56.49,2.62
2007-04-01,30.82,0.22,60.01,2.44
2007-04-02,31.87,0.0,53.03,1.84
2007-04-03,31.87,0.0,50.28,2.23
2007-04-04,31.35,0.0,55.06,2.64
2007-04-05,30.83,0.08,60.86,3.08
2007-04-06,29.87,0.12,62.88,2.7
2007-04-07,30.63,0.33,60.7,2.84
2007-04-08,30.77,0.14,59.77,2.32
2007-04-09,29.68,1.27,63.47,2.46
2007-04-10,29.57,1.27,66.16,2.27
2007-04-11,29.34,0.31,66.84,1.88
2007-04-12,31.16,1.31,57.8,1.98
2007-04-13,31.6,0.42,55.82,1.84
2007-04-14,31.31,0.93,57.72,2.57
2007-04-15,30.58,0.5,58.75,2.53
2007-04-16,31.39,0.06,54.58,2.86
2007-04-17,32.41,3.06,52.25,1.53
2007-04-18,30.71,10.78,64.72,1.59
2007-04-19,30.99,1.19,62.17,2.21
2007-04-20,31.12,0.27,61.52,2.33
2007-04-21,31.01,1.48,62.97,1.91
2007-04-22,29.74,0.26,66.94,1.66
2007-04-23,30.6,8.48,65.73,1.33
2007-04-24,29.62,3.35,69.07,1.66
2007-04-25,31.0,0.0,57.06,2.19
2007-04-26,30.78,0.01,62.91,2.06
2007-04-27,29.85,0.08,68.86,1.87
2007-04-28,31.14,0.03,61.53,2.09
2007-04-29,31.38,0.1,60.06,2.52
2007-04-30,31.65,0.03,57.35,2.3
2007-05-01,32.36,0.04,53.61,2.39
2007-05-02,32.73,1.99,56.49,1.46
2007-05-03,30.18,20.93,71.61,2.43
2007-05-04,29.9,1.51,70.47,1.9
2007-05-05,29.91,1.05,71.14,1.63
2007-05-06,30.65,0.24,66.18,2.18
2007-05-07,31.33,0.02,62.96,1.55
2007-05-08,30.02,0.2,68.8,2.44
2007-05-09,29.17,2.41,72.28,2.89
2007-05-10,30.75,0.07,64.7,3.31
2007-05-11,32.84,0.0,52.74,2.88
2007-05-12,31.79,0.0,50.62,3.9
2007-05-13,32.02,0.0,54.67,2.22
2007-05-14,33.72,0.23,50.66,3.05
2007-05-15,33.54,0.0,50.98,2.85
2007-05-16,32.26,0.0,52.16,3.62
2007-05-17,32.99,0.0,47.34,2.74
2007-05-18,33.53,0.0,45.4,3.22
2007-05-19,33.08,0.0,46.39,2.77
2007-05-20,33.51,0.0,45.96,2.52
2007-05-21,33.25,0.0,47.89,3.06
2007-05-22,32.12,3.49,56.27,2.49
2007-05-23,30.65,1.64,65.81,1.85
2007-05-24,30.86,1.21,64.32,2.51
2007-05-25,28.74,0.24,68.11,1.7
2007-05-26,30.19,5.07,66.88,1.54
2007-05-27,29.76,0.79,69.12,2.18
2007-05-28,29.21,0.11,65.39,2.8
2007-05-29,30.26,0.14,57.96,1.94
2007-05-30,31.72,0.11,53.84,2.66
2007-05-31,32.9,0.0,49.72,2.83
2007-06-01,33.36,0.0,47.81,1.97
2007-06-02,33.86,0.04,46.85,2.67
2007-06-03,33.15,0.05,48.42,3.3
2007-06-04,33.38,0.0,48.77,2.12
2007-06-05,31.71,0.68,55.9,1.83
2007-06-06,32.0,0.31,54.07,1.38
2007-06-07,30.38,3.08,61.89,2.08
2007-06-08,29.24,23.38,71.0,2.58
2007-06-09,29.56,0.93,69.21,3.08
2007-06-10,30.32,0.02,64.32,2.63
2007-06-11,30.29,1.44,65.41,2.25
2007-06-12,30.41,0.09,63.29,2.3
2007-06-13,30.6,0.09,63.44,2.42
2007-06-14,29.16,0.04,68.78,2.29
2007-06-15,28.65,3.63,71.3,1.78
2007-06-16,29.01,0.12,68.28,3.18
2007-06-17,29.62,0.22,64.07,2.39
2007-06-18,29.03,0.74,67.11,3.32
2007-06-19,28.79,0.24,66.89,3.11
2007-06-20,28.4,2.25,65.06,4.5
2007-06-21,28.65,1.75,62.72,4.22
2007-06-22,28.31,1.58,70.42,5.0
2007-06-23,28.65,1.96,65.97,4.44
2007-06-24,29.97,0.16,61.85,3.52
2007-06-25,29.8,0.0,60.32,3.6
2007-06-26,30.47,0.07,59.3,3.05
2007-06-27,30.13,0.0,54.95,4.67
2007-06-28,30.02,0.18,57.4,5.07
2007-06-29,29.95,0.67,52.99,5.26
2007-06-30,29.74,0.58,59.38,4.15
2007-07-01,29.85,0.54,61.23,3.56
2007-07-02,30.55,1.15,59.8,3.8
2007-07-03,29.45,0.21,61.92,3.63
2007-07-04,29.67,0.04,61.25,4.06
2007-07-05,29.76,0.19,56.88,4.63
2007-07-06,29.43,0.28,56.43,5.15
2007-07-07,30.51,0.06,54.01,5.21
2007-07-08,30.79,0.06,54.08,4.7
2007-07-09,30.24,0.38,57.37,4.12
2007-07-10,30.35,0.47,58.98,4.2
2007-07-11,30.53,0.19,58.79,3.61
2007-07-12,30.46,0.11,59.1,4.26
2007-07-13,30.53,0.13,59.07,4.53
2007-07-14,30.97,0.01,56.31,4.4
2007-07-15,31.35,0.33,54.02,4.84
2007-07-16,30.0,2.19,61.48,4.18
2007-07-17,29.83,0.84,60.16,4.53
2007-07-18,30.34,1.95,57.97,3.12
2007-07-19,27.27,2.75,73.89,2.15
2007-07-20,27.46,4.81,76.02,2.16
2007-07-21,27.41,0.69,73.65,2.04
2007-07-22,28.69,0.15,64.18,2.6
2007-07-23,27.88,11.45,69.92,2.13
2007-07-24,27.86,1.23,74.89,2.02
2007-07-25,28.67,0.07,69.37,1.76
2007-07-26,28.21,0.23,68.77,1.88
2007-07-27,28.41,0.09,70.18,2.1
2007-07-28,28.71,0.56,67.72,2.19
2007-07-29,29.08,3.64,65.78,1.9
2007-07-30,28.06,1.7,69.11,2.22
2007-07-31,27.25,30.69,75.87,2.11
2007-08-01,27.36,1.08,72.76,2.71
2007-08-02,27.57,1.6,71.85,2.5
2007-08-03,28.29,0.02,68.71,2.74
2007-08-04,29.48,0.15,63.83,3.09
2007-08-05,29.24,0.66,61.7,4.6
2007-08-06,28.22,0.39,63.73,4.53
2007-08-07,29.1,0.03,62.22,4.02
2007-08-08,29.54,1.32,62.38,4.19
2007-08-09,28.54,0.78,67.03,3.93
2007-08-10,28.42,0.43,65.83,3.76
2007-08-11,29.27,0.12,58.62,3.19
2007-08-12,29.19,0.38,60.38,3.06
2007-08-13,29.8,0.02,55.69,3.11
2007-08-14,29.72,0.0,57.44,2.58
2007-08-15,29.82,1.35,60.64,1.8
2007-08-16,28.63,12.71,72.86,1.53
2007-08-17,28.54,3.14,75.09,1.45
2007-08-18,28.78,5.02,71.15,1.9
2007-08-19,29.55,0.33,64.31,2.18
2007-08-20,29.75,5.89,62.91,2.34
2007-08-21,27.93,4.21,74.29,2.3
2007-08-22,28.08,0.45,65.59,2.55
2007-08-23,27.84,21.27,71.72,1.71
2007-08-24,27.1,11.69,78.33,1.79
2007-08-25,27.51,0.66,77.16,1.49
2007-08-26,28.08,6.88,75.89,2.32
2007-08-27,28.93,0.15,68.64,2.09
2007-08-28,28.69,1.03,70.89,1.96
2007-08-29,27.92,7.7,76.01,2.42
2007-08-30,27.54,1.12,74.16,2.03
2007-08-31,28.31,0.19,67.29,2.92
2007-09-01,28.23,0.09,66.15,3.07
2007-09-02,28.35,0.07,66.29,2.91
2007-09-03,27.28,0.0,72.61,2.4
2007-09-04,28.65,0.75,66.73,2.19
2007-09-05,28.39,1.93,69.96,2.73
2007-09-06,28.26,0.17,69.77,2.41
2007-09-07,29.07,0.02,66.64,1.98
2007-09-08,27.18,0.06,76.48,0.99
2007-09-09,27.51,9.51,76.97,1.49
2007-09-10,27.84,2.41,75.07,1.64
2007-09-11,28.18,1.2,73.98,2.17
2007-09-12,28.56,0.97,73.74,2.13
2007-09-13,27.56,7.43,78.37,1.5
2007-09-14,28.08,0.94,73.81,1.71
2007-09-15,28.59,0.91,69.5,2.79
2007-09-16,29.17,4.32,69.33,2.34
2007-09-17,27.78,4.45,75.78,2.71
2007-09-18,27.49,0.78,68.39,4.08
2007-09-19,28.33,0.22,64.1,3.93
2007-09-20,28.85,0.12,66.47,3.46
2007-09-21,29.08,1.0,65.56,3.51
2007-09-22,29.13,0.31,65.92,3.54
2007-09-23,28.97,0.19,66.64,3.41
2007-09-24,28.88,0.38,65.46,3.22
2007-09-25,29.15,0.3,66.63,3.41
2007-09-26,29.66,0.24,62.91,2.13
2007-09-27,28.22,2.26,73.04,1.67
2007-09-28,27.51,1.57,76.16,1.78
2007-09-29,29.55,0.11,64.05,2.36
2007-09-30,29.39,0.7,64.28,2.18
2007-10-01,28.45,0.17,68.01,2.94
2007-10-02,28.5,0.11,63.96,2.59
2007-10-03,29.36,0.0,62.69,2.03
2007-10-04,29.48,0.02,62.29,2.47
2007-10-05,29.34,0.0,58.93,2.43
2007-10-06,28.77,0.01,58.17,2.79
2007-10-07,29.15,0.16,59.04,3.25
2007-10-08,29.31,0.0,56.9,2.5
2007-10-09,29.47,0.0,57.77,1.75
2007-10-10,29.95,0.03,58.4,1.58
2007-10-11,28.53,0.83,67.79,1.66
2007-10-12,28.25,0.19,71.4,0.92
2007-10-13,28.01,6.29,74.59,0.99
2007-10-14,27.49,2.18,74.21,0.87
2007-10-15,28.04,2.17,69.9,1.34
2007-10-16,28.74,0.21,67.14,1.4
2007-10-17,27.56,4.76,73.64,1.69
2007-10-18,25.74,6.44,83.63,0.64
2007-10-19,25.74,15.85,85.16,0.82
2007-10-20,26.45,5.65,81.2,1.44
2007-10-21,25.74,12.05,83.68,1.09
2007-10-22,25.97,11.72,82.99,1.94
2007-10-23,24.53,41.19,88.98,4.15
2007-10-24,25.21,27.13,90.86,2.52
2007-10-25,25.36,11.04,90.22,2.15
2007-10-26,24.76,18.5,90.16,1.47
2007-10-27,25.77,8.27,81.74,0.73
2007-10-28,24.94,4.51,87.0,2.32
2007-10-29,25.67,2.42,84.06,1.93
2007-10-30,26.7,5.2,80.88,1.97
2007-10-31,25.9,1.79,84.19,1.22
2007-11-01,26.36,2.25,80.66,0.57
2007-11-02,26.05,2.02,82.69,1.25
2007-11-03,25.56,5.59,86.78,1.81
2007-11-04,25.16,4.06,91.8,1.69
2007-11-05,25.73,0.79,84.39,1.1
2007-11-06,25.66,4.74,84.45,1.05
2007-11-07,26.06,0.99,84.4,0.84
2007-11-08,25.82,0.47,82.98,1.79
2007-11-09,25.57,0.3,80.36,1.54
2007-11-10,25.27,1.68,81.55,2.08
2007-11-11,25.14,1.48,82.16,2.62
2007-11-12,25.2,2.69,81.49,2.69
2007-11-13,24.64,0.24,74.88,2.69
2007-11-14,23.45,0.03,72.66,2.53
2007-11-15,22.95,0.0,69.42,1.71
2007-11-16,22.73,0.0,67.37,1.87
2007-11-17,22.53,0.0,72.76,2.18
2007-11-18,23.43,0.39,75.74,2.23
2007-11-19,25.01,4.0,87.41,2.2
2007-11-20,25.09,25.66,91.22,1.99
2007-11-21,25.14,12.14,86.84,2.87
2007-11-22,25.28,1.48,83.97,2.96
2007-11-23,24.79,0.01,77.65,2.63
2007-11-24,22.89,0.12,75.26,2.63
2007-11-25,21.65,0.05,73.47,2.65
2007-11-26,23.45,0.01,79.79,2.3
2007-11-27,25.5,0.24,80.48,2.17
2007-11-28,25.24,1.44,85.33,3.14
2007-11-29,24.99,1.12,83.25,3.04
2007-11-30,24.11,0.07,77.16,3.02
2007-12-01,24.51,0.0,78.6,3.03
2007-12-02,24.73,0.11,79.65,2.96
2007-12-03,24.47,0.12,83.04,3.06
2007-12-04,24.32,0.11,77.23,3.27
2007-12-05,24.33,1.12,80.3,3.59
2007-12-06,24.1,1.8,83.64,3.18
2007-12-07,24.63,0.4,79.75,2.83
2007-12-08,24.67,2.41,81.17,3.01
2007-12-09,24.77,0.14,80.26,2.83
2007-12-10,24.9,0.0,78.2,2.77
2007-12-11,24.43,0.26,77.62,2.9
2007-12-12,24.03,1.06,79.52,2.7
2007-12-13,22.85,17.21,90.11,3.33
2007-12-14,23.77,18.1,90.2,3.75
2007-12-15,24.8,1.46,84.56,3.36
2007-12-16,24.76,0.56,80.04,3.7
2007-12-17,24.19,12.79,83.85,3.79
2007-12-18,23.46,62.8,91.32,5.64
2007-12-19,24.67,65.38,95.25,2.93
2007-12-20,24.18,19.82,93.66,2.6
2007-12-21,24.26,2.9,91.55,2.46
2007-12-22,24.04,0.0,88.36,2.47
2007-12-23,23.07,0.0,86.46,2.15
2007-12-24,21.42,0.0,80.87,1.58
2007-12-25,21.03,0.0,74.9,1.32
2007-12-26,21.02,0.0,83.34,1.57
2007-12-27,22.39,0.0,86.4,1.59
2007-12-28,23.09,0.0,84.41,1.49
2007-12-29,23.33,0.0,84.22,1.33
2007-12-30,23.39,0.0,85.73,1.74
2007-12-31,22.91,0.0,86.06,1.95
2008-01-01,22.33,0.0,83.83,2.58
2008-01-02,21.98,0.05,82.69,2.78
2008-01-03,22.69,0.18,83.14,2.91
2008-01-04,24.03,3.78,87.29,2.72
2008-01-05,24.51,3.49,86.52,3.45
2008-01-06,22.79,0.05,82.51,3.15
2008-01-07,22.4,0.0,82.67,3.25
2008-01-08,22.65,0.0,83.24,3.13
2008-01-09,22.76,0.0,81.41,2.58
2008-01-10,23.1,0.0,82.23,2.3
2008-01-11,23.05,0.0,82.6,2.72
2008-01-12,22.85,0.0,83.02,2.82
2008-01-13,22.87,0.0,83.38,2.66
2008-01-14,22.54,0.0,82.59,2.18
2008-01-15,22.25,0.0,82.59,2.2
2008-01-16,22.55,0.0,82.26,2.47
2008-01-17,22.11,0.0,80.51,2.55
2008-01-18,21.55,0.0,78.05,2.07
2008-01-19,21.49,0.0,76.28,1.94
2008-01-20,22.22,0.0,77.13,1.93
2008-01-21,24.04,0.0,81.51,2.6
2008-01-22,24.42,0.0,79.76,2.36
2008-01-23,23.53,0.0,78.0,2.08
2008-01-24,23.44,0.0,75.2,1.62
2008-01-25,24.36,0.0,74.51,1.34
2008-01-26,25.21,0.0,73.68,1.29
2008-01-27,25.72,0.0,71.01,1.23
2008-01-28,25.64,0.0,76.64,2.03
2008-01-29,26.05,0.0,76.43,1.91
2008-01-30,26.82,0.0,72.74,1.1
2008-01-31,27.09,0.0,70.66,1.49
2008-02-01,26.65,0.0,72.52,1.64
2008-02-02,26.94,0.0,72.19,1.54
2008-02-03,26.35,0.01,73.7,2.17
2008-02-04,26.62,0.0,72.34,1.93
2008-02-05,26.52,0.0,70.29,2.37
2008-02-06,26.62,0.0,71.18,2.08
2008-02-07,26.94,0.0,74.22,2.18
2008-02-08,26.64,2.78,78.4,1.37
2008-02-09,25.25,12.4,89.12,1.72
2008-02-10,27.17,1.51,79.33,1.94
2008-02-11,26.21,4.35,83.8,1.49
2008-02-12,27.12,2.11,74.79,2.43
2008-02-13,27.08,0.06,72.36,2.36
2008-02-14,26.86,0.01,71.63,2.96
2008-02-15,26.61,0.13,71.3,2.89
2008-02-16,26.91,0.06,72.04,2.91
2008-02-17,26.82,0.0,67.24,2.96
2008-02-18,25.49,0.0,63.97,2.61
2008-02-19,24.76,0.0,65.96,1.91
2008-02-20,25.36,0.0,67.01,2.1
2008-02-21,26.44,0.0,67.96,2.34
2008-02-22,26.63,0.0,65.78,2.87
2008-02-23,26.39,0.0,65.14,2.38
2008-02-24,25.38,0.0,64.24,2.76
2008-02-25,25.21,0.0,63.11,2.35
2008-02-26,25.16,0.0,66.62,2.62
2008-02-27,26.39,0.01,65.84,3.41
2008-02-28,26.06,1.41,64.43,3.4
2008-02-29,26.55,1.45,66.98,3.2
2008-03-01,25.79,1.93,82.57,2.21
2008-03-02,27.64,0.28,69.11,2.26
2008-03-03,26.66,0.1,59.49,2.87
2008-03-04,24.85,0.1,60.96,1.7
2008-03-05,26.01,0.0,62.49,2.55
2008-03-06,26.4,0.2,65.27,2.92
2008-03-07,26.08,0.07,62.59,2.86
2008-03-08,25.9,0.0,62.12,2.77
2008-03-09,26.82,0.03,60.95,2.83
2008-03-10,26.8,3.87,66.1,2.6
2008-03-11,25.78,2.67,76.33,2.48
2008-03-12,24.7,11.67,85.64,3.84
2008-03-13,26.19,6.21,83.17,2.57
2008-03-14,26.3,2.54,82.7,2.07
2008-03-15,25.39,7.95,85.08,1.66
2008-03-16,26.86,2.1,71.8,2.56
2008-03-17,26.35,0.64,77.23,2.71
2008-03-18,26.76,2.8,80.3,2.18
2008-03-19,26.34,4.93,82.65,2.45
2008-03-20,25.02,19.38,89.6,2.45
2008-03-21,25.6,19.43,87.66,2.74
2008-03-22,26.11,20.14,88.09,2.51
2008-03-23,26.58,3.15,84.94,2.3
2008-03-24,26.91,0.15,80.43,1.61
2008-03-25,27.6,0.01,72.3,1.64
2008-03-26,27.47,0.11,74.86,1.35
2008-03-27,27.82,0.34,72.94,1.58
2008-03-28,28.55,0.6,71.77,1.64
2008-03-29,28.06,0.04,73.15,1.4
2008-03-30,27.4,21.2,80.04,1.62
2008-03-31,27.88,5.11,77.99,1.43
2008-04-01,28.41,0.54,73.75,1.56
2008-04-02,27.76,4.08,78.35,1.72
2008-04-03,28.2,0.5,74.62,1.42
2008-04-04,28.46,0.11,70.69,1.7
2008-04-05,28.35,0.05,71.39,2.19
2008-04-06,28.22,0.03,69.94,2.52
2008-04-07,27.74,0.69,73.81,2.55
2008-04-08,26.58,6.39,82.24,1.96
2008-04-09,26.96,0.81,78.83,2.0
2008-04-10,27.7,0.29,73.81,2.23
2008-04-11,28.03,0.01,69.51,1.85
2008-04-12,28.01,1.09,71.98,2.72
2008-04-13,28.12,0.16,73.38,1.78
2008-04-14,29.02,0.04,69.21,1.97
2008-04-15,29.24,0.01,67.75,1.87
2008-04-16,29.35,0.13,66.63,1.9
2008-04-17,29.1,0.03,68.13,1.63
2008-04-18,29.95,0.06,65.12,2.04
2008-04-19,30.56,0.01,60.21,2.04
2008-04-20,30.33,0.0,62.4,1.81
2008-04-21,30.18,0.0,61.4,1.94
2008-04-22,30.85,0.02,58.49,1.97
2008-04-23,30.54,0.0,59.78,1.96
2008-04-24,29.85,0.07,61.59,2.1
2008-04-25,29.17,0.71,65.89,1.9
2008-04-26,28.78,0.35,69.83,1.34
2008-04-27,30.26,0.07,64.04,2.11
2008-04-28,31.84,0.01,58.88,2.86
2008-04-29,30.78,0.17,61.97,2.92
2008-04-30,30.79,0.04,62.21,3.31
2008-05-01,30.97,0.01,63.32,2.64
2008-05-02,31.77,0.0,54.97,2.65
2008-05-03,32.21,0.65,53.16,2.54
2008-05-04,31.58,0.03,58.53,2.74
2008-05-05,31.64,0.02,56.46,3.23
2008-05-06,31.65,0.0,52.06,2.71
2008-05-07,30.36,23.85,64.75,2.28
2008-05-08,29.38,10.47,71.04,2.07
2008-05-09,30.37,0.04,61.93,2.6
2008-05-10,30.81,1.62,63.06,2.35
2008-05-11,29.75,1.87,67.13,2.09
2008-05-12,28.3,0.95,72.36,2.57
2008-05-13,30.03,0.05,61.8,2.74
2008-05-14,30.82,3.63,59.87,2.54
2008-05-15,30.6,0.22,59.34,2.45
2008-05-16,30.78,0.0,56.07,3.48
2008-05-17,31.62,0.0,55.91,2.85
2008-05-18,31.38,0.0,58.61,2.55
2008-05-19,30.9,0.05,60.7,2.92
2008-05-20,30.99,0.06,60.28,3.3
2008-05-21,30.28,0.08,64.24,2.51
2008-05-22,30.87,0.47,60.46,1.42
2008-05-23,30.34,0.05,60.36,1.9
2008-05-24,29.51,0.06,64.44,1.63
2008-05-25,30.69,1.05,60.25,1.97
2008-05-26,29.31,0.44,67.26,1.62
2008-05-27,30.21,0.01,63.95,1.97
2008-05-28,29.93,1.94,65.57,2.23
2008-05-29,29.53,0.33,67.03,2.75
2008-05-30,29.86,7.83,66.31,2.47
2008-05-31,28.4,0.3,71.57,2.28
2008-06-01,29.74,0.98,65.35,1.85
2008-06-02,30.47,0.09,60.98,2.36
2008-06-03,30.4,2.35,61.44,2.03
2008-06-04,30.86,1.86,56.47,3.01
2008-06-05,29.95,0.12,58.29,3.15
2008-06-06,29.48,0.07,60.17,3.35
2008-06-07,27.94,3.72,67.58,2.94
2008-06-08,27.73,1.34,73.66,2.09
2008-06-09,27.11,0.54,74.64,2.49
2008-06-10,28.61,0.01,63.22,2.56
2008-06-11,30.1,0.59,58.58,3.47
2008-06-12,29.27,0.03,61.94,2.91
2008-06-13,29.8,0.01,57.53,3.63
2008-06-14,30.86,0.0,53.1,4.19
2008-06-15,30.6,0.0,53.15,4.22
2008-06-16,30.07,0.05,56.42,3.77
2008-06-17,31.13,0.01,53.04,3.86
2008-06-18,30.98,0.11,53.74,3.47
2008-06-19,31.28,0.0,54.47,3.04
2008-06-20,31.1,0.06,56.02,2.34
2008-06-21,31.31,1.4,54.35,2.77
2008-06-22,31.2,0.81,53.16,2.89
2008-06-23,30.73,0.03,53.25,3.2
2008-06-24,31.47,0.0,49.84,4.18
2008-06-25,30.62,0.0,54.21,3.86
2008-06-26,30.44,0.0,51.95,3.89
2008-06-27,31.37,0.06,53.54,4.06
2008-06-28,30.66,0.6,56.98,3.85
2008-06-29,30.16,0.1,56.17,3.96
2008-06-30,30.89,0.12,54.52,4.22
2008-07-01,29.22,0.55,57.94,3.66
2008-07-02,31.47,0.07,48.69,2.67
2008-07-03,31.6,0.0,49.11,3.03
2008-07-04,30.77,0.0,53.41,2.23
2008-07-05,32.02,0.0,50.56,2.43
2008-07-06,31.66,0.03,52.55,3.0
2008-07-07,30.7,0.03,51.97,5.19
2008-07-08,31.18,0.0,46.7,5.19
2008-07-09,31.13,0.06,47.54,4.85
2008-07-10,30.87,0.08,47.59,3.94
2008-07-11,31.38,0.08,46.9,4.39
2008-07-12,31.48,0.01,48.78,3.07
2008-07-13,31.71,0.0,48.82,2.06
2008-07-14,30.7,0.17,57.16,2.06
2008-07-15,30.41,0.55,61.45,2.63
2008-07-16,30.32,0.04,57.53,3.01
2008-07-17,30.68,0.46,56.16,2.5
2008-07-18,29.52,20.98,67.01,2.54
2008-07-19,27.58,2.47,71.99,2.43
2008-07-20,27.56,72.64,77.12,1.49
2008-07-21,26.33,16.64,86.92,1.78
2008-07-22,26.87,0.16,79.47,1.76
2008-07-23,27.76,0.06,75.91,1.71
2008-07-24,27.42,0.25,74.51,2.68
2008-07-25,27.77,0.06,68.57,4.15
2008-07-26,28.34,0.4,67.44,4.01
2008-07-27,27.23,1.73,70.82,4.4
2008-07-28,26.83,0.21,71.55,4.61
2008-07-29,27.62,0.4,68.25,4.24
2008-07-30,27.53,0.13,67.49,3.99
2008-07-31,28.13,0.89,66.74,3.81
2008-08-01,29.0,0.17,65.1,3.26
2008-08-02,28.55,0.0,68.66,2.69
2008-08-03,28.2,0.48,71.44,2.09
2008-08-04,28.49,0.02,69.09,2.27
2008-08-05,28.93,0.02,67.6,2.29
2008-08-06,29.19,0.0,64.49,2.86
2008-08-07,29.41,0.01,61.26,3.53
2008-08-08,28.75,0.07,63.39,4.72
2008-08-09,28.72,0.06,61.12,4.76
2008-08-10,28.97,0.06,61.45,4.78
2008-08-11,28.22,0.24,62.21,4.2
2008-08-12,28.07,0.59,67.12,3.1
2008-08-13,28.05,0.99,64.23,3.12
2008-08-14,28.4,1.91,68.09,2.68
2008-08-15,28.27,0.98,69.21,2.57
2008-08-16,28.45,5.16,67.94,2.15
2008-08-17,27.76,10.77,75.11,1.67
2008-08-18,27.43,6.48,77.48,1.68
2008-08-19,27.77,0.81,74.9,1.5
2008-08-20,28.59,1.54,69.62,1.86
2008-08-21,28.24,3.25,68.92,3.23
2008-08-22,29.1,0.14,62.93,2.15
2008-08-23,29.61,2.06,63.5,2.26
2008-08-24,27.51,2.23,73.7,1.57
2008-08-25,27.6,4.2,75.11,1.23
2008-08-26,27.23,81.98,79.76,1.62
2008-08-27,26.65,15.47,82.69,0.89
2008-08-28,27.06,0.69,81.18,1.12
2008-08-29,27.34,2.8,81.48,1.24
2008-08-30,26.7,2.1,85.15,1.38
2008-08-31,26.65,1.16,84.48,1.63
2008-09-01,26.53,3.87,84.28,1.43
2008-09-02,27.87,0.33,78.18,1.33
2008-09-03,27.19,0.53,81.89,1.34
2008-09-04,27.36,0.04,81.45,1.02
2008-09-05,27.07,0.18,82.34,1.24
2008-09-06,27.59,8.34,81.04,1.47
2008-09-07,26.22,1.61,84.03,2.01
2008-09-08,26.1,5.76,80.37,2.48
2008-09-09,27.28,0.41,74.73,3.64
2008-09-10,27.23,0.28,74.21,3.65
2008-09-11,27.26,0.27,72.51,3.27
2008-09-12,26.67,0.03,69.63,3.17
2008-09-13,27.31,0.0,75.16,2.48
2008-09-14,28.46,0.21,70.45,2.62
2008-09-15,28.38,0.02,67.73,2.81
2008-09-16,28.11,0.0,67.99,3.57
2008-09-17,27.84,0.0,69.04,2.7
2008-09-18,28.76,0.0,65.18,2.26
2008-09-19,28.91,0.46,65.19,1.81
2008-09-20,28.31,0.78,72.09,1.59
2008-09-21,27.98,0.02,72.6,1.72
2008-09-22,28.64,0.0,70.75,1.83
2008-09-23,29.26,0.0,66.26,1.98
2008-09-24,28.96,0.0,68.82,1.76
2008-09-25,29.49,0.0,63.96,1.92
2008-09-26,28.85,0.0,64.81,1.84
2008-09-27,28.68,6.6,69.45,1.51
2008-09-28,27.66,0.5,70.13,1.9
2008-09-29,28.89,0.0,64.79,1.64
2008-09-30,29.61,0.0,61.61,1.62
2008-10-01,29.9,0.0,63.47,1.57
2008-10-02,29.97,0.02,59.7,1.7
2008-10-03,29.5,0.82,61.41,1.59
2008-10-04,29.58,0.06,62.95,1.97
2008-10-05,29.31,0.04,64.74,1.62
2008-10-06,29.43,0.46,64.98,1.46
2008-10-07,29.58,0.71,65.64,2.26
2008-10-08,29.6,0.17,65.42,1.68
2008-10-09,30.02,0.01,63.12,2.06
2008-10-10,29.61,0.05,64.75,1.79
2008-10-11,28.3,3.09,71.34,2.17
2008-10-12,26.76,7.84,78.48,2.68
2008-10-13,26.43,8.05,83.76,2.71
2008-10-14,26.5,16.66,88.49,2.58
2008-10-15,26.37,9.2,87.19,2.04
2008-10-16,26.81,4.15,81.98,1.8
2008-10-17,26.78,3.36,81.79,2.53
2008-10-18,26.48,4.56,85.33,2.19
2008-10-19,26.61,6.8,83.5,1.98
2008-10-20,26.54,25.8,86.07,1.92
2008-10-21,26.22,27.91,90.2,1.16
2008-10-22,26.21,28.81,88.85,1.84
2008-10-23,25.46,10.01,88.0,1.98
2008-10-24,26.34,1.88,83.77,1.83
2008-10-25,26.67,3.75,83.48,1.86
2008-10-26,26.27,0.15,84.52,1.64
2008-10-27,26.37,0.01,73.99,1.92
2008-10-28,25.34,0.0,69.18,1.38
2008-10-29,24.29,0.0,73.23,1.56
2008-10-30,24.68,0.0,75.34,1.74
2008-10-31,24.57,0.0,66.85,1.42
2008-11-01,24.71,0.0,68.39,1.24
2008-11-02,23.96,0.0,67.02,1.69
2008-11-03,24.64,0.0,61.82,1.38
2008-11-04,24.56,0.0,67.93,1.64
2008-11-05,24.37,0.0,68.93,1.88
2008-11-06,24.93,0.26,73.09,1.89
2008-11-07,25.95,0.07,75.8,2.27
2008-11-08,26.65,1.02,76.72,2.56
2008-11-09,27.0,0.19,74.31,2.49
2008-11-10,26.76,0.25,78.0,2.7
2008-11-11,26.13,0.15,71.54,2.82
2008-11-12,25.61,1.43,73.62,2.56
2008-11-13,26.13,0.98,77.75,1.68
2008-11-14,27.41,0.0,71.43,1.39
2008-11-15,27.66,0.02,69.47,1.02
2008-11-16,27.49,0.03,66.48,1.51
2008-11-17,26.89,0.25,74.47,1.76
2008-11-18,27.63,1.12,76.42,2.27
2008-11-19,25.93,8.86,88.64,2.39
2008-11-20,25.86,6.82,89.4,2.5
2008-11-21,25.72,2.64,85.68,2.48
2008-11-22,24.6,6.0,89.34,2.95
2008-11-23,25.05,28.13,88.65,2.99
2008-11-24,24.47,41.25,90.74,3.12
2008-11-25,24.31,48.12,89.97,4.36
2008-11-26,23.85,55.57,92.08,5.82
2008-11-27,23.87,83.07,93.15,4.41
2008-11-28,25.52,17.89,93.09,2.12
2008-11-29,25.62,1.72,91.18,1.95
2008-11-30,25.09,0.59,92.06,2.63
2008-12-01,25.41,0.33,88.55,2.03
2008-12-02,24.1,0.01,85.84,1.84
2008-12-03,22.79,0.0,84.9,1.58
2008-12-04,22.3,0.0,86.37,1.72
2008-12-05,22.59,0.0,87.58,2.35
2008-12-06,23.26,5.05,86.17,2.79
2008-12-07,24.05,1.82,86.93,3.13
2008-12-08,24.42,7.79,93.77,3.12
2008-12-09,24.67,6.28,94.66,2.73
2008-12-10,24.13,3.3,93.4,2.25
2008-12-11,23.61,0.0,87.61,2.27
2008-12-12,23.36,0.0,87.7,2.12
2008-12-13,24.08,1.13,89.44,2.69
2008-12-14,24.01,6.02,89.31,3.18
2008-12-15,23.88,8.43,90.03,3.34
2008-12-16,24.05,0.57,88.7,2.84
2008-12-17,23.71,0.0,86.59,3.42
2008-12-18,23.29,1.0,87.47,3.44
2008-12-19,23.44,0.16,86.88,3.07
2008-12-20,23.43,0.05,86.18,2.4
2008-12-21,23.26,0.06,85.44,2.2
2008-12-22,21.97,0.0,82.34,1.93
2008-12-23,22.19,0.14,86.36,2.46
2008-12-24,23.43,0.7,88.33,2.31
2008-12-25,23.61,0.37,87.43,2.7
2008-12-26,22.58,0.08,84.16,1.67
2008-12-27,21.89,0.0,83.41,1.7
2008-12-28,21.11,0.0,80.98,1.63
2008-12-29,20.75,0.0,82.26,2.0
2008-12-30,21.3,0.0,82.1,2.01
2008-12-31,21.04,0.0,81.01,1.81
2009-01-01,22.24,0.0,81.11,2.22
2009-01-02,22.39,0.02,82.02,2.14
2009-01-03,22.22,0.0,82.22,2.15
2009-01-04,22.16,0.0,80.81,2.2
2009-01-05,22.21,0.0,79.87,2.13
2009-01-06,22.29,0.24,80.54,1.79
2009-01-07,23.08,1.99,88.6,2.41
2009-01-08,24.24,0.06,83.37,2.47
2009-01-09,22.98,0.0,88.2,2.57
2009-01-10,23.72,0.0,81.68,3.04
2009-01-11,23.63,0.12,82.86,2.88
2009-01-12,22.93,0.02,81.26,3.02
2009-01-13,23.5,0.17,74.65,3.38
2009-01-14,23.52,0.36,76.06,3.46
2009-01-15,23.52,4.31,81.11,3.9
2009-01-16,23.1,0.15,77.07,2.99
2009-01-17,23.24,0.0,78.41,3.0
2009-01-18,23.14,0.0,77.17,2.64
2009-01-19,22.93,0.0,77.0,2.86
2009-01-20,22.43,0.0,76.46,2.73
2009-01-21,22.34,0.0,77.49,2.22
2009-01-22,22.24,0.0,79.86,1.84
2009-01-23,22.49,0.0,79.9,2.07
2009-01-24,22.91,0.0,76.82,2.24
2009-01-25,23.97,0.0,75.65,2.22
2009-01-26,24.29,2.08,81.84,2.43
2009-01-27,25.61,0.58,82.08,2.22
2009-01-28,26.07,0.04,80.48,2.01
2009-01-29,25.1,0.0,75.89,1.96
2009-01-30,23.9,0.0,72.36,1.76
2009-01-31,23.52,0.0,72.79,1.94
2009-02-01,23.72,0.0,73.88,1.69
2009-02-02,23.65,0.0,72.66,1.9
2009-02-03,24.44,0.0,73.33,1.83
2009-02-04,24.88,0.0,70.74,1.87
2009-02-05,24.25,0.0,67.28,2.04
2009-02-06,23.88,0.0,70.62,2.31
2009-02-07,24.24,0.0,72.48,2.43
2009-02-08,24.46,0.0,72.06,2.68
2009-02-09,24.13,0.0,68.96,2.81
2009-02-10,23.71,0.0,67.29,2.25
2009-02-11,23.98,0.0,65.81,1.76
2009-02-12,24.94,0.0,63.72,1.52
2009-02-13,25.42,0.0,64.13,1.58
2009-02-14,25.53,0.0,64.66,1.8
2009-02-15,25.1,0.0,62.03,2.02
2009-02-16,24.69,0.0,67.4,2.24
2009-02-17,25.27,0.0,68.87,3.0
2009-02-18,24.95,0.0,67.31,2.73
2009-02-19,25.08,0.0,68.99,2.94
2009-02-20,26.24,0.0,70.82,2.95
2009-02-21,27.54,0.0,68.88,2.95
2009-02-22,27.92,0.0,69.01,2.7
2009-02-23,28.35,0.0,66.86,2.15
2009-02-24,29.07,0.0,63.08,1.5
2009-02-25,29.18,0.0,59.43,1.64
2009-02-26,29.06,0.0,60.48,1.69
2009-02-27,28.47,0.0,57.11,1.69
2009-02-28,27.6,0.0,54.62,1.54
2009-03-01,28.55,0.0,51.11,1.81
2009-03-02,29.01,0.0,54.46,1.81
2009-03-03,28.83,0.0,54.19,1.85
2009-03-04,28.7,0.0,52.97,1.64
2009-03-05,29.02,0.0,46.42,1.32
2009-03-06,29.47,0.0,45.85,1.81
2009-03-07,28.9,0.0,53.76,2.19
2009-03-08,28.56,0.0,58.49,2.24
2009-03-09,26.36,5.76,67.61,3.61
2009-03-10,24.2,9.67,74.94,4.86
2009-03-11,26.14,3.45,82.4,3.15
2009-03-12,27.46,1.09,69.4,1.32
2009-03-13,26.83,0.54,72.38,1.29
2009-03-14,27.11,1.26,73.16,1.9
2009-03-15,28.26,0.34,66.97,1.67
2009-03-16,28.64,0.03,61.27,1.85
2009-03-17,27.85,0.0,59.34,1.72
2009-03-18,28.49,0.0,57.64,1.84
2009-03-19,29.01,0.0,56.49,1.63
2009-03-20,29.13,0.0,56.44,1.65
2009-03-21,29.75,0.0,53.66,2.08
2009-03-22,29.84,0.18,57.35,2.25
2009-03-23,29.18,0.06,60.46,2.41
2009-03-24,29.32,0.21,60.59,2.44
2009-03-25,29.53,0.01,58.15,2.32
2009-03-26,30.29,0.0,56.4,1.95
2009-03-27,31.22,0.08,53.62,2.09
2009-03-28,30.98,0.01,55.17,2.53
2009-03-29,30.4,0.15,57.12,2.22
2009-03-30,30.45,0.06,54.98,2.31
2009-03-31,30.41,0.0,54.67,2.32
2009-04-01,30.83,0.0,54.92,2.24
2009-04-02,30.39,0.0,56.14,2.32
2009-04-03,30.55,0.0,56.34,2.45
2009-04-04,30.77,0.0,56.95,2.35
2009-04-05,30.82,0.56,58.39,1.9
2009-04-06,30.74,0.14,59.21,1.73
2009-04-07,31.35,0.2,58.63,2.47
2009-04-08,31.07,0.06,57.93,2.21
2009-04-09,30.23,0.17,62.13,2.69
2009-04-10,28.86,6.64,68.67,2.67
2009-04-11,27.1,20.38,71.77,1.25
2009-04-12,28.79,1.0,61.12,1.53
2009-04-13,31.28,0.35,58.02,1.36
2009-04-14,31.07,0.09,55.2,2.81
2009-04-15,32.62,0.0,55.44,1.88
2009-04-16,31.55,0.0,59.46,1.75
2009-04-17,30.66,0.0,63.62,2.13
2009-04-18,31.48,0.0,59.19,2.27
2009-04-19,31.69,0.17,59.13,3.31
2009-04-20,30.93,0.6,61.6,1.81
2009-04-21,31.01,0.05,61.21,1.9
2009-04-22,31.18,0.1,58.77,2.12
2009-04-23,32.05,0.01,57.09,2.14
2009-04-24,32.44,0.02,57.24,2.28
2009-04-25,32.15,0.01,58.3,2.27
2009-04-26,31.69,0.0,61.06,2.45
2009-04-27,31.59,0.0,59.87,2.24
2009-04-28,32.06,0.0,55.56,2.53
2009-04-29,32.45,0.0,55.0,2.62
2009-04-30,32.98,0.04,52.31,2.43
2009-05-01,33.73,0.0,50.87,2.25
2009-05-02,33.91,0.0,52.49,2.1
2009-05-03,32.91,0.0,56.73,2.24
2009-05-04,33.2,0.82,53.77,2.37
2009-05-05,33.16,0.06,51.15,2.21
2009-05-06,33.31,0.0,51.0,2.13
2009-05-07,34.05,0.01,45.89,1.98
2009-05-08,33.28,2.2,51.75,1.98
2009-05-09,32.2,0.39,53.98,2.49
2009-05-10,33.83,0.0,48.26,1.72
2009-05-11,34.56,0.0,46.55,2.45
2009-05-12,34.4,0.24,48.04,1.83
2009-05-13,33.92,0.03,48.6,1.9
2009-05-14,33.62,0.0,48.91,3.02
2009-05-15,29.64,9.76,66.46,2.98
2009-05-16,30.3,1.35,61.26,2.06
2009-05-17,31.11,0.08,58.73,1.61
2009-05-18,30.71,2.19,61.27,2.09
2009-05-19,28.52,3.4,72.72,2.1
2009-05-20,28.84,2.26,64.47,3.43
2009-05-21,27.75,0.24,72.66,2.07
2009-05-22,29.99,0.08,63.8,2.64
2009-05-23,30.93,0.37,59.58,2.4
2009-05-24,30.32,0.48,59.73,4.27
2009-05-25,30.33,0.44,57.98,3.86
2009-05-26,30.31,0.47,62.43,3.28
2009-05-27,31.18,0.04,55.12,3.05
2009-05-28,32.06,0.02,54.57,2.19
2009-05-29,32.56,0.08,52.78,3.26
2009-05-30,31.25,1.7,58.4,2.61
2009-05-31,30.01,0.57,63.8,2.04
2009-06-01,31.91,0.02,53.55,2.82
2009-06-02,32.44,0.0,48.78,3.71
2009-06-03,33.31,0.0,46.99,4.74
2009-06-04,33.27,0.01,47.04,5.26
2009-06-05,32.14,0.21,50.29,5.17
2009-06-06,30.0,0.91,54.9,5.67
2009-06-07,30.0,0.43,51.22,5.78
2009-06-08,31.46,0.06,52.74,5.36
2009-06-09,32.63,0.01,48.1,4.09
2009-06-10,32.38,0.21,52.7,3.32
2009-06-11,29.8,2.93,59.17,3.32
2009-06-12,31.39,0.39,55.05,2.69
2009-06-13,31.55,0.02,51.77,2.85
2009-06-14,32.14,0.0,49.91,2.9
2009-06-15,31.5,0.06,51.9,3.77
2009-06-16,31.67,0.03,52.02,4.64
2009-06-17,31.31,0.06,54.05,4.5
2009-06-18,29.66,7.91,63.27,3.14
2009-06-19,28.2,0.34,72.02,2.78
2009-06-20,29.8,0.09,62.9,2.81
2009-06-21,29.92,0.04,60.33,3.0
2009-06-22,29.37,0.22,63.64,2.98
2009-06-23,30.46,0.04,57.88,3.54
2009-06-24,30.7,0.04,53.18,4.52
2009-06-25,30.76,0.35,50.5,4.93
2009-06-26,29.12,0.09,55.77,5.03
2009-06-27,30.32,0.02,49.74,4.54
2009-06-28,31.59,0.06,45.99,4.56
2009-06-29,31.49,2.02,52.12,3.7
2009-06-30,30.77,0.79,55.06,4.67
2009-07-01,29.57,0.32,56.68,4.59
2009-07-02,29.62,0.73,58.52,4.53
2009-07-03,29.54,0.21,58.19,4.45
2009-07-04,28.67,0.37,63.19,4.43
2009-07-05,29.14,0.65,58.99,4.73
2009-07-06,29.44,0.1,58.84,4.5
2009-07-07,29.23,0.05,58.67,3.82
2009-07-08,30.39,0.68,53.33,4.52
2009-07-09,29.59,0.42,54.96,4.47
2009-07-10,30.73,0.01,48.79,3.73
2009-07-11,30.45,0.0,55.59,3.52
2009-07-12,30.47,0.06,54.22,4.47
2009-07-13,30.7,0.16,54.19,5.5
2009-07-14,29.79,0.06,56.86,5.6
2009-07-15,29.21,0.79,55.04,5.5
2009-07-16,29.76,1.6,56.13,4.66
2009-07-17,28.6,1.3,65.83,4.38
2009-07-18,29.39,0.13,58.72,5.19
2009-07-19,29.56,0.03,57.24,5.39
2009-07-20,30.74,0.02,53.51,5.45
2009-07-21,30.74,0.0,50.78,5.49
2009-07-22,30.73,0.0,50.28,5.29
2009-07-23,30.87,0.02,50.14,4.46
2009-07-24,31.46,0.0,46.25,3.27
2009-07-25,32.53,0.0,47.98,2.8
2009-07-26,31.23,0.0,50.76,3.36
2009-07-27,31.42,0.04,52.36,4.16
2009-07-28,31.26,0.07,53.46,3.93
2009-07-29,31.05,1.18,54.81,3.63
2009-07-30,31.27,0.35,51.78,3.64
2009-07-31,30.38,4.06,57.35,3.52
2009-08-01,29.92,0.27,56.28,4.61
2009-08-02,30.54,0.0,54.03,4.65
2009-08-03,31.61,0.0,53.1,4.52
2009-08-04,31.53,0.03,52.87,4.94
2009-08-05,30.82,0.0,53.92,4.81
2009-08-06,31.85,0.03,52.23,4.03
2009-08-07,31.63,0.01,50.81,4.13
2009-08-08,31.56,0.02,51.95,3.82
2009-08-09,32.26,0.0,50.66,3.62
2009-08-10,31.64,1.09,53.26,4.29
2009-08-11,31.76,0.58,53.77,2.84
2009-08-12,31.81,1.32,52.54,2.53
2009-08-13,29.81,19.24,63.4,2.17
2009-08-14,28.53,2.57,71.5,2.29
2009-08-15,28.52,0.08,64.83,2.67
2009-08-16,28.93,14.11,65.06,1.72
2009-08-17,26.88,6.64,75.2,2.38
2009-08-18,28.25,2.08,69.82,2.39
2009-08-19,28.26,0.18,69.82,2.05
2009-08-20,27.49,1.97,74.84,1.33
2009-08-21,27.53,0.89,71.5,3.31
2009-08-22,28.39,0.06,65.0,3.3
2009-08-23,28.88,5.34,65.6,3.1
2009-08-24,29.01,0.27,64.41,3.64
2009-08-25,29.33,0.03,61.03,3.22
2009-08-26,28.83,0.1,62.55,3.74
2009-08-27,29.22,0.01,59.61,3.46
2009-08-28,30.21,0.02,58.04,3.26
2009-08-29,30.51,0.03,57.23,3.3
2009-08-30,30.24,0.17,58.5,2.21
2009-08-31,28.57,0.32,65.57,2.42
2009-09-01,29.14,0.95,65.57,2.68
2009-09-02,28.9,0.25,62.04,3.71
2009-09-03,29.48,0.05,59.79,3.7
2009-09-04,29.11,0.24,60.14,4.87
2009-09-05,29.61,0.03,59.09,5.69
2009-09-06,29.86,1.06,59.24,5.16
2009-09-07,30.44,0.01,58.63,4.34
2009-09-08,31.16,0.0,54.85,3.53
2009-09-09,31.01,0.04,54.69,2.53
2009-09-10,30.62,0.0,54.51,2.04
2009-09-11,31.82,0.01,54.51,1.73
2009-09-12,31.88,1.22,55.63,2.0
2009-09-13,31.82,1.29,55.99,1.54
2009-09-14,31.48,0.29,57.68,1.83
2009-09-15,31.32,3.23,54.89,1.74
2009-09-16,29.28,15.99,69.72,2.6
2009-09-17,27.79,7.78,78.03,1.9
2009-09-18,28.32,9.27,73.67,1.77
2009-09-19,28.33,0.59,71.65,1.25
2009-09-20,28.95,1.06,66.54,1.74
2009-09-21,29.67,0.17,67.89,1.1
2009-09-22,28.63,1.32,70.69,1.86
2009-09-23,29.03,0.81,69.01,1.56
2009-09-24,27.99,0.05,71.3,2.34
2009-09-25,29.19,5.33,64.09,2.61
2009-09-26,28.85,4.67,65.82,3.49
2009-09-27,29.03,0.63,67.18,2.74
2009-09-28,29.17,0.29,68.38,2.64
2009-09-29,29.68,0.01,61.27,3.8
2009-09-30,28.99,0.02,62.85,4.04
2009-10-01,28.95,0.47,61.93,4.48
2009-10-02,27.87,0.62,68.53,4.09
2009-10-03,29.41,0.38,59.92,4.83
2009-10-04,29.88,0.01,58.32,4.02
2009-10-05,29.99,0.0,57.71,3.75
2009-10-06,30.08,0.01,56.4,2.39
2009-10-07,30.63,0.0,56.14,1.81
2009-10-08,30.03,2.87,61.29,1.9
2009-10-09,30.32,0.04,62.06,1.45
2009-10-10,29.5,5.84,66.19,1.13
2009-10-11,29.2,3.67,68.47,1.51
2009-10-12,28.49,2.53,69.55,2.21
2009-10-13,28.09,0.2,70.01,1.25
2009-10-14,29.53,0.01,63.04,1.4
2009-10-15,29.82,0.0,59.37,1.48
2009-10-16,30.1,0.0,54.18,1.49
2009-10-17,30.63,0.0,55.81,1.51
2009-10-18,30.84,0.56,55.62,1.95
2009-10-19,30.48,0.16,58.03,1.87
2009-10-20,30.54,0.0,54.83,2.05
2009-10-21,30.44,0.0,53.46,2.33
2009-10-22,29.75,0.0,53.95,2.58
2009-10-23,29.34,0.0,52.2,2.41
2009-10-24,29.58,0.0,53.31,1.67
2009-10-25,30.1,0.02,53.61,1.86
2009-10-26,29.95,0.01,54.62,2.64
2009-10-27,30.01,0.71,60.69,2.18
2009-10-28,27.98,5.91,72.32,2.99
2009-10-29,26.41,13.28,82.21,2.93
2009-10-30,27.34,6.87,71.45,3.08
2009-10-31,26.85,12.56,81.53,2.66
2009-11-01,27.06,7.07,77.84,2.57
2009-11-02,27.74,3.22,73.64,3.76
2009-11-03,27.28,6.18,77.54,3.1
2009-11-04,25.77,29.69,88.83,2.83
2009-11-05,25.88,17.23,86.25,2.59
2009-11-06,25.36,11.49,88.05,2.0
2009-11-07,25.6,29.11,89.45,2.81
2009-11-08,25.49,35.11,93.16,3.55
2009-11-09,25.62,23.52,89.98,3.21
2009-11-10,25.64,6.63,86.5,2.25
2009-11-11,26.2,2.55,80.21,0.94
2009-11-12,26.72,1.79,83.79,0.78
2009-11-13,25.39,2.39,90.61,1.54
2009-11-14,24.98,36.41,92.03,1.9
2009-11-15,24.63,13.05,93.69,2.4
2009-11-16,25.6,3.39,89.96,1.07
2009-11-17,26.38,14.3,86.89,1.31
2009-11-18,26.14,5.11,86.61,0.6
2009-11-19,26.33,4.45,86.17,1.03
2009-11-20,25.83,3.26,88.33,1.44
2009-11-21,25.28,7.86,89.23,1.08
2009-11-22,24.81,12.4,92.3,1.7
2009-11-23,25.4,2.77,88.69,1.78
2009-11-24,25.91,0.2,84.82,0.97
2009-11-25,25.5,0.71,87.17,1.74
2009-11-26,24.58,0.05,83.66,1.98
2009-11-27,23.6,0.0,80.82,1.92
2009-11-28,23.97,1.45,85.3,2.47
2009-11-29,24.33,3.76,87.15,2.83
2009-11-30,24.4,3.74,87.1,2.92
2009-12-01,23.68,9.98,92.86,2.51
2009-12-02,24.73,6.35,89.62,2.41
2009-12-03,25.47,2.34,87.43,1.49
2009-12-04,25.5,0.37,87.06,1.7
2009-12-05,24.45,0.0,83.37,2.68
2009-12-06,22.46,0.0,82.29,2.09
2009-12-07,22.45,0.0,81.52,2.07
2009-12-08,23.72,0.0,84.58,2.47
2009-12-09,24.09,0.05,84.52,3.19
2009-12-10,23.09,0.03,81.98,3.45
2009-12-11,23.79,0.23,81.04,3.46
2009-12-12,24.58,12.75,87.32,3.68
2009-12-13,25.48,7.5,88.02,3.04
2009-12-14,25.33,6.45,87.85,3.78
2009-12-15,24.8,14.49,90.94,2.81
2009-12-16,25.14,7.34,86.77,1.96
2009-12-17,24.02,3.45,90.9,2.32
2009-12-18,24.33,0.27,86.32,2.61
2009-12-19,24.83,0.39,87.23,2.49
2009-12-20,25.22,1.65,86.74,3.09
2009-12-21,24.87,5.97,90.8,3.42
2009-12-22,24.59,6.44,90.48,2.92
2009-12-23,24.22,3.67,88.98,3.29
2009-12-24,24.13,1.1,86.61,3.17
2009-12-25,23.77,0.04,83.83,2.66
2009-12-26,24.0,0.01,84.02,2.73
2009-12-27,23.2,0.17,87.13,2.14
2009-12-28,23.49,0.0,86.24,2.02
2009-12-29,23.69,0.0,82.02,2.25
2009-12-30,23.8,0.0,83.5,2.01
2009-12-31,23.99,0.0,82.84,1.73
2010-01-01,24.18,0.0,82.81,2.58
2010-01-02,23.86,0.02,82.14,2.8
2010-01-03,23.24,0.05,81.17,2.59
2010-01-04,22.78,0.0,79.18,2.04
2010-01-05,22.33,0.0,79.43,1.94
2010-01-06,22.91,0.0,81.51,2.56
2010-01-07,23.79,0.26,80.97,2.81
2010-01-08,23.73,2.26,86.77,2.6
2010-01-09,24.6,2.61,88.4,2.36
2010-01-10,25.28,3.43,85.63,1.62
2010-01-11,25.72,0.63,82.81,1.72
2010-01-12,26.11,0.1,81.74,1.62
2010-01-13,26.1,0.08,82.57,2.01
2010-01-14,25.97,0.01,80.88,2.37
2010-01-15,24.78,0.0,78.39,2.91
2010-01-16,24.6,0.0,80.15,3.11
2010-01-17,24.68,0.0,77.61,2.95
2010-01-18,24.95,0.0,78.07,2.42
2010-01-19,24.97,0.0,79.39,2.61
2010-01-20,24.61,0.0,77.94,2.76
2010-01-21,23.32,0.0,72.73,2.91
2010-01-22,22.48,0.0,72.24,2.72
2010-01-23,22.72,0.0,75.86,2.76
2010-01-24,23.35,0.05,75.22,2.53
2010-01-25,24.26,0.02,78.29,2.58
2010-01-26,24.92,0.01,77.72,2.88
2010-01-27,25.35,0.01,77.25,2.89
2010-01-28,25.28,0.0,76.99,3.11
2010-01-29,24.53,0.0,75.6,2.99
2010-01-30,24.6,0.0,72.84,2.88
2010-01-31,24.83,0.0,73.01,2.7
2010-02-01,24.15,0.0,73.58,2.49
2010-02-02,24.11,0.0,71.41,2.9
2010-02-03,23.97,0.0,70.92,3.05
2010-02-04,23.68,0.0,72.56,2.62
2010-02-05,23.56,0.0,73.94,2.83
2010-02-06,23.67,0.0,73.2,3.02
2010-02-07,24.61,0.0,71.88,3.1
2010-02-08,24.31,0.0,67.89,2.89
2010-02-09,24.43,0.0,68.76,2.41
2010-02-10,25.34,0.0,69.8,2.21
2010-02-11,26.32,0.02,69.57,2.44
2010-02-12,26.86,0.0,70.26,2.69
2010-02-13,27.01,0.0,69.51,2.51
2010-02-14,26.65,0.0,68.21,2.27
2010-02-15,25.23,0.0,74.94,1.69
2010-02-16,26.53,0.0,67.48,2.09
2010-02-17,27.06,0.0,70.86,2.52
2010-02-18,26.89,0.0,65.04,1.56
2010-02-19,26.49,0.0,68.1,1.67
2010-02-20,27.11,0.0,67.48,1.87
2010-02-21,28.04,0.0,66.15,2.21
2010-02-22,28.2,0.0,64.29,2.3
2010-02-23,28.85,0.0,62.35,1.61
2010-02-24,29.0,0.0,60.05,2.17
2010-02-25,29.04,0.0,60.02,2.16
2010-02-26,29.2,0.0,58.6,2.1
2010-02-27,29.1,0.0,58.48,2.32
2010-02-28,28.72,0.0,56.37,2.18
2010-03-01,28.15,0.0,57.72,2.31
2010-03-02,27.54,0.0,54.67,2.41
2010-03-03,27.42,0.0,52.05,2.23
2010-03-04,28.56,0.0,51.32,1.99
2010-03-05,29.2,0.0,51.86,2.29
2010-03-06,30.2,0.01,59.26,2.22
2010-03-07,31.39,0.0,57.0,2.36
2010-03-08,30.17,0.0,58.55,2.3
2010-03-09,29.68,0.0,61.71,2.45
2010-03-10,29.66,0.0,61.9,2.81
2010-03-11,29.62,0.0,62.97,3.39
2010-03-12,29.52,0.0,59.86,3.3
2010-03-13,29.76,0.0,61.2,2.8
2010-03-14,30.59,0.0,53.65,2.15
2010-03-15,30.23,0.0,52.84,1.94
2010-03-16,29.88,0.0,56.33,1.96
2010-03-17,29.59,0.0,58.87,2.76
2010-03-18,29.03,0.0,61.79,3.15
2010-03-19,29.52,0.0,59.86,2.7
2010-03-20,30.34,0.0,56.25,2.27
2010-03-21,30.5,0.0,48.91,2.01
2010-03-22,30.21,0.0,53.82,1.66
2010-03-23,30.62,0.0,54.13,2.24
2010-03-24,30.87,0.0,54.77,2.01
2010-03-25,31.32,0.0,55.51,2.34
2010-03-26,31.96,0.01,55.6,2.34
2010-03-27,32.07,0.08,56.01,2.63
2010-03-28,31.54,0.02,57.05,2.91
2010-03-29,32.06,0.02,55.84,2.51
2010-03-30,32.56,0.05,55.78,2.74
2010-03-31,33.42,1.09,50.5,2.05
2010-04-01,33.81,0.03,49.09,2.68
2010-04-02,33.38,0.0,51.15,2.7
2010-04-03,32.43,0.0,55.83,3.04
2010-04-04,31.92,0.01,55.22,2.58
2010-04-05,31.57,0.22,58.47,2.16
2010-04-06,31.97,0.04,51.23,2.5
2010-04-07,31.87,0.05,54.89,2.58
2010-04-08,30.81,0.61,61.92,2.43
2010-04-09,31.54,0.02,58.94,1.84
2010-04-10,31.3,0.0,56.94,1.88
2010-04-11,32.72,0.0,54.64,3.06
2010-04-12,32.73,0.01,57.26,3.32
2010-04-13,33.42,0.03,53.48,2.81
2010-04-14,33.22,0.01,55.27,2.57
2010-04-15,32.31,0.0,58.29,2.14
2010-04-16,32.21,0.0,58.09,2.89
2010-04-17,31.95,0.23,58.27,2.94
2010-04-18,33.05,1.35,51.99,2.91
2010-04-19,33.57,0.34,51.06,2.44
2010-04-20,33.7,0.32,50.45,2.05
2010-04-21,33.63,0.27,52.84,2.03
2010-04-22,33.77,0.02,52.05,2.4
2010-04-23,32.79,0.01,59.35,3.06
2010-04-24,32.91,0.05,54.29,2.34
2010-04-25,32.84,0.45,52.98,2.68
2010-04-26,31.45,0.72,59.61,2.59
2010-04-27,31.63,1.24,55.31,1.97
2010-04-28,31.9,0.44,57.59,2.69
2010-04-29,31.21,0.23,61.85,2.52
2010-04-30,29.36,21.44,73.67,2.29
2010-05-01,29.87,3.0,67.02,1.3
2010-05-02,30.61,11.98,67.48,1.2
2010-05-03,29.41,4.19,75.91,1.16
2010-05-04,29.2,11.02,78.61,1.47
2010-05-05,30.69,1.87,71.11,1.63
2010-05-06,32.37,1.21,63.18,1.8
2010-05-07,32.13,0.18,64.98,2.0
2010-05-08,31.48,0.03,65.69,1.35
2010-05-09,31.18,0.01,64.76,1.82
2010-05-10,32.23,0.0,56.05,2.74
2010-05-11,32.74,0.0,58.28,2.9
2010-05-12,32.92,0.0,59.69,1.89
2010-05-13,32.87,0.0,60.14,1.96
2010-05-14,31.59,0.0,66.02,1.82
2010-05-15,31.17,0.17,60.98,1.98
2010-05-16,32.48,0.15,59.48,1.24
2010-05-17,31.96,6.61,63.22,2.19
2010-05-18,29.95,17.16,73.81,2.94
2010-05-19,29.44,1.74,68.98,4.14
2010-05-20,30.8,0.6,65.02,3.79
2010-05-21,31.28,0.33,60.38,3.39
2010-05-22,31.09,0.0,60.39,2.61
2010-05-23,31.05,0.66,62.14,2.94
2010-05-24,30.9,0.01,64.85,2.81
2010-05-25,31.31,0.01,58.68,3.42
2010-05-26,32.37,0.0,53.03,3.61
2010-05-27,33.06,0.04,54.27,3.53
2010-05-28,31.34,15.2,65.33,3.01
2010-05-29,31.64,0.67,62.08,3.37
2010-05-30,31.6,0.6,59.32,3.02
2010-05-31,30.32,0.03,57.83,3.82
2010-06-01,31.51,0.0,57.16,2.5
2010-06-02,32.86,0.41,56.32,2.53
2010-06-03,32.15,0.1,58.81,2.65
2010-06-04,30.79,18.62,70.01,1.89
2010-06-05,28.4,3.11,75.68,3.57
2010-06-06,29.79,1.27,61.84,3.65
2010-06-07,28.16,0.25,68.16,2.7
2010-06-08,29.3,0.0,61.44,3.65
2010-06-09,30.22,4.61,66.12,2.54
2010-06-10,27.93,1.29,78.1,2.4
2010-06-11,28.15,2.85,73.89,3.36
2010-06-12,28.92,0.78,67.95,3.45
2010-06-13,28.6,0.19,71.81,4.7
2010-06-14,29.96,0.05,61.77,3.8
2010-06-15,30.75,0.17,58.11,2.77
2010-06-16,29.27,1.32,66.25,1.36
2010-06-17,29.12,6.43,67.73,2.53
2010-06-18,28.42,4.83,69.4,2.37
2010-06-19,29.47,3.61,64.72,2.69
2010-06-20,29.0,0.83,68.65,2.1
2010-06-21,30.05,6.26,64.54,1.71
2010-06-22,29.02,3.41,69.68,2.46
2010-06-23,29.19,2.87,66.67,4.06
2010-06-24,28.73,0.03,61.55,4.13
2010-06-25,29.22,0.01,57.51,5.06
2010-06-26,30.22,0.01,57.56,4.72
2010-06-27,30.75,0.01,57.1,3.53
2010-06-28,30.02,3.32,65.13,3.21
2010-06-29,29.82,0.23,65.52,2.89
2010-06-30,30.47,0.0,56.9,3.7
2010-07-01,28.1,0.01,58.06,3.88
2010-07-02,29.56,0.0,54.36,4.16
2010-07-03,29.74,0.1,55.57,4.49
2010-07-04,29.13,0.11,60.97,2.96
2010-07-05,29.94,0.13,56.52,4.52
2010-07-06,28.65,0.13,58.47,3.53
2010-07-07,28.92,4.46,63.45,2.37
2010-07-08,27.89,8.45,69.43,1.52
2010-07-09,27.61,2.71,74.34,1.34
2010-07-10,28.91,1.23,68.61,1.75
2010-07-11,29.83,0.06,65.48,3.21
2010-07-12,29.66,1.27,64.66,2.96
2010-07-13,28.03,9.73,72.5,2.05
2010-07-14,28.47,3.88,69.5,2.66
2010-07-15,28.74,4.08,68.77,2.72
2010-07-16,28.16,0.71,68.68,3.63
2010-07-17,28.36,1.8,63.64,4.1
2010-07-18,28.56,1.19,66.39,3.68
2010-07-19,28.37,0.38,66.82,3.81
2010-07-20,28.51,0.02,64.14,4.29
2010-07-21,28.76,0.56,66.16,2.89
2010-07-22,28.97,0.01,64.22,3.34
2010-07-23,29.93,0.0,57.45,3.44
2010-07-24,29.19,0.0,58.21,4.58
2010-07-25,28.79,0.01,57.43,4.5
2010-07-26,29.69,0.27,55.41,4.6
2010-07-27,29.42,0.06,61.12,4.07
2010-07-28,29.36,0.04,57.08,4.56
2010-07-29,29.78,0.28,57.5,4.41
2010-07-30,29.7,0.03,57.0,4.0
2010-07-31,29.63,0.0,57.32,4.16
2010-08-01,31.16,0.0,54.37,3.13
2010-08-02,31.42,0.01,52.31,3.64
2010-08-03,30.32,0.13,52.91,4.65
2010-08-04,30.41,0.04,53.76,4.49
2010-08-05,30.06,0.67,58.81,3.06
2010-08-06,30.85,0.03,54.97,4.06
2010-08-07,30.61,0.1,56.02,3.06
2010-08-08,31.12,1.11,55.58,3.68
2010-08-09,31.19,3.07,57.55,3.34
2010-08-10,31.25,0.23,56.13,3.52
2010-08-11,31.51,0.19,54.48,3.62
2010-08-12,28.44,0.87,68.35,2.95
2010-08-13,28.68,4.17,69.46,2.12
2010-08-14,27.57,6.68,76.24,2.24
2010-08-15,27.13,4.04,80.46,1.72
2010-08-16,27.76,6.79,74.54,2.31
2010-08-17,29.15,0.18,63.38,2.98
2010-08-18,29.35,0.02,58.84,3.65
2010-08-19,29.46,2.25,62.76,2.37
2010-08-20,27.02,18.27,77.89,1.6
2010-08-21,26.33,12.46,78.9,1.46
2010-08-22,26.77,1.45,78.11,2.62
2010-08-23,28.12,3.75,70.83,2.66
2010-08-24,27.91,2.69,73.8,3.13
2010-08-25,27.96,0.14,69.56,3.12
2010-08-26,29.14,0.05,63.5,3.25
2010-08-27,29.32,0.15,63.65,2.45
2010-08-28,28.82,2.72,70.43,2.05
2010-08-29,28.28,5.96,75.77,2.53
2010-08-30,26.94,4.01,73.55,3.15
2010-08-31,27.57,2.28,65.69,2.66
2010-09-01,27.99,0.0,64.98,2.91
2010-09-02,29.25,0.61,63.81,2.57
2010-09-03,29.34,2.17,66.52,2.39
2010-09-04,29.28,0.02,63.5,2.31
2010-09-05,29.79,0.0,61.39,2.45
2010-09-06,29.31,0.0,60.48,2.83
2010-09-07,29.12,0.02,62.79,3.06
2010-09-08,28.78,0.01,63.95,3.08
2010-09-09,28.69,4.82,67.31,1.77
2010-09-10,27.52,12.32,77.17,1.76
2010-09-11,28.31,2.47,67.42,2.37
2010-09-12,28.76,5.67,69.96,1.06
2010-09-13,27.57,13.43,71.55,2.88
2010-09-14,28.68,0.74,64.07,2.83
2010-09-15,28.6,3.28,67.45,2.55
2010-09-16,27.97,4.78,69.47,2.69
2010-09-17,29.67,0.74,63.52,2.86
2010-09-18,28.64,3.64,65.81,2.84
2010-09-19,29.17,0.41,64.29,1.7
2010-09-20,28.76,1.06,66.51,1.69
2010-09-21,28.1,1.67,72.99,1.23
2010-09-22,26.74,8.29,81.04,0.8
2010-09-23,27.54,3.6,77.74,1.04
2010-09-24,27.65,12.93,76.36,1.63
2010-09-25,27.67,0.4,73.44,1.69
2010-09-26,27.32,10.57,76.93,1.38
2010-09-27,27.27,5.19,78.72,2.01
2010-09-28,26.94,7.51,82.02,1.7
2010-09-29,26.46,9.5,81.65,1.89
2010-09-30,26.84,5.27,78.08,1.32
2010-10-01,27.44,2.62,76.55,1.39
2010-10-02,27.17,8.58,79.56,1.19
2010-10-03,26.74,10.15,82.67,0.87
2010-10-04,27.61,4.27,79.03,1.15
2010-10-05,26.97,2.1,84.06,1.71
2010-10-06,27.48,0.71,78.19,2.86
2010-10-07,27.5,0.49,78.12,2.24
2010-10-08,27.03,9.97,83.71,1.92
2010-10-09,27.68,1.68,78.3,1.92
2010-10-10,27.99,0.1,74.62,1.55
2010-10-11,27.64,0.0,74.98,1.53
2010-10-12,28.26,0.0,68.77,1.88
2010-10-13,28.37,0.48,71.35,2.28
2010-10-14,26.8,1.27,77.59,2.5
2010-10-15,27.47,0.35,74.17,2.73
2010-10-16,28.49,0.05,66.08,3.16
2010-10-17,28.08,0.05,67.46,2.12
2010-10-18,28.56,7.1,71.34,1.72
2010-10-19,28.35,8.35,74.93,1.63
2010-10-20,27.55,1.89,78.56,1.62
2010-10-21,27.89,11.1,77.2,1.43
2010-10-22,27.65,1.26,77.39,2.05
2010-10-23,28.43,0.48,71.63,1.58
2010-10-24,28.92,0.03,69.77,1.66
2010-10-25,28.95,0.19,70.4,1.65
2010-10-26,28.03,5.32,77.4,1.09
2010-10-27,26.96,8.9,84.61,0.76
2010-10-28,26.19,16.87,84.27,1.1
2010-10-29,25.91,13.72,82.71,1.74
2010-10-30,25.77,6.36,84.9,1.43
2010-10-31,25.74,13.78,86.26,1.04
2010-11-01,25.28,20.54,85.23,1.14
2010-11-02,25.74,0.62,85.02,0.85
2010-11-03,26.5,8.83,85.14,1.2
2010-11-04,26.22,8.71,87.49,1.41
2010-11-05,25.99,20.62,86.73,0.9
2010-11-06,24.86,10.07,87.7,1.56
2010-11-07,24.31,3.18,88.8,2.8
2010-11-08,25.98,0.28,86.42,2.31
2010-11-09,26.6,6.24,86.73,1.01
2010-11-10,26.21,13.36,87.2,1.24
2010-11-11,25.51,16.65,87.33,0.96
2010-11-12,25.81,7.98,84.24,1.16
2010-11-13,26.32,0.96,84.96,1.33
2010-11-14,25.78,0.04,85.44,1.67
2010-11-15,25.59,0.93,87.11,1.48
2010-11-16,25.0,16.71,89.19,1.73
2010-11-17,25.24,10.0,89.36,2.35
2010-11-18,25.28,5.64,88.43,1.86
2010-11-19,24.99,4.92,85.97,1.71
2010-11-20,24.73,21.27,90.97,1.57
2010-11-21,25.27,7.69,85.25,0.65
2010-11-22,24.62,29.92,87.45,1.43
2010-11-23,25.28,3.84,85.8,0.92
2010-11-24,24.77,17.9,91.52,1.87
2010-11-25,24.45,21.43,93.39,3.13
2010-11-26,23.97,26.56,93.02,2.61
2010-11-27,23.26,15.54,90.62,2.11
2010-11-28,24.45,40.28,93.87,2.59
2010-11-29,24.78,3.39,90.66,2.41
2010-11-30,24.76,11.85,90.87,2.43
2010-12-01,24.75,13.98,94.66,2.19
2010-12-02,24.95,19.98,93.0,1.98
2010-12-03,24.41,15.73,93.28,2.93
2010-12-04,23.24,4.2,92.56,3.4
2010-12-05,22.57,5.69,90.98,3.51
2010-12-06,23.48,0.35,83.61,1.87
2010-12-07,24.91,2.27,84.63,1.23
2010-12-08,24.96,10.12,88.78,1.62
2010-12-09,25.08,0.7,89.5,1.22
2010-12-10,25.0,0.28,85.64,1.59
2010-12-11,24.92,0.22,84.86,1.49
2010-12-12,24.94,5.96,84.6,1.57
2010-12-13,24.3,1.17,86.18,1.23
2010-12-14,24.26,7.25,89.06,1.18
2010-12-15,24.08,9.03,89.49,1.48
2010-12-16,24.66,5.38,89.91,1.67
2010-12-17,24.38,2.91,90.26,2.1
2010-12-18,23.86,0.82,89.27,2.69
2010-12-19,22.41,2.94,88.03,2.89
2010-12-20,24.82,5.61,89.12,2.84
2010-12-21,23.49,2.47,88.19,3.69
2010-12-22,21.56,0.0,85.74,2.41
2010-12-23,21.65,0.0,85.67,2.05
2010-12-24,21.62,0.04,86.73,2.28
2010-12-25,21.96,0.01,88.18,2.62
2010-12-26,22.5,0.0,85.84,2.71
2010-12-27,22.03,0.11,85.11,2.41
2010-12-28,21.48,5.87,90.83,2.48
2010-12-29,22.65,1.48,92.83,2.85
2010-12-30,23.56,1.6,87.84,2.85
2010-12-31,23.59,0.27,88.57,2.29
2011-01-01,24.09,0.25,88.25,1.68
2011-01-02,24.57,0.29,88.77,1.96
2011-01-03,24.06,0.1,88.11,2.29
2011-01-04,22.77,4.04,91.85,2.28
2011-01-05,22.92,0.41,90.93,3.12
2011-01-06,23.51,0.19,86.91,2.92
2011-01-07,23.68,0.41,87.98,3.26
2011-01-08,24.64,0.02,86.76,2.99
2011-01-09,24.29,0.0,84.9,2.53
2011-01-10,23.6,0.03,90.56,2.32
2011-01-11,22.45,0.0,81.18,2.26
2011-01-12,21.38,0.0,87.2,2.14
2011-01-13,21.19,0.01,84.24,2.45
2011-01-14,22.0,0.02,86.28,2.79
2011-01-15,23.23,1.4,86.41,2.99
2011-01-16,23.8,0.78,86.51,2.83
2011-01-17,23.78,0.01,86.6,1.7
2011-01-18,22.56,0.0,82.84,1.83
2011-01-19,21.29,0.0,84.03,1.6
2011-01-20,21.56,0.0,84.76,1.63
2011-01-21,22.16,0.0,85.6,2.03
2011-01-22,22.41,0.0,84.28,2.38
2011-01-23,22.65,0.01,84.93,2.79
2011-01-24,22.62,0.0,83.06,2.89
2011-01-25,22.76,0.0,81.69,2.92
2011-01-26,23.36,0.01,84.34,3.34
2011-01-27,23.37,0.0,82.2,3.09
2011-01-28,23.67,0.0,84.6,2.77
2011-01-29,24.41,0.05,81.57,3.29
2011-01-30,24.2,0.2,82.79,3.32
2011-01-31,23.8,0.03,81.31,3.38
2011-02-01,23.87,0.01,80.61,3.36
2011-02-02,23.46,0.03,78.59,3.48
2011-02-03,23.67,0.04,80.8,3.23
2011-02-04,23.9,0.0,78.48,3.18
2011-02-05,23.56,0.0,77.6,3.08
2011-02-06,23.61,0.01,78.37,3.04
2011-02-07,24.16,0.0,78.1,2.86
2011-02-08,23.75,0.0,73.65,2.33
2011-02-09,23.77,0.01,76.96,2.21
2011-02-10,22.95,0.05,74.37,2.44
2011-02-11,23.16,0.0,77.27,2.55
2011-02-12,23.59,0.0,74.28,2.38
2011-02-13,22.76,0.0,72.81,2.48
2011-02-14,23.59,0.0,74.36,1.96
2011-02-15,24.64,0.0,73.25,1.58
2011-02-16,25.98,0.0,74.22,1.41
2011-02-17,26.82,0.0,72.85,1.28
2011-02-18,26.94,0.0,74.82,1.4
2011-02-19,27.65,0.0,73.06,1.56
2011-02-20,27.66,0.0,73.0,1.96
2011-02-21,27.45,0.01,74.89,1.77
2011-02-22,26.83,1.28,77.57,2.28
2011-02-23,26.76,3.31,75.61,2.38
2011-02-24,26.21,9.13,77.8,2.0
2011-02-25,26.45,0.18,71.68,2.02
2011-02-26,26.37,1.69,71.69,2.12
2011-02-27,26.22,0.0,70.13,2.71
2011-02-28,26.07,0.0,70.87,3.11
2011-03-01,25.94,0.0,70.33,3.15
2011-03-02,25.72,0.0,67.28,2.86
2011-03-03,25.73,0.0,68.29,2.63
2011-03-04,26.75,0.0,69.85,2.16
2011-03-05,27.43,0.0,67.28,2.05
2011-03-06,26.73,0.0,65.56,2.13
2011-03-07,26.04,0.0,65.74,2.23
2011-03-08,27.16,0.0,60.28,2.11
2011-03-09,27.97,0.0,54.59,1.83
2011-03-10,27.21,0.0,58.13,1.93
2011-03-11,26.83,0.0,60.11,1.57
2011-03-12,27.62,0.1,68.05,2.71
2011-03-13,28.64,0.1,67.64,3.51
2011-03-14,28.32,0.02,68.29,3.53
2011-03-15,28.28,0.0,65.01,3.17
2011-03-16,28.09,0.0,65.13,3.4
2011-03-17,27.38,0.0,63.59,3.36
2011-03-18,27.29,0.0,63.87,2.65
2011-03-19,28.8,0.0,63.44,2.02
2011-03-20,29.89,0.0,62.23,1.59
2011-03-21,30.27,0.0,62.09,1.6
2011-03-22,30.61,0.0,60.0,1.92
2011-03-23,30.01,0.01,58.61,1.86
2011-03-24,30.0,0.0,56.9,1.7
2011-03-25,30.57,0.68,58.8,2.13
2011-03-26,30.58,0.03,57.66,1.99
2011-03-27,31.11,0.0,56.06,2.09
2011-03-28,31.39,0.0,52.35,1.9
2011-03-29,31.39,0.01,51.7,2.01
2011-03-30,30.79,0.0,54.01,2.3
2011-03-31,30.83,0.0,53.58,2.39
2011-04-01,31.49,0.0,51.8,2.34
2011-04-02,31.51,0.0,55.76,3.13
2011-04-03,31.63,0.0,55.27,2.75
2011-04-04,32.07,0.34,52.49,2.77
2011-04-05,31.7,0.02,52.47,3.03
2011-04-06,30.58,0.0,51.96,3.02
2011-04-07,30.01,0.0,53.4,2.75
2011-04-08,30.29,0.01,57.03,2.3
2011-04-09,31.37,0.56,55.34,2.38
2011-04-10,30.86,0.93,58.84,2.49
2011-04-11,31.18,0.12,57.16,2.41
2011-04-12,31.39,0.01,56.58,2.49
2011-04-13,31.75,0.08,56.39,2.44
2011-04-14,31.7,0.02,56.25,2.46
2011-04-15,30.83,1.42,59.02,2.25
2011-04-16,30.36,0.11,57.91,2.5
2011-04-17,31.09,0.22,54.86,1.99
2011-04-18,31.15,0.31,55.96,2.44
2011-04-19,30.44,0.48,57.31,2.42
2011-04-20,29.29,1.15,57.99,2.39
2011-04-21,29.51,5.25,61.75,1.67
2011-04-22,27.34,11.56,79.49,1.76
2011-04-23,26.22,18.69,86.9,1.36
2011-04-24,28.23,10.99,73.08,1.08
2011-04-25,27.25,6.53,79.5,1.14
2011-04-26,29.32,2.5,68.2,1.45
2011-04-27,29.9,0.48,67.84,1.65
2011-04-28,30.21,0.12,66.12,1.57
2011-04-29,30.66,0.13,64.95,2.07
2011-04-30,30.75,0.03,64.74,1.64
2011-05-01,30.68,0.58,65.02,1.53
2011-05-02,30.4,0.07,66.14,1.74
2011-05-03,30.44,10.09,67.44,2.24
2011-05-04,29.66,0.1,65.31,3.09
2011-05-05,29.95,0.14,66.31,2.26
2011-05-06,31.03,0.03,61.55,2.17
2011-05-07,31.49,0.0,58.79,2.28
2011-05-08,31.06,0.0,55.37,1.9
2011-05-09,30.64,0.0,55.94,2.3
2011-05-10,31.32,0.0,55.61,2.36
2011-05-11,31.5,0.0,53.11,2.56
2011-05-12,31.53,0.0,55.39,2.48
2011-05-13,31.73,0.31,55.76,2.37
2011-05-14,32.17,0.07,56.45,1.62
2011-05-15,32.19,0.0,57.65,1.88
2011-05-16,31.94,0.0,58.05,2.48
2011-05-17,31.62,0.0,58.78,3.24
2011-05-18,31.81,0.0,57.9,2.52
2011-05-19,31.67,1.8,58.18,2.89
2011-05-20,30.23,13.76,69.16,2.73
2011-05-21,29.87,0.43,68.16,2.38
2011-05-22,31.31,0.0,57.74,1.75
2011-05-23,32.35,0.1,57.44,1.76
2011-05-24,32.42,0.19,58.51,1.98
2011-05-25,31.81,0.02,61.97,1.67
2011-05-26,31.22,0.0,61.75,1.83
2011-05-27,31.07,1.49,60.37,2.08
2011-05-28,30.2,0.25,63.13,2.67
2011-05-29,30.66,0.01,56.27,3.14
2011-05-30,31.82,1.01,59.06,2.8
2011-05-31,30.16,19.34,67.01,3.23
2011-06-01,29.19,4.53,70.25,2.88
2011-06-02,28.59,0.34,68.51,4.5
2011-06-03,28.56,1.85,70.96,2.7
2011-06-04,29.8,2.13,67.33,2.83
2011-06-05,30.25,0.03,62.83,3.0
2011-06-06,31.14,0.13,57.28,3.55
2011-06-07,31.08,0.0,55.36,2.57
2011-06-08,31.27,0.0,54.4,2.75
2011-06-09,30.72,0.78,59.4,2.95
2011-06-10,30.81,0.01,60.75,3.42
2011-06-11,30.52,0.0,60.75,3.28
2011-06-12,30.59,0.0,60.42,3.61
2011-06-13,30.0,0.07,56.94,4.69
2011-06-14,29.01,0.21,60.39,4.35
2011-06-15,29.17,0.0,55.82,4.23
2011-06-16,29.06,0.03,57.91,4.86
2011-06-17,28.98,0.68,53.18,4.85
2011-06-18,29.88,0.07,51.35,4.82
2011-06-19,30.75,0.26,57.31,4.5
2011-06-20,31.47,0.0,53.54,4.5
2011-06-21,30.55,0.0,54.96,4.3
2011-06-22,31.16,0.16,53.33,4.37
2011-06-23,32.13,0.02,52.26,3.55
2011-06-24,31.98,0.27,53.06,3.97
2011-06-25,30.97,1.11,57.05,4.29
2011-06-26,31.16,0.01,55.09,5.07
2011-06-27,31.01,0.05,52.74,5.47
2011-06-28,30.32,0.06,49.89,5.29
2011-06-29,31.04,0.0,48.7,3.35
2011-06-30,32.15,0.0,48.31,2.59
2011-07-01,31.56,3.89,53.49,2.81
2011-07-02,30.49,0.51,54.53,3.45
2011-07-03,30.92,1.29,51.15,2.85
2011-07-04,31.21,1.52,48.97,4.47
2011-07-05,27.63,22.21,63.12,3.59
2011-07-06,28.78,0.22,60.88,3.47
2011-07-07,29.5,6.33,59.33,2.43
2011-07-08,28.58,0.57,63.93,2.43
2011-07-09,28.45,8.59,65.85,2.19
2011-07-10,28.97,0.98,63.82,2.2
2011-07-11,29.03,0.41,65.75,3.03
2011-07-12,28.67,0.02,60.77,5.27
2011-07-13,28.71,0.03,54.88,4.94
2011-07-14,28.98,0.06,51.24,5.81
2011-07-15,28.45,0.02,54.85,5.35
2011-07-16,29.58,0.28,56.83,4.85
2011-07-17,29.55,0.12,58.31,4.26
2011-07-18,29.33,0.06,59.85,4.38
2011-07-19,29.52,0.02,58.29,4.31
2011-07-20,29.63,0.1,58.04,5.04
2011-07-21,30.29,0.04,54.39,4.52
2011-07-22,29.43,0.0,56.18,4.41
2011-07-23,29.55,0.01,57.75,4.58
2011-07-24,29.0,0.04,59.56,4.38
2011-07-25,29.37,0.83,56.92,2.61
2011-07-26,30.36,1.78,53.48,1.93
2011-07-27,29.15,0.2,55.56,4.11
2011-07-28,28.7,2.77,58.61,3.97
2011-07-29,28.1,0.08,59.48,4.54
2011-07-30,27.89,0.01,62.57,2.6
2011-07-31,30.6,0.0,55.89,3.93
2011-08-01,30.96,0.06,53.04,4.45
2011-08-02,31.37,0.06,53.72,4.69
2011-08-03,29.75,0.04,56.93,3.72
2011-08-04,30.52,0.43,52.59,4.32
2011-08-05,29.85,4.28,55.94,3.87
2011-08-06,30.17,0.06,54.72,4.5
2011-08-07,30.31,0.0,55.1,4.53
2011-08-08,29.82,5.13,61.02,3.25
2011-08-09,29.63,1.32,63.17,2.79
2011-08-10,30.61,1.01,58.5,3.06
2011-08-11,29.55,1.21,61.59,3.95
2011-08-12,30.19,0.02,55.43,3.09
2011-08-13,30.07,0.18,55.73,2.74
2011-08-14,29.46,0.05,54.01,1.77
2011-08-15,28.86,13.96,66.6,1.63
2011-08-16,28.58,0.76,69.36,1.93
2011-08-17,27.62,14.88,73.38,1.86
2011-08-18,28.62,0.87,67.36,2.84
2011-08-19,28.91,0.0,63.37,2.18
2011-08-20,28.85,4.32,67.07,1.81
2011-08-21,28.74,0.1,66.4,2.47
2011-08-22,29.32,0.19,61.57,2.17
2011-08-23,30.36,0.09,57.83,2.73
2011-08-24,28.39,14.67,66.85,3.3
2011-08-25,28.42,1.89,67.97,2.79
2011-08-26,28.71,0.56,64.82,2.65
2011-08-27,29.2,0.05,61.3,3.7
2011-08-28,28.69,0.03,64.12,3.13
2011-08-29,29.17,0.05,60.99,3.89
2011-08-30,28.64,0.27,58.62,3.97
2011-08-31,29.03,1.61,61.63,3.32
2011-09-01,29.36,0.67,62.73,3.73
2011-09-02,28.26,6.99,71.31,2.38
2011-09-03,28.78,0.02,66.5,3.3
2011-09-04,29.77,0.55,62.44,2.68
2011-09-05,30.43,2.85,60.92,2.75
2011-09-06,28.98,2.17,63.42,3.07
2011-09-07,29.76,0.03,60.29,2.72
2011-09-08,29.8,8.25,63.62,2.33
2011-09-09,29.16,1.8,68.29,2.23
2011-09-10,29.11,4.27,66.54,2.47
2011-09-11,29.05,2.73,64.84,3.26
2011-09-12,27.75,40.91,72.83,2.22
2011-09-13,27.81,0.15,63.95,2.93
2011-09-14,28.08,0.19,63.09,3.47
2011-09-15,28.1,10.06,68.63,2.79
2011-09-16,28.8,2.01,68.11,2.43
2011-09-17,29.21,0.32,66.66,2.05
2011-09-18,29.28,0.01,65.41,1.99
2011-09-19,29.76,0.36,63.12,1.74
2011-09-20,29.1,0.04,65.67,2.14
2011-09-21,28.7,3.77,65.47,3.18
2011-09-22,29.32,0.0,62.67,2.38
2011-09-23,30.11,0.0,56.47,2.35
2011-09-24,29.11,3.44,62.85,1.72
2011-09-25,30.14,0.54,63.45,1.25
2011-09-26,30.04,2.28,63.76,1.91
2011-09-27,29.7,0.05,64.94,1.57
2011-09-28,30.05,0.0,63.1,1.76
2011-09-29,28.76,6.21,69.06,1.81
2011-09-30,27.51,30.52,81.0,1.38
2011-10-01,27.07,7.94,81.17,1.3
2011-10-02,27.46,3.66,79.07,1.09
2011-10-03,28.27,1.89,74.71,1.26
2011-10-04,27.71,3.0,77.1,1.68
2011-10-05,27.61,3.49,75.41,1.22
2011-10-06,28.22,2.61,75.11,1.57
2011-10-07,26.99,3.21,81.31,1.14
2011-10-08,28.82,1.11,71.31,1.41
2011-10-09,28.63,5.22,73.15,1.37
2011-10-10,28.26,0.2,74.94,1.21
2011-10-11,27.48,1.83,77.52,1.21
2011-10-12,26.01,12.13,83.47,1.25
2011-10-13,26.98,6.16,79.8,1.13
2011-10-14,27.93,2.88,76.76,0.87
2011-10-15,27.22,3.89,83.26,0.85
2011-10-16,27.02,7.39,84.88,1.04
2011-10-17,26.46,3.48,85.61,1.55
2011-10-18,26.5,13.03,83.73,0.92
2011-10-19,27.32,3.18,78.5,1.14
2011-10-20,27.52,0.14,76.43,1.28
2011-10-21,27.88,0.45,76.27,1.34
2011-10-22,27.16,6.46,81.29,1.63
2011-10-23,25.72,4.88,84.71,1.63
2011-10-24,26.26,8.29,83.84,1.93
2011-10-25,25.46,12.99,86.23,2.38
2011-10-26,25.29,8.8,88.16,3.0
2011-10-27,26.08,11.5,84.51,2.35
2011-10-28,25.33,7.39,87.95,2.58
2011-10-29,24.69,29.74,88.75,2.79
2011-10-30,24.64,15.98,91.08,2.72
2011-10-31,25.2,9.77,89.32,2.27
2011-11-01,24.79,16.55,93.49,2.34
2011-11-02,24.2,2.49,90.41,1.69
2011-11-03,24.72,21.79,86.4,1.2
2011-11-04,25.61,4.07,82.61,0.92
2011-11-05,26.17,6.65,85.61,1.02
2011-11-06,26.31,8.57,85.75,1.0
2011-11-07,25.72,1.27,86.13,2.26
2011-11-08,23.53,0.0,81.94,2.09
2011-11-09,23.15,0.0,79.31,1.89
2011-11-10,23.32,0.0,77.85,1.9
2011-11-11,24.62,0.08,84.51,2.09
2011-11-12,25.15,0.01,83.95,1.99
2011-11-13,24.83,0.29,83.18,1.92
2011-11-14,25.07,0.64,86.54,2.42
2011-11-15,24.68,0.36,83.44,2.65
2011-11-16,24.13,3.52,83.68,2.71
2011-11-17,25.0,7.39,88.05,2.84
2011-11-18,25.22,7.28,87.9,2.7
2011-11-19,24.23,3.55,83.86,3.27
2011-11-20,23.83,0.58,84.04,3.33
2011-11-21,24.6,1.3,84.99,3.41
2011-11-22,24.55,1.2,82.71,3.51
2011-11-23,24.47,3.13,85.49,3.69
2011-11-24,24.96,22.48,90.85,4.07
2011-11-25,25.28,37.88,93.88,3.99
2011-11-26,25.31,30.52,93.18,4.1
2011-11-27,24.89,11.62,92.15,2.11
2011-11-28,25.16,8.71,90.96,1.98
2011-11-29,25.48,1.16,88.15,1.85
2011-11-30,25.47,2.5,89.79,2.78
2011-12-01,25.02,1.91,88.14,1.75
2011-12-02,25.09,0.17,85.06,1.36
2011-12-03,25.13,0.02,81.26,1.06
2011-12-04,24.6,0.03,84.47,1.29
2011-12-05,23.85,0.01,85.41,1.77
2011-12-06,23.49,0.0,86.01,2.19
2011-12-07,22.85,0.05,83.72,2.81
2011-12-08,23.65,0.4,85.01,2.56
2011-12-09,25.04,1.63,88.3,2.2
2011-12-10,25.48,1.26,87.35,2.23
2011-12-11,25.08,0.92,87.33,2.27
2011-12-12,24.05,0.77,89.56,2.69
2011-12-13,24.12,2.09,88.9,3.21
2011-12-14,24.11,2.21,87.63,3.6
2011-12-15,24.08,5.13,89.54,2.28
2011-12-16,24.04,0.71,83.08,3.18
2011-12-17,23.03,0.02,80.46,3.28
2011-12-18,22.55,3.96,85.27,3.68
2011-12-19,22.69,3.22,85.88,3.2
2011-12-20,22.08,0.38,84.83,3.09
2011-12-21,22.75,0.0,83.24,3.03
2011-12-22,22.61,0.02,81.64,3.11
2011-12-23,22.41,0.15,83.1,2.76
2011-12-24,22.67,0.0,80.56,2.73
2011-12-25,22.46,0.0,81.16,2.91
2011-12-26,22.28,0.0,79.71,2.52
2011-12-27,22.77,0.0,69.21,1.66
2011-12-28,23.53,0.0,65.25,1.58
2011-12-29,24.52,2.3,69.55,2.24
2011-12-30,24.84,14.63,86.09,3.73
2011-12-31,24.34,3.74,84.14,3.1
2012-01-01,24.24,0.03,83.9,1.45
2012-01-02,25.49,0.0,82.69,1.22
2012-01-03,25.32,0.03,82.6,1.6
2012-01-04,25.62,0.05,84.22,2.34
2012-01-05,25.58,0.0,83.45,2.3
2012-01-06,24.8,0.0,82.05,2.29
2012-01-07,24.04,0.03,81.5,2.36
2012-01-08,24.82,1.59,83.8,3.02
2012-01-09,25.33,0.63,82.42,2.14
2012-01-10,25.17,0.05,78.42,1.92
2012-01-11,24.49,2.17,79.22,1.81
2012-01-12,24.36,0.6,79.56,2.32
2012-01-13,24.31,0.17,79.41,3.01
2012-01-14,23.74,0.02,74.68,3.24
2012-01-15,21.91,0.0,73.53,2.94
2012-01-16,21.51,0.0,74.44,2.27
2012-01-17,21.76,0.0,72.73,1.88
2012-01-18,22.26,0.0,69.13,1.49
2012-01-19,23.23,0.0,72.0,1.47
2012-01-20,23.4,0.0,71.18,1.48
2012-01-21,23.39,0.0,73.83,2.13
2012-01-22,23.02,0.0,72.11,2.74
2012-01-23,23.09,0.0,71.88,2.88
2012-01-24,23.17,0.0,69.35,2.64
2012-01-25,23.01,0.0,69.39,2.59
2012-01-26,23.99,0.1,69.04,2.72
2012-01-27,24.69,0.15,73.06,2.34
2012-01-28,24.89,0.0,72.29,2.55
2012-01-29,24.66,0.0,70.23,2.58
2012-01-30,24.6,0.38,69.75,2.82
2012-01-31,24.31,1.27,70.27,3.12
2012-02-01,24.13,0.01,69.71,3.64
2012-02-02,24.16,0.02,71.42,3.64
2012-02-03,25.16,0.0,67.83,3.89
2012-02-04,25.37,0.0,67.2,3.33
2012-02-05,24.91,0.0,73.42,2.87
2012-02-06,25.04,0.0,77.38,2.6
2012-02-07,26.95,0.0,68.33,2.9
2012-02-08,26.84,0.0,70.28,2.45
2012-02-09,27.14,0.0,72.33,2.1
2012-02-10,27.13,0.01,70.6,2.35
2012-02-11,26.1,0.02,73.26,1.97
2012-02-12,26.32,0.0,67.67,2.44
2012-02-13,26.19,0.0,70.05,2.71
2012-02-14,26.85,0.0,68.7,2.66
2012-02-15,26.81,0.0,66.85,1.57
2012-02-16,27.76,0.0,64.63,1.95
2012-02-17,26.84,0.0,68.52,2.17
2012-02-18,25.79,0.0,67.32,2.76
2012-02-19,26.01,0.0,66.73,2.88
2012-02-20,26.34,0.0,61.32,2.53
2012-02-21,26.82,0.0,61.9,2.33
2012-02-22,26.27,0.0,62.08,2.61
2012-02-23,25.93,0.0,62.21,2.83
2012-02-24,25.43,0.0,60.57,2.5
2012-02-25,26.01,0.0,56.9,2.92
2012-02-26,26.06,0.0,58.05,2.73
2012-02-27,27.31,0.0,57.52,2.74
2012-02-28,29.05,0.0,60.95,1.74
2012-02-29,30.66,0.0,59.12,2.09
2012-03-01,30.4,0.0,60.95,2.48
2012-03-02,30.73,0.0,58.15,2.46
2012-03-03,31.09,0.0,56.82,2.62
2012-03-04,30.77,0.0,58.04,2.81
2012-03-05,30.19,0.0,60.58,2.4
2012-03-06,30.25,0.0,54.33,1.8
2012-03-07,30.51,0.0,53.44,2.13
2012-03-08,31.39,0.0,54.03,1.35
2012-03-09,31.45,0.0,48.49,2.02
2012-03-10,30.79,0.0,54.77,2.31
2012-03-11,29.39,0.04,57.48,3.08
2012-03-12,28.1,2.3,67.62,2.56
2012-03-13,28.74,0.21,68.64,3.02
2012-03-14,30.15,0.0,61.26,2.85
2012-03-15,30.6,0.04,58.93,2.89
2012-03-16,30.8,0.03,58.2,2.26
2012-03-17,31.04,0.0,53.49,2.15
2012-03-18,30.44,0.0,53.95,2.1
2012-03-19,30.81,0.0,48.04,2.24
2012-03-20,31.04,0.0,51.18,2.56
2012-03-21,31.05,0.0,55.66,2.65
2012-03-22,31.25,0.01,53.39,2.13
2012-03-23,30.93,0.0,52.4,2.21
2012-03-24,29.97,0.0,49.61,2.41
2012-03-25,29.08,0.0,51.69,2.42
2012-03-26,28.83,0.0,51.38,2.4
2012-03-27,29.38,0.21,59.81,2.46
2012-03-28,30.75,0.46,56.59,2.52
2012-03-29,30.48,0.01,57.37,1.91
2012-03-30,31.78,0.0,54.44,1.9
2012-03-31,31.62,4.96,56.43,2.28
2012-04-01,30.23,3.44,61.2,2.52
2012-04-02,29.78,0.26,59.37,2.17
2012-04-03,30.65,0.01,53.59,1.81
2012-04-04,31.18,0.0,52.34,2.12
2012-04-05,31.9,0.0,52.81,1.97
2012-04-06,32.07,0.01,54.47,2.59
2012-04-07,31.75,0.01,57.89,2.68
2012-04-08,31.64,0.0,57.09,2.84
2012-04-09,31.46,0.25,57.68,2.47
2012-04-10,32.13,0.26,55.89,2.71
2012-04-11,32.35,0.0,54.39,2.93
2012-04-12,32.24,0.08,54.77,2.8
2012-04-13,31.7,0.02,56.61,2.66
2012-04-14,29.79,0.3,64.29,2.06
2012-04-15,30.48,0.13,60.64,2.11
2012-04-16,30.92,0.12,59.47,1.83
2012-04-17,32.5,0.02,55.06,2.33
2012-04-18,32.88,0.0,51.71,2.63
2012-04-19,31.67,0.0,54.73,1.86
2012-04-20,31.94,0.02,54.66,2.78
2012-04-21,33.12,0.01,50.62,2.66
2012-04-22,32.82,0.0,53.51,2.51
2012-04-23,32.27,0.49,55.01,2.22
2012-04-24,29.96,17.69,68.22,1.03
2012-04-25,27.78,6.48,77.87,1.67
2012-04-26,27.05,7.8,79.05,1.78
2012-04-27,28.94,2.73,71.63,1.97
2012-04-28,29.68,0.12,66.87,2.21
2012-04-29,29.33,2.12,69.37,2.11
2012-04-30,29.83,1.54,70.25,1.6
2012-05-01,29.94,3.61,69.57,2.16
2012-05-02,29.51,0.19,69.93,1.72
2012-05-03,30.18,0.41,66.93,1.83
2012-05-04,29.64,0.14,68.84,2.45
2012-05-05,29.08,0.02,64.86,3.07
2012-05-06,31.2,0.0,57.09,2.12
2012-05-07,32.47,2.02,54.73,2.36
2012-05-08,30.95,12.38,66.57,1.57
2012-05-09,31.16,0.81,63.92,1.57
2012-05-10,30.19,34.07,69.31,1.59
2012-05-11,29.26,3.65,74.3,1.4
2012-05-12,29.84,0.1,68.54,1.52
2012-05-13,30.5,0.01,64.64,2.05
2012-05-14,30.14,2.02,70.41,1.48
2012-05-15,29.84,2.54,71.29,1.96
2012-05-16,30.51,0.16,67.04,1.82
2012-05-17,31.07,0.0,64.95,2.3
2012-05-18,29.33,2.14,72.05,2.01
2012-05-19,30.83,0.67,68.36,1.86
2012-05-20,30.16,0.24,68.85,1.87
2012-05-21,29.27,0.89,67.22,2.99
2012-05-22,29.61,0.02,63.9,2.46
2012-05-23,30.35,0.0,60.87,2.78
2012-05-24,31.51,0.0,57.55,2.91
2012-05-25,30.14,0.0,62.52,3.08
2012-05-26,28.13,0.0,68.88,2.95
2012-05-27,30.12,0.0,64.46,3.49
2012-05-28,30.77,0.0,61.48,2.72
2012-05-29,29.55,0.0,66.83,3.17
2012-05-30,29.96,0.0,64.06,2.58
2012-05-31,30.63,0.0,61.01,3.31
2012-06-01,29.54,0.0,61.01,3.9
2012-06-02,32.1,0.0,55.09,2.86
2012-06-03,31.37,4.48,61.38,3.38
2012-06-04,30.19,0.11,66.41,2.69
2012-06-05,30.81,0.01,58.18,4.12
2012-06-06,30.7,0.02,54.51,4.13
2012-06-07,29.89,0.02,57.32,4.43
2012-06-08,30.24,0.36,55.8,3.61
2012-06-09,30.34,0.11,55.08,4.51
2012-06-10,29.61,0.0,59.54,3.91
2012-06-11,30.88,0.0,56.36,3.61
2012-06-12,31.21,0.0,52.55,3.45
2012-06-13,29.4,8.29,58.28,3.01
2012-06-14,28.75,18.93,68.94,2.87
2012-06-15,29.93,1.27,62.21,3.03
2012-06-16,29.6,4.82,64.67,3.59
2012-06-17,27.86,10.92,66.04,4.3
2012-06-18,28.06,0.32,62.13,4.24
2012-06-19,29.36,0.07,60.22,4.61
2012-06-20,28.98,0.0,62.22,4.37
2012-06-21,28.77,0.9,63.04,3.76
2012-06-22,29.09,0.02,62.99,3.77
2012-06-23,30.92,0.0,57.76,2.85
2012-06-24,30.57,0.0,59.37,2.2
2012-06-25,29.86,0.01,63.31,1.92
2012-06-26,29.39,0.97,65.32,1.92
2012-06-27,29.08,0.04,61.7,2.77
2012-06-28,27.75,2.37,67.66,2.94
2012-06-29,28.76,0.03,63.89,3.1
2012-06-30,29.06,0.02,60.67,3.48
2012-07-01,29.08,0.02,58.48,4.25
2012-07-02,28.18,0.74,61.84,3.82
2012-07-03,30.0,0.03,53.4,4.83
2012-07-04,30.7,0.0,54.04,4.17
2012-07-05,31.26,0.0,53.15,3.15
2012-07-06,31.27,0.0,54.42,2.23
2012-07-07,30.97,0.06,55.1,2.89
2012-07-08,30.72,0.01,56.01,2.98
2012-07-09,29.68,1.11,60.22,2.33
2012-07-10,30.16,0.09,56.27,3.65
2012-07-11,30.7,0.16,54.72,4.06
2012-07-12,31.1,0.86,55.45,3.72
2012-07-13,30.66,14.22,61.37,3.17
2012-07-14,27.29,6.67,76.49,2.58
2012-07-15,28.05,2.52,73.14,1.36
2012-07-16,27.92,0.72,72.72,1.38
2012-07-17,28.93,2.22,70.54,1.29
2012-07-18,29.82,0.01,61.5,2.52
2012-07-19,29.72,0.0,59.05,3.79
2012-07-20,30.29,0.0,58.4,3.84
2012-07-21,29.97,0.03,58.65,4.21
2012-07-22,30.4,0.0,57.08,4.44
2012-07-23,30.66,0.0,56.9,3.49
2012-07-24,31.0,0.0,55.43,3.43
2012-07-25,30.85,0.0,56.22,4.21
2012-07-26,31.28,0.01,54.61,4.35
2012-07-27,30.01,0.03,57.8,3.75
2012-07-28,30.86,0.0,54.18,3.46
2012-07-29,30.14,0.0,56.53,3.66
2012-07-30,30.59,0.0,53.63,3.48
2012-07-31,29.96,0.0,54.51,3.71
2012-08-01,31.1,0.0,51.35,3.26
2012-08-02,31.22,0.0,52.27,4.1
2012-08-03,31.4,0.06,51.71,4.1
2012-08-04,31.66,0.01,50.03,4.55
2012-08-05,31.93,0.26,50.4,4.4
2012-08-06,31.76,0.05,49.89,3.99
2012-08-07,31.21,4.72,50.66,3.02
2012-08-08,29.38,4.27,62.23,2.77
2012-08-09,29.28,0.11,62.24,3.8
2012-08-10,29.8,0.17,57.83,3.49
2012-08-11,29.19,8.56,63.39,2.35
2012-08-12,28.45,0.05,68.6,2.26
2012-08-13,29.35,0.17,62.88,2.28
2012-08-14,29.68,2.35,59.59,2.28
2012-08-15,28.83,6.77,66.85,2.63
2012-08-16,28.01,9.77,72.52,2.03
2012-08-17,26.94,5.62,75.11,3.03
2012-08-18,28.26,0.13,65.97,3.76
2012-08-19,30.18,0.01,53.85,3.47
2012-08-20,30.42,0.0,57.44,2.44
2012-08-21,29.31,12.99,67.28,1.72
2012-08-22,29.5,0.41,65.75,1.6
2012-08-23,30.25,1.04,62.38,2.56
2012-08-24,29.53,19.38,67.91,1.72
2012-08-25,28.22,0.3,72.41,2.11
2012-08-26,28.14,0.18,68.11,2.88
2012-08-27,28.49,0.07,61.84,3.56
2012-08-28,28.64,1.5,63.25,2.31
2012-08-29,27.99,1.14,68.62,2.72
2012-08-30,27.4,0.18,71.91,2.4
2012-08-31,28.09,0.44,70.37,3.21
2012-09-01,29.43,0.02,61.27,3.19
2012-09-02,30.19,1.84,59.38,3.4
2012-09-03,28.86,0.15,67.13,2.95
2012-09-04,28.88,0.04,60.8,3.77
2012-09-05,30.44,1.0,59.13,2.08
2012-09-06,30.32,4.0,62.09,1.93
2012-09-07,29.35,5.81,67.77,2.38
2012-09-08,28.48,3.97,68.57,1.73
2012-09-09,27.51,8.08,71.48,2.94
2012-09-10,28.56,0.02,60.56,3.57
2012-09-11,28.58,3.13,60.3,3.14
2012-09-12,29.52,0.09,59.6,2.83
2012-09-13,29.46,0.91,62.84,2.16
2012-09-14,29.81,0.27,63.21,2.2
2012-09-15,29.07,4.67,67.1,2.63
2012-09-16,29.51,0.32,61.27,3.15
2012-09-17,29.94,2.4,64.48,1.87
2012-09-18,29.31,3.69,66.65,2.12
2012-09-19,29.53,0.4,66.34,1.6
2012-09-20,30.62,0.57,60.95,1.89
2012-09-21,29.74,0.97,63.49,1.84
2012-09-22,31.03,0.47,58.66,2.17
2012-09-23,30.71,0.29,57.11,1.79
2012-09-24,30.55,3.2,58.51,1.76
2012-09-25,30.18,0.78,60.49,1.77
2012-09-26,29.51,3.87,65.23,1.65
2012-09-27,27.58,7.9,77.53,1.24
2012-09-28,27.83,17.46,75.91,1.56
2012-09-29,28.05,2.24,72.84,1.45
2012-09-30,28.34,7.56,72.34,1.4
2012-10-01,28.9,0.1,64.74,1.95
2012-10-02,28.97,0.0,63.18,2.0
2012-10-03,30.18,0.0,61.29,1.85
2012-10-04,30.22,0.0,59.13,1.92
2012-10-05,30.47,0.0,59.7,1.79
2012-10-06,29.57,0.07,65.37,1.4
2012-10-07,27.89,11.88,77.51,1.22
2012-10-08,27.88,5.69,77.48,0.83
2012-10-09,26.28,8.09,84.61,1.04
2012-10-10,27.99,0.65,73.18,1.38
2012-10-11,28.67,0.18,70.2,1.38
2012-10-12,27.01,1.77,81.13,1.22
2012-10-13,27.58,1.33,76.03,1.57
2012-10-14,26.76,20.28,81.97,1.75
2012-10-15,26.09,12.86,84.21,1.74
2012-10-16,26.1,10.22,84.08,1.32
2012-10-17,26.47,7.1,81.42,1.81
2012-10-18,26.53,11.88,81.97,2.47
2012-10-19,25.49,24.06,90.67,2.45
2012-10-20,24.49,12.53,90.97,3.84
2012-10-21,25.17,17.7,90.79,2.61
2012-10-22,25.87,9.36,88.37,2.19
2012-10-23,25.82,15.99,89.45,2.45
2012-10-24,25.71,8.25,89.0,1.72
2012-10-25,25.82,1.11,87.03,1.86
2012-10-26,26.18,0.98,84.73,2.35
2012-10-27,26.09,3.1,83.18,2.72
2012-10-28,25.97,12.41,85.76,3.51
2012-10-29,25.59,9.89,86.93,3.02
2012-10-30,24.58,10.07,88.77,2.84
2012-10-31,23.75,32.14,88.84,3.8
2012-11-01,25.29,0.81,89.58,4.11
2012-11-02,26.47,0.0,84.01,2.25
2012-11-03,26.79,0.0,79.18,1.56
2012-11-04,26.1,0.0,81.54,1.4
2012-11-05,26.07,0.0,81.84,1.14
2012-11-06,25.98,0.52,82.89,1.14
2012-11-07,25.93,0.7,85.84,1.12
2012-11-08,25.72,2.55,86.95,1.04
2012-11-09,25.75,0.69,86.2,1.58
2012-11-10,25.77,0.0,85.38,2.02
2012-11-11,25.12,0.0,82.49,2.19
2012-11-12,24.85,0.03,82.98,2.48
2012-11-13,24.29,0.01,80.17,2.72
2012-11-14,23.28,0.0,77.38,2.72
2012-11-15,23.13,0.0,77.03,2.32
2012-11-16,23.14,0.0,73.73,2.57
2012-11-17,24.19,0.0,76.05,2.0
2012-11-18,24.66,0.0,75.14,1.29
2012-11-19,25.56,0.0,71.04,0.98
2012-11-20,25.76,0.0,71.52,1.24
2012-11-21,27.22,0.0,75.47,1.0
2012-11-22,27.63,1.48,78.31,1.01
2012-11-23,26.75,7.95,85.85,1.56
2012-11-24,26.03,1.79,84.22,2.29
2012-11-25,25.32,5.85,89.17,2.79
2012-11-26,25.09,0.47,85.44,2.77
2012-11-27,25.45,0.14,79.52,3.16
2012-11-28,24.72,0.0,76.91,2.9
2012-11-29,24.06,0.0,76.41,2.46
2012-11-30,23.13,0.0,76.63,1.95
2012-12-01,23.67,0.0,74.73,2.22
2012-12-02,24.25,0.12,75.64,2.65
2012-12-03,25.7,2.37,80.87,3.39
2012-12-04,26.47,0.4,82.88,3.08
2012-12-05,26.26,0.2,81.68,2.75
2012-12-06,26.49,4.38,82.09,3.42
2012-12-07,25.82,0.55,80.23,2.77
2012-12-08,25.86,0.01,80.56,2.37
2012-12-09,25.07,0.07,76.74,1.93
2012-12-10,24.33,0.0,77.51,1.88
2012-12-11,24.91,0.0,78.1,1.9
2012-12-12,25.17,0.0,77.48,1.91
2012-12-13,25.31,0.0,75.95,2.11
2012-12-14,24.96,0.0,76.65,2.68
2012-12-15,24.75,0.0,76.52,3.42
2012-12-16,25.05,0.01,72.09,4.07
2012-12-17,25.02,0.0,70.87,4.43
2012-12-18,24.92,0.15,74.25,3.85
2012-12-19,25.15,0.34,75.11,3.22
2012-12-20,25.84,0.05,76.01,3.46
2012-12-21,26.14,0.04,73.64,3.71
2012-12-22,25.42,0.01,71.63,3.74
2012-12-23,25.45,0.01,70.13,3.74
2012-12-24,25.86,0.07,71.82,3.52
2012-12-25,25.91,0.84,74.85,4.19
2012-12-26,26.35,2.8,75.95,4.04
2012-12-27,25.6,3.7,79.9,4.45
2012-12-28,25.18,3.03,86.85,3.43
2012-12-29,26.14,2.87,86.34,3.56
2012-12-30,27.29,0.46,79.12,2.83
2012-12-31,27.23,0.01,73.18,2.77
2013-01-01,26.91,0.0,73.03,2.59
2013-01-02,25.8,0.0,70.0,2.29
2013-01-03,26.44,0.0,73.88,2.44
2013-01-04,27.03,0.0,72.56,1.9
2013-01-05,26.79,0.0,74.02,2.37
2013-01-06,27.08,0.0,73.0,2.7
2013-01-07,26.61,0.38,70.34,3.05
2013-01-08,26.07,5.92,78.7,2.85
2013-01-09,25.84,1.13,75.49,3.07
2013-01-10,26.26,0.14,68.29,3.31
2013-01-11,25.53,0.0,70.35,2.81
2013-01-12,25.12,0.0,68.25,2.93
2013-01-13,24.56,0.0,65.36,2.75
2013-01-14,24.02,0.0,70.68,2.17
2013-01-15,24.72,0.0,70.93,2.58
2013-01-16,25.03,0.0,68.13,2.89
2013-01-17,25.17,0.0,66.4,3.02
2013-01-18,25.47,0.0,66.68,2.99
2013-01-19,25.67,0.01,63.75,2.94
2013-01-20,25.96,0.07,68.6,2.85
2013-01-21,26.74,0.0,63.69,3.26
2013-01-22,25.83,0.0,61.8,3.25
2013-01-23,26.3,0.0,65.47,3.23
2013-01-24,26.59,0.0,63.28,3.28
2013-01-25,25.89,0.0,63.38,3.41
2013-01-26,25.74,0.0,62.67,3.29
2013-01-27,25.99,0.0,64.49,3.18
2013-01-28,26.52,0.0,62.89,2.79
2013-01-29,26.81,0.0,63.43,2.36
2013-01-30,26.7,0.0,65.1,2.94
2013-01-31,26.03,0.0,63.49,3.48
2013-02-01,25.47,0.0,60.22,3.22
2013-02-02,25.73,0.0,63.35,3.04
2013-02-03,25.97,0.0,64.11,3.16
2013-02-04,27.18,0.12,66.15,2.69
2013-02-05,27.44,1.29,69.81,3.02
2013-02-06,28.01,0.06,65.16,3.08
2013-02-07,28.23,0.0,61.6,2.11
2013-02-08,28.78,0.0,62.22,2.05
2013-02-09,28.31,0.0,61.67,2.87
2013-02-10,27.69,0.0,61.6,3.6
2013-02-11,27.84,0.93,63.01,4.06
2013-02-12,28.01,0.6,62.48,3.99
2013-02-13,26.78,2.08,71.6,3.33
2013-02-14,27.11,6.12,71.19,2.38
2013-02-15,26.68,2.1,70.06,2.01
2013-02-16,28.48,0.48,64.38,2.18
2013-02-17,30.05,0.42,59.37,1.92
2013-02-18,29.2,4.13,66.25,2.09
2013-02-19,27.58,3.83,73.36,2.56
2013-02-20,28.2,0.1,64.03,3.08
2013-02-21,27.46,0.0,61.31,3.51
2013-02-22,26.82,0.0,62.92,3.13
2013-02-23,27.28,0.0,61.33,2.86
2013-02-24,27.03,0.0,61.26,2.38
2013-02-25,26.69,0.0,58.38,2.24
2013-02-26,26.65,0.0,57.34,2.56
2013-02-27,27.42,0.0,57.0,2.77
2013-02-28,28.2,0.0,58.31,2.73
2013-03-01,28.25,0.0,55.7,2.9
2013-03-02,27.67,0.0,59.07,3.42
2013-03-03,28.13,0.0,56.13,3.38
2013-03-04,28.19,1.65,64.83,3.68
2013-03-05,27.29,10.63,77.06,3.68
2013-03-06,27.54,4.44,76.27,3.12
2013-03-07,28.44,0.53,71.37,3.7
2013-03-08,28.05,2.01,70.16,2.62
2013-03-09,29.12,0.35,66.37,2.37
2013-03-10,29.63,0.0,61.62,2.21
2013-03-11,29.42,0.01,60.19,2.24
2013-03-12,29.08,0.0,57.05,1.99
2013-03-13,29.44,0.0,54.66,2.03
2013-03-14,28.64,0.0,60.97,2.26
2013-03-15,28.89,0.03,62.7,2.84
2013-03-16,29.39,0.34,60.19,2.93
2013-03-17,30.16,0.0,54.95,2.69
2013-03-18,29.73,0.0,52.91,2.37
2013-03-19,29.73,0.0,56.38,2.19
2013-03-20,30.34,0.0,57.97,2.34
2013-03-21,29.96,0.0,53.18,2.22
2013-03-22,30.37,0.0,48.42,2.33
2013-03-23,30.19,0.0,50.16,2.31
2013-03-24,30.08,0.16,54.52,2.48
2013-03-25,31.02,0.04,51.07,1.84
2013-03-26,31.35,0.07,55.27,2.6
2013-03-27,31.45,0.02,58.61,2.7
2013-03-28,31.79,0.03,57.88,2.7
2013-03-29,32.16,0.08,57.54,2.61
2013-03-30,31.36,0.01,60.27,2.9
2013-03-31,31.14,0.0,61.37,2.71
2013-04-01,31.98,0.0,55.92,2.65
2013-04-02,32.55,0.0,54.51,2.86
2013-04-03,32.15,0.0,54.65,2.78
2013-04-04,32.5,0.0,55.72,2.65
2013-04-05,33.3,0.01,53.16,2.83
2013-04-06,33.62,0.0,49.94,2.63
2013-04-07,33.14,0.0,54.2,3.51
2013-04-08,32.42,0.0,56.72,3.3
2013-04-09,32.13,0.0,58.69,2.99
2013-04-10,32.36,0.0,53.16,3.02
2013-04-11,31.89,0.0,53.6,2.37
2013-04-12,32.32,0.05,53.35,2.78
2013-04-13,32.5,0.08,55.22,2.51
2013-04-14,32.89,0.44,53.6,3.14
2013-04-15,31.76,0.76,58.13,2.23
2013-04-16,33.66,0.28,49.5,2.47
2013-04-17,33.82,0.13,51.81,2.98
2013-04-18,32.24,0.0,51.11,1.66
2013-04-19,33.68,0.0,46.29,2.59
2013-04-20,33.18,0.0,52.0,2.76
2013-04-21,32.74,0.4,52.77,3.18
2013-04-22,32.49,0.06,53.64,3.48
2013-04-23,32.7,0.13,53.1,3.2
2013-04-24,32.14,3.5,56.13,2.12
2013-04-25,31.65,1.0,58.15,2.56
2013-04-26,31.27,0.11,59.25,2.23
2013-04-27,32.17,0.0,54.8,2.39
2013-04-28,33.08,0.06,54.15,2.75
2013-04-29,33.64,1.36,52.19,1.88
2013-04-30,31.98,0.16,61.19,2.73
2013-05-01,31.03,1.11,61.07,2.21
2013-05-02,32.21,0.36,57.41,3.01
2013-05-03,33.14,0.0,53.07,3.03
2013-05-04,33.21,0.32,54.61,2.59
2013-05-05,32.22,0.06,59.06,2.87
2013-05-06,31.55,0.05,60.83,1.88
2013-05-07,32.52,1.91,56.71,2.03
2013-05-08,33.53,0.26,50.73,2.8
2013-05-09,33.63,0.0,47.43,3.03
2013-05-10,33.54,0.0,47.53,2.34
2013-05-11,34.68,0.07,44.89,3.28
2013-05-12,33.43,1.42,49.01,2.55
2013-05-13,30.55,0.09,56.32,2.09
2013-05-14,32.3,0.0,50.03,3.21
2013-05-15,32.98,0.0,46.17,2.53
2013-05-16,31.61,0.0,49.88,3.01
2013-05-17,33.47,0.0,46.38,1.96
2013-05-18,33.65,0.04,47.06,3.13
2013-05-19,34.02,1.0,48.59,2.7
2013-05-20,32.23,0.64,57.74,3.32
2013-05-21,32.5,0.08,46.71,3.72
2013-05-22,33.99,0.0,44.81,3.58
2013-05-23,34.06,0.0,46.44,3.68
2013-05-24,33.44,0.05,50.13,3.59
2013-05-25,31.62,6.4,53.64,4.87
2013-05-26,28.17,0.32,62.55,3.64
2013-05-27,29.3,0.01,63.76,3.47
2013-05-28,28.69,0.02,65.01,3.64
2013-05-29,29.41,0.0,62.6,2.69
2013-05-30,29.94,15.19,64.22,2.13
2013-05-31,28.14,3.95,72.74,2.56
2013-06-01,28.87,0.7,66.03,3.18
2013-06-02,29.07,0.52,62.25,4.73
2013-06-03,30.2,0.09,60.16,3.97
2013-06-04,30.58,0.14,58.4,3.27
2013-06-05,31.45,0.0,54.38,3.08
2013-06-06,30.49,3.38,61.11,2.47
2013-06-07,29.34,0.8,64.41,3.1
2013-06-08,28.26,0.03,65.09,3.23
2013-06-09,29.93,0.01,55.67,4.54
2013-06-10,30.45,0.0,53.74,4.48
2013-06-11,29.78,0.05,57.89,4.99
2013-06-12,29.31,0.01,53.99,5.44
2013-06-13,30.05,0.02,50.36,5.98
2013-06-14,30.78,0.02,55.23,5.8
2013-06-15,31.26,0.42,54.06,5.58
2013-06-16,31.04,0.13,53.99,5.54
2013-06-17,30.17,0.21,53.17,5.06
2013-06-18,30.08,1.52,54.51,4.65
2013-06-19,30.06,1.44,57.69,5.0
2013-06-20,30.16,0.01,55.85,4.84
2013-06-21,30.67,0.89,55.0,5.28
2013-06-22,29.61,0.23,54.59,5.91
2013-06-23,30.71,0.06,52.27,5.96
2013-06-24,30.37,0.37,56.97,5.24
2013-06-25,30.8,0.17,55.77,5.02
2013-06-26,29.94,3.95,59.74,4.06
2013-06-27,29.87,1.34,61.04,3.62
2013-06-28,30.06,0.38,56.56,2.96
2013-06-29,30.95,0.21,52.68,2.67
2013-06-30,30.82,0.06,52.78,3.83
2013-07-01,29.54,0.01,52.25,5.03
2013-07-02,30.23,0.0,49.55,5.29
2013-07-03,29.4,0.01,52.79,5.08
2013-07-04,30.86,0.4,52.69,4.92
2013-07-05,31.02,0.04,52.75,3.8
2013-07-06,30.42,0.5,54.83,4.31
2013-07-07,29.16,1.73,59.83,3.81
2013-07-08,29.99,0.34,55.33,4.18
2013-07-09,29.63,0.05,55.16,5.02
2013-07-10,30.09,0.12,52.62,5.06
2013-07-11,29.88,0.06,50.94,5.29
2013-07-12,30.45,0.01,52.5,4.94
2013-07-13,30.16,0.0,53.26,4.5
2013-07-14,30.76,0.01,53.46,3.66
2013-07-15,30.31,0.0,56.25,4.1
2013-07-16,30.38,0.68,54.64,5.38
2013-07-17,30.33,0.01,51.89,4.77
2013-07-18,30.51,0.12,53.04,5.17
2013-07-19,29.66,1.15,57.27,5.02
2013-07-20,29.69,0.91,57.61,4.54
2013-07-21,29.61,0.34,57.53,5.02
2013-07-22,30.06,0.01,54.34,5.16
2013-07-23,30.13,0.0,52.65,5.68
2013-07-24,30.26,0.07,51.15,6.17
2013-07-25,30.08,0.01,53.26,5.94
2013-07-26,30.12,0.07,52.08,5.19
2013-07-27,30.61,0.08,52.62,4.11
2013-07-28,31.23,0.37,53.92,3.96
2013-07-29,29.28,0.0,52.99,5.32
2013-07-30,30.83,0.0,47.59,4.94
2013-07-31,30.83,0.06,50.24,6.16
2013-08-01,30.48,0.13,53.84,5.8
2013-08-02,30.19,0.03,54.42,5.49
2013-08-03,30.59,0.01,51.74,4.67
2013-08-04,29.16,4.58,59.43,4.72
2013-08-05,28.11,6.39,63.32,5.03
2013-08-06,28.39,0.3,62.04,4.2
2013-08-07,29.16,0.69,60.36,3.51
2013-08-08,29.08,1.53,62.64,2.82
2013-08-09,27.38,9.06,72.04,3.62
2013-08-10,27.47,27.33,77.12,2.69
2013-08-11,27.97,2.13,72.52,2.48
2013-08-12,28.46,0.36,66.75,3.04
2013-08-13,28.5,0.18,65.17,3.06
2013-08-14,28.43,1.16,62.42,4.22
2013-08-15,29.29,0.87,62.47,2.36
2013-08-16,29.18,5.74,65.24,2.65
2013-08-17,29.54,1.1,63.06,2.6
2013-08-18,29.84,0.51,61.85,2.83
2013-08-19,29.39,0.01,61.61,3.15
2013-08-20,29.96,0.01,59.54,3.81
2013-08-21,29.98,0.0,59.36,4.06
2013-08-22,29.52,0.0,59.43,3.98
2013-08-23,30.48,0.0,57.85,3.27
2013-08-24,30.4,0.03,56.14,3.32
2013-08-25,30.05,0.7,58.98,2.62
2013-08-26,29.56,3.9,63.67,2.44
2013-08-27,28.97,12.18,68.46,1.61
2013-08-28,28.48,22.65,75.16,1.72
2013-08-29,28.64,6.62,74.1,1.71
2013-08-30,29.42,0.42,69.16,1.41
2013-08-31,29.37,0.37,70.56,1.32
2013-09-01,28.71,1.17,72.74,1.84
2013-09-02,28.22,2.73,74.16,2.31
2013-09-03,28.48,6.86,71.63,2.59
2013-09-04,27.21,1.66,73.27,2.12
2013-09-05,27.38,20.09,73.23,2.11
2013-09-06,25.24,17.54,84.77,2.22
2013-09-07,27.22,3.11,75.55,2.35
2013-09-08,26.25,11.31,79.59,2.39
2013-09-09,26.32,2.31,76.75,2.64
2013-09-10,27.52,11.25,74.12,2.36
2013-09-11,27.14,6.41,77.71,1.7
2013-09-12,27.03,3.83,78.33,1.92
2013-09-13,27.18,0.12,77.36,2.23
2013-09-14,28.33,0.07,72.41,2.13
2013-09-15,28.1,0.32,73.13,2.44
2013-09-16,28.39,0.33,73.7,2.77
2013-09-17,27.82,6.65,76.09,2.74
2013-09-18,27.76,0.88,72.31,2.71
2013-09-19,28.35,0.16,67.0,3.49
2013-09-20,28.47,0.02,67.87,3.57
2013-09-21,28.12,0.0,70.69,3.01
2013-09-22,28.4,0.0,67.05,2.78
2013-09-23,29.27,0.0,63.23,2.21
2013-09-24,29.65,0.0,63.47,1.96
2013-09-25,29.97,4.44,65.51,1.94
2013-09-26,29.9,0.09,66.53,1.42
2013-09-27,30.12,0.0,64.87,1.66
2013-09-28,29.84,0.0,64.06,1.81
2013-09-29,29.94,0.01,60.44,2.71
2013-09-30,29.84,0.01,60.27,2.33
2013-10-01,30.24,0.12,62.31,2.03
2013-10-02,28.98,0.26,67.81,2.09
2013-10-03,28.32,1.73,71.92,1.46
2013-10-04,28.61,0.03,63.98,1.66
2013-10-05,29.16,0.0,58.08,1.71
2013-10-06,29.47,0.06,61.8,1.54
2013-10-07,29.83,0.22,62.32,1.94
2013-10-08,28.12,21.48,76.65,1.24
2013-10-09,27.36,0.99,73.63,2.08
2013-10-10,27.46,4.31,72.39,1.67
2013-10-11,28.68,0.3,69.04,1.52
2013-10-12,27.89,0.0,64.64,2.81
2013-10-13,29.58,0.0,63.83,2.58
2013-10-14,29.5,0.15,65.79,1.78
2013-10-15,29.01,4.87,72.77,1.5
2013-10-16,28.33,11.87,78.12,1.38
2013-10-17,27.7,4.59,79.86,0.79
2013-10-18,26.67,6.63,82.62,1.12
2013-10-19,26.2,19.53,83.77,0.86
2013-10-20,25.67,11.02,82.1,0.65
2013-10-21,25.88,15.91,82.83,1.26
2013-10-22,26.73,9.21,81.57,1.08
2013-10-23,26.76,0.15,82.39,1.89
2013-10-24,26.93,2.92,80.81,1.38
2013-10-25,27.14,4.36,81.78,1.58
2013-10-26,27.16,1.1,80.49,1.26
2013-10-27,27.79,0.06,76.38,1.27
2013-10-28,27.45,0.35,74.01,1.66
2013-10-29,27.38,0.18,75.39,1.32
2013-10-30,27.4,0.07,76.06,1.48
2013-10-31,26.91,0.28,78.47,1.45
2013-11-01,26.44,0.7,81.58,1.89
2013-11-02,26.07,6.2,87.82,2.01
2013-11-03,26.04,3.24,86.31,2.31
2013-11-04,25.83,5.83,88.06,1.98
2013-11-05,25.91,9.54,86.38,2.81
2013-11-06,26.3,2.28,80.53,3.14
2013-11-07,25.99,0.43,80.51,3.39
2013-11-08,26.15,0.24,73.44,2.95
2013-11-09,25.6,0.24,72.86,2.83
2013-11-10,26.44,1.06,74.24,2.79
2013-11-11,26.84,0.07,74.35,2.96
2013-11-12,26.33,0.29,74.31,2.58
2013-11-13,25.18,0.26,75.5,2.21
2013-11-14,26.4,0.03,73.09,2.5
2013-11-15,25.03,3.99,76.47,3.12
2013-11-16,24.66,32.82,85.97,3.64
2013-11-17,25.48,22.11,87.09,2.16
2013-11-18,25.67,7.62,85.99,2.68
2013-11-19,25.48,2.07,83.96,1.84
2013-11-20,25.77,0.75,78.8,1.53
2013-11-21,26.47,2.16,79.53,0.94
2013-11-22,26.58,0.29,80.2,1.12
2013-11-23,26.49,0.86,81.33,1.42
2013-11-24,24.97,6.03,89.02,0.87
2013-11-25,25.28,0.95,85.69,1.69
2013-11-26,25.89,0.03,79.95,1.73
2013-11-27,24.98,0.01,83.85,1.62
2013-11-28,25.36,0.0,78.3,1.35
2013-11-29,25.1,0.0,78.48,1.72
2013-11-30,25.1,1.94,84.14,2.38
2013-12-01,24.97,8.84,88.04,2.38
2013-12-02,24.21,17.15,89.42,2.06
2013-12-03,24.56,9.55,86.28,2.62
2013-12-04,24.38,5.93,87.66,2.98
2013-12-05,24.73,2.53,83.55,3.37
2013-12-06,24.6,0.11,77.75,3.39
2013-12-07,24.9,0.0,76.35,3.13
2013-12-08,25.88,0.0,78.24,2.81
2013-12-09,25.6,0.0,75.94,1.66
2013-12-10,25.26,0.0,76.5,1.16
2013-12-11,25.91,0.19,70.87,1.2
2013-12-12,25.28,20.93,83.82,2.73
2013-12-13,25.08,9.05,87.66,2.99
2013-12-14,25.27,0.52,85.56,2.09
2013-12-15,24.77,0.05,80.97,2.73
2013-12-16,21.96,0.0,76.72,2.64
2013-12-17,22.41,0.0,79.35,2.85
2013-12-18,23.19,0.0,78.54,2.69
2013-12-19,23.47,0.0,78.0,2.4
2013-12-20,23.54,0.0,78.34,2.39
2013-12-21,23.32,0.0,76.6,2.33
2013-12-22,22.87,0.0,76.17,2.57
2013-12-23,23.79,0.0,73.43,2.81
2013-12-24,24.34,0.0,75.0,3.56
2013-12-25,24.41,0.0,74.53,3.33
2013-12-26,23.7,0.0,76.14,2.77
2013-12-27,23.77,0.0,72.38,2.7
2013-12-28,24.25,0.0,69.51,2.27
2013-12-29,23.63,0.0,67.64,2.67
2013-12-30,23.65,0.0,67.75,2.68
2013-12-31,24.03,0.05,73.03,2.66
2014-01-01,24.31,0.02,73.82,3.09
2014-01-02,24.28,0.0,73.25,3.07
2014-01-03,24.79,0.0,73.91,2.99
2014-01-04,23.86,0.04,76.05,2.81
2014-01-05,24.59,0.51,72.07,3.17
2014-01-06,24.62,0.85,74.48,3.6
2014-01-07,24.93,3.42,75.52,3.72
2014-01-08,24.66,2.04,78.86,3.17
2014-01-09,25.44,0.08,72.96,3.11
2014-01-10,24.84,0.0,71.24,2.51
2014-01-11,24.57,0.0,72.06,2.06
2014-01-12,25.13,0.0,70.8,2.31
2014-01-13,25.43,0.51,73.63,2.65
2014-01-14,25.83,0.41,69.88,2.95
2014-01-15,25.57,0.14,69.33,2.43
2014-01-16,25.72,0.0,71.5,2.56
2014-01-17,25.09,0.0,69.48,2.71
2014-01-18,25.07,0.0,67.27,2.8
2014-01-19,25.06,0.0,73.45,2.84
2014-01-20,25.37,0.0,67.68,3.15
2014-01-21,25.41,0.0,67.27,3.29
2014-01-22,25.41,0.09,67.89,3.14
2014-01-23,25.68,0.04,67.24,2.93
2014-01-24,25.95,0.0,67.3,2.88
2014-01-25,25.38,0.0,67.5,3.0
2014-01-26,24.76,0.0,66.55,3.5
2014-01-27,25.09,0.02,65.67,3.38
2014-01-28,25.38,0.04,62.53,3.18
2014-01-29,25.3,0.0,61.35,3.19
2014-01-30,25.44,0.0,62.04,3.27
2014-01-31,25.98,0.0,65.82,3.18
2014-02-01,26.37,0.07,67.56,3.4
2014-02-02,26.01,0.3,68.89,3.5
2014-02-03,25.51,0.01,64.9,2.79
2014-02-04,25.3,0.0,63.74,2.33
2014-02-05,25.12,0.0,61.57,2.28
2014-02-06,25.26,0.0,63.35,2.36
2014-02-07,25.26,0.0,61.69,2.39
2014-02-08,25.54,0.0,61.41,2.35
2014-02-09,25.75,0.0,57.86,1.7
2014-02-10,26.47,0.0,57.03,2.17
2014-02-11,26.82,0.0,58.22,1.96
2014-02-12,27.27,0.0,57.64,1.75
2014-02-13,27.84,0.0,60.4,2.1
2014-02-14,28.32,0.0,58.17,2.0
2014-02-15,28.78,0.02,56.81,1.68
2014-02-16,29.04,0.02,60.58,2.19
2014-02-17,29.5,0.0,62.11,2.56
2014-02-18,28.45,0.0,62.06,3.55
2014-02-19,28.33,0.0,61.21,3.16
2014-02-20,28.22,0.0,60.6,3.18
2014-02-21,27.83,0.02,57.58,2.96
2014-02-22,27.94,0.01,55.96,2.7
2014-02-23,27.59,0.0,55.94,2.88
2014-02-24,26.93,4.55,71.65,4.0
2014-02-25,27.32,0.31,66.19,3.54
2014-02-26,27.78,0.0,57.36,2.79
2014-02-27,27.85,0.5,61.39,2.45
2014-02-28,28.67,0.09,59.75,2.49
2014-03-01,28.61,0.01,58.5,2.91
2014-03-02,28.64,0.0,59.01,2.62
2014-03-03,29.23,0.03,57.64,3.11
2014-03-04,29.22,0.24,58.87,3.23
2014-03-05,28.95,0.06,59.69,3.43
2014-03-06,29.37,0.05,57.4,3.16
2014-03-07,28.59,0.02,59.41,3.17
2014-03-08,28.56,0.03,60.25,3.26
2014-03-09,28.54,0.0,58.61,3.55
2014-03-10,29.12,0.0,56.67,3.4
2014-03-11,28.49,0.0,56.92,3.64
2014-03-12,28.17,0.0,56.07,3.15
2014-03-13,27.69,0.0,61.79,2.96
2014-03-14,27.98,0.0,58.63,2.97
2014-03-15,27.74,0.0,57.04,2.97
2014-03-16,28.39,0.0,57.39,3.2
2014-03-17,29.08,0.0,58.96,3.26
2014-03-18,30.11,0.0,54.92,3.21
2014-03-19,30.01,0.0,59.19,2.97
2014-03-20,31.14,0.01,56.64,2.52
2014-03-21,31.14,0.01,53.08,2.08
2014-03-22,31.16,0.0,53.3,2.1
2014-03-23,30.76,0.0,52.8,2.43
2014-03-24,30.11,0.0,53.4,2.36
2014-03-25,29.64,0.0,54.08,2.45
2014-03-26,29.24,0.0,56.61,3.0
2014-03-27,29.35,0.0,55.74,2.43
2014-03-28,28.95,0.0,52.75,2.08
2014-03-29,30.34,0.0,47.61,2.14
2014-03-30,30.41,0.0,44.39,1.91
2014-03-31,31.31,0.0,39.73,2.09
2014-04-01,31.85,0.0,50.64,2.11
2014-04-02,31.92,0.0,51.81,2.24
2014-04-03,30.94,0.0,56.18,2.09
2014-04-04,31.07,0.0,54.17,2.34
2014-04-05,31.63,0.0,56.18,2.65
2014-04-06,31.36,0.0,56.79,2.75
2014-04-07,31.24,0.01,55.73,2.19
2014-04-08,32.33,0.0,51.01,2.51
2014-04-09,32.66,0.0,51.88,2.26
2014-04-10,32.09,0.01,54.98,2.85
2014-04-11,32.54,0.03,50.06,2.11
2014-04-12,33.16,0.04,49.61,2.42
2014-04-13,32.35,0.0,53.77,2.73
2014-04-14,31.03,0.0,59.34,2.28
2014-04-15,30.52,0.17,57.42,2.04
2014-04-16,32.09,0.0,50.1,2.29
2014-04-17,32.81,0.0,50.84,2.39
2014-04-18,32.59,0.01,53.56,2.28
2014-04-19,31.01,0.0,57.45,1.75
2014-04-20,31.72,0.0,51.96,2.02
2014-04-21,31.67,0.0,53.16,2.14
2014-04-22,31.0,0.0,56.82,2.22
2014-04-23,31.48,1.9,56.66,2.37
2014-04-24,32.48,0.22,54.36,2.41
2014-04-25,32.67,0.01,56.31,2.56
2014-04-26,31.62,0.0,60.68,2.11
2014-04-27,31.62,0.08,62.98,2.46
2014-04-28,31.91,0.05,59.35,1.85
2014-04-29,30.91,0.09,57.85,2.26
2014-04-30,31.24,3.22,50.15,2.55
2014-05-01,30.34,1.19,59.06,1.91
2014-05-02,31.29,0.57,59.06,2.75
2014-05-03,31.22,0.98,60.71,2.59
2014-05-04,29.83,7.18,68.72,2.46
2014-05-05,28.32,8.51,76.66,2.06
2014-05-06,26.74,27.75,86.16,2.54
2014-05-07,26.91,39.57,86.58,3.39
2014-05-08,27.99,8.7,79.42,4.42
2014-05-09,29.44,0.42,74.82,3.16
2014-05-10,29.68,0.0,71.65,2.13
2014-05-11,29.27,0.25,73.56,1.89
2014-05-12,29.79,4.91,74.91,1.53
2014-05-13,29.59,3.65,74.63,1.6
2014-05-14,30.27,0.28,67.73,1.9
2014-05-15,29.07,0.01,67.47,2.17
2014-05-16,30.7,0.0,60.06,2.5
2014-05-17,30.9,0.03,58.53,2.48
2014-05-18,30.99,0.0,61.55,1.9
2014-05-19,31.04,0.01,65.17,1.95
2014-05-20,30.45,11.21,71.0,1.75
2014-05-21,30.44,3.51,64.87,2.41
2014-05-22,31.31,0.36,62.87,2.46
2014-05-23,30.3,2.1,67.91,2.23
2014-05-24,29.54,8.95,73.19,2.23
2014-05-25,29.15,0.11,69.61,3.06
2014-05-26,30.42,4.7,66.89,2.23
2014-05-27,29.92,0.44,70.67,2.06
2014-05-28,30.14,3.07,72.04,2.22
2014-05-29,29.82,0.63,72.05,1.93
2014-05-30,30.78,0.05,65.4,2.14
2014-05-31,31.8,0.0,62.37,2.39
2014-06-01,31.57,2.47,66.64,2.09
2014-06-02,30.4,5.78,69.93,2.02
2014-06-03,28.05,0.46,73.39,2.04
2014-06-04,30.31,0.0,64.68,2.09
2014-06-05,30.75,0.26,63.69,1.99
2014-06-06,30.59,0.09,65.3,2.4
2014-06-07,30.97,0.04,61.25,4.07
2014-06-08,31.73,0.01,55.88,3.73
2014-06-09,29.73,0.01,66.58,2.65
2014-06-10,30.08,0.01,64.9,3.21
2014-06-11,30.79,0.02,58.52,3.92
2014-06-12,30.63,0.01,59.73,3.71
2014-06-13,30.26,0.01,57.85,4.02
2014-06-14,30.44,1.33,60.33,3.67
2014-06-15,31.1,0.0,53.34,4.03
2014-06-16,30.47,0.0,58.28,4.15
2014-06-17,31.24,0.01,56.99,4.58
2014-06-18,30.79,0.24,59.38,4.55
2014-06-19,30.39,0.04,60.96,4.32
2014-06-20,30.47,0.07,61.96,3.77
2014-06-21,30.76,1.47,59.24,4.78
2014-06-22,30.23,1.72,58.74,3.86
2014-06-23,31.07,0.02,57.03,3.9
2014-06-24,31.89,0.0,56.23,4.29
2014-06-25,31.15,0.0,55.83,4.29
2014-06-26,31.12,0.0,58.18,2.58
2014-06-27,31.08,0.0,61.78,2.06
2014-06-28,30.09,2.21,68.29,1.69
2014-06-29,30.83,1.24,63.07,2.0
2014-06-30,30.44,8.44,62.72,2.42
2014-07-01,29.12,2.02,70.64,2.62
2014-07-02,30.42,0.03,60.63,3.4
2014-07-03,30.81,0.0,56.83,3.52
2014-07-04,31.53,0.32,56.02,3.98
2014-07-05,30.8,1.45,61.72,3.11
2014-07-06,30.37,4.26,57.57,3.28
2014-07-07,29.4,4.85,60.95,3.84
2014-07-08,28.92,0.08,59.85,4.1
2014-07-09,30.07,0.06,52.65,4.48
2014-07-10,30.04,0.07,55.49,5.17
2014-07-11,29.53,0.02,58.7,4.54
2014-07-12,29.99,0.01,58.49,5.12
2014-07-13,30.09,0.12,55.1,6.06
2014-07-14,30.11,0.13,55.16,5.77
2014-07-15,30.09,0.32,54.78,5.18
2014-07-16,30.39,0.01,54.85,4.61
2014-07-17,30.8,0.0,55.05,3.8
2014-07-18,31.02,0.01,52.13,4.39
2014-07-19,30.98,0.05,52.37,5.04
2014-07-20,31.14,0.14,53.31,5.21
2014-07-21,30.54,0.2,56.15,5.06
2014-07-22,30.45,0.02,54.17,5.27
2014-07-23,30.06,0.4,53.98,5.8
2014-07-24,30.88,0.02,48.27,5.49
2014-07-25,30.29,0.01,53.15,5.17
2014-07-26,31.31,0.27,50.31,5.06
2014-07-27,30.64,0.05,54.77,4.75
2014-07-28,30.22,0.0,55.37,5.03
2014-07-29,31.27,0.0,50.46,5.14
2014-07-30,31.69,0.09,50.49,5.18
2014-07-31,31.31,0.53,51.84,4.72
2014-08-01,31.06,0.3,55.43,4.82
2014-08-02,30.55,0.03,55.1,4.6
2014-08-03,30.71,0.46,55.46,4.63
2014-08-04,30.42,0.61,52.24,5.31
2014-08-05,30.79,0.12,51.64,5.13
2014-08-06,30.89,0.34,51.68,4.33
2014-08-07,30.6,0.15,52.77,3.88
2014-08-08,30.62,2.87,53.43,3.52
2014-08-09,29.14,5.1,61.41,2.46
2014-08-10,29.15,2.43,62.66,2.83
2014-08-11,28.96,0.72,62.81,2.65
2014-08-12,28.37,0.09,66.31,2.31
2014-08-13,28.53,0.15,62.74,2.69
2014-08-14,28.85,0.66,62.4,2.74
2014-08-15,28.14,2.28,67.55,2.23
2014-08-16,27.6,13.77,71.81,1.99
2014-08-17,27.73,3.42,72.27,1.56
2014-08-18,27.3,36.25,78.39,1.54
2014-08-19,27.9,3.95,76.32,1.44
2014-08-20,29.03,0.27,69.99,1.91
2014-08-21,29.64,0.03,68.77,2.04
2014-08-22,28.86,4.93,72.74,2.01
2014-08-23,28.13,9.56,74.12,3.66
2014-08-24,28.08,3.97,73.98,2.41
2014-08-25,28.71,0.04,66.49,1.77
2014-08-26,28.62,0.0,65.27,2.68
2014-08-27,28.49,0.0,64.92,3.17
2014-08-28,28.88,0.01,62.92,3.51
2014-08-29,29.11,0.1,62.95,3.76
2014-08-30,29.1,0.24,61.76,4.6
2014-08-31,28.98,0.17,61.3,4.37
2014-09-01,29.1,0.09,64.79,3.41
2014-09-02,29.17,3.23,66.69,2.74
2014-09-03,28.17,0.63,66.19,2.88
2014-09-04,29.52,0.04,61.9,1.88
2014-09-05,29.01,3.16,62.09,3.04
2014-09-06,28.95,0.26,59.59,3.54
2014-09-07,28.18,0.49,63.29,3.76
2014-09-08,29.62,0.03,60.16,3.16
2014-09-09,29.47,1.04,61.36,2.9
2014-09-10,30.19,0.15,58.64,2.32
2014-09-11,30.82,0.0,56.73,2.19
2014-09-12,29.24,8.73,64.57,2.34
2014-09-13,28.62,0.02,65.79,2.09
2014-09-14,29.48,1.24,64.95,2.12
2014-09-15,29.37,0.39,62.92,2.76
2014-09-16,29.07,0.07,62.08,3.28
2014-09-17,30.74,0.04,57.45,3.41
2014-09-18,30.23,0.0,57.12,3.49
2014-09-19,30.79,0.21,57.42,2.63
2014-09-20,30.85,0.14,56.26,2.53
2014-09-21,30.05,0.3,61.5,1.94
2014-09-22,30.22,4.46,65.94,1.26
2014-09-23,30.13,7.18,69.8,0.82
2014-09-24,29.72,2.97,70.76,1.52
2014-09-25,28.64,3.89,74.56,1.75
2014-09-26,28.03,3.45,77.31,1.65
2014-09-27,27.8,5.75,77.7,1.41
2014-09-28,27.7,5.24,76.39,1.48
2014-09-29,27.99,5.41,76.57,1.37
2014-09-30,27.65,7.12,78.15,1.67
2014-10-01,28.73,1.1,69.8,1.3
2014-10-02,29.39,0.05,65.24,2.01
2014-10-03,29.14,0.0,65.34,1.31
2014-10-04,29.15,0.74,68.23,0.97
2014-10-05,29.18,2.42,70.64,1.24
2014-10-06,29.09,4.58,70.82,1.58
2014-10-07,28.02,5.1,73.31,2.0
2014-10-08,28.23,5.29,72.75,1.31
2014-10-09,28.55,2.64,73.51,1.52
2014-10-10,28.35,0.6,76.84,1.01
2014-10-11,29.39,0.05,59.88,2.81
2014-10-12,28.78,0.17,61.79,1.96
2014-10-13,29.35,0.12,67.06,1.86
2014-10-14,28.52,0.6,76.34,1.81
2014-10-15,27.46,6.2,80.34,1.81
2014-10-16,27.9,7.24,71.48,2.26
2014-10-17,25.94,26.46,81.71,1.37
2014-10-18,25.41,18.91,87.13,3.11
2014-10-19,25.12,22.43,85.86,2.75
2014-10-20,25.63,15.32,83.78,2.56
2014-10-21,25.22,7.77,84.38,2.48
2014-10-22,25.91,9.07,83.39,2.38
2014-10-23,25.85,6.76,84.9,1.8
2014-10-24,26.24,1.87,80.97,1.22
2014-10-25,26.54,26.29,85.34,1.28
2014-10-26,26.02,6.98,87.9,0.64
2014-10-27,26.38,5.56,85.51,1.31
2014-10-28,26.37,4.0,83.58,1.15
2014-10-29,25.55,7.24,88.62,1.45
2014-10-30,25.48,1.6,87.74,2.16
2014-10-31,25.0,0.01,82.51,1.97
2014-11-01,24.93,26.77,86.49,1.54
2014-11-02,24.94,10.63,88.65,1.92
2014-11-03,24.49,10.15,86.1,1.7
2014-11-04,24.14,2.48,85.05,1.4
2014-11-05,25.38,0.02,75.62,1.65
2014-11-06,24.69,0.0,69.09,1.74
2014-11-07,25.59,0.0,70.5,1.08
2014-11-08,25.84,0.0,78.36,0.8
2014-11-09,26.44,0.71,80.96,0.89
2014-11-10,26.48,0.6,83.43,1.51
2014-11-11,26.23,4.86,85.68,2.08
2014-11-12,25.65,7.06,86.91,2.79
2014-11-13,24.85,14.91,90.42,1.5
2014-11-14,25.92,5.94,89.47,2.22
2014-11-15,25.92,3.77,86.51,2.66
2014-11-16,25.25,1.44,87.04,2.6
2014-11-17,24.98,4.06,84.94,3.14
2014-11-18,24.95,8.78,87.47,3.3
2014-11-19,25.3,4.63,86.92,3.39
2014-11-20,25.02,2.5,84.76,3.28
2014-11-21,24.54,7.51,88.55,2.71
2014-11-22,24.92,3.58,86.28,2.66
2014-11-23,24.63,2.23,87.54,2.81
2014-11-24,24.51,1.19,84.31,3.54
2014-11-25,23.37,0.22,84.05,3.03
2014-11-26,23.73,0.87,83.77,2.99
2014-11-27,23.61,11.05,86.3,2.77
2014-11-28,21.99,10.2,86.31,2.52
2014-11-29,21.98,6.51,83.98,2.91
2014-11-30,22.74,3.4,86.0,4.04
2014-12-01,23.77,7.83,88.13,3.54
2014-12-02,24.29,0.24,84.05,3.35
2014-12-03,23.48,0.0,79.34,2.51
2014-12-04,22.53,0.0,82.15,2.12
2014-12-05,22.33,0.0,81.81,2.11
2014-12-06,23.3,0.0,83.0,2.58
2014-12-07,24.62,0.36,85.92,2.36
2014-12-08,25.12,0.45,86.32,2.33
2014-12-09,25.01,0.94,86.53,1.99
2014-12-10,24.91,3.79,89.28,2.09
2014-12-11,24.9,0.42,86.62,1.93
2014-12-12,24.83,1.97,87.48,2.25
2014-12-13,24.83,0.94,86.72,2.48
2014-12-14,25.15,0.35,85.18,2.46
2014-12-15,25.16,0.04,83.41,2.49
2014-12-16,25.71,1.87,85.9,3.53
2014-12-17,25.03,7.12,87.02,3.83
2014-12-18,24.51,4.33,88.48,3.66
2014-12-19,24.64,2.51,86.84,3.93
2014-12-20,23.17,0.29,85.31,3.01
2014-12-21,23.88,0.06,81.72,2.88
2014-12-22,24.2,0.06,82.48,3.32
2014-12-23,25.02,0.49,81.45,3.05
2014-12-24,24.97,0.54,82.43,3.35
2014-12-25,24.65,0.02,79.33,3.2
2014-12-26,23.12,0.01,73.82,3.01
2014-12-27,23.39,1.27,76.68,3.1
2014-12-28,23.2,5.49,87.11,2.85
2014-12-29,24.95,3.42,81.46,3.14
2014-12-30,25.99,0.09,76.98,2.35
2014-12-31,25.38,2.56,82.18,1.34
2015-01-01,25.98,2.88,83.32,2.71
2015-01-02,25.69,0.02,80.58,1.61
2015-01-03,25.29,0.0,78.94,1.38
2015-01-04,25.7,0.0,79.38,1.86
2015-01-05,25.29,0.0,78.58,2.26
2015-01-06,25.09,0.0,77.43,2.25
2015-01-07,24.52,0.0,76.9,2.19
2015-01-08,24.83,0.0,77.42,1.73
2015-01-09,24.53,0.0,78.35,2.31
2015-01-10,23.69,0.0,71.07,2.79
2015-01-11,22.55,0.0,72.48,2.92
2015-01-12,22.65,0.0,70.21,2.87
2015-01-13,22.73,0.0,72.04,2.68
2015-01-14,23.14,0.0,69.56,2.51
2015-01-15,23.1,0.0,70.19,2.32
2015-01-16,24.5,0.22,76.73,2.47
2015-01-17,24.92,0.16,76.49,2.88
2015-01-18,24.43,0.0,73.95,2.84
2015-01-19,23.93,0.02,71.65,2.77
2015-01-20,23.7,0.0,72.91,2.51
2015-01-21,23.43,0.0,73.02,2.81
2015-01-22,24.15,0.0,75.65,2.8
2015-01-23,25.51,2.03,76.73,2.78
2015-01-24,25.49,0.25,75.54,3.03
2015-01-25,25.18,0.03,67.68,3.14
2015-01-26,24.55,0.0,72.29,3.14
2015-01-27,25.0,0.0,73.03,3.15
2015-01-28,25.62,0.0,72.54,2.99
2015-01-29,25.99,0.0,70.27,2.71
2015-01-30,26.09,0.0,68.12,2.82
2015-01-31,25.45,0.0,66.25,3.19
2015-02-01,25.2,0.0,70.64,3.05
2015-02-02,24.81,0.0,68.61,3.33
2015-02-03,25.26,0.02,68.06,3.71
2015-02-04,24.42,0.95,73.38,3.26
2015-02-05,25.68,0.33,68.63,3.32
2015-02-06,25.33,0.0,69.54,2.96
2015-02-07,25.6,0.0,66.55,2.88
2015-02-08,25.73,0.0,64.58,2.72
2015-02-09,25.71,0.0,66.22,3.0
2015-02-10,25.35,0.01,69.3,3.15
2015-02-11,26.48,0.0,70.31,3.12
2015-02-12,27.17,0.0,67.92,3.36
2015-02-13,27.57,0.0,65.42,2.81
2015-02-14,27.02,0.0,63.63,2.43
2015-02-15,26.46,0.0,62.65,2.42
2015-02-16,26.23,0.0,62.1,2.38
2015-02-17,26.04,0.0,60.07,1.97
2015-02-18,25.94,0.0,58.47,2.06
2015-02-19,26.27,0.0,57.47,2.08
2015-02-20,25.88,0.0,61.92,2.84
2015-02-21,26.26,0.0,63.11,3.19
2015-02-22,26.24,0.0,61.16,3.25
2015-02-23,26.34,0.0,59.13,3.03
2015-02-24,26.78,0.01,60.8,2.86
2015-02-25,28.08,0.01,63.04,2.66
2015-02-26,28.88,1.47,63.42,1.99
2015-02-27,29.16,0.95,64.02,1.78
2015-02-28,29.14,0.12,64.21,2.53
2015-03-01,29.25,0.0,62.78,2.95
2015-03-02,29.7,0.0,62.63,2.54
2015-03-03,29.86,0.04,57.59,2.59
2015-03-04,30.01,0.05,55.13,1.84
2015-03-05,29.68,0.02,63.07,2.5
2015-03-06,30.35,0.13,59.31,2.43
2015-03-07,29.91,0.63,58.44,2.81
2015-03-08,28.98,0.0,60.9,2.76
2015-03-09,29.11,0.01,60.78,2.74
2015-03-10,28.38,0.0,56.86,3.02
2015-03-11,28.11,0.0,60.02,3.13
2015-03-12,29.16,0.0,60.05,3.65
2015-03-13,29.24,0.03,59.6,3.59
2015-03-14,28.66,2.19,63.07,2.94
2015-03-15,28.69,1.42,67.08,2.72
2015-03-16,29.25,1.2,62.41,3.09
2015-03-17,28.55,1.0,58.61,2.17
2015-03-18,28.58,0.0,53.61,1.75
2015-03-19,28.99,0.0,50.42,1.91
2015-03-20,28.97,0.0,59.68,2.38
2015-03-21,29.28,0.0,56.19,2.66
2015-03-22,29.95,0.0,55.42,2.13
2015-03-23,30.6,0.0,53.72,1.98
2015-03-24,30.52,0.0,57.22,2.55
2015-03-25,30.18,0.0,54.71,2.66
2015-03-26,30.06,0.0,56.46,2.71
2015-03-27,30.2,0.01,56.23,3.08
2015-03-28,30.16,0.17,60.31,2.89
2015-03-29,30.82,0.13,57.46,2.88
2015-03-30,31.09,0.01,56.15,2.74
2015-03-31,30.69,0.18,59.97,2.39
2015-04-01,30.94,4.35,59.59,2.32
2015-04-02,30.95,1.19,61.32,2.21
2015-04-03,32.42,0.2,55.19,2.14
2015-04-04,32.51,0.26,56.13,2.43
2015-04-05,32.08,0.0,57.79,3.12
2015-04-06,31.7,0.0,57.71,2.69
2015-04-07,30.56,0.0,62.08,2.41
2015-04-08,29.99,0.12,60.42,1.63
2015-04-09,29.95,0.2,61.02,2.37
2015-04-10,30.58,0.37,62.44,2.18
2015-04-11,31.44,0.77,58.49,2.5
2015-04-12,29.56,5.27,65.4,1.85
2015-04-13,28.26,10.62,69.98,2.08
2015-04-14,28.63,4.58,65.92,1.36
2015-04-15,27.83,14.92,75.58,2.13
2015-04-16,27.43,17.58,78.8,1.58
2015-04-17,28.42,16.42,72.7,1.33
2015-04-18,28.88,9.18,71.03,1.31
2015-04-19,29.93,0.16,66.97,1.39
2015-04-20,29.87,1.5,66.78,1.95
2015-04-21,28.38,1.96,73.46,1.68
2015-04-22,27.71,0.65,78.09,1.27
2015-04-23,29.97,1.13,67.76,2.19
2015-04-24,29.68,7.7,70.23,1.94
2015-04-25,28.23,8.65,69.59,1.55
2015-04-26,29.28,1.77,63.91,1.94
2015-04-27,29.3,0.99,68.23,1.78
2015-04-28,30.08,0.09,65.39,1.59
2015-04-29,30.64,0.12,63.17,2.37
2015-04-30,30.86,0.16,64.65,2.03
2015-05-01,30.34,0.01,66.7,2.02
2015-05-02,30.53,0.01,65.07,2.02
2015-05-03,30.5,0.01,66.65,1.73
2015-05-04,29.7,1.41,71.5,2.13
2015-05-05,29.68,2.72,67.78,1.55
2015-05-06,29.08,2.42,71.47,1.47
2015-05-07,28.7,3.28,74.54,1.85
2015-05-08,29.77,4.7,69.91,1.44
2015-05-09,29.36,5.69,74.38,1.03
2015-05-10,29.84,1.64,66.34,1.89
2015-05-11,28.52,13.41,66.56,1.64
2015-05-12,28.7,15.93,66.01,1.21
2015-05-13,26.62,19.3,81.89,1.64
2015-05-14,27.87,24.75,77.52,1.27
2015-05-15,27.72,15.69,84.24,0.8
2015-05-16,27.09,12.44,90.04,2.47
2015-05-17,26.73,3.69,88.69,3.21
2015-05-18,28.58,0.88,77.99,2.49
2015-05-19,28.46,0.01,79.53,2.79
2015-05-20,29.01,0.0,75.69,2.86
2015-05-21,29.74,0.0,71.59,3.13
2015-05-22,29.51,0.0,73.33,3.21
2015-05-23,29.04,0.0,75.49,2.98
2015-05-24,29.65,0.0,68.67,2.68
2015-05-25,30.38,0.0,68.48,2.22
2015-05-26,30.39,0.0,68.53,2.74
2015-05-27,28.34,8.78,72.57,3.12
2015-05-28,28.46,10.64,67.69,2.92
2015-05-29,29.43,0.58,71.13,1.91
2015-05-30,29.36,3.27,75.84,2.29
2015-05-31,29.12,2.34,75.12,2.38
2015-06-01,29.01,0.54,72.49,2.34
2015-06-02,28.63,7.23,74.73,1.85
2015-06-03,29.22,0.83,74.33,1.54
2015-06-04,28.87,2.92,76.95,1.37
2015-06-05,27.3,28.18,86.71,1.22
2015-06-06,28.78,1.21,75.54,1.27
2015-06-07,29.28,0.01,73.23,2.5
2015-06-08,28.77,0.55,71.32,2.71
2015-06-09,28.62,0.29,71.93,2.08
2015-06-10,27.85,2.6,78.35,1.91
2015-06-11,28.71,5.22,75.1,2.27
2015-06-12,28.08,0.02,73.8,2.82
2015-06-13,28.38,11.18,73.49,2.57
2015-06-14,28.65,0.17,68.81,3.2
2015-06-15,28.76,0.09,65.28,3.72
2015-06-16,27.49,0.32,67.86,3.66
2015-06-17,27.41,0.26,68.66,3.55
2015-06-18,28.25,1.6,69.02,3.55
2015-06-19,28.55,0.97,68.07,4.18
2015-06-20,29.24,0.09,67.2,4.35
2015-06-21,29.0,0.21,65.93,4.57
2015-06-22,29.78,0.01,65.32,4.11
2015-06-23,28.78,1.19,72.24,3.26
2015-06-24,29.61,0.1,67.82,3.62
2015-06-25,29.35,0.01,70.29,3.58
2015-06-26,28.49,0.05,63.12,5.11
2015-06-27,29.44,0.56,59.99,4.15
2015-06-28,29.96,0.36,66.05,3.05
2015-06-29,29.03,1.27,67.98,3.7
2015-06-30,29.95,4.61,58.93,3.07
2015-07-01,29.23,2.59,69.98,2.71
2015-07-02,30.23,0.0,64.26,2.91
2015-07-03,30.55,0.03,63.02,3.07
2015-07-04,30.25,0.01,64.53,3.54
2015-07-05,30.79,0.0,61.75,4.05
2015-07-06,30.47,0.0,58.55,5.14
2015-07-07,29.24,0.0,61.46,4.52
2015-07-08,30.07,0.01,60.02,4.03
2015-07-09,30.82,0.0,59.43,4.04
2015-07-10,29.73,0.0,65.02,4.01
2015-07-11,29.93,0.24,63.84,4.06
2015-07-12,30.37,0.25,59.92,3.07
2015-07-13,30.84,0.1,59.42,3.31
2015-07-14,31.26,0.02,58.18,3.47
2015-07-15,30.06,0.0,63.72,3.59
2015-07-16,30.19,0.03,60.15,4.08
2015-07-17,29.43,0.06,59.25,5.08
2015-07-18,29.75,0.1,57.77,5.21
2015-07-19,28.13,0.32,61.14,4.61
2015-07-20,29.22,0.0,61.16,4.1
2015-07-21,29.71,4.28,63.77,3.54
2015-07-22,29.25,1.11,65.81,3.0
2015-07-23,29.15,1.76,64.18,2.21
2015-07-24,29.13,0.33,63.84,2.96
2015-07-25,29.17,0.83,62.22,2.75
2015-07-26,29.1,0.07,59.27,2.95
2015-07-27,29.86,0.52,57.33,2.5
2015-07-28,30.03,2.71,59.71,2.58
2015-07-29,29.27,1.79,65.88,1.98
2015-07-30,29.84,0.0,59.52,2.45
2015-07-31,30.68,0.02,56.08,2.48
2015-08-01,30.21,0.3,59.77,2.16
2015-08-02,29.76,0.4,60.24,2.47
2015-08-03,28.86,5.36,66.85,2.77
2015-08-04,29.91,0.14,61.61,2.89
2015-08-05,29.7,0.02,56.98,3.85
2015-08-06,30.69,0.03,54.86,3.98
2015-08-07,30.17,0.1,57.76,3.94
2015-08-08,30.61,0.01,58.74,3.13
2015-08-09,30.82,0.02,57.11,4.18
2015-08-10,30.56,0.9,56.56,4.04
2015-08-11,30.11,0.06,60.55,3.05
2015-08-12,30.37,0.03,57.73,3.72
2015-08-13,30.61,0.04,57.91,3.81
2015-08-14,31.49,0.39,54.75,3.24
2015-08-15,31.75,0.74,55.98,2.4
2015-08-16,27.3,39.73,81.14,2.15
2015-08-17,28.61,6.95,72.44,1.72
2015-08-18,28.79,3.46,72.33,2.08
2015-08-19,28.35,1.81,73.52,2.98
2015-08-20,28.93,0.0,67.52,3.2
2015-08-21,29.59,2.37,67.09,2.27
2015-08-22,28.18,13.53,75.58,1.7
2015-08-23,28.95,1.37,65.37,2.29
2015-08-24,29.9,0.02,58.41,2.56
2015-08-25,30.58,0.0,56.35,2.64
2015-08-26,29.93,0.0,59.74,2.6
2015-08-27,29.73,0.17,61.41,2.75
2015-08-28,30.4,0.02,57.87,2.79
2015-08-29,31.34,0.0,58.01,2.32
2015-08-30,31.23,0.03,58.0,2.08
2015-08-31,31.46,0.01,57.2,2.14
2015-09-01,30.61,2.78,65.03,1.3
2015-09-02,28.88,5.76,73.61,1.5
2015-09-03,28.25,5.55,73.02,0.92
2015-09-04,28.53,0.49,71.68,1.45
2015-09-05,28.68,3.64,71.13,2.99
2015-09-06,27.75,4.3,76.18,3.39
2015-09-07,27.08,0.42,75.01,3.1
2015-09-08,29.15,0.03,59.89,3.3
2015-09-09,29.03,2.01,62.05,3.19
2015-09-10,29.24,0.35,64.61,2.59
2015-09-11,28.72,0.01,67.52,2.56
2015-09-12,30.0,0.3,62.03,2.56
2015-09-13,29.99,0.0,60.45,2.78
2015-09-14,30.68,0.0,55.3,4.0
2015-09-15,29.87,0.01,59.84,3.81
2015-09-16,30.62,0.04,59.12,4.33
2015-09-17,30.35,0.35,57.02,3.8
2015-09-18,30.46,0.13,58.78,2.71
2015-09-19,30.34,0.01,60.25,2.52
2015-09-20,30.1,0.05,63.03,2.04
2015-09-21,29.32,0.05,60.47,2.02
2015-09-22,30.9,0.36,61.61,1.8
2015-09-23,29.74,0.92,68.65,1.24
2015-09-24,29.41,1.23,66.68,2.88
2015-09-25,30.29,0.78,65.1,2.1
2015-09-26,31.29,0.56,61.42,2.15
2015-09-27,28.61,27.48,75.04,1.28
2015-09-28,28.4,8.25,75.24,1.45
2015-09-29,26.78,27.86,84.65,2.04
2015-09-30,26.57,7.97,82.08,1.55
2015-10-01,26.64,6.06,82.24,2.39
2015-10-02,27.31,20.99,81.1,2.79
2015-10-03,28.6,2.1,74.47,1.53
2015-10-04,27.08,3.89,84.09,1.23
2015-10-05,26.37,14.55,85.8,1.11
2015-10-06,27.71,11.56,73.94,2.04
2015-10-07,27.54,15.53,78.41,1.73
2015-10-08,27.12,2.77,81.14,2.03
2015-10-09,27.19,0.13,75.87,1.8
2015-10-10,27.74,2.39,77.12,1.71
2015-10-11,27.49,8.89,79.94,1.18
2015-10-12,26.7,10.8,86.78,1.06
2015-10-13,27.43,0.49,79.36,1.14
2015-10-14,27.7,0.47,75.96,1.28
2015-10-15,27.5,0.14,74.12,1.28
2015-10-16,27.35,0.0,74.16,1.63
2015-10-17,27.26,0.07,76.84,2.09
2015-10-18,27.14,5.44,83.58,2.04
2015-10-19,27.13,4.32,85.33,1.59
2015-10-20,27.66,0.76,79.66,1.74
2015-10-21,27.84,0.26,76.13,1.93
2015-10-22,27.7,0.01,73.04,1.9
2015-10-23,27.76,0.14,70.68,1.9
2015-10-24,27.33,4.35,79.46,2.4
2015-10-25,26.8,0.69,72.71,2.96
2015-10-26,26.92,0.18,70.62,2.57
2015-10-27,26.65,3.49,76.6,2.21
2015-10-28,26.14,16.22,83.09,1.72
2015-10-29,26.48,1.05,77.86,2.13
2015-10-30,26.03,8.12,83.5,1.86
2015-10-31,25.77,7.7,89.26,1.82
2015-11-01,25.97,16.18,87.01,2.22
2015-11-02,25.72,15.84,87.1,1.17
2015-11-03,26.14,7.59,84.8,1.27
2015-11-04,26.35,19.49,85.16,1.44
2015-11-05,26.29,17.23,86.72,1.27
2015-11-06,25.81,9.76,87.6,2.12
2015-11-07,25.6,15.51,90.08,2.39
2015-11-08,25.09,20.73,92.92,2.02
2015-11-09,25.02,19.3,91.18,2.71
2015-11-10,26.59,7.5,82.84,2.48
2015-11-11,25.71,2.06,86.27,1.14
2015-11-12,26.3,2.86,85.94,1.34
2015-11-13,24.78,9.15,91.94,1.85
2015-11-14,24.33,7.2,91.39,2.42
2015-11-15,24.75,23.49,91.39,2.3
2015-11-16,25.1,5.86,89.7,2.24
2015-11-17,25.82,1.21,86.69,1.06
2015-11-18,25.23,3.39,94.67,2.35
2015-11-19,25.64,2.87,93.16,2.11
2015-11-20,25.42,11.44,91.46,1.94
2015-11-21,25.11,6.36,89.32,2.39
2015-11-22,25.32,30.3,93.24,2.62
2015-11-23,25.46,10.21,91.44,1.57
2015-11-24,25.84,1.83,89.82,2.62
2015-11-25,24.42,0.03,86.51,2.45
2015-11-26,24.0,0.54,88.43,2.17
2015-11-27,24.86,1.25,89.41,2.37
2015-11-28,24.1,0.4,89.04,2.38
2015-11-29,24.38,22.91,92.98,2.42
2015-11-30,24.5,13.68,91.43,2.56
2015-12-01,24.68,10.41,93.45,2.54
2015-12-02,24.73,10.66,94.26,1.66
2015-12-03,24.3,11.02,91.16,3.56
2015-12-04,24.84,7.23,91.89,3.45
2015-12-05,24.88,12.6,93.22,3.49
2015-12-06,25.09,13.75,95.38,3.11
2015-12-07,25.11,10.98,92.41,3.63
2015-12-08,23.82,25.9,92.64,3.76
2015-12-09,24.47,3.05,92.6,2.43
2015-12-10,25.44,5.02,92.53,2.39
2015-12-11,25.42,2.34,90.33,2.07
2015-12-12,25.45,1.44,89.62,1.8
2015-12-13,25.51,0.06,86.29,1.2
2015-12-14,25.47,3.6,90.33,2.02
2015-12-15,24.85,0.13,87.91,2.04
2015-12-16,23.24,0.01,87.33,1.95
2015-12-17,24.06,0.02,88.53,1.84
2015-12-18,24.79,3.61,89.89,2.28
2015-12-19,24.84,2.77,89.65,2.34
2015-12-20,24.48,0.75,88.93,2.38
2015-12-21,22.97,0.02,85.05,1.7
2015-12-22,22.9,0.0,86.71,1.69
2015-12-23,23.75,0.0,86.92,2.07
2015-12-24,23.38,0.0,86.86,2.0
2015-12-25,23.3,0.0,86.77,2.36
2015-12-26,23.52,0.02,87.82,2.98
2015-12-27,24.13,2.0,87.8,3.45
2015-12-28,23.75,1.25,88.06,3.77
2015-12-29,23.67,0.23,87.47,3.42
2015-12-30,23.27,0.0,85.68,2.78
2015-12-31,22.94,0.0,85.38,2.9
2016-01-01,22.39,0.0,84.14,2.89
2016-01-02,22.13,0.0,84.36,2.89
2016-01-03,21.41,0.0,84.85,2.4
2016-01-04,21.77,0.0,84.87,2.29
2016-01-05,22.68,0.04,85.21,2.5
2016-01-06,23.22,0.08,84.85,2.8
2016-01-07,23.03,0.0,85.49,2.48
2016-01-08,22.65,0.0,85.55,2.34
2016-01-09,22.68,0.0,84.73,2.19
2016-01-10,22.32,0.0,85.06,2.43
2016-01-11,22.22,0.0,83.67,2.42
2016-01-12,21.88,0.0,83.01,2.32
2016-01-13,22.04,0.0,84.41,1.95
2016-01-14,21.31,0.0,83.11,2.02
2016-01-15,21.4,0.0,82.98,1.89
2016-01-16,22.09,0.0,83.45,2.01
2016-01-17,22.33,0.0,83.0,1.83
2016-01-18,22.73,0.0,83.49,1.77
2016-01-19,24.17,0.0,83.94,1.71
2016-01-20,24.79,0.05,82.82,1.71
2016-01-21,25.18,0.04,83.73,2.1
2016-01-22,24.91,0.0,82.76,2.23
2016-01-23,25.0,0.01,83.85,2.62
2016-01-24,25.6,0.17,83.63,2.63
2016-01-25,25.53,0.03,81.54,2.51
2016-01-26,25.1,0.0,80.09,2.17
2016-01-27,24.66,0.0,79.32,2.11
2016-01-28,24.0,0.0,77.64,1.68
2016-01-29,23.66,0.0,78.07,1.99
2016-01-30,23.69,0.0,79.05,2.05
2016-01-31,23.59,0.0,80.8,2.2
2016-02-01,23.5,0.0,77.3,1.77
2016-02-02,23.32,0.0,77.45,2.03
2016-02-03,23.57,0.0,76.45,1.69
2016-02-04,23.77,0.0,74.27,2.21
2016-02-05,24.52,0.0,75.06,2.22
2016-02-06,24.5,0.0,77.62,1.79
2016-02-07,26.13,0.0,75.8,2.01
2016-02-08,26.31,0.0,75.15,2.22
2016-02-09,25.9,0.0,74.36,1.95
2016-02-10,25.77,0.0,71.89,1.95
2016-02-11,25.86,0.0,69.95,1.94
2016-02-12,25.7,0.0,69.44,1.94
2016-02-13,26.14,0.0,70.83,1.87
2016-02-14,25.52,0.0,71.64,2.21
2016-02-15,26.19,0.0,71.31,2.62
2016-02-16,26.68,0.0,71.02,2.74
2016-02-17,26.86,0.0,72.26,3.06
2016-02-18,27.24,0.0,71.68,3.31
2016-02-19,27.2,0.0,72.37,2.77
2016-02-20,28.17,0.0,71.3,2.35
2016-02-21,28.55,0.02,68.21,1.97
2016-02-22,28.33,0.04,66.09,1.91
2016-02-23,27.18,0.0,65.18,1.9
2016-02-24,27.48,0.0,61.87,1.6
2016-02-25,28.46,0.0,67.88,2.04
2016-02-26,28.27,0.0,68.81,2.93
2016-02-27,27.95,0.03,68.52,3.24
2016-02-28,28.31,0.04,70.81,3.0
2016-02-29,27.15,0.03,70.8,2.68
2016-03-01,27.89,0.21,70.2,2.68
2016-03-02,28.02,0.0,67.3,2.7
2016-03-03,26.54,0.0,71.28,2.21
2016-03-04,26.86,0.0,71.09,2.19
2016-03-05,28.25,0.03,66.57,2.32
2016-03-06,28.4,0.0,63.64,2.14
2016-03-07,28.72,0.0,63.19,2.31
2016-03-08,28.12,0.0,64.94,2.14
2016-03-09,28.99,0.0,60.66,1.7
2016-03-10,28.96,0.0,65.44,1.68
2016-03-11,30.51,0.0,60.7,1.71
2016-03-12,30.63,0.0,58.57,1.99
2016-03-13,30.36,0.01,57.04,1.71
2016-03-14,30.67,0.0,58.94,2.3
2016-03-15,30.68,0.0,57.96,2.25
2016-03-16,30.94,0.17,59.57,2.21
2016-03-17,31.35,0.08,56.7,2.03
2016-03-18,30.65,0.0,54.72,2.34
2016-03-19,30.92,0.0,52.33,1.97
2016-03-20,31.06,0.0,48.2,2.33
2016-03-21,31.56,0.0,49.28,2.31
2016-03-22,32.45,0.01,51.64,2.8
2016-03-23,32.84,0.01,52.68,2.43
2016-03-24,31.83,0.0,52.92,2.58
2016-03-25,30.36,0.0,56.98,2.53
2016-03-26,30.19,0.0,52.85,2.39
2016-03-27,30.69,0.0,53.04,2.26
2016-03-28,31.35,0.63,57.72,2.85
2016-03-29,31.43,0.26,59.47,2.83
2016-03-30,31.46,0.17,58.97,2.68
2016-03-31,31.5,0.0,57.12,2.3
2016-04-01,32.03,0.01,52.24,2.15
2016-04-02,32.16,0.0,51.49,2.15
2016-04-03,32.37,0.0,50.27,2.06
2016-04-04,32.14,0.0,50.43,2.25
2016-04-05,32.36,0.0,51.39,2.39
2016-04-06,33.11,0.0,52.41,2.79
2016-04-07,32.97,0.03,54.74,2.57
2016-04-08,32.72,0.12,55.78,2.52
2016-04-09,31.55,3.93,60.22,1.93
2016-04-10,31.92,1.16,59.74,1.75
2016-04-11,32.45,0.07,55.31,2.05
2016-04-12,33.25,0.0,54.46,2.76
2016-04-13,34.59,0.0,49.73,2.18
2016-04-14,33.76,0.05,54.06,3.24
2016-04-15,33.48,0.04,55.87,2.52
2016-04-16,33.28,0.0,55.68,3.06
2016-04-17,32.11,0.01,59.92,2.34
2016-04-18,32.48,0.04,59.71,2.78
2016-04-19,32.78,0.34,58.75,2.73
2016-04-20,32.56,0.16,58.84,2.31
2016-04-21,33.62,0.05,53.91,2.79
2016-04-22,34.01,0.07,52.48,2.22
2016-04-23,35.2,0.04,48.38,2.64
2016-04-24,34.82,0.02,49.81,2.98
2016-04-25,33.86,0.0,53.19,3.39
2016-04-26,32.45,0.2,59.34,2.71
2016-04-27,31.69,0.4,60.12,1.99
2016-04-28,32.69,0.0,56.18,2.71
2016-04-29,32.15,0.0,56.81,2.21
2016-04-30,33.17,0.0,52.37,2.84
2016-05-01,33.45,0.0,51.2,2.86
2016-05-02,34.02,0.0,51.07,2.86
2016-05-03,33.56,0.01,53.49,2.97
2016-05-04,33.23,0.02,57.1,2.96
2016-05-05,32.8,0.08,56.82,2.67
2016-05-06,32.89,1.93,55.68,2.61
2016-05-07,31.36,6.42,64.5,2.46
2016-05-08,32.83,1.46,57.29,1.53
2016-05-09,31.41,0.8,62.31,2.39
2016-05-10,31.6,2.09,59.23,2.39
2016-05-11,29.96,5.63,63.99,1.59
2016-05-12,31.19,0.3,57.64,2.05
2016-05-13,32.41,0.17,54.45,1.91
2016-05-14,31.57,1.66,59.88,2.2
2016-05-15,29.33,9.3,69.27,1.71
2016-05-16,26.84,50.13,81.51,3.4
2016-05-17,27.63,4.14,70.49,3.65
2016-05-18,29.53,6.77,68.42,3.31
2016-05-19,29.64,12.12,72.99,2.29
2016-05-20,29.67,1.59,71.07,2.97
2016-05-21,31.59,0.0,61.53,2.61
2016-05-22,32.05,0.0,63.21,2.27
2016-05-23,31.86,0.0,64.01,2.45
2016-05-24,31.92,0.0,61.13,2.95
2016-05-25,32.04,0.24,60.58,3.47
2016-05-26,31.49,0.03,61.88,3.16
2016-05-27,30.61,1.18,64.99,2.09
2016-05-28,30.03,1.44,68.26,3.18
2016-05-29,29.23,0.54,69.51,2.97
2016-05-30,29.75,5.06,67.39,2.31
2016-05-31,30.37,3.55,65.3,2.52
2016-06-01,29.86,2.67,68.82,2.42
2016-06-02,29.66,0.45,67.38,2.23
2016-06-03,30.25,0.01,64.64,2.42
2016-06-04,30.44,1.5,65.38,1.47
2016-06-05,30.74,3.49,64.4,2.32
2016-06-06,30.15,0.29,64.83,3.05
2016-06-07,29.14,2.39,75.43,3.28
2016-06-08,29.27,0.5,72.28,2.82
2016-06-09,28.87,0.14,71.04,3.57
2016-06-10,29.75,0.01,63.26,3.64
2016-06-11,29.75,1.26,64.4,3.83
2016-06-12,30.47,0.0,60.18,4.21
2016-06-13,30.49,0.0,59.83,3.97
2016-06-14,30.92,0.0,56.33,3.89
2016-06-15,31.18,0.0,54.55,5.04
2016-06-16,31.09,0.0,56.59,4.25
2016-06-17,29.92,1.28,61.14,3.37
2016-06-18,28.66,7.47,63.94,3.43
2016-06-19,29.14,2.49,62.51,2.56
2016-06-20,29.38,0.16,63.73,1.98
2016-06-21,28.13,0.52,69.29,1.32
2016-06-22,28.68,0.94,61.57,3.56
2016-06-23,27.17,3.53,67.75,4.55
2016-06-24,28.36,0.16,60.22,3.59
2016-06-25,29.57,0.09,55.07,3.67
2016-06-26,30.1,0.03,59.03,3.35
2016-06-27,30.56,0.06,58.84,4.33
2016-06-28,29.85,0.05,58.81,4.58
2016-06-29,29.59,0.45,61.58,4.55
2016-06-30,30.01,0.01,57.88,5.25
2016-07-01,30.37,0.0,55.34,5.34
2016-07-02,30.59,0.0,53.62,5.03
2016-07-03,31.62,0.0,51.54,4.92
2016-07-04,31.02,0.02,53.38,4.42
2016-07-05,31.17,0.0,56.05,3.62
2016-07-06,30.61,2.41,61.47,3.39
2016-07-07,30.75,0.01,54.49,3.61
2016-07-08,30.32,0.12,49.19,5.26
2016-07-09,30.53,0.02,52.4,5.14
2016-07-10,30.52,0.02,57.97,5.4
2016-07-11,31.15,0.01,55.46,5.17
2016-07-12,30.91,0.0,55.36,4.74
2016-07-13,31.6,0.0,52.26,3.89
2016-07-14,32.06,0.29,51.25,2.96
2016-07-15,30.58,7.93,60.28,2.6
2016-07-16,28.86,4.36,70.36,1.8
2016-07-17,26.94,12.72,79.94,1.4
2016-07-18,26.87,6.35,76.92,2.33
2016-07-19,28.74,0.22,63.8,2.81
2016-07-20,29.78,0.34,60.43,2.58
2016-07-21,29.33,0.37,60.87,3.4
2016-07-22,29.57,0.0,58.43,4.15
2016-07-23,29.18,0.08,59.96,3.44
2016-07-24,29.1,3.18,64.92,2.25
2016-07-25,28.4,21.96,73.88,1.36
2016-07-26,26.94,17.09,79.77,1.6
2016-07-27,27.08,7.64,78.37,1.28
2016-07-28,27.58,3.95,77.24,1.08
2016-07-29,28.46,0.84,70.28,2.44
2016-07-30,28.61,0.77,66.44,2.54
2016-07-31,29.07,0.01,64.14,3.32
2016-08-01,28.71,0.01,65.6,3.86
2016-08-02,28.15,0.0,65.19,4.09
2016-08-03,28.93,0.0,62.83,4.46
2016-08-04,29.34,0.0,62.28,4.33
2016-08-05,29.23,0.0,61.78,4.02
2016-08-06,29.63,0.0,60.11,3.81
2016-08-07,29.88,0.1,61.74,3.27
2016-08-08,30.49,0.0,59.97,3.15
2016-08-09,30.32,2.61,60.68,3.21
2016-08-10,30.36,0.37,60.97,2.77
2016-08-11,29.88,0.09,61.16,2.46
2016-08-12,30.49,0.35,60.22,3.04
2016-08-13,30.6,1.31,61.83,2.86
2016-08-14,30.41,0.1,59.35,3.67
2016-08-15,30.09,0.55,59.27,4.35
2016-08-16,30.05,0.01,58.98,4.96
2016-08-17,30.11,0.01,58.32,4.1
2016-08-18,30.79,0.12,57.21,3.86
2016-08-19,31.0,0.07,55.9,3.32
2016-08-20,31.37,0.07,57.75,2.25
2016-08-21,31.34,0.74,59.04,2.12
2016-08-22,30.95,0.15,59.54,2.35
2016-08-23,29.28,1.87,65.97,2.66
2016-08-24,29.95,0.15,62.4,2.96
2016-08-25,28.42,0.65,68.81,2.21
2016-08-26,28.94,9.02,68.7,1.95
2016-08-27,28.48,4.59,71.04,2.66
2016-08-28,29.69,6.34,64.44,2.73
2016-08-29,29.39,6.28,63.24,2.82
2016-08-30,28.13,12.63,71.18,3.0
2016-08-31,27.65,9.59,68.44,2.78
2016-09-01,27.54,3.11,64.3,3.19
2016-09-02,28.12,1.57,64.57,3.06
2016-09-03,29.09,0.17,61.01,2.52
2016-09-04,29.29,0.25,62.73,2.56
2016-09-05,29.16,0.0,60.98,2.76
2016-09-06,28.91,0.15,60.5,3.39
2016-09-07,29.58,0.01,56.57,3.1
2016-09-08,29.42,0.0,58.62,2.46
2016-09-09,30.62,1.17,58.42,1.91
2016-09-10,30.39,1.35,62.24,1.81
2016-09-11,29.46,0.09,60.39,2.41
2016-09-12,30.15,0.51,58.43,1.99
2016-09-13,29.94,1.31,60.95,2.31
2016-09-14,30.12,0.56,61.56,2.43
2016-09-15,30.47,0.79,60.31,2.21
2016-09-16,30.53,0.23,59.43,2.78
2016-09-17,29.83,0.0,60.13,2.69
2016-09-18,29.8,0.01,58.24,3.35
2016-09-19,30.79,0.08,55.65,2.39
2016-09-20,31.01,0.67,53.99,2.62
2016-09-21,30.59,0.17,56.0,2.83
2016-09-22,30.37,0.0,53.97,4.07
2016-09-23,30.35,0.0,53.56,3.81
2016-09-24,30.68,0.0,52.67,4.46
2016-09-25,30.92,0.0,53.89,3.33
2016-09-26,31.83,0.06,50.9,2.62
2016-09-27,30.51,0.51,57.69,2.27
2016-09-28,29.79,2.01,64.23,2.08
2016-09-29,28.57,5.11,73.05,1.48
2016-09-30,29.2,1.69,65.69,2.41
2016-10-01,30.19,0.02,58.41,1.98
2016-10-02,30.78,0.0,55.03,2.08
2016-10-03,30.93,0.0,55.39,1.76
2016-10-04,31.41,3.94,56.17,1.77
2016-10-05,28.22,7.32,72.09,2.03
2016-10-06,29.05,2.31,68.97,1.78
2016-10-07,28.72,0.22,63.45,1.87
2016-10-08,29.61,0.04,59.06,1.54
2016-10-09,30.56,0.02,55.52,2.36
2016-10-10,30.98,0.01,52.07,2.4
2016-10-11,30.86,1.09,52.33,2.05
2016-10-12,29.63,6.47,63.45,2.03
2016-10-13,28.61,5.23,72.3,1.0
2016-10-14,28.95,1.24,67.01,1.32
2016-10-15,29.13,0.19,63.91,1.47
2016-10-16,29.62,0.0,59.99,1.62
2016-10-17,29.76,0.0,58.43,1.19
2016-10-18,30.18,0.0,58.51,1.21
2016-10-19,29.99,0.6,58.65,0.91
2016-10-20,28.38,1.91,70.15,1.64
2016-10-21,26.51,5.13,80.26,1.09
2016-10-22,27.21,3.44,73.47,0.97
2016-10-23,28.02,2.55,71.05,1.29
2016-10-24,28.64,0.62,66.67,1.81
2016-10-25,28.9,0.43,64.04,1.38
2016-10-26,29.04,0.08,61.77,1.51
2016-10-27,29.61,0.01,57.7,1.14
2016-10-28,30.19,0.0,56.0,1.83
2016-10-29,31.18,1.96,55.39,1.61
2016-10-30,28.69,8.4,73.07,1.39
2016-10-31,26.88,11.04,84.28,1.8
2016-11-01,28.16,0.24,67.68,2.39
2016-11-02,26.51,9.18,80.33,2.23
2016-11-03,26.72,1.72,77.77,1.48
2016-11-04,28.29,0.04,70.59,1.85
2016-11-05,29.34,0.0,65.7,2.35
2016-11-06,28.9,0.5,67.41,1.51
2016-11-07,28.44,0.19,63.4,1.7
2016-11-08,27.71,0.11,66.06,2.17
2016-11-09,26.7,0.03,58.77,2.66
2016-11-10,26.32,0.0,60.06,2.32
2016-11-11,27.07,0.0,65.59,2.02
2016-11-12,27.91,0.07,67.54,2.31
2016-11-13,27.89,2.28,73.83,2.5
2016-11-14,28.01,1.94,73.33,2.48
2016-11-15,27.85,0.64,68.92,2.55
2016-11-16,27.5,2.14,73.46,3.07
2016-11-17,26.96,6.94,75.89,3.23
2016-11-18,27.1,1.6,71.04,3.38
2016-11-19,26.42,3.83,71.71,2.95
2016-11-20,26.84,0.96,69.64,2.87
2016-11-21,26.32,0.47,71.89,2.65
2016-11-22,27.02,0.13,68.36,2.85
2016-11-23,26.54,0.07,66.88,3.04
2016-11-24,25.53,0.0,63.84,2.85
2016-11-25,25.85,0.0,66.29,2.83
2016-11-26,26.17,0.0,63.36,2.58
2016-11-27,25.38,0.0,61.35,2.43
2016-11-28,24.92,0.0,61.92,1.88
2016-11-29,24.99,0.0,62.02,1.99
2016-11-30,24.53,0.2,64.85,2.06
2016-12-01,23.75,12.96,68.08,3.08
2016-12-02,24.54,20.0,82.95,3.26
2016-12-03,25.95,3.78,81.01,2.67
2016-12-04,26.79,0.78,75.6,1.97
2016-12-05,27.05,0.75,73.64,2.55
2016-12-06,25.75,0.11,66.58,3.12
2016-12-07,25.66,0.01,71.66,2.42
2016-12-08,26.85,0.03,70.41,2.56
2016-12-09,26.86,0.0,68.2,1.68
2016-12-10,26.44,0.0,63.56,1.25
2016-12-11,26.23,0.0,51.41,1.55
2016-12-12,26.98,1.06,56.18,2.32
2016-12-13,27.26,0.78,65.73,1.81
2016-12-14,26.77,0.15,70.14,2.14
2016-12-15,26.62,0.07,70.61,2.42
2016-12-16,26.21,0.87,73.46,2.51
2016-12-17,26.31,0.03,66.83,2.86
2016-12-18,26.02,0.0,66.81,2.67
2016-12-19,26.28,0.02,64.15,3.22
2016-12-20,26.15,2.74,76.23,3.52
2016-12-21,26.89,0.46,72.46,3.07
2016-12-22,26.23,0.0,63.89,2.3
2016-12-23,24.66,0.0,60.47,2.05
2016-12-24,24.1,0.0,63.19,2.08
2016-12-25,24.44,0.0,61.53,1.84
2016-12-26,25.69,0.0,60.97,2.36
2016-12-27,26.85,1.8,64.48,3.34
2016-12-28,25.82,8.42,78.93,3.65
2016-12-29,25.8,0.18,70.79,3.8
2016-12-30,25.15,0.0,65.6,3.17
2016-12-31,24.83,0.0,60.94,2.74
2017-01-01,25.38,0.03,67.06,3.01
2017-01-02,26.23,0.01,65.89,2.96
2017-01-03,25.89,0.0,59.5,3.08
2017-01-04,24.93,0.0,61.61,2.75
2017-01-05,25.32,0.0,62.57,2.72
2017-01-06,25.41,0.0,62.87,2.51
2017-01-07,25.21,0.0,63.63,2.18
2017-01-08,24.95,0.0,59.56,2.51
2017-01-09,24.55,0.0,56.94,2.34
2017-01-10,25.06,0.0,58.56,1.71
2017-01-11,25.82,0.0,60.51,1.93
2017-01-12,26.27,0.0,62.29,1.85
2017-01-13,26.21,0.0,63.36,2.41
2017-01-14,26.01,0.0,61.62,2.97
2017-01-15,25.65,0.0,62.7,3.14
2017-01-16,25.77,0.0,62.19,2.92
2017-01-17,24.52,0.0,58.97,2.86
2017-01-18,24.35,0.0,62.32,3.41
2017-01-19,25.79,0.0,58.62,3.51
2017-01-20,25.83,4.78,67.8,3.65
2017-01-21,24.83,24.09,82.92,3.82
2017-01-22,25.19,3.95,73.72,3.33
2017-01-23,24.82,0.0,70.98,3.24
2017-01-24,25.12,0.0,68.61,3.43
2017-01-25,25.57,0.87,70.55,3.47
2017-01-26,25.22,2.76,79.84,3.17
2017-01-27,25.47,8.43,85.01,2.98
2017-01-28,25.91,2.88,79.42,2.75
2017-01-29,26.39,1.59,76.0,2.93
2017-01-30,26.08,0.16,70.35,2.84
2017-01-31,25.49,0.0,67.07,2.44
2017-02-01,24.19,0.0,66.86,2.39
2017-02-02,24.22,0.0,66.33,2.51
2017-02-03,24.24,0.0,67.61,2.69
2017-02-04,24.47,0.0,66.59,2.8
2017-02-05,24.41,0.0,64.0,2.32
2017-02-06,24.81,0.0,62.68,1.82
2017-02-07,25.03,0.0,57.88,1.98
2017-02-08,24.2,0.0,58.86,2.56
2017-02-09,24.23,0.0,64.51,2.57
2017-02-10,24.76,0.0,64.31,2.25
2017-02-11,25.19,0.0,63.38,2.59
2017-02-12,25.12,0.0,63.46,2.86
2017-02-13,26.12,0.62,63.19,3.29
2017-02-14,26.46,4.14,70.61,4.68
2017-02-15,26.83,0.0,61.36,3.99
2017-02-16,25.58,0.0,62.82,3.88
2017-02-17,24.95,0.0,58.8,3.35
2017-02-18,25.49,0.0,58.26,2.83
2017-02-19,25.92,0.0,59.77,2.15
2017-02-20,26.85,0.0,53.8,1.4
2017-02-21,28.53,0.0,55.16,1.74
2017-02-22,28.58,0.0,59.42,2.16
2017-02-23,28.27,0.0,58.59,1.97
2017-02-24,27.58,0.0,59.55,2.5
2017-02-25,27.44,0.0,58.27,2.3
2017-02-26,27.52,0.0,59.1,2.61
2017-02-27,27.34,0.0,60.72,2.86
2017-02-28,27.84,0.0,63.9,3.47
2017-03-01,27.07,0.0,60.59,3.18
2017-03-02,27.52,0.06,58.29,3.19
2017-03-03,28.23,2.71,64.81,2.89
2017-03-04,27.58,8.77,74.74,2.44
2017-03-05,29.17,1.21,65.16,2.19
2017-03-06,29.78,0.22,64.81,2.49
2017-03-07,29.98,0.07,64.12,2.57
2017-03-08,29.78,1.3,64.45,2.95
2017-03-09,29.63,1.52,66.18,2.43
2017-03-10,28.79,3.24,70.92,1.72
2017-03-11,28.56,2.43,71.99,1.76
2017-03-12,29.28,1.21,67.6,1.56
2017-03-13,28.99,2.27,68.63,1.82
2017-03-14,27.62,6.02,76.21,1.87
2017-03-15,27.39,7.31,75.96,2.23
2017-03-16,27.38,1.4,72.32,1.92
2017-03-17,29.23,0.04,62.19,1.68
2017-03-18,29.55,0.02,58.67,2.12
2017-03-19,30.42,0.0,57.96,1.93
2017-03-20,30.91,0.9,58.19,2.17
2017-03-21,30.29,2.96,61.14,1.68
2017-03-22,29.87,0.0,59.94,2.55
2017-03-23,29.36,0.0,57.76,2.33
2017-03-24,28.31,0.0,55.37,2.22
2017-03-25,28.61,0.0,53.57,2.52
2017-03-26,28.37,0.0,59.09,2.57
2017-03-27,28.83,0.0,56.85,1.92
2017-03-28,30.2,0.0,58.34,2.01
2017-03-29,30.68,0.0,53.21,1.91
2017-03-30,30.87,0.0,56.28,1.92
2017-03-31,30.92,0.0,60.06,2.69
2017-04-01,30.77,0.0,55.98,2.22
2017-04-02,30.96,0.0,56.69,2.37
2017-04-03,31.86,0.0,56.67,2.39
2017-04-04,32.04,0.0,58.03,2.7
2017-04-05,32.26,0.0,55.72,2.25
2017-04-06,32.3,0.04,56.0,2.51
2017-04-07,32.44,0.06,53.86,1.96
2017-04-08,32.22,0.0,53.6,2.54
2017-04-09,32.03,0.0,54.63,2.52
2017-04-10,32.46,0.0,50.59,2.19
2017-04-11,32.15,0.04,53.62,2.05
2017-04-12,31.76,0.03,58.45,2.31
2017-04-13,32.14,0.01,57.17,2.47
2017-04-14,32.23,0.0,52.72,2.05
2017-04-15,33.03,0.0,51.93,2.28
2017-04-16,33.67,0.01,50.96,2.18
2017-04-17,34.43,0.0,45.57,2.31
2017-04-18,34.58,0.0,45.48,2.48
2017-04-19,34.13,0.0,47.24,2.48
2017-04-20,34.02,0.1,48.35,2.74
2017-04-21,34.55,0.22,44.79,1.99
2017-04-22,34.52,0.58,45.09,2.56
2017-04-23,33.85,0.34,50.21,2.7
2017-04-24,34.48,0.08,48.03,2.84
2017-04-25,34.37,0.09,48.02,2.27
2017-04-26,34.09,0.52,49.6,1.94
2017-04-27,33.29,0.25,52.11,3.05
2017-04-28,33.02,0.0,52.72,2.44
2017-04-29,33.26,0.02,50.36,2.46
2017-04-30,32.94,0.11,51.43,2.63
2017-05-01,32.44,0.29,53.42,2.38
2017-05-02,32.69,0.61,52.03,2.75
2017-05-03,31.62,1.46,56.16,2.56
2017-05-04,32.24,0.34,53.78,2.5
2017-05-05,32.26,0.16,55.29,3.0
2017-05-06,31.59,1.15,61.08,2.88
2017-05-07,31.67,1.9,60.55,2.4
2017-05-08,32.22,0.69,51.07,2.47
2017-05-09,32.84,1.94,47.44,2.04
2017-05-10,30.5,2.51,66.86,1.63
2017-05-11,30.94,0.33,63.42,1.71
2017-05-12,30.73,2.56,65.09,2.25
2017-05-13,30.44,4.69,69.44,1.54
2017-05-14,31.99,0.92,61.4,2.36
2017-05-15,32.06,0.01,58.42,2.56
2017-05-16,32.23,0.01,56.19,2.99
2017-05-17,33.53,1.44,53.97,2.28
2017-05-18,31.24,9.06,64.46,2.76
2017-05-19,31.86,0.19,58.56,2.51
2017-05-20,32.02,4.93,58.69,2.05
2017-05-21,31.0,1.03,65.89,2.14
2017-05-22,30.6,3.08,67.52,2.27
2017-05-23,29.99,1.58,68.02,1.91
2017-05-24,30.96,0.24,63.68,2.08
2017-05-25,30.82,0.33,64.15,2.7
2017-05-26,29.14,1.31,72.98,2.11
2017-05-27,30.13,0.92,70.17,2.61
2017-05-28,29.4,1.12,71.01,3.49
2017-05-29,30.66,0.37,63.71,3.41
2017-05-30,31.09,0.13,60.74,4.14
2017-05-31,31.41,2.18,59.01,3.01
2017-06-01,30.95,0.65,58.43,2.87
2017-06-02,30.84,2.18,59.54,3.45
2017-06-03,30.7,0.05,61.18,3.79
2017-06-04,31.46,0.05,55.2,3.82
2017-06-05,31.59,3.57,58.69,3.26
2017-06-06,29.81,1.82,66.95,2.66
2017-06-07,29.19,8.47,66.88,2.32
2017-06-08,30.27,0.4,59.05,3.07
2017-06-09,29.93,1.64,58.29,3.97
2017-06-10,29.97,1.6,60.97,4.24
2017-06-11,29.96,0.01,57.63,4.53
2017-06-12,30.78,0.01,59.08,2.93
2017-06-13,31.4,0.0,58.55,2.57
2017-06-14,31.25,4.2,63.37,2.58
2017-06-15,29.58,1.46,70.37,1.9
2017-06-16,28.89,6.46,72.42,2.04
2017-06-17,29.84,1.82,61.57,2.51
2017-06-18,30.8,0.02,56.87,2.99
2017-06-19,30.64,1.0,61.6,2.35
2017-06-20,28.86,2.68,66.75,2.52
2017-06-21,29.42,0.03,63.49,2.41
2017-06-22,29.94,0.08,61.88,2.55
2017-06-23,30.5,0.12,59.57,3.69
2017-06-24,29.55,0.72,57.99,4.44
2017-06-25,29.98,0.35,56.82,4.42
2017-06-26,29.74,0.96,58.26,4.65
2017-06-27,29.16,0.61,59.17,4.37
2017-06-28,29.75,0.04,55.94,4.22
2017-06-29,30.55,0.0,53.56,3.8
2017-06-30,30.78,0.01,55.7,2.5
2017-07-01,31.15,0.01,54.7,3.7
2017-07-02,30.84,0.53,53.27,3.26
2017-07-03,31.06,0.86,51.68,4.07
2017-07-04,31.07,1.03,51.43,3.72
2017-07-05,30.36,0.16,56.33,3.46
2017-07-06,30.98,2.4,55.19,2.79
2017-07-07,30.25,1.0,56.39,3.36
2017-07-08,29.57,3.77,60.18,3.09
2017-07-09,29.5,3.98,60.04,2.78
2017-07-10,29.58,0.12,60.43,2.8
2017-07-11,29.97,0.24,59.49,3.8
2017-07-12,30.36,0.19,55.58,2.69
2017-07-13,30.57,0.19,55.32,4.11
2017-07-14,29.97,0.0,48.52,4.19
2017-07-15,30.2,0.0,55.63,3.83
2017-07-16,30.81,0.0,52.22,4.41
2017-07-17,30.1,0.0,53.08,4.86
2017-07-18,30.45,0.0,56.31,4.94
2017-07-19,30.62,0.05,55.37,4.93
2017-07-20,31.15,0.13,54.96,4.93
2017-07-21,31.26,0.02,51.72,4.17
2017-07-22,31.9,0.0,52.56,3.21
2017-07-23,32.48,0.0,50.61,3.2
2017-07-24,32.94,0.0,49.08,3.75
2017-07-25,33.11,0.02,47.54,3.64
2017-07-26,32.71,0.01,49.21,3.69
2017-07-27,32.31,2.11,49.63,4.14
2017-07-28,32.66,0.29,50.73,3.39
2017-07-29,31.34,2.65,55.22,2.66
2017-07-30,29.98,4.47,66.19,1.75
2017-07-31,28.73,20.12,74.29,2.18
2017-08-01,29.9,4.3,66.59,2.07
2017-08-02,29.57,4.16,68.64,2.39
2017-08-03,30.48,0.18,60.02,3.83
2017-08-04,30.6,0.01,60.51,3.83
2017-08-05,30.47,0.02,59.96,4.41
2017-08-06,30.87,0.59,60.0,3.09
2017-08-07,29.95,1.57,63.94,2.25
2017-08-08,28.92,9.63,69.14,1.6
2017-08-09,28.64,22.77,74.53,1.24
2017-08-10,28.73,5.63,71.75,1.66
2017-08-11,28.34,4.19,71.1,2.65
2017-08-12,29.06,3.49,65.34,2.07
2017-08-13,26.16,24.65,81.12,2.06
2017-08-14,25.99,13.12,85.35,1.02
2017-08-15,27.46,5.75,72.65,1.53
2017-08-16,27.93,3.4,73.36,2.01
2017-08-17,28.01,1.44,74.04,2.19
2017-08-18,27.94,4.84,74.5,2.53
2017-08-19,28.42,0.26,69.15,3.73
2017-08-20,28.55,1.54,67.41,3.69
2017-08-21,28.41,0.37,67.68,3.53
2017-08-22,28.75,0.09,66.91,2.9
2017-08-23,29.2,0.65,68.39,1.62
2017-08-24,27.79,5.38,76.03,1.66
2017-08-25,29.19,0.48,68.95,2.56
2017-08-26,29.15,0.47,66.83,2.93
2017-08-27,28.94,0.15,69.18,3.6
2017-08-28,28.98,0.2,67.58,3.59
2017-08-29,29.22,0.07,65.05,4.01
2017-08-30,29.65,7.95,67.44,2.39
2017-08-31,28.7,3.71,72.33,1.87
2017-09-01,27.7,15.62,81.9,1.21
2017-09-02,27.95,17.42,79.8,1.13
2017-09-03,27.77,1.31,74.64,2.1
2017-09-04,28.25,9.09,78.3,0.87
2017-09-05,28.48,5.87,79.98,1.13
2017-09-06,27.67,1.81,81.15,1.65
2017-09-07,27.8,2.25,79.9,1.29
2017-09-08,27.13,15.9,83.59,1.92
2017-09-09,27.38,5.86,80.92,0.74
2017-09-10,27.94,1.18,76.09,1.24
2017-09-11,27.9,1.09,80.05,2.18
2017-09-12,27.43,2.23,80.62,2.23
2017-09-13,27.06,12.38,84.61,2.18
2017-09-14,26.55,4.89,85.9,2.3
2017-09-15,26.96,0.12,82.27,1.77
2017-09-16,26.84,2.27,84.59,2.07
2017-09-17,26.92,2.09,78.64,3.45
2017-09-18,27.61,1.29,75.92,3.69
2017-09-19,27.63,0.03,76.19,3.21
2017-09-20,27.69,0.0,74.78,2.96
2017-09-21,27.52,0.0,71.94,2.69
2017-09-22,28.77,0.03,69.79,1.93
2017-09-23,28.82,0.13,70.85,1.79
2017-09-24,27.63,8.25,79.82,1.35
2017-09-25,27.12,8.58,79.62,2.03
2017-09-26,26.88,4.37,81.26,1.59
2017-09-27,27.13,4.3,80.71,1.84
2017-09-28,26.52,6.97,79.83,2.74
2017-09-29,27.28,0.04,75.67,2.3
2017-09-30,28.69,0.16,74.1,1.96
2017-10-01,29.02,0.06,72.43,1.97
2017-10-02,29.18,0.0,70.96,1.74
2017-10-03,28.87,2.53,76.07,1.65
2017-10-04,28.66,4.03,76.94,1.15
2017-10-05,27.76,6.89,82.28,1.44
2017-10-06,26.86,3.81,82.55,2.27
2017-10-07,28.07,0.36,72.56,1.93
2017-10-08,28.2,0.88,77.83,1.45
2017-10-09,28.03,1.2,79.63,1.37
2017-10-10,27.89,2.82,80.19,1.44
2017-10-11,26.76,4.27,79.54,1.97
2017-10-12,27.9,4.13,73.18,1.23
2017-10-13,27.39,2.56,77.14,1.03
2017-10-14,26.71,2.79,80.17,1.93
2017-10-15,26.68,0.16,74.72,2.56
2017-10-16,27.1,0.23,76.12,2.41
2017-10-17,27.23,0.4,72.75,2.62
2017-10-18,28.52,0.01,69.41,1.87
2017-10-19,29.2,0.0,69.35,1.15
2017-10-20,28.59,0.43,74.68,1.86
2017-10-21,27.73,7.08,80.01,2.7
2017-10-22,28.25,0.65,74.03,2.06
2017-10-23,28.19,0.16,70.99,1.79
2017-10-24,27.71,0.44,76.25,1.18
2017-10-25,27.81,1.92,77.28,1.48
2017-10-26,27.64,5.14,77.18,1.56
2017-10-27,27.47,3.04,76.18,1.57
2017-10-28,26.63,4.69,80.78,2.27
2017-10-29,27.2,0.87,76.13,2.65
2017-10-30,25.38,15.55,87.69,3.11
2017-10-31,25.0,7.71,89.4,2.76
2017-11-01,25.43,4.45,87.37,2.58
2017-11-02,25.22,9.83,89.62,2.78
2017-11-03,25.15,8.91,89.49,2.46
2017-11-04,24.82,15.11,90.34,2.63
2017-11-05,25.74,7.5,87.7,2.73
2017-11-06,25.15,5.58,89.86,2.57
2017-11-07,25.37,5.87,88.54,2.34
2017-11-08,24.93,18.5,90.96,1.95
2017-11-09,25.25,0.08,82.13,2.47
2017-11-10,24.68,3.21,85.45,3.25
2017-11-11,24.98,1.54,85.39,2.45
2017-11-12,25.17,0.01,81.04,2.43
2017-11-13,26.59,1.31,80.02,1.51
2017-11-14,24.99,4.6,88.54,1.61
2017-11-15,26.05,6.62,85.44,1.15
2017-11-16,26.81,0.06,77.26,1.48
2017-11-17,26.16,0.01,77.96,1.47
2017-11-18,26.49,0.04,80.49,1.26
2017-11-19,26.29,1.03,85.8,1.68
2017-11-20,26.44,0.86,85.29,1.83
2017-11-21,25.66,2.33,90.01,1.94
2017-11-22,25.79,0.87,86.53,2.38
2017-11-23,26.07,0.08,81.61,2.32
2017-11-24,26.07,0.11,82.06,2.05
2017-11-25,25.54,0.66,81.57,2.64
2017-11-26,24.61,8.85,88.63,2.64
2017-11-27,25.7,8.63,90.84,2.14
2017-11-28,25.57,4.88,87.97,3.35
2017-11-29,25.35,15.42,90.38,4.08
2017-11-30,25.27,37.49,93.91,3.58
2017-12-01,25.36,29.05,94.23,2.23
2017-12-02,25.26,4.32,87.08,1.42
2017-12-03,24.54,2.73,90.93,1.98
2017-12-04,24.9,0.01,86.58,1.82
2017-12-05,24.75,0.03,87.5,1.82
2017-12-06,25.12,0.03,86.98,2.26
2017-12-07,24.59,0.01,85.72,1.95
2017-12-08,23.52,0.0,80.36,1.37
2017-12-09,23.56,0.0,77.01,0.98
2017-12-10,24.87,0.0,80.34,1.38
2017-12-11,25.27,0.14,84.24,1.43
2017-12-12,25.62,0.07,84.14,1.18
2017-12-13,25.27,0.03,84.92,1.38
2017-12-14,25.11,0.02,84.73,2.03
2017-12-15,24.98,0.04,86.07,2.77
2017-12-16,24.53,0.0,84.18,3.07
2017-12-17,23.97,0.01,82.75,3.38
2017-12-18,23.28,0.0,78.99,3.29
2017-12-19,23.8,1.83,82.1,3.49
2017-12-20,24.12,0.74,82.74,3.83
2017-12-21,22.84,4.07,85.44,3.38
2017-12-22,24.33,0.32,83.55,3.22
2017-12-23,23.94,0.04,78.8,3.08
2017-12-24,23.53,0.0,80.33,2.75
2017-12-25,24.64,0.32,81.77,3.23
2017-12-26,24.34,0.06,79.44,3.36
2017-12-27,23.54,0.0,81.41,2.92
2017-12-28,22.55,0.0,77.22,3.02
2017-12-29,23.17,0.0,75.03,2.9
2017-12-30,23.81,0.0,76.23,2.79
2017-12-31,23.99,0.0,78.22,2.17
2018-01-01,25.17,0.0,74.72,1.39
2018-01-02,25.6,0.0,76.41,1.38
2018-01-03,25.34,0.0,76.29,2.63
2018-01-04,24.5,0.0,74.61,2.87
2018-01-05,23.13,0.0,72.82,2.77
2018-01-06,22.78,0.0,69.96,2.26
2018-01-07,22.67,0.0,70.1,2.54
2018-01-08,22.87,0.01,72.99,2.7
2018-01-09,23.91,7.45,80.51,2.82
2018-01-10,25.06,2.57,82.89,3.38
2018-01-11,25.71,0.77,80.94,2.5
2018-01-12,25.3,0.12,81.61,2.51
2018-01-13,24.91,0.0,80.44,2.4
2018-01-14,24.46,0.0,75.67,2.4
2018-01-15,24.83,0.0,76.76,2.65
2018-01-16,24.88,0.0,76.8,2.29
2018-01-17,24.42,0.0,73.77,2.44
2018-01-18,23.03,0.0,70.47,2.82
2018-01-19,22.86,0.0,73.38,2.66
2018-01-20,22.83,0.0,72.64,2.54
2018-01-21,23.06,0.0,72.46,2.74
2018-01-22,23.69,0.0,70.82,2.42
2018-01-23,24.6,0.0,70.14,2.09
2018-01-24,24.92,0.0,70.89,2.22
2018-01-25,25.15,0.0,70.35,2.65
2018-01-26,24.45,0.0,68.74,2.56
2018-01-27,24.68,0.0,67.68,2.71
2018-01-28,24.7,0.0,68.75,2.91
2018-01-29,24.99,0.0,69.07,3.22
2018-01-30,24.89,0.0,65.54,3.27
2018-01-31,24.01,0.0,64.03,3.21
2018-02-01,23.36,0.0,65.66,2.63
2018-02-02,23.48,0.0,64.18,2.72
2018-02-03,23.36,0.0,65.55,2.65
2018-02-04,23.99,0.0,66.26,2.66
2018-02-05,25.64,0.0,63.96,3.14
2018-02-06,26.46,0.32,74.5,3.01
2018-02-07,26.14,8.69,80.91,1.71
2018-02-08,25.94,3.29,77.79,1.69
2018-02-09,26.67,0.0,69.85,1.86
2018-02-10,25.89,0.01,71.27,1.99
2018-02-11,26.08,0.0,72.79,2.09
2018-02-12,26.42,0.0,69.96,2.88
2018-02-13,25.2,0.0,72.16,2.51
2018-02-14,26.31,0.0,70.24,2.97
2018-02-15,26.38,0.01,69.84,3.39
2018-02-16,26.37,0.0,64.49,3.23
2018-02-17,25.69,0.0,66.92,2.16
2018-02-18,26.17,0.0,64.55,2.58
2018-02-19,25.23,0.0,66.56,2.67
2018-02-20,25.69,0.0,66.72,3.04
2018-02-21,25.86,0.0,64.28,2.62
2018-02-22,25.51,0.0,62.86,2.91
2018-02-23,25.76,0.0,64.27,2.98
2018-02-24,26.65,0.0,66.65,3.02
2018-02-25,27.34,0.0,65.98,3.52
2018-02-26,28.03,0.0,63.75,3.13
2018-02-27,28.01,0.0,65.97,2.98
2018-02-28,28.38,0.02,63.86,3.18
2018-03-01,28.2,0.24,64.48,2.99
2018-03-02,27.9,0.0,59.75,2.67
2018-03-03,27.77,0.0,58.54,2.14
2018-03-04,27.73,0.0,55.31,2.1
2018-03-05,27.45,0.0,58.07,2.3
2018-03-06,27.25,0.0,57.23,2.58
2018-03-07,27.75,0.0,62.57,2.55
2018-03-08,28.2,0.0,61.34,2.8
2018-03-09,28.1,0.0,61.56,2.95
2018-03-10,28.66,0.0,60.75,3.06
2018-03-11,28.8,0.0,63.69,3.01
2018-03-12,28.63,1.19,67.39,3.71
2018-03-13,27.91,2.97,71.85,2.97
2018-03-14,28.95,0.89,64.91,2.19
2018-03-15,28.5,1.37,71.52,1.92
2018-03-16,30.03,0.86,63.76,2.04
2018-03-17,27.36,1.59,73.65,2.33
2018-03-18,29.38,0.53,63.01,2.88
2018-03-19,29.23,0.04,57.07,2.77
2018-03-20,29.01,0.0,57.09,2.42
2018-03-21,30.22,0.0,51.54,1.52
2018-03-22,31.23,0.0,51.48,2.09
2018-03-23,31.68,0.3,54.58,2.15
2018-03-24,31.37,0.15,53.09,2.5
2018-03-25,29.94,0.0,57.56,2.82
2018-03-26,29.92,0.0,55.45,2.56
2018-03-27,30.01,0.0,63.03,2.15
2018-03-28,31.51,0.0,59.7,2.2
2018-03-29,31.97,0.0,56.77,2.3
2018-03-30,30.71,0.03,61.64,2.12
2018-03-31,32.01,1.32,61.09,1.75
2018-04-01,31.52,1.65,59.3,2.68
2018-04-02,31.19,0.01,59.73,2.36
2018-04-03,31.15,0.04,58.06,2.17
2018-04-04,31.07,0.0,57.03,2.32
2018-04-05,30.81,0.0,56.62,2.58
2018-04-06,30.87,0.0,53.77,2.06
2018-04-07,31.1,0.02,58.22,2.69
2018-04-08,30.53,0.04,61.55,2.96
2018-04-09,30.51,1.83,61.22,3.03
2018-04-10,29.56,4.49,68.13,2.66
2018-04-11,29.97,0.5,65.93,2.01
2018-04-12,30.46,0.11,63.55,2.46
2018-04-13,30.55,2.49,62.75,2.65
2018-04-14,30.09,2.31,66.56,1.98
2018-04-15,29.38,6.02,70.57,2.03
2018-04-16,30.0,1.11,68.34,1.91
2018-04-17,31.23,0.03,60.03,2.11
2018-04-18,31.82,0.0,57.26,2.4
2018-04-19,31.78,0.0,58.14,2.71
2018-04-20,32.26,0.1,56.96,2.55
2018-04-21,31.41,0.06,61.68,2.73
2018-04-22,32.3,0.04,56.87,2.57
2018-04-23,31.49,0.0,58.74,2.13
2018-04-24,32.14,0.0,57.26,2.43
2018-04-25,32.38,0.03,58.08,2.67
2018-04-26,32.23,0.22,58.51,2.5
2018-04-27,31.59,0.3,61.39,2.39
2018-04-28,31.43,0.0,60.11,2.88
2018-04-29,32.32,0.01,58.14,2.75
2018-04-30,32.85,2.05,56.18,2.7
2018-05-01,31.33,3.58,65.59,1.34
2018-05-02,30.94,0.93,67.81,1.25
2018-05-03,30.9,0.83,67.38,1.57
2018-05-04,29.63,7.47,73.25,2.12
2018-05-05,29.35,3.31,71.19,1.6
2018-05-06,30.08,0.7,66.03,2.77
2018-05-07,30.49,0.57,65.08,2.22
2018-05-08,29.92,2.85,68.28,1.79
2018-05-09,27.74,13.14,74.32,2.2
2018-05-10,28.06,13.07,77.24,2.12
2018-05-11,29.64,0.76,70.54,2.19
2018-05-12,30.45,0.44,67.71,1.49
2018-05-13,30.55,2.19,63.95,2.17
2018-05-14,29.65,7.76,69.47,1.66
2018-05-15,29.46,4.4,68.64,1.69
2018-05-16,29.21,1.19,70.48,1.54
2018-05-17,29.14,0.66,70.3,2.51
2018-05-18,29.51,0.53,67.98,1.99
2018-05-19,31.09,0.4,62.69,1.81
2018-05-20,31.07,0.28,64.42,1.99
2018-05-21,30.91,0.52,62.54,2.15
2018-05-22,31.35,1.5,60.09,1.7
2018-05-23,30.6,1.42,66.48,1.44
2018-05-24,29.21,4.34,73.48,1.81
2018-05-25,28.19,21.45,78.33,1.11
2018-05-26,28.04,1.29,79.01,2.5
2018-05-27,29.2,1.4,72.43,3.32
2018-05-28,28.75,2.77,77.33,4.15
2018-05-29,30.45,0.17,67.01,3.67
2018-05-30,30.6,0.0,64.86,3.54
2018-05-31,31.2,0.01,62.51,2.76
2018-06-01,30.03,1.01,68.4,1.81
2018-06-02,29.61,0.49,71.72,1.62
2018-06-03,29.52,2.51,71.45,2.55
2018-06-04,28.84,6.23,76.87,1.5
2018-06-05,28.99,3.34,73.4,1.59
2018-06-06,29.5,1.94,66.44,1.79
2018-06-07,29.98,1.66,64.67,3.28
2018-06-08,30.15,0.38,65.08,3.98
2018-06-09,29.57,0.11,65.12,4.96
2018-06-10,29.7,0.05,66.09,4.69
2018-06-11,30.52,0.13,63.09,4.73
2018-06-12,30.15,0.02,65.19,3.81
2018-06-13,29.57,0.05,63.0,3.74
2018-06-14,30.18,0.02,57.78,4.73
2018-06-15,30.41,0.03,54.99,3.98
2018-06-16,29.74,8.9,60.77,2.96
2018-06-17,28.92,0.46,61.91,3.5
2018-06-18,30.1,0.04,54.01,3.81
2018-06-19,30.19,0.05,61.38,3.5
2018-06-20,29.65,0.05,63.79,3.92
2018-06-21,29.07,0.47,65.49,3.12
2018-06-22,30.0,0.34,58.93,3.27
2018-06-23,30.39,0.01,57.07,3.23
2018-06-24,30.7,0.05,57.05,3.18
2018-06-25,29.92,0.02,54.95,3.81
2018-06-26,29.31,0.28,57.19,4.63
2018-06-27,29.5,0.88,58.53,3.78
2018-06-28,29.21,0.05,58.71,4.19
2018-06-29,29.5,0.2,57.39,2.63
2018-06-30,29.14,8.44,61.3,1.95
2018-07-01,28.52,14.09,69.91,1.58
2018-07-02,28.66,15.73,71.04,2.22
2018-07-03,28.05,8.39,71.79,1.76
2018-07-04,29.58,0.01,65.49,2.32
2018-07-05,30.0,0.0,61.73,2.6
2018-07-06,30.23,0.03,59.4,4.03
2018-07-07,29.03,0.01,58.94,4.52
2018-07-08,28.94,0.07,62.23,4.21
2018-07-09,28.66,0.31,68.31,4.12
2018-07-10,28.52,0.49,68.23,3.58
2018-07-11,28.78,0.21,64.11,4.95
2018-07-12,29.05,0.04,60.8,4.78
2018-07-13,29.51,0.06,62.21,4.52
2018-07-14,29.16,0.01,64.39,4.44
2018-07-15,28.68,0.32,65.95,5.09
2018-07-16,28.97,0.49,63.06,5.26
2018-07-17,29.88,0.05,57.32,5.73
2018-07-18,29.68,0.03,60.23,4.85
2018-07-19,30.03,1.56,60.6,4.51
2018-07-20,29.56,0.58,60.82,4.48
2018-07-21,29.46,0.02,60.23,4.8
2018-07-22,30.06,0.0,59.33,4.42
2018-07-23,30.59,0.01,58.42,4.27
2018-07-24,30.05,0.61,59.98,3.83
2018-07-25,30.37,0.95,59.86,3.17
2018-07-26,30.19,0.06,59.33,4.06
2018-07-27,30.47,0.0,57.8,3.8
2018-07-28,30.16,0.02,57.46,2.45
2018-07-29,30.08,0.02,60.51,2.78
2018-07-30,29.24,0.07,65.19,3.12
2018-07-31,29.71,2.38,61.27,3.4
2018-08-01,30.04,0.26,59.31,3.38
2018-08-02,30.92,1.3,56.82,2.51
2018-08-03,27.9,3.49,68.48,3.41
2018-08-04,29.36,1.27,57.94,3.89
2018-08-05,29.54,0.0,59.64,4.11
2018-08-06,30.09,0.23,57.68,5.22
2018-08-07,29.92,0.05,56.35,5.23
2018-08-08,29.43,0.12,57.03,5.0
2018-08-09,30.09,0.06,55.51,4.84
2018-08-10,29.55,2.31,59.87,4.27
2018-08-11,29.8,0.11,56.95,5.27
2018-08-12,28.72,0.35,60.84,5.49
2018-08-13,29.05,0.13,57.11,4.93
2018-08-14,29.72,1.13,56.85,5.66
2018-08-15,28.99,1.15,61.59,5.47
2018-08-16,28.67,0.86,62.45,5.81
2018-08-17,30.54,0.02,57.53,5.65
2018-08-18,29.76,0.0,57.87,5.39
2018-08-19,29.63,0.0,58.58,5.08
2018-08-20,30.41,0.0,55.22,5.1
2018-08-21,30.78,0.01,53.33,4.67
2018-08-22,30.25,0.0,53.25,3.73
2018-08-23,30.77,0.26,53.7,3.2
2018-08-24,30.24,4.15,58.44,2.63
2018-08-25,30.39,0.61,60.07,1.91
2018-08-26,30.27,1.63,58.58,3.23
2018-08-27,29.25,6.84,64.19,3.33
2018-08-28,29.66,1.56,62.92,3.2
2018-08-29,29.48,1.26,62.08,3.17
2018-08-30,29.19,3.9,65.41,2.67
2018-08-31,28.31,2.27,70.0,2.07
2018-09-01,27.63,4.32,71.46,1.6
2018-09-02,28.54,0.28,69.31,1.73
2018-09-03,30.25,0.02,59.28,2.1
2018-09-04,30.58,0.02,59.62,2.07
2018-09-05,30.58,0.0,55.7,2.29
2018-09-06,30.64,0.0,55.13,2.86
2018-09-07,30.35,0.0,51.88,3.99
2018-09-08,31.76,0.0,49.79,2.7
2018-09-09,31.79,0.36,51.88,1.52
2018-09-10,30.09,4.64,58.15,1.05
2018-09-11,30.7,0.34,58.7,1.9
2018-09-12,31.73,0.04,55.61,1.5
2018-09-13,31.87,1.43,54.95,1.39
2018-09-14,29.61,6.76,66.8,1.63
2018-09-15,28.78,2.02,66.55,2.24
2018-09-16,26.59,14.64,73.3,2.24
2018-09-17,28.09,1.47,69.05,1.62
2018-09-18,29.79,0.1,58.91,3.12
2018-09-19,30.12,0.67,59.73,2.67
2018-09-20,30.07,0.05,55.23,2.7
2018-09-21,29.53,0.02,57.66,2.09
2018-09-22,29.56,0.43,59.06,1.6
2018-09-23,29.84,3.42,67.38,1.51
2018-09-24,28.67,3.9,74.63,1.35
2018-09-25,28.77,4.23,72.01,0.96
2018-09-26,29.21,1.41,68.41,1.36
2018-09-27,28.88,19.48,72.03,1.79
2018-09-28,27.35,9.14,80.88,1.49
2018-09-29,28.49,9.2,74.91,1.81
2018-09-30,28.2,5.07,75.78,1.58
2018-10-01,28.29,2.71,76.03,1.78
2018-10-02,28.07,3.19,76.77,1.96
2018-10-03,27.15,12.62,82.08,1.71
2018-10-04,26.05,15.5,86.52,2.48
2018-10-05,26.81,10.91,85.17,2.68
2018-10-06,27.18,14.16,82.46,2.39
2018-10-07,27.18,5.06,81.65,1.11
2018-10-08,27.25,10.69,80.36,0.74
2018-10-09,26.5,4.81,81.05,1.36
2018-10-10,27.76,0.08,73.79,1.51
2018-10-11,28.99,0.01,67.7,1.66
2018-10-12,28.48,0.0,74.75,2.6
2018-10-13,28.11,1.19,76.27,2.79
2018-10-14,27.98,4.47,77.02,1.89
2018-10-15,27.43,1.47,79.44,1.08
2018-10-16,26.6,10.19,83.96,1.58
2018-10-17,26.81,3.01,76.49,0.85
2018-10-18,26.94,0.42,77.06,1.19
2018-10-19,26.23,1.53,81.21,1.25
2018-10-20,26.94,2.53,78.13,1.66
2018-10-21,26.67,6.27,82.92,2.01
2018-10-22,26.63,1.91,81.48,2.09
2018-10-23,26.29,0.3,73.15,1.75
2018-10-24,26.5,2.13,77.46,1.83
2018-10-25,26.45,1.64,79.15,2.48
2018-10-26,27.0,0.21,75.23,3.14
2018-10-27,26.82,0.6,75.18,2.86
2018-10-28,26.9,0.04,69.13,2.84
2018-10-29,27.79,0.0,65.28,2.06
2018-10-30,28.36,0.34,67.85,2.26
2018-10-31,27.13,2.41,82.0,2.53
2018-11-01,26.78,13.16,84.34,2.57
2018-11-02,26.13,22.28,87.1,2.22
2018-11-03,25.59,10.57,89.12,2.11
2018-11-04,26.62,0.78,80.96,2.42
2018-11-05,26.29,0.56,81.2,1.95
2018-11-06,26.16,0.72,81.19,2.45
2018-11-07,25.96,0.46,78.72,2.32
2018-11-08,25.01,8.44,87.48,2.12
2018-11-09,26.01,1.41,82.94,2.31
2018-11-10,25.88,0.0,78.41,2.4
2018-11-11,25.98,0.01,74.66,2.2
2018-11-12,25.82,0.0,73.51,1.61
2018-11-13,26.45,0.0,70.81,1.03
2018-11-14,26.51,0.0,68.21,1.18
2018-11-15,26.45,8.66,76.57,2.25
2018-11-16,25.06,32.73,93.07,2.86
2018-11-17,26.52,0.32,82.77,1.15
2018-11-18,26.3,4.09,85.44,1.59
2018-11-19,26.15,4.23,85.93,1.85
2018-11-20,24.86,9.86,90.31,2.4
2018-11-21,25.0,1.16,83.79,3.64
2018-11-22,24.41,5.54,92.6,3.54
2018-11-23,25.67,24.44,89.28,1.71
2018-11-24,25.7,2.59,85.8,2.59
2018-11-25,24.81,0.08,85.63,2.32
2018-11-26,24.01,0.01,81.63,2.47
2018-11-27,23.39,0.0,80.6,2.48
2018-11-28,24.38,3.34,82.9,2.93
2018-11-29,25.05,17.76,88.48,3.19
2018-11-30,25.14,1.4,86.19,2.83
2018-12-01,24.63,0.04,82.47,2.68
2018-12-02,24.22,0.02,82.1,2.27
2018-12-03,25.1,3.78,85.32,2.66
2018-12-04,25.55,7.45,87.82,2.21
2018-12-05,25.82,1.51,86.61,2.03
2018-12-06,25.48,1.16,85.75,2.06
2018-12-07,25.64,0.17,84.15,2.63
2018-12-08,25.3,0.0,82.79,2.57
2018-12-09,25.02,0.0,82.35,2.58
2018-12-10,24.65,0.0,79.91,2.13
2018-12-11,24.24,0.0,80.73,1.96
2018-12-12,24.73,0.0,79.02,1.85
2018-12-13,25.06,0.0,77.94,1.97
2018-12-14,24.88,0.03,80.39,2.66
2018-12-15,24.86,0.01,78.71,3.46
2018-12-16,23.28,0.0,76.93,1.98
2018-12-17,24.62,0.0,72.03,1.5
2018-12-18,25.46,0.0,78.05,1.6
2018-12-19,24.76,0.0,79.05,2.68
2018-12-20,24.46,0.0,77.36,2.21
2018-12-21,25.6,0.39,79.61,2.55
2018-12-22,23.26,5.0,90.12,3.05
2018-12-23,25.37,2.69,86.4,3.01
2018-12-24,25.18,0.41,83.77,2.62
2018-12-25,25.28,0.01,77.74,2.56
2018-12-26,25.19,0.01,76.37,1.98
2018-12-27,24.82,0.0,75.76,1.77
2018-12-28,25.22,0.0,78.34,1.74
2018-12-29,25.18,0.12,78.85,3.0
2018-12-30,24.4,0.01,76.93,3.21
2018-12-31,23.86,0.02,75.36,3.17
2019-01-01,22.63,0.0,72.68,2.79
2019-01-02,22.08,0.0,74.13,2.75
2019-01-03,22.82,0.0,72.32,2.77
2019-01-04,22.84,0.0,73.2,3.04
2019-01-05,23.3,0.0,72.75,2.73
2019-01-06,23.27,0.0,73.4,2.55
2019-01-07,24.13,0.0,71.98,2.35
2019-01-08,24.01,0.0,70.53,2.65
2019-01-09,23.22,0.0,71.04,2.41
2019-01-10,23.31,0.0,71.85,2.6
2019-01-11,23.69,0.0,72.05,2.7
2019-01-12,23.75,0.0,69.11,3.06
2019-01-13,24.21,0.0,74.27,2.82
2019-01-14,24.77,0.02,71.46,2.77
2019-01-15,24.39,0.44,67.72,2.95
2019-01-16,24.4,0.0,68.61,3.08
2019-01-17,23.78,0.0,68.16,2.73
2019-01-18,23.35,0.0,67.7,2.68
2019-01-19,23.3,0.0,68.51,2.41
2019-01-20,23.31,0.0,67.8,2.78
2019-01-21,23.54,0.0,66.34,2.41
2019-01-22,24.22,0.0,69.08,2.28
2019-01-23,25.15,0.0,69.29,2.45
2019-01-24,25.67,0.0,70.6,2.37
2019-01-25,26.74,0.0,71.01,1.96
2019-01-26,27.33,0.0,70.49,2.19
2019-01-27,27.35,0.0,66.29,2.35
2019-01-28,27.19,0.01,63.21,2.34
2019-01-29,26.74,0.0,63.36,3.33
2019-01-30,25.99,0.0,67.27,3.48
2019-01-31,25.96,0.0,66.31,3.13
2019-02-01,26.18,0.0,66.48,2.86
2019-02-02,26.65,0.0,64.73,2.93
2019-02-03,26.91,0.0,62.87,3.01
2019-02-04,27.15,0.39,68.46,3.52
2019-02-05,27.56,0.04,67.34,3.47
2019-02-06,27.36,0.0,62.52,2.87
2019-02-07,27.53,0.0,63.74,2.41
2019-02-08,28.69,0.0,64.07,1.96
2019-02-09,28.9,0.42,66.53,2.04
2019-02-10,28.65,0.53,65.27,2.49
2019-02-11,28.34,0.02,63.48,3.6
2019-02-12,27.86,0.0,63.16,4.02
2019-02-13,27.36,0.0,63.24,3.6
2019-02-14,28.1,0.0,66.82,3.36
2019-02-15,28.71,0.02,64.22,2.81
2019-02-16,29.49,0.0,60.51,2.04
2019-02-17,30.25,0.99,61.77,1.52
2019-02-18,30.3,1.96,61.69,2.39
2019-02-19,29.5,0.76,65.03,2.65
2019-02-20,28.77,0.01,62.85,3.22
2019-02-21,28.31,0.0,61.62,2.98
2019-02-22,27.45,0.0,57.36,3.04
2019-02-23,27.34,0.0,60.26,2.56
2019-02-24,27.56,0.0,61.91,2.59
2019-02-25,27.96,0.0,58.22,1.97
2019-02-26,29.5,0.0,59.46,1.87
2019-02-27,30.38,0.08,60.45,2.47
2019-02-28,30.75,0.02,58.14,2.06
2019-03-01,30.45,0.05,60.68,2.78
2019-03-02,29.74,0.05,58.15,3.3
2019-03-03,30.01,0.0,57.14,2.84
2019-03-04,30.12,0.0,55.42,2.17
2019-03-05,31.29,0.0,50.18,2.05
2019-03-06,31.67,0.0,52.7,2.87
2019-03-07,32.0,0.22,56.46,2.9
2019-03-08,31.56,0.0,58.6,3.19
2019-03-09,31.06,0.41,58.29,2.64
2019-03-10,31.16,0.16,56.67,2.99
2019-03-11,30.08,0.0,55.37,2.57
2019-03-12,29.19,0.0,55.75,2.62
2019-03-13,28.67,0.0,57.81,2.79
2019-03-14,29.02,0.0,54.11,2.8
2019-03-15,29.09,0.0,55.01,2.94
2019-03-16,29.28,0.0,59.1,2.86
2019-03-17,29.5,0.0,58.93,2.73
2019-03-18,30.34,0.0,57.95,2.84
2019-03-19,30.75,0.0,56.62,2.67
2019-03-20,30.32,0.0,56.72,2.67
2019-03-21,29.74,0.0,57.29,2.48
2019-03-22,30.69,0.0,56.98,2.29
2019-03-23,31.36,0.0,55.91,2.29
2019-03-24,31.52,0.0,51.13,2.28
2019-03-25,31.16,0.0,50.54,2.72
2019-03-26,30.45,0.0,53.06,2.73
2019-03-27,30.33,0.0,50.57,2.04
2019-03-28,30.79,0.0,49.29,2.38
2019-03-29,31.52,0.0,41.8,2.3
2019-03-30,31.44,0.0,49.91,2.54
2019-03-31,32.24,0.0,47.95,1.93
2019-04-01,32.46,0.0,51.38,2.98
2019-04-02,31.69,0.0,54.09,2.77
2019-04-03,31.29,0.0,54.79,2.93
2019-04-04,31.68,0.0,53.94,2.61
2019-04-05,32.64,0.01,51.52,2.25
2019-04-06,32.37,0.0,48.9,2.26
2019-04-07,32.36,0.0,52.34,2.58
2019-04-08,32.65,0.01,54.97,2.89
2019-04-09,32.62,0.03,54.85,2.99
2019-04-10,32.3,0.0,56.66,2.7
2019-04-11,32.52,0.0,52.93,2.22
2019-04-12,32.68,0.0,52.08,2.49
2019-04-13,32.16,0.0,51.87,2.37
2019-04-14,32.23,0.0,49.03,2.38
2019-04-15,32.82,0.0,48.6,2.41
2019-04-16,32.84,0.69,49.42,2.76
2019-04-17,31.97,1.25,48.31,2.03
2019-04-18,31.97,0.86,57.63,2.65
2019-04-19,32.33,1.35,56.68,2.52
2019-04-20,31.77,4.5,57.49,3.03
2019-04-21,32.23,0.89,55.53,2.12
2019-04-22,33.06,3.41,52.05,2.28
2019-04-23,31.98,0.72,57.06,2.25
2019-04-24,31.01,0.11,55.7,1.62
2019-04-25,32.24,0.07,52.66,1.85
2019-04-26,32.42,0.24,53.36,2.05
2019-04-27,32.36,0.0,56.87,2.45
2019-04-28,33.04,0.0,54.89,2.4
2019-04-29,33.25,1.07,55.06,2.35
2019-04-30,32.64,0.22,55.75,2.97
2019-05-01,32.99,0.08,49.9,3.34
2019-05-02,34.71,0.0,43.58,2.55
2019-05-03,34.63,0.0,40.83,2.68
2019-05-04,34.32,0.0,44.44,1.8
2019-05-05,33.9,0.0,49.76,2.8
2019-05-06,33.52,0.02,54.3,3.09
2019-05-07,33.9,0.32,51.57,2.69
2019-05-08,31.05,0.85,54.35,2.62
2019-05-09,32.72,0.75,52.32,2.78
2019-05-10,33.3,0.27,54.95,2.27
2019-05-11,33.64,0.0,54.97,2.96
2019-05-12,33.93,0.0,54.4,2.7
2019-05-13,34.2,0.0,50.6,2.02
2019-05-14,35.08,0.05,45.94,2.33
2019-05-15,34.72,0.56,48.75,1.49
2019-05-16,33.83,0.21,52.34,1.9
2019-05-17,34.42,3.34,51.79,1.33
2019-05-18,33.45,1.53,55.51,2.08
2019-05-19,33.31,0.0,56.43,3.19
2019-05-20,33.19,0.0,54.47,3.11
2019-05-21,32.99,0.0,55.73,3.1
2019-05-22,32.76,0.02,56.99,2.64
2019-05-23,32.65,0.05,60.42,3.12
2019-05-24,32.99,0.11,54.74,2.75
2019-05-25,33.26,0.09,52.92,2.63
2019-05-26,33.41,0.04,51.59,1.96
2019-05-27,34.05,0.03,53.84,2.36
2019-05-28,33.95,0.61,55.85,2.14
2019-05-29,33.13,0.66,56.89,1.48
2019-05-30,32.98,3.43,56.2,2.11
2019-05-31,30.64,2.16,57.75,3.8
2019-06-01,31.92,0.14,56.0,2.28
2019-06-02,32.76,0.73,55.2,2.58
2019-06-03,30.36,0.22,64.71,2.02
2019-06-04,31.09,4.07,62.61,2.35
2019-06-05,30.32,9.14,67.67,2.69
2019-06-06,29.97,0.37,71.53,2.19
2019-06-07,30.95,1.56,67.11,2.86
2019-06-08,31.1,0.19,62.87,2.89
2019-06-09,31.14,0.54,60.5,5.07
2019-06-10,30.64,0.1,62.61,4.21
2019-06-11,31.47,0.08,57.96,4.07
2019-06-12,31.58,0.0,57.14,3.54
2019-06-13,31.61,0.38,56.77,3.53
2019-06-14,31.8,0.32,49.2,4.06
2019-06-15,32.85,0.56,43.66,2.98
2019-06-16,33.01,0.1,51.59,2.57
2019-06-17,33.52,0.0,49.2,3.27
2019-06-18,32.88,0.08,49.94,2.81
2019-06-19,32.61,0.07,50.48,3.23
2019-06-20,33.11,0.01,45.56,4.66
2019-06-21,31.81,0.03,50.45,3.65
2019-06-22,31.42,0.04,56.46,4.28
2019-06-23,31.79,0.09,52.68,4.14
2019-06-24,33.07,0.22,49.47,3.15
2019-06-25,31.98,0.99,54.61,2.36
2019-06-26,31.65,0.65,55.77,2.02
2019-06-27,31.92,0.08,53.44,2.98
2019-06-28,32.95,0.0,49.48,3.96
2019-06-29,32.87,0.0,48.52,4.63
2019-06-30,32.28,0.0,49.97,5.18
2019-07-01,33.03,0.0,49.45,4.21
2019-07-02,32.16,0.0,52.68,4.4
2019-07-03,32.09,0.17,53.71,3.81
2019-07-04,32.05,0.54,54.64,3.79
2019-07-05,32.16,0.06,52.5,4.23
2019-07-06,31.73,0.0,53.96,4.15
2019-07-07,31.65,0.0,53.42,3.82
2019-07-08,32.18,0.0,53.62,3.63
2019-07-09,31.55,0.34,53.66,3.07
2019-07-10,31.0,3.45,51.13,2.52
2019-07-11,31.7,0.22,48.04,2.68
2019-07-12,32.03,0.03,47.92,1.91
2019-07-13,31.59,0.26,53.93,1.58
2019-07-14,31.29,2.98,55.77,1.81
2019-07-15,30.61,3.97,58.62,2.92
2019-07-16,30.66,0.32,56.5,3.06
2019-07-17,31.03,1.72,54.56,3.09
2019-07-18,29.03,7.73,64.69,3.08
2019-07-19,27.84,1.61,73.07,2.95
2019-07-20,29.66,0.07,62.03,3.99
2019-07-21,30.19,0.84,57.78,4.05
2019-07-22,28.6,0.98,65.29,3.33
2019-07-23,29.98,1.42,56.96,3.54
2019-07-24,30.57,0.62,57.25,2.55
2019-07-25,30.05,6.14,59.63,2.8
2019-07-26,28.94,3.15,64.04,2.88
2019-07-27,30.49,0.0,58.1,2.29
2019-07-28,31.03,0.03,53.68,3.71
2019-07-29,30.16,0.13,56.64,3.26
2019-07-30,31.28,0.03,51.64,3.19
2019-07-31,30.7,0.0,53.91,2.36
2019-08-01,31.77,0.0,52.15,2.73
2019-08-02,31.0,0.0,53.54,3.49
2019-08-03,31.63,0.0,48.44,3.86
2019-08-04,31.6,0.2,52.92,4.32
2019-08-05,30.67,1.47,51.72,4.87
2019-08-06,30.15,0.48,53.29,4.85
2019-08-07,29.97,0.97,56.99,5.26
2019-08-08,29.34,3.61,62.64,5.28
2019-08-09,29.21,2.27,63.66,4.65
2019-08-10,29.0,0.19,61.31,4.08
2019-08-11,30.12,0.01,55.56,4.52
2019-08-12,31.08,0.16,53.08,4.84
2019-08-13,30.21,3.22,56.99,3.52
2019-08-14,30.62,3.08,61.08,3.72
2019-08-15,30.67,0.44,59.21,2.87
2019-08-16,29.47,10.12,62.21,2.9
2019-08-17,26.75,12.36,76.4,2.0
2019-08-18,26.97,5.69,76.89,1.72
2019-08-19,28.48,27.37,76.18,1.4
2019-08-20,28.92,6.74,73.41,1.96
2019-08-21,27.75,7.12,76.49,2.63
2019-08-22,27.75,5.35,73.32,2.86
2019-08-23,28.26,1.23,64.02,3.48
2019-08-24,28.34,0.12,63.12,2.67
2019-08-25,28.01,2.53,66.08,2.95
2019-08-26,27.66,0.55,71.35,3.13
2019-08-27,29.68,0.01,61.26,3.5
2019-08-28,29.76,0.19,60.43,3.1
2019-08-29,27.66,5.34,70.83,2.83
2019-08-30,28.82,0.15,62.3,3.66
2019-08-31,28.11,0.84,63.42,3.6
2019-09-01,29.23,0.5,66.43,2.75
2019-09-02,28.07,3.02,73.19,2.5
2019-09-03,28.64,2.24,70.24,2.74
2019-09-04,29.32,1.25,65.51,3.55
2019-09-05,29.35,0.25,63.59,3.77
2019-09-06,29.72,0.03,63.73,3.64
2019-09-07,30.32,0.0,60.46,3.88
2019-09-08,29.96,0.01,59.51,3.4
2019-09-09,29.75,0.01,58.49,2.23
2019-09-10,30.18,1.88,64.96,1.6
2019-09-11,28.47,8.67,75.92,1.3
2019-09-12,28.0,6.59,75.39,1.39
2019-09-13,27.45,17.34,77.61,1.27
2019-09-14,28.47,3.12,71.51,1.57
2019-09-15,28.89,7.41,69.73,2.1
2019-09-16,28.17,17.39,74.93,2.56
2019-09-17,28.35,16.66,73.83,1.88
2019-09-18,28.34,7.26,76.85,1.98
2019-09-19,27.84,13.84,77.96,1.99
2019-09-20,26.0,1.98,77.86,1.75
2019-09-21,28.38,2.08,75.37,1.76
2019-09-22,27.6,2.11,80.71,1.3
2019-09-23,26.43,21.86,88.5,1.44
2019-09-24,26.42,7.71,85.77,1.71
2019-09-25,26.21,7.61,86.93,3.33
2019-09-26,26.8,1.84,80.8,2.69
2019-09-27,27.05,1.01,77.58,1.74
2019-09-28,27.49,1.78,78.27,1.41
2019-09-29,26.77,4.54,81.65,1.55
2019-09-30,25.81,20.67,86.33,1.59
2019-10-01,27.6,0.96,75.72,1.54
2019-10-02,27.02,0.81,82.33,1.22
2019-10-03,27.13,0.39,81.9,1.28
2019-10-04,27.81,0.24,77.87,0.99
2019-10-05,27.3,2.07,80.32,1.57
2019-10-06,26.72,1.98,82.3,1.71
2019-10-07,27.35,2.26,79.84,1.56
2019-10-08,27.39,1.21,81.07,1.2
2019-10-09,28.1,0.54,78.49,1.58
2019-10-10,27.59,0.25,80.84,1.98
2019-10-11,26.52,3.09,84.65,1.34
2019-10-12,26.91,3.77,81.55,1.22
2019-10-13,27.24,6.62,82.3,1.43
2019-10-14,27.16,6.97,83.57,1.44
2019-10-15,26.63,12.04,87.64,1.47
2019-10-16,25.66,26.86,89.78,1.65
2019-10-17,26.14,18.53,86.33,1.9
2019-10-18,26.13,3.64,87.73,0.96
2019-10-19,25.88,3.14,89.01,1.6
2019-10-20,25.72,12.06,91.66,1.73
2019-10-21,25.71,27.39,90.82,1.66
2019-10-22,25.77,7.67,88.34,1.49
2019-10-23,26.08,22.2,85.9,1.15
2019-10-24,25.26,4.74,87.94,2.21
2019-10-25,25.32,0.38,85.92,1.67
2019-10-26,25.38,0.28,87.49,1.88
2019-10-27,25.29,4.44,87.64,0.89
2019-10-28,25.62,9.58,87.1,1.51
2019-10-29,24.94,16.1,89.59,1.9
2019-10-30,25.31,34.86,91.99,2.01
2019-10-31,25.52,7.22,92.3,2.39
2019-11-01,26.07,0.88,86.42,1.19
2019-11-02,25.78,0.36,87.24,1.13
2019-11-03,25.64,4.05,89.13,1.33
2019-11-04,25.69,0.99,87.34,1.37
2019-11-05,26.44,0.0,80.68,0.99
2019-11-06,26.9,0.06,82.23,0.73
2019-11-07,26.12,2.74,89.38,0.95
2019-11-08,26.17,4.51,89.03,0.78
2019-11-09,26.24,5.19,89.26,1.03
2019-11-10,26.71,0.75,86.1,1.17
2019-11-11,26.39,0.81,85.56,1.19
2019-11-12,25.61,0.15,87.04,1.98
2019-11-13,25.61,0.48,87.32,2.46
2019-11-14,25.91,3.64,88.43,2.25
2019-11-15,26.03,3.45,88.8,2.31
2019-11-16,26.0,2.73,88.1,2.06
2019-11-17,26.15,0.96,87.54,2.24
2019-11-18,26.35,3.07,88.19,2.37
2019-11-19,26.24,1.64,86.65,1.76
2019-11-20,25.89,3.53,88.97,1.95
2019-11-21,25.98,2.4,87.87,2.25
2019-11-22,25.25,8.14,90.92,2.59
2019-11-23,25.04,3.85,87.92,3.37
2019-11-24,25.32,4.87,87.68,2.77
2019-11-25,25.25,4.49,87.97,3.27
2019-11-26,25.41,1.5,85.97,2.87
2019-11-27,26.23,7.5,86.83,2.8
2019-11-28,26.2,23.66,90.26,2.62
2019-11-29,26.18,23.73,90.11,3.07
2019-11-30,25.19,27.21,94.36,2.21
2019-12-01,25.14,26.99,95.29,1.48
2019-12-02,25.34,13.86,90.75,2.12
2019-12-03,25.09,4.43,91.22,2.39
2019-12-04,24.86,0.44,87.94,3.16
2019-12-05,24.39,3.65,87.54,3.37
2019-12-06,24.12,1.99,87.99,3.69
2019-12-07,24.68,7.59,88.58,3.18
2019-12-08,24.16,0.48,85.87,2.58
2019-12-09,23.91,0.0,86.88,2.59
2019-12-10,23.76,0.0,85.4,2.62
2019-12-11,24.08,0.0,85.87,2.23
2019-12-12,24.55,0.47,87.95,2.81
2019-12-13,25.19,11.97,89.92,2.68
2019-12-14,25.33,9.08,89.66,2.98
2019-12-15,24.44,1.68,88.39,2.57
2019-12-16,24.2,1.2,90.21,2.28
2019-12-17,24.68,3.39,88.95,3.16
2019-12-18,24.65,0.56,88.61,3.16
2019-12-19,24.82,0.29,87.71,3.12
2019-12-20,24.79,0.16,87.72,3.09
2019-12-21,23.89,0.03,87.43,2.3
2019-12-22,24.23,0.27,86.93,2.44
2019-12-23,24.08,0.08,85.92,2.57
2019-12-24,24.29,9.2,90.07,2.69
2019-12-25,24.99,4.1,89.77,2.99
2019-12-26,24.39,0.03,86.65,2.02
2019-12-27,23.66,0.0,85.55,1.97
2019-12-28,23.52,0.02,85.63,1.95
2019-12-29,24.1,0.06,87.51,2.24
2019-12-30,24.24,0.16,86.92,2.27
2019-12-31,24.64,0.04,86.49,2.06
2020-01-01,25.12,0.08,87.47,2.24
2020-01-02,25.7,0.02,87.1,2.11
2020-01-03,25.75,0.01,87.27,1.76
2020-01-04,26.03,0.01,86.08,1.61
2020-01-05,25.81,0.01,86.12,2.03
2020-01-06,25.2,1.09,86.62,2.55
2020-01-07,24.88,1.02,85.96,2.49
2020-01-08,24.61,0.12,82.89,2.35
2020-01-09,23.65,0.0,79.89,2.04
2020-01-10,23.4,0.0,81.56,2.35
2020-01-11,23.2,0.0,80.41,2.64
2020-01-12,23.56,0.0,80.99,2.51
2020-01-13,23.45,0.0,79.97,2.24
2020-01-14,22.84,0.0,76.66,2.0
2020-01-15,22.58,0.0,77.33,2.14
2020-01-16,23.9,0.01,76.87,1.79
2020-01-17,24.85,0.62,82.87,2.24
2020-01-18,25.53,4.35,85.29,2.4
2020-01-19,25.19,1.01,82.18,2.69
2020-01-20,24.8,0.0,80.29,2.44
2020-01-21,24.46,0.02,79.28,2.77
2020-01-22,24.97,0.02,79.57,3.26
2020-01-23,25.55,0.03,79.84,3.35
2020-01-24,24.56,0.0,77.5,2.97
2020-01-25,23.8,0.0,74.84,2.23
2020-01-26,24.0,0.0,74.0,1.96
2020-01-27,24.23,0.0,72.95,1.63
2020-01-28,25.28,0.0,72.78,1.75
2020-01-29,25.64,0.0,72.55,1.77
2020-01-30,25.85,0.0,72.99,1.72
2020-01-31,25.76,0.0,74.11,1.97
2020-02-01,25.76,0.0,74.41,2.17
2020-02-02,25.59,0.0,70.93,2.66
2020-02-03,25.47,0.0,69.34,2.63
2020-02-04,25.9,0.01,71.48,2.6
2020-02-05,26.27,0.01,68.03,2.61
2020-02-06,25.79,0.0,66.34,2.38
2020-02-07,26.29,0.0,67.96,2.4
2020-02-08,26.92,0.0,65.48,1.86
2020-02-09,26.76,0.0,67.02,2.41
2020-02-10,26.41,0.01,69.65,2.98
2020-02-11,26.66,0.0,67.74,3.28
2020-02-12,26.74,0.01,70.14,3.51
2020-02-13,26.69,0.0,66.9,3.18
2020-02-14,26.4,0.0,66.06,2.35
2020-02-15,27.02,0.0,61.91,2.19
2020-02-16,26.23,0.0,63.16,2.56
2020-02-17,26.43,0.0,64.31,2.75
2020-02-18,25.56,0.0,63.69,2.61
2020-02-19,25.52,0.0,65.27,2.37
2020-02-20,25.88,0.0,65.91,2.83
2020-02-21,26.66,0.4,71.15,3.58
2020-02-22,27.89,0.55,68.57,4.05
2020-02-23,27.27,0.0,67.83,3.43
2020-02-24,27.55,0.0,66.26,2.99
2020-02-25,27.82,0.0,68.06,2.37
2020-02-26,28.03,0.0,65.9,2.73
2020-02-27,28.07,0.0,66.76,2.71
2020-02-28,28.48,0.0,62.71,3.07
2020-02-29,28.1,0.0,62.73,2.68
2020-03-01,28.52,0.0,59.77,2.7
2020-03-02,29.21,0.01,55.29,2.15
2020-03-03,29.48,0.0,51.39,1.14
2020-03-04,30.43,0.02,53.68,1.32
2020-03-05,29.97,0.0,54.05,2.34
2020-03-06,29.94,0.0,60.85,2.56
2020-03-07,29.99,0.0,63.52,3.15
2020-03-08,30.0,0.19,61.99,2.56
2020-03-09,29.95,0.01,58.66,2.65
2020-03-10,29.72,0.0,57.31,2.68
2020-03-11,29.34,0.0,58.26,2.2
2020-03-12,29.22,0.0,58.4,2.49
2020-03-13,29.07,0.0,61.33,2.75
2020-03-14,29.74,0.0,60.67,2.84
2020-03-15,29.59,0.0,59.51,3.11
2020-03-16,30.2,0.0,60.88,3.25
2020-03-17,29.95,0.0,60.91,3.17
2020-03-18,30.45,0.0,60.42,2.84
2020-03-19,30.67,0.0,56.95,2.35
2020-03-20,30.98,0.01,55.43,2.07
2020-03-21,31.04,0.07,53.78,2.52
2020-03-22,31.45,0.0,53.05,2.48
2020-03-23,30.98,0.01,53.18,2.72
2020-03-24,30.56,0.0,56.79,2.8
2020-03-25,30.6,0.0,56.33,2.62
2020-03-26,30.41,0.0,56.07,3.1
2020-03-27,30.15,0.0,57.39,3.08
2020-03-28,30.37,0.0,53.6,2.3
2020-03-29,30.3,0.0,51.14,2.15
2020-03-30,30.24,0.0,48.56,2.41
2020-03-31,29.94,0.0,55.13,2.62
2020-04-01,30.41,0.0,56.45,2.61
2020-04-02,31.15,0.0,57.62,2.74
2020-04-03,30.85,0.0,57.52,2.56
2020-04-04,31.15,0.44,57.61,2.48
2020-04-05,30.58,3.68,64.87,2.32
2020-04-06,31.31,0.02,61.81,2.25
2020-04-07,31.11,0.25,59.66,2.15
2020-04-08,31.66,0.51,58.7,2.2
2020-04-09,31.13,4.71,60.92,2.62
2020-04-10,30.64,2.55,60.35,2.62
2020-04-11,30.92,0.02,58.3,2.6
2020-04-12,31.12,0.0,55.12,2.32
2020-04-13,31.33,0.0,53.79,2.17
2020-04-14,31.45,0.0,54.49,2.56
2020-04-15,31.75,0.0,55.92,2.65
2020-04-16,32.09,0.06,55.69,2.37
2020-04-17,32.46,0.27,54.65,2.49
2020-04-18,32.61,0.62,55.22,2.72
2020-04-19,31.68,2.33,59.1,2.61
2020-04-20,31.66,0.1,58.61,2.79
2020-04-21,32.39,0.03,54.97,2.55
2020-04-22,32.9,0.07,53.41,2.53
2020-04-23,33.13,1.81,54.92,2.65
2020-04-24,32.26,0.43,61.13,3.17
2020-04-25,31.69,2.37,64.27,2.19
2020-04-26,30.23,3.03,70.06,2.17
2020-04-27,30.7,3.39,68.58,1.65
2020-04-28,30.09,2.91,70.23,1.85
2020-04-29,30.64,2.02,66.28,0.91
2020-04-30,31.05,0.16,61.37,1.55
2020-05-01,32.55,0.04,55.35,2.03
2020-05-02,32.83,1.29,56.61,2.49
2020-05-03,31.55,3.22,63.64,2.17
2020-05-04,32.56,0.0,56.6,2.22
2020-05-05,32.51,0.07,54.77,2.75
2020-05-06,31.75,0.23,62.01,3.05
2020-05-07,32.32,0.92,55.67,3.81
2020-05-08,31.56,0.58,61.85,2.95
2020-05-09,31.86,0.97,61.54,2.64
2020-05-10,31.62,1.51,63.06,2.27
2020-05-11,30.13,3.45,68.61,2.17
2020-05-12,30.57,0.67,61.69,2.58
2020-05-13,31.51,1.52,54.02,1.86
2020-05-14,32.65,0.17,55.2,1.84
2020-05-15,32.7,0.8,55.78,1.27
2020-05-16,32.96,0.53,52.86,2.05
2020-05-17,32.21,6.65,58.79,2.38
2020-05-18,31.05,0.66,60.01,4.8
2020-05-19,32.26,0.01,55.24,4.55
2020-05-20,33.5,0.01,50.82,3.58
2020-05-21,32.64,0.03,49.55,3.4
2020-05-22,34.02,0.03,46.78,2.38
2020-05-23,35.01,0.06,46.88,2.37
2020-05-24,34.42,0.67,50.46,2.2
2020-05-25,33.4,0.37,54.6,2.19
2020-05-26,33.46,0.01,53.19,1.91
2020-05-27,33.29,0.33,53.28,1.94
2020-05-28,32.08,9.34,60.83,2.52
2020-05-29,32.23,0.81,57.5,2.5
2020-05-30,31.61,0.01,59.02,3.34
2020-05-31,31.24,0.62,61.25,4.29
2020-06-01,30.36,7.82,66.43,3.47
2020-06-02,29.18,7.57,71.06,2.94
2020-06-03,29.43,0.01,65.85,3.24
2020-06-04,30.18,0.0,60.89,3.16
2020-06-05,30.09,1.23,63.62,3.16
2020-06-06,29.56,5.1,67.55,2.2
2020-06-07,29.21,4.02,68.11,2.29
2020-06-08,30.55,0.08,57.99,3.08
2020-06-09,30.88,0.15,53.35,3.33
2020-06-10,30.39,0.79,57.81,2.87
2020-06-11,29.74,0.27,58.3,3.66
2020-06-12,30.43,0.0,53.89,4.18
2020-06-13,31.28,0.0,52.45,3.77
2020-06-14,31.64,0.0,53.93,4.28
2020-06-15,31.62,0.0,55.25,2.9
2020-06-16,31.32,0.0,57.77,2.67
2020-06-17,31.08,0.23,57.25,3.02
2020-06-18,31.19,0.16,52.98,3.63
2020-06-19,31.1,0.0,53.03,3.68
2020-06-20,30.65,0.11,55.17,4.53
2020-06-21,28.88,1.13,60.04,4.48
2020-06-22,30.34,0.09,56.29,3.11
2020-06-23,32.01,0.09,47.95,3.21
2020-06-24,31.25,7.06,52.75,2.13
2020-06-25,28.33,16.01,71.19,1.62
2020-06-26,28.59,7.33,72.7,2.32
2020-06-27,29.81,1.08,67.79,1.96
2020-06-28,30.32,2.23,66.8,2.44
2020-06-29,29.71,1.44,69.83,2.34
2020-06-30,29.8,0.37,67.34,2.57
2020-07-01,28.87,0.04,64.52,2.16
2020-07-02,29.85,1.53,62.01,3.07
2020-07-03,28.44,3.78,64.29,3.51
2020-07-04,28.6,0.27,63.46,3.57
2020-07-05,29.11,0.03,61.04,2.74
2020-07-06,29.18,0.07,60.41,3.5
2020-07-07,29.53,1.31,61.21,2.36
2020-07-08,28.22,3.39,71.9,1.7
2020-07-09,26.81,20.11,79.52,1.91
2020-07-10,27.21,1.43,77.86,1.65
2020-07-11,27.96,15.18,75.29,1.3
2020-07-12,29.39,2.03,68.56,2.37
2020-07-13,28.7,0.25,69.9,1.45
2020-07-14,28.27,8.96,76.35,2.23
2020-07-15,28.44,2.94,74.95,2.01
2020-07-16,28.4,1.19,70.35,2.46
2020-07-17,28.19,0.06,68.23,3.01
2020-07-18,28.72,1.12,67.16,1.25
2020-07-19,27.66,4.16,74.94,1.33
2020-07-20,27.67,9.33,78.94,2.15
2020-07-21,27.69,0.61,76.34,1.73
2020-07-22,27.74,0.08,76.87,2.86
2020-07-23,28.25,5.67,73.95,3.23
2020-07-24,28.04,9.85,75.57,2.91
2020-07-25,28.61,8.49,70.76,1.96
2020-07-26,28.01,1.04,71.76,2.05
2020-07-27,28.1,1.11,71.11,2.26
2020-07-28,27.98,6.21,73.84,2.51
2020-07-29,26.71,12.28,78.71,2.11
2020-07-30,29.0,0.15,70.59,2.23
2020-07-31,28.74,9.96,73.74,2.12
2020-08-01,28.3,2.2,71.88,2.68
2020-08-02,28.02,0.33,68.75,3.66
2020-08-03,28.24,0.31,69.58,3.89
2020-08-04,27.73,0.3,65.43,4.6
2020-08-05,28.72,0.03,60.45,5.07
2020-08-06,29.27,0.23,66.18,3.7
2020-08-07,29.9,0.03,64.47,4.06
2020-08-08,27.96,11.19,72.59,3.25
2020-08-09,26.7,5.84,76.71,3.42
2020-08-10,27.86,0.03,70.99,2.96
2020-08-11,28.92,1.08,70.06,3.04
2020-08-12,29.17,0.05,67.66,3.38
2020-08-13,28.93,0.0,68.96,2.7
2020-08-14,29.12,0.0,67.09,3.03
2020-08-15,28.62,0.0,66.66,2.58
2020-08-16,29.2,0.0,66.39,2.88
2020-08-17,30.06,0.0,64.83,2.53
2020-08-18,30.22,0.52,64.85,2.68
2020-08-19,29.32,0.04,68.46,2.04
2020-08-20,28.65,0.0,69.52,2.68
2020-08-21,29.71,0.04,66.04,1.67
2020-08-22,29.93,2.06,68.99,1.46
2020-08-23,29.32,10.96,73.79,1.65
2020-08-24,28.35,21.83,77.62,1.31
2020-08-25,28.79,5.73,77.61,1.29
2020-08-26,28.17,1.42,78.03,1.16
2020-08-27,28.65,0.56,73.23,1.55
2020-08-28,29.78,0.78,66.86,1.98
2020-08-29,29.46,0.58,69.27,1.99
2020-08-30,29.18,1.05,69.98,1.62
2020-08-31,28.94,5.59,74.34,1.73
2020-09-01,27.37,11.65,80.14,1.86
2020-09-02,26.94,10.93,79.73,1.58
2020-09-03,27.42,7.71,79.27,1.31
2020-09-04,28.28,2.38,78.98,1.17
2020-09-05,28.19,0.84,77.12,1.99
2020-09-06,28.11,9.08,75.11,2.54
2020-09-07,28.22,0.28,74.33,2.3
2020-09-08,28.25,3.25,75.99,1.47
2020-09-09,27.45,15.01,81.3,2.3
2020-09-10,26.67,4.49,79.51,3.29
2020-09-11,26.65,1.06,75.98,3.33
2020-09-12,27.81,0.14,71.1,2.29
2020-09-13,26.72,1.68,75.35,2.32
2020-09-14,27.85,0.23,68.44,3.17
2020-09-15,27.65,0.74,70.14,2.5
2020-09-16,28.79,0.03,69.78,2.3
2020-09-17,28.79,1.05,71.56,2.57
2020-09-18,29.21,0.32,66.58,3.63
2020-09-19,28.24,0.19,66.99,4.17
2020-09-20,27.21,0.14,66.56,4.82
2020-09-21,27.82,0.04,67.16,3.67
2020-09-22,28.33,0.0,64.39,3.32
2020-09-23,28.81,0.0,64.02,2.59
2020-09-24,28.53,0.03,70.05,1.92
2020-09-25,27.62,1.93,74.36,1.8
2020-09-26,27.12,0.43,74.21,2.32
2020-09-27,28.33,12.0,70.76,1.46
2020-09-28,27.32,13.21,81.99,1.44
2020-09-29,25.94,20.34,86.71,1.53
2020-09-30,26.63,6.1,80.29,2.15
2020-10-01,27.13,0.09,75.38,2.19
2020-10-02,27.54,0.25,72.65,2.1
2020-10-03,26.81,1.22,76.16,2.17
2020-10-04,27.49,0.09,71.57,2.52
2020-10-05,28.26,0.19,67.37,2.31
2020-10-06,29.12,7.69,71.19,1.69
2020-10-07,28.86,6.38,76.42,2.15
2020-10-08,27.63,14.21,83.86,1.28
2020-10-09,27.08,8.44,83.45,1.4
2020-10-10,27.13,1.09,78.79,1.66
2020-10-11,26.33,0.06,77.92,2.74
2020-10-12,27.38,0.14,71.88,2.87
2020-10-13,27.25,0.12,73.28,3.42
2020-10-14,27.6,0.03,69.18,3.02
2020-10-15,28.07,0.05,70.25,2.24
2020-10-16,27.72,2.39,75.91,1.69
2020-10-17,27.79,5.78,77.49,1.41
2020-10-18,27.35,7.52,80.12,1.43
2020-10-19,27.36,4.39,79.95,1.55
2020-10-20,26.52,7.84,83.84,1.96
2020-10-21,27.45,1.06,77.2,1.83
2020-10-22,26.75,1.12,79.62,2.17
2020-10-23,27.54,0.04,75.83,1.48
2020-10-24,25.67,0.0,73.3,2.21
2020-10-25,27.34,28.37,73.8,1.1
2020-10-26,27.27,0.06,80.59,1.06
2020-10-27,27.41,0.05,78.64,1.6
2020-10-28,27.35,1.37,77.03,1.6
2020-10-29,27.09,1.71,78.06,1.89
2020-10-30,26.84,4.81,79.31,1.52
2020-10-31,27.54,3.98,73.07,0.9
2020-11-01,27.58,0.14,73.74,0.89
2020-11-02,28.14,0.16,74.58,1.07
2020-11-03,28.13,0.33,75.62,1.62
2020-11-04,27.6,2.22,79.62,1.35
2020-11-05,27.1,12.01,80.78,1.63
2020-11-06,26.11,7.99,86.45,1.97
2020-11-07,26.29,1.25,85.88,2.22
2020-11-08,25.94,5.11,87.57,2.44
2020-11-09,26.46,0.1,75.05,3.14
2020-11-10,25.94,0.03,72.85,2.82
2020-11-11,26.3,2.38,78.65,2.87
2020-11-12,26.08,11.97,88.77,2.06
2020-11-13,26.28,13.47,87.72,2.09
2020-11-14,26.45,3.35,85.42,2.92
2020-11-15,26.03,9.12,90.76,2.64
2020-11-16,25.69,31.29,92.87,2.08
2020-11-17,25.82,30.14,88.42,2.42
2020-11-18,25.75,8.67,88.99,1.83
2020-11-19,25.87,2.49,86.91,2.14
2020-11-20,25.5,0.7,85.89,2.41
2020-11-21,24.94,0.03,82.51,2.43
2020-11-22,24.18,0.0,81.63,1.85
2020-11-23,24.48,0.31,83.79,2.71
2020-11-24,24.26,1.54,89.33,3.13
2020-11-25,25.41,7.27,85.75,3.42
2020-11-26,25.37,20.83,88.3,3.36
2020-11-27,25.68,12.63,87.0,1.15
2020-11-28,25.74,3.15,87.18,1.98
2020-11-29,25.4,0.86,89.46,2.28
2020-11-30,25.39,1.74,87.81,3.06
2020-12-01,24.62,0.42,83.48,3.05
2020-12-02,24.67,22.37,85.89,4.09
2020-12-03,24.42,57.33,90.97,4.41
2020-12-04,25.01,30.24,94.73,4.13
2020-12-05,25.0,10.61,94.36,3.51
2020-12-06,24.88,16.81,92.26,3.76
2020-12-07,25.49,8.32,91.58,2.73
2020-12-08,25.52,7.02,90.48,2.23
2020-12-09,25.19,2.14,88.92,2.24
2020-12-10,24.24,0.06,86.47,2.18
2020-12-11,23.57,0.0,85.5,2.2
2020-12-12,23.59,0.02,86.21,2.16
2020-12-13,23.46,0.0,83.62,1.94
2020-12-14,23.01,0.0,83.64,2.08
2020-12-15,23.62,3.36,88.24,2.68
2020-12-16,23.83,28.19,92.9,3.11
2020-12-17,24.49,12.49,92.86,2.23
2020-12-18,24.12,12.89,92.33,2.8
2020-12-19,23.52,4.02,88.58,3.42
2020-12-20,23.47,0.1,86.85,3.24
2020-12-21,22.22,0.0,88.55,2.94
2020-12-22,22.28,0.07,88.06,2.58
2020-12-23,22.97,0.09,88.55,2.22
2020-12-24,23.47,0.0,86.68,2.57
2020-12-25,22.92,0.04,86.41,2.48
2020-12-26,22.08,0.01,84.64,2.49
2020-12-27,22.87,0.17,85.16,2.78
2020-12-28,22.96,0.05,84.24,2.51
2020-12-29,23.74,1.3,87.67,2.65
2020-12-30,24.6,6.17,89.1,3.62
2020-12-31,24.57,11.44,90.91,3.43
2021-01-01,23.29,0.63,86.75,2.86
2021-01-02,23.56,3.28,89.94,2.94
2021-01-03,24.67,12.18,90.62,3.08
2021-01-04,24.96,6.7,88.38,3.16
2021-01-05,24.5,1.6,91.38,2.36
2021-01-06,24.6,8.67,93.03,1.65
2021-01-07,25.06,14.05,91.55,2.08
2021-01-08,25.62,8.18,89.37,1.98
2021-01-09,24.55,9.63,93.33,2.23
2021-01-10,24.11,9.44,92.94,2.09
2021-01-11,24.18,30.53,92.97,2.81
2021-01-12,24.18,28.46,93.98,3.39
2021-01-13,24.33,22.42,92.7,3.21
2021-01-14,24.34,14.68,91.89,2.84
2021-01-15,24.04,12.13,93.04,2.69
2021-01-16,24.37,1.77,90.0,2.56
2021-01-17,22.67,0.09,87.93,2.24
2021-01-18,22.12,0.01,86.11,2.51
2021-01-19,22.81,0.0,84.67,2.27
2021-01-20,23.75,0.44,87.21,2.25
2021-01-21,25.42,0.6,88.93,1.92
2021-01-22,25.43,0.16,88.25,1.9
2021-01-23,24.3,0.04,87.6,2.1
2021-01-24,23.51,0.0,85.21,2.05
2021-01-25,23.08,0.0,85.73,1.95
2021-01-26,22.42,0.0,83.4,2.1
2021-01-27,22.36,0.0,80.99,1.97
2021-01-28,23.01,0.0,84.35,2.57
2021-01-29,23.7,0.39,86.14,2.77
2021-01-30,24.1,0.04,85.76,2.48
2021-01-31,23.73,0.0,85.96,2.6
2021-02-01,23.32,0.08,85.16,2.95
2021-02-02,23.43,0.35,85.02,2.74
2021-02-03,23.68,0.0,84.82,2.77
2021-02-04,22.78,0.0,81.66,2.36
2021-02-05,22.36,0.0,82.78,2.5
2021-02-06,22.45,0.0,82.93,2.5
2021-02-07,21.97,0.0,81.24,2.79
2021-02-08,22.1,0.0,81.45,3.11
2021-02-09,21.95,0.0,81.73,2.94
2021-02-10,21.56,0.0,80.99,2.42
2021-02-11,21.33,0.0,80.28,2.18
2021-02-12,21.62,0.0,80.3,2.04
2021-02-13,22.34,0.0,79.32,1.84
2021-02-14,22.52,0.0,78.76,1.85
2021-02-15,23.49,0.0,79.29,1.86
2021-02-16,24.09,0.0,80.68,1.81
2021-02-17,23.94,0.0,81.49,2.14
2021-02-18,24.06,0.01,81.99,2.46
2021-02-19,24.74,0.04,83.55,2.52
2021-02-20,25.8,3.2,82.61,3.36
2021-02-21,25.9,2.59,83.62,3.2
2021-02-22,25.42,0.27,81.79,3.08
2021-02-23,25.22,0.0,80.38,2.49
2021-02-24,24.87,0.0,79.44,2.07
2021-02-25,24.95,0.0,76.92,1.77
2021-02-26,25.3,0.0,72.12,1.73
2021-02-27,25.58,0.0,71.48,1.45
2021-02-28,24.78,0.0,75.77,1.79
2021-03-01,25.2,0.0,75.0,1.79
2021-03-02,25.12,0.0,75.3,1.97
2021-03-03,24.68,0.0,74.45,2.33
2021-03-04,24.79,0.0,75.25,2.24
2021-03-05,25.3,0.0,74.36,2.02
2021-03-06,26.21,0.0,71.84,1.91
2021-03-07,26.92,0.0,74.14,2.25
2021-03-08,27.08,0.02,75.94,2.5
2021-03-09,27.32,0.02,73.02,2.8
2021-03-10,26.78,4.54,79.06,2.6
2021-03-11,27.38,1.16,74.11,2.47
2021-03-12,26.85,0.06,69.36,2.35
2021-03-13,26.56,0.0,73.34,2.41
2021-03-14,27.09,0.0,70.68,2.52
2021-03-15,27.24,0.0,66.42,2.29
2021-03-16,27.47,0.0,67.52,2.23
2021-03-17,27.34,0.0,69.08,2.23
2021-03-18,26.84,0.0,68.73,2.21
2021-03-19,27.31,0.0,66.91,2.01
2021-03-20,28.19,0.0,65.71,1.67
2021-03-21,28.65,0.01,62.25,1.72
2021-03-22,28.31,0.47,67.32,2.1
2021-03-23,28.28,0.0,68.34,2.14
2021-03-24,28.22,0.0,68.71,1.89
2021-03-25,28.1,0.0,68.2,1.75
2021-03-26,28.35,0.01,71.32,2.04
2021-03-27,29.25,0.0,68.59,2.19
2021-03-28,29.59,0.14,65.1,1.76
2021-03-29,29.81,0.04,64.24,2.14
2021-03-30,30.57,0.0,59.58,2.41
2021-03-31,31.41,0.0,59.42,2.3
2021-04-01,31.74,0.62,61.44,2.4
2021-04-02,32.12,0.17,58.31,2.92
2021-04-03,32.1,0.0,54.33,2.2
2021-04-04,32.38,0.07,51.74,2.2
2021-04-05,32.24,0.01,53.72,2.14
2021-04-06,30.34,0.25,62.7,2.34
2021-04-07,29.88,0.0,60.83,2.33
2021-04-08,29.84,0.0,59.97,1.9
2021-04-09,30.53,0.01,59.28,2.41
2021-04-10,30.23,0.62,61.95,2.52
2021-04-11,30.3,1.36,61.15,2.3
2021-04-12,29.8,4.9,64.91,2.24
2021-04-13,28.61,2.63,71.87,2.01
2021-04-14,28.72,7.6,73.65,1.77
2021-04-15,27.79,8.55,77.45,1.13
2021-04-16,28.26,2.83,74.96,1.1
2021-04-17,30.28,0.01,67.09,1.65
2021-04-18,30.63,0.02,63.8,2.03
2021-04-19,31.64,0.04,60.42,1.44
2021-04-20,30.94,0.07,63.14,1.05
2021-04-21,30.74,0.35,64.32,1.33
2021-04-22,30.56,0.02,66.22,1.97
2021-04-23,30.49,0.97,64.84,1.49
2021-04-24,29.76,2.49,69.82,1.38
2021-04-25,30.0,1.66,69.61,1.88
2021-04-26,30.57,0.36,65.92,2.03
2021-04-27,29.98,0.03,66.68,1.54
2021-04-28,30.71,0.01,63.99,1.94
2021-04-29,31.51,0.02,62.18,2.08
2021-04-30,31.56,0.14,63.51,2.58
2021-05-01,29.91,1.89,71.0,2.03
2021-05-02,30.32,2.35,67.9,2.26
2021-05-03,29.84,3.54,70.78,2.22
2021-05-04,28.82,5.6,76.56,1.88
2021-05-05,29.3,0.94,72.56,1.79
2021-05-06,30.65,0.19,65.79,2.4
2021-05-07,29.59,3.03,71.64,2.12
2021-05-08,29.19,1.71,72.95,2.17
2021-05-09,29.58,1.5,71.6,1.63
2021-05-10,30.09,0.82,69.46,1.88
2021-05-11,30.77,0.14,66.01,2.16
2021-05-12,31.71,0.4,62.92,1.82
2021-05-13,31.25,6.46,64.05,1.81
2021-05-14,30.66,2.93,65.4,3.44
2021-05-15,29.41,0.74,67.19,5.01
2021-05-16,29.59,0.77,68.59,3.33
2021-05-17,30.45,4.83,65.77,2.32
2021-05-18,30.24,1.83,70.16,1.61
2021-05-19,29.7,5.91,73.15,2.27
2021-05-20,28.38,7.22,77.75,2.63
2021-05-21,28.52,2.64,71.84,2.93
2021-05-22,28.27,0.68,72.07,2.83
2021-05-23,30.95,0.03,60.27,2.12
2021-05-24,30.84,0.01,61.2,3.19
2021-05-25,29.05,1.32,66.06,3.68
2021-05-26,29.26,1.25,61.87,4.79
2021-05-27,30.98,0.0,56.76,3.84
2021-05-28,31.65,0.0,54.81,3.08
2021-05-29,31.68,0.01,54.33,2.83
2021-05-30,31.82,0.01,53.23,3.7
2021-05-31,32.17,0.27,52.78,2.67
2021-06-01,31.88,0.13,56.7,2.48
2021-06-02,32.6,3.9,55.83,1.89
2021-06-03,29.32,4.23,75.56,1.84
2021-06-04,27.41,4.66,85.2,1.26
2021-06-05,27.56,13.45,74.96,2.59
2021-06-06,29.13,0.39,66.77,2.14
2021-06-07,30.52,0.01,65.24,1.86
2021-06-08,30.61,1.85,62.74,2.42
2021-06-09,29.89,0.91,64.9,2.87
2021-06-10,31.04,0.05,58.56,3.61
2021-06-11,30.66,0.0,57.76,3.43
2021-06-12,30.21,4.0,60.22,4.18
2021-06-13,28.87,0.24,66.61,3.92
2021-06-14,28.9,0.01,56.55,5.48
2021-06-15,29.75,0.0,58.81,3.91
2021-06-16,29.79,0.03,64.22,3.85
2021-06-17,30.16,0.0,61.03,3.62
2021-06-18,30.1,0.0,60.51,3.62
2021-06-19,29.89,0.0,58.32,2.91
2021-06-20,30.33,0.0,60.21,2.72
2021-06-21,30.92,0.21,58.69,2.76
2021-06-22,30.13,2.35,61.61,2.14
2021-06-23,28.99,11.7,71.14,1.51
2021-06-24,29.38,1.16,67.92,2.26
2021-06-25,30.41,0.01,58.15,2.58
2021-06-26,29.85,0.27,59.96,3.17
2021-06-27,29.72,0.05,59.48,2.64
2021-06-28,29.83,0.1,58.17,1.82
2021-06-29,30.17,4.67,63.13,1.99
2021-06-30,29.95,3.39,70.38,1.7
2021-07-01,28.97,24.25,76.47,1.93
2021-07-02,29.0,3.72,74.03,2.15
2021-07-03,28.66,2.94,72.54,1.26
2021-07-04,26.58,18.72,80.88,2.42
2021-07-05,28.7,7.13,72.84,1.51
2021-07-06,28.66,0.01,72.79,1.62
2021-07-07,29.27,2.71,72.03,1.3
2021-07-08,29.48,10.74,73.0,1.68
2021-07-09,28.61,2.58,75.41,2.24
2021-07-10,27.77,0.33,68.81,4.31
2021-07-11,28.21,0.04,60.57,4.72
2021-07-12,28.72,0.02,63.08,4.78
2021-07-13,28.86,0.05,64.74,4.04
2021-07-14,28.05,3.06,68.61,3.76
2021-07-15,28.64,0.65,65.81,3.62
2021-07-16,28.92,1.59,68.26,2.4
2021-07-17,28.47,3.13,70.66,2.45
2021-07-18,28.04,1.81,73.04,3.39
2021-07-19,29.02,0.03,66.9,3.69
2021-07-20,29.98,0.02,62.68,4.48
2021-07-21,29.47,0.02,63.91,4.35
2021-07-22,29.31,0.21,64.0,5.22
2021-07-23,29.52,0.96,61.32,5.18
2021-07-24,29.59,0.06,62.95,3.77
2021-07-25,29.77,1.61,60.73,3.69
2021-07-26,29.6,2.96,64.64,3.11
2021-07-27,27.99,1.16,71.5,2.68
2021-07-28,29.43,0.74,63.06,3.15
2021-07-29,30.21,0.02,61.13,3.06
2021-07-30,29.81,0.0,62.58,3.42
2021-07-31,30.47,0.01,59.58,3.6
2021-08-01,30.71,0.0,57.97,3.81
2021-08-02,30.03,0.01,56.4,3.44
2021-08-03,29.84,0.0,58.62,3.86
2021-08-04,30.62,0.0,55.74,4.66
2021-08-05,30.18,0.14,59.04,3.78
2021-08-06,30.18,0.96,62.73,3.16
2021-08-07,29.83,5.12,65.9,2.81
2021-08-08,29.68,1.48,64.53,1.88
2021-08-09,28.83,22.53,66.8,2.75
2021-08-10,28.51,4.75,68.36,3.15
2021-08-11,28.46,4.25,68.04,2.64
2021-08-12,27.31,2.22,71.74,3.16
2021-08-13,27.74,0.4,69.32,2.55
2021-08-14,29.07,1.93,66.15,3.02
2021-08-15,29.71,0.24,61.31,3.06
2021-08-16,29.98,0.05,59.25,2.68
2021-08-17,28.81,10.61,64.8,2.19
2021-08-18,27.02,10.33,70.74,3.1
2021-08-19,28.86,1.44,61.99,3.24
2021-08-20,28.02,0.55,64.88,2.02
2021-08-21,26.83,8.01,74.26,1.15
2021-08-22,27.23,7.15,76.56,1.14
2021-08-23,27.61,9.74,76.06,1.64
2021-08-24,28.32,7.64,73.2,2.03
2021-08-25,29.39,1.19,67.6,2.07
2021-08-26,29.63,0.85,69.11,1.53
2021-08-27,28.25,0.49,76.21,2.11
2021-08-28,27.13,0.59,77.16,2.11
2021-08-29,27.68,0.11,72.55,2.82
2021-08-30,28.72,0.0,65.55,3.52
2021-08-31,29.44,2.94,67.09,1.95
2021-09-01,28.75,3.77,70.95,1.47
2021-09-02,26.75,37.82,81.49,1.92
2021-09-03,26.43,11.48,80.96,1.87
2021-09-04,27.42,4.95,77.64,2.06
2021-09-05,28.18,3.16,71.59,3.1
2021-09-06,26.92,0.97,70.35,3.59
2021-09-07,28.02,0.1,70.15,3.12
2021-09-08,27.64,0.66,74.66,2.29
2021-09-09,28.6,0.01,70.15,1.79
2021-09-10,28.84,0.16,69.72,2.61
2021-09-11,29.18,0.47,68.65,2.76
2021-09-12,28.33,0.04,71.1,3.04
2021-09-13,28.28,0.0,71.21,3.15
2021-09-14,28.73,0.0,72.39,2.04
2021-09-15,28.76,6.89,74.32,2.05
2021-09-16,28.23,3.11,77.25,1.6
2021-09-17,27.89,13.2,78.8,1.34
2021-09-18,27.89,10.84,79.92,1.01
2021-09-19,27.71,8.17,81.05,1.66
2021-09-20,27.75,5.91,78.44,1.52
2021-09-21,28.0,0.28,75.04,1.55
2021-09-22,28.87,0.29,69.72,2.03
2021-09-23,28.52,4.39,76.59,1.38
2021-09-24,28.19,15.97,76.69,1.78
2021-09-25,27.66,7.8,81.68,1.69
2021-09-26,27.07,1.09,79.92,1.6
2021-09-27,27.49,1.35,75.41,3.28
2021-09-28,26.8,0.07,69.79,2.91
2021-09-29,28.03,2.05,67.68,2.14
2021-09-30,27.92,25.24,72.93,1.5
2021-10-01,26.89,14.21,83.7,0.88
2021-10-02,26.61,7.52,86.69,1.03
2021-10-03,27.66,5.07,82.26,1.12
2021-10-04,27.63,6.0,83.05,1.08
2021-10-05,26.69,10.3,86.76,0.73
2021-10-06,26.98,5.95,82.85,1.83
2021-10-07,27.34,0.42,82.29,1.96
2021-10-08,27.36,10.06,84.52,2.23
2021-10-09,26.93,3.4,85.77,1.86
2021-10-10,27.38,3.79,82.61,1.58
2021-10-11,26.32,19.18,86.3,1.64
2021-10-12,26.04,4.97,83.42,1.8
2021-10-13,26.43,0.77,80.47,2.04
2021-10-14,27.77,2.97,81.46,1.45
2021-10-15,27.51,0.66,82.8,1.71
2021-10-16,27.38,9.05,87.75,2.95
2021-10-17,27.01,5.41,87.2,2.58
2021-10-18,27.41,0.98,82.07,1.49
2021-10-19,26.95,1.0,83.36,1.58
2021-10-20,26.84,8.07,87.13,0.78
2021-10-21,26.75,9.74,87.71,0.72
2021-10-22,26.59,6.77,87.28,1.11
2021-10-23,26.78,2.41,85.29,1.53
2021-10-24,26.6,6.53,77.99,0.74
2021-10-25,26.48,10.6,81.55,1.28
2021-10-26,26.26,4.43,85.64,1.53
2021-10-27,26.19,2.92,85.84,1.7
2021-10-28,25.76,4.11,85.89,1.39
2021-10-29,24.88,19.69,90.78,2.61
2021-10-30,24.97,14.32,91.1,2.47
2021-10-31,25.49,16.6,91.32,2.3
2021-11-01,25.36,11.57,91.23,2.24
2021-11-02,25.62,20.86,91.66,2.43
2021-11-03,25.15,23.04,92.4,1.77
2021-11-04,25.83,3.84,87.76,0.66
2021-11-05,25.44,4.54,89.58,1.14
2021-11-06,25.41,24.26,88.62,1.05
2021-11-07,25.25,12.35,87.9,1.34
2021-11-08,25.03,9.73,90.97,1.26
2021-11-09,23.91,38.07,92.08,2.58
2021-11-10,23.65,14.62,89.45,2.88
2021-11-11,24.35,1.85,88.25,3.12
2021-11-12,26.27,4.77,86.66,1.59
2021-11-13,26.48,0.24,85.86,1.33
2021-11-14,25.45,7.3,91.45,2.1
2021-11-15,26.6,4.46,85.19,0.85
2021-11-16,26.64,4.77,87.47,0.86
2021-11-17,25.61,26.56,93.42,1.34
2021-11-18,24.76,10.18,91.66,3.01
2021-11-19,25.85,5.85,88.18,3.88
2021-11-20,26.75,3.53,87.93,2.32
2021-11-21,25.87,0.57,85.19,1.33
2021-11-22,24.87,2.2,90.05,1.74
2021-11-23,25.16,6.56,93.6,1.87
2021-11-24,25.04,4.72,94.07,1.91
2021-11-25,25.13,33.99,93.81,2.27
2021-11-26,25.44,14.48,94.3,2.45
2021-11-27,24.38,18.57,93.9,2.62
2021-11-28,24.87,15.27,93.63,2.7
2021-11-29,24.68,18.31,93.09,2.49
2021-11-30,24.75,12.68,93.79,1.83
2021-12-01,25.62,2.68,90.85,1.87
2021-12-02,25.32,0.88,90.84,2.4
2021-12-03,24.06,0.02,84.77,1.34
2021-12-04,25.32,0.81,77.21,0.7
2021-12-05,26.2,5.72,85.35,0.98
2021-12-06,26.25,2.56,87.32,1.42
2021-12-07,25.52,0.12,89.17,1.99
2021-12-08,25.13,0.24,90.54,2.09
2021-12-09,24.51,2.51,92.13,2.24
2021-12-10,24.61,0.18,88.83,2.42
2021-12-11,25.07,4.2,90.57,2.72
2021-12-12,25.06,4.44,89.8,3.14
2021-12-13,24.88,2.32,89.99,2.85
2021-12-14,24.96,3.11,90.31,3.0
2021-12-15,24.7,2.28,90.68,2.94
2021-12-16,24.03,0.67,88.19,3.48
2021-12-17,23.3,0.17,87.33,2.9
2021-12-18,23.24,0.03,86.15,3.18
2021-12-19,22.49,0.0,85.86,2.84
2021-12-20,22.53,0.0,85.37,2.56
2021-12-21,22.52,0.0,82.11,2.03
2021-12-22,21.99,0.0,85.21,1.66
2021-12-23,21.01,0.0,84.39,1.65
2021-12-24,21.46,0.0,85.03,1.67
2021-12-25,22.0,0.0,85.98,1.7
2021-12-26,22.24,0.0,86.81,1.72
2021-12-27,22.74,0.0,85.63,2.01
2021-12-28,22.96,0.11,86.02,2.14
2021-12-29,22.83,0.01,83.57,1.95
2021-12-30,23.5,7.43,89.59,2.92
2021-12-31,25.0,10.9,90.63,3.3
2022-01-01,25.03,26.42,90.62,3.42
2022-01-02,24.49,7.25,88.82,3.37
2022-01-03,23.67,0.06,86.81,2.9
2022-01-04,23.16,0.0,87.5,2.77
2022-01-05,22.67,0.0,85.66,2.28
2022-01-06,23.87,0.04,88.54,2.44
2022-01-07,24.08,0.07,88.75,2.3
2022-01-08,23.81,0.0,87.59,2.43
2022-01-09,23.41,0.0,87.14,2.03
2022-01-10,24.05,0.01,86.68,1.77
2022-01-11,24.32,0.09,86.52,1.87
2022-01-12,24.7,0.05,86.56,1.52
2022-01-13,25.38,0.0,85.89,1.4
2022-01-14,25.59,0.0,84.87,1.44
2022-01-15,25.29,0.02,85.68,1.79
2022-01-16,24.81,0.86,86.88,2.52
2022-01-17,24.61,1.83,86.44,2.7
2022-01-18,23.71,0.43,84.49,2.84
2022-01-19,23.33,0.0,84.79,2.21
2022-01-20,22.84,0.0,80.64,1.52
2022-01-21,24.14,0.0,79.11,0.86
2022-01-22,25.22,0.0,79.8,1.38
2022-01-23,25.68,0.0,83.13,1.7
2022-01-24,25.61,0.03,83.91,1.55
2022-01-25,25.13,0.11,83.3,1.87
2022-01-26,24.57,0.14,81.73,1.99
2022-01-27,24.21,0.01,81.29,2.25
2022-01-28,24.15,0.09,82.84,3.11
2022-01-29,24.74,0.61,84.2,3.54
2022-01-30,24.96,0.41,83.58,2.94
2022-01-31,25.0,0.01,84.31,2.12
2022-02-01,24.86,0.0,82.42,2.19
2022-02-02,23.02,0.0,79.1,1.96
2022-02-03,23.2,0.0,75.82,1.13
2022-02-04,25.13,0.0,75.58,1.23
2022-02-05,25.86,0.0,78.78,1.98
2022-02-06,25.29,0.0,79.52,2.25
2022-02-07,24.77,0.0,78.07,2.44
2022-02-08,23.66,0.0,76.23,2.6
2022-02-09,23.13,0.0,75.7,2.64
2022-02-10,24.4,0.69,74.92,3.02
2022-02-11,24.91,5.87,83.81,3.22
2022-02-12,24.8,6.99,81.85,3.16
2022-02-13,24.79,0.28,78.21,3.16
2022-02-14,24.81,0.7,78.1,2.88
2022-02-15,24.4,0.65,74.25,2.81
2022-02-16,24.46,0.0,70.76,2.56
2022-02-17,24.83,0.0,71.85,2.44
2022-02-18,25.45,0.05,75.85,2.6
2022-02-19,25.53,0.04,76.03,2.75
2022-02-20,26.54,0.0,74.02,2.12
2022-02-21,27.74,0.0,69.51,1.24
2022-02-22,27.19,0.0,70.67,2.04
2022-02-23,26.2,0.38,71.28,2.93
2022-02-24,25.61,0.64,70.76,2.69
2022-02-25,25.55,0.0,67.33,2.89
2022-02-26,26.18,1.1,74.27,2.8
2022-02-27,26.7,0.32,70.81,3.27
2022-02-28,26.05,0.0,69.51,2.43
2022-03-01,26.29,0.0,64.41,2.89
2022-03-02,26.04,0.0,65.21,3.11
2022-03-03,26.05,0.0,68.15,3.29
2022-03-04,26.58,1.39,69.06,3.73
2022-03-05,26.97,0.01,68.51,3.31
2022-03-06,27.16,1.04,69.25,3.51
2022-03-07,26.79,7.45,72.53,3.31
2022-03-08,27.5,0.36,68.83,2.53
2022-03-09,27.45,0.0,66.09,2.22
2022-03-10,27.17,0.0,64.25,2.45
2022-03-11,26.93,0.0,66.89,2.57
2022-03-12,26.8,0.0,63.68,2.68
2022-03-13,27.29,0.0,65.25,2.86
2022-03-14,27.87,0.0,63.37,2.63
2022-03-15,27.56,0.0,63.69,1.71
2022-03-16,28.89,0.0,55.27,1.83
2022-03-17,29.07,0.0,55.44,1.98
2022-03-18,29.6,0.0,56.31,1.62
2022-03-19,29.87,0.0,63.35,1.38
2022-03-20,31.46,0.18,56.96,1.49
2022-03-21,31.83,1.26,56.05,1.63
2022-03-22,30.5,2.04,62.06,2.03
2022-03-23,30.42,2.33,65.2,1.58
2022-03-24,30.09,0.15,66.04,1.72
2022-03-25,29.83,0.44,64.66,1.8
2022-03-26,30.21,0.9,63.97,2.04
2022-03-27,30.28,0.45,64.6,1.69
2022-03-28,30.93,0.0,61.82,2.32
2022-03-29,31.16,0.01,60.56,2.34
2022-03-30,31.11,0.15,60.7,2.91
2022-03-31,31.15,0.02,59.8,2.7
2022-04-01,30.96,0.03,61.01,3.06
2022-04-02,31.05,0.14,60.3,2.5
2022-04-03,30.01,4.06,66.03,2.16
2022-04-04,30.28,1.07,64.11,2.29
2022-04-05,30.5,0.19,60.31,2.33
2022-04-06,29.64,1.47,63.25,1.87
2022-04-07,30.5,0.27,60.69,1.94
2022-04-08,30.06,3.99,64.04,1.72
2022-04-09,28.51,4.54,71.63,1.49
2022-04-10,29.13,11.9,68.09,1.79
2022-04-11,28.55,7.05,74.03,2.04
2022-04-12,28.18,6.97,76.89,1.27
2022-04-13,27.91,8.26,78.65,1.82
2022-04-14,28.13,1.05,70.32,2.46
2022-04-15,30.57,0.53,64.47,2.59
2022-04-16,30.56,2.15,68.49,2.46
2022-04-17,30.52,3.91,69.5,1.85
2022-04-18,30.32,2.64,68.45,1.78
2022-04-19,31.1,0.36,60.76,1.43
2022-04-20,30.82,0.01,64.36,1.51
2022-04-21,29.97,0.0,70.48,2.2
2022-04-22,29.4,5.21,73.11,2.32
2022-04-23,27.61,10.11,77.78,1.13
2022-04-24,30.31,0.88,64.72,1.96
2022-04-25,30.08,0.04,67.29,2.0
2022-04-26,30.52,0.0,64.44,2.13
2022-04-27,30.86,0.0,64.5,2.05
2022-04-28,30.22,0.0,67.44,2.12
2022-04-29,30.72,0.01,67.77,2.01
2022-04-30,31.49,0.01,64.87,1.76
2022-05-01,31.91,0.29,62.14,1.6
2022-05-02,32.2,0.39,60.12,2.0
2022-05-03,31.09,1.32,68.18,1.26
2022-05-04,30.45,2.91,70.99,1.37
2022-05-05,30.25,1.99,70.56,1.51
2022-05-06,30.15,3.24,57.42,1.85
2022-05-07,30.9,3.61,62.08,1.53
2022-05-08,32.0,0.06,61.08,1.5
2022-05-09,30.92,1.17,64.19,3.08
2022-05-10,30.39,0.07,61.52,4.3
2022-05-11,31.66,0.01,55.81,4.4
2022-05-12,31.18,0.39,57.44,3.55
2022-05-13,31.27,0.6,58.52,3.27
2022-05-14,30.32,5.55,63.62,2.83
2022-05-15,28.77,8.82,75.77,2.36
2022-05-16,28.06,4.75,79.41,2.28
2022-05-17,29.2,4.86,72.76,2.46
2022-05-18,30.02,1.07,68.66,2.83
2022-05-19,29.74,0.88,67.25,3.74
2022-05-20,30.24,0.72,59.81,3.41
2022-05-21,30.06,0.06,63.88,3.43
2022-05-22,30.81,0.04,57.56,4.22
2022-05-23,31.42,0.05,60.5,2.75
2022-05-24,32.04,1.79,59.64,2.39
2022-05-25,30.34,2.02,70.14,1.61
2022-05-26,30.13,1.36,67.03,2.33
2022-05-27,30.54,0.86,58.87,2.44
2022-05-28,30.43,3.4,64.15,2.48
2022-05-29,29.01,10.11,70.35,2.57
2022-05-30,29.77,4.24,67.27,2.2
2022-05-31,30.66,1.28,60.02,2.42
2022-06-01,29.72,0.46,64.01,3.23
2022-06-02,30.72,0.16,61.86,2.78
2022-06-03,30.31,0.0,61.11,2.13
2022-06-04,30.09,0.0,62.81,1.92
2022-06-05,30.16,10.38,67.34,1.54
2022-06-06,28.05,29.54,81.79,1.65
2022-06-07,28.86,5.39,73.36,1.67
2022-06-08,29.41,0.0,68.26,2.35
2022-06-09,30.0,0.0,64.75,2.08
2022-06-10,29.5,0.01,66.72,2.22
2022-06-11,29.95,0.19,61.56,2.69
2022-06-12,28.6,0.96,63.9,2.68
2022-06-13,29.35,0.23,63.51,1.96
2022-06-14,29.65,10.17,68.51,2.08
2022-06-15,28.3,6.97,73.92,2.67
2022-06-16,27.57,7.05,76.75,1.88
2022-06-17,26.66,15.18,81.24,1.61
2022-06-18,27.28,4.59,78.58,1.59
2022-06-19,27.73,4.64,78.42,1.56
2022-06-20,28.61,0.38,70.04,2.15
2022-06-21,28.97,1.8,68.74,2.62
2022-06-22,28.19,1.55,71.79,1.75
2022-06-23,28.86,0.16,68.68,1.81
2022-06-24,28.05,0.06,67.77,3.24
2022-06-25,28.31,0.01,66.23,3.54
2022-06-26,29.35,0.0,59.51,3.57
2022-06-27,29.87,0.0,62.49,3.15
2022-06-28,29.66,0.01,62.32,3.42
2022-06-29,30.07,0.02,62.05,3.83
2022-06-30,28.68,1.58,69.13,3.89
2022-07-01,29.35,0.38,66.77,3.7
2022-07-02,28.57,0.71,67.9,3.39
2022-07-03,28.64,0.71,68.13,4.01
2022-07-04,28.91,0.07,62.11,5.13
2022-07-05,28.82,0.05,61.2,5.31
2022-07-06,29.2,0.03,60.6,4.22
2022-07-07,28.48,1.12,63.3,4.03
2022-07-08,28.92,0.14,61.68,4.15
2022-07-09,28.22,0.03,64.24,4.73
2022-07-10,28.8,0.04,59.95,4.87
2022-07-11,28.74,8.26,60.96,5.14
2022-07-12,28.5,0.2,61.67,5.03
2022-07-13,29.32,0.23,60.63,5.54
2022-07-14,29.41,0.13,58.66,5.67
2022-07-15,29.05,0.01,62.27,4.41
2022-07-16,29.0,0.17,65.29,3.18
2022-07-17,29.29,3.31,66.65,3.08
2022-07-18,28.65,0.77,65.32,3.14
2022-07-19,29.73,1.81,64.77,2.08
2022-07-20,29.15,0.39,71.12,1.57
2022-07-21,29.34,5.53,69.96,2.54
2022-07-22,27.22,32.2,80.41,2.37
2022-07-23,28.2,6.84,71.85,2.8
2022-07-24,28.21,4.37,68.31,2.75
2022-07-25,29.13,3.72,69.01,2.05
2022-07-26,26.49,11.93,84.17,1.53
2022-07-27,27.41,11.84,79.55,0.7
2022-07-28,27.82,2.26,76.5,1.29
2022-07-29,28.44,4.43,71.85,1.47
2022-07-30,28.58,6.08,72.83,1.78
2022-07-31,27.83,9.66,80.36,1.91
2022-08-01,27.27,8.75,80.88,2.4
2022-08-02,27.04,3.83,80.57,2.22
2022-08-03,26.3,3.17,82.77,1.64
2022-08-04,26.05,3.12,84.31,2.79
2022-08-05,27.57,0.09,72.02,4.43
2022-08-06,27.47,0.33,73.28,3.41
2022-08-07,27.8,0.13,71.68,3.94
2022-08-08,27.76,0.13,72.29,4.15
2022-08-09,28.23,0.05,68.8,4.35
2022-08-10,28.02,0.0,68.32,3.85
2022-08-11,28.74,0.0,66.48,3.79
2022-08-12,28.98,0.0,65.95,3.47
2022-08-13,28.46,0.0,66.39,3.37
2022-08-14,29.16,0.0,61.9,3.13
2022-08-15,29.75,0.0,63.77,2.08
2022-08-16,29.21,0.14,70.0,1.98
2022-08-17,29.07,1.38,74.68,1.27
2022-08-18,28.81,8.9,72.74,2.17
2022-08-19,28.48,5.17,74.64,2.21
2022-08-20,29.02,1.02,70.13,2.58
2022-08-21,28.95,3.76,68.39,2.92
2022-08-22,28.47,13.81,73.06,3.16
2022-08-23,27.81,8.79,74.35,2.97
2022-08-24,27.25,1.75,75.95,2.35
2022-08-25,25.9,3.76,84.75,2.07
2022-08-26,26.94,10.66,80.35,1.77
2022-08-27,26.11,6.58,81.68,2.76
2022-08-28,26.54,11.25,79.9,2.09
2022-08-29,27.6,2.15,78.03,1.5
2022-08-30,27.57,9.5,81.55,1.57
2022-08-31,26.37,6.15,85.03,1.22
2022-09-01,26.36,4.88,82.47,0.91
2022-09-02,27.35,1.55,78.6,2.28
2022-09-03,28.19,0.19,76.9,1.76
2022-09-04,28.11,15.65,80.6,1.1
2022-09-05,27.77,13.61,82.3,1.79
2022-09-06,27.55,3.32,75.73,1.9
2022-09-07,26.53,5.34,83.44,1.7
2022-09-08,26.58,0.12,80.98,2.02
2022-09-09,26.88,0.0,80.0,2.26
2022-09-10,27.56,0.22,76.2,2.75
2022-09-11,27.72,0.08,75.76,2.94
2022-09-12,28.1,0.0,73.46,2.79
2022-09-13,28.31,0.29,73.65,1.83
2022-09-14,28.38,0.74,74.08,1.78
2022-09-15,28.67,0.27,72.54,1.45
2022-09-16,28.33,0.03,72.85,1.71
2022-09-17,28.99,0.03,71.97,1.68
2022-09-18,28.78,1.69,71.31,1.94
2022-09-19,28.08,0.61,72.96,2.64
2022-09-20,28.34,0.0,69.01,2.48
2022-09-21,29.05,0.0,66.26,2.47
2022-09-22,29.12,0.0,65.72,2.58
2022-09-23,28.72,0.0,64.84,2.4
2022-09-24,28.33,0.01,67.91,2.43
2022-09-25,28.67,11.3,71.96,1.76
2022-09-26,27.83,24.79,78.82,1.57
2022-09-27,28.72,0.54,72.63,1.87
2022-09-28,28.36,9.53,74.28,1.74
2022-09-29,27.5,1.26,74.72,1.79
2022-09-30,27.55,0.22,72.97,2.35
2022-10-01,26.61,0.09,69.83,3.13
2022-10-02,28.11,1.91,67.03,2.82
2022-10-03,27.88,0.54,72.12,3.06
2022-10-04,27.94,0.05,73.61,2.54
2022-10-05,27.58,0.55,74.61,2.08
2022-10-06,27.55,0.04,67.84,2.13
2022-10-07,28.15,0.92,68.47,1.27
2022-10-08,27.77,6.55,72.66,1.87
2022-10-09,25.81,14.54,87.63,1.48
2022-10-10,26.69,25.97,84.6,1.53
2022-10-11,27.09,5.94,83.01,1.84
2022-10-12,27.03,3.46,82.96,1.23
2022-10-13,27.31,7.22,82.65,1.12
2022-10-14,27.53,6.93,82.42,1.14
2022-10-15,25.86,13.21,86.91,1.44
2022-10-16,26.78,3.57,83.54,1.54
2022-10-17,27.03,1.13,83.59,2.03
2022-10-18,27.38,10.26,81.6,1.26
2022-10-19,26.93,8.26,80.79,1.14
2022-10-20,26.7,15.4,84.16,1.06
2022-10-21,26.04,21.54,85.94,0.92
2022-10-22,26.2,3.07,86.03,1.51
2022-10-23,26.16,3.12,86.56,0.96
2022-10-24,25.86,3.11,84.84,1.45
2022-10-25,26.52,0.81,80.54,1.26
2022-10-26,26.04,0.2,78.04,1.27
2022-10-27,25.37,0.06,77.64,2.17
2022-10-28,26.18,0.2,81.8,2.0
2022-10-29,25.93,3.37,85.82,2.34
2022-10-30,26.07,3.94,86.22,2.3
2022-10-31,25.24,4.03,90.17,2.09
2022-11-01,24.17,2.85,92.37,2.04
2022-11-02,25.27,16.63,86.38,1.64
2022-11-03,25.16,15.96,88.74,2.43
2022-11-04,25.12,13.09,86.67,2.02
2022-11-05,25.18,4.46,87.66,2.03
2022-11-06,24.95,3.86,90.34,2.16
2022-11-07,25.5,0.94,87.2,2.18
2022-11-08,25.32,4.08,88.78,2.43
2022-11-09,25.58,0.95,87.31,2.34
2022-11-10,25.47,3.23,86.17,2.41
2022-11-11,23.72,45.66,92.7,3.77
2022-11-12,24.75,13.67,93.43,3.81
2022-11-13,25.33,2.47,90.09,2.68
2022-11-14,24.77,9.27,89.85,1.71
2022-11-15,24.78,1.15,90.76,1.66
2022-11-16,25.04,0.35,86.8,2.17
2022-11-17,23.68,0.0,81.62,2.32
2022-11-18,22.99,0.0,80.58,2.61
2022-11-19,22.7,0.0,83.27,2.32
2022-11-20,22.36,0.0,77.3,1.96
2022-11-21,22.84,0.0,76.25,1.69
2022-11-22,25.12,0.0,79.41,1.24
2022-11-23,26.07,0.09,80.04,1.19
2022-11-24,25.94,0.18,84.33,1.19
2022-11-25,25.53,0.07,85.68,1.52
2022-11-26,25.28,1.06,87.24,1.24
2022-11-27,25.9,1.37,85.77,1.36
2022-11-28,26.0,5.6,85.6,1.22
2022-11-29,25.07,3.64,85.88,2.25
2022-11-30,23.81,0.43,83.82,1.92
2022-12-01,24.93,4.1,89.89,2.04
2022-12-02,25.46,1.1,87.52,1.94
2022-12-03,24.86,1.58,91.48,2.12
2022-12-04,25.08,23.38,91.16,2.01
2022-12-05,25.11,1.71,87.59,2.57
2022-12-06,24.56,0.01,85.62,2.24
2022-12-07,22.83,0.0,85.5,2.01
2022-12-08,21.39,5.06,78.28,2.6
2022-12-09,21.44,45.09,84.84,4.49
2022-12-10,24.37,6.22,84.42,2.86
2022-12-11,25.31,1.69,89.42,1.71
2022-12-12,25.36,9.06,89.09,1.5
2022-12-13,25.48,9.51,87.7,1.87
2022-12-14,25.0,3.25,88.13,2.0
2022-12-15,24.2,0.01,86.31,2.17
2022-12-16,23.82,0.0,86.0,1.98
2022-12-17,24.09,0.0,86.98,2.51
2022-12-18,24.27,0.0,85.78,3.07
2022-12-19,23.69,0.34,86.15,2.84
2022-12-20,23.88,0.28,87.0,2.78
2022-12-21,23.55,35.35,88.83,2.78
2022-12-22,23.31,4.75,86.35,2.82
2022-12-23,24.26,0.0,85.21,2.56
2022-12-24,25.11,0.28,86.08,2.85
2022-12-25,25.11,9.56,88.73,3.17
2022-12-26,25.67,5.91,88.68,3.23
2022-12-27,25.16,4.14,89.0,2.31
2022-12-28,24.93,0.36,86.5,2.23
2022-12-29,24.5,0.0,86.41,1.98
2022-12-30,23.72,0.0,85.66,1.79
2022-12-31,23.8,0.0,83.6,1.47
2023-01-01,23.41,0.0,82.8,1.84
2023-01-02,22.96,0.01,83.18,1.99
2023-01-03,23.06,0.04,83.91,2.28
2023-01-04,23.3,0.0,82.38,2.4
2023-01-05,23.66,0.02,81.55,2.63
2023-01-06,24.02,0.09,79.86,3.52
2023-01-07,23.79,0.03,81.45,3.08
2023-01-08,23.98,0.09,82.79,2.78
2023-01-09,23.1,0.0,78.56,2.68
2023-01-10,22.33,0.0,78.0,2.86
2023-01-11,22.8,0.0,76.65,2.31
2023-01-12,22.62,0.0,77.52,2.2
2023-01-13,22.34,0.0,77.58,1.9
2023-01-14,21.97,0.0,77.4,1.89
2023-01-15,21.98,0.0,78.39,1.81
2023-01-16,22.54,0.0,76.11,2.23
2023-01-17,22.73,0.0,77.44,2.14
2023-01-18,22.64,0.0,76.09,2.52
2023-01-19,22.83,0.0,71.84,2.43
2023-01-20,23.5,0.0,75.45,2.71
2023-01-21,24.42,0.0,74.01,2.87
2023-01-22,24.38,0.0,74.7,2.74
2023-01-23,25.19,3.38,77.96,2.72
2023-01-24,25.03,1.82,77.53,2.35
2023-01-25,24.36,0.0,73.05,2.48
2023-01-26,23.95,0.0,72.25,2.38
2023-01-27,23.82,0.0,72.86,2.37
2023-01-28,23.69,0.0,73.77,2.45
2023-01-29,24.57,0.1,76.08,2.68
2023-01-30,25.94,1.3,76.69,2.63
2023-01-31,25.55,0.33,74.77,3.2
2023-02-01,24.96,5.07,74.05,3.18
2023-02-02,24.62,20.4,82.41,3.37
2023-02-03,25.28,7.43,82.06,3.02
2023-02-04,25.55,1.43,77.79,3.09
2023-02-05,24.64,0.15,72.21,2.48
2023-02-06,24.6,0.0,72.25,2.47
2023-02-07,25.4,0.0,71.91,2.08
2023-02-08,25.08,0.0,72.02,2.29
2023-02-09,24.94,0.0,71.86,2.02
2023-02-10,25.01,0.0,70.07,2.22
2023-02-11,24.57,0.0,68.56,2.16
2023-02-12,24.52,0.0,66.55,1.91
2023-02-13,24.57,0.0,68.94,2.41
2023-02-14,24.81,0.0,68.75,2.0
2023-02-15,24.87,0.0,67.01,2.32
2023-02-16,24.64,0.0,70.52,2.54
2023-02-17,24.8,0.0,69.89,2.38
2023-02-18,25.46,0.0,68.25,2.05
2023-02-19,26.15,0.0,67.29,2.39
2023-02-20,26.36,0.0,64.95,2.28
2023-02-21,25.81,0.0,64.18,2.4
2023-02-22,25.55,0.0,61.49,2.47
2023-02-23,25.41,0.0,67.46,2.21
2023-02-24,26.64,0.0,64.07,2.09
2023-02-25,25.89,0.0,62.19,2.49
2023-02-26,25.32,0.0,64.86,2.81
2023-02-27,25.67,0.0,63.19,2.45
2023-02-28,26.69,0.62,69.48,3.32
2023-03-01,27.66,0.31,68.16,3.56
2023-03-02,26.95,0.01,61.91,2.83
2023-03-03,26.05,0.0,57.54,3.18
2023-03-04,27.41,0.0,65.23,3.13
2023-03-05,27.98,0.3,62.22,2.97
2023-03-06,27.74,0.05,61.09,2.76
2023-03-07,26.78,0.0,68.25,2.54
2023-03-08,27.46,0.0,64.54,3.38
2023-03-09,27.51,0.0,63.31,3.12
2023-03-10,27.92,0.0,63.32,3.1
2023-03-11,27.01,0.0,67.58,2.77
2023-03-12,28.06,0.0,66.93,3.22
2023-03-13,28.59,0.0,62.63,2.96
2023-03-14,28.62,0.0,62.3,2.61
2023-03-15,29.29,0.0,63.01,2.09
2023-03-16,29.4,0.06,63.97,2.5
2023-03-17,29.86,0.45,62.38,2.65
2023-03-18,29.56,1.89,64.66,2.49
2023-03-19,29.28,5.06,66.59,1.35
2023-03-20,28.52,8.69,72.94,1.36
2023-03-21,30.21,2.29,65.01,1.54
2023-03-22,29.88,1.92,65.54,2.34
2023-03-23,30.52,0.81,61.03,2.23
2023-03-24,30.34,0.8,61.98,2.28
2023-03-25,30.22,0.74,62.41,1.98
2023-03-26,30.6,0.41,58.91,2.05
2023-03-27,31.58,0.07,55.22,1.03
2023-03-28,31.21,1.54,59.71,2.31
2023-03-29,30.9,0.17,59.35,2.31
2023-03-30,30.87,0.0,55.67,2.12
2023-03-31,31.18,0.38,55.75,2.17
2023-04-01,31.36,0.13,58.16,2.44
2023-04-02,31.16,2.19,57.83,2.04
2023-04-03,30.65,1.75,60.42,2.42
2023-04-04,30.46,0.73,61.19,2.53
2023-04-05,31.05,0.08,56.52,2.56
2023-04-06,31.06,0.0,57.59,2.47
2023-04-07,30.94,0.0,58.04,2.72
2023-04-08,30.34,0.01,58.88,3.33
2023-04-09,30.35,0.11,59.24,2.95
2023-04-10,30.64,0.03,58.19,3.01
2023-04-11,30.94,0.15,58.69,2.72
2023-04-12,31.23,0.0,53.68,2.18
2023-04-13,31.67,0.0,48.17,1.95
2023-04-14,31.3,0.0,48.07,1.79
2023-04-15,31.93,0.0,53.53,2.34
2023-04-16,31.54,0.0,52.21,2.36
2023-04-17,31.69,0.0,53.96,2.6
2023-04-18,32.01,0.0,52.56,2.4
2023-04-19,32.55,0.0,53.41,2.65
2023-04-20,33.25,0.0,55.24,3.17
2023-04-21,33.5,1.06,54.76,3.14
2023-04-22,33.18,1.4,55.61,2.69
2023-04-23,32.89,1.03,56.12,2.65
2023-04-24,30.67,6.62,68.13,2.4
2023-04-25,29.99,3.0,68.35,2.27
2023-04-26,28.92,8.39,73.76,1.53
2023-04-27,29.94,2.36,67.53,2.17
2023-04-28,30.03,3.45,67.66,2.07
2023-04-29,29.61,9.15,72.1,2.06
2023-04-30,29.02,5.43,73.58,2.01
2023-05-01,28.11,24.42,82.28,1.96
2023-05-02,27.2,24.0,86.84,2.61
2023-05-03,27.3,16.28,82.69,2.24
2023-05-04,26.56,16.42,86.88,1.39
2023-05-05,27.76,1.59,76.59,1.29
2023-05-06,26.8,6.93,82.93,1.06
2023-05-07,26.88,3.4,81.67,1.99
2023-05-08,26.79,4.03,81.76,2.11
2023-05-09,27.71,0.92,79.27,1.83
2023-05-10,29.5,0.28,70.66,1.94
2023-05-11,29.13,1.28,76.48,1.96
2023-05-12,29.66,0.56,71.73,2.94
2023-05-13,30.67,0.0,65.1,3.05
2023-05-14,30.72,0.0,65.65,3.12
2023-05-15,31.54,0.0,66.31,2.04
2023-05-16,31.66,0.0,66.01,2.36
2023-05-17,31.27,0.04,67.45,1.94
2023-05-18,30.12,0.01,71.16,2.59
2023-05-19,29.76,0.03,74.47,2.08
2023-05-20,30.18,0.07,71.44,2.07
2023-05-21,30.52,0.91,69.09,1.89
2023-05-22,29.62,1.07,74.71,2.02
2023-05-23,29.72,0.02,72.07,2.05
2023-05-24,30.49,4.66,69.98,1.79
2023-05-25,30.62,2.11,69.31,1.85
2023-05-26,31.51,6.35,64.92,2.0
2023-05-27,30.72,8.19,68.41,1.95
2023-05-28,29.72,0.12,70.73,1.94
2023-05-29,30.49,0.37,70.73,1.62
2023-05-30,30.95,1.67,69.57,2.04
2023-05-31,30.06,3.08,67.83,2.71
2023-06-01,31.5,0.09,63.19,2.09
2023-06-02,29.72,1.0,65.85,2.83
2023-06-03,30.47,0.06,65.1,2.51
2023-06-04,31.03,0.03,63.94,2.61
2023-06-05,29.66,5.07,71.58,1.94
2023-06-06,29.87,6.16,69.73,2.04
2023-06-07,29.33,2.3,74.86,1.59
2023-06-08,29.7,0.25,72.09,1.84
2023-06-09,30.75,0.0,63.76,2.44
2023-06-10,31.4,0.0,57.98,3.72
2023-06-11,31.32,0.0,59.83,2.33
2023-06-12,30.95,1.01,65.02,2.47
2023-06-13,30.79,0.1,63.32,2.73
2023-06-14,29.3,0.51,70.07,1.89
2023-06-15,31.8,0.02,56.24,2.0
2023-06-16,32.48,0.01,56.97,2.98
2023-06-17,29.23,0.17,69.34,1.59
2023-06-18,29.29,1.98,67.9,2.22
2023-06-19,31.17,0.16,57.8,2.24
2023-06-20,29.9,2.07,65.9,1.71
2023-06-21,29.29,3.17,72.47,1.73
2023-06-22,30.3,2.12,66.3,1.55
2023-06-23,29.6,0.43,62.19,2.7
2023-06-24,29.18,0.01,63.67,3.09
2023-06-25,28.66,0.03,68.8,1.92
2023-06-26,29.77,0.02,57.2,3.36
2023-06-27,29.47,1.93,59.49,3.29
2023-06-28,30.29,0.04,58.75,2.8
2023-06-29,31.02,2.89,58.04,3.34
2023-06-30,30.55,0.38,59.64,2.81
2023-07-01,30.14,0.08,59.61,2.45
2023-07-02,29.09,6.65,66.3,1.96
2023-07-03,29.12,2.68,68.31,3.48
2023-07-04,29.72,0.26,61.72,4.76
2023-07-05,29.5,0.32,58.75,5.19
2023-07-06,29.29,0.16,64.28,4.33
2023-07-07,29.82,0.01,60.11,3.59
2023-07-08,29.6,1.23,60.07,3.05
2023-07-09,30.3,1.89,60.39,2.39
2023-07-10,29.64,7.43,69.76,1.49
2023-07-11,29.63,17.96,69.36,2.04
2023-07-12,29.77,0.66,60.6,2.58
2023-07-13,29.52,3.12,59.28,3.06
2023-07-14,29.84,1.3,59.68,3.68
2023-07-15,30.19,0.02,60.61,2.83
2023-07-16,30.72,0.24,61.76,2.38
2023-07-17,30.34,0.0,62.5,3.12
2023-07-18,30.11,0.0,61.83,4.34
2023-07-19,30.31,0.01,59.58,5.2
2023-07-20,30.37,0.0,57.35,5.38
2023-07-21,30.62,0.0,56.48,5.19
2023-07-22,29.92,0.0,57.05,5.4
2023-07-23,29.07,2.48,62.78,4.15
2023-07-24,28.04,0.28,66.69,3.91
2023-07-25,27.93,0.48,66.42,3.55
2023-07-26,29.95,0.64,60.35,4.22
2023-07-27,30.5,0.02,57.46,4.36
2023-07-28,30.55,0.0,55.79,4.32
2023-07-29,31.52,0.0,53.84,4.58
2023-07-30,31.96,0.0,52.63,4.73
2023-07-31,32.07,0.0,52.95,4.88
2023-08-01,32.06,0.0,52.49,5.05
2023-08-02,30.48,0.0,55.63,4.03
2023-08-03,31.8,0.0,54.53,3.96
2023-08-04,32.11,0.0,53.48,3.78
2023-08-05,32.01,0.0,51.66,3.54
2023-08-06,32.2,0.83,52.17,2.72
2023-08-07,32.17,0.4,54.45,2.38
2023-08-08,31.32,6.12,58.15,2.2
2023-08-09,29.84,10.38,68.71,2.09
2023-08-10,28.45,10.98,77.28,1.81
2023-08-11,28.65,11.37,75.26,1.0
2023-08-12,29.28,8.16,72.3,2.34
2023-08-13,29.37,1.96,69.37,1.86
2023-08-14,29.8,1.72,66.75,2.01
2023-08-15,29.81,2.08,66.3,2.24
2023-08-16,30.68,0.07,61.1,2.34
2023-08-17,31.42,0.0,56.49,2.69
2023-08-18,30.44,0.0,58.19,3.64
2023-08-19,30.67,0.0,58.02,3.72
2023-08-20,31.73,0.07,56.64,2.73
2023-08-21,31.71,0.37,57.69,2.36
2023-08-22,31.43,1.17,62.98,1.58
2023-08-23,30.56,1.48,65.73,1.59
2023-08-24,31.35,0.02,60.65,2.23
2023-08-25,30.87,0.0,60.35,1.81
2023-08-26,31.09,0.0,60.44,1.61
2023-08-27,31.65,0.08,60.21,1.78
2023-08-28,31.34,1.0,60.16,2.15
2023-08-29,27.97,11.85,75.15,1.37
2023-08-30,26.85,5.64,82.37,2.41
2023-08-31,28.35,15.24,76.45,1.2
2023-09-01,29.21,7.18,73.27,1.75
2023-09-02,29.09,7.89,73.81,2.07
2023-09-03,28.35,10.67,74.14,2.47
2023-09-04,28.53,0.18,68.99,2.89
2023-09-05,27.95,0.53,70.51,3.06
2023-09-06,28.67,1.44,63.87,2.9
2023-09-07,28.45,7.08,67.34,2.95
2023-09-08,28.86,2.57,63.36,3.41
2023-09-09,29.86,2.14,61.84,3.71
2023-09-10,29.14,0.12,60.38,3.24
2023-09-11,28.84,0.48,61.57,3.63
2023-09-12,28.47,0.28,65.72,2.56
2023-09-13,29.64,0.97,64.44,2.2
2023-09-14,30.03,1.31,59.71,3.28
2023-09-15,29.66,0.48,61.69,3.14
2023-09-16,29.66,1.12,66.37,2.4
2023-09-17,28.15,11.23,76.12,2.24
2023-09-18,28.35,13.25,77.32,2.52
2023-09-19,27.57,14.13,80.38,1.42
2023-09-20,28.19,1.27,74.87,1.04
2023-09-21,28.27,1.96,75.97,1.3
2023-09-22,28.5,1.94,73.96,1.73
2023-09-23,29.48,1.06,71.96,1.83
2023-09-24,27.88,1.42,76.07,2.1
2023-09-25,28.52,4.61,74.16,1.68
2023-09-26,28.53,2.55,74.48,1.45
2023-09-27,28.8,5.38,71.22,1.78
2023-09-28,28.32,5.28,68.38,2.49
2023-09-29,27.88,2.78,71.92,2.98
2023-09-30,28.68,2.97,69.58,2.77
2023-10-01,29.15,0.11,67.77,3.43
2023-10-02,29.48,0.09,68.73,3.11
2023-10-03,30.39,0.27,65.66,2.58
2023-10-04,30.26,0.42,65.29,2.16
2023-10-05,29.86,1.57,66.95,2.03
2023-10-06,29.83,0.91,63.82,2.08
2023-10-07,29.74,0.03,65.21,1.52
2023-10-08,29.78,1.39,70.41,1.97
2023-10-09,29.26,1.85,72.94,1.84
2023-10-10,29.47,2.97,71.87,2.02
2023-10-11,29.04,12.94,75.02,1.91
2023-10-12,28.43,10.34,78.31,2.14
2023-10-13,28.48,0.4,74.41,1.02
2023-10-14,27.86,5.27,77.33,1.33
2023-10-15,28.22,17.83,77.97,1.59
2023-10-16,27.74,22.09,82.79,1.07
2023-10-17,27.12,5.54,84.34,1.61
2023-10-18,27.39,0.77,78.52,1.93
2023-10-19,27.86,0.19,74.02,1.73
2023-10-20,28.07,0.38,71.24,1.48
2023-10-21,28.11,0.79,71.71,1.33
2023-10-22,28.14,2.16,74.36,2.09
2023-10-23,27.97,0.1,74.21,1.2
2023-10-24,27.85,0.82,72.47,1.51
2023-10-25,27.86,1.88,74.89,1.45
2023-10-26,28.73,0.11,69.38,1.49
2023-10-27,28.01,1.89,75.05,1.98
2023-10-28,27.99,2.1,75.66,1.74
2023-10-29,26.59,11.96,84.72,1.66
2023-10-30,25.82,11.69,85.89,1.5
2023-10-31,26.65,1.99,80.71,2.16
2023-11-01,26.16,7.84,90.12,1.42
2023-11-02,26.48,7.45,84.47,1.15
2023-11-03,26.32,22.39,88.65,1.33
2023-11-04,25.65,30.82,91.86,0.96
2023-11-05,25.09,8.01,87.89,1.17
2023-11-06,26.76,11.65,83.78,1.02
2023-11-07,25.99,25.87,89.42,1.21
2023-11-08,26.0,12.21,89.34,0.94
2023-11-09,26.12,10.37,85.5,1.08
2023-11-10,25.86,4.52,88.83,1.85
2023-11-11,25.52,3.23,90.1,2.31
2023-11-12,25.53,0.17,83.32,2.72
2023-11-13,25.54,3.7,87.23,2.31
2023-11-14,25.24,17.36,88.88,2.51
2023-11-15,25.71,1.17,88.09,2.37
2023-11-16,26.05,0.61,87.94,1.62
2023-11-17,26.66,0.79,86.18,1.82
2023-11-18,26.42,4.28,88.61,2.44
2023-11-19,25.93,2.89,89.9,2.33
2023-11-20,26.25,0.8,89.86,2.17
2023-11-21,26.2,1.41,88.48,1.67
2023-11-22,26.11,22.17,90.39,1.49
2023-11-23,25.89,5.61,87.14,1.39
2023-11-24,26.03,2.58,88.15,1.46
2023-11-25,26.07,6.58,90.01,2.32
2023-11-26,25.78,7.33,91.59,3.04
2023-11-27,26.25,2.59,88.15,2.36
2023-11-28,26.26,4.99,88.12,2.22
2023-11-29,25.88,7.16,88.68,2.19
2023-11-30,24.93,9.41,92.02,1.85
2023-12-01,25.22,2.6,91.54,2.03
2023-12-02,25.87,1.08,88.11,2.53
2023-12-03,26.5,0.28,86.22,2.12
2023-12-04,27.06,0.79,84.51,1.77
2023-12-05,27.17,0.83,85.3,1.6
2023-12-06,26.64,0.78,88.88,1.33
2023-12-07,27.03,0.9,86.39,1.44
2023-12-08,26.72,5.77,87.59,1.34
2023-12-09,26.17,3.56,88.43,2.2
2023-12-10,25.83,1.41,86.7,2.52
2023-12-11,25.4,0.5,86.76,2.62
2023-12-12,25.18,0.15,85.83,2.48
2023-12-13,24.24,0.0,83.67,2.79
2023-12-14,24.08,0.14,83.21,2.99
2023-12-15,24.78,1.12,87.28,3.25
2023-12-16,25.64,13.25,88.74,3.25
2023-12-17,25.17,21.18,90.8,3.86
2023-12-18,24.24,11.46,90.25,3.31
2023-12-19,24.06,1.69,86.9,3.16
2023-12-20,24.44,3.94,86.59,3.61
2023-12-21,24.06,3.87,91.29,2.98
2023-12-22,24.66,0.34,86.4,2.67
2023-12-23,23.66,0.03,83.77,2.53
2023-12-24,23.97,0.08,84.71,2.94
2023-12-25,25.58,1.0,86.54,3.42
2023-12-26,24.58,0.04,84.25,3.25
2023-12-27,24.47,0.41,84.32,3.59
2023-12-28,25.19,0.6,85.71,3.78
2023-12-29,25.71,0.28,84.65,3.73
2023-12-30,25.18,0.04,83.66,3.43
2023-12-31,24.07,0.0,82.51,2.69
2024-01-01,24.48,0.0,81.46,2.49
2024-01-02,24.37,0.0,82.04,2.46
2024-01-03,24.57,0.14,83.08,2.24
2024-01-04,25.13,1.21,85.2,1.99
2024-01-05,25.45,0.48,84.05,2.28
2024-01-06,25.45,2.78,84.34,2.63
2024-01-07,25.17,13.26,84.27,3.7
2024-01-08,25.34,5.04,89.35,3.31
2024-01-09,24.58,11.17,88.5,3.44
2024-01-10,24.28,0.34,85.72,2.85
2024-01-11,24.36,0.0,82.21,3.12
2024-01-12,24.67,0.0,81.69,3.03
2024-01-13,24.71,0.0,83.18,2.65
2024-01-14,24.42,0.0,81.49,2.58
2024-01-15,23.85,0.0,80.54,2.08
2024-01-16,23.04,0.0,78.55,1.85
2024-01-17,23.1,0.0,78.4,1.61
2024-01-18,24.27,0.68,81.71,1.77
2024-01-19,25.59,1.3,83.26,2.33
2024-01-20,25.79,0.6,82.28,2.64
2024-01-21,25.56,0.01,79.19,2.39
2024-01-22,25.24,0.0,79.3,2.34
2024-01-23,24.74,0.0,78.46,2.1
2024-01-24,25.21,0.0,75.76,1.68
2024-01-25,25.16,0.0,75.85,1.97
2024-01-26,24.84,0.0,76.24,2.68
2024-01-27,24.78,0.0,76.45,2.94
2024-01-28,25.47,0.0,75.46,3.26
2024-01-29,24.97,0.0,73.09,2.99
2024-01-30,25.48,0.0,74.07,2.74
2024-01-31,26.41,0.0,75.35,2.2
2024-02-01,27.18,0.04,74.63,1.81
2024-02-02,27.61,0.01,74.75,1.89
2024-02-03,27.48,0.0,72.92,2.5
2024-02-04,26.34,0.0,72.65,2.64
2024-02-05,25.67,0.0,72.25,2.67
2024-02-06,25.31,0.0,74.34,2.65
2024-02-07,25.47,0.0,72.74,2.36
2024-02-08,26.09,0.0,71.86,2.37
2024-02-09,26.33,0.0,72.77,2.6
2024-02-10,26.63,0.04,73.89,3.01
2024-02-11,26.53,0.1,69.62,3.23
2024-02-12,26.1,0.0,68.59,3.27
2024-02-13,26.9,0.0,71.65,3.38
2024-02-14,27.23,0.0,68.93,3.6
2024-02-15,26.69,0.0,68.61,3.28
2024-02-16,27.41,0.0,67.12,3.5
2024-02-17,27.29,0.0,65.46,3.2
2024-02-18,26.99,0.0,68.11,2.68
2024-02-19,27.72,0.0,68.2,2.66
2024-02-20,28.15,0.0,65.26,2.28
2024-02-21,28.76,0.0,62.11,1.64
2024-02-22,29.47,0.0,62.33,2.02
2024-02-23,29.96,0.0,65.39,2.06
2024-02-24,29.4,0.01,66.57,2.28
2024-02-25,28.68,0.02,63.87,2.84
2024-02-26,28.66,0.32,65.11,3.76
2024-02-27,28.88,0.0,64.66,3.9
2024-02-28,28.63,0.0,62.86,3.32
2024-02-29,28.26,0.0,64.05,2.88
2024-03-01,27.66,0.0,65.2,2.94
2024-03-02,27.93,0.0,60.99,2.15
2024-03-03,28.57,0.0,60.49,2.19
2024-03-04,28.22,0.0,61.16,2.23
2024-03-05,28.61,0.0,57.38,2.17
2024-03-06,29.02,0.0,54.92,1.91
2024-03-07,28.4,0.0,54.91,1.52
2024-03-08,29.74,0.0,54.46,2.07
2024-03-09,30.12,0.0,53.81,2.26
2024-03-10,30.14,0.0,55.5,2.19
2024-03-11,29.79,0.0,59.61,2.54
2024-03-12,29.78,0.0,56.98,2.41
2024-03-13,30.01,0.0,53.28,1.94
2024-03-14,30.81,0.0,45.74,1.82
2024-03-15,30.5,0.0,51.52,2.18
2024-03-16,30.14,0.02,56.94,2.7
2024-03-17,29.56,0.0,57.12,2.79
2024-03-18,29.48,0.0,54.71,2.2
2024-03-19,29.78,0.0,53.57,2.43
2024-03-20,29.49,0.0,58.47,2.54
2024-03-21,30.55,0.62,62.08,3.64
2024-03-22,30.83,0.45,60.65,3.39
2024-03-23,31.0,0.0,54.91,2.8
2024-03-24,30.2,0.0,58.14,2.69
2024-03-25,29.85,0.0,56.44,2.88
2024-03-26,29.7,0.0,54.46,2.59
2024-03-27,30.01,0.05,50.85,2.26
2024-03-28,31.59,0.35,49.04,2.19
2024-03-29,31.58,0.0,52.59,2.21
2024-03-30,31.44,0.0,52.08,2.38
2024-03-31,31.86,0.0,56.46,2.42
2024-04-01,32.71,0.0,54.88,2.32
2024-04-02,33.0,0.08,49.55,2.2
2024-04-03,32.36,1.51,55.92,2.47
2024-04-04,32.16,0.0,58.23,2.4
2024-04-05,32.88,0.0,52.8,2.09
2024-04-06,33.33,0.0,52.07,2.17
2024-04-07,32.99,0.0,53.95,2.45
2024-04-08,32.92,0.0,56.94,3.0
2024-04-09,32.33,0.0,54.49,3.25
2024-04-10,32.06,0.0,56.55,3.32
2024-04-11,32.43,0.02,56.28,3.31
2024-04-12,32.04,2.43,58.96,3.61
2024-04-13,31.78,1.02,58.77,2.94
2024-04-14,31.94,0.76,57.66,3.29
2024-04-15,31.89,0.02,60.36,3.49
2024-04-16,32.73,0.0,56.13,2.77
2024-04-17,33.55,0.0,54.32,2.67
2024-04-18,33.87,0.0,53.85,3.0
2024-04-19,33.51,0.0,56.03,2.42
2024-04-20,33.6,0.0,55.7,2.17
2024-04-21,32.67,0.0,61.64,2.27
2024-04-22,32.17,0.0,62.4,2.11
2024-04-23,32.88,0.0,56.63,2.53
2024-04-24,33.26,0.0,51.83,2.34
2024-04-25,33.34,0.0,47.49,2.41
2024-04-26,33.64,0.0,47.31,2.41
2024-04-27,32.94,0.0,49.61,2.47
2024-04-28,33.3,0.0,51.24,2.3
2024-04-29,33.75,0.06,52.69,2.1
2024-04-30,34.21,0.06,52.58,2.81
2024-05-01,34.54,0.0,52.97,3.0
2024-05-02,34.79,0.0,54.58,3.39
2024-05-03,34.19,0.0,57.55,3.16
2024-05-04,33.7,0.07,55.87,2.57
2024-05-05,34.45,0.15,55.3,2.97
2024-05-06,34.83,0.11,53.59,2.89
2024-05-07,33.06,0.57,58.16,2.03
2024-05-08,32.5,0.85,59.96,2.11
2024-05-09,32.45,1.32,58.97,2.52
2024-05-10,31.92,3.02,59.09,2.28
2024-05-11,31.88,3.34,62.12,2.15
2024-05-12,31.58,2.44,61.8,1.99
2024-05-13,30.04,1.57,68.59,1.67
2024-05-14,30.66,2.38,64.48,1.15
2024-05-15,31.31,8.01,64.51,2.02
2024-05-16,29.16,26.92,71.66,1.59
2024-05-17,28.54,12.7,74.05,1.64
2024-05-18,29.4,11.22,74.82,1.48
2024-05-19,28.8,10.11,77.75,1.42
2024-05-20,27.69,24.73,85.5,1.27
2024-05-21,27.48,32.04,85.85,2.48
2024-05-22,28.75,1.77,82.19,1.89
2024-05-23,28.62,2.24,82.71,2.02
2024-05-24,28.88,2.05,79.6,2.05
2024-05-25,28.72,1.18,76.68,2.76
2024-05-26,29.98,0.0,69.07,3.42
2024-05-27,30.7,0.0,67.59,3.42
2024-05-28,29.98,0.0,71.68,3.51
2024-05-29,30.49,0.12,68.29,2.87
2024-05-30,30.47,0.07,69.74,2.98
2024-05-31,30.41,1.0,71.6,2.56
2024-06-01,30.81,6.27,75.88,2.28
2024-06-02,29.14,5.95,76.28,1.95
2024-06-03,28.8,4.63,77.92,1.57
2024-06-04,29.36,2.41,77.23,1.85
2024-06-05,29.36,2.13,77.04,2.26
2024-06-06,28.4,30.17,83.92,2.44
2024-06-07,28.5,5.63,78.45,2.15
2024-06-08,28.34,3.69,80.4,3.01
2024-06-09,28.56,0.14,78.18,2.28
2024-06-10,29.17,0.44,71.39,3.05
2024-06-11,29.04,0.52,68.3,3.03
2024-06-12,28.25,0.0,68.75,3.08
2024-06-13,29.23,0.07,62.39,2.96
2024-06-14,29.76,0.0,63.35,2.14
2024-06-15,30.43,0.04,65.46,2.19
2024-06-16,30.59,0.12,66.14,2.02
2024-06-17,29.79,0.66,67.31,1.92
2024-06-18,29.44,11.59,70.05,2.47
2024-06-19,29.01,6.94,71.28,2.71
2024-06-20,28.3,0.41,69.75,2.81
2024-06-21,28.59,0.07,65.69,3.29
2024-06-22,28.34,3.78,70.85,2.45
2024-06-23,28.07,3.42,72.68,3.16
2024-06-24,27.54,0.23,72.06,3.4
2024-06-25,27.48,1.32,69.1,3.95
2024-06-26,28.58,1.07,68.02,3.83
2024-06-27,28.84,0.12,64.93,3.4
2024-06-28,28.95,0.0,65.19,2.2
2024-06-29,28.76,0.12,67.79,2.17
2024-06-30,29.18,1.66,70.73,1.67
2024-07-01,28.11,1.41,72.28,2.38
2024-07-02,29.65,0.04,62.94,2.31
2024-07-03,29.3,0.83,64.99,2.31
2024-07-04,30.13,0.22,61.41,2.44
2024-07-05,29.35,6.59,67.66,2.07
2024-07-06,27.97,1.16,67.48,3.26
2024-07-07,29.71,0.07,63.62,3.23
2024-07-08,28.36,0.09,69.06,3.17
2024-07-09,28.53,0.0,68.03,2.8
2024-07-10,27.62,2.31,74.14,2.05
2024-07-11,29.17,0.18,66.99,2.32
2024-07-12,29.44,9.8,67.62,2.5
2024-07-13,28.67,0.09,67.24,4.2
2024-07-14,29.65,0.21,61.35,4.32
2024-07-15,28.42,2.31,68.32,5.0
2024-07-16,28.64,0.36,65.76,5.16
2024-07-17,28.37,0.86,67.23,4.42
2024-07-18,28.57,0.11,65.0,5.69
2024-07-19,29.43,0.04,64.18,5.49
2024-07-20,29.91,0.07,62.36,4.74
2024-07-21,29.58,0.01,63.83,4.51
2024-07-22,29.51,0.02,62.22,4.46
2024-07-23,29.83,0.03,60.78,3.9
2024-07-24,29.68,0.17,61.27,4.3
2024-07-25,29.91,0.46,60.48,4.79
2024-07-26,29.14,0.12,63.09,5.26
2024-07-27,29.75,0.0,60.09,6.41
2024-07-28,29.93,0.01,58.67,4.96
2024-07-29,30.48,0.54,60.43,4.42
2024-07-30,28.94,0.01,66.55,3.49
2024-07-31,29.8,0.05,64.16,3.01
2024-08-01,30.16,0.57,65.46,3.11
2024-08-02,29.99,0.14,60.29,4.26
2024-08-03,29.91,1.15,61.57,2.57
2024-08-04,28.99,6.64,69.28,3.0
2024-08-05,28.61,3.72,70.16,2.21
2024-08-06,29.26,4.25,69.85,1.69
2024-08-07,26.85,14.04,82.26,2.15
2024-08-08,27.56,10.37,77.13,2.38
2024-08-09,28.47,10.24,75.49,1.8
2024-08-10,28.58,8.89,77.1,2.03
2024-08-11,28.25,5.81,80.91,1.86
2024-08-12,29.6,1.62,75.1,1.77
2024-08-13,29.17,8.08,77.61,0.9
2024-08-14,29.0,18.92,75.79,1.58
2024-08-15,29.29,2.24,74.8,1.57
2024-08-16,29.44,3.97,77.67,1.72
2024-08-17,29.03,2.8,78.02,1.86
2024-08-18,29.09,3.53,77.67,0.87
2024-08-19,29.3,4.79,76.15,2.3
2024-08-20,28.48,5.83,80.72,2.93
2024-08-21,27.52,5.07,76.42,4.46
2024-08-22,27.99,0.01,74.87,3.0
2024-08-23,29.12,0.03,67.92,2.61
2024-08-24,29.04,0.04,70.49,2.68
2024-08-25,28.68,0.03,70.63,2.75
2024-08-26,29.29,0.0,65.84,3.39
2024-08-27,29.48,0.26,67.3,2.69
2024-08-28,28.61,0.02,69.66,2.93
2024-08-29,28.77,1.55,69.57,3.17
2024-08-30,27.97,1.77,76.39,3.0
2024-08-31,28.35,0.46,70.65,3.48
2024-09-01,28.32,0.08,67.84,3.47
2024-09-02,28.94,0.08,65.07,3.29
2024-09-03,28.99,1.17,69.54,3.06
2024-09-04,28.99,2.03,71.61,2.87
2024-09-05,30.11,0.18,65.97,3.29
2024-09-06,29.38,0.1,68.62,3.13
2024-09-07,29.88,0.21,65.69,3.3
2024-09-08,29.15,0.26,68.52,3.48
2024-09-09,28.9,0.09,68.26,3.22
2024-09-10,30.07,0.05,65.82,3.55
2024-09-11,29.98,6.68,67.55,3.02
2024-09-12,29.91,0.37,62.97,3.2
2024-09-13,30.19,0.64,62.56,2.87
2024-09-14,29.94,0.77,63.91,3.0
2024-09-15,30.6,0.25,59.55,3.65
2024-09-16,31.03,0.01,57.4,3.52
2024-09-17,31.38,0.0,57.03,3.61
2024-09-18,30.79,0.0,55.16,3.21
2024-09-19,29.21,0.1,60.02,2.67
2024-09-20,29.95,0.04,61.15,2.24
2024-09-21,29.54,0.2,64.79,2.89
2024-09-22,30.91,0.04,58.33,2.85
2024-09-23,30.01,1.3,60.65,3.58
2024-09-24,29.49,2.51,66.0,2.88
2024-09-25,30.62,0.17,59.77,3.32
2024-09-26,30.67,0.09,59.45,2.16
2024-09-27,30.74,0.47,58.31,1.95
2024-09-28,30.3,3.18,64.81,1.73
2024-09-29,28.59,1.7,75.76,1.92
2024-09-30,29.21,1.54,71.13,1.88
2024-10-01,29.07,1.72,72.11,1.67
2024-10-02,28.43,5.43,75.76,2.93
2024-10-03,30.02,0.03,68.14,2.36
2024-10-04,28.84,13.75,75.66,1.37
2024-10-05,27.76,20.23,78.35,1.61
2024-10-06,26.67,10.08,81.18,1.52
2024-10-07,26.74,2.08,80.84,1.93
2024-10-08,26.88,8.52,82.55,1.61
2024-10-09,28.65,5.33,76.18,1.8
2024-10-10,28.17,5.45,77.9,1.03
2024-10-11,26.88,21.72,84.26,0.93
2024-10-12,27.39,23.61,83.75,1.0
2024-10-13,26.89,15.22,87.21,0.9
2024-10-14,26.14,19.18,87.71,1.09
2024-10-15,25.28,12.13,89.05,1.66
2024-10-16,25.95,6.16,80.07,1.94
2024-10-17,27.26,1.41,80.33,1.76
2024-10-18,27.45,4.33,80.14,1.07
2024-10-19,26.75,9.79,85.02,1.05
2024-10-20,27.42,6.54,82.29,0.88
2024-10-21,27.5,6.45,83.72,0.62
2024-10-22,27.8,11.37,80.21,0.75
2024-10-23,27.2,2.38,84.35,1.13
2024-10-24,26.16,13.65,86.98,1.42
2024-10-25,26.44,21.75,83.74,1.52
2024-10-26,27.19,3.36,83.77,1.57
2024-10-27,27.26,0.2,82.51,1.65
2024-10-28,27.36,1.25,82.07,1.51
2024-10-29,27.39,0.9,78.63,1.42
2024-10-30,27.34,1.71,83.74,1.05
2024-10-31,26.96,7.36,86.67,1.06
2024-11-01,26.79,15.17,90.06,1.18
2024-11-02,26.38,8.97,89.58,1.55
2024-11-03,25.89,3.44,90.15,1.86
2024-11-04,26.16,2.55,85.39,1.8
2024-11-05,25.71,0.18,83.98,1.65
2024-11-06,26.22,0.86,81.19,1.87
2024-11-07,26.51,5.4,87.92,2.06
2024-11-08,26.62,2.41,87.38,2.49
2024-11-09,26.12,0.45,84.54,2.54
2024-11-10,25.51,0.0,83.08,2.57
2024-11-11,25.97,0.01,82.71,2.27
2024-11-12,25.93,1.96,85.17,2.01
2024-11-13,25.95,1.71,92.17,2.1
2024-11-14,26.15,9.97,91.57,1.89
2024-11-15,25.81,12.48,90.17,2.04
2024-11-16,25.61,10.26,92.23,1.94
2024-11-17,26.06,7.16,89.34,2.61
2024-11-18,25.75,13.15,88.09,2.85
2024-11-19,25.58,7.73,87.09,3.29
2024-11-20,24.8,9.24,87.82,3.3
2024-11-21,24.9,7.98,85.98,2.79
2024-11-22,24.71,0.35,85.82,2.52
2024-11-23,25.15,0.39,87.2,2.76
2024-11-24,25.27,0.24,88.32,2.54
2024-11-25,24.45,0.29,87.2,2.57
2024-11-26,24.14,25.59,92.48,3.08
2024-11-27,24.18,9.91,91.0,3.89
2024-11-28,24.27,3.04,84.56,3.18
2024-11-29,25.24,1.49,86.68,3.53
2024-11-30,25.67,4.87,89.11,3.06
2024-12-01,25.78,12.85,90.69,3.75
2024-12-02,26.14,9.19,91.81,3.13
2024-12-03,26.62,4.79,87.04,2.18
2024-12-04,25.95,2.17,86.99,1.36
2024-12-05,25.93,2.37,87.61,1.35
2024-12-06,25.41,0.05,88.84,1.6
2024-12-07,25.72,0.09,86.82,1.69
2024-12-08,24.83,0.32,89.36,1.45
2024-12-09,25.19,0.03,87.09,1.68
2024-12-10,25.36,0.13,85.86,2.18
2024-12-11,24.7,6.28,91.58,2.79
2024-12-12,24.64,70.33,94.28,3.09
2024-12-13,24.89,34.96,94.53,3.31
2024-12-14,24.48,8.44,89.12,3.42
2024-12-15,23.2,1.04,86.82,2.67
2024-12-16,23.07,0.0,85.92,2.6
2024-12-17,23.82,0.01,86.08,2.43
2024-12-18,25.16,0.0,86.32,1.73
2024-12-19,26.32,0.05,83.9,1.44
2024-12-20,26.5,0.46,85.58,0.76
2024-12-21,26.76,4.16,85.0,1.2
2024-12-22,24.93,4.63,91.71,1.55
2024-12-23,25.02,0.31,82.3,1.44
2024-12-24,25.41,0.02,79.88,1.28
2024-12-25,25.35,0.01,84.09,1.06
2024-12-26,25.8,0.3,87.19,2.1
2024-12-27,25.18,2.37,89.28,2.79
2024-12-28,24.46,0.23,85.42,2.53
2024-12-29,24.74,0.51,87.06,2.89
2024-12-30,24.8,4.5,90.16,3.27
2024-12-31,24.86,1.28,87.96,3.78
2025-01-01,23.68,0.03,84.57,3.32
2025-01-02,23.19,0.0,84.35,2.75
2025-01-03,22.6,0.0,86.02,3.07
2025-01-04,22.44,0.0,84.25,2.29
2025-01-05,22.89,0.0,81.12,2.03
2025-01-06,22.44,0.0,82.2,1.93
2025-01-07,23.01,0.06,86.57,2.09
2025-01-08,22.54,0.01,84.37,2.29
2025-01-09,22.81,0.0,86.38,2.62
2025-01-10,23.8,0.05,86.66,3.03
2025-01-11,23.97,0.1,84.41,3.04
2025-01-12,24.32,0.56,85.99,3.04
2025-01-13,25.34,0.7,87.31,2.64
2025-01-14,24.51,1.18,85.7,3.06
2025-01-15,23.76,1.4,87.44,3.31
2025-01-16,23.21,0.03,86.61,2.87
2025-01-17,23.02,0.0,84.35,3.04
2025-01-18,22.94,9.54,89.4,3.14
2025-01-19,24.26,7.4,90.67,2.8
2025-01-20,24.14,0.5,84.05,2.89
2025-01-21,23.1,0.01,83.75,2.5
2025-01-22,23.87,0.07,84.14,2.71
2025-01-23,23.81,0.2,83.41,2.47
2025-01-24,23.11,0.0,83.2,2.52
2025-01-25,23.73,0.0,81.83,2.76
2025-01-26,22.94,0.0,81.06,2.84
2025-01-27,23.4,0.0,78.46,2.28
2025-01-28,23.54,0.0,75.27,2.22
2025-01-29,23.73,0.0,75.27,2.69
2025-01-30,24.25,0.12,83.59,2.4
2025-01-31,25.62,0.11,85.54,2.19
2025-02-01,26.26,0.31,82.37,2.37
2025-02-02,25.83,0.06,78.61,1.91
2025-02-03,24.79,0.0,77.16,1.73
2025-02-04,24.0,0.0,76.99,2.07
2025-02-05,24.35,0.0,79.25,2.15
2025-02-06,24.55,0.0,77.65,2.15
2025-02-07,24.18,0.0,75.44,2.1
2025-02-08,24.77,0.0,78.02,2.33
2025-02-09,25.15,0.0,77.27,2.44
2025-02-10,25.17,0.0,73.58,2.43
2025-02-11,25.0,0.0,73.26,1.97
2025-02-12,25.14,0.0,74.5,2.18
2025-02-13,24.79,0.0,71.56,1.93
2025-02-14,24.85,0.0,68.8,1.56
2025-02-15,25.59,0.0,68.78,1.8
2025-02-16,25.63,0.0,69.95,2.19
2025-02-17,25.56,0.0,70.23,2.06
2025-02-18,25.53,0.0,70.94,2.09
2025-02-19,25.95,0.0,70.18,1.89
2025-02-20,26.21,0.0,70.25,2.03
2025-02-21,26.47,0.0,69.48,2.36
2025-02-22,26.98,0.0,68.06,2.2
2025-02-23,27.1,0.0,67.22,2.33
2025-02-24,26.97,0.0,68.63,2.67
2025-02-25,27.12,0.51,69.92,3.34
2025-02-26,27.51,1.19,70.3,3.89
2025-02-27,27.35,1.51,69.78,3.71
2025-02-28,26.61,8.46,77.45,3.52
2025-03-01,27.66,7.64,77.52,3.45
2025-03-02,28.32,0.46,72.4,2.76
2025-03-03,28.43,0.0,69.33,2.1
2025-03-04,28.21,0.0,64.15,1.94
2025-03-05,27.5,0.0,61.17,1.51
2025-03-06,28.55,0.0,59.33,1.65
2025-03-07,28.86,0.0,61.81,1.51
2025-03-08,28.88,0.0,60.51,1.65
2025-03-09,27.44,0.0,59.57,2.31
2025-03-10,27.66,0.11,66.58,3.32
2025-03-11,27.06,18.32,81.69,3.86
2025-03-12,26.47,14.26,84.84,1.59
2025-03-13,28.43,1.49,70.87,1.74
2025-03-14,28.59,0.0,66.71,1.65
2025-03-15,29.02,0.0,63.4,1.64
2025-03-16,28.92,0.03,69.64,1.82
2025-03-17,29.93,0.12,66.36,1.4
2025-03-18,29.97,0.1,66.47,2.0
2025-03-19,29.53,0.09,66.65,2.35
2025-03-20,29.51,0.04,64.94,2.49
2025-03-21,29.77,0.18,66.73,2.51
2025-03-22,29.87,0.17,67.99,2.4
2025-03-23,28.74,2.05,72.21,2.03
2025-03-24,29.49,0.3,67.23,2.39
2025-03-25,29.17,0.21,62.31,1.95
2025-03-26,29.34,0.03,60.57,1.65
2025-03-27,30.46,0.0,55.83,1.61
2025-03-28,30.22,0.0,56.73,1.74
2025-03-29,29.57,0.0,53.25,2.04
2025-03-30,29.19,0.0,52.79,1.91
2025-03-31,29.62,0.0,59.92,2.28
2025-04-01,29.65,0.01,58.44,2.05
2025-04-02,29.84,2.88,60.51,2.31
2025-04-03,28.02,19.63,73.65,1.7
2025-04-04,29.98,0.33,57.46,1.9
2025-04-05,30.22,2.29,62.27,1.55
2025-04-06,29.71,6.44,68.38,1.14
2025-04-07,28.65,7.32,75.63,1.05
2025-04-08,29.85,0.0,66.18,1.28
2025-04-09,29.46,0.0,64.71,1.51
2025-04-10,30.61,0.0,61.84,2.0
2025-04-11,30.63,7.02,64.08,1.81
2025-04-12,30.14,3.37,66.35,1.99
2025-04-13,31.53,0.16,59.48,1.79
2025-04-14,31.23,0.56,60.66,1.87
2025-04-15,29.44,3.65,68.14,1.43
2025-04-16,31.06,0.06,61.98,1.71
2025-04-17,30.73,0.06,64.99,1.64
2025-04-18,31.53,0.02,63.6,1.89
2025-04-19,31.91,0.0,60.92,1.77
2025-04-20,30.57,0.08,66.17,1.12
2025-04-21,30.46,0.13,66.27,1.34
2025-04-22,30.82,0.21,62.92,1.68
2025-04-23,30.23,0.18,63.59,1.37
2025-04-24,31.65,0.0,61.76,1.96
2025-04-25,31.33,0.01,67.08,2.09
2025-04-26,29.99,0.95,72.82,2.2
2025-04-27,29.16,5.03,77.89,1.61
2025-04-28,29.3,3.49,71.63,1.79
2025-04-29,30.2,1.96,68.48,2.12
2025-04-30,30.12,0.15,70.34,2.61
2025-05-01,30.43,0.0,67.33,2.58
2025-05-02,31.11,0.05,66.43,2.22
2025-05-03,31.03,0.08,68.26,1.86
2025-05-04,31.12,1.76,64.95,1.35
2025-05-05,29.46,7.1,76.41,1.35
2025-05-06,31.06,1.62,64.65,1.43
2025-05-07,30.32,3.92,67.49,1.02
2025-05-08,30.83,1.33,63.09,1.5
2025-05-09,31.05,0.35,63.22,1.56
2025-05-10,31.59,0.49,60.51,1.66
2025-05-11,31.8,0.66,62.29,1.41
2025-05-12,32.45,0.09,57.43,1.96
2025-05-13,31.62,0.87,64.58,1.26
2025-05-14,30.48,6.72,70.1,2.07
2025-05-15,30.45,10.27,69.18,1.87
2025-05-16,31.19,2.15,64.32,2.14
2025-05-17,28.79,15.34,70.24,2.34
2025-05-18,27.33,34.37,80.14,1.82
2025-05-19,29.17,12.29,73.36,1.99
2025-05-20,28.78,1.53,75.19,2.03
2025-05-21,29.93,0.75,63.08,2.76
2025-05-22,30.78,0.16,63.38,1.53
2025-05-23,30.3,3.95,68.73,2.32
2025-05-24,30.17,2.5,65.32,3.67
2025-05-25,29.3,0.63,70.15,3.74
2025-05-26,30.17,1.11,64.42,4.91
2025-05-27,29.94,0.44,69.96,4.56
2025-05-28,30.97,0.1,63.99,5.51
2025-05-29,30.37,1.1,61.68,5.41
2025-05-30,28.84,0.53,63.47,4.74
2025-05-31,30.49,0.01,59.04,3.54
2025-06-01,31.34,0.21,59.33,3.06
2025-06-02,30.94,0.13,64.13,2.44
2025-06-03,30.55,0.13,61.33,2.77
2025-06-04,30.24,0.76,60.85,2.77
2025-06-05,31.27,0.16,56.17,2.02
2025-06-06,31.15,0.69,64.38,1.76
2025-06-07,30.92,0.86,66.9,1.82
2025-06-08,31.35,0.36,62.52,1.8
2025-06-09,29.33,3.28,72.63,2.62
2025-06-10,30.24,2.1,66.46,2.78
2025-06-11,29.68,1.8,68.09,3.21
2025-06-12,30.45,0.75,63.77,3.4
2025-06-13,30.49,0.49,59.61,3.76
2025-06-14,29.68,1.8,64.15,3.93
2025-06-15,29.05,0.85,63.6,4.81
2025-06-16,30.13,0.06,57.85,4.96
2025-06-17,29.55,0.23,64.22,3.25
2025-06-18,30.6,0.5,62.85,2.67
2025-06-19,30.52,0.09,61.75,3.36
2025-06-20,30.1,0.33,63.72,2.95
2025-06-21,29.81,0.06,66.38,2.93
2025-06-22,30.15,4.33,65.37,3.14
2025-06-23,29.94,0.22,56.82,4.64
2025-06-24,30.33,0.01,57.18,4.5
2025-06-25,30.5,0.3,60.05,3.81
2025-06-26,30.2,0.03,60.92,3.66
2025-06-27,30.57,0.02,57.3,3.66
2025-06-28,30.32,1.11,59.9,3.47
2025-06-29,30.69,0.04,56.08,3.75
2025-06-30,30.15,0.0,60.96,3.34
2025-07-01,30.03,0.0,61.47,3.32
2025-07-02,30.56,0.04,56.26,3.97
2025-07-03,30.39,0.0,54.77,4.25
2025-07-04,29.95,0.0,56.17,3.55
2025-07-05,30.71,0.0,57.19,4.07
2025-07-06,31.22,0.01,55.87,4.68
2025-07-07,31.19,0.0,57.46,4.26
2025-07-08,31.58,0.0,55.49,3.89
2025-07-09,32.12,0.0,54.55,4.23
2025-07-10,32.04,0.05,54.33,3.49
2025-07-11,31.6,0.2,56.46,3.81
2025-07-12,31.41,0.28,56.51,4.17
2025-07-13,30.42,0.15,58.17,3.57
2025-07-14,30.94,0.0,52.12,4.7
2025-07-15,30.81,0.0,55.12,3.73
2025-07-16,31.12,2.11,56.18,3.67
2025-07-17,30.49,0.11,57.67,3.97
2025-07-18,30.33,0.09,59.79,2.97
2025-07-19,29.06,0.66,63.96,5.53
2025-07-20,28.91,0.04,59.81,4.55
2025-07-21,30.47,0.14,51.73,4.19
2025-07-22,31.33,0.08,53.59,4.22
2025-07-23,30.71,1.2,56.01,4.64
2025-07-24,31.17,0.1,51.05,5.46
2025-07-25,30.51,0.01,50.68,5.6
2025-07-26,29.74,0.11,57.27,4.76
2025-07-27,30.79,0.04,54.61,4.6
2025-07-28,31.58,0.0,49.87,4.62
2025-07-29,32.13,0.0,49.47,5.18
2025-07-30,32.31,0.0,50.22,4.74
2025-07-31,31.8,1.1,54.42,3.37
2025-08-01,30.71,3.21,59.28,3.03
2025-08-02,28.12,6.73,76.48,2.05
2025-08-03,28.1,3.04,75.56,1.73
2025-08-04,29.22,4.09,71.3,1.76
2025-08-05,29.08,9.24,73.71,2.47
2025-08-06,29.27,6.53,68.53,2.92
2025-08-07,29.7,0.21,66.55,2.53
2025-08-08,28.58,4.74,72.66,1.65
2025-08-09,27.35,2.84,79.8,1.28
2025-08-10,27.47,19.85,79.62,1.8
2025-08-11,28.55,1.3,67.23,2.59
2025-08-12,29.03,0.42,61.91,2.73
2025-08-13,28.88,0.39,59.18,3.54
2025-08-14,29.14,0.33,60.06,3.48
2025-08-15,29.29,1.42,60.15,4.27
2025-08-16,28.65,0.22,65.3,3.93
2025-08-17,28.8,0.28,65.84,3.65
2025-08-18,29.19,0.01,62.91,4.05
2025-08-19,30.31,0.0,57.9,4.17
2025-08-20,29.25,0.0,60.72,2.51
2025-08-21,30.69,0.25,57.45,1.89
2025-08-22,29.72,4.45,67.4,1.18
2025-08-23,29.16,2.82,68.0,1.78
2025-08-24,29.51,4.15,70.04,1.57
2025-08-25,29.83,2.32,67.76,1.99
2025-08-26,31.21,0.23,59.62,2.47
2025-08-27,30.16,0.14,60.78,3.26
2025-08-28,29.22,0.19,65.67,3.49
2025-08-29,30.34,0.09,57.08,3.61
2025-08-30,30.27,1.79,61.11,2.88
2025-08-31,29.82,2.51,66.38,2.53
2025-09-01,30.09,0.56,62.96,3.27
2025-09-02,30.81,0.06,57.95,3.69
2025-09-03,29.43,0.01,63.16,2.83
2025-09-04,30.21,0.0,61.25,2.63
2025-09-05,31.08,0.76,58.36,2.15
2025-09-06,31.2,0.84,60.65,2.18
2025-09-07,28.02,8.8,76.27,2.24
2025-09-08,28.52,3.84,72.39,2.19
2025-09-09,29.75,3.65,69.29,1.52
2025-09-10,28.65,26.07,79.51,1.31
2025-09-11,28.19,7.99,77.85,1.03
2025-09-12,28.45,6.54,75.74,0.45
2025-09-13,28.98,0.22,69.79,1.32
2025-09-14,29.58,0.22,66.54,1.59
2025-09-15,30.08,1.87,65.58,1.62
2025-09-16,28.78,7.11,74.39,1.57
2025-09-17,27.8,13.97,81.3,1.29
2025-09-18,28.0,7.1,79.3,1.39
2025-09-19,27.71,7.58,75.17,1.57
2025-09-20,28.53,0.68,67.49,1.27
2025-09-21,29.49,0.68,67.93,1.64
2025-09-22,29.26,1.14,71.14,1.9
2025-09-23,29.48,0.34,68.86,2.38
2025-09-24,29.58,0.66,67.1,2.41
2025-09-25,28.75,11.75,71.38,2.3
2025-09-26,28.51,0.5,67.99,3.06
2025-09-27,28.65,0.2,62.98,3.67
2025-09-28,28.29,0.02,65.47,3.12
2025-09-29,29.09,0.0,67.69,2.76
2025-09-30,28.73,0.0,68.24,2.36
2025-10-01,30.41,0.0,61.06,2.29
2025-10-02,29.94,0.12,66.21,1.78
2025-10-03,27.67,3.63,76.35,1.41
2025-10-04,28.64,0.88,70.87,1.25
2025-10-05,28.83,8.2,71.6,1.34
2025-10-06,28.38,3.65,74.69,1.21
2025-10-07,28.23,3.71,74.43,0.68
2025-10-08,28.93,0.64,70.77,1.6
2025-10-09,28.01,6.63,78.6,1.75
2025-10-10,28.26,3.13,77.49,1.37
2025-10-11,29.06,3.0,73.79,1.89
2025-10-12,28.23,7.99,78.99,1.81
2025-10-13,28.35,3.25,75.91,1.91
2025-10-14,27.76,8.44,79.42,2.47
2025-10-15,26.86,10.69,85.46,1.91
2025-10-16,26.76,11.05,87.29,2.42
2025-10-17,26.75,15.07,90.63,2.86
2025-10-18,26.66,12.92,87.62,2.33
2025-10-19,26.21,5.42,88.97,2.37
2025-10-20,25.8,16.27,90.43,1.77
2025-10-21,25.58,28.62,90.92,1.53
2025-10-22,25.97,36.06,89.43,3.0
2025-10-23,26.44,2.56,87.91,1.84
2025-10-24,26.28,9.83,89.33,1.77
2025-10-25,27.23,4.81,83.96,0.65
2025-10-26,26.97,0.05,86.01,1.01
2025-10-27,26.56,0.26,85.36,1.77
2025-10-28,26.68,0.03,83.25,2.29
2025-10-29,27.09,0.01,83.53,1.85
2025-10-30,27.68,0.0,78.94,1.05
2025-10-31,28.12,0.0,78.49,0.91
2025-11-01,27.73,0.0,79.63,0.74
2025-11-02,28.02,0.0,78.95,1.14
2025-11-03,27.87,0.0,78.54,1.27
2025-11-04,27.46,0.0,79.98,1.31
2025-11-05,26.99,0.63,82.77,0.7
2025-11-06,27.07,5.96,81.76,1.01
2025-11-07,26.5,0.25,83.18,1.0
2025-11-08,26.12,2.65,83.36,1.5
2025-11-09,25.38,0.52,77.77,1.67
2025-11-10,26.22,0.3,80.16,1.23
2025-11-11,26.41,0.96,83.1,1.92
2025-11-12,26.35,0.43,82.72,2.57
2025-11-13,26.18,1.65,83.55,2.61
2025-11-14,25.34,0.31,80.86,2.91
2025-11-15,24.76,0.46,77.9,2.79
2025-11-16,24.98,3.2,86.12,3.12
2025-11-17,23.91,9.47,86.87,3.44
2025-11-18,24.34,14.05,88.95,2.84
2025-11-19,25.54,1.8,84.43,2.73
2025-11-20,25.35,1.49,81.62,2.9
2025-11-21,26.01,7.4,87.18,2.68
2025-11-22,25.61,8.26,91.47,2.44
2025-11-23,25.59,40.83,92.83,2.6
2025-11-24,24.94,30.21,93.45,2.56
2025-11-25,24.46,1.99,89.45,3.21
2025-11-26,23.75,0.46,89.05,3.41
2025-11-27,23.99,0.44,84.55,3.66
2025-11-28,22.62,10.71,88.88,3.74
2025-11-29,22.46,59.26,91.36,4.65
2025-11-30,23.49,5.35,90.62,3.7
2025-12-01,25.67,1.45,82.71,1.8
2025-12-02,24.79,14.96,87.74,1.06
2025-12-03,25.04,10.35,87.97,1.24
2025-12-04,25.6,2.15,86.48,1.46
2025-12-05,25.11,6.0,91.02,3.09
2025-12-06,24.97,4.64,88.76,2.91
2025-12-07,24.33,1.89,88.61,2.83
2025-12-08,23.73,0.13,86.09,2.86
2025-12-09,23.42,1.28,89.88,3.17
2025-12-10,23.31,1.27,86.68,3.16
2025-12-11,22.98,0.07,86.71,2.87
2025-12-12,23.08,0.45,86.49,3.06
2025-12-13,21.9,0.07,82.82,2.83
2025-12-14,20.99,0.0,83.21,2.4
2025-12-15,21.7,0.04,84.29,2.5
2025-12-16,24.07,6.27,88.74,3.26
2025-12-17,24.95,4.81,87.2,3.56
2025-12-18,22.0,0.01,86.48,2.87
2025-12-19,21.76,0.0,84.11,2.31
2025-12-20,21.24,0.0,81.17,1.93
2025-12-21,21.77,0.0,83.36,2.22
2025-12-22,21.8,0.0,82.89,2.29
2025-12-23,22.57,0.0,83.66,2.23
2025-12-24,22.42,0.0,81.14,2.1
2025-12-25,22.31,0.02,81.87,1.97
2025-12-26,23.52,0.04,83.58,2.53
2025-12-27,22.88,0.0,80.89,2.43
2025-12-28,23.3,0.0,83.24,2.22
2025-12-29,23.76,0.0,84.06,2.54
2025-12-30,23.98,0.0,82.29,1.92
2025-12-31,25.47,1.11,85.01,2.04
