Date,Temperature,Rainfall,Humidity,WindSpeed
2005-01-01,25.08,0.04,83.64,3.24
2005-01-02,24.97,0.04,82.42,3.51
2005-01-03,25.07,0.03,80.16,3.3
2005-01-04,24.73,0.0,80.45,3.96
2005-01-05,24.82,0.0,81.78,4.4
2005-01-06,24.24,0.0,77.38,4.06
2005-01-07,24.74,0.0,80.69,4.63
2005-01-08,25.11,0.0,79.62,4.26
2005-01-09,24.33,0.0,79.78,4.35
2005-01-10,24.3,0.0,77.25,3.45
2005-01-11,23.62,0.0,75.9,2.88
2005-01-12,23.69,0.0,79.92,3.06
2005-01-13,24.12,0.0,78.93,3.72
2005-01-14,24.16,0.0,75.6,3.98
2005-01-15,24.39,0.0,72.17,3.81
2005-01-16,24.66,0.0,76.07,3.62
2005-01-17,25.49,0.01,76.12,3.15
2005-01-18,26.06,0.9,79.74,2.88
2005-01-19,26.57,0.81,80.65,3.3
2005-01-20,26.61,1.28,79.48,4.84
2005-01-21,26.1,8.13,82.03,5.29
2005-01-22,25.95,8.96,82.83,4.56
2005-01-23,26.37,1.25,79.78,4.1
2005-01-24,25.88,0.31,84.12,3.23
2005-01-25,26.42,0.01,77.85,3.52
2005-01-26,26.21,0.0,76.23,3.64
2005-01-27,25.88,0.27,75.71,2.95
2005-01-28,25.92,0.11,75.42,2.39
2005-01-29,26.59,2.02,72.78,2.76
2005-01-30,26.44,1.86,76.11,2.86
2005-01-31,26.75,1.06,78.86,2.75
2005-02-01,27.13,0.21,78.26,3.24
2005-02-02,27.15,0.12,75.13,4.05
2005-02-03,27.21,0.13,72.21,3.98
2005-02-04,27.17,0.03,71.39,4.17
2005-02-05,27.15,0.0,69.8,3.72
2005-02-06,26.99,0.0,66.05,3.93
2005-02-07,26.34,0.0,68.62,4.05
2005-02-08,26.69,0.0,71.08,4.87
2005-02-09,26.65,0.0,68.74,5.36
2005-02-10,27.13,0.0,66.31,5.33
2005-02-11,27.1,0.0,65.36,5.04
2005-02-12,26.57,0.0,65.29,5.03
2005-02-13,26.73,0.0,65.01,4.62
2005-02-14,25.99,0.0,71.86,3.33
2005-02-15,26.52,0.0,68.09,1.87
2005-02-16,27.06,0.0,66.3,2.03
2005-02-17,27.04,0.0,68.0,1.95
2005-02-18,27.14,0.0,67.34,2.08
2005-02-19,27.16,0.0,69.33,2.62
2005-02-20,27.06,0.0,71.74,2.86
2005-02-21,27.91,0.29,69.65,2.75
2005-02-22,28.17,2.58,73.23,2.9
2005-02-23,28.8,0.48,71.27,3.49
2005-02-24,28.85,0.0,70.65,3.86
2005-02-25,28.31,0.0,68.24,3.4
2005-02-26,27.98,0.0,61.91,3.07
2005-02-27,27.78,0.0,63.57,3.45
2005-02-28,27.4,0.0,64.11,3.38
2005-03-01,27.08,0.0,71.52,3.26
2005-03-02,28.12,0.0,66.83,3.51
2005-03-03,28.16,0.0,67.83,3.34
2005-03-04,28.84,0.1,68.69,3.13
2005-03-05,29.08,3.03,72.46,3.23
2005-03-06,28.87,2.41,71.66,3.28
2005-03-07,28.72,0.95,72.21,3.26
2005-03-08,28.74,0.0,68.7,3.14
2005-03-09,28.36,0.01,73.08,3.18
2005-03-10,28.53,0.74,70.22,2.32
2005-03-11,28.43,3.98,72.52,2.05
2005-03-12,29.23,2.04,68.27,2.23
2005-03-13,29.52,3.86,68.12,2.27
2005-03-14,28.9,2.42,70.25,2.99
2005-03-15,29.0,0.0,64.69,3.46
2005-03-16,28.92,0.0,61.86,3.46
2005-03-17,28.11,0.0,64.61,4.02
2005-03-18,28.49,1.13,68.95,3.26
2005-03-19,28.84,9.84,70.72,3.32
2005-03-20,29.63,0.05,65.81,3.01
2005-03-21,29.93,0.03,63.62,2.61
2005-03-22,30.32,0.0,59.94,2.38
2005-03-23,30.77,0.0,61.82,2.96
2005-03-24,31.02,0.6,63.6,3.39
2005-03-25,31.06,0.7,62.56,3.38
2005-03-26,31.23,0.0,59.51,2.54
2005-03-27,31.24,0.04,60.21,2.66
2005-03-28,30.95,0.02,60.08,2.81
2005-03-29,31.79,0.0,61.53,3.4
2005-03-30,31.43,1.67,62.92,3.58
2005-03-31,31.08,0.47,62.92,2.76
2005-04-01,31.25,0.01,63.23,2.95
2005-04-02,29.58,12.41,73.59,2.96
2005-04-03,27.6,23.13,85.89,3.64
2005-04-04,26.53,37.01,89.97,4.04
2005-04-05,27.12,18.81,86.78,2.92
2005-04-06,27.0,23.37,85.49,1.68
2005-04-07,27.1,16.17,88.18,2.85
2005-04-08,27.34,1.6,84.61,2.8
2005-04-09,27.79,0.05,84.14,2.87
2005-04-10,28.2,0.56,83.05,2.83
2005-04-11,28.29,3.05,85.18,3.56
2005-04-12,28.3,0.62,84.01,2.96
2005-04-13,28.02,0.9,82.66,2.19
2005-04-14,28.14,0.13,79.7,1.47
2005-04-15,28.64,0.27,77.57,1.71
2005-04-16,28.81,3.33,76.31,1.57
2005-04-17,28.94,1.83,75.55,2.17
2005-04-18,28.74,1.8,79.31,2.26
2005-04-19,28.46,5.91,81.19,1.8
2005-04-20,28.25,22.67,81.81,2.1
2005-04-21,27.86,8.19,79.02,1.61
2005-04-22,27.97,5.39,77.99,1.53
2005-04-23,28.32,0.95,78.13,1.42
2005-04-24,28.4,0.55,80.94,1.68
2005-04-25,28.47,2.0,80.04,1.2
2005-04-26,29.55,0.28,72.44,1.66
2005-04-27,29.44,0.18,76.84,2.18
2005-04-28,29.79,0.09,76.76,2.44
2005-04-29,30.32,0.02,75.49,2.56
2005-04-30,29.67,17.94,81.54,3.06
2005-05-01,29.73,5.26,78.14,2.7
2005-05-02,28.49,19.96,85.56,1.95
2005-05-03,28.91,8.32,82.65,2.68
2005-05-04,28.35,2.14,83.26,2.48
2005-05-05,28.64,0.07,78.45,2.43
2005-05-06,29.11,0.35,76.89,2.89
2005-05-07,28.86,0.29,78.92,3.32
2005-05-08,29.82,0.0,74.0,2.41
2005-05-09,29.99,0.02,74.06,3.93
2005-05-10,29.65,0.0,69.65,3.36
2005-05-11,30.0,0.03,70.68,3.98
2005-05-12,29.73,0.12,76.41,4.37
2005-05-13,29.85,0.01,75.99,4.14
2005-05-14,28.99,0.56,82.9,4.28
2005-05-15,29.44,0.67,80.0,4.85
2005-05-16,29.14,0.05,78.98,4.21
2005-05-17,30.41,0.0,70.09,4.19
2005-05-18,30.73,0.0,68.26,4.01
2005-05-19,30.9,0.0,71.51,4.2
2005-05-20,30.69,0.03,73.51,4.64
2005-05-21,30.54,0.04,73.01,4.45
2005-05-22,30.89,0.19,72.52,3.83
2005-05-23,30.63,0.04,72.22,4.26
2005-05-24,30.78,0.0,71.99,4.09
2005-05-25,29.89,0.05,76.32,3.58
2005-05-26,29.84,14.62,77.56,3.16
2005-05-27,29.75,3.25,76.92,2.86
2005-05-28,29.07,1.26,74.27,2.03
2005-05-29,28.79,22.84,78.38,2.6
2005-05-30,28.53,3.16,79.82,3.96
2005-05-31,28.9,1.03,77.57,5.51
2005-06-01,29.3,0.39,77.94,5.73
2005-06-02,29.45,0.06,77.71,5.85
2005-06-03,29.14,0.02,80.54,3.97
2005-06-04,28.64,3.0,83.61,3.61
2005-06-05,28.21,5.24,83.32,4.41
2005-06-06,28.04,0.84,83.5,4.34
2005-06-07,28.32,1.76,82.93,4.84
2005-06-08,29.17,2.07,82.89,5.81
2005-06-09,28.41,11.21,84.43,6.58
2005-06-10,28.72,3.95,79.26,5.77
2005-06-11,28.65,0.97,82.08,5.22
2005-06-12,29.22,1.46,78.17,5.11
2005-06-13,28.49,1.51,79.67,5.56
2005-06-14,29.22,0.08,73.61,4.03
2005-06-15,29.26,1.34,72.71,5.07
2005-06-16,28.41,6.92,80.4,5.39
2005-06-17,28.02,2.05,81.52,5.7
2005-06-18,27.88,0.87,78.45,5.11
2005-06-19,27.63,6.22,82.21,5.77
2005-06-20,27.32,4.47,84.79,5.49
2005-06-21,27.32,0.89,82.47,5.12
2005-06-22,28.11,0.25,76.58,4.3
2005-06-23,28.96,0.0,72.71,3.73
2005-06-24,29.28,1.0,73.11,4.2
2005-06-25,28.73,3.79,79.24,4.85
2005-06-26,28.35,1.0,79.38,5.3
2005-06-27,28.42,0.16,77.85,5.05
2005-06-28,28.59,0.14,75.52,4.85
2005-06-29,27.72,0.26,77.74,5.12
2005-06-30,28.34,2.91,77.11,5.16
2005-07-01,28.26,3.52,80.17,4.81
2005-07-02,28.11,0.65,80.24,4.32
2005-07-03,28.23,1.53,78.94,4.39
2005-07-04,27.96,2.24,81.48,4.57
2005-07-05,27.92,0.63,81.15,5.25
2005-07-06,27.95,0.15,77.32,5.24
2005-07-07,28.83,0.03,70.05,4.78
2005-07-08,28.16,1.1,78.58,5.1
2005-07-09,28.32,2.76,77.61,5.36
2005-07-10,26.9,5.49,83.48,5.47
2005-07-11,27.91,1.11,76.7,5.26
2005-07-12,28.03,0.01,76.04,3.23
2005-07-13,28.12,1.51,76.31,2.97
2005-07-14,28.25,9.87,76.98,2.62
2005-07-15,27.41,2.52,80.96,2.94
2005-07-16,27.89,1.87,79.61,3.29
2005-07-17,27.78,1.24,78.72,4.63
2005-07-18,28.36,0.19,76.3,3.98
2005-07-19,28.62,0.06,76.03,3.28
2005-07-20,28.19,0.39,77.21,3.4
2005-07-21,28.38,0.01,74.93,3.9
2005-07-22,28.37,1.25,76.86,4.64
2005-07-23,27.94,1.48,78.86,5.92
2005-07-24,28.33,0.23,75.65,6.11
2005-07-25,28.26,0.28,74.88,6.37
2005-07-26,28.32,2.53,74.85,7.19
2005-07-27,27.78,5.42,80.19,6.23
2005-07-28,27.88,5.93,80.5,5.55
2005-07-29,27.14,8.97,83.7,4.93
2005-07-30,27.17,4.26,78.94,6.07
2005-07-31,27.9,3.83,77.5,5.92
2005-08-01,27.71,3.36,79.46,6.13
2005-08-02,28.02,0.87,75.27,5.17
2005-08-03,28.1,0.13,71.28,4.87
2005-08-04,28.39,0.14,74.07,5.02
2005-08-05,28.92,0.07,70.14,4.41
2005-08-06,29.29,0.0,66.83,3.97
2005-08-07,29.66,0.0,66.75,3.98
2005-08-08,29.41,0.0,67.89,4.27
2005-08-09,28.67,0.13,72.09,4.23
2005-08-10,29.24,0.08,70.87,4.39
2005-08-11,29.2,0.54,70.71,3.48
2005-08-12,29.56,0.08,66.23,3.95
2005-08-13,29.53,0.15,66.55,3.69
2005-08-14,29.05,0.27,70.16,4.99
2005-08-15,29.47,0.31,68.86,5.04
2005-08-16,29.16,0.16,68.42,4.52
2005-08-17,29.1,0.0,68.71,3.79
2005-08-18,29.65,0.0,63.98,3.44
2005-08-19,29.08,0.03,68.1,3.83
2005-08-20,29.1,0.0,66.65,3.77
2005-08-21,29.49,0.28,65.48,3.26
2005-08-22,29.36,0.2,66.8,2.92
2005-08-23,28.97,0.77,71.65,3.91
2005-08-24,29.03,0.25,69.53,4.41
2005-08-25,28.71,10.71,72.09,3.61
2005-08-26,28.55,6.41,73.72,2.66
2005-08-27,28.34,2.41,75.56,2.57
2005-08-28,29.2,0.07,71.33,3.51
2005-08-29,29.63,0.05,69.55,4.48
2005-08-30,30.13,1.19,67.06,3.09
2005-08-31,29.43,7.01,73.1,3.83
2005-09-01,29.66,1.08,70.95,3.6
2005-09-02,28.31,25.58,80.87,3.5
2005-09-03,27.84,5.71,84.67,3.62
2005-09-04,27.71,16.5,84.72,4.45
2005-09-05,27.16,5.63,82.41,4.92
2005-09-06,27.02,2.45,82.59,4.67
2005-09-07,26.94,3.59,82.74,4.6
2005-09-08,27.7,0.28,79.04,5.86
2005-09-09,28.2,0.14,77.62,5.11
2005-09-10,27.47,5.63,82.7,5.49
2005-09-11,27.18,5.77,81.75,5.5
2005-09-12,27.23,0.7,81.76,5.14
2005-09-13,27.35,0.38,81.34,4.57
2005-09-14,27.69,0.09,81.49,4.21
2005-09-15,27.34,16.88,82.99,3.42
2005-09-16,27.64,0.74,81.31,4.07
2005-09-17,28.41,0.0,76.8,3.65
2005-09-18,28.69,0.0,73.51,3.79
2005-09-19,27.94,0.57,74.31,5.36
2005-09-20,28.24,0.8,75.89,5.89
2005-09-21,28.09,0.25,76.98,5.1
2005-09-22,28.79,0.12,74.55,4.2
2005-09-23,28.62,0.01,75.62,4.26
2005-09-24,28.82,0.23,72.55,4.03
2005-09-25,28.88,0.74,72.62,3.43
2005-09-26,28.74,0.05,72.87,2.95
2005-09-27,29.17,0.0,69.45,2.86
2005-09-28,28.55,5.13,72.82,2.76
2005-09-29,29.29,0.3,69.9,3.66
2005-09-30,29.41,0.03,67.89,3.36
2005-10-01,29.07,0.04,67.27,2.65
2005-10-02,28.57,2.38,72.6,1.83
2005-10-03,28.83,0.91,72.77,2.12
2005-10-04,28.83,11.59,74.24,1.48
2005-10-05,28.78,2.31,72.57,1.86
2005-10-06,29.3,0.03,70.61,1.92
2005-10-07,28.93,1.01,74.02,1.58
2005-10-08,28.38,30.88,78.55,2.06
2005-10-09,27.06,4.66,80.56,2.82
2005-10-10,27.75,10.87,79.75,1.91
2005-10-11,26.28,22.1,86.31,2.03
2005-10-12,26.87,15.6,87.21,3.43
2005-10-13,26.92,2.65,83.41,5.01
2005-10-14,27.56,0.67,82.16,4.26
2005-10-15,27.69,0.23,83.49,3.18
2005-10-16,28.14,0.01,78.11,2.39
2005-10-17,27.85,0.05,81.3,2.26
2005-10-18,27.2,13.63,82.76,2.34
2005-10-19,26.77,3.76,82.65,3.39
2005-10-20,27.73,0.31,78.72,2.45
2005-10-21,27.41,54.78,84.75,1.9
2005-10-22,26.87,43.73,90.0,2.45
2005-10-23,26.9,5.8,87.2,3.31
2005-10-24,26.35,41.85,88.68,2.6
2005-10-25,25.92,37.69,90.4,2.14
2005-10-26,26.53,8.52,84.85,1.98
2005-10-27,26.74,0.72,84.33,3.27
2005-10-28,27.07,0.1,84.81,4.27
2005-10-29,27.57,1.79,83.46,3.1
2005-10-30,27.67,6.67,84.96,3.43
2005-10-31,27.49,1.59,84.75,3.2
2005-11-01,26.87,4.37,86.63,2.09
2005-11-02,26.43,5.0,87.2,1.55
2005-11-03,25.52,2.96,88.86,3.3
2005-11-04,25.58,18.4,90.44,3.58
2005-11-05,25.72,22.2,89.72,4.49
2005-11-06,25.83,33.45,91.04,4.48
2005-11-07,25.33,22.6,91.25,5.63
2005-11-08,25.72,19.17,91.63,4.35
2005-11-09,25.5,9.05,89.72,4.21
2005-11-10,25.37,2.3,90.72,3.02
2005-11-11,25.43,9.95,89.36,2.04
2005-11-12,25.81,31.32,91.65,2.15
2005-11-13,22.97,40.12,90.31,3.66
2005-11-14,24.34,1.53,83.44,2.65
2005-11-15,24.91,0.0,86.09,3.21
2005-11-16,23.94,0.0,83.1,3.86
2005-11-17,23.54,0.02,79.6,3.68
2005-11-18,24.09,0.16,81.08,3.47
2005-11-19,23.82,8.94,87.01,3.76
2005-11-20,24.14,6.21,90.02,4.22
2005-11-21,24.39,23.7,92.32,4.82
2005-11-22,25.99,40.85,92.88,4.99
2005-11-23,25.89,73.46,91.99,1.99
2005-11-24,25.25,71.1,92.28,3.04
2005-11-25,25.41,13.72,88.45,2.98
2005-11-26,25.44,2.78,87.96,3.48
2005-11-27,25.52,1.63,89.1,3.33
2005-11-28,24.64,0.53,88.79,4.27
2005-11-29,22.98,0.09,85.92,3.64
2005-11-30,23.98,5.24,80.06,2.24
2005-12-01,25.03,0.17,79.81,1.29
2005-12-02,26.05,5.34,83.23,1.21
2005-12-03,26.01,20.62,89.01,2.01
2005-12-04,26.36,10.5,87.78,1.62
2005-12-05,25.78,3.05,89.06,3.37
2005-12-06,25.28,0.54,87.81,3.92
2005-12-07,24.56,0.0,86.11,3.93
2005-12-08,23.39,0.0,81.27,3.98
2005-12-09,24.71,6.32,81.28,3.72
2005-12-10,24.63,39.81,88.91,4.61
2005-12-11,25.09,18.89,91.68,2.72
2005-12-12,25.14,5.84,93.2,3.12
2005-12-13,25.72,5.44,91.58,3.72
2005-12-14,25.39,1.79,89.09,4.31
2005-12-15,24.45,0.76,88.62,4.63
2005-12-16,23.77,0.02,87.03,4.98
2005-12-17,24.02,0.63,89.33,4.67
2005-12-18,24.96,1.89,90.05,3.76
2005-12-19,25.44,0.13,86.59,2.56
2005-12-20,26.0,0.07,84.25,2.02
2005-12-21,26.21,0.1,85.41,2.18
2005-12-22,26.01,0.86,84.83,1.7
2005-12-23,25.84,3.25,84.95,1.53
2005-12-24,25.57,0.0,84.22,2.38
2005-12-25,24.97,0.0,84.35,3.02
2005-12-26,24.48,0.0,81.32,3.74
2005-12-27,23.87,0.0,77.76,3.56
2005-12-28,23.98,0.03,79.8,3.13
2005-12-29,24.18,0.04,83.99,3.39
2005-12-30,23.7,0.0,78.86,3.56
2005-12-31,24.03,0.05,80.48,4.02
2006-01-01,23.83,0.04,82.27,4.57
2006-01-02,23.87,0.09,82.82,4.18
2006-01-03,23.89,0.02,86.31,3.98
2006-01-04,24.55,0.47,86.88,4.08
2006-01-05,24.68,2.83,88.77,4.34
2006-01-06,24.61,0.03,85.83,4.45
2006-01-07,24.93,2.78,90.21,4.18
2006-01-08,24.92,10.31,92.05,4.26
2006-01-09,25.17,1.35,90.45,3.89
2006-01-10,25.38,0.03,86.3,4.59
2006-01-11,24.19,0.25,85.85,4.48
2006-01-12,24.49,0.86,88.57,4.72
2006-01-13,24.22,1.07,89.07,4.71
2006-01-14,24.69,3.09,91.68,3.31
2006-01-15,25.26,0.6,89.86,3.36
2006-01-16,25.19,4.32,88.65,3.37
2006-01-17,25.12,0.22,86.85,3.24
2006-01-18,24.11,0.0,82.92,3.35
2006-01-19,23.22,0.0,83.27,3.03
2006-01-20,22.6,0.0,82.31,2.64
2006-01-21,22.69,0.0,82.97,2.38
2006-01-22,23.4,0.0,80.58,2.44
2006-01-23,23.59,0.0,71.94,1.59
2006-01-24,24.16,0.0,65.81,1.28
2006-01-25,24.33,0.0,77.43,2.78
2006-01-26,23.98,0.0,79.71,3.94
2006-01-27,24.57,0.2,82.29,4.85
2006-01-28,24.36,0.02,80.87,5.04
2006-01-29,23.5,0.0,75.35,4.45
2006-01-30,23.68,0.0,73.01,3.65
2006-01-31,24.17,0.0,76.63,4.35
2006-02-01,24.28,0.0,76.61,4.34
2006-02-02,24.87,0.0,78.0,4.13
2006-02-03,25.33,0.45,82.48,4.45
2006-02-04,25.51,1.48,83.92,4.82
2006-02-05,25.92,0.13,80.7,4.46
2006-02-06,25.12,0.0,78.03,4.4
2006-02-07,23.91,0.0,73.78,4.17
2006-02-08,24.21,0.0,74.52,4.52
2006-02-09,25.17,0.02,79.22,4.36
2006-02-10,25.79,0.03,77.54,4.59
2006-02-11,25.7,0.0,76.94,4.44
2006-02-12,25.94,0.0,72.9,4.48
2006-02-13,24.68,0.0,73.97,4.01
2006-02-14,24.57,0.0,74.03,3.08
2006-02-15,25.91,0.0,72.75,2.99
2006-02-16,25.97,0.0,72.92,2.47
2006-02-17,26.39,0.0,71.66,2.36
2006-02-18,26.52,0.0,72.43,2.79
2006-02-19,26.44,0.0,73.8,3.12
2006-02-20,26.09,0.0,71.27,3.46
2006-02-21,26.08,0.0,70.56,3.32
2006-02-22,25.9,0.0,67.96,3.14
2006-02-23,26.43,0.0,68.05,3.45
2006-02-24,26.7,0.0,69.46,3.58
2006-02-25,27.63,0.0,67.7,3.19
2006-02-26,27.64,0.0,72.48,3.1
2006-02-27,27.95,0.0,74.81,2.79
2006-02-28,28.83,0.0,71.99,2.63
2006-03-01,28.91,0.0,71.85,2.72
2006-03-02,28.65,8.5,76.96,3.2
2006-03-03,27.12,25.55,85.36,1.78
2006-03-04,26.96,8.17,82.58,2.18
2006-03-05,28.08,1.0,78.09,3.19
2006-03-06,27.91,4.31,78.42,2.71
2006-03-07,27.51,0.65,78.24,2.31
2006-03-08,27.7,1.04,76.9,2.92
2006-03-09,27.29,2.04,80.67,2.49
2006-03-10,27.58,1.62,78.17,2.45
2006-03-11,27.78,11.71,78.99,1.81
2006-03-12,26.99,3.85,83.79,2.03
2006-03-13,27.98,0.02,76.39,1.67
2006-03-14,28.03,0.01,71.27,1.99
2006-03-15,28.42,0.02,68.98,2.12
2006-03-16,28.49,0.01,69.4,1.26
2006-03-17,28.99,0.0,65.58,2.12
2006-03-18,29.11,0.0,63.4,2.92
2006-03-19,28.78,0.0,69.6,4.09
2006-03-20,28.79,0.0,66.33,3.8
2006-03-21,27.98,0.0,64.87,3.47
2006-03-22,28.72,0.01,53.61,1.97
2006-03-23,28.92,0.0,63.82,2.29
2006-03-24,29.49,0.05,66.23,2.48
2006-03-25,29.76,0.0,65.75,2.55
2006-03-26,29.98,0.78,62.21,2.83
2006-03-27,30.25,0.13,61.99,3.05
2006-03-28,29.9,0.0,63.26,2.5
2006-03-29,29.68,0.03,67.0,2.34
2006-03-30,29.51,0.49,68.15,2.78
2006-03-31,29.93,0.3,65.03,2.4
2006-04-01,29.98,0.01,60.68,2.09
2006-04-02,29.64,0.0,57.88,1.85
2006-04-03,29.97,0.0,57.16,2.09
2006-04-04,30.02,0.0,63.16,2.52
2006-04-05,30.15,0.0,68.21,3.25
2006-04-06,30.51,0.0,65.97,3.72
2006-04-07,30.96,0.0,63.48,3.59
2006-04-08,30.55,0.0,63.23,3.34
2006-04-09,30.55,0.03,64.51,3.43
2006-04-10,30.47,0.15,60.8,3.0
2006-04-11,30.72,0.31,63.81,3.35
2006-04-12,31.25,0.06,63.7,3.65
2006-04-13,30.6,0.71,67.33,3.84
2006-04-14,29.11,2.88,74.65,3.13
2006-04-15,29.39,1.67,69.6,1.88
2006-04-16,29.43,0.32,69.85,3.51
2006-04-17,29.09,23.5,74.1,3.27
2006-04-18,28.43,7.62,76.19,2.86
2006-04-19,29.81,0.09,68.27,3.17
2006-04-20,29.69,0.85,68.09,2.37
2006-04-21,30.11,1.89,64.03,1.91
2006-04-22,30.66,0.4,58.85,2.17
2006-04-23,31.23,0.01,57.49,2.36
2006-04-24,30.88,0.0,61.46,2.51
2006-04-25,31.14,0.08,64.5,3.03
2006-04-26,31.49,0.02,63.69,3.0
2006-04-27,31.52,0.0,64.13,4.6
2006-04-28,31.59,0.0,64.69,5.0
2006-04-29,31.44,0.0,63.65,3.48
2006-04-30,31.69,0.0,62.61,4.27
2006-05-01,31.87,0.0,62.68,4.99
2006-05-02,31.69,0.01,64.21,4.55
2006-05-03,31.13,0.38,67.42,3.05
2006-05-04,29.91,0.3,73.29,2.37
2006-05-05,29.51,0.05,76.35,3.63
2006-05-06,30.13,0.01,70.37,3.62
2006-05-07,30.59,0.04,68.1,4.28
2006-05-08,29.88,0.07,73.25,3.7
2006-05-09,29.2,0.02,76.03,3.24
2006-05-10,29.34,0.48,76.05,3.18
2006-05-11,30.48,0.32,70.76,4.41
2006-05-12,30.93,0.09,67.99,4.88
2006-05-13,31.14,0.0,65.55,4.21
2006-05-14,30.92,0.04,67.35,3.6
2006-05-15,31.19,0.39,63.57,4.34
2006-05-16,29.93,14.64,74.69,4.56
2006-05-17,29.9,0.71,71.75,4.79
2006-05-18,28.71,20.97,77.06,5.24
2006-05-19,27.96,10.6,78.6,4.77
2006-05-20,29.68,0.01,68.68,5.0
2006-05-21,29.69,0.81,69.69,4.71
2006-05-22,30.44,1.65,67.02,4.47
2006-05-23,29.11,8.88,75.71,5.67
2006-05-24,29.43,3.39,72.74,4.27
2006-05-25,29.1,1.51,73.39,4.84
2006-05-26,28.53,9.11,75.36,4.31
2006-05-27,28.08,3.92,77.0,5.65
2006-05-28,27.57,6.88,83.19,6.2
2006-05-29,27.81,8.08,80.16,6.77
2006-05-30,28.03,12.07,82.83,6.53
2006-05-31,27.74,6.33,79.26,6.36
2006-06-01,28.7,0.15,74.1,4.65
2006-06-02,28.21,1.34,79.54,4.0
2006-06-03,28.72,0.28,76.94,3.54
2006-06-04,28.64,0.24,73.79,3.28
2006-06-05,28.28,1.3,75.73,4.57
2006-06-06,28.49,0.2,74.81,3.71
2006-06-07,28.23,0.0,74.25,4.5
2006-06-08,29.19,0.0,70.13,3.72
2006-06-09,28.62,0.14,74.41,4.75
2006-06-10,28.58,0.01,74.34,5.18
2006-06-11,29.23,0.0,70.29,4.75
2006-06-12,29.65,0.0,68.44,4.35
2006-06-13,30.02,0.09,67.15,4.11
2006-06-14,30.2,0.02,65.27,3.64
2006-06-15,30.25,0.25,68.5,3.49
2006-06-16,29.44,3.28,72.58,2.67
2006-06-17,29.93,0.02,66.81,3.8
2006-06-18,29.83,0.16,68.8,3.44
2006-06-19,29.49,0.06,71.61,4.49
2006-06-20,28.26,7.97,78.05,3.36
2006-06-21,28.19,11.82,80.65,4.11
2006-06-22,27.89,10.31,82.98,5.21
2006-06-23,28.0,10.78,79.81,6.38
2006-06-24,28.25,3.65,78.61,5.54
2006-06-25,28.66,0.67,72.6,4.8
2006-06-26,28.64,0.39,73.68,3.63
2006-06-27,29.01,0.13,75.34,3.72
2006-06-28,28.62,0.96,75.51,3.81
2006-06-29,27.72,2.96,77.53,4.72
2006-06-30,28.83,0.52,73.41,4.43
2006-07-01,28.86,0.45,71.73,5.17
2006-07-02,28.19,1.44,75.82,5.4
2006-07-03,27.77,5.4,76.53,6.6
2006-07-04,27.65,9.26,78.51,6.37
2006-07-05,27.93,2.81,78.6,4.91
2006-07-06,28.37,1.72,75.73,3.77
2006-07-07,28.98,0.84,71.41,3.48
2006-07-08,29.66,0.05,70.87,3.93
2006-07-09,29.3,0.08,70.59,4.02
2006-07-10,28.84,5.67,74.16,4.13
2006-07-11,28.24,1.69,77.06,4.83
2006-07-12,27.35,4.67,78.66,5.45
2006-07-13,27.71,0.59,75.06,5.25
2006-07-14,27.61,0.22,77.21,4.35
2006-07-15,28.39,0.31,75.35,4.68
2006-07-16,29.01,0.1,71.27,4.77
2006-07-17,28.49,0.46,74.31,5.25
2006-07-18,28.13,0.2,74.6,5.16
2006-07-19,28.95,0.09,71.55,4.5
2006-07-20,29.13,0.63,70.02,3.55
2006-07-21,29.5,0.03,67.4,3.36
2006-07-22,29.06,0.0,67.88,3.34
2006-07-23,29.24,0.01,66.32,3.21
2006-07-24,29.04,0.01,67.51,2.69
2006-07-25,28.91,0.15,70.61,2.58
2006-07-26,28.85,0.75,71.45,1.91
2006-07-27,28.2,1.04,72.71,3.99
2006-07-28,28.36,0.33,66.66,4.51
2006-07-29,28.02,0.37,74.58,5.14
2006-07-30,28.7,0.07,72.92,4.46
2006-07-31,29.44,0.26,67.63,4.1
2006-08-01,29.28,0.06,68.82,4.12
2006-08-02,29.79,0.02,65.26,4.26
2006-08-03,29.19,0.2,66.46,5.0
2006-08-04,28.42,0.73,72.37,5.15
2006-08-05,29.06,0.22,67.22,4.73
2006-08-06,29.34,0.0,68.13,5.19
2006-08-07,29.33,0.15,68.66,5.72
2006-08-08,29.31,0.07,68.58,5.46
2006-08-09,29.12,1.7,69.6,5.46
2006-08-10,27.97,7.71,76.36,5.31
2006-08-11,27.99,2.97,78.01,5.93
2006-08-12,27.77,1.84,77.36,5.73
2006-08-13,28.49,1.4,72.11,5.62
2006-08-14,27.93,6.99,77.97,5.45
2006-08-15,28.24,4.7,76.71,6.2
2006-08-16,27.66,0.87,71.0,6.3
2006-08-17,28.18,0.69,71.05,5.7
2006-08-18,28.25,8.94,74.34,4.92
2006-08-19,28.68,0.27,73.27,4.64
2006-08-20,27.99,32.09,77.51,2.64
2006-08-21,27.13,28.35,85.68,2.0
2006-08-22,27.03,6.67,86.48,3.02
2006-08-23,27.95,5.21,80.02,3.26
2006-08-24,27.56,20.13,81.3,2.45
2006-08-25,27.74,10.47,80.43,4.2
2006-08-26,27.57,0.0,76.21,4.26
2006-08-27,27.11,0.0,76.86,4.27
2006-08-28,27.67,0.06,74.59,3.72
2006-08-29,27.77,0.31,75.37,3.95
2006-08-30,28.42,0.08,74.32,3.34
2006-08-31,28.45,0.28,74.59,2.65
2006-09-01,27.97,18.76,79.24,2.32
2006-09-02,28.17,7.94,80.73,1.9
2006-09-03,27.75,0.39,83.33,2.35
2006-09-04,27.71,0.53,83.49,2.3
2006-09-05,27.68,0.01,80.62,2.77
2006-09-06,27.45,0.54,81.24,2.33
2006-09-07,26.82,9.29,87.44,3.03
2006-09-08,26.95,10.88,84.96,4.0
2006-09-09,26.33,11.09,86.93,5.19
2006-09-10,26.88,1.0,83.19,5.22
2006-09-11,26.97,5.79,82.98,5.71
2006-09-12,27.21,4.06,82.0,5.41
2006-09-13,27.48,1.59,79.68,5.14
2006-09-14,26.61,0.28,81.57,5.02
2006-09-15,26.32,12.03,84.53,5.61
2006-09-16,26.68,9.46,86.07,5.63
2006-09-17,26.58,2.65,86.73,5.36
2006-09-18,26.58,13.74,86.54,5.51
2006-09-19,27.12,1.51,85.28,5.15
2006-09-20,27.11,1.41,85.73,5.34
2006-09-21,27.01,5.14,86.34,4.71
2006-09-22,27.15,0.54,83.52,4.38
2006-09-23,26.93,0.05,86.45,3.98
2006-09-24,26.68,17.15,89.85,4.52
2006-09-25,26.31,16.24,85.49,2.96
2006-09-26,27.01,0.59,82.04,3.29
2006-09-27,27.2,0.95,79.46,3.02
2006-09-28,27.55,0.91,77.82,3.33
2006-09-29,26.19,1.94,79.33,3.5
2006-09-30,27.47,0.37,78.96,4.13
2006-10-01,27.34,0.1,77.79,4.38
2006-10-02,27.34,0.08,77.48,3.85
2006-10-03,27.65,0.01,79.34,4.03
2006-10-04,27.91,5.31,80.79,4.76
2006-10-05,27.96,0.21,79.35,4.63
2006-10-06,27.45,8.07,82.0,5.23
2006-10-07,26.76,32.34,88.6,4.92
2006-10-08,27.49,3.77,82.34,4.4
2006-10-09,26.64,0.37,81.83,3.08
2006-10-10,27.24,0.75,83.5,3.89
2006-10-11,27.81,0.27,80.28,3.0
2006-10-12,28.01,0.42,78.79,2.28
2006-10-13,27.77,0.88,79.82,1.97
2006-10-14,27.65,1.49,77.67,1.18
2006-10-15,27.5,11.64,80.6,1.27
2006-10-16,27.51,7.57,82.94,1.93
2006-10-17,27.06,8.16,84.76,2.23
2006-10-18,27.63,29.17,83.28,2.04
2006-10-19,26.93,24.72,86.01,1.86
2006-10-20,26.96,22.55,83.65,2.27
2006-10-21,27.0,11.29,80.36,2.59
2006-10-22,27.03,7.33,83.22,3.74
2006-10-23,26.33,33.7,86.53,3.63
2006-10-24,26.13,18.37,88.15,4.06
2006-10-25,26.54,10.46,86.65,4.09
2006-10-26,26.3,21.93,88.97,2.9
2006-10-27,25.62,34.35,89.74,2.06
2006-10-28,26.18,42.38,86.05,2.54
2006-10-29,26.36,9.13,88.69,3.87
2006-10-30,26.37,7.41,88.46,3.0
2006-10-31,26.37,0.32,86.52,1.93
2006-11-01,26.6,2.07,84.17,1.7
2006-11-02,26.26,10.0,89.51,2.55
2006-11-03,26.05,36.99,91.2,3.23
2006-11-04,25.26,10.92,89.39,2.62
2006-11-05,26.13,1.32,87.81,2.73
2006-11-06,26.46,9.6,87.18,2.24
2006-11-07,25.64,4.79,90.3,2.5
2006-11-08,25.75,1.25,88.72,2.36
2006-11-09,25.87,4.06,88.59,1.74
2006-11-10,25.92,10.36,89.42,2.83
2006-11-11,26.0,9.6,89.89,2.98
2006-11-12,25.89,5.62,89.94,2.79
2006-11-13,25.38,6.07,89.26,2.92
2006-11-14,25.85,2.45,88.76,3.3
2006-11-15,25.99,5.71,88.57,3.57
2006-11-16,25.69,7.66,90.05,3.65
2006-11-17,25.67,24.66,92.23,2.58
2006-11-18,25.54,17.81,90.31,1.74
2006-11-19,26.2,3.28,89.3,2.68
2006-11-20,26.14,5.58,89.81,3.15
2006-11-21,26.37,16.14,90.1,3.38
2006-11-22,25.13,6.91,92.84,3.33
2006-11-23,25.75,3.22,83.65,3.42
2006-11-24,25.61,1.95,84.74,3.3
2006-11-25,25.87,3.13,87.25,3.25
2006-11-26,26.57,10.6,88.21,3.11
2006-11-27,26.28,13.52,91.12,3.09
2006-11-28,26.31,0.9,85.09,3.52
2006-11-29,26.03,0.02,84.91,4.13
2006-11-30,25.75,0.0,84.29,4.21
2006-12-01,25.15,0.0,83.09,4.28
2006-12-02,25.09,0.13,82.9,4.15
2006-12-03,25.34,0.26,83.35,4.56
2006-12-04,25.42,0.88,83.31,4.59
2006-12-05,25.22,0.11,83.54,4.92
2006-12-06,24.33,0.0,82.14,4.17
2006-12-07,24.22,0.01,82.77,4.47
2006-12-08,24.43,0.01,81.07,4.17
2006-12-09,24.59,0.17,81.39,3.88
2006-12-10,24.66,2.76,89.06,4.31
2006-12-11,25.89,14.12,90.52,3.24
2006-12-12,26.29,3.74,87.39,3.49
2006-12-13,25.95,0.02,83.33,4.48
2006-12-14,25.4,0.0,81.36,4.91
2006-12-15,25.15,0.0,82.11,4.83
2006-12-16,24.59,0.0,78.88,5.27
2006-12-17,24.67,0.0,80.21,4.92
2006-12-18,24.61,0.01,84.49,4.64
2006-12-19,24.92,1.09,86.17,5.0
2006-12-20,24.67,2.39,86.5,4.85
2006-12-21,24.49,3.28,87.06,5.11
2006-12-22,24.75,0.02,85.18,4.82
2006-12-23,24.71,0.15,84.1,4.92
2006-12-24,24.38,0.02,85.86,4.79
2006-12-25,24.3,0.13,83.58,4.64
2006-12-26,24.22,0.03,80.4,4.36
2006-12-27,24.53,0.0,79.48,4.12
2006-12-28,24.3,0.0,76.59,4.1
2006-12-29,23.98,0.0,75.82,4.01
2006-12-30,23.35,0.0,76.19,3.31
2006-12-31,23.75,0.02,76.05,3.19
2007-01-01,24.25,0.02,78.92,3.18
2007-01-02,24.09,0.0,72.79,3.57
2007-01-03,23.59,0.0,79.19,3.21
2007-01-04,23.71,0.0,76.8,3.17
2007-01-05,23.62,0.0,78.31,3.24
2007-01-06,23.96,0.16,77.09,3.92
2007-01-07,24.21,0.0,78.38,4.23
2007-01-08,24.6,0.33,83.39,4.66
2007-01-09,25.41,0.41,82.39,4.96
2007-01-10,25.43,0.0,80.59,4.84
2007-01-11,25.59,0.0,81.29,4.59
2007-01-12,25.43,0.0,79.96,4.48
2007-01-13,24.87,0.0,77.12,4.27
2007-01-14,25.11,0.1,80.79,4.26
2007-01-15,25.79,0.07,80.09,4.08
2007-01-16,25.21,0.0,79.49,3.92
2007-01-17,25.0,0.0,77.97,3.81
2007-01-18,24.89,0.0,75.93,4.27
2007-01-19,25.07,0.0,74.78,4.26
2007-01-20,25.22,0.0,74.16,4.1
2007-01-21,24.92,0.0,75.2,3.87
2007-01-22,25.43,0.0,72.94,3.68
2007-01-23,24.97,0.0,75.04,3.52
2007-01-24,25.36,0.0,74.18,4.37
2007-01-25,25.71,0.0,72.1,4.63
2007-01-26,25.97,0.0,74.97,4.56
2007-01-27,26.28,3.17,79.9,5.24
2007-01-28,26.12,3.76,81.09,4.78
2007-01-29,26.35,0.2,75.97,4.83
2007-01-30,26.34,0.0,73.58,4.89
2007-01-31,26.4,0.0,70.8,4.58
2007-02-01,25.79,0.0,68.37,4.2
2007-02-02,25.88,0.0,72.27,4.23
2007-02-03,26.3,0.05,70.83,3.97
2007-02-04,26.2,0.0,68.01,3.67
2007-02-05,26.35,0.0,62.88,3.63
2007-02-06,25.62,0.0,66.99,3.55
2007-02-07,25.57,0.0,70.67,3.48
2007-02-08,25.84,0.0,66.73,3.58
2007-02-09,26.2,0.08,72.37,4.29
2007-02-10,26.64,0.3,75.11,4.38
2007-02-11,27.4,0.05,71.6,3.68
2007-02-12,27.83,0.0,69.36,2.52
2007-02-13,28.19,0.0,68.96,2.54
2007-02-14,28.27,0.0,67.8,3.26
2007-02-15,28.08,0.0,62.96,3.24
2007-02-16,27.62,0.0,64.78,3.11
2007-02-17,27.97,0.26,66.49,3.06
2007-02-18,27.55,0.56,70.45,3.05
2007-02-19,27.79,0.25,66.91,4.63
2007-02-20,27.45,0.02,63.54,5.38
2007-02-21,26.72,0.0,59.73,5.15
2007-02-22,26.38,0.0,61.0,5.11
2007-02-23,26.3,0.0,65.55,4.35
2007-02-24,26.83,0.56,69.99,3.89
2007-02-25,27.28,5.96,71.48,2.72
2007-02-26,27.95,0.18,70.02,3.29
2007-02-27,28.26,0.27,71.64,3.05
2007-02-28,28.36,0.0,68.53,3.55
2007-03-01,28.48,0.0,65.59,2.44
2007-03-02,28.74,0.14,68.29,2.84
2007-03-03,28.71,0.1,68.65,2.3
2007-03-04,28.25,0.0,66.93,3.37
2007-03-05,28.2,0.0,63.01,3.42
2007-03-06,28.15,0.0,64.03,3.45
2007-03-07,27.94,0.0,60.06,2.89
2007-03-08,28.11,0.03,60.35,2.88
2007-03-09,28.34,0.0,62.72,3.68
2007-03-10,28.56,0.0,65.83,3.65
2007-03-11,28.22,0.0,64.6,3.61
2007-03-12,27.91,0.0,65.75,3.26
2007-03-13,28.51,1.12,70.02,3.5
2007-03-14,28.98,0.0,65.72,3.72
2007-03-15,29.2,0.0,66.75,3.47
2007-03-16,29.65,0.09,65.39,3.16
2007-03-17,29.91,0.1,66.91,3.89
2007-03-18,29.57,0.0,57.84,3.03
2007-03-19,29.14,0.0,56.27,2.4
2007-03-20,29.48,0.0,53.85,2.14
2007-03-21,29.3,0.0,61.17,2.67
2007-03-22,29.5,0.0,60.45,2.51
2007-03-23,29.19,0.0,54.96,2.59
2007-03-24,29.81,0.0,54.94,2.17
2007-03-25,30.29,0.0,59.12,2.36
2007-03-26,30.77,0.0,57.97,2.33
2007-03-27,30.51,0.0,59.21,2.56
2007-03-28,30.66,0.0,54.95,2.81
2007-03-29,29.93,0.0,58.98,3.19
2007-03-30,29.44,0.0,60.48,3.6
2007-03-31,30.0,0.03,60.86,2.66
2007-04-01,29.79,0.11,67.29,2.07
2007-04-02,30.43,0.01,63.1,2.18
2007-04-03,30.94,0.0,58.38,2.19
2007-04-04,30.93,0.0,60.29,2.64
2007-04-05,30.46,0.71,67.14,3.87
2007-04-06,29.77,0.96,69.59,3.21
2007-04-07,29.83,3.03,68.55,3.05
2007-04-08,29.33,1.64,70.96,2.29
2007-04-09,28.85,3.34,72.14,2.66
2007-04-10,28.45,10.44,78.52,2.58
2007-04-11,28.29,3.64,77.39,1.49
2007-04-12,29.95,0.79,66.35,1.71
2007-04-13,30.54,0.54,64.77,2.09
2007-04-14,30.1,1.86,67.73,2.75
2007-04-15,29.73,1.06,68.08,2.94
2007-04-16,30.56,0.15,63.08,3.18
2007-04-17,30.99,2.99,62.31,2.28
2007-04-18,30.69,5.53,66.8,3.03
2007-04-19,30.92,0.27,64.06,3.0
2007-04-20,30.8,0.15,66.33,3.12
2007-04-21,30.77,1.41,66.15,2.88
2007-04-22,30.03,0.51,70.24,3.04
2007-04-23,30.56,4.27,68.25,3.22
2007-04-24,29.42,3.04,71.93,4.12
2007-04-25,30.52,0.32,63.49,2.58
2007-04-26,30.65,0.32,66.99,2.25
2007-04-27,29.55,1.46,73.11,1.8
2007-04-28,30.1,0.7,69.89,2.11
2007-04-29,29.94,0.85,72.01,2.92
2007-04-30,30.06,0.31,69.94,2.82
2007-05-01,31.09,0.0,65.49,2.91
2007-05-02,31.62,0.53,66.04,3.37
2007-05-03,31.29,13.05,68.72,2.18
2007-05-04,30.62,0.33,67.6,2.11
2007-05-05,30.1,2.2,73.5,3.36
2007-05-06,30.15,0.11,72.29,4.49
2007-05-07,30.47,0.0,70.93,4.21
2007-05-08,29.87,1.3,74.03,3.59
2007-05-09,29.65,2.83,75.63,4.66
2007-05-10,30.59,0.39,69.91,4.63
2007-05-11,31.83,0.01,63.18,5.27
2007-05-12,31.75,0.0,60.1,4.43
2007-05-13,31.18,0.0,62.48,4.39
2007-05-14,32.05,0.0,60.54,5.31
2007-05-15,32.03,0.0,59.37,3.81
2007-05-16,32.15,0.0,57.91,3.32
2007-05-17,31.66,0.0,57.74,5.13
2007-05-18,31.06,0.0,61.03,5.88
2007-05-19,31.09,0.0,61.41,5.05
2007-05-20,31.49,0.0,60.04,4.7
2007-05-21,31.1,0.0,65.17,4.98
2007-05-22,30.75,2.33,68.66,4.73
2007-05-23,30.07,0.77,73.21,3.89
2007-05-24,30.17,0.42,73.18,3.82
2007-05-25,29.61,0.05,72.13,2.37
2007-05-26,30.56,3.62,66.68,4.58
2007-05-27,29.94,4.08,71.45,4.64
2007-05-28,29.06,0.85,70.39,5.03
2007-05-29,29.29,0.56,67.04,4.7
2007-05-30,30.01,1.03,65.91,4.89
2007-05-31,30.54,0.05,64.12,5.29
2007-06-01,31.18,0.0,62.99,5.02
2007-06-02,31.7,0.11,61.19,3.98
2007-06-03,31.6,0.08,60.46,3.47
2007-06-04,31.55,0.0,62.29,3.1
2007-06-05,30.56,0.3,67.33,2.37
2007-06-06,30.85,0.16,67.08,3.04
2007-06-07,30.22,1.85,69.39,3.3
2007-06-08,29.0,16.27,75.96,4.65
2007-06-09,29.02,0.94,73.42,5.56
2007-06-10,29.98,0.26,70.76,5.39
2007-06-11,29.82,1.11,73.62,4.87
2007-06-12,30.0,0.41,68.51,4.49
2007-06-13,30.22,0.46,68.47,3.61
2007-06-14,28.77,0.13,73.94,4.0
2007-06-15,28.98,3.26,71.78,3.3
2007-06-16,29.76,0.34,68.13,4.56
2007-06-17,28.73,2.18,72.56,4.55
2007-06-18,28.2,1.39,75.7,5.95
2007-06-19,28.48,0.95,72.82,5.32
2007-06-20,28.5,2.42,68.66,5.88
2007-06-21,27.77,5.69,77.35,5.76
2007-06-22,27.92,2.14,77.7,7.37
2007-06-23,28.01,8.17,76.52,5.74
2007-06-24,29.22,0.81,71.2,4.74
2007-06-25,29.78,0.0,67.15,2.63
2007-06-26,29.69,0.05,67.01,2.84
2007-06-27,30.15,0.0,60.41,3.65
2007-06-28,29.86,0.16,66.17,5.15
2007-06-29,28.69,0.47,71.32,5.51
2007-06-30,28.85,0.77,73.14,6.63
2007-07-01,29.17,1.1,71.61,5.61
2007-07-02,28.96,2.27,75.19,5.34
2007-07-03,28.76,0.46,73.26,5.26
2007-07-04,29.12,0.13,70.98,4.55
2007-07-05,29.11,0.11,69.14,5.22
2007-07-06,28.44,0.45,66.58,6.55
2007-07-07,29.24,0.4,67.12,5.54
2007-07-08,29.51,0.28,66.86,4.81
2007-07-09,29.18,0.9,70.47,4.4
2007-07-10,29.11,0.63,72.23,4.94
2007-07-11,28.94,0.78,73.96,4.87
2007-07-12,29.23,0.58,72.62,5.18
2007-07-13,29.73,0.17,70.21,5.06
2007-07-14,29.15,0.09,72.47,5.72
2007-07-15,29.65,0.44,70.2,5.95
2007-07-16,28.62,5.68,75.63,5.22
2007-07-17,29.01,0.72,68.82,4.0
2007-07-18,28.08,1.81,72.81,3.0
2007-07-19,28.06,3.78,74.33,2.32
2007-07-20,27.56,3.97,75.44,4.91
2007-07-21,27.47,0.31,76.68,3.92
2007-07-22,28.61,0.59,69.69,2.79
2007-07-23,28.03,5.99,70.73,2.93
2007-07-24,27.32,2.6,79.58,4.08
2007-07-25,28.2,0.43,73.56,4.25
2007-07-26,28.39,0.36,73.74,4.31
2007-07-27,28.25,0.36,74.98,4.38
2007-07-28,28.19,0.34,75.2,3.95
2007-07-29,28.65,1.87,71.81,3.36
2007-07-30,28.25,0.79,71.8,2.72
2007-07-31,27.47,16.67,77.9,4.14
2007-08-01,27.3,2.3,79.01,5.42
2007-08-02,27.64,1.66,77.88,5.25
2007-08-03,27.6,0.18,77.03,5.48
2007-08-04,28.28,0.15,76.68,5.74
2007-08-05,28.08,0.83,76.23,6.09
2007-08-06,28.0,0.42,73.86,5.62
2007-08-07,28.94,0.04,70.02,5.4
2007-08-08,29.24,1.15,70.78,5.16
2007-08-09,28.01,1.27,75.75,5.08
2007-08-10,28.74,0.95,71.09,3.47
2007-08-11,29.03,0.05,65.45,4.15
2007-08-12,29.07,0.07,66.69,4.34
2007-08-13,29.51,0.02,64.09,3.75
2007-08-14,28.98,0.0,65.81,3.14
2007-08-15,29.02,0.64,68.86,3.18
2007-08-16,28.48,6.98,76.55,2.9
2007-08-17,28.41,3.14,77.28,3.66
2007-08-18,28.73,2.88,73.9,3.16
2007-08-19,29.14,0.07,69.17,3.22
2007-08-20,29.18,2.89,67.13,3.4
2007-08-21,27.9,1.6,76.78,3.15
2007-08-22,28.88,0.01,66.95,2.56
2007-08-23,28.28,18.38,73.04,2.35
2007-08-24,27.65,10.0,78.5,2.3
2007-08-25,27.95,0.75,76.51,3.58
2007-08-26,28.07,3.14,75.26,5.23
2007-08-27,28.67,0.07,72.16,4.83
2007-08-28,28.63,2.43,75.05,5.04
2007-08-29,28.17,4.25,78.0,4.34
2007-08-30,28.33,0.81,74.21,4.59
2007-08-31,28.45,0.73,71.29,5.02
2007-09-01,28.58,0.23,69.66,4.78
2007-09-02,27.98,0.45,74.76,5.43
2007-09-03,28.09,0.01,73.87,4.83
2007-09-04,28.47,1.9,72.84,4.78
2007-09-05,28.09,1.58,75.6,4.62
2007-09-06,28.28,0.46,72.81,3.97
2007-09-07,28.6,0.14,71.51,2.69
2007-09-08,28.4,0.36,73.82,1.64
2007-09-09,27.77,15.55,78.54,2.25
2007-09-10,27.94,7.94,77.48,2.75
2007-09-11,28.23,3.76,77.68,3.97
2007-09-12,28.34,0.96,76.35,4.66
2007-09-13,27.94,7.17,79.88,4.61
2007-09-14,27.87,2.73,77.86,4.43
2007-09-15,28.65,2.25,73.64,4.36
2007-09-16,28.43,8.58,77.58,4.12
2007-09-17,27.96,3.69,78.78,4.82
2007-09-18,28.08,0.63,73.12,5.92
2007-09-19,28.01,0.73,76.6,5.54
2007-09-20,28.73,1.18,74.0,5.33
2007-09-21,28.96,1.07,73.62,4.91
2007-09-22,28.4,1.27,77.68,5.67
2007-09-23,28.35,0.94,74.97,5.5
2007-09-24,28.49,0.82,72.6,5.58
2007-09-25,28.94,0.65,73.38,5.1
2007-09-26,28.86,0.01,71.91,3.04
2007-09-27,28.56,1.23,75.63,3.23
2007-09-28,27.56,0.87,79.37,3.93
2007-09-29,28.44,0.05,73.65,4.88
2007-09-30,28.89,0.25,72.62,4.14
2007-10-01,27.78,0.43,76.55,5.85
2007-10-02,28.44,0.56,71.9,4.75
2007-10-03,29.38,0.04,67.27,4.05
2007-10-04,29.71,0.0,65.52,4.11
2007-10-05,28.23,0.0,68.99,4.76
2007-10-06,28.34,0.02,68.91,5.21
2007-10-07,28.57,2.54,69.85,5.65
2007-10-08,29.19,0.17,65.13,4.11
2007-10-09,29.25,0.0,63.88,2.94
2007-10-10,29.23,0.79,67.53,3.2
2007-10-11,28.58,3.55,73.54,2.98
2007-10-12,28.34,0.98,74.83,2.74
2007-10-13,28.55,4.57,75.28,2.36
2007-10-14,27.95,1.49,76.21,1.81
2007-10-15,28.27,0.75,72.71,2.08
2007-10-16,28.36,0.9,71.17,1.95
2007-10-17,27.23,9.7,79.14,1.93
2007-10-18,26.1,12.53,83.54,1.2
2007-10-19,25.96,28.72,85.21,1.45
2007-10-20,26.56,10.16,81.74,3.83
2007-10-21,26.54,8.45,78.69,1.67
2007-10-22,26.61,12.38,81.14,1.98
2007-10-23,24.94,30.54,90.23,4.54
2007-10-24,25.99,25.62,86.11,2.62
2007-10-25,26.31,9.17,87.26,1.97
2007-10-26,26.18,12.76,84.48,1.82
2007-10-27,26.32,9.64,82.88,1.52
2007-10-28,26.49,1.48,83.15,2.7
2007-10-29,26.61,2.69,83.38,3.45
2007-10-30,26.92,7.67,84.75,3.61
2007-10-31,27.24,0.76,78.87,2.16
2007-11-01,26.89,0.45,82.02,1.57
2007-11-02,26.53,1.11,83.25,1.82
2007-11-03,26.54,4.37,83.57,2.42
2007-11-04,26.12,5.02,89.13,2.76
2007-11-05,26.39,1.86,83.65,1.59
2007-11-06,26.36,8.8,83.79,1.2
2007-11-07,26.76,2.25,82.96,1.06
2007-11-08,26.83,6.49,81.81,2.17
2007-11-09,26.85,2.31,77.05,1.97
2007-11-10,26.78,1.22,78.55,2.61
2007-11-11,26.42,2.51,81.45,4.06
2007-11-12,26.3,8.19,82.39,4.04
2007-11-13,26.19,0.6,76.09,4.03
2007-11-14,25.28,0.03,72.83,4.04
2007-11-15,25.03,0.0,70.65,2.97
2007-11-16,24.65,0.0,64.88,2.98
2007-11-17,24.53,0.0,70.42,3.5
2007-11-18,24.83,0.65,74.21,3.4
2007-11-19,25.72,3.9,86.9,3.14
2007-11-20,25.66,17.96,90.07,3.15
2007-11-21,26.4,21.53,86.23,4.32
2007-11-22,26.24,6.04,84.21,4.53
2007-11-23,25.94,0.68,80.57,4.17
2007-11-24,24.92,1.98,78.28,4.23
2007-11-25,23.75,0.69,75.59,4.22
2007-11-26,24.75,0.0,79.25,3.43
2007-11-27,26.26,0.52,80.65,3.08
2007-11-28,26.3,0.9,84.31,3.35
2007-11-29,26.27,1.18,82.0,4.32
2007-11-30,25.68,0.05,73.63,4.56
2007-12-01,25.71,0.0,79.18,4.37
2007-12-02,26.09,0.0,78.52,4.49
2007-12-03,25.54,0.01,81.05,4.57
2007-12-04,25.74,0.09,75.52,4.97
2007-12-05,25.54,0.69,77.19,5.36
2007-12-06,25.71,0.99,76.43,4.76
2007-12-07,25.91,0.32,75.91,4.46
2007-12-08,26.01,0.55,79.77,4.75
2007-12-09,26.24,0.08,78.44,4.25
2007-12-10,26.28,0.0,75.82,4.3
2007-12-11,25.89,0.75,75.66,4.55
2007-12-12,25.13,3.54,80.32,4.27
2007-12-13,23.95,18.97,89.48,5.53
2007-12-14,24.86,13.21,90.81,5.65
2007-12-15,25.63,2.39,85.24,4.94
2007-12-16,25.76,1.46,80.1,5.17
2007-12-17,25.16,12.73,84.6,5.49
2007-12-18,24.73,44.41,90.85,7.93
2007-12-19,25.64,39.23,91.59,3.99
2007-12-20,25.4,16.61,91.09,3.82
2007-12-21,25.21,3.2,91.67,3.62
2007-12-22,25.34,0.77,86.82,4.36
2007-12-23,24.78,0.23,85.02,4.13
2007-12-24,23.37,0.0,81.29,2.88
2007-12-25,22.55,0.0,76.89,2.22
2007-12-26,22.62,0.0,81.95,2.74
2007-12-27,23.94,0.0,85.14,2.72
2007-12-28,24.27,0.0,84.3,2.54
2007-12-29,24.61,0.0,82.43,2.13
2007-12-30,24.62,0.07,83.87,2.86
2007-12-31,24.4,0.0,83.73,3.24
2008-01-01,24.18,0.0,79.52,4.24
2008-01-02,23.76,0.52,78.55,4.44
2008-01-03,24.03,0.41,83.14,4.63
2008-01-04,25.0,0.69,85.47,4.0
2008-01-05,25.66,1.65,86.1,4.7
2008-01-06,24.53,0.04,79.95,5.04
2008-01-07,24.27,0.0,78.95,5.17
2008-01-08,24.44,0.0,80.1,4.98
2008-01-09,24.6,0.0,79.27,4.28
2008-01-10,24.91,0.0,79.57,3.9
2008-01-11,24.63,0.02,80.14,4.36
2008-01-12,24.76,0.0,79.04,4.65
2008-01-13,24.92,0.0,77.48,4.76
2008-01-14,24.7,0.0,77.0,4.18
2008-01-15,24.42,0.0,79.04,4.13
2008-01-16,24.92,0.0,76.0,4.44
2008-01-17,24.38,0.0,74.56,4.53
2008-01-18,23.59,0.0,72.76,3.64
2008-01-19,23.76,0.0,69.11,3.17
2008-01-20,24.37,0.0,71.25,3.23
2008-01-21,25.63,0.05,79.88,4.28
2008-01-22,26.07,0.0,77.0,3.97
2008-01-23,25.39,0.0,73.37,3.59
2008-01-24,25.44,0.0,71.5,2.7
2008-01-25,25.74,0.0,72.69,2.06
2008-01-26,26.25,0.0,70.52,1.64
2008-01-27,26.84,0.0,70.7,1.67
2008-01-28,27.11,0.0,71.92,2.41
2008-01-29,27.0,0.0,74.46,2.79
2008-01-30,27.6,0.0,70.66,1.92
2008-01-31,27.78,0.0,68.53,2.21
2008-02-01,27.56,0.0,71.01,2.11
2008-02-02,27.69,0.0,69.5,2.06
2008-02-03,27.35,0.22,70.03,3.19
2008-02-04,27.5,0.05,69.62,2.91
2008-02-05,27.5,0.0,68.2,3.54
2008-02-06,27.45,0.04,71.45,3.07
2008-02-07,27.21,0.28,76.52,3.28
2008-02-08,26.95,2.41,77.51,1.69
2008-02-09,26.49,7.72,86.55,1.82
2008-02-10,27.45,1.54,80.28,2.34
2008-02-11,26.86,2.73,81.48,1.65
2008-02-12,27.94,1.7,73.14,3.2
2008-02-13,28.06,0.39,71.7,3.42
2008-02-14,27.87,0.23,71.58,4.37
2008-02-15,27.72,0.04,68.74,4.36
2008-02-16,27.99,0.01,68.14,4.3
2008-02-17,28.04,0.0,64.27,4.53
2008-02-18,27.28,0.0,62.53,4.09
2008-02-19,26.3,0.0,63.36,2.93
2008-02-20,26.52,0.0,66.56,2.97
2008-02-21,27.74,0.02,69.72,3.58
2008-02-22,27.76,0.0,64.5,4.33
2008-02-23,27.51,0.0,62.32,3.64
2008-02-24,26.71,0.0,60.66,4.09
2008-02-25,26.42,0.0,62.46,3.49
2008-02-26,26.67,0.03,66.31,3.9
2008-02-27,27.72,0.27,65.22,5.57
2008-02-28,27.18,5.16,69.16,5.26
2008-02-29,27.38,3.18,71.35,4.63
2008-03-01,26.28,1.17,80.34,3.35
2008-03-02,27.52,0.64,74.35,3.09
2008-03-03,28.06,0.03,64.1,4.32
2008-03-04,26.31,0.23,63.95,2.81
2008-03-05,27.36,0.0,65.11,3.86
2008-03-06,27.41,2.39,69.73,4.27
2008-03-07,26.96,0.4,67.18,4.42
2008-03-08,27.26,0.0,63.13,4.31
2008-03-09,27.69,0.16,68.45,4.17
2008-03-10,27.66,5.12,70.23,3.57
2008-03-11,26.36,11.34,78.16,3.81
2008-03-12,26.02,6.81,85.38,6.13
2008-03-13,27.05,7.24,81.32,2.88
2008-03-14,26.97,3.95,82.08,2.35
2008-03-15,25.96,14.06,86.01,2.64
2008-03-16,27.07,3.54,75.44,4.03
2008-03-17,26.92,2.39,81.12,4.3
2008-03-18,27.1,3.92,82.19,3.45
2008-03-19,26.74,6.19,83.75,3.24
2008-03-20,26.09,16.38,88.37,3.63
2008-03-21,26.9,17.04,85.02,3.9
2008-03-22,27.21,20.24,85.79,3.54
2008-03-23,27.28,9.49,85.81,3.21
2008-03-24,27.24,1.31,82.42,2.77
2008-03-25,27.89,0.0,72.83,2.36
2008-03-26,27.52,0.0,74.68,1.99
2008-03-27,28.21,0.57,72.75,1.76
2008-03-28,28.44,0.59,73.77,1.84
2008-03-29,28.39,0.06,74.29,1.73
2008-03-30,27.85,12.68,80.95,2.14
2008-03-31,28.12,4.36,80.3,2.94
2008-04-01,28.64,0.13,75.25,2.52
2008-04-02,27.87,10.04,80.93,1.76
2008-04-03,28.28,2.91,76.46,1.81
2008-04-04,28.33,1.26,74.53,1.88
2008-04-05,28.49,0.8,74.25,2.23
2008-04-06,28.79,0.59,70.45,3.39
2008-04-07,28.11,6.73,76.45,3.23
2008-04-08,27.28,10.55,83.14,2.78
2008-04-09,27.23,2.94,81.37,2.32
2008-04-10,27.73,3.79,79.56,2.99
2008-04-11,27.41,1.06,77.32,1.66
2008-04-12,27.55,7.57,79.8,2.18
2008-04-13,27.92,1.87,77.39,1.93
2008-04-14,28.23,0.08,77.09,1.7
2008-04-15,28.63,0.08,74.0,1.68
2008-04-16,28.34,1.67,74.89,1.75
2008-04-17,28.91,0.67,73.62,2.04
2008-04-18,28.76,0.29,77.34,2.15
2008-04-19,29.56,0.01,71.94,2.86
2008-04-20,29.83,0.0,70.76,2.72
2008-04-21,29.66,0.0,71.33,2.78
2008-04-22,30.17,0.0,68.17,3.12
2008-04-23,30.12,0.0,67.43,3.07
2008-04-24,29.74,0.13,67.38,2.81
2008-04-25,29.22,1.41,69.98,2.19
2008-04-26,28.55,1.6,74.66,1.41
2008-04-27,28.89,0.14,76.55,3.25
2008-04-28,30.37,0.03,69.11,4.77
2008-04-29,29.79,0.27,72.07,5.37
2008-04-30,30.02,0.0,70.58,4.71
2008-05-01,29.9,0.0,75.37,5.1
2008-05-02,30.08,0.0,70.76,5.43
2008-05-03,30.49,0.29,65.11,5.43
2008-05-04,30.24,0.08,68.1,5.64
2008-05-05,29.95,0.03,70.08,6.26
2008-05-06,30.27,0.0,66.53,5.46
2008-05-07,29.73,12.11,70.24,4.78
2008-05-08,29.31,6.57,73.8,4.4
2008-05-09,29.7,0.08,69.33,4.15
2008-05-10,29.38,1.02,73.59,3.83
2008-05-11,29.61,0.48,72.03,3.12
2008-05-12,29.2,0.29,73.64,3.57
2008-05-13,29.25,0.02,72.41,5.32
2008-05-14,29.26,4.38,72.89,5.65
2008-05-15,29.54,0.36,68.51,4.53
2008-05-16,30.6,0.0,63.43,3.74
2008-05-17,30.57,0.0,65.45,4.25
2008-05-18,30.53,0.0,66.49,4.14
2008-05-19,29.79,0.09,70.62,4.76
2008-05-20,29.71,0.08,71.11,5.61
2008-05-21,30.25,0.03,68.23,5.32
2008-05-22,30.32,0.0,68.84,4.22
2008-05-23,29.89,0.05,67.47,4.33
2008-05-24,28.96,0.38,73.71,3.58
2008-05-25,29.88,0.74,67.59,4.86
2008-05-26,29.07,0.52,73.48,4.52
2008-05-27,29.68,0.01,71.15,4.2
2008-05-28,29.6,1.14,72.8,4.45
2008-05-29,29.17,2.14,74.66,5.39
2008-05-30,28.92,6.59,75.3,5.25
2008-05-31,28.2,0.23,77.06,3.42
2008-06-01,29.3,0.56,71.41,4.41
2008-06-02,29.31,0.61,70.36,4.84
2008-06-03,29.49,0.65,70.69,5.19
2008-06-04,29.89,0.53,66.72,5.46
2008-06-05,29.39,0.28,67.97,5.06
2008-06-06,29.39,0.33,69.23,4.2
2008-06-07,28.29,1.96,71.8,4.08
2008-06-08,28.43,1.11,73.97,4.21
2008-06-09,27.83,0.47,75.69,5.07
2008-06-10,29.3,0.22,65.78,3.13
2008-06-11,29.82,0.09,67.35,4.79
2008-06-12,29.15,0.0,71.13,5.32
2008-06-13,29.3,0.03,69.83,4.87
2008-06-14,29.3,0.03,70.23,6.14
2008-06-15,30.05,0.0,64.71,5.7
2008-06-16,29.4,0.39,68.47,5.48
2008-06-17,29.9,0.25,68.04,5.26
2008-06-18,29.79,0.23,67.62,4.99
2008-06-19,29.77,0.04,69.05,4.94
2008-06-20,29.73,0.14,70.47,4.43
2008-06-21,29.99,1.0,67.85,4.3
2008-06-22,30.07,0.64,65.72,4.55
2008-06-23,28.88,0.04,69.31,5.49
2008-06-24,30.03,0.02,64.16,5.57
2008-06-25,29.34,0.03,67.59,6.2
2008-06-26,29.9,0.0,63.52,5.3
2008-06-27,29.98,0.21,66.41,5.99
2008-06-28,28.95,0.88,71.24,5.65
2008-06-29,28.89,0.54,68.19,5.3
2008-06-30,29.75,0.78,66.59,4.6
2008-07-01,28.03,1.1,72.05,4.56
2008-07-02,30.25,0.0,59.4,3.23
2008-07-03,30.74,0.0,58.73,4.45
2008-07-04,29.44,0.0,67.46,3.34
2008-07-05,30.08,0.0,65.43,4.1
2008-07-06,30.69,0.05,63.24,4.2
2008-07-07,30.46,0.0,56.96,4.8
2008-07-08,30.49,0.05,52.21,3.87
2008-07-09,30.73,0.14,56.01,4.48
2008-07-10,30.5,0.39,57.11,4.47
2008-07-11,30.58,0.33,58.14,4.56
2008-07-12,30.57,0.06,57.03,3.67
2008-07-13,30.64,0.0,60.24,3.04
2008-07-14,30.09,0.13,66.4,2.53
2008-07-15,29.2,2.75,72.22,4.45
2008-07-16,29.28,0.39,68.74,5.39
2008-07-17,29.26,0.42,69.2,4.21
2008-07-18,29.21,15.36,73.1,3.55
2008-07-19,28.92,0.54,69.09,3.28
2008-07-20,28.03,42.88,75.38,2.51
2008-07-21,27.32,5.64,82.08,2.82
2008-07-22,27.47,0.55,78.29,2.05
2008-07-23,28.41,0.46,75.14,3.55
2008-07-24,27.54,0.43,76.62,5.15
2008-07-25,28.85,0.1,67.99,5.07
2008-07-26,28.35,0.57,71.75,6.06
2008-07-27,27.26,2.5,76.04,6.91
2008-07-28,26.72,1.81,78.4,7.17
2008-07-29,27.76,1.6,71.6,5.8
2008-07-30,27.87,0.65,71.87,5.27
2008-07-31,28.62,0.35,70.23,4.1
2008-08-01,28.95,0.1,69.69,3.47
2008-08-02,28.69,0.0,71.99,2.98
2008-08-03,29.08,0.0,70.74,2.2
2008-08-04,28.94,0.0,70.01,3.02
2008-08-05,28.78,0.09,71.32,3.81
2008-08-06,29.46,0.02,68.14,4.11
2008-08-07,28.97,0.12,68.07,5.0
2008-08-08,28.45,0.24,71.59,6.14
2008-08-09,28.12,0.13,70.84,6.36
2008-08-10,28.37,0.18,69.87,6.5
2008-08-11,28.22,1.6,69.55,6.2
2008-08-12,27.43,1.08,77.23,4.67
2008-08-13,28.84,0.37,67.15,3.99
2008-08-14,28.95,3.77,69.02,3.09
2008-08-15,27.68,2.73,75.77,4.07
2008-08-16,28.31,3.46,68.39,3.72
2008-08-17,28.04,6.45,75.2,2.52
2008-08-18,27.72,6.42,79.7,1.96
2008-08-19,28.28,1.77,75.26,3.11
2008-08-20,28.5,0.68,75.33,3.12
2008-08-21,28.98,1.8,70.4,4.27
2008-08-22,28.98,0.27,67.27,4.63
2008-08-23,28.99,0.76,67.18,3.64
2008-08-24,28.15,1.08,71.29,2.0
2008-08-25,28.85,4.6,71.49,1.91
2008-08-26,27.75,41.05,75.95,2.35
2008-08-27,27.73,9.93,77.59,1.67
2008-08-28,28.11,0.37,76.6,2.21
2008-08-29,28.17,1.73,78.33,2.78
2008-08-30,27.79,6.72,81.12,3.79
2008-08-31,27.44,5.71,82.31,4.68
2008-09-01,27.52,2.99,80.63,3.4
2008-09-02,28.64,0.42,74.48,3.75
2008-09-03,28.25,1.06,77.24,3.96
2008-09-04,28.22,0.2,78.8,3.73
2008-09-05,27.56,1.38,82.09,3.19
2008-09-06,28.09,6.96,81.08,3.99
2008-09-07,27.43,3.49,80.14,4.53
2008-09-08,27.18,4.23,78.41,4.53
2008-09-09,28.25,0.7,74.53,5.04
2008-09-10,27.79,1.87,77.43,5.89
2008-09-11,27.61,1.73,78.6,5.76
2008-09-12,28.12,0.36,72.06,4.85
2008-09-13,28.24,0.0,77.33,4.47
2008-09-14,28.98,0.32,72.1,4.48
2008-09-15,28.36,0.01,72.77,4.01
2008-09-16,28.14,0.0,73.13,4.31
2008-09-17,29.09,0.0,70.73,3.44
2008-09-18,29.2,0.0,67.29,2.97
2008-09-19,29.1,0.74,66.97,3.25
2008-09-20,28.58,1.12,74.55,4.62
2008-09-21,28.24,0.18,76.22,4.13
2008-09-22,28.93,0.0,72.94,4.77
2008-09-23,29.28,0.0,70.08,4.34
2008-09-24,29.33,0.0,69.43,5.31
2008-09-25,29.33,0.0,67.81,4.49
2008-09-26,29.35,0.0,67.3,2.77
2008-09-27,29.32,3.68,69.31,2.77
2008-09-28,29.15,0.15,67.13,2.67
2008-09-29,29.43,0.0,65.94,3.36
2008-09-30,29.39,0.0,64.94,3.15
2008-10-01,29.83,0.0,65.7,3.07
2008-10-02,29.93,0.0,63.06,3.14
2008-10-03,29.38,0.0,62.99,3.58
2008-10-04,29.42,0.03,63.23,3.49
2008-10-05,29.54,0.09,64.35,3.56
2008-10-06,29.49,0.22,66.87,2.99
2008-10-07,29.16,0.36,70.29,4.13
2008-10-08,29.67,0.25,67.29,3.65
2008-10-09,29.73,0.01,66.5,3.07
2008-10-10,29.69,0.46,66.13,2.17
2008-10-11,29.2,2.65,68.82,2.96
2008-10-12,27.9,4.49,74.61,3.95
2008-10-13,27.46,5.62,80.69,4.3
2008-10-14,27.83,15.38,84.02,3.63
2008-10-15,27.52,8.51,83.82,3.3
2008-10-16,27.79,4.38,79.09,2.45
2008-10-17,27.46,3.49,81.87,3.73
2008-10-18,27.71,3.01,81.52,3.08
2008-10-19,27.73,13.15,80.55,3.01
2008-10-20,27.82,14.67,80.9,2.56
2008-10-21,26.65,31.31,88.47,2.14
2008-10-22,26.95,31.78,86.83,3.59
2008-10-23,26.39,13.46,86.64,3.97
2008-10-24,26.86,5.28,86.97,4.42
2008-10-25,27.02,3.68,87.19,4.42
2008-10-26,27.23,0.63,84.1,4.15
2008-10-27,27.4,0.0,79.15,2.59
2008-10-28,27.06,0.0,75.47,2.53
2008-10-29,26.87,0.0,67.51,2.07
2008-10-30,26.85,0.0,69.53,2.36
2008-10-31,26.37,0.0,65.02,2.18
2008-11-01,27.11,0.0,62.88,1.29
2008-11-02,26.34,0.0,64.51,2.26
2008-11-03,26.68,0.0,59.39,1.78
2008-11-04,26.81,0.0,62.19,2.18
2008-11-05,26.58,0.01,64.57,2.76
2008-11-06,26.76,0.32,69.29,2.77
2008-11-07,27.51,0.43,74.71,3.44
2008-11-08,27.88,2.54,76.34,3.82
2008-11-09,28.01,3.93,75.67,3.73
2008-11-10,27.61,3.84,79.14,4.0
2008-11-11,27.36,0.48,72.45,4.41
2008-11-12,26.48,7.28,75.2,3.68
2008-11-13,26.47,1.13,75.77,2.42
2008-11-14,27.36,0.01,71.23,1.93
2008-11-15,28.11,0.0,71.23,2.03
2008-11-16,27.88,0.0,68.6,2.33
2008-11-17,28.05,2.48,72.52,2.09
2008-11-18,28.01,4.32,77.49,3.12
2008-11-19,26.93,5.9,86.79,3.55
2008-11-20,27.05,7.23,87.4,3.72
2008-11-21,26.9,2.01,83.19,3.83
2008-11-22,25.62,2.01,87.48,4.26
2008-11-23,25.83,25.74,88.53,4.97
2008-11-24,25.42,30.8,90.11,4.82
2008-11-25,25.4,38.03,88.55,6.04
2008-11-26,24.53,48.84,91.18,6.13
2008-11-27,25.98,50.25,89.43,3.87
2008-11-28,26.73,11.84,88.99,2.84
2008-11-29,26.45,1.01,88.9,2.47
2008-11-30,26.15,0.61,90.64,3.98
2008-12-01,26.39,0.41,84.99,2.78
2008-12-02,25.46,0.0,81.16,2.97
2008-12-03,24.42,0.0,80.07,2.62
2008-12-04,24.44,0.0,82.32,3.01
2008-12-05,24.53,0.0,84.23,4.09
2008-12-06,24.58,13.55,86.15,4.52
2008-12-07,25.02,13.4,87.2,4.91
2008-12-08,25.83,6.09,92.57,4.28
2008-12-09,26.15,3.85,91.83,3.55
2008-12-10,25.88,3.24,91.28,3.36
2008-12-11,25.2,0.01,84.22,3.92
2008-12-12,24.85,0.0,85.17,3.46
2008-12-13,25.36,0.55,85.92,3.55
2008-12-14,25.52,3.21,86.88,4.63
2008-12-15,25.43,8.0,88.48,4.21
2008-12-16,25.06,2.19,88.08,4.13
2008-12-17,25.19,0.0,85.32,5.06
2008-12-18,24.6,2.34,87.85,5.34
2008-12-19,24.94,0.48,86.65,4.75
2008-12-20,25.0,0.37,84.79,3.88
2008-12-21,25.08,0.75,83.15,3.64
2008-12-22,24.17,0.01,80.24,3.57
2008-12-23,24.06,0.4,83.43,4.33
2008-12-24,24.83,0.21,84.81,3.77
2008-12-25,25.11,0.44,83.1,4.24
2008-12-26,24.51,0.39,80.32,3.15
2008-12-27,23.87,0.0,78.3,3.24
2008-12-28,23.54,0.0,78.82,3.04
2008-12-29,23.35,0.0,78.17,3.58
2008-12-30,23.69,0.0,75.21,3.54
2008-12-31,23.4,0.0,74.12,3.58
2009-01-01,24.27,0.0,76.68,3.52
2009-01-02,24.47,0.03,77.96,3.46
2009-01-03,24.39,0.01,77.71,3.54
2009-01-04,24.08,0.0,75.52,3.6
2009-01-05,24.41,0.0,74.08,3.48
2009-01-06,24.23,0.03,77.66,3.14
2009-01-07,24.91,0.5,84.25,3.35
2009-01-08,25.5,0.13,79.28,3.74
2009-01-09,24.39,0.76,86.06,4.53
2009-01-10,25.22,0.04,79.55,4.69
2009-01-11,25.34,0.29,79.5,4.57
2009-01-12,24.81,0.29,78.23,4.76
2009-01-13,25.06,0.29,74.26,4.95
2009-01-14,25.25,0.1,73.48,4.98
2009-01-15,25.08,2.44,78.44,5.13
2009-01-16,25.02,0.1,74.61,4.7
2009-01-17,25.34,0.0,72.29,4.37
2009-01-18,25.26,0.0,71.75,4.24
2009-01-19,24.98,0.0,75.11,4.6
2009-01-20,24.72,0.0,70.17,4.53
2009-01-21,24.55,0.0,70.01,4.03
2009-01-22,24.34,0.0,72.98,3.51
2009-01-23,24.42,0.0,73.23,3.6
2009-01-24,25.09,0.0,68.68,3.67
2009-01-25,26.01,0.0,70.52,3.87
2009-01-26,26.02,1.95,78.74,4.07
2009-01-27,26.38,0.77,81.34,3.24
2009-01-28,26.85,0.11,79.48,3.09
2009-01-29,26.38,0.01,74.81,3.4
2009-01-30,25.37,0.0,70.84,3.06
2009-01-31,25.32,0.0,70.24,3.31
2009-02-01,25.49,0.0,68.63,2.94
2009-02-02,25.31,0.0,69.37,3.08
2009-02-03,25.72,0.0,71.54,3.19
2009-02-04,26.02,0.0,67.38,3.13
2009-02-05,25.74,0.0,62.94,3.55
2009-02-06,25.55,0.0,65.63,3.82
2009-02-07,25.67,0.0,68.91,4.06
2009-02-08,26.16,0.0,64.47,4.27
2009-02-09,25.91,0.0,62.66,4.59
2009-02-10,25.45,0.0,61.35,3.66
2009-02-11,25.65,0.0,61.45,2.89
2009-02-12,26.55,0.0,60.15,1.89
2009-02-13,26.73,0.0,62.65,2.37
2009-02-14,26.52,0.0,62.11,2.92
2009-02-15,26.37,0.0,60.48,3.06
2009-02-16,25.86,0.0,65.15,3.48
2009-02-17,26.37,0.0,67.37,4.61
2009-02-18,26.51,0.0,63.62,4.53
2009-02-19,26.53,0.0,66.14,4.72
2009-02-20,27.16,0.0,71.63,4.5
2009-02-21,27.99,0.0,70.62,4.5
2009-02-22,28.05,0.0,72.07,4.1
2009-02-23,28.38,0.0,71.79,3.27
2009-02-24,28.7,0.0,68.37,2.19
2009-02-25,29.3,0.0,65.08,1.92
2009-02-26,29.08,0.0,66.21,1.87
2009-02-27,28.77,0.0,63.09,2.04
2009-02-28,28.76,0.0,56.33,1.8
2009-03-01,29.21,0.0,54.47,1.99
2009-03-02,29.38,0.0,58.39,2.28
2009-03-03,29.09,0.0,57.68,2.09
2009-03-04,29.17,0.22,56.56,2.12
2009-03-05,29.46,0.0,55.75,1.93
2009-03-06,29.35,0.0,57.43,2.09
2009-03-07,28.97,0.0,60.05,2.33
2009-03-08,28.85,0.0,62.73,2.84
2009-03-09,27.42,10.48,69.32,4.97
2009-03-10,25.8,5.14,73.33,5.48
2009-03-11,27.0,7.17,80.82,3.29
2009-03-12,28.06,3.07,71.94,2.29
2009-03-13,27.81,1.73,73.11,2.13
2009-03-14,27.8,5.94,74.16,3.06
2009-03-15,28.14,1.03,71.7,2.64
2009-03-16,28.64,0.28,66.86,2.61
2009-03-17,28.33,0.0,61.55,2.17
2009-03-18,28.63,0.0,61.41,2.22
2009-03-19,29.29,0.0,61.22,1.98
2009-03-20,29.41,0.0,59.13,1.79
2009-03-21,29.32,0.0,59.11,2.14
2009-03-22,29.23,0.15,64.14,2.27
2009-03-23,29.0,0.2,65.06,2.87
2009-03-24,28.96,0.5,66.39,3.19
2009-03-25,29.28,0.02,64.09,3.07
2009-03-26,29.69,0.0,62.58,2.42
2009-03-27,30.08,0.12,62.35,2.43
2009-03-28,30.13,0.01,63.21,2.51
2009-03-29,30.11,0.98,60.58,2.32
2009-03-30,30.06,1.4,60.07,2.31
2009-03-31,30.25,0.02,58.9,2.36
2009-04-01,30.65,0.0,59.51,2.88
2009-04-02,30.2,0.07,61.62,2.82
2009-04-03,30.47,0.27,61.71,3.06
2009-04-04,30.5,0.58,62.41,2.95
2009-04-05,30.25,3.05,65.81,2.11
2009-04-06,30.49,1.09,65.4,1.91
2009-04-07,30.02,0.27,68.93,2.11
2009-04-08,29.98,0.16,67.72,1.84
2009-04-09,29.6,2.15,67.12,2.7
2009-04-10,28.54,11.51,73.88,3.87
2009-04-11,27.39,12.29,75.46,2.52
2009-04-12,28.26,1.38,60.51,1.52
2009-04-13,31.01,0.53,59.38,2.44
2009-04-14,31.88,0.29,57.24,3.53
2009-04-15,32.15,0.0,58.76,2.93
2009-04-16,31.38,0.0,63.31,3.32
2009-04-17,30.93,0.0,66.33,4.31
2009-04-18,31.09,0.0,65.12,4.4
2009-04-19,30.78,0.22,65.93,4.73
2009-04-20,30.68,0.4,66.12,3.83
2009-04-21,30.52,0.11,69.84,3.95
2009-04-22,30.54,0.01,69.66,3.75
2009-04-23,30.86,0.0,69.71,3.82
2009-04-24,31.01,0.0,68.61,3.45
2009-04-25,31.01,0.0,68.2,3.48
2009-04-26,30.76,0.02,68.05,3.1
2009-04-27,30.46,0.01,68.76,2.55
2009-04-28,30.93,0.05,65.3,3.17
2009-04-29,31.29,0.06,65.08,4.43
2009-04-30,31.29,0.02,65.02,4.98
2009-05-01,31.7,0.0,64.39,4.37
2009-05-02,32.13,0.0,64.56,3.88
2009-05-03,31.73,0.0,65.45,3.9
2009-05-04,31.46,0.24,64.93,5.07
2009-05-05,31.67,0.01,62.35,3.91
2009-05-06,31.98,0.0,62.43,3.49
2009-05-07,32.19,0.0,59.27,3.58
2009-05-08,31.33,0.65,65.34,4.12
2009-05-09,32.57,0.17,59.78,3.02
2009-05-10,32.48,0.0,60.37,3.64
2009-05-11,32.55,0.0,61.44,3.66
2009-05-12,32.39,0.29,61.98,4.33
2009-05-13,32.73,0.01,59.57,3.85
2009-05-14,31.63,0.0,63.21,4.18
2009-05-15,31.39,5.07,60.57,2.77
2009-05-16,30.72,0.7,60.17,3.17
2009-05-17,31.09,0.03,61.95,3.43
2009-05-18,31.05,1.69,65.37,2.93
2009-05-19,29.62,3.17,70.22,2.16
2009-05-20,28.83,2.1,67.81,4.54
2009-05-21,28.91,0.09,70.97,4.18
2009-05-22,29.91,0.81,68.35,5.28
2009-05-23,30.15,1.13,69.15,5.27
2009-05-24,29.73,2.4,68.18,5.01
2009-05-25,29.09,3.26,71.42,6.37
2009-05-26,29.37,1.16,73.05,5.74
2009-05-27,29.31,0.05,68.65,4.88
2009-05-28,30.36,0.0,68.51,4.49
2009-05-29,31.18,0.17,64.2,3.9
2009-05-30,30.09,0.99,71.53,3.36
2009-05-31,29.33,0.08,72.72,3.83
2009-06-01,30.4,0.04,66.99,5.37
2009-06-02,30.8,0.01,61.69,4.82
2009-06-03,31.98,0.03,58.7,5.12
2009-06-04,31.88,0.12,60.01,5.57
2009-06-05,30.52,1.31,64.96,6.59
2009-06-06,28.77,1.54,68.24,7.32
2009-06-07,29.05,1.54,64.3,6.2
2009-06-08,30.07,0.28,65.62,6.02
2009-06-09,31.18,0.22,60.71,4.64
2009-06-10,30.65,0.05,65.0,4.98
2009-06-11,29.35,1.67,69.63,3.93
2009-06-12,29.77,0.62,70.1,5.36
2009-06-13,29.59,0.08,68.91,4.92
2009-06-14,30.27,0.0,65.39,5.56
2009-06-15,30.1,0.24,66.18,5.7
2009-06-16,30.09,0.28,65.88,6.71
2009-06-17,29.71,0.43,68.62,6.21
2009-06-18,28.9,7.61,72.38,6.0
2009-06-19,28.31,1.94,74.46,5.83
2009-06-20,29.11,0.23,69.55,5.84
2009-06-21,29.01,0.34,71.55,5.45
2009-06-22,28.81,0.16,74.14,5.37
2009-06-23,28.77,0.64,71.89,5.46
2009-06-24,28.93,0.29,69.79,5.34
2009-06-25,29.82,0.36,62.44,5.02
2009-06-26,28.57,0.09,65.42,5.63
2009-06-27,29.25,0.24,63.25,4.99
2009-06-28,30.64,0.14,60.24,4.83
2009-06-29,30.44,1.38,62.18,4.48
2009-06-30,29.86,1.64,65.82,5.0
2009-07-01,28.6,0.68,67.78,6.47
2009-07-02,28.79,1.38,67.44,6.23
2009-07-03,28.9,0.45,68.92,4.9
2009-07-04,28.08,0.17,72.7,5.45
2009-07-05,28.95,0.72,67.08,5.21
2009-07-06,28.57,0.16,69.34,5.54
2009-07-07,28.32,0.06,69.43,4.95
2009-07-08,29.52,1.76,64.39,5.19
2009-07-09,28.83,0.31,65.37,5.35
2009-07-10,30.07,0.03,60.82,4.3
2009-07-11,29.77,0.01,65.92,4.19
2009-07-12,30.17,0.25,63.05,4.57
2009-07-13,30.38,0.28,62.04,5.59
2009-07-14,29.59,0.03,64.62,5.93
2009-07-15,28.8,0.86,65.1,6.72
2009-07-16,27.98,1.55,71.63,6.43
2009-07-17,27.0,3.23,77.61,6.59
2009-07-18,29.0,0.18,66.54,5.0
2009-07-19,29.5,0.05,62.23,4.61
2009-07-20,30.14,0.19,59.65,5.32
2009-07-21,30.06,0.06,58.64,5.23
2009-07-22,30.25,0.01,57.4,4.47
2009-07-23,30.6,0.04,57.07,4.06
2009-07-24,30.12,0.0,58.15,2.78
2009-07-25,30.85,0.01,58.85,3.05
2009-07-26,30.54,0.03,59.47,3.19
2009-07-27,30.57,0.08,61.26,4.29
2009-07-28,29.87,0.23,65.55,4.5
2009-07-29,30.29,1.48,65.15,3.86
2009-07-30,30.5,0.18,59.92,3.36
2009-07-31,29.74,1.59,65.76,4.33
2009-08-01,30.15,0.11,60.98,4.63
2009-08-02,30.48,0.0,60.23,4.38
2009-08-03,31.33,0.0,58.0,3.85
2009-08-04,31.05,0.19,59.05,4.64
2009-08-05,31.23,0.1,59.22,4.8
2009-08-06,30.97,0.0,60.86,4.55
2009-08-07,31.15,0.0,57.95,4.0
2009-08-08,30.85,0.0,59.91,4.36
2009-08-09,31.39,0.0,58.11,4.22
2009-08-10,31.64,0.26,57.21,4.11
2009-08-11,31.07,0.3,60.13,2.83
2009-08-12,30.96,0.29,59.2,2.69
2009-08-13,30.05,11.1,65.57,2.37
2009-08-14,30.0,1.23,68.13,1.71
2009-08-15,28.92,0.3,66.27,2.52
2009-08-16,29.12,11.81,67.61,2.06
2009-08-17,27.27,4.3,73.26,2.03
2009-08-18,28.63,3.45,68.8,2.77
2009-08-19,28.64,0.89,69.9,2.65
2009-08-20,27.36,3.85,76.21,1.61
2009-08-21,27.67,1.53,76.97,4.24
2009-08-22,27.84,0.57,75.07,4.81
2009-08-23,28.79,3.03,70.96,5.57
2009-08-24,29.3,0.33,68.71,5.84
2009-08-25,29.46,0.06,66.49,5.77
2009-08-26,28.89,0.6,69.13,5.15
2009-08-27,29.02,0.33,68.29,5.41
2009-08-28,29.12,0.06,69.63,5.51
2009-08-29,29.81,0.24,66.05,4.03
2009-08-30,29.73,0.02,65.34,3.78
2009-08-31,28.9,0.93,69.87,3.13
2009-09-01,28.32,1.51,73.23,3.97
2009-09-02,28.51,1.18,70.29,5.27
2009-09-03,28.6,0.17,70.44,5.24
2009-09-04,28.85,0.08,66.76,6.18
2009-09-05,29.5,0.16,65.21,6.52
2009-09-06,28.81,0.12,69.53,6.46
2009-09-07,29.9,0.0,67.13,6.02
2009-09-08,30.15,0.0,65.54,5.07
2009-09-09,30.25,0.0,64.73,4.45
2009-09-10,29.89,0.0,64.62,3.7
2009-09-11,30.47,0.0,63.59,3.25
2009-09-12,30.56,2.1,63.87,2.98
2009-09-13,30.63,0.59,65.64,2.89
2009-09-14,31.08,0.01,61.84,4.08
2009-09-15,30.64,0.46,61.31,3.71
2009-09-16,29.83,9.27,70.18,2.92
2009-09-17,28.76,2.46,74.66,2.83
2009-09-18,29.04,3.13,71.76,3.74
2009-09-19,29.46,0.23,66.69,3.97
2009-09-20,29.24,1.5,67.25,3.25
2009-09-21,29.78,0.17,68.65,3.23
2009-09-22,29.33,0.4,69.16,4.65
2009-09-23,29.51,1.29,69.57,4.6
2009-09-24,28.52,0.1,71.2,3.02
2009-09-25,29.61,5.97,67.88,3.75
2009-09-26,29.67,1.79,66.41,3.42
2009-09-27,29.18,0.39,69.44,4.28
2009-09-28,29.78,0.07,69.85,4.94
2009-09-29,29.59,0.01,67.48,5.97
2009-09-30,29.97,0.04,67.17,5.65
2009-10-01,28.99,0.73,68.46,6.72
2009-10-02,27.51,0.26,76.74,7.28
2009-10-03,29.23,0.16,66.94,7.27
2009-10-04,29.85,0.0,65.55,5.84
2009-10-05,30.12,0.0,62.12,4.93
2009-10-06,29.73,0.0,61.7,3.95
2009-10-07,29.99,0.0,62.47,3.6
2009-10-08,29.83,4.94,64.61,2.95
2009-10-09,30.06,0.21,65.78,3.03
2009-10-10,29.78,0.19,65.25,3.1
2009-10-11,29.73,0.28,66.6,3.41
2009-10-12,29.27,0.85,66.55,2.96
2009-10-13,28.74,0.58,68.59,2.31
2009-10-14,29.21,0.07,65.13,2.22
2009-10-15,29.63,0.01,61.96,2.12
2009-10-16,30.39,0.0,57.2,2.06
2009-10-17,30.47,0.0,59.55,2.27
2009-10-18,30.53,0.04,59.18,2.27
2009-10-19,30.05,0.81,62.47,2.22
2009-10-20,30.19,0.11,59.98,2.25
2009-10-21,30.36,0.0,57.63,2.71
2009-10-22,30.25,0.0,55.48,3.72
2009-10-23,29.96,0.0,54.56,3.58
2009-10-24,29.53,0.0,56.65,2.23
2009-10-25,30.04,0.01,56.74,2.27
2009-10-26,30.11,0.03,59.43,3.55
2009-10-27,29.77,0.55,62.58,2.75
2009-10-28,28.37,12.29,75.18,3.76
2009-10-29,27.29,26.13,83.64,3.95
2009-10-30,27.71,13.23,76.77,4.6
2009-10-31,27.57,18.82,80.98,4.14
2009-11-01,27.47,7.26,78.33,3.79
2009-11-02,28.37,1.37,73.41,5.19
2009-11-03,28.09,6.8,77.38,4.23
2009-11-04,26.89,36.54,86.7,4.11
2009-11-05,26.81,32.84,84.52,4.28
2009-11-06,26.18,15.93,87.26,2.54
2009-11-07,26.24,27.42,88.25,3.23
2009-11-08,26.38,38.78,91.92,3.73
2009-11-09,26.6,33.37,88.37,3.57
2009-11-10,26.6,6.58,82.36,3.22
2009-11-11,26.8,4.12,81.01,1.72
2009-11-12,27.36,3.89,83.32,1.33
2009-11-13,26.6,1.97,86.25,2.62
2009-11-14,26.0,21.62,88.68,3.64
2009-11-15,25.33,22.96,91.01,2.5
2009-11-16,26.34,7.77,87.23,2.64
2009-11-17,27.09,3.3,85.1,1.73
2009-11-18,26.13,3.11,87.89,0.81
2009-11-19,26.85,8.52,82.97,1.42
2009-11-20,26.65,7.21,84.93,2.32
2009-11-21,26.12,9.62,85.31,1.31
2009-11-22,26.08,13.47,89.51,2.9
2009-11-23,26.73,2.77,84.05,2.92
2009-11-24,26.84,0.18,81.15,1.69
2009-11-25,26.58,1.56,84.15,2.73
2009-11-26,26.17,0.14,79.58,3.35
2009-11-27,25.26,0.0,74.9,3.15
2009-11-28,25.46,0.13,81.47,3.97
2009-11-29,25.69,1.32,86.06,4.09
2009-11-30,25.47,2.89,88.3,4.25
2009-12-01,25.14,14.56,90.79,3.84
2009-12-02,25.7,11.74,88.74,3.6
2009-12-03,26.43,1.96,86.18,2.52
2009-12-04,26.52,0.98,84.57,2.91
2009-12-05,25.89,0.01,82.72,3.91
2009-12-06,24.26,0.0,78.7,3.47
2009-12-07,24.28,0.0,78.67,3.67
2009-12-08,25.19,0.0,83.09,4.05
2009-12-09,25.42,0.35,85.33,4.85
2009-12-10,24.32,0.28,83.45,5.24
2009-12-11,24.86,0.04,83.12,5.19
2009-12-12,25.38,4.39,88.17,4.67
2009-12-13,26.37,6.39,87.86,4.22
2009-12-14,26.17,10.84,88.73,4.85
2009-12-15,25.94,13.92,89.6,3.56
2009-12-16,26.04,7.3,83.86,2.35
2009-12-17,25.45,1.25,89.18,2.18
2009-12-18,25.27,0.13,88.05,3.43
2009-12-19,25.94,0.13,85.02,3.67
2009-12-20,26.08,2.99,87.15,4.16
2009-12-21,25.94,7.92,90.29,4.86
2009-12-22,25.46,6.71,89.38,4.3
2009-12-23,25.24,7.15,88.6,4.66
2009-12-24,25.23,5.57,87.68,4.63
2009-12-25,25.02,0.73,84.97,4.1
2009-12-26,25.02,0.13,85.2,3.95
2009-12-27,24.53,0.41,86.31,3.63
2009-12-28,25.45,0.01,83.24,3.19
2009-12-29,24.97,0.0,81.55,3.54
2009-12-30,25.04,0.0,81.55,3.15
2009-12-31,25.03,0.0,81.12,2.8
2010-01-01,25.25,0.01,82.72,3.83
2010-01-02,25.13,0.03,83.19,4.42
2010-01-03,24.67,0.24,81.78,4.34
2010-01-04,24.3,0.0,77.86,3.44
2010-01-05,23.6,0.0,78.17,3.0
2010-01-06,24.21,0.0,81.11,3.79
2010-01-07,24.87,0.15,80.97,4.09
2010-01-08,24.31,1.81,88.83,4.04
2010-01-09,25.18,5.28,90.41,3.77
2010-01-10,25.78,2.26,85.36,2.05
2010-01-11,25.99,3.11,83.85,2.21
2010-01-12,26.25,0.2,83.13,2.19
2010-01-13,26.47,0.68,82.69,2.72
2010-01-14,26.61,0.17,79.91,3.51
2010-01-15,26.06,0.0,75.97,4.41
2010-01-16,25.9,0.0,79.58,4.7
2010-01-17,26.01,0.0,76.44,4.7
2010-01-18,26.13,0.0,75.27,3.92
2010-01-19,26.1,0.0,77.17,4.04
2010-01-20,25.84,0.0,76.07,4.22
2010-01-21,25.18,0.0,69.79,4.7
2010-01-22,24.51,0.0,68.17,4.47
2010-01-23,24.53,0.0,71.07,4.47
2010-01-24,25.2,0.16,72.04,3.76
2010-01-25,25.84,0.15,73.79,3.36
2010-01-26,26.4,0.0,73.48,4.11
2010-01-27,26.36,0.0,77.14,4.47
2010-01-28,26.57,0.0,74.68,4.81
2010-01-29,25.88,0.0,72.94,4.69
2010-01-30,26.18,0.0,70.42,4.66
2010-01-31,26.44,0.0,70.82,4.3
2010-02-01,26.24,0.0,69.56,4.16
2010-02-02,25.85,0.0,69.26,4.62
2010-02-03,25.62,0.0,68.95,4.74
2010-02-04,25.41,0.0,69.46,4.17
2010-02-05,24.76,0.0,73.08,4.4
2010-02-06,25.44,0.0,70.26,4.96
2010-02-07,26.05,0.0,67.92,4.89
2010-02-08,25.91,0.0,65.58,4.53
2010-02-09,25.61,0.0,68.57,3.72
2010-02-10,26.28,0.0,70.77,3.13
2010-02-11,26.65,0.0,72.26,3.52
2010-02-12,27.12,0.0,72.22,3.93
2010-02-13,27.51,0.0,71.56,3.76
2010-02-14,27.31,0.0,69.22,3.55
2010-02-15,26.71,0.0,71.46,3.13
2010-02-16,27.36,0.05,66.26,3.39
2010-02-17,27.57,0.01,73.32,3.89
2010-02-18,27.58,0.0,67.36,2.62
2010-02-19,27.33,0.0,69.1,2.6
2010-02-20,27.18,0.0,71.41,2.63
2010-02-21,28.01,0.0,70.47,3.36
2010-02-22,28.16,0.0,70.04,3.39
2010-02-23,28.21,0.0,67.86,2.34
2010-02-24,28.28,0.0,66.26,2.38
2010-02-25,28.48,0.0,66.48,2.28
2010-02-26,28.77,0.0,64.48,2.34
2010-02-27,28.78,0.0,64.15,2.95
2010-02-28,28.62,0.0,63.52,2.78
2010-03-01,28.61,0.0,57.73,3.41
2010-03-02,27.82,0.0,55.21,3.41
2010-03-03,27.45,0.0,55.7,2.85
2010-03-04,28.22,0.0,54.85,2.14
2010-03-05,28.34,0.0,64.23,3.19
2010-03-06,29.54,0.0,69.15,3.62
2010-03-07,30.6,0.0,62.58,3.18
2010-03-08,29.99,0.0,64.27,2.63
2010-03-09,29.61,0.0,65.94,3.08
2010-03-10,29.66,0.0,65.48,3.83
2010-03-11,29.45,0.0,67.23,4.75
2010-03-12,29.38,0.0,64.54,4.46
2010-03-13,29.39,0.0,68.21,4.01
2010-03-14,30.08,0.0,61.2,2.81
2010-03-15,30.38,0.0,56.49,2.08
2010-03-16,29.89,0.0,58.91,2.19
2010-03-17,29.44,0.01,63.42,3.78
2010-03-18,29.36,0.0,64.63,4.55
2010-03-19,29.35,0.0,65.1,3.73
2010-03-20,30.23,0.0,63.16,3.02
2010-03-21,30.61,0.0,56.27,2.16
2010-03-22,30.32,0.0,61.06,1.96
2010-03-23,30.33,0.0,60.69,2.35
2010-03-24,30.32,0.0,63.82,2.11
2010-03-25,30.93,0.0,60.46,2.41
2010-03-26,30.88,0.05,62.8,2.69
2010-03-27,31.03,0.07,64.45,3.81
2010-03-28,31.07,0.01,62.44,3.43
2010-03-29,30.84,0.01,64.77,2.71
2010-03-30,31.36,0.11,64.32,3.74
2010-03-31,31.28,4.36,65.26,4.06
2010-04-01,31.42,0.42,63.9,3.76
2010-04-02,31.46,0.0,63.11,3.87
2010-04-03,30.98,0.0,67.72,2.93
2010-04-04,30.95,0.13,63.08,2.25
2010-04-05,30.91,1.13,64.35,2.36
2010-04-06,31.29,0.29,55.79,2.02
2010-04-07,31.68,0.5,58.87,2.87
2010-04-08,30.73,0.89,67.26,2.82
2010-04-09,30.56,0.04,68.15,1.83
2010-04-10,30.62,0.0,67.82,2.64
2010-04-11,31.51,0.0,64.17,4.6
2010-04-12,31.4,0.0,66.96,4.45
2010-04-13,31.99,0.0,64.71,4.49
2010-04-14,31.75,0.0,65.53,3.48
2010-04-15,31.64,0.01,65.71,2.76
2010-04-16,31.1,0.04,67.95,3.28
2010-04-17,30.61,0.14,69.2,3.31
2010-04-18,31.27,2.2,64.09,3.48
2010-04-19,31.41,0.79,65.53,4.64
2010-04-20,32.17,0.08,63.29,4.09
2010-04-21,32.09,0.0,64.34,3.85
2010-04-22,32.24,0.0,62.54,3.26
2010-04-23,31.94,0.04,66.08,3.48
2010-04-24,31.54,0.01,65.02,3.97
2010-04-25,31.35,0.01,65.86,3.97
2010-04-26,30.18,1.17,64.8,3.13
2010-04-27,30.54,0.96,63.61,2.22
2010-04-28,30.68,0.56,67.34,2.46
2010-04-29,30.12,0.93,71.69,2.07
2010-04-30,29.45,10.3,76.3,1.94
2010-05-01,30.55,1.87,65.18,1.52
2010-05-02,30.68,20.62,68.61,1.4
2010-05-03,29.81,5.8,76.26,1.52
2010-05-04,30.07,3.58,76.7,2.7
2010-05-05,31.19,0.4,70.73,3.55
2010-05-06,32.14,0.29,66.53,3.68
2010-05-07,32.02,0.05,68.43,3.52
2010-05-08,31.36,0.3,70.45,2.96
2010-05-09,31.02,0.15,68.18,3.88
2010-05-10,31.34,0.01,64.61,4.07
2010-05-11,31.59,0.01,67.88,4.86
2010-05-12,32.34,0.0,66.45,4.0
2010-05-13,32.13,0.0,66.55,2.93
2010-05-14,31.55,0.01,69.8,4.37
2010-05-15,31.23,0.05,67.05,3.56
2010-05-16,32.65,0.04,62.66,3.79
2010-05-17,31.79,5.91,66.71,2.97
2010-05-18,30.87,6.03,69.89,6.29
2010-05-19,30.31,1.65,69.97,6.12
2010-05-20,30.92,0.62,65.46,6.94
2010-05-21,31.04,0.13,65.83,5.76
2010-05-22,30.49,0.0,69.84,5.36
2010-05-23,30.27,0.04,69.21,5.92
2010-05-24,30.13,0.02,74.24,6.03
2010-05-25,31.15,0.02,65.41,5.38
2010-05-26,31.32,0.01,64.11,5.47
2010-05-27,31.17,0.09,67.07,5.61
2010-05-28,30.92,3.04,70.55,5.57
2010-05-29,30.99,0.23,69.99,5.76
2010-05-30,30.8,0.05,65.91,5.44
2010-05-31,31.59,0.01,58.1,4.18
2010-06-01,31.46,0.0,60.77,3.82
2010-06-02,31.98,0.34,63.11,3.49
2010-06-03,31.61,0.05,66.11,3.26
2010-06-04,30.43,23.56,76.86,3.85
2010-06-05,30.07,2.41,71.02,4.08
2010-06-06,29.91,0.22,65.25,3.63
2010-06-07,28.96,0.04,67.75,2.65
2010-06-08,30.22,0.0,62.97,3.93
2010-06-09,30.18,1.92,67.27,4.36
2010-06-10,29.18,0.44,73.67,6.56
2010-06-11,28.63,1.36,78.5,5.66
2010-06-12,28.86,0.54,74.63,6.27
2010-06-13,28.99,0.09,72.59,7.63
2010-06-14,30.27,0.01,64.54,5.64
2010-06-15,30.74,0.0,61.39,3.73
2010-06-16,29.64,0.19,68.2,2.85
2010-06-17,29.0,1.55,69.8,4.77
2010-06-18,28.68,4.09,72.56,4.51
2010-06-19,29.42,1.37,70.01,5.57
2010-06-20,30.14,0.13,66.99,5.0
2010-06-21,30.34,1.01,63.56,4.84
2010-06-22,29.52,0.61,69.4,5.67
2010-06-23,28.92,0.57,73.24,6.42
2010-06-24,29.07,0.08,65.08,5.7
2010-06-25,29.5,0.03,60.76,5.18
2010-06-26,30.51,0.02,59.43,5.07
2010-06-27,30.53,0.01,65.03,4.79
2010-06-28,30.25,0.57,68.39,5.0
2010-06-29,30.35,0.06,64.76,4.6
2010-06-30,29.81,0.01,62.82,6.43
2010-07-01,28.58,0.02,60.93,6.36
2010-07-02,29.69,0.11,61.11,6.04
2010-07-03,29.98,0.33,61.63,5.4
2010-07-04,29.95,0.11,63.7,4.7
2010-07-05,30.23,0.02,60.02,4.76
2010-07-06,29.04,0.01,60.37,3.42
2010-07-07,29.39,9.67,64.69,1.98
2010-07-08,28.26,7.38,71.49,2.17
2010-07-09,28.18,1.22,73.93,1.6
2010-07-10,29.05,0.6,72.05,2.28
2010-07-11,29.15,0.02,72.53,4.43
2010-07-12,29.32,0.18,69.73,5.77
2010-07-13,28.21,12.13,73.76,5.01
2010-07-14,28.89,4.77,71.64,3.74
2010-07-15,28.81,5.67,72.36,4.01
2010-07-16,28.9,0.27,69.9,4.95
2010-07-17,29.04,0.92,66.15,5.51
2010-07-18,29.1,0.64,68.38,5.66
2010-07-19,27.72,0.67,73.11,6.35
2010-07-20,28.15,0.08,69.89,6.11
2010-07-21,29.31,0.14,68.35,4.53
2010-07-22,29.67,0.01,64.82,2.67
2010-07-23,29.9,0.01,61.01,3.39
2010-07-24,29.65,0.0,60.87,4.36
2010-07-25,29.38,0.01,59.91,5.19
2010-07-26,30.3,0.06,58.3,4.88
2010-07-27,29.56,0.03,66.38,5.12
2010-07-28,29.68,0.02,63.5,4.88
2010-07-29,30.09,0.04,61.09,4.3
2010-07-30,29.59,0.0,61.38,4.21
2010-07-31,29.95,0.0,60.27,3.61
2010-08-01,30.53,0.0,60.41,3.47
2010-08-02,30.86,0.01,57.96,3.15
2010-08-03,30.38,0.02,58.93,4.42
2010-08-04,30.0,0.01,63.08,5.39
2010-08-05,29.79,0.02,67.44,3.92
2010-08-06,30.87,0.0,60.51,3.93
2010-08-07,30.48,0.01,63.03,4.1
2010-08-08,30.29,1.92,66.33,4.17
2010-08-09,30.06,4.28,66.47,3.22
2010-08-10,30.59,0.09,62.78,2.68
2010-08-11,30.86,0.04,59.44,3.11
2010-08-12,28.69,0.06,71.08,3.24
2010-08-13,27.93,6.65,76.64,3.2
2010-08-14,27.76,0.21,76.04,3.67
2010-08-15,28.61,0.56,73.86,4.66
2010-08-16,28.49,0.25,70.61,4.87
2010-08-17,29.27,0.04,66.06,4.37
2010-08-18,29.6,0.0,59.38,3.78
2010-08-19,29.72,0.55,62.95,2.22
2010-08-20,27.87,24.64,77.66,1.16
2010-08-21,27.83,12.81,74.2,2.49
2010-08-22,28.45,1.7,71.99,2.36
2010-08-23,29.85,0.61,64.43,1.65
2010-08-24,29.11,1.14,68.85,2.89
2010-08-25,28.8,0.1,67.49,4.06
2010-08-26,29.69,0.0,65.43,4.81
2010-08-27,29.45,0.04,66.51,3.96
2010-08-28,29.1,0.58,71.09,4.2
2010-08-29,28.28,8.05,76.97,5.02
2010-08-30,27.35,1.31,74.5,5.63
2010-08-31,28.65,0.29,65.87,2.77
2010-09-01,29.53,0.0,61.82,2.7
2010-09-02,29.76,0.02,62.48,2.51
2010-09-03,29.84,2.69,65.86,2.93
2010-09-04,29.33,0.03,66.37,3.78
2010-09-05,29.62,0.0,65.78,4.72
2010-09-06,29.34,0.0,65.91,4.53
2010-09-07,29.68,0.01,66.66,4.47
2010-09-08,29.69,0.04,65.45,4.07
2010-09-09,28.83,5.64,71.22,3.9
2010-09-10,27.79,3.92,76.93,3.92
2010-09-11,29.03,2.75,68.6,2.75
2010-09-12,29.38,2.01,69.12,1.63
2010-09-13,29.14,5.72,68.27,2.3
2010-09-14,28.86,1.13,66.97,3.97
2010-09-15,29.63,0.49,66.15,4.21
2010-09-16,29.17,0.9,67.33,4.18
2010-09-17,29.9,0.75,65.86,4.45
2010-09-18,29.03,4.24,66.58,4.61
2010-09-19,29.13,0.36,66.54,3.58
2010-09-20,29.01,0.23,68.42,2.85
2010-09-21,28.83,0.84,69.39,2.08
2010-09-22,27.61,5.34,75.38,1.92
2010-09-23,28.21,3.61,75.82,1.97
2010-09-24,28.11,6.15,76.24,3.52
2010-09-25,29.09,0.53,68.14,3.83
2010-09-26,28.1,17.32,74.55,2.55
2010-09-27,27.48,13.2,81.16,2.67
2010-09-28,27.24,16.57,81.04,1.66
2010-09-29,26.63,31.35,84.88,2.12
2010-09-30,26.77,13.74,81.08,1.17
2010-10-01,27.73,5.01,75.87,1.55
2010-10-02,27.13,11.81,79.66,1.36
2010-10-03,27.0,20.26,82.56,1.86
2010-10-04,27.78,5.8,80.84,2.07
2010-10-05,27.09,3.57,85.91,3.91
2010-10-06,27.19,1.85,84.27,5.31
2010-10-07,27.16,1.74,83.42,5.25
2010-10-08,27.2,5.76,86.79,4.82
2010-10-09,27.58,6.07,85.11,3.88
2010-10-10,27.45,0.44,81.65,4.1
2010-10-11,27.49,0.0,81.37,4.22
2010-10-12,27.36,0.0,80.93,3.76
2010-10-13,28.33,0.07,75.54,3.51
2010-10-14,27.69,0.39,78.8,3.28
2010-10-15,27.5,0.08,80.1,4.49
2010-10-16,28.19,0.01,74.37,4.17
2010-10-17,27.82,0.03,76.13,4.05
2010-10-18,27.67,12.51,77.61,3.95
2010-10-19,27.78,4.71,78.62,2.39
2010-10-20,27.93,0.25,80.31,2.19
2010-10-21,28.0,2.13,79.35,2.71
2010-10-22,27.67,0.13,78.43,4.35
2010-10-23,28.32,0.67,75.92,4.12
2010-10-24,28.65,0.06,72.75,3.69
2010-10-25,28.64,0.0,74.4,2.97
2010-10-26,28.06,5.97,79.29,2.54
2010-10-27,27.76,8.03,80.82,1.51
2010-10-28,27.11,20.34,78.97,1.07
2010-10-29,26.86,30.21,81.57,1.94
2010-10-30,26.38,16.12,84.5,1.7
2010-10-31,26.73,7.5,84.44,1.41
2010-11-01,26.77,3.56,80.0,1.95
2010-11-02,27.12,0.03,81.74,2.74
2010-11-03,27.41,14.02,82.62,2.13
2010-11-04,27.0,12.02,84.71,1.16
2010-11-05,26.87,30.01,82.26,1.61
2010-11-06,26.1,10.63,83.25,2.07
2010-11-07,25.56,0.28,85.87,3.02
2010-11-08,27.11,0.7,86.22,4.33
2010-11-09,26.88,1.59,86.16,2.16
2010-11-10,26.64,18.85,87.09,1.52
2010-11-11,26.36,10.49,84.35,2.17
2010-11-12,26.47,6.51,82.53,1.61
2010-11-13,27.21,2.94,81.24,1.8
2010-11-14,27.01,0.14,82.13,2.49
2010-11-15,26.89,0.15,82.63,2.2
2010-11-16,26.34,27.6,85.6,1.94
2010-11-17,26.2,13.47,85.48,2.06
2010-11-18,26.49,7.13,84.12,2.12
2010-11-19,26.38,6.85,83.73,2.39
2010-11-20,25.96,20.79,86.8,1.66
2010-11-21,25.42,15.01,88.53,1.84
2010-11-22,25.5,43.81,84.97,2.21
2010-11-23,25.89,6.27,84.37,1.74
2010-11-24,25.62,42.15,89.3,3.19
2010-11-25,25.44,47.27,92.65,3.67
2010-11-26,24.97,18.76,92.79,3.38
2010-11-27,24.32,27.83,90.54,3.53
2010-11-28,25.42,24.95,92.2,3.78
2010-11-29,26.2,2.27,87.87,3.3
2010-11-30,25.8,16.81,88.86,3.34
2010-12-01,25.49,10.95,92.66,3.25
2010-12-02,25.64,18.86,89.92,2.6
2010-12-03,25.38,21.41,93.23,3.92
2010-12-04,24.35,4.38,92.74,4.6
2010-12-05,23.09,7.52,89.76,4.43
2010-12-06,24.21,0.79,81.75,2.16
2010-12-07,25.53,8.3,86.19,2.08
2010-12-08,25.79,8.56,92.21,3.83
2010-12-09,25.74,1.86,92.41,3.03
2010-12-10,25.92,0.17,87.93,3.05
2010-12-11,25.92,0.44,84.77,2.16
2010-12-12,26.21,1.59,83.41,1.39
2010-12-13,25.29,0.81,84.6,1.56
2010-12-14,25.16,2.48,80.28,1.43
2010-12-15,25.29,9.4,85.89,1.8
2010-12-16,25.85,7.03,84.17,2.16
2010-12-17,25.63,4.96,86.16,2.68
2010-12-18,25.28,2.68,86.73,3.99
2010-12-19,24.04,0.34,85.37,4.29
2010-12-20,25.73,4.75,87.88,3.56
2010-12-21,24.72,6.46,90.33,5.07
2010-12-22,23.54,0.01,84.12,4.25
2010-12-23,23.57,0.0,82.1,3.49
2010-12-24,23.19,0.28,85.63,3.98
2010-12-25,23.66,0.14,86.97,4.54
2010-12-26,23.9,0.0,85.57,4.0
2010-12-27,23.76,0.23,84.1,3.94
2010-12-28,23.04,3.28,90.22,4.28
2010-12-29,23.91,2.4,91.98,3.04
2010-12-30,24.85,0.68,87.5,4.36
2010-12-31,24.75,0.1,87.65,3.51
2011-01-01,24.97,1.15,88.64,2.66
2011-01-02,25.37,0.89,88.34,2.54
2011-01-03,24.91,0.46,88.21,3.23
2011-01-04,24.04,3.4,90.14,3.97
2011-01-05,23.99,0.27,88.61,4.97
2011-01-06,24.54,0.41,87.03,4.39
2011-01-07,24.45,0.4,89.43,4.62
2011-01-08,25.34,0.07,87.8,3.93
2011-01-09,25.0,0.05,87.3,3.42
2011-01-10,24.23,0.11,91.23,3.15
2011-01-11,24.15,0.01,84.25,3.51
2011-01-12,23.11,0.17,87.23,3.71
2011-01-13,23.16,0.04,82.85,4.33
2011-01-14,23.74,0.13,84.25,4.57
2011-01-15,24.54,5.01,86.56,4.57
2011-01-16,24.87,5.34,87.03,4.35
2011-01-17,24.97,0.01,85.54,2.91
2011-01-18,24.29,0.0,82.68,3.19
2011-01-19,22.94,0.0,81.14,2.95
2011-01-20,23.21,0.0,82.3,2.96
2011-01-21,23.86,0.0,82.62,3.41
2011-01-22,24.17,0.03,80.17,4.06
2011-01-23,24.2,0.05,82.19,4.33
2011-01-24,24.35,0.04,79.89,4.6
2011-01-25,24.29,0.03,80.46,4.26
2011-01-26,24.43,0.13,84.82,4.84
2011-01-27,24.7,0.07,81.22,4.82
2011-01-28,24.81,0.01,84.38,4.25
2011-01-29,25.37,0.15,82.7,4.7
2011-01-30,25.36,0.85,83.89,4.9
2011-01-31,25.11,0.39,81.83,5.1
2011-02-01,24.81,0.25,83.82,5.01
2011-02-02,24.75,0.08,80.05,5.39
2011-02-03,24.53,0.6,84.37,5.07
2011-02-04,24.61,0.17,82.67,4.6
2011-02-05,24.82,0.01,80.95,4.67
2011-02-06,24.75,0.26,80.84,4.7
2011-02-07,25.06,0.08,81.55,4.57
2011-02-08,25.26,0.0,74.71,3.86
2011-02-09,25.21,0.05,78.32,3.36
2011-02-10,24.83,0.08,73.88,3.93
2011-02-11,24.73,0.0,74.62,3.86
2011-02-12,25.19,0.0,72.52,3.82
2011-02-13,24.63,0.0,70.96,3.83
2011-02-14,25.12,0.0,71.55,2.63
2011-02-15,25.83,0.0,71.61,2.29
2011-02-16,26.64,0.0,72.24,2.01
2011-02-17,27.21,0.0,71.55,1.88
2011-02-18,27.35,0.0,73.78,1.91
2011-02-19,27.89,0.0,74.13,2.04
2011-02-20,27.88,0.0,74.65,2.11
2011-02-21,27.66,0.18,76.86,2.12
2011-02-22,27.3,1.82,78.25,2.86
2011-02-23,27.46,4.39,74.37,3.3
2011-02-24,26.87,12.24,77.49,2.96
2011-02-25,27.24,0.64,70.55,2.9
2011-02-26,27.26,0.52,69.06,3.05
2011-02-27,27.03,0.0,69.7,3.88
2011-02-28,27.04,0.03,70.54,4.72
2011-03-01,27.25,0.02,70.5,4.95
2011-03-02,27.16,0.0,66.64,4.62
2011-03-03,27.11,0.0,70.22,4.16
2011-03-04,27.64,0.0,71.63,3.34
2011-03-05,28.16,0.0,69.28,2.93
2011-03-06,27.76,0.0,68.22,3.2
2011-03-07,26.97,0.0,69.1,3.13
2011-03-08,27.61,0.0,66.06,2.67
2011-03-09,28.54,0.0,60.08,2.17
2011-03-10,27.95,0.0,59.85,2.17
2011-03-11,27.94,0.0,56.25,2.02
2011-03-12,28.42,0.01,67.96,3.38
2011-03-13,29.05,0.05,69.85,4.7
2011-03-14,28.72,0.08,71.01,4.8
2011-03-15,29.1,0.05,68.27,4.66
2011-03-16,28.75,0.03,68.56,4.87
2011-03-17,28.04,0.0,66.19,5.03
2011-03-18,27.72,0.0,67.78,4.04
2011-03-19,28.85,0.0,69.29,2.98
2011-03-20,29.23,0.0,69.03,2.15
2011-03-21,29.7,0.0,67.11,2.62
2011-03-22,30.06,0.0,65.91,2.69
2011-03-23,29.62,0.0,64.52,2.37
2011-03-24,29.86,0.01,64.99,2.49
2011-03-25,30.42,0.22,64.83,2.39
2011-03-26,30.21,0.03,62.53,2.66
2011-03-27,30.16,0.0,65.01,2.48
2011-03-28,30.36,0.0,61.66,2.3
2011-03-29,30.31,0.01,61.9,2.41
2011-03-30,29.99,0.0,62.55,2.4
2011-03-31,29.95,0.0,64.38,2.7
2011-04-01,30.28,0.0,64.38,3.51
2011-04-02,30.48,0.0,65.1,4.25
2011-04-03,30.66,0.01,64.33,4.01
2011-04-04,30.76,0.05,62.56,3.91
2011-04-05,30.63,0.0,60.61,3.63
2011-04-06,30.1,0.0,57.81,2.95
2011-04-07,30.11,0.0,56.87,3.28
2011-04-08,29.98,0.05,62.3,2.54
2011-04-09,30.73,1.23,60.74,2.41
2011-04-10,29.63,2.15,67.73,2.4
2011-04-11,29.72,0.37,67.4,2.43
2011-04-12,30.19,0.48,65.42,2.77
2011-04-13,30.17,0.53,67.53,2.46
2011-04-14,30.32,0.2,66.95,3.08
2011-04-15,30.29,0.28,65.64,2.65
2011-04-16,30.09,0.12,62.77,2.87
2011-04-17,30.39,1.11,61.4,2.06
2011-04-18,29.8,0.69,65.44,2.45
2011-04-19,29.2,0.39,69.7,2.9
2011-04-20,29.35,1.06,63.66,2.96
2011-04-21,29.44,5.15,66.42,2.05
2011-04-22,28.08,16.26,78.82,2.04
2011-04-23,27.36,25.44,83.04,4.54
2011-04-24,28.19,13.07,75.36,2.42
2011-04-25,28.36,4.85,75.34,2.38
2011-04-26,29.31,1.19,70.34,1.87
2011-04-27,29.33,1.16,71.82,1.69
2011-04-28,29.19,0.46,75.62,2.49
2011-04-29,29.86,0.31,73.2,3.25
2011-04-30,30.5,0.09,68.8,4.01
2011-05-01,30.31,0.33,69.52,3.3
2011-05-02,30.47,0.1,70.14,3.16
2011-05-03,29.84,13.31,76.56,3.63
2011-05-04,30.27,0.03,70.65,2.64
2011-05-05,29.96,0.0,69.64,4.41
2011-05-06,30.32,0.0,66.1,4.94
2011-05-07,30.96,0.0,66.73,3.94
2011-05-08,31.43,0.0,58.8,4.15
2011-05-09,30.59,0.0,58.42,5.07
2011-05-10,30.77,0.0,59.74,5.65
2011-05-11,30.46,0.0,58.61,5.25
2011-05-12,30.26,0.0,62.03,4.69
2011-05-13,30.71,0.11,62.85,4.5
2011-05-14,31.0,0.0,64.17,4.6
2011-05-15,31.5,0.0,62.63,4.78
2011-05-16,30.66,0.0,66.15,4.41
2011-05-17,30.34,0.01,67.79,4.01
2011-05-18,30.82,0.0,66.43,4.41
2011-05-19,30.6,0.26,66.01,4.7
2011-05-20,30.02,13.64,73.6,5.23
2011-05-21,30.38,1.23,69.55,4.8
2011-05-22,29.81,0.0,68.49,4.54
2011-05-23,31.49,0.02,62.82,3.45
2011-05-24,31.47,0.31,65.4,3.08
2011-05-25,31.18,0.08,68.04,2.12
2011-05-26,30.81,0.01,66.91,3.0
2011-05-27,30.61,0.29,66.22,4.58
2011-05-28,30.87,0.05,63.28,3.57
2011-05-29,30.66,0.03,62.52,4.3
2011-05-30,30.7,1.23,68.62,5.38
2011-05-31,29.55,11.63,72.09,5.8
2011-06-01,29.52,2.62,71.83,6.2
2011-06-02,28.55,1.86,74.14,6.96
2011-06-03,28.68,1.44,76.45,5.11
2011-06-04,29.69,0.38,71.5,4.84
2011-06-05,30.0,0.07,69.1,5.37
2011-06-06,30.4,0.04,65.86,4.91
2011-06-07,30.81,0.0,65.22,4.2
2011-06-08,29.99,0.0,70.78,5.13
2011-06-09,30.01,0.5,71.0,5.39
2011-06-10,29.92,0.04,69.95,5.74
2011-06-11,29.82,0.0,69.72,5.56
2011-06-12,29.45,0.0,70.92,5.52
2011-06-13,28.85,0.18,68.91,6.29
2011-06-14,28.85,0.15,66.04,6.98
2011-06-15,29.65,0.02,59.53,4.98
2011-06-16,28.76,0.03,68.34,5.39
2011-06-17,29.81,0.12,59.25,5.22
2011-06-18,29.87,0.04,58.21,4.06
2011-06-19,30.9,0.02,61.4,4.6
2011-06-20,30.63,0.0,61.15,4.5
2011-06-21,30.45,0.0,61.12,3.31
2011-06-22,30.57,0.0,60.91,4.27
2011-06-23,31.24,0.0,59.22,3.43
2011-06-24,31.8,0.02,57.68,3.57
2011-06-25,30.63,0.06,62.82,3.48
2011-06-26,31.27,0.01,59.34,4.35
2011-06-27,30.93,0.01,55.99,5.27
2011-06-28,31.18,0.0,49.99,4.58
2011-06-29,31.43,0.0,52.02,3.16
2011-06-30,30.9,0.01,56.49,2.85
2011-07-01,31.0,0.97,59.52,2.7
2011-07-02,31.07,0.01,55.02,2.45
2011-07-03,30.55,0.06,55.96,3.25
2011-07-04,31.72,0.6,51.91,2.93
2011-07-05,29.9,3.71,53.74,3.84
2011-07-06,30.16,0.13,58.89,4.65
2011-07-07,30.08,10.47,63.34,3.48
2011-07-08,29.73,1.13,63.3,3.27
2011-07-09,28.22,8.51,71.73,3.7
2011-07-10,29.33,0.95,65.02,2.73
2011-07-11,29.67,0.06,66.9,3.34
2011-07-12,28.58,0.02,65.52,6.0
2011-07-13,29.0,0.25,59.73,4.8
2011-07-14,29.74,0.04,52.3,6.03
2011-07-15,29.62,0.2,58.13,5.86
2011-07-16,29.14,0.21,63.5,7.24
2011-07-17,28.72,0.05,66.97,5.91
2011-07-18,29.44,0.02,64.46,5.76
2011-07-19,29.76,0.01,60.41,4.33
2011-07-20,30.25,0.01,59.65,4.76
2011-07-21,30.58,0.01,58.38,4.86
2011-07-22,30.05,0.01,58.54,4.87
2011-07-23,30.51,0.02,59.63,4.56
2011-07-24,29.46,0.01,61.99,4.71
2011-07-25,28.57,0.03,65.09,4.61
2011-07-26,30.32,0.53,57.41,3.86
2011-07-27,29.69,0.06,58.65,5.18
2011-07-28,30.19,2.66,56.96,3.83
2011-07-29,29.47,0.12,58.18,5.09
2011-07-30,28.52,0.0,64.92,4.49
2011-07-31,30.43,0.0,62.6,4.55
2011-08-01,31.5,0.0,56.32,3.66
2011-08-02,30.72,0.01,60.72,5.31
2011-08-03,28.84,0.02,69.21,6.16
2011-08-04,29.93,0.01,60.49,5.9
2011-08-05,30.02,0.53,62.43,5.17
2011-08-06,29.97,0.33,59.08,5.12
2011-08-07,30.86,0.03,58.54,4.41
2011-08-08,30.22,3.43,63.53,3.95
2011-08-09,30.11,1.81,64.93,3.72
2011-08-10,30.9,0.08,59.99,3.5
2011-08-11,30.94,0.09,58.88,3.29
2011-08-12,30.83,0.06,56.14,2.96
2011-08-13,30.32,0.06,58.02,2.86
2011-08-14,29.36,0.01,61.81,2.64
2011-08-15,29.04,11.14,69.96,2.21
2011-08-16,29.11,1.58,68.86,3.21
2011-08-17,28.46,6.2,71.71,2.96
2011-08-18,28.64,0.9,69.25,3.47
2011-08-19,29.62,0.01,63.54,3.43
2011-08-20,29.78,0.58,65.59,4.22
2011-08-21,29.81,0.05,64.18,3.87
2011-08-22,29.46,0.01,64.21,4.34
2011-08-23,29.97,0.01,62.78,4.36
2011-08-24,28.89,2.59,65.25,4.99
2011-08-25,29.37,0.32,66.04,4.82
2011-08-26,29.12,0.09,67.65,5.01
2011-08-27,29.14,0.0,67.7,5.89
2011-08-28,29.19,0.02,68.15,5.13
2011-08-29,28.79,0.07,69.93,5.63
2011-08-30,29.48,0.07,62.73,5.21
2011-08-31,29.96,0.45,64.56,5.45
2011-09-01,30.37,0.11,62.58,6.25
2011-09-02,28.84,1.07,69.8,5.1
2011-09-03,29.59,0.03,64.17,4.92
2011-09-04,30.35,0.03,63.1,4.46
2011-09-05,30.92,0.72,60.7,3.81
2011-09-06,30.17,0.45,60.62,4.48
2011-09-07,29.81,0.0,63.46,5.34
2011-09-08,29.22,12.72,71.22,4.17
2011-09-09,28.9,2.87,72.19,3.77
2011-09-10,29.38,0.97,67.35,4.73
2011-09-11,29.51,0.26,65.83,4.73
2011-09-12,29.04,7.81,68.57,4.08
2011-09-13,29.42,0.13,59.32,4.11
2011-09-14,29.88,0.03,59.01,3.71
2011-09-15,29.63,1.62,63.62,4.76
2011-09-16,30.15,0.07,64.23,4.18
2011-09-17,29.88,0.6,66.52,4.48
2011-09-18,29.55,0.03,67.36,4.27
2011-09-19,30.14,0.03,63.75,4.75
2011-09-20,30.2,0.03,64.31,4.55
2011-09-21,29.37,6.16,67.73,4.07
2011-09-22,30.05,0.03,63.71,3.99
2011-09-23,29.68,0.0,60.75,3.5
2011-09-24,30.14,0.52,62.1,3.98
2011-09-25,30.43,0.12,63.48,4.23
2011-09-26,30.33,3.46,64.15,4.12
2011-09-27,30.46,0.13,63.51,2.7
2011-09-28,30.2,0.0,62.79,2.48
2011-09-29,29.67,4.26,65.68,1.99
2011-09-30,29.21,16.29,73.64,1.28
2011-10-01,28.38,5.02,77.97,1.49
2011-10-02,28.85,2.45,73.87,2.2
2011-10-03,29.52,2.32,69.88,2.13
2011-10-04,28.64,4.29,75.04,1.9
2011-10-05,28.69,5.37,74.48,2.07
2011-10-06,29.08,2.05,72.12,3.08
2011-10-07,28.68,1.88,73.51,2.72
2011-10-08,29.63,0.37,67.73,3.17
2011-10-09,29.5,0.46,67.59,2.66
2011-10-10,29.32,0.08,69.05,2.58
2011-10-11,29.23,2.01,69.43,2.39
2011-10-12,27.73,9.8,75.42,1.88
2011-10-13,27.85,10.23,76.27,1.27
2011-10-14,28.92,3.51,73.27,1.49
2011-10-15,28.19,2.83,79.55,1.77
2011-10-16,28.09,10.72,81.96,2.95
2011-10-17,27.65,7.54,79.81,3.56
2011-10-18,27.26,18.03,77.87,2.12
2011-10-19,27.86,3.11,75.98,2.56
2011-10-20,28.56,0.02,72.88,2.87
2011-10-21,28.66,0.07,74.33,2.09
2011-10-22,27.78,2.12,79.12,2.04
2011-10-23,27.18,2.39,77.86,2.66
2011-10-24,27.63,12.68,77.39,3.01
2011-10-25,26.58,19.92,83.27,3.64
2011-10-26,26.68,15.9,83.69,4.55
2011-10-27,27.42,15.01,80.74,3.59
2011-10-28,26.88,12.45,84.53,4.01
2011-10-29,26.25,15.11,86.83,4.42
2011-10-30,26.1,15.69,86.18,2.62
2011-10-31,26.77,14.26,83.67,3.04
2011-11-01,26.23,30.42,90.22,2.95
2011-11-02,25.7,3.24,86.78,2.4
2011-11-03,25.59,27.03,85.68,2.04
2011-11-04,26.55,2.94,80.23,2.2
2011-11-05,27.19,0.82,80.53,1.42
2011-11-06,27.09,1.8,80.89,0.77
2011-11-07,27.21,2.36,81.7,2.41
2011-11-08,25.84,0.01,78.12,3.59
2011-11-09,25.24,0.0,73.95,3.32
2011-11-10,25.21,0.0,70.94,2.93
2011-11-11,26.09,0.0,78.68,2.61
2011-11-12,26.51,0.01,82.57,2.3
2011-11-13,26.73,0.04,81.25,3.15
2011-11-14,26.77,1.15,81.44,3.35
2011-11-15,26.35,2.26,80.9,4.08
2011-11-16,25.57,3.34,82.27,4.41
2011-11-17,26.31,6.69,85.61,4.12
2011-11-18,26.78,9.03,84.18,3.79
2011-11-19,26.01,12.5,84.81,4.99
2011-11-20,25.64,2.55,82.73,5.26
2011-11-21,26.0,4.99,85.2,4.87
2011-11-22,26.01,1.73,82.74,5.0
2011-11-23,25.87,5.56,84.56,5.19
2011-11-24,26.18,16.33,89.25,5.6
2011-11-25,26.35,31.84,91.93,5.86
2011-11-26,26.49,28.0,90.16,5.35
2011-11-27,26.12,19.6,89.46,3.22
2011-11-28,25.84,12.79,87.12,1.89
2011-11-29,26.47,3.52,84.73,2.23
2011-11-30,26.74,6.06,87.88,3.99
2011-12-01,26.61,10.06,85.3,2.86
2011-12-02,26.44,1.56,82.76,2.17
2011-12-03,26.49,0.57,78.34,1.65
2011-12-04,26.12,0.14,79.66,2.05
2011-12-05,25.38,0.03,82.03,2.97
2011-12-06,25.29,0.0,83.25,3.86
2011-12-07,24.82,0.0,79.82,4.47
2011-12-08,25.21,0.48,81.12,3.8
2011-12-09,26.07,1.32,85.52,3.08
2011-12-10,26.64,2.94,84.6,3.26
2011-12-11,26.02,3.35,88.42,3.41
2011-12-12,25.05,2.05,91.17,4.16
2011-12-13,25.21,3.5,90.27,4.54
2011-12-14,25.88,8.76,87.6,4.62
2011-12-15,25.96,3.99,84.43,3.78
2011-12-16,25.61,3.13,80.66,4.47
2011-12-17,24.91,0.27,80.72,4.8
2011-12-18,23.96,18.63,87.28,5.51
2011-12-19,23.95,13.15,88.22,5.0
2011-12-20,23.9,1.39,85.46,5.21
2011-12-21,24.41,0.0,81.41,4.57
2011-12-22,24.17,0.22,82.37,4.66
2011-12-23,23.73,0.25,84.67,4.44
2011-12-24,23.96,0.14,83.0,4.28
2011-12-25,24.0,0.01,82.59,4.39
2011-12-26,23.72,0.0,81.19,3.87
2011-12-27,24.17,0.0,72.45,1.99
2011-12-28,25.23,0.0,64.51,1.0
2011-12-29,25.35,0.15,67.89,1.81
2011-12-30,25.69,6.22,83.88,3.89
2011-12-31,25.71,4.4,82.8,3.35
2012-01-01,24.73,0.03,82.66,2.09
2012-01-02,25.65,0.0,83.7,1.76
2012-01-03,25.93,0.0,84.14,2.65
2012-01-04,26.38,0.02,85.16,3.6
2012-01-05,26.52,0.01,81.87,3.92
2012-01-06,26.06,0.03,79.34,3.94
2012-01-07,25.66,0.2,79.65,4.03
2012-01-08,26.0,6.19,84.09,4.35
2012-01-09,26.46,2.78,82.53,3.32
2012-01-10,26.34,0.76,77.64,3.11
2012-01-11,25.85,1.65,74.16,2.82
2012-01-12,25.98,0.99,74.85,3.6
2012-01-13,25.85,0.02,75.82,4.55
2012-01-14,25.39,0.13,73.34,5.08
2012-01-15,24.09,0.0,70.02,4.91
2012-01-16,23.72,0.0,69.56,3.79
2012-01-17,24.05,0.0,67.32,3.1
2012-01-18,24.05,0.0,65.53,2.41
2012-01-19,24.79,0.0,67.78,2.14
2012-01-20,25.0,0.0,69.54,2.28
2012-01-21,25.04,0.0,70.94,3.17
2012-01-22,24.53,0.0,69.82,4.06
2012-01-23,24.81,0.0,69.82,4.45
2012-01-24,25.35,0.0,64.76,4.02
2012-01-25,24.83,0.0,64.12,3.99
2012-01-26,25.58,0.14,66.59,4.01
2012-01-27,25.9,1.14,72.95,3.57
2012-01-28,26.19,0.0,70.99,3.93
2012-01-29,26.04,0.0,67.82,3.93
2012-01-30,25.88,0.04,66.62,4.26
2012-01-31,25.69,0.52,68.68,4.54
2012-02-01,25.56,0.09,69.45,5.2
2012-02-02,25.37,0.04,72.48,5.33
2012-02-03,26.23,0.0,70.16,5.47
2012-02-04,26.5,0.0,69.51,4.85
2012-02-05,26.54,0.0,73.98,4.38
2012-02-06,26.34,0.03,77.19,3.73
2012-02-07,27.34,0.01,73.82,4.42
2012-02-08,26.89,0.01,76.43,3.62
2012-02-09,27.56,0.04,77.12,3.15
2012-02-10,27.17,0.13,75.69,3.34
2012-02-11,27.32,0.08,71.6,3.42
2012-02-12,26.98,0.0,70.21,3.78
2012-02-13,26.85,0.0,72.55,4.23
2012-02-14,27.41,0.0,70.32,4.18
2012-02-15,27.55,0.01,68.64,2.48
2012-02-16,27.71,0.0,68.21,2.77
2012-02-17,27.13,0.0,71.48,3.24
2012-02-18,26.72,0.0,69.48,4.12
2012-02-19,26.94,0.0,69.44,4.5
2012-02-20,27.37,0.0,64.83,4.0
2012-02-21,27.55,0.0,64.02,3.53
2012-02-22,27.01,0.0,65.66,3.92
2012-02-23,26.85,0.0,65.74,4.39
2012-02-24,26.47,0.0,64.63,3.7
2012-02-25,27.02,0.0,62.76,4.45
2012-02-26,27.45,0.0,61.18,4.21
2012-02-27,27.79,0.0,63.92,3.91
2012-02-28,28.63,0.02,69.08,2.91
2012-02-29,29.52,0.04,67.63,3.17
2012-03-01,29.46,0.0,68.21,2.32
2012-03-02,29.53,0.0,67.31,2.55
2012-03-03,29.66,0.0,67.45,4.11
2012-03-04,29.49,0.0,67.04,4.04
2012-03-05,29.15,0.0,67.37,2.63
2012-03-06,29.63,0.0,61.21,2.52
2012-03-07,29.84,0.0,62.54,2.97
2012-03-08,30.77,0.0,60.85,3.47
2012-03-09,30.83,0.0,55.63,2.94
2012-03-10,30.29,0.0,61.26,2.72
2012-03-11,29.61,0.06,61.49,3.95
2012-03-12,28.15,5.54,71.79,3.54
2012-03-13,29.02,1.67,70.07,3.84
2012-03-14,29.39,0.15,65.49,3.18
2012-03-15,29.73,1.45,66.2,3.52
2012-03-16,30.08,0.08,64.17,2.83
2012-03-17,30.15,0.08,60.95,2.46
2012-03-18,29.79,0.0,58.47,2.19
2012-03-19,29.84,0.0,60.6,2.52
2012-03-20,29.83,0.0,64.81,3.31
2012-03-21,29.8,0.01,65.83,3.78
2012-03-22,30.09,0.04,64.45,3.29
2012-03-23,30.21,0.0,58.2,2.26
2012-03-24,29.8,0.0,52.68,2.88
2012-03-25,29.11,0.0,52.09,3.41
2012-03-26,28.83,0.0,55.14,3.26
2012-03-27,29.48,0.05,63.47,2.93
2012-03-28,30.29,0.16,61.61,2.59
2012-03-29,29.44,0.08,67.69,1.85
2012-03-30,30.94,0.01,62.48,3.37
2012-03-31,30.51,7.12,64.13,2.67
2012-04-01,29.42,9.8,70.02,2.46
2012-04-02,28.96,0.38,66.65,2.44
2012-04-03,29.93,0.28,61.09,2.26
2012-04-04,30.13,0.01,63.8,3.03
2012-04-05,30.72,0.01,63.8,3.37
2012-04-06,30.8,0.05,65.1,3.59
2012-04-07,30.57,0.06,66.05,3.23
2012-04-08,30.5,0.12,65.86,2.89
2012-04-09,30.15,0.04,67.1,2.63
2012-04-10,30.66,0.02,65.4,3.34
2012-04-11,30.85,0.08,64.21,3.29
2012-04-12,31.05,0.49,63.86,3.35
2012-04-13,30.47,0.19,65.73,2.74
2012-04-14,29.41,2.38,71.19,1.88
2012-04-15,29.7,0.91,68.83,2.04
2012-04-16,29.69,0.43,68.95,2.03
2012-04-17,31.27,0.04,63.19,3.34
2012-04-18,31.25,0.03,61.39,4.03
2012-04-19,30.79,0.03,65.04,3.28
2012-04-20,30.62,0.15,64.81,4.14
2012-04-21,31.91,0.06,60.78,3.43
2012-04-22,31.6,0.01,63.77,2.78
2012-04-23,31.37,0.19,64.41,3.19
2012-04-24,29.55,27.16,75.35,2.45
2012-04-25,27.82,4.26,79.69,3.1
2012-04-26,28.59,9.48,77.14,2.29
2012-04-27,29.62,1.63,72.7,4.54
2012-04-28,29.93,0.03,70.24,5.0
2012-04-29,29.68,0.47,75.17,4.23
2012-04-30,30.04,0.27,71.18,3.96
2012-05-01,29.44,3.52,73.71,4.56
2012-05-02,29.95,0.1,70.58,3.75
2012-05-03,30.33,0.04,69.62,5.24
2012-05-04,29.91,0.25,71.58,5.17
2012-05-05,30.22,0.06,68.93,4.65
2012-05-06,31.38,0.0,61.62,3.19
2012-05-07,31.47,2.92,62.75,3.09
2012-05-08,30.14,17.04,72.96,3.43
2012-05-09,30.27,2.68,70.68,3.4
2012-05-10,30.13,5.03,69.56,2.97
2012-05-11,29.88,6.08,74.6,2.73
2012-05-12,29.68,1.21,73.77,3.98
2012-05-13,30.47,0.0,69.48,3.64
2012-05-14,30.63,0.19,69.71,4.58
2012-05-15,30.07,0.41,73.02,4.91
2012-05-16,30.42,0.04,71.68,4.47
2012-05-17,30.78,0.0,70.44,4.35
2012-05-18,29.76,0.06,73.66,3.27
2012-05-19,30.91,0.01,70.68,4.05
2012-05-20,30.57,0.3,71.55,3.29
2012-05-21,29.57,0.18,68.1,5.72
2012-05-22,29.25,0.0,70.96,4.77
2012-05-23,30.48,0.01,66.01,4.82
2012-05-24,30.71,0.0,67.08,5.97
2012-05-25,28.52,0.0,77.69,5.39
2012-05-26,27.91,0.0,78.16,4.66
2012-05-27,29.75,0.0,69.32,6.16
2012-05-28,30.27,0.0,69.94,5.49
2012-05-29,29.83,0.0,70.16,4.35
2012-05-30,29.71,0.0,71.09,4.58
2012-05-31,30.51,0.0,67.04,5.34
2012-06-01,31.08,0.0,59.08,3.62
2012-06-02,31.43,0.0,62.67,5.16
2012-06-03,30.6,7.07,69.02,5.7
2012-06-04,30.27,0.46,69.47,5.5
2012-06-05,30.75,0.02,62.74,5.7
2012-06-06,30.01,0.05,62.66,6.32
2012-06-07,29.63,0.01,64.64,5.75
2012-06-08,30.51,0.0,60.52,4.36
2012-06-09,30.8,0.0,58.02,4.53
2012-06-10,30.2,0.0,63.26,3.9
2012-06-11,30.86,0.0,62.48,4.32
2012-06-12,30.63,0.01,61.83,5.64
2012-06-13,29.63,1.17,60.29,4.84
2012-06-14,29.4,2.79,65.83,5.1
2012-06-15,29.96,0.78,65.62,5.36
2012-06-16,30.04,0.76,64.81,5.7
2012-06-17,29.48,1.81,60.18,5.99
2012-06-18,29.36,0.05,59.48,5.59
2012-06-19,29.63,0.11,66.03,5.85
2012-06-20,29.09,0.01,68.74,5.87
2012-06-21,28.93,0.05,68.75,5.42
2012-06-22,29.72,0.01,65.96,4.72
2012-06-23,30.43,0.0,63.28,4.99
2012-06-24,30.06,0.0,65.55,4.91
2012-06-25,30.3,0.0,64.09,4.42
2012-06-26,29.77,0.12,65.45,4.66
2012-06-27,30.0,0.02,60.9,3.57
2012-06-28,29.03,0.29,63.86,3.51
2012-06-29,29.59,0.02,62.9,4.48
2012-06-30,29.77,0.02,61.97,5.1
2012-07-01,29.79,0.13,59.45,6.16
2012-07-02,29.11,0.06,62.09,6.67
2012-07-03,30.18,0.01,59.43,6.35
2012-07-04,30.78,0.0,60.89,5.48
2012-07-05,31.12,0.0,60.07,5.37
2012-07-06,30.81,0.0,60.83,4.89
2012-07-07,30.59,0.0,61.66,4.22
2012-07-08,30.98,0.0,59.15,3.41
2012-07-09,29.68,0.25,67.12,5.04
2012-07-10,30.56,0.14,60.85,4.61
2012-07-11,31.66,0.06,54.43,3.7
2012-07-12,32.19,0.11,52.52,3.11
2012-07-13,31.88,3.42,55.64,3.12
2012-07-14,30.05,0.61,63.0,2.06
2012-07-15,29.48,0.36,67.3,2.32
2012-07-16,29.07,0.34,70.01,1.94
2012-07-17,29.77,3.56,69.78,2.99
2012-07-18,30.36,0.3,61.5,3.23
2012-07-19,30.58,0.0,60.58,3.86
2012-07-20,30.89,0.01,62.34,4.69
2012-07-21,30.86,0.0,59.71,5.07
2012-07-22,31.52,0.02,56.54,4.57
2012-07-23,30.89,0.0,59.21,4.24
2012-07-24,31.2,0.0,58.53,3.82
2012-07-25,31.34,0.01,57.07,3.74
2012-07-26,31.8,0.0,54.3,4.02
2012-07-27,31.73,0.0,53.94,2.98
2012-07-28,31.2,0.0,56.23,4.18
2012-07-29,30.64,0.0,59.86,4.26
2012-07-30,30.73,0.0,59.34,4.65
2012-07-31,31.12,0.0,58.63,4.72
2012-08-01,31.04,0.0,57.8,4.67
2012-08-02,31.47,0.0,55.36,4.85
2012-08-03,31.08,0.0,58.45,5.36
2012-08-04,31.34,0.0,57.76,5.91
2012-08-05,30.97,0.02,60.22,5.22
2012-08-06,30.65,0.01,60.42,4.85
2012-08-07,30.58,0.71,59.74,5.09
2012-08-08,29.97,0.66,64.54,5.36
2012-08-09,30.74,0.07,59.88,4.43
2012-08-10,30.36,0.04,61.18,5.56
2012-08-11,29.39,9.44,67.37,5.44
2012-08-12,29.1,0.74,68.12,5.04
2012-08-13,29.14,0.01,68.13,4.23
2012-08-14,29.87,0.16,61.65,3.7
2012-08-15,29.96,1.83,65.71,3.73
2012-08-16,28.66,11.05,72.22,3.39
2012-08-17,27.95,3.19,72.58,4.55
2012-08-18,28.66,0.04,66.26,3.96
2012-08-19,29.83,0.0,58.58,3.44
2012-08-20,29.9,0.0,63.01,4.17
2012-08-21,30.01,1.95,63.51,3.82
2012-08-22,29.67,0.17,66.32,3.62
2012-08-23,30.01,0.04,65.9,5.45
2012-08-24,29.47,11.74,70.11,4.5
2012-08-25,28.26,0.85,74.4,5.22
2012-08-26,28.71,0.23,70.41,4.02
2012-08-27,29.65,0.09,62.47,3.99
2012-08-28,29.73,0.15,63.76,4.55
2012-08-29,28.96,0.22,68.69,4.92
2012-08-30,27.96,0.07,75.19,5.7
2012-08-31,28.49,0.52,72.33,6.19
2012-09-01,29.74,0.13,65.1,5.02
2012-09-02,30.7,0.06,63.14,4.6
2012-09-03,29.04,0.06,71.55,5.05
2012-09-04,28.71,0.03,66.01,6.45
2012-09-05,30.44,0.03,62.07,4.75
2012-09-06,30.66,1.27,63.58,4.75
2012-09-07,30.24,1.01,65.23,3.01
2012-09-08,29.89,0.59,61.79,3.82
2012-09-09,29.04,1.24,63.62,4.19
2012-09-10,29.87,0.12,59.36,3.81
2012-09-11,30.29,0.09,56.95,3.26
2012-09-12,30.66,0.0,58.07,4.03
2012-09-13,30.44,0.18,61.74,4.6
2012-09-14,30.0,0.27,65.52,5.52
2012-09-15,29.74,0.81,66.37,4.78
2012-09-16,31.07,0.7,59.26,2.76
2012-09-17,30.75,3.41,61.54,3.08
2012-09-18,29.96,3.32,65.56,3.07
2012-09-19,30.23,0.2,64.34,3.77
2012-09-20,30.9,0.01,61.31,5.24
2012-09-21,30.3,0.12,64.2,5.41
2012-09-22,30.69,0.63,61.97,5.11
2012-09-23,30.55,0.14,61.04,4.93
2012-09-24,30.52,5.61,62.96,4.54
2012-09-25,30.48,0.18,61.2,3.78
2012-09-26,30.22,1.98,62.93,3.08
2012-09-27,28.36,16.06,75.42,2.49
2012-09-28,28.23,11.45,75.55,2.42
2012-09-29,29.61,1.12,66.89,2.28
2012-09-30,29.54,1.14,66.5,4.15
2012-10-01,29.56,0.02,64.15,5.19
2012-10-02,29.82,0.0,65.5,5.61
2012-10-03,30.09,0.0,64.55,5.22
2012-10-04,30.04,0.0,64.26,4.81
2012-10-05,30.42,0.0,63.48,4.37
2012-10-06,29.76,0.0,65.3,4.11
2012-10-07,29.57,18.59,71.82,2.27
2012-10-08,28.8,5.38,76.27,1.08
2012-10-09,28.67,9.34,75.57,2.28
2012-10-10,28.26,3.58,77.39,2.08
2012-10-11,29.26,3.49,71.75,2.52
2012-10-12,28.21,2.97,77.2,2.18
2012-10-13,28.01,1.59,76.01,2.46
2012-10-14,27.08,13.95,83.37,2.22
2012-10-15,26.79,8.75,83.05,2.86
2012-10-16,26.53,7.86,82.12,2.79
2012-10-17,26.96,17.16,79.63,1.75
2012-10-18,27.35,15.13,80.2,3.15
2012-10-19,26.51,40.27,88.25,3.62
2012-10-20,26.27,7.87,87.92,3.57
2012-10-21,26.72,11.69,87.24,2.43
2012-10-22,26.85,18.94,85.81,3.29
2012-10-23,26.81,20.57,86.33,3.44
2012-10-24,26.56,8.9,87.49,3.06
2012-10-25,26.8,0.31,85.34,2.85
2012-10-26,27.28,1.61,83.57,2.92
2012-10-27,27.23,2.96,84.3,3.56
2012-10-28,26.76,14.21,86.57,4.43
2012-10-29,26.5,15.7,86.92,3.81
2012-10-30,25.58,7.18,87.96,3.7
2012-10-31,26.21,6.46,83.38,4.64
2012-11-01,26.57,0.55,87.34,6.75
2012-11-02,27.29,0.09,83.55,4.29
2012-11-03,27.23,0.0,82.39,3.58
2012-11-04,26.88,0.02,80.34,1.99
2012-11-05,26.8,0.01,79.69,1.97
2012-11-06,26.98,0.78,80.82,1.49
2012-11-07,26.92,1.53,82.54,1.54
2012-11-08,26.66,11.34,84.02,1.18
2012-11-09,26.68,5.09,85.89,2.39
2012-11-10,27.05,0.56,82.54,3.06
2012-11-11,26.72,0.05,81.06,3.45
2012-11-12,26.47,0.14,81.55,3.6
2012-11-13,25.97,0.08,81.79,4.31
2012-11-14,25.28,0.03,76.49,4.46
2012-11-15,25.05,0.01,75.59,3.97
2012-11-16,25.15,0.02,72.54,4.15
2012-11-17,25.96,0.03,75.09,3.23
2012-11-18,26.58,0.0,72.95,2.05
2012-11-19,27.4,0.0,69.86,1.31
2012-11-20,27.62,0.0,69.1,1.49
2012-11-21,27.98,0.0,69.29,1.38
2012-11-22,28.0,4.06,76.42,1.61
2012-11-23,27.69,10.95,82.47,1.98
2012-11-24,27.07,7.85,82.96,3.18
2012-11-25,26.29,16.17,89.7,4.29
2012-11-26,26.21,2.75,86.12,4.18
2012-11-27,26.3,0.26,81.57,4.36
2012-11-28,26.19,0.0,76.33,4.49
2012-11-29,25.64,0.0,74.37,3.91
2012-11-30,24.89,0.0,73.18,3.29
2012-12-01,25.28,0.0,70.63,3.36
2012-12-02,25.48,0.05,74.54,3.73
2012-12-03,26.39,3.05,82.08,4.0
2012-12-04,26.55,2.13,85.25,4.26
2012-12-05,26.8,0.18,77.7,3.98
2012-12-06,26.89,23.51,85.19,4.43
2012-12-07,26.62,1.52,82.28,4.16
2012-12-08,26.66,0.43,83.11,3.71
2012-12-09,26.07,2.57,77.13,3.1
2012-12-10,25.27,0.0,77.92,2.97
2012-12-11,26.11,0.0,76.71,2.91
2012-12-12,26.32,0.0,75.76,2.86
2012-12-13,26.3,0.0,75.2,3.04
2012-12-14,26.3,0.0,73.92,4.1
2012-12-15,25.94,0.06,77.77,4.95
2012-12-16,26.1,0.13,74.4,5.61
2012-12-17,26.14,0.15,72.41,6.34
2012-12-18,26.17,0.92,75.94,5.58
2012-12-19,25.86,1.77,79.76,4.42
2012-12-20,26.35,1.12,81.08,4.71
2012-12-21,26.8,0.69,78.0,4.83
2012-12-22,26.47,0.4,74.53,5.1
2012-12-23,26.14,0.72,74.48,5.26
2012-12-24,26.65,0.36,75.13,4.8
2012-12-25,26.61,3.87,79.74,5.49
2012-12-26,26.87,6.23,79.61,4.96
2012-12-27,26.05,11.91,85.9,5.53
2012-12-28,26.06,3.71,88.86,4.25
2012-12-29,26.98,1.03,85.53,4.34
2012-12-30,27.43,0.63,82.22,3.33
2012-12-31,27.49,0.27,76.33,3.9
2013-01-01,27.44,0.0,74.89,3.59
2013-01-02,26.75,0.0,72.75,3.53
2013-01-03,27.16,0.02,76.31,3.49
2013-01-04,27.12,0.02,76.9,2.78
2013-01-05,27.23,0.0,77.49,3.16
2013-01-06,27.64,0.02,75.35,3.89
2013-01-07,27.12,3.22,74.03,4.16
2013-01-08,26.17,12.66,85.11,3.74
2013-01-09,26.21,7.27,84.45,4.09
2013-01-10,26.46,0.88,75.21,4.58
2013-01-11,26.45,0.0,75.14,4.26
2013-01-12,26.28,0.0,70.18,4.34
2013-01-13,25.74,0.0,64.92,4.5
2013-01-14,25.33,0.0,70.06,3.69
2013-01-15,25.76,0.0,70.48,4.2
2013-01-16,26.04,0.0,66.96,4.48
2013-01-17,25.98,0.0,65.61,4.32
2013-01-18,26.25,0.0,66.97,4.11
2013-01-19,26.52,0.02,65.48,4.0
2013-01-20,26.47,0.13,72.79,3.92
2013-01-21,27.22,0.0,68.78,4.65
2013-01-22,26.46,0.0,66.79,4.79
2013-01-23,26.91,0.01,71.42,4.58
2013-01-24,27.25,0.01,68.69,4.73
2013-01-25,26.82,0.02,68.6,4.77
2013-01-26,26.34,0.0,67.84,4.64
2013-01-27,26.49,0.0,68.57,4.55
2013-01-28,26.82,0.0,66.35,4.18
2013-01-29,26.85,0.0,67.4,3.74
2013-01-30,26.75,0.01,68.69,4.26
2013-01-31,26.41,0.0,67.19,5.12
2013-02-01,26.19,0.0,64.65,4.76
2013-02-02,26.43,0.0,68.74,4.53
2013-02-03,26.61,0.0,68.27,4.54
2013-02-04,27.31,0.37,70.89,3.66
2013-02-05,27.3,3.22,76.11,3.76
2013-02-06,27.6,0.58,73.11,3.91
2013-02-07,27.96,0.0,67.23,2.83
2013-02-08,28.06,0.0,69.65,2.12
2013-02-09,28.06,0.0,70.43,3.7
2013-02-10,27.86,0.0,66.8,4.9
2013-02-11,27.79,3.8,70.16,5.25
2013-02-12,27.79,3.24,71.87,5.3
2013-02-13,27.09,7.97,79.2,4.49
2013-02-14,26.36,10.76,76.85,2.65
2013-02-15,26.5,0.62,74.21,2.77
2013-02-16,28.3,0.12,66.91,2.6
2013-02-17,29.2,0.49,67.6,3.33
2013-02-18,29.05,1.51,68.87,3.25
2013-02-19,28.1,5.16,73.89,2.83
2013-02-20,28.43,0.66,69.09,4.24
2013-02-21,27.91,0.0,64.82,4.93
2013-02-22,27.35,0.0,65.98,4.78
2013-02-23,27.62,0.0,64.74,4.18
2013-02-24,27.22,0.0,66.49,3.59
2013-02-25,27.33,0.0,64.93,3.31
2013-02-26,27.1,0.0,64.1,3.51
2013-02-27,27.45,0.0,62.88,3.73
2013-02-28,28.35,0.0,63.41,3.71
2013-03-01,28.33,0.0,64.09,3.97
2013-03-02,27.94,0.0,65.75,4.68
2013-03-03,28.39,0.0,61.82,4.8
2013-03-04,28.24,5.3,69.32,4.85
2013-03-05,27.5,21.43,79.93,4.61
2013-03-06,27.48,7.19,83.25,4.12
2013-03-07,28.41,0.45,76.6,4.84
2013-03-08,28.2,3.7,75.94,3.81
2013-03-09,28.53,1.56,74.69,2.97
2013-03-10,29.1,0.01,68.64,2.68
2013-03-11,28.85,0.02,67.38,2.6
2013-03-12,28.66,0.0,61.67,2.4
2013-03-13,28.89,0.0,61.17,2.5
2013-03-14,28.64,0.0,64.42,2.44
2013-03-15,28.77,1.93,67.99,3.4
2013-03-16,28.25,3.85,67.77,3.06
2013-03-17,29.35,0.01,62.34,3.48
2013-03-18,29.09,0.0,63.52,3.04
2013-03-19,29.06,0.0,64.51,2.64
2013-03-20,29.57,0.0,66.42,2.91
2013-03-21,29.13,0.0,62.4,2.66
2013-03-22,29.14,0.0,58.42,2.49
2013-03-23,29.06,0.0,57.08,2.18
2013-03-24,29.48,0.7,61.71,2.72
2013-03-25,29.8,0.55,61.63,2.28
2013-03-26,29.77,0.06,66.5,2.66
2013-03-27,29.77,0.1,70.24,2.56
2013-03-28,30.21,0.13,68.96,2.91
2013-03-29,30.84,0.11,65.34,3.26
2013-03-30,30.6,0.04,67.69,3.3
2013-03-31,30.43,0.01,66.54,2.79
2013-04-01,30.82,0.0,63.21,3.03
2013-04-02,31.2,0.01,62.39,3.55
2013-04-03,30.56,0.0,65.68,3.05
2013-04-04,31.31,0.0,65.03,3.76
2013-04-05,32.0,0.0,60.66,4.48
2013-04-06,32.08,0.0,62.31,4.69
2013-04-07,31.59,0.0,64.74,4.66
2013-04-08,31.16,0.0,65.41,3.82
2013-04-09,30.77,0.04,68.38,3.16
2013-04-10,31.0,0.03,62.96,3.09
2013-04-11,30.84,0.03,62.76,3.0
2013-04-12,31.44,0.17,61.38,2.71
2013-04-13,31.66,0.5,62.06,2.62
2013-04-14,31.39,0.79,63.76,3.53
2013-04-15,30.45,8.27,69.89,3.35
2013-04-16,31.53,0.35,64.09,3.58
2013-04-17,31.7,0.03,64.61,4.66
2013-04-18,31.86,0.0,61.54,4.35
2013-04-19,32.07,0.0,58.42,3.11
2013-04-20,32.01,0.0,59.79,3.89
2013-04-21,31.29,0.64,61.12,4.41
2013-04-22,30.89,0.23,63.73,4.53
2013-04-23,31.02,0.03,62.82,3.83
2013-04-24,31.18,2.79,63.92,3.04
2013-04-25,30.87,1.5,65.42,2.57
2013-04-26,30.18,0.33,68.48,2.37
2013-04-27,30.55,0.03,66.81,2.57
2013-04-28,31.74,0.03,63.79,3.96
2013-04-29,32.46,0.64,62.06,3.76
2013-04-30,31.31,0.57,69.4,2.95
2013-05-01,30.27,5.77,68.91,2.51
2013-05-02,30.5,2.85,69.78,4.12
2013-05-03,30.98,0.06,68.23,4.89
2013-05-04,31.24,0.04,68.52,4.68
2013-05-05,30.59,0.06,72.19,2.93
2013-05-06,30.95,0.23,66.4,1.65
2013-05-07,31.25,2.7,66.92,2.67
2013-05-08,31.2,3.91,67.28,3.22
2013-05-09,31.08,0.67,67.05,3.85
2013-05-10,31.62,0.0,65.44,3.15
2013-05-11,32.4,0.0,61.8,4.01
2013-05-12,31.48,1.42,64.9,4.11
2013-05-13,28.88,1.17,70.27,4.11
2013-05-14,30.69,0.03,64.24,5.01
2013-05-15,32.03,0.0,58.03,4.7
2013-05-16,31.81,0.0,58.14,3.34
2013-05-17,33.1,0.0,53.77,4.48
2013-05-18,32.33,0.0,56.49,4.59
2013-05-19,32.11,0.15,62.28,4.91
2013-05-20,31.06,0.1,67.63,5.42
2013-05-21,30.84,0.01,58.82,5.45
2013-05-22,31.11,0.02,64.63,6.59
2013-05-23,31.24,0.01,64.8,6.27
2013-05-24,31.21,0.01,66.9,6.27
2013-05-25,31.9,1.06,59.26,4.62
2013-05-26,30.68,0.12,58.92,3.18
2013-05-27,30.44,0.01,62.05,4.68
2013-05-28,29.58,0.01,65.83,4.82
2013-05-29,30.39,0.0,63.0,3.41
2013-05-30,30.49,8.67,65.67,4.0
2013-05-31,29.22,3.3,70.51,5.89
2013-06-01,29.21,0.18,67.66,5.98
2013-06-02,29.9,0.79,63.6,5.57
2013-06-03,30.27,0.3,62.67,4.88
2013-06-04,30.71,0.33,62.1,3.85
2013-06-05,31.48,0.01,59.38,3.39
2013-06-06,30.9,0.68,63.46,4.42
2013-06-07,29.84,0.23,64.64,5.07
2013-06-08,29.14,0.07,67.7,6.03
2013-06-09,30.6,0.02,60.35,5.26
2013-06-10,31.15,0.01,56.84,4.78
2013-06-11,30.11,0.14,64.04,5.48
2013-06-12,29.57,0.17,61.28,6.81
2013-06-13,30.2,0.03,56.62,6.75
2013-06-14,30.69,0.0,61.8,5.91
2013-06-15,30.5,0.19,63.88,6.35
2013-06-16,30.34,0.12,64.11,6.42
2013-06-17,29.75,0.09,62.03,5.95
2013-06-18,29.97,0.12,59.57,4.7
2013-06-19,30.42,0.14,61.76,5.25
2013-06-20,30.37,0.02,59.03,4.92
2013-06-21,30.64,0.13,58.92,5.64
2013-06-22,29.95,0.24,56.6,5.64
2013-06-23,30.59,0.13,57.08,5.76
2013-06-24,30.22,0.07,63.93,5.75
2013-06-25,30.04,0.09,66.97,5.82
2013-06-26,29.81,0.16,66.4,4.92
2013-06-27,30.43,0.18,62.35,3.52
2013-06-28,30.4,0.01,59.37,3.83
2013-06-29,30.5,0.16,60.57,3.89
2013-06-30,30.53,0.04,60.44,4.91
2013-07-01,30.18,0.01,55.86,4.87
2013-07-02,29.54,0.02,57.52,5.49
2013-07-03,29.27,0.03,61.59,6.18
2013-07-04,30.5,0.02,58.94,5.53
2013-07-05,29.89,0.01,61.06,4.51
2013-07-06,31.0,0.11,55.48,2.57
2013-07-07,29.94,0.08,60.24,3.05
2013-07-08,29.88,0.17,60.24,4.37
2013-07-09,29.4,0.06,62.77,5.3
2013-07-10,29.69,0.55,59.82,5.03
2013-07-11,30.07,0.03,54.98,4.64
2013-07-12,30.67,0.02,56.48,4.65
2013-07-13,30.18,0.0,57.32,4.38
2013-07-14,30.89,0.02,56.98,3.14
2013-07-15,30.68,0.01,58.95,3.81
2013-07-16,30.4,0.04,57.93,5.37
2013-07-17,29.94,0.04,60.69,5.34
2013-07-18,30.22,0.16,59.93,5.88
2013-07-19,29.73,0.23,61.75,5.6
2013-07-20,29.44,0.09,63.67,5.26
2013-07-21,29.56,0.1,60.51,4.57
2013-07-22,29.65,0.03,61.01,5.31
2013-07-23,29.05,0.14,62.74,6.38
2013-07-24,29.35,0.28,62.56,6.9
2013-07-25,29.55,0.09,63.57,6.48
2013-07-26,29.55,0.05,62.84,5.94
2013-07-27,30.47,0.01,61.2,3.35
2013-07-28,30.82,0.01,57.77,2.8
2013-07-29,30.28,0.0,54.23,3.93
2013-07-30,30.42,0.0,54.6,5.72
2013-07-31,30.23,0.0,59.52,6.51
2013-08-01,30.17,0.03,61.15,6.35
2013-08-02,30.32,0.02,58.1,5.84
2013-08-03,30.55,0.04,53.72,3.94
2013-08-04,29.33,5.55,61.76,4.17
2013-08-05,28.57,3.11,64.85,4.73
2013-08-06,29.34,0.15,61.31,3.96
2013-08-07,29.42,0.36,61.72,2.89
2013-08-08,29.23,0.58,63.17,2.46
2013-08-09,29.18,4.14,66.88,2.26
2013-08-10,28.81,22.8,72.46,1.56
2013-08-11,29.31,0.61,69.39,1.98
2013-08-12,29.38,0.21,66.14,2.52
2013-08-13,29.48,0.05,65.37,2.97
2013-08-14,29.99,0.08,59.52,3.27
2013-08-15,29.48,0.05,64.51,3.37
2013-08-16,29.37,1.18,66.58,4.16
2013-08-17,29.38,3.21,67.97,4.86
2013-08-18,29.21,1.63,69.36,5.2
2013-08-19,29.75,0.06,66.02,4.03
2013-08-20,29.9,0.0,64.99,5.21
2013-08-21,30.08,0.0,64.18,4.87
2013-08-22,30.26,0.0,61.35,4.01
2013-08-23,30.05,0.0,62.28,3.63
2013-08-24,30.04,0.0,59.91,3.22
2013-08-25,30.59,0.02,60.14,2.87
2013-08-26,29.62,4.54,64.76,2.47
2013-08-27,29.06,19.9,72.29,2.09
2013-08-28,28.64,20.94,77.26,1.47
2013-08-29,29.08,4.43,74.15,1.62
2013-08-30,28.79,0.4,75.65,1.55
2013-08-31,29.54,0.31,71.16,1.68
2013-09-01,28.73,0.3,75.58,2.84
2013-09-02,28.47,0.18,76.57,4.25
2013-09-03,28.38,2.94,73.77,5.18
2013-09-04,27.91,2.5,73.78,4.2
2013-09-05,27.91,6.67,74.44,4.1
2013-09-06,26.42,13.08,81.07,3.52
2013-09-07,27.75,0.74,73.47,2.91
2013-09-08,28.25,3.21,72.16,2.5
2013-09-09,28.12,0.91,70.02,3.75
2013-09-10,28.17,1.65,70.97,3.99
2013-09-11,28.27,3.69,73.22,5.03
2013-09-12,28.22,0.76,73.85,5.15
2013-09-13,28.12,0.07,74.92,4.89
2013-09-14,29.01,0.03,70.95,4.18
2013-09-15,28.72,0.03,71.56,6.1
2013-09-16,28.92,0.1,73.75,6.2
2013-09-17,28.69,1.09,72.84,6.46
2013-09-18,28.72,0.05,69.84,5.45
2013-09-19,29.08,0.04,70.12,5.83
2013-09-20,29.1,0.01,72.53,5.81
2013-09-21,29.05,0.0,72.6,5.32
2013-09-22,29.72,0.0,68.16,4.25
2013-09-23,30.36,0.0,64.77,3.44
2013-09-24,30.09,0.0,63.79,3.96
2013-09-25,30.36,0.66,64.0,3.95
2013-09-26,29.98,0.04,66.56,4.03
2013-09-27,29.94,0.0,66.42,3.72
2013-09-28,30.34,0.0,63.91,4.42
2013-09-29,30.33,0.05,61.51,4.27
2013-09-30,29.65,0.03,64.44,4.5
2013-10-01,30.35,0.04,63.45,3.96
2013-10-02,29.99,0.18,66.87,4.43
2013-10-03,29.45,0.86,67.11,4.77
2013-10-04,29.56,0.0,61.27,5.21
2013-10-05,29.26,0.0,57.68,4.58
2013-10-06,29.19,0.0,65.99,4.08
2013-10-07,29.91,0.03,64.34,4.28
2013-10-08,28.69,6.34,75.71,4.36
2013-10-09,27.86,1.09,68.75,3.92
2013-10-10,29.24,1.05,66.29,2.75
2013-10-11,30.21,0.22,63.4,3.83
2013-10-12,30.53,0.01,61.06,4.08
2013-10-13,30.43,0.01,63.74,4.12
2013-10-14,30.17,0.01,65.06,3.19
2013-10-15,30.25,7.17,67.87,2.31
2013-10-16,28.82,18.89,78.42,1.26
2013-10-17,28.28,6.07,78.24,1.13
2013-10-18,27.12,16.75,78.46,1.17
2013-10-19,26.41,44.08,84.42,1.72
2013-10-20,26.16,19.87,83.86,1.59
2013-10-21,25.96,14.12,86.21,1.94
2013-10-22,26.54,2.11,86.8,3.18
2013-10-23,27.58,0.01,82.32,3.89
2013-10-24,27.91,0.11,79.82,4.05
2013-10-25,27.67,0.76,79.71,3.95
2013-10-26,27.88,0.07,77.42,3.86
2013-10-27,28.04,0.01,76.41,3.55
2013-10-28,27.22,0.0,77.77,2.72
2013-10-29,27.23,0.02,75.97,2.42
2013-10-30,27.47,0.03,75.17,1.75
2013-10-31,27.11,4.04,80.31,1.15
2013-11-01,27.09,2.34,82.15,2.81
2013-11-02,27.05,16.88,86.06,2.72
2013-11-03,26.93,9.46,86.57,3.49
2013-11-04,26.73,6.91,84.07,2.85
2013-11-05,27.18,7.31,84.62,3.91
2013-11-06,27.31,4.05,81.53,3.85
2013-11-07,27.07,0.94,81.19,3.74
2013-11-08,27.25,0.84,74.86,4.09
2013-11-09,26.79,0.84,75.52,4.03
2013-11-10,27.3,1.09,78.09,3.86
2013-11-11,27.57,1.46,77.44,4.09
2013-11-12,27.27,1.07,76.44,3.21
2013-11-13,26.37,1.34,75.71,2.97
2013-11-14,26.96,0.36,76.73,2.93
2013-11-15,26.52,0.7,74.75,4.37
2013-11-16,26.47,4.82,79.11,4.29
2013-11-17,26.82,5.06,80.92,2.62
2013-11-18,27.13,4.23,80.06,3.92
2013-11-19,27.09,2.22,79.38,2.85
2013-11-20,27.25,2.44,75.29,1.9
2013-11-21,27.81,2.72,76.11,1.54
2013-11-22,27.89,0.42,74.15,1.98
2013-11-23,27.72,2.27,76.32,2.12
2013-11-24,26.33,14.86,83.22,1.34
2013-11-25,26.65,6.18,81.85,2.69
2013-11-26,27.26,0.12,78.06,2.45
2013-11-27,27.21,0.02,77.03,2.43
2013-11-28,26.91,0.0,73.3,2.26
2013-11-29,26.86,0.0,72.3,2.7
2013-11-30,26.57,3.19,79.7,3.83
2013-12-01,25.95,30.3,85.85,4.11
2013-12-02,25.15,33.71,86.7,3.76
2013-12-03,25.66,20.9,83.98,4.47
2013-12-04,25.35,10.27,85.64,4.67
2013-12-05,25.72,1.7,84.74,4.61
2013-12-06,25.6,0.17,81.4,4.7
2013-12-07,25.67,0.0,79.68,4.07
2013-12-08,26.71,0.0,80.55,3.05
2013-12-09,25.15,0.0,82.81,2.02
2013-12-10,26.04,0.0,79.75,1.5
2013-12-11,26.65,0.03,78.0,1.44
2013-12-12,26.31,30.7,82.58,1.84
2013-12-13,25.77,11.03,86.51,3.7
2013-12-14,26.03,0.99,85.23,3.05
2013-12-15,25.9,0.56,83.47,4.21
2013-12-16,23.64,0.0,77.37,4.35
2013-12-17,23.9,0.0,78.06,4.39
2013-12-18,24.56,0.0,80.32,4.23
2013-12-19,24.81,0.0,79.87,3.88
2013-12-20,24.93,0.0,80.32,3.76
2013-12-21,24.69,0.0,79.02,3.54
2013-12-22,24.44,0.0,77.01,4.17
2013-12-23,24.99,0.0,73.44,4.3
2013-12-24,25.41,0.03,77.8,4.97
2013-12-25,25.41,0.0,74.95,4.62
2013-12-26,25.01,0.0,75.93,4.34
2013-12-27,25.3,0.0,72.29,3.97
2013-12-28,25.31,0.0,72.51,3.05
2013-12-29,25.05,0.0,69.33,3.82
2013-12-30,24.98,0.0,68.97,4.09
2013-12-31,25.37,0.05,72.61,4.17
2014-01-01,25.47,0.0,73.13,4.69
2014-01-02,25.36,0.0,72.71,4.51
2014-01-03,25.63,0.02,75.95,4.34
2014-01-04,25.39,0.03,75.26,4.58
2014-01-05,25.66,0.93,72.14,4.49
2014-01-06,25.26,2.13,77.46,5.1
2014-01-07,24.94,11.39,83.85,5.57
2014-01-08,25.31,7.41,83.04,4.66
2014-01-09,25.65,1.07,78.41,4.41
2014-01-10,25.63,0.08,72.59,3.88
2014-01-11,25.34,0.0,73.58,3.27
2014-01-12,25.89,0.0,73.05,3.48
2014-01-13,25.54,1.59,80.62,3.76
2014-01-14,26.13,3.05,76.25,4.19
2014-01-15,26.13,0.75,73.06,3.66
2014-01-16,26.3,0.0,73.7,3.84
2014-01-17,25.94,0.01,70.44,4.16
2014-01-18,25.72,0.0,69.47,4.26
2014-01-19,25.97,0.0,73.39,4.19
2014-01-20,26.08,0.0,68.65,4.28
2014-01-21,26.06,0.01,70.91,4.65
2014-01-22,26.18,0.18,71.3,4.5
2014-01-23,26.24,0.44,72.22,4.4
2014-01-24,26.67,0.03,70.18,4.24
2014-01-25,26.15,0.0,68.15,4.67
2014-01-26,25.81,0.0,66.63,5.22
2014-01-27,25.85,0.01,67.34,4.96
2014-01-28,26.24,0.08,67.68,4.69
2014-01-29,26.34,0.0,66.16,4.72
2014-01-30,26.38,0.01,69.12,4.87
2014-01-31,26.5,0.0,71.28,4.67
2014-02-01,26.74,0.08,71.27,4.97
2014-02-02,26.46,0.77,72.72,5.2
2014-02-03,26.06,0.07,68.58,4.34
2014-02-04,25.9,0.0,66.98,3.68
2014-02-05,25.77,0.0,65.08,3.57
2014-02-06,25.81,0.0,67.33,3.76
2014-02-07,26.07,0.0,65.28,3.63
2014-02-08,26.11,0.0,63.47,3.66
2014-02-09,26.3,0.0,57.07,2.62
2014-02-10,26.49,0.0,59.37,3.12
2014-02-11,26.52,0.0,61.86,2.77
2014-02-12,26.88,0.0,61.68,2.3
2014-02-13,27.48,0.0,66.15,2.81
2014-02-14,27.77,0.0,66.46,3.05
2014-02-15,27.94,0.0,64.38,2.12
2014-02-16,28.46,0.0,67.15,2.71
2014-02-17,28.76,0.0,69.7,2.97
2014-02-18,28.33,0.0,68.12,4.53
2014-02-19,28.2,0.05,67.08,4.24
2014-02-20,27.98,0.13,67.44,4.16
2014-02-21,27.88,0.06,63.78,4.16
2014-02-22,28.01,0.02,62.86,3.92
2014-02-23,27.81,0.01,63.12,4.03
2014-02-24,27.7,1.35,73.63,4.98
2014-02-25,28.04,0.32,69.44,5.06
2014-02-26,27.96,0.04,61.21,4.08
2014-02-27,27.97,1.23,68.56,3.49
2014-02-28,28.36,2.73,66.94,3.46
2014-03-01,28.4,0.02,64.06,3.92
2014-03-02,28.47,0.02,64.29,3.57
2014-03-03,28.8,0.01,63.54,3.56
2014-03-04,28.89,0.1,65.17,4.09
2014-03-05,28.56,0.98,67.78,4.35
2014-03-06,28.76,0.65,65.36,4.2
2014-03-07,28.74,0.19,65.48,4.34
2014-03-08,28.78,0.03,65.35,4.14
2014-03-09,28.58,0.0,64.6,4.77
2014-03-10,28.86,0.0,62.6,4.4
2014-03-11,28.46,0.0,62.84,4.99
2014-03-12,28.25,0.0,62.14,4.64
2014-03-13,28.13,0.0,65.19,4.54
2014-03-14,28.11,0.0,64.65,4.19
2014-03-15,27.93,0.0,64.29,4.28
2014-03-16,28.36,0.0,65.97,4.47
2014-03-17,28.8,0.0,68.31,4.61
2014-03-18,29.7,0.0,63.12,4.35
2014-03-19,29.57,0.02,67.86,3.56
2014-03-20,29.96,0.04,65.88,2.79
2014-03-21,30.26,0.0,60.27,2.46
2014-03-22,30.56,0.0,57.93,2.3
2014-03-23,30.51,0.0,56.81,2.8
2014-03-24,29.85,0.0,58.18,2.95
2014-03-25,29.37,0.0,60.62,3.32
2014-03-26,29.31,0.0,62.92,4.16
2014-03-27,29.29,0.0,62.35,3.77
2014-03-28,28.84,0.0,61.2,2.95
2014-03-29,29.52,0.0,58.93,2.83
2014-03-30,30.3,0.0,49.29,2.09
2014-03-31,30.36,0.0,56.35,2.52
2014-04-01,31.04,0.0,60.72,2.37
2014-04-02,31.09,0.0,60.61,2.5
2014-04-03,30.62,0.0,65.32,2.35
2014-04-04,30.76,0.0,58.64,2.6
2014-04-05,30.82,0.04,62.04,2.69
2014-04-06,30.06,0.03,65.49,2.51
2014-04-07,30.21,0.05,64.53,2.15
2014-04-08,30.46,0.03,64.6,3.65
2014-04-09,31.13,0.02,63.92,3.72
2014-04-10,30.71,0.01,65.95,3.41
2014-04-11,31.4,0.0,61.41,3.38
2014-04-12,31.7,0.03,59.58,3.27
2014-04-13,31.29,0.01,62.61,2.85
2014-04-14,30.35,0.03,66.91,2.18
2014-04-15,29.71,0.01,65.74,1.62
2014-04-16,30.87,0.01,61.2,2.58
2014-04-17,31.52,0.02,60.74,3.41
2014-04-18,31.64,0.05,59.66,2.75
2014-04-19,30.82,0.01,64.98,2.16
2014-04-20,30.87,0.0,64.13,2.11
2014-04-21,30.9,0.0,63.56,2.16
2014-04-22,30.58,0.01,64.31,2.29
2014-04-23,30.3,3.3,67.53,2.18
2014-04-24,30.69,1.13,66.18,2.26
2014-04-25,30.91,0.28,69.02,3.02
2014-04-26,31.15,0.0,67.33,2.65
2014-04-27,30.85,0.46,69.98,2.51
2014-04-28,31.04,0.23,66.97,1.97
2014-04-29,30.54,0.35,61.15,2.65
2014-04-30,30.34,5.69,62.8,2.63
2014-05-01,30.28,2.65,65.54,2.58
2014-05-02,30.61,1.15,65.98,2.65
2014-05-03,30.37,2.22,68.22,2.44
2014-05-04,29.49,8.92,75.54,2.74
2014-05-05,28.5,9.21,77.62,3.62
2014-05-06,27.59,38.3,85.35,3.94
2014-05-07,27.93,45.52,83.47,5.4
2014-05-08,28.8,6.88,79.65,5.62
2014-05-09,29.37,0.44,79.15,4.9
2014-05-10,29.44,0.03,78.39,4.5
2014-05-11,29.7,0.0,77.06,2.63
2014-05-12,29.49,8.88,81.52,2.98
2014-05-13,29.53,7.27,78.98,3.55
2014-05-14,30.0,0.43,75.31,3.44
2014-05-15,29.75,0.0,74.46,2.48
2014-05-16,29.49,0.0,71.14,3.15
2014-05-17,29.38,0.0,71.38,2.6
2014-05-18,30.47,0.0,69.2,2.36
2014-05-19,30.39,0.02,73.22,3.54
2014-05-20,30.37,1.68,74.71,4.4
2014-05-21,29.68,4.8,73.89,4.17
2014-05-22,30.31,0.29,73.77,5.1
2014-05-23,30.07,0.11,75.31,4.21
2014-05-24,29.51,1.5,79.61,4.32
2014-05-25,29.48,0.08,75.14,4.96
2014-05-26,29.58,8.6,75.95,4.49
2014-05-27,29.46,1.25,77.72,3.98
2014-05-28,29.77,4.81,79.34,4.48
2014-05-29,29.68,0.61,76.95,4.72
2014-05-30,29.85,0.0,76.58,4.48
2014-05-31,30.13,0.0,76.2,4.54
2014-06-01,30.45,4.79,77.2,3.66
2014-06-02,29.82,2.07,76.05,3.96
2014-06-03,28.53,0.04,77.35,3.31
2014-06-04,30.05,0.01,71.3,4.72
2014-06-05,30.02,0.03,72.7,5.05
2014-06-06,30.23,0.02,71.15,4.47
2014-06-07,30.93,0.03,65.57,4.86
2014-06-08,30.81,0.04,63.54,5.42
2014-06-09,29.19,0.02,75.29,4.5
2014-06-10,28.6,0.03,76.55,5.54
2014-06-11,29.79,0.04,71.21,5.32
2014-06-12,30.38,0.01,67.54,4.88
2014-06-13,30.3,0.01,64.9,3.69
2014-06-14,30.45,0.13,67.39,2.96
2014-06-15,31.15,0.0,59.62,3.17
2014-06-16,30.85,0.0,64.3,4.6
2014-06-17,30.91,0.01,64.82,4.92
2014-06-18,30.38,0.05,67.84,5.45
2014-06-19,30.32,0.04,68.51,5.81
2014-06-20,29.55,0.0,72.33,5.93
2014-06-21,30.88,0.06,61.22,4.58
2014-06-22,30.52,0.03,61.81,3.39
2014-06-23,31.32,0.0,61.39,3.91
2014-06-24,31.67,0.0,60.43,4.02
2014-06-25,31.34,0.0,60.13,3.95
2014-06-26,30.58,0.0,64.2,3.39
2014-06-27,30.55,0.0,67.41,3.54
2014-06-28,30.53,0.21,68.69,4.4
2014-06-29,31.05,0.05,65.57,5.31
2014-06-30,30.15,5.96,65.93,5.7
2014-07-01,29.59,0.42,71.46,3.98
2014-07-02,30.64,0.0,62.82,2.31
2014-07-03,31.08,0.0,61.01,3.51
2014-07-04,31.32,0.02,60.04,3.42
2014-07-05,30.61,0.28,64.76,3.4
2014-07-06,31.06,0.33,58.85,2.7
2014-07-07,30.73,0.76,55.46,3.7
2014-07-08,30.42,0.01,56.52,4.16
2014-07-09,30.89,0.02,54.81,4.59
2014-07-10,30.31,0.04,58.79,6.09
2014-07-11,29.8,0.0,65.24,6.05
2014-07-12,29.99,0.0,63.78,5.86
2014-07-13,30.67,0.04,59.5,6.08
2014-07-14,30.36,0.04,58.8,5.95
2014-07-15,30.49,0.16,60.66,5.31
2014-07-16,29.93,0.0,63.19,4.91
2014-07-17,30.35,0.0,62.67,3.94
2014-07-18,31.06,0.02,57.96,4.38
2014-07-19,31.08,0.01,58.56,5.59
2014-07-20,31.01,0.02,59.58,5.51
2014-07-21,30.44,0.05,61.6,5.07
2014-07-22,30.77,0.02,57.67,5.02
2014-07-23,30.46,0.11,56.59,5.04
2014-07-24,31.38,0.01,48.94,4.22
2014-07-25,30.46,0.02,56.81,4.15
2014-07-26,31.78,0.02,49.94,3.18
2014-07-27,31.39,0.01,55.66,3.92
2014-07-28,30.87,0.01,57.73,5.0
2014-07-29,31.53,0.01,56.44,5.36
2014-07-30,31.33,0.0,57.51,5.46
2014-07-31,30.47,0.23,62.02,5.14
2014-08-01,30.08,0.19,65.66,5.64
2014-08-02,30.2,0.04,62.77,4.37
2014-08-03,30.52,0.37,60.9,4.58
2014-08-04,30.88,0.09,55.85,5.1
2014-08-05,31.01,0.02,55.0,5.07
2014-08-06,31.01,0.44,55.52,4.33
2014-08-07,31.39,0.37,53.16,2.89
2014-08-08,31.21,0.45,53.82,3.42
2014-08-09,29.68,9.73,63.25,2.25
2014-08-10,28.86,3.31,68.51,2.92
2014-08-11,29.24,0.17,64.19,4.47
2014-08-12,28.8,0.02,67.27,3.85
2014-08-13,27.97,0.13,70.87,3.54
2014-08-14,27.81,0.02,71.65,4.07
2014-08-15,27.27,1.4,75.87,3.39
2014-08-16,27.09,16.07,75.88,3.29
2014-08-17,27.29,4.34,75.56,2.79
2014-08-18,27.92,20.14,77.99,2.03
2014-08-19,28.58,2.75,75.63,2.63
2014-08-20,28.79,0.23,74.25,3.97
2014-08-21,29.2,0.24,72.13,4.38
2014-08-22,28.66,5.99,75.48,4.67
2014-08-23,28.06,7.08,75.3,6.15
2014-08-24,28.72,0.75,71.56,5.25
2014-08-25,29.16,0.02,68.07,4.37
2014-08-26,28.69,0.0,71.08,5.28
2014-08-27,28.29,0.0,72.65,5.4
2014-08-28,28.32,0.04,73.09,5.87
2014-08-29,28.46,0.16,72.93,6.06
2014-08-30,29.25,0.3,68.59,6.02
2014-08-31,28.6,0.09,72.26,5.35
2014-09-01,28.99,0.09,72.07,5.86
2014-09-02,28.87,0.65,73.03,5.44
2014-09-03,27.95,0.46,71.71,5.09
2014-09-04,28.84,0.07,69.43,4.33
2014-09-05,28.95,2.52,67.37,3.74
2014-09-06,28.73,0.4,68.45,4.66
2014-09-07,28.51,0.01,68.14,5.69
2014-09-08,28.97,0.0,69.8,5.68
2014-09-09,29.39,0.03,66.88,4.49
2014-09-10,30.0,0.3,64.98,3.32
2014-09-11,30.02,0.01,61.96,3.24
2014-09-12,28.81,13.16,69.09,2.93
2014-09-13,29.35,0.91,68.23,2.96
2014-09-14,28.93,1.15,70.61,3.68
2014-09-15,29.75,0.09,66.44,3.54
2014-09-16,29.44,0.02,67.64,4.13
2014-09-17,30.24,0.0,65.49,4.76
2014-09-18,29.7,0.0,66.47,4.64
2014-09-19,29.97,0.0,65.17,3.91
2014-09-20,30.48,0.0,62.13,3.51
2014-09-21,30.63,0.01,61.41,2.65
2014-09-22,30.59,0.19,64.16,2.5
2014-09-23,30.67,2.46,66.75,2.27
2014-09-24,30.17,1.95,70.56,2.23
2014-09-25,28.97,3.25,74.69,2.28
2014-09-26,28.47,4.99,75.83,2.7
2014-09-27,27.82,14.13,79.94,2.02
2014-09-28,27.64,11.79,81.6,1.59
2014-09-29,27.89,15.21,79.07,1.29
2014-09-30,27.48,14.28,81.48,1.3
2014-10-01,28.43,3.24,74.99,1.38
2014-10-02,28.97,0.13,70.69,1.67
2014-10-03,28.86,0.01,69.39,1.58
2014-10-04,28.41,0.06,76.36,2.75
2014-10-05,28.97,1.36,75.36,3.03
2014-10-06,28.64,11.72,78.28,3.34
2014-10-07,28.12,3.66,79.27,3.6
2014-10-08,28.94,1.54,72.39,3.37
2014-10-09,28.56,3.63,76.2,2.15
2014-10-10,28.77,0.99,77.74,3.1
2014-10-11,29.04,0.01,69.34,4.15
2014-10-12,28.81,0.09,68.39,4.16
2014-10-13,29.41,0.36,73.99,4.15
2014-10-14,28.91,0.17,77.31,3.71
2014-10-15,28.35,4.85,76.91,2.18
2014-10-16,28.24,8.77,74.74,3.13
2014-10-17,26.37,37.24,81.88,2.78
2014-10-18,26.05,20.66,88.22,4.94
2014-10-19,25.75,36.5,87.59,3.84
2014-10-20,25.96,20.12,86.89,3.19
2014-10-21,26.26,15.1,84.54,3.9
2014-10-22,26.33,17.82,86.25,3.19
2014-10-23,26.75,9.64,83.21,2.0
2014-10-24,26.96,1.59,80.25,1.4
2014-10-25,27.24,15.88,81.76,1.45
2014-10-26,26.57,4.37,87.1,1.3
2014-10-27,27.18,7.76,84.06,1.8
2014-10-28,27.45,5.47,80.92,1.57
2014-10-29,26.56,9.07,85.5,1.43
2014-10-30,26.54,4.19,86.48,2.3
2014-10-31,26.25,0.07,81.92,2.8
2014-11-01,25.73,29.53,84.1,1.47
2014-11-02,26.1,33.59,84.65,2.51
2014-11-03,25.87,19.49,82.84,2.72
2014-11-04,24.88,1.77,86.06,2.1
2014-11-05,26.95,0.03,79.12,2.02
2014-11-06,26.53,0.0,68.82,1.64
2014-11-07,26.85,0.0,68.42,1.16
2014-11-08,27.09,0.0,76.21,1.48
2014-11-09,27.26,0.18,80.01,2.2
2014-11-10,27.17,0.05,79.6,1.75
2014-11-11,27.19,3.98,83.22,2.69
2014-11-12,26.85,5.66,84.57,3.69
2014-11-13,25.77,11.96,91.16,2.61
2014-11-14,26.99,7.2,86.54,3.25
2014-11-15,26.98,8.89,84.59,3.68
2014-11-16,26.52,4.03,84.83,3.9
2014-11-17,26.2,11.26,86.11,4.78
2014-11-18,25.77,28.76,89.86,4.24
2014-11-19,26.33,14.4,88.1,4.7
2014-11-20,25.92,8.39,88.24,4.55
2014-11-21,25.69,15.02,89.08,4.48
2014-11-22,26.04,6.35,86.94,3.49
2014-11-23,25.9,6.52,87.34,4.02
2014-11-24,25.63,3.88,87.29,4.93
2014-11-25,24.72,0.78,84.67,4.96
2014-11-26,24.53,2.0,87.79,4.7
2014-11-27,24.37,29.74,90.13,4.41
2014-11-28,22.12,16.33,89.41,4.86
2014-11-29,22.44,6.11,86.46,4.58
2014-11-30,23.16,2.86,89.86,5.29
2014-12-01,24.99,8.42,90.9,5.19
2014-12-02,25.06,1.54,88.42,4.86
2014-12-03,24.64,0.0,83.6,4.07
2014-12-04,23.9,0.0,82.2,3.72
2014-12-05,24.04,0.0,82.53,3.83
2014-12-06,24.24,0.0,86.7,4.02
2014-12-07,24.85,0.3,90.43,3.68
2014-12-08,25.55,1.99,89.44,3.41
2014-12-09,25.44,1.21,89.03,3.16
2014-12-10,25.48,4.02,89.89,2.59
2014-12-11,25.21,0.5,90.27,2.61
2014-12-12,25.65,4.3,88.08,3.08
2014-12-13,25.39,1.9,88.94,3.17
2014-12-14,25.81,1.96,86.46,3.29
2014-12-15,25.89,0.55,86.8,3.78
2014-12-16,26.2,3.43,89.61,4.39
2014-12-17,25.99,9.44,89.6,5.08
2014-12-18,25.74,4.26,88.71,5.2
2014-12-19,25.48,5.36,89.28,5.18
2014-12-20,24.03,1.97,89.2,5.05
2014-12-21,24.82,1.09,85.92,4.27
2014-12-22,24.4,0.34,89.4,4.49
2014-12-23,25.41,0.93,86.88,4.24
2014-12-24,25.49,2.72,86.81,4.63
2014-12-25,25.17,0.56,85.66,4.57
2014-12-26,23.78,0.12,81.14,4.42
2014-12-27,23.7,2.61,85.65,4.19
2014-12-28,23.69,4.92,90.29,4.4
2014-12-29,25.54,2.07,84.9,3.59
2014-12-30,26.17,0.12,81.16,2.1
2014-12-31,25.66,5.03,87.0,1.81
2015-01-01,26.08,1.82,86.37,2.68
2015-01-02,25.22,0.0,81.12,2.13
2015-01-03,25.49,0.0,77.72,1.34
2015-01-04,25.73,0.01,82.26,2.26
2015-01-05,25.46,0.0,84.44,3.01
2015-01-06,25.37,0.0,82.25,3.14
2015-01-07,24.87,0.0,80.83,3.09
2015-01-08,24.99,0.01,81.3,2.43
2015-01-09,25.09,0.01,81.28,3.11
2015-01-10,24.64,0.01,76.58,4.27
2015-01-11,23.7,0.0,76.24,4.4
2015-01-12,23.77,0.0,73.31,4.19
2015-01-13,23.74,0.0,76.36,3.98
2015-01-14,24.11,0.0,76.74,3.67
2015-01-15,24.06,0.0,74.15,3.34
2015-01-16,24.86,0.01,81.61,3.34
2015-01-17,25.44,0.03,81.82,4.25
2015-01-18,25.22,0.03,78.41,4.33
2015-01-19,24.75,0.1,74.38,4.12
2015-01-20,24.51,0.0,76.63,3.84
2015-01-21,24.43,0.0,76.1,4.25
2015-01-22,24.97,0.02,78.47,3.95
2015-01-23,25.93,0.31,78.42,3.53
2015-01-24,25.9,0.09,78.78,4.18
2015-01-25,25.89,0.02,73.32,4.67
2015-01-26,25.42,0.03,75.06,4.67
2015-01-27,25.64,0.0,75.22,4.21
2015-01-28,25.99,0.02,76.14,4.39
2015-01-29,26.43,0.03,74.38,3.86
2015-01-30,26.52,0.0,71.78,3.93
2015-01-31,26.13,0.0,69.25,4.62
2015-02-01,26.02,0.01,72.04,4.55
2015-02-02,25.81,0.02,70.69,5.11
2015-02-03,26.1,0.09,70.94,5.45
2015-02-04,24.93,4.52,79.6,4.74
2015-02-05,25.62,1.67,77.26,4.88
2015-02-06,25.9,0.03,74.44,4.39
2015-02-07,26.3,0.01,72.51,4.28
2015-02-08,26.5,0.01,68.58,4.11
2015-02-09,26.54,0.09,71.98,4.42
2015-02-10,26.41,0.26,73.27,4.49
2015-02-11,26.67,0.08,75.72,4.44
2015-02-12,27.33,0.03,73.8,4.82
2015-02-13,27.43,0.01,73.15,3.91
2015-02-14,27.17,0.0,68.49,3.59
2015-02-15,26.64,0.0,66.17,3.46
2015-02-16,26.63,0.0,63.45,3.64
2015-02-17,26.42,0.0,62.27,2.97
2015-02-18,26.27,0.0,60.41,2.91
2015-02-19,26.49,0.0,59.34,2.98
2015-02-20,26.42,0.0,63.19,4.13
2015-02-21,26.79,0.0,67.62,4.65
2015-02-22,26.84,0.0,65.16,4.7
2015-02-23,26.89,0.0,65.99,4.46
2015-02-24,27.29,0.24,70.45,4.08
2015-02-25,27.89,0.3,70.71,3.19
2015-02-26,27.9,6.39,73.03,2.2
2015-02-27,28.06,2.13,72.69,2.11
2015-02-28,28.25,0.52,71.19,2.46
2015-03-01,28.39,0.09,70.3,2.77
2015-03-02,28.74,0.07,70.72,2.78
2015-03-03,28.91,0.03,65.11,2.8
2015-03-04,29.13,0.02,62.17,2.21
2015-03-05,29.13,0.05,67.29,2.36
2015-03-06,29.29,0.04,68.02,2.81
2015-03-07,29.21,0.1,64.79,3.35
2015-03-08,28.61,0.02,66.56,3.38
2015-03-09,28.75,0.04,66.66,3.42
2015-03-10,28.43,0.0,61.87,4.08
2015-03-11,27.96,0.0,66.04,4.08
2015-03-12,28.84,0.17,66.96,4.68
2015-03-13,28.93,0.33,66.82,4.36
2015-03-14,28.7,4.27,68.91,3.78
2015-03-15,28.69,1.89,72.45,3.62
2015-03-16,28.82,3.5,71.11,3.78
2015-03-17,28.64,0.51,65.86,3.17
2015-03-18,27.64,0.0,61.37,1.99
2015-03-19,28.36,0.0,57.28,1.97
2015-03-20,28.6,0.0,64.45,2.97
2015-03-21,28.97,0.05,64.04,3.41
2015-03-22,29.21,0.0,62.86,2.63
2015-03-23,29.66,0.0,63.15,2.22
2015-03-24,29.69,0.0,66.32,2.55
2015-03-25,29.47,0.0,61.5,2.7
2015-03-26,29.91,0.02,62.94,3.46
2015-03-27,29.9,0.41,64.44,4.47
2015-03-28,29.7,1.88,68.17,3.82
2015-03-29,30.08,0.83,66.23,3.43
2015-03-30,30.16,0.22,64.07,2.8
2015-03-31,29.79,1.26,67.28,2.37
2015-04-01,29.59,6.84,70.47,2.14
2015-04-02,29.56,4.14,71.39,2.18
2015-04-03,30.94,0.25,66.1,3.61
2015-04-04,31.42,0.41,65.52,3.49
2015-04-05,30.66,0.13,68.92,3.33
2015-04-06,30.37,0.05,68.52,2.7
2015-04-07,29.76,0.22,71.46,2.4
2015-04-08,29.41,1.24,66.79,1.97
2015-04-09,29.56,0.54,68.54,2.17
2015-04-10,30.31,0.27,67.26,2.44
2015-04-11,30.35,1.11,66.87,2.57
2015-04-12,29.51,5.54,72.22,2.1
2015-04-13,29.06,5.36,66.66,2.56
2015-04-14,29.12,2.51,64.94,1.86
2015-04-15,28.3,34.81,76.53,1.96
2015-04-16,28.7,16.45,76.83,1.86
2015-04-17,29.17,13.5,71.42,1.41
2015-04-18,28.94,6.43,73.83,1.71
2015-04-19,29.73,1.14,70.71,1.62
2015-04-20,29.12,8.14,74.13,1.97
2015-04-21,28.54,9.91,77.54,2.22
2015-04-22,28.06,1.95,82.02,1.7
2015-04-23,29.08,0.64,76.74,3.24
2015-04-24,29.08,2.76,77.58,2.5
2015-04-25,28.49,4.6,71.43,2.23
2015-04-26,29.34,0.9,66.39,2.04
2015-04-27,29.03,1.02,72.19,1.71
2015-04-28,29.57,0.26,69.86,1.87
2015-04-29,30.27,0.13,66.96,2.3
2015-04-30,30.56,0.09,70.07,2.87
2015-05-01,29.84,0.07,74.84,3.1
2015-05-02,30.02,0.11,73.28,3.38
2015-05-03,30.29,0.23,72.04,2.59
2015-05-04,30.22,0.54,72.29,2.64
2015-05-05,29.8,2.84,70.71,1.87
2015-05-06,29.25,4.2,74.61,1.94
2015-05-07,28.97,4.43,74.86,2.09
2015-05-08,30.04,6.72,68.62,2.19
2015-05-09,29.6,8.77,76.32,1.64
2015-05-10,29.57,1.87,72.94,2.08
2015-05-11,28.52,29.45,71.99,2.56
2015-05-12,28.6,22.13,68.67,1.22
2015-05-13,27.77,21.06,78.28,1.43
2015-05-14,27.92,16.87,81.54,1.46
2015-05-15,28.51,17.59,83.74,2.43
2015-05-16,28.37,10.52,87.17,4.47
2015-05-17,28.24,4.58,87.31,5.16
2015-05-18,28.32,2.48,86.47,4.44
2015-05-19,28.47,1.3,86.38,5.14
2015-05-20,28.76,0.49,83.29,5.13
2015-05-21,29.03,0.18,83.41,5.47
2015-05-22,28.99,0.04,82.93,5.52
2015-05-23,28.41,0.07,81.78,5.04
2015-05-24,28.72,0.03,79.86,4.7
2015-05-25,28.79,0.02,82.34,3.7
2015-05-26,29.06,0.06,81.38,4.81
2015-05-27,29.22,2.1,81.36,3.36
2015-05-28,28.18,1.53,76.64,3.6
2015-05-29,29.21,0.12,77.35,4.18
2015-05-30,28.61,6.56,82.81,3.0
2015-05-31,28.36,1.27,80.64,4.98
2015-06-01,28.68,0.14,77.0,4.95
2015-06-02,28.74,12.73,78.89,3.88
2015-06-03,29.0,2.7,79.8,3.57
2015-06-04,28.8,0.4,80.11,3.47
2015-06-05,27.89,4.77,84.61,2.95
2015-06-06,29.2,0.25,76.09,2.98
2015-06-07,29.05,0.19,80.29,4.85
2015-06-08,28.98,0.18,74.49,5.36
2015-06-09,28.72,0.06,75.48,4.52
2015-06-10,28.81,0.94,79.33,3.16
2015-06-11,29.03,1.15,77.3,4.1
2015-06-12,28.26,0.04,78.54,3.83
2015-06-13,28.77,1.84,76.26,4.79
2015-06-14,29.06,0.13,73.52,3.9
2015-06-15,29.25,0.27,70.75,3.75
2015-06-16,28.38,0.63,70.38,4.78
2015-06-17,28.14,0.07,71.96,4.26
2015-06-18,28.84,0.46,73.2,4.28
2015-06-19,29.03,0.05,74.03,5.23
2015-06-20,29.68,0.04,73.0,5.94
2015-06-21,29.3,0.11,75.28,6.33
2015-06-22,29.56,0.01,74.4,5.82
2015-06-23,28.93,0.18,78.23,5.67
2015-06-24,29.44,0.05,74.92,5.94
2015-06-25,29.02,0.2,77.92,5.61
2015-06-26,28.65,0.22,67.58,6.32
2015-06-27,28.85,0.92,68.14,6.2
2015-06-28,29.56,0.46,71.91,4.34
2015-06-29,28.59,0.48,75.09,6.33
2015-06-30,29.86,3.7,65.48,3.69
2015-07-01,28.96,8.79,78.29,4.75
2015-07-02,29.84,0.09,72.02,3.97
2015-07-03,29.79,0.11,72.42,4.9
2015-07-04,29.73,0.12,73.2,4.76
2015-07-05,30.37,0.06,69.32,4.44
2015-07-06,30.24,0.0,65.93,4.79
2015-07-07,30.13,0.0,65.07,4.15
2015-07-08,29.81,0.01,67.64,5.04
2015-07-09,30.52,0.02,66.45,4.99
2015-07-10,30.44,0.04,67.7,4.78
2015-07-11,29.53,0.02,71.33,4.99
2015-07-12,30.44,0.03,65.6,3.31
2015-07-13,30.61,0.01,63.34,3.44
2015-07-14,30.69,0.03,65.92,4.0
2015-07-15,29.93,0.27,68.88,4.32
2015-07-16,30.72,0.03,64.6,5.35
2015-07-17,29.63,0.12,62.3,5.71
2015-07-18,30.07,0.03,60.3,5.37
2015-07-19,29.45,0.31,62.95,4.82
2015-07-20,29.66,0.04,64.27,4.55
2015-07-21,29.81,5.4,69.28,4.21
2015-07-22,29.6,2.35,69.47,3.9
2015-07-23,29.09,0.53,68.73,4.46
2015-07-24,29.28,0.03,67.18,5.08
2015-07-25,29.49,0.06,66.19,4.91
2015-07-26,28.9,0.05,65.81,4.55
2015-07-27,29.63,0.06,63.7,3.8
2015-07-28,29.64,4.18,64.91,3.12
2015-07-29,28.98,2.37,72.41,3.69
2015-07-30,29.3,0.01,68.5,4.71
2015-07-31,29.45,0.0,66.51,4.31
2015-08-01,29.87,0.45,65.94,2.83
2015-08-02,30.26,0.43,64.72,2.6
2015-08-03,29.88,0.99,66.16,3.35
2015-08-04,29.56,0.08,68.73,5.05
2015-08-05,29.67,0.04,66.06,6.03
2015-08-06,30.7,0.02,61.04,4.76
2015-08-07,29.61,0.01,67.13,4.8
2015-08-08,30.33,0.02,64.85,4.54
2015-08-09,30.46,0.02,65.37,5.2
2015-08-10,30.43,1.57,64.03,5.14
2015-08-11,30.2,0.13,66.4,4.14
2015-08-12,30.5,0.05,63.38,4.93
2015-08-13,30.53,0.04,63.6,3.79
2015-08-14,31.26,0.27,59.65,3.34
2015-08-15,30.59,1.32,64.11,2.64
2015-08-16,28.06,19.44,78.6,2.44
2015-08-17,29.08,1.8,70.89,2.52
2015-08-18,29.32,4.29,70.82,3.15
2015-08-19,28.59,2.55,75.07,4.3
2015-08-20,29.18,0.1,71.63,4.94
2015-08-21,29.33,2.06,71.35,5.26
2015-08-22,29.13,3.54,73.16,3.58
2015-08-23,29.85,0.31,64.88,3.9
2015-08-24,29.36,0.02,64.94,4.06
2015-08-25,30.21,0.01,61.8,3.42
2015-08-26,29.88,0.01,64.53,3.56
2015-08-27,29.65,0.0,67.97,5.0
2015-08-28,29.63,0.01,68.3,5.31
2015-08-29,30.68,0.06,66.54,5.09
2015-08-30,30.67,0.16,63.39,5.07
2015-08-31,30.68,0.26,63.69,4.0
2015-09-01,30.88,1.29,65.94,2.88
2015-09-02,29.9,8.72,70.43,2.71
2015-09-03,28.81,7.1,76.36,1.71
2015-09-04,28.71,1.03,75.82,2.59
2015-09-05,28.71,3.07,74.48,4.14
2015-09-06,27.67,1.72,80.24,4.81
2015-09-07,27.45,0.41,76.73,5.49
2015-09-08,28.65,0.24,68.39,4.86
2015-09-09,28.7,0.24,71.32,5.06
2015-09-10,28.62,0.43,72.9,5.26
2015-09-11,28.51,0.24,75.47,5.73
2015-09-12,29.63,0.29,69.36,5.17
2015-09-13,29.66,0.07,69.1,5.01
2015-09-14,30.57,0.02,62.98,5.77
2015-09-15,29.49,0.07,70.21,6.09
2015-09-16,30.74,0.23,66.13,5.85
2015-09-17,30.24,0.14,63.91,5.25
2015-09-18,30.45,0.09,62.25,4.97
2015-09-19,29.78,0.04,69.35,5.21
2015-09-20,29.58,0.09,70.57,4.97
2015-09-21,29.54,0.09,67.09,3.26
2015-09-22,30.89,0.02,65.08,4.1
2015-09-23,30.07,1.64,68.2,3.36
2015-09-24,29.14,0.64,71.93,4.33
2015-09-25,29.75,0.36,70.72,4.02
2015-09-26,30.27,3.42,69.38,4.51
2015-09-27,28.39,25.47,81.72,2.48
2015-09-28,28.43,5.95,77.46,2.59
2015-09-29,27.2,49.25,84.92,3.21
2015-09-30,26.77,20.03,84.65,2.94
2015-10-01,27.39,6.7,82.42,3.96
2015-10-02,27.63,5.2,81.65,3.96
2015-10-03,28.44,2.48,78.0,3.64
2015-10-04,27.74,2.57,82.63,2.8
2015-10-05,27.63,4.44,82.45,2.82
2015-10-06,28.33,3.12,74.62,2.94
2015-10-07,28.16,2.36,78.61,4.01
2015-10-08,27.85,1.43,80.56,4.86
2015-10-09,28.35,0.12,76.61,4.85
2015-10-10,28.87,0.92,76.66,4.31
2015-10-11,28.77,3.41,78.03,2.65
2015-10-12,27.82,5.22,82.22,1.3
2015-10-13,27.62,1.22,78.75,1.57
2015-10-14,28.32,1.83,75.08,1.57
2015-10-15,28.56,0.45,72.16,2.0
2015-10-16,28.65,0.01,70.71,2.44
2015-10-17,28.45,0.18,75.42,3.13
2015-10-18,28.08,7.07,82.87,2.7
2015-10-19,28.29,6.95,81.54,2.8
2015-10-20,28.3,2.8,78.82,2.27
2015-10-21,28.62,0.41,74.2,2.28
2015-10-22,28.73,0.07,71.68,2.33
2015-10-23,28.97,0.56,69.78,2.29
2015-10-24,27.95,11.74,81.02,2.78
2015-10-25,27.71,5.92,74.85,4.14
2015-10-26,27.76,0.55,71.13,3.58
2015-10-27,26.37,6.64,81.45,3.32
2015-10-28,27.23,11.62,79.37,2.82
2015-10-29,27.33,2.46,77.52,3.14
2015-10-30,26.95,17.28,82.98,2.04
2015-10-31,26.45,11.41,87.89,2.32
2015-11-01,26.83,15.96,85.97,3.31
2015-11-02,26.03,19.31,87.96,1.44
2015-11-03,26.89,8.23,80.78,1.36
2015-11-04,27.38,10.98,81.26,1.94
2015-11-05,27.18,11.68,83.6,1.56
2015-11-06,26.84,12.31,86.06,2.61
2015-11-07,26.87,21.68,87.67,3.27
2015-11-08,26.27,18.39,89.16,2.89
2015-11-09,26.73,4.48,85.44,4.22
2015-11-10,27.63,1.72,83.56,3.82
2015-11-11,26.94,3.22,85.51,1.84
2015-11-12,27.09,3.38,83.18,1.68
2015-11-13,25.74,17.19,88.24,2.33
2015-11-14,25.3,13.48,90.48,3.02
2015-11-15,25.95,32.32,88.02,3.16
2015-11-16,25.78,3.39,87.45,2.63
2015-11-17,27.06,3.66,85.97,1.64
2015-11-18,26.93,11.7,90.87,2.14
2015-11-19,26.96,4.64,87.04,2.0
2015-11-20,26.72,8.58,89.57,3.16
2015-11-21,26.6,9.67,86.43,3.74
2015-11-22,26.79,19.35,89.29,3.68
2015-11-23,26.49,7.7,88.01,3.0
2015-11-24,26.94,5.07,87.77,3.52
2015-11-25,26.26,0.63,83.66,4.0
2015-11-26,25.69,0.09,84.2,3.56
2015-11-27,25.9,0.86,87.66,3.46
2015-11-28,25.63,1.07,87.46,3.84
2015-11-29,25.68,25.1,89.97,3.92
2015-11-30,25.54,15.4,89.62,4.04
2015-12-01,25.75,12.58,91.0,3.5
2015-12-02,25.86,10.66,89.67,2.03
2015-12-03,25.81,3.6,88.7,4.43
2015-12-04,25.63,5.97,92.03,4.67
2015-12-05,25.97,12.78,92.75,4.32
2015-12-06,26.35,8.9,90.91,4.17
2015-12-07,26.3,21.67,92.19,4.08
2015-12-08,25.18,13.94,92.72,4.51
2015-12-09,25.49,6.4,92.2,3.64
2015-12-10,26.27,9.06,91.39,3.38
2015-12-11,26.27,5.14,89.88,3.21
2015-12-12,26.38,2.47,88.53,2.89
2015-12-13,26.74,0.37,84.49,1.81
2015-12-14,26.77,2.94,88.09,2.71
2015-12-15,26.7,0.59,86.64,3.21
2015-12-16,25.28,0.01,83.14,3.4
2015-12-17,25.74,1.45,85.51,2.7
2015-12-18,26.08,19.33,88.64,3.38
2015-12-19,26.3,12.99,86.57,3.55
2015-12-20,25.96,3.08,86.52,3.69
2015-12-21,25.1,0.04,81.53,3.23
2015-12-22,24.93,0.0,81.49,3.16
2015-12-23,25.6,0.0,82.15,3.3
2015-12-24,25.22,0.01,81.78,3.19
2015-12-25,25.25,0.03,79.96,3.86
2015-12-26,25.23,0.09,85.2,4.8
2015-12-27,25.41,12.61,87.63,5.14
2015-12-28,25.06,9.28,89.35,5.62
2015-12-29,25.09,4.62,89.16,5.01
2015-12-30,25.12,0.5,85.51,4.69
2015-12-31,24.99,0.1,82.45,4.64
2016-01-01,24.31,0.04,82.49,4.62
2016-01-02,24.05,0.04,84.66,4.69
2016-01-03,23.6,0.03,83.01,4.36
2016-01-04,24.06,0.11,82.98,4.05
2016-01-05,24.27,0.1,85.21,4.03
2016-01-06,24.68,0.43,85.77,4.39
2016-01-07,24.91,0.05,84.36,3.84
2016-01-08,24.57,0.02,83.89,4.0
2016-01-09,24.53,0.0,83.92,3.62
2016-01-10,24.42,0.0,84.84,4.05
2016-01-11,24.4,0.0,81.73,4.02
2016-01-12,23.96,0.0,80.36,3.96
2016-01-13,23.89,0.0,79.93,3.21
2016-01-14,23.6,0.0,79.11,3.53
2016-01-15,23.48,0.0,78.58,3.11
2016-01-16,23.91,0.0,79.87,3.16
2016-01-17,24.3,0.0,79.67,2.94
2016-01-18,24.41,0.0,79.99,2.62
2016-01-19,25.47,0.0,81.1,2.69
2016-01-20,25.99,0.03,80.12,2.65
2016-01-21,26.42,0.04,81.26,3.15
2016-01-22,26.12,0.0,81.93,3.35
2016-01-23,25.92,0.01,83.4,3.93
2016-01-24,26.49,0.26,83.4,4.01
2016-01-25,26.61,0.13,81.34,3.91
2016-01-26,26.22,0.0,79.18,3.38
2016-01-27,26.02,0.0,76.43,3.32
2016-01-28,25.3,0.0,74.71,2.87
2016-01-29,25.16,0.0,74.38,3.05
2016-01-30,25.38,0.0,74.98,3.62
2016-01-31,25.15,0.0,77.28,3.78
2016-02-01,25.21,0.0,74.14,3.19
2016-02-02,24.88,0.0,75.58,3.47
2016-02-03,25.02,0.0,74.4,2.97
2016-02-04,25.41,0.0,69.61,3.49
2016-02-05,26.04,0.0,70.2,3.47
2016-02-06,26.2,0.1,74.16,2.74
2016-02-07,27.34,0.15,73.57,2.91
2016-02-08,27.43,0.04,74.97,3.24
2016-02-09,27.14,0.01,74.81,2.92
2016-02-10,27.15,0.05,71.23,2.75
2016-02-11,27.12,0.01,68.8,2.85
2016-02-12,27.01,0.0,66.74,2.99
2016-02-13,27.18,0.0,67.49,2.87
2016-02-14,26.85,0.0,70.13,3.1
2016-02-15,27.52,0.04,70.37,3.68
2016-02-16,27.83,0.12,70.16,4.21
2016-02-17,27.7,0.3,72.89,4.44
2016-02-18,28.0,0.25,73.74,4.94
2016-02-19,28.13,0.09,72.06,4.04
2016-02-20,28.44,0.31,73.61,3.55
2016-02-21,28.72,0.07,70.15,2.82
2016-02-22,28.76,0.01,66.52,2.82
2016-02-23,27.68,0.0,63.88,2.75
2016-02-24,28.21,0.0,62.03,2.17
2016-02-25,29.16,0.01,69.86,2.76
2016-02-26,28.88,0.01,69.37,4.16
2016-02-27,28.6,0.16,70.78,4.48
2016-02-28,28.87,0.23,72.49,4.34
2016-02-29,28.51,0.09,71.01,4.3
2016-03-01,28.67,0.45,70.78,4.11
2016-03-02,28.66,0.01,69.5,4.0
2016-03-03,28.36,0.0,68.18,3.78
2016-03-04,28.49,0.0,70.17,3.9
2016-03-05,28.88,0.0,67.62,3.51
2016-03-06,28.72,0.0,66.11,3.35
2016-03-07,28.94,0.01,65.02,3.2
2016-03-08,28.68,0.02,66.77,2.97
2016-03-09,29.48,0.03,65.54,2.5
2016-03-10,29.59,0.05,70.2,2.32
2016-03-11,30.14,0.08,66.98,2.44
2016-03-12,29.85,0.02,64.72,2.32
2016-03-13,30.08,0.04,62.16,1.99
2016-03-14,30.09,0.02,65.92,2.43
2016-03-15,30.2,0.04,64.3,2.36
2016-03-16,30.26,0.09,65.45,2.42
2016-03-17,30.6,0.04,63.67,2.17
2016-03-18,30.28,0.0,59.89,2.6
2016-03-19,30.49,0.0,57.63,2.12
2016-03-20,30.43,0.0,58.47,2.16
2016-03-21,30.46,0.0,62.6,2.59
2016-03-22,30.93,0.02,66.37,3.89
2016-03-23,31.29,0.05,64.04,3.5
2016-03-24,31.06,0.02,58.79,2.62
2016-03-25,30.01,0.0,60.21,3.42
2016-03-26,30.27,0.0,57.53,3.21
2016-03-27,30.9,0.01,57.23,3.05
2016-03-28,30.94,7.61,64.68,3.61
2016-03-29,30.48,1.36,69.06,3.22
2016-03-30,30.81,2.65,65.49,2.79
2016-03-31,30.86,0.31,63.75,2.58
2016-04-01,31.21,0.14,59.44,2.14
2016-04-02,31.24,0.01,59.89,1.94
2016-04-03,31.55,0.01,58.35,2.06
2016-04-04,31.5,0.02,58.85,2.23
2016-04-05,31.53,0.01,62.07,2.93
2016-04-06,31.72,0.2,63.28,3.46
2016-04-07,31.56,0.2,63.76,2.61
2016-04-08,31.2,0.36,66.76,2.19
2016-04-09,30.65,7.9,70.61,2.33
2016-04-10,30.91,2.25,67.34,2.42
2016-04-11,31.61,0.11,63.21,2.51
2016-04-12,31.74,0.02,65.52,3.85
2016-04-13,32.65,0.01,61.31,4.31
2016-04-14,32.05,0.13,66.88,4.44
2016-04-15,32.11,0.06,65.65,3.74
2016-04-16,31.59,0.06,67.58,3.71
2016-04-17,31.6,0.03,67.32,3.33
2016-04-18,31.41,0.1,68.91,2.97
2016-04-19,31.14,0.4,69.79,2.79
2016-04-20,31.13,0.25,69.53,2.54
2016-04-21,31.82,0.06,65.93,3.77
2016-04-22,32.57,0.05,64.59,3.76
2016-04-23,33.68,0.04,56.18,4.16
2016-04-24,33.08,0.03,60.47,4.74
2016-04-25,32.31,0.03,64.41,4.49
2016-04-26,31.97,0.55,63.84,2.84
2016-04-27,30.82,0.84,67.79,2.28
2016-04-28,31.36,0.12,67.03,3.12
2016-04-29,31.6,0.09,64.08,2.5
2016-04-30,31.99,0.12,61.79,3.15
2016-05-01,31.75,0.1,64.62,3.57
2016-05-02,32.45,0.02,62.13,4.18
2016-05-03,32.02,0.03,65.6,3.65
2016-05-04,32.26,0.1,64.37,3.37
2016-05-05,31.93,0.16,63.55,2.7
2016-05-06,31.76,0.89,64.95,2.92
2016-05-07,31.82,1.22,65.14,3.13
2016-05-08,32.58,0.56,59.61,3.24
2016-05-09,30.89,0.58,68.79,2.65
2016-05-10,31.39,0.69,62.69,2.48
2016-05-11,29.85,6.51,65.41,1.46
2016-05-12,30.72,1.11,62.68,2.65
2016-05-13,31.55,0.94,62.57,2.8
2016-05-14,30.93,2.99,67.3,2.08
2016-05-15,29.1,21.12,73.77,2.88
2016-05-16,27.14,49.31,79.59,5.89
2016-05-17,28.3,5.21,73.12,5.38
2016-05-18,30.08,1.44,73.15,6.15
2016-05-19,29.9,2.09,74.63,5.94
2016-05-20,30.18,1.23,73.15,5.79
2016-05-21,31.52,0.08,66.43,4.58
2016-05-22,31.62,0.02,68.47,4.35
2016-05-23,31.56,0.03,68.59,4.44
2016-05-24,30.83,0.04,72.17,5.34
2016-05-25,31.09,0.19,69.95,4.9
2016-05-26,30.99,0.08,69.24,4.22
2016-05-27,30.66,0.57,70.72,4.07
2016-05-28,30.36,0.61,67.26,5.11
2016-05-29,30.05,0.1,67.34,4.37
2016-05-30,30.26,1.39,67.74,4.16
2016-05-31,30.41,1.08,67.29,4.03
2016-06-01,30.6,0.21,66.96,3.71
2016-06-02,29.71,0.41,71.01,4.69
2016-06-03,29.9,0.04,69.78,5.38
2016-06-04,30.82,2.04,66.63,4.28
2016-06-05,30.78,1.22,68.19,5.32
2016-06-06,29.95,0.4,71.25,6.11
2016-06-07,29.66,2.57,77.3,6.18
2016-06-08,29.4,1.41,76.46,6.1
2016-06-09,28.89,0.19,78.9,5.98
2016-06-10,29.08,0.13,72.81,6.35
2016-06-11,29.74,0.39,72.52,5.47
2016-06-12,30.21,0.12,67.14,4.96
2016-06-13,30.45,0.07,63.51,5.23
2016-06-14,31.01,0.04,64.32,4.46
2016-06-15,30.88,0.01,62.05,5.63
2016-06-16,30.22,0.02,66.07,5.97
2016-06-17,29.71,0.18,68.47,4.71
2016-06-18,28.72,1.68,67.59,4.28
2016-06-19,29.94,0.33,63.37,3.36
2016-06-20,29.5,0.03,65.62,4.05
2016-06-21,29.47,0.02,65.51,3.29
2016-06-22,29.64,0.19,61.58,3.75
2016-06-23,28.81,1.2,61.8,4.45
2016-06-24,29.35,0.02,58.61,3.12
2016-06-25,30.74,0.0,55.13,3.54
2016-06-26,30.93,0.01,58.84,2.99
2016-06-27,31.14,0.1,61.15,4.35
2016-06-28,29.57,0.07,65.6,6.16
2016-06-29,29.57,0.67,67.81,5.35
2016-06-30,30.69,0.01,59.83,5.34
2016-07-01,30.92,0.09,58.39,5.82
2016-07-02,30.65,0.0,57.88,4.52
2016-07-03,31.6,0.02,55.2,3.23
2016-07-04,31.31,0.01,55.39,3.35
2016-07-05,31.62,0.01,58.05,3.51
2016-07-06,30.4,3.55,67.36,4.68
2016-07-07,30.59,0.04,63.1,3.43
2016-07-08,30.28,0.07,59.53,6.21
2016-07-09,30.19,0.16,62.18,6.81
2016-07-10,29.84,0.09,66.58,7.12
2016-07-11,30.62,0.03,63.43,5.88
2016-07-12,30.32,0.03,62.71,5.18
2016-07-13,30.58,0.0,59.18,3.97
2016-07-14,30.82,0.24,59.3,3.38
2016-07-15,30.15,1.08,64.17,3.6
2016-07-16,29.56,5.82,69.07,3.37
2016-07-17,28.34,2.95,72.62,2.59
2016-07-18,28.21,2.61,71.35,2.61
2016-07-19,29.54,0.16,62.82,2.43
2016-07-20,30.29,0.11,59.37,2.16
2016-07-21,29.98,0.05,60.08,3.03
2016-07-22,29.93,0.01,59.87,4.25
2016-07-23,29.31,0.03,63.12,4.59
2016-07-24,28.97,1.83,68.91,3.6
2016-07-25,28.64,16.42,72.38,2.26
2016-07-26,27.3,16.24,79.89,2.2
2016-07-27,27.84,3.47,76.68,2.75
2016-07-28,28.32,1.87,74.64,2.2
2016-07-29,29.21,1.27,70.47,3.06
2016-07-30,28.83,0.71,70.19,4.15
2016-07-31,29.73,0.02,67.51,4.75
2016-08-01,29.57,0.02,67.27,5.25
2016-08-02,29.5,0.0,64.89,4.99
2016-08-03,29.68,0.01,65.75,5.72
2016-08-04,30.01,0.01,65.06,5.15
2016-08-05,29.5,0.0,63.96,4.09
2016-08-06,30.58,0.01,59.17,3.35
2016-08-07,30.41,0.01,61.84,3.37
2016-08-08,30.16,0.01,62.19,2.96
2016-08-09,30.78,2.79,60.85,2.94
2016-08-10,30.46,0.67,62.91,3.0
2016-08-11,30.3,0.08,61.51,2.76
2016-08-12,30.9,0.07,60.36,2.88
2016-08-13,31.04,0.21,61.04,3.48
2016-08-14,30.89,0.03,60.99,4.21
2016-08-15,30.7,0.02,60.63,4.56
2016-08-16,30.77,0.0,59.16,4.88
2016-08-17,30.56,0.01,60.18,4.58
2016-08-18,31.21,0.01,59.95,3.59
2016-08-19,31.1,0.01,56.9,3.38
2016-08-20,30.9,0.06,60.68,2.93
2016-08-21,31.43,1.12,60.73,3.1
2016-08-22,30.77,0.5,62.43,3.05
2016-08-23,29.85,1.74,65.88,3.45
2016-08-24,30.07,0.15,64.69,3.14
2016-08-25,29.13,1.51,68.7,3.57
2016-08-26,28.72,8.47,72.68,3.59
2016-08-27,28.73,3.3,70.41,4.38
2016-08-28,29.79,1.24,65.35,3.46
2016-08-29,30.55,1.02,58.99,3.21
2016-08-30,29.71,4.99,63.17,3.06
2016-08-31,28.86,6.05,66.28,3.24
2016-09-01,29.36,3.13,61.18,3.35
2016-09-02,28.92,1.32,65.98,3.91
2016-09-03,29.6,0.21,63.07,3.7
2016-09-04,30.11,1.34,64.2,2.94
2016-09-05,29.96,0.04,62.79,2.81
2016-09-06,29.5,0.01,62.8,3.77
2016-09-07,30.17,0.0,57.73,3.17
2016-09-08,30.13,0.0,58.18,3.68
2016-09-09,30.43,0.14,61.43,3.5
2016-09-10,30.74,0.35,61.75,2.74
2016-09-11,29.82,0.06,62.64,3.31
2016-09-12,30.39,0.04,59.05,2.68
2016-09-13,30.65,0.06,59.97,2.38
2016-09-14,30.54,0.04,60.76,2.74
2016-09-15,30.68,0.25,61.06,3.42
2016-09-16,30.79,0.04,61.47,4.46
2016-09-17,31.01,0.01,60.53,4.04
2016-09-18,30.21,0.02,61.04,3.87
2016-09-19,30.66,0.09,58.8,2.88
2016-09-20,31.03,0.81,55.72,3.45
2016-09-21,30.74,0.21,59.33,3.22
2016-09-22,30.27,0.01,58.2,3.31
2016-09-23,30.36,0.0,57.03,3.83
2016-09-24,31.23,0.02,55.16,4.0
2016-09-25,31.43,0.01,55.28,3.66
2016-09-26,31.92,0.06,53.92,3.22
2016-09-27,31.32,0.75,57.77,2.87
2016-09-28,30.51,3.86,64.93,2.4
2016-09-29,29.73,2.21,69.33,2.82
2016-09-30,30.16,0.76,63.47,3.32
2016-10-01,30.54,0.01,59.93,3.93
2016-10-02,30.03,0.0,61.29,4.44
2016-10-03,30.15,0.0,61.99,4.41
2016-10-04,30.15,0.4,62.31,3.95
2016-10-05,30.33,5.29,63.06,2.98
2016-10-06,29.56,1.14,68.54,3.08
2016-10-07,30.18,0.05,61.91,2.82
2016-10-08,30.1,0.0,58.37,3.99
2016-10-09,30.88,0.0,57.58,3.44
2016-10-10,30.91,0.0,55.42,3.5
2016-10-11,31.16,0.02,54.33,3.55
2016-10-12,30.51,0.52,60.28,3.11
2016-10-13,30.5,2.26,63.09,2.0
2016-10-14,30.29,0.91,60.69,2.14
2016-10-15,29.66,0.48,62.64,2.2
2016-10-16,29.86,0.11,61.71,2.01
2016-10-17,29.67,0.34,63.96,2.32
2016-10-18,29.79,0.55,63.8,2.23
2016-10-19,30.36,0.54,62.62,2.41
2016-10-20,28.81,4.44,71.11,3.07
2016-10-21,27.42,5.44,76.47,3.17
2016-10-22,28.14,1.92,71.76,2.14
2016-10-23,28.88,2.61,69.23,2.87
2016-10-24,29.07,0.81,66.85,2.87
2016-10-25,28.98,3.53,66.22,2.32
2016-10-26,28.73,0.9,66.53,2.06
2016-10-27,29.43,0.06,61.38,1.95
2016-10-28,29.69,0.1,60.51,3.4
2016-10-29,30.5,1.32,62.04,3.65
2016-10-30,29.02,10.44,73.14,2.35
2016-10-31,27.76,17.75,80.92,1.47
2016-11-01,28.13,3.42,73.14,2.51
2016-11-02,28.06,12.84,75.22,3.19
2016-11-03,27.13,3.28,77.79,2.35
2016-11-04,27.83,2.11,78.04,3.43
2016-11-05,28.55,0.55,74.69,3.05
2016-11-06,28.82,1.23,72.0,2.45
2016-11-07,28.5,0.51,68.39,2.74
2016-11-08,28.25,1.92,68.21,3.05
2016-11-09,27.83,2.25,65.72,3.41
2016-11-10,27.68,0.06,62.42,3.1
2016-11-11,27.84,0.04,66.93,2.67
2016-11-12,28.35,0.2,70.61,3.12
2016-11-13,28.49,2.36,73.39,3.22
2016-11-14,28.22,4.45,75.76,3.06
2016-11-15,28.38,2.03,71.05,3.57
2016-11-16,27.83,6.67,75.9,4.16
2016-11-17,27.19,12.7,82.25,4.24
2016-11-18,27.51,3.75,76.83,4.73
2016-11-19,26.43,13.13,81.68,3.83
2016-11-20,27.01,3.22,77.31,4.0
2016-11-21,27.27,1.55,76.42,3.76
2016-11-22,27.6,1.93,75.83,4.34
2016-11-23,27.19,0.47,74.41,4.43
2016-11-24,26.52,0.0,67.63,4.34
2016-11-25,26.71,0.0,70.5,4.17
2016-11-26,26.86,0.0,68.47,3.85
2016-11-27,26.42,0.0,65.16,3.82
2016-11-28,25.11,0.0,65.96,2.72
2016-11-29,25.3,0.0,66.85,2.84
2016-11-30,25.42,0.06,66.77,3.08
2016-12-01,24.7,10.65,66.07,3.57
2016-12-02,24.92,25.45,84.59,2.57
2016-12-03,26.43,3.92,81.92,2.58
2016-12-04,26.71,2.32,80.01,2.55
2016-12-05,27.22,0.51,77.85,3.37
2016-12-06,26.5,0.28,70.13,4.44
2016-12-07,26.3,0.06,74.54,3.37
2016-12-08,26.9,3.38,77.33,3.24
2016-12-09,26.83,1.28,75.47,2.2
2016-12-10,27.32,0.21,72.7,1.71
2016-12-11,27.32,0.0,67.98,1.58
2016-12-12,27.53,0.0,63.59,3.55
2016-12-13,27.8,0.05,68.58,3.56
2016-12-14,26.64,0.01,67.45,2.41
2016-12-15,27.02,0.0,70.94,2.81
2016-12-16,26.99,0.05,74.08,3.49
2016-12-17,27.01,0.01,70.67,4.36
2016-12-18,26.71,0.0,69.92,4.07
2016-12-19,27.03,0.08,67.51,4.74
2016-12-20,26.42,2.48,80.68,4.88
2016-12-21,27.09,0.57,78.27,4.12
2016-12-22,27.03,0.01,67.56,3.47
2016-12-23,26.07,0.01,61.96,3.18
2016-12-24,25.37,0.0,63.18,3.08
2016-12-25,25.57,0.0,62.91,2.99
2016-12-26,26.3,0.0,65.49,3.39
2016-12-27,26.97,5.57,74.85,4.55
2016-12-28,26.75,5.85,80.72,5.0
2016-12-29,26.6,1.14,76.37,5.47
2016-12-30,26.35,0.03,67.78,4.81
2016-12-31,25.94,0.0,63.27,4.18
2017-01-01,26.19,0.05,70.14,4.36
2017-01-02,26.91,0.01,69.54,4.33
2017-01-03,26.78,0.0,66.72,4.27
2017-01-04,25.82,0.0,64.56,4.01
2017-01-05,26.16,0.0,65.16,3.84
2017-01-06,26.16,0.0,64.88,3.71
2017-01-07,25.99,0.0,65.09,3.64
2017-01-08,25.63,0.0,62.0,3.76
2017-01-09,25.39,0.0,59.07,3.49
2017-01-10,25.65,0.0,61.59,2.98
2017-01-11,26.17,0.0,61.05,2.94
2017-01-12,26.36,0.0,65.22,2.84
2017-01-13,26.42,0.0,66.04,3.6
2017-01-14,26.33,0.01,66.08,4.3
2017-01-15,25.98,0.03,68.07,4.62
2017-01-16,26.21,0.02,66.29,4.36
2017-01-17,25.45,0.0,61.93,4.51
2017-01-18,25.21,0.0,63.57,5.08
2017-01-19,26.06,0.02,64.51,4.82
2017-01-20,26.53,2.61,70.36,5.23
2017-01-21,25.56,21.18,85.28,5.14
2017-01-22,25.88,7.7,77.27,5.04
2017-01-23,25.84,0.08,73.07,5.05
2017-01-24,25.75,0.07,71.63,5.23
2017-01-25,26.27,1.06,73.45,5.0
2017-01-26,26.3,2.66,79.59,4.67
2017-01-27,25.88,21.17,86.84,3.86
2017-01-28,26.31,5.16,81.73,3.88
2017-01-29,26.74,1.89,80.01,4.26
2017-01-30,26.79,0.15,72.7,4.16
2017-01-31,26.24,0.0,70.77,3.83
2017-02-01,25.58,0.0,69.67,3.85
2017-02-02,25.62,0.0,66.28,3.94
2017-02-03,25.49,0.0,65.99,4.36
2017-02-04,25.53,0.0,66.72,4.15
2017-02-05,25.53,0.0,61.79,3.51
2017-02-06,25.87,0.0,63.05,2.79
2017-02-07,26.15,0.0,59.46,2.72
2017-02-08,25.19,0.0,61.6,3.74
2017-02-09,25.13,0.0,66.35,3.81
2017-02-10,25.64,0.0,65.35,3.36
2017-02-11,26.14,0.0,63.29,3.79
2017-02-12,26.1,0.0,63.5,4.3
2017-02-13,26.59,0.63,67.17,4.7
2017-02-14,26.73,4.48,76.52,6.03
2017-02-15,27.1,0.26,67.69,5.73
2017-02-16,26.3,0.0,67.65,5.69
2017-02-17,26.16,0.0,60.45,5.27
2017-02-18,26.61,0.0,62.0,4.28
2017-02-19,26.5,0.0,64.26,3.49
2017-02-20,27.4,0.0,58.3,2.3
2017-02-21,28.31,0.0,66.09,2.18
2017-02-22,27.8,0.0,69.13,2.54
2017-02-23,27.83,0.0,66.56,2.59
2017-02-24,27.25,0.0,68.8,3.34
2017-02-25,27.32,0.0,67.74,3.17
2017-02-26,27.37,0.0,65.83,3.21
2017-02-27,27.15,0.01,69.15,4.0
2017-02-28,27.68,0.04,71.77,4.94
2017-03-01,27.52,0.01,67.86,4.87
2017-03-02,27.75,0.5,69.27,4.81
2017-03-03,28.14,2.83,72.43,3.74
2017-03-04,27.51,4.38,75.43,3.07
2017-03-05,28.83,0.19,67.99,3.31
2017-03-06,29.0,0.64,72.64,3.6
2017-03-07,29.16,0.49,70.51,3.47
2017-03-08,29.21,2.42,69.08,2.86
2017-03-09,28.95,2.46,71.66,2.45
2017-03-10,28.56,3.42,74.12,2.46
2017-03-11,28.42,2.91,76.17,2.59
2017-03-12,29.17,1.53,70.48,3.26
2017-03-13,29.26,1.03,69.31,2.64
2017-03-14,28.54,8.3,74.61,2.16
2017-03-15,28.31,8.36,75.14,2.81
2017-03-16,28.16,1.72,71.88,2.63
2017-03-17,29.2,0.2,64.89,2.35
2017-03-18,29.37,0.04,63.39,2.46
2017-03-19,29.85,0.1,66.12,2.8
2017-03-20,30.27,0.42,65.69,3.04
2017-03-21,30.25,0.16,63.51,2.76
2017-03-22,30.03,0.02,62.91,3.26
2017-03-23,29.61,0.0,61.31,3.06
2017-03-24,28.65,0.0,56.46,2.88
2017-03-25,28.62,0.0,57.55,2.94
2017-03-26,28.39,0.0,62.67,3.19
2017-03-27,29.05,0.01,60.15,2.36
2017-03-28,29.78,0.04,64.15,2.59
2017-03-29,30.29,0.02,59.12,1.97
2017-03-30,30.43,0.09,62.98,2.39
2017-03-31,30.56,0.36,65.85,3.26
2017-04-01,30.59,0.01,60.03,2.49
2017-04-02,30.64,0.01,61.71,2.67
2017-04-03,30.62,0.08,67.62,2.91
2017-04-04,30.9,0.05,66.78,2.94
2017-04-05,31.44,0.03,62.45,2.87
2017-04-06,31.43,0.09,62.65,3.0
2017-04-07,31.49,0.08,60.61,2.44
2017-04-08,31.14,0.09,63.65,2.66
2017-04-09,30.97,0.14,63.98,2.51
2017-04-10,31.17,0.09,63.43,2.88
2017-04-11,31.53,0.29,61.52,2.69
2017-04-12,31.37,0.23,64.19,2.63
2017-04-13,31.29,0.09,65.57,2.64
2017-04-14,31.33,0.07,63.48,2.46
2017-04-15,32.1,0.03,60.78,3.2
2017-04-16,32.62,0.01,58.58,3.81
2017-04-17,32.62,0.0,58.96,4.31
2017-04-18,32.7,0.0,56.32,4.01
2017-04-19,32.37,0.01,59.67,4.74
2017-04-20,32.04,0.03,59.69,5.34
2017-04-21,32.54,0.0,57.03,5.46
2017-04-22,32.74,0.08,57.08,4.23
2017-04-23,31.85,0.4,63.04,3.82
2017-04-24,32.67,0.08,59.12,4.4
2017-04-25,32.62,0.01,58.21,4.45
2017-04-26,32.31,0.21,61.4,3.87
2017-04-27,31.7,0.12,64.36,4.12
2017-04-28,31.54,0.02,63.55,3.83
2017-04-29,31.71,0.05,61.55,3.15
2017-04-30,31.49,0.09,62.47,2.84
2017-05-01,31.09,0.35,64.94,2.99
2017-05-02,31.39,0.2,61.03,2.97
2017-05-03,30.69,0.84,63.98,2.78
2017-05-04,31.04,0.24,62.73,2.95
2017-05-05,30.73,0.19,67.11,3.45
2017-05-06,30.49,1.16,69.96,3.94
2017-05-07,30.6,0.81,68.5,3.64
2017-05-08,31.56,0.55,62.63,3.22
2017-05-09,31.94,0.42,59.79,3.97
2017-05-10,30.6,0.77,69.87,3.05
2017-05-11,31.52,0.4,63.92,3.32
2017-05-12,30.87,1.29,67.42,2.77
2017-05-13,30.77,4.86,70.39,2.94
2017-05-14,31.34,3.0,65.83,4.51
2017-05-15,31.45,0.09,67.39,5.23
2017-05-16,31.39,0.28,67.52,5.16
2017-05-17,32.2,0.34,64.9,5.15
2017-05-18,31.27,1.9,67.52,4.97
2017-05-19,31.69,0.24,60.22,4.78
2017-05-20,31.41,8.55,65.42,4.55
2017-05-21,30.5,1.76,71.37,3.64
2017-05-22,31.63,0.32,65.39,2.92
2017-05-23,30.52,0.38,69.44,3.0
2017-05-24,30.62,0.46,70.32,3.2
2017-05-25,30.96,0.54,68.12,4.13
2017-05-26,28.83,0.33,76.85,3.35
2017-05-27,31.14,0.41,67.51,3.83
2017-05-28,31.05,0.7,66.62,5.61
2017-05-29,29.99,0.95,72.07,5.06
2017-05-30,30.18,0.51,70.9,6.59
2017-05-31,31.05,3.0,66.16,5.35
2017-06-01,30.63,0.41,64.72,5.12
2017-06-02,30.43,1.1,64.26,6.59
2017-06-03,30.33,0.13,65.85,5.76
2017-06-04,30.86,0.15,63.31,4.75
2017-06-05,31.14,2.23,65.39,4.22
2017-06-06,30.55,0.78,67.69,3.32
2017-06-07,29.72,8.71,70.34,3.56
2017-06-08,30.24,0.6,65.47,3.28
2017-06-09,29.99,1.07,65.0,4.62
2017-06-10,29.81,3.04,67.6,5.33
2017-06-11,30.33,0.05,62.82,5.8
2017-06-12,30.58,0.02,66.3,4.98
2017-06-13,30.78,0.04,67.03,4.97
2017-06-14,30.32,3.98,71.24,5.18
2017-06-15,29.72,1.38,74.05,4.02
2017-06-16,29.06,7.76,77.96,3.7
2017-06-17,29.39,1.74,70.23,3.32
2017-06-18,30.82,0.06,64.08,3.62
2017-06-19,30.39,1.82,68.5,4.03
2017-06-20,29.3,1.18,73.66,4.41
2017-06-21,29.71,0.02,71.22,4.22
2017-06-22,29.83,0.09,70.18,4.48
2017-06-23,30.17,0.07,68.09,5.31
2017-06-24,29.66,0.09,64.83,5.79
2017-06-25,29.5,0.49,64.23,6.71
2017-06-26,28.93,1.57,68.57,6.83
2017-06-27,28.88,0.7,71.08,6.05
2017-06-28,29.31,0.31,68.7,5.28
2017-06-29,29.82,0.04,62.49,3.99
2017-06-30,29.74,0.1,67.79,2.84
2017-07-01,30.62,0.05,61.91,3.49
2017-07-02,29.99,0.01,61.03,2.66
2017-07-03,30.82,0.92,59.62,3.63
2017-07-04,31.14,0.14,54.6,2.3
2017-07-05,30.31,0.07,61.58,2.66
2017-07-06,29.81,0.82,66.21,4.56
2017-07-07,30.12,0.55,62.03,4.71
2017-07-08,29.67,2.38,64.05,3.24
2017-07-09,29.5,5.35,64.96,3.87
2017-07-10,30.14,0.19,63.28,3.87
2017-07-11,31.15,0.05,60.43,3.16
2017-07-12,30.64,0.13,58.41,2.38
2017-07-13,30.81,0.23,60.2,3.6
2017-07-14,30.63,0.0,54.05,4.1
2017-07-15,29.85,0.01,65.3,4.92
2017-07-16,29.78,0.01,64.3,4.18
2017-07-17,30.05,0.02,62.94,5.43
2017-07-18,29.98,0.02,65.62,5.83
2017-07-19,30.31,0.05,66.62,6.16
2017-07-20,30.4,0.03,66.87,6.22
2017-07-21,30.47,0.02,60.64,5.2
2017-07-22,31.31,0.01,61.08,3.84
2017-07-23,31.31,0.01,60.78,3.56
2017-07-24,32.09,0.0,55.28,2.83
2017-07-25,32.45,0.05,53.71,3.18
2017-07-26,32.65,0.06,53.6,2.56
2017-07-27,32.03,1.88,53.47,3.51
2017-07-28,31.58,1.39,59.96,3.04
2017-07-29,30.84,5.16,62.64,2.92
2017-07-30,29.73,4.01,70.77,3.04
2017-07-31,29.72,6.65,71.71,2.6
2017-08-01,30.02,2.85,68.68,2.95
2017-08-02,30.22,1.63,67.52,2.86
2017-08-03,30.97,0.27,62.5,4.2
2017-08-04,30.51,0.11,65.57,4.32
2017-08-05,30.57,0.11,65.02,4.8
2017-08-06,30.55,0.29,64.14,4.04
2017-08-07,29.93,1.41,67.96,2.99
2017-08-08,29.46,5.31,66.96,2.26
2017-08-09,28.9,6.67,73.7,2.4
2017-08-10,29.51,2.66,68.25,2.32
2017-08-11,29.37,1.58,69.18,3.17
2017-08-12,29.62,3.89,63.11,2.52
2017-08-13,27.57,28.9,77.45,1.95
2017-08-14,27.86,14.38,77.16,0.99
2017-08-15,28.27,1.51,74.74,2.07
2017-08-16,28.59,0.41,71.55,3.86
2017-08-17,28.85,0.65,72.77,5.28
2017-08-18,28.95,1.17,72.8,5.31
2017-08-19,29.22,0.08,70.18,5.7
2017-08-20,28.54,0.25,73.72,5.6
2017-08-21,29.3,0.14,68.86,4.9
2017-08-22,29.17,0.02,68.34,3.74
2017-08-23,28.86,0.46,70.57,2.46
2017-08-24,28.86,0.95,72.13,2.7
2017-08-25,30.13,0.07,66.95,2.62
2017-08-26,29.97,0.02,67.04,3.89
2017-08-27,28.94,0.12,73.24,5.73
2017-08-28,29.11,0.18,73.42,5.89
2017-08-29,29.41,0.34,69.52,6.01
2017-08-30,29.93,4.74,69.87,3.41
2017-08-31,29.13,9.35,72.48,2.11
2017-09-01,28.48,18.38,81.43,1.71
2017-09-02,28.99,5.54,75.68,1.13
2017-09-03,28.18,2.27,75.35,2.11
2017-09-04,28.81,4.96,76.76,2.11
2017-09-05,29.18,2.59,76.67,2.68
2017-09-06,28.44,0.6,78.37,4.29
2017-09-07,28.28,0.69,78.35,3.35
2017-09-08,27.55,28.79,84.79,3.94
2017-09-09,27.5,14.43,83.42,2.76
2017-09-10,27.94,4.56,80.2,3.2
2017-09-11,28.0,2.85,81.67,3.72
2017-09-12,27.6,5.05,81.86,3.14
2017-09-13,27.37,9.24,85.03,3.5
2017-09-14,27.47,1.51,83.11,4.46
2017-09-15,27.82,0.39,81.54,4.18
2017-09-16,27.83,1.02,82.79,5.16
2017-09-17,27.35,2.21,83.3,5.86
2017-09-18,28.29,0.16,77.36,5.9
2017-09-19,28.1,0.07,79.76,5.38
2017-09-20,28.11,0.04,78.89,4.47
2017-09-21,28.09,0.01,77.09,4.07
2017-09-22,28.82,0.03,73.48,2.86
2017-09-23,28.74,0.06,74.13,2.87
2017-09-24,28.71,1.25,76.62,3.59
2017-09-25,28.11,2.16,77.37,2.65
2017-09-26,27.97,4.54,80.01,3.13
2017-09-27,28.16,2.18,80.02,4.04
2017-09-28,27.82,8.57,79.57,5.2
2017-09-29,28.59,0.27,75.17,4.91
2017-09-30,29.06,0.05,74.73,4.92
2017-10-01,29.08,0.06,73.68,4.93
2017-10-02,29.13,0.19,74.13,4.19
2017-10-03,29.47,0.21,72.37,4.18
2017-10-04,29.12,2.54,76.68,2.83
2017-10-05,28.1,9.34,82.66,2.34
2017-10-06,28.33,3.94,77.67,3.9
2017-10-07,28.48,0.38,74.77,3.42
2017-10-08,29.01,0.2,75.27,3.65
2017-10-09,28.77,0.18,77.11,2.99
2017-10-10,28.65,0.71,77.55,2.33
2017-10-11,28.09,2.5,74.25,2.8
2017-10-12,28.57,1.41,72.87,3.11
2017-10-13,28.18,1.3,78.18,3.42
2017-10-14,28.12,2.41,78.36,3.67
2017-10-15,27.97,0.21,75.56,4.57
2017-10-16,28.97,0.03,72.86,2.3
2017-10-17,28.97,0.66,69.52,2.53
2017-10-18,29.54,0.85,67.6,3.23
2017-10-19,29.61,0.66,71.56,4.09
2017-10-20,29.03,0.13,76.26,4.8
2017-10-21,28.47,5.66,78.84,5.62
2017-10-22,29.28,1.77,75.82,3.7
2017-10-23,29.27,0.63,73.69,2.42
2017-10-24,28.44,2.38,77.41,1.8
2017-10-25,28.5,3.29,76.2,1.74
2017-10-26,28.32,8.42,76.84,1.7
2017-10-27,27.73,6.92,78.18,1.21
2017-10-28,27.5,5.15,80.48,2.19
2017-10-29,28.18,2.2,77.27,3.34
2017-10-30,26.67,6.46,86.33,4.4
2017-10-31,26.35,9.55,86.9,4.13
2017-11-01,26.49,6.46,85.5,3.15
2017-11-02,26.26,14.46,87.29,3.33
2017-11-03,26.23,5.23,85.96,3.67
2017-11-04,26.08,12.57,89.31,3.22
2017-11-05,27.01,5.02,84.14,3.43
2017-11-06,26.67,6.68,86.3,4.05
2017-11-07,26.59,6.09,85.39,3.5
2017-11-08,26.17,15.77,85.97,3.37
2017-11-09,26.8,0.48,79.65,3.45
2017-11-10,25.69,4.38,84.68,4.77
2017-11-11,26.21,0.88,84.03,3.84
2017-11-12,26.9,0.03,78.13,2.83
2017-11-13,27.42,4.28,79.44,1.04
2017-11-14,27.09,6.24,82.63,0.68
2017-11-15,26.89,1.76,83.08,1.62
2017-11-16,27.39,0.01,72.82,2.12
2017-11-17,26.4,0.0,74.14,1.86
2017-11-18,27.48,1.66,75.66,1.58
2017-11-19,27.29,3.81,82.83,2.38
2017-11-20,27.3,3.02,83.69,2.66
2017-11-21,26.78,2.73,87.61,2.86
2017-11-22,27.05,1.28,84.19,3.54
2017-11-23,27.31,0.77,79.03,3.64
2017-11-24,27.28,1.61,79.04,3.31
2017-11-25,26.82,0.69,78.64,4.0
2017-11-26,25.38,15.42,88.85,4.11
2017-11-27,26.63,11.52,86.53,3.74
2017-11-28,26.72,8.49,88.1,4.73
2017-11-29,26.37,13.56,90.05,5.94
2017-11-30,26.48,42.08,92.22,5.12
2017-12-01,25.88,23.12,91.67,2.51
2017-12-02,25.6,3.72,89.7,1.64
2017-12-03,26.18,1.71,84.77,2.89
2017-12-04,26.34,0.22,84.05,2.86
2017-12-05,25.9,0.24,85.2,2.59
2017-12-06,26.17,2.29,85.18,2.78
2017-12-07,26.18,0.84,82.64,2.72
2017-12-08,25.35,0.0,79.41,2.08
2017-12-09,25.37,0.0,73.29,1.4
2017-12-10,26.4,0.02,76.16,1.82
2017-12-11,26.62,0.35,80.74,1.96
2017-12-12,26.72,0.89,80.26,1.55
2017-12-13,26.82,1.0,80.0,1.89
2017-12-14,26.46,0.6,84.84,3.09
2017-12-15,26.26,1.56,85.4,4.15
2017-12-16,26.19,0.37,82.39,4.77
2017-12-17,25.78,0.11,81.18,5.02
2017-12-18,25.19,0.03,77.03,4.88
2017-12-19,25.14,5.02,82.54,4.97
2017-12-20,25.5,4.19,84.39,5.52
2017-12-21,24.08,3.56,85.81,4.75
2017-12-22,25.54,0.53,82.26,4.74
2017-12-23,25.44,0.11,76.62,4.5
2017-12-24,24.98,0.11,79.12,4.3
2017-12-25,25.73,2.22,82.95,4.53
2017-12-26,25.59,1.3,81.39,5.01
2017-12-27,25.1,0.01,78.81,4.68
2017-12-28,24.72,0.0,71.87,4.75
2017-12-29,24.85,0.0,70.67,4.2
2017-12-30,25.33,0.0,73.82,4.11
2017-12-31,25.5,0.0,75.21,3.37
2018-01-01,26.48,0.0,75.1,1.99
2018-01-02,26.94,0.0,73.5,1.91
2018-01-03,26.82,0.0,72.95,3.35
2018-01-04,26.13,0.0,70.04,4.18
2018-01-05,25.18,0.0,67.84,4.31
2018-01-06,25.07,0.0,63.48,3.53
2018-01-07,24.79,0.0,65.4,3.88
2018-01-08,24.9,0.03,69.99,4.22
2018-01-09,25.26,2.6,78.25,4.09
2018-01-10,26.22,1.5,80.79,4.74
2018-01-11,26.75,0.35,78.07,3.56
2018-01-12,25.99,0.73,83.03,3.32
2018-01-13,26.11,0.26,79.51,3.83
2018-01-14,25.79,0.0,75.5,3.93
2018-01-15,26.13,0.03,74.39,4.15
2018-01-16,26.04,0.0,75.46,3.59
2018-01-17,26.01,0.0,69.27,3.86
2018-01-18,25.15,0.0,65.09,4.6
2018-01-19,25.0,0.0,68.96,4.15
2018-01-20,25.04,0.0,65.87,4.03
2018-01-21,25.04,0.01,67.65,4.16
2018-01-22,25.56,0.01,67.37,3.52
2018-01-23,26.14,0.0,67.9,3.05
2018-01-24,26.31,0.0,68.49,3.3
2018-01-25,26.42,0.0,69.26,3.89
2018-01-26,26.11,0.0,67.2,3.92
2018-01-27,26.25,0.0,65.69,3.93
2018-01-28,26.09,0.02,66.58,4.17
2018-01-29,26.43,0.02,70.53,4.79
2018-01-30,26.73,0.01,67.17,5.16
2018-01-31,26.17,0.0,63.03,5.06
2018-02-01,25.61,0.0,63.19,4.34
2018-02-02,25.34,0.0,63.13,4.37
2018-02-03,25.32,0.0,64.64,4.44
2018-02-04,25.78,0.0,64.89,4.5
2018-02-05,26.67,0.0,64.84,4.56
2018-02-06,26.97,0.44,76.75,4.29
2018-02-07,26.92,1.87,80.12,3.02
2018-02-08,26.93,0.62,77.85,2.96
2018-02-09,27.6,0.01,70.02,2.99
2018-02-10,26.91,0.0,69.69,3.3
2018-02-11,27.36,0.0,70.6,3.38
2018-02-12,27.45,0.02,71.22,4.44
2018-02-13,26.82,0.0,67.68,4.08
2018-02-14,27.41,0.0,68.38,4.35
2018-02-15,27.54,0.01,71.13,5.14
2018-02-16,27.5,0.0,65.11,4.95
2018-02-17,27.29,0.0,63.29,3.9
2018-02-18,27.07,0.0,63.41,4.18
2018-02-19,26.4,0.0,64.19,4.29
2018-02-20,26.62,0.0,66.56,4.77
2018-02-21,26.75,0.0,64.41,3.87
2018-02-22,26.59,0.0,64.36,4.25
2018-02-23,26.67,0.0,65.65,4.45
2018-02-24,27.53,0.0,68.66,4.63
2018-02-25,28.04,0.04,68.14,5.22
2018-02-26,28.28,0.01,68.11,4.54
2018-02-27,28.1,0.3,71.29,4.64
2018-02-28,28.51,0.18,70.95,4.58
2018-03-01,28.34,0.52,71.68,4.22
2018-03-02,28.47,0.03,65.68,3.93
2018-03-03,28.35,0.01,64.93,3.33
2018-03-04,28.15,0.0,60.39,2.88
2018-03-05,28.04,0.01,62.21,3.33
2018-03-06,27.92,0.0,60.67,3.51
2018-03-07,28.07,0.0,66.32,3.51
2018-03-08,28.39,0.02,67.63,3.81
2018-03-09,28.6,0.0,67.08,4.22
2018-03-10,28.88,0.01,66.17,4.63
2018-03-11,28.78,0.01,67.82,4.39
2018-03-12,28.71,4.33,70.76,5.12
2018-03-13,27.98,8.1,75.67,3.89
2018-03-14,28.9,1.83,71.05,2.72
2018-03-15,28.47,2.16,73.71,1.52
2018-03-16,29.81,0.39,65.32,2.07
2018-03-17,28.95,2.07,71.52,3.19
2018-03-18,29.34,0.52,67.91,3.86
2018-03-19,29.14,0.03,63.37,3.7
2018-03-20,28.64,0.0,61.75,2.91
2018-03-21,29.7,0.0,59.42,2.25
2018-03-22,30.04,0.04,66.47,2.76
2018-03-23,30.48,0.1,64.33,2.77
2018-03-24,30.32,0.26,63.47,2.65
2018-03-25,29.71,0.0,62.72,3.58
2018-03-26,29.71,0.03,63.1,3.7
2018-03-27,29.72,0.1,69.65,2.7
2018-03-28,29.72,0.05,71.3,2.48
2018-03-29,30.54,0.01,66.76,3.21
2018-03-30,30.43,0.06,70.93,3.07
2018-03-31,31.12,0.19,67.42,3.0
2018-04-01,31.16,0.15,63.51,2.67
2018-04-02,30.51,0.03,66.05,2.73
2018-04-03,30.6,0.04,63.91,2.41
2018-04-04,30.39,0.01,63.49,2.6
2018-04-05,30.17,0.01,62.88,2.59
2018-04-06,30.33,0.05,61.01,1.93
2018-04-07,30.79,0.49,63.26,2.83
2018-04-08,30.45,0.84,66.13,3.33
2018-04-09,29.54,6.74,71.37,3.36
2018-04-10,29.3,5.0,73.54,3.39
2018-04-11,29.57,2.23,72.02,2.47
2018-04-12,29.98,1.61,70.34,2.95
2018-04-13,30.22,4.63,67.21,3.01
2018-04-14,29.58,7.55,71.94,2.29
2018-04-15,29.23,4.44,73.26,2.35
2018-04-16,30.3,1.05,69.03,2.24
2018-04-17,30.98,0.1,63.77,2.41
2018-04-18,30.58,0.38,67.1,2.59
2018-04-19,30.71,0.1,68.57,3.18
2018-04-20,30.89,0.3,68.27,3.63
2018-04-21,30.37,0.14,70.84,2.89
2018-04-22,30.76,0.08,69.32,3.12
2018-04-23,30.91,0.02,66.96,2.55
2018-04-24,30.89,0.03,67.06,2.51
2018-04-25,31.24,0.08,67.43,2.95
2018-04-26,30.82,0.16,70.05,2.9
2018-04-27,30.9,0.25,69.06,2.5
2018-04-28,29.98,0.17,71.77,2.55
2018-04-29,30.83,0.13,68.15,3.03
2018-04-30,31.43,0.21,67.05,4.07
2018-05-01,31.34,0.38,68.83,3.05
2018-05-02,31.87,0.67,65.69,2.51
2018-05-03,31.12,0.95,70.0,3.2
2018-05-04,29.56,7.13,77.86,2.42
2018-05-05,29.75,3.52,71.38,2.23
2018-05-06,29.58,1.13,71.36,3.51
2018-05-07,30.21,0.89,70.38,4.1
2018-05-08,30.16,3.63,70.47,3.97
2018-05-09,28.53,9.39,76.7,2.42
2018-05-10,28.09,5.88,81.9,2.73
2018-05-11,30.05,0.51,70.86,4.05
2018-05-12,30.3,0.45,70.63,3.58
2018-05-13,30.24,0.72,65.89,4.0
2018-05-14,29.84,6.27,70.13,2.74
2018-05-15,29.65,7.41,74.66,2.17
2018-05-16,29.57,3.09,72.29,2.39
2018-05-17,29.18,1.67,74.61,3.9
2018-05-18,30.04,1.58,69.37,3.79
2018-05-19,30.75,0.26,67.73,4.0
2018-05-20,30.34,0.35,69.88,4.57
2018-05-21,30.39,0.23,67.56,4.27
2018-05-22,30.82,1.95,64.47,3.24
2018-05-23,29.62,3.52,74.55,3.56
2018-05-24,28.68,9.01,80.04,2.14
2018-05-25,28.75,6.66,77.58,2.14
2018-05-26,28.58,0.65,80.75,4.48
2018-05-27,29.31,0.23,75.15,4.78
2018-05-28,29.43,1.12,77.21,6.91
2018-05-29,30.66,0.05,68.96,6.37
2018-05-30,30.84,0.02,67.74,4.99
2018-05-31,30.36,0.04,69.33,5.27
2018-06-01,29.81,0.32,73.45,4.61
2018-06-02,29.43,0.2,76.32,4.24
2018-06-03,29.57,0.45,73.0,4.06
2018-06-04,29.16,10.55,77.74,3.52
2018-06-05,29.26,3.33,75.84,4.32
2018-06-06,30.16,1.09,69.77,4.53
2018-06-07,29.61,1.33,73.3,5.55
2018-06-08,29.7,0.75,73.58,6.5
2018-06-09,30.11,0.15,70.35,6.87
2018-06-10,29.76,0.12,73.14,6.59
2018-06-11,30.03,0.15,70.52,6.64
2018-06-12,29.99,0.05,70.79,6.01
2018-06-13,29.98,0.09,67.34,5.2
2018-06-14,30.34,0.04,63.19,4.69
2018-06-15,29.89,0.09,67.54,5.21
2018-06-16,29.81,4.15,67.3,5.47
2018-06-17,29.91,0.27,64.48,3.97
2018-06-18,30.25,0.04,61.51,5.14
2018-06-19,29.35,0.05,71.26,6.26
2018-06-20,29.4,0.07,70.97,6.24
2018-06-21,29.19,0.04,71.71,5.47
2018-06-22,30.01,0.05,63.38,5.42
2018-06-23,30.48,0.01,62.7,4.55
2018-06-24,30.22,0.04,65.44,4.37
2018-06-25,29.36,0.01,65.33,4.92
2018-06-26,30.05,0.05,60.81,4.37
2018-06-27,29.17,0.04,65.47,5.92
2018-06-28,29.66,0.02,60.4,5.1
2018-06-29,30.2,0.06,61.63,3.44
2018-06-30,29.44,4.36,62.81,1.96
2018-07-01,28.86,7.47,70.73,2.01
2018-07-02,29.17,4.57,70.13,2.39
2018-07-03,28.96,1.89,69.31,2.24
2018-07-04,30.02,0.07,64.99,2.47
2018-07-05,30.38,0.05,62.03,2.47
2018-07-06,30.74,0.01,59.41,3.6
2018-07-07,30.18,0.01,60.21,5.0
2018-07-08,29.8,0.05,62.12,5.48
2018-07-09,29.36,0.15,70.06,5.75
2018-07-10,28.56,0.18,72.57,6.5
2018-07-11,28.85,0.1,69.02,6.21
2018-07-12,29.16,0.08,65.35,5.67
2018-07-13,29.47,0.11,68.16,5.92
2018-07-14,29.28,0.04,69.79,5.4
2018-07-15,28.8,0.39,72.4,5.85
2018-07-16,29.5,0.66,65.78,6.05
2018-07-17,30.37,0.04,59.53,5.74
2018-07-18,29.79,0.17,62.6,5.36
2018-07-19,30.12,0.37,64.06,5.56
2018-07-20,29.57,0.09,64.75,6.08
2018-07-21,29.65,0.03,62.18,5.36
2018-07-22,30.55,0.01,60.18,4.28
2018-07-23,30.99,0.03,61.16,3.38
2018-07-24,30.65,0.21,61.75,3.21
2018-07-25,31.08,0.16,59.51,2.58
2018-07-26,30.99,0.02,58.63,3.68
2018-07-27,30.91,0.0,59.75,3.2
2018-07-28,30.73,0.0,59.39,3.38
2018-07-29,30.31,0.02,63.61,3.32
2018-07-30,29.16,0.24,69.59,4.44
2018-07-31,29.34,1.21,67.99,4.86
2018-08-01,29.76,0.31,65.71,4.44
2018-08-02,30.15,4.32,65.22,4.38
2018-08-03,28.59,4.65,72.98,3.0
2018-08-04,28.47,1.89,66.51,3.59
2018-08-05,29.64,0.06,63.88,3.25
2018-08-06,29.77,0.01,64.32,5.45
2018-08-07,29.58,0.06,64.45,5.7
2018-08-08,29.47,0.35,63.38,5.72
2018-08-09,30.14,0.21,60.45,4.82
2018-08-10,29.54,2.39,62.98,3.28
2018-08-11,30.45,0.14,56.42,4.26
2018-08-12,29.99,0.05,60.23,5.6
2018-08-13,30.0,0.08,60.26,5.31
2018-08-14,29.49,2.35,64.19,6.31
2018-08-15,28.98,3.51,67.7,7.06
2018-08-16,28.7,1.24,67.38,6.57
2018-08-17,29.75,0.44,64.86,5.83
2018-08-18,29.1,0.91,64.64,5.71
2018-08-19,29.69,0.04,61.94,4.61
2018-08-20,30.14,0.0,61.01,4.55
2018-08-21,30.44,0.01,59.89,4.07
2018-08-22,30.33,0.0,59.4,2.73
2018-08-23,30.55,0.1,58.81,2.62
2018-08-24,30.38,1.72,60.44,2.49
2018-08-25,30.37,0.8,62.93,2.38
2018-08-26,30.26,2.04,62.02,2.57
2018-08-27,29.87,3.07,64.58,1.75
2018-08-28,29.59,0.83,63.06,3.07
2018-08-29,29.57,0.12,61.28,2.52
2018-08-30,29.88,4.94,65.07,2.29
2018-08-31,28.9,4.76,71.03,2.77
2018-09-01,28.5,5.08,71.24,2.84
2018-09-02,28.77,1.16,71.69,2.97
2018-09-03,29.34,0.15,67.35,3.08
2018-09-04,29.94,0.01,65.25,3.25
2018-09-05,30.14,0.0,61.37,4.07
2018-09-06,30.56,0.0,60.25,5.01
2018-09-07,30.0,0.0,59.51,4.47
2018-09-08,30.13,0.0,61.31,3.22
2018-09-09,30.41,0.2,62.94,2.79
2018-09-10,29.08,3.31,69.33,2.19
2018-09-11,29.62,0.63,67.74,2.7
2018-09-12,30.17,0.06,65.64,2.67
2018-09-13,30.44,0.38,64.9,3.65
2018-09-14,29.97,2.79,67.0,3.26
2018-09-15,29.2,1.04,70.02,2.78
2018-09-16,28.6,2.13,63.79,3.14
2018-09-17,29.21,0.39,67.75,3.53
2018-09-18,29.87,0.07,63.91,5.27
2018-09-19,29.85,1.11,64.79,3.24
2018-09-20,29.86,0.5,65.33,4.91
2018-09-21,30.03,0.05,62.95,4.69
2018-09-22,29.33,0.12,68.18,3.42
2018-09-23,29.99,1.25,68.38,3.07
2018-09-24,29.29,1.88,71.01,2.54
2018-09-25,29.66,3.08,67.93,2.34
2018-09-26,29.19,1.42,70.53,2.25
2018-09-27,29.32,5.35,70.33,2.54
2018-09-28,28.28,13.88,77.61,1.78
2018-09-29,28.67,4.19,73.94,1.82
2018-09-30,29.1,2.29,71.85,2.28
2018-10-01,28.73,5.97,75.48,1.92
2018-10-02,28.56,6.28,75.89,2.42
2018-10-03,27.86,16.63,80.67,2.28
2018-10-04,27.03,25.32,85.85,3.89
2018-10-05,27.8,9.42,83.17,3.55
2018-10-06,27.63,16.44,82.96,2.04
2018-10-07,27.98,8.7,78.27,1.27
2018-10-08,27.55,11.19,80.08,1.64
2018-10-09,27.42,3.96,79.12,1.65
2018-10-10,28.51,0.33,74.36,2.46
2018-10-11,28.75,0.15,75.6,3.07
2018-10-12,28.58,0.05,78.73,4.22
2018-10-13,28.18,1.29,78.45,4.48
2018-10-14,27.73,3.08,79.3,3.7
2018-10-15,27.96,0.48,77.47,2.47
2018-10-16,27.1,13.45,83.23,2.53
2018-10-17,27.45,3.25,75.03,1.69
2018-10-18,27.78,1.86,74.54,1.46
2018-10-19,27.7,2.0,75.7,1.5
2018-10-20,27.71,5.2,78.11,1.99
2018-10-21,27.79,6.62,80.42,1.78
2018-10-22,27.23,5.18,84.65,2.3
2018-10-23,27.3,2.74,78.4,2.1
2018-10-24,27.41,7.16,77.36,2.16
2018-10-25,26.89,12.07,83.22,3.14
2018-10-26,27.25,4.11,79.86,4.3
2018-10-27,27.08,2.22,81.93,3.67
2018-10-28,27.49,0.9,76.11,3.67
2018-10-29,28.38,0.02,69.11,2.31
2018-10-30,28.63,0.7,72.25,1.87
2018-10-31,27.4,7.16,85.43,2.63
2018-11-01,27.18,17.63,85.31,2.92
2018-11-02,26.87,17.42,85.36,2.98
2018-11-03,26.67,17.84,86.98,3.2
2018-11-04,27.13,0.62,79.85,3.49
2018-11-05,26.91,0.25,80.51,2.75
2018-11-06,26.57,4.89,84.31,3.38
2018-11-07,26.49,3.54,83.1,3.63
2018-11-08,25.61,11.33,89.09,3.47
2018-11-09,26.53,3.74,85.77,2.95
2018-11-10,26.73,0.02,80.47,3.65
2018-11-11,26.56,0.02,77.08,3.1
2018-11-12,26.54,0.0,75.47,2.04
2018-11-13,26.68,0.05,78.46,1.51
2018-11-14,27.31,0.03,75.5,1.45
2018-11-15,27.62,6.22,73.76,1.59
2018-11-16,26.11,39.68,87.78,3.76
2018-11-17,26.99,0.21,80.71,1.21
2018-11-18,27.0,3.27,83.71,2.05
2018-11-19,26.96,11.59,84.83,2.59
2018-11-20,25.81,8.16,89.07,3.82
2018-11-21,26.23,0.75,82.16,4.3
2018-11-22,26.05,6.67,84.29,3.05
2018-11-23,26.48,19.92,89.43,2.24
2018-11-24,26.31,6.91,88.09,3.3
2018-11-25,26.07,0.08,83.61,3.8
2018-11-26,25.63,0.0,80.27,3.91
2018-11-27,25.07,0.0,77.92,3.85
2018-11-28,25.59,1.97,83.78,4.39
2018-11-29,26.07,15.18,88.15,4.13
2018-11-30,26.23,3.24,86.1,4.15
2018-12-01,25.92,0.3,82.87,3.96
2018-12-02,25.66,0.04,81.4,3.57
2018-12-03,25.91,4.48,86.88,3.86
2018-12-04,26.61,6.66,86.07,3.37
2018-12-05,26.59,2.36,86.51,3.04
2018-12-06,26.46,0.98,85.28,3.21
2018-12-07,26.54,0.97,84.84,3.88
2018-12-08,26.38,0.1,82.09,4.12
2018-12-09,26.08,0.01,81.4,4.1
2018-12-10,25.82,0.0,80.9,3.23
2018-12-11,25.31,0.0,81.27,2.88
2018-12-12,25.6,0.0,81.27,2.71
2018-12-13,25.96,0.0,79.5,2.79
2018-12-14,25.69,0.05,82.44,3.68
2018-12-15,25.43,0.03,82.74,4.48
2018-12-16,25.07,0.0,74.97,3.11
2018-12-17,25.33,0.0,72.59,2.11
2018-12-18,26.56,0.04,78.0,2.04
2018-12-19,25.99,0.01,78.61,3.64
2018-12-20,25.82,0.02,77.27,3.37
2018-12-21,26.39,3.31,81.89,3.59
2018-12-22,25.11,8.43,83.37,4.57
2018-12-23,26.3,3.55,86.87,3.86
2018-12-24,25.7,2.26,88.08,3.69
2018-12-25,26.39,0.15,79.41,3.8
2018-12-26,26.25,0.13,78.33,2.8
2018-12-27,25.67,0.0,77.97,2.85
2018-12-28,26.01,0.0,77.74,2.47
2018-12-29,26.39,0.09,75.83,3.99
2018-12-30,25.98,0.06,73.94,4.81
2018-12-31,25.47,0.26,74.38,4.86
2019-01-01,24.81,0.0,71.03,4.55
2019-01-02,24.07,0.0,70.18,4.37
2019-01-03,24.71,0.0,67.55,4.51
2019-01-04,24.88,0.0,67.31,4.72
2019-01-05,25.21,0.0,70.24,4.09
2019-01-06,25.11,0.0,70.57,3.96
2019-01-07,25.55,0.0,70.48,3.29
2019-01-08,25.68,0.0,72.3,3.98
2019-01-09,24.93,0.0,71.24,4.03
2019-01-10,25.01,0.0,70.7,4.16
2019-01-11,25.22,0.0,71.47,4.11
2019-01-12,25.38,0.0,69.31,4.58
2019-01-13,25.86,0.09,74.31,4.22
2019-01-14,26.37,0.25,72.98,4.01
2019-01-15,25.92,0.72,70.78,4.36
2019-01-16,25.81,0.0,70.03,4.75
2019-01-17,25.19,0.0,67.31,4.27
2019-01-18,24.88,0.0,64.52,4.17
2019-01-19,24.73,0.0,66.51,3.82
2019-01-20,24.71,0.0,66.84,4.43
2019-01-21,24.91,0.0,66.13,3.71
2019-01-22,25.41,0.0,70.68,3.44
2019-01-23,26.05,0.0,72.54,3.49
2019-01-24,26.33,0.0,75.0,3.37
2019-01-25,27.0,0.0,75.81,2.71
2019-01-26,27.44,0.01,74.93,3.21
2019-01-27,27.47,0.1,70.17,3.28
2019-01-28,27.56,0.15,67.16,3.36
2019-01-29,27.2,0.02,67.31,4.54
2019-01-30,26.77,0.0,68.87,5.01
2019-01-31,26.61,0.0,68.44,4.65
2019-02-01,26.71,0.01,69.83,4.1
2019-02-02,27.1,0.0,68.48,4.2
2019-02-03,27.21,0.0,68.24,4.29
2019-02-04,27.34,1.55,74.61,4.96
2019-02-05,27.66,0.16,72.81,4.67
2019-02-06,27.41,0.07,68.07,4.08
2019-02-07,27.28,0.0,69.21,3.14
2019-02-08,28.21,0.01,71.51,2.27
2019-02-09,27.82,0.77,76.13,2.45
2019-02-10,27.99,0.37,72.61,3.05
2019-02-11,28.15,0.02,68.56,4.68
2019-02-12,27.98,0.02,68.27,5.43
2019-02-13,27.8,0.0,66.36,5.22
2019-02-14,28.16,0.02,71.24,4.54
2019-02-15,28.48,0.09,69.87,3.79
2019-02-16,29.03,0.03,68.16,2.47
2019-02-17,29.04,0.5,70.87,2.09
2019-02-18,29.43,0.58,68.53,2.63
2019-02-19,29.21,0.43,70.25,3.09
2019-02-20,28.78,0.0,65.73,4.51
2019-02-21,28.6,0.0,63.81,4.5
2019-02-22,28.11,0.0,61.45,4.72
2019-02-23,27.47,0.0,64.12,3.49
2019-02-24,27.47,0.0,66.0,3.41
2019-02-25,27.94,0.0,64.19,2.95
2019-02-26,29.15,0.0,65.82,2.26
2019-02-27,29.72,0.03,64.78,2.77
2019-02-28,30.28,0.0,63.27,3.38
2019-03-01,29.74,0.0,67.32,3.15
2019-03-02,29.26,0.01,64.25,4.1
2019-03-03,29.42,0.03,63.84,3.85
2019-03-04,29.35,0.01,61.96,2.78
2019-03-05,30.17,0.0,57.17,2.58
2019-03-06,30.3,0.02,66.27,3.83
2019-03-07,30.45,0.14,67.92,3.8
2019-03-08,30.07,0.06,69.17,4.05
2019-03-09,30.27,0.45,65.86,2.81
2019-03-10,30.14,0.46,63.32,3.01
2019-03-11,29.58,0.0,59.49,3.29
2019-03-12,29.18,0.0,60.87,3.53
2019-03-13,28.77,0.0,63.74,3.88
2019-03-14,29.19,0.0,60.16,3.68
2019-03-15,28.98,0.0,62.13,3.9
2019-03-16,29.1,0.0,63.45,3.96
2019-03-17,29.5,0.01,63.21,3.81
2019-03-18,29.95,0.05,63.99,3.81
2019-03-19,30.13,0.05,62.28,3.1
2019-03-20,30.03,0.02,59.79,3.04
2019-03-21,29.93,0.0,60.84,3.37
2019-03-22,30.37,0.05,62.94,2.96
2019-03-23,30.66,0.02,61.69,2.68
2019-03-24,30.71,0.0,55.96,2.32
2019-03-25,30.64,0.0,53.98,3.43
2019-03-26,30.11,0.0,55.76,3.46
2019-03-27,30.41,0.0,53.28,2.87
2019-03-28,30.32,0.0,54.35,2.65
2019-03-29,30.5,0.0,52.01,2.36
2019-03-30,30.46,0.0,61.52,2.79
2019-03-31,31.04,0.0,60.9,3.38
2019-04-01,31.2,0.01,61.26,3.86
2019-04-02,30.78,0.01,62.58,3.04
2019-04-03,30.7,0.01,61.43,2.81
2019-04-04,31.09,0.06,59.0,2.5
2019-04-05,31.69,0.13,58.33,2.36
2019-04-06,31.65,0.01,56.08,2.28
2019-04-07,31.49,0.01,60.11,2.72
2019-04-08,31.28,0.02,65.21,3.28
2019-04-09,31.36,0.02,63.8,3.32
2019-04-10,31.51,0.03,62.25,2.77
2019-04-11,31.77,0.04,58.69,2.3
2019-04-12,31.54,0.02,61.64,2.54
2019-04-13,31.71,0.03,59.35,2.28
2019-04-14,32.08,0.02,54.99,2.46
2019-04-15,32.05,0.03,57.99,2.7
2019-04-16,31.68,0.94,60.9,2.57
2019-04-17,30.9,2.04,65.5,2.06
2019-04-18,30.91,0.98,68.26,3.23
2019-04-19,30.72,0.81,68.51,3.56
2019-04-20,30.94,1.94,65.57,3.4
2019-04-21,31.46,0.64,61.19,3.26
2019-04-22,32.04,1.01,58.43,2.61
2019-04-23,31.58,1.05,62.11,2.52
2019-04-24,31.27,0.23,61.12,2.01
2019-04-25,31.88,0.08,58.25,2.22
2019-04-26,31.62,0.18,62.42,2.51
2019-04-27,31.74,0.06,63.92,2.87
2019-04-28,32.21,0.2,63.37,2.7
2019-04-29,32.34,2.8,63.32,3.87
2019-04-30,32.7,0.31,59.47,3.94
2019-05-01,32.0,0.08,60.56,5.58
2019-05-02,32.44,0.02,59.4,5.45
2019-05-03,32.74,0.0,56.89,5.86
2019-05-04,32.89,0.0,57.07,4.71
2019-05-05,32.01,0.01,62.27,4.08
2019-05-06,31.95,0.04,63.83,5.05
2019-05-07,32.42,0.38,60.09,5.63
2019-05-08,32.46,0.19,52.88,2.85
2019-05-09,32.72,0.71,55.1,3.58
2019-05-10,31.97,0.34,64.0,4.14
2019-05-11,31.99,0.02,65.17,5.02
2019-05-12,32.31,0.02,63.65,4.59
2019-05-13,32.8,0.01,59.91,4.54
2019-05-14,33.18,0.02,57.84,3.72
2019-05-15,33.34,0.2,56.75,3.53
2019-05-16,32.18,0.1,64.03,3.67
2019-05-17,32.6,0.36,61.59,4.33
2019-05-18,32.2,0.17,65.12,4.37
2019-05-19,31.76,0.0,67.01,4.71
2019-05-20,31.84,0.0,64.76,4.21
2019-05-21,31.99,0.02,63.56,4.46
2019-05-22,30.82,0.07,72.19,4.34
2019-05-23,30.98,0.12,72.18,4.76
2019-05-24,31.46,0.12,66.55,5.34
2019-05-25,31.3,0.12,65.55,5.4
2019-05-26,32.48,0.04,60.87,5.25
2019-05-27,32.27,0.03,66.03,4.4
2019-05-28,32.39,0.08,66.62,3.81
2019-05-29,32.8,0.39,61.62,3.3
2019-05-30,32.06,0.78,64.69,4.11
2019-05-31,29.61,2.72,61.91,5.4
2019-06-01,31.08,0.24,63.92,5.29
2019-06-02,31.53,0.06,65.95,6.03
2019-06-03,30.46,0.43,70.1,3.17
2019-06-04,30.8,1.11,66.96,4.73
2019-06-05,30.33,2.63,70.4,4.05
2019-06-06,30.3,0.29,73.37,4.03
2019-06-07,30.29,4.24,71.07,6.03
2019-06-08,30.58,1.27,69.77,5.95
2019-06-09,30.37,0.67,72.2,6.48
2019-06-10,30.28,0.62,71.31,5.98
2019-06-11,30.82,0.34,68.1,5.83
2019-06-12,30.55,0.15,69.77,5.52
2019-06-13,30.94,0.37,67.98,5.29
2019-06-14,31.29,0.49,63.68,4.61
2019-06-15,31.67,0.03,61.96,4.74
2019-06-16,31.61,0.09,62.27,5.39
2019-06-17,31.44,0.02,64.91,5.1
2019-06-18,31.9,0.06,60.99,4.72
2019-06-19,31.69,0.06,62.79,4.26
2019-06-20,32.05,0.04,54.79,5.26
2019-06-21,29.89,0.02,64.77,6.1
2019-06-22,30.8,0.09,63.6,5.94
2019-06-23,30.73,0.06,64.22,5.17
2019-06-24,31.53,0.18,63.65,4.67
2019-06-25,30.8,0.39,68.11,4.48
2019-06-26,31.41,0.01,63.4,3.68
2019-06-27,31.77,0.0,61.26,4.61
2019-06-28,31.32,0.0,60.49,4.76
2019-06-29,32.21,0.0,55.39,4.06
2019-06-30,31.44,0.0,58.83,5.15
2019-07-01,31.84,0.01,60.93,5.23
2019-07-02,30.78,0.02,66.36,6.45
2019-07-03,31.13,0.03,64.85,5.72
2019-07-04,31.31,0.08,64.52,5.94
2019-07-05,30.34,0.07,67.9,6.38
2019-07-06,30.22,0.02,68.26,5.93
2019-07-07,30.65,0.01,65.89,5.23
2019-07-08,31.0,0.03,65.14,4.81
2019-07-09,29.94,0.34,66.11,4.68
2019-07-10,30.74,0.27,58.92,4.11
2019-07-11,31.0,0.08,55.6,2.48
2019-07-12,31.42,0.05,57.72,2.54
2019-07-13,30.62,0.13,65.57,3.08
2019-07-14,30.35,0.36,65.96,4.23
2019-07-15,30.64,2.09,62.89,5.07
2019-07-16,31.06,0.19,59.2,2.68
2019-07-17,31.46,0.28,57.3,2.73
2019-07-18,29.63,3.58,64.12,3.54
2019-07-19,28.98,1.05,69.75,4.41
2019-07-20,29.75,0.15,64.92,5.23
2019-07-21,30.56,1.67,61.45,5.25
2019-07-22,29.29,0.36,67.15,3.56
2019-07-23,30.89,0.05,55.3,2.75
2019-07-24,30.73,0.4,58.24,2.81
2019-07-25,30.91,2.26,60.3,3.54
2019-07-26,29.81,2.48,62.59,4.25
2019-07-27,30.72,0.05,60.76,3.36
2019-07-28,31.01,0.01,57.39,3.7
2019-07-29,30.36,0.05,62.5,4.52
2019-07-30,31.02,0.02,61.12,3.52
2019-07-31,30.45,0.0,62.62,3.57
2019-08-01,31.07,0.01,61.3,4.85
2019-08-02,30.06,0.01,67.18,6.04
2019-08-03,30.51,0.0,63.57,5.82
2019-08-04,30.37,0.09,67.34,6.32
2019-08-05,29.71,1.58,63.7,6.34
2019-08-06,30.53,0.7,63.37,6.39
2019-08-07,30.08,0.92,66.72,7.08
2019-08-08,29.21,1.28,67.96,7.42
2019-08-09,29.18,0.96,69.32,6.51
2019-08-10,29.12,0.35,66.93,5.28
2019-08-11,29.75,0.09,61.19,4.64
2019-08-12,31.34,0.02,57.57,4.29
2019-08-13,29.93,1.74,62.54,3.9
2019-08-14,30.55,2.03,63.68,5.29
2019-08-15,30.3,0.55,63.92,2.57
2019-08-16,30.05,3.88,60.38,2.27
2019-08-17,27.26,7.71,75.63,2.84
2019-08-18,28.33,10.48,74.64,3.12
2019-08-19,28.84,6.5,74.36,3.52
2019-08-20,29.7,2.95,70.48,4.63
2019-08-21,29.01,3.88,72.93,5.04
2019-08-22,29.01,2.86,69.18,5.12
2019-08-23,29.06,0.16,64.25,5.56
2019-08-24,29.2,0.1,63.6,5.07
2019-08-25,28.86,0.54,67.28,6.11
2019-08-26,28.42,0.09,71.52,6.63
2019-08-27,29.51,0.08,65.99,6.39
2019-08-28,29.44,0.06,66.7,5.67
2019-08-29,27.96,6.94,72.95,5.74
2019-08-30,29.82,0.28,62.25,5.04
2019-08-31,28.71,0.52,67.13,5.88
2019-09-01,29.38,0.73,71.84,5.75
2019-09-02,28.69,1.03,75.26,5.31
2019-09-03,28.87,0.69,74.34,5.17
2019-09-04,29.61,0.36,70.01,5.91
2019-09-05,29.94,0.33,67.97,5.2
2019-09-06,30.22,0.18,69.48,5.05
2019-09-07,30.47,0.05,65.77,4.79
2019-09-08,29.8,0.03,66.68,4.24
2019-09-09,30.57,0.02,58.63,2.72
2019-09-10,30.52,1.43,63.59,2.62
2019-09-11,29.76,3.79,70.26,3.3
2019-09-12,29.4,2.36,69.64,3.62
2019-09-13,28.65,12.54,74.55,3.73
2019-09-14,28.87,3.16,73.75,3.18
2019-09-15,29.34,5.21,71.11,3.77
2019-09-16,28.5,10.53,76.15,4.27
2019-09-17,29.38,2.72,69.28,3.46
2019-09-18,29.31,3.04,74.05,5.19
2019-09-19,29.27,2.91,72.6,5.1
2019-09-20,28.64,2.69,74.18,3.42
2019-09-21,29.73,0.79,68.4,4.34
2019-09-22,29.48,2.7,71.01,3.47
2019-09-23,28.07,19.54,82.48,3.41
2019-09-24,27.5,4.9,80.68,4.42
2019-09-25,27.37,5.23,83.23,4.71
2019-09-26,27.93,1.34,76.79,4.02
2019-09-27,28.26,1.46,71.93,2.01
2019-09-28,28.38,0.62,72.41,1.77
2019-09-29,27.86,9.44,74.49,2.09
2019-09-30,27.39,17.82,78.94,1.99
2019-10-01,28.13,1.91,75.17,3.14
2019-10-02,27.88,1.11,77.38,1.66
2019-10-03,28.86,1.65,74.19,1.38
2019-10-04,28.77,0.71,73.78,1.8
2019-10-05,28.26,1.87,76.01,2.84
2019-10-06,28.08,2.06,76.22,3.09
2019-10-07,28.69,1.25,74.09,3.26
2019-10-08,28.49,1.15,76.72,1.88
2019-10-09,28.85,0.44,75.45,2.05
2019-10-10,28.42,0.86,77.57,2.41
2019-10-11,27.17,9.89,83.43,1.72
2019-10-12,28.04,9.07,77.99,1.49
2019-10-13,28.49,8.76,76.7,1.52
2019-10-14,28.42,14.77,79.09,2.14
2019-10-15,27.51,27.09,85.12,1.94
2019-10-16,26.67,29.14,86.85,2.81
2019-10-17,26.7,33.68,86.44,2.83
2019-10-18,27.12,2.61,82.67,1.22
2019-10-19,27.23,6.9,85.21,2.39
2019-10-20,27.01,20.37,87.14,2.23
2019-10-21,26.76,59.47,89.55,1.45
2019-10-22,26.56,10.73,87.17,2.09
2019-10-23,27.43,27.13,82.4,2.69
2019-10-24,26.01,4.67,87.79,3.36
2019-10-25,26.24,3.77,86.91,3.32
2019-10-26,26.33,1.51,84.5,2.71
2019-10-27,25.85,7.27,86.02,1.49
2019-10-28,26.55,10.13,83.09,3.01
2019-10-29,26.32,28.72,86.55,3.62
2019-10-30,26.38,50.57,89.14,3.25
2019-10-31,26.65,6.81,89.62,4.12
2019-11-01,27.08,1.07,77.79,1.28
2019-11-02,27.21,1.56,80.76,1.5
2019-11-03,27.07,5.83,84.02,1.88
2019-11-04,26.64,2.55,86.85,1.79
2019-11-05,27.31,0.2,80.41,1.33
2019-11-06,27.41,0.54,83.44,1.92
2019-11-07,27.24,6.44,86.09,2.09
2019-11-08,27.2,4.3,88.71,2.46
2019-11-09,27.32,2.96,87.28,2.37
2019-11-10,27.37,2.04,85.81,1.92
2019-11-11,27.22,2.97,83.12,1.55
2019-11-12,26.86,2.37,84.15,2.6
2019-11-13,26.88,1.96,85.12,3.63
2019-11-14,27.05,4.49,85.93,3.24
2019-11-15,27.15,7.9,85.7,3.07
2019-11-16,27.11,7.39,85.64,2.97
2019-11-17,27.21,2.48,86.09,3.22
2019-11-18,27.44,1.11,85.7,3.12
2019-11-19,27.59,2.73,83.77,2.86
2019-11-20,27.11,4.79,85.61,3.12
2019-11-21,27.18,3.11,84.45,3.41
2019-11-22,26.69,13.71,87.95,3.1
2019-11-23,26.28,2.74,87.7,4.61
2019-11-24,26.71,11.37,85.06,4.17
2019-11-25,26.44,14.49,88.16,4.77
2019-11-26,26.65,2.48,84.91,4.2
2019-11-27,27.23,7.78,85.31,3.61
2019-11-28,27.21,19.3,89.07,3.22
2019-11-29,27.16,21.95,89.02,4.23
2019-11-30,26.25,57.46,92.21,2.4
2019-12-01,26.15,28.83,90.52,1.95
2019-12-02,26.26,19.25,88.62,2.9
2019-12-03,26.27,10.97,87.85,2.74
2019-12-04,26.33,1.18,86.48,4.68
2019-12-05,25.66,10.3,88.37,4.9
2019-12-06,25.21,5.81,89.84,5.39
2019-12-07,25.98,7.82,87.26,4.15
2019-12-08,25.5,0.52,85.26,3.87
2019-12-09,25.32,0.01,86.45,4.08
2019-12-10,25.09,0.27,86.69,4.03
2019-12-11,25.53,0.01,85.15,3.38
2019-12-12,25.76,1.46,88.27,4.21
2019-12-13,26.19,7.18,88.38,3.34
2019-12-14,26.04,7.92,89.35,3.62
2019-12-15,25.84,0.69,84.47,4.01
2019-12-16,25.6,0.66,86.78,3.68
2019-12-17,25.94,7.21,88.14,4.52
2019-12-18,25.71,1.96,88.6,4.62
2019-12-19,25.99,1.01,87.59,4.6
2019-12-20,25.89,7.39,88.63,4.45
2019-12-21,25.65,0.58,85.37,3.75
2019-12-22,25.76,1.21,86.63,3.87
2019-12-23,25.53,0.58,85.75,3.94
2019-12-24,25.56,1.04,89.34,3.7
2019-12-25,26.25,2.53,88.37,3.82
2019-12-26,25.61,0.03,85.56,3.12
2019-12-27,25.09,0.0,81.8,3.22
2019-12-28,25.25,0.05,80.5,3.06
2019-12-29,25.53,0.13,84.97,3.26
2019-12-30,25.61,0.01,84.31,3.26
2019-12-31,25.85,0.01,84.49,2.89
2020-01-01,26.14,0.09,87.34,3.01
2020-01-02,26.75,0.25,86.29,3.25
2020-01-03,26.76,0.15,86.03,2.68
2020-01-04,26.86,0.18,85.49,2.45
2020-01-05,26.81,0.03,84.69,3.04
2020-01-06,26.47,0.5,83.98,3.87
2020-01-07,26.11,0.9,84.57,3.93
2020-01-08,25.89,0.03,81.01,3.86
2020-01-09,25.23,0.0,77.08,3.34
2020-01-10,25.01,0.02,77.11,3.31
2020-01-11,24.94,0.01,78.58,4.1
2020-01-12,24.93,0.0,76.87,3.95
2020-01-13,24.87,0.0,75.18,3.36
2020-01-14,24.31,0.0,74.26,3.25
2020-01-15,24.09,0.0,74.6,3.2
2020-01-16,25.2,0.13,74.76,2.61
2020-01-17,25.86,2.3,83.82,3.29
2020-01-18,26.32,1.85,85.15,3.27
2020-01-19,26.2,2.29,82.73,4.08
2020-01-20,25.75,0.01,80.66,3.72
2020-01-21,25.54,0.0,81.55,4.12
2020-01-22,25.88,0.02,82.24,4.85
2020-01-23,26.06,0.07,83.36,4.58
2020-01-24,25.82,0.01,80.0,4.6
2020-01-25,25.49,0.0,76.34,3.58
2020-01-26,25.37,0.0,73.72,3.18
2020-01-27,25.15,0.0,71.33,2.29
2020-01-28,26.04,0.0,72.02,2.31
2020-01-29,26.27,0.0,72.71,2.76
2020-01-30,26.48,0.0,73.04,2.56
2020-01-31,26.39,0.0,73.87,2.97
2020-02-01,26.75,0.0,71.65,3.16
2020-02-02,26.81,0.0,68.87,3.71
2020-02-03,26.54,0.01,69.76,3.72
2020-02-04,26.99,0.03,71.47,3.63
2020-02-05,27.4,0.01,68.88,3.58
2020-02-06,27.04,0.0,66.88,3.19
2020-02-07,27.18,0.0,67.37,3.19
2020-02-08,27.91,0.0,64.09,2.94
2020-02-09,27.59,0.0,66.46,3.84
2020-02-10,27.2,0.0,68.62,4.34
2020-02-11,27.55,0.02,67.89,4.6
2020-02-12,27.63,0.1,72.4,5.13
2020-02-13,27.57,0.15,71.18,4.81
2020-02-14,27.13,0.0,66.73,3.66
2020-02-15,27.86,0.03,64.58,3.36
2020-02-16,27.32,0.0,66.21,3.8
2020-02-17,27.51,0.0,65.61,4.25
2020-02-18,26.48,0.0,64.87,3.99
2020-02-19,26.62,0.0,64.67,3.84
2020-02-20,26.88,0.0,68.04,4.34
2020-02-21,27.32,3.24,75.33,5.1
2020-02-22,27.87,4.93,74.63,5.53
2020-02-23,27.81,0.12,71.14,4.9
2020-02-24,27.85,0.03,70.1,4.29
2020-02-25,28.08,0.01,71.19,3.42
2020-02-26,28.28,0.0,68.95,3.8
2020-02-27,28.14,0.0,69.4,4.05
2020-02-28,28.46,0.0,66.76,4.39
2020-02-29,28.09,0.0,64.99,3.65
2020-03-01,28.21,0.0,63.78,3.71
2020-03-02,28.52,0.0,62.03,3.18
2020-03-03,28.94,0.0,58.62,2.24
2020-03-04,29.94,0.01,58.44,1.39
2020-03-05,29.32,0.0,61.12,2.06
2020-03-06,29.44,0.01,67.29,2.42
2020-03-07,29.22,0.04,69.68,3.35
2020-03-08,29.31,0.06,68.38,2.64
2020-03-09,29.38,0.0,64.86,3.71
2020-03-10,29.19,0.0,62.96,3.62
2020-03-11,28.64,0.0,65.29,2.81
2020-03-12,28.95,0.0,64.75,3.23
2020-03-13,28.89,0.0,66.29,3.71
2020-03-14,29.32,0.0,65.88,3.6
2020-03-15,29.15,0.01,65.77,3.86
2020-03-16,29.82,0.01,66.96,4.43
2020-03-17,29.65,0.0,67.27,4.35
2020-03-18,29.99,0.03,66.86,3.82
2020-03-19,30.3,0.04,63.31,2.92
2020-03-20,30.55,0.01,60.95,2.32
2020-03-21,30.42,0.04,60.36,2.47
2020-03-22,30.63,0.12,60.18,2.29
2020-03-23,30.37,0.31,58.64,2.86
2020-03-24,30.37,0.01,61.17,3.6
2020-03-25,30.3,0.01,58.97,3.41
2020-03-26,30.03,0.0,60.44,4.16
2020-03-27,29.8,0.04,63.93,4.15
2020-03-28,29.83,0.0,59.54,3.25
2020-03-29,29.74,0.0,57.45,2.81
2020-03-30,30.18,0.0,54.95,3.3
2020-03-31,29.7,0.02,59.89,3.27
2020-04-01,29.79,0.0,62.59,3.7
2020-04-02,30.46,0.0,62.58,3.3
2020-04-03,30.23,0.01,61.58,3.18
2020-04-04,30.82,0.44,62.9,3.11
2020-04-05,29.86,2.33,71.26,2.32
2020-04-06,30.2,0.32,70.05,2.31
2020-04-07,30.23,0.36,67.94,2.6
2020-04-08,30.64,0.64,67.01,2.52
2020-04-09,30.51,5.1,68.14,2.63
2020-04-10,30.27,6.04,67.14,3.23
2020-04-11,30.77,0.26,64.52,3.72
2020-04-12,30.77,0.18,63.51,3.3
2020-04-13,30.73,0.04,60.66,2.67
2020-04-14,31.02,0.35,61.42,2.64
2020-04-15,31.18,0.8,62.69,2.7
2020-04-16,31.09,0.55,63.28,2.63
2020-04-17,31.29,0.21,63.26,2.6
2020-04-18,31.4,1.94,62.65,2.68
2020-04-19,30.63,5.8,66.55,2.41
2020-04-20,30.98,0.27,65.71,3.41
2020-04-21,31.72,0.18,61.69,2.94
2020-04-22,31.92,0.27,61.22,2.68
2020-04-23,31.68,2.32,66.05,3.1
2020-04-24,31.4,1.69,68.32,3.32
2020-04-25,30.77,5.26,71.87,3.48
2020-04-26,30.45,2.4,73.88,2.63
2020-04-27,30.92,1.84,70.27,1.88
2020-04-28,30.41,4.04,71.96,2.37
2020-04-29,31.15,1.8,65.37,1.98
2020-04-30,31.33,0.36,65.06,2.19
2020-05-01,31.73,0.06,64.29,3.07
2020-05-02,32.02,2.38,63.0,2.82
2020-05-03,30.35,6.05,74.05,1.85
2020-05-04,31.53,0.08,64.36,2.04
2020-05-05,31.05,1.05,65.94,2.69
2020-05-06,30.61,1.77,71.6,3.84
2020-05-07,30.8,2.31,65.94,4.22
2020-05-08,30.48,1.31,71.81,3.28
2020-05-09,30.54,2.42,70.59,2.56
2020-05-10,30.34,3.91,72.69,2.0
2020-05-11,29.27,9.45,78.9,2.06
2020-05-12,30.88,0.45,65.08,2.69
2020-05-13,30.93,1.81,64.0,1.6
2020-05-14,31.41,0.14,63.95,2.28
2020-05-15,31.29,0.65,68.42,2.11
2020-05-16,31.8,1.18,64.26,2.87
2020-05-17,31.49,6.25,66.76,3.07
2020-05-18,30.39,2.13,67.58,5.07
2020-05-19,30.92,0.54,65.65,4.99
2020-05-20,32.24,0.11,62.09,4.8
2020-05-21,31.27,0.31,62.35,5.46
2020-05-22,31.87,0.34,60.68,5.0
2020-05-23,32.3,0.21,63.43,4.46
2020-05-24,32.47,0.33,64.82,3.5
2020-05-25,31.73,0.46,67.21,4.11
2020-05-26,31.72,0.2,67.07,3.92
2020-05-27,31.98,0.37,65.55,4.14
2020-05-28,30.61,10.88,73.78,5.35
2020-05-29,31.15,1.02,65.78,4.79
2020-05-30,30.67,0.32,67.86,5.34
2020-05-31,30.26,0.22,70.98,5.41
2020-06-01,30.23,0.74,71.17,5.39
2020-06-02,29.69,1.45,71.64,5.59
2020-06-03,29.64,0.34,69.17,5.28
2020-06-04,30.37,0.2,67.7,5.52
2020-06-05,30.11,0.39,72.26,5.43
2020-06-06,29.71,0.97,69.13,5.98
2020-06-07,28.67,1.07,71.25,5.41
2020-06-08,31.0,0.12,62.3,3.48
2020-06-09,31.14,0.08,59.96,3.47
2020-06-10,31.04,0.09,60.66,3.38
2020-06-11,29.73,0.24,62.65,4.69
2020-06-12,29.77,0.04,65.96,5.63
2020-06-13,30.48,0.03,65.75,5.25
2020-06-14,31.68,0.0,60.71,4.7
2020-06-15,31.51,0.0,62.65,4.32
2020-06-16,30.66,0.01,68.82,5.63
2020-06-17,30.56,0.06,66.64,5.66
2020-06-18,30.9,0.03,62.25,5.05
2020-06-19,30.84,0.01,60.26,3.98
2020-06-20,31.11,0.21,59.32,4.69
2020-06-21,29.87,2.53,62.63,5.12
2020-06-22,30.25,1.51,61.79,3.15
2020-06-23,31.37,1.27,54.47,3.1
2020-06-24,30.94,8.93,58.69,2.46
2020-06-25,28.15,12.24,72.51,2.77
2020-06-26,29.02,2.8,71.75,5.02
2020-06-27,30.48,0.2,66.45,4.85
2020-06-28,30.89,1.41,67.58,3.64
2020-06-29,30.17,1.37,69.88,3.08
2020-06-30,30.09,0.45,70.01,4.26
2020-07-01,29.48,0.03,67.83,3.34
2020-07-02,30.8,1.74,62.0,2.48
2020-07-03,28.98,0.73,66.39,5.02
2020-07-04,29.51,0.14,66.16,5.29
2020-07-05,29.56,0.17,65.26,5.17
2020-07-06,29.68,0.1,65.65,5.48
2020-07-07,29.91,0.36,65.67,4.17
2020-07-08,29.44,5.01,68.63,1.75
2020-07-09,27.28,13.61,81.28,1.72
2020-07-10,27.42,1.34,80.16,2.29
2020-07-11,28.68,2.53,74.5,3.93
2020-07-12,29.45,0.34,69.35,4.64
2020-07-13,29.29,0.33,70.66,3.53
2020-07-14,29.61,0.8,70.81,2.14
2020-07-15,29.8,1.13,71.28,3.12
2020-07-16,28.91,0.96,71.29,4.76
2020-07-17,30.04,0.08,66.06,3.27
2020-07-18,29.68,0.28,64.8,1.7
2020-07-19,28.78,0.81,72.05,2.33
2020-07-20,28.8,2.49,73.76,2.68
2020-07-21,28.24,0.77,76.15,3.73
2020-07-22,28.54,0.13,76.06,5.09
2020-07-23,28.46,2.46,76.71,4.77
2020-07-24,28.21,1.25,76.24,5.02
2020-07-25,28.75,1.6,70.3,4.67
2020-07-26,28.49,0.69,69.73,4.39
2020-07-27,28.82,0.3,70.17,2.76
2020-07-28,29.12,6.19,69.43,2.52
2020-07-29,28.16,4.89,74.15,3.54
2020-07-30,29.7,0.12,67.7,5.13
2020-07-31,29.27,1.38,72.05,5.22
2020-08-01,29.33,0.37,68.63,5.04
2020-08-02,29.18,0.29,65.67,5.71
2020-08-03,28.78,0.19,69.94,6.93
2020-08-04,29.26,0.22,64.85,6.2
2020-08-05,29.26,0.28,63.26,7.11
2020-08-06,29.27,0.85,69.39,6.62
2020-08-07,30.34,0.16,65.15,5.59
2020-08-08,28.6,23.96,72.16,3.75
2020-08-09,27.22,6.92,79.88,4.89
2020-08-10,28.61,0.11,71.94,4.79
2020-08-11,29.62,0.08,71.11,4.29
2020-08-12,29.97,0.01,65.75,4.1
2020-08-13,29.66,0.0,68.66,3.62
2020-08-14,29.27,0.0,69.51,4.02
2020-08-15,28.87,0.0,70.29,4.55
2020-08-16,29.65,0.0,69.98,3.69
2020-08-17,29.87,0.0,69.23,4.39
2020-08-18,30.44,0.01,66.1,3.69
2020-08-19,30.01,0.04,67.32,2.78
2020-08-20,30.07,0.04,66.11,1.92
2020-08-21,30.11,0.1,66.57,2.57
2020-08-22,30.26,1.14,69.74,3.24
2020-08-23,29.87,4.03,72.73,2.7
2020-08-24,29.25,4.99,74.94,2.36
2020-08-25,29.63,2.65,74.27,2.14
2020-08-26,29.2,2.74,75.02,2.19
2020-08-27,29.73,0.49,70.64,2.25
2020-08-28,30.32,3.01,66.04,3.23
2020-08-29,30.44,0.72,65.77,3.74
2020-08-30,29.77,0.14,68.6,3.36
2020-08-31,30.19,2.98,68.02,2.04
2020-09-01,29.37,9.95,74.06,3.3
2020-09-02,28.02,13.58,76.19,2.74
2020-09-03,28.31,7.84,77.78,3.38
2020-09-04,29.15,1.56,74.66,3.69
2020-09-05,28.66,1.36,77.15,4.7
2020-09-06,28.53,3.36,76.07,5.23
2020-09-07,29.4,0.55,70.12,4.41
2020-09-08,28.68,3.38,76.23,4.07
2020-09-09,28.35,6.08,77.66,5.21
2020-09-10,27.89,2.22,73.46,6.03
2020-09-11,28.4,0.08,69.08,5.7
2020-09-12,29.15,0.17,65.22,4.01
2020-09-13,28.39,0.4,71.9,3.53
2020-09-14,29.31,0.09,66.55,4.52
2020-09-15,28.08,0.74,71.24,3.79
2020-09-16,29.65,0.3,70.0,3.71
2020-09-17,29.35,1.07,73.59,4.52
2020-09-18,29.82,0.77,70.36,4.98
2020-09-19,28.62,0.5,72.11,6.33
2020-09-20,27.93,0.13,69.24,6.85
2020-09-21,28.08,0.17,72.78,6.3
2020-09-22,29.28,0.04,66.23,5.44
2020-09-23,29.64,0.04,68.82,4.39
2020-09-24,29.01,0.18,71.73,2.95
2020-09-25,28.43,2.27,74.22,2.78
2020-09-26,28.89,0.44,71.2,3.51
2020-09-27,29.35,3.61,68.98,2.85
2020-09-28,28.42,7.35,77.9,3.03
2020-09-29,28.44,3.37,74.34,3.75
2020-09-30,28.82,3.05,71.67,4.31
2020-10-01,29.55,0.1,67.28,3.14
2020-10-02,29.22,0.05,67.16,3.3
2020-10-03,28.56,0.25,70.35,3.85
2020-10-04,29.7,0.2,63.32,3.22
2020-10-05,29.55,0.02,61.43,2.29
2020-10-06,30.08,12.66,66.5,2.61
2020-10-07,29.64,9.13,74.5,2.68
2020-10-08,28.11,19.5,82.21,2.26
2020-10-09,27.15,12.14,85.46,4.09
2020-10-10,28.26,0.71,74.05,2.51
2020-10-11,27.54,0.24,76.12,4.03
2020-10-12,28.56,0.29,73.69,5.27
2020-10-13,28.26,0.23,74.09,6.33
2020-10-14,28.93,0.11,72.14,5.31
2020-10-15,28.93,0.35,73.84,4.53
2020-10-16,28.93,0.08,73.49,3.96
2020-10-17,28.8,1.07,73.29,2.48
2020-10-18,28.36,2.16,75.14,1.9
2020-10-19,29.4,1.23,71.24,1.82
2020-10-20,28.05,8.48,78.89,2.83
2020-10-21,28.67,1.48,74.21,3.51
2020-10-22,28.05,0.8,73.52,3.86
2020-10-23,28.68,0.0,69.76,3.17
2020-10-24,28.59,0.23,67.08,2.05
2020-10-25,28.55,19.15,75.36,1.7
2020-10-26,28.55,2.81,77.24,1.4
2020-10-27,28.91,1.69,74.07,1.43
2020-10-28,28.62,14.05,75.42,1.06
2020-10-29,28.51,10.87,74.31,1.44
2020-10-30,27.25,13.33,78.9,1.72
2020-10-31,28.53,11.88,73.01,1.08
2020-11-01,28.31,0.27,75.84,1.12
2020-11-02,28.7,0.39,76.23,1.22
2020-11-03,28.87,0.29,74.76,1.56
2020-11-04,28.53,4.5,77.53,1.33
2020-11-05,27.89,24.3,80.97,2.05
2020-11-06,27.22,14.84,85.98,3.1
2020-11-07,27.53,1.79,84.67,3.72
2020-11-08,27.48,6.53,84.28,3.83
2020-11-09,27.36,0.42,77.41,4.8
2020-11-10,27.0,0.12,75.77,4.29
2020-11-11,27.17,1.92,80.65,4.59
2020-11-12,27.14,12.25,86.65,3.16
2020-11-13,27.49,23.53,84.58,3.25
2020-11-14,27.47,4.27,85.33,4.11
2020-11-15,26.88,15.47,90.41,3.95
2020-11-16,26.72,33.97,88.66,3.42
2020-11-17,26.84,40.9,85.77,3.68
2020-11-18,26.44,15.42,86.94,1.48
2020-11-19,26.88,5.04,84.75,2.64
2020-11-20,26.87,2.71,83.95,3.59
2020-11-21,26.54,0.12,80.44,4.08
2020-11-22,25.73,0.04,79.43,3.27
2020-11-23,25.69,0.52,84.83,4.32
2020-11-24,25.0,0.67,88.68,4.33
2020-11-25,26.38,4.99,86.53,3.37
2020-11-26,26.3,8.16,88.35,4.04
2020-11-27,26.51,11.1,84.8,2.96
2020-11-28,26.8,2.94,84.05,2.66
2020-11-29,26.62,1.44,86.64,3.39
2020-11-30,26.37,2.99,87.91,3.99
2020-12-01,25.91,0.5,83.2,4.68
2020-12-02,25.32,16.62,87.62,5.84
2020-12-03,25.3,51.44,89.83,6.0
2020-12-04,26.63,29.35,89.49,3.68
2020-12-05,25.97,25.4,93.39,5.14
2020-12-06,25.72,17.91,92.41,5.75
2020-12-07,26.42,15.27,89.87,3.75
2020-12-08,26.51,5.87,87.49,3.07
2020-12-09,26.32,2.21,87.04,3.38
2020-12-10,25.72,0.16,83.53,3.51
2020-12-11,25.33,0.02,82.87,3.51
2020-12-12,25.31,0.16,85.31,3.35
2020-12-13,25.24,0.04,82.03,3.22
2020-12-14,24.89,0.06,81.09,3.36
2020-12-15,25.06,22.21,87.43,4.01
2020-12-16,24.64,17.9,93.06,4.09
2020-12-17,25.17,21.71,90.8,3.28
2020-12-18,25.44,6.79,90.65,3.55
2020-12-19,24.55,11.76,89.82,5.08
2020-12-20,24.91,0.21,86.01,4.91
2020-12-21,24.0,0.09,87.53,4.78
2020-12-22,23.84,0.26,88.47,4.35
2020-12-23,24.29,0.67,89.49,3.64
2020-12-24,25.13,0.0,86.65,4.09
2020-12-25,24.67,0.11,85.09,3.91
2020-12-26,23.86,0.01,82.3,3.96
2020-12-27,24.27,0.84,86.37,4.23
2020-12-28,24.56,0.36,84.92,4.07
2020-12-29,24.96,1.7,87.56,3.96
2020-12-30,25.63,8.62,89.68,4.67
2020-12-31,25.83,10.01,90.0,4.22
2021-01-01,24.81,0.71,84.55,4.35
2021-01-02,24.84,4.51,89.2,4.02
2021-01-03,25.72,12.12,90.71,3.86
2021-01-04,25.93,11.52,88.8,4.1
2021-01-05,25.64,3.1,88.77,3.46
2021-01-06,25.91,7.7,88.31,2.14
2021-01-07,25.87,10.29,90.69,2.59
2021-01-08,26.23,7.17,88.19,2.29
2021-01-09,25.53,17.3,92.69,2.99
2021-01-10,24.92,21.61,91.4,2.99
2021-01-11,25.08,35.27,91.12,4.35
2021-01-12,25.24,30.46,92.51,5.34
2021-01-13,25.45,27.29,92.91,4.33
2021-01-14,25.51,22.19,90.85,3.72
2021-01-15,25.22,36.38,92.47,3.25
2021-01-16,25.51,34.7,89.87,3.12
2021-01-17,24.6,4.33,86.65,3.97
2021-01-18,23.69,0.03,83.87,4.18
2021-01-19,24.4,0.16,83.2,3.65
2021-01-20,24.83,7.7,87.95,3.52
2021-01-21,26.22,1.49,89.43,2.97
2021-01-22,26.21,0.06,86.81,2.72
2021-01-23,25.7,0.0,84.1,3.3
2021-01-24,25.02,0.0,80.93,3.37
2021-01-25,24.72,0.0,78.04,3.19
2021-01-26,24.45,0.0,77.42,3.54
2021-01-27,24.23,0.0,76.28,3.44
2021-01-28,24.78,0.0,80.63,3.86
2021-01-29,24.83,0.36,86.17,4.01
2021-01-30,25.58,0.21,86.58,3.99
2021-01-31,25.29,0.02,84.43,4.09
2021-02-01,25.03,1.12,84.51,4.89
2021-02-02,24.88,2.57,85.09,4.54
2021-02-03,25.02,0.0,81.55,4.44
2021-02-04,24.36,0.0,80.18,3.93
2021-02-05,24.0,0.0,81.44,3.97
2021-02-06,24.18,0.0,82.69,3.96
2021-02-07,23.84,0.0,82.62,4.49
2021-02-08,23.94,0.0,80.45,4.99
2021-02-09,23.71,0.0,79.32,4.77
2021-02-10,23.49,0.0,77.08,4.18
2021-02-11,23.26,0.0,76.5,3.61
2021-02-12,23.36,0.0,76.98,3.15
2021-02-13,23.81,0.0,77.34,2.75
2021-02-14,24.01,0.0,81.3,2.8
2021-02-15,24.77,0.0,82.89,2.94
2021-02-16,25.34,0.0,81.4,2.6
2021-02-17,25.39,0.0,80.53,3.03
2021-02-18,25.52,0.0,79.96,3.44
2021-02-19,25.77,0.17,84.14,3.74
2021-02-20,26.59,1.58,83.9,4.16
2021-02-21,26.55,0.63,83.09,3.64
2021-02-22,26.35,0.22,82.25,4.34
2021-02-23,26.16,0.01,79.98,3.87
2021-02-24,26.07,0.01,80.77,3.33
2021-02-25,26.02,0.0,78.04,2.63
2021-02-26,26.0,0.02,74.48,2.2
2021-02-27,26.26,0.01,72.54,1.84
2021-02-28,25.71,0.0,76.97,2.37
2021-03-01,26.07,0.0,76.13,2.34
2021-03-02,26.21,0.0,75.76,3.19
2021-03-03,25.78,0.0,71.11,3.59
2021-03-04,25.88,0.01,71.49,3.09
2021-03-05,26.68,0.0,70.03,3.04
2021-03-06,27.24,0.01,74.36,2.88
2021-03-07,27.62,0.04,77.08,3.2
2021-03-08,27.89,0.73,78.62,3.57
2021-03-09,28.3,0.28,72.74,3.91
2021-03-10,28.01,1.88,77.45,3.75
2021-03-11,28.08,0.85,74.24,3.44
2021-03-12,27.74,0.19,70.47,3.57
2021-03-13,27.8,0.0,72.86,3.68
2021-03-14,28.12,0.0,71.73,3.82
2021-03-15,28.14,0.0,66.06,3.47
2021-03-16,28.25,0.0,69.65,3.3
2021-03-17,28.29,0.0,71.89,3.23
2021-03-18,28.18,0.0,68.66,3.35
2021-03-19,28.13,0.05,66.87,2.78
2021-03-20,28.78,0.32,63.7,1.97
2021-03-21,29.21,0.08,62.95,2.01
2021-03-22,29.04,0.33,68.82,2.89
2021-03-23,29.12,0.04,71.02,3.26
2021-03-24,28.68,0.06,71.21,2.89
2021-03-25,28.57,0.14,69.86,1.92
2021-03-26,29.09,0.19,72.2,2.79
2021-03-27,29.59,0.73,69.17,2.56
2021-03-28,29.74,0.43,68.13,2.16
2021-03-29,29.32,0.31,70.85,2.8
2021-03-30,30.39,0.09,66.65,3.51
2021-03-31,30.59,0.03,67.62,4.22
2021-04-01,31.01,0.96,68.21,3.74
2021-04-02,30.88,0.19,66.57,3.55
2021-04-03,31.37,0.01,61.04,4.23
2021-04-04,31.14,0.02,60.59,3.14
2021-04-05,31.24,0.06,64.15,2.43
2021-04-06,30.2,0.2,68.14,2.7
2021-04-07,29.81,0.03,64.5,2.87
2021-04-08,29.99,0.08,64.94,2.47
2021-04-09,30.09,0.22,63.86,2.6
2021-04-10,29.44,3.5,68.67,2.34
2021-04-11,29.71,4.67,67.27,1.98
2021-04-12,29.6,6.08,69.06,2.53
2021-04-13,28.48,5.74,76.64,2.29
2021-04-14,29.14,6.46,72.86,2.18
2021-04-15,28.97,6.76,71.99,1.3
2021-04-16,28.8,5.04,77.0,2.29
2021-04-17,30.16,0.07,71.2,3.44
2021-04-18,30.12,0.2,70.35,3.26
2021-04-19,31.11,0.07,65.55,3.78
2021-04-20,30.64,0.12,68.36,2.92
2021-04-21,30.58,0.42,69.65,2.35
2021-04-22,30.06,0.24,72.35,2.58
2021-04-23,30.18,0.22,70.6,2.91
2021-04-24,30.1,0.57,71.32,2.44
2021-04-25,30.17,0.58,71.41,2.4
2021-04-26,30.77,0.79,67.05,2.67
2021-04-27,30.51,0.19,68.56,2.72
2021-04-28,30.47,0.08,70.93,2.86
2021-04-29,30.6,0.1,71.21,3.45
2021-04-30,30.3,0.3,73.22,2.69
2021-05-01,29.55,3.76,77.56,2.12
2021-05-02,29.98,4.13,72.97,2.63
2021-05-03,29.74,2.43,73.1,2.36
2021-05-04,28.79,3.48,76.27,2.1
2021-05-05,29.43,0.46,73.36,1.76
2021-05-06,30.61,0.75,67.45,2.24
2021-05-07,29.5,8.28,75.94,2.16
2021-05-08,29.72,1.75,72.86,2.56
2021-05-09,29.98,3.71,73.28,2.29
2021-05-10,29.5,4.16,76.87,2.61
2021-05-11,30.17,2.68,74.53,3.92
2021-05-12,30.32,0.52,73.39,4.01
2021-05-13,30.51,2.95,68.12,4.34
2021-05-14,29.57,1.59,72.45,5.59
2021-05-15,29.44,2.39,73.4,6.47
2021-05-16,29.8,0.35,71.59,5.29
2021-05-17,30.24,1.13,69.99,4.25
2021-05-18,30.44,0.16,71.51,4.02
2021-05-19,29.92,2.5,75.86,5.04
2021-05-20,28.85,3.73,79.33,4.99
2021-05-21,29.47,1.54,69.62,5.03
2021-05-22,29.26,0.87,73.8,5.0
2021-05-23,30.18,0.37,71.44,5.15
2021-05-24,30.65,0.35,67.96,5.31
2021-05-25,28.55,1.04,76.33,7.53
2021-05-26,28.61,0.96,71.68,7.11
2021-05-27,30.67,0.03,64.8,5.78
2021-05-28,31.0,0.04,63.9,3.88
2021-05-29,31.17,0.1,63.38,3.9
2021-05-30,31.44,0.05,61.54,3.68
2021-05-31,31.13,0.31,64.62,4.14
2021-06-01,30.8,0.05,67.36,4.5
2021-06-02,31.43,0.43,64.58,3.45
2021-06-03,29.67,3.18,77.32,3.97
2021-06-04,28.07,9.38,84.6,3.41
2021-06-05,28.29,8.67,77.33,3.52
2021-06-06,29.24,0.44,73.57,3.77
2021-06-07,30.25,0.09,71.39,4.11
2021-06-08,29.84,2.76,71.17,4.39
2021-06-09,29.27,1.32,75.67,4.88
2021-06-10,30.27,0.03,69.02,4.78
2021-06-11,29.98,0.0,69.17,4.96
2021-06-12,30.23,1.67,69.9,5.25
2021-06-13,29.02,0.41,74.09,5.94
2021-06-14,29.43,0.05,63.8,6.3
2021-06-15,29.93,0.02,69.9,6.02
2021-06-16,29.55,0.06,72.12,5.89
2021-06-17,29.52,0.07,72.49,5.19
2021-06-18,29.9,0.01,70.46,4.55
2021-06-19,29.61,0.01,68.1,3.85
2021-06-20,29.94,0.05,68.33,3.26
2021-06-21,30.58,0.33,65.55,2.92
2021-06-22,29.69,1.84,69.31,2.28
2021-06-23,29.07,5.62,74.69,3.27
2021-06-24,29.36,0.5,72.33,3.82
2021-06-25,29.9,0.03,66.26,3.79
2021-06-26,29.69,0.11,68.8,4.52
2021-06-27,29.15,0.09,69.32,3.44
2021-06-28,29.67,0.13,65.25,3.76
2021-06-29,29.9,0.4,67.17,4.0
2021-06-30,30.02,0.76,70.48,3.55
2021-07-01,29.33,9.77,75.76,4.52
2021-07-02,29.39,2.35,74.36,4.58
2021-07-03,29.08,3.17,75.73,2.99
2021-07-04,29.37,4.56,70.96,2.89
2021-07-05,29.44,4.12,73.11,2.79
2021-07-06,28.98,0.14,73.06,2.26
2021-07-07,29.52,0.82,72.77,3.29
2021-07-08,29.8,5.55,73.57,2.85
2021-07-09,29.15,1.36,75.25,5.15
2021-07-10,28.08,0.44,69.85,6.58
2021-07-11,28.68,0.03,65.1,6.07
2021-07-12,29.8,0.03,65.29,5.86
2021-07-13,29.64,0.02,66.26,5.09
2021-07-14,29.38,0.66,66.87,3.97
2021-07-15,29.74,0.29,61.67,3.02
2021-07-16,29.82,0.79,68.02,2.97
2021-07-17,29.6,0.85,66.59,2.2
2021-07-18,29.38,1.3,69.56,3.86
2021-07-19,29.73,0.07,67.85,4.7
2021-07-20,30.37,0.01,64.24,4.28
2021-07-21,30.4,0.05,63.71,4.89
2021-07-22,29.74,0.24,68.37,6.5
2021-07-23,29.31,0.38,70.17,7.23
2021-07-24,29.89,0.19,67.19,5.58
2021-07-25,29.84,1.73,64.14,5.1
2021-07-26,29.58,3.37,67.33,4.05
2021-07-27,29.57,0.32,69.43,4.75
2021-07-28,29.74,1.27,67.59,4.67
2021-07-29,30.51,0.07,65.3,3.94
2021-07-30,30.74,0.0,63.32,3.2
2021-07-31,31.24,0.0,60.79,3.29
2021-08-01,31.14,0.0,58.99,3.4
2021-08-02,30.67,0.0,59.45,4.32
2021-08-03,30.84,0.01,59.72,3.63
2021-08-04,31.28,0.01,56.26,3.6
2021-08-05,30.47,0.05,62.9,4.75
2021-08-06,30.09,0.43,67.7,4.66
2021-08-07,30.7,0.57,64.78,3.51
2021-08-08,29.91,0.75,65.41,4.38
2021-08-09,28.93,10.23,69.52,4.62
2021-08-10,30.02,0.6,64.3,4.01
2021-08-11,30.03,1.42,63.19,2.66
2021-08-12,28.82,0.57,66.56,3.68
2021-08-13,29.82,0.21,62.03,2.64
2021-08-14,29.89,2.69,64.39,3.27
2021-08-15,29.63,2.83,65.47,3.2
2021-08-16,30.0,0.15,61.5,3.56
2021-08-17,29.33,3.31,65.82,4.17
2021-08-18,27.8,0.8,68.76,5.72
2021-08-19,30.01,0.77,60.9,4.78
2021-08-20,29.8,0.54,62.49,1.93
2021-08-21,28.07,2.37,70.9,1.85
2021-08-22,28.36,2.79,73.31,1.97
2021-08-23,28.72,2.53,71.51,4.19
2021-08-24,29.32,0.61,67.97,5.04
2021-08-25,29.55,1.04,68.91,4.91
2021-08-26,30.11,0.61,68.53,5.33
2021-08-27,29.18,0.24,72.95,4.72
2021-08-28,28.58,1.38,72.89,4.76
2021-08-29,28.53,0.72,71.18,5.61
2021-08-30,29.58,0.07,65.16,4.81
2021-08-31,29.78,3.83,68.8,3.92
2021-09-01,29.02,6.23,73.43,3.2
2021-09-02,27.97,16.83,77.37,2.47
2021-09-03,27.75,2.64,75.54,2.59
2021-09-04,28.71,2.71,73.74,4.61
2021-09-05,29.06,3.43,72.96,4.76
2021-09-06,29.5,0.1,64.4,4.94
2021-09-07,29.39,0.12,69.58,5.46
2021-09-08,29.5,0.04,69.16,4.76
2021-09-09,29.58,0.03,67.31,3.25
2021-09-10,30.2,0.08,65.01,3.17
2021-09-11,30.1,0.02,66.65,4.47
2021-09-12,29.6,0.08,69.18,5.75
2021-09-13,30.12,0.25,68.17,4.98
2021-09-14,29.87,0.35,70.66,4.53
2021-09-15,29.53,8.18,74.56,3.88
2021-09-16,28.87,2.72,76.28,3.08
2021-09-17,28.52,16.87,77.94,1.8
2021-09-18,28.71,16.16,77.79,1.45
2021-09-19,29.16,0.85,74.3,1.79
2021-09-20,29.34,1.69,72.91,1.56
2021-09-21,29.9,0.1,69.57,2.54
2021-09-22,30.0,0.66,66.91,2.76
2021-09-23,29.92,5.32,72.01,1.94
2021-09-24,28.84,21.28,75.25,2.3
2021-09-25,28.22,12.87,81.29,3.08
2021-09-26,27.98,0.52,77.19,2.9
2021-09-27,27.21,1.39,81.04,5.22
2021-09-28,27.94,0.23,72.37,5.18
2021-09-29,29.08,0.55,68.53,1.77
2021-09-30,28.72,17.0,70.88,1.54
2021-10-01,27.12,16.68,84.16,1.09
2021-10-02,27.28,10.41,83.09,1.26
2021-10-03,27.82,8.01,82.08,1.57
2021-10-04,27.97,11.71,81.72,1.13
2021-10-05,27.45,9.59,84.74,1.83
2021-10-06,27.39,3.96,84.32,3.24
2021-10-07,27.9,0.62,81.93,3.96
2021-10-08,28.16,3.68,83.03,5.18
2021-10-09,27.91,2.52,83.81,4.61
2021-10-10,28.21,3.07,82.94,2.87
2021-10-11,28.03,6.57,79.43,3.47
2021-10-12,27.19,1.08,80.06,3.3
2021-10-13,28.59,0.08,75.49,2.7
2021-10-14,28.59,2.38,79.94,4.18
2021-10-15,28.46,2.44,80.73,4.57
2021-10-16,28.08,3.99,85.99,5.44
2021-10-17,28.09,5.11,83.4,5.4
2021-10-18,28.44,1.08,80.69,3.93
2021-10-19,28.01,1.25,81.08,2.07
2021-10-20,27.75,6.63,84.7,1.21
2021-10-21,27.6,5.5,83.58,1.21
2021-10-22,27.67,5.0,82.83,1.59
2021-10-23,27.94,2.39,79.98,2.94
2021-10-24,27.57,4.3,77.9,1.35
2021-10-25,27.77,12.13,78.71,1.73
2021-10-26,27.67,3.23,79.51,1.8
2021-10-27,27.42,8.06,80.97,1.99
2021-10-28,26.57,11.81,85.28,2.17
2021-10-29,26.03,26.13,89.91,4.09
2021-10-30,26.65,21.57,86.69,4.66
2021-10-31,26.56,14.56,88.6,3.88
2021-11-01,26.68,13.62,88.88,4.05
2021-11-02,26.93,23.11,85.58,2.76
2021-11-03,26.52,28.38,87.38,2.34
2021-11-04,26.71,9.74,81.31,0.82
2021-11-05,26.25,5.18,88.27,2.08
2021-11-06,26.28,24.57,87.16,1.65
2021-11-07,26.43,14.44,85.71,1.63
2021-11-08,25.82,24.08,88.6,2.09
2021-11-09,24.74,22.53,90.71,3.88
2021-11-10,24.87,3.39,87.67,3.93
2021-11-11,26.14,2.25,86.16,3.47
2021-11-12,27.0,4.08,86.34,4.49
2021-11-13,26.66,5.14,88.56,4.13
2021-11-14,26.22,2.45,90.11,4.3
2021-11-15,26.97,1.89,86.82,2.71
2021-11-16,26.95,5.2,88.42,2.77
2021-11-17,26.48,25.95,90.59,2.1
2021-11-18,26.26,9.23,88.41,2.95
2021-11-19,26.6,2.58,87.72,4.46
2021-11-20,27.01,1.33,87.03,4.52
2021-11-21,26.56,0.02,80.25,1.82
2021-11-22,26.4,4.18,86.18,2.67
2021-11-23,26.26,12.42,90.95,3.21
2021-11-24,26.16,8.17,89.1,3.46
2021-11-25,25.98,79.03,90.75,3.4
2021-11-26,26.23,13.09,91.87,2.72
2021-11-27,25.44,23.56,92.3,4.14
2021-11-28,26.23,22.08,90.57,4.08
2021-11-29,26.14,29.12,89.09,3.42
2021-11-30,26.27,16.42,89.53,2.86
2021-12-01,26.85,2.77,84.93,2.46
2021-12-02,26.6,2.38,86.83,2.84
2021-12-03,25.51,0.3,82.86,2.2
2021-12-04,26.58,0.8,80.93,0.93
2021-12-05,27.2,3.37,83.09,1.66
2021-12-06,27.22,3.79,83.14,1.56
2021-12-07,26.65,1.04,84.82,2.92
2021-12-08,26.52,0.41,85.39,3.18
2021-12-09,25.87,6.69,88.49,3.43
2021-12-10,26.25,0.76,84.88,3.93
2021-12-11,26.49,3.59,86.75,4.19
2021-12-12,26.46,7.86,86.6,4.68
2021-12-13,26.15,5.18,87.1,4.27
2021-12-14,26.22,2.29,85.86,4.24
2021-12-15,25.94,3.63,88.06,3.97
2021-12-16,25.45,2.29,88.21,5.02
2021-12-17,24.93,0.99,87.05,4.85
2021-12-18,24.73,0.11,86.39,4.89
2021-12-19,24.17,0.0,84.62,4.57
2021-12-20,24.23,0.0,83.9,4.16
2021-12-21,24.4,0.0,81.77,3.34
2021-12-22,24.33,0.0,81.16,2.79
2021-12-23,23.45,0.0,79.39,2.88
2021-12-24,23.58,0.0,80.49,2.93
2021-12-25,24.06,0.0,80.01,3.03
2021-12-26,24.32,0.0,80.61,3.01
2021-12-27,24.64,0.05,81.49,3.32
2021-12-28,25.01,0.05,80.72,3.47
2021-12-29,24.77,0.01,81.36,3.15
2021-12-30,24.98,9.3,87.53,4.01
2021-12-31,26.05,10.38,88.36,4.27
2022-01-01,26.24,18.58,88.73,4.47
2022-01-02,25.67,14.45,88.27,4.91
2022-01-03,25.0,2.16,85.17,4.61
2022-01-04,24.81,0.04,84.08,4.55
2022-01-05,24.39,0.07,83.8,3.86
2022-01-06,25.38,0.17,87.15,4.0
2022-01-07,25.42,0.32,87.43,3.64
2022-01-08,25.33,0.05,83.9,3.97
2022-01-09,24.93,0.02,84.0,3.49
2022-01-10,25.46,0.03,84.58,3.05
2022-01-11,25.57,0.15,84.6,3.06
2022-01-12,25.91,0.02,84.92,2.49
2022-01-13,26.38,0.0,83.54,2.07
2022-01-14,26.55,0.0,82.13,1.99
2022-01-15,26.44,0.0,83.97,2.78
2022-01-16,26.26,0.11,83.82,3.87
2022-01-17,26.19,1.89,82.15,4.24
2022-01-18,25.4,0.79,80.05,4.58
2022-01-19,25.19,0.02,80.13,3.76
2022-01-20,24.72,0.0,76.13,2.96
2022-01-21,25.62,0.0,72.61,1.6
2022-01-22,26.5,0.0,76.45,1.92
2022-01-23,27.02,0.0,80.2,2.43
2022-01-24,26.85,0.0,81.73,2.56
2022-01-25,26.31,0.0,79.52,2.54
2022-01-26,25.89,0.07,75.66,2.65
2022-01-27,26.01,0.0,73.63,3.51
2022-01-28,26.0,0.03,75.29,4.78
2022-01-29,26.14,0.09,81.71,5.34
2022-01-30,26.5,0.22,81.22,4.84
2022-01-31,26.68,0.03,79.7,3.6
2022-02-01,26.42,0.0,77.67,3.66
2022-02-02,25.12,0.0,72.26,3.5
2022-02-03,24.98,0.0,68.85,2.16
2022-02-04,26.72,0.0,67.6,1.76
2022-02-05,27.13,0.0,73.17,2.87
2022-02-06,26.96,0.0,73.29,3.55
2022-02-07,26.64,0.0,72.43,3.92
2022-02-08,25.73,0.0,70.05,4.26
2022-02-09,25.2,0.0,69.95,4.33
2022-02-10,26.1,0.16,74.78,4.82
2022-02-11,26.58,3.18,81.01,5.1
2022-02-12,25.87,8.04,82.99,4.66
2022-02-13,26.06,1.77,76.87,4.85
2022-02-14,26.5,1.14,73.3,4.57
2022-02-15,26.05,1.82,70.85,4.44
2022-02-16,26.16,0.0,66.85,3.91
2022-02-17,26.23,0.0,68.55,3.61
2022-02-18,26.89,0.02,71.84,3.75
2022-02-19,27.19,0.07,73.69,4.1
2022-02-20,27.79,0.06,72.9,3.16
2022-02-21,28.48,0.03,71.16,1.81
2022-02-22,28.0,0.04,70.29,2.69
2022-02-23,27.52,1.02,68.45,4.33
2022-02-24,27.04,2.14,69.37,4.35
2022-02-25,27.2,0.0,66.0,4.41
2022-02-26,27.33,2.49,74.06,4.2
2022-02-27,27.55,2.46,70.91,4.89
2022-02-28,27.36,0.04,68.06,4.09
2022-03-01,27.7,0.0,65.05,4.45
2022-03-02,27.49,0.0,64.03,4.89
2022-03-03,27.59,0.01,67.94,4.9
2022-03-04,27.68,1.37,69.61,5.28
2022-03-05,27.96,0.01,69.06,4.69
2022-03-06,28.14,0.75,70.29,4.32
2022-03-07,28.18,2.31,72.03,4.39
2022-03-08,28.04,8.54,72.4,3.77
2022-03-09,28.29,0.07,68.94,3.37
2022-03-10,28.16,0.0,66.14,3.38
2022-03-11,28.11,0.01,68.54,3.66
2022-03-12,28.11,0.05,65.16,3.83
2022-03-13,28.32,0.01,66.57,4.37
2022-03-14,28.67,0.0,65.37,3.94
2022-03-15,27.77,0.0,65.69,2.14
2022-03-16,29.43,0.01,57.93,2.17
2022-03-17,29.54,0.11,64.51,2.33
2022-03-18,30.0,0.04,64.86,1.79
2022-03-19,30.08,0.07,66.61,2.22
2022-03-20,30.84,0.33,63.15,3.34
2022-03-21,31.03,0.21,62.79,3.11
2022-03-22,30.1,0.29,65.88,2.72
2022-03-23,30.31,1.28,69.4,2.89
2022-03-24,30.07,0.39,69.35,2.65
2022-03-25,29.83,0.33,68.28,2.67
2022-03-26,30.03,0.95,66.57,2.61
2022-03-27,30.12,0.66,67.03,2.23
2022-03-28,29.95,0.11,69.08,2.26
2022-03-29,30.21,0.12,70.02,3.34
2022-03-30,29.96,0.11,70.82,3.74
2022-03-31,30.22,0.04,68.28,3.38
2022-04-01,29.97,0.07,70.15,3.8
2022-04-02,30.18,0.18,67.79,3.3
2022-04-03,29.18,8.59,72.99,2.32
2022-04-04,29.49,2.44,70.41,2.11
2022-04-05,29.95,1.24,65.52,2.52
2022-04-06,28.84,3.62,71.61,1.92
2022-04-07,29.88,1.66,66.76,1.87
2022-04-08,29.67,8.04,68.78,1.7
2022-04-09,28.98,4.77,71.38,1.61
2022-04-10,29.14,23.37,70.28,1.51
2022-04-11,29.0,14.42,75.51,2.51
2022-04-12,28.05,8.87,81.3,1.43
2022-04-13,27.8,14.7,81.82,2.82
2022-04-14,28.23,1.09,73.88,2.99
2022-04-15,29.52,0.76,74.4,3.62
2022-04-16,29.96,1.43,75.05,4.45
2022-04-17,29.71,4.64,76.55,3.38
2022-04-18,29.94,4.47,74.57,2.57
2022-04-19,30.59,1.05,67.46,2.04
2022-04-20,30.03,0.11,73.17,1.87
2022-04-21,29.34,0.18,77.25,1.98
2022-04-22,28.96,9.45,77.49,2.02
2022-04-23,29.02,4.84,72.51,1.58
2022-04-24,29.92,0.65,68.69,1.97
2022-04-25,30.03,0.24,71.43,2.11
2022-04-26,29.93,0.07,70.82,2.04
2022-04-27,30.28,0.09,70.59,1.81
2022-04-28,29.54,0.38,75.69,2.39
2022-04-29,30.06,0.4,76.26,3.11
2022-04-30,30.9,0.14,72.06,3.49
2022-05-01,30.99,0.26,70.9,3.32
2022-05-02,31.13,0.28,69.93,2.88
2022-05-03,30.98,0.21,72.17,2.47
2022-05-04,30.72,1.1,73.1,2.31
2022-05-05,30.79,0.3,71.53,2.96
2022-05-06,30.3,1.03,64.53,2.6
2022-05-07,30.88,2.85,64.97,2.6
2022-05-08,31.71,0.13,65.03,2.15
2022-05-09,31.16,0.33,67.81,4.01
2022-05-10,30.4,0.11,66.66,4.87
2022-05-11,30.84,0.11,67.06,5.99
2022-05-12,30.86,0.05,65.46,5.44
2022-05-13,30.97,0.09,64.29,5.5
2022-05-14,29.96,3.55,69.02,5.83
2022-05-15,29.62,1.25,71.11,5.31
2022-05-16,29.34,9.59,75.47,4.69
2022-05-17,29.63,2.7,75.25,5.06
2022-05-18,29.88,0.61,72.08,6.2
2022-05-19,29.52,0.65,71.82,6.8
2022-05-20,29.47,0.19,72.66,5.69
2022-05-21,30.12,0.07,71.97,5.52
2022-05-22,30.81,0.16,66.73,5.08
2022-05-23,30.3,0.34,71.36,4.33
2022-05-24,30.14,1.52,73.64,4.2
2022-05-25,30.26,0.65,73.81,3.34
2022-05-26,29.76,1.06,70.6,4.49
2022-05-27,29.92,0.86,66.86,4.71
2022-05-28,29.89,5.13,70.15,4.93
2022-05-29,29.14,5.14,74.24,4.64
2022-05-30,29.96,0.89,69.39,5.2
2022-05-31,29.77,0.2,67.39,5.08
2022-06-01,29.04,0.36,71.32,5.0
2022-06-02,30.12,0.13,69.07,4.45
2022-06-03,30.13,0.07,67.67,3.03
2022-06-04,29.89,0.06,69.56,3.11
2022-06-05,29.98,5.05,72.79,4.0
2022-06-06,28.9,18.72,79.94,1.98
2022-06-07,28.55,7.68,78.54,4.06
2022-06-08,29.38,0.1,73.49,3.95
2022-06-09,29.45,0.07,72.63,3.72
2022-06-10,29.52,0.17,73.38,4.56
2022-06-11,29.2,0.52,72.54,5.1
2022-06-12,28.21,1.53,73.11,4.06
2022-06-13,29.44,0.19,65.14,2.91
2022-06-14,30.38,1.02,66.37,2.72
2022-06-15,29.14,5.18,72.29,2.88
2022-06-16,27.22,7.13,79.66,1.89
2022-06-17,27.56,4.15,79.52,2.26
2022-06-18,28.51,1.9,74.99,3.68
2022-06-19,28.72,1.0,74.53,2.77
2022-06-20,29.61,0.05,68.66,2.94
2022-06-21,29.57,0.33,66.93,3.42
2022-06-22,29.09,0.44,69.92,3.04
2022-06-23,29.6,0.16,67.93,3.31
2022-06-24,29.77,0.03,66.42,4.24
2022-06-25,29.31,0.03,68.38,5.56
2022-06-26,30.11,0.01,59.7,4.44
2022-06-27,30.49,0.02,66.49,3.88
2022-06-28,29.68,0.03,66.49,3.96
2022-06-29,30.45,0.03,63.1,3.96
2022-06-30,29.56,0.44,67.59,4.34
2022-07-01,29.97,0.06,65.63,3.07
2022-07-02,29.81,0.94,65.23,3.15
2022-07-03,28.74,1.3,71.82,4.82
2022-07-04,29.74,0.09,62.64,4.38
2022-07-05,29.59,0.05,62.11,4.83
2022-07-06,29.7,0.03,61.11,4.5
2022-07-07,28.92,0.23,65.54,4.46
2022-07-08,29.6,0.1,60.89,3.71
2022-07-09,29.02,0.03,63.5,4.6
2022-07-10,29.18,0.03,62.45,5.49
2022-07-11,29.28,13.53,61.9,5.43
2022-07-12,29.27,0.22,63.71,5.8
2022-07-13,29.64,0.25,65.22,6.77
2022-07-14,29.57,0.22,66.07,6.91
2022-07-15,29.49,0.07,66.83,5.36
2022-07-16,29.38,0.18,69.94,4.08
2022-07-17,29.61,4.55,70.74,2.82
2022-07-18,29.82,0.67,65.78,1.92
2022-07-19,29.89,2.95,64.0,2.26
2022-07-20,29.7,1.14,70.93,1.77
2022-07-21,29.43,2.77,70.56,2.71
2022-07-22,29.13,11.63,73.18,2.55
2022-07-23,28.56,9.77,73.94,3.34
2022-07-24,28.82,4.65,68.17,2.41
2022-07-25,29.7,4.61,68.96,2.5
2022-07-26,27.07,9.11,82.36,2.12
2022-07-27,27.64,19.54,80.1,1.49
2022-07-28,28.55,4.11,73.37,1.62
2022-07-29,29.02,6.66,70.92,1.55
2022-07-30,28.71,5.94,75.35,2.59
2022-07-31,28.73,10.08,78.18,3.09
2022-08-01,27.86,10.95,80.32,4.85
2022-08-02,27.51,1.68,81.23,3.72
2022-08-03,26.88,2.21,85.48,4.19
2022-08-04,26.97,2.88,82.01,6.33
2022-08-05,27.9,0.08,75.49,5.76
2022-08-06,27.7,0.28,76.95,4.81
2022-08-07,27.79,0.14,75.82,5.98
2022-08-08,28.14,0.15,74.55,6.26
2022-08-09,28.19,0.06,74.65,6.16
2022-08-10,28.63,0.01,71.65,4.95
2022-08-11,29.16,0.0,69.57,4.04
2022-08-12,29.75,0.0,66.42,2.98
2022-08-13,29.59,0.0,66.31,2.65
2022-08-14,29.19,0.01,66.06,3.02
2022-08-15,29.45,0.06,69.0,2.84
2022-08-16,28.98,0.13,74.83,3.12
2022-08-17,29.32,0.59,74.1,3.59
2022-08-18,29.05,16.64,75.58,2.62
2022-08-19,29.41,4.6,73.76,2.48
2022-08-20,29.39,1.06,71.9,2.41
2022-08-21,29.55,0.83,68.27,3.02
2022-08-22,28.93,6.83,73.01,4.31
2022-08-23,28.92,3.71,71.74,3.9
2022-08-24,27.66,1.92,75.72,2.68
2022-08-25,26.75,0.74,80.79,2.56
2022-08-26,27.25,9.08,77.76,2.82
2022-08-27,25.96,4.04,82.06,4.53
2022-08-28,27.97,1.48,74.29,2.21
2022-08-29,28.27,2.71,76.15,2.24
2022-08-30,28.19,7.36,77.19,2.05
2022-08-31,27.18,5.59,82.03,1.73
2022-09-01,27.66,7.11,76.71,1.88
2022-09-02,27.98,1.87,75.96,4.58
2022-09-03,28.54,0.45,76.32,4.17
2022-09-04,28.25,5.51,80.7,3.44
2022-09-05,28.27,4.19,80.56,2.6
2022-09-06,28.08,2.38,75.6,3.44
2022-09-07,27.3,2.19,78.99,4.74
2022-09-08,27.39,0.02,76.05,4.87
2022-09-09,27.9,0.01,76.37,5.38
2022-09-10,28.57,0.03,75.55,5.2
2022-09-11,28.81,0.05,73.51,5.26
2022-09-12,29.16,0.01,72.12,4.79
2022-09-13,28.91,0.08,72.82,4.0
2022-09-14,28.86,1.72,72.42,3.53
2022-09-15,29.08,0.66,72.99,3.1
2022-09-16,29.32,0.03,70.97,2.34
2022-09-17,29.59,0.19,71.22,2.77
2022-09-18,29.38,2.73,69.83,2.53
2022-09-19,28.96,1.3,72.7,2.84
2022-09-20,29.22,0.06,69.24,2.97
2022-09-21,29.82,0.04,65.99,3.31
2022-09-22,30.1,0.01,64.13,3.39
2022-09-23,29.98,0.01,62.51,2.91
2022-09-24,30.0,0.13,62.97,2.41
2022-09-25,29.86,4.61,67.68,2.08
2022-09-26,29.68,3.14,69.37,1.98
2022-09-27,30.1,1.4,67.8,2.56
2022-09-28,29.68,3.03,68.49,2.97
2022-09-29,28.92,0.83,69.48,2.8
2022-09-30,29.02,0.31,69.78,4.65
2022-10-01,29.12,0.07,65.08,4.91
2022-10-02,29.38,0.63,62.37,3.5
2022-10-03,29.48,1.78,65.59,3.08
2022-10-04,29.53,0.47,67.48,2.44
2022-10-05,28.82,0.38,68.7,3.4
2022-10-06,28.62,0.02,65.83,3.24
2022-10-07,29.32,0.38,64.79,2.7
2022-10-08,29.82,12.1,65.12,2.01
2022-10-09,27.48,21.09,79.22,1.43
2022-10-10,27.96,14.29,78.7,2.07
2022-10-11,28.75,4.82,74.86,2.92
2022-10-12,28.17,5.12,78.08,2.13
2022-10-13,28.13,7.62,78.85,1.68
2022-10-14,28.31,13.08,78.3,2.54
2022-10-15,26.89,16.6,82.82,2.34
2022-10-16,27.94,3.22,79.92,3.52
2022-10-17,27.51,2.1,83.62,3.51
2022-10-18,27.33,11.0,83.03,3.53
2022-10-19,27.11,11.01,81.82,2.01
2022-10-20,27.68,19.52,81.23,1.75
2022-10-21,26.84,28.15,81.69,1.07
2022-10-22,27.09,2.33,81.65,1.46
2022-10-23,27.53,5.33,78.95,1.58
2022-10-24,26.55,9.0,87.1,2.36
2022-10-25,27.72,2.52,81.94,1.87
2022-10-26,27.46,7.26,79.45,2.29
2022-10-27,27.17,0.78,74.32,3.05
2022-10-28,27.27,0.09,78.29,2.88
2022-10-29,27.06,4.72,82.58,3.31
2022-10-30,26.75,5.97,86.8,3.33
2022-10-31,26.45,6.97,87.08,3.61
2022-11-01,25.47,5.77,89.24,2.55
2022-11-02,25.73,32.37,86.38,2.12
2022-11-03,25.62,18.62,90.31,3.06
2022-11-04,25.78,9.9,86.85,2.32
2022-11-05,25.9,12.77,86.79,2.97
2022-11-06,26.12,3.47,87.31,3.37
2022-11-07,26.59,2.72,84.57,3.19
2022-11-08,26.55,2.28,85.8,3.83
2022-11-09,26.35,1.95,86.7,3.35
2022-11-10,26.51,2.92,84.21,3.38
2022-11-11,24.77,19.28,90.08,5.39
2022-11-12,25.2,17.93,91.89,3.93
2022-11-13,26.1,2.99,88.36,2.71
2022-11-14,25.82,17.28,87.33,2.5
2022-11-15,25.6,3.42,89.98,2.4
2022-11-16,26.21,1.31,85.07,2.82
2022-11-17,25.43,0.02,79.13,3.62
2022-11-18,24.66,0.01,79.43,3.92
2022-11-19,24.21,0.01,81.82,3.94
2022-11-20,23.7,0.0,77.39,3.41
2022-11-21,25.13,0.0,72.91,1.73
2022-11-22,25.94,0.0,76.98,1.37
2022-11-23,26.73,0.0,81.15,1.61
2022-11-24,26.54,0.0,81.22,1.65
2022-11-25,26.54,0.0,81.23,2.04
2022-11-26,26.69,0.37,80.92,1.94
2022-11-27,26.77,2.09,82.89,1.92
2022-11-28,26.71,7.37,81.72,1.8
2022-11-29,26.31,12.76,83.25,3.23
2022-11-30,25.45,0.78,80.89,3.25
2022-12-01,26.12,5.26,86.59,3.21
2022-12-02,26.73,3.33,85.06,3.07
2022-12-03,26.4,5.32,87.18,3.44
2022-12-04,26.3,15.58,85.54,2.94
2022-12-05,26.18,2.82,87.31,3.75
2022-12-06,25.99,0.07,83.17,3.48
2022-12-07,24.41,0.01,82.84,3.44
2022-12-08,23.6,7.56,77.53,3.1
2022-12-09,23.21,65.29,85.49,4.31
2022-12-10,25.36,32.01,83.63,3.79
2022-12-11,26.31,2.0,87.36,3.45
2022-12-12,26.46,1.44,85.59,2.79
2022-12-13,26.37,1.16,82.05,1.7
2022-12-14,25.91,2.51,85.48,2.65
2022-12-15,25.5,0.15,84.54,3.42
2022-12-16,25.33,0.03,84.35,3.5
2022-12-17,25.52,0.47,85.52,4.23
2022-12-18,25.41,0.47,83.55,4.61
2022-12-19,24.67,2.48,86.96,4.38
2022-12-20,24.78,3.81,88.84,4.58
2022-12-21,24.57,69.81,90.19,4.5
2022-12-22,24.52,19.85,88.43,4.53
2022-12-23,24.94,0.05,87.13,3.7
2022-12-24,25.86,0.36,87.28,3.96
2022-12-25,25.8,4.58,89.6,4.4
2022-12-26,26.13,4.99,89.09,4.87
2022-12-27,26.09,9.56,86.8,2.8
2022-12-28,25.9,1.12,85.82,3.39
2022-12-29,25.74,0.07,83.66,3.48
2022-12-30,25.09,0.02,82.4,3.21
2022-12-31,24.95,0.0,82.63,2.62
2023-01-01,24.78,0.0,82.82,3.08
2023-01-02,24.57,0.03,80.59,3.4
2023-01-03,24.58,0.09,81.02,3.67
2023-01-04,24.72,0.0,79.36,3.88
2023-01-05,24.81,0.12,83.15,4.03
2023-01-06,24.81,1.05,84.9,5.01
2023-01-07,24.89,0.58,84.46,4.75
2023-01-08,25.08,0.07,82.09,4.53
2023-01-09,24.43,0.0,79.65,4.35
2023-01-10,23.52,0.01,78.58,4.48
2023-01-11,24.03,0.01,76.24,3.68
2023-01-12,23.79,0.0,75.6,3.48
2023-01-13,23.58,0.0,76.62,3.2
2023-01-14,23.14,0.0,79.29,3.18
2023-01-15,23.28,0.0,81.3,3.01
2023-01-16,24.07,0.01,81.53,3.52
2023-01-17,24.21,0.05,81.18,3.48
2023-01-18,23.86,0.03,78.21,4.01
2023-01-19,23.95,0.01,71.78,3.94
2023-01-20,24.23,0.04,77.45,3.96
2023-01-21,24.94,0.09,79.09,4.37
2023-01-22,24.64,0.13,80.5,4.03
2023-01-23,25.36,3.09,83.98,3.6
2023-01-24,25.27,4.99,84.25,3.22
2023-01-25,25.04,0.01,77.09,3.63
2023-01-26,24.67,0.0,75.17,3.52
2023-01-27,24.74,0.0,77.25,3.73
2023-01-28,24.85,0.0,75.26,3.92
2023-01-29,25.24,0.09,79.67,3.93
2023-01-30,26.13,0.84,81.06,3.3
2023-01-31,25.58,0.6,81.3,4.6
2023-02-01,24.91,4.37,79.14,4.5
2023-02-02,25.34,21.34,85.93,4.99
2023-02-03,25.67,4.87,86.0,4.47
2023-02-04,25.95,4.57,83.55,4.46
2023-02-05,25.35,0.06,77.74,3.75
2023-02-06,24.78,0.39,79.12,3.82
2023-02-07,25.63,0.03,77.85,3.46
2023-02-08,25.74,0.3,79.21,3.34
2023-02-09,25.53,0.01,78.13,2.86
2023-02-10,25.53,0.0,76.08,3.27
2023-02-11,25.43,0.0,71.39,3.37
2023-02-12,25.5,0.0,69.06,3.11
2023-02-13,25.41,0.0,71.69,3.84
2023-02-14,25.61,0.0,72.33,3.2
2023-02-15,25.71,0.0,68.71,3.66
2023-02-16,25.45,0.0,73.13,4.0
2023-02-17,25.51,0.01,71.7,3.69
2023-02-18,26.39,0.0,70.74,3.22
2023-02-19,27.12,0.0,72.53,3.74
2023-02-20,27.29,0.0,71.3,3.74
2023-02-21,26.83,0.0,65.69,3.64
2023-02-22,26.62,0.0,60.87,3.66
2023-02-23,26.33,0.01,64.93,3.27
2023-02-24,27.15,0.0,66.53,3.3
2023-02-25,26.81,0.0,64.96,3.67
2023-02-26,26.36,0.0,65.36,4.32
2023-02-27,26.7,0.0,63.35,3.82
2023-02-28,27.44,3.33,73.93,4.95
2023-03-01,27.81,4.23,72.28,4.87
2023-03-02,27.73,0.01,66.79,4.23
2023-03-03,27.06,0.0,62.12,4.64
2023-03-04,27.72,0.15,70.22,4.52
2023-03-05,27.98,0.33,72.22,4.05
2023-03-06,28.12,0.05,67.91,3.83
2023-03-07,27.66,0.06,71.79,3.76
2023-03-08,27.83,0.02,71.98,4.87
2023-03-09,27.94,0.0,68.04,4.63
2023-03-10,28.01,0.0,68.78,4.21
2023-03-11,27.78,0.01,70.82,3.85
2023-03-12,28.27,0.05,71.88,4.57
2023-03-13,28.63,0.04,68.13,4.0
2023-03-14,28.38,0.02,69.63,3.26
2023-03-15,28.69,0.06,69.28,2.32
2023-03-16,28.68,0.43,71.61,2.85
2023-03-17,29.22,0.76,68.79,3.31
2023-03-18,29.33,0.92,69.41,2.84
2023-03-19,29.44,5.56,70.39,2.77
2023-03-20,29.09,10.56,75.01,2.92
2023-03-21,29.79,7.29,70.2,2.87
2023-03-22,29.6,2.69,70.69,3.29
2023-03-23,29.86,0.48,63.71,3.32
2023-03-24,30.03,0.66,66.75,2.7
2023-03-25,30.02,0.39,65.58,2.49
2023-03-26,30.19,0.36,62.78,2.23
2023-03-27,30.83,0.18,61.09,2.18
2023-03-28,30.23,2.5,67.65,2.36
2023-03-29,30.12,0.81,68.48,2.36
2023-03-30,30.31,0.06,64.52,2.27
2023-03-31,30.41,0.27,64.22,2.36
2023-04-01,30.37,0.14,66.38,2.45
2023-04-02,30.48,0.37,64.45,2.93
2023-04-03,30.4,0.57,66.3,3.26
2023-04-04,29.3,0.95,70.51,3.02
2023-04-05,30.02,0.19,65.39,2.99
2023-04-06,29.72,0.21,68.42,2.35
2023-04-07,30.43,0.27,63.52,2.96
2023-04-08,30.13,0.17,64.64,4.24
2023-04-09,29.67,0.51,68.28,3.5
2023-04-10,29.94,0.06,67.09,3.75
2023-04-11,30.22,0.16,67.8,3.47
2023-04-12,30.56,0.0,64.19,2.75
2023-04-13,30.86,0.01,58.98,2.14
2023-04-14,30.62,0.0,59.82,1.8
2023-04-15,30.91,0.03,64.19,2.63
2023-04-16,30.85,0.01,62.14,2.62
2023-04-17,30.54,0.01,63.96,2.71
2023-04-18,31.15,0.0,61.86,2.35
2023-04-19,31.36,0.01,65.46,3.12
2023-04-20,31.7,0.01,65.85,4.63
2023-04-21,31.8,2.57,65.72,4.44
2023-04-22,31.54,1.81,66.34,3.73
2023-04-23,31.77,3.53,65.46,2.97
2023-04-24,29.83,14.04,76.98,2.44
2023-04-25,29.74,4.22,74.09,2.26
2023-04-26,29.64,6.67,70.57,2.32
2023-04-27,30.78,3.61,65.86,2.9
2023-04-28,30.4,3.36,67.87,3.01
2023-04-29,30.29,10.04,70.62,2.78
2023-04-30,29.6,11.48,74.43,2.4
2023-05-01,29.05,13.06,76.86,2.76
2023-05-02,28.56,22.0,81.87,3.77
2023-05-03,28.73,23.29,79.05,2.89
2023-05-04,27.71,31.14,84.18,2.37
2023-05-05,28.42,7.41,77.73,2.1
2023-05-06,28.12,5.6,79.99,1.62
2023-05-07,27.4,2.58,80.54,2.08
2023-05-08,27.13,2.95,82.95,2.35
2023-05-09,28.29,0.88,78.42,2.76
2023-05-10,29.4,0.24,75.81,3.28
2023-05-11,29.5,0.38,78.18,4.26
2023-05-12,29.31,0.22,78.71,4.9
2023-05-13,29.23,0.01,77.96,5.53
2023-05-14,30.17,0.06,76.72,4.75
2023-05-15,30.62,0.03,75.74,4.04
2023-05-16,30.33,0.04,77.82,3.08
2023-05-17,30.3,0.04,75.35,3.15
2023-05-18,29.55,0.05,79.8,3.88
2023-05-19,29.82,0.06,77.39,4.2
2023-05-20,30.21,0.1,75.59,4.07
2023-05-21,29.75,0.18,75.93,3.91
2023-05-22,29.52,0.44,78.37,3.61
2023-05-23,30.1,0.05,74.93,3.87
2023-05-24,30.35,0.45,73.27,4.56
2023-05-25,30.83,0.19,70.99,4.24
2023-05-26,31.24,1.48,69.4,3.44
2023-05-27,31.25,3.54,67.7,2.69
2023-05-28,31.22,0.43,69.96,1.77
2023-05-29,30.59,1.3,74.85,2.72
2023-05-30,31.08,0.66,70.88,3.74
2023-05-31,30.21,0.83,71.53,4.18
2023-06-01,30.85,0.1,69.34,5.28
2023-06-02,30.26,0.1,70.73,3.81
2023-06-03,30.64,0.07,69.06,4.88
2023-06-04,30.45,0.03,70.71,4.99
2023-06-05,29.79,2.54,75.12,4.69
2023-06-06,30.02,6.5,72.88,3.61
2023-06-07,29.76,2.17,77.17,4.99
2023-06-08,29.99,0.09,72.29,4.07
2023-06-09,30.8,0.09,68.95,4.18
2023-06-10,31.27,0.03,65.47,4.54
2023-06-11,31.19,0.0,65.41,4.2
2023-06-12,30.92,1.15,68.28,4.89
2023-06-13,30.48,0.2,70.66,4.55
2023-06-14,30.04,0.1,68.2,2.74
2023-06-15,32.04,0.04,58.8,2.29
2023-06-16,32.09,0.06,60.8,3.72
2023-06-17,30.44,0.13,67.89,3.39
2023-06-18,29.64,0.87,69.45,3.74
2023-06-19,30.62,0.02,64.49,3.62
2023-06-20,30.9,0.11,63.51,3.47
2023-06-21,30.34,0.92,68.37,3.75
2023-06-22,30.59,0.82,66.34,3.81
2023-06-23,30.78,0.3,63.05,3.3
2023-06-24,30.71,0.04,62.8,2.89
2023-06-25,29.94,0.06,67.17,4.51
2023-06-26,30.36,0.01,62.47,4.37
2023-06-27,29.27,0.22,67.73,5.14
2023-06-28,30.22,0.04,66.4,4.56
2023-06-29,30.74,2.64,64.78,4.75
2023-06-30,30.55,0.42,66.4,3.83
2023-07-01,30.91,0.17,61.9,3.13
2023-07-02,29.67,10.31,67.76,3.36
2023-07-03,28.87,1.61,70.75,5.42
2023-07-04,29.52,0.04,66.97,6.74
2023-07-05,29.43,0.31,68.0,6.44
2023-07-06,29.29,0.07,69.59,6.04
2023-07-07,29.68,0.02,65.32,5.06
2023-07-08,30.28,0.3,65.15,3.57
2023-07-09,30.61,0.43,60.47,2.74
2023-07-10,30.07,6.4,68.69,2.32
2023-07-11,29.29,15.35,74.28,2.73
2023-07-12,30.1,0.8,67.6,3.7
2023-07-13,30.18,0.43,62.16,3.5
2023-07-14,30.39,1.63,61.08,3.5
2023-07-15,30.44,0.3,64.96,3.15
2023-07-16,30.85,0.27,63.52,2.72
2023-07-17,30.67,0.03,65.43,3.6
2023-07-18,30.59,0.01,66.1,5.34
2023-07-19,30.25,0.01,65.4,6.03
2023-07-20,30.26,0.03,62.88,6.39
2023-07-21,30.53,0.02,62.27,5.1
2023-07-22,29.92,0.01,62.05,5.32
2023-07-23,29.09,0.42,64.7,4.39
2023-07-24,29.0,0.03,66.93,4.41
2023-07-25,29.45,0.08,67.35,3.72
2023-07-26,30.12,0.2,65.49,5.04
2023-07-27,31.28,0.01,59.29,3.89
2023-07-28,31.38,0.0,56.09,3.8
2023-07-29,31.73,0.0,56.03,3.42
2023-07-30,31.89,0.0,55.17,3.25
2023-07-31,31.74,0.0,56.86,3.59
2023-08-01,31.91,0.0,56.62,3.65
2023-08-02,31.47,0.0,57.47,3.67
2023-08-03,31.79,0.0,58.79,4.09
2023-08-04,32.12,0.14,57.54,3.23
2023-08-05,31.89,0.06,56.12,2.63
2023-08-06,31.91,2.45,57.31,2.94
2023-08-07,31.37,0.82,62.43,2.99
2023-08-08,31.13,8.09,63.26,2.87
2023-08-09,29.89,6.74,70.52,2.57
2023-08-10,29.72,3.3,71.27,2.28
2023-08-11,29.84,4.55,71.49,1.34
2023-08-12,30.71,7.17,68.91,1.92
2023-08-13,30.77,0.78,66.56,2.09
2023-08-14,30.5,0.25,64.69,3.03
2023-08-15,30.24,2.11,64.98,4.75
2023-08-16,30.32,0.08,62.26,4.94
2023-08-17,30.82,0.0,62.11,5.5
2023-08-18,30.74,0.01,62.81,5.11
2023-08-19,30.79,0.02,62.99,4.5
2023-08-20,31.24,0.01,60.73,3.74
2023-08-21,31.1,0.03,62.84,3.12
2023-08-22,30.29,1.12,70.3,2.85
2023-08-23,30.71,0.96,69.53,2.86
2023-08-24,31.2,0.02,62.26,4.71
2023-08-25,30.67,0.01,63.99,4.61
2023-08-26,31.08,0.0,61.94,4.67
2023-08-27,31.65,0.01,62.61,4.21
2023-08-28,31.45,1.47,63.72,4.74
2023-08-29,29.05,4.15,73.92,3.17
2023-08-30,27.94,10.45,78.68,3.32
2023-08-31,29.8,1.58,70.96,3.23
2023-09-01,29.9,1.37,69.31,3.58
2023-09-02,29.81,8.29,71.38,4.75
2023-09-03,27.87,12.51,77.29,5.58
2023-09-04,29.18,0.68,70.13,4.79
2023-09-05,29.09,0.2,67.69,5.86
2023-09-06,29.23,0.74,69.56,5.61
2023-09-07,29.48,2.76,66.82,5.37
2023-09-08,29.84,2.65,65.66,5.21
2023-09-09,30.5,0.57,64.62,4.77
2023-09-10,29.62,0.3,62.69,5.13
2023-09-11,29.04,0.14,65.88,4.82
2023-09-12,29.52,0.17,66.1,3.3
2023-09-13,29.91,0.21,68.58,4.14
2023-09-14,30.15,1.0,66.25,4.99
2023-09-15,29.59,0.74,68.4,5.58
2023-09-16,29.51,0.57,71.08,5.45
2023-09-17,28.55,3.07,76.85,4.82
2023-09-18,28.18,17.19,79.86,5.14
2023-09-19,28.58,5.07,77.2,4.31
2023-09-20,29.44,1.55,71.54,3.71
2023-09-21,29.1,1.45,73.31,3.2
2023-09-22,29.35,1.41,72.45,4.25
2023-09-23,29.83,1.54,72.09,4.57
2023-09-24,28.96,0.93,73.53,3.4
2023-09-25,29.65,1.47,70.38,2.63
2023-09-26,29.7,1.45,69.17,2.86
2023-09-27,29.16,6.58,70.77,3.8
2023-09-28,28.87,1.9,70.96,4.77
2023-09-29,28.78,1.53,73.38,5.96
2023-09-30,29.3,0.69,69.2,5.51
2023-10-01,29.44,0.55,71.42,5.81
2023-10-02,29.21,0.91,74.88,6.13
2023-10-03,29.73,0.57,71.3,5.74
2023-10-04,29.8,0.69,70.78,5.25
2023-10-05,29.57,4.07,71.97,4.29
2023-10-06,29.92,0.94,72.4,3.97
2023-10-07,29.88,0.52,71.76,3.47
2023-10-08,29.62,1.24,73.84,4.22
2023-10-09,29.21,0.79,75.16,3.91
2023-10-10,29.17,0.86,75.12,3.91
2023-10-11,29.38,4.84,73.6,4.6
2023-10-12,28.4,20.71,78.22,4.2
2023-10-13,28.84,1.63,74.21,2.94
2023-10-14,28.43,4.58,76.05,3.03
2023-10-15,28.67,17.36,76.12,3.6
2023-10-16,28.37,13.74,78.71,2.8
2023-10-17,27.69,6.46,82.9,2.34
2023-10-18,27.95,2.47,80.76,2.29
2023-10-19,28.4,1.06,75.9,1.97
2023-10-20,28.45,0.77,74.27,1.58
2023-10-21,28.87,1.15,69.84,1.64
2023-10-22,28.73,3.35,75.12,2.3
2023-10-23,28.17,0.81,74.98,2.29
2023-10-24,28.22,2.15,71.75,2.13
2023-10-25,28.36,3.66,75.58,2.03
2023-10-26,29.27,0.22,69.51,2.03
2023-10-27,29.05,0.41,71.47,2.7
2023-10-28,28.54,1.74,74.29,2.11
2023-10-29,27.58,13.98,81.91,2.55
2023-10-30,26.92,15.48,83.64,2.78
2023-10-31,27.7,4.22,80.77,3.23
2023-11-01,27.53,6.27,81.88,1.88
2023-11-02,27.26,12.69,83.21,1.74
2023-11-03,27.53,25.8,84.82,1.87
2023-11-04,25.87,40.28,89.99,2.34
2023-11-05,26.52,15.25,83.4,1.11
2023-11-06,27.65,18.52,80.87,1.36
2023-11-07,26.9,34.66,86.5,2.02
2023-11-08,26.62,21.94,87.4,1.53
2023-11-09,26.93,20.27,82.07,1.44
2023-11-10,27.16,10.06,85.1,2.58
2023-11-11,26.88,10.57,90.09,3.83
2023-11-12,26.92,1.32,84.37,4.27
2023-11-13,26.19,2.89,88.27,3.72
2023-11-14,26.34,6.91,86.33,3.9
2023-11-15,26.37,1.5,86.8,3.26
2023-11-16,27.44,0.58,85.73,2.33
2023-11-17,27.49,1.86,87.26,2.43
2023-11-18,26.82,9.3,90.43,2.51
2023-11-19,26.55,19.27,89.05,3.13
2023-11-20,27.17,1.77,84.99,2.54
2023-11-21,27.07,1.04,87.53,2.26
2023-11-22,26.73,31.22,88.38,1.58
2023-11-23,26.74,6.25,84.7,1.81
2023-11-24,27.11,2.65,84.49,2.04
2023-11-25,26.88,8.86,89.97,3.12
2023-11-26,26.8,9.98,91.51,3.86
2023-11-27,27.28,4.98,86.97,3.75
2023-11-28,27.26,5.54,86.11,3.24
2023-11-29,26.79,10.72,87.91,3.44
2023-11-30,26.07,8.87,90.07,2.64
2023-12-01,25.91,4.02,91.44,3.48
2023-12-02,26.67,0.64,87.26,3.05
2023-12-03,27.36,0.36,85.82,2.71
2023-12-04,27.57,1.35,89.34,2.97
2023-12-05,27.83,0.81,88.8,2.47
2023-12-06,27.29,0.29,89.59,2.29
2023-12-07,27.59,0.51,85.55,1.82
2023-12-08,27.9,5.22,82.82,1.18
2023-12-09,27.38,9.64,86.5,2.96
2023-12-10,26.84,9.61,87.77,3.94
2023-12-11,26.68,2.64,87.58,4.37
2023-12-12,26.47,0.63,86.07,4.16
2023-12-13,25.7,0.0,84.14,4.58
2023-12-14,25.35,1.75,84.87,4.8
2023-12-15,25.85,2.11,88.7,4.69
2023-12-16,26.26,19.8,90.61,5.03
2023-12-17,26.06,74.66,92.69,5.57
2023-12-18,26.02,49.59,90.15,4.73
2023-12-19,25.1,21.51,89.83,5.04
2023-12-20,25.26,9.13,90.37,5.11
2023-12-21,25.21,11.21,92.57,4.53
2023-12-22,25.66,1.96,88.31,4.38
2023-12-23,25.08,0.09,86.87,3.93
2023-12-24,24.65,0.32,89.39,4.21
2023-12-25,26.24,0.7,88.79,4.39
2023-12-26,25.53,0.1,85.83,4.92
2023-12-27,25.28,1.93,87.64,5.52
2023-12-28,25.78,1.85,89.99,5.23
2023-12-29,26.21,1.22,89.47,4.84
2023-12-30,25.88,0.21,87.75,4.77
2023-12-31,25.28,0.08,85.08,4.36
2024-01-01,25.34,0.03,84.03,3.86
2024-01-02,25.51,0.02,84.56,3.72
2024-01-03,25.44,0.12,85.1,3.35
2024-01-04,26.13,0.84,85.45,2.84
2024-01-05,26.19,0.66,87.4,3.04
2024-01-06,26.04,1.48,88.01,3.41
2024-01-07,25.72,1.54,88.06,3.83
2024-01-08,25.97,4.9,91.09,2.78
2024-01-09,25.6,14.34,90.54,4.67
2024-01-10,25.41,2.36,87.6,4.53
2024-01-11,25.3,0.01,84.66,4.68
2024-01-12,25.41,0.0,82.19,4.37
2024-01-13,25.39,0.01,84.13,4.06
2024-01-14,25.17,0.0,84.22,3.88
2024-01-15,24.76,0.0,80.35,3.43
2024-01-16,24.05,0.0,76.73,2.92
2024-01-17,23.95,0.0,79.97,2.54
2024-01-18,25.37,0.97,85.74,2.97
2024-01-19,26.17,2.35,86.83,3.6
2024-01-20,26.24,0.69,85.38,3.73
2024-01-21,26.08,0.02,83.48,3.49
2024-01-22,25.78,0.0,83.28,3.44
2024-01-23,25.27,0.0,81.48,3.23
2024-01-24,25.32,0.0,79.11,2.68
2024-01-25,25.46,0.0,78.18,2.99
2024-01-26,25.33,0.0,77.15,4.07
2024-01-27,25.08,0.01,78.9,4.18
2024-01-28,25.52,0.0,80.69,4.44
2024-01-29,25.5,0.0,80.21,4.46
2024-01-30,25.7,0.03,80.85,4.35
2024-01-31,26.44,1.15,81.83,3.12
2024-02-01,26.82,4.5,82.8,2.67
2024-02-02,27.29,0.45,81.76,2.63
2024-02-03,27.22,0.03,79.79,3.41
2024-02-04,26.49,0.0,78.31,3.95
2024-02-05,26.12,0.01,78.0,4.02
2024-02-06,25.72,0.0,78.58,4.09
2024-02-07,25.84,0.0,77.89,3.58
2024-02-08,26.2,0.0,78.84,3.63
2024-02-09,26.54,0.0,78.26,3.89
2024-02-10,27.05,0.0,76.37,4.41
2024-02-11,27.01,0.01,71.21,4.79
2024-02-12,26.55,0.0,71.83,4.82
2024-02-13,27.17,0.0,76.07,5.0
2024-02-14,27.3,0.0,74.72,5.15
2024-02-15,27.35,0.0,70.87,4.69
2024-02-16,27.65,0.0,71.9,4.8
2024-02-17,27.66,0.0,71.13,4.66
2024-02-18,27.37,0.0,72.78,4.08
2024-02-19,27.74,0.0,73.08,3.89
2024-02-20,28.03,0.0,70.48,3.25
2024-02-21,28.19,0.0,67.91,2.35
2024-02-22,28.87,0.0,70.15,2.44
2024-02-23,29.39,0.02,70.45,2.86
2024-02-24,29.05,0.06,72.37,2.77
2024-02-25,28.4,0.04,70.13,3.91
2024-02-26,28.59,0.77,71.93,5.15
2024-02-27,28.75,0.03,69.73,5.42
2024-02-28,28.6,0.03,69.65,4.94
2024-02-29,28.35,0.0,69.41,4.27
2024-03-01,28.32,0.0,68.31,4.56
2024-03-02,27.91,0.0,67.9,3.1
2024-03-03,28.35,0.0,66.95,3.09
2024-03-04,27.84,0.0,67.06,2.95
2024-03-05,28.21,0.0,64.82,2.89
2024-03-06,28.37,0.0,63.9,2.36
2024-03-07,28.5,0.0,60.61,2.09
2024-03-08,28.97,0.0,60.74,2.05
2024-03-09,29.41,0.0,60.76,2.26
2024-03-10,29.37,0.0,63.44,2.9
2024-03-11,29.21,0.0,65.67,3.46
2024-03-12,29.24,0.0,63.01,3.39
2024-03-13,29.38,0.0,58.39,2.41
2024-03-14,30.16,0.0,51.1,1.87
2024-03-15,29.53,0.0,61.37,2.31
2024-03-16,29.73,0.01,62.62,2.79
2024-03-17,29.5,0.0,60.7,3.41
2024-03-18,29.41,0.0,59.12,3.05
2024-03-19,29.4,0.0,59.96,3.32
2024-03-20,29.27,0.01,62.23,3.34
2024-03-21,30.07,2.14,69.95,4.77
2024-03-22,30.18,1.97,69.79,4.37
2024-03-23,30.42,0.16,64.77,3.65
2024-03-24,29.74,0.1,64.58,3.48
2024-03-25,29.66,0.0,62.23,4.0
2024-03-26,29.56,0.0,61.55,3.61
2024-03-27,30.01,0.1,59.08,3.4
2024-03-28,31.16,0.36,56.63,2.9
2024-03-29,30.91,0.21,58.73,2.81
2024-03-30,30.9,0.0,57.53,2.65
2024-03-31,31.42,0.03,61.01,2.51
2024-04-01,31.5,0.11,62.48,2.34
2024-04-02,31.65,0.77,59.89,2.31
2024-04-03,30.71,5.64,68.64,2.18
2024-04-04,30.63,0.33,69.61,1.99
2024-04-05,31.65,0.09,63.75,2.26
2024-04-06,31.92,0.02,64.57,2.33
2024-04-07,31.56,0.02,66.03,2.33
2024-04-08,31.7,0.03,66.39,2.63
2024-04-09,32.01,0.03,59.52,3.68
2024-04-10,31.53,0.01,62.33,4.14
2024-04-11,31.85,0.48,63.09,4.23
2024-04-12,31.14,4.47,67.47,3.96
2024-04-13,30.91,1.2,66.65,3.27
2024-04-14,31.11,2.39,66.47,4.35
2024-04-15,31.12,2.15,68.89,4.37
2024-04-16,31.67,0.12,62.52,2.81
2024-04-17,31.92,0.05,65.03,2.73
2024-04-18,31.77,0.05,67.31,4.01
2024-04-19,32.06,0.07,68.06,3.42
2024-04-20,32.68,0.1,64.48,2.92
2024-04-21,32.38,0.11,66.91,2.36
2024-04-22,32.15,0.06,66.46,2.23
2024-04-23,32.13,0.01,64.77,2.43
2024-04-24,32.07,0.03,60.73,1.98
2024-04-25,31.49,0.01,62.67,1.93
2024-04-26,32.49,0.01,56.32,2.12
2024-04-27,32.86,0.01,55.1,2.63
2024-04-28,32.76,0.08,58.6,2.63
2024-04-29,32.39,0.45,63.5,2.26
2024-04-30,32.38,0.58,64.55,2.98
2024-05-01,32.5,0.12,65.47,3.46
2024-05-02,32.82,0.01,67.86,4.37
2024-05-03,32.91,0.0,67.41,4.58
2024-05-04,32.73,0.02,65.08,3.74
2024-05-05,33.4,0.06,61.8,4.26
2024-05-06,33.14,0.1,62.7,4.49
2024-05-07,32.75,0.08,62.33,3.46
2024-05-08,32.26,0.79,65.75,2.66
2024-05-09,31.9,0.98,65.29,2.97
2024-05-10,30.91,5.07,69.1,2.58
2024-05-11,31.11,2.9,67.38,2.53
2024-05-12,31.29,2.94,65.45,2.15
2024-05-13,29.89,10.08,76.45,1.55
2024-05-14,30.11,8.83,71.83,1.1
2024-05-15,30.37,7.04,72.26,1.92
2024-05-16,29.26,28.08,76.3,1.43
2024-05-17,28.75,7.82,78.71,1.59
2024-05-18,28.92,7.18,80.11,2.08
2024-05-19,29.01,8.44,79.97,2.95
2024-05-20,28.54,25.4,81.64,4.0
2024-05-21,28.97,15.77,80.04,4.17
2024-05-22,29.26,1.3,84.58,4.24
2024-05-23,28.99,1.96,83.7,4.64
2024-05-24,29.43,0.99,80.73,4.96
2024-05-25,29.48,0.7,79.69,4.46
2024-05-26,30.1,0.17,74.22,4.32
2024-05-27,30.07,0.08,76.7,5.73
2024-05-28,29.82,0.08,75.48,5.46
2024-05-29,30.44,0.45,73.28,3.66
2024-05-30,31.34,0.36,71.05,2.84
2024-05-31,30.38,1.2,74.86,2.24
2024-06-01,30.65,1.41,78.95,3.06
2024-06-02,29.08,5.29,79.42,1.92
2024-06-03,29.53,2.54,77.51,2.63
2024-06-04,29.84,0.64,77.59,4.23
2024-06-05,29.72,2.41,77.41,5.39
2024-06-06,28.79,29.94,85.27,4.35
2024-06-07,28.79,3.58,80.85,4.63
2024-06-08,28.51,1.1,83.61,5.64
2024-06-09,28.79,0.19,82.26,4.97
2024-06-10,29.36,0.04,77.99,4.78
2024-06-11,29.71,0.06,73.27,4.75
2024-06-12,29.02,0.03,75.55,4.29
2024-06-13,29.39,0.02,72.46,3.27
2024-06-14,29.41,0.01,74.26,3.38
2024-06-15,29.91,0.09,73.15,4.02
2024-06-16,29.94,0.29,73.68,3.73
2024-06-17,29.66,1.68,74.5,3.85
2024-06-18,29.37,4.33,77.18,4.67
2024-06-19,29.12,2.31,76.64,5.29
2024-06-20,29.03,0.62,74.29,4.93
2024-06-21,29.37,0.18,71.31,4.67
2024-06-22,28.93,8.29,74.04,4.47
2024-06-23,28.92,2.1,72.74,6.18
2024-06-24,28.91,0.31,71.41,6.05
2024-06-25,28.63,0.38,68.57,6.05
2024-06-26,28.73,0.89,68.24,6.16
2024-06-27,29.84,0.03,68.12,4.3
2024-06-28,29.74,0.01,69.64,3.82
2024-06-29,30.26,0.07,70.03,3.4
2024-06-30,29.36,2.69,74.39,2.8
2024-07-01,29.38,0.27,68.85,2.3
2024-07-02,29.07,0.02,69.75,2.02
2024-07-03,29.53,0.17,69.89,2.7
2024-07-04,29.99,0.15,65.2,3.04
2024-07-05,29.91,8.53,70.32,3.68
2024-07-06,28.7,3.5,72.6,3.92
2024-07-07,30.11,0.15,67.93,4.27
2024-07-08,28.68,0.3,73.67,4.8
2024-07-09,29.11,0.02,69.38,4.29
2024-07-10,29.71,1.69,70.78,3.74
2024-07-11,29.6,0.44,69.02,2.58
2024-07-12,29.58,9.55,71.8,3.74
2024-07-13,29.67,0.38,68.69,4.63
2024-07-14,30.14,0.19,62.93,3.99
2024-07-15,29.02,2.67,69.52,5.88
2024-07-16,29.37,0.26,68.57,5.93
2024-07-17,29.23,0.38,70.15,5.05
2024-07-18,29.37,0.07,65.24,6.09
2024-07-19,30.33,0.02,63.95,5.84
2024-07-20,30.52,0.03,63.06,5.16
2024-07-21,30.28,0.02,66.06,5.15
2024-07-22,30.24,0.03,64.78,4.61
2024-07-23,30.78,0.06,62.65,3.85
2024-07-24,30.87,0.11,62.68,4.64
2024-07-25,30.86,0.12,61.4,4.59
2024-07-26,29.88,0.26,65.7,5.12
2024-07-27,30.61,0.08,58.62,4.66
2024-07-28,30.27,0.04,60.99,5.16
2024-07-29,30.21,0.32,66.55,5.66
2024-07-30,29.31,0.01,69.91,4.59
2024-07-31,29.83,0.02,67.94,3.49
2024-08-01,29.82,0.11,71.13,5.0
2024-08-02,30.48,0.04,61.58,4.15
2024-08-03,30.61,0.46,62.48,1.97
2024-08-04,30.9,1.57,63.42,2.12
2024-08-05,28.22,2.42,73.02,1.94
2024-08-06,29.17,3.59,72.87,2.04
2024-08-07,28.39,6.85,76.3,2.23
2024-08-08,28.57,14.12,75.15,2.66
2024-08-09,29.23,6.93,74.1,2.25
2024-08-10,29.64,4.44,73.51,2.84
2024-08-11,29.82,3.63,74.01,1.88
2024-08-12,30.31,1.59,73.6,2.06
2024-08-13,29.39,3.62,76.53,1.1
2024-08-14,29.25,10.99,74.24,1.32
2024-08-15,29.92,1.0,73.34,3.33
2024-08-16,29.99,1.77,76.06,3.44
2024-08-17,29.2,1.68,76.38,4.95
2024-08-18,29.11,1.99,78.0,3.73
2024-08-19,29.53,1.57,75.21,4.39
2024-08-20,28.8,2.25,80.99,5.3
2024-08-21,28.23,4.58,75.56,6.61
2024-08-22,29.14,0.04,71.96,5.22
2024-08-23,29.34,0.05,71.77,4.91
2024-08-24,29.56,0.03,70.6,5.13
2024-08-25,29.49,0.03,71.08,5.23
2024-08-26,29.8,0.01,68.67,5.59
2024-08-27,29.5,0.02,72.06,4.76
2024-08-28,29.41,0.02,71.97,3.63
2024-08-29,29.56,0.37,70.83,4.39
2024-08-30,28.42,0.77,76.99,5.0
2024-08-31,29.4,0.36,71.56,5.19
2024-09-01,29.49,0.21,68.11,4.45
2024-09-02,30.19,0.06,65.84,4.27
2024-09-03,29.13,0.17,74.65,5.11
2024-09-04,29.81,0.67,71.33,3.84
2024-09-05,30.74,0.06,66.1,3.21
2024-09-06,30.33,0.07,68.52,3.52
2024-09-07,30.52,0.02,67.02,3.69
2024-09-08,29.59,0.1,70.97,4.42
2024-09-09,29.59,0.07,71.37,5.1
2024-09-10,30.16,0.07,70.85,5.72
2024-09-11,30.34,2.07,68.45,5.62
2024-09-12,30.41,0.16,62.6,4.75
2024-09-13,30.74,1.35,66.32,3.49
2024-09-14,30.77,1.2,65.95,3.61
2024-09-15,31.4,0.19,61.09,3.72
2024-09-16,31.66,0.03,58.93,3.33
2024-09-17,31.82,0.02,58.38,3.43
2024-09-18,30.92,0.02,60.99,3.53
2024-09-19,30.74,0.25,62.07,3.12
2024-09-20,30.85,0.1,60.92,3.66
2024-09-21,30.9,0.08,61.29,3.1
2024-09-22,31.2,0.05,60.26,4.06
2024-09-23,31.61,0.05,60.07,4.18
2024-09-24,31.33,0.09,60.51,4.83
2024-09-25,31.63,0.02,59.9,4.2
2024-09-26,31.53,0.06,59.71,2.51
2024-09-27,31.25,0.27,58.42,2.74
2024-09-28,30.52,4.23,66.2,2.9
2024-09-29,29.77,2.35,72.49,2.78
2024-09-30,29.7,3.5,70.69,2.4
2024-10-01,29.13,3.68,75.17,2.44
2024-10-02,28.49,7.15,80.39,3.81
2024-10-03,29.52,1.05,74.79,4.52
2024-10-04,29.18,9.78,77.26,3.48
2024-10-05,28.65,24.11,78.14,2.16
2024-10-06,27.91,12.99,81.23,2.15
2024-10-07,27.68,2.6,81.32,3.4
2024-10-08,27.64,2.58,81.31,2.56
2024-10-09,29.16,2.3,75.07,3.4
2024-10-10,28.93,3.97,73.7,1.88
2024-10-11,27.76,14.52,76.18,2.73
2024-10-12,27.69,21.64,80.82,2.06
2024-10-13,27.62,9.91,82.49,2.24
2024-10-14,26.6,27.68,86.59,1.61
2024-10-15,26.49,12.5,84.75,2.44
2024-10-16,27.97,7.3,76.73,2.59
2024-10-17,28.43,6.32,80.35,3.4
2024-10-18,28.7,1.5,79.82,2.92
2024-10-19,27.74,4.29,82.82,2.3
2024-10-20,28.24,6.38,81.74,1.41
2024-10-21,27.97,4.53,84.24,1.3
2024-10-22,28.31,9.58,78.67,1.37
2024-10-23,28.08,4.3,82.79,1.85
2024-10-24,27.78,5.8,82.72,3.03
2024-10-25,27.49,16.98,85.98,2.4
2024-10-26,28.05,5.29,83.31,3.11
2024-10-27,27.52,1.16,85.42,2.93
2024-10-28,28.22,0.74,80.64,2.31
2024-10-29,28.28,1.54,80.97,1.93
2024-10-30,28.09,1.4,82.51,1.23
2024-10-31,28.38,4.47,81.54,1.36
2024-11-01,28.06,8.12,82.5,1.59
2024-11-02,27.14,11.94,85.04,1.48
2024-11-03,26.99,7.48,83.87,1.05
2024-11-04,27.51,6.49,82.07,2.4
2024-11-05,27.55,0.34,77.61,2.43
2024-11-06,27.73,0.16,76.52,2.45
2024-11-07,27.08,3.92,85.15,2.91
2024-11-08,27.36,9.37,87.66,3.56
2024-11-09,27.56,1.09,81.83,4.0
2024-11-10,27.01,0.04,80.2,4.01
2024-11-11,27.26,0.08,80.22,3.44
2024-11-12,27.11,0.3,81.33,3.26
2024-11-13,27.15,1.25,88.53,2.94
2024-11-14,27.71,9.06,86.53,3.02
2024-11-15,26.89,11.58,88.21,3.32
2024-11-16,27.03,6.5,87.63,3.26
2024-11-17,27.51,13.79,86.12,3.75
2024-11-18,27.24,11.62,85.45,4.15
2024-11-19,27.03,19.77,85.16,4.94
2024-11-20,25.97,25.94,88.61,5.29
2024-11-21,26.33,29.58,85.32,4.43
2024-11-22,25.55,2.88,87.18,3.46
2024-11-23,26.43,1.39,86.54,4.3
2024-11-24,26.43,0.22,86.58,3.93
2024-11-25,25.46,0.9,88.42,4.22
2024-11-26,24.96,19.07,91.62,4.86
2024-11-27,25.01,12.71,91.75,5.55
2024-11-28,25.42,1.37,83.12,4.05
2024-11-29,25.73,0.86,86.24,4.34
2024-11-30,26.04,0.5,90.88,3.67
2024-12-01,27.55,0.74,86.64,4.73
2024-12-02,27.39,4.72,85.5,4.68
2024-12-03,27.14,0.15,83.0,2.89
2024-12-04,26.89,2.72,83.73,1.91
2024-12-05,26.55,4.54,86.47,2.08
2024-12-06,26.66,0.05,86.3,2.84
2024-12-07,26.89,0.05,83.7,2.79
2024-12-08,26.42,0.36,85.56,2.51
2024-12-09,26.67,0.25,84.36,2.87
2024-12-10,26.56,0.28,83.29,3.45
2024-12-11,25.94,4.54,89.09,4.51
2024-12-12,25.6,55.28,92.6,5.99
2024-12-13,26.45,39.06,92.8,4.61
2024-12-14,25.81,25.39,89.35,4.74
2024-12-15,24.89,0.59,84.59,4.57
2024-12-16,24.3,0.66,87.15,4.33
2024-12-17,25.21,0.29,85.05,3.6
2024-12-18,26.0,0.03,85.38,2.56
2024-12-19,27.1,0.05,84.68,1.59
2024-12-20,27.54,0.13,85.5,1.26
2024-12-21,27.14,1.22,86.57,1.45
2024-12-22,26.41,5.94,88.13,2.23
2024-12-23,26.41,0.86,80.6,1.96
2024-12-24,26.45,0.05,78.69,1.69
2024-12-25,26.78,0.0,78.98,0.98
2024-12-26,26.94,0.16,83.94,2.64
2024-12-27,26.62,2.6,85.06,3.63
2024-12-28,25.89,0.28,82.61,4.12
2024-12-29,25.99,0.32,85.23,4.33
2024-12-30,25.94,6.56,89.68,4.76
2024-12-31,25.9,7.79,89.17,5.62
2025-01-01,25.19,0.37,83.12,5.34
2025-01-02,24.72,0.01,81.04,4.64
2025-01-03,24.6,0.0,81.29,5.1
2025-01-04,24.28,0.03,80.22,3.86
2025-01-05,24.56,0.0,76.96,3.36
2025-01-06,24.22,0.0,79.08,3.25
2025-01-07,24.78,0.39,83.73,3.4
2025-01-08,24.65,0.09,82.29,3.61
2025-01-09,24.67,0.02,83.52,4.12
2025-01-10,25.32,0.03,85.21,4.7
2025-01-11,25.1,1.07,85.2,4.72
2025-01-12,25.2,2.23,87.45,4.8
2025-01-13,26.25,0.73,85.86,3.84
2025-01-14,25.36,6.11,87.11,4.68
2025-01-15,24.99,3.71,88.36,5.06
2025-01-16,24.86,0.26,84.53,4.63
2025-01-17,24.68,0.06,81.7,4.86
2025-01-18,24.13,10.57,89.87,4.72
2025-01-19,25.0,17.41,91.53,4.31
2025-01-20,25.31,2.57,85.72,4.36
2025-01-21,24.58,0.18,83.23,4.09
2025-01-22,25.15,1.06,84.3,4.11
2025-01-23,25.21,1.6,81.95,3.92
2025-01-24,24.77,0.03,80.89,3.88
2025-01-25,25.05,0.23,81.63,4.17
2025-01-26,24.63,0.01,79.52,4.57
2025-01-27,24.9,0.03,75.97,3.71
2025-01-28,25.24,0.0,74.68,3.4
2025-01-29,24.64,0.01,77.78,3.65
2025-01-30,24.96,0.6,86.47,3.99
2025-01-31,26.11,0.6,87.77,3.06
2025-02-01,26.72,0.03,83.55,2.84
2025-02-02,26.81,0.02,79.62,2.94
2025-02-03,26.08,0.0,77.04,2.75
2025-02-04,25.42,0.0,77.02,3.36
2025-02-05,25.76,0.0,78.61,3.39
2025-02-06,26.08,0.0,73.29,3.34
2025-02-07,25.87,0.0,70.82,3.52
2025-02-08,26.09,0.0,75.01,3.97
2025-02-09,26.53,0.0,74.04,4.06
2025-02-10,26.6,0.0,71.21,3.74
2025-02-11,26.42,0.0,71.95,3.33
2025-02-12,26.59,0.0,73.82,3.57
2025-02-13,26.0,0.0,72.13,3.16
2025-02-14,25.82,0.0,70.36,2.38
2025-02-15,26.65,0.0,67.14,2.7
2025-02-16,26.68,0.0,65.23,3.48
2025-02-17,26.34,0.0,66.48,3.25
2025-02-18,26.54,0.0,70.09,3.39
2025-02-19,26.75,0.0,70.03,2.65
2025-02-20,27.02,0.01,69.61,2.86
2025-02-21,27.42,0.0,68.93,3.54
2025-02-22,27.75,0.01,69.06,3.19
2025-02-23,27.91,0.0,69.11,3.49
2025-02-24,27.99,0.0,68.44,4.09
2025-02-25,27.83,2.03,71.49,4.89
2025-02-26,27.93,4.92,74.7,5.36
2025-02-27,28.15,2.7,73.49,5.66
2025-02-28,27.11,12.88,82.75,5.34
2025-03-01,27.71,14.44,82.7,4.45
2025-03-02,28.15,2.63,77.96,3.64
2025-03-03,28.64,0.06,73.12,3.26
2025-03-04,28.17,0.0,70.95,2.59
2025-03-05,28.33,0.0,64.87,1.83
2025-03-06,28.76,0.0,63.7,1.68
2025-03-07,28.85,0.0,65.71,1.98
2025-03-08,29.14,0.1,63.37,2.16
2025-03-09,28.24,0.01,59.62,3.13
2025-03-10,28.48,0.82,68.58,4.89
2025-03-11,28.09,17.25,80.8,5.25
2025-03-12,27.75,8.53,80.04,2.45
2025-03-13,28.53,0.97,72.61,2.24
2025-03-14,29.02,0.0,67.59,2.17
2025-03-15,29.28,0.05,65.67,2.1
2025-03-16,29.12,4.08,72.18,2.24
2025-03-17,29.48,1.86,71.19,2.06
2025-03-18,29.72,0.48,69.47,2.23
2025-03-19,29.61,0.51,69.93,2.51
2025-03-20,29.77,0.17,66.99,3.52
2025-03-21,29.91,0.39,70.53,3.15
2025-03-22,29.92,2.26,71.36,3.11
2025-03-23,29.73,0.79,70.31,2.94
2025-03-24,29.9,0.12,68.38,3.41
2025-03-25,29.88,0.12,65.3,2.95
2025-03-26,29.51,0.04,61.81,1.98
2025-03-27,30.38,0.12,59.76,2.16
2025-03-28,30.39,0.02,63.03,2.23
2025-03-29,30.0,0.0,57.68,2.37
2025-03-30,29.89,0.0,50.87,2.22
2025-03-31,29.84,0.01,60.67,2.72
2025-04-01,29.85,0.3,62.08,2.42
2025-04-02,29.45,12.47,69.61,2.74
2025-04-03,28.62,33.42,76.13,2.34
2025-04-04,29.72,1.48,61.33,2.39
2025-04-05,29.58,5.02,67.2,1.77
2025-04-06,29.01,10.66,76.21,1.55
2025-04-07,28.62,9.86,80.95,1.24
2025-04-08,29.56,0.37,73.48,1.52
2025-04-09,28.87,0.74,76.83,1.92
2025-04-10,30.14,0.32,71.28,3.59
2025-04-11,30.26,1.44,70.53,4.24
2025-04-12,30.22,1.0,70.65,3.44
2025-04-13,30.76,0.29,68.1,2.63
2025-04-14,30.7,0.3,67.58,2.19
2025-04-15,29.91,0.43,70.28,1.76
2025-04-16,30.5,0.55,67.45,2.05
2025-04-17,30.62,0.32,70.06,2.2
2025-04-18,31.15,0.11,68.83,3.22
2025-04-19,30.87,0.08,69.93,3.29
2025-04-20,30.53,0.2,70.31,2.4
2025-04-21,30.71,0.21,68.8,1.96
2025-04-22,30.58,0.32,68.69,1.61
2025-04-23,30.68,0.29,68.67,2.74
2025-04-24,31.11,0.16,69.13,3.24
2025-04-25,30.51,0.43,76.76,2.71
2025-04-26,30.45,0.76,76.55,2.0
2025-04-27,29.88,2.92,75.25,2.68
2025-04-28,29.52,6.41,70.2,2.28
2025-04-29,29.44,4.94,76.5,2.19
2025-04-30,29.72,1.98,77.12,3.87
2025-05-01,30.42,0.06,71.82,3.92
2025-05-02,30.54,0.16,73.74,3.29
2025-05-03,30.76,0.24,74.61,3.24
2025-05-04,30.98,2.37,72.76,2.06
2025-05-05,30.74,4.17,74.56,2.25
2025-05-06,31.4,1.74,67.71,3.13
2025-05-07,30.2,1.91,69.12,4.27
2025-05-08,30.88,0.74,66.55,3.1
2025-05-09,30.76,0.59,69.26,2.16
2025-05-10,31.29,0.71,67.29,2.1
2025-05-11,32.06,0.28,64.66,3.03
2025-05-12,32.04,0.29,65.04,3.46
2025-05-13,32.07,1.71,66.61,4.21
2025-05-14,30.68,6.23,72.51,4.05
2025-05-15,30.53,11.23,68.84,3.67
2025-05-16,31.35,3.63,67.85,3.61
2025-05-17,29.39,9.28,72.44,3.68
2025-05-18,29.51,20.08,72.44,1.84
2025-05-19,30.01,5.84,73.2,3.44
2025-05-20,29.87,0.68,70.67,4.42
2025-05-21,30.48,0.65,64.55,4.94
2025-05-22,31.03,0.32,66.02,3.94
2025-05-23,30.62,0.95,72.91,5.09
2025-05-24,30.76,0.69,69.32,5.98
2025-05-25,30.32,0.65,71.43,6.25
2025-05-26,30.35,1.31,71.73,6.36
2025-05-27,30.27,0.94,74.54,7.15
2025-05-28,31.02,0.09,71.35,6.61
2025-05-29,30.1,0.98,73.28,6.64
2025-05-30,29.68,0.31,66.51,6.1
2025-05-31,30.31,0.1,66.2,4.93
2025-06-01,30.71,0.18,68.11,2.99
2025-06-02,30.48,0.2,71.26,3.54
2025-06-03,30.9,0.14,68.43,3.56
2025-06-04,30.68,0.53,68.4,3.49
2025-06-05,31.0,0.12,64.51,2.85
2025-06-06,30.81,1.06,70.82,2.19
2025-06-07,31.0,0.37,69.76,3.49
2025-06-08,31.49,0.04,64.97,3.0
2025-06-09,29.51,0.73,73.15,4.01
2025-06-10,30.36,0.93,70.84,4.0
2025-06-11,29.72,1.87,72.36,5.02
2025-06-12,30.64,0.57,67.83,5.32
2025-06-13,30.63,0.3,65.86,6.56
2025-06-14,29.61,0.82,71.64,6.93
2025-06-15,28.82,0.93,70.8,7.15
2025-06-16,30.54,0.13,64.88,6.03
2025-06-17,30.18,0.22,68.72,4.64
2025-06-18,30.21,0.08,70.3,4.17
2025-06-19,30.58,0.06,66.6,4.44
2025-06-20,29.91,0.06,70.27,3.83
2025-06-21,29.93,0.06,72.41,3.15
2025-06-22,29.72,3.67,73.36,3.94
2025-06-23,30.36,0.28,62.66,5.12
2025-06-24,30.81,0.12,65.04,5.78
2025-06-25,30.25,0.19,70.37,4.92
2025-06-26,30.04,0.1,67.77,5.49
2025-06-27,30.5,0.12,62.06,3.35
2025-06-28,30.25,0.28,65.19,3.51
2025-06-29,30.8,0.05,60.52,3.39
2025-06-30,30.1,0.04,68.78,3.33
2025-07-01,30.19,0.01,68.01,3.51
2025-07-02,30.7,0.01,61.6,3.8
2025-07-03,31.12,0.0,56.55,3.57
2025-07-04,30.72,0.0,59.25,3.69
2025-07-05,31.02,0.01,61.51,4.25
2025-07-06,30.76,0.03,64.97,4.99
2025-07-07,30.81,0.02,66.62,4.75
2025-07-08,31.37,0.01,62.24,3.46
2025-07-09,31.84,0.01,60.04,3.03
2025-07-10,31.89,0.05,59.38,2.15
2025-07-11,31.24,0.12,61.4,3.37
2025-07-12,31.61,0.34,61.28,3.69
2025-07-13,30.78,0.06,62.48,3.35
2025-07-14,31.24,0.0,56.34,5.38
2025-07-15,31.52,0.18,56.08,3.14
2025-07-16,30.89,0.7,61.57,4.12
2025-07-17,31.02,0.12,58.84,3.93
2025-07-18,30.46,0.2,63.96,4.08
2025-07-19,30.04,0.41,63.59,5.67
2025-07-20,29.83,0.11,60.39,5.12
2025-07-21,30.78,0.37,61.18,4.64
2025-07-22,31.0,0.06,62.53,5.62
2025-07-23,30.99,0.38,59.92,6.02
2025-07-24,31.04,0.14,56.76,5.61
2025-07-25,29.97,0.04,61.97,6.4
2025-07-26,29.11,0.38,67.86,5.77
2025-07-27,30.37,0.33,62.05,4.66
2025-07-28,31.5,0.01,53.78,3.76
2025-07-29,31.86,0.0,53.34,4.54
2025-07-30,32.25,0.04,52.77,3.31
2025-07-31,31.78,0.16,57.86,2.25
2025-08-01,30.19,3.98,65.56,2.77
2025-08-02,28.1,6.65,78.78,3.04
2025-08-03,28.26,2.1,76.92,2.71
2025-08-04,29.53,2.04,71.64,3.19
2025-08-05,30.24,3.14,69.36,3.76
2025-08-06,30.58,0.76,65.44,2.2
2025-08-07,30.03,0.49,66.12,2.77
2025-08-08,29.57,0.88,70.64,1.97
2025-08-09,28.72,1.52,76.25,2.99
2025-08-10,28.31,11.87,76.75,3.71
2025-08-11,28.97,1.3,69.67,4.12
2025-08-12,28.84,0.65,69.72,4.95
2025-08-13,29.34,0.35,64.99,4.36
2025-08-14,29.45,0.13,66.27,4.48
2025-08-15,29.6,0.56,64.94,5.45
2025-08-16,28.89,0.72,69.73,5.37
2025-08-17,28.95,0.25,69.17,5.59
2025-08-18,29.62,0.1,67.62,5.18
2025-08-19,30.5,0.01,62.31,4.66
2025-08-20,29.86,0.02,64.39,2.43
2025-08-21,30.27,0.19,61.86,2.74
2025-08-22,30.18,1.32,69.41,2.41
2025-08-23,29.44,3.72,69.72,1.91
2025-08-24,29.28,3.87,73.79,2.57
2025-08-25,30.01,1.28,70.33,2.68
2025-08-26,30.9,0.24,63.38,3.76
2025-08-27,30.16,0.43,66.96,5.12
2025-08-28,29.6,0.33,68.67,5.5
2025-08-29,30.88,0.09,60.42,5.05
2025-08-30,30.07,1.11,66.67,4.67
2025-08-31,30.09,0.65,68.23,3.67
2025-09-01,30.61,0.64,62.74,2.57
2025-09-02,31.17,0.11,59.06,3.2
2025-09-03,29.89,0.2,65.02,3.68
2025-09-04,30.62,0.08,62.78,3.61
2025-09-05,30.78,1.08,63.34,3.15
2025-09-06,31.15,0.98,63.25,2.94
2025-09-07,30.4,2.78,65.09,2.69
2025-09-08,30.45,1.56,64.83,2.73
2025-09-09,29.95,1.77,71.18,2.39
2025-09-10,29.23,14.47,78.14,2.13
2025-09-11,29.4,3.25,75.18,2.3
2025-09-12,29.16,2.71,73.6,1.5
2025-09-13,29.91,0.39,67.2,2.26
2025-09-14,30.18,0.24,65.96,3.03
2025-09-15,30.46,2.72,65.32,3.87
2025-09-16,29.64,4.5,73.06,3.07
2025-09-17,29.08,6.93,75.56,2.31
2025-09-18,29.18,1.39,73.23,3.3
2025-09-19,29.26,0.64,70.35,2.53
2025-09-20,29.38,0.27,66.75,2.64
2025-09-21,30.28,0.27,67.31,3.9
2025-09-22,30.58,0.14,67.4,3.89
2025-09-23,30.23,0.45,68.41,4.9
2025-09-24,29.84,1.83,71.35,4.95
2025-09-25,28.97,5.59,73.57,5.65
2025-09-26,28.94,1.84,71.46,5.71
2025-09-27,29.76,0.43,66.02,5.11
2025-09-28,29.11,0.04,70.94,5.07
2025-09-29,29.62,0.03,71.7,4.68
2025-09-30,29.79,0.02,69.97,3.03
2025-10-01,30.51,0.03,65.55,3.68
2025-10-02,29.78,0.17,70.04,2.66
2025-10-03,29.09,3.19,73.62,1.76
2025-10-04,29.29,1.34,73.8,1.56
2025-10-05,29.63,2.65,71.86,2.19
2025-10-06,29.18,0.92,70.74,2.19
2025-10-07,29.19,2.66,72.95,1.27
2025-10-08,29.38,1.21,71.73,2.44
2025-10-09,29.38,2.07,75.19,3.19
2025-10-10,29.53,1.59,72.31,3.69
2025-10-11,29.62,0.92,74.09,3.45
2025-10-12,29.53,2.66,72.5,2.65
2025-10-13,29.34,4.6,72.14,2.45
2025-10-14,29.09,8.59,74.73,3.35
2025-10-15,28.05,16.21,82.01,2.38
2025-10-16,27.51,18.95,85.82,2.34
2025-10-17,27.67,19.02,86.39,2.38
2025-10-18,27.22,39.6,88.56,1.53
2025-10-19,27.26,20.19,87.18,2.32
2025-10-20,26.78,18.98,87.86,2.37
2025-10-21,26.41,64.17,88.55,1.56
2025-10-22,27.29,9.29,84.65,4.56
2025-10-23,27.23,1.86,87.6,3.74
2025-10-24,27.44,12.73,87.7,3.63
2025-10-25,27.42,3.65,88.91,2.79
2025-10-26,27.82,0.88,84.83,0.93
2025-10-27,27.41,1.35,86.79,2.4
2025-10-28,27.35,0.59,87.03,3.26
2025-10-29,28.23,0.16,84.35,4.04
2025-10-30,28.24,0.07,81.79,2.18
2025-10-31,28.4,0.02,80.51,1.76
2025-11-01,28.71,0.03,78.13,1.76
2025-11-02,28.93,0.03,76.79,1.58
2025-11-03,28.47,0.13,78.15,2.01
2025-11-04,27.85,0.11,83.39,1.92
2025-11-05,27.97,1.72,81.9,1.44
2025-11-06,27.77,3.81,81.98,2.83
2025-11-07,27.59,3.72,81.94,2.09
2025-11-08,27.54,5.32,78.32,1.86
2025-11-09,27.0,3.56,76.55,2.03
2025-11-10,27.53,3.17,75.48,0.96
2025-11-11,27.46,3.26,81.21,2.12
2025-11-12,27.39,2.68,83.5,3.59
2025-11-13,27.06,10.75,83.45,4.13
2025-11-14,26.64,0.7,80.24,4.26
2025-11-15,25.8,1.47,81.57,4.27
2025-11-16,25.87,2.33,88.54,4.49
2025-11-17,25.06,19.11,90.01,4.96
2025-11-18,25.54,14.46,88.96,3.8
2025-11-19,26.47,3.57,83.51,3.58
2025-11-20,26.34,0.52,84.02,4.33
2025-11-21,26.75,7.0,88.15,3.75
2025-11-22,26.5,15.45,90.65,3.05
2025-11-23,26.55,51.59,90.11,3.48
2025-11-24,26.15,19.43,91.62,4.04
2025-11-25,25.77,13.25,89.68,4.9
2025-11-26,24.91,4.85,90.96,5.43
2025-11-27,25.11,3.59,86.24,5.74
2025-11-28,23.66,43.86,89.51,6.55
2025-11-29,23.4,74.64,90.15,6.3
2025-11-30,25.62,2.19,85.96,3.36
2025-12-01,26.57,3.33,84.38,1.89
2025-12-02,26.54,27.82,86.21,1.71
2025-12-03,26.15,4.12,82.08,1.66
2025-12-04,26.23,1.7,86.11,1.89
2025-12-05,25.79,3.37,90.69,3.38
2025-12-06,26.04,4.87,87.89,3.96
2025-12-07,25.49,4.93,89.27,4.36
2025-12-08,24.91,0.18,86.91,4.3
2025-12-09,24.8,0.53,90.16,4.48
2025-12-10,24.68,3.75,88.43,4.94
2025-12-11,24.35,0.12,87.57,4.36
2025-12-12,24.5,2.37,87.79,4.65
2025-12-13,23.78,0.53,83.38,4.5
2025-12-14,22.95,0.04,81.71,3.98
2025-12-15,23.4,0.2,82.29,3.85
2025-12-16,24.68,6.87,90.84,4.28
2025-12-17,25.77,10.93,88.96,4.76
2025-12-18,23.67,0.17,85.12,4.66
2025-12-19,23.57,0.01,81.03,3.85
2025-12-20,23.28,0.01,77.28,3.09
2025-12-21,23.4,0.0,82.69,3.6
2025-12-22,23.28,0.01,81.95,3.7
2025-12-23,23.95,0.01,81.4,3.29
2025-12-24,23.98,0.01,82.35,3.27
2025-12-25,23.62,0.04,81.03,2.88
2025-12-26,24.54,0.13,85.73,3.4
2025-12-27,24.13,0.01,83.77,3.63
2025-12-28,24.37,0.01,84.95,3.37
2025-12-29,24.77,0.0,85.89,3.66
2025-12-30,24.74,0.0,84.86,3.08
2025-12-31,25.9,0.24,87.58,2.55
