Date,Temperature,Rainfall,Humidity,WindSpeed
2005-01-01,24.34,0.04,84.49,2.38
2005-01-02,24.0,0.07,84.37,2.63
2005-01-03,24.19,0.06,83.97,2.45
2005-01-04,23.76,0.0,82.17,2.92
2005-01-05,23.87,0.0,82.54,3.29
2005-01-06,23.1,0.0,79.83,3.1
2005-01-07,23.91,0.0,81.25,3.72
2005-01-08,24.25,0.0,80.45,3.33
2005-01-09,23.46,0.0,80.71,3.42
2005-01-10,23.23,0.0,78.26,2.53
2005-01-11,22.69,0.0,75.11,2.12
2005-01-12,22.87,0.0,78.21,2.31
2005-01-13,23.14,0.0,77.75,2.76
2005-01-14,23.33,0.0,77.06,3.06
2005-01-15,23.4,0.0,73.49,2.89
2005-01-16,23.89,0.0,77.26,2.72
2005-01-17,24.8,0.05,76.72,2.32
2005-01-18,25.53,0.54,79.29,2.2
2005-01-19,26.07,0.17,79.01,2.52
2005-01-20,26.1,0.84,77.69,3.76
2005-01-21,25.79,4.8,79.45,4.21
2005-01-22,25.6,5.07,80.94,3.56
2005-01-23,26.15,0.83,76.64,3.14
2005-01-24,25.48,0.11,82.29,2.39
2005-01-25,26.04,0.0,75.76,2.72
2005-01-26,25.96,0.0,74.71,2.74
2005-01-27,25.68,0.32,75.5,2.37
2005-01-28,25.41,0.22,75.85,1.76
2005-01-29,26.01,2.24,73.01,2.16
2005-01-30,26.05,1.38,75.96,2.22
2005-01-31,26.46,1.42,78.39,2.42
2005-02-01,26.96,0.36,77.22,2.73
2005-02-02,26.94,0.21,74.04,3.08
2005-02-03,26.77,0.36,72.35,3.12
2005-02-04,26.78,0.16,71.78,3.17
2005-02-05,26.91,0.0,68.63,2.79
2005-02-06,26.38,0.0,65.92,3.02
2005-02-07,25.6,0.0,68.99,3.02
2005-02-08,26.07,0.0,70.17,3.71
2005-02-09,26.05,0.0,68.14,4.17
2005-02-10,26.6,0.0,66.16,4.26
2005-02-11,26.56,0.0,65.24,3.87
2005-02-12,25.76,0.0,66.04,3.79
2005-02-13,25.95,0.0,64.46,3.39
2005-02-14,25.37,0.0,68.65,2.43
2005-02-15,26.16,0.0,65.72,1.37
2005-02-16,26.75,0.0,64.26,1.75
2005-02-17,26.7,0.0,65.85,1.77
2005-02-18,26.78,0.0,64.94,1.93
2005-02-19,26.79,0.0,68.28,2.02
2005-02-20,26.57,0.0,71.25,2.19
2005-02-21,27.7,0.11,67.58,2.18
2005-02-22,27.99,2.06,71.28,2.34
2005-02-23,28.83,0.47,68.73,2.72
2005-02-24,28.79,0.0,68.13,2.93
2005-02-25,27.98,0.0,66.15,2.51
2005-02-26,27.4,0.0,62.1,2.33
2005-02-27,27.45,0.0,61.96,2.6
2005-02-28,27.04,0.0,62.07,2.66
2005-03-01,26.96,0.0,70.02,2.67
2005-03-02,28.15,0.0,64.55,2.76
2005-03-03,28.45,0.0,64.66,2.72
2005-03-04,29.22,0.04,64.89,2.62
2005-03-05,29.51,1.85,67.97,2.86
2005-03-06,29.11,1.17,67.23,2.78
2005-03-07,28.63,0.33,69.56,2.76
2005-03-08,28.5,0.0,67.13,2.48
2005-03-09,28.32,0.0,69.84,2.5
2005-03-10,28.51,1.0,67.36,1.79
2005-03-11,28.7,2.37,68.13,1.84
2005-03-12,29.53,0.82,64.72,2.17
2005-03-13,29.66,5.64,65.95,2.04
2005-03-14,28.69,3.67,70.12,2.45
2005-03-15,28.88,0.0,62.4,2.72
2005-03-16,28.81,0.0,60.77,2.63
2005-03-17,28.08,0.0,62.98,3.22
2005-03-18,28.45,1.23,65.38,2.54
2005-03-19,28.97,4.85,66.47,2.62
2005-03-20,29.84,0.02,62.19,2.35
2005-03-21,30.4,0.01,59.44,2.37
2005-03-22,30.78,0.0,55.39,2.13
2005-03-23,31.32,0.0,55.42,2.56
2005-03-24,31.72,0.44,58.52,2.7
2005-03-25,31.8,0.25,58.12,2.69
2005-03-26,31.59,0.0,56.52,2.18
2005-03-27,31.87,0.03,54.7,2.55
2005-03-28,31.51,0.0,53.98,2.6
2005-03-29,32.51,0.0,55.62,2.5
2005-03-30,32.32,1.13,56.87,2.91
2005-03-31,31.73,0.14,59.0,2.37
2005-04-01,31.78,0.0,59.21,2.78
2005-04-02,30.53,6.43,65.95,2.81
2005-04-03,27.44,22.96,82.91,3.06
2005-04-04,26.4,25.74,90.6,3.86
2005-04-05,26.77,16.11,87.5,2.24
2005-04-06,26.97,22.41,84.11,1.3
2005-04-07,26.96,15.35,85.44,2.4
2005-04-08,27.26,1.23,81.24,2.23
2005-04-09,27.94,0.11,80.23,2.27
2005-04-10,28.26,0.4,79.47,1.95
2005-04-11,28.25,1.76,82.6,2.48
2005-04-12,28.11,0.53,82.56,1.83
2005-04-13,28.06,0.52,80.38,1.86
2005-04-14,28.36,0.05,76.75,1.51
2005-04-15,28.59,0.08,75.51,1.58
2005-04-16,29.15,1.42,72.23,1.68
2005-04-17,29.25,0.38,70.41,2.11
2005-04-18,28.91,0.58,74.14,2.07
2005-04-19,28.65,2.24,77.36,1.87
2005-04-20,27.82,16.17,81.2,1.78
2005-04-21,27.69,5.13,77.89,1.43
2005-04-22,27.54,2.21,78.85,1.39
2005-04-23,28.33,0.32,75.34,1.68
2005-04-24,28.77,0.19,75.42,1.84
2005-04-25,28.65,0.9,76.59,1.34
2005-04-26,29.99,0.06,68.72,1.74
2005-04-27,29.95,0.15,70.04,1.97
2005-04-28,30.47,0.04,70.06,2.12
2005-04-29,30.97,0.01,69.08,2.0
2005-04-30,29.61,22.6,79.15,2.45
2005-05-01,29.65,7.45,76.54,1.86
2005-05-02,28.41,10.16,83.47,1.49
2005-05-03,29.18,5.16,78.13,2.23
2005-05-04,28.44,3.74,80.6,1.85
2005-05-05,28.9,0.2,74.98,1.87
2005-05-06,29.52,0.63,72.41,2.09
2005-05-07,29.42,0.53,72.48,2.57
2005-05-08,29.96,0.0,69.29,1.83
2005-05-09,30.53,0.04,67.66,2.41
2005-05-10,30.0,0.0,64.07,2.75
2005-05-11,30.25,0.03,66.29,2.96
2005-05-12,30.26,0.27,70.7,3.25
2005-05-13,30.39,0.02,70.61,3.3
2005-05-14,29.38,0.42,76.6,3.54
2005-05-15,29.91,1.43,74.01,3.63
2005-05-16,28.8,0.07,74.28,2.82
2005-05-17,30.65,0.0,64.77,2.21
2005-05-18,31.32,0.0,62.44,2.52
2005-05-19,31.46,0.0,65.56,2.91
2005-05-20,31.29,0.01,67.79,3.47
2005-05-21,31.39,0.02,66.1,3.4
2005-05-22,31.31,0.06,66.68,2.45
2005-05-23,31.37,0.03,65.81,2.49
2005-05-24,30.75,0.0,68.61,2.58
2005-05-25,30.29,0.03,69.6,2.46
2005-05-26,29.85,14.98,73.72,2.21
2005-05-27,29.47,1.76,75.65,2.2
2005-05-28,28.58,2.36,72.86,1.59
2005-05-29,28.91,9.97,73.6,2.08
2005-05-30,28.78,0.49,74.89,3.06
2005-05-31,29.56,0.5,70.69,3.57
2005-06-01,29.8,0.1,71.25,4.1
2005-06-02,30.16,0.02,70.83,4.11
2005-06-03,29.71,0.02,74.07,2.01
2005-06-04,29.26,1.38,76.84,2.46
2005-06-05,28.71,2.21,77.96,3.62
2005-06-06,28.73,0.28,76.4,3.67
2005-06-07,28.67,0.67,77.24,4.02
2005-06-08,29.53,0.95,76.83,4.71
2005-06-09,28.32,4.73,78.95,5.02
2005-06-10,28.63,1.65,69.62,4.11
2005-06-11,29.19,0.38,73.51,3.6
2005-06-12,30.5,0.61,65.48,3.51
2005-06-13,29.79,0.86,68.71,3.92
2005-06-14,29.57,0.02,66.84,2.88
2005-06-15,30.16,0.67,64.11,3.08
2005-06-16,29.57,3.44,70.34,3.82
2005-06-17,28.9,0.59,72.88,4.04
2005-06-18,28.56,0.44,69.27,3.66
2005-06-19,28.49,2.47,72.54,4.26
2005-06-20,27.92,2.67,76.49,3.87
2005-06-21,28.11,0.56,72.16,3.81
2005-06-22,28.85,0.17,65.92,3.83
2005-06-23,29.91,0.0,60.88,3.18
2005-06-24,30.46,0.41,60.36,3.26
2005-06-25,30.02,1.52,66.45,3.06
2005-06-26,29.61,0.36,67.8,3.7
2005-06-27,29.6,0.06,65.46,3.66
2005-06-28,29.52,0.11,64.12,3.62
2005-06-29,28.66,0.18,66.63,3.94
2005-06-30,29.59,1.19,66.08,3.7
2005-07-01,29.1,1.55,70.92,3.38
2005-07-02,29.41,0.39,66.57,2.96
2005-07-03,29.53,0.64,65.48,3.22
2005-07-04,28.92,1.31,70.67,3.22
2005-07-05,28.87,0.24,69.01,4.02
2005-07-06,29.02,0.09,64.26,4.43
2005-07-07,30.32,0.03,55.49,3.94
2005-07-08,30.13,0.37,63.12,3.31
2005-07-09,29.89,1.27,61.83,4.43
2005-07-10,28.24,2.17,69.9,3.98
2005-07-11,29.07,0.4,65.52,3.79
2005-07-12,29.39,0.0,63.29,2.5
2005-07-13,28.81,1.77,68.57,3.01
2005-07-14,28.65,14.17,72.0,2.19
2005-07-15,27.65,2.48,77.57,1.92
2005-07-16,28.13,0.78,75.65,1.92
2005-07-17,28.35,1.23,74.3,2.45
2005-07-18,29.4,0.14,68.68,2.53
2005-07-19,29.55,0.03,67.83,2.14
2005-07-20,29.0,0.29,69.07,2.41
2005-07-21,29.08,0.0,65.71,3.06
2005-07-22,29.39,0.61,65.5,3.19
2005-07-23,28.73,0.65,69.34,4.07
2005-07-24,29.45,0.23,63.91,4.64
2005-07-25,28.98,0.17,62.81,5.45
2005-07-26,29.43,1.43,61.29,6.11
2005-07-27,29.24,1.79,65.59,4.93
2005-07-28,29.19,2.19,66.72,4.39
2005-07-29,28.24,3.84,69.75,4.15
2005-07-30,28.51,2.07,67.33,4.83
2005-07-31,29.24,1.75,65.31,4.94
2005-08-01,29.01,1.71,65.53,5.2
2005-08-02,29.19,0.6,61.82,4.89
2005-08-03,29.63,0.08,54.97,4.25
2005-08-04,29.42,0.09,61.57,3.88
2005-08-05,29.96,0.08,58.58,4.23
2005-08-06,30.87,0.0,54.14,3.86
2005-08-07,31.2,0.0,53.87,3.51
2005-08-08,30.93,0.0,54.38,3.42
2005-08-09,30.0,0.11,58.05,3.41
2005-08-10,30.61,0.1,58.45,4.07
2005-08-11,30.34,1.11,59.87,3.6
2005-08-12,30.8,0.2,55.75,3.89
2005-08-13,31.08,0.06,54.42,3.4
2005-08-14,31.08,0.47,55.99,3.91
2005-08-15,31.12,0.14,55.26,3.62
2005-08-16,30.6,0.15,55.68,3.82
2005-08-17,30.51,0.0,55.94,3.61
2005-08-18,31.15,0.0,51.1,3.33
2005-08-19,30.66,0.03,54.49,3.09
2005-08-20,30.89,0.0,53.09,2.85
2005-08-21,31.18,0.23,52.74,2.54
2005-08-22,30.43,0.28,58.35,2.55
2005-08-23,29.81,1.52,63.38,3.18
2005-08-24,29.86,0.72,61.8,2.68
2005-08-25,29.55,15.88,64.96,2.0
2005-08-26,28.57,9.42,72.17,2.05
2005-08-27,27.87,2.13,76.37,1.62
2005-08-28,29.57,0.1,67.6,2.38
2005-08-29,29.93,0.05,66.76,3.32
2005-08-30,30.79,0.4,61.46,2.4
2005-08-31,29.91,7.47,67.43,2.33
2005-09-01,29.62,0.76,68.86,2.01
2005-09-02,28.37,28.85,78.98,1.93
2005-09-03,27.8,6.77,83.24,2.25
2005-09-04,27.73,9.54,83.1,2.22
2005-09-05,27.46,2.78,79.49,2.59
2005-09-06,27.54,1.41,77.77,2.64
2005-09-07,27.36,3.06,78.01,2.68
2005-09-08,28.28,0.28,75.13,3.65
2005-09-09,29.14,0.15,70.43,3.28
2005-09-10,28.02,3.09,75.61,3.79
2005-09-11,27.68,2.65,74.73,3.94
2005-09-12,27.72,0.29,74.99,3.61
2005-09-13,27.91,0.16,73.73,2.9
2005-09-14,28.27,0.02,74.52,2.42
2005-09-15,27.67,23.81,77.21,2.27
2005-09-16,27.97,0.81,76.44,2.72
2005-09-17,29.13,0.0,69.27,2.37
2005-09-18,29.29,0.0,64.61,2.99
2005-09-19,28.48,0.18,64.47,4.39
2005-09-20,28.82,0.33,66.8,4.56
2005-09-21,28.76,0.16,69.27,3.59
2005-09-22,29.69,0.28,66.5,2.68
2005-09-23,29.21,0.02,69.04,2.71
2005-09-24,29.22,0.5,67.41,2.69
2005-09-25,29.37,1.74,67.53,2.1
2005-09-26,29.14,0.12,68.62,1.88
2005-09-27,29.43,0.0,64.62,1.73
2005-09-28,28.51,8.53,70.02,1.94
2005-09-29,29.66,0.24,66.92,1.82
2005-09-30,30.0,0.09,63.66,1.88
2005-10-01,29.06,0.06,65.37,2.12
2005-10-02,28.32,4.29,72.0,1.29
2005-10-03,28.9,1.67,70.9,1.49
2005-10-04,28.38,16.89,74.8,1.07
2005-10-05,28.35,2.22,72.82,1.46
2005-10-06,29.14,0.03,70.24,1.65
2005-10-07,28.85,1.38,73.2,1.55
2005-10-08,28.29,35.82,78.09,1.19
2005-10-09,26.89,8.52,81.4,2.07
2005-10-10,27.02,13.66,81.32,1.72
2005-10-11,25.96,16.5,85.59,1.52
2005-10-12,26.47,10.96,86.31,1.82
2005-10-13,26.58,2.34,84.07,3.15
2005-10-14,27.11,0.6,80.81,2.86
2005-10-15,27.42,0.06,81.91,2.45
2005-10-16,27.87,0.05,78.33,1.31
2005-10-17,27.4,0.26,81.73,0.97
2005-10-18,26.7,13.14,84.05,1.34
2005-10-19,26.33,2.96,84.18,2.07
2005-10-20,27.26,0.63,78.93,1.51
2005-10-21,26.96,67.82,85.27,1.16
2005-10-22,26.53,34.72,89.79,1.5
2005-10-23,26.47,5.49,87.93,1.95
2005-10-24,25.9,49.31,88.74,1.32
2005-10-25,25.4,31.92,91.86,1.86
2005-10-26,25.66,5.36,85.74,1.8
2005-10-27,26.29,1.12,83.76,2.17
2005-10-28,26.88,0.12,83.19,2.58
2005-10-29,27.33,1.69,82.2,1.78
2005-10-30,27.21,9.66,84.76,1.88
2005-10-31,27.17,1.4,86.05,1.98
2005-11-01,26.37,6.57,87.67,1.28
2005-11-02,25.78,6.68,89.45,1.38
2005-11-03,24.82,3.01,90.09,2.52
2005-11-04,24.88,20.34,91.99,2.58
2005-11-05,24.98,26.07,90.68,3.59
2005-11-06,25.18,32.22,92.75,3.58
2005-11-07,24.63,28.6,92.37,4.87
2005-11-08,24.9,18.84,92.4,3.86
2005-11-09,24.35,8.24,93.32,3.94
2005-11-10,24.56,2.08,92.74,2.7
2005-11-11,24.63,8.52,92.02,1.63
2005-11-12,24.87,24.78,94.24,1.48
2005-11-13,21.89,16.2,91.83,2.68
2005-11-14,23.47,0.42,85.16,2.29
2005-11-15,24.01,0.0,88.2,2.52
2005-11-16,22.68,0.0,84.9,2.89
2005-11-17,22.13,0.01,82.92,2.6
2005-11-18,22.83,0.26,83.76,2.62
2005-11-19,22.93,4.86,88.26,2.71
2005-11-20,23.33,3.08,91.1,3.07
2005-11-21,23.58,24.27,93.52,4.22
2005-11-22,25.28,43.23,95.1,4.48
2005-11-23,25.24,80.71,95.1,2.25
2005-11-24,24.23,76.46,94.05,3.5
2005-11-25,24.75,8.85,90.88,2.29
2005-11-26,24.66,1.91,89.93,2.72
2005-11-27,24.93,1.64,90.61,2.9
2005-11-28,23.8,0.18,89.19,3.45
2005-11-29,21.86,0.61,87.72,2.81
2005-11-30,22.98,1.76,81.32,1.99
2005-12-01,24.26,0.04,82.92,1.15
2005-12-02,25.6,2.45,84.17,0.9
2005-12-03,25.03,23.76,90.57,1.47
2005-12-04,25.71,10.38,90.82,1.56
2005-12-05,25.23,3.54,90.44,2.77
2005-12-06,24.58,0.39,88.79,3.18
2005-12-07,23.62,0.0,88.39,2.99
2005-12-08,22.04,0.01,84.65,2.8
2005-12-09,23.64,10.8,84.4,3.22
2005-12-10,23.62,31.61,90.58,4.53
2005-12-11,24.57,17.4,93.74,2.91
2005-12-12,24.5,5.21,94.11,2.58
2005-12-13,25.08,5.52,92.75,3.12
2005-12-14,24.69,1.59,90.03,3.39
2005-12-15,23.52,0.51,90.23,3.47
2005-12-16,22.71,0.02,88.03,3.74
2005-12-17,23.17,1.1,90.48,3.87
2005-12-18,24.29,2.67,90.99,3.46
2005-12-19,24.76,0.1,87.59,2.69
2005-12-20,25.15,0.21,86.57,2.13
2005-12-21,25.48,0.09,87.28,2.17
2005-12-22,25.61,0.94,84.8,1.45
2005-12-23,25.14,3.62,87.2,1.34
2005-12-24,24.79,0.0,86.98,1.8
2005-12-25,24.16,0.0,87.38,2.3
2005-12-26,23.25,0.0,85.36,2.83
2005-12-27,22.41,0.0,83.3,2.57
2005-12-28,22.77,0.12,86.8,2.47
2005-12-29,23.02,0.07,86.91,2.68
2005-12-30,22.3,0.0,83.08,2.62
2005-12-31,22.83,0.03,83.33,3.18
2006-01-01,22.62,0.03,83.81,3.61
2006-01-02,22.77,0.03,84.83,3.18
2006-01-03,22.79,0.01,88.68,2.98
2006-01-04,23.7,0.36,87.54,3.1
2006-01-05,24.15,2.97,90.1,3.39
2006-01-06,23.99,0.02,86.6,3.38
2006-01-07,24.5,1.81,90.12,3.34
2006-01-08,24.29,11.81,92.82,3.2
2006-01-09,24.72,1.4,90.68,3.03
2006-01-10,24.62,0.04,87.35,3.63
2006-01-11,23.25,0.14,87.46,3.34
2006-01-12,23.77,0.33,88.54,3.71
2006-01-13,23.63,0.61,88.7,3.68
2006-01-14,24.07,1.55,91.14,2.76
2006-01-15,24.82,0.26,88.94,2.86
2006-01-16,24.91,1.97,87.97,2.81
2006-01-17,24.36,0.06,87.48,2.43
2006-01-18,23.05,0.0,84.59,2.44
2006-01-19,21.94,0.0,85.01,2.06
2006-01-20,21.36,0.0,84.08,1.82
2006-01-21,21.6,0.0,84.23,1.64
2006-01-22,22.41,0.0,80.43,1.73
2006-01-23,22.86,0.0,71.46,1.15
2006-01-24,23.01,0.0,69.28,1.24
2006-01-25,23.23,0.0,81.1,1.97
2006-01-26,22.69,0.01,82.23,2.89
2006-01-27,23.58,0.36,84.09,3.77
2006-01-28,23.23,0.01,82.59,3.77
2006-01-29,22.1,0.0,78.54,3.26
2006-01-30,22.31,0.0,76.8,2.7
2006-01-31,22.84,0.0,79.09,3.31
2006-02-01,23.12,0.0,79.32,3.37
2006-02-02,24.0,0.01,79.69,3.25
2006-02-03,24.52,0.21,82.41,3.53
2006-02-04,25.05,0.55,83.22,3.87
2006-02-05,25.24,0.03,81.64,3.38
2006-02-06,23.96,0.0,79.04,3.28
2006-02-07,22.55,0.0,76.94,2.99
2006-02-08,22.85,0.0,76.52,3.33
2006-02-09,24.15,0.02,80.52,3.28
2006-02-10,24.81,0.02,76.65,3.51
2006-02-11,24.75,0.0,77.97,3.32
2006-02-12,25.04,0.0,74.07,3.44
2006-02-13,23.29,0.0,76.71,2.88
2006-02-14,23.41,0.0,73.51,2.18
2006-02-15,25.01,0.0,73.74,2.18
2006-02-16,25.3,0.0,72.64,1.82
2006-02-17,25.78,0.0,71.51,1.77
2006-02-18,25.76,0.0,72.65,2.15
2006-02-19,25.9,0.0,72.12,2.26
2006-02-20,25.29,0.0,70.77,2.58
2006-02-21,25.35,0.0,70.53,2.48
2006-02-22,25.16,0.0,67.72,2.26
2006-02-23,25.36,0.0,68.38,2.6
2006-02-24,25.93,0.0,68.87,2.66
2006-02-25,27.03,0.0,67.34,2.21
2006-02-26,27.14,0.0,70.07,2.39
2006-02-27,27.72,0.0,72.4,2.24
2006-02-28,28.78,0.0,70.13,2.08
2006-03-01,28.9,0.0,68.91,2.08
2006-03-02,28.43,5.03,75.5,2.53
2006-03-03,26.78,17.83,84.43,1.61
2006-03-04,26.96,4.39,80.64,1.98
2006-03-05,28.31,0.27,74.11,2.53
2006-03-06,28.04,1.91,74.91,2.26
2006-03-07,27.37,0.24,74.76,1.75
2006-03-08,27.61,0.32,73.49,2.48
2006-03-09,26.76,1.82,80.14,1.9
2006-03-10,27.42,0.94,76.38,2.04
2006-03-11,27.81,14.41,77.48,1.54
2006-03-12,26.9,4.2,82.4,1.73
2006-03-13,27.97,0.01,74.14,1.51
2006-03-14,27.93,0.0,70.32,1.71
2006-03-15,28.57,0.03,66.92,1.94
2006-03-16,28.03,0.0,70.57,1.06
2006-03-17,29.07,0.0,64.23,1.84
2006-03-18,29.21,0.0,61.5,2.54
2006-03-19,28.62,0.0,67.66,3.26
2006-03-20,28.57,0.0,65.17,3.07
2006-03-21,27.61,0.0,63.95,2.94
2006-03-22,28.48,0.02,54.03,1.74
2006-03-23,29.09,0.0,58.6,2.18
2006-03-24,29.66,0.09,62.26,2.07
2006-03-25,29.93,0.0,62.72,2.28
2006-03-26,30.0,0.4,58.74,2.25
2006-03-27,30.3,0.01,57.62,2.41
2006-03-28,29.9,0.0,62.26,2.19
2006-03-29,29.72,0.01,64.13,2.08
2006-03-30,29.84,0.23,64.94,2.38
2006-03-31,30.16,0.06,61.3,2.21
2006-04-01,30.02,0.0,58.81,2.01
2006-04-02,29.77,0.0,55.74,1.86
2006-04-03,30.02,0.0,54.55,2.0
2006-04-04,30.23,0.0,58.39,2.21
2006-04-05,30.48,0.0,62.74,2.74
2006-04-06,31.14,0.0,58.82,2.84
2006-04-07,31.69,0.0,56.69,2.52
2006-04-08,31.43,0.0,56.36,2.43
2006-04-09,31.23,0.02,58.75,2.83
2006-04-10,31.1,0.08,55.72,2.56
2006-04-11,31.52,0.15,57.57,2.64
2006-04-12,32.14,0.07,57.76,2.88
2006-04-13,31.53,0.53,60.42,3.38
2006-04-14,29.47,1.31,69.36,2.81
2006-04-15,30.01,0.9,63.33,1.85
2006-04-16,29.27,0.14,66.59,3.23
2006-04-17,29.22,22.85,70.75,2.34
2006-04-18,28.14,7.23,77.0,2.35
2006-04-19,29.96,0.15,65.5,2.26
2006-04-20,29.67,0.52,66.56,2.05
2006-04-21,30.47,0.79,60.32,1.79
2006-04-22,30.62,0.01,55.59,1.86
2006-04-23,31.08,0.0,54.75,1.98
2006-04-24,30.92,0.0,57.53,2.25
2006-04-25,31.52,0.11,58.51,2.19
2006-04-26,32.14,0.03,58.76,2.04
2006-04-27,32.58,0.0,57.75,3.08
2006-04-28,32.85,0.0,55.78,3.63
2006-04-29,32.23,0.0,55.68,2.69
2006-04-30,33.31,0.0,52.89,2.79
2006-05-01,33.56,0.0,52.6,3.44
2006-05-02,32.73,0.01,56.93,3.5
2006-05-03,31.4,0.71,63.96,2.26
2006-05-04,30.04,0.39,69.72,2.25
2006-05-05,29.87,0.03,69.85,3.33
2006-05-06,30.58,0.01,65.31,2.99
2006-05-07,31.2,0.05,61.66,3.47
2006-05-08,30.34,0.08,67.26,3.19
2006-05-09,29.83,0.04,68.62,2.69
2006-05-10,29.74,0.16,70.1,2.74
2006-05-11,31.31,0.1,62.78,3.57
2006-05-12,31.99,0.04,59.66,3.79
2006-05-13,31.96,0.0,57.6,2.08
2006-05-14,31.7,0.07,58.92,2.29
2006-05-15,32.17,0.87,55.13,2.99
2006-05-16,30.33,19.65,69.31,2.66
2006-05-17,29.71,0.99,69.84,3.05
2006-05-18,27.96,28.32,77.87,3.51
2006-05-19,27.72,11.14,77.44,3.34
2006-05-20,29.76,0.0,64.64,2.74
2006-05-21,30.17,1.23,64.29,2.62
2006-05-22,31.06,1.12,61.89,2.52
2006-05-23,30.14,3.47,67.49,3.72
2006-05-24,30.21,1.41,66.28,2.75
2006-05-25,29.78,0.57,66.3,3.15
2006-05-26,29.16,5.2,67.6,3.36
2006-05-27,28.03,1.97,69.65,4.26
2006-05-28,27.89,6.11,76.92,4.74
2006-05-29,28.16,4.0,74.18,5.4
2006-05-30,28.35,6.48,76.97,4.8
2006-05-31,28.04,2.73,75.15,4.6
2006-06-01,29.41,0.09,67.02,3.2
2006-06-02,28.72,2.27,73.27,2.54
2006-06-03,29.61,0.67,68.49,2.29
2006-06-04,29.04,0.18,67.45,2.28
2006-06-05,28.93,0.52,67.26,3.43
2006-06-06,29.01,0.05,68.51,2.43
2006-06-07,28.79,0.01,68.25,2.78
2006-06-08,29.79,0.0,62.79,2.17
2006-06-09,29.2,0.26,65.9,3.25
2006-06-10,29.42,0.01,65.85,3.68
2006-06-11,29.82,0.0,62.94,3.04
2006-06-12,30.49,0.0,60.62,2.54
2006-06-13,31.04,0.25,59.39,2.36
2006-06-14,30.66,0.07,59.91,2.24
2006-06-15,30.73,0.2,63.74,1.9
2006-06-16,28.33,4.63,73.33,2.64
2006-06-17,30.05,0.11,62.2,2.5
2006-06-18,29.95,0.31,64.85,2.19
2006-06-19,29.59,0.14,69.1,2.68
2006-06-20,27.99,3.97,76.16,2.88
2006-06-21,28.58,4.79,75.04,2.6
2006-06-22,27.84,4.33,79.95,3.76
2006-06-23,28.56,6.16,73.85,4.7
2006-06-24,29.41,1.84,69.55,4.02
2006-06-25,29.39,0.5,63.8,4.06
2006-06-26,29.38,0.29,65.21,2.63
2006-06-27,30.24,0.12,65.22,2.38
2006-06-28,29.46,0.42,65.24,2.92
2006-06-29,28.92,3.09,66.54,3.58
2006-06-30,29.21,0.22,66.59,3.5
2006-07-01,30.01,0.12,60.05,4.28
2006-07-02,28.89,0.54,63.99,4.45
2006-07-03,28.75,2.91,64.93,5.52
2006-07-04,28.43,2.52,66.35,5.35
2006-07-05,29.15,1.37,64.1,4.13
2006-07-06,29.52,0.46,62.58,3.4
2006-07-07,30.07,0.52,60.53,3.23
2006-07-08,31.16,0.04,58.47,3.45
2006-07-09,30.62,0.06,58.68,3.6
2006-07-10,30.22,3.0,60.68,3.47
2006-07-11,29.75,0.81,62.76,3.94
2006-07-12,28.55,2.08,67.53,4.08
2006-07-13,28.54,0.35,64.8,4.29
2006-07-14,28.83,0.26,64.16,3.49
2006-07-15,29.74,0.22,62.21,4.14
2006-07-16,30.47,0.09,58.99,4.3
2006-07-17,29.97,0.33,60.7,4.46
2006-07-18,29.47,0.33,61.78,4.15
2006-07-19,30.6,0.15,57.68,3.55
2006-07-20,30.71,0.3,57.22,3.2
2006-07-21,31.06,0.02,54.8,3.5
2006-07-22,30.64,0.0,53.74,2.8
2006-07-23,31.32,0.05,52.29,2.65
2006-07-24,30.56,0.03,55.35,2.93
2006-07-25,30.18,0.1,58.78,2.28
2006-07-26,29.44,0.35,61.91,1.77
2006-07-27,29.4,0.39,58.93,3.39
2006-07-28,29.56,0.3,54.69,4.19
2006-07-29,29.72,0.26,58.69,3.84
2006-07-30,30.31,0.07,57.83,3.57
2006-07-31,30.32,0.12,56.76,3.89
2006-08-01,30.63,0.04,55.69,3.51
2006-08-02,31.21,0.02,52.76,4.11
2006-08-03,30.56,0.12,53.47,4.61
2006-08-04,29.84,0.27,58.4,4.2
2006-08-05,30.57,0.01,54.36,3.35
2006-08-06,31.2,0.0,53.44,3.51
2006-08-07,31.23,0.33,55.29,3.79
2006-08-08,30.92,0.08,55.61,3.74
2006-08-09,30.62,1.0,57.12,3.89
2006-08-10,29.35,4.12,62.1,4.18
2006-08-11,29.37,1.29,66.06,4.52
2006-08-12,29.15,1.03,65.3,4.44
2006-08-13,29.75,0.71,60.36,4.72
2006-08-14,29.54,3.0,62.37,4.5
2006-08-15,29.74,2.24,63.05,5.15
2006-08-16,28.64,0.41,58.72,5.43
2006-08-17,29.68,0.48,56.71,4.78
2006-08-18,29.27,12.49,65.33,3.23
2006-08-19,29.41,0.07,67.78,2.92
2006-08-20,28.24,44.66,74.48,2.1
2006-08-21,26.89,34.51,85.4,1.48
2006-08-22,26.87,4.87,85.11,1.92
2006-08-23,27.7,5.92,78.79,1.77
2006-08-24,27.33,26.61,80.55,1.84
2006-08-25,27.31,14.02,80.98,3.03
2006-08-26,27.1,0.0,75.69,2.97
2006-08-27,26.6,0.0,75.61,2.73
2006-08-28,27.5,0.07,70.81,2.7
2006-08-29,27.89,0.22,71.31,3.25
2006-08-30,28.63,0.01,70.25,2.3
2006-08-31,28.71,0.87,71.08,2.02
2006-09-01,28.15,26.68,76.95,1.7
2006-09-02,27.71,11.05,80.94,1.58
2006-09-03,27.34,1.1,83.47,1.58
2006-09-04,27.3,1.24,83.34,1.42
2006-09-05,27.06,0.0,81.67,2.03
2006-09-06,27.06,0.42,81.82,1.58
2006-09-07,26.52,11.0,87.42,2.14
2006-09-08,26.76,7.35,84.53,3.04
2006-09-09,25.91,5.1,87.0,4.01
2006-09-10,26.38,0.58,82.97,4.11
2006-09-11,26.51,3.35,83.2,4.42
2006-09-12,27.2,1.85,80.35,3.54
2006-09-13,27.46,1.0,77.51,3.15
2006-09-14,25.75,0.24,82.9,3.04
2006-09-15,26.07,6.0,84.02,4.21
2006-09-16,26.09,4.31,86.81,4.44
2006-09-17,26.14,1.22,86.25,4.13
2006-09-18,26.5,5.57,84.33,4.21
2006-09-19,27.41,0.1,80.31,3.5
2006-09-20,26.97,0.81,83.66,4.14
2006-09-21,27.11,2.47,82.57,3.66
2006-09-22,27.26,0.44,80.12,2.74
2006-09-23,27.17,0.11,81.56,2.6
2006-09-24,26.5,9.21,87.31,3.19
2006-09-25,25.69,6.9,84.15,1.96
2006-09-26,27.13,0.15,76.58,1.9
2006-09-27,27.7,2.38,72.26,1.75
2006-09-28,28.02,1.94,71.94,2.43
2006-09-29,26.43,3.97,74.68,2.95
2006-09-30,28.19,0.19,72.37,2.52
2006-10-01,28.05,0.31,71.76,2.76
2006-10-02,28.06,0.27,71.35,2.37
2006-10-03,28.23,0.03,72.18,2.74
2006-10-04,28.41,6.6,76.09,2.87
2006-10-05,28.54,0.18,73.37,2.71
2006-10-06,28.35,4.82,74.66,3.16
2006-10-07,26.68,21.83,87.07,3.12
2006-10-08,27.73,4.0,78.71,2.84
2006-10-09,27.08,0.88,75.82,2.57
2006-10-10,27.31,0.77,80.06,2.31
2006-10-11,28.25,0.62,75.36,2.12
2006-10-12,28.27,1.05,75.12,1.5
2006-10-13,28.26,0.68,74.65,1.66
2006-10-14,28.08,1.53,73.49,1.36
2006-10-15,27.49,9.76,79.57,1.27
2006-10-16,27.14,6.13,83.06,1.84
2006-10-17,26.6,9.97,85.54,1.91
2006-10-18,27.23,14.29,83.72,2.12
2006-10-19,26.49,22.04,86.98,1.63
2006-10-20,26.46,19.11,84.14,1.95
2006-10-21,26.55,8.22,80.62,2.11
2006-10-22,26.53,4.97,82.8,2.99
2006-10-23,25.62,27.44,88.81,2.76
2006-10-24,25.46,13.51,90.04,3.0
2006-10-25,25.92,8.04,87.56,3.19
2006-10-26,25.79,14.59,89.74,2.58
2006-10-27,25.23,24.05,91.42,2.08
2006-10-28,26.04,27.18,84.54,1.69
2006-10-29,26.08,5.2,88.47,3.14
2006-10-30,26.07,4.85,88.6,2.57
2006-10-31,25.82,0.85,87.73,1.85
2006-11-01,26.0,3.9,85.81,1.54
2006-11-02,25.55,10.73,91.25,2.17
2006-11-03,25.22,25.59,92.58,2.63
2006-11-04,24.43,7.29,91.23,1.75
2006-11-05,25.61,0.73,88.38,2.14
2006-11-06,25.6,6.01,89.8,1.7
2006-11-07,24.96,3.63,92.18,2.2
2006-11-08,25.11,1.77,89.79,1.98
2006-11-09,25.1,4.55,90.74,1.5
2006-11-10,25.4,6.23,89.89,2.32
2006-11-11,25.4,4.44,90.48,2.46
2006-11-12,25.23,2.97,91.33,2.25
2006-11-13,24.85,3.4,90.29,2.12
2006-11-14,25.15,2.26,90.37,2.58
2006-11-15,25.33,6.16,89.95,2.77
2006-11-16,25.05,5.06,90.63,2.79
2006-11-17,24.95,29.96,93.61,2.34
2006-11-18,25.12,14.67,91.09,1.62
2006-11-19,25.69,1.29,90.39,2.23
2006-11-20,25.75,4.97,89.86,2.48
2006-11-21,25.48,9.23,91.05,3.15
2006-11-22,24.41,2.67,92.59,2.68
2006-11-23,24.88,5.71,84.56,2.51
2006-11-24,24.75,1.4,86.1,2.49
2006-11-25,25.14,0.83,88.77,2.44
2006-11-26,25.96,10.47,89.16,2.45
2006-11-27,25.47,16.02,92.81,2.33
2006-11-28,25.59,0.76,86.57,2.75
2006-11-29,25.14,0.03,86.95,3.1
2006-11-30,24.84,0.0,86.7,3.24
2006-12-01,24.11,0.0,85.45,3.34
2006-12-02,24.1,0.3,84.58,3.27
2006-12-03,24.37,0.44,85.15,3.6
2006-12-04,24.45,0.39,85.17,3.59
2006-12-05,24.32,0.04,84.37,3.9
2006-12-06,23.11,0.0,84.1,3.22
2006-12-07,23.08,0.0,84.13,3.45
2006-12-08,23.33,0.0,83.76,3.13
2006-12-09,23.6,0.5,83.03,3.0
2006-12-10,24.21,4.34,88.43,3.46
2006-12-11,25.29,14.85,91.15,2.64
2006-12-12,25.67,3.83,88.33,2.68
2006-12-13,25.11,0.01,84.9,3.57
2006-12-14,24.45,0.0,82.71,3.91
2006-12-15,24.09,0.0,83.15,3.8
2006-12-16,23.42,0.0,80.68,4.16
2006-12-17,23.54,0.0,82.17,3.84
2006-12-18,23.59,0.0,84.79,3.51
2006-12-19,24.08,0.42,85.2,3.9
2006-12-20,23.87,1.24,85.79,3.8
2006-12-21,23.67,1.82,86.56,4.12
2006-12-22,23.99,0.06,85.42,3.88
2006-12-23,23.95,0.34,84.42,3.83
2006-12-24,23.65,0.02,85.23,3.72
2006-12-25,23.51,0.07,83.3,3.6
2006-12-26,23.5,0.03,80.17,3.47
2006-12-27,23.81,0.0,81.56,3.32
2006-12-28,23.52,0.0,77.89,3.15
2006-12-29,23.02,0.0,77.51,3.08
2006-12-30,22.45,0.0,77.45,2.58
2006-12-31,22.92,0.01,77.38,2.57
2007-01-01,23.6,0.01,78.37,2.46
2007-01-02,23.24,0.0,73.36,2.82
2007-01-03,22.92,0.0,80.15,2.47
2007-01-04,23.0,0.0,77.06,2.38
2007-01-05,23.04,0.0,78.42,2.61
2007-01-06,23.48,0.04,76.53,3.17
2007-01-07,23.79,0.0,75.96,3.42
2007-01-08,24.27,0.18,80.2,3.72
2007-01-09,25.37,0.15,78.05,4.13
2007-01-10,25.34,0.0,77.43,3.93
2007-01-11,25.62,0.0,77.14,3.73
2007-01-12,25.19,0.0,76.31,3.51
2007-01-13,24.42,0.0,73.02,3.26
2007-01-14,24.87,0.04,76.68,3.41
2007-01-15,25.79,0.02,76.99,3.22
2007-01-16,25.23,0.0,75.22,2.91
2007-01-17,24.68,0.0,73.88,2.9
2007-01-18,24.3,0.0,72.68,3.29
2007-01-19,24.6,0.0,72.27,3.22
2007-01-20,24.78,0.0,72.59,3.01
2007-01-21,24.57,0.0,73.53,2.98
2007-01-22,25.07,0.0,70.21,2.71
2007-01-23,24.71,0.0,71.72,2.71
2007-01-24,25.07,0.0,72.88,3.33
2007-01-25,25.49,0.0,70.04,3.68
2007-01-26,25.9,0.0,71.56,3.71
2007-01-27,26.01,3.26,77.68,4.16
2007-01-28,26.03,1.77,76.88,3.77
2007-01-29,26.23,0.1,73.53,3.83
2007-01-30,26.2,0.0,70.75,3.88
2007-01-31,25.96,0.0,68.25,3.56
2007-02-01,25.25,0.0,67.26,3.13
2007-02-02,25.39,0.0,71.24,3.32
2007-02-03,25.96,0.01,68.37,3.15
2007-02-04,25.84,0.0,65.93,2.85
2007-02-05,25.88,0.0,61.34,2.79
2007-02-06,25.19,0.0,65.61,2.78
2007-02-07,25.25,0.0,69.6,2.61
2007-02-08,25.5,0.0,65.86,2.7
2007-02-09,25.54,0.26,71.65,3.37
2007-02-10,26.07,0.68,73.03,3.7
2007-02-11,27.22,0.08,69.56,3.04
2007-02-12,27.87,0.0,67.6,2.06
2007-02-13,28.34,0.0,66.51,2.23
2007-02-14,28.51,0.0,64.94,2.21
2007-02-15,28.45,0.0,60.18,2.14
2007-02-16,28.09,0.0,61.58,2.48
2007-02-17,28.28,0.63,63.58,2.35
2007-02-18,27.57,1.25,68.91,2.76
2007-02-19,27.55,0.17,64.98,3.74
2007-02-20,27.25,0.0,60.27,4.25
2007-02-21,26.39,0.0,57.14,3.9
2007-02-22,25.98,0.0,58.78,3.9
2007-02-23,26.12,0.0,62.59,3.32
2007-02-24,26.74,0.37,65.52,3.11
2007-02-25,27.63,2.78,65.85,2.5
2007-02-26,28.53,0.06,63.68,2.87
2007-02-27,29.0,0.13,65.1,2.62
2007-02-28,28.86,0.0,62.97,2.99
2007-03-01,28.95,0.0,61.65,2.04
2007-03-02,29.39,0.04,61.79,2.65
2007-03-03,29.2,0.02,63.7,2.3
2007-03-04,28.79,0.0,62.62,2.97
2007-03-05,28.63,0.0,59.65,2.71
2007-03-06,28.47,0.0,60.82,2.86
2007-03-07,28.34,0.0,58.06,2.45
2007-03-08,28.46,0.05,58.21,2.54
2007-03-09,28.54,0.0,61.05,3.08
2007-03-10,28.88,0.0,62.69,3.02
2007-03-11,28.53,0.0,61.55,2.99
2007-03-12,28.14,0.0,62.86,2.86
2007-03-13,28.82,0.55,65.34,2.88
2007-03-14,29.36,0.0,61.67,3.1
2007-03-15,29.65,0.0,62.15,2.91
2007-03-16,30.04,0.04,61.35,2.83
2007-03-17,30.48,0.02,61.56,3.38
2007-03-18,29.97,0.0,54.57,2.63
2007-03-19,29.66,0.0,52.44,2.01
2007-03-20,29.89,0.0,48.48,2.12
2007-03-21,29.85,0.0,54.79,2.58
2007-03-22,29.92,0.0,56.43,2.5
2007-03-23,29.48,0.0,52.72,2.5
2007-03-24,30.46,0.0,50.22,2.13
2007-03-25,30.95,0.0,52.14,2.34
2007-03-26,31.45,0.0,52.68,2.27
2007-03-27,30.97,0.0,55.14,2.53
2007-03-28,30.99,0.0,52.57,2.6
2007-03-29,30.24,0.0,54.83,2.78
2007-03-30,29.85,0.0,56.0,3.11
2007-03-31,30.35,0.05,57.93,2.67
2007-04-01,30.1,0.18,64.13,2.3
2007-04-02,31.02,0.0,58.23,2.01
2007-04-03,31.38,0.0,54.68,2.22
2007-04-04,31.08,0.0,57.93,2.72
2007-04-05,30.57,0.32,64.26,3.37
2007-04-06,29.64,0.43,67.15,2.85
2007-04-07,30.14,1.24,64.31,2.96
2007-04-08,29.83,0.52,65.73,2.16
2007-04-09,29.07,2.14,68.01,2.43
2007-04-10,28.82,4.45,72.49,2.25
2007-04-11,28.73,1.22,72.07,1.66
2007-04-12,30.5,0.89,62.14,1.85
2007-04-13,31.07,0.56,59.99,1.97
2007-04-14,30.71,1.27,62.28,2.65
2007-04-15,30.14,0.63,62.59,2.64
2007-04-16,31.07,0.08,57.78,2.97
2007-04-17,31.75,3.33,56.69,1.95
2007-04-18,30.76,9.13,65.29,1.96
2007-04-19,31.03,0.71,61.99,2.56
2007-04-20,30.98,0.27,63.25,2.64
2007-04-21,30.9,1.15,63.94,2.29
2007-04-22,29.86,0.29,68.04,2.18
2007-04-23,30.49,6.97,66.53,1.88
2007-04-24,29.45,3.75,70.23,2.32
2007-04-25,30.65,0.09,59.72,2.36
2007-04-26,30.65,0.07,64.53,2.05
2007-04-27,29.6,0.46,71.01,1.8
2007-04-28,30.52,0.19,65.63,2.1
2007-04-29,30.53,0.36,65.93,2.64
2007-04-30,30.73,0.09,63.07,2.48
2007-05-01,31.74,0.0,58.47,2.53
2007-05-02,32.23,1.1,59.67,2.18
2007-05-03,30.89,19.55,69.06,1.65
2007-05-04,30.31,0.43,68.24,1.51
2007-05-05,29.88,1.55,71.82,2.06
2007-05-06,30.41,0.09,67.73,3.25
2007-05-07,30.95,0.01,65.73,2.78
2007-05-08,29.81,0.58,70.78,2.84
2007-05-09,29.36,2.67,73.6,3.3
2007-05-10,30.78,0.14,66.56,2.86
2007-05-11,32.64,0.0,55.84,2.74
2007-05-12,32.46,0.0,51.56,2.84
2007-05-13,31.82,0.0,55.91,2.42
2007-05-14,33.46,0.04,53.01,2.93
2007-05-15,33.19,0.0,52.35,2.09
2007-05-16,32.26,0.0,53.61,3.04
2007-05-17,32.55,0.0,49.88,3.38
2007-05-18,32.49,0.0,51.2,4.51
2007-05-19,32.25,0.0,52.4,3.88
2007-05-20,32.73,0.0,50.6,3.38
2007-05-21,32.38,0.0,54.46,3.69
2007-05-22,31.66,3.29,60.27,3.33
2007-05-23,30.53,1.33,67.75,2.7
2007-05-24,30.55,0.81,67.42,3.12
2007-05-25,29.2,0.08,69.95,1.73
2007-05-26,30.62,4.79,64.82,2.67
2007-05-27,30.01,1.78,69.0,3.01
2007-05-28,29.25,0.25,65.97,3.18
2007-05-29,29.9,0.32,60.54,3.19
2007-05-30,30.95,0.36,58.26,3.58
2007-05-31,31.83,0.0,55.56,4.06
2007-06-01,32.59,0.0,53.17,3.34
2007-06-02,33.21,0.08,50.31,2.85
2007-06-03,32.79,0.04,51.19,3.13
2007-06-04,32.73,0.0,52.98,2.23
2007-06-05,31.2,0.51,60.17,1.8
2007-06-06,31.63,0.25,58.34,2.11
2007-06-07,30.36,2.57,64.21,2.14
2007-06-08,28.89,22.5,73.86,3.37
2007-06-09,29.18,0.85,70.58,4.51
2007-06-10,30.25,0.09,66.57,3.23
2007-06-11,30.08,1.43,69.14,2.59
2007-06-12,30.32,0.22,65.22,2.43
2007-06-13,30.53,0.23,64.32,2.05
2007-06-14,28.84,0.07,71.85,2.28
2007-06-15,28.7,3.78,71.3,1.89
2007-06-16,29.51,0.18,67.49,3.1
2007-06-17,29.0,0.84,68.09,2.65
2007-06-18,28.25,0.97,72.84,3.97
2007-06-19,28.86,0.49,68.3,3.17
2007-06-20,28.7,2.54,64.86,4.13
2007-06-21,28.26,3.46,68.46,4.12
2007-06-22,27.99,1.66,74.22,5.69
2007-06-23,28.11,4.28,70.96,4.86
2007-06-24,29.91,0.32,64.57,3.53
2007-06-25,29.94,0.0,61.39,2.47
2007-06-26,30.19,0.07,61.08,1.9
2007-06-27,30.25,0.0,55.17,3.92
2007-06-28,30.29,0.13,57.37,4.39
2007-06-29,29.34,0.53,57.67,4.79
2007-06-30,29.27,0.65,65.97,5.05
2007-07-01,29.72,0.57,64.98,3.98
2007-07-02,29.92,1.54,65.72,3.94
2007-07-03,29.26,0.29,65.33,3.36
2007-07-04,29.69,0.07,63.35,3.32
2007-07-05,29.79,0.13,59.29,4.15
2007-07-06,29.11,0.32,58.77,5.22
2007-07-07,30.16,0.19,57.18,4.53
2007-07-08,30.53,0.11,55.77,3.92
2007-07-09,30.01,0.6,59.85,3.39
2007-07-10,30.32,0.52,60.82,3.78
2007-07-11,30.44,0.38,61.05,3.23
2007-07-12,30.49,0.26,60.67,3.83
2007-07-13,30.87,0.09,59.06,3.94
2007-07-14,30.76,0.03,58.62,4.24
2007-07-15,31.13,0.36,57.34,4.64
2007-07-16,29.78,3.74,64.77,3.86
2007-07-17,29.94,0.99,60.94,3.35
2007-07-18,29.47,1.99,61.97,2.77
2007-07-19,27.93,2.89,71.5,1.76
2007-07-20,27.67,4.69,74.39,3.1
2007-07-21,27.48,0.39,74.47,2.07
2007-07-22,28.99,0.3,64.4,1.9
2007-07-23,28.02,9.67,68.63,2.24
2007-07-24,27.68,1.68,76.69,2.75
2007-07-25,28.79,0.15,69.16,2.63
2007-07-26,28.65,0.22,68.9,2.21
2007-07-27,28.45,0.21,71.83,2.55
2007-07-28,28.76,0.4,69.19,2.01
2007-07-29,29.32,2.9,65.31,1.91
2007-07-30,28.39,1.25,68.01,1.74
2007-07-31,27.32,26.31,76.13,2.42
2007-08-01,27.29,1.28,75.49,3.36
2007-08-02,27.94,1.59,73.22,3.15
2007-08-03,28.0,0.05,72.05,3.88
2007-08-04,29.05,0.15,68.71,3.89
2007-08-05,28.95,0.61,67.11,4.86
2007-08-06,28.35,0.32,67.21,4.51
2007-08-07,29.4,0.04,63.03,3.89
2007-08-08,29.92,1.21,62.77,3.9
2007-08-09,28.62,0.89,68.32,3.65
2007-08-10,28.93,0.59,65.37,2.81
2007-08-11,29.64,0.06,58.95,2.55
2007-08-12,29.45,0.21,61.34,2.44
2007-08-13,30.1,0.04,56.33,2.38
2007-08-14,29.77,0.0,57.87,1.94
2007-08-15,29.59,1.15,62.11,2.15
2007-08-16,28.59,11.15,73.57,1.75
2007-08-17,28.68,3.53,74.77,2.08
2007-08-18,29.02,4.32,70.81,1.7
2007-08-19,29.5,0.15,64.76,2.23
2007-08-20,29.67,4.88,62.97,2.29
2007-08-21,28.01,2.9,74.51,2.02
2007-08-22,28.64,0.07,63.95,1.87
2007-08-23,28.13,22.95,71.24,1.22
2007-08-24,27.27,12.25,78.73,1.6
2007-08-25,27.77,0.44,75.82,1.98
2007-08-26,27.97,5.21,75.34,3.62
2007-08-27,28.94,0.11,69.07,3.23
2007-08-28,28.75,1.6,72.01,3.02
2007-08-29,28.16,6.15,76.61,2.59
2007-08-30,28.11,0.91,73.59,2.18
2007-08-31,28.68,0.38,67.95,2.85
2007-09-01,28.22,0.14,67.89,3.02
2007-09-02,28.22,0.17,69.43,3.36
2007-09-03,27.8,0.0,72.86,2.93
2007-09-04,28.6,1.26,68.9,2.96
2007-09-05,28.42,1.51,72.22,2.59
2007-09-06,28.45,0.24,70.18,2.04
2007-09-07,28.98,0.04,67.81,1.58
2007-09-08,28.12,0.14,73.28,1.06
2007-09-09,27.58,13.45,77.86,1.72
2007-09-10,27.83,4.53,76.02,2.05
2007-09-11,28.08,2.49,75.95,2.92
2007-09-12,28.46,0.74,73.97,3.35
2007-09-13,28.09,7.88,77.2,2.85
2007-09-14,27.86,1.67,75.72,2.56
2007-09-15,28.7,1.24,70.96,2.78
2007-09-16,29.01,7.01,72.41,2.28
2007-09-17,28.02,4.4,77.03,2.51
2007-09-18,27.92,0.65,69.27,4.12
2007-09-19,28.16,0.44,68.66,3.94
2007-09-20,28.98,0.39,68.29,3.41
2007-09-21,29.21,1.0,67.15,3.26
2007-09-22,28.86,0.63,69.81,3.85
2007-09-23,28.8,0.48,69.24,3.5
2007-09-24,28.86,0.62,67.55,4.02
2007-09-25,29.32,0.49,68.65,3.59
2007-09-26,29.44,0.04,65.98,1.62
2007-09-27,28.56,1.81,72.83,1.59
2007-09-28,27.37,1.35,78.4,2.18
2007-09-29,29.1,0.07,67.56,3.1
2007-09-30,29.63,0.4,64.45,2.28
2007-10-01,28.22,0.28,70.97,3.89
2007-10-02,28.54,0.24,65.88,2.79
2007-10-03,29.73,0.01,62.22,2.06
2007-10-04,30.2,0.01,60.68,2.0
2007-10-05,28.93,0.0,61.62,2.73
2007-10-06,28.55,0.01,61.51,3.05
2007-10-07,29.15,0.84,62.07,3.64
2007-10-08,29.42,0.01,58.71,2.44
2007-10-09,29.7,0.0,58.35,2.22
2007-10-10,29.72,0.27,61.73,2.35
2007-10-11,28.71,1.87,70.12,2.15
2007-10-12,28.41,0.42,72.2,1.66
2007-10-13,28.4,6.0,73.98,1.42
2007-10-14,27.64,1.93,75.1,1.02
2007-10-15,28.08,1.44,71.64,1.59
2007-10-16,28.6,0.41,68.42,1.61
2007-10-17,27.29,6.51,76.41,1.74
2007-10-18,25.71,8.83,84.41,0.6
2007-10-19,25.64,21.53,85.2,1.02
2007-10-20,26.47,6.35,81.11,2.48
2007-10-21,25.9,11.02,82.48,1.32
2007-10-22,26.1,11.35,82.57,1.91
2007-10-23,24.52,37.12,90.68,4.34
2007-10-24,25.36,27.89,88.45,2.24
2007-10-25,25.74,10.34,88.75,2.15
2007-10-26,25.29,16.26,88.34,1.69
2007-10-27,26.03,9.68,81.55,0.85
2007-10-28,25.63,2.33,84.92,2.18
2007-10-29,26.14,2.55,82.87,2.04
2007-10-30,26.84,6.47,82.1,2.34
2007-10-31,26.47,1.13,81.43,1.37
2007-11-01,26.61,1.08,80.56,0.96
2007-11-02,26.17,1.59,83.17,1.45
2007-11-03,25.89,5.03,85.8,2.0
2007-11-04,25.43,3.99,90.95,2.05
2007-11-05,25.88,1.17,84.25,1.32
2007-11-06,25.82,5.96,85.02,1.15
2007-11-07,26.37,1.21,83.4,0.72
2007-11-08,26.17,2.45,83.48,2.01
2007-11-09,26.03,0.45,79.78,1.71
2007-11-10,25.81,1.49,81.39,2.34
2007-11-11,25.58,2.19,82.64,3.18
2007-11-12,25.59,5.47,82.56,3.18
2007-11-13,25.23,0.49,76.31,3.22
2007-11-14,24.1,0.02,73.87,3.16
2007-11-15,23.58,0.0,72.46,2.17
2007-11-16,23.27,0.0,68.65,2.29
2007-11-17,23.25,0.0,73.29,2.67
2007-11-18,23.83,0.63,76.06,2.65
2007-11-19,25.14,4.24,87.79,2.49
2007-11-20,25.23,22.69,90.72,2.26
2007-11-21,25.58,18.28,87.14,3.42
2007-11-22,25.59,3.28,84.43,3.54
2007-11-23,25.23,0.16,79.75,3.2
2007-11-24,23.72,0.44,78.04,3.22
2007-11-25,22.33,0.4,76.78,3.23
2007-11-26,23.84,0.0,80.9,2.73
2007-11-27,25.67,0.32,81.47,2.46
2007-11-28,25.58,1.34,86.25,3.12
2007-11-29,25.45,1.47,83.47,3.54
2007-11-30,24.66,0.06,76.6,3.57
2007-12-01,24.91,0.0,79.87,3.5
2007-12-02,25.28,0.02,79.43,3.52
2007-12-03,24.71,0.03,82.72,3.52
2007-12-04,24.78,0.06,76.71,3.84
2007-12-05,24.69,0.97,79.03,4.21
2007-12-06,24.65,1.41,80.95,3.68
2007-12-07,25.03,0.39,78.34,3.35
2007-12-08,25.2,1.53,80.97,3.61
2007-12-09,25.38,0.15,79.45,3.32
2007-12-10,25.43,0.0,77.14,3.31
2007-12-11,24.99,0.54,77.37,3.51
2007-12-12,24.28,2.28,80.88,3.24
2007-12-13,23.12,18.27,90.6,4.17
2007-12-14,24.12,16.91,90.66,4.47
2007-12-15,25.07,2.14,85.44,3.88
2007-12-16,25.07,1.13,80.36,4.21
2007-12-17,24.47,13.44,84.45,4.49
2007-12-18,23.8,58.24,91.63,6.83
2007-12-19,25.06,55.93,94.1,3.34
2007-12-20,24.55,19.86,93.21,2.91
2007-12-21,24.55,3.04,91.8,2.89
2007-12-22,24.56,0.19,87.92,3.21
2007-12-23,23.8,0.03,86.78,2.89
2007-12-24,22.0,0.0,82.94,2.03
2007-12-25,21.38,0.0,77.73,1.61
2007-12-26,21.34,0.0,84.57,1.95
2007-12-27,22.81,0.0,86.76,1.99
2007-12-28,23.36,0.0,85.28,1.86
2007-12-29,23.75,0.0,84.23,1.57
2007-12-30,23.76,0.02,86.05,2.13
2007-12-31,23.4,0.0,85.69,2.38
2008-01-01,22.99,0.0,83.0,3.2
2008-01-02,22.58,0.22,81.84,3.4
2008-01-03,23.16,0.18,83.57,3.58
2008-01-04,24.32,1.49,86.66,3.02
2008-01-05,24.95,2.67,86.72,3.89
2008-01-06,23.52,0.04,81.47,3.88
2008-01-07,23.14,0.0,81.34,3.98
2008-01-08,23.37,0.0,82.03,3.86
2008-01-09,23.51,0.0,80.75,3.22
2008-01-10,23.83,0.0,81.75,2.89
2008-01-11,23.71,0.0,81.95,3.34
2008-01-12,23.68,0.0,81.24,3.56
2008-01-13,23.68,0.0,81.47,3.44
2008-01-14,23.34,0.0,81.6,2.91
2008-01-15,23.08,0.0,82.21,2.87
2008-01-16,23.58,0.0,80.55,3.2
2008-01-17,22.98,0.0,79.26,3.28
2008-01-18,22.28,0.0,76.52,2.61
2008-01-19,22.33,0.0,73.85,2.36
2008-01-20,23.03,0.0,75.32,2.37
2008-01-21,24.72,0.01,81.04,3.22
2008-01-22,25.17,0.0,79.01,2.95
2008-01-23,24.27,0.0,76.23,2.61
2008-01-24,24.32,0.0,74.17,2.01
2008-01-25,24.96,0.0,73.58,1.6
2008-01-26,25.68,0.0,71.8,1.4
2008-01-27,26.24,0.0,70.44,1.31
2008-01-28,26.3,0.0,74.06,2.18
2008-01-29,26.47,0.0,75.3,2.23
2008-01-30,27.27,0.0,71.34,1.48
2008-01-31,27.49,0.0,68.61,1.75
2008-02-01,27.08,0.0,71.47,1.76
2008-02-02,27.35,0.0,70.35,1.68
2008-02-03,26.84,0.07,71.58,2.51
2008-02-04,27.11,0.01,70.27,2.27
2008-02-05,27.03,0.0,68.6,2.73
2008-02-06,27.08,0.01,70.56,2.37
2008-02-07,27.1,0.06,74.84,2.58
2008-02-08,26.68,2.46,78.2,1.37
2008-02-09,25.62,10.76,89.33,1.84
2008-02-10,27.32,1.46,79.29,2.11
2008-02-11,26.39,3.81,83.08,1.45
2008-02-12,27.49,2.06,73.74,2.66
2008-02-13,27.61,0.15,71.56,2.68
2008-02-14,27.42,0.07,70.81,3.45
2008-02-15,27.1,0.08,69.55,3.42
2008-02-16,27.4,0.04,69.84,3.38
2008-02-17,27.42,0.0,65.2,3.51
2008-02-18,26.34,0.0,62.94,3.14
2008-02-19,25.4,0.0,64.86,2.25
2008-02-20,25.83,0.0,67.69,2.42
2008-02-21,27.08,0.0,68.56,2.79
2008-02-22,27.11,0.0,65.22,3.37
2008-02-23,26.87,0.0,64.32,2.78
2008-02-24,25.94,0.0,62.43,3.24
2008-02-25,25.7,0.0,62.8,2.76
2008-02-26,25.81,0.01,66.38,3.09
2008-02-27,26.92,0.04,65.4,4.21
2008-02-28,26.61,3.23,66.44,4.06
2008-02-29,26.84,2.27,69.33,3.72
2008-03-01,25.86,1.44,81.81,2.58
2008-03-02,27.35,0.44,72.89,2.41
2008-03-03,27.36,0.14,61.68,3.4
2008-03-04,25.43,0.15,63.03,2.1
2008-03-05,26.66,0.0,64.19,3.05
2008-03-06,26.92,0.94,66.99,3.41
2008-03-07,26.46,0.19,65.64,3.41
2008-03-08,26.64,0.0,62.32,3.33
2008-03-09,27.39,0.05,64.3,3.4
2008-03-10,27.07,5.31,68.41,2.94
2008-03-11,25.84,5.66,78.0,2.99
2008-03-12,25.1,8.75,86.13,4.79
2008-03-13,26.49,7.08,82.91,2.62
2008-03-14,26.53,2.96,82.25,2.1
2008-03-15,25.53,10.73,85.9,1.97
2008-03-16,26.87,2.7,73.35,3.02
2008-03-17,26.3,1.32,80.01,3.26
2008-03-18,26.76,3.36,81.89,2.54
2008-03-19,26.37,5.08,83.15,2.72
2008-03-20,25.34,18.15,89.2,3.04
2008-03-21,26.14,18.88,86.4,3.24
2008-03-22,26.51,20.17,87.4,2.92
2008-03-23,26.77,5.49,85.72,2.66
2008-03-24,27.11,0.45,80.38,2.21
2008-03-25,27.69,0.0,72.66,1.86
2008-03-26,27.49,0.0,74.66,1.37
2008-03-27,28.0,0.59,72.46,1.62
2008-03-28,28.54,0.54,72.3,1.69
2008-03-29,28.22,0.04,73.33,1.54
2008-03-30,27.42,19.08,80.85,1.75
2008-03-31,28.01,4.36,78.36,1.88
2008-04-01,28.54,0.25,73.92,1.78
2008-04-02,27.61,6.76,80.42,1.54
2008-04-03,28.2,1.23,75.43,1.58
2008-04-04,28.35,0.49,72.33,1.82
2008-04-05,28.29,0.25,73.08,2.21
2008-04-06,28.45,0.18,69.84,2.8
2008-04-07,27.69,2.87,76.0,2.76
2008-04-08,26.73,7.99,83.38,2.2
2008-04-09,26.89,1.52,81.13,2.06
2008-04-10,27.66,1.34,76.64,2.5
2008-04-11,27.59,0.24,73.54,1.75
2008-04-12,27.51,3.54,77.95,2.63
2008-04-13,28.03,0.68,74.83,1.81
2008-04-14,28.53,0.08,73.25,1.84
2008-04-15,28.8,0.04,71.13,1.8
2008-04-16,28.74,0.65,70.81,1.86
2008-04-17,29.17,0.22,69.93,1.94
2008-04-18,29.23,0.11,70.94,2.05
2008-04-19,30.0,0.01,65.34,2.21
2008-04-20,30.1,0.0,65.64,2.08
2008-04-21,29.96,0.0,64.71,2.17
2008-04-22,30.51,0.0,62.15,2.25
2008-04-23,30.2,0.0,63.28,2.21
2008-04-24,29.59,0.11,63.75,2.24
2008-04-25,29.17,1.07,67.06,1.98
2008-04-26,28.45,0.85,72.66,1.33
2008-04-27,29.43,0.04,69.85,2.53
2008-04-28,31.41,0.01,61.89,2.54
2008-04-29,30.5,0.28,64.85,3.37
2008-04-30,30.45,0.0,65.93,3.65
2008-05-01,30.32,0.0,68.81,3.64
2008-05-02,30.92,0.0,61.58,3.47
2008-05-03,31.38,0.52,57.14,3.29
2008-05-04,30.87,0.06,62.38,3.79
2008-05-05,30.88,0.03,62.04,4.37
2008-05-06,31.02,0.0,57.71,3.61
2008-05-07,30.03,19.81,66.39,3.15
2008-05-08,29.24,9.59,71.97,2.73
2008-05-09,30.58,0.08,62.49,2.56
2008-05-10,30.38,1.55,66.63,2.17
2008-05-11,29.83,1.07,67.98,1.67
2008-05-12,28.72,0.59,71.45,2.44
2008-05-13,29.5,0.03,66.02,4.05
2008-05-14,29.96,4.34,65.75,3.53
2008-05-15,29.65,0.32,64.16,2.34
2008-05-16,30.17,0.0,59.97,2.83
2008-05-17,31.24,0.0,58.7,2.38
2008-05-18,30.91,0.0,61.01,2.49
2008-05-19,30.29,0.08,64.48,3.21
2008-05-20,30.23,0.07,65.29,4.42
2008-05-21,30.31,0.01,66.09,3.48
2008-05-22,30.92,0.06,61.8,2.16
2008-05-23,30.19,0.01,62.04,2.77
2008-05-24,29.18,0.13,68.02,2.13
2008-05-25,30.4,0.88,62.54,3.06
2008-05-26,29.16,0.46,69.21,2.51
2008-05-27,30.01,0.0,66.38,2.35
2008-05-28,29.71,1.73,68.51,3.15
2008-05-29,29.2,0.93,70.89,3.8
2008-05-30,29.42,7.61,69.95,3.47
2008-05-31,28.16,0.12,74.11,1.99
2008-06-01,29.67,0.73,66.55,2.56
2008-06-02,30.02,0.27,63.75,3.17
2008-06-03,29.93,1.58,64.73,3.36
2008-06-04,30.46,1.28,60.09,3.46
2008-06-05,29.75,0.19,61.62,3.07
2008-06-06,29.5,0.17,62.05,2.78
2008-06-07,28.0,3.07,68.55,3.0
2008-06-08,28.17,1.17,72.71,2.22
2008-06-09,27.3,0.31,75.1,3.43
2008-06-10,28.99,0.09,63.54,1.8
2008-06-11,30.27,0.09,59.02,3.05
2008-06-12,29.41,0.0,63.2,3.38
2008-06-13,29.67,0.01,61.27,3.54
2008-06-14,30.36,0.01,57.8,4.63
2008-06-15,30.6,0.0,55.34,4.21
2008-06-16,29.73,0.18,60.02,4.07
2008-06-17,30.93,0.05,57.08,3.65
2008-06-18,30.84,0.15,55.89,3.39
2008-06-19,31.02,0.01,57.04,3.08
2008-06-20,31.0,0.13,58.14,2.48
2008-06-21,31.19,1.34,56.73,2.57
2008-06-22,31.11,0.76,55.92,2.63
2008-06-23,29.96,0.01,58.76,3.64
2008-06-24,31.24,0.01,52.33,3.84
2008-06-25,30.29,0.01,57.66,4.22
2008-06-26,30.37,0.0,54.14,3.73
2008-06-27,31.05,0.15,56.54,4.24
2008-06-28,29.97,0.67,61.57,4.13
2008-06-29,29.71,0.26,59.71,3.94
2008-06-30,30.85,0.36,55.78,3.26
2008-07-01,29.05,0.64,60.6,3.11
2008-07-02,31.31,0.01,50.75,2.0
2008-07-03,31.85,0.0,49.24,3.15
2008-07-04,30.33,0.0,57.34,2.21
2008-07-05,31.52,0.0,53.25,2.45
2008-07-06,31.75,0.05,53.01,2.13
2008-07-07,30.93,0.0,50.25,4.28
2008-07-08,31.17,0.01,45.45,3.94
2008-07-09,31.45,0.09,46.59,3.96
2008-07-10,31.21,0.2,47.02,3.01
2008-07-11,31.44,0.17,48.15,3.42
2008-07-12,31.36,0.02,48.27,2.26
2008-07-13,31.59,0.0,50.43,1.86
2008-07-14,30.66,0.09,59.24,2.16
2008-07-15,29.96,1.09,65.42,3.58
2008-07-16,29.99,0.12,61.3,3.58
2008-07-17,30.32,0.45,59.3,2.52
2008-07-18,29.79,20.85,67.36,1.72
2008-07-19,28.21,1.03,70.73,1.48
2008-07-20,27.81,66.9,76.04,1.27
2008-07-21,26.43,9.95,86.39,1.9
2008-07-22,27.05,0.22,79.24,1.48
2008-07-23,28.21,0.18,74.42,1.78
2008-07-24,27.54,0.26,74.08,3.07
2008-07-25,28.4,0.06,66.42,3.75
2008-07-26,28.58,0.46,67.46,4.21
2008-07-27,27.1,1.83,73.66,4.95
2008-07-28,26.26,0.71,77.27,5.17
2008-07-29,27.31,0.66,70.5,4.29
2008-07-30,27.56,0.27,68.77,3.77
2008-07-31,28.53,0.52,66.47,3.03
2008-08-01,29.19,0.16,65.75,2.2
2008-08-02,28.92,0.0,68.42,1.87
2008-08-03,28.81,0.06,69.73,1.6
2008-08-04,28.82,0.01,68.42,2.26
2008-08-05,29.02,0.05,68.63,2.29
2008-08-06,29.58,0.0,64.72,2.18
2008-08-07,29.44,0.05,62.15,3.17
2008-08-08,28.8,0.13,65.34,4.53
2008-08-09,28.65,0.07,63.95,4.82
2008-08-10,29.03,0.1,63.96,4.4
2008-08-11,28.26,0.79,65.33,4.72
2008-08-12,27.6,0.65,72.62,3.2
2008-08-13,28.59,0.74,63.9,2.8
2008-08-14,28.97,3.15,66.39,1.49
2008-08-15,27.86,1.85,73.32,2.47
2008-08-16,28.66,4.86,68.14,2.0
2008-08-17,28.04,9.64,74.65,1.38
2008-08-18,27.62,7.63,78.75,1.6
2008-08-19,28.19,1.37,73.82,1.59
2008-08-20,28.57,1.21,71.31,1.94
2008-08-21,28.57,2.82,69.6,2.7
2008-08-22,29.04,0.18,64.48,2.48
2008-08-23,29.48,1.46,63.54,2.17
2008-08-24,27.77,1.87,71.85,1.53
2008-08-25,28.13,4.8,73.59,1.42
2008-08-26,27.41,68.54,77.62,1.69
2008-08-27,27.06,14.15,80.78,1.1
2008-08-28,27.49,0.53,79.01,1.47
2008-08-29,27.59,2.17,80.41,1.61
2008-08-30,27.15,3.76,83.42,2.32
2008-08-31,26.83,2.74,83.98,3.1
2008-09-01,26.71,3.14,83.31,1.99
2008-09-02,28.15,0.34,76.68,2.02
2008-09-03,27.6,0.87,79.46,2.5
2008-09-04,27.7,0.07,80.0,2.12
2008-09-05,27.09,0.59,82.68,1.71
2008-09-06,27.79,8.3,80.86,2.44
2008-09-07,26.68,2.44,82.92,2.64
2008-09-08,26.6,5.41,79.14,2.97
2008-09-09,27.82,0.54,73.7,3.71
2008-09-10,27.45,0.78,74.8,4.12
2008-09-11,27.44,0.8,75.12,3.7
2008-09-12,27.29,0.06,69.33,3.33
2008-09-13,27.81,0.0,75.31,2.7
2008-09-14,28.77,0.33,70.47,2.58
2008-09-15,28.38,0.01,68.99,2.53
2008-09-16,28.1,0.0,68.87,3.01
2008-09-17,28.64,0.0,67.59,2.06
2008-09-18,29.28,0.0,63.55,1.64
2008-09-19,29.13,0.75,64.4,1.93
2008-09-20,28.6,0.56,72.42,2.44
2008-09-21,28.15,0.03,73.48,2.52
2008-09-22,28.98,0.0,70.89,2.99
2008-09-23,29.45,0.0,66.63,2.61
2008-09-24,29.45,0.0,67.67,3.05
2008-09-25,29.59,0.0,64.97,2.66
2008-09-26,29.28,0.0,64.11,1.53
2008-09-27,29.26,6.05,68.17,1.22
2008-09-28,28.21,0.08,68.99,1.97
2008-09-29,29.2,0.0,65.64,1.8
2008-09-30,29.58,0.0,62.4,2.12
2008-10-01,29.94,0.0,63.89,1.94
2008-10-02,30.07,0.0,61.0,1.99
2008-10-03,29.59,0.11,60.85,2.25
2008-10-04,29.63,0.04,62.01,2.56
2008-10-05,29.5,0.01,63.52,2.55
2008-10-06,29.45,0.27,65.42,1.97
2008-10-07,29.5,0.5,66.55,3.17
2008-10-08,29.73,0.23,65.38,2.48
2008-10-09,29.98,0.01,63.63,2.54
2008-10-10,29.68,0.2,64.82,2.01
2008-10-11,28.85,2.76,69.1,2.47
2008-10-12,27.17,6.11,76.68,3.18
2008-10-13,26.72,7.31,82.92,3.28
2008-10-14,26.99,16.59,87.36,2.96
2008-10-15,26.76,9.07,86.08,2.5
2008-10-16,27.14,4.06,80.88,1.9
2008-10-17,26.9,3.46,82.45,2.91
2008-10-18,26.86,3.46,84.28,2.54
2008-10-19,26.96,9.8,82.54,2.33
2008-10-20,26.99,19.71,84.19,2.27
2008-10-21,26.27,29.22,89.64,1.14
2008-10-22,26.37,34.51,88.37,2.47
2008-10-23,25.55,10.46,88.04,2.87
2008-10-24,26.35,2.6,85.31,3.1
2008-10-25,26.59,3.45,85.71,3.07
2008-10-26,26.7,0.22,84.22,2.34
2008-10-27,26.82,0.0,77.24,1.63
2008-10-28,25.99,0.0,73.29,1.79
2008-10-29,25.18,0.0,72.63,1.79
2008-10-30,25.37,0.0,74.17,2.07
2008-10-31,25.07,0.0,67.52,1.71
2008-11-01,25.65,0.0,67.17,1.28
2008-11-02,24.72,0.0,68.47,1.94
2008-11-03,25.24,0.0,62.58,1.54
2008-11-04,25.27,0.0,66.72,1.9
2008-11-05,25.12,0.0,67.93,2.24
2008-11-06,25.56,0.39,72.63,2.21
2008-11-07,26.59,0.21,76.02,2.71
2008-11-08,27.09,1.66,77.11,3.04
2008-11-09,27.39,1.25,75.07,2.94
2008-11-10,27.07,1.13,78.49,3.15
2008-11-11,26.61,0.23,71.96,3.45
2008-11-12,25.73,3.7,75.01,2.96
2008-11-13,26.1,1.57,77.65,1.8
2008-11-14,27.33,0.0,71.65,1.49
2008-11-15,27.84,0.0,70.4,1.36
2008-11-16,27.54,0.0,67.26,1.77
2008-11-17,27.4,0.97,73.69,1.92
2008-11-18,27.75,1.82,76.76,2.53
2008-11-19,26.2,7.88,88.53,2.78
2008-11-20,26.25,7.16,88.94,2.9
2008-11-21,26.08,2.08,85.23,2.94
2008-11-22,24.87,3.7,88.96,3.34
2008-11-23,25.21,29.35,88.88,3.69
2008-11-24,24.71,37.26,91.05,3.78
2008-11-25,24.64,44.12,89.65,5.12
2008-11-26,23.88,54.97,92.54,5.87
2008-11-27,24.7,74.04,91.92,3.72
2008-11-28,25.97,12.39,91.42,2.32
2008-11-29,25.85,1.22,90.51,2.07
2008-11-30,25.42,0.47,91.9,3.12
2008-12-01,25.69,0.38,87.78,2.22
2008-12-02,24.52,0.01,84.68,2.24
2008-12-03,23.31,0.0,83.91,1.94
2008-12-04,23.09,0.0,86.03,2.23
2008-12-05,23.3,0.0,86.55,3.05
2008-12-06,23.66,9.57,86.83,3.46
2008-12-07,24.25,6.37,87.75,3.83
2008-12-08,25.01,7.22,93.66,3.47
2008-12-09,25.28,5.14,93.85,2.92
2008-12-10,24.72,3.57,93.41,2.7
2008-12-11,24.18,0.0,86.81,2.88
2008-12-12,23.83,0.0,87.64,2.64
2008-12-13,24.51,0.89,88.91,2.86
2008-12-14,24.62,4.76,88.63,3.74
2008-12-15,24.44,8.78,90.15,3.66
2008-12-16,24.35,1.05,88.97,3.27
2008-12-17,24.28,0.0,86.43,4.03
2008-12-18,23.71,1.77,88.23,4.13
2008-12-19,23.98,0.31,87.2,3.72
2008-12-20,24.02,0.2,86.17,2.96
2008-12-21,23.91,0.27,85.31,2.71
2008-12-22,22.73,0.0,82.75,2.54
2008-12-23,22.83,0.28,85.74,3.19
2008-12-24,23.85,0.41,87.88,2.78
2008-12-25,24.11,0.51,86.54,3.24
2008-12-26,23.2,0.24,83.94,2.18
2008-12-27,22.44,0.0,82.84,2.22
2008-12-28,21.89,0.0,81.84,2.13
2008-12-29,21.62,0.0,82.53,2.57
2008-12-30,22.09,0.0,80.61,2.6
2008-12-31,21.83,0.0,79.25,2.49
2009-01-01,22.93,0.0,80.08,2.73
2009-01-02,23.16,0.03,81.0,2.67
2009-01-03,23.0,0.01,81.69,2.68
2009-01-04,22.82,0.0,79.4,2.7
2009-01-05,23.0,0.0,78.57,2.6
2009-01-06,22.98,0.1,80.35,2.24
2009-01-07,23.81,1.27,87.64,2.7
2009-01-08,24.71,0.07,81.65,2.86
2009-01-09,23.46,0.16,87.66,3.29
2009-01-10,24.28,0.01,80.98,3.62
2009-01-11,24.32,0.21,81.89,3.5
2009-01-12,23.63,0.13,80.97,3.64
2009-01-13,24.05,0.19,75.28,3.91
2009-01-14,24.14,0.28,75.39,3.98
2009-01-15,24.07,3.72,80.53,4.27
2009-01-16,23.82,0.13,76.04,3.65
2009-01-17,24.06,0.0,76.33,3.5
2009-01-18,23.97,0.0,75.17,3.26
2009-01-19,23.71,0.0,77.24,3.5
2009-01-20,23.37,0.0,73.63,3.46
2009-01-21,23.18,0.0,74.7,2.91
2009-01-22,22.98,0.0,77.7,2.5
2009-01-23,23.01,0.0,78.05,2.59
2009-01-24,23.77,0.0,73.84,2.77
2009-01-25,24.97,0.0,72.86,2.92
2009-01-26,25.02,2.16,80.43,3.06
2009-01-27,25.9,0.63,81.35,2.61
2009-01-28,26.42,0.07,79.9,2.38
2009-01-29,25.74,0.0,75.03,2.47
2009-01-30,24.52,0.0,71.59,2.22
2009-01-31,24.24,0.0,71.53,2.41
2009-02-01,24.48,0.0,72.1,2.11
2009-02-02,24.3,0.0,71.7,2.3
2009-02-03,24.95,0.0,73.25,2.3
2009-02-04,25.42,0.0,69.49,2.31
2009-02-05,24.87,0.0,65.14,2.57
2009-02-06,24.54,0.0,68.64,2.84
2009-02-07,24.86,0.0,71.33,3.0
2009-02-08,25.16,0.0,69.29,3.26
2009-02-09,24.84,0.0,66.36,3.46
2009-02-10,24.42,0.0,64.91,2.75
2009-02-11,24.68,0.0,63.94,2.2
2009-02-12,25.72,0.0,62.05,1.74
2009-02-13,26.09,0.0,63.42,1.89
2009-02-14,26.05,0.0,63.3,2.19
2009-02-15,25.72,0.0,60.65,2.39
2009-02-16,25.26,0.0,66.45,2.63
2009-02-17,25.79,0.0,67.95,3.58
2009-02-18,25.61,0.0,65.25,3.41
2009-02-19,25.68,0.0,68.0,3.55
2009-02-20,26.71,0.0,70.69,3.53
2009-02-21,27.77,0.0,69.04,3.52
2009-02-22,28.01,0.0,70.29,3.19
2009-02-23,28.44,0.0,68.86,2.57
2009-02-24,29.06,0.0,64.76,1.85
2009-02-25,29.47,0.0,60.21,1.83
2009-02-26,29.27,0.0,62.2,1.81
2009-02-27,28.76,0.0,59.24,1.84
2009-02-28,28.32,0.0,54.65,1.65
2009-03-01,28.98,0.0,52.38,1.95
2009-03-02,29.34,0.0,55.39,2.01
2009-03-03,29.0,0.0,55.4,1.98
2009-03-04,29.13,0.03,53.31,1.91
2009-03-05,29.39,0.0,48.88,1.52
2009-03-06,29.53,0.0,49.98,1.96
2009-03-07,29.04,0.0,55.76,2.3
2009-03-08,28.84,0.0,60.16,2.43
2009-03-09,26.72,8.35,68.42,4.1
2009-03-10,24.63,6.91,75.64,5.03
2009-03-11,26.42,5.34,83.02,3.01
2009-03-12,27.6,1.77,71.17,1.61
2009-03-13,27.2,1.1,73.9,1.6
2009-03-14,27.27,2.74,73.93,2.26
2009-03-15,28.13,0.48,69.34,2.06
2009-03-16,28.72,0.08,63.35,2.13
2009-03-17,28.08,0.0,60.2,1.85
2009-03-18,28.56,0.0,59.29,1.97
2009-03-19,29.2,0.0,58.59,1.8
2009-03-20,29.27,0.0,57.29,1.78
2009-03-21,29.56,0.0,55.34,2.15
2009-03-22,29.52,0.22,60.32,2.28
2009-03-23,29.03,0.13,62.74,2.58
2009-03-24,29.16,0.27,63.24,2.74
2009-03-25,29.46,0.01,60.74,2.6
2009-03-26,30.06,0.0,58.63,2.19
2009-03-27,30.72,0.13,56.48,2.25
2009-03-28,30.59,0.01,59.0,2.54
2009-03-29,30.2,0.52,58.67,2.29
2009-03-30,30.27,0.41,56.75,2.3
2009-03-31,30.33,0.0,56.14,2.35
2009-04-01,30.75,0.0,56.83,2.5
2009-04-02,30.34,0.02,58.61,2.5
2009-04-03,30.53,0.06,58.62,2.65
2009-04-04,30.72,0.13,59.13,2.63
2009-04-05,30.63,1.61,61.09,2.0
2009-04-06,30.89,0.45,60.57,1.8
2009-04-07,30.83,0.31,61.96,2.3
2009-04-08,30.59,0.1,61.4,2.04
2009-04-09,29.96,0.8,63.18,2.61
2009-04-10,28.6,7.6,70.23,3.04
2009-04-11,26.81,18.27,75.25,1.81
2009-04-12,28.29,1.32,60.77,1.38
2009-04-13,31.11,0.53,57.74,1.67
2009-04-14,31.69,0.22,54.72,3.02
2009-04-15,32.54,0.0,55.93,2.08
2009-04-16,31.41,0.0,61.06,2.13
2009-04-17,30.71,0.0,64.98,2.94
2009-04-18,31.38,0.0,61.31,3.16
2009-04-19,31.25,0.21,61.42,4.07
2009-04-20,30.82,0.57,63.02,2.5
2009-04-21,30.7,0.07,65.04,2.45
2009-04-22,30.83,0.0,63.09,2.51
2009-04-23,31.64,0.0,61.32,2.81
2009-04-24,31.79,0.0,61.8,2.65
2009-04-25,31.52,0.0,63.05,2.6
2009-04-26,31.33,0.0,63.51,2.64
2009-04-27,31.01,0.0,63.65,2.32
2009-04-28,31.52,0.01,59.43,2.72
2009-04-29,31.98,0.01,58.65,3.32
2009-04-30,32.3,0.02,56.92,3.49
2009-05-01,32.92,0.0,55.77,2.94
2009-05-02,33.29,0.0,57.06,2.76
2009-05-03,32.51,0.0,59.53,2.75
2009-05-04,32.5,0.51,57.95,3.8
2009-05-05,32.44,0.02,56.14,2.84
2009-05-06,32.95,0.0,54.84,2.54
2009-05-07,33.48,0.0,49.92,2.55
2009-05-08,32.44,1.36,56.65,2.86
2009-05-09,32.81,0.28,53.82,1.96
2009-05-10,33.71,0.0,49.67,1.9
2009-05-11,34.0,0.0,49.81,2.56
2009-05-12,33.78,0.31,52.32,2.76
2009-05-13,33.67,0.02,51.75,2.06
2009-05-14,32.71,0.0,53.5,2.77
2009-05-15,30.24,8.32,62.76,2.56
2009-05-16,30.66,1.0,59.75,2.47
2009-05-17,31.18,0.03,57.91,2.16
2009-05-18,31.16,2.02,60.56,1.73
2009-05-19,29.11,3.7,70.28,1.58
2009-05-20,28.66,2.27,65.63,3.02
2009-05-21,28.17,0.08,70.81,2.15
2009-05-22,29.78,0.3,65.79,2.84
2009-05-23,30.97,0.44,61.15,3.13
2009-05-24,30.29,1.15,60.98,3.83
2009-05-25,30.19,1.4,61.0,4.63
2009-05-26,29.86,0.33,66.59,4.07
2009-05-27,30.49,0.01,59.55,3.51
2009-05-28,31.47,0.0,58.9,2.84
2009-05-29,32.53,0.15,53.77,2.65
2009-05-30,30.91,1.5,62.13,2.16
2009-05-31,29.67,0.09,66.55,2.56
2009-06-01,31.7,0.04,56.8,3.41
2009-06-02,32.04,0.0,50.64,3.08
2009-06-03,33.41,0.01,47.61,3.54
2009-06-04,33.45,0.03,47.56,4.09
2009-06-05,31.95,0.54,52.03,4.9
2009-06-06,29.53,1.16,59.53,5.86
2009-06-07,30.08,0.84,53.39,5.13
2009-06-08,31.45,0.14,54.68,4.93
2009-06-09,32.6,0.07,49.06,3.47
2009-06-10,32.16,0.0,53.91,3.06
2009-06-11,29.36,2.45,62.61,2.74
2009-06-12,31.03,0.68,59.61,2.93
2009-06-13,31.21,0.02,56.24,2.91
2009-06-14,31.87,0.0,53.19,3.35
2009-06-15,31.46,0.09,54.85,4.04
2009-06-16,31.33,0.11,55.81,5.34
2009-06-17,31.22,0.19,56.82,4.4
2009-06-18,29.33,8.52,65.71,4.44
2009-06-19,28.12,0.85,72.68,4.36
2009-06-20,29.55,0.13,64.7,4.39
2009-06-21,29.7,0.16,64.3,3.91
2009-06-22,29.26,0.07,67.64,3.73
2009-06-23,29.92,0.23,62.82,3.7
2009-06-24,30.39,0.1,57.09,3.53
2009-06-25,30.75,0.36,51.39,4.22
2009-06-26,29.52,0.09,56.11,4.37
2009-06-27,30.27,0.08,53.07,3.75
2009-06-28,31.53,0.06,48.14,3.87
2009-06-29,31.47,1.85,53.08,2.79
2009-06-30,30.79,1.16,55.87,3.83
2009-07-01,29.52,0.47,59.24,4.44
2009-07-02,29.65,1.03,59.46,4.55
2009-07-03,29.75,0.35,59.68,3.69
2009-07-04,28.72,0.18,64.35,4.0
2009-07-05,29.43,0.69,58.89,4.02
2009-07-06,29.46,0.15,60.4,4.2
2009-07-07,29.07,0.04,61.72,3.38
2009-07-08,30.69,0.96,54.05,3.82
2009-07-09,29.61,0.35,57.2,4.25
2009-07-10,31.22,0.01,49.16,2.87
2009-07-11,30.64,0.0,55.43,2.91
2009-07-12,30.93,0.15,53.42,3.77
2009-07-13,31.27,0.22,52.08,4.69
2009-07-14,30.37,0.04,54.71,5.09
2009-07-15,29.41,0.79,55.52,5.6
2009-07-16,29.21,1.41,60.94,5.07
2009-07-17,27.83,1.88,71.06,5.01
2009-07-18,29.51,0.11,60.13,4.5
2009-07-19,29.96,0.03,55.63,4.55
2009-07-20,31.04,0.08,51.73,4.66
2009-07-21,30.9,0.0,49.71,4.43
2009-07-22,30.99,0.0,48.64,4.1
2009-07-23,31.32,0.03,48.14,3.43
2009-07-24,31.1,0.0,48.05,2.08
2009-07-25,32.28,0.0,48.43,2.15
2009-07-26,31.53,0.01,50.1,2.34
2009-07-27,31.73,0.08,51.08,2.88
2009-07-28,31.26,0.13,54.15,3.03
2009-07-29,31.28,0.9,54.99,2.71
2009-07-30,31.61,0.06,50.11,2.46
2009-07-31,30.88,2.71,55.22,2.87
2009-08-01,30.76,0.13,52.9,4.11
2009-08-02,31.19,0.0,51.44,3.62
2009-08-03,32.24,0.0,50.38,3.06
2009-08-04,31.76,0.08,51.56,3.8
2009-08-05,31.79,0.03,51.27,3.9
2009-08-06,32.06,0.0,51.24,2.93
2009-08-07,32.09,0.0,49.18,2.73
2009-08-08,31.94,0.0,50.48,2.7
2009-08-09,32.64,0.0,48.78,2.45
2009-08-10,32.48,0.66,50.07,3.01
2009-08-11,31.86,0.48,53.26,1.8
2009-08-12,31.92,0.74,52.02,1.69
2009-08-13,30.44,17.4,60.0,1.46
2009-08-14,29.59,1.68,67.73,1.54
2009-08-15,28.85,0.18,64.45,2.26
2009-08-16,29.05,15.79,65.1,1.55
2009-08-17,27.15,3.47,73.34,1.86
2009-08-18,28.4,3.22,69.18,2.58
2009-08-19,28.48,0.5,69.01,2.29
2009-08-20,27.27,2.84,75.9,1.38
2009-08-21,27.33,1.01,74.5,3.67
2009-08-22,27.78,0.21,70.48,4.18
2009-08-23,28.65,4.51,68.48,4.39
2009-08-24,29.35,0.33,65.32,3.91
2009-08-25,29.79,0.04,61.15,3.68
2009-08-26,28.97,0.28,63.97,3.45
2009-08-27,29.29,0.08,61.91,3.26
2009-08-28,29.87,0.01,61.23,3.24
2009-08-29,30.39,0.1,58.72,2.53
2009-08-30,30.39,0.03,58.65,1.87
2009-08-31,28.91,0.59,65.59,2.05
2009-09-01,28.97,0.68,67.24,2.42
2009-09-02,28.8,0.55,64.5,3.46
2009-09-03,29.39,0.1,61.28,3.39
2009-09-04,29.15,0.17,60.07,4.58
2009-09-05,30.03,0.09,58.26,5.21
2009-09-06,29.79,0.33,60.02,4.85
2009-09-07,30.63,0.0,58.85,4.27
2009-09-08,31.21,0.0,55.64,3.26
2009-09-09,31.37,0.0,55.16,2.39
2009-09-10,30.61,0.0,56.27,2.08
2009-09-11,31.49,0.0,57.22,2.17
2009-09-12,31.43,2.04,58.09,2.39
2009-09-13,31.42,0.52,59.02,2.28
2009-09-14,31.63,0.08,57.97,1.97
2009-09-15,31.58,1.48,53.49,1.92
2009-09-16,30.11,14.61,66.9,1.78
2009-09-17,28.27,4.59,76.06,1.97
2009-09-18,28.77,5.85,71.42,2.48
2009-09-19,28.86,0.45,69.17,1.66
2009-09-20,29.09,1.66,66.46,1.96
2009-09-21,29.78,0.11,67.49,1.61
2009-09-22,29.14,0.48,68.08,2.91
2009-09-23,29.38,1.23,68.3,2.74
2009-09-24,27.79,0.06,72.51,2.03
2009-09-25,29.48,6.81,64.81,2.27
2009-09-26,29.35,3.54,64.95,2.74
2009-09-27,29.23,0.62,66.54,2.68
2009-09-28,29.69,0.17,67.65,2.81
2009-09-29,30.04,0.01,61.16,3.79
2009-09-30,29.87,0.03,61.23,3.96
2009-10-01,29.38,0.54,61.84,4.8
2009-10-02,27.51,0.4,72.78,4.97
2009-10-03,29.41,0.36,61.87,5.61
2009-10-04,30.13,0.0,59.98,4.11
2009-10-05,30.33,0.0,57.17,3.34
2009-10-06,30.14,0.0,55.78,2.04
2009-10-07,30.66,0.0,56.72,1.61
2009-10-08,30.31,4.85,60.27,1.49
2009-10-09,30.31,0.04,62.94,1.77
2009-10-10,30.0,1.46,63.42,1.62
2009-10-11,29.79,1.82,65.09,2.22
2009-10-12,29.17,1.34,65.93,2.57
2009-10-13,28.55,0.17,67.82,1.74
2009-10-14,29.53,0.01,62.4,1.82
2009-10-15,29.96,0.0,58.74,1.82
2009-10-16,30.72,0.0,52.7,1.65
2009-10-17,31.02,0.0,54.52,1.75
2009-10-18,31.14,0.28,54.87,2.2
2009-10-19,30.61,0.3,58.08,2.09
2009-10-20,30.77,0.01,55.06,2.23
2009-10-21,30.71,0.0,53.94,2.58
2009-10-22,30.16,0.0,53.64,3.07
2009-10-23,29.8,0.0,52.77,2.88
2009-10-24,29.82,0.0,53.65,1.91
2009-10-25,30.37,0.0,53.51,2.06
2009-10-26,30.25,0.02,55.35,3.06
2009-10-27,30.14,0.74,60.23,2.41
2009-10-28,28.18,9.13,73.28,3.19
2009-10-29,26.64,19.22,83.72,3.24
2009-10-30,27.29,9.32,74.32,3.52
2009-10-31,27.03,15.27,81.82,3.19
2009-11-01,27.1,6.73,78.21,2.92
2009-11-02,27.92,2.35,73.64,4.22
2009-11-03,27.51,6.94,78.09,3.48
2009-11-04,26.16,31.97,88.23,3.26
2009-11-05,26.21,23.13,85.63,3.15
2009-11-06,25.61,12.68,87.8,2.07
2009-11-07,25.67,30.02,89.26,2.86
2009-11-08,25.79,38.26,93.35,3.6
2009-11-09,26.0,29.05,89.69,3.39
2009-11-10,26.04,5.94,84.5,2.67
2009-11-11,26.3,4.45,80.46,1.1
2009-11-12,26.9,2.8,84.11,1.01
2009-11-13,25.76,1.9,89.44,1.92
2009-11-14,25.26,28.33,90.91,2.5
2009-11-15,24.89,18.22,93.38,2.03
2009-11-16,26.03,5.77,88.4,1.41
2009-11-17,26.61,8.35,86.54,1.43
2009-11-18,26.17,4.28,87.81,0.66
2009-11-19,26.48,6.69,85.29,1.21
2009-11-20,26.11,4.87,87.29,1.69
2009-11-21,25.58,8.76,87.92,1.15
2009-11-22,25.2,13.72,92.08,2.11
2009-11-23,25.86,2.45,87.52,2.16
2009-11-24,26.21,0.14,83.78,1.18
2009-11-25,25.84,1.28,86.7,2.06
2009-11-26,25.06,0.08,82.82,2.47
2009-11-27,23.96,0.0,79.66,2.33
2009-11-28,24.33,0.54,85.05,3.0
2009-11-29,24.74,2.76,87.7,3.28
2009-11-30,24.71,3.56,88.58,3.41
2009-12-01,24.14,12.08,92.86,2.86
2009-12-02,25.01,8.39,89.8,2.75
2009-12-03,25.77,1.84,87.5,1.86
2009-12-04,25.81,0.54,86.62,2.12
2009-12-05,24.97,0.0,83.97,3.13
2009-12-06,22.91,0.0,82.18,2.57
2009-12-07,22.92,0.0,82.1,2.66
2009-12-08,24.16,0.0,84.79,3.05
2009-12-09,24.52,0.21,85.61,3.82
2009-12-10,23.32,0.11,83.85,4.08
2009-12-11,24.04,0.13,82.76,4.15
2009-12-12,24.76,8.84,88.52,4.03
2009-12-13,25.8,7.26,88.06,3.54
2009-12-14,25.62,8.25,88.66,4.26
2009-12-15,25.05,13.3,92.0,2.91
2009-12-16,25.46,7.52,85.79,1.97
2009-12-17,24.47,2.13,91.36,2.1
2009-12-18,24.55,0.21,88.01,3.06
2009-12-19,25.13,0.19,86.88,2.8
2009-12-20,25.54,2.35,87.08,3.43
2009-12-21,25.22,6.82,91.45,3.78
2009-12-22,24.82,6.72,90.8,3.29
2009-12-23,24.52,5.62,89.54,3.71
2009-12-24,24.48,3.18,87.9,3.66
2009-12-25,24.24,0.13,84.73,3.2
2009-12-26,24.3,0.06,85.33,3.14
2009-12-27,23.6,0.14,87.69,2.67
2009-12-28,24.41,0.0,85.26,2.45
2009-12-29,24.11,0.0,82.47,2.69
2009-12-30,24.13,0.0,83.9,2.34
2009-12-31,24.21,0.0,83.33,2.07
2010-01-01,24.44,0.01,83.93,2.99
2010-01-02,24.28,0.02,83.57,3.37
2010-01-03,23.72,0.13,82.38,3.25
2010-01-04,23.19,0.0,80.0,2.51
2010-01-05,22.6,0.0,80.15,2.3
2010-01-06,23.25,0.0,82.44,2.94
2010-01-07,24.08,0.23,81.8,3.23
2010-01-08,23.77,2.28,88.31,3.12
2010-01-09,24.59,3.35,90.04,2.78
2010-01-10,25.3,2.58,86.32,1.67
2010-01-11,25.72,1.33,83.48,1.78
2010-01-12,26.09,0.1,82.67,1.79
2010-01-13,26.16,0.23,82.83,2.19
2010-01-14,26.1,0.03,80.97,2.7
2010-01-15,25.19,0.0,78.15,3.44
2010-01-16,25.11,0.0,80.14,3.73
2010-01-17,25.22,0.0,77.14,3.6
2010-01-18,25.37,0.0,76.8,2.95
2010-01-19,25.29,0.0,79.29,3.07
2010-01-20,24.99,0.0,78.0,3.23
2010-01-21,23.96,0.0,72.22,3.54
2010-01-22,23.14,0.0,71.59,3.33
2010-01-23,23.33,0.0,74.9,3.36
2010-01-24,24.09,0.13,74.77,2.93
2010-01-25,24.93,0.06,77.49,2.84
2010-01-26,25.59,0.0,75.87,3.32
2010-01-27,25.68,0.01,77.59,3.39
2010-01-28,25.83,0.0,76.04,3.69
2010-01-29,24.95,0.0,75.3,3.54
2010-01-30,25.23,0.0,71.93,3.5
2010-01-31,25.49,0.0,72.03,3.26
2010-02-01,25.09,0.0,71.58,3.14
2010-02-02,24.82,0.0,70.75,3.51
2010-02-03,24.56,0.0,70.72,3.62
2010-02-04,24.18,0.0,71.9,3.13
2010-02-05,23.77,0.0,74.46,3.32
2010-02-06,24.32,0.0,72.47,3.69
2010-02-07,25.16,0.0,70.0,3.74
2010-02-08,24.93,0.0,67.2,3.45
2010-02-09,24.94,0.0,68.7,2.9
2010-02-10,25.79,0.0,70.17,2.5
2010-02-11,26.41,0.01,70.71,2.76
2010-02-12,26.98,0.0,70.8,3.09
2010-02-13,27.28,0.0,69.91,2.94
2010-02-14,26.99,0.0,68.22,2.74
2010-02-15,25.91,0.0,73.31,2.17
2010-02-16,26.91,0.02,66.92,2.52
2010-02-17,27.3,0.0,71.4,3.05
2010-02-18,27.24,0.0,66.1,1.94
2010-02-19,26.98,0.0,68.47,2.03
2010-02-20,27.16,0.0,69.83,2.13
2010-02-21,28.1,0.0,68.52,2.62
2010-02-22,28.22,0.0,66.95,2.65
2010-02-23,28.64,0.0,64.66,1.87
2010-02-24,28.67,0.0,62.41,2.26
2010-02-25,28.73,0.0,63.14,2.2
2010-02-26,29.0,0.0,61.45,2.2
2010-02-27,28.96,0.0,61.18,2.55
2010-02-28,28.75,0.0,59.45,2.34
2010-03-01,28.52,0.0,57.11,2.69
2010-03-02,27.71,0.0,55.0,2.79
2010-03-03,27.48,0.0,53.91,2.43
2010-03-04,28.45,0.0,51.62,2.08
2010-03-05,28.84,0.0,57.17,2.69
2010-03-06,29.98,0.0,63.5,2.67
2010-03-07,31.17,0.0,59.02,2.74
2010-03-08,30.14,0.0,60.96,2.48
2010-03-09,29.66,0.0,63.3,2.69
2010-03-10,29.67,0.0,63.45,3.16
2010-03-11,29.54,0.0,64.8,3.89
2010-03-12,29.44,0.0,61.64,3.7
2010-03-13,29.58,0.0,64.48,3.27
2010-03-14,30.45,0.0,56.4,2.4
2010-03-15,30.38,0.0,53.93,1.93
2010-03-16,30.07,0.0,56.71,2.14
2010-03-17,29.54,0.0,60.59,3.14
2010-03-18,29.21,0.0,62.62,3.72
2010-03-19,29.35,0.0,62.13,3.02
2010-03-20,30.33,0.0,59.38,2.55
2010-03-21,30.69,0.0,51.97,2.05
2010-03-22,30.45,0.0,56.39,1.84
2010-03-23,30.55,0.0,56.31,2.29
2010-03-24,30.64,0.0,58.09,2.02
2010-03-25,31.31,0.0,56.53,2.39
2010-03-26,31.57,0.02,57.52,2.47
2010-03-27,31.61,0.05,59.31,3.12
2010-03-28,31.5,0.01,58.03,3.12
2010-03-29,31.47,0.01,59.42,2.57
2010-03-30,32.08,0.11,58.88,3.13
2010-03-31,32.51,2.39,56.18,2.96
2010-04-01,32.83,0.03,54.7,2.9
2010-04-02,32.5,0.0,55.74,3.14
2010-04-03,31.73,0.0,61.12,2.94
2010-04-04,31.57,0.04,57.97,2.48
2010-04-05,31.31,0.57,60.3,2.1
2010-04-06,31.76,0.11,52.16,2.35
2010-04-07,31.84,0.21,55.65,2.62
2010-04-08,30.84,0.77,63.21,2.62
2010-04-09,30.93,0.03,62.95,1.8
2010-04-10,30.99,0.0,61.11,2.1
2010-04-11,32.21,0.0,58.25,3.75
2010-04-12,32.13,0.0,61.06,3.87
2010-04-13,32.78,0.01,57.83,3.53
2010-04-14,32.49,0.0,59.08,2.97
2010-04-15,32.08,0.0,60.98,2.32
2010-04-16,31.69,0.01,62.11,3.01
2010-04-17,31.32,0.13,62.4,3.17
2010-04-18,32.16,2.16,56.85,3.24
2010-04-19,32.59,0.65,56.6,3.66
2010-04-20,33.08,0.21,55.77,2.91
2010-04-21,32.85,0.05,57.76,2.85
2010-04-22,33.01,0.01,57.07,2.64
2010-04-23,32.39,0.02,62.22,3.19
2010-04-24,32.24,0.01,58.58,3.08
2010-04-25,32.22,0.09,58.19,3.35
2010-04-26,30.91,0.97,61.29,2.78
2010-04-27,31.16,1.13,58.11,2.06
2010-04-28,31.29,0.63,61.72,2.53
2010-04-29,30.53,0.58,66.48,2.24
2010-04-30,29.31,13.98,74.63,2.12
2010-05-01,30.17,2.22,66.0,1.3
2010-05-02,30.39,20.57,69.41,1.29
2010-05-03,29.39,5.41,77.13,1.28
2010-05-04,29.38,7.23,78.58,1.86
2010-05-05,31.07,0.84,70.11,2.2
2010-05-06,32.3,0.73,64.02,2.36
2010-05-07,32.07,0.12,66.07,2.51
2010-05-08,31.3,0.08,67.73,1.87
2010-05-09,30.9,0.04,66.26,2.54
2010-05-10,31.74,0.0,58.85,3.34
2010-05-11,32.12,0.0,62.49,4.01
2010-05-12,32.67,0.0,62.83,2.64
2010-05-13,32.32,0.0,62.93,2.17
2010-05-14,31.52,0.0,67.31,2.5
2010-05-15,31.04,0.1,64.39,2.14
2010-05-16,32.6,0.06,59.9,1.94
2010-05-17,31.87,6.89,64.2,2.36
2010-05-18,30.47,11.61,71.14,3.94
2010-05-19,30.2,1.4,67.1,4.28
2010-05-20,31.2,0.79,62.59,4.31
2010-05-21,31.33,0.29,61.91,3.69
2010-05-22,30.74,0.0,64.32,3.49
2010-05-23,30.67,0.16,64.26,4.37
2010-05-24,30.39,0.01,69.24,4.0
2010-05-25,31.56,0.02,59.45,3.6
2010-05-26,32.27,0.0,55.65,3.23
2010-05-27,32.48,0.08,57.5,3.57
2010-05-28,31.64,7.49,64.8,3.32
2010-05-29,31.92,0.24,62.75,3.71
2010-05-30,31.59,0.17,60.23,3.35
2010-05-31,31.43,0.01,54.39,2.81
2010-06-01,31.84,0.0,55.99,2.43
2010-06-02,32.67,0.39,57.24,2.6
2010-06-03,32.09,0.06,60.31,2.76
2010-06-04,30.63,24.28,72.97,2.26
2010-06-05,29.25,2.07,72.52,3.4
2010-06-06,29.82,0.66,62.88,2.63
2010-06-07,28.4,0.13,67.69,1.72
2010-06-08,29.91,0.0,61.1,2.89
2010-06-09,30.33,3.49,64.72,2.43
2010-06-10,28.45,0.71,75.0,3.81
2010-06-11,28.56,2.6,74.42,3.48
2010-06-12,28.86,0.75,69.75,4.2
2010-06-13,28.74,0.15,71.53,6.03
2010-06-14,30.53,0.02,60.78,3.98
2010-06-15,31.1,0.01,57.76,1.98
2010-06-16,29.72,0.75,64.32,1.66
2010-06-17,28.96,3.66,67.88,3.27
2010-06-18,28.41,4.79,70.68,3.24
2010-06-19,29.47,2.4,66.76,4.02
2010-06-20,29.52,0.44,67.91,3.35
2010-06-21,30.32,3.19,62.27,2.52
2010-06-22,29.4,1.84,68.13,3.57
2010-06-23,29.16,1.59,68.37,4.54
2010-06-24,29.07,0.04,60.95,4.04
2010-06-25,29.28,0.02,56.61,4.51
2010-06-26,30.64,0.02,54.77,4.17
2010-06-27,31.04,0.02,57.3,2.96
2010-06-28,30.33,1.96,64.34,3.05
2010-06-29,30.33,0.11,62.75,2.5
2010-06-30,30.68,0.0,57.28,3.96
2010-07-01,28.35,0.02,57.58,4.1
2010-07-02,29.97,0.04,54.63,4.19
2010-07-03,30.29,0.2,55.0,4.0
2010-07-04,29.9,0.13,58.37,2.88
2010-07-05,30.49,0.07,54.83,3.75
2010-07-06,28.99,0.04,55.95,2.64
2010-07-07,29.34,8.48,61.85,1.45
2010-07-08,28.11,6.15,69.53,1.61
2010-07-09,27.86,1.53,73.88,1.13
2010-07-10,29.05,0.59,69.77,1.94
2010-07-11,29.55,0.02,68.03,3.83
2010-07-12,29.7,0.72,64.58,4.59
2010-07-13,28.11,13.38,72.12,3.11
2010-07-14,28.88,4.92,69.86,2.51
2010-07-15,29.03,5.34,68.8,2.35
2010-07-16,28.82,0.41,67.41,3.09
2010-07-17,29.04,0.76,61.94,3.64
2010-07-18,29.25,0.58,63.95,3.85
2010-07-19,28.27,0.42,68.01,4.24
2010-07-20,28.67,0.05,64.56,4.31
2010-07-21,29.21,0.26,65.97,2.57
2010-07-22,29.66,0.01,62.12,2.09
2010-07-23,30.41,0.01,56.15,2.46
2010-07-24,29.67,0.0,56.45,3.61
2010-07-25,29.22,0.01,55.16,4.03
2010-07-26,30.25,0.17,53.83,3.92
2010-07-27,29.87,0.04,60.54,3.8
2010-07-28,29.94,0.02,56.75,3.51
2010-07-29,30.45,0.1,55.29,3.28
2010-07-30,30.22,0.01,54.53,3.02
2010-07-31,30.25,0.0,53.75,3.11
2010-08-01,31.62,0.0,52.55,2.15
2010-08-02,31.94,0.01,49.81,2.46
2010-08-03,31.06,0.04,50.38,3.72
2010-08-04,31.01,0.02,52.65,4.03
2010-08-05,30.57,0.14,57.99,2.49
2010-08-06,31.63,0.0,51.59,2.98
2010-08-07,31.2,0.01,53.47,2.31
2010-08-08,31.3,1.9,55.43,3.08
2010-08-09,30.82,4.37,59.52,2.63
2010-08-10,31.13,0.11,57.2,2.48
2010-08-11,31.63,0.11,53.42,2.5
2010-08-12,28.37,0.22,69.08,2.67
2010-08-13,27.97,6.62,73.59,2.23
2010-08-14,27.38,1.48,76.58,2.41
2010-08-15,27.77,1.93,76.98,2.59
2010-08-16,28.3,1.66,71.83,2.39
2010-08-17,29.54,0.08,62.25,2.81
2010-08-18,29.72,0.01,55.44,3.17
2010-08-19,29.89,1.24,59.9,1.96
2010-08-20,27.52,23.13,76.77,1.25
2010-08-21,27.26,12.42,75.03,1.13
2010-08-22,27.55,1.88,74.68,1.95
2010-08-23,29.06,2.09,65.93,2.16
2010-08-24,28.63,2.19,70.01,2.43
2010-08-25,28.7,0.16,66.36,2.5
2010-08-26,29.71,0.0,62.14,3.04
2010-08-27,29.85,0.09,62.19,2.2
2010-08-28,29.1,1.61,69.23,2.31
2010-08-29,28.52,7.07,75.55,2.79
2010-08-30,27.21,2.49,73.14,3.49
2010-08-31,28.21,1.16,63.98,1.57
2010-09-01,28.82,0.0,60.99,1.74
2010-09-02,29.74,0.2,60.34,1.84
2010-09-03,29.72,3.03,65.25,2.15
2010-09-04,29.59,0.02,62.9,1.95
2010-09-05,30.11,0.0,61.62,2.46
2010-09-06,29.53,0.0,60.47,2.5
2010-09-07,29.74,0.01,62.02,2.56
2010-09-08,29.59,0.03,61.73,2.31
2010-09-09,28.87,6.52,67.79,2.02
2010-09-10,27.55,8.16,77.07,2.04
2010-09-11,28.9,2.61,67.61,1.94
2010-09-12,29.27,4.25,67.8,0.84
2010-09-13,28.39,9.7,68.78,2.11
2010-09-14,28.96,1.17,63.31,2.56
2010-09-15,29.46,1.81,65.05,2.15
2010-09-16,28.7,2.84,67.81,2.41
2010-09-17,30.12,1.1,62.78,2.47
2010-09-18,29.08,4.9,64.91,2.44
2010-09-19,29.24,0.41,63.8,1.96
2010-09-20,28.79,0.63,66.76,1.71
2010-09-21,28.51,1.39,70.42,1.54
2010-09-22,26.9,7.53,79.35,1.22
2010-09-23,27.78,4.38,76.72,1.4
2010-09-24,27.75,10.63,76.09,2.39
2010-09-25,28.6,0.41,68.88,2.43
2010-09-26,27.62,17.39,75.05,1.84
2010-09-27,27.23,10.1,80.36,2.2
2010-09-28,27.06,12.4,81.7,1.62
2010-09-29,26.41,20.64,83.74,1.9
2010-09-30,26.32,9.47,82.65,1.21
2010-10-01,27.43,3.86,76.93,1.45
2010-10-02,26.97,10.99,80.33,1.2
2010-10-03,26.55,17.18,83.54,1.11
2010-10-04,27.35,3.64,80.87,1.53
2010-10-05,26.64,2.99,86.71,2.61
2010-10-06,27.06,1.12,82.49,3.45
2010-10-07,27.02,1.04,81.65,3.19
2010-10-08,26.8,8.18,86.7,3.07
2010-10-09,27.46,3.85,82.05,2.28
2010-10-10,27.76,0.14,77.94,2.03
2010-10-11,27.3,0.0,78.97,2.24
2010-10-12,27.45,0.0,75.11,2.18
2010-10-13,28.41,0.22,73.25,1.98
2010-10-14,27.4,0.74,77.13,2.01
2010-10-15,27.49,0.18,76.43,2.67
2010-10-16,28.31,0.02,69.34,2.53
2010-10-17,27.86,0.06,71.76,2.24
2010-10-18,27.95,11.96,74.75,2.21
2010-10-19,27.96,7.12,77.0,1.56
2010-10-20,27.64,0.86,80.99,1.11
2010-10-21,27.92,6.88,78.42,1.3
2010-10-22,27.63,0.48,78.39,2.59
2010-10-23,28.34,0.73,74.2,2.39
2010-10-24,28.73,0.03,70.74,2.15
2010-10-25,28.71,0.01,72.4,1.8
2010-10-26,27.94,6.31,78.79,1.46
2010-10-27,27.29,8.7,82.39,0.94
2010-10-28,26.49,18.52,82.44,1.13
2010-10-29,26.27,21.81,82.85,1.81
2010-10-30,26.04,10.49,84.61,1.45
2010-10-31,26.04,10.3,86.65,1.12
2010-11-01,25.47,11.06,84.07,1.24
2010-11-02,26.17,0.09,84.36,1.52
2010-11-03,26.71,12.64,84.98,1.55
2010-11-04,26.6,11.5,86.16,1.29
2010-11-05,26.31,29.36,84.49,1.05
2010-11-06,25.33,12.17,86.18,1.51
2010-11-07,24.55,0.78,88.26,2.55
2010-11-08,26.36,0.56,87.02,3.13
2010-11-09,26.5,3.74,86.75,1.46
2010-11-10,26.23,18.02,88.05,1.41
2010-11-11,26.02,13.35,85.45,1.33
2010-11-12,26.08,8.14,82.87,1.14
2010-11-13,26.59,1.8,83.91,1.49
2010-11-14,26.16,0.11,85.23,1.9
2010-11-15,25.98,0.45,86.53,1.67
2010-11-16,25.38,25.23,89.11,1.8
2010-11-17,25.49,11.05,88.42,2.11
2010-11-18,25.73,6.8,87.03,1.97
2010-11-19,25.5,5.2,85.63,1.94
2010-11-20,25.15,22.49,90.04,1.65
2010-11-21,25.18,11.77,87.63,0.7
2010-11-22,24.84,39.58,86.68,1.73
2010-11-23,25.39,3.81,85.8,1.21
2010-11-24,24.94,29.41,91.46,2.28
2010-11-25,24.7,34.43,93.88,3.46
2010-11-26,24.16,22.21,94.21,2.8
2010-11-27,23.51,21.6,91.46,2.58
2010-11-28,24.64,33.3,93.62,3.1
2010-11-29,25.32,2.91,90.12,2.63
2010-11-30,25.07,14.99,90.81,2.68
2010-12-01,24.89,11.78,94.22,2.54
2010-12-02,25.15,18.44,92.12,2.11
2010-12-03,24.72,19.43,94.05,3.2
2010-12-04,23.54,4.73,93.53,3.96
2010-12-05,22.59,6.35,91.93,3.93
2010-12-06,23.55,0.48,83.6,1.96
2010-12-07,24.96,4.88,85.18,1.45
2010-12-08,25.13,9.28,92.6,2.47
2010-12-09,25.34,1.23,91.86,1.75
2010-12-10,25.42,0.28,86.42,1.72
2010-12-11,25.24,0.33,84.6,1.43
2010-12-12,25.63,3.32,83.01,1.03
2010-12-13,24.81,0.99,86.78,1.25
2010-12-14,24.36,4.27,86.2,1.22
2010-12-15,24.38,10.92,88.91,1.61
2010-12-16,25.07,6.92,87.75,1.75
2010-12-17,24.8,3.96,89.32,2.28
2010-12-18,24.32,1.59,89.16,3.09
2010-12-19,22.89,1.24,88.11,3.37
2010-12-20,25.09,5.26,89.09,2.96
2010-12-21,23.93,4.47,89.91,4.27
2010-12-22,22.26,0.01,85.98,3.13
2010-12-23,22.26,0.0,85.7,2.59
2010-12-24,22.07,0.11,87.44,2.92
2010-12-25,22.59,0.05,88.42,3.39
2010-12-26,23.01,0.0,86.44,3.19
2010-12-27,22.64,0.13,85.73,3.0
2010-12-28,21.97,4.93,91.39,3.17
2010-12-29,23.0,1.91,93.25,2.76
2010-12-30,24.08,1.1,87.99,3.49
2010-12-31,23.99,0.18,88.76,2.77
2011-01-01,24.36,0.7,89.06,2.06
2011-01-02,24.81,0.48,89.25,2.13
2011-01-03,24.25,0.25,88.9,2.56
2011-01-04,23.25,3.18,91.21,2.95
2011-01-05,23.25,0.32,90.29,3.82
2011-01-06,23.82,0.34,87.6,3.46
2011-01-07,23.85,0.48,89.18,3.79
2011-01-08,24.84,0.03,87.62,3.37
2011-01-09,24.43,0.01,86.65,2.86
2011-01-10,23.67,0.06,91.67,2.62
2011-01-11,23.15,0.0,83.64,2.78
2011-01-12,21.94,0.04,88.28,2.72
2011-01-13,21.89,0.01,84.41,3.17
2011-01-14,22.64,0.05,86.28,3.51
2011-01-15,23.68,3.48,87.33,3.55
2011-01-16,24.19,2.24,87.36,3.38
2011-01-17,24.22,0.01,86.89,2.09
2011-01-18,23.24,0.0,83.83,2.27
2011-01-19,21.73,0.0,84.51,2.02
2011-01-20,22.04,0.0,85.13,2.05
2011-01-21,22.7,0.0,85.48,2.51
2011-01-22,23.0,0.01,84.31,2.96
2011-01-23,23.2,0.02,85.14,3.34
2011-01-24,23.31,0.02,82.07,3.57
2011-01-25,23.35,0.02,81.43,3.39
2011-01-26,23.71,0.05,84.97,3.88
2011-01-27,23.88,0.01,81.84,3.74
2011-01-28,24.1,0.0,84.62,3.33
2011-01-29,24.74,0.1,82.45,3.79
2011-01-30,24.62,0.5,83.61,3.9
2011-01-31,24.27,0.12,81.96,4.02
2011-02-01,24.18,0.07,82.43,4.01
2011-02-02,23.94,0.05,79.51,4.27
2011-02-03,23.9,0.18,83.29,3.9
2011-02-04,24.0,0.03,81.63,3.67
2011-02-05,24.01,0.0,79.99,3.7
2011-02-06,23.97,0.07,80.16,3.69
2011-02-07,24.42,0.01,80.59,3.48
2011-02-08,24.23,0.0,75.12,2.89
2011-02-09,24.27,0.03,78.62,2.61
2011-02-10,23.59,0.1,75.64,3.0
2011-02-11,23.67,0.0,77.42,2.97
2011-02-12,24.18,0.0,74.48,2.89
2011-02-13,23.38,0.0,73.48,2.93
2011-02-14,24.11,0.0,74.1,2.15
2011-02-15,25.07,0.0,73.26,1.86
2011-02-16,26.23,0.0,73.85,1.65
2011-02-17,27.01,0.0,72.73,1.52
2011-02-18,27.07,0.0,74.4,1.56
2011-02-19,27.76,0.0,73.45,1.73
2011-02-20,27.71,0.0,73.96,1.97
2011-02-21,27.44,0.05,76.49,1.94
2011-02-22,26.82,1.37,78.91,2.38
2011-02-23,26.97,4.58,75.55,2.66
2011-02-24,26.36,12.25,78.47,2.31
2011-02-25,26.75,0.28,71.61,2.32
2011-02-26,26.68,1.26,70.88,2.41
2011-02-27,26.42,0.0,70.31,3.09
2011-02-28,26.39,0.01,71.02,3.68
2011-03-01,26.45,0.0,70.59,3.77
2011-03-02,26.29,0.0,67.14,3.48
2011-03-03,26.33,0.0,69.79,3.19
2011-03-04,27.14,0.0,71.03,2.59
2011-03-05,27.78,0.0,68.42,2.34
2011-03-06,27.25,0.0,66.55,2.52
2011-03-07,26.41,0.0,67.76,2.51
2011-03-08,27.28,0.0,62.93,2.25
2011-03-09,28.27,0.0,57.3,1.99
2011-03-10,27.59,0.0,59.86,1.98
2011-03-11,27.41,0.0,58.34,1.72
2011-03-12,28.02,0.05,68.31,2.95
2011-03-13,28.84,0.09,68.12,3.93
2011-03-14,28.44,0.05,69.31,3.97
2011-03-15,28.78,0.01,65.43,3.78
2011-03-16,28.39,0.01,66.2,3.95
2011-03-17,27.75,0.0,64.11,4.0
2011-03-18,27.46,0.0,65.93,3.16
2011-03-19,28.84,0.0,66.0,2.5
2011-03-20,29.55,0.0,65.43,1.85
2011-03-21,29.97,0.0,64.3,2.03
2011-03-22,30.3,0.0,63.3,2.14
2011-03-23,29.86,0.01,61.27,1.98
2011-03-24,29.88,0.01,60.68,2.0
2011-03-25,30.56,0.47,60.83,2.17
2011-03-26,30.4,0.04,58.68,2.26
2011-03-27,30.64,0.0,59.78,2.23
2011-03-28,30.88,0.0,56.5,2.05
2011-03-29,30.96,0.01,55.93,2.2
2011-03-30,30.42,0.0,57.37,2.25
2011-03-31,30.41,0.0,58.43,2.48
2011-04-01,30.98,0.0,56.65,2.8
2011-04-02,31.06,0.0,59.32,3.58
2011-04-03,31.23,0.01,58.41,3.36
2011-04-04,31.5,0.19,56.43,3.18
2011-04-05,31.23,0.01,55.26,3.27
2011-04-06,30.19,0.0,54.73,2.97
2011-04-07,30.09,0.0,54.44,2.98
2011-04-08,30.15,0.02,59.15,2.42
2011-04-09,31.21,1.05,56.99,2.42
2011-04-10,30.2,1.63,62.83,2.41
2011-04-11,30.43,0.26,61.68,2.4
2011-04-12,30.82,0.13,60.19,2.63
2011-04-13,31.03,0.27,60.86,2.45
2011-04-14,31.03,0.07,60.75,2.81
2011-04-15,30.71,0.61,60.87,2.39
2011-04-16,30.33,0.15,59.36,2.77
2011-04-17,30.9,0.63,56.94,2.06
2011-04-18,30.4,0.43,60.09,2.47
2011-04-19,29.64,0.26,63.12,2.65
2011-04-20,29.17,1.16,60.3,2.67
2011-04-21,29.52,4.86,63.39,1.78
2011-04-22,27.6,14.14,79.59,1.8
2011-04-23,26.64,21.77,84.35,3.2
2011-04-24,28.2,11.87,73.49,1.41
2011-04-25,27.69,5.05,76.84,1.55
2011-04-26,29.31,1.36,68.49,1.62
2011-04-27,29.64,0.81,69.11,1.55
2011-04-28,29.48,0.32,70.55,1.91
2011-04-29,30.31,0.13,67.68,1.82
2011-04-30,30.59,0.02,66.14,2.28
2011-05-01,30.4,0.52,66.7,1.54
2011-05-02,30.5,0.1,66.5,1.94
2011-05-03,30.06,13.8,70.96,2.12
2011-05-04,29.85,0.01,67.97,1.99
2011-05-05,29.96,0.03,67.13,2.72
2011-05-06,30.79,0.0,62.23,3.26
2011-05-07,31.32,0.0,62.25,2.1
2011-05-08,31.33,0.0,56.19,2.18
2011-05-09,30.55,0.0,56.18,2.74
2011-05-10,31.01,0.0,56.72,3.82
2011-05-11,31.0,0.0,55.36,3.53
2011-05-12,30.91,0.0,58.18,3.22
2011-05-13,31.29,0.17,58.49,3.1
2011-05-14,31.71,0.01,58.62,2.83
2011-05-15,31.94,0.0,58.86,3.03
2011-05-16,31.33,0.0,61.28,3.35
2011-05-17,30.87,0.0,62.9,3.61
2011-05-18,31.37,0.0,61.25,3.58
2011-05-19,31.12,1.01,61.05,3.88
2011-05-20,29.91,16.31,71.68,4.05
2011-05-21,30.32,0.78,67.85,2.99
2011-05-22,30.88,0.0,61.65,2.9
2011-05-23,32.15,0.05,59.02,1.91
2011-05-24,32.57,0.17,59.32,1.51
2011-05-25,31.86,0.01,62.74,1.48
2011-05-26,31.17,0.01,63.36,2.01
2011-05-27,31.08,0.93,61.59,2.5
2011-05-28,30.68,0.12,61.49,2.36
2011-05-29,30.82,0.02,57.16,2.64
2011-05-30,31.33,1.31,62.77,3.13
2011-05-31,29.9,17.32,69.22,3.77
2011-06-01,29.51,3.44,69.56,4.06
2011-06-02,28.47,0.66,70.98,5.7
2011-06-03,28.44,1.88,74.64,3.37
2011-06-04,29.61,1.13,69.83,3.37
2011-06-05,30.3,0.06,65.44,3.5
2011-06-06,30.89,0.04,59.84,3.43
2011-06-07,31.35,0.0,57.63,2.35
2011-06-08,30.76,0.0,59.94,3.31
2011-06-09,30.36,0.7,64.04,3.82
2011-06-10,30.46,0.02,63.92,4.13
2011-06-11,30.22,0.0,63.76,3.75
2011-06-12,30.1,0.0,64.07,3.84
2011-06-13,29.57,0.15,59.51,4.86
2011-06-14,28.94,0.2,62.45,5.14
2011-06-15,29.65,0.01,54.94,3.57
2011-06-16,28.84,0.04,61.07,4.41
2011-06-17,29.55,0.37,53.8,4.39
2011-06-18,29.87,0.08,50.67,3.9
2011-06-19,31.17,0.13,55.5,3.63
2011-06-20,31.7,0.0,52.12,3.22
2011-06-21,30.8,0.0,53.66,2.67
2011-06-22,31.3,0.04,52.51,3.02
2011-06-23,32.25,0.0,51.16,1.99
2011-06-24,32.65,0.08,50.27,2.36
2011-06-25,31.42,0.3,54.64,2.95
2011-06-26,31.89,0.01,51.92,4.08
2011-06-27,31.61,0.04,49.05,4.56
2011-06-28,31.1,0.01,45.56,4.55
2011-06-29,31.83,0.0,45.09,1.89
2011-06-30,31.92,0.01,48.53,2.5
2011-07-01,31.96,1.67,51.61,1.88
2011-07-02,31.6,0.07,48.81,2.0
2011-07-03,31.26,0.4,48.14,2.06
2011-07-04,32.04,1.09,45.86,3.15
2011-07-05,28.89,12.85,56.19,3.27
2011-07-06,29.75,0.21,57.74,3.12
2011-07-07,29.81,11.02,60.57,1.95
2011-07-08,29.29,0.28,62.92,2.33
2011-07-09,28.68,9.84,67.44,2.07
2011-07-10,29.32,0.52,63.3,1.97
2011-07-11,29.35,0.16,64.85,1.96
2011-07-12,29.1,0.02,60.22,4.53
2011-07-13,28.84,0.13,54.22,4.12
2011-07-14,29.67,0.03,47.14,5.4
2011-07-15,29.33,0.04,51.46,4.87
2011-07-16,29.58,0.15,57.59,5.33
2011-07-17,29.39,0.1,60.57,4.25
2011-07-18,29.73,0.03,60.09,4.12
2011-07-19,29.94,0.02,56.28,3.46
2011-07-20,30.48,0.01,54.64,3.99
2011-07-21,30.82,0.02,52.6,3.67
2011-07-22,30.24,0.0,53.16,3.69
2011-07-23,30.44,0.01,55.14,3.98
2011-07-24,29.58,0.01,56.56,3.57
2011-07-25,29.31,0.19,57.37,2.82
2011-07-26,31.0,1.12,51.08,1.78
2011-07-27,30.21,0.19,51.67,3.68
2011-07-28,29.97,2.97,53.68,3.02
2011-07-29,29.06,0.04,56.08,4.06
2011-07-30,28.79,0.01,59.43,2.75
2011-07-31,31.17,0.0,54.8,3.02
2011-08-01,31.95,0.02,50.24,3.27
2011-08-02,31.69,0.03,51.85,3.87
2011-08-03,29.65,0.02,59.61,4.6
2011-08-04,30.85,0.09,52.41,4.41
2011-08-05,30.69,1.98,54.14,3.47
2011-08-06,30.86,0.15,51.6,3.78
2011-08-07,31.28,0.01,52.06,3.65
2011-08-08,30.54,4.9,59.01,2.48
2011-08-09,30.24,1.76,62.25,1.89
2011-08-10,31.24,0.48,57.04,1.89
2011-08-11,30.56,0.46,57.09,2.85
2011-08-12,30.99,0.04,52.14,1.91
2011-08-13,30.62,0.08,53.94,1.79
2011-08-14,29.82,0.03,55.15,1.65
2011-08-15,29.03,14.33,67.56,1.61
2011-08-16,28.85,1.2,69.26,2.17
2011-08-17,27.98,10.49,72.34,2.12
2011-08-18,28.62,0.56,68.12,2.18
2011-08-19,29.57,0.01,61.62,1.7
2011-08-20,29.56,1.93,64.82,1.86
2011-08-21,29.61,0.07,63.6,2.08
2011-08-22,29.72,0.09,60.46,2.56
2011-08-23,30.57,0.02,58.56,2.6
2011-08-24,28.91,8.7,65.45,3.35
2011-08-25,29.18,1.06,65.91,2.7
2011-08-26,29.2,0.2,64.17,2.93
2011-08-27,29.39,0.0,61.94,4.0
2011-08-28,29.23,0.04,63.48,2.92
2011-08-29,29.14,0.06,62.7,4.03
2011-08-30,28.89,0.1,58.15,3.86
2011-08-31,29.58,1.08,61.77,3.54
2011-09-01,30.5,0.31,58.94,4.37
2011-09-02,28.89,3.92,68.56,3.02
2011-09-03,29.38,0.02,63.86,3.37
2011-09-04,30.44,0.14,60.81,2.37
2011-09-05,31.23,1.57,58.59,1.94
2011-09-06,29.98,0.82,58.79,2.71
2011-09-07,30.11,0.01,59.26,3.01
2011-09-08,29.66,13.71,65.31,2.31
2011-09-09,29.06,2.59,70.79,1.82
2011-09-10,29.5,2.46,65.69,2.35
2011-09-11,29.59,1.29,63.15,2.87
2011-09-12,28.84,24.39,68.16,1.93
2011-09-13,28.94,0.21,58.96,2.31
2011-09-14,29.28,0.04,57.82,2.57
2011-09-15,29.16,5.9,64.34,2.65
2011-09-16,29.82,0.41,63.67,2.34
2011-09-17,29.76,0.62,64.45,2.42
2011-09-18,29.64,0.0,64.39,2.41
2011-09-19,30.46,0.04,60.1,2.21
2011-09-20,30.11,0.02,62.54,2.12
2011-09-21,29.18,6.31,65.22,2.47
2011-09-22,29.88,0.01,61.87,2.05
2011-09-23,30.27,0.0,56.34,2.14
2011-09-24,30.03,2.04,60.0,1.82
2011-09-25,30.55,0.23,61.56,2.02
2011-09-26,30.21,3.63,63.53,2.31
2011-09-27,30.36,0.06,62.54,1.58
2011-09-28,30.36,0.0,61.46,1.52
2011-09-29,29.56,6.52,65.68,1.72
2011-09-30,28.27,25.66,77.43,1.2
2011-10-01,27.55,6.67,79.71,0.95
2011-10-02,28.07,3.65,76.9,1.2
2011-10-03,28.87,2.69,72.39,1.28
2011-10-04,28.17,4.26,76.17,1.37
2011-10-05,28.03,5.52,76.4,1.44
2011-10-06,28.41,2.26,74.09,1.92
2011-10-07,27.59,2.59,78.53,1.13
2011-10-08,29.14,0.63,70.16,1.57
2011-10-09,29.3,1.98,69.03,1.41
2011-10-10,28.83,0.15,72.07,1.4
2011-10-11,28.28,1.86,73.12,1.55
2011-10-12,26.64,11.55,79.51,1.5
2011-10-13,27.21,9.36,78.61,1.22
2011-10-14,28.35,3.19,75.01,1.0
2011-10-15,27.56,3.09,81.72,1.11
2011-10-16,27.36,8.38,84.27,1.56
2011-10-17,26.82,5.7,83.75,2.26
2011-10-18,26.5,18.61,82.81,1.3
2011-10-19,27.42,2.97,78.08,1.52
2011-10-20,27.94,0.06,74.96,1.75
2011-10-21,28.23,0.23,75.18,1.51
2011-10-22,27.45,4.13,79.96,1.75
2011-10-23,26.27,3.34,82.1,2.03
2011-10-24,26.7,9.15,81.52,2.3
2011-10-25,25.82,15.36,85.09,2.88
2011-10-26,25.71,11.08,87.15,3.42
2011-10-27,26.65,12.75,82.83,2.76
2011-10-28,25.96,9.66,86.86,3.12
2011-10-29,25.23,23.21,88.28,3.46
2011-10-30,25.07,15.27,90.31,2.7
2011-10-31,25.79,10.84,87.18,2.48
2011-11-01,25.33,21.87,92.1,2.66
2011-11-02,24.66,2.26,89.16,1.96
2011-11-03,24.88,24.71,86.49,1.59
2011-11-04,25.98,2.79,80.3,1.32
2011-11-05,26.51,3.03,83.1,1.14
2011-11-06,26.58,4.88,83.47,0.81
2011-11-07,26.3,1.4,85.0,2.3
2011-11-08,24.35,0.0,81.69,2.65
2011-11-09,23.75,0.0,78.5,2.41
2011-11-10,23.8,0.0,76.28,2.23
2011-11-11,25.08,0.03,83.4,2.28
2011-11-12,25.87,0.0,83.99,2.26
2011-11-13,25.62,0.16,82.83,2.42
2011-11-14,25.75,1.08,85.01,2.76
2011-11-15,25.34,1.0,82.74,3.21
2011-11-16,24.47,4.04,83.99,3.37
2011-11-17,25.5,6.96,87.12,3.33
2011-11-18,25.88,8.1,86.55,3.12
2011-11-19,24.99,8.21,84.67,3.98
2011-11-20,24.54,1.23,84.02,4.05
2011-11-21,25.16,3.07,85.36,3.94
2011-11-22,25.1,1.37,83.19,4.02
2011-11-23,25.01,4.24,85.26,4.25
2011-11-24,25.42,20.28,90.41,4.62
2011-11-25,25.61,33.77,93.44,4.54
2011-11-26,25.65,29.98,92.63,4.51
2011-11-27,25.35,15.92,91.27,2.47
2011-11-28,25.2,10.94,90.22,1.82
2011-11-29,25.8,2.01,87.05,1.98
2011-11-30,25.88,4.53,89.79,3.15
2011-12-01,25.67,5.67,87.33,2.23
2011-12-02,25.59,0.56,84.79,1.65
2011-12-03,25.62,0.15,81.19,1.27
2011-12-04,25.18,0.09,83.21,1.57
2011-12-05,24.32,0.03,84.77,2.17
2011-12-06,24.07,0.0,86.08,2.79
2011-12-07,23.5,0.01,83.38,3.42
2011-12-08,24.21,0.51,83.82,3.08
2011-12-09,25.31,1.42,87.75,2.42
2011-12-10,25.84,2.3,86.91,2.54
2011-12-11,25.39,2.13,88.13,2.66
2011-12-12,24.31,1.51,91.41,3.19
2011-12-13,24.39,2.81,90.38,3.7
2011-12-14,24.84,5.27,88.49,4.06
2011-12-15,24.94,4.33,87.08,2.87
2011-12-16,24.57,1.59,82.97,3.58
2011-12-17,23.75,0.1,81.18,3.88
2011-12-18,22.99,10.68,86.96,4.38
2011-12-19,23.06,7.9,87.54,3.93
2011-12-20,22.8,0.91,85.21,4.0
2011-12-21,23.32,0.0,83.02,3.56
2011-12-22,23.2,0.08,82.46,3.73
2011-12-23,22.8,0.25,84.31,3.38
2011-12-24,23.11,0.03,82.17,3.33
2011-12-25,23.05,0.01,81.75,3.51
2011-12-26,22.82,0.0,80.58,3.07
2011-12-27,23.29,0.0,70.59,1.87
2011-12-28,24.11,0.0,64.01,1.35
2011-12-29,24.91,0.84,66.61,1.69
2011-12-30,25.29,10.41,83.96,3.43
2011-12-31,24.87,4.03,84.3,3.2
2012-01-01,24.19,0.02,83.6,1.57
2012-01-02,25.52,0.0,82.76,1.33
2012-01-03,25.57,0.01,83.09,1.96
2012-01-04,25.87,0.02,84.53,2.76
2012-01-05,25.96,0.0,82.68,2.9
2012-01-06,25.3,0.01,81.36,2.88
2012-01-07,24.69,0.09,80.96,2.96
2012-01-08,25.31,3.4,84.03,3.55
2012-01-09,25.82,1.63,82.97,2.55
2012-01-10,25.7,0.22,78.38,2.33
2012-01-11,25.11,1.82,77.46,2.14
2012-01-12,25.05,0.33,77.51,2.75
2012-01-13,24.87,0.1,78.41,3.52
2012-01-14,24.41,0.06,74.31,3.94
2012-01-15,22.72,0.0,72.76,3.66
2012-01-16,22.34,0.0,73.31,2.84
2012-01-17,22.59,0.0,71.62,2.33
2012-01-18,22.9,0.0,68.44,1.83
2012-01-19,23.85,0.0,70.22,1.67
2012-01-20,24.08,0.0,71.07,1.75
2012-01-21,24.07,0.0,73.06,2.5
2012-01-22,23.51,0.0,71.73,3.17
2012-01-23,23.71,0.0,71.55,3.44
2012-01-24,24.11,0.0,67.03,3.19
2012-01-25,23.68,0.0,66.91,3.15
2012-01-26,24.57,0.15,68.54,3.13
2012-01-27,25.16,0.57,73.28,2.72
2012-01-28,25.46,0.0,71.86,3.0
2012-01-29,25.23,0.0,69.2,3.01
2012-01-30,25.13,0.12,68.2,3.27
2012-01-31,24.89,1.04,69.59,3.55
2012-02-01,24.77,0.04,68.99,4.23
2012-02-02,24.74,0.03,70.98,4.31
2012-02-03,25.72,0.0,67.88,4.48
2012-02-04,25.98,0.0,67.19,3.91
2012-02-05,25.72,0.0,73.19,3.47
2012-02-06,25.6,0.0,77.08,3.03
2012-02-07,27.22,0.0,70.32,3.43
2012-02-08,26.76,0.0,73.19,2.86
2012-02-09,27.42,0.01,74.26,2.5
2012-02-10,27.14,0.04,72.79,2.72
2012-02-11,26.67,0.05,72.02,2.48
2012-02-12,26.78,0.0,68.09,2.9
2012-02-13,26.5,0.0,71.57,3.23
2012-02-14,27.14,0.0,69.55,3.23
2012-02-15,27.15,0.0,67.91,1.93
2012-02-16,27.74,0.0,66.01,2.27
2012-02-17,26.93,0.0,70.03,2.52
2012-02-18,26.09,0.0,68.51,3.18
2012-02-19,26.48,0.0,67.84,3.48
2012-02-20,26.88,0.0,62.88,3.1
2012-02-21,27.29,0.0,62.19,2.79
2012-02-22,26.65,0.0,63.45,3.07
2012-02-23,26.41,0.0,63.89,3.39
2012-02-24,25.8,0.0,63.57,2.89
2012-02-25,26.47,0.0,59.49,3.43
2012-02-26,26.85,0.0,58.87,3.28
2012-02-27,27.64,0.0,59.46,3.2
2012-02-28,29.11,0.0,63.9,2.44
2012-02-29,30.29,0.01,62.26,2.56
2012-03-01,29.96,0.0,63.97,2.41
2012-03-02,30.27,0.0,61.47,2.58
2012-03-03,30.48,0.0,61.09,3.33
2012-03-04,30.24,0.0,61.3,3.33
2012-03-05,29.72,0.0,63.77,2.46
2012-03-06,30.12,0.0,56.64,2.13
2012-03-07,30.33,0.0,56.83,2.59
2012-03-08,31.47,0.0,55.21,1.82
2012-03-09,31.42,0.0,50.3,2.3
2012-03-10,30.7,0.0,56.91,2.6
2012-03-11,29.68,0.06,58.11,3.42
2012-03-12,28.03,3.64,69.36,2.88
2012-03-13,28.86,0.57,69.01,3.29
2012-03-14,29.79,0.03,63.23,2.97
2012-03-15,30.18,0.33,62.26,3.12
2012-03-16,30.39,0.07,61.29,2.45
2012-03-17,30.68,0.0,56.83,2.24
2012-03-18,30.13,0.0,55.42,2.09
2012-03-19,30.39,0.0,52.61,2.34
2012-03-20,30.51,0.0,56.81,2.84
2012-03-21,30.51,0.0,59.66,3.15
2012-03-22,30.78,0.02,57.86,2.59
2012-03-23,30.6,0.0,55.09,2.24
2012-03-24,29.98,0.0,50.44,2.57
2012-03-25,29.11,0.0,51.62,2.78
2012-03-26,28.84,0.0,52.38,2.73
2012-03-27,29.45,0.11,61.82,2.71
2012-03-28,30.63,0.31,57.9,2.62
2012-03-29,29.6,0.02,63.35,1.76
2012-03-30,31.48,0.0,57.44,2.41
2012-03-31,31.01,7.12,60.32,2.3
2012-04-01,29.54,7.02,66.93,2.38
2012-04-02,29.07,0.37,63.69,2.21
2012-04-03,30.14,0.09,57.33,2.0
2012-04-04,30.54,0.01,57.99,2.51
2012-04-05,31.29,0.01,57.68,2.39
2012-04-06,31.39,0.02,59.31,2.88
2012-04-07,31.13,0.02,61.68,2.85
2012-04-08,31.02,0.02,61.0,2.82
2012-04-09,30.79,0.07,61.9,2.42
2012-04-10,31.41,0.05,59.84,2.98
2012-04-11,31.56,0.02,58.87,3.09
2012-04-12,31.61,0.26,58.89,3.0
2012-04-13,30.99,0.08,60.87,2.62
2012-04-14,29.47,1.06,67.86,1.96
2012-04-15,29.87,0.35,65.29,2.08
2012-04-16,30.26,0.28,64.01,1.92
2012-04-17,31.87,0.03,58.52,2.71
2012-04-18,32.2,0.01,54.48,3.09
2012-04-19,31.16,0.01,59.32,2.45
2012-04-20,31.27,0.07,59.09,3.42
2012-04-21,32.55,0.03,54.93,2.9
2012-04-22,32.03,0.0,58.85,2.6
2012-04-23,31.69,0.35,59.28,2.26
2012-04-24,29.54,25.12,72.49,1.49
2012-04-25,27.53,4.71,79.46,2.25
2012-04-26,27.96,9.2,76.43,1.3
2012-04-27,29.25,2.28,71.55,2.85
2012-04-28,29.72,0.03,67.0,3.37
2012-04-29,29.27,1.32,72.48,3.01
2012-04-30,29.91,0.91,70.45,2.1
2012-05-01,29.55,4.2,71.87,2.99
2012-05-02,29.62,0.14,70.57,1.82
2012-05-03,30.36,0.12,67.4,2.98
2012-05-04,29.62,0.24,70.45,3.18
2012-05-05,29.35,0.05,67.37,2.93
2012-05-06,31.66,0.0,57.02,1.77
2012-05-07,32.16,3.32,57.41,2.11
2012-05-08,30.38,17.08,70.97,2.19
2012-05-09,30.61,1.45,67.57,1.95
2012-05-10,30.2,19.16,68.76,1.64
2012-05-11,29.76,3.77,73.38,1.35
2012-05-12,29.94,0.18,70.12,1.81
2012-05-13,30.62,0.0,65.88,2.31
2012-05-14,30.36,1.08,69.49,2.74
2012-05-15,30.06,1.48,70.98,2.76
2012-05-16,30.59,0.09,68.32,2.26
2012-05-17,31.17,0.0,66.57,2.31
2012-05-18,29.28,0.51,73.06,2.19
2012-05-19,31.19,0.11,67.58,2.26
2012-05-20,30.65,0.3,68.54,1.47
2012-05-21,29.58,0.42,66.59,3.69
2012-05-22,29.58,0.0,65.63,3.03
2012-05-23,30.77,0.0,61.38,2.54
2012-05-24,31.53,0.0,60.02,3.41
2012-05-25,29.27,0.0,68.65,3.82
2012-05-26,27.69,0.0,73.14,3.49
2012-05-27,30.41,0.0,64.65,3.94
2012-05-28,30.85,0.0,63.39,2.98
2012-05-29,29.7,0.0,66.84,2.84
2012-05-30,29.64,0.0,67.39,2.68
2012-05-31,30.85,0.0,62.4,3.26
2012-06-01,30.97,0.0,56.19,2.62
2012-06-02,32.29,0.0,56.41,2.77
2012-06-03,31.23,6.83,63.58,3.46
2012-06-04,30.24,0.21,67.58,3.31
2012-06-05,31.08,0.01,57.74,3.73
2012-06-06,30.25,0.04,56.23,4.54
2012-06-07,29.76,0.02,59.11,4.01
2012-06-08,30.5,0.07,56.25,2.72
2012-06-09,30.72,0.0,52.69,3.67
2012-06-10,29.87,0.0,58.8,2.99
2012-06-11,31.16,0.0,56.4,2.27
2012-06-12,30.98,0.01,54.59,3.58
2012-06-13,29.48,4.52,57.38,3.01
2012-06-14,29.21,10.65,67.04,2.99
2012-06-15,30.29,1.33,62.51,3.17
2012-06-16,30.27,2.71,62.34,3.69
2012-06-17,28.89,6.26,60.67,4.22
2012-06-18,28.78,0.19,57.96,4.31
2012-06-19,29.85,0.1,59.99,4.48
2012-06-20,29.13,0.0,62.2,4.25
2012-06-21,28.97,0.24,62.94,3.68
2012-06-22,29.71,0.01,61.27,3.21
2012-06-23,31.12,0.0,57.37,2.74
2012-06-24,30.65,0.0,59.39,2.77
2012-06-25,30.4,0.0,61.3,2.21
2012-06-26,30.01,0.48,62.64,2.41
2012-06-27,29.86,0.03,59.24,1.84
2012-06-28,28.62,1.04,63.83,2.18
2012-06-29,29.42,0.02,61.25,2.77
2012-06-30,29.78,0.02,57.9,3.21
2012-07-01,29.88,0.05,55.47,4.14
2012-07-02,29.07,0.2,58.32,4.34
2012-07-03,30.64,0.02,51.4,4.74
2012-07-04,31.39,0.0,52.17,3.87
2012-07-05,32.09,0.0,50.88,2.91
2012-07-06,31.85,0.0,51.61,2.47
2012-07-07,31.61,0.01,52.08,2.26
2012-07-08,31.54,0.0,52.36,2.17
2012-07-09,30.38,0.64,57.49,2.76
2012-07-10,31.19,0.09,53.3,2.74
2012-07-11,31.95,0.07,49.33,3.19
2012-07-12,32.32,0.5,49.59,3.14
2012-07-13,31.9,8.47,55.82,2.35
2012-07-14,28.79,2.14,67.84,2.3
2012-07-15,28.79,1.38,69.2,1.52
2012-07-16,28.43,0.53,71.47,1.38
2012-07-17,29.29,3.6,70.2,1.72
2012-07-18,30.42,0.02,60.15,2.13
2012-07-19,30.33,0.0,56.7,2.64
2012-07-20,30.96,0.01,56.29,3.13
2012-07-21,30.9,0.0,54.72,3.53
2012-07-22,31.75,0.01,51.45,3.45
2012-07-23,31.41,0.0,53.3,2.47
2012-07-24,31.77,0.0,52.17,2.14
2012-07-25,31.73,0.01,51.62,3.0
2012-07-26,32.31,0.0,49.34,3.24
2012-07-27,31.51,0.0,50.89,2.62
2012-07-28,32.08,0.0,48.92,2.67
2012-07-29,31.18,0.0,52.0,2.91
2012-07-30,31.59,0.0,49.82,2.72
2012-07-31,31.37,0.0,50.19,3.2
2012-08-01,31.98,0.0,48.0,2.7
2012-08-02,32.37,0.0,47.79,3.09
2012-08-03,32.36,0.0,48.36,3.49
2012-08-04,32.54,0.0,47.21,4.13
2012-08-05,32.43,0.09,48.77,3.85
2012-08-06,31.87,0.01,49.25,3.3
2012-08-07,31.58,2.61,49.71,3.21
2012-08-08,30.3,2.2,58.52,3.2
2012-08-09,30.65,0.11,56.46,3.34
2012-08-10,30.75,0.1,54.72,3.38
2012-08-11,29.63,11.04,63.04,2.92
2012-08-12,28.76,0.15,68.56,3.06
2012-08-13,29.69,0.03,63.63,2.39
2012-08-14,30.19,0.72,58.51,2.21
2012-08-15,29.68,4.44,64.36,1.79
2012-08-16,28.29,12.8,72.43,1.9
2012-08-17,27.79,4.42,72.99,2.57
2012-08-18,28.63,0.08,64.7,2.83
2012-08-19,30.14,0.0,54.31,2.62
2012-08-20,30.26,0.0,57.93,2.63
2012-08-21,29.71,7.33,63.92,1.96
2012-08-22,29.67,0.39,64.91,2.04
2012-08-23,30.36,0.24,61.98,4.02
2012-08-24,29.49,17.23,68.54,2.58
2012-08-25,28.32,0.41,72.41,3.07
2012-08-26,28.48,0.29,68.16,2.43
2012-08-27,29.27,0.08,59.53,2.69
2012-08-28,29.48,0.61,62.07,2.06
2012-08-29,28.6,0.55,67.31,2.91
2012-08-30,27.62,0.1,72.54,3.35
2012-08-31,28.27,0.41,70.57,4.5
2012-09-01,29.74,0.03,62.1,2.98
2012-09-02,30.91,0.42,58.01,2.75
2012-09-03,29.02,0.1,67.92,3.13
2012-09-04,28.87,0.03,62.33,4.37
2012-09-05,30.81,0.22,58.79,2.56
2012-09-06,31.11,2.06,59.27,2.17
2012-09-07,30.2,2.99,65.29,1.47
2012-09-08,29.53,1.51,62.42,2.12
2012-09-09,28.55,4.37,65.54,2.44
2012-09-10,29.4,0.05,57.59,2.74
2012-09-11,29.65,0.68,55.3,2.12
2012-09-12,30.49,0.01,55.72,2.12
2012-09-13,30.31,0.35,59.07,2.42
2012-09-14,30.46,0.31,61.17,2.86
2012-09-15,29.61,2.52,64.97,2.46
2012-09-16,30.57,0.66,57.63,1.63
2012-09-17,30.5,3.69,61.83,1.8
2012-09-18,29.53,4.3,65.95,2.07
2012-09-19,30.09,0.14,63.77,2.1
2012-09-20,31.06,0.16,58.87,2.96
2012-09-21,30.49,0.6,60.43,3.27
2012-09-22,31.28,0.67,57.78,3.43
2012-09-23,30.98,0.18,56.79,2.96
2012-09-24,30.86,5.66,59.69,2.23
2012-09-25,30.54,0.41,60.11,1.79
2012-09-26,29.93,3.39,63.07,1.79
2012-09-27,27.84,13.22,76.69,1.51
2012-09-28,27.94,15.42,75.28,1.76
2012-09-29,28.99,1.64,68.19,1.65
2012-09-30,29.04,4.15,67.72,1.73
2012-10-01,29.07,0.05,63.37,3.29
2012-10-02,29.26,0.0,63.42,3.67
2012-10-03,30.32,0.0,60.89,3.37
2012-10-04,30.34,0.0,59.38,3.0
2012-10-05,30.72,0.0,59.49,2.69
2012-10-06,29.98,0.0,62.48,2.53
2012-10-07,28.73,19.97,74.49,1.46
2012-10-08,28.0,4.33,77.84,0.86
2012-10-09,27.16,8.7,80.87,1.51
2012-10-10,27.85,1.53,76.55,1.65
2012-10-11,29.15,1.01,69.92,1.64
2012-10-12,27.47,1.92,79.57,1.49
2012-10-13,27.62,1.42,76.21,1.86
2012-10-14,26.73,17.32,82.81,1.89
2012-10-15,26.29,9.24,83.61,2.13
2012-10-16,26.07,9.03,83.3,1.97
2012-10-17,26.56,10.91,81.16,1.74
2012-10-18,26.86,12.31,81.15,2.72
2012-10-19,25.84,31.32,89.84,2.86
2012-10-20,25.28,9.17,90.58,3.82
2012-10-21,25.78,15.44,90.06,2.59
2012-10-22,26.22,13.79,87.7,2.53
2012-10-23,26.18,17.22,88.5,2.72
2012-10-24,25.95,8.34,88.64,2.14
2012-10-25,26.08,0.41,86.85,2.18
2012-10-26,26.58,1.44,85.1,2.56
2012-10-27,26.53,2.72,84.05,3.03
2012-10-28,26.23,12.46,86.19,3.9
2012-10-29,25.89,12.59,87.17,3.45
2012-10-30,24.88,9.7,88.76,3.21
2012-10-31,24.75,17.65,86.67,3.94
2012-11-01,25.78,0.38,88.97,5.47
2012-11-02,26.64,0.02,84.39,3.26
2012-11-03,26.84,0.0,81.06,2.46
2012-11-04,26.41,0.0,81.53,1.54
2012-11-05,26.32,0.0,80.74,1.4
2012-11-06,26.3,0.58,82.76,1.34
2012-11-07,26.24,0.65,84.78,1.3
2012-11-08,26.03,6.65,86.42,1.07
2012-11-09,26.06,2.15,86.81,1.85
2012-11-10,26.32,0.03,84.29,2.41
2012-11-11,25.76,0.01,82.27,2.65
2012-11-12,25.48,0.08,82.92,2.93
2012-11-13,25.07,0.03,80.73,3.39
2012-11-14,24.08,0.0,77.27,3.39
2012-11-15,23.85,0.0,76.92,2.94
2012-11-16,23.95,0.0,73.3,3.22
2012-11-17,24.92,0.0,75.68,2.54
2012-11-18,25.43,0.0,74.63,1.63
2012-11-19,26.47,0.0,71.39,1.13
2012-11-20,26.62,0.0,71.16,1.35
2012-11-21,27.46,0.0,72.83,1.19
2012-11-22,27.72,3.31,77.38,1.03
2012-11-23,27.22,9.12,83.85,1.71
2012-11-24,26.59,3.52,83.34,2.62
2012-11-25,25.6,11.83,90.08,3.32
2012-11-26,25.55,0.88,85.48,3.32
2012-11-27,25.81,0.13,80.11,3.63
2012-11-28,25.33,0.0,76.77,3.5
2012-11-29,24.66,0.0,75.97,3.02
2012-11-30,23.68,0.0,75.82,2.44
2012-12-01,24.2,0.0,73.59,2.62
2012-12-02,24.64,0.08,75.43,3.05
2012-12-03,25.96,2.57,81.21,3.67
2012-12-04,26.44,0.95,83.46,3.53
2012-12-05,26.49,0.15,79.32,3.19
2012-12-06,26.56,13.04,83.65,3.69
2012-12-07,26.1,1.12,81.4,3.25
2012-12-08,26.19,0.13,81.75,2.86
2012-12-09,25.47,0.61,77.13,2.31
2012-12-10,24.63,0.0,78.18,2.21
2012-12-11,25.38,0.0,78.04,2.22
2012-12-12,25.62,0.0,77.21,2.2
2012-12-13,25.7,0.0,75.83,2.4
2012-12-14,25.51,0.0,75.81,3.2
2012-12-15,25.21,0.02,77.26,3.94
2012-12-16,25.43,0.05,73.12,4.6
2012-12-17,25.49,0.02,71.07,5.2
2012-12-18,25.47,0.39,74.64,4.5
2012-12-19,25.43,0.95,77.02,3.65
2012-12-20,26.07,0.34,77.85,3.88
2012-12-21,26.45,0.23,74.96,4.07
2012-12-22,25.9,0.09,72.4,4.22
2012-12-23,25.78,0.17,71.36,4.28
2012-12-24,26.24,0.16,72.59,4.0
2012-12-25,26.2,2.15,77.08,4.66
2012-12-26,26.54,4.55,77.53,4.34
2012-12-27,25.63,7.47,83.4,4.83
2012-12-28,25.46,2.73,88.3,3.71
2012-12-29,26.51,2.03,85.63,3.8
2012-12-30,27.31,0.45,80.05,2.94
2012-12-31,27.33,0.08,73.72,3.17
2013-01-01,27.16,0.0,73.23,2.87
2013-01-02,26.22,0.0,70.97,2.71
2013-01-03,26.76,0.0,74.88,2.82
2013-01-04,26.98,0.0,74.81,2.18
2013-01-05,26.93,0.0,75.66,2.59
2013-01-06,27.31,0.0,73.7,3.1
2013-01-07,26.83,1.66,71.37,3.4
2013-01-08,25.9,9.98,82.95,3.12
2013-01-09,25.73,3.55,81.3,3.37
2013-01-10,26.1,0.37,71.72,3.67
2013-01-11,25.89,0.0,72.77,3.31
2013-01-12,25.55,0.0,69.27,3.41
2013-01-13,24.97,0.0,65.22,3.36
2013-01-14,24.47,0.0,70.89,2.67
2013-01-15,25.07,0.0,71.76,3.1
2013-01-16,25.37,0.0,67.72,3.44
2013-01-17,25.43,0.0,66.29,3.44
2013-01-18,25.68,0.0,67.58,3.34
2013-01-19,25.96,0.02,64.64,3.25
2013-01-20,26.11,0.13,70.71,3.17
2013-01-21,26.97,0.0,65.53,3.69
2013-01-22,26.09,0.0,63.58,3.75
2013-01-23,26.61,0.0,67.63,3.66
2013-01-24,27.02,0.0,64.7,3.75
2013-01-25,26.36,0.0,65.07,3.85
2013-01-26,26.04,0.0,64.49,3.7
2013-01-27,26.15,0.0,66.19,3.58
2013-01-28,26.63,0.0,64.13,3.17
2013-01-29,26.85,0.0,64.69,2.78
2013-01-30,26.72,0.01,66.41,3.34
2013-01-31,26.17,0.0,64.76,3.97
2013-02-01,25.77,0.0,61.81,3.68
2013-02-02,26.08,0.0,65.36,3.53
2013-02-03,26.31,0.0,65.55,3.63
2013-02-04,27.32,0.25,67.59,3.02
2013-02-05,27.22,2.61,73.37,3.2
2013-02-06,27.83,0.19,68.52,3.38
2013-02-07,28.1,0.0,64.48,2.37
2013-02-08,28.45,0.0,65.99,2.09
2013-02-09,28.31,0.0,65.21,3.1
2013-02-10,27.82,0.0,63.42,4.04
2013-02-11,27.85,2.39,65.39,4.47
2013-02-12,27.89,1.59,66.57,4.44
2013-02-13,26.77,4.6,76.1,3.67
2013-02-14,26.43,8.96,75.38,2.29
2013-02-15,26.35,1.35,72.96,2.15
2013-02-16,28.3,0.26,65.92,2.29
2013-02-17,29.69,0.33,62.53,2.53
2013-02-18,29.25,2.74,66.59,2.71
2013-02-19,27.69,4.96,74.52,2.53
2013-02-20,28.28,0.26,66.69,3.44
2013-02-21,27.63,0.0,62.85,4.0
2013-02-22,26.98,0.0,64.47,3.66
2013-02-23,27.42,0.0,62.97,3.33
2013-02-24,27.11,0.0,64.27,2.78
2013-02-25,27.06,0.0,61.57,2.6
2013-02-26,26.84,0.0,61.08,2.85
2013-02-27,27.42,0.0,59.82,3.12
2013-02-28,28.28,0.0,60.46,3.04
2013-03-01,28.3,0.0,59.37,3.25
2013-03-02,27.81,0.0,62.06,3.83
2013-03-03,28.29,0.0,58.37,3.88
2013-03-04,28.13,3.17,67.27,4.09
2013-03-05,27.33,16.19,78.42,3.88
2013-03-06,27.29,5.58,80.12,3.35
2013-03-07,28.37,0.48,73.8,4.08
2013-03-08,27.64,2.55,74.94,2.93
2013-03-09,28.6,0.77,72.03,2.52
2013-03-10,29.22,0.0,65.87,2.38
2013-03-11,28.91,0.02,64.89,2.31
2013-03-12,28.7,0.0,59.99,2.1
2013-03-13,29.1,0.0,57.86,2.17
2013-03-14,28.46,0.0,63.42,2.21
2013-03-15,28.8,0.5,65.32,3.01
2013-03-16,28.84,1.19,63.37,2.9
2013-03-17,29.84,0.0,58.11,2.98
2013-03-18,29.43,0.0,57.4,2.61
2013-03-19,29.44,0.0,59.77,2.36
2013-03-20,30.04,0.0,61.69,2.57
2013-03-21,29.55,0.0,57.95,2.36
2013-03-22,29.74,0.0,52.96,2.41
2013-03-23,29.58,0.0,52.84,2.28
2013-03-24,29.9,0.36,56.83,2.59
2013-03-25,30.46,0.19,55.14,2.06
2013-03-26,30.54,0.04,60.41,2.63
2013-03-27,30.53,0.05,63.96,2.63
2013-03-28,30.99,0.04,63.13,2.84
2013-03-29,31.58,0.06,60.5,2.86
2013-03-30,30.95,0.01,63.56,3.05
2013-03-31,30.64,0.0,63.92,2.65
2013-04-01,31.38,0.0,58.78,2.75
2013-04-02,31.88,0.0,57.69,3.08
2013-04-03,31.27,0.0,59.96,2.89
2013-04-04,31.91,0.0,59.72,3.05
2013-04-05,33.01,0.0,54.77,3.57
2013-04-06,33.13,0.0,54.33,3.36
2013-04-07,32.47,0.0,58.37,4.03
2013-04-08,31.87,0.0,59.83,3.48
2013-04-09,31.45,0.01,62.84,3.03
2013-04-10,31.67,0.0,57.43,3.01
2013-04-11,31.24,0.01,57.36,2.54
2013-04-12,31.89,0.13,57.0,2.8
2013-04-13,32.29,0.23,56.89,2.5
2013-04-14,32.09,0.76,57.99,3.28
2013-04-15,31.06,2.52,63.34,2.62
2013-04-16,32.89,0.13,54.84,2.6
2013-04-17,32.84,0.09,57.14,3.66
2013-04-18,32.9,0.0,53.55,2.28
2013-04-19,32.99,0.0,51.86,2.86
2013-04-20,32.69,0.0,55.14,3.23
2013-04-21,32.2,0.69,54.66,3.63
2013-04-22,31.79,0.12,57.48,3.99
2013-04-23,31.92,0.07,56.84,3.46
2013-04-24,31.69,3.63,59.34,2.64
2013-04-25,31.24,1.46,61.15,2.49
2013-04-26,30.68,0.21,62.91,2.21
2013-04-27,31.24,0.01,60.44,2.42
2013-04-28,32.42,0.04,58.16,3.21
2013-04-29,33.14,0.85,55.99,2.52
2013-04-30,31.57,0.33,65.48,2.82
2013-05-01,30.42,3.36,64.8,2.26
2013-05-02,31.17,1.25,63.56,3.42
2013-05-03,31.68,0.01,60.72,3.83
2013-05-04,31.92,0.08,61.85,3.46
2013-05-05,31.3,0.06,64.87,2.71
2013-05-06,31.22,0.13,63.33,1.76
2013-05-07,31.85,2.99,61.13,2.3
2013-05-08,32.16,1.25,58.91,2.7
2013-05-09,32.42,0.08,55.45,2.92
2013-05-10,32.63,0.0,54.62,2.6
2013-05-11,33.73,0.01,51.68,3.45
2013-05-12,32.93,2.0,52.49,2.39
2013-05-13,29.79,0.53,61.66,2.78
2013-05-14,31.64,0.01,55.46,3.15
2013-05-15,32.85,0.0,48.42,2.41
2013-05-16,32.15,0.0,50.76,2.02
2013-05-17,33.7,0.0,47.6,2.28
2013-05-18,33.37,0.0,48.81,3.23
2013-05-19,33.33,0.56,53.0,3.51
2013-05-20,31.83,0.34,60.36,4.14
2013-05-21,31.81,0.04,50.62,4.2
2013-05-22,32.77,0.01,52.28,4.93
2013-05-23,33.24,0.01,51.34,3.87
2013-05-24,33.0,0.03,54.09,3.85
2013-05-25,32.36,3.73,51.88,3.54
2013-05-26,29.44,0.24,58.71,3.14
2013-05-27,30.32,0.02,59.35,3.01
2013-05-28,29.17,0.01,63.45,3.42
2013-05-29,30.28,0.01,59.27,1.76
2013-05-30,30.61,13.25,61.52,1.49
2013-05-31,28.77,3.15,70.17,3.58
2013-06-01,29.16,0.21,65.26,3.72
2013-06-02,29.83,0.54,59.85,4.22
2013-06-03,30.81,0.11,57.74,3.21
2013-06-04,31.11,0.3,57.61,1.89
2013-06-05,31.77,0.0,53.88,2.29
2013-06-06,30.96,1.82,59.78,2.3
2013-06-07,30.08,0.33,61.5,2.89
2013-06-08,28.92,0.04,63.99,3.67
2013-06-09,30.68,0.01,54.4,3.88
2013-06-10,31.02,0.01,51.51,3.53
2013-06-11,30.34,0.09,56.22,4.31
2013-06-12,29.64,0.04,53.53,5.4
2013-06-13,30.48,0.03,49.26,5.36
2013-06-14,31.38,0.01,52.17,5.28
2013-06-15,31.63,0.23,53.01,5.24
2013-06-16,31.4,0.13,53.33,5.28
2013-06-17,30.52,0.18,52.4,4.6
2013-06-18,30.62,0.4,50.79,3.72
2013-06-19,31.01,0.44,53.67,4.32
2013-06-20,31.1,0.02,50.66,4.17
2013-06-21,31.46,0.22,50.9,4.82
2013-06-22,30.33,0.26,50.03,5.29
2013-06-23,31.25,0.07,49.34,5.37
2013-06-24,31.01,0.21,54.3,4.99
2013-06-25,31.2,0.14,55.14,4.72
2013-06-26,30.55,0.94,57.39,3.64
2013-06-27,31.08,0.69,54.87,2.26
2013-06-28,31.02,0.07,51.44,2.1
2013-06-29,31.44,0.16,51.45,2.1
2013-06-30,31.54,0.02,50.56,2.97
2013-07-01,30.54,0.01,48.28,4.17
2013-07-02,30.45,0.01,47.65,4.49
2013-07-03,29.9,0.03,52.37,4.51
2013-07-04,31.23,0.09,50.82,4.4
2013-07-05,31.03,0.02,51.37,3.24
2013-07-06,31.4,0.1,49.97,2.58
2013-07-07,30.13,0.69,55.1,2.3
2013-07-08,30.48,0.4,52.89,3.19
2013-07-09,30.0,0.06,53.91,4.29
2013-07-10,30.21,0.21,52.05,4.49
2013-07-11,30.37,0.03,49.02,4.56
2013-07-12,31.31,0.02,49.13,3.85
2013-07-13,31.03,0.0,49.28,3.59
2013-07-14,31.49,0.01,49.77,2.61
2013-07-15,31.05,0.0,52.62,2.99
2013-07-16,31.23,0.18,50.6,4.61
2013-07-17,31.0,0.02,49.59,4.17
2013-07-18,31.03,0.13,51.37,4.55
2013-07-19,30.7,0.44,53.51,4.3
2013-07-20,30.27,0.23,55.41,3.93
2013-07-21,30.14,0.19,54.55,4.12
2013-07-22,30.53,0.02,52.63,4.43
2013-07-23,30.08,0.04,52.48,5.26
2013-07-24,30.38,0.11,52.26,5.65
2013-07-25,30.46,0.02,53.11,5.56
2013-07-26,30.41,0.05,52.18,4.74
2013-07-27,31.14,0.03,52.34,2.73
2013-07-28,31.62,0.08,51.84,2.41
2013-07-29,29.99,0.0,50.62,4.72
2013-07-30,31.31,0.0,44.06,4.49
2013-07-31,31.23,0.02,49.06,5.63
2013-08-01,30.83,0.04,52.53,5.44
2013-08-02,30.99,0.01,50.66,5.19
2013-08-03,31.26,0.03,47.72,3.77
2013-08-04,29.67,5.54,56.82,3.65
2013-08-05,28.87,4.53,59.45,4.04
2013-08-06,29.05,0.19,58.64,3.66
2013-08-07,29.5,0.43,58.03,2.68
2013-08-08,29.18,0.97,60.94,2.02
2013-08-09,28.61,7.16,66.92,2.71
2013-08-10,28.23,28.26,74.32,1.42
2013-08-11,28.78,1.46,70.16,1.54
2013-08-12,29.05,0.3,64.55,2.13
2013-08-13,29.09,0.08,63.02,2.38
2013-08-14,29.31,0.47,58.35,3.39
2013-08-15,29.72,0.34,60.19,1.92
2013-08-16,29.56,3.61,64.3,2.37
2013-08-17,29.66,2.09,64.01,2.9
2013-08-18,29.65,0.86,65.07,3.1
2013-08-19,29.92,0.02,61.62,2.21
2013-08-20,30.35,0.0,59.11,3.07
2013-08-21,30.36,0.0,58.59,3.34
2013-08-22,30.13,0.0,57.25,3.21
2013-08-23,30.5,0.0,58.14,2.43
2013-08-24,30.39,0.0,55.96,2.48
2013-08-25,30.83,0.19,56.51,1.72
2013-08-26,29.7,5.29,63.52,2.01
2013-08-27,28.97,20.97,69.94,1.63
2013-08-28,28.75,24.33,75.4,1.16
2013-08-29,28.9,5.32,73.77,1.38
2013-08-30,28.98,0.36,72.76,1.42
2013-08-31,29.4,0.4,70.87,1.6
2013-09-01,28.67,0.35,73.72,2.14
2013-09-02,28.3,0.69,75.08,3.09
2013-09-03,28.51,5.21,71.48,3.78
2013-09-04,27.38,2.7,73.85,2.69
2013-09-05,27.49,13.13,74.3,2.48
2013-09-06,25.42,15.8,84.23,2.5
2013-09-07,27.39,1.5,74.08,2.16
2013-09-08,27.54,7.64,74.0,1.49
2013-09-09,27.38,1.73,72.67,2.19
2013-09-10,27.76,5.77,72.67,2.22
2013-09-11,27.84,6.19,74.72,2.47
2013-09-12,27.65,1.49,75.6,2.51
2013-09-13,27.36,0.06,76.94,2.92
2013-09-14,28.71,0.04,71.43,2.08
2013-09-15,28.67,0.09,70.82,3.7
2013-09-16,28.62,0.2,73.15,4.42
2013-09-17,28.33,3.92,73.96,4.01
2013-09-18,28.45,0.21,69.51,3.26
2013-09-19,28.8,0.05,66.93,3.9
2013-09-20,29.06,0.01,67.98,3.9
2013-09-21,28.77,0.0,69.59,3.33
2013-09-22,29.23,0.0,65.83,2.39
2013-09-23,30.18,0.0,61.83,1.6
2013-09-24,30.2,0.0,60.75,2.35
2013-09-25,30.41,2.49,62.43,2.4
2013-09-26,30.14,0.12,65.4,2.17
2013-09-27,30.19,0.0,64.29,2.24
2013-09-28,30.49,0.0,62.27,2.03
2013-09-29,30.55,0.02,58.94,2.04
2013-09-30,29.91,0.02,60.33,2.55
2013-10-01,30.39,0.08,61.28,2.21
2013-10-02,30.02,0.24,64.64,2.18
2013-10-03,28.93,1.42,68.91,2.39
2013-10-04,29.2,0.02,61.45,2.87
2013-10-05,29.35,0.0,55.94,2.67
2013-10-06,29.38,0.0,62.26,2.32
2013-10-07,30.15,0.06,60.97,2.48
2013-10-08,28.55,13.15,74.75,2.1
2013-10-09,27.48,1.06,69.93,2.8
2013-10-10,28.41,2.61,67.94,1.61
2013-10-11,29.79,0.44,64.13,1.71
2013-10-12,29.25,0.0,60.68,2.21
2013-10-13,30.23,0.01,61.49,2.09
2013-10-14,29.97,0.05,63.51,1.82
2013-10-15,29.87,7.37,69.32,0.96
2013-10-16,28.58,16.4,78.29,0.97
2013-10-17,27.99,5.01,79.26,0.9
2013-10-18,26.69,11.94,82.86,0.87
2013-10-19,26.16,33.5,84.53,0.78
2013-10-20,25.67,16.72,83.59,0.74
2013-10-21,25.58,17.79,86.1,1.29
2013-10-22,26.28,4.36,85.41,1.56
2013-10-23,26.97,0.05,82.67,2.29
2013-10-24,27.28,0.83,80.47,2.51
2013-10-25,27.15,2.58,81.64,2.68
2013-10-26,27.37,0.43,79.53,2.29
2013-10-27,27.7,0.03,77.98,1.73
2013-10-28,27.22,0.0,76.22,1.65
2013-10-29,27.03,0.14,76.65,1.55
2013-10-30,27.28,0.03,76.07,1.53
2013-10-31,26.85,1.28,80.86,1.31
2013-11-01,26.54,0.75,82.83,2.18
2013-11-02,26.28,10.48,88.14,2.19
2013-11-03,26.33,5.33,86.98,2.74
2013-11-04,26.09,6.02,86.85,2.24
2013-11-05,26.33,8.32,86.26,3.18
2013-11-06,26.65,2.7,81.52,3.34
2013-11-07,26.45,0.61,81.35,3.54
2013-11-08,26.52,0.52,74.8,3.35
2013-11-09,25.97,0.51,75.11,3.23
2013-11-10,26.66,1.49,76.81,3.16
2013-11-11,27.02,0.55,76.24,3.32
2013-11-12,26.56,0.63,76.25,2.75
2013-11-13,25.49,0.4,76.55,2.53
2013-11-14,26.47,0.06,75.65,2.68
2013-11-15,25.73,2.15,75.16,3.7
2013-11-16,25.31,17.45,83.2,4.11
2013-11-17,25.95,13.9,84.57,2.4
2013-11-18,26.27,5.68,83.36,3.12
2013-11-19,26.1,2.03,82.17,2.21
2013-11-20,26.34,1.79,77.27,1.61
2013-11-21,27.03,3.12,77.57,1.17
2013-11-22,27.14,0.41,77.67,1.48
2013-11-23,27.05,1.3,78.92,1.66
2013-11-24,25.45,9.72,86.87,1.02
2013-11-25,25.89,2.8,83.73,2.09
2013-11-26,26.49,0.06,79.44,2.02
2013-11-27,25.94,0.01,80.94,2.01
2013-11-28,26.06,0.0,76.73,1.69
2013-11-29,25.92,0.0,75.3,2.05
2013-11-30,25.62,2.6,82.82,2.9
2013-12-01,25.24,18.96,87.58,2.96
2013-12-02,24.41,25.31,88.89,2.6
2013-12-03,24.89,15.05,85.81,3.22
2013-12-04,24.61,7.04,87.6,3.53
2013-12-05,25.04,1.89,84.44,3.84
2013-12-06,24.87,0.18,80.13,3.89
2013-12-07,25.1,0.0,78.36,3.48
2013-12-08,26.16,0.0,79.89,2.94
2013-12-09,25.3,0.0,80.53,1.8
2013-12-10,25.66,0.0,79.21,1.28
2013-12-11,26.21,0.13,76.3,1.29
2013-12-12,25.61,28.49,84.43,1.93
2013-12-13,25.24,11.73,88.08,3.16
2013-12-14,25.46,0.76,86.29,2.4
2013-12-15,25.14,0.15,83.14,3.25
2013-12-16,22.46,0.0,78.63,3.25
2013-12-17,22.8,0.0,80.16,3.38
2013-12-18,23.6,0.0,80.57,3.24
2013-12-19,23.88,0.0,80.3,2.9
2013-12-20,23.98,0.0,80.53,2.83
2013-12-21,23.81,0.0,78.99,2.68
2013-12-22,23.34,0.0,77.74,3.06
2013-12-23,24.09,0.0,74.28,3.28
2013-12-24,24.71,0.01,76.56,4.01
2013-12-25,24.73,0.0,74.74,3.74
2013-12-26,24.13,0.0,76.97,3.3
2013-12-27,24.28,0.0,73.31,3.09
2013-12-28,24.55,0.0,71.87,2.45
2013-12-29,24.08,0.0,69.45,3.03
2013-12-30,24.03,0.0,68.87,3.14
2013-12-31,24.47,0.06,73.58,3.14
2014-01-01,24.69,0.01,73.9,3.62
2014-01-02,24.61,0.0,73.26,3.58
2014-01-03,25.0,0.01,75.21,3.45
2014-01-04,24.46,0.03,75.44,3.5
2014-01-05,24.91,0.82,72.3,3.71
2014-01-06,24.69,1.64,76.45,4.2
2014-01-07,24.72,7.12,80.52,4.32
2014-01-08,24.76,4.38,81.76,3.62
2014-01-09,25.39,0.28,76.14,3.51
2014-01-10,25.06,0.0,72.13,2.93
2014-01-11,24.74,0.0,73.68,2.42
2014-01-12,25.37,0.0,72.05,2.63
2014-01-13,25.35,1.16,77.38,2.95
2014-01-14,25.81,1.34,73.52,3.28
2014-01-15,25.65,0.5,71.63,2.77
2014-01-16,25.9,0.0,72.55,2.94
2014-01-17,25.37,0.0,69.99,3.13
2014-01-18,25.21,0.0,68.55,3.24
2014-01-19,25.37,0.0,73.68,3.29
2014-01-20,25.58,0.0,68.1,3.49
2014-01-21,25.65,0.0,68.31,3.69
2014-01-22,25.66,0.18,69.85,3.51
2014-01-23,25.84,0.18,69.89,3.39
2014-01-24,26.26,0.0,68.75,3.29
2014-01-25,25.65,0.0,68.07,3.55
2014-01-26,25.14,0.0,66.58,4.06
2014-01-27,25.31,0.02,66.58,3.88
2014-01-28,25.67,0.08,65.5,3.64
2014-01-29,25.67,0.0,63.44,3.66
2014-01-30,25.79,0.0,65.59,3.81
2014-01-31,26.14,0.0,68.17,3.67
2014-02-01,26.46,0.1,69.12,3.86
2014-02-02,26.12,0.63,70.59,4.03
2014-02-03,25.62,0.03,67.13,3.27
2014-02-04,25.37,0.0,66.18,2.74
2014-02-05,25.25,0.0,64.19,2.69
2014-02-06,25.37,0.0,66.08,2.81
2014-02-07,25.5,0.0,64.58,2.78
2014-02-08,25.69,0.0,63.6,2.77
2014-02-09,25.99,0.0,57.85,1.94
2014-02-10,26.47,0.0,58.13,2.53
2014-02-11,26.66,0.0,60.13,2.18
2014-02-12,27.12,0.0,59.71,1.94
2014-02-13,27.66,0.0,63.01,2.37
2014-02-14,28.14,0.0,61.48,2.39
2014-02-15,28.46,0.01,59.74,1.89
2014-02-16,28.83,0.01,63.12,2.43
2014-02-17,29.26,0.0,65.18,2.67
2014-02-18,28.44,0.0,64.07,3.87
2014-02-19,28.32,0.01,62.9,3.55
2014-02-20,28.17,0.04,63.17,3.53
2014-02-21,27.93,0.05,59.71,3.41
2014-02-22,28.03,0.02,58.71,3.12
2014-02-23,27.76,0.0,58.82,3.29
2014-02-24,27.24,2.75,72.33,4.38
2014-02-25,27.68,0.25,67.12,4.19
2014-02-26,27.91,0.0,58.62,3.23
2014-02-27,28.0,1.13,64.31,2.88
2014-02-28,28.65,0.84,62.68,2.92
2014-03-01,28.6,0.01,60.75,3.27
2014-03-02,28.57,0.0,60.84,3.0
2014-03-03,28.98,0.02,60.42,3.22
2014-03-04,29.03,0.15,61.8,3.53
2014-03-05,28.82,0.28,62.51,3.77
2014-03-06,29.19,0.16,59.88,3.54
2014-03-07,28.71,0.02,61.69,3.59
2014-03-08,28.65,0.01,62.59,3.55
2014-03-09,28.6,0.0,60.79,4.02
2014-03-10,29.04,0.0,58.86,3.68
2014-03-11,28.44,0.0,59.48,4.12
2014-03-12,28.19,0.0,58.83,3.69
2014-03-13,27.89,0.0,63.18,3.51
2014-03-14,28.12,0.0,61.15,3.42
2014-03-15,27.89,0.0,60.03,3.45
2014-03-16,28.47,0.0,60.58,3.66
2014-03-17,28.96,0.0,63.54,3.75
2014-03-18,29.96,0.0,58.19,3.64
2014-03-19,29.71,0.0,63.77,3.21
2014-03-20,30.41,0.02,61.88,2.6
2014-03-21,30.71,0.01,56.5,2.25
2014-03-22,30.95,0.0,55.33,2.22
2014-03-23,30.75,0.0,54.29,2.66
2014-03-24,30.0,0.0,55.46,2.56
2014-03-25,29.44,0.0,57.85,2.73
2014-03-26,29.16,0.0,60.83,3.38
2014-03-27,29.28,0.0,59.37,2.9
2014-03-28,28.75,0.0,57.2,2.33
2014-03-29,29.88,0.0,53.68,2.4
2014-03-30,30.48,0.0,45.91,1.97
2014-03-31,30.82,0.0,46.55,2.23
2014-04-01,31.42,0.0,55.38,2.17
2014-04-02,31.5,0.0,56.16,2.35
2014-04-03,30.88,0.0,61.1,2.25
2014-04-04,30.91,0.0,56.05,2.51
2014-04-05,31.21,0.0,58.64,2.73
2014-04-06,30.83,0.0,59.62,2.67
2014-04-07,30.75,0.03,59.25,2.13
2014-04-08,31.35,0.0,57.18,3.2
2014-04-09,31.9,0.0,57.55,2.95
2014-04-10,31.32,0.0,60.18,2.98
2014-04-11,31.84,0.0,55.68,2.73
2014-04-12,32.4,0.02,54.12,2.77
2014-04-13,31.82,0.0,57.85,2.72
2014-04-14,30.72,0.01,62.26,2.22
2014-04-15,30.01,0.04,61.08,1.78
2014-04-16,31.47,0.0,54.91,2.44
2014-04-17,32.17,0.0,55.03,2.85
2014-04-18,31.95,0.0,56.21,2.32
2014-04-19,30.81,0.0,61.43,1.92
2014-04-20,31.36,0.0,57.22,2.09
2014-04-21,31.3,0.0,57.71,2.16
2014-04-22,30.71,0.01,60.23,2.23
2014-04-23,30.76,3.27,61.93,2.25
2014-04-24,31.53,0.53,59.62,2.32
2014-04-25,31.86,0.06,61.65,2.8
2014-04-26,31.34,0.0,63.56,2.19
2014-04-27,31.15,0.26,66.17,2.38
2014-04-28,31.46,0.12,62.86,1.92
2014-04-29,30.65,0.19,58.63,2.34
2014-04-30,30.55,5.41,56.38,2.48
2014-05-01,29.99,2.17,63.66,2.09
2014-05-02,30.77,0.51,62.48,2.6
2014-05-03,30.65,1.53,64.6,2.48
2014-05-04,29.31,8.74,73.76,2.48
2014-05-05,28.3,9.37,77.56,2.45
2014-05-06,26.93,32.81,86.15,3.02
2014-05-07,27.19,42.85,85.68,4.17
2014-05-08,28.19,7.2,79.84,4.9
2014-05-09,29.24,0.33,77.23,4.07
2014-05-10,29.41,0.01,74.85,3.06
2014-05-11,29.52,0.05,74.6,1.85
2014-05-12,29.54,8.32,78.57,1.89
2014-05-13,29.49,6.45,76.47,2.28
2014-05-14,30.07,0.37,71.45,2.01
2014-05-15,29.1,0.0,71.78,1.8
2014-05-16,29.76,0.0,65.83,2.5
2014-05-17,29.72,0.0,65.62,1.75
2014-05-18,30.56,0.0,65.44,2.01
2014-05-19,30.6,0.02,68.88,2.53
2014-05-20,30.3,6.36,72.95,2.78
2014-05-21,29.82,4.9,69.43,2.95
2014-05-22,30.61,0.34,68.51,3.41
2014-05-23,30.0,0.64,71.01,2.54
2014-05-24,29.31,4.62,75.34,2.73
2014-05-25,29.33,0.05,71.65,3.37
2014-05-26,29.88,8.09,71.23,3.22
2014-05-27,29.45,0.7,73.82,2.91
2014-05-28,29.63,4.84,76.8,3.17
2014-05-29,29.42,0.45,75.52,3.12
2014-05-30,30.02,0.0,71.28,2.57
2014-05-31,30.97,0.0,67.6,2.49
2014-06-01,31.31,4.52,70.18,2.01
2014-06-02,30.32,3.26,71.05,2.19
2014-06-03,28.24,0.18,75.27,1.67
2014-06-04,30.12,0.0,67.62,2.92
2014-06-05,30.12,0.09,68.79,2.85
2014-06-06,30.6,0.02,67.21,2.01
2014-06-07,31.28,0.04,61.35,2.89
2014-06-08,31.66,0.02,56.91,3.29
2014-06-09,29.58,0.02,69.89,2.36
2014-06-10,28.99,0.02,71.63,3.91
2014-06-11,30.26,0.04,63.26,3.66
2014-06-12,30.6,0.01,61.84,2.99
2014-06-13,30.27,0.01,59.92,3.05
2014-06-14,30.48,0.75,61.64,2.56
2014-06-15,31.22,0.01,53.93,3.19
2014-06-16,31.12,0.0,56.84,3.17
2014-06-17,31.32,0.01,58.0,3.88
2014-06-18,30.9,0.14,60.14,3.93
2014-06-19,30.72,0.05,61.26,4.13
2014-06-20,30.34,0.0,64.04,3.95
2014-06-21,31.25,0.24,56.45,3.72
2014-06-22,30.68,0.48,56.57,2.89
2014-06-23,31.44,0.0,55.89,3.22
2014-06-24,32.24,0.0,54.78,3.28
2014-06-25,31.65,0.0,54.56,3.31
2014-06-26,31.02,0.0,59.24,2.34
2014-06-27,31.06,0.0,62.29,2.3
2014-06-28,30.51,0.76,66.57,2.43
2014-06-29,31.57,0.34,60.85,2.79
2014-06-30,30.61,8.15,62.66,3.52
2014-07-01,29.74,0.9,68.67,2.04
2014-07-02,30.8,0.01,59.6,2.22
2014-07-03,31.18,0.0,55.7,2.86
2014-07-04,31.65,0.13,55.24,2.97
2014-07-05,30.99,0.92,60.77,2.26
2014-07-06,31.13,2.02,56.14,2.31
2014-07-07,30.3,2.77,56.21,3.08
2014-07-08,29.89,0.03,55.71,3.59
2014-07-09,30.68,0.03,50.45,3.97
2014-07-10,30.67,0.06,52.59,4.77
2014-07-11,30.1,0.02,57.72,4.68
2014-07-12,30.56,0.01,55.82,4.86
2014-07-13,30.93,0.08,51.84,5.6
2014-07-14,30.95,0.09,50.29,5.35
2014-07-15,30.86,0.28,51.6,4.65
2014-07-16,30.74,0.0,52.98,3.96
2014-07-17,31.12,0.0,53.69,2.75
2014-07-18,31.64,0.01,49.79,3.25
2014-07-19,31.97,0.03,49.55,4.29
2014-07-20,31.8,0.07,50.55,4.5
2014-07-21,31.12,0.13,53.49,4.27
2014-07-22,31.28,0.02,50.38,4.46
2014-07-23,30.87,0.26,50.25,4.6
2014-07-24,31.83,0.02,42.93,4.41
2014-07-25,30.67,0.02,50.74,3.93
2014-07-26,32.08,0.07,45.86,3.5
2014-07-27,31.52,0.01,50.52,3.44
2014-07-28,31.18,0.0,51.34,4.18
2014-07-29,32.19,0.0,47.61,4.55
2014-07-30,32.34,0.01,48.65,4.17
2014-07-31,31.69,0.4,51.47,4.05
2014-08-01,31.17,0.27,56.24,4.26
2014-08-02,30.93,0.06,53.75,3.57
2014-08-03,31.24,0.46,53.19,3.47
2014-08-04,31.39,0.19,48.27,4.31
2014-08-05,31.77,0.03,47.41,4.04
2014-08-06,31.63,0.46,48.82,2.88
2014-08-07,31.51,0.34,49.05,2.04
2014-08-08,31.6,0.98,48.94,2.32
2014-08-09,29.98,8.71,57.98,1.07
2014-08-10,29.2,3.25,63.94,2.02
2014-08-11,29.48,0.43,60.79,2.52
2014-08-12,28.84,0.05,65.34,2.06
2014-08-13,28.07,0.12,66.5,2.35
2014-08-14,28.31,0.17,65.79,2.82
2014-08-15,27.72,2.14,70.52,2.11
2014-08-16,27.32,17.59,73.35,2.21
2014-08-17,27.37,3.85,74.05,1.57
2014-08-18,27.41,30.89,79.07,1.57
2014-08-19,28.08,3.87,76.28,1.76
2014-08-20,28.9,0.17,71.61,2.64
2014-08-21,29.36,0.09,70.14,3.04
2014-08-22,28.5,6.71,74.74,2.97
2014-08-23,27.84,9.52,74.7,4.91
2014-08-24,28.16,2.3,72.64,3.82
2014-08-25,28.97,0.04,65.99,2.84
2014-08-26,28.47,0.0,68.44,3.3
2014-08-27,28.16,0.0,69.1,3.6
2014-08-28,28.42,0.02,67.84,3.98
2014-08-29,28.69,0.17,67.38,4.27
2014-08-30,29.21,0.29,64.19,4.53
2014-08-31,28.87,0.11,64.83,3.91
2014-09-01,29.21,0.08,67.4,4.13
2014-09-02,29.13,1.93,68.98,3.76
2014-09-03,27.86,0.5,69.03,3.6
2014-09-04,29.38,0.05,64.29,2.42
2014-09-05,29.13,3.61,62.69,2.28
2014-09-06,28.9,0.36,61.13,3.13
2014-09-07,28.5,0.09,62.65,3.91
2014-09-08,29.56,0.0,62.32,3.55
2014-09-09,29.42,0.32,62.68,2.52
2014-09-10,30.36,0.3,59.26,1.94
2014-09-11,30.48,0.0,58.01,2.25
2014-09-12,28.7,14.52,67.57,2.34
2014-09-13,29.24,0.05,65.55,2.13
2014-09-14,29.04,1.32,67.8,2.35
2014-09-15,29.8,0.06,62.8,2.0
2014-09-16,29.42,0.0,62.18,2.59
2014-09-17,30.67,0.0,59.23,3.12
2014-09-18,30.18,0.0,59.52,2.87
2014-09-19,30.52,0.01,59.56,2.3
2014-09-20,30.99,0.01,57.12,2.09
2014-09-21,30.5,0.09,59.77,2.05
2014-09-22,30.55,1.11,63.17,1.46
2014-09-23,30.58,4.31,66.57,1.36
2014-09-24,29.95,2.47,70.27,1.66
2014-09-25,28.63,3.42,74.89,1.78
2014-09-26,28.24,4.09,76.32,1.74
2014-09-27,27.69,10.76,79.48,1.51
2014-09-28,27.35,9.39,80.62,1.44
2014-09-29,27.86,9.53,78.23,1.28
2014-09-30,27.34,11.8,81.22,1.4
2014-10-01,28.45,1.96,73.09,1.29
2014-10-02,29.16,0.07,68.13,1.96
2014-10-03,28.77,0.0,68.02,1.48
2014-10-04,28.38,0.23,73.07,1.67
2014-10-05,29.08,1.5,72.18,1.55
2014-10-06,28.64,9.24,75.54,1.59
2014-10-07,28.02,3.9,75.29,2.23
2014-10-08,28.56,2.79,72.18,1.77
2014-10-09,28.4,3.21,75.11,1.69
2014-10-10,28.3,0.56,78.38,1.29
2014-10-11,29.39,0.01,63.11,2.25
2014-10-12,28.71,0.13,64.22,2.22
2014-10-13,29.16,0.29,71.14,2.61
2014-10-14,28.62,0.34,76.7,2.72
2014-10-15,27.68,5.91,79.74,1.91
2014-10-16,27.95,7.79,73.27,2.59
2014-10-17,25.81,30.21,82.77,1.77
2014-10-18,25.57,18.15,87.55,3.84
2014-10-19,25.29,26.22,87.06,3.09
2014-10-20,25.58,17.06,86.14,2.77
2014-10-21,25.46,9.94,85.36,3.06
2014-10-22,25.88,12.46,85.79,2.64
2014-10-23,26.12,7.43,84.81,1.87
2014-10-24,26.34,1.73,81.77,1.31
2014-10-25,26.67,22.93,84.52,1.28
2014-10-26,25.97,5.57,88.63,0.94
2014-10-27,26.57,7.34,85.64,1.58
2014-10-28,26.73,4.13,83.28,1.34
2014-10-29,25.72,8.46,88.79,1.52
2014-10-30,25.83,2.81,88.67,2.29
2014-10-31,25.33,0.02,83.36,2.33
2014-11-01,25.09,34.77,86.24,1.51
2014-11-02,25.22,23.61,88.19,2.12
2014-11-03,24.93,17.13,85.51,2.17
2014-11-04,24.2,2.37,86.2,1.66
2014-11-05,25.81,0.04,79.85,1.81
2014-11-06,25.16,0.0,70.56,1.77
2014-11-07,25.91,0.0,70.24,1.03
2014-11-08,26.26,0.0,77.09,0.94
2014-11-09,26.61,0.51,81.83,1.34
2014-11-10,26.5,0.27,82.59,1.49
2014-11-11,26.44,4.29,86.14,2.26
2014-11-12,25.98,6.28,86.98,3.1
2014-11-13,25.08,13.15,91.3,1.99
2014-11-14,26.36,5.85,88.27,2.52
2014-11-15,26.21,6.79,86.6,3.0
2014-11-16,25.62,2.8,87.19,3.02
2014-11-17,25.4,8.28,86.66,3.76
2014-11-18,25.12,18.6,89.72,3.53
2014-11-19,25.6,8.87,88.81,3.82
2014-11-20,25.22,5.04,87.69,3.72
2014-11-21,24.88,11.53,90.11,3.38
2014-11-22,25.25,4.37,87.98,2.94
2014-11-23,24.95,4.24,89.45,3.17
2014-11-24,24.78,2.63,87.15,4.06
2014-11-25,23.79,0.47,85.42,3.77
2014-11-26,23.76,1.53,87.54,3.54
2014-11-27,23.63,20.5,89.8,3.35
2014-11-28,21.67,13.54,88.77,3.51
2014-11-29,21.87,6.97,85.52,3.64
2014-11-30,22.66,3.27,88.66,4.67
2014-12-01,24.11,8.96,90.62,4.17
2014-12-02,24.48,0.74,87.05,3.93
2014-12-03,23.72,0.0,82.93,3.07
2014-12-04,22.78,0.0,84.51,2.66
2014-12-05,22.77,0.0,84.09,2.72
2014-12-06,23.48,0.0,86.06,3.09
2014-12-07,24.43,0.37,89.36,2.78
2014-12-08,25.15,1.09,88.98,2.69
2014-12-09,24.91,0.92,89.09,2.29
2014-12-10,25.01,3.59,90.33,2.23
2014-12-11,24.76,0.32,89.71,2.04
2014-12-12,24.92,2.8,89.54,2.43
2014-12-13,24.77,1.07,89.51,2.61
2014-12-14,25.17,0.77,87.35,2.66
2014-12-15,25.23,0.07,86.98,2.9
2014-12-16,25.72,2.6,88.87,3.7
2014-12-17,25.26,7.48,89.47,4.19
2014-12-18,24.88,4.34,89.5,4.19
2014-12-19,24.81,3.54,88.93,4.32
2014-12-20,23.27,0.8,88.76,3.68
2014-12-21,24.05,0.37,85.28,3.33
2014-12-22,24.02,0.04,87.03,3.67
2014-12-23,24.97,0.75,85.42,3.4
2014-12-24,25.0,1.34,85.59,3.74
2014-12-25,24.68,0.15,83.45,3.71
2014-12-26,23.15,0.04,78.39,3.47
2014-12-27,23.28,1.56,81.7,3.43
2014-12-28,23.19,5.31,89.25,3.42
2014-12-29,25.04,2.96,83.65,3.37
2014-12-30,25.9,0.15,79.56,2.16
2014-12-31,25.17,4.68,86.18,1.45
2015-01-01,25.91,2.6,85.27,2.63
2015-01-02,25.15,0.0,82.29,1.74
2015-01-03,24.99,0.0,80.31,1.27
2015-01-04,25.45,0.0,82.58,1.89
2015-01-05,25.13,0.0,82.11,2.41
2015-01-06,24.98,0.0,80.55,2.47
2015-01-07,24.39,0.0,80.22,2.45
2015-01-08,24.66,0.0,80.64,1.93
2015-01-09,24.57,0.0,81.16,2.52
2015-01-10,23.86,0.0,74.97,3.3
2015-01-11,22.77,0.0,75.73,3.43
2015-01-12,22.85,0.0,72.9,3.31
2015-01-13,22.86,0.0,75.75,3.11
2015-01-14,23.3,0.0,74.71,2.85
2015-01-15,23.21,0.0,73.74,2.62
2015-01-16,24.45,0.08,79.82,2.68
2015-01-17,24.96,0.06,79.72,3.29
2015-01-18,24.63,0.02,77.01,3.3
2015-01-19,24.06,0.07,74.11,3.18
2015-01-20,23.83,0.0,75.59,2.91
2015-01-21,23.66,0.0,75.43,3.28
2015-01-22,24.39,0.01,77.67,3.21
2015-01-23,25.64,1.0,77.64,2.98
2015-01-24,25.57,0.19,77.17,3.36
2015-01-25,25.41,0.02,70.5,3.62
2015-01-26,24.89,0.0,73.78,3.65
2015-01-27,25.13,0.0,74.71,3.42
2015-01-28,25.73,0.0,74.13,3.44
2015-01-29,26.07,0.0,72.56,3.06
2015-01-30,26.19,0.0,70.2,3.14
2015-01-31,25.71,0.0,67.45,3.63
2015-02-01,25.49,0.0,71.34,3.53
2015-02-02,25.21,0.0,69.41,3.89
2015-02-03,25.58,0.02,69.08,4.3
2015-02-04,24.32,2.92,77.55,3.66
2015-02-05,25.49,1.04,73.21,3.86
2015-02-06,25.46,0.0,72.01,3.43
2015-02-07,25.86,0.0,69.79,3.32
2015-02-08,25.96,0.0,66.85,3.18
2015-02-09,26.06,0.01,68.97,3.45
2015-02-10,25.79,0.05,70.92,3.52
2015-02-11,26.43,0.01,72.92,3.51
2015-02-12,27.18,0.0,70.55,3.81
2015-02-13,27.4,0.0,69.64,3.2
2015-02-14,27.02,0.0,66.63,2.83
2015-02-15,26.45,0.0,65.46,2.73
2015-02-16,26.25,0.0,63.86,2.74
2015-02-17,25.99,0.0,62.42,2.28
2015-02-18,25.92,0.0,60.7,2.27
2015-02-19,26.29,0.0,58.81,2.33
2015-02-20,26.07,0.0,62.57,3.25
2015-02-21,26.45,0.0,65.05,3.68
2015-02-22,26.4,0.0,63.16,3.69
2015-02-23,26.53,0.0,62.63,3.51
2015-02-24,27.05,0.1,66.32,3.28
2015-02-25,28.01,0.06,66.71,2.86
2015-02-26,28.35,4.44,68.51,2.04
2015-02-27,28.52,1.93,68.75,1.89
2015-02-28,28.66,0.31,67.55,2.41
2015-03-01,28.88,0.0,65.61,2.77
2015-03-02,29.29,0.0,65.85,2.66
2015-03-03,29.47,0.01,60.56,2.71
2015-03-04,29.62,0.02,58.28,2.03
2015-03-05,29.34,0.01,65.14,2.39
2015-03-06,29.89,0.08,62.85,2.59
2015-03-07,29.58,0.32,61.1,2.99
2015-03-08,28.73,0.0,63.75,2.95
2015-03-09,28.98,0.01,63.14,2.98
2015-03-10,28.41,0.0,58.99,3.34
2015-03-11,28.11,0.0,62.02,3.51
2015-03-12,29.02,0.0,62.96,4.03
2015-03-13,29.05,0.06,62.73,3.88
2015-03-14,28.6,3.12,65.77,3.22
2015-03-15,28.64,1.66,69.94,2.98
2015-03-16,28.91,2.34,67.2,3.31
2015-03-17,28.29,1.06,62.65,2.46
2015-03-18,27.91,0.0,58.44,1.8
2015-03-19,28.42,0.0,54.09,1.9
2015-03-20,28.71,0.0,62.26,2.58
2015-03-21,29.05,0.0,60.02,2.92
2015-03-22,29.58,0.0,59.21,2.3
2015-03-23,30.15,0.0,57.9,2.14
2015-03-24,30.07,0.0,61.4,2.55
2015-03-25,29.85,0.0,57.07,2.64
2015-03-26,30.09,0.01,58.81,3.02
2015-03-27,30.17,0.16,59.16,3.59
2015-03-28,29.98,0.74,64.02,3.3
2015-03-29,30.51,0.28,61.14,3.11
2015-03-30,30.68,0.02,59.02,2.74
2015-03-31,30.27,0.33,62.7,2.41
2015-04-01,30.15,7.04,65.55,2.14
2015-04-02,29.92,2.77,68.16,2.14
2015-04-03,31.49,0.05,60.98,2.77
2015-04-04,31.97,0.05,60.41,2.75
2015-04-05,31.28,0.0,63.12,3.08
2015-04-06,30.94,0.0,62.84,2.59
2015-04-07,30.04,0.0,66.9,2.34
2015-04-08,29.65,0.43,62.69,1.67
2015-04-09,29.57,0.29,65.2,2.17
2015-04-10,30.34,0.1,64.75,2.24
2015-04-11,30.95,0.41,61.91,2.56
2015-04-12,29.49,4.93,68.27,1.88
2015-04-13,28.6,6.77,67.82,2.16
2015-04-14,28.77,3.34,65.18,1.41
2015-04-15,27.84,25.76,77.26,1.95
2015-04-16,27.83,18.81,78.94,1.72
2015-04-17,28.65,15.59,72.43,1.43
2015-04-18,28.73,8.16,73.01,1.48
2015-04-19,29.74,0.58,69.36,1.47
2015-04-20,29.29,4.79,71.25,1.9
2015-04-21,28.35,6.05,76.34,1.89
2015-04-22,27.64,1.36,80.84,1.29
2015-04-23,29.54,0.48,70.78,2.79
2015-04-24,29.36,4.34,72.82,2.24
2015-04-25,27.99,6.19,71.63,1.83
2015-04-26,29.12,1.09,65.28,2.0
2015-04-27,29.09,0.78,70.17,1.75
2015-04-28,29.78,0.08,67.55,1.73
2015-04-29,30.29,0.03,65.23,2.37
2015-04-30,30.7,0.03,66.69,2.38
2015-05-01,30.1,0.0,69.97,2.33
2015-05-02,30.29,0.0,68.01,2.65
2015-05-03,30.27,0.0,69.6,2.1
2015-05-04,29.95,0.75,71.77,2.32
2015-05-05,29.53,3.54,69.72,1.67
2015-05-06,28.86,4.2,74.22,1.54
2015-05-07,28.51,4.36,76.45,1.89
2015-05-08,30.03,6.87,68.04,1.59
2015-05-09,29.34,8.53,75.98,1.08
2015-05-10,29.48,1.68,70.15,1.82
2015-05-11,28.31,25.49,70.37,2.03
2015-05-12,28.23,22.53,68.82,1.17
2015-05-13,26.69,22.07,81.44,1.67
2015-05-14,27.74,23.31,79.92,1.35
2015-05-15,27.91,18.11,84.31,1.3
2015-05-16,27.54,10.69,88.97,3.48
2015-05-17,27.3,4.91,88.81,3.93
2015-05-18,28.06,1.43,83.78,3.34
2015-05-19,28.0,0.05,85.45,3.96
2015-05-20,28.33,0.0,81.73,3.92
2015-05-21,28.98,0.0,79.05,3.75
2015-05-22,28.6,0.0,80.62,4.21
2015-05-23,28.29,0.01,80.76,3.73
2015-05-24,28.95,0.0,74.59,2.89
2015-05-25,29.11,0.0,76.79,2.26
2015-05-26,29.55,0.0,74.4,3.04
2015-05-27,29.11,4.81,75.58,2.18
2015-05-28,28.31,6.3,72.11,2.7
2015-05-29,29.32,0.14,74.23,2.17
2015-05-30,28.72,6.08,79.97,2.07
2015-05-31,28.23,1.76,79.7,3.61
2015-06-01,28.65,0.06,75.21,3.16
2015-06-02,28.45,12.33,77.68,2.15
2015-06-03,28.91,1.8,77.66,2.34
2015-06-04,28.5,0.67,79.78,2.21
2015-06-05,27.37,15.95,86.54,1.7
2015-06-06,28.86,0.71,76.08,1.99
2015-06-07,28.95,0.02,77.09,3.63
2015-06-08,28.64,0.38,74.95,3.75
2015-06-09,28.76,0.1,73.2,2.46
2015-06-10,28.36,2.08,78.9,1.87
2015-06-11,28.9,2.69,75.91,2.36
2015-06-12,28.38,0.0,75.97,2.23
2015-06-13,28.44,6.54,75.1,2.93
2015-06-14,28.74,0.18,70.7,2.77
2015-06-15,28.94,0.25,66.51,2.96
2015-06-16,27.67,0.42,67.96,3.56
2015-06-17,27.56,0.07,69.53,3.03
2015-06-18,28.41,1.12,69.77,3.05
2015-06-19,28.81,0.12,67.88,3.81
2015-06-20,29.54,0.04,66.97,4.43
2015-06-21,29.32,0.11,67.9,4.96
2015-06-22,29.85,0.01,67.81,4.45
2015-06-23,28.84,0.69,74.63,4.33
2015-06-24,29.7,0.1,70.13,4.55
2015-06-25,29.22,0.02,73.46,4.02
2015-06-26,28.49,0.04,63.6,4.87
2015-06-27,29.13,0.95,62.06,4.45
2015-06-28,29.9,0.52,67.33,2.49
2015-06-29,28.73,0.85,70.31,4.52
2015-06-30,29.83,5.54,60.62,2.51
2015-07-01,28.8,6.89,74.81,3.35
2015-07-02,30.29,0.0,66.63,2.55
2015-07-03,30.33,0.0,65.81,2.93
2015-07-04,30.28,0.0,66.14,2.91
2015-07-05,30.78,0.0,62.94,3.29
2015-07-06,30.47,0.0,59.68,4.06
2015-07-07,29.87,0.0,60.19,3.44
2015-07-08,29.91,0.0,61.61,3.46
2015-07-09,30.88,0.0,60.48,3.41
2015-07-10,30.39,0.01,63.44,3.43
2015-07-11,29.85,0.11,64.96,3.52
2015-07-12,30.51,0.12,60.03,2.59
2015-07-13,31.02,0.01,59.0,2.71
2015-07-14,31.31,0.0,58.98,2.8
2015-07-15,30.12,0.01,64.08,2.81
2015-07-16,30.72,0.0,59.19,3.76
2015-07-17,29.75,0.04,57.62,4.45
2015-07-18,30.15,0.02,55.89,4.47
2015-07-19,28.81,0.39,60.0,3.92
2015-07-20,29.59,0.01,59.55,3.35
2015-07-21,30.01,5.61,64.01,2.82
2015-07-22,29.51,1.98,66.61,2.21
2015-07-23,29.19,1.09,65.92,2.32
2015-07-24,29.31,0.11,65.09,3.28
2015-07-25,29.71,0.13,62.63,2.67
2015-07-26,29.07,0.01,60.83,2.88
2015-07-27,30.1,0.08,57.88,2.32
2015-07-28,29.88,4.27,60.86,2.58
2015-07-29,29.15,2.62,68.2,2.17
2015-07-30,29.65,0.0,62.4,2.72
2015-07-31,30.08,0.0,59.89,2.56
2015-08-01,30.02,0.43,61.84,2.08
2015-08-02,30.2,0.41,61.21,1.99
2015-08-03,29.52,3.13,64.88,2.09
2015-08-04,29.91,0.08,62.78,2.77
2015-08-05,29.85,0.0,58.9,4.04
2015-08-06,31.02,0.01,54.54,3.52
2015-08-07,29.86,0.01,59.47,3.36
2015-08-08,30.67,0.01,59.23,2.69
2015-08-09,30.96,0.0,57.32,3.69
2015-08-10,30.75,1.42,56.48,3.6
2015-08-11,30.33,0.09,61.47,2.09
2015-08-12,30.84,0.01,56.8,3.19
2015-08-13,30.82,0.02,57.5,3.17
2015-08-14,31.76,0.39,54.17,2.7
2015-08-15,31.35,0.94,58.06,2.21
2015-08-16,27.48,32.57,80.29,2.07
2015-08-17,28.84,3.27,71.2,2.05
2015-08-18,29.03,4.86,71.29,2.52
2015-08-19,28.38,2.96,74.17,3.56
2015-08-20,28.88,0.0,69.5,4.0
2015-08-21,29.36,2.4,68.16,3.79
2015-08-22,28.79,7.88,72.91,1.95
2015-08-23,29.47,0.81,64.46,2.12
2015-08-24,29.61,0.03,59.95,2.62
2015-08-25,30.54,0.01,57.1,2.42
2015-08-26,30.08,0.0,60.42,2.36
2015-08-27,29.67,0.01,62.9,2.86
2015-08-28,29.99,0.0,60.83,3.41
2015-08-29,31.3,0.0,60.87,2.76
2015-08-30,31.2,0.0,58.26,2.98
2015-08-31,31.31,0.0,58.43,2.59
2015-09-01,30.86,2.08,64.71,1.64
2015-09-02,29.31,8.99,72.11,1.98
2015-09-03,28.43,7.92,73.89,1.22
2015-09-04,28.56,0.9,73.5,1.87
2015-09-05,28.67,3.63,72.58,3.52
2015-09-06,27.54,2.54,78.4,4.03
2015-09-07,27.19,0.25,75.45,4.34
2015-09-08,29.0,0.09,62.62,4.3
2015-09-09,28.74,0.82,66.2,4.19
2015-09-10,28.9,0.6,67.43,3.97
2015-09-11,28.6,0.03,71.17,3.94
2015-09-12,29.84,0.12,64.97,3.24
2015-09-13,29.91,0.01,63.37,3.05
2015-09-14,30.89,0.0,57.06,3.84
2015-09-15,29.66,0.01,63.97,4.15
2015-09-16,30.93,0.03,60.14,4.39
2015-09-17,30.27,0.15,58.29,3.73
2015-09-18,30.56,0.12,59.46,2.52
2015-09-19,30.12,0.01,62.94,3.09
2015-09-20,29.82,0.01,66.71,2.68
2015-09-21,29.46,0.0,62.47,2.09
2015-09-22,30.92,0.09,63.07,2.59
2015-09-23,29.92,0.43,67.67,1.86
2015-09-24,29.46,0.39,67.28,3.51
2015-09-25,30.19,0.31,66.2,2.93
2015-09-26,30.85,1.56,64.37,3.09
2015-09-27,28.49,31.62,78.2,1.45
2015-09-28,28.28,7.1,76.41,1.94
2015-09-29,26.67,48.26,86.41,2.46
2015-09-30,26.44,15.0,84.39,1.98
2015-10-01,26.64,5.93,83.72,3.04
2015-10-02,27.04,13.15,83.11,3.28
2015-10-03,28.26,2.85,76.55,2.18
2015-10-04,27.11,3.39,84.36,1.57
2015-10-05,27.0,9.73,83.44,1.39
2015-10-06,27.71,8.23,75.59,2.29
2015-10-07,27.52,7.54,78.79,2.78
2015-10-08,27.24,2.57,80.99,3.45
2015-10-09,27.64,0.06,76.59,2.98
2015-10-10,28.07,1.17,77.45,2.71
2015-10-11,27.8,5.36,79.89,1.55
2015-10-12,26.91,8.07,86.54,0.99
2015-10-13,27.08,0.85,81.13,1.26
2015-10-14,27.86,1.23,76.17,1.39
2015-10-15,27.89,0.33,74.16,1.57
2015-10-16,27.88,0.01,73.16,1.91
2015-10-17,27.65,0.08,77.5,2.46
2015-10-18,27.37,6.65,84.75,2.3
2015-10-19,27.52,6.08,84.23,2.0
2015-10-20,27.72,1.62,80.63,1.81
2015-10-21,28.08,0.3,76.32,2.02
2015-10-22,28.09,0.03,73.62,2.04
2015-10-23,28.22,0.36,71.42,2.07
2015-10-24,27.37,9.53,82.26,2.52
2015-10-25,27.01,2.52,74.86,3.34
2015-10-26,27.11,0.34,72.15,2.93
2015-10-27,26.4,5.11,79.4,2.49
2015-10-28,26.55,14.44,81.71,2.09
2015-10-29,26.69,1.57,78.45,2.47
2015-10-30,26.33,13.34,84.34,2.06
2015-10-31,25.95,9.58,89.18,1.58
2015-11-01,26.19,16.26,87.07,2.56
2015-11-02,25.68,17.09,88.15,1.22
2015-11-03,26.41,7.07,83.3,1.32
2015-11-04,26.71,16.19,83.95,1.61
2015-11-05,26.6,15.01,85.71,1.38
2015-11-06,26.09,10.93,88.01,2.31
2015-11-07,26.09,17.58,89.42,2.8
2015-11-08,25.48,19.53,91.91,2.35
2015-11-09,25.7,8.31,88.63,3.24
2015-11-10,27.25,3.68,82.57,2.69
2015-11-11,26.19,2.34,86.54,1.14
2015-11-12,26.51,3.4,85.61,1.44
2015-11-13,24.93,13.98,90.69,1.91
2015-11-14,24.66,9.34,91.81,2.56
2015-11-15,25.18,27.76,90.18,2.65
2015-11-16,25.29,3.88,88.73,2.32
2015-11-17,26.24,2.39,87.45,1.16
2015-11-18,26.03,6.69,93.98,1.62
2015-11-19,26.17,2.77,90.86,1.9
2015-11-20,25.84,9.06,91.15,2.31
2015-11-21,25.66,7.75,88.14,2.89
2015-11-22,25.86,25.13,91.91,2.99
2015-11-23,25.72,8.93,90.28,2.05
2015-11-24,26.19,3.25,89.58,2.91
2015-11-25,25.12,0.17,85.89,3.04
2015-11-26,24.55,0.23,87.42,2.69
2015-11-27,25.19,0.88,89.22,2.75
2015-11-28,24.66,0.81,89.03,2.92
2015-11-29,24.86,26.96,91.76,2.94
2015-11-30,24.8,14.68,91.17,3.18
2015-12-01,25.07,9.41,92.36,3.02
2015-12-02,25.19,9.01,92.88,1.34
2015-12-03,24.93,6.61,90.04,4.01
2015-12-04,25.02,6.49,92.42,3.88
2015-12-05,25.2,13.66,93.72,3.7
2015-12-06,25.63,11.04,94.23,3.29
2015-12-07,25.55,16.72,92.83,3.64
2015-12-08,24.27,21.78,93.56,4.02
2015-12-09,24.72,4.97,92.81,2.8
2015-12-10,25.66,6.88,92.54,2.58
2015-12-11,25.65,3.42,90.52,2.51
2015-12-12,25.75,2.04,89.56,2.16
2015-12-13,25.96,0.08,86.34,1.36
2015-12-14,26.06,4.09,89.73,2.26
2015-12-15,25.71,0.23,88.07,2.53
2015-12-16,24.03,0.01,86.11,2.48
2015-12-17,24.66,0.23,88.42,2.09
2015-12-18,25.21,10.79,89.92,2.65
2015-12-19,25.42,5.72,89.0,2.75
2015-12-20,25.03,1.68,88.64,2.81
2015-12-21,23.7,0.03,84.93,2.21
2015-12-22,23.5,0.0,86.34,2.17
2015-12-23,24.41,0.0,86.22,2.51
2015-12-24,23.95,0.0,86.03,2.4
2015-12-25,23.92,0.02,85.63,2.89
2015-12-26,24.14,0.04,87.47,3.65
2015-12-27,24.6,6.95,88.17,4.1
2015-12-28,24.22,5.15,89.23,4.49
2015-12-29,24.22,1.55,88.88,4.03
2015-12-30,24.04,0.05,86.08,3.51
2015-12-31,23.81,0.0,84.5,3.61
2016-01-01,23.11,0.01,83.57,3.57
2016-01-02,22.85,0.01,84.64,3.6
2016-01-03,22.23,0.01,84.5,3.16
2016-01-04,22.7,0.0,84.89,2.97
2016-01-05,23.26,0.08,85.68,3.06
2016-01-06,23.74,0.26,85.97,3.34
2016-01-07,23.8,0.02,85.96,2.98
2016-01-08,23.43,0.0,85.41,2.97
2016-01-09,23.37,0.0,85.6,2.69
2016-01-10,23.18,0.0,86.22,3.05
2016-01-11,23.13,0.0,83.37,3.03
2016-01-12,22.62,0.0,82.88,2.93
2016-01-13,22.64,0.0,83.91,2.39
2016-01-14,22.09,0.0,82.91,2.56
2016-01-15,22.09,0.0,82.42,2.33
2016-01-16,22.68,0.0,83.18,2.43
2016-01-17,23.07,0.0,82.75,2.2
2016-01-18,23.31,0.0,83.08,2.05
2016-01-19,24.67,0.0,83.46,2.01
2016-01-20,25.25,0.06,82.21,1.98
2016-01-21,25.67,0.03,83.2,2.41
2016-01-22,25.38,0.0,83.0,2.58
2016-01-23,25.3,0.01,83.81,3.08
2016-01-24,25.9,0.25,83.71,3.08
2016-01-25,26.0,0.07,81.65,2.99
2016-01-26,25.45,0.0,80.2,2.54
2016-01-27,25.14,0.0,78.72,2.51
2016-01-28,24.43,0.0,77.06,2.07
2016-01-29,24.16,0.0,76.99,2.35
2016-01-30,24.29,0.0,78.33,2.61
2016-01-31,24.09,0.0,80.45,2.72
2016-02-01,24.1,0.0,77.13,2.23
2016-02-02,23.84,0.0,77.34,2.5
2016-02-03,24.06,0.0,76.31,2.15
2016-02-04,24.34,0.0,72.22,2.64
2016-02-05,25.09,0.0,73.45,2.65
2016-02-06,25.1,0.0,76.32,2.04
2016-02-07,26.68,0.02,74.66,2.34
2016-02-08,26.83,0.01,74.81,2.56
2016-02-09,26.49,0.0,74.02,2.26
2016-02-10,26.42,0.01,71.35,2.25
2016-02-11,26.47,0.01,69.23,2.28
2016-02-12,26.37,0.0,67.97,2.29
2016-02-13,26.64,0.0,69.26,2.2
2016-02-14,26.14,0.0,71.34,2.48
2016-02-15,26.83,0.0,70.68,2.95
2016-02-16,27.25,0.0,69.88,3.27
2016-02-17,27.25,0.01,71.97,3.56
2016-02-18,27.61,0.01,71.97,3.93
2016-02-19,27.69,0.0,71.79,3.25
2016-02-20,28.36,0.01,71.83,2.8
2016-02-21,28.73,0.04,68.57,2.29
2016-02-22,28.6,0.04,66.04,2.26
2016-02-23,27.52,0.0,63.82,2.19
2016-02-24,27.95,0.0,61.21,1.8
2016-02-25,28.94,0.0,68.4,2.37
2016-02-26,28.61,0.0,68.37,3.4
2016-02-27,28.15,0.08,69.8,3.74
2016-02-28,28.46,0.1,71.69,3.48
2016-02-29,27.74,0.07,70.52,3.29
2016-03-01,28.18,0.44,70.73,3.19
2016-03-02,28.35,0.0,68.24,3.17
2016-03-03,27.34,0.0,69.52,2.78
2016-03-04,27.84,0.0,69.8,2.81
2016-03-05,28.63,0.01,66.52,2.78
2016-03-06,28.74,0.0,63.74,2.6
2016-03-07,28.96,0.0,63.19,2.64
2016-03-08,28.33,0.0,65.36,2.42
2016-03-09,29.39,0.0,62.33,1.98
2016-03-10,29.53,0.0,66.63,1.98
2016-03-11,30.46,0.0,62.82,2.05
2016-03-12,30.44,0.0,60.22,2.11
2016-03-13,30.34,0.03,57.72,1.77
2016-03-14,30.51,0.0,61.03,2.38
2016-03-15,30.63,0.0,59.94,2.35
2016-03-16,30.76,0.18,61.54,2.34
2016-03-17,31.08,0.03,59.19,2.15
2016-03-18,30.52,0.0,57.1,2.46
2016-03-19,30.83,0.0,54.02,2.02
2016-03-20,30.8,0.0,51.74,2.19
2016-03-21,31.11,0.0,54.39,2.34
2016-03-22,31.74,0.02,58.05,3.27
2016-03-23,32.23,0.01,56.4,2.84
2016-03-24,31.49,0.0,55.19,2.61
2016-03-25,30.16,0.0,58.06,2.89
2016-03-26,30.25,0.0,54.12,2.71
2016-03-27,30.92,0.0,54.09,2.61
2016-03-28,31.23,2.92,60.25,3.18
2016-03-29,30.96,0.69,63.66,2.96
2016-03-30,31.22,0.83,61.52,2.74
2016-03-31,31.35,0.0,58.89,2.47
2016-04-01,31.84,0.01,54.31,2.17
2016-04-02,31.86,0.0,54.1,2.09
2016-04-03,32.08,0.0,53.02,2.12
2016-04-04,31.92,0.0,53.44,2.25
2016-04-05,32.08,0.0,55.4,2.6
2016-04-06,32.53,0.01,56.54,3.06
2016-04-07,32.26,0.04,58.61,2.57
2016-04-08,32.04,0.15,60.07,2.34
2016-04-09,31.17,6.97,65.05,2.07
2016-04-10,31.22,1.98,64.72,1.94
2016-04-11,31.98,0.09,58.96,2.14
2016-04-12,32.5,0.0,59.06,3.29
2016-04-13,33.73,0.0,54.19,2.99
2016-04-14,32.94,0.08,59.48,3.78
2016-04-15,32.91,0.03,59.57,2.99
2016-04-16,32.45,0.0,60.51,3.3
2016-04-17,31.8,0.01,62.8,2.61
2016-04-18,32.08,0.04,62.97,2.82
2016-04-19,31.96,0.37,63.54,2.73
2016-04-20,31.7,0.17,64.13,2.3
2016-04-21,32.8,0.01,58.88,3.25
2016-04-22,33.28,0.01,57.87,2.72
2016-04-23,34.69,0.05,50.68,2.97
2016-04-24,34.12,0.02,53.84,3.42
2016-04-25,33.17,0.0,57.57,3.91
2016-04-26,32.29,0.48,60.81,2.73
2016-04-27,31.24,0.82,62.98,1.92
2016-04-28,32.09,0.01,60.58,2.85
2016-04-29,31.96,0.0,59.62,2.32
2016-04-30,32.62,0.01,55.95,2.92
2016-05-01,32.67,0.02,56.65,3.17
2016-05-02,33.36,0.0,54.9,3.36
2016-05-03,32.81,0.01,58.25,3.24
2016-05-04,32.87,0.04,59.62,3.12
2016-05-05,32.39,0.13,59.72,2.65
2016-05-06,32.24,1.56,59.98,2.81
2016-05-07,31.76,3.25,63.39,2.82
2016-05-08,32.99,0.95,56.24,2.31
2016-05-09,31.3,0.58,63.58,2.54
2016-05-10,31.66,0.75,59.08,2.51
2016-05-11,29.91,6.38,63.96,1.56
2016-05-12,31.03,0.64,59.19,2.41
2016-05-13,31.99,0.43,57.21,2.37
2016-05-14,31.16,2.44,63.22,2.22
2016-05-15,28.84,16.94,73.3,2.23
2016-05-16,26.48,55.99,81.34,4.63
2016-05-17,27.15,4.49,73.09,4.6
2016-05-18,29.78,3.77,70.15,4.14
2016-05-19,29.88,6.91,72.22,3.66
2016-05-20,29.9,2.07,72.28,3.76
2016-05-21,31.71,0.0,63.04,2.4
2016-05-22,31.91,0.0,65.06,2.37
2016-05-23,31.96,0.0,63.95,2.51
2016-05-24,31.44,0.0,65.5,3.28
2016-05-25,31.45,0.29,65.74,2.88
2016-05-26,31.43,0.06,63.79,2.71
2016-05-27,30.59,0.61,67.08,2.3
2016-05-28,30.27,0.61,66.94,3.31
2016-05-29,29.57,0.09,67.86,3.24
2016-05-30,30.03,3.25,66.88,2.14
2016-05-31,30.29,2.72,66.37,2.39
2016-06-01,30.5,0.9,66.15,1.75
2016-06-02,29.91,0.48,67.5,2.28
2016-06-03,29.7,0.02,68.21,3.49
2016-06-04,30.53,2.07,66.19,1.73
2016-06-05,30.95,2.11,65.04,2.99
2016-06-06,29.93,0.28,67.71,4.45
2016-06-07,29.21,2.41,76.62,4.82
2016-06-08,29.21,0.93,74.77,4.0
2016-06-09,28.4,0.12,76.92,4.73
2016-06-10,29.23,0.03,68.07,4.58
2016-06-11,29.73,0.71,67.45,3.66
2016-06-12,30.33,0.02,61.16,3.62
2016-06-13,30.69,0.0,58.09,3.73
2016-06-14,31.19,0.0,56.21,3.19
2016-06-15,31.34,0.0,54.58,4.27
2016-06-16,30.87,0.0,58.82,3.85
2016-06-17,30.13,0.09,61.93,2.89
2016-06-18,28.86,4.84,63.86,3.11
2016-06-19,29.65,1.43,60.94,2.17
2016-06-20,29.54,0.02,63.19,2.13
2016-06-21,28.81,0.06,66.3,1.15
2016-06-22,29.27,0.39,60.46,2.75
2016-06-23,27.87,2.31,62.52,4.09
2016-06-24,28.65,0.08,58.73,3.06
2016-06-25,30.18,0.04,53.83,3.47
2016-06-26,30.86,0.03,56.02,2.42
2016-06-27,31.07,0.08,57.21,3.72
2016-06-28,30.03,0.06,58.2,4.47
2016-06-29,29.8,0.73,61.16,4.18
2016-06-30,30.62,0.01,54.61,4.73
2016-07-01,31.09,0.0,51.2,4.99
2016-07-02,31.15,0.0,49.44,4.28
2016-07-03,31.89,0.0,49.43,3.69
2016-07-04,31.68,0.01,50.29,3.32
2016-07-05,32.15,0.0,51.92,2.26
2016-07-06,31.14,4.11,60.34,2.94
2016-07-07,30.98,0.02,56.39,2.56
2016-07-08,30.68,0.1,49.56,5.15
2016-07-09,30.81,0.04,53.57,5.42
2016-07-10,30.8,0.01,57.69,5.52
2016-07-11,31.76,0.01,53.33,4.72
2016-07-12,31.37,0.01,53.61,4.06
2016-07-13,31.91,0.0,49.7,2.71
2016-07-14,32.02,0.36,51.16,2.57
2016-07-15,30.9,4.07,57.69,2.73
2016-07-16,29.36,5.8,68.58,2.18
2016-07-17,27.34,7.93,77.16,1.77
2016-07-18,27.5,5.19,74.72,1.64
2016-07-19,29.18,0.14,63.57,2.04
2016-07-20,30.13,0.13,58.14,1.72
2016-07-21,29.94,0.15,57.27,2.51
2016-07-22,30.13,0.0,55.51,3.34
2016-07-23,29.43,0.01,58.65,2.97
2016-07-24,29.32,2.49,64.01,2.08
2016-07-25,28.56,21.06,72.23,1.57
2016-07-26,26.8,17.45,80.64,1.74
2016-07-27,27.29,5.96,77.71,1.61
2016-07-28,27.88,2.49,75.72,1.37
2016-07-29,29.05,1.1,68.76,2.32
2016-07-30,28.85,1.04,66.95,2.52
2016-07-31,29.47,0.01,64.5,2.88
2016-08-01,29.23,0.01,64.31,3.54
2016-08-02,28.9,0.0,62.74,3.54
2016-08-03,29.49,0.0,61.68,4.23
2016-08-04,29.94,0.0,60.84,4.04
2016-08-05,29.43,0.0,60.38,3.34
2016-08-06,30.33,0.0,56.73,2.99
2016-08-07,30.37,0.05,59.32,2.22
2016-08-08,30.68,0.0,59.12,2.43
2016-08-09,30.88,3.9,59.5,2.41
2016-08-10,30.6,0.55,61.11,2.0
2016-08-11,30.37,0.07,59.18,1.71
2016-08-12,30.91,0.03,58.63,2.36
2016-08-13,31.22,0.64,59.25,2.04
2016-08-14,31.17,0.04,57.16,2.58
2016-08-15,30.53,0.06,57.33,3.55
2016-08-16,30.76,0.0,55.64,4.32
2016-08-17,30.68,0.0,56.06,3.34
2016-08-18,31.36,0.04,55.87,2.85
2016-08-19,31.48,0.01,53.97,2.74
2016-08-20,31.49,0.06,57.2,2.11
2016-08-21,31.72,1.18,58.45,2.28
2016-08-22,30.96,0.23,60.52,2.37
2016-08-23,29.77,2.24,64.71,2.25
2016-08-24,30.22,0.14,62.1,2.18
2016-08-25,28.87,0.23,66.58,2.07
2016-08-26,28.85,10.18,69.51,1.97
2016-08-27,28.9,4.58,68.98,2.64
2016-08-28,30.04,3.57,63.97,2.11
2016-08-29,30.25,3.41,59.65,2.12
2016-08-30,29.05,9.05,65.89,2.55
2016-08-31,28.23,9.66,67.27,2.1
2016-09-01,28.45,3.84,62.16,2.54
2016-09-02,28.69,1.78,64.13,2.5
2016-09-03,29.73,0.25,60.04,2.29
2016-09-04,29.97,0.94,62.12,1.89
2016-09-05,29.75,0.02,60.12,1.97
2016-09-06,29.14,0.01,59.25,2.84
2016-09-07,30.09,0.0,54.81,2.3
2016-09-08,30.0,0.0,56.73,1.9
2016-09-09,30.71,0.62,58.38,2.1
2016-09-10,30.8,0.85,61.11,1.7
2016-09-11,29.72,0.05,60.53,2.51
2016-09-12,30.3,0.22,57.48,1.82
2016-09-13,30.49,0.4,59.03,1.91
2016-09-14,30.43,0.2,60.13,2.08
2016-09-15,30.78,0.7,59.64,2.02
2016-09-16,31.05,0.11,58.23,2.38
2016-09-17,30.67,0.0,58.73,2.14
2016-09-18,30.26,0.01,56.67,2.57
2016-09-19,31.02,0.06,55.34,2.1
2016-09-20,31.33,0.99,52.55,2.71
2016-09-21,30.79,0.18,56.43,2.45
2016-09-22,30.13,0.0,54.55,3.11
2016-09-23,30.57,0.0,52.09,2.71
2016-09-24,31.19,0.0,50.42,3.3
2016-09-25,31.55,0.01,51.59,2.25
2016-09-26,32.46,0.09,49.23,2.16
2016-09-27,31.59,0.78,54.49,1.68
2016-09-28,30.34,3.73,63.78,1.67
2016-09-29,29.16,3.55,71.2,1.48
2016-09-30,29.97,1.07,64.01,2.01
2016-10-01,30.62,0.0,56.93,2.26
2016-10-02,30.72,0.0,56.22,2.77
2016-10-03,30.88,0.0,56.54,2.77
2016-10-04,31.3,1.77,55.7,2.55
2016-10-05,29.38,7.37,66.35,2.57
2016-10-06,29.46,1.95,67.96,2.12
2016-10-07,29.61,0.13,62.65,1.87
2016-10-08,30.13,0.02,57.21,1.86
2016-10-09,30.89,0.0,55.37,2.01
2016-10-10,31.0,0.0,52.42,2.14
2016-10-11,31.45,0.22,51.09,2.07
2016-10-12,30.75,2.83,57.91,1.97
2016-10-13,29.54,3.28,66.81,1.32
2016-10-14,29.71,1.02,63.11,1.55
2016-10-15,29.42,0.31,62.8,1.79
2016-10-16,30.12,0.02,58.72,1.74
2016-10-17,30.14,0.01,58.29,1.74
2016-10-18,30.3,0.03,58.9,1.72
2016-10-19,30.32,0.58,58.77,1.57
2016-10-20,28.55,1.95,69.83,2.12
2016-10-21,26.7,4.89,79.69,1.7
2016-10-22,27.62,3.44,71.78,0.94
2016-10-23,28.17,3.15,71.69,1.58
2016-10-24,28.7,0.85,67.32,1.88
2016-10-25,28.82,1.88,65.38,1.76
2016-10-26,28.85,0.45,64.14,1.82
2016-10-27,29.5,0.02,59.06,1.62
2016-10-28,30.03,0.0,57.23,2.29
2016-10-29,31.02,1.41,56.95,2.01
2016-10-30,28.86,9.08,72.72,1.63
2016-10-31,27.12,16.38,84.4,1.27
2016-11-01,28.13,0.99,70.14,2.42
2016-11-02,27.21,11.05,77.89,2.73
2016-11-03,26.71,1.93,78.44,1.79
2016-11-04,27.98,0.31,73.87,2.39
2016-11-05,29.03,0.02,69.61,2.21
2016-11-06,28.94,0.34,68.43,1.92
2016-11-07,28.47,0.1,66.05,2.15
2016-11-08,27.85,0.83,67.65,2.43
2016-11-09,27.19,0.6,61.95,2.93
2016-11-10,26.83,0.01,61.57,2.63
2016-11-11,27.32,0.0,66.92,2.23
2016-11-12,28.05,0.08,69.35,2.59
2016-11-13,28.15,1.93,73.7,2.69
2016-11-14,28.01,2.44,74.98,2.64
2016-11-15,28.11,0.89,69.49,2.91
2016-11-16,27.44,4.57,75.15,3.41
2016-11-17,26.79,11.3,80.0,3.54
2016-11-18,27.09,3.16,74.39,3.89
2016-11-19,26.17,9.5,77.8,3.19
2016-11-20,26.67,2.31,74.31,3.22
2016-11-21,26.64,1.08,74.83,3.03
2016-11-22,27.37,0.85,71.83,3.43
2016-11-23,26.73,0.27,71.17,3.51
2016-11-24,25.78,0.0,66.3,3.37
2016-11-25,26.06,0.0,69.0,3.25
2016-11-26,26.29,0.0,66.51,3.01
2016-11-27,25.61,0.0,64.03,2.92
2016-11-28,24.64,0.0,64.82,2.13
2016-11-29,24.72,0.0,65.45,2.24
2016-11-30,24.65,0.14,66.24,2.44
2016-12-01,23.72,14.04,68.44,3.14
2016-12-02,24.28,26.68,84.7,2.2
2016-12-03,26.03,4.55,82.47,2.43
2016-12-04,26.54,1.52,78.53,2.08
2016-12-05,27.01,0.39,76.01,2.77
2016-12-06,25.92,0.1,68.45,3.55
2016-12-07,25.78,0.0,73.61,2.7
2016-12-08,26.73,1.12,73.77,2.75
2016-12-09,26.77,0.22,72.47,1.84
2016-12-10,27.0,0.0,69.45,1.32
2016-12-11,27.16,0.0,60.07,1.12
2016-12-12,27.26,0.08,57.7,2.23
2016-12-13,27.66,0.15,65.35,2.16
2016-12-14,26.45,0.03,68.94,2.06
2016-12-15,26.67,0.03,71.29,2.51
2016-12-16,26.49,0.28,74.14,2.79
2016-12-17,26.52,0.01,68.49,3.36
2016-12-18,26.18,0.0,68.49,3.12
2016-12-19,26.45,0.05,66.17,3.74
2016-12-20,26.06,3.04,79.32,3.9
2016-12-21,26.87,0.54,76.05,3.38
2016-12-22,26.45,0.0,66.28,2.68
2016-12-23,25.07,0.01,62.6,2.42
2016-12-24,24.35,0.0,64.51,2.38
2016-12-25,24.74,0.0,63.4,2.24
2016-12-26,25.72,0.0,64.15,2.72
2016-12-27,26.72,4.04,70.14,3.72
2016-12-28,26.2,7.21,79.93,4.12
2016-12-29,26.08,0.45,73.74,4.36
2016-12-30,25.6,0.0,66.67,3.74
2016-12-31,25.14,0.0,62.27,3.21
2017-01-01,25.6,0.02,68.64,3.43
2017-01-02,26.46,0.0,67.53,3.4
2017-01-03,26.2,0.0,63.02,3.47
2017-01-04,25.16,0.0,63.27,3.17
2017-01-05,25.57,0.0,63.98,3.07
2017-01-06,25.63,0.0,64.13,2.9
2017-01-07,25.47,0.0,64.48,2.71
2017-01-08,25.17,0.0,60.64,2.92
2017-01-09,24.78,0.0,58.18,2.71
2017-01-10,25.22,0.0,60.28,2.18
2017-01-11,25.89,0.0,61.04,2.33
2017-01-12,26.28,0.0,63.82,2.21
2017-01-13,26.27,0.0,64.73,2.79
2017-01-14,26.11,0.01,63.94,3.37
2017-01-15,25.68,0.02,65.72,3.59
2017-01-16,25.89,0.01,64.14,3.38
2017-01-17,24.84,0.0,60.22,3.42
2017-01-18,24.65,0.0,62.76,3.95
2017-01-19,25.87,0.0,60.8,3.96
2017-01-20,26.16,3.57,68.61,4.23
2017-01-21,24.98,25.51,84.67,4.3
2017-01-22,25.36,6.98,75.79,3.89
2017-01-23,25.14,0.01,72.23,3.83
2017-01-24,25.28,0.0,69.71,4.0
2017-01-25,25.79,0.79,71.82,3.97
2017-01-26,25.74,2.01,79.2,3.73
2017-01-27,25.53,14.69,85.89,3.19
2017-01-28,26.03,3.96,80.35,3.11
2017-01-29,26.51,1.7,78.01,3.36
2017-01-30,26.41,0.04,70.92,3.27
2017-01-31,25.79,0.0,69.26,2.89
2017-02-01,24.74,0.0,69.13,2.87
2017-02-02,24.77,0.0,67.04,2.97
2017-02-03,24.65,0.0,67.53,3.25
2017-02-04,24.79,0.0,67.54,3.24
2017-02-05,24.73,0.0,63.99,2.7
2017-02-06,25.14,0.0,64.06,2.14
2017-02-07,25.44,0.0,59.68,2.18
2017-02-08,24.4,0.0,60.96,2.95
2017-02-09,24.4,0.0,66.17,2.97
2017-02-10,24.97,0.0,65.84,2.6
2017-02-11,25.5,0.0,64.03,2.95
2017-02-12,25.44,0.0,64.37,3.28
2017-02-13,26.23,0.84,65.44,3.73
2017-02-14,26.47,5.09,73.54,5.08
2017-02-15,26.89,0.02,63.9,4.57
2017-02-16,25.84,0.0,65.4,4.49
2017-02-17,25.44,0.0,59.55,4.05
2017-02-18,25.96,0.0,60.22,3.37
2017-02-19,26.07,0.0,62.36,2.64
2017-02-20,27.28,0.0,55.22,1.7
2017-02-21,28.45,0.0,60.66,2.01
2017-02-22,28.19,0.0,64.23,2.37
2017-02-23,28.13,0.0,61.69,2.19
2017-02-24,27.41,0.0,63.9,2.77
2017-02-25,27.32,0.0,62.85,2.61
2017-02-26,27.43,0.0,61.96,2.79
2017-02-27,27.16,0.0,64.76,3.21
2017-02-28,27.85,0.0,66.75,4.07
2017-03-01,27.37,0.0,63.67,3.83
2017-03-02,27.71,0.24,62.98,3.79
2017-03-03,28.23,3.07,67.64,3.17
2017-03-04,27.55,6.55,74.96,2.46
2017-03-05,29.21,0.41,64.64,2.75
2017-03-06,29.4,0.21,68.42,2.97
2017-03-07,29.7,0.21,66.14,3.03
2017-03-08,29.51,2.27,66.35,2.9
2017-03-09,29.2,2.19,69.08,2.41
2017-03-10,28.47,3.69,73.12,2.01
2017-03-11,28.04,3.07,76.4,1.95
2017-03-12,29.17,1.75,69.8,2.17
2017-03-13,28.91,1.44,69.79,2.0
2017-03-14,27.77,8.71,76.82,1.86
2017-03-15,27.47,9.13,77.33,2.38
2017-03-16,27.39,1.66,73.4,2.14
2017-03-17,29.03,0.1,64.0,1.97
2017-03-18,29.33,0.02,61.13,2.26
2017-03-19,29.97,0.0,62.45,2.24
2017-03-20,30.39,0.58,62.52,2.41
2017-03-21,30.2,1.09,62.33,2.15
2017-03-22,29.91,0.0,61.44,2.79
2017-03-23,29.4,0.0,59.65,2.55
2017-03-24,28.35,0.0,55.99,2.46
2017-03-25,28.5,0.0,55.83,2.67
2017-03-26,28.28,0.0,61.14,2.78
2017-03-27,28.83,0.0,58.37,2.07
2017-03-28,30.02,0.0,61.04,2.31
2017-03-29,30.47,0.0,55.87,1.92
2017-03-30,30.66,0.01,59.15,2.18
2017-03-31,30.59,0.08,63.4,2.84
2017-04-01,30.62,0.0,57.47,2.27
2017-04-02,30.88,0.0,58.0,2.44
2017-04-03,31.23,0.01,61.77,2.6
2017-04-04,31.52,0.0,61.58,2.68
2017-04-05,31.94,0.0,58.43,2.5
2017-04-06,31.93,0.01,58.4,2.64
2017-04-07,31.93,0.01,56.71,2.15
2017-04-08,31.75,0.0,57.31,2.54
2017-04-09,31.46,0.01,58.32,2.48
2017-04-10,31.88,0.0,55.49,2.48
2017-04-11,31.72,0.05,56.93,2.16
2017-04-12,31.67,0.03,60.54,2.45
2017-04-13,31.81,0.01,60.36,2.64
2017-04-14,31.77,0.01,57.73,2.18
2017-04-15,32.58,0.0,56.19,2.7
2017-04-16,33.24,0.0,53.35,2.75
2017-04-17,33.63,0.0,50.63,3.19
2017-04-18,33.7,0.0,49.69,3.17
2017-04-19,33.42,0.0,51.56,3.44
2017-04-20,33.1,0.07,52.56,3.97
2017-04-21,33.9,0.02,47.87,3.51
2017-04-22,34.15,0.25,47.5,2.57
2017-04-23,32.97,0.41,54.89,2.73
2017-04-24,33.81,0.06,51.8,3.08
2017-04-25,33.86,0.0,50.33,2.96
2017-04-26,33.52,0.34,53.46,2.84
2017-04-27,32.66,0.18,56.81,3.53
2017-04-28,32.45,0.0,56.59,3.02
2017-04-29,32.55,0.0,54.91,2.78
2017-04-30,32.18,0.09,56.67,2.71
2017-05-01,31.82,0.32,58.43,2.66
2017-05-02,32.12,0.23,55.67,2.84
2017-05-03,31.1,1.09,59.36,2.57
2017-05-04,31.69,0.33,57.13,2.64
2017-05-05,31.52,0.2,60.06,3.11
2017-05-06,31.01,1.34,65.02,3.33
2017-05-07,31.06,0.92,64.09,3.01
2017-05-08,32.22,0.45,54.37,2.47
2017-05-09,32.73,1.08,52.81,2.73
2017-05-10,30.72,1.36,66.13,2.21
2017-05-11,31.61,0.28,61.31,2.12
2017-05-12,31.01,2.18,64.21,2.5
2017-05-13,30.5,5.67,69.97,2.0
2017-05-14,31.64,2.12,63.52,2.94
2017-05-15,31.8,0.0,62.28,3.0
2017-05-16,31.94,0.01,60.11,3.48
2017-05-17,33.15,0.5,56.8,3.08
2017-05-18,31.72,4.76,61.57,3.43
2017-05-19,32.22,0.09,56.36,2.99
2017-05-20,32.03,8.72,59.46,2.71
2017-05-21,30.84,1.57,67.36,2.47
2017-05-22,31.34,1.09,64.75,1.95
2017-05-23,30.44,0.74,66.98,2.1
2017-05-24,30.85,0.35,66.02,1.86
2017-05-25,31.14,0.47,63.45,2.38
2017-05-26,28.71,0.62,75.59,2.3
2017-05-27,30.62,0.42,67.85,2.58
2017-05-28,30.54,1.3,66.61,3.83
2017-05-29,30.56,0.72,65.33,3.25
2017-05-30,30.8,0.31,64.16,4.45
2017-05-31,31.52,3.5,60.83,3.1
2017-06-01,30.82,0.7,60.21,2.94
2017-06-02,30.75,1.48,60.94,4.39
2017-06-03,30.8,0.06,62.04,3.83
2017-06-04,31.54,0.08,55.78,3.07
2017-06-05,31.92,3.14,58.63,2.4
2017-06-06,30.88,1.09,63.98,1.66
2017-06-07,29.63,10.74,67.2,2.2
2017-06-08,30.17,0.53,61.85,2.4
2017-06-09,29.79,1.74,59.92,3.57
2017-06-10,29.84,3.19,63.81,3.81
2017-06-11,30.37,0.01,57.69,4.36
2017-06-12,30.91,0.0,61.44,3.07
2017-06-13,31.4,0.01,61.38,3.13
2017-06-14,30.86,4.83,66.49,3.34
2017-06-15,29.59,1.59,72.43,2.27
2017-06-16,28.94,8.84,75.34,2.05
2017-06-17,29.55,2.4,65.62,1.97
2017-06-18,31.14,0.03,58.11,2.46
2017-06-19,30.69,1.51,64.21,2.14
2017-06-20,28.8,1.59,71.09,2.65
2017-06-21,29.5,0.02,67.02,2.49
2017-06-22,29.87,0.09,64.82,2.47
2017-06-23,30.48,0.06,61.59,3.43
2017-06-24,29.39,0.11,60.15,4.23
2017-06-25,29.81,0.38,58.74,5.04
2017-06-26,29.22,1.74,63.2,5.31
2017-06-27,29.0,0.31,63.92,4.7
2017-06-28,29.47,0.08,61.19,4.04
2017-06-29,30.1,0.0,54.98,3.06
2017-06-30,30.17,0.0,59.95,1.89
2017-07-01,31.18,0.01,54.78,2.88
2017-07-02,30.89,0.03,52.77,1.71
2017-07-03,31.31,1.11,51.55,3.0
2017-07-04,31.29,0.46,50.66,2.22
2017-07-05,30.52,0.07,55.4,2.32
2017-07-06,30.64,1.51,57.26,2.68
2017-07-07,30.5,0.93,56.21,3.21
2017-07-08,29.52,4.07,61.73,2.39
2017-07-09,29.55,6.41,62.35,2.11
2017-07-10,30.37,0.21,59.89,1.99
2017-07-11,30.74,0.08,57.8,3.13
2017-07-12,30.63,0.12,55.56,2.29
2017-07-13,30.79,0.25,54.75,3.18
2017-07-14,30.35,0.0,48.39,3.3
2017-07-15,30.32,0.0,56.76,3.58
2017-07-16,30.41,0.0,54.5,3.23
2017-07-17,30.14,0.0,53.93,4.31
2017-07-18,30.77,0.0,55.81,4.61
2017-07-19,31.01,0.02,57.11,4.87
2017-07-20,31.3,0.04,57.48,4.79
2017-07-21,31.28,0.02,53.46,3.62
2017-07-22,32.25,0.0,52.97,2.01
2017-07-23,32.54,0.0,51.23,2.34
2017-07-24,33.24,0.0,48.04,2.24
2017-07-25,33.41,0.01,46.34,2.59
2017-07-26,33.48,0.01,46.71,1.81
2017-07-27,32.76,2.36,47.21,2.66
2017-07-28,32.53,0.72,52.15,2.25
2017-07-29,31.39,4.37,56.29,2.44
2017-07-30,29.57,5.23,70.23,1.96
2017-07-31,29.14,11.72,72.79,2.19
2017-08-01,30.07,3.92,66.51,2.09
2017-08-02,30.1,2.99,67.13,1.99
2017-08-03,31.07,0.18,58.12,2.89
2017-08-04,30.88,0.03,59.63,3.0
2017-08-05,30.86,0.03,59.03,3.67
2017-08-06,30.92,0.54,60.31,2.43
2017-08-07,30.29,1.7,63.84,1.74
2017-08-08,29.27,8.9,67.01,1.45
2017-08-09,28.73,15.62,73.81,1.49
2017-08-10,29.25,3.57,68.8,1.88
2017-08-11,29.07,3.28,69.1,2.0
2017-08-12,29.55,4.63,63.18,1.96
2017-08-13,26.81,32.38,78.52,1.71
2017-08-14,26.45,16.35,83.16,1.05
2017-08-15,27.77,3.74,73.27,1.68
2017-08-16,28.21,1.37,72.62,2.07
2017-08-17,28.4,0.86,73.24,3.06
2017-08-18,28.54,2.78,73.1,3.17
2017-08-19,28.98,0.06,68.19,3.93
2017-08-20,28.37,0.62,70.08,3.8
2017-08-21,28.75,0.19,67.16,3.42
2017-08-22,28.93,0.0,66.67,2.5
2017-08-23,28.95,0.55,69.14,1.46
2017-08-24,28.19,3.05,73.39,1.98
2017-08-25,29.77,0.27,66.89,1.93
2017-08-26,29.77,0.03,64.76,2.53
2017-08-27,29.04,0.15,69.76,3.71
2017-08-28,29.2,0.17,68.79,4.01
2017-08-29,29.41,0.12,66.32,4.29
2017-08-30,29.93,7.46,68.35,1.95
2017-08-31,28.9,7.68,72.38,1.8
2017-09-01,28.02,18.25,81.96,1.33
2017-09-02,28.53,10.61,76.51,0.81
2017-09-03,27.91,1.43,74.37,2.05
2017-09-04,28.51,7.59,77.3,1.13
2017-09-05,28.77,4.6,78.22,1.38
2017-09-06,27.92,1.08,79.91,2.58
2017-09-07,27.96,0.9,78.87,1.92
2017-09-08,27.18,27.05,84.81,2.68
2017-09-09,27.28,11.14,82.73,1.05
2017-09-10,27.73,2.47,78.73,1.9
2017-09-11,27.73,1.88,81.6,2.77
2017-09-12,27.37,3.96,81.91,2.6
2017-09-13,27.1,11.66,85.06,2.7
2017-09-14,26.91,2.52,84.34,3.28
2017-09-15,27.11,0.22,83.22,3.01
2017-09-16,27.08,0.96,84.44,3.54
2017-09-17,26.97,2.31,81.61,4.5
2017-09-18,27.96,0.52,76.35,4.27
2017-09-19,27.73,0.03,78.06,3.52
2017-09-20,27.72,0.0,76.56,2.79
2017-09-21,27.42,0.0,75.17,2.63
2017-09-22,28.83,0.01,70.7,1.88
2017-09-23,29.03,0.08,71.29,2.0
2017-09-24,28.21,3.85,77.6,1.47
2017-09-25,27.71,5.1,77.66,1.47
2017-09-26,27.4,5.32,80.08,1.6
2017-09-27,27.65,3.59,80.22,2.12
2017-09-28,26.95,8.63,80.5,3.31
2017-09-29,27.94,0.17,75.29,2.96
2017-09-30,28.8,0.03,74.2,3.24
2017-10-01,29.02,0.03,72.33,3.28
2017-10-02,29.15,0.01,71.33,2.45
2017-10-03,29.31,0.91,73.21,2.77
2017-10-04,28.85,3.14,76.72,1.32
2017-10-05,27.84,8.68,82.44,1.74
2017-10-06,27.59,4.41,79.44,2.78
2017-10-07,28.2,0.22,73.4,2.37
2017-10-08,28.45,0.38,76.93,2.21
2017-10-09,28.23,0.48,78.72,1.71
2017-10-10,28.15,1.27,78.97,1.51
2017-10-11,27.43,3.08,75.99,2.34
2017-10-12,28.09,2.48,72.67,1.85
2017-10-13,27.57,1.56,78.29,1.72
2017-10-14,27.29,1.53,78.6,2.0
2017-10-15,27.22,0.09,75.19,2.69
2017-10-16,27.86,0.05,74.0,2.0
2017-10-17,28.07,0.44,69.47,2.38
2017-10-18,29.01,0.18,66.72,1.75
2017-10-19,29.68,0.19,68.52,1.92
2017-10-20,28.88,0.3,74.26,3.18
2017-10-21,27.91,7.06,79.46,4.11
2017-10-22,28.81,0.89,74.21,2.23
2017-10-23,28.9,0.24,70.57,1.36
2017-10-24,27.93,1.01,76.65,1.39
2017-10-25,27.98,3.0,77.44,1.44
2017-10-26,27.91,8.08,77.53,1.51
2017-10-27,27.45,5.15,78.34,1.35
2017-10-28,26.9,5.23,81.39,2.24
2017-10-29,27.58,1.61,77.24,2.91
2017-10-30,25.7,10.97,88.22,3.56
2017-10-31,25.48,6.6,88.29,3.37
2017-11-01,25.85,3.95,86.58,2.8
2017-11-02,25.57,11.8,88.99,2.97
2017-11-03,25.51,6.08,88.11,2.85
2017-11-04,25.21,13.83,90.41,3.02
2017-11-05,26.24,5.99,86.34,3.0
2017-11-06,25.72,5.67,88.27,3.32
2017-11-07,25.81,6.13,87.36,2.78
2017-11-08,25.33,17.53,89.08,2.4
2017-11-09,25.92,0.17,81.06,2.89
2017-11-10,24.92,1.82,85.92,3.79
2017-11-11,25.38,0.75,85.07,3.01
2017-11-12,25.84,0.0,80.59,2.61
2017-11-13,26.93,3.08,79.74,1.28
2017-11-14,25.58,5.47,87.41,1.04
2017-11-15,25.92,4.1,86.47,1.07
2017-11-16,26.99,0.0,74.66,1.5
2017-11-17,26.08,0.0,75.45,1.57
2017-11-18,26.76,0.56,78.63,1.39
2017-11-19,26.65,2.25,84.89,1.89
2017-11-20,26.68,1.4,85.12,2.1
2017-11-21,26.01,2.13,89.64,2.22
2017-11-22,26.2,0.93,86.24,2.78
2017-11-23,26.54,0.42,80.86,2.82
2017-11-24,26.45,0.81,81.34,2.5
2017-11-25,25.94,0.51,80.76,3.16
2017-11-26,24.71,11.7,89.65,3.14
2017-11-27,26.03,10.48,89.33,2.53
2017-11-28,25.95,6.93,88.79,3.8
2017-11-29,25.7,14.48,90.52,4.72
2017-11-30,25.73,40.4,93.58,4.22
2017-12-01,25.48,22.57,92.97,2.26
2017-12-02,25.1,2.83,89.1,1.36
2017-12-03,25.2,2.11,88.23,2.15
2017-12-04,25.45,0.03,86.14,2.13
2017-12-05,25.04,0.03,87.53,2.05
2017-12-06,25.53,0.62,86.5,2.43
2017-12-07,25.22,0.17,84.95,2.26
2017-12-08,24.23,0.0,81.02,1.63
2017-12-09,24.15,0.0,76.75,1.15
2017-12-10,25.52,0.0,78.9,1.49
2017-12-11,25.8,0.3,83.28,1.58
2017-12-12,26.11,0.41,82.91,1.31
2017-12-13,25.89,0.29,83.19,1.51
2017-12-14,25.68,0.13,85.55,2.42
2017-12-15,25.51,0.23,85.91,3.27
2017-12-16,25.23,0.02,83.65,3.67
2017-12-17,24.7,0.0,82.85,3.96
2017-12-18,24.07,0.0,78.28,3.92
2017-12-19,24.31,3.88,82.29,4.12
2017-12-20,24.73,2.02,83.69,4.48
2017-12-21,23.15,3.88,86.3,3.86
2017-12-22,24.77,0.36,83.09,3.74
2017-12-23,24.52,0.06,78.16,3.62
2017-12-24,24.06,0.0,79.95,3.32
2017-12-25,25.06,1.29,82.61,3.68
2017-12-26,24.87,0.51,80.26,4.01
2017-12-27,24.21,0.0,80.05,3.6
2017-12-28,23.52,0.0,74.66,3.71
2017-12-29,23.79,0.0,73.28,3.4
2017-12-30,24.34,0.0,75.05,3.23
2017-12-31,24.57,0.0,76.9,2.57
2018-01-01,25.76,0.0,74.83,1.6
2018-01-02,26.28,0.0,75.32,1.53
2018-01-03,25.97,0.0,74.65,2.8
2018-01-04,25.13,0.0,72.68,3.25
2018-01-05,23.92,0.0,71.25,3.3
2018-01-06,23.72,0.0,67.24,2.73
2018-01-07,23.51,0.0,68.43,3.04
2018-01-08,23.7,0.02,71.85,3.25
2018-01-09,24.4,4.69,79.58,3.31
2018-01-10,25.66,1.91,80.89,3.89
2018-01-11,26.32,0.49,78.35,2.89
2018-01-12,25.49,0.36,82.67,2.73
2018-01-13,25.41,0.07,79.79,2.91
2018-01-14,25.06,0.0,75.2,2.91
2018-01-15,25.46,0.0,75.17,3.21
2018-01-16,25.38,0.0,76.2,2.72
2018-01-17,25.09,0.0,71.71,2.92
2018-01-18,23.9,0.0,67.94,3.45
2018-01-19,23.79,0.0,71.33,3.22
2018-01-20,23.76,0.0,69.42,3.1
2018-01-21,23.93,0.0,70.16,3.26
2018-01-22,24.55,0.0,69.19,2.81
2018-01-23,25.36,0.0,68.38,2.41
2018-01-24,25.56,0.0,69.36,2.64
2018-01-25,25.71,0.0,69.59,3.12
2018-01-26,25.14,0.0,68.14,3.03
2018-01-27,25.36,0.0,66.72,3.11
2018-01-28,25.27,0.0,67.23,3.36
2018-01-29,25.69,0.0,69.32,3.8
2018-01-30,25.86,0.0,65.12,3.98
2018-01-31,24.99,0.0,62.75,3.89
2018-02-01,24.37,0.0,64.21,3.24
2018-02-02,24.25,0.0,63.54,3.28
2018-02-03,24.21,0.0,65.07,3.29
2018-02-04,24.93,0.0,64.53,3.33
2018-02-05,26.21,0.0,63.47,3.64
2018-02-06,26.77,0.4,74.49,3.43
2018-02-07,26.54,4.62,79.8,2.16
2018-02-08,26.52,1.92,76.53,2.22
2018-02-09,27.31,0.0,68.54,2.31
2018-02-10,26.24,0.01,70.44,2.37
2018-02-11,26.87,0.0,70.45,2.55
2018-02-12,26.99,0.0,69.72,3.46
2018-02-13,25.9,0.0,69.5,3.05
2018-02-14,26.91,0.0,68.26,3.42
2018-02-15,27.03,0.0,69.03,4.07
2018-02-16,27.06,0.0,63.0,3.92
2018-02-17,26.48,0.0,64.24,2.86
2018-02-18,26.75,0.0,63.04,3.15
2018-02-19,25.89,0.0,64.85,3.23
2018-02-20,26.26,0.0,65.87,3.65
2018-02-21,26.48,0.0,63.12,3.05
2018-02-22,26.15,0.0,62.7,3.39
2018-02-23,26.38,0.0,63.85,3.54
2018-02-24,27.28,0.0,66.45,3.62
2018-02-25,27.91,0.0,65.44,4.21
2018-02-26,28.36,0.0,64.35,3.71
2018-02-27,28.15,0.0,67.63,3.67
2018-02-28,28.76,0.07,66.14,3.83
2018-03-01,28.53,0.35,67.22,3.54
2018-03-02,28.41,0.0,61.58,3.14
2018-03-03,28.2,0.0,62.26,2.64
2018-03-04,28.12,0.0,57.42,2.41
2018-03-05,27.94,0.0,59.01,2.65
2018-03-06,27.71,0.0,58.26,2.93
2018-03-07,27.98,0.0,64.42,2.89
2018-03-08,28.42,0.0,63.92,3.16
2018-03-09,28.4,0.0,63.98,3.43
2018-03-10,28.79,0.0,63.03,3.64
2018-03-11,28.88,0.01,65.13,3.48
2018-03-12,28.59,3.07,69.12,4.23
2018-03-13,27.81,5.31,74.2,3.24
2018-03-14,28.8,1.38,68.35,2.38
2018-03-15,28.0,2.11,75.25,1.63
2018-03-16,29.79,0.48,64.51,2.08
2018-03-17,28.31,1.44,71.18,2.66
2018-03-18,29.35,0.64,65.11,3.25
2018-03-19,29.12,0.05,59.83,3.06
2018-03-20,28.76,0.0,59.4,2.59
2018-03-21,30.02,0.0,54.45,1.85
2018-03-22,30.67,0.0,58.5,2.44
2018-03-23,31.1,0.24,59.04,2.42
2018-03-24,30.88,0.23,57.26,2.6
2018-03-25,29.75,0.0,60.15,3.11
2018-03-26,29.8,0.0,58.85,2.95
2018-03-27,29.83,0.0,66.15,2.35
2018-03-28,30.67,0.0,64.74,2.35
2018-03-29,31.3,0.0,60.86,2.65
2018-03-30,30.7,0.05,65.32,2.44
2018-03-31,31.69,0.65,63.33,2.37
2018-04-01,31.47,0.69,60.59,2.67
2018-04-02,30.95,0.01,61.93,2.49
2018-04-03,30.92,0.04,60.41,2.31
2018-04-04,30.62,0.0,60.3,2.48
2018-04-05,30.46,0.0,59.08,2.64
2018-04-06,30.55,0.01,56.78,2.09
2018-04-07,30.92,0.14,60.4,2.84
2018-04-08,30.4,0.1,63.82,3.16
2018-04-09,29.84,4.62,66.33,3.06
2018-04-10,28.87,6.12,73.65,2.7
2018-04-11,29.31,1.23,71.14,1.99
2018-04-12,30.06,0.32,67.39,2.6
2018-04-13,30.06,3.55,66.02,2.65
2018-04-14,29.37,4.49,71.32,1.94
2018-04-15,29.0,5.52,73.0,2.08
2018-04-16,29.92,1.2,69.42,2.02
2018-04-17,30.87,0.05,62.53,2.26
2018-04-18,31.03,0.03,61.99,2.44
2018-04-19,31.13,0.02,63.19,2.85
2018-04-20,31.56,0.06,61.76,2.97
2018-04-21,30.75,0.06,66.3,2.72
2018-04-22,31.47,0.04,62.5,2.74
2018-04-23,31.14,0.0,62.66,2.29
2018-04-24,31.4,0.0,61.88,2.4
2018-04-25,31.83,0.04,62.14,2.74
2018-04-26,31.47,0.2,63.83,2.63
2018-04-27,31.24,0.32,64.6,2.33
2018-04-28,30.61,0.02,65.57,2.65
2018-04-29,31.49,0.02,62.65,2.8
2018-04-30,32.16,0.56,60.57,3.43
2018-05-01,31.56,1.24,64.84,1.71
2018-05-02,31.6,0.93,65.03,1.43
2018-05-03,31.11,0.83,67.86,1.92
2018-05-04,29.3,8.96,76.63,2.18
2018-05-05,29.21,4.23,72.49,1.65
2018-05-06,29.51,0.91,69.5,3.01
2018-05-07,30.42,0.34,66.4,3.09
2018-05-08,30.11,3.61,68.68,2.59
2018-05-09,27.86,12.95,76.92,2.13
2018-05-10,27.91,9.94,80.1,2.3
2018-05-11,29.98,0.45,69.13,3.11
2018-05-12,30.45,0.46,68.2,2.36
2018-05-13,30.52,1.46,63.34,3.19
2018-05-14,29.47,8.55,70.68,1.92
2018-05-15,29.39,7.97,74.28,1.82
2018-05-16,29.17,2.52,72.64,1.76
2018-05-17,28.88,1.05,73.39,3.02
2018-05-18,29.67,1.14,68.86,2.45
2018-05-19,30.95,0.08,64.35,2.56
2018-05-20,30.88,0.1,65.41,2.6
2018-05-21,30.49,0.17,64.91,3.1
2018-05-22,31.09,1.87,61.58,1.88
2018-05-23,30.04,2.83,70.21,1.96
2018-05-24,28.73,7.41,77.2,1.69
2018-05-25,28.33,13.31,78.4,1.35
2018-05-26,28.05,1.23,81.03,3.26
2018-05-27,29.21,0.57,73.21,3.99
2018-05-28,28.99,2.19,77.08,5.33
2018-05-29,30.67,0.11,66.53,4.05
2018-05-30,30.84,0.0,65.28,2.98
2018-05-31,30.85,0.01,64.56,3.41
2018-06-01,29.75,0.05,70.71,2.78
2018-06-02,29.39,0.16,73.58,2.47
2018-06-03,29.67,0.78,71.04,2.84
2018-06-04,28.92,11.55,77.89,1.65
2018-06-05,29.0,3.58,75.04,2.28
2018-06-06,29.97,1.6,66.88,2.03
2018-06-07,29.78,1.86,68.49,3.65
2018-06-08,29.97,0.67,68.12,4.35
2018-06-09,30.14,0.1,64.92,5.04
2018-06-10,30.05,0.05,66.33,4.93
2018-06-11,30.65,0.1,63.77,4.89
2018-06-12,30.45,0.02,65.58,3.85
2018-06-13,30.07,0.05,62.61,3.49
2018-06-14,30.33,0.01,58.54,3.94
2018-06-15,30.38,0.01,57.35,3.46
2018-06-16,29.97,6.16,62.38,3.33
2018-06-17,29.55,0.22,61.73,2.85
2018-06-18,30.13,0.02,54.67,3.62
2018-06-19,29.92,0.02,64.66,4.36
2018-06-20,29.67,0.03,65.97,4.67
2018-06-21,29.12,0.04,67.72,3.96
2018-06-22,30.33,0.13,58.56,3.45
2018-06-23,30.74,0.01,57.96,2.63
2018-06-24,30.8,0.02,58.14,2.71
2018-06-25,29.94,0.0,56.72,3.56
2018-06-26,30.18,0.02,54.83,3.85
2018-06-27,29.38,0.05,59.5,4.02
2018-06-28,29.68,0.01,57.17,3.99
2018-06-29,30.13,0.1,56.63,2.0
2018-06-30,29.45,6.85,59.8,1.6
2018-07-01,28.74,10.8,70.12,1.42
2018-07-02,29.05,9.94,70.1,1.78
2018-07-03,28.76,4.39,68.36,1.45
2018-07-04,30.24,0.01,62.13,1.6
2018-07-05,30.52,0.0,59.03,1.66
2018-07-06,30.77,0.01,56.23,2.88
2018-07-07,29.76,0.0,56.41,3.83
2018-07-08,29.57,0.04,59.14,3.83
2018-07-09,29.27,0.13,66.88,4.0
2018-07-10,28.68,0.28,68.94,4.47
2018-07-11,29.18,0.14,63.62,4.72
2018-07-12,29.18,0.05,59.44,4.46
2018-07-13,29.83,0.04,60.95,4.46
2018-07-14,29.4,0.02,64.5,4.29
2018-07-15,28.81,0.39,66.98,4.72
2018-07-16,29.48,0.69,61.88,4.97
2018-07-17,30.51,0.02,54.17,5.15
2018-07-18,30.16,0.05,57.63,4.18
2018-07-19,30.74,0.85,58.22,3.95
2018-07-20,29.98,0.2,59.78,4.29
2018-07-21,29.85,0.02,57.76,4.2
2018-07-22,30.71,0.0,55.93,3.67
2018-07-23,31.35,0.0,55.65,2.9
2018-07-24,30.85,0.27,56.95,2.35
2018-07-25,31.36,0.52,55.39,1.82
2018-07-26,31.13,0.04,54.6,3.16
2018-07-27,31.33,0.0,54.56,2.17
2018-07-28,30.97,0.01,54.08,1.57
2018-07-29,30.69,0.02,58.32,1.74
2018-07-30,29.5,0.12,64.99,2.82
2018-07-31,30.12,1.89,60.43,2.88
2018-08-01,30.65,0.28,57.85,2.85
2018-08-02,31.28,3.15,56.39,2.59
2018-08-03,28.22,4.86,69.88,2.46
2018-08-04,28.98,1.89,59.73,2.96
2018-08-05,29.84,0.0,58.14,2.83
2018-08-06,30.31,0.01,57.06,4.4
2018-08-07,30.16,0.03,55.89,4.65
2018-08-08,29.92,0.16,55.5,4.5
2018-08-09,30.73,0.03,53.16,4.16
2018-08-10,30.14,2.88,56.12,3.2
2018-08-11,30.7,0.14,51.75,4.53
2018-08-12,30.01,0.07,55.66,5.15
2018-08-13,30.1,0.09,53.17,4.51
2018-08-14,30.26,1.78,54.58,5.35
2018-08-15,29.76,2.22,59.93,5.43
2018-08-16,29.11,1.11,61.51,5.12
2018-08-17,30.86,0.03,56.15,5.08
2018-08-18,30.23,0.01,55.34,4.74
2018-08-19,30.26,0.0,55.4,4.2
2018-08-20,30.99,0.0,53.04,4.1
2018-08-21,31.33,0.01,51.57,3.45
2018-08-22,30.87,0.0,51.9,2.18
2018-08-23,31.19,0.2,52.42,2.33
2018-08-24,30.93,3.07,56.24,2.05
2018-08-25,30.88,0.9,58.78,1.46
2018-08-26,30.7,2.58,58.31,2.16
2018-08-27,29.6,5.52,63.96,1.98
2018-08-28,29.97,1.11,61.02,2.32
2018-08-29,29.84,0.52,59.27,2.27
2018-08-30,29.9,5.08,63.1,1.74
2018-08-31,28.62,3.76,70.17,2.15
2018-09-01,27.96,5.75,71.52,1.79
2018-09-02,28.64,0.69,70.32,1.75
2018-09-03,29.88,0.03,62.55,2.14
2018-09-04,30.31,0.02,62.29,2.35
2018-09-05,30.81,0.0,56.64,2.11
2018-09-06,31.14,0.0,54.69,2.39
2018-09-07,30.27,0.0,52.95,2.89
2018-09-08,31.18,0.0,53.42,2.27
2018-09-09,31.35,0.35,55.81,1.99
2018-09-10,29.58,3.92,63.38,1.81
2018-09-11,30.22,0.56,62.58,2.3
2018-09-12,31.0,0.0,60.3,2.13
2018-09-13,31.36,0.85,58.79,2.45
2018-09-14,30.14,4.64,65.07,2.11
2018-09-15,28.95,0.82,67.84,2.02
2018-09-16,27.08,7.07,68.4,2.51
2018-09-17,28.65,0.68,67.43,1.73
2018-09-18,29.79,0.01,59.52,2.94
2018-09-19,30.13,1.04,61.04,1.89
2018-09-20,30.21,0.19,59.06,2.66
2018-09-21,29.91,0.01,58.33,2.53
2018-09-22,29.91,0.17,59.83,2.21
2018-09-23,30.24,2.05,65.4,1.99
2018-09-24,28.93,2.83,72.79,1.6
2018-09-25,29.3,3.56,69.65,1.28
2018-09-26,29.02,2.0,69.86,1.58
2018-09-27,29.1,12.26,70.55,2.11
2018-09-28,27.83,13.57,79.59,1.56
2018-09-29,28.62,6.78,74.24,1.88
2018-09-30,28.68,3.12,73.46,1.91
2018-10-01,28.32,4.76,76.6,1.81
2018-10-02,28.16,4.85,76.69,2.13
2018-10-03,27.52,12.41,80.73,1.96
2018-10-04,26.36,20.92,86.44,2.96
2018-10-05,27.24,8.75,84.25,2.93
2018-10-06,27.35,15.48,83.19,2.3
2018-10-07,27.59,8.09,80.49,1.11
2018-10-08,27.58,11.75,78.58,0.67
2018-10-09,26.88,3.1,79.78,1.54
2018-10-10,28.24,0.1,73.09,1.36
2018-10-11,29.06,0.01,69.88,1.94
2018-10-12,28.39,0.0,76.88,3.36
2018-10-13,28.34,0.82,76.01,3.59
2018-10-14,27.86,3.35,77.32,2.78
2018-10-15,27.58,0.68,78.45,1.62
2018-10-16,26.6,15.37,84.32,1.95
2018-10-17,26.91,3.52,76.05,1.14
2018-10-18,27.09,0.86,76.75,1.2
2018-10-19,26.95,1.75,77.79,1.39
2018-10-20,27.12,4.05,79.17,1.74
2018-10-21,27.08,7.05,82.72,1.93
2018-10-22,26.73,3.47,84.71,2.14
2018-10-23,26.43,1.34,77.66,1.82
2018-10-24,26.72,5.02,78.46,1.99
2018-10-25,26.45,6.69,82.8,2.6
2018-10-26,26.91,1.75,77.78,3.55
2018-10-27,26.71,1.4,79.53,3.1
2018-10-28,27.03,0.24,72.54,3.14
2018-10-29,27.93,0.01,67.67,2.18
2018-10-30,28.35,0.64,69.81,2.12
2018-10-31,27.03,4.48,84.88,2.48
2018-11-01,26.79,16.45,85.49,2.71
2018-11-02,26.37,20.89,86.67,2.44
2018-11-03,25.84,14.87,89.15,2.43
2018-11-04,26.65,0.84,81.24,2.77
2018-11-05,26.35,0.43,81.67,2.16
2018-11-06,26.13,2.83,83.57,2.76
2018-11-07,25.96,2.01,81.97,2.73
2018-11-08,25.07,10.35,89.12,2.56
2018-11-09,26.06,2.99,85.17,2.48
2018-11-10,26.06,0.01,80.21,2.83
2018-11-11,26.02,0.02,76.66,2.55
2018-11-12,25.95,0.0,75.41,1.77
2018-11-13,26.5,0.0,75.37,1.22
2018-11-14,26.83,0.0,72.85,1.27
2018-11-15,26.85,8.01,76.51,2.06
2018-11-16,25.34,35.59,91.53,2.54
2018-11-17,26.61,0.19,82.48,1.09
2018-11-18,26.43,4.18,85.68,1.7
2018-11-19,26.32,7.95,86.55,2.06
2018-11-20,25.08,8.7,90.39,2.98
2018-11-21,25.37,0.59,83.18,3.93
2018-11-22,24.83,6.73,89.67,3.08
2018-11-23,25.74,22.41,90.69,1.71
2018-11-24,25.78,5.02,87.68,2.8
2018-11-25,25.17,0.05,85.8,2.82
2018-11-26,24.5,0.0,82.32,2.98
2018-11-27,23.9,0.0,80.93,2.96
2018-11-28,24.74,2.67,84.01,3.46
2018-11-29,25.36,18.09,88.98,3.53
2018-11-30,25.53,2.5,86.96,3.3
2018-12-01,25.05,0.09,83.89,3.07
2018-12-02,24.65,0.04,83.21,2.67
2018-12-03,25.27,4.96,87.08,3.02
2018-12-04,25.95,7.95,87.61,2.56
2018-12-05,26.03,1.73,87.34,2.37
2018-12-06,25.67,0.81,86.7,2.41
2018-12-07,25.89,0.41,84.93,3.05
2018-12-08,25.62,0.02,83.25,3.11
2018-12-09,25.34,0.0,82.69,3.11
2018-12-10,24.99,0.0,81.67,2.47
2018-12-11,24.48,0.0,82.44,2.24
2018-12-12,24.89,0.0,80.97,2.14
2018-12-13,25.25,0.0,79.54,2.23
2018-12-14,25.04,0.06,82.16,2.99
2018-12-15,24.82,0.03,81.38,3.7
2018-12-16,23.88,0.0,76.53,2.43
2018-12-17,24.72,0.0,73.18,1.58
2018-12-18,25.81,0.0,78.51,1.73
2018-12-19,25.18,0.0,80.09,2.91
2018-12-20,24.9,0.0,78.35,2.58
2018-12-21,25.82,1.79,81.22,2.9
2018-12-22,23.82,7.53,87.76,3.66
2018-12-23,25.7,3.51,87.15,3.25
2018-12-24,25.12,1.0,87.13,2.91
2018-12-25,25.64,0.02,79.17,2.95
2018-12-26,25.57,0.02,77.78,2.27
2018-12-27,24.99,0.0,77.75,2.11
2018-12-28,25.45,0.0,79.11,1.92
2018-12-29,25.61,0.06,78.11,3.26
2018-12-30,24.98,0.03,76.02,3.77
2018-12-31,24.42,0.13,75.74,3.7
2019-01-01,23.47,0.0,72.58,3.4
2019-01-02,22.77,0.0,72.98,3.33
2019-01-03,23.47,0.0,70.86,3.4
2019-01-04,23.62,0.0,71.35,3.65
2019-01-05,24.07,0.0,72.0,3.25
2019-01-06,23.97,0.0,73.05,3.04
2019-01-07,24.64,0.0,71.7,2.66
2019-01-08,24.66,0.0,71.75,3.1
2019-01-09,23.86,0.0,71.37,2.96
2019-01-10,23.93,0.0,71.7,3.13
2019-01-11,24.22,0.0,72.16,3.21
2019-01-12,24.41,0.0,68.94,3.62
2019-01-13,24.9,0.0,74.27,3.29
2019-01-14,25.58,0.11,71.58,3.2
2019-01-15,25.09,0.8,68.77,3.45
2019-01-16,25.01,0.0,68.86,3.65
2019-01-17,24.32,0.0,67.81,3.26
2019-01-18,23.91,0.0,66.32,3.19
2019-01-19,23.83,0.0,67.73,2.9
2019-01-20,23.82,0.0,67.65,3.37
2019-01-21,24.07,0.0,66.0,2.82
2019-01-22,24.73,0.0,69.81,2.66
2019-01-23,25.53,0.0,70.63,2.77
2019-01-24,25.96,0.0,72.47,2.68
2019-01-25,26.87,0.0,73.17,2.18
2019-01-26,27.36,0.0,72.88,2.53
2019-01-27,27.38,0.04,68.47,2.64
2019-01-28,27.49,0.05,64.36,2.65
2019-01-29,26.95,0.0,64.73,3.69
2019-01-30,26.31,0.0,67.59,3.92
2019-01-31,26.19,0.0,67.14,3.57
2019-02-01,26.41,0.0,67.61,3.19
2019-02-02,26.89,0.0,65.83,3.32
2019-02-03,27.13,0.0,64.28,3.42
2019-02-04,27.26,0.68,70.73,3.98
2019-02-05,27.73,0.04,68.69,3.83
2019-02-06,27.46,0.03,64.48,3.27
2019-02-07,27.36,0.0,66.35,2.63
2019-02-08,28.44,0.0,67.97,2.09
2019-02-09,28.29,0.65,71.5,2.16
2019-02-10,28.35,0.54,68.4,2.63
2019-02-11,28.26,0.02,65.23,3.9
2019-02-12,28.0,0.0,64.6,4.55
2019-02-13,27.63,0.0,63.77,4.18
2019-02-14,28.17,0.01,68.48,3.76
2019-02-15,28.68,0.02,66.1,3.18
2019-02-16,29.35,0.0,63.85,2.27
2019-02-17,29.78,0.91,65.05,1.79
2019-02-18,29.93,1.56,64.47,2.42
2019-02-19,29.31,0.76,67.41,2.81
2019-02-20,28.78,0.0,63.66,3.67
2019-02-21,28.42,0.0,62.87,3.53
2019-02-22,27.82,0.0,58.79,3.68
2019-02-23,27.34,0.0,62.28,2.87
2019-02-24,27.42,0.0,64.48,2.85
2019-02-25,27.88,0.0,61.21,2.33
2019-02-26,29.41,0.0,61.96,2.05
2019-02-27,30.08,0.07,61.74,2.58
2019-02-28,30.68,0.01,59.37,2.55
2019-03-01,30.13,0.01,63.35,2.94
2019-03-02,29.56,0.01,60.27,3.56
2019-03-03,29.88,0.0,59.29,3.23
2019-03-04,29.9,0.0,57.72,2.42
2019-03-05,30.93,0.0,52.13,2.28
2019-03-06,31.12,0.0,58.44,3.31
2019-03-07,31.33,0.23,61.22,3.19
2019-03-08,30.9,0.0,63.02,3.54
2019-03-09,30.74,0.39,61.26,2.71
2019-03-10,30.74,0.25,59.01,3.03
2019-03-11,29.77,0.0,57.14,2.78
2019-03-12,29.09,0.0,58.5,2.9
2019-03-13,28.59,0.0,61.41,3.14
2019-03-14,28.93,0.0,57.73,3.04
2019-03-15,28.99,0.0,58.89,3.25
2019-03-16,29.24,0.0,60.68,3.21
2019-03-17,29.54,0.0,60.43,3.15
2019-03-18,30.25,0.0,60.02,3.19
2019-03-19,30.44,0.0,58.87,2.82
2019-03-20,30.16,0.0,57.82,2.79
2019-03-21,29.88,0.0,58.34,2.82
2019-03-22,30.53,0.0,59.61,2.57
2019-03-23,31.05,0.0,58.35,2.46
2019-03-24,31.13,0.0,52.6,2.36
2019-03-25,30.86,0.0,52.36,3.01
2019-03-26,30.18,0.0,54.47,3.03
2019-03-27,30.47,0.0,51.53,2.42
2019-03-28,30.57,0.0,51.17,2.51
2019-03-29,30.96,0.0,45.95,2.34
2019-03-30,30.91,0.0,54.63,2.62
2019-03-31,31.75,0.0,53.8,2.53
2019-04-01,31.96,0.0,55.1,3.33
2019-04-02,31.31,0.0,57.16,2.85
2019-04-03,30.95,0.0,57.64,2.89
2019-04-04,31.5,0.0,55.38,2.56
2019-04-05,32.26,0.01,53.95,2.25
2019-04-06,32.09,0.0,52.45,2.25
2019-04-07,32.01,0.0,54.74,2.62
2019-04-08,32.08,0.0,58.85,2.98
2019-04-09,32.06,0.0,58.24,3.09
2019-04-10,31.9,0.0,59.15,2.76
2019-04-11,32.25,0.0,54.82,2.23
2019-04-12,32.11,0.0,56.67,2.54
2019-04-13,31.92,0.0,55.12,2.33
2019-04-14,32.21,0.0,51.28,2.46
2019-04-15,32.6,0.0,51.93,2.54
2019-04-16,32.28,1.03,53.62,2.61
2019-04-17,31.2,1.84,57.39,2.0
2019-04-18,31.49,0.89,61.95,2.86
2019-04-19,31.45,1.17,61.99,3.03
2019-04-20,31.31,3.14,61.25,3.13
2019-04-21,31.97,0.56,57.38,2.8
2019-04-22,32.52,2.16,54.63,2.5
2019-04-23,31.72,0.85,59.3,2.38
2019-04-24,30.94,0.16,59.32,1.77
2019-04-25,31.99,0.06,55.01,2.02
2019-04-26,31.86,0.29,57.9,2.2
2019-04-27,31.91,0.0,60.2,2.48
2019-04-28,32.56,0.01,58.57,2.44
2019-04-29,32.75,2.32,58.78,3.02
2019-04-30,32.97,0.31,55.82,2.5
2019-05-01,33.01,0.01,51.75,3.42
2019-05-02,33.9,0.0,48.2,3.43
2019-05-03,33.98,0.0,46.63,4.07
2019-05-04,33.9,0.0,49.02,2.6
2019-05-05,33.12,0.0,55.02,3.05
2019-05-06,32.89,0.03,57.94,3.87
2019-05-07,33.5,0.35,53.79,3.8
2019-05-08,32.03,0.46,50.92,2.24
2019-05-09,33.13,0.72,51.89,2.74
2019-05-10,32.81,0.38,59.12,2.76
2019-05-11,32.92,0.0,59.09,3.91
2019-05-12,33.24,0.0,57.78,3.43
2019-05-13,33.71,0.0,53.63,2.77
2019-05-14,34.28,0.0,50.26,2.51
2019-05-15,34.44,0.36,50.47,1.83
2019-05-16,33.21,0.12,56.24,2.29
2019-05-17,33.99,1.63,53.12,2.46
2019-05-18,33.29,0.81,57.26,2.86
2019-05-19,32.73,0.0,59.85,3.84
2019-05-20,32.7,0.0,57.75,3.57
2019-05-21,32.72,0.0,57.65,3.65
2019-05-22,31.87,0.0,62.62,3.3
2019-05-23,31.5,0.02,66.68,3.85
2019-05-24,32.23,0.07,59.53,4.08
2019-05-25,32.45,0.07,57.59,3.42
2019-05-26,33.4,0.05,53.41,2.89
2019-05-27,33.47,0.03,57.38,2.93
2019-05-28,33.32,0.31,59.92,2.82
2019-05-29,33.33,0.53,56.77,1.61
2019-05-30,32.96,1.84,56.73,2.43
2019-05-31,30.09,2.7,56.96,4.73
2019-06-01,31.45,0.17,58.6,3.46
2019-06-02,32.52,0.04,58.18,4.22
2019-06-03,30.17,0.18,67.25,1.61
2019-06-04,31.05,2.36,62.7,2.94
2019-06-05,30.34,5.92,67.81,2.82
2019-06-06,30.09,0.27,71.92,3.05
2019-06-07,30.6,3.3,67.44,4.44
2019-06-08,30.66,0.63,66.13,4.45
2019-06-09,30.59,0.35,66.68,5.86
2019-06-10,30.29,0.21,67.44,5.09
2019-06-11,31.25,0.11,61.9,4.73
2019-06-12,31.14,0.01,61.99,4.11
2019-06-13,31.55,0.32,58.64,3.56
2019-06-14,31.79,0.53,53.32,3.8
2019-06-15,32.72,0.03,48.92,2.84
2019-06-16,32.85,0.04,52.76,3.48
2019-06-17,33.28,0.0,51.13,3.13
2019-06-18,33.42,0.06,49.77,2.22
2019-06-19,32.8,0.05,51.06,2.48
2019-06-20,33.33,0.01,45.09,3.82
2019-06-21,31.15,0.01,55.22,4.13
2019-06-22,31.75,0.05,56.02,4.07
2019-06-23,31.7,0.1,54.93,3.69
2019-06-24,32.68,0.21,52.69,3.03
2019-06-25,31.74,0.5,57.32,2.73
2019-06-26,32.08,0.11,55.5,1.53
2019-06-27,32.45,0.01,52.46,2.32
2019-06-28,32.75,0.0,50.03,3.05
2019-06-29,33.13,0.0,46.9,3.11
2019-06-30,32.44,0.0,49.1,4.35
2019-07-01,33.21,0.0,49.33,3.45
2019-07-02,32.22,0.0,54.2,4.49
2019-07-03,32.2,0.07,55.06,3.87
2019-07-04,32.31,0.16,55.61,4.08
2019-07-05,31.67,0.02,56.51,4.92
2019-07-06,31.37,0.0,57.84,4.46
2019-07-07,31.67,0.0,55.67,3.76
2019-07-08,32.13,0.0,55.21,3.23
2019-07-09,31.15,0.33,55.85,3.26
2019-07-10,31.33,1.15,51.64,2.3
2019-07-11,32.02,0.14,46.7,2.19
2019-07-12,32.25,0.02,48.86,2.1
2019-07-13,31.44,0.05,57.51,2.06
2019-07-14,31.27,1.19,56.56,2.35
2019-07-15,31.03,3.02,57.9,3.26
2019-07-16,31.15,0.26,55.1,1.92
2019-07-17,31.62,1.08,53.15,1.96
2019-07-18,29.5,6.93,62.89,2.52
2019-07-19,28.45,1.51,71.58,2.46
2019-07-20,30.16,0.1,61.12,3.3
2019-07-21,30.68,1.73,57.42,3.49
2019-07-22,29.05,0.61,64.29,2.58
2019-07-23,30.67,0.16,53.31,2.16
2019-07-24,31.18,0.71,53.86,1.61
2019-07-25,31.01,4.88,57.12,1.82
2019-07-26,29.52,3.81,62.43,2.37
2019-07-27,30.94,0.0,57.6,1.44
2019-07-28,31.47,0.0,51.8,2.57
2019-07-29,30.51,0.0,55.98,2.94
2019-07-30,31.6,0.0,52.86,2.38
2019-07-31,31.05,0.0,54.79,2.0
2019-08-01,31.87,0.0,52.47,2.7
2019-08-02,30.99,0.0,55.88,3.59
2019-08-03,31.66,0.0,51.56,4.36
2019-08-04,31.51,0.08,56.75,4.72
2019-08-05,30.33,2.08,54.95,5.02
2019-08-06,30.63,0.56,55.46,5.1
2019-08-07,30.37,0.81,58.94,5.63
2019-08-08,29.45,2.29,63.45,5.78
2019-08-09,29.52,1.54,64.07,4.88
2019-08-10,29.07,0.31,62.07,3.81
2019-08-11,30.41,0.03,54.15,3.76
2019-08-12,31.59,0.02,51.98,4.09
2019-08-13,30.39,2.85,56.01,2.83
2019-08-14,31.07,3.04,59.67,3.38
2019-08-15,30.67,0.5,60.08,1.66
2019-08-16,29.98,7.8,59.42,1.97
2019-08-17,27.12,7.62,74.74,1.84
2019-08-18,27.78,9.16,74.89,1.96
2019-08-19,28.78,15.72,74.4,1.94
2019-08-20,29.6,5.59,70.37,2.34
2019-08-21,28.34,5.89,74.22,3.03
2019-08-22,28.51,4.8,71.2,2.91
2019-08-23,28.96,0.36,62.43,3.59
2019-08-24,28.94,0.11,61.78,2.99
2019-08-25,28.5,1.49,65.67,3.93
2019-08-26,27.75,0.23,72.45,4.58
2019-08-27,29.83,0.02,61.45,4.51
2019-08-28,29.86,0.02,61.74,3.96
2019-08-29,27.73,8.18,72.1,3.77
2019-08-30,29.23,0.16,61.52,3.64
2019-08-31,28.16,0.27,64.04,4.25
2019-09-01,29.54,0.7,67.8,3.72
2019-09-02,28.3,1.88,74.02,3.49
2019-09-03,28.79,1.57,72.2,3.15
2019-09-04,29.84,0.66,65.47,3.87
2019-09-05,29.91,0.17,63.2,3.86
2019-09-06,30.4,0.04,63.39,3.59
2019-09-07,30.7,0.0,59.82,3.7
2019-09-08,30.01,0.0,60.49,2.92
2019-09-09,30.34,0.01,57.13,1.64
2019-09-10,30.46,2.08,63.43,1.58
2019-09-11,29.13,6.1,72.76,1.68
2019-09-12,28.9,4.85,70.7,1.88
2019-09-13,28.15,16.71,75.35,1.97
2019-09-14,28.76,3.48,71.58,1.78
2019-09-15,29.42,6.65,68.58,2.29
2019-09-16,28.27,13.58,74.19,2.79
2019-09-17,28.91,9.63,70.84,2.04
2019-09-18,28.85,5.12,74.53,3.03
2019-09-19,28.62,7.55,74.79,3.05
2019-09-20,27.32,2.73,75.14,1.87
2019-09-21,29.24,1.58,70.61,2.96
2019-09-22,28.55,2.1,75.03,1.67
2019-09-23,27.4,21.74,84.71,1.96
2019-09-24,26.89,4.66,83.08,2.84
2019-09-25,26.66,5.44,84.9,3.89
2019-09-26,27.36,1.07,77.96,3.3
2019-09-27,27.65,1.62,74.28,1.9
2019-09-28,27.8,1.51,75.36,1.49
2019-09-29,27.3,7.05,77.85,1.72
2019-09-30,26.36,23.02,83.62,1.65
2019-10-01,27.79,1.12,75.15,2.41
2019-10-02,27.31,0.82,80.2,1.37
2019-10-03,27.85,0.9,78.19,1.29
2019-10-04,28.29,0.39,74.93,1.27
2019-10-05,27.67,2.28,77.71,1.97
2019-10-06,27.17,2.49,79.64,2.23
2019-10-07,27.87,1.37,76.94,2.28
2019-10-08,27.85,1.48,78.81,1.4
2019-10-09,28.49,0.44,76.25,1.74
2019-10-10,27.95,0.31,78.69,2.1
2019-10-11,26.66,7.02,84.51,1.38
2019-10-12,27.36,7.11,80.1,1.27
2019-10-13,27.81,8.81,79.59,1.53
2019-10-14,27.58,12.92,82.03,1.66
2019-10-15,26.84,22.53,87.28,1.6
2019-10-16,25.89,33.77,88.86,1.94
2019-10-17,26.28,26.1,86.28,2.19
2019-10-18,26.38,2.68,86.41,0.95
2019-10-19,26.48,4.1,87.2,1.9
2019-10-20,26.1,16.93,90.64,1.83
2019-10-21,26.0,46.55,91.07,1.75
2019-10-22,25.87,9.34,88.87,1.54
2019-10-23,26.68,26.94,83.89,1.11
2019-10-24,25.3,5.61,88.79,2.49
2019-10-25,25.55,1.05,87.28,2.38
2019-10-26,25.64,0.65,86.87,2.26
2019-10-27,25.37,6.36,87.66,1.08
2019-10-28,25.82,9.87,85.64,2.05
2019-10-29,25.23,22.31,88.96,2.47
2019-10-30,25.69,46.9,91.24,2.36
2019-10-31,25.94,7.11,91.63,3.04
2019-11-01,26.36,1.17,83.15,1.31
2019-11-02,26.28,0.72,84.99,1.2
2019-11-03,26.09,4.28,87.97,1.53
2019-11-04,25.89,1.69,88.72,1.52
2019-11-05,26.66,0.0,81.41,1.12
2019-11-06,26.93,0.04,83.74,1.21
2019-11-07,26.2,4.62,89.59,1.22
2019-11-08,26.41,3.77,89.5,1.17
2019-11-09,26.74,3.61,88.33,1.35
2019-11-10,26.84,1.69,86.56,1.43
2019-11-11,26.71,2.08,85.3,1.26
2019-11-12,26.08,0.85,86.42,2.17
2019-11-13,26.03,0.81,87.3,2.89
2019-11-14,26.25,4.11,88.29,2.6
2019-11-15,26.38,4.85,88.48,2.51
2019-11-16,26.34,3.44,87.94,2.34
2019-11-17,26.47,1.5,87.86,2.61
2019-11-18,26.71,1.09,87.79,2.65
2019-11-19,26.72,1.89,86.07,2.16
2019-11-20,26.26,4.38,88.28,2.34
2019-11-21,26.38,2.91,87.21,2.62
2019-11-22,25.69,11.21,90.97,2.72
2019-11-23,25.45,2.95,88.89,3.75
2019-11-24,25.8,9.55,87.19,3.3
2019-11-25,25.67,10.18,88.62,3.86
2019-11-26,25.8,1.32,86.14,3.29
2019-11-27,26.52,8.06,86.98,2.99
2019-11-28,26.48,24.37,90.54,2.69
2019-11-29,26.52,24.35,89.99,3.49
2019-11-30,25.38,36.83,94.31,2.44
2019-12-01,25.37,33.75,94.02,1.35
2019-12-02,25.52,20.3,90.82,2.3
2019-12-03,25.45,8.78,91.2,2.25
2019-12-04,25.38,0.7,87.87,3.69
2019-12-05,24.79,8.41,88.63,3.95
2019-12-06,24.44,3.74,89.47,4.32
2019-12-07,25.14,8.16,89.03,3.45
2019-12-08,24.59,0.53,86.44,3.02
2019-12-09,24.38,0.0,87.57,3.11
2019-12-10,24.14,0.08,86.74,3.09
2019-12-11,24.57,0.0,86.55,2.61
2019-12-12,24.99,0.73,88.62,3.33
2019-12-13,25.48,10.58,89.98,2.8
2019-12-14,25.54,8.32,89.94,3.04
2019-12-15,24.94,1.29,87.69,3.06
2019-12-16,24.6,0.9,89.67,2.77
2019-12-17,25.13,6.0,89.35,3.63
2019-12-18,24.97,1.12,89.21,3.68
2019-12-19,25.21,0.51,88.47,3.63
2019-12-20,25.17,2.04,88.78,3.57
2019-12-21,24.61,0.14,86.89,2.81
2019-12-22,24.83,0.72,87.67,2.97
2019-12-23,24.62,0.27,86.82,3.03
2019-12-24,24.79,3.84,90.26,3.02
2019-12-25,25.45,4.17,89.79,3.28
2019-12-26,24.83,0.03,87.18,2.39
2019-12-27,24.12,0.0,85.19,2.38
2019-12-28,24.05,0.05,84.92,2.29
2019-12-29,24.51,0.13,88.09,2.52
2019-12-30,24.69,0.03,86.5,2.59
2019-12-31,25.0,0.01,86.89,2.27
2020-01-01,25.39,0.01,88.4,2.54
2020-01-02,26.03,0.0,87.67,2.45
2020-01-03,26.04,0.0,87.84,2.01
2020-01-04,26.22,0.02,86.93,1.86
2020-01-05,26.09,0.0,86.57,2.33
2020-01-06,25.58,0.76,86.51,2.97
2020-01-07,25.23,1.03,86.65,2.96
2020-01-08,24.93,0.08,83.71,2.83
2020-01-09,24.03,0.0,80.85,2.43
2020-01-10,23.78,0.0,81.72,2.62
2020-01-11,23.73,0.0,81.1,3.19
2020-01-12,23.83,0.0,80.97,2.96
2020-01-13,23.73,0.0,80.09,2.59
2020-01-14,23.11,0.0,78.07,2.37
2020-01-15,22.86,0.0,78.76,2.45
2020-01-16,24.16,0.05,78.54,2.01
2020-01-17,25.13,1.58,84.96,2.53
2020-01-18,25.72,2.93,86.21,2.63
2020-01-19,25.46,1.61,83.39,3.14
2020-01-20,24.98,0.01,81.94,2.82
2020-01-21,24.78,0.01,81.68,3.2
2020-01-22,25.25,0.01,81.42,3.79
2020-01-23,25.6,0.05,82.13,3.73
2020-01-24,25.08,0.0,79.13,3.6
2020-01-25,24.45,0.0,77.53,2.7
2020-01-26,24.42,0.0,75.38,2.34
2020-01-27,24.38,0.0,73.72,1.79
2020-01-28,25.45,0.0,72.91,1.87
2020-01-29,25.8,0.0,73.15,2.07
2020-01-30,26.02,0.0,73.65,1.96
2020-01-31,25.94,0.0,74.61,2.26
2020-02-01,26.09,0.0,73.97,2.45
2020-02-02,25.99,0.0,70.97,2.97
2020-02-03,25.8,0.01,70.31,2.95
2020-02-04,26.25,0.03,72.32,2.9
2020-02-05,26.7,0.01,69.13,2.89
2020-02-06,26.25,0.0,66.62,2.62
2020-02-07,26.64,0.0,68.04,2.61
2020-02-08,27.46,0.0,64.48,2.25
2020-02-09,27.15,0.0,66.41,2.86
2020-02-10,26.62,0.0,69.77,3.36
2020-02-11,26.99,0.0,68.05,3.71
2020-02-12,27.12,0.0,71.15,4.04
2020-02-13,27.07,0.0,69.09,3.77
2020-02-14,26.65,0.0,66.78,2.82
2020-02-15,27.41,0.01,63.13,2.63
2020-02-16,26.73,0.0,64.75,2.94
2020-02-17,26.89,0.0,64.79,3.25
2020-02-18,25.86,0.0,64.7,3.0
2020-02-19,26.07,0.0,64.87,2.86
2020-02-20,26.41,0.0,66.55,3.33
2020-02-21,26.96,1.52,72.62,4.11
2020-02-22,27.85,2.31,71.25,4.49
2020-02-23,27.52,0.01,68.99,3.92
2020-02-24,27.72,0.0,67.39,3.47
2020-02-25,27.71,0.0,69.86,2.62
2020-02-26,28.0,0.0,67.7,3.04
2020-02-27,28.04,0.0,68.15,3.12
2020-02-28,28.44,0.0,64.57,3.45
2020-02-29,28.01,0.0,64.01,3.02
2020-03-01,28.28,0.0,62.02,3.03
2020-03-02,28.84,0.0,58.46,2.61
2020-03-03,28.95,0.0,55.13,1.52
2020-03-04,30.32,0.02,55.64,1.31
2020-03-05,29.73,0.0,56.73,2.21
2020-03-06,29.84,0.0,62.48,2.45
2020-03-07,29.73,0.0,65.6,3.15
2020-03-08,29.63,0.16,64.67,2.58
2020-03-09,29.68,0.01,61.49,3.04
2020-03-10,29.46,0.0,59.45,3.01
2020-03-11,28.98,0.0,61.62,2.41
2020-03-12,29.01,0.0,61.82,2.74
2020-03-13,29.0,0.0,63.72,3.07
2020-03-14,29.64,0.0,62.67,3.13
2020-03-15,29.42,0.0,61.99,3.4
2020-03-16,30.1,0.0,63.44,3.7
2020-03-17,29.84,0.0,63.63,3.62
2020-03-18,30.25,0.0,63.78,3.23
2020-03-19,30.6,0.0,59.52,2.57
2020-03-20,30.92,0.0,57.22,2.17
2020-03-21,30.85,0.06,55.59,2.53
2020-03-22,31.04,0.0,55.94,2.44
2020-03-23,30.67,0.02,55.42,2.79
2020-03-24,30.48,0.0,58.73,3.11
2020-03-25,30.47,0.0,57.26,2.92
2020-03-26,30.27,0.0,57.7,3.49
2020-03-27,30.05,0.0,60.0,3.47
2020-03-28,30.21,0.0,55.94,2.68
2020-03-29,30.09,0.0,53.39,2.42
2020-03-30,30.33,0.0,50.65,2.71
2020-03-31,29.83,0.01,57.61,2.83
2020-04-01,30.07,0.0,59.59,2.97
2020-04-02,30.79,0.0,60.1,2.95
2020-04-03,30.49,0.0,59.56,2.79
2020-04-04,30.98,0.57,59.59,2.76
2020-04-05,29.98,3.87,68.21,2.22
2020-04-06,30.77,0.04,65.18,2.18
2020-04-07,30.6,0.04,63.47,2.45
2020-04-08,31.28,0.24,61.44,2.35
2020-04-09,30.63,6.12,65.01,2.58
2020-04-10,30.1,5.47,65.93,2.78
2020-04-11,30.61,0.07,62.4,2.97
2020-04-12,30.86,0.02,59.96,2.61
2020-04-13,30.92,0.01,57.71,2.35
2020-04-14,31.08,0.04,58.37,2.61
2020-04-15,31.39,0.21,59.73,2.83
2020-04-16,31.54,0.18,59.01,2.53
2020-04-17,31.87,0.27,58.38,2.48
2020-04-18,31.95,1.6,58.79,2.66
2020-04-19,30.67,5.17,64.76,2.33
2020-04-20,30.86,0.12,63.74,2.9
2020-04-21,31.82,0.09,59.0,2.69
2020-04-22,32.3,0.13,57.08,2.54
2020-04-23,32.28,2.43,60.1,2.81
2020-04-24,31.71,1.2,64.74,3.16
2020-04-25,30.82,4.67,70.08,2.43
2020-04-26,29.99,2.93,73.91,2.26
2020-04-27,30.64,2.79,70.43,1.67
2020-04-28,29.97,4.29,72.63,1.86
2020-04-29,30.77,2.0,66.05,1.18
2020-04-30,31.25,0.14,63.11,1.8
2020-05-01,32.13,0.02,59.5,2.28
2020-05-02,32.29,2.3,59.85,2.54
2020-05-03,30.11,6.42,72.9,1.75
2020-05-04,31.64,0.01,61.91,2.05
2020-05-05,31.39,0.5,61.38,2.55
2020-05-06,30.77,0.97,68.26,3.18
2020-05-07,31.21,1.83,61.06,3.9
2020-05-08,30.55,1.02,68.58,2.88
2020-05-09,30.78,2.03,67.44,2.38
2020-05-10,30.37,3.01,70.87,1.93
2020-05-11,28.97,7.9,77.35,1.85
2020-05-12,30.43,0.5,65.53,2.48
2020-05-13,30.87,1.69,61.53,1.57
2020-05-14,31.7,0.19,60.89,2.0
2020-05-15,31.67,0.79,62.99,1.39
2020-05-16,32.46,1.1,58.35,2.17
2020-05-17,31.57,8.16,63.37,2.09
2020-05-18,30.52,1.5,63.39,4.32
2020-05-19,31.69,0.01,58.07,3.69
2020-05-20,32.94,0.02,54.51,2.74
2020-05-21,31.73,0.13,55.43,3.98
2020-05-22,33.01,0.08,52.51,2.67
2020-05-23,33.9,0.13,52.41,2.68
2020-05-24,33.7,0.39,55.03,2.04
2020-05-25,32.86,0.29,58.43,2.43
2020-05-26,32.85,0.01,57.98,2.23
2020-05-27,32.83,0.33,57.48,2.03
2020-05-28,31.21,11.14,66.55,3.42
2020-05-29,31.69,0.76,60.3,3.32
2020-05-30,31.06,0.02,63.52,4.29
2020-05-31,30.51,0.28,66.33,4.84
2020-06-01,30.23,3.15,67.89,4.52
2020-06-02,29.38,4.75,69.76,4.46
2020-06-03,29.38,0.01,66.59,4.5
2020-06-04,30.28,0.01,63.23,4.49
2020-06-05,29.9,0.48,67.85,4.23
2020-06-06,29.45,3.18,68.37,3.75
2020-06-07,28.9,2.5,68.93,3.17
2020-06-08,30.87,0.09,58.6,2.54
2020-06-09,31.09,0.09,53.87,2.8
2020-06-10,30.86,0.28,56.63,2.28
2020-06-11,29.57,0.29,59.06,3.27
2020-06-12,30.24,0.0,57.65,4.05
2020-06-13,31.15,0.01,56.2,3.78
2020-06-14,31.92,0.0,53.84,3.73
2020-06-15,32.14,0.0,53.97,2.33
2020-06-16,31.24,0.0,60.13,3.45
2020-06-17,31.18,0.18,59.42,3.6
2020-06-18,31.71,0.04,52.8,3.34
2020-06-19,31.61,0.0,51.09,3.02
2020-06-20,31.27,0.0,53.78,4.06
2020-06-21,29.83,2.18,56.87,3.96
2020-06-22,30.59,0.11,55.86,1.81
2020-06-23,32.09,0.01,48.26,2.55
2020-06-24,31.39,10.2,53.06,1.81
2020-06-25,28.13,16.57,72.11,2.14
2020-06-26,28.64,4.96,72.29,3.45
2020-06-27,30.24,0.56,66.89,2.4
2020-06-28,30.88,1.91,65.51,2.23
2020-06-29,30.12,1.56,68.94,1.97
2020-06-30,30.04,0.33,67.78,2.49
2020-07-01,28.99,0.0,66.24,1.81
2020-07-02,30.3,1.88,60.49,2.09
2020-07-03,28.47,2.23,64.57,3.62
2020-07-04,29.07,0.21,64.05,3.74
2020-07-05,29.39,0.06,61.68,2.83
2020-07-06,29.5,0.02,61.37,3.61
2020-07-07,29.82,0.62,62.68,1.98
2020-07-08,28.81,4.87,68.8,0.96
2020-07-09,26.64,20.43,82.1,1.57
2020-07-10,27.06,1.47,79.35,1.82
2020-07-11,28.14,8.32,74.86,2.08
2020-07-12,29.51,0.95,68.65,2.52
2020-07-13,29.08,0.36,69.54,1.74
2020-07-14,28.97,3.88,72.77,2.01
2020-07-15,29.27,2.33,72.19,1.67
2020-07-16,28.61,1.5,70.93,2.84
2020-07-17,29.16,0.04,65.92,2.66
2020-07-18,29.39,0.78,64.29,1.22
2020-07-19,27.94,1.89,74.4,1.63
2020-07-20,28.15,5.1,76.05,2.36
2020-07-21,27.85,0.5,75.77,2.55
2020-07-22,28.04,0.1,76.18,3.89
2020-07-23,28.3,4.54,74.76,3.98
2020-07-24,27.95,4.12,75.31,4.06
2020-07-25,28.62,4.89,69.21,3.2
2020-07-26,28.19,0.79,70.44,2.79
2020-07-27,28.52,0.68,69.51,1.76
2020-07-28,28.67,7.18,71.26,1.85
2020-07-29,27.39,9.71,75.24,1.89
2020-07-30,29.55,0.1,67.55,3.03
2020-07-31,29.06,5.25,72.3,3.02
2020-08-01,29.17,1.19,68.62,2.66
2020-08-02,28.83,0.15,65.06,3.99
2020-08-03,28.7,0.21,67.92,4.87
2020-08-04,28.49,0.31,62.84,4.87
2020-08-05,28.99,0.09,59.25,5.47
2020-08-06,29.58,0.3,65.41,4.37
2020-08-07,30.52,0.03,62.65,3.69
2020-08-08,28.45,19.42,71.36,2.44
2020-08-09,26.99,7.04,77.36,3.39
2020-08-10,28.38,0.01,69.0,3.17
2020-08-11,29.66,0.19,68.62,2.59
2020-08-12,30.06,0.01,64.11,2.7
2020-08-13,29.71,0.0,66.41,1.9
2020-08-14,29.59,0.0,65.96,2.24
2020-08-15,29.08,0.0,65.61,2.7
2020-08-16,29.76,0.0,65.43,2.36
2020-08-17,30.32,0.0,65.41,2.63
2020-08-18,30.84,0.07,62.8,1.88
2020-08-19,30.21,0.0,65.09,1.55
2020-08-20,29.81,0.0,64.93,1.6
2020-08-21,30.08,0.06,64.59,1.63
2020-08-22,30.3,1.55,67.72,1.77
2020-08-23,29.92,6.79,71.63,1.52
2020-08-24,28.94,12.41,75.45,1.46
2020-08-25,29.27,5.0,75.8,1.32
2020-08-26,28.72,2.37,76.07,1.2
2020-08-27,29.19,0.35,71.37,1.44
2020-08-28,30.35,1.99,64.41,2.26
2020-08-29,30.42,0.89,65.5,2.25
2020-08-30,29.59,0.36,67.46,1.78
2020-08-31,29.69,4.23,69.72,1.57
2020-09-01,28.69,12.56,75.38,1.83
2020-09-02,27.34,15.17,78.65,1.54
2020-09-03,27.83,9.73,78.32,2.21
2020-09-04,28.8,1.78,75.72,2.21
2020-09-05,28.5,0.75,75.88,3.26
2020-09-06,28.2,5.93,74.71,3.83
2020-09-07,28.96,0.24,70.87,2.66
2020-09-08,28.54,3.66,75.07,2.44
2020-09-09,27.65,10.59,79.5,3.68
2020-09-10,27.04,2.97,76.32,4.63
2020-09-11,27.34,0.34,72.49,4.31
2020-09-12,28.7,0.08,66.4,2.47
2020-09-13,27.75,0.77,71.54,2.03
2020-09-14,28.7,0.05,66.15,2.91
2020-09-15,27.41,1.01,70.83,2.46
2020-09-16,29.34,0.15,68.19,1.97
2020-09-17,29.37,1.36,70.0,2.49
2020-09-18,29.77,0.6,65.95,3.3
2020-09-19,28.54,0.33,67.32,4.4
2020-09-20,27.56,0.14,65.48,5.2
2020-09-21,28.2,0.05,68.26,4.29
2020-09-22,29.07,0.01,63.5,3.61
2020-09-23,29.59,0.0,64.15,2.66
2020-09-24,28.92,0.05,68.69,1.91
2020-09-25,28.09,2.34,74.06,2.02
2020-09-26,28.13,0.44,72.27,2.54
2020-09-27,29.19,8.31,68.36,1.24
2020-09-28,27.9,11.83,79.77,1.46
2020-09-29,26.94,10.11,80.23,1.77
2020-09-30,27.92,3.78,74.74,2.17
2020-10-01,28.64,0.09,69.0,1.67
2020-10-02,28.44,0.06,67.12,1.57
2020-10-03,27.76,0.17,71.11,1.97
2020-10-04,28.68,0.19,65.41,2.23
2020-10-05,28.91,0.04,62.06,1.79
2020-10-06,29.71,12.83,67.49,1.66
2020-10-07,29.6,8.01,73.53,1.85
2020-10-08,27.74,18.09,83.49,1.45
2020-10-09,26.98,10.96,84.83,2.34
2020-10-10,27.66,1.04,76.2,1.35
2020-10-11,26.89,0.1,76.73,2.39
2020-10-12,27.91,0.21,71.78,3.41
2020-10-13,27.76,0.14,72.79,4.34
2020-10-14,28.41,0.06,68.69,3.53
2020-10-15,28.55,0.14,71.2,2.99
2020-10-16,28.41,0.72,74.0,1.93
2020-10-17,28.34,3.04,75.31,1.27
2020-10-18,27.86,5.02,77.39,1.35
2020-10-19,28.48,1.61,74.13,1.26
2020-10-20,27.36,9.86,80.62,1.51
2020-10-21,28.16,1.18,74.27,1.71
2020-10-22,27.38,1.24,75.61,2.26
2020-10-23,28.16,0.0,71.2,1.51
2020-10-24,27.42,0.0,66.52,1.81
2020-10-25,27.96,32.08,74.74,1.3
2020-10-26,27.87,0.54,79.24,1.2
2020-10-27,28.15,0.2,76.34,1.59
2020-10-28,27.97,6.09,76.45,1.27
2020-10-29,27.68,5.99,77.21,1.75
2020-10-30,26.92,9.68,80.1,1.56
2020-10-31,28.03,9.13,72.53,0.95
2020-11-01,27.73,0.11,75.33,0.87
2020-11-02,28.53,0.19,74.88,0.96
2020-11-03,28.4,0.18,75.73,1.57
2020-11-04,27.95,3.88,79.34,1.31
2020-11-05,27.19,21.19,83.01,1.66
2020-11-06,26.3,12.24,87.99,2.32
2020-11-07,26.61,1.55,86.76,2.72
2020-11-08,26.46,6.97,86.92,2.93
2020-11-09,26.57,0.27,77.4,3.71
2020-11-10,26.13,0.08,76.0,3.24
2020-11-11,26.45,2.12,80.86,3.49
2020-11-12,26.41,9.17,88.37,2.43
2020-11-13,26.68,14.25,86.95,2.42
2020-11-14,26.77,3.45,85.88,3.32
2020-11-15,26.29,11.12,91.05,3.12
2020-11-16,26.02,36.95,91.71,2.39
2020-11-17,26.1,34.59,87.85,2.85
2020-11-18,25.96,12.17,89.36,1.68
2020-11-19,26.27,3.89,86.7,2.4
2020-11-20,25.98,1.6,86.0,2.83
2020-11-21,25.53,0.07,82.4,3.09
2020-11-22,24.58,0.02,82.18,2.37
2020-11-23,24.84,0.51,85.1,3.37
2020-11-24,24.33,1.15,89.98,3.65
2020-11-25,25.66,7.34,87.17,3.36
2020-11-26,25.66,11.85,88.93,3.33
2020-11-27,25.91,15.72,87.0,1.86
2020-11-28,26.1,2.95,86.55,2.23
2020-11-29,25.72,1.0,89.4,2.61
2020-11-30,25.62,2.08,88.89,3.36
2020-12-01,25.05,0.47,83.93,3.67
2020-12-02,24.74,22.24,87.52,4.76
2020-12-03,24.62,58.92,91.05,5.18
2020-12-04,25.68,29.59,93.85,3.93
2020-12-05,25.36,14.28,94.26,4.12
2020-12-06,25.15,18.6,92.47,4.62
2020-12-07,25.7,11.44,91.89,2.98
2020-12-08,25.87,6.46,89.7,2.43
2020-12-09,25.57,2.31,88.62,2.57
2020-12-10,24.79,0.08,86.09,2.63
2020-12-11,24.19,0.0,85.54,2.66
2020-12-12,24.2,0.06,87.61,2.6
2020-12-13,24.04,0.0,84.15,2.37
2020-12-14,23.58,0.01,83.62,2.54
2020-12-15,24.1,12.51,88.76,3.16
2020-12-16,23.94,30.21,93.92,3.46
2020-12-17,24.5,18.36,92.98,2.42
2020-12-18,24.68,10.8,92.05,3.14
2020-12-19,23.77,8.14,89.74,4.06
2020-12-20,23.99,0.14,87.0,3.88
2020-12-21,22.86,0.02,89.02,3.61
2020-12-22,22.78,0.14,89.33,3.18
2020-12-23,23.45,0.25,90.0,2.68
2020-12-24,24.08,0.0,87.83,3.07
2020-12-25,23.52,0.09,86.97,3.0
2020-12-26,22.63,0.01,84.62,3.04
2020-12-27,23.35,0.57,86.16,3.35
2020-12-28,23.53,0.22,85.18,3.09
2020-12-29,24.14,1.25,88.21,3.1
2020-12-30,24.94,6.41,89.86,4.06
2020-12-31,24.99,11.63,91.31,3.57
2021-01-01,23.8,0.72,86.52,3.38
2021-01-02,24.0,4.57,90.28,3.28
2021-01-03,25.03,13.71,91.14,3.38
2021-01-04,25.3,10.43,89.07,3.42
2021-01-05,24.9,1.61,90.76,2.71
2021-01-06,25.19,8.4,90.68,1.79
2021-01-07,25.25,13.96,92.12,2.23
2021-01-08,25.79,7.58,89.15,1.92
2021-01-09,24.82,14.26,94.0,2.42
2021-01-10,24.31,15.52,92.92,2.37
2021-01-11,24.47,32.45,92.41,3.41
2021-01-12,24.52,30.82,94.03,4.04
2021-01-13,24.66,25.04,93.51,3.51
2021-01-14,24.72,15.9,92.12,3.05
2021-01-15,24.38,21.19,93.97,2.92
2021-01-16,24.8,9.9,90.9,2.83
2021-01-17,23.44,0.62,87.98,2.92
2021-01-18,22.55,0.01,86.87,3.08
2021-01-19,23.28,0.01,85.48,2.77
2021-01-20,24.06,0.41,88.49,2.75
2021-01-21,25.7,0.31,89.68,2.32
2021-01-22,25.65,0.13,88.77,2.13
2021-01-23,24.8,0.02,87.29,2.52
2021-01-24,24.02,0.0,84.47,2.53
2021-01-25,23.57,0.0,84.52,2.34
2021-01-26,23.07,0.0,82.6,2.59
2021-01-27,22.92,0.0,80.2,2.51
2021-01-28,23.58,0.0,83.74,3.04
2021-01-29,24.04,0.35,87.02,3.25
2021-01-30,24.66,0.08,87.43,3.06
2021-01-31,24.29,0.0,86.36,3.09
2021-02-01,23.96,0.56,86.04,3.63
2021-02-02,23.92,1.55,86.0,3.4
2021-02-03,24.06,0.0,84.5,3.31
2021-02-04,23.26,0.0,82.56,2.87
2021-02-05,22.84,0.0,83.79,3.0
2021-02-06,23.02,0.0,84.43,3.0
2021-02-07,22.57,0.0,83.42,3.36
2021-02-08,22.71,0.0,82.1,3.74
2021-02-09,22.47,0.0,82.04,3.59
2021-02-10,22.19,0.0,80.71,3.06
2021-02-11,21.92,0.0,80.49,2.65
2021-02-12,22.09,0.0,80.71,2.38
2021-02-13,22.75,0.0,79.46,2.1
2021-02-14,22.95,0.0,81.32,2.14
2021-02-15,23.9,0.0,81.87,2.2
2021-02-16,24.53,0.0,82.47,2.03
2021-02-17,24.42,0.0,82.56,2.39
2021-02-18,24.5,0.01,82.94,2.71
2021-02-19,25.0,0.07,85.03,2.89
2021-02-20,25.99,2.93,84.13,3.5
2021-02-21,26.12,1.27,83.85,3.11
2021-02-22,25.7,0.1,82.77,3.5
2021-02-23,25.46,0.0,81.73,2.95
2021-02-24,25.29,0.0,81.79,2.5
2021-02-25,25.23,0.0,79.33,2.03
2021-02-26,25.43,0.01,74.52,1.85
2021-02-27,25.75,0.0,72.95,1.52
2021-02-28,24.91,0.0,78.13,1.93
2021-03-01,25.39,0.0,77.2,1.91
2021-03-02,25.44,0.0,77.26,2.35
2021-03-03,24.93,0.0,74.46,2.74
2021-03-04,25.07,0.0,74.83,2.47
2021-03-05,25.73,0.0,73.97,2.35
2021-03-06,26.56,0.0,73.85,2.24
2021-03-07,27.18,0.0,76.37,2.56
2021-03-08,27.4,0.23,77.96,2.84
2021-03-09,27.78,0.11,72.91,3.17
2021-03-10,27.28,2.9,78.37,3.02
2021-03-11,27.75,0.88,73.72,2.81
2021-03-12,27.32,0.07,69.19,2.76
2021-03-13,27.13,0.0,73.51,2.83
2021-03-14,27.54,0.0,71.75,2.97
2021-03-15,27.59,0.0,66.49,2.7
2021-03-16,27.77,0.0,69.27,2.6
2021-03-17,27.79,0.0,70.76,2.57
2021-03-18,27.42,0.0,69.24,2.6
2021-03-19,27.63,0.0,67.21,2.32
2021-03-20,28.5,0.01,65.13,1.85
2021-03-21,29.03,0.03,62.12,1.81
2021-03-22,28.65,0.54,67.93,2.41
2021-03-23,28.66,0.0,69.66,2.56
2021-03-24,28.34,0.0,70.02,2.22
2021-03-25,28.25,0.0,69.21,1.76
2021-03-26,28.53,0.01,72.19,2.23
2021-03-27,29.32,0.11,69.25,2.3
2021-03-28,29.64,0.22,66.57,1.95
2021-03-29,29.54,0.08,67.22,2.34
2021-03-30,30.59,0.01,61.95,2.79
2021-03-31,31.04,0.0,62.4,3.09
2021-04-01,31.48,1.04,63.27,2.79
2021-04-02,31.5,0.25,61.92,2.78
2021-04-03,31.84,0.0,56.84,2.79
2021-04-04,31.93,0.0,54.9,2.39
2021-04-05,31.78,0.01,58.4,2.17
2021-04-06,30.22,0.1,65.69,2.43
2021-04-07,29.79,0.0,62.61,2.49
2021-04-08,29.95,0.0,61.9,2.08
2021-04-09,30.38,0.04,60.8,2.45
2021-04-10,29.79,2.12,64.99,2.36
2021-04-11,29.89,3.2,64.5,2.17
2021-04-12,29.37,7.03,68.71,2.28
2021-04-13,27.88,5.19,77.89,1.97
2021-04-14,28.78,8.03,74.54,1.86
2021-04-15,28.35,7.68,74.67,1.12
2021-04-16,28.4,4.2,76.24,1.53
2021-04-17,30.26,0.02,68.47,2.35
2021-04-18,30.21,0.04,66.83,2.45
2021-04-19,31.5,0.03,61.35,2.24
2021-04-20,30.91,0.03,64.55,1.45
2021-04-21,30.81,0.24,65.63,1.63
2021-04-22,30.16,0.03,69.07,2.1
2021-04-23,30.07,0.45,68.14,1.93
2021-04-24,29.98,1.4,69.86,1.78
2021-04-25,30.18,1.34,69.62,2.02
2021-04-26,30.7,0.65,65.78,2.26
2021-04-27,30.16,0.11,67.62,1.93
2021-04-28,30.54,0.03,66.67,2.18
2021-04-29,31.02,0.03,65.52,2.44
2021-04-30,30.93,0.17,67.4,2.51
2021-05-01,29.41,3.76,75.99,1.93
2021-05-02,29.86,4.1,72.05,2.33
2021-05-03,29.42,3.47,73.79,2.12
2021-05-04,28.29,4.46,79.13,1.6
2021-05-05,29.08,0.61,73.86,1.68
2021-05-06,30.5,0.42,66.9,2.35
2021-05-07,29.18,5.94,75.7,2.06
2021-05-08,29.17,2.25,74.58,2.34
2021-05-09,29.49,2.87,73.72,1.79
2021-05-10,29.42,2.36,74.28,1.94
2021-05-11,30.1,0.45,71.21,2.89
2021-05-12,30.72,0.13,69.02,2.43
2021-05-13,30.72,4.09,66.13,2.54
2021-05-14,30.02,1.92,68.24,4.57
2021-05-15,29.28,1.01,70.1,5.74
2021-05-16,29.62,0.33,69.35,4.25
2021-05-17,30.16,3.22,68.02,3.34
2021-05-18,30.3,0.7,69.84,2.83
2021-05-19,29.72,3.45,73.82,3.77
2021-05-20,28.3,4.85,78.97,3.74
2021-05-21,28.79,2.1,70.74,3.85
2021-05-22,28.59,0.57,72.14,3.69
2021-05-23,30.51,0.02,64.57,2.95
2021-05-24,31.11,0.0,61.33,3.26
2021-05-25,28.62,0.23,70.87,5.09
2021-05-26,29.15,0.38,64.66,5.07
2021-05-27,31.14,0.0,57.98,3.88
2021-05-28,31.51,0.0,56.66,2.37
2021-05-29,31.85,0.01,55.0,1.98
2021-05-30,32.2,0.01,53.51,2.28
2021-05-31,32.15,0.41,55.21,2.36
2021-06-01,31.76,0.11,58.81,2.51
2021-06-02,32.57,1.81,56.02,2.25
2021-06-03,29.59,3.71,75.44,2.33
2021-06-04,27.43,6.9,84.59,2.19
2021-06-05,27.68,10.58,75.93,2.79
2021-06-06,28.95,0.38,69.71,2.47
2021-06-07,30.36,0.0,67.94,2.48
2021-06-08,30.29,2.92,66.03,2.56
2021-06-09,29.48,1.25,69.56,3.09
2021-06-10,30.83,0.01,60.96,3.08
2021-06-11,30.46,0.0,60.09,3.06
2021-06-12,30.3,3.61,62.76,3.86
2021-06-13,28.77,0.44,70.38,4.12
2021-06-14,29.08,0.02,58.58,5.26
2021-06-15,30.12,0.0,62.38,4.25
2021-06-16,29.75,0.04,66.66,4.17
2021-06-17,30.04,0.0,63.51,3.67
2021-06-18,30.4,0.0,61.49,3.11
2021-06-19,30.07,0.0,59.16,2.33
2021-06-20,30.72,0.0,59.48,1.99
2021-06-21,31.35,0.29,57.76,2.07
2021-06-22,30.44,1.91,61.7,1.59
2021-06-23,29.25,9.48,70.33,1.89
2021-06-24,29.43,0.81,69.46,2.42
2021-06-25,30.16,0.01,60.46,2.55
2021-06-26,29.85,0.1,61.32,2.65
2021-06-27,29.54,0.02,62.3,2.66
2021-06-28,29.97,0.1,59.81,2.33
2021-06-29,30.33,2.12,63.02,2.73
2021-06-30,29.96,1.73,69.97,2.21
2021-07-01,29.17,18.66,75.26,2.59
2021-07-02,29.16,3.02,73.93,2.71
2021-07-03,29.13,3.45,71.86,1.32
2021-07-04,27.92,8.69,74.4,2.41
2021-07-05,29.14,6.88,72.03,1.48
2021-07-06,28.93,0.02,71.78,1.65
2021-07-07,29.09,1.73,73.13,1.81
2021-07-08,29.79,8.76,72.14,1.64
2021-07-09,29.14,1.81,74.38,2.59
2021-07-10,28.01,0.43,68.03,4.41
2021-07-11,28.32,0.04,61.56,4.54
2021-07-12,29.29,0.01,61.95,4.81
2021-07-13,29.51,0.02,62.07,3.63
2021-07-14,28.81,1.56,65.01,3.3
2021-07-15,29.32,0.38,61.5,2.77
2021-07-16,29.61,1.39,66.29,1.85
2021-07-17,29.04,2.14,67.52,1.93
2021-07-18,28.86,1.67,69.63,3.0
2021-07-19,29.7,0.05,64.27,3.22
2021-07-20,30.33,0.0,61.05,3.68
2021-07-21,30.15,0.01,60.81,3.86
2021-07-22,30.16,0.22,61.22,5.12
2021-07-23,29.78,0.76,61.65,5.39
2021-07-24,30.29,0.11,61.17,3.59
2021-07-25,30.21,2.52,59.93,3.3
2021-07-26,29.8,3.46,64.49,2.33
2021-07-27,29.2,0.78,67.32,2.87
2021-07-28,29.89,1.4,62.97,2.96
2021-07-29,30.84,0.06,60.37,2.31
2021-07-30,30.71,0.0,59.74,2.2
2021-07-31,31.28,0.0,56.86,2.46
2021-08-01,31.36,0.0,54.91,2.78
2021-08-02,30.78,0.0,54.07,2.46
2021-08-03,30.48,0.0,56.5,2.82
2021-08-04,31.34,0.0,52.28,3.31
2021-08-05,30.69,0.04,57.67,3.09
2021-08-06,30.33,0.69,62.83,2.94
2021-08-07,30.64,2.25,63.03,2.15
2021-08-08,29.92,1.42,62.48,2.47
2021-08-09,28.67,17.48,66.93,3.13
2021-08-10,29.36,1.95,65.59,2.78
2021-08-11,29.46,2.68,63.75,1.8
2021-08-12,27.98,1.12,68.68,2.8
2021-08-13,29.23,0.28,62.0,2.14
2021-08-14,29.84,2.78,62.33,2.23
2021-08-15,29.89,1.48,60.85,2.11
2021-08-16,30.43,0.09,57.29,2.33
2021-08-17,29.16,7.62,63.69,2.23
2021-08-18,27.25,3.97,68.94,3.76
2021-08-19,29.63,1.94,60.02,3.15
2021-08-20,28.88,0.62,61.62,1.67
2021-08-21,27.14,4.58,72.3,1.24
2021-08-22,27.92,5.04,73.5,1.36
2021-08-23,28.42,6.2,72.0,2.58
2021-08-24,29.05,3.06,68.06,3.46
2021-08-25,29.74,1.43,65.26,3.45
2021-08-26,30.11,0.87,66.72,3.16
2021-08-27,28.95,0.26,72.81,2.52
2021-08-28,27.92,0.32,73.32,2.68
2021-08-29,28.57,0.06,68.83,3.24
2021-08-30,29.53,0.0,62.2,3.47
2021-08-31,29.93,4.15,65.01,2.3
2021-09-01,29.18,6.73,70.17,1.63
2021-09-02,27.28,32.16,79.07,1.9
2021-09-03,26.87,5.78,78.02,1.91
2021-09-04,28.34,4.59,73.68,2.51
2021-09-05,28.89,3.59,70.64,3.03
2021-09-06,28.41,0.08,63.76,3.6
2021-09-07,28.94,0.06,67.29,3.84
2021-09-08,28.7,0.07,70.49,2.9
2021-09-09,29.46,0.0,65.71,1.77
2021-09-10,29.9,0.05,65.14,1.96
2021-09-11,30.2,0.05,64.6,2.28
2021-09-12,29.24,0.01,68.04,3.66
2021-09-13,29.42,0.01,67.88,3.29
2021-09-14,29.64,0.0,69.47,2.62
2021-09-15,29.37,9.0,72.73,2.24
2021-09-16,28.61,2.54,75.91,1.59
2021-09-17,28.31,19.19,77.54,1.15
2021-09-18,28.43,17.56,78.13,0.89
2021-09-19,28.47,3.07,77.18,1.5
2021-09-20,28.64,4.96,74.47,1.14
2021-09-21,29.07,0.11,70.88,1.32
2021-09-22,29.44,0.47,67.29,2.2
2021-09-23,29.35,4.45,73.45,1.26
2021-09-24,28.53,23.61,76.45,1.83
2021-09-25,27.67,11.03,82.24,1.94
2021-09-26,27.27,0.37,79.19,1.72
2021-09-27,27.16,0.44,78.96,3.16
2021-09-28,27.08,0.15,71.21,3.33
2021-09-29,28.44,1.5,67.59,1.28
2021-09-30,28.28,24.94,71.2,1.15
2021-10-01,26.85,16.05,84.54,0.82
2021-10-02,26.78,9.2,85.52,1.07
2021-10-03,27.66,7.65,82.64,1.16
2021-10-04,27.71,10.65,82.59,1.04
2021-10-05,26.78,12.14,87.07,0.84
2021-10-06,27.01,4.72,83.53,2.31
2021-10-07,27.45,0.3,81.85,2.87
2021-10-08,27.44,6.38,84.66,3.65
2021-10-09,27.24,2.31,85.22,2.77
2021-10-10,27.87,3.3,81.27,1.41
2021-10-11,27.1,13.33,82.47,1.65
2021-10-12,26.41,2.67,83.0,1.63
2021-10-13,27.56,0.17,77.15,1.5
2021-10-14,28.02,3.29,81.21,2.23
2021-10-15,27.7,1.52,82.48,2.95
2021-10-16,27.46,4.4,87.51,4.09
2021-10-17,27.41,5.9,85.74,3.61
2021-10-18,27.89,1.31,81.12,1.95
2021-10-19,27.51,0.29,81.74,1.38
2021-10-20,27.17,7.22,86.38,0.9
2021-10-21,27.08,6.79,86.17,0.93
2021-10-22,27.04,6.71,85.71,1.18
2021-10-23,27.17,2.17,83.17,1.99
2021-10-24,26.75,6.62,78.63,0.86
2021-10-25,26.85,12.79,80.74,1.47
2021-10-26,26.77,3.63,83.68,1.65
2021-10-27,26.52,5.8,85.03,1.82
2021-10-28,25.89,7.39,86.76,1.65
2021-10-29,25.16,21.14,91.18,3.25
2021-10-30,25.54,18.51,89.75,3.29
2021-10-31,25.8,14.55,90.62,2.89
2021-11-01,25.82,11.12,90.41,3.05
2021-11-02,26.09,22.83,89.22,2.7
2021-11-03,25.63,28.18,90.34,1.99
2021-11-04,26.45,5.0,82.94,0.59
2021-11-05,25.56,4.17,89.31,1.56
2021-11-06,25.55,29.19,88.49,1.23
2021-11-07,25.62,13.83,87.2,1.19
2021-11-08,25.11,17.12,90.53,1.64
2021-11-09,24.08,29.71,92.12,3.25
2021-11-10,23.95,6.8,89.6,3.33
2021-11-11,24.99,1.75,86.94,2.89
2021-11-12,26.41,4.84,87.47,2.64
2021-11-13,26.37,0.29,87.52,2.48
2021-11-14,25.75,4.02,90.8,2.88
2021-11-15,26.74,2.3,85.59,1.43
2021-11-16,26.59,6.11,89.19,1.63
2021-11-17,25.81,27.03,93.0,1.66
2021-11-18,25.45,7.23,90.19,2.77
2021-11-19,26.14,3.55,87.99,3.89
2021-11-20,26.63,1.61,88.52,3.31
2021-11-21,26.07,0.15,84.76,1.28
2021-11-22,25.47,2.91,88.91,2.1
2021-11-23,25.5,9.02,92.93,2.4
2021-11-24,25.37,7.09,92.73,2.43
2021-11-25,25.31,48.84,93.0,2.62
2021-11-26,25.72,9.77,93.75,2.51
2021-11-27,24.71,21.98,93.56,3.26
2021-11-28,25.41,18.35,92.44,3.22
2021-11-29,25.26,24.25,91.59,2.77
2021-11-30,25.25,17.2,92.44,2.18
2021-12-01,26.02,3.0,88.94,1.97
2021-12-02,25.76,1.6,90.04,2.48
2021-12-03,24.48,0.08,85.59,1.67
2021-12-04,25.73,0.87,80.86,0.77
2021-12-05,26.52,5.05,85.71,1.19
2021-12-06,26.57,3.47,85.95,1.46
2021-12-07,25.88,0.51,87.82,2.27
2021-12-08,25.58,0.39,89.36,2.45
2021-12-09,24.9,4.66,91.28,2.61
2021-12-10,25.16,0.35,87.79,2.96
2021-12-11,25.57,3.95,89.37,3.21
2021-12-12,25.55,7.42,88.9,3.66
2021-12-13,25.31,4.12,89.25,3.32
2021-12-14,25.37,3.32,88.95,3.35
2021-12-15,25.1,3.49,90.23,3.23
2021-12-16,24.57,1.5,88.49,4.21
2021-12-17,23.94,0.49,87.39,3.75
2021-12-18,23.8,0.08,86.54,3.9
2021-12-19,23.12,0.0,85.67,3.55
2021-12-20,23.16,0.0,85.27,3.2
2021-12-21,23.19,0.0,83.07,2.53
2021-12-22,22.8,0.0,84.81,2.04
2021-12-23,21.78,0.0,84.15,2.07
2021-12-24,22.08,0.0,84.68,2.11
2021-12-25,22.67,0.0,84.96,2.14
2021-12-26,22.89,0.0,85.71,2.14
2021-12-27,23.36,0.0,84.9,2.44
2021-12-28,23.74,0.06,84.61,2.61
2021-12-29,23.49,0.01,83.25,2.33
2021-12-30,24.01,9.62,88.86,3.27
2021-12-31,25.37,11.61,89.59,3.61
2022-01-01,25.51,24.09,90.1,3.75
2022-01-02,24.92,10.75,88.95,3.91
2022-01-03,24.13,0.66,86.36,3.5
2022-01-04,23.79,0.0,86.78,3.37
2022-01-05,23.25,0.0,85.66,2.83
2022-01-06,24.46,0.07,88.58,2.95
2022-01-07,24.55,0.23,88.84,2.74
2022-01-08,24.34,0.03,86.76,2.93
2022-01-09,23.89,0.0,86.75,2.5
2022-01-10,24.56,0.01,86.4,2.22
2022-01-11,24.71,0.12,86.68,2.24
2022-01-12,25.08,0.04,86.66,1.81
2022-01-13,25.7,0.0,85.75,1.58
2022-01-14,25.93,0.0,84.35,1.6
2022-01-15,25.71,0.01,85.62,2.11
2022-01-16,25.35,0.31,86.39,2.94
2022-01-17,25.2,2.2,85.03,3.21
2022-01-18,24.34,0.78,82.96,3.46
2022-01-19,23.99,0.0,83.97,2.73
2022-01-20,23.49,0.0,79.79,2.06
2022-01-21,24.77,0.0,76.93,1.09
2022-01-22,25.68,0.0,78.49,1.55
2022-01-23,26.28,0.0,81.79,2.02
2022-01-24,26.14,0.01,83.23,1.99
2022-01-25,25.68,0.03,81.43,2.15
2022-01-26,25.15,0.14,79.01,2.22
2022-01-27,25.02,0.01,78.06,2.7
2022-01-28,24.87,0.02,79.69,3.69
2022-01-29,25.32,0.27,83.12,4.19
2022-01-30,25.64,0.34,82.56,3.68
2022-01-31,25.72,0.02,82.44,2.65
2022-02-01,25.55,0.0,80.51,2.72
2022-02-02,23.87,0.0,76.7,2.5
2022-02-03,23.99,0.0,72.72,1.51
2022-02-04,25.96,0.0,71.26,1.37
2022-02-05,26.55,0.0,75.37,2.31
2022-02-06,26.07,0.0,76.85,2.67
2022-02-07,25.56,0.0,76.02,2.96
2022-02-08,24.42,0.0,73.92,3.21
2022-02-09,23.88,0.0,73.84,3.24
2022-02-10,25.1,0.42,75.49,3.74
2022-02-11,25.51,3.44,83.4,3.92
2022-02-12,25.08,8.6,83.24,3.72
2022-02-13,25.26,0.88,77.98,3.74
2022-02-14,25.42,1.32,76.66,3.45
2022-02-15,25.02,1.64,73.07,3.4
2022-02-16,25.12,0.0,69.07,3.06
2022-02-17,25.37,0.0,70.42,2.85
2022-02-18,26.1,0.02,73.84,2.99
2022-02-19,26.37,0.02,74.18,3.28
2022-02-20,27.22,0.0,73.04,2.51
2022-02-21,28.21,0.0,70.0,1.44
2022-02-22,27.64,0.0,69.77,2.26
2022-02-23,26.81,0.86,69.75,3.42
2022-02-24,26.22,1.61,69.91,3.31
2022-02-25,26.36,0.0,66.06,3.45
2022-02-26,26.61,2.22,74.89,3.25
2022-02-27,27.08,1.15,70.63,3.8
2022-02-28,26.66,0.02,68.77,3.02
2022-03-01,26.89,0.0,64.73,3.45
2022-03-02,26.62,0.0,64.45,3.73
2022-03-03,26.66,0.0,68.17,3.86
2022-03-04,27.01,1.62,69.12,4.4
2022-03-05,27.31,0.01,68.77,3.85
2022-03-06,27.48,1.23,70.19,3.77
2022-03-07,27.42,4.3,72.35,3.8
2022-03-08,27.81,2.63,69.86,2.97
2022-03-09,27.86,0.0,67.19,2.61
2022-03-10,27.64,0.0,64.89,2.75
2022-03-11,27.5,0.0,67.41,2.94
2022-03-12,27.41,0.0,64.24,3.09
2022-03-13,27.78,0.0,65.6,3.38
2022-03-14,28.28,0.0,63.45,3.13
2022-03-15,27.47,0.0,65.21,1.8
2022-03-16,29.21,0.0,55.76,1.97
2022-03-17,29.33,0.02,59.07,2.13
2022-03-18,29.89,0.0,59.87,1.67
2022-03-19,30.05,0.01,64.52,1.84
2022-03-20,31.18,0.27,58.72,1.94
2022-03-21,31.6,0.46,58.29,2.03
2022-03-22,30.33,0.6,62.37,2.25
2022-03-23,30.54,2.05,66.18,2.19
2022-03-24,30.13,0.2,66.7,2.09
2022-03-25,29.87,0.27,65.26,2.07
2022-03-26,30.23,1.09,64.17,2.32
2022-03-27,30.42,0.67,64.15,1.9
2022-03-28,30.66,0.01,63.49,2.3
2022-03-29,31.01,0.03,63.16,2.83
2022-03-30,30.71,0.16,64.07,3.3
2022-03-31,30.95,0.02,62.1,3.06
2022-04-01,30.71,0.04,63.62,3.47
2022-04-02,30.83,0.09,62.31,2.88
2022-04-03,29.54,8.23,69.58,2.14
2022-04-04,29.74,2.34,68.01,2.13
2022-04-05,30.29,0.55,62.36,2.43
2022-04-06,29.08,2.43,67.22,1.73
2022-04-07,30.24,0.83,63.32,1.9
2022-04-08,29.74,6.66,67.08,1.65
2022-04-09,28.71,4.51,72.06,1.62
2022-04-10,29.1,20.1,69.86,1.64
2022-04-11,28.6,12.17,75.84,2.27
2022-04-12,27.81,9.59,80.62,1.27
2022-04-13,27.65,12.42,80.65,2.07
2022-04-14,28.1,0.4,71.58,2.84
2022-04-15,29.95,0.41,69.09,3.07
2022-04-16,30.27,1.56,71.14,3.42
2022-04-17,29.98,4.35,72.86,2.3
2022-04-18,29.87,3.66,72.53,1.83
2022-04-19,30.75,0.62,65.03,1.42
2022-04-20,30.27,0.03,68.74,1.64
2022-04-21,29.3,0.03,75.23,1.94
2022-04-22,28.9,8.96,76.74,1.98
2022-04-23,28.09,8.8,75.88,1.07
2022-04-24,29.85,0.82,67.93,1.95
2022-04-25,29.9,0.1,69.96,2.03
2022-04-26,29.99,0.0,68.26,2.05
2022-04-27,30.37,0.0,67.92,1.89
2022-04-28,29.63,0.0,71.78,2.11
2022-04-29,30.25,0.0,71.84,2.34
2022-04-30,31.14,0.0,68.04,2.2
2022-05-01,31.25,0.26,66.39,2.02
2022-05-02,31.51,0.23,64.76,2.22
2022-05-03,30.89,0.32,70.44,1.55
2022-05-04,30.47,2.22,72.11,1.55
2022-05-05,30.38,0.77,70.94,2.03
2022-05-06,29.88,2.57,61.12,1.95
2022-05-07,30.67,4.3,63.55,1.93
2022-05-08,31.61,0.04,63.52,1.51
2022-05-09,30.81,0.55,65.76,2.7
2022-05-10,30.27,0.05,62.78,3.96
2022-05-11,31.38,0.01,59.33,3.94
2022-05-12,31.06,0.03,60.69,3.32
2022-05-13,31.17,0.04,60.82,3.2
2022-05-14,29.96,4.6,66.81,3.63
2022-05-15,29.3,3.1,72.33,3.08
2022-05-16,28.86,9.25,76.34,2.74
2022-05-17,29.43,3.67,73.25,3.24
2022-05-18,30.18,0.6,68.53,4.32
2022-05-19,29.81,0.52,68.67,4.86
2022-05-20,29.97,0.34,64.97,4.07
2022-05-21,30.44,0.02,66.27,3.72
2022-05-22,30.99,0.04,59.45,3.75
2022-05-23,30.92,0.06,64.67,2.59
2022-05-24,31.25,1.11,64.31,2.83
2022-05-25,30.38,0.55,70.54,1.98
2022-05-26,30.05,1.36,68.32,2.87
2022-05-27,30.42,1.01,61.07,2.38
2022-05-28,30.46,5.6,66.12,2.54
2022-05-29,28.91,8.12,72.73,2.96
2022-05-30,29.93,2.45,67.6,2.82
2022-05-31,30.35,0.57,62.19,2.81
2022-06-01,29.45,0.52,66.25,3.2
2022-06-02,30.46,0.19,64.64,2.89
2022-06-03,30.24,0.0,63.5,1.76
2022-06-04,30.04,0.0,64.58,2.08
2022-06-05,30.14,9.72,69.17,2.28
2022-06-06,28.34,30.21,81.77,1.49
2022-06-07,28.34,7.48,77.64,2.32
2022-06-08,29.2,0.0,71.58,2.55
2022-06-09,29.78,0.0,67.09,2.19
2022-06-10,29.45,0.02,69.78,2.43
2022-06-11,29.54,0.44,66.58,3.08
2022-06-12,28.13,1.27,68.82,2.64
2022-06-13,29.51,0.29,63.81,1.89
2022-06-14,30.33,4.95,66.44,1.76
2022-06-15,28.67,6.8,73.2,2.22
2022-06-16,27.28,6.87,78.46,1.56
2022-06-17,27.01,9.23,80.06,1.5
2022-06-18,27.77,4.3,77.59,2.08
2022-06-19,28.02,2.85,77.47,1.68
2022-06-20,29.15,0.06,68.94,2.0
2022-06-21,29.38,1.09,67.2,2.16
2022-06-22,28.51,1.14,70.2,1.72
2022-06-23,29.33,0.15,67.98,1.81
2022-06-24,28.81,0.02,66.77,2.93
2022-06-25,28.82,0.01,66.7,3.66
2022-06-26,29.61,0.0,57.79,3.33
2022-06-27,30.23,0.0,62.54,2.53
2022-06-28,29.71,0.01,62.35,2.85
2022-06-29,30.4,0.01,60.53,3.21
2022-06-30,29.45,1.17,65.6,3.34
2022-07-01,29.7,0.06,64.36,2.71
2022-07-02,29.25,0.79,65.13,2.74
2022-07-03,28.86,1.03,68.45,3.37
2022-07-04,29.46,0.1,60.62,4.0
2022-07-05,29.51,0.06,58.18,4.44
2022-07-06,29.74,0.03,58.16,3.53
2022-07-07,28.8,0.49,62.28,3.26
2022-07-08,29.32,0.14,59.32,3.32
2022-07-09,28.68,0.02,61.4,4.06
2022-07-10,29.1,0.03,58.17,4.32
2022-07-11,29.02,15.78,59.26,4.33
2022-07-12,28.75,0.22,61.83,4.47
2022-07-13,29.69,0.21,60.39,5.24
2022-07-14,29.74,0.12,59.29,5.45
2022-07-15,29.19,0.02,63.0,4.25
2022-07-16,29.17,0.04,66.2,2.85
2022-07-17,29.51,5.23,67.8,2.22
2022-07-18,29.4,0.92,65.01,1.72
2022-07-19,29.72,3.12,64.31,1.8
2022-07-20,29.37,0.7,71.59,1.46
2022-07-21,29.26,4.73,69.82,2.46
2022-07-22,27.96,23.33,77.64,2.13
2022-07-23,28.33,11.02,73.5,2.13
2022-07-24,28.18,6.1,68.42,2.25
2022-07-25,29.32,4.15,68.58,2.12
2022-07-26,26.4,10.28,85.05,1.66
2022-07-27,27.33,18.3,80.46,0.99
2022-07-28,27.91,3.71,76.43,1.4
2022-07-29,28.63,5.79,71.59,1.36
2022-07-30,28.44,7.23,74.76,1.94
2022-07-31,28.05,12.28,80.72,2.1
2022-08-01,27.18,8.84,82.71,3.01
2022-08-02,27.17,1.51,80.77,2.09
2022-08-03,26.28,2.9,86.1,1.47
2022-08-04,26.31,3.47,84.51,3.61
2022-08-05,27.49,0.1,73.33,4.04
2022-08-06,27.24,0.31,75.88,3.16
2022-08-07,27.65,0.11,73.7,4.22
2022-08-08,27.71,0.13,74.4,4.44
2022-08-09,27.91,0.07,72.65,4.5
2022-08-10,28.21,0.01,70.22,3.75
2022-08-11,28.83,0.0,67.27,3.34
2022-08-12,29.42,0.0,65.67,2.6
2022-08-13,29.01,0.0,65.63,2.75
2022-08-14,29.2,0.0,63.68,2.69
2022-08-15,29.55,0.0,66.03,2.23
2022-08-16,28.96,0.06,72.68,2.38
2022-08-17,29.15,0.6,74.77,2.09
2022-08-18,28.9,16.54,74.6,2.23
2022-08-19,28.82,5.74,75.29,1.86
2022-08-20,29.18,1.23,71.93,1.93
2022-08-21,29.33,2.24,68.25,2.2
2022-08-22,28.67,12.63,73.43,2.64
2022-08-23,28.27,7.79,73.61,2.46
2022-08-24,27.41,1.88,76.49,1.92
2022-08-25,25.93,1.69,84.47,2.18
2022-08-26,26.9,10.73,79.63,1.98
2022-08-27,26.07,5.94,82.41,2.88
2022-08-28,26.74,5.52,78.67,2.04
2022-08-29,27.67,3.01,78.59,1.6
2022-08-30,27.57,10.8,80.74,1.58
2022-08-31,26.43,6.6,84.87,1.38
2022-09-01,26.89,5.62,80.03,1.17
2022-09-02,27.41,2.13,78.19,3.3
2022-09-03,28.17,0.23,76.89,2.79
2022-09-04,28.05,10.11,81.11,1.9
2022-09-05,27.99,8.21,81.22,2.0
2022-09-06,27.66,2.31,75.67,2.27
2022-09-07,26.68,3.91,82.28,2.39
2022-09-08,26.75,0.03,78.95,2.83
2022-09-09,27.01,0.01,79.37,3.43
2022-09-10,27.95,0.01,76.05,3.44
2022-09-11,28.26,0.01,74.72,3.69
2022-09-12,28.72,0.0,72.99,3.16
2022-09-13,28.71,0.19,72.67,2.34
2022-09-14,28.62,1.48,73.07,1.99
2022-09-15,28.92,0.56,72.66,1.56
2022-09-16,29.05,0.03,70.44,1.59
2022-09-17,29.6,0.03,70.26,1.5
2022-09-18,29.05,2.92,70.37,1.66
2022-09-19,28.43,1.16,72.81,1.76
2022-09-20,28.81,0.0,68.4,1.98
2022-09-21,29.64,0.0,64.38,2.04
2022-09-22,29.75,0.0,64.04,1.71
2022-09-23,29.3,0.0,62.94,1.7
2022-09-24,29.12,0.02,64.73,2.11
2022-09-25,28.92,10.77,70.42,1.77
2022-09-26,28.47,10.31,74.12,1.46
2022-09-27,29.51,0.45,69.03,1.88
2022-09-28,29.15,5.77,70.29,1.77
2022-09-29,28.4,1.34,69.56,1.69
2022-09-30,28.4,0.3,69.74,2.51
2022-10-01,27.96,0.01,65.45,3.39
2022-10-02,28.86,1.48,62.64,2.44
2022-10-03,28.62,1.46,67.5,2.73
2022-10-04,28.69,0.14,69.61,2.31
2022-10-05,28.37,0.13,70.16,1.81
2022-10-06,28.25,0.0,65.14,1.8
2022-10-07,28.81,0.8,65.11,1.52
2022-10-08,28.88,10.52,67.69,1.93
2022-10-09,26.08,19.73,85.2,1.28
2022-10-10,27.13,20.32,82.17,1.66
2022-10-11,27.71,6.57,79.55,2.15
2022-10-12,27.36,4.89,81.49,1.5
2022-10-13,27.59,7.78,81.1,1.34
2022-10-14,27.79,12.44,80.92,1.49
2022-10-15,26.03,17.73,85.39,1.88
2022-10-16,27.3,2.52,82.04,2.38
2022-10-17,27.11,0.94,83.82,2.62
2022-10-18,27.22,12.41,83.07,2.04
2022-10-19,26.71,8.81,82.68,1.4
2022-10-20,27.01,17.95,83.44,1.1
2022-10-21,26.31,30.49,84.28,0.83
2022-10-22,26.42,2.4,85.01,1.56
2022-10-23,26.52,3.65,83.63,1.17
2022-10-24,25.8,6.38,87.5,1.68
2022-10-25,26.99,1.78,83.67,1.39
2022-10-26,26.74,2.5,79.56,1.67
2022-10-27,25.84,0.36,78.28,2.49
2022-10-28,26.41,0.02,82.04,2.3
2022-10-29,26.18,4.17,85.95,2.67
2022-10-30,26.13,5.0,87.75,2.62
2022-10-31,25.52,6.15,90.1,2.64
2022-11-01,24.56,2.75,91.93,2.23
2022-11-02,25.37,22.17,87.3,1.66
2022-11-03,25.2,19.93,90.97,2.73
2022-11-04,25.36,11.55,87.45,2.07
2022-11-05,25.37,7.46,87.94,2.3
2022-11-06,25.28,3.7,89.75,2.56
2022-11-07,25.85,2.05,86.61,2.51
2022-11-08,25.71,3.14,88.09,2.92
2022-11-09,25.73,1.43,87.85,2.7
2022-11-10,25.75,3.59,86.4,2.76
2022-11-11,23.92,31.84,91.95,4.53
2022-11-12,24.69,17.87,93.83,3.04
2022-11-13,25.56,2.58,90.36,2.48
2022-11-14,25.04,14.6,89.59,1.99
2022-11-15,24.86,1.92,91.93,1.82
2022-11-16,25.39,0.59,86.74,2.43
2022-11-17,24.19,0.0,82.03,2.79
2022-11-18,23.46,0.0,81.75,3.04
2022-11-19,23.07,0.0,83.79,2.9
2022-11-20,22.6,0.0,78.89,2.44
2022-11-21,23.49,0.0,76.31,1.71
2022-11-22,25.25,0.0,77.34,1.17
2022-11-23,26.24,0.0,80.24,1.02
2022-11-24,26.1,0.0,83.66,1.4
2022-11-25,25.84,0.02,84.83,1.65
2022-11-26,25.77,0.95,85.66,1.47
2022-11-27,26.18,1.2,85.29,1.54
2022-11-28,26.18,7.84,84.48,1.4
2022-11-29,25.48,8.7,85.71,2.59
2022-11-30,24.31,0.74,84.13,2.36
2022-12-01,25.23,5.95,89.28,2.44
2022-12-02,25.86,1.71,87.39,2.35
2022-12-03,25.33,2.61,90.86,2.59
2022-12-04,25.37,19.11,89.63,2.2
2022-12-05,25.46,1.94,88.29,2.96
2022-12-06,25.04,0.02,85.38,2.7
2022-12-07,23.27,0.0,85.61,2.52
2022-12-08,21.97,6.97,78.58,2.87
2022-12-09,21.6,77.85,87.58,3.9
2022-12-10,24.63,17.93,84.23,2.79
2022-12-11,25.57,1.12,89.34,2.42
2022-12-12,25.63,4.23,88.06,2.09
2022-12-13,25.79,4.28,85.86,1.66
2022-12-14,25.23,3.42,88.01,2.18
2022-12-15,24.64,0.02,86.76,2.61
2022-12-16,24.38,0.0,86.62,2.53
2022-12-17,24.57,0.0,87.35,3.13
2022-12-18,24.57,0.02,85.64,3.62
2022-12-19,23.91,0.66,87.51,3.4
2022-12-20,24.08,0.52,88.72,3.46
2022-12-21,23.81,72.04,90.48,3.44
2022-12-22,23.65,14.27,88.21,3.48
2022-12-23,24.33,0.01,87.0,2.95
2022-12-24,25.24,0.17,87.5,3.27
2022-12-25,25.24,6.26,89.98,3.61
2022-12-26,25.74,6.11,89.13,3.77
2022-12-27,25.38,5.81,88.9,2.33
2022-12-28,25.14,0.79,87.21,2.6
2022-12-29,24.88,0.02,86.71,2.48
2022-12-30,24.09,0.0,86.55,2.23
2022-12-31,24.03,0.0,84.75,1.83
2023-01-01,23.72,0.0,84.66,2.23
2023-01-02,23.33,0.02,84.5,2.41
2023-01-03,23.37,0.08,85.06,2.71
2023-01-04,23.53,0.0,83.73,2.84
2023-01-05,23.84,0.06,84.4,3.07
2023-01-06,24.02,0.44,84.08,3.99
2023-01-07,23.94,0.2,84.79,3.61
2023-01-08,24.16,0.07,84.32,3.33
2023-01-09,23.31,0.0,81.94,3.19
2023-01-10,22.4,0.0,80.89,3.37
2023-01-11,22.96,0.0,78.97,2.78
2023-01-12,22.65,0.0,80.17,2.58
2023-01-13,22.38,0.0,80.6,2.29
2023-01-14,21.98,0.0,81.51,2.3
2023-01-15,22.06,0.0,82.91,2.14
2023-01-16,22.88,0.0,81.0,2.62
2023-01-17,23.01,0.0,82.05,2.55
2023-01-18,22.69,0.0,79.76,2.95
2023-01-19,22.8,0.0,74.8,2.89
2023-01-20,23.38,0.0,78.29,3.1
2023-01-21,24.31,0.0,77.82,3.34
2023-01-22,24.13,0.02,79.36,3.06
2023-01-23,24.99,3.4,81.99,2.9
2023-01-24,24.82,2.96,82.77,2.56
2023-01-25,24.31,0.0,77.06,2.8
2023-01-26,23.9,0.0,75.45,2.68
2023-01-27,23.9,0.0,76.68,2.81
2023-01-28,23.95,0.0,76.09,2.92
2023-01-29,24.61,0.04,78.82,3.06
2023-01-30,25.82,0.91,79.38,2.83
2023-01-31,25.32,0.49,78.84,3.67
2023-02-01,24.56,6.14,77.96,3.58
2023-02-02,24.66,24.33,85.25,4.01
2023-02-03,25.24,6.09,84.82,3.5
2023-02-04,25.53,2.29,81.54,3.53
2023-02-05,24.62,0.09,76.21,2.88
2023-02-06,24.25,0.11,76.87,2.86
2023-02-07,25.18,0.0,76.46,2.53
2023-02-08,25.1,0.0,76.89,2.58
2023-02-09,24.89,0.0,76.0,2.24
2023-02-10,24.93,0.0,74.04,2.52
2023-02-11,24.58,0.0,71.96,2.53
2023-02-12,24.59,0.0,69.89,2.23
2023-02-13,24.62,0.0,71.92,2.85
2023-02-14,24.87,0.0,72.0,2.33
2023-02-15,24.92,0.0,69.34,2.73
2023-02-16,24.7,0.0,73.14,2.97
2023-02-17,24.87,0.0,72.42,2.79
2023-02-18,25.67,0.0,71.12,2.43
2023-02-19,26.48,0.0,71.21,2.84
2023-02-20,26.7,0.0,69.11,2.81
2023-02-21,26.08,0.0,65.96,2.81
2023-02-22,25.87,0.0,61.89,2.85
2023-02-23,25.61,0.0,67.98,2.52
2023-02-24,26.8,0.0,65.65,2.48
2023-02-25,26.19,0.0,63.92,2.89
2023-02-26,25.64,0.0,65.98,3.3
2023-02-27,25.99,0.0,63.97,2.91
2023-02-28,26.9,1.52,72.11,3.86
2023-03-01,27.53,1.36,70.78,3.97
2023-03-02,27.24,0.01,64.81,3.29
2023-03-03,26.33,0.0,59.79,3.67
2023-03-04,27.45,0.0,68.16,3.62
2023-03-05,27.9,0.35,67.83,3.27
2023-03-06,27.82,0.03,65.1,3.1
2023-03-07,27.01,0.0,71.2,2.92
2023-03-08,27.56,0.0,68.66,3.91
2023-03-09,27.52,0.0,66.13,3.59
2023-03-10,27.81,0.0,66.64,3.46
2023-03-11,27.15,0.0,70.04,3.08
2023-03-12,28.04,0.0,69.95,3.68
2023-03-13,28.5,0.0,65.32,3.3
2023-03-14,28.34,0.0,66.9,2.77
2023-03-15,28.89,0.0,66.61,2.11
2023-03-16,28.9,0.14,68.38,2.62
2023-03-17,29.44,0.64,65.65,2.89
2023-03-18,29.35,1.59,67.18,2.57
2023-03-19,29.51,5.74,68.05,2.08
2023-03-20,28.8,11.4,73.87,1.65
2023-03-21,29.91,4.77,68.61,2.01
2023-03-22,29.59,2.6,68.72,2.63
2023-03-23,30.1,0.8,62.53,2.7
2023-03-24,30.03,0.58,64.8,2.4
2023-03-25,30.0,0.23,64.37,2.16
2023-03-26,30.16,0.49,61.46,2.07
2023-03-27,31.18,0.1,58.17,1.57
2023-03-28,30.48,2.56,64.46,2.24
2023-03-29,30.31,0.47,64.6,2.24
2023-03-30,30.55,0.01,59.71,2.11
2023-03-31,30.72,0.42,60.32,2.2
2023-04-01,30.83,0.07,61.7,2.41
2023-04-02,30.88,1.08,60.37,2.46
2023-04-03,30.71,1.11,62.31,2.82
2023-04-04,29.78,0.87,65.52,2.75
2023-04-05,30.57,0.05,60.24,2.72
2023-04-06,30.35,0.0,62.44,2.37
2023-04-07,30.7,0.02,59.97,2.81
2023-04-08,30.12,0.05,62.13,3.66
2023-04-09,30.0,0.24,63.51,3.17
2023-04-10,30.26,0.04,61.9,3.28
2023-04-11,30.52,0.19,63.61,3.0
2023-04-12,30.89,0.0,59.86,2.4
2023-04-13,31.32,0.0,52.79,2.01
2023-04-14,30.95,0.0,52.77,1.8
2023-04-15,31.38,0.0,58.33,2.42
2023-04-16,31.16,0.0,56.62,2.45
2023-04-17,31.06,0.0,58.69,2.61
2023-04-18,31.59,0.0,56.49,2.4
2023-04-19,32.1,0.0,58.27,2.83
2023-04-20,32.57,0.0,59.41,3.87
2023-04-21,32.8,2.19,58.81,3.77
2023-04-22,32.34,1.84,60.33,3.05
2023-04-23,32.31,2.59,60.45,2.69
2023-04-24,29.7,13.13,75.96,2.16
2023-04-25,29.5,3.46,73.4,2.14
2023-04-26,29.07,8.9,73.67,1.85
2023-04-27,30.19,3.16,67.14,2.5
2023-04-28,29.8,3.9,69.67,2.26
2023-04-29,29.71,10.03,72.45,2.31
2023-04-30,28.86,9.54,76.15,2.04
2023-05-01,28.49,18.99,78.97,2.08
2023-05-02,27.78,26.56,84.63,3.12
2023-05-03,28.15,23.77,79.72,2.18
2023-05-04,26.75,29.89,88.28,1.62
2023-05-05,27.54,3.89,79.92,1.18
2023-05-06,26.92,5.97,84.85,1.05
2023-05-07,26.85,2.67,82.82,1.63
2023-05-08,26.5,3.45,84.25,1.96
2023-05-09,27.34,0.91,81.75,1.98
2023-05-10,29.16,0.26,73.6,2.33
2023-05-11,28.83,0.83,79.72,2.65
2023-05-12,28.79,0.42,77.82,3.66
2023-05-13,29.39,0.0,73.73,4.24
2023-05-14,30.12,0.0,72.46,3.16
2023-05-15,31.11,0.0,71.2,2.28
2023-05-16,30.9,0.0,72.35,1.95
2023-05-17,30.67,0.02,71.81,2.26
2023-05-18,29.38,0.01,77.22,3.03
2023-05-19,29.63,0.01,76.67,2.85
2023-05-20,29.76,0.09,75.3,2.71
2023-05-21,29.75,0.36,73.78,2.68
2023-05-22,29.17,0.59,77.95,2.63
2023-05-23,29.77,0.01,74.01,2.76
2023-05-24,30.41,2.11,71.34,2.96
2023-05-25,30.67,0.9,70.36,2.23
2023-05-26,31.56,4.34,65.9,1.82
2023-05-27,31.14,5.78,67.37,1.51
2023-05-28,30.71,0.25,69.39,1.58
2023-05-29,30.36,0.86,73.76,1.98
2023-05-30,30.94,1.1,70.11,2.84
2023-05-31,29.88,2.04,70.14,3.18
2023-06-01,31.14,0.06,66.09,3.27
2023-06-02,30.0,0.21,67.37,2.85
2023-06-03,30.28,0.09,67.57,3.4
2023-06-04,30.6,0.04,67.08,3.39
2023-06-05,29.42,4.55,74.37,2.74
2023-06-06,29.52,7.32,72.34,2.21
2023-06-07,29.18,2.66,77.99,2.73
2023-06-08,29.76,0.14,73.09,2.28
2023-06-09,30.95,0.0,65.37,2.03
2023-06-10,31.42,0.0,60.52,2.68
2023-06-11,31.38,0.0,61.4,2.21
2023-06-12,30.96,1.13,66.28,2.82
2023-06-13,30.77,0.08,66.08,2.42
2023-06-14,29.39,0.11,70.94,1.88
2023-06-15,32.08,0.02,56.15,1.65
2023-06-16,32.49,0.03,58.16,2.26
2023-06-17,29.97,0.13,66.73,1.43
2023-06-18,29.34,1.42,68.31,2.32
2023-06-19,30.85,0.04,59.69,2.08
2023-06-20,30.66,0.83,63.71,1.38
2023-06-21,29.79,2.17,70.2,2.16
2023-06-22,30.52,1.42,65.64,1.93
2023-06-23,30.21,0.41,62.17,1.98
2023-06-24,29.94,0.01,62.32,2.13
2023-06-25,29.25,0.02,67.99,2.39
2023-06-26,30.12,0.01,58.36,2.8
2023-06-27,29.26,0.84,62.14,3.36
2023-06-28,30.19,0.04,61.73,2.69
2023-06-29,30.98,3.83,60.43,2.87
2023-06-30,30.68,0.44,62.51,2.15
2023-07-01,30.68,0.02,58.96,1.97
2023-07-02,29.3,10.94,66.74,2.2
2023-07-03,29.13,2.75,68.7,3.74
2023-07-04,29.87,0.09,62.14,4.94
2023-07-05,29.76,0.29,59.99,5.05
2023-07-06,29.47,0.08,64.96,4.62
2023-07-07,29.92,0.0,61.16,3.53
2023-07-08,30.09,0.7,61.24,2.63
2023-07-09,30.58,0.74,58.51,2.26
2023-07-10,29.98,7.28,67.95,1.64
2023-07-11,29.6,20.66,71.11,1.65
2023-07-12,30.16,0.87,61.8,2.44
2023-07-13,29.82,1.35,59.4,2.54
2023-07-14,30.13,2.19,59.09,2.81
2023-07-15,30.34,0.15,62.05,2.14
2023-07-16,30.97,0.33,61.6,2.01
2023-07-17,30.65,0.01,62.36,2.35
2023-07-18,30.64,0.0,61.04,3.81
2023-07-19,30.48,0.0,59.64,4.8
2023-07-20,30.35,0.0,56.4,5.4
2023-07-21,30.77,0.0,55.79,4.33
2023-07-22,30.06,0.0,56.22,4.67
2023-07-23,29.35,1.1,60.7,3.07
2023-07-24,28.8,0.08,63.4,3.17
2023-07-25,28.9,0.2,63.72,2.82
2023-07-26,30.44,0.55,60.28,3.79
2023-07-27,31.14,0.02,56.77,3.54
2023-07-28,31.06,0.0,54.13,3.49
2023-07-29,31.76,0.0,52.85,3.6
2023-07-30,32.2,0.0,51.62,3.6
2023-07-31,32.19,0.0,52.35,3.35
2023-08-01,32.33,0.0,51.88,3.49
2023-08-02,31.28,0.0,53.71,2.61
2023-08-03,32.22,0.0,53.28,2.67
2023-08-04,32.57,0.0,52.83,2.35
2023-08-05,32.24,0.0,51.24,2.33
2023-08-06,32.16,1.93,53.58,2.38
2023-08-07,31.94,0.76,57.5,2.27
2023-08-08,31.41,10.02,60.35,2.01
2023-08-09,29.83,8.75,69.74,2.22
2023-08-10,29.18,6.67,73.28,1.58
2023-08-11,29.04,9.11,73.82,0.96
2023-08-12,30.03,9.43,70.86,1.82
2023-08-13,30.1,1.68,67.52,1.36
2023-08-14,30.07,0.88,65.79,2.16
2023-08-15,30.05,2.8,65.07,2.79
2023-08-16,30.62,0.11,60.96,3.15
2023-08-17,31.4,0.0,57.56,3.3
2023-08-18,30.7,0.0,58.78,3.28
2023-08-19,30.94,0.0,58.41,2.99
2023-08-20,31.72,0.01,56.86,2.49
2023-08-21,31.69,0.1,58.33,2.49
2023-08-22,30.97,1.18,65.75,2.12
2023-08-23,30.73,1.42,67.47,1.99
2023-08-24,31.58,0.02,60.03,2.86
2023-08-25,30.99,0.0,60.51,2.6
2023-08-26,31.25,0.0,60.16,2.46
2023-08-27,31.93,0.0,59.84,2.14
2023-08-28,31.54,1.65,61.22,2.75
2023-08-29,28.1,8.03,76.34,1.65
2023-08-30,27.45,6.55,79.45,2.87
2023-08-31,29.23,5.89,73.08,1.53
2023-09-01,29.9,4.08,70.02,2.1
2023-09-02,29.28,9.72,73.55,2.66
2023-09-03,27.93,13.77,76.54,3.44
2023-09-04,28.75,0.41,70.29,2.65
2023-09-05,28.52,0.11,69.31,3.78
2023-09-06,29.18,0.65,64.04,3.67
2023-09-07,29.01,4.63,66.89,3.57
2023-09-08,29.33,3.71,63.8,3.67
2023-09-09,30.37,1.27,61.47,3.56
2023-09-10,29.39,0.21,60.23,3.22
2023-09-11,29.08,0.21,62.15,3.39
2023-09-12,29.18,0.03,63.56,2.35
2023-09-13,29.96,0.35,64.56,2.29
2023-09-14,30.33,1.41,59.72,3.15
2023-09-15,29.59,0.68,64.95,3.83
2023-09-16,29.73,0.84,68.04,3.37
2023-09-17,28.28,7.8,76.36,3.14
2023-09-18,28.07,20.84,79.21,3.4
2023-09-19,27.95,9.79,79.44,2.27
2023-09-20,28.86,1.06,73.0,1.88
2023-09-21,28.6,1.32,74.97,1.78
2023-09-22,28.85,1.73,73.07,2.57
2023-09-23,29.68,1.53,71.74,2.75
2023-09-24,28.23,1.34,75.5,2.25
2023-09-25,29.1,2.72,71.85,1.53
2023-09-26,29.12,2.3,71.94,1.58
2023-09-27,29.14,8.15,70.84,2.01
2023-09-28,28.54,3.59,68.41,3.03
2023-09-29,28.01,2.14,73.6,4.14
2023-09-30,28.89,1.43,69.79,3.99
2023-10-01,29.34,0.12,68.75,4.38
2023-10-02,29.38,0.2,71.44,4.48
2023-10-03,30.14,0.35,67.19,4.07
2023-10-04,30.11,0.53,67.42,3.53
2023-10-05,29.87,3.11,68.84,2.78
2023-10-06,30.13,1.11,67.77,2.58
2023-10-07,30.14,0.0,68.11,2.2
2023-10-08,29.86,1.51,71.37,2.85
2023-10-09,29.52,0.46,71.73,2.82
2023-10-10,29.45,1.47,71.92,2.93
2023-10-11,29.29,10.18,73.62,2.92
2023-10-12,28.26,16.95,78.59,3.05
2023-10-13,28.39,0.67,74.99,1.79
2023-10-14,28.17,5.14,76.27,2.04
2023-10-15,28.45,20.97,76.97,2.58
2023-10-16,27.87,21.1,81.69,1.56
2023-10-17,27.21,5.62,84.48,2.03
2023-10-18,27.62,0.86,79.97,2.14
2023-10-19,28.01,0.37,75.69,1.8
2023-10-20,28.26,0.68,73.16,1.35
2023-10-21,28.43,1.19,71.11,1.43
2023-10-22,28.19,3.27,76.39,2.32
2023-10-23,27.92,0.25,75.34,1.64
2023-10-24,27.85,1.89,72.74,1.77
2023-10-25,27.71,3.76,77.16,1.62
2023-10-26,28.88,0.15,70.25,1.64
2023-10-27,28.32,1.4,74.53,2.22
2023-10-28,27.97,2.09,76.61,1.78
2023-10-29,26.84,13.03,84.53,1.91
2023-10-30,26.17,16.31,85.65,2.0
2023-10-31,26.87,3.25,82.06,2.55
2023-11-01,26.43,6.73,88.09,1.35
2023-11-02,26.58,11.53,84.79,1.36
2023-11-03,26.74,28.01,87.66,1.48
2023-11-04,25.43,42.59,92.04,1.41
2023-11-05,25.52,12.44,86.56,1.07
2023-11-06,27.0,16.17,83.29,1.15
2023-11-07,26.3,35.0,88.57,1.48
2023-11-08,26.04,17.27,89.27,0.95
2023-11-09,26.36,15.21,84.48,1.13
2023-11-10,26.35,7.53,87.82,2.14
2023-11-11,25.97,6.53,91.63,2.89
2023-11-12,26.0,0.57,84.61,3.36
2023-11-13,25.52,3.26,88.93,2.78
2023-11-14,25.52,11.07,88.21,3.1
2023-11-15,25.77,1.19,88.3,2.74
2023-11-16,26.55,0.6,87.86,1.93
2023-11-17,26.8,0.56,88.04,2.04
2023-11-18,26.46,7.45,90.3,2.35
2023-11-19,25.97,10.32,90.61,2.52
2023-11-20,26.58,0.89,89.02,2.27
2023-11-21,26.55,0.78,88.11,1.82
2023-11-22,26.26,30.4,90.61,1.51
2023-11-23,26.03,6.73,86.81,1.56
2023-11-24,26.27,2.71,87.41,1.6
2023-11-25,26.18,7.98,91.23,2.52
2023-11-26,25.93,9.49,93.05,3.26
2023-11-27,26.51,4.19,88.43,2.86
2023-11-28,26.55,6.54,88.06,2.57
2023-11-29,26.12,10.21,89.17,2.59
2023-11-30,25.22,10.31,92.27,2.14
2023-12-01,25.29,3.11,92.44,2.52
2023-12-02,26.01,0.63,88.98,2.72
2023-12-03,26.8,0.11,85.92,2.25
2023-12-04,27.27,0.74,86.64,1.77
2023-12-05,27.28,0.85,87.78,1.6
2023-12-06,26.76,0.46,89.68,1.54
2023-12-07,27.11,0.76,87.02,1.55
2023-12-08,27.24,6.1,85.56,1.21
2023-12-09,26.57,7.2,88.62,2.4
2023-12-10,26.06,5.64,88.76,3.01
2023-12-11,25.83,1.42,88.59,3.23
2023-12-12,25.53,0.28,87.46,3.04
2023-12-13,24.59,0.0,85.77,3.37
2023-12-14,24.31,0.84,86.15,3.57
2023-12-15,25.06,1.41,88.88,3.78
2023-12-16,25.72,17.95,90.66,3.91
2023-12-17,25.36,38.42,92.51,4.48
2023-12-18,24.75,24.41,91.79,3.66
2023-12-19,24.32,4.72,89.68,3.8
2023-12-20,24.62,4.07,89.3,4.17
2023-12-21,24.33,6.29,92.99,3.51
2023-12-22,24.88,1.01,88.45,3.26
2023-12-23,24.03,0.07,86.87,3.0
2023-12-24,23.97,0.18,88.33,3.27
2023-12-25,25.7,0.99,88.71,3.69
2023-12-26,24.76,0.07,86.37,3.82
2023-12-27,24.61,1.25,87.11,4.32
2023-12-28,25.24,1.06,88.94,4.27
2023-12-29,25.7,0.41,88.4,4.01
2023-12-30,25.29,0.06,86.97,3.87
2023-12-31,24.31,0.0,85.46,3.23
2024-01-01,24.59,0.0,84.52,2.91
2024-01-02,24.53,0.0,85.8,2.79
2024-01-03,24.54,0.19,86.55,2.5
2024-01-04,25.28,1.19,87.32,2.19
2024-01-05,25.44,0.66,87.99,2.43
2024-01-06,25.46,1.48,87.76,2.81
2024-01-07,25.19,5.2,87.29,3.46
2024-01-08,25.48,3.39,91.63,2.91
2024-01-09,24.82,13.9,90.65,3.82
2024-01-10,24.59,1.23,87.6,3.45
2024-01-11,24.51,0.0,84.92,3.57
2024-01-12,24.69,0.0,83.64,3.45
2024-01-13,24.75,0.0,85.01,3.12
2024-01-14,24.42,0.0,84.48,2.98
2024-01-15,23.82,0.0,83.45,2.46
2024-01-16,23.03,0.0,80.45,2.13
2024-01-17,23.02,0.0,81.59,1.84
2024-01-18,24.48,1.17,85.86,2.1
2024-01-19,25.53,2.07,86.9,2.65
2024-01-20,25.7,0.73,85.55,2.9
2024-01-21,25.43,0.02,83.43,2.67
2024-01-22,25.13,0.0,83.7,2.63
2024-01-23,24.61,0.0,82.06,2.36
2024-01-24,24.9,0.0,79.4,1.9
2024-01-25,24.97,0.0,79.0,2.19
2024-01-26,24.7,0.0,79.0,3.08
2024-01-27,24.51,0.0,79.61,3.25
2024-01-28,25.24,0.0,79.45,3.58
2024-01-29,24.94,0.0,78.14,3.4
2024-01-30,25.41,0.0,78.42,3.3
2024-01-31,26.19,0.25,79.56,2.46
2024-02-01,26.79,1.23,79.51,2.09
2024-02-02,27.23,0.09,79.45,2.08
2024-02-03,27.18,0.0,77.14,2.7
2024-02-04,26.25,0.0,75.9,3.06
2024-02-05,25.72,0.0,75.78,3.11
2024-02-06,25.23,0.0,77.55,3.1
2024-02-07,25.41,0.0,76.19,2.71
2024-02-08,25.93,0.0,76.01,2.72
2024-02-09,26.28,0.0,76.02,3.0
2024-02-10,26.68,0.02,75.71,3.45
2024-02-11,26.66,0.05,70.35,3.78
2024-02-12,26.18,0.0,70.3,3.79
2024-02-13,26.98,0.0,73.19,3.99
2024-02-14,27.2,0.0,71.41,4.13
2024-02-15,26.89,0.0,69.49,3.77
2024-02-16,27.44,0.0,69.73,3.92
2024-02-17,27.49,0.0,67.8,3.69
2024-02-18,27.11,0.0,70.58,3.14
2024-02-19,27.58,0.0,71.12,3.04
2024-02-20,27.98,0.0,68.17,2.57
2024-02-21,28.41,0.0,65.07,1.88
2024-02-22,29.0,0.0,66.43,2.16
2024-02-23,29.6,0.0,68.16,2.39
2024-02-24,29.04,0.03,69.98,2.44
2024-02-25,28.49,0.04,66.63,3.09
2024-02-26,28.49,0.71,68.72,4.18
2024-02-27,28.65,0.01,67.33,4.32
2024-02-28,28.57,0.0,65.93,3.88
2024-02-29,28.16,0.0,67.17,3.32
2024-03-01,27.9,0.0,67.06,3.5
2024-03-02,27.58,0.0,66.17,2.35
2024-03-03,28.29,0.0,64.81,2.43
2024-03-04,27.89,0.0,64.71,2.42
2024-03-05,28.3,0.0,61.29,2.37
2024-03-06,28.54,0.0,60.07,2.01
2024-03-07,28.25,0.0,58.03,1.64
2024-03-08,29.26,0.0,57.34,2.0
2024-03-09,29.66,0.0,56.88,2.24
2024-03-10,29.73,0.0,59.18,2.42
2024-03-11,29.41,0.0,62.92,2.83
2024-03-12,29.42,0.0,59.9,2.71
2024-03-13,29.69,0.0,55.44,2.03
2024-03-14,30.54,0.0,47.22,1.84
2024-03-15,30.07,0.0,54.7,2.14
2024-03-16,29.89,0.03,59.51,2.71
2024-03-17,29.39,0.0,59.27,2.94
2024-03-18,29.37,0.0,57.04,2.51
2024-03-19,29.59,0.0,56.59,2.76
2024-03-20,29.32,0.0,60.34,2.83
2024-03-21,30.31,1.6,65.75,4.02
2024-03-22,30.52,1.25,65.21,3.74
2024-03-23,30.81,0.01,59.36,3.11
2024-03-24,29.94,0.0,61.26,2.96
2024-03-25,29.76,0.0,58.91,3.25
2024-03-26,29.63,0.0,57.7,2.94
2024-03-27,29.99,0.1,54.58,2.68
2024-03-28,31.58,0.4,51.82,2.52
2024-03-29,31.35,0.01,54.64,2.45
2024-03-30,31.28,0.0,54.18,2.52
2024-03-31,31.73,0.0,58.81,2.59
2024-04-01,32.17,0.03,57.94,2.42
2024-04-02,32.44,0.4,53.84,2.34
2024-04-03,31.52,4.28,61.65,2.37
2024-04-04,31.21,0.0,64.12,2.18
2024-04-05,32.22,0.0,58.05,2.14
2024-04-06,32.65,0.0,57.9,2.19
2024-04-07,32.18,0.0,60.23,2.37
2024-04-08,32.26,0.0,61.34,2.76
2024-04-09,32.19,0.0,56.26,3.4
2024-04-10,31.75,0.0,58.88,3.61
2024-04-11,32.15,0.18,58.91,3.66
2024-04-12,31.35,3.83,63.6,3.69
2024-04-13,31.19,1.31,62.65,2.92
2024-04-14,31.49,1.73,61.54,3.66
2024-04-15,31.38,0.73,64.77,3.79
2024-04-16,32.18,0.04,59.05,2.83
2024-04-17,32.78,0.0,58.82,2.68
2024-04-18,32.86,0.0,59.63,3.54
2024-04-19,32.52,0.0,62.06,2.7
2024-04-20,33.17,0.0,59.74,2.4
2024-04-21,32.58,0.0,63.95,2.37
2024-04-22,32.24,0.0,63.7,2.2
2024-04-23,32.66,0.0,60.13,2.58
2024-04-24,32.62,0.01,55.58,2.14
2024-04-25,32.35,0.0,53.94,2.2
2024-04-26,33.0,0.0,51.49,2.34
2024-04-27,32.88,0.0,52.1,2.66
2024-04-28,32.93,0.01,54.78,2.49
2024-04-29,33.1,0.21,57.79,2.3
2024-04-30,33.45,0.29,57.24,2.92
2024-05-01,33.51,0.03,58.08,3.14
2024-05-02,33.82,0.0,60.42,3.84
2024-05-03,33.6,0.0,61.68,3.8
2024-05-04,33.29,0.0,59.37,2.86
2024-05-05,33.93,0.12,58.24,3.5
2024-05-06,34.05,0.04,57.1,3.49
2024-05-07,33.1,0.02,58.63,2.5
2024-05-08,32.32,1.06,62.93,2.41
2024-05-09,32.38,1.27,60.27,2.54
2024-05-10,31.08,5.28,64.73,2.29
2024-05-11,31.36,2.51,65.04,2.32
2024-05-12,31.37,1.76,63.52,2.09
2024-05-13,29.94,3.95,71.66,1.61
2024-05-14,30.21,5.56,69.13,1.12
2024-05-15,30.64,8.79,69.52,1.97
2024-05-16,29.04,32.29,74.96,1.41
2024-05-17,28.31,11.0,78.16,1.55
2024-05-18,28.9,10.83,78.41,1.34
2024-05-19,28.81,9.62,78.86,1.65
2024-05-20,27.77,29.2,85.46,2.41
2024-05-21,27.41,24.61,85.93,3.35
2024-05-22,28.65,1.46,84.91,2.58
2024-05-23,28.47,1.5,84.07,3.07
2024-05-24,28.94,1.22,80.57,2.89
2024-05-25,28.95,0.61,78.38,2.67
2024-05-26,30.09,0.02,71.07,2.62
2024-05-27,30.49,0.01,72.01,3.29
2024-05-28,29.96,0.02,73.16,3.46
2024-05-29,30.63,0.24,70.23,1.72
2024-05-30,31.07,0.17,69.2,2.01
2024-05-31,30.54,1.03,72.34,1.58
2024-06-01,30.99,3.39,76.09,1.74
2024-06-02,28.89,5.67,78.5,1.76
2024-06-03,29.02,3.74,77.96,1.84
2024-06-04,29.52,1.55,77.57,2.88
2024-06-05,29.29,2.23,78.16,3.67
2024-06-06,28.29,36.21,86.08,3.35
2024-06-07,28.46,4.63,80.41,3.38
2024-06-08,28.15,1.94,82.71,4.38
2024-06-09,28.42,0.08,81.44,3.18
2024-06-10,29.08,0.13,74.76,3.2
2024-06-11,29.25,0.29,70.24,3.15
2024-06-12,28.37,0.0,72.16,3.03
2024-06-13,29.16,0.0,66.41,2.15
2024-06-14,29.51,0.0,67.18,1.94
2024-06-15,30.42,0.06,66.89,1.9
2024-06-16,30.44,0.2,68.36,2.01
2024-06-17,29.72,1.38,69.98,2.21
2024-06-18,29.22,8.17,73.78,2.95
2024-06-19,28.97,4.71,73.58,3.54
2024-06-20,28.58,0.51,72.21,3.28
2024-06-21,29.0,0.01,68.03,3.07
2024-06-22,28.67,7.96,72.21,2.29
2024-06-23,28.42,3.16,73.68,3.83
2024-06-24,28.05,0.18,71.81,3.96
2024-06-25,27.97,0.52,68.37,4.22
2024-06-26,28.74,0.85,67.72,4.09
2024-06-27,29.39,0.07,66.33,3.05
2024-06-28,29.49,0.0,66.32,2.08
2024-06-29,29.64,0.05,67.53,1.63
2024-06-30,29.2,2.94,72.09,1.58
2024-07-01,28.65,0.98,70.29,1.75
2024-07-02,29.19,0.0,66.15,1.33
2024-07-03,29.4,0.65,65.28,1.61
2024-07-04,30.1,0.25,61.89,1.9
2024-07-05,29.71,10.35,69.53,1.41
2024-07-06,28.08,3.09,71.26,2.49
2024-07-07,29.86,0.1,65.31,2.53
2024-07-08,28.53,0.08,70.72,2.92
2024-07-09,28.9,0.0,68.68,2.5
2024-07-10,28.88,2.31,71.44,1.8
2024-07-11,29.36,0.38,68.42,1.82
2024-07-12,29.74,11.74,69.2,2.16
2024-07-13,29.3,0.25,66.49,3.48
2024-07-14,29.86,0.25,61.1,3.38
2024-07-15,28.78,3.17,67.31,4.61
2024-07-16,29.37,0.28,64.58,4.54
2024-07-17,28.91,0.71,66.71,3.9
2024-07-18,29.01,0.1,62.68,5.05
2024-07-19,30.06,0.02,61.5,4.96
2024-07-20,30.41,0.05,59.5,4.23
2024-07-21,29.9,0.02,62.98,4.09
2024-07-22,29.93,0.01,61.01,3.89
2024-07-23,30.47,0.04,59.59,3.14
2024-07-24,30.49,0.16,59.66,3.99
2024-07-25,30.6,0.23,58.55,4.03
2024-07-26,29.66,0.17,61.36,4.53
2024-07-27,30.19,0.01,57.21,5.21
2024-07-28,30.24,0.02,56.69,4.23
2024-07-29,30.61,0.48,60.92,4.08
2024-07-30,29.28,0.01,66.65,3.13
2024-07-31,30.14,0.01,63.4,2.15
2024-08-01,30.33,0.2,65.6,2.99
2024-08-02,30.33,0.09,58.65,3.52
2024-08-03,30.43,0.97,60.59,1.28
2024-08-04,29.94,3.45,65.34,2.27
2024-08-05,28.43,2.87,70.78,1.77
2024-08-06,29.3,4.52,70.2,1.21
2024-08-07,27.57,10.74,79.0,1.91
2024-08-08,27.99,15.92,76.45,2.01
2024-08-09,28.84,9.82,75.02,1.56
2024-08-10,29.34,7.31,74.47,1.69
2024-08-11,28.89,4.67,77.64,1.68
2024-08-12,30.01,1.34,73.85,1.65
2024-08-13,29.15,5.71,77.79,0.98
2024-08-14,29.02,13.81,74.84,1.46
2024-08-15,29.57,1.93,73.84,2.39
2024-08-16,29.74,2.67,76.64,2.06
2024-08-17,28.92,1.86,76.89,3.12
2024-08-18,28.88,2.94,77.8,1.79
2024-08-19,29.26,3.38,75.52,3.33
2024-08-20,28.5,4.45,80.62,4.05
2024-08-21,27.66,4.92,75.9,5.42
2024-08-22,28.5,0.01,73.08,4.04
2024-08-23,29.25,0.02,68.76,3.93
2024-08-24,29.39,0.01,69.48,3.66
2024-08-25,29.11,0.01,70.13,3.42
2024-08-26,29.57,0.0,66.34,3.94
2024-08-27,29.61,0.01,68.34,3.01
2024-08-28,29.11,0.0,69.05,2.32
2024-08-29,29.44,0.92,67.62,2.89
2024-08-30,28.35,1.26,75.23,3.16
2024-08-31,28.99,0.31,68.75,3.63
2024-09-01,29.01,0.08,65.09,3.32
2024-09-02,29.64,0.02,63.03,2.99
2024-09-03,29.21,0.43,70.0,3.32
2024-09-04,29.85,1.28,68.93,2.4
2024-09-05,30.66,0.11,63.78,2.26
2024-09-06,30.01,0.1,66.41,2.43
2024-09-07,30.41,0.04,63.86,2.47
2024-09-08,29.71,0.07,66.83,2.9
2024-09-09,29.42,0.05,67.19,3.19
2024-09-10,30.34,0.03,66.0,3.94
2024-09-11,30.27,5.9,66.86,3.64
2024-09-12,30.37,0.2,61.26,3.28
2024-09-13,30.77,1.36,61.01,2.2
2024-09-14,30.42,1.25,63.49,2.42
2024-09-15,31.17,0.22,57.41,2.96
2024-09-16,31.57,0.0,55.09,2.84
2024-09-17,31.85,0.0,54.96,2.87
2024-09-18,30.94,0.0,55.39,2.67
2024-09-19,29.94,0.2,58.89,1.94
2024-09-20,30.54,0.08,58.38,1.61
2024-09-21,30.22,0.14,61.53,2.33
2024-09-22,31.37,0.02,56.46,2.41
2024-09-23,31.12,0.31,56.6,3.04
2024-09-24,31.1,0.35,58.51,2.46
2024-09-25,31.56,0.05,56.16,2.62
2024-09-26,31.54,0.07,56.87,1.4
2024-09-27,31.3,0.44,56.04,1.78
2024-09-28,30.34,4.5,65.45,2.14
2024-09-29,29.08,2.01,74.8,2.38
2024-09-30,29.38,2.22,71.09,2.19
2024-10-01,28.82,2.68,74.35,1.85
2024-10-02,28.15,6.4,79.08,3.22
2024-10-03,29.62,0.04,70.97,3.43
2024-10-04,29.07,11.16,75.41,1.68
2024-10-05,28.2,26.08,77.71,1.34
2024-10-06,27.16,12.02,82.38,1.18
2024-10-07,27.21,2.12,80.45,2.47
2024-10-08,27.08,4.7,82.3,1.9
2024-10-09,28.93,3.15,74.82,2.57
2024-10-10,28.49,5.26,75.68,1.23
2024-10-11,26.78,20.35,82.31,1.51
2024-10-12,27.31,26.8,82.83,1.22
2024-10-13,27.11,13.75,85.12,0.97
2024-10-14,26.18,24.76,88.18,1.17
2024-10-15,25.59,11.99,88.32,1.89
2024-10-16,26.96,9.52,77.79,1.5
2024-10-17,27.76,4.89,80.47,1.94
2024-10-18,27.93,2.76,80.48,1.51
2024-10-19,27.09,7.8,84.58,1.39
2024-10-20,27.71,7.71,82.79,1.04
2024-10-21,27.51,4.89,84.61,0.76
2024-10-22,27.92,10.21,79.26,0.93
2024-10-23,27.39,2.12,84.35,1.32
2024-10-24,26.84,8.14,85.05,1.88
2024-10-25,26.84,21.29,84.79,1.57
2024-10-26,27.47,3.69,83.91,1.81
2024-10-27,27.06,0.4,85.17,1.85
2024-10-28,27.54,1.0,82.72,1.54
2024-10-29,27.68,0.91,80.54,1.37
2024-10-30,27.67,1.66,83.7,1.01
2024-10-31,27.53,6.77,84.91,1.24
2024-11-01,27.35,13.47,88.06,1.09
2024-11-02,26.5,11.75,88.84,1.41
2024-11-03,26.16,5.2,89.71,1.35
2024-11-04,26.64,3.86,84.84,2.0
2024-11-05,26.36,0.19,82.23,1.94
2024-11-06,26.54,0.36,80.72,2.12
2024-11-07,26.47,4.42,87.9,2.35
2024-11-08,26.76,5.47,88.4,2.87
2024-11-09,26.61,0.71,84.15,3.07
2024-11-10,25.9,0.0,83.04,3.1
2024-11-11,26.28,0.01,82.81,2.69
2024-11-12,26.19,0.47,84.41,2.54
2024-11-13,26.29,0.91,91.4,2.37
2024-11-14,26.78,9.38,89.6,2.23
2024-11-15,26.1,11.69,89.99,2.48
2024-11-16,26.03,7.56,90.76,2.41
2024-11-17,26.68,11.47,88.18,3.07
2024-11-18,26.28,15.84,87.84,3.31
2024-11-19,26.13,14.49,86.86,3.93
2024-11-20,25.16,19.09,89.1,4.05
2024-11-21,25.36,21.49,86.65,3.41
2024-11-22,24.98,1.67,87.04,2.88
2024-11-23,25.58,0.79,87.52,3.35
2024-11-24,25.57,0.22,88.47,3.02
2024-11-25,24.69,0.44,88.63,3.17
2024-11-26,24.26,22.89,92.77,3.8
2024-11-27,24.36,13.08,91.9,4.62
2024-11-28,24.48,2.42,85.29,3.55
2024-11-29,25.25,1.24,86.78,3.91
2024-11-30,25.38,1.75,91.22,2.95
2024-12-01,26.54,3.69,88.61,3.4
2024-12-02,26.54,6.23,89.55,3.85
2024-12-03,26.6,0.92,86.3,2.54
2024-12-04,26.19,2.92,86.17,1.53
2024-12-05,26.01,4.51,87.97,1.56
2024-12-06,25.81,0.05,88.83,2.04
2024-12-07,26.05,0.01,86.58,2.04
2024-12-08,25.41,0.16,88.76,1.82
2024-12-09,25.66,0.01,87.14,2.1
2024-12-10,25.69,0.13,85.66,2.64
2024-12-11,25.11,6.09,90.78,3.5
2024-12-12,24.93,61.12,93.68,4.39
2024-12-13,25.44,37.1,94.26,3.78
2024-12-14,24.96,17.71,89.92,3.98
2024-12-15,23.83,1.03,86.17,3.42
2024-12-16,23.48,0.0,87.06,3.22
2024-12-17,24.24,0.02,86.42,2.9
2024-12-18,25.32,0.0,86.51,2.16
2024-12-19,26.55,0.01,84.56,1.5
2024-12-20,26.91,0.14,86.03,0.64
2024-12-21,26.83,2.74,85.33,1.2
2024-12-22,25.41,4.8,90.79,1.85
2024-12-23,25.49,0.63,82.3,1.61
2024-12-24,25.77,0.03,80.01,1.32
2024-12-25,25.84,0.0,82.47,0.92
2024-12-26,26.19,0.04,86.48,2.33
2024-12-27,25.68,2.56,88.46,2.96
2024-12-28,24.94,0.27,84.81,3.1
2024-12-29,25.15,0.28,86.87,3.45
2024-12-30,25.16,5.66,90.35,3.82
2024-12-31,25.18,3.95,89.0,4.41
2025-01-01,24.2,0.16,84.36,4.08
2025-01-02,23.69,0.0,83.26,3.49
2025-01-03,23.33,0.0,84.43,3.91
2025-01-04,23.09,0.0,83.34,2.87
2025-01-05,23.38,0.0,80.8,2.49
2025-01-06,22.91,0.0,82.55,2.36
2025-01-07,23.57,0.24,86.68,2.53
2025-01-08,23.3,0.04,84.87,2.73
2025-01-09,23.48,0.0,86.4,3.11
2025-01-10,24.33,0.02,86.59,3.58
2025-01-11,24.42,0.45,84.93,3.65
2025-01-12,24.64,1.16,86.7,3.74
2025-01-13,25.71,0.52,86.58,3.03
2025-01-14,24.71,3.63,87.06,3.6
2025-01-15,24.21,2.83,88.39,4.0
2025-01-16,23.82,0.09,86.17,3.53
2025-01-17,23.69,0.0,83.19,3.75
2025-01-18,23.3,9.66,89.93,3.76
2025-01-19,24.4,12.29,91.64,3.27
2025-01-20,24.62,1.13,85.01,3.46
2025-01-21,23.65,0.08,84.25,3.09
2025-01-22,24.36,0.54,84.5,3.21
2025-01-23,24.38,0.96,83.14,3.0
2025-01-24,23.76,0.0,82.93,3.01
2025-01-25,24.25,0.0,82.13,3.3
2025-01-26,23.61,0.0,80.75,3.49
2025-01-27,23.93,0.0,78.15,2.81
2025-01-28,24.23,0.0,74.94,2.67
2025-01-29,24.11,0.0,76.35,3.08
2025-01-30,24.4,0.26,85.29,2.99
2025-01-31,25.74,0.24,86.59,2.47
2025-02-01,26.48,0.14,82.72,2.52
2025-02-02,26.36,0.04,79.25,2.29
2025-02-03,25.4,0.0,77.33,2.09
2025-02-04,24.58,0.0,77.63,2.5
2025-02-05,24.91,0.0,79.78,2.59
2025-02-06,25.15,0.0,76.69,2.54
2025-02-07,24.82,0.0,74.46,2.6
2025-02-08,25.3,0.0,77.44,2.91
2025-02-09,25.71,0.0,76.46,3.04
2025-02-10,25.78,0.0,72.85,2.9
2025-02-11,25.64,0.0,73.03,2.46
2025-02-12,25.79,0.0,74.71,2.67
2025-02-13,25.29,0.0,71.9,2.37
2025-02-14,25.33,0.0,69.97,1.87
2025-02-15,26.11,0.0,68.08,2.13
2025-02-16,26.1,0.0,68.21,2.63
2025-02-17,25.88,0.0,68.46,2.46
2025-02-18,25.93,0.0,71.25,2.56
2025-02-19,26.31,0.0,70.81,2.15
2025-02-20,26.58,0.0,70.51,2.33
2025-02-21,26.91,0.0,69.43,2.76
2025-02-22,27.36,0.0,68.58,2.52
2025-02-23,27.53,0.0,67.81,2.74
2025-02-24,27.45,0.0,68.62,3.15
2025-02-25,27.38,1.48,70.65,3.88
2025-02-26,27.65,3.5,72.06,4.41
2025-02-27,27.79,2.11,71.28,4.5
2025-02-28,26.7,12.81,80.72,4.16
2025-03-01,27.59,12.42,80.2,3.77
2025-03-02,28.18,1.32,75.0,3.1
2025-03-03,28.59,0.01,70.79,2.53
2025-03-04,28.25,0.0,67.38,2.13
2025-03-05,27.97,0.0,63.17,1.64
2025-03-06,28.57,0.0,61.56,1.63
2025-03-07,28.92,0.0,63.48,1.7
2025-03-08,29.17,0.0,60.87,1.87
2025-03-09,27.88,0.0,58.86,2.6
2025-03-10,28.03,0.23,67.05,3.92
2025-03-11,27.47,16.42,80.85,4.39
2025-03-12,26.81,12.89,83.69,1.86
2025-03-13,28.37,1.12,71.39,1.94
2025-03-14,28.82,0.0,67.01,1.83
2025-03-15,29.23,0.0,63.46,1.8
2025-03-16,29.05,0.59,70.41,1.99
2025-03-17,29.6,0.54,68.64,1.67
2025-03-18,29.85,0.25,67.53,2.06
2025-03-19,29.43,0.22,68.21,2.36
2025-03-20,29.51,0.08,65.42,2.75
2025-03-21,29.75,0.15,68.45,2.69
2025-03-22,29.73,0.4,69.95,2.61
2025-03-23,29.25,1.13,70.64,2.36
2025-03-24,29.69,0.23,67.61,2.75
2025-03-25,29.6,0.19,63.13,2.33
2025-03-26,29.47,0.02,60.82,1.76
2025-03-27,30.47,0.02,56.66,1.86
2025-03-28,30.31,0.0,59.69,1.95
2025-03-29,29.73,0.0,54.81,2.2
2025-03-30,29.45,0.0,51.17,2.01
2025-03-31,29.76,0.0,59.46,2.47
2025-04-01,29.81,0.01,59.57,2.25
2025-04-02,29.59,7.32,64.85,2.45
2025-04-03,28.07,32.08,76.26,1.92
2025-04-04,29.68,0.86,59.83,2.18
2025-04-05,29.67,4.13,65.51,1.69
2025-04-06,29.0,9.27,73.65,1.27
2025-04-07,28.3,9.35,79.74,0.99
2025-04-08,29.59,0.01,70.17,1.37
2025-04-09,29.03,0.04,71.07,1.71
2025-04-10,30.48,0.01,65.43,2.03
2025-04-11,30.34,3.66,66.61,2.42
2025-04-12,30.3,2.0,67.76,2.0
2025-04-13,31.18,0.19,63.19,2.01
2025-04-14,30.9,0.5,64.1,2.04
2025-04-15,29.58,1.29,69.39,1.53
2025-04-16,30.73,0.3,64.53,1.88
2025-04-17,30.56,0.17,67.72,1.96
2025-04-18,31.34,0.02,65.58,2.5
2025-04-19,31.27,0.0,65.24,2.08
2025-04-20,30.37,0.11,68.67,1.37
2025-04-21,30.55,0.14,66.97,1.53
2025-04-22,30.57,0.19,66.29,1.64
2025-04-23,30.66,0.12,64.56,1.84
2025-04-24,31.43,0.01,64.42,2.33
2025-04-25,30.79,0.01,71.72,2.23
2025-04-26,29.98,0.86,75.68,2.1
2025-04-27,29.29,4.89,77.8,1.89
2025-04-28,29.25,6.36,71.16,1.87
2025-04-29,29.59,4.17,73.39,1.99
2025-04-30,29.63,0.89,74.64,2.99
2025-05-01,30.33,0.0,69.58,3.16
2025-05-02,30.64,0.02,70.35,2.61
2025-05-03,30.66,0.03,72.14,2.25
2025-05-04,30.82,2.07,70.5,1.53
2025-05-05,29.95,5.27,75.61,1.73
2025-05-06,31.19,1.68,65.57,1.97
2025-05-07,30.18,2.77,68.67,2.25
2025-05-08,30.92,0.87,64.02,1.44
2025-05-09,30.84,0.47,66.42,1.72
2025-05-10,31.33,0.64,63.72,1.65
2025-05-11,31.96,0.37,63.23,1.79
2025-05-12,32.24,0.08,60.73,2.16
2025-05-13,31.78,1.34,66.55,2.19
2025-05-14,30.5,7.01,71.03,2.78
2025-05-15,30.67,12.7,67.73,2.54
2025-05-16,31.38,2.95,65.66,2.19
2025-05-17,28.86,12.81,72.67,2.55
2025-05-18,28.39,28.25,75.88,1.65
2025-05-19,29.38,10.31,73.67,2.23
2025-05-20,29.35,0.34,71.24,2.8
2025-05-21,30.31,0.78,62.66,3.2
2025-05-22,30.88,0.33,64.32,2.05
2025-05-23,30.25,2.16,70.67,3.31
2025-05-24,30.31,1.51,66.8,4.44
2025-05-25,29.66,0.6,70.69,4.5
2025-05-26,30.32,1.3,66.47,4.88
2025-05-27,30.26,0.61,70.01,5.21
2025-05-28,31.31,0.09,63.93,5.24
2025-05-29,30.22,0.87,64.73,5.18
2025-05-30,29.24,0.5,62.75,4.46
2025-05-31,30.6,0.03,59.13,3.39
2025-06-01,31.21,0.26,61.02,1.96
2025-06-02,30.91,0.17,65.6,2.07
2025-06-03,30.76,0.06,63.41,2.39
2025-06-04,30.66,0.63,62.14,2.26
2025-06-05,31.2,0.14,58.52,2.11
2025-06-06,30.91,0.98,67.72,1.86
2025-06-07,31.11,0.62,67.34,2.01
2025-06-08,31.77,0.1,61.37,1.68
2025-06-09,29.17,1.36,73.88,2.6
2025-06-10,30.75,1.05,65.13,2.33
2025-06-11,29.92,1.99,67.85,3.1
2025-06-12,30.62,0.63,64.6,3.35
2025-06-13,30.84,0.34,60.51,4.68
2025-06-14,29.57,1.28,67.14,4.94
2025-06-15,28.8,1.08,66.84,5.35
2025-06-16,30.62,0.07,59.03,4.56
2025-06-17,30.01,0.13,63.46,3.1
2025-06-18,30.68,0.04,63.26,2.43
2025-06-19,30.93,0.01,60.98,2.98
2025-06-20,30.17,0.03,63.59,2.49
2025-06-21,30.04,0.01,66.53,2.09
2025-06-22,30.16,5.25,66.62,2.47
2025-06-23,30.13,0.32,56.95,4.14
2025-06-24,30.57,0.02,58.33,4.61
2025-06-25,30.62,0.16,60.55,3.41
2025-06-26,30.42,0.01,61.12,3.62
2025-06-27,30.85,0.03,56.34,2.68
2025-06-28,30.48,0.7,58.99,2.67
2025-06-29,30.81,0.06,55.3,2.98
2025-06-30,30.35,0.0,60.63,2.41
2025-07-01,30.34,0.0,60.49,2.7
2025-07-02,30.83,0.01,55.33,3.32
2025-07-03,31.19,0.0,51.54,3.45
2025-07-04,30.69,0.0,53.26,2.98
2025-07-05,31.48,0.0,53.96,3.5
2025-07-06,31.68,0.0,54.06,3.99
2025-07-07,31.74,0.0,56.18,3.67
2025-07-08,32.1,0.0,53.46,2.8
2025-07-09,32.56,0.01,52.73,2.85
2025-07-10,32.43,0.06,53.16,2.19
2025-07-11,31.91,0.19,54.76,2.78
2025-07-12,31.83,0.4,55.11,3.44
2025-07-13,31.01,0.01,55.41,2.66
2025-07-14,31.62,0.0,49.29,4.22
2025-07-15,31.65,0.0,50.93,2.85
2025-07-16,31.47,1.32,54.73,2.84
2025-07-17,31.12,0.1,54.4,3.18
2025-07-18,30.71,0.1,58.24,2.63
2025-07-19,29.9,0.34,60.45,4.86
2025-07-20,29.75,0.05,55.3,4.25
2025-07-21,31.21,0.1,52.29,3.78
2025-07-22,31.68,0.04,54.37,4.27
2025-07-23,31.52,1.05,53.06,4.64
2025-07-24,31.75,0.14,48.89,4.8
2025-07-25,30.7,0.01,51.22,5.23
2025-07-26,29.87,0.15,58.9,4.31
2025-07-27,31.08,0.08,54.28,4.07
2025-07-28,31.92,0.0,48.25,3.91
2025-07-29,32.31,0.0,48.75,4.67
2025-07-30,32.75,0.0,48.49,3.77
2025-07-31,32.29,0.31,52.21,2.23
2025-08-01,30.49,4.33,60.53,2.73
2025-08-02,27.78,7.79,78.77,2.49
2025-08-03,28.2,3.23,75.59,1.98
2025-08-04,29.49,3.49,70.55,2.05
2025-08-05,29.89,6.92,70.01,2.46
2025-08-06,30.29,2.74,66.03,1.86
2025-08-07,30.1,0.2,64.07,2.08
2025-08-08,29.03,2.52,71.22,1.78
2025-08-09,27.93,2.02,78.68,1.57
2025-08-10,27.82,17.71,78.32,2.53
2025-08-11,28.74,1.55,68.59,2.69
2025-08-12,29.06,0.68,64.15,3.0
2025-08-13,29.15,0.45,60.24,3.0
2025-08-14,29.45,0.25,60.22,3.1
2025-08-15,29.68,1.26,59.51,4.02
2025-08-16,28.88,0.58,65.15,3.95
2025-08-17,29.2,0.18,64.9,3.65
2025-08-18,29.72,0.01,62.32,3.8
2025-08-19,30.68,0.0,56.96,3.85
2025-08-20,29.7,0.0,60.39,1.76
2025-08-21,30.65,0.32,57.56,2.11
2025-08-22,29.99,3.86,67.8,1.68
2025-08-23,29.25,4.29,68.33,1.77
2025-08-24,29.38,4.86,71.35,1.79
2025-08-25,29.94,2.1,68.98,2.15
2025-08-26,31.2,0.22,60.56,2.23
2025-08-27,30.32,0.25,61.93,3.03
2025-08-28,29.48,0.17,65.76,3.53
2025-08-29,30.86,0.1,55.68,3.47
2025-08-30,30.21,1.93,62.96,2.71
2025-08-31,30.08,1.62,66.14,2.08
2025-09-01,30.65,0.56,59.75,2.45
2025-09-02,31.24,0.06,55.88,2.61
2025-09-03,29.65,0.01,62.8,2.14
2025-09-04,30.57,0.0,60.66,1.77
2025-09-05,31.07,1.31,59.47,1.76
2025-09-06,31.26,0.89,61.3,2.03
2025-09-07,28.92,6.7,70.62,2.47
2025-09-08,29.49,2.1,67.49,2.4
2025-09-09,29.72,2.37,70.13,1.9
2025-09-10,28.84,22.27,78.9,1.44
2025-09-11,28.54,6.34,77.52,1.31
2025-09-12,28.94,3.43,73.63,0.6
2025-09-13,29.54,0.09,67.05,1.28
2025-09-14,29.93,0.16,65.38,2.04
2025-09-15,30.37,2.54,64.5,2.19
2025-09-16,28.95,7.79,74.13,1.89
2025-09-17,28.19,11.91,79.43,1.33
2025-09-18,28.48,3.39,76.04,1.72
2025-09-19,28.49,2.56,71.33,1.43
2025-09-20,29.0,0.53,63.64,1.33
2025-09-21,30.21,0.39,64.55,1.88
2025-09-22,29.99,0.44,68.67,2.01
2025-09-23,30.0,0.12,67.75,2.52
2025-09-24,29.79,0.19,68.03,2.75
2025-09-25,28.88,8.94,71.33,3.18
2025-09-26,28.7,1.41,68.73,3.64
2025-09-27,29.18,0.22,62.52,3.74
2025-09-28,28.43,0.0,66.39,3.6
2025-09-29,29.47,0.0,67.83,3.01
2025-09-30,29.42,0.0,66.95,1.74
2025-10-01,30.8,0.0,60.49,2.1
2025-10-02,29.91,0.16,66.44,1.67
2025-10-03,28.24,3.85,74.8,1.66
2025-10-04,28.86,1.09,72.49,1.23
2025-10-05,29.21,5.0,71.95,1.48
2025-10-06,28.78,1.8,71.93,1.3
2025-10-07,28.57,3.45,73.65,0.8
2025-10-08,29.16,0.9,70.53,1.87
2025-10-09,28.58,4.31,76.99,2.25
2025-10-10,28.84,2.69,74.2,2.3
2025-10-11,29.4,1.62,73.11,2.63
2025-10-12,28.93,4.65,74.8,2.11
2025-10-13,28.83,4.99,73.68,2.08
2025-10-14,28.28,9.79,77.71,2.82
2025-10-15,27.32,14.54,84.57,2.06
2025-10-16,26.95,12.5,87.4,2.34
2025-10-17,27.19,15.35,89.7,2.42
2025-10-18,26.87,23.96,89.12,2.11
2025-10-19,26.7,11.48,88.68,2.46
2025-10-20,26.16,19.22,89.82,1.98
2025-10-21,25.79,50.49,91.0,1.43
2025-10-22,26.37,22.67,87.8,3.43
2025-10-23,26.64,2.06,88.06,2.81
2025-10-24,26.8,12.06,88.06,2.56
2025-10-25,27.37,5.73,85.73,1.31
2025-10-26,27.22,0.15,86.44,1.05
2025-10-27,26.93,0.33,85.84,1.46
2025-10-28,26.98,0.05,84.15,2.08
2025-10-29,27.74,0.01,83.39,2.54
2025-10-30,27.91,0.0,79.49,1.27
2025-10-31,28.21,0.0,79.74,1.32
2025-11-01,28.09,0.0,79.64,1.33
2025-11-02,28.4,0.0,78.28,1.14
2025-11-03,28.12,0.0,78.73,1.53
2025-11-04,27.42,0.0,82.45,1.4
2025-11-05,27.37,1.12,82.78,0.86
2025-11-06,27.37,4.92,81.66,1.81
2025-11-07,26.96,1.09,82.78,1.3
2025-11-08,26.68,4.98,82.31,1.65
2025-11-09,25.99,2.05,79.31,1.75
2025-11-10,26.65,1.61,79.59,1.08
2025-11-11,26.73,1.61,83.77,1.99
2025-11-12,26.62,1.15,84.21,2.91
2025-11-13,26.37,5.95,84.33,3.14
2025-11-14,25.71,0.46,81.76,3.34
2025-11-15,25.04,0.68,80.82,3.3
2025-11-16,25.17,2.67,88.14,3.56
2025-11-17,24.2,11.77,89.26,3.99
2025-11-18,24.76,15.45,89.39,3.17
2025-11-19,25.74,2.76,85.18,2.94
2025-11-20,25.61,0.86,83.57,3.38
2025-11-21,26.22,8.1,88.23,3.04
2025-11-22,25.87,11.52,91.88,2.61
2025-11-23,25.92,51.27,92.19,2.87
2025-11-24,25.34,28.05,93.46,3.01
2025-11-25,24.88,6.64,90.52,3.79
2025-11-26,24.02,1.92,90.88,4.15
2025-11-27,24.37,1.37,85.75,4.51
2025-11-28,22.87,24.76,89.81,5.06
2025-11-29,22.48,80.46,91.89,5.51
2025-11-30,24.0,3.24,89.81,3.25
2025-12-01,25.88,2.69,84.42,1.65
2025-12-02,25.52,28.57,87.92,1.15
2025-12-03,25.48,8.12,85.56,1.34
2025-12-04,25.72,2.08,87.32,1.49
2025-12-05,25.27,5.06,91.67,3.07
2025-12-06,25.35,5.85,88.99,3.26
2025-12-07,24.75,3.88,89.58,3.4
2025-12-08,24.07,0.2,87.28,3.37
2025-12-09,23.93,0.85,90.36,3.75
2025-12-10,23.74,2.97,88.53,3.83
2025-12-11,23.41,0.1,87.96,3.39
2025-12-12,23.58,1.32,87.69,3.7
2025-12-13,22.57,0.23,84.1,3.46
2025-12-14,21.58,0.0,84.07,2.95
2025-12-15,22.21,0.13,84.94,2.97
2025-12-16,24.15,7.03,90.27,3.58
2025-12-17,25.24,8.98,88.12,4.01
2025-12-18,22.59,0.07,86.43,3.57
2025-12-19,22.37,0.0,84.3,2.84
2025-12-20,21.86,0.0,81.35,2.31
2025-12-21,22.22,0.0,84.46,2.65
2025-12-22,22.17,0.0,84.0,2.74
2025-12-23,22.87,0.0,84.86,2.52
2025-12-24,22.9,0.0,83.08,2.45
2025-12-25,22.57,0.04,83.29,2.21
2025-12-26,23.65,0.11,85.93,2.74
2025-12-27,23.16,0.01,83.96,2.81
2025-12-28,23.51,0.0,85.69,2.54
2025-12-29,23.92,0.0,86.61,2.83
2025-12-30,24.04,0.0,85.02,2.31
2025-12-31,25.46,0.5,87.3,2.22
