Date,Temperature,Rainfall,Humidity,WindSpeed
2005-01-01,20.57,0.11,85.88,0.98
2005-01-02,20.23,0.21,86.66,1.11
2005-01-03,20.47,0.17,86.68,0.9
2005-01-04,20.32,0.01,82.77,1.21
2005-01-05,19.57,0.0,83.93,1.25
2005-01-06,18.7,0.0,81.19,1.26
2005-01-07,18.92,0.0,85.39,1.4
2005-01-08,19.46,0.0,82.41,1.32
2005-01-09,18.85,0.0,81.17,1.25
2005-01-10,19.81,0.0,72.74,1.0
2005-01-11,20.28,0.0,59.56,0.88
2005-01-12,20.23,0.0,57.22,1.06
2005-01-13,19.61,0.0,73.95,1.16
2005-01-14,19.13,0.0,77.72,1.31
2005-01-15,19.29,0.0,75.96,1.11
2005-01-16,19.7,0.0,75.65,0.96
2005-01-17,21.15,0.0,74.14,0.8
2005-01-18,22.28,0.08,73.41,0.77
2005-01-19,22.65,0.02,79.62,0.91
2005-01-20,22.2,0.08,75.56,1.4
2005-01-21,21.85,0.41,81.5,1.99
2005-01-22,22.11,0.44,82.93,1.65
2005-01-23,22.42,0.04,77.9,1.26
2005-01-24,22.29,0.01,79.6,1.14
2005-01-25,22.36,0.0,75.55,1.15
2005-01-26,22.44,0.0,72.25,1.07
2005-01-27,22.25,1.89,78.29,0.98
2005-01-28,21.1,0.66,80.2,1.05
2005-01-29,21.75,16.92,78.67,0.84
2005-01-30,21.65,8.56,85.15,0.86
2005-01-31,22.85,2.98,83.29,0.72
2005-02-01,23.44,0.42,82.44,0.63
2005-02-02,23.22,0.1,79.61,1.16
2005-02-03,22.92,0.09,78.44,1.21
2005-02-04,23.02,0.02,75.95,1.16
2005-02-05,23.08,0.03,76.66,1.09
2005-02-06,22.61,0.0,71.92,1.21
2005-02-07,20.97,0.0,65.33,1.2
2005-02-08,21.65,0.0,71.09,1.4
2005-02-09,21.36,0.0,71.57,1.88
2005-02-10,21.47,0.0,71.88,1.92
2005-02-11,21.17,0.0,69.32,1.68
2005-02-12,20.82,0.0,67.32,1.71
2005-02-13,20.88,0.0,61.56,1.51
2005-02-14,22.3,0.0,47.94,1.35
2005-02-15,24.47,0.0,38.64,1.02
2005-02-16,24.78,0.0,41.29,1.23
2005-02-17,24.28,0.0,50.99,1.31
2005-02-18,23.96,0.0,51.3,1.33
2005-02-19,23.59,0.0,51.65,1.32
2005-02-20,22.9,0.0,55.14,1.08
2005-02-21,23.52,0.0,63.31,0.7
2005-02-22,24.32,0.86,72.5,0.97
2005-02-23,25.07,0.2,71.87,1.11
2005-02-24,24.78,0.0,71.53,1.18
2005-02-25,24.41,0.0,61.38,1.27
2005-02-26,23.62,0.0,54.71,1.29
2005-02-27,23.01,0.0,56.52,1.12
2005-02-28,23.15,0.0,53.08,1.21
2005-03-01,23.63,0.0,60.22,1.23
2005-03-02,24.39,0.0,57.08,1.08
2005-03-03,24.77,0.0,58.18,1.25
2005-03-04,25.76,2.2,61.13,1.09
2005-03-05,25.06,4.9,72.82,1.16
2005-03-06,24.36,0.56,74.89,1.05
2005-03-07,24.89,0.02,69.5,1.32
2005-03-08,23.79,0.0,71.54,1.1
2005-03-09,24.08,0.0,70.11,1.03
2005-03-10,24.39,2.45,70.54,0.89
2005-03-11,24.95,1.42,68.34,0.85
2005-03-12,25.83,0.3,64.82,0.91
2005-03-13,25.52,8.48,69.98,0.97
2005-03-14,24.59,7.02,78.77,0.95
2005-03-15,24.76,0.07,66.91,1.15
2005-03-16,24.47,0.0,60.89,1.35
2005-03-17,23.93,0.0,59.1,1.46
2005-03-18,24.32,0.01,56.82,1.17
2005-03-19,25.47,0.55,59.6,1.14
2005-03-20,26.36,0.0,60.82,0.85
2005-03-21,26.97,0.0,58.67,1.1
2005-03-22,27.64,0.0,56.6,0.99
2005-03-23,28.1,0.0,55.66,0.77
2005-03-24,28.43,0.08,55.42,0.73
2005-03-25,27.96,0.01,55.44,0.76
2005-03-26,27.6,0.0,53.28,0.95
2005-03-27,28.05,0.07,54.33,1.12
2005-03-28,28.23,0.0,55.12,0.92
2005-03-29,28.51,0.0,56.3,1.0
2005-03-30,27.77,1.85,61.36,0.87
2005-03-31,27.51,0.18,60.94,0.95
2005-04-01,28.61,0.0,53.46,1.17
2005-04-02,27.58,3.38,62.95,1.4
2005-04-03,24.05,17.06,81.62,1.19
2005-04-04,21.96,32.75,90.35,1.91
2005-04-05,22.31,11.16,89.47,1.39
2005-04-06,23.69,42.82,87.51,1.05
2005-04-07,23.3,20.62,86.28,1.21
2005-04-08,23.07,2.24,87.73,1.03
2005-04-09,24.69,0.16,78.98,1.02
2005-04-10,25.25,0.85,76.83,0.79
2005-04-11,24.53,4.91,83.68,0.73
2005-04-12,25.05,0.94,80.4,0.7
2005-04-13,24.88,4.13,81.96,0.89
2005-04-14,25.56,0.27,75.82,0.98
2005-04-15,25.81,0.21,72.09,1.2
2005-04-16,25.73,3.47,71.23,1.06
2005-04-17,25.67,1.4,68.93,1.25
2005-04-18,25.22,1.18,70.8,1.04
2005-04-19,24.98,6.77,75.04,1.14
2005-04-20,23.43,7.1,84.68,1.31
2005-04-21,24.28,0.53,77.52,1.02
2005-04-22,24.36,0.05,76.47,0.89
2005-04-23,25.3,0.08,76.48,1.14
2005-04-24,25.61,0.06,76.57,0.77
2005-04-25,25.35,2.34,77.46,0.69
2005-04-26,26.1,0.15,72.06,0.83
2005-04-27,26.06,0.03,72.84,0.73
2005-04-28,27.09,0.0,69.14,0.58
2005-04-29,27.47,0.04,70.87,0.66
2005-04-30,26.65,10.92,76.67,0.64
2005-05-01,26.29,5.57,77.71,0.44
2005-05-02,25.03,8.89,83.0,0.83
2005-05-03,26.26,1.91,73.29,0.66
2005-05-04,25.39,1.54,76.57,0.72
2005-05-05,25.76,0.05,74.46,0.79
2005-05-06,24.97,1.95,78.27,1.08
2005-05-07,24.63,2.31,79.66,0.97
2005-05-08,25.2,0.04,76.17,0.91
2005-05-09,26.67,0.13,69.94,1.25
2005-05-10,25.61,0.0,68.59,1.5
2005-05-11,23.84,0.15,80.89,1.39
2005-05-12,26.32,0.76,74.49,0.83
2005-05-13,26.84,0.05,71.09,0.82
2005-05-14,26.95,4.89,71.26,0.72
2005-05-15,27.45,1.06,69.63,1.07
2005-05-16,26.98,0.11,67.56,0.94
2005-05-17,27.73,0.0,60.82,1.0
2005-05-18,28.5,0.01,63.42,1.17
2005-05-19,28.89,0.0,63.17,1.0
2005-05-20,28.88,0.0,63.13,0.99
2005-05-21,28.6,0.01,64.56,1.0
2005-05-22,28.33,0.23,65.2,0.93
2005-05-23,28.17,0.09,66.03,0.95
2005-05-24,27.84,0.0,65.45,0.59
2005-05-25,26.46,0.19,71.27,0.9
2005-05-26,27.03,27.75,68.33,0.64
2005-05-27,25.54,9.69,77.67,1.24
2005-05-28,24.27,1.24,79.17,1.06
2005-05-29,25.45,30.47,74.63,1.03
2005-05-30,24.89,7.34,76.92,1.51
2005-05-31,24.66,2.53,77.71,1.79
2005-06-01,25.15,0.91,78.81,1.9
2005-06-02,25.77,0.12,77.12,1.85
2005-06-03,25.23,0.15,81.1,1.31
2005-06-04,25.14,6.38,80.19,0.8
2005-06-05,24.76,13.72,82.51,0.9
2005-06-06,24.68,2.24,81.63,1.44
2005-06-07,24.5,1.99,82.25,1.47
2005-06-08,25.05,8.32,82.84,1.71
2005-06-09,23.35,17.49,84.15,3.19
2005-06-10,23.61,5.38,75.42,3.75
2005-06-11,24.31,2.36,82.07,2.49
2005-06-12,24.79,3.37,77.11,2.52
2005-06-13,23.91,8.17,79.27,2.36
2005-06-14,23.49,1.06,82.06,1.83
2005-06-15,24.38,2.88,76.75,2.17
2005-06-16,24.32,22.88,82.91,2.73
2005-06-17,23.7,13.06,84.13,3.39
2005-06-18,22.96,1.51,81.63,3.44
2005-06-19,23.62,11.36,82.12,3.31
2005-06-20,23.66,25.71,81.98,3.48
2005-06-21,23.16,9.91,83.49,3.66
2005-06-22,23.08,1.8,81.5,3.49
2005-06-23,23.81,0.18,77.33,3.23
2005-06-24,23.99,1.73,78.41,3.38
2005-06-25,24.21,7.05,81.14,2.59
2005-06-26,23.85,3.71,82.18,2.79
2005-06-27,23.47,1.73,83.6,2.62
2005-06-28,23.29,1.12,81.88,2.87
2005-06-29,22.55,2.59,84.21,2.43
2005-06-30,23.42,5.35,83.28,2.13
2005-07-01,23.6,5.75,84.99,2.18
2005-07-02,23.39,3.9,82.91,2.34
2005-07-03,22.78,4.2,84.53,2.73
2005-07-04,23.23,9.96,84.19,2.76
2005-07-05,23.35,4.41,84.69,3.11
2005-07-06,23.14,0.56,78.52,3.79
2005-07-07,23.31,0.45,77.6,3.51
2005-07-08,24.14,1.13,80.47,2.92
2005-07-09,23.23,7.36,81.55,3.54
2005-07-10,22.6,11.02,84.88,2.59
2005-07-11,22.8,2.53,81.11,3.11
2005-07-12,23.31,0.15,82.09,2.25
2005-07-13,22.45,1.41,88.49,1.3
2005-07-14,22.99,15.11,85.67,1.04
2005-07-15,23.06,8.2,87.18,1.06
2005-07-16,23.52,2.96,85.71,0.9
2005-07-17,23.09,8.45,85.51,1.81
2005-07-18,23.8,1.76,83.0,1.89
2005-07-19,23.39,0.46,85.17,2.11
2005-07-20,23.44,2.99,83.57,2.37
2005-07-21,23.19,0.08,80.49,2.79
2005-07-22,22.71,3.11,83.18,2.55
2005-07-23,22.75,6.15,84.46,2.79
2005-07-24,22.92,2.65,82.26,3.76
2005-07-25,22.57,0.57,78.75,4.95
2005-07-26,23.09,7.07,79.81,4.6
2005-07-27,22.82,5.62,83.11,3.84
2005-07-28,23.29,8.35,81.75,3.39
2005-07-29,22.5,16.69,84.55,3.54
2005-07-30,22.62,16.82,82.56,4.33
2005-07-31,23.21,6.84,81.06,5.01
2005-08-01,22.95,18.89,83.65,4.56
2005-08-02,22.34,5.57,80.82,5.11
2005-08-03,22.07,0.79,78.18,3.9
2005-08-04,22.17,0.97,81.89,3.55
2005-08-05,22.75,0.81,81.3,3.62
2005-08-06,23.08,0.05,78.72,3.18
2005-08-07,23.38,0.0,77.97,2.91
2005-08-08,22.92,0.1,79.94,2.62
2005-08-09,22.62,1.26,82.44,2.38
2005-08-10,23.57,0.79,80.34,3.1
2005-08-11,23.54,0.39,79.82,3.49
2005-08-12,23.23,0.04,77.03,3.73
2005-08-13,23.5,0.27,78.36,3.09
2005-08-14,23.73,0.77,78.24,3.32
2005-08-15,23.87,0.73,77.72,3.35
2005-08-16,23.38,0.96,78.38,3.31
2005-08-17,22.93,0.04,79.4,2.89
2005-08-18,23.16,0.0,75.56,2.69
2005-08-19,23.36,0.18,78.02,2.37
2005-08-20,23.23,0.01,76.75,2.42
2005-08-21,24.02,0.02,74.74,1.8
2005-08-22,24.18,0.03,78.03,1.0
2005-08-23,24.5,4.38,78.0,0.7
2005-08-24,23.87,0.72,78.92,1.21
2005-08-25,23.49,7.18,80.28,1.5
2005-08-26,23.64,8.17,80.52,1.24
2005-08-27,23.41,10.94,84.77,1.17
2005-08-28,24.24,0.67,82.1,0.71
2005-08-29,23.87,0.11,84.99,1.17
2005-08-30,25.13,1.31,76.47,0.91
2005-08-31,24.31,5.48,81.92,1.46
2005-09-01,24.27,3.76,82.68,1.19
2005-09-02,23.41,22.54,88.87,1.29
2005-09-03,23.61,9.23,89.43,1.11
2005-09-04,23.4,33.57,89.29,1.7
2005-09-05,23.07,12.6,85.18,2.81
2005-09-06,22.51,11.8,85.39,2.38
2005-09-07,22.79,11.34,85.84,2.17
2005-09-08,23.38,2.55,83.28,3.21
2005-09-09,23.51,0.81,80.99,3.41
2005-09-10,23.19,11.84,82.63,2.97
2005-09-11,22.54,7.32,84.04,2.76
2005-09-12,22.49,4.5,85.04,3.04
2005-09-13,22.84,0.94,84.09,3.1
2005-09-14,23.21,0.22,82.15,2.52
2005-09-15,22.39,11.43,82.89,1.68
2005-09-16,23.09,0.73,84.78,1.36
2005-09-17,23.29,0.0,82.01,1.64
2005-09-18,22.9,0.0,81.32,2.39
2005-09-19,22.05,0.46,82.02,3.21
2005-09-20,22.78,1.97,83.31,3.36
2005-09-21,23.04,0.85,83.38,2.5
2005-09-22,23.46,0.18,81.34,1.8
2005-09-23,23.35,0.0,81.42,1.53
2005-09-24,23.59,0.22,79.86,1.31
2005-09-25,23.78,1.68,79.98,1.4
2005-09-26,23.5,0.04,79.26,1.44
2005-09-27,23.87,0.0,77.7,1.3
2005-09-28,23.63,3.02,79.93,1.3
2005-09-29,24.02,0.16,77.09,1.38
2005-09-30,23.86,0.03,76.08,1.32
2005-10-01,23.84,0.02,73.59,0.97
2005-10-02,23.74,2.72,80.31,0.77
2005-10-03,24.36,2.07,79.48,0.95
2005-10-04,24.14,23.88,82.97,0.59
2005-10-05,24.27,6.54,82.31,0.73
2005-10-06,24.66,0.0,78.42,0.88
2005-10-07,24.44,1.89,82.64,0.54
2005-10-08,22.75,21.84,90.8,0.92
2005-10-09,22.59,3.8,85.27,1.02
2005-10-10,23.46,14.13,85.75,0.89
2005-10-11,22.88,21.52,87.38,0.62
2005-10-12,22.61,21.5,92.78,0.61
2005-10-13,22.19,2.64,89.11,1.26
2005-10-14,22.87,0.78,84.35,1.73
2005-10-15,23.44,0.11,85.21,0.89
2005-10-16,24.14,0.05,77.58,0.34
2005-10-17,23.4,0.26,84.98,0.5
2005-10-18,22.6,5.96,87.16,0.51
2005-10-19,22.91,1.75,84.68,1.21
2005-10-20,22.99,0.26,84.32,0.8
2005-10-21,23.07,52.82,88.83,0.83
2005-10-22,22.76,71.73,92.99,0.65
2005-10-23,22.48,13.04,88.97,1.37
2005-10-24,22.18,38.72,89.84,0.8
2005-10-25,21.74,9.13,92.39,1.1
2005-10-26,21.96,1.3,84.65,1.06
2005-10-27,22.2,0.83,87.73,1.22
2005-10-28,22.68,0.36,86.16,1.5
2005-10-29,23.24,11.66,86.52,1.5
2005-10-30,23.27,13.03,88.69,1.23
2005-10-31,23.58,1.23,87.89,0.81
2005-11-01,23.24,12.06,87.83,0.82
2005-11-02,21.54,8.71,94.08,0.81
2005-11-03,21.52,3.34,89.97,1.06
2005-11-04,21.56,10.62,90.4,1.02
2005-11-05,21.12,14.55,93.34,1.32
2005-11-06,20.96,20.84,94.59,1.13
2005-11-07,21.68,8.32,91.73,1.63
2005-11-08,21.68,19.21,93.72,1.22
2005-11-09,21.68,2.06,90.19,1.09
2005-11-10,21.26,14.76,93.8,0.6
2005-11-11,21.6,7.23,92.93,0.6
2005-11-12,21.57,15.24,95.1,0.85
2005-11-13,20.6,42.78,93.4,0.76
2005-11-14,21.24,3.08,88.25,0.61
2005-11-15,21.51,0.0,86.55,0.79
2005-11-16,19.91,0.0,84.63,1.06
2005-11-17,18.33,0.07,78.53,1.11
2005-11-18,18.47,0.01,78.71,1.15
2005-11-19,19.68,0.41,86.97,1.03
2005-11-20,19.77,0.29,88.95,1.08
2005-11-21,20.03,7.32,93.64,1.34
2005-11-22,21.42,14.43,96.79,2.25
2005-11-23,21.85,42.44,97.03,1.55
2005-11-24,20.14,40.54,95.71,1.57
2005-11-25,20.82,8.08,92.7,1.4
2005-11-26,20.81,4.73,91.74,1.35
2005-11-27,21.47,2.74,91.27,1.29
2005-11-28,21.02,0.18,89.77,1.26
2005-11-29,18.87,4.34,86.67,1.17
2005-11-30,20.76,1.98,79.18,0.92
2005-12-01,22.31,0.07,85.08,0.69
2005-12-02,22.45,6.12,86.28,0.61
2005-12-03,21.98,12.54,92.08,0.66
2005-12-04,22.51,4.93,90.07,0.86
2005-12-05,20.89,4.91,93.77,1.42
2005-12-06,20.81,0.49,90.66,1.28
2005-12-07,20.27,0.0,87.15,1.16
2005-12-08,20.35,0.0,77.14,1.15
2005-12-09,21.38,3.12,78.36,1.09
2005-12-10,20.48,19.82,92.05,1.52
2005-12-11,20.68,9.6,95.85,2.05
2005-12-12,20.87,2.04,93.77,1.21
2005-12-13,21.6,6.04,94.21,1.66
2005-12-14,20.96,1.45,91.48,1.48
2005-12-15,20.11,0.05,90.17,1.33
2005-12-16,18.99,0.02,86.05,1.33
2005-12-17,19.93,0.48,89.87,1.18
2005-12-18,21.25,1.1,90.96,1.12
2005-12-19,22.3,0.09,84.53,1.03
2005-12-20,22.63,0.03,83.85,0.97
2005-12-21,22.73,0.05,84.96,0.74
2005-12-22,22.69,3.18,85.15,0.44
2005-12-23,22.53,0.94,85.52,0.58
2005-12-24,21.82,0.0,89.03,1.0
2005-12-25,20.64,0.0,88.86,1.13
2005-12-26,19.44,0.0,88.55,1.27
2005-12-27,18.05,0.0,85.12,1.19
2005-12-28,18.53,0.01,87.96,1.03
2005-12-29,19.22,0.0,88.15,1.14
2005-12-30,18.24,0.0,84.46,1.13
2005-12-31,18.03,0.0,88.33,1.28
2006-01-01,18.2,0.01,87.01,1.3
2006-01-02,18.34,0.0,88.05,1.15
2006-01-03,19.03,0.0,88.26,1.11
2006-01-04,19.93,0.11,89.44,1.03
2006-01-05,20.74,0.66,91.52,1.27
2006-01-06,20.34,0.03,90.08,1.36
2006-01-07,21.04,0.28,89.76,1.33
2006-01-08,20.78,11.19,92.86,1.53
2006-01-09,21.14,0.75,90.14,1.41
2006-01-10,20.82,0.07,90.05,1.45
2006-01-11,19.48,0.02,86.13,1.28
2006-01-12,20.2,0.08,90.81,1.27
2006-01-13,20.24,0.25,88.69,1.37
2006-01-14,20.54,0.95,93.42,1.27
2006-01-15,21.42,0.15,92.14,1.11
2006-01-16,21.38,4.63,91.55,1.24
2006-01-17,21.28,0.34,88.58,1.07
2006-01-18,20.5,0.0,81.17,1.09
2006-01-19,18.53,0.0,75.78,1.06
2006-01-20,18.73,0.0,71.53,1.13
2006-01-21,18.88,0.0,72.91,1.13
2006-01-22,19.3,0.0,69.09,1.01
2006-01-23,19.18,0.0,64.01,0.91
2006-01-24,19.4,0.0,67.08,0.91
2006-01-25,19.41,0.0,75.35,1.02
2006-01-26,18.28,0.0,79.53,1.28
2006-01-27,19.1,0.06,88.1,1.51
2006-01-28,19.32,0.0,86.72,1.31
2006-01-29,18.06,0.0,78.5,1.31
2006-01-30,17.28,0.0,80.51,1.17
2006-01-31,18.06,0.0,83.79,1.3
2006-02-01,18.41,0.0,84.19,1.33
2006-02-02,18.95,0.0,84.45,1.33
2006-02-03,20.03,0.03,85.67,1.44
2006-02-04,21.12,0.07,87.09,1.66
2006-02-05,20.97,0.0,84.68,1.52
2006-02-06,19.34,0.0,75.1,1.4
2006-02-07,18.48,0.0,71.83,1.37
2006-02-08,18.33,0.0,72.06,1.26
2006-02-09,19.89,0.0,80.55,1.13
2006-02-10,20.35,0.01,73.72,1.27
2006-02-11,20.01,0.0,73.39,1.3
2006-02-12,20.34,0.0,77.76,1.38
2006-02-13,19.11,0.0,75.33,1.26
2006-02-14,19.89,0.0,64.16,1.11
2006-02-15,21.54,0.0,61.0,0.94
2006-02-16,21.87,0.0,62.22,1.05
2006-02-17,22.22,0.0,59.11,1.11
2006-02-18,21.89,0.0,61.75,1.24
2006-02-19,21.86,0.0,63.69,1.18
2006-02-20,22.33,0.0,56.92,1.31
2006-02-21,21.83,0.0,54.16,1.27
2006-02-22,21.41,0.0,56.38,1.25
2006-02-23,21.73,0.0,55.29,1.33
2006-02-24,21.67,0.0,58.05,1.18
2006-02-25,22.96,0.0,65.61,1.04
2006-02-26,23.76,0.0,61.08,1.16
2006-02-27,24.31,0.0,65.88,1.04
2006-02-28,25.51,0.0,66.54,0.75
2006-03-01,25.52,0.0,66.92,1.05
2006-03-02,25.24,0.12,68.94,1.16
2006-03-03,23.59,43.8,83.57,0.91
2006-03-04,22.79,4.25,82.79,1.13
2006-03-05,24.47,1.22,76.05,0.95
2006-03-06,23.91,2.54,81.05,0.92
2006-03-07,23.82,0.45,75.64,0.81
2006-03-08,23.92,0.08,73.73,1.2
2006-03-09,23.29,5.22,83.76,1.01
2006-03-10,24.14,1.18,78.93,0.8
2006-03-11,24.93,7.24,77.34,0.6
2006-03-12,24.49,1.0,77.22,0.92
2006-03-13,25.5,0.0,71.39,0.52
2006-03-14,24.29,0.0,77.06,0.86
2006-03-15,25.13,0.1,71.04,0.79
2006-03-16,24.18,0.01,73.1,0.62
2006-03-17,24.59,0.0,71.69,1.0
2006-03-18,24.85,0.0,69.48,1.25
2006-03-19,24.39,0.0,68.21,1.41
2006-03-20,24.6,0.0,64.99,1.33
2006-03-21,24.71,0.01,62.78,1.34
2006-03-22,24.99,0.06,58.33,1.3
2006-03-23,26.15,0.12,57.85,1.44
2006-03-24,26.44,0.35,59.54,1.21
2006-03-25,26.28,0.0,61.18,1.1
2006-03-26,26.22,1.5,62.33,1.11
2006-03-27,26.69,0.14,58.53,1.22
2006-03-28,26.16,0.0,52.15,1.35
2006-03-29,26.09,0.0,59.41,1.2
2006-03-30,25.46,0.57,71.64,1.09
2006-03-31,26.34,0.07,65.22,1.31
2006-04-01,26.33,0.0,56.84,1.4
2006-04-02,26.34,0.0,54.84,1.38
2006-04-03,26.48,0.0,56.72,1.28
2006-04-04,27.05,0.0,55.86,1.25
2006-04-05,27.28,0.0,55.03,1.37
2006-04-06,28.22,0.0,54.38,1.08
2006-04-07,28.5,0.0,54.09,1.14
2006-04-08,28.39,0.0,54.85,1.16
2006-04-09,27.95,0.0,53.49,1.44
2006-04-10,27.47,0.12,53.6,1.4
2006-04-11,28.17,0.12,55.73,1.0
2006-04-12,28.09,0.61,60.26,0.97
2006-04-13,27.51,6.46,63.52,0.8
2006-04-14,25.54,2.79,73.09,1.26
2006-04-15,26.01,0.31,69.18,0.48
2006-04-16,24.23,0.23,77.53,0.87
2006-04-17,24.43,20.45,78.45,1.01
2006-04-18,25.17,4.63,75.49,1.18
2006-04-19,26.16,0.44,68.7,1.08
2006-04-20,25.96,0.68,68.98,1.23
2006-04-21,26.41,1.57,65.14,1.0
2006-04-22,27.12,0.47,57.64,1.21
2006-04-23,26.8,0.0,56.0,1.33
2006-04-24,27.11,0.0,56.19,1.45
2006-04-25,28.07,0.37,57.37,1.04
2006-04-26,28.37,0.08,60.63,0.93
2006-04-27,28.75,0.0,60.03,0.76
2006-04-28,27.54,0.0,65.63,1.19
2006-04-29,27.08,0.0,65.02,1.3
2006-04-30,28.71,0.0,58.43,1.22
2006-05-01,28.79,0.0,58.28,1.62
2006-05-02,28.66,0.01,60.55,1.12
2006-05-03,27.94,0.09,62.78,1.11
2006-05-04,26.61,0.39,67.16,1.02
2006-05-05,26.52,0.1,68.78,0.84
2006-05-06,27.46,0.0,63.6,0.64
2006-05-07,27.55,0.22,61.38,0.94
2006-05-08,27.65,0.26,62.4,1.33
2006-05-09,28.15,0.16,56.74,1.36
2006-05-10,27.73,0.49,60.69,0.94
2006-05-11,28.9,0.26,57.28,0.94
2006-05-12,28.98,0.07,56.0,0.95
2006-05-13,28.51,0.0,56.54,1.17
2006-05-14,28.56,0.22,55.21,1.04
2006-05-15,27.28,1.91,63.93,1.31
2006-05-16,27.21,12.09,68.07,1.1
2006-05-17,27.2,1.35,67.18,0.95
2006-05-18,23.97,37.87,84.73,1.4
2006-05-19,24.22,2.09,77.65,2.15
2006-05-20,25.62,0.0,65.28,2.17
2006-05-21,25.19,5.02,73.27,2.02
2006-05-22,25.55,12.38,73.39,2.21
2006-05-23,24.93,15.44,77.6,2.19
2006-05-24,24.81,6.32,75.59,2.75
2006-05-25,24.88,4.11,75.6,3.33
2006-05-26,23.62,16.04,77.91,3.11
2006-05-27,22.77,15.03,80.75,3.6
2006-05-28,24.0,15.51,78.7,3.8
2006-05-29,23.87,17.47,78.25,4.15
2006-05-30,24.27,25.81,79.91,4.0
2006-05-31,23.65,21.63,80.85,3.25
2006-06-01,23.79,0.59,78.08,2.99
2006-06-02,24.03,1.3,79.6,2.14
2006-06-03,24.31,0.75,77.64,2.42
2006-06-04,23.63,1.54,73.9,2.78
2006-06-05,23.18,3.04,76.93,2.63
2006-06-06,23.5,0.15,78.2,1.94
2006-06-07,23.23,0.06,75.1,1.9
2006-06-08,24.04,0.02,73.43,1.96
2006-06-09,24.17,0.17,74.47,1.69
2006-06-10,24.18,0.0,73.25,1.86
2006-06-11,23.85,0.0,73.9,1.9
2006-06-12,24.83,0.0,71.65,1.72
2006-06-13,25.11,0.1,71.23,1.6
2006-06-14,25.68,0.02,68.46,1.4
2006-06-15,25.68,2.15,74.61,1.13
2006-06-16,24.61,2.55,80.11,1.36
2006-06-17,24.31,0.18,74.62,1.28
2006-06-18,24.93,0.2,74.13,0.88
2006-06-19,25.44,0.41,73.04,0.95
2006-06-20,23.99,22.18,81.28,1.07
2006-06-21,23.91,30.19,83.0,1.13
2006-06-22,23.62,21.99,86.3,1.89
2006-06-23,23.74,26.04,83.33,3.5
2006-06-24,23.97,9.29,80.3,3.89
2006-06-25,23.13,5.95,79.53,4.19
2006-06-26,22.89,3.21,82.13,2.97
2006-06-27,23.96,1.52,81.72,2.44
2006-06-28,23.31,3.03,80.58,3.73
2006-06-29,23.05,21.14,80.88,3.61
2006-06-30,23.42,3.18,81.28,3.18
2006-07-01,23.11,0.68,78.77,4.69
2006-07-02,22.92,1.52,79.46,4.63
2006-07-03,22.9,7.59,79.65,4.8
2006-07-04,22.8,9.07,80.56,4.68
2006-07-05,23.28,7.08,79.18,4.23
2006-07-06,23.29,3.95,79.85,3.49
2006-07-07,23.38,6.41,80.42,3.13
2006-07-08,23.91,1.86,79.62,3.2
2006-07-09,23.23,0.62,79.98,3.23
2006-07-10,23.35,24.08,80.14,3.4
2006-07-11,23.09,13.77,82.81,3.14
2006-07-12,22.53,12.96,86.71,2.75
2006-07-13,22.4,8.11,83.97,3.43
2006-07-14,22.59,1.65,82.87,3.3
2006-07-15,23.07,2.78,82.94,3.83
2006-07-16,23.37,1.08,80.35,3.98
2006-07-17,23.19,2.82,80.78,4.11
2006-07-18,22.35,1.05,83.04,3.66
2006-07-19,23.02,0.58,80.47,2.97
2006-07-20,23.16,2.69,80.26,2.94
2006-07-21,23.24,0.57,78.64,2.99
2006-07-22,22.78,0.04,78.61,2.42
2006-07-23,23.76,0.0,76.5,2.35
2006-07-24,23.47,0.0,78.08,1.88
2006-07-25,23.51,1.03,81.45,1.21
2006-07-26,22.7,1.43,83.79,1.62
2006-07-27,21.86,3.79,82.8,2.74
2006-07-28,21.66,2.61,78.19,3.88
2006-07-29,22.59,2.81,79.18,3.01
2006-07-30,23.0,0.78,79.72,2.43
2006-07-31,22.52,0.86,81.53,2.7
2006-08-01,22.86,0.46,80.27,2.38
2006-08-02,23.57,0.28,75.04,3.12
2006-08-03,22.42,0.8,76.93,3.7
2006-08-04,22.04,0.83,78.14,3.02
2006-08-05,22.32,0.29,76.53,2.6
2006-08-06,23.4,0.01,75.88,1.92
2006-08-07,23.88,0.18,76.11,1.97
2006-08-08,23.13,0.52,76.73,2.1
2006-08-09,22.94,10.53,79.74,2.52
2006-08-10,22.19,20.04,82.19,3.09
2006-08-11,23.55,12.26,81.17,3.45
2006-08-12,22.91,12.36,82.05,3.58
2006-08-13,22.27,4.61,82.74,3.68
2006-08-14,22.74,13.75,81.51,3.37
2006-08-15,23.16,15.63,81.71,3.66
2006-08-16,21.49,8.73,79.73,4.8
2006-08-17,22.65,3.25,78.67,4.11
2006-08-18,22.58,6.87,80.52,2.92
2006-08-19,23.71,0.33,80.79,1.75
2006-08-20,23.28,22.39,83.92,1.14
2006-08-21,22.74,14.22,88.89,0.96
2006-08-22,22.81,1.02,85.98,0.95
2006-08-23,23.46,0.76,80.51,1.11
2006-08-24,23.09,10.78,82.15,1.2
2006-08-25,23.56,5.82,82.49,1.12
2006-08-26,22.02,0.0,80.85,1.77
2006-08-27,21.58,0.0,81.92,2.13
2006-08-28,22.59,0.44,80.0,2.59
2006-08-29,22.58,0.82,81.72,2.59
2006-08-30,23.51,0.08,78.99,1.98
2006-08-31,23.61,0.5,80.58,1.42
2006-09-01,23.62,12.68,82.44,1.28
2006-09-02,23.49,7.92,84.25,0.84
2006-09-03,23.6,0.92,87.35,0.77
2006-09-04,23.8,2.57,81.89,0.74
2006-09-05,22.73,0.22,84.14,1.17
2006-09-06,23.19,0.72,83.05,0.85
2006-09-07,23.2,5.77,88.6,0.63
2006-09-08,23.74,7.44,86.1,1.27
2006-09-09,22.67,13.51,87.0,1.43
2006-09-10,22.89,5.32,86.92,1.73
2006-09-11,22.59,11.32,86.64,2.27
2006-09-12,22.91,12.04,83.03,2.7
2006-09-13,22.7,11.26,83.4,2.97
2006-09-14,22.0,2.18,84.14,2.61
2006-09-15,22.64,20.21,84.83,2.37
2006-09-16,22.28,20.7,88.8,2.06
2006-09-17,22.3,4.62,87.43,2.1
2006-09-18,22.66,14.04,86.39,2.24
2006-09-19,22.71,2.63,83.35,2.5
2006-09-20,22.7,0.33,86.1,1.78
2006-09-21,22.46,11.19,86.92,1.81
2006-09-22,22.65,4.94,85.81,1.69
2006-09-23,22.61,0.61,87.55,1.32
2006-09-24,22.49,27.88,88.07,1.49
2006-09-25,21.33,27.31,89.31,1.38
2006-09-26,21.75,1.13,83.67,2.69
2006-09-27,21.9,0.34,82.17,2.04
2006-09-28,22.34,0.42,79.74,2.08
2006-09-29,21.84,0.75,82.56,1.74
2006-09-30,22.85,0.54,82.24,1.85
2006-10-01,22.33,0.32,82.0,2.07
2006-10-02,22.28,0.08,82.16,1.65
2006-10-03,23.4,0.04,80.96,1.16
2006-10-04,23.26,6.7,83.57,1.52
2006-10-05,23.27,0.61,83.34,1.73
2006-10-06,22.92,20.75,85.63,1.81
2006-10-07,22.54,55.9,91.98,1.52
2006-10-08,22.2,8.31,85.64,2.27
2006-10-09,21.59,0.77,87.5,1.52
2006-10-10,22.9,5.24,87.79,0.83
2006-10-11,22.27,0.35,88.49,0.99
2006-10-12,23.09,1.83,85.9,0.61
2006-10-13,23.09,0.63,80.82,0.76
2006-10-14,22.48,7.88,85.53,0.82
2006-10-15,23.23,15.47,86.34,0.98
2006-10-16,23.04,9.17,86.9,1.05
2006-10-17,22.85,5.76,89.53,1.21
2006-10-18,23.11,35.65,89.06,1.16
2006-10-19,22.55,21.33,90.81,1.12
2006-10-20,22.05,14.81,90.09,1.23
2006-10-21,22.09,3.39,88.03,1.16
2006-10-22,21.81,4.91,88.1,1.23
2006-10-23,21.69,12.89,91.66,1.39
2006-10-24,21.68,10.09,91.11,1.44
2006-10-25,21.7,2.47,89.91,1.51
2006-10-26,22.21,23.23,92.35,1.38
2006-10-27,21.92,22.92,93.47,1.34
2006-10-28,22.48,30.95,87.7,0.46
2006-10-29,22.18,8.8,90.92,1.06
2006-10-30,22.53,8.84,91.11,0.67
2006-10-31,21.87,1.02,93.35,1.12
2006-11-01,22.64,4.0,88.85,0.93
2006-11-02,22.49,9.38,91.56,1.17
2006-11-03,21.67,5.67,92.72,1.15
2006-11-04,20.89,3.49,92.96,0.87
2006-11-05,22.1,0.47,89.41,1.03
2006-11-06,21.37,28.25,92.42,0.77
2006-11-07,20.66,5.84,95.5,1.09
2006-11-08,21.05,7.05,92.59,0.96
2006-11-09,21.23,12.23,93.98,0.86
2006-11-10,21.63,14.2,91.31,0.9
2006-11-11,21.62,8.14,91.89,1.13
2006-11-12,21.83,0.66,91.29,1.14
2006-11-13,21.46,0.7,92.18,1.14
2006-11-14,21.72,5.6,92.15,1.37
2006-11-15,21.8,1.96,91.99,1.45
2006-11-16,21.9,0.9,90.4,1.27
2006-11-17,21.36,14.2,94.24,1.17
2006-11-18,21.8,22.67,92.31,0.96
2006-11-19,22.21,5.56,92.18,1.13
2006-11-20,21.95,3.51,92.18,1.11
2006-11-21,21.69,16.3,93.05,1.48
2006-11-22,20.82,6.51,93.78,1.0
2006-11-23,21.67,12.17,90.41,0.89
2006-11-24,21.45,5.93,90.93,0.95
2006-11-25,21.31,0.13,90.39,1.0
2006-11-26,22.4,7.27,90.68,1.06
2006-11-27,21.75,7.05,93.24,1.16
2006-11-28,21.8,0.61,90.51,1.18
2006-11-29,21.02,0.02,89.98,1.37
2006-11-30,20.97,0.0,90.64,1.42
2006-12-01,19.68,0.0,89.62,1.42
2006-12-02,19.54,0.04,87.71,1.19
2006-12-03,19.66,0.1,90.39,1.56
2006-12-04,19.36,0.08,90.63,1.51
2006-12-05,19.62,0.0,89.88,1.62
2006-12-06,18.9,0.0,86.83,1.33
2006-12-07,18.61,0.0,86.88,1.36
2006-12-08,18.67,0.0,86.03,1.29
2006-12-09,18.98,0.05,85.6,1.11
2006-12-10,20.52,1.57,90.86,1.23
2006-12-11,21.96,4.21,90.7,1.01
2006-12-12,22.09,1.46,91.55,1.3
2006-12-13,20.86,0.02,90.27,1.61
2006-12-14,19.61,0.0,88.22,1.66
2006-12-15,19.19,0.0,88.19,1.47
2006-12-16,18.13,0.0,87.79,1.7
2006-12-17,18.11,0.0,89.02,1.63
2006-12-18,19.46,0.0,88.12,1.29
2006-12-19,19.98,0.04,87.97,1.33
2006-12-20,19.62,0.17,89.6,1.3
2006-12-21,19.61,0.08,89.75,1.53
2006-12-22,19.77,0.0,88.53,1.69
2006-12-23,19.93,0.06,87.91,1.69
2006-12-24,19.76,0.0,88.67,1.52
2006-12-25,19.14,0.01,87.97,1.41
2006-12-26,18.94,0.0,86.39,1.34
2006-12-27,18.99,0.0,87.55,1.25
2006-12-28,18.8,0.0,85.96,1.27
2006-12-29,18.28,0.0,82.96,1.19
2006-12-30,18.05,0.0,79.14,1.12
2006-12-31,17.94,0.0,81.43,1.03
2007-01-01,18.99,0.0,84.9,1.13
2007-01-02,18.32,0.0,78.08,1.14
2007-01-03,18.05,0.0,81.83,1.04
2007-01-04,18.94,0.0,81.34,1.0
2007-01-05,18.25,0.0,81.91,1.05
2007-01-06,18.4,0.0,84.79,1.31
2007-01-07,18.39,0.0,84.33,1.36
2007-01-08,19.4,0.01,86.27,1.36
2007-01-09,20.72,0.0,86.82,1.61
2007-01-10,20.63,0.0,85.92,1.4
2007-01-11,21.2,0.0,86.44,1.24
2007-01-12,20.52,0.0,83.83,1.24
2007-01-13,19.65,0.0,76.06,1.2
2007-01-14,19.95,0.0,81.3,1.24
2007-01-15,21.3,0.0,84.62,1.25
2007-01-16,20.99,0.0,78.61,1.2
2007-01-17,20.57,0.0,75.62,1.16
2007-01-18,19.44,0.0,69.51,1.36
2007-01-19,19.05,0.0,72.24,1.2
2007-01-20,19.72,0.0,75.88,1.21
2007-01-21,19.69,0.0,77.24,1.32
2007-01-22,20.09,0.0,70.17,1.26
2007-01-23,20.08,0.0,67.24,1.24
2007-01-24,20.2,0.0,77.32,1.43
2007-01-25,20.82,0.0,75.99,1.45
2007-01-26,21.37,0.0,76.06,1.4
2007-01-27,21.47,3.34,85.62,1.68
2007-01-28,21.79,1.32,82.46,1.82
2007-01-29,22.2,0.01,76.62,1.85
2007-01-30,21.75,0.0,77.76,1.59
2007-01-31,21.03,0.0,72.91,1.46
2007-02-01,20.69,0.0,66.68,1.27
2007-02-02,20.46,0.0,75.62,1.43
2007-02-03,21.04,0.0,71.83,1.24
2007-02-04,21.64,0.0,70.52,1.11
2007-02-05,22.09,0.05,64.76,1.05
2007-02-06,21.15,0.01,58.86,1.21
2007-02-07,20.81,0.0,58.67,1.23
2007-02-08,20.98,0.0,65.46,1.18
2007-02-09,20.68,0.02,72.2,1.4
2007-02-10,21.75,0.07,79.56,1.48
2007-02-11,22.72,0.0,75.21,1.05
2007-02-12,24.05,0.02,69.86,0.65
2007-02-13,24.45,0.01,65.36,0.94
2007-02-14,24.14,0.0,58.37,0.82
2007-02-15,24.13,0.0,57.82,0.71
2007-02-16,24.36,0.0,58.31,0.84
2007-02-17,24.0,0.14,63.79,0.7
2007-02-18,22.98,0.24,73.55,1.29
2007-02-19,22.55,0.36,74.83,1.64
2007-02-20,22.47,0.02,69.06,1.72
2007-02-21,21.75,0.0,62.79,1.47
2007-02-22,21.14,0.0,63.14,1.46
2007-02-23,21.55,0.0,62.74,1.27
2007-02-24,22.33,0.02,61.14,1.16
2007-02-25,23.4,0.11,66.07,0.72
2007-02-26,25.16,0.11,66.0,0.98
2007-02-27,25.73,0.15,63.05,0.93
2007-02-28,25.36,0.0,60.35,1.07
2007-03-01,25.82,0.0,56.75,0.69
2007-03-02,25.73,0.34,64.35,0.72
2007-03-03,25.75,0.02,62.37,1.13
2007-03-04,24.96,0.0,60.18,1.3
2007-03-05,24.99,0.0,56.23,1.13
2007-03-06,24.86,0.0,56.57,1.22
2007-03-07,24.95,0.0,53.72,1.05
2007-03-08,24.77,0.39,53.07,1.12
2007-03-09,24.65,0.0,56.62,1.22
2007-03-10,25.19,0.0,58.48,1.19
2007-03-11,25.27,0.0,56.05,1.32
2007-03-12,24.63,0.0,50.27,1.24
2007-03-13,24.99,0.02,62.45,1.23
2007-03-14,26.24,0.0,58.24,1.22
2007-03-15,26.14,0.0,54.94,1.33
2007-03-16,26.83,0.0,58.11,1.44
2007-03-17,27.12,0.0,60.0,1.4
2007-03-18,26.69,0.0,51.46,1.33
2007-03-19,26.76,0.0,40.44,1.3
2007-03-20,26.59,0.0,40.99,1.52
2007-03-21,27.29,0.0,40.84,1.22
2007-03-22,27.36,0.0,42.75,1.39
2007-03-23,26.61,0.0,45.68,1.47
2007-03-24,27.59,0.0,41.48,1.53
2007-03-25,28.49,0.0,39.99,1.32
2007-03-26,28.65,0.0,41.69,1.36
2007-03-27,28.3,0.0,41.01,1.64
2007-03-28,27.83,0.0,41.89,1.41
2007-03-29,27.56,0.0,39.48,1.45
2007-03-30,27.2,0.0,42.4,1.5
2007-03-31,27.71,0.0,44.21,1.37
2007-04-01,27.87,0.06,53.16,1.33
2007-04-02,29.22,0.01,49.64,1.18
2007-04-03,29.06,0.0,40.0,1.59
2007-04-04,28.72,0.0,41.93,1.84
2007-04-05,27.52,0.01,54.6,1.64
2007-04-06,26.08,0.49,60.67,1.53
2007-04-07,26.59,2.89,62.05,1.43
2007-04-08,26.57,2.54,64.66,0.96
2007-04-09,26.14,5.97,68.48,1.3
2007-04-10,25.73,2.67,70.36,1.13
2007-04-11,25.79,2.88,70.69,0.94
2007-04-12,26.14,3.51,71.14,0.83
2007-04-13,26.07,6.57,67.42,0.97
2007-04-14,26.63,7.98,67.41,1.1
2007-04-15,26.21,2.79,67.51,1.14
2007-04-16,27.09,0.08,59.8,1.22
2007-04-17,26.67,3.93,66.4,0.68
2007-04-18,27.01,2.12,65.64,0.67
2007-04-19,27.54,0.07,63.41,0.7
2007-04-20,27.62,0.07,63.26,0.84
2007-04-21,27.07,7.82,68.51,1.03
2007-04-22,26.3,1.29,72.01,0.54
2007-04-23,26.69,4.43,68.32,0.77
2007-04-24,25.89,1.64,70.39,0.84
2007-04-25,27.55,0.01,58.78,1.42
2007-04-26,27.35,0.09,62.37,0.92
2007-04-27,26.23,2.9,71.83,1.14
2007-04-28,27.67,1.2,63.99,0.99
2007-04-29,27.88,1.45,62.54,1.21
2007-04-30,27.85,0.37,61.92,1.17
2007-05-01,28.91,0.05,56.13,0.85
2007-05-02,27.79,3.6,64.87,1.31
2007-05-03,25.2,10.82,79.65,1.72
2007-05-04,27.47,0.28,65.34,1.2
2007-05-05,26.02,11.79,75.89,0.75
2007-05-06,26.82,1.4,71.62,0.66
2007-05-07,27.52,0.01,65.15,0.91
2007-05-08,25.8,3.89,76.68,0.91
2007-05-09,24.76,4.28,83.0,1.21
2007-05-10,25.7,0.41,72.2,2.15
2007-05-11,27.33,0.01,64.04,2.56
2007-05-12,25.46,0.0,70.02,2.35
2007-05-13,26.42,0.07,68.47,1.91
2007-05-14,27.72,0.01,63.26,2.77
2007-05-15,27.4,0.0,62.41,2.36
2007-05-16,26.02,0.0,63.88,1.48
2007-05-17,27.88,0.0,57.33,1.25
2007-05-18,27.8,0.0,56.77,1.36
2007-05-19,27.73,0.0,56.69,0.86
2007-05-20,28.44,0.0,57.13,1.27
2007-05-21,28.39,0.0,57.62,1.38
2007-05-22,27.96,1.92,63.29,0.96
2007-05-23,27.57,1.04,66.25,0.96
2007-05-24,25.74,2.94,74.98,1.11
2007-05-25,26.2,0.2,69.16,1.06
2007-05-26,26.37,5.07,71.18,1.29
2007-05-27,25.98,11.19,74.37,1.33
2007-05-28,24.48,4.44,75.51,2.23
2007-05-29,24.32,4.44,75.22,1.88
2007-05-30,24.99,4.12,75.52,1.63
2007-05-31,25.47,0.21,72.35,1.48
2007-06-01,27.01,0.0,64.25,1.63
2007-06-02,27.45,0.01,63.66,1.29
2007-06-03,27.31,0.0,62.34,1.43
2007-06-04,27.83,0.01,60.35,1.01
2007-06-05,25.56,1.05,73.0,1.09
2007-06-06,26.34,1.32,69.28,0.85
2007-06-07,24.99,3.3,76.67,1.05
2007-06-08,24.92,15.07,80.2,1.24
2007-06-09,24.47,2.58,79.56,1.62
2007-06-10,25.32,1.34,74.46,2.11
2007-06-11,25.18,3.46,77.71,2.06
2007-06-12,24.63,4.11,76.94,2.14
2007-06-13,25.11,2.87,78.54,1.64
2007-06-14,24.19,1.11,79.67,1.85
2007-06-15,24.23,7.51,80.72,1.76
2007-06-16,23.53,2.76,81.24,2.36
2007-06-17,24.51,11.53,77.83,2.06
2007-06-18,23.71,7.64,81.79,2.69
2007-06-19,23.52,6.21,81.13,2.65
2007-06-20,23.2,4.98,75.75,4.04
2007-06-21,23.65,12.32,76.26,3.25
2007-06-22,23.8,18.68,82.1,4.25
2007-06-23,23.28,11.62,80.17,3.87
2007-06-24,24.21,0.76,75.37,2.77
2007-06-25,23.34,0.04,76.36,2.65
2007-06-26,24.25,1.03,76.3,2.33
2007-06-27,23.63,0.2,71.11,3.2
2007-06-28,23.75,1.07,75.07,3.68
2007-06-29,23.74,3.52,68.82,4.03
2007-06-30,23.52,4.5,76.04,3.43
2007-07-01,24.07,5.47,77.86,3.32
2007-07-02,24.21,10.91,77.72,2.98
2007-07-03,23.64,6.2,79.52,2.61
2007-07-04,23.45,1.23,80.46,2.64
2007-07-05,23.1,1.84,77.21,3.13
2007-07-06,22.44,2.19,76.22,4.11
2007-07-07,23.78,3.04,74.53,3.47
2007-07-08,23.48,1.79,77.23,3.3
2007-07-09,23.33,10.8,79.83,2.95
2007-07-10,23.52,4.37,82.54,2.79
2007-07-11,24.14,4.91,79.98,2.73
2007-07-12,23.72,3.98,82.06,2.91
2007-07-13,24.09,1.6,79.54,3.17
2007-07-14,24.07,0.73,78.46,3.47
2007-07-15,23.84,2.43,78.94,3.51
2007-07-16,23.67,16.52,83.54,3.01
2007-07-17,23.12,7.5,79.61,3.32
2007-07-18,23.63,7.46,80.01,1.97
2007-07-19,22.68,9.93,87.44,1.31
2007-07-20,22.78,9.5,83.69,1.93
2007-07-21,22.81,3.33,84.28,1.77
2007-07-22,22.69,0.99,82.11,1.75
2007-07-23,22.86,5.23,79.91,0.99
2007-07-24,23.04,9.42,84.15,1.25
2007-07-25,22.93,3.43,85.04,1.45
2007-07-26,23.2,2.82,83.91,1.5
2007-07-27,23.19,4.09,83.95,1.77
2007-07-28,22.95,2.17,85.32,1.69
2007-07-29,23.29,1.11,80.26,1.71
2007-07-30,22.94,2.65,82.42,1.39
2007-07-31,22.61,17.88,82.59,1.79
2007-08-01,22.6,3.69,82.55,2.21
2007-08-02,22.62,4.66,81.57,2.52
2007-08-03,23.29,0.53,80.83,2.24
2007-08-04,23.34,1.97,80.48,2.52
2007-08-05,22.7,5.36,80.41,3.51
2007-08-06,22.27,1.92,79.76,3.48
2007-08-07,22.88,1.06,79.34,3.46
2007-08-08,23.13,7.18,81.53,3.05
2007-08-09,22.84,9.9,82.97,3.32
2007-08-10,22.76,5.85,79.79,3.39
2007-08-11,22.17,1.15,79.0,2.69
2007-08-12,22.43,0.16,79.8,2.26
2007-08-13,22.65,0.0,76.09,2.23
2007-08-14,22.71,0.0,75.3,1.85
2007-08-15,23.83,0.61,75.56,1.1
2007-08-16,23.88,6.43,82.98,0.79
2007-08-17,23.72,0.59,84.53,1.17
2007-08-18,24.05,1.65,78.34,1.66
2007-08-19,24.16,0.15,76.52,1.72
2007-08-20,23.54,2.73,78.64,1.9
2007-08-21,22.83,6.85,84.22,1.82
2007-08-22,22.89,0.44,79.31,1.6
2007-08-23,22.9,7.41,83.04,1.16
2007-08-24,22.8,8.54,85.31,1.16
2007-08-25,22.61,2.57,88.6,1.13
2007-08-26,22.96,2.95,83.52,1.64
2007-08-27,23.44,0.84,80.2,1.57
2007-08-28,23.68,7.15,83.61,1.59
2007-08-29,23.08,5.64,83.29,2.25
2007-08-30,22.59,4.62,82.85,2.16
2007-08-31,21.99,3.82,82.84,2.61
2007-09-01,21.97,1.96,83.45,2.32
2007-09-02,22.4,1.64,83.71,2.03
2007-09-03,22.69,0.07,81.22,1.93
2007-09-04,22.78,6.46,80.97,1.74
2007-09-05,22.77,5.92,82.48,2.28
2007-09-06,22.74,2.08,82.81,2.22
2007-09-07,23.27,0.62,82.94,1.35
2007-09-08,23.04,0.87,85.79,0.9
2007-09-09,23.66,7.79,81.59,0.99
2007-09-10,23.84,7.76,82.76,0.97
2007-09-11,23.98,15.78,84.7,0.73
2007-09-12,23.92,5.89,84.25,1.22
2007-09-13,23.35,10.32,86.32,1.12
2007-09-14,22.48,8.41,89.37,0.79
2007-09-15,22.97,8.64,84.2,1.85
2007-09-16,22.99,11.31,87.3,1.43
2007-09-17,22.96,6.79,86.21,1.94
2007-09-18,21.42,3.5,83.6,3.2
2007-09-19,22.56,3.49,82.37,3.01
2007-09-20,23.07,2.19,82.79,2.9
2007-09-21,22.99,3.07,82.99,2.75
2007-09-22,23.1,4.89,83.88,2.88
2007-09-23,23.1,5.17,82.82,3.24
2007-09-24,22.59,5.36,83.52,3.33
2007-09-25,22.95,6.81,84.76,2.85
2007-09-26,22.62,0.18,84.5,1.49
2007-09-27,23.19,1.68,84.5,1.3
2007-09-28,22.87,0.96,83.71,1.49
2007-09-29,22.86,0.13,81.15,2.0
2007-09-30,23.36,0.67,81.81,1.72
2007-10-01,21.92,1.84,86.64,1.97
2007-10-02,21.28,1.91,85.69,1.64
2007-10-03,22.86,0.34,77.69,1.72
2007-10-04,23.09,0.17,79.26,2.08
2007-10-05,22.11,0.24,79.03,2.0
2007-10-06,21.72,0.2,82.03,1.87
2007-10-07,21.95,4.86,81.5,2.06
2007-10-08,22.01,0.87,80.15,1.91
2007-10-09,23.36,0.0,75.9,0.9
2007-10-10,24.51,2.23,73.69,0.7
2007-10-11,23.48,10.11,82.88,0.94
2007-10-12,23.71,1.45,82.4,0.34
2007-10-13,24.02,7.35,80.92,0.6
2007-10-14,23.24,1.74,84.66,0.85
2007-10-15,23.54,4.48,82.66,0.92
2007-10-16,22.73,2.94,85.71,0.8
2007-10-17,22.63,5.46,86.18,1.02
2007-10-18,22.35,8.45,86.39,0.92
2007-10-19,22.38,35.1,88.24,1.08
2007-10-20,22.07,9.99,88.61,1.32
2007-10-21,21.65,9.93,88.7,0.53
2007-10-22,21.99,13.32,89.72,1.0
2007-10-23,20.96,23.31,92.7,1.23
2007-10-24,21.35,15.48,90.81,1.77
2007-10-25,21.98,6.25,91.58,1.34
2007-10-26,21.68,10.17,87.52,1.03
2007-10-27,22.09,4.29,87.46,0.5
2007-10-28,21.73,5.16,89.38,0.83
2007-10-29,21.47,13.94,88.92,1.09
2007-10-30,22.25,3.61,86.47,1.44
2007-10-31,22.32,0.26,85.64,1.14
2007-11-01,22.5,0.82,82.73,0.8
2007-11-02,22.6,4.39,84.36,0.85
2007-11-03,22.2,5.09,88.83,1.17
2007-11-04,21.41,1.06,91.31,0.93
2007-11-05,21.33,0.16,86.33,0.89
2007-11-06,22.53,17.81,84.92,0.79
2007-11-07,23.03,2.38,84.8,0.61
2007-11-08,22.49,13.84,86.68,0.95
2007-11-09,21.82,2.37,84.35,0.69
2007-11-10,21.71,0.92,85.84,0.99
2007-11-11,21.25,0.17,83.47,1.21
2007-11-12,21.5,0.24,83.91,1.29
2007-11-13,21.62,0.93,82.2,1.01
2007-11-14,21.25,0.28,74.0,1.04
2007-11-15,19.93,0.0,66.12,1.02
2007-11-16,19.99,0.0,57.95,1.02
2007-11-17,19.06,0.0,72.85,1.07
2007-11-18,19.26,0.03,72.09,1.1
2007-11-19,21.29,0.91,88.15,1.07
2007-11-20,22.0,10.17,90.13,1.34
2007-11-21,21.67,5.99,90.66,1.47
2007-11-22,21.49,0.68,87.82,1.38
2007-11-23,21.64,0.02,85.94,0.95
2007-11-24,20.63,4.14,80.33,1.1
2007-11-25,19.2,0.17,68.47,1.13
2007-11-26,19.43,0.0,74.48,1.15
2007-11-27,21.48,0.05,81.23,1.13
2007-11-28,22.01,0.15,85.13,1.17
2007-11-29,21.91,8.97,88.19,1.34
2007-11-30,20.05,1.58,85.88,1.47
2007-12-01,20.26,0.0,85.16,1.41
2007-12-02,20.98,0.0,84.04,1.47
2007-12-03,21.08,0.07,86.14,1.73
2007-12-04,20.41,0.01,80.49,1.92
2007-12-05,20.35,0.4,84.32,2.14
2007-12-06,19.89,0.7,88.28,1.9
2007-12-07,20.57,0.23,83.8,1.56
2007-12-08,20.9,0.12,84.64,1.42
2007-12-09,21.37,0.02,83.15,1.25
2007-12-10,21.25,0.0,82.52,1.24
2007-12-11,20.49,0.01,79.15,1.32
2007-12-12,20.46,0.31,82.17,1.15
2007-12-13,19.07,4.04,89.61,1.21
2007-12-14,19.66,7.0,93.79,1.65
2007-12-15,20.96,0.54,86.36,1.98
2007-12-16,21.27,0.08,80.87,2.11
2007-12-17,20.53,3.8,86.37,1.75
2007-12-18,20.36,20.78,91.57,3.12
2007-12-19,21.23,46.17,95.77,2.2
2007-12-20,20.49,10.32,94.48,1.83
2007-12-21,20.44,0.96,92.97,1.28
2007-12-22,20.63,0.0,87.1,1.36
2007-12-23,20.12,0.01,84.81,1.21
2007-12-24,18.83,0.01,73.41,0.96
2007-12-25,18.95,0.0,63.41,1.04
2007-12-26,19.43,0.0,65.25,1.11
2007-12-27,19.86,0.0,78.82,1.12
2007-12-28,20.56,0.0,78.49,0.99
2007-12-29,20.74,0.0,75.57,0.98
2007-12-30,20.46,0.0,80.08,1.16
2007-12-31,20.05,0.0,82.98,1.21
2008-01-01,19.4,0.0,81.39,1.45
2008-01-02,18.6,0.01,78.95,1.38
2008-01-03,19.62,0.01,80.19,1.14
2008-01-04,21.42,0.25,83.84,1.34
2008-01-05,21.7,1.23,85.99,1.91
2008-01-06,20.17,0.03,76.81,1.59
2008-01-07,19.52,0.0,78.63,1.81
2008-01-08,19.47,0.0,79.99,1.56
2008-01-09,20.54,0.0,76.57,1.18
2008-01-10,21.14,0.0,75.33,1.13
2008-01-11,20.59,0.0,77.25,1.34
2008-01-12,19.81,0.0,78.0,1.46
2008-01-13,19.96,0.0,76.43,1.61
2008-01-14,19.67,0.0,75.36,1.35
2008-01-15,19.53,0.0,73.86,1.43
2008-01-16,19.55,0.0,75.25,1.47
2008-01-17,19.44,0.0,72.94,1.48
2008-01-18,19.72,0.0,67.97,1.12
2008-01-19,19.59,0.0,69.35,0.97
2008-01-20,20.3,0.0,67.48,0.95
2008-01-21,21.44,0.0,76.64,1.25
2008-01-22,22.29,0.0,76.84,1.26
2008-01-23,21.54,0.0,70.83,1.16
2008-01-24,21.52,0.0,66.14,1.02
2008-01-25,22.05,0.0,63.95,0.88
2008-01-26,23.34,0.0,64.31,0.76
2008-01-27,23.35,0.0,67.6,0.75
2008-01-28,23.46,0.0,67.16,0.83
2008-01-29,23.78,0.0,70.88,0.7
2008-01-30,24.61,0.0,66.06,0.55
2008-01-31,24.38,0.0,63.91,0.69
2008-02-01,23.94,0.0,66.64,0.97
2008-02-02,24.07,0.0,69.34,0.78
2008-02-03,23.47,0.24,72.97,0.98
2008-02-04,24.21,0.06,72.09,0.89
2008-02-05,23.51,0.0,71.46,1.24
2008-02-06,23.98,0.0,63.72,1.06
2008-02-07,23.8,0.0,75.06,1.22
2008-02-08,23.38,8.7,81.46,0.81
2008-02-09,22.41,7.09,88.15,0.69
2008-02-10,23.79,0.94,79.51,0.77
2008-02-11,23.12,1.96,78.44,0.76
2008-02-12,23.53,2.88,79.79,1.25
2008-02-13,24.03,0.28,74.91,1.22
2008-02-14,23.9,0.43,72.77,1.52
2008-02-15,23.56,0.04,68.96,1.72
2008-02-16,23.62,0.05,71.99,1.46
2008-02-17,23.7,0.02,69.97,1.34
2008-02-18,22.6,0.0,58.32,1.32
2008-02-19,22.31,0.0,52.14,1.2
2008-02-20,22.93,0.0,52.66,1.35
2008-02-21,23.15,0.0,59.25,1.21
2008-02-22,22.93,0.0,61.97,1.36
2008-02-23,22.92,0.0,58.74,1.26
2008-02-24,22.17,0.0,59.48,1.42
2008-02-25,22.62,0.0,51.7,1.52
2008-02-26,22.53,0.02,53.41,1.51
2008-02-27,22.8,0.0,58.67,1.7
2008-02-28,22.3,0.28,61.73,1.66
2008-02-29,22.88,0.1,57.64,1.26
2008-03-01,21.66,2.86,85.29,0.88
2008-03-02,23.11,2.85,79.02,1.19
2008-03-03,23.39,2.13,61.82,1.38
2008-03-04,22.54,0.6,38.46,1.26
2008-03-05,23.17,0.0,45.43,1.23
2008-03-06,22.6,0.16,57.22,1.52
2008-03-07,22.14,0.12,54.51,1.55
2008-03-08,22.04,0.0,53.13,1.67
2008-03-09,24.0,0.15,54.36,1.43
2008-03-10,23.37,1.49,56.96,1.12
2008-03-11,22.42,0.95,69.15,1.16
2008-03-12,21.17,7.13,83.96,1.56
2008-03-13,22.35,25.88,88.17,1.39
2008-03-14,22.85,7.47,85.4,1.23
2008-03-15,21.96,15.2,87.36,1.13
2008-03-16,22.96,6.96,77.15,1.44
2008-03-17,21.37,1.18,85.35,1.33
2008-03-18,21.82,7.31,86.9,1.23
2008-03-19,22.34,4.54,86.19,1.53
2008-03-20,21.12,23.09,93.24,1.98
2008-03-21,21.49,17.58,92.72,1.6
2008-03-22,22.51,25.88,92.71,1.57
2008-03-23,23.13,5.83,87.86,1.21
2008-03-24,23.15,0.09,81.62,1.07
2008-03-25,23.72,0.0,66.14,0.92
2008-03-26,24.56,0.0,68.73,0.85
2008-03-27,25.49,0.04,66.22,0.81
2008-03-28,25.49,1.41,70.16,0.8
2008-03-29,24.49,0.26,78.63,0.81
2008-03-30,24.46,11.75,81.08,0.63
2008-03-31,23.84,2.2,82.39,0.71
2008-04-01,24.12,0.11,80.08,0.74
2008-04-02,24.48,6.9,79.84,1.19
2008-04-03,24.85,1.12,74.57,1.03
2008-04-04,24.95,0.2,71.84,0.96
2008-04-05,24.46,0.6,76.3,1.18
2008-04-06,24.27,1.3,73.91,1.33
2008-04-07,23.8,4.34,76.05,1.37
2008-04-08,23.26,11.35,80.94,1.22
2008-04-09,23.31,6.08,82.94,1.17
2008-04-10,23.94,3.7,75.59,1.44
2008-04-11,24.44,0.11,71.95,1.14
2008-04-12,24.21,2.54,74.99,1.6
2008-04-13,23.85,0.8,79.48,1.32
2008-04-14,25.12,1.06,73.23,1.18
2008-04-15,25.52,0.3,71.83,1.09
2008-04-16,25.64,0.93,70.55,1.21
2008-04-17,25.17,1.25,74.11,0.99
2008-04-18,25.87,1.61,70.39,1.01
2008-04-19,26.53,0.16,65.04,1.25
2008-04-20,26.85,0.0,59.26,1.16
2008-04-21,26.23,0.0,62.09,1.1
2008-04-22,27.4,0.0,60.01,1.09
2008-04-23,27.15,0.0,59.3,1.18
2008-04-24,26.18,1.74,61.67,1.31
2008-04-25,25.67,0.33,63.79,1.2
2008-04-26,25.43,1.92,70.69,1.16
2008-04-27,26.08,0.77,71.46,0.91
2008-04-28,25.9,0.23,72.62,1.96
2008-04-29,25.52,3.46,75.55,1.69
2008-04-30,25.68,0.23,74.4,1.3
2008-05-01,26.88,0.0,68.36,1.05
2008-05-02,27.18,0.01,58.28,1.55
2008-05-03,26.86,0.31,60.3,1.73
2008-05-04,27.1,0.78,68.86,1.34
2008-05-05,26.43,0.45,66.73,2.19
2008-05-06,26.72,0.01,60.6,1.81
2008-05-07,25.82,13.77,70.77,1.11
2008-05-08,25.73,2.83,72.02,1.03
2008-05-09,25.54,1.0,69.19,1.42
2008-05-10,25.85,1.23,71.5,1.72
2008-05-11,24.96,3.5,75.87,1.32
2008-05-12,23.3,1.35,83.78,1.16
2008-05-13,25.42,0.01,69.78,1.37
2008-05-14,26.14,0.3,62.51,2.21
2008-05-15,26.17,0.48,64.25,2.34
2008-05-16,25.15,0.11,68.36,1.9
2008-05-17,26.21,0.01,66.34,2.17
2008-05-18,26.42,0.0,67.93,1.95
2008-05-19,26.19,1.31,70.58,1.44
2008-05-20,26.21,1.26,71.13,1.47
2008-05-21,25.58,0.45,73.94,1.66
2008-05-22,25.64,0.1,73.87,1.37
2008-05-23,25.75,0.13,69.5,0.89
2008-05-24,25.69,0.94,70.41,1.16
2008-05-25,25.03,3.57,72.66,1.52
2008-05-26,25.12,1.47,75.13,0.98
2008-05-27,26.26,0.07,66.83,0.97
2008-05-28,26.22,2.5,69.92,0.67
2008-05-29,25.02,7.55,77.46,1.37
2008-05-30,24.86,15.37,78.22,1.61
2008-05-31,24.16,1.65,80.17,1.3
2008-06-01,24.72,2.71,75.99,1.44
2008-06-02,25.02,3.54,73.2,1.43
2008-06-03,24.84,1.32,74.36,1.75
2008-06-04,24.35,0.46,72.72,2.52
2008-06-05,23.67,1.15,75.1,2.43
2008-06-06,23.69,3.45,78.34,2.61
2008-06-07,22.0,2.92,84.82,1.39
2008-06-08,23.39,4.78,81.25,1.92
2008-06-09,23.11,1.97,81.38,1.88
2008-06-10,23.53,0.87,75.01,2.23
2008-06-11,24.28,0.32,74.67,2.84
2008-06-12,24.24,0.28,75.23,2.67
2008-06-13,24.01,0.45,75.34,2.52
2008-06-14,23.76,0.19,76.11,2.78
2008-06-15,24.35,0.01,71.84,3.13
2008-06-16,23.78,2.47,77.14,2.57
2008-06-17,24.11,1.08,74.99,2.64
2008-06-18,23.64,2.34,75.3,2.32
2008-06-19,24.72,0.46,74.74,2.09
2008-06-20,24.77,2.85,77.11,1.66
2008-06-21,24.37,2.63,76.78,2.14
2008-06-22,24.26,2.25,74.99,2.08
2008-06-23,24.33,0.09,71.09,2.12
2008-06-24,24.53,0.22,71.58,2.66
2008-06-25,24.09,0.5,75.91,2.61
2008-06-26,23.77,0.25,73.97,2.82
2008-06-27,24.45,2.7,76.76,2.76
2008-06-28,23.78,5.66,81.1,2.46
2008-06-29,23.26,4.23,79.64,2.5
2008-06-30,24.04,4.61,76.49,2.59
2008-07-01,22.67,7.14,79.71,1.97
2008-07-02,24.04,0.19,71.92,1.96
2008-07-03,24.3,0.0,72.17,1.85
2008-07-04,24.94,0.08,70.24,1.14
2008-07-05,24.92,0.07,71.99,1.94
2008-07-06,24.93,0.99,73.65,2.38
2008-07-07,23.51,0.26,68.53,3.89
2008-07-08,23.38,0.27,67.59,3.85
2008-07-09,23.55,1.88,69.97,3.37
2008-07-10,23.47,2.59,69.62,3.0
2008-07-11,23.74,2.02,69.32,3.13
2008-07-12,24.01,0.45,71.31,2.18
2008-07-13,24.88,0.01,71.85,1.33
2008-07-14,25.36,1.09,73.06,0.78
2008-07-15,24.78,9.84,77.4,0.7
2008-07-16,23.86,3.26,80.82,1.93
2008-07-17,23.96,4.96,80.33,1.59
2008-07-18,24.16,14.89,78.89,2.25
2008-07-19,23.29,3.46,76.34,2.4
2008-07-20,23.22,39.45,82.74,1.32
2008-07-21,22.7,4.85,87.92,1.33
2008-07-22,23.13,1.65,82.62,0.9
2008-07-23,23.42,2.52,82.46,1.87
2008-07-24,22.91,2.83,80.64,3.05
2008-07-25,23.2,2.18,76.44,3.54
2008-07-26,23.38,2.67,77.07,3.66
2008-07-27,22.67,11.41,79.64,3.69
2008-07-28,22.19,8.92,82.1,3.6
2008-07-29,22.34,5.26,79.95,3.55
2008-07-30,22.24,4.31,78.69,3.51
2008-07-31,22.62,1.56,78.6,3.29
2008-08-01,23.84,0.23,74.59,2.39
2008-08-02,23.44,0.03,77.62,2.0
2008-08-03,23.76,0.01,78.67,1.56
2008-08-04,24.11,0.0,77.47,1.53
2008-08-05,24.11,0.6,75.93,1.9
2008-08-06,24.39,0.18,73.85,2.38
2008-08-07,23.47,0.44,76.27,2.82
2008-08-08,23.61,1.63,76.68,3.52
2008-08-09,22.8,0.63,76.24,3.78
2008-08-10,23.33,1.16,74.65,4.0
2008-08-11,22.59,7.37,75.32,3.88
2008-08-12,22.43,5.85,80.5,2.66
2008-08-13,22.24,1.51,77.59,2.91
2008-08-14,23.69,5.57,77.44,2.17
2008-08-15,22.7,1.13,80.73,1.83
2008-08-16,22.93,2.37,76.84,1.69
2008-08-17,23.37,5.95,79.76,1.15
2008-08-18,23.58,2.02,77.82,1.07
2008-08-19,23.64,0.18,79.42,1.19
2008-08-20,24.68,0.79,73.08,1.16
2008-08-21,23.45,1.26,75.53,2.54
2008-08-22,23.64,0.04,72.1,2.07
2008-08-23,23.26,5.08,75.75,2.04
2008-08-24,24.08,1.2,74.09,1.05
2008-08-25,23.9,2.11,79.19,0.63
2008-08-26,23.39,41.64,81.15,0.84
2008-08-27,23.52,3.55,82.2,0.64
2008-08-28,23.87,1.7,83.39,0.61
2008-08-29,24.52,7.36,80.2,0.81
2008-08-30,23.65,13.95,84.24,0.8
2008-08-31,22.9,19.04,89.79,0.77
2008-09-01,23.91,3.44,82.89,1.01
2008-09-02,24.03,0.41,81.86,0.81
2008-09-03,23.62,10.28,85.24,0.69
2008-09-04,24.07,1.05,82.38,0.58
2008-09-05,23.72,4.82,83.46,0.65
2008-09-06,23.4,15.77,86.0,1.16
2008-09-07,22.41,8.93,87.24,1.59
2008-09-08,22.06,8.38,84.57,1.98
2008-09-09,22.84,3.08,81.57,3.07
2008-09-10,22.67,4.69,82.84,3.55
2008-09-11,22.19,5.89,80.73,3.77
2008-09-12,22.34,1.85,77.97,3.57
2008-09-13,22.84,0.12,83.03,2.29
2008-09-14,23.11,3.12,81.87,2.02
2008-09-15,22.31,0.5,82.46,2.02
2008-09-16,22.11,0.04,82.87,2.43
2008-09-17,23.22,0.0,79.21,2.19
2008-09-18,23.19,0.0,77.41,1.8
2008-09-19,23.15,6.92,78.19,1.73
2008-09-20,22.98,4.64,84.65,1.53
2008-09-21,23.6,0.21,81.52,1.04
2008-09-22,23.59,0.0,79.91,1.39
2008-09-23,24.0,0.0,77.8,1.2
2008-09-24,24.44,0.02,76.85,1.32
2008-09-25,23.94,0.01,76.67,1.45
2008-09-26,23.7,0.0,76.9,1.36
2008-09-27,23.99,2.77,75.57,0.84
2008-09-28,23.43,0.27,71.66,1.23
2008-09-29,24.12,0.0,69.41,1.0
2008-09-30,24.51,0.0,69.48,0.94
2008-10-01,24.58,0.0,70.19,1.21
2008-10-02,24.26,0.0,67.11,1.14
2008-10-03,24.61,0.08,67.15,0.88
2008-10-04,24.98,0.01,70.66,0.82
2008-10-05,25.32,0.0,71.11,0.41
2008-10-06,24.97,2.44,75.47,0.83
2008-10-07,25.23,1.69,74.48,0.69
2008-10-08,25.14,2.54,75.1,0.56
2008-10-09,25.66,0.1,72.36,0.94
2008-10-10,24.83,1.68,75.84,1.06
2008-10-11,24.29,5.0,78.11,1.29
2008-10-12,22.57,6.2,82.96,1.4
2008-10-13,22.04,6.86,87.96,1.4
2008-10-14,22.65,16.51,92.77,1.58
2008-10-15,22.14,11.18,89.85,1.55
2008-10-16,21.96,3.37,89.09,1.13
2008-10-17,22.91,1.25,85.98,1.5
2008-10-18,23.0,1.89,85.16,1.33
2008-10-19,22.73,13.02,87.44,1.14
2008-10-20,23.06,24.39,86.02,1.1
2008-10-21,22.98,32.15,88.88,0.57
2008-10-22,22.82,21.3,89.16,1.25
2008-10-23,21.55,11.35,89.87,1.29
2008-10-24,22.51,9.96,86.47,1.88
2008-10-25,22.12,14.11,89.23,1.5
2008-10-26,22.44,1.43,85.46,1.79
2008-10-27,22.46,0.02,81.74,1.29
2008-10-28,23.07,0.0,78.85,0.82
2008-10-29,22.53,0.03,73.47,0.48
2008-10-30,22.86,0.17,71.45,0.73
2008-10-31,22.61,0.03,66.96,0.82
2008-11-01,22.15,0.0,68.63,0.83
2008-11-02,21.46,0.0,61.51,0.99
2008-11-03,22.24,0.0,55.13,0.76
2008-11-04,22.59,0.0,58.99,0.77
2008-11-05,22.53,0.01,62.23,0.64
2008-11-06,21.9,0.05,70.06,0.84
2008-11-07,22.12,0.02,74.01,1.01
2008-11-08,23.02,1.59,79.28,1.1
2008-11-09,23.05,9.46,80.28,1.09
2008-11-10,22.07,3.24,85.39,1.19
2008-11-11,22.09,1.15,78.25,1.07
2008-11-12,21.83,0.93,71.32,1.16
2008-11-13,22.38,0.07,70.86,0.83
2008-11-14,22.99,0.03,77.51,0.94
2008-11-15,23.06,0.0,74.99,0.79
2008-11-16,23.13,0.0,71.87,0.99
2008-11-17,23.09,6.84,78.57,1.02
2008-11-18,23.08,1.3,83.15,1.15
2008-11-19,22.25,3.07,88.55,1.08
2008-11-20,22.03,4.97,92.42,1.18
2008-11-21,21.88,1.69,86.39,1.25
2008-11-22,21.03,4.31,90.16,1.68
2008-11-23,20.84,13.79,91.47,1.6
2008-11-24,20.51,17.16,91.32,1.57
2008-11-25,20.57,17.07,88.43,1.79
2008-11-26,20.38,24.59,92.82,2.18
2008-11-27,21.64,37.65,89.87,1.33
2008-11-28,22.08,6.0,93.41,1.0
2008-11-29,22.41,1.06,91.05,1.16
2008-11-30,21.6,0.6,92.96,1.63
2008-12-01,21.99,0.84,88.23,1.13
2008-12-02,21.63,0.08,87.81,1.13
2008-12-03,20.34,0.0,83.71,0.94
2008-12-04,19.08,0.0,82.43,1.03
2008-12-05,19.04,0.0,85.47,1.18
2008-12-06,19.85,0.72,87.83,1.11
2008-12-07,20.93,0.26,88.83,1.22
2008-12-08,21.33,3.28,93.49,1.47
2008-12-09,21.23,2.27,95.81,1.25
2008-12-10,21.05,6.97,95.66,1.27
2008-12-11,21.09,0.14,88.44,1.05
2008-12-12,19.86,0.0,82.49,1.04
2008-12-13,20.83,0.43,87.23,1.26
2008-12-14,21.05,1.88,88.28,1.63
2008-12-15,20.79,3.3,90.31,1.63
2008-12-16,20.44,0.43,90.82,1.37
2008-12-17,20.7,0.0,87.21,1.76
2008-12-18,20.17,0.16,87.0,1.86
2008-12-19,20.66,0.01,86.29,1.71
2008-12-20,20.48,0.01,84.28,1.17
2008-12-21,19.97,0.0,83.78,1.18
2008-12-22,19.02,0.0,76.14,1.06
2008-12-23,18.87,0.01,82.28,1.29
2008-12-24,20.36,0.03,85.9,1.36
2008-12-25,20.45,0.02,85.44,1.5
2008-12-26,19.91,0.01,76.64,1.13
2008-12-27,19.18,0.0,73.27,1.16
2008-12-28,18.81,0.0,64.95,1.08
2008-12-29,18.13,0.0,68.92,1.18
2008-12-30,18.05,0.0,77.67,1.14
2008-12-31,18.0,0.0,72.41,1.14
2009-01-01,18.84,0.0,77.46,1.14
2009-01-02,19.51,0.0,77.07,1.18
2009-01-03,19.38,0.0,77.43,1.18
2009-01-04,19.33,0.0,73.45,1.27
2009-01-05,19.67,0.0,74.19,1.05
2009-01-06,19.68,0.04,71.08,0.85
2009-01-07,20.68,0.13,79.64,1.06
2009-01-08,21.66,0.02,79.07,1.34
2009-01-09,19.67,0.0,83.32,1.28
2009-01-10,21.06,0.0,77.19,1.72
2009-01-11,20.81,0.01,79.29,1.61
2009-01-12,20.32,0.01,77.25,1.59
2009-01-13,19.63,0.01,74.75,1.73
2009-01-14,19.72,0.03,76.29,1.92
2009-01-15,19.47,1.65,83.83,1.95
2009-01-16,19.92,0.11,75.64,1.52
2009-01-17,19.81,0.0,76.95,1.47
2009-01-18,19.97,0.0,74.79,1.38
2009-01-19,19.87,0.0,76.73,1.43
2009-01-20,19.37,0.0,72.11,1.42
2009-01-21,19.7,0.0,69.85,1.21
2009-01-22,19.52,0.0,70.68,1.07
2009-01-23,20.39,0.0,70.51,1.18
2009-01-24,20.17,0.0,73.44,1.28
2009-01-25,21.09,0.0,70.07,1.14
2009-01-26,21.86,4.16,79.85,1.15
2009-01-27,22.81,0.48,80.79,1.08
2009-01-28,23.93,0.04,75.8,1.29
2009-01-29,23.32,0.0,71.03,1.12
2009-01-30,21.75,0.0,55.7,1.18
2009-01-31,21.17,0.0,55.82,1.22
2009-02-01,21.54,0.0,57.63,1.11
2009-02-02,21.42,0.0,58.58,1.26
2009-02-03,21.74,0.0,59.47,1.28
2009-02-04,22.06,0.0,66.91,1.12
2009-02-05,21.7,0.0,60.28,1.34
2009-02-06,21.25,0.0,56.67,1.46
2009-02-07,21.01,0.0,67.81,1.47
2009-02-08,21.21,0.0,69.02,1.48
2009-02-09,21.24,0.0,65.37,1.62
2009-02-10,20.87,0.0,60.12,1.33
2009-02-11,22.29,0.0,53.3,1.23
2009-02-12,23.42,0.0,52.66,1.11
2009-02-13,24.07,0.0,52.58,1.02
2009-02-14,23.26,0.0,53.44,1.23
2009-02-15,22.76,0.0,50.33,1.38
2009-02-16,22.0,0.0,47.9,1.34
2009-02-17,21.78,0.0,62.97,1.44
2009-02-18,21.96,0.0,61.92,1.5
2009-02-19,22.08,0.0,61.73,1.65
2009-02-20,22.57,0.0,70.66,1.53
2009-02-21,24.28,0.0,68.72,1.58
2009-02-22,24.64,0.0,65.93,1.63
2009-02-23,25.08,0.0,63.71,1.4
2009-02-24,26.38,0.0,54.03,1.23
2009-02-25,26.77,0.0,53.27,1.33
2009-02-26,26.18,0.0,50.92,1.43
2009-02-27,25.9,0.0,42.28,1.49
2009-02-28,25.45,0.0,36.13,1.51
2009-03-01,26.45,0.0,32.18,1.54
2009-03-02,26.48,0.0,39.57,1.51
2009-03-03,26.29,0.0,36.34,1.45
2009-03-04,26.27,0.0,35.16,1.32
2009-03-05,26.45,0.0,40.76,1.37
2009-03-06,26.45,0.0,33.34,1.66
2009-03-07,26.51,0.0,35.15,1.66
2009-03-08,26.21,0.0,37.49,1.41
2009-03-09,22.57,3.94,63.62,1.43
2009-03-10,22.33,2.26,68.66,1.82
2009-03-11,22.04,1.64,86.02,2.06
2009-03-12,24.18,3.18,76.65,0.94
2009-03-13,23.26,5.9,73.87,0.97
2009-03-14,24.03,4.95,73.16,1.17
2009-03-15,24.89,0.35,64.99,0.88
2009-03-16,25.27,0.02,66.31,1.06
2009-03-17,25.38,0.0,55.68,1.25
2009-03-18,25.3,0.0,46.17,1.39
2009-03-19,25.42,0.0,49.68,1.36
2009-03-20,25.93,0.0,46.73,1.34
2009-03-21,26.97,0.0,47.46,1.22
2009-03-22,26.75,2.18,53.12,1.0
2009-03-23,26.14,0.94,56.3,1.18
2009-03-24,26.03,1.32,53.44,1.21
2009-03-25,26.15,0.06,54.99,1.23
2009-03-26,26.94,0.0,52.18,0.9
2009-03-27,26.16,1.39,59.83,0.65
2009-03-28,27.45,0.06,54.15,1.17
2009-03-29,27.05,0.01,50.73,1.45
2009-03-30,27.03,0.03,48.74,1.56
2009-03-31,27.11,0.0,45.3,1.64
2009-04-01,27.44,0.0,40.59,1.62
2009-04-02,27.46,0.0,43.59,1.79
2009-04-03,26.71,0.0,43.91,1.49
2009-04-04,26.69,0.0,44.95,1.3
2009-04-05,28.12,0.12,46.93,1.28
2009-04-06,28.13,1.41,49.55,1.52
2009-04-07,27.97,5.14,56.85,1.34
2009-04-08,27.72,0.78,56.6,1.06
2009-04-09,26.46,4.03,62.39,1.43
2009-04-10,25.26,5.07,66.14,1.5
2009-04-11,22.92,5.14,70.09,1.08
2009-04-12,25.46,0.44,59.78,0.81
2009-04-13,25.94,8.54,67.48,1.56
2009-04-14,26.85,1.65,63.86,1.61
2009-04-15,27.72,0.18,63.0,1.17
2009-04-16,26.28,0.0,67.31,1.38
2009-04-17,27.35,0.0,64.9,0.85
2009-04-18,28.59,0.15,60.76,0.95
2009-04-19,27.82,3.05,65.8,0.75
2009-04-20,25.83,3.39,76.99,0.95
2009-04-21,25.91,0.61,74.05,0.92
2009-04-22,27.24,0.15,63.55,0.83
2009-04-23,28.5,0.01,58.23,0.78
2009-04-24,29.06,0.13,53.6,1.02
2009-04-25,29.47,0.05,51.92,0.79
2009-04-26,29.15,0.0,51.17,1.3
2009-04-27,29.14,0.0,49.13,1.25
2009-04-28,29.61,0.04,47.7,1.38
2009-04-29,29.43,0.03,49.07,0.97
2009-04-30,28.64,0.41,55.83,1.4
2009-05-01,28.68,0.06,58.39,1.47
2009-05-02,29.78,0.0,52.44,1.32
2009-05-03,30.54,0.0,47.01,0.89
2009-05-04,29.17,1.62,52.85,1.0
2009-05-05,29.47,0.12,51.44,0.69
2009-05-06,27.97,0.0,54.77,1.33
2009-05-07,28.55,0.0,53.05,1.05
2009-05-08,28.05,5.28,62.07,0.75
2009-05-09,25.95,1.43,75.09,1.22
2009-05-10,27.6,0.13,63.28,1.09
2009-05-11,27.91,0.0,61.21,1.3
2009-05-12,28.63,3.43,62.92,1.12
2009-05-13,27.07,0.81,68.73,1.57
2009-05-14,28.24,0.0,61.01,1.53
2009-05-15,25.61,4.16,71.21,1.42
2009-05-16,26.64,6.77,64.51,1.27
2009-05-17,26.74,1.1,69.07,0.62
2009-05-18,26.03,4.72,72.17,1.23
2009-05-19,24.63,4.51,76.56,1.29
2009-05-20,23.63,5.58,74.67,2.67
2009-05-21,24.01,0.95,78.94,1.27
2009-05-22,25.74,3.23,72.77,2.34
2009-05-23,26.04,5.11,70.92,1.93
2009-05-24,23.76,16.25,77.95,2.43
2009-05-25,23.98,12.0,78.71,2.57
2009-05-26,24.67,3.9,77.97,2.0
2009-05-27,25.05,0.42,71.17,1.93
2009-05-28,25.89,0.01,72.63,1.42
2009-05-29,25.66,2.55,74.04,2.0
2009-05-30,25.46,7.25,79.11,1.47
2009-05-31,25.45,0.39,71.97,1.79
2009-06-01,25.58,0.72,71.13,2.41
2009-06-02,25.37,0.57,69.61,2.7
2009-06-03,25.86,0.52,69.76,3.0
2009-06-04,25.89,0.06,68.68,3.49
2009-06-05,25.24,6.17,72.91,3.98
2009-06-06,23.18,11.62,75.84,4.51
2009-06-07,23.19,5.57,72.14,4.24
2009-06-08,24.1,2.06,75.41,3.47
2009-06-09,25.16,0.77,69.02,3.03
2009-06-10,25.5,0.2,73.68,2.02
2009-06-11,25.31,3.6,73.55,1.64
2009-06-12,25.05,2.45,74.02,2.18
2009-06-13,24.41,1.06,75.01,2.32
2009-06-14,24.94,0.19,74.24,2.22
2009-06-15,24.19,1.09,75.3,2.65
2009-06-16,24.44,1.59,74.26,3.57
2009-06-17,23.81,2.71,78.91,2.91
2009-06-18,23.73,13.86,81.84,1.94
2009-06-19,23.36,7.33,83.5,1.62
2009-06-20,23.58,2.19,80.13,1.95
2009-06-21,23.94,2.12,77.78,2.19
2009-06-22,23.38,0.91,81.37,2.11
2009-06-23,24.11,2.6,74.98,3.15
2009-06-24,24.18,2.12,70.59,3.38
2009-06-25,23.44,3.83,69.77,3.68
2009-06-26,22.61,1.41,77.32,3.52
2009-06-27,22.77,1.33,72.26,2.96
2009-06-28,23.72,1.16,70.76,3.05
2009-06-29,24.31,3.55,75.18,2.9
2009-06-30,24.02,11.02,75.32,3.42
2009-07-01,23.48,4.95,74.69,4.04
2009-07-02,23.3,6.57,75.78,3.9
2009-07-03,23.09,3.8,77.37,3.16
2009-07-04,22.98,3.17,80.57,3.32
2009-07-05,23.05,4.46,76.78,3.85
2009-07-06,23.39,3.1,77.98,3.4
2009-07-07,22.44,0.96,79.19,2.91
2009-07-08,23.36,6.85,75.22,3.18
2009-07-09,22.94,3.65,75.21,3.33
2009-07-10,23.41,0.65,71.57,2.9
2009-07-11,23.78,0.36,77.59,2.65
2009-07-12,23.26,1.79,76.17,3.49
2009-07-13,23.97,3.61,75.71,3.95
2009-07-14,22.84,0.92,77.9,4.62
2009-07-15,22.26,4.46,77.5,4.05
2009-07-16,22.92,9.99,78.57,3.31
2009-07-17,23.1,18.99,80.2,3.46
2009-07-18,22.51,3.4,79.92,3.79
2009-07-19,22.71,0.74,75.24,4.08
2009-07-20,23.61,0.83,74.16,3.8
2009-07-21,23.24,0.13,71.13,4.6
2009-07-22,23.47,0.41,69.41,4.14
2009-07-23,23.57,0.74,70.61,3.42
2009-07-24,23.66,0.06,70.73,2.19
2009-07-25,25.19,0.0,70.81,1.83
2009-07-26,24.02,0.17,74.19,2.02
2009-07-27,23.76,1.4,78.51,2.59
2009-07-28,23.95,2.62,77.9,2.79
2009-07-29,23.81,9.57,79.34,2.15
2009-07-30,23.61,1.64,74.69,2.2
2009-07-31,23.36,4.98,79.23,2.31
2009-08-01,23.04,0.63,73.65,3.29
2009-08-02,23.25,0.05,75.19,2.83
2009-08-03,24.42,0.12,75.2,2.83
2009-08-04,23.92,1.11,75.95,3.34
2009-08-05,24.01,0.31,74.69,3.33
2009-08-06,25.02,0.15,72.25,2.99
2009-08-07,24.64,0.18,72.65,3.04
2009-08-08,24.22,0.16,75.81,2.38
2009-08-09,24.41,0.13,75.6,2.61
2009-08-10,24.74,0.74,75.09,3.06
2009-08-11,25.18,1.48,74.0,2.28
2009-08-12,25.02,0.2,73.99,2.22
2009-08-13,24.34,9.89,76.07,1.68
2009-08-14,23.86,3.8,80.24,1.29
2009-08-15,23.76,0.27,74.71,1.55
2009-08-16,23.24,18.53,74.66,1.63
2009-08-17,21.93,3.21,82.6,1.54
2009-08-18,22.87,1.03,82.49,0.81
2009-08-19,24.6,0.54,73.83,1.07
2009-08-20,23.03,9.07,82.98,0.93
2009-08-21,23.16,1.75,79.78,1.95
2009-08-22,23.05,0.82,76.01,2.05
2009-08-23,23.59,4.51,77.91,2.51
2009-08-24,23.41,0.44,77.34,3.02
2009-08-25,23.88,0.53,74.65,2.95
2009-08-26,22.75,2.26,78.1,3.09
2009-08-27,23.26,0.89,74.05,2.64
2009-08-28,24.27,0.37,75.23,2.55
2009-08-29,24.23,0.89,74.11,2.36
2009-08-30,24.54,0.45,73.11,1.9
2009-08-31,23.85,4.81,77.03,2.03
2009-09-01,23.75,6.35,77.68,2.69
2009-09-02,23.14,4.54,74.88,3.05
2009-09-03,23.48,1.27,76.68,3.14
2009-09-04,22.94,2.21,76.92,3.9
2009-09-05,23.37,3.14,75.94,4.47
2009-09-06,23.64,2.38,76.54,3.84
2009-09-07,24.04,0.26,75.66,3.41
2009-09-08,24.09,0.01,75.12,2.82
2009-09-09,24.58,0.0,72.09,2.0
2009-09-10,24.99,0.0,70.44,1.54
2009-09-11,25.76,0.0,66.55,1.07
2009-09-12,26.2,2.58,70.51,0.93
2009-09-13,25.26,1.44,77.07,0.99
2009-09-14,24.94,0.18,73.48,1.85
2009-09-15,25.45,0.67,70.12,1.12
2009-09-16,24.88,9.98,76.9,1.34
2009-09-17,23.5,5.22,85.74,0.92
2009-09-18,24.03,9.59,79.71,0.94
2009-09-19,23.61,2.81,76.98,1.39
2009-09-20,24.39,3.3,76.67,0.74
2009-09-21,24.76,0.52,77.58,0.83
2009-09-22,23.95,1.1,79.41,1.02
2009-09-23,24.36,2.69,78.47,1.1
2009-09-24,24.26,1.08,78.7,1.28
2009-09-25,23.77,9.74,75.14,2.1
2009-09-26,22.95,5.09,78.17,2.13
2009-09-27,23.25,6.5,83.95,1.53
2009-09-28,24.13,1.79,81.2,1.82
2009-09-29,23.41,0.71,79.06,2.39
2009-09-30,23.19,2.6,80.22,2.93
2009-10-01,22.84,7.62,78.5,3.66
2009-10-02,22.73,6.33,83.76,3.02
2009-10-03,23.32,1.67,76.86,4.09
2009-10-04,23.26,0.18,77.26,3.07
2009-10-05,23.36,0.0,76.23,2.63
2009-10-06,23.38,0.24,76.3,1.81
2009-10-07,24.41,0.07,71.89,1.53
2009-10-08,24.38,5.41,74.21,1.23
2009-10-09,25.57,0.28,70.5,0.65
2009-10-10,26.01,1.48,70.32,0.62
2009-10-11,25.83,0.2,71.45,0.64
2009-10-12,24.7,2.41,77.61,1.04
2009-10-13,24.87,0.41,75.71,0.93
2009-10-14,25.02,0.03,72.64,0.83
2009-10-15,24.53,0.06,74.75,0.94
2009-10-16,25.21,0.04,69.24,0.7
2009-10-17,25.62,0.0,66.34,0.8
2009-10-18,25.96,0.0,67.98,0.93
2009-10-19,25.74,0.86,68.82,0.91
2009-10-20,25.78,0.08,67.43,1.0
2009-10-21,25.74,0.0,64.92,0.99
2009-10-22,25.23,0.0,63.96,1.12
2009-10-23,25.04,0.0,60.74,0.97
2009-10-24,24.76,0.0,63.76,0.64
2009-10-25,24.77,0.3,67.88,0.6
2009-10-26,25.21,1.76,69.72,1.18
2009-10-27,25.27,0.39,68.29,1.15
2009-10-28,24.11,6.11,76.76,1.68
2009-10-29,23.16,13.25,83.24,1.8
2009-10-30,23.32,3.87,75.39,1.72
2009-10-31,23.28,4.44,79.51,1.54
2009-11-01,23.4,1.38,77.37,1.63
2009-11-02,23.86,1.23,75.43,2.15
2009-11-03,23.53,3.67,80.05,1.77
2009-11-04,22.56,20.11,88.63,1.82
2009-11-05,22.21,17.73,85.98,1.75
2009-11-06,21.69,10.25,90.37,1.31
2009-11-07,22.08,30.21,91.02,1.73
2009-11-08,22.43,32.03,95.6,2.33
2009-11-09,22.23,19.9,95.07,1.94
2009-11-10,21.82,15.05,86.11,1.3
2009-11-11,22.18,9.16,84.53,1.09
2009-11-12,23.0,2.12,84.0,0.66
2009-11-13,22.22,1.97,89.15,1.01
2009-11-14,20.75,29.83,91.69,1.09
2009-11-15,20.74,15.75,94.74,0.88
2009-11-16,22.55,2.16,91.06,0.72
2009-11-17,23.13,3.59,88.66,0.73
2009-11-18,22.1,1.66,84.56,0.67
2009-11-19,23.06,4.74,86.63,0.72
2009-11-20,22.48,1.9,89.12,0.93
2009-11-21,21.86,4.97,89.64,0.7
2009-11-22,21.21,9.6,91.54,0.95
2009-11-23,21.63,1.02,89.73,1.2
2009-11-24,22.34,0.12,81.65,0.88
2009-11-25,22.16,1.02,85.92,0.97
2009-11-26,21.46,0.13,87.19,1.07
2009-11-27,20.11,0.0,81.38,1.17
2009-11-28,19.86,0.01,84.64,1.2
2009-11-29,21.01,0.02,86.73,1.08
2009-11-30,21.56,0.09,87.5,1.12
2009-12-01,20.77,1.94,92.27,1.08
2009-12-02,21.74,2.48,89.99,1.26
2009-12-03,22.3,0.47,88.01,1.02
2009-12-04,22.68,0.06,85.04,0.84
2009-12-05,22.03,0.19,86.41,1.11
2009-12-06,20.37,0.0,79.76,1.03
2009-12-07,20.27,0.0,78.95,0.98
2009-12-08,20.46,0.0,79.0,0.89
2009-12-09,21.39,0.0,83.22,1.23
2009-12-10,19.52,0.0,79.99,1.45
2009-12-11,20.26,0.01,83.47,1.3
2009-12-12,20.79,3.7,89.09,1.34
2009-12-13,22.3,2.16,86.92,1.29
2009-12-14,21.97,0.8,86.44,1.7
2009-12-15,21.64,1.28,90.53,1.59
2009-12-16,22.16,1.11,82.45,1.06
2009-12-17,22.13,0.74,84.68,0.86
2009-12-18,21.45,0.06,87.15,1.13
2009-12-19,22.0,0.13,84.71,1.2
2009-12-20,22.29,0.3,83.28,1.54
2009-12-21,21.76,3.62,89.19,1.89
2009-12-22,21.58,2.35,87.03,1.59
2009-12-23,20.84,1.5,89.19,1.94
2009-12-24,20.93,0.31,85.73,1.58
2009-12-25,20.86,0.0,80.89,1.21
2009-12-26,21.56,0.0,80.97,1.13
2009-12-27,20.85,1.13,84.14,0.97
2009-12-28,20.92,0.05,84.2,0.95
2009-12-29,21.46,0.0,81.34,0.98
2009-12-30,21.43,0.0,77.88,1.13
2009-12-31,22.46,0.0,75.76,0.75
2010-01-01,21.79,0.0,78.51,1.36
2010-01-02,21.25,0.0,76.2,1.38
2010-01-03,20.8,0.0,75.29,1.29
2010-01-04,21.04,0.0,70.38,1.02
2010-01-05,21.2,0.0,66.69,1.04
2010-01-06,20.54,0.0,74.86,1.23
2010-01-07,21.63,0.0,76.24,1.15
2010-01-08,21.83,0.08,76.75,1.01
2010-01-09,22.02,5.45,86.12,1.18
2010-01-10,21.32,2.72,85.36,1.15
2010-01-11,22.53,0.41,80.41,1.09
2010-01-12,23.42,0.99,77.65,0.84
2010-01-13,23.51,1.13,80.95,1.04
2010-01-14,23.18,0.13,78.2,1.37
2010-01-15,22.34,0.0,74.44,1.6
2010-01-16,21.76,0.0,76.71,1.58
2010-01-17,21.62,0.0,73.58,1.58
2010-01-18,21.88,0.0,73.24,1.23
2010-01-19,22.61,0.0,73.63,1.32
2010-01-20,22.31,0.14,72.03,1.25
2010-01-21,21.33,0.06,71.45,1.27
2010-01-22,20.17,0.0,67.59,1.21
2010-01-23,19.85,0.0,69.18,1.36
2010-01-24,20.55,0.01,70.27,1.29
2010-01-25,21.6,0.0,71.85,1.07
2010-01-26,22.49,0.0,73.06,1.37
2010-01-27,22.75,0.0,69.42,1.31
2010-01-28,22.57,0.0,74.03,1.69
2010-01-29,22.29,0.0,69.84,1.67
2010-01-30,21.97,0.0,67.11,1.3
2010-01-31,22.31,0.0,70.98,1.16
2010-02-01,20.78,0.0,71.73,1.18
2010-02-02,21.57,0.0,66.93,1.29
2010-02-03,21.5,0.0,63.81,1.4
2010-02-04,21.72,0.0,63.39,1.22
2010-02-05,21.45,0.0,65.83,1.37
2010-02-06,21.02,0.0,65.9,1.54
2010-02-07,21.57,0.0,69.42,1.43
2010-02-08,22.47,0.0,64.44,1.23
2010-02-09,23.37,0.0,58.33,1.13
2010-02-10,23.67,0.0,60.12,1.1
2010-02-11,24.03,0.0,57.58,1.24
2010-02-12,24.27,0.0,60.73,1.43
2010-02-13,25.04,0.21,62.67,1.26
2010-02-14,24.67,0.01,58.22,1.27
2010-02-15,22.91,0.0,62.57,1.18
2010-02-16,23.97,0.0,59.4,1.16
2010-02-17,24.57,0.0,64.3,1.26
2010-02-18,24.92,0.0,54.67,0.97
2010-02-19,24.15,0.0,50.78,0.97
2010-02-20,24.01,0.0,51.06,1.03
2010-02-21,24.68,0.0,59.96,1.25
2010-02-22,25.79,0.0,53.69,1.29
2010-02-23,26.33,0.0,53.2,0.89
2010-02-24,27.06,0.0,51.28,0.99
2010-02-25,27.21,0.0,48.62,1.04
2010-02-26,27.25,0.0,47.05,1.15
2010-02-27,27.22,0.0,46.53,1.38
2010-02-28,26.33,0.0,45.43,1.41
2010-03-01,25.45,0.0,40.77,1.33
2010-03-02,25.42,0.0,37.5,1.42
2010-03-03,25.95,0.0,32.68,1.44
2010-03-04,26.73,0.0,39.06,1.15
2010-03-05,27.61,0.0,45.07,0.9
2010-03-06,28.24,0.01,51.54,0.91
2010-03-07,29.03,0.0,49.53,1.42
2010-03-08,28.16,0.0,44.83,1.56
2010-03-09,26.79,0.0,46.69,1.54
2010-03-10,25.83,0.0,57.6,1.56
2010-03-11,26.15,0.0,60.52,1.97
2010-03-12,25.97,0.0,58.18,1.94
2010-03-13,25.73,0.0,58.94,1.45
2010-03-14,27.62,0.0,45.94,1.46
2010-03-15,28.49,0.0,40.53,1.44
2010-03-16,26.58,0.17,47.84,1.16
2010-03-17,26.48,0.12,48.46,1.62
2010-03-18,25.26,0.0,59.08,1.81
2010-03-19,25.87,0.0,53.27,1.59
2010-03-20,27.38,0.0,41.12,1.45
2010-03-21,27.17,0.0,39.36,1.49
2010-03-22,27.62,0.0,39.98,1.38
2010-03-23,27.97,0.0,39.17,1.47
2010-03-24,28.16,0.0,42.97,1.33
2010-03-25,28.02,0.0,44.75,1.17
2010-03-26,28.72,1.39,50.93,1.03
2010-03-27,28.44,0.95,58.52,0.82
2010-03-28,28.11,0.01,54.82,0.88
2010-03-29,29.49,0.0,50.0,1.01
2010-03-30,29.14,5.3,55.47,0.82
2010-03-31,26.57,4.94,69.62,1.13
2010-04-01,27.32,0.33,63.36,0.9
2010-04-02,29.65,0.0,52.1,1.04
2010-04-03,28.06,0.08,56.91,1.06
2010-04-04,28.45,0.24,53.36,1.33
2010-04-05,26.96,4.25,63.42,0.9
2010-04-06,26.73,0.3,54.02,1.44
2010-04-07,27.39,0.32,55.58,1.84
2010-04-08,25.89,2.76,66.54,1.38
2010-04-09,27.6,0.01,55.83,1.06
2010-04-10,27.61,0.0,54.38,0.99
2010-04-11,28.91,0.0,53.61,1.23
2010-04-12,29.57,0.14,54.62,0.8
2010-04-13,29.55,0.09,53.21,0.87
2010-04-14,28.97,0.01,52.41,0.66
2010-04-15,29.02,0.12,50.42,1.24
2010-04-16,28.97,0.61,48.23,0.86
2010-04-17,27.62,1.55,62.23,1.22
2010-04-18,28.72,2.88,57.69,1.08
2010-04-19,27.56,0.62,63.56,0.99
2010-04-20,27.66,2.35,62.49,1.1
2010-04-21,28.14,0.22,62.98,1.12
2010-04-22,29.81,0.03,50.88,1.27
2010-04-23,29.96,1.94,51.89,1.1
2010-04-24,27.35,0.72,65.46,0.78
2010-04-25,27.62,0.99,61.8,0.83
2010-04-26,27.15,4.93,64.31,0.98
2010-04-27,26.76,2.34,63.59,1.22
2010-04-28,27.94,0.81,58.19,0.93
2010-04-29,27.15,0.19,65.17,1.06
2010-04-30,26.0,13.52,72.39,1.32
2010-05-01,26.17,1.68,68.19,0.81
2010-05-02,25.88,20.17,75.32,0.61
2010-05-03,25.49,11.28,81.42,0.74
2010-05-04,25.67,4.92,81.61,0.66
2010-05-05,27.14,0.35,71.0,1.02
2010-05-06,28.55,1.36,64.94,0.82
2010-05-07,28.33,0.19,66.47,0.83
2010-05-08,27.9,0.2,67.09,0.78
2010-05-09,26.9,0.47,70.33,0.58
2010-05-10,28.28,0.32,61.01,0.96
2010-05-11,28.25,0.22,65.67,0.86
2010-05-12,29.18,0.02,60.96,1.02
2010-05-13,29.04,0.0,63.38,0.8
2010-05-14,27.97,0.0,65.12,1.08
2010-05-15,28.32,0.36,58.46,1.0
2010-05-16,28.16,0.63,63.7,1.11
2010-05-17,27.61,8.21,68.06,1.16
2010-05-18,26.3,4.23,76.53,1.77
2010-05-19,24.34,5.79,78.7,2.65
2010-05-20,25.84,1.78,73.81,3.71
2010-05-21,25.6,1.1,71.2,3.04
2010-05-22,26.22,0.19,70.23,1.92
2010-05-23,26.17,1.32,72.3,1.91
2010-05-24,26.76,0.91,72.74,2.03
2010-05-25,25.71,2.61,71.53,2.7
2010-05-26,26.56,0.37,66.86,2.67
2010-05-27,26.5,1.43,71.42,2.49
2010-05-28,25.95,7.74,75.07,2.42
2010-05-29,24.82,3.9,80.48,2.61
2010-05-30,25.67,3.07,71.52,2.81
2010-05-31,24.37,1.05,74.4,2.63
2010-06-01,25.84,0.13,70.53,2.06
2010-06-02,27.5,2.37,67.54,1.43
2010-06-03,26.92,0.27,69.87,1.21
2010-06-04,25.97,35.74,79.14,0.89
2010-06-05,24.38,7.52,79.12,2.11
2010-06-06,23.77,4.78,76.55,2.81
2010-06-07,23.96,1.87,74.63,2.79
2010-06-08,24.28,0.26,74.28,2.48
2010-06-09,25.22,4.68,76.49,2.05
2010-06-10,24.15,2.56,83.62,2.41
2010-06-11,23.65,5.12,83.72,2.65
2010-06-12,24.12,8.91,79.88,3.36
2010-06-13,23.96,2.98,84.43,2.65
2010-06-14,24.08,1.02,74.44,3.23
2010-06-15,24.78,0.09,69.81,2.9
2010-06-16,24.8,1.09,76.3,1.22
2010-06-17,24.29,4.54,74.65,2.22
2010-06-18,23.7,7.11,75.82,1.94
2010-06-19,24.4,2.81,71.97,2.19
2010-06-20,24.66,0.57,74.53,1.45
2010-06-21,25.39,1.57,69.6,1.6
2010-06-22,23.94,3.7,78.8,2.21
2010-06-23,23.25,3.75,79.7,3.23
2010-06-24,23.05,2.44,75.66,3.68
2010-06-25,22.96,2.62,73.95,4.14
2010-06-26,23.89,2.21,71.48,3.97
2010-06-27,24.5,1.76,74.08,2.95
2010-06-28,24.11,4.31,79.82,2.79
2010-06-29,24.38,2.41,75.47,2.71
2010-06-30,23.47,1.63,75.13,3.51
2010-07-01,21.95,1.56,74.1,3.48
2010-07-02,23.61,0.69,69.19,3.74
2010-07-03,23.8,4.44,69.64,4.2
2010-07-04,23.93,4.83,74.17,3.12
2010-07-05,23.42,1.28,71.76,3.7
2010-07-06,22.55,0.52,73.56,3.23
2010-07-07,23.06,3.1,75.48,1.7
2010-07-08,23.0,3.71,79.51,0.96
2010-07-09,23.68,2.33,78.6,0.81
2010-07-10,24.91,2.15,75.98,0.91
2010-07-11,25.73,0.12,72.53,1.0
2010-07-12,25.1,0.26,72.49,1.63
2010-07-13,23.44,17.92,80.57,1.51
2010-07-14,23.64,6.71,78.78,1.75
2010-07-15,23.73,11.78,79.62,2.13
2010-07-16,22.95,1.83,80.95,3.26
2010-07-17,22.6,6.29,77.92,3.57
2010-07-18,22.93,6.12,81.33,2.96
2010-07-19,23.12,6.08,76.15,3.9
2010-07-20,22.64,2.69,81.52,3.63
2010-07-21,23.62,3.28,76.78,3.3
2010-07-22,22.83,0.27,77.88,2.83
2010-07-23,23.2,1.24,74.52,2.7
2010-07-24,22.5,0.24,73.08,3.3
2010-07-25,22.58,0.93,73.75,3.68
2010-07-26,23.58,2.29,72.28,3.69
2010-07-27,23.67,2.11,76.74,3.19
2010-07-28,23.13,1.68,75.54,3.63
2010-07-29,23.78,1.9,73.15,3.72
2010-07-30,23.67,0.4,71.37,3.57
2010-07-31,23.25,0.01,73.35,3.3
2010-08-01,24.51,0.0,71.65,2.42
2010-08-02,24.1,0.89,72.9,2.36
2010-08-03,23.17,1.41,72.64,3.4
2010-08-04,23.86,0.83,76.21,3.25
2010-08-05,24.07,0.47,76.95,2.11
2010-08-06,23.82,0.29,75.31,2.82
2010-08-07,24.29,0.48,75.75,2.25
2010-08-08,23.95,3.2,79.54,2.19
2010-08-09,24.64,6.25,74.82,2.58
2010-08-10,25.01,0.57,72.41,2.37
2010-08-11,24.69,1.02,72.62,2.75
2010-08-12,24.38,1.32,77.98,2.13
2010-08-13,24.05,11.52,79.4,1.86
2010-08-14,23.91,2.38,79.81,1.89
2010-08-15,23.59,5.42,84.07,1.89
2010-08-16,23.44,4.83,79.11,2.85
2010-08-17,23.47,0.53,75.4,2.96
2010-08-18,23.22,0.11,72.13,2.98
2010-08-19,24.08,0.57,74.26,1.86
2010-08-20,23.15,10.55,79.68,1.05
2010-08-21,22.29,4.54,81.46,1.83
2010-08-22,23.39,0.37,78.39,2.15
2010-08-23,23.78,0.28,77.56,1.44
2010-08-24,22.97,1.68,80.98,2.44
2010-08-25,23.05,1.29,77.13,3.09
2010-08-26,23.34,0.3,77.34,2.79
2010-08-27,24.12,1.99,75.14,2.35
2010-08-28,23.83,2.51,81.51,1.74
2010-08-29,24.04,3.83,78.93,2.43
2010-08-30,22.43,0.61,79.4,2.97
2010-08-31,22.61,0.55,72.78,2.55
2010-09-01,22.63,0.0,76.08,1.95
2010-09-02,24.07,0.0,73.03,1.78
2010-09-03,24.23,2.86,74.44,1.92
2010-09-04,23.71,0.05,74.93,1.99
2010-09-05,23.94,0.0,74.17,1.85
2010-09-06,23.4,0.15,74.26,1.95
2010-09-07,23.82,0.77,77.03,2.43
2010-09-08,23.41,2.13,77.16,2.56
2010-09-09,23.32,10.06,79.66,1.83
2010-09-10,23.17,7.25,81.4,1.76
2010-09-11,23.54,3.34,72.56,1.98
2010-09-12,24.38,2.8,70.49,1.29
2010-09-13,22.79,8.81,76.24,1.9
2010-09-14,22.92,1.48,76.53,2.11
2010-09-15,23.4,1.86,76.04,2.15
2010-09-16,23.0,1.5,76.21,2.33
2010-09-17,24.21,0.8,74.02,2.53
2010-09-18,23.17,4.69,74.27,2.36
2010-09-19,24.16,0.9,72.21,1.61
2010-09-20,24.64,0.11,70.44,0.86
2010-09-21,24.01,1.0,77.57,0.86
2010-09-22,23.11,8.52,86.1,0.7
2010-09-23,23.22,16.74,86.69,0.89
2010-09-24,23.65,10.8,82.6,0.98
2010-09-25,24.17,0.3,74.26,0.73
2010-09-26,23.85,16.2,78.75,1.12
2010-09-27,23.51,5.5,84.3,1.41
2010-09-28,23.5,8.7,83.54,1.4
2010-09-29,22.91,2.03,85.01,1.14
2010-09-30,23.49,3.1,80.11,0.9
2010-10-01,23.94,2.0,80.15,1.01
2010-10-02,23.37,12.29,84.81,0.91
2010-10-03,23.12,12.05,86.07,0.69
2010-10-04,23.58,5.98,84.98,0.72
2010-10-05,23.18,7.8,89.36,1.05
2010-10-06,22.91,14.53,87.28,2.44
2010-10-07,23.22,11.75,87.13,2.05
2010-10-08,23.28,15.34,88.76,1.31
2010-10-09,23.41,2.78,85.63,1.34
2010-10-10,23.14,0.08,82.11,1.41
2010-10-11,23.2,0.0,82.14,1.45
2010-10-12,22.93,0.0,82.73,1.26
2010-10-13,23.51,0.87,80.95,1.37
2010-10-14,22.94,2.3,84.38,1.54
2010-10-15,22.55,3.07,84.87,2.19
2010-10-16,22.36,1.33,81.47,2.22
2010-10-17,22.71,1.36,82.65,1.77
2010-10-18,22.63,16.43,82.95,1.64
2010-10-19,23.51,17.28,83.57,1.0
2010-10-20,22.45,1.47,88.79,0.94
2010-10-21,23.57,8.25,84.66,1.0
2010-10-22,22.27,2.85,88.95,1.53
2010-10-23,22.73,2.17,85.46,1.52
2010-10-24,23.18,0.14,80.54,1.11
2010-10-25,24.06,0.0,79.35,0.94
2010-10-26,24.26,7.49,81.35,0.65
2010-10-27,23.69,12.51,85.46,0.48
2010-10-28,22.73,13.64,85.46,0.42
2010-10-29,22.14,13.55,89.29,0.84
2010-10-30,22.45,4.89,87.6,0.49
2010-10-31,22.1,6.79,91.1,0.44
2010-11-01,22.45,6.27,84.96,0.88
2010-11-02,22.78,0.16,84.55,0.83
2010-11-03,23.12,15.89,85.43,0.4
2010-11-04,22.25,12.36,93.04,0.85
2010-11-05,22.81,40.28,88.14,0.61
2010-11-06,21.45,6.52,87.38,1.07
2010-11-07,20.79,0.39,90.44,1.42
2010-11-08,22.75,1.06,84.16,1.17
2010-11-09,22.9,6.96,84.56,0.51
2010-11-10,22.77,17.82,88.93,0.65
2010-11-11,21.71,11.27,91.34,1.05
2010-11-12,22.47,6.52,83.04,0.64
2010-11-13,23.22,3.5,86.88,0.83
2010-11-14,22.19,2.52,88.55,1.08
2010-11-15,22.36,1.06,85.7,0.83
2010-11-16,22.41,22.11,87.46,0.77
2010-11-17,22.18,8.43,90.79,0.98
2010-11-18,21.83,3.25,90.02,1.22
2010-11-19,21.63,6.15,89.63,1.01
2010-11-20,21.99,23.74,89.8,0.83
2010-11-21,21.31,14.4,86.93,0.54
2010-11-22,21.81,33.03,85.7,1.01
2010-11-23,21.24,9.35,90.02,0.78
2010-11-24,21.13,7.2,92.59,1.05
2010-11-25,20.41,9.84,93.8,1.32
2010-11-26,20.51,8.04,92.92,1.1
2010-11-27,19.59,4.14,93.33,0.95
2010-11-28,20.21,14.6,94.57,1.31
2010-11-29,20.83,0.73,91.29,1.29
2010-11-30,21.14,5.6,91.45,1.27
2010-12-01,21.13,8.29,95.12,1.31
2010-12-02,21.23,13.16,91.56,1.14
2010-12-03,20.86,5.39,94.14,1.21
2010-12-04,19.78,0.63,92.65,1.35
2010-12-05,18.91,0.59,90.47,1.07
2010-12-06,20.43,0.01,81.9,0.86
2010-12-07,21.84,8.9,82.24,0.56
2010-12-08,21.14,10.15,90.16,0.99
2010-12-09,21.53,0.69,90.6,0.66
2010-12-10,21.59,0.15,86.82,1.12
2010-12-11,20.97,0.68,86.83,0.99
2010-12-12,20.86,2.41,88.29,1.04
2010-12-13,20.78,0.15,84.25,0.68
2010-12-14,21.88,1.15,87.67,0.52
2010-12-15,21.19,8.0,92.95,0.93
2010-12-16,21.33,7.56,90.66,1.04
2010-12-17,21.5,2.62,87.85,0.81
2010-12-18,21.29,0.5,90.28,1.19
2010-12-19,19.19,0.38,86.7,1.5
2010-12-20,20.68,1.54,91.13,1.42
2010-12-21,20.4,0.27,91.4,1.56
2010-12-22,18.93,0.0,80.82,1.11
2010-12-23,18.15,0.0,83.34,0.97
2010-12-24,18.14,0.0,86.29,0.94
2010-12-25,19.6,0.0,86.33,1.04
2010-12-26,19.56,0.0,85.16,1.02
2010-12-27,19.19,0.0,84.94,1.06
2010-12-28,18.46,0.98,88.43,0.99
2010-12-29,19.24,0.25,93.85,1.09
2010-12-30,20.66,0.34,90.49,1.29
2010-12-31,20.69,0.64,89.22,0.92
2011-01-01,21.37,0.58,84.88,0.83
2011-01-02,21.43,0.02,86.46,0.84
2011-01-03,20.76,0.13,90.09,1.11
2011-01-04,20.35,0.52,89.81,1.28
2011-01-05,19.95,0.16,89.73,1.56
2011-01-06,20.31,0.02,87.72,1.26
2011-01-07,20.6,0.0,88.47,1.26
2011-01-08,21.78,0.0,85.05,1.14
2011-01-09,22.09,1.77,83.85,1.08
2011-01-10,21.55,1.46,78.28,1.0
2011-01-11,21.09,0.0,75.48,0.89
2011-01-12,18.69,0.0,76.25,1.04
2011-01-13,18.2,0.0,79.82,1.15
2011-01-14,18.41,0.0,85.09,1.26
2011-01-15,19.69,0.09,88.9,1.33
2011-01-16,20.78,0.4,89.47,1.29
2011-01-17,21.17,0.02,86.55,0.92
2011-01-18,20.39,0.0,82.93,1.07
2011-01-19,18.77,0.0,71.25,0.96
2011-01-20,18.62,0.0,75.45,1.09
2011-01-21,18.85,0.0,80.93,1.27
2011-01-22,18.99,0.0,84.32,1.42
2011-01-23,19.04,0.0,85.41,1.58
2011-01-24,18.82,0.0,84.7,1.54
2011-01-25,18.92,0.0,84.02,1.43
2011-01-26,19.92,0.07,85.99,1.59
2011-01-27,20.27,0.01,82.45,1.65
2011-01-28,20.11,0.0,84.45,1.3
2011-01-29,21.02,0.0,82.5,1.42
2011-01-30,21.05,0.01,82.66,1.52
2011-01-31,20.85,0.0,77.76,1.6
2011-02-01,20.54,0.0,73.72,1.35
2011-02-02,19.97,0.0,74.56,1.54
2011-02-03,19.95,0.0,82.08,1.3
2011-02-04,20.84,0.0,76.82,1.24
2011-02-05,20.77,0.0,71.25,1.35
2011-02-06,20.67,0.0,77.35,1.25
2011-02-07,21.63,0.0,76.62,1.19
2011-02-08,22.52,0.0,64.2,0.98
2011-02-09,21.87,0.46,61.79,1.05
2011-02-10,20.9,5.96,64.54,1.26
2011-02-11,19.9,0.0,70.1,1.21
2011-02-12,20.63,0.0,69.29,1.29
2011-02-13,20.32,0.0,64.69,1.28
2011-02-14,21.47,0.0,65.38,0.78
2011-02-15,23.15,0.0,67.3,0.47
2011-02-16,23.99,0.0,69.23,0.62
2011-02-17,24.3,0.0,71.16,0.65
2011-02-18,24.74,0.0,71.55,0.64
2011-02-19,24.85,0.0,73.2,0.8
2011-02-20,25.1,0.0,70.16,0.88
2011-02-21,24.69,0.8,73.33,0.99
2011-02-22,23.23,7.34,79.2,1.19
2011-02-23,22.91,6.55,80.73,1.09
2011-02-24,22.36,14.92,84.75,0.9
2011-02-25,22.96,2.18,79.17,0.9
2011-02-26,23.01,9.87,79.48,0.84
2011-02-27,22.45,0.58,73.66,1.19
2011-02-28,22.69,0.0,68.85,1.47
2011-03-01,22.2,0.0,71.1,1.53
2011-03-02,22.0,0.0,66.67,1.42
2011-03-03,22.23,0.0,65.82,1.33
2011-03-04,23.43,0.0,66.62,1.21
2011-03-05,24.41,0.0,66.46,1.22
2011-03-06,24.39,0.0,60.24,1.26
2011-03-07,23.87,0.0,52.21,1.39
2011-03-08,24.52,0.0,48.92,1.45
2011-03-09,24.73,0.0,47.37,1.33
2011-03-10,24.14,0.0,49.55,1.33
2011-03-11,24.11,0.0,49.16,1.3
2011-03-12,24.12,0.01,55.97,1.34
2011-03-13,24.87,1.37,69.08,1.37
2011-03-14,24.65,0.69,66.28,1.47
2011-03-15,24.14,0.0,60.1,1.52
2011-03-16,23.67,0.0,61.94,1.56
2011-03-17,23.31,0.01,61.95,1.66
2011-03-18,23.2,0.0,63.95,1.36
2011-03-19,26.05,0.0,63.84,0.75
2011-03-20,26.53,0.0,64.29,0.74
2011-03-21,26.79,0.0,62.64,0.84
2011-03-22,27.15,0.0,58.11,1.22
2011-03-23,27.24,0.71,55.24,1.04
2011-03-24,27.28,0.53,55.74,0.9
2011-03-25,26.86,1.22,62.28,0.83
2011-03-26,27.02,0.11,62.96,0.9
2011-03-27,27.25,0.0,60.22,1.02
2011-03-28,26.85,0.0,60.06,0.8
2011-03-29,27.43,0.99,55.95,1.01
2011-03-30,27.16,0.1,49.37,1.3
2011-03-31,26.77,0.0,51.4,1.22
2011-04-01,27.79,0.0,50.03,0.92
2011-04-02,28.41,0.05,52.95,0.9
2011-04-03,27.54,0.51,59.21,0.78
2011-04-04,27.23,0.1,57.35,0.71
2011-04-05,26.87,0.01,56.55,0.93
2011-04-06,26.68,0.0,53.47,1.43
2011-04-07,26.27,0.0,49.68,1.49
2011-04-08,27.06,0.4,48.36,1.25
2011-04-09,27.84,1.48,54.9,1.18
2011-04-10,27.23,1.56,61.84,1.34
2011-04-11,27.23,1.84,61.95,1.28
2011-04-12,27.49,0.97,59.3,1.18
2011-04-13,28.41,0.85,54.79,1.02
2011-04-14,27.22,0.32,60.22,0.82
2011-04-15,26.8,1.29,59.77,0.84
2011-04-16,27.2,0.02,52.02,1.47
2011-04-17,27.06,0.5,56.61,1.08
2011-04-18,27.52,1.0,57.28,1.21
2011-04-19,26.61,0.64,63.45,0.59
2011-04-20,25.61,1.18,62.76,1.25
2011-04-21,25.01,4.86,69.76,1.28
2011-04-22,24.15,14.78,83.07,1.12
2011-04-23,22.65,14.88,90.72,0.94
2011-04-24,24.34,4.87,77.27,0.72
2011-04-25,24.03,7.77,81.82,1.04
2011-04-26,25.92,1.11,71.54,0.85
2011-04-27,26.6,0.06,68.44,0.93
2011-04-28,25.72,1.48,71.85,0.81
2011-04-29,25.88,0.39,73.14,1.25
2011-04-30,27.06,0.15,66.26,0.87
2011-05-01,26.69,0.81,68.23,0.92
2011-05-02,26.58,0.21,68.53,0.98
2011-05-03,25.82,17.03,75.91,1.18
2011-05-04,24.67,0.43,76.99,1.68
2011-05-05,24.86,0.04,75.95,1.12
2011-05-06,26.23,0.01,71.2,1.37
2011-05-07,27.07,0.0,63.52,2.14
2011-05-08,26.5,0.0,58.9,2.06
2011-05-09,26.15,0.22,61.62,1.92
2011-05-10,27.34,0.02,61.37,1.37
2011-05-11,27.4,0.0,61.67,1.12
2011-05-12,27.74,0.0,60.96,0.93
2011-05-13,27.83,4.21,62.54,1.02
2011-05-14,27.57,0.86,64.96,1.17
2011-05-15,27.72,0.0,65.16,0.84
2011-05-16,28.44,0.0,60.38,1.23
2011-05-17,28.27,0.09,60.51,0.74
2011-05-18,27.87,0.05,63.43,0.69
2011-05-19,26.13,0.41,72.72,0.77
2011-05-20,27.09,16.75,70.2,0.79
2011-05-21,25.82,1.14,74.01,1.47
2011-05-22,27.24,0.0,62.4,1.01
2011-05-23,27.15,0.94,64.02,1.21
2011-05-24,26.27,1.1,73.15,1.17
2011-05-25,26.26,0.43,75.04,1.01
2011-05-26,25.59,1.2,73.73,1.21
2011-05-27,25.52,5.83,75.32,1.07
2011-05-28,25.14,3.61,72.34,1.96
2011-05-29,24.57,2.64,76.61,1.95
2011-05-30,25.66,5.45,78.06,1.89
2011-05-31,24.61,21.24,77.93,2.81
2011-06-01,24.22,17.28,80.27,2.44
2011-06-02,23.64,8.57,82.16,3.02
2011-06-03,23.85,7.51,83.05,1.6
2011-06-04,24.37,2.85,80.42,1.87
2011-06-05,24.14,3.35,77.5,2.74
2011-06-06,24.36,3.09,73.5,2.85
2011-06-07,24.29,0.1,73.64,2.04
2011-06-08,24.95,0.11,73.03,1.95
2011-06-09,24.3,3.17,79.11,2.04
2011-06-10,24.85,0.5,76.87,2.7
2011-06-11,24.96,0.0,75.39,2.59
2011-06-12,24.4,0.0,77.38,2.36
2011-06-13,23.69,2.77,71.91,3.31
2011-06-14,22.93,4.42,77.5,3.49
2011-06-15,23.18,1.53,71.94,3.04
2011-06-16,23.01,2.48,76.18,3.26
2011-06-17,22.81,3.39,72.44,3.9
2011-06-18,23.83,0.79,67.95,4.06
2011-06-19,24.29,1.26,75.16,3.56
2011-06-20,24.73,0.59,73.29,3.16
2011-06-21,23.9,0.32,75.9,2.88
2011-06-22,23.86,0.12,74.72,3.02
2011-06-23,25.26,0.6,71.83,2.67
2011-06-24,25.26,0.87,72.89,2.94
2011-06-25,25.21,1.62,74.83,3.2
2011-06-26,24.61,1.14,75.54,3.57
2011-06-27,24.0,0.59,69.64,4.24
2011-06-28,23.87,0.03,63.51,4.22
2011-06-29,24.62,0.0,63.49,2.54
2011-06-30,25.68,0.78,64.68,1.49
2011-07-01,25.12,2.7,72.01,1.79
2011-07-02,23.8,0.07,71.26,2.51
2011-07-03,24.32,0.16,69.38,2.26
2011-07-04,24.37,0.41,65.94,3.25
2011-07-05,22.49,11.16,68.4,3.21
2011-07-06,23.28,1.38,72.43,3.22
2011-07-07,23.75,17.16,70.41,2.77
2011-07-08,23.05,0.57,73.91,2.27
2011-07-09,23.75,13.5,75.58,1.34
2011-07-10,23.65,1.65,72.48,2.01
2011-07-11,24.34,4.18,75.21,2.77
2011-07-12,22.25,2.45,75.62,4.22
2011-07-13,22.83,0.26,66.78,4.47
2011-07-14,22.59,1.33,65.75,4.64
2011-07-15,22.67,1.64,69.71,4.62
2011-07-16,23.63,3.15,73.1,4.18
2011-07-17,23.41,2.17,73.8,3.75
2011-07-18,23.18,1.79,76.58,3.66
2011-07-19,23.38,0.98,72.73,3.64
2011-07-20,23.53,0.62,72.53,4.01
2011-07-21,24.0,0.75,68.96,3.59
2011-07-22,23.0,0.45,72.51,3.52
2011-07-23,23.57,1.19,73.32,3.54
2011-07-24,22.62,1.17,76.04,3.68
2011-07-25,23.82,0.75,68.86,2.72
2011-07-26,23.78,1.54,68.8,2.71
2011-07-27,22.84,0.12,69.33,3.35
2011-07-28,23.3,4.22,68.12,3.39
2011-07-29,22.12,0.67,71.67,3.43
2011-07-30,23.23,0.51,73.02,2.26
2011-07-31,24.68,0.2,72.87,2.73
2011-08-01,24.4,0.02,70.08,2.9
2011-08-02,24.68,0.34,71.14,3.46
2011-08-03,23.55,0.84,76.02,3.12
2011-08-04,23.63,0.47,73.52,3.32
2011-08-05,22.85,5.18,75.76,3.15
2011-08-06,23.06,5.73,74.33,3.77
2011-08-07,23.48,1.83,76.94,3.3
2011-08-08,23.95,7.03,76.74,2.35
2011-08-09,24.4,1.15,72.2,2.38
2011-08-10,24.82,0.52,68.34,2.64
2011-08-11,24.2,1.97,73.63,2.73
2011-08-12,23.34,2.2,74.0,2.56
2011-08-13,24.19,0.12,70.41,2.09
2011-08-14,24.82,0.0,62.81,1.39
2011-08-15,24.22,15.54,73.7,0.88
2011-08-16,23.61,1.11,77.51,1.35
2011-08-17,23.4,8.91,80.6,1.2
2011-08-18,23.63,0.77,74.85,2.4
2011-08-19,23.91,0.97,74.14,2.03
2011-08-20,24.15,1.15,76.6,1.8
2011-08-21,23.79,0.1,74.16,2.25
2011-08-22,24.19,0.07,71.49,1.7
2011-08-23,24.26,0.77,72.74,2.26
2011-08-24,22.06,3.72,77.4,2.63
2011-08-25,23.4,1.83,76.47,2.5
2011-08-26,24.6,0.26,70.18,2.35
2011-08-27,23.47,0.09,75.57,2.77
2011-08-28,24.23,1.14,73.38,2.86
2011-08-29,23.26,2.84,76.48,3.48
2011-08-30,22.88,2.5,72.01,3.49
2011-08-31,23.74,9.07,74.26,3.35
2011-09-01,23.28,4.33,79.19,3.78
2011-09-02,23.63,8.28,79.9,2.55
2011-09-03,22.8,1.18,80.39,2.69
2011-09-04,24.26,1.0,73.98,2.5
2011-09-05,24.84,0.54,72.16,2.34
2011-09-06,23.46,1.95,74.7,2.71
2011-09-07,23.55,0.35,73.32,2.62
2011-09-08,24.08,13.79,77.48,1.77
2011-09-09,23.61,4.61,78.4,1.89
2011-09-10,23.88,5.06,76.43,2.33
2011-09-11,23.47,0.74,76.59,2.67
2011-09-12,23.28,14.71,72.96,2.54
2011-09-13,21.6,2.85,72.62,3.15
2011-09-14,22.41,2.67,73.64,3.11
2011-09-15,23.47,4.19,74.59,3.24
2011-09-16,24.37,1.14,73.72,2.2
2011-09-17,24.11,1.16,77.05,1.7
2011-09-18,23.93,0.09,76.49,1.59
2011-09-19,24.97,1.58,73.0,1.63
2011-09-20,24.34,1.16,74.34,1.78
2011-09-21,22.93,6.75,77.48,2.26
2011-09-22,24.19,0.37,72.93,1.82
2011-09-23,23.94,0.04,70.68,1.73
2011-09-24,24.93,0.73,68.95,1.37
2011-09-25,25.79,0.16,68.9,0.77
2011-09-26,25.66,3.6,68.43,1.23
2011-09-27,25.52,0.17,68.8,1.13
2011-09-28,25.79,0.0,65.84,1.13
2011-09-29,25.29,2.5,66.33,1.2
2011-09-30,23.93,13.05,80.09,0.83
2011-10-01,23.99,2.9,80.04,0.57
2011-10-02,24.61,2.36,76.42,0.71
2011-10-03,25.73,2.91,71.47,0.7
2011-10-04,25.14,3.73,74.16,1.21
2011-10-05,24.82,3.95,74.45,0.54
2011-10-06,25.58,3.79,70.74,0.81
2011-10-07,25.72,2.0,70.09,0.69
2011-10-08,25.7,0.55,69.99,0.79
2011-10-09,25.64,1.45,70.23,0.81
2011-10-10,24.82,0.19,75.29,0.56
2011-10-11,24.86,0.61,73.1,0.8
2011-10-12,23.21,14.91,81.64,0.85
2011-10-13,23.85,12.21,82.16,0.77
2011-10-14,24.45,5.29,80.38,0.69
2011-10-15,24.11,3.31,83.04,0.71
2011-10-16,22.09,15.17,91.45,1.22
2011-10-17,22.38,9.02,85.82,0.64
2011-10-18,22.8,21.36,87.55,0.73
2011-10-19,23.51,6.03,84.96,0.77
2011-10-20,24.18,0.62,79.45,0.84
2011-10-21,24.08,0.74,77.55,0.9
2011-10-22,23.35,2.46,82.78,1.16
2011-10-23,21.7,3.1,87.86,0.99
2011-10-24,22.81,3.93,83.29,1.3
2011-10-25,21.86,8.03,86.08,1.51
2011-10-26,21.79,10.38,89.86,2.22
2011-10-27,22.4,6.74,87.72,1.61
2011-10-28,22.01,4.95,88.08,1.47
2011-10-29,21.01,20.02,90.15,1.62
2011-10-30,20.89,13.9,94.8,1.59
2011-10-31,21.82,7.8,89.71,1.48
2011-11-01,21.37,11.57,95.33,1.45
2011-11-02,21.59,5.77,90.1,0.68
2011-11-03,22.14,10.34,83.12,0.75
2011-11-04,22.03,2.59,80.87,0.77
2011-11-05,22.57,2.78,86.91,0.8
2011-11-06,23.06,9.86,89.19,0.53
2011-11-07,22.65,4.95,90.3,0.87
2011-11-08,20.42,0.16,78.11,1.22
2011-11-09,19.46,0.0,78.13,1.24
2011-11-10,19.74,0.0,73.48,1.11
2011-11-11,20.76,0.0,76.41,1.03
2011-11-12,21.29,0.0,83.47,0.81
2011-11-13,21.92,0.04,80.62,0.99
2011-11-14,21.78,0.73,86.15,1.27
2011-11-15,21.29,0.12,80.64,1.39
2011-11-16,21.38,1.46,78.84,1.25
2011-11-17,21.98,2.69,86.0,1.49
2011-11-18,22.51,1.98,85.51,1.63
2011-11-19,21.31,0.5,83.21,1.68
2011-11-20,20.63,0.23,82.46,1.82
2011-11-21,21.57,0.26,84.16,1.88
2011-11-22,21.43,0.07,83.26,1.79
2011-11-23,21.38,0.53,84.78,1.82
2011-11-24,22.17,7.49,89.33,2.36
2011-11-25,21.84,22.14,93.31,2.85
2011-11-26,22.29,20.17,93.54,3.53
2011-11-27,22.0,14.06,95.96,1.59
2011-11-28,22.06,7.95,92.24,0.74
2011-11-29,22.52,1.91,89.36,1.07
2011-11-30,22.5,2.88,90.79,1.55
2011-12-01,22.0,1.02,87.85,1.01
2011-12-02,22.28,0.3,85.73,0.75
2011-12-03,22.86,0.27,79.73,0.61
2011-12-04,22.07,4.32,86.03,0.65
2011-12-05,21.15,1.82,86.16,1.06
2011-12-06,20.03,0.2,83.11,1.25
2011-12-07,19.44,0.0,83.49,1.46
2011-12-08,19.33,0.01,84.93,1.35
2011-12-09,21.44,0.21,87.03,1.28
2011-12-10,22.02,0.13,85.85,1.25
2011-12-11,21.79,0.28,86.55,1.2
2011-12-12,20.81,0.06,86.29,1.11
2011-12-13,21.44,0.15,85.67,1.67
2011-12-14,21.34,0.14,85.99,1.64
2011-12-15,21.31,0.89,85.5,1.15
2011-12-16,20.75,0.51,82.71,1.75
2011-12-17,19.52,0.0,80.66,1.44
2011-12-18,19.66,0.39,84.89,1.8
2011-12-19,19.57,1.1,86.51,1.35
2011-12-20,19.38,0.05,79.01,1.4
2011-12-21,19.02,0.0,82.14,1.43
2011-12-22,19.62,0.0,80.7,1.42
2011-12-23,19.69,0.0,80.09,0.94
2011-12-24,20.6,1.64,76.95,1.26
2011-12-25,19.91,0.02,72.53,1.36
2011-12-26,19.99,0.0,63.38,1.29
2011-12-27,21.43,0.0,58.34,1.09
2011-12-28,21.61,0.0,67.98,0.87
2011-12-29,22.18,0.16,63.18,1.13
2011-12-30,22.57,16.42,80.35,1.51
2011-12-31,21.8,11.3,89.47,1.68
2012-01-01,20.32,0.27,78.26,1.14
2012-01-02,21.21,0.0,75.72,0.99
2012-01-03,22.27,0.0,75.55,0.93
2012-01-04,23.01,0.0,80.95,1.3
2012-01-05,23.07,0.0,78.33,1.31
2012-01-06,22.22,0.0,76.16,1.33
2012-01-07,21.17,0.0,75.61,1.39
2012-01-08,22.14,0.11,81.82,1.66
2012-01-09,23.06,0.03,78.39,1.06
2012-01-10,23.45,0.47,75.11,0.78
2012-01-11,22.32,1.75,80.37,0.8
2012-01-12,21.96,0.24,76.57,1.09
2012-01-13,21.51,0.0,77.1,1.38
2012-01-14,21.03,0.0,73.78,1.48
2012-01-15,19.6,0.0,70.1,1.46
2012-01-16,19.01,0.0,65.22,1.27
2012-01-17,19.77,0.0,63.68,1.09
2012-01-18,20.89,0.0,56.39,0.93
2012-01-19,21.62,0.08,61.99,0.9
2012-01-20,21.47,0.02,62.51,0.97
2012-01-21,21.14,0.0,63.72,1.07
2012-01-22,20.12,0.0,68.59,1.3
2012-01-23,19.78,0.0,68.69,1.44
2012-01-24,19.53,0.0,67.42,1.22
2012-01-25,19.49,0.0,65.71,1.3
2012-01-26,20.23,0.01,67.02,1.27
2012-01-27,21.25,0.01,71.52,1.08
2012-01-28,21.75,0.0,72.52,1.21
2012-01-29,21.74,0.0,71.69,1.18
2012-01-30,21.38,0.1,70.92,1.41
2012-01-31,20.93,0.19,71.49,1.55
2012-02-01,20.64,0.0,68.69,1.77
2012-02-02,20.41,0.0,72.68,1.84
2012-02-03,21.53,0.0,72.58,1.94
2012-02-04,22.2,0.0,69.14,1.27
2012-02-05,22.07,0.0,70.7,1.24
2012-02-06,22.74,0.0,71.61,1.37
2012-02-07,24.1,0.0,68.93,1.47
2012-02-08,22.66,0.0,73.88,1.2
2012-02-09,23.22,0.0,77.23,1.02
2012-02-10,23.15,0.59,73.78,1.2
2012-02-11,22.96,2.51,74.94,1.15
2012-02-12,23.03,0.45,67.13,1.4
2012-02-13,22.73,0.0,65.01,1.39
2012-02-14,23.68,0.0,63.36,1.29
2012-02-15,24.61,0.0,62.05,0.95
2012-02-16,25.02,0.0,59.99,1.1
2012-02-17,23.9,0.0,62.32,1.15
2012-02-18,23.05,0.0,62.84,1.43
2012-02-19,22.48,0.0,61.61,1.49
2012-02-20,22.94,0.0,54.02,1.39
2012-02-21,23.44,0.0,50.76,1.43
2012-02-22,23.07,0.0,49.24,1.54
2012-02-23,22.68,0.0,51.48,1.65
2012-02-24,22.74,0.0,44.13,1.6
2012-02-25,23.23,0.0,41.81,1.88
2012-02-26,23.67,0.0,39.17,1.58
2012-02-27,24.53,0.0,47.35,1.6
2012-02-28,26.2,0.0,49.99,0.79
2012-02-29,27.72,0.0,51.72,1.08
2012-03-01,27.84,0.0,51.23,1.23
2012-03-02,28.07,0.0,51.74,0.86
2012-03-03,28.17,0.0,51.72,0.77
2012-03-04,28.13,0.0,48.84,0.89
2012-03-05,27.18,0.0,51.04,1.09
2012-03-06,27.45,0.0,49.91,1.1
2012-03-07,27.98,0.05,48.96,0.67
2012-03-08,26.64,0.02,57.85,1.21
2012-03-09,26.24,0.0,53.43,1.21
2012-03-10,26.49,0.0,50.95,1.03
2012-03-11,26.4,0.08,51.39,1.79
2012-03-12,23.59,0.86,71.19,1.23
2012-03-13,25.91,1.09,64.81,1.85
2012-03-14,26.55,0.7,58.69,1.66
2012-03-15,27.03,0.42,55.59,1.55
2012-03-16,26.68,3.89,59.61,1.11
2012-03-17,27.36,0.04,54.01,1.29
2012-03-18,27.19,0.0,46.58,1.39
2012-03-19,27.56,0.0,44.64,1.4
2012-03-20,27.75,0.0,44.43,1.25
2012-03-21,28.05,0.0,45.5,1.17
2012-03-22,28.13,1.36,49.85,1.24
2012-03-23,27.17,0.25,47.3,1.45
2012-03-24,26.82,0.0,36.64,1.5
2012-03-25,25.99,0.0,34.71,1.39
2012-03-26,25.84,0.0,36.89,1.44
2012-03-27,25.77,0.27,55.87,1.42
2012-03-28,27.18,0.46,58.55,1.33
2012-03-29,27.08,0.73,58.52,0.85
2012-03-30,27.82,0.41,54.04,1.03
2012-03-31,27.6,11.58,57.33,1.08
2012-04-01,25.49,7.54,70.0,1.23
2012-04-02,24.81,0.1,67.24,1.06
2012-04-03,25.92,0.0,59.95,1.17
2012-04-04,26.93,0.72,57.42,1.1
2012-04-05,27.63,0.23,55.13,1.1
2012-04-06,28.16,2.36,54.4,1.09
2012-04-07,27.73,0.22,55.67,1.37
2012-04-08,28.26,0.0,51.27,1.31
2012-04-09,28.15,0.07,54.96,0.95
2012-04-10,28.59,0.06,52.67,1.19
2012-04-11,28.88,0.71,52.99,1.24
2012-04-12,28.29,0.47,53.53,0.86
2012-04-13,27.7,0.02,52.41,1.25
2012-04-14,26.35,0.85,60.6,1.31
2012-04-15,27.48,0.48,58.75,1.3
2012-04-16,28.05,0.06,56.3,1.03
2012-04-17,28.35,0.42,54.12,1.07
2012-04-18,28.45,0.03,54.86,1.14
2012-04-19,28.02,0.0,55.02,1.26
2012-04-20,28.58,1.57,50.81,1.11
2012-04-21,29.02,0.66,53.87,1.31
2012-04-22,29.68,0.18,47.89,0.95
2012-04-23,28.51,3.21,55.79,0.82
2012-04-24,25.64,29.02,76.05,0.67
2012-04-25,23.72,10.15,85.49,1.13
2012-04-26,23.82,9.84,83.19,0.79
2012-04-27,24.46,6.22,83.33,0.87
2012-04-28,24.89,1.11,76.45,1.46
2012-04-29,25.35,5.18,75.91,0.79
2012-04-30,25.16,2.1,80.41,0.98
2012-05-01,25.81,3.97,76.3,1.13
2012-05-02,25.51,0.49,76.58,1.09
2012-05-03,26.15,1.38,73.75,1.43
2012-05-04,24.62,2.18,81.67,1.6
2012-05-05,24.53,3.81,77.9,1.93
2012-05-06,26.13,0.22,67.3,1.47
2012-05-07,27.72,3.9,63.59,1.07
2012-05-08,27.21,19.87,68.8,0.78
2012-05-09,26.75,3.07,68.38,0.82
2012-05-10,26.68,8.07,67.81,0.76
2012-05-11,25.95,11.17,75.39,1.05
2012-05-12,25.68,2.73,76.12,1.21
2012-05-13,26.67,0.01,69.89,0.97
2012-05-14,26.37,0.01,73.0,0.84
2012-05-15,26.07,1.23,75.83,1.17
2012-05-16,27.0,0.42,70.29,1.03
2012-05-17,26.74,0.06,72.22,1.42
2012-05-18,26.07,0.79,74.96,0.92
2012-05-19,26.49,0.19,74.24,1.31
2012-05-20,26.19,0.42,72.71,0.95
2012-05-21,23.75,0.74,75.38,2.05
2012-05-22,24.33,0.12,77.74,1.46
2012-05-23,25.32,0.47,71.95,1.71
2012-05-24,26.12,0.22,69.9,2.19
2012-05-25,25.34,0.07,69.41,2.4
2012-05-26,24.0,0.1,77.22,1.76
2012-05-27,25.42,0.27,72.78,2.2
2012-05-28,25.82,0.14,71.71,2.23
2012-05-29,24.85,0.05,77.01,1.75
2012-05-30,25.9,0.02,71.49,2.1
2012-05-31,24.95,0.13,73.18,2.8
2012-06-01,25.56,0.04,65.46,2.54
2012-06-02,26.69,0.01,66.78,2.67
2012-06-03,25.99,10.51,73.78,2.84
2012-06-04,25.36,2.99,76.41,2.51
2012-06-05,24.63,0.82,71.18,3.65
2012-06-06,24.12,2.78,69.07,3.85
2012-06-07,23.87,1.48,73.48,3.66
2012-06-08,24.6,0.26,67.27,3.52
2012-06-09,24.25,0.13,68.6,3.34
2012-06-10,24.91,0.03,70.71,3.16
2012-06-11,25.28,0.0,68.61,2.75
2012-06-12,24.8,1.17,70.66,2.97
2012-06-13,23.42,2.88,69.22,2.79
2012-06-14,23.51,4.86,74.54,2.54
2012-06-15,24.5,3.14,74.09,2.66
2012-06-16,24.42,5.12,74.5,3.41
2012-06-17,23.03,6.4,72.07,4.18
2012-06-18,22.99,1.24,73.48,3.45
2012-06-19,24.34,0.93,73.61,3.24
2012-06-20,23.41,0.16,76.75,3.21
2012-06-21,23.89,1.56,74.24,2.88
2012-06-22,24.05,0.82,74.58,2.83
2012-06-23,25.32,0.14,69.27,2.4
2012-06-24,25.86,0.01,68.63,2.0
2012-06-25,25.23,0.11,71.03,1.77
2012-06-26,25.23,0.26,71.12,1.63
2012-06-27,23.98,1.37,71.72,2.19
2012-06-28,22.85,1.7,77.9,1.92
2012-06-29,23.31,1.55,78.14,2.15
2012-06-30,23.5,1.68,73.58,3.22
2012-07-01,22.99,3.45,76.12,3.67
2012-07-02,22.85,2.05,74.86,3.98
2012-07-03,23.8,0.82,71.3,4.11
2012-07-04,24.59,0.34,70.02,3.4
2012-07-05,25.03,0.13,69.33,2.74
2012-07-06,25.09,0.35,69.51,2.36
2012-07-07,24.36,0.51,75.19,2.3
2012-07-08,24.87,0.54,72.36,2.46
2012-07-09,23.72,4.92,79.47,2.18
2012-07-10,24.09,3.84,75.26,2.79
2012-07-11,24.17,1.6,72.13,3.21
2012-07-12,24.75,0.63,72.11,2.55
2012-07-13,24.99,6.74,72.2,2.35
2012-07-14,24.15,1.48,76.43,1.83
2012-07-15,24.43,0.47,75.43,1.38
2012-07-16,24.77,0.84,72.98,0.68
2012-07-17,25.04,5.26,74.52,0.89
2012-07-18,24.89,0.24,67.46,2.0
2012-07-19,24.28,0.0,71.26,2.63
2012-07-20,24.24,0.77,76.05,2.79
2012-07-21,24.11,0.53,73.99,3.53
2012-07-22,24.75,1.05,70.55,3.96
2012-07-23,24.98,0.37,71.04,3.35
2012-07-24,25.17,0.41,69.72,3.07
2012-07-25,24.81,0.67,71.32,3.44
2012-07-26,24.94,0.29,69.67,3.49
2012-07-27,24.62,0.0,70.82,3.03
2012-07-28,24.28,0.36,72.82,2.97
2012-07-29,24.03,0.22,73.82,2.44
2012-07-30,24.32,0.02,71.62,2.54
2012-07-31,23.62,0.01,74.26,2.49
2012-08-01,24.36,0.0,70.38,2.36
2012-08-02,24.36,0.0,72.0,2.87
2012-08-03,24.86,0.01,69.81,3.06
2012-08-04,24.87,0.15,68.48,3.32
2012-08-05,25.0,0.42,70.18,3.11
2012-08-06,24.79,0.97,68.96,2.95
2012-08-07,24.57,1.96,67.39,2.9
2012-08-08,24.15,2.98,75.97,2.33
2012-08-09,23.47,2.57,77.86,2.5
2012-08-10,23.78,1.41,74.36,2.97
2012-08-11,23.57,13.85,76.17,2.59
2012-08-12,24.3,0.61,74.17,1.9
2012-08-13,24.61,0.12,70.5,1.66
2012-08-14,23.62,4.65,68.88,1.96
2012-08-15,23.79,3.89,74.36,2.18
2012-08-16,23.32,15.57,80.79,1.39
2012-08-17,22.98,8.9,78.82,2.48
2012-08-18,23.34,0.74,72.1,3.43
2012-08-19,24.03,0.08,66.13,3.1
2012-08-20,25.49,0.01,64.66,1.72
2012-08-21,25.15,3.36,68.25,1.23
2012-08-22,24.82,0.07,71.06,0.98
2012-08-23,25.51,1.07,72.9,1.11
2012-08-24,25.27,19.49,74.57,1.15
2012-08-25,23.98,2.18,81.04,1.45
2012-08-26,22.98,0.64,79.94,2.26
2012-08-27,23.55,1.1,71.07,2.71
2012-08-28,23.95,2.22,71.91,2.65
2012-08-29,23.04,4.08,79.54,2.63
2012-08-30,23.3,2.11,79.34,2.37
2012-08-31,23.24,3.57,79.23,2.4
2012-09-01,23.84,0.16,70.72,3.01
2012-09-02,24.29,1.22,71.15,3.1
2012-09-03,24.06,3.18,77.68,2.79
2012-09-04,22.96,2.51,75.04,3.4
2012-09-05,24.85,0.36,69.19,2.61
2012-09-06,24.87,3.96,73.09,1.91
2012-09-07,23.99,1.34,72.98,2.57
2012-09-08,24.02,1.47,70.05,2.61
2012-09-09,22.94,3.27,75.05,2.66
2012-09-10,23.05,0.26,69.05,3.16
2012-09-11,23.95,0.69,64.18,2.84
2012-09-12,23.65,0.18,68.73,2.35
2012-09-13,24.49,6.57,74.19,1.89
2012-09-14,23.75,3.41,78.85,2.15
2012-09-15,24.19,1.69,75.12,2.52
2012-09-16,24.26,1.31,69.8,2.53
2012-09-17,24.95,3.55,71.55,1.75
2012-09-18,25.35,3.46,70.05,1.52
2012-09-19,26.08,0.28,65.79,0.84
2012-09-20,26.47,0.0,64.36,1.27
2012-09-21,26.3,0.0,64.67,1.09
2012-09-22,25.25,0.5,69.42,1.58
2012-09-23,25.43,0.2,68.62,1.1
2012-09-24,25.43,5.3,67.7,1.63
2012-09-25,25.04,0.65,65.62,1.51
2012-09-26,25.92,0.03,65.9,1.12
2012-09-27,24.21,6.43,74.36,1.14
2012-09-28,23.66,3.02,79.72,1.23
2012-09-29,24.38,1.11,72.63,1.28
2012-09-30,23.86,1.71,76.03,1.88
2012-10-01,24.02,0.07,71.21,1.92
2012-10-02,24.41,0.01,72.15,2.08
2012-10-03,24.9,0.0,70.05,1.9
2012-10-04,25.4,0.0,68.35,1.53
2012-10-05,26.46,0.0,62.73,1.0
2012-10-06,26.64,0.02,63.93,0.64
2012-10-07,25.17,22.82,77.2,0.81
2012-10-08,25.07,4.47,74.61,0.78
2012-10-09,25.21,6.03,72.21,0.93
2012-10-10,24.93,2.98,71.97,0.91
2012-10-11,24.4,3.06,78.94,0.9
2012-10-12,24.19,1.88,79.72,1.19
2012-10-13,24.18,1.13,80.42,1.22
2012-10-14,23.44,27.11,84.6,1.05
2012-10-15,23.22,6.72,85.78,0.66
2012-10-16,23.09,12.73,85.3,1.02
2012-10-17,22.97,16.13,82.64,1.36
2012-10-18,23.08,9.72,82.96,1.5
2012-10-19,22.1,18.42,89.51,1.55
2012-10-20,20.84,7.17,92.56,1.64
2012-10-21,21.84,15.63,92.2,1.51
2012-10-22,22.13,8.88,91.08,1.45
2012-10-23,22.31,5.88,89.28,1.56
2012-10-24,22.33,5.79,88.75,1.17
2012-10-25,22.92,0.54,84.84,1.13
2012-10-26,23.17,0.77,84.67,1.38
2012-10-27,22.82,1.76,84.85,1.36
2012-10-28,22.75,1.43,86.76,1.61
2012-10-29,22.57,1.76,86.88,1.22
2012-10-30,21.48,0.96,87.4,1.11
2012-10-31,21.26,13.69,86.92,1.46
2012-11-01,21.92,5.62,89.89,2.0
2012-11-02,22.83,0.46,81.98,1.5
2012-11-03,22.77,0.0,78.8,1.26
2012-11-04,22.83,0.0,75.2,0.84
2012-11-05,23.17,0.0,79.74,0.43
2012-11-06,23.42,1.18,82.64,1.14
2012-11-07,23.19,5.92,84.7,0.86
2012-11-08,22.83,5.25,86.18,0.8
2012-11-09,22.47,2.13,86.65,0.93
2012-11-10,23.1,0.31,82.28,1.19
2012-11-11,22.94,0.7,78.09,1.25
2012-11-12,22.6,0.19,75.3,1.15
2012-11-13,22.28,0.03,72.13,1.15
2012-11-14,21.68,0.0,64.25,1.32
2012-11-15,21.2,0.0,65.04,0.99
2012-11-16,21.9,0.02,66.63,0.85
2012-11-17,22.8,0.4,69.98,0.68
2012-11-18,24.14,0.0,71.04,0.53
2012-11-19,24.4,0.0,75.64,0.44
2012-11-20,24.1,0.0,76.63,0.63
2012-11-21,24.64,0.0,73.61,0.69
2012-11-22,24.6,2.46,75.73,0.6
2012-11-23,24.03,5.81,82.91,0.9
2012-11-24,22.41,3.48,85.45,1.55
2012-11-25,22.46,1.0,86.19,1.53
2012-11-26,21.8,0.07,83.43,1.29
2012-11-27,22.73,0.0,77.99,1.53
2012-11-28,22.37,0.0,74.33,1.29
2012-11-29,21.16,0.0,70.04,1.12
2012-11-30,21.45,0.0,70.95,1.12
2012-12-01,21.4,0.0,67.94,1.12
2012-12-02,21.29,0.0,70.93,1.26
2012-12-03,22.3,0.36,79.5,1.41
2012-12-04,22.45,0.5,86.74,1.44
2012-12-05,23.06,0.02,76.32,1.86
2012-12-06,23.43,1.21,80.17,1.93
2012-12-07,23.26,0.12,75.86,1.86
2012-12-08,23.63,0.04,73.92,1.24
2012-12-09,22.92,1.2,69.66,1.15
2012-12-10,21.97,0.29,66.24,1.19
2012-12-11,22.44,0.0,70.09,1.11
2012-12-12,23.12,0.0,69.37,1.08
2012-12-13,23.21,0.0,67.23,0.94
2012-12-14,22.36,0.0,70.86,1.43
2012-12-15,21.36,0.0,74.31,1.74
2012-12-16,21.33,0.0,73.13,2.04
2012-12-17,21.59,0.0,70.22,2.56
2012-12-18,21.78,0.08,74.48,2.41
2012-12-19,22.13,0.49,76.65,1.85
2012-12-20,22.57,0.18,78.2,2.01
2012-12-21,23.12,0.11,75.19,2.01
2012-12-22,22.53,0.0,70.56,1.75
2012-12-23,22.5,0.0,67.57,2.2
2012-12-24,22.67,0.0,71.5,1.63
2012-12-25,22.73,0.04,77.29,1.84
2012-12-26,23.04,1.34,77.93,1.73
2012-12-27,22.18,2.35,85.11,2.03
2012-12-28,22.22,0.71,86.72,1.56
2012-12-29,23.21,1.66,86.42,1.95
2012-12-30,23.45,0.39,81.86,1.36
2012-12-31,23.49,0.91,77.7,1.25
2013-01-01,23.83,0.05,71.99,1.2
2013-01-02,23.88,0.0,62.27,1.08
2013-01-03,23.61,0.0,61.32,1.22
2013-01-04,24.48,0.0,62.63,0.98
2013-01-05,24.19,0.0,67.83,1.18
2013-01-06,24.31,0.0,68.65,1.24
2013-01-07,23.84,0.32,67.69,1.39
2013-01-08,23.44,1.81,75.41,1.14
2013-01-09,23.02,0.54,75.29,1.31
2013-01-10,23.21,0.01,67.92,1.32
2013-01-11,22.2,0.0,64.86,1.37
2013-01-12,22.09,0.0,63.6,1.32
2013-01-13,21.37,0.0,62.88,1.38
2013-01-14,20.79,0.0,61.12,1.23
2013-01-15,21.61,0.0,67.78,1.47
2013-01-16,21.37,0.0,69.16,1.58
2013-01-17,21.36,0.0,68.55,1.39
2013-01-18,21.83,0.0,67.82,1.3
2013-01-19,22.27,0.0,64.57,1.39
2013-01-20,22.18,0.0,61.82,1.27
2013-01-21,23.33,0.0,66.09,1.32
2013-01-22,22.3,0.0,59.22,1.3
2013-01-23,22.96,0.0,59.83,1.24
2013-01-24,22.97,0.0,61.1,1.23
2013-01-25,23.13,0.0,58.86,1.38
2013-01-26,22.25,0.0,59.24,1.36
2013-01-27,22.72,0.0,64.24,1.52
2013-01-28,23.68,0.08,59.75,1.14
2013-01-29,23.81,0.05,58.4,0.96
2013-01-30,23.68,0.0,60.26,1.48
2013-01-31,23.12,0.0,59.61,1.9
2013-02-01,21.9,0.0,54.81,1.52
2013-02-02,22.46,0.0,55.36,1.4
2013-02-03,22.86,0.0,56.71,1.38
2013-02-04,23.95,0.0,55.62,1.19
2013-02-05,24.47,0.88,69.6,1.56
2013-02-06,24.13,4.85,73.64,1.25
2013-02-07,25.3,0.26,60.43,1.09
2013-02-08,25.93,0.0,54.17,0.97
2013-02-09,25.53,0.0,57.71,1.42
2013-02-10,24.7,0.0,57.79,1.96
2013-02-11,24.19,0.11,64.96,2.45
2013-02-12,24.92,0.3,62.97,2.39
2013-02-13,22.71,3.01,78.45,1.94
2013-02-14,21.81,6.28,80.86,1.9
2013-02-15,22.5,0.89,76.77,1.3
2013-02-16,24.79,0.07,67.31,0.94
2013-02-17,25.18,2.26,66.89,0.72
2013-02-18,24.82,8.33,74.25,0.61
2013-02-19,22.61,10.13,87.89,1.31
2013-02-20,24.25,0.26,68.95,1.39
2013-02-21,23.68,0.0,62.13,1.64
2013-02-22,22.96,0.0,62.82,1.57
2013-02-23,23.16,0.0,61.51,1.39
2013-02-24,23.66,0.0,58.31,1.25
2013-02-25,23.4,0.0,53.15,1.24
2013-02-26,23.09,0.0,46.7,1.31
2013-02-27,24.09,0.0,44.81,1.33
2013-02-28,24.97,0.0,47.51,1.23
2013-03-01,24.92,0.0,48.27,1.44
2013-03-02,24.45,0.0,47.28,1.76
2013-03-03,24.51,0.0,49.81,1.61
2013-03-04,24.67,0.08,62.32,2.06
2013-03-05,23.65,8.59,80.09,2.29
2013-03-06,24.1,3.29,78.19,1.88
2013-03-07,24.7,0.45,73.87,2.16
2013-03-08,23.62,4.38,77.88,1.1
2013-03-09,24.46,2.62,79.03,1.03
2013-03-10,25.41,0.06,68.21,0.91
2013-03-11,25.88,1.09,60.91,1.16
2013-03-12,26.09,0.02,55.67,0.94
2013-03-13,26.62,0.0,48.41,1.22
2013-03-14,25.27,0.0,52.06,1.34
2013-03-15,25.22,1.13,58.82,1.27
2013-03-16,24.71,3.9,67.97,1.35
2013-03-17,25.89,0.04,60.74,1.12
2013-03-18,26.72,0.0,56.55,0.99
2013-03-19,26.3,0.0,54.23,1.19
2013-03-20,27.19,0.0,52.7,1.22
2013-03-21,27.25,0.0,50.42,1.3
2013-03-22,27.19,0.0,44.47,1.39
2013-03-23,27.12,0.0,40.67,1.3
2013-03-24,27.68,0.09,42.6,1.3
2013-03-25,27.15,1.56,58.31,0.75
2013-03-26,27.45,1.59,57.96,0.75
2013-03-27,28.24,0.05,51.75,1.2
2013-03-28,28.98,0.01,49.58,0.76
2013-03-29,29.46,0.0,50.37,0.89
2013-03-30,28.78,0.0,52.94,0.73
2013-03-31,29.54,0.0,52.25,1.18
2013-04-01,30.14,0.0,48.12,0.88
2013-04-02,30.37,0.0,45.44,0.94
2013-04-03,28.9,0.0,51.92,1.04
2013-04-04,29.87,0.0,48.44,0.89
2013-04-05,30.14,0.0,47.42,0.97
2013-04-06,29.86,0.0,50.77,1.36
2013-04-07,30.25,0.0,46.8,0.73
2013-04-08,29.52,0.0,50.14,1.29
2013-04-09,29.81,0.52,49.41,1.28
2013-04-10,29.97,0.07,48.57,1.06
2013-04-11,29.78,0.0,49.22,1.03
2013-04-12,29.58,0.0,48.05,1.53
2013-04-13,30.03,0.01,46.52,1.12
2013-04-14,28.77,0.2,54.09,0.82
2013-04-15,26.91,7.97,64.53,0.96
2013-04-16,28.18,0.57,60.62,1.11
2013-04-17,29.17,0.02,55.98,0.88
2013-04-18,28.06,0.0,57.15,0.97
2013-04-19,29.33,0.0,49.76,1.01
2013-04-20,29.94,0.0,45.55,0.89
2013-04-21,29.2,0.75,48.35,0.81
2013-04-22,28.32,0.19,56.08,0.82
2013-04-23,29.14,0.25,53.4,1.09
2013-04-24,27.67,3.82,61.84,0.85
2013-04-25,26.78,2.15,69.04,0.88
2013-04-26,27.15,0.13,65.16,1.09
2013-04-27,28.26,0.08,58.44,1.02
2013-04-28,28.66,0.98,58.06,1.16
2013-04-29,28.39,1.34,61.55,1.15
2013-04-30,28.67,1.19,56.2,1.42
2013-05-01,26.86,2.05,64.17,1.02
2013-05-02,27.94,0.9,62.14,0.79
2013-05-03,28.64,0.02,59.58,1.0
2013-05-04,28.4,0.21,60.93,1.17
2013-05-05,27.64,0.04,62.33,0.97
2013-05-06,27.97,2.11,58.16,0.78
2013-05-07,27.42,4.94,66.6,0.7
2013-05-08,28.2,4.91,62.44,0.91
2013-05-09,28.41,0.6,59.91,1.52
2013-05-10,29.33,0.02,57.4,1.04
2013-05-11,29.36,0.36,56.56,1.91
2013-05-12,27.54,0.15,61.76,2.56
2013-05-13,24.69,0.51,71.53,1.31
2013-05-14,26.32,0.25,65.84,2.6
2013-05-15,27.54,0.0,58.53,2.65
2013-05-16,27.43,0.0,56.61,1.55
2013-05-17,28.07,0.0,58.24,1.65
2013-05-18,28.96,0.0,51.95,1.1
2013-05-19,30.07,2.3,53.31,1.09
2013-05-20,27.59,1.95,64.24,1.17
2013-05-21,28.01,0.19,54.28,1.29
2013-05-22,27.79,0.74,62.0,2.54
2013-05-23,27.16,0.95,65.41,3.15
2013-05-24,26.83,0.43,68.28,2.96
2013-05-25,25.67,6.16,68.14,3.27
2013-05-26,23.91,2.56,72.87,2.61
2013-05-27,24.01,2.08,78.85,1.91
2013-05-28,24.17,0.57,76.23,2.11
2013-05-29,24.16,0.98,74.59,2.5
2013-05-30,24.93,13.0,70.38,2.0
2013-05-31,23.44,10.33,81.13,2.21
2013-06-01,23.57,2.6,75.53,3.13
2013-06-02,23.32,6.39,75.6,3.9
2013-06-03,25.05,2.6,71.14,3.35
2013-06-04,25.2,0.8,68.79,2.8
2013-06-05,25.1,0.39,68.78,2.6
2013-06-06,25.14,5.93,70.81,2.62
2013-06-07,23.52,7.98,77.4,3.09
2013-06-08,23.67,4.2,77.53,2.94
2013-06-09,24.33,1.33,70.0,3.76
2013-06-10,24.42,1.24,69.69,3.78
2013-06-11,24.02,6.03,74.27,3.72
2013-06-12,22.8,3.04,73.5,4.28
2013-06-13,23.75,2.21,69.25,4.79
2013-06-14,24.47,0.58,73.85,4.28
2013-06-15,24.77,4.45,72.75,4.47
2013-06-16,24.45,9.09,74.98,4.16
2013-06-17,22.72,7.97,76.76,4.04
2013-06-18,23.31,3.51,73.99,3.7
2013-06-19,23.59,5.76,76.77,3.75
2013-06-20,23.6,2.58,75.97,3.35
2013-06-21,23.19,4.23,76.53,3.67
2013-06-22,22.89,5.59,72.27,4.16
2013-06-23,23.27,3.92,76.35,4.06
2013-06-24,24.08,3.22,77.66,3.94
2013-06-25,23.92,3.88,78.56,3.38
2013-06-26,23.95,4.49,78.19,2.99
2013-06-27,24.09,0.78,76.23,2.86
2013-06-28,23.88,0.04,70.11,2.42
2013-06-29,24.46,0.22,68.5,2.15
2013-06-30,24.2,2.12,72.03,2.87
2013-07-01,22.28,1.24,72.9,3.58
2013-07-02,23.03,2.56,71.06,4.15
2013-07-03,23.08,2.3,72.07,4.26
2013-07-04,23.92,1.74,73.35,3.83
2013-07-05,24.06,0.61,73.71,2.73
2013-07-06,24.53,0.72,69.94,3.09
2013-07-07,23.45,0.53,74.31,3.31
2013-07-08,23.11,6.4,76.79,3.44
2013-07-09,22.89,5.46,76.41,3.47
2013-07-10,22.45,6.12,76.91,3.86
2013-07-11,22.61,1.41,73.1,3.9
2013-07-12,23.13,2.09,76.28,3.38
2013-07-13,22.29,0.5,76.45,3.6
2013-07-14,23.73,1.26,75.16,2.78
2013-07-15,22.96,0.7,79.61,3.2
2013-07-16,23.01,2.47,75.46,3.86
2013-07-17,22.89,2.11,76.56,3.37
2013-07-18,22.9,4.4,76.3,3.9
2013-07-19,22.82,5.48,79.7,3.62
2013-07-20,23.16,2.29,76.19,3.97
2013-07-21,22.73,2.82,75.55,3.88
2013-07-22,23.15,1.9,76.63,3.85
2013-07-23,22.61,2.05,74.41,4.33
2013-07-24,22.8,2.51,76.52,4.5
2013-07-25,23.08,2.14,75.23,4.18
2013-07-26,23.03,2.75,74.15,3.89
2013-07-27,23.57,0.82,74.91,2.86
2013-07-28,24.5,0.55,74.0,2.65
2013-07-29,22.75,0.03,68.58,3.74
2013-07-30,23.69,0.0,67.24,3.61
2013-07-31,23.56,0.24,71.81,4.58
2013-08-01,23.37,1.46,74.6,4.75
2013-08-02,23.7,1.15,71.93,4.73
2013-08-03,23.36,2.78,71.69,4.1
2013-08-04,22.94,14.94,76.68,4.12
2013-08-05,22.78,8.8,74.63,4.39
2013-08-06,22.25,3.97,78.06,3.42
2013-08-07,22.84,1.42,76.96,2.47
2013-08-08,24.35,1.13,73.07,2.34
2013-08-09,23.06,4.97,79.28,2.04
2013-08-10,23.11,31.18,83.19,1.81
2013-08-11,23.11,0.97,80.67,1.89
2013-08-12,23.36,0.26,78.28,2.01
2013-08-13,22.87,0.95,79.4,2.08
2013-08-14,23.13,0.17,75.43,2.23
2013-08-15,24.11,0.29,74.21,2.05
2013-08-16,23.78,1.48,76.12,1.84
2013-08-17,24.01,5.16,74.28,1.78
2013-08-18,24.06,2.15,74.42,2.31
2013-08-19,23.56,0.85,75.02,2.25
2013-08-20,23.86,0.41,75.79,2.91
2013-08-21,24.0,0.26,74.03,2.97
2013-08-22,23.82,0.21,73.63,2.79
2013-08-23,24.5,0.06,71.09,2.73
2013-08-24,23.64,0.09,72.91,2.35
2013-08-25,25.12,0.27,68.99,1.93
2013-08-26,24.38,5.61,74.57,1.77
2013-08-27,24.08,24.17,78.79,1.35
2013-08-28,23.84,18.49,79.96,1.17
2013-08-29,23.87,10.48,81.76,1.07
2013-08-30,24.06,0.46,81.65,0.73
2013-08-31,24.51,0.75,79.38,0.9
2013-09-01,24.31,0.77,80.04,0.92
2013-09-02,24.6,1.09,79.35,0.69
2013-09-03,23.81,4.37,80.3,1.21
2013-09-04,23.09,3.11,79.68,1.13
2013-09-05,23.46,7.38,79.62,1.26
2013-09-06,21.76,11.85,87.01,1.52
2013-09-07,22.51,1.75,81.28,1.89
2013-09-08,22.16,3.07,82.46,1.72
2013-09-09,22.6,0.29,78.68,2.07
2013-09-10,23.3,5.55,77.65,2.14
2013-09-11,23.03,4.5,79.91,1.91
2013-09-12,22.92,2.91,81.67,1.95
2013-09-13,22.59,2.05,85.09,1.97
2013-09-14,23.96,1.24,79.27,1.92
2013-09-15,23.37,1.8,81.54,2.43
2013-09-16,23.92,3.47,81.79,2.32
2013-09-17,23.69,4.59,79.35,3.0
2013-09-18,23.3,1.2,77.73,3.42
2013-09-19,23.01,1.86,75.91,3.59
2013-09-20,23.88,0.59,78.03,3.56
2013-09-21,23.4,0.2,80.69,2.59
2013-09-22,23.7,0.11,76.15,2.26
2013-09-23,24.12,0.05,74.53,1.84
2013-09-24,24.37,0.0,74.39,1.46
2013-09-25,24.96,0.92,72.77,1.34
2013-09-26,25.69,0.0,68.98,0.97
2013-09-27,25.82,0.01,66.59,1.08
2013-09-28,24.6,0.01,71.34,1.48
2013-09-29,24.1,0.88,74.0,2.01
2013-09-30,23.83,1.09,75.59,1.93
2013-10-01,24.27,1.68,76.98,1.7
2013-10-02,24.75,0.98,75.33,1.66
2013-10-03,23.79,1.02,78.02,1.48
2013-10-04,23.82,0.03,73.22,1.52
2013-10-05,23.36,0.0,68.28,1.72
2013-10-06,23.87,0.18,74.3,1.56
2013-10-07,24.62,0.48,75.15,0.98
2013-10-08,24.29,15.68,82.36,0.91
2013-10-09,22.56,0.92,79.53,1.48
2013-10-10,23.5,0.85,75.35,1.31
2013-10-11,24.51,0.05,72.83,1.61
2013-10-12,23.44,0.54,75.23,2.11
2013-10-13,24.47,0.2,74.3,2.28
2013-10-14,25.49,0.0,70.27,1.24
2013-10-15,25.08,9.59,75.41,1.0
2013-10-16,24.32,26.45,82.17,0.69
2013-10-17,23.16,3.53,86.28,0.73
2013-10-18,22.37,5.37,89.45,0.86
2013-10-19,22.45,42.19,89.89,0.89
2013-10-20,22.03,15.99,88.59,0.34
2013-10-21,22.21,15.64,88.76,0.74
2013-10-22,22.51,3.3,91.71,0.94
2013-10-23,22.83,0.71,86.24,1.3
2013-10-24,22.85,0.99,85.51,1.14
2013-10-25,23.31,2.15,83.79,1.29
2013-10-26,23.71,0.27,81.08,0.69
2013-10-27,23.74,0.01,77.01,1.07
2013-10-28,23.24,0.0,75.02,0.69
2013-10-29,24.11,0.47,78.95,0.95
2013-10-30,24.05,0.52,79.15,0.92
2013-10-31,22.9,3.93,86.28,0.97
2013-11-01,23.25,1.49,82.44,0.86
2013-11-02,22.59,8.11,88.22,1.09
2013-11-03,22.36,3.3,89.04,1.26
2013-11-04,21.67,5.82,86.59,1.31
2013-11-05,22.14,7.06,89.38,1.57
2013-11-06,22.29,3.03,86.71,1.6
2013-11-07,22.24,0.2,86.11,1.79
2013-11-08,22.47,0.0,79.85,1.54
2013-11-09,22.09,0.0,77.01,1.19
2013-11-10,22.84,0.0,79.83,1.05
2013-11-11,23.17,0.81,81.3,1.11
2013-11-12,22.68,3.82,84.15,1.06
2013-11-13,21.65,5.78,81.22,1.12
2013-11-14,21.17,2.56,83.45,0.7
2013-11-15,21.73,4.42,82.11,1.18
2013-11-16,21.07,9.05,87.68,1.52
2013-11-17,21.9,6.61,86.64,1.18
2013-11-18,22.29,5.39,86.14,1.45
2013-11-19,22.64,1.21,81.61,1.14
2013-11-20,23.53,3.67,75.06,0.83
2013-11-21,23.5,5.57,81.62,0.63
2013-11-22,22.57,3.0,84.59,0.62
2013-11-23,22.88,2.74,84.42,0.75
2013-11-24,22.76,3.48,85.95,0.78
2013-11-25,22.67,8.81,84.8,0.88
2013-11-26,22.92,3.02,82.36,0.84
2013-11-27,22.98,0.78,81.61,0.9
2013-11-28,22.82,0.03,79.73,0.58
2013-11-29,22.41,0.0,79.94,0.93
2013-11-30,22.12,0.28,79.56,1.22
2013-12-01,21.44,9.56,87.97,1.53
2013-12-02,20.56,4.92,87.98,1.49
2013-12-03,20.27,1.82,87.64,1.46
2013-12-04,20.9,0.6,88.02,1.83
2013-12-05,21.49,0.02,82.74,1.51
2013-12-06,22.51,0.0,73.13,1.25
2013-12-07,22.51,0.0,66.92,1.22
2013-12-08,23.62,0.0,78.31,0.94
2013-12-09,23.14,0.0,80.0,0.84
2013-12-10,23.52,0.0,77.22,0.64
2013-12-11,23.65,0.0,66.36,0.9
2013-12-12,22.19,22.98,78.85,1.45
2013-12-13,22.22,9.16,89.97,2.12
2013-12-14,22.35,1.47,82.29,0.99
2013-12-15,22.45,0.35,82.13,1.23
2013-12-16,19.71,0.0,69.1,1.29
2013-12-17,19.11,0.0,77.86,1.47
2013-12-18,20.16,0.0,81.1,1.22
2013-12-19,21.29,0.0,79.26,0.84
2013-12-20,21.1,0.0,78.65,1.0
2013-12-21,20.6,0.0,77.38,0.98
2013-12-22,19.96,0.0,76.88,1.29
2013-12-23,19.44,0.0,75.2,1.46
2013-12-24,20.47,0.0,81.23,1.57
2013-12-25,21.08,0.0,75.64,1.33
2013-12-26,20.57,0.0,74.26,1.34
2013-12-27,20.39,0.0,75.18,1.23
2013-12-28,20.31,0.0,73.48,0.95
2013-12-29,20.2,0.0,73.6,1.05
2013-12-30,19.69,0.0,70.81,1.22
2013-12-31,20.31,0.0,73.07,1.36
2014-01-01,20.76,0.0,76.42,1.62
2014-01-02,20.75,0.0,74.23,1.39
2014-01-03,21.04,0.0,78.14,1.22
2014-01-04,21.71,0.0,72.3,1.41
2014-01-05,21.79,0.0,66.96,1.28
2014-01-06,21.87,0.06,69.69,1.35
2014-01-07,21.56,4.2,79.17,1.63
2014-01-08,21.28,2.83,84.54,1.74
2014-01-09,22.09,0.46,79.54,1.49
2014-01-10,21.83,0.01,71.54,1.21
2014-01-11,21.42,0.0,69.49,1.06
2014-01-12,22.39,0.0,69.14,1.05
2014-01-13,21.71,0.03,70.86,1.25
2014-01-14,22.56,0.2,75.64,1.56
2014-01-15,22.09,0.06,74.26,1.16
2014-01-16,22.71,0.07,71.94,1.17
2014-01-17,22.06,0.21,72.09,1.29
2014-01-18,21.54,0.0,70.07,1.4
2014-01-19,21.89,0.0,72.28,1.56
2014-01-20,21.84,0.0,69.2,1.64
2014-01-21,21.48,0.0,69.23,1.5
2014-01-22,21.93,0.01,70.64,1.54
2014-01-23,22.26,0.0,68.2,1.3
2014-01-24,22.6,0.39,69.57,1.25
2014-01-25,21.92,0.0,70.65,1.57
2014-01-26,21.37,0.0,67.11,1.83
2014-01-27,21.49,0.0,67.81,1.89
2014-01-28,21.8,0.0,64.34,1.57
2014-01-29,21.45,0.0,63.95,1.23
2014-01-30,21.96,0.0,63.94,1.23
2014-01-31,22.41,0.0,65.6,1.37
2014-02-01,22.76,0.0,68.88,1.49
2014-02-02,22.81,0.01,67.44,1.82
2014-02-03,22.3,0.0,61.11,1.55
2014-02-04,22.2,0.0,61.16,1.2
2014-02-05,22.55,0.0,51.09,1.19
2014-02-06,22.22,0.0,49.48,1.23
2014-02-07,21.78,0.0,53.54,1.2
2014-02-08,21.57,0.0,58.71,1.2
2014-02-09,22.35,0.0,53.26,1.02
2014-02-10,23.49,0.0,51.75,1.07
2014-02-11,23.69,0.0,53.78,0.89
2014-02-12,24.49,0.0,54.94,0.53
2014-02-13,24.8,0.0,56.88,0.8
2014-02-14,25.95,0.0,55.02,0.4
2014-02-15,25.96,0.0,60.27,0.64
2014-02-16,26.64,0.0,58.34,0.58
2014-02-17,26.57,0.0,57.45,1.16
2014-02-18,25.53,0.0,64.86,2.09
2014-02-19,25.09,0.0,58.72,1.42
2014-02-20,25.18,0.16,63.43,1.24
2014-02-21,24.79,2.76,64.38,1.21
2014-02-22,24.35,1.66,62.17,1.15
2014-02-23,23.84,0.0,55.09,1.37
2014-02-24,23.04,1.51,75.93,2.02
2014-02-25,23.51,0.26,71.38,1.96
2014-02-26,24.43,0.01,56.24,1.43
2014-02-27,25.31,0.17,55.39,0.97
2014-02-28,25.39,0.14,65.39,1.17
2014-03-01,24.52,0.48,68.4,1.44
2014-03-02,24.26,0.15,65.85,1.28
2014-03-03,25.28,0.56,62.06,1.18
2014-03-04,25.73,0.32,63.85,1.4
2014-03-05,23.31,0.95,74.15,1.53
2014-03-06,25.51,0.57,62.9,1.43
2014-03-07,24.64,0.17,63.2,1.77
2014-03-08,25.33,0.06,61.73,1.98
2014-03-09,25.12,0.01,56.4,1.84
2014-03-10,26.0,0.06,54.51,2.04
2014-03-11,24.94,0.0,55.81,2.11
2014-03-12,24.26,0.0,56.48,1.89
2014-03-13,24.36,0.0,59.4,1.7
2014-03-14,24.31,0.0,54.4,1.73
2014-03-15,24.46,0.0,47.72,1.73
2014-03-16,24.78,0.0,47.61,1.9
2014-03-17,25.66,0.0,50.47,1.95
2014-03-18,26.64,0.0,52.63,1.86
2014-03-19,26.18,0.02,50.76,1.5
2014-03-20,27.03,1.09,58.26,1.3
2014-03-21,27.87,0.7,47.09,1.09
2014-03-22,28.65,0.06,44.09,0.99
2014-03-23,27.92,0.0,43.15,1.26
2014-03-24,27.13,0.0,38.72,1.42
2014-03-25,26.72,0.0,37.71,1.55
2014-03-26,26.19,0.0,38.95,1.69
2014-03-27,26.08,0.0,39.36,1.22
2014-03-28,26.75,0.0,34.37,1.42
2014-03-29,27.55,0.0,28.72,1.53
2014-03-30,27.31,0.0,33.29,1.52
2014-03-31,27.85,0.0,40.3,1.5
2014-04-01,28.78,0.0,41.5,1.4
2014-04-02,29.45,0.0,41.73,1.5
2014-04-03,28.26,0.0,41.63,1.32
2014-04-04,28.23,0.0,45.79,1.48
2014-04-05,27.89,0.0,48.68,1.52
2014-04-06,27.32,0.33,54.37,1.59
2014-04-07,28.09,1.44,52.51,1.37
2014-04-08,27.01,0.7,59.12,0.62
2014-04-09,28.61,0.05,50.05,0.84
2014-04-10,28.72,0.09,43.81,1.2
2014-04-11,28.35,0.03,46.88,0.51
2014-04-12,28.53,2.38,50.74,0.91
2014-04-13,28.5,0.2,52.59,1.14
2014-04-14,28.28,0.88,53.02,1.17
2014-04-15,27.15,0.12,54.6,1.22
2014-04-16,28.84,0.09,46.68,0.96
2014-04-17,29.44,0.14,47.97,0.78
2014-04-18,29.69,0.02,45.88,1.03
2014-04-19,29.2,0.44,47.51,1.05
2014-04-20,29.02,0.07,47.45,1.01
2014-04-21,29.06,0.03,48.46,1.09
2014-04-22,28.06,0.61,50.46,1.24
2014-04-23,27.79,7.67,58.1,1.18
2014-04-24,26.5,2.3,71.47,0.73
2014-04-25,28.41,0.16,61.65,0.57
2014-04-26,28.37,0.11,59.56,1.06
2014-04-27,28.58,0.67,57.53,1.18
2014-04-28,27.8,0.14,61.0,0.68
2014-04-29,27.34,2.92,59.24,0.97
2014-04-30,26.97,10.33,66.7,1.18
2014-05-01,26.87,1.55,56.95,0.96
2014-05-02,27.5,1.31,61.55,1.28
2014-05-03,27.34,0.74,65.53,1.16
2014-05-04,25.97,8.48,73.63,1.01
2014-05-05,25.27,8.64,78.2,1.12
2014-05-06,23.07,38.75,87.56,1.74
2014-05-07,23.15,35.55,90.59,3.14
2014-05-08,24.17,12.86,82.73,2.69
2014-05-09,24.41,0.99,83.22,1.63
2014-05-10,25.84,0.1,74.9,1.22
2014-05-11,26.13,0.3,74.66,1.0
2014-05-12,26.09,11.06,76.78,0.85
2014-05-13,24.88,8.04,81.83,0.87
2014-05-14,25.79,0.55,77.12,1.08
2014-05-15,25.06,0.0,77.57,1.31
2014-05-16,25.98,0.0,67.3,1.42
2014-05-17,24.88,0.0,71.42,1.39
2014-05-18,26.6,0.03,69.43,1.07
2014-05-19,27.88,1.31,64.39,0.63
2014-05-20,26.31,3.33,75.19,0.91
2014-05-21,25.38,6.76,70.27,1.2
2014-05-22,26.55,0.42,70.19,1.42
2014-05-23,26.63,1.11,71.09,1.65
2014-05-24,25.36,3.44,78.69,1.57
2014-05-25,24.78,0.2,77.5,1.4
2014-05-26,25.46,10.17,75.39,1.31
2014-05-27,26.86,0.42,69.19,0.78
2014-05-28,26.5,8.02,74.19,0.96
2014-05-29,26.05,0.24,74.47,1.2
2014-05-30,26.24,0.01,73.1,1.49
2014-05-31,27.33,0.05,69.84,1.46
2014-06-01,26.55,6.52,76.16,1.68
2014-06-02,25.13,4.28,78.7,1.39
2014-06-03,24.78,0.37,76.49,1.23
2014-06-04,25.86,0.59,72.17,1.51
2014-06-05,25.94,1.99,73.89,1.47
2014-06-06,25.75,1.35,75.41,2.46
2014-06-07,24.82,2.52,73.64,4.21
2014-06-08,25.15,2.81,72.53,4.0
2014-06-09,25.18,2.0,74.27,3.22
2014-06-10,24.69,3.32,78.48,3.07
2014-06-11,24.65,3.28,74.69,3.65
2014-06-12,24.45,1.57,74.37,3.44
2014-06-13,24.41,1.54,70.21,3.33
2014-06-14,25.18,0.59,72.66,2.79
2014-06-15,24.65,0.21,68.98,2.79
2014-06-16,24.96,0.18,73.11,2.91
2014-06-17,25.22,1.52,71.73,3.63
2014-06-18,25.33,1.17,74.26,3.86
2014-06-19,24.94,2.09,74.66,3.77
2014-06-20,25.24,0.24,74.78,3.7
2014-06-21,24.82,0.79,70.68,4.55
2014-06-22,24.89,0.75,69.16,3.52
2014-06-23,25.4,0.04,71.3,2.95
2014-06-24,25.77,0.4,71.54,3.14
2014-06-25,25.22,0.06,71.37,3.26
2014-06-26,26.34,0.0,68.24,1.88
2014-06-27,26.37,0.0,71.39,0.96
2014-06-28,25.67,0.81,75.35,1.13
2014-06-29,25.91,0.5,71.98,1.96
2014-06-30,25.39,11.06,71.01,1.93
2014-07-01,24.49,2.11,80.44,2.09
2014-07-02,24.84,0.14,71.31,2.33
2014-07-03,24.83,0.06,71.3,2.56
2014-07-04,25.34,0.82,70.64,2.83
2014-07-05,25.35,0.94,73.05,2.83
2014-07-06,24.97,0.18,65.22,2.77
2014-07-07,23.34,1.04,67.96,3.54
2014-07-08,23.42,0.34,68.25,3.74
2014-07-09,24.09,1.52,66.88,3.73
2014-07-10,23.57,2.74,72.92,3.93
2014-07-11,24.18,0.83,75.3,3.66
2014-07-12,24.31,0.92,73.94,4.37
2014-07-13,24.27,3.61,71.31,4.73
2014-07-14,24.01,3.93,70.17,4.32
2014-07-15,23.6,5.95,74.81,3.77
2014-07-16,23.78,0.35,72.73,3.87
2014-07-17,24.1,0.17,72.43,3.19
2014-07-18,24.35,1.47,70.85,3.42
2014-07-19,24.21,1.17,72.94,3.85
2014-07-20,24.59,1.44,72.8,4.03
2014-07-21,23.77,1.46,75.64,3.82
2014-07-22,23.02,2.75,75.95,4.43
2014-07-23,22.94,2.24,73.73,4.72
2014-07-24,23.72,1.48,64.95,4.08
2014-07-25,22.95,1.67,71.27,4.03
2014-07-26,23.95,1.69,70.46,3.74
2014-07-27,23.69,0.89,75.78,3.64
2014-07-28,23.71,0.69,75.08,3.8
2014-07-29,24.45,0.48,71.47,3.61
2014-07-30,24.47,0.35,71.1,3.79
2014-07-31,23.95,7.12,75.78,3.5
2014-08-01,24.11,10.75,78.61,3.59
2014-08-02,23.69,3.1,75.48,3.45
2014-08-03,23.58,2.91,77.35,3.82
2014-08-04,23.05,2.42,74.5,4.21
2014-08-05,23.42,1.98,74.3,4.25
2014-08-06,23.59,1.41,73.94,3.38
2014-08-07,23.65,1.94,73.32,2.77
2014-08-08,23.61,2.86,74.92,2.9
2014-08-09,23.14,12.47,76.72,1.8
2014-08-10,22.78,7.16,77.4,2.29
2014-08-11,23.2,7.01,76.73,2.3
2014-08-12,23.1,1.03,78.77,1.81
2014-08-13,23.2,0.23,76.12,1.78
2014-08-14,23.44,0.11,75.66,1.89
2014-08-15,23.2,2.78,78.11,1.71
2014-08-16,22.78,16.36,77.87,1.78
2014-08-17,23.14,5.5,80.74,1.45
2014-08-18,23.62,30.91,81.72,0.73
2014-08-19,24.33,6.78,79.36,0.71
2014-08-20,24.41,3.55,81.33,0.83
2014-08-21,24.7,6.74,81.42,0.54
2014-08-22,23.89,13.4,87.7,0.85
2014-08-23,23.89,11.63,82.08,2.18
2014-08-24,23.77,0.97,80.94,1.74
2014-08-25,23.67,0.02,77.86,1.54
2014-08-26,22.78,0.0,81.16,1.98
2014-08-27,22.47,0.34,81.86,2.31
2014-08-28,23.21,1.53,78.77,2.82
2014-08-29,23.29,3.96,78.95,2.93
2014-08-30,23.22,4.64,77.59,3.69
2014-08-31,22.96,4.03,78.95,3.41
2014-09-01,23.46,4.14,81.32,2.8
2014-09-02,22.99,6.87,82.72,2.1
2014-09-03,22.63,2.67,79.03,2.59
2014-09-04,23.28,1.03,75.89,1.95
2014-09-05,22.98,4.83,74.28,2.56
2014-09-06,22.67,0.95,75.15,2.86
2014-09-07,21.99,0.56,81.21,2.49
2014-09-08,23.23,0.21,78.45,2.41
2014-09-09,23.59,0.05,75.9,2.37
2014-09-10,24.11,0.31,74.75,1.9
2014-09-11,24.24,0.02,73.04,1.77
2014-09-12,23.29,14.32,79.94,1.34
2014-09-13,23.85,1.98,78.18,1.53
2014-09-14,24.5,2.31,77.47,1.85
2014-09-15,23.9,0.19,76.32,2.18
2014-09-16,23.4,0.2,77.96,2.35
2014-09-17,24.2,0.13,75.19,2.63
2014-09-18,23.5,0.23,76.71,2.29
2014-09-19,24.33,0.06,74.36,2.13
2014-09-20,24.2,0.01,73.6,2.11
2014-09-21,25.2,0.02,72.74,1.18
2014-09-22,24.74,1.69,78.57,1.12
2014-09-23,25.51,6.79,79.08,0.64
2014-09-24,24.51,4.77,84.84,0.53
2014-09-25,25.32,5.72,78.05,0.88
2014-09-26,24.73,3.98,80.3,0.99
2014-09-27,23.55,7.49,86.24,1.05
2014-09-28,23.01,9.66,85.36,1.07
2014-09-29,23.77,6.01,83.79,1.1
2014-09-30,23.82,9.08,84.01,1.02
2014-10-01,24.28,1.41,80.77,0.87
2014-10-02,24.73,0.12,75.43,0.96
2014-10-03,24.99,0.52,72.56,0.75
2014-10-04,24.47,0.52,78.47,0.56
2014-10-05,24.03,3.64,82.59,0.96
2014-10-06,24.51,6.99,78.04,1.12
2014-10-07,23.46,7.62,81.0,1.19
2014-10-08,23.7,3.68,77.85,1.07
2014-10-09,24.1,6.54,81.27,0.79
2014-10-10,24.44,1.6,81.68,1.24
2014-10-11,22.53,0.1,73.91,2.35
2014-10-12,23.45,0.76,72.62,1.77
2014-10-13,24.98,0.98,78.61,0.93
2014-10-14,24.2,1.78,84.38,0.48
2014-10-15,23.48,7.27,89.08,0.86
2014-10-16,23.51,9.3,81.75,1.27
2014-10-17,21.71,29.52,80.14,0.84
2014-10-18,21.28,20.36,91.92,1.39
2014-10-19,21.34,14.04,89.93,1.16
2014-10-20,21.32,5.48,90.0,1.13
2014-10-21,21.06,9.82,90.42,1.33
2014-10-22,21.78,10.14,87.65,1.38
2014-10-23,22.37,6.54,87.97,1.26
2014-10-24,22.58,2.18,88.7,0.76
2014-10-25,22.99,19.36,90.24,0.66
2014-10-26,21.99,5.76,91.13,0.72
2014-10-27,22.64,8.09,87.15,0.68
2014-10-28,22.92,3.36,88.24,0.59
2014-10-29,22.6,7.64,88.95,0.79
2014-10-30,21.87,2.6,89.72,1.1
2014-10-31,21.91,0.07,84.54,0.8
2014-11-01,22.04,32.68,83.65,0.63
2014-11-02,22.0,27.79,83.9,0.94
2014-11-03,22.31,18.67,83.25,0.95
2014-11-04,21.56,2.98,83.55,0.56
2014-11-05,22.53,0.07,80.2,1.09
2014-11-06,22.44,0.01,70.7,1.13
2014-11-07,22.96,0.0,64.71,0.65
2014-11-08,23.06,0.0,78.42,0.6
2014-11-09,23.27,0.21,85.0,0.59
2014-11-10,23.25,0.57,88.42,0.9
2014-11-11,22.55,2.42,87.43,1.14
2014-11-12,22.03,4.52,89.05,1.37
2014-11-13,22.0,10.17,90.99,1.06
2014-11-14,22.07,9.91,93.22,1.3
2014-11-15,22.19,6.44,90.06,1.4
2014-11-16,21.51,1.89,90.05,1.38
2014-11-17,21.24,0.56,88.48,1.61
2014-11-18,21.39,2.21,89.47,1.77
2014-11-19,21.74,1.18,90.05,1.83
2014-11-20,21.29,1.92,89.35,1.62
2014-11-21,20.39,7.08,92.82,1.31
2014-11-22,21.39,2.57,89.67,1.18
2014-11-23,20.7,2.26,91.76,1.42
2014-11-24,21.07,0.31,88.48,1.76
2014-11-25,19.93,0.0,84.37,1.55
2014-11-26,20.14,0.07,86.97,1.29
2014-11-27,20.32,6.08,90.18,1.11
2014-11-28,19.5,4.48,89.75,1.01
2014-11-29,18.37,4.58,82.08,1.08
2014-11-30,18.7,1.15,83.99,1.65
2014-12-01,19.7,2.3,93.08,1.59
2014-12-02,20.71,0.2,90.28,1.38
2014-12-03,20.94,0.0,79.93,1.11
2014-12-04,19.22,0.0,81.67,1.13
2014-12-05,18.74,0.0,81.41,1.13
2014-12-06,19.41,0.0,84.09,1.1
2014-12-07,21.35,0.0,88.16,1.01
2014-12-08,21.85,1.49,89.13,1.19
2014-12-09,21.57,1.1,88.87,1.09
2014-12-10,21.38,8.73,90.39,1.2
2014-12-11,20.65,0.42,89.52,1.12
2014-12-12,21.09,1.88,89.51,1.22
2014-12-13,21.13,0.48,89.69,1.17
2014-12-14,21.63,1.35,89.36,1.28
2014-12-15,21.53,0.08,82.56,1.08
2014-12-16,22.07,0.88,89.28,1.7
2014-12-17,21.42,2.5,90.85,2.14
2014-12-18,21.44,1.72,89.35,2.34
2014-12-19,21.54,1.15,88.53,2.34
2014-12-20,20.11,0.07,86.26,1.57
2014-12-21,20.89,0.0,82.82,1.17
2014-12-22,21.06,0.0,83.37,1.23
2014-12-23,21.96,0.1,84.36,1.11
2014-12-24,21.88,0.09,84.83,1.38
2014-12-25,21.56,0.02,79.26,1.26
2014-12-26,19.63,0.0,74.62,1.19
2014-12-27,20.14,0.05,76.12,1.15
2014-12-28,19.54,1.13,88.55,0.97
2014-12-29,22.06,1.68,84.05,1.12
2014-12-30,23.19,0.3,82.16,0.67
2014-12-31,23.18,6.45,87.57,0.71
2015-01-01,23.6,2.52,81.46,0.87
2015-01-02,22.27,0.0,74.49,0.81
2015-01-03,22.05,0.0,72.69,0.71
2015-01-04,22.3,0.0,78.07,0.78
2015-01-05,21.89,0.0,76.39,1.06
2015-01-06,21.97,0.0,75.61,0.8
2015-01-07,21.77,0.0,75.06,0.87
2015-01-08,22.18,0.0,76.62,0.56
2015-01-09,21.69,0.0,79.49,1.09
2015-01-10,20.87,0.0,73.07,1.19
2015-01-11,18.93,0.0,70.33,1.39
2015-01-12,19.02,0.0,70.49,1.17
2015-01-13,18.92,0.0,71.12,1.25
2015-01-14,19.73,0.0,73.48,0.98
2015-01-15,19.9,0.0,69.07,1.03
2015-01-16,20.7,0.0,74.63,1.06
2015-01-17,21.87,0.0,76.85,1.26
2015-01-18,21.41,0.0,75.08,1.25
2015-01-19,20.9,0.0,72.65,1.24
2015-01-20,20.29,0.0,73.31,1.15
2015-01-21,20.22,0.04,74.3,1.38
2015-01-22,20.42,0.52,71.36,1.15
2015-01-23,22.19,0.4,77.16,1.24
2015-01-24,22.25,0.12,76.22,1.44
2015-01-25,21.81,0.0,71.89,1.37
2015-01-26,20.94,0.0,73.17,1.41
2015-01-27,21.67,0.0,74.14,1.68
2015-01-28,22.4,0.0,74.29,1.39
2015-01-29,22.96,0.0,72.36,0.98
2015-01-30,22.32,0.0,75.22,1.16
2015-01-31,22.1,0.0,67.05,1.57
2015-02-01,21.73,0.0,71.16,1.33
2015-02-02,21.39,0.0,66.82,1.62
2015-02-03,21.58,0.0,71.12,1.77
2015-02-04,20.82,0.05,75.49,1.62
2015-02-05,22.13,0.05,71.74,1.61
2015-02-06,22.35,0.04,65.79,1.36
2015-02-07,22.33,0.18,66.44,1.22
2015-02-08,22.11,0.0,64.28,1.18
2015-02-09,22.15,0.0,63.63,1.39
2015-02-10,21.41,0.0,75.34,1.36
2015-02-11,23.19,0.0,71.36,1.26
2015-02-12,23.71,0.03,68.98,1.43
2015-02-13,23.79,0.03,68.07,1.11
2015-02-14,24.07,0.0,64.14,1.14
2015-02-15,23.5,0.0,56.74,1.27
2015-02-16,22.52,0.0,56.12,1.3
2015-02-17,22.86,0.0,52.0,1.26
2015-02-18,22.53,0.0,49.95,1.18
2015-02-19,22.73,0.0,51.51,1.24
2015-02-20,21.76,0.0,59.58,1.53
2015-02-21,21.74,0.0,62.81,1.58
2015-02-22,21.71,0.0,58.46,1.68
2015-02-23,21.86,0.0,57.89,1.47
2015-02-24,23.02,0.0,53.44,1.25
2015-02-25,24.97,0.0,59.45,1.07
2015-02-26,25.66,0.25,64.99,0.69
2015-02-27,25.29,0.75,68.31,0.53
2015-02-28,25.19,0.09,68.18,1.01
2015-03-01,26.53,0.01,60.82,1.1
2015-03-02,26.68,0.24,62.61,0.61
2015-03-03,25.2,0.38,70.59,0.87
2015-03-04,22.76,0.04,76.26,1.06
2015-03-05,26.08,0.0,61.45,1.1
2015-03-06,26.78,0.66,59.29,1.04
2015-03-07,25.59,2.43,66.58,1.26
2015-03-08,25.01,1.04,61.91,1.37
2015-03-09,25.68,0.02,59.05,1.32
2015-03-10,25.14,0.0,52.38,1.48
2015-03-11,24.56,0.0,56.1,1.71
2015-03-12,25.96,0.0,57.66,2.01
2015-03-13,26.19,0.0,56.94,2.08
2015-03-14,24.83,2.92,65.12,1.82
2015-03-15,24.81,2.63,71.99,1.71
2015-03-16,24.06,5.11,79.5,1.33
2015-03-17,24.45,1.48,63.62,1.14
2015-03-18,25.29,0.0,50.46,1.07
2015-03-19,24.84,0.0,45.96,1.17
2015-03-20,25.59,0.0,46.8,1.35
2015-03-21,25.51,0.0,53.12,1.51
2015-03-22,26.12,0.0,42.57,1.33
2015-03-23,27.25,0.0,47.02,1.26
2015-03-24,27.79,0.0,49.75,1.43
2015-03-25,26.78,0.0,53.5,1.41
2015-03-26,26.09,0.0,52.43,1.56
2015-03-27,25.99,0.0,48.82,1.28
2015-03-28,26.78,0.19,52.11,1.26
2015-03-29,27.53,0.53,57.1,1.38
2015-03-30,27.93,0.3,51.56,1.3
2015-03-31,27.33,0.68,56.0,1.02
2015-04-01,26.28,15.91,71.48,1.25
2015-04-02,26.9,1.71,67.12,0.84
2015-04-03,27.82,0.08,62.25,0.81
2015-04-04,27.61,0.08,65.21,0.84
2015-04-05,27.96,0.0,62.0,1.06
2015-04-06,28.01,0.15,59.48,1.02
2015-04-07,27.49,0.67,61.88,1.23
2015-04-08,24.97,1.59,68.49,1.05
2015-04-09,25.73,1.18,57.56,1.42
2015-04-10,25.78,0.66,67.45,0.97
2015-04-11,27.7,1.57,59.45,0.51
2015-04-12,26.06,4.53,64.84,0.69
2015-04-13,23.45,4.46,77.75,0.99
2015-04-14,24.04,3.0,75.94,0.58
2015-04-15,23.77,25.91,84.57,0.81
2015-04-16,23.6,17.12,83.59,1.04
2015-04-17,24.68,24.07,75.23,0.83
2015-04-18,25.25,4.56,74.33,0.79
2015-04-19,25.74,0.01,73.39,0.9
2015-04-20,25.79,2.83,73.66,1.32
2015-04-21,24.76,4.73,77.34,1.19
2015-04-22,24.76,2.11,76.07,0.9
2015-04-23,26.28,0.77,68.28,0.68
2015-04-24,26.59,3.94,68.13,0.8
2015-04-25,24.53,6.99,71.29,0.77
2015-04-26,25.93,1.6,63.59,1.06
2015-04-27,25.61,0.16,69.24,1.17
2015-04-28,26.53,0.02,67.32,1.06
2015-04-29,27.12,0.25,66.23,1.17
2015-04-30,27.52,0.16,64.84,0.86
2015-05-01,27.17,0.0,65.25,1.09
2015-05-02,27.62,0.0,62.63,0.74
2015-05-03,27.9,0.0,61.58,0.99
2015-05-04,26.71,1.05,68.21,1.04
2015-05-05,26.29,3.83,69.59,0.58
2015-05-06,25.56,5.42,75.17,0.84
2015-05-07,25.25,9.67,77.83,0.8
2015-05-08,26.0,12.3,75.91,0.82
2015-05-09,24.82,11.9,81.66,0.99
2015-05-10,25.19,2.84,72.99,1.09
2015-05-11,23.59,9.78,74.74,1.11
2015-05-12,24.52,17.88,68.75,0.86
2015-05-13,23.99,10.9,80.37,1.09
2015-05-14,24.43,13.03,82.95,0.73
2015-05-15,23.62,27.11,93.69,0.71
2015-05-16,24.02,5.89,88.28,1.12
2015-05-17,23.52,8.08,91.6,1.39
2015-05-18,24.37,6.29,83.11,1.47
2015-05-19,24.86,3.32,78.69,1.52
2015-05-20,25.25,0.64,76.92,1.59
2015-05-21,25.16,0.17,76.93,2.28
2015-05-22,26.0,0.02,75.25,1.46
2015-05-23,25.76,0.69,76.43,1.7
2015-05-24,25.59,0.35,73.19,1.71
2015-05-25,25.66,0.04,74.18,1.52
2015-05-26,25.59,0.0,76.1,2.03
2015-05-27,24.49,3.62,79.38,1.65
2015-05-28,24.22,2.95,74.99,1.71
2015-05-29,25.59,0.51,74.1,1.39
2015-05-30,25.75,13.98,76.72,1.06
2015-05-31,25.47,3.23,76.85,1.37
2015-06-01,24.65,0.35,77.73,1.71
2015-06-02,24.57,32.77,82.28,1.13
2015-06-03,24.53,1.67,83.3,0.71
2015-06-04,24.82,1.56,82.0,0.5
2015-06-05,23.91,11.59,86.49,0.84
2015-06-06,25.09,0.01,74.81,1.07
2015-06-07,24.46,3.04,76.28,1.93
2015-06-08,23.7,1.8,78.33,2.17
2015-06-09,24.43,0.25,78.55,1.63
2015-06-10,23.81,0.96,85.25,1.18
2015-06-11,24.03,2.41,82.58,1.64
2015-06-12,23.67,0.39,79.92,2.2
2015-06-13,23.49,5.18,81.77,2.08
2015-06-14,23.3,0.85,78.29,2.51
2015-06-15,23.31,1.06,73.95,2.83
2015-06-16,22.44,1.53,76.19,2.94
2015-06-17,22.75,1.63,77.67,3.14
2015-06-18,23.32,2.12,76.6,3.3
2015-06-19,23.85,1.56,76.92,3.69
2015-06-20,24.5,0.55,75.05,4.21
2015-06-21,23.92,1.38,77.93,4.05
2015-06-22,24.64,0.54,75.88,3.8
2015-06-23,24.36,1.17,80.86,2.77
2015-06-24,24.58,0.64,79.09,2.79
2015-06-25,24.44,1.78,81.64,3.08
2015-06-26,22.95,4.58,72.18,4.48
2015-06-27,23.49,3.65,73.94,4.22
2015-06-28,24.76,1.92,76.39,3.01
2015-06-29,23.8,2.88,79.87,2.56
2015-06-30,24.1,17.56,70.94,2.34
2015-07-01,24.37,8.48,79.98,1.63
2015-07-02,24.57,0.16,77.01,2.07
2015-07-03,24.81,0.33,77.49,2.09
2015-07-04,24.76,0.75,77.55,2.55
2015-07-05,24.81,0.17,76.98,3.04
2015-07-06,24.17,0.03,75.25,3.34
2015-07-07,23.93,0.06,75.24,2.86
2015-07-08,23.68,0.51,77.57,2.82
2015-07-09,24.85,0.42,74.59,3.07
2015-07-10,24.7,1.49,75.69,3.2
2015-07-11,24.47,0.7,77.54,3.13
2015-07-12,24.59,0.06,73.06,2.88
2015-07-13,24.49,0.26,75.05,2.32
2015-07-14,24.85,0.94,76.71,2.65
2015-07-15,24.85,1.01,76.43,3.26
2015-07-16,25.11,0.41,72.33,3.46
2015-07-17,23.46,4.15,72.92,4.5
2015-07-18,23.66,0.92,70.55,4.53
2015-07-19,23.08,2.66,72.67,3.68
2015-07-20,23.69,1.25,73.34,3.07
2015-07-21,24.4,2.75,75.3,2.7
2015-07-22,23.82,1.43,76.33,2.85
2015-07-23,23.72,1.63,74.18,2.56
2015-07-24,23.86,0.41,75.25,1.84
2015-07-25,23.48,0.41,72.11,2.24
2015-07-26,23.23,0.06,70.06,2.35
2015-07-27,24.51,0.13,67.55,2.11
2015-07-28,25.07,7.63,70.05,1.45
2015-07-29,24.54,4.38,71.38,1.51
2015-07-30,24.16,0.0,74.46,1.92
2015-07-31,24.65,0.08,71.8,2.08
2015-08-01,24.19,1.0,75.65,1.75
2015-08-02,24.15,1.57,73.98,1.62
2015-08-03,23.56,2.43,78.05,1.96
2015-08-04,24.56,0.76,71.93,2.81
2015-08-05,24.03,0.25,70.32,2.98
2015-08-06,24.42,0.05,69.71,2.84
2015-08-07,23.55,0.12,75.77,2.61
2015-08-08,24.97,2.17,72.2,2.61
2015-08-09,24.98,0.44,72.27,3.21
2015-08-10,24.39,2.19,73.0,3.38
2015-08-11,25.04,0.13,71.56,3.08
2015-08-12,24.48,0.31,73.42,2.87
2015-08-13,24.01,1.66,76.93,2.41
2015-08-14,25.29,1.21,70.8,2.38
2015-08-15,24.95,1.1,74.96,1.9
2015-08-16,23.48,26.9,84.73,1.27
2015-08-17,25.21,3.57,74.64,1.01
2015-08-18,24.95,5.34,78.07,1.17
2015-08-19,24.55,2.86,79.28,1.26
2015-08-20,24.73,0.19,76.75,1.32
2015-08-21,25.05,6.1,76.66,1.64
2015-08-22,24.84,5.08,74.36,1.53
2015-08-23,24.19,1.05,68.69,1.97
2015-08-24,24.14,0.28,71.15,1.74
2015-08-25,24.22,0.06,72.51,1.76
2015-08-26,24.35,0.0,70.2,2.02
2015-08-27,23.95,0.02,76.45,2.35
2015-08-28,24.95,0.02,71.03,2.12
2015-08-29,25.44,0.01,70.95,2.17
2015-08-30,25.93,0.0,66.97,1.81
2015-08-31,26.13,0.0,67.34,1.39
2015-09-01,26.37,1.75,69.51,1.31
2015-09-02,25.53,14.35,71.05,1.15
2015-09-03,24.8,5.93,76.72,0.45
2015-09-04,24.6,0.65,79.43,0.92
2015-09-05,24.24,6.91,81.61,1.01
2015-09-06,23.66,2.12,81.2,1.28
2015-09-07,22.73,1.69,81.96,1.56
2015-09-08,22.88,1.43,75.17,1.98
2015-09-09,23.14,1.89,77.97,2.08
2015-09-10,24.11,1.37,76.4,2.05
2015-09-11,23.81,2.51,79.41,1.91
2015-09-12,24.61,0.84,74.84,2.31
2015-09-13,24.27,0.03,74.77,2.3
2015-09-14,24.69,0.07,71.74,3.0
2015-09-15,23.95,0.72,78.04,2.77
2015-09-16,24.63,2.85,73.57,3.44
2015-09-17,23.46,0.89,72.63,3.45
2015-09-18,24.5,1.01,71.06,2.6
2015-09-19,24.99,1.12,74.49,2.15
2015-09-20,24.55,1.62,76.08,2.29
2015-09-21,24.76,0.13,71.24,1.08
2015-09-22,26.66,0.18,68.65,0.94
2015-09-23,25.65,0.85,74.73,0.7
2015-09-24,25.77,0.73,71.83,1.12
2015-09-25,26.52,1.75,70.71,0.74
2015-09-26,26.97,1.42,66.51,1.08
2015-09-27,23.27,44.34,85.36,1.15
2015-09-28,24.49,6.08,78.93,0.64
2015-09-29,23.27,39.54,87.9,0.68
2015-09-30,23.26,1.93,82.84,0.84
2015-10-01,22.66,2.84,86.09,1.11
2015-10-02,23.16,6.95,85.54,1.22
2015-10-03,24.42,2.0,79.22,1.29
2015-10-04,23.29,4.06,83.69,1.2
2015-10-05,23.12,8.53,86.28,1.01
2015-10-06,23.2,3.58,74.77,1.5
2015-10-07,23.6,4.16,78.93,1.52
2015-10-08,23.37,2.27,81.58,1.6
2015-10-09,22.93,3.24,81.87,2.09
2015-10-10,23.1,3.03,84.82,1.53
2015-10-11,24.27,4.35,80.35,0.83
2015-10-12,22.99,10.7,90.19,0.75
2015-10-13,24.27,0.99,78.52,0.91
2015-10-14,23.91,2.15,79.3,1.14
2015-10-15,23.73,0.35,75.37,0.89
2015-10-16,24.36,0.21,71.8,1.01
2015-10-17,24.05,0.32,73.87,1.14
2015-10-18,23.6,7.17,84.52,1.13
2015-10-19,23.2,5.87,89.2,1.18
2015-10-20,23.94,1.86,83.46,1.21
2015-10-21,24.1,0.18,81.1,1.27
2015-10-22,23.99,0.62,80.26,1.06
2015-10-23,24.44,1.26,76.25,0.73
2015-10-24,24.01,4.88,79.64,1.14
2015-10-25,23.39,4.39,76.1,1.43
2015-10-26,23.27,0.11,74.66,1.36
2015-10-27,22.25,1.65,78.09,0.92
2015-10-28,21.81,5.61,86.65,1.06
2015-10-29,23.32,0.43,78.66,1.11
2015-10-30,22.97,6.31,81.27,1.01
2015-10-31,22.05,14.88,92.05,1.28
2015-11-01,22.72,10.89,90.4,1.55
2015-11-02,22.35,10.01,88.43,0.89
2015-11-03,23.64,7.79,83.5,0.43
2015-11-04,23.2,20.61,89.55,0.94
2015-11-05,22.76,10.96,88.52,0.6
2015-11-06,23.04,3.83,85.7,1.11
2015-11-07,22.04,15.7,91.63,1.16
2015-11-08,21.73,6.72,91.44,1.25
2015-11-09,22.23,5.8,89.41,1.31
2015-11-10,22.86,3.03,85.04,1.45
2015-11-11,22.5,2.19,83.79,0.77
2015-11-12,22.87,3.66,87.96,0.97
2015-11-13,21.63,9.09,91.57,1.22
2015-11-14,21.16,2.68,91.79,1.15
2015-11-15,21.02,4.51,93.1,1.03
2015-11-16,21.91,4.55,90.69,0.65
2015-11-17,23.1,5.14,89.1,0.77
2015-11-18,22.42,17.45,92.67,0.67
2015-11-19,21.84,1.71,93.71,0.96
2015-11-20,21.94,4.75,92.1,1.26
2015-11-21,21.58,5.53,88.47,1.38
2015-11-22,21.72,20.17,92.47,1.7
2015-11-23,21.23,4.92,89.88,0.94
2015-11-24,22.32,3.22,90.89,1.27
2015-11-25,21.43,0.02,85.92,1.32
2015-11-26,20.72,0.0,83.66,1.03
2015-11-27,21.67,0.23,89.07,1.23
2015-11-28,21.65,0.46,85.9,1.07
2015-11-29,21.47,23.7,90.34,1.24
2015-11-30,21.09,8.34,91.78,1.06
2015-12-01,21.73,1.3,90.98,1.21
2015-12-02,21.38,4.99,96.49,0.89
2015-12-03,21.98,1.62,90.36,1.23
2015-12-04,22.33,3.97,89.72,1.7
2015-12-05,21.51,5.67,93.42,2.14
2015-12-06,21.93,4.62,95.7,1.86
2015-12-07,22.03,11.86,93.18,1.83
2015-12-08,20.77,7.77,93.12,1.67
2015-12-09,21.4,3.65,92.6,1.19
2015-12-10,21.78,6.69,93.54,1.23
2015-12-11,22.23,2.84,90.0,0.91
2015-12-12,22.02,4.19,92.44,0.98
2015-12-13,22.47,1.18,89.78,0.84
2015-12-14,22.88,8.36,89.43,0.84
2015-12-15,22.78,5.15,90.27,0.98
2015-12-16,21.66,0.19,86.94,0.93
2015-12-17,20.63,0.45,89.15,1.03
2015-12-18,21.55,4.74,91.54,1.1
2015-12-19,21.7,5.59,90.89,1.34
2015-12-20,21.39,1.46,90.86,1.31
2015-12-21,20.28,0.02,80.6,1.02
2015-12-22,19.39,0.0,81.52,1.05
2015-12-23,20.04,0.0,88.07,1.25
2015-12-24,20.15,0.0,86.42,1.11
2015-12-25,19.77,0.0,86.41,1.41
2015-12-26,19.88,0.0,88.36,1.62
2015-12-27,21.01,1.56,89.01,1.81
2015-12-28,20.75,0.71,89.42,2.1
2015-12-29,20.82,0.44,89.5,1.6
2015-12-30,20.37,0.01,82.96,1.3
2015-12-31,19.46,0.0,85.93,1.66
2016-01-01,18.68,0.0,83.42,1.44
2016-01-02,18.87,0.0,81.75,1.39
2016-01-03,18.48,0.0,76.51,1.3
2016-01-04,18.6,0.0,81.84,1.19
2016-01-05,19.7,0.0,83.34,1.1
2016-01-06,20.7,0.0,84.73,1.07
2016-01-07,20.5,0.0,84.89,1.19
2016-01-08,20.35,0.0,81.49,1.03
2016-01-09,20.15,0.0,82.51,1.11
2016-01-10,19.86,0.0,80.87,1.2
2016-01-11,19.91,0.0,78.07,1.19
2016-01-12,19.57,0.0,78.11,1.19
2016-01-13,20.06,0.0,78.89,0.96
2016-01-14,19.44,0.0,76.14,1.08
2016-01-15,18.75,0.0,77.12,0.98
2016-01-16,20.38,0.0,78.23,0.82
2016-01-17,21.41,0.0,79.06,0.71
2016-01-18,21.78,0.0,79.35,0.58
2016-01-19,22.74,0.0,77.65,0.82
2016-01-20,23.31,0.35,79.17,0.66
2016-01-21,23.42,0.36,81.77,1.0
2016-01-22,22.79,0.01,78.7,1.18
2016-01-23,22.5,0.0,76.49,1.29
2016-01-24,23.29,0.0,77.14,1.21
2016-01-25,23.77,0.0,78.25,1.1
2016-01-26,23.6,0.01,76.0,0.99
2016-01-27,23.03,0.02,75.5,1.14
2016-01-28,22.42,0.0,68.36,1.14
2016-01-29,21.96,0.0,61.5,1.29
2016-01-30,21.06,0.0,69.98,1.3
2016-01-31,20.81,0.0,73.37,1.36
2016-02-01,21.05,0.0,66.72,1.19
2016-02-02,21.15,0.0,63.14,1.38
2016-02-03,21.34,0.0,56.75,1.23
2016-02-04,21.15,0.0,60.52,1.42
2016-02-05,21.3,0.0,68.06,1.15
2016-02-06,22.69,0.0,70.91,0.91
2016-02-07,23.72,1.96,73.5,0.87
2016-02-08,24.15,0.71,73.42,1.22
2016-02-09,24.06,0.11,68.45,1.09
2016-02-10,24.3,0.97,67.21,0.91
2016-02-11,24.21,0.66,65.9,0.92
2016-02-12,24.05,0.0,63.25,1.08
2016-02-13,23.81,0.0,60.5,1.1
2016-02-14,22.97,0.0,64.71,1.23
2016-02-15,23.41,0.0,66.24,1.2
2016-02-16,23.76,0.0,70.28,1.44
2016-02-17,23.46,0.0,69.94,1.62
2016-02-18,23.93,0.0,72.68,1.9
2016-02-19,24.11,0.0,71.24,1.54
2016-02-20,25.45,0.48,67.33,1.21
2016-02-21,25.73,1.97,66.42,1.06
2016-02-22,25.48,0.33,59.58,1.23
2016-02-23,24.57,0.0,58.49,1.02
2016-02-24,25.26,0.0,52.9,0.86
2016-02-25,25.82,0.03,55.12,1.11
2016-02-26,25.01,0.15,69.51,1.61
2016-02-27,24.01,0.02,71.14,1.85
2016-02-28,25.11,1.33,70.83,1.55
2016-02-29,23.26,0.19,72.22,1.31
2016-03-01,23.99,0.01,71.34,1.37
2016-03-02,25.0,0.0,67.75,1.46
2016-03-03,23.14,0.0,68.13,1.29
2016-03-04,22.66,0.0,64.44,1.13
2016-03-05,25.18,0.0,61.25,1.2
2016-03-06,25.7,0.0,58.49,1.17
2016-03-07,25.78,0.0,57.68,1.24
2016-03-08,25.56,0.0,57.15,1.17
2016-03-09,26.72,0.0,57.06,0.92
2016-03-10,27.32,0.0,56.0,1.04
2016-03-11,28.11,0.51,52.67,0.85
2016-03-12,28.36,0.37,51.85,0.73
2016-03-13,26.51,1.35,65.32,0.77
2016-03-14,27.96,0.01,56.68,0.91
2016-03-15,28.36,0.25,55.82,0.51
2016-03-16,27.94,1.36,56.47,1.13
2016-03-17,28.4,0.07,53.65,1.17
2016-03-18,28.38,0.0,49.27,1.4
2016-03-19,28.87,0.0,42.52,1.12
2016-03-20,28.62,0.0,42.38,1.49
2016-03-21,28.92,0.0,41.93,1.37
2016-03-22,29.18,1.92,50.64,0.73
2016-03-23,29.75,0.26,52.07,1.21
2016-03-24,29.01,0.13,47.78,1.5
2016-03-25,27.76,0.25,44.12,1.26
2016-03-26,27.61,0.01,41.69,1.37
2016-03-27,28.09,0.14,44.88,0.98
2016-03-28,28.37,1.55,52.19,1.37
2016-03-29,27.46,2.09,65.7,1.43
2016-03-30,28.06,1.93,58.15,1.23
2016-03-31,27.86,0.22,52.62,1.14
2016-04-01,27.99,0.32,53.6,1.2
2016-04-02,28.93,0.0,50.82,1.41
2016-04-03,29.49,0.05,48.53,1.35
2016-04-04,29.4,0.06,43.77,1.3
2016-04-05,29.58,0.0,48.59,0.94
2016-04-06,28.92,0.0,53.95,0.98
2016-04-07,29.16,0.8,53.87,1.12
2016-04-08,29.33,1.01,56.22,1.02
2016-04-09,26.93,17.04,71.51,0.56
2016-04-10,26.67,8.52,72.2,0.9
2016-04-11,28.15,0.19,62.81,0.92
2016-04-12,28.77,0.0,61.43,0.77
2016-04-13,29.75,0.0,59.17,0.84
2016-04-14,29.06,1.75,64.87,0.96
2016-04-15,28.84,0.54,65.9,1.17
2016-04-16,29.2,0.19,62.03,0.81
2016-04-17,27.88,0.03,64.2,0.86
2016-04-18,28.49,0.12,59.75,1.12
2016-04-19,28.96,1.19,61.32,1.29
2016-04-20,28.8,1.43,62.46,0.81
2016-04-21,28.37,0.82,60.94,0.71
2016-04-22,29.82,0.33,55.8,0.96
2016-04-23,30.35,0.35,51.87,1.21
2016-04-24,30.37,0.19,54.01,1.14
2016-04-25,30.31,0.15,53.23,1.19
2016-04-26,29.84,0.05,52.4,1.57
2016-04-27,28.79,0.03,54.55,1.1
2016-04-28,29.96,0.72,51.3,0.99
2016-04-29,29.52,0.24,52.32,1.34
2016-04-30,30.16,0.13,49.12,1.57
2016-05-01,30.13,0.06,48.77,1.11
2016-05-02,30.6,0.03,50.17,0.99
2016-05-03,30.55,0.0,49.06,1.1
2016-05-04,30.31,0.26,48.77,1.12
2016-05-05,29.63,0.96,52.08,0.97
2016-05-06,28.73,5.73,57.95,0.65
2016-05-07,26.92,7.37,69.8,0.62
2016-05-08,27.52,3.93,69.86,1.09
2016-05-09,26.98,1.03,68.42,1.11
2016-05-10,27.3,2.36,63.07,1.32
2016-05-11,25.87,11.5,71.48,0.9
2016-05-12,26.42,0.75,69.62,0.92
2016-05-13,28.05,0.98,63.13,1.03
2016-05-14,26.79,6.34,72.77,1.18
2016-05-15,25.15,11.7,75.25,1.23
2016-05-16,24.42,17.48,76.26,1.55
2016-05-17,23.81,12.44,74.31,1.78
2016-05-18,25.15,2.34,76.81,2.15
2016-05-19,25.53,6.09,76.07,2.87
2016-05-20,25.17,0.84,75.59,2.88
2016-05-21,26.92,0.01,68.29,2.52
2016-05-22,26.91,0.1,70.25,2.16
2016-05-23,28.36,0.05,65.64,2.22
2016-05-24,27.32,0.24,68.98,2.37
2016-05-25,26.51,3.35,75.72,2.33
2016-05-26,25.68,0.7,74.32,2.33
2016-05-27,25.8,2.86,76.64,1.18
2016-05-28,24.98,6.98,79.31,1.58
2016-05-29,23.93,0.89,81.24,1.82
2016-05-30,24.71,8.84,76.72,1.75
2016-05-31,24.98,4.6,77.54,1.68
2016-06-01,25.36,1.53,75.65,1.53
2016-06-02,24.28,5.55,81.04,1.27
2016-06-03,25.1,1.51,76.82,1.38
2016-06-04,25.88,1.11,71.16,1.72
2016-06-05,25.58,2.25,74.78,1.78
2016-06-06,25.08,1.28,75.58,2.12
2016-06-07,24.9,8.64,84.86,1.67
2016-06-08,24.23,7.53,82.02,2.13
2016-06-09,24.16,2.74,82.29,2.09
2016-06-10,24.19,2.16,73.99,3.47
2016-06-11,24.54,5.08,75.89,3.39
2016-06-12,24.44,0.77,73.0,3.54
2016-06-13,24.49,0.37,71.78,3.08
2016-06-14,24.96,0.14,71.64,2.94
2016-06-15,24.83,0.15,70.14,3.84
2016-06-16,24.86,0.44,73.13,3.43
2016-06-17,24.2,1.47,74.11,2.72
2016-06-18,23.37,3.92,73.98,2.88
2016-06-19,24.22,3.32,72.79,2.54
2016-06-20,24.43,0.71,72.38,2.26
2016-06-21,23.74,0.66,73.5,2.55
2016-06-22,23.4,0.7,70.3,3.38
2016-06-23,22.4,2.15,71.98,4.34
2016-06-24,23.87,0.07,67.4,4.06
2016-06-25,24.57,0.06,68.43,3.85
2016-06-26,24.63,0.72,71.72,3.02
2016-06-27,24.66,2.57,73.15,3.61
2016-06-28,24.23,1.64,72.87,3.65
2016-06-29,23.69,4.19,76.5,4.05
2016-06-30,24.35,0.22,71.03,4.48
2016-07-01,24.54,0.23,68.74,4.87
2016-07-02,24.66,0.16,66.59,4.7
2016-07-03,24.72,0.67,66.99,4.29
2016-07-04,24.5,1.63,70.59,3.32
2016-07-05,25.49,0.58,70.98,2.9
2016-07-06,25.04,2.09,78.16,2.64
2016-07-07,24.22,0.72,71.26,3.01
2016-07-08,23.32,1.57,67.78,4.21
2016-07-09,24.19,3.51,71.48,4.31
2016-07-10,24.54,0.77,74.97,4.37
2016-07-11,24.69,1.53,74.02,4.3
2016-07-12,24.4,1.72,73.32,3.99
2016-07-13,24.53,0.39,70.46,3.38
2016-07-14,24.99,4.62,71.81,2.32
2016-07-15,24.46,4.65,77.43,1.47
2016-07-16,24.04,16.41,80.04,1.1
2016-07-17,23.54,7.33,81.24,1.19
2016-07-18,22.77,5.35,80.73,1.68
2016-07-19,23.75,0.42,72.66,2.1
2016-07-20,24.11,0.54,70.46,2.42
2016-07-21,24.16,0.4,69.58,3.35
2016-07-22,23.71,0.49,71.35,3.46
2016-07-23,23.01,1.21,74.47,3.16
2016-07-24,23.62,9.21,78.63,2.07
2016-07-25,23.61,41.35,82.67,0.96
2016-07-26,22.75,26.09,84.89,0.7
2016-07-27,22.93,14.83,86.69,0.93
2016-07-28,23.6,6.55,82.8,1.02
2016-07-29,23.07,0.49,81.26,1.85
2016-07-30,22.67,1.98,82.23,1.71
2016-07-31,23.42,0.42,78.1,2.42
2016-08-01,23.18,0.32,78.54,3.18
2016-08-02,22.99,0.05,76.35,3.79
2016-08-03,23.16,0.34,77.13,4.04
2016-08-04,23.75,0.65,76.42,3.7
2016-08-05,23.39,0.5,74.92,3.72
2016-08-06,24.05,0.43,72.22,3.53
2016-08-07,24.05,0.28,74.85,2.83
2016-08-08,24.35,0.57,74.24,2.17
2016-08-09,24.55,0.66,73.98,2.22
2016-08-10,24.56,0.16,73.39,2.25
2016-08-11,24.15,0.37,75.95,1.94
2016-08-12,24.31,0.42,75.71,2.23
2016-08-13,25.12,0.97,73.12,2.39
2016-08-14,24.54,0.65,73.51,2.91
2016-08-15,24.18,0.76,73.54,3.49
2016-08-16,24.06,0.34,73.44,3.98
2016-08-17,24.13,0.39,73.74,3.58
2016-08-18,24.79,0.38,72.98,3.08
2016-08-19,25.08,0.65,70.01,2.81
2016-08-20,25.01,0.75,73.26,1.8
2016-08-21,25.15,3.47,73.42,2.01
2016-08-22,24.85,0.88,75.23,1.94
2016-08-23,23.87,4.32,77.18,2.12
2016-08-24,24.31,1.31,75.86,1.98
2016-08-25,23.74,1.73,77.11,2.22
2016-08-26,23.96,11.02,79.74,1.92
2016-08-27,23.21,12.98,77.98,2.54
2016-08-28,23.91,5.45,74.58,2.52
2016-08-29,23.86,1.13,71.1,2.66
2016-08-30,22.98,13.06,74.8,2.59
2016-08-31,22.03,8.48,74.85,2.63
2016-09-01,22.36,7.85,71.12,2.58
2016-09-02,22.32,0.53,75.49,2.38
2016-09-03,23.54,0.4,72.95,2.05
2016-09-04,23.83,0.09,74.72,1.8
2016-09-05,23.5,0.01,74.49,1.97
2016-09-06,22.72,0.01,76.61,2.24
2016-09-07,23.44,0.0,69.96,2.31
2016-09-08,23.46,0.0,72.33,2.04
2016-09-09,24.37,0.42,74.86,1.29
2016-09-10,24.54,3.03,75.7,1.5
2016-09-11,24.12,0.05,71.52,1.83
2016-09-12,24.01,0.07,72.38,2.1
2016-09-13,24.04,0.33,74.76,2.07
2016-09-14,24.22,0.29,75.12,2.08
2016-09-15,24.43,0.11,71.99,2.28
2016-09-16,24.68,0.26,73.14,2.34
2016-09-17,24.22,0.11,72.82,2.38
2016-09-18,23.52,0.3,73.94,2.47
2016-09-19,24.97,0.19,69.24,2.33
2016-09-20,23.72,1.45,73.63,2.45
2016-09-21,24.28,0.42,72.3,2.5
2016-09-22,23.46,0.06,72.7,2.91
2016-09-23,24.26,0.06,68.97,3.04
2016-09-24,24.23,0.09,68.99,3.47
2016-09-25,24.45,0.14,70.67,2.63
2016-09-26,25.12,0.82,68.36,2.24
2016-09-27,24.88,1.05,73.19,1.6
2016-09-28,24.82,6.77,76.13,1.34
2016-09-29,24.61,2.31,77.93,1.47
2016-09-30,23.73,0.25,75.27,2.19
2016-10-01,24.67,0.0,69.57,1.5
2016-10-02,26.28,0.0,63.62,0.94
2016-10-03,26.33,0.0,64.88,0.82
2016-10-04,26.25,0.13,66.32,1.34
2016-10-05,24.88,6.36,71.57,1.48
2016-10-06,25.02,2.05,68.55,1.3
2016-10-07,25.03,0.01,63.9,1.2
2016-10-08,24.75,0.0,67.16,1.6
2016-10-09,24.42,0.0,71.1,2.19
2016-10-10,24.86,0.0,67.36,2.14
2016-10-11,25.25,0.05,65.7,1.7
2016-10-12,25.9,0.96,64.8,0.99
2016-10-13,24.61,17.36,76.19,0.52
2016-10-14,24.3,2.05,77.58,0.55
2016-10-15,24.03,2.71,79.79,1.08
2016-10-16,24.34,3.43,79.34,0.8
2016-10-17,23.98,0.52,79.93,0.74
2016-10-18,24.58,0.3,76.03,0.71
2016-10-19,24.66,0.35,72.52,0.98
2016-10-20,24.27,3.14,77.8,0.81
2016-10-21,22.66,9.64,84.39,1.13
2016-10-22,23.38,2.71,79.15,0.88
2016-10-23,24.29,3.68,76.61,1.0
2016-10-24,24.34,0.2,71.73,1.07
2016-10-25,24.38,0.24,73.85,0.88
2016-10-26,24.32,0.72,73.93,0.65
2016-10-27,23.66,0.09,77.63,0.64
2016-10-28,25.04,0.0,67.49,0.77
2016-10-29,25.26,0.72,71.6,1.22
2016-10-30,24.52,8.37,79.17,0.8
2016-10-31,22.55,20.79,91.73,0.94
2016-11-01,23.03,3.01,77.81,1.0
2016-11-02,23.29,9.49,79.95,1.11
2016-11-03,23.22,5.76,81.66,0.84
2016-11-04,24.05,3.27,81.9,0.96
2016-11-05,24.58,0.44,75.77,1.14
2016-11-06,24.0,0.02,69.3,1.17
2016-11-07,23.75,0.0,63.13,0.8
2016-11-08,23.23,1.38,75.5,0.95
2016-11-09,22.36,1.48,75.62,1.31
2016-11-10,22.96,0.0,59.49,0.88
2016-11-11,23.44,0.12,68.1,0.77
2016-11-12,23.86,0.62,72.97,1.01
2016-11-13,24.08,1.55,77.97,1.21
2016-11-14,24.02,2.68,80.75,1.31
2016-11-15,23.89,1.44,73.78,1.45
2016-11-16,23.46,0.99,77.15,1.6
2016-11-17,23.17,0.77,77.99,1.73
2016-11-18,23.79,0.03,71.26,1.53
2016-11-19,23.19,0.1,70.8,1.3
2016-11-20,23.19,0.1,70.2,1.18
2016-11-21,22.25,0.18,73.53,1.2
2016-11-22,23.7,0.16,69.37,1.31
2016-11-23,22.97,0.13,69.06,1.39
2016-11-24,22.29,0.05,61.95,1.32
2016-11-25,22.28,0.0,63.42,1.25
2016-11-26,23.26,0.0,63.8,1.02
2016-11-27,23.14,0.0,57.08,1.09
2016-11-28,22.84,0.0,50.03,1.15
2016-11-29,22.78,0.0,55.07,1.18
2016-11-30,22.44,0.0,52.06,1.15
2016-12-01,21.23,1.24,60.25,1.31
2016-12-02,21.36,29.96,85.86,1.57
2016-12-03,22.56,9.11,85.2,1.16
2016-12-04,22.83,1.97,78.27,1.16
2016-12-05,23.39,0.26,77.66,1.1
2016-12-06,22.22,0.57,73.47,1.41
2016-12-07,21.84,0.0,65.64,1.11
2016-12-08,23.14,0.44,77.4,0.89
2016-12-09,23.86,0.2,76.98,0.62
2016-12-10,23.39,0.0,68.58,1.19
2016-12-11,22.24,0.0,65.96,1.22
2016-12-12,22.52,0.1,69.06,1.99
2016-12-13,23.05,0.95,75.8,1.26
2016-12-14,23.18,0.17,67.53,1.03
2016-12-15,22.27,0.09,72.61,1.35
2016-12-16,23.09,0.02,70.93,1.33
2016-12-17,23.21,0.01,68.32,1.26
2016-12-18,22.68,0.0,66.54,1.26
2016-12-19,22.89,0.02,65.26,1.35
2016-12-20,22.51,1.87,79.53,1.64
2016-12-21,23.47,0.28,77.88,1.32
2016-12-22,23.97,0.0,64.72,1.1
2016-12-23,23.3,0.02,55.33,0.94
2016-12-24,22.6,0.0,50.97,0.91
2016-12-25,22.16,0.0,54.25,0.78
2016-12-26,22.79,0.0,49.73,1.1
2016-12-27,23.22,0.28,64.41,1.58
2016-12-28,22.56,3.89,81.27,1.83
2016-12-29,22.27,0.75,75.78,1.71
2016-12-30,21.53,0.0,67.59,1.47
2016-12-31,20.9,0.0,63.85,1.24
2017-01-01,21.22,0.0,65.05,1.15
2017-01-02,22.33,0.0,67.02,1.24
2017-01-03,22.2,0.0,59.57,1.34
2017-01-04,21.91,0.0,51.59,1.1
2017-01-05,21.22,0.0,63.31,1.13
2017-01-06,21.8,0.0,60.05,0.98
2017-01-07,21.88,0.0,61.13,0.97
2017-01-08,21.3,0.0,61.58,1.07
2017-01-09,21.1,0.0,57.6,1.0
2017-01-10,22.71,0.0,53.83,0.57
2017-01-11,22.63,0.0,59.8,0.8
2017-01-12,22.52,0.0,60.56,0.77
2017-01-13,22.7,0.0,64.68,1.01
2017-01-14,21.97,0.0,65.72,1.54
2017-01-15,21.55,0.0,63.44,1.5
2017-01-16,22.0,0.0,64.07,1.26
2017-01-17,20.86,0.0,58.43,1.32
2017-01-18,20.52,0.0,61.81,1.67
2017-01-19,21.22,0.0,63.99,1.71
2017-01-20,22.84,0.84,63.67,1.83
2017-01-21,21.62,19.53,85.97,2.06
2017-01-22,21.85,5.07,77.34,1.75
2017-01-23,21.6,0.0,69.32,1.71
2017-01-24,21.77,0.0,65.53,1.77
2017-01-25,21.49,0.24,74.35,1.6
2017-01-26,22.21,1.42,79.72,1.6
2017-01-27,22.48,4.13,85.47,1.58
2017-01-28,22.33,5.19,82.8,1.54
2017-01-29,22.8,2.55,80.34,1.67
2017-01-30,23.4,0.01,66.82,1.39
2017-01-31,22.66,0.0,64.75,1.24
2017-02-01,21.31,0.0,57.77,1.29
2017-02-02,20.76,0.0,61.56,1.3
2017-02-03,20.97,0.0,64.13,1.34
2017-02-04,21.11,0.0,64.67,1.34
2017-02-05,21.13,0.0,62.27,1.19
2017-02-06,22.38,0.0,60.09,0.86
2017-02-07,22.98,0.02,56.92,1.05
2017-02-08,22.39,0.0,45.57,1.33
2017-02-09,21.92,0.0,48.2,1.31
2017-02-10,22.08,0.0,53.82,1.16
2017-02-11,22.06,0.0,56.08,1.17
2017-02-12,21.47,0.0,61.63,1.45
2017-02-13,21.68,0.02,66.16,1.79
2017-02-14,23.09,1.29,73.66,2.75
2017-02-15,23.44,0.01,61.95,2.23
2017-02-16,22.1,0.0,62.2,1.94
2017-02-17,21.05,0.0,59.05,1.82
2017-02-18,21.76,0.0,56.83,1.58
2017-02-19,23.23,0.0,48.57,1.19
2017-02-20,23.7,0.0,43.42,0.96
2017-02-21,25.84,0.0,46.59,1.19
2017-02-22,26.29,0.0,42.59,1.34
2017-02-23,25.57,0.0,45.03,1.31
2017-02-24,25.38,0.0,42.68,1.62
2017-02-25,24.76,0.0,37.79,1.46
2017-02-26,25.15,0.0,39.65,1.56
2017-02-27,24.73,0.0,47.13,1.56
2017-02-28,24.92,0.0,57.87,1.92
2017-03-01,23.95,0.0,49.4,1.61
2017-03-02,23.83,0.11,61.4,1.58
2017-03-03,24.89,7.63,65.69,1.43
2017-03-04,24.08,8.33,80.41,0.81
2017-03-05,25.54,1.17,72.55,0.6
2017-03-06,25.21,1.5,75.25,0.75
2017-03-07,26.2,0.12,68.63,0.61
2017-03-08,25.89,1.11,68.88,1.01
2017-03-09,25.47,3.43,74.14,0.7
2017-03-10,23.39,8.96,87.4,0.51
2017-03-11,25.06,8.55,71.92,0.66
2017-03-12,25.25,2.76,70.03,0.77
2017-03-13,25.14,0.84,72.57,1.03
2017-03-14,23.84,5.87,82.45,0.85
2017-03-15,23.17,10.74,83.16,1.16
2017-03-16,22.54,1.54,82.57,1.1
2017-03-17,25.01,1.4,69.35,0.95
2017-03-18,25.72,0.7,68.28,0.93
2017-03-19,26.24,0.29,67.33,0.97
2017-03-20,26.37,1.61,65.66,0.79
2017-03-21,26.02,2.41,67.43,0.96
2017-03-22,25.43,0.0,65.58,1.34
2017-03-23,25.45,0.0,58.09,1.3
2017-03-24,25.09,0.0,52.37,1.38
2017-03-25,25.15,0.0,48.16,1.53
2017-03-26,25.15,0.0,51.89,1.71
2017-03-27,24.87,0.0,50.46,1.33
2017-03-28,26.15,0.0,54.6,1.12
2017-03-29,26.49,0.0,53.48,1.36
2017-03-30,26.94,0.35,54.91,1.21
2017-03-31,25.78,1.5,69.82,1.3
2017-04-01,27.07,0.01,54.64,1.35
2017-04-02,27.25,0.13,50.5,1.45
2017-04-03,27.74,0.69,53.95,1.31
2017-04-04,28.46,0.0,54.9,1.24
2017-04-05,29.09,0.0,50.74,1.26
2017-04-06,28.63,1.24,53.38,1.08
2017-04-07,28.42,0.79,52.15,1.44
2017-04-08,28.74,0.11,46.64,1.46
2017-04-09,28.14,2.33,56.51,1.21
2017-04-10,28.66,0.1,51.55,0.84
2017-04-11,28.73,0.75,52.93,0.86
2017-04-12,27.52,0.34,59.04,1.07
2017-04-13,29.21,0.53,53.69,1.29
2017-04-14,28.66,0.35,52.43,1.1
2017-04-15,29.58,0.0,45.79,1.19
2017-04-16,30.38,0.07,45.6,0.99
2017-04-17,30.75,0.04,43.81,0.89
2017-04-18,30.95,0.0,43.99,1.1
2017-04-19,30.75,0.07,47.59,0.82
2017-04-20,29.24,0.65,54.8,1.12
2017-04-21,28.38,0.08,57.56,1.75
2017-04-22,28.56,0.89,56.63,1.81
2017-04-23,29.07,0.71,57.55,1.31
2017-04-24,29.63,0.07,52.82,1.37
2017-04-25,29.72,0.0,51.46,1.06
2017-04-26,28.3,2.62,57.3,0.74
2017-04-27,29.86,0.48,50.64,1.11
2017-04-28,29.72,0.34,49.19,1.24
2017-04-29,30.14,0.32,45.76,1.15
2017-04-30,29.65,1.98,46.7,1.37
2017-05-01,28.51,1.65,51.82,0.79
2017-05-02,28.18,6.59,58.36,1.21
2017-05-03,27.45,3.85,63.24,1.25
2017-05-04,28.0,0.98,61.8,1.08
2017-05-05,29.04,1.25,58.42,1.1
2017-05-06,26.99,11.91,73.89,0.84
2017-05-07,26.65,1.19,72.86,0.75
2017-05-08,26.61,1.9,55.64,0.93
2017-05-09,27.54,2.08,59.7,0.82
2017-05-10,26.88,4.02,71.26,0.95
2017-05-11,26.29,1.37,71.62,0.66
2017-05-12,26.39,13.11,73.17,0.74
2017-05-13,25.79,18.38,79.74,0.69
2017-05-14,27.21,4.18,70.21,1.18
2017-05-15,27.24,0.05,68.52,1.71
2017-05-16,27.3,0.26,67.66,1.25
2017-05-17,28.16,1.27,65.32,1.38
2017-05-18,26.51,7.45,71.58,1.43
2017-05-19,26.87,0.45,64.65,1.88
2017-05-20,26.14,13.62,72.94,1.58
2017-05-21,26.02,4.33,73.91,1.1
2017-05-22,26.42,2.07,71.16,1.24
2017-05-23,26.9,0.58,67.92,0.84
2017-05-24,26.1,2.71,75.16,1.24
2017-05-25,26.0,3.13,76.03,1.71
2017-05-26,25.88,0.9,75.88,1.64
2017-05-27,25.19,8.81,78.55,1.55
2017-05-28,24.92,5.96,81.22,1.69
2017-05-29,25.44,3.22,76.05,2.49
2017-05-30,25.77,2.73,75.89,3.28
2017-05-31,25.2,9.08,74.29,2.55
2017-06-01,24.77,4.19,73.01,2.64
2017-06-02,24.33,16.57,77.56,2.67
2017-06-03,24.72,1.39,75.63,2.99
2017-06-04,24.61,2.42,76.44,2.97
2017-06-05,25.23,5.34,76.37,2.26
2017-06-06,24.89,1.76,76.78,1.77
2017-06-07,24.01,8.0,78.45,1.87
2017-06-08,24.99,0.01,72.04,2.41
2017-06-09,23.75,0.27,75.03,2.71
2017-06-10,24.36,1.64,73.59,3.48
2017-06-11,23.57,0.55,76.03,3.55
2017-06-12,24.75,0.69,76.0,2.43
2017-06-13,25.38,0.63,76.1,2.02
2017-06-14,25.19,13.65,79.91,1.68
2017-06-15,24.73,3.19,79.79,1.56
2017-06-16,24.09,6.19,77.89,1.8
2017-06-17,24.53,3.12,69.45,2.27
2017-06-18,25.12,0.38,72.46,2.07
2017-06-19,25.05,4.95,75.03,1.94
2017-06-20,23.96,1.02,76.75,1.95
2017-06-21,24.27,0.54,74.19,1.87
2017-06-22,24.52,1.7,76.62,2.25
2017-06-23,24.33,1.32,75.62,2.65
2017-06-24,23.01,3.19,75.1,3.45
2017-06-25,24.01,2.38,72.53,3.48
2017-06-26,23.9,6.0,73.84,3.95
2017-06-27,23.36,7.08,78.03,3.1
2017-06-28,23.38,2.08,77.21,2.91
2017-06-29,23.55,0.32,71.07,3.31
2017-06-30,24.06,0.35,75.93,2.21
2017-07-01,24.16,1.08,73.64,2.54
2017-07-02,23.93,0.61,69.69,2.4
2017-07-03,23.37,3.87,74.1,2.62
2017-07-04,24.8,0.09,66.42,2.71
2017-07-05,23.74,0.54,75.57,2.04
2017-07-06,24.3,1.08,72.08,2.59
2017-07-07,23.69,0.89,74.32,2.66
2017-07-08,23.62,2.41,75.38,2.08
2017-07-09,23.18,10.52,75.46,2.08
2017-07-10,23.31,2.71,77.41,2.15
2017-07-11,23.88,0.6,76.1,2.52
2017-07-12,24.13,0.1,72.46,1.8
2017-07-13,23.92,1.85,73.31,2.74
2017-07-14,23.43,0.05,64.1,3.14
2017-07-15,23.63,0.12,75.15,2.5
2017-07-16,24.23,0.15,68.81,3.26
2017-07-17,23.82,0.33,70.85,3.62
2017-07-18,23.86,0.78,76.0,3.45
2017-07-19,24.19,1.56,73.74,3.76
2017-07-20,24.6,0.52,72.85,3.5
2017-07-21,24.72,0.57,68.89,3.19
2017-07-22,25.48,0.39,71.34,2.36
2017-07-23,25.7,0.05,69.22,2.21
2017-07-24,25.86,0.01,66.68,2.85
2017-07-25,26.02,0.0,65.83,2.37
2017-07-26,25.82,0.1,66.79,2.43
2017-07-27,25.43,4.47,67.64,3.05
2017-07-28,25.73,2.66,68.79,2.99
2017-07-29,25.4,10.67,70.91,2.12
2017-07-30,24.02,12.49,81.27,1.35
2017-07-31,24.38,19.66,80.43,1.42
2017-08-01,25.29,14.82,75.73,1.43
2017-08-02,24.66,6.22,78.42,1.9
2017-08-03,24.36,2.51,75.05,2.99
2017-08-04,24.56,2.06,76.34,3.17
2017-08-05,24.18,1.87,76.72,3.43
2017-08-06,24.82,0.98,74.46,2.86
2017-08-07,24.16,8.72,76.12,2.25
2017-08-08,23.6,12.15,79.25,1.55
2017-08-09,24.07,8.02,79.08,1.34
2017-08-10,23.76,7.31,78.33,1.2
2017-08-11,22.68,1.55,83.08,1.91
2017-08-12,24.14,12.0,76.24,1.28
2017-08-13,22.94,16.43,83.05,1.26
2017-08-14,22.87,20.38,85.16,0.78
2017-08-15,23.22,6.16,78.73,0.76
2017-08-16,23.18,1.56,80.87,1.59
2017-08-17,23.35,4.64,83.65,1.73
2017-08-18,23.61,4.49,80.9,2.46
2017-08-19,23.15,1.21,78.24,3.32
2017-08-20,23.32,1.85,79.25,2.99
2017-08-21,22.48,1.56,80.61,2.68
2017-08-22,22.96,0.76,80.37,2.12
2017-08-23,23.43,8.33,80.7,1.64
2017-08-24,23.58,6.29,82.94,1.31
2017-08-25,23.73,0.08,79.7,1.99
2017-08-26,23.18,0.71,81.97,1.99
2017-08-27,23.34,2.02,84.28,2.54
2017-08-28,23.6,3.27,81.21,2.73
2017-08-29,23.0,1.91,81.9,3.05
2017-08-30,23.95,12.25,78.61,2.31
2017-08-31,23.94,2.41,81.39,1.15
2017-09-01,23.88,26.03,85.33,0.91
2017-09-02,23.73,14.42,84.57,0.54
2017-09-03,23.56,2.58,83.59,0.76
2017-09-04,24.52,12.97,82.06,0.49
2017-09-05,24.27,9.04,84.83,1.05
2017-09-06,23.96,8.67,85.16,0.75
2017-09-07,23.84,3.84,85.34,0.78
2017-09-08,23.25,40.23,89.73,1.03
2017-09-09,23.35,10.94,84.97,0.76
2017-09-10,23.92,1.62,83.53,0.84
2017-09-11,23.9,1.37,86.58,1.0
2017-09-12,23.66,5.34,86.71,1.38
2017-09-13,23.31,16.17,88.65,1.18
2017-09-14,22.94,4.63,87.84,1.73
2017-09-15,23.18,1.16,85.97,1.45
2017-09-16,23.15,5.85,87.25,1.89
2017-09-17,22.58,15.26,84.6,2.78
2017-09-18,22.9,0.57,83.75,3.19
2017-09-19,23.03,0.6,84.68,2.85
2017-09-20,22.8,0.37,83.61,2.71
2017-09-21,22.47,0.22,83.71,2.13
2017-09-22,23.35,0.06,80.9,1.5
2017-09-23,24.01,0.11,79.45,0.76
2017-09-24,23.86,2.11,83.51,0.96
2017-09-25,22.81,2.19,85.44,1.17
2017-09-26,23.23,6.27,86.02,1.08
2017-09-27,22.94,3.31,86.71,1.4
2017-09-28,22.32,3.78,83.16,2.49
2017-09-29,22.82,0.44,82.55,2.31
2017-09-30,23.76,0.74,84.38,1.35
2017-10-01,23.28,0.73,84.39,1.41
2017-10-02,24.03,0.16,85.78,1.08
2017-10-03,24.22,0.88,84.97,1.07
2017-10-04,24.29,4.65,83.31,0.73
2017-10-05,23.66,14.26,88.93,0.63
2017-10-06,22.34,7.01,88.17,1.5
2017-10-07,23.2,2.68,85.28,0.87
2017-10-08,24.23,2.18,85.83,0.87
2017-10-09,23.75,0.42,88.81,0.78
2017-10-10,23.58,1.95,86.6,0.81
2017-10-11,22.88,5.15,86.61,0.92
2017-10-12,23.17,5.0,82.71,1.08
2017-10-13,22.86,5.75,84.72,1.06
2017-10-14,22.32,2.6,86.35,1.47
2017-10-15,21.94,1.03,84.65,1.94
2017-10-16,22.99,0.18,82.85,1.73
2017-10-17,22.36,3.93,85.5,1.34
2017-10-18,22.62,0.98,86.13,1.19
2017-10-19,24.31,0.04,81.66,0.78
2017-10-20,23.73,0.18,84.83,1.03
2017-10-21,23.39,12.92,87.72,1.32
2017-10-22,23.11,1.95,88.09,1.04
2017-10-23,23.89,0.1,77.04,0.91
2017-10-24,24.28,0.23,77.2,0.62
2017-10-25,23.52,1.07,84.93,0.95
2017-10-26,23.18,10.85,86.68,1.01
2017-10-27,22.49,14.54,90.67,0.94
2017-10-28,21.76,4.47,92.88,0.96
2017-10-29,22.22,0.06,84.21,1.22
2017-10-30,21.85,5.04,91.23,1.29
2017-10-31,21.72,4.05,91.82,1.17
2017-11-01,22.32,12.08,89.44,1.16
2017-11-02,22.24,8.37,89.81,1.32
2017-11-03,22.18,1.37,89.34,1.38
2017-11-04,22.03,3.99,89.72,1.34
2017-11-05,21.71,9.74,90.79,1.33
2017-11-06,20.99,6.65,93.04,1.47
2017-11-07,21.76,2.6,89.7,1.27
2017-11-08,21.0,31.25,90.47,1.1
2017-11-09,22.04,0.29,83.51,1.15
2017-11-10,21.74,0.02,81.45,1.26
2017-11-11,22.02,0.06,83.18,1.17
2017-11-12,22.95,0.06,77.72,0.99
2017-11-13,23.12,1.79,81.94,0.87
2017-11-14,22.42,1.1,86.23,0.81
2017-11-15,22.9,0.22,86.4,1.05
2017-11-16,22.62,0.0,71.22,0.78
2017-11-17,22.14,0.18,72.35,1.05
2017-11-18,22.44,0.45,80.57,1.0
2017-11-19,22.83,1.35,88.06,0.96
2017-11-20,22.96,0.71,86.37,1.08
2017-11-21,22.3,9.22,90.23,1.04
2017-11-22,22.11,1.81,89.55,1.18
2017-11-23,22.03,0.42,85.29,1.18
2017-11-24,22.18,0.0,85.04,1.06
2017-11-25,21.88,0.05,85.01,1.16
2017-11-26,20.96,5.51,91.25,1.03
2017-11-27,21.72,9.09,94.49,0.95
2017-11-28,22.05,1.6,89.93,1.55
2017-11-29,21.98,5.99,92.14,2.08
2017-11-30,21.65,60.65,95.76,2.74
2017-12-01,21.84,22.78,96.14,1.59
2017-12-02,21.65,1.94,90.46,0.77
2017-12-03,21.91,1.18,86.85,0.77
2017-12-04,22.25,0.04,85.98,0.72
2017-12-05,22.49,0.13,86.31,0.64
2017-12-06,22.24,0.83,90.22,0.9
2017-12-07,22.18,1.07,89.99,0.88
2017-12-08,22.4,0.03,80.24,0.67
2017-12-09,21.73,0.46,71.87,0.67
2017-12-10,21.47,0.21,79.01,0.86
2017-12-11,21.84,0.1,84.65,0.9
2017-12-12,22.61,0.09,85.91,0.56
2017-12-13,21.05,3.05,95.92,0.83
2017-12-14,21.32,0.03,84.59,1.03
2017-12-15,21.13,1.18,89.28,1.25
2017-12-16,21.06,0.09,88.45,1.6
2017-12-17,20.08,0.01,87.89,1.62
2017-12-18,19.05,0.0,84.47,1.55
2017-12-19,19.69,0.18,87.2,1.34
2017-12-20,20.61,0.36,86.96,1.85
2017-12-21,19.74,3.02,87.82,1.49
2017-12-22,20.66,0.18,85.83,1.75
2017-12-23,20.18,0.0,84.54,1.53
2017-12-24,19.48,0.0,82.96,1.22
2017-12-25,21.02,0.0,84.69,1.24
2017-12-26,20.97,0.0,82.04,1.32
2017-12-27,19.74,0.0,81.83,1.34
2017-12-28,18.29,0.0,80.5,1.43
2017-12-29,18.66,0.0,78.55,1.32
2017-12-30,19.49,0.0,78.18,1.17
2017-12-31,20.5,0.0,72.88,0.9
2018-01-01,21.95,0.0,74.52,0.47
2018-01-02,22.77,0.0,77.45,0.52
2018-01-03,22.29,0.0,79.07,0.84
2018-01-04,21.37,0.0,78.51,1.14
2018-01-05,19.95,0.0,73.88,1.23
2018-01-06,20.18,0.0,70.3,0.77
2018-01-07,20.62,0.0,69.06,0.94
2018-01-08,19.27,0.0,69.38,1.26
2018-01-09,20.09,2.15,79.52,0.98
2018-01-10,21.58,2.46,85.45,1.56
2018-01-11,22.51,0.22,79.48,1.26
2018-01-12,22.12,0.02,83.38,1.25
2018-01-13,21.83,0.0,77.98,1.34
2018-01-14,20.82,0.0,70.18,1.3
2018-01-15,21.31,0.0,73.24,1.39
2018-01-16,21.95,0.0,73.96,1.15
2018-01-17,21.76,0.0,75.63,1.08
2018-01-18,20.36,0.0,66.71,1.39
2018-01-19,19.71,0.0,71.22,1.26
2018-01-20,20.0,0.0,70.69,1.15
2018-01-21,20.01,0.0,70.73,1.2
2018-01-22,21.1,0.0,66.91,0.92
2018-01-23,22.29,0.0,67.11,0.58
2018-01-24,22.36,0.0,75.0,0.79
2018-01-25,22.79,0.11,67.81,1.07
2018-01-26,21.66,0.04,64.78,1.19
2018-01-27,22.1,0.0,64.3,1.0
2018-01-28,21.69,0.04,69.57,1.12
2018-01-29,21.64,0.0,66.24,1.39
2018-01-30,22.02,0.0,64.93,1.35
2018-01-31,21.14,0.0,60.17,1.41
2018-02-01,21.35,0.0,51.98,1.28
2018-02-02,21.41,0.0,48.5,1.26
2018-02-03,20.27,0.0,55.2,1.3
2018-02-04,20.59,0.0,62.57,1.06
2018-02-05,21.95,0.0,65.71,1.3
2018-02-06,23.28,0.71,76.16,1.31
2018-02-07,23.23,8.74,81.89,0.81
2018-02-08,22.62,3.26,79.61,0.86
2018-02-09,23.65,0.11,71.8,0.85
2018-02-10,23.32,0.01,65.13,1.08
2018-02-11,21.61,0.02,76.18,1.12
2018-02-12,22.53,0.06,76.36,1.13
2018-02-13,20.92,0.0,76.31,1.16
2018-02-14,22.19,0.0,71.91,1.47
2018-02-15,22.02,0.0,74.42,1.47
2018-02-16,22.48,0.0,64.82,1.54
2018-02-17,22.6,0.0,59.04,1.08
2018-02-18,23.41,0.0,54.82,1.24
2018-02-19,22.51,0.0,57.81,1.32
2018-02-20,22.41,0.0,63.03,1.42
2018-02-21,22.66,0.0,60.41,1.32
2018-02-22,22.96,0.0,49.49,1.42
2018-02-23,22.39,0.0,54.42,1.35
2018-02-24,22.96,0.0,65.78,1.45
2018-02-25,23.84,0.0,66.41,1.63
2018-02-26,24.36,0.0,65.44,1.38
2018-02-27,24.3,0.0,65.36,1.61
2018-02-28,24.77,0.22,63.65,1.51
2018-03-01,24.34,2.19,69.53,1.56
2018-03-02,24.42,0.0,54.09,1.36
2018-03-03,24.65,0.01,47.7,1.13
2018-03-04,25.23,0.03,47.73,1.23
2018-03-05,24.95,0.0,42.84,1.28
2018-03-06,24.98,0.0,42.43,1.32
2018-03-07,25.03,0.0,41.94,1.26
2018-03-08,25.27,0.0,51.72,1.45
2018-03-09,25.27,0.0,49.11,1.64
2018-03-10,25.16,0.0,47.43,1.61
2018-03-11,24.89,0.0,56.56,1.63
2018-03-12,24.67,0.25,69.41,1.99
2018-03-13,23.36,6.26,79.89,1.71
2018-03-14,23.62,1.27,73.56,1.47
2018-03-15,24.9,0.41,70.82,0.99
2018-03-16,25.97,0.08,65.85,0.61
2018-03-17,23.77,0.34,79.78,0.86
2018-03-18,24.61,5.99,75.26,1.16
2018-03-19,25.45,0.89,65.95,1.37
2018-03-20,25.83,0.0,49.91,1.25
2018-03-21,27.33,0.57,49.46,1.07
2018-03-22,27.39,0.36,56.66,0.9
2018-03-23,27.45,3.19,58.88,0.91
2018-03-24,27.27,0.74,57.89,1.4
2018-03-25,26.06,0.0,55.78,1.61
2018-03-26,26.47,0.04,44.79,1.48
2018-03-27,26.74,0.31,54.07,1.14
2018-03-28,28.2,0.04,56.31,0.8
2018-03-29,27.87,0.06,56.26,0.85
2018-03-30,27.65,0.83,55.94,0.67
2018-03-31,27.39,1.55,59.42,0.79
2018-04-01,27.75,1.31,57.03,1.17
2018-04-02,27.76,0.28,55.89,1.14
2018-04-03,28.09,0.21,52.78,1.18
2018-04-04,27.84,0.0,50.57,1.2
2018-04-05,27.43,0.0,52.36,1.27
2018-04-06,27.28,0.0,50.4,1.02
2018-04-07,28.01,0.1,50.56,1.5
2018-04-08,26.84,0.58,61.7,1.59
2018-04-09,26.02,0.95,65.84,1.42
2018-04-10,25.95,5.54,71.02,1.52
2018-04-11,25.03,3.31,77.6,0.87
2018-04-12,25.73,1.55,72.73,1.06
2018-04-13,25.23,6.16,76.34,1.21
2018-04-14,25.97,7.95,73.69,1.06
2018-04-15,24.75,5.12,80.32,1.23
2018-04-16,26.64,2.19,68.75,1.26
2018-04-17,25.95,0.17,72.34,1.04
2018-04-18,27.27,0.62,64.22,1.16
2018-04-19,28.0,0.14,61.51,1.11
2018-04-20,27.98,0.78,61.76,0.75
2018-04-21,28.39,0.47,59.08,1.35
2018-04-22,28.65,0.71,59.39,0.86
2018-04-23,28.63,0.08,56.02,1.32
2018-04-24,29.07,0.27,55.21,1.01
2018-04-25,29.1,1.04,56.67,0.81
2018-04-26,28.72,2.05,60.79,1.24
2018-04-27,27.14,3.01,69.65,0.91
2018-04-28,26.14,0.17,72.56,1.27
2018-04-29,28.72,0.15,60.42,0.98
2018-04-30,28.01,4.06,66.32,0.64
2018-05-01,27.87,2.26,66.0,0.8
2018-05-02,27.48,6.57,67.68,0.81
2018-05-03,27.13,5.67,72.13,0.99
2018-05-04,26.08,7.51,71.94,1.08
2018-05-05,26.6,6.95,68.82,0.91
2018-05-06,26.96,3.96,70.42,0.91
2018-05-07,26.57,0.8,72.69,0.85
2018-05-08,25.69,5.01,75.19,0.97
2018-05-09,24.07,40.59,81.68,1.15
2018-05-10,24.78,9.47,80.29,0.99
2018-05-11,26.38,1.17,72.64,0.7
2018-05-12,25.72,4.98,76.93,0.86
2018-05-13,26.04,4.73,73.54,0.66
2018-05-14,25.31,3.31,75.53,0.65
2018-05-15,25.62,2.21,71.51,1.12
2018-05-16,24.03,1.21,77.24,0.54
2018-05-17,25.5,0.84,72.56,0.74
2018-05-18,25.74,2.45,73.09,0.91
2018-05-19,26.95,0.3,67.38,0.98
2018-05-20,25.96,1.04,75.13,1.28
2018-05-21,25.43,0.37,72.59,1.05
2018-05-22,25.87,3.15,70.67,1.39
2018-05-23,25.35,1.97,80.24,1.14
2018-05-24,24.96,7.17,81.09,1.32
2018-05-25,24.29,13.84,83.33,1.17
2018-05-26,23.53,3.35,88.64,1.82
2018-05-27,24.67,1.35,85.12,1.74
2018-05-28,24.58,13.17,86.71,2.34
2018-05-29,24.97,1.81,80.47,3.01
2018-05-30,25.18,0.38,77.64,2.57
2018-05-31,25.42,0.34,77.4,1.71
2018-06-01,25.51,0.39,78.02,0.8
2018-06-02,25.0,1.02,81.96,0.86
2018-06-03,24.37,2.69,84.65,1.41
2018-06-04,24.27,4.16,84.17,1.4
2018-06-05,24.86,1.18,77.87,1.53
2018-06-06,25.13,1.07,71.43,2.26
2018-06-07,24.77,2.09,76.39,2.69
2018-06-08,25.54,2.3,76.18,3.97
2018-06-09,24.71,2.94,77.07,4.67
2018-06-10,24.96,2.22,79.13,3.74
2018-06-11,25.06,3.01,77.3,3.94
2018-06-12,24.87,1.64,77.67,3.44
2018-06-13,24.17,3.9,75.19,3.93
2018-06-14,23.86,1.14,73.06,3.77
2018-06-15,24.25,0.69,67.73,2.72
2018-06-16,24.01,9.52,70.85,2.39
2018-06-17,22.8,0.64,75.43,2.45
2018-06-18,23.98,0.58,70.31,2.64
2018-06-19,24.55,1.65,76.81,3.01
2018-06-20,23.99,3.38,79.45,2.88
2018-06-21,23.9,1.68,77.73,2.74
2018-06-22,23.8,1.25,71.79,2.97
2018-06-23,24.36,0.14,70.48,2.8
2018-06-24,24.44,0.47,72.51,2.49
2018-06-25,23.2,0.76,70.21,2.93
2018-06-26,23.61,0.93,69.55,3.75
2018-06-27,23.3,2.06,73.05,3.68
2018-06-28,22.39,1.74,74.59,3.09
2018-06-29,22.95,1.7,74.14,2.1
2018-06-30,23.47,11.86,72.91,1.58
2018-07-01,24.31,10.39,69.94,1.36
2018-07-02,23.42,10.06,76.45,1.88
2018-07-03,23.67,11.51,77.22,1.44
2018-07-04,24.29,0.01,76.56,1.77
2018-07-05,24.14,0.54,75.03,2.1
2018-07-06,24.0,0.61,73.4,3.13
2018-07-07,22.99,0.64,72.71,4.31
2018-07-08,23.6,0.92,75.73,3.6
2018-07-09,23.52,6.94,81.8,2.55
2018-07-10,23.61,5.84,80.14,2.72
2018-07-11,23.26,3.81,78.05,3.8
2018-07-12,23.02,1.51,74.48,4.06
2018-07-13,23.99,2.38,76.42,4.06
2018-07-14,24.12,1.97,77.55,3.81
2018-07-15,23.89,10.42,78.19,4.1
2018-07-16,23.18,6.31,77.14,4.37
2018-07-17,23.57,1.93,73.03,4.73
2018-07-18,23.25,3.7,76.14,4.04
2018-07-19,24.17,3.0,75.61,3.96
2018-07-20,23.7,0.22,75.26,4.48
2018-07-21,23.38,0.58,74.29,4.53
2018-07-22,24.13,0.3,72.32,4.21
2018-07-23,24.37,0.75,74.17,3.7
2018-07-24,24.3,2.38,73.29,3.51
2018-07-25,24.6,2.27,72.81,2.74
2018-07-26,23.66,0.55,75.52,3.12
2018-07-27,24.41,0.12,73.01,3.14
2018-07-28,24.93,0.47,72.11,2.4
2018-07-29,24.74,0.66,75.72,2.15
2018-07-30,24.09,2.21,78.62,2.0
2018-07-31,23.9,5.32,77.7,2.88
2018-08-01,23.78,0.67,75.74,3.04
2018-08-02,24.64,7.37,70.35,2.34
2018-08-03,23.2,9.4,73.85,2.79
2018-08-04,23.42,2.95,70.56,2.82
2018-08-05,23.74,0.34,73.51,3.16
2018-08-06,23.33,0.53,75.61,3.87
2018-08-07,23.25,2.39,74.8,3.9
2018-08-08,22.66,8.48,75.71,4.32
2018-08-09,23.51,1.23,71.46,3.64
2018-08-10,23.75,4.36,73.22,3.3
2018-08-11,23.83,0.2,69.85,4.11
2018-08-12,22.8,1.88,75.45,4.0
2018-08-13,23.46,2.04,72.48,4.23
2018-08-14,23.72,3.79,71.6,4.85
2018-08-15,23.77,21.55,76.69,5.07
2018-08-16,23.24,11.68,77.4,4.99
2018-08-17,24.11,3.97,76.24,4.71
2018-08-18,22.78,1.29,76.84,4.57
2018-08-19,23.11,0.79,77.22,4.16
2018-08-20,23.47,0.37,74.78,4.02
2018-08-21,23.71,0.2,72.3,3.39
2018-08-22,23.95,0.04,71.22,2.68
2018-08-23,24.12,0.58,73.54,2.09
2018-08-24,24.1,6.11,74.14,1.87
2018-08-25,24.85,0.89,73.2,1.64
2018-08-26,23.56,2.8,74.6,2.62
2018-08-27,23.2,6.2,75.89,2.58
2018-08-28,23.49,1.24,74.03,2.62
2018-08-29,23.49,0.87,74.67,2.45
2018-08-30,24.15,6.01,74.7,2.06
2018-08-31,23.21,8.89,80.01,1.73
2018-09-01,24.1,7.38,76.62,1.3
2018-09-02,23.49,0.34,78.74,1.35
2018-09-03,24.72,0.02,71.26,1.44
2018-09-04,25.2,0.02,69.71,1.41
2018-09-05,24.31,0.0,70.62,1.87
2018-09-06,24.21,0.0,73.38,2.37
2018-09-07,23.78,0.0,69.97,2.76
2018-09-08,24.68,0.0,69.34,1.85
2018-09-09,25.81,0.8,66.92,0.98
2018-09-10,25.46,7.9,71.64,0.52
2018-09-11,25.76,0.21,71.73,0.98
2018-09-12,26.8,0.0,66.06,0.73
2018-09-13,26.58,0.62,67.5,0.71
2018-09-14,25.08,4.17,74.5,0.73
2018-09-15,23.43,2.14,73.24,1.11
2018-09-16,23.47,2.72,74.19,1.55
2018-09-17,24.25,0.3,74.36,1.68
2018-09-18,23.86,0.37,73.96,2.58
2018-09-19,23.69,3.81,76.15,2.33
2018-09-20,23.99,1.31,71.18,2.59
2018-09-21,24.09,0.28,67.54,2.23
2018-09-22,24.93,0.3,72.81,0.71
2018-09-23,25.11,6.55,75.85,0.71
2018-09-24,23.9,14.09,83.07,0.72
2018-09-25,24.7,5.51,78.05,0.65
2018-09-26,25.59,0.83,74.11,0.99
2018-09-27,25.08,15.22,76.5,1.17
2018-09-28,23.84,23.83,85.28,0.87
2018-09-29,23.82,14.11,86.23,1.22
2018-09-30,24.39,6.41,82.41,1.09
2018-10-01,24.3,6.55,82.7,1.12
2018-10-02,23.52,11.03,85.66,1.13
2018-10-03,23.44,6.56,85.1,1.18
2018-10-04,22.39,12.22,88.13,1.28
2018-10-05,22.5,14.77,91.55,1.74
2018-10-06,22.65,12.99,90.98,1.5
2018-10-07,23.21,8.54,86.01,0.95
2018-10-08,23.07,21.7,87.31,0.72
2018-10-09,22.97,3.8,85.58,0.85
2018-10-10,23.14,0.3,83.13,1.1
2018-10-11,24.56,0.23,73.95,0.88
2018-10-12,24.66,0.19,76.77,0.62
2018-10-13,24.09,1.36,81.9,0.69
2018-10-14,23.74,16.11,85.54,0.73
2018-10-15,23.46,1.97,88.86,0.61
2018-10-16,23.13,10.85,87.88,0.65
2018-10-17,22.44,2.25,85.93,0.42
2018-10-18,23.04,1.58,84.31,0.71
2018-10-19,23.01,2.68,87.1,0.97
2018-10-20,23.02,4.01,85.86,0.91
2018-10-21,22.72,3.84,87.58,0.92
2018-10-22,22.94,5.25,85.2,0.94
2018-10-23,23.33,2.48,69.22,0.9
2018-10-24,23.11,2.09,67.62,1.03
2018-10-25,22.54,2.47,82.1,1.28
2018-10-26,22.57,0.0,82.29,1.53
2018-10-27,23.04,0.45,78.73,1.15
2018-10-28,22.62,0.16,72.14,1.16
2018-10-29,23.26,0.0,70.55,0.98
2018-10-30,23.79,0.06,71.52,0.65
2018-10-31,23.11,4.32,83.28,0.92
2018-11-01,22.82,6.83,90.2,1.14
2018-11-02,22.62,8.9,89.71,1.32
2018-11-03,22.07,18.01,90.24,1.31
2018-11-04,22.35,2.1,85.49,1.36
2018-11-05,21.93,0.16,84.41,1.06
2018-11-06,21.49,0.5,86.29,1.22
2018-11-07,22.45,0.2,77.12,1.12
2018-11-08,21.46,0.57,81.1,0.95
2018-11-09,22.0,0.81,87.34,1.13
2018-11-10,22.45,0.22,79.01,1.13
2018-11-11,22.89,0.23,72.84,1.01
2018-11-12,22.9,0.03,70.63,0.85
2018-11-13,23.53,0.01,74.4,0.76
2018-11-14,24.02,0.0,73.97,0.64
2018-11-15,24.02,8.22,74.29,0.86
2018-11-16,22.13,57.85,92.69,1.39
2018-11-17,22.04,0.01,85.28,1.05
2018-11-18,22.49,1.38,89.3,1.06
2018-11-19,22.78,4.27,87.24,1.02
2018-11-20,21.79,3.37,87.65,1.13
2018-11-21,21.27,1.1,88.44,1.28
2018-11-22,21.09,3.32,92.45,1.21
2018-11-23,21.73,4.95,90.8,1.15
2018-11-24,21.68,4.21,90.85,1.04
2018-11-25,21.44,0.41,88.16,1.02
2018-11-26,21.34,0.0,85.47,1.21
2018-11-27,19.82,0.0,81.72,1.23
2018-11-28,20.62,0.59,86.18,1.22
2018-11-29,21.45,8.8,91.44,1.45
2018-11-30,21.92,1.94,88.62,1.29
2018-12-01,21.62,0.24,86.71,1.23
2018-12-02,21.12,0.0,82.16,1.11
2018-12-03,21.51,0.69,81.94,1.13
2018-12-04,22.14,6.35,88.84,1.19
2018-12-05,22.35,0.5,86.13,1.12
2018-12-06,22.56,0.64,85.25,1.13
2018-12-07,22.41,0.16,84.89,1.31
2018-12-08,22.17,0.01,81.84,1.35
2018-12-09,21.95,0.0,80.36,1.27
2018-12-10,22.23,0.0,73.87,1.04
2018-12-11,21.78,0.0,70.56,0.87
2018-12-12,22.87,0.0,69.58,0.85
2018-12-13,22.59,0.0,74.9,0.92
2018-12-14,22.14,0.0,71.52,1.15
2018-12-15,22.05,0.0,78.52,1.28
2018-12-16,22.42,0.0,68.72,1.01
2018-12-17,23.03,0.0,69.7,0.96
2018-12-18,22.87,0.0,75.8,0.86
2018-12-19,22.2,0.0,80.83,1.16
2018-12-20,21.99,0.0,73.62,1.01
2018-12-21,22.74,0.02,72.85,0.89
2018-12-22,21.12,0.61,83.89,1.36
2018-12-23,22.1,2.72,87.07,1.47
2018-12-24,21.53,0.82,89.21,1.04
2018-12-25,22.62,0.29,76.62,1.19
2018-12-26,22.77,0.03,67.76,0.96
2018-12-27,22.77,0.02,68.8,0.89
2018-12-28,22.55,0.09,73.86,0.75
2018-12-29,21.57,0.27,83.1,1.48
2018-12-30,21.28,0.02,73.87,1.61
2018-12-31,21.24,0.0,75.75,1.41
2019-01-01,19.77,0.0,70.98,1.24
2019-01-02,19.04,0.0,70.51,1.45
2019-01-03,19.46,0.0,70.22,1.35
2019-01-04,19.28,0.0,72.1,1.57
2019-01-05,19.9,0.0,71.82,1.26
2019-01-06,20.05,0.0,71.71,1.22
2019-01-07,20.64,0.0,71.34,1.14
2019-01-08,21.04,0.0,66.44,1.31
2019-01-09,20.47,0.0,62.45,1.26
2019-01-10,20.36,0.0,64.63,1.28
2019-01-11,20.85,0.0,66.69,1.25
2019-01-12,20.65,0.0,67.66,1.37
2019-01-13,21.14,0.0,68.78,1.11
2019-01-14,21.5,0.42,73.6,1.17
2019-01-15,21.27,0.85,66.95,1.21
2019-01-16,21.06,0.0,64.51,1.34
2019-01-17,20.61,0.0,66.84,1.36
2019-01-18,20.11,0.0,64.42,1.33
2019-01-19,20.44,0.0,63.45,1.24
2019-01-20,20.18,0.0,63.31,1.42
2019-01-21,20.43,0.0,58.26,1.19
2019-01-22,20.99,0.0,59.79,1.07
2019-01-23,21.89,0.0,64.08,1.09
2019-01-24,22.98,0.0,64.92,1.07
2019-01-25,24.08,0.0,65.37,0.61
2019-01-26,24.81,0.0,67.92,0.69
2019-01-27,24.56,0.06,69.26,0.94
2019-01-28,24.53,0.03,66.77,0.69
2019-01-29,23.25,0.0,67.13,1.47
2019-01-30,22.85,0.0,65.11,1.48
2019-01-31,22.54,0.0,66.57,1.44
2019-02-01,22.67,0.0,66.37,1.25
2019-02-02,23.56,0.0,65.16,1.04
2019-02-03,23.55,0.0,62.02,1.28
2019-02-04,23.71,0.02,67.71,1.6
2019-02-05,24.01,0.07,71.02,1.47
2019-02-06,24.35,0.07,62.49,1.37
2019-02-07,25.05,0.01,57.6,1.08
2019-02-08,26.23,0.0,59.46,0.82
2019-02-09,24.96,4.58,72.39,0.83
2019-02-10,24.17,3.53,74.45,1.04
2019-02-11,24.0,0.47,68.53,1.74
2019-02-12,23.89,0.0,66.83,2.02
2019-02-13,23.71,0.0,63.66,1.78
2019-02-14,24.86,0.0,66.54,1.56
2019-02-15,25.82,0.15,66.26,1.15
2019-02-16,26.29,0.12,63.69,0.84
2019-02-17,27.11,0.07,62.0,0.86
2019-02-18,27.55,0.0,54.52,0.84
2019-02-19,26.92,0.0,62.04,1.57
2019-02-20,25.47,0.0,62.03,1.88
2019-02-21,24.75,0.0,60.21,1.66
2019-02-22,23.99,0.0,54.81,1.82
2019-02-23,24.24,0.0,46.94,1.65
2019-02-24,24.97,0.0,46.1,1.54
2019-02-25,25.97,0.0,39.38,1.22
2019-02-26,27.03,0.0,44.96,1.04
2019-02-27,27.53,0.0,52.4,0.73
2019-02-28,27.27,0.09,54.71,0.9
2019-03-01,27.96,0.1,55.27,1.48
2019-03-02,27.32,0.1,54.8,1.64
2019-03-03,27.5,0.02,52.22,1.4
2019-03-04,27.77,0.01,49.99,1.18
2019-03-05,29.0,0.0,44.96,1.08
2019-03-06,29.14,1.2,47.17,0.87
2019-03-07,28.97,0.7,51.4,0.89
2019-03-08,28.7,0.03,52.94,0.89
2019-03-09,27.37,5.55,60.92,1.0
2019-03-10,26.72,1.5,64.81,1.2
2019-03-11,26.6,0.0,52.66,1.5
2019-03-12,25.48,0.0,46.98,1.58
2019-03-13,25.63,0.0,39.89,1.56
2019-03-14,25.9,0.0,37.32,1.8
2019-03-15,26.09,0.0,38.71,1.7
2019-03-16,25.95,0.0,45.63,1.41
2019-03-17,26.79,0.0,47.98,1.19
2019-03-18,27.49,0.34,54.59,1.23
2019-03-19,27.52,0.11,54.72,1.17
2019-03-20,27.49,0.44,49.72,1.33
2019-03-21,27.25,0.0,45.12,1.39
2019-03-22,27.84,0.0,44.29,1.28
2019-03-23,28.61,0.0,46.94,1.29
2019-03-24,28.66,0.0,42.73,1.47
2019-03-25,28.12,0.0,40.17,1.68
2019-03-26,27.68,0.0,43.22,1.53
2019-03-27,27.63,0.0,37.3,1.22
2019-03-28,28.18,0.0,40.55,1.58
2019-03-29,28.37,0.01,40.1,1.49
2019-03-30,28.81,0.0,38.45,1.48
2019-03-31,29.51,0.0,41.02,1.2
2019-04-01,29.55,0.0,44.02,1.41
2019-04-02,29.47,0.0,43.36,1.57
2019-04-03,28.57,0.0,45.32,1.82
2019-04-04,28.17,0.74,47.68,1.42
2019-04-05,29.24,0.29,49.15,1.28
2019-04-06,29.32,0.01,44.57,1.45
2019-04-07,29.54,0.01,44.01,1.35
2019-04-08,29.59,0.0,47.99,1.2
2019-04-09,30.09,0.08,47.27,1.27
2019-04-10,29.77,0.04,46.66,1.44
2019-04-11,29.59,0.01,43.11,1.27
2019-04-12,30.08,0.0,40.8,1.52
2019-04-13,29.36,0.0,43.77,1.56
2019-04-14,29.25,0.0,42.87,1.53
2019-04-15,30.15,0.0,43.04,1.14
2019-04-16,29.59,5.06,51.56,1.17
2019-04-17,26.82,10.69,71.2,0.86
2019-04-18,27.56,2.68,67.39,1.2
2019-04-19,26.51,8.84,72.8,0.66
2019-04-20,25.8,15.48,74.69,0.92
2019-04-21,27.02,0.5,66.15,0.87
2019-04-22,28.28,7.9,59.61,1.11
2019-04-23,27.31,5.11,66.7,1.2
2019-04-24,27.23,0.91,60.56,1.14
2019-04-25,27.63,2.71,62.58,1.07
2019-04-26,27.14,0.74,65.27,1.08
2019-04-27,28.28,0.0,60.03,1.34
2019-04-28,29.04,0.0,58.96,1.06
2019-04-29,28.03,4.23,67.78,0.77
2019-04-30,27.36,0.82,66.54,1.97
2019-05-01,27.0,0.6,65.45,2.85
2019-05-02,28.36,0.01,56.87,2.23
2019-05-03,27.79,0.0,60.06,1.85
2019-05-04,28.71,0.0,58.72,1.24
2019-05-05,28.46,0.0,59.97,1.05
2019-05-06,29.76,0.54,57.76,1.0
2019-05-07,28.49,1.08,63.33,1.52
2019-05-08,26.18,0.6,63.63,1.74
2019-05-09,27.62,1.43,63.53,1.24
2019-05-10,28.99,1.38,60.97,1.09
2019-05-11,29.88,0.0,57.26,0.88
2019-05-12,29.74,0.15,56.96,1.07
2019-05-13,29.09,0.03,58.34,1.3
2019-05-14,29.17,0.01,58.39,1.5
2019-05-15,28.08,3.89,64.9,1.26
2019-05-16,28.48,0.73,65.29,0.91
2019-05-17,28.34,1.71,63.31,0.89
2019-05-18,29.19,0.11,58.98,1.0
2019-05-19,29.87,0.0,55.77,1.21
2019-05-20,29.94,0.01,50.91,1.51
2019-05-21,29.07,0.06,54.72,0.91
2019-05-22,29.55,0.03,55.27,1.09
2019-05-23,29.87,0.34,55.61,0.9
2019-05-24,27.9,1.93,65.17,1.24
2019-05-25,26.87,1.15,70.46,1.99
2019-05-26,28.27,0.59,63.16,1.27
2019-05-27,29.73,0.26,59.72,0.98
2019-05-28,29.91,0.95,56.68,0.9
2019-05-29,27.98,2.85,65.73,1.09
2019-05-30,27.16,3.34,72.66,1.25
2019-05-31,25.15,10.74,76.19,1.14
2019-06-01,27.31,0.39,67.7,1.26
2019-06-02,27.56,0.63,66.62,1.52
2019-06-03,26.29,0.82,73.57,1.44
2019-06-04,26.36,2.92,71.51,1.21
2019-06-05,25.75,25.12,77.92,0.87
2019-06-06,27.01,1.14,72.81,0.74
2019-06-07,26.52,8.33,74.6,1.48
2019-06-08,26.47,2.82,71.54,1.59
2019-06-09,25.26,5.38,74.47,2.39
2019-06-10,25.08,4.55,74.1,2.78
2019-06-11,25.39,2.1,73.34,3.35
2019-06-12,25.74,0.99,72.95,3.22
2019-06-13,25.37,1.03,73.04,3.52
2019-06-14,24.87,1.08,64.53,2.85
2019-06-15,25.9,0.3,63.89,2.36
2019-06-16,26.89,0.12,67.64,1.92
2019-06-17,26.69,0.05,67.27,2.75
2019-06-18,27.02,0.1,63.58,2.68
2019-06-19,25.8,1.6,68.7,2.9
2019-06-20,25.28,0.97,66.57,3.24
2019-06-21,24.77,0.98,74.0,2.27
2019-06-22,25.25,2.93,73.58,3.5
2019-06-23,24.85,1.97,73.4,2.85
2019-06-24,26.09,0.94,69.19,2.44
2019-06-25,25.78,1.7,73.37,1.93
2019-06-26,26.14,0.01,70.47,1.98
2019-06-27,26.1,0.0,70.1,2.63
2019-06-28,26.49,0.0,65.96,3.07
2019-06-29,25.73,0.0,68.01,3.24
2019-06-30,24.99,0.0,71.34,3.39
2019-07-01,26.13,0.0,68.87,3.1
2019-07-02,25.21,0.25,74.5,3.22
2019-07-03,25.35,0.65,74.61,2.83
2019-07-04,25.44,1.51,76.19,2.67
2019-07-05,25.19,0.48,74.65,2.88
2019-07-06,25.03,0.33,74.87,3.03
2019-07-07,25.09,0.54,74.32,2.72
2019-07-08,25.53,0.71,74.73,2.54
2019-07-09,24.37,1.71,75.21,2.28
2019-07-10,24.3,1.29,67.69,2.96
2019-07-11,25.07,0.33,63.92,2.49
2019-07-12,25.73,0.14,62.47,1.4
2019-07-13,26.01,0.59,66.82,1.31
2019-07-14,25.66,1.18,71.07,1.7
2019-07-15,24.67,7.7,73.38,2.28
2019-07-16,24.75,4.39,71.09,2.63
2019-07-17,24.84,0.98,69.72,2.64
2019-07-18,23.61,14.59,76.4,2.41
2019-07-19,23.82,9.32,78.54,3.25
2019-07-20,24.4,3.05,73.84,3.8
2019-07-21,24.91,2.61,70.86,4.06
2019-07-22,24.08,1.3,72.95,3.51
2019-07-23,24.83,0.43,64.27,3.82
2019-07-24,24.71,6.82,70.36,2.33
2019-07-25,24.18,5.18,68.97,2.29
2019-07-26,23.76,3.06,70.98,2.42
2019-07-27,25.33,0.0,67.94,1.99
2019-07-28,24.36,0.03,68.25,2.65
2019-07-29,23.85,0.02,72.79,2.43
2019-07-30,25.09,0.0,66.75,2.4
2019-07-31,24.72,0.0,69.91,1.9
2019-08-01,25.49,0.06,69.22,2.2
2019-08-02,24.63,0.12,73.61,2.59
2019-08-03,24.45,0.22,72.02,2.69
2019-08-04,24.5,0.76,74.81,2.92
2019-08-05,23.51,1.45,72.25,3.55
2019-08-06,23.31,4.53,76.1,3.33
2019-08-07,23.99,8.64,75.59,4.1
2019-08-08,23.82,18.68,78.14,4.19
2019-08-09,23.85,13.48,75.85,4.23
2019-08-10,23.26,3.73,72.57,4.01
2019-08-11,23.22,2.31,72.34,3.36
2019-08-12,24.49,0.96,71.02,3.93
2019-08-13,24.2,7.4,73.28,2.85
2019-08-14,24.51,5.43,76.5,2.97
2019-08-15,24.37,0.62,72.46,2.6
2019-08-16,24.12,5.14,66.73,2.57
2019-08-17,23.01,8.48,77.25,1.93
2019-08-18,23.06,20.59,81.33,1.36
2019-08-19,24.26,12.12,79.87,1.4
2019-08-20,24.4,7.16,80.02,1.48
2019-08-21,23.6,3.72,80.96,1.84
2019-08-22,22.88,5.16,78.99,2.76
2019-08-23,22.56,0.84,73.27,3.11
2019-08-24,23.24,1.19,70.45,2.91
2019-08-25,22.75,3.05,75.56,2.75
2019-08-26,22.99,2.12,80.37,2.42
2019-08-27,23.67,1.87,74.93,3.07
2019-08-28,23.26,0.86,74.77,2.59
2019-08-29,22.66,8.67,80.19,2.66
2019-08-30,23.08,0.87,73.17,3.28
2019-08-31,22.19,1.18,79.44,2.61
2019-09-01,23.84,1.14,80.63,2.1
2019-09-02,23.46,4.08,81.73,2.0
2019-09-03,23.76,1.28,78.21,2.42
2019-09-04,23.77,1.3,78.09,2.71
2019-09-05,23.59,1.71,77.07,3.04
2019-09-06,23.96,2.09,78.52,2.87
2019-09-07,23.85,1.13,76.57,2.96
2019-09-08,23.79,0.57,72.35,3.15
2019-09-09,23.73,0.76,72.0,2.55
2019-09-10,24.61,8.44,78.06,1.48
2019-09-11,24.62,13.95,81.03,1.35
2019-09-12,24.16,3.24,78.41,1.32
2019-09-13,23.58,20.5,78.15,1.42
2019-09-14,23.81,4.28,80.79,1.27
2019-09-15,23.36,6.14,78.89,1.27
2019-09-16,24.11,10.36,80.32,1.7
2019-09-17,23.13,4.93,78.77,1.82
2019-09-18,23.88,4.56,83.31,1.45
2019-09-19,23.37,5.76,80.88,1.88
2019-09-20,22.71,2.56,79.43,1.17
2019-09-21,23.95,0.45,80.86,1.08
2019-09-22,24.03,8.34,82.25,0.81
2019-09-23,23.38,26.81,89.33,0.81
2019-09-24,22.86,14.67,89.94,0.73
2019-09-25,22.9,6.07,89.87,1.23
2019-09-26,22.23,2.13,86.63,1.44
2019-09-27,23.55,9.26,78.18,0.79
2019-09-28,23.25,9.0,82.21,0.92
2019-09-29,22.37,10.12,85.01,0.97
2019-09-30,21.8,28.82,90.83,1.14
2019-10-01,23.66,1.51,81.45,0.56
2019-10-02,23.57,5.98,86.38,0.86
2019-10-03,24.47,1.64,80.88,0.67
2019-10-04,24.42,0.21,80.37,0.56
2019-10-05,24.19,0.53,83.38,0.91
2019-10-06,23.63,3.68,85.65,0.67
2019-10-07,24.18,6.39,82.93,0.55
2019-10-08,24.17,14.84,83.19,0.6
2019-10-09,24.19,1.6,84.05,0.6
2019-10-10,24.1,0.62,84.78,0.57
2019-10-11,23.02,12.59,87.46,0.95
2019-10-12,23.51,7.0,85.02,0.87
2019-10-13,23.34,23.67,87.69,0.94
2019-10-14,23.37,6.13,88.02,0.95
2019-10-15,23.06,6.08,89.31,0.97
2019-10-16,22.15,26.0,90.18,1.03
2019-10-17,21.83,23.56,93.25,0.92
2019-10-18,22.36,10.1,91.41,1.07
2019-10-19,22.64,11.26,89.43,0.91
2019-10-20,22.47,16.76,90.25,0.76
2019-10-21,22.08,28.0,93.95,0.88
2019-10-22,22.1,4.87,90.17,1.0
2019-10-23,22.48,18.98,87.76,1.26
2019-10-24,21.47,3.23,89.52,1.34
2019-10-25,21.97,1.16,86.4,1.15
2019-10-26,22.3,1.45,88.25,0.84
2019-10-27,21.94,1.35,86.92,0.76
2019-10-28,21.99,2.54,85.36,1.12
2019-10-29,20.71,27.09,90.01,1.36
2019-10-30,21.57,42.64,94.12,1.36
2019-10-31,21.95,9.45,93.16,1.36
2019-11-01,22.84,0.59,83.08,0.49
2019-11-02,22.55,1.99,88.76,0.76
2019-11-03,22.31,4.81,88.22,0.9
2019-11-04,22.69,3.02,85.28,0.68
2019-11-05,23.24,0.39,83.08,0.72
2019-11-06,23.7,0.86,83.36,0.58
2019-11-07,23.15,8.32,89.9,0.75
2019-11-08,23.46,2.82,86.46,0.63
2019-11-09,23.66,4.4,87.45,0.67
2019-11-10,23.79,3.98,88.15,0.86
2019-11-11,23.21,0.85,88.19,0.94
2019-11-12,22.5,0.53,89.85,1.19
2019-11-13,22.22,0.04,88.4,1.34
2019-11-14,22.57,5.86,89.7,1.22
2019-11-15,22.75,8.39,91.62,1.37
2019-11-16,22.37,4.34,90.19,1.08
2019-11-17,22.55,1.69,89.05,1.12
2019-11-18,23.12,1.61,90.46,1.23
2019-11-19,22.75,0.37,86.59,1.15
2019-11-20,22.52,8.88,90.83,1.11
2019-11-21,22.12,2.21,90.49,1.37
2019-11-22,21.87,5.02,91.6,1.26
2019-11-23,21.84,0.93,90.57,1.62
2019-11-24,21.84,2.13,90.21,1.37
2019-11-25,22.08,0.69,89.7,1.64
2019-11-26,21.64,0.32,88.66,1.59
2019-11-27,22.22,3.32,90.57,1.46
2019-11-28,22.27,8.99,92.43,1.36
2019-11-29,22.38,12.64,92.1,1.6
2019-11-30,21.9,19.75,93.95,1.09
2019-12-01,21.89,7.72,94.33,0.97
2019-12-02,21.62,10.18,93.11,1.25
2019-12-03,21.92,2.69,91.43,1.36
2019-12-04,21.44,1.72,88.99,1.72
2019-12-05,20.89,2.9,90.57,1.79
2019-12-06,20.68,1.08,89.96,1.79
2019-12-07,21.05,2.87,91.76,1.61
2019-12-08,20.65,0.1,88.89,1.35
2019-12-09,20.44,0.0,88.95,1.32
2019-12-10,20.36,0.01,88.76,1.04
2019-12-11,21.05,0.01,87.94,1.05
2019-12-12,21.11,0.0,89.14,1.1
2019-12-13,22.08,5.02,90.73,1.45
2019-12-14,21.79,6.07,92.18,1.65
2019-12-15,21.06,1.32,90.38,1.51
2019-12-16,20.57,0.25,90.59,1.24
2019-12-17,21.19,0.34,90.65,1.76
2019-12-18,21.42,0.11,90.05,1.78
2019-12-19,21.62,0.02,89.23,1.81
2019-12-20,21.55,1.86,91.05,1.47
2019-12-21,20.18,0.09,91.48,1.08
2019-12-22,21.4,0.02,88.87,1.12
2019-12-23,21.08,0.0,88.74,1.13
2019-12-24,21.38,1.38,89.88,1.07
2019-12-25,22.08,2.63,91.68,1.47
2019-12-26,21.9,0.04,88.23,1.01
2019-12-27,21.66,0.0,87.82,1.05
2019-12-28,20.85,0.0,85.77,1.07
2019-12-29,21.16,0.0,88.37,1.22
2019-12-30,21.07,0.0,88.2,1.17
2019-12-31,21.33,0.0,87.73,1.05
2020-01-01,22.09,0.0,89.2,1.01
2020-01-02,22.43,0.0,88.08,0.98
2020-01-03,22.58,0.0,87.55,1.04
2020-01-04,23.28,0.37,86.43,0.75
2020-01-05,22.61,0.5,88.17,1.07
2020-01-06,21.75,0.22,87.76,1.38
2020-01-07,21.39,0.37,86.94,1.29
2020-01-08,21.2,0.06,84.22,1.08
2020-01-09,20.91,0.0,82.22,1.01
2020-01-10,20.2,0.0,82.45,1.21
2020-01-11,19.61,0.0,81.13,1.23
2020-01-12,19.7,0.0,80.79,1.24
2020-01-13,20.69,0.0,81.92,0.88
2020-01-14,20.67,0.0,79.92,0.83
2020-01-15,19.77,0.0,77.73,1.04
2020-01-16,20.21,0.0,76.93,0.94
2020-01-17,21.33,0.19,82.04,0.92
2020-01-18,22.41,0.53,84.72,1.26
2020-01-19,22.04,0.73,84.8,1.4
2020-01-20,21.74,0.01,79.47,1.26
2020-01-21,21.45,0.0,76.7,1.29
2020-01-22,21.67,0.0,79.24,1.48
2020-01-23,22.36,0.0,83.43,1.59
2020-01-24,21.38,0.0,73.71,1.45
2020-01-25,20.84,0.0,67.39,1.05
2020-01-26,21.58,0.0,69.11,1.04
2020-01-27,22.34,0.0,64.03,1.03
2020-01-28,22.69,0.0,69.31,1.03
2020-01-29,22.33,0.0,70.76,0.97
2020-01-30,23.05,0.0,67.2,1.03
2020-01-31,22.59,0.0,70.84,1.22
2020-02-01,22.38,0.0,74.67,1.09
2020-02-02,22.26,0.0,72.64,1.31
2020-02-03,21.97,0.0,70.32,1.2
2020-02-04,22.41,0.01,71.67,1.15
2020-02-05,23.26,0.16,74.88,1.18
2020-02-06,23.49,0.1,68.55,0.93
2020-02-07,23.41,0.06,72.72,0.79
2020-02-08,24.07,0.0,71.62,0.63
2020-02-09,23.65,0.0,70.83,1.11
2020-02-10,23.34,0.0,70.91,1.51
2020-02-11,23.01,0.0,71.68,1.65
2020-02-12,22.85,0.0,73.84,1.58
2020-02-13,23.39,0.0,69.9,1.42
2020-02-14,23.05,1.36,66.16,1.08
2020-02-15,24.26,0.02,62.95,1.1
2020-02-16,23.34,0.0,57.37,1.2
2020-02-17,22.69,0.0,60.69,1.23
2020-02-18,22.26,0.0,62.33,1.41
2020-02-19,22.13,0.0,65.8,1.23
2020-02-20,22.17,0.0,65.54,1.48
2020-02-21,23.01,0.28,73.51,1.67
2020-02-22,24.29,0.35,73.0,2.03
2020-02-23,23.97,0.0,69.52,1.78
2020-02-24,23.55,0.0,69.11,1.51
2020-02-25,24.28,0.0,65.45,1.1
2020-02-26,24.44,0.0,64.04,1.35
2020-02-27,24.68,0.02,63.97,1.37
2020-02-28,24.71,0.2,68.76,1.43
2020-02-29,24.57,0.01,65.52,1.16
2020-03-01,24.94,0.17,64.7,1.11
2020-03-02,24.77,0.12,67.21,0.78
2020-03-03,24.15,0.09,66.48,0.52
2020-03-04,23.69,0.28,79.83,0.86
2020-03-05,24.67,0.2,66.93,1.09
2020-03-06,25.98,0.03,61.67,0.96
2020-03-07,26.88,0.0,63.2,0.89
2020-03-08,27.13,0.04,58.95,0.87
2020-03-09,27.09,0.07,62.75,0.95
2020-03-10,26.47,0.0,53.76,1.18
2020-03-11,26.5,0.48,56.35,0.92
2020-03-12,26.41,0.29,55.37,1.25
2020-03-13,26.05,0.0,52.07,1.28
2020-03-14,26.53,0.0,56.0,1.26
2020-03-15,26.56,0.0,55.92,1.42
2020-03-16,26.81,0.0,59.68,1.66
2020-03-17,26.46,0.0,58.97,1.83
2020-03-18,26.96,0.0,61.33,1.48
2020-03-19,28.02,0.0,48.44,1.17
2020-03-20,28.32,0.0,49.35,1.05
2020-03-21,27.26,1.34,59.11,0.79
2020-03-22,27.84,0.61,55.69,0.99
2020-03-23,27.38,0.86,58.38,1.16
2020-03-24,27.47,0.02,51.77,1.31
2020-03-25,26.97,0.69,56.3,1.31
2020-03-26,26.93,0.0,52.29,1.52
2020-03-27,26.97,0.0,53.68,1.59
2020-03-28,27.74,0.0,47.58,1.25
2020-03-29,27.69,0.01,44.62,1.33
2020-03-30,27.67,0.61,39.12,1.4
2020-03-31,27.37,0.36,42.72,1.56
2020-04-01,27.41,0.0,44.41,1.58
2020-04-02,27.77,0.0,46.44,1.56
2020-04-03,28.04,0.0,44.52,1.43
2020-04-04,28.7,0.02,43.15,1.19
2020-04-05,25.67,3.21,70.23,1.0
2020-04-06,27.92,0.18,58.28,1.06
2020-04-07,26.09,0.17,64.08,0.67
2020-04-08,26.61,1.67,61.01,0.75
2020-04-09,27.21,3.6,61.08,1.19
2020-04-10,26.68,1.93,64.39,1.46
2020-04-11,26.74,0.6,62.27,1.47
2020-04-12,27.51,0.01,55.21,1.36
2020-04-13,27.88,0.0,49.7,1.34
2020-04-14,28.46,0.04,48.16,1.59
2020-04-15,28.53,0.2,50.97,1.42
2020-04-16,28.89,0.08,51.47,1.18
2020-04-17,29.51,0.04,50.11,1.42
2020-04-18,29.7,0.09,49.95,1.35
2020-04-19,28.56,0.6,55.48,1.46
2020-04-20,28.06,0.37,59.76,1.63
2020-04-21,29.27,0.86,52.68,1.19
2020-04-22,29.18,0.91,54.72,1.06
2020-04-23,29.42,0.63,55.77,1.07
2020-04-24,28.69,6.28,61.08,1.01
2020-04-25,27.85,6.04,69.33,1.08
2020-04-26,25.62,7.77,83.02,0.77
2020-04-27,27.17,1.58,72.24,0.75
2020-04-28,25.89,1.22,77.26,1.18
2020-04-29,25.99,2.65,73.26,0.92
2020-04-30,26.83,0.09,64.74,0.73
2020-05-01,28.38,0.0,60.31,1.05
2020-05-02,28.96,0.94,58.27,1.32
2020-05-03,27.88,1.9,61.69,1.22
2020-05-04,27.94,0.82,62.49,1.1
2020-05-05,28.25,0.1,58.52,1.18
2020-05-06,27.66,2.3,65.82,0.92
2020-05-07,28.02,7.88,67.65,0.95
2020-05-08,26.87,4.05,73.58,0.77
2020-05-09,27.61,0.26,68.82,1.33
2020-05-10,27.8,0.46,67.1,0.8
2020-05-11,26.5,2.06,72.71,0.99
2020-05-12,27.04,1.31,66.79,1.16
2020-05-13,26.51,3.45,66.5,0.88
2020-05-14,27.38,0.76,67.54,0.78
2020-05-15,26.44,2.69,76.5,0.72
2020-05-16,26.59,0.93,69.7,1.54
2020-05-17,26.64,3.29,71.27,2.16
2020-05-18,25.52,3.38,71.02,3.67
2020-05-19,26.06,0.32,70.15,3.81
2020-05-20,27.87,0.93,64.09,3.09
2020-05-21,25.22,3.64,71.79,2.26
2020-05-22,27.34,1.11,63.57,2.03
2020-05-23,28.55,0.34,62.96,1.36
2020-05-24,28.95,0.21,62.77,1.94
2020-05-25,27.77,2.79,70.07,1.68
2020-05-26,27.48,0.76,69.94,1.23
2020-05-27,26.89,2.34,70.17,1.93
2020-05-28,26.29,27.49,76.09,1.64
2020-05-29,26.3,1.54,68.94,1.38
2020-05-30,26.47,0.46,70.55,1.22
2020-05-31,25.95,1.45,74.83,1.61
2020-06-01,25.16,3.93,79.62,1.56
2020-06-02,24.76,9.67,76.97,2.03
2020-06-03,24.78,0.52,75.5,1.84
2020-06-04,24.66,1.7,73.22,2.52
2020-06-05,24.42,5.09,78.37,2.25
2020-06-06,25.29,2.7,72.97,2.5
2020-06-07,24.19,6.0,76.65,2.28
2020-06-08,25.36,0.03,67.52,2.87
2020-06-09,24.88,0.16,68.2,2.59
2020-06-10,24.84,0.4,67.62,3.08
2020-06-11,24.41,2.54,68.83,3.09
2020-06-12,24.15,0.74,69.33,3.74
2020-06-13,25.14,1.78,67.6,3.2
2020-06-14,25.26,0.23,68.42,3.73
2020-06-15,26.06,0.15,69.81,2.75
2020-06-16,25.89,0.91,73.12,2.41
2020-06-17,25.08,0.99,70.48,2.72
2020-06-18,24.65,0.48,69.01,2.81
2020-06-19,24.37,0.66,71.9,2.41
2020-06-20,25.17,0.22,67.03,2.68
2020-06-21,22.92,1.06,76.85,2.73
2020-06-22,25.06,2.7,67.93,3.19
2020-06-23,25.36,0.1,64.09,2.5
2020-06-24,24.53,3.42,68.87,1.77
2020-06-25,23.6,21.88,78.31,1.21
2020-06-26,24.41,7.94,80.77,1.35
2020-06-27,25.03,1.07,75.19,2.11
2020-06-28,25.04,12.0,79.77,2.21
2020-06-29,24.79,6.25,80.1,1.87
2020-06-30,24.93,0.91,74.38,2.34
2020-07-01,23.92,0.11,71.97,2.3
2020-07-02,24.26,1.62,72.98,2.46
2020-07-03,22.75,1.69,74.85,2.99
2020-07-04,23.02,2.77,76.48,3.15
2020-07-05,23.72,0.42,70.89,2.88
2020-07-06,22.85,1.96,77.21,2.47
2020-07-07,23.79,7.25,74.69,2.65
2020-07-08,23.68,15.18,81.92,1.19
2020-07-09,23.22,19.96,83.87,0.98
2020-07-10,23.64,2.65,82.39,1.08
2020-07-11,24.37,7.97,77.77,1.21
2020-07-12,24.26,1.34,76.67,2.02
2020-07-13,24.24,6.32,80.32,1.15
2020-07-14,23.82,4.68,84.16,1.53
2020-07-15,24.18,1.05,80.08,1.81
2020-07-16,23.58,1.99,78.48,2.4
2020-07-17,23.06,2.13,78.71,2.17
2020-07-18,23.51,1.19,79.58,1.13
2020-07-19,23.49,7.44,81.06,0.99
2020-07-20,23.81,21.91,84.77,1.13
2020-07-21,23.73,1.99,82.66,0.91
2020-07-22,24.03,0.9,84.77,0.82
2020-07-23,24.29,12.48,83.41,1.2
2020-07-24,23.42,8.45,84.45,1.52
2020-07-25,23.09,1.15,79.6,1.65
2020-07-26,23.25,2.04,83.17,1.17
2020-07-27,23.65,1.1,77.52,1.72
2020-07-28,23.23,5.27,80.01,2.15
2020-07-29,23.25,12.15,82.71,1.76
2020-07-30,23.98,3.07,79.49,2.31
2020-07-31,23.88,5.7,82.77,2.03
2020-08-01,23.06,5.2,80.33,2.91
2020-08-02,22.66,2.87,79.31,3.31
2020-08-03,23.07,4.79,81.04,3.69
2020-08-04,22.87,2.55,76.41,4.55
2020-08-05,23.32,1.93,75.23,5.25
2020-08-06,24.43,7.04,77.48,4.3
2020-08-07,24.24,5.9,76.64,4.04
2020-08-08,23.46,13.67,78.84,3.25
2020-08-09,22.43,9.17,85.5,2.28
2020-08-10,22.78,0.7,81.03,2.94
2020-08-11,23.65,1.19,81.44,2.49
2020-08-12,23.89,0.69,77.82,2.86
2020-08-13,23.55,0.45,80.96,2.11
2020-08-14,23.4,0.14,80.7,2.16
2020-08-15,22.65,0.03,81.92,2.23
2020-08-16,23.26,0.08,80.66,2.25
2020-08-17,23.98,0.17,79.31,2.0
2020-08-18,24.23,0.39,78.44,1.98
2020-08-19,24.41,0.11,77.92,1.6
2020-08-20,23.59,0.0,80.36,1.75
2020-08-21,25.05,0.17,73.19,1.35
2020-08-22,25.43,6.06,75.86,1.19
2020-08-23,24.81,6.08,79.66,1.27
2020-08-24,24.97,15.94,76.23,0.64
2020-08-25,24.77,6.08,80.98,0.92
2020-08-26,23.72,6.28,85.65,0.66
2020-08-27,24.07,0.27,78.87,1.18
2020-08-28,25.1,3.32,74.68,1.15
2020-08-29,24.48,1.72,77.0,1.67
2020-08-30,24.82,0.05,78.57,1.09
2020-08-31,23.92,3.1,81.52,1.1
2020-09-01,23.56,12.25,82.73,1.2
2020-09-02,23.19,5.06,82.66,1.11
2020-09-03,23.63,14.4,84.77,0.67
2020-09-04,24.45,6.85,82.95,0.68
2020-09-05,23.94,3.82,83.99,1.0
2020-09-06,23.75,12.48,83.07,1.54
2020-09-07,23.72,4.08,81.4,2.36
2020-09-08,23.71,10.52,84.96,1.14
2020-09-09,23.16,10.21,85.29,1.78
2020-09-10,22.93,4.85,83.92,2.37
2020-09-11,22.12,2.27,81.8,2.7
2020-09-12,22.52,4.04,78.12,2.51
2020-09-13,22.25,3.54,84.37,1.8
2020-09-14,22.52,0.65,77.59,2.7
2020-09-15,22.5,1.77,79.92,2.28
2020-09-16,23.56,1.37,80.95,2.15
2020-09-17,23.56,4.15,82.8,2.2
2020-09-18,23.53,1.98,80.35,2.79
2020-09-19,22.86,3.22,79.26,3.42
2020-09-20,22.26,3.95,76.84,4.32
2020-09-21,22.79,1.99,79.2,3.63
2020-09-22,22.55,0.96,77.01,3.3
2020-09-23,23.23,0.47,79.87,2.17
2020-09-24,23.71,0.65,81.13,1.12
2020-09-25,23.0,7.45,83.13,0.92
2020-09-26,22.44,1.27,85.1,1.16
2020-09-27,23.82,4.9,76.39,1.05
2020-09-28,24.11,4.9,80.47,1.04
2020-09-29,23.24,7.21,82.5,1.51
2020-09-30,22.91,2.91,81.71,1.62
2020-10-01,22.7,0.06,79.94,1.61
2020-10-02,22.57,0.08,81.3,1.42
2020-10-03,22.71,0.03,80.75,1.68
2020-10-04,22.26,0.0,79.59,1.66
2020-10-05,23.5,0.01,74.14,1.62
2020-10-06,24.83,19.62,76.73,0.71
2020-10-07,24.65,9.39,82.23,1.51
2020-10-08,23.6,5.0,88.46,0.76
2020-10-09,22.92,18.79,90.58,0.88
2020-10-10,22.39,4.39,84.61,1.28
2020-10-11,21.23,2.43,85.67,2.11
2020-10-12,22.25,0.6,84.69,2.41
2020-10-13,22.5,0.46,79.19,3.53
2020-10-14,22.85,0.48,79.73,2.87
2020-10-15,22.64,0.67,81.89,1.91
2020-10-16,23.53,1.21,84.22,1.45
2020-10-17,23.76,0.99,82.72,0.8
2020-10-18,23.19,2.46,80.86,1.05
2020-10-19,23.64,4.09,80.8,1.06
2020-10-20,22.27,14.77,88.82,1.27
2020-10-21,22.91,2.18,83.9,1.45
2020-10-22,21.57,2.21,87.93,1.51
2020-10-23,22.58,0.0,81.44,1.45
2020-10-24,23.22,0.0,75.39,1.2
2020-10-25,24.42,75.23,72.15,0.44
2020-10-26,24.1,141.71,81.25,0.69
2020-10-27,23.33,0.28,85.08,0.82
2020-10-28,23.26,3.79,83.88,0.7
2020-10-29,23.05,4.53,85.43,0.57
2020-10-30,23.42,12.0,84.95,0.58
2020-10-31,23.73,14.99,78.56,0.56
2020-11-01,23.93,1.02,77.04,0.54
2020-11-02,23.64,2.39,83.5,0.65
2020-11-03,22.99,1.45,85.54,0.86
2020-11-04,23.43,4.32,85.72,0.8
2020-11-05,23.09,17.51,86.21,1.0
2020-11-06,22.19,8.44,87.85,1.19
2020-11-07,22.58,0.67,89.22,1.4
2020-11-08,22.72,5.43,89.43,1.5
2020-11-09,22.38,0.13,83.17,1.35
2020-11-10,21.29,0.9,80.42,1.25
2020-11-11,21.78,2.27,84.73,1.19
2020-11-12,22.13,13.33,94.7,1.19
2020-11-13,22.07,12.08,91.09,1.16
2020-11-14,22.67,1.29,89.7,1.58
2020-11-15,22.4,4.22,92.93,1.31
2020-11-16,22.22,30.1,92.57,1.53
2020-11-17,22.04,42.2,92.41,1.89
2020-11-18,21.64,21.84,92.84,1.06
2020-11-19,22.11,4.66,91.35,1.33
2020-11-20,21.5,0.71,90.22,1.24
2020-11-21,21.41,0.03,84.22,1.08
2020-11-22,20.8,0.0,81.88,0.92
2020-11-23,20.84,0.0,85.11,1.08
2020-11-24,21.2,0.0,87.58,1.24
2020-11-25,22.03,1.77,90.53,1.27
2020-11-26,22.46,2.89,89.77,1.55
2020-11-27,22.57,13.44,87.93,0.68
2020-11-28,21.89,2.31,92.55,1.2
2020-11-29,21.5,1.38,91.76,1.2
2020-11-30,21.92,0.61,89.93,1.51
2020-12-01,20.9,0.02,84.91,1.53
2020-12-02,21.15,6.53,87.79,1.54
2020-12-03,21.1,22.87,92.87,1.9
2020-12-04,21.64,14.16,95.36,2.11
2020-12-05,21.33,3.78,94.74,1.72
2020-12-06,21.84,9.25,92.34,1.56
2020-12-07,21.24,17.45,95.24,1.45
2020-12-08,21.73,7.57,91.99,1.31
2020-12-09,21.67,2.33,90.3,1.17
2020-12-10,20.94,0.4,88.87,1.12
2020-12-11,20.76,0.12,87.22,1.03
2020-12-12,20.44,0.26,85.61,0.98
2020-12-13,20.28,0.07,85.41,1.0
2020-12-14,19.42,0.0,82.82,1.09
2020-12-15,19.92,2.4,89.29,1.17
2020-12-16,20.06,6.17,95.23,1.11
2020-12-17,21.11,5.93,93.15,1.32
2020-12-18,21.13,5.21,92.19,1.49
2020-12-19,19.89,0.87,89.68,1.76
2020-12-20,19.95,0.01,89.02,1.59
2020-12-21,18.95,0.01,89.61,1.45
2020-12-22,19.24,0.11,89.5,1.15
2020-12-23,20.29,0.14,90.77,0.99
2020-12-24,20.87,0.0,88.74,1.1
2020-12-25,20.01,0.0,87.62,1.15
2020-12-26,19.24,0.0,86.42,1.2
2020-12-27,19.53,0.0,85.02,1.12
2020-12-28,20.12,0.02,81.88,1.0
2020-12-29,20.52,0.73,88.11,1.04
2020-12-30,21.37,3.99,91.31,1.48
2020-12-31,21.33,17.24,93.41,1.73
2021-01-01,19.84,1.25,88.84,1.57
2021-01-02,20.34,0.34,90.19,1.32
2021-01-03,21.38,6.19,92.14,1.32
2021-01-04,21.54,11.0,92.39,1.61
2021-01-05,21.51,1.99,91.52,1.2
2021-01-06,21.36,17.63,88.55,0.61
2021-01-07,21.54,17.75,94.47,1.01
2021-01-08,22.01,11.53,92.16,0.98
2021-01-09,21.35,5.83,93.99,1.23
2021-01-10,20.71,4.86,93.58,1.03
2021-01-11,20.45,5.63,91.41,1.43
2021-01-12,20.1,19.62,94.28,2.19
2021-01-13,20.61,19.7,93.91,2.15
2021-01-14,20.93,13.8,92.75,1.75
2021-01-15,20.87,12.06,93.81,1.61
2021-01-16,21.39,33.94,92.36,1.37
2021-01-17,20.36,2.55,87.52,1.15
2021-01-18,19.06,0.01,86.1,1.31
2021-01-19,19.49,0.0,82.36,1.07
2021-01-20,20.81,0.0,85.81,0.91
2021-01-21,22.13,0.04,89.75,0.97
2021-01-22,22.27,0.13,89.29,1.01
2021-01-23,21.56,0.06,88.54,1.14
2021-01-24,20.74,0.0,86.24,1.09
2021-01-25,19.5,0.0,86.84,1.18
2021-01-26,19.06,0.0,82.74,1.07
2021-01-27,18.4,0.0,81.25,1.04
2021-01-28,18.97,0.0,86.01,1.21
2021-01-29,20.33,0.08,88.8,1.16
2021-01-30,21.11,0.15,87.44,1.13
2021-01-31,20.57,0.0,84.85,1.25
2021-02-01,20.01,0.0,84.98,1.36
2021-02-02,20.02,0.0,85.15,1.3
2021-02-03,20.22,0.05,88.06,1.31
2021-02-04,19.87,0.01,80.5,1.18
2021-02-05,19.77,0.0,81.79,1.14
2021-02-06,19.6,0.0,81.71,1.19
2021-02-07,19.09,0.0,74.1,1.28
2021-02-08,18.7,0.0,79.57,1.46
2021-02-09,18.71,0.0,81.1,1.37
2021-02-10,18.26,0.0,77.63,1.21
2021-02-11,18.52,0.0,75.14,1.1
2021-02-12,18.3,0.0,77.53,1.12
2021-02-13,19.23,0.0,78.21,0.9
2021-02-14,20.19,0.0,76.03,0.86
2021-02-15,21.63,0.0,73.9,0.68
2021-02-16,21.96,0.0,79.98,0.72
2021-02-17,21.84,0.0,81.44,1.03
2021-02-18,21.11,0.14,83.04,1.02
2021-02-19,21.8,0.06,78.38,0.92
2021-02-20,22.41,4.08,85.46,1.33
2021-02-21,22.6,1.23,83.93,1.24
2021-02-22,22.58,0.01,82.18,1.34
2021-02-23,22.42,0.0,78.54,1.2
2021-02-24,22.11,0.0,70.83,1.12
2021-02-25,23.03,0.01,66.9,1.05
2021-02-26,23.62,0.66,62.88,1.18
2021-02-27,23.76,0.17,61.56,1.11
2021-02-28,22.85,0.0,59.8,1.23
2021-03-01,22.21,0.0,63.85,1.15
2021-03-02,22.44,0.0,64.07,1.22
2021-03-03,21.85,0.0,64.59,1.48
2021-03-04,21.18,0.0,72.25,1.23
2021-03-05,22.31,0.0,65.59,1.0
2021-03-06,23.65,0.0,63.93,1.05
2021-03-07,23.9,0.0,67.1,1.2
2021-03-08,24.3,0.0,71.27,1.2
2021-03-09,24.23,0.14,73.49,1.42
2021-03-10,23.7,2.12,76.61,1.37
2021-03-11,23.04,3.7,81.89,1.17
2021-03-12,23.03,0.55,75.13,1.25
2021-03-13,23.23,0.0,70.05,1.21
2021-03-14,24.17,0.0,68.42,1.34
2021-03-15,24.18,0.0,64.43,1.32
2021-03-16,24.5,0.0,58.78,1.18
2021-03-17,24.42,0.0,61.39,1.37
2021-03-18,23.32,0.0,62.76,1.19
2021-03-19,24.03,0.0,57.42,1.22
2021-03-20,24.99,0.02,65.14,1.03
2021-03-21,24.75,0.09,59.34,1.06
2021-03-22,24.51,5.3,65.38,1.1
2021-03-23,24.93,0.4,67.42,1.27
2021-03-24,24.62,0.38,68.75,1.07
2021-03-25,25.04,1.41,65.45,1.24
2021-03-26,24.66,0.79,69.28,1.39
2021-03-27,25.36,0.85,66.37,1.25
2021-03-28,24.96,3.58,68.54,1.06
2021-03-29,25.93,1.23,65.3,1.18
2021-03-30,26.65,0.9,63.33,1.15
2021-03-31,27.95,0.1,59.4,0.99
2021-04-01,27.41,1.69,67.18,0.98
2021-04-02,27.75,0.54,62.14,1.17
2021-04-03,27.31,0.0,60.03,1.01
2021-04-04,27.95,0.01,56.98,1.23
2021-04-05,28.93,0.02,52.48,1.26
2021-04-06,27.41,0.21,58.31,1.39
2021-04-07,26.5,0.35,56.22,1.37
2021-04-08,26.29,0.32,53.91,1.22
2021-04-09,26.94,0.13,54.0,1.39
2021-04-10,25.99,1.26,64.83,1.32
2021-04-11,25.97,6.84,68.84,1.04
2021-04-12,25.38,6.93,75.86,1.17
2021-04-13,24.96,2.85,77.07,1.31
2021-04-14,25.65,5.8,73.4,1.02
2021-04-15,24.44,13.65,79.63,0.87
2021-04-16,23.97,8.4,81.92,0.47
2021-04-17,25.98,0.02,71.34,0.81
2021-04-18,25.93,0.49,71.41,0.75
2021-04-19,26.9,0.69,66.51,0.71
2021-04-20,26.13,0.47,69.97,0.68
2021-04-21,26.92,2.99,67.12,0.73
2021-04-22,26.79,0.8,68.59,0.97
2021-04-23,27.01,3.65,68.63,0.84
2021-04-24,26.64,2.98,71.29,0.92
2021-04-25,26.95,0.8,69.67,0.97
2021-04-26,27.02,0.2,66.99,0.63
2021-04-27,25.7,1.24,73.23,0.55
2021-04-28,26.95,0.13,63.28,1.06
2021-04-29,27.0,0.28,66.15,0.97
2021-04-30,26.61,2.48,70.71,1.16
2021-05-01,26.07,4.57,77.1,1.23
2021-05-02,26.48,3.09,73.0,1.13
2021-05-03,25.72,3.48,77.6,1.31
2021-05-04,26.39,6.87,73.88,1.11
2021-05-05,25.9,3.53,76.9,1.16
2021-05-06,26.58,3.68,72.54,1.24
2021-05-07,24.89,12.13,79.69,1.23
2021-05-08,24.3,1.9,83.33,1.15
2021-05-09,25.78,1.41,77.46,0.93
2021-05-10,26.12,2.98,77.88,0.68
2021-05-11,25.79,4.32,79.33,0.53
2021-05-12,26.13,1.89,77.04,0.79
2021-05-13,26.48,16.61,71.05,0.94
2021-05-14,25.04,11.86,76.87,2.25
2021-05-15,24.24,8.15,82.57,2.85
2021-05-16,24.19,2.36,81.66,1.76
2021-05-17,25.24,9.71,79.76,1.14
2021-05-18,25.47,0.82,79.91,1.16
2021-05-19,25.12,10.94,83.06,1.23
2021-05-20,24.54,7.25,82.7,1.09
2021-05-21,23.47,2.23,82.22,1.48
2021-05-22,23.35,5.02,81.42,1.93
2021-05-23,25.02,0.43,73.6,2.12
2021-05-24,24.73,0.06,77.47,2.3
2021-05-25,23.63,3.64,78.51,2.66
2021-05-26,22.98,12.56,81.37,3.39
2021-05-27,24.03,0.38,75.41,3.0
2021-05-28,24.62,0.45,73.8,2.23
2021-05-29,24.63,0.53,74.82,1.97
2021-05-30,24.94,0.22,73.17,2.45
2021-05-31,25.27,5.77,73.69,2.18
2021-06-01,25.35,0.78,76.82,1.82
2021-06-02,26.46,1.68,71.86,0.89
2021-06-03,24.56,10.11,90.22,0.98
2021-06-04,24.15,18.59,87.41,0.96
2021-06-05,23.47,21.4,83.51,1.21
2021-06-06,24.39,4.62,80.93,1.29
2021-06-07,25.15,0.37,79.46,1.22
2021-06-08,24.16,4.26,79.9,1.79
2021-06-09,24.21,1.17,80.2,2.02
2021-06-10,24.19,0.28,78.41,2.3
2021-06-11,24.13,0.42,78.01,2.11
2021-06-12,24.1,3.29,77.55,2.91
2021-06-13,23.71,3.81,80.34,3.09
2021-06-14,23.05,1.59,71.93,4.23
2021-06-15,24.38,1.12,78.34,3.4
2021-06-16,24.28,2.0,80.5,2.91
2021-06-17,23.87,0.61,78.82,3.18
2021-06-18,24.01,0.18,77.71,2.76
2021-06-19,23.19,0.31,77.68,2.45
2021-06-20,24.31,0.36,77.71,1.8
2021-06-21,24.59,2.56,78.55,1.64
2021-06-22,24.22,4.21,78.21,1.44
2021-06-23,24.52,10.82,79.86,0.96
2021-06-24,24.34,0.54,76.91,1.85
2021-06-25,24.21,0.08,73.7,1.77
2021-06-26,23.36,3.82,79.01,2.01
2021-06-27,24.07,0.62,74.62,1.58
2021-06-28,23.47,1.57,75.24,1.53
2021-06-29,24.64,4.49,77.22,0.86
2021-06-30,24.84,2.82,80.37,1.03
2021-07-01,24.79,27.32,81.82,1.05
2021-07-02,23.91,5.31,83.55,1.54
2021-07-03,23.9,7.32,84.14,0.95
2021-07-04,22.98,18.36,85.55,1.29
2021-07-05,23.8,4.76,83.87,1.3
2021-07-06,23.48,0.61,86.25,0.88
2021-07-07,24.35,3.56,82.46,1.04
2021-07-08,24.51,14.25,82.89,1.42
2021-07-09,23.38,6.08,84.85,2.3
2021-07-10,21.95,3.64,80.72,4.41
2021-07-11,22.34,0.54,76.05,4.16
2021-07-12,23.06,0.75,76.24,4.26
2021-07-13,23.47,1.0,76.78,4.17
2021-07-14,22.62,4.45,78.46,3.86
2021-07-15,23.26,3.37,76.4,3.69
2021-07-16,23.82,3.04,79.7,2.46
2021-07-17,23.19,0.89,81.87,2.03
2021-07-18,23.0,1.55,84.4,2.47
2021-07-19,23.18,0.14,81.49,2.71
2021-07-20,23.73,0.09,78.1,3.33
2021-07-21,23.82,0.77,77.83,3.39
2021-07-22,23.91,3.41,78.04,4.37
2021-07-23,23.6,2.99,77.96,4.67
2021-07-24,23.84,1.56,76.87,3.74
2021-07-25,23.14,1.37,75.01,3.46
2021-07-26,24.14,1.74,76.34,2.85
2021-07-27,23.76,0.77,78.63,2.28
2021-07-28,23.8,0.41,75.82,2.62
2021-07-29,24.32,0.07,75.92,2.46
2021-07-30,24.26,0.18,75.48,2.42
2021-07-31,24.28,0.27,75.55,2.54
2021-08-01,24.35,0.06,73.25,2.48
2021-08-02,24.11,0.32,71.02,2.83
2021-08-03,23.52,0.31,72.49,2.8
2021-08-04,24.11,0.26,70.82,3.14
2021-08-05,24.27,1.84,74.82,3.05
2021-08-06,24.44,2.71,75.37,2.72
2021-08-07,24.17,3.45,76.81,2.68
2021-08-08,24.02,1.83,75.93,1.67
2021-08-09,23.13,21.35,77.92,1.64
2021-08-10,23.04,1.08,74.75,2.66
2021-08-11,23.81,5.88,74.39,2.6
2021-08-12,22.9,0.9,75.58,2.83
2021-08-13,23.77,1.92,76.62,1.78
2021-08-14,23.54,1.65,77.51,2.39
2021-08-15,23.77,0.79,74.85,2.47
2021-08-16,23.63,0.34,73.94,2.19
2021-08-17,22.24,8.5,78.91,1.88
2021-08-18,21.86,3.4,79.46,2.36
2021-08-19,23.07,0.73,72.21,2.81
2021-08-20,23.4,0.33,72.49,1.35
2021-08-21,24.31,11.59,76.16,0.71
2021-08-22,24.12,12.04,77.49,0.57
2021-08-23,23.85,19.58,79.27,1.02
2021-08-24,24.42,1.72,77.27,1.05
2021-08-25,24.32,10.65,78.27,1.38
2021-08-26,24.33,10.45,82.71,1.57
2021-08-27,23.82,3.97,84.8,2.12
2021-08-28,23.26,4.31,83.04,2.34
2021-08-29,23.19,2.57,82.5,2.65
2021-08-30,22.99,0.28,78.63,2.56
2021-08-31,23.8,6.14,80.54,1.6
2021-09-01,23.7,4.58,80.97,1.32
2021-09-02,22.4,19.87,86.18,1.32
2021-09-03,22.73,2.36,83.99,1.11
2021-09-04,23.06,4.81,83.03,1.79
2021-09-05,23.31,5.76,81.16,2.5
2021-09-06,21.83,2.55,79.43,3.28
2021-09-07,22.71,0.97,82.01,2.44
2021-09-08,23.12,1.0,81.87,2.23
2021-09-09,23.52,0.13,81.38,1.55
2021-09-10,23.55,0.03,80.47,1.85
2021-09-11,23.59,0.93,80.88,2.15
2021-09-12,23.24,2.37,82.34,2.67
2021-09-13,23.19,1.66,82.19,3.25
2021-09-14,24.22,0.36,80.4,1.91
2021-09-15,23.79,20.68,84.2,1.41
2021-09-16,23.62,14.28,85.56,1.44
2021-09-17,24.1,14.83,81.5,1.04
2021-09-18,23.9,5.24,82.95,0.8
2021-09-19,23.11,3.13,87.52,1.14
2021-09-20,23.94,4.32,81.22,0.56
2021-09-21,23.81,0.05,80.69,1.44
2021-09-22,23.8,0.94,80.75,1.37
2021-09-23,24.19,5.32,81.21,1.38
2021-09-24,24.25,27.89,80.46,1.05
2021-09-25,23.79,10.5,85.16,1.34
2021-09-26,23.12,1.86,83.43,1.32
2021-09-27,22.69,6.05,83.47,2.89
2021-09-28,21.83,0.69,79.15,2.92
2021-09-29,22.59,0.37,78.61,1.81
2021-09-30,23.38,26.98,80.91,1.14
2021-10-01,23.08,16.78,86.39,0.65
2021-10-02,23.08,11.21,90.08,0.94
2021-10-03,23.64,16.04,86.19,0.86
2021-10-04,23.68,6.32,86.69,0.93
2021-10-05,23.49,9.1,88.35,0.85
2021-10-06,23.17,2.47,87.05,0.56
2021-10-07,23.96,0.48,82.38,0.94
2021-10-08,23.81,15.08,87.26,1.53
2021-10-09,23.33,3.57,88.25,1.79
2021-10-10,23.67,0.61,85.04,1.51
2021-10-11,22.47,16.7,85.8,1.8
2021-10-12,22.28,3.67,83.26,2.43
2021-10-13,22.82,0.82,82.65,1.97
2021-10-14,23.65,2.05,85.88,1.52
2021-10-15,23.53,1.51,87.51,1.17
2021-10-16,23.56,16.28,90.65,1.59
2021-10-17,23.72,5.73,87.33,2.2
2021-10-18,23.28,2.46,86.38,1.56
2021-10-19,23.64,0.29,85.16,0.75
2021-10-20,23.47,22.71,89.08,0.6
2021-10-21,23.31,9.16,87.92,0.67
2021-10-22,23.16,8.04,88.84,0.85
2021-10-23,23.17,17.05,86.74,0.68
2021-10-24,22.73,12.67,85.73,0.83
2021-10-25,22.69,10.53,87.21,0.76
2021-10-26,22.74,3.82,88.06,0.82
2021-10-27,22.57,4.52,89.96,1.13
2021-10-28,22.07,8.51,88.42,0.95
2021-10-29,21.46,8.19,91.91,1.12
2021-10-30,21.56,8.55,89.95,1.47
2021-10-31,21.94,8.47,91.76,1.15
2021-11-01,21.67,11.72,92.25,0.99
2021-11-02,22.0,21.12,92.95,1.92
2021-11-03,21.7,8.01,93.2,1.06
2021-11-04,22.11,12.61,91.41,0.78
2021-11-05,21.89,9.65,91.53,0.74
2021-11-06,22.41,16.56,86.67,0.72
2021-11-07,22.05,7.04,88.8,1.05
2021-11-08,21.45,10.2,92.22,0.8
2021-11-09,20.3,8.04,90.96,1.03
2021-11-10,20.69,5.7,91.67,1.14
2021-11-11,21.33,2.93,92.51,1.1
2021-11-12,22.33,8.27,89.96,1.38
2021-11-13,22.7,6.18,90.19,1.21
2021-11-14,22.29,7.84,91.41,1.42
2021-11-15,23.07,7.84,89.08,0.69
2021-11-16,23.01,5.96,90.6,0.68
2021-11-17,22.55,33.49,91.32,0.69
2021-11-18,22.21,6.03,91.19,1.17
2021-11-19,22.22,5.77,90.9,1.97
2021-11-20,23.07,1.6,87.81,1.58
2021-11-21,22.11,0.09,80.42,0.76
2021-11-22,22.17,2.02,90.28,1.06
2021-11-23,21.72,7.98,91.42,1.05
2021-11-24,21.28,1.56,91.58,1.1
2021-11-25,20.91,37.98,93.93,1.16
2021-11-26,21.98,8.04,95.46,1.1
2021-11-27,21.18,5.49,93.27,1.54
2021-11-28,21.51,8.92,94.29,1.53
2021-11-29,21.36,32.45,93.03,1.77
2021-11-30,21.02,21.6,95.44,1.23
2021-12-01,22.12,3.84,90.81,1.01
2021-12-02,22.62,1.06,90.88,1.13
2021-12-03,22.4,22.35,87.79,0.71
2021-12-04,22.33,29.56,89.92,0.4
2021-12-05,23.47,4.55,89.55,0.57
2021-12-06,23.43,2.57,87.98,0.65
2021-12-07,22.54,0.79,90.36,1.09
2021-12-08,21.8,0.05,90.51,1.17
2021-12-09,21.87,4.23,92.84,1.25
2021-12-10,20.69,0.81,90.68,1.47
2021-12-11,21.21,3.24,91.83,1.5
2021-12-12,21.17,2.05,91.88,1.73
2021-12-13,20.88,0.37,91.88,1.39
2021-12-14,21.33,1.53,92.37,1.6
2021-12-15,21.62,0.38,91.48,1.49
2021-12-16,20.78,0.0,90.35,1.49
2021-12-17,20.45,0.01,88.68,1.18
2021-12-18,19.99,0.01,88.47,1.21
2021-12-19,19.14,0.0,86.16,1.2
2021-12-20,18.78,0.0,87.35,1.21
2021-12-21,19.6,0.0,85.32,0.91
2021-12-22,19.24,0.0,85.34,0.86
2021-12-23,18.98,0.0,82.47,0.84
2021-12-24,18.47,0.0,78.81,0.98
2021-12-25,18.86,0.0,85.46,1.04
2021-12-26,19.05,0.0,85.71,0.99
2021-12-27,19.36,0.0,88.03,1.16
2021-12-28,19.2,0.0,87.5,1.17
2021-12-29,19.55,0.0,85.75,1.07
2021-12-30,20.04,4.33,89.78,1.27
2021-12-31,21.49,4.65,91.46,1.78
2022-01-01,21.74,14.67,91.94,1.94
2022-01-02,21.25,4.95,90.84,2.03
2022-01-03,20.26,0.25,87.97,1.4
2022-01-04,20.42,0.38,88.81,1.25
2022-01-05,20.3,0.0,85.44,0.9
2022-01-06,20.33,0.0,88.98,1.04
2022-01-07,21.26,0.01,89.1,1.05
2022-01-08,21.02,0.02,89.08,1.17
2022-01-09,20.5,0.0,88.28,1.04
2022-01-10,20.65,0.0,84.59,0.86
2022-01-11,21.22,0.0,86.58,0.94
2022-01-12,21.9,0.0,85.34,0.58
2022-01-13,22.55,0.0,84.75,0.57
2022-01-14,22.79,0.0,84.99,0.67
2022-01-15,22.77,0.01,86.27,0.8
2022-01-16,21.62,0.01,87.19,1.22
2022-01-17,21.37,0.0,87.09,1.36
2022-01-18,20.41,0.0,87.0,1.35
2022-01-19,20.48,0.0,84.36,0.92
2022-01-20,20.6,0.0,76.21,0.83
2022-01-21,21.27,0.01,74.79,0.84
2022-01-22,22.08,0.0,78.92,0.9
2022-01-23,22.27,0.0,78.27,0.68
2022-01-24,21.93,0.0,82.66,0.56
2022-01-25,22.19,0.01,84.65,0.31
2022-01-26,21.56,0.42,87.61,1.03
2022-01-27,20.92,0.07,82.76,1.15
2022-01-28,20.36,0.01,84.76,1.67
2022-01-29,21.36,0.0,86.51,1.54
2022-01-30,22.3,0.0,85.05,1.0
2022-01-31,22.3,0.0,83.16,1.01
2022-02-01,22.19,0.01,83.34,0.99
2022-02-02,20.95,0.01,77.04,1.03
2022-02-03,21.31,0.0,71.11,0.65
2022-02-04,22.8,0.0,73.73,0.89
2022-02-05,22.68,0.0,80.24,0.9
2022-02-06,22.17,0.0,80.39,1.14
2022-02-07,21.72,0.0,78.76,1.04
2022-02-08,21.11,0.0,78.56,1.07
2022-02-09,20.49,0.01,73.06,1.28
2022-02-10,20.91,0.01,65.49,1.22
2022-02-11,22.18,0.58,82.13,1.51
2022-02-12,21.76,3.89,83.68,1.54
2022-02-13,21.48,0.3,80.9,1.44
2022-02-14,21.89,0.13,76.94,1.3
2022-02-15,21.91,0.09,75.38,1.21
2022-02-16,22.14,0.02,72.95,0.97
2022-02-17,22.55,0.0,66.4,1.05
2022-02-18,22.28,0.0,72.36,1.26
2022-02-19,22.49,0.0,74.39,1.27
2022-02-20,24.4,0.0,68.54,0.84
2022-02-21,24.85,0.0,70.53,0.77
2022-02-22,24.31,0.16,70.15,1.14
2022-02-23,22.5,0.11,69.58,1.46
2022-02-24,21.96,0.17,70.63,1.3
2022-02-25,22.62,0.0,68.63,1.31
2022-02-26,22.72,0.05,69.1,1.27
2022-02-27,23.36,0.53,73.18,1.47
2022-02-28,22.63,0.01,63.86,1.32
2022-03-01,22.98,0.0,61.31,1.44
2022-03-02,22.36,0.0,54.36,1.48
2022-03-03,22.09,0.0,62.95,1.49
2022-03-04,23.22,0.02,61.59,1.51
2022-03-05,23.85,0.0,68.94,1.39
2022-03-06,23.97,0.1,67.91,1.49
2022-03-07,23.15,1.68,71.93,1.22
2022-03-08,24.37,2.0,73.2,1.22
2022-03-09,24.84,0.0,61.45,1.23
2022-03-10,24.3,0.0,52.61,1.25
2022-03-11,24.26,0.0,55.22,1.43
2022-03-12,24.18,0.0,48.95,1.48
2022-03-13,24.08,0.0,51.03,1.67
2022-03-14,24.72,0.0,50.61,1.46
2022-03-15,24.61,0.03,49.32,1.15
2022-03-16,26.24,1.54,53.73,1.23
2022-03-17,25.96,1.56,53.75,1.46
2022-03-18,26.8,0.49,49.48,1.3
2022-03-19,26.09,1.46,61.47,0.81
2022-03-20,26.05,1.25,67.05,1.19
2022-03-21,26.73,0.63,63.8,0.94
2022-03-22,25.97,1.37,68.39,0.89
2022-03-23,26.21,18.29,69.74,1.0
2022-03-24,26.95,0.58,65.17,0.69
2022-03-25,25.94,2.99,70.14,0.83
2022-03-26,26.17,1.26,70.1,0.87
2022-03-27,26.71,1.22,67.81,0.94
2022-03-28,26.57,1.18,66.75,1.11
2022-03-29,27.46,0.35,62.16,0.97
2022-03-30,27.03,1.71,64.81,1.08
2022-03-31,27.09,0.11,59.73,1.25
2022-04-01,27.25,0.54,59.11,1.02
2022-04-02,26.59,1.45,65.82,0.83
2022-04-03,26.26,1.62,68.86,1.06
2022-04-04,26.66,0.14,63.46,1.39
2022-04-05,26.04,1.6,66.64,1.17
2022-04-06,25.78,5.53,68.83,0.75
2022-04-07,27.05,0.4,63.77,1.11
2022-04-08,25.84,21.89,73.53,0.83
2022-04-09,25.04,10.87,77.55,1.01
2022-04-10,25.67,9.92,71.51,0.96
2022-04-11,24.94,21.59,77.06,1.1
2022-04-12,25.34,15.71,74.15,0.81
2022-04-13,24.01,14.69,80.68,1.14
2022-04-14,23.72,1.68,76.24,0.98
2022-04-15,25.92,1.06,72.44,0.7
2022-04-16,26.53,1.42,74.06,0.64
2022-04-17,26.05,2.81,77.63,0.78
2022-04-18,25.17,6.5,79.11,1.15
2022-04-19,25.03,1.57,74.93,1.06
2022-04-20,26.97,0.0,65.79,0.98
2022-04-21,26.22,0.18,74.85,1.16
2022-04-22,25.25,4.99,79.38,1.23
2022-04-23,24.38,18.08,77.85,0.92
2022-04-24,25.9,0.46,70.3,1.08
2022-04-25,26.14,0.01,70.31,0.91
2022-04-26,26.75,0.01,68.12,1.08
2022-04-27,26.75,0.04,66.16,1.16
2022-04-28,26.83,0.31,69.08,0.87
2022-04-29,27.09,0.27,71.66,1.02
2022-04-30,27.14,0.04,70.5,1.0
2022-05-01,27.24,1.69,69.52,0.9
2022-05-02,27.33,0.67,69.8,1.03
2022-05-03,27.24,1.64,70.24,0.72
2022-05-04,26.92,5.31,69.1,0.69
2022-05-05,26.48,1.56,72.36,1.06
2022-05-06,25.82,0.06,64.15,1.16
2022-05-07,27.11,0.09,64.53,1.02
2022-05-08,27.71,0.63,66.4,1.17
2022-05-09,25.97,2.4,77.02,1.61
2022-05-10,24.89,1.34,76.88,2.67
2022-05-11,25.11,1.16,73.59,3.37
2022-05-12,25.17,1.2,73.09,2.83
2022-05-13,25.12,0.55,73.34,2.84
2022-05-14,24.5,9.74,77.49,2.13
2022-05-15,24.82,7.14,78.91,1.97
2022-05-16,23.77,17.69,85.19,1.75
2022-05-17,24.68,7.44,81.55,1.38
2022-05-18,25.07,2.74,79.65,1.97
2022-05-19,24.39,4.23,77.89,2.54
2022-05-20,24.25,2.05,77.2,2.53
2022-05-21,24.78,0.72,77.74,2.3
2022-05-22,24.58,0.39,75.12,2.65
2022-05-23,25.38,1.69,77.34,2.01
2022-05-24,26.57,5.41,73.1,1.09
2022-05-25,26.87,2.32,71.2,0.7
2022-05-26,24.87,7.08,72.39,1.71
2022-05-27,24.88,4.16,72.04,1.6
2022-05-28,25.22,10.94,75.71,1.57
2022-05-29,24.2,13.19,79.09,1.39
2022-05-30,24.59,4.37,76.2,1.56
2022-05-31,24.44,2.69,76.52,1.98
2022-06-01,23.5,6.18,82.14,1.8
2022-06-02,24.66,2.88,78.26,1.48
2022-06-03,24.37,0.05,75.5,1.44
2022-06-04,25.12,0.17,75.31,1.05
2022-06-05,25.7,6.9,75.0,1.05
2022-06-06,25.32,7.85,76.93,0.65
2022-06-07,24.14,3.25,84.61,1.05
2022-06-08,24.36,0.14,79.08,1.82
2022-06-09,24.61,0.05,76.99,1.68
2022-06-10,24.12,2.58,78.55,1.88
2022-06-11,24.16,2.55,75.29,2.02
2022-06-12,22.03,8.78,79.69,2.05
2022-06-13,24.46,4.4,74.05,1.34
2022-06-14,24.23,3.33,77.38,1.79
2022-06-15,23.5,15.71,82.97,1.41
2022-06-16,22.89,13.3,85.83,0.99
2022-06-17,22.77,16.4,85.32,0.96
2022-06-18,23.62,3.45,83.51,0.73
2022-06-19,23.64,2.22,84.42,1.03
2022-06-20,23.86,0.66,79.36,1.45
2022-06-21,23.58,0.24,78.63,1.82
2022-06-22,24.06,0.6,76.78,1.32
2022-06-23,23.19,2.23,82.24,1.24
2022-06-24,23.01,1.65,79.12,2.34
2022-06-25,23.1,1.13,76.89,3.28
2022-06-26,23.19,0.12,73.16,2.99
2022-06-27,23.9,0.29,78.14,2.19
2022-06-28,23.51,1.64,78.44,2.46
2022-06-29,23.64,1.04,78.21,2.46
2022-06-30,22.96,5.58,81.11,2.74
2022-07-01,24.02,0.62,76.77,2.82
2022-07-02,23.28,1.39,78.48,2.62
2022-07-03,23.35,4.98,79.23,2.98
2022-07-04,23.25,1.79,75.55,4.13
2022-07-05,23.24,2.11,73.04,4.57
2022-07-06,23.24,1.86,74.0,3.78
2022-07-07,22.9,2.58,74.83,3.38
2022-07-08,23.23,2.48,74.0,3.88
2022-07-09,22.58,1.05,75.53,4.07
2022-07-10,22.81,1.36,72.98,4.3
2022-07-11,22.9,1.61,72.31,4.27
2022-07-12,22.93,0.53,74.43,3.91
2022-07-13,23.5,3.34,76.46,4.08
2022-07-14,23.62,1.72,74.44,4.35
2022-07-15,23.21,1.3,77.41,3.27
2022-07-16,23.41,1.37,79.26,2.52
2022-07-17,23.41,19.46,81.19,2.33
2022-07-18,22.45,12.67,80.48,2.33
2022-07-19,23.99,7.38,78.17,1.56
2022-07-20,22.71,1.69,89.1,0.88
2022-07-21,23.59,12.48,82.65,1.36
2022-07-22,23.11,12.9,85.24,1.59
2022-07-23,22.95,4.35,80.84,1.98
2022-07-24,22.84,15.94,78.96,2.04
2022-07-25,23.72,10.24,79.95,1.55
2022-07-26,23.24,3.71,82.76,1.33
2022-07-27,22.8,37.83,89.61,0.79
2022-07-28,23.95,4.9,82.15,0.75
2022-07-29,24.39,22.08,77.25,1.11
2022-07-30,24.21,18.56,80.36,0.87
2022-07-31,23.52,25.27,86.33,1.21
2022-08-01,22.86,28.27,89.93,1.4
2022-08-02,22.78,10.54,87.66,1.61
2022-08-03,23.04,3.42,89.56,1.23
2022-08-04,22.49,13.77,88.38,2.93
2022-08-05,22.48,1.75,83.27,3.94
2022-08-06,22.67,3.74,82.92,3.29
2022-08-07,22.39,1.72,81.93,3.74
2022-08-08,22.74,2.76,83.7,3.67
2022-08-09,22.78,1.0,82.05,3.52
2022-08-10,22.41,0.2,81.21,3.21
2022-08-11,22.96,0.22,79.73,3.5
2022-08-12,23.05,0.1,79.2,2.91
2022-08-13,22.4,0.0,82.08,1.95
2022-08-14,22.89,0.0,77.94,2.07
2022-08-15,24.78,0.0,74.94,1.02
2022-08-16,25.35,0.05,78.09,0.53
2022-08-17,24.04,0.23,85.85,1.07
2022-08-18,23.95,10.21,83.75,1.26
2022-08-19,23.5,4.27,84.66,1.65
2022-08-20,23.43,0.47,82.35,1.69
2022-08-21,23.32,3.5,81.27,2.02
2022-08-22,22.97,3.95,82.43,2.64
2022-08-23,22.59,0.85,82.96,2.49
2022-08-24,22.49,2.04,85.99,1.55
2022-08-25,22.32,1.89,87.62,1.3
2022-08-26,21.79,19.29,88.78,1.61
2022-08-27,20.95,14.56,88.42,2.24
2022-08-28,22.27,7.39,85.32,1.33
2022-08-29,23.08,5.12,86.35,1.08
2022-08-30,23.51,38.08,86.62,0.82
2022-08-31,22.4,21.12,88.0,0.81
2022-09-01,22.91,7.03,85.52,0.62
2022-09-02,23.12,3.62,86.65,1.2
2022-09-03,23.83,1.58,84.54,0.81
2022-09-04,24.28,15.73,85.35,0.91
2022-09-05,24.31,17.21,85.15,0.95
2022-09-06,23.45,7.58,81.0,0.81
2022-09-07,22.7,11.14,86.47,1.91
2022-09-08,22.02,0.77,87.02,2.04
2022-09-09,22.01,1.49,88.27,1.99
2022-09-10,22.82,0.92,84.82,2.26
2022-09-11,22.7,0.58,84.14,2.48
2022-09-12,22.85,0.27,83.32,2.42
2022-09-13,23.02,1.21,83.58,1.55
2022-09-14,23.55,3.18,82.29,0.91
2022-09-15,23.86,0.19,80.89,1.16
2022-09-16,23.21,0.39,82.39,1.1
2022-09-17,23.87,0.59,82.96,1.09
2022-09-18,23.04,4.04,85.39,1.28
2022-09-19,22.8,0.37,85.52,1.57
2022-09-20,23.1,0.02,82.96,1.54
2022-09-21,23.33,0.0,80.59,1.51
2022-09-22,23.24,0.0,80.49,1.59
2022-09-23,23.05,0.0,79.8,1.53
2022-09-24,22.74,0.06,81.26,1.46
2022-09-25,23.4,4.11,80.04,1.16
2022-09-26,23.52,7.3,83.87,1.03
2022-09-27,23.92,0.43,79.41,1.17
2022-09-28,23.58,1.91,80.49,1.41
2022-09-29,22.47,1.15,83.39,1.33
2022-09-30,22.32,0.55,83.7,1.75
2022-10-01,21.5,0.27,80.43,2.09
2022-10-02,22.37,3.42,80.66,1.78
2022-10-03,22.65,1.08,81.9,1.87
2022-10-04,22.97,0.43,84.89,1.46
2022-10-05,22.49,0.29,82.14,1.62
2022-10-06,21.73,0.0,81.47,1.68
2022-10-07,22.77,0.05,76.49,1.31
2022-10-08,23.08,2.67,73.25,1.13
2022-10-09,22.88,23.48,84.71,1.0
2022-10-10,22.93,20.93,84.94,1.13
2022-10-11,23.72,18.4,83.54,0.82
2022-10-12,23.9,11.21,85.12,0.6
2022-10-13,23.9,8.69,86.74,0.73
2022-10-14,23.71,12.52,84.93,0.82
2022-10-15,22.12,15.4,89.7,0.81
2022-10-16,23.52,12.89,86.36,0.71
2022-10-17,23.47,6.09,88.21,0.73
2022-10-18,22.77,9.72,89.66,0.84
2022-10-19,23.52,7.01,80.08,0.52
2022-10-20,23.23,14.64,87.08,0.45
2022-10-21,22.41,22.77,89.5,0.79
2022-10-22,22.7,1.0,84.55,0.9
2022-10-23,23.18,2.63,81.62,0.54
2022-10-24,23.16,1.46,87.32,0.78
2022-10-25,23.68,0.1,80.68,0.71
2022-10-26,23.22,1.08,81.19,0.74
2022-10-27,22.7,0.53,76.83,0.81
2022-10-28,22.25,0.71,79.8,0.98
2022-10-29,22.17,2.14,87.9,1.1
2022-10-30,22.04,3.28,89.6,1.15
2022-10-31,22.16,1.58,87.93,0.98
2022-11-01,21.31,6.26,93.38,0.93
2022-11-02,21.39,11.88,89.35,0.87
2022-11-03,21.53,23.05,93.08,1.19
2022-11-04,21.3,13.01,91.15,1.43
2022-11-05,21.06,3.24,90.72,1.29
2022-11-06,21.84,8.08,89.88,1.25
2022-11-07,22.03,1.23,88.94,1.22
2022-11-08,21.8,2.53,89.28,1.18
2022-11-09,21.6,0.97,89.18,1.13
2022-11-10,22.2,2.46,84.85,1.12
2022-11-11,20.59,33.66,93.07,1.18
2022-11-12,21.08,22.62,94.53,1.68
2022-11-13,21.46,11.39,94.17,1.49
2022-11-14,21.41,10.44,88.76,1.0
2022-11-15,21.06,1.77,91.88,1.02
2022-11-16,21.98,1.86,88.83,0.91
2022-11-17,21.58,0.6,86.35,0.91
2022-11-18,20.58,0.02,75.08,1.04
2022-11-19,19.83,0.0,80.06,1.15
2022-11-20,19.56,0.0,79.62,0.92
2022-11-21,21.28,0.0,82.59,0.79
2022-11-22,22.4,0.0,76.5,0.59
2022-11-23,22.39,0.0,83.54,0.81
2022-11-24,22.62,0.01,86.44,0.84
2022-11-25,21.96,0.01,88.53,1.05
2022-11-26,22.06,0.17,87.29,0.93
2022-11-27,22.52,4.71,89.21,0.97
2022-11-28,22.64,5.11,88.01,0.74
2022-11-29,22.2,6.04,90.7,1.16
2022-11-30,20.94,0.08,84.43,1.04
2022-12-01,21.19,2.0,90.02,1.13
2022-12-02,21.63,2.1,90.47,0.98
2022-12-03,21.54,2.23,91.06,1.22
2022-12-04,21.58,13.63,90.42,1.18
2022-12-05,21.27,0.92,92.4,1.26
2022-12-06,21.57,0.0,86.05,1.0
2022-12-07,20.63,0.0,84.23,0.97
2022-12-08,19.92,3.02,78.24,1.29
2022-12-09,18.66,21.59,88.03,1.5
2022-12-10,20.43,7.11,87.23,1.94
2022-12-11,21.99,3.91,89.03,1.4
2022-12-12,21.97,7.84,88.99,0.93
2022-12-13,21.94,2.64,86.05,0.71
2022-12-14,21.18,9.43,90.63,1.1
2022-12-15,20.93,0.14,85.36,1.14
2022-12-16,20.17,0.0,80.62,1.03
2022-12-17,20.41,0.0,87.47,1.34
2022-12-18,20.67,0.0,89.51,1.47
2022-12-19,20.15,0.05,84.2,1.19
2022-12-20,20.42,0.11,91.57,1.01
2022-12-21,21.19,2.17,86.84,1.24
2022-12-22,20.65,0.17,82.14,1.14
2022-12-23,21.15,0.0,80.35,1.11
2022-12-24,22.05,0.0,84.65,1.2
2022-12-25,21.73,7.72,90.12,1.35
2022-12-26,21.89,9.43,91.85,1.78
2022-12-27,21.77,4.64,91.36,1.42
2022-12-28,21.45,0.63,88.69,1.3
2022-12-29,21.02,0.01,87.76,1.24
2022-12-30,20.45,0.0,83.2,1.11
2022-12-31,20.37,0.0,79.87,0.97
2023-01-01,20.09,0.0,79.47,1.01
2023-01-02,19.27,0.0,81.13,1.24
2023-01-03,19.4,0.0,85.58,1.2
2023-01-04,19.78,0.0,84.04,1.18
2023-01-05,19.75,0.0,82.97,1.25
2023-01-06,20.02,0.0,85.85,1.46
2023-01-07,20.22,0.0,83.39,1.49
2023-01-08,20.58,0.0,85.3,1.22
2023-01-09,20.39,0.0,81.84,1.2
2023-01-10,18.75,0.0,76.3,1.28
2023-01-11,19.13,0.0,76.16,1.1
2023-01-12,19.1,0.0,74.78,1.06
2023-01-13,19.59,0.0,72.74,0.92
2023-01-14,19.54,0.0,74.27,0.92
2023-01-15,19.74,0.0,70.49,0.82
2023-01-16,20.24,0.0,70.34,0.92
2023-01-17,20.1,0.0,77.14,0.95
2023-01-18,19.42,0.0,77.15,1.24
2023-01-19,19.43,0.0,73.42,1.17
2023-01-20,19.26,0.0,78.32,1.4
2023-01-21,20.09,0.0,75.77,1.25
2023-01-22,20.38,0.0,76.55,1.16
2023-01-23,20.88,2.36,84.41,0.98
2023-01-24,20.81,5.75,88.53,0.95
2023-01-25,21.13,0.06,77.18,1.16
2023-01-26,20.56,0.0,74.02,1.09
2023-01-27,20.33,0.0,69.0,1.15
2023-01-28,20.3,0.0,67.69,1.26
2023-01-29,20.72,0.0,75.21,1.26
2023-01-30,22.16,1.52,81.31,1.09
2023-01-31,22.14,0.6,75.28,1.43
2023-02-01,21.15,0.28,74.81,1.23
2023-02-02,21.11,8.52,81.05,1.46
2023-02-03,21.73,5.03,83.18,1.35
2023-02-04,22.16,1.84,80.14,1.45
2023-02-05,22.28,0.01,63.41,1.29
2023-02-06,21.86,0.07,62.45,1.21
2023-02-07,22.49,0.0,61.78,1.02
2023-02-08,22.41,0.0,66.31,1.22
2023-02-09,22.3,0.0,62.26,1.19
2023-02-10,21.83,0.0,62.54,1.31
2023-02-11,21.82,0.0,58.5,1.18
2023-02-12,22.25,0.0,51.2,1.25
2023-02-13,21.81,0.0,52.65,1.44
2023-02-14,21.77,0.0,56.39,1.15
2023-02-15,22.4,0.0,55.12,1.22
2023-02-16,21.77,0.0,60.8,1.46
2023-02-17,21.61,0.0,63.95,1.3
2023-02-18,21.9,0.0,63.57,1.22
2023-02-19,22.62,0.0,63.95,1.17
2023-02-20,23.67,0.0,63.1,0.98
2023-02-21,23.32,0.0,57.15,1.25
2023-02-22,22.62,0.0,53.24,1.35
2023-02-23,21.8,0.0,62.1,1.25
2023-02-24,23.11,0.0,64.03,1.12
2023-02-25,23.27,0.0,56.18,1.39
2023-02-26,22.26,0.0,53.96,1.52
2023-02-27,21.72,0.0,60.22,1.41
2023-02-28,22.39,0.9,71.67,1.54
2023-03-01,23.28,0.25,72.86,1.77
2023-03-02,23.62,0.14,61.51,1.51
2023-03-03,22.44,0.0,51.47,1.69
2023-03-04,23.17,0.0,63.64,1.67
2023-03-05,23.79,3.12,70.85,1.43
2023-03-06,23.73,0.04,59.48,1.35
2023-03-07,23.52,0.0,63.22,1.31
2023-03-08,23.82,0.0,65.26,1.61
2023-03-09,23.51,0.0,65.07,1.5
2023-03-10,23.4,0.0,66.18,1.39
2023-03-11,23.62,0.0,64.72,1.29
2023-03-12,24.62,0.0,64.4,1.68
2023-03-13,24.73,0.0,63.06,1.65
2023-03-14,25.05,0.0,54.73,1.27
2023-03-15,26.31,0.05,55.47,1.12
2023-03-16,25.77,1.48,65.37,1.01
2023-03-17,25.28,9.59,71.76,1.07
2023-03-18,24.95,4.45,74.17,1.2
2023-03-19,24.48,1.41,77.47,0.61
2023-03-20,24.46,3.13,76.45,0.93
2023-03-21,25.29,5.01,68.81,1.12
2023-03-22,26.16,0.66,62.31,0.76
2023-03-23,26.14,1.53,62.57,0.84
2023-03-24,25.8,1.23,70.13,0.85
2023-03-25,25.77,0.92,70.4,0.92
2023-03-26,26.18,6.34,66.96,0.84
2023-03-27,26.19,0.35,70.58,0.58
2023-03-28,26.63,3.85,69.85,1.09
2023-03-29,26.86,0.33,66.87,1.03
2023-03-30,27.08,1.58,62.06,1.09
2023-03-31,27.03,2.77,63.76,0.86
2023-04-01,27.3,0.51,60.49,0.8
2023-04-02,26.36,4.08,68.66,0.63
2023-04-03,25.63,3.42,74.03,0.71
2023-04-04,26.01,3.96,71.7,0.89
2023-04-05,26.01,0.17,67.7,1.04
2023-04-06,26.8,0.41,62.41,1.26
2023-04-07,26.13,0.95,64.03,1.47
2023-04-08,25.75,0.01,64.07,1.79
2023-04-09,26.16,0.37,63.27,1.4
2023-04-10,26.25,1.2,62.94,1.53
2023-04-11,26.17,1.3,65.25,1.45
2023-04-12,26.93,0.0,58.03,1.35
2023-04-13,27.33,0.0,49.39,1.26
2023-04-14,26.97,0.0,48.62,1.1
2023-04-15,27.62,0.0,48.88,1.42
2023-04-16,25.85,0.0,52.74,0.99
2023-04-17,27.44,0.0,51.28,1.35
2023-04-18,28.33,0.0,49.37,1.4
2023-04-19,28.13,0.0,51.37,1.14
2023-04-20,29.1,0.02,53.94,0.79
2023-04-21,29.1,3.79,57.31,0.77
2023-04-22,28.2,2.7,64.0,1.04
2023-04-23,28.62,1.2,61.29,0.89
2023-04-24,26.7,6.66,72.41,1.16
2023-04-25,25.66,8.93,77.68,1.06
2023-04-26,23.91,15.01,85.12,1.04
2023-04-27,25.43,11.62,74.19,1.33
2023-04-28,25.0,15.47,75.2,1.31
2023-04-29,25.3,23.27,76.96,1.15
2023-04-30,24.06,8.96,85.02,1.21
2023-05-01,24.56,11.38,82.66,0.85
2023-05-02,24.0,21.34,87.11,1.22
2023-05-03,24.07,10.2,84.3,1.33
2023-05-04,23.39,4.82,82.74,0.97
2023-05-05,24.32,0.61,77.95,0.74
2023-05-06,24.85,3.36,75.38,0.66
2023-05-07,23.7,2.16,81.05,1.41
2023-05-08,24.2,6.35,81.02,1.12
2023-05-09,25.12,3.45,77.16,1.29
2023-05-10,25.58,1.29,77.78,0.87
2023-05-11,25.83,2.51,78.14,0.77
2023-05-12,25.48,0.87,76.24,1.16
2023-05-13,26.54,0.02,69.4,1.53
2023-05-14,25.94,0.0,77.12,1.52
2023-05-15,27.13,0.0,72.33,1.32
2023-05-16,28.24,0.0,68.0,1.01
2023-05-17,27.96,1.28,67.1,0.81
2023-05-18,27.21,0.72,70.24,0.78
2023-05-19,26.13,0.17,77.0,0.73
2023-05-20,26.96,1.26,71.17,0.81
2023-05-21,27.08,1.23,69.73,0.91
2023-05-22,26.47,3.51,74.29,0.68
2023-05-23,26.76,0.1,69.41,0.64
2023-05-24,26.7,4.64,73.17,0.85
2023-05-25,26.94,2.34,72.76,1.2
2023-05-26,26.81,3.41,72.13,1.55
2023-05-27,26.67,5.76,72.66,1.13
2023-05-28,26.13,0.63,75.64,0.83
2023-05-29,26.77,2.3,73.79,0.76
2023-05-30,27.57,1.24,69.32,0.67
2023-05-31,26.66,3.76,71.1,0.88
2023-06-01,26.71,0.13,71.55,1.53
2023-06-02,25.35,2.09,76.03,1.19
2023-06-03,26.24,0.66,72.34,1.11
2023-06-04,25.65,0.77,76.23,1.38
2023-06-05,24.78,6.49,82.19,1.37
2023-06-06,26.36,8.66,71.42,1.6
2023-06-07,25.15,9.24,80.91,1.82
2023-06-08,25.34,0.29,75.52,2.12
2023-06-09,25.77,0.64,74.07,2.49
2023-06-10,25.43,0.38,72.22,3.13
2023-06-11,25.8,0.03,71.57,2.55
2023-06-12,25.89,9.05,76.43,2.17
2023-06-13,25.52,1.22,75.11,2.45
2023-06-14,24.83,1.14,71.87,2.15
2023-06-15,26.25,0.15,67.66,2.01
2023-06-16,26.62,0.15,69.77,2.56
2023-06-17,25.24,2.29,75.77,2.06
2023-06-18,24.64,3.31,78.18,1.8
2023-06-19,25.88,0.03,65.78,1.73
2023-06-20,25.36,3.57,73.2,1.09
2023-06-21,24.93,10.36,77.55,1.27
2023-06-22,25.6,2.13,70.99,1.58
2023-06-23,24.03,0.53,74.25,2.12
2023-06-24,23.95,0.2,75.63,1.93
2023-06-25,24.34,1.5,74.96,1.88
2023-06-26,23.76,0.58,72.42,2.5
2023-06-27,23.37,3.22,73.5,2.25
2023-06-28,24.33,0.4,71.94,2.37
2023-06-29,25.23,2.62,71.24,2.36
2023-06-30,24.95,2.54,72.03,2.0
2023-07-01,25.41,0.27,70.53,1.9
2023-07-02,24.33,18.62,71.23,2.5
2023-07-03,23.7,13.45,77.97,3.13
2023-07-04,24.01,2.67,76.01,4.04
2023-07-05,23.63,6.51,76.02,4.22
2023-07-06,24.01,2.45,76.91,3.37
2023-07-07,23.44,1.98,76.91,3.02
2023-07-08,24.08,2.34,73.27,2.26
2023-07-09,24.89,0.97,71.56,1.75
2023-07-10,25.23,15.42,76.19,1.37
2023-07-11,24.22,10.47,76.61,1.63
2023-07-12,24.23,1.01,71.57,2.27
2023-07-13,23.45,0.94,68.36,2.78
2023-07-14,24.03,0.21,70.49,2.99
2023-07-15,24.48,0.4,72.03,2.21
2023-07-16,24.58,1.2,75.52,2.0
2023-07-17,24.51,0.06,75.93,2.41
2023-07-18,24.31,0.44,77.46,3.28
2023-07-19,24.3,0.76,75.33,4.21
2023-07-20,24.45,0.34,72.58,4.03
2023-07-21,24.33,0.1,71.87,4.46
2023-07-22,23.45,0.61,71.38,4.47
2023-07-23,23.43,5.3,73.79,4.06
2023-07-24,23.27,2.39,73.74,3.7
2023-07-25,23.17,1.17,75.08,3.16
2023-07-26,23.85,0.8,75.12,3.47
2023-07-27,24.24,0.08,71.41,3.78
2023-07-28,24.08,0.02,70.01,3.75
2023-07-29,24.77,0.0,69.35,3.48
2023-07-30,25.22,0.0,68.25,3.37
2023-07-31,25.33,0.0,69.51,3.44
2023-08-01,25.45,0.0,68.48,3.34
2023-08-02,24.76,0.03,70.6,2.96
2023-08-03,25.45,0.17,70.56,2.93
2023-08-04,25.54,0.12,69.5,2.87
2023-08-05,25.02,0.01,70.36,2.56
2023-08-06,25.74,4.55,70.73,1.98
2023-08-07,25.83,1.36,71.64,1.67
2023-08-08,25.14,18.79,74.77,1.6
2023-08-09,24.33,10.07,78.48,1.36
2023-08-10,25.17,6.27,76.6,1.15
2023-08-11,25.46,8.08,75.55,0.63
2023-08-12,24.73,13.31,79.15,1.61
2023-08-13,25.36,2.95,75.25,1.26
2023-08-14,24.32,0.65,77.1,1.36
2023-08-15,24.72,3.19,73.82,1.4
2023-08-16,25.34,0.19,69.65,1.41
2023-08-17,25.29,0.01,71.56,2.2
2023-08-18,24.6,0.12,73.84,2.5
2023-08-19,24.5,0.11,73.82,2.56
2023-08-20,25.8,0.14,70.35,2.12
2023-08-21,26.58,0.04,68.54,1.44
2023-08-22,26.26,3.19,73.08,0.88
2023-08-23,26.02,6.27,71.86,1.31
2023-08-24,25.96,0.24,68.65,1.78
2023-08-25,26.32,0.0,66.4,1.4
2023-08-26,26.87,0.0,65.7,1.11
2023-08-27,27.15,0.0,67.98,1.32
2023-08-28,26.83,2.92,69.39,1.4
2023-08-29,24.81,15.66,77.36,1.17
2023-08-30,23.06,14.28,85.11,1.53
2023-08-31,23.72,8.03,81.03,1.12
2023-09-01,25.28,14.96,77.01,0.97
2023-09-02,24.32,16.21,80.82,1.64
2023-09-03,23.24,11.7,80.81,2.19
2023-09-04,23.44,2.45,79.78,2.51
2023-09-05,22.68,0.39,83.02,2.19
2023-09-06,23.18,2.0,75.16,2.45
2023-09-07,22.7,2.08,77.89,2.34
2023-09-08,23.11,0.99,76.06,2.49
2023-09-09,23.76,1.44,75.61,2.65
2023-09-10,23.0,1.93,71.05,3.19
2023-09-11,23.23,2.37,73.96,2.66
2023-09-12,23.17,0.14,78.42,1.84
2023-09-13,23.98,0.34,76.45,1.93
2023-09-14,23.97,1.46,72.46,2.34
2023-09-15,22.79,0.66,78.6,2.08
2023-09-16,24.6,2.66,77.39,1.86
2023-09-17,24.02,5.48,83.15,1.23
2023-09-18,24.16,22.05,82.3,1.5
2023-09-19,24.33,18.2,82.92,1.42
2023-09-20,24.26,5.77,81.24,1.29
2023-09-21,23.6,6.89,82.9,1.04
2023-09-22,24.39,4.62,81.45,0.9
2023-09-23,24.48,4.16,82.96,1.23
2023-09-24,23.62,3.91,83.64,1.35
2023-09-25,24.28,1.41,79.9,1.45
2023-09-26,23.92,2.97,80.36,1.36
2023-09-27,23.42,5.42,77.84,1.93
2023-09-28,22.94,7.14,78.69,2.18
2023-09-29,22.41,3.94,83.97,2.28
2023-09-30,23.28,7.49,81.52,2.1
2023-10-01,23.59,1.95,80.91,2.55
2023-10-02,24.08,2.75,82.1,1.9
2023-10-03,24.49,0.99,79.97,1.57
2023-10-04,24.47,1.83,79.55,1.26
2023-10-05,24.86,4.01,77.27,1.09
2023-10-06,25.21,3.11,72.01,0.96
2023-10-07,25.71,0.0,70.51,0.56
2023-10-08,25.37,11.91,78.42,0.88
2023-10-09,25.25,0.84,78.25,0.63
2023-10-10,25.25,3.22,79.79,0.66
2023-10-11,24.68,28.01,83.22,0.95
2023-10-12,23.15,13.71,92.09,0.63
2023-10-13,23.73,1.05,86.52,0.79
2023-10-14,23.9,15.81,85.72,0.43
2023-10-15,24.06,19.36,84.25,0.88
2023-10-16,22.9,9.44,89.53,0.68
2023-10-17,23.56,10.88,86.18,0.99
2023-10-18,23.69,0.66,82.13,1.07
2023-10-19,23.74,0.73,80.44,0.93
2023-10-20,23.56,1.58,81.15,0.9
2023-10-21,23.93,3.48,80.46,0.94
2023-10-22,23.69,2.18,78.08,0.94
2023-10-23,23.42,3.15,84.59,0.53
2023-10-24,23.8,3.61,84.46,0.35
2023-10-25,23.64,1.39,83.38,0.7
2023-10-26,23.6,2.61,85.27,0.8
2023-10-27,23.51,0.23,84.75,1.02
2023-10-28,23.7,0.56,84.04,1.02
2023-10-29,22.77,10.89,88.26,1.07
2023-10-30,21.91,15.25,90.12,0.91
2023-10-31,22.49,3.73,86.83,1.11
2023-11-01,23.13,7.86,87.62,0.71
2023-11-02,22.06,4.95,87.92,0.86
2023-11-03,22.65,18.56,88.34,0.93
2023-11-04,22.54,31.09,92.11,0.65
2023-11-05,22.15,14.1,91.2,0.78
2023-11-06,23.28,22.8,85.0,0.53
2023-11-07,22.37,25.33,92.25,0.72
2023-11-08,22.29,16.4,87.2,0.57
2023-11-09,22.05,17.79,87.64,0.93
2023-11-10,22.14,2.65,88.97,1.09
2023-11-11,22.27,1.89,90.2,1.21
2023-11-12,22.2,0.19,85.15,1.2
2023-11-13,21.4,0.67,88.47,1.0
2023-11-14,21.7,5.98,89.69,1.45
2023-11-15,22.32,2.48,84.21,1.03
2023-11-16,22.68,0.59,90.43,0.7
2023-11-17,23.22,0.98,88.61,0.88
2023-11-18,23.18,1.09,89.7,1.05
2023-11-19,22.15,3.11,91.0,1.35
2023-11-20,22.85,0.09,89.42,1.0
2023-11-21,23.27,2.92,88.66,0.96
2023-11-22,23.44,17.17,89.32,0.8
2023-11-23,23.3,3.91,91.25,1.39
2023-11-24,22.87,1.81,88.11,1.05
2023-11-25,22.79,4.76,90.85,1.28
2023-11-26,22.39,2.83,91.85,1.76
2023-11-27,22.39,5.88,90.71,1.29
2023-11-28,22.71,4.5,89.78,1.26
2023-11-29,22.14,2.42,90.53,1.15
2023-11-30,21.85,1.84,89.66,0.97
2023-12-01,22.34,2.34,88.57,1.0
2023-12-02,22.57,0.99,86.25,0.98
2023-12-03,23.57,2.62,88.16,0.96
2023-12-04,24.0,0.82,87.84,0.8
2023-12-05,23.77,0.61,85.94,0.94
2023-12-06,23.43,0.24,82.87,0.72
2023-12-07,23.76,4.76,87.07,0.67
2023-12-08,23.64,10.73,89.75,0.88
2023-12-09,22.9,3.95,91.2,1.3
2023-12-10,22.41,1.19,90.47,1.22
2023-12-11,21.72,0.48,88.11,1.09
2023-12-12,21.73,1.45,91.06,1.11
2023-12-13,21.13,0.08,88.62,1.26
2023-12-14,20.38,0.0,85.29,1.27
2023-12-15,21.48,0.03,91.6,1.28
2023-12-16,22.46,2.74,90.39,1.44
2023-12-17,21.65,52.55,95.16,2.08
2023-12-18,21.04,22.07,92.6,2.29
2023-12-19,19.58,1.36,92.41,1.47
2023-12-20,20.93,3.26,91.29,1.48
2023-12-21,21.21,3.72,92.98,1.37
2023-12-22,21.65,0.21,89.68,1.19
2023-12-23,20.01,0.0,88.45,1.06
2023-12-24,20.69,0.12,88.56,1.25
2023-12-25,22.04,1.87,90.44,1.78
2023-12-26,20.9,0.07,88.05,1.64
2023-12-27,20.67,0.04,89.69,1.67
2023-12-28,21.63,0.06,90.14,1.96
2023-12-29,21.82,0.33,90.92,1.75
2023-12-30,21.71,0.11,89.07,1.61
2023-12-31,20.21,0.01,87.98,1.25
2024-01-01,20.45,0.0,85.99,0.98
2024-01-02,20.97,0.09,88.28,1.09
2024-01-03,21.06,1.55,88.55,0.91
2024-01-04,21.71,5.16,90.94,0.86
2024-01-05,22.2,3.57,90.88,1.04
2024-01-06,21.55,2.31,90.48,1.06
2024-01-07,21.61,0.83,90.35,1.16
2024-01-08,21.48,1.09,92.1,1.47
2024-01-09,21.18,12.07,92.83,1.94
2024-01-10,20.35,0.7,90.27,1.32
2024-01-11,20.65,0.02,87.6,1.52
2024-01-12,20.35,0.0,86.99,1.53
2024-01-13,20.54,0.0,87.31,1.36
2024-01-14,20.93,0.0,85.33,1.21
2024-01-15,20.27,0.0,81.84,1.1
2024-01-16,19.97,0.0,82.21,0.98
2024-01-17,19.74,0.0,79.07,0.83
2024-01-18,20.66,0.04,80.53,0.73
2024-01-19,22.06,1.93,87.05,1.02
2024-01-20,22.14,1.06,87.53,1.22
2024-01-21,21.9,0.04,83.09,1.15
2024-01-22,21.7,0.0,81.69,1.08
2024-01-23,21.17,0.01,80.7,1.01
2024-01-24,21.95,0.04,79.94,0.73
2024-01-25,21.55,0.0,79.26,1.0
2024-01-26,21.0,0.0,78.99,1.29
2024-01-27,20.96,0.0,78.37,1.37
2024-01-28,21.57,0.0,80.59,1.32
2024-01-29,21.27,0.0,74.46,1.23
2024-01-30,22.1,0.0,74.69,1.02
2024-01-31,23.19,0.87,73.35,0.8
2024-02-01,23.67,1.19,76.36,0.68
2024-02-02,24.27,0.44,79.07,0.74
2024-02-03,23.93,0.0,77.66,1.16
2024-02-04,22.48,0.0,72.37,1.34
2024-02-05,21.42,0.0,71.71,1.34
2024-02-06,21.54,0.0,72.15,1.41
2024-02-07,22.24,0.0,67.43,1.34
2024-02-08,22.56,0.0,65.56,1.35
2024-02-09,22.28,0.0,71.58,1.45
2024-02-10,22.36,0.01,76.12,1.59
2024-02-11,22.71,0.03,73.62,1.59
2024-02-12,21.77,0.0,72.45,1.55
2024-02-13,22.57,0.0,75.0,1.47
2024-02-14,23.41,0.0,75.28,1.63
2024-02-15,22.6,0.0,73.8,1.54
2024-02-16,23.28,0.0,72.93,1.6
2024-02-17,23.64,0.0,69.84,1.38
2024-02-18,23.12,0.0,65.33,1.17
2024-02-19,24.09,0.0,70.48,1.26
2024-02-20,24.69,0.01,67.53,1.09
2024-02-21,25.85,0.02,64.9,0.65
2024-02-22,25.64,0.0,69.79,0.66
2024-02-23,26.13,0.0,68.82,0.74
2024-02-24,25.95,0.0,68.08,0.97
2024-02-25,25.25,0.0,67.94,1.38
2024-02-26,24.55,0.03,68.6,1.98
2024-02-27,24.98,0.03,69.62,1.97
2024-02-28,24.42,0.0,66.1,1.54
2024-02-29,24.81,0.0,62.4,1.48
2024-03-01,24.05,0.0,66.48,1.66
2024-03-02,23.67,0.0,56.3,1.16
2024-03-03,24.87,0.0,56.08,1.13
2024-03-04,25.46,0.0,56.42,1.28
2024-03-05,25.86,0.0,53.92,1.28
2024-03-06,25.83,0.0,54.99,1.3
2024-03-07,25.98,0.0,50.55,1.29
2024-03-08,26.38,0.01,51.33,1.1
2024-03-09,26.58,0.0,53.34,1.2
2024-03-10,26.95,0.0,54.76,1.11
2024-03-11,26.31,0.01,54.69,1.27
2024-03-12,26.02,0.0,54.99,1.26
2024-03-13,26.16,0.01,48.87,1.14
2024-03-14,27.25,0.06,51.62,1.02
2024-03-15,28.06,0.0,49.6,1.14
2024-03-16,26.57,0.21,56.94,1.32
2024-03-17,25.52,0.0,51.15,1.42
2024-03-18,25.77,0.0,46.68,1.22
2024-03-19,26.22,0.0,45.39,1.34
2024-03-20,26.46,0.0,46.12,1.22
2024-03-21,26.72,0.07,60.41,1.52
2024-03-22,27.34,0.16,61.35,1.44
2024-03-23,27.79,0.44,55.48,1.4
2024-03-24,27.2,0.25,51.32,1.51
2024-03-25,26.62,0.0,48.12,1.49
2024-03-26,26.93,0.03,37.88,1.47
2024-03-27,27.45,0.0,40.72,1.24
2024-03-28,27.99,1.0,48.11,1.08
2024-03-29,28.71,0.1,46.81,1.36
2024-03-30,28.8,0.0,44.65,1.4
2024-03-31,29.45,0.0,45.16,1.04
2024-04-01,29.84,0.01,50.04,1.13
2024-04-02,29.75,0.85,53.24,1.0
2024-04-03,29.6,0.82,53.15,1.09
2024-04-04,29.98,0.13,51.04,1.3
2024-04-05,30.46,0.09,48.76,1.23
2024-04-06,30.6,0.0,44.35,1.17
2024-04-07,30.43,0.0,45.15,1.28
2024-04-08,30.53,0.84,48.03,1.52
2024-04-09,28.97,0.05,53.86,1.93
2024-04-10,28.6,0.52,52.72,1.83
2024-04-11,28.87,0.95,54.0,1.66
2024-04-12,26.92,8.35,69.17,1.75
2024-04-13,26.19,4.35,73.13,1.35
2024-04-14,26.95,1.01,66.11,1.45
2024-04-15,26.86,0.36,65.96,1.65
2024-04-16,28.12,0.02,60.33,1.33
2024-04-17,29.98,0.0,54.61,1.04
2024-04-18,29.36,0.0,57.62,0.79
2024-04-19,29.95,0.01,53.55,0.84
2024-04-20,30.01,0.03,50.97,1.11
2024-04-21,30.62,0.19,49.33,1.36
2024-04-22,28.89,0.31,57.64,0.59
2024-04-23,30.01,0.33,52.42,1.22
2024-04-24,28.89,0.71,50.91,1.13
2024-04-25,28.68,0.02,49.03,1.7
2024-04-26,29.64,0.0,46.44,1.53
2024-04-27,30.17,0.0,44.61,1.6
2024-04-28,30.3,0.01,46.72,1.53
2024-04-29,30.53,0.06,47.42,1.34
2024-04-30,31.27,0.25,50.05,1.08
2024-05-01,30.97,0.3,54.12,1.04
2024-05-02,31.83,0.0,49.51,1.14
2024-05-03,31.28,0.0,52.52,0.79
2024-05-04,31.69,0.04,49.78,0.99
2024-05-05,31.27,1.27,50.78,0.74
2024-05-06,31.14,0.17,53.21,1.1
2024-05-07,31.64,0.06,48.86,1.09
2024-05-08,29.1,2.0,59.29,1.36
2024-05-09,27.74,6.88,69.37,0.78
2024-05-10,26.26,8.34,76.42,0.69
2024-05-11,27.54,2.58,67.66,1.06
2024-05-12,27.61,2.64,67.21,0.92
2024-05-13,25.82,5.28,78.64,1.32
2024-05-14,25.72,4.11,75.28,0.89
2024-05-15,26.72,12.95,72.7,1.28
2024-05-16,25.88,13.93,77.08,0.98
2024-05-17,25.56,15.74,78.11,1.04
2024-05-18,25.72,13.52,79.43,0.72
2024-05-19,25.46,10.64,81.35,1.07
2024-05-20,24.22,28.74,88.89,1.35
2024-05-21,24.7,12.16,83.04,1.15
2024-05-22,24.64,10.03,91.03,1.44
2024-05-23,24.66,6.39,88.05,1.51
2024-05-24,25.28,6.51,84.36,1.35
2024-05-25,24.55,4.32,82.41,1.99
2024-05-26,25.18,1.07,77.27,2.69
2024-05-27,25.64,0.79,77.2,2.8
2024-05-28,24.39,6.47,83.8,2.56
2024-05-29,25.43,6.66,79.09,2.08
2024-05-30,26.09,4.99,78.54,1.64
2024-05-31,25.9,4.5,81.27,1.57
2024-06-01,26.05,4.38,84.12,1.44
2024-06-02,25.04,5.44,80.88,0.82
2024-06-03,25.88,9.02,78.4,0.88
2024-06-04,25.8,1.24,79.58,0.83
2024-06-05,24.88,6.6,86.33,1.06
2024-06-06,24.24,30.01,84.05,1.29
2024-06-07,24.19,5.73,81.85,1.34
2024-06-08,23.74,4.81,86.5,1.96
2024-06-09,23.96,0.91,83.62,2.29
2024-06-10,24.12,0.26,80.57,2.49
2024-06-11,23.37,0.51,77.16,2.61
2024-06-12,22.77,0.99,82.15,2.43
2024-06-13,24.02,0.36,73.53,1.92
2024-06-14,24.92,0.0,72.68,1.62
2024-06-15,25.32,0.82,76.0,1.69
2024-06-16,25.04,0.63,77.99,1.59
2024-06-17,24.57,4.65,75.32,1.71
2024-06-18,23.9,12.85,79.77,1.88
2024-06-19,24.08,7.4,79.93,2.06
2024-06-20,23.56,1.24,76.89,2.58
2024-06-21,23.23,1.21,77.93,2.48
2024-06-22,23.96,1.85,79.64,1.96
2024-06-23,23.54,2.71,78.98,3.17
2024-06-24,22.99,3.02,79.36,3.42
2024-06-25,22.83,3.36,77.17,3.8
2024-06-26,23.68,2.82,76.6,3.59
2024-06-27,23.31,1.68,77.32,3.06
2024-06-28,23.96,0.26,74.4,2.43
2024-06-29,23.86,0.72,77.93,1.72
2024-06-30,24.14,0.96,77.85,1.32
2024-07-01,23.13,4.13,77.5,1.97
2024-07-02,24.56,0.68,71.07,1.83
2024-07-03,23.65,0.41,75.21,2.08
2024-07-04,24.72,0.22,70.76,2.11
2024-07-05,24.47,3.03,73.32,2.03
2024-07-06,23.17,1.86,78.28,2.33
2024-07-07,24.11,0.36,76.56,2.44
2024-07-08,23.09,1.59,80.51,2.57
2024-07-09,22.87,0.65,80.98,2.09
2024-07-10,23.68,5.43,78.49,1.94
2024-07-11,24.35,1.96,74.49,2.02
2024-07-12,24.79,11.28,75.41,2.24
2024-07-13,23.5,1.03,76.1,3.23
2024-07-14,24.33,2.72,70.89,4.12
2024-07-15,23.35,12.82,78.76,4.64
2024-07-16,23.56,3.19,77.61,4.69
2024-07-17,23.66,4.47,77.82,3.95
2024-07-18,23.09,2.01,78.43,4.4
2024-07-19,23.88,0.68,76.49,4.62
2024-07-20,23.81,0.72,76.35,3.76
2024-07-21,24.04,0.34,75.78,4.1
2024-07-22,23.66,0.34,75.28,3.51
2024-07-23,24.17,0.3,73.36,3.81
2024-07-24,23.91,2.32,74.14,4.05
2024-07-25,24.31,1.36,73.52,4.41
2024-07-26,23.59,2.94,75.9,4.91
2024-07-27,24.06,0.69,70.76,4.6
2024-07-28,24.29,2.75,69.57,4.56
2024-07-29,24.13,9.22,75.74,4.18
2024-07-30,23.44,2.21,79.6,2.62
2024-07-31,24.15,0.88,79.45,2.17
2024-08-01,24.6,2.25,78.99,2.28
2024-08-02,23.41,0.13,75.73,2.79
2024-08-03,24.84,1.44,71.78,1.9
2024-08-04,24.42,8.11,77.09,2.05
2024-08-05,24.06,4.07,78.38,1.27
2024-08-06,24.6,11.23,79.02,1.52
2024-08-07,23.31,10.17,84.38,1.44
2024-08-08,23.37,4.95,84.32,1.49
2024-08-09,24.31,11.59,81.61,1.42
2024-08-10,23.77,8.33,85.57,1.45
2024-08-11,23.77,7.89,87.48,1.2
2024-08-12,25.29,7.67,82.88,0.97
2024-08-13,24.6,31.11,83.35,0.8
2024-08-14,24.2,26.9,84.57,0.87
2024-08-15,25.14,15.39,83.43,0.63
2024-08-16,24.37,6.37,91.27,0.81
2024-08-17,24.44,2.99,87.42,1.49
2024-08-18,23.97,11.78,87.71,0.7
2024-08-19,24.73,4.55,84.51,0.95
2024-08-20,24.35,10.21,85.56,0.92
2024-08-21,22.79,6.22,86.34,2.34
2024-08-22,23.16,0.09,83.84,1.63
2024-08-23,24.24,0.02,78.27,1.22
2024-08-24,23.62,0.38,83.01,1.82
2024-08-25,23.31,0.21,82.88,2.19
2024-08-26,23.3,0.3,81.43,2.5
2024-08-27,23.24,0.31,83.84,2.06
2024-08-28,23.21,0.13,82.82,1.91
2024-08-29,23.47,3.37,82.39,2.29
2024-08-30,23.37,3.99,85.46,2.14
2024-08-31,23.05,1.74,83.34,2.71
2024-09-01,22.96,1.78,80.87,2.57
2024-09-02,22.7,0.43,82.19,2.58
2024-09-03,23.38,1.76,84.97,2.05
2024-09-04,23.84,0.64,83.34,2.24
2024-09-05,24.16,0.38,81.38,2.0
2024-09-06,23.9,0.98,83.54,1.89
2024-09-07,24.18,0.85,81.75,1.99
2024-09-08,23.54,1.13,83.97,2.35
2024-09-09,23.58,1.04,81.53,2.63
2024-09-10,24.27,0.75,82.59,2.78
2024-09-11,24.14,1.36,81.87,2.28
2024-09-12,23.63,0.19,77.29,2.17
2024-09-13,23.98,0.09,79.1,1.77
2024-09-14,24.28,0.59,77.86,2.05
2024-09-15,24.38,0.12,75.7,2.3
2024-09-16,24.5,0.0,74.3,2.2
2024-09-17,24.72,0.0,75.0,2.32
2024-09-18,23.83,0.0,76.33,2.01
2024-09-19,23.62,0.34,76.7,1.76
2024-09-20,24.22,0.13,75.41,1.58
2024-09-21,24.08,0.57,77.38,1.91
2024-09-22,24.35,1.19,77.08,1.89
2024-09-23,24.34,0.8,75.06,2.61
2024-09-24,24.21,0.39,76.0,2.61
2024-09-25,24.67,0.12,73.52,2.9
2024-09-26,24.94,0.54,72.05,2.04
2024-09-27,24.68,0.31,69.97,1.44
2024-09-28,25.01,1.56,75.75,1.01
2024-09-29,24.36,6.79,80.97,0.99
2024-09-30,23.98,9.42,84.7,0.98
2024-10-01,24.35,6.37,81.74,0.91
2024-10-02,24.12,6.22,82.16,1.11
2024-10-03,25.0,0.14,80.87,0.83
2024-10-04,24.45,12.22,83.62,0.77
2024-10-05,24.07,8.33,81.23,0.96
2024-10-06,23.49,7.1,84.89,0.74
2024-10-07,23.77,5.69,86.82,1.68
2024-10-08,23.66,9.17,85.97,0.75
2024-10-09,24.29,5.22,84.25,0.88
2024-10-10,23.93,1.7,83.48,0.57
2024-10-11,23.13,22.02,86.22,0.62
2024-10-12,23.49,33.9,86.98,0.68
2024-10-13,23.34,27.44,88.82,0.81
2024-10-14,22.73,11.73,90.68,0.71
2024-10-15,22.2,7.23,85.31,1.16
2024-10-16,22.11,0.78,81.95,1.58
2024-10-17,22.98,0.58,85.31,1.59
2024-10-18,24.09,1.85,82.62,0.82
2024-10-19,23.25,5.77,87.04,0.52
2024-10-20,23.86,15.1,85.4,0.59
2024-10-21,23.73,6.42,88.34,0.48
2024-10-22,23.72,16.57,84.06,0.7
2024-10-23,24.15,6.15,82.26,0.61
2024-10-24,22.23,8.37,88.48,0.99
2024-10-25,23.65,24.16,86.42,0.83
2024-10-26,23.66,3.31,84.78,0.86
2024-10-27,23.42,0.26,86.19,1.05
2024-10-28,23.4,1.67,84.27,0.94
2024-10-29,24.08,0.58,78.96,0.71
2024-10-30,24.54,0.13,80.06,0.54
2024-10-31,24.4,3.53,84.96,0.66
2024-11-01,23.77,7.06,90.4,0.83
2024-11-02,23.0,12.09,93.08,0.98
2024-11-03,22.79,4.3,92.05,1.01
2024-11-04,22.93,3.67,87.65,1.11
2024-11-05,22.09,1.22,86.08,0.99
2024-11-06,22.86,0.04,82.49,0.93
2024-11-07,22.81,2.72,86.77,0.95
2024-11-08,23.03,4.13,89.07,1.16
2024-11-09,22.52,2.64,86.12,1.31
2024-11-10,22.28,0.0,80.2,1.41
2024-11-11,22.33,0.0,78.09,1.17
2024-11-12,22.98,0.23,80.38,0.99
2024-11-13,22.59,0.52,90.01,0.97
2024-11-14,22.62,8.52,92.62,1.22
2024-11-15,22.06,5.61,91.67,1.15
2024-11-16,22.33,8.29,90.46,1.18
2024-11-17,22.7,6.88,90.66,1.37
2024-11-18,22.12,4.48,90.75,1.58
2024-11-19,22.22,4.47,89.28,1.53
2024-11-20,21.37,2.93,90.36,1.48
2024-11-21,21.82,2.17,87.97,1.17
2024-11-22,21.62,0.07,88.64,1.01
2024-11-23,22.01,0.0,87.28,1.16
2024-11-24,21.99,0.0,87.46,1.26
2024-11-25,21.15,0.01,85.82,1.14
2024-11-26,20.52,10.85,91.86,1.18
2024-11-27,20.78,3.74,93.09,1.39
2024-11-28,21.48,1.31,85.69,1.22
2024-11-29,21.67,4.66,89.75,1.3
2024-11-30,22.43,2.72,91.95,1.2
2024-12-01,23.3,6.68,90.0,1.66
2024-12-02,23.44,16.27,91.41,1.45
2024-12-03,23.76,1.43,88.9,0.8
2024-12-04,22.8,0.9,87.2,1.17
2024-12-05,22.15,1.26,89.48,0.95
2024-12-06,22.49,0.16,85.49,1.03
2024-12-07,22.59,0.12,86.42,1.07
2024-12-08,22.08,0.14,85.44,0.89
2024-12-09,22.41,0.02,81.28,0.91
2024-12-10,22.03,0.0,82.93,1.1
2024-12-11,21.49,3.49,88.78,1.38
2024-12-12,20.9,39.76,93.55,1.45
2024-12-13,21.55,48.11,96.08,2.07
2024-12-14,21.21,13.6,92.29,1.5
2024-12-15,19.83,0.98,86.34,1.42
2024-12-16,19.82,0.0,89.38,1.07
2024-12-17,22.05,0.0,82.01,0.72
2024-12-18,23.15,0.0,80.27,0.84
2024-12-19,23.27,0.0,83.89,0.6
2024-12-20,23.38,0.09,81.7,0.68
2024-12-21,23.7,1.9,81.46,0.66
2024-12-22,23.16,2.48,86.41,0.69
2024-12-23,23.33,1.81,82.1,0.49
2024-12-24,22.75,0.03,78.69,0.38
2024-12-25,22.77,0.0,78.15,0.69
2024-12-26,22.83,0.03,84.53,0.78
2024-12-27,22.31,3.52,89.08,1.4
2024-12-28,21.19,0.33,86.79,1.36
2024-12-29,21.07,0.14,87.05,1.25
2024-12-30,21.6,2.46,91.53,1.62
2024-12-31,21.68,0.83,89.73,2.09
2025-01-01,20.21,0.03,84.82,1.66
2025-01-02,19.3,0.0,85.37,1.36
2025-01-03,18.93,0.0,85.29,1.53
2025-01-04,19.03,0.0,83.81,1.22
2025-01-05,19.29,0.01,81.23,1.08
2025-01-06,19.36,0.0,78.05,1.04
2025-01-07,20.02,0.0,81.1,0.96
2025-01-08,20.44,0.0,83.45,1.04
2025-01-09,19.9,0.0,83.92,1.11
2025-01-10,21.21,0.01,85.99,1.22
2025-01-11,21.28,0.11,83.04,1.24
2025-01-12,21.61,0.09,84.48,1.31
2025-01-13,22.71,0.6,85.66,1.32
2025-01-14,21.68,1.03,83.87,1.54
2025-01-15,21.38,1.06,85.63,1.86
2025-01-16,21.03,0.01,81.66,1.76
2025-01-17,20.27,0.0,82.16,1.55
2025-01-18,19.45,9.93,90.78,1.29
2025-01-19,20.71,6.62,90.95,1.31
2025-01-20,21.64,0.9,84.15,1.23
2025-01-21,20.48,0.0,76.25,1.25
2025-01-22,21.38,0.08,81.8,1.19
2025-01-23,21.27,0.03,79.68,1.24
2025-01-24,20.73,0.0,77.51,1.23
2025-01-25,21.35,0.0,78.94,1.35
2025-01-26,20.62,0.0,75.93,1.45
2025-01-27,20.59,0.0,73.62,1.23
2025-01-28,21.17,0.0,73.07,0.96
2025-01-29,21.49,0.0,70.84,1.14
2025-01-30,22.07,0.13,82.86,1.03
2025-01-31,23.22,0.7,83.13,1.11
2025-02-01,23.6,0.05,79.63,1.2
2025-02-02,23.58,0.0,71.26,1.09
2025-02-03,22.99,0.0,67.04,0.94
2025-02-04,22.1,0.0,60.7,1.21
2025-02-05,21.56,0.0,73.3,1.27
2025-02-06,21.53,0.0,74.19,1.21
2025-02-07,21.34,0.0,66.9,1.31
2025-02-08,21.29,0.0,72.8,1.45
2025-02-09,22.15,0.0,71.2,1.44
2025-02-10,22.04,0.0,71.86,1.31
2025-02-11,22.19,0.0,66.25,1.16
2025-02-12,22.77,0.0,67.96,1.24
2025-02-13,22.77,0.0,59.07,1.23
2025-02-14,22.83,0.0,50.19,1.2
2025-02-15,23.07,0.0,55.14,1.26
2025-02-16,22.91,0.0,61.0,1.21
2025-02-17,22.48,0.0,65.94,1.32
2025-02-18,22.67,0.0,62.6,1.26
2025-02-19,23.38,0.0,61.61,1.17
2025-02-20,23.77,0.0,59.62,1.22
2025-02-21,23.32,0.0,64.22,1.36
2025-02-22,23.74,0.0,62.72,1.29
2025-02-23,24.23,0.0,57.06,1.46
2025-02-24,23.4,0.0,63.47,1.46
2025-02-25,23.55,0.76,70.62,1.6
2025-02-26,23.31,1.64,73.88,1.76
2025-02-27,24.0,0.12,67.5,1.67
2025-02-28,23.21,3.79,75.39,1.57
2025-03-01,24.16,4.71,80.99,1.77
2025-03-02,24.04,0.53,78.3,1.33
2025-03-03,24.96,0.13,70.87,1.24
2025-03-04,25.12,0.0,55.81,1.32
2025-03-05,25.75,0.0,48.47,1.42
2025-03-06,25.86,0.0,50.26,1.33
2025-03-07,26.29,0.26,52.85,1.08
2025-03-08,26.32,1.72,63.44,1.06
2025-03-09,25.1,0.26,58.28,1.38
2025-03-10,23.95,0.01,59.75,1.65
2025-03-11,23.57,8.54,81.59,2.19
2025-03-12,22.57,14.12,85.09,1.06
2025-03-13,24.93,3.26,68.94,1.16
2025-03-14,25.51,0.0,61.48,1.37
2025-03-15,25.52,0.0,58.56,1.22
2025-03-16,25.54,0.7,67.36,1.05
2025-03-17,25.54,2.42,73.24,0.74
2025-03-18,26.25,0.1,67.95,0.99
2025-03-19,26.44,0.13,65.12,1.33
2025-03-20,25.55,0.66,68.38,1.42
2025-03-21,25.57,1.36,73.0,1.2
2025-03-22,25.83,3.08,74.44,1.18
2025-03-23,25.55,2.61,74.83,1.15
2025-03-24,25.87,0.52,68.19,1.2
2025-03-25,26.06,0.32,60.7,1.21
2025-03-26,26.49,0.2,57.65,1.01
2025-03-27,26.54,0.73,62.63,0.92
2025-03-28,27.11,0.02,59.01,1.29
2025-03-29,26.36,0.0,53.2,1.49
2025-03-30,25.94,0.0,44.7,1.44
2025-03-31,26.55,0.07,46.94,1.26
2025-04-01,26.19,3.31,64.94,0.89
2025-04-02,25.29,17.68,76.12,1.33
2025-04-03,24.87,12.9,76.73,0.99
2025-04-04,25.36,3.74,69.45,1.01
2025-04-05,25.68,9.76,70.21,0.79
2025-04-06,25.46,17.63,77.86,0.81
2025-04-07,25.38,13.3,77.27,0.95
2025-04-08,26.01,0.5,69.3,1.03
2025-04-09,25.11,1.19,72.49,0.84
2025-04-10,25.06,0.54,75.64,1.09
2025-04-11,25.63,4.62,73.7,1.04
2025-04-12,25.19,3.7,75.74,1.15
2025-04-13,26.88,0.35,66.58,1.02
2025-04-14,27.4,1.62,62.4,1.14
2025-04-15,26.72,2.74,65.89,1.05
2025-04-16,27.28,0.01,64.91,0.68
2025-04-17,27.3,0.7,66.4,0.72
2025-04-18,27.7,2.18,67.77,0.52
2025-04-19,27.43,0.57,68.29,0.95
2025-04-20,26.78,1.57,68.94,0.79
2025-04-21,27.28,0.81,67.75,1.03
2025-04-22,27.23,0.74,62.94,1.11
2025-04-23,27.54,0.41,62.52,0.87
2025-04-24,27.68,0.95,68.39,0.88
2025-04-25,27.58,0.45,70.85,0.81
2025-04-26,26.87,1.35,72.42,0.82
2025-04-27,26.3,5.7,73.59,0.58
2025-04-28,24.83,1.6,80.86,0.88
2025-04-29,26.5,0.94,71.94,0.81
2025-04-30,25.23,1.78,82.11,1.15
2025-05-01,27.03,0.04,70.8,0.87
2025-05-02,26.4,2.07,79.31,0.51
2025-05-03,27.41,1.59,71.26,0.89
2025-05-04,27.36,0.75,63.65,1.34
2025-05-05,25.7,4.28,72.94,0.69
2025-05-06,26.12,1.21,75.06,0.9
2025-05-07,25.01,6.82,80.01,1.06
2025-05-08,26.05,5.65,74.7,0.93
2025-05-09,26.94,0.14,68.28,0.83
2025-05-10,27.1,0.38,67.68,0.94
2025-05-11,27.35,0.57,66.61,1.09
2025-05-12,27.3,1.7,70.76,1.07
2025-05-13,27.36,4.11,72.45,0.93
2025-05-14,25.7,4.7,78.02,1.22
2025-05-15,25.67,17.25,78.65,0.99
2025-05-16,26.68,6.39,73.62,1.22
2025-05-17,24.85,5.63,77.61,1.44
2025-05-18,24.51,16.56,80.04,1.26
2025-05-19,25.24,7.28,79.49,1.13
2025-05-20,24.76,1.69,75.55,2.35
2025-05-21,24.79,0.43,69.58,3.19
2025-05-22,25.88,0.08,71.23,2.22
2025-05-23,25.6,6.02,78.68,2.64
2025-05-24,25.11,5.01,76.39,3.37
2025-05-25,24.56,9.01,79.73,3.54
2025-05-26,25.1,9.88,77.51,4.11
2025-05-27,25.8,5.39,79.32,3.76
2025-05-28,25.97,2.49,76.71,4.52
2025-05-29,25.11,6.63,74.61,4.52
2025-05-30,23.96,3.15,75.12,4.51
2025-05-31,24.26,0.81,73.5,3.33
2025-06-01,25.22,3.06,73.26,2.36
2025-06-02,25.01,2.43,79.64,1.98
2025-06-03,25.44,1.98,74.97,2.13
2025-06-04,24.43,0.79,73.08,2.25
2025-06-05,26.1,0.42,66.35,1.42
2025-06-06,27.14,2.64,70.89,1.16
2025-06-07,26.44,0.74,73.08,1.68
2025-06-08,26.39,0.98,73.44,1.56
2025-06-09,25.01,0.88,78.36,2.24
2025-06-10,25.24,2.91,74.73,2.82
2025-06-11,24.34,3.24,78.69,2.86
2025-06-12,25.22,4.61,76.13,3.3
2025-06-13,24.77,4.17,72.08,4.2
2025-06-14,24.95,3.58,73.69,4.11
2025-06-15,23.56,6.45,76.5,4.23
2025-06-16,24.77,1.7,72.01,4.37
2025-06-17,24.9,3.74,75.48,3.45
2025-06-18,25.07,1.08,75.7,2.89
2025-06-19,24.51,0.88,76.57,3.08
2025-06-20,24.27,2.21,78.84,2.32
2025-06-21,24.59,0.57,79.11,2.22
2025-06-22,24.99,5.52,78.11,2.68
2025-06-23,24.34,0.52,68.69,3.62
2025-06-24,24.75,1.21,74.73,3.27
2025-06-25,25.15,4.74,72.43,3.23
2025-06-26,24.89,0.34,72.63,3.54
2025-06-27,24.57,3.74,70.51,3.14
2025-06-28,24.7,0.79,73.05,3.28
2025-06-29,24.89,0.19,69.88,2.83
2025-06-30,24.71,0.24,75.72,2.45
2025-07-01,24.69,0.55,76.4,2.59
2025-07-02,24.61,1.0,70.12,3.96
2025-07-03,24.16,0.6,68.46,3.56
2025-07-04,23.93,0.44,70.75,3.14
2025-07-05,24.38,0.44,73.24,3.02
2025-07-06,25.13,0.57,72.39,3.62
2025-07-07,25.26,0.38,72.75,3.59
2025-07-08,25.48,0.24,72.05,3.08
2025-07-09,25.74,0.3,71.04,3.18
2025-07-10,25.61,1.31,72.25,2.65
2025-07-11,25.14,2.91,75.32,2.54
2025-07-12,25.32,6.68,73.04,2.88
2025-07-13,24.91,1.16,72.28,2.88
2025-07-14,24.33,0.25,67.21,3.78
2025-07-15,24.99,0.55,67.62,3.5
2025-07-16,24.45,10.21,74.43,3.1
2025-07-17,24.78,1.19,70.94,3.48
2025-07-18,24.92,3.87,73.55,3.17
2025-07-19,23.97,4.77,75.05,4.4
2025-07-20,23.82,2.78,71.69,3.93
2025-07-21,24.04,1.92,73.59,2.79
2025-07-22,24.87,2.52,73.97,2.8
2025-07-23,24.6,2.54,72.35,3.96
2025-07-24,24.09,3.42,69.21,4.54
2025-07-25,23.68,2.32,69.44,4.42
2025-07-26,23.91,3.68,74.17,3.9
2025-07-27,24.11,1.24,72.47,3.51
2025-07-28,24.26,0.03,69.5,3.75
2025-07-29,24.54,0.02,70.42,4.07
2025-07-30,25.46,0.33,69.65,3.86
2025-07-31,25.41,2.69,72.82,3.31
2025-08-01,24.98,2.31,75.91,2.22
2025-08-02,23.57,6.77,86.66,1.58
2025-08-03,23.85,4.94,82.58,1.67
2025-08-04,24.8,4.93,79.3,1.26
2025-08-05,24.18,7.63,82.32,1.6
2025-08-06,24.06,4.09,78.48,2.11
2025-08-07,24.78,0.5,76.75,1.94
2025-08-08,24.9,1.96,77.67,0.88
2025-08-09,23.94,1.73,83.68,0.93
2025-08-10,23.28,18.95,86.89,0.92
2025-08-11,23.82,0.44,75.24,2.17
2025-08-12,23.29,0.64,74.91,2.4
2025-08-13,23.27,2.17,70.72,3.32
2025-08-14,23.15,2.32,72.45,3.3
2025-08-15,23.42,2.1,74.22,3.83
2025-08-16,23.82,2.27,76.46,3.25
2025-08-17,23.65,2.79,77.85,3.38
2025-08-18,23.99,0.33,75.22,3.57
2025-08-19,24.33,0.1,71.46,3.82
2025-08-20,23.23,0.05,75.62,2.06
2025-08-21,25.46,2.34,73.26,1.13
2025-08-22,25.54,1.65,76.38,0.82
2025-08-23,25.35,3.12,74.01,1.21
2025-08-24,25.28,5.75,73.09,1.44
2025-08-25,24.87,1.12,74.77,1.39
2025-08-26,24.96,0.15,73.42,2.37
2025-08-27,24.36,2.08,76.1,2.95
2025-08-28,23.65,3.04,78.62,3.26
2025-08-29,24.38,1.49,70.16,3.33
2025-08-30,24.6,3.83,74.77,2.51
2025-08-31,24.51,5.63,78.55,2.06
2025-09-01,24.62,0.11,72.71,3.04
2025-09-02,24.74,0.05,71.45,3.1
2025-09-03,24.52,1.14,72.94,2.89
2025-09-04,24.76,0.35,73.34,2.62
2025-09-05,25.22,2.76,75.75,1.79
2025-09-06,26.0,1.89,72.8,1.63
2025-09-07,24.54,4.08,79.43,1.58
2025-09-08,25.65,3.1,73.82,1.3
2025-09-09,25.38,14.68,80.03,0.77
2025-09-10,24.82,25.11,80.76,1.01
2025-09-11,25.07,8.8,77.43,0.96
2025-09-12,24.15,2.98,81.32,1.05
2025-09-13,24.14,0.04,75.89,1.3
2025-09-14,24.86,1.41,74.56,1.32
2025-09-15,24.63,5.16,77.46,1.53
2025-09-16,24.59,7.38,81.71,1.1
2025-09-17,23.72,14.7,85.98,1.26
2025-09-18,23.77,4.85,84.86,1.37
2025-09-19,23.18,1.19,79.4,1.51
2025-09-20,23.44,0.36,76.59,1.41
2025-09-21,24.34,2.76,78.56,1.52
2025-09-22,24.52,0.52,80.47,1.51
2025-09-23,24.3,1.11,81.19,2.13
2025-09-24,24.34,1.32,79.53,2.13
2025-09-25,23.64,14.04,79.27,2.21
2025-09-26,23.29,2.64,77.6,2.73
2025-09-27,23.17,2.49,75.07,3.16
2025-09-28,22.72,1.3,78.2,2.91
2025-09-29,23.92,0.62,78.42,2.57
2025-09-30,23.52,0.04,80.43,1.94
2025-10-01,24.39,0.0,76.53,1.93
2025-10-02,24.45,1.23,79.26,1.37
2025-10-03,24.66,4.86,78.29,0.78
2025-10-04,24.29,1.65,77.79,1.15
2025-10-05,24.39,5.96,77.94,1.15
2025-10-06,24.68,1.2,75.89,1.05
2025-10-07,24.5,0.46,76.92,0.46
2025-10-08,25.01,0.8,76.74,0.84
2025-10-09,24.05,10.24,85.03,0.71
2025-10-10,23.96,7.68,81.17,0.75
2025-10-11,25.5,4.33,76.55,0.84
2025-10-12,24.09,6.91,84.62,1.19
2025-10-13,24.62,2.75,81.25,1.12
2025-10-14,23.68,7.51,85.27,1.53
2025-10-15,23.14,8.71,88.64,1.23
2025-10-16,22.62,6.13,92.85,1.48
2025-10-17,23.38,14.11,93.02,1.56
2025-10-18,23.32,15.85,93.4,1.58
2025-10-19,22.55,9.29,94.2,1.39
2025-10-20,22.46,19.37,92.11,1.28
2025-10-21,22.21,17.38,91.02,0.96
2025-10-22,22.6,27.96,90.61,1.23
2025-10-23,23.24,1.58,85.95,1.34
2025-10-24,23.23,13.52,89.13,1.29
2025-10-25,23.69,2.72,80.67,1.31
2025-10-26,23.87,0.17,82.97,0.84
2025-10-27,22.53,4.21,88.08,1.72
2025-10-28,23.18,1.57,85.75,2.25
2025-10-29,23.57,0.83,85.4,1.82
2025-10-30,23.61,0.07,84.04,1.16
2025-10-31,23.93,0.0,80.54,0.96
2025-11-01,24.21,0.0,77.49,0.91
2025-11-02,24.2,0.0,74.7,0.91
2025-11-03,24.21,0.0,78.23,1.03
2025-11-04,23.49,0.0,85.39,1.13
2025-11-05,24.06,1.53,83.44,0.52
2025-11-06,23.97,4.52,79.8,0.93
2025-11-07,23.12,0.04,83.77,0.49
2025-11-08,22.88,7.35,86.03,0.98
2025-11-09,21.85,1.85,83.32,0.92
2025-11-10,21.85,0.4,86.22,0.88
2025-11-11,22.59,3.45,88.23,1.08
2025-11-12,22.76,3.15,87.44,1.15
2025-11-13,22.13,0.95,87.95,1.28
2025-11-14,22.1,1.79,87.82,1.52
2025-11-15,21.4,0.05,79.33,1.06
2025-11-16,22.21,0.17,85.99,1.29
2025-11-17,21.52,1.18,88.71,1.34
2025-11-18,21.4,11.11,92.21,1.25
2025-11-19,22.3,2.35,87.97,1.59
2025-11-20,22.81,0.06,81.31,1.19
2025-11-21,23.07,7.42,86.04,1.24
2025-11-22,22.12,8.5,92.81,1.4
2025-11-23,21.91,37.68,92.0,1.43
2025-11-24,21.5,12.47,93.14,1.65
2025-11-25,21.38,0.6,88.99,1.71
2025-11-26,20.74,0.0,88.88,1.63
2025-11-27,19.89,0.07,88.76,1.48
2025-11-28,18.66,6.45,90.91,1.31
2025-11-29,19.19,24.53,91.59,1.31
2025-11-30,21.37,3.43,87.09,1.26
2025-12-01,22.39,3.84,86.82,0.74
2025-12-02,22.43,13.52,92.37,0.87
2025-12-03,22.57,5.38,84.1,0.81
2025-12-04,22.07,5.88,83.85,0.81
2025-12-05,21.8,3.92,91.42,1.76
2025-12-06,21.49,1.42,90.36,1.52
2025-12-07,20.78,0.86,90.32,1.26
2025-12-08,20.15,0.04,87.74,1.18
2025-12-09,20.36,0.05,89.01,1.2
2025-12-10,20.21,0.08,87.27,1.33
2025-12-11,19.71,0.0,84.77,1.38
2025-12-12,20.07,0.0,87.57,1.26
2025-12-13,19.21,0.0,83.7,1.22
2025-12-14,17.96,0.0,77.54,1.14
2025-12-15,18.04,0.0,77.5,1.15
2025-12-16,20.33,2.67,90.72,1.43
2025-12-17,21.67,2.51,89.79,1.81
2025-12-18,18.54,0.01,86.17,1.52
2025-12-19,18.26,0.0,83.03,1.26
2025-12-20,18.41,0.0,80.81,0.98
2025-12-21,18.57,0.0,79.18,1.18
2025-12-22,18.68,0.0,82.37,1.17
2025-12-23,18.94,0.0,81.19,1.03
2025-12-24,19.43,0.0,81.64,0.92
2025-12-25,19.11,0.0,80.13,0.94
2025-12-26,20.11,0.0,84.26,1.22
2025-12-27,19.97,0.0,82.16,1.07
2025-12-28,20.45,0.0,81.55,1.01
2025-12-29,21.22,0.0,83.96,1.06
2025-12-30,22.44,0.0,77.34,0.71
2025-12-31,22.87,1.0,77.16,0.58
