Date,Temperature,Rainfall,Humidity,WindSpeed
2005-01-01,24.87,0.05,83.06,2.65
2005-01-02,25.38,0.01,79.87,3.09
2005-01-03,25.26,0.01,79.31,2.82
2005-01-04,25.21,0.0,76.91,3.34
2005-01-05,25.07,0.01,79.52,3.67
2005-01-06,24.49,0.0,75.84,3.45
2005-01-07,24.93,0.0,77.57,3.97
2005-01-08,25.43,0.0,76.69,3.57
2005-01-09,24.06,0.0,79.37,3.5
2005-01-10,24.59,0.0,74.17,2.76
2005-01-11,24.38,0.0,70.8,2.42
2005-01-12,24.13,0.0,71.35,2.53
2005-01-13,24.61,0.0,73.62,3.24
2005-01-14,24.35,0.0,72.31,3.49
2005-01-15,24.77,0.0,69.59,3.33
2005-01-16,24.95,0.0,73.22,2.97
2005-01-17,25.9,0.0,74.2,2.45
2005-01-18,26.68,0.84,76.31,2.24
2005-01-19,27.12,0.9,77.08,2.59
2005-01-20,27.27,0.57,75.17,4.08
2005-01-21,26.4,3.25,79.37,4.8
2005-01-22,26.42,3.74,80.17,3.99
2005-01-23,26.94,0.53,76.45,3.64
2005-01-24,26.24,0.33,81.3,2.8
2005-01-25,26.92,0.01,75.75,3.17
2005-01-26,26.75,0.0,73.85,3.12
2005-01-27,26.47,0.24,72.55,2.31
2005-01-28,26.33,0.09,73.75,1.96
2005-01-29,26.96,1.61,72.29,2.21
2005-01-30,26.81,2.78,74.13,2.39
2005-01-31,27.35,0.87,75.48,2.17
2005-02-01,27.8,0.23,74.62,2.17
2005-02-02,27.69,0.13,73.0,3.33
2005-02-03,27.66,0.02,69.56,3.24
2005-02-04,27.82,0.0,67.79,3.48
2005-02-05,27.87,0.0,66.1,3.09
2005-02-06,27.83,0.0,63.04,3.38
2005-02-07,26.94,0.0,64.26,3.38
2005-02-08,27.52,0.0,65.99,4.24
2005-02-09,27.35,0.01,64.42,4.99
2005-02-10,27.59,0.01,62.91,4.77
2005-02-11,27.59,0.0,61.21,4.35
2005-02-12,27.0,0.0,63.04,4.29
2005-02-13,27.17,0.0,61.79,3.9
2005-02-14,26.55,0.0,66.56,2.87
2005-02-15,27.3,0.0,63.32,1.72
2005-02-16,27.59,0.0,60.37,1.82
2005-02-17,27.87,0.0,62.32,1.94
2005-02-18,27.99,0.0,59.18,2.07
2005-02-19,27.82,0.0,64.19,2.37
2005-02-20,27.53,0.0,66.81,2.27
2005-02-21,28.61,0.49,66.24,2.26
2005-02-22,28.48,1.83,72.22,2.25
2005-02-23,29.59,0.29,67.52,3.06
2005-02-24,29.79,0.0,65.6,3.37
2005-02-25,29.28,0.0,63.79,3.13
2005-02-26,28.57,0.0,59.41,2.7
2005-02-27,28.36,0.0,59.5,3.0
2005-02-28,27.9,0.0,59.93,2.86
2005-03-01,27.44,0.0,66.55,2.68
2005-03-02,28.61,0.0,64.4,2.98
2005-03-03,28.68,0.0,63.78,2.76
2005-03-04,29.36,0.47,65.53,2.53
2005-03-05,28.98,4.99,72.22,2.33
2005-03-06,28.53,3.16,74.57,2.27
2005-03-07,28.4,0.61,74.12,2.48
2005-03-08,28.66,0.01,69.03,2.44
2005-03-09,28.46,0.18,71.0,2.61
2005-03-10,28.7,0.57,69.05,2.02
2005-03-11,28.52,4.73,71.76,1.88
2005-03-12,28.95,1.48,68.99,1.85
2005-03-13,29.96,1.64,66.43,2.17
2005-03-14,29.45,1.23,66.91,2.36
2005-03-15,29.4,0.0,62.76,2.91
2005-03-16,29.25,0.0,59.91,2.83
2005-03-17,28.57,0.0,60.02,3.26
2005-03-18,28.89,0.35,65.81,2.87
2005-03-19,29.43,4.4,67.53,2.81
2005-03-20,30.05,0.14,64.23,2.48
2005-03-21,30.34,0.07,61.2,2.27
2005-03-22,30.94,0.0,56.21,2.19
2005-03-23,32.1,0.0,56.02,2.27
2005-03-24,32.21,0.44,55.2,2.79
2005-03-25,32.21,0.23,53.8,2.52
2005-03-26,31.97,0.0,50.91,2.63
2005-03-27,31.95,0.23,53.12,2.59
2005-03-28,31.74,0.09,55.38,2.04
2005-03-29,32.31,0.01,55.22,3.0
2005-03-30,31.63,2.55,59.58,2.9
2005-03-31,30.65,0.54,61.92,2.18
2005-04-01,31.29,0.06,59.18,2.92
2005-04-02,29.66,14.62,73.18,2.01
2005-04-03,27.52,16.71,86.51,2.3
2005-04-04,25.8,71.52,89.25,3.08
2005-04-05,26.36,28.02,89.8,3.3
2005-04-06,26.96,22.91,87.4,1.51
2005-04-07,26.93,11.73,88.04,1.98
2005-04-08,27.21,1.17,86.31,2.18
2005-04-09,27.46,0.3,85.56,2.14
2005-04-10,27.8,2.05,85.17,2.36
2005-04-11,27.91,8.33,86.81,2.59
2005-04-12,27.92,1.25,85.56,2.25
2005-04-13,27.85,2.27,83.68,1.62
2005-04-14,27.9,0.21,81.06,1.25
2005-04-15,28.35,1.3,79.73,1.28
2005-04-16,28.34,9.93,78.25,1.25
2005-04-17,28.3,6.19,80.17,1.58
2005-04-18,28.29,5.09,81.62,1.68
2005-04-19,27.64,11.49,85.06,1.34
2005-04-20,27.57,19.84,85.57,1.68
2005-04-21,27.2,4.91,83.08,1.19
2005-04-22,27.51,2.65,80.87,1.16
2005-04-23,27.87,1.12,80.84,1.2
2005-04-24,27.94,0.77,83.21,1.1
2005-04-25,27.98,5.71,81.53,0.81
2005-04-26,29.03,0.91,76.75,0.88
2005-04-27,28.53,0.09,83.32,1.6
2005-04-28,28.79,0.07,82.32,1.85
2005-04-29,29.51,0.08,80.78,1.65
2005-04-30,29.55,8.07,81.02,2.12
2005-05-01,29.44,2.0,79.02,2.02
2005-05-02,28.45,27.01,84.49,1.41
2005-05-03,28.68,6.3,83.31,2.04
2005-05-04,27.95,0.81,84.18,2.19
2005-05-05,28.53,0.05,78.32,2.22
2005-05-06,28.04,0.13,80.76,2.48
2005-05-07,28.33,0.2,80.69,2.8
2005-05-08,29.51,0.01,75.87,2.22
2005-05-09,29.3,0.0,75.59,3.83
2005-05-10,28.97,0.0,72.84,3.44
2005-05-11,29.17,0.04,74.78,3.29
2005-05-12,29.01,0.06,79.55,3.28
2005-05-13,28.9,0.01,79.58,2.93
2005-05-14,28.48,0.63,83.88,2.95
2005-05-15,28.84,0.2,81.96,3.49
2005-05-16,28.57,0.03,81.92,3.36
2005-05-17,29.51,0.03,73.42,3.87
2005-05-18,30.16,0.01,71.05,3.1
2005-05-19,30.52,0.02,72.96,3.03
2005-05-20,30.42,0.05,74.08,3.39
2005-05-21,29.95,0.07,75.1,3.24
2005-05-22,30.24,1.13,74.17,3.51
2005-05-23,30.11,0.26,73.51,3.89
2005-05-24,30.0,0.02,74.74,3.57
2005-05-25,29.47,0.34,77.64,2.86
2005-05-26,29.56,19.66,76.94,2.82
2005-05-27,28.83,6.92,79.54,2.88
2005-05-28,28.58,0.59,77.05,2.52
2005-05-29,28.59,56.69,80.33,2.8
2005-05-30,27.56,14.56,84.97,3.06
2005-05-31,27.91,3.47,82.59,4.27
2005-06-01,28.34,2.02,82.63,4.18
2005-06-02,28.45,0.28,82.37,4.43
2005-06-03,28.3,0.06,83.94,3.53
2005-06-04,27.87,8.02,85.83,3.32
2005-06-05,27.21,14.52,87.9,3.09
2005-06-06,27.22,3.37,87.03,3.04
2005-06-07,27.46,5.59,86.54,3.22
2005-06-08,28.42,5.98,86.07,4.16
2005-06-09,27.68,30.42,88.74,4.76
2005-06-10,27.78,10.0,85.25,4.5
2005-06-11,27.9,3.43,85.65,3.96
2005-06-12,27.97,4.9,84.81,3.97
2005-06-13,27.24,2.96,84.97,4.57
2005-06-14,27.77,0.31,81.34,3.85
2005-06-15,27.61,4.63,81.11,4.63
2005-06-16,27.1,16.2,87.48,4.45
2005-06-17,26.91,5.64,85.99,4.99
2005-06-18,26.7,1.82,83.8,4.81
2005-06-19,26.63,20.1,86.55,4.57
2005-06-20,26.58,5.64,86.99,4.68
2005-06-21,26.45,1.96,85.65,4.51
2005-06-22,26.84,0.81,83.94,3.76
2005-06-23,26.99,0.02,85.16,3.69
2005-06-24,27.61,3.61,82.99,4.43
2005-06-25,27.45,11.11,85.65,4.42
2005-06-26,26.94,3.12,85.78,4.35
2005-06-27,27.11,0.62,84.42,4.14
2005-06-28,27.2,0.18,82.92,4.02
2005-06-29,26.44,0.27,84.18,3.65
2005-06-30,26.92,12.84,84.08,3.83
2005-07-01,27.12,7.23,84.92,4.05
2005-07-02,26.72,1.33,86.63,3.54
2005-07-03,26.76,4.74,85.64,3.72
2005-07-04,26.81,4.57,86.69,3.94
2005-07-05,26.9,2.65,85.62,4.29
2005-07-06,26.55,0.64,83.95,4.55
2005-07-07,27.0,0.09,80.85,4.75
2005-07-08,26.66,4.17,84.87,5.15
2005-07-09,26.72,6.91,85.52,4.79
2005-07-10,25.9,17.18,85.83,4.97
2005-07-11,26.43,3.46,83.46,4.95
2005-07-12,26.6,0.07,84.19,3.7
2005-07-13,26.51,1.48,84.73,3.16
2005-07-14,26.74,3.79,83.68,3.27
2005-07-15,26.28,1.83,86.06,3.25
2005-07-16,26.73,6.14,84.61,3.28
2005-07-17,26.76,1.36,82.48,4.61
2005-07-18,26.95,0.37,83.08,3.88
2005-07-19,26.95,0.4,84.32,3.97
2005-07-20,26.87,0.66,84.04,4.07
2005-07-21,26.93,0.01,82.21,4.03
2005-07-22,27.0,3.64,83.44,4.17
2005-07-23,26.79,3.92,83.69,4.95
2005-07-24,26.96,0.28,82.52,5.39
2005-07-25,27.04,1.42,82.6,5.62
2005-07-26,26.75,6.44,84.01,6.0
2005-07-27,26.87,16.9,84.91,4.92
2005-07-28,26.82,18.3,85.59,4.35
2005-07-29,26.13,24.27,88.4,4.24
2005-07-30,25.89,11.28,83.63,5.26
2005-07-31,26.52,11.79,84.13,5.83
2005-08-01,26.52,6.42,84.41,5.74
2005-08-02,26.31,1.45,83.32,5.07
2005-08-03,26.33,0.57,81.86,4.09
2005-08-04,26.75,0.35,82.65,4.27
2005-08-05,27.03,0.08,81.2,3.94
2005-08-06,27.1,0.0,80.72,3.58
2005-08-07,27.38,0.0,79.51,3.84
2005-08-08,27.33,0.0,79.68,3.86
2005-08-09,27.26,0.14,81.05,3.62
2005-08-10,27.24,0.09,81.28,4.44
2005-08-11,27.44,0.19,80.17,4.19
2005-08-12,27.24,0.04,77.91,4.49
2005-08-13,27.48,0.85,79.24,3.8
2005-08-14,27.07,0.2,79.99,4.5
2005-08-15,27.52,1.54,78.34,4.81
2005-08-16,27.16,0.18,79.25,4.31
2005-08-17,27.36,0.0,78.55,3.68
2005-08-18,27.4,0.0,76.06,3.67
2005-08-19,27.08,0.03,79.24,4.24
2005-08-20,27.14,0.0,78.07,3.8
2005-08-21,28.04,0.16,73.93,2.87
2005-08-22,27.89,0.09,75.57,2.34
2005-08-23,27.95,0.24,76.4,3.16
2005-08-24,27.66,0.07,75.7,3.62
2005-08-25,27.8,4.06,76.37,3.68
2005-08-26,28.28,2.48,74.8,2.51
2005-08-27,27.34,1.8,79.7,3.22
2005-08-28,28.01,0.09,76.45,3.03
2005-08-29,28.68,0.3,73.91,3.43
2005-08-30,28.86,5.07,73.71,3.0
2005-08-31,28.23,10.17,78.03,4.14
2005-09-01,28.34,3.1,77.22,3.9
2005-09-02,27.29,25.68,84.05,3.91
2005-09-03,27.16,5.81,85.78,3.55
2005-09-04,26.87,37.53,86.27,4.91
2005-09-05,26.27,18.67,83.92,5.74
2005-09-06,26.03,4.26,85.16,4.45
2005-09-07,25.85,6.44,85.39,4.75
2005-09-08,26.67,0.71,81.61,5.75
2005-09-09,27.03,0.13,81.49,4.83
2005-09-10,26.69,13.96,85.17,4.47
2005-09-11,25.94,17.68,87.09,4.22
2005-09-12,26.37,1.2,84.83,4.1
2005-09-13,26.38,1.97,84.82,4.08
2005-09-14,26.79,0.29,84.93,3.58
2005-09-15,26.51,6.54,85.47,2.86
2005-09-16,27.11,0.26,83.38,3.01
2005-09-17,27.66,0.0,80.08,3.27
2005-09-18,27.53,0.0,79.58,3.93
2005-09-19,26.73,3.13,81.2,4.56
2005-09-20,26.94,3.33,81.32,4.79
2005-09-21,26.88,0.29,81.57,3.94
2005-09-22,27.6,0.03,79.55,3.55
2005-09-23,27.53,0.01,79.54,3.53
2005-09-24,27.68,0.08,78.32,3.18
2005-09-25,27.75,0.23,77.89,3.23
2005-09-26,27.49,0.0,78.03,3.24
2005-09-27,28.1,0.0,74.98,3.38
2005-09-28,27.45,1.66,77.95,3.14
2005-09-29,27.99,0.07,75.11,3.76
2005-09-30,27.97,0.01,72.86,3.78
2005-10-01,27.94,0.01,69.36,2.51
2005-10-02,27.58,0.74,77.99,2.14
2005-10-03,28.15,0.32,76.08,2.09
2005-10-04,28.68,5.27,74.99,1.44
2005-10-05,28.53,1.33,75.45,1.73
2005-10-06,28.76,0.11,75.43,1.34
2005-10-07,28.09,0.45,79.74,1.17
2005-10-08,27.46,16.63,81.13,2.41
2005-10-09,26.95,1.68,80.45,2.2
2005-10-10,28.0,5.19,78.69,1.36
2005-10-11,26.39,32.23,87.25,1.57
2005-10-12,26.34,31.92,89.37,2.97
2005-10-13,26.3,6.02,85.12,3.81
2005-10-14,27.07,2.97,84.18,3.36
2005-10-15,27.24,0.84,84.97,2.22
2005-10-16,27.56,0.01,80.09,2.1
2005-10-17,27.4,0.09,81.71,2.35
2005-10-18,26.69,7.72,84.72,2.02
2005-10-19,26.72,1.74,81.96,3.14
2005-10-20,27.19,0.35,80.69,2.67
2005-10-21,26.97,34.83,86.3,2.08
2005-10-22,26.59,50.37,90.48,2.31
2005-10-23,26.42,9.77,88.06,3.34
2005-10-24,25.99,28.59,89.88,2.23
2005-10-25,25.96,22.49,90.08,1.92
2005-10-26,26.31,6.32,85.49,2.21
2005-10-27,26.28,0.34,84.76,3.38
2005-10-28,26.31,0.16,85.47,3.65
2005-10-29,27.1,2.05,83.92,3.33
2005-10-30,27.18,2.58,85.02,3.64
2005-10-31,27.1,1.01,84.48,2.78
2005-11-01,26.7,4.93,86.82,2.55
2005-11-02,25.92,5.1,88.7,2.06
2005-11-03,25.45,4.43,88.49,2.48
2005-11-04,25.07,9.02,91.03,2.48
2005-11-05,24.94,9.8,92.1,2.99
2005-11-06,25.12,36.9,91.45,3.17
2005-11-07,25.38,19.8,89.98,3.38
2005-11-08,25.32,25.57,92.63,3.17
2005-11-09,26.48,8.34,86.8,2.07
2005-11-10,25.5,3.58,90.4,1.58
2005-11-11,25.63,11.82,89.15,1.44
2005-11-12,25.32,17.11,93.58,1.7
2005-11-13,23.36,70.97,91.84,1.98
2005-11-14,23.78,7.54,84.67,1.37
2005-11-15,25.01,0.07,84.36,2.0
2005-11-16,23.45,0.0,87.28,2.86
2005-11-17,22.71,0.26,81.65,2.87
2005-11-18,23.25,0.03,80.82,2.62
2005-11-19,23.35,3.42,86.95,2.73
2005-11-20,23.39,2.83,89.83,2.65
2005-11-21,24.11,8.67,91.05,2.82
2005-11-22,25.25,20.62,94.62,3.76
2005-11-23,25.79,50.63,90.21,1.12
2005-11-24,25.0,44.33,92.13,1.85
2005-11-25,24.85,22.9,90.8,2.58
2005-11-26,25.1,5.28,90.27,2.54
2005-11-27,25.42,4.49,89.93,2.61
2005-11-28,24.74,1.71,89.66,3.54
2005-11-29,23.02,2.37,86.59,2.73
2005-11-30,24.57,14.76,82.82,1.29
2005-12-01,26.39,0.88,80.67,0.73
2005-12-02,26.26,15.43,84.38,1.32
2005-12-03,26.29,12.1,89.07,1.84
2005-12-04,25.93,5.49,89.37,1.19
2005-12-05,25.4,4.05,90.98,2.9
2005-12-06,24.83,0.7,90.32,3.12
2005-12-07,24.27,0.01,87.42,2.91
2005-12-08,23.23,0.0,82.2,2.73
2005-12-09,24.87,1.83,78.13,1.84
2005-12-10,24.74,41.59,88.98,2.2
2005-12-11,24.98,16.52,90.65,2.19
2005-12-12,24.79,3.14,93.63,2.54
2005-12-13,25.52,6.81,92.21,2.98
2005-12-14,25.2,1.98,90.64,3.45
2005-12-15,24.35,0.28,89.08,3.77
2005-12-16,23.5,0.01,87.17,3.52
2005-12-17,24.12,0.25,87.79,2.78
2005-12-18,25.36,1.12,87.78,2.16
2005-12-19,26.41,0.18,82.28,1.18
2005-12-20,26.5,0.03,82.71,1.1
2005-12-21,26.46,0.09,84.88,1.24
2005-12-22,26.1,1.26,86.08,1.41
2005-12-23,26.14,1.09,86.24,1.35
2005-12-24,25.65,0.03,85.32,1.88
2005-12-25,24.75,0.0,85.83,2.5
2005-12-26,24.23,0.0,83.91,3.16
2005-12-27,23.32,0.0,80.84,2.98
2005-12-28,23.42,0.0,81.25,2.61
2005-12-29,23.82,0.0,86.37,2.8
2005-12-30,23.14,0.01,82.15,3.03
2005-12-31,23.4,0.02,84.08,3.21
2006-01-01,23.58,0.08,83.71,3.9
2006-01-02,23.47,0.08,84.76,3.41
2006-01-03,23.65,0.03,87.28,3.16
2006-01-04,24.5,0.41,86.82,3.01
2006-01-05,24.72,1.95,89.33,3.6
2006-01-06,24.62,0.1,86.0,3.66
2006-01-07,24.94,1.47,88.98,3.44
2006-01-08,24.71,6.45,92.99,3.55
2006-01-09,25.14,0.75,89.77,3.24
2006-01-10,25.4,0.04,86.64,3.69
2006-01-11,24.13,0.23,86.53,3.55
2006-01-12,24.57,0.81,88.3,3.72
2006-01-13,24.13,1.32,89.31,3.99
2006-01-14,24.44,3.94,93.53,2.74
2006-01-15,25.13,0.76,90.98,2.56
2006-01-16,24.71,12.49,91.02,2.63
2006-01-17,25.2,0.54,87.45,2.63
2006-01-18,24.2,0.0,83.15,2.64
2006-01-19,22.89,0.0,83.72,2.65
2006-01-20,22.42,0.0,81.59,2.36
2006-01-21,22.63,0.0,80.61,2.12
2006-01-22,23.16,0.0,79.33,2.15
2006-01-23,23.72,0.0,72.53,1.58
2006-01-24,24.21,0.0,67.05,1.39
2006-01-25,24.57,0.0,74.27,2.16
2006-01-26,24.01,0.0,77.55,3.23
2006-01-27,24.54,0.1,81.21,3.92
2006-01-28,24.66,0.01,79.09,4.08
2006-01-29,23.75,0.0,73.85,3.83
2006-01-30,23.7,0.0,71.8,3.38
2006-01-31,24.47,0.0,75.43,3.94
2006-02-01,24.78,0.0,73.37,3.97
2006-02-02,25.08,0.01,75.14,3.68
2006-02-03,25.62,0.3,79.69,3.73
2006-02-04,25.96,1.39,80.71,4.31
2006-02-05,26.42,0.1,77.3,3.91
2006-02-06,25.66,0.0,76.39,3.81
2006-02-07,24.04,0.0,72.77,3.58
2006-02-08,24.43,0.0,71.19,3.88
2006-02-09,25.6,0.01,74.5,3.64
2006-02-10,26.29,0.07,73.65,3.77
2006-02-11,25.97,0.0,73.99,3.72
2006-02-12,26.09,0.0,72.64,3.75
2006-02-13,24.95,0.0,71.51,3.43
2006-02-14,24.67,0.0,72.53,2.53
2006-02-15,26.1,0.0,72.18,2.37
2006-02-16,26.12,0.0,72.17,2.16
2006-02-17,26.4,0.0,70.37,2.01
2006-02-18,26.7,0.0,70.34,2.35
2006-02-19,26.72,0.0,71.47,2.55
2006-02-20,26.56,0.0,67.93,2.83
2006-02-21,26.25,0.0,66.46,2.69
2006-02-22,26.32,0.0,64.68,2.69
2006-02-23,27.1,0.0,63.89,2.82
2006-02-24,26.28,0.0,68.08,2.75
2006-02-25,28.28,0.0,65.28,2.69
2006-02-26,28.46,0.0,68.31,2.65
2006-02-27,28.09,0.0,73.64,2.16
2006-02-28,29.62,0.0,67.37,2.09
2006-03-01,29.67,0.0,67.99,2.04
2006-03-02,29.75,2.5,69.25,2.63
2006-03-03,27.48,28.27,82.93,1.48
2006-03-04,26.84,10.06,82.04,1.74
2006-03-05,28.14,1.41,77.63,2.6
2006-03-06,27.56,9.41,81.36,1.89
2006-03-07,27.86,1.02,78.97,1.76
2006-03-08,27.53,1.25,78.88,2.31
2006-03-09,26.98,1.64,83.31,2.1
2006-03-10,27.3,2.4,80.23,2.07
2006-03-11,27.99,5.51,78.8,1.43
2006-03-12,27.58,1.64,81.32,1.96
2006-03-13,28.27,0.02,74.71,1.37
2006-03-14,28.0,0.03,74.01,1.4
2006-03-15,28.62,0.04,68.85,1.77
2006-03-16,28.06,0.01,71.64,1.11
2006-03-17,28.98,0.01,66.85,1.85
2006-03-18,29.07,0.0,65.81,2.37
2006-03-19,28.79,0.0,68.82,3.2
2006-03-20,28.86,0.0,65.46,3.02
2006-03-21,28.25,0.0,64.22,2.67
2006-03-22,28.31,0.01,60.44,1.87
2006-03-23,29.15,0.0,68.99,2.16
2006-03-24,29.82,0.02,65.72,2.22
2006-03-25,30.12,0.0,64.88,2.2
2006-03-26,30.21,2.93,63.52,2.53
2006-03-27,30.53,0.15,61.74,2.59
2006-03-28,30.17,0.0,61.69,2.36
2006-03-29,30.57,0.04,62.85,2.1
2006-03-30,29.78,1.81,68.74,2.08
2006-03-31,30.31,0.66,65.59,2.24
2006-04-01,30.38,0.02,60.81,2.18
2006-04-02,30.07,0.0,56.72,2.11
2006-04-03,30.49,0.0,56.56,2.29
2006-04-04,30.74,0.0,60.72,2.26
2006-04-05,31.03,0.0,61.2,2.59
2006-04-06,31.65,0.0,57.75,2.95
2006-04-07,32.1,0.0,55.68,3.08
2006-04-08,31.63,0.01,56.71,2.97
2006-04-09,31.44,0.03,57.59,2.93
2006-04-10,31.22,0.77,56.04,2.6
2006-04-11,31.59,0.63,58.26,2.85
2006-04-12,32.1,0.08,57.97,2.8
2006-04-13,31.86,0.89,58.45,2.86
2006-04-14,29.49,2.32,70.85,2.46
2006-04-15,29.93,0.98,68.65,1.56
2006-04-16,29.99,1.4,64.3,2.34
2006-04-17,28.7,33.08,74.64,2.79
2006-04-18,28.14,9.38,78.41,2.4
2006-04-19,29.55,0.15,69.25,2.45
2006-04-20,29.33,0.54,69.67,2.09
2006-04-21,29.52,5.27,69.15,1.51
2006-04-22,30.3,1.82,65.38,1.72
2006-04-23,30.62,0.02,63.22,2.37
2006-04-24,30.52,0.0,64.39,2.1
2006-04-25,30.93,0.07,63.99,2.44
2006-04-26,31.21,0.01,62.96,2.82
2006-04-27,31.45,0.0,62.61,3.51
2006-04-28,30.99,0.0,65.57,3.9
2006-04-29,30.46,0.0,66.21,3.17
2006-04-30,31.61,0.0,62.01,3.46
2006-05-01,31.96,0.0,60.34,3.91
2006-05-02,32.14,0.01,60.39,3.68
2006-05-03,31.84,0.13,61.85,2.57
2006-05-04,30.16,0.16,69.75,1.98
2006-05-05,29.93,0.05,71.78,2.25
2006-05-06,30.7,0.05,66.7,3.1
2006-05-07,30.71,0.04,65.3,3.19
2006-05-08,30.73,0.29,65.68,2.74
2006-05-09,29.83,0.1,70.04,2.59
2006-05-10,29.68,2.36,71.76,2.41
2006-05-11,29.84,1.67,72.55,3.24
2006-05-12,31.32,0.32,63.77,3.29
2006-05-13,30.97,0.03,64.96,3.56
2006-05-14,31.44,0.03,62.94,3.52
2006-05-15,31.18,0.13,61.77,3.96
2006-05-16,30.26,6.16,69.62,3.69
2006-05-17,29.86,0.27,69.55,4.07
2006-05-18,28.7,10.52,74.13,4.31
2006-05-19,28.23,5.32,74.84,3.97
2006-05-20,29.31,0.2,68.76,4.67
2006-05-21,29.03,0.54,71.41,4.59
2006-05-22,29.83,2.4,68.92,4.85
2006-05-23,28.23,27.16,78.36,5.18
2006-05-24,28.33,10.34,75.74,5.1
2006-05-25,27.95,5.35,77.24,5.36
2006-05-26,27.32,22.04,80.58,4.44
2006-05-27,27.33,9.15,81.23,4.75
2006-05-28,26.9,11.09,85.28,4.68
2006-05-29,27.09,23.64,84.03,5.32
2006-05-30,27.58,24.64,84.64,5.47
2006-05-31,26.94,14.62,81.82,5.06
2006-06-01,27.5,0.15,80.22,3.7
2006-06-02,27.34,0.4,83.08,3.07
2006-06-03,27.8,0.12,80.4,3.31
2006-06-04,27.87,0.52,75.59,3.17
2006-06-05,27.14,4.48,81.02,3.41
2006-06-06,27.24,0.66,80.93,3.05
2006-06-07,26.93,0.02,79.8,3.7
2006-06-08,27.74,0.01,77.84,3.61
2006-06-09,27.71,0.08,78.67,3.98
2006-06-10,27.54,0.01,78.83,3.87
2006-06-11,27.97,0.0,75.95,3.85
2006-06-12,28.51,0.0,74.05,3.85
2006-06-13,28.67,0.02,73.82,4.01
2006-06-14,28.96,0.05,71.97,3.99
2006-06-15,29.3,0.34,73.0,3.49
2006-06-16,29.06,1.3,75.48,2.16
2006-06-17,28.83,0.06,71.33,3.79
2006-06-18,29.4,0.07,70.15,2.48
2006-06-19,28.81,0.16,74.29,3.56
2006-06-20,27.65,19.06,81.38,2.58
2006-06-21,27.41,35.8,85.93,3.04
2006-06-22,26.88,29.34,88.06,4.03
2006-06-23,27.08,22.92,83.67,5.45
2006-06-24,27.12,7.8,82.46,5.11
2006-06-25,27.02,0.92,81.16,4.57
2006-06-26,26.91,0.47,82.66,3.71
2006-06-27,27.6,0.13,81.85,3.69
2006-06-28,27.04,3.16,82.49,3.91
2006-06-29,26.38,2.74,83.02,4.5
2006-06-30,27.37,1.89,80.81,4.41
2006-07-01,27.01,2.46,81.09,5.17
2006-07-02,26.81,4.25,83.98,5.21
2006-07-03,26.69,9.78,81.38,5.69
2006-07-04,26.53,38.01,85.92,5.29
2006-07-05,26.95,8.24,84.75,4.33
2006-07-06,26.81,4.19,85.67,3.34
2006-07-07,27.18,1.02,81.88,3.58
2006-07-08,27.58,0.07,81.23,4.03
2006-07-09,27.37,0.32,81.34,4.01
2006-07-10,27.1,12.27,83.14,4.19
2006-07-11,26.66,2.99,84.32,4.52
2006-07-12,25.69,12.09,85.77,4.93
2006-07-13,26.19,0.84,82.33,5.19
2006-07-14,26.19,0.38,84.29,4.33
2006-07-15,26.77,0.53,83.25,4.68
2006-07-16,27.15,0.15,80.7,4.7
2006-07-17,26.96,1.18,81.34,4.83
2006-07-18,26.82,0.25,81.09,4.7
2006-07-19,26.94,0.14,81.25,4.09
2006-07-20,27.25,1.92,79.71,3.86
2006-07-21,27.62,0.1,77.79,3.74
2006-07-22,27.06,0.0,79.09,3.51
2006-07-23,27.42,0.0,76.53,3.26
2006-07-24,27.49,0.0,77.3,2.27
2006-07-25,27.28,0.45,78.82,2.15
2006-07-26,27.19,2.74,81.13,2.98
2006-07-27,26.28,3.06,83.12,4.12
2006-07-28,26.49,0.27,77.29,4.23
2006-07-29,26.44,0.53,82.84,4.66
2006-07-30,27.26,0.08,79.91,3.72
2006-07-31,27.6,1.09,77.87,3.94
2006-08-01,27.3,0.07,79.59,3.73
2006-08-02,27.62,0.06,77.1,4.23
2006-08-03,27.17,0.95,76.6,4.68
2006-08-04,26.79,3.41,79.32,3.99
2006-08-05,27.33,0.3,75.74,3.99
2006-08-06,27.93,0.0,74.97,3.71
2006-08-07,28.17,0.05,73.51,4.23
2006-08-08,28.1,0.06,74.04,4.05
2006-08-09,27.73,3.09,75.49,4.52
2006-08-10,26.88,14.62,81.66,4.44
2006-08-11,27.11,5.32,81.4,4.75
2006-08-12,26.9,3.64,80.44,5.03
2006-08-13,27.02,4.41,79.57,4.99
2006-08-14,26.52,18.5,85.18,4.12
2006-08-15,26.97,11.51,82.96,4.84
2006-08-16,26.2,1.83,79.26,5.83
2006-08-17,26.45,1.42,79.93,5.22
2006-08-18,26.98,4.7,77.78,4.64
2006-08-19,27.31,0.29,79.18,4.05
2006-08-20,27.32,13.11,79.7,2.23
2006-08-21,26.51,11.41,86.49,1.88
2006-08-22,26.84,2.76,84.74,2.16
2006-08-23,27.54,1.26,79.04,3.21
2006-08-24,27.41,7.73,79.26,2.31
2006-08-25,27.46,3.44,79.11,3.26
2006-08-26,27.24,0.02,76.96,3.31
2006-08-27,26.74,0.0,77.79,3.67
2006-08-28,27.31,0.13,76.1,4.16
2006-08-29,27.2,1.55,77.54,4.47
2006-08-30,28.13,0.12,74.88,3.71
2006-08-31,28.36,0.05,74.59,2.85
2006-09-01,28.16,6.82,77.16,2.65
2006-09-02,27.76,3.22,78.83,2.15
2006-09-03,27.78,0.1,81.24,2.57
2006-09-04,28.17,0.17,77.23,1.96
2006-09-05,27.68,0.01,77.92,2.7
2006-09-06,27.81,0.25,78.23,1.82
2006-09-07,26.89,7.2,84.12,2.18
2006-09-08,27.03,16.95,82.63,3.27
2006-09-09,26.04,25.97,87.41,3.77
2006-09-10,26.57,2.25,84.4,3.84
2006-09-11,26.43,16.21,84.97,4.33
2006-09-12,26.42,8.8,83.7,4.46
2006-09-13,26.81,2.89,81.09,4.79
2006-09-14,26.4,0.43,81.0,4.35
2006-09-15,25.73,31.95,86.61,4.27
2006-09-16,26.28,23.45,87.62,3.98
2006-09-17,26.07,5.89,88.37,3.57
2006-09-18,25.97,42.31,89.11,3.74
2006-09-19,26.52,2.35,86.79,3.71
2006-09-20,26.69,1.82,86.62,3.65
2006-09-21,26.52,10.15,87.63,3.2
2006-09-22,26.57,0.59,84.95,3.31
2006-09-23,26.39,0.25,88.08,3.03
2006-09-24,26.08,44.77,91.2,3.2
2006-09-25,25.69,41.04,88.5,2.88
2006-09-26,26.09,1.12,84.99,3.81
2006-09-27,26.31,0.33,83.8,3.62
2006-09-28,26.51,0.16,82.8,3.65
2006-09-29,25.77,0.55,82.08,3.33
2006-09-30,26.35,0.14,82.27,4.14
2006-10-01,26.1,0.02,82.15,4.02
2006-10-02,26.34,0.01,81.87,3.49
2006-10-03,26.97,0.06,83.08,3.37
2006-10-04,27.07,4.28,83.33,4.03
2006-10-05,27.06,0.21,82.21,4.13
2006-10-06,26.35,23.51,86.34,4.21
2006-10-07,26.05,58.72,90.65,3.91
2006-10-08,26.43,3.09,85.86,3.93
2006-10-09,25.55,0.19,88.64,2.65
2006-10-10,26.59,0.75,86.53,3.02
2006-10-11,27.04,0.15,83.74,2.54
2006-10-12,27.31,0.16,82.99,2.16
2006-10-13,27.23,0.24,83.8,1.73
2006-10-14,26.91,1.39,83.28,0.88
2006-10-15,26.72,19.66,85.28,1.09
2006-10-16,27.16,9.84,84.05,1.28
2006-10-17,26.23,5.7,88.87,1.65
2006-10-18,26.93,69.34,86.43,1.53
2006-10-19,26.33,34.63,88.93,1.46
2006-10-20,26.36,17.99,87.18,1.86
2006-10-21,26.64,7.24,83.41,1.73
2006-10-22,26.4,8.03,86.57,2.76
2006-10-23,26.03,27.2,89.19,2.82
2006-10-24,25.81,10.98,89.89,3.23
2006-10-25,25.84,6.19,90.88,2.97
2006-10-26,25.42,33.92,93.39,2.12
2006-10-27,25.25,51.51,91.21,1.69
2006-10-28,25.82,57.64,88.24,1.97
2006-10-29,25.98,15.05,89.99,2.75
2006-10-30,26.05,17.65,89.75,2.12
2006-10-31,25.8,0.61,88.27,1.46
2006-11-01,26.04,0.95,86.98,1.4
2006-11-02,25.58,11.74,92.71,1.89
2006-11-03,25.67,22.05,93.65,2.66
2006-11-04,24.86,5.09,91.88,2.11
2006-11-05,25.63,0.85,90.03,2.16
2006-11-06,25.96,22.57,89.47,1.75
2006-11-07,25.17,9.09,92.13,1.95
2006-11-08,25.47,1.14,89.49,1.98
2006-11-09,25.75,6.33,89.17,1.15
2006-11-10,25.43,22.43,91.78,2.15
2006-11-11,25.5,22.99,92.44,2.03
2006-11-12,25.25,5.11,92.8,2.21
2006-11-13,24.88,3.52,92.42,2.36
2006-11-14,25.22,1.79,92.47,2.61
2006-11-15,25.43,2.67,91.67,2.67
2006-11-16,25.18,4.02,92.6,2.89
2006-11-17,25.2,12.31,94.29,1.88
2006-11-18,25.26,17.25,94.04,1.89
2006-11-19,25.78,6.27,91.97,1.96
2006-11-20,25.59,7.18,92.82,2.32
2006-11-21,26.0,37.71,92.39,2.75
2006-11-22,24.9,21.1,94.23,2.39
2006-11-23,25.32,2.34,87.55,2.67
2006-11-24,25.15,14.38,88.05,2.55
2006-11-25,25.29,2.03,89.8,2.49
2006-11-26,26.14,13.14,90.05,2.45
2006-11-27,25.84,9.18,93.4,2.47
2006-11-28,25.8,0.57,89.24,2.75
2006-11-29,25.38,0.03,88.24,3.23
2006-11-30,25.08,0.02,88.49,3.4
2006-12-01,24.51,0.01,87.35,3.55
2006-12-02,24.38,0.03,86.92,3.38
2006-12-03,24.57,0.18,87.58,3.64
2006-12-04,24.59,1.01,87.57,3.78
2006-12-05,24.72,0.12,87.26,4.12
2006-12-06,23.97,0.0,85.4,3.43
2006-12-07,23.84,0.02,84.45,3.56
2006-12-08,23.81,0.02,85.31,3.48
2006-12-09,23.98,0.05,84.16,3.05
2006-12-10,24.68,1.12,88.11,3.23
2006-12-11,26.0,6.18,90.22,2.57
2006-12-12,26.02,2.97,89.85,2.92
2006-12-13,25.61,0.17,86.65,3.77
2006-12-14,24.8,0.0,85.16,4.15
2006-12-15,24.57,0.0,85.22,4.06
2006-12-16,23.84,0.0,82.72,4.62
2006-12-17,23.94,0.0,84.09,4.49
2006-12-18,24.33,0.03,85.52,3.89
2006-12-19,24.85,0.81,86.5,4.05
2006-12-20,24.52,1.3,87.39,3.97
2006-12-21,24.24,1.23,87.9,4.39
2006-12-22,24.24,0.01,87.04,4.07
2006-12-23,24.57,0.07,85.24,4.25
2006-12-24,24.11,0.01,87.5,4.07
2006-12-25,23.94,0.07,85.75,3.87
2006-12-26,23.79,0.0,83.64,3.62
2006-12-27,24.02,0.0,82.86,3.62
2006-12-28,23.8,0.0,80.81,3.61
2006-12-29,23.51,0.0,79.06,3.65
2006-12-30,22.77,0.0,79.21,2.83
2006-12-31,23.24,0.0,78.48,2.67
2007-01-01,24.1,0.06,81.2,2.75
2007-01-02,24.0,0.0,75.01,3.15
2007-01-03,23.46,0.0,79.71,2.79
2007-01-04,23.7,0.0,78.83,2.76
2007-01-05,23.52,0.0,78.65,2.74
2007-01-06,24.23,0.18,76.48,3.74
2007-01-07,24.14,0.0,78.45,3.62
2007-01-08,24.79,0.18,80.42,3.97
2007-01-09,25.57,0.34,81.18,4.31
2007-01-10,25.66,0.02,79.07,4.2
2007-01-11,25.84,0.03,79.63,3.9
2007-01-12,25.7,0.0,78.83,3.79
2007-01-13,25.13,0.0,76.97,3.56
2007-01-14,25.33,0.03,77.96,3.54
2007-01-15,26.15,0.04,78.62,3.5
2007-01-16,25.57,0.0,77.76,3.29
2007-01-17,25.15,0.0,76.68,3.11
2007-01-18,24.97,0.0,75.63,3.55
2007-01-19,24.89,0.0,74.8,3.49
2007-01-20,25.15,0.0,73.54,3.29
2007-01-21,24.64,0.0,77.08,3.02
2007-01-22,25.42,0.0,73.3,3.09
2007-01-23,24.86,0.0,74.31,2.78
2007-01-24,25.14,0.0,74.56,3.63
2007-01-25,25.68,0.0,72.56,3.74
2007-01-26,26.04,0.01,73.91,3.66
2007-01-27,26.59,1.56,77.55,4.48
2007-01-28,26.39,2.41,80.62,4.29
2007-01-29,26.73,0.15,74.47,4.23
2007-01-30,26.61,0.0,73.08,4.3
2007-01-31,26.4,0.0,71.26,3.94
2007-02-01,25.81,0.0,69.35,3.43
2007-02-02,25.93,0.0,71.16,3.54
2007-02-03,26.52,0.07,69.6,3.31
2007-02-04,26.47,0.0,68.45,3.02
2007-02-05,26.73,0.0,63.44,3.0
2007-02-06,26.09,0.0,64.01,3.01
2007-02-07,25.96,0.0,67.39,2.87
2007-02-08,26.23,0.0,66.01,3.03
2007-02-09,26.4,0.01,68.58,3.56
2007-02-10,27.28,0.06,70.75,3.59
2007-02-11,27.98,0.01,66.59,2.95
2007-02-12,28.63,0.0,64.87,2.07
2007-02-13,29.01,0.0,62.22,2.14
2007-02-14,29.12,0.0,56.11,2.43
2007-02-15,28.77,0.0,53.92,2.25
2007-02-16,28.76,0.0,57.11,2.27
2007-02-17,28.86,0.05,60.2,2.54
2007-02-18,28.47,0.08,64.17,2.33
2007-02-19,28.05,0.88,65.23,3.9
2007-02-20,28.3,0.03,59.94,4.75
2007-02-21,27.5,0.0,56.21,4.35
2007-02-22,27.0,0.0,57.68,4.21
2007-02-23,26.81,0.0,61.68,3.54
2007-02-24,27.23,0.51,66.71,3.02
2007-02-25,27.31,2.88,69.34,1.9
2007-02-26,28.78,0.08,66.01,2.63
2007-02-27,28.83,0.59,68.48,2.49
2007-02-28,29.18,0.01,65.14,2.74
2007-03-01,29.32,0.0,61.45,2.32
2007-03-02,29.9,0.91,63.64,1.88
2007-03-03,29.73,0.06,61.18,2.06
2007-03-04,28.85,0.0,63.56,2.74
2007-03-05,28.59,0.0,62.26,2.71
2007-03-06,28.47,0.0,62.22,2.72
2007-03-07,28.52,0.0,57.08,2.26
2007-03-08,28.96,0.01,56.07,2.15
2007-03-09,28.82,0.0,59.25,2.73
2007-03-10,28.82,0.0,63.99,2.84
2007-03-11,28.7,0.0,62.64,2.88
2007-03-12,28.23,0.0,61.56,2.63
2007-03-13,29.01,0.54,67.06,2.62
2007-03-14,29.62,0.01,62.6,3.1
2007-03-15,29.59,0.0,64.3,2.75
2007-03-16,29.98,0.12,64.05,2.58
2007-03-17,30.43,0.09,64.87,3.11
2007-03-18,29.86,0.0,57.69,2.64
2007-03-19,29.5,0.0,55.67,2.06
2007-03-20,29.54,0.0,56.25,2.03
2007-03-21,29.57,0.0,58.52,2.23
2007-03-22,29.9,0.0,59.38,2.14
2007-03-23,29.43,0.0,57.79,2.17
2007-03-24,29.81,0.0,55.31,2.36
2007-03-25,30.75,0.0,56.7,2.2
2007-03-26,31.09,0.0,56.65,2.21
2007-03-27,30.65,0.0,56.15,1.97
2007-03-28,30.82,0.0,53.55,2.12
2007-03-29,30.28,0.0,55.76,2.39
2007-03-30,29.93,0.0,57.4,2.85
2007-03-31,30.18,0.07,58.98,2.61
2007-04-01,30.2,0.2,63.84,2.0
2007-04-02,31.12,0.02,60.81,2.39
2007-04-03,31.36,0.01,56.77,2.22
2007-04-04,30.99,0.04,59.18,2.35
2007-04-05,30.92,0.46,64.19,3.13
2007-04-06,29.47,1.67,69.97,2.58
2007-04-07,29.2,8.48,71.64,1.86
2007-04-08,28.32,5.39,78.47,1.68
2007-04-09,28.22,9.83,77.49,1.78
2007-04-10,28.21,10.8,79.95,2.07
2007-04-11,27.98,8.56,79.47,1.14
2007-04-12,29.56,2.16,70.78,1.21
2007-04-13,29.7,0.5,71.2,1.73
2007-04-14,29.6,6.65,71.39,1.86
2007-04-15,29.5,2.42,69.76,2.11
2007-04-16,30.32,0.1,65.28,2.21
2007-04-17,30.65,1.51,64.72,1.66
2007-04-18,30.81,1.84,65.51,2.42
2007-04-19,30.95,0.05,64.92,2.16
2007-04-20,30.84,0.04,66.22,2.31
2007-04-21,30.47,4.14,68.45,2.33
2007-04-22,29.71,1.34,72.17,2.15
2007-04-23,30.23,1.75,68.82,2.77
2007-04-24,29.01,1.22,71.24,3.67
2007-04-25,30.19,0.52,65.23,2.23
2007-04-26,29.77,0.46,71.97,1.98
2007-04-27,28.97,6.7,76.87,1.19
2007-04-28,29.6,2.83,73.75,1.75
2007-04-29,29.67,1.25,73.43,2.14
2007-04-30,30.07,0.4,70.17,2.26
2007-05-01,30.95,0.07,66.47,2.36
2007-05-02,30.9,0.37,68.26,3.66
2007-05-03,29.78,5.1,72.83,4.11
2007-05-04,30.0,0.4,69.97,3.05
2007-05-05,29.31,5.99,76.42,3.53
2007-05-06,29.75,0.73,72.92,3.43
2007-05-07,29.74,0.06,73.0,3.33
2007-05-08,29.07,3.94,77.58,2.91
2007-05-09,28.85,3.64,79.61,3.63
2007-05-10,29.43,0.52,74.4,4.62
2007-05-11,30.43,0.06,69.48,5.44
2007-05-12,29.83,0.0,68.47,4.88
2007-05-13,30.2,0.02,66.0,4.58
2007-05-14,30.43,0.0,66.04,5.45
2007-05-15,31.36,0.0,62.48,4.33
2007-05-16,31.94,0.0,56.84,3.54
2007-05-17,31.38,0.0,57.79,4.45
2007-05-18,31.04,0.0,59.21,4.28
2007-05-19,31.41,0.0,57.49,3.86
2007-05-20,31.78,0.0,58.44,4.04
2007-05-21,31.54,0.0,62.11,4.19
2007-05-22,30.97,0.94,65.64,3.72
2007-05-23,30.65,0.27,68.39,2.91
2007-05-24,30.52,0.11,66.9,2.78
2007-05-25,29.99,0.02,66.88,2.25
2007-05-26,30.3,4.45,66.93,3.94
2007-05-27,28.91,15.8,76.16,3.88
2007-05-28,28.06,4.18,75.11,4.73
2007-05-29,28.16,2.11,72.76,3.89
2007-05-30,28.81,4.58,71.89,4.19
2007-05-31,29.2,0.08,69.29,4.17
2007-06-01,30.17,0.0,67.7,3.98
2007-06-02,30.76,0.02,66.06,3.66
2007-06-03,30.91,0.01,65.25,3.06
2007-06-04,30.6,0.0,66.07,2.93
2007-06-05,29.17,0.12,74.09,2.47
2007-06-06,30.25,0.11,69.9,2.32
2007-06-07,29.18,3.28,73.07,3.41
2007-06-08,28.42,8.67,78.35,3.86
2007-06-09,28.42,1.66,75.3,4.1
2007-06-10,28.89,1.07,75.78,4.49
2007-06-11,29.02,0.87,75.77,4.88
2007-06-12,29.1,1.23,72.39,4.78
2007-06-13,29.06,1.75,72.41,4.75
2007-06-14,28.47,0.13,73.07,4.75
2007-06-15,28.48,3.84,73.85,3.89
2007-06-16,28.06,0.93,75.04,5.04
2007-06-17,27.46,11.36,79.11,4.47
2007-06-18,27.59,2.51,77.83,5.48
2007-06-19,27.19,3.21,78.31,5.15
2007-06-20,26.95,2.7,75.03,5.97
2007-06-21,26.88,14.65,83.1,5.0
2007-06-22,27.26,7.85,79.89,6.44
2007-06-23,27.22,11.54,80.53,4.45
2007-06-24,27.99,1.24,77.79,3.31
2007-06-25,28.35,0.02,72.96,3.52
2007-06-26,28.23,0.03,75.76,3.47
2007-06-27,28.26,0.0,71.34,4.05
2007-06-28,28.15,0.55,76.3,5.0
2007-06-29,27.76,1.61,78.56,4.27
2007-06-30,28.04,1.55,76.25,5.04
2007-07-01,28.03,3.74,77.66,4.72
2007-07-02,27.85,6.79,81.22,4.17
2007-07-03,27.74,1.43,77.84,4.66
2007-07-04,27.61,0.57,78.4,4.36
2007-07-05,27.72,0.18,76.89,4.66
2007-07-06,27.16,1.68,70.79,6.14
2007-07-07,27.8,1.72,74.21,5.32
2007-07-08,28.07,1.0,75.41,4.53
2007-07-09,27.67,2.67,77.72,4.16
2007-07-10,27.74,1.35,78.76,4.65
2007-07-11,27.71,2.88,79.71,4.56
2007-07-12,27.98,2.38,78.44,4.76
2007-07-13,28.2,0.7,77.2,4.81
2007-07-14,28.03,0.5,77.8,5.03
2007-07-15,28.23,1.26,76.71,5.08
2007-07-16,27.21,13.33,81.08,5.01
2007-07-17,27.06,1.11,77.74,4.94
2007-07-18,27.24,2.39,79.12,3.0
2007-07-19,27.12,11.0,78.71,3.89
2007-07-20,26.27,5.45,80.25,4.48
2007-07-21,26.49,0.79,80.78,4.2
2007-07-22,26.84,0.45,78.25,4.09
2007-07-23,27.06,2.24,76.28,2.8
2007-07-24,26.47,8.89,82.66,3.44
2007-07-25,26.89,1.19,79.59,3.7
2007-07-26,27.12,1.13,79.11,4.18
2007-07-27,27.16,0.9,79.23,4.16
2007-07-28,27.14,0.32,79.5,4.19
2007-07-29,27.41,0.76,77.74,3.89
2007-07-30,27.23,0.16,78.43,3.26
2007-07-31,27.02,8.56,78.37,3.94
2007-08-01,26.75,5.77,80.58,4.4
2007-08-02,26.76,3.49,81.18,4.23
2007-08-03,26.76,0.48,80.47,3.93
2007-08-04,27.63,0.23,79.05,4.33
2007-08-05,27.14,3.35,80.57,4.7
2007-08-06,26.99,0.74,78.4,4.48
2007-08-07,27.52,0.02,77.28,4.8
2007-08-08,27.82,2.75,77.12,4.64
2007-08-09,26.86,3.93,80.51,4.49
2007-08-10,27.39,2.93,76.4,4.57
2007-08-11,27.41,0.07,73.74,4.34
2007-08-12,27.66,0.02,73.6,4.47
2007-08-13,27.99,0.02,71.56,4.27
2007-08-14,27.98,0.0,71.97,3.44
2007-08-15,28.42,0.26,71.98,3.06
2007-08-16,28.06,2.46,77.05,2.88
2007-08-17,27.65,1.27,79.15,3.62
2007-08-18,27.85,1.1,77.51,3.87
2007-08-19,28.51,0.06,72.3,3.82
2007-08-20,28.05,1.07,72.21,4.03
2007-08-21,27.14,0.64,79.37,3.98
2007-08-22,27.86,0.01,72.2,3.7
2007-08-23,27.16,7.92,77.65,3.42
2007-08-24,27.4,2.41,76.98,2.68
2007-08-25,27.33,2.49,78.68,3.24
2007-08-26,27.42,1.21,77.11,4.15
2007-08-27,28.06,0.03,73.92,3.94
2007-08-28,27.88,8.78,77.89,4.22
2007-08-29,27.48,3.88,79.68,4.23
2007-08-30,27.69,1.57,75.76,4.54
2007-08-31,27.16,2.74,75.7,5.0
2007-09-01,27.86,0.36,72.86,4.62
2007-09-02,27.45,1.91,76.89,4.54
2007-09-03,27.43,0.04,76.06,3.83
2007-09-04,27.5,6.16,76.47,3.74
2007-09-05,26.67,4.47,81.55,4.82
2007-09-06,27.17,1.33,77.33,4.5
2007-09-07,27.86,0.55,75.99,3.24
2007-09-08,27.02,1.4,80.66,2.37
2007-09-09,27.6,11.97,78.19,2.02
2007-09-10,27.93,4.36,76.85,1.98
2007-09-11,27.95,5.19,78.47,2.82
2007-09-12,27.34,2.41,80.32,3.46
2007-09-13,27.03,10.5,83.82,3.43
2007-09-14,27.04,4.82,80.14,4.0
2007-09-15,27.21,8.47,79.81,4.17
2007-09-16,27.4,11.96,81.58,4.17
2007-09-17,27.16,3.26,80.65,4.74
2007-09-18,26.87,1.63,77.89,5.08
2007-09-19,27.21,2.04,81.44,4.57
2007-09-20,27.57,4.02,79.29,4.96
2007-09-21,27.63,3.38,80.42,4.4
2007-09-22,27.42,4.84,82.31,4.7
2007-09-23,27.23,3.03,79.64,4.81
2007-09-24,27.37,2.15,78.2,4.35
2007-09-25,27.61,1.0,79.42,4.22
2007-09-26,27.69,0.08,77.73,3.48
2007-09-27,27.54,0.97,80.02,3.56
2007-09-28,26.94,0.56,81.13,3.46
2007-09-29,27.64,0.04,77.64,4.11
2007-09-30,27.86,0.13,77.44,3.87
2007-10-01,26.93,1.56,79.89,4.36
2007-10-02,27.53,2.22,77.08,4.11
2007-10-03,28.23,0.07,73.92,4.1
2007-10-04,28.07,0.01,73.22,4.58
2007-10-05,27.23,0.01,74.78,4.14
2007-10-06,27.16,0.43,74.21,4.23
2007-10-07,27.08,11.8,77.24,4.29
2007-10-08,27.54,0.22,74.44,4.2
2007-10-09,28.38,0.0,69.29,2.12
2007-10-10,28.27,7.45,73.85,2.18
2007-10-11,27.8,3.23,77.62,2.08
2007-10-12,27.42,1.2,79.43,2.11
2007-10-13,27.68,4.03,79.04,2.14
2007-10-14,27.25,1.3,80.6,1.89
2007-10-15,27.87,0.41,74.39,1.75
2007-10-16,27.92,4.31,77.13,1.37
2007-10-17,26.98,8.25,80.31,1.36
2007-10-18,26.35,11.66,81.33,1.15
2007-10-19,25.84,44.7,86.19,1.68
2007-10-20,25.66,10.64,85.05,3.37
2007-10-21,26.17,3.78,79.91,2.02
2007-10-22,26.09,7.81,84.96,1.82
2007-10-23,25.18,13.0,89.27,2.37
2007-10-24,25.9,17.28,86.34,2.27
2007-10-25,26.14,5.42,86.42,1.4
2007-10-26,26.13,6.1,85.05,1.17
2007-10-27,25.82,5.62,86.24,1.62
2007-10-28,25.98,1.81,84.44,2.36
2007-10-29,25.75,6.4,84.08,3.54
2007-10-30,26.45,5.61,86.12,2.84
2007-10-31,26.47,0.37,84.42,2.24
2007-11-01,26.75,0.22,82.49,1.97
2007-11-02,26.42,1.22,82.84,1.3
2007-11-03,26.48,2.75,82.77,1.86
2007-11-04,25.73,3.15,90.04,1.99
2007-11-05,26.04,1.44,85.39,1.31
2007-11-06,26.46,18.24,82.8,0.96
2007-11-07,26.19,4.02,85.35,1.93
2007-11-08,26.19,37.69,85.62,1.62
2007-11-09,26.04,2.61,82.31,1.43
2007-11-10,26.33,0.73,81.74,1.49
2007-11-11,25.96,1.47,82.44,2.83
2007-11-12,25.97,4.49,84.79,2.95
2007-11-13,26.12,0.5,79.38,2.43
2007-11-14,25.21,0.32,77.2,2.51
2007-11-15,24.36,0.0,71.83,2.53
2007-11-16,23.92,0.0,67.28,2.26
2007-11-17,23.72,0.0,74.64,2.74
2007-11-18,24.04,0.18,75.73,2.43
2007-11-19,25.42,1.62,86.67,2.49
2007-11-20,25.34,9.5,91.18,2.62
2007-11-21,26.07,11.51,88.56,3.35
2007-11-22,25.92,4.42,86.18,3.27
2007-11-23,25.88,0.53,81.67,3.17
2007-11-24,24.75,11.82,81.7,3.08
2007-11-25,23.34,0.23,75.03,3.21
2007-11-26,24.13,0.0,77.11,2.47
2007-11-27,25.84,0.35,81.97,2.38
2007-11-28,26.22,0.16,83.83,2.45
2007-11-29,26.32,0.77,82.52,3.64
2007-11-30,25.48,0.12,76.21,3.97
2007-12-01,25.6,0.01,78.46,3.79
2007-12-02,25.85,0.01,80.41,3.62
2007-12-03,25.34,0.01,82.72,3.78
2007-12-04,25.35,0.03,77.21,4.15
2007-12-05,25.16,0.27,78.93,4.72
2007-12-06,25.47,0.4,77.85,4.25
2007-12-07,25.84,0.14,76.87,3.84
2007-12-08,25.92,0.13,79.33,3.99
2007-12-09,26.29,0.05,77.58,3.49
2007-12-10,26.18,0.01,76.61,3.54
2007-12-11,25.83,0.33,74.97,3.62
2007-12-12,25.2,1.62,78.85,3.09
2007-12-13,23.59,9.14,86.63,4.05
2007-12-14,24.33,6.45,91.74,5.07
2007-12-15,25.28,1.62,85.77,4.36
2007-12-16,25.91,0.76,79.07,4.42
2007-12-17,25.47,5.49,81.64,4.36
2007-12-18,24.45,18.52,89.52,4.35
2007-12-19,25.19,17.7,91.52,2.64
2007-12-20,25.47,6.75,90.12,3.53
2007-12-21,24.96,1.99,91.07,3.01
2007-12-22,25.38,1.23,85.82,3.62
2007-12-23,24.88,0.41,83.79,3.54
2007-12-24,23.6,0.0,79.44,2.57
2007-12-25,22.73,0.0,72.73,1.88
2007-12-26,22.92,0.0,76.4,2.37
2007-12-27,24.04,0.0,82.31,2.3
2007-12-28,24.6,0.0,80.35,2.16
2007-12-29,24.93,0.01,79.39,1.92
2007-12-30,25.11,0.08,80.24,2.57
2007-12-31,24.86,0.02,80.12,2.89
2008-01-01,24.56,0.0,76.75,3.68
2008-01-02,23.87,0.25,76.67,3.64
2008-01-03,24.62,0.22,76.81,3.59
2008-01-04,25.79,0.35,79.68,3.4
2008-01-05,26.24,0.62,81.75,4.16
2008-01-06,25.2,0.05,75.42,4.55
2008-01-07,24.73,0.01,75.39,4.65
2008-01-08,24.92,0.0,76.62,4.43
2008-01-09,25.48,0.0,73.4,3.71
2008-01-10,25.52,0.0,75.39,3.3
2008-01-11,25.2,0.04,75.88,3.74
2008-01-12,25.3,0.01,75.27,4.07
2008-01-13,25.24,0.0,74.76,4.13
2008-01-14,25.02,0.0,74.15,3.8
2008-01-15,24.92,0.0,75.18,3.74
2008-01-16,25.39,0.0,73.22,4.05
2008-01-17,24.66,0.0,72.46,4.03
2008-01-18,23.89,0.0,70.18,3.32
2008-01-19,24.08,0.0,68.13,2.81
2008-01-20,24.66,0.0,68.67,2.76
2008-01-21,25.97,0.08,76.88,3.59
2008-01-22,26.68,0.0,73.85,3.41
2008-01-23,25.97,0.0,71.08,3.15
2008-01-24,25.83,0.0,69.62,2.55
2008-01-25,26.11,0.0,69.44,1.91
2008-01-26,26.95,0.0,67.24,1.6
2008-01-27,28.01,0.0,65.72,1.49
2008-01-28,28.19,0.0,67.42,1.97
2008-01-29,27.99,0.0,68.54,2.2
2008-01-30,28.86,0.0,64.17,1.62
2008-01-31,28.9,0.0,62.23,2.08
2008-02-01,28.66,0.0,63.84,2.04
2008-02-02,28.81,0.0,63.2,1.92
2008-02-03,28.13,0.93,65.86,2.53
2008-02-04,28.46,0.03,65.19,2.33
2008-02-05,28.53,0.0,63.21,3.01
2008-02-06,28.14,0.07,67.14,2.69
2008-02-07,27.59,0.85,74.49,2.69
2008-02-08,27.31,4.13,74.86,1.52
2008-02-09,27.43,3.32,76.78,0.75
2008-02-10,27.78,0.78,77.46,1.96
2008-02-11,27.28,1.16,78.06,1.35
2008-02-12,28.17,2.43,72.46,2.49
2008-02-13,28.34,1.25,71.73,2.92
2008-02-14,28.27,1.26,70.5,3.69
2008-02-15,28.24,0.08,66.02,3.78
2008-02-16,28.6,0.01,63.51,3.7
2008-02-17,28.72,0.01,61.2,3.81
2008-02-18,28.04,0.0,57.92,3.43
2008-02-19,26.93,0.0,59.51,2.82
2008-02-20,27.15,0.0,60.97,2.63
2008-02-21,28.41,0.03,65.59,3.15
2008-02-22,28.24,0.0,61.03,3.66
2008-02-23,28.12,0.0,58.16,3.03
2008-02-24,27.4,0.0,57.06,3.47
2008-02-25,27.18,0.0,56.92,3.07
2008-02-26,27.5,0.11,61.09,3.12
2008-02-27,28.3,0.14,57.89,4.55
2008-02-28,27.69,3.13,67.25,4.61
2008-02-29,28.2,1.24,62.42,3.69
2008-03-01,26.6,2.56,76.32,2.99
2008-03-02,27.77,1.44,72.78,2.5
2008-03-03,28.64,0.17,63.09,3.53
2008-03-04,26.87,0.03,59.16,2.53
2008-03-05,27.92,0.01,61.41,3.12
2008-03-06,27.86,1.98,67.05,3.47
2008-03-07,27.42,0.22,61.51,3.65
2008-03-08,27.71,0.0,58.47,3.56
2008-03-09,28.23,0.57,63.38,3.62
2008-03-10,27.51,4.76,71.27,2.51
2008-03-11,26.43,5.35,75.34,2.5
2008-03-12,25.6,3.42,81.8,4.77
2008-03-13,26.88,5.21,81.55,2.78
2008-03-14,26.85,4.15,82.11,1.81
2008-03-15,25.58,19.27,88.1,1.99
2008-03-16,26.21,4.3,80.61,3.01
2008-03-17,26.09,3.93,85.11,3.34
2008-03-18,26.14,8.85,86.49,3.12
2008-03-19,26.18,12.09,87.43,2.62
2008-03-20,25.37,20.93,92.19,2.47
2008-03-21,26.03,21.86,88.7,2.86
2008-03-22,26.5,37.47,90.83,2.79
2008-03-23,26.63,15.54,89.51,2.45
2008-03-24,26.5,0.75,85.48,2.07
2008-03-25,26.92,0.01,78.69,2.25
2008-03-26,26.78,0.0,76.95,1.59
2008-03-27,27.56,0.2,75.66,1.35
2008-03-28,27.59,0.25,78.41,1.17
2008-03-29,27.69,0.08,80.28,1.17
2008-03-30,27.47,6.06,84.04,1.71
2008-03-31,27.69,2.49,81.98,2.27
2008-04-01,28.21,0.16,77.33,2.18
2008-04-02,27.92,5.04,80.61,1.6
2008-04-03,27.86,2.45,80.1,1.2
2008-04-04,27.79,1.5,78.73,1.6
2008-04-05,27.81,1.5,77.52,1.71
2008-04-06,27.85,3.36,75.44,2.37
2008-04-07,27.63,6.6,78.39,2.33
2008-04-08,26.87,17.79,85.66,2.35
2008-04-09,26.7,10.01,85.08,1.87
2008-04-10,27.11,10.24,83.25,2.33
2008-04-11,26.91,1.84,81.84,1.08
2008-04-12,27.5,7.11,80.01,1.31
2008-04-13,27.23,1.54,83.35,1.78
2008-04-14,27.54,0.17,81.16,1.28
2008-04-15,28.02,0.11,78.9,1.19
2008-04-16,27.32,2.8,81.4,1.44
2008-04-17,28.32,2.66,77.6,1.19
2008-04-18,28.06,1.22,81.97,1.83
2008-04-19,28.88,0.05,77.52,2.31
2008-04-20,29.25,0.05,74.97,2.16
2008-04-21,29.07,0.02,75.01,2.19
2008-04-22,29.48,0.01,72.69,2.79
2008-04-23,29.27,0.01,73.04,2.37
2008-04-24,29.47,0.14,71.61,2.05
2008-04-25,28.68,0.9,73.82,1.8
2008-04-26,28.25,1.45,78.24,1.14
2008-04-27,28.19,0.26,80.84,2.73
2008-04-28,28.62,0.19,75.95,5.32
2008-04-29,28.74,0.26,76.11,4.73
2008-04-30,29.03,0.01,72.98,3.84
2008-05-01,29.23,0.01,77.52,4.14
2008-05-02,29.05,0.01,75.4,4.43
2008-05-03,29.28,0.09,70.28,4.46
2008-05-04,29.27,0.06,71.36,4.28
2008-05-05,28.92,0.21,74.26,5.11
2008-05-06,29.11,0.06,70.98,4.68
2008-05-07,29.04,4.46,72.81,3.74
2008-05-08,29.08,2.52,72.41,4.19
2008-05-09,28.64,0.11,72.49,3.91
2008-05-10,29.02,0.46,73.88,3.76
2008-05-11,28.9,0.13,74.22,3.71
2008-05-12,28.68,0.08,76.06,3.5
2008-05-13,28.52,0.02,75.38,4.02
2008-05-14,28.21,1.69,76.37,4.91
2008-05-15,29.14,0.13,69.93,5.06
2008-05-16,29.46,0.0,68.7,4.05
2008-05-17,29.75,0.0,69.66,4.84
2008-05-18,29.49,0.0,71.03,4.44
2008-05-19,29.46,0.07,70.33,4.19
2008-05-20,29.07,0.07,73.27,4.13
2008-05-21,29.58,0.15,70.07,4.54
2008-05-22,29.27,0.03,73.96,3.83
2008-05-23,29.12,0.37,71.17,3.69
2008-05-24,28.3,1.83,76.55,3.11
2008-05-25,29.06,1.35,70.27,3.89
2008-05-26,28.27,1.57,76.39,3.95
2008-05-27,28.88,0.14,72.78,3.47
2008-05-28,29.08,0.53,74.03,3.5
2008-05-29,28.4,9.06,77.41,4.26
2008-05-30,28.01,11.01,78.4,4.33
2008-05-31,27.78,0.4,79.1,3.28
2008-06-01,28.49,0.68,74.55,4.24
2008-06-02,28.19,2.18,75.83,4.13
2008-06-03,28.33,0.33,76.06,4.09
2008-06-04,28.48,0.51,73.42,4.79
2008-06-05,28.18,0.99,73.75,4.51
2008-06-06,28.5,1.16,74.69,4.32
2008-06-07,27.58,0.83,75.32,3.99
2008-06-08,27.7,2.04,76.81,4.44
2008-06-09,27.1,1.68,77.76,4.41
2008-06-10,28.31,0.88,70.56,4.22
2008-06-11,28.45,0.59,74.58,4.42
2008-06-12,28.34,0.01,74.81,4.18
2008-06-13,28.37,0.2,73.53,4.18
2008-06-14,28.25,0.16,75.1,4.84
2008-06-15,28.91,0.01,70.17,4.87
2008-06-16,28.7,1.72,71.9,4.38
2008-06-17,28.65,1.23,73.68,4.64
2008-06-18,28.61,0.64,73.26,4.38
2008-06-19,28.77,0.32,73.79,4.33
2008-06-20,28.88,0.12,74.35,4.07
2008-06-21,29.08,0.6,71.37,4.52
2008-06-22,29.03,0.57,69.78,4.61
2008-06-23,28.19,0.06,71.36,4.96
2008-06-24,28.95,0.11,68.72,5.36
2008-06-25,28.77,0.17,69.2,5.38
2008-06-26,29.2,0.01,67.01,4.88
2008-06-27,29.28,0.5,68.66,5.14
2008-06-28,28.43,2.67,73.02,4.81
2008-06-29,27.98,2.27,72.73,4.63
2008-06-30,28.27,3.28,72.75,4.71
2008-07-01,26.45,3.76,80.03,4.31
2008-07-02,29.21,0.0,64.57,3.51
2008-07-03,29.12,0.01,66.18,4.51
2008-07-04,28.84,0.06,70.43,3.25
2008-07-05,29.02,0.01,70.03,3.79
2008-07-06,29.63,0.04,69.21,4.73
2008-07-07,29.18,0.01,62.46,5.55
2008-07-08,28.86,0.33,63.0,4.99
2008-07-09,29.04,0.31,66.82,4.8
2008-07-10,29.0,1.06,66.07,4.99
2008-07-11,29.01,1.17,65.63,5.21
2008-07-12,29.62,0.13,64.03,4.69
2008-07-13,30.38,0.01,62.39,2.83
2008-07-14,29.91,0.15,65.13,2.32
2008-07-15,28.46,11.79,74.42,3.23
2008-07-16,28.24,1.87,72.75,4.75
2008-07-17,27.92,0.55,75.62,4.5
2008-07-18,28.06,8.53,74.63,5.05
2008-07-19,27.95,0.41,71.5,4.96
2008-07-20,27.43,15.69,76.15,3.52
2008-07-21,27.57,2.15,77.25,3.65
2008-07-22,27.07,2.33,77.84,2.72
2008-07-23,27.71,1.74,75.7,5.03
2008-07-24,26.89,1.33,77.42,5.4
2008-07-25,27.89,0.32,72.39,5.42
2008-07-26,27.6,1.61,73.31,5.74
2008-07-27,26.62,7.81,77.05,5.96
2008-07-28,26.21,8.46,80.14,5.81
2008-07-29,26.94,4.49,75.81,5.09
2008-07-30,26.9,2.17,76.98,5.07
2008-07-31,27.16,0.79,76.17,4.83
2008-08-01,27.8,0.11,74.31,4.34
2008-08-02,27.87,0.01,74.87,3.63
2008-08-03,28.4,0.0,73.15,3.2
2008-08-04,28.17,0.0,72.85,3.09
2008-08-05,27.8,0.42,74.36,4.25
2008-08-06,28.45,0.06,72.29,4.53
2008-08-07,28.01,0.53,72.6,4.96
2008-08-08,27.66,0.71,74.7,5.49
2008-08-09,27.2,0.66,74.76,5.21
2008-08-10,27.31,0.76,72.64,6.07
2008-08-11,27.31,5.97,74.61,4.79
2008-08-12,26.99,1.57,79.74,3.83
2008-08-13,28.21,0.2,70.51,4.27
2008-08-14,28.0,4.29,73.14,4.3
2008-08-15,27.05,1.95,76.18,4.33
2008-08-16,27.27,1.42,70.66,3.95
2008-08-17,28.12,2.41,72.1,2.39
2008-08-18,27.61,2.47,75.56,1.82
2008-08-19,27.9,0.54,75.63,3.1
2008-08-20,28.38,0.23,73.31,2.86
2008-08-21,28.19,0.64,71.83,4.78
2008-08-22,28.19,0.11,70.22,4.4
2008-08-23,27.85,0.24,71.45,4.07
2008-08-24,28.64,0.37,69.37,1.85
2008-08-25,28.68,2.17,71.48,1.99
2008-08-26,28.3,14.44,72.83,2.06
2008-08-27,28.2,3.71,73.43,1.69
2008-08-28,28.52,0.42,72.46,2.09
2008-08-29,28.74,2.4,72.76,2.41
2008-08-30,27.72,17.76,80.02,3.0
2008-08-31,27.1,17.87,82.27,3.96
2008-09-01,27.68,5.23,78.49,3.43
2008-09-02,28.29,0.59,74.48,3.4
2008-09-03,28.13,1.94,76.74,3.08
2008-09-04,28.1,0.81,78.38,3.13
2008-09-05,27.43,6.11,81.74,2.63
2008-09-06,27.54,8.51,82.39,3.23
2008-09-07,26.97,7.25,80.48,3.99
2008-09-08,26.82,4.78,78.43,4.06
2008-09-09,27.5,1.8,77.25,4.54
2008-09-10,27.06,7.3,80.14,4.95
2008-09-11,26.82,7.34,80.36,5.01
2008-09-12,27.33,0.94,76.85,4.56
2008-09-13,27.55,0.02,78.8,3.86
2008-09-14,28.07,0.24,75.27,3.93
2008-09-15,27.6,0.02,75.36,3.72
2008-09-16,27.22,0.0,77.04,4.04
2008-09-17,28.0,0.0,75.2,3.95
2008-09-18,28.37,0.0,70.37,3.45
2008-09-19,27.99,0.56,71.25,3.68
2008-09-20,27.94,3.16,76.59,3.94
2008-09-21,27.85,0.18,77.38,3.18
2008-09-22,28.24,0.02,75.04,3.55
2008-09-23,28.65,0.0,72.4,3.29
2008-09-24,28.56,0.0,71.85,3.89
2008-09-25,28.63,0.02,70.69,3.51
2008-09-26,28.83,0.03,70.12,3.31
2008-09-27,28.91,1.32,68.53,3.31
2008-09-28,28.41,0.05,67.28,3.15
2008-09-29,28.34,0.0,68.34,3.28
2008-09-30,28.59,0.0,66.75,2.65
2008-10-01,29.2,0.0,66.41,3.03
2008-10-02,29.08,0.0,64.43,2.83
2008-10-03,28.85,0.0,64.07,2.99
2008-10-04,29.02,0.01,63.29,2.7
2008-10-05,29.25,0.02,63.71,2.59
2008-10-06,29.51,0.27,65.61,2.39
2008-10-07,29.49,0.22,67.09,3.01
2008-10-08,29.89,0.47,64.95,2.66
2008-10-09,30.02,0.02,64.01,2.45
2008-10-10,29.31,2.07,68.08,1.68
2008-10-11,28.88,2.58,70.07,2.12
2008-10-12,28.09,4.49,73.46,3.12
2008-10-13,27.13,7.59,80.7,3.28
2008-10-14,27.36,12.44,85.03,3.17
2008-10-15,27.14,9.26,85.63,2.97
2008-10-16,26.62,4.66,86.29,2.28
2008-10-17,26.53,2.52,86.33,2.81
2008-10-18,27.53,2.56,82.0,2.29
2008-10-19,27.32,19.54,82.78,2.29
2008-10-20,27.59,15.62,80.79,1.58
2008-10-21,26.3,41.01,89.71,1.83
2008-10-22,26.7,19.79,87.39,2.89
2008-10-23,25.91,14.91,87.94,2.9
2008-10-24,26.19,15.68,90.76,3.06
2008-10-25,26.44,9.04,89.36,3.13
2008-10-26,26.61,2.77,85.34,3.58
2008-10-27,26.58,0.03,82.48,2.73
2008-10-28,26.96,0.03,79.13,2.07
2008-10-29,27.09,0.0,71.39,1.28
2008-10-30,27.35,0.0,70.43,1.29
2008-10-31,26.54,0.0,70.6,1.48
2008-11-01,26.92,0.0,70.58,0.99
2008-11-02,26.45,0.0,65.22,1.4
2008-11-03,26.57,0.0,57.84,1.11
2008-11-04,27.04,0.0,60.11,1.12
2008-11-05,26.64,0.07,67.02,1.59
2008-11-06,26.44,0.17,71.78,1.91
2008-11-07,27.16,0.27,76.44,2.43
2008-11-08,27.36,6.31,79.28,2.72
2008-11-09,27.13,22.34,81.81,2.56
2008-11-10,26.49,9.47,85.62,2.68
2008-11-11,26.55,1.18,79.28,2.88
2008-11-12,26.12,4.64,73.53,2.33
2008-11-13,25.77,0.41,76.99,1.43
2008-11-14,26.63,0.03,77.58,1.42
2008-11-15,27.0,0.01,75.39,1.77
2008-11-16,26.82,0.0,75.08,1.89
2008-11-17,26.77,14.18,80.38,1.74
2008-11-18,27.07,8.81,83.25,2.22
2008-11-19,26.24,2.75,89.28,2.46
2008-11-20,26.23,6.22,91.85,2.64
2008-11-21,26.47,3.74,86.37,2.98
2008-11-22,25.33,2.26,88.48,3.32
2008-11-23,25.11,16.07,91.09,3.9
2008-11-24,24.95,16.59,90.5,3.63
2008-11-25,25.11,20.55,87.08,4.06
2008-11-26,24.98,31.34,88.09,3.67
2008-11-27,26.15,28.92,88.56,2.8
2008-11-28,26.55,10.25,88.64,2.13
2008-11-29,26.34,0.91,87.86,1.59
2008-11-30,25.49,1.56,93.85,3.1
2008-12-01,26.22,0.81,86.3,2.27
2008-12-02,25.47,0.0,83.84,2.52
2008-12-03,24.15,0.0,82.78,2.26
2008-12-04,23.93,0.02,83.66,2.34
2008-12-05,24.08,0.04,85.05,2.99
2008-12-06,24.32,6.65,85.94,3.19
2008-12-07,24.96,6.3,86.26,3.31
2008-12-08,25.52,4.07,92.91,3.69
2008-12-09,25.81,2.48,92.93,2.74
2008-12-10,25.79,3.89,91.89,3.1
2008-12-11,25.16,0.22,84.84,3.3
2008-12-12,24.37,0.01,85.48,2.65
2008-12-13,25.28,0.19,85.72,2.93
2008-12-14,25.49,1.43,87.06,3.78
2008-12-15,25.36,3.39,88.41,3.56
2008-12-16,24.57,1.27,90.63,3.44
2008-12-17,25.14,0.02,85.89,4.29
2008-12-18,24.54,1.17,86.97,4.68
2008-12-19,24.86,0.2,86.69,4.14
2008-12-20,24.92,0.21,84.51,3.28
2008-12-21,24.83,0.32,84.64,2.88
2008-12-22,23.88,0.0,82.13,2.9
2008-12-23,23.78,0.14,83.36,3.43
2008-12-24,24.51,0.08,85.22,3.07
2008-12-25,24.85,0.1,84.13,3.58
2008-12-26,24.37,0.16,81.04,2.81
2008-12-27,23.64,0.0,76.93,2.85
2008-12-28,23.26,0.0,76.84,2.61
2008-12-29,23.28,0.0,76.11,3.11
2008-12-30,23.71,0.0,76.09,3.23
2008-12-31,23.47,0.0,73.09,3.24
2009-01-01,24.5,0.0,72.88,2.98
2009-01-02,24.72,0.0,74.93,3.08
2009-01-03,24.63,0.0,75.56,3.09
2009-01-04,24.23,0.0,73.76,3.22
2009-01-05,24.92,0.0,71.35,3.25
2009-01-06,24.5,0.0,74.47,2.71
2009-01-07,25.17,0.12,81.1,2.88
2009-01-08,26.03,0.12,76.51,3.39
2009-01-09,24.48,0.97,83.72,3.9
2009-01-10,25.75,0.2,76.47,4.21
2009-01-11,25.68,0.18,76.63,4.06
2009-01-12,25.26,0.1,75.31,4.25
2009-01-13,25.18,0.17,72.56,4.49
2009-01-14,25.28,0.04,71.88,4.44
2009-01-15,24.82,0.98,75.83,4.41
2009-01-16,25.43,0.04,70.54,4.21
2009-01-17,25.41,0.0,70.41,3.75
2009-01-18,25.48,0.0,69.2,3.72
2009-01-19,25.39,0.0,72.16,4.05
2009-01-20,25.09,0.0,67.94,4.02
2009-01-21,24.81,0.0,67.92,3.71
2009-01-22,24.63,0.0,70.48,3.24
2009-01-23,24.57,0.0,72.56,3.0
2009-01-24,25.04,0.0,69.42,3.15
2009-01-25,26.53,0.0,66.98,3.16
2009-01-26,26.53,1.82,74.69,3.25
2009-01-27,26.58,0.43,79.31,2.7
2009-01-28,27.33,0.12,77.03,2.64
2009-01-29,26.69,0.02,74.37,2.75
2009-01-30,25.72,0.0,67.3,2.69
2009-01-31,25.57,0.0,66.66,2.73
2009-02-01,25.85,0.0,65.72,2.48
2009-02-02,25.7,0.0,66.08,2.67
2009-02-03,26.05,0.0,67.55,2.76
2009-02-04,26.49,0.0,64.93,2.79
2009-02-05,26.48,0.0,59.42,3.03
2009-02-06,26.01,0.0,61.06,3.19
2009-02-07,26.16,0.0,64.55,3.44
2009-02-08,26.53,0.0,63.11,3.55
2009-02-09,26.38,0.0,60.18,3.81
2009-02-10,25.78,0.0,58.05,3.15
2009-02-11,26.47,0.0,57.39,2.56
2009-02-12,27.37,0.0,60.67,1.88
2009-02-13,27.9,0.0,61.54,2.14
2009-02-14,27.6,0.0,57.85,2.52
2009-02-15,27.13,0.0,57.73,2.65
2009-02-16,26.41,0.0,59.54,2.94
2009-02-17,26.92,0.0,64.07,3.93
2009-02-18,27.11,0.0,60.68,3.78
2009-02-19,27.06,0.0,62.64,3.95
2009-02-20,27.54,0.0,68.3,3.76
2009-02-21,28.61,0.0,67.19,3.84
2009-02-22,28.87,0.0,66.63,3.49
2009-02-23,29.15,0.0,67.19,2.93
2009-02-24,28.97,0.0,68.32,2.12
2009-02-25,30.04,0.0,63.55,2.28
2009-02-26,29.54,0.0,63.83,1.77
2009-02-27,29.18,0.0,62.99,2.03
2009-02-28,28.95,0.0,57.96,1.81
2009-03-01,29.08,0.0,55.21,1.88
2009-03-02,29.58,0.0,57.2,1.95
2009-03-03,29.43,0.0,54.2,1.89
2009-03-04,29.4,0.07,54.79,2.02
2009-03-05,29.98,0.0,56.75,2.17
2009-03-06,29.69,0.0,55.82,2.32
2009-03-07,29.14,0.0,56.72,2.2
2009-03-08,28.74,0.0,62.21,2.01
2009-03-09,28.17,5.48,65.81,3.86
2009-03-10,27.53,2.12,61.73,4.23
2009-03-11,27.03,3.24,73.86,2.61
2009-03-12,28.28,2.49,72.49,2.05
2009-03-13,27.49,9.42,76.47,1.72
2009-03-14,27.38,16.73,78.61,2.35
2009-03-15,27.78,1.35,73.39,2.04
2009-03-16,28.32,0.34,70.55,1.99
2009-03-17,28.21,0.02,64.38,1.87
2009-03-18,28.3,0.0,62.28,1.75
2009-03-19,28.91,0.0,64.13,1.66
2009-03-20,28.84,0.0,62.98,1.72
2009-03-21,29.18,0.0,64.05,2.04
2009-03-22,29.09,0.07,67.3,1.9
2009-03-23,28.98,0.32,64.64,2.08
2009-03-24,29.09,1.94,65.27,2.42
2009-03-25,29.28,0.06,63.41,2.45
2009-03-26,29.97,0.04,63.54,2.11
2009-03-27,30.53,0.12,61.6,2.02
2009-03-28,30.51,0.04,60.97,2.11
2009-03-29,30.21,0.53,60.44,1.99
2009-03-30,29.8,1.21,61.86,2.07
2009-03-31,30.03,0.02,59.91,1.87
2009-04-01,30.62,0.09,57.66,2.24
2009-04-02,30.43,0.18,59.12,2.28
2009-04-03,30.53,0.69,58.95,2.43
2009-04-04,30.43,0.82,60.74,2.38
2009-04-05,30.25,2.33,63.34,2.0
2009-04-06,30.38,0.78,63.71,2.06
2009-04-07,30.33,0.39,66.12,2.3
2009-04-08,29.48,0.29,69.36,1.82
2009-04-09,29.14,7.14,69.16,1.98
2009-04-10,28.25,7.86,73.96,2.83
2009-04-11,26.77,4.58,77.16,2.11
2009-04-12,28.52,0.78,64.65,1.31
2009-04-13,30.29,0.61,64.51,3.05
2009-04-14,31.23,0.09,58.44,3.31
2009-04-15,31.61,0.0,61.88,3.23
2009-04-16,31.8,0.01,58.92,3.2
2009-04-17,31.24,0.01,62.31,3.52
2009-04-18,31.81,0.0,59.74,3.39
2009-04-19,31.59,0.21,58.71,3.63
2009-04-20,30.92,0.29,62.53,3.22
2009-04-21,30.53,0.35,67.89,3.4
2009-04-22,30.64,0.08,66.51,3.43
2009-04-23,31.81,0.01,62.06,2.94
2009-04-24,32.0,0.0,60.46,2.69
2009-04-25,32.3,0.0,60.11,2.75
2009-04-26,31.89,0.01,59.89,2.93
2009-04-27,31.4,0.01,61.27,2.54
2009-04-28,31.66,0.19,60.83,2.77
2009-04-29,32.19,0.06,59.82,3.58
2009-04-30,32.03,0.09,59.42,4.03
2009-05-01,31.73,0.01,61.1,3.81
2009-05-02,32.63,0.01,59.58,3.65
2009-05-03,32.43,0.0,59.15,3.33
2009-05-04,32.53,0.05,57.36,3.94
2009-05-05,32.36,0.01,56.63,3.15
2009-05-06,31.71,0.01,60.07,3.04
2009-05-07,32.18,0.0,56.81,2.89
2009-05-08,31.03,0.2,65.24,3.52
2009-05-09,31.87,0.05,62.09,3.59
2009-05-10,31.99,0.02,62.36,3.65
2009-05-11,32.28,0.02,60.34,3.6
2009-05-12,32.75,0.19,58.62,3.87
2009-05-13,32.38,0.04,59.42,3.94
2009-05-14,31.0,0.01,64.37,4.2
2009-05-15,31.39,1.72,58.59,3.28
2009-05-16,30.53,0.55,56.69,3.5
2009-05-17,31.03,0.09,63.06,3.14
2009-05-18,30.91,2.18,64.21,3.77
2009-05-19,29.8,1.38,69.18,2.98
2009-05-20,28.41,2.11,69.07,4.76
2009-05-21,28.84,0.28,70.25,4.67
2009-05-22,29.1,4.3,70.93,5.39
2009-05-23,29.25,4.95,73.01,4.55
2009-05-24,28.42,9.24,74.1,4.62
2009-05-25,27.84,13.92,78.81,5.18
2009-05-26,28.13,5.45,79.2,4.66
2009-05-27,28.22,0.19,72.77,3.97
2009-05-28,29.36,0.0,72.52,3.84
2009-05-29,29.5,0.17,72.36,4.14
2009-05-30,28.92,0.74,76.36,4.05
2009-05-31,28.83,0.14,73.2,3.45
2009-06-01,29.33,0.03,71.33,4.36
2009-06-02,29.9,0.0,67.15,4.81
2009-06-03,30.0,0.13,68.74,5.33
2009-06-04,29.64,0.31,71.86,5.65
2009-06-05,29.04,4.22,72.66,5.8
2009-06-06,27.73,3.96,73.94,5.93
2009-06-07,27.46,4.45,73.51,5.04
2009-06-08,28.46,1.1,71.85,5.75
2009-06-09,29.4,1.12,70.65,4.98
2009-06-10,29.35,0.18,71.56,4.77
2009-06-11,28.96,0.88,73.41,4.21
2009-06-12,28.24,0.55,76.85,4.79
2009-06-13,28.47,0.31,73.29,4.71
2009-06-14,28.94,0.01,71.79,4.59
2009-06-15,28.62,1.24,72.9,4.58
2009-06-16,28.9,1.11,71.43,5.45
2009-06-17,28.33,1.69,74.33,5.15
2009-06-18,28.09,8.02,75.53,5.06
2009-06-19,27.66,4.13,76.71,4.52
2009-06-20,28.19,0.71,73.73,4.27
2009-06-21,27.95,1.62,76.25,4.09
2009-06-22,27.81,0.56,77.77,4.5
2009-06-23,27.9,3.22,75.02,4.89
2009-06-24,27.96,1.2,74.29,5.14
2009-06-25,27.99,0.92,70.65,5.25
2009-06-26,27.22,0.16,71.27,5.51
2009-06-27,27.46,1.23,71.57,4.79
2009-06-28,28.88,0.59,69.63,5.09
2009-06-29,28.84,0.98,69.95,5.16
2009-06-30,28.11,5.12,73.87,4.99
2009-07-01,27.48,2.36,72.65,6.12
2009-07-02,27.53,2.29,72.43,6.07
2009-07-03,27.26,1.32,75.65,4.78
2009-07-04,26.91,0.32,77.16,5.31
2009-07-05,27.51,1.56,74.33,5.2
2009-07-06,27.2,0.32,75.62,4.93
2009-07-07,27.21,0.13,73.7,4.79
2009-07-08,27.64,6.8,73.41,4.71
2009-07-09,27.23,0.8,73.8,4.81
2009-07-10,27.93,0.15,71.93,4.14
2009-07-11,28.26,0.01,74.74,4.23
2009-07-12,28.05,0.98,74.62,4.43
2009-07-13,28.6,0.44,72.75,5.44
2009-07-14,28.02,0.05,73.55,5.63
2009-07-15,27.6,2.07,70.9,5.54
2009-07-16,27.04,3.64,76.55,5.1
2009-07-17,26.49,11.86,78.9,5.67
2009-07-18,27.33,0.39,75.08,5.15
2009-07-19,27.58,0.22,72.87,4.82
2009-07-20,27.96,0.89,70.51,5.39
2009-07-21,28.29,0.33,68.23,5.8
2009-07-22,28.39,0.02,69.59,4.9
2009-07-23,28.45,0.03,69.81,4.48
2009-07-24,28.84,0.0,65.41,3.04
2009-07-25,29.56,0.0,66.37,3.42
2009-07-26,28.96,0.01,67.76,4.12
2009-07-27,28.6,0.1,71.69,4.91
2009-07-28,28.81,0.98,71.02,4.57
2009-07-29,28.88,5.13,73.02,3.92
2009-07-30,28.75,0.76,71.2,3.58
2009-07-31,28.09,1.06,75.1,4.38
2009-08-01,28.45,0.11,68.93,4.84
2009-08-02,28.72,0.01,70.59,4.9
2009-08-03,29.19,0.0,69.06,5.08
2009-08-04,29.03,1.12,69.13,5.3
2009-08-05,29.12,0.11,69.88,5.18
2009-08-06,29.32,0.01,69.74,5.12
2009-08-07,29.41,0.0,67.36,5.13
2009-08-08,29.5,0.0,67.67,4.73
2009-08-09,29.58,0.0,67.35,5.06
2009-08-10,29.58,0.07,67.31,5.32
2009-08-11,30.08,0.53,65.41,3.93
2009-08-12,30.19,0.07,63.78,4.05
2009-08-13,29.13,4.03,68.63,3.99
2009-08-14,29.28,0.86,69.95,2.95
2009-08-15,28.28,0.27,68.97,2.44
2009-08-16,28.79,6.7,67.89,2.94
2009-08-17,27.18,4.47,73.15,2.38
2009-08-18,28.66,1.62,68.44,2.02
2009-08-19,28.85,0.96,69.3,2.19
2009-08-20,27.71,8.05,76.47,1.3
2009-08-21,27.31,3.43,78.94,3.28
2009-08-22,27.22,1.37,76.68,3.5
2009-08-23,28.27,2.31,72.63,4.32
2009-08-24,28.17,0.32,72.72,4.92
2009-08-25,28.53,0.13,70.47,4.8
2009-08-26,27.99,2.46,73.49,4.68
2009-08-27,28.09,1.51,73.0,5.19
2009-08-28,28.23,0.32,73.55,4.93
2009-08-29,28.81,1.06,70.85,4.53
2009-08-30,28.62,0.07,70.94,4.56
2009-08-31,28.04,2.83,74.61,3.89
2009-09-01,27.41,7.7,77.14,4.47
2009-09-02,27.08,3.24,76.29,5.09
2009-09-03,27.55,0.57,74.86,5.08
2009-09-04,27.89,0.31,71.71,5.99
2009-09-05,28.19,1.13,69.85,6.45
2009-09-06,27.25,0.2,75.93,6.18
2009-09-07,28.24,0.06,73.68,5.8
2009-09-08,28.85,0.05,71.22,5.07
2009-09-09,29.05,0.01,70.32,4.47
2009-09-10,29.71,0.0,66.33,3.46
2009-09-11,30.25,0.0,62.54,3.25
2009-09-12,30.49,3.55,63.63,2.72
2009-09-13,30.46,0.44,64.76,2.74
2009-09-14,30.19,0.01,64.43,4.55
2009-09-15,30.31,0.11,63.55,3.81
2009-09-16,29.91,3.85,66.56,3.66
2009-09-17,28.21,3.72,75.79,3.1
2009-09-18,28.15,6.15,75.86,3.22
2009-09-19,28.39,0.16,70.19,4.42
2009-09-20,28.78,0.81,69.35,3.76
2009-09-21,29.0,0.57,71.35,3.08
2009-09-22,28.57,1.37,72.05,3.74
2009-09-23,28.79,1.31,72.18,3.73
2009-09-24,28.89,0.12,70.88,3.48
2009-09-25,28.9,3.32,70.43,4.5
2009-09-26,28.89,1.01,69.35,4.21
2009-09-27,28.44,0.2,72.63,4.42
2009-09-28,29.04,0.1,72.09,4.91
2009-09-29,28.62,0.1,70.58,5.22
2009-09-30,28.82,0.11,71.9,5.3
2009-10-01,28.01,2.84,71.86,6.06
2009-10-02,27.15,0.7,77.24,6.46
2009-10-03,28.65,0.02,69.68,6.02
2009-10-04,28.71,0.0,69.15,5.17
2009-10-05,28.81,0.0,67.05,4.91
2009-10-06,29.23,0.0,65.22,4.14
2009-10-07,29.8,0.0,64.28,4.29
2009-10-08,29.5,3.07,65.08,3.49
2009-10-09,30.29,0.15,62.56,2.96
2009-10-10,30.39,0.0,61.0,2.66
2009-10-11,30.42,0.01,61.28,2.83
2009-10-12,29.62,3.42,64.33,2.4
2009-10-13,28.93,1.14,68.35,2.04
2009-10-14,29.29,0.12,66.49,1.98
2009-10-15,29.7,0.01,62.27,1.48
2009-10-16,29.87,0.01,61.4,1.62
2009-10-17,30.34,0.0,60.52,2.04
2009-10-18,30.74,0.01,59.59,1.75
2009-10-19,29.93,3.4,63.69,1.88
2009-10-20,29.88,0.29,63.69,2.05
2009-10-21,29.91,0.0,60.71,1.93
2009-10-22,30.58,0.0,53.21,2.78
2009-10-23,29.99,0.0,52.52,2.33
2009-10-24,29.84,0.01,52.71,1.71
2009-10-25,29.8,0.19,56.57,1.65
2009-10-26,30.41,0.15,57.49,2.49
2009-10-27,29.96,0.8,58.97,2.38
2009-10-28,28.59,10.38,71.31,2.83
2009-10-29,27.09,23.02,84.48,3.23
2009-10-30,27.26,8.41,79.25,3.74
2009-10-31,27.5,9.83,79.99,3.42
2009-11-01,27.24,3.31,78.86,3.15
2009-11-02,28.07,0.73,74.42,4.52
2009-11-03,27.8,4.62,78.03,3.56
2009-11-04,26.56,45.94,89.44,3.19
2009-11-05,26.42,45.59,87.3,3.57
2009-11-06,25.99,23.93,89.5,2.78
2009-11-07,26.07,21.62,90.21,4.04
2009-11-08,26.17,32.3,93.41,2.69
2009-11-09,26.09,30.53,90.83,2.91
2009-11-10,26.1,7.35,83.91,2.43
2009-11-11,26.32,2.66,84.9,1.52
2009-11-12,27.13,3.86,84.55,1.31
2009-11-13,26.31,5.6,88.23,1.86
2009-11-14,25.31,36.1,91.22,2.82
2009-11-15,24.83,22.12,90.56,2.28
2009-11-16,25.98,4.74,87.75,2.25
2009-11-17,26.75,1.06,86.09,1.76
2009-11-18,24.66,4.42,89.42,2.04
2009-11-19,26.46,6.04,85.15,1.4
2009-11-20,26.16,2.92,87.39,1.77
2009-11-21,25.43,6.84,87.72,1.0
2009-11-22,25.55,9.09,91.55,2.2
2009-11-23,26.26,2.47,86.96,2.54
2009-11-24,26.4,0.49,84.73,1.67
2009-11-25,26.35,0.82,84.67,2.06
2009-11-26,25.63,0.12,84.63,2.54
2009-11-27,24.45,0.0,79.9,2.58
2009-11-28,24.71,0.02,83.9,3.04
2009-11-29,25.36,0.28,86.98,3.05
2009-11-30,25.29,0.64,88.27,3.22
2009-12-01,25.11,7.36,90.34,3.06
2009-12-02,25.56,10.66,89.99,2.93
2009-12-03,26.2,1.84,87.81,2.3
2009-12-04,26.27,0.29,86.34,2.27
2009-12-05,25.78,0.16,86.0,3.04
2009-12-06,24.09,0.0,80.65,2.94
2009-12-07,24.01,0.0,81.47,2.96
2009-12-08,24.78,0.0,84.79,2.91
2009-12-09,25.43,0.08,85.37,3.72
2009-12-10,24.08,0.1,82.2,4.09
2009-12-11,24.6,0.0,82.65,3.72
2009-12-12,25.29,1.61,85.89,3.13
2009-12-13,26.28,2.89,88.1,2.84
2009-12-14,26.1,4.43,88.76,3.98
2009-12-15,25.9,4.59,88.73,3.35
2009-12-16,25.93,2.52,84.91,1.99
2009-12-17,25.35,1.38,89.92,2.0
2009-12-18,25.26,0.42,87.86,3.23
2009-12-19,26.02,0.62,85.13,3.33
2009-12-20,26.17,1.16,86.43,3.51
2009-12-21,26.14,8.32,88.31,4.39
2009-12-22,25.37,4.86,89.39,3.51
2009-12-23,25.14,3.65,88.3,4.02
2009-12-24,25.18,2.47,87.94,3.96
2009-12-25,24.98,0.4,84.54,3.44
2009-12-26,25.11,0.04,84.81,3.13
2009-12-27,24.52,1.3,85.66,2.92
2009-12-28,25.42,0.0,83.93,2.46
2009-12-29,25.02,0.0,82.24,2.89
2009-12-30,25.01,0.0,82.1,2.79
2009-12-31,25.03,0.0,81.66,2.23
2010-01-01,25.17,0.0,82.62,3.19
2010-01-02,25.12,0.01,83.67,3.65
2010-01-03,24.9,0.07,81.34,3.57
2010-01-04,24.59,0.0,78.24,2.74
2010-01-05,23.92,0.0,77.01,2.39
2010-01-06,24.27,0.0,79.92,3.18
2010-01-07,25.06,0.03,79.57,3.38
2010-01-08,24.78,0.43,83.4,3.08
2010-01-09,25.02,10.67,89.96,3.23
2010-01-10,25.27,8.7,85.49,1.73
2010-01-11,25.66,3.8,84.47,1.98
2010-01-12,26.28,0.09,82.09,1.78
2010-01-13,26.47,2.45,83.42,1.97
2010-01-14,26.46,0.7,81.44,3.01
2010-01-15,25.94,0.0,76.65,3.77
2010-01-16,25.91,0.01,78.82,3.97
2010-01-17,25.96,0.0,76.81,4.04
2010-01-18,26.04,0.0,75.38,3.26
2010-01-19,26.2,0.0,76.55,3.4
2010-01-20,25.84,0.0,75.96,3.53
2010-01-21,25.38,0.0,70.59,3.81
2010-01-22,24.74,0.0,67.36,3.83
2010-01-23,24.56,0.0,69.32,3.83
2010-01-24,25.11,0.06,72.05,3.33
2010-01-25,25.71,0.06,72.18,2.78
2010-01-26,26.64,0.0,71.6,3.56
2010-01-27,26.56,0.0,74.55,3.66
2010-01-28,26.64,0.0,74.33,3.98
2010-01-29,25.97,0.0,72.41,3.93
2010-01-30,26.21,0.0,69.13,3.85
2010-01-31,26.69,0.0,69.81,3.53
2010-02-01,26.5,0.0,68.42,3.41
2010-02-02,26.18,0.0,67.24,3.82
2010-02-03,25.91,0.0,66.23,3.93
2010-02-04,25.79,0.0,66.46,3.5
2010-02-05,24.63,0.0,71.92,3.72
2010-02-06,25.54,0.0,68.49,4.11
2010-02-07,26.28,0.0,65.8,4.25
2010-02-08,26.52,0.0,63.26,3.6
2010-02-09,26.34,0.0,62.38,3.27
2010-02-10,26.86,0.0,66.37,2.54
2010-02-11,27.09,0.01,68.25,2.89
2010-02-12,27.69,0.0,69.01,3.36
2010-02-13,28.35,0.0,67.37,3.28
2010-02-14,28.25,0.0,64.59,2.98
2010-02-15,27.44,0.0,67.13,2.81
2010-02-16,28.24,0.02,61.96,2.81
2010-02-17,28.27,0.0,69.29,3.17
2010-02-18,27.93,0.0,64.46,2.11
2010-02-19,28.03,0.0,65.7,1.99
2010-02-20,27.74,0.0,67.17,2.21
2010-02-21,28.51,0.0,68.13,2.82
2010-02-22,28.81,0.0,67.36,2.88
2010-02-23,28.55,0.0,65.97,2.04
2010-02-24,29.04,0.0,59.48,2.03
2010-02-25,28.98,0.0,63.22,2.2
2010-02-26,29.26,0.0,61.6,2.0
2010-02-27,29.47,0.0,60.31,2.48
2010-02-28,29.08,0.0,62.62,2.57
2010-03-01,28.81,0.0,58.83,2.85
2010-03-02,28.34,0.0,52.73,2.95
2010-03-03,27.93,0.0,50.22,2.59
2010-03-04,28.66,0.0,52.39,2.11
2010-03-05,29.63,0.0,62.39,2.51
2010-03-06,30.7,0.0,61.68,2.82
2010-03-07,31.2,0.0,60.03,3.22
2010-03-08,30.33,0.0,64.4,2.18
2010-03-09,29.55,0.0,68.31,2.33
2010-03-10,30.04,0.0,62.42,3.17
2010-03-11,29.87,0.0,63.68,3.9
2010-03-12,29.88,0.0,61.32,3.82
2010-03-13,29.84,0.0,65.26,3.32
2010-03-14,30.12,0.0,59.69,2.38
2010-03-15,30.32,0.0,56.05,1.77
2010-03-16,29.64,0.0,57.24,1.74
2010-03-17,29.8,0.01,59.38,3.1
2010-03-18,29.71,0.0,62.12,3.79
2010-03-19,29.48,0.0,62.26,3.07
2010-03-20,30.29,0.0,62.32,2.5
2010-03-21,30.62,0.0,56.51,2.03
2010-03-22,30.79,0.0,58.6,1.98
2010-03-23,31.05,0.02,60.06,2.18
2010-03-24,30.95,0.04,60.44,2.18
2010-03-25,31.21,0.0,60.45,2.17
2010-03-26,31.53,0.35,59.56,2.34
2010-03-27,31.88,0.05,58.71,3.1
2010-03-28,31.35,0.02,59.22,2.7
2010-03-29,31.53,0.07,60.59,2.34
2010-03-30,31.82,0.29,59.86,2.99
2010-03-31,30.36,15.07,69.02,3.27
2010-04-01,31.09,0.41,64.67,2.54
2010-04-02,31.45,0.01,63.13,2.98
2010-04-03,30.87,0.03,67.9,2.15
2010-04-04,30.56,0.15,66.31,1.91
2010-04-05,30.55,3.36,66.86,1.72
2010-04-06,30.89,0.52,56.62,1.8
2010-04-07,31.07,0.92,61.49,2.09
2010-04-08,29.91,0.94,70.6,1.9
2010-04-09,30.16,0.04,69.02,1.53
2010-04-10,30.75,0.0,65.27,2.15
2010-04-11,31.94,0.01,62.17,3.55
2010-04-12,31.96,0.01,62.48,3.51
2010-04-13,32.52,0.0,59.95,3.22
2010-04-14,32.28,0.01,61.22,2.51
2010-04-15,31.85,0.02,62.24,2.54
2010-04-16,31.49,0.34,64.26,2.62
2010-04-17,30.52,0.74,67.89,2.48
2010-04-18,31.0,1.45,64.23,2.95
2010-04-19,31.03,0.6,65.33,3.57
2010-04-20,31.91,0.07,61.83,3.18
2010-04-21,32.13,0.03,61.16,3.15
2010-04-22,32.91,0.01,58.59,2.89
2010-04-23,32.79,0.08,59.4,2.95
2010-04-24,31.12,0.11,65.07,3.31
2010-04-25,31.74,0.03,62.93,2.67
2010-04-26,31.0,1.22,56.3,3.03
2010-04-27,30.73,0.85,61.04,2.33
2010-04-28,31.5,0.27,62.01,2.26
2010-04-29,30.29,0.28,69.33,1.94
2010-04-30,29.27,25.67,76.85,1.52
2010-05-01,29.79,3.29,72.27,1.46
2010-05-02,30.45,12.53,71.43,1.19
2010-05-03,29.86,7.4,76.36,1.32
2010-05-04,29.92,2.26,75.86,2.34
2010-05-05,31.06,0.18,69.39,2.78
2010-05-06,31.83,0.11,67.44,2.39
2010-05-07,31.36,0.03,70.24,2.88
2010-05-08,30.58,0.54,74.79,2.51
2010-05-09,30.23,0.27,70.6,3.32
2010-05-10,30.9,0.18,65.15,2.97
2010-05-11,30.88,0.17,70.18,3.61
2010-05-12,31.77,0.02,67.93,3.04
2010-05-13,31.39,0.01,69.89,3.02
2010-05-14,30.62,0.03,72.65,4.44
2010-05-15,30.93,0.03,67.11,2.95
2010-05-16,31.75,0.06,65.74,4.24
2010-05-17,31.1,5.29,69.76,2.63
2010-05-18,30.06,1.82,71.61,5.82
2010-05-19,29.23,0.47,75.48,5.24
2010-05-20,30.07,0.11,67.63,6.67
2010-05-21,30.36,0.12,68.14,5.22
2010-05-22,29.88,0.01,71.5,4.56
2010-05-23,29.36,0.15,72.84,4.36
2010-05-24,29.86,0.15,74.53,5.23
2010-05-25,30.59,0.16,67.5,5.52
2010-05-26,30.37,0.11,68.45,5.55
2010-05-27,30.25,0.16,70.64,5.16
2010-05-28,30.24,1.35,72.74,4.97
2010-05-29,30.14,0.69,72.15,4.95
2010-05-30,29.78,0.11,68.91,5.38
2010-05-31,29.81,0.01,66.51,4.85
2010-06-01,30.4,0.0,66.09,4.12
2010-06-02,31.98,0.23,62.69,3.42
2010-06-03,31.6,0.1,64.92,2.75
2010-06-04,30.3,15.79,74.33,3.61
2010-06-05,29.35,2.99,71.28,4.79
2010-06-06,28.64,0.13,69.58,4.99
2010-06-07,28.81,0.05,68.64,4.94
2010-06-08,28.87,0.0,67.41,5.11
2010-06-09,29.28,0.99,70.38,5.57
2010-06-10,28.49,0.38,74.83,6.18
2010-06-11,28.5,0.99,77.91,6.15
2010-06-12,28.41,0.63,76.69,5.54
2010-06-13,28.55,0.17,72.64,6.77
2010-06-14,29.2,0.02,67.55,5.07
2010-06-15,29.88,0.0,65.29,4.38
2010-06-16,29.46,0.02,68.4,3.18
2010-06-17,28.67,0.64,70.52,4.12
2010-06-18,28.38,2.81,71.87,3.42
2010-06-19,29.19,1.03,70.21,4.2
2010-06-20,29.82,0.11,65.67,3.98
2010-06-21,30.0,0.33,64.56,4.22
2010-06-22,29.18,1.42,70.3,4.6
2010-06-23,28.45,1.76,74.3,5.58
2010-06-24,28.04,0.86,68.23,6.02
2010-06-25,29.01,0.15,64.28,5.84
2010-06-26,29.77,0.01,63.51,5.51
2010-06-27,29.51,0.06,69.49,5.1
2010-06-28,29.54,0.5,70.06,5.4
2010-06-29,30.02,0.07,64.24,5.45
2010-06-30,28.76,0.08,64.83,6.6
2010-07-01,28.3,0.06,60.16,6.38
2010-07-02,28.83,1.04,64.12,5.5
2010-07-03,29.09,0.87,65.87,5.5
2010-07-04,29.03,0.13,67.15,4.97
2010-07-05,29.08,0.03,63.84,5.44
2010-07-06,27.92,0.0,67.1,4.29
2010-07-07,29.11,4.59,66.73,2.48
2010-07-08,28.29,3.03,70.75,1.84
2010-07-09,28.09,4.69,74.11,1.55
2010-07-10,28.71,0.97,72.13,1.99
2010-07-11,29.27,0.03,69.4,3.0
2010-07-12,29.04,0.06,69.58,4.14
2010-07-13,28.19,7.23,70.82,4.3
2010-07-14,28.68,2.46,70.55,4.04
2010-07-15,28.45,3.65,71.79,4.77
2010-07-16,28.07,0.25,71.62,5.91
2010-07-17,28.14,3.86,69.66,5.98
2010-07-18,27.98,2.04,72.48,5.52
2010-07-19,26.9,2.36,74.39,5.95
2010-07-20,26.97,0.25,74.0,5.75
2010-07-21,27.93,0.23,71.9,5.52
2010-07-22,28.12,0.04,69.39,4.05
2010-07-23,28.33,0.01,69.08,4.34
2010-07-24,28.24,0.0,66.98,4.99
2010-07-25,28.41,0.01,65.42,5.24
2010-07-26,29.18,0.05,63.22,5.11
2010-07-27,28.57,0.05,69.36,5.37
2010-07-28,28.45,0.18,67.1,6.33
2010-07-29,28.64,0.02,66.09,5.97
2010-07-30,28.68,0.01,64.99,5.49
2010-07-31,29.19,0.0,64.8,5.0
2010-08-01,29.68,0.0,63.9,4.32
2010-08-02,29.47,0.02,65.16,4.32
2010-08-03,28.99,0.04,65.68,5.42
2010-08-04,28.59,0.02,70.51,5.5
2010-08-05,29.44,0.01,68.37,4.09
2010-08-06,30.07,0.01,65.62,4.92
2010-08-07,29.67,0.09,68.17,4.54
2010-08-08,29.66,1.22,69.7,4.45
2010-08-09,29.66,2.59,67.34,4.51
2010-08-10,30.41,0.09,63.9,4.02
2010-08-11,29.88,0.03,64.49,5.03
2010-08-12,29.07,0.25,68.88,4.4
2010-08-13,28.75,3.99,70.45,4.07
2010-08-14,27.92,0.08,73.39,4.43
2010-08-15,28.34,0.14,73.62,4.99
2010-08-16,27.96,0.09,70.05,5.84
2010-08-17,28.35,0.01,68.31,5.19
2010-08-18,28.67,0.0,64.64,4.39
2010-08-19,29.83,0.19,62.95,2.2
2010-08-20,28.3,12.49,72.47,1.76
2010-08-21,27.2,6.4,73.75,3.73
2010-08-22,28.27,0.39,70.69,4.43
2010-08-23,28.85,0.13,68.46,3.34
2010-08-24,28.11,0.16,71.25,4.81
2010-08-25,27.64,0.12,70.49,5.5
2010-08-26,28.56,0.0,68.88,5.48
2010-08-27,28.77,0.07,68.3,4.82
2010-08-28,28.71,0.2,71.02,4.44
2010-08-29,27.86,3.54,75.39,5.26
2010-08-30,26.93,0.49,74.09,5.39
2010-08-31,28.22,0.03,65.95,3.93
2010-09-01,29.47,0.0,63.03,4.05
2010-09-02,30.01,0.0,61.58,3.11
2010-09-03,29.77,1.43,63.64,3.75
2010-09-04,28.92,0.02,67.11,4.46
2010-09-05,29.33,0.02,66.03,4.39
2010-09-06,29.25,0.11,66.3,4.29
2010-09-07,29.38,0.01,67.24,4.76
2010-09-08,29.11,0.14,66.79,4.91
2010-09-09,28.8,2.98,69.57,4.26
2010-09-10,27.66,1.68,74.35,4.49
2010-09-11,29.49,1.62,62.78,2.69
2010-09-12,29.91,0.71,60.92,1.86
2010-09-13,28.96,2.71,66.25,3.71
2010-09-14,28.75,0.53,66.09,4.02
2010-09-15,29.13,0.08,66.07,4.57
2010-09-16,28.77,0.21,66.81,4.8
2010-09-17,29.36,0.19,66.41,5.19
2010-09-18,28.03,1.99,67.34,5.48
2010-09-19,29.4,0.17,63.85,4.21
2010-09-20,29.96,0.05,62.22,2.82
2010-09-21,28.71,0.19,67.57,2.44
2010-09-22,28.28,2.58,69.85,1.9
2010-09-23,28.58,1.54,72.11,1.33
2010-09-24,28.08,2.99,73.8,3.16
2010-09-25,28.7,0.31,67.97,3.14
2010-09-26,28.3,11.1,73.45,2.04
2010-09-27,27.69,9.05,79.25,2.51
2010-09-28,27.19,18.95,81.99,1.71
2010-09-29,26.73,15.1,82.69,1.72
2010-09-30,27.52,12.14,78.08,1.02
2010-10-01,27.96,3.92,74.72,1.4
2010-10-02,27.67,7.63,77.09,1.21
2010-10-03,27.06,10.95,80.1,2.02
2010-10-04,27.7,4.41,80.48,2.31
2010-10-05,27.04,12.81,84.07,3.38
2010-10-06,26.92,6.09,83.3,4.6
2010-10-07,26.88,8.2,82.5,4.71
2010-10-08,26.87,12.74,86.64,3.75
2010-10-09,27.21,4.82,84.79,3.51
2010-10-10,26.93,0.16,81.18,3.81
2010-10-11,27.36,0.0,79.06,3.85
2010-10-12,27.32,0.0,79.39,3.42
2010-10-13,27.63,0.01,75.49,3.82
2010-10-14,26.86,0.06,80.29,4.01
2010-10-15,27.32,0.05,78.51,4.71
2010-10-16,27.56,0.0,75.49,4.62
2010-10-17,27.46,0.02,76.27,4.2
2010-10-18,27.01,8.11,76.37,4.07
2010-10-19,27.16,3.12,78.18,3.1
2010-10-20,27.62,0.06,76.72,2.88
2010-10-21,27.84,0.4,74.9,3.59
2010-10-22,27.31,0.02,77.32,4.11
2010-10-23,27.96,0.43,75.54,3.65
2010-10-24,28.24,0.08,72.97,3.42
2010-10-25,28.54,0.0,72.73,2.76
2010-10-26,28.61,4.41,74.61,1.93
2010-10-27,28.21,6.82,76.38,1.43
2010-10-28,26.61,14.17,80.89,1.14
2010-10-29,26.56,18.88,82.15,1.47
2010-10-30,26.81,7.05,82.33,0.98
2010-10-31,26.85,3.01,82.23,1.52
2010-11-01,26.89,0.67,79.89,2.28
2010-11-02,27.14,0.03,79.05,2.27
2010-11-03,27.5,13.54,80.23,1.62
2010-11-04,26.68,4.75,84.24,1.47
2010-11-05,26.7,19.86,81.84,2.01
2010-11-06,25.29,5.75,82.55,2.38
2010-11-07,25.64,0.09,85.12,3.23
2010-11-08,27.29,1.17,83.79,3.27
2010-11-09,26.75,0.84,85.32,1.79
2010-11-10,26.92,13.96,82.72,1.29
2010-11-11,26.02,6.23,83.77,2.52
2010-11-12,26.25,3.15,81.37,1.55
2010-11-13,27.18,2.48,80.81,1.35
2010-11-14,26.84,0.14,81.52,2.01
2010-11-15,26.96,0.13,80.64,1.77
2010-11-16,27.12,15.55,79.32,1.34
2010-11-17,25.89,7.25,84.26,1.66
2010-11-18,26.49,5.06,82.29,1.59
2010-11-19,25.88,4.66,87.02,2.01
2010-11-20,25.93,21.45,85.32,1.16
2010-11-21,25.64,22.21,84.86,1.79
2010-11-22,25.33,45.08,86.93,1.75
2010-11-23,25.41,21.91,88.27,1.46
2010-11-24,25.2,25.69,90.5,2.36
2010-11-25,24.82,31.15,92.06,3.15
2010-11-26,24.76,10.88,91.05,2.79
2010-11-27,23.89,14.91,91.9,2.81
2010-11-28,24.72,14.78,92.96,2.69
2010-11-29,25.8,2.2,87.78,2.92
2010-11-30,25.5,7.26,89.44,2.58
2010-12-01,25.26,11.97,93.05,2.35
2010-12-02,25.06,17.75,90.92,2.18
2010-12-03,25.02,14.66,93.92,2.77
2010-12-04,23.94,2.53,92.56,3.17
2010-12-05,23.14,2.63,88.72,2.1
2010-12-06,24.25,0.22,83.6,1.17
2010-12-07,25.21,22.91,87.96,1.67
2010-12-08,25.75,15.08,91.65,2.88
2010-12-09,25.37,1.92,93.2,2.58
2010-12-10,25.59,0.16,87.34,2.92
2010-12-11,25.67,0.87,86.03,2.24
2010-12-12,25.36,0.64,85.46,2.57
2010-12-13,24.81,0.31,79.31,1.57
2010-12-14,25.15,0.69,81.39,1.24
2010-12-15,25.04,4.77,86.55,1.43
2010-12-16,25.55,3.89,85.46,1.97
2010-12-17,25.67,2.17,85.78,2.03
2010-12-18,25.41,1.08,87.95,3.32
2010-12-19,23.9,0.03,85.96,3.5
2010-12-20,25.33,1.84,88.47,3.04
2010-12-21,24.27,2.2,93.08,3.75
2010-12-22,23.25,0.0,84.45,3.39
2010-12-23,22.84,0.0,83.56,2.63
2010-12-24,22.71,0.09,85.42,2.67
2010-12-25,23.72,0.09,84.21,3.15
2010-12-26,23.96,0.0,85.58,3.17
2010-12-27,23.56,0.08,84.41,3.05
2010-12-28,22.57,1.3,89.67,3.02
2010-12-29,24.04,0.92,90.42,2.8
2010-12-30,24.66,0.28,89.16,3.49
2010-12-31,24.62,0.53,88.11,2.87
2011-01-01,24.87,0.58,87.51,1.92
2011-01-02,25.26,0.32,87.75,2.02
2011-01-03,24.73,0.24,88.62,2.52
2011-01-04,24.02,1.17,89.43,3.15
2011-01-05,23.76,0.11,88.11,3.79
2011-01-06,24.41,0.07,86.65,3.38
2011-01-07,24.43,0.06,87.8,3.31
2011-01-08,25.6,0.05,85.16,2.69
2011-01-09,25.7,0.09,82.35,2.44
2011-01-10,24.71,0.12,84.25,1.87
2011-01-11,23.87,0.04,83.29,2.12
2011-01-12,22.8,0.02,82.94,2.9
2011-01-13,22.82,0.0,82.09,3.17
2011-01-14,23.43,0.05,84.17,3.51
2011-01-15,24.58,1.95,84.93,3.88
2011-01-16,24.81,4.93,87.41,3.64
2011-01-17,25.19,0.01,85.45,2.5
2011-01-18,24.67,0.0,83.39,2.7
2011-01-19,22.96,0.0,80.03,2.61
2011-01-20,23.12,0.0,81.52,2.55
2011-01-21,23.97,0.0,81.23,2.99
2011-01-22,24.32,0.01,78.99,3.74
2011-01-23,24.26,0.02,80.64,3.89
2011-01-24,24.43,0.01,77.64,4.22
2011-01-25,24.36,0.01,78.9,3.77
2011-01-26,24.9,0.52,80.14,4.34
2011-01-27,25.13,0.22,78.77,4.34
2011-01-28,25.11,0.01,80.23,3.62
2011-01-29,26.03,0.06,78.2,4.18
2011-01-30,25.9,0.36,79.66,4.37
2011-01-31,25.72,0.17,76.95,4.51
2011-02-01,25.66,0.08,76.54,4.18
2011-02-02,25.34,0.02,73.43,4.46
2011-02-03,24.96,0.21,78.05,4.21
2011-02-04,25.11,0.04,77.35,3.38
2011-02-05,25.78,0.03,74.08,3.81
2011-02-06,25.79,0.06,73.55,3.77
2011-02-07,25.98,0.06,75.69,3.81
2011-02-08,26.28,0.01,68.14,3.01
2011-02-09,25.93,0.17,72.59,2.84
2011-02-10,25.99,0.01,68.25,3.3
2011-02-11,25.08,0.0,71.33,3.41
2011-02-12,25.58,0.0,70.22,3.44
2011-02-13,25.14,0.0,67.45,3.35
2011-02-14,25.48,0.0,69.17,2.29
2011-02-15,26.78,0.0,69.06,1.7
2011-02-16,27.73,0.0,68.33,1.71
2011-02-17,28.2,0.0,68.78,1.8
2011-02-18,28.48,0.0,70.62,1.86
2011-02-19,28.83,0.0,69.68,1.77
2011-02-20,28.37,0.0,71.81,1.77
2011-02-21,28.38,0.87,71.14,1.67
2011-02-22,27.03,9.45,79.21,2.14
2011-02-23,27.73,2.41,73.03,2.62
2011-02-24,27.34,8.5,76.06,2.32
2011-02-25,27.68,0.68,70.77,2.33
2011-02-26,27.83,0.4,68.44,2.25
2011-02-27,27.72,0.01,66.1,3.24
2011-02-28,27.5,0.06,68.12,3.78
2011-03-01,27.51,0.09,69.04,4.07
2011-03-02,27.58,0.0,64.44,3.86
2011-03-03,27.49,0.0,68.02,3.39
2011-03-04,28.17,0.01,68.89,2.8
2011-03-05,28.7,0.0,67.23,2.45
2011-03-06,28.72,0.0,64.7,2.68
2011-03-07,27.91,0.0,62.56,2.62
2011-03-08,28.29,0.0,61.77,2.48
2011-03-09,28.96,0.0,56.35,2.15
2011-03-10,28.45,0.0,55.92,2.14
2011-03-11,28.53,0.0,53.93,1.83
2011-03-12,29.13,0.0,61.13,2.6
2011-03-13,29.99,0.07,64.74,3.67
2011-03-14,29.76,0.03,64.59,3.91
2011-03-15,30.04,0.01,61.69,3.69
2011-03-16,29.53,0.01,62.36,3.83
2011-03-17,28.79,0.0,61.7,4.12
2011-03-18,28.24,0.0,63.19,3.3
2011-03-19,29.59,0.0,65.54,2.45
2011-03-20,30.29,0.0,62.59,1.92
2011-03-21,31.15,0.0,56.22,2.23
2011-03-22,31.12,0.01,59.02,2.85
2011-03-23,30.64,0.0,62.19,2.33
2011-03-24,31.15,0.01,59.91,1.83
2011-03-25,31.37,0.08,59.2,1.81
2011-03-26,30.95,0.04,60.78,1.99
2011-03-27,30.97,0.01,60.95,2.25
2011-03-28,31.14,0.01,59.93,2.04
2011-03-29,31.19,0.01,58.14,2.21
2011-03-30,30.54,0.0,61.32,2.33
2011-03-31,30.48,0.0,61.09,2.51
2011-04-01,31.1,0.0,58.16,2.8
2011-04-02,31.6,0.01,57.54,3.34
2011-04-03,31.88,0.03,56.23,3.02
2011-04-04,31.92,0.01,54.38,2.98
2011-04-05,31.56,0.0,53.84,2.88
2011-04-06,30.25,0.0,55.96,2.44
2011-04-07,30.13,0.0,56.04,2.47
2011-04-08,30.21,0.05,59.16,2.44
2011-04-09,30.68,0.8,61.23,2.23
2011-04-10,29.68,1.02,67.35,2.16
2011-04-11,29.94,0.12,65.35,2.08
2011-04-12,30.32,1.3,63.63,2.37
2011-04-13,30.6,0.24,63.7,2.28
2011-04-14,31.42,0.11,59.21,2.25
2011-04-15,30.83,0.03,62.38,2.52
2011-04-16,30.49,0.04,59.75,2.53
2011-04-17,30.3,0.98,61.26,1.87
2011-04-18,30.4,0.59,63.18,2.32
2011-04-19,29.42,0.76,67.24,2.42
2011-04-20,29.68,0.67,61.75,2.54
2011-04-21,29.92,2.38,63.87,2.21
2011-04-22,28.38,8.42,75.39,2.45
2011-04-23,27.41,12.56,80.03,3.84
2011-04-24,28.63,5.18,71.88,1.92
2011-04-25,28.3,1.84,72.21,1.63
2011-04-26,29.32,0.48,71.72,1.49
2011-04-27,29.45,0.38,72.71,1.73
2011-04-28,28.86,0.51,78.35,1.95
2011-04-29,29.36,1.47,75.07,3.31
2011-04-30,29.72,0.45,71.35,3.62
2011-05-01,30.39,0.14,67.75,3.44
2011-05-02,29.81,0.18,72.84,3.41
2011-05-03,29.64,7.89,75.36,3.76
2011-05-04,29.97,0.06,68.92,3.87
2011-05-05,29.19,0.04,70.12,4.07
2011-05-06,29.96,0.0,65.75,4.6
2011-05-07,30.69,0.0,65.53,4.59
2011-05-08,31.1,0.0,58.67,4.99
2011-05-09,30.56,0.0,57.88,4.71
2011-05-10,30.85,0.0,56.86,4.4
2011-05-11,30.82,0.0,53.98,4.21
2011-05-12,31.22,0.0,54.8,3.82
2011-05-13,31.81,0.29,55.31,3.91
2011-05-14,32.11,0.0,56.89,3.96
2011-05-15,32.04,0.0,57.6,4.2
2011-05-16,31.69,0.02,58.98,3.6
2011-05-17,31.58,0.1,59.65,3.15
2011-05-18,31.9,0.05,59.03,3.35
2011-05-19,30.84,0.06,62.24,3.66
2011-05-20,30.71,7.75,66.98,3.95
2011-05-21,30.28,1.02,67.19,4.1
2011-05-22,29.9,0.02,65.83,3.28
2011-05-23,31.82,0.01,57.52,3.42
2011-05-24,30.62,1.57,68.18,3.7
2011-05-25,31.07,0.29,66.93,2.66
2011-05-26,30.01,0.03,67.19,4.52
2011-05-27,30.39,0.07,65.0,4.45
2011-05-28,30.93,0.05,60.78,4.84
2011-05-29,29.84,0.09,67.91,5.0
2011-05-30,30.18,0.77,68.25,5.83
2011-05-31,29.64,6.15,68.9,5.87
2011-06-01,28.96,4.36,73.48,5.65
2011-06-02,28.02,8.19,75.81,5.84
2011-06-03,28.57,1.05,75.89,4.47
2011-06-04,29.2,0.34,72.97,4.05
2011-06-05,29.12,0.35,71.39,4.8
2011-06-06,29.54,0.3,69.4,4.33
2011-06-07,29.88,0.01,69.72,4.17
2011-06-08,29.08,0.02,74.39,4.08
2011-06-09,29.58,0.41,71.93,4.34
2011-06-10,29.37,0.03,71.17,4.73
2011-06-11,29.47,0.0,70.19,4.56
2011-06-12,29.15,0.0,70.98,4.46
2011-06-13,28.69,0.22,68.62,5.06
2011-06-14,28.24,0.34,66.21,6.41
2011-06-15,28.99,0.07,63.05,5.29
2011-06-16,28.47,0.07,68.77,4.81
2011-06-17,29.22,0.12,63.82,5.11
2011-06-18,29.47,0.02,66.14,4.4
2011-06-19,30.12,0.01,64.02,5.37
2011-06-20,29.58,0.0,66.63,5.25
2011-06-21,30.12,0.0,64.11,4.67
2011-06-22,29.59,0.0,65.21,5.23
2011-06-23,30.47,0.0,63.57,4.8
2011-06-24,30.67,0.01,62.72,5.37
2011-06-25,30.01,0.01,66.67,5.1
2011-06-26,29.94,0.04,66.24,5.56
2011-06-27,29.5,0.0,61.6,6.18
2011-06-28,30.07,0.0,54.71,5.52
2011-06-29,30.78,0.0,55.71,4.35
2011-06-30,31.06,0.01,56.36,2.69
2011-07-01,30.67,0.53,60.69,3.68
2011-07-02,30.04,0.01,59.52,4.3
2011-07-03,29.95,0.0,61.7,4.1
2011-07-04,30.61,0.18,58.04,4.82
2011-07-05,28.98,1.52,57.69,5.22
2011-07-06,29.18,0.02,61.95,5.4
2011-07-07,29.72,6.16,62.26,4.57
2011-07-08,29.27,1.06,61.58,4.8
2011-07-09,27.69,7.63,73.44,3.15
2011-07-10,28.6,1.01,67.97,3.79
2011-07-11,28.98,0.07,70.06,5.25
2011-07-12,27.32,0.05,70.03,5.95
2011-07-13,28.24,0.12,64.51,5.41
2011-07-14,28.7,0.12,59.66,5.8
2011-07-15,28.66,0.94,64.04,5.46
2011-07-16,28.32,0.7,66.86,6.4
2011-07-17,28.02,0.11,68.74,5.54
2011-07-18,28.63,0.03,66.33,6.05
2011-07-19,28.96,0.01,63.84,4.91
2011-07-20,28.84,0.01,64.68,5.41
2011-07-21,29.62,0.06,62.88,5.33
2011-07-22,29.25,0.04,62.57,5.42
2011-07-23,29.11,0.21,66.5,5.1
2011-07-24,28.18,0.1,66.87,5.42
2011-07-25,27.89,0.02,66.56,5.0
2011-07-26,28.89,0.21,63.29,5.1
2011-07-27,28.06,0.01,65.77,5.44
2011-07-28,29.44,1.53,61.0,5.02
2011-07-29,28.65,0.1,60.79,5.48
2011-07-30,28.21,0.0,66.73,4.62
2011-07-31,29.43,0.0,66.49,4.93
2011-08-01,30.02,0.0,62.04,5.08
2011-08-02,28.98,0.07,68.44,5.6
2011-08-03,28.11,0.18,71.51,5.17
2011-08-04,28.9,0.02,64.43,5.12
2011-08-05,28.83,0.13,67.53,5.2
2011-08-06,28.11,1.43,66.26,5.72
2011-08-07,29.24,0.08,64.47,5.75
2011-08-08,29.15,2.15,67.87,4.66
2011-08-09,29.66,0.76,65.8,4.84
2011-08-10,30.09,0.01,61.98,4.69
2011-08-11,29.74,0.02,64.08,5.19
2011-08-12,28.98,0.02,64.47,4.65
2011-08-13,29.42,0.0,61.03,4.5
2011-08-14,30.13,0.01,55.7,2.0
2011-08-15,29.74,5.9,63.88,2.47
2011-08-16,29.13,0.88,66.97,3.16
2011-08-17,27.89,4.04,72.51,3.04
2011-08-18,27.95,0.29,69.59,4.64
2011-08-19,28.95,0.01,65.2,4.5
2011-08-20,28.99,0.05,68.31,4.9
2011-08-21,29.32,0.02,63.58,4.89
2011-08-22,28.77,0.0,66.01,4.66
2011-08-23,28.8,0.0,66.19,4.76
2011-08-24,28.23,0.54,64.5,4.87
2011-08-25,28.85,0.25,66.9,4.94
2011-08-26,28.71,0.06,67.99,4.75
2011-08-27,28.61,0.01,68.89,5.27
2011-08-28,28.48,0.12,70.85,4.9
2011-08-29,28.4,0.59,71.77,4.87
2011-08-30,29.04,0.34,66.81,4.87
2011-08-31,29.29,0.77,66.9,5.29
2011-09-01,29.49,0.15,65.63,6.02
2011-09-02,28.06,0.21,72.05,4.88
2011-09-03,28.66,0.15,66.89,4.97
2011-09-04,29.64,0.03,65.12,4.79
2011-09-05,30.03,0.11,64.21,4.63
2011-09-06,29.0,0.11,65.45,4.84
2011-09-07,28.53,0.01,67.9,4.83
2011-09-08,29.24,6.66,68.94,4.12
2011-09-09,28.79,1.8,70.42,4.15
2011-09-10,28.68,0.75,69.33,5.35
2011-09-11,28.27,0.14,69.79,5.44
2011-09-12,28.47,2.07,67.24,5.06
2011-09-13,28.15,0.14,63.11,5.6
2011-09-14,29.07,0.11,62.18,5.4
2011-09-15,28.92,0.25,65.55,5.7
2011-09-16,29.85,0.02,65.58,4.55
2011-09-17,30.08,0.29,64.7,4.2
2011-09-18,29.59,0.03,65.67,4.01
2011-09-19,29.66,0.08,64.85,4.61
2011-09-20,29.57,0.15,66.41,4.89
2011-09-21,29.0,3.49,67.43,4.82
2011-09-22,29.7,0.05,64.04,4.39
2011-09-23,28.63,0.0,64.12,3.84
2011-09-24,30.31,0.06,60.5,3.97
2011-09-25,30.61,0.05,60.79,4.03
2011-09-26,30.71,1.96,59.67,3.84
2011-09-27,31.06,0.09,58.58,3.15
2011-09-28,30.0,0.0,60.04,3.47
2011-09-29,29.66,1.38,61.18,2.01
2011-09-30,30.25,6.15,65.46,1.44
2011-10-01,28.83,2.46,73.33,1.45
2011-10-02,29.46,0.57,67.39,2.03
2011-10-03,30.26,1.1,64.94,2.14
2011-10-04,29.3,2.85,69.79,2.4
2011-10-05,28.66,3.94,70.6,2.06
2011-10-06,29.63,0.48,66.13,2.73
2011-10-07,29.63,3.44,66.71,2.94
2011-10-08,29.9,0.16,62.57,3.44
2011-10-09,29.81,0.06,63.26,2.61
2011-10-10,29.48,0.02,64.79,2.64
2011-10-11,29.83,0.94,63.16,2.34
2011-10-12,28.52,5.69,69.71,1.62
2011-10-13,28.3,7.22,75.22,1.41
2011-10-14,29.23,3.27,71.67,1.01
2011-10-15,28.55,3.05,76.48,1.42
2011-10-16,28.39,27.6,79.97,2.22
2011-10-17,27.35,12.13,79.92,2.25
2011-10-18,27.39,13.6,75.02,1.56
2011-10-19,28.09,2.06,73.41,1.91
2011-10-20,28.83,0.06,68.72,2.48
2011-10-21,28.66,0.1,72.43,1.71
2011-10-22,27.94,0.98,76.29,1.68
2011-10-23,26.69,2.46,79.1,2.1
2011-10-24,27.44,9.97,77.69,2.46
2011-10-25,26.18,17.35,83.9,2.97
2011-10-26,26.29,26.11,86.02,4.06
2011-10-27,26.75,14.01,84.08,2.86
2011-10-28,26.49,8.51,86.07,3.26
2011-10-29,25.85,7.22,89.24,3.76
2011-10-30,25.56,23.81,87.42,2.22
2011-10-31,26.22,18.67,86.63,2.5
2011-11-01,25.57,18.41,93.3,1.79
2011-11-02,25.9,2.42,85.8,1.11
2011-11-03,26.09,10.79,83.69,1.49
2011-11-04,26.11,0.84,81.9,1.65
2011-11-05,26.98,0.12,80.8,1.37
2011-11-06,26.91,1.76,82.23,0.83
2011-11-07,26.9,8.09,84.27,1.51
2011-11-08,25.59,0.23,80.29,3.03
2011-11-09,24.56,0.0,77.45,2.88
2011-11-10,24.51,0.0,72.9,2.49
2011-11-11,25.64,0.0,75.66,2.2
2011-11-12,25.03,0.0,82.38,2.02
2011-11-13,26.49,0.02,82.56,2.54
2011-11-14,26.69,1.73,82.58,2.91
2011-11-15,25.96,1.12,82.81,3.27
2011-11-16,25.77,1.45,80.01,3.02
2011-11-17,25.89,2.97,84.91,3.42
2011-11-18,26.66,7.62,85.44,3.17
2011-11-19,26.03,5.78,85.49,4.14
2011-11-20,25.29,1.61,83.37,4.59
2011-11-21,25.77,2.94,85.26,4.19
2011-11-22,25.94,0.81,82.71,4.47
2011-11-23,25.87,2.25,82.62,4.49
2011-11-24,26.22,6.39,87.72,5.06
2011-11-25,26.06,35.22,92.96,5.35
2011-11-26,26.34,31.33,90.41,5.74
2011-11-27,25.9,20.09,92.8,3.18
2011-11-28,25.81,5.06,86.19,1.39
2011-11-29,25.97,1.57,86.14,1.64
2011-11-30,26.66,3.72,88.45,3.25
2011-12-01,26.46,5.83,87.22,2.27
2011-12-02,26.1,2.67,86.22,1.8
2011-12-03,26.6,2.4,80.87,1.35
2011-12-04,26.3,0.36,80.73,1.54
2011-12-05,25.29,0.04,83.27,2.51
2011-12-06,24.93,0.0,85.48,3.14
2011-12-07,24.31,0.0,82.64,3.81
2011-12-08,24.54,0.15,82.33,3.31
2011-12-09,25.6,0.4,86.75,2.68
2011-12-10,26.35,1.29,85.73,2.75
2011-12-11,25.88,1.77,88.54,2.86
2011-12-12,24.69,1.08,90.27,3.21
2011-12-13,25.17,1.36,88.76,3.88
2011-12-14,25.79,3.28,87.43,3.96
2011-12-15,25.59,2.63,86.31,3.26
2011-12-16,25.54,4.51,81.35,4.12
2011-12-17,24.88,0.08,79.56,4.2
2011-12-18,24.03,7.33,84.34,4.76
2011-12-19,23.52,8.91,88.57,3.91
2011-12-20,23.65,0.75,85.97,4.18
2011-12-21,24.08,0.01,81.91,3.74
2011-12-22,23.92,0.12,82.48,3.72
2011-12-23,23.85,0.02,82.33,3.36
2011-12-24,24.25,1.6,80.84,3.47
2011-12-25,24.16,0.06,79.69,3.24
2011-12-26,23.81,0.0,76.88,2.7
2011-12-27,25.29,0.0,66.42,1.15
2011-12-28,25.83,0.0,67.15,1.06
2011-12-29,25.73,0.01,72.47,2.22
2011-12-30,26.26,6.5,81.45,3.06
2011-12-31,25.92,7.55,82.83,2.81
2012-01-01,25.07,0.22,79.69,2.09
2012-01-02,25.52,0.0,80.42,1.6
2012-01-03,26.14,0.0,80.43,2.33
2012-01-04,26.74,0.01,81.88,3.06
2012-01-05,26.88,0.01,80.0,3.47
2012-01-06,26.36,0.01,78.04,3.67
2012-01-07,25.76,0.13,78.56,3.54
2012-01-08,26.09,2.61,81.79,3.79
2012-01-09,26.88,0.8,80.33,2.87
2012-01-10,26.6,3.11,78.49,2.64
2012-01-11,25.83,7.87,75.22,2.25
2012-01-12,26.14,0.83,74.61,3.07
2012-01-13,26.03,0.01,74.5,3.84
2012-01-14,25.58,0.08,73.15,4.23
2012-01-15,24.32,0.0,67.93,4.28
2012-01-16,23.65,0.0,68.8,3.51
2012-01-17,24.07,0.0,67.42,2.84
2012-01-18,24.3,0.0,65.28,2.19
2012-01-19,25.17,0.0,67.16,1.83
2012-01-20,25.28,0.0,69.79,1.9
2012-01-21,25.32,0.0,70.71,2.5
2012-01-22,24.7,0.0,68.5,3.5
2012-01-23,24.63,0.0,70.23,3.72
2012-01-24,25.21,0.0,65.71,3.41
2012-01-25,24.72,0.0,65.39,3.45
2012-01-26,25.51,0.04,66.58,3.34
2012-01-27,25.86,0.47,72.76,2.9
2012-01-28,26.26,0.01,70.68,3.13
2012-01-29,26.42,0.0,66.84,3.24
2012-01-30,26.27,0.0,65.43,3.64
2012-01-31,25.98,0.09,66.82,3.91
2012-02-01,25.98,0.04,66.09,4.5
2012-02-02,26.16,0.01,66.31,4.72
2012-02-03,26.84,0.0,65.81,4.95
2012-02-04,27.28,0.0,64.74,4.24
2012-02-05,27.44,0.0,68.1,3.94
2012-02-06,26.96,0.05,71.63,3.3
2012-02-07,27.82,0.02,70.08,3.65
2012-02-08,27.34,0.03,73.57,3.1
2012-02-09,27.97,0.04,74.39,2.65
2012-02-10,27.16,0.73,75.79,2.78
2012-02-11,28.11,0.15,68.97,2.99
2012-02-12,27.91,0.0,65.53,3.37
2012-02-13,27.55,0.0,67.98,3.66
2012-02-14,28.07,0.0,66.39,3.46
2012-02-15,28.29,0.02,65.54,2.36
2012-02-16,28.55,0.0,63.49,2.31
2012-02-17,28.16,0.0,65.39,2.7
2012-02-18,27.3,0.0,66.84,3.65
2012-02-19,27.28,0.0,66.14,3.8
2012-02-20,27.84,0.0,62.3,3.38
2012-02-21,27.82,0.0,62.67,3.05
2012-02-22,27.39,0.0,62.3,3.17
2012-02-23,27.19,0.0,62.03,3.65
2012-02-24,26.58,0.0,61.54,3.21
2012-02-25,27.41,0.0,59.22,3.75
2012-02-26,27.93,0.0,56.06,3.4
2012-02-27,28.4,0.0,59.62,3.15
2012-02-28,28.7,0.04,66.92,2.34
2012-02-29,30.22,0.01,61.12,2.62
2012-03-01,29.74,0.01,65.6,2.3
2012-03-02,30.02,0.0,62.3,2.4
2012-03-03,30.77,0.0,60.29,2.91
2012-03-04,30.8,0.0,56.44,3.08
2012-03-05,29.54,0.0,59.94,2.36
2012-03-06,29.88,0.0,60.37,2.36
2012-03-07,30.65,0.0,57.97,2.25
2012-03-08,31.06,0.01,56.76,3.45
2012-03-09,30.82,0.0,53.84,2.85
2012-03-10,30.61,0.0,57.25,2.15
2012-03-11,29.91,0.18,59.84,3.04
2012-03-12,28.38,5.91,68.69,2.85
2012-03-13,28.29,5.56,73.28,2.64
2012-03-14,28.51,0.85,68.41,2.37
2012-03-15,29.09,6.56,69.84,2.43
2012-03-16,29.74,0.15,66.24,2.13
2012-03-17,29.55,0.0,65.35,1.99
2012-03-18,29.37,0.0,62.75,1.85
2012-03-19,29.83,0.0,61.74,2.31
2012-03-20,29.95,0.0,64.19,2.71
2012-03-21,30.06,0.0,62.33,2.79
2012-03-22,30.63,0.04,62.04,2.66
2012-03-23,30.11,0.01,59.2,2.04
2012-03-24,29.6,0.0,53.86,2.11
2012-03-25,29.01,0.0,49.71,2.76
2012-03-26,28.89,0.0,52.05,2.74
2012-03-27,29.59,0.15,60.94,2.49
2012-03-28,30.28,0.07,60.12,2.06
2012-03-29,29.82,0.37,63.96,1.58
2012-03-30,30.97,0.13,60.09,2.9
2012-03-31,30.63,8.58,63.89,2.63
2012-04-01,29.28,11.39,72.69,1.84
2012-04-02,28.29,0.12,73.14,1.62
2012-04-03,29.12,0.03,68.62,1.93
2012-04-04,30.14,0.02,64.21,2.29
2012-04-05,30.99,0.01,61.48,2.63
2012-04-06,31.43,0.01,60.39,2.47
2012-04-07,30.9,0.01,62.0,2.47
2012-04-08,30.89,0.05,63.02,2.42
2012-04-09,31.17,0.05,60.42,2.14
2012-04-10,31.35,0.02,60.2,2.84
2012-04-11,31.38,0.08,60.51,2.67
2012-04-12,31.82,0.41,58.09,2.54
2012-04-13,30.81,0.12,62.02,2.25
2012-04-14,29.15,4.25,72.31,1.57
2012-04-15,28.84,1.6,73.66,1.43
2012-04-16,29.58,0.1,68.13,1.75
2012-04-17,31.17,0.01,60.93,3.1
2012-04-18,30.66,0.01,63.07,3.7
2012-04-19,31.22,0.01,60.41,2.42
2012-04-20,30.51,0.09,62.74,2.85
2012-04-21,32.22,0.07,56.58,2.88
2012-04-22,32.3,0.12,57.54,2.2
2012-04-23,31.12,0.18,65.17,3.42
2012-04-24,29.5,18.95,74.39,2.27
2012-04-25,27.91,2.5,78.58,3.24
2012-04-26,28.73,5.33,75.75,1.84
2012-04-27,29.3,1.2,73.0,3.82
2012-04-28,29.53,0.13,70.66,3.7
2012-04-29,29.32,0.73,75.76,3.06
2012-04-30,29.45,0.29,72.3,3.86
2012-05-01,29.01,2.03,72.65,3.82
2012-05-02,29.71,0.04,69.38,3.71
2012-05-03,29.8,0.19,70.14,4.58
2012-05-04,29.46,0.25,71.59,4.65
2012-05-05,29.41,0.07,71.66,4.98
2012-05-06,30.98,0.11,62.22,3.77
2012-05-07,31.44,1.67,60.44,2.69
2012-05-08,30.73,10.5,67.1,2.82
2012-05-09,30.13,7.04,68.65,3.09
2012-05-10,30.63,0.7,64.99,2.38
2012-05-11,29.3,25.32,76.23,3.13
2012-05-12,29.13,4.62,74.91,4.05
2012-05-13,30.29,0.03,69.35,3.18
2012-05-14,30.1,0.01,70.9,3.73
2012-05-15,29.41,0.06,74.45,4.28
2012-05-16,29.96,0.18,73.05,4.25
2012-05-17,29.67,0.02,73.08,4.4
2012-05-18,29.1,0.0,75.82,3.24
2012-05-19,30.26,0.0,71.91,4.12
2012-05-20,29.81,0.13,73.82,3.48
2012-05-21,28.65,0.09,69.69,5.11
2012-05-22,27.97,0.01,75.92,3.97
2012-05-23,29.55,0.01,69.42,4.53
2012-05-24,29.75,0.0,70.26,5.38
2012-05-25,28.04,0.01,78.23,4.05
2012-05-26,27.74,0.01,77.93,3.7
2012-05-27,28.8,0.0,72.47,5.28
2012-05-28,29.46,0.03,71.81,5.05
2012-05-29,29.71,0.01,70.17,4.41
2012-05-30,29.26,0.0,71.51,4.95
2012-05-31,29.8,0.01,68.19,5.3
2012-06-01,30.07,0.01,61.56,4.86
2012-06-02,30.42,0.0,66.91,5.37
2012-06-03,30.38,4.6,68.09,5.82
2012-06-04,29.82,0.51,69.6,5.46
2012-06-05,30.2,0.03,63.42,5.95
2012-06-06,29.48,0.25,65.77,5.89
2012-06-07,28.88,0.03,68.33,6.17
2012-06-08,29.79,0.01,63.0,5.14
2012-06-09,29.78,0.0,65.81,5.36
2012-06-10,29.95,0.0,65.86,4.94
2012-06-11,30.38,0.0,64.11,5.17
2012-06-12,30.08,0.02,64.86,5.37
2012-06-13,29.28,0.2,61.13,4.85
2012-06-14,28.44,0.58,67.35,5.22
2012-06-15,29.2,0.29,67.78,5.41
2012-06-16,29.32,0.21,66.23,5.82
2012-06-17,29.07,0.34,61.26,6.36
2012-06-18,28.98,0.05,63.41,5.46
2012-06-19,29.21,0.14,67.2,5.33
2012-06-20,28.73,0.03,69.77,5.41
2012-06-21,28.61,0.02,69.81,4.98
2012-06-22,29.11,0.1,68.2,4.94
2012-06-23,29.78,0.01,65.91,5.17
2012-06-24,29.74,0.0,65.84,4.78
2012-06-25,30.35,0.0,63.38,4.48
2012-06-26,29.31,0.02,66.62,4.45
2012-06-27,29.53,0.07,62.15,4.65
2012-06-28,27.96,0.05,68.66,4.44
2012-06-29,28.62,0.03,66.9,4.71
2012-06-30,29.13,0.09,64.14,5.26
2012-07-01,28.96,0.81,62.79,6.25
2012-07-02,28.66,0.29,65.39,6.39
2012-07-03,29.07,0.04,65.9,5.89
2012-07-04,29.63,0.03,66.06,5.33
2012-07-05,29.63,0.05,66.84,5.33
2012-07-06,29.82,0.01,66.34,4.95
2012-07-07,29.46,0.01,67.73,4.91
2012-07-08,30.16,0.01,64.4,4.87
2012-07-09,28.68,0.57,72.11,5.33
2012-07-10,28.9,0.76,66.82,5.93
2012-07-11,29.75,0.14,62.41,5.5
2012-07-12,30.03,0.0,62.13,4.65
2012-07-13,30.11,1.09,62.85,4.71
2012-07-14,29.69,0.23,64.63,3.18
2012-07-15,30.0,0.06,62.64,2.33
2012-07-16,29.67,0.13,63.69,1.66
2012-07-17,30.26,3.07,64.26,2.82
2012-07-18,29.89,0.28,62.2,3.93
2012-07-19,29.88,0.0,64.5,5.16
2012-07-20,29.83,0.02,66.31,5.41
2012-07-21,29.49,0.01,65.5,5.6
2012-07-22,29.61,0.19,65.16,6.0
2012-07-23,29.82,0.02,64.84,5.66
2012-07-24,29.88,0.04,65.36,5.28
2012-07-25,29.64,0.01,65.96,5.45
2012-07-26,30.11,0.01,62.65,5.39
2012-07-27,30.22,0.0,61.6,5.08
2012-07-28,29.18,0.02,65.93,5.06
2012-07-29,29.51,0.0,65.67,5.0
2012-07-30,28.85,0.0,68.01,4.85
2012-07-31,29.88,0.0,64.43,4.71
2012-08-01,30.22,0.0,61.88,4.47
2012-08-02,30.0,0.0,62.09,5.13
2012-08-03,29.89,0.0,63.8,5.2
2012-08-04,29.93,0.06,64.14,5.46
2012-08-05,29.4,0.01,67.64,5.04
2012-08-06,29.8,0.06,65.57,4.72
2012-08-07,30.03,0.11,62.44,4.62
2012-08-08,29.32,0.25,66.46,4.94
2012-08-09,29.53,0.04,64.41,4.95
2012-08-10,29.5,0.01,64.4,5.31
2012-08-11,28.85,5.3,67.73,5.36
2012-08-12,29.0,0.57,66.28,4.62
2012-08-13,28.36,0.03,68.45,3.79
2012-08-14,28.91,0.45,64.42,4.33
2012-08-15,29.43,0.95,65.25,4.93
2012-08-16,28.38,6.69,71.26,4.06
2012-08-17,27.1,2.06,73.48,5.19
2012-08-18,28.0,0.14,67.57,5.24
2012-08-19,28.98,0.0,62.2,4.59
2012-08-20,29.84,0.0,62.63,4.15
2012-08-21,30.19,0.26,61.38,3.99
2012-08-22,30.26,0.02,61.4,3.31
2012-08-23,30.5,0.02,61.16,4.31
2012-08-24,29.73,8.7,66.59,3.76
2012-08-25,28.08,0.71,73.15,4.56
2012-08-26,28.15,0.04,72.36,4.54
2012-08-27,28.68,0.2,67.11,5.04
2012-08-28,28.99,0.12,66.46,5.03
2012-08-29,28.41,0.57,70.07,4.93
2012-08-30,27.71,0.24,74.85,4.96
2012-08-31,28.09,2.18,72.93,4.86
2012-09-01,29.12,0.43,66.84,4.69
2012-09-02,29.86,0.04,66.61,4.93
2012-09-03,28.52,0.17,71.87,4.98
2012-09-04,28.2,0.16,67.27,5.56
2012-09-05,30.19,0.01,62.32,4.57
2012-09-06,30.33,0.62,64.52,4.64
2012-09-07,29.87,0.25,64.58,4.32
2012-09-08,29.53,0.27,61.98,4.54
2012-09-09,28.49,0.25,65.11,4.97
2012-09-10,29.09,0.09,61.69,5.44
2012-09-11,29.96,0.01,59.59,5.07
2012-09-12,30.06,0.0,61.8,4.61
2012-09-13,29.59,0.54,66.12,4.63
2012-09-14,28.97,0.24,69.48,5.29
2012-09-15,29.16,0.31,68.04,5.41
2012-09-16,30.37,0.38,60.8,4.66
2012-09-17,30.4,1.86,63.34,4.03
2012-09-18,30.31,1.67,62.28,3.74
2012-09-19,30.73,0.14,59.78,3.61
2012-09-20,30.7,0.01,60.4,4.52
2012-09-21,30.19,0.03,63.09,4.13
2012-09-22,29.94,0.42,63.73,4.13
2012-09-23,30.3,0.13,60.8,4.45
2012-09-24,30.39,3.18,61.11,4.49
2012-09-25,30.35,0.08,58.91,4.35
2012-09-26,30.1,0.27,62.55,3.93
2012-09-27,29.26,7.29,68.02,2.66
2012-09-28,28.29,3.28,73.16,2.95
2012-09-29,29.13,0.41,68.47,2.91
2012-09-30,29.51,0.16,65.09,4.57
2012-10-01,28.89,0.01,65.46,4.17
2012-10-02,29.75,0.0,64.86,4.35
2012-10-03,30.17,0.1,62.93,4.0
2012-10-04,30.35,0.04,62.2,3.84
2012-10-05,31.02,0.03,59.51,3.5
2012-10-06,30.47,0.35,58.4,3.34
2012-10-07,30.97,10.97,62.06,1.92
2012-10-08,29.43,5.91,73.18,1.04
2012-10-09,29.62,3.87,67.83,2.33
2012-10-10,29.12,5.89,69.4,2.07
2012-10-11,28.5,15.26,76.22,2.15
2012-10-12,27.98,5.45,78.86,2.02
2012-10-13,28.24,1.03,75.02,2.34
2012-10-14,27.08,10.78,83.25,2.21
2012-10-15,26.66,9.23,82.38,2.26
2012-10-16,26.16,14.67,83.37,2.31
2012-10-17,26.71,40.0,80.95,1.58
2012-10-18,26.82,16.9,82.8,2.08
2012-10-19,26.06,32.87,90.6,3.03
2012-10-20,26.12,7.86,87.11,2.54
2012-10-21,26.52,10.47,85.33,1.75
2012-10-22,26.58,18.06,88.04,2.68
2012-10-23,26.33,14.87,89.02,2.8
2012-10-24,26.07,9.57,90.8,2.56
2012-10-25,26.18,1.2,88.42,2.19
2012-10-26,26.63,0.74,86.86,2.06
2012-10-27,26.79,1.25,87.96,2.6
2012-10-28,26.57,5.51,87.66,2.64
2012-10-29,26.2,6.55,88.03,1.99
2012-10-30,25.67,1.29,86.29,2.08
2012-10-31,26.58,2.47,83.01,3.15
2012-11-01,26.43,1.69,87.49,5.23
2012-11-02,27.04,0.15,83.03,3.14
2012-11-03,26.58,0.02,83.31,2.73
2012-11-04,26.56,0.0,77.64,1.75
2012-11-05,26.46,0.0,79.9,1.8
2012-11-06,26.43,2.03,80.99,1.32
2012-11-07,26.53,8.41,83.97,1.19
2012-11-08,26.18,8.52,85.04,0.68
2012-11-09,26.13,9.68,87.67,1.76
2012-11-10,26.67,2.52,85.23,2.34
2012-11-11,26.34,0.69,84.0,2.63
2012-11-12,25.98,0.03,83.23,2.32
2012-11-13,25.6,0.06,82.76,2.63
2012-11-14,25.28,0.03,73.95,2.97
2012-11-15,24.5,0.0,74.64,2.56
2012-11-16,25.05,0.0,75.03,2.62
2012-11-17,25.83,0.38,77.36,2.21
2012-11-18,26.99,0.0,75.57,1.36
2012-11-19,27.72,0.0,75.85,1.07
2012-11-20,27.81,0.0,75.73,1.05
2012-11-21,27.92,0.0,74.44,1.13
2012-11-22,27.67,1.67,79.04,1.34
2012-11-23,27.83,9.72,82.2,1.33
2012-11-24,26.44,20.08,86.48,2.93
2012-11-25,25.77,7.09,91.57,3.38
2012-11-26,25.79,1.25,88.59,3.27
2012-11-27,25.94,0.23,84.81,3.29
2012-11-28,25.91,0.01,78.82,3.55
2012-11-29,25.17,0.0,77.65,3.12
2012-11-30,24.79,0.0,76.03,2.69
2012-12-01,24.57,0.0,74.71,2.67
2012-12-02,24.88,0.01,77.47,2.89
2012-12-03,26.03,1.16,82.28,2.42
2012-12-04,25.53,1.69,90.03,3.14
2012-12-05,26.41,0.11,80.05,3.5
2012-12-06,26.86,10.9,84.73,3.83
2012-12-07,26.68,1.06,82.99,3.81
2012-12-08,26.75,0.44,83.01,3.09
2012-12-09,26.06,10.51,81.06,2.72
2012-12-10,25.06,0.01,79.16,2.57
2012-12-11,25.73,0.01,79.28,2.47
2012-12-12,26.0,0.01,79.0,2.35
2012-12-13,25.97,0.0,77.71,2.44
2012-12-14,26.0,0.0,75.37,3.4
2012-12-15,25.51,0.08,79.5,3.98
2012-12-16,25.87,0.23,74.64,4.71
2012-12-17,25.84,0.16,72.06,5.33
2012-12-18,26.03,1.38,75.91,4.81
2012-12-19,25.41,3.01,82.34,3.65
2012-12-20,25.88,1.57,84.03,3.87
2012-12-21,26.52,1.07,80.65,3.9
2012-12-22,26.32,0.12,74.68,3.98
2012-12-23,25.96,0.15,74.51,4.56
2012-12-24,26.67,0.11,74.34,3.98
2012-12-25,26.73,1.12,78.18,4.6
2012-12-26,26.85,4.8,78.96,3.76
2012-12-27,25.86,12.69,86.88,4.17
2012-12-28,25.77,3.12,89.26,3.57
2012-12-29,26.96,0.7,83.97,3.84
2012-12-30,27.12,0.31,83.62,2.52
2012-12-31,27.14,0.12,78.83,3.04
2013-01-01,27.24,0.0,76.28,2.89
2013-01-02,26.72,0.0,72.58,2.74
2013-01-03,26.98,0.01,76.03,2.81
2013-01-04,26.98,0.1,75.25,2.07
2013-01-05,26.94,0.01,78.5,2.3
2013-01-06,27.67,0.01,75.76,2.97
2013-01-07,27.26,1.25,73.57,3.08
2013-01-08,25.96,8.53,84.42,2.47
2013-01-09,26.12,2.7,84.76,3.03
2013-01-10,26.5,0.57,75.12,3.59
2013-01-11,26.39,0.0,74.59,3.57
2013-01-12,26.29,0.0,71.51,3.39
2013-01-13,25.78,0.0,65.48,3.63
2013-01-14,24.93,0.0,70.6,3.03
2013-01-15,25.72,0.0,70.79,3.5
2013-01-16,25.87,0.0,66.83,3.82
2013-01-17,25.78,0.0,66.11,3.66
2013-01-18,26.01,0.0,67.91,3.39
2013-01-19,26.49,0.0,67.12,3.3
2013-01-20,26.46,0.01,70.71,3.03
2013-01-21,27.23,0.0,69.87,3.68
2013-01-22,26.71,0.0,64.95,3.87
2013-01-23,27.16,0.02,69.99,3.53
2013-01-24,27.57,0.03,67.22,3.77
2013-01-25,27.28,0.01,66.42,3.98
2013-01-26,27.07,0.0,63.38,3.91
2013-01-27,26.81,0.0,66.07,3.72
2013-01-28,27.29,0.0,63.52,3.25
2013-01-29,27.36,0.0,64.13,2.95
2013-01-30,27.37,0.0,65.44,3.59
2013-01-31,26.98,0.0,64.51,4.33
2013-02-01,26.64,0.0,61.33,3.97
2013-02-02,26.89,0.0,65.63,3.73
2013-02-03,27.0,0.0,65.28,3.74
2013-02-04,27.73,0.03,67.14,2.96
2013-02-05,27.61,0.71,74.09,2.79
2013-02-06,28.01,1.34,70.83,3.12
2013-02-07,28.79,0.02,62.56,2.36
2013-02-08,28.55,0.0,66.67,1.82
2013-02-09,28.52,0.01,69.33,2.98
2013-02-10,28.6,0.0,63.04,4.17
2013-02-11,28.48,1.49,65.31,4.7
2013-02-12,28.35,1.59,69.73,4.65
2013-02-13,27.16,9.12,78.3,3.87
2013-02-14,26.06,7.28,78.55,2.27
2013-02-15,26.06,0.19,77.45,2.36
2013-02-16,28.42,0.03,69.36,2.13
2013-02-17,29.08,2.31,67.43,2.31
2013-02-18,29.05,2.54,68.26,2.33
2013-02-19,28.35,2.67,72.73,1.92
2013-02-20,28.44,0.43,70.06,3.3
2013-02-21,28.15,0.0,63.57,3.89
2013-02-22,27.47,0.0,65.44,3.73
2013-02-23,27.73,0.0,63.89,3.39
2013-02-24,27.83,0.0,62.78,3.05
2013-02-25,27.99,0.0,62.37,2.72
2013-02-26,27.4,0.0,61.19,2.82
2013-02-27,27.82,0.0,59.82,2.98
2013-02-28,28.57,0.0,60.2,2.77
2013-03-01,28.91,0.0,60.59,3.18
2013-03-02,28.34,0.0,63.1,3.73
2013-03-03,28.71,0.0,58.71,3.74
2013-03-04,28.78,1.66,64.41,3.91
2013-03-05,27.43,16.73,79.07,3.88
2013-03-06,27.8,6.67,81.51,3.47
2013-03-07,28.46,0.51,75.89,3.91
2013-03-08,28.02,6.15,78.22,2.97
2013-03-09,28.18,2.93,76.92,2.34
2013-03-10,28.9,0.03,70.62,2.22
2013-03-11,28.64,0.05,68.68,2.12
2013-03-12,28.55,0.0,64.34,1.96
2013-03-13,28.71,0.0,61.34,1.98
2013-03-14,28.56,0.0,64.15,1.89
2013-03-15,28.48,7.35,70.16,2.39
2013-03-16,27.14,15.13,75.08,2.37
2013-03-17,28.96,0.18,65.61,2.67
2013-03-18,29.12,0.0,66.72,2.42
2013-03-19,28.78,0.0,66.54,2.12
2013-03-20,29.38,0.0,67.93,2.22
2013-03-21,29.02,0.0,64.81,2.23
2013-03-22,28.68,0.0,60.38,2.06
2013-03-23,28.77,0.0,60.13,1.74
2013-03-24,29.36,0.09,63.69,2.2
2013-03-25,30.05,0.43,63.79,1.97
2013-03-26,30.02,0.11,64.81,1.85
2013-03-27,29.88,0.05,66.19,1.98
2013-03-28,30.77,0.01,62.96,2.33
2013-03-29,31.32,0.01,61.23,2.49
2013-03-30,31.55,0.03,61.63,2.2
2013-03-31,31.02,0.01,62.57,2.4
2013-04-01,31.8,0.0,57.24,2.47
2013-04-02,32.1,0.0,56.89,2.86
2013-04-03,31.16,0.0,61.14,2.25
2013-04-04,32.41,0.0,57.42,2.97
2013-04-05,31.6,0.0,57.99,3.41
2013-04-06,32.75,0.0,55.86,3.3
2013-04-07,33.06,0.0,54.2,3.28
2013-04-08,31.96,0.01,60.25,3.11
2013-04-09,31.52,0.22,61.69,2.81
2013-04-10,31.66,0.01,57.64,2.76
2013-04-11,32.01,0.0,57.02,2.43
2013-04-12,31.75,0.1,59.97,2.48
2013-04-13,32.03,0.2,59.45,2.45
2013-04-14,31.68,0.37,61.81,2.81
2013-04-15,29.0,36.77,77.01,3.04
2013-04-16,31.0,0.47,65.57,2.88
2013-04-17,31.07,0.0,65.57,3.48
2013-04-18,31.59,0.0,61.4,3.07
2013-04-19,31.66,0.0,58.3,2.36
2013-04-20,31.61,0.0,58.67,2.91
2013-04-21,30.97,0.23,61.23,3.08
2013-04-22,30.76,0.29,62.6,3.4
2013-04-23,30.77,0.0,63.6,2.89
2013-04-24,31.12,1.43,64.19,2.25
2013-04-25,30.8,1.28,66.79,1.7
2013-04-26,29.98,0.33,70.56,1.68
2013-04-27,30.92,0.06,64.69,2.04
2013-04-28,32.09,0.04,60.31,3.08
2013-04-29,32.33,0.36,60.59,2.91
2013-04-30,31.47,0.57,64.73,2.23
2013-05-01,30.28,2.48,68.99,2.06
2013-05-02,30.57,1.77,67.32,3.17
2013-05-03,30.74,0.13,68.06,4.04
2013-05-04,31.0,0.05,67.93,3.74
2013-05-05,30.73,0.03,68.39,1.85
2013-05-06,30.68,0.24,65.53,1.81
2013-05-07,31.01,1.49,66.29,2.34
2013-05-08,30.25,15.83,71.16,3.62
2013-05-09,30.2,2.83,70.39,3.47
2013-05-10,31.23,0.02,66.68,2.9
2013-05-11,30.84,0.02,69.47,3.79
2013-05-12,29.94,0.21,71.56,5.18
2013-05-13,27.48,0.11,76.55,3.48
2013-05-14,29.5,0.08,68.82,5.1
2013-05-15,30.74,0.0,62.79,4.93
2013-05-16,30.75,0.0,60.56,3.7
2013-05-17,32.09,0.0,56.51,4.71
2013-05-18,31.52,0.0,58.25,4.18
2013-05-19,32.03,0.0,61.43,4.04
2013-05-20,30.6,0.0,67.82,4.47
2013-05-21,30.45,0.01,59.6,4.66
2013-05-22,30.69,0.15,65.27,5.45
2013-05-23,30.32,0.05,67.75,5.62
2013-05-24,30.38,0.1,69.34,5.81
2013-05-25,30.11,0.32,66.55,5.58
2013-05-26,30.75,0.05,60.24,4.42
2013-05-27,29.44,0.04,66.33,4.95
2013-05-28,28.95,0.02,67.82,4.53
2013-05-29,29.47,0.01,66.52,4.54
2013-05-30,29.9,4.54,66.72,4.79
2013-05-31,28.63,3.96,71.52,5.26
2013-06-01,28.38,0.72,70.63,5.13
2013-06-02,28.55,2.86,70.02,5.76
2013-06-03,28.81,0.4,69.24,6.07
2013-06-04,29.34,0.2,67.71,5.23
2013-06-05,30.08,0.05,66.19,4.66
2013-06-06,29.86,0.39,66.97,5.07
2013-06-07,28.84,0.94,68.95,5.23
2013-06-08,28.39,0.41,70.01,5.97
2013-06-09,29.51,0.05,65.2,5.79
2013-06-10,29.84,0.06,65.17,5.39
2013-06-11,28.89,0.49,71.32,5.55
2013-06-12,28.62,1.09,66.01,6.61
2013-06-13,28.66,0.25,62.74,7.18
2013-06-14,29.44,0.05,69.76,5.57
2013-06-15,29.11,0.8,70.36,6.18
2013-06-16,28.89,0.54,70.74,6.04
2013-06-17,28.37,0.31,67.31,6.17
2013-06-18,28.75,0.07,66.71,5.41
2013-06-19,28.69,0.4,70.38,5.56
2013-06-20,28.83,0.06,67.03,5.69
2013-06-21,28.74,0.75,66.9,6.03
2013-06-22,28.46,1.0,64.81,6.1
2013-06-23,28.7,0.69,69.13,5.98
2013-06-24,28.82,0.26,71.22,5.6
2013-06-25,28.69,0.22,72.79,5.19
2013-06-26,28.71,0.07,70.55,5.06
2013-06-27,29.26,0.03,68.8,4.6
2013-06-28,29.22,0.02,66.62,4.2
2013-06-29,29.09,0.1,67.43,4.27
2013-06-30,28.42,0.17,71.08,5.59
2013-07-01,28.05,0.04,66.05,5.5
2013-07-02,28.32,0.16,67.91,6.01
2013-07-03,28.26,0.03,67.08,6.32
2013-07-04,29.17,0.05,65.24,6.06
2013-07-05,28.89,0.04,64.82,5.53
2013-07-06,30.26,0.2,59.29,4.9
2013-07-07,28.78,0.07,65.36,5.55
2013-07-08,28.47,0.16,67.24,5.49
2013-07-09,28.17,0.31,68.89,5.64
2013-07-10,28.05,2.51,67.62,5.63
2013-07-11,28.37,0.02,63.73,5.1
2013-07-12,28.66,0.1,64.84,5.59
2013-07-13,27.92,0.0,67.82,4.91
2013-07-14,29.03,0.17,66.94,4.5
2013-07-15,29.25,0.01,65.48,5.53
2013-07-16,28.3,0.05,66.59,6.0
2013-07-17,28.08,0.27,70.74,5.32
2013-07-18,28.27,0.7,67.61,6.12
2013-07-19,27.63,1.01,70.37,5.98
2013-07-20,27.52,0.44,71.47,5.45
2013-07-21,27.95,0.12,67.17,5.52
2013-07-22,27.91,0.2,69.83,5.61
2013-07-23,27.97,0.67,68.65,5.92
2013-07-24,28.17,1.34,68.57,6.21
2013-07-25,27.92,0.3,70.83,5.45
2013-07-26,27.9,0.25,71.57,4.83
2013-07-27,28.85,0.04,68.99,4.18
2013-07-28,29.81,0.0,64.04,4.19
2013-07-29,28.25,0.0,63.66,4.42
2013-07-30,28.5,0.0,65.89,5.58
2013-07-31,28.35,0.0,69.45,5.98
2013-08-01,28.77,0.17,67.0,6.04
2013-08-02,28.86,0.12,64.83,6.17
2013-08-03,28.61,0.11,65.24,5.04
2013-08-04,27.69,3.9,68.82,5.83
2013-08-05,27.04,1.61,71.0,6.4
2013-08-06,28.06,0.1,67.36,5.25
2013-08-07,28.18,0.22,68.42,4.23
2013-08-08,29.13,0.2,65.19,4.5
2013-08-09,28.47,1.67,67.73,3.84
2013-08-10,28.19,12.2,72.75,3.34
2013-08-11,28.46,0.13,71.09,3.83
2013-08-12,28.34,0.08,71.39,3.88
2013-08-13,28.3,0.05,71.5,4.5
2013-08-14,28.74,0.02,67.12,4.63
2013-08-15,28.0,0.02,71.57,4.39
2013-08-16,28.48,0.16,70.21,4.45
2013-08-17,28.69,11.64,70.92,4.05
2013-08-18,28.62,1.82,71.08,4.6
2013-08-19,28.88,0.14,69.91,4.3
2013-08-20,28.46,0.0,70.75,5.32
2013-08-21,28.82,0.0,69.65,5.15
2013-08-22,29.09,0.0,67.06,4.67
2013-08-23,29.4,0.0,65.17,4.29
2013-08-24,29.15,0.0,65.54,4.39
2013-08-25,29.89,0.0,62.99,4.21
2013-08-26,30.15,2.41,62.57,3.22
2013-08-27,29.12,10.74,70.13,2.04
2013-08-28,28.32,15.66,74.72,2.08
2013-08-29,27.83,2.56,76.18,2.27
2013-08-30,27.96,0.3,77.7,1.71
2013-08-31,28.38,0.12,74.95,1.14
2013-09-01,28.32,1.11,76.11,2.03
2013-09-02,28.27,0.25,75.5,3.05
2013-09-03,27.71,1.36,75.44,3.81
2013-09-04,27.94,1.38,72.11,3.58
2013-09-05,27.96,2.29,72.47,3.83
2013-09-06,26.79,5.4,78.36,3.3
2013-09-07,27.64,0.24,72.5,3.91
2013-09-08,27.44,0.8,73.19,4.12
2013-09-09,26.73,0.13,72.51,4.91
2013-09-10,28.24,0.32,68.92,4.77
2013-09-11,28.0,1.64,72.15,5.01
2013-09-12,28.04,1.1,72.4,5.13
2013-09-13,28.07,0.2,73.43,4.72
2013-09-14,28.75,0.14,70.5,5.02
2013-09-15,28.03,0.07,73.07,5.3
2013-09-16,28.51,0.25,74.41,4.98
2013-09-17,28.3,0.37,71.81,6.34
2013-09-18,28.31,0.07,69.71,5.45
2013-09-19,28.38,0.15,72.49,5.45
2013-09-20,28.44,0.05,74.25,5.59
2013-09-21,28.75,0.01,72.78,4.97
2013-09-22,29.56,0.0,67.75,4.83
2013-09-23,30.03,0.0,64.89,4.23
2013-09-24,29.9,0.0,65.02,3.97
2013-09-25,30.69,0.09,60.67,3.81
2013-09-26,30.37,0.0,62.24,3.53
2013-09-27,30.7,0.0,60.56,3.63
2013-09-28,30.19,0.0,62.7,4.53
2013-09-29,29.63,0.51,63.8,5.15
2013-09-30,29.33,0.09,65.46,4.56
2013-10-01,30.28,0.17,63.15,4.61
2013-10-02,29.36,0.09,67.3,4.7
2013-10-03,29.56,0.36,64.69,4.64
2013-10-04,29.51,0.0,59.36,4.4
2013-10-05,28.85,0.0,59.56,3.99
2013-10-06,29.45,0.0,63.81,4.15
2013-10-07,29.08,0.27,67.16,4.04
2013-10-08,28.62,7.98,74.2,3.74
2013-10-09,27.64,1.22,70.54,3.05
2013-10-10,28.85,0.23,67.19,3.32
2013-10-11,29.5,0.05,66.14,4.65
2013-10-12,29.28,0.06,66.83,4.96
2013-10-13,29.54,0.18,67.57,4.72
2013-10-14,30.76,0.04,61.46,3.08
2013-10-15,30.7,4.44,62.57,2.9
2013-10-16,28.21,26.64,78.48,1.97
2013-10-17,27.29,3.68,80.23,1.67
2013-10-18,26.9,8.7,79.04,1.29
2013-10-19,26.25,43.83,85.33,2.06
2013-10-20,26.0,16.48,85.54,1.95
2013-10-21,25.92,6.9,85.21,2.2
2013-10-22,27.05,0.84,81.84,3.43
2013-10-23,27.35,0.16,80.83,3.51
2013-10-24,27.68,0.01,78.7,3.03
2013-10-25,27.5,0.11,77.7,3.09
2013-10-26,27.7,0.0,74.93,2.88
2013-10-27,27.73,0.0,73.6,3.21
2013-10-28,26.66,0.0,75.51,2.63
2013-10-29,27.3,0.0,71.58,1.96
2013-10-30,27.24,0.0,74.55,1.54
2013-10-31,26.53,17.04,82.33,0.73
2013-11-01,26.88,6.16,81.62,1.54
2013-11-02,26.76,20.58,87.17,2.03
2013-11-03,26.38,13.25,88.89,2.56
2013-11-04,26.1,8.45,82.93,2.05
2013-11-05,26.48,13.46,88.54,2.82
2013-11-06,26.81,11.81,85.83,2.91
2013-11-07,26.3,1.49,84.56,2.91
2013-11-08,26.54,0.51,80.82,3.19
2013-11-09,26.33,0.36,79.4,3.06
2013-11-10,26.99,0.22,79.56,2.86
2013-11-11,27.03,0.72,80.99,2.8
2013-11-12,26.79,4.28,80.53,1.77
2013-11-13,26.33,7.59,76.14,2.06
2013-11-14,25.66,0.29,80.14,1.45
2013-11-15,26.05,0.23,78.66,2.67
2013-11-16,26.32,0.8,79.21,2.45
2013-11-17,26.59,1.6,81.37,1.73
2013-11-18,26.66,4.58,82.92,2.99
2013-11-19,26.81,3.13,82.31,2.3
2013-11-20,27.29,1.6,77.71,1.33
2013-11-21,27.42,1.6,79.41,1.29
2013-11-22,27.83,0.29,76.17,1.21
2013-11-23,27.61,7.53,77.21,1.3
2013-11-24,26.86,21.43,80.71,1.06
2013-11-25,26.53,3.29,82.96,1.83
2013-11-26,26.96,0.6,80.78,1.52
2013-11-27,27.23,0.04,77.98,1.52
2013-11-28,26.52,0.0,77.49,1.88
2013-11-29,26.39,0.0,75.51,2.0
2013-11-30,26.28,1.72,80.66,2.87
2013-12-01,25.68,21.27,87.52,3.43
2013-12-02,24.94,18.6,88.02,3.32
2013-12-03,25.39,10.21,85.87,3.69
2013-12-04,25.28,4.62,86.38,3.84
2013-12-05,25.68,0.79,83.83,3.6
2013-12-06,26.28,0.06,78.53,2.87
2013-12-07,25.86,0.0,76.19,2.14
2013-12-08,26.9,0.0,80.2,1.8
2013-12-09,25.96,0.0,83.36,1.33
2013-12-10,26.42,0.0,82.08,1.2
2013-12-11,26.93,0.0,79.98,1.14
2013-12-12,26.5,22.0,78.51,1.38
2013-12-13,25.72,7.4,86.67,2.86
2013-12-14,26.19,1.98,84.45,2.35
2013-12-15,26.04,2.65,85.0,3.23
2013-12-16,23.56,0.0,76.2,3.35
2013-12-17,23.51,0.0,79.57,3.64
2013-12-18,24.49,0.0,79.88,3.53
2013-12-19,25.07,0.0,79.46,3.05
2013-12-20,25.13,0.0,80.57,3.11
2013-12-21,24.54,0.0,80.03,2.85
2013-12-22,24.49,0.0,77.46,3.55
2013-12-23,24.56,0.0,75.16,3.78
2013-12-24,25.16,0.0,79.0,4.29
2013-12-25,25.57,0.0,73.6,3.8
2013-12-26,24.96,0.0,75.61,3.79
2013-12-27,24.99,0.0,74.26,3.28
2013-12-28,25.42,0.0,72.26,2.7
2013-12-29,24.99,0.0,71.35,3.25
2013-12-30,24.83,0.0,70.65,3.51
2013-12-31,25.16,0.0,74.22,3.49
2014-01-01,25.22,0.01,74.51,4.0
2014-01-02,25.26,0.0,73.27,3.67
2014-01-03,25.74,0.01,74.42,3.5
2014-01-04,25.83,0.01,72.62,3.74
2014-01-05,25.83,0.05,69.68,2.9
2014-01-06,26.03,0.74,69.97,3.46
2014-01-07,24.64,12.26,84.27,4.63
2014-01-08,25.28,9.74,83.77,4.19
2014-01-09,25.55,3.41,80.47,3.71
2014-01-10,25.61,0.08,74.0,3.28
2014-01-11,25.26,0.0,74.68,2.79
2014-01-12,25.82,0.0,74.41,2.72
2014-01-13,25.32,0.5,80.03,3.28
2014-01-14,26.11,2.58,78.25,3.34
2014-01-15,26.29,0.21,74.04,3.0
2014-01-16,26.45,0.0,74.15,3.17
2014-01-17,26.09,0.21,70.89,3.39
2014-01-18,25.76,0.0,68.63,3.6
2014-01-19,25.98,0.0,73.14,3.53
2014-01-20,25.98,0.0,69.69,3.61
2014-01-21,26.04,0.0,69.65,3.75
2014-01-22,26.21,0.09,71.23,3.68
2014-01-23,26.35,0.16,71.64,3.44
2014-01-24,26.79,0.43,70.99,3.39
2014-01-25,26.36,0.0,68.23,3.97
2014-01-26,25.85,0.03,66.18,4.45
2014-01-27,25.8,0.0,66.65,4.18
2014-01-28,26.35,0.0,67.05,3.96
2014-01-29,26.65,0.0,63.3,3.76
2014-01-30,26.88,0.0,65.89,3.95
2014-01-31,27.08,0.0,67.54,3.9
2014-02-01,27.33,0.01,67.88,4.17
2014-02-02,27.05,0.2,68.88,4.46
2014-02-03,26.64,0.02,66.18,3.72
2014-02-04,26.33,0.0,63.88,2.99
2014-02-05,26.25,0.0,62.6,2.96
2014-02-06,26.13,0.0,64.72,3.16
2014-02-07,26.43,0.0,63.3,3.0
2014-02-08,26.39,0.0,62.24,3.1
2014-02-09,26.68,0.0,55.72,2.22
2014-02-10,27.06,0.0,59.51,2.43
2014-02-11,27.18,0.0,58.7,2.28
2014-02-12,27.67,0.0,58.13,2.0
2014-02-13,27.98,0.0,61.38,2.18
2014-02-14,28.39,0.0,63.98,2.4
2014-02-15,28.61,0.0,62.9,1.94
2014-02-16,29.53,0.0,62.36,2.16
2014-02-17,29.45,0.0,64.43,2.28
2014-02-18,29.01,0.0,65.87,3.76
2014-02-19,28.78,0.01,64.54,3.56
2014-02-20,28.66,0.21,64.92,3.43
2014-02-21,28.66,0.09,60.67,3.32
2014-02-22,28.57,0.02,60.48,3.17
2014-02-23,28.31,0.0,59.61,3.3
2014-02-24,27.92,3.09,71.99,4.09
2014-02-25,28.24,0.51,69.28,4.24
2014-02-26,28.3,0.01,60.57,3.46
2014-02-27,28.34,0.3,66.34,2.64
2014-02-28,28.44,2.88,67.82,2.74
2014-03-01,29.12,0.29,60.99,3.02
2014-03-02,28.77,0.42,62.16,2.61
2014-03-03,29.16,0.01,61.11,2.6
2014-03-04,29.29,0.45,63.63,3.11
2014-03-05,28.54,4.83,68.75,3.19
2014-03-06,28.28,2.99,69.57,3.0
2014-03-07,28.67,0.31,66.37,3.33
2014-03-08,28.61,0.01,66.31,3.18
2014-03-09,28.81,0.0,62.86,3.87
2014-03-10,29.21,0.0,60.4,3.48
2014-03-11,28.88,0.0,60.77,4.23
2014-03-12,28.42,0.0,60.36,3.88
2014-03-13,28.36,0.0,63.22,3.74
2014-03-14,28.3,0.0,63.24,3.44
2014-03-15,27.98,0.0,62.22,3.36
2014-03-16,28.45,0.0,64.14,3.41
2014-03-17,29.07,0.0,64.44,3.74
2014-03-18,30.17,0.0,60.63,3.59
2014-03-19,29.55,0.04,65.87,2.76
2014-03-20,30.1,0.06,63.5,2.34
2014-03-21,30.56,0.02,60.17,2.08
2014-03-22,30.8,0.0,58.64,2.02
2014-03-23,30.33,0.0,60.5,2.15
2014-03-24,30.14,0.0,57.54,2.14
2014-03-25,29.77,0.0,57.46,2.69
2014-03-26,29.34,0.0,59.89,3.14
2014-03-27,29.53,0.0,60.08,3.03
2014-03-28,29.0,0.0,59.41,2.38
2014-03-29,29.24,0.0,58.23,2.34
2014-03-30,30.12,0.0,51.69,1.86
2014-03-31,30.74,0.0,55.16,2.5
2014-04-01,31.61,0.0,55.84,2.64
2014-04-02,31.72,0.01,57.61,2.76
2014-04-03,30.77,0.01,65.34,2.17
2014-04-04,30.87,0.02,60.87,2.01
2014-04-05,30.7,0.06,63.54,1.88
2014-04-06,29.08,0.1,69.35,1.99
2014-04-07,29.87,0.07,65.27,2.13
2014-04-08,30.0,0.04,63.78,2.56
2014-04-09,31.57,0.03,59.12,2.52
2014-04-10,31.37,0.07,61.29,2.61
2014-04-11,31.69,0.02,57.34,2.63
2014-04-12,32.17,0.06,56.01,2.93
2014-04-13,31.79,0.09,58.89,2.57
2014-04-14,30.31,0.35,65.37,1.93
2014-04-15,29.57,0.04,66.84,1.54
2014-04-16,31.23,0.08,58.2,2.28
2014-04-17,32.34,0.09,56.02,2.65
2014-04-18,32.02,0.02,57.8,2.39
2014-04-19,31.71,0.01,59.23,2.56
2014-04-20,31.26,0.01,62.14,2.13
2014-04-21,30.78,0.05,65.3,1.79
2014-04-22,30.31,0.07,66.81,1.74
2014-04-23,30.25,2.03,65.88,1.67
2014-04-24,30.94,2.38,64.06,1.49
2014-04-25,31.5,0.59,63.26,2.08
2014-04-26,31.58,0.06,63.85,2.1
2014-04-27,31.24,0.67,65.88,2.31
2014-04-28,31.37,0.25,63.6,1.28
2014-04-29,30.71,0.43,54.03,2.1
2014-04-30,30.82,3.51,58.02,2.1
2014-05-01,30.76,1.36,61.84,2.26
2014-05-02,30.63,4.91,65.21,1.91
2014-05-03,29.85,2.31,71.87,1.54
2014-05-04,29.79,4.99,72.18,1.13
2014-05-05,28.32,8.09,78.84,2.83
2014-05-06,27.01,52.0,89.55,3.43
2014-05-07,27.56,37.79,86.09,5.04
2014-05-08,28.23,7.66,82.83,4.22
2014-05-09,28.64,0.66,82.4,3.55
2014-05-10,28.69,0.15,81.82,3.35
2014-05-11,29.12,0.07,79.82,2.36
2014-05-12,29.13,10.1,81.29,2.43
2014-05-13,28.84,5.8,81.28,2.87
2014-05-14,29.16,0.41,78.32,3.41
2014-05-15,29.64,0.07,75.46,3.09
2014-05-16,28.97,0.02,72.84,3.42
2014-05-17,28.94,0.0,72.66,3.23
2014-05-18,30.0,0.0,70.56,2.09
2014-05-19,29.92,0.02,74.68,3.04
2014-05-20,30.02,0.21,75.51,3.58
2014-05-21,29.07,2.93,75.44,3.45
2014-05-22,29.55,0.21,75.87,4.08
2014-05-23,29.99,0.02,74.54,4.05
2014-05-24,29.42,0.39,78.08,3.84
2014-05-25,28.73,0.11,77.65,4.23
2014-05-26,28.89,5.1,76.85,3.77
2014-05-27,29.46,0.89,77.6,3.05
2014-05-28,29.34,2.91,79.3,3.41
2014-05-29,29.22,0.67,77.36,3.77
2014-05-30,29.69,0.03,75.72,4.11
2014-05-31,29.98,0.01,75.15,4.47
2014-06-01,29.77,2.99,77.55,4.44
2014-06-02,29.07,1.28,76.93,4.46
2014-06-03,28.37,0.14,75.72,3.4
2014-06-04,29.44,0.08,72.89,4.36
2014-06-05,29.34,0.04,73.55,5.13
2014-06-06,29.62,0.05,71.67,5.7
2014-06-07,29.78,0.11,68.19,6.74
2014-06-08,29.66,0.31,67.94,6.1
2014-06-09,28.5,0.12,76.65,5.17
2014-06-10,27.96,0.09,77.88,4.73
2014-06-11,28.63,0.15,76.48,5.15
2014-06-12,29.38,0.07,71.61,5.69
2014-06-13,28.99,0.02,70.04,4.37
2014-06-14,29.79,0.0,71.3,4.02
2014-06-15,29.79,0.0,68.72,4.41
2014-06-16,29.84,0.0,69.84,5.17
2014-06-17,29.6,0.03,70.75,5.33
2014-06-18,29.53,0.01,70.26,5.88
2014-06-19,29.38,0.26,72.23,5.64
2014-06-20,28.77,0.07,74.09,6.13
2014-06-21,29.68,0.01,65.88,5.85
2014-06-22,29.7,0.01,66.14,4.68
2014-06-23,30.19,0.0,66.89,5.03
2014-06-24,30.02,0.0,67.95,5.51
2014-06-25,29.86,0.0,66.43,5.61
2014-06-26,29.77,0.0,68.02,4.29
2014-06-27,30.26,0.0,67.84,3.49
2014-06-28,30.74,0.04,65.99,3.93
2014-06-29,30.74,0.01,65.47,4.94
2014-06-30,29.87,3.43,66.02,5.2
2014-07-01,28.96,0.31,71.93,5.51
2014-07-02,30.24,0.01,62.62,3.78
2014-07-03,30.03,0.0,66.98,4.65
2014-07-04,30.14,0.02,66.13,4.88
2014-07-05,29.96,0.05,67.55,5.37
2014-07-06,30.63,0.01,59.95,4.12
2014-07-07,29.53,0.09,57.83,5.4
2014-07-08,29.21,0.04,60.92,5.09
2014-07-09,29.82,0.15,61.67,5.42
2014-07-10,28.75,0.1,65.43,6.11
2014-07-11,28.56,0.01,70.64,5.71
2014-07-12,29.01,0.01,68.2,6.09
2014-07-13,29.62,0.04,65.23,6.09
2014-07-14,28.96,0.14,67.23,5.85
2014-07-15,29.2,0.3,68.16,5.33
2014-07-16,28.7,0.02,69.54,5.0
2014-07-17,29.24,0.0,67.57,4.73
2014-07-18,29.84,0.08,65.02,5.25
2014-07-19,29.64,0.01,65.17,5.83
2014-07-20,29.46,0.01,66.59,5.87
2014-07-21,29.19,0.02,67.81,5.44
2014-07-22,29.03,0.06,66.44,5.61
2014-07-23,28.84,0.15,63.77,6.15
2014-07-24,29.7,0.04,58.66,4.96
2014-07-25,29.6,0.02,60.48,5.24
2014-07-26,30.06,0.02,56.53,5.65
2014-07-27,30.06,0.02,63.25,5.46
2014-07-28,29.04,0.04,66.28,6.03
2014-07-29,29.15,0.13,67.81,5.78
2014-07-30,29.6,0.0,64.92,5.9
2014-07-31,29.25,0.71,68.38,5.22
2014-08-01,28.86,0.7,70.08,5.86
2014-08-02,29.09,0.07,67.86,5.2
2014-08-03,28.93,0.07,66.55,5.9
2014-08-04,29.07,0.07,64.04,6.13
2014-08-05,29.08,0.08,64.33,5.94
2014-08-06,29.53,0.36,61.88,5.36
2014-08-07,29.65,0.14,61.31,5.0
2014-08-08,28.63,1.28,64.22,5.49
2014-08-09,28.62,10.58,68.5,3.64
2014-08-10,27.55,1.95,73.05,4.27
2014-08-11,27.76,0.21,69.64,5.2
2014-08-12,27.93,0.01,70.91,4.55
2014-08-13,27.72,0.07,70.69,4.04
2014-08-14,27.53,0.02,71.68,4.17
2014-08-15,26.88,0.95,76.63,3.87
2014-08-16,26.84,7.69,74.94,3.58
2014-08-17,27.56,3.42,73.85,2.48
2014-08-18,27.95,10.17,77.0,1.97
2014-08-19,29.07,1.49,69.88,2.5
2014-08-20,28.48,1.28,73.95,3.04
2014-08-21,28.57,1.65,73.94,3.7
2014-08-22,27.96,6.59,76.69,4.5
2014-08-23,27.75,3.8,74.67,5.19
2014-08-24,28.3,0.22,72.69,3.97
2014-08-25,28.76,0.0,70.05,3.53
2014-08-26,28.25,0.0,72.25,4.14
2014-08-27,27.88,0.05,73.84,4.38
2014-08-28,27.88,0.27,74.56,4.8
2014-08-29,28.03,0.41,73.91,4.93
2014-08-30,28.6,0.71,71.41,5.18
2014-08-31,28.03,0.44,75.07,4.8
2014-09-01,28.16,0.46,74.53,4.89
2014-09-02,28.19,0.78,75.31,4.2
2014-09-03,27.38,1.67,74.46,4.08
2014-09-04,28.02,0.24,72.23,3.94
2014-09-05,28.11,1.01,72.18,4.4
2014-09-06,27.8,0.05,73.28,4.74
2014-09-07,27.41,0.02,73.23,5.11
2014-09-08,28.01,0.01,72.77,4.84
2014-09-09,28.87,0.03,68.11,4.92
2014-09-10,29.61,0.16,66.88,4.22
2014-09-11,29.77,0.02,63.68,3.57
2014-09-12,28.74,6.84,68.41,2.89
2014-09-13,28.5,0.73,71.75,3.49
2014-09-14,28.6,0.63,72.29,4.22
2014-09-15,28.88,0.06,70.24,4.53
2014-09-16,28.51,0.02,71.45,4.65
2014-09-17,29.3,0.0,68.7,5.1
2014-09-18,28.9,0.0,69.08,5.0
2014-09-19,29.5,0.0,67.14,4.9
2014-09-20,29.93,0.0,64.15,4.64
2014-09-21,30.87,0.0,59.42,2.78
2014-09-22,31.09,0.0,60.06,2.43
2014-09-23,31.15,1.12,63.02,2.25
2014-09-24,29.7,1.6,70.59,2.55
2014-09-25,29.12,4.93,72.81,2.18
2014-09-26,28.49,5.99,75.35,2.34
2014-09-27,27.72,6.96,78.84,1.83
2014-09-28,27.08,19.82,85.23,1.47
2014-09-29,27.26,14.01,82.29,1.2
2014-09-30,27.63,7.43,78.88,1.3
2014-10-01,28.11,2.48,77.18,1.43
2014-10-02,28.3,0.33,74.22,1.12
2014-10-03,28.4,0.24,71.04,1.8
2014-10-04,27.78,0.29,78.75,2.75
2014-10-05,28.1,3.85,77.05,2.97
2014-10-06,28.27,6.7,77.39,3.6
2014-10-07,27.66,2.02,80.12,3.55
2014-10-08,28.28,0.94,73.58,3.88
2014-10-09,28.19,8.28,77.19,2.39
2014-10-10,28.53,1.56,75.87,3.76
2014-10-11,28.17,0.0,73.48,4.23
2014-10-12,28.44,0.05,71.37,4.11
2014-10-13,29.12,0.6,74.49,3.38
2014-10-14,28.55,0.99,79.11,2.66
2014-10-15,28.83,4.96,75.28,1.57
2014-10-16,28.17,10.39,76.97,1.98
2014-10-17,26.27,57.86,82.09,2.16
2014-10-18,24.97,29.96,91.34,3.48
2014-10-19,25.32,40.71,89.19,2.67
2014-10-20,25.55,22.2,89.16,2.16
2014-10-21,25.46,25.7,89.83,2.45
2014-10-22,25.24,29.88,92.38,2.59
2014-10-23,26.11,7.52,85.97,1.26
2014-10-24,26.52,0.75,83.75,1.2
2014-10-25,27.28,7.18,83.36,1.4
2014-10-26,26.32,3.75,86.0,1.09
2014-10-27,26.74,5.49,86.11,1.36
2014-10-28,27.13,2.78,83.16,1.18
2014-10-29,26.55,8.65,84.44,0.72
2014-10-30,25.81,4.87,88.97,1.44
2014-10-31,25.96,0.59,82.56,1.08
2014-11-01,25.73,15.12,83.1,1.06
2014-11-02,26.26,23.44,81.8,1.56
2014-11-03,26.36,11.91,81.86,0.97
2014-11-04,25.25,0.89,84.56,1.53
2014-11-05,26.82,0.04,81.73,1.98
2014-11-06,26.84,0.03,76.17,1.37
2014-11-07,26.68,0.0,73.38,1.09
2014-11-08,26.92,0.01,79.61,1.49
2014-11-09,26.96,0.02,79.01,1.9
2014-11-10,26.85,0.0,82.09,1.54
2014-11-11,26.85,2.83,83.67,1.79
2014-11-12,26.6,2.61,86.34,2.73
2014-11-13,25.52,10.1,92.16,2.12
2014-11-14,26.17,19.8,91.21,2.36
2014-11-15,26.59,11.81,87.28,2.9
2014-11-16,26.03,4.85,87.91,3.15
2014-11-17,25.87,6.06,88.61,3.91
2014-11-18,25.33,15.77,90.82,3.65
2014-11-19,25.86,7.98,90.88,3.81
2014-11-20,25.23,4.66,91.89,3.59
2014-11-21,24.98,17.61,91.85,3.69
2014-11-22,25.52,11.43,89.65,2.92
2014-11-23,25.42,6.03,90.38,3.37
2014-11-24,25.33,1.34,89.89,4.0
2014-11-25,23.98,0.26,88.33,3.85
2014-11-26,24.07,0.7,89.27,3.48
2014-11-27,23.9,20.31,91.84,3.06
2014-11-28,22.15,14.35,91.73,3.42
2014-11-29,22.19,3.52,86.06,3.0
2014-11-30,22.19,2.18,89.45,3.1
2014-12-01,24.34,5.91,92.58,4.38
2014-12-02,24.69,1.25,89.83,4.1
2014-12-03,24.33,0.01,85.33,3.27
2014-12-04,23.24,0.0,84.88,3.08
2014-12-05,23.53,0.0,85.39,3.1
2014-12-06,23.93,0.0,87.34,3.13
2014-12-07,24.69,0.12,90.39,2.91
2014-12-08,25.38,6.15,90.31,2.76
2014-12-09,25.37,3.08,89.75,2.72
2014-12-10,24.93,14.17,91.54,1.96
2014-12-11,24.72,2.49,91.43,2.16
2014-12-12,25.39,7.02,88.8,2.49
2014-12-13,25.12,2.55,90.13,2.65
2014-12-14,25.36,9.08,89.45,2.59
2014-12-15,25.61,0.71,88.16,2.93
2014-12-16,25.89,2.46,90.98,3.38
2014-12-17,25.77,6.63,90.72,4.53
2014-12-18,25.58,4.19,89.84,4.63
2014-12-19,25.33,6.18,90.48,4.44
2014-12-20,23.88,1.13,89.91,4.29
2014-12-21,24.54,0.19,86.68,3.15
2014-12-22,24.3,0.01,89.28,3.41
2014-12-23,25.27,0.57,87.46,3.33
2014-12-24,25.46,1.4,88.07,3.79
2014-12-25,24.92,0.09,86.71,3.5
2014-12-26,23.34,0.12,82.91,3.24
2014-12-27,23.61,0.89,84.4,3.16
2014-12-28,23.69,1.82,87.84,3.16
2014-12-29,26.03,0.96,82.43,1.83
2014-12-30,26.22,0.05,84.66,1.46
2014-12-31,26.59,4.21,87.21,1.59
2015-01-01,26.06,1.0,85.31,2.28
2015-01-02,24.92,0.0,79.03,1.69
2015-01-03,24.96,0.0,78.55,1.25
2015-01-04,25.37,0.0,82.66,1.76
2015-01-05,25.32,0.0,85.39,2.43
2015-01-06,25.21,0.0,83.07,2.33
2015-01-07,24.59,0.0,82.21,2.33
2015-01-08,24.92,0.0,81.92,2.03
2015-01-09,25.02,0.0,82.62,2.5
2015-01-10,24.54,0.0,79.83,3.44
2015-01-11,23.38,0.0,78.02,3.71
2015-01-12,23.26,0.0,76.0,3.34
2015-01-13,23.39,0.0,76.03,3.36
2015-01-14,23.92,0.0,78.47,2.91
2015-01-15,23.92,0.0,75.69,2.75
2015-01-16,24.58,0.0,81.21,2.69
2015-01-17,25.45,0.01,81.89,3.55
2015-01-18,25.3,0.0,78.96,3.59
2015-01-19,24.74,0.0,75.03,3.41
2015-01-20,24.37,0.0,77.36,3.16
2015-01-21,24.49,0.02,76.57,3.64
2015-01-22,24.91,0.22,77.11,3.1
2015-01-23,25.94,0.02,77.75,2.8
2015-01-24,25.98,0.01,77.36,3.46
2015-01-25,26.06,0.0,73.77,4.01
2015-01-26,25.45,0.01,74.36,3.9
2015-01-27,25.59,0.0,74.86,3.54
2015-01-28,26.01,0.01,76.6,3.63
2015-01-29,26.46,0.02,74.92,2.96
2015-01-30,26.49,0.0,73.91,2.9
2015-01-31,26.23,0.0,69.2,3.73
2015-02-01,25.99,0.0,71.64,3.64
2015-02-02,26.01,0.01,70.02,4.21
2015-02-03,26.22,0.03,69.95,4.64
2015-02-04,25.12,1.02,76.95,4.1
2015-02-05,25.96,0.25,74.9,4.17
2015-02-06,26.01,0.03,73.85,3.68
2015-02-07,26.36,0.05,72.1,3.41
2015-02-08,26.69,0.0,67.63,3.29
2015-02-09,26.84,0.04,71.29,3.51
2015-02-10,26.65,0.11,71.92,3.68
2015-02-11,27.17,0.03,71.78,3.71
2015-02-12,27.92,0.01,70.84,3.97
2015-02-13,27.92,0.01,71.16,3.16
2015-02-14,27.84,0.0,66.37,2.92
2015-02-15,27.32,0.0,63.36,3.04
2015-02-16,27.05,0.0,61.32,3.04
2015-02-17,26.89,0.0,59.73,2.51
2015-02-18,26.77,0.0,56.41,2.48
2015-02-19,27.06,0.0,56.87,2.56
2015-02-20,26.91,0.0,59.66,3.4
2015-02-21,27.14,0.0,65.2,3.82
2015-02-22,27.14,0.0,61.94,3.82
2015-02-23,27.31,0.0,62.19,3.67
2015-02-24,27.83,0.03,65.66,3.15
2015-02-25,28.55,0.1,67.12,2.71
2015-02-26,28.82,4.24,68.47,1.88
2015-02-27,28.65,1.32,70.58,1.61
2015-02-28,28.66,0.35,69.64,2.16
2015-03-01,28.88,0.04,67.33,2.05
2015-03-02,29.33,0.07,67.11,2.16
2015-03-03,29.21,0.11,65.18,2.17
2015-03-04,29.75,0.0,59.44,1.65
2015-03-05,29.73,0.02,62.98,2.15
2015-03-06,29.74,0.19,64.66,2.25
2015-03-07,29.67,0.33,63.04,2.73
2015-03-08,29.03,0.16,63.01,2.94
2015-03-09,29.32,0.02,63.21,2.9
2015-03-10,29.06,0.0,59.48,3.26
2015-03-11,28.37,0.0,63.1,3.48
2015-03-12,29.33,0.07,63.86,4.04
2015-03-13,29.45,0.14,64.07,3.73
2015-03-14,28.85,4.67,67.4,3.39
2015-03-15,28.85,3.62,71.54,3.06
2015-03-16,28.55,5.13,74.25,3.11
2015-03-17,28.81,0.27,66.94,2.71
2015-03-18,27.34,0.0,64.05,1.73
2015-03-19,28.38,0.0,57.98,1.9
2015-03-20,28.68,0.0,62.01,2.3
2015-03-21,29.2,0.02,63.93,2.88
2015-03-22,29.01,0.0,63.41,2.38
2015-03-23,29.68,0.0,62.48,2.11
2015-03-24,29.94,0.0,66.26,2.29
2015-03-25,29.3,0.0,67.87,2.2
2015-03-26,29.92,0.0,62.83,2.65
2015-03-27,30.07,0.08,63.0,3.51
2015-03-28,30.1,1.81,64.51,3.06
2015-03-29,29.97,2.88,67.14,2.67
2015-03-30,29.93,0.88,65.87,2.43
2015-03-31,28.89,8.05,72.14,1.38
2015-04-01,28.57,9.75,76.06,1.63
2015-04-02,29.44,3.5,70.76,1.78
2015-04-03,30.99,0.13,64.46,2.38
2015-04-04,31.32,0.17,65.19,2.28
2015-04-05,30.39,0.05,70.26,2.51
2015-04-06,30.37,0.03,68.69,2.19
2015-04-07,29.81,0.41,71.14,2.06
2015-04-08,28.68,3.22,70.35,1.83
2015-04-09,28.62,1.31,73.03,1.9
2015-04-10,29.26,1.21,73.16,1.4
2015-04-11,30.22,7.49,67.8,1.86
2015-04-12,29.47,15.07,73.52,1.3
2015-04-13,29.02,1.93,67.84,1.89
2015-04-14,28.29,3.62,70.04,1.75
2015-04-15,28.44,32.68,73.71,1.58
2015-04-16,28.62,9.67,76.43,1.22
2015-04-17,28.61,18.44,76.39,1.26
2015-04-18,28.7,4.91,75.78,1.51
2015-04-19,29.01,0.26,75.63,1.35
2015-04-20,28.46,14.52,78.81,1.58
2015-04-21,28.07,9.47,79.67,1.75
2015-04-22,26.95,2.49,86.19,1.25
2015-04-23,28.38,0.17,79.57,2.37
2015-04-24,28.75,1.36,78.71,1.65
2015-04-25,27.67,2.68,74.8,1.85
2015-04-26,28.9,0.57,66.78,1.57
2015-04-27,28.6,0.27,73.73,1.37
2015-04-28,28.71,0.11,74.64,1.37
2015-04-29,29.69,0.06,70.34,1.65
2015-04-30,29.86,0.05,72.93,2.41
2015-05-01,29.63,0.03,75.74,2.27
2015-05-02,29.15,0.05,76.01,2.56
2015-05-03,30.1,0.1,71.64,1.92
2015-05-04,29.8,0.68,72.41,1.69
2015-05-05,29.59,2.26,72.7,1.14
2015-05-06,29.05,2.22,75.48,1.54
2015-05-07,29.42,3.35,73.21,1.46
2015-05-08,30.17,7.72,70.84,2.01
2015-05-09,29.1,9.37,78.99,2.06
2015-05-10,29.15,1.69,74.53,1.7
2015-05-11,27.6,12.07,77.19,1.97
2015-05-12,28.86,10.02,65.77,1.12
2015-05-13,28.32,11.12,76.72,1.31
2015-05-14,28.32,16.39,80.84,1.06
2015-05-15,28.37,13.04,83.71,2.21
2015-05-16,28.03,11.12,88.24,3.29
2015-05-17,27.83,9.83,89.05,4.14
2015-05-18,27.76,12.59,89.31,3.11
2015-05-19,27.87,5.24,88.72,3.44
2015-05-20,28.16,0.98,84.93,3.48
2015-05-21,28.48,0.35,84.23,3.96
2015-05-22,28.99,0.05,80.97,4.51
2015-05-23,28.24,0.78,81.23,4.08
2015-05-24,28.36,0.5,80.27,4.34
2015-05-25,28.72,0.1,81.26,3.75
2015-05-26,28.76,0.02,81.29,5.07
2015-05-27,28.37,0.16,83.75,3.49
2015-05-28,27.49,0.16,78.96,3.84
2015-05-29,28.7,0.1,77.63,4.47
2015-05-30,28.48,6.66,80.18,3.18
2015-05-31,27.96,1.38,80.55,3.9
2015-06-01,28.02,0.25,78.68,4.19
2015-06-02,27.98,23.4,82.29,3.47
2015-06-03,28.13,3.15,83.41,3.02
2015-06-04,28.3,0.7,82.19,2.78
2015-06-05,27.39,0.93,85.0,2.74
2015-06-06,28.44,0.04,78.74,2.47
2015-06-07,28.56,2.06,81.96,3.52
2015-06-08,28.36,1.08,76.22,4.33
2015-06-09,28.03,0.19,78.6,3.84
2015-06-10,28.4,0.24,80.46,3.03
2015-06-11,28.47,0.56,78.26,4.18
2015-06-12,27.55,0.23,79.56,3.97
2015-06-13,28.23,0.69,77.56,4.25
2015-06-14,28.34,0.52,76.87,3.65
2015-06-15,28.42,0.32,75.79,4.17
2015-06-16,27.76,1.56,74.51,4.47
2015-06-17,27.61,0.51,73.84,4.43
2015-06-18,27.8,0.73,78.63,4.65
2015-06-19,28.2,0.47,79.81,5.16
2015-06-20,28.98,0.13,76.56,5.29
2015-06-21,28.71,0.35,78.15,4.97
2015-06-22,28.86,0.18,77.69,4.47
2015-06-23,28.47,0.37,79.39,4.19
2015-06-24,28.7,0.39,77.93,4.37
2015-06-25,28.39,1.13,80.34,4.56
2015-06-26,27.49,1.57,71.05,5.6
2015-06-27,27.72,3.87,74.5,5.81
2015-06-28,28.33,1.39,77.52,4.67
2015-06-29,27.83,1.66,78.52,5.32
2015-06-30,28.92,5.44,73.77,4.38
2015-07-01,28.7,6.62,78.41,3.72
2015-07-02,28.94,0.09,75.62,4.1
2015-07-03,28.89,0.12,76.16,4.63
2015-07-04,28.69,0.28,77.55,4.91
2015-07-05,29.11,0.09,74.47,5.3
2015-07-06,29.0,0.01,71.68,5.61
2015-07-07,28.89,0.02,71.92,5.12
2015-07-08,28.84,0.13,71.57,5.06
2015-07-09,29.27,0.14,71.87,5.34
2015-07-10,29.06,0.49,73.63,5.34
2015-07-11,28.75,0.16,74.46,5.23
2015-07-12,29.51,0.01,70.6,4.38
2015-07-13,29.07,0.06,71.24,4.53
2015-07-14,29.16,0.27,73.54,5.31
2015-07-15,28.7,0.35,74.22,5.68
2015-07-16,29.16,0.42,71.24,5.91
2015-07-17,28.27,1.73,69.14,6.06
2015-07-18,28.64,1.01,67.36,5.98
2015-07-19,28.95,0.6,65.82,5.4
2015-07-20,28.21,0.36,72.19,4.94
2015-07-21,28.86,1.62,72.77,4.79
2015-07-22,28.58,0.97,72.38,5.11
2015-07-23,28.19,0.54,71.58,4.79
2015-07-24,28.35,0.07,69.89,4.57
2015-07-25,28.54,0.08,69.44,4.59
2015-07-26,27.7,0.04,71.23,4.45
2015-07-27,28.7,0.02,68.34,3.78
2015-07-28,29.07,2.67,68.42,2.63
2015-07-29,28.8,2.63,71.52,3.47
2015-07-30,28.5,0.0,70.86,4.32
2015-07-31,28.54,0.02,69.79,4.02
2015-08-01,30.03,0.35,65.73,3.25
2015-08-02,30.08,0.55,64.05,2.8
2015-08-03,29.02,0.22,68.44,4.66
2015-08-04,28.99,0.18,70.39,5.12
2015-08-05,28.98,0.09,69.3,5.49
2015-08-06,29.72,0.03,63.96,4.97
2015-08-07,29.07,0.03,70.21,4.8
2015-08-08,29.67,0.55,67.66,5.12
2015-08-09,29.75,0.15,68.49,5.86
2015-08-10,29.32,0.79,68.01,5.78
2015-08-11,29.7,0.12,66.63,5.75
2015-08-12,29.84,0.11,65.09,5.83
2015-08-13,29.36,0.58,67.24,4.85
2015-08-14,30.95,0.32,62.0,4.21
2015-08-15,30.05,0.67,65.76,3.08
2015-08-16,28.24,14.9,74.82,2.25
2015-08-17,29.13,1.47,70.91,2.3
2015-08-18,29.12,2.92,71.72,2.28
2015-08-19,28.34,1.02,74.72,3.06
2015-08-20,28.83,0.22,72.1,3.47
2015-08-21,28.92,1.82,72.57,3.86
2015-08-22,28.51,1.65,75.19,3.17
2015-08-23,29.52,0.04,64.59,4.43
2015-08-24,28.71,0.04,67.08,3.91
2015-08-25,29.05,0.02,67.12,4.05
2015-08-26,29.22,0.0,66.37,4.05
2015-08-27,29.12,0.0,69.72,4.83
2015-08-28,29.58,0.01,67.9,4.6
2015-08-29,30.11,0.02,67.13,4.84
2015-08-30,30.52,0.07,63.61,4.4
2015-08-31,30.72,0.1,61.61,3.14
2015-09-01,31.39,0.55,60.64,3.02
2015-09-02,31.25,5.04,61.68,2.26
2015-09-03,29.57,4.27,73.13,1.53
2015-09-04,28.49,0.8,76.08,1.95
2015-09-05,28.57,5.14,73.65,2.75
2015-09-06,27.81,3.21,78.2,3.35
2015-09-07,27.44,0.66,74.48,3.9
2015-09-08,27.95,2.06,71.0,3.28
2015-09-09,27.96,1.3,73.45,3.57
2015-09-10,27.89,0.93,75.92,3.84
2015-09-11,27.69,1.88,78.41,4.15
2015-09-12,28.77,0.51,72.11,4.16
2015-09-13,28.8,0.04,72.01,4.27
2015-09-14,29.53,0.03,66.34,5.11
2015-09-15,28.77,0.4,73.3,5.01
2015-09-16,29.64,1.49,71.28,5.35
2015-09-17,29.44,0.49,67.55,5.14
2015-09-18,29.6,0.51,65.62,5.17
2015-09-19,29.31,0.44,71.25,5.03
2015-09-20,28.72,0.51,73.33,4.75
2015-09-21,28.96,0.2,70.3,3.01
2015-09-22,30.75,0.05,63.81,3.88
2015-09-23,29.97,0.7,66.13,3.05
2015-09-24,29.22,0.35,70.04,3.38
2015-09-25,30.09,1.04,68.06,2.95
2015-09-26,30.34,14.17,68.36,3.35
2015-09-27,27.56,19.81,85.26,2.19
2015-09-28,28.46,8.03,76.94,2.26
2015-09-29,27.16,21.83,82.55,2.53
2015-09-30,26.76,5.38,81.87,2.08
2015-10-01,27.69,1.94,78.98,3.04
2015-10-02,27.54,0.74,78.77,3.08
2015-10-03,28.19,2.19,77.12,3.27
2015-10-04,27.64,1.9,79.9,3.41
2015-10-05,27.36,1.44,82.36,3.0
2015-10-06,28.78,0.26,68.63,3.0
2015-10-07,28.51,0.49,74.62,3.24
2015-10-08,27.69,1.12,79.22,3.96
2015-10-09,28.0,2.04,76.77,4.0
2015-10-10,28.7,2.1,75.37,3.63
2015-10-11,29.07,2.25,74.26,2.71
2015-10-12,27.99,1.87,78.63,1.41
2015-10-13,28.22,0.91,72.67,1.47
2015-10-14,28.46,0.79,72.31,1.63
2015-10-15,28.12,1.1,73.51,1.45
2015-10-16,29.19,0.12,67.6,1.89
2015-10-17,28.97,0.15,71.13,2.62
2015-10-18,27.95,6.53,82.5,2.05
2015-10-19,27.83,6.65,82.86,2.31
2015-10-20,27.43,6.03,82.8,1.93
2015-10-21,28.64,0.38,73.71,1.92
2015-10-22,28.96,0.57,71.02,1.74
2015-10-23,28.89,1.98,72.0,1.52
2015-10-24,27.82,5.8,80.15,1.87
2015-10-25,27.62,21.27,76.6,3.02
2015-10-26,27.87,0.12,70.23,2.62
2015-10-27,25.62,1.28,80.54,2.23
2015-10-28,27.02,2.97,78.51,2.16
2015-10-29,27.56,1.66,75.2,2.32
2015-10-30,26.65,21.21,82.2,1.57
2015-10-31,26.1,22.58,88.0,1.98
2015-11-01,26.71,11.12,87.26,3.14
2015-11-02,25.84,9.64,89.0,1.51
2015-11-03,26.63,34.66,82.71,1.0
2015-11-04,27.12,11.96,81.72,1.43
2015-11-05,27.04,8.7,82.77,1.34
2015-11-06,26.74,20.72,86.04,1.71
2015-11-07,26.16,50.52,90.88,2.56
2015-11-08,25.83,23.18,90.33,2.07
2015-11-09,26.18,1.43,86.95,3.08
2015-11-10,27.06,0.31,85.12,2.7
2015-11-11,26.56,1.13,85.08,1.97
2015-11-12,27.1,5.92,82.3,1.16
2015-11-13,25.72,33.18,89.61,1.74
2015-11-14,24.9,8.99,91.89,2.1
2015-11-15,25.59,5.88,88.52,1.79
2015-11-16,25.78,2.52,88.33,1.51
2015-11-17,27.08,4.34,86.39,1.75
2015-11-18,27.18,46.72,86.58,1.74
2015-11-19,26.73,22.46,86.39,1.44
2015-11-20,26.45,8.42,91.83,2.54
2015-11-21,26.25,10.81,89.16,2.86
2015-11-22,26.37,13.21,90.79,3.13
2015-11-23,26.0,11.46,89.77,2.63
2015-11-24,26.3,5.14,90.46,2.56
2015-11-25,25.85,0.67,87.07,3.3
2015-11-26,25.18,0.01,85.59,2.75
2015-11-27,25.43,0.23,89.35,2.68
2015-11-28,25.4,0.39,88.31,2.79
2015-11-29,25.49,30.93,90.08,3.0
2015-11-30,25.03,15.27,90.38,2.7
2015-12-01,25.37,3.84,89.64,2.36
2015-12-02,25.62,14.83,92.31,1.51
2015-12-03,25.54,2.32,89.42,2.43
2015-12-04,25.66,2.72,91.16,3.54
2015-12-05,25.48,4.82,94.2,3.83
2015-12-06,25.93,2.57,91.3,3.2
2015-12-07,26.1,19.41,93.59,3.46
2015-12-08,24.77,9.37,93.38,3.55
2015-12-09,25.1,2.03,93.01,3.12
2015-12-10,25.82,13.26,93.47,2.76
2015-12-11,25.98,10.21,91.3,2.47
2015-12-12,25.83,4.95,91.99,2.21
2015-12-13,26.39,0.75,87.89,1.57
2015-12-14,26.31,1.1,89.95,1.61
2015-12-15,26.7,2.81,89.28,2.45
2015-12-16,25.08,0.23,87.25,2.89
2015-12-17,25.3,3.43,87.18,2.27
2015-12-18,25.96,30.45,90.57,2.72
2015-12-19,25.95,36.68,89.38,3.01
2015-12-20,25.64,3.29,89.89,3.15
2015-12-21,24.63,0.03,84.88,2.76
2015-12-22,24.15,0.0,85.39,2.74
2015-12-23,24.7,0.0,86.77,2.64
2015-12-24,24.51,0.0,86.15,2.54
2015-12-25,24.54,0.0,84.41,3.19
2015-12-26,24.78,0.01,87.83,3.97
2015-12-27,25.02,16.82,89.74,4.13
2015-12-28,24.83,4.89,90.12,4.91
2015-12-29,24.96,2.94,89.84,4.12
2015-12-30,24.97,0.32,87.03,4.0
2015-12-31,24.45,0.04,85.89,3.95
2016-01-01,23.81,0.01,84.88,3.87
2016-01-02,23.85,0.01,84.9,3.77
2016-01-03,23.31,0.01,83.88,3.52
2016-01-04,23.65,0.03,85.75,3.33
2016-01-05,24.04,0.01,85.37,3.08
2016-01-06,24.65,0.02,86.19,3.46
2016-01-07,24.78,0.0,86.83,3.09
2016-01-08,24.57,0.0,85.13,3.22
2016-01-09,24.22,0.0,86.28,2.94
2016-01-10,24.42,0.0,86.2,3.56
2016-01-11,24.22,0.0,83.42,3.41
2016-01-12,23.65,0.0,82.64,3.35
2016-01-13,23.44,0.0,82.06,2.65
2016-01-14,22.9,0.0,81.61,2.78
2016-01-15,22.87,0.0,80.89,2.64
2016-01-16,23.69,0.0,81.49,2.48
2016-01-17,24.42,0.0,81.17,2.46
2016-01-18,24.44,0.0,81.6,2.16
2016-01-19,25.33,0.0,82.58,2.24
2016-01-20,26.06,0.07,81.28,2.13
2016-01-21,26.41,0.29,82.73,2.6
2016-01-22,26.14,0.01,82.58,2.82
2016-01-23,25.99,0.0,83.5,3.26
2016-01-24,26.66,0.02,81.56,3.31
2016-01-25,26.72,0.02,81.5,3.14
2016-01-26,26.39,0.0,79.07,2.78
2016-01-27,26.2,0.0,77.75,2.78
2016-01-28,25.48,0.0,74.69,2.45
2016-01-29,24.96,0.0,74.36,2.61
2016-01-30,24.92,0.0,76.33,2.98
2016-01-31,24.78,0.0,78.21,3.16
2016-02-01,24.78,0.0,76.7,2.74
2016-02-02,24.44,0.0,76.6,2.93
2016-02-03,24.51,0.0,74.34,2.48
2016-02-04,24.84,0.0,71.21,2.87
2016-02-05,25.49,0.0,70.69,2.83
2016-02-06,25.86,0.05,76.27,2.26
2016-02-07,26.83,1.73,76.8,2.24
2016-02-08,27.35,0.56,76.81,2.58
2016-02-09,27.22,0.03,74.91,2.35
2016-02-10,27.23,0.53,73.82,2.2
2016-02-11,27.16,0.37,71.88,2.27
2016-02-12,27.06,0.0,68.31,2.52
2016-02-13,27.11,0.0,67.97,2.34
2016-02-14,27.04,0.0,70.01,2.56
2016-02-15,27.56,0.01,70.08,2.85
2016-02-16,27.92,0.07,70.57,3.41
2016-02-17,27.68,0.25,71.86,3.49
2016-02-18,27.9,0.39,73.43,4.02
2016-02-19,28.33,0.03,70.35,3.38
2016-02-20,28.8,0.72,71.08,2.83
2016-02-21,28.96,1.07,69.86,2.35
2016-02-22,29.04,0.03,65.46,2.38
2016-02-23,28.21,0.0,61.64,2.28
2016-02-24,28.52,0.0,60.9,1.74
2016-02-25,29.13,0.01,66.89,2.15
2016-02-26,29.14,0.04,68.41,3.32
2016-02-27,29.15,0.03,66.32,3.95
2016-02-28,29.52,0.66,68.24,3.55
2016-02-29,28.78,0.04,68.94,3.63
2016-03-01,29.39,0.04,66.23,3.56
2016-03-02,29.38,0.0,65.21,3.45
2016-03-03,29.11,0.0,64.09,3.19
2016-03-04,29.15,0.0,64.73,3.31
2016-03-05,29.56,0.0,63.23,2.95
2016-03-06,29.42,0.0,62.1,2.77
2016-03-07,29.56,0.0,61.8,2.56
2016-03-08,29.49,0.01,62.73,2.52
2016-03-09,29.73,0.01,65.58,2.27
2016-03-10,29.91,0.02,68.21,1.86
2016-03-11,30.39,0.52,65.72,1.91
2016-03-12,30.39,0.21,64.42,2.07
2016-03-13,30.55,0.65,64.33,1.76
2016-03-14,30.7,0.01,64.71,2.21
2016-03-15,31.25,0.09,59.43,1.8
2016-03-16,30.85,0.13,62.58,2.24
2016-03-17,30.97,0.01,61.23,2.06
2016-03-18,30.65,0.0,58.36,2.09
2016-03-19,30.83,0.0,56.06,2.07
2016-03-20,30.67,0.0,60.27,2.22
2016-03-21,30.58,0.0,60.64,2.3
2016-03-22,31.61,0.5,60.61,2.67
2016-03-23,31.74,0.12,62.19,3.1
2016-03-24,31.15,0.08,60.0,2.14
2016-03-25,30.34,0.04,57.9,2.65
2016-03-26,30.48,0.0,56.17,2.73
2016-03-27,31.15,0.34,56.29,2.47
2016-03-28,30.14,22.41,70.05,2.42
2016-03-29,29.66,6.63,75.1,2.39
2016-03-30,29.78,8.98,72.38,2.04
2016-03-31,30.02,0.31,68.67,1.84
2016-04-01,30.08,0.27,67.22,1.68
2016-04-02,30.23,0.0,67.38,1.83
2016-04-03,30.84,0.04,64.37,2.03
2016-04-04,30.88,0.06,64.91,1.96
2016-04-05,31.2,0.01,64.02,2.4
2016-04-06,31.48,0.1,64.19,2.33
2016-04-07,31.06,0.13,65.33,2.21
2016-04-08,30.84,0.23,68.21,1.98
2016-04-09,30.67,7.69,69.97,1.87
2016-04-10,30.66,2.5,68.34,1.88
2016-04-11,31.44,0.04,64.81,2.05
2016-04-12,31.63,0.01,63.88,2.62
2016-04-13,32.59,0.0,59.9,3.01
2016-04-14,32.5,0.86,63.5,3.0
2016-04-15,32.2,0.26,64.28,2.92
2016-04-16,32.37,0.12,62.44,2.59
2016-04-17,32.67,0.14,60.97,2.31
2016-04-18,31.84,0.13,64.53,2.25
2016-04-19,30.6,0.9,70.44,2.19
2016-04-20,31.43,0.55,65.3,2.29
2016-04-21,32.67,0.69,59.79,2.58
2016-04-22,33.39,0.3,59.14,3.02
2016-04-23,33.59,0.05,54.0,3.97
2016-04-24,33.78,0.01,55.11,3.65
2016-04-25,33.25,0.11,57.91,3.24
2016-04-26,32.23,0.1,60.0,2.82
2016-04-27,31.35,0.1,62.46,1.75
2016-04-28,32.0,0.59,62.36,2.58
2016-04-29,31.81,0.2,61.89,2.4
2016-04-30,32.09,0.16,60.03,2.79
2016-05-01,32.13,0.09,60.09,2.9
2016-05-02,33.35,0.03,56.65,3.29
2016-05-03,32.95,0.01,59.0,2.49
2016-05-04,33.24,0.25,56.5,2.71
2016-05-05,32.67,0.39,56.83,2.49
2016-05-06,32.64,0.76,57.53,2.12
2016-05-07,32.37,0.87,59.0,2.71
2016-05-08,32.97,0.47,55.52,2.63
2016-05-09,31.6,0.43,61.66,2.28
2016-05-10,31.4,1.63,61.14,2.22
2016-05-11,29.1,15.68,69.02,1.01
2016-05-12,29.98,1.37,67.87,2.18
2016-05-13,30.38,0.82,68.41,2.04
2016-05-14,29.65,5.24,75.68,1.65
2016-05-15,28.81,14.92,76.07,1.94
2016-05-16,28.54,15.07,72.91,3.9
2016-05-17,28.51,11.32,77.23,4.1
2016-05-18,29.54,1.48,74.63,5.16
2016-05-19,29.25,2.81,77.8,5.0
2016-05-20,29.29,1.45,76.29,5.11
2016-05-21,30.61,0.18,69.07,4.79
2016-05-22,30.6,0.13,72.12,4.55
2016-05-23,30.68,0.11,72.25,5.05
2016-05-24,30.05,0.29,74.69,5.33
2016-05-25,30.39,0.62,70.5,5.14
2016-05-26,30.06,0.15,71.75,4.57
2016-05-27,30.01,0.84,73.39,4.4
2016-05-28,28.97,2.56,71.36,5.14
2016-05-29,29.13,0.16,69.5,4.46
2016-05-30,29.29,2.0,70.69,4.67
2016-05-31,29.64,1.1,70.02,4.78
2016-06-01,29.53,0.31,69.77,5.05
2016-06-02,28.56,1.0,74.49,4.99
2016-06-03,28.92,0.29,73.16,4.81
2016-06-04,29.92,0.31,68.51,5.16
2016-06-05,30.11,1.03,70.3,4.89
2016-06-06,29.16,1.01,74.86,4.36
2016-06-07,29.03,5.91,80.71,4.49
2016-06-08,28.5,6.38,80.77,4.74
2016-06-09,28.13,2.15,82.69,4.52
2016-06-10,28.27,2.53,77.45,5.07
2016-06-11,28.6,3.26,77.67,4.86
2016-06-12,28.84,2.12,74.17,4.84
2016-06-13,29.01,0.31,72.45,4.92
2016-06-14,29.5,0.12,72.99,4.54
2016-06-15,28.82,0.08,71.63,5.55
2016-06-16,28.61,0.27,72.79,5.71
2016-06-17,28.05,0.84,76.02,4.85
2016-06-18,27.42,1.77,73.09,4.4
2016-06-19,28.75,0.38,69.6,4.79
2016-06-20,28.32,0.24,70.42,5.1
2016-06-21,28.0,0.15,71.61,5.11
2016-06-22,27.56,0.2,70.98,4.73
2016-06-23,27.33,0.34,70.32,4.96
2016-06-24,28.13,0.02,68.57,4.09
2016-06-25,29.25,0.01,64.98,4.47
2016-06-26,29.35,0.08,68.03,4.57
2016-06-27,29.52,0.9,69.24,5.16
2016-06-28,28.19,0.57,73.34,5.6
2016-06-29,28.53,1.73,73.42,5.1
2016-06-30,29.38,0.24,67.4,5.8
2016-07-01,29.32,0.21,68.63,5.44
2016-07-02,29.51,0.04,67.87,5.0
2016-07-03,30.64,0.24,58.24,4.85
2016-07-04,29.89,0.58,63.0,4.8
2016-07-05,30.17,0.21,66.18,4.89
2016-07-06,29.19,0.8,70.94,5.23
2016-07-07,29.22,0.31,68.54,4.61
2016-07-08,29.11,0.69,66.06,5.65
2016-07-09,29.1,1.79,68.88,5.72
2016-07-10,28.9,0.45,69.55,6.42
2016-07-11,28.99,0.74,71.21,5.79
2016-07-12,28.56,0.67,69.76,5.52
2016-07-13,28.85,0.33,69.25,4.67
2016-07-14,29.39,0.84,67.63,4.27
2016-07-15,29.0,0.47,69.7,3.65
2016-07-16,28.96,5.71,69.5,3.76
2016-07-17,27.82,0.64,72.43,3.07
2016-07-18,27.67,0.73,71.63,3.88
2016-07-19,29.33,0.09,63.06,3.65
2016-07-20,29.18,0.24,65.28,3.91
2016-07-21,28.67,0.09,67.8,4.88
2016-07-22,28.38,0.12,67.54,5.39
2016-07-23,28.37,0.54,66.88,5.24
2016-07-24,27.97,2.81,73.07,4.58
2016-07-25,27.98,10.67,74.69,2.81
2016-07-26,27.43,11.37,77.07,1.85
2016-07-27,27.39,2.97,78.12,2.71
2016-07-28,28.15,2.12,75.03,2.12
2016-07-29,28.47,0.36,71.53,3.93
2016-07-30,28.22,0.29,71.67,4.38
2016-07-31,29.2,0.08,68.47,4.96
2016-08-01,28.88,0.08,69.36,5.26
2016-08-02,28.67,0.01,67.95,5.32
2016-08-03,28.41,0.37,71.65,5.33
2016-08-04,28.83,0.31,71.02,4.97
2016-08-05,28.53,0.08,69.5,4.76
2016-08-06,29.35,0.1,66.72,4.53
2016-08-07,29.2,0.07,67.66,4.55
2016-08-08,29.8,0.26,65.08,3.27
2016-08-09,30.1,0.27,64.03,4.27
2016-08-10,30.15,0.17,63.84,4.43
2016-08-11,29.64,0.22,66.39,4.26
2016-08-12,30.09,0.15,64.39,4.32
2016-08-13,30.19,0.28,64.75,5.02
2016-08-14,29.52,0.3,66.12,5.51
2016-08-15,29.94,0.24,63.54,5.56
2016-08-16,29.71,0.08,64.22,5.75
2016-08-17,29.44,0.12,64.33,5.61
2016-08-18,30.24,0.15,62.75,5.39
2016-08-19,30.33,0.26,59.9,4.52
2016-08-20,30.27,0.18,63.74,4.13
2016-08-21,30.99,0.89,60.66,4.34
2016-08-22,30.04,0.39,64.81,4.26
2016-08-23,28.96,1.16,67.67,4.87
2016-08-24,29.04,0.6,68.93,4.26
2016-08-25,28.53,1.62,71.23,4.5
2016-08-26,28.42,4.29,71.54,4.75
2016-08-27,28.01,2.05,72.09,4.86
2016-08-28,29.32,0.66,65.84,4.41
2016-08-29,29.59,0.16,62.96,4.82
2016-08-30,28.9,2.85,65.49,4.15
2016-08-31,28.18,1.18,64.97,4.52
2016-09-01,28.57,2.12,60.83,4.45
2016-09-02,28.02,0.26,68.28,4.6
2016-09-03,28.75,0.12,65.61,4.3
2016-09-04,29.52,0.11,64.54,4.04
2016-09-05,30.0,0.04,62.26,3.96
2016-09-06,29.43,0.0,63.64,4.78
2016-09-07,29.96,0.0,57.79,4.43
2016-09-08,29.52,0.0,60.53,5.13
2016-09-09,30.38,0.01,60.35,3.38
2016-09-10,30.71,0.39,59.55,4.08
2016-09-11,30.15,0.02,58.58,3.66
2016-09-12,29.87,0.01,61.19,4.39
2016-09-13,30.07,0.21,62.56,4.08
2016-09-14,29.83,0.14,63.87,4.08
2016-09-15,30.1,0.01,63.31,4.67
2016-09-16,30.12,0.12,64.27,5.17
2016-09-17,30.44,0.04,62.37,5.01
2016-09-18,29.2,0.16,66.03,4.73
2016-09-19,30.44,0.07,59.6,3.57
2016-09-20,29.48,0.43,63.02,4.33
2016-09-21,29.77,0.24,64.63,4.48
2016-09-22,30.08,0.02,61.58,4.52
2016-09-23,29.24,0.01,63.65,4.73
2016-09-24,30.17,0.02,60.38,5.07
2016-09-25,30.5,0.01,60.07,4.99
2016-09-26,31.36,0.12,56.95,4.11
2016-09-27,31.24,0.52,56.36,3.43
2016-09-28,30.17,2.88,62.13,3.77
2016-09-29,29.89,1.01,65.72,4.11
2016-09-30,29.43,0.2,64.36,4.59
2016-10-01,30.06,0.0,61.27,4.2
2016-10-02,30.1,0.0,58.6,3.82
2016-10-03,30.52,0.0,59.07,3.75
2016-10-04,30.01,0.03,60.23,3.48
2016-10-05,31.13,1.74,56.75,2.93
2016-10-06,30.71,0.47,57.73,2.86
2016-10-07,30.94,0.01,52.62,3.39
2016-10-08,29.81,0.0,58.74,4.45
2016-10-09,30.65,0.0,58.45,4.13
2016-10-10,30.81,0.0,56.85,4.27
2016-10-11,30.8,0.0,56.39,4.21
2016-10-12,31.02,0.01,55.6,2.75
2016-10-13,31.16,8.83,59.66,2.1
2016-10-14,29.29,2.45,69.59,1.64
2016-10-15,29.05,1.25,66.01,1.85
2016-10-16,28.48,2.75,71.95,1.73
2016-10-17,28.65,0.62,71.4,1.62
2016-10-18,28.49,1.46,71.63,1.86
2016-10-19,29.19,0.56,69.57,2.28
2016-10-20,27.92,8.04,75.9,2.79
2016-10-21,28.0,6.88,74.16,2.48
2016-10-22,28.12,0.36,71.31,2.65
2016-10-23,28.68,1.41,66.72,3.03
2016-10-24,29.09,0.09,63.51,2.63
2016-10-25,29.06,0.47,64.52,2.05
2016-10-26,28.12,0.28,69.16,2.04
2016-10-27,28.56,0.03,66.58,1.74
2016-10-28,29.64,0.03,58.0,2.87
2016-10-29,30.03,1.74,61.72,3.46
2016-10-30,28.59,13.34,75.33,1.95
2016-10-31,27.6,18.73,80.57,1.54
2016-11-01,26.95,15.9,81.39,1.68
2016-11-02,27.24,11.5,78.52,1.96
2016-11-03,26.34,6.83,82.09,1.68
2016-11-04,27.1,5.83,82.61,2.63
2016-11-05,27.67,1.06,79.55,2.47
2016-11-06,28.23,0.61,72.82,2.24
2016-11-07,27.39,0.17,71.74,2.52
2016-11-08,27.62,4.14,73.71,2.07
2016-11-09,26.7,12.13,77.66,2.51
2016-11-10,26.66,0.18,69.93,2.11
2016-11-11,26.94,0.14,73.07,1.87
2016-11-12,27.55,0.48,75.19,2.07
2016-11-13,27.67,2.9,78.36,2.24
2016-11-14,27.16,15.47,82.56,2.21
2016-11-15,27.01,10.29,80.4,2.61
2016-11-16,26.71,3.08,81.73,2.84
2016-11-17,26.57,5.0,85.48,3.24
2016-11-18,27.1,0.67,79.41,3.35
2016-11-19,25.73,3.78,84.12,2.39
2016-11-20,26.47,0.98,81.38,2.48
2016-11-21,26.9,3.97,79.65,2.65
2016-11-22,27.08,3.32,80.71,3.08
2016-11-23,26.82,0.62,78.65,3.43
2016-11-24,25.98,0.01,71.39,3.35
2016-11-25,25.98,0.0,74.3,2.97
2016-11-26,26.36,0.0,73.14,2.56
2016-11-27,26.17,0.02,69.63,2.74
2016-11-28,24.72,0.0,67.67,2.16
2016-11-29,25.19,0.0,67.41,2.17
2016-11-30,25.33,0.0,66.67,2.32
2016-12-01,25.32,0.47,66.45,2.11
2016-12-02,26.0,13.66,82.44,1.89
2016-12-03,26.53,2.32,80.49,1.96
2016-12-04,26.61,2.73,79.33,2.02
2016-12-05,27.22,0.7,78.07,2.54
2016-12-06,26.39,0.74,73.08,3.6
2016-12-07,26.12,0.03,72.06,2.44
2016-12-08,26.82,9.92,78.89,1.94
2016-12-09,26.49,9.33,80.88,1.57
2016-12-10,27.56,0.12,74.84,1.15
2016-12-11,26.62,0.0,70.26,2.36
2016-12-12,27.1,0.0,65.26,3.99
2016-12-13,26.96,0.14,68.4,3.34
2016-12-14,25.96,0.01,69.18,1.95
2016-12-15,26.53,0.0,71.2,2.11
2016-12-16,26.9,0.01,74.11,2.72
2016-12-17,26.93,0.01,71.65,3.35
2016-12-18,26.48,0.0,71.0,3.05
2016-12-19,26.81,0.13,67.31,3.43
2016-12-20,26.46,1.95,78.45,4.04
2016-12-21,27.27,0.21,77.78,3.23
2016-12-22,26.88,0.01,71.16,2.63
2016-12-23,26.13,0.01,66.69,2.3
2016-12-24,25.54,0.0,65.46,2.32
2016-12-25,25.37,0.0,66.61,2.32
2016-12-26,25.75,0.0,67.63,2.41
2016-12-27,26.96,2.32,73.56,3.36
2016-12-28,26.95,4.03,78.67,4.21
2016-12-29,26.79,2.69,76.11,4.61
2016-12-30,26.45,0.02,68.44,4.0
2016-12-31,25.68,0.0,65.91,3.36
2017-01-01,26.14,0.01,68.36,3.27
2017-01-02,26.82,0.0,68.71,3.34
2017-01-03,26.53,0.0,67.79,3.22
2017-01-04,25.85,0.0,63.19,3.04
2017-01-05,26.07,0.0,66.25,2.82
2017-01-06,26.14,0.0,64.56,2.76
2017-01-07,26.21,0.0,65.31,2.91
2017-01-08,25.88,0.0,63.39,3.04
2017-01-09,25.51,0.0,60.16,2.74
2017-01-10,25.89,0.0,60.59,2.25
2017-01-11,26.72,0.0,58.8,2.19
2017-01-12,26.59,0.0,63.73,2.31
2017-01-13,26.81,0.0,64.34,2.9
2017-01-14,27.07,0.0,61.94,3.74
2017-01-15,26.48,0.0,65.09,3.82
2017-01-16,26.59,0.0,64.68,3.43
2017-01-17,26.08,0.0,59.06,3.79
2017-01-18,25.47,0.0,60.49,4.35
2017-01-19,26.2,0.0,61.47,4.11
2017-01-20,27.29,0.43,64.13,4.34
2017-01-21,25.94,10.64,82.0,4.42
2017-01-22,26.3,3.18,75.93,4.32
2017-01-23,26.17,0.02,70.86,4.08
2017-01-24,25.97,0.02,69.01,4.21
2017-01-25,26.22,0.56,71.85,4.12
2017-01-26,26.28,1.3,78.43,3.89
2017-01-27,25.92,6.94,85.43,3.26
2017-01-28,26.54,3.73,80.32,3.17
2017-01-29,27.1,2.07,77.61,3.57
2017-01-30,27.36,0.09,70.87,3.28
2017-01-31,26.69,0.0,68.85,3.16
2017-02-01,25.92,0.0,67.71,3.32
2017-02-02,25.75,0.0,65.85,3.23
2017-02-03,25.66,0.0,64.2,3.65
2017-02-04,25.96,0.0,63.26,3.51
2017-02-05,25.8,0.0,59.24,3.17
2017-02-06,26.28,0.0,62.36,2.36
2017-02-07,26.98,0.01,60.6,2.17
2017-02-08,26.12,0.0,57.16,3.16
2017-02-09,25.66,0.0,62.25,3.24
2017-02-10,26.16,0.0,63.51,2.96
2017-02-11,26.55,0.0,63.09,3.26
2017-02-12,26.71,0.0,60.12,3.71
2017-02-13,27.02,0.05,63.5,4.05
2017-02-14,27.41,1.68,72.02,5.39
2017-02-15,27.95,0.18,63.72,5.21
2017-02-16,26.98,0.0,64.14,5.07
2017-02-17,26.73,0.0,57.52,4.75
2017-02-18,27.16,0.0,59.43,3.76
2017-02-19,27.27,0.0,59.54,3.03
2017-02-20,28.77,0.0,54.29,1.73
2017-02-21,29.32,0.0,59.37,2.34
2017-02-22,28.98,0.0,61.88,2.08
2017-02-23,28.55,0.0,63.73,2.12
2017-02-24,28.18,0.0,63.51,2.69
2017-02-25,28.03,0.0,63.59,2.67
2017-02-26,28.11,0.0,60.0,2.65
2017-02-27,27.89,0.0,63.31,3.29
2017-02-28,28.16,0.02,67.9,3.87
2017-03-01,28.32,0.0,62.25,3.98
2017-03-02,28.66,0.29,64.12,4.24
2017-03-03,29.06,1.11,66.18,3.04
2017-03-04,28.04,2.02,71.54,2.48
2017-03-05,29.48,0.31,63.78,2.9
2017-03-06,29.22,2.66,69.77,2.72
2017-03-07,29.81,0.47,65.57,2.84
2017-03-08,29.72,1.51,66.93,2.61
2017-03-09,29.49,2.43,68.66,2.26
2017-03-10,29.18,3.69,71.46,1.85
2017-03-11,28.67,4.39,72.99,1.87
2017-03-12,29.49,0.69,64.58,2.25
2017-03-13,29.65,0.25,65.5,2.29
2017-03-14,29.3,2.28,69.3,1.97
2017-03-15,28.48,5.2,74.22,2.15
2017-03-16,27.38,2.02,76.99,1.91
2017-03-17,29.03,0.85,67.54,1.85
2017-03-18,29.42,0.59,66.97,1.95
2017-03-19,30.34,0.28,64.72,2.06
2017-03-20,30.72,0.47,61.71,2.29
2017-03-21,30.53,0.54,60.79,2.41
2017-03-22,30.35,0.07,59.95,2.68
2017-03-23,30.21,0.0,58.0,2.62
2017-03-24,29.61,0.0,52.62,2.46
2017-03-25,29.51,0.0,50.69,2.46
2017-03-26,29.33,0.0,57.31,2.68
2017-03-27,29.69,0.0,56.84,2.07
2017-03-28,30.09,0.02,59.92,2.07
2017-03-29,30.72,0.01,57.63,2.07
2017-03-30,31.04,0.46,60.57,2.0
2017-03-31,30.77,2.46,63.77,2.39
2017-04-01,31.03,0.01,60.94,2.23
2017-04-02,31.23,0.18,60.51,2.34
2017-04-03,31.46,0.63,62.31,2.28
2017-04-04,31.4,0.02,61.19,2.46
2017-04-05,32.18,0.01,57.26,2.9
2017-04-06,31.8,0.91,59.41,2.73
2017-04-07,31.82,0.58,59.3,2.86
2017-04-08,31.11,0.16,59.73,2.26
2017-04-09,30.82,1.69,64.85,2.26
2017-04-10,31.44,0.15,60.05,2.18
2017-04-11,31.93,0.27,59.63,2.27
2017-04-12,31.7,0.3,61.76,2.26
2017-04-13,31.75,0.6,63.01,2.23
2017-04-14,32.37,0.3,58.69,2.46
2017-04-15,32.84,0.01,56.0,3.14
2017-04-16,32.97,0.01,55.71,3.53
2017-04-17,33.29,0.0,53.54,3.52
2017-04-18,33.02,0.0,53.28,3.56
2017-04-19,32.88,0.01,55.24,3.96
2017-04-20,32.56,0.06,55.5,4.4
2017-04-21,32.48,0.01,56.84,4.34
2017-04-22,32.78,0.07,55.49,4.1
2017-04-23,32.89,0.27,56.91,3.35
2017-04-24,33.33,0.07,53.14,4.03
2017-04-25,33.21,0.0,54.14,3.88
2017-04-26,32.89,0.41,56.67,3.04
2017-04-27,32.79,0.29,57.36,3.22
2017-04-28,32.35,0.28,58.88,3.05
2017-04-29,32.34,0.22,57.48,2.74
2017-04-30,31.63,0.21,60.57,2.61
2017-05-01,31.57,0.44,61.15,2.45
2017-05-02,31.8,0.84,58.71,2.58
2017-05-03,31.23,1.26,61.1,2.45
2017-05-04,31.41,0.16,60.17,2.41
2017-05-05,31.48,0.22,61.43,2.78
2017-05-06,30.83,1.32,66.46,3.05
2017-05-07,31.51,0.21,62.06,2.56
2017-05-08,32.06,0.37,56.2,2.96
2017-05-09,32.33,0.19,54.07,2.99
2017-05-10,30.97,2.24,65.59,2.21
2017-05-11,30.41,0.68,66.52,2.62
2017-05-12,30.76,1.6,67.09,1.72
2017-05-13,30.23,5.59,72.25,2.43
2017-05-14,31.16,3.14,63.75,4.14
2017-05-15,31.0,0.12,67.54,4.7
2017-05-16,31.01,0.15,68.52,4.45
2017-05-17,31.48,0.26,66.42,4.87
2017-05-18,31.06,4.7,67.31,4.06
2017-05-19,30.93,0.75,63.28,4.34
2017-05-20,30.25,5.39,68.93,4.83
2017-05-21,30.31,2.28,69.75,3.54
2017-05-22,31.14,0.29,64.66,2.9
2017-05-23,29.74,1.2,72.48,3.01
2017-05-24,29.64,1.78,73.76,3.63
2017-05-25,29.81,1.09,72.36,5.02
2017-05-26,28.76,0.28,76.25,3.7
2017-05-27,30.56,1.35,67.62,4.66
2017-05-28,29.95,0.83,70.28,5.5
2017-05-29,29.08,2.7,76.58,4.99
2017-05-30,29.23,2.08,74.47,5.96
2017-05-31,29.84,2.62,69.17,5.38
2017-06-01,29.71,0.58,67.29,5.67
2017-06-02,28.94,5.58,69.75,5.88
2017-06-03,29.19,1.64,69.67,5.27
2017-06-04,29.12,1.03,71.81,5.47
2017-06-05,29.54,1.77,72.03,5.06
2017-06-06,29.25,0.73,72.68,4.49
2017-06-07,28.79,2.16,73.1,4.28
2017-06-08,30.37,0.08,65.97,4.15
2017-06-09,29.18,0.12,70.45,4.76
2017-06-10,29.34,0.98,68.65,5.39
2017-06-11,29.56,0.26,66.78,5.21
2017-06-12,30.21,0.2,67.03,4.64
2017-06-13,30.4,0.27,67.66,4.53
2017-06-14,30.19,3.92,70.45,4.42
2017-06-15,29.52,1.57,73.75,3.76
2017-06-16,28.77,3.57,76.33,4.16
2017-06-17,29.3,0.47,69.89,3.78
2017-06-18,30.48,0.05,67.19,3.87
2017-06-19,29.99,2.22,70.09,4.43
2017-06-20,29.15,1.15,73.33,4.08
2017-06-21,29.39,0.17,72.04,4.0
2017-06-22,29.5,0.41,71.49,4.47
2017-06-23,29.26,0.6,70.52,5.25
2017-06-24,28.83,1.54,67.43,5.92
2017-06-25,28.82,2.53,65.52,5.92
2017-06-26,28.1,2.57,72.54,5.28
2017-06-27,27.87,5.53,76.18,4.93
2017-06-28,28.21,1.82,74.04,4.27
2017-06-29,29.08,0.16,70.47,4.1
2017-06-30,28.7,0.22,74.2,3.92
2017-07-01,28.97,0.49,69.41,4.81
2017-07-02,28.46,0.12,69.26,4.33
2017-07-03,29.42,0.94,66.15,5.0
2017-07-04,30.44,0.03,59.19,4.26
2017-07-05,29.91,0.15,66.21,4.07
2017-07-06,29.35,0.29,67.39,4.95
2017-07-07,29.33,0.35,64.28,5.2
2017-07-08,29.11,0.76,64.34,4.57
2017-07-09,28.65,2.72,65.49,5.04
2017-07-10,29.17,0.57,66.52,4.76
2017-07-11,29.99,0.28,65.19,4.79
2017-07-12,30.02,0.12,61.32,2.93
2017-07-13,29.86,0.41,65.98,4.66
2017-07-14,29.28,0.01,58.89,4.48
2017-07-15,28.96,0.01,69.07,4.54
2017-07-16,28.88,0.05,69.33,4.49
2017-07-17,29.36,0.04,67.44,5.29
2017-07-18,29.04,0.16,69.48,5.32
2017-07-19,29.32,0.67,70.01,5.35
2017-07-20,29.62,0.27,68.92,5.57
2017-07-21,29.69,0.16,61.21,5.7
2017-07-22,30.65,0.08,63.23,4.85
2017-07-23,30.25,0.02,65.63,4.37
2017-07-24,30.94,0.0,60.41,4.48
2017-07-25,31.56,0.01,58.24,3.67
2017-07-26,31.54,0.04,59.49,4.01
2017-07-27,31.03,1.46,60.88,4.81
2017-07-28,30.64,2.11,63.86,4.78
2017-07-29,29.9,4.93,66.66,3.18
2017-07-30,29.14,3.14,70.75,3.84
2017-07-31,29.43,13.29,72.42,2.72
2017-08-01,29.43,4.53,71.46,2.81
2017-08-02,29.44,0.84,71.05,3.77
2017-08-03,29.54,0.95,69.19,5.24
2017-08-04,28.81,0.75,73.24,5.16
2017-08-05,29.09,0.88,71.59,5.24
2017-08-06,29.46,0.23,68.43,4.95
2017-08-07,28.92,1.74,71.72,4.23
2017-08-08,28.9,5.75,70.31,3.65
2017-08-09,28.98,1.8,70.92,2.98
2017-08-10,28.67,2.12,70.28,2.9
2017-08-11,28.08,0.81,73.02,4.57
2017-08-12,29.05,3.78,67.14,2.17
2017-08-13,27.58,10.95,76.22,2.19
2017-08-14,28.16,5.87,74.46,1.0
2017-08-15,28.31,1.36,72.55,1.77
2017-08-16,28.48,0.21,69.6,4.23
2017-08-17,28.5,1.41,72.61,4.6
2017-08-18,28.4,1.57,73.32,4.99
2017-08-19,28.68,0.73,71.36,5.33
2017-08-20,27.92,1.45,74.9,5.05
2017-08-21,28.7,0.72,69.99,4.79
2017-08-22,28.51,0.42,71.2,4.46
2017-08-23,28.38,1.32,72.2,3.51
2017-08-24,28.98,0.47,71.15,2.23
2017-08-25,29.21,0.01,69.75,4.09
2017-08-26,29.24,0.21,69.33,4.63
2017-08-27,28.28,0.68,74.17,5.51
2017-08-28,28.11,1.0,76.22,5.27
2017-08-29,28.42,0.88,72.68,5.46
2017-08-30,29.4,2.51,70.04,4.08
2017-08-31,29.15,8.01,72.87,1.81
2017-09-01,28.37,33.71,80.89,1.85
2017-09-02,28.11,4.16,78.98,2.0
2017-09-03,27.82,1.06,77.65,2.15
2017-09-04,28.99,3.1,74.23,1.65
2017-09-05,28.72,2.54,76.15,3.38
2017-09-06,28.33,3.52,78.1,3.38
2017-09-07,27.9,2.07,78.97,2.81
2017-09-08,27.2,11.06,84.93,3.43
2017-09-09,27.16,9.35,81.7,3.33
2017-09-10,27.95,3.01,78.35,2.79
2017-09-11,28.07,0.8,78.02,2.87
2017-09-12,27.54,12.15,80.77,2.66
2017-09-13,26.88,17.88,86.64,2.85
2017-09-14,27.07,2.91,84.26,3.31
2017-09-15,27.38,0.52,82.35,3.14
2017-09-16,27.54,3.61,82.63,4.1
2017-09-17,26.94,6.77,84.44,4.23
2017-09-18,27.69,0.23,79.51,4.75
2017-09-19,27.61,0.68,80.59,4.6
2017-09-20,27.56,0.46,80.28,4.22
2017-09-21,27.74,0.2,77.52,4.02
2017-09-22,27.89,0.11,76.07,3.09
2017-09-23,28.42,0.02,73.7,2.32
2017-09-24,28.74,0.11,73.62,3.59
2017-09-25,28.08,0.25,75.01,3.42
2017-09-26,27.95,1.84,77.81,3.17
2017-09-27,27.81,1.4,79.99,3.77
2017-09-28,27.81,2.09,78.07,4.33
2017-09-29,28.19,0.22,75.51,4.32
2017-09-30,28.92,0.3,73.84,3.86
2017-10-01,28.8,0.27,73.39,3.92
2017-10-02,28.73,0.57,74.97,3.55
2017-10-03,29.27,0.18,71.42,3.24
2017-10-04,28.92,2.89,75.87,3.02
2017-10-05,28.05,7.95,81.06,1.72
2017-10-06,28.09,1.87,75.38,3.54
2017-10-07,28.2,1.81,75.07,2.89
2017-10-08,28.73,0.39,74.25,3.45
2017-10-09,28.78,0.09,74.34,2.75
2017-10-10,28.43,0.26,76.16,2.25
2017-10-11,27.83,1.68,75.05,2.09
2017-10-12,28.23,3.28,74.46,2.69
2017-10-13,27.97,3.83,79.72,2.87
2017-10-14,27.37,8.29,82.18,3.31
2017-10-15,27.06,1.1,77.68,4.13
2017-10-16,28.28,0.05,76.18,3.7
2017-10-17,27.82,0.97,78.26,3.17
2017-10-18,28.05,5.76,75.17,3.96
2017-10-19,28.79,1.07,74.5,3.7
2017-10-20,28.84,0.15,76.12,3.41
2017-10-21,28.24,4.81,78.81,4.18
2017-10-22,28.57,2.61,77.65,3.31
2017-10-23,29.62,0.18,70.71,1.98
2017-10-24,28.62,1.09,74.57,1.62
2017-10-25,28.57,1.1,75.92,1.8
2017-10-26,28.19,6.13,77.15,1.51
2017-10-27,27.58,12.33,79.08,0.91
2017-10-28,26.86,4.94,84.29,1.38
2017-10-29,27.31,0.7,79.92,2.03
2017-10-30,26.42,2.96,85.61,3.01
2017-10-31,25.91,6.16,87.57,2.8
2017-11-01,25.88,26.33,88.59,2.07
2017-11-02,25.73,29.22,89.49,2.44
2017-11-03,26.0,9.59,87.01,2.9
2017-11-04,26.02,8.01,89.1,2.06
2017-11-05,26.35,7.75,86.86,2.78
2017-11-06,25.89,6.73,90.27,2.89
2017-11-07,25.8,4.47,89.66,2.8
2017-11-08,25.76,25.59,87.35,2.83
2017-11-09,26.16,2.15,81.95,2.26
2017-11-10,25.8,1.31,81.02,2.69
2017-11-11,26.21,0.15,82.6,2.41
2017-11-12,27.36,0.06,76.74,1.23
2017-11-13,27.48,1.38,80.95,0.99
2017-11-14,27.19,0.13,78.09,2.03
2017-11-15,26.89,0.04,81.13,1.9
2017-11-16,26.12,0.0,75.73,2.55
2017-11-17,25.55,0.03,75.02,1.56
2017-11-18,27.09,4.7,77.94,1.42
2017-11-19,26.99,10.03,83.79,1.67
2017-11-20,26.96,9.63,85.72,2.04
2017-11-21,26.14,9.16,89.92,1.94
2017-11-22,26.27,5.74,88.52,2.67
2017-11-23,26.47,1.46,83.67,2.68
2017-11-24,26.39,0.15,84.16,2.29
2017-11-25,26.35,0.19,81.79,2.71
2017-11-26,24.71,11.7,88.9,2.97
2017-11-27,25.91,13.87,89.22,2.8
2017-11-28,26.33,5.01,89.88,3.5
2017-11-29,25.82,8.53,91.76,4.9
2017-11-30,26.05,81.97,93.51,5.32
2017-12-01,25.48,39.23,93.99,2.47
2017-12-02,25.66,7.56,90.26,1.57
2017-12-03,26.15,2.32,86.19,2.15
2017-12-04,26.01,0.11,86.53,2.19
2017-12-05,25.85,0.51,86.12,1.78
2017-12-06,25.95,7.08,87.42,1.84
2017-12-07,26.19,9.21,86.33,1.8
2017-12-08,25.84,0.11,82.94,1.48
2017-12-09,25.63,0.52,77.18,1.2
2017-12-10,26.1,0.11,76.86,1.36
2017-12-11,26.18,0.89,83.39,1.66
2017-12-12,26.42,2.34,81.56,1.2
2017-12-13,26.58,7.42,81.99,1.22
2017-12-14,26.02,1.9,86.92,2.22
2017-12-15,25.66,5.66,89.13,3.16
2017-12-16,25.67,0.81,86.94,3.85
2017-12-17,25.2,0.06,85.09,4.17
2017-12-18,24.37,0.01,82.39,3.9
2017-12-19,24.6,1.13,83.79,3.81
2017-12-20,25.12,2.08,86.95,4.65
2017-12-21,23.99,2.38,87.59,3.67
2017-12-22,24.93,0.09,85.45,4.0
2017-12-23,24.6,0.02,83.06,3.69
2017-12-24,24.26,0.04,81.34,3.29
2017-12-25,25.31,0.17,85.19,3.35
2017-12-26,25.45,0.18,83.01,3.93
2017-12-27,24.4,0.0,82.94,3.73
2017-12-28,23.96,0.0,77.36,4.1
2017-12-29,23.88,0.0,75.63,3.6
2017-12-30,24.7,0.0,77.26,3.42
2017-12-31,24.74,0.0,77.32,2.5
2018-01-01,25.67,0.0,80.95,1.37
2018-01-02,26.47,0.0,77.76,1.2
2018-01-03,26.57,0.0,75.77,2.47
2018-01-04,25.92,0.0,73.79,3.38
2018-01-05,24.68,0.0,71.21,3.48
2018-01-06,24.4,0.0,71.08,2.43
2018-01-07,24.14,0.0,71.55,2.65
2018-01-08,24.09,0.0,72.23,3.18
2018-01-09,25.0,1.05,76.37,2.64
2018-01-10,25.9,1.84,82.05,3.82
2018-01-11,26.46,0.67,79.35,2.86
2018-01-12,25.98,0.07,83.4,2.62
2018-01-13,26.01,0.06,80.38,3.1
2018-01-14,25.53,0.0,75.74,3.31
2018-01-15,25.85,0.01,76.2,3.53
2018-01-16,25.81,0.0,77.59,3.01
2018-01-17,26.11,0.0,71.26,3.19
2018-01-18,25.03,0.0,65.77,3.77
2018-01-19,24.66,0.0,71.67,3.35
2018-01-20,24.79,0.0,67.42,3.26
2018-01-21,24.77,0.0,69.24,3.3
2018-01-22,25.27,0.0,69.58,2.54
2018-01-23,26.15,0.0,69.9,2.21
2018-01-24,26.29,0.11,71.61,2.32
2018-01-25,26.53,0.05,68.54,2.82
2018-01-26,26.16,0.08,67.8,3.19
2018-01-27,26.14,0.0,67.57,2.88
2018-01-28,25.84,0.06,66.61,3.18
2018-01-29,26.59,0.01,67.85,3.66
2018-01-30,27.23,0.0,65.53,4.17
2018-01-31,26.96,0.0,58.46,4.25
2018-02-01,26.27,0.0,58.23,3.49
2018-02-02,25.87,0.0,58.5,3.61
2018-02-03,25.79,0.0,60.12,3.74
2018-02-04,26.5,0.0,60.73,3.79
2018-02-05,27.57,0.0,59.79,3.74
2018-02-06,27.82,0.13,70.42,3.51
2018-02-07,27.58,1.08,76.31,2.61
2018-02-08,27.47,0.55,74.65,2.44
2018-02-09,28.21,0.02,66.43,2.25
2018-02-10,27.42,0.0,63.85,2.66
2018-02-11,27.7,0.0,67.16,2.83
2018-02-12,27.89,0.02,69.03,3.68
2018-02-13,27.49,0.0,63.67,3.46
2018-02-14,27.92,0.0,64.17,3.71
2018-02-15,28.32,0.0,66.48,4.37
2018-02-16,28.29,0.0,61.5,4.31
2018-02-17,27.86,0.0,59.03,3.19
2018-02-18,27.62,0.0,61.63,3.36
2018-02-19,27.18,0.0,60.35,3.62
2018-02-20,27.01,0.0,64.13,3.95
2018-02-21,27.29,0.0,61.65,3.17
2018-02-22,27.21,0.0,60.03,3.49
2018-02-23,27.04,0.0,62.04,3.72
2018-02-24,27.95,0.0,66.33,3.94
2018-02-25,28.6,0.02,64.51,4.29
2018-02-26,28.79,0.01,64.82,3.46
2018-02-27,28.66,0.14,67.6,4.0
2018-02-28,29.09,0.17,67.43,3.92
2018-03-01,28.78,1.04,69.45,3.58
2018-03-02,29.02,0.01,63.71,3.2
2018-03-03,28.83,0.02,61.79,2.66
2018-03-04,28.77,0.02,58.31,2.45
2018-03-05,28.58,0.0,60.03,2.71
2018-03-06,28.53,0.0,59.63,2.85
2018-03-07,28.43,0.0,62.57,2.8
2018-03-08,28.94,0.01,63.59,3.07
2018-03-09,28.73,0.0,64.3,3.25
2018-03-10,29.11,0.01,61.42,3.57
2018-03-11,29.31,0.0,63.42,3.52
2018-03-12,29.22,2.05,66.66,4.4
2018-03-13,27.66,11.93,76.51,3.41
2018-03-14,28.36,5.03,74.4,2.41
2018-03-15,29.33,0.16,68.45,1.6
2018-03-16,29.81,0.03,66.73,1.76
2018-03-17,28.91,2.57,72.57,2.23
2018-03-18,28.94,1.98,71.1,2.75
2018-03-19,29.17,0.14,65.43,2.94
2018-03-20,28.62,0.0,60.77,2.31
2018-03-21,30.16,0.25,56.24,1.99
2018-03-22,30.69,0.26,62.43,2.38
2018-03-23,31.3,0.37,58.53,2.6
2018-03-24,30.73,0.07,59.65,1.97
2018-03-25,29.93,0.0,61.04,2.58
2018-03-26,30.06,0.05,61.4,2.92
2018-03-27,29.77,0.4,68.13,2.36
2018-03-28,30.64,0.05,64.53,1.83
2018-03-29,31.46,0.01,61.22,2.34
2018-03-30,30.85,0.09,64.57,1.77
2018-03-31,31.18,0.09,60.71,2.36
2018-04-01,31.52,0.07,58.69,2.79
2018-04-02,30.9,0.06,63.18,2.32
2018-04-03,30.82,0.03,62.35,2.18
2018-04-04,30.26,0.01,64.78,2.13
2018-04-05,30.19,0.0,65.23,1.88
2018-04-06,30.54,0.02,61.91,1.81
2018-04-07,30.72,0.2,63.93,2.18
2018-04-08,30.63,0.61,63.86,2.26
2018-04-09,29.65,3.94,69.8,2.73
2018-04-10,29.58,3.25,71.06,2.69
2018-04-11,29.02,5.5,76.14,1.85
2018-04-12,29.4,5.11,74.31,2.01
2018-04-13,29.59,9.83,72.42,2.17
2018-04-14,29.17,15.66,73.56,1.66
2018-04-15,28.72,3.12,76.54,2.3
2018-04-16,29.9,0.54,70.76,1.67
2018-04-17,30.1,0.12,69.24,1.41
2018-04-18,29.05,0.6,75.1,1.32
2018-04-19,30.37,0.16,68.96,2.34
2018-04-20,30.74,0.29,68.2,2.3
2018-04-21,30.29,0.11,70.07,2.23
2018-04-22,30.91,0.13,68.26,2.14
2018-04-23,31.09,0.06,66.88,2.3
2018-04-24,30.97,0.16,68.18,1.69
2018-04-25,31.07,0.4,67.62,1.85
2018-04-26,31.05,0.28,68.29,2.29
2018-04-27,30.87,0.53,69.9,1.82
2018-04-28,29.52,0.22,73.62,1.79
2018-04-29,31.38,0.18,63.38,2.34
2018-04-30,31.84,0.41,63.91,2.63
2018-05-01,31.84,0.13,62.17,2.44
2018-05-02,31.52,0.76,65.72,2.77
2018-05-03,31.08,1.38,67.85,2.47
2018-05-04,30.24,1.47,70.94,2.13
2018-05-05,30.32,1.76,67.42,2.26
2018-05-06,29.68,1.12,69.03,2.76
2018-05-07,29.92,0.67,69.79,3.08
2018-05-08,29.82,2.16,70.17,2.95
2018-05-09,28.45,8.49,76.81,1.86
2018-05-10,28.23,3.04,77.77,1.97
2018-05-11,30.1,0.36,68.79,2.88
2018-05-12,29.46,0.77,71.96,3.03
2018-05-13,30.07,0.94,66.06,3.26
2018-05-14,29.63,1.11,69.89,1.72
2018-05-15,30.17,0.72,68.34,2.03
2018-05-16,29.77,0.49,69.22,1.6
2018-05-17,28.55,2.37,75.3,2.9
2018-05-18,29.81,2.66,69.09,2.79
2018-05-19,30.77,0.57,66.05,3.27
2018-05-20,29.61,1.12,71.08,4.74
2018-05-21,29.83,0.6,67.62,3.5
2018-05-22,29.71,1.59,67.39,3.78
2018-05-23,29.4,1.23,74.12,3.48
2018-05-24,29.29,4.32,74.96,3.22
2018-05-25,28.85,1.37,77.93,2.54
2018-05-26,27.95,0.84,83.61,3.64
2018-05-27,29.0,0.3,75.17,3.8
2018-05-28,29.21,3.05,76.95,6.04
2018-05-29,30.15,0.47,69.59,6.3
2018-05-30,30.24,0.26,67.95,5.6
2018-05-31,29.51,0.11,71.42,4.65
2018-06-01,29.58,0.69,72.74,3.93
2018-06-02,29.35,0.43,74.99,3.91
2018-06-03,28.79,0.94,75.09,3.88
2018-06-04,28.99,2.2,75.23,4.01
2018-06-05,29.44,0.78,72.6,3.96
2018-06-06,29.69,0.91,70.63,4.84
2018-06-07,28.95,1.53,75.05,4.98
2018-06-08,29.33,1.91,74.0,5.98
2018-06-09,29.64,1.6,71.99,6.82
2018-06-10,29.06,1.66,76.2,6.04
2018-06-11,29.38,0.92,72.1,6.06
2018-06-12,29.1,0.55,72.79,5.75
2018-06-13,29.25,1.81,69.75,5.35
2018-06-14,29.57,0.53,65.25,5.02
2018-06-15,29.03,0.28,70.79,5.08
2018-06-16,29.24,5.5,68.43,5.19
2018-06-17,29.08,0.43,67.23,4.72
2018-06-18,29.65,0.23,66.45,4.86
2018-06-19,28.72,0.75,72.87,5.22
2018-06-20,28.57,1.05,74.05,5.25
2018-06-21,28.43,0.86,74.14,4.79
2018-06-22,29.23,0.48,66.33,4.81
2018-06-23,29.81,0.05,64.73,4.97
2018-06-24,29.38,0.39,69.61,4.5
2018-06-25,28.78,0.36,67.83,4.63
2018-06-26,29.07,0.43,68.01,4.36
2018-06-27,28.23,1.16,68.18,5.62
2018-06-28,28.53,0.62,64.41,5.08
2018-06-29,29.33,0.28,63.93,4.7
2018-06-30,28.98,2.85,64.34,3.17
2018-07-01,29.07,5.03,65.61,2.35
2018-07-02,29.31,1.37,67.2,3.47
2018-07-03,28.65,2.9,71.81,2.78
2018-07-04,29.44,0.03,68.66,3.19
2018-07-05,29.99,0.35,65.38,3.53
2018-07-06,29.6,0.23,67.01,4.66
2018-07-07,28.92,0.22,65.24,5.81
2018-07-08,28.84,0.56,66.15,6.05
2018-07-09,28.28,2.58,73.8,6.0
2018-07-10,28.15,1.76,72.48,5.97
2018-07-11,27.84,1.12,71.67,5.76
2018-07-12,28.34,0.63,69.56,5.4
2018-07-13,28.53,1.01,72.4,6.06
2018-07-14,28.67,0.82,70.86,5.96
2018-07-15,27.87,3.95,75.91,5.6
2018-07-16,28.09,2.4,71.09,5.87
2018-07-17,29.11,0.71,64.92,6.23
2018-07-18,28.22,1.43,67.74,6.01
2018-07-19,28.19,1.81,71.28,6.07
2018-07-20,28.41,0.13,68.26,6.13
2018-07-21,28.46,0.12,66.38,6.0
2018-07-22,29.08,0.05,66.78,4.91
2018-07-23,29.7,0.17,65.63,4.89
2018-07-24,29.59,0.77,66.07,5.24
2018-07-25,30.1,0.44,63.99,4.46
2018-07-26,29.27,0.13,65.55,5.3
2018-07-27,29.7,0.03,64.31,5.15
2018-07-28,29.73,0.06,63.93,5.09
2018-07-29,29.86,0.16,65.35,5.14
2018-07-30,28.9,1.67,69.15,5.05
2018-07-31,28.23,3.8,72.5,5.24
2018-08-01,28.33,0.55,72.04,4.53
2018-08-02,29.54,5.79,67.03,4.38
2018-08-03,28.37,3.78,70.64,4.12
2018-08-04,27.73,0.66,71.03,4.22
2018-08-05,28.84,0.1,69.35,4.84
2018-08-06,28.66,0.26,69.18,5.87
2018-08-07,28.36,1.4,70.47,5.79
2018-08-08,27.78,4.09,71.64,6.28
2018-08-09,28.23,1.46,70.45,5.3
2018-08-10,28.24,2.13,70.35,4.76
2018-08-11,28.78,0.11,66.23,5.23
2018-08-12,27.97,1.32,69.58,6.21
2018-08-13,28.07,0.82,73.11,5.31
2018-08-14,28.19,10.7,69.97,6.48
2018-08-15,27.55,14.79,74.58,7.54
2018-08-16,27.45,5.59,73.07,7.14
2018-08-17,27.41,2.01,74.76,6.16
2018-08-18,27.0,1.24,73.77,6.25
2018-08-19,27.35,0.39,73.67,5.3
2018-08-20,27.74,0.15,72.2,5.13
2018-08-21,28.38,0.06,69.87,4.93
2018-08-22,29.0,0.01,66.66,3.82
2018-08-23,29.18,0.07,65.33,3.27
2018-08-24,29.24,0.99,65.27,2.69
2018-08-25,29.53,0.2,66.31,2.72
2018-08-26,28.42,0.51,69.27,4.02
2018-08-27,28.77,1.54,68.88,3.59
2018-08-28,27.96,0.26,70.5,3.99
2018-08-29,29.24,0.02,64.58,2.81
2018-08-30,29.46,2.95,66.36,3.54
2018-08-31,28.44,3.55,71.66,2.87
2018-09-01,28.33,2.81,71.21,3.1
2018-09-02,28.22,0.9,72.45,3.09
2018-09-03,29.08,0.04,66.77,2.85
2018-09-04,29.6,0.0,64.69,3.09
2018-09-05,29.19,0.0,64.99,4.42
2018-09-06,29.45,0.0,64.94,5.34
2018-09-07,29.08,0.0,63.91,5.29
2018-09-08,30.26,0.0,59.59,3.1
2018-09-09,30.97,0.09,56.54,2.26
2018-09-10,30.25,2.37,61.9,1.89
2018-09-11,30.33,0.3,62.31,1.99
2018-09-12,30.89,0.02,58.68,2.51
2018-09-13,31.42,0.07,57.92,2.76
2018-09-14,30.92,2.16,59.29,3.06
2018-09-15,30.51,0.76,60.39,2.65
2018-09-16,29.77,0.25,60.37,3.27
2018-09-17,29.11,0.11,66.2,4.28
2018-09-18,29.13,0.33,66.88,5.44
2018-09-19,28.92,1.33,69.24,4.4
2018-09-20,29.26,2.24,68.32,5.33
2018-09-21,29.64,0.1,64.39,4.52
2018-09-22,29.73,0.06,65.47,2.44
2018-09-23,29.89,3.11,68.33,2.69
2018-09-24,28.8,4.97,71.92,2.61
2018-09-25,28.63,1.88,72.03,2.67
2018-09-26,29.73,0.23,68.46,2.06
2018-09-27,29.29,2.14,70.44,2.03
2018-09-28,28.44,6.89,76.12,1.25
2018-09-29,27.31,4.73,80.52,0.98
2018-09-30,28.31,7.35,76.2,1.63
2018-10-01,28.43,10.24,76.23,1.33
2018-10-02,27.7,11.28,79.52,1.41
2018-10-03,27.21,18.83,83.25,1.56
2018-10-04,26.63,19.26,85.12,2.68
2018-10-05,26.51,26.65,89.82,3.29
2018-10-06,26.8,25.89,87.32,1.65
2018-10-07,27.57,7.82,79.68,1.11
2018-10-08,27.03,13.9,83.08,2.02
2018-10-09,27.34,1.79,80.65,1.42
2018-10-10,27.23,0.34,80.08,2.75
2018-10-11,27.85,0.18,79.97,2.24
2018-10-12,28.27,0.06,80.01,2.64
2018-10-13,27.6,0.89,80.71,3.04
2018-10-14,27.13,3.11,81.58,2.64
2018-10-15,27.53,0.78,79.26,1.87
2018-10-16,26.93,4.53,82.64,1.9
2018-10-17,26.82,3.51,78.8,1.64
2018-10-18,27.29,3.2,77.58,1.25
2018-10-19,27.27,4.76,80.14,1.02
2018-10-20,27.32,11.22,80.6,1.33
2018-10-21,27.51,6.16,80.9,1.0
2018-10-22,26.49,7.94,88.13,1.82
2018-10-23,27.22,4.48,74.95,1.43
2018-10-24,26.91,16.59,76.59,1.32
2018-10-25,26.41,19.48,84.44,2.22
2018-10-26,26.64,0.94,83.32,3.16
2018-10-27,26.88,1.19,82.76,2.36
2018-10-28,27.21,0.69,77.32,2.3
2018-10-29,27.7,0.0,70.35,1.58
2018-10-30,27.34,0.03,77.86,1.39
2018-10-31,27.01,3.56,84.35,1.82
2018-11-01,26.3,6.92,90.29,1.43
2018-11-02,26.44,16.57,87.12,2.16
2018-11-03,26.35,28.66,88.88,2.62
2018-11-04,26.54,0.91,84.46,2.74
2018-11-05,26.26,0.05,84.67,2.2
2018-11-06,25.57,3.67,88.97,2.38
2018-11-07,25.89,2.27,85.07,2.48
2018-11-08,24.92,6.49,89.21,2.2
2018-11-09,25.84,3.52,88.78,2.02
2018-11-10,26.41,0.13,83.32,2.66
2018-11-11,26.55,0.05,77.25,1.98
2018-11-12,26.25,0.01,78.7,1.42
2018-11-13,26.61,0.03,81.54,1.4
2018-11-14,26.91,0.02,81.61,1.25
2018-11-15,27.96,7.39,75.85,0.76
2018-11-16,25.59,32.33,88.35,3.17
2018-11-17,26.32,0.04,83.17,1.26
2018-11-18,26.74,0.72,84.09,1.55
2018-11-19,26.73,8.66,86.09,2.0
2018-11-20,25.62,5.0,88.46,2.15
2018-11-21,26.4,1.02,82.1,2.42
2018-11-22,26.63,2.36,81.53,1.59
2018-11-23,26.43,2.76,88.26,1.77
2018-11-24,25.9,3.97,89.71,2.2
2018-11-25,25.74,0.21,85.19,2.87
2018-11-26,25.64,0.0,82.5,3.19
2018-11-27,24.68,0.0,80.82,3.23
2018-11-28,25.24,0.27,83.6,3.42
2018-11-29,25.89,3.65,87.95,3.6
2018-11-30,26.31,0.86,86.09,3.48
2018-12-01,25.89,0.1,84.5,3.26
2018-12-02,25.54,0.0,82.29,3.07
2018-12-03,25.84,0.64,85.74,3.03
2018-12-04,26.49,5.64,86.66,2.82
2018-12-05,26.57,1.67,86.13,2.57
2018-12-06,26.39,0.2,85.74,2.67
2018-12-07,26.41,0.54,84.68,3.08
2018-12-08,26.35,0.06,81.68,3.38
2018-12-09,26.04,0.0,81.05,3.25
2018-12-10,25.94,0.0,79.41,2.62
2018-12-11,25.28,0.0,77.59,2.17
2018-12-12,26.0,0.0,77.73,2.14
2018-12-13,26.48,0.0,77.09,2.12
2018-12-14,26.28,0.0,76.08,2.75
2018-12-15,26.27,0.0,77.78,3.33
2018-12-16,26.78,0.0,67.92,1.73
2018-12-17,26.81,0.0,71.17,1.42
2018-12-18,27.01,0.02,78.08,1.78
2018-12-19,26.58,0.0,76.5,3.09
2018-12-20,26.03,0.01,75.5,2.66
2018-12-21,26.65,0.29,78.57,2.62
2018-12-22,26.03,2.3,76.54,3.47
2018-12-23,26.44,3.32,84.56,3.51
2018-12-24,25.93,3.17,86.63,3.03
2018-12-25,26.76,0.37,77.96,3.09
2018-12-26,26.51,0.06,77.18,2.09
2018-12-27,26.31,0.01,74.15,2.53
2018-12-28,26.32,0.02,75.49,2.16
2018-12-29,26.41,0.57,75.94,3.24
2018-12-30,26.08,0.13,73.45,4.03
2018-12-31,25.68,0.01,73.54,4.04
2019-01-01,25.14,0.0,69.77,3.78
2019-01-02,24.12,0.0,69.4,3.96
2019-01-03,24.58,0.0,68.1,3.93
2019-01-04,24.57,0.0,68.16,4.06
2019-01-05,25.32,0.0,68.79,3.42
2019-01-06,25.02,0.0,71.33,3.36
2019-01-07,25.69,0.0,68.7,2.71
2019-01-08,25.71,0.0,72.13,3.15
2019-01-09,24.97,0.0,70.55,3.4
2019-01-10,25.05,0.0,69.96,3.43
2019-01-11,25.4,0.0,70.17,3.4
2019-01-12,25.67,0.0,66.03,3.77
2019-01-13,26.23,0.03,71.28,3.35
2019-01-14,26.93,0.49,69.98,3.29
2019-01-15,26.72,0.16,66.57,3.6
2019-01-16,26.63,0.0,64.73,4.05
2019-01-17,25.71,0.0,63.76,3.69
2019-01-18,25.36,0.0,61.64,3.56
2019-01-19,25.26,0.0,63.42,3.22
2019-01-20,25.18,0.0,63.88,3.75
2019-01-21,25.36,0.0,62.4,3.06
2019-01-22,25.8,0.0,66.59,2.83
2019-01-23,26.51,0.0,69.5,2.98
2019-01-24,26.88,0.0,71.61,2.85
2019-01-25,27.76,0.0,71.07,2.28
2019-01-26,28.27,0.01,70.66,2.58
2019-01-27,28.2,0.31,67.59,2.76
2019-01-28,28.17,0.94,66.14,2.87
2019-01-29,28.14,0.01,62.27,3.91
2019-01-30,27.64,0.0,64.5,4.45
2019-01-31,27.29,0.0,64.88,3.82
2019-02-01,27.45,0.0,65.46,3.35
2019-02-02,27.79,0.0,65.27,3.48
2019-02-03,28.01,0.0,64.39,3.7
2019-02-04,28.29,0.23,68.08,4.29
2019-02-05,28.43,0.1,68.63,4.04
2019-02-06,28.19,0.03,64.99,3.51
2019-02-07,27.91,0.0,65.98,2.62
2019-02-08,28.74,0.01,68.48,2.07
2019-02-09,28.47,0.9,72.5,1.94
2019-02-10,28.03,0.46,72.48,2.31
2019-02-11,28.57,0.08,66.95,3.93
2019-02-12,28.49,0.01,65.11,4.62
2019-02-13,28.41,0.0,62.37,4.54
2019-02-14,28.74,0.0,67.14,3.84
2019-02-15,28.98,0.05,68.15,3.08
2019-02-16,29.39,0.08,66.3,2.35
2019-02-17,29.47,0.15,68.26,1.82
2019-02-18,30.05,0.03,66.36,2.53
2019-02-19,29.85,0.05,66.61,2.44
2019-02-20,29.31,0.0,62.88,3.84
2019-02-21,28.98,0.0,61.85,3.84
2019-02-22,28.7,0.0,58.34,4.04
2019-02-23,27.77,0.0,60.99,2.95
2019-02-24,27.73,0.0,62.85,2.89
2019-02-25,28.32,0.0,62.27,2.47
2019-02-26,29.54,0.0,63.69,2.02
2019-02-27,30.67,0.0,58.9,2.3
2019-02-28,31.13,0.01,55.79,2.66
2019-03-01,30.32,0.0,61.0,2.33
2019-03-02,29.9,0.01,61.54,3.48
2019-03-03,30.08,0.01,60.49,3.21
2019-03-04,29.81,0.02,59.25,2.51
2019-03-05,30.51,0.0,57.21,2.3
2019-03-06,31.55,0.16,59.45,2.79
2019-03-07,31.38,0.04,60.85,3.13
2019-03-08,31.14,0.02,62.55,3.12
2019-03-09,30.78,1.88,63.4,2.41
2019-03-10,30.2,0.97,63.81,2.16
2019-03-11,29.94,0.0,57.41,2.52
2019-03-12,29.3,0.0,57.91,2.78
2019-03-13,29.12,0.0,59.58,3.23
2019-03-14,29.48,0.0,55.91,3.11
2019-03-15,29.33,0.0,56.93,3.32
2019-03-16,29.55,0.0,59.6,3.18
2019-03-17,29.95,0.01,60.9,3.06
2019-03-18,30.41,0.28,61.9,2.94
2019-03-19,30.19,0.1,61.07,2.42
2019-03-20,30.14,0.38,61.21,2.34
2019-03-21,30.04,0.0,60.5,2.42
2019-03-22,30.38,0.03,62.38,2.47
2019-03-23,30.73,0.01,62.92,2.19
2019-03-24,30.58,0.0,57.63,2.0
2019-03-25,30.71,0.0,52.57,2.53
2019-03-26,30.04,0.0,54.86,2.63
2019-03-27,30.46,0.0,56.04,2.43
2019-03-28,30.35,0.0,56.84,2.17
2019-03-29,30.57,0.01,52.23,2.24
2019-03-30,30.72,0.0,58.34,2.27
2019-03-31,31.9,0.0,55.79,2.67
2019-04-01,32.27,0.0,56.76,3.0
2019-04-02,31.35,0.01,60.64,2.44
2019-04-03,30.76,0.01,62.88,2.4
2019-04-04,30.69,0.5,60.96,2.34
2019-04-05,31.64,0.36,57.72,2.38
2019-04-06,31.97,0.01,55.21,2.38
2019-04-07,31.78,0.02,60.75,2.36
2019-04-08,31.57,0.01,62.76,2.66
2019-04-09,32.06,0.01,58.73,2.58
2019-04-10,31.76,0.02,60.67,2.31
2019-04-11,32.02,0.03,58.86,2.13
2019-04-12,31.85,0.01,61.13,2.19
2019-04-13,31.81,0.01,61.65,2.03
2019-04-14,31.76,0.01,59.07,1.96
2019-04-15,32.3,0.03,57.7,2.46
2019-04-16,32.06,0.71,59.56,2.2
2019-04-17,31.18,2.82,65.09,2.06
2019-04-18,31.21,1.31,64.63,2.56
2019-04-19,31.14,1.71,64.85,2.84
2019-04-20,30.62,3.16,65.44,2.49
2019-04-21,31.46,0.59,59.91,2.49
2019-04-22,32.0,0.74,58.45,2.63
2019-04-23,31.87,1.1,61.6,2.12
2019-04-24,31.2,0.35,62.49,1.77
2019-04-25,32.07,0.35,58.06,2.04
2019-04-26,31.66,0.12,62.52,2.29
2019-04-27,31.97,0.11,64.38,2.31
2019-04-28,33.0,0.08,60.04,2.16
2019-04-29,32.7,2.4,57.56,2.65
2019-04-30,31.92,0.9,59.81,4.64
2019-05-01,30.71,1.39,65.38,5.25
2019-05-02,31.38,0.01,62.92,4.89
2019-05-03,32.12,0.0,57.63,4.78
2019-05-04,32.69,0.0,54.81,3.94
2019-05-05,32.96,0.0,54.99,3.16
2019-05-06,33.24,0.08,55.51,3.71
2019-05-07,32.72,0.38,56.3,4.76
2019-05-08,32.08,0.08,51.5,4.5
2019-05-09,33.06,0.89,52.01,3.28
2019-05-10,33.0,0.09,56.39,3.38
2019-05-11,33.32,0.01,56.72,3.94
2019-05-12,33.08,0.12,57.95,3.88
2019-05-13,32.9,0.02,57.01,4.2
2019-05-14,33.34,0.01,54.69,3.5
2019-05-15,32.42,0.34,59.45,3.89
2019-05-16,31.92,0.11,62.95,3.51
2019-05-17,32.44,0.21,59.51,3.6
2019-05-18,32.71,0.03,59.88,3.7
2019-05-19,32.66,0.0,60.24,3.68
2019-05-20,32.62,0.01,58.86,3.27
2019-05-21,31.91,0.08,61.85,3.68
2019-05-22,31.45,0.03,66.77,3.25
2019-05-23,30.91,0.49,70.25,3.88
2019-05-24,30.96,1.41,68.08,4.03
2019-05-25,30.23,0.58,68.15,4.79
2019-05-26,31.64,0.07,62.5,4.64
2019-05-27,32.89,0.03,61.78,3.4
2019-05-28,33.23,0.01,60.54,3.1
2019-05-29,32.46,0.92,61.62,3.7
2019-05-30,31.37,1.12,66.47,4.3
2019-05-31,28.91,3.34,65.31,3.39
2019-06-01,31.0,0.4,63.95,4.33
2019-06-02,31.09,0.27,66.59,4.65
2019-06-03,30.78,0.78,67.64,4.06
2019-06-04,30.51,0.4,66.45,4.3
2019-06-05,30.51,2.99,67.97,3.34
2019-06-06,30.62,0.65,70.03,2.58
2019-06-07,29.82,4.47,71.9,4.87
2019-06-08,30.18,2.87,70.87,4.51
2019-06-09,29.52,4.42,75.98,4.44
2019-06-10,29.42,5.49,76.15,4.55
2019-06-11,29.64,2.88,73.91,4.57
2019-06-12,29.43,1.13,75.11,4.53
2019-06-13,29.73,0.47,73.78,4.9
2019-06-14,30.37,0.4,68.47,3.71
2019-06-15,30.58,0.25,68.88,4.68
2019-06-16,30.83,0.13,63.61,4.87
2019-06-17,30.3,0.03,69.83,5.04
2019-06-18,30.63,0.13,66.88,5.47
2019-06-19,30.39,1.06,68.89,5.27
2019-06-20,30.22,0.36,63.16,5.78
2019-06-21,28.69,0.54,68.87,5.96
2019-06-22,29.21,1.13,69.8,6.14
2019-06-23,29.8,0.5,68.78,4.92
2019-06-24,30.53,0.23,68.56,4.69
2019-06-25,30.17,0.33,70.25,4.6
2019-06-26,30.44,0.0,67.61,4.63
2019-06-27,30.55,0.0,66.81,5.13
2019-06-28,30.25,0.0,64.46,4.97
2019-06-29,31.09,0.0,61.1,5.2
2019-06-30,29.99,0.0,66.16,5.34
2019-07-01,30.38,0.0,67.68,5.08
2019-07-02,30.04,0.07,68.9,5.74
2019-07-03,30.23,0.34,68.35,4.92
2019-07-04,30.56,0.86,67.7,4.74
2019-07-05,29.76,0.69,70.51,4.83
2019-07-06,29.61,0.09,70.31,4.83
2019-07-07,29.69,0.18,70.02,4.39
2019-07-08,30.31,0.65,68.81,4.25
2019-07-09,29.06,1.36,68.94,3.96
2019-07-10,29.53,0.21,63.65,4.83
2019-07-11,30.86,0.03,55.89,2.04
2019-07-12,31.23,0.35,54.74,2.29
2019-07-13,30.33,0.83,64.15,3.05
2019-07-14,29.9,0.84,68.27,3.99
2019-07-15,29.23,3.0,67.84,5.03
2019-07-16,30.24,0.62,62.59,4.86
2019-07-17,30.27,0.14,61.45,4.92
2019-07-18,29.07,2.36,65.54,4.91
2019-07-19,28.39,4.17,70.69,6.19
2019-07-20,28.1,1.28,71.56,5.91
2019-07-21,29.06,1.21,67.87,5.76
2019-07-22,28.42,0.34,70.52,4.76
2019-07-23,29.56,0.19,61.37,4.67
2019-07-24,29.36,0.7,66.27,4.05
2019-07-25,29.87,0.73,64.06,4.31
2019-07-26,28.96,0.98,65.71,4.4
2019-07-27,30.37,0.02,61.97,4.06
2019-07-28,29.82,0.01,63.92,4.55
2019-07-29,29.84,0.03,65.28,4.45
2019-07-30,30.79,0.01,60.91,3.75
2019-07-31,30.01,0.0,64.34,3.74
2019-08-01,30.5,0.01,64.09,4.61
2019-08-02,29.5,0.01,69.19,4.97
2019-08-03,29.7,0.14,67.44,4.76
2019-08-04,29.62,0.33,69.92,5.0
2019-08-05,28.98,0.34,67.38,5.32
2019-08-06,29.49,1.51,69.54,5.37
2019-08-07,29.28,4.53,71.22,5.87
2019-08-08,28.46,6.27,72.06,6.33
2019-08-09,27.96,6.7,75.19,5.46
2019-08-10,27.62,2.02,74.88,5.01
2019-08-11,27.61,1.03,71.65,5.07
2019-08-12,29.19,0.3,66.37,5.36
2019-08-13,28.43,2.69,71.4,4.6
2019-08-14,28.61,2.19,71.93,5.45
2019-08-15,29.37,0.39,68.01,3.58
2019-08-16,29.25,0.54,62.07,4.13
2019-08-17,27.02,15.04,74.76,3.13
2019-08-18,27.9,14.07,75.34,3.19
2019-08-19,28.34,1.83,73.9,3.55
2019-08-20,29.03,1.68,72.41,4.24
2019-08-21,28.57,1.15,74.14,4.84
2019-08-22,28.35,2.23,71.11,5.14
2019-08-23,27.69,0.53,70.47,4.78
2019-08-24,28.29,0.19,67.9,4.63
2019-08-25,27.94,0.84,71.08,4.88
2019-08-26,27.91,1.1,72.94,5.37
2019-08-27,28.41,1.3,70.96,5.13
2019-08-28,28.01,0.31,72.9,4.56
2019-08-29,27.42,3.52,74.66,4.86
2019-08-30,28.82,1.61,67.93,5.29
2019-08-31,28.39,0.73,69.91,4.89
2019-09-01,28.43,1.37,75.62,4.44
2019-09-02,28.01,3.05,78.14,4.18
2019-09-03,27.98,0.82,78.17,4.09
2019-09-04,28.67,0.78,73.86,4.87
2019-09-05,28.55,1.91,74.51,4.39
2019-09-06,28.99,1.4,74.85,4.57
2019-09-07,28.94,0.46,72.89,4.25
2019-09-08,28.89,0.06,70.27,4.33
2019-09-09,29.72,0.09,63.38,4.29
2019-09-10,29.32,1.34,70.5,3.82
2019-09-11,29.12,1.99,72.33,3.94
2019-09-12,29.08,0.49,70.67,3.2
2019-09-13,28.87,5.92,70.8,3.26
2019-09-14,28.63,2.05,74.1,2.78
2019-09-15,29.26,4.39,70.48,3.17
2019-09-16,28.25,8.73,76.14,4.05
2019-09-17,29.24,0.39,68.65,3.75
2019-09-18,28.95,1.4,74.08,4.35
2019-09-19,28.7,1.97,74.4,4.27
2019-09-20,28.44,4.25,75.44,2.85
2019-09-21,28.84,0.18,70.23,3.08
2019-09-22,29.3,12.16,72.42,3.04
2019-09-23,27.93,18.95,82.88,2.71
2019-09-24,27.26,6.6,80.52,3.45
2019-09-25,27.22,9.41,82.71,3.03
2019-09-26,27.04,6.2,80.76,2.84
2019-09-27,27.51,1.46,75.33,1.41
2019-09-28,27.87,1.03,75.01,1.41
2019-09-29,27.6,8.35,76.22,1.55
2019-09-30,27.12,7.73,78.92,2.02
2019-10-01,27.95,1.1,75.02,2.38
2019-10-02,27.95,2.89,76.51,1.42
2019-10-03,28.43,4.8,77.03,1.0
2019-10-04,27.91,0.5,77.23,2.36
2019-10-05,28.17,0.34,75.67,2.4
2019-10-06,28.13,0.7,75.25,2.28
2019-10-07,28.1,1.58,76.57,2.45
2019-10-08,28.26,2.1,78.02,1.6
2019-10-09,27.94,0.27,79.65,1.48
2019-10-10,28.17,0.8,77.44,1.61
2019-10-11,26.81,15.07,84.0,1.41
2019-10-12,27.46,10.19,79.92,1.35
2019-10-13,27.82,10.01,79.58,1.17
2019-10-14,28.0,20.32,80.7,1.56
2019-10-15,27.04,25.55,86.94,1.59
2019-10-16,26.17,20.31,88.22,1.9
2019-10-17,25.93,27.86,89.46,1.68
2019-10-18,26.57,8.14,85.29,1.48
2019-10-19,26.49,18.9,87.94,1.66
2019-10-20,26.57,31.85,88.66,1.65
2019-10-21,26.07,38.78,92.42,1.62
2019-10-22,26.17,2.9,87.34,1.95
2019-10-23,26.83,9.67,84.9,2.81
2019-10-24,25.67,1.65,88.03,2.75
2019-10-25,26.17,4.98,85.99,2.31
2019-10-26,26.08,1.38,84.75,2.08
2019-10-27,25.21,3.26,85.59,1.72
2019-10-28,26.23,2.48,82.18,2.45
2019-10-29,25.85,33.93,88.94,3.27
2019-10-30,25.92,57.75,91.42,3.2
2019-10-31,26.29,13.4,92.22,3.32
2019-11-01,26.72,0.12,81.79,1.01
2019-11-02,26.98,2.53,81.8,1.19
2019-11-03,26.74,13.9,83.4,1.27
2019-11-04,26.62,2.51,82.55,1.27
2019-11-05,26.62,0.3,84.28,1.0
2019-11-06,27.15,0.54,84.54,1.84
2019-11-07,27.58,5.66,84.81,1.98
2019-11-08,27.16,2.65,87.81,2.05
2019-11-09,27.39,1.13,85.43,1.73
2019-11-10,27.19,2.16,85.54,1.53
2019-11-11,26.81,5.54,85.59,1.3
2019-11-12,26.29,4.11,86.71,1.96
2019-11-13,26.54,0.53,87.03,3.09
2019-11-14,26.65,3.78,87.74,2.65
2019-11-15,26.84,21.8,87.82,2.51
2019-11-16,26.72,33.68,87.78,2.31
2019-11-17,26.82,4.46,88.5,2.54
2019-11-18,27.16,2.64,87.85,2.47
2019-11-19,27.16,1.56,86.58,2.32
2019-11-20,26.64,5.28,88.53,2.41
2019-11-21,26.78,4.07,86.99,2.81
2019-11-22,26.19,18.51,90.7,2.28
2019-11-23,26.08,3.1,89.81,3.65
2019-11-24,26.26,3.52,88.54,3.25
2019-11-25,26.09,8.03,90.71,3.67
2019-11-26,26.31,2.35,87.36,3.74
2019-11-27,26.68,3.43,87.47,2.96
2019-11-28,26.9,5.17,90.42,2.59
2019-11-29,26.64,21.67,91.4,3.05
2019-11-30,26.07,102.44,92.64,2.41
2019-12-01,25.98,7.97,91.89,2.28
2019-12-02,25.9,11.02,90.31,2.33
2019-12-03,26.03,5.77,88.73,2.45
2019-12-04,26.07,1.65,88.66,3.69
2019-12-05,25.39,4.66,90.17,4.01
2019-12-06,24.89,2.78,90.33,4.46
2019-12-07,25.58,7.2,89.75,3.47
2019-12-08,25.2,0.3,87.83,3.21
2019-12-09,25.06,0.01,87.31,3.24
2019-12-10,25.07,0.12,86.94,3.1
2019-12-11,25.23,0.03,86.45,2.69
2019-12-12,25.48,0.29,88.25,3.25
2019-12-13,25.97,1.67,89.18,2.84
2019-12-14,25.83,6.12,91.49,2.91
2019-12-15,25.6,0.9,86.89,3.52
2019-12-16,25.36,0.28,87.85,3.05
2019-12-17,25.69,1.41,89.28,3.73
2019-12-18,25.66,0.59,88.39,4.04
2019-12-19,25.91,0.39,88.15,3.94
2019-12-20,25.58,26.91,90.67,3.59
2019-12-21,25.25,4.78,89.43,2.99
2019-12-22,25.63,0.47,88.33,3.25
2019-12-23,25.56,0.08,87.05,3.08
2019-12-24,25.23,0.1,89.56,3.1
2019-12-25,26.15,2.66,90.18,2.93
2019-12-26,25.5,0.11,88.13,2.65
2019-12-27,24.97,0.0,85.41,2.78
2019-12-28,25.01,0.0,83.0,2.61
2019-12-29,25.39,0.0,86.35,2.87
2019-12-30,25.44,0.0,86.35,2.8
2019-12-31,25.66,0.0,85.98,2.35
2020-01-01,25.92,0.03,87.7,2.22
2020-01-02,26.57,0.11,86.63,2.74
2020-01-03,26.78,0.06,86.29,2.23
2020-01-04,26.77,1.05,86.54,1.92
2020-01-05,26.65,0.57,85.59,2.24
2020-01-06,26.42,0.1,84.9,3.3
2020-01-07,25.98,0.69,85.23,3.28
2020-01-08,25.78,0.09,82.46,3.12
2020-01-09,25.34,0.0,79.04,2.81
2020-01-10,24.96,0.01,77.6,2.83
2020-01-11,25.04,0.0,78.29,3.46
2020-01-12,24.75,0.0,77.14,3.34
2020-01-13,24.94,0.0,76.93,2.78
2020-01-14,24.75,0.0,75.04,2.63
2020-01-15,24.25,0.0,74.09,2.82
2020-01-16,24.96,0.02,74.86,2.26
2020-01-17,26.01,0.4,81.49,2.75
2020-01-18,26.57,0.45,82.66,2.77
2020-01-19,26.44,4.54,82.16,3.49
2020-01-20,26.13,0.17,78.46,3.14
2020-01-21,25.99,0.0,78.34,3.46
2020-01-22,26.33,0.0,78.87,4.12
2020-01-23,26.35,0.01,81.12,3.92
2020-01-24,26.41,0.0,77.25,3.98
2020-01-25,25.98,0.0,74.24,3.02
2020-01-26,25.77,0.0,71.91,2.75
2020-01-27,25.57,0.0,69.44,2.12
2020-01-28,26.04,0.0,71.23,2.12
2020-01-29,26.63,0.0,72.4,2.29
2020-01-30,26.85,0.0,70.89,2.21
2020-01-31,26.75,0.0,71.98,2.6
2020-02-01,26.95,0.0,70.3,2.69
2020-02-02,27.1,0.0,68.42,3.22
2020-02-03,26.83,0.0,68.83,3.17
2020-02-04,27.17,0.0,69.88,2.93
2020-02-05,27.6,0.01,70.43,2.8
2020-02-06,27.29,0.01,68.03,2.71
2020-02-07,27.62,0.0,67.53,2.63
2020-02-08,28.4,0.0,64.8,2.09
2020-02-09,28.48,0.0,62.84,3.13
2020-02-10,28.11,0.0,64.12,3.6
2020-02-11,28.33,0.0,63.41,3.95
2020-02-12,28.5,0.04,66.26,4.23
2020-02-13,28.5,0.06,66.91,3.98
2020-02-14,27.61,0.94,64.99,2.89
2020-02-15,28.56,0.22,63.75,2.67
2020-02-16,28.3,0.0,61.87,3.19
2020-02-17,28.44,0.0,61.25,3.55
2020-02-18,27.28,0.0,60.74,3.4
2020-02-19,27.45,0.0,60.23,3.36
2020-02-20,27.54,0.0,63.94,3.71
2020-02-21,28.1,4.3,69.88,4.24
2020-02-22,28.14,7.46,73.68,4.82
2020-02-23,28.12,0.1,69.38,4.02
2020-02-24,27.94,0.01,68.76,3.5
2020-02-25,28.43,0.0,69.78,2.85
2020-02-26,28.67,0.0,67.35,2.93
2020-02-27,28.69,0.0,66.52,3.37
2020-02-28,29.25,0.05,62.37,3.53
2020-02-29,28.77,0.0,60.9,2.91
2020-03-01,29.09,0.0,58.91,2.98
2020-03-02,29.37,0.05,58.7,2.58
2020-03-03,29.92,0.05,55.29,2.21
2020-03-04,29.75,0.05,60.16,1.42
2020-03-05,29.88,0.05,56.84,1.29
2020-03-06,30.6,0.04,63.0,2.04
2020-03-07,30.41,0.01,62.35,2.93
2020-03-08,29.79,0.0,65.69,2.15
2020-03-09,30.37,0.01,62.07,3.08
2020-03-10,29.81,0.0,59.67,3.08
2020-03-11,29.26,0.1,63.36,2.35
2020-03-12,29.44,0.03,63.28,2.54
2020-03-13,29.61,0.0,61.75,3.15
2020-03-14,29.9,0.0,62.03,2.85
2020-03-15,29.87,0.0,62.81,3.31
2020-03-16,30.51,0.0,63.86,3.82
2020-03-17,30.44,0.0,62.32,3.72
2020-03-18,30.25,0.02,65.56,3.05
2020-03-19,30.7,0.02,61.24,2.6
2020-03-20,30.87,0.0,61.71,2.31
2020-03-21,30.53,0.58,64.27,2.18
2020-03-22,30.56,0.61,63.95,2.03
2020-03-23,30.29,0.68,62.41,2.23
2020-03-24,30.58,0.01,58.16,2.75
2020-03-25,30.45,0.44,58.32,2.76
2020-03-26,30.35,0.01,58.52,3.34
2020-03-27,30.22,0.02,60.89,3.42
2020-03-28,30.21,0.0,57.2,2.69
2020-03-29,30.28,0.0,55.87,2.36
2020-03-30,30.63,0.54,54.43,2.66
2020-03-31,30.1,0.1,57.81,2.79
2020-04-01,30.08,0.0,59.15,3.1
2020-04-02,30.53,0.0,60.83,2.53
2020-04-03,30.41,0.01,61.89,2.43
2020-04-04,31.05,0.11,61.37,2.46
2020-04-05,29.62,1.92,70.97,1.29
2020-04-06,30.47,0.3,67.16,2.07
2020-04-07,30.44,0.17,64.01,1.69
2020-04-08,30.88,0.71,63.35,1.55
2020-04-09,31.23,0.97,63.83,2.2
2020-04-10,30.7,3.66,65.29,2.52
2020-04-11,30.81,2.21,64.41,2.81
2020-04-12,31.25,0.08,61.61,2.82
2020-04-13,31.1,0.01,59.51,2.25
2020-04-14,31.22,2.15,60.94,2.06
2020-04-15,30.87,1.66,64.44,2.05
2020-04-16,31.09,0.36,63.07,2.15
2020-04-17,31.29,0.17,63.09,2.41
2020-04-18,31.45,0.2,61.56,2.52
2020-04-19,31.09,5.18,63.37,2.0
2020-04-20,30.52,2.16,68.63,2.49
2020-04-21,31.45,0.49,64.07,2.46
2020-04-22,31.58,0.35,63.38,2.26
2020-04-23,32.37,0.57,61.49,2.46
2020-04-24,32.35,2.6,60.68,1.97
2020-04-25,30.67,3.75,69.62,2.63
2020-04-26,30.24,2.52,74.68,1.44
2020-04-27,31.05,1.01,69.98,1.42
2020-04-28,30.57,0.93,70.31,1.82
2020-04-29,30.72,1.79,67.53,2.41
2020-04-30,30.29,1.1,68.12,1.78
2020-05-01,31.82,0.05,62.52,2.32
2020-05-02,32.32,0.3,61.5,2.53
2020-05-03,31.27,1.05,68.1,1.6
2020-05-04,31.34,0.74,65.83,1.69
2020-05-05,31.23,0.25,63.02,2.02
2020-05-06,30.69,1.05,67.68,3.04
2020-05-07,30.89,3.32,64.07,3.04
2020-05-08,30.03,2.54,73.07,2.18
2020-05-09,30.04,1.61,73.48,1.81
2020-05-10,30.35,3.63,72.7,1.63
2020-05-11,29.41,4.83,78.91,1.32
2020-05-12,30.91,1.17,67.13,2.24
2020-05-13,30.65,3.4,66.54,1.36
2020-05-14,31.04,0.39,67.08,1.73
2020-05-15,29.89,1.75,76.79,3.11
2020-05-16,30.29,0.62,70.23,3.28
2020-05-17,30.91,0.93,68.23,4.45
2020-05-18,29.34,1.88,69.55,5.53
2020-05-19,29.71,0.4,71.27,5.66
2020-05-20,31.64,0.58,64.02,5.61
2020-05-21,30.32,2.68,66.49,4.85
2020-05-22,30.44,5.35,66.01,4.9
2020-05-23,31.29,0.22,67.83,4.65
2020-05-24,31.51,0.13,68.9,5.13
2020-05-25,30.68,0.64,71.06,4.63
2020-05-26,30.93,0.61,68.96,3.88
2020-05-27,31.23,0.45,66.51,4.27
2020-05-28,30.02,17.21,76.01,4.49
2020-05-29,30.13,3.84,68.81,4.38
2020-05-30,29.83,0.64,71.43,3.84
2020-05-31,29.57,0.92,73.81,4.03
2020-06-01,29.55,1.3,73.93,3.85
2020-06-02,28.82,2.39,75.66,4.11
2020-06-03,28.73,0.8,73.9,3.84
2020-06-04,29.62,0.98,70.49,4.32
2020-06-05,29.31,2.54,75.9,4.15
2020-06-06,29.1,1.03,71.2,5.16
2020-06-07,27.54,2.22,76.52,4.55
2020-06-08,30.38,0.17,64.89,4.68
2020-06-09,30.14,0.05,67.0,4.51
2020-06-10,29.65,0.04,69.38,4.9
2020-06-11,28.97,0.67,67.13,4.71
2020-06-12,28.48,0.4,72.4,4.59
2020-06-13,29.31,1.08,72.04,4.34
2020-06-14,30.09,0.03,67.21,5.1
2020-06-15,30.45,0.05,68.55,4.83
2020-06-16,29.83,0.26,72.5,4.89
2020-06-17,29.84,0.15,69.49,4.87
2020-06-18,29.72,0.24,67.97,4.56
2020-06-19,29.51,0.26,67.66,4.24
2020-06-20,30.41,0.32,63.6,4.57
2020-06-21,28.62,0.66,68.99,5.23
2020-06-22,29.72,0.89,62.95,5.55
2020-06-23,30.64,0.46,56.9,4.58
2020-06-24,30.54,3.07,61.02,2.99
2020-06-25,28.18,7.09,71.11,2.38
2020-06-26,28.37,3.45,73.63,4.46
2020-06-27,29.48,0.36,69.07,4.99
2020-06-28,29.65,2.25,72.35,4.91
2020-06-29,29.37,1.85,73.29,4.14
2020-06-30,29.55,0.81,71.31,4.51
2020-07-01,28.97,0.07,70.21,3.85
2020-07-02,29.57,0.58,68.88,4.06
2020-07-03,28.26,0.56,70.46,4.69
2020-07-04,28.32,1.54,71.35,4.86
2020-07-05,28.49,1.42,69.21,4.58
2020-07-06,28.51,0.81,69.83,5.21
2020-07-07,28.66,1.04,70.11,4.81
2020-07-08,28.71,4.71,73.85,2.24
2020-07-09,27.64,4.91,76.31,1.69
2020-07-10,28.04,0.97,75.8,2.43
2020-07-11,28.36,1.38,74.29,3.63
2020-07-12,28.68,0.27,70.53,5.03
2020-07-13,28.69,0.86,72.31,3.64
2020-07-14,29.38,0.27,71.16,2.27
2020-07-15,29.01,0.32,71.87,4.33
2020-07-16,28.17,0.57,72.71,4.79
2020-07-17,29.46,0.67,67.37,3.97
2020-07-18,29.11,0.76,69.34,2.03
2020-07-19,29.3,2.81,69.49,2.32
2020-07-20,28.56,8.05,75.83,2.21
2020-07-21,27.82,3.33,77.98,2.29
2020-07-22,28.51,0.35,75.18,3.74
2020-07-23,28.24,2.06,76.69,3.28
2020-07-24,27.57,1.17,78.39,3.82
2020-07-25,28.0,0.06,72.82,3.56
2020-07-26,28.12,0.64,69.99,3.83
2020-07-27,29.4,0.06,65.97,3.14
2020-07-28,28.61,3.08,70.72,4.07
2020-07-29,27.6,3.73,76.64,5.15
2020-07-30,28.91,0.99,69.89,5.17
2020-07-31,28.69,1.0,73.4,5.06
2020-08-01,28.41,0.79,70.32,5.25
2020-08-02,28.15,2.41,71.59,5.34
2020-08-03,27.87,1.3,73.02,6.14
2020-08-04,28.43,0.76,69.23,5.35
2020-08-05,28.85,1.9,65.28,6.57
2020-08-06,28.47,4.06,71.42,6.68
2020-08-07,28.85,2.69,69.64,6.62
2020-08-08,27.67,9.91,75.55,5.06
2020-08-09,26.8,6.31,79.11,5.23
2020-08-10,27.84,0.43,75.46,4.78
2020-08-11,28.67,0.18,73.57,4.77
2020-08-12,28.92,0.15,68.28,4.69
2020-08-13,29.11,0.04,70.3,4.23
2020-08-14,28.31,0.01,72.79,4.39
2020-08-15,27.99,0.0,73.79,3.99
2020-08-16,28.64,0.01,73.86,3.68
2020-08-17,29.18,0.02,71.14,3.91
2020-08-18,29.58,0.05,69.28,4.35
2020-08-19,29.71,0.03,67.78,3.1
2020-08-20,28.83,0.01,70.78,3.77
2020-08-21,30.21,0.05,63.96,2.94
2020-08-22,31.09,0.89,63.25,2.73
2020-08-23,30.24,2.36,67.35,2.89
2020-08-24,30.09,1.58,67.7,1.96
2020-08-25,30.03,1.69,69.08,2.04
2020-08-26,29.39,6.01,72.09,2.02
2020-08-27,29.91,0.46,67.34,3.01
2020-08-28,30.38,2.56,64.28,3.1
2020-08-29,29.73,0.34,66.71,4.3
2020-08-30,29.87,0.04,67.69,3.28
2020-08-31,29.16,2.02,69.94,3.15
2020-09-01,29.16,5.09,71.52,4.13
2020-09-02,28.35,3.42,71.86,3.04
2020-09-03,28.14,3.97,76.48,3.1
2020-09-04,28.78,1.79,75.22,2.81
2020-09-05,28.21,6.05,78.4,3.63
2020-09-06,27.8,4.22,78.43,4.21
2020-09-07,28.41,1.42,72.61,4.71
2020-09-08,28.01,6.14,78.98,3.31
2020-09-09,28.12,3.39,77.58,4.14
2020-09-10,27.67,2.61,74.04,5.12
2020-09-11,28.15,0.66,70.74,4.49
2020-09-12,27.98,2.39,71.73,3.96
2020-09-13,27.8,1.3,76.2,3.92
2020-09-14,28.34,0.35,69.94,4.75
2020-09-15,28.17,0.58,72.68,4.09
2020-09-16,28.86,0.67,73.39,4.41
2020-09-17,28.53,1.25,76.85,4.37
2020-09-18,28.49,1.23,75.49,5.01
2020-09-19,27.66,2.28,74.49,5.76
2020-09-20,27.29,1.15,71.15,6.06
2020-09-21,26.76,2.47,77.96,5.23
2020-09-22,27.95,0.78,71.43,4.79
2020-09-23,28.62,0.57,73.96,4.01
2020-09-24,28.47,0.21,74.47,2.5
2020-09-25,27.49,2.03,77.33,2.45
2020-09-26,28.2,0.47,73.21,3.02
2020-09-27,28.81,0.52,68.96,3.2
2020-09-28,28.2,1.55,75.73,3.56
2020-09-29,28.3,0.58,73.39,4.04
2020-09-30,28.31,6.11,73.11,4.24
2020-10-01,28.88,0.2,69.92,3.72
2020-10-02,28.85,0.02,69.91,4.21
2020-10-03,27.94,0.02,72.49,4.4
2020-10-04,28.75,0.01,67.08,4.29
2020-10-05,29.73,0.0,60.36,3.02
2020-10-06,30.34,10.39,64.34,2.76
2020-10-07,29.11,3.9,73.32,3.34
2020-10-08,27.9,4.92,78.82,2.84
2020-10-09,26.99,7.23,83.07,3.65
2020-10-10,28.31,1.04,71.53,3.08
2020-10-11,26.96,1.24,77.55,4.29
2020-10-12,28.07,0.42,74.93,4.78
2020-10-13,27.92,0.43,74.57,5.36
2020-10-14,28.38,0.42,74.24,4.78
2020-10-15,28.3,1.23,76.2,3.58
2020-10-16,28.55,0.26,71.91,4.15
2020-10-17,28.75,0.16,71.05,3.1
2020-10-18,28.48,0.38,71.19,2.32
2020-10-19,28.92,1.52,70.44,3.26
2020-10-20,27.68,6.08,77.4,3.71
2020-10-21,28.56,1.21,71.94,4.08
2020-10-22,27.78,0.44,72.85,3.83
2020-10-23,28.3,0.01,69.53,3.69
2020-10-24,29.37,0.08,67.19,2.47
2020-10-25,29.58,10.69,67.82,1.63
2020-10-26,28.31,21.03,77.39,1.7
2020-10-27,28.57,0.94,75.65,0.95
2020-10-28,28.22,8.75,77.24,0.9
2020-10-29,28.24,8.26,73.87,0.92
2020-10-30,26.49,12.76,82.74,1.2
2020-10-31,28.18,10.04,76.0,0.96
2020-11-01,28.59,0.22,73.64,1.1
2020-11-02,28.63,0.29,75.23,1.27
2020-11-03,28.53,0.86,76.76,1.55
2020-11-04,28.66,3.63,76.93,1.25
2020-11-05,27.74,25.68,81.72,1.67
2020-11-06,26.81,20.78,87.23,2.42
2020-11-07,27.48,1.89,84.67,3.16
2020-11-08,26.95,2.92,86.84,2.96
2020-11-09,27.07,0.35,78.88,3.49
2020-11-10,26.51,0.65,76.63,3.15
2020-11-11,27.17,1.07,78.07,3.31
2020-11-12,26.65,19.3,89.68,2.77
2020-11-13,26.89,34.31,87.84,2.51
2020-11-14,27.07,3.45,88.05,3.2
2020-11-15,26.66,18.29,90.62,3.23
2020-11-16,26.61,37.57,91.35,3.25
2020-11-17,26.44,94.15,89.13,2.8
2020-11-18,26.1,27.96,86.88,1.13
2020-11-19,26.06,18.29,89.18,1.66
2020-11-20,26.49,2.73,87.19,2.86
2020-11-21,25.93,0.12,84.65,3.16
2020-11-22,24.9,0.0,82.38,2.37
2020-11-23,24.94,0.01,84.97,2.45
2020-11-24,25.12,0.01,86.01,2.31
2020-11-25,26.63,1.21,83.98,2.17
2020-11-26,26.29,1.05,87.31,2.93
2020-11-27,26.29,3.19,84.93,2.16
2020-11-28,26.32,4.03,84.75,1.82
2020-11-29,26.48,0.47,87.94,2.84
2020-11-30,26.24,0.85,89.06,3.23
2020-12-01,25.46,0.06,85.03,3.47
2020-12-02,25.14,1.88,86.64,3.28
2020-12-03,25.2,16.87,88.67,4.47
2020-12-04,26.27,13.76,89.99,2.57
2020-12-05,25.64,7.32,93.81,3.52
2020-12-06,25.62,11.97,91.51,3.89
2020-12-07,25.69,29.85,93.01,3.0
2020-12-08,26.27,5.4,87.98,2.58
2020-12-09,26.17,1.19,88.2,2.9
2020-12-10,25.54,0.18,85.74,3.06
2020-12-11,25.07,0.08,85.19,2.91
2020-12-12,24.99,0.26,85.91,2.64
2020-12-13,24.95,0.07,84.32,2.7
2020-12-14,24.69,0.01,82.81,2.79
2020-12-15,24.81,9.66,87.28,2.84
2020-12-16,24.5,7.25,91.89,3.36
2020-12-17,25.33,9.21,89.84,2.86
2020-12-18,25.2,2.46,91.28,2.88
2020-12-19,24.25,3.23,91.11,4.13
2020-12-20,24.81,0.06,86.69,4.08
2020-12-21,23.93,0.03,87.21,4.02
2020-12-22,23.8,0.16,87.59,3.56
2020-12-23,23.97,0.35,90.74,2.89
2020-12-24,25.15,0.0,87.83,3.39
2020-12-25,24.71,0.01,86.34,3.41
2020-12-26,23.61,0.0,83.8,3.36
2020-12-27,24.21,0.03,84.13,3.14
2020-12-28,24.67,0.17,83.1,2.92
2020-12-29,25.03,1.15,86.45,2.95
2020-12-30,25.66,4.19,88.27,3.96
2020-12-31,25.89,7.5,89.38,3.82
2021-01-01,24.85,1.14,85.24,3.78
2021-01-02,24.9,0.41,87.11,3.32
2021-01-03,25.71,3.83,90.1,2.99
2021-01-04,25.82,7.95,89.97,3.45
2021-01-05,25.77,3.25,88.09,2.87
2021-01-06,25.79,6.84,86.89,1.71
2021-01-07,25.82,3.96,89.63,1.93
2021-01-08,25.98,5.94,89.33,1.78
2021-01-09,25.12,15.76,93.08,2.22
2021-01-10,24.58,24.12,93.03,2.21
2021-01-11,24.74,11.11,91.54,3.45
2021-01-12,24.71,18.93,93.46,4.87
2021-01-13,25.42,29.25,94.05,3.83
2021-01-14,25.14,29.28,92.94,3.23
2021-01-15,24.84,123.58,94.19,2.67
2021-01-16,25.07,149.35,91.28,2.23
2021-01-17,24.69,22.91,89.13,3.27
2021-01-18,23.14,0.01,87.59,3.56
2021-01-19,23.79,0.05,84.99,2.83
2021-01-20,24.37,2.2,87.54,2.29
2021-01-21,25.91,0.65,89.54,2.37
2021-01-22,26.07,0.01,88.54,2.23
2021-01-23,25.65,0.0,86.97,2.7
2021-01-24,24.71,0.0,84.7,2.98
2021-01-25,24.04,0.0,81.75,2.74
2021-01-26,23.9,0.0,82.63,2.96
2021-01-27,23.55,0.0,79.72,2.93
2021-01-28,24.1,0.0,84.16,3.06
2021-01-29,24.66,0.04,86.54,3.05
2021-01-30,25.63,0.07,87.16,3.16
2021-01-31,25.21,0.01,86.26,3.3
2021-02-01,24.91,0.15,86.08,3.99
2021-02-02,24.75,0.13,86.58,3.73
2021-02-03,24.72,0.0,84.15,3.58
2021-02-04,23.97,0.0,83.54,3.17
2021-02-05,23.74,0.0,82.31,3.28
2021-02-06,24.06,0.0,82.63,3.23
2021-02-07,23.54,0.0,81.89,3.45
2021-02-08,23.74,0.0,80.82,4.14
2021-02-09,23.5,0.0,80.48,3.96
2021-02-10,23.13,0.0,79.65,3.57
2021-02-11,23.0,0.0,76.83,3.12
2021-02-12,22.99,0.0,78.01,2.9
2021-02-13,23.5,0.0,76.63,2.48
2021-02-14,24.07,0.0,78.21,2.39
2021-02-15,24.96,0.0,80.33,2.33
2021-02-16,25.91,0.0,79.71,2.17
2021-02-17,25.88,0.0,79.1,2.57
2021-02-18,26.01,0.01,78.82,2.84
2021-02-19,26.43,0.02,79.9,2.83
2021-02-20,26.96,0.57,80.54,3.45
2021-02-21,27.0,0.23,79.97,2.87
2021-02-22,26.91,0.06,79.08,3.57
2021-02-23,26.83,0.0,76.26,3.25
2021-02-24,26.79,0.0,76.81,2.85
2021-02-25,26.55,0.0,74.67,2.33
2021-02-26,26.93,0.54,71.13,2.0
2021-02-27,27.07,0.15,69.35,1.84
2021-02-28,26.25,0.0,73.15,2.06
2021-03-01,26.3,0.0,73.57,2.12
2021-03-02,26.64,0.0,72.89,2.71
2021-03-03,26.0,0.0,69.53,3.1
2021-03-04,26.0,0.0,70.04,2.67
2021-03-05,26.9,0.0,68.56,2.66
2021-03-06,27.71,0.01,71.04,2.47
2021-03-07,28.04,0.01,74.1,2.65
2021-03-08,27.74,0.48,78.52,2.68
2021-03-09,28.58,0.42,71.86,3.3
2021-03-10,28.14,0.6,76.21,3.0
2021-03-11,27.8,1.19,75.8,2.72
2021-03-12,27.64,1.34,72.53,2.91
2021-03-13,28.14,0.0,70.13,2.96
2021-03-14,28.62,0.0,69.65,3.21
2021-03-15,28.71,0.0,64.02,2.95
2021-03-16,28.78,0.0,65.51,2.72
2021-03-17,28.9,0.0,68.16,2.79
2021-03-18,28.73,0.0,65.91,2.66
2021-03-19,28.87,0.03,62.33,2.44
2021-03-20,29.37,0.2,62.22,2.01
2021-03-21,29.82,0.04,60.69,1.86
2021-03-22,29.38,0.7,67.33,2.27
2021-03-23,29.7,0.39,68.25,2.71
2021-03-24,28.98,0.38,69.35,2.37
2021-03-25,29.04,0.6,65.4,1.63
2021-03-26,29.71,1.54,67.71,2.42
2021-03-27,29.33,4.97,69.4,2.22
2021-03-28,29.27,2.04,70.48,1.99
2021-03-29,29.04,1.25,70.88,2.28
2021-03-30,30.56,0.69,64.2,2.67
2021-03-31,31.37,0.03,61.25,3.03
2021-04-01,31.63,0.54,62.76,3.13
2021-04-02,31.29,0.06,60.64,3.14
2021-04-03,31.84,0.0,56.17,3.82
2021-04-04,31.91,0.01,54.81,2.74
2021-04-05,32.29,0.02,55.06,2.86
2021-04-06,30.84,0.1,64.5,2.32
2021-04-07,30.37,0.12,61.31,2.43
2021-04-08,30.62,0.12,59.65,1.97
2021-04-09,30.69,0.67,62.16,2.26
2021-04-10,29.99,2.13,66.72,2.26
2021-04-11,29.71,6.59,67.38,1.62
2021-04-12,29.53,3.87,69.84,1.84
2021-04-13,28.51,2.68,75.95,1.75
2021-04-14,29.35,2.07,69.82,1.88
2021-04-15,28.55,6.14,74.12,0.98
2021-04-16,28.88,7.01,76.94,1.66
2021-04-17,29.93,0.29,70.46,2.58
2021-04-18,30.05,1.15,69.37,2.41
2021-04-19,30.48,0.39,67.14,3.17
2021-04-20,29.95,0.14,70.39,2.72
2021-04-21,30.49,2.33,69.45,1.81
2021-04-22,29.58,1.38,74.2,2.2
2021-04-23,30.21,0.66,70.64,1.95
2021-04-24,30.26,0.42,70.46,2.31
2021-04-25,30.12,0.17,71.43,1.76
2021-04-26,31.09,0.19,65.09,1.61
2021-04-27,29.89,0.89,71.73,1.97
2021-04-28,30.08,0.09,70.32,2.29
2021-04-29,30.47,0.06,69.5,2.76
2021-04-30,30.4,0.68,71.21,1.93
2021-05-01,29.42,2.33,78.8,1.71
2021-05-02,30.07,1.77,73.52,1.7
2021-05-03,28.96,1.39,77.79,2.33
2021-05-04,29.67,1.31,71.54,1.92
2021-05-05,29.4,1.45,73.67,1.58
2021-05-06,29.75,4.37,71.32,1.68
2021-05-07,28.76,14.51,78.22,1.16
2021-05-08,28.93,0.59,75.4,1.86
2021-05-09,29.64,5.24,75.2,1.65
2021-05-10,29.1,11.31,78.75,2.12
2021-05-11,29.44,4.56,77.53,2.97
2021-05-12,29.13,1.69,77.61,3.36
2021-05-13,29.01,13.18,75.3,3.81
2021-05-14,28.42,8.71,78.12,4.07
2021-05-15,28.56,9.29,78.13,4.88
2021-05-16,28.69,1.14,77.28,3.79
2021-05-17,29.08,1.24,74.78,3.37
2021-05-18,29.48,0.39,76.37,3.06
2021-05-19,29.04,4.88,80.67,3.51
2021-05-20,28.2,3.25,83.34,3.28
2021-05-21,28.61,2.19,74.63,3.62
2021-05-22,28.09,5.61,81.9,3.66
2021-05-23,28.92,1.39,78.26,4.14
2021-05-24,29.03,0.2,76.08,5.01
2021-05-25,27.65,8.95,80.3,5.92
2021-05-26,27.18,9.3,79.47,6.03
2021-05-27,28.64,0.37,74.35,5.66
2021-05-28,29.3,0.24,73.7,4.52
2021-05-29,29.26,0.21,74.69,4.48
2021-05-30,29.48,0.03,72.66,4.63
2021-05-31,29.32,1.32,74.98,4.55
2021-06-01,29.15,0.25,74.82,4.63
2021-06-02,30.13,0.16,71.3,3.52
2021-06-03,28.86,3.14,81.19,3.62
2021-06-04,27.96,12.96,86.72,2.79
2021-06-05,27.52,23.07,84.57,2.44
2021-06-06,28.12,3.16,81.56,3.18
2021-06-07,29.05,0.19,77.53,3.36
2021-06-08,28.63,1.04,77.64,4.22
2021-06-09,28.35,0.47,80.18,4.19
2021-06-10,28.58,0.11,77.57,4.58
2021-06-11,28.42,0.12,77.16,4.49
2021-06-12,28.59,1.45,78.54,4.62
2021-06-13,27.86,1.94,78.47,5.38
2021-06-14,27.92,0.9,73.97,5.12
2021-06-15,28.68,0.45,76.15,4.96
2021-06-16,28.43,0.68,77.53,5.04
2021-06-17,28.28,0.31,78.8,4.3
2021-06-18,28.5,0.08,77.78,4.02
2021-06-19,28.23,0.14,75.57,3.8
2021-06-20,28.58,0.15,75.99,3.51
2021-06-21,28.95,0.5,74.58,3.6
2021-06-22,28.4,1.77,76.99,3.31
2021-06-23,28.44,2.69,77.76,3.01
2021-06-24,28.45,0.33,76.9,3.73
2021-06-25,28.91,0.02,72.65,3.84
2021-06-26,28.41,1.99,76.24,4.45
2021-06-27,28.13,0.37,75.77,3.29
2021-06-28,28.5,0.2,70.97,3.61
2021-06-29,29.08,0.04,71.23,3.14
2021-06-30,29.27,0.3,73.17,2.99
2021-07-01,28.95,5.5,76.59,3.99
2021-07-02,28.97,2.3,75.13,4.02
2021-07-03,28.19,3.53,78.33,3.41
2021-07-04,28.44,3.52,73.87,3.2
2021-07-05,28.8,1.15,73.51,3.51
2021-07-06,27.04,0.19,81.25,2.36
2021-07-07,28.85,2.32,74.31,3.44
2021-07-08,29.11,4.6,75.88,3.47
2021-07-09,28.09,6.02,77.75,5.52
2021-07-10,27.08,3.28,73.31,6.49
2021-07-11,27.83,0.1,70.3,5.61
2021-07-12,28.57,0.38,72.76,5.6
2021-07-13,28.38,0.21,72.2,5.47
2021-07-14,28.3,0.85,70.46,4.69
2021-07-15,28.36,1.55,68.7,3.97
2021-07-16,28.75,1.18,73.22,3.94
2021-07-17,28.31,0.18,72.43,2.92
2021-07-18,28.04,0.36,75.3,4.68
2021-07-19,28.33,0.03,73.47,4.8
2021-07-20,28.91,0.0,70.79,4.62
2021-07-21,28.79,0.12,71.36,5.21
2021-07-22,28.36,0.93,74.67,6.12
2021-07-23,28.12,2.81,74.97,6.9
2021-07-24,28.48,1.95,71.85,6.01
2021-07-25,28.22,0.58,69.86,5.33
2021-07-26,28.27,0.74,72.09,4.91
2021-07-27,28.59,0.21,73.22,4.88
2021-07-28,28.52,0.21,73.04,4.25
2021-07-29,29.26,0.02,70.42,4.39
2021-07-30,29.51,0.08,69.23,4.25
2021-07-31,29.89,0.1,67.17,4.56
2021-08-01,29.96,0.02,65.86,4.44
2021-08-02,29.59,0.06,65.73,5.03
2021-08-03,30.08,0.06,63.08,4.81
2021-08-04,29.99,0.09,62.97,4.81
2021-08-05,29.33,0.66,68.33,5.22
2021-08-06,29.53,1.33,69.96,4.99
2021-08-07,29.71,0.97,67.44,5.23
2021-08-08,29.27,0.32,68.26,4.74
2021-08-09,28.26,7.99,71.08,4.44
2021-08-10,28.98,0.22,66.83,4.7
2021-08-11,29.14,1.67,68.82,4.55
2021-08-12,28.13,0.36,69.94,4.2
2021-08-13,28.94,0.44,66.61,3.59
2021-08-14,28.59,1.06,69.24,4.62
2021-08-15,28.67,1.1,69.94,4.63
2021-08-16,28.87,0.09,66.23,4.55
2021-08-17,29.07,2.39,65.66,4.58
2021-08-18,27.12,1.32,71.75,5.23
2021-08-19,29.16,0.06,64.44,4.76
2021-08-20,29.53,0.38,63.31,2.48
2021-08-21,28.68,1.84,70.38,1.58
2021-08-22,28.59,1.83,72.78,1.24
2021-08-23,28.78,1.84,68.96,3.11
2021-08-24,29.38,0.24,66.31,3.61
2021-08-25,29.31,3.01,69.24,3.5
2021-08-26,29.15,3.07,72.28,4.6
2021-08-27,28.55,1.06,74.49,5.16
2021-08-28,28.06,2.73,74.36,5.1
2021-08-29,27.66,2.05,74.07,5.49
2021-08-30,28.14,0.11,71.85,4.56
2021-08-31,29.32,3.04,70.02,3.74
2021-09-01,28.78,2.13,73.06,3.35
2021-09-02,28.13,3.31,74.55,3.25
2021-09-03,27.87,0.8,75.16,2.79
2021-09-04,27.98,1.45,76.54,4.14
2021-09-05,28.08,2.3,76.2,4.5
2021-09-06,28.62,0.67,68.68,5.1
2021-09-07,28.57,0.39,73.07,4.51
2021-09-08,28.77,0.2,71.78,4.58
2021-09-09,29.44,0.05,67.95,3.36
2021-09-10,29.73,0.04,66.71,4.32
2021-09-11,29.61,0.16,67.36,4.92
2021-09-12,28.96,1.27,70.72,5.34
2021-09-13,29.28,1.33,70.88,5.14
2021-09-14,29.41,0.3,71.06,4.23
2021-09-15,29.44,7.5,73.18,3.65
2021-09-16,28.42,5.65,77.79,3.35
2021-09-17,29.09,4.02,72.04,1.56
2021-09-18,29.5,3.49,72.26,1.54
2021-09-19,29.18,0.29,72.19,1.77
2021-09-20,29.23,0.22,71.11,1.16
2021-09-21,29.91,0.05,66.81,3.48
2021-09-22,29.95,2.13,65.6,2.75
2021-09-23,29.78,8.19,70.22,3.04
2021-09-24,29.28,11.84,71.91,2.14
2021-09-25,28.44,7.13,76.84,3.84
2021-09-26,28.39,1.43,72.21,3.52
2021-09-27,27.05,8.56,78.25,5.61
2021-09-28,27.64,0.46,72.98,5.07
2021-09-29,29.22,0.08,68.06,3.24
2021-09-30,28.61,5.74,71.11,2.55
2021-10-01,27.45,8.2,80.0,1.25
2021-10-02,27.54,12.52,80.94,1.33
2021-10-03,28.55,4.69,77.59,1.2
2021-10-04,28.27,2.59,79.14,1.4
2021-10-05,28.32,3.84,78.2,1.55
2021-10-06,27.68,2.05,80.93,2.6
2021-10-07,27.96,1.02,80.01,2.97
2021-10-08,28.19,4.79,80.72,3.92
2021-10-09,27.86,2.28,81.75,3.9
2021-10-10,28.26,0.73,80.31,3.4
2021-10-11,28.27,6.32,75.36,4.19
2021-10-12,27.47,1.95,76.68,3.86
2021-10-13,28.35,0.45,75.1,3.8
2021-10-14,28.52,1.76,78.3,3.95
2021-10-15,28.8,2.1,77.4,3.73
2021-10-16,27.9,11.13,85.45,4.47
2021-10-17,28.08,4.04,80.47,4.98
2021-10-18,28.5,0.44,77.09,4.19
2021-10-19,28.83,0.71,75.51,1.82
2021-10-20,28.05,8.96,81.27,1.22
2021-10-21,27.95,3.56,79.92,0.82
2021-10-22,27.83,1.51,80.39,1.32
2021-10-23,28.06,5.33,77.93,2.39
2021-10-24,27.94,3.47,76.06,1.57
2021-10-25,27.65,12.52,80.28,1.65
2021-10-26,27.88,2.99,78.19,1.21
2021-10-27,27.56,4.37,79.44,1.56
2021-10-28,26.33,13.79,83.7,2.05
2021-10-29,25.92,39.08,87.43,2.68
2021-10-30,26.3,62.42,86.82,4.15
2021-10-31,26.13,13.15,88.77,2.75
2021-11-01,26.04,9.64,89.44,2.85
2021-11-02,26.25,14.78,86.82,2.07
2021-11-03,25.78,18.31,91.73,1.47
2021-11-04,25.98,16.32,85.88,0.72
2021-11-05,26.23,6.33,87.87,1.77
2021-11-06,26.6,9.61,84.94,1.5
2021-11-07,26.08,2.37,89.48,2.27
2021-11-08,25.64,35.92,89.48,2.02
2021-11-09,24.4,6.55,89.06,2.46
2021-11-10,25.28,3.26,86.49,2.29
2021-11-11,25.95,4.46,88.69,2.89
2021-11-12,26.54,4.56,86.46,3.78
2021-11-13,26.32,11.7,89.77,3.13
2021-11-14,25.75,6.85,91.36,3.23
2021-11-15,26.5,3.76,88.83,2.34
2021-11-16,26.42,4.23,89.11,2.18
2021-11-17,26.32,32.69,88.76,1.45
2021-11-18,26.05,14.22,89.23,2.27
2021-11-19,26.29,3.51,87.56,3.53
2021-11-20,26.4,1.8,86.99,3.52
2021-11-21,25.77,0.0,81.79,1.91
2021-11-22,25.92,10.13,88.26,2.46
2021-11-23,25.86,15.84,91.74,2.36
2021-11-24,25.64,3.78,89.03,2.71
2021-11-25,25.38,151.61,91.41,2.55
2021-11-26,25.71,18.86,92.0,2.11
2021-11-27,25.1,6.25,92.28,3.38
2021-11-28,25.62,12.25,93.43,3.19
2021-11-29,25.82,42.28,91.82,2.96
2021-11-30,25.76,12.55,92.02,2.06
2021-12-01,26.39,2.08,87.28,1.94
2021-12-02,26.45,2.58,88.31,2.14
2021-12-03,25.61,12.56,85.51,1.87
2021-12-04,26.13,15.12,80.52,0.85
2021-12-05,27.02,4.78,85.75,1.51
2021-12-06,27.33,2.89,81.36,1.11
2021-12-07,26.43,1.76,86.98,2.25
2021-12-08,26.17,0.31,87.52,2.51
2021-12-09,25.27,7.16,92.53,2.72
2021-12-10,25.68,1.63,88.41,3.31
2021-12-11,25.91,2.08,89.64,3.39
2021-12-12,26.07,2.9,89.19,3.9
2021-12-13,25.7,2.14,89.42,3.53
2021-12-14,25.86,0.23,88.37,3.5
2021-12-15,25.55,0.35,89.87,3.17
2021-12-16,25.41,0.26,87.96,4.16
2021-12-17,24.95,0.16,86.45,3.73
2021-12-18,24.51,0.01,87.13,3.69
2021-12-19,23.91,0.0,85.26,3.61
2021-12-20,23.79,0.0,85.58,3.34
2021-12-21,24.04,0.0,84.02,2.74
2021-12-22,23.99,0.0,84.01,2.3
2021-12-23,23.13,0.0,81.42,2.37
2021-12-24,22.9,0.0,83.55,2.44
2021-12-25,23.4,0.0,83.11,2.49
2021-12-26,23.77,0.0,83.88,2.51
2021-12-27,24.08,0.02,84.62,2.89
2021-12-28,24.43,0.01,83.69,2.93
2021-12-29,24.28,0.0,84.21,2.66
2021-12-30,24.79,1.76,85.56,3.14
2021-12-31,25.94,3.93,88.34,3.62
2022-01-01,26.16,6.82,88.44,3.7
2022-01-02,25.56,9.74,89.04,4.23
2022-01-03,24.77,4.96,86.83,3.83
2022-01-04,24.77,0.61,85.12,3.85
2022-01-05,24.31,0.02,83.66,3.02
2022-01-06,25.21,0.04,87.33,3.3
2022-01-07,25.43,0.01,87.47,2.93
2022-01-08,25.26,0.01,85.17,3.34
2022-01-09,24.66,0.01,84.79,2.89
2022-01-10,25.49,0.01,84.41,2.49
2022-01-11,25.68,0.01,84.12,2.47
2022-01-12,26.12,0.0,82.59,1.97
2022-01-13,26.54,0.0,82.5,1.63
2022-01-14,26.91,0.0,79.95,1.52
2022-01-15,26.89,0.0,80.38,2.1
2022-01-16,26.75,0.03,80.68,3.29
2022-01-17,26.43,0.05,80.14,3.66
2022-01-18,25.86,0.04,77.59,3.97
2022-01-19,25.82,0.01,75.81,3.29
2022-01-20,25.45,0.01,73.89,2.51
2022-01-21,26.32,0.0,70.68,1.38
2022-01-22,27.26,0.0,73.24,1.32
2022-01-23,27.57,0.0,75.11,1.2
2022-01-24,27.28,0.0,73.05,1.26
2022-01-25,27.11,0.0,72.91,1.4
2022-01-26,26.14,0.04,75.24,2.15
2022-01-27,26.72,0.01,67.89,3.02
2022-01-28,26.69,0.0,70.82,4.22
2022-01-29,26.79,0.01,76.53,4.52
2022-01-30,27.49,0.01,74.82,3.93
2022-01-31,27.42,0.0,76.17,3.19
2022-02-01,27.25,0.0,74.23,3.11
2022-02-02,26.01,0.0,69.08,3.08
2022-02-03,25.51,0.0,66.54,2.04
2022-02-04,27.67,0.0,65.21,1.05
2022-02-05,27.83,0.0,71.53,2.28
2022-02-06,27.66,0.0,69.98,2.89
2022-02-07,27.33,0.0,68.51,3.13
2022-02-08,26.77,0.0,65.61,3.71
2022-02-09,25.83,0.0,64.02,3.55
2022-02-10,27.03,0.01,65.57,3.73
2022-02-11,27.63,0.7,73.57,4.46
2022-02-12,26.13,4.55,81.24,3.81
2022-02-13,26.0,5.56,78.4,3.88
2022-02-14,27.0,0.52,71.05,3.76
2022-02-15,26.86,0.03,66.9,3.73
2022-02-16,27.11,0.04,62.35,3.19
2022-02-17,27.43,0.01,61.39,3.04
2022-02-18,27.78,0.0,65.79,3.16
2022-02-19,28.39,0.03,67.15,3.47
2022-02-20,29.0,0.02,65.9,2.62
2022-02-21,29.46,0.02,66.44,1.79
2022-02-22,29.23,0.22,64.0,2.29
2022-02-23,28.44,0.82,63.59,3.6
2022-02-24,27.59,2.91,66.92,3.68
2022-02-25,28.36,0.0,59.66,3.66
2022-02-26,28.44,0.36,66.25,3.62
2022-02-27,27.99,6.01,69.32,4.15
2022-02-28,27.95,0.03,64.34,3.45
2022-03-01,28.38,0.0,60.66,3.5
2022-03-02,27.94,0.0,58.49,3.87
2022-03-03,28.38,0.0,61.03,3.96
2022-03-04,28.91,0.14,58.69,3.85
2022-03-05,29.44,0.0,59.42,3.66
2022-03-06,29.63,0.06,60.82,3.44
2022-03-07,29.44,2.75,61.72,3.47
2022-03-08,27.89,41.49,76.26,2.95
2022-03-09,28.18,0.03,70.71,2.67
2022-03-10,27.84,0.0,69.3,2.52
2022-03-11,28.0,0.0,68.81,2.79
2022-03-12,27.81,0.02,65.82,2.84
2022-03-13,27.81,0.0,66.26,3.22
2022-03-14,28.46,0.0,64.49,2.83
2022-03-15,26.95,0.01,66.56,1.74
2022-03-16,29.27,1.3,64.23,1.92
2022-03-17,29.6,1.16,68.0,2.34
2022-03-18,29.85,0.37,65.51,1.64
2022-03-19,30.08,0.73,64.23,2.16
2022-03-20,30.21,0.37,65.17,3.47
2022-03-21,30.92,0.07,61.07,2.76
2022-03-22,31.05,0.18,61.03,2.21
2022-03-23,30.81,1.82,64.18,2.21
2022-03-24,30.77,0.21,65.03,1.52
2022-03-25,30.5,0.33,63.59,2.15
2022-03-26,30.1,0.32,65.39,2.24
2022-03-27,30.29,0.74,65.27,2.22
2022-03-28,29.8,0.65,68.44,1.9
2022-03-29,30.62,0.15,66.32,2.63
2022-03-30,30.17,0.31,67.62,2.74
2022-03-31,30.3,0.09,65.83,2.46
2022-04-01,30.6,0.11,64.01,2.78
2022-04-02,30.59,0.95,64.66,2.55
2022-04-03,30.24,1.5,65.32,1.92
2022-04-04,30.03,0.76,67.0,2.17
2022-04-05,29.25,4.14,69.39,1.89
2022-04-06,27.91,3.56,75.83,1.31
2022-04-07,29.57,2.18,67.79,1.66
2022-04-08,29.23,11.9,71.71,1.6
2022-04-09,28.89,5.89,73.99,1.4
2022-04-10,28.96,16.31,71.81,1.62
2022-04-11,28.95,21.57,75.87,1.6
2022-04-12,28.31,10.94,77.85,1.0
2022-04-13,27.38,6.29,82.96,1.98
2022-04-14,28.07,1.49,73.38,1.73
2022-04-15,29.31,0.33,74.1,2.35
2022-04-16,29.85,0.74,73.6,3.06
2022-04-17,29.48,2.28,76.57,2.51
2022-04-18,29.2,4.68,74.37,2.89
2022-04-19,29.97,0.41,68.76,1.86
2022-04-20,30.19,0.03,71.46,2.12
2022-04-21,29.5,0.17,76.53,1.53
2022-04-22,28.45,2.82,78.97,1.91
2022-04-23,28.7,2.05,73.28,1.59
2022-04-24,29.85,0.16,69.52,1.75
2022-04-25,29.69,0.06,71.84,1.58
2022-04-26,30.0,0.03,70.44,1.77
2022-04-27,29.28,0.06,75.28,1.67
2022-04-28,29.59,0.37,73.96,1.95
2022-04-29,30.0,0.53,74.44,2.25
2022-04-30,30.16,0.19,74.04,2.96
2022-05-01,30.35,0.4,72.93,3.25
2022-05-02,30.89,0.2,69.86,2.8
2022-05-03,30.92,0.16,70.98,2.12
2022-05-04,30.12,3.08,75.12,2.07
2022-05-05,30.19,0.89,74.13,3.01
2022-05-06,29.64,0.18,67.1,2.47
2022-05-07,30.92,0.06,64.98,2.59
2022-05-08,31.6,0.33,65.58,2.71
2022-05-09,29.95,0.93,74.08,4.62
2022-05-10,29.38,0.53,72.45,4.66
2022-05-11,29.28,0.7,73.54,5.63
2022-05-12,29.91,0.62,68.96,5.2
2022-05-13,29.78,0.25,68.59,5.13
2022-05-14,29.51,5.62,69.16,5.43
2022-05-15,28.54,4.23,74.69,5.13
2022-05-16,28.98,7.16,75.8,4.45
2022-05-17,29.21,3.73,76.55,4.37
2022-05-18,29.14,1.6,74.49,5.02
2022-05-19,28.87,3.1,74.07,5.15
2022-05-20,28.72,0.99,76.83,4.32
2022-05-21,29.3,0.42,75.2,4.47
2022-05-22,29.89,0.25,71.41,4.7
2022-05-23,29.25,0.76,75.33,4.43
2022-05-24,29.55,2.02,75.94,3.84
2022-05-25,30.07,0.64,73.54,2.68
2022-05-26,29.29,0.98,68.93,3.86
2022-05-27,28.84,0.92,72.21,4.45
2022-05-28,29.29,4.01,71.13,4.67
2022-05-29,28.78,4.51,74.4,3.87
2022-05-30,29.4,0.97,70.73,4.79
2022-05-31,29.15,0.62,67.44,5.38
2022-06-01,28.26,1.13,73.1,4.86
2022-06-02,29.54,0.85,70.58,4.21
2022-06-03,29.69,0.05,69.51,3.97
2022-06-04,29.38,0.1,72.26,2.93
2022-06-05,29.86,0.71,71.42,4.03
2022-06-06,29.13,2.92,74.14,2.85
2022-06-07,28.5,2.27,76.07,3.72
2022-06-08,29.58,0.07,71.22,4.09
2022-06-09,29.31,0.04,72.37,3.97
2022-06-10,29.58,2.14,71.77,4.65
2022-06-11,28.85,1.1,73.49,4.18
2022-06-12,27.93,2.76,72.59,3.93
2022-06-13,29.27,0.56,64.29,3.33
2022-06-14,30.01,0.06,65.76,4.04
2022-06-15,28.78,5.81,71.55,3.59
2022-06-16,27.46,7.29,77.2,1.82
2022-06-17,27.4,2.22,78.29,2.29
2022-06-18,28.8,0.32,71.12,3.33
2022-06-19,28.53,0.49,72.52,3.23
2022-06-20,29.79,0.14,66.47,3.5
2022-06-21,29.18,0.05,66.87,4.21
2022-06-22,29.42,0.13,67.19,3.55
2022-06-23,28.93,0.91,70.02,3.84
2022-06-24,29.21,0.6,67.49,4.52
2022-06-25,28.75,0.52,69.72,5.33
2022-06-26,29.86,0.02,62.76,4.52
2022-06-27,30.1,0.09,67.28,4.49
2022-06-28,28.73,0.78,70.97,4.49
2022-06-29,29.22,0.5,68.66,4.95
2022-06-30,28.52,1.17,71.23,5.06
2022-07-01,29.02,0.2,69.27,4.54
2022-07-02,29.28,2.13,66.78,4.7
2022-07-03,27.61,3.73,76.11,5.3
2022-07-04,28.09,1.11,69.53,5.18
2022-07-05,27.98,0.76,69.39,5.21
2022-07-06,27.86,0.65,69.05,4.93
2022-07-07,27.51,0.72,72.22,4.87
2022-07-08,27.93,0.62,68.05,4.9
2022-07-09,28.35,0.2,65.43,5.24
2022-07-10,28.31,0.48,64.94,5.79
2022-07-11,28.3,0.5,64.43,5.7
2022-07-12,28.79,0.05,65.47,5.91
2022-07-13,28.84,0.88,68.29,6.27
2022-07-14,28.9,0.84,68.66,6.17
2022-07-15,29.09,0.56,68.64,5.0
2022-07-16,28.68,0.89,72.34,4.21
2022-07-17,29.13,4.41,71.26,3.63
2022-07-18,28.91,1.76,67.41,3.08
2022-07-19,29.26,2.58,65.95,2.9
2022-07-20,28.44,1.1,73.98,3.15
2022-07-21,28.54,2.19,73.2,2.35
2022-07-22,28.95,4.04,70.8,3.8
2022-07-23,28.04,2.62,72.61,4.41
2022-07-24,28.55,2.93,68.19,3.47
2022-07-25,30.11,6.33,66.6,2.24
2022-07-26,28.51,2.89,71.82,2.27
2022-07-27,28.25,14.04,75.29,1.61
2022-07-28,29.07,1.09,70.2,1.45
2022-07-29,29.42,6.53,68.84,1.5
2022-07-30,29.06,6.34,72.53,1.56
2022-07-31,28.85,5.99,74.42,2.93
2022-08-01,27.61,16.89,78.47,5.11
2022-08-02,26.84,3.89,81.79,4.85
2022-08-03,26.92,1.8,80.43,5.17
2022-08-04,27.03,3.83,77.69,6.63
2022-08-05,27.82,0.22,73.86,5.84
2022-08-06,27.43,0.79,75.48,4.53
2022-08-07,27.46,1.94,76.13,5.19
2022-08-08,27.7,1.66,74.84,5.6
2022-08-09,27.88,0.13,74.32,5.4
2022-08-10,28.17,0.05,71.89,4.63
2022-08-11,28.64,0.05,70.83,4.29
2022-08-12,28.95,0.01,67.46,3.84
2022-08-13,29.38,0.0,66.24,3.65
2022-08-14,29.79,0.0,63.17,2.73
2022-08-15,29.7,0.02,66.59,2.61
2022-08-16,30.15,0.06,67.97,1.97
2022-08-17,29.55,0.2,70.1,2.88
2022-08-18,29.37,10.47,71.66,2.44
2022-08-19,29.38,1.98,70.39,3.6
2022-08-20,29.36,0.14,67.57,3.44
2022-08-21,29.09,1.1,67.5,4.16
2022-08-22,28.59,1.55,71.4,5.26
2022-08-23,28.35,0.36,70.14,5.1
2022-08-24,27.62,1.1,73.71,3.73
2022-08-25,27.8,0.3,73.47,2.72
2022-08-26,27.32,8.29,75.38,2.89
2022-08-27,25.29,3.83,79.7,4.13
2022-08-28,28.04,1.43,71.68,2.62
2022-08-29,28.04,3.11,74.5,2.78
2022-08-30,28.52,7.64,73.59,2.44
2022-08-31,27.59,5.87,80.54,1.04
2022-09-01,27.21,4.35,77.27,1.98
2022-09-02,27.88,1.14,75.05,3.65
2022-09-03,28.36,1.38,75.93,3.32
2022-09-04,28.24,4.32,78.8,2.98
2022-09-05,28.5,3.04,76.9,2.75
2022-09-06,27.77,3.17,75.59,4.15
2022-09-07,27.22,1.73,75.57,4.95
2022-09-08,27.49,0.32,72.99,4.63
2022-09-09,27.7,0.4,75.76,4.57
2022-09-10,28.46,0.43,74.46,4.4
2022-09-11,28.47,0.27,73.23,4.52
2022-09-12,28.77,0.08,71.44,4.37
2022-09-13,28.94,0.19,70.74,3.2
2022-09-14,29.02,1.77,69.66,2.97
2022-09-15,29.33,0.23,68.87,2.82
2022-09-16,29.84,0.04,66.65,1.98
2022-09-17,29.59,0.22,68.49,3.15
2022-09-18,29.39,1.59,68.89,3.29
2022-09-19,28.82,0.36,71.31,4.18
2022-09-20,28.86,0.02,69.43,3.74
2022-09-21,29.76,0.01,65.17,3.74
2022-09-22,29.22,0.0,65.94,4.52
2022-09-23,29.4,0.0,63.89,4.31
2022-09-24,29.89,0.1,62.86,2.51
2022-09-25,30.21,0.84,63.1,1.96
2022-09-26,30.66,1.03,63.86,1.92
2022-09-27,30.58,6.94,61.9,2.63
2022-09-28,29.14,6.18,68.77,4.05
2022-09-29,28.78,0.26,69.82,3.38
2022-09-30,28.7,0.35,70.34,4.69
2022-10-01,28.35,0.12,68.96,4.68
2022-10-02,28.3,0.6,67.1,4.52
2022-10-03,28.93,0.66,67.22,4.22
2022-10-04,28.93,2.61,68.98,3.59
2022-10-05,27.98,1.05,69.19,4.48
2022-10-06,28.07,0.02,66.89,3.9
2022-10-07,29.45,0.05,63.84,3.08
2022-10-08,29.75,2.59,60.79,1.8
2022-10-09,28.79,9.12,72.23,1.58
2022-10-10,28.49,18.18,75.79,1.81
2022-10-11,29.17,2.89,70.04,2.62
2022-10-12,28.93,3.08,74.6,1.4
2022-10-13,28.5,3.22,76.32,1.37
2022-10-14,28.24,7.69,76.54,2.73
2022-10-15,27.28,9.01,78.91,1.87
2022-10-16,28.14,6.09,77.03,2.79
2022-10-17,27.53,8.45,82.87,2.61
2022-10-18,26.98,2.65,80.93,3.23
2022-10-19,27.66,3.61,76.54,1.85
2022-10-20,27.59,7.91,78.41,2.68
2022-10-21,26.57,13.74,83.43,1.58
2022-10-22,27.25,1.17,78.22,1.15
2022-10-23,27.69,3.81,76.39,1.58
2022-10-24,26.91,6.68,84.02,2.34
2022-10-25,28.5,0.76,75.55,1.56
2022-10-26,27.7,30.07,79.45,1.68
2022-10-27,27.47,6.66,75.95,1.85
2022-10-28,27.41,0.48,76.17,2.04
2022-10-29,27.1,1.69,81.12,2.53
2022-10-30,26.33,3.97,87.82,2.52
2022-10-31,26.49,1.59,84.6,2.29
2022-11-01,25.5,11.2,88.14,1.14
2022-11-02,25.16,18.61,90.56,2.01
2022-11-03,25.23,34.04,93.6,2.0
2022-11-04,25.06,10.05,90.83,2.43
2022-11-05,25.09,5.94,90.41,2.05
2022-11-06,25.81,7.39,87.36,2.48
2022-11-07,26.3,1.95,85.85,2.4
2022-11-08,26.15,3.32,86.83,2.83
2022-11-09,25.89,1.25,88.29,2.48
2022-11-10,26.32,0.42,84.46,2.41
2022-11-11,25.01,9.44,87.68,2.53
2022-11-12,25.4,8.81,89.58,3.07
2022-11-13,25.66,9.32,89.76,1.88
2022-11-14,25.74,17.37,87.36,1.91
2022-11-15,25.34,4.25,88.8,2.09
2022-11-16,25.94,5.71,87.18,1.86
2022-11-17,25.52,0.93,83.25,2.62
2022-11-18,24.4,0.08,79.48,2.73
2022-11-19,24.03,0.01,81.09,3.0
2022-11-20,24.01,0.0,75.94,2.33
2022-11-21,26.08,0.0,73.24,1.03
2022-11-22,26.67,0.0,76.76,0.93
2022-11-23,25.89,0.0,80.43,2.23
2022-11-24,26.28,0.0,78.14,1.55
2022-11-25,26.3,0.0,79.66,1.54
2022-11-26,26.5,0.16,80.53,1.6
2022-11-27,26.64,3.55,82.84,1.56
2022-11-28,26.65,11.85,82.83,1.36
2022-11-29,26.14,19.48,85.92,2.35
2022-11-30,25.21,0.1,81.98,2.72
2022-12-01,25.59,0.71,85.98,2.67
2022-12-02,26.34,6.37,87.21,2.46
2022-12-03,26.23,9.61,87.98,2.75
2022-12-04,26.01,24.2,87.06,2.3
2022-12-05,25.9,4.57,89.7,2.93
2022-12-06,25.69,0.03,84.94,2.52
2022-12-07,24.59,0.0,83.52,2.13
2022-12-08,25.41,2.76,82.16,1.64
2022-12-09,24.07,8.41,86.43,3.23
2022-12-10,24.99,8.5,82.86,3.52
2022-12-11,26.05,1.95,86.66,2.92
2022-12-12,26.2,0.84,83.8,1.99
2022-12-13,26.01,0.19,80.6,1.19
2022-12-14,25.7,1.37,85.9,2.05
2022-12-15,25.43,0.15,84.71,2.73
2022-12-16,25.12,0.01,84.18,2.82
2022-12-17,25.34,0.17,85.66,3.34
2022-12-18,25.21,0.16,84.01,3.68
2022-12-19,24.64,1.49,84.91,3.16
2022-12-20,24.76,1.69,88.13,3.18
2022-12-21,25.19,5.68,86.14,3.27
2022-12-22,25.36,1.48,83.65,3.27
2022-12-23,25.69,0.01,79.91,2.65
2022-12-24,26.49,0.06,82.41,2.49
2022-12-25,26.09,3.55,85.53,2.88
2022-12-26,25.97,3.16,89.39,4.69
2022-12-27,26.16,19.09,86.64,2.92
2022-12-28,25.97,2.01,86.26,3.01
2022-12-29,25.72,0.39,83.99,3.28
2022-12-30,25.31,0.05,80.4,2.95
2022-12-31,24.99,0.0,81.18,2.45
2023-01-01,24.92,0.0,80.03,2.61
2023-01-02,24.5,0.0,80.3,2.99
2023-01-03,24.64,0.0,79.75,3.2
2023-01-04,24.94,0.0,77.46,3.44
2023-01-05,25.11,0.01,80.63,3.39
2023-01-06,25.34,0.15,79.61,4.24
2023-01-07,25.53,0.11,78.52,4.21
2023-01-08,25.54,0.01,78.84,3.88
2023-01-09,25.23,0.0,76.6,3.77
2023-01-10,23.99,0.0,73.63,3.89
2023-01-11,24.46,0.0,72.55,3.26
2023-01-12,24.16,0.0,72.03,3.13
2023-01-13,24.28,0.0,70.77,2.91
2023-01-14,24.17,0.0,72.47,2.83
2023-01-15,24.46,0.0,72.77,2.72
2023-01-16,24.96,0.0,75.51,2.95
2023-01-17,25.32,0.03,76.5,3.21
2023-01-18,24.68,0.01,73.02,3.85
2023-01-19,24.64,0.0,67.61,3.69
2023-01-20,24.78,0.01,71.42,3.62
2023-01-21,25.62,0.03,72.81,3.89
2023-01-22,24.98,0.04,75.71,3.51
2023-01-23,26.01,2.15,78.01,2.93
2023-01-24,25.11,7.97,86.86,2.4
2023-01-25,25.88,0.07,74.09,3.36
2023-01-26,25.54,0.0,71.65,3.1
2023-01-27,25.44,0.0,72.57,3.04
2023-01-28,25.53,0.0,70.27,3.49
2023-01-29,25.63,0.03,74.78,3.19
2023-01-30,26.7,0.98,76.63,2.5
2023-01-31,26.68,1.04,73.26,3.6
2023-02-01,25.89,0.26,71.3,3.33
2023-02-02,26.08,8.95,78.62,4.15
2023-02-03,26.22,2.13,81.02,3.57
2023-02-04,26.53,5.17,80.63,3.78
2023-02-05,26.3,0.04,71.06,3.04
2023-02-06,25.64,2.03,71.51,3.15
2023-02-07,26.45,0.01,71.29,3.05
2023-02-08,26.5,0.11,74.02,3.0
2023-02-09,26.3,0.0,72.58,2.43
2023-02-10,26.09,0.0,71.72,2.8
2023-02-11,25.84,0.0,69.25,2.87
2023-02-12,25.98,0.0,66.15,2.61
2023-02-13,26.11,0.0,65.64,3.19
2023-02-14,26.0,0.0,67.95,2.8
2023-02-15,26.47,0.0,64.36,3.06
2023-02-16,26.14,0.0,67.92,3.45
2023-02-17,26.23,0.0,66.77,3.31
2023-02-18,27.06,0.0,66.9,2.84
2023-02-19,27.97,0.0,68.29,3.21
2023-02-20,28.41,0.0,66.78,3.05
2023-02-21,28.01,0.0,61.33,3.24
2023-02-22,27.4,0.0,57.3,3.12
2023-02-23,26.89,0.0,59.99,3.0
2023-02-24,27.96,0.0,63.08,2.95
2023-02-25,27.85,0.0,60.77,3.15
2023-02-26,27.03,0.0,60.79,3.69
2023-02-27,27.19,0.0,58.97,3.37
2023-02-28,27.7,6.14,69.47,3.97
2023-03-01,27.69,9.8,73.37,4.01
2023-03-02,27.87,0.03,67.49,3.47
2023-03-03,27.28,0.0,61.31,3.76
2023-03-04,27.83,0.06,67.27,3.69
2023-03-05,28.12,0.37,71.51,3.26
2023-03-06,28.53,0.02,66.52,3.11
2023-03-07,27.96,0.02,69.46,3.06
2023-03-08,28.48,0.01,68.75,4.17
2023-03-09,28.52,0.0,64.38,3.95
2023-03-10,28.42,0.0,65.18,3.5
2023-03-11,28.26,0.0,67.39,3.2
2023-03-12,28.89,0.02,67.18,3.73
2023-03-13,29.4,0.02,64.61,3.48
2023-03-14,28.93,0.01,65.76,2.79
2023-03-15,29.01,0.05,68.65,2.16
2023-03-16,28.48,1.45,71.49,1.97
2023-03-17,29.08,2.4,70.06,2.6
2023-03-18,29.32,0.91,68.66,2.51
2023-03-19,30.1,1.23,66.42,2.29
2023-03-20,30.17,1.97,65.66,2.39
2023-03-21,30.78,4.01,61.02,2.42
2023-03-22,30.59,0.63,61.18,2.26
2023-03-23,30.65,0.11,57.15,2.82
2023-03-24,30.79,0.46,64.24,2.1
2023-03-25,30.55,0.27,61.47,2.25
2023-03-26,30.66,2.11,60.2,2.06
2023-03-27,31.36,0.72,60.07,2.0
2023-03-28,30.81,1.17,65.06,2.24
2023-03-29,30.73,0.77,66.02,2.05
2023-03-30,30.86,0.21,64.39,2.19
2023-03-31,31.08,0.59,62.07,2.26
2023-04-01,31.06,0.09,61.57,2.41
2023-04-02,31.22,0.75,59.51,2.35
2023-04-03,31.04,0.88,62.07,2.54
2023-04-04,30.01,1.04,65.8,2.32
2023-04-05,30.23,0.14,63.9,2.64
2023-04-06,30.05,0.37,65.07,2.25
2023-04-07,30.42,1.19,63.11,2.22
2023-04-08,30.59,0.35,61.22,3.57
2023-04-09,29.79,0.48,65.52,2.92
2023-04-10,30.1,0.12,64.33,3.23
2023-04-11,30.71,0.46,64.16,2.95
2023-04-12,30.72,0.0,62.75,2.52
2023-04-13,31.05,0.0,60.67,2.05
2023-04-14,30.48,0.0,62.79,1.7
2023-04-15,31.05,0.01,63.63,2.29
2023-04-16,30.99,0.01,61.17,2.11
2023-04-17,30.69,0.0,61.62,2.34
2023-04-18,31.18,0.0,61.0,2.33
2023-04-19,31.65,0.0,61.45,2.39
2023-04-20,32.62,0.02,58.64,3.29
2023-04-21,32.24,2.9,60.04,3.21
2023-04-22,32.32,2.41,61.38,2.66
2023-04-23,32.79,1.36,59.39,2.23
2023-04-24,30.87,3.59,69.27,2.06
2023-04-25,29.51,3.83,74.14,1.71
2023-04-26,29.26,13.91,73.76,2.14
2023-04-27,29.84,6.45,72.52,1.9
2023-04-28,29.85,5.4,71.34,2.49
2023-04-29,29.88,8.49,72.58,2.34
2023-04-30,29.77,5.44,73.98,2.28
2023-05-01,29.34,14.97,75.89,2.25
2023-05-02,28.55,17.05,81.21,2.69
2023-05-03,28.42,21.86,81.99,2.04
2023-05-04,27.46,4.78,79.5,2.67
2023-05-05,28.89,1.05,73.38,2.65
2023-05-06,29.54,1.11,70.18,2.13
2023-05-07,28.06,1.5,75.24,2.3
2023-05-08,28.36,1.74,73.35,1.9
2023-05-09,29.09,3.62,74.2,2.84
2023-05-10,29.6,0.88,74.77,2.36
2023-05-11,29.7,0.81,74.48,3.81
2023-05-12,29.14,0.56,76.5,3.58
2023-05-13,29.16,0.08,76.49,4.41
2023-05-14,30.11,0.04,74.72,4.18
2023-05-15,30.74,0.01,72.52,4.03
2023-05-16,31.44,0.02,69.38,2.76
2023-05-17,30.44,0.86,70.77,2.2
2023-05-18,29.96,0.43,75.0,2.92
2023-05-19,30.14,0.05,73.37,3.12
2023-05-20,30.99,0.16,69.27,3.31
2023-05-21,30.35,0.21,70.53,2.84
2023-05-22,29.48,2.97,76.5,2.91
2023-05-23,30.03,0.15,73.24,2.8
2023-05-24,30.62,0.2,69.92,3.35
2023-05-25,30.83,0.25,68.93,3.75
2023-05-26,30.94,0.52,67.85,3.81
2023-05-27,31.04,3.35,67.22,3.38
2023-05-28,31.16,0.69,68.62,2.24
2023-05-29,30.53,2.08,72.06,2.13
2023-05-30,31.0,0.87,69.61,2.79
2023-05-31,29.94,1.06,70.98,3.22
2023-06-01,30.07,0.31,69.77,4.35
2023-06-02,29.98,0.37,71.98,3.7
2023-06-03,30.41,0.12,68.88,4.04
2023-06-04,30.14,0.12,70.11,4.16
2023-06-05,29.42,2.33,75.21,4.4
2023-06-06,29.83,5.64,72.38,4.26
2023-06-07,29.57,4.35,75.29,4.71
2023-06-08,29.64,0.24,71.82,4.09
2023-06-09,30.21,0.29,70.84,4.88
2023-06-10,30.1,0.17,69.46,5.02
2023-06-11,30.28,0.01,69.14,4.46
2023-06-12,30.29,4.46,69.97,4.69
2023-06-13,29.48,0.87,75.31,4.88
2023-06-14,30.31,0.16,63.87,3.82
2023-06-15,31.31,0.07,63.75,3.4
2023-06-16,30.87,0.09,64.87,4.97
2023-06-17,29.62,0.77,71.48,4.85
2023-06-18,29.0,0.8,71.74,3.77
2023-06-19,30.49,0.02,64.46,3.86
2023-06-20,30.25,0.38,64.26,3.79
2023-06-21,30.25,1.5,66.25,3.6
2023-06-22,30.73,0.59,62.46,3.86
2023-06-23,30.31,0.37,63.33,4.6
2023-06-24,30.55,0.04,63.62,3.98
2023-06-25,29.5,0.75,67.76,4.64
2023-06-26,29.78,0.21,64.62,4.69
2023-06-27,28.74,0.94,70.5,4.5
2023-06-28,29.87,0.07,67.28,4.47
2023-06-29,30.35,0.33,65.1,4.9
2023-06-30,30.33,0.61,66.38,4.25
2023-07-01,30.46,0.12,64.25,3.37
2023-07-02,30.05,6.59,63.14,4.76
2023-07-03,28.08,3.54,72.4,5.3
2023-07-04,28.86,1.17,68.9,6.54
2023-07-05,28.0,3.9,74.56,5.96
2023-07-06,28.22,1.03,73.83,5.05
2023-07-07,28.56,0.98,69.18,4.69
2023-07-08,29.47,1.4,67.89,3.76
2023-07-09,30.16,0.19,62.09,2.63
2023-07-10,29.78,4.27,68.2,2.93
2023-07-11,29.15,4.29,71.51,3.24
2023-07-12,29.9,0.3,67.32,3.59
2023-07-13,29.47,0.37,65.96,4.16
2023-07-14,29.61,0.17,65.57,4.45
2023-07-15,30.31,0.13,64.67,3.6
2023-07-16,30.29,0.27,66.14,3.63
2023-07-17,30.02,0.01,67.97,4.61
2023-07-18,30.0,0.19,67.99,5.61
2023-07-19,29.72,0.26,67.75,5.81
2023-07-20,29.75,0.26,67.19,5.26
2023-07-21,29.8,0.01,66.16,5.11
2023-07-22,29.25,0.08,65.63,5.36
2023-07-23,28.31,1.64,67.59,5.05
2023-07-24,28.0,0.66,71.93,4.68
2023-07-25,28.88,0.73,70.29,4.23
2023-07-26,29.37,0.29,67.76,4.89
2023-07-27,30.59,0.02,60.17,4.77
2023-07-28,30.61,0.0,58.03,4.78
2023-07-29,30.93,0.0,59.14,4.82
2023-07-30,31.02,0.0,58.51,4.51
2023-07-31,30.84,0.0,60.2,5.29
2023-08-01,30.53,0.0,61.88,5.0
2023-08-02,30.59,0.0,61.69,4.86
2023-08-03,30.79,0.03,62.59,5.07
2023-08-04,31.44,0.08,60.52,4.64
2023-08-05,31.36,0.01,58.64,3.63
2023-08-06,31.61,2.29,58.35,3.95
2023-08-07,30.95,0.62,62.7,3.54
2023-08-08,30.88,3.27,62.39,3.56
2023-08-09,29.72,3.96,67.15,2.42
2023-08-10,30.04,2.17,69.19,1.82
2023-08-11,30.25,1.51,69.34,1.19
2023-08-12,30.6,6.23,66.12,2.66
2023-08-13,30.56,0.28,64.55,3.26
2023-08-14,29.97,0.07,64.47,3.64
2023-08-15,30.3,0.82,62.36,4.11
2023-08-16,30.45,0.03,58.9,3.87
2023-08-17,30.68,0.01,61.24,4.73
2023-08-18,30.47,0.08,63.15,5.1
2023-08-19,30.52,0.09,62.36,4.82
2023-08-20,31.52,0.01,58.66,3.82
2023-08-21,31.64,0.01,58.33,2.58
2023-08-22,30.99,1.03,63.23,2.01
2023-08-23,31.56,0.74,60.05,3.03
2023-08-24,31.68,0.02,58.06,4.44
2023-08-25,31.15,0.0,58.8,3.98
2023-08-26,31.67,0.0,56.52,4.21
2023-08-27,32.24,0.0,57.8,4.1
2023-08-28,31.97,0.76,59.98,4.65
2023-08-29,29.73,2.8,68.2,3.71
2023-08-30,27.86,24.46,76.77,2.46
2023-08-31,29.23,3.31,72.08,3.0
2023-09-01,28.98,3.98,71.98,3.4
2023-09-02,29.35,6.25,71.48,4.26
2023-09-03,27.22,15.87,78.5,4.52
2023-09-04,28.5,5.54,72.65,4.99
2023-09-05,28.54,0.11,69.21,4.82
2023-09-06,28.21,0.62,74.31,4.04
2023-09-07,28.64,0.44,68.37,4.52
2023-09-08,29.16,0.89,68.46,4.31
2023-09-09,29.4,0.67,68.66,4.46
2023-09-10,28.56,1.4,67.19,4.92
2023-09-11,28.3,0.75,70.23,4.18
2023-09-12,29.36,0.11,68.55,3.22
2023-09-13,28.9,0.2,72.91,3.92
2023-09-14,29.13,1.12,71.69,4.28
2023-09-15,29.18,1.36,70.63,4.12
2023-09-16,28.88,1.64,73.76,3.91
2023-09-17,28.28,1.2,77.54,3.63
2023-09-18,28.32,9.28,77.68,4.02
2023-09-19,28.82,3.38,74.38,3.91
2023-09-20,29.22,1.8,71.26,3.47
2023-09-21,28.54,2.46,73.55,3.2
2023-09-22,29.31,1.12,72.25,3.04
2023-09-23,29.29,1.58,73.34,3.7
2023-09-24,28.85,0.92,73.9,3.08
2023-09-25,29.65,0.18,69.32,3.15
2023-09-26,29.93,0.68,67.14,3.88
2023-09-27,28.51,2.22,71.96,3.89
2023-09-28,28.62,2.31,72.13,3.76
2023-09-29,28.36,3.73,75.46,4.67
2023-09-30,28.65,4.48,72.95,4.11
2023-10-01,28.7,2.69,75.28,4.32
2023-10-02,28.44,5.44,78.57,4.61
2023-10-03,28.84,4.26,76.11,4.07
2023-10-04,28.91,3.45,75.17,3.84
2023-10-05,28.82,4.41,75.1,3.42
2023-10-06,29.41,1.23,74.72,3.2
2023-10-07,30.02,0.22,69.67,2.62
2023-10-08,29.29,1.4,73.93,3.16
2023-10-09,28.53,0.85,78.28,2.58
2023-10-10,28.61,0.89,77.13,2.8
2023-10-11,28.79,4.32,75.99,3.32
2023-10-12,27.98,12.17,78.57,3.14
2023-10-13,28.76,1.16,72.97,2.33
2023-10-14,28.09,5.73,78.43,2.3
2023-10-15,28.49,6.15,75.73,2.75
2023-10-16,28.19,4.67,76.86,2.21
2023-10-17,27.87,11.17,81.11,1.89
2023-10-18,27.66,6.15,81.84,1.43
2023-10-19,28.04,3.47,77.19,1.43
2023-10-20,28.27,1.94,75.34,1.55
2023-10-21,28.96,2.05,72.01,1.48
2023-10-22,28.91,3.79,74.32,1.42
2023-10-23,27.88,5.48,77.06,1.88
2023-10-24,28.21,1.42,72.69,1.75
2023-10-25,28.4,0.45,74.83,1.73
2023-10-26,28.83,1.51,73.61,1.54
2023-10-27,28.9,0.12,72.87,2.12
2023-10-28,28.28,0.97,75.43,1.65
2023-10-29,27.34,14.73,82.65,2.14
2023-10-30,26.75,10.66,83.86,2.16
2023-10-31,27.21,4.13,83.12,2.28
2023-11-01,27.68,9.47,81.41,1.86
2023-11-02,27.01,7.54,83.36,1.25
2023-11-03,27.24,16.06,84.79,1.8
2023-11-04,25.89,18.02,89.0,1.74
2023-11-05,26.75,15.69,81.17,0.76
2023-11-06,27.69,19.82,79.09,0.98
2023-11-07,26.81,21.49,85.77,1.65
2023-11-08,26.31,38.74,87.5,1.55
2023-11-09,26.24,40.32,84.57,1.35
2023-11-10,26.8,3.63,84.82,1.8
2023-11-11,26.45,6.99,91.75,3.03
2023-11-12,26.79,0.91,84.38,3.17
2023-11-13,25.66,1.92,88.32,2.66
2023-11-14,26.0,0.83,87.19,2.57
2023-11-15,26.82,2.8,80.38,2.13
2023-11-16,27.13,1.29,85.79,1.36
2023-11-17,27.5,1.01,86.99,1.69
2023-11-18,26.53,4.19,90.98,1.82
2023-11-19,26.22,20.45,91.0,2.41
2023-11-20,26.93,0.81,85.48,2.01
2023-11-21,26.87,4.01,88.75,1.89
2023-11-22,26.69,28.02,87.48,1.81
2023-11-23,26.59,5.27,88.4,2.35
2023-11-24,26.89,1.1,85.11,1.67
2023-11-25,26.63,2.08,90.21,2.5
2023-11-26,26.55,1.63,93.17,3.27
2023-11-27,26.96,2.54,89.26,3.25
2023-11-28,26.85,2.25,87.84,2.71
2023-11-29,26.64,4.03,88.6,2.88
2023-11-30,26.08,1.21,89.28,1.98
2023-12-01,25.83,2.24,90.03,2.39
2023-12-02,26.75,0.6,82.11,1.39
2023-12-03,26.94,1.31,86.88,2.08
2023-12-04,26.9,0.41,91.11,2.49
2023-12-05,27.58,0.45,88.5,2.17
2023-12-06,27.08,0.12,88.57,1.72
2023-12-07,27.41,0.53,86.55,1.42
2023-12-08,27.57,2.39,85.34,1.4
2023-12-09,27.1,10.12,87.91,2.34
2023-12-10,26.67,5.13,89.14,3.08
2023-12-11,26.64,3.36,87.97,3.52
2023-12-12,26.41,1.17,87.34,3.38
2023-12-13,25.56,0.01,85.25,3.82
2023-12-14,25.02,0.16,84.38,3.67
2023-12-15,25.86,0.29,87.81,3.64
2023-12-16,25.82,16.99,91.92,3.75
2023-12-17,25.65,202.34,94.88,4.66
2023-12-18,25.84,82.59,91.47,4.68
2023-12-19,24.82,8.37,90.8,4.29
2023-12-20,25.28,5.32,89.4,4.25
2023-12-21,25.33,4.93,91.7,3.9
2023-12-22,25.6,0.62,89.23,3.62
2023-12-23,24.86,0.01,88.29,3.23
2023-12-24,24.6,0.07,88.29,3.36
2023-12-25,26.12,0.58,88.89,3.93
2023-12-26,25.53,0.09,86.68,4.39
2023-12-27,25.23,0.48,87.38,4.78
2023-12-28,25.71,0.53,88.98,4.66
2023-12-29,26.16,0.74,88.95,4.23
2023-12-30,25.63,0.12,89.42,3.89
2023-12-31,25.33,0.04,86.07,3.89
2024-01-01,25.22,0.01,85.14,3.09
2024-01-02,25.57,0.03,85.93,3.09
2024-01-03,25.38,0.16,85.9,2.83
2024-01-04,25.97,1.13,86.96,2.34
2024-01-05,26.23,1.34,87.6,2.39
2024-01-06,26.12,1.57,87.81,2.65
2024-01-07,25.99,0.5,87.13,2.99
2024-01-08,25.48,1.93,89.98,2.21
2024-01-09,25.43,7.34,91.41,4.1
2024-01-10,25.06,1.47,88.62,3.78
2024-01-11,25.39,0.02,84.37,4.14
2024-01-12,25.28,0.0,82.76,3.88
2024-01-13,25.36,0.0,83.63,3.64
2024-01-14,25.21,0.0,84.7,3.26
2024-01-15,24.75,0.0,79.92,2.98
2024-01-16,24.19,0.0,76.23,2.58
2024-01-17,24.26,0.0,77.42,2.26
2024-01-18,25.56,0.07,83.76,2.41
2024-01-19,26.44,1.36,84.61,3.06
2024-01-20,26.57,0.55,83.43,3.27
2024-01-21,26.64,0.02,80.99,3.21
2024-01-22,26.43,0.01,80.9,3.08
2024-01-23,25.77,0.0,79.09,2.93
2024-01-24,25.83,0.0,77.19,2.41
2024-01-25,25.97,0.0,75.95,2.6
2024-01-26,25.65,0.0,75.41,3.71
2024-01-27,25.35,0.0,76.95,3.67
2024-01-28,25.75,0.0,78.77,3.67
2024-01-29,25.96,0.0,77.22,3.73
2024-01-30,26.3,0.03,76.74,3.48
2024-01-31,26.81,8.28,79.49,2.49
2024-02-01,27.05,20.72,82.35,2.04
2024-02-02,27.44,2.29,81.51,2.17
2024-02-03,27.57,0.01,79.08,2.79
2024-02-04,26.77,0.0,77.47,3.4
2024-02-05,26.12,0.01,78.2,3.41
2024-02-06,25.67,0.0,78.13,3.47
2024-02-07,25.8,0.0,77.61,2.95
2024-02-08,26.16,0.0,77.66,3.0
2024-02-09,26.57,0.0,78.08,3.27
2024-02-10,27.08,0.0,75.61,3.92
2024-02-11,27.26,0.0,70.54,4.3
2024-02-12,26.48,0.0,72.12,4.12
2024-02-13,27.26,0.0,74.25,4.24
2024-02-14,27.48,0.0,74.33,4.43
2024-02-15,27.36,0.0,71.38,4.05
2024-02-16,27.64,0.0,72.13,4.06
2024-02-17,27.87,0.0,71.07,3.94
2024-02-18,27.57,0.0,71.61,3.41
2024-02-19,27.97,0.0,72.45,3.35
2024-02-20,28.31,0.0,70.52,2.65
2024-02-21,28.54,0.0,67.82,1.94
2024-02-22,29.44,0.0,69.18,2.05
2024-02-23,30.01,0.01,65.28,2.3
2024-02-24,29.79,0.01,68.52,2.2
2024-02-25,29.35,0.0,66.18,3.39
2024-02-26,29.37,0.08,67.63,4.67
2024-02-27,29.57,0.02,65.08,4.92
2024-02-28,29.52,0.01,64.04,4.41
2024-02-29,29.24,0.0,64.92,3.79
2024-03-01,28.91,0.0,64.61,3.99
2024-03-02,27.79,0.0,65.26,2.62
2024-03-03,28.95,0.0,65.02,2.56
2024-03-04,28.76,0.0,61.87,2.52
2024-03-05,29.08,0.0,60.97,2.53
2024-03-06,29.15,0.0,58.72,2.14
2024-03-07,29.47,0.0,56.44,2.07
2024-03-08,29.29,0.01,57.17,1.92
2024-03-09,29.68,0.0,57.99,2.17
2024-03-10,30.08,0.0,60.07,2.42
2024-03-11,29.71,0.0,62.66,2.81
2024-03-12,29.89,0.0,59.99,2.95
2024-03-13,30.23,0.0,54.71,2.08
2024-03-14,30.74,0.01,54.4,2.2
2024-03-15,30.43,0.0,67.12,2.22
2024-03-16,30.13,0.02,61.17,2.27
2024-03-17,29.86,0.0,56.85,2.89
2024-03-18,29.78,0.0,56.69,2.71
2024-03-19,29.69,0.0,56.82,2.73
2024-03-20,29.71,0.0,57.99,2.71
2024-03-21,30.78,0.9,65.52,3.96
2024-03-22,30.8,3.51,66.53,3.66
2024-03-23,30.88,1.18,63.41,3.09
2024-03-24,30.2,0.05,63.15,2.97
2024-03-25,30.12,0.0,59.88,3.36
2024-03-26,29.95,0.0,59.63,3.01
2024-03-27,30.32,0.02,58.48,2.84
2024-03-28,31.08,2.33,58.62,2.38
2024-03-29,30.78,0.25,59.4,2.25
2024-03-30,30.87,0.0,56.87,2.04
2024-03-31,31.42,0.0,55.81,2.1
2024-04-01,31.6,0.03,59.98,2.21
2024-04-02,31.71,0.79,60.69,2.15
2024-04-03,31.52,0.49,64.39,2.1
2024-04-04,31.57,0.23,63.39,2.08
2024-04-05,32.38,0.11,60.24,2.41
2024-04-06,32.75,0.01,60.12,2.3
2024-04-07,32.11,0.02,62.3,2.24
2024-04-08,31.9,0.6,64.3,2.3
2024-04-09,31.98,0.12,60.35,2.91
2024-04-10,31.85,0.13,60.08,3.46
2024-04-11,32.37,0.48,59.65,3.63
2024-04-12,30.64,5.87,69.3,3.1
2024-04-13,30.68,2.39,69.09,2.68
2024-04-14,30.55,5.73,69.27,3.21
2024-04-15,30.6,9.49,71.49,3.14
2024-04-16,30.91,0.55,67.54,2.73
2024-04-17,31.26,0.09,68.1,2.29
2024-04-18,32.29,0.02,64.17,2.62
2024-04-19,32.45,0.07,64.26,2.31
2024-04-20,33.04,0.06,61.29,2.41
2024-04-21,32.84,0.08,62.0,2.29
2024-04-22,31.97,0.11,63.71,1.22
2024-04-23,31.97,0.28,62.98,2.25
2024-04-24,31.79,0.65,64.09,1.79
2024-04-25,31.11,0.02,64.46,1.96
2024-04-26,32.08,0.01,58.28,2.06
2024-04-27,32.37,0.01,57.06,2.21
2024-04-28,32.41,0.36,59.66,2.26
2024-04-29,31.82,0.64,65.71,2.17
2024-04-30,32.87,0.2,60.32,2.41
2024-05-01,33.6,0.22,59.21,2.59
2024-05-02,33.81,0.0,60.69,3.22
2024-05-03,33.95,0.0,59.75,3.48
2024-05-04,33.78,0.02,58.11,2.86
2024-05-05,34.51,0.11,51.56,3.32
2024-05-06,33.69,0.05,56.45,3.56
2024-05-07,33.57,0.03,56.26,2.85
2024-05-08,33.19,0.53,58.38,2.79
2024-05-09,32.07,1.09,63.14,2.19
2024-05-10,31.3,3.2,66.1,2.17
2024-05-11,31.81,2.17,61.98,2.49
2024-05-12,31.56,5.91,64.7,2.17
2024-05-13,28.88,37.6,84.31,1.21
2024-05-14,29.22,16.24,77.45,0.9
2024-05-15,29.44,7.98,77.19,1.38
2024-05-16,29.61,15.76,75.87,1.19
2024-05-17,28.18,3.51,84.04,1.24
2024-05-18,28.86,4.18,79.2,1.99
2024-05-19,28.44,7.2,81.95,3.18
2024-05-20,28.25,9.22,80.32,4.43
2024-05-21,29.22,5.89,78.74,3.8
2024-05-22,28.77,3.65,86.95,3.5
2024-05-23,28.57,4.83,85.69,3.82
2024-05-24,29.09,4.42,81.41,4.44
2024-05-25,29.08,3.07,80.34,4.71
2024-05-26,29.17,0.96,77.4,4.75
2024-05-27,29.32,0.9,78.63,5.43
2024-05-28,28.65,3.52,79.42,5.37
2024-05-29,28.84,2.23,78.16,5.3
2024-05-30,29.44,1.47,77.86,4.43
2024-05-31,29.23,2.33,79.66,3.43
2024-06-01,29.78,1.05,80.32,4.02
2024-06-02,29.19,1.63,76.9,2.37
2024-06-03,29.38,1.47,77.3,2.65
2024-06-04,29.35,0.46,78.45,3.29
2024-06-05,29.4,3.25,78.84,4.11
2024-06-06,28.6,14.01,84.73,3.07
2024-06-07,28.36,2.84,81.61,3.33
2024-06-08,28.09,3.18,84.82,4.17
2024-06-09,28.54,0.85,82.08,4.25
2024-06-10,29.0,0.18,79.09,3.86
2024-06-11,29.22,0.36,75.69,4.17
2024-06-12,28.53,0.58,77.97,3.7
2024-06-13,28.83,0.13,75.32,2.95
2024-06-14,28.95,0.0,77.04,3.33
2024-06-15,29.41,0.11,74.36,4.47
2024-06-16,29.74,0.18,73.77,3.86
2024-06-17,29.46,1.94,74.42,3.42
2024-06-18,29.14,4.44,77.11,3.97
2024-06-19,28.54,2.91,78.69,4.1
2024-06-20,28.4,1.16,76.39,4.18
2024-06-21,28.31,1.27,75.14,4.57
2024-06-22,28.16,2.93,75.91,4.85
2024-06-23,28.41,1.4,72.73,5.9
2024-06-24,28.28,3.43,73.52,5.72
2024-06-25,28.01,1.35,71.46,5.91
2024-06-26,27.92,2.42,70.89,6.21
2024-06-27,29.03,0.75,71.87,4.35
2024-06-28,29.28,0.14,70.86,3.8
2024-06-29,29.55,0.22,72.92,3.85
2024-06-30,28.88,1.16,76.56,3.11
2024-07-01,28.52,0.44,72.32,3.37
2024-07-02,28.37,0.31,72.39,2.86
2024-07-03,29.21,0.09,71.58,3.87
2024-07-04,29.72,0.08,67.34,4.08
2024-07-05,29.31,2.15,71.65,4.85
2024-07-06,27.96,1.9,74.83,4.1
2024-07-07,29.27,0.28,70.44,4.54
2024-07-08,28.09,0.69,74.88,4.85
2024-07-09,28.18,0.22,71.88,4.44
2024-07-10,28.86,0.92,73.18,4.38
2024-07-11,29.04,0.34,70.95,3.53
2024-07-12,28.77,4.25,75.36,4.4
2024-07-13,28.37,1.28,73.21,4.88
2024-07-14,28.83,1.03,69.89,4.84
2024-07-15,28.01,4.11,73.38,6.06
2024-07-16,28.48,1.6,73.07,5.68
2024-07-17,28.36,1.51,74.47,5.05
2024-07-18,28.65,0.35,69.18,5.98
2024-07-19,28.97,0.14,70.54,5.67
2024-07-20,29.26,0.07,70.35,4.95
2024-07-21,29.28,0.29,71.2,5.02
2024-07-22,29.08,0.53,71.09,4.12
2024-07-23,29.32,0.13,70.3,4.07
2024-07-24,29.58,0.5,68.93,4.54
2024-07-25,29.43,0.32,68.95,4.65
2024-07-26,28.97,0.5,69.93,5.69
2024-07-27,29.32,0.74,65.19,5.89
2024-07-28,29.02,1.83,69.0,5.73
2024-07-29,28.99,2.94,71.69,5.82
2024-07-30,28.32,0.91,72.99,4.78
2024-07-31,28.57,0.21,74.88,4.22
2024-08-01,29.08,0.41,73.63,4.7
2024-08-02,29.53,0.05,66.12,4.69
2024-08-03,29.55,0.32,66.29,3.82
2024-08-04,30.1,1.3,64.26,2.93
2024-08-05,28.67,1.26,70.69,2.58
2024-08-06,29.24,2.82,70.18,2.86
2024-08-07,27.99,2.92,75.39,3.24
2024-08-08,28.14,3.32,74.51,3.97
2024-08-09,29.5,2.2,69.59,2.82
2024-08-10,29.0,2.73,72.55,4.08
2024-08-11,29.51,2.9,73.62,2.22
2024-08-12,30.14,3.61,73.74,1.95
2024-08-13,29.33,13.78,76.9,0.91
2024-08-14,28.22,24.91,80.03,2.04
2024-08-15,29.6,1.98,74.49,2.74
2024-08-16,29.14,2.28,78.06,3.8
2024-08-17,28.37,2.36,78.34,4.55
2024-08-18,28.29,2.59,81.62,3.39
2024-08-19,28.99,0.82,76.55,3.31
2024-08-20,28.34,2.06,81.42,3.63
2024-08-21,27.66,3.39,77.65,5.43
2024-08-22,28.65,0.04,72.88,3.73
2024-08-23,28.91,0.05,72.65,3.37
2024-08-24,28.86,0.27,74.23,3.85
2024-08-25,28.66,0.18,74.45,4.09
2024-08-26,29.04,0.14,72.2,4.47
2024-08-27,28.76,0.2,75.04,3.99
2024-08-28,28.63,0.06,75.28,3.96
2024-08-29,28.75,0.91,74.43,4.56
2024-08-30,27.72,2.36,79.56,4.48
2024-08-31,28.22,1.23,76.47,5.05
2024-09-01,28.12,2.65,74.75,4.53
2024-09-02,28.57,0.48,74.23,4.32
2024-09-03,28.18,0.75,79.13,4.54
2024-09-04,28.64,0.85,76.24,4.25
2024-09-05,29.68,0.15,71.4,4.24
2024-09-06,28.78,0.23,75.92,4.38
2024-09-07,28.81,0.2,75.38,4.46
2024-09-08,28.28,0.44,77.2,4.53
2024-09-09,28.71,0.37,75.25,4.68
2024-09-10,29.22,0.3,75.06,4.79
2024-09-11,29.29,0.71,72.54,4.74
2024-09-12,29.29,0.63,65.6,5.03
2024-09-13,29.57,1.32,72.19,3.85
2024-09-14,29.9,0.86,70.59,4.29
2024-09-15,30.13,0.12,68.29,4.82
2024-09-16,30.52,0.01,66.26,4.44
2024-09-17,30.42,0.01,66.5,4.4
2024-09-18,30.31,0.02,66.1,4.24
2024-09-19,30.42,0.19,65.05,4.39
2024-09-20,29.78,0.12,66.35,4.53
2024-09-21,30.48,0.03,62.86,4.54
2024-09-22,29.84,0.29,66.53,4.89
2024-09-23,30.3,0.29,66.92,5.12
2024-09-24,30.18,0.04,65.85,5.28
2024-09-25,30.71,0.06,63.88,4.82
2024-09-26,31.0,0.06,62.02,3.76
2024-09-27,31.1,0.11,58.24,2.64
2024-09-28,30.9,3.97,62.56,2.71
2024-09-29,29.38,7.34,74.87,1.76
2024-09-30,28.83,16.34,76.13,1.36
2024-10-01,28.84,3.66,77.57,1.79
2024-10-02,28.33,5.99,80.43,2.88
2024-10-03,28.83,1.57,77.6,3.25
2024-10-04,29.03,5.66,76.95,2.78
2024-10-05,28.62,3.95,76.63,2.07
2024-10-06,27.79,5.25,79.42,2.21
2024-10-07,27.28,1.77,81.54,3.16
2024-10-08,27.79,1.2,79.51,1.8
2024-10-09,28.66,5.29,77.46,2.58
2024-10-10,27.97,0.86,77.93,2.69
2024-10-11,28.0,6.44,74.74,2.64
2024-10-12,27.16,11.43,81.55,2.3
2024-10-13,27.17,10.01,81.29,2.65
2024-10-14,26.57,17.28,83.14,1.82
2024-10-15,27.25,5.46,78.99,2.6
2024-10-16,27.66,0.73,77.4,3.27
2024-10-17,28.57,0.53,76.84,3.36
2024-10-18,28.89,0.52,76.35,2.8
2024-10-19,27.79,2.23,81.36,2.04
2024-10-20,28.61,3.33,79.34,1.38
2024-10-21,28.38,1.16,80.51,1.08
2024-10-22,28.85,5.31,75.67,1.01
2024-10-23,28.36,4.18,80.02,1.62
2024-10-24,27.89,4.59,80.12,2.57
2024-10-25,27.5,13.02,84.9,2.31
2024-10-26,28.04,8.28,81.63,3.04
2024-10-27,27.33,2.82,84.45,2.77
2024-10-28,28.15,0.43,79.09,2.45
2024-10-29,28.49,1.02,78.18,1.55
2024-10-30,28.71,0.15,77.48,1.34
2024-10-31,28.75,1.33,79.84,1.33
2024-11-01,28.82,1.48,76.7,1.43
2024-11-02,26.96,14.81,86.45,1.36
2024-11-03,27.04,6.43,81.53,1.07
2024-11-04,27.29,6.67,81.91,1.67
2024-11-05,27.67,1.08,77.05,1.8
2024-11-06,28.27,0.11,73.71,1.45
2024-11-07,27.6,1.06,80.12,1.94
2024-11-08,26.96,16.89,88.68,2.37
2024-11-09,27.5,4.08,82.19,2.88
2024-11-10,27.28,0.02,78.57,3.08
2024-11-11,27.29,0.02,76.14,2.49
2024-11-12,27.98,0.07,74.86,1.57
2024-11-13,27.4,0.54,84.11,2.08
2024-11-14,27.65,11.88,86.3,2.36
2024-11-15,26.55,18.07,89.62,2.65
2024-11-16,27.06,6.94,86.5,2.75
2024-11-17,27.45,5.07,86.08,3.04
2024-11-18,27.07,4.22,85.85,3.49
2024-11-19,26.78,33.5,87.23,3.67
2024-11-20,25.5,15.82,90.32,4.12
2024-11-21,26.09,7.98,86.74,3.41
2024-11-22,24.65,0.76,89.38,2.14
2024-11-23,26.3,0.14,85.88,3.5
2024-11-24,26.36,0.04,86.37,3.04
2024-11-25,25.29,0.15,86.24,3.0
2024-11-26,24.85,7.48,88.95,3.2
2024-11-27,24.92,5.4,90.45,3.24
2024-11-28,26.41,0.4,80.9,2.12
2024-11-29,26.01,0.87,86.89,2.52
2024-11-30,26.32,1.02,88.64,3.1
2024-12-01,27.44,1.42,84.89,4.47
2024-12-02,27.01,6.19,85.05,3.66
2024-12-03,27.3,0.12,81.31,1.96
2024-12-04,27.11,0.5,81.26,1.74
2024-12-05,26.76,0.69,84.21,1.73
2024-12-06,26.81,0.04,84.94,2.44
2024-12-07,26.91,0.08,83.69,2.38
2024-12-08,26.67,0.17,83.85,2.15
2024-12-09,26.97,0.11,81.98,2.4
2024-12-10,26.45,0.07,82.04,2.57
2024-12-11,25.96,1.91,85.94,3.05
2024-12-12,25.13,42.82,90.76,4.4
2024-12-13,26.32,71.82,93.6,4.48
2024-12-14,25.5,61.95,91.94,3.5
2024-12-15,24.64,0.99,85.64,3.67
2024-12-16,24.01,0.33,87.44,3.19
2024-12-17,25.97,0.06,81.28,1.89
2024-12-18,27.05,0.02,82.47,1.28
2024-12-19,27.23,0.03,84.74,1.26
2024-12-20,27.35,0.37,84.74,1.3
2024-12-21,27.32,0.68,83.66,1.36
2024-12-22,26.61,8.89,88.11,2.03
2024-12-23,26.54,2.26,82.33,1.24
2024-12-24,26.41,0.02,77.69,1.03
2024-12-25,25.95,0.0,81.09,1.31
2024-12-26,27.06,0.06,82.62,1.41
2024-12-27,26.58,1.48,86.53,2.79
2024-12-28,25.62,0.26,84.78,3.55
2024-12-29,25.76,0.14,85.34,3.25
2024-12-30,25.85,4.01,88.89,3.62
2024-12-31,25.71,11.78,90.24,4.85
2025-01-01,25.05,0.68,84.41,4.58
2025-01-02,24.27,0.0,83.41,3.93
2025-01-03,24.33,0.0,83.0,4.37
2025-01-04,24.0,0.02,82.52,3.38
2025-01-05,24.15,0.06,79.12,3.04
2025-01-06,23.8,0.0,80.54,2.87
2025-01-07,24.5,0.02,83.91,2.64
2025-01-08,24.73,0.01,83.13,2.95
2025-01-09,24.56,0.0,83.35,3.4
2025-01-10,25.52,0.01,83.5,3.84
2025-01-11,25.21,0.46,83.08,3.95
2025-01-12,25.46,0.77,84.61,3.81
2025-01-13,26.53,1.57,83.95,3.28
2025-01-14,25.39,3.64,87.32,3.89
2025-01-15,25.09,2.18,87.21,4.49
2025-01-16,24.89,0.42,84.04,4.22
2025-01-17,24.92,0.02,80.06,4.31
2025-01-18,23.86,9.16,88.0,3.72
2025-01-19,24.65,9.16,90.86,3.58
2025-01-20,25.38,2.06,86.07,3.37
2025-01-21,24.6,0.03,81.81,3.35
2025-01-22,25.37,0.92,82.78,3.32
2025-01-23,25.53,0.44,81.12,3.37
2025-01-24,25.06,0.01,79.19,3.27
2025-01-25,25.09,0.09,80.71,3.55
2025-01-26,25.0,0.0,78.01,4.06
2025-01-27,24.88,0.01,74.9,3.37
2025-01-28,25.47,0.0,73.98,2.76
2025-01-29,24.5,0.01,77.63,2.59
2025-01-30,25.67,0.13,82.17,3.18
2025-01-31,26.7,0.24,83.7,2.61
2025-02-01,27.37,0.01,79.66,2.45
2025-02-02,27.24,0.0,77.48,2.56
2025-02-03,26.65,0.0,74.98,2.38
2025-02-04,25.81,0.0,73.78,2.82
2025-02-05,25.98,0.0,76.51,2.9
2025-02-06,26.25,0.0,72.98,2.97
2025-02-07,26.11,0.0,69.21,3.11
2025-02-08,26.12,0.0,73.28,3.44
2025-02-09,26.58,0.0,73.36,3.31
2025-02-10,26.75,0.0,71.17,3.18
2025-02-11,26.67,0.0,70.67,2.86
2025-02-12,26.99,0.0,72.69,3.05
2025-02-13,26.37,0.0,71.04,2.61
2025-02-14,25.91,0.0,69.41,2.24
2025-02-15,26.92,0.0,67.72,2.4
2025-02-16,26.91,0.0,65.03,2.93
2025-02-17,26.49,0.0,64.87,2.72
2025-02-18,26.75,0.0,68.24,2.91
2025-02-19,27.04,0.0,67.97,2.25
2025-02-20,27.46,0.0,66.9,2.42
2025-02-21,27.92,0.0,66.05,3.0
2025-02-22,28.34,0.0,66.19,2.79
2025-02-23,28.45,0.0,65.81,2.93
2025-02-24,28.61,0.0,64.57,3.47
2025-02-25,28.55,0.37,67.12,3.99
2025-02-26,28.57,2.8,68.61,4.33
2025-02-27,28.95,0.95,68.38,4.62
2025-02-28,27.72,3.96,76.36,4.48
2025-03-01,27.89,6.17,81.42,3.52
2025-03-02,27.8,5.32,80.13,2.75
2025-03-03,28.94,0.36,72.31,2.71
2025-03-04,28.7,0.0,69.13,2.14
2025-03-05,28.86,0.0,61.61,1.64
2025-03-06,28.42,0.0,64.38,1.77
2025-03-07,29.31,0.09,64.64,2.08
2025-03-08,29.82,0.7,66.19,1.96
2025-03-09,29.38,0.16,57.77,2.68
2025-03-10,29.15,0.66,61.7,3.99
2025-03-11,28.26,16.1,78.71,4.51
2025-03-12,28.2,5.81,77.42,2.45
2025-03-13,28.79,0.71,72.4,2.0
2025-03-14,29.21,0.0,68.69,1.93
2025-03-15,29.36,0.02,66.48,1.81
2025-03-16,28.74,11.43,74.44,1.64
2025-03-17,29.1,5.33,73.43,1.57
2025-03-18,29.13,0.65,72.68,1.78
2025-03-19,28.53,0.62,75.47,2.02
2025-03-20,29.62,0.82,68.74,2.95
2025-03-21,29.73,0.55,71.41,2.5
2025-03-22,28.7,13.95,79.12,2.1
2025-03-23,29.26,4.45,73.72,2.31
2025-03-24,29.75,0.09,68.84,2.74
2025-03-25,29.72,0.17,67.69,2.28
2025-03-26,29.78,0.27,62.71,1.76
2025-03-27,29.94,0.97,67.58,1.51
2025-03-28,30.26,0.03,67.28,2.17
2025-03-29,29.78,0.01,62.86,2.14
2025-03-30,29.03,0.0,57.14,1.96
2025-03-31,29.52,0.12,61.86,2.06
2025-04-01,29.13,1.72,67.96,1.8
2025-04-02,29.19,13.66,72.46,2.22
2025-04-03,28.31,33.66,78.91,1.87
2025-04-04,28.97,3.06,68.06,2.01
2025-04-05,29.18,4.06,70.77,1.63
2025-04-06,28.86,8.9,78.04,1.16
2025-04-07,28.52,6.71,81.33,0.98
2025-04-08,29.01,0.39,76.55,1.23
2025-04-09,28.56,1.57,79.02,1.62
2025-04-10,29.35,0.44,73.98,3.4
2025-04-11,29.72,1.31,71.82,3.5
2025-04-12,29.6,0.83,72.09,3.13
2025-04-13,30.64,0.6,68.89,2.0
2025-04-14,30.49,0.97,68.81,2.04
2025-04-15,29.53,0.69,73.63,1.74
2025-04-16,30.69,0.06,67.85,1.23
2025-04-17,30.94,0.26,68.73,1.49
2025-04-18,30.64,1.01,70.29,2.62
2025-04-19,30.21,0.5,72.2,2.91
2025-04-20,30.11,0.43,72.1,2.16
2025-04-21,30.56,1.21,70.71,1.74
2025-04-22,30.04,2.39,71.82,1.53
2025-04-23,30.2,1.0,70.94,2.51
2025-04-24,30.41,0.54,72.25,2.57
2025-04-25,30.45,0.47,77.59,1.49
2025-04-26,30.35,0.82,75.16,1.14
2025-04-27,30.28,2.13,74.05,2.02
2025-04-28,29.29,1.22,72.62,2.06
2025-04-29,30.22,0.88,71.35,2.04
2025-04-30,29.44,1.8,77.82,3.01
2025-05-01,29.75,0.1,73.52,2.65
2025-05-02,30.25,1.8,74.15,2.29
2025-05-03,30.36,1.23,74.55,2.58
2025-05-04,30.85,0.65,72.3,1.79
2025-05-05,30.99,1.53,71.42,1.8
2025-05-06,30.84,3.11,68.08,2.84
2025-05-07,28.96,4.13,73.33,3.62
2025-05-08,30.66,0.89,67.33,2.32
2025-05-09,30.81,0.12,68.56,1.91
2025-05-10,31.7,0.37,64.6,2.31
2025-05-11,31.52,0.51,65.18,3.25
2025-05-12,31.3,0.35,68.1,3.42
2025-05-13,31.56,1.51,66.51,4.14
2025-05-14,30.67,1.77,70.58,3.35
2025-05-15,31.05,7.22,65.79,2.58
2025-05-16,30.66,6.67,69.49,3.14
2025-05-17,29.18,2.72,73.72,2.84
2025-05-18,30.68,4.69,68.67,1.8
2025-05-19,29.99,5.05,71.94,3.58
2025-05-20,29.87,1.75,70.93,3.97
2025-05-21,29.96,0.41,64.77,4.47
2025-05-22,31.0,0.22,63.43,4.0
2025-05-23,30.3,3.68,73.53,4.27
2025-05-24,30.53,2.41,68.88,5.13
2025-05-25,29.79,3.94,74.26,5.45
2025-05-26,29.83,4.41,72.74,5.64
2025-05-27,29.73,3.38,76.32,6.24
2025-05-28,30.54,0.47,72.71,6.63
2025-05-29,29.84,5.24,74.63,6.37
2025-05-30,29.16,2.04,69.55,6.46
2025-05-31,28.89,1.36,72.58,5.06
2025-06-01,29.5,0.45,74.77,3.89
2025-06-02,29.47,0.46,76.2,3.88
2025-06-03,30.48,0.51,70.91,3.81
2025-06-04,30.13,0.76,68.75,4.13
2025-06-05,30.48,0.25,69.48,2.69
2025-06-06,30.4,1.22,72.09,2.48
2025-06-07,30.51,0.34,71.15,4.11
2025-06-08,30.87,0.46,68.49,4.21
2025-06-09,29.64,0.39,71.15,4.23
2025-06-10,29.42,1.64,74.86,4.73
2025-06-11,28.97,1.58,74.97,5.4
2025-06-12,29.94,1.88,69.57,5.64
2025-06-13,29.57,2.75,69.84,5.78
2025-06-14,29.13,2.77,72.28,5.92
2025-06-15,28.02,4.97,74.78,5.86
2025-06-16,29.33,0.78,70.94,5.89
2025-06-17,29.44,1.38,72.96,4.77
2025-06-18,29.23,0.49,75.09,4.32
2025-06-19,29.31,0.34,71.15,4.91
2025-06-20,28.88,1.07,76.42,3.61
2025-06-21,29.09,0.22,76.64,3.76
2025-06-22,28.99,1.31,76.06,4.51
2025-06-23,29.63,0.31,66.61,5.03
2025-06-24,29.89,0.53,70.87,5.26
2025-06-25,29.28,1.84,75.43,4.5
2025-06-26,28.9,0.56,71.88,5.18
2025-06-27,28.73,2.71,70.62,4.15
2025-06-28,29.41,0.38,69.72,4.65
2025-06-29,30.21,0.16,63.59,4.75
2025-06-30,29.6,0.08,71.62,4.06
2025-07-01,29.45,0.13,72.18,4.19
2025-07-02,30.04,0.11,64.65,4.56
2025-07-03,29.82,0.27,62.7,4.42
2025-07-04,29.72,0.12,65.56,4.37
2025-07-05,29.7,0.19,69.09,4.64
2025-07-06,29.4,0.31,72.54,5.16
2025-07-07,29.74,0.11,71.67,4.78
2025-07-08,30.27,0.05,67.99,4.68
2025-07-09,30.55,0.07,67.07,4.7
2025-07-10,30.63,0.24,65.81,4.13
2025-07-11,29.86,0.53,69.24,4.93
2025-07-12,30.45,1.47,65.86,5.21
2025-07-13,29.63,0.45,68.62,4.78
2025-07-14,29.57,0.12,64.53,5.66
2025-07-15,30.17,0.31,64.39,5.02
2025-07-16,29.28,1.66,68.47,5.28
2025-07-17,29.64,0.47,65.05,5.56
2025-07-18,29.52,2.56,68.8,5.96
2025-07-19,28.3,3.13,70.88,6.43
2025-07-20,28.18,2.16,71.08,5.11
2025-07-21,28.72,1.55,71.85,4.88
2025-07-22,29.3,0.73,69.35,5.61
2025-07-23,29.02,1.91,67.4,5.95
2025-07-24,28.97,1.85,67.16,5.53
2025-07-25,28.42,2.05,70.38,5.67
2025-07-26,27.67,2.93,74.68,5.49
2025-07-27,28.63,0.85,69.52,4.8
2025-07-28,29.51,0.01,64.5,4.53
2025-07-29,29.67,0.0,63.57,5.2
2025-07-30,30.49,0.13,62.64,4.55
2025-07-31,30.05,0.59,66.39,4.57
2025-08-01,29.49,1.12,69.67,3.74
2025-08-02,27.87,2.64,79.67,2.75
2025-08-03,27.67,2.03,78.84,2.89
2025-08-04,29.62,1.51,69.96,2.24
2025-08-05,29.08,1.54,73.42,4.36
2025-08-06,29.63,0.36,66.33,4.16
2025-08-07,29.48,0.28,68.82,3.96
2025-08-08,29.5,2.21,71.01,2.56
2025-08-09,28.08,2.23,77.22,3.07
2025-08-10,28.21,6.32,73.84,3.4
2025-08-11,28.31,0.3,71.88,4.05
2025-08-12,27.85,0.37,73.65,4.83
2025-08-13,28.25,1.2,71.23,4.79
2025-08-14,28.34,1.08,73.18,4.38
2025-08-15,28.38,1.42,70.76,5.35
2025-08-16,27.92,1.03,74.58,5.26
2025-08-17,28.07,1.0,71.63,5.81
2025-08-18,28.67,0.22,71.33,5.1
2025-08-19,29.38,0.02,67.8,4.79
2025-08-20,29.3,0.01,68.05,3.27
2025-08-21,30.68,0.26,62.49,2.14
2025-08-22,30.91,0.18,63.82,1.27
2025-08-23,29.84,1.12,66.01,2.22
2025-08-24,29.94,1.84,66.62,1.93
2025-08-25,30.56,0.39,63.74,2.19
2025-08-26,29.83,0.08,66.55,4.93
2025-08-27,29.31,1.06,70.27,5.35
2025-08-28,28.68,1.23,71.78,5.52
2025-08-29,29.87,0.34,64.82,5.02
2025-08-30,29.38,1.86,69.05,5.01
2025-08-31,29.17,0.82,70.54,4.72
2025-09-01,29.52,0.15,67.01,4.33
2025-09-02,29.84,0.03,65.07,4.92
2025-09-03,29.13,0.38,68.39,5.19
2025-09-04,29.92,0.1,65.02,5.19
2025-09-05,30.47,0.4,64.6,4.48
2025-09-06,30.94,0.74,63.58,3.9
2025-09-07,30.76,1.01,63.45,3.23
2025-09-08,30.28,0.92,64.01,2.69
2025-09-09,30.19,3.68,68.58,1.68
2025-09-10,29.64,4.76,73.34,1.99
2025-09-11,29.76,1.85,70.75,2.88
2025-09-12,29.08,1.08,72.09,2.69
2025-09-13,29.68,0.13,67.39,3.26
2025-09-14,30.25,0.24,64.96,3.31
2025-09-15,29.66,2.75,68.32,3.97
2025-09-16,30.0,1.54,70.36,3.15
2025-09-17,28.75,3.69,75.6,2.89
2025-09-18,28.75,0.62,72.22,3.81
2025-09-19,29.37,0.04,69.3,3.1
2025-09-20,29.32,0.22,68.75,3.39
2025-09-21,30.03,0.93,68.38,3.78
2025-09-22,30.66,0.2,65.71,4.25
2025-09-23,29.66,0.72,70.09,4.76
2025-09-24,29.48,2.14,71.93,4.63
2025-09-25,28.43,7.14,74.73,5.13
2025-09-26,28.23,3.79,74.53,5.1
2025-09-27,28.75,1.39,72.59,4.44
2025-09-28,28.59,0.72,74.15,4.41
2025-09-29,28.81,0.3,74.83,4.49
2025-09-30,29.01,0.03,73.58,3.63
2025-10-01,29.74,0.01,69.94,4.19
2025-10-02,29.45,0.19,72.26,2.9
2025-10-03,29.15,1.88,73.83,1.41
2025-10-04,29.23,1.15,69.42,1.7
2025-10-05,29.61,1.95,69.19,1.92
2025-10-06,30.39,0.34,64.75,1.55
2025-10-07,29.85,0.29,66.17,1.06
2025-10-08,30.0,1.08,67.22,1.42
2025-10-09,29.62,2.49,72.64,2.31
2025-10-10,29.34,2.11,73.43,2.94
2025-10-11,29.85,0.93,71.88,2.44
2025-10-12,29.52,2.41,73.26,2.45
2025-10-13,29.46,3.37,72.15,1.81
2025-10-14,28.68,8.02,76.37,2.46
2025-10-15,27.68,28.83,84.0,1.6
2025-10-16,26.99,48.18,89.17,1.83
2025-10-17,27.26,18.01,87.37,2.08
2025-10-18,26.78,20.33,87.96,1.55
2025-10-19,26.52,24.07,89.28,1.61
2025-10-20,26.4,13.64,88.87,1.81
2025-10-21,26.12,20.88,86.89,1.04
2025-10-22,26.86,5.2,85.46,3.46
2025-10-23,26.95,2.86,88.04,2.69
2025-10-24,27.21,10.23,89.05,2.62
2025-10-25,27.08,1.08,89.63,2.45
2025-10-26,27.4,0.51,85.84,1.93
2025-10-27,26.92,1.74,88.8,2.52
2025-10-28,26.91,1.48,88.44,2.96
2025-10-29,27.63,0.35,84.39,3.25
2025-10-30,27.75,0.07,82.72,2.0
2025-10-31,28.38,0.01,78.15,1.47
2025-11-01,28.62,0.01,77.26,1.17
2025-11-02,28.37,0.01,77.75,1.8
2025-11-03,28.0,0.05,77.54,2.17
2025-11-04,27.62,0.04,83.16,2.79
2025-11-05,28.16,1.76,81.34,1.68
2025-11-06,27.99,0.74,80.51,2.67
2025-11-07,27.67,1.13,81.67,1.29
2025-11-08,27.62,3.66,77.43,1.2
2025-11-09,27.14,2.76,75.1,1.3
2025-11-10,26.69,1.59,80.73,1.5
2025-11-11,27.4,7.48,80.39,1.36
2025-11-12,27.18,7.9,85.29,2.43
2025-11-13,26.63,11.41,85.92,3.11
2025-11-14,26.52,4.37,83.19,3.28
2025-11-15,25.69,2.61,79.61,2.97
2025-11-16,25.97,0.67,86.37,3.31
2025-11-17,25.42,6.99,87.68,3.72
2025-11-18,25.04,23.8,90.96,2.83
2025-11-19,26.33,5.74,85.85,2.92
2025-11-20,26.62,0.13,82.41,3.25
2025-11-21,26.65,8.06,88.5,2.92
2025-11-22,26.25,27.81,91.1,2.65
2025-11-23,26.01,45.43,91.85,2.31
2025-11-24,25.8,18.56,92.6,3.33
2025-11-25,25.61,5.66,91.16,4.41
2025-11-26,24.87,0.96,89.83,4.8
2025-11-27,24.71,1.22,86.04,4.39
2025-11-28,23.28,19.18,88.17,3.87
2025-11-29,23.64,15.27,87.08,3.02
2025-11-30,25.64,2.04,84.47,2.74
2025-12-01,26.33,1.13,85.02,1.58
2025-12-02,25.99,7.8,87.59,1.94
2025-12-03,25.63,0.15,79.54,1.56
2025-12-04,26.02,1.16,86.66,1.61
2025-12-05,25.72,1.22,90.16,2.88
2025-12-06,25.95,0.92,88.04,3.21
2025-12-07,25.49,1.81,88.93,3.58
2025-12-08,24.89,0.05,86.49,3.31
2025-12-09,24.73,0.05,88.96,3.29
2025-12-10,24.86,0.66,87.09,4.05
2025-12-11,24.42,0.02,86.01,3.43
2025-12-12,24.85,0.33,85.37,3.66
2025-12-13,23.84,0.07,83.11,3.77
2025-12-14,22.54,0.01,81.0,3.21
2025-12-15,22.81,0.01,82.09,2.97
2025-12-16,24.66,0.86,88.95,3.38
2025-12-17,25.78,6.24,88.94,4.02
2025-12-18,23.51,0.16,85.78,4.13
2025-12-19,23.02,0.01,83.26,3.33
2025-12-20,22.94,0.0,79.82,2.7
2025-12-21,23.18,0.0,83.64,3.02
2025-12-22,23.08,0.0,82.39,3.17
2025-12-23,23.72,0.0,81.06,2.89
2025-12-24,24.04,0.0,81.41,2.76
2025-12-25,23.65,0.0,80.34,2.53
2025-12-26,24.64,0.0,82.79,2.91
2025-12-27,24.48,0.0,81.46,3.1
2025-12-28,24.6,0.01,82.5,2.76
2025-12-29,25.03,0.0,83.79,2.97
2025-12-30,25.36,0.0,79.49,2.39
2025-12-31,26.64,0.11,78.63,1.34
