Date,Temperature,Rainfall,Humidity,WindSpeed
2005-01-01,23.37,0.02,80.21,1.9
2005-01-02,23.24,0.02,80.75,2.04
2005-01-03,23.76,0.02,81.35,2.01
2005-01-04,23.41,0.0,77.54,2.39
2005-01-05,22.99,0.0,78.44,2.45
2005-01-06,22.39,0.0,76.87,2.51
2005-01-07,23.33,0.0,77.54,2.95
2005-01-08,23.28,0.0,77.56,2.59
2005-01-09,22.5,0.0,78.8,2.6
2005-01-10,22.49,0.0,73.52,1.86
2005-01-11,22.44,0.0,70.17,1.53
2005-01-12,22.68,0.0,72.73,1.82
2005-01-13,22.6,0.0,73.84,2.15
2005-01-14,22.74,0.0,75.74,2.51
2005-01-15,22.72,0.0,72.0,2.29
2005-01-16,23.24,0.0,74.9,2.12
2005-01-17,24.11,0.03,74.3,1.88
2005-01-18,25.25,0.11,74.95,1.86
2005-01-19,25.65,0.01,75.71,2.14
2005-01-20,25.34,0.1,74.38,3.05
2005-01-21,25.49,0.94,74.41,3.65
2005-01-22,25.31,0.55,76.5,3.01
2005-01-23,25.8,0.06,72.4,2.49
2005-01-24,25.72,0.01,74.45,2.07
2005-01-25,25.59,0.0,71.93,2.2
2005-01-26,25.66,0.0,71.86,2.2
2005-01-27,25.42,0.25,72.58,2.04
2005-01-28,24.62,0.2,75.43,1.39
2005-01-29,25.18,0.75,70.88,2.04
2005-01-30,25.58,0.78,72.19,2.02
2005-01-31,25.75,2.18,76.13,2.2
2005-02-01,25.37,1.05,80.03,2.28
2005-02-02,26.36,0.38,73.83,2.46
2005-02-03,26.01,1.39,73.87,2.67
2005-02-04,26.04,0.32,72.83,2.62
2005-02-05,26.37,0.0,67.16,2.29
2005-02-06,25.64,0.0,66.39,2.41
2005-02-07,24.63,0.0,67.52,2.47
2005-02-08,25.0,0.0,70.19,3.02
2005-02-09,25.01,0.0,69.09,3.3
2005-02-10,25.4,0.0,68.3,3.3
2005-02-11,25.34,0.0,67.7,2.94
2005-02-12,24.53,0.0,65.74,2.88
2005-02-13,24.54,0.0,63.32,2.42
2005-02-14,24.75,0.0,59.93,2.0
2005-02-15,25.77,0.0,57.08,1.39
2005-02-16,26.4,0.0,59.41,1.51
2005-02-17,26.71,0.0,59.33,1.66
2005-02-18,26.89,0.0,57.8,1.82
2005-02-19,26.56,0.0,61.62,1.85
2005-02-20,25.89,0.0,65.03,1.82
2005-02-21,26.62,0.0,66.44,1.69
2005-02-22,27.86,1.73,67.33,1.93
2005-02-23,28.66,0.2,64.78,2.29
2005-02-24,28.65,0.0,63.29,2.47
2005-02-25,27.55,0.0,60.04,2.12
2005-02-26,26.97,0.0,59.93,2.12
2005-02-27,27.17,0.0,54.91,2.22
2005-02-28,26.95,0.0,56.72,2.29
2005-03-01,27.79,0.0,60.97,2.62
2005-03-02,28.07,0.0,59.57,2.27
2005-03-03,28.58,0.0,59.33,2.41
2005-03-04,29.27,0.0,59.88,2.25
2005-03-05,29.59,0.36,62.83,2.63
2005-03-06,29.15,0.1,60.66,2.49
2005-03-07,28.84,0.0,63.08,2.48
2005-03-08,28.1,0.01,64.3,2.09
2005-03-09,28.47,0.01,64.74,2.19
2005-03-10,28.43,1.7,62.68,1.33
2005-03-11,29.01,1.19,61.57,1.59
2005-03-12,30.07,0.18,59.82,1.86
2005-03-13,29.36,6.92,64.65,1.58
2005-03-14,28.59,5.04,66.66,2.09
2005-03-15,28.37,0.0,60.97,2.07
2005-03-16,27.94,0.0,59.31,2.0
2005-03-17,27.48,0.0,60.25,2.59
2005-03-18,27.92,0.17,58.05,1.85
2005-03-19,29.04,0.22,58.62,2.02
2005-03-20,29.79,0.0,56.41,1.65
2005-03-21,30.54,0.0,54.05,2.07
2005-03-22,30.72,0.0,51.91,1.54
2005-03-23,31.4,0.0,49.79,1.9
2005-03-24,32.19,0.36,53.09,2.16
2005-03-25,32.14,0.09,53.81,2.09
2005-03-26,32.07,0.0,50.05,2.2
2005-03-27,32.41,0.0,48.56,2.05
2005-03-28,32.49,0.0,46.98,2.17
2005-03-29,32.95,0.0,46.91,2.07
2005-03-30,32.64,1.15,51.35,2.4
2005-03-31,31.92,0.04,54.67,1.92
2005-04-01,32.02,0.15,54.21,2.46
2005-04-02,31.51,0.21,58.98,2.94
2005-04-03,27.78,20.91,76.11,2.66
2005-04-04,25.74,22.02,88.77,4.07
2005-04-05,26.16,13.75,87.19,2.59
2005-04-06,26.62,16.8,83.36,1.31
2005-04-07,26.1,12.66,85.94,1.76
2005-04-08,26.66,0.54,79.22,2.01
2005-04-09,28.54,0.16,72.36,1.93
2005-04-10,28.6,0.72,74.56,1.32
2005-04-11,28.2,0.96,79.63,1.16
2005-04-12,27.94,0.46,81.41,0.89
2005-04-13,28.05,0.13,77.33,1.67
2005-04-14,28.99,0.02,70.53,1.57
2005-04-15,29.17,0.01,68.83,1.58
2005-04-16,29.52,0.03,65.99,1.59
2005-04-17,29.6,0.01,64.51,1.92
2005-04-18,29.34,0.03,66.2,1.81
2005-04-19,29.57,0.07,68.74,1.94
2005-04-20,27.57,7.64,78.55,1.67
2005-04-21,28.06,0.69,71.25,1.78
2005-04-22,28.52,0.02,70.24,1.5
2005-04-23,29.25,0.01,67.78,1.85
2005-04-24,29.51,0.02,66.15,1.6
2005-04-25,29.21,0.45,69.96,1.13
2005-04-26,29.59,1.63,68.05,1.37
2005-04-27,30.24,0.12,64.46,1.38
2005-04-28,31.36,0.01,63.03,1.47
2005-04-29,31.8,0.0,61.45,1.53
2005-04-30,29.75,17.53,75.28,1.86
2005-05-01,29.22,11.04,76.56,1.18
2005-05-02,28.32,1.3,79.11,1.36
2005-05-03,29.58,2.09,72.3,1.64
2005-05-04,28.39,7.9,77.19,1.26
2005-05-05,29.31,1.12,71.71,1.44
2005-05-06,30.44,1.35,65.22,2.04
2005-05-07,30.88,0.74,62.86,2.05
2005-05-08,30.25,0.0,63.71,2.44
2005-05-09,31.23,0.03,60.98,2.02
2005-05-10,30.96,0.01,59.17,3.54
2005-05-11,30.29,0.02,64.93,2.76
2005-05-12,31.32,0.44,62.02,2.67
2005-05-13,31.61,0.07,61.44,2.54
2005-05-14,30.51,0.07,66.06,2.7
2005-05-15,30.19,1.81,67.32,2.57
2005-05-16,29.55,0.03,65.25,2.32
2005-05-17,31.32,0.0,58.06,2.03
2005-05-18,32.13,0.0,56.62,2.22
2005-05-19,32.13,0.0,57.93,2.01
2005-05-20,31.99,0.0,61.39,2.28
2005-05-21,32.28,0.21,59.79,2.02
2005-05-22,32.39,0.31,58.21,2.18
2005-05-23,31.59,0.94,62.64,1.56
2005-05-24,31.31,0.12,61.59,1.87
2005-05-25,31.54,0.26,60.05,2.06
2005-05-26,30.28,13.16,67.29,1.93
2005-05-27,28.81,3.26,75.32,1.71
2005-05-28,28.17,2.81,72.07,2.53
2005-05-29,29.44,0.79,66.41,2.25
2005-05-30,29.03,0.03,68.31,2.47
2005-05-31,29.65,1.96,67.55,2.14
2005-06-01,29.99,0.3,66.61,2.87
2005-06-02,30.81,0.32,62.52,3.03
2005-06-03,29.95,0.02,68.12,1.76
2005-06-04,29.85,0.56,69.32,2.12
2005-06-05,29.57,0.49,69.91,2.33
2005-06-06,29.39,0.04,69.02,1.85
2005-06-07,29.88,0.02,66.85,2.06
2005-06-08,30.59,0.11,64.76,2.85
2005-06-09,27.99,0.71,71.99,3.95
2005-06-10,28.35,0.42,63.45,3.74
2005-06-11,29.78,0.03,62.03,3.63
2005-06-12,31.56,0.04,55.35,3.77
2005-06-13,31.4,0.21,55.73,3.72
2005-06-14,30.09,0.0,58.77,4.05
2005-06-15,31.06,0.02,55.38,3.4
2005-06-16,31.1,0.16,58.23,4.23
2005-06-17,29.84,0.06,61.38,5.25
2005-06-18,29.66,0.09,58.26,5.21
2005-06-19,29.86,0.09,60.37,4.53
2005-06-20,28.91,0.75,64.53,4.43
2005-06-21,28.76,0.15,64.96,4.43
2005-06-22,29.84,0.12,56.04,5.27
2005-06-23,30.22,0.0,53.17,4.61
2005-06-24,30.82,0.11,56.12,4.43
2005-06-25,30.84,0.15,57.26,4.11
2005-06-26,30.49,0.03,57.82,4.61
2005-06-27,29.81,0.01,59.79,4.35
2005-06-28,29.95,0.02,58.05,4.81
2005-06-29,30.06,0.02,55.8,4.47
2005-06-30,30.48,0.58,56.53,3.92
2005-07-01,29.73,0.27,61.59,4.0
2005-07-02,30.16,0.24,57.94,3.87
2005-07-03,29.74,0.04,60.97,4.32
2005-07-04,29.25,0.32,63.04,4.29
2005-07-05,29.36,0.08,62.86,4.81
2005-07-06,29.74,0.1,57.82,5.42
2005-07-07,30.3,0.02,53.61,4.9
2005-07-08,30.45,0.19,58.11,4.4
2005-07-09,30.06,0.03,57.5,5.56
2005-07-10,29.57,0.84,54.41,4.91
2005-07-11,30.28,0.16,52.87,4.4
2005-07-12,30.05,0.07,57.75,3.29
2005-07-13,28.59,2.09,66.41,3.09
2005-07-14,28.19,13.07,71.41,2.99
2005-07-15,27.49,4.05,75.59,1.86
2005-07-16,27.62,1.14,75.71,1.3
2005-07-17,28.32,1.02,70.55,2.35
2005-07-18,29.32,0.02,65.17,2.63
2005-07-19,28.81,0.03,68.85,3.41
2005-07-20,28.97,0.27,67.06,3.48
2005-07-21,28.33,0.0,66.9,4.16
2005-07-22,28.83,0.14,63.63,4.25
2005-07-23,28.38,1.45,67.55,4.12
2005-07-24,28.67,0.5,64.35,5.26
2005-07-25,28.21,0.3,63.18,6.25
2005-07-26,29.3,0.17,59.34,6.22
2005-07-27,29.84,0.27,59.31,5.54
2005-07-28,29.07,0.29,60.49,5.16
2005-07-29,28.52,0.25,61.03,5.63
2005-07-30,29.19,0.36,59.7,6.11
2005-07-31,30.05,0.33,58.7,6.6
2005-08-01,29.03,0.49,60.82,6.74
2005-08-02,29.09,0.2,58.0,6.78
2005-08-03,29.62,0.02,53.75,5.6
2005-08-04,29.17,0.04,59.21,4.75
2005-08-05,30.33,0.02,54.17,5.0
2005-08-06,31.26,0.01,49.85,4.95
2005-08-07,31.37,0.0,50.43,4.83
2005-08-08,30.4,0.01,53.64,4.93
2005-08-09,30.87,0.03,53.8,4.57
2005-08-10,30.26,1.17,57.2,4.9
2005-08-11,30.0,1.58,58.75,4.74
2005-08-12,30.67,0.67,55.95,4.81
2005-08-13,31.14,0.12,53.18,4.73
2005-08-14,30.9,0.58,54.65,4.84
2005-08-15,30.58,0.69,55.31,4.68
2005-08-16,29.59,0.16,54.92,5.22
2005-08-17,31.33,0.02,49.32,4.65
2005-08-18,30.87,0.0,48.64,4.18
2005-08-19,30.37,0.22,53.43,4.17
2005-08-20,31.07,0.0,50.88,3.58
2005-08-21,31.99,0.22,47.42,2.73
2005-08-22,30.69,0.3,53.35,2.16
2005-08-23,30.07,5.14,58.44,1.87
2005-08-24,29.3,3.59,63.92,1.9
2005-08-25,28.75,16.5,68.09,2.01
2005-08-26,28.35,9.65,71.07,1.75
2005-08-27,26.79,3.67,79.38,1.14
2005-08-28,29.2,1.21,68.67,1.76
2005-08-29,29.71,0.35,66.52,1.47
2005-08-30,30.9,0.04,60.16,1.6
2005-08-31,29.74,6.6,66.21,2.67
2005-09-01,28.81,1.5,71.8,1.49
2005-09-02,27.68,22.07,79.86,1.89
2005-09-03,27.45,7.94,81.1,2.0
2005-09-04,27.25,6.61,82.0,2.01
2005-09-05,27.24,0.8,76.89,3.16
2005-09-06,27.1,1.61,76.46,2.94
2005-09-07,26.99,4.02,76.0,2.96
2005-09-08,27.84,0.53,73.85,2.75
2005-09-09,28.56,0.19,68.97,4.1
2005-09-10,27.71,2.29,70.58,4.12
2005-09-11,27.67,0.7,68.51,3.78
2005-09-12,27.47,0.09,71.37,4.01
2005-09-13,27.61,0.08,70.64,3.72
2005-09-14,28.57,0.04,67.32,2.92
2005-09-15,27.21,21.31,73.33,2.48
2005-09-16,27.47,0.34,74.58,2.31
2005-09-17,29.13,0.01,65.05,2.73
2005-09-18,29.3,0.0,61.6,3.84
2005-09-19,28.38,0.05,62.05,5.08
2005-09-20,27.54,0.34,67.89,4.76
2005-09-21,29.02,0.05,64.41,3.62
2005-09-22,29.69,0.23,63.01,2.69
2005-09-23,29.45,0.0,62.66,2.47
2005-09-24,29.57,0.67,62.39,2.14
2005-09-25,29.53,2.32,64.27,2.06
2005-09-26,28.94,0.04,66.34,1.84
2005-09-27,29.05,0.0,64.83,1.7
2005-09-28,27.28,12.36,76.15,1.85
2005-09-29,28.07,1.76,72.62,1.87
2005-09-30,28.39,1.42,70.39,1.95
2005-10-01,27.85,0.3,69.63,2.0
2005-10-02,27.15,4.57,74.84,1.12
2005-10-03,27.94,3.03,72.74,1.58
2005-10-04,27.87,22.35,75.67,0.76
2005-10-05,28.13,1.92,72.86,1.01
2005-10-06,28.33,0.16,73.29,1.27
2005-10-07,28.03,2.54,75.28,1.45
2005-10-08,27.72,30.88,78.15,0.8
2005-10-09,27.33,10.03,79.64,1.16
2005-10-10,25.65,11.21,85.06,1.5
2005-10-11,25.68,15.12,84.22,1.09
2005-10-12,25.33,7.68,85.04,1.15
2005-10-13,25.72,6.71,85.68,2.52
2005-10-14,26.56,0.65,80.46,2.28
2005-10-15,27.0,0.55,80.83,1.1
2005-10-16,26.94,0.99,81.66,0.72
2005-10-17,26.86,4.5,81.95,0.51
2005-10-18,25.81,9.35,86.87,0.77
2005-10-19,25.29,4.56,87.53,1.62
2005-10-20,26.8,0.8,78.77,1.58
2005-10-21,26.35,58.54,85.78,1.48
2005-10-22,26.15,27.7,89.7,0.87
2005-10-23,25.89,9.34,88.6,1.6
2005-10-24,25.26,40.96,87.59,0.96
2005-10-25,24.43,28.93,93.47,1.5
2005-10-26,24.83,4.97,86.33,1.92
2005-10-27,25.26,4.09,86.59,2.51
2005-10-28,26.09,0.48,84.49,2.68
2005-10-29,26.66,0.75,83.97,2.39
2005-10-30,26.44,8.56,85.65,2.18
2005-10-31,26.42,0.89,87.82,1.4
2005-11-01,26.02,9.29,87.78,1.27
2005-11-02,25.2,8.49,89.97,1.39
2005-11-03,24.25,4.69,89.33,1.55
2005-11-04,24.3,21.61,91.86,1.92
2005-11-05,24.19,21.9,90.8,2.55
2005-11-06,24.64,29.88,93.19,2.67
2005-11-07,24.0,31.94,92.56,3.8
2005-11-08,24.05,21.71,91.71,3.47
2005-11-09,23.83,4.36,94.31,3.71
2005-11-10,23.66,0.84,93.22,2.16
2005-11-11,24.01,6.01,94.98,1.74
2005-11-12,23.66,8.0,93.58,2.59
2005-11-13,21.78,1.38,87.53,1.5
2005-11-14,22.53,0.64,84.25,1.92
2005-11-15,22.71,0.01,87.29,1.82
2005-11-16,21.22,0.0,81.57,2.07
2005-11-17,20.94,0.0,82.08,1.73
2005-11-18,21.38,0.05,82.32,1.86
2005-11-19,22.38,0.86,85.55,1.99
2005-11-20,22.76,0.58,87.97,2.37
2005-11-21,22.59,20.82,92.55,3.42
2005-11-22,24.52,30.78,95.64,4.0
2005-11-23,24.38,91.02,95.04,4.42
2005-11-24,23.01,44.01,94.7,3.26
2005-11-25,23.8,12.62,92.33,2.1
2005-11-26,23.67,2.02,91.02,2.28
2005-11-27,23.96,1.8,90.82,2.61
2005-11-28,22.6,0.03,87.43,2.56
2005-11-29,20.84,0.17,86.84,2.05
2005-11-30,22.48,0.11,81.04,1.62
2005-12-01,23.41,0.03,83.86,1.17
2005-12-02,24.05,2.86,87.24,1.4
2005-12-03,23.94,19.93,92.2,1.63
2005-12-04,24.48,11.31,93.85,1.77
2005-12-05,24.23,2.94,91.05,2.46
2005-12-06,23.44,0.04,88.82,2.41
2005-12-07,22.69,0.0,88.75,2.23
2005-12-08,20.57,0.0,84.39,1.95
2005-12-09,22.35,14.88,84.57,2.81
2005-12-10,22.38,15.41,90.92,4.0
2005-12-11,23.62,11.06,94.44,2.81
2005-12-12,23.69,4.77,93.8,2.34
2005-12-13,24.05,6.95,93.81,2.85
2005-12-14,23.73,0.81,89.95,2.65
2005-12-15,22.7,0.13,88.75,2.66
2005-12-16,21.61,0.01,86.68,2.7
2005-12-17,22.19,2.08,90.03,3.02
2005-12-18,23.57,2.91,90.57,2.84
2005-12-19,23.75,0.18,88.17,2.38
2005-12-20,24.17,0.19,88.43,2.02
2005-12-21,24.69,0.06,87.63,2.08
2005-12-22,24.95,1.12,83.79,1.35
2005-12-23,24.33,2.43,86.7,1.05
2005-12-24,24.01,0.0,87.42,1.28
2005-12-25,23.42,0.0,88.22,1.98
2005-12-26,21.95,0.0,86.25,2.14
2005-12-27,21.21,0.0,83.77,1.92
2005-12-28,21.79,0.21,89.63,2.19
2005-12-29,21.5,0.04,85.21,1.95
2005-12-30,20.93,0.0,83.89,1.87
2005-12-31,21.49,0.0,84.07,2.56
2006-01-01,21.31,0.0,82.46,2.65
2006-01-02,21.24,0.0,85.58,2.26
2006-01-03,21.5,0.0,87.8,2.15
2006-01-04,22.46,0.41,86.39,2.23
2006-01-05,23.23,2.84,90.38,2.81
2006-01-06,22.93,0.0,86.21,2.62
2006-01-07,23.84,0.72,89.63,2.62
2006-01-08,23.42,10.9,93.73,2.28
2006-01-09,24.15,1.04,90.29,2.48
2006-01-10,23.46,0.02,87.06,2.77
2006-01-11,22.0,0.03,86.2,2.4
2006-01-12,22.61,0.04,87.35,2.74
2006-01-13,22.51,0.33,87.06,2.55
2006-01-14,23.01,0.2,89.25,2.25
2006-01-15,23.98,0.02,87.49,2.23
2006-01-16,24.11,0.22,86.8,2.23
2006-01-17,23.61,0.0,85.99,1.75
2006-01-18,21.92,0.0,82.14,1.67
2006-01-19,20.63,0.0,81.36,1.3
2006-01-20,20.4,0.0,81.26,1.35
2006-01-21,20.67,0.0,81.19,1.3
2006-01-22,21.45,0.0,75.68,1.2
2006-01-23,21.59,0.0,70.43,0.95
2006-01-24,21.88,0.0,71.4,1.0
2006-01-25,21.87,0.0,83.64,1.49
2006-01-26,21.35,0.02,80.61,2.05
2006-01-27,22.69,0.36,83.62,3.03
2006-01-28,21.97,0.0,81.01,2.81
2006-01-29,20.64,0.0,78.14,2.28
2006-01-30,20.8,0.0,78.75,1.93
2006-01-31,21.26,0.0,79.63,2.28
2006-02-01,21.8,0.0,79.69,2.5
2006-02-02,22.65,0.01,80.14,2.42
2006-02-03,23.26,0.02,81.37,2.77
2006-02-04,24.29,0.05,82.58,3.1
2006-02-05,24.06,0.0,79.63,2.41
2006-02-06,22.03,0.0,75.61,2.27
2006-02-07,21.25,0.0,75.0,2.09
2006-02-08,21.57,0.0,74.36,2.29
2006-02-09,22.83,0.01,78.9,2.31
2006-02-10,22.95,0.01,72.13,2.44
2006-02-11,23.24,0.0,77.08,2.46
2006-02-12,23.15,0.0,74.14,2.51
2006-02-13,22.33,0.0,73.21,2.13
2006-02-14,22.27,0.0,67.68,1.56
2006-02-15,23.54,0.0,71.94,1.54
2006-02-16,24.16,0.0,69.98,1.3
2006-02-17,24.8,0.0,70.48,1.23
2006-02-18,24.49,0.0,71.82,1.78
2006-02-19,24.76,0.0,69.54,1.59
2006-02-20,24.25,0.0,69.23,1.95
2006-02-21,24.03,0.0,69.56,1.8
2006-02-22,24.04,0.0,67.13,1.76
2006-02-23,23.65,0.0,67.11,2.03
2006-02-24,24.4,0.0,66.84,1.96
2006-02-25,25.43,0.0,65.71,1.21
2006-02-26,25.78,0.0,64.72,1.8
2006-02-27,26.98,0.0,67.83,1.64
2006-02-28,27.96,0.0,70.43,1.68
2006-03-01,28.3,0.0,67.46,1.54
2006-03-02,27.95,0.25,72.96,2.12
2006-03-03,26.43,12.45,82.12,1.65
2006-03-04,27.15,2.88,74.59,1.85
2006-03-05,28.16,1.29,70.11,1.92
2006-03-06,27.54,4.8,72.87,1.67
2006-03-07,27.06,0.1,69.8,1.53
2006-03-08,27.49,0.0,67.4,2.17
2006-03-09,26.34,2.23,77.33,1.62
2006-03-10,27.19,1.16,74.53,1.59
2006-03-11,27.55,12.91,76.42,1.21
2006-03-12,26.88,3.45,77.93,1.7
2006-03-13,27.85,0.0,70.37,1.32
2006-03-14,27.72,0.0,70.34,1.38
2006-03-15,28.31,0.03,66.32,1.65
2006-03-16,27.49,0.0,70.33,1.16
2006-03-17,28.52,0.0,65.37,1.67
2006-03-18,28.9,0.0,61.69,2.07
2006-03-19,28.0,0.0,67.12,2.74
2006-03-20,28.0,0.0,64.7,2.62
2006-03-21,27.42,0.0,62.1,2.45
2006-03-22,27.54,0.0,57.09,1.53
2006-03-23,28.52,0.0,55.46,2.05
2006-03-24,29.26,0.15,57.45,1.67
2006-03-25,29.8,0.0,58.79,1.75
2006-03-26,29.99,0.06,55.08,1.5
2006-03-27,30.14,0.0,52.28,1.92
2006-03-28,29.6,0.0,59.89,1.95
2006-03-29,29.74,0.0,61.79,1.83
2006-03-30,30.26,0.03,60.16,2.06
2006-03-31,30.05,0.0,56.76,2.04
2006-04-01,29.85,0.0,56.04,1.86
2006-04-02,29.89,0.0,54.47,1.79
2006-04-03,30.15,0.03,53.48,1.78
2006-04-04,30.6,0.0,53.48,1.85
2006-04-05,30.9,0.0,55.03,2.24
2006-04-06,31.86,0.0,50.63,1.99
2006-04-07,32.43,0.0,47.96,1.83
2006-04-08,32.34,0.0,48.8,1.74
2006-04-09,31.89,0.01,52.21,2.41
2006-04-10,31.83,0.02,51.29,2.32
2006-04-11,32.27,0.01,50.53,2.08
2006-04-12,32.75,0.02,52.07,2.19
2006-04-13,32.46,0.1,53.21,2.56
2006-04-14,29.95,0.14,63.06,2.61
2006-04-15,29.79,1.38,59.84,1.68
2006-04-16,28.63,0.34,66.12,2.37
2006-04-17,28.99,17.11,67.25,1.54
2006-04-18,28.47,6.61,74.65,1.94
2006-04-19,29.91,0.3,64.32,1.7
2006-04-20,29.58,0.19,63.75,1.66
2006-04-21,30.16,0.02,57.55,1.87
2006-04-22,29.7,0.0,54.28,1.53
2006-04-23,30.34,0.0,53.11,1.81
2006-04-24,30.91,0.0,51.62,1.91
2006-04-25,31.86,0.17,50.68,1.62
2006-04-26,33.04,0.08,50.15,1.77
2006-04-27,33.99,0.0,48.78,2.04
2006-04-28,34.55,0.0,45.61,2.9
2006-04-29,33.4,0.0,47.52,3.37
2006-04-30,35.01,0.0,43.12,2.61
2006-05-01,34.37,0.0,44.37,2.89
2006-05-02,33.53,0.36,49.92,2.49
2006-05-03,31.2,1.24,61.55,2.0
2006-05-04,29.16,0.61,68.5,1.57
2006-05-05,29.06,0.05,69.61,2.5
2006-05-06,30.74,0.01,60.84,2.08
2006-05-07,31.12,0.03,58.89,2.21
2006-05-08,30.81,0.09,59.45,2.4
2006-05-09,30.7,0.72,60.42,2.46
2006-05-10,30.53,0.82,61.35,2.25
2006-05-11,32.53,0.67,54.28,2.49
2006-05-12,32.8,1.3,51.41,2.18
2006-05-13,31.45,0.32,56.43,1.66
2006-05-14,32.29,0.09,51.11,1.73
2006-05-15,32.64,1.44,50.83,2.22
2006-05-16,30.29,18.6,68.23,1.96
2006-05-17,29.77,1.82,68.08,2.3
2006-05-18,27.03,30.11,79.31,3.01
2006-05-19,28.14,3.95,74.48,3.19
2006-05-20,29.6,0.0,62.55,2.15
2006-05-21,30.06,1.43,62.1,2.66
2006-05-22,30.68,0.71,61.82,3.74
2006-05-23,30.94,0.16,60.04,3.98
2006-05-24,30.7,0.07,59.59,3.96
2006-05-25,29.14,0.8,66.53,3.97
2006-05-26,28.63,4.11,67.67,4.53
2006-05-27,27.48,0.7,68.25,4.41
2006-05-28,28.03,4.38,69.14,4.05
2006-05-29,28.44,0.72,69.15,4.75
2006-05-30,28.5,2.6,67.77,4.46
2006-05-31,28.6,1.39,65.78,4.58
2006-06-01,29.22,0.09,64.33,3.93
2006-06-02,29.09,2.45,65.96,3.27
2006-06-03,29.63,1.4,64.12,3.73
2006-06-04,28.63,0.13,62.78,3.65
2006-06-05,29.12,0.03,60.25,3.71
2006-06-06,28.92,0.44,64.02,3.33
2006-06-07,28.47,0.12,63.15,3.28
2006-06-08,29.62,0.0,59.47,3.07
2006-06-09,30.05,0.3,59.19,3.3
2006-06-10,29.89,0.0,57.8,2.86
2006-06-11,29.45,0.0,58.99,2.93
2006-06-12,30.42,0.01,55.11,2.92
2006-06-13,31.13,1.32,56.6,2.24
2006-06-14,29.12,0.66,65.19,2.03
2006-06-15,29.9,0.4,64.6,1.93
2006-06-16,28.04,4.27,72.7,2.39
2006-06-17,29.95,0.89,62.08,2.18
2006-06-18,29.46,0.46,65.79,1.75
2006-06-19,28.76,2.54,72.19,1.93
2006-06-20,27.47,0.83,72.81,2.43
2006-06-21,28.34,0.16,70.15,2.24
2006-06-22,28.38,1.25,70.95,2.03
2006-06-23,28.76,1.89,69.65,4.12
2006-06-24,29.38,0.4,64.98,4.37
2006-06-25,29.4,1.31,60.72,5.5
2006-06-26,29.4,0.12,62.44,3.96
2006-06-27,30.05,0.06,62.62,3.93
2006-06-28,29.32,0.06,63.03,4.78
2006-06-29,29.16,3.0,63.4,4.7
2006-06-30,28.73,0.19,65.49,4.52
2006-07-01,29.46,0.01,61.63,5.76
2006-07-02,29.0,0.03,61.38,6.05
2006-07-03,29.78,0.09,57.84,6.29
2006-07-04,29.1,0.22,59.03,6.31
2006-07-05,29.93,0.06,57.59,5.48
2006-07-06,30.42,0.03,55.36,5.01
2006-07-07,30.35,0.08,56.37,4.77
2006-07-08,31.67,0.02,54.39,5.02
2006-07-09,31.17,0.09,54.49,5.09
2006-07-10,30.25,0.24,56.27,4.85
2006-07-11,30.62,0.09,55.25,5.43
2006-07-12,28.85,0.53,61.04,4.83
2006-07-13,29.0,0.25,59.54,5.67
2006-07-14,28.87,0.6,62.01,4.93
2006-07-15,30.07,0.8,59.81,5.12
2006-07-16,30.57,0.04,56.73,5.43
2006-07-17,29.7,0.29,57.49,5.72
2006-07-18,29.88,2.86,57.91,5.43
2006-07-19,30.19,0.38,57.71,4.61
2006-07-20,30.4,0.15,56.18,4.78
2006-07-21,30.82,0.01,53.66,4.72
2006-07-22,30.45,0.0,52.83,4.57
2006-07-23,30.7,0.22,51.51,3.94
2006-07-24,31.59,0.01,49.49,2.93
2006-07-25,31.09,0.02,50.81,2.28
2006-07-26,28.8,0.31,61.77,2.58
2006-07-27,29.2,0.26,57.73,4.32
2006-07-28,29.31,0.2,51.38,5.68
2006-07-29,30.3,0.11,51.42,4.9
2006-07-30,30.74,0.02,53.6,4.7
2006-07-31,29.58,0.02,56.91,4.72
2006-08-01,30.19,0.01,54.67,4.28
2006-08-02,31.1,0.01,50.71,5.11
2006-08-03,29.91,0.04,55.21,5.56
2006-08-04,29.59,0.02,56.97,5.06
2006-08-05,30.08,0.0,53.61,4.45
2006-08-06,31.53,0.04,49.31,3.83
2006-08-07,31.81,0.39,48.97,3.46
2006-08-08,31.46,0.03,49.44,3.98
2006-08-09,30.44,0.24,54.38,4.58
2006-08-10,29.09,0.29,57.81,5.16
2006-08-11,29.31,0.24,60.18,5.16
2006-08-12,29.71,0.41,57.82,5.52
2006-08-13,29.83,0.57,56.77,5.75
2006-08-14,29.67,0.21,58.07,5.46
2006-08-15,30.27,0.44,57.06,5.55
2006-08-16,29.05,0.1,58.74,6.53
2006-08-17,30.43,0.12,53.73,5.86
2006-08-18,29.36,11.28,61.0,4.34
2006-08-19,29.47,0.41,63.38,2.64
2006-08-20,28.54,39.92,71.37,2.21
2006-08-21,26.55,25.44,84.26,1.82
2006-08-22,26.55,4.08,81.98,1.89
2006-08-23,26.84,5.53,77.1,1.55
2006-08-24,26.95,23.93,78.57,1.59
2006-08-25,26.81,11.05,81.82,1.83
2006-08-26,27.15,0.21,72.05,2.92
2006-08-27,26.35,0.0,70.34,3.5
2006-08-28,28.0,0.06,66.67,3.74
2006-08-29,28.77,0.16,64.2,3.69
2006-08-30,28.84,0.01,65.04,3.07
2006-08-31,29.16,1.24,65.28,2.4
2006-09-01,28.0,22.94,74.34,1.96
2006-09-02,26.8,13.93,82.23,1.37
2006-09-03,27.05,1.86,81.11,1.51
2006-09-04,26.68,2.19,81.67,1.95
2006-09-05,26.35,0.0,79.55,2.11
2006-09-06,26.96,1.74,79.34,1.39
2006-09-07,26.6,8.49,84.2,1.47
2006-09-08,26.58,4.0,83.11,1.95
2006-09-09,25.88,2.08,83.6,2.26
2006-09-10,26.7,0.29,79.52,2.43
2006-09-11,26.69,1.36,80.36,2.12
2006-09-12,27.46,0.47,74.77,2.72
2006-09-13,27.42,1.14,73.5,3.33
2006-09-14,25.62,0.3,77.93,3.07
2006-09-15,26.09,1.31,78.78,2.95
2006-09-16,26.32,1.47,79.85,3.33
2006-09-17,26.47,0.43,78.31,3.3
2006-09-18,27.06,0.26,75.08,3.43
2006-09-19,27.82,0.11,70.46,3.57
2006-09-20,27.73,0.13,73.06,3.21
2006-09-21,27.57,0.51,72.7,2.97
2006-09-22,27.67,0.13,70.37,2.74
2006-09-23,28.13,0.29,71.45,2.71
2006-09-24,26.84,2.43,79.07,2.33
2006-09-25,25.47,1.78,78.23,2.88
2006-09-26,27.37,0.18,69.6,3.38
2006-09-27,27.39,3.15,67.74,1.75
2006-09-28,28.47,2.62,68.57,2.69
2006-09-29,27.77,4.8,70.46,3.16
2006-09-30,28.76,0.36,66.45,3.0
2006-10-01,28.57,0.77,67.86,3.24
2006-10-02,28.97,1.29,65.53,2.68
2006-10-03,29.35,0.01,64.34,2.24
2006-10-04,29.09,6.04,67.67,2.56
2006-10-05,28.89,0.28,66.78,2.85
2006-10-06,28.76,1.15,68.39,3.0
2006-10-07,27.14,11.22,80.4,2.49
2006-10-08,26.67,6.25,80.97,3.24
2006-10-09,26.9,1.14,74.39,2.6
2006-10-10,27.24,0.52,74.45,1.9
2006-10-11,28.54,1.95,72.19,1.17
2006-10-12,28.18,1.99,69.85,1.59
2006-10-13,28.2,0.35,69.41,1.52
2006-10-14,28.11,0.76,69.81,1.47
2006-10-15,27.07,7.19,78.86,1.42
2006-10-16,26.54,5.8,82.21,1.84
2006-10-17,26.09,9.26,84.29,1.7
2006-10-18,26.81,3.42,80.66,2.21
2006-10-19,26.18,16.07,84.8,1.73
2006-10-20,25.82,13.08,84.07,1.73
2006-10-21,26.02,4.79,79.62,1.91
2006-10-22,26.21,2.47,79.79,2.46
2006-10-23,25.02,17.57,88.34,2.13
2006-10-24,24.86,7.42,90.69,2.32
2006-10-25,25.62,9.25,85.28,2.72
2006-10-26,25.34,11.59,87.73,2.6
2006-10-27,24.62,16.99,91.81,2.26
2006-10-28,25.37,20.39,84.54,0.83
2006-10-29,25.49,4.69,88.3,1.91
2006-10-30,25.86,1.82,86.91,1.79
2006-10-31,25.36,1.37,88.67,1.89
2006-11-01,25.35,7.12,86.57,1.47
2006-11-02,24.86,10.19,90.0,1.97
2006-11-03,24.44,11.89,90.58,2.16
2006-11-04,23.83,5.27,90.45,0.99
2006-11-05,25.16,0.72,87.32,1.8
2006-11-06,25.01,6.71,89.51,1.48
2006-11-07,24.08,3.5,90.26,2.04
2006-11-08,24.15,1.79,90.01,1.66
2006-11-09,24.38,6.45,90.37,1.27
2006-11-10,24.75,3.83,89.3,2.15
2006-11-11,24.88,1.68,88.4,2.17
2006-11-12,24.95,2.17,89.19,2.17
2006-11-13,24.62,1.85,89.23,1.84
2006-11-14,24.58,1.82,89.58,2.24
2006-11-15,24.47,6.67,90.33,2.34
2006-11-16,24.76,1.81,88.2,2.37
2006-11-17,24.81,26.14,90.64,2.34
2006-11-18,24.83,10.17,91.16,1.88
2006-11-19,25.28,0.51,89.18,1.94
2006-11-20,25.46,4.67,88.02,2.35
2006-11-21,24.43,3.44,88.65,2.71
2006-11-22,23.88,0.34,86.8,2.09
2006-11-23,24.17,8.73,83.38,1.83
2006-11-24,23.81,0.44,84.7,1.92
2006-11-25,24.49,0.14,87.69,1.93
2006-11-26,25.17,9.46,88.77,1.95
2006-11-27,24.86,11.0,91.76,2.01
2006-11-28,24.91,0.55,86.27,2.23
2006-11-29,24.31,0.03,86.52,2.46
2006-11-30,24.18,0.03,85.64,2.73
2006-12-01,23.06,0.0,83.55,2.62
2006-12-02,23.02,0.17,83.21,2.47
2006-12-03,23.51,0.38,84.45,2.87
2006-12-04,23.42,0.06,84.82,2.79
2006-12-05,23.43,0.0,82.63,3.11
2006-12-06,21.9,0.0,82.83,2.52
2006-12-07,22.03,0.0,81.44,2.67
2006-12-08,22.53,0.0,81.01,2.53
2006-12-09,22.68,2.75,80.58,2.3
2006-12-10,23.76,7.74,87.51,2.87
2006-12-11,24.77,12.33,89.42,2.16
2006-12-12,24.95,2.14,87.16,2.23
2006-12-13,24.18,0.0,85.03,2.74
2006-12-14,23.47,0.0,81.73,3.14
2006-12-15,22.88,0.0,81.38,2.92
2006-12-16,22.41,0.0,79.38,3.25
2006-12-17,22.75,0.0,77.62,3.08
2006-12-18,22.86,0.0,78.76,2.87
2006-12-19,22.95,0.03,79.77,3.02
2006-12-20,23.03,0.11,80.72,3.05
2006-12-21,22.97,0.48,79.81,3.31
2006-12-22,23.41,0.03,80.39,3.37
2006-12-23,23.25,0.33,81.2,3.23
2006-12-24,23.28,0.04,80.45,3.06
2006-12-25,23.1,0.01,78.14,2.98
2006-12-26,22.83,0.01,77.39,2.75
2006-12-27,23.15,0.0,78.26,2.71
2006-12-28,22.94,0.0,74.13,2.49
2006-12-29,22.29,0.0,74.76,2.41
2006-12-30,21.85,0.0,74.01,2.12
2006-12-31,22.37,0.0,75.66,2.23
2007-01-01,22.81,0.0,73.98,2.02
2007-01-02,22.33,0.0,70.05,2.37
2007-01-03,22.04,0.0,75.34,2.04
2007-01-04,22.33,0.0,73.26,1.85
2007-01-05,22.54,0.0,75.9,2.3
2007-01-06,22.9,0.0,74.99,2.77
2007-01-07,22.92,0.0,74.82,2.82
2007-01-08,23.66,0.02,74.35,3.31
2007-01-09,24.67,0.01,75.17,3.56
2007-01-10,24.64,0.0,76.05,3.3
2007-01-11,24.79,0.0,76.4,3.03
2007-01-12,24.38,0.0,74.21,2.97
2007-01-13,23.15,0.0,70.24,2.66
2007-01-14,23.94,0.0,73.64,2.82
2007-01-15,25.15,0.0,75.59,2.69
2007-01-16,24.77,0.0,71.83,2.26
2007-01-17,23.82,0.0,70.09,2.31
2007-01-18,23.19,0.0,69.27,2.6
2007-01-19,23.28,0.0,70.59,2.35
2007-01-20,23.92,0.0,72.69,2.29
2007-01-21,23.66,0.0,72.47,2.35
2007-01-22,23.84,0.0,68.02,1.94
2007-01-23,24.13,0.0,69.79,2.05
2007-01-24,24.31,0.0,72.21,2.58
2007-01-25,24.57,0.0,71.4,2.99
2007-01-26,25.06,0.0,71.52,3.02
2007-01-27,25.36,3.31,76.55,3.44
2007-01-28,25.68,0.13,72.88,3.19
2007-01-29,25.72,0.01,72.72,3.26
2007-01-30,25.44,0.0,69.69,3.02
2007-01-31,24.67,0.0,68.44,2.73
2007-02-01,24.14,0.0,65.97,2.38
2007-02-02,24.3,0.0,70.81,2.68
2007-02-03,24.81,0.0,67.32,2.54
2007-02-04,24.91,0.0,63.93,2.23
2007-02-05,24.81,0.0,61.02,2.22
2007-02-06,24.36,0.0,63.2,2.26
2007-02-07,24.61,0.0,63.83,2.06
2007-02-08,24.64,0.0,62.82,2.13
2007-02-09,24.25,0.42,69.22,2.75
2007-02-10,25.18,0.83,69.7,3.13
2007-02-11,26.38,0.13,68.62,2.51
2007-02-12,27.48,0.0,65.15,1.68
2007-02-13,28.26,0.01,62.59,1.82
2007-02-14,28.52,0.0,57.08,1.5
2007-02-15,28.45,0.0,52.71,1.46
2007-02-16,28.43,0.01,55.65,1.77
2007-02-17,27.82,2.77,63.87,2.02
2007-02-18,27.11,2.57,69.49,2.71
2007-02-19,26.62,0.04,66.37,3.27
2007-02-20,26.17,0.0,61.64,3.51
2007-02-21,25.39,0.0,59.42,3.07
2007-02-22,24.9,0.0,60.61,2.99
2007-02-23,25.22,0.0,60.86,2.66
2007-02-24,25.86,0.04,62.58,2.6
2007-02-25,27.33,0.23,60.64,2.34
2007-02-26,28.29,0.01,59.45,2.41
2007-02-27,29.11,0.03,59.06,2.15
2007-02-28,28.56,0.0,57.94,2.67
2007-03-01,29.03,0.0,57.38,1.38
2007-03-02,29.41,0.0,57.41,2.08
2007-03-03,29.62,0.0,55.22,2.27
2007-03-04,28.84,0.0,58.69,2.72
2007-03-05,28.44,0.0,56.35,2.31
2007-03-06,28.15,0.0,56.56,2.42
2007-03-07,28.41,0.0,55.92,2.04
2007-03-08,28.57,0.08,55.93,2.26
2007-03-09,28.56,0.0,58.62,2.58
2007-03-10,28.7,0.0,59.13,2.55
2007-03-11,28.44,0.0,57.99,2.61
2007-03-12,28.01,0.0,58.76,2.57
2007-03-13,28.86,0.04,60.39,2.36
2007-03-14,29.17,0.0,58.68,2.63
2007-03-15,29.43,0.0,58.06,2.39
2007-03-16,29.86,0.0,57.48,2.6
2007-03-17,30.38,0.0,55.11,2.86
2007-03-18,29.76,0.0,51.59,2.07
2007-03-19,29.79,0.0,48.96,1.86
2007-03-20,29.87,0.0,45.27,1.96
2007-03-21,30.02,0.0,47.67,2.11
2007-03-22,30.16,0.0,50.43,2.29
2007-03-23,29.47,0.0,50.98,2.2
2007-03-24,30.76,0.0,46.19,1.97
2007-03-25,31.48,0.0,43.19,2.07
2007-03-26,31.77,0.0,45.48,2.08
2007-03-27,31.44,0.0,49.79,2.27
2007-03-28,30.99,0.0,49.48,2.11
2007-03-29,30.09,0.0,49.26,2.36
2007-03-30,29.72,0.0,52.02,2.69
2007-03-31,30.17,0.05,57.15,2.58
2007-04-01,31.12,0.19,56.92,2.43
2007-04-02,32.11,0.0,49.27,1.8
2007-04-03,31.62,0.0,47.94,2.23
2007-04-04,31.06,0.0,53.57,2.53
2007-04-05,30.65,0.01,58.21,2.95
2007-04-06,29.74,0.02,59.85,2.69
2007-04-07,30.69,0.07,58.37,2.73
2007-04-08,31.26,0.02,55.69,2.44
2007-04-09,29.95,0.84,60.7,2.52
2007-04-10,29.71,0.31,63.03,2.26
2007-04-11,29.76,0.21,62.39,1.99
2007-04-12,31.23,2.0,55.16,1.91
2007-04-13,31.53,0.5,53.72,1.89
2007-04-14,31.06,0.81,56.94,2.54
2007-04-15,30.36,0.46,58.4,2.6
2007-04-16,31.01,0.06,54.48,2.9
2007-04-17,32.24,3.23,51.27,1.3
2007-04-18,30.16,10.05,65.19,1.5
2007-04-19,30.33,2.24,65.15,1.84
2007-04-20,30.55,0.42,63.28,1.98
2007-04-21,30.37,3.96,65.75,1.53
2007-04-22,29.09,0.45,69.14,1.31
2007-04-23,30.28,8.25,66.09,1.22
2007-04-24,29.32,2.55,69.22,1.58
2007-04-25,30.73,0.0,56.88,2.07
2007-04-26,30.34,0.01,63.22,1.94
2007-04-27,29.5,0.01,69.06,1.8
2007-04-28,31.01,0.0,60.32,1.91
2007-04-29,31.68,0.03,56.57,2.29
2007-04-30,31.64,0.02,54.69,2.0
2007-05-01,32.35,0.28,51.39,2.13
2007-05-02,32.6,3.71,56.63,1.45
2007-05-03,29.7,18.33,73.02,2.33
2007-05-04,29.41,2.87,72.61,2.0
2007-05-05,29.62,0.71,71.95,1.49
2007-05-06,29.95,1.14,69.29,1.87
2007-05-07,30.74,0.11,64.4,1.19
2007-05-08,29.96,0.06,67.77,2.26
2007-05-09,29.03,2.11,70.8,3.07
2007-05-10,30.68,0.07,62.74,4.08
2007-05-11,32.4,0.0,53.63,3.47
2007-05-12,29.94,0.01,55.47,4.45
2007-05-13,31.6,0.0,55.55,2.9
2007-05-14,33.08,0.82,51.82,3.93
2007-05-15,33.28,0.02,51.76,3.52
2007-05-16,32.85,0.0,48.61,3.91
2007-05-17,32.63,0.0,47.91,2.65
2007-05-18,33.76,0.0,43.67,2.97
2007-05-19,33.28,0.0,43.72,2.57
2007-05-20,33.57,0.0,44.42,2.63
2007-05-21,33.45,0.0,44.36,3.18
2007-05-22,32.03,3.19,55.02,2.57
2007-05-23,30.53,1.64,63.7,1.53
2007-05-24,30.39,2.02,65.32,2.22
2007-05-25,27.93,1.22,68.87,2.1
2007-05-26,29.05,4.75,70.31,1.65
2007-05-27,29.22,0.81,69.19,2.27
2007-05-28,28.92,0.05,66.24,3.02
2007-05-29,29.4,0.12,60.58,2.0
2007-05-30,31.21,0.06,54.43,2.71
2007-05-31,32.66,0.0,49.3,2.62
2007-06-01,33.0,0.0,47.4,2.33
2007-06-02,33.44,0.01,47.84,2.65
2007-06-03,32.64,0.39,49.69,3.19
2007-06-04,33.21,0.01,47.97,2.11
2007-06-05,32.0,1.14,52.46,1.81
2007-06-06,31.54,0.41,53.82,1.17
2007-06-07,29.94,2.99,62.41,2.14
2007-06-08,29.14,20.5,69.41,2.4
2007-06-09,29.29,0.96,69.46,2.55
2007-06-10,29.44,0.0,66.5,3.13
2007-06-11,30.15,1.25,64.07,2.76
2007-06-12,29.76,0.03,64.02,3.04
2007-06-13,30.08,0.04,65.26,2.87
2007-06-14,28.97,0.02,68.38,2.43
2007-06-15,28.02,2.99,72.6,2.2
2007-06-16,28.21,0.14,70.05,3.56
2007-06-17,29.59,0.05,62.97,2.98
2007-06-18,29.21,0.63,64.49,3.71
2007-06-19,28.09,0.15,68.09,3.66
2007-06-20,27.87,1.64,65.72,4.76
2007-06-21,28.38,1.05,60.57,4.59
2007-06-22,27.9,2.19,70.16,5.57
2007-06-23,28.48,0.97,66.16,4.82
2007-06-24,29.39,0.1,62.39,3.87
2007-06-25,29.48,0.0,60.84,3.9
2007-06-26,30.49,0.16,57.26,3.58
2007-06-27,29.9,0.0,53.89,4.82
2007-06-28,29.48,0.42,58.51,5.46
2007-06-29,29.76,0.79,53.76,5.97
2007-06-30,29.53,0.67,57.44,4.79
2007-07-01,29.15,0.77,62.35,4.17
2007-07-02,30.36,1.07,58.53,4.34
2007-07-03,29.04,0.16,62.15,4.43
2007-07-04,29.22,0.04,62.01,4.71
2007-07-05,29.29,0.44,58.12,5.05
2007-07-06,28.7,0.31,62.07,5.51
2007-07-07,29.76,0.02,57.14,5.52
2007-07-08,30.13,0.04,56.99,5.1
2007-07-09,30.12,0.41,58.18,4.72
2007-07-10,29.62,0.55,61.57,4.29
2007-07-11,29.72,0.19,62.3,4.01
2007-07-12,29.82,0.09,61.57,4.66
2007-07-13,29.88,0.45,61.02,4.76
2007-07-14,30.13,0.0,59.7,4.87
2007-07-15,30.61,0.36,56.77,5.43
2007-07-16,29.4,1.08,63.47,4.61
2007-07-17,28.89,1.17,64.11,4.63
2007-07-18,30.2,1.73,58.81,2.89
2007-07-19,26.41,4.66,77.17,2.2
2007-07-20,26.86,4.48,77.45,2.13
2007-07-21,27.25,1.84,72.97,2.6
2007-07-22,27.93,0.44,68.17,2.54
2007-07-23,27.47,11.61,72.47,1.82
2007-07-24,27.33,1.49,75.3,1.74
2007-07-25,27.85,0.06,72.27,1.89
2007-07-26,27.3,0.56,72.08,2.45
2007-07-27,27.77,0.05,71.35,2.62
2007-07-28,27.87,1.47,70.95,2.81
2007-07-29,28.05,4.15,70.39,2.15
2007-07-30,27.08,3.12,73.26,2.5
2007-07-31,26.84,30.13,77.21,2.5
2007-08-01,26.9,1.55,73.15,3.06
2007-08-02,26.45,1.93,74.41,3.12
2007-08-03,27.69,0.02,69.44,2.91
2007-08-04,28.69,0.33,65.51,3.66
2007-08-05,27.95,1.28,65.32,4.85
2007-08-06,27.22,0.76,66.87,5.07
2007-08-07,28.28,0.02,64.62,4.56
2007-08-08,28.49,1.61,66.52,4.64
2007-08-09,27.91,1.03,69.68,4.32
2007-08-10,27.63,0.41,69.24,3.98
2007-08-11,28.42,0.41,62.11,3.95
2007-08-12,28.39,0.47,63.13,3.7
2007-08-13,28.98,0.01,58.64,3.48
2007-08-14,28.96,0.0,60.28,2.86
2007-08-15,29.21,1.25,62.44,1.62
2007-08-16,28.22,11.96,73.33,1.6
2007-08-17,27.67,2.47,77.35,1.67
2007-08-18,28.17,4.86,72.27,2.03
2007-08-19,29.18,0.63,65.05,2.08
2007-08-20,29.49,6.2,63.45,2.34
2007-08-21,27.72,6.08,74.53,2.47
2007-08-22,27.29,2.13,69.91,2.63
2007-08-23,27.44,17.29,72.89,1.97
2007-08-24,27.0,10.85,77.68,1.9
2007-08-25,26.98,1.61,79.56,1.69
2007-08-26,27.53,9.21,77.21,2.21
2007-08-27,28.16,0.18,71.02,2.22
2007-08-28,27.87,0.79,73.36,2.3
2007-08-29,27.28,9.5,77.3,2.75
2007-08-30,26.53,1.46,77.51,2.7
2007-08-31,27.29,0.39,70.36,3.41
2007-09-01,27.85,0.05,67.31,3.46
2007-09-02,27.78,0.14,67.82,3.32
2007-09-03,26.52,0.01,73.72,2.85
2007-09-04,27.94,0.43,68.43,2.73
2007-09-05,27.7,3.06,71.0,3.3
2007-09-06,27.49,0.31,72.32,2.93
2007-09-07,28.52,0.02,68.89,2.37
2007-09-08,25.97,0.14,80.85,1.28
2007-09-09,27.09,7.01,77.31,1.41
2007-09-10,27.47,1.35,75.44,1.42
2007-09-11,27.91,0.41,73.79,1.63
2007-09-12,28.05,3.06,75.75,1.69
2007-09-13,26.5,8.48,81.8,1.51
2007-09-14,27.48,1.29,75.95,1.53
2007-09-15,27.67,1.95,73.08,2.76
2007-09-16,28.45,2.53,70.97,2.38
2007-09-17,27.07,5.02,77.63,2.97
2007-09-18,26.68,1.35,71.52,4.43
2007-09-19,27.5,0.42,65.73,4.33
2007-09-20,27.92,0.06,68.8,3.76
2007-09-21,28.39,0.9,67.17,3.89
2007-09-22,28.5,0.14,67.32,3.94
2007-09-23,28.2,0.08,68.93,3.88
2007-09-24,27.9,0.28,68.76,3.59
2007-09-25,28.21,0.21,68.92,3.9
2007-09-26,28.91,0.73,65.58,2.47
2007-09-27,27.29,3.26,76.85,1.84
2007-09-28,27.42,1.46,74.74,2.18
2007-09-29,28.96,0.51,65.81,2.57
2007-09-30,28.06,1.5,70.09,2.53
2007-10-01,27.73,0.25,70.88,2.98
2007-10-02,27.7,0.04,68.44,2.82
2007-10-03,28.39,0.0,67.19,2.27
2007-10-04,28.15,0.04,67.49,2.82
2007-10-05,28.65,0.01,62.25,2.92
2007-10-06,28.42,0.02,60.45,3.25
2007-10-07,28.43,0.01,60.27,3.56
2007-10-08,28.54,0.0,59.87,2.59
2007-10-09,28.43,0.0,61.77,1.29
2007-10-10,29.42,0.0,58.88,1.01
2007-10-11,27.98,0.31,67.94,1.32
2007-10-12,27.67,0.1,72.71,0.76
2007-10-13,27.42,5.7,75.59,0.86
2007-10-14,27.42,2.08,72.3,0.89
2007-10-15,27.7,2.79,69.41,1.33
2007-10-16,28.18,0.14,68.35,1.33
2007-10-17,27.36,5.09,73.24,1.57
2007-10-18,25.55,5.7,83.83,0.8
2007-10-19,25.41,12.65,86.56,1.15
2007-10-20,25.85,7.31,83.0,0.95
2007-10-21,25.44,12.86,84.47,0.95
2007-10-22,25.44,12.69,84.56,2.0
2007-10-23,24.17,42.49,88.22,3.67
2007-10-24,24.99,26.55,93.16,2.57
2007-10-25,24.94,12.18,91.6,2.17
2007-10-26,24.34,19.5,90.86,1.4
2007-10-27,24.9,7.25,84.96,0.64
2007-10-28,24.1,8.91,89.57,2.36
2007-10-29,24.97,2.26,86.06,1.81
2007-10-30,25.95,6.52,82.86,2.07
2007-10-31,25.02,3.42,86.58,1.2
2007-11-01,25.79,3.75,83.65,0.77
2007-11-02,25.7,2.83,83.65,1.09
2007-11-03,25.04,7.16,87.93,1.74
2007-11-04,24.79,4.9,92.32,1.53
2007-11-05,25.19,0.63,85.18,1.12
2007-11-06,25.22,5.51,83.6,0.89
2007-11-07,25.33,1.08,86.71,0.88
2007-11-08,25.12,0.04,83.15,1.58
2007-11-09,24.82,0.19,81.35,1.47
2007-11-10,24.42,1.67,82.14,1.92
2007-11-11,24.35,0.89,82.63,2.36
2007-11-12,24.37,0.91,81.89,2.52
2007-11-13,23.64,0.05,75.24,2.39
2007-11-14,22.47,0.03,72.99,2.16
2007-11-15,22.23,0.0,66.67,1.45
2007-11-16,21.99,0.0,67.12,1.66
2007-11-17,21.51,0.0,73.43,1.92
2007-11-18,22.72,0.15,77.3,1.99
2007-11-19,24.53,3.95,87.83,2.13
2007-11-20,24.53,26.09,92.34,2.16
2007-11-21,24.6,6.38,86.66,2.63
2007-11-22,24.7,0.46,84.47,2.73
2007-11-23,23.87,0.0,78.22,2.33
2007-11-24,21.83,0.01,72.89,2.33
2007-11-25,20.75,0.0,71.23,2.34
2007-11-26,22.77,0.01,79.97,2.1
2007-11-27,24.89,0.19,81.14,2.03
2007-11-28,24.64,1.31,84.39,3.06
2007-11-29,24.34,0.54,83.12,2.7
2007-11-30,23.27,0.04,77.86,2.72
2007-12-01,23.63,0.0,78.72,2.69
2007-12-02,23.82,0.34,80.63,2.64
2007-12-03,24.04,0.32,83.63,2.93
2007-12-04,23.7,0.3,78.91,3.08
2007-12-05,23.79,1.27,81.66,3.42
2007-12-06,23.55,2.24,84.82,3.09
2007-12-07,24.1,0.51,80.98,2.71
2007-12-08,23.94,2.56,81.57,2.8
2007-12-09,23.94,0.15,81.34,2.62
2007-12-10,24.13,0.0,79.6,2.49
2007-12-11,23.61,0.09,78.04,2.6
2007-12-12,23.59,0.37,78.71,2.57
2007-12-13,22.39,15.9,89.47,3.05
2007-12-14,23.12,17.42,90.48,3.3
2007-12-15,24.21,0.89,84.4,3.14
2007-12-16,24.13,0.18,80.49,3.54
2007-12-17,23.64,12.06,83.98,3.52
2007-12-18,23.1,59.25,91.04,5.27
2007-12-19,24.04,69.68,95.63,3.45
2007-12-20,23.73,18.07,93.34,2.52
2007-12-21,23.7,2.98,91.83,2.2
2007-12-22,23.29,0.0,88.04,2.13
2007-12-23,22.27,0.0,84.86,1.81
2007-12-24,20.79,0.0,78.51,1.42
2007-12-25,20.77,0.0,71.46,1.24
2007-12-26,20.82,0.0,81.23,1.49
2007-12-27,21.99,0.0,85.34,1.48
2007-12-28,22.72,0.0,83.37,1.31
2007-12-29,22.89,0.0,83.98,1.28
2007-12-30,23.01,0.0,85.08,1.6
2007-12-31,22.37,0.0,85.88,1.84
2008-01-01,21.71,0.0,83.72,2.33
2008-01-02,21.37,0.01,82.39,2.55
2008-01-03,22.03,0.42,83.13,2.65
2008-01-04,23.39,8.31,88.69,2.87
2008-01-05,23.78,4.75,86.51,3.25
2008-01-06,21.93,0.05,83.11,2.9
2008-01-07,21.56,0.0,83.17,2.98
2008-01-08,21.96,0.0,83.18,2.85
2008-01-09,21.93,0.0,81.61,2.3
2008-01-10,22.27,0.0,82.23,2.05
2008-01-11,22.25,0.0,82.9,2.47
2008-01-12,22.04,0.0,83.1,2.49
2008-01-13,22.12,0.0,82.94,2.36
2008-01-14,21.87,0.0,81.68,1.87
2008-01-15,21.5,0.0,81.39,1.97
2008-01-16,21.64,0.0,81.79,2.22
2008-01-17,21.35,0.0,79.91,2.28
2008-01-18,20.95,0.0,77.99,1.86
2008-01-19,20.81,0.0,76.96,1.75
2008-01-20,21.57,0.0,77.28,1.72
2008-01-21,23.3,0.0,81.07,2.25
2008-01-22,23.72,0.0,79.81,2.07
2008-01-23,22.99,0.0,78.42,1.88
2008-01-24,22.77,0.0,75.13,1.43
2008-01-25,23.83,0.0,75.05,1.22
2008-01-26,24.82,0.0,74.61,1.19
2008-01-27,25.25,0.0,71.42,1.24
2008-01-28,25.28,0.0,77.38,2.01
2008-01-29,25.6,0.0,76.51,1.8
2008-01-30,26.26,0.0,73.45,0.92
2008-01-31,26.48,0.0,72.62,1.39
2008-02-01,26.05,0.0,73.69,1.57
2008-02-02,26.3,0.0,73.68,1.53
2008-02-03,25.67,0.0,75.39,2.07
2008-02-04,25.96,0.0,73.86,1.79
2008-02-05,25.79,0.0,72.18,2.25
2008-02-06,25.86,0.0,72.27,2.04
2008-02-07,26.45,0.0,74.6,2.05
2008-02-08,26.34,3.01,78.52,1.48
2008-02-09,25.28,12.48,86.42,1.68
2008-02-10,26.47,1.97,81.0,1.72
2008-02-11,25.82,4.4,84.13,1.55
2008-02-12,26.55,1.76,75.93,2.34
2008-02-13,26.32,0.02,73.04,2.23
2008-02-14,26.01,0.01,73.05,2.73
2008-02-15,25.94,0.2,73.7,2.74
2008-02-16,26.26,0.04,73.99,2.75
2008-02-17,26.11,0.0,69.11,2.72
2008-02-18,24.56,0.0,65.0,2.38
2008-02-19,24.1,0.0,67.4,1.8
2008-02-20,24.85,0.0,67.23,2.05
2008-02-21,25.72,0.0,68.04,2.17
2008-02-22,26.04,0.0,67.24,2.62
2008-02-23,25.83,0.0,66.22,2.29
2008-02-24,24.78,0.0,65.59,2.59
2008-02-25,24.66,0.0,63.16,2.21
2008-02-26,24.58,0.0,66.59,2.51
2008-02-27,25.86,0.01,65.45,3.09
2008-02-28,25.26,0.46,62.89,3.15
2008-02-29,25.9,0.74,65.43,2.95
2008-03-01,25.82,2.41,79.02,2.36
2008-03-02,27.42,0.13,66.74,2.4
2008-03-03,25.95,0.02,57.66,2.59
2008-03-04,24.34,0.06,58.5,1.68
2008-03-05,25.2,0.0,61.02,2.33
2008-03-06,25.71,0.03,65.4,2.71
2008-03-07,25.38,0.02,60.68,2.69
2008-03-08,24.97,0.0,62.03,2.58
2008-03-09,25.85,0.02,58.38,2.57
2008-03-10,26.42,1.75,63.13,2.61
2008-03-11,25.63,2.46,73.39,2.42
2008-03-12,24.34,14.52,84.88,3.3
2008-03-13,25.68,5.28,83.08,2.54
2008-03-14,25.69,2.53,84.77,2.13
2008-03-15,25.36,6.55,83.02,1.63
2008-03-16,26.52,1.63,71.57,2.38
2008-03-17,26.09,0.3,76.53,2.5
2008-03-18,26.66,2.17,78.29,2.17
2008-03-19,26.08,4.84,82.87,2.3
2008-03-20,24.69,19.61,89.63,2.08
2008-03-21,24.88,20.94,89.55,2.48
2008-03-22,25.56,19.21,88.74,2.21
2008-03-23,26.08,2.61,85.41,1.92
2008-03-24,26.29,0.28,82.06,1.37
2008-03-25,27.04,0.09,72.53,1.37
2008-03-26,27.11,0.73,75.49,1.3
2008-03-27,27.45,0.14,74.01,1.46
2008-03-28,28.13,0.75,72.23,1.51
2008-03-29,27.57,0.06,74.02,1.22
2008-03-30,27.04,19.06,80.18,1.41
2008-03-31,27.34,7.05,78.48,1.3
2008-04-01,27.94,1.22,74.22,1.37
2008-04-02,27.61,3.24,76.81,1.67
2008-04-03,27.89,0.33,74.12,1.29
2008-04-04,28.06,0.09,70.9,1.43
2008-04-05,27.87,0.03,71.88,2.08
2008-04-06,27.61,0.0,71.23,2.41
2008-04-07,27.45,0.12,73.06,2.54
2008-04-08,26.19,5.05,80.93,1.92
2008-04-09,26.75,0.51,76.62,2.03
2008-04-10,27.23,0.03,72.95,2.11
2008-04-11,27.75,0.0,68.48,1.91
2008-04-12,28.02,0.25,68.75,2.6
2008-04-13,27.7,0.02,73.7,1.64
2008-04-14,28.88,0.01,67.72,1.94
2008-04-15,29.09,0.01,66.63,1.79
2008-04-16,29.18,0.02,65.35,1.74
2008-04-17,28.08,0.0,70.0,1.24
2008-04-18,29.8,0.02,63.71,1.83
2008-04-19,30.33,0.0,58.55,1.9
2008-04-20,29.96,0.0,61.44,1.62
2008-04-21,29.84,0.0,61.33,1.77
2008-04-22,30.65,0.14,57.08,1.71
2008-04-23,30.26,0.01,59.06,1.94
2008-04-24,29.45,0.04,62.03,2.01
2008-04-25,28.67,0.6,66.68,1.82
2008-04-26,28.73,0.16,68.69,1.27
2008-04-27,30.35,0.15,61.79,1.72
2008-04-28,31.89,0.03,57.21,2.78
2008-04-29,30.82,0.06,60.33,3.06
2008-04-30,30.84,0.4,60.4,3.19
2008-05-01,31.25,0.07,60.05,2.74
2008-05-02,32.26,0.01,51.01,2.77
2008-05-03,32.72,0.68,50.96,2.74
2008-05-04,32.23,0.01,54.74,3.14
2008-05-05,32.16,0.01,52.12,3.54
2008-05-06,32.04,0.0,49.41,2.88
2008-05-07,30.61,22.93,62.99,2.21
2008-05-08,29.2,9.54,70.85,2.08
2008-05-09,29.6,0.01,63.51,3.03
2008-05-10,30.68,1.34,61.52,2.91
2008-05-11,29.59,2.78,66.42,2.59
2008-05-12,27.98,1.39,72.8,2.92
2008-05-13,29.84,0.2,62.27,2.47
2008-05-14,31.0,3.28,57.93,2.84
2008-05-15,31.03,0.13,57.76,3.24
2008-05-16,30.58,0.0,55.84,4.01
2008-05-17,31.18,0.0,56.32,3.58
2008-05-18,31.58,0.0,57.2,3.04
2008-05-19,30.91,0.02,59.36,2.98
2008-05-20,31.28,0.09,57.22,3.05
2008-05-21,29.99,0.62,62.57,2.77
2008-05-22,30.19,1.92,62.18,2.07
2008-05-23,29.75,0.44,61.88,1.91
2008-05-24,29.49,0.34,63.19,1.79
2008-05-25,30.21,1.27,60.7,2.2
2008-05-26,28.96,0.37,67.61,2.12
2008-05-27,29.94,0.02,63.16,2.36
2008-05-28,29.85,1.92,63.99,2.06
2008-05-29,29.75,0.19,63.14,2.81
2008-05-30,29.8,6.95,64.83,2.57
2008-05-31,28.01,1.98,71.64,2.86
2008-06-01,29.18,2.19,67.18,1.96
2008-06-02,30.12,0.08,61.87,2.21
2008-06-03,29.96,2.47,61.63,2.34
2008-06-04,30.42,1.93,56.8,3.68
2008-06-05,29.78,0.1,57.61,3.84
2008-06-06,28.86,0.03,63.26,3.85
2008-06-07,27.4,3.79,70.21,2.75
2008-06-08,26.85,2.55,76.95,2.64
2008-06-09,26.64,1.35,75.71,2.63
2008-06-10,27.97,0.0,63.27,3.04
2008-06-11,29.19,2.25,62.67,3.71
2008-06-12,28.26,0.07,66.37,3.47
2008-06-13,29.32,0.01,57.02,4.28
2008-06-14,30.14,0.0,55.79,4.47
2008-06-15,29.89,0.0,56.19,4.8
2008-06-16,29.64,0.02,58.78,4.46
2008-06-17,30.43,0.01,54.56,4.51
2008-06-18,30.4,0.19,56.18,3.85
2008-06-19,30.78,0.01,56.05,3.53
2008-06-20,30.47,0.01,57.7,3.02
2008-06-21,30.73,1.32,56.31,3.43
2008-06-22,30.75,0.91,53.42,3.13
2008-06-23,30.67,0.04,51.8,3.84
2008-06-24,31.11,0.0,50.84,4.84
2008-06-25,30.0,0.01,55.22,4.45
2008-06-26,30.19,0.0,53.92,4.6
2008-06-27,30.97,0.02,54.91,4.68
2008-06-28,30.21,0.64,57.81,4.3
2008-06-29,29.89,0.04,56.41,4.39
2008-06-30,30.45,0.03,55.29,4.93
2008-07-01,28.69,0.77,59.18,4.25
2008-07-02,30.69,0.62,50.81,3.33
2008-07-03,30.81,0.05,50.32,3.11
2008-07-04,30.71,0.0,51.47,2.29
2008-07-05,31.8,0.0,50.19,2.96
2008-07-06,31.37,0.02,52.6,3.75
2008-07-07,30.43,0.27,53.32,5.38
2008-07-08,31.07,0.01,46.04,5.4
2008-07-09,30.51,0.16,48.79,4.91
2008-07-10,30.01,0.05,50.21,4.51
2008-07-11,30.92,0.01,48.53,4.81
2008-07-12,31.19,0.0,50.53,3.87
2008-07-13,31.23,0.0,49.24,2.53
2008-07-14,30.25,1.09,57.3,2.05
2008-07-15,29.99,2.14,61.57,1.9
2008-07-16,29.61,0.04,59.91,2.85
2008-07-17,30.16,0.66,58.13,2.58
2008-07-18,28.65,18.07,69.88,2.7
2008-07-19,27.28,3.4,73.06,2.82
2008-07-20,27.06,67.22,77.34,1.69
2008-07-21,26.4,20.61,85.44,1.43
2008-07-22,26.57,0.36,80.02,1.8
2008-07-23,27.12,0.03,77.41,1.88
2008-07-24,26.95,0.65,76.04,2.88
2008-07-25,26.99,0.23,71.08,4.37
2008-07-26,27.62,0.44,69.89,4.42
2008-07-27,26.85,2.42,71.54,4.8
2008-07-28,26.94,0.09,69.8,5.09
2008-07-29,27.7,0.62,67.45,4.91
2008-07-30,27.15,0.24,68.7,4.58
2008-07-31,27.56,1.65,69.12,4.2
2008-08-01,28.52,0.23,65.77,3.8
2008-08-02,27.94,0.01,70.05,3.08
2008-08-03,27.49,1.91,73.82,2.34
2008-08-04,27.82,0.11,71.42,2.41
2008-08-05,28.57,0.02,67.24,3.0
2008-08-06,28.77,0.01,64.7,3.52
2008-08-07,28.92,0.0,62.33,3.96
2008-08-08,28.1,0.06,65.24,5.04
2008-08-09,27.98,0.06,62.11,5.19
2008-08-10,28.08,0.08,63.07,5.42
2008-08-11,27.44,0.08,63.65,4.85
2008-08-12,27.72,0.7,66.58,3.84
2008-08-13,27.06,1.17,68.23,3.84
2008-08-14,27.7,2.23,69.66,3.42
2008-08-15,27.98,0.61,68.68,3.08
2008-08-16,27.7,4.68,68.86,2.77
2008-08-17,27.21,11.09,75.97,1.94
2008-08-18,26.95,5.06,77.32,1.74
2008-08-19,27.2,0.88,75.96,1.74
2008-08-20,28.31,1.61,69.64,1.86
2008-08-21,27.91,3.37,68.42,3.61
2008-08-22,28.79,0.3,63.45,2.3
2008-08-23,29.2,2.59,65.25,2.3
2008-08-24,27.33,2.18,74.03,1.62
2008-08-25,27.1,4.08,75.43,1.37
2008-08-26,26.54,78.73,82.72,1.61
2008-08-27,26.13,16.79,83.95,1.03
2008-08-28,26.42,0.98,83.13,0.97
2008-08-29,27.07,3.61,81.38,1.15
2008-08-30,26.25,1.7,85.63,0.99
2008-08-31,26.26,1.15,84.44,0.83
2008-09-01,26.41,5.79,83.71,1.34
2008-09-02,27.38,0.65,79.07,1.38
2008-09-03,26.69,0.52,83.3,1.03
2008-09-04,27.06,0.06,81.25,0.7
2008-09-05,26.88,0.05,81.76,1.17
2008-09-06,26.89,7.93,82.27,1.39
2008-09-07,25.6,1.16,85.07,2.39
2008-09-08,25.34,5.67,82.26,2.7
2008-09-09,26.73,0.45,75.64,3.97
2008-09-10,26.66,0.24,75.71,3.85
2008-09-11,26.77,0.07,72.37,3.87
2008-09-12,26.19,0.02,70.92,3.48
2008-09-13,26.64,0.0,75.91,3.12
2008-09-14,27.91,0.13,71.69,3.11
2008-09-15,27.94,0.04,68.35,3.23
2008-09-16,27.67,0.0,69.22,4.02
2008-09-17,27.1,0.0,70.98,3.2
2008-09-18,27.97,0.0,67.48,2.87
2008-09-19,28.42,0.21,66.21,2.44
2008-09-20,27.68,2.31,73.09,1.94
2008-09-21,27.41,0.05,73.38,1.77
2008-09-22,28.11,0.0,70.5,2.04
2008-09-23,28.69,0.0,67.18,2.08
2008-09-24,27.76,0.05,71.24,2.02
2008-09-25,28.73,0.0,65.58,2.24
2008-09-26,28.67,0.0,65.32,1.86
2008-09-27,28.27,6.05,69.26,1.54
2008-09-28,27.94,0.49,67.78,1.83
2008-09-29,28.92,0.0,61.89,1.59
2008-09-30,29.37,0.0,61.44,1.49
2008-10-01,29.77,0.0,62.89,1.29
2008-10-02,29.63,0.51,60.54,1.52
2008-10-03,28.8,2.47,63.75,1.42
2008-10-04,28.83,0.2,66.13,1.67
2008-10-05,28.76,0.3,67.11,1.26
2008-10-06,29.09,1.57,66.29,1.25
2008-10-07,28.99,1.08,67.55,1.71
2008-10-08,29.11,0.15,67.02,1.26
2008-10-09,29.35,0.01,65.63,1.73
2008-10-10,28.92,0.01,67.38,1.63
2008-10-11,27.34,3.69,74.93,2.08
2008-10-12,26.16,9.27,80.18,2.5
2008-10-13,25.95,7.66,84.3,2.6
2008-10-14,25.91,16.55,88.22,2.47
2008-10-15,25.9,9.46,87.83,1.88
2008-10-16,26.15,4.63,83.35,1.83
2008-10-17,26.28,3.38,82.28,2.39
2008-10-18,25.95,6.92,85.86,2.1
2008-10-19,26.19,5.1,83.94,1.95
2008-10-20,26.02,31.12,87.25,1.85
2008-10-21,25.93,24.88,90.49,1.43
2008-10-22,25.72,23.29,89.72,1.58
2008-10-23,25.25,11.85,88.3,1.51
2008-10-24,25.88,4.03,84.55,1.36
2008-10-25,26.27,4.26,83.75,1.48
2008-10-26,25.77,0.23,85.39,1.64
2008-10-27,25.88,0.02,71.64,1.67
2008-10-28,24.62,0.0,66.07,1.24
2008-10-29,23.56,0.0,72.66,1.44
2008-10-30,24.05,0.0,75.78,1.53
2008-10-31,24.11,0.0,65.68,1.31
2008-11-01,23.77,0.0,68.53,1.23
2008-11-02,23.33,0.0,64.64,1.62
2008-11-03,24.07,0.0,61.23,1.33
2008-11-04,23.83,0.0,68.98,1.51
2008-11-05,23.6,0.0,70.04,1.68
2008-11-06,24.09,0.1,73.43,1.72
2008-11-07,25.08,0.01,76.18,1.99
2008-11-08,25.86,0.64,77.12,2.26
2008-11-09,26.24,0.01,74.63,2.25
2008-11-10,26.17,0.04,78.69,2.53
2008-11-11,25.27,0.1,72.16,2.5
2008-11-12,25.15,0.59,73.53,2.44
2008-11-13,25.83,0.19,77.11,1.88
2008-11-14,26.74,0.0,72.27,1.46
2008-11-15,27.1,0.24,67.22,0.87
2008-11-16,27.01,0.13,67.68,1.43
2008-11-17,26.34,0.2,75.24,1.76
2008-11-18,27.06,1.38,77.87,2.19
2008-11-19,25.61,8.79,87.89,2.34
2008-11-20,25.34,6.42,89.64,2.43
2008-11-21,25.26,3.86,85.57,2.37
2008-11-22,24.17,9.37,89.57,3.01
2008-11-23,24.6,26.02,88.74,2.82
2008-11-24,24.13,43.84,90.43,2.98
2008-11-25,23.8,47.58,90.32,3.91
2008-11-26,23.56,52.12,91.92,5.78
2008-11-27,23.45,82.53,94.16,4.61
2008-11-28,24.88,27.57,94.57,2.06
2008-11-29,25.22,2.7,91.84,1.98
2008-11-30,24.63,0.94,91.62,2.46
2008-12-01,24.93,0.24,88.85,1.97
2008-12-02,23.68,0.0,86.54,1.72
2008-12-03,22.23,0.0,85.37,1.48
2008-12-04,21.5,0.0,85.97,1.5
2008-12-05,22.01,0.0,87.88,2.1
2008-12-06,22.7,1.78,85.49,2.49
2008-12-07,23.64,0.39,85.89,2.88
2008-12-08,23.62,7.95,93.32,3.04
2008-12-09,23.88,7.06,94.67,2.79
2008-12-10,23.56,2.55,92.71,1.96
2008-12-11,22.96,0.01,87.59,2.0
2008-12-12,22.79,0.0,87.62,1.89
2008-12-13,23.44,1.19,89.2,2.74
2008-12-14,23.26,6.75,89.47,2.94
2008-12-15,23.17,7.37,89.51,3.12
2008-12-16,23.53,0.37,88.65,2.73
2008-12-17,22.94,0.0,86.75,3.15
2008-12-18,22.71,0.43,86.43,3.22
2008-12-19,22.68,0.09,86.53,2.74
2008-12-20,22.63,0.01,85.6,2.07
2008-12-21,22.51,0.01,85.15,1.93
2008-12-22,21.17,0.0,81.84,1.67
2008-12-23,21.53,0.05,86.03,2.13
2008-12-24,22.92,0.85,88.16,2.2
2008-12-25,22.94,0.15,87.11,2.46
2008-12-26,21.97,0.01,83.64,1.49
2008-12-27,21.4,0.0,82.76,1.51
2008-12-28,20.38,0.0,78.49,1.41
2008-12-29,19.99,0.0,80.72,1.74
2008-12-30,20.54,0.0,82.09,1.76
2008-12-31,20.31,0.0,81.3,1.55
2009-01-01,21.55,0.0,81.49,1.91
2009-01-02,21.69,0.0,81.75,1.9
2009-01-03,21.51,0.0,81.17,1.91
2009-01-04,21.54,0.0,80.17,1.97
2009-01-05,21.45,0.0,79.15,1.9
2009-01-06,21.55,0.31,79.25,1.58
2009-01-07,22.32,2.59,87.98,2.27
2009-01-08,23.77,0.23,83.56,2.34
2009-01-09,22.58,0.0,86.36,2.41
2009-01-10,23.23,0.0,80.81,2.92
2009-01-11,23.06,0.03,82.01,2.66
2009-01-12,22.3,0.01,80.02,2.83
2009-01-13,22.97,0.16,72.97,3.26
2009-01-14,23.0,0.37,75.21,3.35
2009-01-15,22.9,4.03,80.45,3.78
2009-01-16,22.51,0.22,76.81,2.72
2009-01-17,22.53,0.0,78.13,2.77
2009-01-18,22.41,0.0,77.1,2.37
2009-01-19,22.25,0.0,75.16,2.55
2009-01-20,21.67,0.0,76.5,2.41
2009-01-21,21.81,0.0,76.85,1.97
2009-01-22,21.86,0.0,78.81,1.6
2009-01-23,22.27,0.0,78.19,1.93
2009-01-24,22.35,0.0,77.24,2.06
2009-01-25,23.14,0.0,75.37,1.86
2009-01-26,23.72,1.75,80.85,2.16
2009-01-27,25.34,0.46,81.05,2.01
2009-01-28,25.79,0.03,79.58,1.88
2009-01-29,24.64,0.0,75.11,1.76
2009-01-30,23.48,0.0,71.5,1.62
2009-01-31,23.1,0.0,72.11,1.82
2009-02-01,23.21,0.0,73.23,1.59
2009-02-02,23.3,0.0,72.43,1.8
2009-02-03,24.04,0.0,72.8,1.69
2009-02-04,24.45,0.0,71.53,1.75
2009-02-05,23.86,0.0,68.45,1.87
2009-02-06,23.43,0.0,71.15,2.16
2009-02-07,23.7,0.0,73.39,2.26
2009-02-08,24.01,0.0,73.12,2.49
2009-02-09,23.59,0.0,70.12,2.6
2009-02-10,23.13,0.0,67.88,2.12
2009-02-11,23.45,0.0,66.6,1.59
2009-02-12,24.3,0.0,63.73,1.41
2009-02-13,24.87,0.0,63.46,1.49
2009-02-14,25.02,0.0,64.6,1.7
2009-02-15,24.61,0.0,62.41,1.95
2009-02-16,24.19,0.0,67.37,2.19
2009-02-17,24.73,0.0,68.97,2.81
2009-02-18,24.36,0.0,68.27,2.51
2009-02-19,24.56,0.0,69.08,2.79
2009-02-20,25.51,0.0,70.98,2.73
2009-02-21,27.08,0.0,69.11,2.76
2009-02-22,27.65,0.0,67.87,2.63
2009-02-23,28.01,0.0,65.42,2.06
2009-02-24,28.68,0.0,62.03,1.37
2009-02-25,28.7,0.0,59.39,1.57
2009-02-26,28.53,0.0,58.99,1.66
2009-02-27,27.73,0.0,56.06,1.62
2009-02-28,27.06,0.0,53.19,1.59
2009-03-01,28.15,0.0,48.18,1.75
2009-03-02,28.65,0.0,52.89,1.77
2009-03-03,28.55,0.0,53.16,1.83
2009-03-04,28.19,0.0,52.17,1.37
2009-03-05,28.58,0.0,44.18,1.34
2009-03-06,29.22,0.0,41.83,1.71
2009-03-07,28.65,0.0,50.62,2.14
2009-03-08,28.1,0.0,56.86,2.2
2009-03-09,26.26,3.91,64.8,3.47
2009-03-10,24.14,14.3,71.05,4.83
2009-03-11,25.74,2.21,80.89,3.04
2009-03-12,27.15,0.8,67.96,1.3
2009-03-13,26.27,0.17,69.52,1.22
2009-03-14,26.81,0.52,72.49,1.82
2009-03-15,27.55,0.88,67.36,1.36
2009-03-16,27.93,0.15,62.02,1.7
2009-03-17,27.24,0.0,59.84,1.74
2009-03-18,27.85,0.0,57.75,1.79
2009-03-19,28.24,0.0,55.73,1.52
2009-03-20,28.53,0.0,55.94,1.48
2009-03-21,29.23,0.0,54.76,1.93
2009-03-22,29.48,0.08,56.53,2.09
2009-03-23,28.78,0.05,59.77,2.27
2009-03-24,28.87,0.19,59.83,2.28
2009-03-25,29.09,0.0,57.52,2.23
2009-03-26,30.02,0.0,55.33,1.75
2009-03-27,31.15,0.03,52.46,1.96
2009-03-28,30.72,0.01,54.01,2.47
2009-03-29,30.18,0.03,56.23,2.18
2009-03-30,30.12,0.0,54.64,2.26
2009-03-31,30.06,0.0,54.14,2.2
2009-04-01,30.57,0.0,53.71,2.16
2009-04-02,30.15,0.0,54.62,2.35
2009-04-03,30.16,0.0,55.32,2.33
2009-04-04,30.52,0.0,55.47,2.32
2009-04-05,30.7,0.14,56.2,1.92
2009-04-06,30.69,0.02,57.23,1.83
2009-04-07,31.3,0.07,56.84,2.51
2009-04-08,30.94,0.02,56.66,2.15
2009-04-09,29.92,0.04,62.85,2.77
2009-04-10,28.79,8.47,67.58,2.53
2009-04-11,27.32,17.75,69.28,1.11
2009-04-12,28.68,0.97,61.46,1.7
2009-04-13,30.73,0.13,58.72,1.34
2009-04-14,30.17,0.02,57.34,2.41
2009-04-15,32.17,0.0,54.77,1.67
2009-04-16,31.26,0.0,58.37,1.98
2009-04-17,30.54,0.0,61.42,2.06
2009-04-18,31.25,0.0,57.99,2.04
2009-04-19,31.37,0.41,59.76,2.64
2009-04-20,30.4,0.68,62.73,1.87
2009-04-21,31.02,0.1,58.3,1.84
2009-04-22,31.09,0.91,57.16,2.28
2009-04-23,31.57,0.08,57.25,1.8
2009-04-24,32.22,0.14,56.04,2.09
2009-04-25,32.32,0.08,54.76,2.17
2009-04-26,31.33,0.0,60.19,2.3
2009-04-27,31.66,0.0,57.07,2.1
2009-04-28,32.2,0.0,52.31,2.33
2009-04-29,32.44,0.0,52.44,2.2
2009-04-30,32.96,0.09,50.15,2.18
2009-05-01,33.91,0.01,47.85,2.23
2009-05-02,33.96,0.0,48.42,2.03
2009-05-03,32.84,0.0,54.57,2.45
2009-05-04,33.19,1.15,51.32,2.23
2009-05-05,33.53,0.12,46.28,2.23
2009-05-06,33.4,0.0,47.4,2.11
2009-05-07,33.99,0.06,43.37,1.96
2009-05-08,33.33,3.59,49.74,1.77
2009-05-09,31.51,0.42,54.33,2.72
2009-05-10,33.37,0.01,48.67,2.21
2009-05-11,34.45,0.0,45.81,2.49
2009-05-12,34.35,0.16,46.84,2.42
2009-05-13,33.48,0.02,48.93,3.08
2009-05-14,34.09,0.0,46.52,3.3
2009-05-15,29.59,9.55,65.89,3.36
2009-05-16,29.27,1.42,65.77,2.42
2009-05-17,30.46,0.53,61.86,1.8
2009-05-18,29.89,2.32,65.27,2.47
2009-05-19,27.82,3.02,75.29,2.49
2009-05-20,29.04,2.04,63.33,3.94
2009-05-21,27.38,1.57,74.42,2.24
2009-05-22,30.04,0.05,63.2,3.29
2009-05-23,29.94,0.91,63.2,2.53
2009-05-24,29.89,0.28,62.53,4.62
2009-05-25,29.47,0.11,60.85,4.06
2009-05-26,30.07,1.52,61.83,2.8
2009-05-27,30.48,0.27,57.92,3.09
2009-05-28,31.74,0.18,55.3,2.19
2009-05-29,31.58,0.02,56.66,3.32
2009-05-30,30.81,1.84,58.72,3.21
2009-05-31,29.71,3.06,64.6,2.24
2009-06-01,30.82,0.01,57.5,3.01
2009-06-02,31.97,0.0,51.33,4.43
2009-06-03,32.78,0.0,48.83,5.16
2009-06-04,32.74,0.15,48.43,5.6
2009-06-05,31.49,0.18,53.65,6.08
2009-06-06,29.3,0.95,57.14,6.2
2009-06-07,29.4,0.15,53.37,6.35
2009-06-08,30.91,0.01,53.2,5.75
2009-06-09,31.54,0.0,50.43,4.1
2009-06-10,31.77,2.34,54.96,3.46
2009-06-11,29.6,2.94,61.7,3.51
2009-06-12,30.74,0.2,55.72,3.15
2009-06-13,30.78,0.12,52.94,3.88
2009-06-14,30.97,0.02,53.24,4.04
2009-06-15,30.51,0.43,53.94,4.27
2009-06-16,31.06,0.0,52.93,4.67
2009-06-17,30.53,0.01,55.82,4.89
2009-06-18,29.03,6.5,65.63,2.97
2009-06-19,27.85,0.25,73.67,2.2
2009-06-20,29.04,0.08,64.69,2.74
2009-06-21,29.17,0.01,60.97,3.5
2009-06-22,28.81,0.82,64.06,3.46
2009-06-23,29.84,0.01,59.02,4.39
2009-06-24,30.13,0.03,53.88,5.27
2009-06-25,30.1,0.3,52.64,4.94
2009-06-26,28.01,0.22,57.16,5.29
2009-06-27,29.95,0.02,48.56,4.76
2009-06-28,30.93,0.15,47.6,4.48
2009-06-29,31.0,1.9,53.19,4.31
2009-06-30,30.54,0.63,56.03,5.03
2009-07-01,28.6,0.28,60.07,5.49
2009-07-02,28.84,0.59,61.3,5.19
2009-07-03,28.83,0.12,60.5,5.13
2009-07-04,28.12,0.83,65.68,5.02
2009-07-05,28.57,0.76,61.96,5.26
2009-07-06,28.83,0.05,60.0,5.18
2009-07-07,28.75,0.08,59.32,4.87
2009-07-08,29.48,0.67,57.06,5.27
2009-07-09,28.91,0.56,56.18,4.91
2009-07-10,29.48,0.02,51.94,4.06
2009-07-11,29.79,0.0,58.15,4.06
2009-07-12,29.95,0.02,56.29,4.72
2009-07-13,29.83,0.13,57.89,5.96
2009-07-14,29.19,0.08,58.8,6.09
2009-07-15,28.72,1.14,57.78,5.99
2009-07-16,29.0,2.37,58.41,5.25
2009-07-17,28.45,0.95,65.33,4.56
2009-07-18,28.92,0.34,59.65,5.49
2009-07-19,29.09,0.03,58.72,5.38
2009-07-20,30.36,0.0,54.63,5.75
2009-07-21,30.16,0.0,54.54,6.11
2009-07-22,30.11,0.0,53.05,5.72
2009-07-23,30.4,0.0,52.18,4.78
2009-07-24,31.26,0.0,46.98,3.99
2009-07-25,32.32,0.0,47.77,3.31
2009-07-26,30.98,0.0,51.1,4.07
2009-07-27,31.25,0.02,52.65,4.86
2009-07-28,30.62,0.04,55.26,4.91
2009-07-29,30.36,3.7,56.79,4.08
2009-07-30,30.26,1.39,56.32,3.71
2009-07-31,29.12,7.27,64.39,3.81
2009-08-01,28.67,0.64,63.54,4.28
2009-08-02,29.53,0.0,59.77,4.86
2009-08-03,30.4,0.0,58.18,4.64
2009-08-04,31.04,0.11,55.51,5.07
2009-08-05,29.81,0.0,56.7,4.93
2009-08-06,30.87,0.4,55.68,4.39
2009-08-07,30.85,0.08,53.7,4.47
2009-08-08,30.67,0.22,55.18,4.22
2009-08-09,31.47,0.02,54.11,4.07
2009-08-10,31.05,1.3,55.29,4.57
2009-08-11,31.37,0.66,54.96,3.21
2009-08-12,31.17,1.62,54.45,2.84
2009-08-13,29.26,17.8,66.47,2.44
2009-08-14,27.19,3.0,77.21,2.38
2009-08-15,27.51,0.06,68.77,2.54
2009-08-16,28.39,9.94,65.28,1.7
2009-08-17,26.47,12.76,77.71,2.12
2009-08-18,27.71,1.19,71.98,2.12
2009-08-19,27.61,0.05,72.66,1.79
2009-08-20,26.96,1.43,77.04,1.14
2009-08-21,27.24,1.39,71.96,2.79
2009-08-22,28.24,0.08,64.15,2.76
2009-08-23,28.34,5.25,66.02,2.86
2009-08-24,28.17,0.13,66.71,4.17
2009-08-25,28.22,0.04,64.56,3.86
2009-08-26,28.13,0.17,65.23,4.33
2009-08-27,28.5,0.01,61.24,4.01
2009-08-28,29.8,0.13,59.15,3.82
2009-08-29,30.05,0.01,58.55,3.5
2009-08-30,29.47,0.64,61.55,2.74
2009-08-31,27.66,0.23,69.32,2.81
2009-09-01,28.54,2.82,68.18,3.03
2009-09-02,28.69,0.26,61.91,4.09
2009-09-03,28.65,0.08,63.02,4.08
2009-09-04,28.41,0.24,64.92,5.28
2009-09-05,28.58,0.01,63.48,6.04
2009-09-06,29.18,2.65,62.27,5.35
2009-09-07,29.68,0.04,61.65,4.53
2009-09-08,30.24,0.0,58.72,4.04
2009-09-09,29.87,0.16,57.55,3.21
2009-09-10,30.15,0.0,55.22,2.44
2009-09-11,31.37,0.06,54.91,1.63
2009-09-12,31.67,0.51,55.43,1.68
2009-09-13,31.32,4.37,57.54,1.43
2009-09-14,30.6,0.75,61.24,2.3
2009-09-15,30.21,5.96,61.05,2.08
2009-09-16,28.2,13.33,75.04,2.49
2009-09-17,27.54,10.01,78.04,1.68
2009-09-18,27.76,10.05,75.16,1.61
2009-09-19,27.65,0.89,72.86,1.64
2009-09-20,28.41,0.58,68.49,1.84
2009-09-21,29.06,0.21,70.03,1.08
2009-09-22,27.75,3.39,75.02,1.67
2009-09-23,28.31,1.34,71.48,1.62
2009-09-24,27.85,0.33,72.14,2.5
2009-09-25,28.54,3.32,66.27,2.67
2009-09-26,28.27,4.17,68.3,3.35
2009-09-27,28.59,0.5,69.22,2.93
2009-09-28,28.63,0.35,69.99,2.86
2009-09-29,28.77,0.09,64.31,4.24
2009-09-30,27.92,0.04,66.7,4.32
2009-10-01,27.59,0.4,67.57,4.8
2009-10-02,27.53,0.78,68.48,4.63
2009-10-03,28.53,0.26,63.45,5.04
2009-10-04,29.21,0.02,60.3,4.37
2009-10-05,29.35,0.0,60.16,4.11
2009-10-06,29.61,0.03,59.35,3.01
2009-10-07,30.07,0.0,57.64,2.27
2009-10-08,29.25,1.04,63.63,2.07
2009-10-09,29.82,0.05,62.33,1.32
2009-10-10,28.3,14.27,71.84,0.9
2009-10-11,28.36,5.07,72.38,1.27
2009-10-12,27.4,4.74,74.7,1.84
2009-10-13,27.6,0.48,72.5,1.0
2009-10-14,28.81,0.01,66.1,1.2
2009-10-15,28.71,0.0,63.45,1.33
2009-10-16,28.75,0.0,59.1,1.4
2009-10-17,29.36,0.0,61.28,1.36
2009-10-18,29.63,0.5,59.76,1.65
2009-10-19,29.46,0.22,61.24,1.68
2009-10-20,29.37,0.0,58.8,1.79
2009-10-21,29.24,0.0,56.58,2.11
2009-10-22,28.67,0.0,57.23,2.28
2009-10-23,28.12,0.0,54.98,2.08
2009-10-24,28.6,0.0,56.06,1.48
2009-10-25,28.94,0.08,57.57,1.61
2009-10-26,28.89,0.0,57.98,2.43
2009-10-27,29.13,0.61,64.54,2.19
2009-10-28,27.09,4.58,74.77,2.97
2009-10-29,25.8,9.11,81.99,2.88
2009-10-30,27.04,5.68,70.54,3.03
2009-10-31,26.44,10.67,81.09,2.54
2009-11-01,26.72,6.73,78.15,2.61
2009-11-02,27.25,3.29,74.03,3.72
2009-11-03,26.85,4.73,77.01,3.05
2009-11-04,25.35,27.42,88.93,2.82
2009-11-05,25.39,12.82,86.49,2.45
2009-11-06,24.77,11.87,89.61,2.21
2009-11-07,25.19,26.2,90.36,2.86
2009-11-08,25.14,31.63,92.01,3.57
2009-11-09,25.09,19.97,90.1,3.09
2009-11-10,24.91,6.93,88.72,2.07
2009-11-11,25.76,0.83,81.3,0.95
2009-11-12,26.29,0.88,84.24,0.76
2009-11-13,25.03,2.72,90.28,1.41
2009-11-14,24.54,37.0,92.41,1.73
2009-11-15,24.11,8.77,92.81,2.53
2009-11-16,24.96,1.78,90.45,1.09
2009-11-17,25.85,15.62,87.58,1.24
2009-11-18,25.64,4.58,86.63,0.63
2009-11-19,25.88,3.46,86.52,1.0
2009-11-20,25.37,3.42,88.48,1.39
2009-11-21,24.82,7.24,89.97,1.12
2009-11-22,24.29,11.44,91.79,1.55
2009-11-23,24.76,3.6,89.68,1.62
2009-11-24,25.51,0.32,85.63,1.02
2009-11-25,25.08,0.25,87.18,1.71
2009-11-26,24.24,0.02,83.51,1.85
2009-11-27,23.34,0.0,80.68,1.84
2009-11-28,23.53,1.98,84.68,2.33
2009-11-29,23.85,3.57,85.87,2.72
2009-11-30,23.95,3.18,85.25,2.74
2009-12-01,23.25,8.98,91.35,2.58
2009-12-02,24.24,5.6,89.5,2.49
2009-12-03,25.04,2.55,87.42,1.39
2009-12-04,25.13,0.41,86.92,1.63
2009-12-05,23.78,0.0,82.45,2.43
2009-12-06,22.03,0.0,81.4,1.93
2009-12-07,22.05,0.0,79.8,1.82
2009-12-08,23.3,0.0,82.85,2.26
2009-12-09,23.59,0.0,82.63,3.01
2009-12-10,22.82,0.0,79.69,3.31
2009-12-11,23.47,0.22,78.75,3.26
2009-12-12,24.26,12.61,85.39,3.65
2009-12-13,25.05,6.74,87.28,2.87
2009-12-14,24.88,5.72,86.69,3.52
2009-12-15,24.61,15.76,89.17,2.65
2009-12-16,24.61,7.0,87.47,2.12
2009-12-17,23.56,4.22,89.46,2.46
2009-12-18,24.0,0.22,84.64,2.22
2009-12-19,24.59,0.53,86.15,2.52
2009-12-20,24.74,1.13,85.59,3.07
2009-12-21,24.48,5.18,88.9,3.51
2009-12-22,24.22,5.17,88.84,3.02
2009-12-23,23.88,2.14,86.97,3.26
2009-12-24,23.65,0.25,84.81,3.04
2009-12-25,23.15,0.01,82.52,2.4
2009-12-26,23.53,0.0,82.31,2.54
2009-12-27,22.86,0.63,85.42,1.96
2009-12-28,22.53,0.01,86.27,1.83
2009-12-29,23.25,0.0,81.06,2.12
2009-12-30,23.45,0.0,82.19,1.92
2009-12-31,23.77,0.0,81.52,1.66
2010-01-01,23.83,0.0,81.51,2.46
2010-01-02,23.37,0.02,80.38,2.64
2010-01-03,22.73,0.02,79.9,2.33
2010-01-04,22.52,0.0,77.35,1.89
2010-01-05,22.09,0.0,77.98,1.85
2010-01-06,22.57,0.0,80.4,2.49
2010-01-07,23.39,0.21,79.92,2.67
2010-01-08,23.52,1.92,85.27,2.49
2010-01-09,24.52,2.27,86.63,2.32
2010-01-10,25.12,3.87,84.62,1.66
2010-01-11,25.5,0.36,82.44,1.83
2010-01-12,25.96,0.12,80.83,1.6
2010-01-13,25.83,0.06,81.98,2.02
2010-01-14,25.77,0.0,79.75,2.29
2010-01-15,24.47,0.0,77.64,2.86
2010-01-16,24.06,0.0,79.2,2.91
2010-01-17,24.09,0.0,77.31,2.69
2010-01-18,24.48,0.0,78.35,2.22
2010-01-19,24.71,0.0,78.41,2.49
2010-01-20,24.28,0.0,76.93,2.6
2010-01-21,22.87,0.0,71.52,2.67
2010-01-22,22.08,0.0,70.71,2.5
2010-01-23,22.26,0.0,74.45,2.6
2010-01-24,22.68,0.01,74.02,2.37
2010-01-25,23.64,0.0,76.85,2.37
2010-01-26,24.32,0.02,77.12,2.7
2010-01-27,25.04,0.02,76.11,2.72
2010-01-28,24.75,0.0,76.47,2.94
2010-01-29,24.15,0.0,74.7,2.84
2010-01-30,24.05,0.0,72.02,2.62
2010-01-31,24.17,0.0,72.76,2.46
2010-02-01,23.23,0.0,74.31,2.15
2010-02-02,23.42,0.0,70.59,2.68
2010-02-03,23.48,0.0,69.5,2.91
2010-02-04,23.45,0.0,70.69,2.54
2010-02-05,23.38,0.0,72.36,2.73
2010-02-06,23.13,0.0,72.63,2.81
2010-02-07,24.09,0.0,72.49,2.87
2010-02-08,23.8,0.0,67.29,2.74
2010-02-09,23.97,0.0,67.72,2.18
2010-02-10,25.0,0.0,69.04,2.17
2010-02-11,26.07,0.03,68.62,2.39
2010-02-12,26.59,0.0,69.8,2.63
2010-02-13,26.66,0.0,68.96,2.47
2010-02-14,26.29,0.0,67.87,2.2
2010-02-15,24.92,0.0,74.29,1.73
2010-02-16,26.17,0.0,67.47,2.03
2010-02-17,26.57,0.0,71.09,2.31
2010-02-18,26.7,0.0,63.02,1.61
2010-02-19,25.91,0.0,67.65,1.56
2010-02-20,26.85,0.0,65.71,1.86
2010-02-21,27.69,0.0,64.99,2.1
2010-02-22,27.88,0.0,63.0,2.2
2010-02-23,28.63,0.0,60.77,1.58
2010-02-24,28.82,0.0,59.18,2.03
2010-02-25,28.88,0.0,57.97,2.1
2010-02-26,28.84,0.0,57.18,2.02
2010-02-27,28.72,0.0,57.96,2.22
2010-02-28,28.26,0.0,55.42,2.13
2010-03-01,27.42,0.0,58.13,2.18
2010-03-02,27.02,0.0,54.32,2.24
2010-03-03,27.03,0.0,50.39,2.2
2010-03-04,28.22,0.0,51.05,1.86
2010-03-05,28.94,0.0,49.52,1.94
2010-03-06,30.01,0.03,56.53,2.03
2010-03-07,31.13,0.0,56.18,2.2
2010-03-08,29.8,0.0,56.86,2.19
2010-03-09,29.38,0.0,60.27,2.35
2010-03-10,29.35,0.0,60.82,2.74
2010-03-11,29.29,0.0,62.41,3.23
2010-03-12,29.15,0.0,59.45,3.17
2010-03-13,29.48,0.0,59.12,2.56
2010-03-14,30.34,0.0,52.68,2.14
2010-03-15,30.39,0.0,50.02,2.08
2010-03-16,29.19,0.0,55.39,1.72
2010-03-17,29.31,0.0,58.09,2.6
2010-03-18,28.55,0.0,61.84,2.93
2010-03-19,29.32,0.0,58.5,2.61
2010-03-20,30.09,0.0,53.6,2.22
2010-03-21,30.11,0.0,45.84,2.11
2010-03-22,29.74,0.0,51.01,1.57
2010-03-23,30.19,0.0,52.97,2.08
2010-03-24,30.54,0.0,53.43,1.93
2010-03-25,30.88,0.0,54.75,2.19
2010-03-26,31.73,0.0,55.74,2.31
2010-03-27,32.02,0.13,54.75,2.33
2010-03-28,31.35,0.08,56.79,2.71
2010-03-29,32.23,0.02,54.12,2.35
2010-03-30,32.56,0.05,53.97,2.46
2010-03-31,33.41,0.38,48.41,1.81
2010-04-01,34.08,0.02,45.52,2.76
2010-04-02,33.68,0.0,48.04,2.57
2010-04-03,32.61,0.0,51.65,2.96
2010-04-04,31.67,0.0,53.26,2.49
2010-04-05,31.25,0.05,57.39,2.14
2010-04-06,31.81,0.01,51.31,2.27
2010-04-07,31.6,0.01,54.79,2.48
2010-04-08,30.44,0.42,61.7,2.17
2010-04-09,31.79,0.01,56.61,1.78
2010-04-10,31.31,0.0,53.83,1.72
2010-04-11,32.76,0.0,52.03,2.62
2010-04-12,32.72,0.22,55.17,2.95
2010-04-13,33.47,0.2,51.42,2.55
2010-04-14,33.36,0.28,52.9,2.31
2010-04-15,32.24,0.01,55.9,2.1
2010-04-16,32.32,0.0,55.64,2.77
2010-04-17,31.84,0.32,57.01,2.67
2010-04-18,33.19,0.63,50.23,2.56
2010-04-19,33.37,0.11,49.82,2.15
2010-04-20,33.18,0.34,49.42,1.79
2010-04-21,33.66,0.87,50.45,2.04
2010-04-22,33.87,0.07,47.92,2.41
2010-04-23,32.86,0.0,56.36,2.83
2010-04-24,32.93,0.37,51.83,1.96
2010-04-25,32.66,1.16,51.18,2.21
2010-04-26,31.21,0.76,59.76,2.49
2010-04-27,31.52,1.37,54.77,1.94
2010-04-28,32.1,0.29,54.86,2.56
2010-04-29,31.28,0.05,59.57,2.53
2010-04-30,29.18,25.88,72.98,2.28
2010-05-01,29.42,3.08,67.09,1.36
2010-05-02,30.45,4.06,66.09,1.14
2010-05-03,29.01,2.32,75.37,0.99
2010-05-04,28.88,10.89,77.69,1.3
2010-05-05,29.89,3.68,72.89,1.42
2010-05-06,31.98,1.34,63.28,1.74
2010-05-07,31.79,0.17,64.99,1.76
2010-05-08,31.03,0.15,66.54,1.24
2010-05-09,30.95,0.01,65.09,1.55
2010-05-10,31.87,0.0,57.95,2.34
2010-05-11,32.43,0.0,58.22,2.32
2010-05-12,32.33,0.0,60.14,1.86
2010-05-13,32.75,0.0,59.77,1.89
2010-05-14,31.12,0.02,66.96,1.77
2010-05-15,31.05,0.24,59.51,2.18
2010-05-16,31.87,0.87,60.67,1.41
2010-05-17,31.58,6.03,63.28,2.06
2010-05-18,29.56,18.84,74.35,2.75
2010-05-19,28.39,2.7,73.28,4.49
2010-05-20,29.77,0.53,69.64,3.96
2010-05-21,30.77,0.25,61.95,3.88
2010-05-22,30.78,0.11,60.72,2.8
2010-05-23,30.67,1.96,63.32,2.87
2010-05-24,30.79,0.02,64.07,3.01
2010-05-25,29.99,0.0,62.71,4.55
2010-05-26,31.72,0.0,54.62,4.39
2010-05-27,32.92,0.01,53.86,4.17
2010-05-28,30.54,26.98,68.41,3.88
2010-05-29,30.44,1.56,65.78,4.26
2010-05-30,30.77,1.19,61.57,3.49
2010-05-31,29.27,0.56,62.77,4.49
2010-06-01,30.59,0.02,60.38,3.11
2010-06-02,32.36,0.79,58.05,2.41
2010-06-03,31.33,0.31,60.89,2.69
2010-06-04,30.44,16.53,68.47,1.9
2010-06-05,27.38,5.26,80.0,3.55
2010-06-06,29.19,1.86,64.04,4.17
2010-06-07,27.67,0.51,70.05,3.07
2010-06-08,28.25,0.01,64.31,3.86
2010-06-09,29.39,4.34,68.24,2.61
2010-06-10,27.54,2.62,79.19,2.05
2010-06-11,27.54,2.07,75.84,3.27
2010-06-12,28.47,0.9,69.75,3.86
2010-06-13,27.88,0.25,74.7,4.2
2010-06-14,28.84,0.15,65.66,4.33
2010-06-15,29.71,0.83,60.81,3.86
2010-06-16,28.08,1.33,71.06,1.94
2010-06-17,28.61,9.05,69.28,2.96
2010-06-18,27.9,5.66,70.36,2.55
2010-06-19,28.94,3.96,64.9,2.72
2010-06-20,28.34,0.99,69.38,2.03
2010-06-21,29.34,9.42,67.68,2.01
2010-06-22,28.11,4.29,72.27,2.87
2010-06-23,28.73,3.79,67.89,4.65
2010-06-24,28.02,0.02,64.13,4.43
2010-06-25,28.94,0.0,59.26,5.06
2010-06-26,29.51,0.0,61.34,5.02
2010-06-27,30.08,0.0,60.87,4.16
2010-06-28,29.37,3.44,67.85,3.82
2010-06-29,29.07,0.44,68.97,3.47
2010-06-30,29.45,0.0,60.24,4.57
2010-07-01,27.31,0.0,62.51,4.43
2010-07-02,28.56,0.0,57.22,4.76
2010-07-03,28.78,0.04,58.89,5.03
2010-07-04,28.11,0.1,65.23,3.43
2010-07-05,29.13,0.14,59.16,4.85
2010-07-06,27.99,0.38,62.8,3.8
2010-07-07,28.22,2.0,65.3,2.58
2010-07-08,27.37,13.8,70.52,1.4
2010-07-09,26.92,3.93,76.55,1.6
2010-07-10,28.26,2.47,69.19,1.59
2010-07-11,29.38,0.19,66.14,2.7
2010-07-12,28.74,1.54,68.54,2.25
2010-07-13,27.35,5.4,75.32,2.33
2010-07-14,27.89,3.71,69.98,2.93
2010-07-15,27.92,4.35,71.8,3.08
2010-07-16,27.08,1.28,73.87,4.24
2010-07-17,27.14,4.47,69.98,4.31
2010-07-18,27.55,3.36,70.88,3.73
2010-07-19,27.34,0.64,71.67,4.15
2010-07-20,27.68,0.1,67.98,4.58
2010-07-21,28.17,1.27,68.41,3.39
2010-07-22,28.31,0.03,67.1,3.75
2010-07-23,28.79,0.0,61.5,3.8
2010-07-24,28.48,0.0,61.49,5.0
2010-07-25,27.83,0.01,63.01,4.72
2010-07-26,28.55,0.29,61.04,4.87
2010-07-27,28.24,0.18,66.84,4.14
2010-07-28,28.27,0.11,62.19,4.99
2010-07-29,28.61,0.8,62.94,4.74
2010-07-30,28.79,0.23,62.12,4.43
2010-07-31,28.54,0.01,64.08,4.24
2010-08-01,30.06,0.0,58.96,3.68
2010-08-02,30.35,0.03,58.06,3.59
2010-08-03,29.0,0.32,60.36,4.79
2010-08-04,28.8,0.05,61.43,4.72
2010-08-05,28.88,1.93,64.54,3.67
2010-08-06,29.57,0.2,61.33,4.45
2010-08-07,29.48,0.49,62.15,3.64
2010-08-08,30.07,0.38,60.98,3.92
2010-08-09,30.62,2.44,60.12,3.34
2010-08-10,30.63,0.33,58.02,3.45
2010-08-11,30.68,0.18,58.01,3.77
2010-08-12,28.61,1.91,67.82,2.97
2010-08-13,28.78,2.64,69.34,2.06
2010-08-14,27.45,19.0,77.21,2.34
2010-08-15,26.37,6.59,83.02,1.97
2010-08-16,26.71,18.84,78.61,3.16
2010-08-17,28.05,0.38,69.22,2.93
2010-08-18,28.0,0.03,66.82,3.35
2010-08-19,28.54,2.47,67.46,2.19
2010-08-20,26.11,15.79,81.86,1.65
2010-08-21,25.31,13.47,83.75,1.82
2010-08-22,26.2,2.0,80.67,2.53
2010-08-23,27.08,4.49,76.87,2.38
2010-08-24,27.06,3.05,78.29,2.99
2010-08-25,26.79,0.31,75.26,3.24
2010-08-26,27.92,0.36,69.2,3.25
2010-08-27,28.04,0.16,68.83,3.21
2010-08-28,28.01,3.14,73.45,2.55
2010-08-29,27.34,5.91,78.91,2.88
2010-08-30,26.06,5.4,77.2,3.79
2010-08-31,26.65,3.35,69.85,3.31
2010-09-01,27.12,0.0,69.89,3.36
2010-09-02,28.15,0.83,69.3,2.89
2010-09-03,28.36,1.36,69.4,2.41
2010-09-04,28.27,0.06,66.58,2.85
2010-09-05,28.62,0.0,64.82,3.03
2010-09-06,28.47,0.0,64.3,3.58
2010-09-07,28.19,0.1,66.35,3.71
2010-09-08,27.76,0.0,68.39,3.75
2010-09-09,27.93,3.95,70.36,2.4
2010-09-10,27.18,13.23,77.9,2.34
2010-09-11,27.34,3.44,70.76,2.63
2010-09-12,27.99,6.09,72.01,1.32
2010-09-13,26.9,18.07,74.56,2.93
2010-09-14,27.71,0.46,68.02,3.28
2010-09-15,27.23,3.87,72.34,3.15
2010-09-16,27.23,5.01,71.85,3.17
2010-09-17,28.45,0.24,67.82,3.27
2010-09-18,27.49,2.47,69.73,3.16
2010-09-19,28.35,0.31,67.53,2.03
2010-09-20,28.37,1.06,68.21,1.76
2010-09-21,27.39,2.2,75.9,0.94
2010-09-22,26.61,7.12,81.57,0.72
2010-09-23,27.02,2.3,79.52,0.94
2010-09-24,27.23,11.66,77.54,1.26
2010-09-25,26.73,0.62,77.81,1.38
2010-09-26,26.9,4.26,78.31,1.24
2010-09-27,27.04,1.84,78.45,1.84
2010-09-28,26.4,4.11,83.11,1.58
2010-09-29,26.03,3.59,81.51,1.88
2010-09-30,26.78,2.19,76.05,1.27
2010-10-01,27.12,1.87,76.81,1.31
2010-10-02,26.87,6.89,80.05,1.14
2010-10-03,26.74,4.79,81.69,0.86
2010-10-04,27.53,7.64,78.4,0.89
2010-10-05,26.87,1.64,82.56,1.38
2010-10-06,27.24,1.25,77.58,3.34
2010-10-07,27.28,0.2,78.5,2.42
2010-10-08,26.94,9.39,81.78,1.72
2010-10-09,27.49,0.55,77.06,2.04
2010-10-10,26.95,0.31,77.07,2.13
2010-10-11,27.19,0.04,75.36,1.8
2010-10-12,28.17,0.0,68.43,1.98
2010-10-13,27.94,0.88,72.15,2.47
2010-10-14,25.66,2.73,81.97,2.87
2010-10-15,26.97,0.52,74.97,3.13
2010-10-16,28.05,0.22,66.96,3.61
2010-10-17,27.7,0.03,65.31,2.68
2010-10-18,28.23,2.65,69.93,2.11
2010-10-19,28.13,8.5,74.58,1.85
2010-10-20,27.12,2.92,78.62,1.98
2010-10-21,27.5,11.02,77.32,1.83
2010-10-22,27.05,2.24,78.12,2.56
2010-10-23,27.87,0.22,71.7,2.06
2010-10-24,28.52,0.02,70.38,2.03
2010-10-25,28.59,0.95,71.14,1.66
2010-10-26,27.62,6.04,78.35,0.95
2010-10-27,26.37,9.43,86.42,0.54
2010-10-28,25.61,18.61,85.72,1.0
2010-10-29,25.15,9.41,83.92,1.67
2010-10-30,25.05,4.36,86.66,1.54
2010-10-31,25.27,14.84,86.06,1.2
2010-11-01,24.89,28.74,87.1,1.25
2010-11-02,25.32,2.14,85.12,0.8
2010-11-03,26.12,7.42,85.2,1.05
2010-11-04,25.62,6.7,88.6,1.46
2010-11-05,25.51,12.19,88.5,0.84
2010-11-06,24.54,6.97,87.77,1.31
2010-11-07,24.04,10.03,88.62,3.07
2010-11-08,25.58,0.42,86.03,2.15
2010-11-09,26.3,8.41,87.96,1.07
2010-11-10,25.94,9.38,87.19,1.12
2010-11-11,24.63,17.52,89.6,0.84
2010-11-12,25.3,8.33,86.48,1.0
2010-11-13,25.79,0.93,86.03,1.3
2010-11-14,25.25,0.0,85.8,1.6
2010-11-15,25.13,1.55,87.61,1.51
2010-11-16,24.49,12.98,89.18,1.8
2010-11-17,24.82,9.72,90.01,2.7
2010-11-18,24.65,5.63,89.32,1.73
2010-11-19,24.32,4.57,86.45,1.59
2010-11-20,24.21,21.04,91.39,1.51
2010-11-21,24.92,5.1,85.62,0.85
2010-11-22,24.22,20.88,87.87,1.25
2010-11-23,24.8,5.5,86.66,0.84
2010-11-24,24.43,9.78,91.02,1.82
2010-11-25,24.04,12.2,92.8,2.68
2010-11-26,23.65,29.58,91.87,2.67
2010-11-27,22.61,12.05,90.77,1.93
2010-11-28,24.07,37.27,94.09,2.37
2010-11-29,24.02,2.9,91.25,2.23
2010-11-30,24.29,9.07,90.63,2.5
2010-12-01,24.43,15.91,94.8,2.26
2010-12-02,24.54,21.69,93.5,2.12
2010-12-03,23.83,11.93,92.69,2.9
2010-12-04,22.79,3.24,91.8,3.07
2010-12-05,22.14,5.78,89.62,3.27
2010-12-06,22.66,0.29,85.31,1.97
2010-12-07,24.06,0.64,86.07,1.42
2010-12-08,24.4,9.25,87.15,1.58
2010-12-09,24.53,0.29,87.64,1.19
2010-12-10,24.38,0.22,85.75,1.69
2010-12-11,24.67,0.19,84.52,1.59
2010-12-12,24.22,9.21,86.4,1.68
2010-12-13,23.66,1.97,86.15,1.43
2010-12-14,24.24,8.13,89.23,1.31
2010-12-15,23.92,6.34,90.13,1.59
2010-12-16,24.07,4.36,91.13,1.81
2010-12-17,23.94,2.35,90.38,2.07
2010-12-18,23.28,0.32,88.8,2.53
2010-12-19,21.84,4.53,87.49,2.74
2010-12-20,24.25,5.88,89.58,3.07
2010-12-21,22.81,1.05,87.05,3.4
2010-12-22,20.69,0.0,85.22,2.1
2010-12-23,20.9,0.0,85.34,1.82
2010-12-24,21.06,0.01,85.91,2.04
2010-12-25,21.2,0.0,87.54,2.25
2010-12-26,21.7,0.0,85.3,2.43
2010-12-27,21.32,0.07,84.03,2.15
2010-12-28,21.07,5.45,89.5,2.28
2010-12-29,22.31,1.13,91.52,3.13
2010-12-30,22.81,1.62,87.52,2.47
2010-12-31,22.99,0.25,88.12,1.98
2011-01-01,23.67,0.05,87.32,1.5
2011-01-02,24.12,0.54,88.58,1.87
2011-01-03,23.6,0.05,87.47,2.21
2011-01-04,22.15,6.77,92.85,1.94
2011-01-05,22.45,0.46,91.4,2.79
2011-01-06,23.06,0.06,85.89,2.82
2011-01-07,23.32,0.29,86.62,3.22
2011-01-08,24.19,0.01,86.22,2.87
2011-01-09,23.86,0.0,83.64,2.51
2011-01-10,23.27,0.0,88.99,2.29
2011-01-11,21.56,0.0,77.89,2.03
2011-01-12,20.6,0.0,86.49,1.91
2011-01-13,20.56,0.0,83.57,2.13
2011-01-14,21.3,0.01,85.7,2.47
2011-01-15,22.57,0.35,85.2,2.75
2011-01-16,23.22,0.17,85.44,2.52
2011-01-17,23.14,0.0,85.78,1.5
2011-01-18,21.88,0.0,81.34,1.68
2011-01-19,20.89,0.0,82.95,1.45
2011-01-20,21.1,0.0,83.82,1.5
2011-01-21,21.65,0.0,84.5,1.87
2011-01-22,21.98,0.0,83.5,2.21
2011-01-23,22.09,0.0,83.71,2.58
2011-01-24,22.05,0.0,82.13,2.68
2011-01-25,22.13,0.0,80.91,2.74
2011-01-26,22.85,0.0,83.59,3.11
2011-01-27,22.85,0.0,81.41,2.87
2011-01-28,23.14,0.0,83.49,2.51
2011-01-29,23.83,0.02,80.67,3.05
2011-01-30,23.73,0.04,81.36,3.09
2011-01-31,23.31,0.0,80.0,3.16
2011-02-01,23.38,0.0,78.02,3.09
2011-02-02,22.89,0.01,76.99,3.15
2011-02-03,23.27,0.01,77.87,3.03
2011-02-04,23.41,0.0,75.75,2.99
2011-02-05,22.9,0.0,74.86,2.83
2011-02-06,23.08,0.0,76.21,2.74
2011-02-07,23.73,0.0,75.1,2.62
2011-02-08,23.33,0.0,70.56,2.15
2011-02-09,23.3,0.0,74.26,2.06
2011-02-10,22.47,0.01,71.11,2.24
2011-02-11,22.62,0.0,75.97,2.43
2011-02-12,23.0,0.0,72.42,2.16
2011-02-13,22.27,0.0,70.72,2.34
2011-02-14,23.07,0.0,73.75,1.95
2011-02-15,24.27,0.0,72.56,1.38
2011-02-16,25.7,0.0,73.09,1.29
2011-02-17,26.47,0.0,72.26,1.26
2011-02-18,26.72,0.0,74.18,1.38
2011-02-19,27.26,0.0,72.81,1.49
2011-02-20,27.49,0.0,71.86,1.98
2011-02-21,27.34,0.26,72.84,1.7
2011-02-22,26.77,1.12,76.02,2.35
2011-02-23,26.37,1.89,75.62,2.36
2011-02-24,25.88,5.84,76.94,1.88
2011-02-25,25.96,0.2,71.77,1.92
2011-02-26,26.04,1.54,71.84,2.12
2011-02-27,25.91,0.0,69.65,2.65
2011-02-28,25.67,0.0,70.33,2.98
2011-03-01,25.37,0.0,70.08,2.99
2011-03-02,25.06,0.0,66.89,2.66
2011-03-03,24.92,0.0,66.55,2.38
2011-03-04,26.07,0.0,68.55,2.04
2011-03-05,26.83,0.0,66.58,2.0
2011-03-06,26.18,0.0,64.13,2.04
2011-03-07,25.71,0.0,63.28,2.23
2011-03-08,27.02,0.0,57.5,2.07
2011-03-09,27.69,0.0,50.42,1.77
2011-03-10,26.83,0.0,54.74,1.96
2011-03-11,26.34,0.0,59.39,1.65
2011-03-12,27.09,0.11,67.87,2.71
2011-03-13,28.27,0.08,66.87,3.44
2011-03-14,28.16,0.0,66.28,3.51
2011-03-15,27.77,0.0,64.22,3.02
2011-03-16,27.82,0.0,64.09,3.34
2011-03-17,26.93,0.0,62.62,3.22
2011-03-18,26.83,0.0,62.15,2.52
2011-03-19,28.48,0.0,61.22,1.84
2011-03-20,30.04,0.0,59.24,1.56
2011-03-21,30.49,0.0,59.17,1.61
2011-03-22,30.71,0.0,55.97,2.02
2011-03-23,29.88,0.0,55.77,1.98
2011-03-24,29.82,0.0,55.45,1.75
2011-03-25,30.23,0.73,58.79,2.24
2011-03-26,30.57,0.02,55.76,1.99
2011-03-27,31.12,0.0,54.14,2.07
2011-03-28,31.54,0.0,48.9,1.9
2011-03-29,31.19,0.0,49.76,1.87
2011-03-30,30.83,0.0,50.69,2.28
2011-03-31,30.84,0.0,49.5,2.2
2011-04-01,31.63,0.0,48.24,2.09
2011-04-02,31.59,0.0,52.29,2.83
2011-04-03,31.66,0.0,53.27,2.42
2011-04-04,32.26,0.34,48.74,2.68
2011-04-05,31.75,0.02,49.92,2.93
2011-04-06,30.71,0.0,49.72,3.03
2011-04-07,29.6,0.0,53.59,2.66
2011-04-08,29.98,0.0,56.83,2.37
2011-04-09,30.98,0.19,55.64,2.37
2011-04-10,30.85,0.34,57.33,2.56
2011-04-11,31.18,0.04,55.18,2.45
2011-04-12,31.38,0.0,54.67,2.34
2011-04-13,31.9,0.01,53.97,2.39
2011-04-14,31.8,0.0,53.44,2.19
2011-04-15,30.45,2.95,58.56,2.13
2011-04-16,29.87,0.04,58.47,2.18
2011-04-17,30.57,0.03,55.33,1.95
2011-04-18,31.28,0.27,53.39,2.33
2011-04-19,30.64,1.09,54.43,2.07
2011-04-20,29.23,1.01,56.78,2.2
2011-04-21,29.12,6.18,61.05,1.72
2011-04-22,27.03,12.73,79.04,1.7
2011-04-23,25.55,21.34,88.42,1.35
2011-04-24,27.48,10.03,75.36,1.44
2011-04-25,26.55,9.26,83.06,1.19
2011-04-26,28.65,5.43,71.3,1.39
2011-04-27,29.29,0.32,70.03,1.78
2011-04-28,30.19,0.04,65.52,1.23
2011-04-29,30.35,0.19,65.29,2.24
2011-04-30,30.3,0.07,66.18,1.63
2011-05-01,30.46,0.55,64.98,1.56
2011-05-02,29.99,0.07,67.06,1.64
2011-05-03,30.05,7.15,68.21,2.49
2011-05-04,29.55,0.37,65.33,3.48
2011-05-05,29.3,0.38,68.63,2.11
2011-05-06,30.39,0.1,64.21,2.02
2011-05-07,30.79,0.0,58.62,3.09
2011-05-08,30.62,0.0,56.4,2.44
2011-05-09,30.34,0.0,56.25,3.0
2011-05-10,30.92,0.0,57.08,2.25
2011-05-11,31.31,0.0,53.76,2.45
2011-05-12,31.47,0.0,55.78,2.64
2011-05-13,31.54,0.65,55.86,2.45
2011-05-14,31.64,0.33,58.27,2.11
2011-05-15,31.71,0.01,58.18,1.88
2011-05-16,31.74,0.0,57.36,2.07
2011-05-17,31.57,0.01,58.25,2.69
2011-05-18,31.26,0.03,58.99,1.93
2011-05-19,31.46,1.86,58.78,2.32
2011-05-20,30.1,9.1,68.46,2.19
2011-05-21,28.93,0.22,70.45,2.44
2011-05-22,30.54,0.0,59.45,1.91
2011-05-23,31.77,0.18,57.88,1.88
2011-05-24,31.83,0.33,58.65,2.22
2011-05-25,31.2,0.07,62.88,1.81
2011-05-26,30.78,0.01,61.35,1.61
2011-05-27,30.51,1.6,61.25,2.74
2011-05-28,29.67,0.23,64.51,2.8
2011-05-29,30.14,0.0,58.39,3.59
2011-05-30,31.44,1.12,59.64,3.23
2011-05-31,29.87,15.83,66.28,3.96
2011-06-01,28.64,4.73,71.07,3.23
2011-06-02,27.92,0.29,70.53,3.96
2011-06-03,28.06,1.4,70.49,3.05
2011-06-04,29.46,2.75,66.44,3.41
2011-06-05,29.57,0.01,63.02,3.85
2011-06-06,30.7,0.46,58.53,4.22
2011-06-07,30.16,0.01,56.46,3.38
2011-06-08,30.99,0.06,54.58,3.6
2011-06-09,30.39,0.71,59.51,3.53
2011-06-10,30.39,0.01,61.05,4.08
2011-06-11,30.33,0.0,60.24,3.83
2011-06-12,30.22,0.0,60.84,4.18
2011-06-13,29.57,0.02,59.41,5.31
2011-06-14,28.44,0.17,62.12,4.99
2011-06-15,28.55,0.0,57.01,5.01
2011-06-16,29.04,0.04,56.78,5.45
2011-06-17,28.47,0.99,50.72,5.47
2011-06-18,29.99,0.14,49.08,5.31
2011-06-19,30.62,0.21,58.09,5.1
2011-06-20,30.99,0.0,54.72,5.08
2011-06-21,30.62,0.0,54.48,5.15
2011-06-22,31.08,0.44,53.6,5.29
2011-06-23,31.86,0.11,53.06,4.29
2011-06-24,31.34,0.55,55.13,4.49
2011-06-25,30.27,2.92,59.98,4.7
2011-06-26,30.0,0.04,60.58,5.2
2011-06-27,30.17,0.03,55.61,5.64
2011-06-28,29.73,0.07,52.38,5.21
2011-06-29,30.1,0.0,52.59,4.16
2011-06-30,31.89,0.04,49.14,2.78
2011-07-01,30.66,9.53,58.2,3.38
2011-07-02,29.03,1.79,63.32,3.61
2011-07-03,29.75,3.14,57.95,3.28
2011-07-04,29.87,1.88,54.97,4.44
2011-07-05,26.59,22.87,66.64,3.6
2011-07-06,27.64,0.23,66.24,3.95
2011-07-07,28.98,2.08,61.24,3.4
2011-07-08,27.72,0.73,66.55,2.8
2011-07-09,28.07,7.1,65.36,2.88
2011-07-10,28.59,1.6,63.56,2.45
2011-07-11,28.51,0.66,67.36,3.45
2011-07-12,27.84,0.05,63.86,5.76
2011-07-13,28.05,0.0,57.59,5.13
2011-07-14,28.26,0.12,54.46,5.94
2011-07-15,27.75,0.03,58.97,5.98
2011-07-16,28.67,0.72,60.51,5.34
2011-07-17,28.88,0.11,60.63,4.96
2011-07-18,28.41,0.09,63.23,5.05
2011-07-19,28.84,0.01,61.06,4.83
2011-07-20,28.52,0.5,63.28,5.5
2011-07-21,29.72,0.06,56.39,4.99
2011-07-22,28.52,0.0,60.34,4.86
2011-07-23,28.74,0.0,60.14,4.74
2011-07-24,28.67,0.3,62.13,4.82
2011-07-25,28.7,2.41,61.19,3.5
2011-07-26,28.98,2.58,59.71,2.94
2011-07-27,27.77,0.27,62.6,4.45
2011-07-28,27.19,3.91,66.62,4.27
2011-07-29,27.12,0.14,64.51,4.39
2011-07-30,26.29,0.01,70.19,3.03
2011-07-31,29.65,0.0,60.07,4.41
2011-08-01,29.52,0.07,58.14,4.61
2011-08-02,30.59,0.06,57.2,5.05
2011-08-03,28.79,0.1,60.69,4.05
2011-08-04,29.52,1.28,57.09,4.87
2011-08-05,28.33,7.31,63.44,4.65
2011-08-06,29.0,0.08,60.82,4.9
2011-08-07,29.15,0.07,60.62,4.69
2011-08-08,29.02,4.28,63.85,3.88
2011-08-09,28.86,1.16,64.99,3.57
2011-08-10,29.65,1.44,60.55,3.58
2011-08-11,28.87,2.38,64.81,4.12
2011-08-12,29.04,0.02,60.69,3.36
2011-08-13,29.06,0.25,60.29,3.22
2011-08-14,28.57,0.03,59.17,1.83
2011-08-15,28.28,11.54,67.7,1.72
2011-08-16,28.28,0.9,68.94,1.82
2011-08-17,27.22,18.36,74.36,1.76
2011-08-18,28.04,2.21,69.08,3.04
2011-08-19,28.13,0.0,66.58,2.61
2011-08-20,27.92,8.31,70.79,2.49
2011-08-21,27.45,0.15,71.09,3.15
2011-08-22,28.49,0.22,64.26,2.38
2011-08-23,29.35,0.5,60.65,2.87
2011-08-24,27.34,15.17,70.64,3.64
2011-08-25,27.5,2.31,70.98,3.42
2011-08-26,27.96,1.36,67.19,3.22
2011-08-27,28.4,0.26,64.23,3.97
2011-08-28,27.98,0.01,66.12,3.69
2011-08-29,28.52,0.06,63.64,4.34
2011-08-30,28.45,0.69,60.71,4.28
2011-08-31,28.22,1.76,64.26,4.03
2011-09-01,27.6,1.21,70.5,4.07
2011-09-02,27.17,7.97,75.59,3.05
2011-09-03,27.85,0.03,69.58,3.8
2011-09-04,28.76,1.54,65.74,3.37
2011-09-05,29.33,5.16,64.45,3.27
2011-09-06,27.83,5.73,70.11,3.78
2011-09-07,28.83,0.05,63.74,3.5
2011-09-08,29.2,2.76,65.59,2.94
2011-09-09,28.87,1.12,67.2,2.95
2011-09-10,28.31,5.76,69.21,3.08
2011-09-11,28.4,3.67,67.01,3.5
2011-09-12,26.69,42.45,77.04,2.56
2011-09-13,26.8,0.17,69.27,3.11
2011-09-14,27.0,0.83,68.88,3.81
2011-09-15,27.1,10.16,72.35,3.5
2011-09-16,27.78,5.94,72.14,2.88
2011-09-17,28.43,0.11,69.19,2.8
2011-09-18,28.47,0.07,67.56,2.59
2011-09-19,28.66,2.1,68.21,2.33
2011-09-20,27.76,0.35,71.0,2.35
2011-09-21,28.13,1.26,66.14,3.62
2011-09-22,28.63,0.0,63.91,3.01
2011-09-23,29.43,0.0,57.87,2.47
2011-09-24,27.82,3.09,64.49,2.17
2011-09-25,29.26,1.34,66.32,1.41
2011-09-26,29.68,0.95,64.14,1.98
2011-09-27,29.41,0.04,65.06,1.7
2011-09-28,29.49,0.03,64.67,1.79
2011-09-29,28.18,4.65,70.46,1.77
2011-09-30,27.14,29.82,81.24,1.21
2011-10-01,26.76,9.69,81.61,1.47
2011-10-02,26.82,2.61,80.28,1.35
2011-10-03,27.69,1.0,75.53,1.32
2011-10-04,27.15,1.57,77.76,1.51
2011-10-05,27.26,1.31,73.5,1.09
2011-10-06,28.01,3.26,74.9,1.48
2011-10-07,26.28,3.07,83.27,1.27
2011-10-08,28.08,2.77,72.78,1.53
2011-10-09,27.75,10.32,76.38,1.44
2011-10-10,27.71,0.57,76.48,1.09
2011-10-11,26.92,2.67,79.18,0.88
2011-10-12,25.87,14.91,83.62,0.67
2011-10-13,26.61,4.39,80.88,0.97
2011-10-14,27.22,2.19,79.56,0.91
2011-10-15,26.65,5.99,84.59,0.84
2011-10-16,26.61,7.47,84.46,0.88
2011-10-17,26.27,2.03,83.72,1.34
2011-10-18,26.49,6.7,82.16,0.96
2011-10-19,26.91,2.92,77.98,1.12
2011-10-20,26.89,0.24,77.26,1.04
2011-10-21,27.09,0.51,77.97,1.2
2011-10-22,26.66,6.81,82.63,1.59
2011-10-23,25.19,5.58,85.94,1.5
2011-10-24,25.7,11.23,85.59,1.9
2011-10-25,24.91,13.17,87.57,2.19
2011-10-26,24.9,9.23,88.01,3.0
2011-10-27,25.39,9.99,85.74,2.26
2011-10-28,24.58,6.11,88.53,2.39
2011-10-29,24.06,30.21,89.16,2.44
2011-10-30,24.23,14.62,90.17,2.66
2011-10-31,24.7,10.21,89.73,2.33
2011-11-01,24.43,16.63,93.01,2.36
2011-11-02,24.0,4.27,90.85,1.16
2011-11-03,24.18,20.79,88.19,1.03
2011-11-04,25.0,5.84,86.3,1.07
2011-11-05,25.5,11.54,88.57,1.26
2011-11-06,25.79,10.92,87.88,1.32
2011-11-07,24.9,1.05,86.26,2.21
2011-11-08,22.7,0.0,81.35,1.84
2011-11-09,22.61,0.0,79.0,1.69
2011-11-10,22.83,0.0,79.09,1.78
2011-11-11,23.9,0.1,85.09,1.91
2011-11-12,24.15,0.01,83.36,1.73
2011-11-13,23.9,0.27,83.73,1.66
2011-11-14,24.38,0.37,86.78,2.27
2011-11-15,23.83,0.1,83.8,2.46
2011-11-16,23.85,2.23,81.53,2.69
2011-11-17,24.47,7.73,87.87,2.72
2011-11-18,24.56,6.3,88.25,2.6
2011-11-19,23.35,0.88,83.08,2.95
2011-11-20,23.08,0.21,83.27,3.12
2011-11-21,23.84,0.29,84.15,3.22
2011-11-22,23.81,1.09,81.9,3.29
2011-11-23,23.77,2.14,85.64,3.47
2011-11-24,24.35,22.32,90.43,3.99
2011-11-25,24.85,38.42,93.43,3.99
2011-11-26,24.83,28.41,93.41,3.98
2011-11-27,24.41,7.99,93.09,1.95
2011-11-28,24.79,7.13,91.64,2.11
2011-11-29,24.99,0.87,88.79,1.88
2011-11-30,24.91,1.07,88.92,2.62
2011-12-01,24.25,0.34,88.85,1.51
2011-12-02,24.36,0.01,85.06,1.22
2011-12-03,24.43,0.0,81.53,0.92
2011-12-04,23.99,0.0,84.64,1.12
2011-12-05,23.36,0.0,85.59,1.64
2011-12-06,22.92,0.0,85.31,1.99
2011-12-07,22.26,0.05,83.31,2.59
2011-12-08,22.99,0.29,85.36,2.28
2011-12-09,24.67,2.07,88.09,2.28
2011-12-10,24.95,0.58,87.04,2.15
2011-12-11,24.54,0.23,86.44,2.14
2011-12-12,23.87,0.23,86.33,2.63
2011-12-13,23.85,1.57,86.4,3.19
2011-12-14,23.46,0.79,85.8,3.31
2011-12-15,23.3,5.52,90.93,2.39
2011-12-16,23.42,0.29,82.36,3.02
2011-12-17,22.2,0.0,79.42,2.99
2011-12-18,22.04,1.04,82.82,3.41
2011-12-19,22.2,0.61,83.77,2.88
2011-12-20,21.41,0.07,83.4,2.78
2011-12-21,22.31,0.0,81.82,2.99
2011-12-22,21.97,0.0,79.91,2.85
2011-12-23,21.99,0.04,80.98,2.58
2011-12-24,22.17,0.0,78.34,2.59
2011-12-25,21.82,0.0,79.54,2.73
2011-12-26,21.75,0.0,77.26,2.29
2011-12-27,22.24,0.0,68.03,1.49
2011-12-28,22.99,0.0,63.29,1.5
2011-12-29,24.14,4.24,69.72,2.57
2011-12-30,24.14,19.17,88.54,3.83
2011-12-31,23.78,3.56,83.7,2.98
2012-01-01,24.21,0.02,84.19,1.38
2012-01-02,25.14,0.0,83.21,1.25
2012-01-03,24.98,0.05,82.2,1.46
2012-01-04,25.26,0.07,83.83,2.14
2012-01-05,25.16,0.0,83.06,2.03
2012-01-06,24.27,0.0,81.53,2.01
2012-01-07,23.52,0.01,81.39,2.12
2012-01-08,24.17,0.76,83.2,2.68
2012-01-09,24.68,0.21,80.71,1.89
2012-01-10,24.59,0.01,78.1,1.75
2012-01-11,23.89,2.19,79.31,1.66
2012-01-12,23.81,0.62,79.79,2.18
2012-01-13,23.81,0.27,79.23,2.95
2012-01-14,23.02,0.0,74.08,2.93
2012-01-15,21.2,0.0,72.44,2.67
2012-01-16,20.81,0.0,73.02,2.02
2012-01-17,21.18,0.0,72.02,1.7
2012-01-18,21.81,0.0,68.45,1.32
2012-01-19,22.67,0.0,71.64,1.39
2012-01-20,22.75,0.0,70.78,1.41
2012-01-21,22.82,0.0,73.64,1.99
2012-01-22,22.51,0.0,72.39,2.59
2012-01-23,22.43,0.0,72.28,2.67
2012-01-24,22.07,0.0,71.62,2.28
2012-01-25,22.17,0.0,71.42,2.33
2012-01-26,23.23,0.02,69.99,2.53
2012-01-27,23.97,0.02,73.57,2.23
2012-01-28,24.17,0.0,73.34,2.38
2012-01-29,23.97,0.0,71.33,2.45
2012-01-30,24.03,0.53,70.75,2.74
2012-01-31,23.6,1.08,71.13,3.03
2012-02-01,23.24,0.01,70.81,3.35
2012-02-02,23.26,0.01,72.81,3.28
2012-02-03,24.2,0.0,69.12,3.54
2012-02-04,24.43,0.0,67.97,3.03
2012-02-05,24.07,0.0,73.09,2.6
2012-02-06,24.47,0.0,77.26,2.35
2012-02-07,26.23,0.0,67.07,2.65
2012-02-08,26.39,0.0,69.09,2.27
2012-02-09,26.47,0.0,72.09,2.0
2012-02-10,26.44,0.0,71.09,2.11
2012-02-11,25.58,0.0,74.46,1.87
2012-02-12,25.59,0.0,68.61,2.29
2012-02-13,25.66,0.0,69.73,2.55
2012-02-14,26.33,0.0,68.06,2.42
2012-02-15,26.45,0.0,65.16,1.48
2012-02-16,27.48,0.0,63.85,1.86
2012-02-17,26.47,0.0,67.8,2.13
2012-02-18,25.46,0.0,66.66,2.7
2012-02-19,25.32,0.0,66.48,2.67
2012-02-20,25.63,0.0,60.74,2.31
2012-02-21,26.15,0.0,62.06,2.23
2012-02-22,25.6,0.0,62.55,2.44
2012-02-23,25.22,0.0,61.51,2.64
2012-02-24,25.0,0.0,58.33,2.4
2012-02-25,25.38,0.0,55.0,2.74
2012-02-26,25.15,0.0,56.23,2.58
2012-02-27,26.43,0.0,57.17,2.59
2012-02-28,28.41,0.0,57.41,1.35
2012-02-29,30.48,0.0,57.04,1.89
2012-03-01,30.42,0.0,58.44,2.38
2012-03-02,30.63,0.0,56.09,2.21
2012-03-03,31.24,0.0,53.51,2.3
2012-03-04,30.72,0.0,55.95,2.53
2012-03-05,30.05,0.0,58.24,2.34
2012-03-06,29.87,0.0,52.9,1.57
2012-03-07,30.1,0.0,52.21,1.67
2012-03-08,30.71,0.0,54.1,1.58
2012-03-09,31.13,0.0,47.59,2.06
2012-03-10,30.39,0.0,54.33,2.16
2012-03-11,28.78,0.01,57.87,2.98
2012-03-12,28.03,1.53,66.14,2.6
2012-03-13,28.46,0.16,68.13,3.05
2012-03-14,29.93,0.0,60.7,2.81
2012-03-15,30.41,0.0,57.81,2.75
2012-03-16,30.66,0.0,56.82,2.24
2012-03-17,30.76,0.0,51.27,2.11
2012-03-18,30.33,0.0,51.9,2.04
2012-03-19,30.7,0.0,45.54,2.08
2012-03-20,31.05,0.0,47.82,2.37
2012-03-21,31.18,0.0,52.94,2.23
2012-03-22,31.15,0.0,50.39,2.0
2012-03-23,30.73,0.0,50.73,2.19
2012-03-24,29.49,0.0,49.33,2.24
2012-03-25,28.69,0.0,51.52,2.26
2012-03-26,28.38,0.0,51.59,2.29
2012-03-27,29.0,0.26,58.41,2.31
2012-03-28,30.45,0.39,56.25,2.48
2012-03-29,31.22,0.0,52.52,1.9
2012-03-30,31.82,0.0,51.46,1.77
2012-03-31,31.66,2.31,52.7,2.38
2012-04-01,30.41,1.59,57.56,2.68
2012-04-02,30.22,0.22,55.12,2.17
2012-04-03,30.8,0.0,50.48,1.64
2012-04-04,31.29,0.0,48.63,1.79
2012-04-05,32.05,0.0,48.57,1.8
2012-04-06,32.16,0.0,51.29,2.47
2012-04-07,31.93,0.0,54.36,2.49
2012-04-08,31.78,0.0,54.22,2.7
2012-04-09,31.76,0.77,54.19,2.44
2012-04-10,32.31,0.57,52.86,2.39
2012-04-11,32.5,0.0,51.39,2.7
2012-04-12,32.4,0.01,51.83,2.55
2012-04-13,31.96,0.0,53.08,2.62
2012-04-14,29.9,0.05,60.88,2.1
2012-04-15,30.53,0.03,58.31,2.18
2012-04-16,31.03,0.04,56.58,1.8
2012-04-17,32.71,0.03,51.83,2.13
2012-04-18,32.95,0.07,50.03,2.5
2012-04-19,31.85,0.01,51.6,1.85
2012-04-20,31.8,0.08,52.46,2.11
2012-04-21,33.04,0.0,47.65,2.58
2012-04-22,32.93,0.0,50.19,2.3
2012-04-23,32.22,0.48,52.49,2.13
2012-04-24,30.07,11.9,65.24,1.27
2012-04-25,27.62,9.46,77.6,1.43
2012-04-26,26.19,7.77,82.93,1.98
2012-04-27,28.26,3.45,74.06,1.71
2012-04-28,29.16,0.33,68.93,2.21
2012-04-29,29.06,2.09,69.42,1.77
2012-04-30,29.53,1.62,69.59,1.58
2012-05-01,29.61,2.52,69.8,2.07
2012-05-02,29.2,0.19,69.81,2.08
2012-05-03,29.68,0.99,67.89,2.28
2012-05-04,29.37,0.11,69.0,2.87
2012-05-05,29.95,0.0,59.9,3.82
2012-05-06,30.87,0.0,57.91,2.48
2012-05-07,32.34,0.66,53.25,2.35
2012-05-08,30.96,10.1,63.6,1.46
2012-05-09,31.23,0.73,60.98,1.76
2012-05-10,30.19,35.17,68.11,1.74
2012-05-11,28.64,3.44,74.22,1.64
2012-05-12,29.16,0.32,69.41,1.97
2012-05-13,30.29,0.03,63.65,1.95
2012-05-14,29.61,2.1,70.93,1.42
2012-05-15,29.28,2.74,72.57,2.22
2012-05-16,29.98,0.24,67.48,2.13
2012-05-17,30.63,0.0,64.73,2.71
2012-05-18,29.35,5.1,71.25,2.42
2012-05-19,30.05,2.56,70.65,2.44
2012-05-20,29.47,0.43,70.28,2.24
2012-05-21,28.5,1.67,69.22,3.41
2012-05-22,29.18,0.04,65.63,2.49
2012-05-23,29.53,0.0,62.9,3.36
2012-05-24,30.72,0.0,60.34,3.33
2012-05-25,29.93,0.0,62.55,3.26
2012-05-26,27.98,0.0,70.43,2.94
2012-05-27,29.23,0.0,66.85,4.02
2012-05-28,30.03,0.0,63.21,3.6
2012-05-29,28.76,0.0,69.82,3.59
2012-05-30,30.04,0.0,62.89,3.23
2012-05-31,30.14,0.0,61.39,4.03
2012-06-01,28.16,0.0,66.61,4.43
2012-06-02,31.62,0.0,54.82,3.82
2012-06-03,31.19,3.23,60.23,4.2
2012-06-04,30.17,0.05,63.91,3.36
2012-06-05,30.24,0.02,60.18,4.81
2012-06-06,30.31,0.0,56.58,4.8
2012-06-07,29.73,0.01,56.7,5.27
2012-06-08,29.71,1.34,56.1,4.12
2012-06-09,30.12,0.25,56.27,4.72
2012-06-10,29.57,0.0,58.42,4.27
2012-06-11,30.49,0.0,56.19,4.54
2012-06-12,30.97,0.04,53.43,4.41
2012-06-13,29.4,8.81,57.34,3.83
2012-06-14,28.24,19.41,68.28,3.58
2012-06-15,29.17,1.38,62.88,3.94
2012-06-16,28.38,5.74,68.7,4.08
2012-06-17,26.89,12.01,70.2,4.91
2012-06-18,27.11,0.35,68.21,4.85
2012-06-19,28.6,0.05,62.49,4.99
2012-06-20,28.61,0.01,64.93,4.85
2012-06-21,28.2,2.37,65.57,4.27
2012-06-22,28.53,0.05,65.0,4.36
2012-06-23,30.37,0.0,58.69,3.5
2012-06-24,29.91,0.0,60.45,2.83
2012-06-25,29.15,0.04,64.43,2.57
2012-06-26,28.5,1.45,67.93,2.57
2012-06-27,28.34,0.11,62.85,3.43
2012-06-28,27.06,4.35,69.65,3.38
2012-06-29,27.82,0.24,67.1,3.95
2012-06-30,28.07,0.1,65.07,4.35
2012-07-01,28.27,0.01,61.81,4.99
2012-07-02,27.07,1.95,66.73,4.5
2012-07-03,28.91,0.03,59.61,5.32
2012-07-04,29.7,0.0,58.98,4.52
2012-07-05,29.91,0.01,57.95,3.91
2012-07-06,30.21,0.0,58.98,2.89
2012-07-07,30.17,0.32,59.02,3.54
2012-07-08,29.84,0.03,59.37,3.38
2012-07-09,28.8,1.38,64.94,2.75
2012-07-10,29.21,0.4,60.71,3.93
2012-07-11,29.87,0.17,58.13,3.83
2012-07-12,30.23,1.19,59.23,3.19
2012-07-13,29.85,18.91,63.42,3.14
2012-07-14,26.65,15.24,80.22,2.39
2012-07-15,27.41,3.28,75.56,1.64
2012-07-16,27.36,1.13,73.49,1.48
2012-07-17,28.23,1.29,71.83,1.44
2012-07-18,28.87,0.0,62.23,2.98
2012-07-19,29.26,0.0,60.57,4.41
2012-07-20,29.4,0.0,62.48,4.18
2012-07-21,29.38,0.16,62.29,4.76
2012-07-22,29.22,0.0,62.2,4.62
2012-07-23,29.81,0.0,60.49,4.34
2012-07-24,30.05,0.0,58.94,4.12
2012-07-25,30.03,0.0,59.77,4.38
2012-07-26,30.5,0.05,57.45,4.48
2012-07-27,29.27,0.15,60.93,4.02
2012-07-28,29.48,0.0,59.93,3.84
2012-07-29,29.08,0.0,61.03,3.93
2012-07-30,29.16,0.0,59.46,3.86
2012-07-31,28.54,0.0,60.68,4.14
2012-08-01,29.86,0.0,56.56,4.0
2012-08-02,30.07,0.0,56.33,4.72
2012-08-03,29.67,0.3,57.95,4.42
2012-08-04,30.06,0.05,56.21,4.81
2012-08-05,30.77,0.75,54.71,4.53
2012-08-06,31.09,0.23,51.5,4.61
2012-08-07,30.41,4.97,53.2,3.84
2012-08-08,28.35,6.69,67.79,3.01
2012-08-09,28.31,0.08,66.7,4.06
2012-08-10,28.73,0.29,63.03,4.13
2012-08-11,28.42,5.62,65.78,3.28
2012-08-12,28.28,0.04,66.73,2.4
2012-08-13,28.53,0.78,63.66,2.64
2012-08-14,28.83,5.64,62.21,2.35
2012-08-15,27.88,6.84,69.49,3.01
2012-08-16,27.74,5.93,71.72,2.37
2012-08-17,25.95,5.55,78.49,3.55
2012-08-18,27.74,0.18,67.14,4.05
2012-08-19,29.82,0.01,54.99,3.69
2012-08-20,30.16,0.0,57.43,2.6
2012-08-21,29.08,13.23,67.65,1.82
2012-08-22,28.89,0.52,67.81,1.54
2012-08-23,29.67,3.14,64.58,1.7
2012-08-24,29.08,17.66,68.93,1.71
2012-08-25,27.42,0.73,76.19,2.08
2012-08-26,27.38,0.08,70.64,3.04
2012-08-27,27.72,0.1,64.59,3.84
2012-08-28,27.53,2.87,67.09,3.04
2012-08-29,27.05,2.3,72.47,3.23
2012-08-30,26.99,0.32,73.23,2.83
2012-08-31,27.53,0.41,71.92,3.15
2012-09-01,28.57,0.02,62.82,3.94
2012-09-02,28.82,5.1,65.66,3.69
2012-09-03,28.37,0.28,68.56,3.69
2012-09-04,28.34,0.06,62.3,4.31
2012-09-05,29.51,2.76,61.57,3.09
2012-09-06,28.91,8.9,68.07,2.59
2012-09-07,28.38,8.71,70.05,2.88
2012-09-08,27.01,9.67,75.54,2.01
2012-09-09,26.42,11.28,76.97,3.51
2012-09-10,27.48,0.08,65.65,3.86
2012-09-11,27.38,8.65,67.13,3.59
2012-09-12,28.3,0.26,64.58,3.38
2012-09-13,28.39,2.39,68.03,2.54
2012-09-14,28.39,0.31,69.0,2.64
2012-09-15,28.4,5.78,69.4,3.17
2012-09-16,28.52,0.09,64.69,3.66
2012-09-17,29.09,0.98,65.69,2.0
2012-09-18,28.7,2.24,67.27,2.0
2012-09-19,28.38,0.59,70.51,1.42
2012-09-20,29.54,0.95,65.07,1.55
2012-09-21,28.88,0.82,67.18,1.6
2012-09-22,29.98,0.23,60.68,2.33
2012-09-23,29.56,0.34,59.93,1.51
2012-09-24,29.53,1.32,59.34,1.98
2012-09-25,29.24,0.57,61.58,2.0
2012-09-26,29.12,3.32,64.67,1.51
2012-09-27,26.99,4.94,78.89,1.13
2012-09-28,27.37,17.18,76.07,1.22
2012-09-29,27.22,3.2,75.03,1.16
2012-09-30,27.61,9.03,75.35,1.67
2012-10-01,28.13,0.13,69.71,1.68
2012-10-02,28.6,0.0,64.91,1.93
2012-10-03,28.97,0.0,63.82,1.97
2012-10-04,29.27,0.0,61.0,1.96
2012-10-05,29.68,0.0,61.47,1.7
2012-10-06,28.56,0.4,69.65,1.11
2012-10-07,26.94,4.2,79.52,0.93
2012-10-08,27.85,6.48,75.59,0.79
2012-10-09,26.38,8.08,81.25,1.01
2012-10-10,27.79,0.47,71.1,1.16
2012-10-11,27.48,0.03,73.14,1.18
2012-10-12,26.63,1.57,80.62,1.13
2012-10-13,27.27,1.27,76.4,1.4
2012-10-14,26.44,31.73,83.08,1.38
2012-10-15,25.74,17.68,85.26,1.55
2012-10-16,25.81,9.79,85.02,0.98
2012-10-17,25.8,5.12,83.47,2.02
2012-10-18,25.77,15.81,84.39,2.37
2012-10-19,24.93,21.07,91.47,2.3
2012-10-20,23.72,17.02,90.03,3.79
2012-10-21,24.56,17.32,90.75,2.54
2012-10-22,25.3,6.89,88.85,2.12
2012-10-23,25.22,16.8,90.06,2.42
2012-10-24,25.11,7.0,90.26,1.65
2012-10-25,25.43,2.28,87.1,1.78
2012-10-26,25.55,1.14,84.83,2.22
2012-10-27,25.37,3.07,83.46,2.62
2012-10-28,25.39,12.43,86.06,3.45
2012-10-29,25.05,8.02,86.98,2.85
2012-10-30,24.09,8.87,89.18,2.74
2012-10-31,23.18,43.74,90.74,4.13
2012-11-01,24.67,1.72,90.12,3.38
2012-11-02,25.91,0.03,84.27,1.99
2012-11-03,26.02,0.07,80.02,1.58
2012-11-04,25.48,0.0,82.04,1.35
2012-11-05,25.53,0.0,83.27,0.99
2012-11-06,25.52,0.49,83.33,0.98
2012-11-07,25.61,0.56,86.56,1.05
2012-11-08,25.35,0.71,86.77,1.13
2012-11-09,25.27,0.14,85.26,1.48
2012-11-10,24.99,0.0,86.73,1.85
2012-11-11,24.34,0.0,82.68,2.05
2012-11-12,24.05,0.01,83.47,2.29
2012-11-13,23.26,0.0,80.9,2.43
2012-11-14,22.22,0.0,77.98,2.47
2012-11-15,22.23,0.0,77.1,2.09
2012-11-16,22.15,0.0,74.41,2.2
2012-11-17,23.32,0.0,76.45,1.6
2012-11-18,23.82,0.0,75.76,1.01
2012-11-19,24.49,0.0,70.17,0.76
2012-11-20,24.96,0.0,72.24,1.18
2012-11-21,26.78,0.0,77.95,0.88
2012-11-22,27.1,0.51,80.65,1.19
2012-11-23,25.98,6.99,88.21,1.56
2012-11-24,25.22,0.96,85.62,2.12
2012-11-25,24.88,2.18,87.45,2.61
2012-11-26,24.59,0.33,85.24,2.55
2012-11-27,24.78,0.22,80.0,2.95
2012-11-28,23.88,0.0,77.39,2.59
2012-11-29,23.25,0.0,76.65,2.14
2012-11-30,22.65,0.0,76.37,1.77
2012-12-01,23.11,0.0,75.6,2.02
2012-12-02,23.71,0.13,76.0,2.47
2012-12-03,25.13,3.46,81.65,3.42
2012-12-04,25.82,0.78,84.4,3.12
2012-12-05,25.84,0.49,83.14,2.62
2012-12-06,26.07,0.83,81.33,3.31
2012-12-07,25.23,0.09,79.93,2.51
2012-12-08,25.13,0.0,79.71,2.06
2012-12-09,24.4,0.01,76.95,1.7
2012-12-10,23.86,0.0,77.73,1.72
2012-12-11,24.35,0.0,78.72,1.76
2012-12-12,24.65,0.0,77.59,1.78
2012-12-13,24.76,0.0,76.29,1.94
2012-12-14,24.41,0.0,77.04,2.44
2012-12-15,23.97,0.0,76.34,3.23
2012-12-16,24.28,0.0,72.52,3.86
2012-12-17,24.29,0.0,71.74,4.16
2012-12-18,23.92,0.03,75.34,3.57
2012-12-19,24.46,0.07,74.89,3.03
2012-12-20,25.02,0.0,76.58,3.26
2012-12-21,25.38,0.0,74.14,3.55
2012-12-22,24.45,0.0,72.19,3.53
2012-12-23,24.59,0.0,71.15,3.57
2012-12-24,25.05,0.03,72.55,3.3
2012-12-25,25.16,0.21,74.18,3.98
2012-12-26,25.72,1.34,75.72,3.98
2012-12-27,25.22,1.47,77.7,4.38
2012-12-28,24.76,3.12,85.27,3.43
2012-12-29,25.6,3.14,86.55,3.53
2012-12-30,26.87,0.52,79.45,2.84
2012-12-31,26.75,0.0,74.75,2.6
2013-01-01,26.31,0.0,74.02,2.48
2013-01-02,25.06,0.0,70.41,2.12
2013-01-03,25.72,0.0,74.06,2.22
2013-01-04,26.6,0.0,72.48,1.82
2013-01-05,26.51,0.0,73.26,2.33
2013-01-06,26.57,0.0,73.58,2.54
2013-01-07,26.04,0.16,70.53,2.96
2013-01-08,25.94,2.2,74.5,2.83
2013-01-09,25.89,0.41,70.2,3.17
2013-01-10,25.89,0.01,67.14,3.13
2013-01-11,24.88,0.0,68.98,2.68
2013-01-12,24.48,0.0,68.34,2.77
2013-01-13,23.94,0.0,65.97,2.53
2013-01-14,23.51,0.0,70.17,2.07
2013-01-15,24.2,0.0,70.67,2.42
2013-01-16,24.43,0.0,69.24,2.67
2013-01-17,24.51,0.0,67.93,2.86
2013-01-18,24.88,0.0,67.04,2.88
2013-01-19,25.0,0.0,64.59,2.87
2013-01-20,25.3,0.02,68.64,2.74
2013-01-21,26.03,0.0,63.69,3.1
2013-01-22,25.07,0.0,62.42,3.13
2013-01-23,25.43,0.0,65.41,3.04
2013-01-24,25.55,0.0,64.29,3.0
2013-01-25,24.96,0.0,63.83,3.21
2013-01-26,24.79,0.0,63.45,3.19
2013-01-27,25.25,0.0,65.48,3.05
2013-01-28,25.79,0.0,64.27,2.65
2013-01-29,26.18,0.0,64.85,2.15
2013-01-30,26.19,0.0,65.9,2.81
2013-01-31,25.51,0.0,63.8,3.38
2013-02-01,24.74,0.0,60.48,3.14
2013-02-02,24.87,0.0,63.29,2.89
2013-02-03,25.12,0.0,63.96,2.94
2013-02-04,26.55,0.03,66.01,2.61
2013-02-05,27.21,0.36,68.26,3.02
2013-02-06,27.5,0.01,64.89,2.89
2013-02-07,27.84,0.0,60.33,2.0
2013-02-08,28.56,0.0,60.1,2.01
2013-02-09,27.88,0.0,60.03,2.89
2013-02-10,27.13,0.0,61.68,3.54
2013-02-11,27.24,0.26,63.49,3.97
2013-02-12,27.49,0.14,61.02,3.85
2013-02-13,26.36,0.74,69.1,3.31
2013-02-14,27.35,3.54,67.99,2.5
2013-02-15,26.48,2.32,68.79,1.83
2013-02-16,28.34,0.6,62.23,2.0
2013-02-17,29.98,0.83,57.27,1.71
2013-02-18,28.53,4.37,67.58,1.88
2013-02-19,27.39,2.5,71.02,2.79
2013-02-20,27.72,0.02,62.9,3.09
2013-02-21,27.03,0.0,60.85,3.39
2013-02-22,26.38,0.0,62.22,3.06
2013-02-23,26.86,0.0,60.14,2.79
2013-02-24,26.67,0.0,58.75,2.36
2013-02-25,26.02,0.0,56.26,2.18
2013-02-26,26.1,0.0,54.96,2.53
2013-02-27,26.97,0.0,55.49,2.58
2013-02-28,27.74,0.0,57.52,2.64
2013-03-01,27.8,0.0,53.62,2.84
2013-03-02,27.21,0.0,57.21,3.36
2013-03-03,27.58,0.0,54.63,3.3
2013-03-04,27.75,0.81,63.99,3.55
2013-03-05,27.0,6.9,75.69,3.76
2013-03-06,27.43,4.51,74.41,3.19
2013-03-07,28.07,0.74,70.85,3.57
2013-03-08,28.03,1.56,66.9,2.64
2013-03-09,28.94,0.17,63.24,2.5
2013-03-10,29.57,0.0,59.41,2.11
2013-03-11,29.44,0.0,56.2,2.18
2013-03-12,28.95,0.0,54.25,1.97
2013-03-13,29.17,0.0,52.91,2.05
2013-03-14,28.42,0.0,58.46,2.38
2013-03-15,28.53,0.0,61.26,2.79
2013-03-16,29.12,0.06,59.14,2.86
2013-03-17,29.64,0.0,54.49,2.56
2013-03-18,29.31,0.0,51.73,2.34
2013-03-19,29.55,0.0,54.4,2.13
2013-03-20,29.89,0.0,56.13,2.16
2013-03-21,29.61,0.0,50.67,2.06
2013-03-22,30.23,0.0,45.52,2.24
2013-03-23,30.05,0.0,49.16,2.24
2013-03-24,29.66,0.04,53.77,2.37
2013-03-25,30.85,0.0,49.62,1.76
2013-03-26,31.54,0.14,52.36,2.42
2013-03-27,31.79,0.01,54.98,2.61
2013-03-28,32.05,0.04,54.06,2.46
2013-03-29,32.22,0.09,55.48,2.54
2013-03-30,31.47,0.01,57.55,2.73
2013-03-31,31.43,0.1,58.86,2.76
2013-04-01,32.14,0.0,54.39,2.55
2013-04-02,32.54,0.03,53.52,2.74
2013-04-03,32.47,0.0,51.19,2.55
2013-04-04,32.81,0.0,52.15,2.5
2013-04-05,32.97,0.12,52.75,2.46
2013-04-06,33.32,0.0,48.24,2.31
2013-04-07,33.18,0.0,51.55,3.16
2013-04-08,32.44,0.0,54.54,3.05
2013-04-09,32.3,0.0,55.77,2.84
2013-04-10,32.46,0.0,50.16,2.88
2013-04-11,32.07,0.0,50.99,2.2
2013-04-12,32.06,0.0,52.64,2.7
2013-04-13,32.14,0.02,55.11,2.63
2013-04-14,32.78,0.13,53.24,2.93
2013-04-15,32.1,0.56,54.67,2.17
2013-04-16,33.65,0.32,47.2,2.53
2013-04-17,34.07,0.18,48.47,2.83
2013-04-18,30.69,0.05,51.96,1.71
2013-04-19,33.66,0.01,42.26,2.43
2013-04-20,33.23,0.01,49.31,2.63
2013-04-21,32.67,0.14,52.39,3.06
2013-04-22,32.53,0.02,51.55,2.96
2013-04-23,32.85,0.15,51.09,2.94
2013-04-24,31.91,2.59,54.73,1.76
2013-04-25,31.7,0.54,56.53,2.62
2013-04-26,31.38,0.06,57.19,2.19
2013-04-27,32.63,0.0,51.27,2.3
2013-04-28,33.28,0.09,51.23,2.54
2013-04-29,33.36,2.7,51.26,1.69
2013-04-30,31.78,0.09,58.88,2.46
2013-05-01,31.07,0.18,59.88,1.88
2013-05-02,32.79,0.04,52.83,2.64
2013-05-03,33.93,0.11,49.02,2.64
2013-05-04,33.77,0.82,50.23,2.21
2013-05-05,32.36,0.09,56.55,3.05
2013-05-06,31.67,0.01,58.37,2.06
2013-05-07,32.55,0.71,54.38,1.95
2013-05-08,34.2,0.05,45.5,3.21
2013-05-09,33.88,0.11,44.51,3.21
2013-05-10,33.9,0.17,44.22,2.34
2013-05-11,34.92,0.26,41.06,3.04
2013-05-12,32.72,0.61,51.81,3.07
2013-05-13,30.59,0.05,53.82,1.79
2013-05-14,32.54,0.0,45.7,3.47
2013-05-15,32.74,0.01,46.72,3.34
2013-05-16,31.5,0.0,48.36,3.69
2013-05-17,33.41,0.01,44.13,2.61
2013-05-18,33.93,0.24,45.43,3.19
2013-05-19,34.05,1.15,46.81,2.6
2013-05-20,32.14,0.77,56.92,2.95
2013-05-21,32.67,0.14,43.9,3.3
2013-05-22,33.81,0.2,43.97,3.8
2013-05-23,33.63,0.0,47.37,4.83
2013-05-24,32.95,0.05,50.62,4.58
2013-05-25,30.71,6.14,56.69,5.73
2013-05-26,27.76,0.71,62.18,3.84
2013-05-27,27.98,0.0,69.91,3.99
2013-05-28,28.08,0.07,67.11,3.95
2013-05-29,28.15,0.0,67.62,3.39
2013-05-30,29.0,12.63,68.07,2.96
2013-05-31,27.26,8.38,75.28,2.8
2013-06-01,28.07,1.92,69.37,3.56
2013-06-02,27.57,0.93,69.22,4.86
2013-06-03,29.14,0.25,64.46,4.13
2013-06-04,29.73,0.03,62.6,3.34
2013-06-05,30.67,0.0,58.23,2.73
2013-06-06,29.54,4.97,64.55,2.82
2013-06-07,28.04,1.9,69.88,3.83
2013-06-08,27.3,0.02,67.94,3.88
2013-06-09,28.99,0.0,58.24,5.0
2013-06-10,29.88,0.0,54.42,5.19
2013-06-11,29.14,0.04,60.52,5.28
2013-06-12,28.6,0.01,59.29,5.51
2013-06-13,29.29,0.01,54.33,6.33
2013-06-14,29.91,0.03,56.9,6.03
2013-06-15,30.4,0.84,57.43,5.77
2013-06-16,30.06,0.11,59.16,5.68
2013-06-17,29.28,0.17,58.06,5.56
2013-06-18,29.21,4.04,60.2,5.2
2013-06-19,28.58,3.77,66.41,5.1
2013-06-20,28.58,0.05,64.14,4.75
2013-06-21,29.36,2.4,61.98,5.09
2013-06-22,28.41,0.2,61.58,5.6
2013-06-23,29.7,0.08,55.92,5.87
2013-06-24,29.27,0.55,60.55,5.05
2013-06-25,29.75,0.17,60.8,5.13
2013-06-26,28.7,10.87,68.04,4.31
2013-06-27,28.26,1.92,69.9,3.99
2013-06-28,28.78,1.36,63.75,3.41
2013-06-29,29.66,0.74,58.37,3.16
2013-06-30,29.22,0.23,58.91,4.13
2013-07-01,28.18,0.02,59.21,5.16
2013-07-02,29.04,0.03,56.22,5.61
2013-07-03,28.1,0.03,58.52,5.62
2013-07-04,29.56,1.12,60.29,4.79
2013-07-05,29.52,0.04,61.5,3.81
2013-07-06,28.79,1.8,63.59,4.2
2013-07-07,27.9,2.29,67.1,4.03
2013-07-08,28.79,0.17,61.19,4.37
2013-07-09,28.86,0.08,58.97,5.03
2013-07-10,29.33,0.38,55.42,4.89
2013-07-11,29.18,0.16,53.1,5.16
2013-07-12,29.23,0.0,57.82,5.17
2013-07-13,28.82,0.02,59.32,4.61
2013-07-14,29.89,0.06,57.32,3.73
2013-07-15,29.68,0.04,59.17,4.18
2013-07-16,29.21,1.95,59.99,5.18
2013-07-17,28.97,0.0,59.24,4.92
2013-07-18,29.77,0.18,57.25,5.43
2013-07-19,28.45,2.58,62.94,5.28
2013-07-20,28.59,2.71,64.08,4.66
2013-07-21,28.49,0.9,62.27,4.94
2013-07-22,28.97,0.03,59.14,5.23
2013-07-23,29.27,0.0,57.57,5.99
2013-07-24,29.34,0.2,54.57,6.76
2013-07-25,29.29,0.02,56.23,6.28
2013-07-26,29.42,0.15,55.74,5.79
2013-07-27,29.97,0.16,55.35,4.54
2013-07-28,30.57,1.07,55.52,4.32
2013-07-29,28.63,0.02,55.02,5.2
2013-07-30,29.86,0.01,54.45,5.31
2013-07-31,30.08,0.12,54.23,6.52
2013-08-01,29.98,0.39,56.49,6.05
2013-08-02,29.49,0.05,57.16,5.45
2013-08-03,30.2,0.07,53.48,4.53
2013-08-04,28.79,5.8,62.2,4.6
2013-08-05,26.8,9.49,71.72,4.66
2013-08-06,27.78,0.58,65.92,3.94
2013-08-07,28.67,1.58,64.27,3.33
2013-08-08,28.68,2.96,66.51,3.11
2013-08-09,26.19,9.21,78.22,3.51
2013-08-10,26.73,24.61,78.7,2.9
2013-08-11,27.39,2.49,74.15,2.53
2013-08-12,27.91,0.73,69.46,3.05
2013-08-13,27.63,0.57,68.91,3.05
2013-08-14,27.51,2.43,66.77,4.22
2013-08-15,28.41,1.83,66.95,2.79
2013-08-16,28.57,6.66,66.88,3.06
2013-08-17,28.89,0.67,64.41,3.01
2013-08-18,29.43,0.16,61.31,3.54
2013-08-19,28.57,0.02,63.75,3.8
2013-08-20,29.14,0.05,62.69,4.46
2013-08-21,29.19,0.0,62.32,4.38
2013-08-22,29.0,0.0,61.42,4.18
2013-08-23,29.99,0.01,58.9,3.57
2013-08-24,30.03,0.23,57.44,3.42
2013-08-25,29.35,1.75,62.63,2.85
2013-08-26,29.52,2.05,63.58,2.4
2013-08-27,29.22,3.84,66.05,1.7
2013-08-28,28.14,18.74,74.51,1.82
2013-08-29,28.22,9.38,74.33,1.66
2013-08-30,29.34,0.74,68.36,1.28
2013-08-31,28.93,0.44,72.08,1.07
2013-09-01,28.19,3.55,74.47,1.53
2013-09-02,27.73,7.19,75.2,1.8
2013-09-03,27.67,7.69,74.29,2.14
2013-09-04,26.69,0.57,73.66,2.07
2013-09-05,27.12,24.51,73.11,2.2
2013-09-06,25.39,22.41,84.83,1.93
2013-09-07,26.58,6.58,79.09,2.25
2013-09-08,25.12,11.94,86.05,2.34
2013-09-09,25.53,3.44,80.34,3.02
2013-09-10,26.71,13.94,76.83,2.97
2013-09-11,26.29,4.99,80.82,2.04
2013-09-12,26.1,8.73,82.4,2.24
2013-09-13,26.66,0.41,79.58,2.48
2013-09-14,27.45,0.27,76.22,2.34
2013-09-15,26.81,0.96,78.64,2.57
2013-09-16,27.46,0.5,76.89,2.34
2013-09-17,26.74,6.86,80.0,2.88
2013-09-18,26.68,2.25,77.01,3.27
2013-09-19,27.32,0.58,71.47,3.9
2013-09-20,27.07,0.07,72.65,3.98
2013-09-21,26.85,0.0,75.29,3.29
2013-09-22,27.28,0.0,71.24,3.21
2013-09-23,27.45,0.0,68.83,2.7
2013-09-24,28.49,0.0,67.5,2.19
2013-09-25,29.06,4.51,68.55,2.05
2013-09-26,29.13,0.09,68.21,1.49
2013-09-27,29.46,0.0,67.2,1.48
2013-09-28,28.85,0.0,67.4,2.15
2013-09-29,29.04,0.0,62.68,3.11
2013-09-30,29.05,0.02,63.33,2.65
2013-10-01,29.55,0.15,64.93,2.21
2013-10-02,27.33,0.58,74.04,2.25
2013-10-03,27.37,1.66,75.02,1.71
2013-10-04,27.51,0.03,67.19,1.86
2013-10-05,28.14,0.0,61.46,2.13
2013-10-06,28.68,0.26,64.99,2.02
2013-10-07,29.02,0.6,66.1,1.95
2013-10-08,27.19,26.23,80.36,1.46
2013-10-09,26.53,1.55,79.05,1.79
2013-10-10,26.36,4.53,77.48,2.0
2013-10-11,27.57,0.14,72.73,1.91
2013-10-12,27.36,0.0,66.65,3.43
2013-10-13,28.8,0.0,66.97,3.1
2013-10-14,28.91,0.22,68.26,1.93
2013-10-15,28.34,2.84,74.29,1.49
2013-10-16,28.02,8.82,78.12,1.17
2013-10-17,27.44,6.28,80.24,0.46
2013-10-18,26.2,3.69,83.73,1.25
2013-10-19,25.93,10.45,83.32,1.14
2013-10-20,25.45,6.84,82.43,0.6
2013-10-21,25.65,10.68,82.32,1.25
2013-10-22,26.7,11.71,79.44,1.1
2013-10-23,26.34,0.29,83.02,2.08
2013-10-24,26.35,6.51,81.95,1.38
2013-10-25,26.43,4.85,83.74,1.47
2013-10-26,26.62,1.98,82.15,1.25
2013-10-27,27.55,0.41,75.31,1.57
2013-10-28,27.12,1.17,74.3,1.62
2013-10-29,27.25,0.11,75.57,1.23
2013-10-30,27.06,0.1,77.47,1.53
2013-10-31,26.55,0.08,77.73,1.57
2013-11-01,25.97,1.36,82.05,1.83
2013-11-02,25.72,4.25,87.17,2.03
2013-11-03,25.35,2.67,87.22,2.15
2013-11-04,25.36,6.02,88.5,2.0
2013-11-05,25.39,9.24,86.09,2.76
2013-11-06,25.59,2.01,80.86,3.04
2013-11-07,25.14,0.26,81.11,3.17
2013-11-08,25.37,0.06,73.5,2.68
2013-11-09,24.85,0.07,72.33,2.64
2013-11-10,25.86,0.33,73.32,2.68
2013-11-11,26.21,0.0,74.82,2.77
2013-11-12,25.75,0.2,73.98,2.54
2013-11-13,24.62,0.23,75.26,2.1
2013-11-14,25.94,0.01,72.08,2.48
2013-11-15,24.12,4.68,78.64,2.82
2013-11-16,23.99,39.94,87.78,3.64
2013-11-17,24.9,24.55,88.61,2.11
2013-11-18,24.96,8.37,87.41,2.47
2013-11-19,24.97,1.79,83.89,1.7
2013-11-20,25.19,0.26,79.53,1.55
2013-11-21,26.0,0.92,80.29,0.79
2013-11-22,26.07,0.3,80.89,0.94
2013-11-23,25.86,1.76,83.03,1.32
2013-11-24,24.52,4.64,89.83,0.94
2013-11-25,24.6,0.3,87.09,1.5
2013-11-26,25.28,0.02,79.9,1.59
2013-11-27,24.57,0.0,83.96,1.5
2013-11-28,24.72,0.0,77.26,1.15
2013-11-29,24.3,0.0,80.24,1.62
2013-11-30,24.64,1.54,83.86,2.22
2013-12-01,24.63,4.15,87.35,2.19
2013-12-02,23.92,12.19,88.76,1.95
2013-12-03,24.12,5.63,85.88,2.44
2013-12-04,23.96,5.27,86.35,2.98
2013-12-05,24.22,2.45,82.55,3.28
2013-12-06,24.22,0.03,74.61,3.3
2013-12-07,24.53,0.0,74.14,3.11
2013-12-08,25.41,0.0,76.36,2.86
2013-12-09,25.05,0.0,72.61,1.68
2013-12-10,24.54,0.0,71.44,1.0
2013-12-11,25.45,0.24,65.64,1.23
2013-12-12,24.82,14.2,84.15,3.39
2013-12-13,24.91,5.89,85.84,3.02
2013-12-14,25.02,0.3,84.03,2.1
2013-12-15,24.31,0.02,77.69,2.54
2013-12-16,21.5,0.0,73.7,2.45
2013-12-17,21.94,0.0,78.52,2.68
2013-12-18,22.59,0.0,77.16,2.47
2013-12-19,22.94,0.0,75.67,2.2
2013-12-20,22.94,0.0,76.27,2.18
2013-12-21,22.61,0.0,74.94,2.2
2013-12-22,22.4,0.0,74.93,2.44
2013-12-23,23.25,0.0,73.27,2.6
2013-12-24,23.7,0.0,74.23,3.34
2013-12-25,23.76,0.0,75.24,3.18
2013-12-26,23.08,0.0,75.38,2.57
2013-12-27,23.11,0.0,72.11,2.54
2013-12-28,23.57,0.0,69.52,2.16
2013-12-29,22.95,0.0,67.15,2.51
2013-12-30,23.05,0.0,67.79,2.54
2013-12-31,23.43,0.04,73.02,2.5
2014-01-01,23.76,0.02,73.89,2.93
2014-01-02,23.78,0.0,73.11,2.92
2014-01-03,24.26,0.0,73.71,2.92
2014-01-04,23.01,0.03,77.11,2.51
2014-01-05,24.06,0.23,72.21,2.96
2014-01-06,24.31,0.31,73.1,3.33
2014-01-07,24.73,1.17,72.27,3.55
2014-01-08,24.38,0.78,76.31,3.21
2014-01-09,25.03,0.02,71.6,2.97
2014-01-10,24.47,0.0,70.83,2.43
2014-01-11,24.27,0.0,70.91,1.99
2014-01-12,24.61,0.0,70.56,2.24
2014-01-13,25.15,0.12,71.13,2.67
2014-01-14,25.44,0.08,68.1,2.95
2014-01-15,25.17,0.0,68.19,2.39
2014-01-16,25.22,0.0,71.09,2.47
2014-01-17,24.64,0.0,69.14,2.69
2014-01-18,24.76,0.0,66.7,2.81
2014-01-19,24.41,0.0,74.45,2.7
2014-01-20,24.92,0.0,68.43,3.09
2014-01-21,24.77,0.0,67.95,3.22
2014-01-22,24.83,0.02,67.32,3.09
2014-01-23,25.17,0.01,65.73,2.84
2014-01-24,25.29,0.0,66.76,2.76
2014-01-25,24.93,0.0,67.05,2.92
2014-01-26,24.13,0.0,67.38,3.41
2014-01-27,24.58,0.01,65.89,3.37
2014-01-28,24.74,0.01,60.95,3.05
2014-01-29,24.65,0.0,61.04,3.09
2014-01-30,24.81,0.0,60.39,3.11
2014-01-31,25.41,0.0,65.41,3.07
2014-02-01,25.93,0.03,66.81,3.35
2014-02-02,25.66,0.06,67.86,3.45
2014-02-03,25.07,0.0,63.68,2.69
2014-02-04,25.14,0.0,62.06,2.26
2014-02-05,24.89,0.0,59.54,2.17
2014-02-06,24.99,0.0,61.36,2.23
2014-02-07,24.84,0.0,59.77,2.27
2014-02-08,25.18,0.0,59.56,2.19
2014-02-09,25.29,0.0,57.07,1.67
2014-02-10,26.06,0.0,56.6,1.99
2014-02-11,26.44,0.0,57.47,1.89
2014-02-12,26.84,0.0,56.76,1.59
2014-02-13,27.47,0.0,59.53,2.08
2014-02-14,27.86,0.0,57.83,1.88
2014-02-15,28.54,0.02,55.72,1.55
2014-02-16,28.87,0.03,59.23,2.02
2014-02-17,29.03,0.01,61.8,2.61
2014-02-18,27.92,0.0,62.68,3.53
2014-02-19,27.77,0.0,62.41,3.1
2014-02-20,27.68,0.0,60.38,3.03
2014-02-21,27.26,0.0,57.73,2.76
2014-02-22,27.43,0.0,54.96,2.6
2014-02-23,26.9,0.0,55.39,2.79
2014-02-24,26.34,5.0,72.26,3.81
2014-02-25,26.69,0.38,67.34,3.28
2014-02-26,27.29,0.0,57.61,2.63
2014-02-27,27.21,0.09,60.38,2.29
2014-02-28,27.97,0.0,59.57,2.2
2014-03-01,28.15,0.05,57.78,2.78
2014-03-02,28.2,0.02,58.76,2.43
2014-03-03,28.86,0.05,56.91,3.14
2014-03-04,28.86,0.31,57.77,3.05
2014-03-05,28.52,0.06,59.13,3.19
2014-03-06,28.9,0.04,57.49,2.98
2014-03-07,27.95,0.05,58.87,3.02
2014-03-08,28.05,0.08,59.82,3.16
2014-03-09,27.97,0.0,58.17,3.41
2014-03-10,28.69,0.0,56.4,3.39
2014-03-11,27.99,0.0,56.34,3.44
2014-03-12,27.6,0.0,56.0,2.92
2014-03-13,27.09,0.0,61.8,2.77
2014-03-14,27.25,0.0,57.29,2.79
2014-03-15,27.06,0.0,55.64,2.82
2014-03-16,27.78,0.0,56.2,3.08
2014-03-17,28.55,0.0,56.16,3.09
2014-03-18,29.54,0.0,54.15,2.99
2014-03-19,29.72,0.0,56.94,2.84
2014-03-20,31.18,0.0,53.54,2.46
2014-03-21,30.94,0.0,51.2,1.98
2014-03-22,30.8,0.0,51.55,2.0
2014-03-23,30.19,0.0,53.0,2.25
2014-03-24,29.59,0.0,53.14,2.23
2014-03-25,29.25,0.0,52.12,2.39
2014-03-26,28.84,0.0,53.93,2.84
2014-03-27,28.93,0.0,53.03,2.26
2014-03-28,28.81,0.0,49.53,2.08
2014-03-29,30.21,0.0,42.8,2.0
2014-03-30,30.21,0.0,41.12,1.79
2014-03-31,31.2,0.0,35.51,1.91
2014-04-01,31.66,0.0,46.84,2.08
2014-04-02,31.65,0.0,48.63,2.22
2014-04-03,30.36,0.0,53.06,2.05
2014-04-04,30.72,0.0,52.81,2.16
2014-04-05,31.47,0.0,54.83,2.54
2014-04-06,31.23,0.0,55.81,2.66
2014-04-07,31.35,0.0,53.21,2.2
2014-04-08,32.19,0.0,48.18,1.85
2014-04-09,32.83,0.01,47.23,1.85
2014-04-10,32.51,0.04,49.89,2.71
2014-04-11,32.92,0.07,44.45,1.79
2014-04-12,33.39,0.12,45.97,2.26
2014-04-13,32.35,0.01,50.73,2.61
2014-04-14,30.75,0.0,58.5,2.24
2014-04-15,30.94,0.45,54.32,2.19
2014-04-16,32.07,0.0,47.15,2.05
2014-04-17,32.87,0.0,47.51,2.04
2014-04-18,32.83,0.02,50.96,2.28
2014-04-19,31.02,0.0,52.95,1.69
2014-04-20,31.43,0.02,48.87,1.93
2014-04-21,31.33,0.0,51.76,2.17
2014-04-22,30.84,0.0,55.03,2.27
2014-04-23,31.77,0.6,53.49,2.37
2014-04-24,32.91,0.15,50.87,2.37
2014-04-25,32.72,0.0,53.55,2.4
2014-04-26,31.77,0.0,57.11,2.09
2014-04-27,31.71,0.01,59.81,2.5
2014-04-28,31.84,0.01,56.78,1.69
2014-04-29,30.82,0.02,58.18,2.19
2014-04-30,31.5,1.1,47.88,2.5
2014-05-01,30.7,0.57,54.35,1.78
2014-05-02,31.57,1.19,56.63,2.85
2014-05-03,31.26,1.04,59.22,2.61
2014-05-04,29.96,6.55,65.65,2.59
2014-05-05,28.19,7.46,75.43,2.11
2014-05-06,26.48,25.17,85.64,2.43
2014-05-07,26.56,33.85,86.27,2.99
2014-05-08,27.56,9.44,79.73,4.17
2014-05-09,28.95,0.51,74.4,2.71
2014-05-10,29.46,0.01,70.72,2.07
2014-05-11,28.21,0.6,76.56,1.82
2014-05-12,29.55,1.7,73.34,1.3
2014-05-13,29.22,1.22,73.82,1.57
2014-05-14,30.07,0.22,65.1,2.17
2014-05-15,29.36,0.01,62.45,2.49
2014-05-16,31.07,0.0,57.22,2.65
2014-05-17,31.35,0.17,56.06,2.69
2014-05-18,30.87,0.0,60.7,1.68
2014-05-19,30.79,0.0,64.53,1.65
2014-05-20,29.91,11.47,71.08,1.76
2014-05-21,30.54,2.65,61.94,2.27
2014-05-22,31.35,0.49,61.16,2.7
2014-05-23,30.16,4.48,67.02,2.65
2014-05-24,29.34,12.97,74.72,2.48
2014-05-25,28.35,0.47,70.85,3.54
2014-05-26,30.22,2.2,65.74,2.02
2014-05-27,30.2,0.35,67.82,1.93
2014-05-28,30.24,1.39,69.56,1.92
2014-05-29,29.81,1.63,70.28,1.73
2014-05-30,31.08,0.23,63.09,2.31
2014-05-31,31.85,0.08,60.99,2.59
2014-06-01,31.31,0.74,65.53,2.25
2014-06-02,29.61,11.37,72.87,2.53
2014-06-03,27.57,0.82,74.35,2.68
2014-06-04,29.98,0.0,63.67,2.38
2014-06-05,30.56,0.71,63.44,2.3
2014-06-06,29.87,0.45,66.98,3.46
2014-06-07,30.06,0.06,63.79,4.88
2014-06-08,30.77,0.06,59.38,4.26
2014-06-09,29.04,0.04,67.44,3.3
2014-06-10,29.89,0.01,64.26,3.81
2014-06-11,30.57,0.0,58.41,4.61
2014-06-12,30.33,0.0,58.9,4.59
2014-06-13,29.95,0.01,57.66,4.26
2014-06-14,30.11,1.3,60.93,3.81
2014-06-15,30.52,0.01,53.84,3.94
2014-06-16,29.16,0.01,61.95,4.6
2014-06-17,30.63,0.0,58.53,4.97
2014-06-18,30.08,0.26,61.56,4.96
2014-06-19,29.74,0.03,63.76,4.81
2014-06-20,29.73,0.36,65.02,4.3
2014-06-21,29.88,6.39,64.07,5.27
2014-06-22,29.53,2.34,61.9,4.12
2014-06-23,30.32,0.06,59.91,3.92
2014-06-24,31.24,0.0,57.91,4.3
2014-06-25,30.61,0.0,57.13,4.23
2014-06-26,30.94,0.0,57.2,2.77
2014-06-27,30.85,0.0,61.6,2.11
2014-06-28,29.61,5.24,69.61,1.86
2014-06-29,29.59,3.3,67.02,2.49
2014-06-30,29.57,7.03,65.06,2.94
2014-07-01,28.27,3.56,74.21,3.04
2014-07-02,29.79,0.06,62.64,3.47
2014-07-03,30.1,0.0,58.89,3.51
2014-07-04,31.04,0.51,57.61,4.05
2014-07-05,30.23,1.6,63.5,3.52
2014-07-06,29.4,5.28,60.23,3.22
2014-07-07,28.6,4.96,63.91,3.78
2014-07-08,28.13,0.39,63.93,3.82
2014-07-09,29.08,0.15,55.38,4.43
2014-07-10,29.18,0.18,59.53,5.39
2014-07-11,28.67,0.05,61.86,4.55
2014-07-12,29.22,0.05,61.89,5.13
2014-07-13,29.06,0.16,58.57,5.96
2014-07-14,29.09,0.13,59.93,5.78
2014-07-15,29.17,0.34,60.71,5.31
2014-07-16,29.53,0.02,60.53,4.89
2014-07-17,30.14,0.0,58.55,4.45
2014-07-18,30.31,0.01,55.87,4.89
2014-07-19,29.71,0.08,58.2,5.53
2014-07-20,30.24,0.27,58.16,5.35
2014-07-21,30.11,0.22,58.01,5.34
2014-07-22,29.7,0.04,56.87,5.51
2014-07-23,29.35,0.49,56.9,6.19
2014-07-24,29.95,0.02,52.36,5.7
2014-07-25,30.04,0.02,55.29,5.51
2014-07-26,30.57,0.9,54.85,5.22
2014-07-27,29.97,0.24,58.15,5.1
2014-07-28,29.47,0.01,58.46,5.33
2014-07-29,30.4,0.0,53.62,5.24
2014-07-30,30.56,0.38,54.47,5.61
2014-07-31,30.08,0.57,56.2,5.11
2014-08-01,30.39,0.26,58.07,5.31
2014-08-02,29.96,0.01,58.63,4.99
2014-08-03,30.01,0.58,59.3,5.2
2014-08-04,29.21,1.68,58.1,5.67
2014-08-05,29.28,0.49,59.26,5.61
2014-08-06,29.95,0.18,56.3,5.27
2014-08-07,29.72,0.01,56.7,4.44
2014-08-08,29.61,8.04,59.21,3.69
2014-08-09,27.98,2.91,67.58,3.13
2014-08-10,28.8,1.1,63.69,3.23
2014-08-11,27.66,1.01,68.53,3.17
2014-08-12,27.46,0.23,69.53,2.78
2014-08-13,28.5,0.45,62.66,2.98
2014-08-14,28.52,1.54,64.44,2.73
2014-08-15,28.02,2.12,68.75,2.25
2014-08-16,27.37,10.27,72.16,1.74
2014-08-17,27.44,5.04,72.49,1.58
2014-08-18,27.14,32.54,77.48,1.57
2014-08-19,27.54,2.76,76.41,1.27
2014-08-20,28.65,0.58,69.93,1.59
2014-08-21,29.54,0.01,68.29,1.66
2014-08-22,28.94,2.51,71.39,1.93
2014-08-23,27.96,7.95,74.97,2.75
2014-08-24,27.76,4.14,75.2,2.08
2014-08-25,27.95,0.04,68.85,2.03
2014-08-26,28.57,0.0,63.63,3.29
2014-08-27,28.22,0.01,64.2,3.58
2014-08-28,28.5,0.01,62.99,4.06
2014-08-29,28.77,0.09,62.74,4.3
2014-08-30,28.78,0.31,61.5,5.23
2014-08-31,28.59,0.35,60.17,4.98
2014-09-01,28.31,0.14,66.0,3.74
2014-09-02,28.57,3.21,67.3,3.05
2014-09-03,27.8,0.93,66.66,3.21
2014-09-04,28.74,0.03,63.12,2.4
2014-09-05,28.48,2.19,63.18,3.56
2014-09-06,28.57,0.25,61.01,3.82
2014-09-07,27.76,1.57,66.25,4.12
2014-09-08,29.1,0.11,61.59,3.67
2014-09-09,29.32,1.88,61.36,3.6
2014-09-10,29.78,0.04,59.14,2.72
2014-09-11,30.73,0.0,55.59,2.13
2014-09-12,29.76,2.89,60.73,2.17
2014-09-13,28.01,0.05,65.17,1.9
2014-09-14,29.23,1.91,64.39,2.01
2014-09-15,28.47,1.86,66.18,2.93
2014-09-16,28.32,0.55,63.92,3.66
2014-09-17,30.2,0.17,58.95,3.35
2014-09-18,30.06,0.0,57.08,3.5
2014-09-19,30.66,1.01,57.49,2.5
2014-09-20,30.13,0.7,57.72,2.66
2014-09-21,29.58,0.92,63.47,1.75
2014-09-22,29.42,12.22,69.76,1.21
2014-09-23,29.22,11.96,73.89,0.82
2014-09-24,28.97,4.76,73.32,1.35
2014-09-25,28.23,6.09,75.63,1.71
2014-09-26,27.27,3.18,79.37,1.62
2014-09-27,27.44,2.37,77.05,1.39
2014-09-28,27.46,2.81,74.83,1.52
2014-09-29,27.6,3.05,76.67,1.55
2014-09-30,27.51,4.17,76.98,1.8
2014-10-01,28.27,0.51,70.33,1.42
2014-10-02,28.65,0.02,66.67,1.94
2014-10-03,28.95,0.0,65.67,1.07
2014-10-04,28.99,1.85,68.61,0.67
2014-10-05,28.61,4.06,71.91,0.88
2014-10-06,28.84,1.8,70.61,1.79
2014-10-07,27.6,7.18,74.19,1.97
2014-10-08,27.55,10.76,75.08,1.36
2014-10-09,27.88,2.08,75.5,1.33
2014-10-10,27.95,0.73,76.9,1.46
2014-10-11,28.39,0.19,61.62,3.82
2014-10-12,28.16,0.26,63.66,2.4
2014-10-13,29.14,0.02,65.99,1.69
2014-10-14,27.98,0.73,77.37,1.33
2014-10-15,27.21,6.35,79.97,1.8
2014-10-16,27.23,6.86,72.13,2.16
2014-10-17,25.94,23.58,79.95,1.5
2014-10-18,24.92,18.86,87.89,2.77
2014-10-19,24.61,22.62,85.61,2.63
2014-10-20,25.18,14.73,82.5,2.43
2014-10-21,25.01,7.41,82.9,2.33
2014-10-22,25.44,7.84,82.85,2.3
2014-10-23,25.05,7.77,87.28,1.78
2014-10-24,25.8,1.9,81.76,1.19
2014-10-25,26.2,26.63,85.84,1.28
2014-10-26,25.81,7.48,87.41,0.74
2014-10-27,25.86,5.39,86.15,1.22
2014-10-28,25.89,4.79,83.44,1.03
2014-10-29,25.32,5.91,88.17,1.54
2014-10-30,24.99,0.65,86.36,2.15
2014-10-31,24.5,0.03,81.67,1.87
2014-11-01,24.56,15.42,86.67,1.72
2014-11-02,24.54,3.48,87.94,1.95
2014-11-03,23.9,4.74,86.37,1.54
2014-11-04,24.12,1.55,82.88,1.28
2014-11-05,24.73,0.0,71.56,1.43
2014-11-06,24.03,0.0,67.65,1.65
2014-11-07,25.1,0.0,70.76,1.21
2014-11-08,25.37,0.0,78.1,0.8
2014-11-09,26.11,0.65,78.48,0.8
2014-11-10,26.14,0.69,84.75,1.65
2014-11-11,25.93,4.83,84.27,2.09
2014-11-12,25.2,7.25,86.33,2.82
2014-11-13,24.55,15.98,89.78,1.69
2014-11-14,25.28,6.48,90.39,2.1
2014-11-15,25.46,1.49,86.1,2.5
2014-11-16,24.72,0.61,85.99,2.5
2014-11-17,24.31,1.01,83.1,2.87
2014-11-18,24.51,3.25,85.33,3.31
2014-11-19,24.78,2.78,84.81,3.25
2014-11-20,24.57,0.97,82.37,3.06
2014-11-21,24.02,4.08,86.0,2.47
2014-11-22,24.44,2.92,83.94,2.53
2014-11-23,24.18,0.91,84.71,2.78
2014-11-24,24.03,0.3,82.07,3.33
2014-11-25,22.93,0.06,82.13,2.87
2014-11-26,23.51,0.31,80.0,2.98
2014-11-27,23.46,4.9,82.45,2.67
2014-11-28,22.3,6.3,81.84,2.35
2014-11-29,22.02,6.03,82.13,2.54
2014-11-30,22.49,3.9,84.18,3.74
2014-12-01,23.25,5.36,85.81,3.27
2014-12-02,23.86,0.02,81.51,3.1
2014-12-03,23.07,0.0,75.63,2.33
2014-12-04,22.21,0.0,78.98,1.96
2014-12-05,22.0,0.0,79.38,1.94
2014-12-06,22.87,0.0,80.54,2.37
2014-12-07,24.38,0.23,83.64,2.21
2014-12-08,24.77,0.1,84.12,2.17
2014-12-09,24.94,0.99,84.21,1.98
2014-12-10,24.66,4.09,88.19,2.09
2014-12-11,24.79,0.65,84.15,1.97
2014-12-12,24.59,1.67,85.43,2.24
2014-12-13,24.64,1.33,84.33,2.57
2014-12-14,24.93,0.28,82.98,2.41
2014-12-15,24.93,0.02,80.26,2.38
2014-12-16,25.41,1.76,83.7,3.61
2014-12-17,24.61,6.82,84.44,3.81
2014-12-18,24.1,3.76,86.85,3.54
2014-12-19,24.31,1.78,84.84,3.87
2014-12-20,22.94,0.1,81.86,2.89
2014-12-21,23.64,0.01,78.58,2.87
2014-12-22,23.82,0.08,80.39,3.14
2014-12-23,24.71,0.3,78.79,2.98
2014-12-24,24.58,0.16,80.23,3.2
2014-12-25,24.26,0.0,76.27,3.0
2014-12-26,22.7,0.0,71.67,2.92
2014-12-27,22.97,1.28,74.65,3.01
2014-12-28,22.83,4.75,85.94,2.69
2014-12-29,24.57,3.32,80.45,3.18
2014-12-30,25.71,0.04,74.94,2.59
2014-12-31,25.43,0.83,78.38,1.42
2015-01-01,25.6,3.02,82.7,2.53
2015-01-02,25.75,0.06,79.47,1.69
2015-01-03,25.35,0.0,77.51,1.49
2015-01-04,25.55,0.0,77.59,1.89
2015-01-05,25.13,0.0,76.68,2.23
2015-01-06,24.88,0.0,75.65,2.15
2015-01-07,24.36,0.0,74.83,2.07
2015-01-08,24.61,0.0,76.15,1.59
2015-01-09,24.17,0.0,77.1,2.23
2015-01-10,23.16,0.0,68.85,2.53
2015-01-11,21.97,0.0,71.12,2.72
2015-01-12,22.11,0.0,69.38,2.63
2015-01-13,22.25,0.0,70.01,2.48
2015-01-14,22.6,0.0,66.31,2.34
2015-01-15,22.67,0.0,68.58,2.15
2015-01-16,24.18,0.31,75.41,2.4
2015-01-17,24.52,0.22,74.36,2.73
2015-01-18,23.92,0.0,72.12,2.69
2015-01-19,23.49,0.0,70.31,2.67
2015-01-20,23.35,0.0,71.18,2.43
2015-01-21,23.01,0.0,71.15,2.72
2015-01-22,23.67,0.01,74.28,2.63
2015-01-23,24.94,2.84,76.56,2.78
2015-01-24,25.06,0.31,75.21,2.99
2015-01-25,24.55,0.02,66.5,3.03
2015-01-26,23.86,0.0,71.99,2.98
2015-01-27,24.44,0.0,72.83,3.12
2015-01-28,25.1,0.0,72.0,2.86
2015-01-29,25.57,0.0,69.21,2.65
2015-01-30,25.52,0.0,67.48,2.8
2015-01-31,24.82,0.0,66.61,3.11
2015-02-01,24.66,0.0,70.61,2.95
2015-02-02,24.16,0.0,68.99,3.21
2015-02-03,24.59,0.01,68.42,3.5
2015-02-04,24.3,0.14,70.69,3.29
2015-02-05,25.31,0.05,66.22,3.16
2015-02-06,24.78,0.0,69.25,2.79
2015-02-07,24.88,0.0,65.07,2.77
2015-02-08,25.13,0.0,63.94,2.59
2015-02-09,24.88,0.0,65.74,2.88
2015-02-10,24.36,0.0,70.53,3.05
2015-02-11,25.87,0.0,70.4,3.03
2015-02-12,26.69,0.0,67.2,3.26
2015-02-13,27.17,0.0,62.94,2.62
2015-02-14,26.62,0.0,61.98,2.25
2015-02-15,26.06,0.0,60.81,2.3
2015-02-16,25.94,0.0,61.39,2.27
2015-02-17,25.81,0.0,58.77,1.89
2015-02-18,25.61,0.0,56.87,2.04
2015-02-19,25.82,0.0,56.78,2.07
2015-02-20,25.31,0.0,61.32,2.68
2015-02-21,25.77,0.0,61.92,3.01
2015-02-22,25.83,0.0,61.06,3.16
2015-02-23,25.74,0.0,57.61,2.85
2015-02-24,26.03,0.0,57.32,2.68
2015-02-25,27.51,0.0,61.14,2.5
2015-02-26,28.67,0.28,61.32,1.96
2015-02-27,29.33,0.26,60.32,1.66
2015-02-28,29.09,0.04,62.24,2.59
2015-03-01,29.1,0.01,61.34,3.05
2015-03-02,29.52,0.03,61.08,2.35
2015-03-03,29.56,0.14,57.43,2.37
2015-03-04,29.81,0.09,52.64,1.62
2015-03-05,29.68,0.14,61.52,2.51
2015-03-06,30.12,0.22,57.94,2.45
2015-03-07,29.59,0.88,58.06,2.69
2015-03-08,28.8,0.0,58.98,2.71
2015-03-09,28.74,0.0,60.06,2.69
2015-03-10,27.95,0.0,56.7,3.01
2015-03-11,27.58,0.0,60.41,3.0
2015-03-12,28.67,0.0,59.9,3.54
2015-03-13,28.88,0.01,58.41,3.46
2015-03-14,28.5,1.35,61.03,2.87
2015-03-15,28.36,1.0,64.98,2.65
2015-03-16,29.1,0.81,59.29,2.91
2015-03-17,28.6,0.48,55.35,2.11
2015-03-18,28.83,0.0,49.27,1.73
2015-03-19,29.18,0.0,47.6,1.94
2015-03-20,28.77,0.0,58.43,2.39
2015-03-21,29.08,0.0,53.83,2.57
2015-03-22,29.79,0.0,53.12,2.08
2015-03-23,30.46,0.0,50.99,1.77
2015-03-24,30.46,0.0,53.86,2.4
2015-03-25,29.91,0.0,54.53,2.53
2015-03-26,29.43,0.0,56.14,2.54
2015-03-27,29.74,0.0,55.53,2.96
2015-03-28,29.74,0.02,58.44,2.64
2015-03-29,30.51,0.04,55.83,2.71
2015-03-30,30.84,0.01,55.3,2.72
2015-03-31,30.36,0.14,59.26,2.26
2015-04-01,31.21,1.44,55.27,2.42
2015-04-02,31.56,0.39,55.49,2.14
2015-04-03,32.81,0.77,51.07,1.92
2015-04-04,32.52,0.48,53.33,2.33
2015-04-05,32.49,0.0,53.1,3.06
2015-04-06,31.91,0.0,54.3,2.73
2015-04-07,30.81,0.0,57.42,2.46
2015-04-08,29.77,0.02,60.92,1.64
2015-04-09,29.88,0.19,60.08,2.38
2015-04-10,30.76,0.99,59.72,2.18
2015-04-11,31.3,1.85,56.5,2.33
2015-04-12,29.25,4.53,64.28,1.88
2015-04-13,27.58,12.75,72.17,2.04
2015-04-14,28.21,4.89,67.27,1.44
2015-04-15,27.6,10.92,74.38,2.35
2015-04-16,27.06,14.1,78.21,1.59
2015-04-17,28.04,16.2,73.06,1.28
2015-04-18,28.68,7.84,69.8,1.24
2015-04-19,29.51,0.02,66.24,1.46
2015-04-20,29.73,0.23,64.93,1.98
2015-04-21,28.02,0.45,72.55,1.52
2015-04-22,27.52,0.18,76.34,1.38
2015-04-23,29.56,2.21,68.1,1.83
2015-04-24,29.14,14.56,71.93,1.57
2015-04-25,28.2,11.06,69.1,1.45
2015-04-26,28.94,2.83,64.54,1.7
2015-04-27,28.94,1.44,68.59,1.68
2015-04-28,29.71,0.07,65.41,1.36
2015-04-29,30.34,0.32,63.58,2.13
2015-04-30,30.29,0.47,65.55,1.66
2015-05-01,29.76,0.05,67.14,1.87
2015-05-02,30.12,0.08,65.29,1.93
2015-05-03,30.1,0.05,66.3,1.46
2015-05-04,29.0,1.66,72.64,1.85
2015-05-05,29.42,1.25,66.98,1.37
2015-05-06,28.9,1.23,70.59,1.34
2015-05-07,28.69,2.42,72.85,1.75
2015-05-08,29.07,2.7,72.78,1.6
2015-05-09,28.98,3.06,73.81,1.56
2015-05-10,29.79,1.73,64.82,1.9
2015-05-11,28.24,6.57,65.34,1.36
2015-05-12,28.87,7.68,64.07,1.43
2015-05-13,26.4,23.51,82.5,1.59
2015-05-14,27.4,21.83,77.21,1.31
2015-05-15,27.37,13.26,83.89,0.87
2015-05-16,26.63,12.75,89.73,1.58
2015-05-17,26.28,3.42,87.89,2.58
2015-05-18,28.56,0.8,73.49,2.57
2015-05-19,28.7,0.05,74.65,2.57
2015-05-20,29.38,0.01,71.74,2.8
2015-05-21,29.95,0.0,67.56,3.78
2015-05-22,29.99,0.0,68.52,2.8
2015-05-23,29.54,0.0,69.3,3.21
2015-05-24,29.97,0.02,64.9,3.47
2015-05-25,30.59,0.0,65.53,2.63
2015-05-26,30.18,0.01,66.48,3.03
2015-05-27,26.81,13.82,76.0,3.36
2015-05-28,27.91,8.69,63.94,3.53
2015-05-29,29.13,1.7,69.29,2.5
2015-05-30,29.73,1.3,72.14,2.36
2015-05-31,29.51,3.08,72.31,2.21
2015-06-01,28.85,2.44,72.94,2.65
2015-06-02,28.33,2.83,73.92,2.15
2015-06-03,28.72,0.52,74.09,1.56
2015-06-04,28.72,7.91,75.64,1.13
2015-06-05,26.84,31.94,87.47,1.33
2015-06-06,28.3,1.03,75.48,0.97
2015-06-07,29.02,0.0,71.06,2.37
2015-06-08,28.4,0.45,69.34,2.88
2015-06-09,28.09,0.62,72.56,2.46
2015-06-10,27.29,2.14,77.84,2.29
2015-06-11,28.14,8.34,75.7,2.87
2015-06-12,27.25,0.13,75.11,3.36
2015-06-13,28.02,11.38,72.81,3.13
2015-06-14,28.49,0.16,68.01,3.56
2015-06-15,28.43,0.01,64.35,4.02
2015-06-16,27.13,0.75,67.85,3.63
2015-06-17,26.94,0.71,71.03,4.05
2015-06-18,27.88,1.33,68.12,3.97
2015-06-19,27.75,3.16,70.66,4.4
2015-06-20,28.61,0.16,68.89,4.67
2015-06-21,28.07,0.31,68.99,4.87
2015-06-22,29.1,0.0,66.7,4.65
2015-06-23,28.16,1.17,73.12,3.39
2015-06-24,28.71,0.06,69.67,3.68
2015-06-25,28.8,0.02,70.63,4.07
2015-06-26,28.16,0.08,65.61,5.47
2015-06-27,28.97,0.15,62.89,4.68
2015-06-28,29.61,0.18,66.64,3.54
2015-06-29,28.8,1.23,68.69,3.79
2015-06-30,29.85,1.96,58.88,3.36
2015-07-01,29.32,0.45,66.49,3.06
2015-07-02,29.69,0.0,63.32,3.46
2015-07-03,30.31,0.15,62.52,3.59
2015-07-04,29.91,0.04,64.99,3.94
2015-07-05,30.55,0.0,61.35,4.19
2015-07-06,30.29,0.0,58.0,5.2
2015-07-07,28.93,0.0,61.04,4.91
2015-07-08,30.03,0.03,59.92,4.57
2015-07-09,30.62,0.01,59.22,4.37
2015-07-10,28.95,0.05,67.17,4.21
2015-07-11,29.64,0.29,64.39,4.52
2015-07-12,30.08,0.36,60.3,3.07
2015-07-13,30.47,0.42,58.97,3.55
2015-07-14,30.77,0.04,58.85,3.42
2015-07-15,29.76,0.0,64.24,3.53
2015-07-16,29.8,0.14,60.86,4.06
2015-07-17,28.77,0.2,62.61,5.51
2015-07-18,29.04,0.44,60.77,5.2
2015-07-19,27.24,0.27,64.78,5.19
2015-07-20,28.99,0.02,62.04,4.51
2015-07-21,29.01,4.49,65.97,3.96
2015-07-22,28.69,0.85,67.54,3.73
2015-07-23,28.68,2.55,64.45,3.02
2015-07-24,28.57,0.67,64.43,3.44
2015-07-25,28.29,2.83,64.0,3.51
2015-07-26,28.59,0.31,60.81,3.44
2015-07-27,29.13,1.8,59.34,2.96
2015-07-28,29.83,1.73,59.57,2.48
2015-07-29,28.93,1.0,63.72,2.54
2015-07-30,29.68,0.0,58.56,2.75
2015-07-31,30.63,0.1,55.27,2.81
2015-08-01,29.98,0.46,59.23,2.09
2015-08-02,29.44,0.59,59.57,2.46
2015-08-03,28.55,5.77,66.49,3.09
2015-08-04,29.5,0.26,62.46,3.37
2015-08-05,29.06,0.12,56.62,4.02
2015-08-06,30.27,0.11,54.2,4.33
2015-08-07,30.64,0.29,56.22,4.37
2015-08-08,30.6,0.0,56.48,3.62
2015-08-09,30.55,0.09,56.45,4.4
2015-08-10,30.04,1.05,59.33,4.22
2015-08-11,29.5,0.28,61.28,3.62
2015-08-12,29.95,0.06,59.0,4.04
2015-08-13,30.26,0.19,57.98,3.89
2015-08-14,31.03,0.62,54.88,3.22
2015-08-15,31.54,1.38,55.54,2.33
2015-08-16,27.33,36.69,80.42,2.1
2015-08-17,28.21,10.62,73.59,1.77
2015-08-18,28.38,1.54,73.35,1.75
2015-08-19,28.02,0.54,73.73,2.44
2015-08-20,28.85,0.13,66.86,2.65
2015-08-21,29.14,3.04,69.08,1.78
2015-08-22,27.4,20.61,78.04,1.83
2015-08-23,28.11,2.04,67.57,2.61
2015-08-24,29.56,0.02,60.1,2.57
2015-08-25,30.32,0.0,57.69,2.42
2015-08-26,29.54,0.01,59.16,2.86
2015-08-27,29.15,0.81,63.92,3.14
2015-08-28,30.07,0.1,59.26,3.08
2015-08-29,30.61,0.0,58.34,2.89
2015-08-30,30.53,0.13,60.5,2.14
2015-08-31,30.75,0.03,59.5,2.0
2015-09-01,29.93,2.42,66.59,1.26
2015-09-02,28.52,3.27,73.82,1.11
2015-09-03,27.89,3.28,74.07,0.8
2015-09-04,28.25,0.3,71.15,1.19
2015-09-05,28.2,3.36,71.2,2.44
2015-09-06,27.75,6.09,74.91,2.83
2015-09-07,26.55,1.23,76.81,2.48
2015-09-08,28.52,0.01,61.22,2.93
2015-09-09,28.67,2.34,61.39,3.04
2015-09-10,28.58,0.05,65.42,2.53
2015-09-11,28.29,0.02,66.7,2.63
2015-09-12,29.54,0.79,61.93,3.04
2015-09-13,29.5,0.01,60.35,2.93
2015-09-14,30.07,0.01,54.9,4.43
2015-09-15,29.66,0.04,58.07,4.45
2015-09-16,30.2,0.07,58.65,4.46
2015-09-17,29.98,0.43,58.31,3.7
2015-09-18,30.15,0.09,58.57,3.23
2015-09-19,30.12,0.0,59.87,2.73
2015-09-20,29.82,0.27,62.66,2.45
2015-09-21,28.95,0.3,60.57,1.94
2015-09-22,30.66,0.84,60.7,1.54
2015-09-23,29.01,2.25,71.66,1.01
2015-09-24,28.54,3.84,70.12,2.3
2015-09-25,29.74,1.41,66.26,1.59
2015-09-26,30.49,0.48,64.08,1.87
2015-09-27,28.38,19.0,73.77,1.0
2015-09-28,28.32,8.73,74.14,1.06
2015-09-29,26.62,12.53,82.83,1.67
2015-09-30,26.35,7.75,80.45,1.44
2015-10-01,26.49,5.57,81.12,1.77
2015-10-02,27.5,21.23,78.82,2.32
2015-10-03,28.65,1.69,72.72,1.54
2015-10-04,27.04,5.41,82.89,1.12
2015-10-05,25.68,16.51,88.12,0.85
2015-10-06,27.59,9.5,72.75,1.87
2015-10-07,27.04,19.22,79.52,1.5
2015-10-08,26.71,1.75,81.13,1.62
2015-10-09,26.76,0.14,75.14,1.96
2015-10-10,27.33,4.34,76.96,1.83
2015-10-11,27.18,14.63,79.97,1.21
2015-10-12,26.55,11.81,84.79,0.9
2015-10-13,27.48,0.15,77.89,1.05
2015-10-14,27.12,0.1,75.67,1.2
2015-10-15,26.86,0.03,74.28,1.14
2015-10-16,26.66,0.0,75.37,1.57
2015-10-17,26.73,0.06,76.45,1.95
2015-10-18,26.85,3.84,81.18,1.94
2015-10-19,26.55,2.74,86.16,1.63
2015-10-20,27.36,0.44,78.34,1.83
2015-10-21,27.32,0.4,75.67,1.91
2015-10-22,27.03,0.0,71.9,1.85
2015-10-23,27.1,0.04,69.66,1.82
2015-10-24,26.96,1.47,76.04,2.41
2015-10-25,26.31,0.32,71.98,2.88
2015-10-26,26.38,0.26,70.14,2.49
2015-10-27,26.48,2.7,75.06,2.2
2015-10-28,25.46,15.87,84.54,1.6
2015-10-29,26.02,1.62,77.9,2.05
2015-10-30,25.92,4.05,81.15,1.84
2015-10-31,25.56,6.05,87.93,1.79
2015-11-01,25.61,15.26,86.91,1.94
2015-11-02,25.54,13.25,85.76,1.14
2015-11-03,25.77,8.16,85.24,1.19
2015-11-04,25.97,19.4,85.24,1.43
2015-11-05,25.82,15.91,86.94,1.32
2015-11-06,25.55,8.06,86.25,2.12
2015-11-07,25.05,13.76,89.94,2.29
2015-11-08,24.59,19.5,92.8,2.07
2015-11-09,24.46,38.79,92.72,2.38
2015-11-10,25.36,14.92,84.38,2.89
2015-11-11,25.0,1.69,86.49,1.16
2015-11-12,25.75,3.51,86.72,1.44
2015-11-13,24.4,6.51,92.69,2.36
2015-11-14,23.59,7.06,90.52,2.54
2015-11-15,24.11,21.41,92.2,2.47
2015-11-16,24.53,8.26,91.36,2.22
2015-11-17,25.46,0.51,85.19,0.98
2015-11-18,24.67,1.64,93.64,1.74
2015-11-19,24.89,3.46,93.77,2.11
2015-11-20,24.96,12.3,91.56,1.88
2015-11-21,24.57,4.95,90.15,2.18
2015-11-22,24.7,33.78,93.59,2.48
2015-11-23,25.16,12.94,91.84,1.53
2015-11-24,25.25,1.52,89.8,2.49
2015-11-25,23.58,0.01,86.87,2.21
2015-11-26,23.34,0.8,88.67,1.98
2015-11-27,24.27,1.34,89.52,2.18
2015-11-28,23.46,0.13,88.35,2.19
2015-11-29,23.74,18.71,93.75,2.27
2015-11-30,24.0,15.39,91.53,2.34
2015-12-01,24.14,12.96,93.99,2.68
2015-12-02,24.06,17.08,94.46,2.38
2015-12-03,23.64,13.39,91.83,3.5
2015-12-04,24.49,10.05,91.12,3.44
2015-12-05,24.44,12.15,92.54,3.58
2015-12-06,24.37,15.21,94.96,3.28
2015-12-07,24.46,7.57,92.05,3.66
2015-12-08,23.26,22.34,91.16,3.83
2015-12-09,24.11,2.02,92.23,2.5
2015-12-10,25.03,3.91,92.15,2.52
2015-12-11,25.04,1.42,90.11,1.95
2015-12-12,25.03,0.63,89.3,1.64
2015-12-13,24.85,0.03,86.1,1.16
2015-12-14,24.59,1.96,90.21,1.86
2015-12-15,23.8,0.08,87.61,1.72
2015-12-16,22.43,0.0,87.6,1.69
2015-12-17,23.21,0.0,88.38,1.75
2015-12-18,24.13,0.96,89.85,2.05
2015-12-19,24.06,1.07,89.38,2.07
2015-12-20,23.77,0.17,88.96,2.15
2015-12-21,22.31,0.01,84.2,1.51
2015-12-22,22.38,0.0,86.63,1.5
2015-12-23,23.08,0.0,87.25,1.88
2015-12-24,22.84,0.0,86.62,1.87
2015-12-25,22.67,0.0,87.05,2.17
2015-12-26,22.76,0.02,87.8,2.65
2015-12-27,23.55,0.44,87.12,3.25
2015-12-28,23.04,0.15,86.97,3.46
2015-12-29,22.81,0.01,86.61,3.09
2015-12-30,22.29,0.0,85.31,2.49
2015-12-31,21.98,0.0,85.32,2.58
2016-01-01,21.56,0.0,84.5,2.55
2016-01-02,21.3,0.0,83.93,2.49
2016-01-03,20.71,0.0,84.11,2.07
2016-01-04,20.97,0.0,83.94,2.0
2016-01-05,21.93,0.01,84.54,2.22
2016-01-06,22.5,0.01,83.0,2.53
2016-01-07,22.15,0.0,84.3,2.23
2016-01-08,21.86,0.0,84.15,2.08
2016-01-09,21.84,0.0,82.94,1.99
2016-01-10,21.36,0.0,83.34,2.1
2016-01-11,21.28,0.0,82.9,2.15
2016-01-12,21.21,0.0,81.95,2.03
2016-01-13,21.51,0.0,83.38,1.71
2016-01-14,20.71,0.0,81.66,1.84
2016-01-15,20.9,0.0,82.43,1.72
2016-01-16,21.72,0.0,81.91,1.8
2016-01-17,21.63,0.0,81.99,1.63
2016-01-18,22.26,0.0,82.32,1.71
2016-01-19,23.68,0.0,83.32,1.62
2016-01-20,24.28,0.02,82.57,1.62
2016-01-21,24.68,0.06,83.19,1.99
2016-01-22,24.33,0.01,81.93,2.1
2016-01-23,24.69,0.02,83.31,2.51
2016-01-24,25.21,0.1,82.65,2.46
2016-01-25,25.02,0.01,80.64,2.28
2016-01-26,24.77,0.0,79.03,2.0
2016-01-27,24.32,0.0,78.29,1.95
2016-01-28,23.76,0.0,76.34,1.57
2016-01-29,23.38,0.0,76.65,1.89
2016-01-30,23.35,0.0,77.48,1.86
2016-01-31,23.35,0.0,78.87,2.1
2016-02-01,23.08,0.0,75.12,1.66
2016-02-02,22.99,0.0,75.31,1.92
2016-02-03,23.28,0.0,74.64,1.56
2016-02-04,23.56,0.0,74.56,2.1
2016-02-05,24.17,0.0,74.21,2.07
2016-02-06,24.14,0.0,76.86,1.8
2016-02-07,25.68,0.0,75.25,1.86
2016-02-08,25.83,0.0,75.12,2.15
2016-02-09,25.34,0.0,74.03,1.9
2016-02-10,25.27,0.0,71.62,1.88
2016-02-11,25.35,0.0,69.74,1.84
2016-02-12,25.15,0.0,69.38,1.84
2016-02-13,25.72,0.0,71.39,1.82
2016-02-14,24.94,0.0,71.11,2.19
2016-02-15,25.35,0.0,72.43,2.48
2016-02-16,25.95,0.0,72.64,2.5
2016-02-17,26.18,0.0,72.83,2.93
2016-02-18,26.61,0.0,72.31,3.04
2016-02-19,26.34,0.0,73.73,2.54
2016-02-20,27.67,0.0,71.21,2.22
2016-02-21,28.17,0.0,67.62,1.87
2016-02-22,27.94,0.02,65.42,1.8
2016-02-23,26.67,0.0,65.2,1.81
2016-02-24,26.87,0.0,61.86,1.53
2016-02-25,27.82,0.0,66.95,1.97
2016-02-26,27.74,0.0,68.64,2.67
2016-02-27,27.41,0.01,68.87,3.01
2016-02-28,28.11,0.01,69.61,2.84
2016-02-29,26.63,0.01,70.77,2.54
2016-03-01,27.66,0.04,69.06,2.61
2016-03-02,27.66,0.0,66.23,2.64
2016-03-03,26.2,0.0,70.55,2.25
2016-03-04,25.95,0.0,71.44,2.0
2016-03-05,27.78,0.05,66.09,2.18
2016-03-06,27.96,0.0,63.31,2.03
2016-03-07,28.23,0.0,63.33,2.29
2016-03-08,28.04,0.0,63.54,2.14
2016-03-09,28.65,0.0,59.06,1.72
2016-03-10,28.06,0.0,65.29,1.6
2016-03-11,30.37,0.0,59.28,1.58
2016-03-12,30.44,0.0,58.05,1.97
2016-03-13,30.51,0.0,55.75,1.78
2016-03-14,30.62,0.0,57.53,2.25
2016-03-15,30.48,0.02,56.82,2.13
2016-03-16,30.88,0.26,57.59,2.11
2016-03-17,31.34,0.32,54.72,1.99
2016-03-18,30.52,0.0,52.22,2.26
2016-03-19,30.85,0.0,49.18,1.85
2016-03-20,31.07,0.0,45.84,2.33
2016-03-21,31.71,0.0,44.33,2.16
2016-03-22,32.79,0.0,46.93,2.49
2016-03-23,33.04,0.0,50.18,2.29
2016-03-24,31.7,0.0,51.54,2.53
2016-03-25,30.25,0.0,55.58,2.3
2016-03-26,29.89,0.0,52.23,2.18
2016-03-27,30.13,0.0,53.18,2.05
2016-03-28,31.06,0.07,56.7,2.64
2016-03-29,31.45,0.07,57.25,2.78
2016-03-30,31.21,0.06,57.73,2.58
2016-03-31,31.08,0.0,56.55,2.11
2016-04-01,31.6,0.0,52.27,2.07
2016-04-02,31.85,0.0,50.71,2.08
2016-04-03,32.03,0.0,49.14,1.98
2016-04-04,31.8,0.0,49.02,2.13
2016-04-05,32.03,0.0,49.48,2.19
2016-04-06,33.01,0.0,50.83,2.53
2016-04-07,33.12,0.02,52.41,2.49
2016-04-08,32.83,0.1,53.49,2.61
2016-04-09,31.46,1.46,57.09,1.88
2016-04-10,31.99,0.39,55.93,1.7
2016-04-11,32.68,0.02,52.63,2.13
2016-04-12,33.51,0.0,51.16,2.45
2016-04-13,34.9,0.0,46.88,2.08
2016-04-14,33.96,0.02,50.89,3.07
2016-04-15,33.33,0.02,54.5,2.39
2016-04-16,33.46,0.0,53.37,2.78
2016-04-17,32.3,0.0,57.16,2.44
2016-04-18,32.6,0.02,56.83,2.86
2016-04-19,33.07,0.16,55.46,2.75
2016-04-20,33.11,0.07,54.26,2.42
2016-04-21,33.87,0.22,50.55,2.57
2016-04-22,34.49,0.21,47.83,2.36
2016-04-23,35.4,0.02,45.67,2.65
2016-04-24,35.17,0.01,46.52,3.17
2016-04-25,34.04,0.0,50.51,3.09
2016-04-26,32.04,0.03,58.8,2.6
2016-04-27,31.63,0.08,58.68,2.12
2016-04-28,32.82,0.0,52.64,2.57
2016-04-29,31.89,0.0,54.79,2.08
2016-04-30,33.18,0.0,50.46,2.75
2016-05-01,33.62,0.0,47.94,2.58
2016-05-02,34.07,0.0,49.13,2.67
2016-05-03,33.78,0.01,50.7,2.83
2016-05-04,33.08,0.01,55.47,2.82
2016-05-05,32.78,0.05,54.42,2.61
2016-05-06,32.89,1.76,53.16,2.25
2016-05-07,30.72,8.53,65.32,2.07
2016-05-08,31.99,2.02,60.6,1.22
2016-05-09,30.87,1.11,63.71,2.06
2016-05-10,30.89,5.69,61.82,2.06
2016-05-11,29.8,4.17,63.89,1.52
2016-05-12,30.71,0.51,58.29,1.77
2016-05-13,32.17,0.54,55.12,1.76
2016-05-14,31.54,0.8,59.24,2.14
2016-05-15,29.53,4.5,66.56,1.72
2016-05-16,27.06,43.22,81.25,2.36
2016-05-17,28.08,5.94,68.33,2.86
2016-05-18,28.92,10.09,70.54,3.67
2016-05-19,28.84,14.03,75.09,2.68
2016-05-20,29.28,0.67,70.22,3.4
2016-05-21,31.12,0.0,61.46,3.27
2016-05-22,31.79,0.0,61.43,3.18
2016-05-23,31.33,0.0,63.58,3.27
2016-05-24,31.81,0.0,59.67,3.33
2016-05-25,32.3,0.11,57.09,4.14
2016-05-26,31.18,0.0,61.8,3.62
2016-05-27,29.54,3.43,67.08,2.06
2016-05-28,29.75,3.33,69.64,2.84
2016-05-29,28.92,2.77,71.52,2.62
2016-05-30,28.94,5.25,69.43,2.69
2016-05-31,30.18,3.19,63.78,2.64
2016-06-01,29.05,3.9,71.81,2.77
2016-06-02,28.59,1.35,72.39,2.69
2016-06-03,29.89,0.03,65.72,2.5
2016-06-04,29.84,1.65,66.21,2.19
2016-06-05,30.01,4.08,64.98,2.9
2016-06-06,29.87,0.23,64.22,2.92
2016-06-07,28.76,2.03,75.1,2.44
2016-06-08,28.9,0.42,71.06,3.09
2016-06-09,29.09,0.16,67.28,3.31
2016-06-10,29.44,0.01,62.71,4.1
2016-06-11,29.52,1.65,63.78,4.56
2016-06-12,30.22,0.0,60.58,4.68
2016-06-13,29.75,0.0,61.66,4.15
2016-06-14,30.37,0.0,56.46,4.06
2016-06-15,30.79,0.0,55.22,5.36
2016-06-16,30.8,0.0,57.57,4.57
2016-06-17,29.13,4.68,63.73,3.89
2016-06-18,28.09,7.96,66.8,3.68
2016-06-19,28.44,2.28,64.95,2.65
2016-06-20,28.5,0.98,66.97,2.13
2016-06-21,27.15,2.45,73.96,2.14
2016-06-22,27.97,2.65,65.06,3.53
2016-06-23,26.77,5.72,71.55,4.11
2016-06-24,27.69,0.18,62.39,3.4
2016-06-25,28.67,0.29,57.72,3.29
2016-06-26,29.06,0.05,62.41,3.36
2016-06-27,29.73,0.11,60.62,4.27
2016-06-28,28.56,0.17,64.97,4.9
2016-06-29,28.75,0.34,66.2,4.81
2016-06-30,29.15,0.4,62.29,5.17
2016-07-01,29.6,0.0,59.99,5.42
2016-07-02,29.73,0.0,58.48,5.19
2016-07-03,30.89,0.0,56.16,4.87
2016-07-04,29.98,0.03,57.4,4.56
2016-07-05,29.73,0.0,62.2,3.99
2016-07-06,29.46,0.88,65.86,3.9
2016-07-07,29.82,0.08,56.57,4.19
2016-07-08,29.31,0.21,55.93,5.53
2016-07-09,29.64,0.01,56.45,5.55
2016-07-10,29.64,0.02,61.31,5.58
2016-07-11,30.07,0.0,58.96,5.49
2016-07-12,30.01,0.0,57.88,4.95
2016-07-13,30.61,0.0,56.48,4.52
2016-07-14,31.51,0.11,52.44,3.43
2016-07-15,30.11,9.2,62.33,2.6
2016-07-16,28.21,3.63,71.71,1.76
2016-07-17,26.95,13.08,77.91,1.14
2016-07-18,26.48,6.09,77.43,2.46
2016-07-19,27.98,0.86,65.91,2.93
2016-07-20,29.19,0.95,63.7,2.58
2016-07-21,28.55,0.62,64.45,3.38
2016-07-22,28.93,0.01,61.1,4.09
2016-07-23,28.76,0.33,62.56,3.71
2016-07-24,28.56,3.68,67.73,2.65
2016-07-25,28.15,19.87,74.43,1.3
2016-07-26,26.85,14.5,79.86,1.47
2016-07-27,26.74,7.6,79.05,1.26
2016-07-28,27.14,7.09,78.99,1.06
2016-07-29,27.76,1.12,73.01,2.39
2016-07-30,28.03,0.41,67.59,2.85
2016-07-31,28.71,0.0,63.91,4.06
2016-08-01,28.36,0.0,66.17,4.37
2016-08-02,27.62,0.0,66.94,4.69
2016-08-03,28.31,0.0,65.2,4.96
2016-08-04,28.44,0.0,65.09,4.49
2016-08-05,28.54,0.0,64.16,4.27
2016-08-06,28.81,0.0,62.84,3.89
2016-08-07,29.29,0.11,63.5,3.62
2016-08-08,29.39,0.0,61.6,3.41
2016-08-09,29.78,0.86,60.5,3.61
2016-08-10,30.01,0.31,60.27,3.34
2016-08-11,29.48,0.08,61.87,2.93
2016-08-12,29.84,1.38,61.59,3.23
2016-08-13,29.81,2.12,64.68,3.23
2016-08-14,29.63,0.27,61.45,4.04
2016-08-15,29.7,2.08,60.88,4.56
2016-08-16,29.43,0.02,60.93,4.83
2016-08-17,29.25,0.07,61.35,4.23
2016-08-18,30.12,0.22,59.14,4.04
2016-08-19,30.5,0.25,57.22,3.47
2016-08-20,30.86,0.19,58.5,2.29
2016-08-21,30.41,0.54,60.99,1.91
2016-08-22,30.71,0.1,58.17,2.33
2016-08-23,28.81,1.31,65.74,2.86
2016-08-24,29.43,0.36,62.93,3.22
2016-08-25,27.9,1.18,71.08,2.55
2016-08-26,28.33,8.96,70.87,2.04
2016-08-27,27.61,5.9,74.46,2.67
2016-08-28,29.04,7.07,65.87,2.98
2016-08-29,28.67,7.15,65.52,2.76
2016-08-30,27.3,14.91,75.15,2.92
2016-08-31,27.22,8.2,70.48,3.02
2016-09-01,26.87,1.89,66.75,3.34
2016-09-02,27.4,1.21,65.0,3.39
2016-09-03,28.22,0.07,63.26,2.74
2016-09-04,28.59,0.02,63.21,2.81
2016-09-05,28.5,0.0,62.0,2.92
2016-09-06,28.51,0.62,62.7,3.43
2016-09-07,28.82,0.02,59.23,3.27
2016-09-08,28.96,0.0,58.68,2.96
2016-09-09,30.08,1.26,59.33,1.82
2016-09-10,29.58,1.37,63.34,1.88
2016-09-11,29.08,0.13,60.39,2.25
2016-09-12,29.45,0.6,60.38,1.94
2016-09-13,29.33,2.57,62.29,2.13
2016-09-14,29.54,1.01,62.84,2.44
2016-09-15,29.96,0.43,59.98,2.58
2016-09-16,29.49,0.38,61.21,3.37
2016-09-17,29.03,0.0,61.0,3.23
2016-09-18,29.32,0.0,58.81,3.55
2016-09-19,30.31,0.1,56.36,2.38
2016-09-20,30.24,0.42,55.99,2.23
2016-09-21,30.28,0.41,56.45,2.61
2016-09-22,30.56,0.06,53.75,3.77
2016-09-23,30.35,0.0,53.32,3.97
2016-09-24,30.56,0.0,52.94,4.75
2016-09-25,30.5,0.0,54.52,3.93
2016-09-26,31.14,0.02,52.56,2.74
2016-09-27,28.64,0.76,64.38,2.6
2016-09-28,28.27,0.92,69.33,2.01
2016-09-29,27.88,6.11,74.14,1.68
2016-09-30,28.32,2.25,67.36,2.45
2016-10-01,29.29,0.08,60.59,2.07
2016-10-02,30.16,0.0,55.96,1.78
2016-10-03,30.06,0.03,57.83,1.34
2016-10-04,30.56,4.56,59.59,1.48
2016-10-05,27.49,5.54,74.0,1.58
2016-10-06,28.51,1.81,68.4,1.56
2016-10-07,28.04,0.14,62.34,1.86
2016-10-08,28.83,0.03,58.3,2.07
2016-10-09,30.08,0.04,55.32,2.61
2016-10-10,30.97,0.03,50.66,2.48
2016-10-11,29.46,3.53,56.48,2.03
2016-10-12,28.04,11.04,70.33,1.82
2016-10-13,28.12,6.53,73.99,0.79
2016-10-14,28.34,0.84,68.29,1.23
2016-10-15,28.45,0.04,64.84,1.41
2016-10-16,28.36,0.0,63.29,1.64
2016-10-17,28.68,0.0,61.89,0.96
2016-10-18,29.19,0.0,61.75,1.04
2016-10-19,29.22,0.45,61.32,0.5
2016-10-20,28.25,1.67,69.72,1.33
2016-10-21,26.49,4.31,77.97,1.28
2016-10-22,26.79,1.84,74.05,1.06
2016-10-23,27.8,1.44,69.56,1.22
2016-10-24,28.19,0.31,65.57,1.68
2016-10-25,28.46,0.09,63.39,1.05
2016-10-26,28.64,0.0,61.39,1.32
2016-10-27,29.08,0.0,57.8,0.87
2016-10-28,29.89,0.0,55.05,1.35
2016-10-29,30.67,2.45,56.12,1.69
2016-10-30,28.11,7.51,74.48,1.68
2016-10-31,26.64,5.83,81.04,2.31
2016-11-01,27.65,0.35,67.98,2.48
2016-11-02,25.72,8.49,82.39,2.03
2016-11-03,26.63,1.65,76.86,1.52
2016-11-04,28.34,0.01,68.6,1.65
2016-11-05,28.69,0.0,64.69,2.26
2016-11-06,28.26,0.41,68.67,1.19
2016-11-07,27.86,0.26,62.99,1.6
2016-11-08,27.26,0.01,65.29,2.16
2016-11-09,26.02,0.0,57.26,2.52
2016-11-10,25.7,0.0,58.95,2.23
2016-11-11,26.55,0.0,64.91,2.02
2016-11-12,27.5,0.07,66.21,2.28
2016-11-13,27.44,2.4,73.68,2.57
2016-11-14,27.78,1.62,71.77,2.53
2016-11-15,27.01,0.63,70.9,2.35
2016-11-16,27.35,0.86,72.11,3.08
2016-11-17,26.89,3.77,72.29,3.22
2016-11-18,26.85,0.65,68.22,3.27
2016-11-19,26.19,0.95,68.3,2.96
2016-11-20,26.64,0.24,66.43,2.82
2016-11-21,25.79,0.09,70.23,2.61
2016-11-22,26.16,0.02,67.07,2.55
2016-11-23,26.0,0.01,63.65,2.9
2016-11-24,25.0,0.0,62.54,2.66
2016-11-25,25.27,0.0,65.05,2.71
2016-11-26,25.66,0.0,61.41,2.42
2016-11-27,25.05,0.0,59.89,2.27
2016-11-28,24.97,0.0,60.3,1.84
2016-11-29,25.07,0.0,59.82,1.96
2016-11-30,24.24,0.16,64.03,1.93
2016-12-01,23.81,9.9,65.51,3.43
2016-12-02,24.69,13.22,82.22,3.89
2016-12-03,25.73,2.37,80.09,2.82
2016-12-04,26.54,0.71,74.82,1.99
2016-12-05,26.65,0.95,72.97,2.54
2016-12-06,25.24,0.11,66.79,2.98
2016-12-07,25.1,0.05,71.8,2.39
2016-12-08,26.38,0.02,70.6,2.49
2016-12-09,26.47,0.0,65.39,1.7
2016-12-10,25.51,0.0,55.7,1.31
2016-12-11,24.91,0.0,42.63,1.77
2016-12-12,26.25,5.04,54.45,2.51
2016-12-13,26.18,2.73,70.1,2.01
2016-12-14,26.38,0.47,72.92,2.35
2016-12-15,26.01,0.14,71.06,2.38
2016-12-16,25.41,1.54,75.15,2.45
2016-12-17,25.6,0.05,68.3,2.64
2016-12-18,25.36,0.0,67.76,2.51
2016-12-19,25.57,0.01,64.19,3.03
2016-12-20,25.7,1.46,74.05,3.41
2016-12-21,26.29,0.21,70.8,2.9
2016-12-22,25.71,0.0,62.53,2.1
2016-12-23,23.84,0.0,59.33,1.85
2016-12-24,23.67,0.0,62.63,2.0
2016-12-25,23.9,0.0,60.63,1.62
2016-12-26,25.41,0.0,58.6,2.28
2016-12-27,26.47,0.52,61.2,3.28
2016-12-28,25.2,7.98,77.49,3.51
2016-12-29,24.93,0.1,69.66,3.47
2016-12-30,24.31,0.0,65.79,2.87
2016-12-31,24.06,0.0,62.12,2.5
2017-01-01,24.71,0.04,67.41,2.87
2017-01-02,25.58,0.01,65.2,2.78
2017-01-03,25.14,0.0,58.07,2.86
2017-01-04,24.38,0.0,61.56,2.55
2017-01-05,24.77,0.0,62.4,2.6
2017-01-06,24.94,0.0,62.56,2.32
2017-01-07,24.82,0.0,63.4,1.93
2017-01-08,24.45,0.0,59.83,2.35
2017-01-09,24.14,0.0,56.8,2.22
2017-01-10,24.64,0.0,58.26,1.45
2017-01-11,25.48,0.0,60.85,1.74
2017-01-12,25.71,0.0,62.43,1.67
2017-01-13,25.65,0.0,63.75,2.28
2017-01-14,25.46,0.0,61.11,2.84
2017-01-15,25.17,0.0,61.58,3.01
2017-01-16,25.38,0.01,61.14,2.8
2017-01-17,23.98,0.0,58.95,2.66
2017-01-18,23.71,0.0,63.06,3.25
2017-01-19,25.18,0.0,58.89,3.38
2017-01-20,25.12,6.35,67.75,3.48
2017-01-21,24.42,17.93,81.6,3.69
2017-01-22,24.72,1.3,72.15,3.22
2017-01-23,24.22,0.0,70.16,3.14
2017-01-24,24.64,0.0,68.54,3.37
2017-01-25,25.08,0.78,70.21,3.42
2017-01-26,24.51,3.63,80.38,2.97
2017-01-27,25.02,8.21,84.86,3.01
2017-01-28,25.31,3.09,80.1,2.64
2017-01-29,25.88,1.18,75.02,2.78
2017-01-30,25.44,0.33,71.1,2.72
2017-01-31,24.94,0.0,66.56,2.31
2017-02-01,23.42,0.0,66.01,2.23
2017-02-02,23.49,0.0,66.63,2.39
2017-02-03,23.65,0.0,68.25,2.47
2017-02-04,23.95,0.0,66.02,2.65
2017-02-05,23.92,0.0,64.04,2.19
2017-02-06,24.37,0.0,61.32,1.71
2017-02-07,24.46,0.0,57.27,1.94
2017-02-08,23.92,0.0,57.94,2.45
2017-02-09,23.93,0.0,63.91,2.43
2017-02-10,24.4,0.0,63.63,2.12
2017-02-11,24.57,0.0,63.52,2.45
2017-02-12,24.5,0.0,63.55,2.76
2017-02-13,25.42,0.24,63.66,3.17
2017-02-14,25.96,1.98,69.62,4.58
2017-02-15,26.37,0.0,60.61,3.81
2017-02-16,24.87,0.0,62.19,3.63
2017-02-17,24.06,0.0,59.91,3.07
2017-02-18,24.59,0.0,58.81,2.6
2017-02-19,25.52,0.0,58.49,1.99
2017-02-20,26.28,0.0,52.82,1.21
2017-02-21,28.17,0.0,51.74,1.66
2017-02-22,28.36,0.0,55.59,1.98
2017-02-23,27.93,0.0,56.91,1.85
2017-02-24,27.2,0.0,57.58,2.38
2017-02-25,27.19,0.0,55.98,2.23
2017-02-26,27.11,0.0,58.82,2.57
2017-02-27,27.16,0.0,58.05,2.83
2017-02-28,27.28,0.0,62.16,3.18
2017-03-01,26.18,0.0,58.66,2.87
2017-03-02,26.73,0.01,55.25,2.84
2017-03-03,27.75,1.84,63.49,2.8
2017-03-04,27.4,9.7,73.69,2.52
2017-03-05,28.53,2.12,67.81,1.82
2017-03-06,29.55,0.22,63.36,2.12
2017-03-07,29.37,0.16,65.02,2.21
2017-03-08,29.42,0.65,64.85,2.79
2017-03-09,29.48,0.97,65.31,2.36
2017-03-10,28.63,3.13,70.16,1.72
2017-03-11,28.61,1.55,69.45,1.63
2017-03-12,28.91,0.48,65.84,1.49
2017-03-13,29.03,3.12,66.69,1.82
2017-03-14,27.66,4.38,74.5,1.97
2017-03-15,27.45,4.67,72.8,2.23
2017-03-16,27.39,1.17,70.02,1.75
2017-03-17,29.06,0.09,61.58,1.42
2017-03-18,29.43,0.04,57.25,1.95
2017-03-19,30.45,0.0,55.13,1.71
2017-03-20,31.02,0.97,55.25,1.97
2017-03-21,30.14,3.77,59.63,1.53
2017-03-22,29.54,0.0,59.11,2.44
2017-03-23,29.15,0.0,55.99,2.33
2017-03-24,28.03,0.0,54.58,2.11
2017-03-25,28.38,0.0,52.22,2.44
2017-03-26,28.18,0.0,57.84,2.53
2017-03-27,28.52,0.0,55.92,1.84
2017-03-28,29.78,0.0,56.45,1.82
2017-03-29,30.34,0.0,52.03,1.91
2017-03-30,30.56,0.0,54.4,1.73
2017-03-31,30.75,0.0,58.3,2.51
2017-04-01,30.63,0.0,54.2,2.16
2017-04-02,30.58,0.0,55.43,2.14
2017-04-03,31.87,0.0,53.35,2.22
2017-04-04,32.06,0.0,55.83,2.7
2017-04-05,32.09,0.0,52.91,1.99
2017-04-06,32.24,0.14,53.77,2.23
2017-04-07,32.42,0.19,51.9,1.84
2017-04-08,32.15,0.0,51.19,2.37
2017-04-09,32.04,0.0,52.28,2.37
2017-04-10,32.53,0.0,47.7,2.0
2017-04-11,32.45,0.01,50.33,2.12
2017-04-12,31.44,0.02,57.12,2.17
2017-04-13,31.93,0.01,55.38,2.3
2017-04-14,32.1,0.0,50.02,2.07
2017-04-15,32.99,0.0,47.6,2.02
2017-04-16,33.75,0.01,48.51,2.01
2017-04-17,34.79,0.02,41.87,2.07
2017-04-18,34.96,0.01,41.24,2.21
2017-04-19,34.32,0.0,44.68,2.4
2017-04-20,34.19,0.22,46.55,2.53
2017-04-21,34.09,1.01,45.96,2.32
2017-04-22,33.77,1.65,47.85,2.72
2017-04-23,34.1,0.28,47.89,2.73
2017-04-24,34.53,0.19,45.82,2.98
2017-04-25,34.04,0.47,48.26,2.31
2017-04-26,33.66,0.62,48.96,1.59
2017-04-27,33.04,0.23,49.6,2.45
2017-04-28,33.02,0.0,50.12,2.08
2017-04-29,33.37,0.24,47.19,2.2
2017-04-30,33.29,0.11,46.81,2.38
2017-05-01,32.49,0.18,49.81,2.08
2017-05-02,32.46,2.16,50.63,2.44
2017-05-03,31.6,2.1,54.99,2.41
2017-05-04,32.18,0.17,52.8,2.29
2017-05-05,32.46,0.06,53.14,2.79
2017-05-06,31.63,0.67,58.91,2.57
2017-05-07,31.52,5.17,60.33,1.84
2017-05-08,31.35,2.1,53.52,2.19
2017-05-09,32.06,2.21,45.47,1.75
2017-05-10,29.63,2.96,70.4,1.3
2017-05-11,29.61,0.35,68.66,1.64
2017-05-12,29.78,1.96,69.06,1.89
2017-05-13,30.08,2.61,68.93,1.35
2017-05-14,31.96,0.61,60.16,2.39
2017-05-15,31.77,0.09,57.6,3.36
2017-05-16,32.21,0.01,55.16,3.17
2017-05-17,33.36,2.49,53.86,2.92
2017-05-18,29.73,11.42,71.39,2.56
2017-05-19,31.05,0.81,62.58,3.02
2017-05-20,31.29,1.97,61.53,2.58
2017-05-21,30.69,1.21,65.48,2.21
2017-05-22,29.8,6.41,70.22,2.32
2017-05-23,29.48,1.98,68.76,1.71
2017-05-24,30.54,0.19,64.26,2.18
2017-05-25,30.25,0.71,66.9,2.98
2017-05-26,29.16,2.1,72.37,1.99
2017-05-27,29.71,2.94,71.58,2.44
2017-05-28,28.47,0.47,75.13,3.55
2017-05-29,30.18,0.1,64.66,3.89
2017-05-30,30.94,0.03,59.82,4.61
2017-05-31,30.69,0.66,60.77,3.59
2017-06-01,30.59,0.32,58.71,3.71
2017-06-02,30.49,1.97,59.31,3.94
2017-06-03,30.16,0.08,61.33,4.48
2017-06-04,31.04,0.01,56.73,4.38
2017-06-05,30.85,3.35,60.46,3.8
2017-06-06,28.21,3.09,72.11,2.87
2017-06-07,28.81,4.65,66.67,2.35
2017-06-08,30.15,0.35,56.32,3.33
2017-06-09,29.7,0.85,58.66,4.18
2017-06-10,29.68,0.33,59.88,4.84
2017-06-11,29.01,0.03,60.47,5.08
2017-06-12,30.14,0.13,59.74,3.69
2017-06-13,30.69,0.0,59.68,3.29
2017-06-14,30.87,3.37,63.02,3.02
2017-06-15,29.42,0.97,68.19,2.67
2017-06-16,28.56,3.59,70.84,2.77
2017-06-17,29.84,0.96,58.27,3.48
2017-06-18,30.34,0.0,55.43,3.5
2017-06-19,30.42,0.83,58.36,3.09
2017-06-20,28.95,4.25,61.67,3.16
2017-06-21,28.84,0.09,63.91,2.99
2017-06-22,29.63,0.04,61.62,3.36
2017-06-23,30.33,0.32,59.39,4.28
2017-06-24,29.44,2.36,58.74,4.73
2017-06-25,28.92,0.94,62.71,4.32
2017-06-26,29.35,0.3,59.55,4.85
2017-06-27,28.57,1.19,61.4,4.55
2017-06-28,29.53,0.07,56.19,4.59
2017-06-29,30.3,0.0,53.18,4.49
2017-06-30,30.75,0.07,53.83,2.82
2017-07-01,30.84,0.01,53.89,3.87
2017-07-02,30.2,2.05,56.26,3.83
2017-07-03,30.3,0.75,55.25,4.36
2017-07-04,30.27,1.49,53.83,3.85
2017-07-05,29.9,0.28,56.45,3.63
2017-07-06,30.52,2.69,56.38,3.39
2017-07-07,29.6,0.74,59.94,3.51
2017-07-08,29.62,1.8,57.98,3.17
2017-07-09,29.4,1.2,56.58,3.48
2017-07-10,29.19,0.04,59.06,3.62
2017-07-11,29.37,0.79,60.69,3.68
2017-07-12,29.89,0.64,56.36,2.52
2017-07-13,30.59,0.21,53.51,4.32
2017-07-14,30.17,0.0,46.46,4.53
2017-07-15,29.91,0.0,55.54,4.23
2017-07-16,31.05,0.0,50.77,5.06
2017-07-17,30.13,0.0,53.46,5.33
2017-07-18,29.71,0.0,59.29,5.21
2017-07-19,29.81,0.17,57.5,5.38
2017-07-20,30.48,0.27,55.37,5.39
2017-07-21,30.87,0.07,52.37,4.99
2017-07-22,30.91,0.0,54.61,4.22
2017-07-23,31.95,0.0,51.34,4.29
2017-07-24,32.63,0.03,48.67,4.36
2017-07-25,32.93,0.03,47.02,4.06
2017-07-26,32.13,0.01,49.74,4.24
2017-07-27,31.94,1.57,50.18,4.68
2017-07-28,32.38,0.84,50.22,3.56
2017-07-29,30.97,2.45,55.85,2.42
2017-07-30,29.88,5.04,64.58,1.8
2017-07-31,28.06,27.41,77.41,1.94
2017-08-01,29.41,4.73,67.8,2.02
2017-08-02,29.01,4.33,68.7,2.76
2017-08-03,29.75,0.29,62.05,4.18
2017-08-04,29.87,0.01,63.48,3.99
2017-08-05,29.73,0.09,63.26,4.56
2017-08-06,30.29,0.5,61.98,3.47
2017-08-07,29.31,0.99,65.58,2.72
2017-08-08,28.36,6.82,71.03,1.98
2017-08-09,27.87,22.11,76.42,1.6
2017-08-10,27.85,10.35,75.65,1.5
2017-08-11,27.56,4.36,73.82,2.88
2017-08-12,28.22,2.59,67.58,2.03
2017-08-13,25.7,17.66,84.39,2.1
2017-08-14,25.92,10.68,85.12,0.99
2017-08-15,26.79,5.22,75.66,1.63
2017-08-16,27.2,5.01,75.4,2.4
2017-08-17,27.37,1.76,75.61,2.52
2017-08-18,26.99,6.21,76.44,2.78
2017-08-19,27.54,1.11,72.04,3.95
2017-08-20,28.25,3.23,68.2,3.87
2017-08-21,27.85,1.45,70.72,3.67
2017-08-22,28.34,0.7,69.46,2.88
2017-08-23,29.01,1.07,69.07,1.79
2017-08-24,27.57,5.97,77.09,1.53
2017-08-25,28.54,0.53,70.63,2.56
2017-08-26,28.49,2.14,69.88,3.18
2017-08-27,28.41,0.17,70.2,3.77
2017-08-28,28.25,0.19,70.12,3.88
2017-08-29,28.35,0.04,68.28,4.38
2017-08-30,29.09,6.43,68.35,2.98
2017-08-31,28.31,1.39,72.68,1.73
2017-09-01,27.27,12.78,81.87,1.08
2017-09-02,26.96,21.72,83.95,1.38
2017-09-03,27.54,0.84,75.54,1.76
2017-09-04,27.74,8.63,79.31,0.95
2017-09-05,27.92,5.63,81.74,1.3
2017-09-06,27.19,4.33,83.14,1.51
2017-09-07,27.32,4.0,81.69,1.1
2017-09-08,26.76,7.28,83.19,1.33
2017-09-09,27.15,3.3,80.43,0.71
2017-09-10,27.66,1.35,76.02,0.98
2017-09-11,27.74,0.45,79.34,1.76
2017-09-12,27.15,1.9,80.28,1.8
2017-09-13,26.73,10.35,84.82,1.71
2017-09-14,26.02,6.1,88.11,1.59
2017-09-15,26.59,0.04,81.64,1.34
2017-09-16,26.5,3.87,83.96,1.87
2017-09-17,26.5,1.75,77.39,3.57
2017-09-18,26.86,1.66,76.68,3.79
2017-09-19,27.26,0.03,75.89,3.62
2017-09-20,27.54,0.0,74.05,3.6
2017-09-21,27.47,0.0,70.91,3.16
2017-09-22,28.38,0.04,69.27,1.93
2017-09-23,28.21,0.13,71.91,1.49
2017-09-24,26.73,14.79,82.98,1.63
2017-09-25,26.21,11.74,83.95,2.15
2017-09-26,26.14,3.4,83.44,1.91
2017-09-27,26.35,7.22,81.23,2.23
2017-09-28,25.87,9.24,82.42,3.01
2017-09-29,26.18,0.04,78.39,2.52
2017-09-30,28.0,0.39,76.54,1.93
2017-10-01,28.15,0.41,76.02,1.87
2017-10-02,28.33,0.05,74.5,1.91
2017-10-03,27.86,3.57,79.3,1.61
2017-10-04,27.83,6.39,79.28,1.35
2017-10-05,27.15,8.84,83.82,1.26
2017-10-06,26.09,3.15,86.54,1.84
2017-10-07,27.22,0.41,75.92,1.75
2017-10-08,27.75,2.1,79.51,1.2
2017-10-09,27.51,2.05,81.54,1.31
2017-10-10,27.19,6.77,83.25,1.44
2017-10-11,25.77,6.79,84.33,1.73
2017-10-12,27.31,4.73,75.71,1.32
2017-10-13,26.66,3.68,79.34,1.2
2017-10-14,26.01,6.33,83.0,2.27
2017-10-15,25.87,0.33,77.28,2.9
2017-10-16,26.27,0.76,78.91,2.49
2017-10-17,26.41,0.3,76.06,2.42
2017-10-18,27.69,0.0,73.73,1.91
2017-10-19,27.96,0.0,74.04,1.32
2017-10-20,27.66,0.39,77.76,1.54
2017-10-21,27.25,5.91,81.18,1.98
2017-10-22,27.36,1.78,76.83,2.04
2017-10-23,26.97,0.15,75.63,1.86
2017-10-24,27.24,0.06,77.74,1.04
2017-10-25,27.08,1.9,79.21,1.67
2017-10-26,26.81,2.65,78.64,1.66
2017-10-27,26.75,2.71,77.57,1.79
2017-10-28,26.02,4.27,81.48,2.31
2017-10-29,26.3,0.55,77.25,2.59
2017-10-30,24.97,18.13,86.9,3.08
2017-10-31,24.43,10.63,90.29,2.49
2017-11-01,24.64,6.05,88.7,2.5
2017-11-02,24.77,8.95,89.27,2.77
2017-11-03,24.61,11.61,90.56,2.51
2017-11-04,24.27,15.72,90.85,2.45
2017-11-05,25.15,9.05,88.79,2.68
2017-11-06,24.47,6.79,91.15,2.17
2017-11-07,24.77,5.09,89.43,2.1
2017-11-08,24.36,17.3,91.8,1.9
2017-11-09,24.42,0.09,83.13,2.27
2017-11-10,24.24,4.61,85.04,3.12
2017-11-11,24.47,2.17,85.07,2.31
2017-11-12,24.37,0.01,80.88,2.5
2017-11-13,25.7,0.84,81.65,1.66
2017-11-14,25.25,6.08,86.65,1.48
2017-11-15,26.19,6.92,84.25,1.08
2017-11-16,26.33,0.66,81.39,1.42
2017-11-17,26.03,0.07,81.04,1.29
2017-11-18,26.07,0.01,81.65,1.1
2017-11-19,25.75,0.44,86.64,1.63
2017-11-20,25.92,0.91,85.95,1.71
2017-11-21,25.16,2.73,89.84,1.92
2017-11-22,25.23,0.76,86.8,2.25
2017-11-23,25.34,0.0,82.8,2.06
2017-11-24,25.52,0.0,82.95,1.89
2017-11-25,25.04,0.62,82.24,2.46
2017-11-26,24.29,8.36,88.14,2.63
2017-11-27,25.19,7.1,90.86,2.41
2017-11-28,24.99,3.57,87.0,3.24
2017-11-29,24.72,14.72,90.12,3.82
2017-11-30,24.68,30.44,93.95,3.34
2017-12-01,25.07,32.8,95.4,2.36
2017-12-02,24.72,10.42,89.15,1.16
2017-12-03,23.75,2.35,91.52,2.25
2017-12-04,24.25,0.02,86.65,1.7
2017-12-05,24.33,0.03,87.3,1.75
2017-12-06,24.49,0.01,87.54,2.09
2017-12-07,23.84,0.0,86.01,1.79
2017-12-08,22.76,0.0,78.89,1.31
2017-12-09,23.04,0.0,75.53,0.92
2017-12-10,23.93,0.0,81.25,1.4
2017-12-11,24.53,0.03,84.77,1.36
2017-12-12,24.89,0.01,84.99,1.07
2017-12-13,24.62,0.03,85.33,1.4
2017-12-14,24.37,0.01,84.14,1.87
2017-12-15,24.24,0.02,86.11,2.58
2017-12-16,23.66,0.0,84.25,2.87
2017-12-17,23.16,0.01,81.84,3.18
2017-12-18,22.44,0.0,79.5,3.04
2017-12-19,23.2,0.73,81.94,3.23
2017-12-20,23.22,0.63,81.78,3.54
2017-12-21,22.45,3.23,84.25,3.27
2017-12-22,23.73,0.32,83.61,3.01
2017-12-23,23.22,0.04,78.99,2.79
2017-12-24,22.81,0.0,80.89,2.51
2017-12-25,23.88,0.04,81.61,2.99
2017-12-26,23.54,0.0,78.92,3.11
2017-12-27,22.72,0.0,81.39,2.64
2017-12-28,21.48,0.0,78.66,2.66
2017-12-29,22.41,0.0,76.66,2.61
2017-12-30,23.21,0.0,77.48,2.56
2017-12-31,23.37,0.0,79.19,2.01
2018-01-01,24.59,0.0,74.12,1.26
2018-01-02,24.95,0.0,76.43,1.23
2018-01-03,24.76,0.0,76.75,2.52
2018-01-04,23.92,0.0,75.34,2.69
2018-01-05,22.36,0.0,72.93,2.49
2018-01-06,21.9,0.0,71.08,2.0
2018-01-07,21.88,0.0,70.3,2.28
2018-01-08,22.06,0.0,72.7,2.49
2018-01-09,23.32,8.49,80.67,2.68
2018-01-10,24.26,2.89,84.5,3.2
2018-01-11,25.01,0.71,82.69,2.4
2018-01-12,24.92,0.08,80.52,2.41
2018-01-13,24.35,0.0,80.26,2.18
2018-01-14,23.87,0.0,75.11,2.19
2018-01-15,24.13,0.0,77.17,2.41
2018-01-16,24.31,0.0,77.03,2.11
2018-01-17,23.76,0.0,74.79,2.25
2018-01-18,22.32,0.0,71.24,2.6
2018-01-19,21.99,0.0,74.32,2.43
2018-01-20,22.05,0.0,74.03,2.28
2018-01-21,22.21,0.0,73.69,2.51
2018-01-22,22.82,0.0,71.78,2.25
2018-01-23,23.73,0.0,72.01,1.96
2018-01-24,24.17,0.0,72.68,1.99
2018-01-25,24.52,0.0,70.89,2.44
2018-01-26,23.74,0.0,69.28,2.34
2018-01-27,23.93,0.0,68.65,2.54
2018-01-28,24.06,0.0,70.17,2.77
2018-01-29,24.11,0.0,68.89,3.03
2018-01-30,23.85,0.0,66.3,2.99
2018-01-31,23.16,0.0,64.34,2.97
2018-02-01,22.54,0.0,65.99,2.42
2018-02-02,22.82,0.0,64.83,2.51
2018-02-03,22.61,0.0,65.7,2.41
2018-02-04,23.03,0.0,66.95,2.42
2018-02-05,24.81,0.0,64.73,2.94
2018-02-06,25.84,0.2,75.06,2.84
2018-02-07,25.67,11.36,81.1,1.43
2018-02-08,25.25,3.1,79.66,1.34
2018-02-09,25.8,0.0,72.8,1.64
2018-02-10,25.49,0.02,72.45,1.91
2018-02-11,24.83,0.0,77.07,1.94
2018-02-12,25.28,0.0,72.84,2.51
2018-02-13,24.3,0.0,75.16,2.29
2018-02-14,25.3,0.0,72.92,2.8
2018-02-15,25.38,0.01,72.19,3.06
2018-02-16,25.41,0.01,67.06,2.83
2018-02-17,24.93,0.0,69.33,1.85
2018-02-18,25.34,0.0,66.36,2.35
2018-02-19,24.52,0.0,68.08,2.5
2018-02-20,25.04,0.0,67.82,2.85
2018-02-21,25.06,0.0,65.57,2.51
2018-02-22,24.77,0.0,63.55,2.78
2018-02-23,24.86,0.0,64.96,2.73
2018-02-24,25.59,0.0,67.68,2.73
2018-02-25,26.28,0.0,68.23,3.14
2018-02-26,27.16,0.0,65.14,2.85
2018-02-27,27.49,0.0,64.59,2.66
2018-02-28,27.3,0.01,63.51,2.75
2018-03-01,27.2,0.11,63.23,2.58
2018-03-02,26.94,0.0,59.21,2.51
2018-03-03,26.98,0.0,55.57,2.01
2018-03-04,26.94,0.0,53.7,2.04
2018-03-05,26.59,0.0,57.24,2.26
2018-03-06,26.54,0.0,56.99,2.5
2018-03-07,27.14,0.0,61.69,2.44
2018-03-08,27.43,0.0,60.13,2.62
2018-03-09,27.4,0.0,60.86,2.73
2018-03-10,28.23,0.0,58.82,2.82
2018-03-11,28.16,0.0,63.28,2.84
2018-03-12,28.28,0.2,66.75,3.45
2018-03-13,27.8,1.54,69.72,2.89
2018-03-14,28.68,0.49,63.37,2.01
2018-03-15,29.04,0.86,65.79,2.08
2018-03-16,29.86,1.67,63.52,1.89
2018-03-17,26.07,4.58,78.17,2.21
2018-03-18,28.62,0.28,64.63,2.63
2018-03-19,28.48,0.01,58.66,2.56
2018-03-20,28.45,0.0,57.44,2.3
2018-03-21,29.59,0.0,51.91,1.33
2018-03-22,31.1,0.0,46.93,1.73
2018-03-23,31.68,0.21,51.1,1.96
2018-03-24,31.2,0.05,51.75,2.26
2018-03-25,29.73,0.0,56.02,2.67
2018-03-26,29.49,0.0,54.09,2.41
2018-03-27,30.04,0.0,60.03,2.04
2018-03-28,31.59,0.0,56.28,1.92
2018-03-29,32.04,0.0,54.13,1.98
2018-03-30,30.42,0.01,58.8,1.96
2018-03-31,31.55,1.54,60.03,1.56
2018-04-01,31.14,2.0,58.55,2.47
2018-04-02,30.95,0.0,58.82,2.28
2018-04-03,31.0,0.02,56.76,2.15
2018-04-04,31.17,0.0,54.51,2.28
2018-04-05,30.45,0.0,56.21,2.42
2018-04-06,30.72,0.0,53.12,1.99
2018-04-07,30.74,0.0,57.68,2.57
2018-04-08,30.27,0.01,60.09,2.84
2018-04-09,30.48,0.49,58.9,3.0
2018-04-10,29.97,2.28,64.26,2.9
2018-04-11,30.38,0.14,61.87,2.17
2018-04-12,30.54,0.08,61.06,2.47
2018-04-13,31.02,1.3,59.06,2.77
2018-04-14,30.73,1.25,61.47,2.2
2018-04-15,29.67,5.19,66.75,2.02
2018-04-16,30.06,0.94,66.09,1.88
2018-04-17,31.26,0.01,57.84,1.97
2018-04-18,32.23,0.0,53.38,2.27
2018-04-19,32.04,0.0,54.58,2.57
2018-04-20,32.38,0.19,54.38,2.37
2018-04-21,31.73,0.13,57.73,2.7
2018-04-22,32.58,0.02,53.28,2.42
2018-04-23,31.74,0.0,54.73,2.17
2018-04-24,32.48,0.0,53.41,2.35
2018-04-25,32.69,0.02,54.31,2.5
2018-04-26,32.61,0.19,54.31,2.46
2018-04-27,31.41,0.16,59.72,2.48
2018-04-28,31.76,0.0,56.72,2.81
2018-04-29,32.67,0.0,55.06,2.61
2018-04-30,32.91,5.37,54.49,2.3
2018-05-01,30.77,7.38,67.76,1.53
2018-05-02,30.36,0.72,68.94,1.29
2018-05-03,30.45,0.79,67.25,1.38
2018-05-04,29.66,4.87,70.78,1.87
2018-05-05,29.52,1.76,68.39,1.69
2018-05-06,30.37,0.9,63.39,2.49
2018-05-07,30.18,1.25,65.55,1.83
2018-05-08,29.22,2.36,69.87,1.69
2018-05-09,27.62,10.77,71.75,2.25
2018-05-10,28.04,11.31,74.89,1.95
2018-05-11,29.21,1.12,71.77,1.72
2018-05-12,29.92,0.37,68.46,1.47
2018-05-13,30.08,2.09,66.12,1.67
2018-05-14,29.92,5.75,66.79,1.46
2018-05-15,28.22,1.93,65.18,1.58
2018-05-16,28.97,0.85,66.56,1.43
2018-05-17,29.18,1.38,68.29,2.15
2018-05-18,29.53,0.15,66.27,2.03
2018-05-19,30.9,1.46,62.18,1.56
2018-05-20,30.93,0.96,64.16,1.79
2018-05-21,30.92,1.24,61.52,2.02
2018-05-22,31.05,1.28,60.46,1.66
2018-05-23,30.7,0.88,64.22,1.23
2018-05-24,29.35,3.06,70.94,1.65
2018-05-25,27.97,26.74,77.95,1.09
2018-05-26,27.88,0.8,77.37,2.01
2018-05-27,28.67,1.76,73.93,2.6
2018-05-28,28.14,2.12,78.98,3.01
2018-05-29,29.67,0.16,70.15,3.77
2018-05-30,30.33,0.01,65.42,3.93
2018-05-31,30.81,0.0,63.98,3.01
2018-06-01,29.71,4.24,70.06,1.86
2018-06-02,29.42,0.87,71.82,1.58
2018-06-03,28.46,6.14,75.02,2.65
2018-06-04,28.25,2.37,77.23,1.96
2018-06-05,28.62,4.36,72.76,2.31
2018-06-06,28.72,2.97,67.89,2.91
2018-06-07,29.18,1.75,66.14,3.98
2018-06-08,29.85,0.2,65.14,4.48
2018-06-09,28.74,0.13,67.52,5.24
2018-06-10,28.81,0.05,69.3,4.63
2018-06-11,29.53,0.23,68.17,5.02
2018-06-12,29.21,0.02,68.83,4.4
2018-06-13,28.72,0.05,67.08,4.48
2018-06-14,29.75,0.04,58.55,4.89
2018-06-15,30.02,0.07,56.05,4.55
2018-06-16,29.13,9.86,60.78,3.51
2018-06-17,28.57,0.86,60.37,4.12
2018-06-18,29.63,0.1,56.08,4.5
2018-06-19,29.66,0.06,62.99,4.05
2018-06-20,29.09,0.05,65.46,4.06
2018-06-21,28.34,1.77,68.11,3.22
2018-06-22,28.99,0.44,62.58,3.77
2018-06-23,29.57,0.09,59.04,3.9
2018-06-24,29.86,0.27,58.94,3.69
2018-06-25,29.12,0.15,57.47,4.23
2018-06-26,28.4,1.14,61.76,4.82
2018-06-27,28.9,3.64,63.6,4.19
2018-06-28,28.27,0.15,64.07,4.57
2018-06-29,28.54,0.41,61.85,3.05
2018-06-30,28.7,8.59,63.0,2.17
2018-07-01,28.08,20.38,70.71,1.71
2018-07-02,27.87,20.27,72.54,2.78
2018-07-03,27.1,11.03,75.25,2.2
2018-07-04,28.56,0.01,69.13,2.75
2018-07-05,29.16,0.01,64.52,3.19
2018-07-06,29.43,0.04,62.46,4.38
2018-07-07,28.31,0.02,63.25,4.81
2018-07-08,28.04,0.07,68.34,4.47
2018-07-09,27.69,0.93,72.9,4.48
2018-07-10,27.66,0.94,72.26,3.65
2018-07-11,27.55,0.29,70.55,5.18
2018-07-12,28.46,0.02,65.81,5.11
2018-07-13,28.65,0.2,66.83,4.56
2018-07-14,28.45,0.0,68.03,4.48
2018-07-15,28.48,0.16,67.31,5.21
2018-07-16,28.54,0.27,64.65,5.45
2018-07-17,29.14,0.15,60.91,5.79
2018-07-18,29.06,0.02,63.35,5.25
2018-07-19,28.76,2.73,66.83,4.92
2018-07-20,28.38,1.78,67.0,4.94
2018-07-21,28.72,0.01,65.3,5.15
2018-07-22,29.34,0.0,62.58,4.67
2018-07-23,29.73,0.05,62.01,4.69
2018-07-24,29.26,1.89,64.16,4.47
2018-07-25,29.14,1.31,65.28,3.82
2018-07-26,29.07,0.11,64.94,4.16
2018-07-27,29.64,0.01,61.4,4.47
2018-07-28,29.41,0.03,62.1,3.51
2018-07-29,29.31,0.01,64.04,3.66
2018-07-30,28.62,0.06,67.46,3.58
2018-07-31,28.73,1.75,65.78,4.13
2018-08-01,28.99,0.15,63.71,4.1
2018-08-02,29.89,0.31,60.8,3.12
2018-08-03,27.57,2.16,67.51,4.02
2018-08-04,29.19,0.74,58.81,3.95
2018-08-05,29.25,0.05,61.08,4.27
2018-08-06,29.66,0.95,59.62,5.44
2018-08-07,29.33,0.07,58.97,5.5
2018-08-08,28.63,0.14,61.98,5.27
2018-08-09,29.26,0.16,59.62,4.79
2018-08-10,28.5,2.55,64.84,4.17
2018-08-11,28.69,0.34,62.07,5.07
2018-08-12,27.51,1.18,66.16,5.17
2018-08-13,28.06,0.33,62.26,5.04
2018-08-14,28.64,1.06,63.3,5.77
2018-08-15,27.27,1.31,70.65,5.82
2018-08-16,28.23,0.57,64.79,6.3
2018-08-17,29.68,0.01,60.91,5.5
2018-08-18,28.98,0.0,61.96,5.4
2018-08-19,28.99,0.0,61.69,5.02
2018-08-20,29.73,0.0,57.83,5.16
2018-08-21,30.23,0.02,55.38,5.02
2018-08-22,29.76,0.0,54.84,4.23
2018-08-23,30.24,0.29,55.81,3.53
2018-08-24,29.41,4.04,61.22,2.91
2018-08-25,29.64,0.59,62.45,2.14
2018-08-26,29.76,0.49,59.02,3.12
2018-08-27,29.13,6.6,62.81,3.46
2018-08-28,29.1,2.57,64.48,3.63
2018-08-29,28.95,1.72,64.35,3.47
2018-08-30,28.47,4.11,67.93,3.03
2018-08-31,27.76,2.67,71.67,2.31
2018-09-01,27.42,3.68,71.41,2.21
2018-09-02,28.27,0.06,68.2,1.9
2018-09-03,30.15,0.0,58.06,2.03
2018-09-04,30.38,0.05,57.35,2.1
2018-09-05,30.15,0.0,55.65,2.67
2018-09-06,30.2,0.0,54.87,3.52
2018-09-07,30.56,0.0,51.13,4.46
2018-09-08,31.79,0.01,48.07,2.87
2018-09-09,31.59,0.67,50.75,1.43
2018-09-10,29.27,4.87,59.57,0.87
2018-09-11,30.51,0.12,57.65,1.71
2018-09-12,31.56,0.67,54.64,1.35
2018-09-13,31.31,2.03,55.95,1.41
2018-09-14,28.84,8.61,69.6,1.8
2018-09-15,28.32,6.96,68.68,2.39
2018-09-16,26.11,19.56,77.69,2.15
2018-09-17,27.48,2.06,71.5,2.08
2018-09-18,29.41,0.71,62.42,3.07
2018-09-19,29.45,0.62,61.63,2.91
2018-09-20,29.34,0.04,54.75,2.95
2018-09-21,28.61,0.23,61.36,2.54
2018-09-22,28.51,0.87,61.62,1.43
2018-09-23,28.68,5.09,71.3,1.25
2018-09-24,28.2,3.97,75.41,1.21
2018-09-25,28.06,4.39,73.69,0.74
2018-09-26,28.35,0.49,70.44,1.36
2018-09-27,28.41,22.1,73.64,1.62
2018-09-28,27.16,4.02,79.47,1.44
2018-09-29,28.18,7.84,74.99,1.74
2018-09-30,27.79,6.42,76.63,1.56
2018-10-01,27.88,1.63,76.59,1.76
2018-10-02,27.67,1.46,77.76,1.92
2018-10-03,26.5,14.69,84.58,1.58
2018-10-04,25.71,14.71,86.46,2.36
2018-10-05,26.1,13.84,86.65,2.48
2018-10-06,26.56,13.86,83.62,2.2
2018-10-07,26.64,2.52,82.36,1.18
2018-10-08,26.33,10.22,83.77,0.94
2018-10-09,26.12,8.76,81.85,1.19
2018-10-10,27.06,0.04,75.74,1.78
2018-10-11,28.17,0.01,66.65,1.59
2018-10-12,28.02,0.0,74.62,2.03
2018-10-13,27.31,2.36,79.17,2.16
2018-10-14,27.45,6.37,79.33,1.44
2018-10-15,26.98,2.35,81.01,0.95
2018-10-16,26.34,5.05,84.52,1.23
2018-10-17,26.3,2.4,78.39,0.86
2018-10-18,26.63,0.23,77.47,1.26
2018-10-19,25.59,1.4,83.62,1.25
2018-10-20,26.55,1.37,77.38,1.71
2018-10-21,26.0,5.42,83.38,2.06
2018-10-22,26.29,0.91,78.01,2.1
2018-10-23,25.73,0.0,71.74,1.8
2018-10-24,25.92,0.46,77.0,1.8
2018-10-25,25.83,0.23,77.66,2.49
2018-10-26,26.6,0.04,75.27,2.99
2018-10-27,26.42,0.1,73.49,2.82
2018-10-28,26.3,0.0,68.71,2.72
2018-10-29,27.23,0.0,65.0,1.99
2018-10-30,28.04,0.14,69.09,2.37
2018-10-31,26.88,2.21,80.64,2.68
2018-11-01,26.41,12.11,83.8,2.54
2018-11-02,25.53,21.06,88.01,2.17
2018-11-03,25.2,6.73,88.6,2.08
2018-11-04,26.24,0.62,81.15,2.3
2018-11-05,26.02,0.63,81.0,1.98
2018-11-06,25.95,0.09,79.78,2.34
2018-11-07,25.53,0.12,76.81,2.21
2018-11-08,24.94,7.13,85.15,2.13
2018-11-09,25.69,0.37,81.06,2.36
2018-11-10,25.47,0.0,77.6,2.29
2018-11-11,25.67,0.0,74.13,2.02
2018-11-12,25.38,0.0,73.0,1.55
2018-11-13,25.78,0.0,68.27,0.95
2018-11-14,25.67,0.0,64.53,1.14
2018-11-15,25.8,8.06,77.82,2.45
2018-11-16,24.74,28.82,92.8,3.39
2018-11-17,26.22,0.59,82.34,1.2
2018-11-18,26.05,3.61,84.55,1.65
2018-11-19,25.9,3.27,84.81,1.89
2018-11-20,24.58,9.57,89.5,2.31
2018-11-21,24.37,3.54,85.6,3.39
2018-11-22,24.06,6.42,93.32,4.23
2018-11-23,25.48,26.82,88.2,2.01
2018-11-24,25.26,1.53,84.51,2.52
2018-11-25,24.37,0.13,84.83,2.14
2018-11-26,23.46,0.01,80.97,2.29
2018-11-27,22.75,0.0,79.84,2.31
2018-11-28,23.78,3.32,82.68,2.7
2018-11-29,24.39,16.81,88.03,3.02
2018-11-30,24.54,0.78,85.06,2.65
2018-12-01,24.0,0.01,80.96,2.54
2018-12-02,23.77,0.01,81.14,2.2
2018-12-03,24.73,2.2,83.69,2.56
2018-12-04,24.78,6.4,88.46,2.03
2018-12-05,25.47,1.38,85.74,1.93
2018-12-06,25.25,1.44,84.49,1.97
2018-12-07,25.1,0.1,83.79,2.46
2018-12-08,24.8,0.0,82.64,2.38
2018-12-09,24.5,0.0,81.87,2.39
2018-12-10,24.21,0.0,78.75,2.04
2018-12-11,23.94,0.0,79.27,1.93
2018-12-12,24.44,0.0,77.65,1.74
2018-12-13,24.75,0.0,76.9,1.91
2018-12-14,24.48,0.01,79.2,2.59
2018-12-15,24.59,0.0,76.94,3.54
2018-12-16,22.87,0.0,77.01,1.88
2018-12-17,24.28,0.0,69.57,1.54
2018-12-18,24.88,0.0,78.23,1.59
2018-12-19,24.06,0.0,77.43,2.5
2018-12-20,23.91,0.0,76.56,2.12
2018-12-21,25.17,0.1,78.44,2.45
2018-12-22,22.88,3.97,90.75,2.89
2018-12-23,24.85,1.95,85.4,3.01
2018-12-24,24.96,0.16,81.05,2.63
2018-12-25,24.71,0.01,76.49,2.45
2018-12-26,24.61,0.0,75.7,1.91
2018-12-27,24.54,0.0,74.31,1.6
2018-12-28,24.72,0.0,78.53,1.73
2018-12-29,24.58,0.16,79.36,2.91
2018-12-30,23.71,0.01,77.09,3.05
2018-12-31,23.19,0.0,74.81,2.99
2019-01-01,21.73,0.0,72.19,2.55
2019-01-02,21.34,0.0,74.74,2.54
2019-01-03,22.07,0.0,73.04,2.54
2019-01-04,21.93,0.0,73.89,2.79
2019-01-05,22.38,0.0,73.21,2.46
2019-01-06,22.45,0.0,73.82,2.35
2019-01-07,23.34,0.0,73.32,2.24
2019-01-08,23.26,0.0,69.29,2.47
2019-01-09,22.53,0.0,70.56,2.2
2019-01-10,22.66,0.0,71.76,2.45
2019-01-11,23.15,0.0,71.84,2.5
2019-01-12,23.01,0.0,69.42,2.88
2019-01-13,23.39,0.0,73.67,2.66
2019-01-14,23.61,0.0,71.75,2.55
2019-01-15,23.48,0.11,66.65,2.77
2019-01-16,23.6,0.0,68.31,2.88
2019-01-17,23.19,0.0,68.96,2.57
2019-01-18,22.78,0.0,68.93,2.52
2019-01-19,22.75,0.0,68.69,2.3
2019-01-20,22.72,0.0,67.58,2.57
2019-01-21,22.88,0.0,67.08,2.33
2019-01-22,23.52,0.0,68.97,2.15
2019-01-23,24.58,0.0,69.12,2.32
2019-01-24,25.17,0.0,69.86,2.26
2019-01-25,26.23,0.0,70.87,1.96
2019-01-26,26.84,0.0,69.81,2.09
2019-01-27,26.78,0.0,66.57,2.35
2019-01-28,26.53,0.0,64.23,2.37
2019-01-29,26.08,0.0,63.57,3.19
2019-01-30,25.37,0.0,67.97,3.37
2019-01-31,25.28,0.0,67.08,3.01
2019-02-01,25.38,0.0,67.61,2.76
2019-02-02,25.95,0.0,65.61,2.77
2019-02-03,26.28,0.0,63.61,2.89
2019-02-04,26.68,0.32,67.31,3.43
2019-02-05,26.92,0.14,67.75,3.42
2019-02-06,26.68,0.0,62.75,2.74
2019-02-07,27.09,0.0,63.78,2.35
2019-02-08,28.27,0.0,62.24,1.84
2019-02-09,28.79,0.14,64.12,2.01
2019-02-10,28.31,0.32,64.8,2.59
2019-02-11,27.82,0.01,63.85,3.59
2019-02-12,27.19,0.0,63.62,3.83
2019-02-13,26.68,0.0,64.04,3.39
2019-02-14,27.5,0.0,66.86,3.19
2019-02-15,28.27,0.01,63.76,2.63
2019-02-16,29.26,0.0,58.66,1.88
2019-02-17,30.29,0.52,58.81,1.49
2019-02-18,30.18,1.23,60.07,2.32
2019-02-19,29.33,0.38,63.68,2.6
2019-02-20,28.42,0.01,62.76,3.08
2019-02-21,27.88,0.0,60.84,2.82
2019-02-22,26.75,0.0,57.46,2.78
2019-02-23,26.91,0.0,59.4,2.49
2019-02-24,27.24,0.0,59.95,2.51
2019-02-25,27.85,0.0,55.66,1.9
2019-02-26,29.19,0.0,57.87,1.84
2019-02-27,30.44,0.05,58.78,2.4
2019-02-28,30.41,0.05,58.0,1.94
2019-03-01,30.31,0.1,59.61,2.72
2019-03-02,29.45,0.09,57.22,3.25
2019-03-03,29.64,0.0,57.1,2.66
2019-03-04,29.97,0.0,54.25,2.06
2019-03-05,31.14,0.0,49.39,1.83
2019-03-06,31.84,0.0,48.64,2.53
2019-03-07,32.25,0.12,52.99,2.82
2019-03-08,31.62,0.0,55.79,2.84
2019-03-09,30.86,0.29,56.72,2.52
2019-03-10,31.02,0.06,55.33,2.81
2019-03-11,29.94,0.0,54.2,2.42
2019-03-12,28.96,0.0,53.56,2.45
2019-03-13,28.42,0.0,54.86,2.63
2019-03-14,28.89,0.0,50.26,2.69
2019-03-15,28.78,0.0,51.11,2.75
2019-03-16,28.81,0.0,58.45,2.71
2019-03-17,29.1,0.0,58.25,2.52
2019-03-18,29.86,0.0,57.58,2.65
2019-03-19,30.57,0.0,55.07,2.52
2019-03-20,30.03,0.0,55.81,2.51
2019-03-21,29.47,0.0,56.01,2.32
2019-03-22,30.45,0.0,55.26,2.18
2019-03-23,31.16,0.0,54.37,2.14
2019-03-24,31.39,0.0,50.0,2.12
2019-03-25,30.89,0.0,49.24,2.51
2019-03-26,30.28,0.0,52.3,2.51
2019-03-27,29.81,0.0,49.35,1.84
2019-03-28,30.47,0.0,48.49,2.22
2019-03-29,31.66,0.0,38.42,2.08
2019-03-30,31.55,0.0,45.54,2.35
2019-03-31,32.15,0.0,43.99,1.67
2019-04-01,32.29,0.0,48.65,2.68
2019-04-02,31.56,0.0,51.63,2.57
2019-04-03,31.14,0.0,52.94,2.78
2019-04-04,31.28,0.0,53.71,2.46
2019-04-05,32.23,0.0,51.12,2.22
2019-04-06,31.88,0.0,47.65,2.23
2019-04-07,32.03,0.0,51.89,2.46
2019-04-08,32.54,0.03,53.23,2.63
2019-04-09,32.7,0.11,52.59,2.78
2019-04-10,32.33,0.0,54.05,2.57
2019-04-11,32.13,0.0,52.22,2.12
2019-04-12,32.52,0.0,49.43,2.33
2019-04-13,31.89,0.0,49.61,2.31
2019-04-14,31.88,0.0,46.79,2.26
2019-04-15,32.38,0.0,45.85,2.16
2019-04-16,32.92,0.22,47.05,2.74
2019-04-17,32.26,0.5,42.02,1.96
2019-04-18,31.93,0.47,54.76,2.43
2019-04-19,32.51,1.22,53.8,2.09
2019-04-20,31.71,6.38,55.95,2.71
2019-04-21,31.76,1.2,56.39,1.68
2019-04-22,32.87,4.91,52.23,1.97
2019-04-23,31.87,0.81,55.78,2.01
2019-04-24,31.07,0.04,52.76,1.67
2019-04-25,32.15,0.05,51.34,1.67
2019-04-26,32.25,0.09,51.4,1.84
2019-04-27,32.53,0.0,53.9,2.36
2019-04-28,32.99,0.0,52.24,2.17
2019-04-29,33.07,0.22,52.65,1.94
2019-04-30,32.26,0.34,55.03,3.25
2019-05-01,31.72,1.1,53.81,3.71
2019-05-02,34.09,0.0,44.22,3.2
2019-05-03,34.09,0.0,40.63,2.83
2019-05-04,34.23,0.0,42.27,2.11
2019-05-05,34.28,0.04,44.93,2.48
2019-05-06,33.69,0.02,51.33,2.73
2019-05-07,33.45,1.02,51.91,2.58
2019-05-08,30.06,1.54,59.91,3.06
2019-05-09,31.81,0.89,53.96,2.75
2019-05-10,33.12,0.22,52.44,2.38
2019-05-11,33.7,0.0,52.77,2.41
2019-05-12,33.99,0.02,52.54,2.34
2019-05-13,34.19,0.09,48.37,1.73
2019-05-14,35.07,0.29,44.17,2.1
2019-05-15,34.22,1.25,48.83,1.31
2019-05-16,33.54,0.53,51.41,1.78
2019-05-17,33.67,4.04,54.78,1.37
2019-05-18,32.59,1.67,57.84,1.66
2019-05-19,33.25,0.13,55.32,2.61
2019-05-20,33.06,0.0,52.94,2.69
2019-05-21,32.68,0.0,55.24,2.55
2019-05-22,32.88,0.07,54.89,2.17
2019-05-23,33.36,0.17,56.12,2.54
2019-05-24,33.23,0.14,52.3,2.39
2019-05-25,33.3,0.17,51.74,3.1
2019-05-26,33.4,0.12,50.93,2.77
2019-05-27,34.11,0.09,51.9,2.41
2019-05-28,33.81,0.79,53.97,2.04
2019-05-29,32.56,1.36,57.95,1.7
2019-05-30,32.41,4.12,56.9,1.99
2019-05-31,30.39,1.84,61.91,3.38
2019-06-01,31.79,0.36,56.21,2.26
2019-06-02,31.55,3.56,59.97,2.67
2019-06-03,29.9,0.61,65.89,2.34
2019-06-04,30.5,7.82,66.47,2.45
2019-06-05,29.94,10.76,69.72,2.66
2019-06-06,29.52,0.31,72.55,1.92
2019-06-07,30.52,1.09,70.06,2.05
2019-06-08,30.74,0.24,64.13,2.29
2019-06-09,30.79,1.52,59.25,4.11
2019-06-10,30.41,0.05,60.39,3.68
2019-06-11,30.85,0.05,58.46,3.99
2019-06-12,30.84,0.0,59.12,3.75
2019-06-13,30.78,0.45,60.75,4.05
2019-06-14,30.99,0.26,52.44,4.59
2019-06-15,31.92,2.17,47.27,3.8
2019-06-16,31.75,0.38,57.17,2.99
2019-06-17,32.27,0.0,54.0,3.9
2019-06-18,30.98,0.11,56.25,3.28
2019-06-19,31.49,0.06,56.32,4.06
2019-06-20,32.14,0.01,50.32,4.73
2019-06-21,30.95,0.05,52.56,4.01
2019-06-22,30.31,0.04,60.9,4.62
2019-06-23,31.08,0.13,54.9,4.74
2019-06-24,32.5,0.47,51.52,3.88
2019-06-25,31.23,1.93,57.52,2.71
2019-06-26,29.96,2.44,63.92,2.4
2019-06-27,30.65,0.19,59.75,3.6
2019-06-28,32.06,0.0,53.45,4.55
2019-06-29,32.17,0.0,52.09,5.12
2019-06-30,31.45,0.0,53.08,5.24
2019-07-01,32.18,0.0,52.91,4.72
2019-07-02,30.83,0.0,57.86,4.92
2019-07-03,31.08,0.18,57.5,4.41
2019-07-04,30.72,1.09,59.51,4.16
2019-07-05,31.09,0.12,55.98,4.62
2019-07-06,30.88,0.0,56.54,4.56
2019-07-07,30.83,0.0,56.01,4.27
2019-07-08,31.48,0.0,55.32,4.13
2019-07-09,30.82,0.39,56.56,3.81
2019-07-10,29.73,7.14,57.33,3.01
2019-07-11,30.42,0.33,55.63,2.43
2019-07-12,30.72,0.23,53.76,1.74
2019-07-13,30.54,1.96,57.31,1.73
2019-07-14,29.79,6.14,63.78,2.15
2019-07-15,29.63,3.87,62.43,3.16
2019-07-16,29.7,0.34,61.21,3.28
2019-07-17,30.1,1.43,58.27,3.15
2019-07-18,28.18,7.63,67.55,3.1
2019-07-19,27.29,1.05,73.54,3.05
2019-07-20,28.76,0.03,63.73,4.49
2019-07-21,29.5,0.17,60.27,4.74
2019-07-22,27.63,1.47,69.25,3.41
2019-07-23,28.89,5.58,63.29,3.95
2019-07-24,29.43,0.41,62.49,3.25
2019-07-25,28.93,6.14,63.02,3.53
2019-07-26,28.5,1.77,64.57,3.57
2019-07-27,29.6,0.01,60.06,3.1
2019-07-28,30.14,0.16,57.41,4.12
2019-07-29,29.44,0.63,60.27,3.84
2019-07-30,30.24,0.15,55.38,3.56
2019-07-31,29.64,0.0,55.97,2.89
2019-08-01,31.0,0.0,55.41,3.43
2019-08-02,30.3,0.0,56.0,4.35
2019-08-03,30.4,0.0,52.64,4.16
2019-08-04,30.66,0.28,54.55,4.68
2019-08-05,29.91,0.74,54.95,5.16
2019-08-06,29.35,0.7,55.87,5.07
2019-08-07,28.82,1.52,61.49,5.57
2019-08-08,28.47,3.75,66.35,5.56
2019-08-09,28.31,2.77,67.55,5.18
2019-08-10,28.86,0.06,62.11,4.75
2019-08-11,29.59,0.01,58.4,4.69
2019-08-12,30.45,0.65,55.21,4.47
2019-08-13,29.59,3.06,60.28,3.69
2019-08-14,29.49,2.82,65.73,4.31
2019-08-15,30.28,0.33,58.46,3.37
2019-08-16,28.86,12.05,65.5,3.23
2019-08-17,26.06,21.65,80.7,2.5
2019-08-18,25.7,7.1,81.87,2.08
2019-08-19,27.59,33.1,78.92,1.62
2019-08-20,27.71,7.35,77.79,2.36
2019-08-21,26.97,10.39,79.93,2.71
2019-08-22,26.6,4.24,78.03,3.06
2019-08-23,26.88,2.85,70.31,3.93
2019-08-24,27.0,0.13,69.41,3.2
2019-08-25,27.3,2.75,68.48,3.29
2019-08-26,27.39,0.72,70.79,3.15
2019-08-27,28.63,0.0,65.15,3.56
2019-08-28,28.82,0.81,63.56,3.29
2019-08-29,27.02,4.07,73.21,3.03
2019-08-30,28.0,0.22,65.58,3.68
2019-08-31,27.7,1.46,67.61,3.86
2019-09-01,28.07,0.37,70.15,2.88
2019-09-02,27.48,3.56,74.4,2.68
2019-09-03,28.04,2.78,70.98,3.22
2019-09-04,28.22,2.23,68.7,3.8
2019-09-05,28.54,0.38,66.48,4.03
2019-09-06,28.67,0.12,68.03,3.98
2019-09-07,29.5,0.0,64.21,4.22
2019-09-08,29.33,0.01,62.68,4.06
2019-09-09,28.58,0.0,63.23,3.05
2019-09-10,29.63,1.31,65.98,2.36
2019-09-11,27.69,11.9,78.47,1.92
2019-09-12,26.82,7.65,80.4,1.88
2019-09-13,26.49,15.4,80.95,1.78
2019-09-14,27.69,3.72,74.21,1.96
2019-09-15,28.05,7.07,73.04,2.32
2019-09-16,27.76,20.18,77.13,2.62
2019-09-17,27.3,16.6,76.96,2.15
2019-09-18,27.39,10.67,80.21,1.89
2019-09-19,26.61,17.12,81.71,2.22
2019-09-20,25.26,0.87,80.68,2.02
2019-09-21,27.18,1.59,80.01,1.32
2019-09-22,26.33,4.07,86.24,1.17
2019-09-23,25.58,23.72,91.28,1.1
2019-09-24,25.86,13.53,87.52,1.43
2019-09-25,25.64,9.6,88.99,2.97
2019-09-26,26.06,2.47,83.92,2.21
2019-09-27,26.28,0.33,80.65,1.58
2019-09-28,26.89,1.04,80.71,1.3
2019-09-29,25.91,2.62,84.66,1.48
2019-09-30,25.44,13.24,86.33,1.48
2019-10-01,26.9,0.91,78.08,1.12
2019-10-02,26.65,0.59,83.5,1.18
2019-10-03,26.57,0.15,83.63,1.23
2019-10-04,27.06,0.43,80.87,0.88
2019-10-05,26.87,1.56,82.16,1.34
2019-10-06,26.28,1.08,83.97,1.43
2019-10-07,26.66,5.66,82.4,1.22
2019-10-08,26.77,0.98,82.86,1.11
2019-10-09,27.34,0.38,81.36,1.48
2019-10-10,26.95,0.23,83.3,1.83
2019-10-11,26.24,1.0,84.9,1.32
2019-10-12,26.34,1.86,82.78,1.15
2019-10-13,26.6,4.48,84.5,1.37
2019-10-14,26.6,2.97,85.04,1.39
2019-10-15,26.25,6.27,88.14,1.51
2019-10-16,25.39,19.03,90.34,1.65
2019-10-17,25.69,14.28,87.07,1.83
2019-10-18,25.84,4.51,87.68,1.03
2019-10-19,25.2,3.46,90.4,1.49
2019-10-20,25.32,9.18,91.55,1.88
2019-10-21,25.29,20.85,90.5,1.57
2019-10-22,25.63,11.27,87.86,1.46
2019-10-23,25.41,19.11,88.13,1.67
2019-10-24,25.09,2.38,87.77,2.31
2019-10-25,24.86,0.52,85.6,1.43
2019-10-26,24.96,0.08,88.03,1.43
2019-10-27,24.98,2.9,88.16,0.9
2019-10-28,25.2,9.24,89.02,1.37
2019-10-29,24.54,13.27,90.13,2.0
2019-10-30,24.8,25.94,92.75,2.01
2019-10-31,24.91,6.37,92.54,2.01
2019-11-01,25.58,0.52,88.62,1.14
2019-11-02,25.24,0.11,88.25,1.15
2019-11-03,25.11,3.62,89.7,1.3
2019-11-04,25.26,0.56,86.11,1.34
2019-11-05,26.0,0.0,80.96,1.0
2019-11-06,26.58,0.06,81.84,0.61
2019-11-07,26.12,2.17,86.98,0.87
2019-11-08,26.03,7.57,88.29,0.67
2019-11-09,25.57,10.72,89.91,1.02
2019-11-10,26.52,0.23,84.62,0.93
2019-11-11,25.74,0.2,85.61,1.16
2019-11-12,24.97,0.03,87.46,1.9
2019-11-13,24.99,0.61,87.3,2.3
2019-11-14,25.36,3.4,88.36,2.09
2019-11-15,25.5,3.06,88.77,2.19
2019-11-16,25.54,3.44,88.09,2.0
2019-11-17,25.61,1.0,86.98,2.05
2019-11-18,25.75,6.91,88.92,2.3
2019-11-19,25.69,2.61,86.9,1.59
2019-11-20,25.33,3.73,89.47,1.83
2019-11-21,25.48,3.18,88.31,2.18
2019-11-22,24.82,6.63,89.59,2.74
2019-11-23,24.38,4.12,87.31,3.23
2019-11-24,24.77,2.17,87.85,2.58
2019-11-25,24.66,1.56,87.13,3.08
2019-11-26,24.79,3.3,86.11,2.8
2019-11-27,25.68,7.81,86.92,2.88
2019-11-28,25.67,19.56,90.36,2.65
2019-11-29,25.66,19.68,90.09,3.01
2019-11-30,24.84,26.79,93.86,2.89
2019-12-01,24.75,20.49,95.07,1.79
2019-12-02,24.97,8.44,90.32,2.13
2019-12-03,24.68,2.42,89.74,2.72
2019-12-04,24.24,0.32,88.07,3.02
2019-12-05,23.82,0.85,86.9,3.2
2019-12-06,23.49,0.79,87.07,3.41
2019-12-07,24.06,6.57,87.85,3.15
2019-12-08,23.62,0.43,85.93,2.39
2019-12-09,23.36,0.01,86.34,2.43
2019-12-10,23.13,0.0,85.35,2.39
2019-12-11,23.44,0.0,85.25,2.07
2019-12-12,23.87,0.43,87.53,2.55
2019-12-13,24.59,11.47,89.23,2.69
2019-12-14,24.84,10.4,89.22,3.06
2019-12-15,23.85,1.3,88.26,2.42
2019-12-16,23.83,1.17,89.71,2.19
2019-12-17,24.12,1.2,87.74,3.02
2019-12-18,24.09,0.25,88.14,2.96
2019-12-19,24.2,0.14,86.96,2.94
2019-12-20,24.18,0.05,86.78,2.85
2019-12-21,23.08,0.0,87.71,2.05
2019-12-22,23.58,0.05,85.48,2.22
2019-12-23,23.34,0.01,84.95,2.39
2019-12-24,23.67,12.37,89.33,2.51
2019-12-25,24.38,2.74,88.91,2.83
2019-12-26,23.79,0.03,85.75,1.86
2019-12-27,23.21,0.0,84.94,1.86
2019-12-28,23.11,0.0,84.96,1.9
2019-12-29,23.65,0.01,86.13,2.23
2019-12-30,23.7,0.56,86.63,2.15
2019-12-31,24.22,0.15,85.79,2.06
2020-01-01,24.75,0.32,86.35,2.15
2020-01-02,25.29,0.05,86.02,1.98
2020-01-03,25.41,0.0,85.89,1.68
2020-01-04,25.84,0.0,84.54,1.53
2020-01-05,25.56,0.04,84.64,1.99
2020-01-06,24.82,1.23,85.6,2.47
2020-01-07,24.46,0.87,84.55,2.34
2020-01-08,24.25,0.14,81.17,2.17
2020-01-09,23.39,0.0,78.27,1.92
2020-01-10,23.08,0.0,80.52,2.31
2020-01-11,22.63,0.0,78.89,2.44
2020-01-12,23.31,0.0,79.71,2.37
2020-01-13,23.18,0.0,78.52,2.08
2020-01-14,22.58,0.0,74.23,1.88
2020-01-15,22.27,0.0,75.13,2.03
2020-01-16,23.43,0.0,75.02,1.71
2020-01-17,24.38,0.22,80.87,2.13
2020-01-18,25.2,5.11,84.23,2.43
2020-01-19,24.88,0.7,80.99,2.53
2020-01-20,24.53,0.0,78.35,2.37
2020-01-21,23.96,0.02,77.02,2.7
2020-01-22,24.44,0.02,78.22,3.11
2020-01-23,25.07,0.02,78.81,3.14
2020-01-24,23.73,0.0,74.68,2.64
2020-01-25,23.0,0.0,70.79,2.0
2020-01-26,23.58,0.0,72.84,1.81
2020-01-27,23.96,0.0,72.25,1.58
2020-01-28,24.83,0.0,72.91,1.69
2020-01-29,25.19,0.0,72.11,1.61
2020-01-30,25.4,0.0,71.94,1.61
2020-01-31,25.3,0.0,73.46,1.85
2020-02-01,25.17,0.0,74.99,2.05
2020-02-02,25.02,0.0,70.94,2.53
2020-02-03,24.87,0.0,69.73,2.52
2020-02-04,25.33,0.01,71.29,2.5
2020-02-05,25.57,0.01,67.72,2.52
2020-02-06,25.18,0.0,67.0,2.29
2020-02-07,25.68,0.0,68.16,2.31
2020-02-08,26.23,0.0,66.3,1.76
2020-02-09,26.12,0.01,68.32,2.31
2020-02-10,25.97,0.05,70.13,2.96
2020-02-11,26.12,0.02,67.44,3.18
2020-02-12,26.07,0.05,70.04,3.39
2020-02-13,26.05,0.0,65.21,2.98
2020-02-14,25.99,0.0,65.64,2.18
2020-02-15,26.52,0.0,61.62,2.03
2020-02-16,25.59,0.0,62.24,2.49
2020-02-17,25.77,0.0,64.17,2.59
2020-02-18,25.16,0.0,63.02,2.57
2020-02-19,24.61,0.0,66.85,2.2
2020-02-20,25.06,0.0,66.35,2.68
2020-02-21,25.99,0.09,70.81,3.38
2020-02-22,27.41,0.11,67.76,3.96
2020-02-23,26.66,0.0,68.12,3.28
2020-02-24,26.86,0.0,67.25,2.78
2020-02-25,27.74,0.0,66.87,2.39
2020-02-26,27.74,0.0,65.35,2.66
2020-02-27,27.82,0.0,65.8,2.61
2020-02-28,28.11,0.0,62.87,3.02
2020-02-29,27.8,0.0,62.84,2.58
2020-03-01,28.28,0.01,59.48,2.59
2020-03-02,28.99,0.01,54.6,1.73
2020-03-03,29.74,0.01,49.49,1.16
2020-03-04,30.23,0.01,51.75,1.41
2020-03-05,29.75,0.0,52.6,2.38
2020-03-06,29.45,0.0,60.64,2.53
2020-03-07,29.68,0.0,62.95,3.11
2020-03-08,29.92,0.12,60.7,2.58
2020-03-09,29.76,0.0,57.09,2.46
2020-03-10,29.57,0.0,56.17,2.51
2020-03-11,29.25,0.0,55.58,1.96
2020-03-12,29.15,0.0,54.56,2.31
2020-03-13,28.75,0.0,59.69,2.64
2020-03-14,29.33,0.0,60.36,2.77
2020-03-15,29.28,0.0,58.61,3.05
2020-03-16,29.84,0.0,59.74,3.03
2020-03-17,29.57,0.0,59.6,2.95
2020-03-18,30.06,0.0,58.5,2.54
2020-03-19,30.4,0.0,54.95,2.25
2020-03-20,30.68,0.03,53.56,2.09
2020-03-21,31.01,0.06,51.82,2.45
2020-03-22,31.42,0.0,50.96,2.37
2020-03-23,30.88,0.0,51.67,2.59
2020-03-24,30.43,0.0,54.62,2.74
2020-03-25,30.33,0.0,55.55,2.51
2020-03-26,30.04,0.0,55.89,2.92
2020-03-27,29.83,0.0,56.03,2.93
2020-03-28,30.03,0.0,52.71,2.1
2020-03-29,30.0,0.0,49.98,2.01
2020-03-30,29.66,0.0,47.81,2.39
2020-03-31,29.62,0.0,53.74,2.56
2020-04-01,30.22,0.0,54.94,2.44
2020-04-02,31.0,0.0,55.86,2.6
2020-04-03,30.77,0.0,55.95,2.43
2020-04-04,30.9,0.16,56.71,2.39
2020-04-05,31.07,1.81,61.3,2.43
2020-04-06,31.38,0.12,59.59,2.28
2020-04-07,30.94,0.72,56.92,1.64
2020-04-08,31.57,1.26,57.05,2.03
2020-04-09,31.14,4.48,58.3,2.48
2020-04-10,30.65,0.74,57.2,2.58
2020-04-11,30.73,0.01,56.35,2.46
2020-04-12,30.84,0.0,52.78,2.26
2020-04-13,31.2,0.0,51.44,2.09
2020-04-14,31.32,0.0,51.71,2.43
2020-04-15,31.5,0.0,53.98,2.43
2020-04-16,31.9,0.02,54.34,2.14
2020-04-17,32.31,0.14,53.46,2.46
2020-04-18,32.63,0.08,53.32,2.65
2020-04-19,32.05,0.46,55.97,2.79
2020-04-20,31.85,0.09,56.26,2.77
2020-04-21,32.36,0.0,53.05,2.44
2020-04-22,33.02,0.01,50.83,2.46
2020-04-23,33.47,0.73,51.65,2.51
2020-04-24,32.6,0.06,57.22,3.16
2020-04-25,32.17,0.66,59.51,2.27
2020-04-26,30.33,2.78,65.91,2.09
2020-04-27,31.13,2.8,63.17,1.82
2020-04-28,30.42,1.64,64.2,1.98
2020-04-29,30.7,1.82,63.1,1.02
2020-04-30,31.03,0.15,57.39,1.56
2020-05-01,32.75,0.08,51.83,2.09
2020-05-02,33.05,0.57,53.29,2.27
2020-05-03,32.8,0.68,54.37,2.31
2020-05-04,33.21,0.0,51.43,2.31
2020-05-05,33.35,0.0,48.71,2.74
2020-05-06,32.53,0.05,56.23,3.0
2020-05-07,32.87,0.27,52.94,3.45
2020-05-08,32.44,0.2,55.81,2.93
2020-05-09,32.78,0.2,55.73,2.87
2020-05-10,32.77,0.42,54.93,2.47
2020-05-11,31.21,1.02,60.01,2.24
2020-05-12,30.44,0.75,57.14,2.59
2020-05-13,31.8,1.45,48.63,2.15
2020-05-14,32.98,0.07,52.37,1.93
2020-05-15,33.1,0.4,52.15,1.78
2020-05-16,32.99,0.11,49.82,2.08
2020-05-17,32.88,4.15,53.09,2.33
2020-05-18,31.76,0.54,55.25,4.88
2020-05-19,32.95,0.01,50.46,5.01
2020-05-20,33.78,0.0,47.84,4.45
2020-05-21,32.99,0.07,46.03,3.86
2020-05-22,34.39,0.0,43.78,2.78
2020-05-23,35.26,0.01,44.41,2.55
2020-05-24,34.65,0.63,47.89,2.27
2020-05-25,33.62,0.31,51.75,2.22
2020-05-26,33.55,0.07,50.95,2.2
2020-05-27,33.1,0.26,52.37,2.8
2020-05-28,32.5,6.95,57.26,2.9
2020-05-29,32.05,1.0,57.16,2.3
2020-05-30,31.75,0.01,55.71,2.65
2020-05-31,31.58,0.77,58.18,3.62
2020-06-01,30.35,9.91,65.54,2.6
2020-06-02,28.64,6.8,73.1,2.07
2020-06-03,29.0,0.01,67.15,2.37
2020-06-04,29.63,0.0,61.6,2.59
2020-06-05,29.87,2.98,63.25,2.99
2020-06-06,29.06,4.64,68.99,2.2
2020-06-07,29.08,3.91,67.75,2.83
2020-06-08,30.05,0.03,59.68,3.15
2020-06-09,30.65,0.13,53.39,2.99
2020-06-10,29.9,1.36,58.86,2.9
2020-06-11,29.34,0.19,60.25,4.17
2020-06-12,30.06,0.0,54.0,4.96
2020-06-13,30.77,0.0,52.92,4.47
2020-06-14,31.13,0.0,54.23,4.68
2020-06-15,30.85,0.0,57.64,3.76
2020-06-16,30.91,0.01,58.38,3.37
2020-06-17,30.42,0.14,58.94,3.66
2020-06-18,30.31,0.52,56.7,4.26
2020-06-19,30.31,0.02,56.85,3.88
2020-06-20,30.17,0.49,56.78,4.5
2020-06-21,27.99,0.61,65.22,4.7
2020-06-22,29.96,0.07,56.61,3.59
2020-06-23,31.53,0.58,46.87,3.39
2020-06-24,30.71,3.5,53.2,2.4
2020-06-25,28.05,12.2,70.54,1.56
2020-06-26,28.21,7.5,72.9,2.07
2020-06-27,29.27,1.27,67.87,2.62
2020-06-28,29.11,2.54,70.78,2.44
2020-06-29,29.17,1.26,71.32,2.48
2020-06-30,29.17,0.76,69.03,2.7
2020-07-01,28.43,0.14,65.15,2.75
2020-07-02,29.25,2.65,63.47,3.11
2020-07-03,28.12,5.99,66.13,3.95
2020-07-04,27.73,0.63,66.15,4.25
2020-07-05,28.48,0.16,64.04,3.1
2020-07-06,28.58,0.24,62.93,3.82
2020-07-07,28.74,2.24,63.24,3.54
2020-07-08,27.56,2.87,75.27,1.98
2020-07-09,26.85,16.63,77.99,2.11
2020-07-10,27.28,1.88,76.16,1.62
2020-07-11,27.51,16.33,76.18,1.52
2020-07-12,28.79,3.68,69.98,2.76
2020-07-13,27.97,0.11,72.57,1.67
2020-07-14,27.67,11.6,78.11,2.0
2020-07-15,27.5,2.89,77.91,2.77
2020-07-16,27.92,0.87,71.46,2.95
2020-07-17,27.13,0.09,72.4,3.15
2020-07-18,27.88,1.41,70.84,1.35
2020-07-19,27.33,8.1,76.02,1.52
2020-07-20,27.15,13.59,81.19,1.93
2020-07-21,27.17,0.9,77.87,1.36
2020-07-22,27.13,0.25,79.1,2.06
2020-07-23,27.67,4.77,75.47,2.45
2020-07-24,27.57,14.35,77.86,2.13
2020-07-25,27.95,11.08,73.77,1.79
2020-07-26,27.41,1.11,74.35,2.16
2020-07-27,27.57,1.8,73.59,2.54
2020-07-28,27.3,5.43,76.06,2.73
2020-07-29,26.06,13.37,82.36,2.55
2020-07-30,27.96,0.28,74.42,2.54
2020-07-31,27.99,10.39,75.6,2.52
2020-08-01,27.13,3.52,76.4,3.16
2020-08-02,26.78,1.12,74.75,4.08
2020-08-03,27.2,0.74,74.2,4.06
2020-08-04,27.0,0.38,69.77,4.86
2020-08-05,28.09,0.03,64.76,5.63
2020-08-06,28.45,0.18,70.42,3.94
2020-08-07,29.13,0.02,67.65,4.41
2020-08-08,27.36,8.21,74.61,3.55
2020-08-09,26.12,6.65,79.21,3.57
2020-08-10,26.8,0.09,75.29,3.26
2020-08-11,27.87,4.23,73.62,3.49
2020-08-12,28.01,0.14,72.54,3.81
2020-08-13,28.02,0.0,72.07,3.36
2020-08-14,28.08,0.0,70.46,3.73
2020-08-15,27.53,0.0,71.19,3.25
2020-08-16,28.3,0.0,69.79,3.36
2020-08-17,29.28,0.0,66.79,3.02
2020-08-18,29.36,1.52,68.17,3.23
2020-08-19,28.19,0.3,72.52,2.67
2020-08-20,27.51,0.0,74.1,3.08
2020-08-21,29.1,0.02,68.07,2.01
2020-08-22,29.14,4.27,71.12,1.52
2020-08-23,28.42,16.37,76.25,1.78
2020-08-24,27.57,25.38,80.06,1.21
2020-08-25,28.19,4.04,78.66,1.27
2020-08-26,27.66,0.94,79.24,1.16
2020-08-27,27.83,1.15,76.1,1.58
2020-08-28,28.84,0.2,69.44,1.89
2020-08-29,28.39,0.17,72.28,2.23
2020-08-30,28.59,2.53,73.22,1.69
2020-08-31,28.17,6.53,77.89,1.55
2020-09-01,26.22,9.87,84.23,2.25
2020-09-02,26.32,9.52,81.26,1.87
2020-09-03,26.75,4.75,80.7,0.95
2020-09-04,27.55,2.99,81.72,0.79
2020-09-05,27.51,1.25,80.23,1.01
2020-09-06,27.65,9.53,77.66,1.71
2020-09-07,27.17,1.35,78.79,2.37
2020-09-08,27.41,2.22,78.41,1.49
2020-09-09,27.03,17.16,82.64,1.91
2020-09-10,26.29,7.57,82.96,2.32
2020-09-11,26.03,2.0,79.4,3.03
2020-09-12,26.32,0.2,77.61,2.69
2020-09-13,25.51,3.92,79.86,2.71
2020-09-14,26.88,0.66,72.39,3.73
2020-09-15,27.36,0.59,72.64,3.08
2020-09-16,27.82,0.0,74.09,2.67
2020-09-17,27.65,0.51,76.04,2.97
2020-09-18,28.29,0.19,70.22,3.94
2020-09-19,27.34,0.25,71.34,4.2
2020-09-20,26.3,0.21,72.55,4.87
2020-09-21,26.87,0.13,70.74,4.01
2020-09-22,27.24,0.0,67.27,3.65
2020-09-23,27.58,0.0,67.6,3.04
2020-09-24,27.88,0.01,72.13,2.2
2020-09-25,26.92,1.59,75.54,1.67
2020-09-26,26.08,0.46,76.1,2.41
2020-09-27,27.41,11.38,72.45,1.81
2020-09-28,26.71,9.87,82.54,1.66
2020-09-29,25.59,29.4,88.89,2.12
2020-09-30,25.69,10.12,83.8,2.63
2020-10-01,25.91,0.1,80.21,2.45
2020-10-02,26.86,0.61,76.71,2.57
2020-10-03,25.73,5.33,81.03,2.59
2020-10-04,26.62,0.03,76.8,2.51
2020-10-05,27.79,0.4,70.88,2.36
2020-10-06,28.5,3.67,73.34,1.67
2020-10-07,28.18,7.45,79.42,2.03
2020-10-08,27.53,9.46,82.79,1.0
2020-10-09,26.58,6.42,84.75,1.34
2020-10-10,26.35,1.42,82.02,1.95
2020-10-11,25.56,0.12,80.62,3.01
2020-10-12,26.6,0.13,74.75,3.27
2020-10-13,26.43,0.2,76.44,3.58
2020-10-14,26.52,0.05,73.01,3.22
2020-10-15,27.21,0.02,72.21,2.54
2020-10-16,26.78,4.08,78.45,1.83
2020-10-17,27.07,7.07,78.14,1.5
2020-10-18,26.73,9.09,81.86,1.22
2020-10-19,26.35,11.05,84.78,1.49
2020-10-20,25.61,5.58,87.73,2.19
2020-10-21,26.4,3.01,82.45,2.08
2020-10-22,26.06,1.07,83.8,2.29
2020-10-23,26.66,0.5,81.42,1.89
2020-10-24,24.56,0.09,81.74,2.16
2020-10-25,26.53,13.03,75.36,1.28
2020-10-26,26.69,0.02,80.82,1.1
2020-10-27,26.56,0.01,80.11,1.59
2020-10-28,26.51,0.16,77.42,1.76
2020-10-29,26.32,0.47,78.38,2.01
2020-10-30,26.38,1.4,78.32,1.6
2020-10-31,26.91,0.8,73.55,1.02
2020-11-01,27.14,0.11,73.19,1.05
2020-11-02,27.22,0.22,76.59,1.13
2020-11-03,27.35,0.27,76.86,1.67
2020-11-04,26.9,1.05,81.06,1.43
2020-11-05,26.71,5.6,78.67,1.72
2020-11-06,25.84,4.25,85.08,1.92
2020-11-07,26.02,0.92,84.39,2.11
2020-11-08,25.29,3.46,88.53,2.31
2020-11-09,25.92,0.04,74.92,2.88
2020-11-10,25.3,0.01,71.65,2.68
2020-11-11,25.79,2.5,77.44,2.72
2020-11-12,25.62,14.54,89.2,2.03
2020-11-13,25.75,14.3,88.16,2.12
2020-11-14,25.95,4.11,85.35,2.85
2020-11-15,25.58,9.38,91.02,2.56
2020-11-16,25.13,25.58,92.75,2.0
2020-11-17,25.3,24.73,88.51,2.22
2020-11-18,25.44,5.85,87.75,1.83
2020-11-19,25.35,1.21,86.37,2.02
2020-11-20,24.94,0.32,85.14,2.24
2020-11-21,24.19,0.0,81.64,2.08
2020-11-22,23.61,0.0,80.64,1.66
2020-11-23,23.95,0.17,82.59,2.46
2020-11-24,23.99,2.18,88.36,3.1
2020-11-25,25.02,4.69,84.29,3.79
2020-11-26,24.33,39.34,88.28,4.33
2020-11-27,24.96,6.34,86.7,1.31
2020-11-28,25.12,2.53,87.39,1.84
2020-11-29,25.07,0.95,88.5,2.28
2020-11-30,24.95,1.35,86.72,2.96
2020-12-01,24.06,0.33,82.79,2.88
2020-12-02,24.35,18.72,84.21,3.94
2020-12-03,23.95,53.75,91.66,3.86
2020-12-04,24.48,27.59,93.63,4.44
2020-12-05,24.34,8.75,94.26,3.28
2020-12-06,24.47,14.32,91.76,3.38
2020-12-07,25.11,7.26,90.7,2.82
2020-12-08,24.93,7.77,90.92,2.24
2020-12-09,24.64,1.65,88.98,2.2
2020-12-10,23.43,0.03,86.36,1.98
2020-12-11,22.75,0.0,85.37,1.99
2020-12-12,22.79,0.0,84.88,1.93
2020-12-13,22.77,0.0,82.61,1.74
2020-12-14,22.42,0.0,83.35,1.85
2020-12-15,23.07,1.62,87.14,2.55
2020-12-16,23.48,21.29,91.83,3.01
2020-12-17,24.0,10.97,93.07,2.47
2020-12-18,23.45,11.98,92.03,2.55
2020-12-19,23.04,1.33,87.89,3.15
2020-12-20,22.77,0.04,86.77,3.0
2020-12-21,21.48,0.0,87.46,2.73
2020-12-22,21.61,0.02,86.52,2.42
2020-12-23,22.16,0.01,87.46,2.07
2020-12-24,22.7,0.0,85.98,2.38
2020-12-25,22.24,0.01,85.64,2.26
2020-12-26,21.49,0.0,84.23,2.3
2020-12-27,22.21,0.02,84.73,2.58
2020-12-28,22.21,0.01,83.34,2.27
2020-12-29,23.14,1.41,87.0,2.59
2020-12-30,24.02,6.5,88.45,3.46
2020-12-31,24.1,9.73,89.83,3.53
2021-01-01,22.66,0.49,86.6,2.7
2021-01-02,22.92,2.37,89.36,2.92
2021-01-03,24.12,8.83,89.81,2.93
2021-01-04,24.41,2.54,87.52,3.08
2021-01-05,23.99,2.29,91.33,2.25
2021-01-06,23.93,10.46,94.44,1.76
2021-01-07,24.63,11.16,90.84,2.07
2021-01-08,25.16,6.79,89.38,2.09
2021-01-09,24.16,4.59,92.13,2.19
2021-01-10,23.76,6.34,92.44,2.04
2021-01-11,23.75,23.22,93.02,2.49
2021-01-12,23.66,22.26,93.43,3.15
2021-01-13,23.83,16.86,91.05,3.21
2021-01-14,23.75,14.33,91.31,2.84
2021-01-15,23.63,7.77,90.81,2.61
2021-01-16,23.54,0.3,88.55,2.35
2021-01-17,21.97,0.01,86.75,2.01
2021-01-18,21.7,0.0,84.75,2.35
2021-01-19,22.25,0.0,83.49,2.07
2021-01-20,23.32,0.38,85.87,2.03
2021-01-21,24.74,0.64,88.49,1.68
2021-01-22,25.07,0.14,86.93,1.81
2021-01-23,23.74,0.06,86.42,1.94
2021-01-24,22.93,0.0,84.36,1.85
2021-01-25,22.58,0.0,85.58,1.82
2021-01-26,21.85,0.0,82.28,1.93
2021-01-27,21.86,0.0,80.7,1.79
2021-01-28,22.53,0.0,83.12,2.41
2021-01-29,23.25,0.35,84.27,2.59
2021-01-30,23.59,0.01,81.56,2.26
2021-01-31,23.26,0.0,83.58,2.52
2021-02-01,22.82,0.01,82.02,2.78
2021-02-02,23.07,0.03,81.94,2.57
2021-02-03,23.38,0.0,82.73,2.65
2021-02-04,22.58,0.0,77.93,2.29
2021-02-05,22.18,0.0,79.22,2.43
2021-02-06,22.16,0.0,78.83,2.4
2021-02-07,21.79,0.0,75.71,2.77
2021-02-08,21.91,0.0,78.13,3.02
2021-02-09,21.75,0.0,78.83,2.75
2021-02-10,21.25,0.0,77.66,2.22
2021-02-11,21.14,0.0,76.36,2.09
2021-02-12,21.48,0.0,76.81,2.03
2021-02-13,22.16,0.0,75.79,1.86
2021-02-14,22.47,0.0,73.37,1.82
2021-02-15,23.5,0.0,74.55,1.82
2021-02-16,23.98,0.0,76.02,1.91
2021-02-17,23.8,0.0,77.83,2.18
2021-02-18,23.96,0.01,78.65,2.52
2021-02-19,24.66,0.08,80.21,2.47
2021-02-20,25.51,2.34,80.22,3.42
2021-02-21,25.5,5.73,82.55,3.57
2021-02-22,25.16,0.56,79.39,2.95
2021-02-23,25.1,0.0,76.59,2.4
2021-02-24,24.69,0.0,74.99,2.0
2021-02-25,24.97,0.0,72.61,1.79
2021-02-26,25.41,0.0,67.87,1.78
2021-02-27,25.68,0.0,67.11,1.52
2021-02-28,24.97,0.0,70.93,1.86
2021-03-01,25.29,0.0,71.06,1.77
2021-03-02,25.09,0.0,71.61,1.91
2021-03-03,24.69,0.0,72.46,2.26
2021-03-04,24.69,0.0,73.09,2.22
2021-03-05,25.08,0.0,71.99,1.98
2021-03-06,26.1,0.0,68.4,1.89
2021-03-07,26.69,0.0,71.17,2.16
2021-03-08,26.87,0.0,72.64,2.43
2021-03-09,26.93,0.0,71.75,2.64
2021-03-10,26.62,4.07,77.0,2.5
2021-03-11,27.01,1.36,73.45,2.26
2021-03-12,26.38,0.05,67.95,2.22
2021-03-13,26.07,0.0,71.59,2.34
2021-03-14,26.67,0.0,68.49,2.41
2021-03-15,27.08,0.0,64.83,2.2
2021-03-16,27.32,0.0,64.85,2.18
2021-03-17,27.1,0.0,66.71,2.22
2021-03-18,26.53,0.0,66.93,2.17
2021-03-19,27.04,0.0,64.47,1.93
2021-03-20,27.87,0.0,62.91,1.68
2021-03-21,28.12,0.0,61.72,1.78
2021-03-22,28.09,0.21,65.18,2.1
2021-03-23,28.17,0.0,65.39,2.12
2021-03-24,28.14,0.0,65.93,1.98
2021-03-25,28.03,0.0,65.93,1.95
2021-03-26,28.31,0.02,69.47,2.11
2021-03-27,29.16,0.0,66.55,2.22
2021-03-28,29.52,0.06,62.51,1.7
2021-03-29,29.94,0.01,60.1,2.04
2021-03-30,30.6,0.0,56.13,2.21
2021-03-31,31.93,0.0,55.37,2.19
2021-04-01,32.12,0.17,57.43,2.43
2021-04-02,32.98,0.05,52.18,2.94
2021-04-03,32.62,0.0,48.85,2.58
2021-04-04,33.0,0.3,46.74,2.22
2021-04-05,32.6,0.03,49.24,2.32
2021-04-06,30.45,0.31,58.92,2.53
2021-04-07,30.01,0.0,57.62,2.4
2021-04-08,29.74,0.0,56.88,1.93
2021-04-09,30.35,0.0,57.74,2.41
2021-04-10,30.37,0.09,59.65,2.69
2021-04-11,30.3,0.56,59.39,2.52
2021-04-12,30.13,2.54,61.2,2.43
2021-04-13,29.73,0.84,63.5,2.24
2021-04-14,28.83,6.83,69.24,1.7
2021-04-15,27.29,9.17,77.95,1.19
2021-04-16,28.13,2.01,72.69,0.98
2021-04-17,29.79,0.02,67.17,1.28
2021-04-18,30.63,0.04,62.53,1.75
2021-04-19,31.2,0.07,60.83,1.37
2021-04-20,30.74,0.3,61.19,1.29
2021-04-21,30.58,0.63,62.76,1.21
2021-04-22,30.81,0.04,63.26,1.9
2021-04-23,31.01,2.73,61.4,1.21
2021-04-24,29.26,4.23,70.17,1.17
2021-04-25,29.71,1.51,69.1,1.76
2021-04-26,30.12,0.16,66.27,1.72
2021-04-27,29.61,0.01,66.18,1.34
2021-04-28,30.45,0.0,62.83,1.7
2021-04-29,31.46,0.01,60.36,1.85
2021-04-30,31.36,0.15,62.11,2.44
2021-05-01,30.12,0.59,66.99,2.11
2021-05-02,30.47,0.82,64.72,2.32
2021-05-03,30.46,2.62,65.34,2.37
2021-05-04,29.72,5.13,69.98,2.01
2021-05-05,29.86,1.08,68.19,1.9
2021-05-06,30.95,0.15,62.79,2.43
2021-05-07,30.08,1.12,66.35,2.31
2021-05-08,29.51,0.91,68.13,2.18
2021-05-09,30.0,0.54,66.61,1.75
2021-05-10,30.86,0.15,63.89,1.94
2021-05-11,31.57,0.15,60.21,1.82
2021-05-12,32.24,1.66,58.65,1.73
2021-05-13,31.4,7.86,62.8,1.88
2021-05-14,30.93,3.51,63.19,2.93
2021-05-15,29.13,0.54,66.62,4.21
2021-05-16,29.16,1.02,69.46,2.83
2021-05-17,30.45,4.38,64.19,1.83
2021-05-18,30.0,2.28,69.84,1.44
2021-05-19,29.23,16.1,74.35,1.66
2021-05-20,27.95,19.5,78.87,2.28
2021-05-21,27.81,3.31,74.21,2.67
2021-05-22,27.81,0.99,73.5,2.94
2021-05-23,30.46,0.09,61.59,2.53
2021-05-24,30.0,0.01,64.5,3.36
2021-05-25,28.69,4.65,67.81,3.5
2021-05-26,28.56,4.44,64.02,5.25
2021-05-27,30.11,0.01,59.81,3.99
2021-05-28,30.91,0.0,57.42,3.59
2021-05-29,30.74,0.0,57.51,3.55
2021-05-30,30.82,0.03,56.94,4.09
2021-05-31,31.05,0.08,55.52,3.38
2021-06-01,30.98,0.25,60.06,3.23
2021-06-02,31.51,5.68,61.11,1.98
2021-06-03,28.8,4.61,76.76,1.72
2021-06-04,27.33,3.21,84.77,1.72
2021-06-05,27.28,14.03,75.97,2.4
2021-06-06,29.17,0.31,65.4,2.2
2021-06-07,29.93,0.08,65.55,1.96
2021-06-08,30.07,1.06,63.63,2.66
2021-06-09,29.55,1.19,64.53,3.33
2021-06-10,30.43,0.15,60.53,4.02
2021-06-11,29.88,0.0,60.25,3.91
2021-06-12,29.71,2.86,61.09,4.65
2021-06-13,28.75,0.07,63.24,4.4
2021-06-14,28.31,0.01,58.05,5.81
2021-06-15,28.96,0.01,59.33,4.27
2021-06-16,29.24,0.02,65.69,3.99
2021-06-17,29.5,0.0,63.72,4.18
2021-06-18,29.27,0.0,62.44,4.27
2021-06-19,29.03,0.0,62.37,3.79
2021-06-20,29.38,0.0,63.9,3.22
2021-06-21,29.91,0.27,62.16,3.08
2021-06-22,29.17,3.08,65.34,2.47
2021-06-23,28.08,11.69,74.53,1.77
2021-06-24,28.77,1.43,68.15,2.5
2021-06-25,29.93,0.0,58.41,2.87
2021-06-26,29.35,0.75,61.76,3.65
2021-06-27,28.94,0.14,59.46,2.69
2021-06-28,28.55,0.18,61.36,1.92
2021-06-29,29.38,5.54,65.68,1.84
2021-06-30,29.6,4.14,71.07,1.59
2021-07-01,28.52,26.03,78.22,1.85
2021-07-02,28.43,5.07,76.16,2.25
2021-07-03,27.71,2.14,76.02,1.76
2021-07-04,25.97,33.27,85.26,2.24
2021-07-05,28.18,3.89,73.93,1.72
2021-07-06,28.21,0.0,74.78,1.46
2021-07-07,28.92,3.61,72.45,1.33
2021-07-08,28.59,11.24,74.92,1.85
2021-07-09,27.56,3.9,78.83,2.95
2021-07-10,27.08,0.31,71.85,4.84
2021-07-11,27.4,0.05,65.22,4.76
2021-07-12,27.98,0.03,66.47,4.65
2021-07-13,27.96,0.1,69.73,4.33
2021-07-14,27.15,5.66,74.01,3.65
2021-07-15,27.72,1.69,71.39,3.79
2021-07-16,27.95,1.97,72.33,2.8
2021-07-17,28.04,3.21,73.26,2.47
2021-07-18,27.01,3.44,78.05,3.49
2021-07-19,28.13,0.02,71.37,4.02
2021-07-20,29.28,0.1,65.99,4.63
2021-07-21,28.56,0.07,67.52,4.45
2021-07-22,27.91,0.19,70.66,5.32
2021-07-23,28.47,0.77,66.62,5.14
2021-07-24,28.35,0.03,68.32,4.02
2021-07-25,28.58,1.71,65.07,4.24
2021-07-26,28.74,4.4,67.99,3.73
2021-07-27,26.55,1.49,77.89,3.12
2021-07-28,28.58,0.16,65.69,3.89
2021-07-29,28.97,0.0,65.49,3.5
2021-07-30,28.74,0.0,66.23,3.82
2021-07-31,29.41,0.05,63.99,3.87
2021-08-01,29.65,0.01,62.32,3.95
2021-08-02,28.98,0.05,60.73,4.19
2021-08-03,29.18,0.0,62.21,4.3
2021-08-04,29.89,0.0,60.15,4.94
2021-08-05,29.48,0.5,62.27,4.43
2021-08-06,29.56,1.37,65.34,3.86
2021-08-07,28.89,7.0,69.88,3.32
2021-08-08,29.01,1.01,67.69,2.21
2021-08-09,28.67,19.74,68.46,2.72
2021-08-10,27.74,7.77,70.47,3.46
2021-08-11,27.6,5.25,71.44,2.79
2021-08-12,26.83,2.49,74.77,3.33
2021-08-13,26.67,1.38,75.37,2.54
2021-08-14,28.21,2.14,70.77,3.08
2021-08-15,28.86,0.21,65.26,3.3
2021-08-16,28.98,0.02,62.17,3.04
2021-08-17,28.27,9.9,66.71,2.87
2021-08-18,26.73,13.68,73.06,3.35
2021-08-19,28.01,0.85,64.17,3.65
2021-08-20,27.27,3.69,68.63,2.0
2021-08-21,26.26,8.94,77.47,1.22
2021-08-22,26.45,7.47,78.91,1.09
2021-08-23,26.56,9.7,79.48,1.5
2021-08-24,27.54,9.97,76.45,1.71
2021-08-25,28.62,0.76,71.09,1.91
2021-08-26,28.57,0.79,72.85,1.56
2021-08-27,27.38,2.06,79.66,2.36
2021-08-28,26.64,1.53,79.37,2.44
2021-08-29,26.45,0.39,78.68,3.01
2021-08-30,27.5,0.01,70.51,3.65
2021-08-31,28.48,1.53,69.98,1.99
2021-09-01,28.04,1.41,71.95,1.65
2021-09-02,26.18,33.86,82.49,1.85
2021-09-03,26.1,18.3,82.23,2.11
2021-09-04,26.48,4.2,80.94,2.43
2021-09-05,27.27,5.93,73.85,3.66
2021-09-06,25.78,4.06,77.26,3.75
2021-09-07,26.98,0.27,74.33,3.27
2021-09-08,26.53,2.47,79.65,2.43
2021-09-09,27.51,0.12,75.12,2.31
2021-09-10,27.67,0.24,73.76,2.92
2021-09-11,27.39,1.62,75.76,3.34
2021-09-12,27.19,0.2,75.74,3.43
2021-09-13,27.21,0.01,75.11,3.69
2021-09-14,27.58,0.01,76.25,2.41
2021-09-15,27.82,3.82,76.69,2.53
2021-09-16,27.64,3.0,78.41,1.97
2021-09-17,27.28,6.63,80.01,1.74
2021-09-18,27.21,4.5,81.4,1.11
2021-09-19,27.2,12.49,82.44,1.48
2021-09-20,27.22,4.09,80.68,1.55
2021-09-21,27.19,0.93,78.1,1.84
2021-09-22,28.22,0.65,71.4,1.82
2021-09-23,27.63,7.83,79.38,1.56
2021-09-24,27.59,6.28,76.52,1.61
2021-09-25,27.32,5.14,81.59,1.62
2021-09-26,26.57,3.06,81.7,1.86
2021-09-27,27.28,3.92,75.2,3.73
2021-09-28,26.27,0.07,73.01,3.15
2021-09-29,27.44,1.64,69.14,2.26
2021-09-30,27.21,20.34,73.92,1.49
2021-10-01,26.77,9.39,83.14,1.02
2021-10-02,26.22,7.13,87.76,1.14
2021-10-03,27.13,3.4,83.01,1.36
2021-10-04,27.16,2.87,84.19,1.16
2021-10-05,26.39,8.53,86.78,0.84
2021-10-06,26.66,5.71,83.12,1.57
2021-10-07,27.0,0.38,82.57,1.57
2021-10-08,27.08,10.88,84.05,1.86
2021-10-09,26.34,4.22,86.91,2.11
2021-10-10,26.87,6.5,83.85,1.86
2021-10-11,25.9,21.3,88.01,1.96
2021-10-12,25.54,7.64,84.3,2.53
2021-10-13,25.62,2.03,82.84,2.32
2021-10-14,27.28,2.23,81.74,1.71
2021-10-15,26.99,1.92,84.01,1.35
2021-10-16,27.23,13.08,87.23,1.9
2021-10-17,26.42,4.29,88.44,2.57
2021-10-18,26.53,0.62,84.61,2.0
2021-10-19,26.13,3.19,85.76,1.75
2021-10-20,26.35,8.55,87.9,0.76
2021-10-21,26.18,16.16,88.94,0.61
2021-10-22,26.14,4.83,87.35,1.0
2021-10-23,26.2,2.27,86.97,1.26
2021-10-24,26.39,4.67,78.23,0.73
2021-10-25,26.07,7.59,82.29,1.26
2021-10-26,25.69,4.22,86.37,1.48
2021-10-27,25.84,1.05,85.45,1.71
2021-10-28,25.54,2.46,84.69,1.48
2021-10-29,24.52,21.64,90.4,2.28
2021-10-30,24.47,11.54,91.35,2.2
2021-10-31,25.15,16.17,91.37,2.16
2021-11-01,24.93,11.78,91.58,1.95
2021-11-02,25.07,20.8,92.86,2.36
2021-11-03,24.73,19.62,93.54,1.72
2021-11-04,24.9,8.86,92.1,0.92
2021-11-05,25.03,6.03,89.36,0.69
2021-11-06,25.38,15.38,87.58,0.87
2021-11-07,25.14,13.45,86.88,1.2
2021-11-08,24.94,9.09,91.2,0.88
2021-11-09,23.45,35.07,91.86,2.03
2021-11-10,23.11,22.12,89.6,2.59
2021-11-11,23.7,4.6,89.63,3.21
2021-11-12,25.74,7.13,86.93,1.65
2021-11-13,25.72,0.77,86.48,1.1
2021-11-14,25.15,8.76,91.89,1.54
2021-11-15,25.94,7.55,87.31,1.03
2021-11-16,26.06,3.4,88.3,0.57
2021-11-17,25.26,25.12,93.3,1.23
2021-11-18,23.95,20.03,92.44,3.11
2021-11-19,25.03,11.83,90.28,3.88
2021-11-20,26.19,5.99,88.93,2.33
2021-11-21,25.09,1.51,85.16,1.19
2021-11-22,24.36,2.22,90.79,1.56
2021-11-23,24.76,5.33,93.7,1.68
2021-11-24,24.64,2.49,93.72,1.86
2021-11-25,24.73,23.93,93.39,2.64
2021-11-26,24.73,21.69,94.38,2.71
2021-11-27,24.0,18.03,94.16,2.45
2021-11-28,24.14,15.08,94.51,2.53
2021-11-29,23.92,16.18,93.82,2.27
2021-11-30,24.27,7.42,94.38,1.82
2021-12-01,25.14,2.54,91.68,2.03
2021-12-02,24.7,0.37,90.7,2.37
2021-12-03,23.28,0.02,84.37,1.21
2021-12-04,24.75,0.68,74.96,0.71
2021-12-05,25.96,4.37,82.88,0.82
2021-12-06,25.77,1.73,88.36,1.33
2021-12-07,25.02,0.03,89.51,1.87
2021-12-08,24.56,0.09,90.61,1.96
2021-12-09,24.0,1.5,92.56,2.1
2021-12-10,24.03,0.09,89.03,2.24
2021-12-11,24.53,3.59,90.7,2.6
2021-12-12,24.48,2.23,90.02,2.98
2021-12-13,24.31,1.7,90.18,2.7
2021-12-14,24.37,2.31,90.87,2.96
2021-12-15,24.1,1.37,90.31,2.92
2021-12-16,23.3,0.22,87.86,3.04
2021-12-17,22.48,0.03,87.49,2.46
2021-12-18,22.43,0.01,86.67,2.75
2021-12-19,21.71,0.0,85.53,2.55
2021-12-20,21.76,0.0,85.11,2.25
2021-12-21,21.71,0.0,80.75,1.71
2021-12-22,21.22,0.0,84.64,1.47
2021-12-23,20.4,0.0,83.32,1.49
2021-12-24,20.89,0.0,84.41,1.47
2021-12-25,21.34,0.0,85.96,1.53
2021-12-26,21.67,0.0,86.82,1.56
2021-12-27,22.07,0.0,86.12,1.81
2021-12-28,22.24,0.11,86.14,1.95
2021-12-29,22.21,0.02,83.99,1.84
2021-12-30,22.96,5.36,89.36,2.87
2021-12-31,24.44,9.6,90.94,3.32
2022-01-01,24.41,20.95,90.44,3.37
2022-01-02,23.87,4.38,88.45,3.14
2022-01-03,23.07,0.0,86.68,2.64
2022-01-04,22.49,0.0,87.11,2.56
2022-01-05,22.06,0.0,85.31,2.03
2022-01-06,23.06,0.01,88.17,2.19
2022-01-07,23.49,0.01,88.32,2.11
2022-01-08,23.27,0.0,87.47,2.24
2022-01-09,23.05,0.0,86.47,1.86
2022-01-10,23.4,0.0,86.04,1.59
2022-01-11,23.77,0.06,86.18,1.72
2022-01-12,24.11,0.05,86.11,1.38
2022-01-13,24.83,0.0,86.09,1.32
2022-01-14,24.98,0.0,85.46,1.33
2022-01-15,24.7,0.02,85.9,1.64
2022-01-16,24.27,1.16,86.82,2.4
2022-01-17,24.01,1.56,86.39,2.57
2022-01-18,23.05,0.14,84.64,2.62
2022-01-19,22.74,0.0,84.0,2.02
2022-01-20,22.3,0.0,80.33,1.26
2022-01-21,23.42,0.0,79.51,0.78
2022-01-22,24.58,0.0,80.2,1.25
2022-01-23,24.93,0.0,83.31,1.59
2022-01-24,24.93,0.05,84.03,1.34
2022-01-25,24.45,0.22,84.22,1.65
2022-01-26,23.91,0.08,82.8,1.88
2022-01-27,23.53,0.02,82.07,2.05
2022-01-28,23.55,0.3,83.47,2.94
2022-01-29,24.24,0.79,83.39,3.38
2022-01-30,24.38,0.34,82.59,2.57
2022-01-31,24.65,0.0,82.99,1.95
2022-02-01,24.42,0.0,81.31,1.97
2022-02-02,22.69,0.0,77.81,1.78
2022-02-03,22.8,0.0,75.78,0.98
2022-02-04,24.53,0.0,76.21,1.17
2022-02-05,25.32,0.0,78.84,1.77
2022-02-06,24.87,0.0,78.99,2.19
2022-02-07,24.36,0.0,76.68,2.26
2022-02-08,23.36,0.0,75.35,2.42
2022-02-09,22.84,0.0,74.37,2.53
2022-02-10,23.8,0.72,71.78,2.72
2022-02-11,24.48,7.81,81.31,3.07
2022-02-12,24.49,3.69,78.61,3.05
2022-02-13,24.39,0.08,76.41,2.97
2022-02-14,24.55,0.18,76.32,2.75
2022-02-15,24.02,0.13,72.97,2.63
2022-02-16,24.14,0.0,69.78,2.39
2022-02-17,24.54,0.0,70.61,2.32
2022-02-18,24.9,0.07,75.8,2.49
2022-02-19,24.91,0.06,75.45,2.61
2022-02-20,25.9,0.0,72.95,2.04
2022-02-21,27.31,0.0,68.17,1.25
2022-02-22,26.78,0.0,70.77,1.98
2022-02-23,25.74,0.07,71.6,2.76
2022-02-24,25.06,0.11,70.38,2.46
2022-02-25,24.71,0.0,67.25,2.64
2022-02-26,25.56,0.25,73.61,2.69
2022-02-27,26.24,0.06,70.34,3.15
2022-02-28,25.43,0.0,69.0,2.2
2022-03-01,25.76,0.0,63.63,2.68
2022-03-02,25.51,0.0,64.95,2.87
2022-03-03,25.51,0.0,66.7,3.18
2022-03-04,26.12,0.84,67.92,3.54
2022-03-05,26.62,0.01,66.95,3.22
2022-03-06,26.77,0.78,67.16,3.63
2022-03-07,26.12,8.31,71.96,3.14
2022-03-08,26.94,0.09,68.53,2.38
2022-03-09,26.96,0.0,65.08,2.12
2022-03-10,26.69,0.0,63.65,2.43
2022-03-11,26.39,0.0,65.64,2.54
2022-03-12,26.31,0.0,62.02,2.6
2022-03-13,26.84,0.0,63.64,2.77
2022-03-14,27.47,0.0,62.45,2.52
2022-03-15,27.6,0.0,61.16,1.86
2022-03-16,28.56,0.0,53.85,1.83
2022-03-17,28.84,0.0,53.04,1.94
2022-03-18,29.17,0.0,54.21,1.7
2022-03-19,29.82,0.0,60.43,1.24
2022-03-20,31.54,0.14,53.9,1.51
2022-03-21,31.78,3.44,53.65,1.27
2022-03-22,30.33,4.12,62.15,1.55
2022-03-23,29.88,2.13,66.15,1.26
2022-03-24,29.79,0.22,65.95,1.43
2022-03-25,29.71,0.63,64.52,1.54
2022-03-26,29.99,0.73,63.8,1.78
2022-03-27,30.09,0.28,64.41,1.59
2022-03-28,30.79,0.0,61.17,2.23
2022-03-29,30.77,0.0,59.92,1.93
2022-03-30,31.14,0.08,58.44,2.46
2022-03-31,31.04,0.01,58.22,2.33
2022-04-01,30.8,0.01,59.25,2.63
2022-04-02,31.03,0.13,58.19,2.23
2022-04-03,30.28,1.23,62.45,2.17
2022-04-04,30.48,0.2,60.43,2.4
2022-04-05,30.49,0.06,57.93,2.28
2022-04-06,30.22,0.87,59.1,1.95
2022-04-07,30.52,0.08,58.39,2.01
2022-04-08,30.25,1.98,60.96,1.84
2022-04-09,28.75,3.23,66.61,1.67
2022-04-10,29.06,6.07,64.61,1.9
2022-04-11,28.56,3.04,70.41,2.05
2022-04-12,28.63,3.57,71.97,1.48
2022-04-13,28.07,6.48,75.99,1.77
2022-04-14,27.83,3.9,71.27,1.93
2022-04-15,30.5,0.51,62.93,2.07
2022-04-16,30.3,2.88,67.71,2.23
2022-04-17,30.52,5.48,68.02,1.75
2022-04-18,30.05,3.15,67.85,1.54
2022-04-19,30.99,0.13,59.28,1.21
2022-04-20,30.57,0.0,64.18,1.48
2022-04-21,29.99,0.0,68.7,2.17
2022-04-22,29.77,2.03,68.87,2.41
2022-04-23,27.64,10.61,76.87,1.49
2022-04-24,30.24,1.19,62.69,1.82
2022-04-25,29.79,0.0,66.02,1.83
2022-04-26,30.49,0.0,63.19,1.99
2022-04-27,30.89,0.0,62.55,2.02
2022-04-28,30.54,0.0,64.4,2.1
2022-04-29,31.05,0.02,63.84,1.85
2022-04-30,31.57,0.06,62.25,1.51
2022-05-01,32.34,0.49,57.91,1.57
2022-05-02,32.6,0.74,56.84,1.89
2022-05-03,30.81,4.11,67.51,1.43
2022-05-04,30.48,2.31,67.98,1.38
2022-05-05,30.45,2.53,67.74,1.39
2022-05-06,30.48,2.2,54.74,2.13
2022-05-07,31.14,2.44,59.35,1.29
2022-05-08,32.14,0.12,58.31,1.48
2022-05-09,30.98,2.05,62.94,3.23
2022-05-10,30.21,0.11,62.39,4.33
2022-05-11,31.5,0.06,55.54,5.08
2022-05-12,30.77,2.75,57.25,4.19
2022-05-13,30.68,1.7,60.8,3.56
2022-05-14,30.13,5.94,62.97,3.23
2022-05-15,27.85,18.9,79.57,2.53
2022-05-16,27.05,1.84,83.22,2.03
2022-05-17,28.39,8.21,75.94,1.92
2022-05-18,29.0,1.52,72.79,2.17
2022-05-19,28.89,1.04,68.86,3.83
2022-05-20,29.51,0.76,60.53,3.8
2022-05-21,29.2,0.1,63.91,3.76
2022-05-22,30.28,0.02,59.55,4.49
2022-05-23,31.28,0.02,60.03,3.23
2022-05-24,31.76,2.98,60.32,2.52
2022-05-25,29.93,5.28,71.19,1.6
2022-05-26,29.63,1.83,67.64,2.65
2022-05-27,30.12,0.99,60.43,2.87
2022-05-28,29.84,1.08,64.06,3.11
2022-05-29,28.94,8.35,67.38,2.95
2022-05-30,29.51,4.71,66.52,2.62
2022-05-31,29.99,2.07,63.83,2.91
2022-06-01,29.31,0.24,65.39,3.65
2022-06-02,30.33,0.07,62.1,3.2
2022-06-03,29.75,0.0,61.81,2.56
2022-06-04,29.8,0.01,63.31,1.87
2022-06-05,29.43,7.91,67.51,1.44
2022-06-06,27.65,20.7,80.25,1.63
2022-06-07,28.9,4.5,70.6,1.76
2022-06-08,29.28,0.0,66.74,2.65
2022-06-09,29.52,0.0,65.14,2.44
2022-06-10,29.02,0.01,66.2,3.2
2022-06-11,29.72,0.04,60.04,3.32
2022-06-12,28.56,1.47,61.99,3.23
2022-06-13,28.86,0.14,64.56,2.18
2022-06-14,28.72,11.53,70.17,2.52
2022-06-15,27.73,8.97,74.55,2.79
2022-06-16,27.43,9.76,77.5,1.92
2022-06-17,26.24,18.59,82.81,1.75
2022-06-18,26.7,2.87,78.9,1.76
2022-06-19,27.37,5.47,78.14,1.72
2022-06-20,28.01,1.41,71.36,2.43
2022-06-21,28.28,2.47,71.13,2.93
2022-06-22,27.61,1.42,73.77,2.01
2022-06-23,28.18,0.16,69.03,2.28
2022-06-24,27.59,0.32,67.83,3.91
2022-06-25,27.79,0.03,67.21,3.97
2022-06-26,28.83,0.0,62.41,3.85
2022-06-27,29.38,0.0,64.14,3.45
2022-06-28,29.04,0.0,64.26,3.4
2022-06-29,29.52,0.07,63.63,3.73
2022-06-30,27.89,1.44,72.56,3.99
2022-07-01,28.82,1.6,69.6,3.69
2022-07-02,27.97,0.87,70.39,3.41
2022-07-03,28.12,0.4,69.94,4.24
2022-07-04,28.54,0.04,63.65,5.14
2022-07-05,27.91,0.05,65.84,5.09
2022-07-06,28.5,0.04,63.38,4.22
2022-07-07,27.72,2.92,67.03,4.44
2022-07-08,28.36,0.13,64.38,4.09
2022-07-09,27.37,0.05,68.97,4.68
2022-07-10,28.31,0.1,64.2,5.05
2022-07-11,28.31,1.74,64.31,5.5
2022-07-12,28.13,0.38,63.06,5.46
2022-07-13,28.66,0.37,62.83,5.87
2022-07-14,28.61,0.15,61.12,6.07
2022-07-15,28.93,0.0,62.84,4.71
2022-07-16,28.84,1.2,66.1,3.52
2022-07-17,29.21,1.14,65.73,3.34
2022-07-18,27.99,0.68,65.78,3.31
2022-07-19,29.49,0.66,65.6,2.16
2022-07-20,28.83,1.1,71.21,1.41
2022-07-21,29.3,8.49,70.45,2.31
2022-07-22,27.03,31.26,79.73,2.57
2022-07-23,27.81,2.84,71.57,3.1
2022-07-24,28.03,1.91,69.12,2.73
2022-07-25,28.86,4.17,67.87,1.84
2022-07-26,26.62,13.99,81.93,1.56
2022-07-27,27.32,6.59,78.61,0.72
2022-07-28,27.82,1.21,74.9,1.08
2022-07-29,28.16,4.12,71.71,1.44
2022-07-30,28.63,4.57,70.94,1.5
2022-07-31,27.61,6.32,79.61,1.68
2022-08-01,27.47,11.65,77.64,2.31
2022-08-02,26.76,8.71,80.95,2.46
2022-08-03,25.71,3.89,83.44,2.01
2022-08-04,25.5,3.26,85.51,2.95
2022-08-05,27.28,0.11,73.41,4.89
2022-08-06,27.23,0.53,73.26,4.23
2022-08-07,27.27,0.26,73.09,4.32
2022-08-08,27.32,0.18,72.98,4.59
2022-08-09,27.98,0.04,68.65,4.79
2022-08-10,27.67,0.0,67.95,4.36
2022-08-11,28.49,0.0,67.02,3.99
2022-08-12,28.26,0.0,66.96,3.68
2022-08-13,27.88,0.0,68.08,3.25
2022-08-14,28.9,0.0,61.36,3.16
2022-08-15,29.65,0.0,62.69,1.97
2022-08-16,29.0,0.16,69.7,1.73
2022-08-17,28.5,2.28,75.85,1.05
2022-08-18,27.72,2.89,74.37,2.02
2022-08-19,28.02,6.15,74.78,2.25
2022-08-20,28.49,0.57,70.15,2.73
2022-08-21,28.46,3.92,68.94,3.23
2022-08-22,28.18,9.92,72.76,3.62
2022-08-23,27.5,6.49,74.43,3.32
2022-08-24,26.8,3.45,76.4,2.42
2022-08-25,26.09,6.12,83.58,1.8
2022-08-26,26.62,10.23,81.55,1.63
2022-08-27,26.15,7.05,81.19,2.28
2022-08-28,26.52,15.91,81.02,1.85
2022-08-29,27.18,2.16,78.68,1.63
2022-08-30,27.31,5.33,81.79,1.38
2022-08-31,26.32,5.89,83.94,1.06
2022-09-01,25.85,5.26,83.95,0.8
2022-09-02,27.09,1.0,79.01,1.46
2022-09-03,28.0,0.21,77.4,1.23
2022-09-04,27.89,19.04,80.38,0.84
2022-09-05,27.35,15.21,83.53,1.6
2022-09-06,27.15,5.34,77.43,1.71
2022-09-07,26.01,7.04,84.28,2.01
2022-09-08,26.19,0.84,82.37,2.32
2022-09-09,26.67,0.01,79.75,2.55
2022-09-10,26.96,1.04,77.19,3.24
2022-09-11,26.96,0.16,77.1,3.31
2022-09-12,27.24,0.0,74.6,3.31
2022-09-13,27.58,0.23,75.16,2.4
2022-09-14,27.99,0.24,74.52,2.0
2022-09-15,28.12,0.06,72.46,1.75
2022-09-16,27.64,0.01,74.68,1.87
2022-09-17,28.15,0.04,73.79,2.01
2022-09-18,28.4,0.48,71.53,1.98
2022-09-19,27.67,0.17,73.46,2.87
2022-09-20,27.68,0.0,69.04,2.63
2022-09-21,28.39,0.0,67.84,2.75
2022-09-22,28.66,0.0,66.65,2.94
2022-09-23,27.92,0.0,67.09,2.49
2022-09-24,27.99,0.01,68.84,2.23
2022-09-25,28.54,9.37,71.79,1.61
2022-09-26,27.87,28.9,78.49,1.42
2022-09-27,27.9,1.22,75.38,2.04
2022-09-28,27.67,10.65,75.93,1.73
2022-09-29,26.64,0.73,78.82,1.81
2022-09-30,26.78,0.51,76.02,2.47
2022-10-01,25.67,0.41,75.22,2.92
2022-10-02,27.32,1.64,71.82,2.83
2022-10-03,27.24,0.09,75.36,2.95
2022-10-04,27.42,0.12,75.53,2.42
2022-10-05,26.76,2.54,78.63,2.2
2022-10-06,26.48,0.26,72.18,2.61
2022-10-07,27.52,0.63,70.89,1.27
2022-10-08,27.01,2.8,75.7,1.66
2022-10-09,25.89,10.69,87.42,1.35
2022-10-10,26.29,30.18,86.15,1.47
2022-10-11,26.56,6.01,84.59,1.74
2022-10-12,26.79,1.78,82.77,1.15
2022-10-13,26.92,6.84,83.73,0.97
2022-10-14,27.15,3.22,83.16,1.06
2022-10-15,26.27,8.62,85.39,1.0
2022-10-16,26.21,5.67,84.6,1.13
2022-10-17,26.62,2.48,84.47,1.52
2022-10-18,26.88,8.17,82.43,1.15
2022-10-19,26.54,11.52,81.23,1.06
2022-10-20,26.37,15.85,84.04,0.89
2022-10-21,25.64,12.33,86.71,0.91
2022-10-22,25.86,3.85,86.85,1.51
2022-10-23,25.97,2.03,86.01,0.98
2022-10-24,26.03,0.64,79.49,1.1
2022-10-25,25.63,0.14,72.81,1.11
2022-10-26,25.02,0.03,75.21,1.14
2022-10-27,24.93,0.0,76.31,2.03
2022-10-28,25.79,1.34,81.67,1.88
2022-10-29,25.62,4.13,85.57,2.32
2022-10-30,25.76,3.45,85.02,2.22
2022-10-31,24.88,2.91,89.48,1.9
2022-11-01,23.71,5.01,91.98,1.95
2022-11-02,24.7,13.74,86.09,1.8
2022-11-03,24.79,10.47,86.59,2.25
2022-11-04,24.56,12.81,85.91,2.1
2022-11-05,24.74,4.56,87.08,2.01
2022-11-06,24.56,3.1,90.45,2.08
2022-11-07,25.08,0.44,86.94,2.13
2022-11-08,24.98,4.03,88.17,2.32
2022-11-09,25.23,0.78,86.5,2.24
2022-11-10,25.06,2.56,85.62,2.35
2022-11-11,23.49,55.14,92.57,3.36
2022-11-12,24.74,12.19,92.3,3.83
2022-11-13,24.86,3.06,89.29,2.77
2022-11-14,24.42,4.91,89.48,1.66
2022-11-15,24.56,0.64,89.27,1.67
2022-11-16,24.62,0.15,86.47,2.01
2022-11-17,23.07,0.0,80.42,2.16
2022-11-18,22.4,0.0,79.42,2.46
2022-11-19,22.19,0.0,82.45,2.16
2022-11-20,21.69,0.0,76.63,1.82
2022-11-21,22.4,0.03,76.66,1.64
2022-11-22,24.74,0.05,82.37,1.15
2022-11-23,25.78,1.22,80.87,1.25
2022-11-24,25.6,0.93,84.35,1.18
2022-11-25,25.1,0.23,85.77,1.54
2022-11-26,24.73,0.68,87.45,1.18
2022-11-27,25.5,1.2,85.46,1.29
2022-11-28,25.68,3.3,85.23,1.21
2022-11-29,24.67,1.12,84.82,2.08
2022-11-30,23.33,0.17,82.24,1.8
2022-12-01,24.76,1.89,88.85,1.97
2022-12-02,25.15,0.82,86.08,1.78
2022-12-03,24.47,1.77,90.2,2.01
2022-12-04,24.62,20.72,91.63,2.12
2022-12-05,24.69,1.81,86.17,2.45
2022-12-06,24.08,0.0,84.89,2.08
2022-12-07,22.34,0.0,84.48,1.93
2022-12-08,21.11,2.88,76.76,2.48
2022-12-09,21.44,12.88,82.24,4.42
2022-12-10,23.53,5.36,85.99,3.09
2022-12-11,24.76,3.01,90.02,1.58
2022-12-12,24.98,14.83,89.56,1.22
2022-12-13,24.85,13.95,89.04,2.01
2022-12-14,24.53,2.68,87.94,1.92
2022-12-15,23.69,0.0,85.44,2.0
2022-12-16,23.14,0.0,84.46,1.76
2022-12-17,23.64,0.0,85.74,2.3
2022-12-18,23.96,0.0,84.9,2.94
2022-12-19,23.36,0.14,84.09,2.7
2022-12-20,23.54,0.12,84.46,2.61
2022-12-21,23.23,6.8,85.77,2.64
2022-12-22,22.94,0.75,83.24,2.71
2022-12-23,24.02,0.0,83.31,2.5
2022-12-24,24.84,0.55,84.04,2.83
2022-12-25,24.91,11.12,86.84,3.15
2022-12-26,25.31,4.53,87.6,2.99
2022-12-27,24.86,2.71,88.01,2.41
2022-12-28,24.7,0.12,84.93,2.09
2022-12-29,24.18,0.0,84.39,1.8
2022-12-30,23.43,0.0,82.86,1.67
2022-12-31,23.69,0.0,81.07,1.37
2023-01-01,23.21,0.0,79.69,1.71
2023-01-02,22.84,0.0,80.65,1.95
2023-01-03,22.93,0.01,81.49,2.18
2023-01-04,23.26,0.0,79.72,2.33
2023-01-05,23.49,0.01,78.36,2.57
2023-01-06,23.89,0.01,76.06,3.51
2023-01-07,23.61,0.01,78.3,2.97
2023-01-08,23.8,0.08,80.35,2.63
2023-01-09,22.85,0.0,74.8,2.57
2023-01-10,22.1,0.0,75.13,2.76
2023-01-11,22.5,0.0,74.16,2.15
2023-01-12,22.44,0.0,73.92,2.05
2023-01-13,22.28,0.0,73.94,1.75
2023-01-14,21.94,0.0,73.22,1.74
2023-01-15,21.82,0.0,74.35,1.74
2023-01-16,22.1,0.0,72.43,2.1
2023-01-17,22.41,0.0,74.03,2.01
2023-01-18,22.44,0.0,73.58,2.38
2023-01-19,22.6,0.0,70.2,2.3
2023-01-20,23.33,0.0,74.6,2.57
2023-01-21,24.14,0.0,72.54,2.68
2023-01-22,24.07,0.0,72.35,2.63
2023-01-23,24.82,2.27,76.23,2.75
2023-01-24,25.02,0.75,73.07,2.38
2023-01-25,24.09,0.0,70.74,2.36
2023-01-26,23.7,0.0,70.58,2.31
2023-01-27,23.43,0.0,70.53,2.25
2023-01-28,23.26,0.0,72.33,2.34
2023-01-29,24.24,0.15,74.79,2.63
2023-01-30,25.69,1.26,75.19,2.58
2023-01-31,25.39,0.21,72.29,3.11
2023-02-01,25.18,2.93,70.24,3.19
2023-02-02,24.52,12.99,78.84,3.26
2023-02-03,25.1,6.93,79.44,2.99
2023-02-04,25.39,1.77,74.55,3.04
2023-02-05,24.65,0.11,68.7,2.48
2023-02-06,24.64,0.0,69.42,2.33
2023-02-07,25.3,0.0,68.36,1.91
2023-02-08,24.96,0.0,68.61,2.24
2023-02-09,24.84,0.0,69.08,2.03
2023-02-10,24.97,0.0,67.22,2.18
2023-02-11,24.59,0.0,65.02,2.05
2023-02-12,24.57,0.0,63.13,1.9
2023-02-13,24.57,0.0,65.76,2.3
2023-02-14,24.73,0.0,65.34,1.97
2023-02-15,24.85,0.0,64.69,2.2
2023-02-16,24.56,0.0,68.0,2.45
2023-02-17,24.66,0.0,67.52,2.31
2023-02-18,25.28,0.0,65.45,1.97
2023-02-19,25.76,0.0,64.17,2.27
2023-02-20,25.97,0.0,61.8,2.07
2023-02-21,25.57,0.0,62.09,2.3
2023-02-22,25.3,0.0,60.6,2.42
2023-02-23,25.14,0.0,65.7,2.18
2023-02-24,26.25,0.0,62.66,2.03
2023-02-25,25.61,0.0,60.42,2.43
2023-02-26,25.03,0.0,63.46,2.7
2023-02-27,25.29,0.0,61.59,2.35
2023-02-28,26.17,0.18,67.44,3.15
2023-03-01,27.56,0.05,66.53,3.53
2023-03-02,26.6,0.0,58.37,2.84
2023-03-03,25.77,0.0,56.04,3.17
2023-03-04,27.16,0.0,62.56,3.05
2023-03-05,27.69,0.12,57.66,3.0
2023-03-06,27.35,0.03,56.97,2.78
2023-03-07,26.32,0.0,64.8,2.43
2023-03-08,26.98,0.0,62.32,3.21
2023-03-09,27.24,0.0,61.71,3.04
2023-03-10,27.55,0.0,61.19,2.97
2023-03-11,26.73,0.0,65.38,2.78
2023-03-12,27.69,0.0,65.23,3.06
2023-03-13,28.29,0.0,61.12,2.83
2023-03-14,28.56,0.0,59.07,2.65
2023-03-15,29.39,0.0,59.72,2.18
2023-03-16,29.5,0.09,60.74,2.43
2023-03-17,29.86,0.39,60.38,2.61
2023-03-18,29.55,1.93,63.04,2.57
2023-03-19,28.47,6.43,66.18,1.22
2023-03-20,27.88,6.47,72.72,1.26
2023-03-21,29.97,0.8,62.57,1.57
2023-03-22,29.81,0.9,63.41,2.22
2023-03-23,30.35,0.71,60.05,1.9
2023-03-24,30.16,1.63,60.7,2.12
2023-03-25,29.82,1.69,63.07,1.72
2023-03-26,30.46,0.36,58.97,1.87
2023-03-27,31.27,0.03,55.38,1.0
2023-03-28,31.3,0.52,57.45,2.3
2023-03-29,31.01,0.07,55.97,2.28
2023-03-30,30.74,0.01,54.0,2.11
2023-03-31,31.24,0.18,52.23,2.13
2023-04-01,31.34,0.21,56.32,2.31
2023-04-02,30.74,2.81,57.76,1.67
2023-04-03,30.11,1.78,60.16,2.2
2023-04-04,30.39,0.74,60.09,2.15
2023-04-05,30.62,0.23,56.21,2.21
2023-04-06,31.03,0.0,55.96,2.42
2023-04-07,30.62,0.0,57.64,2.58
2023-04-08,30.04,0.0,57.26,3.09
2023-04-09,30.04,0.02,57.87,2.83
2023-04-10,30.39,0.01,57.31,2.87
2023-04-11,30.71,0.06,54.78,2.44
2023-04-12,30.89,0.0,49.52,2.11
2023-04-13,31.21,0.0,45.63,1.86
2023-04-14,31.2,0.0,44.24,1.67
2023-04-15,31.95,0.0,48.69,2.2
2023-04-16,31.57,0.0,49.15,2.11
2023-04-17,31.86,0.0,49.36,2.39
2023-04-18,31.96,0.0,49.92,2.26
2023-04-19,32.45,0.0,50.61,2.37
2023-04-20,33.35,0.0,52.59,2.69
2023-04-21,33.61,0.29,52.37,2.76
2023-04-22,33.35,0.92,53.13,2.5
2023-04-23,33.1,0.68,52.4,2.59
2023-04-24,31.52,2.25,60.05,2.6
2023-04-25,30.63,2.32,61.55,2.41
2023-04-26,29.43,4.54,65.91,1.62
2023-04-27,30.07,1.21,63.78,2.06
2023-04-28,30.62,1.95,62.59,2.24
2023-04-29,29.79,6.83,68.46,2.07
2023-04-30,29.62,2.59,67.99,2.06
2023-05-01,27.6,23.64,83.55,2.05
2023-05-02,26.63,22.99,87.57,2.16
2023-05-03,26.44,11.19,86.63,2.24
2023-05-04,26.72,7.11,83.09,1.09
2023-05-05,27.56,2.68,75.42,1.68
2023-05-06,26.79,8.13,80.23,1.23
2023-05-07,26.99,4.4,80.89,1.88
2023-05-08,27.01,4.37,80.08,2.13
2023-05-09,28.25,0.85,75.78,1.59
2023-05-10,29.42,0.24,70.31,1.75
2023-05-11,29.51,1.19,72.4,1.55
2023-05-12,30.49,0.41,66.47,2.84
2023-05-13,31.18,0.0,59.56,3.08
2023-05-14,31.07,0.0,60.95,3.52
2023-05-15,31.34,0.0,64.11,2.75
2023-05-16,32.0,0.0,62.16,2.84
2023-05-17,31.64,0.05,63.42,2.01
2023-05-18,30.77,0.03,65.85,2.21
2023-05-19,29.66,0.07,72.44,2.12
2023-05-20,30.79,0.11,66.45,2.08
2023-05-21,30.74,1.81,66.91,1.68
2023-05-22,29.62,1.44,73.4,1.84
2023-05-23,29.79,0.04,69.29,1.78
2023-05-24,29.75,6.0,71.06,1.92
2023-05-25,30.43,2.72,67.69,2.3
2023-05-26,31.07,7.27,65.35,2.47
2023-05-27,30.55,9.23,66.87,2.33
2023-05-28,28.93,0.03,71.89,1.76
2023-05-29,30.41,0.08,67.96,1.59
2023-05-30,30.67,1.74,69.04,1.6
2023-05-31,29.9,2.54,67.04,2.6
2023-06-01,31.38,0.15,61.58,2.54
2023-06-02,29.18,2.43,67.25,3.06
2023-06-03,30.26,0.02,64.98,2.47
2023-06-04,31.1,0.01,62.85,2.76
2023-06-05,29.64,3.64,69.39,2.32
2023-06-06,29.76,4.69,66.74,2.37
2023-06-07,29.21,1.29,72.02,1.89
2023-06-08,29.37,0.25,70.14,2.15
2023-06-09,30.06,0.01,64.03,3.05
2023-06-10,31.14,0.0,57.39,4.66
2023-06-11,30.88,0.0,59.31,3.27
2023-06-12,30.63,1.03,64.29,3.24
2023-06-13,30.42,0.35,62.85,3.4
2023-06-14,28.66,1.71,72.15,2.33
2023-06-15,31.16,0.04,58.26,2.11
2023-06-16,32.21,0.0,55.74,3.4
2023-06-17,28.38,0.15,71.99,2.06
2023-06-18,29.07,2.84,68.2,2.55
2023-06-19,30.66,0.61,59.68,2.79
2023-06-20,29.13,2.59,66.78,2.11
2023-06-21,28.87,4.39,72.14,1.6
2023-06-22,29.54,5.31,69.6,1.77
2023-06-23,29.2,0.77,62.36,3.16
2023-06-24,28.89,0.01,63.08,3.82
2023-06-25,28.07,0.02,69.69,2.51
2023-06-26,29.22,0.05,57.99,3.73
2023-06-27,29.42,2.48,59.19,3.83
2023-06-28,30.17,0.02,56.63,3.39
2023-06-29,30.72,1.21,56.83,4.02
2023-06-30,30.25,0.58,56.6,3.71
2023-07-01,29.86,0.44,58.7,2.85
2023-07-02,28.7,2.36,64.77,2.14
2023-07-03,28.93,2.88,67.17,3.61
2023-07-04,28.9,1.22,65.59,4.79
2023-07-05,28.53,0.48,63.0,5.22
2023-07-06,28.76,0.43,66.25,4.44
2023-07-07,29.05,0.08,61.88,4.0
2023-07-08,29.07,2.31,61.49,3.33
2023-07-09,29.67,4.69,63.05,2.46
2023-07-10,29.23,9.98,70.67,1.6
2023-07-11,29.05,12.36,69.08,2.4
2023-07-12,28.89,0.96,61.74,2.69
2023-07-13,29.14,4.13,59.58,3.33
2023-07-14,29.51,0.37,60.13,3.85
2023-07-15,29.87,0.0,60.12,3.35
2023-07-16,30.31,0.14,61.35,2.76
2023-07-17,29.93,0.0,62.74,3.68
2023-07-18,29.39,0.0,63.82,4.94
2023-07-19,29.86,0.0,60.94,5.57
2023-07-20,30.24,0.0,58.59,5.57
2023-07-21,30.29,0.0,57.36,5.65
2023-07-22,29.62,0.05,58.23,5.65
2023-07-23,28.7,4.59,64.83,4.8
2023-07-24,27.1,1.05,71.61,4.59
2023-07-25,26.84,1.22,71.33,3.96
2023-07-26,28.98,0.48,63.57,4.56
2023-07-27,29.62,0.01,59.27,4.65
2023-07-28,30.3,0.0,56.06,4.57
2023-07-29,31.2,0.0,54.38,4.52
2023-07-30,31.87,0.01,51.96,4.5
2023-07-31,32.07,0.0,52.19,4.87
2023-08-01,31.95,0.0,51.2,5.24
2023-08-02,30.17,0.0,55.49,4.74
2023-08-03,31.6,0.0,54.23,4.54
2023-08-04,31.84,0.01,52.09,4.43
2023-08-05,32.09,0.0,50.39,3.81
2023-08-06,32.42,0.24,49.59,3.22
2023-08-07,32.2,0.18,51.2,2.7
2023-08-08,31.37,1.71,53.69,2.68
2023-08-09,30.14,12.02,64.3,2.01
2023-08-10,27.77,13.31,79.24,1.85
2023-08-11,28.6,9.74,73.89,1.08
2023-08-12,28.68,5.29,72.62,2.36
2023-08-13,28.78,1.55,70.02,2.15
2023-08-14,29.44,1.91,66.39,1.98
2023-08-15,29.6,0.9,65.21,2.31
2023-08-16,30.52,0.03,60.46,2.22
2023-08-17,31.04,0.0,56.92,3.28
2023-08-18,30.32,0.0,57.64,4.22
2023-08-19,30.31,0.0,58.42,4.22
2023-08-20,31.36,0.26,57.22,2.98
2023-08-21,31.32,0.8,58.25,2.17
2023-08-22,31.08,1.33,62.95,1.37
2023-08-23,29.98,1.44,65.94,1.48
2023-08-24,30.74,0.03,60.92,2.19
2023-08-25,30.49,0.0,59.94,1.95
2023-08-26,30.95,0.06,59.14,1.8
2023-08-27,30.75,1.29,62.7,1.96
2023-08-28,30.79,0.33,60.08,2.16
2023-08-29,28.2,12.67,71.61,1.57
2023-08-30,26.43,7.17,83.99,2.01
2023-08-31,27.26,26.92,81.06,1.39
2023-09-01,27.92,12.03,77.63,1.79
2023-09-02,28.46,5.48,74.81,2.5
2023-09-03,28.02,7.05,74.13,2.65
2023-09-04,28.05,0.09,68.76,3.53
2023-09-05,27.07,2.32,72.52,3.28
2023-09-06,27.45,2.7,69.37,3.15
2023-09-07,27.61,9.47,69.24,3.28
2023-09-08,28.23,1.17,65.31,3.69
2023-09-09,28.87,3.3,65.69,3.82
2023-09-10,28.28,0.09,65.51,3.72
2023-09-11,28.09,1.65,64.82,3.92
2023-09-12,27.4,1.42,70.76,2.91
2023-09-13,28.82,1.44,67.16,2.56
2023-09-14,29.32,1.32,62.5,3.66
2023-09-15,29.06,0.43,62.69,3.57
2023-09-16,28.9,1.43,68.0,2.69
2023-09-17,27.86,11.31,76.01,2.33
2023-09-18,28.4,5.61,75.54,2.41
2023-09-19,27.13,14.21,80.87,1.85
2023-09-20,27.17,1.4,77.62,1.24
2023-09-21,27.57,3.46,77.35,1.3
2023-09-22,27.99,2.2,74.95,1.74
2023-09-23,29.05,0.56,72.09,1.96
2023-09-24,27.61,1.12,75.26,2.52
2023-09-25,27.79,6.11,76.04,1.86
2023-09-26,27.56,2.49,77.61,1.42
2023-09-27,28.06,2.05,72.05,2.12
2023-09-28,27.59,4.88,70.38,3.0
2023-09-29,27.67,2.17,70.58,3.14
2023-09-30,28.14,3.54,68.97,2.83
2023-10-01,28.54,0.31,69.04,3.46
2023-10-02,28.8,0.04,69.36,2.99
2023-10-03,29.91,0.14,65.74,2.34
2023-10-04,29.8,0.31,64.47,1.92
2023-10-05,29.51,0.52,65.86,1.72
2023-10-06,29.45,0.44,61.07,1.87
2023-10-07,29.13,0.62,63.41,1.37
2023-10-08,29.28,0.83,69.67,1.66
2023-10-09,28.33,5.54,76.48,1.39
2023-10-10,28.83,5.08,74.43,1.53
2023-10-11,28.25,10.67,77.4,1.87
2023-10-12,28.14,5.0,78.4,1.58
2023-10-13,28.27,0.72,73.15,1.29
2023-10-14,27.49,5.02,77.73,0.92
2023-10-15,27.46,12.22,79.47,1.04
2023-10-16,27.26,22.68,83.54,0.99
2023-10-17,26.85,4.73,83.7,1.49
2023-10-18,26.91,0.86,78.01,1.83
2023-10-19,27.35,0.06,73.93,1.81
2023-10-20,27.46,0.09,71.66,1.67
2023-10-21,27.57,0.31,73.1,1.46
2023-10-22,27.91,0.8,72.76,1.93
2023-10-23,27.8,0.03,72.72,1.09
2023-10-24,27.66,0.14,71.59,1.1
2023-10-25,28.02,0.38,71.51,1.22
2023-10-26,28.22,0.06,69.07,1.47
2023-10-27,27.68,1.34,74.36,1.97
2023-10-28,27.97,1.44,73.39,1.83
2023-10-29,26.31,12.15,84.01,1.62
2023-10-30,25.47,6.8,85.27,1.31
2023-10-31,26.18,1.38,80.31,1.95
2023-11-01,26.24,8.73,87.79,2.24
2023-11-02,26.52,4.09,83.52,1.23
2023-11-03,25.95,14.31,88.09,1.36
2023-11-04,25.33,19.33,91.82,1.44
2023-11-05,24.99,5.27,86.78,1.19
2023-11-06,26.48,8.73,83.35,0.98
2023-11-07,25.7,18.72,89.44,1.17
2023-11-08,25.92,8.36,88.27,1.09
2023-11-09,25.65,9.56,85.55,1.17
2023-11-10,25.26,4.15,89.37,1.72
2023-11-11,24.97,1.29,87.25,2.13
2023-11-12,25.0,0.06,81.87,2.51
2023-11-13,25.43,3.64,84.84,2.38
2023-11-14,24.75,23.46,89.18,2.48
2023-11-15,25.32,1.61,88.06,2.28
2023-11-16,25.61,0.42,86.05,1.61
2023-11-17,26.33,0.91,84.04,1.79
2023-11-18,26.02,2.58,87.3,2.54
2023-11-19,25.63,0.66,88.39,2.44
2023-11-20,25.69,0.9,88.54,2.3
2023-11-21,25.74,2.12,88.48,1.78
2023-11-22,25.82,14.83,89.91,1.48
2023-11-23,25.6,4.16,86.87,1.24
2023-11-24,25.75,2.72,87.98,1.54
2023-11-25,25.84,8.04,88.54,2.38
2023-11-26,25.48,6.14,90.0,3.0
2023-11-27,25.84,1.99,87.72,2.15
2023-11-28,25.77,3.51,87.97,2.11
2023-11-29,25.44,5.78,87.93,2.08
2023-11-30,24.62,8.58,90.88,1.8
2023-12-01,24.99,1.97,90.1,2.02
2023-12-02,25.54,2.15,86.89,2.69
2023-12-03,25.83,1.5,87.68,2.16
2023-12-04,26.56,0.64,82.76,2.05
2023-12-05,26.85,0.62,82.21,1.75
2023-12-06,26.37,0.86,87.69,1.29
2023-12-07,26.91,0.64,84.76,1.37
2023-12-08,26.29,4.29,87.56,1.46
2023-12-09,25.83,1.9,86.94,2.27
2023-12-10,25.49,0.46,83.99,2.42
2023-12-11,24.92,0.18,83.45,2.46
2023-12-12,24.81,0.1,83.3,2.38
2023-12-13,23.84,0.0,81.08,2.67
2023-12-14,23.77,0.01,80.14,2.92
2023-12-15,24.35,1.27,85.92,3.15
2023-12-16,25.43,8.84,86.93,3.08
2023-12-17,24.82,10.01,88.69,3.65
2023-12-18,24.0,3.12,86.96,3.37
2023-12-19,23.8,0.37,83.2,3.13
2023-12-20,24.14,2.91,83.81,3.38
2023-12-21,23.89,1.92,88.09,2.92
2023-12-22,24.41,0.08,83.75,2.46
2023-12-23,23.22,0.01,79.84,2.36
2023-12-24,23.53,0.03,82.66,2.87
2023-12-25,25.28,0.78,83.91,3.46
2023-12-26,24.32,0.02,81.43,3.11
2023-12-27,24.27,0.15,80.52,3.4
2023-12-28,24.87,0.54,83.09,3.65
2023-12-29,25.43,0.22,81.65,3.62
2023-12-30,24.66,0.03,81.08,3.22
2023-12-31,23.81,0.0,79.21,2.54
2024-01-01,24.19,0.0,78.07,2.34
2024-01-02,24.13,0.0,78.01,2.47
2024-01-03,24.5,0.07,79.54,2.28
2024-01-04,24.86,0.95,82.4,2.0
2024-01-05,25.35,0.25,80.09,2.37
2024-01-06,25.2,3.64,80.96,2.76
2024-01-07,24.68,21.35,83.13,4.08
2024-01-08,24.86,7.35,87.84,3.57
2024-01-09,24.23,8.33,86.38,3.34
2024-01-10,23.78,0.14,84.1,2.67
2024-01-11,23.99,0.0,79.79,2.99
2024-01-12,24.4,0.0,80.09,2.92
2024-01-13,24.5,0.0,81.38,2.55
2024-01-14,24.26,0.0,78.99,2.47
2024-01-15,23.84,0.0,77.51,2.03
2024-01-16,23.04,0.0,76.29,1.83
2024-01-17,23.16,0.0,75.48,1.57
2024-01-18,24.04,0.17,77.49,1.68
2024-01-19,25.48,0.52,79.37,2.32
2024-01-20,25.68,0.34,79.3,2.66
2024-01-21,25.41,0.0,75.47,2.34
2024-01-22,25.09,0.0,76.02,2.26
2024-01-23,24.63,0.0,76.18,2.07
2024-01-24,25.15,0.0,73.23,1.66
2024-01-25,25.02,0.0,73.49,1.96
2024-01-26,24.68,0.0,74.52,2.56
2024-01-27,24.73,0.01,74.78,2.93
2024-01-28,25.12,0.0,73.72,3.15
2024-01-29,24.58,0.0,70.1,2.9
2024-01-30,25.06,0.0,71.67,2.45
2024-01-31,26.18,0.0,73.43,2.07
2024-02-01,27.06,0.0,72.78,1.65
2024-02-02,27.45,0.0,72.91,1.81
2024-02-03,27.31,0.0,71.02,2.5
2024-02-04,26.03,0.0,70.94,2.54
2024-02-05,25.31,0.0,70.64,2.57
2024-02-06,25.13,0.0,72.29,2.54
2024-02-07,25.25,0.0,70.25,2.29
2024-02-08,25.93,0.0,69.39,2.31
2024-02-09,26.12,0.0,70.97,2.47
2024-02-10,26.31,0.03,72.92,2.89
2024-02-11,26.1,0.12,69.54,3.04
2024-02-12,25.55,0.0,68.51,3.06
2024-02-13,26.39,0.0,71.71,3.13
2024-02-14,26.69,0.0,68.8,3.35
2024-02-15,26.07,0.0,69.38,3.12
2024-02-16,26.87,0.0,66.27,3.4
2024-02-17,26.68,0.0,64.33,3.09
2024-02-18,26.51,0.0,66.37,2.56
2024-02-19,27.44,0.0,66.66,2.54
2024-02-20,27.92,0.0,63.63,2.16
2024-02-21,28.64,0.0,60.14,1.59
2024-02-22,29.49,0.0,59.77,1.96
2024-02-23,30.01,0.0,62.43,1.93
2024-02-24,29.37,0.0,64.17,2.2
2024-02-25,28.42,0.0,63.02,2.85
2024-02-26,28.3,0.05,63.81,3.68
2024-02-27,28.55,0.0,64.08,3.81
2024-02-28,28.28,0.0,61.23,3.2
2024-02-29,27.91,0.0,62.26,2.73
2024-03-01,27.33,0.0,63.69,2.77
2024-03-02,28.04,0.0,56.06,2.22
2024-03-03,28.46,0.0,57.5,2.21
2024-03-04,28.2,0.0,59.1,2.29
2024-03-05,28.54,0.0,55.09,2.23
2024-03-06,29.0,0.0,51.23,2.0
2024-03-07,28.44,0.0,51.33,1.5
2024-03-08,29.53,0.0,52.18,1.9
2024-03-09,30.03,0.0,52.07,2.2
2024-03-10,29.96,0.0,53.91,2.17
2024-03-11,29.7,0.0,57.82,2.47
2024-03-12,29.75,0.0,55.26,2.27
2024-03-13,29.92,0.0,50.89,1.89
2024-03-14,30.59,0.0,45.07,1.78
2024-03-15,30.44,0.0,49.88,2.17
2024-03-16,29.94,0.01,55.45,2.6
2024-03-17,29.52,0.0,55.07,2.66
2024-03-18,29.32,0.0,52.89,2.0
2024-03-19,29.56,0.0,51.69,2.31
2024-03-20,29.35,0.0,57.3,2.46
2024-03-21,30.19,0.1,60.78,3.49
2024-03-22,30.55,0.08,58.49,3.2
2024-03-23,30.66,0.0,52.91,2.69
2024-03-24,30.01,0.0,55.85,2.64
2024-03-25,29.53,0.0,55.07,2.77
2024-03-26,29.32,0.0,52.29,2.53
2024-03-27,29.5,0.01,48.6,2.12
2024-03-28,31.09,0.18,48.48,2.07
2024-03-29,31.24,0.0,51.48,2.08
2024-03-30,30.96,0.0,51.57,2.23
2024-03-31,31.39,0.0,55.18,2.2
2024-04-01,32.63,0.0,53.45,2.13
2024-04-02,32.85,0.03,47.46,2.03
2024-04-03,32.31,0.63,53.73,2.29
2024-04-04,32.52,0.0,54.21,2.36
2024-04-05,32.96,0.0,48.76,2.0
2024-04-06,33.06,0.0,48.57,2.11
2024-04-07,33.03,0.0,48.89,2.3
2024-04-08,32.86,0.0,54.29,3.02
2024-04-09,31.89,0.0,54.28,3.14
2024-04-10,31.69,0.0,56.65,3.17
2024-04-11,32.07,0.01,56.04,3.12
2024-04-12,32.04,1.1,57.33,3.57
2024-04-13,31.73,0.51,56.88,2.99
2024-04-14,31.67,0.19,56.29,3.1
2024-04-15,31.66,0.0,58.46,3.27
2024-04-16,32.66,0.0,54.31,2.52
2024-04-17,33.67,0.0,50.99,2.45
2024-04-18,34.16,0.0,50.25,2.56
2024-04-19,33.93,0.0,51.67,2.37
2024-04-20,33.87,0.0,52.04,2.28
2024-04-21,32.88,0.0,57.56,2.34
2024-04-22,32.24,0.0,58.98,2.0
2024-04-23,32.62,0.0,53.35,2.4
2024-04-24,33.36,0.0,48.76,2.4
2024-04-25,33.66,0.0,43.65,2.4
2024-04-26,33.54,0.0,44.71,2.38
2024-04-27,32.77,0.0,47.9,2.4
2024-04-28,33.32,0.0,49.03,2.16
2024-04-29,33.68,0.01,48.81,1.9
2024-04-30,34.2,0.01,49.96,2.48
2024-05-01,35.03,0.0,49.72,2.96
2024-05-02,35.2,0.0,50.4,3.15
2024-05-03,34.25,0.01,54.45,2.83
2024-05-04,33.81,0.83,53.97,2.54
2024-05-05,34.63,0.2,52.36,2.88
2024-05-06,35.09,0.65,50.39,2.87
2024-05-07,32.3,2.73,60.19,1.76
2024-05-08,31.76,0.83,61.44,1.75
2024-05-09,31.69,0.98,61.07,2.34
2024-05-10,32.05,0.84,57.07,2.01
2024-05-11,31.6,5.28,61.97,1.74
2024-05-12,31.14,5.0,63.27,1.7
2024-05-13,29.74,1.73,68.94,1.62
2024-05-14,30.54,1.1,63.38,1.2
2024-05-15,31.29,5.9,62.38,2.04
2024-05-16,28.82,18.47,70.22,1.65
2024-05-17,28.82,11.91,69.82,1.67
2024-05-18,29.59,10.02,72.17,1.64
2024-05-19,28.21,8.24,78.38,1.4
2024-05-20,27.46,19.17,84.61,2.01
2024-05-21,27.57,36.93,84.03,2.51
2024-05-22,28.77,3.32,79.62,1.52
2024-05-23,28.63,2.5,81.3,1.54
2024-05-24,28.88,2.02,77.45,1.83
2024-05-25,28.55,1.58,75.7,2.96
2024-05-26,29.6,0.0,68.55,4.17
2024-05-27,30.37,0.0,65.62,4.25
2024-05-28,29.62,0.0,71.8,4.05
2024-05-29,30.16,0.06,67.25,3.86
2024-05-30,30.07,0.23,70.12,3.44
2024-05-31,30.2,1.18,71.42,3.04
2024-06-01,30.39,7.6,76.49,2.82
2024-06-02,28.82,7.34,76.71,1.92
2024-06-03,28.37,4.71,77.97,1.37
2024-06-04,28.77,2.85,77.87,1.67
2024-06-05,28.97,2.88,76.82,1.94
2024-06-06,28.19,23.69,81.4,2.18
2024-06-07,28.05,6.86,77.32,1.73
2024-06-08,28.1,3.95,78.99,2.54
2024-06-09,28.41,0.13,75.47,2.75
2024-06-10,28.83,0.68,70.56,3.79
2024-06-11,28.48,0.43,68.73,3.44
2024-06-12,27.82,0.0,68.45,3.34
2024-06-13,28.98,0.09,61.29,3.7
2024-06-14,29.57,0.22,61.66,2.75
2024-06-15,29.9,0.02,66.11,3.07
2024-06-16,30.24,0.04,64.73,2.76
2024-06-17,29.41,0.17,65.56,2.42
2024-06-18,29.28,13.03,68.48,2.91
2024-06-19,28.64,7.68,71.17,3.23
2024-06-20,27.91,0.46,69.72,3.51
2024-06-21,27.9,0.26,66.49,3.77
2024-06-22,27.97,1.42,69.82,3.26
2024-06-23,27.84,2.79,70.59,3.77
2024-06-24,27.14,0.27,72.43,3.97
2024-06-25,27.01,2.95,69.4,4.51
2024-06-26,28.03,1.35,68.43,4.34
2024-06-27,28.11,0.11,64.17,4.05
2024-06-28,28.2,0.0,64.67,2.95
2024-06-29,27.95,0.23,68.92,3.14
2024-06-30,28.65,0.77,71.03,2.19
2024-07-01,27.6,1.07,73.27,2.86
2024-07-02,29.77,0.24,60.81,2.96
2024-07-03,29.06,0.55,65.18,3.15
2024-07-04,29.85,0.48,61.88,3.46
2024-07-05,28.67,3.59,67.12,2.92
2024-07-06,27.72,0.16,66.76,3.99
2024-07-07,29.35,0.06,64.4,3.66
2024-07-08,27.74,0.08,70.17,3.87
2024-07-09,27.87,0.04,69.42,3.49
2024-07-10,26.55,1.92,76.92,2.61
2024-07-11,28.93,0.05,65.75,2.78
2024-07-12,28.79,9.31,67.09,3.14
2024-07-13,28.09,0.05,68.24,4.74
2024-07-14,29.29,0.34,61.73,4.7
2024-07-15,27.73,1.78,71.35,5.54
2024-07-16,27.72,0.61,68.95,5.95
2024-07-17,27.77,0.76,68.9,4.91
2024-07-18,27.82,0.56,68.11,6.03
2024-07-19,28.72,0.16,66.03,5.69
2024-07-20,29.12,0.45,66.21,5.02
2024-07-21,29.16,0.14,65.82,5.02
2024-07-22,29.18,0.08,63.34,4.89
2024-07-23,29.36,0.06,61.12,4.5
2024-07-24,28.85,0.16,63.12,4.43
2024-07-25,29.37,0.76,61.15,5.2
2024-07-26,28.69,0.05,64.57,5.57
2024-07-27,29.47,0.0,60.78,6.42
2024-07-28,29.58,0.0,59.61,5.4
2024-07-29,29.86,0.52,63.41,5.15
2024-07-30,28.32,0.0,68.94,3.99
2024-07-31,29.33,0.31,65.18,3.55
2024-08-01,29.68,1.71,66.97,3.77
2024-08-02,29.53,0.21,62.35,4.59
2024-08-03,29.39,1.24,62.25,3.06
2024-08-04,28.58,11.64,70.93,2.97
2024-08-05,28.61,4.63,69.83,2.14
2024-08-06,28.93,4.68,70.77,2.14
2024-08-07,26.54,15.55,83.17,1.81
2024-08-08,27.17,7.06,77.45,2.55
2024-08-09,28.06,12.85,76.28,1.9
2024-08-10,27.68,13.28,80.96,1.99
2024-08-11,27.78,10.93,82.65,1.49
2024-08-12,28.82,2.18,77.94,1.59
2024-08-13,28.82,8.7,78.47,0.89
2024-08-14,28.57,19.28,77.62,1.4
2024-08-15,28.68,2.69,76.72,1.19
2024-08-16,28.71,5.08,79.79,1.63
2024-08-17,28.69,3.58,80.83,1.42
2024-08-18,28.79,3.61,79.27,0.76
2024-08-19,28.78,4.52,78.37,1.61
2024-08-20,28.14,5.55,81.4,2.13
2024-08-21,27.21,4.2,78.23,3.79
2024-08-22,27.18,0.02,77.3,2.41
2024-08-23,28.43,0.04,70.13,1.97
2024-08-24,28.06,0.1,73.45,2.83
2024-08-25,27.83,0.11,73.14,3.24
2024-08-26,28.5,0.01,68.56,3.81
2024-08-27,28.6,1.17,70.63,3.1
2024-08-28,27.89,0.1,72.1,3.28
2024-08-29,27.59,2.31,74.75,3.33
2024-08-30,27.06,3.09,80.56,3.27
2024-08-31,27.54,1.14,74.62,3.43
2024-09-01,27.38,0.42,73.14,3.44
2024-09-02,28.37,0.27,67.86,3.61
2024-09-03,28.45,2.34,71.58,3.32
2024-09-04,27.93,1.84,75.38,2.98
2024-09-05,29.4,0.47,68.62,3.49
2024-09-06,28.72,0.21,71.6,3.22
2024-09-07,29.26,0.49,68.41,3.33
2024-09-08,28.42,0.41,71.12,3.72
2024-09-09,28.06,0.1,72.25,3.77
2024-09-10,29.25,0.04,68.89,4.08
2024-09-11,29.47,3.63,68.47,3.39
2024-09-12,29.09,0.44,66.82,3.16
2024-09-13,29.68,0.1,63.95,2.99
2024-09-14,29.32,0.33,64.49,3.1
2024-09-15,30.08,0.22,61.3,3.69
2024-09-16,30.29,0.01,59.43,3.37
2024-09-17,30.78,0.0,58.88,3.42
2024-09-18,30.32,0.0,56.67,3.09
2024-09-19,28.85,0.03,61.27,2.8
2024-09-20,29.24,0.07,64.99,2.54
2024-09-21,28.82,0.51,68.26,2.75
2024-09-22,30.28,0.26,61.56,2.84
2024-09-23,29.29,1.99,65.11,3.51
2024-09-24,27.85,7.25,74.77,3.21
2024-09-25,29.67,0.27,64.27,3.71
2024-09-26,29.37,0.2,64.01,2.4
2024-09-27,29.51,0.5,61.74,1.78
2024-09-28,29.69,2.41,65.59,1.62
2024-09-29,27.97,1.09,76.33,1.63
2024-09-30,28.6,0.77,72.29,1.56
2024-10-01,29.18,1.15,70.0,1.55
2024-10-02,28.76,4.22,72.23,2.65
2024-10-03,29.92,0.3,68.71,1.74
2024-10-04,27.95,17.7,79.11,1.34
2024-10-05,26.92,14.99,80.56,1.87
2024-10-06,25.95,13.96,80.83,1.74
2024-10-07,25.96,1.9,83.69,1.61
2024-10-08,26.54,11.69,83.05,1.42
2024-10-09,27.92,8.65,78.67,1.26
2024-10-10,27.59,5.69,80.24,0.88
2024-10-11,26.94,16.72,83.83,0.99
2024-10-12,27.12,16.32,84.67,0.86
2024-10-13,26.36,15.85,89.39,1.24
2024-10-14,26.02,14.44,86.98,1.23
2024-10-15,24.98,15.06,89.61,1.36
2024-10-16,25.08,2.55,84.0,2.44
2024-10-17,26.64,0.02,81.37,2.44
2024-10-18,27.02,8.68,79.96,1.13
2024-10-19,26.23,7.65,85.41,0.88
2024-10-20,26.88,5.21,82.68,0.78
2024-10-21,27.12,7.39,84.17,0.72
2024-10-22,27.28,12.92,82.58,0.8
2024-10-23,27.13,4.8,83.75,0.88
2024-10-24,25.47,19.77,88.83,1.46
2024-10-25,25.67,19.23,83.41,1.75
2024-10-26,26.53,4.45,82.69,1.65
2024-10-27,26.92,0.08,81.38,1.77
2024-10-28,26.76,1.02,81.13,1.65
2024-10-29,27.01,0.8,78.44,1.43
2024-10-30,26.78,2.17,84.34,1.17
2024-10-31,26.48,6.98,87.05,0.93
2024-11-01,26.18,12.38,89.36,1.18
2024-11-02,26.14,7.46,89.09,1.72
2024-11-03,25.47,3.07,89.19,1.96
2024-11-04,25.6,3.1,85.38,1.75
2024-11-05,25.05,0.44,85.12,1.55
2024-11-06,25.81,1.25,81.55,1.81
2024-11-07,26.3,5.24,87.61,2.0
2024-11-08,26.27,1.1,86.23,2.38
2024-11-09,25.53,0.24,84.51,2.4
2024-11-10,25.03,0.0,82.57,2.38
2024-11-11,25.56,0.0,81.99,2.16
2024-11-12,25.61,4.04,85.04,1.9
2024-11-13,25.51,3.62,92.31,2.16
2024-11-14,25.56,10.17,91.93,1.76
2024-11-15,25.32,13.5,90.54,1.9
2024-11-16,25.17,13.75,92.69,1.85
2024-11-17,25.24,5.74,90.07,2.42
2024-11-18,25.08,7.36,87.95,2.67
2024-11-19,24.93,3.9,86.83,3.04
2024-11-20,24.18,5.08,87.23,2.95
2024-11-21,24.33,3.01,85.16,2.5
2024-11-22,24.12,0.02,85.25,2.42
2024-11-23,24.53,0.35,87.01,2.46
2024-11-24,24.79,0.23,87.89,2.37
2024-11-25,23.91,0.18,86.3,2.39
2024-11-26,23.84,25.18,92.42,2.7
2024-11-27,23.87,5.8,89.83,3.53
2024-11-28,23.94,2.77,83.45,3.13
2024-11-29,24.94,1.22,87.08,3.17
2024-11-30,25.74,12.98,86.7,3.58
2024-12-01,25.07,28.32,91.66,4.85
2024-12-02,25.95,22.07,91.45,2.68
2024-12-03,26.39,14.06,88.11,1.94
2024-12-04,25.65,1.69,88.04,1.34
2024-12-05,25.47,0.81,88.19,1.27
2024-12-06,25.01,0.02,88.31,1.43
2024-12-07,25.24,0.34,87.4,1.56
2024-12-08,24.24,0.35,89.47,1.31
2024-12-09,24.71,0.04,86.95,1.49
2024-12-10,24.98,0.13,86.25,2.03
2024-12-11,24.19,5.37,91.82,2.57
2024-12-12,24.19,77.46,94.75,2.33
2024-12-13,24.28,28.58,94.31,3.09
2024-12-14,23.81,2.76,88.4,3.13
2024-12-15,22.4,0.56,87.23,2.38
2024-12-16,22.38,0.0,84.95,2.42
2024-12-17,23.19,0.0,85.89,2.22
2024-12-18,24.78,0.02,86.35,1.6
2024-12-19,25.83,0.14,84.13,1.41
2024-12-20,26.12,0.91,85.65,0.92
2024-12-21,26.37,3.98,85.94,1.05
2024-12-22,24.57,4.65,91.49,1.47
2024-12-23,24.44,0.07,82.34,1.38
2024-12-24,24.88,0.0,80.65,1.35
2024-12-25,24.8,0.04,85.85,1.25
2024-12-26,25.18,0.98,87.98,2.06
2024-12-27,24.56,1.9,89.26,2.88
2024-12-28,23.91,0.15,85.47,2.34
2024-12-29,24.16,0.87,87.01,2.66
2024-12-30,24.3,3.53,89.57,3.14
2024-12-31,24.33,0.28,87.04,3.57
2025-01-01,23.16,0.0,84.46,3.07
2025-01-02,22.6,0.0,84.9,2.41
2025-01-03,21.63,0.0,87.66,2.57
2025-01-04,21.72,0.0,84.13,2.01
2025-01-05,22.17,0.0,81.61,1.8
2025-01-06,21.83,0.0,81.77,1.74
2025-01-07,22.33,0.01,86.06,1.85
2025-01-08,21.81,0.0,83.14,2.17
2025-01-09,22.1,0.0,86.14,2.48
2025-01-10,23.2,0.08,86.23,2.84
2025-01-11,23.35,0.02,83.83,2.88
2025-01-12,23.77,0.37,85.78,2.74
2025-01-13,24.75,1.38,87.67,2.53
2025-01-14,24.19,0.31,83.87,2.9
2025-01-15,23.23,0.5,85.59,3.07
2025-01-16,22.67,0.01,85.88,2.69
2025-01-17,22.3,0.0,84.3,2.78
2025-01-18,22.61,8.13,88.25,2.99
2025-01-19,23.94,5.65,89.56,2.79
2025-01-20,23.52,0.23,82.66,2.66
2025-01-21,22.48,0.0,82.78,2.3
2025-01-22,23.28,0.0,83.18,2.51
2025-01-23,23.18,0.02,82.34,2.26
2025-01-24,22.52,0.0,81.99,2.39
2025-01-25,23.09,0.0,80.76,2.55
2025-01-26,22.15,0.0,80.3,2.55
2025-01-27,22.86,0.0,77.89,2.07
2025-01-28,22.82,0.0,75.38,2.0
2025-01-29,23.11,0.0,74.25,2.48
2025-01-30,23.99,0.05,81.71,2.15
2025-01-31,25.38,0.05,84.45,2.05
2025-02-01,25.87,0.4,81.37,2.21
2025-02-02,25.22,0.07,76.82,1.73
2025-02-03,24.05,0.0,75.86,1.56
2025-02-04,23.53,0.0,74.7,1.92
2025-02-05,23.89,0.0,77.13,1.99
2025-02-06,23.95,0.0,77.72,2.02
2025-02-07,23.65,0.0,74.29,1.92
2025-02-08,24.23,0.0,77.25,2.1
2025-02-09,24.59,0.0,76.6,2.2
2025-02-10,24.61,0.0,73.94,2.22
2025-02-11,24.36,0.0,72.56,1.77
2025-02-12,24.58,0.0,73.46,2.0
2025-02-13,24.32,0.0,70.33,1.78
2025-02-14,24.25,0.0,68.19,1.47
2025-02-15,25.07,0.0,68.52,1.73
2025-02-16,25.12,0.0,70.52,2.06
2025-02-17,25.21,0.0,71.76,1.99
2025-02-18,25.07,0.0,70.71,1.92
2025-02-19,25.43,0.0,70.1,1.83
2025-02-20,25.73,0.0,70.33,1.96
2025-02-21,25.94,0.0,70.05,2.25
2025-02-22,26.52,0.0,67.76,2.13
2025-02-23,26.51,0.0,66.95,2.22
2025-02-24,26.35,0.0,68.31,2.54
2025-02-25,26.63,0.11,69.14,3.19
2025-02-26,27.09,0.24,68.78,3.78
2025-02-27,26.62,0.79,68.06,3.35
2025-02-28,26.3,4.92,73.44,3.32
2025-03-01,27.36,5.24,75.79,3.37
2025-03-02,27.99,0.37,71.67,2.66
2025-03-03,27.93,0.0,68.85,1.89
2025-03-04,27.92,0.0,61.89,1.97
2025-03-05,27.1,0.0,58.95,1.52
2025-03-06,28.4,0.0,57.02,1.74
2025-03-07,28.34,0.0,60.32,1.54
2025-03-08,28.22,0.0,60.81,1.6
2025-03-09,26.79,0.0,60.83,2.26
2025-03-10,27.08,0.07,66.64,3.1
2025-03-11,26.6,19.2,81.91,3.78
2025-03-12,26.58,12.52,82.68,1.68
2025-03-13,28.32,1.33,71.14,1.71
2025-03-14,28.1,0.0,66.22,1.6
2025-03-15,28.43,0.0,64.02,1.57
2025-03-16,28.5,0.0,69.64,1.71
2025-03-17,29.62,0.05,66.58,1.29
2025-03-18,29.49,0.04,67.17,1.8
2025-03-19,29.33,0.08,66.38,2.34
2025-03-20,29.23,0.03,65.5,2.45
2025-03-21,29.52,0.1,66.34,2.49
2025-03-22,29.7,0.1,67.09,2.36
2025-03-23,28.38,2.06,72.24,2.02
2025-03-24,29.02,0.24,67.12,2.29
2025-03-25,28.68,0.22,61.43,1.91
2025-03-26,29.07,0.05,59.46,1.71
2025-03-27,30.24,0.0,55.05,1.52
2025-03-28,30.15,0.0,53.77,1.78
2025-03-29,29.48,0.0,50.28,1.97
2025-03-30,29.07,0.0,51.45,1.87
2025-03-31,29.27,0.0,59.5,2.2
2025-04-01,29.16,0.0,57.82,1.89
2025-04-02,29.83,0.8,57.26,2.24
2025-04-03,28.19,10.73,69.99,1.68
2025-04-04,29.84,0.16,56.2,1.76
2025-04-05,30.26,1.62,60.38,1.44
2025-04-06,30.42,3.95,62.78,0.98
2025-04-07,29.21,4.88,69.86,1.21
2025-04-08,29.68,0.0,63.52,1.44
2025-04-09,29.66,0.0,59.91,1.45
2025-04-10,30.44,0.0,58.74,2.41
2025-04-11,30.86,9.28,61.07,1.95
2025-04-12,29.9,5.5,65.91,2.26
2025-04-13,31.34,0.09,58.5,1.86
2025-04-14,30.93,0.3,59.68,1.72
2025-04-15,29.19,5.68,66.43,1.38
2025-04-16,30.76,0.17,61.97,1.48
2025-04-17,30.49,0.11,64.1,1.47
2025-04-18,31.06,0.05,63.86,1.47
2025-04-19,32.04,0.01,58.49,1.77
2025-04-20,30.69,0.03,62.89,1.45
2025-04-21,30.27,0.07,63.88,1.3
2025-04-22,30.79,0.15,59.45,1.75
2025-04-23,29.81,0.2,61.01,1.33
2025-04-24,31.54,0.0,59.23,1.76
2025-04-25,31.58,0.01,62.69,1.94
2025-04-26,30.07,0.53,68.84,2.15
2025-04-27,29.11,2.7,74.76,1.73
2025-04-28,29.57,1.1,68.89,1.84
2025-04-29,30.98,0.62,61.54,2.18
2025-04-30,30.84,0.01,64.07,2.42
2025-05-01,30.74,0.02,63.31,2.27
2025-05-02,31.42,0.43,61.88,1.77
2025-05-03,31.37,0.31,63.34,1.77
2025-05-04,31.47,2.12,59.61,1.37
2025-05-05,28.96,8.54,76.2,1.22
2025-05-06,30.63,1.26,64.69,1.26
2025-05-07,29.57,5.19,69.42,1.15
2025-05-08,30.1,2.54,65.76,1.59
2025-05-09,30.76,0.28,62.02,1.53
2025-05-10,31.12,0.35,60.57,1.54
2025-05-11,30.99,0.72,63.28,1.25
2025-05-12,31.86,0.27,57.18,2.01
2025-05-13,30.56,1.05,65.36,1.37
2025-05-14,30.03,5.72,69.98,1.74
2025-05-15,29.61,7.82,72.28,1.87
2025-05-16,30.42,2.01,64.36,2.0
2025-05-17,28.8,18.21,66.69,1.92
2025-05-18,26.34,40.12,84.05,2.36
2025-05-19,28.8,7.71,72.36,2.06
2025-05-20,27.98,6.95,78.97,2.19
2025-05-21,28.77,0.92,66.86,3.12
2025-05-22,29.83,0.0,65.26,2.09
2025-05-23,29.88,4.37,68.96,2.58
2025-05-24,29.56,2.5,67.5,3.95
2025-05-25,28.39,1.63,73.83,3.85
2025-05-26,29.48,0.83,66.31,5.47
2025-05-27,29.02,0.29,74.01,4.56
2025-05-28,30.08,0.09,68.66,5.45
2025-05-29,29.8,0.95,63.41,5.64
2025-05-30,28.06,0.4,67.51,4.82
2025-05-31,29.91,0.0,61.81,3.5
2025-06-01,30.77,0.12,59.01,3.49
2025-06-02,30.52,0.07,62.94,3.24
2025-06-03,30.01,0.48,61.52,3.25
2025-06-04,29.83,0.87,61.84,3.07
2025-06-05,30.99,0.11,55.67,2.0
2025-06-06,31.11,0.37,60.84,1.54
2025-06-07,30.43,0.77,67.01,2.04
2025-06-08,30.46,1.22,65.2,1.99
2025-06-09,29.11,6.78,72.68,2.76
2025-06-10,29.26,5.39,71.52,3.0
2025-06-11,28.73,3.09,73.29,3.16
2025-06-12,29.38,1.5,68.02,3.88
2025-06-13,29.36,0.86,63.87,4.04
2025-06-14,29.03,2.75,66.35,4.2
2025-06-15,28.44,0.43,65.28,5.13
2025-06-16,29.0,0.03,60.81,5.32
2025-06-17,28.71,0.46,67.72,3.51
2025-06-18,29.69,2.1,66.71,3.17
2025-06-19,29.45,0.31,67.08,4.0
2025-06-20,29.62,1.4,66.89,3.52
2025-06-21,29.28,0.14,68.39,3.43
2025-06-22,29.52,3.15,67.29,3.74
2025-06-23,29.38,0.14,59.67,4.92
2025-06-24,29.68,0.0,59.42,4.43
2025-06-25,29.46,0.73,65.11,3.98
2025-06-26,29.45,0.07,64.25,3.83
2025-06-27,29.58,0.05,61.3,3.73
2025-06-28,29.7,1.71,63.34,3.82
2025-06-29,30.0,0.05,60.48,4.05
2025-06-30,29.46,0.0,63.96,3.71
2025-07-01,29.35,0.0,65.13,3.39
2025-07-02,29.82,0.38,59.47,3.97
2025-07-03,29.23,0.03,59.74,4.22
2025-07-04,28.95,0.0,61.72,3.86
2025-07-05,29.62,0.0,61.45,4.16
2025-07-06,30.29,0.04,61.07,4.93
2025-07-07,30.13,0.0,62.35,4.57
2025-07-08,30.78,0.0,58.95,4.13
2025-07-09,31.34,0.0,56.72,4.17
2025-07-10,31.33,0.07,56.18,3.49
2025-07-11,31.11,0.13,58.38,3.92
2025-07-12,30.81,0.1,58.21,4.0
2025-07-13,29.37,0.64,63.42,3.74
2025-07-14,30.02,0.01,57.15,4.79
2025-07-15,29.88,0.0,59.32,3.55
2025-07-16,30.44,3.21,59.52,4.0
2025-07-17,29.58,0.57,62.71,3.94
2025-07-18,29.57,0.23,63.5,2.6
2025-07-19,28.29,2.13,68.56,5.16
2025-07-20,27.76,0.13,65.76,4.54
2025-07-21,29.05,0.38,55.05,4.09
2025-07-22,30.38,0.26,55.48,4.34
2025-07-23,29.66,0.71,60.27,4.68
2025-07-24,30.34,0.04,54.77,5.36
2025-07-25,29.79,0.01,54.47,5.94
2025-07-26,29.29,0.05,58.08,5.25
2025-07-27,30.26,0.01,55.63,4.7
2025-07-28,31.19,0.0,51.05,4.5
2025-07-29,31.78,0.0,49.15,4.85
2025-07-30,31.99,0.0,49.59,4.54
2025-07-31,31.33,2.48,55.46,3.16
2025-08-01,30.72,2.62,59.25,2.76
2025-08-02,28.56,6.0,73.32,1.72
2025-08-03,27.76,2.47,76.95,1.55
2025-08-04,28.5,4.5,73.62,1.46
2025-08-05,28.29,8.99,76.37,2.25
2025-08-06,28.42,8.09,70.11,3.22
2025-08-07,28.97,0.24,69.11,3.04
2025-08-08,27.99,6.13,74.29,1.67
2025-08-09,26.93,2.34,78.69,1.2
2025-08-10,26.8,20.02,81.28,1.61
2025-08-11,28.0,0.94,66.82,2.84
2025-08-12,28.3,0.46,64.5,2.69
2025-08-13,28.1,0.19,62.1,3.74
2025-08-14,28.41,0.45,62.62,3.95
2025-08-15,28.55,1.27,63.52,4.5
2025-08-16,27.93,0.08,67.92,3.92
2025-08-17,27.73,1.04,70.98,3.86
2025-08-18,28.3,0.07,65.49,4.34
2025-08-19,29.3,0.0,60.19,4.23
2025-08-20,28.73,0.0,61.74,2.76
2025-08-21,30.23,0.13,58.76,1.81
2025-08-22,29.26,2.93,68.06,1.53
2025-08-23,28.54,1.46,69.73,1.75
2025-08-24,29.42,3.13,68.1,1.54
2025-08-25,29.32,1.58,66.81,1.86
2025-08-26,30.81,0.18,59.92,2.35
2025-08-27,29.67,0.24,61.03,3.57
2025-08-28,28.69,0.49,66.76,3.9
2025-08-29,29.43,0.04,59.66,3.64
2025-08-30,30.09,0.96,61.13,3.13
2025-08-31,29.57,4.12,66.84,2.63
2025-09-01,29.1,0.83,67.99,3.03
2025-09-02,30.23,0.08,60.41,3.6
2025-09-03,29.14,0.04,63.84,3.27
2025-09-04,29.83,0.01,62.07,3.12
2025-09-05,30.79,0.21,57.9,2.33
2025-09-06,31.0,1.93,59.88,2.08
2025-09-07,27.95,7.6,76.81,1.98
2025-09-08,28.19,6.47,73.67,1.84
2025-09-09,29.35,4.67,70.38,1.41
2025-09-10,28.19,30.5,80.19,1.24
2025-09-11,27.78,5.93,76.58,1.11
2025-09-12,27.48,9.9,79.26,0.59
2025-09-13,28.44,0.27,71.35,1.58
2025-09-14,29.07,0.23,66.23,1.48
2025-09-15,29.5,1.66,66.44,1.76
2025-09-16,28.45,4.11,74.76,1.77
2025-09-17,27.5,11.7,81.23,1.76
2025-09-18,27.35,11.19,81.78,1.61
2025-09-19,26.89,16.93,79.08,1.89
2025-09-20,27.84,0.83,71.18,1.63
2025-09-21,27.94,1.03,73.48,1.94
2025-09-22,28.18,1.72,74.2,2.25
2025-09-23,28.69,0.49,71.37,2.65
2025-09-24,29.02,1.47,68.11,2.59
2025-09-25,28.19,11.94,73.46,2.42
2025-09-26,28.04,0.07,70.27,3.3
2025-09-27,28.04,0.48,67.07,3.93
2025-09-28,27.87,0.19,68.5,3.5
2025-09-29,28.57,0.0,68.75,3.09
2025-09-30,28.16,0.0,69.92,2.48
2025-10-01,29.7,0.06,63.0,2.29
2025-10-02,29.48,0.07,67.04,1.88
2025-10-03,27.16,5.7,77.3,1.03
2025-10-04,28.03,0.92,71.34,1.26
2025-10-05,28.25,9.46,71.29,1.53
2025-10-06,27.77,5.02,76.31,1.23
2025-10-07,27.58,4.14,76.66,0.88
2025-10-08,28.3,0.37,72.24,1.46
2025-10-09,27.58,6.34,77.75,1.44
2025-10-10,27.9,2.36,77.89,1.1
2025-10-11,28.14,5.48,76.92,1.39
2025-10-12,27.54,10.59,81.56,1.62
2025-10-13,27.57,1.99,78.48,1.83
2025-10-14,27.14,6.12,80.36,2.3
2025-10-15,26.23,7.89,86.16,1.95
2025-10-16,26.33,10.94,87.2,2.41
2025-10-17,26.07,13.24,90.61,2.78
2025-10-18,26.09,6.74,87.18,2.22
2025-10-19,25.61,2.94,88.46,2.19
2025-10-20,25.29,12.79,90.66,1.72
2025-10-21,25.32,19.53,89.94,1.77
2025-10-22,25.42,44.34,90.3,2.81
2025-10-23,26.05,2.4,87.88,1.22
2025-10-24,25.69,5.74,89.36,1.01
2025-10-25,26.69,2.29,82.37,0.72
2025-10-26,26.53,0.03,85.21,0.89
2025-10-27,26.0,0.21,85.52,1.76
2025-10-28,26.32,0.04,82.58,2.74
2025-10-29,26.4,0.0,84.07,1.91
2025-10-30,27.11,0.0,80.07,1.35
2025-10-31,27.62,0.0,78.02,1.0
2025-11-01,27.13,0.0,79.2,0.89
2025-11-02,27.41,0.0,78.88,1.27
2025-11-03,27.69,0.0,77.37,1.08
2025-11-04,27.28,0.0,75.83,1.21
2025-11-05,26.56,1.01,80.31,0.78
2025-11-06,26.38,9.39,83.0,0.72
2025-11-07,25.88,0.21,83.0,1.04
2025-11-08,25.5,0.7,82.37,1.54
2025-11-09,24.58,0.05,75.49,1.74
2025-11-10,25.73,0.03,79.05,1.4
2025-11-11,25.92,0.51,81.56,1.95
2025-11-12,25.96,0.15,81.4,2.47
2025-11-13,25.83,0.7,82.87,2.49
2025-11-14,24.86,0.34,79.82,2.86
2025-11-15,24.2,0.39,76.43,2.65
2025-11-16,24.58,4.15,84.82,3.08
2025-11-17,23.46,8.66,84.95,3.36
2025-11-18,23.75,12.7,87.92,2.73
2025-11-19,25.17,1.62,83.3,2.69
2025-11-20,24.91,1.59,80.01,2.81
2025-11-21,25.53,6.05,86.5,2.59
2025-11-22,25.17,5.67,90.55,2.42
2025-11-23,25.06,31.43,93.04,2.58
2025-11-24,24.47,24.03,92.65,2.51
2025-11-25,23.95,1.06,87.77,3.0
2025-11-26,23.43,0.09,86.51,3.27
2025-11-27,23.52,0.09,82.95,3.31
2025-11-28,22.34,4.23,86.22,3.27
2025-11-29,22.41,37.88,90.6,3.96
2025-11-30,23.43,7.59,89.61,3.82
2025-12-01,25.09,0.7,82.25,1.75
2025-12-02,24.06,5.32,87.59,1.07
2025-12-03,24.36,9.28,90.09,1.45
2025-12-04,25.29,1.57,84.85,1.61
2025-12-05,24.76,4.38,89.48,3.26
2025-12-06,24.46,2.23,87.89,2.85
2025-12-07,23.78,0.5,87.39,2.62
2025-12-08,23.16,0.04,84.47,2.71
2025-12-09,22.86,1.27,88.94,2.98
2025-12-10,22.94,0.31,83.4,3.07
2025-12-11,22.55,0.03,84.24,2.79
2025-12-12,22.47,0.09,84.74,2.8
2025-12-13,21.24,0.02,80.52,2.54
2025-12-14,20.61,0.0,80.56,2.23
2025-12-15,21.39,0.01,81.51,2.42
2025-12-16,23.8,5.55,87.04,3.33
2025-12-17,24.48,1.95,85.6,3.42
2025-12-18,21.48,0.0,84.55,2.57
2025-12-19,21.27,0.0,81.92,2.16
2025-12-20,20.77,0.0,79.31,1.83
2025-12-21,21.42,0.0,81.18,2.09
2025-12-22,21.58,0.0,80.54,2.22
2025-12-23,22.34,0.0,80.58,2.16
2025-12-24,21.99,0.0,78.27,2.0
2025-12-25,22.18,0.0,79.26,1.98
2025-12-26,23.51,0.01,80.26,2.62
2025-12-27,22.56,0.0,77.62,2.24
2025-12-28,23.06,0.0,79.78,2.18
2025-12-29,23.55,0.0,80.69,2.52
2025-12-30,23.88,0.0,79.25,1.81
2025-12-31,25.36,1.34,82.37,1.96
