Date,Temperature,Rainfall,Humidity,WindSpeed
2005-01-01,23.68,0.03,83.27,2.3
2005-01-02,24.31,0.0,80.07,2.65
2005-01-03,23.66,0.0,80.2,2.42
2005-01-04,23.92,0.0,77.89,2.9
2005-01-05,23.62,0.0,80.2,2.78
2005-01-06,23.1,0.0,75.75,2.73
2005-01-07,23.41,0.0,77.89,3.05
2005-01-08,23.66,0.0,77.54,2.7
2005-01-09,22.18,0.0,79.73,2.64
2005-01-10,22.92,0.0,71.41,1.83
2005-01-11,23.41,0.0,68.38,1.46
2005-01-12,23.28,0.0,66.13,1.89
2005-01-13,23.27,0.0,73.97,2.18
2005-01-14,22.8,0.0,72.18,2.97
2005-01-15,23.07,0.0,72.0,2.7
2005-01-16,23.44,0.0,72.95,2.19
2005-01-17,24.83,0.0,71.95,1.54
2005-01-18,25.98,0.3,73.8,1.0
2005-01-19,26.49,0.54,74.98,1.64
2005-01-20,26.5,0.05,72.61,3.75
2005-01-21,25.55,0.27,77.48,4.93
2005-01-22,25.65,0.37,77.6,4.37
2005-01-23,25.99,0.11,73.76,3.67
2005-01-24,25.47,0.22,78.36,2.93
2005-01-25,26.08,0.01,74.07,3.03
2005-01-26,26.04,0.0,70.73,2.51
2005-01-27,25.97,0.12,71.55,1.59
2005-01-28,24.55,0.1,77.26,1.4
2005-01-29,25.93,1.47,74.48,1.32
2005-01-30,25.88,1.53,75.51,1.87
2005-01-31,26.64,0.26,72.31,1.52
2005-02-01,27.13,0.13,71.25,1.21
2005-02-02,26.83,0.1,72.76,2.07
2005-02-03,26.86,0.0,69.46,2.64
2005-02-04,26.71,0.0,67.97,3.22
2005-02-05,26.42,0.0,68.99,2.66
2005-02-06,26.65,0.0,65.21,2.69
2005-02-07,25.49,0.0,65.31,2.92
2005-02-08,26.34,0.0,66.87,3.86
2005-02-09,25.97,0.02,65.18,4.99
2005-02-10,26.21,0.0,63.74,4.62
2005-02-11,25.97,0.0,62.21,4.01
2005-02-12,25.68,0.0,64.67,4.15
2005-02-13,25.74,0.0,64.36,3.41
2005-02-14,25.57,0.0,63.6,2.78
2005-02-15,26.92,0.0,56.49,1.45
2005-02-16,27.59,0.0,55.37,1.35
2005-02-17,28.09,0.0,58.68,1.5
2005-02-18,27.51,0.0,57.28,1.91
2005-02-19,26.76,0.0,56.97,1.94
2005-02-20,26.52,0.0,61.9,1.8
2005-02-21,27.54,0.34,61.05,1.46
2005-02-22,27.92,0.65,68.31,1.89
2005-02-23,28.85,0.02,64.86,2.34
2005-02-24,29.2,0.0,62.2,2.76
2005-02-25,29.03,0.0,58.86,2.7
2005-02-26,27.58,0.0,56.99,2.56
2005-02-27,27.06,0.0,59.52,2.45
2005-02-28,27.32,0.0,54.61,2.07
2005-03-01,26.83,0.0,61.08,2.28
2005-03-02,28.0,0.0,60.71,2.23
2005-03-03,28.22,0.0,58.44,2.28
2005-03-04,28.75,0.27,57.45,1.92
2005-03-05,28.17,6.14,68.31,1.83
2005-03-06,26.64,3.61,78.8,1.82
2005-03-07,26.46,0.25,76.04,2.25
2005-03-08,26.57,0.0,72.23,1.95
2005-03-09,26.76,0.05,73.25,2.13
2005-03-10,27.68,0.24,68.88,1.21
2005-03-11,27.5,4.47,71.92,1.39
2005-03-12,28.05,1.5,67.33,1.23
2005-03-13,29.3,0.2,63.01,1.18
2005-03-14,29.06,0.17,61.8,1.9
2005-03-15,28.68,0.0,60.86,2.4
2005-03-16,27.84,0.0,60.02,2.41
2005-03-17,27.25,0.0,57.66,2.88
2005-03-18,28.31,0.01,60.06,2.55
2005-03-19,29.43,0.51,59.94,2.09
2005-03-20,29.8,0.05,59.66,1.96
2005-03-21,30.08,0.01,57.33,1.79
2005-03-22,30.68,0.0,57.42,1.6
2005-03-23,30.63,0.0,57.73,2.64
2005-03-24,30.68,0.15,57.94,2.83
2005-03-25,30.45,0.02,56.13,2.66
2005-03-26,30.41,0.0,51.83,2.56
2005-03-27,31.0,0.44,54.98,2.68
2005-03-28,30.04,0.24,58.59,1.59
2005-03-29,29.34,0.0,64.28,3.5
2005-03-30,28.64,2.39,69.69,2.93
2005-03-31,28.09,0.47,68.95,3.16
2005-04-01,30.4,0.02,56.6,1.71
2005-04-02,28.53,13.7,70.62,1.6
2005-04-03,26.07,15.91,86.85,1.47
2005-04-04,25.78,101.36,85.42,1.53
2005-04-05,24.69,29.0,91.75,1.44
2005-04-06,25.65,16.5,88.91,1.42
2005-04-07,25.6,11.94,89.18,1.81
2005-04-08,25.7,0.49,89.02,2.21
2005-04-09,25.9,0.05,86.8,1.83
2005-04-10,25.83,2.74,88.75,1.75
2005-04-11,25.99,11.56,90.3,1.8
2005-04-12,26.01,1.97,88.3,1.84
2005-04-13,25.81,2.91,87.91,1.4
2005-04-14,26.38,0.28,83.65,0.9
2005-04-15,26.65,1.95,82.85,0.96
2005-04-16,26.84,13.13,80.66,0.94
2005-04-17,26.63,10.82,83.2,0.99
2005-04-18,26.97,7.91,82.87,0.97
2005-04-19,25.99,14.34,87.95,0.82
2005-04-20,25.21,16.95,91.45,1.67
2005-04-21,25.55,2.46,84.35,1.67
2005-04-22,25.66,0.63,86.17,1.19
2005-04-23,26.23,0.63,84.69,0.95
2005-04-24,26.09,0.8,87.9,0.99
2005-04-25,26.4,8.2,84.9,0.85
2005-04-26,27.62,1.41,81.16,0.73
2005-04-27,26.85,0.01,86.48,1.25
2005-04-28,26.68,0.0,87.11,1.42
2005-04-29,27.49,0.01,86.17,1.36
2005-04-30,27.49,0.82,85.18,1.64
2005-05-01,27.54,0.2,82.39,1.61
2005-05-02,26.64,31.05,88.35,1.22
2005-05-03,26.49,6.47,87.08,1.86
2005-05-04,26.06,0.04,85.11,1.94
2005-05-05,26.43,0.0,79.72,1.99
2005-05-06,26.55,0.03,82.36,2.27
2005-05-07,26.41,0.1,84.39,2.13
2005-05-08,27.06,0.02,83.27,2.28
2005-05-09,26.89,0.0,80.72,3.15
2005-05-10,26.7,0.0,79.73,3.14
2005-05-11,27.02,0.02,80.82,2.54
2005-05-12,27.08,0.02,82.34,2.31
2005-05-13,27.0,0.0,82.4,2.03
2005-05-14,26.79,0.45,86.94,2.01
2005-05-15,27.2,0.08,85.6,2.5
2005-05-16,27.01,0.0,85.75,2.53
2005-05-17,26.97,0.04,81.53,2.85
2005-05-18,28.01,0.01,75.6,2.94
2005-05-19,28.45,0.02,77.61,2.44
2005-05-20,28.26,0.04,79.2,2.07
2005-05-21,27.75,0.06,80.85,2.31
2005-05-22,27.94,1.99,80.38,2.84
2005-05-23,26.99,0.78,83.9,2.76
2005-05-24,27.64,0.08,80.94,3.04
2005-05-25,27.35,0.68,82.55,2.23
2005-05-26,26.84,20.01,86.99,2.18
2005-05-27,26.46,11.9,87.47,2.94
2005-05-28,26.52,0.14,82.97,2.3
2005-05-29,26.15,80.33,88.62,2.89
2005-05-30,25.63,24.21,89.55,2.9
2005-05-31,25.97,4.02,87.14,3.74
2005-06-01,26.26,4.61,87.4,3.62
2005-06-02,25.96,0.66,89.14,3.63
2005-06-03,26.15,0.03,88.91,3.25
2005-06-04,25.62,11.98,91.36,2.38
2005-06-05,25.41,18.06,91.62,2.61
2005-06-06,25.46,7.21,90.02,2.96
2005-06-07,25.83,6.88,90.15,3.05
2005-06-08,26.55,9.9,90.93,3.78
2005-06-09,26.07,44.42,92.28,4.7
2005-06-10,25.9,14.14,90.6,4.32
2005-06-11,26.13,4.63,89.84,4.08
2005-06-12,25.92,7.03,91.0,3.49
2005-06-13,25.12,3.88,89.3,4.26
2005-06-14,25.52,1.22,87.22,3.21
2005-06-15,25.42,5.02,88.18,3.98
2005-06-16,25.2,19.32,91.77,4.55
2005-06-17,24.82,11.77,91.5,5.24
2005-06-18,24.76,4.07,89.93,4.74
2005-06-19,24.94,22.21,90.39,4.68
2005-06-20,24.88,11.86,90.67,4.87
2005-06-21,24.8,2.08,90.03,4.92
2005-06-22,25.06,0.96,88.92,4.16
2005-06-23,25.19,0.28,90.28,4.25
2005-06-24,25.55,5.27,89.64,4.57
2005-06-25,25.43,14.65,90.3,4.27
2005-06-26,25.01,6.08,90.23,3.82
2005-06-27,25.25,0.99,89.88,3.77
2005-06-28,25.35,0.13,88.04,3.78
2005-06-29,24.79,0.23,87.87,3.29
2005-06-30,25.19,16.28,88.28,3.44
2005-07-01,25.29,13.36,89.61,3.37
2005-07-02,24.85,2.0,91.2,2.91
2005-07-03,24.87,6.34,91.57,3.22
2005-07-04,25.06,5.7,91.28,3.93
2005-07-05,25.19,4.31,90.24,3.91
2005-07-06,24.61,1.58,89.58,4.07
2005-07-07,25.07,0.1,88.76,4.44
2005-07-08,24.83,4.98,90.6,4.76
2005-07-09,24.79,18.96,91.48,5.01
2005-07-10,23.85,17.24,90.41,5.05
2005-07-11,24.25,4.8,88.82,4.88
2005-07-12,24.43,1.0,90.15,4.06
2005-07-13,24.3,1.3,89.64,4.27
2005-07-14,24.21,0.86,90.18,3.34
2005-07-15,24.0,0.76,91.09,3.74
2005-07-16,24.46,7.04,89.58,3.46
2005-07-17,24.44,3.33,88.98,4.41
2005-07-18,24.85,0.5,89.18,4.26
2005-07-19,24.77,0.75,90.29,4.45
2005-07-20,24.73,0.95,89.94,4.79
2005-07-21,24.64,0.04,89.36,4.07
2005-07-22,24.82,5.43,89.98,4.0
2005-07-23,24.68,4.95,89.93,4.2
2005-07-24,24.81,0.44,89.95,4.83
2005-07-25,24.82,2.11,90.99,5.05
2005-07-26,24.75,10.72,91.64,5.01
2005-07-27,25.08,19.97,90.58,4.34
2005-07-28,25.07,28.93,90.57,4.06
2005-07-29,24.83,24.03,90.87,4.22
2005-07-30,24.0,26.73,90.92,4.52
2005-07-31,24.85,14.99,90.9,5.25
2005-08-01,24.79,10.53,89.99,5.14
2005-08-02,24.62,1.72,90.41,4.86
2005-08-03,24.77,0.96,88.74,4.02
2005-08-04,24.79,0.64,89.12,3.7
2005-08-05,24.93,0.1,88.76,3.8
2005-08-06,24.78,0.01,89.72,3.27
2005-08-07,25.03,0.0,88.15,3.6
2005-08-08,24.89,0.0,88.11,3.34
2005-08-09,25.06,0.09,88.85,3.13
2005-08-10,25.23,0.09,88.44,4.31
2005-08-11,25.26,0.17,88.46,4.76
2005-08-12,24.74,0.09,88.47,4.43
2005-08-13,24.99,1.39,88.23,3.96
2005-08-14,25.06,0.41,87.89,4.03
2005-08-15,25.21,2.64,87.39,4.43
2005-08-16,24.92,0.17,88.98,3.94
2005-08-17,25.03,0.02,87.74,3.47
2005-08-18,24.76,0.0,87.76,3.64
2005-08-19,24.78,0.02,88.17,3.8
2005-08-20,24.5,0.0,89.04,3.17
2005-08-21,25.33,0.04,85.17,3.3
2005-08-22,25.19,0.02,85.81,2.52
2005-08-23,25.0,0.04,86.81,2.35
2005-08-24,24.71,0.01,86.39,2.66
2005-08-25,24.98,0.25,87.09,3.14
2005-08-26,25.34,0.45,86.56,3.08
2005-08-27,24.55,1.08,88.32,3.06
2005-08-28,24.83,0.14,88.11,2.5
2005-08-29,25.58,0.68,85.22,3.07
2005-08-30,25.94,6.82,85.96,3.18
2005-08-31,25.4,12.37,87.94,3.96
2005-09-01,25.28,5.68,88.18,3.63
2005-09-02,24.93,23.2,91.0,3.33
2005-09-03,25.03,9.31,91.5,3.78
2005-09-04,24.86,53.36,91.3,5.14
2005-09-05,24.21,24.29,90.15,5.55
2005-09-06,23.86,7.36,90.87,4.45
2005-09-07,23.69,7.83,90.83,4.9
2005-09-08,24.42,1.69,88.85,5.49
2005-09-09,24.9,0.34,89.3,4.96
2005-09-10,24.78,17.52,89.87,4.81
2005-09-11,24.04,22.92,92.04,3.72
2005-09-12,24.38,6.46,90.96,4.14
2005-09-13,24.48,3.22,90.36,3.93
2005-09-14,24.81,0.49,90.83,3.29
2005-09-15,24.59,0.57,90.74,2.33
2005-09-16,25.07,0.04,88.9,2.46
2005-09-17,25.22,0.0,88.14,2.71
2005-09-18,25.15,0.0,87.85,3.62
2005-09-19,24.83,4.24,88.2,4.42
2005-09-20,24.97,5.76,88.0,4.61
2005-09-21,24.94,1.15,87.78,3.66
2005-09-22,25.17,0.01,87.34,3.12
2005-09-23,25.11,0.0,87.45,2.84
2005-09-24,25.2,0.01,86.83,2.85
2005-09-25,25.2,0.08,87.31,3.02
2005-09-26,25.13,0.0,87.3,3.3
2005-09-27,25.38,0.0,86.29,3.51
2005-09-28,24.8,0.08,87.38,3.17
2005-09-29,25.11,0.0,86.07,3.38
2005-09-30,24.7,0.0,85.31,3.19
2005-10-01,24.42,0.0,83.33,2.46
2005-10-02,24.48,0.05,89.37,2.45
2005-10-03,25.07,0.03,87.85,2.43
2005-10-04,25.42,1.05,87.36,1.79
2005-10-05,25.42,0.25,88.15,1.46
2005-10-06,26.34,0.03,83.5,1.0
2005-10-07,25.35,0.07,89.11,1.45
2005-10-08,24.63,6.22,89.6,1.85
2005-10-09,25.17,0.7,84.85,1.75
2005-10-10,25.51,0.71,86.27,1.81
2005-10-11,24.7,28.8,90.34,1.72
2005-10-12,24.57,49.85,92.74,3.19
2005-10-13,24.62,11.08,89.08,3.58
2005-10-14,25.3,4.99,88.97,3.24
2005-10-15,25.26,1.81,89.36,1.82
2005-10-16,25.22,0.01,86.81,1.7
2005-10-17,25.08,0.06,88.11,1.89
2005-10-18,24.64,2.75,88.94,1.83
2005-10-19,24.66,0.97,86.46,2.84
2005-10-20,24.95,0.12,87.46,2.69
2005-10-21,25.14,17.94,89.96,2.14
2005-10-22,24.88,43.12,92.56,2.38
2005-10-23,24.65,20.0,91.02,3.48
2005-10-24,24.31,19.94,92.58,2.29
2005-10-25,24.35,8.9,92.29,2.36
2005-10-26,24.57,3.29,89.26,2.16
2005-10-27,24.57,0.04,87.18,2.58
2005-10-28,24.2,0.05,89.21,2.97
2005-10-29,25.19,1.47,88.07,3.28
2005-10-30,25.36,0.36,87.9,3.34
2005-10-31,25.27,0.25,87.42,2.61
2005-11-01,24.92,6.7,90.5,3.03
2005-11-02,24.27,3.96,91.55,2.51
2005-11-03,24.34,5.51,88.49,1.79
2005-11-04,23.43,3.6,91.19,1.26
2005-11-05,23.42,2.82,93.26,1.4
2005-11-06,23.53,40.15,92.49,1.85
2005-11-07,24.52,15.94,87.31,1.36
2005-11-08,24.11,33.21,92.76,1.11
2005-11-09,24.39,4.61,91.14,1.42
2005-11-10,24.49,4.16,90.59,1.01
2005-11-11,25.0,11.21,89.04,0.64
2005-11-12,23.79,11.42,93.84,1.47
2005-11-13,23.49,78.82,92.63,1.1
2005-11-14,22.97,18.81,90.32,0.99
2005-11-15,24.25,0.02,85.86,0.9
2005-11-16,22.48,0.0,89.59,2.01
2005-11-17,21.26,0.55,83.46,2.17
2005-11-18,21.4,0.22,83.58,1.97
2005-11-19,22.29,0.41,85.73,1.66
2005-11-20,21.9,0.53,91.05,1.87
2005-11-21,23.33,1.22,89.83,1.72
2005-11-22,23.54,2.37,95.27,3.3
2005-11-23,24.44,36.65,92.14,1.1
2005-11-24,24.5,26.37,90.34,1.38
2005-11-25,23.51,28.41,93.39,1.97
2005-11-26,23.6,6.46,91.38,2.23
2005-11-27,24.05,6.57,90.35,1.94
2005-11-28,23.98,2.44,90.0,2.87
2005-11-29,22.75,19.46,85.25,1.9
2005-11-30,23.58,7.27,89.38,1.3
2005-12-01,24.23,0.56,87.4,1.43
2005-12-02,23.92,15.82,89.34,1.77
2005-12-03,24.76,13.23,91.43,1.66
2005-12-04,24.84,1.75,91.05,0.87
2005-12-05,23.92,4.23,93.42,2.16
2005-12-06,23.78,0.33,91.01,2.5
2005-12-07,22.83,0.0,89.16,2.35
2005-12-08,22.86,0.0,82.22,1.92
2005-12-09,23.08,0.45,83.39,1.15
2005-12-10,22.93,36.66,93.34,1.45
2005-12-11,24.12,18.69,90.56,1.32
2005-12-12,23.36,1.78,94.02,2.03
2005-12-13,24.12,8.77,92.91,2.51
2005-12-14,23.88,1.08,92.08,3.0
2005-12-15,23.03,0.02,90.16,3.22
2005-12-16,22.02,0.0,88.1,2.72
2005-12-17,23.22,0.06,86.24,1.63
2005-12-18,24.06,0.66,87.27,1.49
2005-12-19,24.71,0.37,89.8,1.58
2005-12-20,24.64,0.0,88.51,1.6
2005-12-21,24.91,0.03,87.8,1.46
2005-12-22,24.57,0.55,88.25,1.65
2005-12-23,24.27,0.02,88.13,1.93
2005-12-24,24.24,0.0,87.4,1.26
2005-12-25,23.27,0.0,88.81,2.07
2005-12-26,22.46,0.0,88.46,2.63
2005-12-27,21.25,0.0,85.5,2.55
2005-12-28,21.14,0.0,85.38,2.03
2005-12-29,22.12,0.0,88.81,2.22
2005-12-30,21.43,0.0,86.91,2.47
2005-12-31,21.27,0.0,87.9,2.47
2006-01-01,21.88,0.02,86.58,3.14
2006-01-02,21.55,0.07,87.59,2.61
2006-01-03,22.02,0.01,88.62,2.59
2006-01-04,22.95,0.15,88.76,2.41
2006-01-05,23.17,1.41,91.24,2.76
2006-01-06,23.07,0.2,88.41,3.44
2006-01-07,23.51,0.2,90.06,3.22
2006-01-08,23.7,3.35,91.75,3.78
2006-01-09,23.8,0.25,90.02,3.32
2006-01-10,24.0,0.02,88.5,3.25
2006-01-11,22.72,0.13,86.98,3.12
2006-01-12,23.21,0.51,89.43,3.32
2006-01-13,22.71,1.54,90.21,3.93
2006-01-14,23.31,4.73,94.22,2.58
2006-01-15,23.83,0.78,92.06,2.25
2006-01-16,23.74,17.89,91.92,2.47
2006-01-17,23.72,1.07,89.63,2.29
2006-01-18,22.75,0.0,85.42,2.22
2006-01-19,21.1,0.0,86.62,2.45
2006-01-20,20.4,0.0,84.91,2.28
2006-01-21,20.21,0.0,84.16,2.12
2006-01-22,20.9,0.0,82.04,1.94
2006-01-23,21.44,0.0,78.53,1.54
2006-01-24,21.92,0.0,73.18,1.41
2006-01-25,22.02,0.0,80.57,1.95
2006-01-26,21.64,0.0,80.57,2.6
2006-01-27,22.32,0.02,84.2,3.17
2006-01-28,22.96,0.0,81.8,3.47
2006-01-29,21.92,0.0,78.45,3.42
2006-01-30,21.1,0.0,78.47,2.8
2006-01-31,22.14,0.0,80.71,2.92
2006-02-01,22.42,0.0,78.93,3.01
2006-02-02,22.65,0.0,79.04,2.92
2006-02-03,23.7,0.11,81.13,3.05
2006-02-04,24.54,0.76,81.99,4.2
2006-02-05,24.94,0.06,78.23,3.88
2006-02-06,24.36,0.0,77.1,3.43
2006-02-07,22.24,0.0,74.34,3.08
2006-02-08,22.68,0.0,72.67,3.16
2006-02-09,24.05,0.0,75.96,3.07
2006-02-10,24.94,0.09,76.11,2.99
2006-02-11,24.44,0.0,74.13,3.42
2006-02-12,24.47,0.0,74.56,3.32
2006-02-13,23.46,0.0,72.4,2.89
2006-02-14,23.14,0.0,72.74,2.03
2006-02-15,24.95,0.0,72.71,1.63
2006-02-16,25.26,0.0,71.11,1.53
2006-02-17,25.17,0.0,68.81,1.54
2006-02-18,25.07,0.0,69.17,1.87
2006-02-19,25.2,0.0,70.04,2.13
2006-02-20,25.04,0.0,66.74,2.35
2006-02-21,24.67,0.0,64.71,2.02
2006-02-22,24.74,0.0,63.91,1.98
2006-02-23,25.38,0.0,66.9,2.07
2006-02-24,24.25,0.0,72.56,2.25
2006-02-25,26.67,0.0,69.59,2.11
2006-02-26,26.92,0.0,68.79,2.04
2006-02-27,25.54,0.0,79.88,1.51
2006-02-28,28.23,0.0,69.52,1.06
2006-03-01,28.14,0.0,69.78,1.15
2006-03-02,28.4,0.15,68.2,1.77
2006-03-03,26.17,27.42,84.47,1.22
2006-03-04,24.97,9.66,85.67,1.53
2006-03-05,26.47,4.77,79.79,2.04
2006-03-06,25.99,8.26,83.42,1.37
2006-03-07,26.99,0.59,75.48,1.33
2006-03-08,26.11,0.61,80.97,2.07
2006-03-09,25.69,0.62,83.83,1.92
2006-03-10,26.68,1.59,78.0,1.38
2006-03-11,27.38,0.94,75.32,1.16
2006-03-12,27.75,0.09,72.96,1.67
2006-03-13,27.91,0.01,71.83,1.0
2006-03-14,27.48,0.03,71.11,1.12
2006-03-15,27.8,0.04,67.73,1.32
2006-03-16,27.01,0.0,69.17,0.7
2006-03-17,27.82,0.0,67.17,1.3
2006-03-18,28.13,0.0,66.61,1.74
2006-03-19,27.56,0.0,68.45,2.6
2006-03-20,27.66,0.0,64.4,2.2
2006-03-21,27.29,0.0,64.37,1.47
2006-03-22,28.37,0.01,62.86,1.23
2006-03-23,29.17,0.01,65.55,1.33
2006-03-24,28.98,0.0,65.15,1.45
2006-03-25,28.84,0.0,66.54,1.87
2006-03-26,28.46,4.12,67.48,2.07
2006-03-27,28.59,0.63,65.86,2.44
2006-03-28,29.03,0.0,63.8,1.48
2006-03-29,28.92,0.01,64.39,1.44
2006-03-30,27.71,2.93,74.62,1.43
2006-03-31,28.69,0.8,68.99,1.56
2006-04-01,29.17,0.02,63.03,1.69
2006-04-02,28.86,0.0,62.09,1.33
2006-04-03,29.53,0.0,60.97,1.39
2006-04-04,29.94,0.0,60.12,1.52
2006-04-05,30.05,0.0,61.0,2.04
2006-04-06,30.35,0.0,59.1,2.61
2006-04-07,30.5,0.0,57.49,2.99
2006-04-08,30.55,0.01,58.24,2.63
2006-04-09,30.34,0.02,58.32,2.56
2006-04-10,29.94,1.71,58.69,2.31
2006-04-11,29.74,0.91,62.26,2.8
2006-04-12,30.01,0.04,62.36,2.69
2006-04-13,30.14,0.65,61.3,2.43
2006-04-14,28.28,1.53,70.54,1.63
2006-04-15,28.57,0.4,68.96,1.59
2006-04-16,28.25,1.92,66.86,2.01
2006-04-17,26.54,39.21,79.37,2.39
2006-04-18,26.68,11.89,80.08,2.38
2006-04-19,27.51,0.03,72.91,1.84
2006-04-20,27.67,0.11,72.74,1.09
2006-04-21,28.09,6.95,71.36,0.77
2006-04-22,28.26,3.82,69.62,1.81
2006-04-23,28.18,0.01,68.39,1.7
2006-04-24,28.97,0.0,67.61,1.6
2006-04-25,29.05,0.01,69.64,2.56
2006-04-26,28.56,0.0,69.3,3.38
2006-04-27,28.9,0.0,69.29,3.19
2006-04-28,28.74,0.0,70.07,3.75
2006-04-29,28.17,0.0,71.5,3.62
2006-04-30,29.1,0.0,67.92,3.81
2006-05-01,29.09,0.0,67.47,3.98
2006-05-02,29.22,0.01,68.82,3.62
2006-05-03,29.05,0.02,68.9,3.46
2006-05-04,27.69,0.25,78.06,1.35
2006-05-05,27.12,0.09,80.78,1.55
2006-05-06,27.48,0.05,78.49,1.96
2006-05-07,27.55,0.01,76.33,2.02
2006-05-08,27.79,0.5,75.67,1.89
2006-05-09,27.21,0.23,79.12,1.71
2006-05-10,26.97,3.29,81.85,1.66
2006-05-11,27.29,3.18,81.19,2.13
2006-05-12,28.9,0.79,69.53,2.43
2006-05-13,28.14,0.0,74.32,3.04
2006-05-14,27.67,0.0,78.69,2.93
2006-05-15,27.65,0.02,74.16,3.11
2006-05-16,27.69,0.49,77.31,2.83
2006-05-17,27.09,0.03,77.73,3.23
2006-05-18,27.13,2.81,76.62,3.81
2006-05-19,26.52,1.31,77.47,3.48
2006-05-20,26.74,0.12,76.72,3.7
2006-05-21,26.78,0.36,77.76,3.89
2006-05-22,26.98,1.88,78.91,4.08
2006-05-23,25.88,34.66,85.52,4.31
2006-05-24,25.58,19.61,85.59,4.79
2006-05-25,25.87,8.19,84.53,4.99
2006-05-26,25.08,17.41,87.01,4.22
2006-05-27,25.34,28.35,87.16,4.23
2006-05-28,25.15,10.79,88.81,4.32
2006-05-29,25.12,23.21,89.55,5.22
2006-05-30,25.44,41.76,90.62,5.48
2006-05-31,24.71,21.87,88.74,4.28
2006-06-01,25.41,0.41,86.78,3.27
2006-06-02,25.42,0.04,88.64,2.73
2006-06-03,25.68,0.02,86.92,3.06
2006-06-04,25.69,0.67,82.98,2.67
2006-06-05,24.91,6.51,87.3,2.59
2006-06-06,24.95,1.39,88.0,2.77
2006-06-07,24.54,0.02,88.22,2.77
2006-06-08,25.21,0.01,87.28,2.69
2006-06-09,25.28,0.02,87.44,3.06
2006-06-10,25.25,0.0,86.44,3.02
2006-06-11,25.42,0.0,84.55,2.88
2006-06-12,26.02,0.0,82.63,3.51
2006-06-13,26.0,0.0,83.1,3.59
2006-06-14,26.12,0.17,82.85,3.6
2006-06-15,26.63,0.29,82.36,3.12
2006-06-16,26.28,0.12,86.21,3.13
2006-06-17,25.98,0.06,82.55,2.98
2006-06-18,27.0,0.01,76.39,2.39
2006-06-19,26.22,0.34,83.61,2.82
2006-06-20,25.49,19.11,88.39,2.67
2006-06-21,25.21,52.65,91.76,3.0
2006-06-22,25.06,42.3,92.19,4.1
2006-06-23,25.3,35.8,88.54,5.42
2006-06-24,25.25,10.24,88.7,5.18
2006-06-25,24.95,2.51,88.2,4.81
2006-06-26,24.91,0.5,89.87,3.45
2006-06-27,25.56,0.14,88.0,3.58
2006-06-28,24.96,3.63,90.65,3.7
2006-06-29,24.4,2.89,89.16,4.31
2006-06-30,25.26,2.92,87.65,4.22
2006-07-01,25.05,4.23,87.26,4.88
2006-07-02,24.8,6.17,91.25,4.38
2006-07-03,24.59,21.61,90.09,4.93
2006-07-04,24.86,46.38,91.04,5.28
2006-07-05,25.16,15.48,90.0,4.88
2006-07-06,24.86,6.53,92.42,3.38
2006-07-07,25.32,1.61,88.32,4.04
2006-07-08,25.49,0.18,87.85,4.29
2006-07-09,25.3,0.53,89.1,4.07
2006-07-10,25.19,12.51,89.28,4.54
2006-07-11,24.49,5.57,90.8,4.66
2006-07-12,23.68,14.4,91.97,4.46
2006-07-13,24.19,3.74,89.95,5.0
2006-07-14,24.57,0.59,89.9,4.58
2006-07-15,24.94,0.48,90.01,5.08
2006-07-16,25.24,0.15,87.79,5.15
2006-07-17,24.97,1.61,88.69,5.3
2006-07-18,24.76,0.46,88.18,4.5
2006-07-19,24.6,0.21,89.32,3.52
2006-07-20,24.91,2.49,88.62,3.83
2006-07-21,25.21,0.52,87.5,3.91
2006-07-22,24.44,0.0,88.58,3.26
2006-07-23,24.73,0.0,86.29,3.36
2006-07-24,24.84,0.0,88.12,3.25
2006-07-25,24.66,0.61,89.16,2.63
2006-07-26,24.45,3.81,90.75,2.99
2006-07-27,24.16,4.57,91.31,3.68
2006-07-28,24.09,0.65,88.05,4.34
2006-07-29,24.17,0.36,91.42,3.61
2006-07-30,24.81,0.09,89.54,3.15
2006-07-31,25.05,1.61,88.37,3.55
2006-08-01,24.84,0.28,89.72,3.46
2006-08-02,24.84,0.11,88.85,3.68
2006-08-03,24.42,1.42,89.98,3.84
2006-08-04,24.51,4.79,88.58,2.98
2006-08-05,24.25,1.26,88.52,2.56
2006-08-06,25.02,0.0,85.47,2.54
2006-08-07,25.09,0.0,84.84,2.69
2006-08-08,25.16,0.05,85.44,2.66
2006-08-09,25.13,3.21,85.71,3.44
2006-08-10,24.74,16.14,89.99,3.88
2006-08-11,24.9,8.53,89.34,4.19
2006-08-12,24.43,4.54,90.16,4.32
2006-08-13,24.72,6.68,89.37,4.49
2006-08-14,24.6,23.57,91.04,4.05
2006-08-15,24.94,15.81,89.3,4.34
2006-08-16,24.38,5.71,90.31,4.77
2006-08-17,24.52,2.28,89.65,4.69
2006-08-18,24.67,2.19,84.2,3.88
2006-08-19,24.83,0.1,88.25,3.61
2006-08-20,25.29,0.93,86.09,2.91
2006-08-21,24.23,0.8,93.58,2.24
2006-08-22,24.92,0.12,88.26,2.1
2006-08-23,24.82,0.05,86.23,2.7
2006-08-24,25.11,0.59,84.54,2.82
2006-08-25,25.03,0.09,85.96,2.41
2006-08-26,24.85,0.0,84.4,2.3
2006-08-27,24.72,0.0,85.05,2.94
2006-08-28,25.0,0.17,84.99,3.91
2006-08-29,24.82,2.26,86.53,4.18
2006-08-30,25.4,0.66,85.53,3.37
2006-08-31,25.68,0.0,84.61,3.15
2006-09-01,25.67,0.42,85.37,3.03
2006-09-02,25.57,0.16,84.91,2.96
2006-09-03,25.34,0.01,87.76,2.82
2006-09-04,25.97,0.02,81.61,2.83
2006-09-05,25.21,0.0,85.48,2.93
2006-09-06,25.99,0.11,83.14,1.81
2006-09-07,24.82,5.36,87.3,2.02
2006-09-08,24.82,21.85,87.24,2.59
2006-09-09,24.23,32.54,89.8,3.28
2006-09-10,24.39,6.61,90.4,3.56
2006-09-11,24.71,18.5,87.19,4.35
2006-09-12,24.66,14.31,87.8,4.42
2006-09-13,24.59,5.66,87.29,4.57
2006-09-14,24.3,0.63,86.69,3.86
2006-09-15,23.8,37.81,90.11,3.76
2006-09-16,24.56,36.4,90.23,3.34
2006-09-17,24.42,10.67,90.42,3.04
2006-09-18,24.27,58.37,91.86,2.97
2006-09-19,24.73,8.83,91.2,2.96
2006-09-20,24.62,0.97,91.55,2.56
2006-09-21,24.71,11.79,92.39,2.34
2006-09-22,24.59,0.8,90.27,2.41
2006-09-23,24.53,0.15,92.27,2.07
2006-09-24,24.28,52.95,93.54,2.51
2006-09-25,23.82,63.58,92.05,2.9
2006-09-26,24.19,7.17,90.69,3.57
2006-09-27,24.62,0.03,90.07,3.55
2006-09-28,24.65,0.01,89.99,3.65
2006-09-29,23.97,0.03,88.33,3.25
2006-09-30,23.93,0.05,89.28,3.3
2006-10-01,23.94,0.01,89.12,3.41
2006-10-02,24.39,0.0,89.04,2.98
2006-10-03,24.73,0.16,89.25,2.64
2006-10-04,24.88,3.09,89.0,3.2
2006-10-05,25.02,0.3,87.75,3.46
2006-10-06,24.48,24.12,90.49,3.51
2006-10-07,24.37,80.97,92.81,3.45
2006-10-08,24.51,3.46,90.77,3.7
2006-10-09,24.1,0.3,92.01,2.77
2006-10-10,24.66,0.68,90.56,2.75
2006-10-11,24.98,0.06,88.3,2.29
2006-10-12,24.97,0.17,88.25,2.23
2006-10-13,25.06,0.05,88.38,1.52
2006-10-14,25.62,1.6,85.72,0.8
2006-10-15,25.64,22.6,86.41,0.81
2006-10-16,25.65,12.2,86.18,0.93
2006-10-17,24.59,3.6,91.45,1.01
2006-10-18,25.3,94.43,89.02,1.35
2006-10-19,25.09,43.87,89.7,1.03
2006-10-20,24.76,13.57,90.52,1.63
2006-10-21,24.7,3.38,88.41,1.45
2006-10-22,24.45,8.25,90.2,2.0
2006-10-23,24.42,18.54,91.15,1.92
2006-10-24,24.27,6.91,90.94,2.55
2006-10-25,24.24,2.22,93.0,2.25
2006-10-26,24.51,36.29,91.65,1.43
2006-10-27,23.73,57.45,92.56,1.36
2006-10-28,24.07,68.58,92.31,2.12
2006-10-29,24.11,35.99,92.02,2.26
2006-10-30,24.22,16.09,92.48,1.76
2006-10-31,23.52,0.56,93.03,1.15
2006-11-01,24.89,0.18,86.46,0.75
2006-11-02,24.42,12.8,92.79,1.51
2006-11-03,24.69,9.56,93.14,1.8
2006-11-04,23.47,1.18,94.44,2.01
2006-11-05,24.49,0.16,90.95,1.77
2006-11-06,24.59,31.29,91.1,1.45
2006-11-07,24.18,10.13,91.85,0.95
2006-11-08,24.08,0.53,92.0,1.32
2006-11-09,24.15,7.5,90.41,0.86
2006-11-10,23.9,33.64,93.16,1.76
2006-11-11,23.92,29.88,92.91,1.52
2006-11-12,23.82,3.09,93.82,1.86
2006-11-13,23.52,1.63,93.81,2.03
2006-11-14,23.69,1.86,94.63,2.18
2006-11-15,23.92,1.66,93.57,2.14
2006-11-16,23.76,1.4,93.39,2.42
2006-11-17,23.87,5.15,93.81,1.6
2006-11-18,23.93,17.13,94.96,1.35
2006-11-19,24.17,4.48,92.0,1.28
2006-11-20,24.17,8.2,93.36,1.94
2006-11-21,24.38,53.53,93.58,2.37
2006-11-22,23.66,30.85,93.15,1.53
2006-11-23,23.86,1.81,91.03,2.14
2006-11-24,23.78,24.43,91.23,2.01
2006-11-25,23.79,0.17,92.16,2.11
2006-11-26,24.62,14.62,91.88,1.83
2006-11-27,24.44,6.09,93.82,2.07
2006-11-28,24.32,0.12,91.59,2.3
2006-11-29,23.5,0.01,90.89,2.77
2006-11-30,23.2,0.0,91.81,2.83
2006-12-01,22.74,0.0,90.67,2.99
2006-12-02,22.45,0.0,90.58,2.58
2006-12-03,22.62,0.1,90.94,2.99
2006-12-04,22.81,0.73,90.12,3.17
2006-12-05,23.0,0.1,90.49,3.53
2006-12-06,22.39,0.0,88.42,3.05
2006-12-07,21.98,0.01,88.58,2.93
2006-12-08,21.74,0.0,89.1,3.17
2006-12-09,21.71,0.0,87.84,2.32
2006-12-10,22.96,0.24,89.41,2.15
2006-12-11,24.34,1.05,91.63,1.74
2006-12-12,24.39,2.56,92.76,2.47
2006-12-13,24.15,0.45,88.42,3.57
2006-12-14,23.11,0.0,87.69,3.85
2006-12-15,22.8,0.0,87.87,3.38
2006-12-16,21.91,0.0,86.98,4.02
2006-12-17,21.91,0.0,87.67,3.95
2006-12-18,22.87,0.0,87.27,3.62
2006-12-19,23.18,0.33,88.22,3.5
2006-12-20,22.88,0.33,89.84,3.31
2006-12-21,22.84,0.07,89.64,4.13
2006-12-22,22.72,0.0,89.28,3.78
2006-12-23,23.01,0.02,87.59,3.9
2006-12-24,22.82,0.0,88.65,3.93
2006-12-25,22.6,0.01,87.73,3.75
2006-12-26,22.25,0.0,87.59,3.15
2006-12-27,22.28,0.0,86.31,3.12
2006-12-28,21.78,0.0,86.48,3.02
2006-12-29,21.12,0.0,85.5,3.23
2006-12-30,20.51,0.0,84.01,2.4
2006-12-31,20.58,0.0,83.14,2.14
2007-01-01,21.76,0.0,86.95,2.16
2007-01-02,21.1,0.0,83.1,2.44
2007-01-03,20.94,0.0,84.43,2.31
2007-01-04,21.42,0.0,84.82,2.17
2007-01-05,21.03,0.0,84.73,2.12
2007-01-06,21.48,0.08,84.09,2.94
2007-01-07,21.52,0.0,85.03,2.83
2007-01-08,22.78,0.02,85.14,3.22
2007-01-09,23.94,0.12,85.01,3.99
2007-01-10,23.82,0.02,83.35,3.76
2007-01-11,23.98,0.05,83.81,3.54
2007-01-12,24.02,0.0,81.96,3.49
2007-01-13,23.52,0.0,80.88,3.4
2007-01-14,23.44,0.0,81.21,3.13
2007-01-15,24.41,0.0,81.82,3.1
2007-01-16,23.95,0.0,80.41,2.95
2007-01-17,23.4,0.0,79.7,2.68
2007-01-18,23.32,0.0,76.85,3.15
2007-01-19,23.19,0.0,78.33,2.65
2007-01-20,23.28,0.0,76.27,2.81
2007-01-21,22.82,0.0,79.64,2.74
2007-01-22,23.38,0.0,76.72,2.7
2007-01-23,23.08,0.0,75.48,2.36
2007-01-24,23.3,0.0,76.69,3.39
2007-01-25,24.02,0.0,75.56,3.22
2007-01-26,24.35,0.01,77.14,3.2
2007-01-27,25.12,0.6,79.56,4.28
2007-01-28,24.96,0.78,81.72,4.61
2007-01-29,25.47,0.04,75.01,4.6
2007-01-30,25.19,0.0,74.26,4.47
2007-01-31,24.81,0.0,73.36,3.73
2007-02-01,24.16,0.0,72.2,3.04
2007-02-02,23.98,0.0,75.1,3.37
2007-02-03,24.86,0.03,72.64,2.79
2007-02-04,24.76,0.0,71.99,2.36
2007-02-05,25.1,0.0,70.76,1.8
2007-02-06,24.35,0.0,67.83,2.22
2007-02-07,23.81,0.0,68.32,2.47
2007-02-08,24.52,0.0,67.87,2.69
2007-02-09,24.21,0.0,72.37,3.23
2007-02-10,25.94,0.0,72.55,3.19
2007-02-11,26.47,0.0,70.01,2.18
2007-02-12,27.08,0.0,68.77,1.45
2007-02-13,26.72,0.0,69.44,1.68
2007-02-14,26.36,0.0,64.05,1.78
2007-02-15,25.79,0.0,64.97,2.09
2007-02-16,26.16,0.0,66.35,1.68
2007-02-17,26.63,0.0,65.52,1.64
2007-02-18,26.91,0.0,64.97,1.34
2007-02-19,25.77,1.59,71.09,2.94
2007-02-20,26.39,0.02,64.8,4.4
2007-02-21,25.84,0.0,58.68,3.97
2007-02-22,25.25,0.0,61.03,3.7
2007-02-23,25.34,0.0,62.83,2.96
2007-02-24,26.11,0.16,66.94,2.36
2007-02-25,26.43,0.45,68.46,1.36
2007-02-26,28.24,0.13,64.41,1.89
2007-02-27,28.2,0.36,63.71,1.81
2007-02-28,28.3,0.0,61.82,1.86
2007-03-01,28.55,0.0,61.12,1.92
2007-03-02,28.93,1.71,63.21,2.35
2007-03-03,29.04,0.0,57.58,1.79
2007-03-04,28.2,0.0,56.19,2.18
2007-03-05,27.72,0.0,59.88,1.96
2007-03-06,27.67,0.0,58.87,2.11
2007-03-07,27.76,0.0,54.3,1.7
2007-03-08,28.26,0.0,52.17,1.7
2007-03-09,27.75,0.0,53.19,2.33
2007-03-10,27.92,0.0,60.15,2.42
2007-03-11,27.97,0.0,61.0,2.32
2007-03-12,27.59,0.0,55.64,2.0
2007-03-13,27.74,0.06,62.52,1.95
2007-03-14,29.21,0.03,60.13,2.37
2007-03-15,29.18,0.0,58.7,2.34
2007-03-16,29.24,0.05,60.78,2.25
2007-03-17,29.39,0.03,61.48,2.37
2007-03-18,29.18,0.0,58.31,2.36
2007-03-19,28.86,0.0,53.69,1.75
2007-03-20,28.95,0.0,54.56,1.65
2007-03-21,29.54,0.0,56.08,1.54
2007-03-22,29.67,0.0,57.79,1.4
2007-03-23,29.44,0.0,56.29,1.83
2007-03-24,29.78,0.0,56.86,1.77
2007-03-25,30.26,0.0,57.74,2.1
2007-03-26,30.51,0.0,55.77,1.88
2007-03-27,30.23,0.0,51.19,2.11
2007-03-28,30.09,0.0,50.19,1.97
2007-03-29,29.71,0.0,54.03,2.04
2007-03-30,29.33,0.0,54.73,1.92
2007-03-31,29.66,0.07,54.98,2.0
2007-04-01,29.74,0.38,60.29,1.65
2007-04-02,30.77,0.05,58.69,1.88
2007-04-03,31.2,0.0,54.92,2.22
2007-04-04,30.79,0.06,55.04,2.15
2007-04-05,29.96,0.15,59.74,2.69
2007-04-06,27.58,3.08,73.12,2.54
2007-04-07,27.09,17.56,77.45,1.08
2007-04-08,26.33,9.94,82.0,1.07
2007-04-09,26.23,20.22,82.2,1.41
2007-04-10,26.88,9.91,79.99,1.4
2007-04-11,26.37,17.45,82.91,0.91
2007-04-12,27.32,5.07,78.77,1.2
2007-04-13,27.71,0.27,76.45,1.26
2007-04-14,27.72,15.51,77.48,1.39
2007-04-15,27.64,3.79,74.54,1.31
2007-04-16,28.3,0.0,70.67,1.21
2007-04-17,28.48,0.12,70.35,1.32
2007-04-18,28.63,0.05,70.08,1.9
2007-04-19,28.82,0.0,69.38,1.42
2007-04-20,28.58,0.0,71.15,1.65
2007-04-21,28.39,8.27,73.21,1.54
2007-04-22,27.52,2.53,77.62,1.82
2007-04-23,27.56,0.17,76.91,2.21
2007-04-24,27.13,0.04,74.61,2.29
2007-04-25,28.55,0.24,69.57,1.48
2007-04-26,27.57,0.19,78.01,1.59
2007-04-27,26.61,15.53,84.77,0.84
2007-04-28,27.77,6.74,78.98,1.05
2007-04-29,27.33,1.05,80.48,1.34
2007-04-30,28.2,0.19,74.46,1.27
2007-05-01,27.67,0.01,78.91,2.1
2007-05-02,28.03,0.41,78.33,3.24
2007-05-03,26.89,0.78,83.37,4.1
2007-05-04,27.2,0.11,80.33,3.45
2007-05-05,26.92,10.14,83.01,3.14
2007-05-06,27.1,4.98,81.4,2.3
2007-05-07,26.77,0.0,82.27,2.37
2007-05-08,26.58,7.93,84.6,2.57
2007-05-09,26.43,5.88,87.63,3.27
2007-05-10,26.54,0.94,85.0,3.76
2007-05-11,27.4,0.12,81.03,4.41
2007-05-12,27.52,0.01,75.83,4.19
2007-05-13,27.66,0.05,73.09,4.18
2007-05-14,27.13,0.01,76.43,4.28
2007-05-15,28.04,0.0,72.42,4.32
2007-05-16,28.48,0.0,68.47,3.87
2007-05-17,27.9,0.0,68.61,3.32
2007-05-18,28.1,0.0,68.74,2.58
2007-05-19,28.32,0.0,67.85,2.52
2007-05-20,28.7,0.0,70.47,3.44
2007-05-21,28.56,0.0,72.33,3.53
2007-05-22,27.66,0.05,77.5,2.52
2007-05-23,27.93,0.01,77.83,1.84
2007-05-24,27.94,0.01,75.07,2.33
2007-05-25,27.28,0.0,76.62,2.08
2007-05-26,27.32,8.29,77.54,2.84
2007-05-27,26.38,39.12,84.1,3.65
2007-05-28,25.4,16.95,84.9,4.07
2007-05-29,25.41,4.79,83.18,3.45
2007-05-30,25.66,12.84,84.0,3.58
2007-05-31,26.44,1.36,79.01,3.48
2007-06-01,26.97,0.0,78.53,3.15
2007-06-02,27.18,0.0,80.54,3.23
2007-06-03,27.62,0.0,77.88,3.16
2007-06-04,27.67,0.0,77.34,2.71
2007-06-05,27.16,0.01,81.15,2.26
2007-06-06,27.04,0.02,82.98,2.55
2007-06-07,26.17,7.74,84.99,2.85
2007-06-08,25.66,6.65,88.27,2.93
2007-06-09,25.81,3.69,84.17,3.3
2007-06-10,26.02,3.42,87.06,3.61
2007-06-11,26.07,1.39,85.19,4.51
2007-06-12,26.4,2.65,83.13,4.33
2007-06-13,25.98,4.38,83.14,4.66
2007-06-14,25.98,1.63,81.02,4.67
2007-06-15,25.88,8.39,83.53,4.28
2007-06-16,25.19,1.77,85.68,4.73
2007-06-17,24.92,30.05,89.76,3.95
2007-06-18,24.84,11.92,88.85,4.62
2007-06-19,24.52,6.31,89.21,4.44
2007-06-20,24.16,8.03,89.13,4.95
2007-06-21,24.83,31.76,91.23,5.17
2007-06-22,24.69,32.73,90.93,5.75
2007-06-23,24.89,18.2,90.33,4.0
2007-06-24,24.93,1.68,90.53,2.19
2007-06-25,25.01,0.01,88.96,2.94
2007-06-26,25.01,0.02,89.85,2.97
2007-06-27,25.07,0.01,88.65,3.78
2007-06-28,25.23,1.3,90.59,4.0
2007-06-29,25.4,3.99,90.01,3.33
2007-06-30,25.05,4.01,88.23,3.64
2007-07-01,25.16,9.21,90.03,3.48
2007-07-02,25.32,16.27,91.11,3.24
2007-07-03,25.02,5.29,88.7,3.96
2007-07-04,24.75,1.47,90.65,3.44
2007-07-05,24.71,0.68,90.78,3.54
2007-07-06,24.33,4.29,86.37,4.53
2007-07-07,24.57,4.69,89.88,3.97
2007-07-08,25.04,3.11,89.79,3.72
2007-07-09,24.76,6.48,91.8,3.25
2007-07-10,24.96,3.37,90.83,3.9
2007-07-11,25.15,6.53,90.81,3.86
2007-07-12,25.24,6.84,90.58,4.09
2007-07-13,25.34,2.83,90.12,4.0
2007-07-14,25.39,1.35,89.94,4.31
2007-07-15,25.24,2.6,90.7,4.14
2007-07-16,24.58,24.14,89.99,4.98
2007-07-17,24.25,14.33,90.34,4.78
2007-07-18,24.57,2.31,90.69,3.62
2007-07-19,24.26,23.36,90.27,4.24
2007-07-20,23.67,14.69,90.55,4.07
2007-07-21,23.92,2.73,90.45,4.03
2007-07-22,23.87,0.26,90.49,4.06
2007-07-23,24.13,0.13,89.26,2.65
2007-07-24,24.13,17.29,90.16,3.09
2007-07-25,23.99,8.18,90.7,3.4
2007-07-26,24.19,2.85,90.74,3.56
2007-07-27,24.3,1.78,90.73,3.43
2007-07-28,24.44,0.84,90.49,3.51
2007-07-29,24.45,0.14,90.89,3.05
2007-07-30,24.43,0.01,90.84,2.83
2007-07-31,24.47,4.62,89.06,3.14
2007-08-01,24.38,13.2,89.58,3.66
2007-08-02,24.34,7.39,90.64,3.35
2007-08-03,24.33,1.73,90.68,2.73
2007-08-04,24.81,0.25,90.88,2.95
2007-08-05,24.64,7.46,91.27,3.56
2007-08-06,24.48,2.21,90.5,3.26
2007-08-07,25.04,0.02,89.16,3.83
2007-08-08,25.03,4.56,89.12,4.09
2007-08-09,24.63,9.8,89.63,4.14
2007-08-10,24.28,7.7,88.72,4.59
2007-08-11,24.28,1.0,88.83,3.72
2007-08-12,24.08,0.01,89.31,3.49
2007-08-13,24.25,0.0,88.89,3.12
2007-08-14,24.52,0.0,89.56,2.89
2007-08-15,24.88,0.02,88.21,2.92
2007-08-16,25.01,0.12,90.09,2.65
2007-08-17,24.92,0.06,90.13,2.7
2007-08-18,25.06,0.38,90.16,3.02
2007-08-19,24.99,0.05,88.99,3.57
2007-08-20,24.7,0.17,88.46,3.33
2007-08-21,24.34,0.26,90.92,3.84
2007-08-22,24.31,0.03,88.76,3.33
2007-08-23,24.24,0.47,90.06,2.95
2007-08-24,24.55,0.12,87.43,2.7
2007-08-25,24.62,4.82,89.53,2.75
2007-08-26,24.55,1.04,88.38,3.23
2007-08-27,24.87,0.01,87.14,2.96
2007-08-28,24.85,17.28,90.37,3.06
2007-08-29,24.71,8.98,89.98,3.57
2007-08-30,24.47,2.76,88.16,3.74
2007-08-31,24.18,5.97,87.79,4.16
2007-09-01,24.62,1.03,86.58,3.74
2007-09-02,24.67,4.16,88.53,3.72
2007-09-03,24.55,0.38,87.72,2.75
2007-09-04,24.77,10.85,86.89,2.74
2007-09-05,24.11,10.51,90.79,4.2
2007-09-06,24.63,4.54,87.78,3.85
2007-09-07,24.95,1.36,88.21,3.08
2007-09-08,24.51,3.0,91.98,2.1
2007-09-09,24.92,6.81,88.58,1.93
2007-09-10,25.07,1.41,88.54,1.83
2007-09-11,25.12,7.41,88.37,1.88
2007-09-12,24.56,4.37,90.19,2.47
2007-09-13,24.58,17.39,91.83,2.71
2007-09-14,24.39,11.27,89.11,3.57
2007-09-15,24.31,16.61,91.15,3.45
2007-09-16,24.98,21.73,89.38,4.13
2007-09-17,24.72,6.09,88.84,4.15
2007-09-18,24.28,3.31,88.63,4.27
2007-09-19,24.88,3.83,90.8,3.98
2007-09-20,24.94,7.58,89.74,4.38
2007-09-21,25.25,7.28,90.14,4.35
2007-09-22,25.07,9.86,91.35,4.45
2007-09-23,24.76,7.47,89.45,4.63
2007-09-24,25.11,4.51,87.78,4.08
2007-09-25,24.94,2.24,89.42,3.88
2007-09-26,24.57,0.13,90.3,2.7
2007-09-27,24.66,0.94,91.18,2.61
2007-09-28,24.21,0.65,91.12,2.59
2007-09-29,24.86,0.03,89.12,3.32
2007-09-30,25.1,0.02,88.7,3.33
2007-10-01,24.72,2.63,88.52,3.49
2007-10-02,24.75,5.14,88.5,3.56
2007-10-03,25.13,0.75,87.07,3.48
2007-10-04,24.4,0.01,88.89,3.6
2007-10-05,24.24,0.01,87.72,3.29
2007-10-06,24.28,1.05,85.6,3.19
2007-10-07,24.29,24.48,87.56,3.48
2007-10-08,24.34,2.17,86.99,3.72
2007-10-09,25.04,0.0,83.48,1.77
2007-10-10,25.41,14.56,85.68,1.37
2007-10-11,25.27,5.33,86.98,1.65
2007-10-12,24.56,1.26,88.61,1.88
2007-10-13,24.7,4.73,89.31,1.81
2007-10-14,24.47,1.72,90.6,1.82
2007-10-15,25.08,0.22,87.18,1.17
2007-10-16,25.04,10.17,89.7,1.14
2007-10-17,24.63,5.65,87.87,1.02
2007-10-18,23.92,14.25,89.17,1.07
2007-10-19,24.22,69.28,89.26,1.5
2007-10-20,23.71,17.36,87.9,3.09
2007-10-21,24.0,0.51,87.52,1.94
2007-10-22,23.88,2.35,90.25,2.3
2007-10-23,23.69,1.49,90.91,1.71
2007-10-24,23.84,12.92,90.14,1.47
2007-10-25,24.65,3.68,88.94,1.07
2007-10-26,24.57,1.61,89.24,0.76
2007-10-27,23.93,2.18,89.55,1.18
2007-10-28,24.4,2.4,87.89,2.09
2007-10-29,24.01,8.91,89.19,3.03
2007-10-30,24.77,8.79,89.8,2.69
2007-10-31,24.46,0.56,89.11,2.08
2007-11-01,25.23,0.07,85.2,1.51
2007-11-02,25.14,1.34,84.95,0.96
2007-11-03,24.83,1.35,85.36,1.55
2007-11-04,23.94,0.83,89.24,1.17
2007-11-05,24.58,0.7,87.68,0.9
2007-11-06,23.97,28.33,92.27,1.52
2007-11-07,23.5,8.01,91.36,1.96
2007-11-08,24.6,68.69,89.9,1.02
2007-11-09,24.03,11.77,92.91,0.75
2007-11-10,24.89,0.06,85.79,1.0
2007-11-11,24.45,0.22,86.2,1.54
2007-11-12,24.22,1.03,87.71,2.02
2007-11-13,24.55,0.63,84.42,1.41
2007-11-14,24.9,0.93,79.22,1.21
2007-11-15,22.91,0.0,77.27,2.0
2007-11-16,21.86,0.0,72.18,1.68
2007-11-17,21.47,0.0,81.13,1.97
2007-11-18,21.7,0.0,79.15,1.93
2007-11-19,23.51,0.09,89.03,1.7
2007-11-20,23.84,5.08,92.69,2.21
2007-11-21,24.48,2.43,91.04,2.87
2007-11-22,24.21,2.33,89.22,2.72
2007-11-23,24.13,0.34,87.9,2.4
2007-11-24,23.37,21.76,88.26,2.16
2007-11-25,21.91,1.43,80.93,2.55
2007-11-26,22.04,0.0,78.29,2.13
2007-11-27,23.8,0.03,83.55,1.61
2007-11-28,24.58,0.0,84.93,1.37
2007-11-29,24.65,0.34,87.36,2.56
2007-11-30,23.11,0.09,85.31,3.11
2007-12-01,22.77,0.0,86.66,2.98
2007-12-02,23.6,0.0,86.98,2.86
2007-12-03,23.48,0.0,88.21,3.38
2007-12-04,23.13,0.0,83.52,3.73
2007-12-05,22.83,0.01,85.78,4.08
2007-12-06,23.01,0.01,85.44,3.77
2007-12-07,23.16,0.01,85.86,3.02
2007-12-08,23.67,0.0,86.13,3.27
2007-12-09,24.09,0.01,84.61,2.8
2007-12-10,23.91,0.0,83.96,3.08
2007-12-11,23.3,0.05,82.21,2.92
2007-12-12,23.11,0.39,85.13,2.14
2007-12-13,21.99,1.26,87.61,2.57
2007-12-14,22.43,1.14,92.22,4.14
2007-12-15,23.36,0.5,88.81,4.2
2007-12-16,24.04,0.11,82.44,3.84
2007-12-17,24.09,0.49,82.66,3.63
2007-12-18,23.01,3.02,89.66,3.12
2007-12-19,23.85,4.35,90.33,1.96
2007-12-20,24.14,0.51,90.44,2.77
2007-12-21,23.95,0.32,90.1,2.86
2007-12-22,24.04,0.6,85.85,3.16
2007-12-23,23.26,0.31,84.17,3.27
2007-12-24,22.61,0.01,79.31,2.48
2007-12-25,20.76,0.0,71.81,1.72
2007-12-26,20.93,0.0,76.63,2.04
2007-12-27,22.56,0.0,80.19,1.98
2007-12-28,23.42,0.0,78.63,1.56
2007-12-29,23.64,0.0,78.22,1.7
2007-12-30,23.47,0.04,79.76,2.19
2007-12-31,23.49,0.0,78.67,2.44
2008-01-01,22.99,0.0,76.9,2.95
2008-01-02,22.14,0.04,75.22,2.75
2008-01-03,23.53,0.03,75.38,2.34
2008-01-04,24.95,0.07,77.83,2.63
2008-01-05,25.32,0.02,79.33,4.03
2008-01-06,24.11,0.0,72.19,4.24
2008-01-07,23.37,0.01,74.37,4.17
2008-01-08,23.77,0.0,75.61,3.91
2008-01-09,24.54,0.0,73.96,2.89
2008-01-10,24.53,0.0,75.55,2.85
2008-01-11,24.17,0.02,74.09,3.34
2008-01-12,24.27,0.01,74.89,3.7
2008-01-13,24.12,0.01,74.76,3.85
2008-01-14,23.96,0.0,73.02,3.79
2008-01-15,23.61,0.0,73.85,3.59
2008-01-16,24.14,0.0,73.74,3.72
2008-01-17,23.3,0.0,72.97,3.72
2008-01-18,22.54,0.0,68.9,2.81
2008-01-19,22.82,0.0,69.21,2.05
2008-01-20,23.46,0.0,68.31,2.11
2008-01-21,24.83,0.04,76.41,3.03
2008-01-22,25.64,0.0,73.84,3.11
2008-01-23,25.12,0.0,69.53,2.75
2008-01-24,24.88,0.0,68.69,2.23
2008-01-25,24.97,0.0,67.96,1.14
2008-01-26,26.31,0.0,67.29,1.18
2008-01-27,26.35,0.0,68.71,1.46
2008-01-28,26.53,0.0,64.33,1.12
2008-01-29,26.52,0.0,68.25,1.21
2008-01-30,26.88,0.0,66.47,1.13
2008-01-31,26.92,0.0,66.83,1.77
2008-02-01,27.22,0.0,66.66,1.49
2008-02-02,27.75,0.0,63.99,0.86
2008-02-03,26.76,1.62,67.87,1.63
2008-02-04,27.2,0.01,66.95,1.52
2008-02-05,27.23,0.0,64.25,1.73
2008-02-06,27.34,0.02,63.59,2.11
2008-02-07,26.09,0.28,76.22,1.69
2008-02-08,26.6,4.86,73.78,1.24
2008-02-09,27.01,0.79,73.91,0.99
2008-02-10,26.83,0.04,74.8,1.32
2008-02-11,27.7,0.08,68.37,1.31
2008-02-12,26.98,3.97,72.75,1.71
2008-02-13,26.98,1.65,73.52,2.33
2008-02-14,26.34,2.35,75.05,3.11
2008-02-15,26.92,0.06,67.41,3.79
2008-02-16,27.2,0.01,64.32,3.53
2008-02-17,27.36,0.01,63.48,3.21
2008-02-18,26.59,0.0,58.77,2.73
2008-02-19,25.92,0.0,56.17,2.26
2008-02-20,26.07,0.0,56.98,2.14
2008-02-21,27.17,0.02,61.01,2.22
2008-02-22,27.1,0.0,60.66,3.08
2008-02-23,26.87,0.0,57.86,2.15
2008-02-24,26.57,0.0,56.32,2.56
2008-02-25,26.44,0.0,55.37,2.01
2008-02-26,26.6,0.17,57.71,2.52
2008-02-27,27.48,0.07,52.16,3.82
2008-02-28,26.64,0.59,65.94,4.53
2008-02-29,27.55,0.16,59.68,2.72
2008-03-01,26.27,4.09,71.37,2.38
2008-03-02,26.32,1.75,73.95,2.04
2008-03-03,27.63,0.15,64.83,2.73
2008-03-04,26.37,0.01,55.15,1.85
2008-03-05,26.88,0.0,57.61,2.07
2008-03-06,27.05,1.24,63.8,2.99
2008-03-07,26.65,0.04,60.2,3.42
2008-03-08,26.49,0.0,57.09,3.11
2008-03-09,26.65,0.83,66.73,2.97
2008-03-10,25.16,2.84,76.74,2.03
2008-03-11,25.83,0.67,71.41,1.97
2008-03-12,25.03,0.96,73.98,3.59
2008-03-13,24.89,2.3,87.52,3.15
2008-03-14,25.47,5.73,84.07,1.75
2008-03-15,24.43,25.79,87.86,1.49
2008-03-16,23.95,4.74,86.08,2.73
2008-03-17,24.21,4.95,88.89,2.82
2008-03-18,24.31,19.5,88.87,2.49
2008-03-19,24.86,12.56,89.72,2.55
2008-03-20,24.34,31.82,91.77,1.6
2008-03-21,24.49,37.26,92.2,2.1
2008-03-22,24.79,65.58,92.93,1.76
2008-03-23,24.92,21.02,92.34,1.95
2008-03-24,24.59,0.74,88.54,1.82
2008-03-25,24.58,0.0,85.27,2.07
2008-03-26,24.88,0.0,83.35,1.47
2008-03-27,26.06,0.01,77.9,0.97
2008-03-28,26.02,0.04,83.25,0.99
2008-03-29,25.78,0.03,87.06,1.17
2008-03-30,25.63,2.03,88.7,1.49
2008-03-31,25.76,0.68,86.05,1.91
2008-04-01,25.94,0.02,83.41,2.02
2008-04-02,25.52,0.78,87.83,1.78
2008-04-03,26.58,2.69,82.19,0.93
2008-04-04,26.22,1.39,82.25,1.24
2008-04-05,26.26,2.9,80.23,1.22
2008-04-06,25.45,7.32,83.41,1.67
2008-04-07,25.78,6.49,82.37,1.88
2008-04-08,25.02,31.92,89.59,1.86
2008-04-09,24.9,21.86,89.12,1.56
2008-04-10,25.2,19.02,87.49,1.84
2008-04-11,26.06,2.55,81.51,0.71
2008-04-12,25.56,7.82,85.53,0.99
2008-04-13,24.55,1.75,94.18,1.78
2008-04-14,25.99,0.07,86.01,0.92
2008-04-15,26.29,0.01,84.22,1.03
2008-04-16,25.91,4.71,84.74,1.12
2008-04-17,26.25,6.29,85.66,0.9
2008-04-18,25.92,2.85,88.12,1.85
2008-04-19,26.12,0.01,87.29,1.88
2008-04-20,26.57,0.0,85.02,1.93
2008-04-21,26.81,0.0,84.39,2.06
2008-04-22,26.85,0.0,83.63,2.35
2008-04-23,26.04,0.0,87.18,2.13
2008-04-24,26.29,0.09,84.89,2.18
2008-04-25,26.2,0.58,83.57,1.5
2008-04-26,26.03,1.6,87.44,1.4
2008-04-27,25.46,0.4,91.12,2.28
2008-04-28,25.58,0.35,87.06,4.0
2008-04-29,26.07,0.2,85.17,3.91
2008-04-30,25.77,0.01,85.47,2.69
2008-05-01,26.56,0.0,88.19,2.91
2008-05-02,26.45,0.0,87.35,3.11
2008-05-03,26.54,0.0,82.82,3.08
2008-05-04,26.29,0.03,82.39,2.92
2008-05-05,25.89,0.48,86.16,3.59
2008-05-06,26.03,0.15,83.37,3.48
2008-05-07,26.03,0.24,83.81,3.11
2008-05-08,26.24,0.11,81.01,3.38
2008-05-09,25.51,0.04,83.88,3.34
2008-05-10,26.35,0.03,82.8,3.83
2008-05-11,25.79,0.01,86.12,3.14
2008-05-12,26.12,0.01,85.81,2.85
2008-05-13,25.99,0.0,84.13,2.73
2008-05-14,25.59,0.13,86.49,3.43
2008-05-15,25.9,0.02,82.47,3.86
2008-05-16,26.46,0.0,80.78,3.54
2008-05-17,26.67,0.0,81.26,4.29
2008-05-18,26.54,0.0,81.45,4.2
2008-05-19,26.91,0.04,77.46,3.61
2008-05-20,26.62,0.05,81.01,3.36
2008-05-21,26.94,0.32,78.45,3.48
2008-05-22,26.32,0.1,85.44,3.06
2008-05-23,26.14,0.94,84.17,2.66
2008-05-24,25.64,4.18,86.74,2.45
2008-05-25,26.35,4.02,79.68,2.7
2008-05-26,25.71,3.83,85.72,2.78
2008-05-27,26.3,0.37,82.1,2.5
2008-05-28,26.51,0.08,82.0,2.49
2008-05-29,26.05,23.02,85.1,3.34
2008-05-30,25.54,26.72,87.34,3.47
2008-05-31,25.34,3.53,88.04,3.51
2008-06-01,25.42,1.05,85.61,3.69
2008-06-02,25.24,4.52,87.3,3.25
2008-06-03,25.51,1.68,87.3,3.33
2008-06-04,25.27,1.13,86.91,3.7
2008-06-05,25.33,2.34,86.16,3.76
2008-06-06,25.57,3.57,88.44,3.51
2008-06-07,25.34,0.46,85.52,3.06
2008-06-08,24.84,4.7,87.04,3.77
2008-06-09,24.37,4.83,87.61,3.88
2008-06-10,24.98,2.26,84.63,3.44
2008-06-11,25.85,2.42,86.13,3.81
2008-06-12,25.95,0.0,84.42,3.59
2008-06-13,25.84,0.71,83.44,3.84
2008-06-14,25.57,0.41,85.97,3.58
2008-06-15,25.51,0.0,85.23,3.81
2008-06-16,25.77,5.32,82.33,3.44
2008-06-17,25.56,3.61,86.58,3.37
2008-06-18,25.41,1.82,87.53,3.17
2008-06-19,25.77,0.67,84.98,3.31
2008-06-20,25.89,0.08,86.47,3.03
2008-06-21,25.64,0.42,86.43,3.81
2008-06-22,25.48,0.42,84.09,3.67
2008-06-23,24.84,0.08,85.28,3.71
2008-06-24,25.4,0.23,83.84,4.07
2008-06-25,25.78,0.44,80.91,4.27
2008-06-26,26.05,0.04,80.53,4.17
2008-06-27,26.18,1.64,80.21,4.17
2008-06-28,25.63,5.81,84.23,4.01
2008-06-29,24.97,6.56,85.95,3.75
2008-06-30,25.26,9.16,84.88,3.96
2008-07-01,23.78,11.7,90.34,3.41
2008-07-02,25.39,0.11,80.36,3.11
2008-07-03,25.5,0.0,81.88,3.46
2008-07-04,26.04,0.0,82.41,2.89
2008-07-05,26.0,0.0,82.68,3.32
2008-07-06,26.29,0.03,82.95,4.08
2008-07-07,25.68,0.01,81.79,4.94
2008-07-08,25.41,0.9,81.19,5.16
2008-07-09,25.82,0.79,83.22,4.25
2008-07-10,25.46,1.95,81.68,3.67
2008-07-11,25.41,3.36,80.51,4.26
2008-07-12,25.95,0.4,79.08,4.0
2008-07-13,26.51,0.0,80.56,3.4
2008-07-14,26.1,0.08,82.44,2.52
2008-07-15,25.44,21.31,85.15,3.03
2008-07-16,25.01,14.93,85.24,4.19
2008-07-17,24.96,1.39,87.26,4.27
2008-07-18,25.14,6.19,85.25,4.99
2008-07-19,25.0,2.39,82.58,4.7
2008-07-20,25.05,0.82,83.47,3.97
2008-07-21,25.02,0.12,83.79,4.5
2008-07-22,24.35,5.17,88.78,3.74
2008-07-23,24.59,4.81,86.88,5.1
2008-07-24,24.3,3.17,87.34,5.11
2008-07-25,24.5,1.06,88.04,5.06
2008-07-26,24.75,2.76,85.31,5.02
2008-07-27,23.96,14.68,87.42,4.91
2008-07-28,23.93,27.73,88.8,4.41
2008-07-29,24.24,8.34,88.09,3.8
2008-07-30,23.9,5.08,89.4,4.01
2008-07-31,24.1,3.07,88.08,4.34
2008-08-01,24.85,0.49,86.74,3.8
2008-08-02,25.18,0.0,86.2,3.56
2008-08-03,25.18,0.0,86.46,3.37
2008-08-04,25.12,0.0,85.46,3.48
2008-08-05,24.81,0.83,86.97,3.55
2008-08-06,25.13,0.43,86.38,3.75
2008-08-07,24.93,0.98,85.96,3.77
2008-08-08,24.86,2.01,85.56,4.05
2008-08-09,24.52,1.32,85.35,3.96
2008-08-10,24.4,1.44,85.17,5.13
2008-08-11,24.85,11.4,85.3,3.92
2008-08-12,24.69,4.73,89.05,3.3
2008-08-13,25.42,0.45,82.42,3.36
2008-08-14,24.75,7.25,86.85,4.02
2008-08-15,24.57,1.95,86.65,3.74
2008-08-16,24.02,0.12,83.97,3.49
2008-08-17,24.81,0.16,84.72,3.18
2008-08-18,25.34,0.12,81.36,2.63
2008-08-19,25.14,0.01,85.98,2.57
2008-08-20,25.41,0.02,84.99,2.5
2008-08-21,25.1,0.04,83.64,3.89
2008-08-22,25.25,0.01,82.2,3.2
2008-08-23,24.9,0.16,84.67,3.59
2008-08-24,26.37,0.03,78.48,3.0
2008-08-25,25.6,0.26,82.08,2.91
2008-08-26,25.12,0.77,82.05,2.95
2008-08-27,25.94,0.08,78.17,2.31
2008-08-28,25.67,0.52,80.65,2.48
2008-08-29,26.09,3.36,80.87,2.39
2008-08-30,25.43,26.9,86.57,2.37
2008-08-31,24.82,47.25,89.96,3.26
2008-09-01,25.04,10.56,87.44,3.31
2008-09-02,25.38,0.77,85.12,2.98
2008-09-03,25.31,2.51,87.0,2.58
2008-09-04,25.29,1.45,88.52,2.5
2008-09-05,24.98,12.28,90.41,1.83
2008-09-06,24.98,15.19,91.23,2.71
2008-09-07,24.24,12.04,89.43,3.25
2008-09-08,24.18,9.52,88.19,3.01
2008-09-09,24.74,2.87,88.11,3.89
2008-09-10,24.84,16.76,89.68,4.54
2008-09-11,24.36,16.13,89.29,4.89
2008-09-12,24.6,3.87,88.83,3.97
2008-09-13,24.88,0.11,89.74,2.88
2008-09-14,25.2,0.1,85.35,3.02
2008-09-15,24.7,0.02,86.88,2.88
2008-09-16,24.45,0.0,87.96,3.24
2008-09-17,24.79,0.0,88.28,3.26
2008-09-18,24.56,0.0,86.03,2.9
2008-09-19,24.43,0.59,85.35,3.11
2008-09-20,25.21,4.8,86.36,3.09
2008-09-21,25.03,0.12,88.05,2.34
2008-09-22,25.11,0.0,86.73,2.39
2008-09-23,25.54,0.0,83.85,2.33
2008-09-24,25.62,0.0,81.66,2.57
2008-09-25,25.77,0.0,80.86,2.59
2008-09-26,25.4,0.0,83.46,2.7
2008-09-27,25.66,0.06,80.96,3.11
2008-09-28,24.81,0.0,80.66,2.89
2008-09-29,25.13,0.0,80.19,2.5
2008-09-30,25.28,0.0,78.54,2.3
2008-10-01,25.62,0.0,79.45,2.83
2008-10-02,25.59,0.0,77.18,2.57
2008-10-03,25.66,0.0,74.58,2.2
2008-10-04,25.79,0.0,73.87,1.82
2008-10-05,26.31,0.01,73.55,1.83
2008-10-06,26.68,0.17,74.73,1.77
2008-10-07,26.77,0.09,75.87,1.98
2008-10-08,26.8,0.72,75.43,1.82
2008-10-09,27.19,0.02,73.64,1.27
2008-10-10,26.68,4.68,77.37,1.03
2008-10-11,26.34,2.71,77.62,1.41
2008-10-12,25.57,5.92,81.39,1.85
2008-10-13,25.32,13.91,83.43,2.19
2008-10-14,25.41,11.29,87.55,2.96
2008-10-15,25.04,16.09,93.71,1.97
2008-10-16,24.54,5.1,92.27,1.42
2008-10-17,24.82,1.18,90.36,1.42
2008-10-18,25.7,1.19,86.89,1.48
2008-10-19,25.27,30.93,88.75,1.2
2008-10-20,25.11,23.22,87.36,1.15
2008-10-21,24.34,53.85,94.12,2.19
2008-10-22,24.72,18.39,90.42,2.49
2008-10-23,24.21,16.95,91.16,2.66
2008-10-24,24.81,26.17,94.1,3.1
2008-10-25,24.9,20.18,91.83,3.01
2008-10-26,24.58,6.62,91.06,3.09
2008-10-27,24.4,0.02,89.26,2.21
2008-10-28,25.35,0.0,81.21,1.11
2008-10-29,25.08,0.0,83.17,0.95
2008-10-30,24.93,0.0,83.28,1.06
2008-10-31,24.76,0.0,80.65,0.92
2008-11-01,24.62,0.0,81.91,0.96
2008-11-02,24.56,0.0,77.34,0.88
2008-11-03,24.44,0.0,68.97,0.85
2008-11-04,24.47,0.0,75.98,0.93
2008-11-05,24.61,0.1,79.54,0.98
2008-11-06,24.77,0.23,79.0,1.05
2008-11-07,24.97,0.05,82.0,1.59
2008-11-08,25.61,8.56,83.92,1.59
2008-11-09,25.44,45.72,84.47,1.54
2008-11-10,24.35,14.3,90.68,1.66
2008-11-11,24.94,3.35,81.74,1.72
2008-11-12,24.55,2.33,82.37,1.47
2008-11-13,24.99,0.73,82.36,0.89
2008-11-14,24.91,0.19,84.77,1.3
2008-11-15,24.23,0.0,84.21,1.56
2008-11-16,23.83,0.0,86.81,1.98
2008-11-17,24.93,36.17,85.45,1.06
2008-11-18,25.1,5.18,87.66,1.61
2008-11-19,24.46,0.7,90.37,1.94
2008-11-20,24.44,6.16,93.62,2.0
2008-11-21,24.75,5.45,89.3,2.28
2008-11-22,23.84,2.71,90.28,2.7
2008-11-23,23.4,11.89,92.2,2.86
2008-11-24,23.41,4.05,92.01,2.36
2008-11-25,22.84,4.52,89.97,2.3
2008-11-26,24.16,23.39,89.11,2.16
2008-11-27,24.99,21.74,89.85,2.35
2008-11-28,25.12,9.79,88.93,1.54
2008-11-29,25.03,0.1,88.19,1.06
2008-11-30,23.87,1.74,93.61,1.55
2008-12-01,24.68,0.76,88.33,1.64
2008-12-02,24.13,0.0,87.87,2.18
2008-12-03,22.81,0.0,86.61,1.89
2008-12-04,22.03,0.0,84.78,1.83
2008-12-05,22.65,0.0,85.78,2.12
2008-12-06,23.06,0.57,86.83,2.19
2008-12-07,23.61,1.77,87.29,2.0
2008-12-08,23.99,3.26,93.48,2.91
2008-12-09,24.45,1.88,93.78,1.84
2008-12-10,24.23,4.54,93.52,2.84
2008-12-11,24.01,0.82,87.32,2.64
2008-12-12,22.68,0.0,83.94,1.97
2008-12-13,23.59,0.01,88.26,2.21
2008-12-14,23.89,0.07,88.82,2.95
2008-12-15,24.04,0.29,88.62,2.79
2008-12-16,23.16,0.15,91.69,3.29
2008-12-17,23.75,0.0,86.74,3.99
2008-12-18,23.25,0.38,86.31,4.39
2008-12-19,23.41,0.04,88.98,3.6
2008-12-20,23.45,0.03,86.36,2.84
2008-12-21,22.92,0.03,86.92,2.5
2008-12-22,22.02,0.0,85.44,2.36
2008-12-23,21.78,0.01,85.33,2.46
2008-12-24,22.68,0.0,87.65,2.44
2008-12-25,23.12,0.0,85.62,3.2
2008-12-26,22.57,0.01,83.75,2.46
2008-12-27,21.42,0.0,80.63,2.32
2008-12-28,20.82,0.0,78.96,2.12
2008-12-29,20.79,0.0,78.68,2.45
2008-12-30,21.3,0.0,80.0,2.39
2008-12-31,20.98,0.0,77.45,2.4
2009-01-01,21.87,0.0,77.64,2.14
2009-01-02,22.39,0.0,77.61,2.33
2009-01-03,22.37,0.0,79.18,2.37
2009-01-04,22.15,0.0,75.48,2.54
2009-01-05,22.59,0.0,76.13,2.14
2009-01-06,22.68,0.0,75.28,1.73
2009-01-07,23.63,0.02,81.07,2.16
2009-01-08,24.59,0.03,78.65,2.87
2009-01-09,23.09,0.28,82.09,3.56
2009-01-10,24.4,0.11,78.33,3.96
2009-01-11,24.41,0.02,77.59,3.96
2009-01-12,23.79,0.02,75.82,3.91
2009-01-13,23.64,0.01,74.32,3.89
2009-01-14,23.46,0.0,74.35,3.88
2009-01-15,22.98,0.04,77.53,3.66
2009-01-16,23.74,0.0,72.03,3.51
2009-01-17,23.99,0.0,71.94,3.1
2009-01-18,23.64,0.0,72.43,2.92
2009-01-19,23.71,0.0,74.89,3.39
2009-01-20,23.46,0.0,71.81,3.07
2009-01-21,23.3,0.0,70.82,2.87
2009-01-22,22.98,0.0,72.51,2.55
2009-01-23,23.22,0.0,71.43,2.37
2009-01-24,23.27,0.0,71.25,2.7
2009-01-25,24.53,0.0,71.01,2.53
2009-01-26,25.4,1.69,77.07,2.27
2009-01-27,25.25,0.19,79.9,2.35
2009-01-28,25.96,0.04,77.52,2.32
2009-01-29,25.22,0.01,76.87,2.2
2009-01-30,24.07,0.0,68.35,2.48
2009-01-31,23.91,0.0,67.34,2.28
2009-02-01,24.02,0.0,68.71,1.91
2009-02-02,23.87,0.0,67.05,2.38
2009-02-03,23.96,0.0,69.11,2.54
2009-02-04,24.45,0.0,69.02,2.23
2009-02-05,24.27,0.0,64.94,2.55
2009-02-06,23.58,0.0,65.65,2.79
2009-02-07,23.99,0.0,69.42,3.24
2009-02-08,24.48,0.0,67.14,2.87
2009-02-09,24.37,0.0,63.62,3.19
2009-02-10,23.59,0.0,62.04,2.61
2009-02-11,24.99,0.0,61.71,1.42
2009-02-12,26.44,0.0,63.52,1.01
2009-02-13,26.98,0.0,61.96,1.21
2009-02-14,27.0,0.0,58.72,1.51
2009-02-15,26.32,0.0,56.58,1.67
2009-02-16,25.13,0.0,58.75,2.37
2009-02-17,26.05,0.0,59.56,3.59
2009-02-18,25.99,0.0,59.89,3.21
2009-02-19,25.93,0.0,60.15,3.74
2009-02-20,26.37,0.0,68.29,3.82
2009-02-21,27.85,0.0,64.96,3.83
2009-02-22,27.8,0.0,64.06,3.82
2009-02-23,28.12,0.0,65.59,2.89
2009-02-24,28.08,0.0,64.85,1.88
2009-02-25,29.57,0.0,63.14,1.28
2009-02-26,28.76,0.0,61.07,1.31
2009-02-27,28.79,0.0,58.74,1.57
2009-02-28,28.64,0.0,55.58,1.57
2009-03-01,28.8,0.0,53.67,1.75
2009-03-02,29.1,0.0,55.6,1.79
2009-03-03,28.78,0.01,55.16,1.47
2009-03-04,29.03,0.06,56.22,1.48
2009-03-05,29.57,0.0,55.88,1.4
2009-03-06,29.5,0.0,55.41,1.98
2009-03-07,29.02,0.0,54.04,2.0
2009-03-08,28.62,0.0,53.31,1.61
2009-03-09,26.62,0.87,64.01,2.92
2009-03-10,27.01,0.18,56.9,2.73
2009-03-11,27.73,0.38,62.32,1.67
2009-03-12,27.75,0.73,68.73,1.73
2009-03-13,26.33,26.39,76.59,1.54
2009-03-14,25.84,19.83,81.02,2.04
2009-03-15,26.45,2.09,74.68,1.58
2009-03-16,26.86,0.05,72.22,1.57
2009-03-17,27.14,0.03,66.43,1.54
2009-03-18,27.15,0.0,63.11,1.39
2009-03-19,27.65,0.0,64.9,1.47
2009-03-20,27.91,0.0,65.17,1.2
2009-03-21,28.35,0.0,65.21,1.12
2009-03-22,28.56,0.06,63.86,1.34
2009-03-23,28.01,0.13,65.17,1.62
2009-03-24,27.38,3.69,66.12,1.76
2009-03-25,27.67,0.07,65.5,1.97
2009-03-26,28.07,0.02,66.93,1.54
2009-03-27,28.75,0.06,65.19,1.31
2009-03-28,28.84,0.01,65.27,1.14
2009-03-29,28.65,0.08,63.21,1.72
2009-03-30,28.47,0.43,63.46,1.73
2009-03-31,28.46,0.02,62.67,1.89
2009-04-01,29.07,0.0,59.93,1.8
2009-04-02,28.92,0.11,60.89,2.05
2009-04-03,28.43,0.47,58.79,2.14
2009-04-04,29.03,0.42,59.2,2.08
2009-04-05,29.11,0.69,62.26,1.73
2009-04-06,29.71,0.24,61.85,1.93
2009-04-07,29.86,0.24,63.31,1.77
2009-04-08,28.8,0.08,62.86,1.3
2009-04-09,27.52,14.98,72.34,1.48
2009-04-10,26.73,3.66,74.3,1.8
2009-04-11,26.62,0.83,68.7,2.05
2009-04-12,27.91,0.1,65.62,1.46
2009-04-13,27.94,0.4,71.35,3.71
2009-04-14,28.1,0.07,69.71,4.05
2009-04-15,28.89,0.01,70.23,4.1
2009-04-16,29.54,0.0,64.37,3.47
2009-04-17,29.32,0.0,67.31,3.51
2009-04-18,30.05,0.0,61.99,2.74
2009-04-19,29.33,0.11,63.54,2.62
2009-04-20,28.62,0.27,68.96,2.92
2009-04-21,28.31,0.59,73.15,3.31
2009-04-22,27.84,0.25,76.31,3.05
2009-04-23,29.59,0.0,67.58,2.89
2009-04-24,30.03,0.0,65.58,2.64
2009-04-25,30.38,0.0,63.41,2.82
2009-04-26,30.44,0.0,61.49,2.19
2009-04-27,30.67,0.0,59.8,1.93
2009-04-28,30.91,0.38,60.03,1.97
2009-04-29,30.08,0.14,64.52,2.86
2009-04-30,29.71,0.16,64.65,3.46
2009-05-01,29.12,0.04,68.02,3.76
2009-05-02,29.75,0.0,67.84,3.78
2009-05-03,29.77,0.0,66.17,3.51
2009-05-04,30.44,0.01,61.29,3.34
2009-05-05,30.39,0.0,60.37,2.77
2009-05-06,29.18,0.0,67.22,3.08
2009-05-07,29.13,0.0,67.6,2.57
2009-05-08,28.58,0.06,72.27,2.99
2009-05-09,28.28,0.03,74.35,3.17
2009-05-10,28.92,0.01,73.23,3.39
2009-05-11,28.88,0.0,70.97,3.94
2009-05-12,30.05,0.09,66.06,3.85
2009-05-13,29.23,0.05,68.42,4.18
2009-05-14,28.26,0.0,73.2,4.09
2009-05-15,28.38,0.08,68.87,3.36
2009-05-16,28.04,0.24,65.17,3.26
2009-05-17,28.15,0.06,73.99,2.85
2009-05-18,27.94,4.23,75.9,3.34
2009-05-19,26.97,0.7,80.28,3.19
2009-05-20,26.49,2.65,75.05,4.48
2009-05-21,26.28,0.94,79.43,4.22
2009-05-22,26.13,10.5,82.13,4.58
2009-05-23,26.39,11.59,85.0,4.1
2009-05-24,25.37,25.01,86.28,3.9
2009-05-25,25.57,33.28,87.31,4.68
2009-05-26,25.63,23.49,88.39,3.88
2009-05-27,25.22,0.43,82.87,2.81
2009-05-28,26.1,0.04,84.61,3.19
2009-05-29,26.91,0.21,82.51,3.89
2009-05-30,26.28,0.59,86.15,3.75
2009-05-31,26.05,0.15,83.96,2.8
2009-06-01,26.87,0.02,80.06,3.61
2009-06-02,27.23,0.01,77.82,4.19
2009-06-03,26.94,0.29,81.64,4.6
2009-06-04,26.76,0.32,83.33,4.98
2009-06-05,26.29,8.21,84.76,5.01
2009-06-06,25.34,14.04,86.02,4.97
2009-06-07,24.92,10.12,87.52,4.02
2009-06-08,25.34,2.9,86.44,4.57
2009-06-09,26.12,3.02,85.45,4.53
2009-06-10,26.45,1.03,82.24,3.78
2009-06-11,26.14,0.23,84.22,3.74
2009-06-12,25.53,1.26,87.64,3.71
2009-06-13,25.74,0.58,82.42,4.04
2009-06-14,25.94,0.0,83.44,3.6
2009-06-15,25.96,2.98,82.07,3.96
2009-06-16,26.03,3.73,82.69,4.91
2009-06-17,25.49,4.01,86.04,4.36
2009-06-18,25.57,13.29,84.04,4.83
2009-06-19,25.08,10.79,85.75,4.07
2009-06-20,25.27,2.24,85.01,3.26
2009-06-21,24.96,3.91,88.29,3.13
2009-06-22,25.07,2.53,89.3,3.86
2009-06-23,24.77,8.5,88.47,4.15
2009-06-24,24.92,4.97,86.89,4.21
2009-06-25,24.8,1.87,83.06,4.74
2009-06-26,24.7,0.99,82.85,4.56
2009-06-27,24.53,3.1,85.79,3.54
2009-06-28,25.32,2.05,84.72,4.12
2009-06-29,25.21,1.3,85.95,4.32
2009-06-30,24.78,12.36,89.16,4.27
2009-07-01,24.55,8.31,85.24,5.59
2009-07-02,24.29,5.39,86.16,5.52
2009-07-03,24.53,3.2,85.98,4.48
2009-07-04,23.91,1.34,88.75,4.53
2009-07-05,24.32,3.53,87.47,4.58
2009-07-06,24.0,1.38,89.19,4.23
2009-07-07,24.17,0.24,85.75,4.18
2009-07-08,24.26,14.22,86.96,3.6
2009-07-09,24.12,7.01,87.26,3.65
2009-07-10,24.47,0.67,87.52,2.7
2009-07-11,24.94,0.02,88.29,3.06
2009-07-12,24.9,1.92,88.96,3.66
2009-07-13,25.49,1.59,85.5,4.75
2009-07-14,25.17,0.15,88.02,5.06
2009-07-15,24.46,3.9,86.2,3.95
2009-07-16,24.22,6.74,88.05,4.08
2009-07-17,24.2,29.94,88.54,4.81
2009-07-18,24.28,4.44,87.91,4.5
2009-07-19,24.48,0.58,87.59,4.31
2009-07-20,24.67,1.25,86.24,4.5
2009-07-21,24.99,2.06,83.53,4.87
2009-07-22,25.27,0.09,85.5,4.16
2009-07-23,25.23,0.02,84.82,3.76
2009-07-24,25.71,0.0,80.3,3.11
2009-07-25,25.69,0.0,84.76,3.74
2009-07-26,25.08,0.0,86.58,3.92
2009-07-27,25.53,0.05,86.26,3.95
2009-07-28,25.44,1.96,86.27,3.52
2009-07-29,25.56,11.4,87.33,3.16
2009-07-30,25.54,3.7,85.92,3.32
2009-07-31,25.08,0.96,87.78,3.65
2009-08-01,25.24,0.48,85.18,3.91
2009-08-02,25.33,0.02,86.85,4.25
2009-08-03,25.58,0.0,84.8,4.65
2009-08-04,25.51,2.44,85.21,4.74
2009-08-05,25.73,0.71,84.57,4.61
2009-08-06,25.55,0.0,86.04,4.23
2009-08-07,25.63,0.0,84.38,4.35
2009-08-08,25.79,0.0,83.88,3.85
2009-08-09,26.1,0.0,81.98,4.34
2009-08-10,25.65,0.02,84.0,4.63
2009-08-11,26.05,1.0,83.02,4.51
2009-08-12,26.22,0.27,81.9,4.44
2009-08-13,25.68,0.21,82.79,3.84
2009-08-14,25.64,0.57,84.97,3.73
2009-08-15,25.39,0.14,81.03,3.16
2009-08-16,25.84,3.22,81.49,3.38
2009-08-17,24.95,2.2,80.85,3.29
2009-08-18,25.47,0.44,79.1,2.5
2009-08-19,26.41,1.37,79.04,1.35
2009-08-20,25.75,15.94,82.59,1.12
2009-08-21,24.88,8.59,87.52,2.53
2009-08-22,24.61,1.43,86.44,2.81
2009-08-23,25.45,2.91,83.28,3.41
2009-08-24,25.18,0.86,84.02,3.9
2009-08-25,25.73,0.21,80.87,3.86
2009-08-26,25.25,5.28,84.12,4.0
2009-08-27,25.22,3.93,83.38,4.24
2009-08-28,25.54,1.01,83.26,4.21
2009-08-29,25.72,2.07,83.0,3.95
2009-08-30,25.51,0.58,82.89,4.09
2009-08-31,25.13,4.79,86.95,3.57
2009-09-01,24.49,18.18,89.35,4.15
2009-09-02,24.5,7.83,86.76,4.39
2009-09-03,24.93,2.07,86.17,4.22
2009-09-04,25.1,5.67,84.03,5.17
2009-09-05,25.28,10.58,84.78,5.46
2009-09-06,24.38,6.25,88.44,4.87
2009-09-07,24.67,1.83,89.35,4.32
2009-09-08,25.33,0.19,86.97,4.16
2009-09-09,25.3,0.0,85.73,3.66
2009-09-10,26.08,0.0,81.79,3.2
2009-09-11,26.22,0.0,79.84,3.33
2009-09-12,26.68,3.38,79.56,2.6
2009-09-13,26.87,0.33,78.53,2.93
2009-09-14,26.42,0.01,80.33,3.5
2009-09-15,26.51,0.0,79.06,3.3
2009-09-16,26.59,0.37,79.57,3.46
2009-09-17,25.42,3.73,87.0,2.78
2009-09-18,25.44,15.16,85.7,2.63
2009-09-19,24.95,0.99,83.6,3.67
2009-09-20,25.86,0.23,80.25,3.28
2009-09-21,26.18,0.52,81.66,2.98
2009-09-22,25.8,2.88,82.06,2.74
2009-09-23,25.9,1.72,82.57,2.97
2009-09-24,25.92,0.21,82.06,3.25
2009-09-25,25.53,0.51,84.64,3.56
2009-09-26,25.57,11.75,84.47,3.85
2009-09-27,25.72,0.93,83.11,3.95
2009-09-28,25.82,0.5,83.55,4.22
2009-09-29,25.37,1.05,86.18,4.36
2009-09-30,25.5,1.34,87.92,4.63
2009-10-01,24.79,16.99,87.16,5.33
2009-10-02,24.61,10.3,87.37,6.09
2009-10-03,25.39,0.78,84.34,4.95
2009-10-04,25.23,0.0,83.31,4.24
2009-10-05,25.19,0.0,81.75,3.76
2009-10-06,25.24,0.01,81.29,3.09
2009-10-07,25.95,0.01,80.88,3.83
2009-10-08,25.75,0.36,80.91,3.41
2009-10-09,26.33,0.0,77.41,3.04
2009-10-10,26.52,0.0,76.19,2.42
2009-10-11,26.86,0.0,75.57,2.31
2009-10-12,26.51,4.06,76.95,1.62
2009-10-13,26.17,1.22,78.05,1.42
2009-10-14,26.8,0.09,75.18,1.07
2009-10-15,27.42,0.0,71.92,0.99
2009-10-16,26.26,0.05,77.45,1.12
2009-10-17,27.38,0.03,72.45,1.5
2009-10-18,27.64,0.0,72.72,1.15
2009-10-19,27.17,6.03,75.96,1.02
2009-10-20,27.12,0.96,73.79,1.09
2009-10-21,27.5,0.08,70.64,1.11
2009-10-22,27.84,0.19,66.61,1.34
2009-10-23,27.52,0.0,65.07,1.38
2009-10-24,27.0,0.0,68.1,0.96
2009-10-25,27.1,5.02,71.54,0.87
2009-10-26,27.28,1.71,73.28,1.35
2009-10-27,27.37,1.4,71.84,1.29
2009-10-28,26.55,7.75,77.59,2.06
2009-10-29,25.63,16.17,85.47,2.8
2009-10-30,25.61,3.3,79.53,3.41
2009-10-31,26.11,5.08,80.13,2.64
2009-11-01,25.87,0.92,78.27,3.01
2009-11-02,26.65,0.04,74.12,4.28
2009-11-03,26.39,3.23,78.2,3.25
2009-11-04,25.13,43.18,89.41,2.71
2009-11-05,24.96,47.14,88.31,3.47
2009-11-06,24.64,38.9,90.7,3.76
2009-11-07,24.8,13.87,95.19,4.41
2009-11-08,24.84,35.54,93.11,2.18
2009-11-09,24.56,27.58,92.5,1.85
2009-11-10,24.38,8.0,86.53,1.83
2009-11-11,24.5,3.51,89.59,1.58
2009-11-12,25.68,2.61,85.85,1.04
2009-11-13,24.74,5.37,90.16,1.25
2009-11-14,23.54,65.78,92.88,1.95
2009-11-15,23.19,15.69,91.22,1.3
2009-11-16,24.32,1.64,90.7,1.82
2009-11-17,24.84,0.12,89.72,1.75
2009-11-18,24.3,4.2,88.01,1.47
2009-11-19,25.45,3.04,86.57,1.15
2009-11-20,25.06,6.71,87.82,1.0
2009-11-21,23.69,6.57,90.09,1.11
2009-11-22,23.65,4.24,92.33,1.51
2009-11-23,24.42,1.56,90.79,2.29
2009-11-24,25.02,0.6,86.87,1.07
2009-11-25,24.76,0.08,86.74,1.58
2009-11-26,23.99,0.01,88.29,2.02
2009-11-27,22.58,0.0,84.61,2.22
2009-11-28,22.77,0.0,86.2,2.29
2009-11-29,23.67,0.0,87.96,2.22
2009-11-30,23.98,0.04,89.32,2.22
2009-12-01,23.85,6.94,90.18,2.11
2009-12-02,24.12,7.82,91.1,2.41
2009-12-03,24.84,2.58,89.83,2.1
2009-12-04,24.72,0.01,88.38,1.69
2009-12-05,24.55,2.27,88.71,1.94
2009-12-06,23.11,0.14,84.89,2.3
2009-12-07,23.04,0.0,85.29,2.13
2009-12-08,23.26,0.0,84.82,1.88
2009-12-09,24.06,0.0,87.62,2.62
2009-12-10,22.58,0.0,83.32,3.01
2009-12-11,23.08,0.0,85.95,2.3
2009-12-12,23.91,0.13,86.08,1.85
2009-12-13,25.2,0.14,87.41,1.63
2009-12-14,24.92,0.24,88.27,2.73
2009-12-15,24.44,0.45,88.82,2.97
2009-12-16,24.5,3.34,87.43,1.77
2009-12-17,23.83,1.93,92.14,1.38
2009-12-18,24.17,0.59,89.29,2.55
2009-12-19,24.44,0.58,87.76,3.04
2009-12-20,24.79,0.1,86.91,3.22
2009-12-21,24.38,6.23,89.72,4.02
2009-12-22,23.81,3.11,89.94,3.46
2009-12-23,23.58,1.5,89.53,3.96
2009-12-24,23.95,0.66,87.99,3.93
2009-12-25,23.48,0.04,85.69,3.02
2009-12-26,23.77,0.01,85.35,2.56
2009-12-27,23.34,1.67,85.22,2.36
2009-12-28,23.68,0.09,86.88,1.77
2009-12-29,23.21,0.0,87.72,2.09
2009-12-30,23.52,0.0,84.15,2.54
2009-12-31,23.96,0.0,83.08,1.66
2010-01-01,23.71,0.0,82.24,2.82
2010-01-02,23.91,0.0,84.15,3.26
2010-01-03,23.65,0.0,81.45,3.05
2010-01-04,23.55,0.0,79.36,1.96
2010-01-05,23.36,0.0,77.05,1.44
2010-01-06,22.97,0.0,79.79,2.55
2010-01-07,23.96,0.0,79.11,2.45
2010-01-08,23.85,0.02,79.74,1.79
2010-01-09,24.04,30.08,87.95,2.77
2010-01-10,23.04,35.88,91.41,2.53
2010-01-11,24.12,1.26,87.64,1.51
2010-01-12,24.7,0.01,85.94,1.34
2010-01-13,24.88,2.54,86.51,1.3
2010-01-14,24.51,0.85,86.83,2.6
2010-01-15,24.06,0.0,81.95,3.15
2010-01-16,23.82,0.0,84.14,3.21
2010-01-17,24.03,0.0,80.83,3.53
2010-01-18,23.96,0.0,81.89,2.54
2010-01-19,24.4,0.0,80.92,2.82
2010-01-20,24.03,0.0,80.34,3.0
2010-01-21,23.59,0.0,77.18,2.9
2010-01-22,22.83,0.0,74.3,2.78
2010-01-23,22.61,0.0,74.59,2.89
2010-01-24,22.94,0.01,77.89,2.79
2010-01-25,23.41,0.0,76.66,2.08
2010-01-26,24.53,0.0,76.69,2.71
2010-01-27,25.11,0.0,75.98,3.04
2010-01-28,25.16,0.0,76.37,3.73
2010-01-29,24.26,0.0,75.16,3.57
2010-01-30,24.39,0.0,72.91,3.31
2010-01-31,25.16,0.0,73.61,2.95
2010-02-01,24.85,0.0,72.22,2.86
2010-02-02,24.65,0.0,69.55,3.13
2010-02-03,24.29,0.0,68.14,3.48
2010-02-04,24.42,0.0,69.0,3.12
2010-02-05,22.61,0.0,74.96,3.18
2010-02-06,23.79,0.0,72.07,3.78
2010-02-07,24.72,0.0,69.09,3.84
2010-02-08,25.06,0.0,68.21,2.47
2010-02-09,25.32,0.0,64.78,2.3
2010-02-10,25.32,0.0,68.55,1.58
2010-02-11,25.77,0.0,66.85,2.51
2010-02-12,25.84,0.0,72.18,3.04
2010-02-13,27.03,0.02,69.88,2.32
2010-02-14,26.56,0.0,67.4,2.51
2010-02-15,25.61,0.0,71.29,2.57
2010-02-16,26.26,0.0,66.71,2.32
2010-02-17,26.14,0.0,76.51,2.36
2010-02-18,26.18,0.0,69.13,1.65
2010-02-19,25.81,0.0,69.76,1.35
2010-02-20,25.19,0.0,70.86,1.71
2010-02-21,25.9,0.0,70.12,2.42
2010-02-22,27.21,0.0,67.95,2.36
2010-02-23,26.84,0.0,68.84,1.65
2010-02-24,27.83,0.0,62.35,1.36
2010-02-25,27.91,0.0,63.69,1.47
2010-02-26,28.24,0.0,61.11,1.36
2010-02-27,28.42,0.0,56.48,1.97
2010-02-28,27.92,0.0,60.8,2.23
2010-03-01,27.35,0.0,58.45,2.35
2010-03-02,27.51,0.0,51.73,2.16
2010-03-03,27.46,0.0,46.4,1.73
2010-03-04,28.56,0.0,56.42,1.48
2010-03-05,29.05,0.0,63.21,1.92
2010-03-06,29.05,0.0,64.34,2.69
2010-03-07,30.82,0.0,56.13,2.45
2010-03-08,30.06,0.0,58.83,2.15
2010-03-09,29.11,0.0,62.95,1.96
2010-03-10,28.76,0.0,61.66,3.09
2010-03-11,28.5,0.0,63.8,4.0
2010-03-12,28.93,0.0,60.41,3.94
2010-03-13,28.45,0.0,66.47,3.41
2010-03-14,28.45,0.0,61.39,2.13
2010-03-15,29.01,0.0,58.79,1.74
2010-03-16,28.86,0.13,59.49,1.32
2010-03-17,28.48,0.01,57.85,2.77
2010-03-18,28.29,0.0,63.82,3.8
2010-03-19,28.29,0.0,60.63,3.08
2010-03-20,29.14,0.0,59.94,2.19
2010-03-21,29.78,0.0,56.96,1.74
2010-03-22,30.25,0.0,58.38,1.57
2010-03-23,30.57,0.0,58.24,1.89
2010-03-24,30.34,0.0,59.34,2.06
2010-03-25,30.66,0.0,58.37,1.96
2010-03-26,29.98,6.25,63.47,2.01
2010-03-27,29.03,1.58,67.19,2.3
2010-03-28,29.58,0.0,61.01,1.51
2010-03-29,30.2,0.14,61.73,1.8
2010-03-30,28.93,2.42,68.14,2.66
2010-03-31,27.73,17.03,77.64,3.01
2010-04-01,29.02,0.61,68.17,2.58
2010-04-02,30.37,0.0,62.95,1.9
2010-04-03,29.05,0.0,70.27,1.38
2010-04-04,29.29,0.67,67.81,1.25
2010-04-05,27.55,6.43,77.78,1.44
2010-04-06,28.61,0.89,64.04,1.67
2010-04-07,28.7,1.33,66.92,1.96
2010-04-08,27.29,0.52,77.49,1.32
2010-04-09,28.0,0.0,72.27,1.3
2010-04-10,29.12,0.0,70.27,1.48
2010-04-11,29.87,0.0,66.41,2.44
2010-04-12,29.14,0.0,69.61,2.49
2010-04-13,29.78,0.0,67.48,2.97
2010-04-14,29.67,0.0,68.23,2.37
2010-04-15,30.37,0.01,64.71,1.88
2010-04-16,28.41,7.25,76.36,1.87
2010-04-17,26.59,12.84,86.86,1.13
2010-04-18,26.95,2.35,79.84,1.85
2010-04-19,28.04,0.27,74.72,2.51
2010-04-20,28.28,0.17,74.13,2.61
2010-04-21,28.68,0.03,72.13,2.99
2010-04-22,29.81,0.0,67.46,2.31
2010-04-23,29.57,0.44,70.34,2.08
2010-04-24,27.61,2.39,79.41,1.97
2010-04-25,27.93,0.53,78.7,1.71
2010-04-26,28.39,4.61,65.59,1.79
2010-04-27,28.52,1.96,69.48,1.36
2010-04-28,29.31,2.63,69.66,1.17
2010-04-29,28.11,1.11,77.13,1.36
2010-04-30,27.47,30.83,81.27,1.2
2010-05-01,28.02,3.82,76.22,1.18
2010-05-02,28.54,1.88,74.98,1.01
2010-05-03,27.84,6.14,80.58,1.34
2010-05-04,27.71,1.37,80.44,1.89
2010-05-05,28.83,0.0,72.14,2.58
2010-05-06,29.53,0.08,71.62,2.03
2010-05-07,28.65,0.03,77.98,2.33
2010-05-08,28.39,1.8,80.85,2.31
2010-05-09,27.88,1.95,77.42,2.31
2010-05-10,28.33,4.41,76.04,1.75
2010-05-11,27.83,3.86,80.99,2.48
2010-05-12,28.85,0.56,76.56,2.55
2010-05-13,28.6,0.03,79.7,3.07
2010-05-14,27.76,0.02,83.19,3.89
2010-05-15,28.53,0.0,74.55,2.64
2010-05-16,28.45,0.05,76.03,3.54
2010-05-17,28.9,1.4,75.02,3.18
2010-05-18,27.12,3.2,81.47,3.98
2010-05-19,26.47,1.99,86.08,4.42
2010-05-20,27.21,1.18,77.36,5.18
2010-05-21,27.6,2.12,77.15,4.47
2010-05-22,27.51,0.37,78.5,3.76
2010-05-23,26.63,3.14,83.41,3.15
2010-05-24,27.25,3.63,85.25,4.13
2010-05-25,27.09,4.62,82.92,4.27
2010-05-26,27.06,2.87,82.58,4.42
2010-05-27,26.86,2.63,84.93,3.88
2010-05-28,26.93,4.71,87.56,3.74
2010-05-29,26.81,13.45,87.03,3.97
2010-05-30,26.2,5.41,83.57,4.07
2010-05-31,26.02,0.34,81.15,4.09
2010-06-01,27.42,0.06,77.69,3.95
2010-06-02,28.11,0.06,78.07,3.62
2010-06-03,28.28,0.01,78.38,2.23
2010-06-04,27.35,6.44,83.82,3.07
2010-06-05,26.55,4.02,79.74,4.5
2010-06-06,25.69,3.55,82.66,4.28
2010-06-07,26.13,1.5,78.18,4.7
2010-06-08,26.13,0.14,76.83,4.52
2010-06-09,26.27,0.82,80.12,5.62
2010-06-10,25.62,7.86,85.32,5.29
2010-06-11,25.81,10.86,86.41,6.51
2010-06-12,25.79,9.37,88.0,5.13
2010-06-13,25.59,3.98,84.99,5.75
2010-06-14,26.05,1.32,81.15,4.29
2010-06-15,26.44,0.01,80.89,3.34
2010-06-16,26.43,0.02,80.33,2.43
2010-06-17,25.71,1.22,84.39,2.6
2010-06-18,25.61,0.59,81.67,2.25
2010-06-19,26.3,0.6,80.81,2.95
2010-06-20,26.59,0.15,75.14,2.92
2010-06-21,26.68,0.51,76.96,2.87
2010-06-22,26.46,6.4,81.97,3.73
2010-06-23,25.42,11.0,86.7,4.86
2010-06-24,24.79,4.83,82.3,5.17
2010-06-25,25.42,4.52,83.61,5.25
2010-06-26,26.27,1.22,79.98,4.8
2010-06-27,26.31,0.43,83.77,4.1
2010-06-28,26.07,9.9,86.64,4.41
2010-06-29,26.07,3.63,81.75,4.54
2010-06-30,25.02,2.18,82.14,4.87
2010-07-01,25.15,1.41,77.59,4.81
2010-07-02,25.36,3.64,79.9,4.13
2010-07-03,25.77,2.67,81.99,4.44
2010-07-04,25.54,2.26,83.61,3.81
2010-07-05,25.5,0.77,81.33,4.61
2010-07-06,24.64,0.04,85.66,3.5
2010-07-07,25.45,0.59,82.77,2.94
2010-07-08,25.37,0.11,81.52,2.99
2010-07-09,25.52,6.55,82.47,1.87
2010-07-10,26.7,1.21,77.47,1.39
2010-07-11,26.78,0.01,77.1,1.87
2010-07-12,26.22,0.13,79.69,2.86
2010-07-13,25.49,3.68,79.73,3.6
2010-07-14,25.87,1.04,79.21,4.14
2010-07-15,25.63,3.93,82.47,4.54
2010-07-16,25.24,3.31,83.33,5.59
2010-07-17,25.28,17.06,84.01,5.24
2010-07-18,25.24,7.8,83.42,5.05
2010-07-19,24.07,19.06,85.87,5.49
2010-07-20,24.41,3.13,86.53,4.63
2010-07-21,24.68,5.41,85.6,4.88
2010-07-22,24.79,0.33,83.41,3.97
2010-07-23,24.92,0.08,85.68,3.96
2010-07-24,25.08,0.02,82.5,4.68
2010-07-25,25.11,0.04,82.66,4.22
2010-07-26,25.37,0.85,82.49,4.22
2010-07-27,24.93,0.99,84.62,4.39
2010-07-28,24.39,4.56,84.92,5.27
2010-07-29,24.53,1.13,84.18,5.51
2010-07-30,25.08,0.09,81.45,5.04
2010-07-31,25.46,0.0,81.67,4.45
2010-08-01,25.66,0.0,81.88,3.72
2010-08-02,25.36,0.35,84.17,3.95
2010-08-03,25.14,0.98,84.03,4.43
2010-08-04,25.28,0.46,87.11,4.13
2010-08-05,26.14,0.02,82.93,3.8
2010-08-06,26.15,0.04,83.92,4.43
2010-08-07,26.12,1.32,83.58,3.79
2010-08-08,26.0,3.08,85.87,3.95
2010-08-09,25.74,2.13,84.57,4.24
2010-08-10,26.52,0.41,80.91,4.76
2010-08-11,26.02,0.31,81.77,4.97
2010-08-12,25.73,4.84,83.12,4.77
2010-08-13,25.9,3.1,81.7,4.77
2010-08-14,24.88,1.5,85.92,4.41
2010-08-15,25.13,1.94,87.3,4.74
2010-08-16,24.73,1.9,84.32,5.3
2010-08-17,25.13,0.14,83.36,5.36
2010-08-18,25.53,0.0,80.1,4.27
2010-08-19,25.76,0.01,81.73,3.68
2010-08-20,26.14,4.42,79.25,2.72
2010-08-21,24.4,3.75,82.65,3.33
2010-08-22,25.24,0.04,80.05,4.73
2010-08-23,25.33,0.72,82.72,4.54
2010-08-24,24.75,1.78,83.91,5.5
2010-08-25,24.46,2.05,83.17,5.27
2010-08-26,25.08,0.54,82.5,5.25
2010-08-27,25.6,0.68,80.08,4.74
2010-08-28,25.54,0.61,82.92,3.98
2010-08-29,25.04,4.25,86.1,4.66
2010-08-30,24.16,2.29,85.02,4.76
2010-08-31,25.46,0.01,78.0,3.7
2010-09-01,25.86,0.0,77.68,3.63
2010-09-02,26.08,0.0,78.52,4.15
2010-09-03,25.97,0.14,80.25,4.26
2010-09-04,25.84,0.0,80.32,3.83
2010-09-05,26.36,0.0,77.79,3.3
2010-09-06,26.3,1.76,78.44,3.54
2010-09-07,26.23,1.12,80.07,4.16
2010-09-08,25.5,2.09,82.57,3.97
2010-09-09,25.72,3.22,82.75,3.24
2010-09-10,25.19,2.76,83.52,4.03
2010-09-11,26.48,0.51,71.92,3.25
2010-09-12,26.95,0.05,71.7,3.14
2010-09-13,26.12,1.65,77.63,3.81
2010-09-14,26.12,0.43,75.58,3.78
2010-09-15,26.22,0.02,76.32,4.07
2010-09-16,25.71,0.04,78.61,4.52
2010-09-17,26.01,2.45,80.16,4.46
2010-09-18,24.93,3.67,81.22,4.55
2010-09-19,26.1,1.42,77.09,4.31
2010-09-20,26.55,0.01,75.19,3.33
2010-09-21,26.17,0.16,76.29,2.35
2010-09-22,25.78,1.71,80.23,2.54
2010-09-23,25.57,2.07,83.54,1.5
2010-09-24,25.5,3.62,82.07,3.13
2010-09-25,26.53,0.36,74.72,2.59
2010-09-26,26.7,3.98,78.31,1.44
2010-09-27,26.04,5.43,81.01,1.69
2010-09-28,25.28,26.94,86.77,1.8
2010-09-29,25.78,8.51,80.73,0.89
2010-09-30,26.23,9.36,79.83,0.95
2010-10-01,26.13,6.61,80.37,1.09
2010-10-02,25.57,7.89,83.31,1.45
2010-10-03,24.67,21.79,86.88,1.9
2010-10-04,25.49,9.87,86.78,2.45
2010-10-05,25.3,41.56,88.17,3.69
2010-10-06,25.0,37.93,90.21,4.8
2010-10-07,24.92,22.65,90.14,4.55
2010-10-08,25.2,32.43,91.75,3.5
2010-10-09,25.21,12.1,90.31,3.83
2010-10-10,24.82,0.12,88.82,2.99
2010-10-11,24.94,0.0,87.75,3.11
2010-10-12,24.86,0.0,88.44,3.0
2010-10-13,24.73,0.01,85.81,3.16
2010-10-14,24.51,0.71,88.83,3.51
2010-10-15,24.94,0.24,87.74,4.26
2010-10-16,24.59,0.13,87.51,4.21
2010-10-17,24.65,0.36,86.42,3.67
2010-10-18,23.93,2.04,86.22,3.23
2010-10-19,23.78,2.74,88.81,2.88
2010-10-20,24.36,0.05,86.89,2.64
2010-10-21,24.52,1.36,86.49,3.12
2010-10-22,24.63,0.22,86.44,3.71
2010-10-23,24.78,0.29,86.64,3.03
2010-10-24,25.04,0.12,85.64,2.92
2010-10-25,25.12,0.0,84.79,2.58
2010-10-26,25.38,0.97,85.27,2.24
2010-10-27,25.29,3.36,86.82,2.07
2010-10-28,24.27,10.27,88.76,1.15
2010-10-29,24.47,10.43,87.05,0.91
2010-10-30,24.56,2.07,89.01,1.12
2010-10-31,24.79,0.2,86.33,1.9
2010-11-01,25.0,0.01,85.64,2.43
2010-11-02,24.88,0.14,84.68,2.08
2010-11-03,25.29,5.31,84.69,1.62
2010-11-04,24.92,1.52,87.05,1.28
2010-11-05,24.52,10.65,87.93,1.88
2010-11-06,23.64,1.52,86.37,2.11
2010-11-07,24.25,0.51,89.17,3.41
2010-11-08,25.72,1.8,87.07,3.31
2010-11-09,24.94,0.4,89.11,1.78
2010-11-10,25.01,7.17,86.88,1.52
2010-11-11,24.12,2.25,87.09,2.46
2010-11-12,25.41,0.35,79.87,1.39
2010-11-13,25.98,1.94,81.98,0.94
2010-11-14,25.23,0.4,82.88,1.56
2010-11-15,25.63,0.66,80.09,1.33
2010-11-16,25.07,17.98,85.08,1.3
2010-11-17,24.42,2.56,86.95,1.44
2010-11-18,25.41,3.7,82.3,1.14
2010-11-19,24.4,2.22,88.12,0.91
2010-11-20,24.35,17.76,87.59,0.79
2010-11-21,23.84,32.31,88.29,1.38
2010-11-22,24.12,34.84,87.91,1.12
2010-11-23,24.17,26.46,89.38,0.62
2010-11-24,23.74,12.17,90.75,1.78
2010-11-25,22.69,15.46,92.03,1.75
2010-11-26,23.43,9.08,89.42,1.21
2010-11-27,23.07,13.24,90.06,1.47
2010-11-28,22.95,15.02,93.85,1.42
2010-11-29,24.03,4.09,88.31,2.75
2010-11-30,23.91,1.66,89.6,2.18
2010-12-01,23.62,14.51,92.58,1.8
2010-12-02,23.64,18.26,91.95,2.01
2010-12-03,23.28,8.7,94.21,1.58
2010-12-04,22.81,3.55,91.73,1.81
2010-12-05,22.4,0.72,93.07,1.49
2010-12-06,23.13,0.02,89.54,1.41
2010-12-07,23.76,39.84,90.85,1.51
2010-12-08,24.53,37.96,92.65,2.7
2010-12-09,23.81,5.18,94.39,2.98
2010-12-10,24.03,0.01,89.26,2.7
2010-12-11,24.0,1.3,89.31,2.21
2010-12-12,23.01,0.11,89.62,2.45
2010-12-13,22.22,0.01,82.8,1.64
2010-12-14,22.95,0.05,85.74,1.17
2010-12-15,23.25,0.46,85.47,1.25
2010-12-16,23.86,0.72,88.05,1.41
2010-12-17,24.3,0.27,87.98,1.17
2010-12-18,24.41,2.43,89.58,2.14
2010-12-19,22.27,0.15,86.69,3.38
2010-12-20,23.65,0.38,89.7,2.53
2010-12-21,23.1,0.19,92.56,3.1
2010-12-22,21.95,0.0,83.47,2.95
2010-12-23,21.13,0.03,85.45,1.78
2010-12-24,21.2,0.01,86.24,1.74
2010-12-25,22.1,0.01,85.27,1.38
2010-12-26,22.22,0.0,87.33,2.12
2010-12-27,22.23,0.0,85.09,2.39
2010-12-28,20.97,0.55,88.67,2.23
2010-12-29,22.87,0.22,89.44,2.38
2010-12-30,23.11,0.02,91.26,2.71
2010-12-31,23.08,6.16,91.03,2.03
2011-01-01,23.92,3.54,84.58,1.04
2011-01-02,23.96,0.09,86.85,1.34
2011-01-03,23.44,1.11,90.17,1.81
2011-01-04,23.08,0.21,88.82,2.46
2011-01-05,22.33,0.02,87.86,3.21
2011-01-06,22.76,0.0,87.8,2.52
2011-01-07,23.33,0.0,87.64,2.12
2011-01-08,24.65,0.02,84.1,1.3
2011-01-09,24.67,0.27,85.02,1.19
2011-01-10,24.29,0.05,83.83,1.07
2011-01-11,22.72,0.0,82.99,1.22
2011-01-12,21.6,0.0,82.84,1.89
2011-01-13,20.78,0.0,84.43,2.2
2011-01-14,21.44,0.02,85.33,2.55
2011-01-15,22.72,0.3,88.22,2.87
2011-01-16,23.57,2.87,88.68,3.11
2011-01-17,23.75,0.04,87.88,2.25
2011-01-18,23.37,0.0,85.84,2.45
2011-01-19,21.12,0.0,80.9,2.35
2011-01-20,21.09,0.0,82.42,2.29
2011-01-21,21.92,0.0,83.25,2.65
2011-01-22,22.37,0.0,81.01,3.17
2011-01-23,22.47,0.0,82.21,3.4
2011-01-24,22.5,0.0,80.29,3.39
2011-01-25,22.69,0.0,80.71,3.0
2011-01-26,23.55,0.46,81.31,3.8
2011-01-27,23.83,0.15,78.69,4.08
2011-01-28,23.65,0.0,80.42,2.99
2011-01-29,24.55,0.01,78.58,3.45
2011-01-30,24.65,0.05,79.26,3.87
2011-01-31,24.32,0.03,75.57,3.85
2011-02-01,24.54,0.01,74.04,2.93
2011-02-02,23.68,0.0,72.91,3.14
2011-02-03,23.41,0.07,78.5,3.05
2011-02-04,23.44,0.0,78.78,2.14
2011-02-05,24.56,0.0,73.76,2.6
2011-02-06,24.64,0.02,75.03,2.65
2011-02-07,24.87,0.04,76.55,2.48
2011-02-08,25.82,1.56,67.12,1.61
2011-02-09,25.06,0.24,70.51,1.51
2011-02-10,25.12,0.37,70.46,1.92
2011-02-11,23.89,0.0,70.84,2.55
2011-02-12,24.24,0.0,71.4,2.82
2011-02-13,23.9,0.0,67.44,2.8
2011-02-14,24.85,0.0,67.41,1.39
2011-02-15,25.57,0.0,68.98,1.17
2011-02-16,26.61,0.0,68.23,0.95
2011-02-17,27.36,0.0,68.12,1.05
2011-02-18,27.37,0.0,69.78,1.32
2011-02-19,27.81,0.0,68.17,1.06
2011-02-20,27.36,0.0,69.97,1.27
2011-02-21,26.69,13.21,76.38,1.05
2011-02-22,25.15,26.58,84.06,1.63
2011-02-23,26.11,0.77,75.55,1.97
2011-02-24,26.31,3.18,75.42,1.44
2011-02-25,26.03,0.6,75.95,1.34
2011-02-26,26.28,5.43,74.07,1.23
2011-02-27,26.25,0.59,70.52,2.1
2011-02-28,26.26,0.0,67.48,3.2
2011-03-01,26.34,0.01,71.0,3.66
2011-03-02,26.12,0.0,67.09,3.22
2011-03-03,25.86,0.0,72.25,2.7
2011-03-04,26.66,0.0,72.94,2.4
2011-03-05,26.72,0.0,73.71,1.72
2011-03-06,27.04,0.0,69.6,2.16
2011-03-07,26.23,0.0,63.92,2.14
2011-03-08,26.38,0.0,63.51,2.14
2011-03-09,26.85,0.0,59.95,1.96
2011-03-10,27.03,0.0,61.84,1.23
2011-03-11,27.55,0.0,62.01,0.81
2011-03-12,27.68,0.0,64.89,1.83
2011-03-13,28.14,0.4,68.81,1.75
2011-03-14,28.71,0.11,63.46,1.79
2011-03-15,28.61,0.0,60.12,2.03
2011-03-16,27.96,0.0,60.66,2.41
2011-03-17,27.38,0.0,61.89,3.63
2011-03-18,26.75,0.0,62.8,2.39
2011-03-19,28.58,0.0,62.81,1.45
2011-03-20,28.88,0.0,62.11,1.85
2011-03-21,29.36,0.0,58.78,2.13
2011-03-22,29.83,0.0,58.88,1.88
2011-03-23,30.1,0.0,58.74,1.6
2011-03-24,29.1,0.0,62.86,2.43
2011-03-25,29.56,0.0,61.34,2.5
2011-03-26,29.22,0.0,62.83,2.0
2011-03-27,30.46,0.01,57.99,1.79
2011-03-28,30.09,0.05,59.72,1.4
2011-03-29,30.33,0.01,57.88,1.66
2011-03-30,30.11,0.0,57.26,1.75
2011-03-31,30.37,0.0,56.21,1.65
2011-04-01,30.02,0.0,59.83,2.1
2011-04-02,29.52,0.19,62.53,2.98
2011-04-03,29.68,0.3,60.85,3.01
2011-04-04,29.86,0.03,57.7,2.85
2011-04-05,30.21,0.0,55.25,2.49
2011-04-06,29.9,0.0,53.57,1.77
2011-04-07,29.36,0.0,55.47,2.17
2011-04-08,29.56,0.0,53.42,1.75
2011-04-09,30.16,3.99,59.19,1.56
2011-04-10,28.87,2.03,65.96,1.48
2011-04-11,28.65,0.96,66.27,1.79
2011-04-12,28.49,2.85,67.59,1.4
2011-04-13,28.99,0.31,65.56,1.6
2011-04-14,28.97,0.01,66.04,2.26
2011-04-15,29.2,0.0,63.8,1.7
2011-04-16,29.71,0.0,58.21,1.71
2011-04-17,28.91,4.5,63.47,1.42
2011-04-18,27.77,3.73,73.87,1.47
2011-04-19,26.19,2.23,80.61,1.64
2011-04-20,26.42,2.0,74.85,1.64
2011-04-21,27.79,1.25,71.01,1.85
2011-04-22,26.01,12.73,85.01,2.21
2011-04-23,25.65,9.26,81.89,3.19
2011-04-24,27.44,0.72,70.79,1.86
2011-04-25,26.85,1.44,74.81,1.72
2011-04-26,26.83,0.36,79.9,2.03
2011-04-27,28.0,0.04,75.09,1.55
2011-04-28,26.73,9.33,85.39,2.85
2011-04-29,26.72,3.58,84.26,3.19
2011-04-30,27.6,1.9,79.2,2.94
2011-05-01,27.61,1.09,77.46,3.12
2011-05-02,26.85,2.06,83.78,3.11
2011-05-03,27.4,1.34,82.34,3.43
2011-05-04,27.45,0.05,74.68,4.0
2011-05-05,26.51,0.0,76.5,3.52
2011-05-06,27.12,0.0,74.05,4.06
2011-05-07,27.45,0.0,76.77,4.12
2011-05-08,27.88,0.0,68.64,4.41
2011-05-09,27.6,0.0,65.63,3.88
2011-05-10,27.77,0.0,62.74,3.26
2011-05-11,27.11,0.0,62.96,3.08
2011-05-12,27.42,0.0,65.45,2.83
2011-05-13,27.94,0.75,65.97,3.15
2011-05-14,28.55,0.2,67.32,3.09
2011-05-15,28.77,0.0,66.03,3.23
2011-05-16,29.59,0.0,62.91,2.38
2011-05-17,29.4,1.04,65.46,2.17
2011-05-18,29.37,0.49,64.93,2.53
2011-05-19,28.6,0.0,68.17,2.9
2011-05-20,28.02,0.91,74.1,2.94
2011-05-21,27.6,0.14,73.73,3.29
2011-05-22,27.28,0.0,75.09,2.72
2011-05-23,28.88,0.17,66.45,3.69
2011-05-24,27.87,1.98,77.01,3.75
2011-05-25,27.66,2.53,79.89,3.61
2011-05-26,26.73,0.66,76.76,4.04
2011-05-27,27.44,0.94,74.07,4.02
2011-05-28,27.33,0.67,74.29,4.29
2011-05-29,26.4,1.46,81.75,4.82
2011-05-30,26.83,0.96,79.18,5.43
2011-05-31,26.65,2.94,79.61,5.35
2011-06-01,25.99,23.54,84.56,5.3
2011-06-02,25.67,21.7,83.79,5.23
2011-06-03,25.95,6.31,85.15,4.32
2011-06-04,26.18,5.47,84.99,3.62
2011-06-05,25.85,7.44,86.96,3.84
2011-06-06,26.32,10.19,83.07,3.84
2011-06-07,26.49,0.7,83.21,3.37
2011-06-08,26.33,0.11,85.19,3.38
2011-06-09,26.55,4.69,83.52,3.8
2011-06-10,26.33,0.99,83.56,3.95
2011-06-11,26.55,0.0,81.06,3.6
2011-06-12,26.13,0.0,83.45,3.2
2011-06-13,25.99,0.43,79.44,3.65
2011-06-14,24.86,5.23,79.73,5.16
2011-06-15,25.27,2.47,84.05,4.14
2011-06-16,25.46,1.42,84.07,3.61
2011-06-17,25.75,3.03,81.92,4.32
2011-06-18,25.66,0.95,86.1,3.89
2011-06-19,26.68,0.14,77.92,4.91
2011-06-20,26.29,0.2,81.13,4.49
2011-06-21,27.08,0.11,76.65,4.68
2011-06-22,26.69,0.04,76.6,4.84
2011-06-23,26.96,0.55,76.2,4.7
2011-06-24,26.97,0.24,76.65,4.88
2011-06-25,26.72,0.15,80.36,4.98
2011-06-26,26.38,1.0,82.45,5.15
2011-06-27,25.64,0.44,79.5,5.43
2011-06-28,26.3,0.07,71.83,4.86
2011-06-29,26.82,0.0,74.5,4.03
2011-06-30,27.27,0.04,75.47,4.22
2011-07-01,26.87,0.34,77.57,4.18
2011-07-02,26.31,0.05,75.78,4.12
2011-07-03,26.69,0.0,77.1,3.48
2011-07-04,26.56,0.01,76.51,4.4
2011-07-05,24.97,9.09,77.81,4.64
2011-07-06,25.21,2.51,79.03,4.64
2011-07-07,26.22,0.75,75.17,4.05
2011-07-08,26.18,0.21,69.12,4.59
2011-07-09,25.47,1.92,80.37,2.95
2011-07-10,25.93,1.73,80.23,3.98
2011-07-11,25.84,1.3,81.73,5.39
2011-07-12,24.47,1.18,81.79,5.4
2011-07-13,25.35,0.85,79.15,4.88
2011-07-14,25.56,1.67,78.73,5.09
2011-07-15,25.71,6.31,80.52,4.75
2011-07-16,25.07,4.73,82.12,4.94
2011-07-17,24.82,1.38,82.47,4.47
2011-07-18,25.32,0.48,79.57,5.19
2011-07-19,25.48,0.23,79.29,4.38
2011-07-20,25.11,0.12,81.37,4.71
2011-07-21,26.2,1.28,78.31,4.09
2011-07-22,25.89,1.36,78.48,4.54
2011-07-23,25.32,1.13,84.06,4.13
2011-07-24,24.71,0.81,84.12,4.43
2011-07-25,24.63,0.14,81.93,4.08
2011-07-26,25.43,0.1,78.7,4.39
2011-07-27,24.63,0.11,82.6,4.4
2011-07-28,26.17,0.21,75.74,4.43
2011-07-29,25.68,0.02,74.01,4.67
2011-07-30,25.34,0.01,78.44,3.79
2011-07-31,26.13,0.0,78.88,4.42
2011-08-01,26.75,0.0,74.67,4.72
2011-08-02,26.08,1.15,80.17,4.69
2011-08-03,25.08,4.61,86.23,3.78
2011-08-04,25.61,0.68,79.58,3.54
2011-08-05,25.36,0.3,79.17,4.64
2011-08-06,24.7,6.29,80.21,5.09
2011-08-07,25.69,2.29,77.56,5.3
2011-08-08,25.75,0.41,80.99,4.2
2011-08-09,26.29,0.05,77.25,4.28
2011-08-10,26.44,0.05,75.38,4.62
2011-08-11,26.04,0.15,77.8,4.87
2011-08-12,25.54,0.1,78.05,4.5
2011-08-13,26.13,0.02,73.72,4.42
2011-08-14,27.07,0.0,71.92,3.27
2011-08-15,26.86,0.69,74.71,3.11
2011-08-16,26.39,0.16,74.87,3.71
2011-08-17,25.48,2.2,79.68,3.59
2011-08-18,24.9,0.44,79.8,4.57
2011-08-19,25.83,0.05,75.59,4.54
2011-08-20,26.12,0.01,79.16,4.69
2011-08-21,26.29,0.0,74.76,4.76
2011-08-22,25.77,0.0,77.5,4.37
2011-08-23,26.13,0.01,76.41,4.34
2011-08-24,25.73,0.04,73.12,4.14
2011-08-25,25.82,0.51,76.38,4.25
2011-08-26,26.05,0.86,77.4,3.99
2011-08-27,26.03,0.24,77.08,4.7
2011-08-28,25.57,0.52,82.36,4.14
2011-08-29,25.79,2.35,81.4,4.17
2011-08-30,25.8,5.28,80.99,4.06
2011-08-31,25.75,14.34,80.96,4.48
2011-09-01,25.76,5.22,81.8,4.95
2011-09-02,24.84,0.93,85.56,4.04
2011-09-03,24.73,2.81,82.6,4.0
2011-09-04,26.05,1.28,79.48,3.63
2011-09-05,26.62,0.01,77.36,3.96
2011-09-06,25.78,0.85,79.67,3.71
2011-09-07,25.21,0.22,79.95,3.57
2011-09-08,26.61,0.68,77.98,3.55
2011-09-09,26.33,0.28,77.04,4.19
2011-09-10,25.64,8.06,81.36,4.8
2011-09-11,24.77,3.12,83.74,4.93
2011-09-12,25.07,7.34,82.58,4.56
2011-09-13,25.01,2.54,80.22,5.16
2011-09-14,25.59,1.65,76.67,5.14
2011-09-15,25.73,0.94,79.15,5.05
2011-09-16,26.62,0.16,78.51,4.12
2011-09-17,27.12,0.05,75.77,3.65
2011-09-18,26.69,0.01,76.73,3.43
2011-09-19,26.34,0.76,77.47,3.5
2011-09-20,26.09,2.59,79.81,3.79
2011-09-21,25.84,1.38,80.0,4.09
2011-09-22,26.41,0.1,75.46,3.73
2011-09-23,26.01,0.0,76.39,3.6
2011-09-24,27.43,0.0,69.36,3.95
2011-09-25,27.64,0.0,69.47,3.43
2011-09-26,27.66,0.21,69.43,3.37
2011-09-27,27.81,0.0,69.79,3.99
2011-09-28,26.81,0.0,70.63,3.96
2011-09-29,27.51,0.06,69.79,3.16
2011-09-30,27.88,0.31,71.87,2.68
2011-10-01,27.18,0.12,71.73,2.41
2011-10-02,27.63,0.01,68.83,2.87
2011-10-03,28.29,0.11,68.73,3.29
2011-10-04,27.39,0.3,72.49,3.57
2011-10-05,27.61,0.44,68.59,2.63
2011-10-06,27.98,0.03,67.31,3.32
2011-10-07,27.67,3.41,69.14,3.24
2011-10-08,27.52,0.1,67.35,3.44
2011-10-09,27.71,0.0,65.35,3.54
2011-10-10,27.77,0.0,66.87,3.33
2011-10-11,27.19,0.07,69.09,3.23
2011-10-12,27.34,0.68,69.12,2.43
2011-10-13,28.12,1.72,66.03,1.78
2011-10-14,27.0,1.87,75.47,1.66
2011-10-15,27.0,2.49,77.86,1.73
2011-10-16,26.43,34.45,82.96,2.01
2011-10-17,25.41,13.5,81.97,1.6
2011-10-18,25.5,4.51,76.8,1.39
2011-10-19,26.58,0.48,73.82,1.73
2011-10-20,27.18,0.0,69.84,1.62
2011-10-21,27.42,0.46,73.22,1.03
2011-10-22,26.74,0.62,76.16,1.26
2011-10-23,25.15,1.82,81.26,1.58
2011-10-24,26.15,8.25,78.81,2.07
2011-10-25,24.79,11.39,84.16,2.5
2011-10-26,24.41,28.92,90.64,3.13
2011-10-27,25.12,14.47,85.71,1.63
2011-10-28,25.08,6.71,86.76,2.55
2011-10-29,24.46,5.79,89.9,3.05
2011-10-30,24.03,27.45,87.82,2.57
2011-10-31,24.46,21.73,88.88,2.67
2011-11-01,24.12,10.77,92.86,2.05
2011-11-02,23.89,2.92,91.37,1.43
2011-11-03,24.08,1.76,88.87,1.32
2011-11-04,24.26,0.35,84.67,1.4
2011-11-05,25.49,0.01,81.5,1.32
2011-11-06,24.91,15.92,87.51,0.93
2011-11-07,25.24,14.61,85.8,1.14
2011-11-08,24.0,1.43,83.87,2.2
2011-11-09,22.59,0.0,80.93,2.46
2011-11-10,22.54,0.0,76.06,1.87
2011-11-11,23.74,0.0,75.05,1.57
2011-11-12,24.06,0.0,77.38,1.44
2011-11-13,24.94,0.0,84.0,1.58
2011-11-14,25.07,9.1,85.3,2.29
2011-11-15,24.53,0.68,84.25,2.74
2011-11-16,24.65,0.11,80.35,1.85
2011-11-17,24.73,0.23,82.68,2.49
2011-11-18,25.28,5.41,85.91,2.9
2011-11-19,24.94,1.43,84.66,3.77
2011-11-20,24.11,0.78,80.44,4.14
2011-11-21,24.59,1.33,83.47,3.98
2011-11-22,24.84,0.13,81.09,4.38
2011-11-23,24.92,0.44,80.17,4.11
2011-11-24,25.4,2.5,84.82,4.39
2011-11-25,24.67,29.35,92.36,5.14
2011-11-26,25.09,35.97,91.63,6.05
2011-11-27,24.51,35.27,94.12,2.22
2011-11-28,24.24,2.06,87.69,1.39
2011-11-29,24.61,0.13,86.91,1.13
2011-11-30,25.42,1.13,88.51,2.07
2011-12-01,24.65,2.0,90.56,1.68
2011-12-02,24.76,3.02,88.36,1.69
2011-12-03,24.96,2.43,87.08,1.05
2011-12-04,25.11,2.12,85.87,0.89
2011-12-05,24.27,0.49,85.78,1.91
2011-12-06,23.18,0.01,86.31,2.55
2011-12-07,22.26,0.0,84.9,2.92
2011-12-08,22.38,0.01,84.7,2.57
2011-12-09,23.99,0.01,87.85,2.34
2011-12-10,24.69,0.29,86.93,2.23
2011-12-11,24.32,1.79,88.99,2.46
2011-12-12,23.15,2.28,90.5,2.55
2011-12-13,23.84,0.16,87.14,3.18
2011-12-14,24.43,0.17,86.58,3.27
2011-12-15,24.06,1.84,87.62,2.9
2011-12-16,23.91,3.23,82.38,3.66
2011-12-17,23.21,0.0,80.28,3.1
2011-12-18,22.94,1.15,82.77,4.16
2011-12-19,22.64,4.7,86.54,3.32
2011-12-20,22.4,0.72,83.48,3.56
2011-12-21,22.92,0.0,79.35,3.25
2011-12-22,22.61,0.02,81.87,2.84
2011-12-23,22.73,0.01,81.24,2.34
2011-12-24,23.86,29.48,80.16,2.2
2011-12-25,22.63,0.31,79.27,2.16
2011-12-26,22.94,0.0,71.81,1.74
2011-12-27,23.11,0.0,77.38,1.18
2011-12-28,23.44,0.0,81.7,1.61
2011-12-29,23.68,0.0,82.54,2.39
2011-12-30,24.43,29.32,86.4,2.73
2011-12-31,24.2,50.4,88.85,1.82
2012-01-01,23.23,0.77,85.52,1.71
2012-01-02,22.74,0.0,84.54,1.4
2012-01-03,23.6,0.0,85.62,1.9
2012-01-04,24.76,0.0,87.03,2.37
2012-01-05,24.7,0.0,85.61,2.94
2012-01-06,24.32,0.0,84.61,3.1
2012-01-07,23.61,0.01,83.22,2.95
2012-01-08,24.31,0.16,85.23,3.25
2012-01-09,25.11,0.04,84.32,2.23
2012-01-10,24.78,2.75,84.74,1.93
2012-01-11,24.02,8.28,82.73,1.55
2012-01-12,23.9,0.55,81.25,2.4
2012-01-13,24.01,0.0,80.28,3.15
2012-01-14,23.62,0.0,79.52,3.3
2012-01-15,22.31,0.0,74.76,3.44
2012-01-16,21.35,0.0,74.39,2.82
2012-01-17,21.77,0.0,74.22,2.25
2012-01-18,22.7,0.0,70.62,1.42
2012-01-19,23.74,0.0,71.24,1.12
2012-01-20,23.62,0.0,74.41,1.4
2012-01-21,23.65,0.0,74.88,1.88
2012-01-22,22.97,0.0,72.04,2.82
2012-01-23,22.64,0.0,75.12,3.14
2012-01-24,22.89,0.0,72.22,2.7
2012-01-25,22.56,0.0,70.34,2.51
2012-01-26,23.24,0.0,71.93,2.39
2012-01-27,24.17,0.03,75.4,2.05
2012-01-28,24.81,0.0,74.19,2.29
2012-01-29,24.85,0.0,72.52,2.23
2012-01-30,24.53,0.0,70.7,3.15
2012-01-31,24.04,0.0,71.2,3.41
2012-02-01,23.93,0.0,70.39,3.8
2012-02-02,24.1,0.0,70.41,4.06
2012-02-03,24.92,0.0,70.81,4.42
2012-02-04,25.62,0.0,67.92,3.34
2012-02-05,25.87,0.0,71.21,3.0
2012-02-06,24.93,0.0,77.58,2.76
2012-02-07,26.02,0.0,73.64,3.27
2012-02-08,25.38,0.01,78.91,3.03
2012-02-09,26.5,0.07,77.45,2.45
2012-02-10,24.42,2.98,88.71,2.1
2012-02-11,26.41,0.51,72.5,2.27
2012-02-12,25.77,0.03,70.87,2.91
2012-02-13,25.98,0.0,70.07,3.33
2012-02-14,26.72,0.0,68.45,2.85
2012-02-15,25.91,0.01,72.24,1.89
2012-02-16,26.52,0.0,68.18,1.79
2012-02-17,26.31,0.0,65.75,2.12
2012-02-18,25.34,0.0,71.8,3.18
2012-02-19,25.26,0.0,70.19,3.38
2012-02-20,26.01,0.0,67.86,2.71
2012-02-21,25.67,0.0,65.18,2.71
2012-02-22,24.96,0.0,65.58,2.7
2012-02-23,25.22,0.0,66.02,3.14
2012-02-24,24.62,0.0,65.38,3.03
2012-02-25,25.8,0.0,62.16,3.76
2012-02-26,26.54,0.0,59.61,3.0
2012-02-27,27.2,0.0,60.5,2.96
2012-02-28,25.56,0.0,68.72,1.34
2012-02-29,28.37,0.0,62.87,1.56
2012-03-01,29.13,0.0,60.1,1.69
2012-03-02,29.35,0.0,60.68,1.84
2012-03-03,28.92,0.0,63.22,2.47
2012-03-04,29.1,0.0,56.96,2.25
2012-03-05,28.06,0.0,60.99,1.73
2012-03-06,28.81,0.0,58.65,1.21
2012-03-07,28.88,0.01,62.01,2.53
2012-03-08,28.44,0.0,63.45,4.03
2012-03-09,28.58,0.0,56.9,2.19
2012-03-10,29.5,0.0,52.91,1.45
2012-03-11,28.71,1.58,55.63,2.22
2012-03-12,27.26,3.86,68.34,2.77
2012-03-13,25.75,5.39,81.7,2.19
2012-03-14,26.28,3.85,76.09,2.21
2012-03-15,26.97,4.47,72.53,2.02
2012-03-16,28.07,0.45,68.76,1.64
2012-03-17,28.53,0.04,64.53,1.72
2012-03-18,28.52,0.0,61.84,1.51
2012-03-19,29.16,0.0,62.31,1.75
2012-03-20,29.47,0.0,62.32,2.05
2012-03-21,29.31,0.0,62.09,2.03
2012-03-22,29.69,0.18,60.42,2.1
2012-03-23,29.71,0.02,55.95,1.84
2012-03-24,28.78,0.0,55.23,1.84
2012-03-25,27.7,0.0,45.92,2.34
2012-03-26,27.69,0.0,45.84,2.26
2012-03-27,28.02,0.28,60.72,2.02
2012-03-28,29.09,0.42,60.27,1.71
2012-03-29,29.1,4.4,61.88,1.43
2012-03-30,27.93,0.67,70.1,2.89
2012-03-31,29.26,7.07,66.8,1.42
2012-04-01,28.44,6.34,69.29,1.42
2012-04-02,26.92,0.97,73.65,1.22
2012-04-03,28.0,0.04,67.27,1.69
2012-04-04,28.85,0.09,64.39,1.4
2012-04-05,29.44,0.02,62.76,2.08
2012-04-06,29.84,0.02,62.21,2.48
2012-04-07,30.36,0.0,58.88,2.03
2012-04-08,30.31,0.19,60.07,1.96
2012-04-09,29.55,0.04,62.66,2.06
2012-04-10,30.29,0.0,59.28,2.05
2012-04-11,30.15,0.06,60.01,2.04
2012-04-12,29.8,3.43,61.71,2.12
2012-04-13,28.49,0.8,67.54,1.47
2012-04-14,27.95,4.83,73.14,0.95
2012-04-15,27.06,4.81,78.21,0.78
2012-04-16,27.06,0.41,75.2,1.29
2012-04-17,27.95,0.0,70.65,2.79
2012-04-18,27.33,0.0,74.97,2.95
2012-04-19,27.77,0.0,70.97,2.35
2012-04-20,28.2,0.19,71.08,1.9
2012-04-21,30.04,0.09,61.02,2.82
2012-04-22,28.57,0.15,72.64,3.16
2012-04-23,28.16,0.39,76.07,3.0
2012-04-24,26.94,19.35,84.9,2.34
2012-04-25,26.92,3.07,79.2,2.38
2012-04-26,27.14,1.65,77.86,2.74
2012-04-27,26.62,7.17,82.45,3.17
2012-04-28,27.06,2.87,80.29,3.23
2012-04-29,26.61,13.05,85.36,2.68
2012-04-30,26.45,6.24,81.95,3.06
2012-05-01,26.52,1.38,79.57,2.83
2012-05-02,27.15,0.08,75.57,3.13
2012-05-03,27.02,4.42,77.95,3.6
2012-05-04,26.67,2.32,79.36,3.84
2012-05-05,26.8,0.76,78.77,4.51
2012-05-06,27.94,0.13,71.22,3.97
2012-05-07,29.14,0.21,66.94,3.02
2012-05-08,28.22,1.24,70.83,3.34
2012-05-09,27.66,8.09,73.78,3.18
2012-05-10,27.91,0.39,71.16,2.91
2012-05-11,26.96,32.74,82.1,3.21
2012-05-12,26.8,10.08,81.81,3.53
2012-05-13,27.73,0.01,76.54,3.19
2012-05-14,27.78,0.0,77.03,3.05
2012-05-15,26.99,0.2,81.05,3.22
2012-05-16,26.93,4.55,83.04,3.33
2012-05-17,26.95,0.7,81.05,3.61
2012-05-18,27.28,0.0,82.09,2.96
2012-05-19,27.28,0.0,81.59,3.66
2012-05-20,27.24,0.01,82.45,3.23
2012-05-21,25.97,0.01,78.26,4.12
2012-05-22,26.18,0.0,81.14,3.73
2012-05-23,26.65,0.06,80.09,3.27
2012-05-24,27.26,0.02,77.28,4.34
2012-05-25,26.48,0.0,82.14,3.54
2012-05-26,26.0,0.0,83.04,3.29
2012-05-27,26.3,0.0,81.4,4.14
2012-05-28,27.25,0.86,79.14,4.51
2012-05-29,27.01,0.84,79.46,4.12
2012-05-30,26.85,0.3,78.9,4.28
2012-05-31,27.07,0.22,78.53,4.49
2012-06-01,27.05,0.06,78.07,4.22
2012-06-02,27.21,0.02,78.53,4.41
2012-06-03,27.29,0.6,79.23,4.76
2012-06-04,27.05,0.36,77.9,4.97
2012-06-05,27.57,1.27,72.73,5.25
2012-06-06,26.43,4.74,82.22,4.78
2012-06-07,25.44,1.33,83.64,4.83
2012-06-08,26.45,0.21,75.81,4.48
2012-06-09,26.56,0.0,80.03,4.91
2012-06-10,26.76,0.0,79.09,4.89
2012-06-11,27.35,0.0,74.1,4.72
2012-06-12,27.09,0.64,76.03,4.44
2012-06-13,26.35,1.02,73.66,4.23
2012-06-14,24.89,4.92,81.79,4.09
2012-06-15,25.39,1.97,83.78,4.52
2012-06-16,26.17,3.89,80.59,5.06
2012-06-17,26.03,2.33,77.75,5.46
2012-06-18,25.61,0.72,80.96,4.49
2012-06-19,26.24,1.58,79.48,4.46
2012-06-20,25.85,0.83,81.61,4.65
2012-06-21,25.9,0.39,80.46,4.18
2012-06-22,25.82,2.75,81.9,3.9
2012-06-23,26.49,0.76,78.62,4.4
2012-06-24,26.72,0.16,76.56,3.78
2012-06-25,27.18,0.02,74.49,3.65
2012-06-26,26.21,0.04,77.27,3.66
2012-06-27,25.83,1.28,77.81,3.73
2012-06-28,24.7,0.49,82.38,3.8
2012-06-29,25.05,0.53,82.13,3.84
2012-06-30,25.89,2.31,78.13,4.35
2012-07-01,25.75,6.47,76.98,5.06
2012-07-02,25.75,8.44,78.29,5.38
2012-07-03,25.8,1.71,81.08,5.05
2012-07-04,26.13,1.41,80.97,4.45
2012-07-05,26.26,0.77,80.37,4.2
2012-07-06,26.56,0.17,78.78,4.01
2012-07-07,26.52,0.08,79.56,4.28
2012-07-08,26.53,0.03,79.52,4.4
2012-07-09,25.39,11.14,85.03,5.23
2012-07-10,24.97,9.38,84.03,4.94
2012-07-11,25.85,2.46,78.28,5.3
2012-07-12,26.59,0.63,76.89,4.82
2012-07-13,26.23,0.18,77.92,5.0
2012-07-14,26.1,0.04,80.83,4.41
2012-07-15,26.26,0.0,80.06,3.35
2012-07-16,26.65,0.01,77.36,2.48
2012-07-17,26.7,1.67,78.07,3.04
2012-07-18,26.41,0.2,77.09,3.81
2012-07-19,26.43,0.04,79.41,4.39
2012-07-20,26.56,0.46,77.66,4.8
2012-07-21,26.43,0.22,78.2,5.02
2012-07-22,25.84,4.71,82.35,5.5
2012-07-23,26.47,0.87,78.43,5.31
2012-07-24,26.27,0.93,80.97,4.93
2012-07-25,25.88,0.34,83.39,5.12
2012-07-26,26.34,0.05,78.61,5.32
2012-07-27,26.55,0.0,77.04,5.16
2012-07-28,25.96,0.39,79.24,4.58
2012-07-29,26.5,0.36,77.59,4.3
2012-07-30,25.78,0.04,80.86,3.58
2012-07-31,26.54,0.0,77.66,3.66
2012-08-01,26.86,0.0,74.85,3.72
2012-08-02,26.61,0.0,73.77,4.12
2012-08-03,26.52,0.0,76.26,4.38
2012-08-04,26.04,1.25,80.4,4.16
2012-08-05,26.02,0.47,81.49,3.96
2012-08-06,26.8,1.01,77.93,3.94
2012-08-07,26.97,0.36,74.54,3.72
2012-08-08,26.61,2.61,75.08,4.1
2012-08-09,26.47,0.57,73.88,4.21
2012-08-10,26.58,0.03,75.55,4.24
2012-08-11,25.62,0.77,79.16,4.32
2012-08-12,26.27,0.07,74.32,4.15
2012-08-13,25.4,0.0,80.25,3.69
2012-08-14,26.07,6.38,77.29,3.74
2012-08-15,26.18,3.26,78.3,4.29
2012-08-16,25.24,3.98,83.12,3.81
2012-08-17,24.2,7.51,84.31,4.71
2012-08-18,25.21,1.85,77.26,5.38
2012-08-19,26.16,0.17,74.44,4.51
2012-08-20,27.01,0.0,72.29,4.38
2012-08-21,27.14,0.0,72.67,3.69
2012-08-22,27.47,0.0,70.83,2.94
2012-08-23,27.43,0.2,71.92,3.04
2012-08-24,26.86,4.78,75.73,3.22
2012-08-25,25.75,1.75,79.61,4.37
2012-08-26,25.58,0.15,81.76,4.53
2012-08-27,25.28,4.13,81.59,4.14
2012-08-28,25.64,2.6,79.57,3.91
2012-08-29,25.54,9.4,82.06,4.33
2012-08-30,24.88,7.37,87.93,4.03
2012-08-31,25.02,7.77,85.89,3.7
2012-09-01,26.11,0.74,78.8,3.64
2012-09-02,26.48,0.48,80.0,3.96
2012-09-03,25.56,1.49,82.56,4.47
2012-09-04,25.02,3.19,81.21,4.42
2012-09-05,26.72,0.47,75.38,3.5
2012-09-06,27.11,0.35,76.4,3.75
2012-09-07,26.16,0.05,79.68,3.99
2012-09-08,26.57,1.52,75.31,3.93
2012-09-09,25.48,1.63,79.28,4.0
2012-09-10,25.29,1.17,78.14,4.47
2012-09-11,26.11,0.23,76.92,4.14
2012-09-12,26.82,0.0,74.64,3.68
2012-09-13,26.23,9.06,80.01,3.76
2012-09-14,25.53,3.86,83.53,4.14
2012-09-15,25.82,1.05,81.16,4.63
2012-09-16,26.26,0.28,79.6,4.39
2012-09-17,26.93,0.19,77.93,3.78
2012-09-18,27.07,0.16,73.67,3.92
2012-09-19,27.37,0.01,70.55,2.78
2012-09-20,27.76,0.0,69.47,3.18
2012-09-21,27.36,0.01,71.98,2.45
2012-09-22,26.1,0.27,77.19,2.64
2012-09-23,26.97,0.08,72.15,3.11
2012-09-24,27.07,0.33,71.63,3.8
2012-09-25,27.05,0.01,71.24,4.03
2012-09-26,26.63,0.01,76.5,3.95
2012-09-27,26.59,0.73,76.53,3.81
2012-09-28,26.24,0.42,77.59,3.56
2012-09-29,27.22,0.05,74.09,3.31
2012-09-30,27.25,0.0,69.74,4.31
2012-10-01,26.18,0.0,73.74,3.54
2012-10-02,27.35,0.0,71.58,3.72
2012-10-03,27.85,0.0,67.85,3.54
2012-10-04,28.21,0.0,65.9,3.26
2012-10-05,28.75,0.0,65.84,3.1
2012-10-06,28.76,0.0,61.76,2.64
2012-10-07,29.11,2.74,64.33,2.67
2012-10-08,27.55,1.68,75.17,1.94
2012-10-09,28.3,0.34,68.4,2.66
2012-10-10,27.14,10.13,71.98,2.88
2012-10-11,26.8,18.38,78.24,2.01
2012-10-12,26.41,5.92,81.23,1.72
2012-10-13,27.24,0.52,74.55,1.8
2012-10-14,26.01,6.92,83.23,1.82
2012-10-15,25.33,5.16,82.4,1.76
2012-10-16,24.77,15.37,84.29,2.03
2012-10-17,25.45,45.01,81.81,1.08
2012-10-18,25.07,19.73,83.67,1.52
2012-10-19,24.53,20.78,92.1,2.46
2012-10-20,24.06,10.51,88.53,1.76
2012-10-21,24.5,9.13,87.69,1.47
2012-10-22,24.56,14.33,89.86,1.68
2012-10-23,24.98,12.7,89.8,2.59
2012-10-24,24.65,12.23,92.2,2.49
2012-10-25,24.41,3.59,91.01,1.93
2012-10-26,24.68,0.16,89.12,1.83
2012-10-27,24.79,0.38,93.12,1.83
2012-10-28,24.54,4.59,91.09,1.18
2012-10-29,24.29,3.79,88.58,1.26
2012-10-30,24.33,0.02,85.76,0.88
2012-10-31,24.8,10.78,87.9,2.67
2012-11-01,24.73,11.76,90.55,4.65
2012-11-02,25.28,1.59,85.38,2.66
2012-11-03,24.47,0.0,86.86,1.9
2012-11-04,24.41,0.0,83.29,1.73
2012-11-05,24.13,0.0,83.08,1.87
2012-11-06,24.67,5.33,81.79,1.12
2012-11-07,24.53,11.19,86.08,0.56
2012-11-08,24.13,9.29,88.85,0.65
2012-11-09,24.25,11.69,89.97,1.43
2012-11-10,24.87,5.8,88.4,1.77
2012-11-11,24.52,13.39,88.47,2.07
2012-11-12,24.39,0.5,81.38,1.38
2012-11-13,24.57,0.05,79.17,1.74
2012-11-14,24.16,0.04,74.86,1.52
2012-11-15,23.35,0.0,74.1,1.46
2012-11-16,24.09,0.04,75.14,1.33
2012-11-17,24.41,7.72,81.41,1.53
2012-11-18,25.76,0.0,80.8,0.86
2012-11-19,25.74,0.0,80.81,0.94
2012-11-20,25.67,0.0,79.97,0.77
2012-11-21,26.19,0.0,78.94,0.69
2012-11-22,26.14,0.16,80.93,0.86
2012-11-23,25.81,6.48,86.64,1.27
2012-11-24,24.55,20.71,90.82,1.58
2012-11-25,24.04,1.97,92.39,2.69
2012-11-26,24.33,0.18,89.35,2.9
2012-11-27,24.11,0.02,87.74,2.89
2012-11-28,24.35,0.0,82.47,2.75
2012-11-29,23.14,0.0,81.15,2.39
2012-11-30,23.28,0.0,81.12,1.89
2012-12-01,23.06,0.0,80.11,2.07
2012-12-02,23.54,0.0,78.02,1.93
2012-12-03,24.78,0.13,79.11,1.44
2012-12-04,24.06,8.44,91.71,1.9
2012-12-05,24.86,0.08,83.13,3.4
2012-12-06,25.41,2.67,85.56,3.49
2012-12-07,25.32,0.57,83.19,3.96
2012-12-08,25.19,0.33,83.96,2.67
2012-12-09,24.63,10.81,86.18,2.24
2012-12-10,23.41,0.02,79.76,2.31
2012-12-11,24.19,0.0,82.25,2.27
2012-12-12,24.4,0.0,80.48,1.98
2012-12-13,24.65,0.0,78.8,1.8
2012-12-14,24.06,0.0,79.07,3.02
2012-12-15,23.56,0.0,81.95,3.31
2012-12-16,24.31,0.02,76.31,4.31
2012-12-17,24.07,0.04,73.68,4.61
2012-12-18,24.34,1.39,79.05,4.61
2012-12-19,23.65,2.52,85.92,3.5
2012-12-20,24.37,0.99,86.8,3.94
2012-12-21,25.04,0.78,82.69,3.59
2012-12-22,24.92,0.06,76.73,3.48
2012-12-23,24.22,0.03,77.18,4.49
2012-12-24,25.17,0.02,76.6,3.22
2012-12-25,25.18,0.07,80.25,3.98
2012-12-26,25.58,5.78,79.48,2.75
2012-12-27,24.75,9.69,86.82,3.12
2012-12-28,24.26,7.61,91.44,2.1
2012-12-29,25.05,2.9,88.34,2.96
2012-12-30,25.18,1.89,87.13,2.62
2012-12-31,24.85,0.2,84.66,2.32
2013-01-01,25.39,0.0,79.17,2.41
2013-01-02,25.56,0.0,71.82,2.2
2013-01-03,25.27,0.0,76.96,1.84
2013-01-04,25.39,0.01,74.35,1.49
2013-01-05,25.25,0.0,77.97,1.81
2013-01-06,26.05,0.0,76.38,1.99
2013-01-07,26.01,0.1,73.9,2.04
2013-01-08,25.08,5.66,78.88,1.26
2013-01-09,24.9,0.54,84.26,1.72
2013-01-10,24.98,0.05,75.94,2.62
2013-01-11,24.82,0.0,76.45,3.17
2013-01-12,24.81,0.0,73.63,2.75
2013-01-13,24.26,0.0,69.1,3.13
2013-01-14,23.35,0.0,72.05,2.74
2013-01-15,24.05,0.0,74.19,3.36
2013-01-16,24.03,0.0,71.87,3.53
2013-01-17,24.02,0.0,70.39,3.15
2013-01-18,24.23,0.0,71.86,2.59
2013-01-19,24.78,0.0,69.87,2.52
2013-01-20,24.53,0.0,71.72,2.4
2013-01-21,25.77,0.0,73.01,2.94
2013-01-22,25.21,0.0,66.77,3.2
2013-01-23,25.95,0.0,70.59,2.57
2013-01-24,25.67,0.01,71.65,2.91
2013-01-25,25.97,0.01,68.59,3.25
2013-01-26,25.53,0.0,65.93,3.38
2013-01-27,25.34,0.0,71.55,3.43
2013-01-28,25.61,0.0,67.94,2.55
2013-01-29,25.71,0.0,68.98,2.01
2013-01-30,25.54,0.0,70.75,3.21
2013-01-31,25.45,0.0,66.92,4.33
2013-02-01,24.67,0.0,66.54,3.51
2013-02-02,25.29,0.0,68.3,3.07
2013-02-03,25.4,0.0,67.09,2.91
2013-02-04,26.33,0.0,66.97,2.14
2013-02-05,26.48,0.07,72.57,2.32
2013-02-06,25.91,7.45,78.72,2.12
2013-02-07,27.1,0.12,69.38,1.55
2013-02-08,27.52,0.0,66.91,1.35
2013-02-09,26.24,0.0,73.19,2.27
2013-02-10,27.24,0.0,64.77,3.89
2013-02-11,27.0,0.1,66.67,4.63
2013-02-12,27.3,0.14,68.99,4.67
2013-02-13,25.28,8.94,82.62,3.6
2013-02-14,24.32,3.45,81.21,2.47
2013-02-15,24.64,0.05,77.1,2.15
2013-02-16,26.9,0.0,70.69,1.72
2013-02-17,27.37,2.51,68.89,1.71
2013-02-18,25.98,6.53,77.04,1.58
2013-02-19,26.78,2.31,73.62,1.1
2013-02-20,27.36,0.06,70.81,2.62
2013-02-21,26.86,0.0,62.59,3.37
2013-02-22,25.99,0.0,66.58,3.43
2013-02-23,26.03,0.0,66.41,2.7
2013-02-24,26.42,0.0,63.71,2.65
2013-02-25,26.61,0.0,62.48,2.19
2013-02-26,26.04,0.0,61.59,2.18
2013-02-27,26.73,0.0,56.41,2.2
2013-02-28,27.59,0.0,58.67,1.94
2013-03-01,28.13,0.0,57.62,2.31
2013-03-02,27.58,0.0,61.62,3.4
2013-03-03,27.76,0.0,56.56,3.08
2013-03-04,27.74,0.09,64.74,3.58
2013-03-05,26.0,9.48,78.81,3.9
2013-03-06,26.28,3.6,82.49,3.27
2013-03-07,26.92,0.05,76.49,3.96
2013-03-08,26.58,6.12,80.94,2.56
2013-03-09,26.6,12.77,81.17,1.83
2013-03-10,27.7,0.14,70.94,1.78
2013-03-11,27.61,0.1,66.11,1.9
2013-03-12,27.66,0.0,64.28,1.35
2013-03-13,28.26,0.0,59.68,1.21
2013-03-14,27.63,0.0,63.05,1.41
2013-03-15,27.29,3.86,70.66,1.9
2013-03-16,26.1,30.43,77.31,2.31
2013-03-17,26.79,1.78,72.97,2.11
2013-03-18,27.85,0.0,68.85,1.61
2013-03-19,27.68,0.0,67.98,1.45
2013-03-20,27.95,0.0,68.16,1.75
2013-03-21,27.73,0.0,65.28,1.94
2013-03-22,27.58,0.0,57.86,1.67
2013-03-23,27.7,0.0,60.11,1.17
2013-03-24,28.43,0.0,62.2,1.61
2013-03-25,28.45,2.52,68.49,1.07
2013-03-26,27.37,1.54,74.68,1.06
2013-03-27,27.21,0.01,72.78,1.26
2013-03-28,28.77,0.0,67.95,1.54
2013-03-29,28.26,0.0,70.28,1.76
2013-03-30,29.05,0.0,67.8,1.72
2013-03-31,29.42,0.0,65.12,1.76
2013-04-01,29.48,0.0,62.62,2.18
2013-04-02,29.73,0.0,62.47,2.1
2013-04-03,28.84,0.0,66.34,1.45
2013-04-04,29.7,0.0,64.21,2.98
2013-04-05,28.94,0.0,65.75,2.96
2013-04-06,29.41,0.0,64.28,3.48
2013-04-07,30.38,0.0,61.3,2.95
2013-04-08,30.85,0.0,60.84,2.13
2013-04-09,30.09,2.98,62.55,1.99
2013-04-10,29.71,0.99,61.53,1.88
2013-04-11,30.11,0.15,60.19,2.41
2013-04-12,30.52,0.07,61.13,1.94
2013-04-13,30.88,0.02,60.74,1.53
2013-04-14,29.0,3.01,68.93,2.6
2013-04-15,26.61,43.05,83.92,2.73
2013-04-16,28.52,3.31,72.51,3.35
2013-04-17,28.76,0.0,70.23,3.36
2013-04-18,28.87,0.0,66.89,3.14
2013-04-19,29.36,0.0,63.14,2.59
2013-04-20,28.9,0.0,65.11,3.17
2013-04-21,28.74,0.03,65.48,2.34
2013-04-22,28.47,0.03,67.22,2.17
2013-04-23,29.16,0.0,65.36,1.74
2013-04-24,29.71,0.15,66.07,1.21
2013-04-25,28.66,0.64,71.72,0.97
2013-04-26,27.86,0.21,74.74,1.0
2013-04-27,28.9,1.19,69.41,1.33
2013-04-28,29.38,0.43,67.86,2.31
2013-04-29,29.36,0.06,69.25,3.0
2013-04-30,28.22,8.65,78.36,1.58
2013-05-01,27.88,5.4,77.54,1.13
2013-05-02,27.74,1.67,76.44,2.22
2013-05-03,27.94,0.32,76.48,3.3
2013-05-04,28.05,0.01,77.66,3.16
2013-05-05,27.79,0.0,77.42,2.5
2013-05-06,27.63,3.38,80.47,2.28
2013-05-07,27.57,1.2,79.53,2.22
2013-05-08,27.56,19.15,80.16,3.52
2013-05-09,27.66,5.75,79.01,3.32
2013-05-10,28.78,0.39,75.65,3.14
2013-05-11,28.04,0.03,78.86,3.72
2013-05-12,27.25,0.04,79.22,5.1
2013-05-13,25.27,1.14,82.69,3.6
2013-05-14,26.35,0.49,79.33,4.17
2013-05-15,27.93,0.0,72.03,4.66
2013-05-16,28.1,0.0,67.25,3.78
2013-05-17,28.14,0.0,69.22,3.86
2013-05-18,27.86,0.0,71.22,3.15
2013-05-19,28.67,0.0,73.82,2.82
2013-05-20,27.59,0.0,78.94,3.13
2013-05-21,27.1,0.0,72.28,2.85
2013-05-22,27.42,4.1,76.93,4.32
2013-05-23,27.24,1.11,78.98,4.55
2013-05-24,27.55,1.96,79.46,4.82
2013-05-25,26.77,2.78,79.39,4.69
2013-05-26,26.47,1.21,79.31,4.15
2013-05-27,26.24,0.15,78.36,4.1
2013-05-28,26.35,0.03,77.76,4.01
2013-05-29,26.62,0.01,78.15,4.23
2013-05-30,27.0,0.74,78.41,3.96
2013-05-31,26.21,9.98,79.1,4.6
2013-06-01,25.58,9.6,81.08,4.49
2013-06-02,25.43,11.57,82.14,5.25
2013-06-03,25.53,10.22,83.17,5.46
2013-06-04,25.97,1.07,82.6,4.46
2013-06-05,26.68,0.68,80.4,4.29
2013-06-06,26.76,2.05,78.76,4.59
2013-06-07,25.81,8.71,83.46,4.89
2013-06-08,24.93,12.1,84.58,5.35
2013-06-09,25.54,3.58,84.24,4.82
2013-06-10,26.25,0.71,81.2,4.95
2013-06-11,25.8,8.67,86.42,5.1
2013-06-12,25.13,7.51,82.98,5.71
2013-06-13,25.18,3.39,83.02,6.04
2013-06-14,26.16,1.68,85.0,5.49
2013-06-15,25.45,12.24,88.12,5.6
2013-06-16,25.38,9.49,87.32,4.93
2013-06-17,24.68,6.29,87.04,4.87
2013-06-18,25.0,2.01,86.71,4.19
2013-06-19,25.0,9.17,87.57,4.93
2013-06-20,25.22,2.73,84.35,5.01
2013-06-21,25.06,6.36,85.43,5.19
2013-06-22,24.47,8.98,85.9,5.38
2013-06-23,24.89,9.53,88.38,5.19
2013-06-24,25.34,3.86,87.7,5.1
2013-06-25,25.45,4.56,87.29,4.29
2013-06-26,25.11,2.13,87.01,3.77
2013-06-27,25.42,0.24,85.66,3.69
2013-06-28,25.4,0.01,84.51,2.96
2013-06-29,24.95,0.01,86.47,3.13
2013-06-30,24.57,3.16,88.97,4.06
2013-07-01,24.02,1.72,86.21,4.28
2013-07-02,24.82,2.94,87.53,5.12
2013-07-03,25.05,2.05,85.68,4.99
2013-07-04,25.36,1.24,84.45,4.94
2013-07-05,25.21,0.38,85.32,4.51
2013-07-06,25.57,3.37,82.07,5.03
2013-07-07,24.61,3.82,84.42,5.13
2013-07-08,24.38,4.6,87.73,4.7
2013-07-09,24.64,5.44,85.12,4.86
2013-07-10,24.51,4.12,84.7,5.26
2013-07-11,24.55,0.3,83.38,4.58
2013-07-12,24.58,1.81,84.8,4.58
2013-07-13,24.07,0.86,86.61,4.32
2013-07-14,25.06,4.04,85.71,4.3
2013-07-15,25.18,0.77,83.08,5.29
2013-07-16,24.63,0.62,85.83,4.95
2013-07-17,24.78,4.82,87.1,3.87
2013-07-18,24.42,4.69,87.46,4.55
2013-07-19,24.44,6.91,84.41,4.91
2013-07-20,24.46,1.9,86.25,4.27
2013-07-21,24.39,2.12,86.35,4.54
2013-07-22,24.33,4.05,87.52,4.77
2013-07-23,24.5,4.74,89.97,4.3
2013-07-24,24.57,5.55,87.93,4.57
2013-07-25,24.12,3.37,89.7,3.69
2013-07-26,24.19,5.3,89.7,2.82
2013-07-27,24.81,1.45,86.79,3.37
2013-07-28,25.57,0.02,83.74,4.14
2013-07-29,24.05,0.0,85.27,4.14
2013-07-30,24.32,0.0,88.76,3.54
2013-07-31,24.96,0.13,86.79,4.46
2013-08-01,25.18,4.52,85.32,4.95
2013-08-02,25.04,2.84,84.94,4.97
2013-08-03,24.75,1.72,85.96,4.53
2013-08-04,23.88,21.01,90.42,5.2
2013-08-05,23.59,5.94,88.97,5.53
2013-08-06,23.88,0.33,86.52,4.93
2013-08-07,24.53,0.87,85.62,4.43
2013-08-08,24.78,0.73,85.25,4.8
2013-08-09,24.44,0.83,86.54,4.27
2013-08-10,24.63,1.53,86.9,4.09
2013-08-11,24.84,0.03,86.36,4.18
2013-08-12,25.04,0.27,85.14,4.37
2013-08-13,24.85,0.1,86.45,4.04
2013-08-14,24.73,0.01,86.29,3.88
2013-08-15,24.49,0.0,87.68,3.48
2013-08-16,25.1,0.09,85.21,3.3
2013-08-17,25.25,12.14,84.2,2.93
2013-08-18,25.47,3.81,82.87,3.59
2013-08-19,25.59,1.52,83.19,3.34
2013-08-20,25.25,0.51,84.12,4.03
2013-08-21,25.46,0.0,83.57,4.26
2013-08-22,25.46,0.03,83.27,3.8
2013-08-23,25.74,0.0,81.11,3.88
2013-08-24,25.6,0.0,81.11,4.11
2013-08-25,25.72,0.0,81.35,4.35
2013-08-26,26.1,0.26,81.02,4.29
2013-08-27,26.35,1.18,80.19,3.64
2013-08-28,25.51,6.34,82.52,3.56
2013-08-29,25.16,2.22,85.4,2.85
2013-08-30,25.64,1.09,84.29,2.11
2013-08-31,25.48,0.23,86.22,1.87
2013-09-01,25.7,1.32,85.02,1.93
2013-09-02,25.47,2.86,85.21,2.02
2013-09-03,24.6,2.31,88.17,2.3
2013-09-04,25.08,2.76,83.56,2.75
2013-09-05,25.29,2.86,81.28,3.3
2013-09-06,24.64,10.98,85.11,3.14
2013-09-07,24.58,3.1,84.7,3.67
2013-09-08,24.42,7.96,84.63,4.13
2013-09-09,23.93,0.81,83.46,4.68
2013-09-10,25.03,2.09,81.5,4.46
2013-09-11,24.92,2.24,83.94,4.31
2013-09-12,25.14,5.1,83.01,4.42
2013-09-13,25.4,3.2,83.72,4.66
2013-09-14,25.38,2.6,83.81,4.59
2013-09-15,24.98,1.41,86.23,4.26
2013-09-16,25.72,3.65,85.87,4.54
2013-09-17,25.03,4.86,85.73,5.94
2013-09-18,25.16,2.1,83.63,5.03
2013-09-19,25.38,2.19,86.05,4.97
2013-09-20,25.39,1.4,87.85,5.08
2013-09-21,25.75,0.19,85.19,4.56
2013-09-22,26.31,0.03,81.06,4.11
2013-09-23,26.11,0.0,80.64,3.57
2013-09-24,26.49,0.0,78.02,3.52
2013-09-25,26.89,0.0,76.01,3.22
2013-09-26,26.88,0.0,74.58,2.99
2013-09-27,27.16,0.0,73.05,2.97
2013-09-28,26.68,0.0,76.25,3.61
2013-09-29,26.14,1.99,77.44,4.15
2013-09-30,25.85,1.55,80.38,3.98
2013-10-01,25.81,2.99,83.04,3.78
2013-10-02,26.01,0.86,81.47,3.83
2013-10-03,26.16,0.03,77.27,3.6
2013-10-04,26.04,0.0,71.0,3.17
2013-10-05,25.53,0.0,71.31,3.22
2013-10-06,26.13,0.01,75.56,3.48
2013-10-07,25.35,4.23,83.2,2.81
2013-10-08,25.89,9.35,84.36,3.12
2013-10-09,25.25,1.86,80.1,2.59
2013-10-10,26.25,0.0,75.55,3.25
2013-10-11,26.31,0.12,78.05,4.03
2013-10-12,25.7,0.9,81.39,4.31
2013-10-13,26.25,0.58,80.67,4.0
2013-10-14,27.23,0.02,74.85,3.59
2013-10-15,27.23,0.56,74.36,3.42
2013-10-16,25.91,21.19,83.12,2.53
2013-10-17,24.22,0.82,88.16,2.28
2013-10-18,24.29,2.77,85.47,1.8
2013-10-19,24.22,54.61,88.46,2.14
2013-10-20,24.06,26.65,90.25,2.22
2013-10-21,24.06,3.35,87.73,2.49
2013-10-22,25.38,1.17,85.07,3.43
2013-10-23,25.45,1.8,85.86,3.25
2013-10-24,25.47,0.45,84.51,2.55
2013-10-25,25.33,0.13,82.87,2.48
2013-10-26,25.51,0.0,78.7,2.14
2013-10-27,25.29,0.0,81.24,2.42
2013-10-28,24.92,0.0,80.47,2.25
2013-10-29,23.57,0.17,83.48,1.52
2013-10-30,25.18,0.12,78.19,0.97
2013-10-31,24.65,18.84,85.61,0.6
2013-11-01,24.83,7.49,86.13,0.94
2013-11-02,24.8,22.97,89.5,1.86
2013-11-03,24.44,12.91,90.69,1.83
2013-11-04,23.61,6.86,81.87,2.42
2013-11-05,24.44,12.62,90.89,2.18
2013-11-06,25.0,11.61,88.81,2.24
2013-11-07,24.7,1.44,87.2,2.3
2013-11-08,24.69,0.19,86.17,2.42
2013-11-09,24.46,0.04,83.76,2.27
2013-11-10,25.33,0.06,83.71,1.77
2013-11-11,25.54,10.79,84.31,1.58
2013-11-12,23.97,10.91,89.88,1.3
2013-11-13,24.48,37.12,85.21,1.37
2013-11-14,24.25,0.88,84.78,1.03
2013-11-15,24.61,0.52,83.99,1.41
2013-11-16,24.4,0.04,82.29,1.58
2013-11-17,24.85,0.9,84.73,0.97
2013-11-18,24.76,4.75,87.82,2.17
2013-11-19,25.07,2.61,86.86,1.68
2013-11-20,25.44,0.26,82.76,1.06
2013-11-21,25.57,0.67,84.85,0.74
2013-11-22,25.83,0.28,80.01,0.61
2013-11-23,25.46,11.5,82.67,0.73
2013-11-24,25.3,25.01,83.21,0.57
2013-11-25,25.15,16.63,84.47,0.86
2013-11-26,24.72,6.6,87.28,0.93
2013-11-27,25.12,0.66,84.43,1.01
2013-11-28,24.93,0.1,83.64,1.17
2013-11-29,24.12,0.0,83.22,1.56
2013-11-30,24.24,0.84,85.36,2.17
2013-12-01,23.96,12.82,90.23,3.03
2013-12-02,23.3,9.26,89.74,3.26
2013-12-03,23.63,1.96,87.37,3.42
2013-12-04,23.77,0.66,87.44,3.44
2013-12-05,24.27,0.09,84.83,2.48
2013-12-06,24.68,0.0,83.1,1.64
2013-12-07,25.33,0.0,73.95,1.05
2013-12-08,24.56,0.0,84.55,1.18
2013-12-09,24.84,0.0,82.09,1.34
2013-12-10,24.87,0.0,82.78,1.05
2013-12-11,25.03,0.0,82.09,1.68
2013-12-12,24.36,13.27,83.83,1.57
2013-12-13,24.27,3.97,87.5,1.89
2013-12-14,24.82,1.7,84.69,1.78
2013-12-15,25.12,2.04,85.59,1.74
2013-12-16,22.5,0.0,78.09,2.44
2013-12-17,21.55,0.0,81.41,2.97
2013-12-18,22.94,0.0,82.59,2.62
2013-12-19,23.87,0.05,82.34,2.11
2013-12-20,23.95,0.01,82.49,2.44
2013-12-21,23.1,0.06,82.85,2.31
2013-12-22,23.12,0.0,79.38,3.22
2013-12-23,22.85,0.0,77.07,3.5
2013-12-24,23.96,0.0,80.94,3.83
2013-12-25,24.01,0.0,75.74,2.87
2013-12-26,23.02,0.0,78.71,3.07
2013-12-27,23.23,0.0,77.85,2.5
2013-12-28,23.42,0.0,77.4,1.92
2013-12-29,23.2,0.0,75.59,2.27
2013-12-30,22.97,0.0,73.73,2.79
2013-12-31,23.33,0.0,75.98,2.81
2014-01-01,23.73,0.0,76.66,3.52
2014-01-02,23.72,0.0,74.93,2.96
2014-01-03,24.47,0.0,76.35,2.7
2014-01-04,24.87,0.0,73.03,2.57
2014-01-05,24.83,0.0,65.83,1.51
2014-01-06,25.42,0.08,68.25,1.46
2014-01-07,23.1,10.63,85.47,3.02
2014-01-08,23.94,8.73,85.37,3.82
2014-01-09,24.3,3.75,82.77,3.32
2014-01-10,24.43,0.0,75.21,2.89
2014-01-11,24.04,0.0,75.58,2.44
2014-01-12,24.65,0.0,75.0,2.15
2014-01-13,23.45,0.02,81.63,2.91
2014-01-14,24.93,1.52,79.78,2.99
2014-01-15,25.16,0.15,76.42,2.53
2014-01-16,25.43,0.01,75.34,2.81
2014-01-17,24.74,3.65,74.61,2.92
2014-01-18,24.38,0.02,71.04,3.27
2014-01-19,24.91,0.0,73.61,3.31
2014-01-20,24.49,0.0,70.96,3.3
2014-01-21,24.55,0.0,70.78,3.23
2014-01-22,25.07,0.01,72.87,3.34
2014-01-23,25.25,0.0,71.92,2.99
2014-01-24,25.08,7.48,76.18,2.84
2014-01-25,24.75,0.0,72.14,3.68
2014-01-26,24.3,0.0,68.44,4.24
2014-01-27,24.26,0.0,69.03,3.78
2014-01-28,24.83,0.0,70.26,3.15
2014-01-29,25.02,0.0,67.57,2.44
2014-01-30,25.56,0.0,67.54,2.84
2014-01-31,25.85,0.0,68.47,3.28
2014-02-01,25.88,0.0,69.93,3.77
2014-02-02,25.7,0.01,71.03,4.41
2014-02-03,25.25,0.0,68.68,3.66
2014-02-04,24.74,0.0,67.27,2.31
2014-02-05,24.75,0.0,65.26,2.02
2014-02-06,24.27,0.0,66.56,2.57
2014-02-07,24.49,0.0,66.33,2.42
2014-02-08,24.37,0.0,66.24,2.54
2014-02-09,24.8,0.0,62.67,1.71
2014-02-10,25.69,0.0,60.91,1.36
2014-02-11,25.81,0.0,60.55,1.49
2014-02-12,26.47,0.0,56.75,1.16
2014-02-13,26.95,0.0,59.74,1.42
2014-02-14,27.38,0.0,61.88,1.56
2014-02-15,28.07,0.0,61.23,1.3
2014-02-16,28.11,0.0,63.44,1.86
2014-02-17,29.02,0.0,61.33,1.21
2014-02-18,28.51,0.0,62.37,2.98
2014-02-19,28.15,0.0,62.09,2.87
2014-02-20,27.68,2.34,66.8,2.5
2014-02-21,26.64,1.64,67.9,2.08
2014-02-22,27.52,0.08,60.86,2.16
2014-02-23,27.35,0.0,58.93,2.19
2014-02-24,26.88,3.12,71.51,3.63
2014-02-25,27.06,0.48,69.7,4.13
2014-02-26,27.25,0.0,60.33,3.2
2014-02-27,27.18,0.19,65.95,1.77
2014-02-28,27.63,1.7,68.23,1.68
2014-03-01,27.55,6.83,69.17,1.69
2014-03-02,25.72,4.78,76.72,1.55
2014-03-03,26.99,0.01,69.95,1.41
2014-03-04,27.39,0.43,69.95,2.03
2014-03-05,26.87,5.01,74.96,1.92
2014-03-06,26.17,3.16,77.64,2.1
2014-03-07,26.75,0.41,71.35,2.89
2014-03-08,26.47,0.0,71.85,2.67
2014-03-09,26.97,0.0,66.11,3.02
2014-03-10,27.69,0.0,62.33,3.02
2014-03-11,27.33,0.0,62.16,4.1
2014-03-12,26.81,0.0,62.69,3.91
2014-03-13,27.21,0.0,63.34,3.61
2014-03-14,26.74,0.0,64.07,3.33
2014-03-15,26.78,0.0,60.95,2.87
2014-03-16,27.19,0.0,63.36,3.08
2014-03-17,28.17,0.0,63.23,3.6
2014-03-18,29.12,0.0,59.49,3.52
2014-03-19,27.79,0.32,64.3,2.54
2014-03-20,29.22,0.36,61.44,2.13
2014-03-21,29.91,0.24,59.22,1.71
2014-03-22,30.21,0.16,59.12,1.46
2014-03-23,29.76,0.07,58.84,1.72
2014-03-24,29.27,0.0,56.09,1.69
2014-03-25,28.71,0.0,52.97,2.49
2014-03-26,27.85,0.0,56.42,2.61
2014-03-27,28.49,0.0,57.01,2.3
2014-03-28,27.95,0.0,55.82,2.07
2014-03-29,27.93,0.0,52.94,2.2
2014-03-30,28.96,0.0,47.33,1.99
2014-03-31,30.03,0.0,58.38,1.94
2014-04-01,30.85,0.0,56.87,2.54
2014-04-02,31.22,0.0,56.44,2.38
2014-04-03,30.43,0.0,59.67,1.97
2014-04-04,30.11,0.01,60.01,1.72
2014-04-05,29.85,0.23,61.74,1.62
2014-04-06,27.61,0.59,69.34,1.57
2014-04-07,27.44,0.64,72.95,1.65
2014-04-08,27.25,0.07,73.02,1.66
2014-04-09,29.2,0.01,63.77,2.42
2014-04-10,29.87,0.97,62.84,1.91
2014-04-11,28.99,0.33,65.84,2.74
2014-04-12,30.11,0.27,60.12,2.51
2014-04-13,29.85,1.71,61.91,1.84
2014-04-14,28.75,7.97,70.29,1.34
2014-04-15,27.42,0.7,74.21,1.23
2014-04-16,28.67,1.72,67.04,1.57
2014-04-17,29.12,1.9,66.39,2.37
2014-04-18,29.15,0.55,66.75,2.28
2014-04-19,29.74,0.05,63.98,1.37
2014-04-20,30.12,0.01,61.35,1.29
2014-04-21,29.52,0.0,65.78,1.02
2014-04-22,28.67,0.22,68.99,1.2
2014-04-23,28.49,1.08,69.59,1.28
2014-04-24,27.87,4.56,76.37,1.55
2014-04-25,28.64,1.09,73.43,2.29
2014-04-26,29.01,0.01,71.39,1.96
2014-04-27,27.94,9.09,78.95,1.81
2014-04-28,27.91,1.97,76.24,1.82
2014-04-29,28.01,4.97,68.59,1.18
2014-04-30,27.29,9.52,77.66,0.99
2014-05-01,28.56,1.13,70.03,1.07
2014-05-02,28.29,6.56,74.74,1.04
2014-05-03,28.29,1.91,75.53,0.91
2014-05-04,27.33,3.64,82.19,0.93
2014-05-05,26.64,14.2,83.0,1.61
2014-05-06,25.07,81.9,92.81,3.31
2014-05-07,25.56,27.25,88.38,4.66
2014-05-08,26.28,18.16,87.24,3.45
2014-05-09,26.3,4.48,88.78,2.87
2014-05-10,26.26,0.31,89.39,2.37
2014-05-11,26.87,0.0,86.76,2.0
2014-05-12,26.95,7.29,87.16,2.12
2014-05-13,26.58,3.03,87.63,2.03
2014-05-14,26.65,0.05,85.3,2.85
2014-05-15,26.87,0.0,82.71,3.15
2014-05-16,26.28,0.0,82.48,3.36
2014-05-17,26.06,0.0,83.18,3.06
2014-05-18,27.05,0.0,81.44,2.32
2014-05-19,27.13,0.11,83.52,2.12
2014-05-20,27.36,0.03,82.74,2.67
2014-05-21,26.92,0.4,83.26,2.83
2014-05-22,27.06,0.02,83.43,3.14
2014-05-23,27.65,0.01,81.92,3.52
2014-05-24,27.39,2.61,84.41,3.52
2014-05-25,25.86,1.96,87.58,3.2
2014-05-26,26.16,0.6,85.78,2.96
2014-05-27,27.32,0.12,83.57,2.18
2014-05-28,27.11,0.52,86.84,2.41
2014-05-29,26.94,0.14,84.07,2.75
2014-05-30,27.29,0.01,82.9,3.52
2014-05-31,27.62,0.0,82.95,3.91
2014-06-01,27.09,0.37,85.1,4.1
2014-06-02,26.65,1.66,85.22,4.0
2014-06-03,26.1,3.31,83.17,2.7
2014-06-04,26.4,1.86,83.88,3.85
2014-06-05,26.58,0.72,82.62,4.91
2014-06-06,26.75,1.02,81.52,5.38
2014-06-07,26.5,2.22,81.37,6.37
2014-06-08,26.43,8.36,81.83,5.43
2014-06-09,25.68,3.28,86.52,5.17
2014-06-10,25.44,4.32,86.73,4.03
2014-06-11,25.92,2.35,87.46,4.44
2014-06-12,26.08,1.48,87.41,4.62
2014-06-13,26.85,0.2,79.66,4.54
2014-06-14,26.62,0.07,85.17,4.27
2014-06-15,26.23,0.01,86.12,3.98
2014-06-16,27.08,0.0,79.05,4.76
2014-06-17,26.62,0.54,81.33,5.08
2014-06-18,26.89,0.16,79.93,5.51
2014-06-19,26.28,7.37,86.6,4.95
2014-06-20,25.83,2.98,88.12,5.15
2014-06-21,26.48,0.78,82.81,5.66
2014-06-22,26.59,0.37,81.24,4.93
2014-06-23,26.68,0.01,81.41,4.57
2014-06-24,26.66,0.0,80.94,5.45
2014-06-25,26.44,0.0,79.55,5.49
2014-06-26,26.41,0.0,81.81,4.51
2014-06-27,26.75,0.0,81.86,3.41
2014-06-28,27.63,0.0,77.33,3.31
2014-06-29,27.27,0.1,78.08,3.95
2014-06-30,26.6,2.07,78.33,4.37
2014-07-01,25.64,1.86,85.35,4.99
2014-07-02,26.24,0.19,79.57,4.36
2014-07-03,26.63,0.01,80.78,4.54
2014-07-04,26.59,0.21,80.68,4.97
2014-07-05,26.42,0.83,82.32,5.57
2014-07-06,26.62,0.19,77.81,4.41
2014-07-07,26.16,0.0,72.53,5.21
2014-07-08,25.46,0.98,79.51,4.78
2014-07-09,25.77,3.26,80.18,4.89
2014-07-10,24.98,2.78,83.56,4.77
2014-07-11,25.38,0.63,83.41,5.16
2014-07-12,25.78,0.05,81.2,5.76
2014-07-13,26.34,0.84,78.81,5.58
2014-07-14,25.26,2.55,85.51,4.97
2014-07-15,25.45,6.11,84.88,4.65
2014-07-16,25.42,1.7,85.27,4.02
2014-07-17,25.84,0.12,80.69,4.12
2014-07-18,26.22,1.46,80.38,4.43
2014-07-19,26.35,0.65,79.87,4.85
2014-07-20,25.89,0.07,82.17,4.87
2014-07-21,26.04,0.37,81.42,4.9
2014-07-22,25.8,2.35,81.65,5.01
2014-07-23,25.34,2.89,79.74,5.47
2014-07-24,25.73,0.75,79.7,4.52
2014-07-25,26.41,0.32,76.31,4.91
2014-07-26,26.22,0.23,74.38,5.13
2014-07-27,26.15,0.41,81.56,5.05
2014-07-28,25.65,0.7,81.31,5.43
2014-07-29,25.58,2.88,84.55,4.65
2014-07-30,25.87,1.03,80.31,4.91
2014-07-31,25.96,12.85,82.29,4.55
2014-08-01,25.5,19.3,86.13,4.84
2014-08-02,25.67,2.43,84.56,4.31
2014-08-03,25.44,0.17,80.6,5.35
2014-08-04,25.5,1.13,82.45,5.12
2014-08-05,25.36,2.38,82.65,5.15
2014-08-06,25.81,0.39,77.09,4.33
2014-08-07,25.34,0.04,80.41,4.36
2014-08-08,24.09,6.06,84.75,4.53
2014-08-09,24.96,3.83,82.69,3.54
2014-08-10,24.78,3.78,84.38,4.09
2014-08-11,24.41,4.09,83.32,4.4
2014-08-12,24.49,1.2,84.16,3.77
2014-08-13,24.62,0.01,82.34,3.6
2014-08-14,25.29,0.0,79.78,4.28
2014-08-15,24.84,2.94,83.25,3.69
2014-08-16,24.92,1.41,81.95,3.14
2014-08-17,25.14,3.39,82.95,2.86
2014-08-18,26.1,1.75,80.63,2.14
2014-08-19,26.33,0.62,77.43,2.22
2014-08-20,25.23,14.41,85.08,2.24
2014-08-21,25.45,36.51,86.57,3.61
2014-08-22,24.75,29.8,89.56,4.24
2014-08-23,24.77,10.22,86.71,4.52
2014-08-24,25.06,0.78,85.73,2.88
2014-08-25,25.55,0.1,82.99,2.75
2014-08-26,25.4,0.04,83.19,3.13
2014-08-27,25.17,0.87,84.66,3.64
2014-08-28,25.08,5.35,86.72,4.03
2014-08-29,25.32,8.41,85.71,4.08
2014-08-30,25.39,12.49,85.69,4.33
2014-08-31,25.02,9.61,88.99,4.27
2014-09-01,24.89,7.68,88.27,3.95
2014-09-02,25.0,12.18,89.4,3.23
2014-09-03,24.21,14.13,89.54,3.03
2014-09-04,24.52,2.93,88.29,2.7
2014-09-05,24.67,1.4,88.98,3.15
2014-09-06,24.25,0.15,89.81,3.65
2014-09-07,24.46,0.56,87.36,3.65
2014-09-08,24.6,0.45,86.69,3.86
2014-09-09,25.06,0.21,85.35,3.93
2014-09-10,25.38,0.01,86.32,3.86
2014-09-11,25.72,0.0,84.46,3.62
2014-09-12,25.42,0.73,85.23,3.24
2014-09-13,25.26,0.31,86.25,3.55
2014-09-14,25.37,0.7,85.99,4.1
2014-09-15,25.43,0.17,85.69,4.14
2014-09-16,25.25,0.0,87.47,3.93
2014-09-17,25.72,0.0,84.28,4.52
2014-09-18,25.36,0.0,85.83,4.16
2014-09-19,25.66,0.0,84.86,4.04
2014-09-20,25.99,0.0,81.73,4.43
2014-09-21,26.49,0.0,79.16,3.4
2014-09-22,26.8,0.0,78.94,2.9
2014-09-23,26.66,0.11,82.97,2.72
2014-09-24,25.81,0.76,86.72,2.77
2014-09-25,25.8,6.33,88.11,1.93
2014-09-26,25.63,10.26,85.81,1.68
2014-09-27,25.55,2.13,84.3,1.13
2014-09-28,25.24,27.35,88.58,1.01
2014-09-29,25.46,12.49,86.67,1.03
2014-09-30,25.57,2.38,84.81,1.02
2014-10-01,25.79,1.7,85.17,0.97
2014-10-02,25.43,0.36,84.05,1.04
2014-10-03,25.35,5.63,83.51,1.21
2014-10-04,24.75,2.71,90.24,2.0
2014-10-05,24.91,3.94,88.74,2.04
2014-10-06,25.36,2.36,88.25,2.77
2014-10-07,24.98,10.88,90.98,2.64
2014-10-08,24.75,5.61,87.35,3.07
2014-10-09,25.27,9.56,85.92,2.15
2014-10-10,25.57,2.01,86.24,2.98
2014-10-11,25.6,0.0,85.63,3.21
2014-10-12,26.01,0.06,83.55,3.44
2014-10-13,26.03,4.4,86.26,2.6
2014-10-14,25.86,7.55,89.31,1.76
2014-10-15,26.56,3.24,82.0,1.06
2014-10-16,25.7,13.94,84.99,1.09
2014-10-17,24.34,58.17,87.61,0.95
2014-10-18,23.67,47.13,93.45,1.77
2014-10-19,24.11,42.95,87.46,0.88
2014-10-20,24.41,22.77,89.2,1.02
2014-10-21,23.97,30.78,93.22,1.33
2014-10-22,23.64,39.05,93.18,1.08
2014-10-23,25.06,8.69,86.73,0.79
2014-10-24,25.36,0.68,85.44,0.78
2014-10-25,25.59,2.15,86.17,1.15
2014-10-26,25.11,3.22,84.81,0.72
2014-10-27,25.66,2.27,84.45,0.9
2014-10-28,25.95,0.79,85.2,0.86
2014-10-29,24.92,6.91,89.79,1.14
2014-10-30,24.19,3.67,90.35,0.9
2014-10-31,24.05,4.28,89.18,0.76
2014-11-01,24.39,2.49,86.03,0.81
2014-11-02,24.23,3.84,86.35,1.26
2014-11-03,24.23,4.4,86.26,0.76
2014-11-04,23.14,0.91,89.27,1.49
2014-11-05,24.48,0.0,86.1,1.97
2014-11-06,25.84,0.0,78.93,1.17
2014-11-07,25.72,0.0,78.59,0.8
2014-11-08,25.03,0.0,84.51,1.32
2014-11-09,24.67,0.0,82.36,1.47
2014-11-10,25.05,0.01,87.14,1.15
2014-11-11,25.49,1.87,86.05,1.2
2014-11-12,25.2,2.83,87.84,1.69
2014-11-13,24.48,10.42,91.29,1.32
2014-11-14,24.49,23.17,94.5,1.54
2014-11-15,25.05,7.78,89.05,2.34
2014-11-16,24.39,8.92,90.55,2.67
2014-11-17,24.37,2.21,89.68,3.57
2014-11-18,23.93,6.01,90.64,3.48
2014-11-19,24.55,2.8,91.0,3.67
2014-11-20,23.97,6.05,92.21,3.3
2014-11-21,23.25,14.91,93.75,3.62
2014-11-22,23.88,13.18,92.59,2.57
2014-11-23,23.75,3.02,91.84,3.0
2014-11-24,23.98,0.15,90.33,3.5
2014-11-25,22.34,0.01,88.82,3.39
2014-11-26,22.57,0.31,89.45,2.77
2014-11-27,22.45,16.64,92.54,2.3
2014-11-28,22.18,8.77,91.66,2.33
2014-11-29,22.27,0.63,85.52,1.82
2014-11-30,20.34,1.61,90.3,1.53
2014-12-01,22.74,4.18,92.86,3.4
2014-12-02,23.13,0.91,92.54,2.96
2014-12-03,23.05,0.0,87.2,2.73
2014-12-04,21.94,0.0,86.91,2.67
2014-12-05,21.47,0.0,88.53,2.63
2014-12-06,22.23,0.0,88.95,2.66
2014-12-07,23.22,0.01,91.96,2.32
2014-12-08,24.11,8.98,91.1,2.49
2014-12-09,23.88,4.82,90.96,2.37
2014-12-10,23.38,29.58,92.89,1.82
2014-12-11,22.99,9.94,93.0,1.99
2014-12-12,23.71,6.36,90.5,2.14
2014-12-13,23.8,2.17,91.21,2.52
2014-12-14,23.96,9.32,90.73,2.38
2014-12-15,24.11,0.66,89.16,2.26
2014-12-16,24.39,1.16,91.78,2.81
2014-12-17,24.44,2.91,91.4,4.25
2014-12-18,24.05,3.02,91.78,4.36
2014-12-19,24.06,6.15,91.68,4.01
2014-12-20,22.38,0.81,90.97,3.95
2014-12-21,22.99,0.08,87.61,2.58
2014-12-22,22.9,0.01,89.35,2.91
2014-12-23,23.94,0.34,88.95,2.68
2014-12-24,24.12,1.89,89.87,3.18
2014-12-25,23.37,0.04,88.45,2.45
2014-12-26,21.11,0.02,86.62,2.4
2014-12-27,21.86,0.03,85.57,2.44
2014-12-28,23.0,4.53,87.98,2.04
2014-12-29,24.48,0.15,86.07,1.37
2014-12-30,25.09,0.15,87.99,1.27
2014-12-31,25.0,1.19,88.06,1.61
2015-01-01,24.06,0.58,86.74,2.04
2015-01-02,22.92,0.0,79.49,1.52
2015-01-03,23.34,0.0,76.57,0.9
2015-01-04,23.75,0.0,84.81,1.41
2015-01-05,23.41,0.0,87.4,2.02
2015-01-06,23.86,0.0,83.47,1.71
2015-01-07,23.23,0.0,84.31,1.63
2015-01-08,23.77,0.03,84.71,1.29
2015-01-09,23.66,0.02,86.56,1.85
2015-01-10,22.81,0.0,86.3,2.68
2015-01-11,21.2,0.0,83.88,3.03
2015-01-12,21.08,0.0,82.19,2.54
2015-01-13,21.12,0.0,82.1,2.44
2015-01-14,21.9,0.0,84.19,2.06
2015-01-15,21.87,0.0,81.39,2.13
2015-01-16,22.44,0.0,83.59,2.2
2015-01-17,23.89,0.0,85.12,3.0
2015-01-18,23.63,0.0,82.68,3.03
2015-01-19,22.86,0.0,80.28,2.94
2015-01-20,22.32,0.0,81.33,2.74
2015-01-21,22.88,0.11,80.3,3.3
2015-01-22,22.85,0.45,78.23,2.48
2015-01-23,24.32,0.04,80.25,2.28
2015-01-24,24.31,0.0,80.36,2.88
2015-01-25,24.36,0.01,78.42,3.53
2015-01-26,23.94,0.0,77.4,3.45
2015-01-27,24.05,0.0,77.48,3.4
2015-01-28,24.71,0.0,78.76,3.29
2015-01-29,25.07,0.01,77.95,2.08
2015-01-30,24.91,0.0,78.58,2.57
2015-01-31,24.44,0.0,73.21,3.45
2015-02-01,24.46,0.0,74.07,3.32
2015-02-02,24.52,0.0,73.24,3.99
2015-02-03,24.68,0.0,73.09,4.51
2015-02-04,23.99,0.14,77.32,4.04
2015-02-05,24.66,0.06,76.63,4.12
2015-02-06,24.84,0.02,75.69,3.39
2015-02-07,24.98,0.01,73.13,2.83
2015-02-08,25.34,0.0,69.43,2.53
2015-02-09,25.62,0.06,72.51,2.96
2015-02-10,24.89,0.13,76.67,3.38
2015-02-11,25.65,0.01,73.8,2.98
2015-02-12,26.39,0.0,72.64,3.36
2015-02-13,26.5,0.0,73.37,2.52
2015-02-14,26.18,0.0,71.56,2.19
2015-02-15,25.44,0.0,66.54,2.51
2015-02-16,24.63,0.0,67.31,2.69
2015-02-17,24.87,0.0,66.2,1.84
2015-02-18,24.53,0.0,61.61,1.96
2015-02-19,24.77,0.0,61.94,1.96
2015-02-20,24.52,0.0,65.93,3.07
2015-02-21,25.21,0.0,69.15,3.51
2015-02-22,25.15,0.0,65.79,3.23
2015-02-23,25.38,0.0,65.26,2.91
2015-02-24,25.93,0.0,70.95,2.29
2015-02-25,27.2,0.02,69.6,1.88
2015-02-26,27.8,0.71,67.62,1.22
2015-02-27,27.44,0.41,69.05,1.2
2015-02-28,28.0,0.18,66.85,1.27
2015-03-01,28.43,0.01,63.84,1.47
2015-03-02,29.05,0.01,60.96,1.24
2015-03-03,28.96,0.08,61.75,1.44
2015-03-04,28.38,0.08,63.67,1.05
2015-03-05,29.14,0.01,59.43,1.74
2015-03-06,28.52,0.11,63.29,1.57
2015-03-07,28.59,0.1,62.57,1.75
2015-03-08,28.08,0.02,59.32,2.83
2015-03-09,28.45,0.03,60.6,2.32
2015-03-10,28.49,0.0,56.16,2.34
2015-03-11,27.37,0.0,60.3,3.52
2015-03-12,28.48,0.05,61.77,3.51
2015-03-13,28.58,0.33,61.85,3.26
2015-03-14,27.49,6.48,68.18,3.27
2015-03-15,26.66,7.1,76.12,2.32
2015-03-16,27.13,3.61,76.05,2.39
2015-03-17,28.05,0.43,67.98,1.85
2015-03-18,26.58,0.0,63.08,1.21
2015-03-19,27.5,0.0,60.61,1.52
2015-03-20,27.41,0.0,61.18,1.82
2015-03-21,27.56,0.03,66.03,2.53
2015-03-22,27.76,0.0,61.86,2.11
2015-03-23,28.95,0.0,60.18,1.64
2015-03-24,29.72,0.0,61.48,1.5
2015-03-25,29.29,0.0,60.39,1.8
2015-03-26,28.75,0.0,60.74,2.48
2015-03-27,29.14,0.17,61.51,2.71
2015-03-28,29.18,1.86,61.17,2.74
2015-03-29,28.69,3.24,67.05,2.22
2015-03-30,28.14,1.34,68.26,1.72
2015-03-31,27.47,10.69,74.87,1.11
2015-04-01,27.7,3.54,74.36,1.32
2015-04-02,28.7,1.44,68.97,1.42
2015-04-03,29.37,0.25,65.26,2.2
2015-04-04,29.08,0.16,69.31,1.93
2015-04-05,29.91,0.08,65.06,1.47
2015-04-06,29.7,0.01,64.26,1.55
2015-04-07,28.68,2.05,70.71,1.78
2015-04-08,26.83,9.53,73.51,1.91
2015-04-09,27.07,1.59,73.01,1.79
2015-04-10,27.04,3.11,77.36,0.98
2015-04-11,28.04,12.39,73.51,1.2
2015-04-12,27.54,17.0,75.63,1.09
2015-04-13,27.15,6.21,73.86,1.08
2015-04-14,27.1,2.19,73.44,1.17
2015-04-15,27.77,7.18,72.59,1.15
2015-04-16,27.71,3.93,72.15,0.94
2015-04-17,27.81,11.15,74.59,1.21
2015-04-18,27.93,3.85,74.93,1.03
2015-04-19,27.61,0.81,76.58,0.76
2015-04-20,27.22,16.35,79.19,1.15
2015-04-21,26.18,25.6,82.64,1.2
2015-04-22,25.49,19.0,86.29,1.42
2015-04-23,26.36,0.2,84.36,1.75
2015-04-24,27.03,2.74,82.14,1.38
2015-04-25,26.54,6.62,75.25,1.41
2015-04-26,27.44,0.42,70.73,1.27
2015-04-27,27.31,0.5,74.67,1.09
2015-04-28,27.44,0.39,76.73,0.96
2015-04-29,28.35,0.02,72.69,0.83
2015-04-30,27.67,0.03,78.3,1.86
2015-05-01,28.45,0.06,75.25,1.44
2015-05-02,27.32,0.08,80.73,2.07
2015-05-03,27.1,0.09,81.36,2.03
2015-05-04,27.35,1.05,78.28,1.43
2015-05-05,27.26,0.56,77.9,1.27
2015-05-06,27.15,0.36,78.16,1.36
2015-05-07,27.32,0.78,77.98,1.9
2015-05-08,27.83,4.58,74.6,2.21
2015-05-09,26.9,5.22,84.62,2.21
2015-05-10,27.23,2.32,77.73,1.36
2015-05-11,25.73,15.36,82.17,1.58
2015-05-12,26.86,6.72,70.86,0.97
2015-05-13,26.86,5.54,80.47,1.35
2015-05-14,27.25,8.58,81.21,1.6
2015-05-15,26.69,8.76,85.74,2.32
2015-05-16,26.5,29.97,90.13,2.88
2015-05-17,26.06,35.38,93.63,3.05
2015-05-18,26.19,26.73,92.6,2.6
2015-05-19,26.17,16.46,93.0,2.61
2015-05-20,26.14,3.99,90.55,2.55
2015-05-21,26.27,2.3,91.06,2.91
2015-05-22,26.7,0.24,87.23,3.1
2015-05-23,26.13,3.1,86.47,3.46
2015-05-24,26.0,2.75,87.98,3.25
2015-05-25,26.6,1.09,88.28,3.08
2015-05-26,26.51,0.1,88.91,4.03
2015-05-27,26.14,0.04,89.51,2.97
2015-05-28,25.36,0.07,86.48,2.69
2015-05-29,26.14,0.12,86.73,3.22
2015-05-30,26.13,1.65,87.69,2.45
2015-05-31,25.59,2.56,87.86,2.69
2015-06-01,25.34,1.34,86.44,2.94
2015-06-02,25.71,6.87,87.92,2.56
2015-06-03,25.68,4.74,90.08,2.32
2015-06-04,25.78,4.39,89.47,2.28
2015-06-05,24.95,1.85,90.9,2.19
2015-06-06,25.92,0.29,86.79,1.82
2015-06-07,26.19,10.58,89.39,2.47
2015-06-08,25.78,2.0,84.89,3.26
2015-06-09,25.4,1.36,87.53,2.72
2015-06-10,25.69,0.41,89.2,2.43
2015-06-11,25.69,1.13,87.13,3.39
2015-06-12,24.83,1.13,88.3,3.34
2015-06-13,25.67,2.84,86.15,3.62
2015-06-14,25.68,2.28,87.53,2.92
2015-06-15,25.5,1.86,88.7,3.64
2015-06-16,25.33,4.3,87.58,3.63
2015-06-17,25.21,1.35,83.81,3.78
2015-06-18,25.55,1.38,87.96,4.15
2015-06-19,26.03,3.03,89.68,4.45
2015-06-20,26.51,0.85,86.97,4.77
2015-06-21,26.35,1.64,86.55,4.34
2015-06-22,26.34,1.85,86.83,3.83
2015-06-23,26.19,1.35,87.35,3.59
2015-06-24,26.0,2.18,88.48,3.4
2015-06-25,26.14,4.96,88.17,4.18
2015-06-26,25.21,5.8,83.34,4.55
2015-06-27,25.14,23.76,88.43,4.67
2015-06-28,25.61,7.55,88.65,3.79
2015-06-29,25.48,3.58,90.62,3.81
2015-06-30,25.38,0.98,89.66,3.24
2015-07-01,26.03,1.43,88.49,2.86
2015-07-02,25.73,0.27,89.45,3.14
2015-07-03,25.82,0.26,88.99,3.3
2015-07-04,25.76,0.66,89.64,3.79
2015-07-05,25.85,0.28,87.9,4.48
2015-07-06,26.11,0.06,84.28,4.99
2015-07-07,25.87,0.03,84.22,4.52
2015-07-08,25.65,0.18,83.07,3.88
2015-07-09,26.0,0.38,84.6,4.32
2015-07-10,25.9,1.1,86.62,4.81
2015-07-11,25.68,0.33,87.52,4.68
2015-07-12,26.29,0.01,85.3,4.33
2015-07-13,25.86,0.03,85.49,4.54
2015-07-14,25.98,0.27,86.4,5.17
2015-07-15,25.45,0.96,87.61,5.24
2015-07-16,25.61,4.59,86.72,4.66
2015-07-17,25.3,2.95,82.6,5.57
2015-07-18,25.27,3.22,83.7,5.05
2015-07-19,25.01,0.23,86.24,4.52
2015-07-20,24.96,0.79,85.67,3.93
2015-07-21,25.65,0.84,85.52,4.11
2015-07-22,25.23,0.53,86.69,4.32
2015-07-23,25.14,1.57,84.0,4.15
2015-07-24,24.71,0.2,84.07,3.3
2015-07-25,25.33,0.11,81.57,3.27
2015-07-26,24.51,0.12,85.54,3.14
2015-07-27,25.5,0.07,82.26,2.86
2015-07-28,26.13,0.31,80.41,2.66
2015-07-29,26.04,0.33,80.89,3.23
2015-07-30,25.78,0.0,80.02,3.58
2015-07-31,25.53,0.01,81.39,3.4
2015-08-01,26.51,0.07,79.13,4.12
2015-08-02,26.57,0.11,77.59,4.21
2015-08-03,25.84,0.24,81.68,4.04
2015-08-04,25.8,0.39,83.62,3.93
2015-08-05,25.46,0.64,84.38,3.55
2015-08-06,26.13,0.39,81.19,3.8
2015-08-07,26.02,0.16,83.53,4.25
2015-08-08,26.04,0.2,83.95,3.87
2015-08-09,26.2,0.3,83.42,4.97
2015-08-10,25.72,0.7,84.31,4.61
2015-08-11,26.45,0.34,80.28,4.97
2015-08-12,26.49,0.32,80.2,4.99
2015-08-13,25.61,1.02,83.75,4.32
2015-08-14,26.9,0.34,79.53,4.64
2015-08-15,26.34,0.11,80.88,4.18
2015-08-16,25.82,12.08,84.12,2.74
2015-08-17,27.09,1.4,76.16,1.59
2015-08-18,25.91,3.18,82.69,1.4
2015-08-19,25.97,1.09,82.13,2.33
2015-08-20,26.21,1.09,79.88,2.58
2015-08-21,26.61,2.31,79.76,2.98
2015-08-22,25.89,1.95,84.89,3.05
2015-08-23,26.42,0.15,76.78,3.46
2015-08-24,26.03,0.02,76.06,3.76
2015-08-25,25.82,0.0,82.02,3.93
2015-08-26,26.49,0.0,77.52,4.36
2015-08-27,26.8,0.02,78.6,4.24
2015-08-28,26.71,0.1,79.27,3.75
2015-08-29,27.0,0.11,78.19,3.96
2015-08-30,27.43,0.14,74.47,3.64
2015-08-31,27.61,0.06,74.1,3.03
2015-09-01,27.9,0.14,73.99,3.63
2015-09-02,28.58,0.67,71.08,2.89
2015-09-03,27.41,0.88,77.67,2.45
2015-09-04,26.23,2.91,82.95,1.73
2015-09-05,26.36,4.73,78.74,1.81
2015-09-06,25.74,8.46,83.24,2.64
2015-09-07,25.37,1.75,79.39,2.84
2015-09-08,25.32,7.37,79.98,2.33
2015-09-09,25.53,6.29,81.14,2.83
2015-09-10,25.17,4.85,86.75,3.04
2015-09-11,25.07,10.47,87.24,3.44
2015-09-12,25.96,1.91,82.8,3.59
2015-09-13,26.21,0.17,80.47,3.85
2015-09-14,26.75,0.28,75.8,4.35
2015-09-15,25.99,2.47,84.55,4.24
2015-09-16,26.5,6.34,83.72,4.93
2015-09-17,26.48,2.25,80.07,4.22
2015-09-18,26.04,2.02,80.35,3.78
2015-09-19,26.22,1.62,84.24,4.16
2015-09-20,25.81,0.91,84.42,4.1
2015-09-21,25.91,1.26,84.52,2.31
2015-09-22,27.1,0.31,76.24,3.41
2015-09-23,26.58,0.57,79.53,2.43
2015-09-24,26.29,1.61,82.94,2.0
2015-09-25,26.74,4.59,81.81,1.94
2015-09-26,26.99,18.82,79.61,2.27
2015-09-27,25.42,12.22,88.67,3.21
2015-09-28,26.12,4.56,82.57,2.14
2015-09-29,25.5,5.74,84.52,1.8
2015-09-30,24.67,3.8,86.09,1.56
2015-10-01,25.8,0.98,83.07,2.26
2015-10-02,25.18,1.29,84.46,2.38
2015-10-03,25.65,5.08,84.02,2.65
2015-10-04,25.18,3.89,86.57,2.69
2015-10-05,25.22,2.61,88.08,3.1
2015-10-06,26.25,0.6,77.6,2.69
2015-10-07,26.03,2.03,82.57,2.5
2015-10-08,25.1,9.03,87.37,3.09
2015-10-09,25.54,8.78,84.84,3.0
2015-10-10,25.92,11.63,84.72,2.86
2015-10-11,26.43,2.54,82.61,2.34
2015-10-12,26.18,3.56,83.71,1.13
2015-10-13,26.08,1.93,80.03,0.86
2015-10-14,25.96,0.65,80.39,1.35
2015-10-15,26.31,1.11,77.5,1.1
2015-10-16,27.15,0.22,74.51,1.23
2015-10-17,27.29,0.12,74.23,1.61
2015-10-18,26.0,2.4,84.98,1.6
2015-10-19,25.69,2.94,87.48,1.98
2015-10-20,25.23,7.05,87.1,1.51
2015-10-21,26.16,0.65,82.11,1.44
2015-10-22,26.87,2.31,77.98,1.2
2015-10-23,26.62,10.66,81.42,1.27
2015-10-24,26.4,4.99,82.3,0.94
2015-10-25,25.87,33.54,79.67,1.39
2015-10-26,26.16,0.26,74.05,1.26
2015-10-27,25.03,0.41,80.43,1.69
2015-10-28,24.71,7.29,83.61,1.4
2015-10-29,25.73,1.86,80.08,1.32
2015-10-30,24.36,31.88,87.46,1.25
2015-10-31,24.79,33.82,89.61,1.29
2015-11-01,24.74,8.96,90.58,1.99
2015-11-02,24.15,11.48,91.13,1.43
2015-11-03,24.87,31.54,86.43,0.73
2015-11-04,25.57,14.64,86.53,0.9
2015-11-05,25.17,2.88,87.96,1.66
2015-11-06,24.83,36.33,88.5,1.05
2015-11-07,24.19,47.97,93.99,1.36
2015-11-08,24.36,25.48,90.71,1.62
2015-11-09,24.48,4.53,88.91,1.97
2015-11-10,25.09,1.2,88.75,2.04
2015-11-11,24.59,1.06,89.68,1.65
2015-11-12,25.34,13.2,85.54,0.95
2015-11-13,24.4,29.65,89.13,1.07
2015-11-14,23.93,4.28,91.8,1.16
2015-11-15,23.97,5.89,91.84,1.41
2015-11-16,24.55,3.5,90.46,1.8
2015-11-17,25.14,2.86,89.65,1.99
2015-11-18,25.43,46.15,88.73,1.56
2015-11-19,25.5,28.28,86.87,1.02
2015-11-20,24.76,8.42,93.19,1.57
2015-11-21,24.75,8.09,91.46,2.3
2015-11-22,24.71,4.74,91.84,2.56
2015-11-23,24.48,21.5,92.46,2.42
2015-11-24,24.44,4.26,92.91,1.89
2015-11-25,24.46,0.74,89.87,2.83
2015-11-26,23.45,0.0,87.4,2.08
2015-11-27,23.76,0.26,90.64,1.93
2015-11-28,24.21,0.84,88.63,1.64
2015-11-29,24.19,19.74,90.59,2.61
2015-11-30,23.37,17.81,90.96,1.66
2015-12-01,23.72,4.92,90.42,1.43
2015-12-02,24.07,15.81,93.97,1.67
2015-12-03,23.89,1.85,90.28,0.98
2015-12-04,24.65,2.09,90.19,1.97
2015-12-05,23.88,4.15,94.38,3.32
2015-12-06,24.27,2.06,93.72,2.92
2015-12-07,24.75,23.75,94.09,2.66
2015-12-08,23.61,13.51,93.14,2.48
2015-12-09,23.98,1.39,93.74,2.59
2015-12-10,24.39,6.25,94.55,2.48
2015-12-11,24.32,5.03,93.34,1.68
2015-12-12,24.61,6.44,92.59,2.06
2015-12-13,24.86,2.43,90.47,1.4
2015-12-14,24.94,1.42,89.43,0.91
2015-12-15,25.56,8.98,90.41,1.16
2015-12-16,24.32,1.54,90.05,2.11
2015-12-17,23.29,2.4,89.47,2.05
2015-12-18,24.06,8.83,92.06,1.79
2015-12-19,24.26,31.94,92.56,1.91
2015-12-20,24.0,17.7,92.08,2.98
2015-12-21,22.87,0.03,87.86,2.4
2015-12-22,21.95,0.0,89.03,2.55
2015-12-23,22.45,0.0,90.37,2.23
2015-12-24,22.77,0.0,89.38,2.13
2015-12-25,22.44,0.0,88.04,2.6
2015-12-26,22.93,0.0,90.2,3.17
2015-12-27,23.8,7.33,90.03,3.95
2015-12-28,23.52,3.8,89.84,4.98
2015-12-29,23.59,3.34,91.05,3.71
2015-12-30,23.6,0.16,89.47,3.68
2015-12-31,22.71,0.0,88.36,3.49
2016-01-01,22.26,0.0,85.4,3.35
2016-01-02,22.08,0.0,86.35,2.98
2016-01-03,21.44,0.0,85.2,2.94
2016-01-04,21.96,0.0,89.14,2.6
2016-01-05,22.19,0.0,88.04,2.29
2016-01-06,23.04,0.0,89.49,2.62
2016-01-07,23.14,0.0,89.88,2.55
2016-01-08,23.19,0.0,87.58,2.62
2016-01-09,22.18,0.0,90.45,2.44
2016-01-10,22.68,0.0,89.53,3.0
2016-01-11,22.7,0.0,86.74,2.94
2016-01-12,21.73,0.0,86.71,2.59
2016-01-13,21.67,0.0,86.44,2.14
2016-01-14,20.8,0.0,88.0,2.14
2016-01-15,20.77,0.0,85.39,2.09
2016-01-16,21.97,0.0,85.07,1.75
2016-01-17,22.83,0.0,87.21,1.79
2016-01-18,22.67,0.0,87.12,1.68
2016-01-19,23.4,0.0,87.37,1.91
2016-01-20,24.47,0.06,85.89,1.56
2016-01-21,24.87,0.39,88.03,2.06
2016-01-22,24.39,0.03,87.45,2.48
2016-01-23,23.95,0.0,88.23,2.6
2016-01-24,24.78,0.0,85.74,2.59
2016-01-25,25.07,0.0,86.58,2.47
2016-01-26,24.46,0.0,85.17,2.21
2016-01-27,24.4,0.0,84.08,2.16
2016-01-28,23.6,0.0,79.64,2.0
2016-01-29,22.73,0.0,78.48,2.17
2016-01-30,22.58,0.0,81.64,2.52
2016-01-31,22.72,0.0,82.43,2.79
2016-02-01,23.0,0.0,80.28,2.56
2016-02-02,22.22,0.0,78.89,2.63
2016-02-03,21.73,0.0,80.22,2.13
2016-02-04,22.32,0.0,74.61,2.5
2016-02-05,23.2,0.0,76.42,2.16
2016-02-06,24.35,0.04,80.82,1.67
2016-02-07,25.38,2.43,79.8,1.6
2016-02-08,25.68,1.19,80.93,1.88
2016-02-09,25.95,0.01,76.6,1.62
2016-02-10,26.45,0.05,75.87,1.17
2016-02-11,26.09,1.22,75.65,1.33
2016-02-12,25.83,0.0,72.73,1.77
2016-02-13,25.49,0.0,71.58,1.65
2016-02-14,25.49,0.0,72.64,1.97
2016-02-15,25.92,0.0,72.48,1.98
2016-02-16,26.15,0.05,74.51,3.0
2016-02-17,25.83,1.24,75.26,2.73
2016-02-18,25.47,2.31,81.04,3.53
2016-02-19,26.55,0.05,75.18,2.97
2016-02-20,26.98,1.39,75.42,2.2
2016-02-21,27.47,1.08,73.37,1.69
2016-02-22,27.16,0.07,70.03,1.86
2016-02-23,26.37,0.0,67.99,1.67
2016-02-24,26.27,0.0,64.07,1.24
2016-02-25,27.36,0.0,65.86,1.5
2016-02-26,26.83,0.12,72.18,2.68
2016-02-27,26.54,0.04,72.78,3.21
2016-02-28,27.33,0.92,74.16,2.82
2016-02-29,26.63,0.32,76.43,2.87
2016-03-01,27.4,0.01,71.12,3.04
2016-03-02,27.78,0.0,67.72,2.93
2016-03-03,27.17,0.0,69.21,2.69
2016-03-04,27.12,0.0,69.46,2.48
2016-03-05,27.92,0.0,66.46,1.99
2016-03-06,27.77,0.0,64.86,2.17
2016-03-07,27.84,0.01,64.01,1.76
2016-03-08,27.61,0.0,66.25,1.6
2016-03-09,27.96,0.01,69.36,1.8
2016-03-10,29.07,0.03,66.71,1.44
2016-03-11,29.05,1.01,67.77,1.0
2016-03-12,29.4,1.03,65.76,1.46
2016-03-13,28.71,0.6,69.69,1.04
2016-03-14,30.17,0.02,63.57,1.45
2016-03-15,30.13,0.04,60.58,1.88
2016-03-16,30.5,0.03,59.0,1.82
2016-03-17,30.67,0.01,56.89,1.61
2016-03-18,30.41,0.0,57.43,1.84
2016-03-19,30.9,0.0,56.68,1.47
2016-03-20,30.69,0.0,57.73,1.78
2016-03-21,30.46,0.0,58.95,1.8
2016-03-22,29.89,0.07,65.31,2.45
2016-03-23,30.89,0.26,61.69,2.52
2016-03-24,30.87,0.06,58.07,1.93
2016-03-25,29.75,0.01,54.51,1.97
2016-03-26,29.61,0.0,49.75,2.13
2016-03-27,30.07,0.78,55.12,1.99
2016-03-28,29.91,7.01,63.99,1.78
2016-03-29,28.71,5.97,74.4,2.14
2016-03-30,28.79,2.13,71.53,1.61
2016-03-31,29.15,0.34,64.81,1.37
2016-04-01,29.71,0.3,61.43,1.37
2016-04-02,29.97,0.0,61.54,1.6
2016-04-03,30.9,0.04,58.69,1.4
2016-04-04,31.21,0.1,58.95,1.61
2016-04-05,30.87,0.1,60.08,2.41
2016-04-06,30.45,0.43,61.48,2.15
2016-04-07,30.76,0.07,59.52,1.85
2016-04-08,31.12,0.2,59.56,1.75
2016-04-09,29.29,6.58,69.64,1.81
2016-04-10,29.5,0.89,64.99,1.53
2016-04-11,30.22,0.05,61.88,1.86
2016-04-12,30.0,0.05,64.1,2.37
2016-04-13,30.4,0.01,63.24,2.86
2016-04-14,31.06,0.94,64.19,2.5
2016-04-15,31.28,0.54,63.52,2.12
2016-04-16,31.14,0.16,62.13,2.18
2016-04-17,31.19,1.32,61.31,2.06
2016-04-18,29.93,0.59,67.84,1.79
2016-04-19,29.37,1.28,70.79,1.59
2016-04-20,29.83,1.38,66.2,1.71
2016-04-21,30.91,0.98,62.94,2.28
2016-04-22,30.68,0.75,66.56,3.24
2016-04-23,30.09,0.01,64.86,4.22
2016-04-24,31.2,0.01,61.37,3.37
2016-04-25,31.56,0.14,59.58,2.87
2016-04-26,31.22,0.17,59.9,2.26
2016-04-27,29.52,0.13,66.13,1.72
2016-04-28,30.81,0.86,62.09,1.81
2016-04-29,31.04,0.36,60.44,2.07
2016-04-30,31.16,1.13,58.88,1.98
2016-05-01,30.46,0.58,61.62,1.99
2016-05-02,31.04,0.16,60.94,2.77
2016-05-03,31.13,0.08,61.3,2.32
2016-05-04,31.16,0.79,60.16,2.21
2016-05-05,30.99,1.06,58.58,1.88
2016-05-06,30.23,0.42,62.52,2.02
2016-05-07,29.76,0.74,65.99,2.3
2016-05-08,31.2,0.22,56.04,1.62
2016-05-09,29.75,0.52,64.48,1.7
2016-05-10,29.72,3.26,64.31,1.63
2016-05-11,27.65,18.12,73.35,1.43
2016-05-12,27.4,8.39,77.01,1.81
2016-05-13,28.55,2.26,71.86,2.09
2016-05-14,27.41,8.78,85.37,1.82
2016-05-15,26.71,14.98,82.2,1.63
2016-05-16,25.75,8.72,86.07,3.37
2016-05-17,25.71,23.55,89.19,3.64
2016-05-18,26.82,7.71,83.88,3.89
2016-05-19,26.87,19.43,88.35,3.68
2016-05-20,26.77,11.94,87.5,4.23
2016-05-21,27.43,1.56,81.45,3.48
2016-05-22,27.26,1.08,85.59,3.46
2016-05-23,27.44,1.26,85.08,4.23
2016-05-24,27.13,2.51,86.11,4.27
2016-05-25,27.42,1.07,81.64,4.3
2016-05-26,27.36,0.48,82.35,4.1
2016-05-27,27.22,0.83,83.37,4.05
2016-05-28,25.51,2.93,82.75,4.15
2016-05-29,26.23,0.16,79.01,3.79
2016-05-30,26.29,1.77,80.56,4.03
2016-05-31,26.63,0.9,79.56,4.35
2016-06-01,26.69,0.31,78.14,3.94
2016-06-02,25.55,0.4,85.12,3.75
2016-06-03,26.02,0.67,83.75,3.99
2016-06-04,26.98,0.34,79.31,4.03
2016-06-05,27.3,2.46,79.52,3.96
2016-06-06,26.41,4.59,84.96,3.14
2016-06-07,26.64,14.71,89.19,3.56
2016-06-08,26.16,16.12,89.21,4.1
2016-06-09,25.84,13.25,90.98,3.61
2016-06-10,25.59,12.44,88.21,4.34
2016-06-11,26.09,9.01,86.87,4.29
2016-06-12,25.92,8.28,87.37,4.33
2016-06-13,26.04,2.33,85.1,4.07
2016-06-14,26.39,0.61,85.84,4.2
2016-06-15,25.56,0.49,84.9,4.52
2016-06-16,25.78,1.41,84.34,4.76
2016-06-17,25.28,5.23,88.0,4.13
2016-06-18,24.89,5.63,85.5,3.75
2016-06-19,25.45,0.88,82.49,4.51
2016-06-20,25.21,0.84,83.4,4.5
2016-06-21,24.75,0.21,86.05,4.3
2016-06-22,24.44,0.56,86.25,4.11
2016-06-23,24.42,0.17,85.16,4.96
2016-06-24,24.97,0.27,84.38,4.57
2016-06-25,25.28,0.03,82.89,4.87
2016-06-26,25.68,0.09,84.14,4.32
2016-06-27,25.66,2.26,85.65,4.69
2016-06-28,25.18,1.83,88.26,4.36
2016-06-29,25.65,5.4,87.46,4.38
2016-06-30,25.84,1.75,86.93,4.86
2016-07-01,25.88,0.78,84.93,4.61
2016-07-02,26.35,0.19,82.91,5.1
2016-07-03,26.66,1.08,75.92,4.67
2016-07-04,26.0,1.33,81.07,4.72
2016-07-05,26.56,0.34,81.16,4.46
2016-07-06,25.84,0.59,85.36,4.43
2016-07-07,25.64,0.8,83.0,4.24
2016-07-08,25.61,3.99,82.79,4.02
2016-07-09,25.85,6.22,84.44,4.5
2016-07-10,25.57,5.33,85.75,4.89
2016-07-11,25.51,2.47,86.32,5.02
2016-07-12,25.25,0.81,85.77,4.75
2016-07-13,25.83,1.83,83.31,4.34
2016-07-14,25.86,0.46,83.66,4.24
2016-07-15,25.66,0.45,84.78,3.58
2016-07-16,25.38,0.56,82.56,3.89
2016-07-17,25.35,0.07,80.92,3.25
2016-07-18,24.81,0.05,82.13,3.58
2016-07-19,25.83,0.02,78.12,4.3
2016-07-20,26.01,0.18,79.87,4.51
2016-07-21,25.2,0.09,84.37,5.09
2016-07-22,25.4,0.12,80.2,5.32
2016-07-23,25.41,2.93,80.69,4.81
2016-07-24,24.72,2.42,85.78,4.61
2016-07-25,25.04,1.56,84.47,3.52
2016-07-26,25.04,2.07,85.61,2.41
2016-07-27,24.92,0.67,86.75,2.76
2016-07-28,25.62,0.84,82.97,2.85
2016-07-29,25.26,0.13,84.44,3.74
2016-07-30,25.23,0.18,82.97,3.68
2016-07-31,26.15,0.1,79.13,4.32
2016-08-01,25.61,0.17,80.87,4.58
2016-08-02,25.85,0.05,79.03,4.94
2016-08-03,25.39,2.13,82.92,5.03
2016-08-04,25.88,0.71,81.23,4.72
2016-08-05,26.02,0.1,80.37,4.75
2016-08-06,26.34,0.09,79.45,4.73
2016-08-07,26.08,0.06,79.81,4.47
2016-08-08,26.84,0.23,76.17,4.4
2016-08-09,26.69,0.14,76.6,4.8
2016-08-10,26.78,0.06,76.31,4.62
2016-08-11,26.01,0.34,80.83,4.17
2016-08-12,26.47,0.28,78.64,4.88
2016-08-13,26.6,0.36,78.65,4.87
2016-08-14,26.0,0.7,80.11,4.81
2016-08-15,26.39,0.56,77.76,5.35
2016-08-16,26.45,0.23,77.41,5.91
2016-08-17,26.34,0.41,76.07,5.37
2016-08-18,26.58,0.16,75.71,5.45
2016-08-19,26.51,0.15,75.1,5.23
2016-08-20,26.67,0.24,77.95,4.81
2016-08-21,26.75,0.15,77.69,4.8
2016-08-22,26.52,0.13,78.73,4.94
2016-08-23,25.59,0.17,80.53,4.7
2016-08-24,25.74,1.18,82.18,4.46
2016-08-25,25.19,2.56,85.63,4.33
2016-08-26,25.63,1.06,80.73,4.87
2016-08-27,24.94,0.48,82.86,4.42
2016-08-28,25.98,0.19,78.66,4.35
2016-08-29,26.33,0.31,77.12,4.75
2016-08-30,26.3,0.48,76.52,4.2
2016-08-31,24.91,0.58,75.67,3.92
2016-09-01,25.6,0.22,75.02,4.04
2016-09-02,24.99,0.36,79.67,4.08
2016-09-03,25.06,0.12,78.93,4.06
2016-09-04,26.14,0.02,76.4,4.06
2016-09-05,26.63,0.01,75.59,4.02
2016-09-06,26.57,0.01,73.49,4.57
2016-09-07,26.26,0.0,70.85,4.62
2016-09-08,25.89,0.0,72.89,4.49
2016-09-09,27.19,0.03,70.86,4.07
2016-09-10,27.07,0.07,72.51,4.81
2016-09-11,27.01,0.01,71.54,4.78
2016-09-12,27.17,0.01,72.06,5.05
2016-09-13,26.92,0.28,73.7,4.96
2016-09-14,26.26,0.26,78.4,4.72
2016-09-15,26.69,0.04,75.58,4.75
2016-09-16,27.22,0.18,74.03,4.63
2016-09-17,27.44,0.12,71.7,4.71
2016-09-18,26.65,0.67,75.33,4.68
2016-09-19,26.91,0.11,73.5,4.74
2016-09-20,26.45,0.34,75.35,4.84
2016-09-21,26.48,0.22,76.47,4.92
2016-09-22,27.29,0.03,71.72,5.36
2016-09-23,26.76,0.03,72.96,5.02
2016-09-24,26.72,0.03,73.3,5.34
2016-09-25,27.03,0.01,72.01,5.33
2016-09-26,27.61,0.03,70.95,5.01
2016-09-27,27.33,0.12,71.29,4.8
2016-09-28,26.85,0.38,74.12,4.49
2016-09-29,27.06,0.61,75.26,4.67
2016-09-30,26.86,0.29,73.5,4.57
2016-10-01,26.45,0.01,72.75,4.09
2016-10-02,27.33,0.01,64.75,3.35
2016-10-03,27.97,0.0,65.05,3.39
2016-10-04,27.64,0.02,67.68,3.87
2016-10-05,28.28,0.25,66.94,4.49
2016-10-06,28.21,0.06,62.61,4.58
2016-10-07,27.22,0.0,62.65,4.49
2016-10-08,26.46,0.0,70.03,4.02
2016-10-09,27.63,0.0,68.71,4.45
2016-10-10,27.58,0.0,66.94,4.81
2016-10-11,27.48,0.0,68.24,4.67
2016-10-12,28.3,0.0,64.25,3.94
2016-10-13,27.52,12.85,74.15,3.18
2016-10-14,27.48,2.15,69.44,1.94
2016-10-15,27.29,1.23,68.32,1.39
2016-10-16,26.68,5.14,75.56,1.27
2016-10-17,27.23,0.83,72.02,1.33
2016-10-18,26.8,2.18,75.7,2.51
2016-10-19,26.53,1.46,76.11,2.85
2016-10-20,26.12,11.5,78.9,2.73
2016-10-21,25.73,5.15,79.58,2.82
2016-10-22,25.57,0.17,77.01,2.76
2016-10-23,26.55,0.13,68.45,2.76
2016-10-24,26.93,0.25,67.93,2.82
2016-10-25,26.95,0.03,68.58,2.77
2016-10-26,26.84,0.04,68.35,1.85
2016-10-27,26.22,0.07,69.9,1.92
2016-10-28,27.13,0.0,65.04,2.43
2016-10-29,27.39,0.36,69.98,3.24
2016-10-30,26.55,8.62,78.43,1.85
2016-10-31,26.01,8.81,80.73,1.47
2016-11-01,25.31,21.15,85.29,0.93
2016-11-02,25.8,19.32,80.95,1.22
2016-11-03,25.29,4.37,82.25,1.13
2016-11-04,25.3,6.06,86.08,2.03
2016-11-05,26.0,1.81,81.25,2.38
2016-11-06,26.34,0.63,76.27,2.64
2016-11-07,26.52,0.13,70.4,1.41
2016-11-08,26.25,4.53,75.74,1.41
2016-11-09,25.31,10.95,81.5,1.62
2016-11-10,25.67,0.12,71.12,1.51
2016-11-11,26.02,0.4,73.62,1.17
2016-11-12,26.4,1.15,75.6,1.24
2016-11-13,26.38,6.36,79.27,1.46
2016-11-14,25.81,10.61,83.35,1.9
2016-11-15,25.71,3.61,81.26,2.16
2016-11-16,25.59,2.36,81.1,2.17
2016-11-17,25.08,4.34,85.93,2.83
2016-11-18,25.65,0.29,80.2,2.36
2016-11-19,24.14,2.25,83.8,1.87
2016-11-20,25.15,1.16,77.94,1.66
2016-11-21,25.74,7.63,79.17,1.9
2016-11-22,25.18,14.05,84.27,1.84
2016-11-23,25.25,1.18,81.68,2.33
2016-11-24,24.61,0.22,73.26,2.6
2016-11-25,24.37,0.0,75.22,2.16
2016-11-26,24.92,0.0,77.02,1.44
2016-11-27,25.15,0.24,74.05,1.59
2016-11-28,24.09,0.0,67.47,1.52
2016-11-29,24.61,0.0,64.92,1.4
2016-11-30,25.14,0.0,64.05,1.27
2016-12-01,24.76,0.25,74.8,1.55
2016-12-02,25.44,1.69,79.34,1.82
2016-12-03,25.72,0.96,77.34,1.58
2016-12-04,25.85,1.74,77.29,1.48
2016-12-05,26.37,1.88,76.94,1.7
2016-12-06,25.45,2.71,76.53,2.42
2016-12-07,24.95,0.0,66.85,2.03
2016-12-08,25.74,3.26,75.54,0.82
2016-12-09,25.31,2.47,80.39,1.16
2016-12-10,26.22,0.0,73.87,2.44
2016-12-11,25.34,0.0,73.62,2.84
2016-12-12,25.01,0.0,69.55,3.68
2016-12-13,24.51,0.11,71.48,3.01
2016-12-14,23.93,0.15,67.95,1.86
2016-12-15,24.24,0.0,71.89,1.64
2016-12-16,25.66,0.0,73.65,1.88
2016-12-17,26.05,0.0,71.39,2.42
2016-12-18,25.5,0.0,70.92,2.19
2016-12-19,25.41,0.12,69.09,2.59
2016-12-20,25.06,2.25,78.71,3.37
2016-12-21,26.34,0.15,76.64,2.65
2016-12-22,26.31,0.01,70.35,2.05
2016-12-23,25.92,0.01,68.11,1.16
2016-12-24,25.13,0.01,66.43,1.26
2016-12-25,25.03,0.0,63.24,1.41
2016-12-26,25.03,0.0,64.98,1.38
2016-12-27,25.85,0.72,73.31,2.82
2016-12-28,25.69,4.34,78.64,3.98
2016-12-29,25.45,3.7,77.72,4.26
2016-12-30,25.09,0.02,69.9,3.54
2016-12-31,24.13,0.0,67.61,2.78
2017-01-01,24.51,0.0,69.47,2.05
2017-01-02,25.88,0.0,69.68,1.85
2017-01-03,25.32,0.0,69.52,2.03
2017-01-04,24.8,0.0,65.32,1.45
2017-01-05,24.7,0.0,69.47,1.59
2017-01-06,24.83,0.0,67.95,1.64
2017-01-07,25.01,0.0,68.67,1.57
2017-01-08,24.58,0.0,67.38,2.01
2017-01-09,24.16,0.0,63.48,1.95
2017-01-10,24.67,0.0,64.51,1.28
2017-01-11,26.07,0.01,60.25,1.29
2017-01-12,25.53,0.0,62.55,1.43
2017-01-13,25.68,0.0,64.95,1.84
2017-01-14,25.62,0.0,62.69,3.45
2017-01-15,25.31,0.0,65.46,3.67
2017-01-16,25.63,0.0,64.35,2.55
2017-01-17,24.93,0.0,61.13,2.62
2017-01-18,24.04,0.0,60.74,4.23
2017-01-19,24.9,0.0,63.17,3.67
2017-01-20,26.24,0.04,63.7,3.84
2017-01-21,25.43,2.43,78.03,4.2
2017-01-22,25.78,1.01,72.58,4.39
2017-01-23,25.75,0.0,66.4,4.24
2017-01-24,25.41,0.0,64.26,4.35
2017-01-25,25.49,0.51,68.18,4.07
2017-01-26,24.74,1.09,78.14,3.6
2017-01-27,24.14,5.13,88.88,2.51
2017-01-28,25.42,4.52,79.63,2.98
2017-01-29,26.08,1.48,76.38,3.61
2017-01-30,26.54,0.09,69.74,3.16
2017-01-31,25.69,0.0,67.38,2.86
2017-02-01,24.99,0.0,64.36,3.23
2017-02-02,24.8,0.0,65.1,3.0
2017-02-03,24.37,0.0,63.42,3.34
2017-02-04,24.69,0.0,64.0,2.81
2017-02-05,24.38,0.0,59.49,2.78
2017-02-06,25.28,0.0,61.79,1.54
2017-02-07,26.45,0.0,61.89,1.47
2017-02-08,25.83,0.0,53.69,2.03
2017-02-09,25.08,0.0,57.1,2.37
2017-02-10,25.39,0.0,60.87,2.06
2017-02-11,25.67,0.0,61.7,2.32
2017-02-12,25.39,0.0,61.43,3.6
2017-02-13,25.5,0.01,65.66,4.02
2017-02-14,26.39,0.79,71.61,5.15
2017-02-15,26.62,0.2,64.92,5.41
2017-02-16,25.85,0.0,64.33,5.32
2017-02-17,25.46,0.0,58.33,4.9
2017-02-18,26.02,0.0,59.37,3.15
2017-02-19,26.61,0.0,56.26,2.31
2017-02-20,27.87,0.0,56.7,1.91
2017-02-21,28.88,0.0,58.0,1.4
2017-02-22,28.81,0.0,58.08,1.66
2017-02-23,28.28,0.0,60.04,1.74
2017-02-24,27.01,0.0,59.45,2.37
2017-02-25,27.15,0.0,60.75,2.39
2017-02-26,26.9,0.0,58.07,2.23
2017-02-27,25.76,0.0,64.03,2.68
2017-02-28,26.18,0.03,70.71,3.45
2017-03-01,27.16,0.01,60.56,3.89
2017-03-02,27.31,0.63,66.81,4.18
2017-03-03,28.27,0.09,63.3,2.77
2017-03-04,26.55,0.24,72.09,2.05
2017-03-05,27.35,1.86,69.42,2.21
2017-03-06,26.87,5.43,77.34,2.13
2017-03-07,27.39,2.6,74.3,2.17
2017-03-08,27.64,3.38,74.49,1.82
2017-03-09,28.08,1.81,70.3,1.66
2017-03-10,27.53,1.95,72.86,1.49
2017-03-11,27.07,3.16,73.14,1.71
2017-03-12,28.11,0.08,65.29,1.74
2017-03-13,28.83,0.12,63.39,1.84
2017-03-14,28.75,2.09,65.44,1.68
2017-03-15,26.98,5.85,76.67,1.55
2017-03-16,25.09,2.77,82.54,0.78
2017-03-17,27.86,0.26,67.81,1.22
2017-03-18,28.51,1.98,67.29,1.14
2017-03-19,28.88,0.55,65.55,1.45
2017-03-20,29.04,0.79,63.47,1.59
2017-03-21,29.18,1.07,61.9,1.24
2017-03-22,28.78,0.36,60.36,1.88
2017-03-23,28.92,0.0,57.79,2.07
2017-03-24,28.58,0.0,53.95,1.89
2017-03-25,28.57,0.0,50.92,1.79
2017-03-26,28.34,0.0,53.83,2.38
2017-03-27,28.79,0.0,52.76,1.49
2017-03-28,29.47,0.06,56.49,1.47
2017-03-29,30.04,0.02,57.46,1.72
2017-03-30,30.59,0.65,57.78,1.59
2017-03-31,28.97,2.45,64.85,1.65
2017-04-01,30.18,0.02,57.56,1.81
2017-04-02,30.62,0.93,59.58,1.57
2017-04-03,29.82,1.23,64.22,2.17
2017-04-04,29.59,0.08,64.16,2.56
2017-04-05,30.69,0.06,58.06,2.61
2017-04-06,30.11,1.77,61.52,2.52
2017-04-07,30.47,0.94,59.61,1.96
2017-04-08,30.5,0.75,59.16,2.07
2017-04-09,30.15,2.54,63.37,1.49
2017-04-10,28.97,0.67,67.32,2.2
2017-04-11,29.02,0.38,69.1,2.83
2017-04-12,29.12,0.95,68.4,2.35
2017-04-13,29.47,2.43,68.87,2.15
2017-04-14,28.68,0.96,71.61,3.21
2017-04-15,29.91,0.04,65.5,3.26
2017-04-16,29.31,0.01,67.42,3.43
2017-04-17,30.13,0.0,64.3,3.31
2017-04-18,29.42,0.0,65.63,3.19
2017-04-19,29.89,0.0,64.56,3.42
2017-04-20,30.11,0.01,60.93,3.54
2017-04-21,29.97,0.01,63.45,3.66
2017-04-22,29.66,0.03,65.66,3.85
2017-04-23,30.14,0.04,64.64,3.7
2017-04-24,30.36,0.03,60.31,4.06
2017-04-25,29.89,0.0,63.61,3.87
2017-04-26,30.33,0.17,63.68,3.18
2017-04-27,30.97,0.47,61.77,2.66
2017-04-28,30.94,0.42,60.08,2.37
2017-04-29,31.49,0.26,56.38,2.13
2017-04-30,30.89,0.37,60.8,2.44
2017-05-01,30.46,2.31,60.57,1.84
2017-05-02,30.14,1.67,61.6,1.75
2017-05-03,29.72,1.83,62.7,1.83
2017-05-04,30.2,0.03,60.35,1.64
2017-05-05,30.05,0.08,64.14,2.06
2017-05-06,29.6,0.19,65.92,2.5
2017-05-07,29.46,0.35,65.65,2.05
2017-05-08,30.33,0.37,56.03,1.94
2017-05-09,29.55,0.07,62.12,2.84
2017-05-10,29.31,3.83,68.35,2.56
2017-05-11,27.45,2.97,75.36,2.21
2017-05-12,28.89,0.96,70.35,1.74
2017-05-13,28.06,1.56,74.14,2.69
2017-05-14,28.36,4.08,72.99,3.72
2017-05-15,28.45,1.14,75.87,4.22
2017-05-16,28.88,0.24,73.61,4.03
2017-05-17,28.75,0.72,73.51,4.55
2017-05-18,28.29,20.64,76.18,3.22
2017-05-19,27.56,3.13,74.92,3.94
2017-05-20,27.48,2.37,78.93,4.34
2017-05-21,27.1,1.18,80.55,3.36
2017-05-22,27.82,0.82,74.27,3.62
2017-05-23,27.44,2.09,79.03,3.32
2017-05-24,27.3,2.48,81.06,3.12
2017-05-25,26.93,1.01,82.79,4.18
2017-05-26,26.99,0.4,80.78,4.01
2017-05-27,27.83,0.46,76.0,4.58
2017-05-28,27.05,1.52,79.3,4.75
2017-05-29,26.65,13.18,85.87,4.71
2017-05-30,26.62,9.91,84.6,5.35
2017-05-31,26.67,3.38,80.5,5.14
2017-06-01,26.81,1.63,76.7,5.19
2017-06-02,26.08,16.02,79.77,5.32
2017-06-03,26.27,10.26,78.43,4.79
2017-06-04,26.13,3.24,82.18,5.42
2017-06-05,26.2,1.39,85.25,4.7
2017-06-06,26.09,0.71,84.85,4.0
2017-06-07,26.09,0.71,83.46,3.78
2017-06-08,27.02,0.3,78.9,4.09
2017-06-09,26.89,0.44,79.64,4.57
2017-06-10,26.3,1.89,79.62,4.73
2017-06-11,26.54,0.64,79.01,4.62
2017-06-12,26.99,0.24,78.69,4.41
2017-06-13,27.19,0.72,79.39,4.0
2017-06-14,27.2,1.37,80.96,3.84
2017-06-15,27.04,0.33,82.15,3.33
2017-06-16,26.19,0.56,85.04,3.35
2017-06-17,26.59,0.31,81.4,3.24
2017-06-18,27.2,0.06,79.72,4.0
2017-06-19,27.1,0.29,80.39,4.08
2017-06-20,26.58,0.36,82.97,3.37
2017-06-21,26.54,0.45,83.21,3.29
2017-06-22,26.57,0.7,82.72,3.95
2017-06-23,26.07,2.23,83.98,4.49
2017-06-24,25.81,4.99,80.51,5.23
2017-06-25,25.46,13.71,80.89,4.45
2017-06-26,25.3,10.72,84.41,3.87
2017-06-27,25.25,16.61,87.31,4.18
2017-06-28,25.63,4.31,85.69,3.92
2017-06-29,26.32,0.7,83.94,4.11
2017-06-30,25.81,1.25,86.78,3.71
2017-07-01,25.54,2.26,85.21,4.21
2017-07-02,25.37,0.42,82.16,4.69
2017-07-03,26.13,0.52,78.41,4.88
2017-07-04,26.12,0.05,79.09,4.46
2017-07-05,26.59,0.13,80.54,4.24
2017-07-06,25.91,0.2,83.17,4.31
2017-07-07,25.89,0.4,76.73,4.97
2017-07-08,25.5,0.66,77.71,4.33
2017-07-09,24.52,1.25,81.4,4.23
2017-07-10,25.85,0.46,79.34,3.98
2017-07-11,25.78,1.16,81.57,4.87
2017-07-12,26.11,0.05,79.87,3.66
2017-07-13,26.22,0.11,81.62,4.19
2017-07-14,25.63,0.07,80.91,3.49
2017-07-15,25.64,0.03,83.57,3.6
2017-07-16,25.95,0.07,82.67,4.3
2017-07-17,25.86,0.09,82.12,4.21
2017-07-18,26.0,0.76,83.3,4.4
2017-07-19,26.13,1.97,82.91,4.29
2017-07-20,26.36,0.95,81.79,4.5
2017-07-21,25.68,0.67,77.25,4.16
2017-07-22,26.98,0.06,78.36,4.24
2017-07-23,26.47,0.07,81.78,3.92
2017-07-24,27.03,0.01,76.67,4.58
2017-07-25,27.68,0.03,75.13,3.97
2017-07-26,27.5,0.05,76.71,4.46
2017-07-27,27.23,0.36,76.81,4.66
2017-07-28,26.97,1.04,78.76,4.93
2017-07-29,26.96,0.78,76.96,4.14
2017-07-30,26.79,0.37,77.73,3.93
2017-07-31,26.71,16.68,81.22,3.48
2017-08-01,26.58,2.54,81.04,3.74
2017-08-02,26.69,0.13,78.65,4.61
2017-08-03,26.61,1.02,79.57,4.75
2017-08-04,25.87,1.43,84.37,4.73
2017-08-05,26.19,1.38,82.22,5.21
2017-08-06,26.04,0.3,81.11,4.76
2017-08-07,25.67,2.63,84.37,4.21
2017-08-08,26.02,5.15,80.59,3.95
2017-08-09,26.41,0.71,78.46,3.58
2017-08-10,26.17,1.89,76.74,3.38
2017-08-11,25.05,1.37,84.16,4.4
2017-08-12,26.3,0.32,75.71,3.43
2017-08-13,26.04,1.31,76.86,2.16
2017-08-14,26.97,0.52,74.95,1.28
2017-08-15,26.14,0.37,77.0,2.41
2017-08-16,26.23,0.2,77.41,3.4
2017-08-17,25.78,2.1,82.02,3.69
2017-08-18,25.56,2.75,83.61,4.36
2017-08-19,26.12,3.29,80.25,4.75
2017-08-20,25.3,5.68,84.78,4.09
2017-08-21,25.92,2.47,80.49,4.06
2017-08-22,25.67,0.97,81.56,3.93
2017-08-23,25.71,0.23,81.09,3.69
2017-08-24,26.51,0.08,79.05,3.36
2017-08-25,26.43,0.01,79.22,4.59
2017-08-26,26.73,0.18,77.73,4.54
2017-08-27,25.7,1.99,83.56,4.67
2017-08-28,25.31,2.57,86.65,4.35
2017-08-29,25.41,1.83,83.57,4.74
2017-08-30,26.55,0.85,79.7,4.12
2017-08-31,27.06,1.68,77.38,3.19
2017-09-01,26.11,14.26,84.81,2.28
2017-09-02,25.63,3.45,83.03,2.74
2017-09-03,25.33,0.75,82.45,2.9
2017-09-04,26.66,0.55,79.08,2.21
2017-09-05,26.06,2.67,82.73,3.6
2017-09-06,26.01,10.69,84.4,3.16
2017-09-07,25.69,7.06,86.33,2.68
2017-09-08,25.11,6.58,89.29,3.72
2017-09-09,25.09,7.84,87.05,2.51
2017-09-10,25.77,6.93,84.38,2.14
2017-09-11,25.86,0.85,83.2,2.2
2017-09-12,26.13,5.08,81.74,2.07
2017-09-13,25.19,9.0,89.3,2.67
2017-09-14,25.25,5.5,87.61,3.07
2017-09-15,25.4,1.35,87.14,2.77
2017-09-16,25.94,10.96,85.31,4.02
2017-09-17,25.13,16.82,88.94,4.01
2017-09-18,25.48,1.15,86.6,3.71
2017-09-19,25.82,4.42,85.49,4.43
2017-09-20,25.52,2.56,86.57,4.54
2017-09-21,25.8,1.82,82.94,4.23
2017-09-22,25.09,0.39,85.88,2.94
2017-09-23,26.35,0.02,78.73,2.46
2017-09-24,26.39,0.17,80.01,3.08
2017-09-25,26.22,0.29,79.92,3.21
2017-09-26,25.55,1.29,85.0,2.69
2017-09-27,25.67,4.56,87.07,3.09
2017-09-28,25.75,3.93,84.05,4.21
2017-09-29,26.01,1.17,81.58,4.18
2017-09-30,26.49,0.69,81.05,3.34
2017-10-01,26.48,0.66,80.24,3.65
2017-10-02,26.35,1.6,82.36,3.39
2017-10-03,26.71,0.68,79.66,2.86
2017-10-04,26.51,0.55,83.83,2.78
2017-10-05,26.24,3.45,85.51,2.21
2017-10-06,25.76,2.76,82.56,3.15
2017-10-07,25.91,3.9,81.06,2.66
2017-10-08,26.24,0.64,80.43,3.13
2017-10-09,26.83,0.08,78.14,2.65
2017-10-10,26.31,0.14,81.4,2.22
2017-10-11,25.65,2.49,82.94,1.7
2017-10-12,25.72,4.54,83.93,2.09
2017-10-13,25.72,6.38,87.65,2.35
2017-10-14,25.29,12.9,87.99,2.82
2017-10-15,25.22,5.76,85.96,2.94
2017-10-16,25.93,0.42,83.9,3.83
2017-10-17,25.38,0.75,86.46,2.97
2017-10-18,25.69,1.96,83.71,3.04
2017-10-19,26.17,2.52,83.36,2.99
2017-10-20,26.74,0.45,82.53,2.97
2017-10-21,26.19,6.25,84.79,3.43
2017-10-22,26.33,2.91,83.56,3.23
2017-10-23,27.04,0.2,77.44,2.35
2017-10-24,26.71,0.97,77.89,1.47
2017-10-25,26.69,1.25,78.53,1.15
2017-10-26,26.78,4.8,77.24,0.92
2017-10-27,26.59,12.02,78.95,0.68
2017-10-28,25.31,9.56,87.54,1.18
2017-10-29,25.2,2.06,84.24,1.55
2017-10-30,25.12,7.22,84.91,1.7
2017-10-31,24.3,3.33,88.46,1.35
2017-11-01,24.35,23.15,89.28,1.11
2017-11-02,24.93,47.97,87.89,0.93
2017-11-03,24.79,3.63,87.93,1.9
2017-11-04,24.65,3.89,89.26,1.52
2017-11-05,24.25,10.18,89.97,2.45
2017-11-06,24.41,12.62,90.47,2.51
2017-11-07,24.36,8.77,90.86,2.31
2017-11-08,24.11,32.57,90.31,2.17
2017-11-09,24.86,4.85,83.14,1.46
2017-11-10,25.09,0.26,82.13,1.23
2017-11-11,24.88,0.01,83.91,1.48
2017-11-12,25.02,0.27,87.73,1.36
2017-11-13,25.1,0.23,86.82,1.82
2017-11-14,24.03,0.01,83.27,2.05
2017-11-15,23.99,0.0,85.92,2.03
2017-11-16,23.47,0.0,82.89,2.27
2017-11-17,23.91,0.0,78.19,1.35
2017-11-18,25.1,2.22,79.84,1.1
2017-11-19,25.24,3.89,85.56,1.19
2017-11-20,25.47,17.86,87.47,1.46
2017-11-21,24.42,19.36,91.88,1.38
2017-11-22,24.44,10.72,91.03,2.11
2017-11-23,24.54,0.79,86.22,2.21
2017-11-24,24.94,0.14,85.56,2.0
2017-11-25,24.78,0.22,85.78,1.61
2017-11-26,23.1,11.94,91.53,1.68
2017-11-27,23.58,14.93,92.54,2.0
2017-11-28,24.34,5.17,92.3,2.44
2017-11-29,24.2,7.47,92.4,3.76
2017-11-30,24.29,96.64,93.42,5.95
2017-12-01,24.31,46.98,95.7,1.95
2017-12-02,24.64,5.97,89.38,1.32
2017-12-03,24.7,3.78,85.63,1.31
2017-12-04,24.83,0.22,87.16,1.51
2017-12-05,24.86,1.01,84.18,0.96
2017-12-06,24.49,3.46,86.55,0.95
2017-12-07,24.3,15.29,88.48,0.87
2017-12-08,24.42,1.02,90.83,0.75
2017-12-09,24.14,2.44,89.09,1.32
2017-12-10,23.98,0.01,82.69,1.26
2017-12-11,24.54,0.31,86.43,1.41
2017-12-12,24.82,0.64,84.49,1.02
2017-12-13,25.3,7.19,82.55,0.57
2017-12-14,24.61,7.38,88.37,1.64
2017-12-15,24.22,8.06,91.16,2.59
2017-12-16,24.24,1.13,89.62,3.61
2017-12-17,23.65,0.03,88.32,3.77
2017-12-18,22.58,0.0,85.96,3.2
2017-12-19,22.73,0.42,86.2,2.87
2017-12-20,23.48,1.2,89.3,4.14
2017-12-21,23.03,0.9,87.78,3.61
2017-12-22,23.44,0.02,87.83,3.89
2017-12-23,23.0,0.01,87.36,3.16
2017-12-24,22.16,0.0,86.82,2.58
2017-12-25,23.39,0.01,88.56,2.51
2017-12-26,23.7,0.01,87.85,2.96
2017-12-27,22.57,0.0,86.31,3.23
2017-12-28,21.9,0.0,83.4,3.53
2017-12-29,21.34,0.0,82.96,2.85
2017-12-30,22.31,0.0,82.88,2.66
2017-12-31,22.75,0.0,81.1,1.98
2018-01-01,23.86,0.0,84.02,1.02
2018-01-02,24.55,0.0,83.48,0.89
2018-01-03,24.57,0.0,83.3,1.46
2018-01-04,23.59,0.0,83.06,2.25
2018-01-05,22.24,0.0,81.76,2.5
2018-01-06,22.46,0.0,77.29,1.78
2018-01-07,22.59,0.0,78.85,1.53
2018-01-08,21.76,0.0,78.85,2.48
2018-01-09,23.24,0.12,77.3,1.55
2018-01-10,23.99,1.23,85.16,2.58
2018-01-11,24.1,0.91,85.81,2.28
2018-01-12,24.52,0.02,84.86,2.22
2018-01-13,23.92,0.11,86.36,2.51
2018-01-14,23.49,0.0,78.79,2.91
2018-01-15,24.01,0.0,80.48,3.22
2018-01-16,24.08,0.0,81.64,2.52
2018-01-17,24.49,0.0,78.18,2.24
2018-01-18,23.27,0.0,70.69,3.07
2018-01-19,22.64,0.0,76.33,2.67
2018-01-20,22.81,0.0,73.91,2.42
2018-01-21,22.85,0.0,74.74,2.37
2018-01-22,23.53,0.0,72.83,1.72
2018-01-23,24.67,0.0,74.37,1.38
2018-01-24,25.27,0.75,77.51,0.92
2018-01-25,25.29,0.08,73.13,1.48
2018-01-26,24.67,0.19,71.65,1.96
2018-01-27,24.69,0.0,70.03,1.75
2018-01-28,24.63,0.57,71.25,2.15
2018-01-29,24.74,0.03,70.12,2.77
2018-01-30,25.52,0.0,72.18,3.55
2018-01-31,25.36,0.0,62.46,3.74
2018-02-01,24.47,0.0,60.99,2.97
2018-02-02,23.96,0.0,60.1,2.92
2018-02-03,23.77,0.0,63.94,3.12
2018-02-04,24.6,0.0,66.67,3.22
2018-02-05,25.71,0.0,65.31,3.32
2018-02-06,26.07,0.04,74.95,2.95
2018-02-07,26.7,2.44,77.38,1.84
2018-02-08,26.07,1.13,77.51,1.98
2018-02-09,26.69,0.06,73.24,1.47
2018-02-10,25.52,0.0,68.26,2.13
2018-02-11,25.61,0.0,71.55,2.72
2018-02-12,26.13,0.02,73.35,2.74
2018-02-13,25.72,0.0,68.21,2.83
2018-02-14,25.68,0.0,69.79,3.22
2018-02-15,26.45,0.01,71.84,3.71
2018-02-16,26.63,0.0,65.03,4.12
2018-02-17,25.98,0.0,64.41,2.35
2018-02-18,25.89,0.0,65.61,2.44
2018-02-19,25.46,0.0,63.15,2.9
2018-02-20,25.34,0.0,64.86,3.37
2018-02-21,25.63,0.0,64.79,2.65
2018-02-22,25.91,0.0,59.82,2.33
2018-02-23,25.49,0.0,61.09,3.16
2018-02-24,26.66,0.0,67.82,3.88
2018-02-25,27.55,0.0,65.71,4.17
2018-02-26,27.71,0.0,64.74,2.75
2018-02-27,27.21,0.05,67.23,3.89
2018-02-28,27.91,0.05,67.26,3.8
2018-03-01,27.65,0.28,68.84,3.54
2018-03-02,28.2,0.05,62.47,3.12
2018-03-03,28.41,0.02,59.93,2.07
2018-03-04,28.54,0.03,55.27,1.75
2018-03-05,28.01,0.0,57.3,1.9
2018-03-06,28.04,0.0,55.79,1.93
2018-03-07,28.07,0.0,54.75,1.8
2018-03-08,28.39,0.0,55.78,2.42
2018-03-09,27.62,0.0,59.76,2.97
2018-03-10,28.09,0.01,55.38,3.21
2018-03-11,28.56,0.0,60.11,3.55
2018-03-12,27.74,1.06,68.38,4.36
2018-03-13,25.49,12.68,80.62,3.15
2018-03-14,26.91,15.11,76.73,2.31
2018-03-15,27.05,0.28,73.91,1.41
2018-03-16,27.51,0.05,72.26,1.36
2018-03-17,27.72,1.16,74.31,1.43
2018-03-18,27.37,1.97,74.4,2.24
2018-03-19,27.78,0.53,70.27,2.14
2018-03-20,27.28,0.0,62.54,1.89
2018-03-21,28.53,0.29,63.63,1.59
2018-03-22,28.88,0.35,66.57,1.96
2018-03-23,29.19,0.04,64.63,1.8
2018-03-24,29.31,0.06,63.93,1.74
2018-03-25,27.88,0.03,64.29,2.17
2018-03-26,27.97,0.07,63.71,2.26
2018-03-27,27.73,1.39,71.99,1.74
2018-03-28,27.46,0.17,74.65,1.23
2018-03-29,29.25,0.04,66.94,1.39
2018-03-30,28.23,0.05,73.1,2.2
2018-03-31,27.97,0.04,71.56,2.35
2018-04-01,29.83,0.03,61.01,1.73
2018-04-02,29.49,0.03,62.11,1.49
2018-04-03,30.22,0.06,59.9,1.51
2018-04-04,29.57,0.1,63.18,1.64
2018-04-05,29.6,0.02,61.47,1.47
2018-04-06,29.95,0.04,60.54,1.52
2018-04-07,30.31,0.25,60.08,1.75
2018-04-08,29.46,0.86,62.05,1.57
2018-04-09,28.05,2.02,71.17,2.11
2018-04-10,28.16,4.57,71.7,2.03
2018-04-11,26.96,22.61,83.85,1.39
2018-04-12,27.24,8.95,79.81,1.3
2018-04-13,27.58,11.28,76.97,1.37
2018-04-14,27.86,16.25,74.49,1.11
2018-04-15,26.64,6.17,82.13,1.95
2018-04-16,28.16,0.38,73.54,1.4
2018-04-17,28.72,0.19,72.31,1.31
2018-04-18,27.1,1.26,80.83,0.95
2018-04-19,28.41,0.56,74.5,1.54
2018-04-20,28.27,0.93,75.04,1.7
2018-04-21,28.61,0.17,73.37,1.27
2018-04-22,28.97,0.1,72.1,1.69
2018-04-23,29.49,0.12,68.74,1.5
2018-04-24,29.08,0.24,71.7,1.76
2018-04-25,28.85,0.46,72.22,1.66
2018-04-26,28.93,0.29,71.98,1.57
2018-04-27,28.96,0.46,73.03,1.25
2018-04-28,27.29,0.97,79.34,1.23
2018-04-29,28.98,0.36,69.26,1.52
2018-04-30,29.56,0.2,70.13,2.19
2018-05-01,29.4,0.11,68.57,2.55
2018-05-02,28.47,0.08,76.2,2.99
2018-05-03,28.54,0.79,74.68,2.37
2018-05-04,28.97,0.72,71.53,1.47
2018-05-05,28.28,0.74,70.03,1.82
2018-05-06,27.54,1.29,74.92,1.99
2018-05-07,27.04,2.39,79.53,2.01
2018-05-08,26.73,5.38,81.98,2.23
2018-05-09,27.36,2.25,76.58,1.71
2018-05-10,27.25,0.49,74.99,2.02
2018-05-11,27.6,0.66,75.16,1.89
2018-05-12,27.04,0.7,77.3,2.35
2018-05-13,27.31,3.47,73.97,2.3
2018-05-14,27.18,6.02,77.63,2.03
2018-05-15,27.93,0.15,73.51,1.45
2018-05-16,27.58,0.34,73.74,1.12
2018-05-17,25.8,19.06,85.25,1.83
2018-05-18,26.81,10.55,79.35,2.1
2018-05-19,27.62,2.76,76.4,2.55
2018-05-20,26.24,8.48,84.45,3.99
2018-05-21,26.38,2.86,83.32,2.51
2018-05-22,26.41,0.75,83.55,2.83
2018-05-23,26.64,0.8,83.29,3.35
2018-05-24,26.57,1.64,85.63,4.01
2018-05-25,26.2,2.11,88.87,4.23
2018-05-26,25.62,1.53,89.83,4.13
2018-05-27,26.51,2.22,84.32,3.58
2018-05-28,26.67,6.84,85.54,5.83
2018-05-29,26.98,1.4,80.71,5.9
2018-05-30,27.01,1.03,80.19,4.99
2018-05-31,27.01,0.38,82.07,3.8
2018-06-01,26.56,4.96,85.18,3.03
2018-06-02,26.42,3.5,88.14,3.23
2018-06-03,25.76,2.75,88.23,3.36
2018-06-04,26.03,2.89,86.91,3.55
2018-06-05,26.68,3.6,83.92,3.31
2018-06-06,26.28,5.6,85.88,3.57
2018-06-07,25.7,6.71,89.36,4.01
2018-06-08,26.43,9.91,85.79,5.8
2018-06-09,26.49,6.88,86.27,6.46
2018-06-10,26.33,7.02,88.09,5.5
2018-06-11,26.24,2.78,86.25,5.3
2018-06-12,26.02,1.98,85.75,5.01
2018-06-13,26.06,5.11,84.96,4.66
2018-06-14,26.03,2.48,81.72,4.44
2018-06-15,25.64,0.88,86.16,3.64
2018-06-16,25.28,6.2,86.09,3.8
2018-06-17,25.25,0.72,83.3,3.92
2018-06-18,26.03,1.36,83.7,3.93
2018-06-19,25.66,2.72,84.87,4.47
2018-06-20,25.71,2.48,85.67,4.71
2018-06-21,25.56,4.22,86.88,4.25
2018-06-22,25.55,1.73,84.24,3.71
2018-06-23,26.21,0.38,80.41,4.2
2018-06-24,25.89,1.31,85.78,4.0
2018-06-25,25.52,1.06,83.48,3.97
2018-06-26,25.42,1.5,86.41,3.98
2018-06-27,25.22,2.52,82.67,4.04
2018-06-28,25.37,2.77,80.83,3.61
2018-06-29,25.24,0.32,79.46,3.64
2018-06-30,25.23,0.83,82.74,3.42
2018-07-01,25.69,1.03,78.33,3.51
2018-07-02,26.38,0.95,78.89,3.69
2018-07-03,25.76,0.98,84.34,3.11
2018-07-04,26.08,0.03,83.19,3.45
2018-07-05,26.18,0.37,82.32,3.75
2018-07-06,26.04,0.53,82.71,4.35
2018-07-07,25.44,0.6,80.36,5.42
2018-07-08,25.68,3.77,81.37,5.57
2018-07-09,25.1,8.75,88.07,5.04
2018-07-10,25.04,5.74,84.75,4.91
2018-07-11,25.05,2.3,84.27,4.75
2018-07-12,25.33,2.51,84.17,4.3
2018-07-13,25.34,2.95,87.32,4.99
2018-07-14,25.51,2.1,84.79,4.97
2018-07-15,24.95,11.48,87.62,5.43
2018-07-16,25.13,4.6,83.99,5.33
2018-07-17,25.85,1.31,78.77,5.68
2018-07-18,25.48,2.07,80.06,5.47
2018-07-19,25.15,2.76,85.16,5.68
2018-07-20,25.35,0.58,83.53,5.0
2018-07-21,25.33,0.08,83.35,5.0
2018-07-22,25.76,0.06,82.17,4.91
2018-07-23,25.88,0.12,81.54,5.22
2018-07-24,25.6,1.43,81.64,5.33
2018-07-25,25.97,1.35,81.6,4.81
2018-07-26,25.46,0.24,82.49,5.09
2018-07-27,25.82,0.06,80.62,5.0
2018-07-28,25.61,0.07,80.38,4.45
2018-07-29,26.03,0.15,80.52,4.92
2018-07-30,25.24,5.98,83.99,4.32
2018-07-31,24.7,15.47,87.84,4.21
2018-08-01,24.98,3.77,87.83,3.51
2018-08-02,25.7,1.68,82.11,3.58
2018-08-03,25.28,0.66,83.3,4.04
2018-08-04,25.08,0.1,83.82,3.91
2018-08-05,25.67,0.09,82.8,5.06
2018-08-06,25.51,1.03,82.18,5.51
2018-08-07,25.12,3.8,84.78,4.86
2018-08-08,24.7,10.08,85.25,5.22
2018-08-09,24.98,10.04,85.11,4.71
2018-08-10,25.11,2.15,85.19,4.93
2018-08-11,24.98,0.91,85.73,5.45
2018-08-12,24.95,7.11,84.1,5.4
2018-08-13,24.92,6.9,88.0,4.39
2018-08-14,25.41,30.26,82.62,5.89
2018-08-15,24.81,24.35,87.46,6.64
2018-08-16,24.57,12.7,86.38,6.24
2018-08-17,24.29,4.95,89.32,5.57
2018-08-18,24.17,5.48,88.01,5.87
2018-08-19,24.26,1.0,88.7,5.84
2018-08-20,24.46,0.28,88.3,5.33
2018-08-21,24.82,0.1,85.9,4.66
2018-08-22,25.11,0.04,83.1,4.28
2018-08-23,25.14,0.0,82.1,4.27
2018-08-24,25.43,0.07,80.86,4.21
2018-08-25,25.61,0.02,82.79,4.17
2018-08-26,24.96,0.07,83.31,4.61
2018-08-27,25.06,0.3,83.04,4.32
2018-08-28,24.5,0.17,85.33,4.03
2018-08-29,25.35,0.02,80.76,4.48
2018-08-30,25.71,0.37,80.74,4.63
2018-08-31,25.63,0.34,81.45,3.68
2018-09-01,24.78,0.35,85.61,2.92
2018-09-02,25.37,0.18,83.02,3.39
2018-09-03,25.48,0.01,80.91,3.54
2018-09-04,25.5,0.0,80.28,3.47
2018-09-05,25.26,0.0,81.29,4.06
2018-09-06,25.76,0.01,79.51,4.26
2018-09-07,25.27,0.01,80.73,4.0
2018-09-08,25.93,0.0,78.15,3.78
2018-09-09,27.0,0.01,72.52,2.92
2018-09-10,26.89,0.21,72.84,2.52
2018-09-11,27.1,0.04,73.33,2.43
2018-09-12,27.43,0.0,70.29,2.51
2018-09-13,27.09,0.01,74.06,3.21
2018-09-14,26.89,0.26,74.64,2.92
2018-09-15,27.19,0.04,73.84,2.76
2018-09-16,26.75,0.03,76.38,2.85
2018-09-17,25.95,0.12,78.16,3.38
2018-09-18,25.78,0.66,80.29,4.37
2018-09-19,25.73,0.63,82.39,4.07
2018-09-20,25.9,4.27,83.03,4.32
2018-09-21,26.5,0.11,76.74,3.81
2018-09-22,27.1,0.08,75.33,2.6
2018-09-23,26.19,7.81,83.37,2.51
2018-09-24,25.78,6.12,81.61,2.15
2018-09-25,25.31,1.55,83.28,1.9
2018-09-26,27.53,0.15,74.85,1.69
2018-09-27,27.14,0.72,76.35,1.49
2018-09-28,26.73,2.34,78.11,1.31
2018-09-29,24.83,9.51,88.29,1.37
2018-09-30,26.6,6.03,80.8,1.22
2018-10-01,27.28,5.46,77.38,1.1
2018-10-02,25.6,9.68,85.47,1.09
2018-10-03,26.16,11.3,81.26,1.16
2018-10-04,24.88,14.35,85.58,1.64
2018-10-05,24.63,29.37,92.97,3.24
2018-10-06,25.92,23.98,86.82,1.34
2018-10-07,25.59,17.88,83.44,0.93
2018-10-08,24.82,11.94,87.62,2.21
2018-10-09,24.62,1.15,88.1,2.07
2018-10-10,25.22,0.45,83.59,2.63
2018-10-11,25.41,1.82,87.42,1.84
2018-10-12,25.86,0.12,86.25,1.55
2018-10-13,25.51,3.31,84.84,2.12
2018-10-14,25.11,2.35,84.35,2.01
2018-10-15,25.38,2.46,82.77,1.36
2018-10-16,24.94,8.25,87.28,1.28
2018-10-17,24.58,1.96,83.61,1.48
2018-10-18,25.56,4.8,80.57,1.03
2018-10-19,26.03,9.62,82.22,0.82
2018-10-20,25.62,7.5,84.88,0.83
2018-10-21,24.98,13.2,88.57,0.98
2018-10-22,24.87,13.23,88.18,0.94
2018-10-23,25.31,6.4,82.34,0.95
2018-10-24,25.17,13.92,82.98,1.18
2018-10-25,24.63,8.47,86.41,1.84
2018-10-26,24.78,1.45,86.96,2.12
2018-10-27,25.33,2.31,83.18,1.47
2018-10-28,24.97,3.06,79.38,1.6
2018-10-29,25.21,0.0,81.9,1.37
2018-10-30,25.69,0.01,82.15,1.07
2018-10-31,25.6,1.93,85.84,1.25
2018-11-01,24.24,4.48,92.36,1.62
2018-11-02,24.92,10.83,88.6,1.66
2018-11-03,24.46,25.57,91.27,2.05
2018-11-04,24.31,4.64,89.24,2.13
2018-11-05,24.57,0.03,87.22,1.9
2018-11-06,23.63,3.83,91.43,2.11
2018-11-07,24.16,3.51,85.91,1.75
2018-11-08,23.05,6.56,86.02,1.62
2018-11-09,23.89,9.33,89.61,1.83
2018-11-10,24.85,0.64,84.84,1.59
2018-11-11,24.73,0.27,83.6,1.4
2018-11-12,24.61,0.19,83.97,1.05
2018-11-13,24.75,0.09,86.25,1.5
2018-11-14,25.5,0.41,85.31,1.13
2018-11-15,26.28,10.07,82.16,0.92
2018-11-16,24.33,14.94,88.7,2.55
2018-11-17,25.22,0.11,81.48,1.03
2018-11-18,24.84,1.07,86.99,1.18
2018-11-19,25.08,9.32,88.22,1.55
2018-11-20,24.8,4.95,84.85,1.59
2018-11-21,25.51,2.89,83.45,1.3
2018-11-22,25.63,1.36,84.94,1.05
2018-11-23,25.14,0.88,88.43,1.22
2018-11-24,24.38,6.94,90.94,1.25
2018-11-25,24.09,1.02,86.36,2.0
2018-11-26,24.21,0.0,86.09,2.58
2018-11-27,22.84,0.0,83.86,2.66
2018-11-28,23.46,0.06,85.09,2.93
2018-11-29,24.36,2.97,89.27,3.05
2018-11-30,24.95,0.65,87.23,2.84
2018-12-01,24.62,0.06,86.29,3.03
2018-12-02,24.09,0.0,83.8,2.64
2018-12-03,24.65,0.08,83.26,2.33
2018-12-04,24.92,2.13,87.65,2.37
2018-12-05,25.17,0.44,85.81,2.2
2018-12-06,25.22,0.09,85.3,2.16
2018-12-07,25.12,3.95,84.62,2.57
2018-12-08,24.93,0.54,82.7,2.75
2018-12-09,24.68,0.0,80.68,2.61
2018-12-10,24.84,0.0,76.82,1.82
2018-12-11,24.31,0.0,71.19,1.56
2018-12-12,25.36,0.0,71.67,1.15
2018-12-13,25.96,0.0,74.43,1.03
2018-12-14,25.54,0.0,71.79,1.41
2018-12-15,25.42,0.0,75.38,1.61
2018-12-16,25.19,0.0,74.03,1.6
2018-12-17,25.66,0.0,77.79,1.25
2018-12-18,26.14,0.0,75.11,0.98
2018-12-19,25.42,0.03,77.86,2.33
2018-12-20,24.9,0.0,75.02,2.21
2018-12-21,25.45,0.02,76.0,1.42
2018-12-22,26.22,1.35,75.4,1.47
2018-12-23,25.02,2.15,84.17,2.84
2018-12-24,24.88,4.42,87.25,2.36
2018-12-25,25.76,0.75,78.28,2.39
2018-12-26,26.15,0.07,72.21,1.46
2018-12-27,25.75,0.03,72.77,1.69
2018-12-28,25.28,0.0,74.5,1.69
2018-12-29,24.82,0.68,79.4,2.46
2018-12-30,24.85,0.37,73.58,3.51
2018-12-31,24.53,0.0,74.18,3.47
2019-01-01,23.99,0.0,71.72,3.25
2019-01-02,22.81,0.0,69.9,3.41
2019-01-03,23.1,0.0,69.1,3.16
2019-01-04,22.96,0.0,69.32,3.49
2019-01-05,23.76,0.0,70.66,2.52
2019-01-06,23.52,0.0,71.71,2.77
2019-01-07,23.92,0.0,72.2,2.02
2019-01-08,24.29,0.0,70.94,2.43
2019-01-09,23.94,0.0,68.47,2.88
2019-01-10,23.77,0.0,69.12,2.79
2019-01-11,24.41,0.0,69.31,2.22
2019-01-12,24.51,0.0,64.48,3.01
2019-01-13,25.28,0.0,72.0,2.56
2019-01-14,26.17,0.05,70.08,2.73
2019-01-15,25.44,0.02,68.35,2.84
2019-01-16,25.37,0.0,66.2,3.51
2019-01-17,24.2,0.0,66.23,3.0
2019-01-18,23.46,0.0,65.49,2.94
2019-01-19,23.6,0.0,65.79,2.25
2019-01-20,23.52,0.0,65.56,3.11
2019-01-21,23.61,0.0,64.86,2.31
2019-01-22,24.31,0.0,66.37,1.76
2019-01-23,25.62,0.0,67.46,1.91
2019-01-24,26.3,0.0,67.21,1.99
2019-01-25,27.02,0.0,67.54,1.34
2019-01-26,27.72,0.0,66.4,1.53
2019-01-27,27.7,0.2,64.51,1.56
2019-01-28,27.59,0.2,63.16,1.64
2019-01-29,27.52,0.0,59.47,3.07
2019-01-30,27.05,0.0,60.29,4.17
2019-01-31,26.52,0.0,63.06,3.9
2019-02-01,26.93,0.0,62.11,2.88
2019-02-02,27.4,0.0,62.25,2.67
2019-02-03,27.3,0.0,61.77,3.53
2019-02-04,27.16,0.01,68.92,4.16
2019-02-05,27.64,0.62,67.43,3.52
2019-02-06,27.43,0.12,62.82,3.31
2019-02-07,27.55,0.0,60.65,2.14
2019-02-08,28.18,0.01,62.67,1.78
2019-02-09,28.0,0.52,67.56,1.5
2019-02-10,27.4,0.1,66.84,1.93
2019-02-11,27.53,0.0,66.31,3.91
2019-02-12,27.38,0.02,65.65,4.66
2019-02-13,27.41,0.0,62.09,4.69
2019-02-14,28.14,0.0,64.71,3.63
2019-02-15,28.48,0.04,65.03,2.65
2019-02-16,29.15,0.16,61.96,1.84
2019-02-17,27.7,0.23,73.12,1.6
2019-02-18,29.77,0.06,62.47,1.6
2019-02-19,29.38,0.02,60.8,1.8
2019-02-20,27.98,0.01,62.69,3.68
2019-02-21,27.95,0.0,61.69,3.61
2019-02-22,27.42,0.0,59.46,4.03
2019-02-23,26.54,0.0,60.6,2.79
2019-02-24,26.71,0.0,58.78,2.46
2019-02-25,27.92,0.0,56.32,1.9
2019-02-26,29.04,0.0,57.21,1.54
2019-02-27,29.47,0.0,58.91,2.28
2019-02-28,29.57,0.0,55.86,2.42
2019-03-01,29.64,0.0,56.2,1.76
2019-03-02,29.29,0.0,57.59,2.46
2019-03-03,29.8,0.02,55.73,2.57
2019-03-04,29.52,0.01,57.75,2.05
2019-03-05,30.52,0.02,58.1,1.88
2019-03-06,30.8,0.03,57.98,2.58
2019-03-07,30.66,0.03,60.11,2.35
2019-03-08,29.96,0.05,62.63,2.54
2019-03-09,29.87,2.22,61.15,2.09
2019-03-10,29.51,1.57,60.94,1.55
2019-03-11,29.09,0.04,53.81,2.03
2019-03-12,27.84,0.0,52.71,2.49
2019-03-13,27.87,0.0,54.78,2.83
2019-03-14,28.18,0.0,48.81,2.68
2019-03-15,27.91,0.0,51.42,2.97
2019-03-16,28.56,0.0,57.24,2.37
2019-03-17,29.21,0.0,57.0,2.25
2019-03-18,29.39,0.58,59.65,2.31
2019-03-19,29.65,0.21,59.07,2.16
2019-03-20,29.96,0.54,57.65,1.53
2019-03-21,29.62,0.05,58.48,1.81
2019-03-22,29.41,0.0,60.46,2.13
2019-03-23,30.43,0.0,58.29,1.71
2019-03-24,30.08,0.0,57.62,1.82
2019-03-25,29.3,0.0,52.9,2.35
2019-03-26,29.08,0.0,50.51,2.17
2019-03-27,29.8,0.0,51.8,2.03
2019-03-28,30.27,0.01,55.91,1.73
2019-03-29,29.99,0.0,58.85,1.99
2019-03-30,30.27,0.0,59.55,2.14
2019-03-31,30.86,0.0,56.97,2.21
2019-04-01,30.84,0.03,59.13,2.42
2019-04-02,31.29,0.04,56.42,1.85
2019-04-03,30.65,0.07,58.13,2.02
2019-04-04,29.65,0.55,61.27,2.04
2019-04-05,30.2,0.7,58.62,1.85
2019-04-06,31.27,0.18,55.53,1.66
2019-04-07,31.46,0.2,58.08,1.83
2019-04-08,30.85,0.01,60.91,2.16
2019-04-09,31.0,0.0,58.84,2.22
2019-04-10,31.38,0.03,57.61,2.01
2019-04-11,31.93,0.03,55.9,1.64
2019-04-12,31.82,0.03,56.41,1.89
2019-04-13,31.62,0.02,57.7,1.75
2019-04-14,31.03,0.01,56.82,1.75
2019-04-15,31.25,0.19,58.38,1.79
2019-04-16,30.76,0.66,61.6,1.83
2019-04-17,29.55,9.11,64.87,2.0
2019-04-18,28.96,2.76,71.85,1.74
2019-04-19,29.08,1.43,69.91,1.7
2019-04-20,27.92,4.3,75.27,1.38
2019-04-21,29.53,2.37,66.56,1.12
2019-04-22,30.54,0.93,61.1,1.76
2019-04-23,30.19,1.57,63.2,0.69
2019-04-24,30.05,0.31,61.81,1.51
2019-04-25,30.58,0.18,60.12,1.0
2019-04-26,30.66,0.58,61.41,1.33
2019-04-27,30.85,1.15,65.66,1.71
2019-04-28,31.2,0.08,64.42,2.17
2019-04-29,30.22,0.84,63.76,2.65
2019-04-30,28.74,4.94,68.67,3.9
2019-05-01,27.39,3.01,79.26,3.96
2019-05-02,28.37,0.03,74.56,3.88
2019-05-03,29.15,0.0,66.87,4.08
2019-05-04,29.84,0.0,62.27,3.66
2019-05-05,30.22,0.0,63.29,3.0
2019-05-06,30.47,0.0,62.02,3.19
2019-05-07,29.89,0.05,62.12,4.09
2019-05-08,28.98,0.0,59.01,4.27
2019-05-09,29.46,0.09,64.93,3.99
2019-05-10,30.76,0.02,62.6,2.89
2019-05-11,30.79,0.01,63.26,3.45
2019-05-12,30.48,0.18,64.06,3.6
2019-05-13,29.91,0.08,64.87,3.79
2019-05-14,30.43,0.01,62.55,4.22
2019-05-15,28.93,0.02,71.38,3.84
2019-05-16,29.02,0.03,72.05,3.52
2019-05-17,29.66,0.22,67.61,3.31
2019-05-18,30.05,0.13,68.14,2.9
2019-05-19,29.86,0.02,67.59,2.64
2019-05-20,30.7,0.09,62.98,2.47
2019-05-21,29.17,0.4,70.22,2.71
2019-05-22,29.24,0.32,73.43,2.43
2019-05-23,28.33,5.42,79.4,2.99
2019-05-24,27.64,8.39,82.77,2.72
2019-05-25,26.55,4.22,82.54,3.36
2019-05-26,28.22,0.04,74.82,3.28
2019-05-27,29.62,0.03,72.91,3.04
2019-05-28,30.1,0.03,71.44,3.08
2019-05-29,28.52,0.25,76.82,3.76
2019-05-30,28.33,2.32,76.78,3.77
2019-05-31,26.52,1.03,72.71,1.84
2019-06-01,28.48,0.15,71.88,3.36
2019-06-02,28.07,1.08,77.06,3.37
2019-06-03,27.49,3.55,81.48,3.85
2019-06-04,27.05,0.69,80.42,3.28
2019-06-05,27.98,0.62,75.8,2.53
2019-06-06,27.1,3.28,82.65,2.89
2019-06-07,26.96,2.2,83.38,3.54
2019-06-08,27.91,3.8,77.91,3.73
2019-06-09,27.28,15.08,83.21,3.61
2019-06-10,26.8,19.33,84.22,4.23
2019-06-11,27.34,11.27,80.99,4.47
2019-06-12,26.86,4.58,84.63,4.21
2019-06-13,26.93,2.26,84.33,4.59
2019-06-14,27.7,1.3,77.96,3.13
2019-06-15,27.14,2.1,82.35,3.44
2019-06-16,27.32,0.58,76.2,3.76
2019-06-17,27.27,0.16,81.5,4.27
2019-06-18,27.18,0.56,81.7,4.37
2019-06-19,27.24,2.5,82.6,4.76
2019-06-20,26.44,1.95,79.22,4.6
2019-06-21,25.66,2.85,83.85,4.76
2019-06-22,25.93,5.31,84.3,5.39
2019-06-23,26.77,0.96,82.09,4.15
2019-06-24,26.64,0.44,86.26,4.26
2019-06-25,27.02,0.07,82.15,3.88
2019-06-26,26.84,0.0,80.67,3.66
2019-06-27,26.71,0.0,81.29,4.02
2019-06-28,26.92,0.0,76.51,4.04
2019-06-29,27.29,0.0,75.98,4.35
2019-06-30,26.67,0.01,79.71,4.68
2019-07-01,26.96,0.06,81.23,4.17
2019-07-02,26.66,0.66,82.9,4.37
2019-07-03,26.93,1.77,80.9,3.61
2019-07-04,27.07,3.95,81.28,3.31
2019-07-05,26.51,6.06,84.39,3.53
2019-07-06,26.42,0.47,83.25,3.82
2019-07-07,26.43,0.78,83.19,3.26
2019-07-08,26.86,4.27,83.08,2.95
2019-07-09,25.83,7.64,81.33,2.69
2019-07-10,25.52,0.68,79.96,3.61
2019-07-11,26.82,0.03,74.31,3.09
2019-07-12,27.35,0.7,72.4,2.51
2019-07-13,26.7,1.33,80.28,2.81
2019-07-14,26.67,1.27,81.33,3.11
2019-07-15,25.31,1.93,82.86,3.97
2019-07-16,26.39,0.8,76.21,5.13
2019-07-17,26.2,1.08,75.82,5.64
2019-07-18,25.5,5.52,80.81,5.61
2019-07-19,25.35,9.5,81.89,6.74
2019-07-20,25.02,2.39,83.96,5.18
2019-07-21,25.85,2.47,80.43,5.17
2019-07-22,25.23,0.78,83.08,4.78
2019-07-23,25.63,0.92,78.68,4.36
2019-07-24,25.79,0.48,81.51,4.01
2019-07-25,26.29,0.28,79.73,3.84
2019-07-26,25.59,0.32,79.99,3.44
2019-07-27,26.18,0.03,78.32,3.49
2019-07-28,26.3,0.03,79.44,3.84
2019-07-29,26.64,0.06,77.96,3.86
2019-07-30,26.96,0.02,75.01,3.43
2019-07-31,26.44,0.02,79.15,3.11
2019-08-01,27.02,0.03,77.25,3.7
2019-08-02,26.61,0.1,80.82,3.53
2019-08-03,26.65,0.72,80.49,3.4
2019-08-04,26.61,1.76,80.75,3.74
2019-08-05,26.29,1.53,80.04,4.08
2019-08-06,26.27,3.83,83.74,4.05
2019-08-07,26.3,14.34,84.79,4.55
2019-08-08,25.87,12.09,83.44,5.35
2019-08-09,25.33,26.32,85.03,4.18
2019-08-10,24.78,6.72,87.47,4.03
2019-08-11,24.89,4.64,84.65,4.79
2019-08-12,25.67,0.49,79.14,5.45
2019-08-13,25.73,5.66,83.13,4.73
2019-08-14,25.26,2.43,83.97,5.13
2019-08-15,26.2,0.29,80.86,4.1
2019-08-16,26.13,0.2,75.3,3.78
2019-08-17,24.79,4.05,81.8,2.54
2019-08-18,25.39,4.17,81.57,2.98
2019-08-19,25.55,0.73,82.64,2.89
2019-08-20,26.1,1.25,82.07,3.48
2019-08-21,25.85,2.25,83.28,4.2
2019-08-22,25.45,4.46,81.47,4.24
2019-08-23,24.77,2.26,81.96,3.2
2019-08-24,25.57,0.54,77.62,3.31
2019-08-25,25.38,1.16,79.47,4.0
2019-08-26,25.04,5.22,82.53,4.63
2019-08-27,25.61,3.42,81.43,4.73
2019-08-28,25.53,1.57,82.57,4.06
2019-08-29,25.06,10.19,83.85,3.9
2019-08-30,25.84,2.26,78.58,4.3
2019-08-31,26.18,1.91,81.32,3.97
2019-09-01,25.65,7.8,85.99,3.56
2019-09-02,25.82,13.12,85.26,3.68
2019-09-03,25.43,3.22,87.09,3.39
2019-09-04,25.7,4.62,85.04,3.72
2019-09-05,25.83,10.73,85.82,3.6
2019-09-06,26.17,5.69,85.97,4.06
2019-09-07,26.0,1.14,86.96,3.8
2019-09-08,25.85,0.28,82.95,3.77
2019-09-09,25.92,0.14,79.05,4.01
2019-09-10,26.04,0.5,84.47,3.29
2019-09-11,26.03,1.44,85.74,3.05
2019-09-12,25.91,1.39,84.16,2.37
2019-09-13,25.82,2.54,81.48,2.54
2019-09-14,25.84,1.04,84.62,2.41
2019-09-15,26.36,1.93,81.14,2.59
2019-09-16,25.76,4.09,84.56,3.31
2019-09-17,26.31,0.88,80.81,3.46
2019-09-18,26.28,3.38,83.6,3.54
2019-09-19,25.94,1.8,83.85,3.49
2019-09-20,26.02,1.85,81.7,2.26
2019-09-21,25.9,0.1,78.52,2.36
2019-09-22,26.57,18.57,81.76,2.81
2019-09-23,25.64,19.27,89.17,2.58
2019-09-24,24.86,14.3,87.42,2.92
2019-09-25,24.98,9.96,88.48,2.23
2019-09-26,24.66,13.26,88.04,1.87
2019-09-27,25.4,0.65,81.38,0.74
2019-09-28,25.92,1.71,81.49,1.22
2019-09-29,25.13,12.33,83.94,1.3
2019-09-30,24.58,3.37,85.52,1.47
2019-10-01,25.23,0.9,83.22,1.65
2019-10-02,26.22,0.99,80.68,0.81
2019-10-03,26.09,5.04,84.74,1.29
2019-10-04,25.1,1.32,86.49,2.02
2019-10-05,25.83,0.43,83.52,1.69
2019-10-06,25.78,0.22,82.03,1.53
2019-10-07,25.66,2.41,83.98,2.01
2019-10-08,25.59,2.28,86.48,2.05
2019-10-09,25.53,0.77,87.57,1.57
2019-10-10,25.73,0.56,84.9,1.33
2019-10-11,25.25,9.49,85.79,0.94
2019-10-12,25.43,5.16,83.37,0.94
2019-10-13,26.11,5.88,82.75,0.7
2019-10-14,25.91,15.45,85.86,1.25
2019-10-15,25.57,16.18,87.94,1.71
2019-10-16,24.82,13.39,87.95,0.86
2019-10-17,24.43,23.58,88.18,1.03
2019-10-18,24.79,8.43,89.02,1.26
2019-10-19,24.84,22.56,88.54,1.12
2019-10-20,24.96,34.97,89.14,1.1
2019-10-21,24.21,37.73,94.72,2.03
2019-10-22,24.22,1.01,89.92,1.8
2019-10-23,24.73,6.1,88.23,2.66
2019-10-24,23.94,2.5,90.22,2.39
2019-10-25,24.66,3.69,86.71,2.21
2019-10-26,24.27,1.33,85.1,1.72
2019-10-27,23.96,4.6,83.8,1.24
2019-10-28,23.89,4.45,85.82,2.09
2019-10-29,24.05,39.92,90.42,3.03
2019-10-30,24.36,37.5,93.28,2.57
2019-10-31,24.46,20.2,94.07,2.47
2019-11-01,25.45,0.1,82.98,0.66
2019-11-02,25.57,3.53,84.2,0.95
2019-11-03,24.88,24.22,85.49,0.97
2019-11-04,25.09,1.98,82.83,1.2
2019-11-05,24.89,0.78,88.34,0.97
2019-11-06,25.24,0.41,88.17,1.75
2019-11-07,25.59,1.24,87.76,1.75
2019-11-08,25.53,0.9,89.2,1.68
2019-11-09,25.82,0.28,87.29,1.12
2019-11-10,25.65,2.55,86.95,1.16
2019-11-11,25.06,2.46,88.33,1.09
2019-11-12,24.57,0.92,88.68,1.52
2019-11-13,24.93,0.49,89.48,2.61
2019-11-14,25.16,3.83,89.21,2.13
2019-11-15,25.3,16.49,89.19,1.93
2019-11-16,25.13,44.2,89.6,1.84
2019-11-17,25.34,5.87,90.36,2.07
2019-11-18,25.78,4.78,89.42,1.87
2019-11-19,25.42,2.04,89.05,1.93
2019-11-20,24.94,6.24,90.81,1.88
2019-11-21,24.99,5.3,89.69,2.37
2019-11-22,24.42,19.97,92.1,1.79
2019-11-23,24.71,4.04,90.75,2.98
2019-11-24,24.83,4.95,90.59,2.45
2019-11-25,24.67,4.3,91.66,2.53
2019-11-26,24.87,1.92,90.03,3.24
2019-11-27,25.07,1.76,89.43,2.47
2019-11-28,25.46,2.27,90.57,2.43
2019-11-29,25.08,39.06,92.88,2.42
2019-11-30,24.45,61.84,94.88,2.79
2019-12-01,24.57,6.15,95.76,1.84
2019-12-02,24.64,5.4,91.47,1.93
2019-12-03,24.51,3.32,89.87,2.33
2019-12-04,24.67,3.31,89.41,3.13
2019-12-05,24.02,5.64,91.35,3.5
2019-12-06,23.3,3.31,91.42,4.16
2019-12-07,24.39,4.54,90.58,3.14
2019-12-08,23.82,0.38,89.8,2.74
2019-12-09,23.52,0.0,89.15,2.66
2019-12-10,23.8,0.82,87.9,2.43
2019-12-11,23.75,0.18,88.78,2.16
2019-12-12,23.98,0.22,89.98,2.18
2019-12-13,24.43,0.85,90.97,2.33
2019-12-14,24.53,4.02,91.35,2.74
2019-12-15,24.17,1.09,88.38,3.4
2019-12-16,23.69,0.04,89.69,2.52
2019-12-17,24.09,0.38,90.15,3.32
2019-12-18,24.33,0.51,89.4,3.92
2019-12-19,24.63,0.4,89.19,3.98
2019-12-20,24.32,30.62,91.63,3.23
2019-12-21,23.64,6.97,93.13,2.71
2019-12-22,24.42,0.24,89.74,2.68
2019-12-23,24.09,0.03,89.6,2.38
2019-12-24,23.23,0.06,92.35,2.2
2019-12-25,24.97,2.62,90.72,2.42
2019-12-26,24.27,0.17,89.27,2.49
2019-12-27,23.77,0.0,89.34,2.48
2019-12-28,22.87,0.0,88.14,2.16
2019-12-29,23.66,0.0,88.63,2.51
2019-12-30,23.85,0.0,89.31,2.46
2019-12-31,23.95,0.0,88.5,1.98
2020-01-01,24.55,0.01,88.69,1.61
2020-01-02,24.97,0.06,89.12,2.08
2020-01-03,25.21,0.04,88.27,2.09
2020-01-04,25.24,8.13,89.03,1.4
2020-01-05,24.97,2.4,88.58,1.72
2020-01-06,24.57,0.04,89.19,2.77
2020-01-07,24.09,2.79,89.4,2.61
2020-01-08,24.03,1.09,87.17,2.47
2020-01-09,23.42,0.0,85.36,2.17
2020-01-10,22.49,0.0,85.61,2.42
2020-01-11,22.41,0.0,85.21,2.55
2020-01-12,22.23,0.0,83.97,2.44
2020-01-13,22.8,0.0,83.56,1.87
2020-01-14,22.79,0.0,83.55,1.85
2020-01-15,22.3,0.0,82.28,2.12
2020-01-16,22.73,0.0,80.79,1.83
2020-01-17,23.68,0.12,85.96,2.13
2020-01-18,24.73,0.12,85.58,2.3
2020-01-19,24.96,1.81,85.25,3.15
2020-01-20,24.22,0.15,82.95,2.69
2020-01-21,24.16,0.0,80.86,2.85
2020-01-22,24.79,0.0,81.61,3.92
2020-01-23,24.88,0.0,84.1,3.53
2020-01-24,24.76,0.0,80.69,3.55
2020-01-25,24.2,0.0,79.03,2.34
2020-01-26,23.79,0.0,75.51,2.19
2020-01-27,24.0,0.0,73.59,1.71
2020-01-28,24.14,0.0,74.26,1.79
2020-01-29,24.33,0.0,76.59,1.94
2020-01-30,24.94,0.0,74.11,1.8
2020-01-31,24.77,0.0,75.3,2.26
2020-02-01,24.82,0.0,75.41,2.35
2020-02-02,25.46,0.0,71.44,2.9
2020-02-03,25.33,0.0,71.77,2.58
2020-02-04,25.29,0.0,73.96,2.37
2020-02-05,26.34,0.01,74.24,2.03
2020-02-06,26.07,0.0,72.48,1.97
2020-02-07,26.49,0.06,72.3,1.57
2020-02-08,27.14,0.1,71.33,1.16
2020-02-09,27.04,0.01,67.48,2.31
2020-02-10,26.24,0.0,69.42,3.26
2020-02-11,26.18,0.0,69.47,3.61
2020-02-12,26.62,0.03,71.65,3.7
2020-02-13,26.85,0.03,71.39,3.11
2020-02-14,26.03,0.02,67.65,2.11
2020-02-15,26.79,1.7,70.21,1.79
2020-02-16,26.56,0.0,66.92,2.5
2020-02-17,26.69,0.0,65.32,2.85
2020-02-18,25.55,0.0,64.95,2.95
2020-02-19,25.49,0.0,64.89,2.86
2020-02-20,25.39,0.0,69.25,3.25
2020-02-21,26.09,3.14,75.08,3.57
2020-02-22,26.62,3.78,75.25,4.96
2020-02-23,26.73,0.02,70.73,4.11
2020-02-24,26.48,0.0,70.74,3.36
2020-02-25,27.06,0.0,70.99,2.08
2020-02-26,26.97,0.0,68.84,2.5
2020-02-27,27.27,0.0,66.06,2.89
2020-02-28,27.77,0.0,65.19,2.77
2020-02-29,27.15,0.0,64.04,2.12
2020-03-01,27.81,0.0,60.22,2.1
2020-03-02,28.21,0.46,61.18,1.56
2020-03-03,28.86,0.36,60.79,1.49
2020-03-04,29.35,0.56,65.22,1.43
2020-03-05,27.26,0.28,72.84,1.29
2020-03-06,29.04,0.16,64.75,2.06
2020-03-07,28.74,0.05,62.25,2.23
2020-03-08,28.81,0.0,62.95,1.64
2020-03-09,29.67,0.02,61.47,2.02
2020-03-10,29.42,0.04,54.07,2.42
2020-03-11,28.92,0.03,61.59,2.16
2020-03-12,29.11,0.01,60.86,2.03
2020-03-13,28.86,0.0,57.93,2.32
2020-03-14,29.47,0.0,58.19,2.22
2020-03-15,29.44,0.0,57.41,2.31
2020-03-16,29.54,0.01,61.92,3.51
2020-03-17,29.37,0.0,61.52,3.87
2020-03-18,28.53,0.06,68.11,2.72
2020-03-19,29.69,0.14,59.61,2.42
2020-03-20,30.0,0.02,57.34,1.85
2020-03-21,29.66,0.97,63.09,1.91
2020-03-22,30.28,1.53,60.69,1.6
2020-03-23,29.97,0.89,61.55,1.64
2020-03-24,29.72,0.05,56.62,1.89
2020-03-25,29.42,0.75,57.94,2.0
2020-03-26,29.18,0.2,57.67,2.79
2020-03-27,29.35,0.0,59.15,3.07
2020-03-28,29.63,0.0,55.7,2.27
2020-03-29,29.76,0.01,57.58,1.88
2020-03-30,30.07,0.81,56.96,1.93
2020-03-31,29.66,0.1,54.51,2.05
2020-04-01,29.14,0.0,53.03,2.73
2020-04-02,29.49,0.0,56.39,2.42
2020-04-03,29.63,0.03,59.17,1.93
2020-04-04,30.3,0.07,59.25,1.86
2020-04-05,29.71,4.06,63.17,1.01
2020-04-06,29.42,1.76,68.09,1.61
2020-04-07,28.31,0.38,69.89,1.57
2020-04-08,28.87,0.78,67.3,1.58
2020-04-09,29.86,0.66,63.63,1.27
2020-04-10,29.49,4.25,65.89,1.65
2020-04-11,28.41,4.32,70.83,1.87
2020-04-12,29.54,0.29,64.64,2.35
2020-04-13,29.77,0.06,63.2,1.98
2020-04-14,29.9,0.97,62.35,1.8
2020-04-15,29.87,0.48,63.63,1.79
2020-04-16,30.12,2.6,61.76,1.78
2020-04-17,30.04,1.35,63.87,1.68
2020-04-18,30.22,0.07,62.43,2.09
2020-04-19,30.31,1.59,61.89,1.47
2020-04-20,29.12,0.98,66.15,1.96
2020-04-21,30.18,1.42,63.94,1.97
2020-04-22,30.74,0.87,62.19,1.75
2020-04-23,30.72,1.12,63.81,2.22
2020-04-24,30.06,0.78,63.74,2.86
2020-04-25,30.26,0.9,63.79,2.29
2020-04-26,29.79,0.92,66.41,0.91
2020-04-27,30.29,0.39,65.64,1.17
2020-04-28,29.46,4.13,66.71,1.51
2020-04-29,28.23,6.14,74.3,2.55
2020-04-30,29.24,0.37,67.98,1.21
2020-05-01,30.25,0.07,64.42,2.04
2020-05-02,31.2,0.22,61.7,1.5
2020-05-03,30.41,1.11,65.89,1.17
2020-05-04,29.87,1.21,68.36,1.12
2020-05-05,29.22,1.43,70.19,1.44
2020-05-06,27.91,2.41,77.6,1.88
2020-05-07,28.72,2.99,71.64,2.05
2020-05-08,27.28,13.12,83.09,1.42
2020-05-09,27.41,8.39,83.66,0.99
2020-05-10,28.47,6.3,78.73,0.86
2020-05-11,27.2,7.67,85.36,0.99
2020-05-12,29.06,3.32,71.32,1.25
2020-05-13,29.04,6.31,70.11,0.85
2020-05-14,28.84,0.61,73.61,1.35
2020-05-15,27.19,5.21,85.14,3.18
2020-05-16,27.68,1.35,78.27,3.33
2020-05-17,27.77,0.61,79.31,4.73
2020-05-18,26.52,6.5,82.29,4.98
2020-05-19,27.04,1.13,83.29,5.26
2020-05-20,28.47,1.69,75.45,5.29
2020-05-21,26.97,9.38,77.47,3.94
2020-05-22,27.44,10.41,74.6,3.99
2020-05-23,27.91,0.17,80.2,3.82
2020-05-24,28.01,0.36,82.17,4.79
2020-05-25,27.55,0.8,82.03,3.73
2020-05-26,27.62,1.35,82.22,3.18
2020-05-27,28.22,0.33,79.04,3.26
2020-05-28,27.23,13.08,85.61,3.23
2020-05-29,27.08,8.82,80.87,2.86
2020-05-30,26.91,3.49,81.27,2.72
2020-05-31,26.8,5.76,83.54,3.39
2020-06-01,26.73,11.14,83.29,2.99
2020-06-02,26.22,11.99,84.38,3.43
2020-06-03,26.1,4.92,83.69,3.04
2020-06-04,27.05,3.27,79.72,3.58
2020-06-05,26.65,10.27,85.08,3.79
2020-06-06,26.32,6.29,80.64,4.5
2020-06-07,24.94,7.17,86.73,3.62
2020-06-08,26.9,0.79,80.38,4.05
2020-06-09,26.73,0.21,82.35,4.2
2020-06-10,26.54,0.48,84.12,4.3
2020-06-11,26.25,0.49,75.69,4.19
2020-06-12,25.96,1.22,82.12,3.65
2020-06-13,26.21,3.07,84.68,3.54
2020-06-14,26.58,0.14,81.2,4.89
2020-06-15,27.08,0.29,82.43,4.2
2020-06-16,26.56,0.64,86.42,3.63
2020-06-17,26.37,0.21,84.4,3.46
2020-06-18,26.33,0.79,83.08,3.14
2020-06-19,26.18,0.5,83.65,3.43
2020-06-20,26.8,1.75,81.17,3.2
2020-06-21,25.3,0.69,84.46,4.38
2020-06-22,26.06,2.44,78.45,5.33
2020-06-23,26.82,0.12,74.43,3.84
2020-06-24,26.91,2.46,77.68,3.48
2020-06-25,25.93,3.5,80.99,2.87
2020-06-26,25.35,8.27,84.05,4.16
2020-06-27,26.03,1.12,81.61,4.59
2020-06-28,26.41,0.36,83.42,4.41
2020-06-29,26.73,0.66,82.75,4.47
2020-06-30,26.45,0.72,84.09,3.64
2020-07-01,25.92,0.15,82.95,3.04
2020-07-02,26.03,0.15,82.55,3.81
2020-07-03,25.38,1.85,81.85,4.03
2020-07-04,25.31,4.28,82.34,4.13
2020-07-05,25.75,3.23,81.11,3.3
2020-07-06,25.61,2.24,80.61,4.3
2020-07-07,25.8,0.3,81.52,3.92
2020-07-08,25.91,1.16,84.51,2.95
2020-07-09,25.49,1.45,83.64,2.55
2020-07-10,25.7,1.39,83.25,2.65
2020-07-11,25.44,1.54,85.25,2.94
2020-07-12,25.89,0.41,80.04,4.31
2020-07-13,25.72,0.22,82.64,3.72
2020-07-14,26.47,0.02,81.29,3.81
2020-07-15,25.78,0.15,83.76,4.17
2020-07-16,25.28,0.8,84.41,3.72
2020-07-17,26.2,0.88,80.88,3.45
2020-07-18,26.38,0.84,79.04,3.12
2020-07-19,26.26,3.92,80.52,2.83
2020-07-20,25.59,8.14,84.73,2.58
2020-07-21,25.27,7.11,87.37,2.13
2020-07-22,26.2,0.35,82.45,2.58
2020-07-23,25.95,1.71,83.51,2.25
2020-07-24,24.98,4.0,87.31,3.16
2020-07-25,25.62,0.64,80.5,2.87
2020-07-26,25.28,2.35,79.02,3.41
2020-07-27,26.39,0.2,76.47,3.41
2020-07-28,25.87,6.82,81.52,4.34
2020-07-29,24.51,11.7,87.15,5.33
2020-07-30,25.72,4.17,80.43,4.75
2020-07-31,25.51,0.9,85.32,4.73
2020-08-01,25.47,1.71,81.64,4.6
2020-08-02,25.24,4.58,85.13,4.84
2020-08-03,24.87,2.12,85.2,5.03
2020-08-04,25.61,2.65,83.2,4.38
2020-08-05,25.72,5.88,79.83,5.44
2020-08-06,25.51,11.36,83.79,5.77
2020-08-07,25.48,6.53,83.5,5.44
2020-08-08,24.74,7.79,85.96,4.91
2020-08-09,24.0,12.95,88.28,4.72
2020-08-10,25.15,3.17,86.77,4.32
2020-08-11,25.73,0.22,83.3,4.67
2020-08-12,25.78,0.2,82.04,4.32
2020-08-13,25.85,0.01,82.34,4.0
2020-08-14,25.36,0.01,83.91,3.66
2020-08-15,25.1,0.02,85.99,3.15
2020-08-16,25.54,0.13,86.16,3.06
2020-08-17,26.06,0.07,82.44,3.06
2020-08-18,26.46,0.03,80.76,3.62
2020-08-19,26.52,0.01,80.88,3.69
2020-08-20,25.63,0.02,84.33,3.59
2020-08-21,27.03,0.01,77.85,2.92
2020-08-22,27.64,0.07,77.26,3.12
2020-08-23,27.11,0.32,78.33,3.31
2020-08-24,27.37,0.12,74.78,2.64
2020-08-25,27.3,0.53,76.32,2.77
2020-08-26,26.17,7.77,83.35,2.22
2020-08-27,26.78,0.5,77.87,3.29
2020-08-28,27.31,0.28,74.78,3.51
2020-08-29,26.16,0.06,79.95,3.5
2020-08-30,26.52,0.1,80.98,3.15
2020-08-31,25.73,1.43,83.6,3.08
2020-09-01,26.2,1.46,79.99,3.65
2020-09-02,25.69,3.27,81.11,2.57
2020-09-03,25.44,2.69,85.23,2.73
2020-09-04,25.7,3.57,86.4,2.12
2020-09-05,25.38,36.78,87.88,3.07
2020-09-06,25.22,21.52,87.66,3.84
2020-09-07,25.65,4.74,83.71,4.14
2020-09-08,25.53,16.6,88.51,2.69
2020-09-09,25.31,6.05,89.47,3.24
2020-09-10,24.9,8.34,84.42,4.35
2020-09-11,25.39,2.84,85.81,3.55
2020-09-12,25.16,3.38,86.0,3.15
2020-09-13,25.05,2.97,87.22,3.23
2020-09-14,25.32,0.82,82.87,3.8
2020-09-15,24.94,1.23,88.24,3.41
2020-09-16,25.45,1.89,88.86,3.75
2020-09-17,25.62,2.65,88.51,3.85
2020-09-18,25.34,5.48,89.23,4.33
2020-09-19,24.84,10.22,86.94,4.39
2020-09-20,24.41,2.56,85.71,4.79
2020-09-21,24.09,14.88,88.38,4.52
2020-09-22,25.2,4.32,84.84,4.42
2020-09-23,25.42,2.85,87.06,3.75
2020-09-24,25.37,0.66,87.93,2.47
2020-09-25,25.2,1.25,88.32,2.26
2020-09-26,25.04,0.22,84.95,2.33
2020-09-27,24.78,0.08,86.41,2.38
2020-09-28,25.19,0.62,88.1,2.84
2020-09-29,25.51,0.7,84.91,3.13
2020-09-30,25.23,3.6,84.66,3.47
2020-10-01,25.56,0.31,83.64,3.48
2020-10-02,25.44,0.05,84.41,3.55
2020-10-03,25.26,0.09,84.06,3.63
2020-10-04,25.39,0.06,82.16,3.88
2020-10-05,25.84,0.02,77.96,3.92
2020-10-06,26.19,1.13,81.4,3.23
2020-10-07,26.04,0.37,82.74,3.63
2020-10-08,25.27,4.08,86.75,2.44
2020-10-09,24.82,8.42,88.96,2.81
2020-10-10,25.27,1.5,82.34,3.09
2020-10-11,24.36,3.52,89.24,3.64
2020-10-12,25.61,3.48,85.15,4.88
2020-10-13,25.43,5.28,85.79,4.89
2020-10-14,25.66,6.13,85.86,4.71
2020-10-15,25.39,11.28,88.65,3.09
2020-10-16,25.28,0.19,81.24,3.78
2020-10-17,25.19,0.08,84.61,2.75
2020-10-18,25.57,0.12,84.09,2.56
2020-10-19,26.04,0.27,81.94,3.12
2020-10-20,25.33,1.43,84.54,3.26
2020-10-21,25.67,0.84,84.88,3.32
2020-10-22,25.26,0.64,83.57,3.33
2020-10-23,25.46,0.2,82.7,3.19
2020-10-24,26.27,0.36,80.3,2.76
2020-10-25,26.27,0.95,78.3,2.34
2020-10-26,27.14,1.29,75.94,0.94
2020-10-27,26.85,2.09,79.76,0.73
2020-10-28,26.23,9.46,83.48,0.69
2020-10-29,26.36,4.33,76.75,0.95
2020-10-30,26.4,3.5,77.83,0.93
2020-10-31,26.93,1.16,76.64,0.87
2020-11-01,27.17,0.01,74.06,1.13
2020-11-02,26.7,0.03,77.66,1.14
2020-11-03,27.32,0.98,76.66,1.01
2020-11-04,27.14,3.02,79.69,0.79
2020-11-05,26.65,9.14,81.2,1.37
2020-11-06,25.41,12.33,85.69,1.97
2020-11-07,26.32,2.99,83.48,2.85
2020-11-08,25.84,3.33,85.68,2.67
2020-11-09,26.29,0.83,74.76,2.5
2020-11-10,25.54,0.8,74.92,2.48
2020-11-11,26.11,0.96,75.42,1.85
2020-11-12,25.19,16.24,90.56,2.51
2020-11-13,25.41,31.35,88.27,2.12
2020-11-14,25.78,2.81,87.82,2.93
2020-11-15,25.58,9.57,89.55,2.33
2020-11-16,25.56,23.54,91.07,2.85
2020-11-17,24.79,72.54,91.64,3.01
2020-11-18,24.02,34.25,88.81,1.19
2020-11-19,24.39,33.58,90.57,1.44
2020-11-20,25.08,3.2,89.02,2.14
2020-11-21,24.31,0.13,85.94,2.31
2020-11-22,23.22,0.0,85.81,1.79
2020-11-23,23.31,0.0,83.37,1.34
2020-11-24,24.62,0.0,84.18,1.41
2020-11-25,24.82,1.52,88.02,1.91
2020-11-26,24.63,0.13,87.87,2.68
2020-11-27,24.58,1.25,85.02,1.62
2020-11-28,25.02,1.27,83.83,1.22
2020-11-29,25.04,0.14,89.0,2.33
2020-11-30,25.05,0.55,88.65,2.76
2020-12-01,23.65,0.04,86.24,2.86
2020-12-02,23.6,0.95,85.64,1.85
2020-12-03,24.07,4.83,88.65,2.0
2020-12-04,24.24,5.22,94.09,2.3
2020-12-05,24.37,4.79,93.27,1.9
2020-12-06,24.9,7.17,89.19,2.01
2020-12-07,24.62,22.63,92.81,1.38
2020-12-08,24.7,1.96,89.43,2.23
2020-12-09,24.54,0.67,90.67,2.41
2020-12-10,24.15,0.1,88.01,2.64
2020-12-11,23.67,0.35,87.32,2.45
2020-12-12,23.66,1.57,86.37,2.04
2020-12-13,23.59,0.27,86.87,2.1
2020-12-14,23.02,0.01,83.92,2.37
2020-12-15,23.08,7.75,88.24,2.05
2020-12-16,23.09,3.91,90.82,2.88
2020-12-17,24.2,4.77,89.26,2.42
2020-12-18,23.95,2.9,90.54,2.65
2020-12-19,22.97,0.94,89.78,4.15
2020-12-20,23.56,0.01,86.18,3.76
2020-12-21,22.96,0.01,84.81,3.76
2020-12-22,22.62,0.18,87.53,3.27
2020-12-23,22.52,0.16,91.97,2.71
2020-12-24,23.98,0.0,88.34,3.13
2020-12-25,23.46,0.0,86.11,3.15
2020-12-26,22.25,0.0,85.02,2.96
2020-12-27,22.78,0.22,83.68,2.21
2020-12-28,23.82,0.34,82.8,1.96
2020-12-29,23.86,1.46,84.13,2.31
2020-12-30,24.46,3.84,87.79,3.32
2020-12-31,24.78,4.75,88.51,3.9
2021-01-01,23.68,2.21,84.89,3.69
2021-01-02,23.9,0.05,85.48,2.8
2021-01-03,24.88,1.12,87.24,2.7
2021-01-04,24.42,7.86,91.33,2.81
2021-01-05,24.61,4.21,87.89,2.4
2021-01-06,24.61,7.22,85.64,1.18
2021-01-07,24.68,1.15,88.31,1.74
2021-01-08,24.94,5.87,89.34,1.34
2021-01-09,24.02,14.45,92.68,1.81
2021-01-10,23.29,18.55,93.18,1.61
2021-01-11,23.01,2.83,91.09,2.76
2021-01-12,23.05,18.13,93.05,4.3
2021-01-13,24.37,41.78,94.31,3.44
2021-01-14,24.0,15.17,93.94,3.05
2021-01-15,23.57,41.26,95.27,2.01
2021-01-16,23.67,201.76,92.44,2.01
2021-01-17,23.58,46.83,91.07,2.61
2021-01-18,21.33,0.0,89.15,3.15
2021-01-19,21.72,0.0,86.33,2.23
2021-01-20,22.52,0.0,88.45,1.63
2021-01-21,24.45,0.01,90.14,1.64
2021-01-22,24.62,0.01,90.13,1.91
2021-01-23,24.08,0.0,89.36,2.11
2021-01-24,23.21,0.0,88.48,2.53
2021-01-25,21.74,0.0,86.96,2.4
2021-01-26,21.71,0.0,86.26,2.4
2021-01-27,21.29,0.0,84.27,2.36
2021-01-28,21.8,0.0,86.72,2.35
2021-01-29,23.18,0.07,88.12,2.07
2021-01-30,24.28,0.05,88.56,2.4
2021-01-31,23.72,0.02,88.71,2.72
2021-02-01,23.56,0.04,87.06,3.72
2021-02-02,23.39,0.02,88.7,3.4
2021-02-03,23.21,0.0,86.73,3.37
2021-02-04,22.23,0.0,86.06,2.95
2021-02-05,22.17,0.0,85.09,2.75
2021-02-06,22.32,0.0,84.52,2.65
2021-02-07,21.63,0.0,83.25,2.85
2021-02-08,21.92,0.0,84.88,3.7
2021-02-09,21.67,0.0,84.06,3.45
2021-02-10,21.17,0.0,83.67,3.09
2021-02-11,20.71,0.0,82.89,2.65
2021-02-12,20.64,0.0,82.42,2.62
2021-02-13,21.06,0.0,80.86,1.96
2021-02-14,21.88,0.0,82.36,1.87
2021-02-15,23.24,0.0,82.24,1.57
2021-02-16,24.65,0.0,81.0,1.29
2021-02-17,24.46,0.03,82.75,1.88
2021-02-18,24.46,0.03,80.82,2.28
2021-02-19,25.1,0.01,79.34,1.8
2021-02-20,25.39,0.04,83.01,2.51
2021-02-21,25.41,0.04,81.83,2.4
2021-02-22,25.59,0.02,80.66,2.85
2021-02-23,25.48,0.01,77.1,2.8
2021-02-24,25.47,0.0,77.32,2.55
2021-02-25,25.67,0.03,73.36,1.81
2021-02-26,26.38,0.77,72.17,1.17
2021-02-27,26.78,0.41,69.01,1.23
2021-02-28,24.93,0.0,71.35,1.83
2021-03-01,24.6,0.0,72.65,1.89
2021-03-02,24.77,0.0,75.07,2.57
2021-03-03,24.1,0.0,73.59,2.91
2021-03-04,24.21,0.0,72.84,2.39
2021-03-05,25.39,0.0,69.62,2.14
2021-03-06,26.58,0.01,70.51,1.69
2021-03-07,26.81,0.03,73.24,2.15
2021-03-08,26.13,2.29,81.48,2.28
2021-03-09,26.61,2.73,76.21,2.73
2021-03-10,25.89,1.23,80.72,2.39
2021-03-11,26.02,1.82,79.52,1.55
2021-03-12,24.85,3.11,81.87,2.19
2021-03-13,26.36,0.0,73.54,2.49
2021-03-14,27.16,0.0,71.65,2.94
2021-03-15,26.99,0.0,68.24,2.54
2021-03-16,26.86,0.0,67.17,2.22
2021-03-17,27.0,0.0,69.75,2.41
2021-03-18,26.51,0.01,71.42,1.94
2021-03-19,25.99,0.05,70.69,1.51
2021-03-20,27.75,0.49,66.94,1.18
2021-03-21,28.13,0.05,64.91,1.18
2021-03-22,27.55,0.19,71.31,1.82
2021-03-23,26.89,0.95,74.87,1.96
2021-03-24,26.02,2.32,79.5,1.71
2021-03-25,27.11,0.64,69.02,1.49
2021-03-26,27.24,5.46,73.82,2.19
2021-03-27,26.58,6.91,77.99,1.74
2021-03-28,27.24,2.2,74.01,1.44
2021-03-29,27.34,3.32,72.49,1.53
2021-03-30,27.55,2.51,73.2,1.83
2021-03-31,28.99,0.11,67.01,2.21
2021-04-01,28.61,0.17,72.14,3.12
2021-04-02,28.63,0.01,68.34,3.28
2021-04-03,28.81,0.0,63.8,3.46
2021-04-04,29.29,0.0,61.68,3.0
2021-04-05,30.44,0.04,60.44,1.62
2021-04-06,29.42,0.14,64.46,1.66
2021-04-07,28.92,0.11,64.66,1.83
2021-04-08,28.55,0.16,65.25,1.12
2021-04-09,29.19,1.33,65.12,1.39
2021-04-10,28.93,1.3,65.85,1.58
2021-04-11,28.84,4.67,66.83,1.07
2021-04-12,28.52,8.49,71.73,1.22
2021-04-13,27.26,4.0,76.26,1.18
2021-04-14,28.03,2.6,70.82,1.31
2021-04-15,27.27,3.8,75.62,0.95
2021-04-16,27.17,6.74,79.08,1.57
2021-04-17,27.35,1.57,77.23,1.76
2021-04-18,27.62,2.35,75.06,1.82
2021-04-19,27.84,0.91,73.68,2.56
2021-04-20,27.28,0.29,77.66,2.35
2021-04-21,27.84,3.65,77.43,1.96
2021-04-22,27.01,2.85,81.7,1.9
2021-04-23,28.29,0.72,73.91,1.82
2021-04-24,29.32,0.15,69.37,1.41
2021-04-25,28.33,0.3,73.41,1.04
2021-04-26,28.05,1.16,73.5,1.4
2021-04-27,27.11,1.4,81.17,1.44
2021-04-28,27.47,0.1,78.45,1.77
2021-04-29,27.77,0.12,77.94,2.22
2021-04-30,28.59,1.08,75.72,1.05
2021-05-01,27.69,2.72,83.0,1.03
2021-05-02,28.42,1.56,77.01,0.59
2021-05-03,26.35,1.96,88.71,1.8
2021-05-04,28.08,2.33,71.51,1.29
2021-05-05,28.4,1.83,73.33,1.14
2021-05-06,28.49,1.75,72.88,1.14
2021-05-07,27.35,13.89,79.11,0.81
2021-05-08,27.38,0.47,77.31,1.28
2021-05-09,27.7,4.18,78.13,1.06
2021-05-10,26.76,9.22,85.07,1.43
2021-05-11,26.97,12.65,85.61,2.3
2021-05-12,26.38,12.2,86.34,2.58
2021-05-13,26.34,19.4,85.52,3.31
2021-05-14,25.91,19.76,85.22,3.44
2021-05-15,26.18,45.31,85.14,4.37
2021-05-16,26.02,2.26,86.58,3.01
2021-05-17,26.43,0.75,83.81,2.82
2021-05-18,26.82,1.49,85.15,2.56
2021-05-19,26.65,8.38,87.7,2.77
2021-05-20,26.12,3.29,88.77,2.24
2021-05-21,25.64,9.87,86.27,2.47
2021-05-22,25.81,18.13,91.88,2.85
2021-05-23,26.15,6.72,90.28,2.99
2021-05-24,25.83,1.21,90.18,3.6
2021-05-25,25.16,56.27,88.88,4.49
2021-05-26,24.75,22.33,89.29,5.31
2021-05-27,25.83,4.32,84.71,5.34
2021-05-28,26.28,1.96,87.33,4.02
2021-05-29,26.13,0.85,87.62,3.92
2021-05-30,26.0,0.11,87.18,4.08
2021-05-31,26.14,1.09,88.16,4.05
2021-06-01,25.99,0.97,87.38,3.71
2021-06-02,26.47,0.21,86.78,3.22
2021-06-03,26.28,1.35,91.3,3.31
2021-06-04,25.74,10.07,93.03,2.95
2021-06-05,25.51,8.29,92.63,2.18
2021-06-06,25.83,2.51,89.16,2.56
2021-06-07,26.27,0.15,87.28,2.81
2021-06-08,25.69,0.52,88.51,3.51
2021-06-09,25.95,0.45,89.74,3.36
2021-06-10,25.72,0.34,89.15,3.81
2021-06-11,25.77,0.36,87.56,3.65
2021-06-12,25.78,2.81,89.07,4.11
2021-06-13,25.15,5.09,87.61,4.46
2021-06-14,24.89,5.53,88.53,3.73
2021-06-15,25.84,0.63,86.48,4.6
2021-06-16,25.84,1.17,86.67,4.89
2021-06-17,25.96,1.09,87.76,4.28
2021-06-18,25.81,0.38,88.83,3.66
2021-06-19,25.37,0.23,87.83,3.2
2021-06-20,25.5,0.1,87.69,3.22
2021-06-21,25.74,0.09,87.94,3.41
2021-06-22,25.41,1.12,90.77,3.17
2021-06-23,25.7,0.89,89.25,2.52
2021-06-24,25.32,0.32,90.27,2.85
2021-06-25,25.68,0.37,87.35,3.16
2021-06-26,25.69,2.24,86.67,3.76
2021-06-27,25.5,0.92,86.74,3.25
2021-06-28,25.3,0.19,82.0,3.08
2021-06-29,25.9,0.15,83.14,2.41
2021-06-30,26.3,0.14,83.55,2.58
2021-07-01,26.29,3.14,86.71,3.29
2021-07-02,26.1,2.07,85.22,3.18
2021-07-03,25.48,1.39,86.1,3.59
2021-07-04,25.75,0.77,85.15,3.2
2021-07-05,25.75,0.52,83.62,3.6
2021-07-06,25.63,0.43,85.5,2.8
2021-07-07,26.01,4.35,83.66,3.4
2021-07-08,26.05,2.13,86.86,3.65
2021-07-09,25.11,16.12,87.23,5.13
2021-07-10,24.31,25.48,87.48,5.72
2021-07-11,25.01,0.45,85.32,4.66
2021-07-12,25.48,1.23,86.59,4.9
2021-07-13,25.57,0.25,84.8,4.86
2021-07-14,25.51,0.54,83.1,4.65
2021-07-15,25.27,4.1,84.63,3.81
2021-07-16,25.38,3.89,86.89,3.84
2021-07-17,25.22,0.52,84.47,3.45
2021-07-18,25.02,0.54,87.76,4.51
2021-07-19,25.28,0.11,85.85,4.2
2021-07-20,25.86,0.03,83.42,4.54
2021-07-21,25.51,0.1,85.55,4.68
2021-07-22,25.61,2.51,87.81,5.03
2021-07-23,25.1,17.4,89.68,5.83
2021-07-24,25.18,6.64,84.33,5.51
2021-07-25,24.83,1.79,85.46,4.9
2021-07-26,24.86,0.7,86.29,4.46
2021-07-27,25.54,0.48,86.64,4.18
2021-07-28,25.52,0.84,86.26,3.79
2021-07-29,25.68,0.15,85.3,4.19
2021-07-30,25.89,0.25,84.34,3.97
2021-07-31,26.16,0.13,82.31,4.49
2021-08-01,26.18,0.06,82.19,4.29
2021-08-02,26.03,0.16,82.01,4.07
2021-08-03,26.22,0.13,80.41,4.37
2021-08-04,25.95,0.23,81.0,4.4
2021-08-05,25.69,1.5,84.15,4.3
2021-08-06,26.07,4.48,84.79,4.2
2021-08-07,25.75,2.66,83.83,4.96
2021-08-08,25.53,0.46,83.86,4.01
2021-08-09,25.1,2.91,82.62,3.46
2021-08-10,25.92,0.11,79.17,4.23
2021-08-11,25.57,1.57,83.26,4.84
2021-08-12,24.91,0.81,84.07,4.26
2021-08-13,25.68,0.49,79.76,4.55
2021-08-14,25.44,0.83,80.88,4.51
2021-08-15,25.67,0.58,83.1,4.42
2021-08-16,25.35,0.08,80.5,4.14
2021-08-17,25.95,0.59,78.73,3.92
2021-08-18,24.5,1.6,82.26,4.21
2021-08-19,25.79,0.24,78.56,3.74
2021-08-20,26.39,0.13,77.15,2.94
2021-08-21,26.49,0.43,78.19,2.1
2021-08-22,26.2,0.95,78.11,1.55
2021-08-23,26.42,0.45,76.25,2.34
2021-08-24,26.68,0.25,75.01,2.77
2021-08-25,26.66,6.17,79.38,2.93
2021-08-26,26.13,6.53,83.02,4.3
2021-08-27,25.71,3.19,85.55,4.65
2021-08-28,25.35,5.04,84.91,4.63
2021-08-29,25.1,8.0,84.58,4.93
2021-08-30,25.65,0.44,80.91,4.29
2021-08-31,26.56,0.95,80.23,3.54
2021-09-01,26.41,0.93,81.13,3.42
2021-09-02,25.61,1.8,84.73,3.23
2021-09-03,25.54,1.87,84.94,2.63
2021-09-04,25.58,1.12,84.66,3.56
2021-09-05,25.32,2.92,86.69,4.14
2021-09-06,25.81,1.53,80.09,4.42
2021-09-07,25.81,0.77,82.76,4.06
2021-09-08,26.06,0.37,81.24,4.17
2021-09-09,26.69,0.36,78.69,3.59
2021-09-10,26.4,0.23,80.71,4.13
2021-09-11,26.51,0.26,79.36,4.09
2021-09-12,26.02,4.47,81.94,4.7
2021-09-13,26.18,5.29,82.83,5.05
2021-09-14,26.34,0.78,83.31,3.84
2021-09-15,26.53,4.65,84.09,3.31
2021-09-16,25.78,6.53,86.62,3.23
2021-09-17,26.76,1.13,80.22,2.68
2021-09-18,26.42,1.25,82.77,2.56
2021-09-19,26.78,0.15,79.39,1.89
2021-09-20,26.95,0.06,76.65,1.91
2021-09-21,26.71,0.11,80.11,3.36
2021-09-22,26.85,1.44,78.04,3.62
2021-09-23,27.06,2.87,78.3,4.08
2021-09-24,27.64,1.72,76.24,2.76
2021-09-25,26.09,1.98,84.02,3.65
2021-09-26,26.31,9.05,78.52,3.91
2021-09-27,24.76,45.9,86.8,5.69
2021-09-28,24.91,2.23,84.89,4.39
2021-09-29,25.97,0.21,82.33,3.3
2021-09-30,26.13,0.62,81.41,2.84
2021-10-01,25.43,3.29,85.65,1.65
2021-10-02,24.82,33.53,90.25,1.64
2021-10-03,26.42,1.74,84.88,1.51
2021-10-04,25.4,2.39,88.19,1.67
2021-10-05,25.87,6.93,85.63,2.13
2021-10-06,25.26,4.99,88.12,2.43
2021-10-07,25.67,6.28,88.75,2.43
2021-10-08,25.72,12.65,89.41,3.12
2021-10-09,25.45,4.95,90.32,3.41
2021-10-10,25.75,3.45,90.11,3.37
2021-10-11,25.51,13.3,85.18,3.68
2021-10-12,25.08,3.53,84.97,3.73
2021-10-13,25.03,1.82,89.54,3.19
2021-10-14,25.73,6.48,88.74,3.41
2021-10-15,26.05,12.29,87.4,3.45
2021-10-16,25.76,29.36,92.42,4.52
2021-10-17,25.76,11.04,88.93,4.81
2021-10-18,25.35,0.16,87.4,3.96
2021-10-19,25.52,0.2,88.16,2.4
2021-10-20,25.3,12.53,91.35,1.46
2021-10-21,25.65,2.04,86.62,0.78
2021-10-22,25.54,0.55,87.73,0.82
2021-10-23,25.2,5.67,88.78,1.6
2021-10-24,25.18,2.38,86.43,1.72
2021-10-25,25.59,7.1,86.22,0.98
2021-10-26,26.24,5.72,81.55,0.55
2021-10-27,25.35,5.25,86.44,1.17
2021-10-28,24.47,14.54,86.44,1.41
2021-10-29,24.14,29.75,88.97,1.27
2021-10-30,24.26,45.16,91.02,2.73
2021-10-31,24.23,12.85,89.31,1.72
2021-11-01,23.92,9.34,90.96,1.18
2021-11-02,24.6,10.27,87.28,1.35
2021-11-03,23.98,17.99,89.7,0.89
2021-11-04,24.51,25.96,88.78,0.7
2021-11-05,24.33,9.06,91.51,1.95
2021-11-06,24.99,3.33,88.18,1.44
2021-11-07,24.37,3.81,92.73,2.19
2021-11-08,23.84,38.16,92.58,2.11
2021-11-09,22.81,5.46,88.54,1.82
2021-11-10,23.96,4.51,88.33,1.58
2021-11-11,24.08,11.84,92.46,2.64
2021-11-12,24.95,19.18,90.07,3.9
2021-11-13,24.95,24.99,91.55,3.43
2021-11-14,24.27,20.57,92.75,3.69
2021-11-15,25.03,4.02,91.87,2.62
2021-11-16,24.6,6.19,92.56,2.01
2021-11-17,25.23,20.92,88.29,1.13
2021-11-18,24.58,21.8,91.9,2.05
2021-11-19,24.8,2.78,90.75,3.59
2021-11-20,24.52,2.71,88.87,3.38
2021-11-21,23.56,0.01,85.24,1.85
2021-11-22,24.66,3.56,88.7,1.45
2021-11-23,24.51,9.1,91.07,1.62
2021-11-24,23.81,4.87,89.35,2.11
2021-11-25,23.67,87.62,92.25,1.63
2021-11-26,24.14,12.48,91.93,1.31
2021-11-27,23.89,3.9,92.61,2.23
2021-11-28,23.54,12.01,95.97,2.51
2021-11-29,23.86,40.37,95.34,1.52
2021-11-30,24.17,3.39,91.92,1.39
2021-12-01,24.69,1.18,89.62,1.66
2021-12-02,24.92,11.87,90.02,1.29
2021-12-03,24.82,7.54,88.64,1.41
2021-12-04,24.64,2.88,85.27,0.86
2021-12-05,25.35,9.15,88.38,1.17
2021-12-06,25.97,2.88,83.18,0.63
2021-12-07,25.0,7.46,89.28,1.74
2021-12-08,24.55,1.61,89.53,2.12
2021-12-09,24.12,18.36,93.33,2.28
2021-12-10,24.21,3.58,90.45,2.93
2021-12-11,24.29,0.66,90.86,2.92
2021-12-12,24.56,2.64,90.33,3.7
2021-12-13,24.0,3.59,91.8,2.95
2021-12-14,24.19,0.12,91.09,3.09
2021-12-15,24.0,0.11,91.47,2.68
2021-12-16,23.77,0.04,90.26,3.13
2021-12-17,23.73,0.05,88.8,2.78
2021-12-18,23.2,0.0,88.85,2.74
2021-12-19,22.41,0.0,87.03,3.14
2021-12-20,21.97,0.0,87.74,2.77
2021-12-21,22.15,0.0,86.38,2.06
2021-12-22,22.21,0.0,87.25,1.76
2021-12-23,21.62,0.0,85.8,1.88
2021-12-24,20.68,0.0,86.4,2.05
2021-12-25,21.2,0.0,87.33,2.24
2021-12-26,21.64,0.0,87.09,2.21
2021-12-27,22.16,0.01,87.63,2.62
2021-12-28,22.31,0.0,86.64,2.47
2021-12-29,22.32,0.0,87.3,2.23
2021-12-30,23.13,0.37,87.42,2.34
2021-12-31,24.51,3.36,89.82,3.27
2022-01-01,24.91,4.6,88.83,3.5
2022-01-02,24.19,7.05,90.46,4.25
2022-01-03,23.03,53.94,90.33,3.58
2022-01-04,23.11,7.9,88.18,3.56
2022-01-05,22.65,0.0,86.75,2.4
2022-01-06,23.19,0.0,90.48,2.5
2022-01-07,23.88,0.0,90.03,2.45
2022-01-08,23.7,0.01,89.16,2.76
2022-01-09,22.63,0.01,88.64,2.45
2022-01-10,23.48,0.05,87.25,1.91
2022-01-11,23.84,0.0,86.63,1.89
2022-01-12,24.67,0.0,83.78,1.24
2022-01-13,25.06,0.0,84.74,1.06
2022-01-14,25.38,0.0,82.76,0.86
2022-01-15,24.96,0.0,85.08,1.38
2022-01-16,24.57,0.0,86.06,2.87
2022-01-17,24.29,0.01,85.94,3.11
2022-01-18,23.59,0.0,84.7,3.2
2022-01-19,23.5,0.0,82.89,2.41
2022-01-20,23.56,0.01,79.44,1.65
2022-01-21,24.26,0.0,77.2,0.9
2022-01-22,24.87,0.0,81.78,1.23
2022-01-23,24.73,0.0,83.23,1.5
2022-01-24,24.08,0.0,79.54,1.39
2022-01-25,24.44,0.0,78.21,1.08
2022-01-26,24.49,0.01,79.48,0.96
2022-01-27,24.57,0.0,77.43,2.37
2022-01-28,24.36,0.0,76.79,3.6
2022-01-29,24.85,0.0,80.58,3.67
2022-01-30,25.89,0.0,78.93,2.93
2022-01-31,25.8,0.0,79.73,2.72
2022-02-01,25.63,0.0,78.77,2.52
2022-02-02,24.21,0.0,74.9,2.49
2022-02-03,24.07,0.0,69.43,1.42
2022-02-04,25.7,0.0,71.63,0.81
2022-02-05,26.35,0.01,73.59,1.1
2022-02-06,25.76,0.0,75.0,1.95
2022-02-07,25.32,0.0,72.91,2.02
2022-02-08,25.24,0.0,72.49,2.1
2022-02-09,23.48,0.0,70.31,2.7
2022-02-10,24.77,0.0,67.22,2.09
2022-02-11,26.12,0.64,75.67,3.47
2022-02-12,24.37,8.25,84.6,3.01
2022-02-13,24.32,2.99,82.73,3.44
2022-02-14,25.53,0.18,73.17,3.35
2022-02-15,25.63,0.01,70.33,2.68
2022-02-16,25.79,0.53,69.57,1.8
2022-02-17,25.9,0.05,66.49,1.85
2022-02-18,25.92,0.0,69.48,2.73
2022-02-19,26.93,0.0,70.24,2.81
2022-02-20,27.46,0.02,69.35,1.52
2022-02-21,28.22,0.05,69.26,0.72
2022-02-22,27.47,1.27,70.9,1.43
2022-02-23,26.31,0.7,68.69,3.09
2022-02-24,25.81,2.03,71.94,3.17
2022-02-25,26.4,0.0,67.29,2.99
2022-02-26,26.79,0.11,67.65,3.05
2022-02-27,26.46,2.95,72.14,3.82
2022-02-28,26.29,0.31,65.66,3.13
2022-03-01,26.56,0.0,62.89,2.86
2022-03-02,25.89,0.0,61.64,3.17
2022-03-03,26.6,0.0,63.79,3.36
2022-03-04,27.44,0.17,59.19,1.94
2022-03-05,27.8,0.05,61.6,1.91
2022-03-06,28.08,0.61,63.63,1.97
2022-03-07,27.37,0.85,67.24,1.89
2022-03-08,27.14,13.81,74.75,2.34
2022-03-09,27.67,0.03,67.71,2.51
2022-03-10,26.99,0.02,66.82,2.12
2022-03-11,26.69,0.06,68.08,2.34
2022-03-12,26.81,0.02,65.04,2.25
2022-03-13,26.35,0.0,65.37,2.85
2022-03-14,27.53,0.0,61.52,2.26
2022-03-15,27.09,0.0,58.23,1.29
2022-03-16,28.74,3.82,64.33,1.38
2022-03-17,28.64,1.63,68.56,1.37
2022-03-18,28.59,0.85,66.61,1.62
2022-03-19,28.22,0.72,70.09,2.7
2022-03-20,28.31,0.21,69.16,3.72
2022-03-21,29.2,0.02,62.52,3.28
2022-03-22,29.95,0.02,60.21,2.89
2022-03-23,30.2,0.07,60.61,2.05
2022-03-24,29.68,0.16,63.42,2.21
2022-03-25,29.42,0.22,62.67,2.07
2022-03-26,29.84,0.04,60.17,1.49
2022-03-27,29.93,0.94,59.4,1.67
2022-03-28,29.78,1.44,61.68,1.68
2022-03-29,29.71,0.44,64.94,2.08
2022-03-30,29.87,0.2,63.05,1.9
2022-03-31,30.2,0.23,58.96,1.87
2022-04-01,30.09,0.25,60.08,2.12
2022-04-02,29.88,1.93,61.25,1.89
2022-04-03,28.96,1.2,65.59,1.5
2022-04-04,28.8,3.43,66.85,1.46
2022-04-05,27.57,7.26,72.77,1.4
2022-04-06,26.86,5.22,74.63,0.67
2022-04-07,28.23,2.52,69.65,1.05
2022-04-08,28.25,13.7,72.22,0.94
2022-04-09,26.98,7.69,76.85,1.47
2022-04-10,27.1,11.3,73.48,1.65
2022-04-11,27.29,27.15,78.87,1.24
2022-04-12,27.17,8.88,77.99,0.71
2022-04-13,25.57,9.59,85.93,1.15
2022-04-14,26.14,1.34,76.92,1.36
2022-04-15,27.64,0.15,77.3,1.81
2022-04-16,28.02,1.4,76.9,2.16
2022-04-17,27.53,5.17,80.8,1.93
2022-04-18,26.4,6.18,81.42,2.45
2022-04-19,26.75,0.4,81.67,2.33
2022-04-20,28.86,0.06,74.26,1.17
2022-04-21,27.84,0.3,79.81,0.92
2022-04-22,26.58,5.16,84.56,1.45
2022-04-23,27.05,0.47,75.59,1.11
2022-04-24,28.85,0.1,69.58,0.92
2022-04-25,28.66,0.17,72.37,0.9
2022-04-26,28.94,0.17,71.37,1.25
2022-04-27,28.74,0.07,72.05,1.42
2022-04-28,28.52,0.76,74.67,1.27
2022-04-29,27.96,2.55,79.04,1.42
2022-04-30,27.28,1.67,83.27,2.2
2022-05-01,27.83,0.35,80.4,3.27
2022-05-02,28.25,0.4,78.46,3.18
2022-05-03,28.8,0.19,76.2,2.26
2022-05-04,27.73,3.81,82.73,1.9
2022-05-05,27.2,3.08,83.8,2.79
2022-05-06,26.9,0.68,75.33,2.48
2022-05-07,28.43,0.06,72.66,3.0
2022-05-08,28.28,0.74,77.68,3.37
2022-05-09,26.94,1.51,84.73,4.13
2022-05-10,27.02,1.64,81.88,4.22
2022-05-11,26.54,2.7,83.21,4.66
2022-05-12,27.42,1.11,76.17,4.31
2022-05-13,26.32,4.65,83.2,3.91
2022-05-14,26.68,11.58,77.13,5.04
2022-05-15,25.82,11.22,82.95,5.05
2022-05-16,26.68,4.49,83.34,4.54
2022-05-17,26.55,7.75,86.14,4.07
2022-05-18,26.36,4.99,83.65,4.36
2022-05-19,26.07,7.16,84.35,3.95
2022-05-20,26.17,1.37,87.73,3.62
2022-05-21,26.6,2.07,85.0,4.16
2022-05-22,26.89,0.88,83.48,4.05
2022-05-23,26.42,3.5,85.76,3.85
2022-05-24,26.69,3.4,87.03,3.62
2022-05-25,27.4,0.32,82.4,2.52
2022-05-26,26.55,0.48,79.7,2.91
2022-05-27,26.01,0.33,81.43,3.71
2022-05-28,26.42,2.07,80.98,3.76
2022-05-29,26.12,3.4,83.66,3.19
2022-05-30,26.39,1.46,80.7,3.93
2022-05-31,26.02,1.25,77.84,4.25
2022-06-01,25.62,2.4,82.27,4.1
2022-06-02,26.46,2.58,81.47,4.09
2022-06-03,26.79,0.22,80.96,4.2
2022-06-04,26.51,0.23,82.52,3.25
2022-06-05,27.04,0.39,81.7,3.41
2022-06-06,26.28,2.72,84.29,2.97
2022-06-07,26.09,3.16,83.54,3.12
2022-06-08,26.37,0.16,83.04,3.59
2022-06-09,26.56,0.16,82.99,3.63
2022-06-10,26.53,6.55,83.32,3.93
2022-06-11,25.89,2.73,84.88,2.96
2022-06-12,25.47,0.9,82.26,3.14
2022-06-13,25.8,0.06,80.08,3.25
2022-06-14,26.41,0.86,80.62,3.36
2022-06-15,25.7,2.54,83.43,3.42
2022-06-16,25.45,4.26,84.51,2.63
2022-06-17,25.24,1.23,84.13,3.05
2022-06-18,25.99,0.13,79.61,3.05
2022-06-19,25.83,0.06,80.41,3.18
2022-06-20,26.8,0.44,77.33,3.29
2022-06-21,26.43,0.29,78.91,3.81
2022-06-22,26.61,0.15,77.06,3.24
2022-06-23,25.8,3.16,81.49,3.0
2022-06-24,25.96,2.33,82.28,3.58
2022-06-25,25.9,2.12,80.45,4.81
2022-06-26,26.79,0.18,78.62,4.0
2022-06-27,26.74,0.17,80.08,3.84
2022-06-28,25.78,1.85,83.25,4.07
2022-06-29,25.84,2.25,82.22,4.51
2022-06-30,25.54,1.3,82.8,4.77
2022-07-01,26.01,1.78,81.42,4.86
2022-07-02,25.84,4.24,81.54,4.97
2022-07-03,24.97,9.96,85.55,5.16
2022-07-04,25.23,3.33,82.62,5.38
2022-07-05,25.4,0.68,80.56,5.33
2022-07-06,25.16,1.93,82.21,4.62
2022-07-07,24.5,1.1,85.68,4.23
2022-07-08,24.8,0.84,80.61,4.97
2022-07-09,25.27,0.31,79.06,4.95
2022-07-10,25.49,1.65,76.8,5.42
2022-07-11,24.7,0.92,79.13,4.88
2022-07-12,25.54,0.19,80.27,4.9
2022-07-13,25.48,1.91,83.45,5.18
2022-07-14,25.88,3.55,81.73,5.38
2022-07-15,26.1,3.12,81.42,4.33
2022-07-16,25.74,2.03,84.41,3.45
2022-07-17,25.97,1.87,83.95,3.34
2022-07-18,25.6,0.63,79.11,4.7
2022-07-19,25.97,0.38,77.34,4.24
2022-07-20,25.51,0.57,82.85,4.06
2022-07-21,25.52,0.41,82.33,3.97
2022-07-22,26.02,1.19,79.83,4.48
2022-07-23,25.06,0.83,84.08,4.04
2022-07-24,25.91,0.39,77.84,3.82
2022-07-25,27.38,1.46,73.36,3.75
2022-07-26,26.6,0.56,73.53,3.16
2022-07-27,26.2,2.55,78.64,1.36
2022-07-28,27.05,0.61,75.07,1.12
2022-07-29,27.94,3.35,70.71,1.33
2022-07-30,26.93,2.22,77.58,2.01
2022-07-31,26.14,1.69,80.41,3.19
2022-08-01,25.08,20.47,85.11,5.36
2022-08-02,24.29,9.65,87.54,5.92
2022-08-03,24.71,4.85,86.64,5.33
2022-08-04,25.01,2.71,83.97,6.49
2022-08-05,25.59,0.3,80.62,5.97
2022-08-06,25.08,0.9,83.16,4.34
2022-08-07,25.11,18.8,85.33,4.54
2022-08-08,25.16,5.52,84.49,4.95
2022-08-09,25.23,0.12,84.07,4.96
2022-08-10,25.51,0.06,81.04,4.18
2022-08-11,25.94,0.04,80.32,4.14
2022-08-12,26.06,0.04,78.35,3.56
2022-08-13,26.56,0.01,77.51,3.42
2022-08-14,26.82,0.03,73.36,4.14
2022-08-15,27.73,0.03,71.85,2.15
2022-08-16,27.91,0.09,73.98,2.26
2022-08-17,27.1,0.11,76.63,3.23
2022-08-18,26.7,8.58,79.62,3.46
2022-08-19,26.31,3.8,79.17,4.13
2022-08-20,26.3,0.13,78.51,4.15
2022-08-21,26.06,2.56,79.87,4.26
2022-08-22,25.49,1.98,83.32,4.72
2022-08-23,25.3,1.08,80.07,4.73
2022-08-24,25.36,1.69,81.08,4.14
2022-08-25,24.85,1.28,82.3,3.86
2022-08-26,24.74,8.76,81.71,3.47
2022-08-27,23.8,1.65,80.91,3.64
2022-08-28,25.23,1.97,78.64,4.16
2022-08-29,25.06,3.26,82.94,3.55
2022-08-30,25.43,5.34,83.97,3.08
2022-08-31,25.48,6.85,85.09,1.5
2022-09-01,24.49,5.24,86.19,2.38
2022-09-02,25.42,0.93,82.83,3.36
2022-09-03,25.7,4.64,84.84,2.92
2022-09-04,26.03,2.45,85.08,2.92
2022-09-05,26.15,2.22,84.98,3.05
2022-09-06,24.84,1.97,84.35,4.05
2022-09-07,24.88,1.52,82.39,4.97
2022-09-08,25.04,0.78,80.5,4.37
2022-09-09,25.48,0.44,82.81,4.04
2022-09-10,25.97,1.51,83.03,4.02
2022-09-11,25.9,1.08,82.29,4.32
2022-09-12,26.21,0.38,79.52,4.2
2022-09-13,26.61,0.2,76.92,3.24
2022-09-14,26.69,0.31,76.44,2.94
2022-09-15,26.82,0.07,75.94,2.98
2022-09-16,26.87,0.01,75.3,3.19
2022-09-17,26.8,0.1,77.23,3.45
2022-09-18,26.92,0.2,77.22,3.56
2022-09-19,26.35,0.07,78.85,3.61
2022-09-20,26.02,0.01,80.17,3.4
2022-09-21,26.7,0.01,75.78,3.53
2022-09-22,26.53,0.0,73.48,4.06
2022-09-23,26.34,0.0,73.92,3.82
2022-09-24,26.21,0.01,75.49,3.63
2022-09-25,27.43,0.59,70.53,2.67
2022-09-26,27.45,0.3,74.23,3.21
2022-09-27,27.5,2.64,70.02,3.79
2022-09-28,26.6,1.51,76.06,4.05
2022-09-29,26.19,0.26,78.38,3.52
2022-09-30,26.17,1.05,78.23,4.06
2022-10-01,25.63,0.42,80.97,3.98
2022-10-02,25.82,0.85,76.48,4.22
2022-10-03,25.34,2.06,78.81,4.63
2022-10-04,26.25,0.91,78.02,4.23
2022-10-05,25.17,0.42,77.85,4.05
2022-10-06,25.89,0.2,75.69,3.72
2022-10-07,26.48,0.19,75.17,3.35
2022-10-08,27.07,0.37,71.45,2.74
2022-10-09,27.17,1.99,73.75,1.66
2022-10-10,26.31,18.83,78.72,2.1
2022-10-11,27.05,0.64,75.55,1.89
2022-10-12,27.6,2.44,75.91,1.49
2022-10-13,25.85,5.18,83.58,2.11
2022-10-14,25.81,7.27,82.69,2.77
2022-10-15,25.7,7.17,81.38,1.71
2022-10-16,25.84,6.14,82.23,2.21
2022-10-17,25.56,26.48,86.83,2.36
2022-10-18,24.83,3.88,86.19,3.34
2022-10-19,25.09,0.82,84.88,2.86
2022-10-20,25.1,2.0,84.55,2.79
2022-10-21,25.15,9.26,87.08,1.49
2022-10-22,25.53,2.37,81.36,0.89
2022-10-23,25.24,4.56,84.98,1.41
2022-10-24,25.42,5.54,85.53,2.52
2022-10-25,26.31,0.91,80.91,2.14
2022-10-26,26.57,9.45,79.33,1.15
2022-10-27,26.06,2.53,80.18,1.18
2022-10-28,26.87,1.27,75.96,0.96
2022-10-29,26.48,6.15,78.22,1.61
2022-10-30,25.0,8.95,87.73,1.57
2022-10-31,25.6,3.25,83.15,1.35
2022-11-01,24.14,6.76,92.98,1.87
2022-11-02,23.91,9.74,92.78,1.15
2022-11-03,24.23,17.75,89.56,1.69
2022-11-04,23.69,10.71,92.67,1.43
2022-11-05,23.43,10.34,91.97,1.23
2022-11-06,24.22,15.6,88.03,1.18
2022-11-07,24.26,6.7,88.68,1.52
2022-11-08,24.56,7.21,88.09,1.82
2022-11-09,24.42,3.95,88.47,1.79
2022-11-10,24.97,1.15,83.83,1.77
2022-11-11,23.78,3.68,90.76,1.58
2022-11-12,24.45,3.72,88.8,2.46
2022-11-13,24.41,2.9,90.19,1.15
2022-11-14,24.38,22.36,88.4,1.29
2022-11-15,24.01,6.44,88.44,1.78
2022-11-16,24.35,7.73,87.43,0.92
2022-11-17,24.54,4.33,86.32,1.16
2022-11-18,23.87,0.26,79.43,1.64
2022-11-19,23.15,0.0,81.48,2.15
2022-11-20,23.7,0.04,75.84,1.34
2022-11-21,24.83,0.06,77.51,1.11
2022-11-22,24.44,0.0,81.84,1.5
2022-11-23,23.47,0.0,81.95,2.13
2022-11-24,23.55,0.0,75.15,1.61
2022-11-25,24.62,0.0,75.39,1.19
2022-11-26,25.36,0.19,80.61,1.18
2022-11-27,25.49,0.83,81.33,1.16
2022-11-28,25.69,5.07,81.2,0.88
2022-11-29,25.28,7.18,85.21,1.48
2022-11-30,24.4,0.3,83.53,2.24
2022-12-01,24.03,0.06,85.48,2.17
2022-12-02,24.7,9.73,89.03,1.9
2022-12-03,24.87,9.16,88.18,2.07
2022-12-04,24.48,24.97,87.26,1.87
2022-12-05,24.42,7.89,90.5,2.41
2022-12-06,24.7,0.29,84.4,1.83
2022-12-07,23.85,0.2,86.41,1.15
2022-12-08,24.1,1.45,88.77,1.67
2022-12-09,23.03,1.1,85.44,2.49
2022-12-10,23.55,5.72,85.77,2.94
2022-12-11,24.54,5.57,88.44,2.92
2022-12-12,24.82,0.11,84.1,1.93
2022-12-13,24.87,0.45,77.52,1.08
2022-12-14,24.41,2.49,85.91,1.6
2022-12-15,24.13,0.63,85.26,2.13
2022-12-16,23.71,0.0,81.67,2.35
2022-12-17,23.92,0.0,83.49,2.76
2022-12-18,24.19,0.03,82.48,3.17
2022-12-19,23.5,1.08,79.94,2.35
2022-12-20,23.66,1.8,86.89,2.44
2022-12-21,24.55,0.58,82.18,2.59
2022-12-22,24.7,0.09,80.85,1.95
2022-12-23,25.25,0.0,70.75,1.27
2022-12-24,26.56,0.03,76.31,1.23
2022-12-25,25.47,4.23,82.69,1.45
2022-12-26,24.7,5.16,89.56,3.48
2022-12-27,25.32,13.97,87.02,2.63
2022-12-28,24.89,2.03,86.36,2.5
2022-12-29,24.61,0.41,83.52,3.32
2022-12-30,23.96,0.01,80.46,2.55
2022-12-31,23.74,0.0,79.44,2.24
2023-01-01,23.76,0.0,77.38,2.02
2023-01-02,22.97,0.0,78.81,2.7
2023-01-03,23.23,0.0,78.77,2.65
2023-01-04,23.76,0.0,76.41,2.88
2023-01-05,24.0,0.0,77.33,2.65
2023-01-06,24.34,0.01,78.64,3.48
2023-01-07,24.39,0.01,76.65,3.46
2023-01-08,24.66,0.0,76.72,3.67
2023-01-09,24.41,0.0,75.51,3.43
2023-01-10,23.16,0.0,69.86,3.26
2023-01-11,22.97,0.0,72.94,2.54
2023-01-12,22.88,0.0,71.73,2.53
2023-01-13,23.17,0.0,69.44,2.46
2023-01-14,23.5,0.0,69.74,2.19
2023-01-15,24.08,0.0,68.83,2.08
2023-01-16,24.31,0.0,72.3,2.24
2023-01-17,24.86,0.11,76.84,2.81
2023-01-18,23.8,0.0,71.74,3.58
2023-01-19,23.54,0.0,67.45,3.13
2023-01-20,23.41,0.0,70.86,3.18
2023-01-21,24.06,0.0,71.06,2.67
2023-01-22,23.43,0.0,75.51,2.91
2023-01-23,25.01,0.74,77.01,2.57
2023-01-24,23.51,10.06,88.89,1.95
2023-01-25,24.7,0.84,75.36,2.53
2023-01-26,24.5,0.0,70.48,2.38
2023-01-27,24.25,0.0,69.82,2.41
2023-01-28,24.53,0.0,66.62,2.7
2023-01-29,24.56,0.0,72.1,2.68
2023-01-30,25.78,2.07,76.72,1.81
2023-01-31,26.27,2.56,72.18,1.86
2023-02-01,23.9,0.4,74.2,1.73
2023-02-02,25.39,6.02,75.5,3.32
2023-02-03,25.26,1.55,78.99,2.86
2023-02-04,25.34,4.05,81.33,2.86
2023-02-05,25.75,0.01,65.62,2.23
2023-02-06,24.77,0.64,65.47,2.55
2023-02-07,25.73,0.0,66.5,2.36
2023-02-08,25.58,0.0,69.56,2.56
2023-02-09,25.52,0.0,68.39,2.0
2023-02-10,24.89,0.0,69.12,2.39
2023-02-11,24.57,0.0,67.74,2.26
2023-02-12,24.72,0.0,63.58,2.39
2023-02-13,24.72,0.0,64.41,2.83
2023-02-14,24.69,0.0,66.32,2.58
2023-02-15,25.02,0.0,62.39,2.39
2023-02-16,24.81,0.0,66.7,3.24
2023-02-17,24.7,0.0,67.68,3.0
2023-02-18,25.39,0.0,65.92,2.3
2023-02-19,26.63,0.0,66.34,2.34
2023-02-20,27.63,0.0,65.87,2.16
2023-02-21,27.53,0.0,57.59,2.44
2023-02-22,26.37,0.0,55.45,2.83
2023-02-23,25.67,0.0,59.93,2.62
2023-02-24,26.82,0.0,62.65,2.32
2023-02-25,27.1,0.03,57.52,2.78
2023-02-26,25.93,0.0,59.78,3.62
2023-02-27,25.88,0.0,58.28,3.1
2023-02-28,26.45,4.2,71.07,3.48
2023-03-01,26.06,6.94,75.36,3.69
2023-03-02,26.78,0.06,66.54,3.5
2023-03-03,26.23,0.0,61.85,3.47
2023-03-04,26.56,0.02,68.17,3.67
2023-03-05,26.77,0.14,72.25,3.2
2023-03-06,27.54,0.03,66.26,2.75
2023-03-07,26.79,0.05,68.7,2.96
2023-03-08,27.56,0.0,68.32,4.16
2023-03-09,27.51,0.0,64.6,3.8
2023-03-10,27.1,0.0,67.02,3.35
2023-03-11,27.2,0.0,64.95,2.96
2023-03-12,28.04,0.01,65.61,3.58
2023-03-13,28.5,0.04,62.72,3.48
2023-03-14,28.08,0.04,62.57,2.52
2023-03-15,28.36,0.02,64.6,1.96
2023-03-16,28.06,0.97,66.91,1.5
2023-03-17,28.4,0.74,64.95,2.27
2023-03-18,28.89,0.69,62.76,1.99
2023-03-19,28.78,0.62,67.8,2.38
2023-03-20,28.91,2.06,65.68,1.98
2023-03-21,29.58,0.63,60.93,2.22
2023-03-22,29.66,0.08,55.75,2.15
2023-03-23,29.67,0.0,55.34,1.88
2023-03-24,29.66,0.08,61.69,1.49
2023-03-25,29.75,0.15,59.05,1.85
2023-03-26,30.14,1.98,57.8,1.57
2023-03-27,30.27,1.78,61.36,1.21
2023-03-28,30.44,0.19,60.77,1.83
2023-03-29,29.73,0.25,64.11,1.39
2023-03-30,30.46,0.22,61.06,1.72
2023-03-31,30.61,0.31,60.05,1.6
2023-04-01,30.51,0.05,58.33,1.93
2023-04-02,30.33,0.35,56.52,1.76
2023-04-03,29.99,0.83,59.59,1.76
2023-04-04,28.75,1.31,64.11,1.65
2023-04-05,29.31,0.04,61.89,1.92
2023-04-06,29.81,1.03,59.35,1.82
2023-04-07,29.33,3.15,61.21,2.07
2023-04-08,28.52,2.07,62.27,2.87
2023-04-09,28.28,0.61,66.07,2.17
2023-04-10,29.04,0.36,63.52,3.15
2023-04-11,29.34,0.43,62.82,2.74
2023-04-12,29.29,0.0,62.22,2.31
2023-04-13,30.04,0.0,57.78,1.86
2023-04-14,29.75,0.01,61.68,1.19
2023-04-15,30.05,0.01,63.0,1.38
2023-04-16,29.78,0.01,58.66,0.87
2023-04-17,30.38,0.0,58.16,1.56
2023-04-18,31.01,0.0,58.04,1.78
2023-04-19,30.57,0.01,59.96,1.51
2023-04-20,30.61,0.14,62.13,2.53
2023-04-21,29.74,3.04,66.16,2.54
2023-04-22,30.61,2.03,62.82,2.37
2023-04-23,31.14,0.68,60.68,2.01
2023-04-24,29.66,1.98,67.75,1.63
2023-04-25,29.28,1.8,66.29,1.26
2023-04-26,28.1,19.17,73.22,1.74
2023-04-27,28.29,3.59,74.2,1.54
2023-04-28,28.39,4.13,72.83,2.03
2023-04-29,27.74,6.06,77.08,1.73
2023-04-30,28.67,1.76,72.61,1.84
2023-05-01,27.51,28.95,79.55,1.86
2023-05-02,26.35,26.01,85.2,2.42
2023-05-03,26.36,25.15,86.2,3.02
2023-05-04,25.22,0.75,82.96,1.92
2023-05-05,26.8,0.74,76.61,2.49
2023-05-06,27.08,0.59,74.51,2.44
2023-05-07,26.26,2.12,78.7,2.37
2023-05-08,27.39,0.41,73.53,1.77
2023-05-09,27.87,10.9,77.01,1.95
2023-05-10,27.01,1.25,81.78,1.9
2023-05-11,27.36,1.96,80.21,2.77
2023-05-12,26.82,1.87,84.0,2.11
2023-05-13,27.27,0.81,83.15,3.31
2023-05-14,27.71,0.28,81.55,3.68
2023-05-15,27.99,0.04,80.85,3.67
2023-05-16,28.88,0.08,77.27,2.73
2023-05-17,28.49,1.36,77.99,1.45
2023-05-18,27.84,0.74,81.1,1.77
2023-05-19,27.9,0.12,78.42,2.11
2023-05-20,28.52,0.12,76.12,2.35
2023-05-21,28.55,0.45,73.74,2.11
2023-05-22,27.36,6.32,81.77,1.84
2023-05-23,27.47,0.6,80.45,1.64
2023-05-24,28.36,0.61,75.44,2.31
2023-05-25,28.38,0.82,75.18,3.1
2023-05-26,28.63,0.14,72.62,3.57
2023-05-27,28.02,0.52,76.79,3.45
2023-05-28,28.4,0.14,77.63,2.67
2023-05-29,27.85,0.54,81.24,1.6
2023-05-30,27.97,0.19,78.6,2.07
2023-05-31,27.77,0.59,77.22,2.14
2023-06-01,27.93,0.56,72.99,3.87
2023-06-02,27.7,0.15,78.67,3.51
2023-06-03,28.21,0.18,75.06,3.47
2023-06-04,28.02,0.12,75.09,3.89
2023-06-05,27.38,1.29,79.57,4.07
2023-06-06,27.17,3.07,81.62,3.89
2023-06-07,27.2,4.26,80.82,4.42
2023-06-08,27.06,1.22,78.41,3.81
2023-06-09,27.44,0.86,80.39,4.08
2023-06-10,27.32,0.25,77.82,4.14
2023-06-11,27.84,0.19,76.25,4.2
2023-06-12,27.38,6.12,81.48,3.91
2023-06-13,26.75,2.64,85.85,4.02
2023-06-14,27.69,0.2,70.12,3.9
2023-06-15,27.78,0.24,79.28,3.81
2023-06-16,27.62,0.16,73.5,5.14
2023-06-17,26.92,1.26,79.91,4.55
2023-06-18,26.47,0.94,81.7,3.23
2023-06-19,27.17,0.28,76.92,3.52
2023-06-20,27.75,0.13,71.71,3.31
2023-06-21,27.91,0.41,72.11,3.31
2023-06-22,27.48,0.11,73.76,3.43
2023-06-23,27.27,0.07,75.3,3.5
2023-06-24,27.28,0.23,78.28,3.43
2023-06-25,26.8,2.04,77.27,4.14
2023-06-26,26.1,1.52,80.25,3.5
2023-06-27,25.93,3.07,84.27,3.4
2023-06-28,26.97,0.08,77.06,3.73
2023-06-29,27.08,0.23,75.78,4.23
2023-06-30,27.08,0.25,78.71,3.62
2023-07-01,27.18,0.37,78.07,3.27
2023-07-02,26.88,2.11,73.63,4.73
2023-07-03,25.55,6.08,82.0,4.37
2023-07-04,25.89,6.03,81.33,5.77
2023-07-05,25.24,14.54,84.53,5.54
2023-07-06,25.79,1.8,81.77,4.46
2023-07-07,25.85,3.42,78.54,3.97
2023-07-08,26.48,1.97,77.79,3.25
2023-07-09,26.9,0.12,74.18,3.58
2023-07-10,27.01,0.39,78.97,3.71
2023-07-11,26.28,0.69,81.89,2.64
2023-07-12,26.8,0.02,79.04,2.91
2023-07-13,26.62,0.48,78.13,3.6
2023-07-14,26.51,0.54,76.83,4.12
2023-07-15,26.62,0.5,78.49,3.79
2023-07-16,27.13,0.09,78.66,3.99
2023-07-17,26.71,0.06,80.87,4.08
2023-07-18,26.87,1.01,79.46,5.04
2023-07-19,26.53,1.04,81.75,4.96
2023-07-20,26.43,1.97,82.71,3.84
2023-07-21,26.85,0.27,79.45,4.71
2023-07-22,26.49,0.21,77.68,4.77
2023-07-23,25.49,3.78,82.29,4.57
2023-07-24,25.34,1.28,84.26,3.81
2023-07-25,26.0,2.4,81.99,3.49
2023-07-26,26.51,0.43,79.27,3.97
2023-07-27,27.1,0.1,73.22,4.51
2023-07-28,26.95,0.01,72.02,4.65
2023-07-29,27.13,0.01,74.57,4.71
2023-07-30,27.01,0.01,73.9,5.18
2023-07-31,27.23,0.0,73.8,5.31
2023-08-01,26.22,0.0,78.97,4.97
2023-08-02,27.0,0.03,75.76,4.23
2023-08-03,27.15,0.06,75.96,4.35
2023-08-04,27.59,0.23,75.22,4.39
2023-08-05,27.35,0.08,72.95,4.19
2023-08-06,27.84,0.23,72.33,4.84
2023-08-07,27.67,0.06,74.72,4.35
2023-08-08,27.11,0.24,76.64,3.83
2023-08-09,26.89,0.4,75.31,2.83
2023-08-10,27.66,0.26,74.12,2.86
2023-08-11,28.37,0.31,71.2,2.64
2023-08-12,27.99,0.97,71.04,3.78
2023-08-13,28.25,0.03,67.28,4.14
2023-08-14,27.57,0.0,69.83,3.64
2023-08-15,28.06,0.07,67.51,3.46
2023-08-16,28.12,0.0,64.25,3.16
2023-08-17,28.33,0.03,67.65,4.17
2023-08-18,27.74,0.33,71.99,4.43
2023-08-19,27.99,0.49,69.99,4.53
2023-08-20,28.59,0.0,68.53,4.44
2023-08-21,29.02,0.0,68.08,3.97
2023-08-22,28.52,0.09,70.07,3.17
2023-08-23,28.79,0.04,67.33,3.95
2023-08-24,29.13,0.01,64.91,4.07
2023-08-25,28.87,0.01,64.08,3.6
2023-08-26,29.02,0.0,63.53,3.22
2023-08-27,29.64,0.0,63.99,3.7
2023-08-28,29.05,0.52,68.44,3.74
2023-08-29,26.93,3.35,77.7,3.57
2023-08-30,26.77,16.56,77.14,2.83
2023-08-31,26.64,6.9,77.4,2.69
2023-09-01,26.25,12.9,81.58,2.75
2023-09-02,26.97,2.91,76.87,3.94
2023-09-03,24.97,8.18,84.28,3.78
2023-09-04,26.16,3.92,78.62,4.25
2023-09-05,26.53,0.36,76.38,3.9
2023-09-06,26.07,1.39,81.68,3.35
2023-09-07,26.27,1.56,74.97,3.68
2023-09-08,26.8,3.1,75.79,3.49
2023-09-09,26.93,2.6,76.35,3.86
2023-09-10,26.1,2.66,76.38,3.97
2023-09-11,25.97,5.31,76.78,3.63
2023-09-12,26.54,0.34,76.69,3.25
2023-09-13,26.2,1.06,81.99,3.23
2023-09-14,26.43,5.23,81.95,3.38
2023-09-15,26.51,8.78,78.53,3.11
2023-09-16,26.33,4.62,81.44,2.75
2023-09-17,25.72,4.45,85.72,2.62
2023-09-18,26.04,10.44,83.77,3.19
2023-09-19,26.58,2.38,79.33,3.22
2023-09-20,26.38,1.9,80.31,2.82
2023-09-21,26.14,2.69,80.17,2.76
2023-09-22,26.85,2.29,79.66,2.77
2023-09-23,26.51,2.38,81.63,3.19
2023-09-24,26.71,2.2,79.76,3.08
2023-09-25,27.18,0.32,75.97,3.66
2023-09-26,27.22,0.88,77.25,3.43
2023-09-27,26.29,3.75,81.68,3.28
2023-09-28,26.62,3.77,78.27,3.67
2023-09-29,26.21,21.69,82.51,4.38
2023-09-30,26.06,14.83,82.09,3.33
2023-10-01,25.98,10.94,85.12,3.53
2023-10-02,25.68,37.08,88.69,3.44
2023-10-03,25.7,35.51,89.33,2.28
2023-10-04,25.59,21.1,88.31,2.74
2023-10-05,25.58,5.86,87.91,2.41
2023-10-06,26.04,2.0,88.32,2.79
2023-10-07,26.51,0.31,85.72,2.02
2023-10-08,25.99,0.62,87.72,1.77
2023-10-09,25.56,1.96,90.16,1.36
2023-10-10,25.58,1.48,88.19,1.46
2023-10-11,25.56,3.66,87.29,2.25
2023-10-12,25.12,5.28,88.54,2.16
2023-10-13,25.43,5.26,85.81,1.68
2023-10-14,25.38,14.28,88.12,1.81
2023-10-15,25.42,16.75,86.68,2.02
2023-10-16,25.8,2.08,85.09,1.61
2023-10-17,25.94,8.65,86.51,1.24
2023-10-18,25.49,7.93,87.09,1.09
2023-10-19,25.28,16.34,86.87,0.91
2023-10-20,25.78,11.41,84.14,0.98
2023-10-21,26.14,7.3,82.88,0.98
2023-10-22,26.12,8.36,83.84,0.88
2023-10-23,25.17,14.13,87.79,1.33
2023-10-24,25.69,0.53,83.09,1.02
2023-10-25,25.66,0.25,86.09,1.15
2023-10-26,26.32,3.76,84.16,1.06
2023-10-27,26.24,0.59,84.89,1.37
2023-10-28,25.42,2.7,86.84,1.09
2023-10-29,24.93,6.86,89.53,1.55
2023-10-30,24.52,4.25,88.93,1.7
2023-10-31,24.87,5.04,90.1,1.66
2023-11-01,25.25,13.98,88.54,1.55
2023-11-02,25.09,4.16,88.94,1.19
2023-11-03,25.03,20.01,89.51,1.4
2023-11-04,24.38,13.32,92.94,1.38
2023-11-05,24.89,24.36,85.78,0.67
2023-11-06,25.46,13.6,83.71,0.81
2023-11-07,25.3,6.16,86.73,1.27
2023-11-08,24.75,30.89,89.11,1.45
2023-11-09,23.79,27.19,90.73,1.55
2023-11-10,24.64,4.09,88.67,1.46
2023-11-11,24.77,7.35,93.25,2.22
2023-11-12,25.38,0.43,85.86,1.89
2023-11-13,24.64,0.72,84.78,1.82
2023-11-14,24.45,0.51,89.51,1.46
2023-11-15,25.18,3.68,83.6,1.51
2023-11-16,25.96,2.45,85.18,0.75
2023-11-17,25.79,0.41,90.71,0.99
2023-11-18,25.31,4.7,90.78,1.32
2023-11-19,24.77,35.79,91.4,2.34
2023-11-20,25.33,1.08,88.27,1.8
2023-11-21,25.31,2.79,90.46,1.39
2023-11-22,25.34,29.22,89.43,1.61
2023-11-23,25.13,8.46,90.19,1.63
2023-11-24,25.17,0.59,87.43,1.28
2023-11-25,25.03,1.96,91.49,2.0
2023-11-26,25.19,1.71,94.11,2.85
2023-11-27,25.64,1.33,90.62,2.99
2023-11-28,25.16,1.79,90.76,2.42
2023-11-29,25.06,1.71,90.65,2.43
2023-11-30,24.7,0.51,89.9,1.82
2023-12-01,24.48,6.48,90.02,1.74
2023-12-02,25.13,6.14,83.35,0.9
2023-12-03,25.2,0.68,89.3,1.39
2023-12-04,25.43,0.62,92.88,2.15
2023-12-05,25.9,0.3,92.59,2.08
2023-12-06,25.65,0.13,90.11,1.05
2023-12-07,26.12,0.21,87.01,1.04
2023-12-08,26.04,1.18,87.88,1.19
2023-12-09,25.85,7.22,88.91,1.42
2023-12-10,25.12,3.95,91.4,2.49
2023-12-11,25.17,3.95,89.83,2.97
2023-12-12,24.99,1.73,89.5,3.02
2023-12-13,24.02,0.0,88.02,3.55
2023-12-14,23.1,0.01,86.75,3.14
2023-12-15,24.25,0.38,90.06,2.81
2023-12-16,24.01,28.89,93.07,2.39
2023-12-17,24.42,209.16,95.44,3.11
2023-12-18,24.27,64.79,94.49,4.88
2023-12-19,23.14,1.8,92.4,4.24
2023-12-20,23.87,2.61,90.9,3.72
2023-12-21,24.19,2.92,92.03,3.54
2023-12-22,24.21,0.7,91.04,3.45
2023-12-23,23.4,0.0,90.23,2.94
2023-12-24,23.14,0.0,90.32,2.74
2023-12-25,24.6,0.74,90.48,3.8
2023-12-26,24.0,0.16,89.46,4.1
2023-12-27,23.71,0.32,90.11,4.29
2023-12-28,24.42,0.5,90.37,4.59
2023-12-29,24.77,0.89,90.94,4.48
2023-12-30,24.55,0.12,89.81,4.11
2023-12-31,23.87,0.01,88.75,3.71
2024-01-01,23.03,0.0,89.67,2.38
2024-01-02,23.93,0.02,90.06,2.71
2024-01-03,23.77,0.0,89.73,2.4
2024-01-04,24.56,0.25,89.86,1.98
2024-01-05,25.12,0.82,89.16,1.56
2024-01-06,24.64,1.13,90.98,1.86
2024-01-07,24.53,0.7,90.51,2.23
2024-01-08,23.76,1.83,92.19,1.86
2024-01-09,23.82,3.65,92.98,3.81
2024-01-10,23.39,2.79,91.0,3.41
2024-01-11,23.61,0.2,89.58,3.75
2024-01-12,23.43,0.0,87.11,3.79
2024-01-13,23.36,0.0,87.9,3.15
2024-01-14,23.32,0.0,88.99,2.99
2024-01-15,22.62,0.0,85.74,2.61
2024-01-16,21.81,0.0,84.91,2.16
2024-01-17,21.68,0.0,83.63,1.92
2024-01-18,23.34,0.06,88.59,1.86
2024-01-19,24.41,0.37,89.14,2.41
2024-01-20,24.66,0.19,88.16,2.83
2024-01-21,24.63,0.02,86.88,2.79
2024-01-22,24.39,0.06,86.56,2.58
2024-01-23,23.69,0.0,85.25,2.52
2024-01-24,23.5,0.0,84.82,2.03
2024-01-25,23.61,0.0,83.99,2.14
2024-01-26,23.36,0.0,81.86,3.09
2024-01-27,22.95,0.0,81.78,3.03
2024-01-28,23.63,0.0,82.8,2.95
2024-01-29,23.97,0.0,80.53,2.91
2024-01-30,24.76,0.21,79.47,2.73
2024-01-31,25.59,10.26,79.59,1.64
2024-02-01,25.69,9.11,83.45,1.19
2024-02-02,25.93,3.02,84.61,1.7
2024-02-03,25.94,0.02,82.8,2.42
2024-02-04,25.12,0.0,80.3,2.93
2024-02-05,24.3,0.0,81.46,2.89
2024-02-06,23.83,0.0,79.87,3.26
2024-02-07,23.88,0.0,79.97,2.62
2024-02-08,24.33,0.0,80.38,2.82
2024-02-09,24.59,0.0,80.75,3.05
2024-02-10,25.21,0.0,79.23,3.7
2024-02-11,25.31,0.0,75.43,3.92
2024-02-12,24.46,0.0,77.06,3.83
2024-02-13,25.42,0.0,78.43,3.78
2024-02-14,26.0,0.0,77.04,4.21
2024-02-15,25.63,0.0,75.47,3.92
2024-02-16,25.84,0.0,76.61,3.68
2024-02-17,26.34,0.0,74.34,3.75
2024-02-18,26.12,0.0,74.43,3.15
2024-02-19,26.42,0.0,74.98,3.29
2024-02-20,26.74,0.0,73.37,2.37
2024-02-21,27.26,0.0,71.83,1.43
2024-02-22,28.04,0.0,70.98,1.66
2024-02-23,27.94,0.0,67.76,1.37
2024-02-24,28.32,0.0,69.7,1.26
2024-02-25,27.8,0.0,69.54,2.73
2024-02-26,27.54,0.01,71.9,4.5
2024-02-27,27.85,0.0,68.83,4.87
2024-02-28,27.53,0.0,69.81,4.19
2024-02-29,27.72,0.0,67.44,3.73
2024-03-01,27.02,0.0,69.33,3.81
2024-03-02,26.66,0.0,66.91,2.52
2024-03-03,27.18,0.0,68.28,1.92
2024-03-04,27.61,0.0,64.65,1.73
2024-03-05,27.75,0.0,63.51,1.83
2024-03-06,27.8,0.0,62.82,1.55
2024-03-07,28.33,0.0,58.01,1.53
2024-03-08,28.21,0.01,56.86,1.47
2024-03-09,28.71,0.0,58.69,1.7
2024-03-10,28.95,0.0,59.16,1.99
2024-03-11,28.56,0.0,60.02,2.48
2024-03-12,28.61,0.0,58.82,2.67
2024-03-13,29.36,0.0,53.49,1.65
2024-03-14,30.42,0.0,59.7,1.34
2024-03-15,30.89,0.02,60.04,1.76
2024-03-16,30.14,0.01,57.91,1.88
2024-03-17,28.64,0.0,52.05,2.49
2024-03-18,28.89,0.0,52.58,2.23
2024-03-19,28.76,0.0,52.54,2.29
2024-03-20,28.96,0.0,52.91,2.21
2024-03-21,29.52,0.18,62.08,3.39
2024-03-22,29.25,7.4,68.44,3.21
2024-03-23,28.84,8.78,69.03,2.56
2024-03-24,28.56,0.02,63.7,2.58
2024-03-25,28.44,0.01,61.96,2.99
2024-03-26,28.3,0.0,62.22,2.37
2024-03-27,28.86,0.02,57.79,2.04
2024-03-28,29.07,6.98,65.5,2.07
2024-03-29,29.38,0.16,64.07,1.72
2024-03-30,29.74,0.01,62.6,1.65
2024-03-31,30.31,0.0,58.84,1.45
2024-04-01,30.72,0.02,59.9,1.45
2024-04-02,30.93,1.19,60.35,1.66
2024-04-03,30.59,0.6,63.58,1.67
2024-04-04,30.86,0.87,60.55,1.62
2024-04-05,31.28,0.68,61.41,1.61
2024-04-06,32.18,0.05,57.95,1.87
2024-04-07,31.67,0.04,58.4,1.98
2024-04-08,31.9,0.68,58.59,1.95
2024-04-09,30.86,0.5,58.38,2.58
2024-04-10,30.71,0.0,58.03,3.12
2024-04-11,31.3,0.31,57.8,3.07
2024-04-12,28.82,7.03,71.23,2.7
2024-04-13,29.38,4.65,69.03,1.98
2024-04-14,29.05,2.32,71.34,2.8
2024-04-15,29.12,3.94,72.86,2.95
2024-04-16,29.58,0.48,70.99,2.7
2024-04-17,30.32,0.21,67.37,1.93
2024-04-18,31.35,0.03,63.03,2.15
2024-04-19,30.98,0.53,65.12,2.91
2024-04-20,30.13,0.26,67.78,3.02
2024-04-21,31.07,0.2,64.15,1.92
2024-04-22,29.55,0.26,68.31,1.83
2024-04-23,29.75,1.0,67.5,1.5
2024-04-24,30.51,1.23,65.85,1.12
2024-04-25,29.8,0.26,66.1,1.54
2024-04-26,31.06,0.01,58.26,1.67
2024-04-27,31.64,0.05,56.99,1.81
2024-04-28,31.91,0.13,57.82,2.05
2024-04-29,30.95,0.31,64.26,1.82
2024-04-30,31.37,0.53,63.11,1.96
2024-05-01,31.35,0.65,64.77,2.37
2024-05-02,31.57,0.01,65.73,2.46
2024-05-03,31.89,0.0,63.77,2.88
2024-05-04,31.47,0.01,62.73,2.97
2024-05-05,31.58,0.0,59.48,3.42
2024-05-06,31.11,0.04,62.52,3.17
2024-05-07,32.09,0.04,58.07,2.92
2024-05-08,31.53,0.83,60.96,2.07
2024-05-09,29.95,0.5,65.94,2.23
2024-05-10,30.1,0.46,62.89,1.45
2024-05-11,30.86,2.08,60.47,1.75
2024-05-12,30.64,3.06,63.5,1.68
2024-05-13,28.23,18.05,79.13,1.11
2024-05-14,27.8,12.86,78.92,0.81
2024-05-15,27.94,15.39,79.63,0.92
2024-05-16,28.09,15.47,77.61,1.14
2024-05-17,26.66,8.49,87.1,1.05
2024-05-18,26.71,9.42,85.97,2.24
2024-05-19,26.38,19.77,87.36,3.22
2024-05-20,26.31,13.9,84.66,4.49
2024-05-21,27.08,15.58,84.33,3.89
2024-05-22,26.81,20.46,90.98,4.22
2024-05-23,26.52,20.59,91.38,4.13
2024-05-24,26.92,12.04,86.76,4.48
2024-05-25,26.62,11.0,87.78,4.88
2024-05-26,26.75,2.79,86.57,4.26
2024-05-27,26.69,4.66,87.91,4.92
2024-05-28,25.97,9.52,88.47,5.13
2024-05-29,25.89,7.85,90.3,4.51
2024-05-30,26.13,1.57,89.12,4.11
2024-05-31,26.52,0.38,89.65,3.86
2024-06-01,27.08,0.5,88.68,4.12
2024-06-02,25.86,0.96,89.39,2.82
2024-06-03,26.02,1.4,89.25,2.56
2024-06-04,26.58,1.14,88.28,2.27
2024-06-05,26.68,2.51,88.11,2.9
2024-06-06,26.29,15.04,91.9,2.24
2024-06-07,25.93,9.89,89.76,2.46
2024-06-08,25.97,10.43,91.89,3.27
2024-06-09,26.35,4.44,89.82,4.0
2024-06-10,26.45,1.35,89.22,3.43
2024-06-11,26.48,1.63,86.69,3.45
2024-06-12,26.02,2.19,87.96,3.03
2024-06-13,26.0,0.46,88.67,2.36
2024-06-14,26.28,0.16,88.6,2.75
2024-06-15,26.38,0.31,87.84,3.3
2024-06-16,26.61,0.35,87.23,3.02
2024-06-17,26.76,0.75,85.72,2.68
2024-06-18,26.48,3.11,87.0,3.03
2024-06-19,25.99,7.24,89.69,3.16
2024-06-20,25.71,6.86,88.68,3.71
2024-06-21,25.6,7.1,86.65,3.68
2024-06-22,25.33,3.1,87.1,4.26
2024-06-23,25.49,3.51,85.3,5.23
2024-06-24,25.47,9.68,85.38,5.11
2024-06-25,25.45,0.39,82.96,5.38
2024-06-26,24.81,8.48,87.02,5.09
2024-06-27,26.1,3.74,87.23,4.02
2024-06-28,26.07,1.22,86.32,3.21
2024-06-29,26.07,0.63,87.97,2.94
2024-06-30,25.81,0.84,90.5,2.31
2024-07-01,25.22,2.33,86.91,2.72
2024-07-02,25.12,1.12,89.08,2.52
2024-07-03,26.28,0.09,87.54,3.21
2024-07-04,26.33,0.12,82.12,3.28
2024-07-05,26.05,1.33,85.35,3.67
2024-07-06,25.08,2.39,87.46,2.98
2024-07-07,25.82,1.22,84.76,3.44
2024-07-08,25.09,0.6,86.44,3.9
2024-07-09,25.17,0.56,85.14,3.06
2024-07-10,25.77,1.18,86.22,3.45
2024-07-11,25.8,0.13,84.59,3.37
2024-07-12,26.06,2.89,87.1,3.84
2024-07-13,25.16,6.7,86.28,4.19
2024-07-14,25.51,4.3,85.2,4.4
2024-07-15,25.35,9.24,85.95,5.5
2024-07-16,25.57,0.72,87.24,4.63
2024-07-17,25.28,3.31,87.94,4.65
2024-07-18,25.41,1.12,85.18,4.87
2024-07-19,25.73,0.65,87.97,4.59
2024-07-20,25.91,0.09,88.71,3.99
2024-07-21,26.1,2.86,87.1,3.95
2024-07-22,26.07,4.12,85.51,3.07
2024-07-23,26.05,0.92,85.71,3.38
2024-07-24,26.28,1.04,84.18,3.76
2024-07-25,26.04,1.57,83.56,4.01
2024-07-26,26.18,0.32,84.54,5.92
2024-07-27,25.9,3.95,85.0,5.52
2024-07-28,25.97,7.73,88.64,4.54
2024-07-29,26.18,8.36,86.56,5.02
2024-07-30,25.52,2.89,85.0,4.01
2024-07-31,25.33,0.18,89.34,3.23
2024-08-01,25.92,0.83,87.74,3.17
2024-08-02,25.34,0.73,87.11,3.43
2024-08-03,25.37,0.23,83.94,3.65
2024-08-04,25.91,0.15,82.17,4.14
2024-08-05,25.53,0.64,83.85,3.37
2024-08-06,25.46,0.27,84.95,3.55
2024-08-07,25.04,0.31,85.85,3.24
2024-08-08,25.26,0.43,83.67,4.11
2024-08-09,26.24,0.22,79.94,3.54
2024-08-10,25.78,0.71,84.21,3.37
2024-08-11,26.04,2.06,86.38,3.1
2024-08-12,26.5,4.07,86.22,3.01
2024-08-13,26.06,35.1,88.85,2.21
2024-08-14,25.46,17.86,88.81,2.22
2024-08-15,26.19,1.4,86.55,2.68
2024-08-16,25.95,1.78,89.18,3.48
2024-08-17,25.37,2.07,88.72,4.22
2024-08-18,25.94,2.21,89.0,3.05
2024-08-19,26.04,0.56,87.29,2.41
2024-08-20,26.44,1.33,87.68,2.47
2024-08-21,25.26,6.35,86.11,4.26
2024-08-22,26.01,0.19,82.09,2.58
2024-08-23,26.03,0.25,83.68,2.05
2024-08-24,25.98,0.52,84.99,2.98
2024-08-25,25.85,0.54,84.97,3.33
2024-08-26,26.28,0.48,82.42,3.87
2024-08-27,26.21,0.83,84.61,3.31
2024-08-28,25.88,0.6,86.0,3.09
2024-08-29,26.42,2.39,83.23,3.85
2024-08-30,25.11,9.03,89.6,3.3
2024-08-31,25.28,4.2,86.97,4.17
2024-09-01,25.2,6.91,88.03,3.69
2024-09-02,25.72,3.17,86.91,3.85
2024-09-03,25.58,3.27,89.59,3.8
2024-09-04,25.65,2.08,89.12,3.86
2024-09-05,26.21,0.53,85.73,3.75
2024-09-06,25.96,0.33,86.73,3.85
2024-09-07,25.8,0.23,87.37,3.79
2024-09-08,25.7,1.4,87.53,3.93
2024-09-09,26.04,1.12,86.24,3.95
2024-09-10,26.14,0.99,87.3,4.21
2024-09-11,26.36,3.17,83.67,4.2
2024-09-12,25.54,0.59,79.95,3.69
2024-09-13,26.43,0.66,85.11,3.11
2024-09-14,26.68,1.96,83.61,3.66
2024-09-15,26.73,0.76,82.76,4.38
2024-09-16,27.08,0.14,81.26,4.37
2024-09-17,26.99,0.06,81.51,4.19
2024-09-18,26.89,0.13,81.49,3.84
2024-09-19,27.03,0.2,80.24,3.72
2024-09-20,26.16,0.03,81.47,3.57
2024-09-21,27.04,0.01,77.0,4.14
2024-09-22,26.46,0.68,80.43,4.23
2024-09-23,26.55,1.73,82.72,4.69
2024-09-24,26.8,0.21,81.01,4.41
2024-09-25,27.1,0.51,79.52,3.98
2024-09-26,27.28,0.12,78.12,3.97
2024-09-27,27.1,0.18,78.2,3.16
2024-09-28,27.94,6.78,74.15,1.91
2024-09-29,27.28,8.53,79.72,1.11
2024-09-30,26.93,28.68,79.74,1.11
2024-10-01,26.76,1.38,80.84,1.26
2024-10-02,26.27,7.85,86.51,2.19
2024-10-03,26.27,4.12,85.81,2.26
2024-10-04,26.75,3.23,83.76,2.23
2024-10-05,26.33,1.68,82.72,1.68
2024-10-06,25.3,7.88,86.3,1.54
2024-10-07,24.99,7.6,87.37,2.96
2024-10-08,25.89,1.19,84.23,1.85
2024-10-09,25.7,5.34,88.4,2.15
2024-10-10,25.37,2.26,87.14,2.64
2024-10-11,25.18,13.9,86.5,2.55
2024-10-12,24.91,9.79,86.1,2.24
2024-10-13,24.15,6.6,87.53,1.92
2024-10-14,24.66,7.35,85.55,1.67
2024-10-15,25.28,1.09,83.89,2.35
2024-10-16,25.39,0.7,85.71,2.8
2024-10-17,26.25,0.33,84.18,2.83
2024-10-18,26.6,0.52,82.59,2.44
2024-10-19,25.78,1.28,85.79,1.8
2024-10-20,26.73,0.98,83.32,1.26
2024-10-21,26.23,0.59,85.13,1.11
2024-10-22,27.19,3.5,79.72,0.72
2024-10-23,26.17,5.81,85.85,1.58
2024-10-24,25.8,7.46,85.7,1.89
2024-10-25,25.46,20.3,90.72,2.16
2024-10-26,25.64,10.1,90.09,2.3
2024-10-27,25.61,4.42,88.73,2.33
2024-10-28,25.78,0.47,86.4,2.19
2024-10-29,25.57,0.85,88.97,1.38
2024-10-30,26.88,0.04,82.01,1.51
2024-10-31,26.55,4.18,86.68,1.16
2024-11-01,26.76,0.48,81.8,1.28
2024-11-02,25.31,37.69,91.26,0.91
2024-11-03,25.42,8.83,86.22,1.02
2024-11-04,24.23,12.65,91.14,0.87
2024-11-05,25.14,4.77,83.26,1.24
2024-11-06,25.84,0.22,83.27,0.82
2024-11-07,26.26,1.92,84.29,0.91
2024-11-08,25.65,10.16,89.11,1.25
2024-11-09,25.63,3.65,84.74,1.81
2024-11-10,25.36,0.07,81.45,2.0
2024-11-11,25.45,0.01,77.6,1.51
2024-11-12,25.74,0.23,83.72,1.37
2024-11-13,25.75,1.46,85.75,1.14
2024-11-14,25.49,9.87,89.78,0.98
2024-11-15,24.75,10.06,91.14,1.94
2024-11-16,25.37,2.07,87.86,2.04
2024-11-17,25.71,2.8,87.95,2.35
2024-11-18,25.53,2.17,87.44,2.78
2024-11-19,25.37,26.0,88.43,2.58
2024-11-20,23.72,16.84,92.45,2.74
2024-11-21,24.55,3.65,89.16,2.88
2024-11-22,23.49,1.34,90.88,1.94
2024-11-23,24.68,0.15,87.99,2.02
2024-11-24,24.71,0.08,87.69,2.18
2024-11-25,23.79,0.1,87.55,2.35
2024-11-26,23.56,3.7,88.54,1.68
2024-11-27,23.5,3.63,89.49,1.84
2024-11-28,25.27,0.67,86.55,1.26
2024-11-29,24.72,0.62,91.08,1.69
2024-11-30,25.02,1.68,90.08,2.78
2024-12-01,25.79,1.32,87.74,4.36
2024-12-02,25.23,2.26,85.34,3.78
2024-12-03,24.95,0.02,81.47,2.06
2024-12-04,25.4,0.15,80.9,1.19
2024-12-05,25.43,1.05,85.15,1.24
2024-12-06,25.38,0.18,85.56,1.93
2024-12-07,25.72,0.3,83.13,1.95
2024-12-08,25.33,0.18,83.87,1.52
2024-12-09,26.13,0.22,80.35,1.5
2024-12-10,25.37,0.15,80.16,1.5
2024-12-11,24.92,1.87,82.71,1.96
2024-12-12,24.37,14.62,86.53,2.14
2024-12-13,24.27,27.22,95.44,2.97
2024-12-14,24.65,34.13,91.44,2.69
2024-12-15,23.22,0.3,86.27,3.15
2024-12-16,22.96,0.0,86.41,2.6
2024-12-17,24.82,0.01,81.44,1.27
2024-12-18,25.4,0.01,87.15,1.25
2024-12-19,26.06,0.04,85.12,1.19
2024-12-20,25.79,0.37,88.0,1.36
2024-12-21,25.44,0.37,87.18,1.63
2024-12-22,26.22,2.05,85.78,1.41
2024-12-23,25.61,0.77,80.64,1.1
2024-12-24,24.19,0.0,79.81,1.29
2024-12-25,24.86,0.0,77.88,1.14
2024-12-26,25.91,0.02,80.89,0.99
2024-12-27,25.76,0.23,84.17,2.13
2024-12-28,24.57,0.08,82.61,3.3
2024-12-29,24.6,0.04,82.31,2.41
2024-12-30,24.57,3.52,87.27,2.64
2024-12-31,24.45,7.68,89.67,4.49
2025-01-01,24.0,0.61,82.76,4.33
2025-01-02,23.12,0.0,81.6,3.6
2025-01-03,23.28,0.0,80.25,4.03
2025-01-04,23.18,0.0,79.96,3.1
2025-01-05,23.33,0.63,78.91,2.41
2025-01-06,23.16,0.0,77.67,2.25
2025-01-07,23.53,0.0,78.97,1.96
2025-01-08,24.33,0.0,79.57,2.29
2025-01-09,23.95,0.0,78.98,2.94
2025-01-10,24.99,0.0,79.41,3.51
2025-01-11,24.21,1.63,81.19,3.45
2025-01-12,24.57,4.24,81.62,3.2
2025-01-13,25.95,0.71,79.72,2.98
2025-01-14,24.39,2.83,86.04,3.56
2025-01-15,24.31,1.43,85.26,4.21
2025-01-16,24.03,0.35,80.71,4.21
2025-01-17,24.0,0.0,77.0,4.06
2025-01-18,22.74,5.77,85.13,3.41
2025-01-19,23.66,5.94,87.35,3.28
2025-01-20,24.57,0.81,84.6,2.42
2025-01-21,24.11,0.0,74.11,2.83
2025-01-22,24.95,0.85,79.15,2.76
2025-01-23,24.82,0.12,78.15,3.02
2025-01-24,24.65,0.0,75.39,3.04
2025-01-25,24.03,0.02,79.59,3.24
2025-01-26,24.1,0.0,76.73,3.64
2025-01-27,24.07,0.0,71.59,3.01
2025-01-28,23.81,0.0,74.6,2.13
2025-01-29,23.4,0.01,73.62,2.13
2025-01-30,24.98,0.2,79.27,2.33
2025-01-31,26.06,0.11,79.5,1.95
2025-02-01,26.81,0.04,75.57,2.19
2025-02-02,26.62,0.0,73.76,2.1
2025-02-03,26.2,0.0,71.27,1.89
2025-02-04,25.15,0.0,68.49,2.5
2025-02-05,24.88,0.0,75.41,2.65
2025-02-06,25.21,0.0,72.37,2.69
2025-02-07,24.74,0.0,70.63,2.81
2025-02-08,24.57,0.0,72.82,3.23
2025-02-09,25.28,0.0,72.08,2.98
2025-02-10,25.45,0.0,71.47,2.63
2025-02-11,25.43,0.0,69.83,2.53
2025-02-12,26.21,0.0,71.59,2.73
2025-02-13,25.67,0.0,66.98,2.35
2025-02-14,25.09,0.0,65.78,1.95
2025-02-15,25.77,0.0,65.8,2.08
2025-02-16,25.55,0.0,66.13,2.41
2025-02-17,25.07,0.0,64.03,2.56
2025-02-18,25.47,0.0,67.72,2.72
2025-02-19,26.23,0.0,64.83,1.97
2025-02-20,26.57,0.0,64.35,1.96
2025-02-21,26.69,0.0,65.18,2.71
2025-02-22,27.35,0.0,64.72,2.37
2025-02-23,27.3,0.0,62.88,2.72
2025-02-24,27.46,0.0,62.65,3.32
2025-02-25,27.87,0.02,64.39,3.59
2025-02-26,27.46,3.17,67.45,3.86
2025-02-27,28.12,0.72,65.65,4.23
2025-02-28,26.34,3.7,75.75,4.18
2025-03-01,26.48,5.34,82.89,2.34
2025-03-02,25.64,20.21,86.5,2.32
2025-03-03,27.18,0.36,74.14,2.2
2025-03-04,27.5,0.0,67.42,2.02
2025-03-05,27.69,0.0,60.68,1.62
2025-03-06,27.69,0.0,65.55,1.51
2025-03-07,28.52,0.13,67.36,1.5
2025-03-08,28.45,1.74,70.95,1.29
2025-03-09,27.98,0.34,62.95,2.16
2025-03-10,27.63,0.66,61.17,3.66
2025-03-11,26.46,13.08,81.81,3.91
2025-03-12,26.9,3.2,76.95,2.35
2025-03-13,27.37,0.22,72.15,1.71
2025-03-14,28.49,0.01,67.97,1.61
2025-03-15,28.69,0.01,64.7,1.65
2025-03-16,27.33,4.35,74.6,1.31
2025-03-17,27.8,4.95,74.97,0.82
2025-03-18,27.73,1.43,74.12,1.41
2025-03-19,27.62,1.07,75.14,1.51
2025-03-20,28.27,2.92,68.93,2.66
2025-03-21,28.49,0.8,70.76,2.05
2025-03-22,26.7,12.81,82.34,1.54
2025-03-23,27.64,5.28,74.94,1.94
2025-03-24,28.38,0.17,70.12,2.08
2025-03-25,28.7,0.57,67.73,1.68
2025-03-26,28.92,2.6,67.03,1.01
2025-03-27,28.26,3.57,71.82,1.27
2025-03-28,29.15,0.27,68.19,1.15
2025-03-29,28.91,0.13,64.15,1.6
2025-03-30,27.76,0.0,60.22,1.68
2025-03-31,28.4,0.47,61.23,1.51
2025-04-01,28.2,2.37,68.5,1.32
2025-04-02,27.81,6.1,73.46,1.7
2025-04-03,27.25,20.83,78.76,1.29
2025-04-04,28.2,4.85,71.71,0.96
2025-04-05,28.22,4.69,72.72,1.12
2025-04-06,27.46,4.48,79.62,1.28
2025-04-07,27.48,3.74,79.59,0.85
2025-04-08,27.5,0.69,78.18,0.91
2025-04-09,26.86,3.91,82.76,1.67
2025-04-10,27.49,0.45,76.93,2.85
2025-04-11,27.76,6.12,74.94,2.79
2025-04-12,27.38,4.26,77.6,2.54
2025-04-13,28.83,0.58,70.93,2.17
2025-04-14,29.36,1.57,70.39,1.39
2025-04-15,28.7,1.18,73.11,1.35
2025-04-16,29.29,0.11,69.83,1.49
2025-04-17,29.01,0.19,70.75,2.03
2025-04-18,28.28,1.02,75.3,2.51
2025-04-19,27.86,1.34,77.46,2.57
2025-04-20,27.8,0.67,77.4,2.21
2025-04-21,28.23,1.72,75.59,2.11
2025-04-22,27.6,6.04,78.62,1.66
2025-04-23,27.85,2.49,77.18,2.35
2025-04-24,28.33,0.9,77.31,2.44
2025-04-25,28.33,1.18,83.02,1.95
2025-04-26,27.91,2.15,83.16,1.39
2025-04-27,28.73,1.92,74.48,0.89
2025-04-28,27.53,0.74,79.75,1.41
2025-04-29,28.35,0.77,75.68,1.46
2025-04-30,27.5,2.3,82.02,2.13
2025-05-01,27.54,0.35,78.54,1.75
2025-05-02,27.96,7.1,79.94,1.72
2025-05-03,28.06,5.04,80.51,2.29
2025-05-04,28.63,0.25,78.82,1.91
2025-05-05,28.53,1.05,76.27,1.75
2025-05-06,27.78,1.48,78.3,2.49
2025-05-07,26.35,3.26,81.01,2.44
2025-05-08,28.29,0.35,72.38,2.27
2025-05-09,29.39,0.1,68.83,2.28
2025-05-10,29.12,0.07,70.49,2.59
2025-05-11,29.09,0.23,70.85,3.04
2025-05-12,28.76,0.76,75.57,3.47
2025-05-13,28.6,0.95,76.49,3.9
2025-05-14,28.27,0.45,78.6,3.04
2025-05-15,28.94,3.77,72.15,1.69
2025-05-16,28.49,4.78,75.47,3.04
2025-05-17,27.55,1.66,78.99,2.58
2025-05-18,28.67,2.39,74.86,2.69
2025-05-19,27.44,5.38,79.94,2.91
2025-05-20,27.72,2.37,78.59,3.43
2025-05-21,27.82,1.98,70.59,4.08
2025-05-22,28.42,1.71,71.68,3.46
2025-05-23,28.01,14.5,80.62,3.87
2025-05-24,27.82,11.02,78.32,3.97
2025-05-25,27.26,12.42,84.41,4.18
2025-05-26,27.24,9.93,82.89,5.22
2025-05-27,26.91,12.53,88.08,5.54
2025-05-28,27.75,2.1,84.19,6.35
2025-05-29,27.34,14.76,85.38,6.58
2025-05-30,26.45,6.95,81.7,6.3
2025-05-31,26.4,5.43,84.04,4.81
2025-06-01,27.23,0.9,83.86,4.16
2025-06-02,26.61,0.55,88.54,3.44
2025-06-03,27.6,1.0,83.22,3.83
2025-06-04,26.93,2.86,83.14,3.42
2025-06-05,27.63,1.83,83.41,2.72
2025-06-06,27.77,0.28,81.61,3.39
2025-06-07,27.26,0.11,84.31,3.57
2025-06-08,27.66,0.58,81.25,4.16
2025-06-09,27.45,0.52,79.88,4.18
2025-06-10,26.63,3.38,86.66,4.65
2025-06-11,26.0,6.24,87.9,4.74
2025-06-12,26.92,5.66,81.9,5.08
2025-06-13,26.44,13.24,82.77,5.1
2025-06-14,26.28,8.76,84.86,4.67
2025-06-15,25.41,24.58,86.43,4.9
2025-06-16,26.0,4.22,87.96,4.9
2025-06-17,26.22,3.93,87.5,4.31
2025-06-18,26.2,1.27,88.49,3.43
2025-06-19,26.15,1.23,85.49,4.18
2025-06-20,25.99,1.75,88.71,3.34
2025-06-21,26.24,0.59,88.64,3.65
2025-06-22,26.06,1.03,88.46,3.86
2025-06-23,26.06,0.72,83.4,3.21
2025-06-24,26.34,3.24,88.19,3.86
2025-06-25,26.3,6.24,89.02,3.57
2025-06-26,25.47,4.68,86.5,4.43
2025-06-27,24.92,14.91,87.94,3.19
2025-06-28,25.95,1.87,87.29,3.82
2025-06-29,26.2,1.07,83.81,3.8
2025-06-30,25.94,0.31,89.93,3.49
2025-07-01,26.12,0.34,87.28,3.75
2025-07-02,26.23,0.14,84.31,4.63
2025-07-03,26.01,0.33,83.51,3.55
2025-07-04,26.34,0.24,83.53,3.48
2025-07-05,26.05,0.47,87.8,3.54
2025-07-06,25.87,1.22,90.11,3.81
2025-07-07,26.27,0.41,88.15,3.91
2025-07-08,26.59,0.1,85.51,3.92
2025-07-09,26.76,0.14,84.61,4.39
2025-07-10,26.59,0.14,84.58,4.55
2025-07-11,26.38,0.68,85.39,4.82
2025-07-12,26.65,1.34,83.18,5.2
2025-07-13,26.19,0.68,83.49,4.67
2025-07-14,25.88,0.58,81.76,4.7
2025-07-15,25.86,1.1,82.17,4.75
2025-07-16,25.51,1.71,85.43,4.56
2025-07-17,25.8,0.67,83.41,5.28
2025-07-18,25.7,8.16,84.16,5.78
2025-07-19,25.21,2.63,84.11,6.25
2025-07-20,24.92,7.63,88.09,4.57
2025-07-21,25.53,2.98,84.39,4.91
2025-07-22,25.97,0.44,82.03,4.94
2025-07-23,25.57,5.75,84.04,5.18
2025-07-24,25.41,6.36,84.51,4.69
2025-07-25,25.15,7.93,84.96,4.24
2025-07-26,24.52,9.35,85.63,4.88
2025-07-27,25.04,0.92,84.38,4.12
2025-07-28,25.69,0.04,81.69,4.12
2025-07-29,25.67,0.08,83.45,5.02
2025-07-30,26.36,0.43,82.2,4.84
2025-07-31,25.97,0.76,85.3,4.81
2025-08-01,25.99,0.63,85.56,4.39
2025-08-02,25.25,1.14,87.89,3.55
2025-08-03,24.8,3.45,89.42,3.81
2025-08-04,25.25,1.24,87.15,3.67
2025-08-05,25.45,1.68,87.57,4.36
2025-08-06,25.84,0.04,81.57,4.49
2025-08-07,25.8,0.07,84.6,3.93
2025-08-08,25.97,4.98,85.41,3.29
2025-08-09,25.24,1.23,87.56,2.27
2025-08-10,25.06,1.1,84.57,2.4
2025-08-11,25.07,0.37,84.87,2.94
2025-08-12,24.65,0.9,85.41,3.89
2025-08-13,24.94,2.69,85.55,4.19
2025-08-14,25.41,1.52,86.96,3.92
2025-08-15,25.37,4.15,85.17,4.84
2025-08-16,25.42,2.85,84.82,4.72
2025-08-17,25.21,2.49,83.4,4.48
2025-08-18,25.68,1.26,86.63,4.01
2025-08-19,25.96,0.05,82.69,4.01
2025-08-20,25.75,0.01,84.62,2.87
2025-08-21,26.76,0.04,80.05,3.02
2025-08-22,26.59,0.06,82.13,2.94
2025-08-23,25.98,0.2,84.15,2.88
2025-08-24,26.33,0.24,81.4,2.98
2025-08-25,27.17,0.07,77.62,3.44
2025-08-26,26.14,0.13,82.95,3.85
2025-08-27,26.16,2.57,83.57,4.66
2025-08-28,25.44,3.07,85.31,4.92
2025-08-29,26.21,0.58,81.56,4.38
2025-08-30,25.91,2.61,82.0,3.92
2025-08-31,25.96,0.47,82.53,4.26
2025-09-01,25.79,0.39,84.17,4.4
2025-09-02,25.89,0.05,83.54,4.58
2025-09-03,26.07,0.38,81.18,4.88
2025-09-04,26.5,0.21,79.62,4.58
2025-09-05,26.76,0.04,78.77,4.5
2025-09-06,26.83,0.11,80.64,4.13
2025-09-07,26.46,0.15,81.7,4.02
2025-09-08,26.62,0.17,81.09,3.18
2025-09-09,26.48,3.53,84.15,2.54
2025-09-10,27.11,1.49,80.33,2.58
2025-09-11,27.22,0.38,78.65,3.37
2025-09-12,26.23,0.31,82.45,3.25
2025-09-13,27.18,0.18,77.64,3.46
2025-09-14,27.26,0.14,75.54,3.22
2025-09-15,26.49,1.04,80.76,3.39
2025-09-16,26.75,0.93,81.19,3.16
2025-09-17,26.01,2.09,85.58,2.85
2025-09-18,25.64,0.75,82.93,3.15
2025-09-19,26.49,0.09,81.74,3.03
2025-09-20,26.52,0.32,80.78,3.04
2025-09-21,26.98,1.97,80.0,3.2
2025-09-22,27.62,1.31,76.32,3.63
2025-09-23,26.53,2.25,82.75,3.86
2025-09-24,26.3,7.81,84.89,3.91
2025-09-25,25.6,23.22,86.51,4.41
2025-09-26,25.48,15.58,84.36,3.96
2025-09-27,26.04,2.83,84.2,3.68
2025-09-28,26.29,1.87,85.28,3.42
2025-09-29,25.74,1.15,88.91,3.59
2025-09-30,26.04,0.08,86.28,2.98
2025-10-01,26.31,0.04,85.14,3.25
2025-10-02,27.11,0.06,81.81,2.79
2025-10-03,27.08,0.33,82.12,1.84
2025-10-04,26.43,1.95,79.36,2.19
2025-10-05,26.52,3.9,80.04,2.06
2025-10-06,27.08,0.23,78.78,2.26
2025-10-07,26.93,0.21,77.26,2.15
2025-10-08,27.19,2.09,77.93,1.43
2025-10-09,26.68,5.26,83.3,1.89
2025-10-10,26.77,2.2,82.8,2.25
2025-10-11,27.13,1.75,80.47,1.96
2025-10-12,27.25,5.67,80.09,1.63
2025-10-13,27.71,4.09,77.73,0.82
2025-10-14,26.46,7.36,83.45,1.73
2025-10-15,26.08,20.72,85.91,0.92
2025-10-16,25.31,46.85,91.42,1.31
2025-10-17,25.61,9.6,89.47,1.75
2025-10-18,25.5,9.39,91.14,1.58
2025-10-19,25.13,14.96,91.84,1.22
2025-10-20,24.6,29.2,92.63,1.15
2025-10-21,24.49,11.54,89.06,0.97
2025-10-22,24.94,5.12,88.24,2.93
2025-10-23,25.14,10.99,91.69,2.47
2025-10-24,25.44,29.67,92.35,2.23
2025-10-25,25.4,8.79,92.1,2.23
2025-10-26,25.58,1.34,88.89,1.78
2025-10-27,25.35,2.28,92.2,2.5
2025-10-28,25.28,4.99,91.43,3.32
2025-10-29,25.7,1.28,88.27,3.23
2025-10-30,25.73,0.26,86.95,1.91
2025-10-31,26.05,0.0,85.1,1.77
2025-11-01,26.28,0.0,84.47,1.87
2025-11-02,25.34,0.0,85.58,2.28
2025-11-03,25.39,0.01,87.28,2.23
2025-11-04,25.35,0.02,88.9,2.97
2025-11-05,25.75,1.05,88.19,2.7
2025-11-06,25.74,0.19,84.78,2.7
2025-11-07,25.69,0.21,85.75,1.62
2025-11-08,25.43,1.87,84.58,0.71
2025-11-09,25.2,3.24,84.51,0.9
2025-11-10,25.15,3.15,88.87,1.3
2025-11-11,25.75,11.07,84.53,0.76
2025-11-12,25.78,11.74,85.66,1.08
2025-11-13,24.86,9.63,89.57,2.02
2025-11-14,24.92,8.68,87.24,2.4
2025-11-15,24.37,2.5,81.4,1.8
2025-11-16,24.47,6.57,89.08,2.21
2025-11-17,24.11,7.17,90.45,2.35
2025-11-18,23.75,40.8,91.8,2.22
2025-11-19,24.77,8.58,88.79,1.82
2025-11-20,25.01,0.1,85.44,2.21
2025-11-21,24.93,20.81,89.19,1.98
2025-11-22,24.53,30.11,93.13,1.78
2025-11-23,24.32,25.82,92.37,1.49
2025-11-24,24.16,10.46,93.69,2.77
2025-11-25,24.01,12.82,91.37,3.94
2025-11-26,23.49,0.61,89.33,4.14
2025-11-27,23.05,1.21,87.1,2.63
2025-11-28,20.94,10.05,87.21,2.18
2025-11-29,21.78,4.92,85.71,1.46
2025-11-30,23.42,0.8,88.0,2.01
2025-12-01,24.46,0.08,86.96,1.41
2025-12-02,24.33,1.08,85.65,1.63
2025-12-03,24.38,0.08,81.09,0.94
2025-12-04,24.71,0.11,88.74,1.58
2025-12-05,24.27,0.64,90.87,2.47
2025-12-06,24.47,0.82,89.17,2.64
2025-12-07,24.03,2.45,90.17,2.93
2025-12-08,23.46,0.04,87.66,2.58
2025-12-09,23.34,0.01,89.25,2.21
2025-12-10,23.41,0.65,90.04,3.11
2025-12-11,22.96,0.03,84.35,2.82
2025-12-12,23.3,0.11,87.58,2.51
2025-12-13,22.61,0.0,86.21,2.98
2025-12-14,20.7,0.0,82.43,2.61
2025-12-15,20.5,0.0,82.32,2.39
2025-12-16,22.69,0.12,90.02,2.56
2025-12-17,24.25,2.78,91.23,3.46
2025-12-18,22.22,0.1,86.71,3.7
2025-12-19,20.7,0.0,87.39,2.83
2025-12-20,20.79,0.0,84.02,2.17
2025-12-21,21.26,0.0,85.77,2.47
2025-12-22,21.42,0.0,85.47,2.47
2025-12-23,21.42,0.0,84.19,2.3
2025-12-24,22.19,0.0,83.99,2.05
2025-12-25,21.9,0.0,82.42,2.01
2025-12-26,22.62,0.0,85.01,2.23
2025-12-27,22.91,0.0,83.12,2.42
2025-12-28,23.05,0.0,83.32,2.07
2025-12-29,23.78,0.0,84.7,2.24
2025-12-30,25.08,0.0,77.33,1.33
2025-12-31,24.62,0.0,81.34,1.43
