Date,Temperature,Rainfall,Humidity,WindSpeed
2005-01-01,24.13,0.07,72.03,1.54
2005-01-02,23.79,0.13,73.54,1.78
2005-01-03,24.47,0.11,74.58,1.6
2005-01-04,24.3,0.0,68.18,2.0
2005-01-05,23.22,0.0,70.11,1.88
2005-01-06,22.33,0.0,69.71,1.95
2005-01-07,22.88,0.0,71.61,2.28
2005-01-08,23.27,0.0,70.1,1.97
2005-01-09,22.8,0.0,68.97,1.97
2005-01-10,22.67,0.0,64.61,1.19
2005-01-11,22.64,0.0,60.66,1.06
2005-01-12,23.18,0.0,53.29,1.27
2005-01-13,23.28,0.0,63.73,1.62
2005-01-14,22.99,0.0,67.16,2.0
2005-01-15,22.62,0.0,66.48,1.76
2005-01-16,22.74,0.0,67.66,1.24
2005-01-17,23.99,0.0,68.72,1.18
2005-01-18,25.15,0.01,66.93,0.92
2005-01-19,25.78,0.0,69.3,1.59
2005-01-20,25.6,0.02,65.95,2.15
2005-01-21,25.25,0.31,68.74,2.72
2005-01-22,25.64,0.18,70.9,2.53
2005-01-23,26.23,0.01,65.81,1.97
2005-01-24,26.47,0.0,65.12,1.82
2005-01-25,26.05,0.0,64.69,1.89
2005-01-26,25.87,0.0,63.8,1.59
2005-01-27,25.67,0.83,67.91,1.67
2005-01-28,24.17,0.17,71.47,1.38
2005-01-29,24.65,3.39,68.58,1.45
2005-01-30,25.02,2.53,73.42,1.34
2005-01-31,24.57,3.93,81.46,1.19
2005-02-01,24.29,1.03,83.25,1.62
2005-02-02,26.31,0.23,70.24,1.97
2005-02-03,26.41,0.39,68.03,2.34
2005-02-04,26.48,0.12,67.2,2.36
2005-02-05,26.72,0.01,63.96,2.05
2005-02-06,26.42,0.0,58.77,2.01
2005-02-07,24.99,0.0,56.58,1.76
2005-02-08,25.17,0.0,61.18,2.19
2005-02-09,24.98,0.0,59.91,2.84
2005-02-10,24.92,0.0,59.01,2.83
2005-02-11,24.88,0.0,55.91,2.34
2005-02-12,24.52,0.0,55.46,2.31
2005-02-13,24.48,0.0,46.76,1.95
2005-02-14,25.07,0.0,43.7,1.6
2005-02-15,26.66,0.0,38.59,1.34
2005-02-16,27.45,0.0,35.47,1.48
2005-02-17,27.98,0.0,39.78,1.65
2005-02-18,28.2,0.0,42.46,1.95
2005-02-19,27.47,0.0,38.58,1.9
2005-02-20,26.84,0.0,44.82,1.74
2005-02-21,27.03,0.0,50.11,1.68
2005-02-22,28.37,0.96,56.66,1.92
2005-02-23,28.66,0.16,58.33,1.9
2005-02-24,29.15,0.0,56.74,2.33
2005-02-25,28.34,0.0,48.48,2.05
2005-02-26,28.23,0.0,41.71,2.16
2005-02-27,27.28,0.0,40.71,1.89
2005-02-28,26.92,0.0,39.19,1.75
2005-03-01,27.99,0.0,47.32,2.19
2005-03-02,28.22,0.0,45.44,1.57
2005-03-03,28.68,0.0,47.15,1.83
2005-03-04,29.98,0.33,43.21,1.73
2005-03-05,30.23,1.13,52.87,2.11
2005-03-06,29.5,0.08,54.01,2.08
2005-03-07,29.58,0.0,50.26,2.37
2005-03-08,28.81,0.01,54.36,2.39
2005-03-09,28.56,0.0,55.73,1.73
2005-03-10,27.7,4.8,59.58,1.01
2005-03-11,27.93,1.29,59.23,0.98
2005-03-12,29.54,0.43,54.54,0.96
2005-03-13,28.82,13.24,63.72,1.09
2005-03-14,27.49,11.97,71.75,1.78
2005-03-15,27.67,0.18,61.98,1.65
2005-03-16,27.44,0.0,54.1,1.51
2005-03-17,27.05,0.0,51.27,2.07
2005-03-18,27.01,0.0,49.2,1.3
2005-03-19,28.13,0.12,52.09,1.33
2005-03-20,28.85,0.0,53.12,0.89
2005-03-21,29.8,0.0,48.13,1.09
2005-03-22,30.41,0.0,47.81,1.08
2005-03-23,31.06,0.0,50.41,1.7
2005-03-24,32.09,0.16,47.9,1.48
2005-03-25,32.17,0.03,41.04,2.05
2005-03-26,31.01,0.0,43.7,2.14
2005-03-27,31.94,0.01,45.05,1.83
2005-03-28,33.47,0.0,40.06,1.48
2005-03-29,32.99,0.0,46.24,2.97
2005-03-30,32.03,2.96,51.51,1.93
2005-03-31,30.68,0.11,53.79,1.91
2005-04-01,32.59,0.22,44.73,1.73
2005-04-02,32.33,0.13,48.0,2.45
2005-04-03,28.95,10.83,66.44,2.3
2005-04-04,25.46,6.09,83.24,1.86
2005-04-05,24.87,5.87,85.28,2.99
2005-04-06,26.42,18.14,81.1,1.69
2005-04-07,25.72,10.74,82.53,2.05
2005-04-08,27.69,0.27,70.91,2.33
2005-04-09,28.81,0.14,66.56,2.28
2005-04-10,29.32,0.69,66.72,1.29
2005-04-11,28.54,0.56,71.36,1.03
2005-04-12,28.58,0.34,69.59,0.98
2005-04-13,28.52,0.58,70.75,1.16
2005-04-14,29.53,0.06,63.42,1.13
2005-04-15,29.92,0.05,59.47,1.77
2005-04-16,30.12,0.09,56.98,1.28
2005-04-17,29.91,0.05,55.64,1.5
2005-04-18,29.5,0.05,58.91,1.22
2005-04-19,29.66,0.57,59.63,1.69
2005-04-20,27.57,2.76,72.15,1.89
2005-04-21,28.16,0.27,65.66,1.76
2005-04-22,28.59,0.0,64.59,1.21
2005-04-23,29.85,0.06,60.6,1.6
2005-04-24,29.65,0.02,64.31,0.92
2005-04-25,28.72,1.35,67.44,0.85
2005-04-26,28.99,1.98,66.52,1.08
2005-04-27,29.64,0.26,64.01,0.77
2005-04-28,31.24,0.0,58.97,1.3
2005-04-29,31.95,0.01,56.9,1.45
2005-04-30,29.44,10.29,69.62,1.73
2005-05-01,29.48,9.98,72.37,1.22
2005-05-02,28.5,1.71,74.51,1.07
2005-05-03,30.34,0.37,62.35,1.34
2005-05-04,29.16,3.96,65.43,1.63
2005-05-05,29.77,1.02,64.07,1.45
2005-05-06,30.23,3.09,62.05,2.2
2005-05-07,29.22,3.73,67.0,1.88
2005-05-08,28.66,0.0,65.1,1.94
2005-05-09,30.65,0.13,57.62,3.29
2005-05-10,29.77,0.02,59.55,3.56
2005-05-11,29.57,0.07,64.05,2.94
2005-05-12,30.62,1.48,62.04,2.29
2005-05-13,30.25,0.17,61.73,2.83
2005-05-14,31.13,0.67,58.32,2.38
2005-05-15,30.79,0.94,60.92,3.09
2005-05-16,30.96,0.1,56.92,3.04
2005-05-17,31.48,0.0,54.63,2.84
2005-05-18,32.9,0.0,51.24,2.67
2005-05-19,33.38,0.0,50.7,1.87
2005-05-20,33.46,0.0,49.13,1.52
2005-05-21,32.29,0.29,52.88,2.46
2005-05-22,33.25,0.4,51.6,2.6
2005-05-23,31.61,1.24,56.99,3.03
2005-05-24,31.56,0.1,57.3,2.95
2005-05-25,31.28,0.4,56.55,2.2
2005-05-26,30.7,25.5,63.03,2.79
2005-05-27,28.31,4.15,73.27,2.24
2005-05-28,28.11,1.94,68.54,2.67
2005-05-29,29.41,1.83,63.25,1.85
2005-05-30,29.08,0.21,63.91,2.91
2005-05-31,28.35,2.69,69.74,3.58
2005-06-01,28.87,0.5,69.33,3.44
2005-06-02,28.86,0.45,68.4,3.78
2005-06-03,29.36,0.08,67.57,2.44
2005-06-04,28.99,1.2,68.82,2.19
2005-06-05,28.61,1.78,71.59,2.54
2005-06-06,28.47,0.64,70.68,2.55
2005-06-07,28.65,0.14,68.77,2.83
2005-06-08,29.06,0.78,68.89,3.41
2005-06-09,26.88,1.26,74.94,4.97
2005-06-10,27.29,0.81,66.29,5.77
2005-06-11,28.25,0.27,68.21,4.14
2005-06-12,29.28,0.47,63.52,4.32
2005-06-13,28.17,0.93,67.63,4.5
2005-06-14,27.51,0.05,69.71,3.82
2005-06-15,28.8,0.29,64.55,3.85
2005-06-16,28.49,2.19,70.26,4.51
2005-06-17,27.76,0.99,70.8,5.6
2005-06-18,27.26,0.45,68.58,5.53
2005-06-19,27.92,0.84,68.64,5.32
2005-06-20,27.48,4.21,71.37,5.13
2005-06-21,27.19,1.32,73.04,4.94
2005-06-22,26.9,0.69,66.89,5.08
2005-06-23,27.85,0.07,65.77,4.63
2005-06-24,28.55,0.41,66.89,4.98
2005-06-25,28.29,0.6,68.71,4.54
2005-06-26,27.46,0.28,71.05,4.45
2005-06-27,27.18,0.38,72.44,4.22
2005-06-28,27.27,0.33,69.7,4.65
2005-06-29,27.61,0.44,67.51,4.57
2005-06-30,27.69,1.89,70.42,4.02
2005-07-01,27.15,1.54,74.87,3.92
2005-07-02,27.6,1.02,69.36,4.06
2005-07-03,27.33,0.47,71.68,4.55
2005-07-04,27.36,1.62,71.41,4.59
2005-07-05,27.41,0.7,72.54,5.01
2005-07-06,27.54,0.4,65.34,5.89
2005-07-07,28.08,0.24,64.65,5.53
2005-07-08,28.34,0.35,67.51,4.86
2005-07-09,27.48,0.25,69.28,5.4
2005-07-10,26.39,1.7,67.7,4.67
2005-07-11,27.31,0.39,64.55,4.74
2005-07-12,27.8,0.11,67.92,4.09
2005-07-13,26.83,2.02,74.75,2.26
2005-07-14,26.81,16.31,73.63,2.94
2005-07-15,26.47,4.94,78.19,2.3
2005-07-16,26.43,1.46,78.42,1.97
2005-07-17,26.81,1.71,74.3,3.63
2005-07-18,27.67,0.31,71.31,3.69
2005-07-19,27.41,0.21,73.47,3.97
2005-07-20,26.94,0.83,74.5,3.85
2005-07-21,26.73,0.03,72.15,4.4
2005-07-22,26.69,0.38,72.04,4.34
2005-07-23,26.24,2.33,75.71,4.28
2005-07-24,26.34,1.21,73.17,5.47
2005-07-25,26.45,0.62,69.18,6.74
2005-07-26,27.38,0.69,66.88,6.64
2005-07-27,27.52,0.4,67.91,6.15
2005-07-28,27.29,0.5,68.27,5.39
2005-07-29,26.48,1.5,69.22,5.68
2005-07-30,26.8,1.88,69.95,6.52
2005-07-31,27.46,0.91,68.91,7.14
2005-08-01,26.76,2.91,71.04,6.68
2005-08-02,26.53,1.13,67.73,7.2
2005-08-03,26.51,0.23,67.91,5.72
2005-08-04,26.63,0.28,70.22,5.48
2005-08-05,27.28,0.27,65.45,5.49
2005-08-06,27.92,0.03,63.33,4.95
2005-08-07,27.91,0.01,64.83,4.77
2005-08-08,27.26,0.09,67.3,4.66
2005-08-09,27.74,0.33,67.3,4.47
2005-08-10,27.25,1.55,70.37,4.78
2005-08-11,27.71,0.34,68.83,4.87
2005-08-12,28.03,0.15,65.28,5.24
2005-08-13,28.2,0.16,65.18,4.82
2005-08-14,28.25,0.46,64.76,5.32
2005-08-15,28.24,0.92,64.59,5.35
2005-08-16,27.38,0.67,64.15,5.35
2005-08-17,28.24,0.05,62.24,4.75
2005-08-18,27.58,0.0,62.07,4.62
2005-08-19,27.63,0.29,66.29,4.37
2005-08-20,28.34,0.0,62.33,4.35
2005-08-21,29.11,0.16,60.04,3.93
2005-08-22,28.76,0.24,61.82,2.95
2005-08-23,27.57,10.61,70.38,1.96
2005-08-24,27.09,1.65,71.47,2.77
2005-08-25,27.83,7.45,67.0,3.06
2005-08-26,27.37,5.11,70.74,2.13
2005-08-27,26.57,4.6,77.55,1.94
2005-08-28,28.3,1.65,72.21,1.72
2005-08-29,28.11,0.47,70.42,2.15
2005-08-30,29.71,0.1,62.11,2.84
2005-08-31,27.63,2.62,70.11,2.89
2005-09-01,27.79,1.73,72.21,2.38
2005-09-02,26.59,10.73,80.63,2.72
2005-09-03,26.28,5.56,83.53,2.23
2005-09-04,26.59,5.87,81.22,3.31
2005-09-05,26.16,0.98,77.1,4.34
2005-09-06,26.31,1.92,76.58,3.89
2005-09-07,25.66,3.23,78.03,3.52
2005-09-08,27.13,0.72,73.47,4.66
2005-09-09,27.67,0.33,69.43,5.09
2005-09-10,26.49,2.77,72.42,4.72
2005-09-11,26.14,1.51,73.82,4.41
2005-09-12,26.17,0.59,75.11,4.76
2005-09-13,26.72,0.29,72.3,5.08
2005-09-14,27.4,0.18,69.35,4.54
2005-09-15,26.38,8.95,72.52,3.14
2005-09-16,26.76,0.18,74.46,2.89
2005-09-17,28.17,0.01,66.26,3.5
2005-09-18,27.98,0.0,65.7,4.19
2005-09-19,27.04,0.11,66.73,5.14
2005-09-20,26.66,0.9,70.37,5.46
2005-09-21,27.84,0.35,67.95,4.78
2005-09-22,28.11,0.11,66.08,3.82
2005-09-23,28.1,0.0,64.53,3.65
2005-09-24,28.25,0.28,64.08,3.32
2005-09-25,28.32,1.26,64.04,3.26
2005-09-26,28.59,0.02,61.87,3.31
2005-09-27,28.37,0.0,63.36,3.13
2005-09-28,27.37,4.69,69.77,2.65
2005-09-29,27.29,1.19,69.91,2.85
2005-09-30,26.96,1.54,69.79,2.97
2005-10-01,27.11,0.11,66.84,2.14
2005-10-02,27.02,3.63,72.09,1.5
2005-10-03,27.59,4.3,72.03,1.86
2005-10-04,27.13,28.73,76.49,1.32
2005-10-05,27.6,7.76,73.86,1.23
2005-10-06,28.63,0.13,67.27,1.25
2005-10-07,28.25,4.53,72.16,0.83
2005-10-08,26.79,20.85,79.95,2.02
2005-10-09,25.26,7.78,83.91,1.24
2005-10-10,25.55,14.04,83.0,1.12
2005-10-11,25.94,17.47,80.61,1.05
2005-10-12,24.61,7.88,87.52,1.18
2005-10-13,25.1,6.82,86.21,1.7
2005-10-14,25.66,0.18,79.64,2.61
2005-10-15,26.6,0.71,76.84,1.46
2005-10-16,26.87,1.16,73.27,0.87
2005-10-17,26.11,5.84,80.95,1.04
2005-10-18,25.85,4.92,80.64,1.19
2005-10-19,25.44,3.2,81.09,2.71
2005-10-20,26.18,0.26,77.34,2.08
2005-10-21,25.95,45.94,82.2,1.97
2005-10-22,24.25,31.37,90.79,1.43
2005-10-23,25.02,10.0,87.61,2.37
2005-10-24,24.67,31.3,86.99,1.19
2005-10-25,24.45,23.03,89.02,1.3
2005-10-26,24.26,3.36,86.52,1.04
2005-10-27,24.6,2.93,86.41,2.24
2005-10-28,25.42,0.61,83.45,2.99
2005-10-29,26.03,2.95,83.27,3.07
2005-10-30,25.42,6.1,86.1,2.77
2005-10-31,24.93,0.87,88.21,1.85
2005-11-01,24.93,18.14,87.77,1.95
2005-11-02,24.04,13.33,92.16,1.36
2005-11-03,24.08,5.67,86.82,1.05
2005-11-04,24.19,15.42,88.09,1.14
2005-11-05,23.34,14.23,90.13,1.67
2005-11-06,23.77,10.83,91.23,1.42
2005-11-07,23.67,10.25,91.12,1.75
2005-11-08,23.84,7.93,90.84,1.72
2005-11-09,23.53,1.09,91.1,1.35
2005-11-10,24.13,3.26,90.26,0.92
2005-11-11,23.97,4.0,91.37,0.74
2005-11-12,23.65,7.69,91.32,1.93
2005-11-13,21.41,6.12,90.91,1.34
2005-11-14,22.46,0.69,79.61,1.23
2005-11-15,22.76,0.0,81.44,0.95
2005-11-16,21.14,0.0,80.9,1.4
2005-11-17,20.33,0.01,74.42,1.3
2005-11-18,20.58,0.0,72.12,1.34
2005-11-19,21.37,0.09,79.63,1.25
2005-11-20,22.64,0.16,80.98,1.25
2005-11-21,22.29,9.42,90.68,1.79
2005-11-22,23.15,14.57,95.21,3.42
2005-11-23,23.47,48.24,94.76,3.51
2005-11-24,21.89,24.47,93.49,3.3
2005-11-25,23.06,5.74,90.6,2.41
2005-11-26,23.29,1.7,89.79,1.93
2005-11-27,23.53,1.69,89.35,1.96
2005-11-28,22.44,0.04,86.37,1.52
2005-11-29,20.79,0.37,80.77,1.14
2005-11-30,22.31,0.11,72.98,0.95
2005-12-01,23.71,0.04,80.79,0.72
2005-12-02,24.11,1.37,85.12,0.77
2005-12-03,23.78,12.57,88.64,0.91
2005-12-04,24.38,6.58,89.1,1.06
2005-12-05,23.63,2.15,89.75,2.18
2005-12-06,22.79,0.16,87.15,1.64
2005-12-07,22.6,0.0,86.72,1.26
2005-12-08,22.2,0.0,75.18,0.98
2005-12-09,22.78,5.37,75.57,1.12
2005-12-10,22.91,8.22,87.56,1.97
2005-12-11,22.98,4.85,91.84,2.75
2005-12-12,23.15,2.54,91.52,1.76
2005-12-13,22.92,4.85,94.03,2.05
2005-12-14,23.0,0.62,88.89,1.72
2005-12-15,22.29,0.01,86.81,1.78
2005-12-16,20.83,0.01,83.95,1.55
2005-12-17,21.87,0.84,86.97,1.37
2005-12-18,23.09,1.22,89.07,1.59
2005-12-19,24.13,0.07,84.61,1.22
2005-12-20,24.65,0.04,83.51,1.06
2005-12-21,25.07,0.02,81.72,1.0
2005-12-22,24.95,1.19,80.15,0.54
2005-12-23,24.34,0.88,79.93,0.76
2005-12-24,23.34,0.0,84.6,1.13
2005-12-25,22.65,0.0,87.11,1.94
2005-12-26,21.74,0.0,84.84,2.05
2005-12-27,20.59,0.0,80.98,1.63
2005-12-28,21.16,0.03,85.11,1.51
2005-12-29,21.53,0.01,83.39,1.61
2005-12-30,20.56,0.0,79.54,1.39
2005-12-31,21.04,0.0,83.71,1.9
2006-01-01,20.6,0.0,82.76,1.89
2006-01-02,20.79,0.0,83.45,1.68
2006-01-03,20.84,0.0,84.44,1.49
2006-01-04,21.67,0.21,85.35,1.3
2006-01-05,22.7,0.65,89.5,1.81
2006-01-06,22.58,0.01,85.41,1.92
2006-01-07,23.19,0.36,87.84,1.66
2006-01-08,23.09,13.11,91.98,1.95
2006-01-09,23.87,0.78,88.56,1.88
2006-01-10,23.32,0.09,86.5,2.02
2006-01-11,21.42,0.0,84.71,1.61
2006-01-12,22.42,0.01,85.9,1.7
2006-01-13,22.39,0.05,82.99,1.7
2006-01-14,22.45,0.14,87.94,1.71
2006-01-15,24.08,0.02,85.7,1.7
2006-01-16,24.22,0.36,84.27,1.89
2006-01-17,23.97,0.03,82.76,1.5
2006-01-18,22.53,0.0,77.57,1.31
2006-01-19,20.81,0.0,71.34,1.11
2006-01-20,21.07,0.0,66.53,1.23
2006-01-21,21.43,0.0,69.16,1.16
2006-01-22,21.83,0.0,64.9,1.07
2006-01-23,21.68,0.0,61.97,1.16
2006-01-24,22.16,0.0,63.61,1.24
2006-01-25,22.09,0.0,71.41,1.35
2006-01-26,21.24,0.0,70.77,1.66
2006-01-27,22.29,0.05,79.32,2.28
2006-01-28,22.27,0.0,76.83,1.92
2006-01-29,20.65,0.0,70.59,1.7
2006-01-30,20.17,0.0,72.22,1.68
2006-01-31,20.93,0.0,74.95,1.93
2006-02-01,21.6,0.0,75.39,2.05
2006-02-02,22.43,0.0,74.41,2.12
2006-02-03,22.94,0.01,76.61,2.33
2006-02-04,24.22,0.01,77.68,2.5
2006-02-05,24.36,0.0,72.28,2.07
2006-02-06,22.26,0.0,66.14,1.85
2006-02-07,21.29,0.0,63.63,1.72
2006-02-08,21.76,0.0,62.34,1.8
2006-02-09,22.67,0.0,69.28,1.62
2006-02-10,22.55,0.0,64.46,1.78
2006-02-11,22.68,0.0,65.09,1.91
2006-02-12,23.34,0.0,65.24,2.26
2006-02-13,22.2,0.0,65.54,1.91
2006-02-14,22.51,0.0,55.69,1.37
2006-02-15,23.3,0.0,57.57,1.13
2006-02-16,24.15,0.0,59.8,1.25
2006-02-17,24.46,0.0,57.15,1.14
2006-02-18,24.58,0.0,59.72,1.58
2006-02-19,24.73,0.0,60.76,1.44
2006-02-20,24.82,0.0,57.1,1.65
2006-02-21,24.4,0.0,56.07,1.46
2006-02-22,23.87,0.0,55.97,1.63
2006-02-23,23.68,0.0,51.65,1.69
2006-02-24,24.55,0.0,51.15,1.54
2006-02-25,25.55,0.0,58.49,1.21
2006-02-26,26.06,0.0,52.52,1.39
2006-02-27,26.81,0.0,56.37,1.35
2006-02-28,27.55,0.0,60.73,1.35
2006-03-01,27.98,0.0,63.27,1.48
2006-03-02,28.12,0.04,62.7,1.91
2006-03-03,26.58,29.2,78.6,1.77
2006-03-04,26.11,5.64,76.2,1.68
2006-03-05,27.59,2.41,68.94,1.38
2006-03-06,27.0,5.45,73.39,1.53
2006-03-07,26.61,0.29,72.53,1.3
2006-03-08,27.46,0.01,62.65,1.87
2006-03-09,26.39,5.09,76.03,1.91
2006-03-10,26.81,2.28,73.94,1.22
2006-03-11,27.89,7.51,71.75,0.71
2006-03-12,27.84,1.47,69.65,1.53
2006-03-13,28.4,0.0,62.11,0.67
2006-03-14,27.92,0.0,62.86,1.52
2006-03-15,28.68,0.1,62.03,1.09
2006-03-16,28.38,0.0,61.33,1.22
2006-03-17,28.6,0.0,60.69,1.15
2006-03-18,28.74,0.0,59.09,1.74
2006-03-19,28.47,0.0,58.82,2.3
2006-03-20,28.49,0.0,57.06,1.98
2006-03-21,28.41,0.0,53.31,1.74
2006-03-22,28.45,0.03,47.34,1.3
2006-03-23,29.64,0.02,48.9,1.71
2006-03-24,30.04,0.59,51.5,1.11
2006-03-25,29.46,0.0,53.95,1.33
2006-03-26,29.71,0.17,54.19,1.48
2006-03-27,29.97,0.03,51.87,1.45
2006-03-28,29.23,0.0,48.9,1.71
2006-03-29,29.24,0.0,53.5,1.41
2006-03-30,29.84,0.07,56.95,1.87
2006-03-31,29.83,0.01,54.3,1.69
2006-04-01,30.03,0.0,46.19,1.6
2006-04-02,30.15,0.0,45.35,1.64
2006-04-03,30.42,0.04,48.38,1.66
2006-04-04,31.08,0.0,45.15,1.65
2006-04-05,31.52,0.0,43.13,1.82
2006-04-06,32.61,0.0,45.83,2.12
2006-04-07,32.73,0.0,45.72,2.09
2006-04-08,32.8,0.0,45.62,1.95
2006-04-09,32.67,0.0,42.91,2.28
2006-04-10,32.21,0.0,41.52,1.86
2006-04-11,32.48,0.01,43.72,1.71
2006-04-12,32.83,0.17,47.12,2.14
2006-04-13,31.86,0.92,49.26,1.34
2006-04-14,30.79,0.44,55.75,2.49
2006-04-15,30.33,1.64,55.16,0.78
2006-04-16,28.64,0.47,61.7,1.96
2006-04-17,27.86,10.41,68.95,2.03
2006-04-18,29.05,3.04,66.57,1.78
2006-04-19,29.63,0.99,63.14,1.21
2006-04-20,29.98,0.58,58.39,1.68
2006-04-21,30.28,0.08,53.97,1.44
2006-04-22,30.33,0.0,45.68,1.49
2006-04-23,31.04,0.0,46.23,1.84
2006-04-24,31.53,0.0,41.67,1.99
2006-04-25,32.79,0.55,45.27,1.91
2006-04-26,33.37,0.24,46.69,2.37
2006-04-27,33.37,0.0,47.38,2.33
2006-04-28,32.6,0.0,51.11,3.86
2006-04-29,32.14,0.0,50.14,3.63
2006-04-30,33.6,0.0,45.73,3.21
2006-05-01,33.43,0.0,46.86,3.53
2006-05-02,33.19,0.47,48.81,2.51
2006-05-03,30.92,0.34,55.27,1.58
2006-05-04,30.82,0.83,55.84,2.19
2006-05-05,30.57,0.19,56.78,1.71
2006-05-06,31.3,0.01,53.3,1.48
2006-05-07,31.56,0.13,52.66,1.83
2006-05-08,32.11,0.32,51.02,2.27
2006-05-09,32.21,1.05,46.72,2.2
2006-05-10,32.38,1.05,48.44,1.58
2006-05-11,32.9,0.87,49.33,1.92
2006-05-12,30.48,1.7,58.8,2.68
2006-05-13,29.9,0.34,61.28,2.52
2006-05-14,31.49,0.27,52.05,2.42
2006-05-15,30.71,4.01,58.86,3.07
2006-05-16,29.04,15.81,71.88,2.52
2006-05-17,29.67,1.95,63.86,2.86
2006-05-18,27.5,17.07,75.5,2.45
2006-05-19,27.88,2.39,71.64,3.8
2006-05-20,29.16,0.0,59.06,4.24
2006-05-21,28.56,5.65,68.1,3.78
2006-05-22,28.46,2.58,69.39,4.19
2006-05-23,28.64,1.08,68.42,4.6
2006-05-24,29.05,0.53,63.76,4.67
2006-05-25,28.1,0.82,69.25,4.81
2006-05-26,27.27,2.67,70.84,4.52
2006-05-27,26.25,1.91,74.46,4.34
2006-05-28,26.98,5.38,73.46,5.23
2006-05-29,27.16,2.16,72.88,6.02
2006-05-30,27.93,3.88,69.99,6.27
2006-05-31,26.93,5.68,71.59,5.06
2006-06-01,27.27,0.6,72.0,4.43
2006-06-02,27.73,1.4,69.71,3.91
2006-06-03,27.71,1.32,71.07,4.21
2006-06-04,27.35,0.41,66.27,4.46
2006-06-05,27.03,0.32,67.07,4.05
2006-06-06,26.79,0.58,71.34,3.5
2006-06-07,26.36,0.19,69.58,3.67
2006-06-08,28.2,0.01,63.74,3.66
2006-06-09,28.12,0.16,64.45,4.01
2006-06-10,28.21,0.0,63.37,4.05
2006-06-11,27.88,0.0,64.27,3.84
2006-06-12,28.65,0.0,60.95,3.97
2006-06-13,29.03,0.5,61.06,3.69
2006-06-14,29.04,0.23,62.46,3.27
2006-06-15,29.22,0.87,64.76,2.67
2006-06-16,26.86,3.03,74.29,2.64
2006-06-17,27.81,0.58,66.28,3.22
2006-06-18,28.75,0.35,66.78,1.73
2006-06-19,27.69,3.22,72.79,2.8
2006-06-20,27.88,2.13,68.64,2.48
2006-06-21,26.32,2.01,76.87,2.33
2006-06-22,27.5,3.75,74.11,2.48
2006-06-23,26.62,4.01,77.55,4.77
2006-06-24,27.45,1.96,72.66,5.13
2006-06-25,27.09,1.63,69.74,5.86
2006-06-26,27.36,0.59,70.79,4.61
2006-06-27,27.83,0.64,71.55,4.23
2006-06-28,27.1,0.47,70.58,5.17
2006-06-29,27.09,12.41,72.85,5.0
2006-06-30,26.89,1.48,73.14,4.8
2006-07-01,27.18,0.19,70.74,6.14
2006-07-02,26.91,0.24,70.32,6.43
2006-07-03,27.48,0.34,67.79,6.6
2006-07-04,27.37,0.77,68.05,6.87
2006-07-05,27.32,0.6,69.55,5.72
2006-07-06,27.73,0.43,66.78,5.22
2006-07-07,27.26,0.89,69.98,4.63
2006-07-08,28.35,0.32,67.82,4.94
2006-07-09,28.17,0.24,66.73,5.14
2006-07-10,27.54,2.1,68.67,4.78
2006-07-11,27.44,1.24,69.5,4.96
2006-07-12,26.45,1.69,72.95,4.79
2006-07-13,26.58,0.71,70.02,5.59
2006-07-14,26.69,1.05,72.06,4.98
2006-07-15,27.28,1.38,71.22,5.22
2006-07-16,27.46,0.25,69.11,5.41
2006-07-17,27.25,0.49,68.12,5.95
2006-07-18,27.2,1.1,67.59,5.79
2006-07-19,27.52,0.32,67.58,4.84
2006-07-20,27.5,0.4,67.79,4.82
2006-07-21,27.94,0.15,65.1,4.91
2006-07-22,27.07,0.03,66.47,4.42
2006-07-23,28.06,0.06,64.08,4.19
2006-07-24,29.02,0.01,60.6,4.04
2006-07-25,28.49,0.24,63.21,3.32
2006-07-26,27.06,0.62,70.47,3.4
2006-07-27,26.36,0.79,66.91,4.63
2006-07-28,25.79,0.83,66.22,5.56
2006-07-29,26.87,0.74,68.64,4.94
2006-07-30,27.65,0.29,67.15,4.46
2006-07-31,26.71,0.2,70.09,4.48
2006-08-01,27.71,0.16,66.23,4.29
2006-08-02,28.03,0.14,63.35,4.9
2006-08-03,27.21,0.22,66.7,5.39
2006-08-04,26.85,0.12,67.87,4.94
2006-08-05,27.36,0.06,64.62,4.9
2006-08-06,28.29,0.06,61.76,4.37
2006-08-07,28.77,0.18,60.63,4.38
2006-08-08,28.52,0.18,60.9,4.36
2006-08-09,27.42,1.21,66.26,4.73
2006-08-10,26.44,1.9,69.67,5.27
2006-08-11,27.48,1.72,68.71,5.57
2006-08-12,27.07,1.54,68.86,6.02
2006-08-13,26.85,1.22,69.39,5.72
2006-08-14,26.74,1.04,69.98,5.13
2006-08-15,27.56,1.55,68.53,5.53
2006-08-16,26.74,0.87,69.64,6.84
2006-08-17,27.62,0.78,65.3,6.16
2006-08-18,27.2,5.38,68.14,4.87
2006-08-19,27.78,0.57,67.87,3.66
2006-08-20,27.47,19.27,71.42,2.54
2006-08-21,25.99,13.06,80.65,1.89
2006-08-22,27.6,1.64,70.19,2.02
2006-08-23,27.73,0.85,65.9,2.25
2006-08-24,27.94,7.23,67.5,2.37
2006-08-25,27.07,8.58,74.62,2.03
2006-08-26,26.83,0.09,68.1,3.73
2006-08-27,25.96,0.0,67.73,4.2
2006-08-28,27.27,0.22,66.21,4.35
2006-08-29,27.72,0.45,66.27,4.27
2006-08-30,27.98,0.03,65.89,3.87
2006-08-31,28.56,0.54,64.09,3.36
2006-09-01,27.72,10.93,69.75,3.04
2006-09-02,25.99,12.51,78.75,1.39
2006-09-03,27.27,1.48,76.55,1.11
2006-09-04,26.19,5.04,78.39,2.82
2006-09-05,27.23,0.21,69.88,3.05
2006-09-06,28.08,2.79,69.32,1.46
2006-09-07,27.09,4.06,77.81,0.98
2006-09-08,27.28,1.93,76.47,1.83
2006-09-09,27.47,4.09,71.49,1.28
2006-09-10,26.99,1.09,73.76,2.48
2006-09-11,26.2,1.84,75.57,3.05
2006-09-12,26.94,2.14,72.13,4.3
2006-09-13,26.44,2.06,74.32,4.74
2006-09-14,25.67,0.7,74.25,4.35
2006-09-15,25.87,1.69,75.25,4.02
2006-09-16,25.88,5.03,77.11,4.03
2006-09-17,25.7,1.14,78.88,3.87
2006-09-18,26.67,0.73,73.31,4.08
2006-09-19,27.26,0.27,69.9,4.45
2006-09-20,27.35,0.26,70.95,3.73
2006-09-21,26.38,2.0,73.98,3.62
2006-09-22,26.47,0.86,72.95,3.55
2006-09-23,27.1,0.28,72.25,3.2
2006-09-24,26.17,3.1,76.4,3.54
2006-09-25,24.49,2.39,79.96,3.07
2006-09-26,26.25,0.3,68.95,4.8
2006-09-27,27.24,0.53,63.55,3.54
2006-09-28,27.78,0.44,64.83,4.04
2006-09-29,27.03,1.05,68.16,3.86
2006-09-30,27.75,0.59,67.0,3.97
2006-10-01,27.7,0.77,68.33,4.07
2006-10-02,27.73,0.63,67.41,3.75
2006-10-03,28.3,0.06,65.04,3.36
2006-10-04,27.64,3.78,68.41,3.64
2006-10-05,27.84,0.56,67.99,4.0
2006-10-06,27.23,2.88,72.62,3.84
2006-10-07,26.41,10.7,80.87,3.37
2006-10-08,25.78,7.15,79.11,4.2
2006-10-09,25.83,1.05,75.74,3.07
2006-10-10,26.02,1.7,78.32,2.03
2006-10-11,26.73,0.66,75.36,1.98
2006-10-12,26.51,4.03,77.03,1.27
2006-10-13,27.74,0.66,67.07,1.26
2006-10-14,27.77,1.83,67.43,1.48
2006-10-15,26.91,7.91,76.59,1.28
2006-10-16,26.04,7.49,80.24,1.48
2006-10-17,26.41,5.48,79.05,1.74
2006-10-18,26.52,3.73,77.6,1.63
2006-10-19,25.66,9.56,82.92,1.5
2006-10-20,25.39,9.9,82.56,1.69
2006-10-21,25.67,3.2,77.63,1.64
2006-10-22,25.75,1.82,76.57,1.78
2006-10-23,25.11,10.42,82.21,1.97
2006-10-24,25.14,3.54,83.14,2.01
2006-10-25,25.52,3.91,80.22,2.21
2006-10-26,24.98,8.47,84.5,2.23
2006-10-27,24.52,8.96,88.77,2.23
2006-10-28,25.5,13.68,80.21,1.08
2006-10-29,25.56,2.89,82.7,1.07
2006-10-30,25.18,4.96,85.56,1.2
2006-10-31,24.75,2.21,87.78,1.9
2006-11-01,25.61,7.11,82.23,1.81
2006-11-02,25.15,6.82,85.78,1.98
2006-11-03,24.13,7.13,87.78,1.75
2006-11-04,23.48,5.78,89.96,1.17
2006-11-05,24.92,0.86,83.18,1.46
2006-11-06,24.38,13.03,87.28,0.86
2006-11-07,23.27,5.1,87.7,1.73
2006-11-08,23.86,3.74,85.92,1.23
2006-11-09,23.77,15.17,89.53,1.0
2006-11-10,24.16,7.19,88.03,1.33
2006-11-11,23.7,1.06,89.14,1.5
2006-11-12,24.78,0.69,86.16,1.76
2006-11-13,24.12,0.79,88.78,1.73
2006-11-14,24.46,2.54,86.74,2.02
2006-11-15,23.85,2.47,90.15,2.0
2006-11-16,24.57,0.96,85.08,1.99
2006-11-17,24.45,14.61,88.15,1.85
2006-11-18,24.26,14.88,89.25,1.51
2006-11-19,24.55,1.36,88.52,1.55
2006-11-20,25.04,2.46,87.07,1.99
2006-11-21,24.14,1.87,87.58,2.03
2006-11-22,23.63,0.47,86.29,1.49
2006-11-23,24.09,18.93,83.98,1.05
2006-11-24,23.84,1.97,85.8,1.47
2006-11-25,24.07,0.04,84.08,1.35
2006-11-26,25.02,4.83,86.11,1.47
2006-11-27,24.61,4.72,88.91,1.7
2006-11-28,24.66,0.93,84.64,1.71
2006-11-29,23.99,0.03,84.13,1.97
2006-11-30,24.09,0.01,83.89,2.25
2006-12-01,22.85,0.0,80.59,2.1
2006-12-02,22.41,0.01,79.07,1.83
2006-12-03,22.82,0.05,81.66,2.31
2006-12-04,22.61,0.01,82.48,2.3
2006-12-05,22.79,0.0,80.41,2.28
2006-12-06,21.96,0.0,77.25,1.97
2006-12-07,21.68,0.0,76.59,1.93
2006-12-08,22.01,0.0,76.33,1.85
2006-12-09,22.26,1.1,76.67,1.6
2006-12-10,23.59,2.3,83.08,1.9
2006-12-11,24.9,4.52,84.58,1.78
2006-12-12,25.01,0.69,83.21,2.11
2006-12-13,24.24,0.01,80.25,2.48
2006-12-14,23.09,0.0,76.96,2.48
2006-12-15,22.71,0.0,76.13,2.31
2006-12-16,22.02,0.0,74.83,2.78
2006-12-17,22.39,0.0,73.25,2.68
2006-12-18,23.1,0.0,72.51,2.2
2006-12-19,22.89,0.01,73.89,1.92
2006-12-20,22.96,0.04,74.62,2.21
2006-12-21,23.28,0.06,72.06,2.49
2006-12-22,23.18,0.0,73.9,2.74
2006-12-23,23.4,0.03,74.44,2.59
2006-12-24,23.78,0.0,72.71,2.49
2006-12-25,23.26,0.0,72.2,2.33
2006-12-26,22.84,0.0,71.88,2.26
2006-12-27,23.02,0.0,72.86,2.32
2006-12-28,22.79,0.0,70.67,2.12
2006-12-29,21.92,0.0,68.87,1.73
2006-12-30,21.61,0.0,67.57,1.51
2006-12-31,21.97,0.0,68.97,1.48
2007-01-01,22.87,0.0,69.95,1.78
2007-01-02,21.94,0.0,65.92,1.7
2007-01-03,21.68,0.0,66.85,1.38
2007-01-04,22.31,0.0,68.4,1.24
2007-01-05,22.1,0.0,69.26,1.48
2007-01-06,22.83,0.0,70.5,2.19
2007-01-07,22.78,0.0,68.35,2.31
2007-01-08,23.6,0.0,69.21,2.5
2007-01-09,24.79,0.0,68.33,2.9
2007-01-10,24.7,0.0,70.48,2.39
2007-01-11,25.16,0.0,70.71,2.18
2007-01-12,24.92,0.0,67.17,2.35
2007-01-13,23.28,0.0,62.78,1.89
2007-01-14,23.71,0.0,66.15,1.91
2007-01-15,25.17,0.0,70.96,1.94
2007-01-16,25.06,0.0,65.66,1.83
2007-01-17,24.05,0.0,62.98,1.66
2007-01-18,23.4,0.0,58.11,1.91
2007-01-19,22.68,0.0,59.76,1.57
2007-01-20,23.61,0.0,65.08,1.68
2007-01-21,23.51,0.0,65.11,1.78
2007-01-22,22.91,0.0,60.85,1.24
2007-01-23,23.79,0.0,55.6,1.83
2007-01-24,24.22,0.0,64.34,2.13
2007-01-25,24.18,0.0,65.95,2.19
2007-01-26,24.99,0.0,64.64,2.1
2007-01-27,24.64,6.67,76.26,2.28
2007-01-28,25.12,0.45,72.2,2.58
2007-01-29,25.69,0.0,67.25,2.77
2007-01-30,25.67,0.0,65.05,2.73
2007-01-31,24.47,0.0,61.55,2.1
2007-02-01,24.06,0.0,56.65,1.68
2007-02-02,24.21,0.0,60.96,2.03
2007-02-03,24.44,0.0,60.85,1.69
2007-02-04,24.82,0.0,59.34,1.45
2007-02-05,24.88,0.0,52.76,1.23
2007-02-06,24.42,0.0,51.39,1.53
2007-02-07,24.65,0.0,49.14,1.77
2007-02-08,24.92,0.0,53.06,1.92
2007-02-09,24.5,0.01,54.18,2.2
2007-02-10,25.15,0.1,63.26,2.23
2007-02-11,27.07,0.0,56.41,1.89
2007-02-12,27.74,0.0,57.47,1.47
2007-02-13,28.43,0.0,49.29,2.18
2007-02-14,27.59,0.0,46.69,2.07
2007-02-15,27.71,0.0,46.58,1.96
2007-02-16,27.86,0.0,46.69,1.03
2007-02-17,28.33,0.48,47.87,1.2
2007-02-18,27.31,0.75,61.84,2.52
2007-02-19,27.39,0.03,57.91,3.46
2007-02-20,27.0,0.0,53.96,3.15
2007-02-21,26.23,0.0,49.76,2.55
2007-02-22,25.7,0.0,49.91,2.24
2007-02-23,25.65,0.0,48.58,1.78
2007-02-24,25.87,0.0,47.67,1.48
2007-02-25,27.92,0.01,51.46,1.46
2007-02-26,29.47,0.05,47.88,1.53
2007-02-27,30.5,0.04,45.47,1.9
2007-02-28,29.7,0.0,44.37,1.99
2007-03-01,29.31,0.0,45.7,0.87
2007-03-02,30.55,0.02,47.94,1.1
2007-03-03,31.23,0.0,42.91,2.29
2007-03-04,30.35,0.0,43.9,2.67
2007-03-05,29.45,0.0,42.06,1.73
2007-03-06,29.16,0.0,41.57,1.8
2007-03-07,29.03,0.0,39.92,1.52
2007-03-08,29.29,0.6,40.33,1.76
2007-03-09,29.52,0.0,41.68,2.3
2007-03-10,29.78,0.0,45.99,2.51
2007-03-11,29.38,0.0,44.83,2.2
2007-03-12,28.4,0.0,41.33,1.82
2007-03-13,29.45,0.0,50.08,1.93
2007-03-14,30.05,0.0,46.08,2.26
2007-03-15,29.96,0.0,45.05,1.84
2007-03-16,30.81,0.0,44.84,2.21
2007-03-17,31.3,0.0,45.54,2.47
2007-03-18,30.17,0.0,42.0,1.84
2007-03-19,30.43,0.0,30.54,1.5
2007-03-20,30.64,0.0,30.36,1.83
2007-03-21,30.78,0.0,34.57,1.47
2007-03-22,31.19,0.0,40.27,1.73
2007-03-23,30.53,0.0,36.32,2.12
2007-03-24,31.64,0.0,31.98,1.47
2007-03-25,31.96,0.0,35.04,1.5
2007-03-26,32.4,0.0,41.09,1.78
2007-03-27,32.39,0.0,37.89,2.18
2007-03-28,32.0,0.0,33.99,1.71
2007-03-29,31.29,0.0,31.74,1.92
2007-03-30,30.6,0.0,33.69,2.14
2007-03-31,30.51,0.0,41.48,1.99
2007-04-01,32.03,0.02,46.65,2.21
2007-04-02,32.95,0.0,41.22,1.16
2007-04-03,32.98,0.0,36.25,2.09
2007-04-04,31.99,0.0,36.75,2.32
2007-04-05,30.99,0.0,46.68,2.46
2007-04-06,30.58,0.02,49.65,2.57
2007-04-07,31.34,0.06,47.06,2.38
2007-04-08,32.08,0.13,45.1,1.77
2007-04-09,31.33,0.71,49.4,2.32
2007-04-10,31.0,0.2,51.16,2.24
2007-04-11,31.14,0.12,49.27,1.17
2007-04-12,30.6,5.7,54.83,0.63
2007-04-13,30.41,2.18,53.65,1.16
2007-04-14,31.55,2.48,51.13,1.43
2007-04-15,30.48,1.4,53.1,1.7
2007-04-16,31.27,0.21,45.68,1.41
2007-04-17,30.72,4.63,52.69,1.29
2007-04-18,30.61,2.37,60.25,1.21
2007-04-19,31.12,1.59,57.72,0.97
2007-04-20,31.51,0.42,54.89,1.14
2007-04-21,30.6,7.93,62.01,1.59
2007-04-22,30.31,0.58,62.9,0.72
2007-04-23,29.69,5.72,65.51,1.77
2007-04-24,28.93,1.51,66.52,2.09
2007-04-25,30.94,0.0,54.81,2.1
2007-04-26,31.78,0.1,51.48,0.93
2007-04-27,30.37,0.11,58.75,1.54
2007-04-28,32.22,0.03,50.74,1.11
2007-04-29,32.86,0.29,47.72,1.69
2007-04-30,32.62,0.19,47.42,1.33
2007-05-01,33.15,0.5,47.69,1.89
2007-05-02,30.89,8.66,61.34,3.12
2007-05-03,28.22,12.05,75.03,3.48
2007-05-04,29.51,1.08,67.58,1.89
2007-05-05,29.32,3.43,70.31,2.27
2007-05-06,28.67,2.29,73.61,2.4
2007-05-07,29.6,0.15,65.33,1.76
2007-05-08,29.36,0.57,65.45,2.18
2007-05-09,27.44,2.34,75.13,2.41
2007-05-10,28.62,0.13,68.05,4.47
2007-05-11,30.53,0.0,59.33,4.71
2007-05-12,27.9,0.0,62.98,3.94
2007-05-13,29.91,0.0,62.02,4.19
2007-05-14,31.25,0.25,56.63,4.92
2007-05-15,31.5,0.0,53.64,4.39
2007-05-16,31.79,0.0,49.33,3.87
2007-05-17,31.68,0.0,49.93,3.6
2007-05-18,31.63,0.0,50.47,3.76
2007-05-19,31.32,0.0,49.89,3.41
2007-05-20,31.71,0.0,50.39,3.92
2007-05-21,31.86,0.0,50.66,3.94
2007-05-22,30.96,1.71,56.84,2.73
2007-05-23,30.76,1.68,58.95,1.47
2007-05-24,28.12,5.51,71.65,2.26
2007-05-25,28.31,1.98,65.55,2.1
2007-05-26,28.31,2.83,70.57,2.58
2007-05-27,28.83,1.79,67.94,2.6
2007-05-28,28.07,0.68,66.51,4.01
2007-05-29,26.72,0.82,71.41,2.71
2007-05-30,27.9,0.53,67.15,3.58
2007-05-31,29.42,0.01,61.75,3.1
2007-06-01,30.18,0.0,59.09,3.59
2007-06-02,30.99,0.0,57.74,3.5
2007-06-03,29.51,0.54,59.06,3.17
2007-06-04,31.57,0.0,53.61,2.92
2007-06-05,30.83,1.89,57.29,1.77
2007-06-06,29.91,1.23,62.32,2.26
2007-06-07,27.87,1.37,69.08,2.97
2007-06-08,28.42,11.06,70.24,2.69
2007-06-09,27.59,0.72,72.71,3.24
2007-06-10,28.13,0.14,70.69,3.63
2007-06-11,28.81,1.43,68.5,3.85
2007-06-12,27.84,0.64,69.64,3.78
2007-06-13,28.29,0.48,70.05,3.71
2007-06-14,27.98,0.32,68.86,3.73
2007-06-15,27.45,2.37,72.71,3.92
2007-06-16,26.63,0.54,75.8,3.88
2007-06-17,27.9,1.11,68.68,3.84
2007-06-18,27.39,1.41,71.28,4.95
2007-06-19,26.77,1.22,72.77,4.3
2007-06-20,26.44,0.95,68.61,5.31
2007-06-21,26.69,2.12,66.18,4.97
2007-06-22,26.48,8.71,76.57,6.32
2007-06-23,26.95,3.84,73.6,5.39
2007-06-24,27.49,0.26,71.09,4.14
2007-06-25,27.44,0.01,68.3,4.16
2007-06-26,27.97,0.57,68.75,3.69
2007-06-27,27.3,0.03,65.75,4.49
2007-06-28,27.16,0.71,68.41,5.32
2007-06-29,27.33,3.18,65.07,5.62
2007-06-30,26.71,2.83,70.48,4.82
2007-07-01,26.81,2.97,74.11,4.41
2007-07-02,27.48,5.26,70.96,4.31
2007-07-03,26.62,1.86,73.73,4.34
2007-07-04,26.54,0.4,74.39,4.29
2007-07-05,26.7,0.77,70.22,4.58
2007-07-06,26.65,1.28,72.81,5.58
2007-07-07,27.0,0.41,71.34,4.68
2007-07-08,27.22,0.45,69.2,4.92
2007-07-09,27.39,2.15,70.34,4.65
2007-07-10,27.16,0.87,73.03,4.44
2007-07-11,27.65,0.74,71.94,4.36
2007-07-12,27.46,0.62,71.97,4.65
2007-07-13,27.74,0.63,70.75,4.87
2007-07-14,27.53,0.07,70.48,5.02
2007-07-15,27.54,1.3,69.87,5.31
2007-07-16,27.08,3.31,74.19,4.86
2007-07-17,26.16,5.53,76.22,4.72
2007-07-18,27.33,2.55,71.43,3.5
2007-07-19,26.08,5.14,79.8,2.02
2007-07-20,25.83,3.3,79.78,2.9
2007-07-21,25.7,2.07,77.99,3.17
2007-07-22,26.01,1.0,74.12,3.14
2007-07-23,26.07,5.37,71.95,2.59
2007-07-24,26.75,2.88,74.24,1.97
2007-07-25,26.18,0.37,76.05,2.75
2007-07-26,25.5,0.68,78.71,3.04
2007-07-27,26.31,0.63,76.09,3.27
2007-07-28,26.23,1.8,76.46,3.45
2007-07-29,27.32,0.96,69.37,3.56
2007-07-30,26.03,4.78,76.2,2.81
2007-07-31,25.94,15.02,75.47,3.52
2007-08-01,25.82,1.25,74.71,3.89
2007-08-02,25.37,2.16,76.04,4.11
2007-08-03,26.71,0.19,71.4,4.01
2007-08-04,26.78,1.05,71.21,4.36
2007-08-05,26.21,2.68,71.89,5.47
2007-08-06,25.76,1.24,73.53,5.55
2007-08-07,26.73,0.3,70.33,5.42
2007-08-08,26.53,5.35,73.68,4.59
2007-08-09,26.14,3.89,76.57,4.76
2007-08-10,25.85,1.91,74.68,4.67
2007-08-11,26.32,0.48,70.34,4.63
2007-08-12,26.47,0.06,69.48,4.21
2007-08-13,26.83,0.0,65.65,4.13
2007-08-14,27.01,0.0,67.26,3.57
2007-08-15,27.97,0.38,64.86,2.56
2007-08-16,27.37,5.92,73.7,2.02
2007-08-17,26.92,0.77,76.09,2.57
2007-08-18,27.51,1.56,70.52,3.1
2007-08-19,28.25,0.2,66.08,3.54
2007-08-20,27.97,2.9,66.34,3.53
2007-08-21,26.4,9.52,76.54,3.48
2007-08-22,25.71,2.27,75.1,2.89
2007-08-23,26.33,7.38,74.28,2.57
2007-08-24,25.9,10.95,79.7,2.33
2007-08-25,25.73,2.16,80.17,2.43
2007-08-26,26.54,3.67,74.37,3.37
2007-08-27,27.09,0.43,71.4,3.34
2007-08-28,26.91,1.44,74.21,3.51
2007-08-29,26.64,4.8,75.78,3.81
2007-08-30,25.45,1.43,78.3,3.75
2007-08-31,25.9,1.07,73.54,4.18
2007-09-01,26.52,0.44,70.78,4.22
2007-09-02,26.43,0.48,72.4,4.11
2007-09-03,26.0,0.08,73.03,3.52
2007-09-04,26.62,1.04,70.77,3.38
2007-09-05,26.46,1.89,73.23,4.08
2007-09-06,26.06,0.61,75.19,3.78
2007-09-07,26.98,0.15,72.72,3.16
2007-09-08,26.75,0.33,73.75,2.01
2007-09-09,27.76,7.87,71.12,1.71
2007-09-10,27.85,2.41,71.32,1.33
2007-09-11,28.01,3.07,71.67,0.94
2007-09-12,27.25,4.05,74.79,2.82
2007-09-13,26.35,6.51,80.15,1.92
2007-09-14,26.17,2.75,79.29,2.11
2007-09-15,26.37,2.67,76.29,3.27
2007-09-16,27.19,3.54,75.12,3.2
2007-09-17,26.08,3.05,79.06,3.62
2007-09-18,25.22,1.42,74.13,4.86
2007-09-19,26.02,0.89,71.76,4.59
2007-09-20,26.54,0.33,73.47,4.23
2007-09-21,27.01,0.51,72.11,4.21
2007-09-22,26.98,0.94,73.1,4.22
2007-09-23,26.24,0.96,76.03,4.24
2007-09-24,26.1,1.88,75.51,4.74
2007-09-25,26.19,1.8,76.76,4.76
2007-09-26,26.73,0.17,71.85,3.14
2007-09-27,26.75,1.53,75.55,2.74
2007-09-28,26.72,0.6,72.71,3.24
2007-09-29,27.32,0.53,69.68,3.74
2007-09-30,26.87,0.62,72.68,3.38
2007-10-01,26.41,0.48,74.25,3.86
2007-10-02,25.91,0.28,73.33,3.43
2007-10-03,27.54,0.06,67.51,3.6
2007-10-04,27.31,0.32,68.63,3.89
2007-10-05,27.06,0.03,66.24,3.66
2007-10-06,26.36,0.14,67.97,3.89
2007-10-07,26.08,0.19,68.85,3.82
2007-10-08,26.85,0.07,64.35,3.37
2007-10-09,28.15,0.0,60.74,1.52
2007-10-10,29.43,0.08,57.52,0.85
2007-10-11,27.77,2.17,63.26,1.53
2007-10-12,27.62,0.36,69.2,0.91
2007-10-13,27.74,4.12,70.26,0.67
2007-10-14,26.69,1.71,72.06,1.18
2007-10-15,27.2,7.51,71.86,1.13
2007-10-16,27.16,0.99,71.8,1.32
2007-10-17,26.38,8.24,75.43,1.77
2007-10-18,25.16,6.16,82.37,1.27
2007-10-19,24.63,14.56,85.99,1.6
2007-10-20,24.53,11.46,87.55,1.3
2007-10-21,25.28,11.73,83.35,0.84
2007-10-22,25.01,22.13,84.14,0.97
2007-10-23,23.58,28.09,88.88,1.75
2007-10-24,23.26,13.16,91.86,3.07
2007-10-25,24.36,6.47,89.91,2.04
2007-10-26,24.14,13.61,87.27,1.32
2007-10-27,24.33,4.29,82.58,0.53
2007-10-28,24.28,8.77,85.71,1.31
2007-10-29,24.4,7.89,85.4,1.56
2007-10-30,24.98,4.22,82.93,2.4
2007-10-31,25.21,1.05,82.8,1.82
2007-11-01,24.54,2.03,81.03,1.43
2007-11-02,25.21,5.11,81.48,1.1
2007-11-03,25.04,6.77,85.76,1.63
2007-11-04,24.14,2.37,90.34,1.26
2007-11-05,24.41,0.15,82.8,0.94
2007-11-06,25.3,13.21,79.03,0.82
2007-11-07,25.73,2.38,81.71,0.73
2007-11-08,24.76,0.63,79.63,1.19
2007-11-09,24.3,0.21,80.07,0.83
2007-11-10,23.98,1.45,78.51,1.42
2007-11-11,23.79,0.23,75.33,1.54
2007-11-12,23.86,0.02,77.27,1.7
2007-11-13,23.67,0.23,74.87,1.44
2007-11-14,22.26,0.03,67.95,1.43
2007-11-15,22.14,0.0,59.84,1.15
2007-11-16,22.15,0.0,57.05,1.12
2007-11-17,21.22,0.0,67.62,1.32
2007-11-18,22.0,0.01,69.36,1.26
2007-11-19,24.22,1.35,82.58,1.7
2007-11-20,24.48,11.56,87.79,1.87
2007-11-21,24.48,3.34,82.86,2.16
2007-11-22,24.77,0.06,80.5,2.0
2007-11-23,24.32,0.0,75.41,1.4
2007-11-24,22.69,0.19,70.41,1.44
2007-11-25,21.19,0.01,62.26,1.46
2007-11-26,22.47,0.0,70.7,1.52
2007-11-27,24.8,0.03,74.1,1.47
2007-11-28,25.27,0.13,75.66,1.83
2007-11-29,24.33,2.78,80.18,1.97
2007-11-30,23.56,0.41,73.91,2.7
2007-12-01,23.41,0.0,74.1,2.31
2007-12-02,23.53,0.11,75.18,2.29
2007-12-03,23.98,0.24,78.9,2.47
2007-12-04,23.82,0.12,74.43,2.81
2007-12-05,23.61,0.52,77.08,3.09
2007-12-06,23.38,1.42,81.03,2.92
2007-12-07,24.14,0.32,75.94,2.69
2007-12-08,24.3,0.18,74.84,2.32
2007-12-09,24.64,0.01,73.9,2.07
2007-12-10,24.29,0.0,73.71,1.81
2007-12-11,23.64,0.0,70.44,1.88
2007-12-12,23.64,0.07,72.06,1.68
2007-12-13,22.48,4.09,80.67,1.54
2007-12-14,22.12,7.79,89.28,2.11
2007-12-15,23.81,0.38,79.34,2.44
2007-12-16,24.11,0.01,74.63,2.94
2007-12-17,23.32,4.48,79.01,2.53
2007-12-18,22.22,29.13,88.75,3.89
2007-12-19,22.98,56.83,95.28,3.59
2007-12-20,22.86,12.31,92.54,2.7
2007-12-21,23.17,2.0,89.6,1.74
2007-12-22,23.16,0.0,84.23,1.67
2007-12-23,22.33,0.0,81.05,1.35
2007-12-24,21.17,0.0,70.93,1.0
2007-12-25,21.36,0.0,61.14,1.12
2007-12-26,21.25,0.0,68.0,1.22
2007-12-27,22.32,0.0,77.69,1.14
2007-12-28,22.91,0.0,75.95,0.92
2007-12-29,23.18,0.0,75.33,1.19
2007-12-30,23.02,0.0,78.94,1.32
2007-12-31,22.57,0.0,79.77,1.42
2008-01-01,21.83,0.0,78.23,1.89
2008-01-02,21.35,0.0,76.71,1.81
2008-01-03,21.72,0.11,75.88,1.64
2008-01-04,22.24,2.09,87.12,2.29
2008-01-05,23.83,1.88,83.35,2.7
2008-01-06,21.86,0.03,78.05,2.05
2008-01-07,21.18,0.0,77.52,2.24
2008-01-08,21.59,0.0,77.11,2.2
2008-01-09,21.88,0.0,72.97,1.6
2008-01-10,22.36,0.0,72.24,1.44
2008-01-11,22.41,0.0,74.94,1.86
2008-01-12,22.18,0.0,76.3,1.97
2008-01-13,22.21,0.0,74.23,2.06
2008-01-14,21.92,0.0,72.37,1.65
2008-01-15,21.57,0.0,72.26,1.63
2008-01-16,21.6,0.0,72.09,1.92
2008-01-17,21.66,0.0,70.31,2.04
2008-01-18,21.3,0.0,69.57,1.37
2008-01-19,21.06,0.0,70.94,1.18
2008-01-20,21.52,0.0,69.67,1.14
2008-01-21,23.32,0.0,72.15,1.59
2008-01-22,24.42,0.0,73.06,1.84
2008-01-23,23.59,0.0,71.61,1.55
2008-01-24,23.41,0.0,68.33,1.35
2008-01-25,23.97,0.0,62.06,0.86
2008-01-26,25.3,0.0,63.56,0.93
2008-01-27,25.87,0.0,62.15,0.77
2008-01-28,25.69,0.0,66.28,1.34
2008-01-29,25.82,0.0,68.42,0.93
2008-01-30,26.85,0.0,61.17,0.88
2008-01-31,27.15,0.0,60.41,0.97
2008-02-01,26.65,0.0,61.95,1.49
2008-02-02,26.53,0.0,65.5,1.12
2008-02-03,26.13,0.01,67.56,1.98
2008-02-04,26.42,0.01,68.03,1.95
2008-02-05,26.36,0.0,65.83,2.25
2008-02-06,26.09,0.0,62.6,1.56
2008-02-07,26.82,0.0,67.19,1.8
2008-02-08,26.5,7.39,75.3,1.55
2008-02-09,25.24,8.8,84.79,1.46
2008-02-10,26.38,1.94,78.14,0.92
2008-02-11,26.46,2.2,74.05,1.69
2008-02-12,26.66,1.66,73.12,2.38
2008-02-13,26.84,0.05,67.86,2.16
2008-02-14,26.59,0.02,66.15,2.31
2008-02-15,26.64,0.02,65.07,2.56
2008-02-16,26.86,0.0,66.19,2.33
2008-02-17,26.66,0.0,64.0,2.24
2008-02-18,25.23,0.0,55.63,1.81
2008-02-19,24.38,0.0,56.17,1.28
2008-02-20,25.32,0.0,55.74,1.63
2008-02-21,25.74,0.0,58.53,1.63
2008-02-22,26.06,0.0,59.83,1.95
2008-02-23,25.86,0.0,59.31,1.54
2008-02-24,25.07,0.0,59.23,2.08
2008-02-25,25.31,0.0,50.75,1.61
2008-02-26,25.23,0.0,53.94,2.06
2008-02-27,25.63,0.0,55.0,2.38
2008-02-28,24.95,0.03,53.16,2.52
2008-02-29,25.12,0.02,50.14,1.48
2008-03-01,26.16,1.42,67.84,1.66
2008-03-02,27.72,0.79,61.78,2.51
2008-03-03,26.16,0.79,49.49,1.94
2008-03-04,24.54,0.07,39.17,1.55
2008-03-05,25.36,0.0,40.37,1.75
2008-03-06,25.65,0.0,51.43,2.22
2008-03-07,25.33,0.02,45.83,2.29
2008-03-08,25.4,0.0,38.14,2.41
2008-03-09,26.65,0.0,36.75,2.09
2008-03-10,27.1,0.57,40.94,2.16
2008-03-11,26.13,0.4,56.68,1.72
2008-03-12,25.41,6.5,72.44,2.4
2008-03-13,25.49,11.28,80.88,2.21
2008-03-14,25.4,5.66,82.35,2.02
2008-03-15,25.65,8.86,78.7,1.85
2008-03-16,26.73,3.84,69.01,2.2
2008-03-17,25.61,0.23,71.49,1.87
2008-03-18,26.21,3.21,74.0,1.98
2008-03-19,25.95,3.75,78.15,2.29
2008-03-20,24.44,21.69,86.02,2.47
2008-03-21,23.89,13.99,88.46,2.83
2008-03-22,25.26,17.86,87.18,2.77
2008-03-23,26.64,2.53,79.56,1.38
2008-03-24,27.09,0.12,71.86,2.45
2008-03-25,26.77,0.13,66.19,2.05
2008-03-26,27.87,1.04,65.14,1.09
2008-03-27,28.8,0.03,63.03,1.15
2008-03-28,29.08,1.95,63.91,1.17
2008-03-29,28.31,0.12,68.02,0.98
2008-03-30,28.2,11.12,71.49,0.75
2008-03-31,27.17,4.52,77.24,1.18
2008-04-01,28.02,0.46,70.11,1.37
2008-04-02,27.68,8.9,72.78,1.61
2008-04-03,27.93,0.75,69.69,1.26
2008-04-04,28.8,0.21,62.96,0.85
2008-04-05,28.17,0.07,65.75,1.88
2008-04-06,28.02,0.04,63.84,2.29
2008-04-07,27.72,0.6,65.05,2.21
2008-04-08,26.83,3.37,70.32,1.97
2008-04-09,26.91,0.87,68.87,1.9
2008-04-10,28.0,0.12,62.5,2.17
2008-04-11,28.24,0.0,59.2,1.75
2008-04-12,28.59,0.29,59.52,2.42
2008-04-13,27.75,0.11,66.79,1.78
2008-04-14,29.2,0.22,59.09,1.65
2008-04-15,29.56,0.07,59.79,1.22
2008-04-16,29.75,0.04,57.81,1.26
2008-04-17,29.1,0.02,59.62,1.61
2008-04-18,29.75,0.27,55.7,1.53
2008-04-19,30.37,0.04,54.54,2.0
2008-04-20,30.2,0.0,54.9,1.32
2008-04-21,30.52,0.0,54.2,1.91
2008-04-22,31.19,0.2,54.23,2.24
2008-04-23,30.79,0.01,53.84,1.9
2008-04-24,29.15,0.44,55.76,1.47
2008-04-25,29.0,0.12,53.61,1.57
2008-04-26,29.44,0.63,58.12,1.63
2008-04-27,30.53,1.46,59.03,2.1
2008-04-28,29.56,0.19,64.53,3.98
2008-04-29,29.33,0.77,65.14,3.91
2008-04-30,29.44,0.57,64.4,3.37
2008-05-01,30.26,0.09,61.06,3.5
2008-05-02,30.84,0.03,53.54,4.17
2008-05-03,31.19,0.37,54.94,4.12
2008-05-04,30.44,0.1,60.27,3.87
2008-05-05,30.59,0.15,56.53,4.77
2008-05-06,30.49,0.0,54.18,4.2
2008-05-07,29.63,15.44,63.18,2.88
2008-05-08,28.63,2.42,67.44,2.76
2008-05-09,28.58,0.23,63.78,3.26
2008-05-10,29.69,0.88,62.46,3.69
2008-05-11,28.43,7.8,68.83,2.89
2008-05-12,26.95,2.01,76.69,2.61
2008-05-13,29.24,0.07,62.28,3.34
2008-05-14,29.76,0.5,59.02,4.26
2008-05-15,29.24,0.11,60.67,4.28
2008-05-16,29.96,0.01,57.71,3.83
2008-05-17,30.72,0.0,57.53,4.33
2008-05-18,30.59,0.0,58.1,4.2
2008-05-19,30.2,0.27,59.22,3.63
2008-05-20,30.36,0.43,59.48,3.57
2008-05-21,29.3,0.96,63.78,3.56
2008-05-22,29.32,1.1,64.06,3.24
2008-05-23,29.11,0.57,62.22,2.97
2008-05-24,29.08,0.5,62.96,2.41
2008-05-25,28.8,3.4,63.79,3.49
2008-05-26,28.09,0.47,69.09,3.09
2008-05-27,28.87,0.05,63.35,2.85
2008-05-28,29.27,1.45,63.57,2.53
2008-05-29,28.84,0.6,64.51,3.72
2008-05-30,28.48,4.83,66.07,3.83
2008-05-31,26.23,2.98,79.57,2.23
2008-06-01,27.97,2.81,69.08,3.09
2008-06-02,28.79,0.53,64.33,3.1
2008-06-03,28.7,0.37,63.24,3.34
2008-06-04,28.76,0.19,61.54,4.26
2008-06-05,28.03,0.24,64.96,4.32
2008-06-06,27.49,0.63,69.91,4.45
2008-06-07,26.39,2.18,71.98,3.0
2008-06-08,26.44,1.78,74.47,3.81
2008-06-09,26.19,0.83,74.12,3.55
2008-06-10,27.0,0.06,65.45,3.73
2008-06-11,28.13,0.92,66.25,4.33
2008-06-12,27.48,0.12,68.71,4.15
2008-06-13,27.41,0.26,64.0,4.14
2008-06-14,28.34,0.04,63.57,4.84
2008-06-15,28.27,0.01,63.54,5.12
2008-06-16,27.51,0.24,68.06,4.53
2008-06-17,28.09,0.15,65.09,4.56
2008-06-18,28.21,0.57,65.21,4.2
2008-06-19,28.88,0.12,64.6,4.01
2008-06-20,28.74,0.46,65.86,3.7
2008-06-21,28.77,1.03,63.74,4.29
2008-06-22,28.81,2.24,59.87,3.9
2008-06-23,27.74,0.09,63.84,4.2
2008-06-24,28.59,0.02,61.41,4.74
2008-06-25,27.9,0.09,65.05,4.56
2008-06-26,28.06,0.06,64.38,4.79
2008-06-27,28.74,0.53,65.17,4.72
2008-06-28,28.29,2.86,66.81,4.32
2008-06-29,27.99,0.68,65.66,4.47
2008-06-30,27.92,0.75,65.48,4.58
2008-07-01,26.98,1.59,66.07,4.01
2008-07-02,27.97,0.87,62.16,3.7
2008-07-03,28.61,0.07,58.54,3.53
2008-07-04,29.33,0.01,58.97,3.0
2008-07-05,29.21,0.01,61.99,3.87
2008-07-06,28.85,0.24,63.51,4.34
2008-07-07,28.46,0.36,60.79,5.75
2008-07-08,28.02,0.06,57.73,5.37
2008-07-09,27.93,0.5,60.77,5.17
2008-07-10,27.73,0.48,60.79,4.91
2008-07-11,28.1,0.26,60.52,4.91
2008-07-12,28.76,0.05,59.86,4.48
2008-07-13,29.15,0.0,59.06,2.83
2008-07-14,28.87,1.72,62.46,2.16
2008-07-15,28.32,3.93,69.78,2.01
2008-07-16,27.41,0.25,68.08,3.83
2008-07-17,28.12,0.97,66.58,3.41
2008-07-18,27.42,12.48,71.81,3.78
2008-07-19,26.08,4.06,72.91,3.82
2008-07-20,26.34,34.75,76.55,2.53
2008-07-21,25.44,10.3,82.93,2.45
2008-07-22,25.92,0.37,76.75,1.57
2008-07-23,26.5,0.34,75.82,3.12
2008-07-24,26.26,1.03,74.83,3.7
2008-07-25,25.9,0.91,73.71,4.51
2008-07-26,26.46,1.47,71.92,5.01
2008-07-27,26.03,7.52,73.6,5.63
2008-07-28,25.72,1.05,74.48,5.74
2008-07-29,25.98,1.23,73.8,5.21
2008-07-30,25.78,0.96,72.56,5.51
2008-07-31,25.92,0.63,72.42,5.01
2008-08-01,27.08,0.14,68.65,4.33
2008-08-02,26.76,0.01,71.84,3.56
2008-08-03,26.77,0.58,73.81,3.11
2008-08-04,27.32,0.04,70.45,3.2
2008-08-05,27.79,0.14,67.36,4.05
2008-08-06,27.91,0.02,66.8,4.21
2008-08-07,27.81,0.02,65.59,4.65
2008-08-08,26.79,0.38,69.12,5.41
2008-08-09,26.1,0.39,67.33,5.5
2008-08-10,25.85,0.45,69.75,5.84
2008-08-11,25.6,1.08,71.3,5.4
2008-08-12,26.01,2.33,73.53,4.4
2008-08-13,25.04,0.59,74.68,4.13
2008-08-14,26.35,2.85,74.07,3.7
2008-08-15,26.57,1.32,70.8,3.97
2008-08-16,26.52,2.21,69.5,3.82
2008-08-17,26.63,5.71,73.07,2.8
2008-08-18,26.46,3.9,72.74,2.56
2008-08-19,26.34,0.95,75.26,2.44
2008-08-20,28.49,0.43,64.62,2.88
2008-08-21,26.82,1.35,69.32,4.14
2008-08-22,27.85,0.1,63.31,3.59
2008-08-23,27.65,7.86,66.88,3.64
2008-08-24,27.31,1.26,69.39,2.07
2008-08-25,27.04,2.69,73.38,1.56
2008-08-26,26.37,41.36,77.8,2.03
2008-08-27,26.22,9.36,80.82,1.14
2008-08-28,26.41,1.71,78.97,0.81
2008-08-29,27.47,10.28,75.7,1.2
2008-08-30,26.38,4.59,79.64,1.08
2008-08-31,26.41,3.76,78.66,1.27
2008-09-01,26.55,4.72,78.72,2.2
2008-09-02,27.2,0.6,73.87,1.92
2008-09-03,26.79,2.54,76.62,1.27
2008-09-04,27.01,0.4,77.43,1.08
2008-09-05,26.89,0.5,76.5,1.57
2008-09-06,26.49,5.74,78.79,2.2
2008-09-07,25.22,1.55,80.74,3.3
2008-09-08,24.78,5.27,80.39,3.08
2008-09-09,25.8,0.67,75.25,4.58
2008-09-10,25.99,0.94,75.06,4.76
2008-09-11,26.07,0.71,70.39,5.37
2008-09-12,25.84,0.24,70.73,4.63
2008-09-13,25.95,0.05,76.28,3.72
2008-09-14,26.8,0.86,73.55,3.6
2008-09-15,26.88,0.27,70.4,3.7
2008-09-16,26.18,0.03,73.25,3.93
2008-09-17,26.47,0.0,72.42,3.65
2008-09-18,26.96,0.0,68.88,3.46
2008-09-19,27.08,1.87,69.22,3.68
2008-09-20,26.62,1.43,74.22,3.0
2008-09-21,27.24,0.04,70.67,2.49
2008-09-22,27.18,0.0,70.3,3.16
2008-09-23,27.54,0.0,67.66,2.98
2008-09-24,26.75,0.03,71.22,3.02
2008-09-25,27.2,0.0,68.12,2.87
2008-09-26,27.51,0.0,66.41,2.96
2008-09-27,27.09,2.01,67.49,2.62
2008-09-28,27.12,0.99,63.18,2.87
2008-09-29,27.42,0.0,62.37,2.36
2008-09-30,28.29,0.0,61.97,2.17
2008-10-01,28.28,0.0,62.9,2.94
2008-10-02,27.83,0.6,60.64,2.71
2008-10-03,27.96,1.5,62.13,2.03
2008-10-04,28.27,0.21,64.98,1.41
2008-10-05,27.92,0.28,66.7,2.1
2008-10-06,28.42,2.96,67.92,1.29
2008-10-07,27.82,2.66,72.15,1.62
2008-10-08,28.58,0.83,67.77,1.39
2008-10-09,29.27,0.09,65.81,1.22
2008-10-10,28.16,0.12,66.68,1.53
2008-10-11,27.53,6.02,70.54,2.15
2008-10-12,25.69,7.56,79.13,1.86
2008-10-13,25.4,4.28,82.4,1.95
2008-10-14,24.93,12.59,88.08,2.12
2008-10-15,25.45,6.77,84.56,2.13
2008-10-16,25.98,3.78,80.05,1.76
2008-10-17,26.63,1.84,76.84,2.26
2008-10-18,26.48,4.0,78.06,2.12
2008-10-19,25.89,6.78,81.07,1.56
2008-10-20,25.88,29.44,82.9,1.4
2008-10-21,25.14,19.18,88.96,1.2
2008-10-22,25.09,18.08,89.61,1.72
2008-10-23,24.94,14.47,85.44,1.57
2008-10-24,25.28,10.13,83.36,2.47
2008-10-25,25.34,9.81,84.52,2.01
2008-10-26,25.14,0.54,81.72,2.91
2008-10-27,25.47,0.08,70.43,1.84
2008-10-28,24.87,0.0,66.12,1.32
2008-10-29,24.32,0.0,63.87,0.82
2008-10-30,24.48,0.01,63.56,1.12
2008-10-31,24.57,0.0,60.96,1.06
2008-11-01,24.06,0.0,60.55,0.99
2008-11-02,23.27,0.0,58.64,1.26
2008-11-03,24.54,0.0,52.54,1.01
2008-11-04,24.43,0.0,57.34,0.9
2008-11-05,24.06,0.0,62.57,0.93
2008-11-06,23.69,0.0,66.95,1.15
2008-11-07,24.24,0.0,67.11,1.28
2008-11-08,25.21,0.1,71.99,1.36
2008-11-09,25.36,0.45,70.2,1.36
2008-11-10,25.54,0.17,73.71,1.69
2008-11-11,24.94,0.36,68.68,1.59
2008-11-12,24.2,0.07,62.78,1.47
2008-11-13,25.25,0.01,66.88,1.08
2008-11-14,26.53,0.0,67.19,1.22
2008-11-15,26.17,0.29,62.79,1.4
2008-11-16,25.96,0.15,69.18,1.91
2008-11-17,26.46,0.44,72.25,1.59
2008-11-18,26.76,0.69,73.55,1.77
2008-11-19,25.51,3.84,83.59,1.67
2008-11-20,24.63,5.76,88.46,1.75
2008-11-21,25.15,1.13,80.55,1.61
2008-11-22,23.61,9.84,87.64,2.32
2008-11-23,23.44,14.25,88.01,2.05
2008-11-24,23.5,22.78,87.76,1.98
2008-11-25,23.34,15.8,85.81,1.74
2008-11-26,22.73,21.23,89.41,2.71
2008-11-27,22.8,39.5,89.9,2.57
2008-11-28,23.97,13.02,92.69,1.82
2008-11-29,24.86,1.51,89.01,2.08
2008-11-30,24.08,0.73,90.49,2.07
2008-12-01,24.52,0.29,87.1,1.53
2008-12-02,23.88,0.03,85.95,1.59
2008-12-03,22.57,0.0,83.15,1.33
2008-12-04,21.26,0.0,81.25,1.3
2008-12-05,20.85,0.0,84.19,1.19
2008-12-06,22.02,0.08,83.53,1.45
2008-12-07,23.15,0.01,83.16,1.69
2008-12-08,23.31,3.23,89.05,2.28
2008-12-09,23.17,2.67,91.93,2.38
2008-12-10,23.22,2.93,91.01,1.81
2008-12-11,22.98,0.05,85.3,1.43
2008-12-12,22.15,0.0,81.42,1.3
2008-12-13,23.33,0.65,84.2,1.98
2008-12-14,22.76,2.27,86.56,2.13
2008-12-15,22.74,3.64,87.37,2.23
2008-12-16,22.68,0.22,87.73,1.94
2008-12-17,22.7,0.0,83.6,2.36
2008-12-18,22.27,0.04,82.74,2.35
2008-12-19,22.79,0.0,80.57,2.27
2008-12-20,22.31,0.0,79.88,1.64
2008-12-21,22.15,0.0,78.85,1.45
2008-12-22,21.06,0.0,74.2,1.43
2008-12-23,21.25,0.0,77.81,1.75
2008-12-24,22.68,0.05,82.22,1.85
2008-12-25,22.7,0.01,80.39,2.04
2008-12-26,22.02,0.0,75.62,1.37
2008-12-27,21.41,0.0,73.14,1.46
2008-12-28,20.67,0.0,66.71,1.23
2008-12-29,19.99,0.0,65.66,1.41
2008-12-30,19.9,0.0,74.37,1.55
2008-12-31,19.96,0.0,73.99,1.43
2009-01-01,21.09,0.0,74.0,1.39
2009-01-02,21.52,0.0,74.24,1.53
2009-01-03,21.57,0.0,73.94,1.74
2009-01-04,21.47,0.0,71.68,1.67
2009-01-05,21.5,0.0,71.84,1.46
2009-01-06,21.42,0.01,70.92,1.23
2009-01-07,22.48,0.37,76.62,1.58
2009-01-08,24.04,0.17,76.45,2.33
2009-01-09,23.11,0.0,76.9,1.94
2009-01-10,23.46,0.0,73.24,2.43
2009-01-11,23.39,0.0,74.02,2.29
2009-01-12,22.8,0.0,71.74,2.43
2009-01-13,22.45,0.01,68.42,2.83
2009-01-14,22.83,0.05,67.76,3.04
2009-01-15,22.42,1.65,73.45,3.04
2009-01-16,22.63,0.25,71.49,2.35
2009-01-17,22.81,0.0,68.28,2.45
2009-01-18,22.47,0.0,69.55,2.08
2009-01-19,22.31,0.0,68.25,2.08
2009-01-20,21.84,0.0,67.95,2.0
2009-01-21,21.95,0.0,67.15,1.73
2009-01-22,21.99,0.0,70.17,1.46
2009-01-23,22.5,0.0,68.84,1.46
2009-01-24,22.78,0.0,70.89,1.65
2009-01-25,23.3,0.0,67.01,1.5
2009-01-26,23.92,1.49,74.84,1.51
2009-01-27,25.4,0.27,75.75,1.63
2009-01-28,26.33,0.03,72.66,1.92
2009-01-29,25.95,0.0,67.72,1.83
2009-01-30,23.96,0.0,60.16,1.47
2009-01-31,23.3,0.0,60.13,1.52
2009-02-01,23.49,0.0,61.24,1.43
2009-02-02,23.52,0.0,62.93,1.51
2009-02-03,24.22,0.0,62.3,1.81
2009-02-04,24.55,0.0,64.68,1.62
2009-02-05,24.46,0.0,59.55,1.83
2009-02-06,23.78,0.0,59.76,1.76
2009-02-07,24.21,0.0,63.36,2.12
2009-02-08,24.34,0.0,64.2,1.99
2009-02-09,24.18,0.0,62.02,2.27
2009-02-10,23.59,0.0,58.6,1.69
2009-02-11,24.08,0.0,56.2,1.23
2009-02-12,24.85,0.0,52.13,1.15
2009-02-13,25.99,0.0,50.12,1.16
2009-02-14,25.13,0.0,50.01,1.46
2009-02-15,25.09,0.0,48.35,1.73
2009-02-16,24.58,0.0,49.34,1.7
2009-02-17,24.72,0.0,57.1,2.02
2009-02-18,24.8,0.0,57.56,1.93
2009-02-19,25.49,0.0,54.51,2.24
2009-02-20,25.81,0.0,60.43,2.14
2009-02-21,27.62,0.0,59.79,2.22
2009-02-22,28.5,0.0,55.91,2.52
2009-02-23,28.62,0.0,55.45,1.96
2009-02-24,29.21,0.0,46.52,1.39
2009-02-25,30.11,0.0,43.18,1.53
2009-02-26,30.55,0.0,40.42,1.98
2009-02-27,29.19,0.0,36.24,1.91
2009-02-28,28.16,0.0,30.82,1.71
2009-03-01,29.4,0.0,27.44,1.92
2009-03-02,29.64,0.0,34.5,1.58
2009-03-03,29.41,0.0,34.35,1.55
2009-03-04,29.31,0.0,29.54,1.41
2009-03-05,29.4,0.0,38.93,1.55
2009-03-06,29.43,0.0,37.44,1.82
2009-03-07,29.84,0.0,33.04,2.13
2009-03-08,29.14,0.0,31.79,2.01
2009-03-09,27.6,2.46,47.49,2.75
2009-03-10,26.44,3.56,55.1,2.69
2009-03-11,26.86,1.48,68.69,2.94
2009-03-12,27.51,2.16,68.24,1.15
2009-03-13,27.05,0.44,57.67,1.55
2009-03-14,28.21,1.01,56.94,1.74
2009-03-15,27.0,1.52,59.49,1.06
2009-03-16,28.05,0.2,52.28,1.48
2009-03-17,27.97,0.0,46.8,1.63
2009-03-18,28.47,0.0,39.4,1.56
2009-03-19,28.88,0.0,37.01,1.58
2009-03-20,29.26,0.0,36.34,1.55
2009-03-21,30.25,0.0,40.54,1.34
2009-03-22,31.15,0.68,38.89,1.87
2009-03-23,30.16,0.41,43.35,2.19
2009-03-24,29.87,0.69,43.76,1.86
2009-03-25,29.93,0.0,42.9,1.81
2009-03-26,31.12,0.0,40.24,1.07
2009-03-27,31.47,0.31,44.02,1.29
2009-03-28,32.22,0.04,42.03,1.94
2009-03-29,31.22,0.0,42.74,2.3
2009-03-30,30.82,0.0,38.24,2.24
2009-03-31,30.72,0.0,36.26,2.24
2009-04-01,31.16,0.0,32.26,1.89
2009-04-02,31.14,0.0,36.44,2.31
2009-04-03,30.61,0.0,36.86,2.13
2009-04-04,31.24,0.0,36.44,2.13
2009-04-05,31.22,0.01,41.22,1.59
2009-04-06,32.64,0.08,39.67,1.85
2009-04-07,32.9,1.21,42.18,1.94
2009-04-08,31.12,0.12,44.41,1.2
2009-04-09,31.3,0.45,47.5,2.67
2009-04-10,29.71,6.13,55.76,2.32
2009-04-11,27.61,3.33,60.66,1.52
2009-04-12,29.66,0.61,55.43,1.45
2009-04-13,30.3,1.75,57.14,3.02
2009-04-14,30.9,0.31,54.05,2.97
2009-04-15,31.63,0.02,54.43,3.35
2009-04-16,30.47,0.0,56.18,3.05
2009-04-17,31.57,0.0,55.21,2.91
2009-04-18,32.36,0.01,50.83,1.85
2009-04-19,31.96,1.14,55.43,2.23
2009-04-20,29.54,1.97,65.8,2.62
2009-04-21,30.05,0.21,59.35,2.53
2009-04-22,29.75,1.26,61.79,2.87
2009-04-23,31.23,0.09,54.8,1.81
2009-04-24,32.31,0.2,49.0,1.9
2009-04-25,32.75,0.11,47.68,2.19
2009-04-26,33.03,0.0,44.13,1.78
2009-04-27,32.84,0.0,41.91,1.41
2009-04-28,33.39,0.0,40.37,1.67
2009-04-29,32.82,0.0,44.43,1.56
2009-04-30,30.81,0.83,58.58,3.48
2009-05-01,31.08,0.06,57.11,3.5
2009-05-02,32.11,0.0,54.88,3.25
2009-05-03,33.0,0.0,51.1,2.76
2009-05-04,30.25,3.56,59.69,3.65
2009-05-05,30.9,0.23,55.84,2.71
2009-05-06,31.17,0.0,53.88,3.19
2009-05-07,30.89,0.09,54.96,2.5
2009-05-08,30.11,10.58,64.47,2.84
2009-05-09,27.12,1.5,76.94,2.34
2009-05-10,29.72,0.03,64.11,2.85
2009-05-11,31.56,0.0,56.35,3.32
2009-05-12,31.14,1.18,60.23,3.62
2009-05-13,29.91,0.21,64.17,3.79
2009-05-14,31.63,0.0,54.28,3.97
2009-05-15,28.99,3.45,65.69,2.87
2009-05-16,27.43,2.94,73.95,2.9
2009-05-17,29.13,0.9,66.74,2.5
2009-05-18,28.88,4.57,67.98,2.97
2009-05-19,27.51,5.31,73.63,2.46
2009-05-20,27.88,2.05,66.45,4.43
2009-05-21,27.13,2.49,73.87,2.42
2009-05-22,28.49,0.33,67.88,4.35
2009-05-23,29.32,0.95,64.64,4.19
2009-05-24,27.86,2.41,70.37,4.01
2009-05-25,27.19,1.24,72.16,3.45
2009-05-26,28.32,0.84,66.87,3.33
2009-05-27,28.78,0.3,62.64,3.81
2009-05-28,29.52,0.24,62.95,3.26
2009-05-29,29.58,0.48,64.49,3.43
2009-05-30,28.31,7.63,71.94,3.32
2009-05-31,27.38,4.5,74.17,2.97
2009-06-01,28.36,0.16,66.27,3.76
2009-06-02,29.24,0.06,62.57,4.51
2009-06-03,29.53,0.03,61.53,4.73
2009-06-04,29.56,0.2,61.13,5.2
2009-06-05,28.95,1.41,65.85,6.12
2009-06-06,26.68,4.33,69.8,6.45
2009-06-07,26.65,1.02,66.5,5.69
2009-06-08,27.78,0.49,66.39,4.86
2009-06-09,29.03,0.04,61.77,4.13
2009-06-10,28.85,3.27,68.07,3.96
2009-06-11,28.25,1.81,68.37,3.24
2009-06-12,28.13,0.68,67.13,3.66
2009-06-13,27.65,0.35,65.43,4.32
2009-06-14,27.78,0.04,65.9,4.26
2009-06-15,27.38,0.66,66.87,4.16
2009-06-16,28.24,0.2,64.5,4.86
2009-06-17,27.56,0.37,68.22,4.74
2009-06-18,27.3,4.6,73.8,2.9
2009-06-19,26.38,1.11,77.55,2.55
2009-06-20,26.55,0.65,72.31,3.6
2009-06-21,27.28,0.24,68.26,3.82
2009-06-22,26.95,0.3,71.53,3.97
2009-06-23,27.48,0.09,66.3,4.75
2009-06-24,27.18,0.32,65.17,5.15
2009-06-25,27.19,0.84,63.76,5.18
2009-06-26,25.75,0.44,67.2,4.95
2009-06-27,26.9,0.15,60.26,4.61
2009-06-28,28.32,0.19,58.24,4.77
2009-06-29,28.33,1.69,64.8,4.65
2009-06-30,28.09,3.41,65.16,5.26
2009-07-01,26.03,1.21,72.67,5.22
2009-07-02,26.31,2.3,71.82,5.35
2009-07-03,26.39,1.1,70.67,5.06
2009-07-04,26.5,1.59,72.46,5.24
2009-07-05,26.28,3.13,71.62,5.11
2009-07-06,26.75,0.84,68.62,5.52
2009-07-07,26.19,0.51,70.1,4.87
2009-07-08,26.59,2.85,69.53,4.85
2009-07-09,26.17,2.02,69.7,4.67
2009-07-10,26.72,0.32,64.95,3.99
2009-07-11,27.29,0.1,69.5,4.18
2009-07-12,27.39,0.32,66.52,5.02
2009-07-13,27.15,1.09,70.03,5.62
2009-07-14,26.76,0.64,69.25,6.34
2009-07-15,26.53,2.65,68.07,6.15
2009-07-16,26.43,8.3,70.54,5.46
2009-07-17,26.31,4.94,75.2,5.09
2009-07-18,25.89,1.58,73.82,5.18
2009-07-19,25.99,0.32,72.0,5.1
2009-07-20,27.18,0.1,67.87,5.42
2009-07-21,27.11,0.01,66.43,6.17
2009-07-22,27.11,0.08,65.93,5.5
2009-07-23,27.6,0.15,63.46,4.98
2009-07-24,28.0,0.02,61.96,4.05
2009-07-25,28.89,0.0,62.76,4.02
2009-07-26,28.22,0.02,63.68,4.24
2009-07-27,28.28,0.31,65.64,4.77
2009-07-28,27.8,0.6,67.5,4.73
2009-07-29,27.61,2.56,68.7,3.95
2009-07-30,27.57,0.84,64.79,3.94
2009-07-31,27.26,3.49,71.11,4.13
2009-08-01,26.67,0.27,69.28,4.64
2009-08-02,27.17,0.01,67.85,4.77
2009-08-03,27.91,0.01,67.38,4.57
2009-08-04,28.52,0.21,64.19,5.26
2009-08-05,27.78,0.03,65.83,5.02
2009-08-06,28.61,0.52,64.62,4.77
2009-08-07,28.48,0.13,63.34,4.9
2009-08-08,28.21,0.34,65.48,4.45
2009-08-09,28.92,0.02,64.03,4.75
2009-08-10,28.58,0.28,65.58,4.94
2009-08-11,29.03,1.63,64.16,4.18
2009-08-12,28.91,0.2,63.43,4.02
2009-08-13,28.33,8.74,66.6,3.61
2009-08-14,26.69,2.48,76.87,2.08
2009-08-15,27.68,0.13,64.0,2.71
2009-08-16,27.35,13.11,66.67,2.89
2009-08-17,25.08,16.73,80.29,2.73
2009-08-18,26.23,1.3,74.14,2.19
2009-08-19,27.76,0.14,67.32,1.33
2009-08-20,26.19,3.88,76.23,1.31
2009-08-21,26.93,1.72,71.56,2.22
2009-08-22,26.42,0.33,69.31,3.59
2009-08-23,26.49,2.81,72.3,4.23
2009-08-24,26.62,0.06,71.52,5.06
2009-08-25,26.93,0.27,69.71,4.51
2009-08-26,26.11,0.42,71.46,4.5
2009-08-27,26.59,0.07,67.99,4.39
2009-08-28,27.68,0.24,68.42,4.11
2009-08-29,27.84,0.17,66.65,4.19
2009-08-30,27.91,0.3,66.67,3.89
2009-08-31,26.83,1.14,72.35,3.83
2009-09-01,27.19,2.29,71.65,4.05
2009-09-02,27.02,0.39,66.24,4.63
2009-09-03,27.03,0.29,69.7,4.64
2009-09-04,26.57,1.22,71.93,5.7
2009-09-05,26.34,0.64,73.0,5.88
2009-09-06,27.05,3.13,69.39,5.57
2009-09-07,27.5,0.15,69.79,4.64
2009-09-08,28.06,0.01,66.56,4.42
2009-09-09,27.68,0.15,66.65,3.72
2009-09-10,28.2,0.0,63.75,3.63
2009-09-11,29.01,0.05,60.77,3.18
2009-09-12,29.69,0.6,62.85,2.25
2009-09-13,27.41,7.36,75.28,2.66
2009-09-14,28.02,0.76,67.94,3.69
2009-09-15,28.33,2.08,64.59,2.95
2009-09-16,26.66,6.25,76.85,2.92
2009-09-17,26.19,6.39,81.26,1.8
2009-09-18,27.2,5.72,73.67,2.52
2009-09-19,26.62,0.77,69.91,3.13
2009-09-20,27.69,0.92,69.06,2.33
2009-09-21,27.89,0.27,69.78,2.43
2009-09-22,26.76,3.22,74.47,2.25
2009-09-23,27.5,1.54,70.56,2.88
2009-09-24,27.27,0.58,72.83,3.0
2009-09-25,27.35,8.17,68.35,3.45
2009-09-26,26.05,5.07,74.3,3.6
2009-09-27,27.17,2.42,73.84,3.28
2009-09-28,27.56,1.67,72.69,3.66
2009-09-29,26.76,0.26,72.31,4.14
2009-09-30,26.39,0.61,73.21,4.42
2009-10-01,25.6,1.91,73.61,5.4
2009-10-02,26.13,3.59,74.57,5.19
2009-10-03,26.55,1.39,71.75,5.76
2009-10-04,27.0,0.23,69.86,4.72
2009-10-05,27.09,0.0,68.33,4.2
2009-10-06,27.68,0.05,65.97,3.91
2009-10-07,27.8,0.01,64.82,3.43
2009-10-08,27.85,1.31,65.26,2.83
2009-10-09,28.36,0.09,63.92,2.17
2009-10-10,28.17,14.06,70.55,1.04
2009-10-11,28.13,2.04,71.79,0.96
2009-10-12,27.63,6.11,72.95,1.3
2009-10-13,27.14,0.83,71.67,0.93
2009-10-14,28.37,0.07,64.99,0.86
2009-10-15,28.51,0.04,63.66,1.4
2009-10-16,28.75,0.01,58.88,1.34
2009-10-17,29.09,0.0,59.41,0.84
2009-10-18,29.72,0.01,57.16,1.18
2009-10-19,29.55,0.02,56.26,1.46
2009-10-20,29.48,0.0,57.29,1.31
2009-10-21,29.57,0.0,53.4,1.38
2009-10-22,28.72,0.0,53.37,1.55
2009-10-23,28.52,0.0,51.51,1.21
2009-10-24,28.38,0.0,53.21,0.88
2009-10-25,28.73,0.07,56.97,0.97
2009-10-26,28.56,0.17,54.05,1.7
2009-10-27,29.02,0.03,54.6,1.88
2009-10-28,27.86,2.5,67.25,2.86
2009-10-29,26.21,4.31,75.82,2.76
2009-10-30,26.45,7.04,69.78,2.34
2009-10-31,26.11,5.67,73.81,2.1
2009-11-01,25.94,1.76,75.92,2.24
2009-11-02,26.93,1.2,69.49,3.06
2009-11-03,26.76,1.83,71.21,2.83
2009-11-04,25.3,12.64,83.13,2.7
2009-11-05,25.25,10.39,81.68,2.26
2009-11-06,24.35,4.73,86.19,2.05
2009-11-07,24.36,22.02,89.35,2.56
2009-11-08,24.01,23.76,93.03,3.77
2009-11-09,24.26,15.73,89.49,3.52
2009-11-10,24.7,8.03,82.14,1.8
2009-11-11,24.92,1.6,80.43,1.47
2009-11-12,26.3,0.94,76.5,0.81
2009-11-13,25.59,1.32,81.11,1.59
2009-11-14,24.0,28.53,88.83,1.35
2009-11-15,23.29,8.69,92.26,1.32
2009-11-16,24.23,0.97,90.34,1.26
2009-11-17,25.14,5.67,85.97,1.41
2009-11-18,25.47,2.63,77.31,0.85
2009-11-19,25.77,4.48,81.99,0.91
2009-11-20,25.25,2.83,84.97,1.77
2009-11-21,24.53,3.06,86.25,0.93
2009-11-22,24.51,7.01,85.96,1.28
2009-11-23,24.69,2.63,84.97,1.59
2009-11-24,25.4,0.53,80.83,1.15
2009-11-25,25.2,0.28,81.8,1.32
2009-11-26,24.86,0.06,78.64,1.64
2009-11-27,23.86,0.0,74.09,1.64
2009-11-28,23.53,0.03,76.17,1.83
2009-11-29,24.28,0.05,77.32,1.7
2009-11-30,24.73,0.07,76.82,1.57
2009-12-01,23.22,1.46,87.0,1.38
2009-12-02,23.56,2.0,88.27,1.72
2009-12-03,25.36,0.39,80.94,1.64
2009-12-04,25.75,0.06,78.72,1.01
2009-12-05,24.61,0.0,75.41,2.07
2009-12-06,22.31,0.0,72.87,1.38
2009-12-07,22.45,0.0,72.53,1.4
2009-12-08,23.45,0.0,72.89,1.36
2009-12-09,24.17,0.0,73.12,2.01
2009-12-10,22.59,0.0,72.6,2.1
2009-12-11,23.34,0.01,72.45,1.94
2009-12-12,24.17,4.53,78.09,1.99
2009-12-13,25.17,1.33,81.6,1.82
2009-12-14,25.04,0.73,78.54,2.34
2009-12-15,24.87,2.42,82.11,2.47
2009-12-16,24.68,1.3,81.68,2.07
2009-12-17,24.8,0.98,79.85,2.26
2009-12-18,24.69,0.04,77.4,1.65
2009-12-19,25.31,0.06,76.69,2.36
2009-12-20,25.3,0.08,75.66,2.42
2009-12-21,25.06,1.95,79.14,3.08
2009-12-22,24.71,1.19,81.13,2.61
2009-12-23,24.19,0.5,79.13,2.63
2009-12-24,23.93,0.06,76.49,2.29
2009-12-25,23.29,0.0,73.2,1.66
2009-12-26,24.31,0.02,72.22,1.89
2009-12-27,23.68,1.56,78.45,1.52
2009-12-28,24.14,0.1,74.85,1.8
2009-12-29,24.46,0.0,71.38,1.73
2009-12-30,24.44,0.0,71.39,1.72
2009-12-31,25.23,0.0,71.26,1.38
2010-01-01,25.23,0.0,69.88,2.26
2010-01-02,24.11,0.0,69.11,2.03
2010-01-03,22.84,0.0,72.56,1.59
2010-01-04,23.29,0.0,67.44,1.4
2010-01-05,23.25,0.0,65.46,1.28
2010-01-06,23.46,0.0,69.85,1.71
2010-01-07,24.11,0.0,70.37,1.65
2010-01-08,24.57,0.06,71.94,1.44
2010-01-09,25.92,0.69,75.19,2.24
2010-01-10,25.78,1.38,74.97,2.03
2010-01-11,26.22,0.2,71.31,2.0
2010-01-12,26.79,0.41,70.55,1.31
2010-01-13,26.88,0.31,72.16,2.17
2010-01-14,26.82,0.01,69.07,2.52
2010-01-15,25.79,0.0,67.57,2.54
2010-01-16,24.7,0.0,69.23,2.35
2010-01-17,25.0,0.0,66.54,2.22
2010-01-18,25.02,0.0,68.24,1.83
2010-01-19,25.77,0.0,67.51,2.05
2010-01-20,25.46,0.05,65.81,2.01
2010-01-21,24.54,0.03,61.28,2.11
2010-01-22,23.26,0.0,58.94,1.7
2010-01-23,23.01,0.0,60.84,1.95
2010-01-24,23.35,0.0,63.22,1.87
2010-01-25,24.21,0.0,66.27,1.77
2010-01-26,25.08,0.0,65.42,2.22
2010-01-27,25.66,0.0,64.57,2.01
2010-01-28,25.97,0.0,64.79,2.75
2010-01-29,26.04,0.0,60.46,2.52
2010-01-30,25.58,0.0,58.59,1.96
2010-01-31,25.33,0.0,62.09,1.72
2010-02-01,24.62,0.0,61.62,1.84
2010-02-02,24.93,0.0,56.61,1.94
2010-02-03,25.0,0.0,55.06,2.1
2010-02-04,25.05,0.0,55.3,1.87
2010-02-05,24.99,0.0,56.83,2.07
2010-02-06,24.43,0.0,57.48,2.34
2010-02-07,24.66,0.0,60.41,2.23
2010-02-08,25.43,0.0,55.48,1.96
2010-02-09,25.66,0.0,52.24,1.54
2010-02-10,26.4,0.0,53.56,2.0
2010-02-11,27.11,0.0,52.16,1.88
2010-02-12,27.96,0.0,54.79,2.2
2010-02-13,28.17,0.02,55.57,1.99
2010-02-14,28.13,0.01,51.88,2.03
2010-02-15,26.98,0.0,57.93,2.05
2010-02-16,27.01,0.0,54.46,1.83
2010-02-17,27.69,0.0,56.57,1.72
2010-02-18,27.96,0.0,46.78,1.55
2010-02-19,27.34,0.0,43.42,1.58
2010-02-20,27.8,0.0,48.35,1.66
2010-02-21,28.56,0.0,49.19,1.98
2010-02-22,29.33,0.0,46.22,1.92
2010-02-23,29.36,0.0,45.97,1.27
2010-02-24,31.09,0.0,43.07,1.01
2010-02-25,31.31,0.0,40.57,1.41
2010-02-26,31.06,0.0,38.43,1.71
2010-02-27,30.43,0.0,39.01,2.05
2010-02-28,29.65,0.0,38.66,2.09
2010-03-01,28.64,0.0,34.25,1.88
2010-03-02,28.35,0.0,36.68,1.8
2010-03-03,28.81,0.0,24.75,1.69
2010-03-04,29.69,0.0,29.96,1.38
2010-03-05,30.75,0.0,41.92,0.99
2010-03-06,31.64,0.03,45.67,1.76
2010-03-07,32.19,0.0,43.58,2.35
2010-03-08,31.71,0.0,38.43,2.23
2010-03-09,30.2,0.0,39.24,2.3
2010-03-10,29.67,0.0,48.28,2.4
2010-03-11,30.01,0.0,49.58,2.92
2010-03-12,29.83,0.0,49.56,3.06
2010-03-13,29.69,0.0,45.97,2.13
2010-03-14,30.95,0.0,40.13,1.9
2010-03-15,32.21,0.0,32.79,1.85
2010-03-16,30.76,0.03,37.77,1.74
2010-03-17,30.59,0.0,39.74,2.59
2010-03-18,29.2,0.0,48.01,2.51
2010-03-19,29.87,0.0,44.33,2.11
2010-03-20,30.87,0.0,36.85,1.78
2010-03-21,30.99,0.0,29.37,1.86
2010-03-22,30.52,0.0,26.62,1.48
2010-03-23,30.97,0.0,32.85,1.8
2010-03-24,31.17,0.0,37.25,1.75
2010-03-25,30.86,0.0,40.77,1.69
2010-03-26,31.77,0.15,43.02,1.27
2010-03-27,32.37,0.5,47.89,0.88
2010-03-28,32.36,0.05,46.61,1.65
2010-03-29,33.37,0.0,43.49,1.18
2010-03-30,33.4,0.88,45.35,1.75
2010-03-31,31.44,0.73,54.5,2.95
2010-04-01,32.69,0.05,47.95,2.64
2010-04-02,34.01,0.0,42.66,2.12
2010-04-03,33.78,0.03,41.61,2.36
2010-04-04,33.18,0.01,40.6,2.39
2010-04-05,32.73,0.46,42.82,1.96
2010-04-06,31.4,0.07,38.77,2.23
2010-04-07,32.23,0.04,37.2,2.56
2010-04-08,30.84,1.68,46.55,2.18
2010-04-09,32.54,0.0,43.62,1.56
2010-04-10,32.23,0.0,45.76,1.34
2010-04-11,32.73,0.0,46.8,1.46
2010-04-12,32.85,0.69,50.74,2.43
2010-04-13,32.45,0.65,51.06,2.41
2010-04-14,31.6,0.63,55.08,1.81
2010-04-15,31.55,0.07,51.34,1.46
2010-04-16,32.32,0.04,43.06,1.12
2010-04-17,32.41,1.64,50.43,1.89
2010-04-18,32.1,1.03,52.38,1.86
2010-04-19,30.68,0.17,58.22,3.08
2010-04-20,30.39,1.91,61.33,2.67
2010-04-21,30.63,1.04,59.93,2.92
2010-04-22,32.67,0.15,49.99,1.64
2010-04-23,32.96,0.2,46.92,0.98
2010-04-24,31.02,1.16,57.23,1.44
2010-04-25,30.31,2.0,60.09,1.18
2010-04-26,31.34,1.7,53.77,1.55
2010-04-27,31.3,2.17,49.7,1.63
2010-04-28,31.74,0.75,51.84,0.92
2010-04-29,31.38,0.2,53.75,1.21
2010-04-30,29.44,15.52,65.05,1.86
2010-05-01,28.99,1.75,63.73,0.96
2010-05-02,29.23,5.39,66.61,0.69
2010-05-03,28.38,6.83,75.73,0.89
2010-05-04,29.09,6.78,73.41,1.17
2010-05-05,29.89,2.97,68.61,2.05
2010-05-06,32.06,1.45,59.91,1.52
2010-05-07,31.5,0.23,61.21,1.36
2010-05-08,31.19,0.51,62.75,1.34
2010-05-09,29.77,0.25,68.38,1.48
2010-05-10,31.15,0.01,59.98,2.13
2010-05-11,31.0,0.0,61.28,3.09
2010-05-12,31.95,0.0,58.82,2.34
2010-05-13,32.04,0.01,58.31,2.35
2010-05-14,30.87,0.03,59.26,3.32
2010-05-15,31.13,0.78,55.35,2.5
2010-05-16,30.75,1.49,63.0,2.74
2010-05-17,31.17,5.34,64.06,2.21
2010-05-18,28.94,7.48,71.39,3.5
2010-05-19,26.63,2.86,80.29,3.17
2010-05-20,28.75,0.42,72.19,5.09
2010-05-21,29.44,0.27,64.43,5.05
2010-05-22,29.82,0.13,61.54,3.72
2010-05-23,29.76,2.11,65.96,3.45
2010-05-24,29.31,0.15,68.33,3.63
2010-05-25,27.83,0.66,70.01,4.63
2010-05-26,29.72,0.05,59.87,4.65
2010-05-27,30.83,0.15,60.35,4.62
2010-05-28,29.27,23.87,69.88,4.43
2010-05-29,28.46,1.86,71.47,4.86
2010-05-30,28.9,2.04,66.69,4.31
2010-05-31,27.71,0.95,69.74,4.33
2010-06-01,29.75,0.03,62.32,4.1
2010-06-02,31.13,1.79,60.9,3.31
2010-06-03,30.44,0.5,59.94,2.55
2010-06-04,29.8,18.0,69.05,2.32
2010-06-05,27.47,6.53,76.5,3.45
2010-06-06,27.64,4.6,68.16,4.37
2010-06-07,26.93,0.93,70.5,4.01
2010-06-08,27.01,0.11,69.64,3.54
2010-06-09,28.21,2.19,70.85,3.44
2010-06-10,27.36,1.06,76.33,3.0
2010-06-11,26.42,1.72,79.07,4.11
2010-06-12,27.26,5.29,74.76,4.61
2010-06-13,26.45,1.93,82.07,3.27
2010-06-14,27.06,0.78,72.22,4.76
2010-06-15,27.66,0.36,68.24,4.34
2010-06-16,27.31,0.71,72.48,2.6
2010-06-17,27.21,5.55,70.97,4.14
2010-06-18,26.55,5.74,73.25,3.31
2010-06-19,27.53,2.07,67.06,3.87
2010-06-20,27.89,0.18,67.9,3.2
2010-06-21,28.27,3.27,66.28,3.32
2010-06-22,26.91,2.32,73.25,3.58
2010-06-23,27.55,1.49,70.87,5.1
2010-06-24,26.96,0.6,66.82,5.5
2010-06-25,27.28,0.35,64.1,5.54
2010-06-26,27.87,0.39,68.19,5.38
2010-06-27,28.26,0.4,68.63,4.69
2010-06-28,28.03,1.8,72.11,4.22
2010-06-29,27.99,0.62,71.05,4.38
2010-06-30,27.23,0.26,66.62,5.51
2010-07-01,25.44,0.32,68.69,4.97
2010-07-02,26.55,0.07,64.99,4.95
2010-07-03,26.75,0.74,66.73,5.2
2010-07-04,26.94,1.0,70.27,4.19
2010-07-05,25.96,0.62,69.69,4.81
2010-07-06,25.68,0.52,71.78,4.25
2010-07-07,26.5,0.85,70.25,3.23
2010-07-08,26.51,10.94,72.08,2.0
2010-07-09,25.89,3.37,75.33,1.89
2010-07-10,28.02,4.33,69.63,1.1
2010-07-11,28.91,0.78,68.95,2.2
2010-07-12,27.65,0.52,70.06,3.15
2010-07-13,26.33,4.81,75.42,2.9
2010-07-14,26.43,3.94,73.13,3.54
2010-07-15,26.89,5.29,73.23,3.84
2010-07-16,25.61,0.98,78.32,4.84
2010-07-17,25.56,4.85,73.46,4.91
2010-07-18,26.13,4.35,75.9,4.14
2010-07-19,26.17,1.35,74.68,5.25
2010-07-20,26.4,0.43,71.83,5.83
2010-07-21,26.9,1.68,71.76,4.79
2010-07-22,26.32,0.08,72.46,4.04
2010-07-23,26.74,0.18,67.28,4.23
2010-07-24,26.09,0.05,69.05,4.86
2010-07-25,25.94,0.27,70.75,4.86
2010-07-26,26.34,1.69,70.69,4.89
2010-07-27,26.76,0.81,72.68,4.68
2010-07-28,26.78,0.41,66.85,5.77
2010-07-29,26.67,1.96,69.56,5.53
2010-07-30,26.81,0.31,68.65,5.0
2010-07-31,26.92,0.08,68.74,4.76
2010-08-01,28.0,0.01,65.62,4.26
2010-08-02,27.92,0.29,65.55,4.27
2010-08-03,26.8,0.31,68.7,5.09
2010-08-04,26.77,0.28,71.39,4.81
2010-08-05,27.21,1.8,71.31,3.96
2010-08-06,27.55,0.22,69.43,4.64
2010-08-07,27.88,0.31,68.74,4.05
2010-08-08,27.88,0.63,69.94,3.93
2010-08-09,28.79,2.76,66.04,3.93
2010-08-10,28.61,0.28,65.6,3.85
2010-08-11,28.69,0.09,64.56,4.63
2010-08-12,28.72,1.46,66.84,3.83
2010-08-13,28.35,3.67,68.71,3.37
2010-08-14,26.54,16.68,77.39,3.41
2010-08-15,26.35,8.63,81.13,3.2
2010-08-16,25.38,18.45,80.49,4.11
2010-08-17,27.07,0.26,71.01,4.08
2010-08-18,26.51,0.19,71.42,3.95
2010-08-19,27.34,0.57,69.23,2.94
2010-08-20,25.51,20.67,79.43,1.96
2010-08-21,24.76,6.31,80.98,3.5
2010-08-22,25.48,0.52,79.69,3.14
2010-08-23,26.45,0.93,75.53,2.66
2010-08-24,25.73,2.17,79.4,3.64
2010-08-25,25.56,0.49,77.69,3.76
2010-08-26,26.55,0.53,71.59,3.96
2010-08-27,26.34,0.36,74.01,4.0
2010-08-28,26.83,1.65,75.23,3.61
2010-08-29,26.7,2.89,76.79,3.86
2010-08-30,25.15,1.23,77.22,4.75
2010-08-31,25.78,1.31,70.23,4.15
2010-09-01,25.87,0.0,72.92,3.53
2010-09-02,27.28,0.01,69.73,3.09
2010-09-03,27.7,0.65,67.9,3.6
2010-09-04,27.06,0.01,69.12,3.81
2010-09-05,27.6,0.0,66.73,3.74
2010-09-06,26.7,0.0,70.14,3.78
2010-09-07,27.15,0.35,69.61,4.26
2010-09-08,26.3,0.33,72.61,4.42
2010-09-09,26.82,4.76,72.88,3.41
2010-09-10,26.45,5.15,76.36,3.44
2010-09-11,26.57,2.21,69.27,3.66
2010-09-12,27.37,3.64,70.2,2.44
2010-09-13,25.87,11.13,74.95,3.48
2010-09-14,26.51,0.71,69.83,3.78
2010-09-15,26.06,1.63,73.02,3.81
2010-09-16,26.54,1.3,70.48,3.9
2010-09-17,27.31,0.18,68.97,3.79
2010-09-18,26.23,2.3,71.39,3.59
2010-09-19,27.31,0.27,67.69,3.36
2010-09-20,27.48,0.05,65.47,2.62
2010-09-21,27.34,1.55,68.9,0.99
2010-09-22,25.88,6.12,80.91,0.72
2010-09-23,26.16,5.38,80.41,1.02
2010-09-24,27.71,6.63,70.67,1.19
2010-09-25,27.33,0.71,70.2,1.28
2010-09-26,27.28,4.31,72.56,1.57
2010-09-27,27.14,1.3,74.21,1.96
2010-09-28,26.74,1.46,75.29,2.35
2010-09-29,26.31,0.68,75.41,1.9
2010-09-30,27.42,0.65,67.87,1.58
2010-10-01,27.63,2.36,70.83,1.51
2010-10-02,27.01,9.93,75.73,1.65
2010-10-03,26.48,5.87,79.47,1.17
2010-10-04,27.08,8.29,77.92,0.88
2010-10-05,26.63,1.91,79.65,1.9
2010-10-06,26.41,2.78,79.21,3.89
2010-10-07,26.29,2.27,82.03,3.25
2010-10-08,26.23,5.89,80.53,2.3
2010-10-09,26.66,0.57,75.7,2.8
2010-10-10,26.47,0.33,74.21,2.89
2010-10-11,26.73,0.04,72.05,3.26
2010-10-12,27.06,0.0,70.2,3.01
2010-10-13,26.75,1.95,74.12,3.0
2010-10-14,26.4,3.32,77.39,2.67
2010-10-15,26.5,1.55,75.63,3.64
2010-10-16,26.5,0.6,70.49,3.96
2010-10-17,26.23,0.42,70.45,3.19
2010-10-18,26.7,4.34,73.33,3.19
2010-10-19,26.89,8.61,76.87,2.48
2010-10-20,25.02,1.85,83.69,2.27
2010-10-21,26.84,4.71,75.36,2.58
2010-10-22,25.95,2.55,79.29,3.03
2010-10-23,26.59,0.54,73.88,3.03
2010-10-24,27.24,0.03,71.04,3.02
2010-10-25,27.96,0.07,68.34,2.5
2010-10-26,27.32,6.65,76.4,1.3
2010-10-27,25.85,12.57,85.4,0.94
2010-10-28,24.85,16.85,80.08,0.63
2010-10-29,25.09,8.35,81.81,0.97
2010-10-30,25.1,9.17,81.06,0.75
2010-10-31,24.84,11.56,84.87,0.89
2010-11-01,25.21,18.25,82.48,1.65
2010-11-02,26.2,2.53,78.56,1.29
2010-11-03,26.06,8.84,80.76,0.58
2010-11-04,25.36,10.59,86.55,1.4
2010-11-05,25.35,22.38,85.75,0.66
2010-11-06,24.05,5.28,84.52,1.55
2010-11-07,24.07,7.48,85.68,2.34
2010-11-08,25.43,0.41,80.53,2.01
2010-11-09,25.55,14.14,81.17,0.68
2010-11-10,25.57,12.86,84.47,0.74
2010-11-11,24.2,12.89,90.93,1.71
2010-11-12,24.93,6.88,82.5,1.19
2010-11-13,25.52,1.93,84.3,1.04
2010-11-14,24.9,0.98,85.83,1.57
2010-11-15,24.79,1.62,84.46,0.95
2010-11-16,24.94,15.68,87.15,1.05
2010-11-17,24.33,10.04,89.69,1.9
2010-11-18,24.28,3.84,87.99,1.95
2010-11-19,23.84,3.68,87.1,1.41
2010-11-20,24.12,17.41,87.1,0.98
2010-11-21,23.26,8.54,85.35,0.97
2010-11-22,23.82,23.13,83.53,1.37
2010-11-23,23.63,3.33,86.04,0.7
2010-11-24,23.94,4.96,88.98,1.44
2010-11-25,23.23,3.18,91.33,1.5
2010-11-26,22.93,8.37,90.76,1.58
2010-11-27,22.23,3.49,89.13,1.12
2010-11-28,22.77,15.65,91.53,1.83
2010-11-29,23.09,0.97,90.02,1.77
2010-11-30,23.38,2.1,88.81,1.88
2010-12-01,23.49,9.3,94.09,1.88
2010-12-02,24.1,13.36,91.13,1.87
2010-12-03,23.33,4.07,90.51,1.55
2010-12-04,22.5,0.22,88.95,1.32
2010-12-05,22.15,0.76,87.1,1.35
2010-12-06,23.04,0.02,76.62,1.06
2010-12-07,24.39,0.6,79.85,0.97
2010-12-08,23.07,4.51,87.46,1.62
2010-12-09,24.13,0.23,84.65,1.23
2010-12-10,23.79,0.05,84.77,2.19
2010-12-11,23.94,0.12,83.83,1.87
2010-12-12,23.33,5.99,84.8,2.03
2010-12-13,22.78,1.97,81.38,1.17
2010-12-14,23.26,2.55,85.07,0.84
2010-12-15,23.39,2.94,89.81,1.5
2010-12-16,24.36,3.23,87.4,1.8
2010-12-17,24.33,0.98,86.71,1.15
2010-12-18,23.69,0.14,86.86,2.1
2010-12-19,21.72,1.66,85.05,1.96
2010-12-20,23.25,2.69,88.81,2.48
2010-12-21,22.65,0.27,85.81,2.22
2010-12-22,20.43,0.0,79.49,1.26
2010-12-23,19.84,0.0,81.69,1.14
2010-12-24,20.51,0.0,81.33,1.28
2010-12-25,21.58,0.0,81.18,1.36
2010-12-26,21.55,0.0,81.42,1.36
2010-12-27,20.95,0.0,81.68,1.33
2010-12-28,21.29,0.98,84.7,1.22
2010-12-29,21.24,0.16,91.32,1.63
2010-12-30,22.66,0.5,86.25,1.81
2010-12-31,22.54,0.11,83.37,1.11
2011-01-01,23.2,0.13,81.94,1.01
2011-01-02,23.88,0.03,82.43,1.16
2011-01-03,23.42,0.02,84.07,1.67
2011-01-04,22.34,1.73,87.24,1.75
2011-01-05,22.66,0.15,86.87,1.97
2011-01-06,22.82,0.01,82.89,1.66
2011-01-07,23.03,0.0,81.11,1.59
2011-01-08,24.4,0.0,80.29,1.37
2011-01-09,24.46,0.24,77.59,1.28
2011-01-10,23.98,0.21,71.12,1.15
2011-01-11,22.13,0.0,72.02,0.9
2011-01-12,20.57,0.0,70.16,1.16
2011-01-13,20.96,0.0,72.55,1.43
2011-01-14,21.28,0.0,78.12,1.58
2011-01-15,22.26,0.01,78.82,1.98
2011-01-16,23.56,0.01,80.58,1.9
2011-01-17,23.64,0.0,79.58,1.33
2011-01-18,23.23,0.0,75.29,1.63
2011-01-19,21.61,0.0,71.35,1.29
2011-01-20,21.71,0.0,73.09,1.25
2011-01-21,22.0,0.0,74.66,1.58
2011-01-22,22.45,0.0,75.97,2.05
2011-01-23,22.27,0.0,76.25,2.38
2011-01-24,22.16,0.0,75.09,2.39
2011-01-25,22.35,0.0,74.19,2.43
2011-01-26,23.09,0.0,76.48,2.48
2011-01-27,23.39,0.0,73.76,2.49
2011-01-28,23.52,0.0,74.63,2.05
2011-01-29,24.13,0.0,72.44,2.16
2011-01-30,24.01,0.0,72.77,2.29
2011-01-31,23.94,0.0,69.8,2.3
2011-02-01,23.88,0.0,63.68,2.0
2011-02-02,22.48,0.0,66.84,2.15
2011-02-03,23.18,0.0,68.53,2.05
2011-02-04,23.96,0.0,63.31,1.73
2011-02-05,23.25,0.0,62.1,1.79
2011-02-06,23.47,0.0,66.11,1.77
2011-02-07,24.41,0.0,65.39,1.65
2011-02-08,24.23,0.0,57.91,1.29
2011-02-09,23.8,0.0,57.49,1.41
2011-02-10,23.62,1.52,58.52,1.75
2011-02-11,23.03,0.0,63.29,1.93
2011-02-12,23.35,0.0,63.65,1.74
2011-02-13,23.3,0.0,58.5,1.88
2011-02-14,23.21,0.0,62.95,1.32
2011-02-15,25.38,0.0,63.58,0.49
2011-02-16,26.56,0.0,61.03,0.86
2011-02-17,27.03,0.0,62.92,1.0
2011-02-18,27.69,0.0,62.25,0.93
2011-02-19,28.21,0.0,60.98,1.29
2011-02-20,28.49,0.0,60.35,1.45
2011-02-21,28.27,0.15,60.75,1.64
2011-02-22,27.28,1.31,66.25,2.29
2011-02-23,26.59,2.77,70.83,1.63
2011-02-24,25.23,7.76,78.01,1.64
2011-02-25,26.14,1.42,71.07,1.43
2011-02-26,26.35,8.72,70.52,1.35
2011-02-27,25.84,0.42,66.45,1.7
2011-02-28,26.07,0.0,61.63,2.09
2011-03-01,25.42,0.0,61.83,2.28
2011-03-02,25.41,0.0,57.01,2.0
2011-03-03,25.12,0.0,56.01,1.74
2011-03-04,26.05,0.0,56.64,1.38
2011-03-05,27.3,0.0,59.07,1.57
2011-03-06,26.84,0.0,53.47,1.54
2011-03-07,26.7,0.0,47.11,2.03
2011-03-08,27.55,0.0,46.33,1.84
2011-03-09,28.15,0.0,39.99,1.72
2011-03-10,27.59,0.0,39.41,1.67
2011-03-11,26.89,0.0,40.87,1.43
2011-03-12,27.44,0.0,47.75,1.98
2011-03-13,28.72,0.17,55.51,2.14
2011-03-14,28.82,0.43,53.78,2.45
2011-03-15,28.21,0.0,51.95,2.14
2011-03-16,28.2,0.0,50.1,2.35
2011-03-17,27.63,0.0,48.9,2.45
2011-03-18,26.67,0.0,51.22,1.96
2011-03-19,28.98,0.0,48.58,0.98
2011-03-20,30.65,0.04,49.37,1.15
2011-03-21,31.38,0.01,47.15,1.49
2011-03-22,31.34,0.0,44.9,1.57
2011-03-23,31.18,0.22,41.09,1.43
2011-03-24,30.92,0.24,42.55,1.08
2011-03-25,31.18,2.62,48.14,1.0
2011-03-26,31.02,0.22,48.34,1.49
2011-03-27,31.52,0.0,47.55,1.63
2011-03-28,31.82,0.0,44.75,1.31
2011-03-29,32.31,0.33,42.12,1.31
2011-03-30,31.75,0.04,38.76,1.8
2011-03-31,31.44,0.0,38.37,1.57
2011-04-01,32.46,0.0,43.7,2.04
2011-04-02,32.94,0.01,44.02,1.92
2011-04-03,31.85,0.05,48.36,2.65
2011-04-04,31.79,0.12,43.86,2.46
2011-04-05,32.11,0.01,40.88,1.99
2011-04-06,32.06,0.0,37.36,2.47
2011-04-07,30.5,0.0,36.79,2.4
2011-04-08,30.75,0.13,40.01,1.79
2011-04-09,31.83,0.3,43.38,1.84
2011-04-10,31.8,0.35,46.54,2.38
2011-04-11,32.23,0.51,45.57,2.36
2011-04-12,32.24,0.24,44.05,1.8
2011-04-13,32.86,0.27,43.4,1.45
2011-04-14,30.7,0.11,52.85,2.08
2011-04-15,30.27,4.86,55.93,1.05
2011-04-16,31.09,0.0,44.11,2.15
2011-04-17,30.93,0.05,45.34,1.7
2011-04-18,31.64,1.26,44.37,1.31
2011-04-19,29.59,2.09,57.54,1.78
2011-04-20,29.38,0.72,55.32,2.06
2011-04-21,28.24,14.5,61.35,1.51
2011-04-22,25.48,12.72,85.78,1.83
2011-04-23,23.78,27.69,89.03,2.21
2011-04-24,27.24,6.29,72.89,0.67
2011-04-25,27.19,10.64,77.03,1.89
2011-04-26,28.09,5.36,73.19,0.9
2011-04-27,28.07,0.34,72.08,0.91
2011-04-28,28.95,0.3,68.25,2.02
2011-04-29,28.53,0.13,70.3,3.12
2011-04-30,29.02,0.18,67.56,2.52
2011-05-01,28.98,2.25,69.13,2.35
2011-05-02,29.68,0.2,65.73,2.36
2011-05-03,29.19,12.16,70.71,3.06
2011-05-04,28.09,0.63,70.8,3.42
2011-05-05,29.0,0.36,68.31,1.96
2011-05-06,29.98,0.1,65.51,2.82
2011-05-07,29.33,0.0,62.02,4.33
2011-05-08,29.25,0.0,57.04,4.15
2011-05-09,29.14,0.07,59.78,3.84
2011-05-10,29.8,0.0,59.69,3.55
2011-05-11,29.92,0.0,58.92,3.13
2011-05-12,30.17,0.0,58.76,3.11
2011-05-13,30.41,1.27,59.12,2.92
2011-05-14,29.28,1.02,66.89,3.12
2011-05-15,29.76,0.02,63.67,2.98
2011-05-16,31.04,0.0,57.17,1.62
2011-05-17,30.56,0.07,60.59,2.09
2011-05-18,29.95,0.04,64.08,2.07
2011-05-19,30.13,0.65,63.64,2.54
2011-05-20,29.25,5.11,67.85,2.89
2011-05-21,27.94,0.07,68.8,2.9
2011-05-22,29.87,0.0,57.85,2.92
2011-05-23,30.27,0.47,59.41,3.04
2011-05-24,29.4,1.27,67.4,2.96
2011-05-25,29.31,0.25,69.35,2.46
2011-05-26,29.07,0.14,65.54,3.07
2011-05-27,28.61,8.79,68.36,3.07
2011-05-28,27.69,1.79,71.23,3.45
2011-05-29,28.04,0.38,67.73,3.7
2011-05-30,29.33,2.38,68.21,3.8
2011-05-31,27.91,9.41,73.01,4.69
2011-06-01,26.72,12.89,77.76,3.92
2011-06-02,26.46,3.28,80.22,3.62
2011-06-03,26.52,2.05,76.48,3.41
2011-06-04,27.35,2.23,73.48,3.68
2011-06-05,27.45,0.63,70.27,4.57
2011-06-06,28.19,0.67,67.25,4.55
2011-06-07,27.95,0.04,64.41,3.83
2011-06-08,28.09,0.11,67.96,3.65
2011-06-09,27.45,1.74,72.53,3.49
2011-06-10,28.15,0.07,70.2,4.28
2011-06-11,28.75,0.0,66.6,4.38
2011-06-12,27.7,0.0,71.61,4.01
2011-06-13,26.96,0.53,71.39,4.81
2011-06-14,25.49,1.55,75.21,4.43
2011-06-15,25.98,0.22,70.58,3.95
2011-06-16,26.6,0.71,66.14,5.23
2011-06-17,25.71,3.94,62.61,5.14
2011-06-18,27.32,0.66,60.98,5.41
2011-06-19,27.92,1.67,69.04,5.21
2011-06-20,27.97,0.15,68.04,4.75
2011-06-21,27.9,0.06,67.69,4.62
2011-06-22,27.91,0.46,67.49,4.94
2011-06-23,28.75,0.29,66.42,4.49
2011-06-24,28.38,0.39,68.29,4.63
2011-06-25,27.71,3.81,72.46,4.52
2011-06-26,27.32,0.33,72.43,4.91
2011-06-27,27.23,0.17,66.72,5.52
2011-06-28,26.94,0.06,64.74,5.22
2011-06-29,27.29,0.0,66.52,4.33
2011-06-30,28.91,0.15,63.06,3.68
2011-07-01,27.99,9.74,69.05,3.62
2011-07-02,27.26,0.38,67.49,3.86
2011-07-03,27.93,1.79,62.63,3.87
2011-07-04,27.54,0.87,61.81,4.78
2011-07-05,25.5,9.67,67.09,4.2
2011-07-06,26.04,0.53,71.94,4.36
2011-07-07,27.05,3.87,67.66,4.12
2011-07-08,26.03,0.08,70.27,3.73
2011-07-09,26.8,6.44,68.01,3.47
2011-07-10,27.4,0.83,64.36,3.67
2011-07-11,27.42,0.66,70.83,4.24
2011-07-12,25.8,0.42,69.94,5.91
2011-07-13,26.41,0.04,62.34,5.78
2011-07-14,26.45,0.62,60.75,6.32
2011-07-15,26.14,0.45,65.98,6.54
2011-07-16,26.78,1.39,67.86,6.11
2011-07-17,26.74,1.11,68.33,5.79
2011-07-18,26.34,0.61,71.2,5.68
2011-07-19,26.89,0.29,68.72,5.17
2011-07-20,26.38,0.19,70.16,5.74
2011-07-21,27.33,0.44,64.74,5.35
2011-07-22,26.35,0.19,68.36,4.85
2011-07-23,27.05,0.22,67.65,4.99
2011-07-24,26.95,0.5,68.03,5.39
2011-07-25,26.88,2.25,66.68,4.94
2011-07-26,27.31,1.54,64.71,4.61
2011-07-27,26.11,0.29,67.99,4.87
2011-07-28,25.54,3.88,70.61,4.47
2011-07-29,25.33,0.38,69.39,4.55
2011-07-30,25.87,0.28,72.0,3.73
2011-07-31,27.69,0.07,67.52,4.36
2011-08-01,27.43,0.02,65.52,4.46
2011-08-02,28.19,0.07,66.04,5.14
2011-08-03,26.88,0.69,69.34,5.0
2011-08-04,27.25,1.36,67.0,5.33
2011-08-05,25.9,6.32,73.03,4.75
2011-08-06,26.75,1.3,67.7,5.6
2011-08-07,26.72,0.25,69.73,4.93
2011-08-08,26.87,2.61,70.55,4.36
2011-08-09,27.25,0.68,68.77,4.43
2011-08-10,27.89,0.64,64.83,4.25
2011-08-11,27.21,1.25,69.35,4.39
2011-08-12,27.15,0.46,67.26,4.22
2011-08-13,27.86,0.01,63.97,4.2
2011-08-14,27.6,0.0,61.22,3.16
2011-08-15,27.65,7.42,67.59,2.56
2011-08-16,27.07,0.42,70.13,2.95
2011-08-17,26.64,12.01,73.51,2.14
2011-08-18,27.06,1.79,69.97,4.02
2011-08-19,26.87,0.21,69.0,3.95
2011-08-20,26.6,5.9,73.38,3.47
2011-08-21,26.11,0.17,73.96,3.88
2011-08-22,27.53,0.0,65.19,3.41
2011-08-23,27.75,0.52,65.13,3.98
2011-08-24,26.09,5.35,71.36,4.29
2011-08-25,26.27,0.97,72.88,4.22
2011-08-26,27.42,0.99,66.67,4.19
2011-08-27,27.23,0.4,67.26,4.48
2011-08-28,27.23,0.33,68.63,4.41
2011-08-29,27.29,0.74,68.11,5.3
2011-08-30,26.99,1.02,65.74,4.93
2011-08-31,26.54,3.95,69.9,5.02
2011-09-01,25.91,3.34,76.54,5.13
2011-09-02,25.97,8.24,79.24,3.77
2011-09-03,26.11,0.41,74.38,4.49
2011-09-04,27.17,1.6,70.32,4.16
2011-09-05,27.67,3.26,69.33,4.0
2011-09-06,26.44,5.41,74.03,4.3
2011-09-07,27.07,0.14,68.29,4.31
2011-09-08,27.68,3.09,69.5,3.58
2011-09-09,27.21,1.17,70.53,3.9
2011-09-10,27.19,4.63,71.44,4.02
2011-09-11,27.01,0.22,70.19,4.22
2011-09-12,26.78,15.13,70.05,3.93
2011-09-13,26.3,0.86,67.2,4.67
2011-09-14,25.52,0.75,69.88,4.69
2011-09-15,26.36,3.31,71.14,4.74
2011-09-16,27.46,3.9,70.03,3.7
2011-09-17,27.65,0.25,69.17,3.62
2011-09-18,27.7,0.08,67.18,3.53
2011-09-19,27.79,0.53,67.17,3.69
2011-09-20,27.41,0.33,68.39,3.4
2011-09-21,26.87,1.45,67.37,4.01
2011-09-22,27.53,0.05,65.33,3.87
2011-09-23,28.14,0.0,60.25,3.51
2011-09-24,27.37,0.84,64.23,3.28
2011-09-25,28.21,0.34,64.45,2.94
2011-09-26,29.0,0.75,60.67,2.99
2011-09-27,28.91,0.08,62.23,2.99
2011-09-28,29.01,0.0,59.46,3.09
2011-09-29,29.22,1.66,59.26,2.23
2011-09-30,26.53,15.08,79.4,1.57
2011-10-01,27.18,6.31,74.46,1.06
2011-10-02,27.13,0.85,73.87,1.96
2011-10-03,26.85,0.8,75.04,1.96
2011-10-04,27.68,0.79,67.18,2.08
2011-10-05,28.15,0.93,63.23,1.43
2011-10-06,28.7,0.91,63.16,2.49
2011-10-07,27.74,1.07,67.98,1.94
2011-10-08,28.01,1.9,67.06,2.84
2011-10-09,27.04,9.09,72.3,2.54
2011-10-10,26.17,1.67,78.65,2.25
2011-10-11,25.95,2.49,78.6,1.3
2011-10-12,26.12,20.67,79.11,1.4
2011-10-13,26.85,9.3,77.35,1.15
2011-10-14,27.01,5.86,76.86,0.98
2011-10-15,26.2,8.21,82.1,1.06
2011-10-16,24.32,10.26,85.65,1.64
2011-10-17,26.52,2.13,74.98,0.98
2011-10-18,26.56,8.25,77.29,1.22
2011-10-19,26.76,11.4,76.3,0.97
2011-10-20,27.23,1.91,73.58,0.91
2011-10-21,26.91,1.99,75.32,1.0
2011-10-22,26.71,3.31,77.39,1.84
2011-10-23,25.01,4.43,82.71,1.82
2011-10-24,25.65,8.8,81.62,1.86
2011-10-25,24.76,7.21,83.17,2.15
2011-10-26,24.33,5.69,86.3,3.07
2011-10-27,25.04,5.01,83.85,2.15
2011-10-28,24.5,4.08,84.6,1.94
2011-10-29,23.7,23.15,86.38,2.11
2011-10-30,23.5,9.21,89.14,2.51
2011-10-31,24.41,8.61,87.25,2.27
2011-11-01,23.93,14.34,90.14,2.58
2011-11-02,23.57,7.84,88.25,0.99
2011-11-03,24.31,15.88,82.94,0.62
2011-11-04,24.68,6.56,83.4,1.06
2011-11-05,24.72,9.48,87.91,1.41
2011-11-06,25.38,15.45,86.44,1.38
2011-11-07,24.19,1.99,87.96,1.28
2011-11-08,22.13,0.03,78.11,1.37
2011-11-09,21.84,0.0,76.06,1.38
2011-11-10,22.11,0.0,73.33,1.34
2011-11-11,23.6,0.0,71.99,1.08
2011-11-12,24.0,0.0,75.96,1.07
2011-11-13,22.91,0.0,74.32,1.13
2011-11-14,24.01,0.01,81.82,1.7
2011-11-15,23.37,0.0,79.17,1.81
2011-11-16,23.49,0.61,75.61,1.53
2011-11-17,23.98,2.04,83.48,1.86
2011-11-18,24.45,1.75,85.34,2.15
2011-11-19,23.4,0.11,77.44,2.07
2011-11-20,22.44,0.02,78.13,2.44
2011-11-21,23.51,0.01,78.85,2.51
2011-11-22,23.83,0.01,76.43,2.57
2011-11-23,23.32,0.45,81.79,2.59
2011-11-24,24.04,6.15,85.71,3.08
2011-11-25,23.87,18.86,91.24,3.54
2011-11-26,23.92,21.95,91.78,4.38
2011-11-27,23.85,6.45,91.67,2.81
2011-11-28,24.43,15.73,91.21,1.62
2011-11-29,24.75,2.61,87.31,1.84
2011-11-30,24.36,1.04,88.55,2.11
2011-12-01,23.74,0.14,85.83,1.14
2011-12-02,24.21,0.01,84.32,0.98
2011-12-03,24.61,0.0,78.87,0.9
2011-12-04,24.1,0.38,81.87,1.05
2011-12-05,23.25,0.11,81.89,1.31
2011-12-06,22.53,0.05,79.54,1.59
2011-12-07,22.01,0.0,80.02,2.12
2011-12-08,22.11,0.01,81.29,1.93
2011-12-09,24.1,0.67,84.58,1.94
2011-12-10,24.81,0.13,82.48,1.82
2011-12-11,24.54,0.02,81.35,1.73
2011-12-12,23.93,0.0,79.81,1.54
2011-12-13,24.18,0.03,79.39,2.23
2011-12-14,24.12,0.03,78.1,2.29
2011-12-15,22.85,1.12,84.29,1.41
2011-12-16,23.29,0.11,78.03,2.68
2011-12-17,22.02,0.0,74.19,2.2
2011-12-18,21.76,0.04,77.12,2.27
2011-12-19,21.96,0.06,76.05,1.75
2011-12-20,21.82,0.0,72.45,1.9
2011-12-21,21.67,0.0,76.25,2.12
2011-12-22,21.89,0.0,72.95,2.24
2011-12-23,22.64,0.0,72.35,1.69
2011-12-24,22.64,0.0,68.98,1.72
2011-12-25,22.1,0.0,66.04,1.62
2011-12-26,21.82,0.0,60.82,1.4
2011-12-27,23.32,0.0,53.29,0.97
2011-12-28,24.0,0.0,56.01,0.86
2011-12-29,24.88,0.6,56.24,1.28
2011-12-30,24.83,12.52,76.06,3.11
2011-12-31,23.43,4.79,83.05,3.55
2012-01-01,23.19,0.11,75.2,1.62
2012-01-02,24.57,0.0,74.98,1.49
2012-01-03,25.03,0.0,74.55,1.33
2012-01-04,25.81,0.0,76.25,1.82
2012-01-05,25.93,0.0,74.14,1.91
2012-01-06,24.87,0.0,72.15,1.84
2012-01-07,23.93,0.0,71.89,1.94
2012-01-08,24.35,0.02,75.25,2.18
2012-01-09,25.53,0.01,72.35,1.64
2012-01-10,25.33,0.03,69.52,1.46
2012-01-11,24.6,0.72,73.73,1.64
2012-01-12,24.42,0.14,72.36,1.82
2012-01-13,24.65,0.0,69.86,2.27
2012-01-14,23.88,0.0,65.38,2.29
2012-01-15,22.22,0.0,62.12,1.94
2012-01-16,21.19,0.0,61.3,1.41
2012-01-17,21.53,0.0,63.63,1.26
2012-01-18,22.35,0.0,56.19,0.82
2012-01-19,23.22,0.03,57.79,1.31
2012-01-20,23.33,0.01,59.79,1.23
2012-01-21,23.08,0.0,62.89,1.31
2012-01-22,23.11,0.0,65.71,1.84
2012-01-23,22.9,0.0,65.15,1.99
2012-01-24,22.17,0.0,63.64,1.56
2012-01-25,22.12,0.0,65.01,1.64
2012-01-26,22.77,0.0,63.63,1.64
2012-01-27,23.59,0.0,66.69,1.36
2012-01-28,24.08,0.0,69.0,1.74
2012-01-29,24.58,0.0,65.02,1.9
2012-01-30,24.39,0.35,64.73,2.25
2012-01-31,24.11,0.1,63.06,2.45
2012-02-01,23.61,0.01,60.24,2.73
2012-02-02,23.25,0.0,64.63,2.55
2012-02-03,24.16,0.0,63.69,2.74
2012-02-04,24.53,0.0,61.29,1.81
2012-02-05,24.46,0.0,63.05,1.62
2012-02-06,24.96,0.0,63.84,1.54
2012-02-07,26.66,0.0,59.21,2.09
2012-02-08,26.39,0.0,59.19,1.69
2012-02-09,26.33,0.0,66.24,1.61
2012-02-10,25.92,0.13,66.35,1.69
2012-02-11,25.25,0.46,69.36,1.5
2012-02-12,25.79,0.1,61.06,1.99
2012-02-13,25.96,0.0,58.24,2.01
2012-02-14,26.48,0.0,57.47,1.64
2012-02-15,26.72,0.0,56.24,1.42
2012-02-16,27.93,0.0,50.49,1.56
2012-02-17,26.97,0.0,55.53,2.06
2012-02-18,26.94,0.0,53.73,2.41
2012-02-19,26.39,0.0,50.92,2.2
2012-02-20,25.96,0.0,47.31,1.79
2012-02-21,26.96,0.0,44.05,2.04
2012-02-22,26.7,0.0,43.9,2.2
2012-02-23,26.3,0.0,41.93,2.42
2012-02-24,26.17,0.0,38.1,2.25
2012-02-25,26.47,0.0,32.58,2.49
2012-02-26,26.51,0.0,31.14,2.18
2012-02-27,27.39,0.0,33.93,2.09
2012-02-28,28.21,0.0,38.19,1.01
2012-02-29,30.29,0.0,45.13,1.61
2012-03-01,31.12,0.0,42.99,1.71
2012-03-02,31.66,0.0,44.98,1.05
2012-03-03,32.11,0.0,39.36,1.86
2012-03-04,31.23,0.0,41.23,1.63
2012-03-05,31.51,0.0,42.6,1.78
2012-03-06,31.14,0.0,42.63,1.07
2012-03-07,31.12,0.0,44.59,1.76
2012-03-08,28.92,0.0,55.51,2.92
2012-03-09,30.61,0.0,41.14,2.3
2012-03-10,30.47,0.0,41.69,1.76
2012-03-11,29.92,0.0,42.5,2.81
2012-03-12,27.82,0.09,59.52,1.96
2012-03-13,30.09,0.07,53.43,2.72
2012-03-14,30.41,0.01,53.35,2.79
2012-03-15,31.26,0.01,47.11,2.66
2012-03-16,31.43,0.58,44.63,1.89
2012-03-17,31.76,0.05,39.79,1.83
2012-03-18,31.41,0.0,34.68,1.57
2012-03-19,31.57,0.0,38.26,1.67
2012-03-20,31.78,0.0,39.13,2.05
2012-03-21,31.82,0.0,39.67,1.65
2012-03-22,31.73,0.13,41.47,1.84
2012-03-23,31.27,0.01,37.58,1.69
2012-03-24,30.57,0.0,30.82,2.08
2012-03-25,29.3,0.0,28.29,1.87
2012-03-26,28.96,0.0,34.11,2.04
2012-03-27,29.14,0.05,46.49,1.66
2012-03-28,31.04,0.4,46.93,2.13
2012-03-29,31.46,0.06,45.4,1.41
2012-03-30,32.07,0.1,48.03,2.29
2012-03-31,32.13,4.04,45.62,2.18
2012-04-01,30.88,1.46,50.51,2.66
2012-04-02,29.92,0.14,47.96,1.99
2012-04-03,30.56,0.0,42.8,1.41
2012-04-04,31.09,0.05,44.08,1.49
2012-04-05,31.95,0.07,44.84,1.91
2012-04-06,32.61,0.69,44.79,1.79
2012-04-07,32.55,0.11,44.77,1.91
2012-04-08,33.04,0.02,40.27,2.19
2012-04-09,32.7,0.61,43.29,1.26
2012-04-10,32.79,0.77,45.57,1.4
2012-04-11,33.25,0.11,42.4,1.96
2012-04-12,32.86,0.05,43.0,1.57
2012-04-13,32.79,0.0,42.13,2.19
2012-04-14,31.6,0.01,46.54,2.6
2012-04-15,31.98,0.03,45.67,2.03
2012-04-16,32.34,0.13,44.4,1.52
2012-04-17,31.73,0.29,50.83,2.51
2012-04-18,32.69,0.31,47.89,2.13
2012-04-19,31.58,0.04,49.85,2.28
2012-04-20,33.02,0.51,40.7,1.66
2012-04-21,33.63,0.1,43.3,2.24
2012-04-22,34.25,0.02,39.68,1.58
2012-04-23,32.36,1.28,50.38,1.86
2012-04-24,29.6,16.12,65.96,1.59
2012-04-25,26.49,11.78,82.72,1.82
2012-04-26,26.42,8.15,80.6,1.04
2012-04-27,27.08,4.9,77.33,1.23
2012-04-28,28.06,0.66,71.55,2.68
2012-04-29,29.32,1.98,65.91,1.71
2012-04-30,28.19,1.12,72.6,2.35
2012-05-01,29.08,1.58,67.82,2.64
2012-05-02,28.54,0.34,68.78,2.97
2012-05-03,29.14,1.5,67.97,3.52
2012-05-04,28.6,0.46,69.64,3.6
2012-05-05,28.65,0.34,63.65,4.29
2012-05-06,29.91,0.02,57.97,3.01
2012-05-07,31.25,0.88,54.42,2.6
2012-05-08,30.08,12.25,63.51,2.25
2012-05-09,29.66,1.15,63.57,2.72
2012-05-10,29.48,12.79,65.2,2.31
2012-05-11,28.12,2.81,72.16,2.31
2012-05-12,28.39,1.42,70.01,2.68
2012-05-13,30.05,0.07,61.1,2.66
2012-05-14,29.43,0.03,66.57,2.65
2012-05-15,28.71,1.47,69.99,3.09
2012-05-16,29.64,0.16,64.49,3.13
2012-05-17,29.82,0.0,63.99,3.51
2012-05-18,29.15,4.98,68.98,2.74
2012-05-19,29.29,2.85,69.79,3.55
2012-05-20,27.88,0.4,72.48,2.09
2012-05-21,27.17,2.34,71.15,3.83
2012-05-22,28.58,0.16,66.05,2.68
2012-05-23,28.41,0.04,64.62,3.73
2012-05-24,29.66,0.01,62.48,4.28
2012-05-25,28.93,0.0,63.69,4.3
2012-05-26,27.82,0.01,69.47,3.38
2012-05-27,27.53,0.07,71.88,4.1
2012-05-28,28.83,0.01,66.29,4.36
2012-05-29,28.33,0.0,69.68,3.13
2012-05-30,29.29,0.0,63.67,4.12
2012-05-31,28.82,0.01,64.25,4.8
2012-06-01,27.52,0.0,67.73,3.79
2012-06-02,30.13,0.0,60.09,4.86
2012-06-03,29.64,4.6,64.99,5.05
2012-06-04,28.51,0.52,69.73,4.12
2012-06-05,28.38,0.27,64.81,5.37
2012-06-06,28.02,0.49,64.74,5.6
2012-06-07,27.22,0.32,64.73,5.49
2012-06-08,28.71,0.72,58.55,4.89
2012-06-09,28.86,0.28,61.68,5.04
2012-06-10,28.84,0.01,62.39,4.83
2012-06-11,28.01,0.01,65.99,4.63
2012-06-12,28.73,0.26,61.67,5.13
2012-06-13,27.94,3.35,60.1,4.54
2012-06-14,27.11,6.97,66.76,4.16
2012-06-15,27.62,1.93,67.2,4.52
2012-06-16,27.35,2.47,69.82,4.81
2012-06-17,26.14,7.57,70.01,5.69
2012-06-18,25.78,1.36,74.35,4.82
2012-06-19,27.38,0.33,67.75,4.92
2012-06-20,27.08,0.13,70.76,4.96
2012-06-21,27.14,2.8,69.78,4.5
2012-06-22,27.3,0.18,69.37,4.48
2012-06-23,29.0,0.01,62.65,4.12
2012-06-24,28.74,0.01,63.63,4.09
2012-06-25,28.39,0.2,64.79,3.89
2012-06-26,27.97,0.91,67.3,3.53
2012-06-27,27.15,0.3,65.08,3.7
2012-06-28,26.15,3.55,70.33,3.53
2012-06-29,25.81,1.05,74.42,3.74
2012-06-30,26.84,0.47,68.77,4.9
2012-07-01,26.38,0.45,68.35,5.46
2012-07-02,25.91,2.43,70.98,5.3
2012-07-03,27.34,0.21,66.3,5.51
2012-07-04,28.06,0.06,64.77,4.78
2012-07-05,28.26,0.01,64.12,4.31
2012-07-06,29.02,0.06,62.08,4.52
2012-07-07,28.87,0.15,62.94,4.49
2012-07-08,28.53,0.17,64.01,4.3
2012-07-09,28.05,1.07,67.26,4.35
2012-07-10,27.88,0.68,64.91,4.57
2012-07-11,27.89,0.21,64.67,4.48
2012-07-12,28.73,0.12,62.85,3.95
2012-07-13,28.77,10.69,63.86,4.15
2012-07-14,26.65,12.68,76.48,2.75
2012-07-15,27.3,1.07,72.71,2.44
2012-07-16,27.96,1.32,67.32,1.47
2012-07-17,27.92,1.43,68.44,2.08
2012-07-18,27.67,0.07,65.19,3.72
2012-07-19,27.47,0.0,66.01,4.46
2012-07-20,28.13,0.14,66.75,4.63
2012-07-21,28.05,0.18,65.97,5.4
2012-07-22,27.84,0.1,66.16,5.49
2012-07-23,28.63,0.02,63.4,5.36
2012-07-24,28.46,0.05,63.43,4.78
2012-07-25,28.12,0.13,66.55,4.74
2012-07-26,28.64,0.08,63.46,4.94
2012-07-27,27.93,0.14,65.04,4.53
2012-07-28,28.38,0.05,63.06,4.71
2012-07-29,27.91,0.02,64.76,4.2
2012-07-30,28.18,0.01,63.01,4.44
2012-07-31,27.79,0.0,63.57,4.49
2012-08-01,28.47,0.0,61.69,4.46
2012-08-02,27.84,0.02,64.45,4.83
2012-08-03,27.66,0.03,65.17,4.5
2012-08-04,28.19,0.05,62.81,4.99
2012-08-05,28.75,0.95,62.32,4.67
2012-08-06,28.69,0.37,60.45,4.66
2012-08-07,28.54,1.9,58.46,4.86
2012-08-08,27.91,4.28,66.21,4.14
2012-08-09,27.14,0.5,69.49,4.43
2012-08-10,27.18,1.05,67.46,4.95
2012-08-11,27.0,3.97,68.34,4.66
2012-08-12,27.48,0.15,67.67,3.48
2012-08-13,27.65,0.55,63.38,3.63
2012-08-14,27.45,4.92,62.67,3.33
2012-08-15,26.89,2.71,69.99,3.84
2012-08-16,27.15,5.21,71.03,3.14
2012-08-17,25.9,3.31,75.2,4.07
2012-08-18,26.43,0.1,67.98,4.93
2012-08-19,28.37,0.0,57.51,4.76
2012-08-20,28.77,0.0,60.1,3.84
2012-08-21,28.54,4.27,63.4,3.31
2012-08-22,27.6,0.18,65.78,1.91
2012-08-23,28.52,3.08,65.21,1.97
2012-08-24,28.4,10.25,67.25,2.55
2012-08-25,26.88,0.9,74.83,2.95
2012-08-26,26.07,0.14,73.51,3.1
2012-08-27,26.53,0.32,66.86,4.42
2012-08-28,27.01,2.75,67.76,4.36
2012-08-29,26.36,2.68,73.2,4.42
2012-08-30,26.53,0.87,71.6,4.38
2012-08-31,26.68,1.08,71.73,4.18
2012-09-01,26.59,0.01,67.0,4.71
2012-09-02,27.46,4.66,68.05,4.64
2012-09-03,26.91,1.54,72.38,4.66
2012-09-04,26.69,0.56,69.37,5.1
2012-09-05,27.81,2.5,65.88,4.21
2012-09-06,27.51,7.88,70.41,3.7
2012-09-07,27.17,4.82,70.95,3.95
2012-09-08,26.44,8.17,72.06,3.83
2012-09-09,25.59,6.54,76.44,4.01
2012-09-10,25.72,0.1,68.94,4.42
2012-09-11,25.85,7.64,70.2,3.93
2012-09-12,26.86,0.35,67.5,3.85
2012-09-13,27.7,3.14,68.86,3.51
2012-09-14,27.88,0.79,68.3,3.97
2012-09-15,27.68,1.23,69.0,4.34
2012-09-16,26.94,0.33,69.1,3.81
2012-09-17,28.13,0.82,66.14,3.24
2012-09-18,28.0,1.11,64.74,3.28
2012-09-19,28.43,0.28,64.88,2.05
2012-09-20,28.93,0.01,61.07,2.86
2012-09-21,28.53,0.0,62.91,2.26
2012-09-22,28.53,0.05,61.28,3.17
2012-09-23,28.37,0.03,59.58,2.88
2012-09-24,28.57,0.94,57.59,3.28
2012-09-25,28.06,0.39,59.53,3.32
2012-09-26,28.68,0.06,61.93,2.87
2012-09-27,27.65,4.17,70.53,1.66
2012-09-28,26.68,7.62,75.68,2.13
2012-09-29,27.68,2.05,68.83,2.33
2012-09-30,27.09,4.54,72.23,3.13
2012-10-01,27.7,0.15,67.32,3.55
2012-10-02,27.92,0.0,65.07,3.63
2012-10-03,27.55,0.0,63.9,3.57
2012-10-04,27.98,0.0,63.23,3.14
2012-10-05,28.87,0.0,58.5,2.71
2012-10-06,28.86,0.41,63.75,1.47
2012-10-07,27.85,5.52,72.38,1.47
2012-10-08,28.13,5.91,71.86,0.76
2012-10-09,27.44,11.66,74.19,1.47
2012-10-10,27.14,1.7,72.9,1.66
2012-10-11,27.91,0.09,66.07,1.61
2012-10-12,27.89,0.84,67.26,1.94
2012-10-13,27.24,1.36,73.1,1.61
2012-10-14,26.75,37.19,78.5,1.13
2012-10-15,25.13,15.19,86.21,1.03
2012-10-16,24.79,10.71,87.45,1.9
2012-10-17,25.63,4.56,80.05,2.28
2012-10-18,25.54,11.77,81.12,2.03
2012-10-19,24.93,10.51,85.94,2.17
2012-10-20,23.27,11.97,86.66,2.96
2012-10-21,24.13,9.43,87.38,2.83
2012-10-22,24.47,4.61,88.56,2.09
2012-10-23,24.97,6.98,85.7,2.25
2012-10-24,24.63,2.73,86.36,1.93
2012-10-25,25.56,2.19,81.64,1.52
2012-10-26,25.76,1.2,79.15,1.98
2012-10-27,25.4,0.47,77.33,2.01
2012-10-28,25.63,0.77,78.84,2.42
2012-10-29,25.54,0.36,78.74,2.12
2012-10-30,24.25,1.5,81.59,1.43
2012-10-31,23.09,28.9,84.93,2.77
2012-11-01,24.43,4.65,81.9,4.03
2012-11-02,25.54,0.08,77.95,2.89
2012-11-03,25.25,0.09,75.45,2.5
2012-11-04,25.42,0.0,72.18,1.33
2012-11-05,25.76,0.0,75.84,1.08
2012-11-06,25.67,0.1,76.66,1.43
2012-11-07,25.81,2.25,80.68,1.17
2012-11-08,25.78,1.66,80.33,1.45
2012-11-09,25.67,0.17,78.56,1.3
2012-11-10,25.57,0.02,76.7,1.68
2012-11-11,25.41,0.01,74.96,1.75
2012-11-12,24.92,0.14,72.6,1.41
2012-11-13,24.06,0.03,71.15,1.26
2012-11-14,23.24,0.0,62.64,1.49
2012-11-15,22.48,0.0,59.84,1.34
2012-11-16,23.51,0.0,62.43,1.27
2012-11-17,24.46,0.0,64.93,0.67
2012-11-18,26.02,0.0,64.85,0.45
2012-11-19,25.91,0.0,70.79,0.8
2012-11-20,26.25,0.0,65.91,1.21
2012-11-21,27.06,0.0,65.62,0.86
2012-11-22,27.74,1.42,69.93,0.65
2012-11-23,25.88,3.63,82.84,1.44
2012-11-24,25.15,0.33,77.75,2.05
2012-11-25,25.76,0.18,76.99,2.18
2012-11-26,24.91,0.02,77.45,1.92
2012-11-27,25.52,0.0,71.77,2.33
2012-11-28,24.55,0.0,67.7,1.84
2012-11-29,23.28,0.0,66.89,1.37
2012-11-30,23.71,0.0,66.69,1.39
2012-12-01,23.9,0.0,63.99,1.44
2012-12-02,23.76,0.0,67.75,1.55
2012-12-03,24.96,2.14,75.11,1.98
2012-12-04,25.05,0.8,82.67,2.28
2012-12-05,26.15,0.47,75.42,2.69
2012-12-06,26.53,0.16,73.25,3.01
2012-12-07,25.83,0.01,70.91,2.5
2012-12-08,25.55,0.0,70.06,1.67
2012-12-09,25.08,0.01,67.76,1.47
2012-12-10,24.39,0.0,67.72,1.57
2012-12-11,24.89,0.0,69.18,1.55
2012-12-12,25.21,0.0,68.47,1.55
2012-12-13,25.43,0.0,66.74,1.41
2012-12-14,25.22,0.0,67.67,2.18
2012-12-15,23.95,0.0,68.87,2.44
2012-12-16,24.05,0.0,64.74,2.9
2012-12-17,24.23,0.0,63.35,3.19
2012-12-18,24.28,0.01,67.14,2.85
2012-12-19,24.66,0.01,67.72,2.34
2012-12-20,25.43,0.0,69.68,2.68
2012-12-21,25.56,0.0,68.97,2.83
2012-12-22,24.69,0.0,64.11,2.38
2012-12-23,24.69,0.0,63.52,2.57
2012-12-24,25.1,0.0,65.42,2.24
2012-12-25,25.38,0.0,67.78,2.3
2012-12-26,25.98,0.19,69.09,2.21
2012-12-27,25.83,0.19,70.28,2.75
2012-12-28,25.19,0.59,76.48,2.23
2012-12-29,25.5,1.59,81.84,2.92
2012-12-30,27.09,0.3,73.8,2.59
2012-12-31,26.35,0.35,72.02,2.04
2013-01-01,26.83,0.02,66.48,1.99
2013-01-02,25.67,0.0,59.45,1.34
2013-01-03,25.99,0.0,57.26,1.4
2013-01-04,26.88,0.0,61.84,1.18
2013-01-05,27.68,0.0,59.54,1.94
2013-01-06,27.57,0.0,61.66,2.01
2013-01-07,27.25,0.02,58.72,2.21
2013-01-08,27.36,0.12,59.81,1.96
2013-01-09,26.72,0.37,57.62,1.95
2013-01-10,26.65,0.01,56.12,1.98
2013-01-11,25.52,0.0,55.51,1.97
2013-01-12,24.95,0.0,56.78,1.85
2013-01-13,24.62,0.0,54.81,1.83
2013-01-14,24.88,0.0,51.16,1.71
2013-01-15,25.1,0.0,57.1,2.08
2013-01-16,24.85,0.0,60.06,2.4
2013-01-17,24.74,0.0,60.14,2.33
2013-01-18,25.37,0.0,56.09,2.14
2013-01-19,25.71,0.0,55.02,2.18
2013-01-20,25.73,0.0,53.39,1.95
2013-01-21,26.55,0.0,55.75,2.16
2013-01-22,25.76,0.0,50.12,2.0
2013-01-23,25.75,0.0,52.75,1.81
2013-01-24,25.69,0.0,52.7,1.73
2013-01-25,25.55,0.0,52.19,1.99
2013-01-26,25.39,0.0,50.32,1.99
2013-01-27,25.68,0.0,53.87,2.07
2013-01-28,26.24,0.03,52.06,1.73
2013-01-29,26.54,0.01,51.86,1.39
2013-01-30,26.98,0.0,54.41,2.36
2013-01-31,26.58,0.0,53.95,2.98
2013-02-01,25.36,0.0,47.18,2.21
2013-02-02,25.01,0.0,49.03,1.82
2013-02-03,25.39,0.0,50.15,1.86
2013-02-04,26.19,0.0,52.44,1.42
2013-02-05,28.0,0.27,60.73,2.83
2013-02-06,28.59,0.48,55.84,2.44
2013-02-07,28.71,0.01,49.22,1.58
2013-02-08,29.32,0.0,46.21,1.8
2013-02-09,28.82,0.0,48.01,2.47
2013-02-10,27.94,0.0,50.73,2.73
2013-02-11,27.79,0.01,55.12,3.43
2013-02-12,28.59,0.08,50.55,3.37
2013-02-13,26.6,0.41,60.81,2.78
2013-02-14,27.14,2.12,61.15,3.18
2013-02-15,26.59,1.15,61.08,2.2
2013-02-16,28.82,0.27,54.23,1.28
2013-02-17,29.45,1.33,55.35,2.13
2013-02-18,27.71,12.25,70.0,1.79
2013-02-19,26.02,11.58,77.4,2.58
2013-02-20,27.04,0.06,62.3,2.01
2013-02-21,26.7,0.0,56.75,2.2
2013-02-22,26.03,0.0,56.72,2.12
2013-02-23,26.08,0.0,55.86,1.67
2013-02-24,26.05,0.0,53.71,1.54
2013-02-25,25.6,0.0,47.35,1.38
2013-02-26,25.53,0.0,41.03,1.73
2013-02-27,26.47,0.0,40.0,1.37
2013-02-28,27.28,0.0,45.06,1.32
2013-03-01,27.79,0.0,41.8,1.81
2013-03-02,27.77,0.0,37.67,2.47
2013-03-03,27.85,0.0,39.74,2.17
2013-03-04,28.19,0.01,49.99,2.6
2013-03-05,27.4,4.01,67.69,3.39
2013-03-06,27.44,2.39,69.69,2.93
2013-03-07,28.18,0.5,66.19,3.24
2013-03-08,28.0,1.48,62.15,2.14
2013-03-09,28.76,0.62,60.68,1.8
2013-03-10,29.6,0.01,53.32,1.48
2013-03-11,30.38,0.45,46.92,1.99
2013-03-12,30.15,0.03,44.12,1.24
2013-03-13,30.2,0.0,37.63,1.55
2013-03-14,29.16,0.0,40.4,2.31
2013-03-15,28.97,0.08,46.73,2.16
2013-03-16,29.45,0.31,51.47,2.36
2013-03-17,30.25,0.01,45.19,1.77
2013-03-18,30.39,0.0,40.64,1.54
2013-03-19,29.89,0.0,42.2,1.81
2013-03-20,29.95,0.0,44.44,1.65
2013-03-21,30.15,0.0,41.87,1.82
2013-03-22,30.99,0.0,32.12,1.6
2013-03-23,30.88,0.0,31.67,1.63
2013-03-24,30.31,0.0,35.61,1.9
2013-03-25,31.04,0.31,43.87,1.22
2013-03-26,32.27,0.89,42.79,1.18
2013-03-27,32.93,0.07,42.14,1.65
2013-03-28,32.28,0.12,44.69,0.92
2013-03-29,32.8,0.02,46.53,1.38
2013-03-30,32.65,0.0,46.35,1.47
2013-03-31,33.24,0.16,45.58,1.93
2013-04-01,33.61,0.0,43.01,1.5
2013-04-02,33.71,0.05,42.4,1.64
2013-04-03,33.4,0.0,42.28,1.69
2013-04-04,33.91,0.0,43.17,2.27
2013-04-05,33.19,0.4,44.16,2.1
2013-04-06,33.17,0.0,45.67,2.84
2013-04-07,33.81,0.0,41.97,1.94
2013-04-08,33.39,0.0,43.13,2.1
2013-04-09,34.15,0.03,39.27,1.77
2013-04-10,33.6,0.01,39.89,1.52
2013-04-11,33.07,0.0,41.85,1.33
2013-04-12,33.22,0.0,40.21,1.99
2013-04-13,32.98,0.0,41.66,1.91
2013-04-14,33.76,0.0,42.74,1.61
2013-04-15,31.95,1.98,50.12,2.97
2013-04-16,31.54,0.22,52.39,2.7
2013-04-17,32.86,0.12,47.79,3.43
2013-04-18,31.14,0.02,47.01,2.3
2013-04-19,32.95,0.0,41.37,2.58
2013-04-20,33.29,0.0,39.39,2.69
2013-04-21,33.08,0.18,40.04,1.69
2013-04-22,33.24,0.04,41.67,1.93
2013-04-23,33.01,0.72,45.89,1.62
2013-04-24,30.09,3.63,57.11,1.28
2013-04-25,30.72,1.59,55.15,1.35
2013-04-26,31.06,0.04,53.34,1.68
2013-04-27,32.49,0.0,46.84,1.38
2013-04-28,32.43,0.75,50.33,2.03
2013-04-29,30.57,3.09,59.2,2.11
2013-04-30,32.16,0.07,50.66,2.21
2013-05-01,31.43,0.18,50.5,1.62
2013-05-02,31.76,0.19,53.37,1.94
2013-05-03,32.64,0.38,53.11,2.81
2013-05-04,30.37,2.12,62.05,2.85
2013-05-05,30.14,0.22,61.49,1.38
2013-05-06,31.5,0.09,53.9,1.21
2013-05-07,30.95,1.29,58.05,2.73
2013-05-08,31.49,0.4,54.78,4.0
2013-05-09,32.71,0.21,51.76,3.24
2013-05-10,32.52,0.42,52.22,2.64
2013-05-11,32.98,1.05,49.0,3.62
2013-05-12,30.33,0.59,59.52,4.07
2013-05-13,28.69,0.05,57.42,1.96
2013-05-14,30.17,0.01,56.47,4.44
2013-05-15,31.17,0.0,51.71,4.48
2013-05-16,31.35,0.0,47.79,3.26
2013-05-17,32.41,0.03,48.75,3.91
2013-05-18,32.58,0.25,50.59,3.53
2013-05-19,32.78,5.38,52.57,2.57
2013-05-20,29.9,4.37,67.1,2.91
2013-05-21,30.56,0.49,55.29,2.77
2013-05-22,30.96,0.26,56.93,4.65
2013-05-23,30.88,0.27,57.41,5.42
2013-05-24,30.3,0.05,60.97,5.08
2013-05-25,28.36,2.8,65.47,4.81
2013-05-26,27.21,0.81,64.3,3.6
2013-05-27,26.9,0.38,71.4,3.87
2013-05-28,26.64,0.47,70.73,3.87
2013-05-29,27.16,0.26,69.55,3.97
2013-05-30,27.86,6.94,69.79,3.61
2013-05-31,25.88,10.54,80.67,2.88
2013-06-01,26.75,2.52,72.49,4.17
2013-06-02,26.01,2.14,73.9,5.09
2013-06-03,27.19,0.61,71.85,4.34
2013-06-04,28.14,0.08,65.32,4.08
2013-06-05,28.63,0.1,63.79,3.81
2013-06-06,28.02,1.21,68.08,4.22
2013-06-07,26.8,1.73,71.3,4.62
2013-06-08,26.6,0.52,69.51,4.67
2013-06-09,27.26,0.28,63.92,5.34
2013-06-10,28.01,0.18,62.3,5.29
2013-06-11,27.64,1.22,66.96,5.37
2013-06-12,26.85,0.54,67.28,5.84
2013-06-13,27.36,0.31,63.16,6.08
2013-06-14,27.86,0.41,66.54,5.82
2013-06-15,28.37,1.85,65.87,6.13
2013-06-16,27.9,2.3,68.21,5.89
2013-06-17,26.73,2.69,69.69,5.88
2013-06-18,26.62,4.63,71.77,5.35
2013-06-19,26.14,5.06,76.02,5.1
2013-06-20,26.39,0.44,73.47,4.47
2013-06-21,26.77,2.97,71.96,5.03
2013-06-22,26.21,1.86,70.12,5.39
2013-06-23,27.06,0.9,68.47,5.15
2013-06-24,27.27,2.88,71.09,5.22
2013-06-25,27.43,1.69,71.34,4.87
2013-06-26,26.72,11.51,76.16,4.2
2013-06-27,27.07,0.73,72.99,4.29
2013-06-28,27.19,0.46,67.44,4.15
2013-06-29,27.95,0.09,62.63,4.05
2013-06-30,27.04,0.35,67.48,4.64
2013-07-01,26.0,0.24,67.23,5.1
2013-07-02,26.7,0.42,66.68,5.81
2013-07-03,25.81,0.48,68.66,5.93
2013-07-04,27.45,1.37,69.59,5.17
2013-07-05,27.45,0.23,70.17,4.1
2013-07-06,26.72,0.21,71.14,4.29
2013-07-07,26.55,0.23,70.44,4.42
2013-07-08,26.82,1.08,67.86,4.8
2013-07-09,26.51,1.07,68.37,5.17
2013-07-10,26.65,1.55,66.63,5.2
2013-07-11,26.45,0.81,64.84,5.18
2013-07-12,26.24,0.31,69.92,5.02
2013-07-13,26.17,0.11,70.67,4.68
2013-07-14,27.5,0.19,67.09,3.99
2013-07-15,27.47,0.19,68.64,5.03
2013-07-16,26.45,2.68,70.98,5.2
2013-07-17,26.33,0.2,70.78,4.91
2013-07-18,27.15,1.6,67.97,5.55
2013-07-19,25.64,4.98,75.46,5.31
2013-07-20,26.11,3.45,72.8,5.13
2013-07-21,26.11,1.58,71.31,5.12
2013-07-22,26.5,0.29,69.03,5.35
2013-07-23,26.76,0.14,66.68,6.18
2013-07-24,26.58,0.72,66.09,6.85
2013-07-25,26.6,0.42,67.37,6.26
2013-07-26,26.37,0.96,68.36,5.67
2013-07-27,26.93,0.96,68.75,4.53
2013-07-28,27.38,1.25,68.92,4.1
2013-07-29,26.24,0.03,66.31,4.82
2013-07-30,26.7,0.01,68.0,5.12
2013-07-31,27.32,0.65,65.55,6.5
2013-08-01,27.37,1.35,67.32,6.58
2013-08-02,27.07,0.61,66.89,6.23
2013-08-03,27.65,0.6,63.07,5.62
2013-08-04,26.64,7.42,70.64,5.69
2013-08-05,25.53,6.06,74.31,5.77
2013-08-06,25.63,1.73,74.0,4.43
2013-08-07,26.9,1.69,70.07,3.83
2013-08-08,27.23,1.38,70.11,4.0
2013-08-09,25.37,3.52,79.67,3.07
2013-08-10,26.12,17.12,77.69,3.34
2013-08-11,26.48,0.89,73.76,3.33
2013-08-12,27.29,0.14,69.07,3.71
2013-08-13,26.52,0.34,71.21,3.69
2013-08-14,26.09,0.93,71.72,3.82
2013-08-15,26.97,1.4,71.0,3.83
2013-08-16,27.37,2.19,68.0,3.85
2013-08-17,27.38,0.85,68.23,3.69
2013-08-18,27.53,0.36,66.58,4.41
2013-08-19,26.67,0.1,69.69,4.07
2013-08-20,27.49,0.07,68.2,4.8
2013-08-21,27.4,0.08,67.89,4.68
2013-08-22,27.23,0.06,67.52,4.26
2013-08-23,28.17,0.02,64.06,4.43
2013-08-24,27.87,0.2,64.92,4.26
2013-08-25,28.26,1.48,64.39,4.02
2013-08-26,28.2,1.54,65.33,3.5
2013-08-27,28.32,4.88,64.91,3.04
2013-08-28,27.72,8.11,69.14,2.54
2013-08-29,26.91,12.24,75.24,2.16
2013-08-30,28.26,1.15,69.97,1.3
2013-08-31,28.38,1.19,70.03,0.91
2013-09-01,27.96,3.7,71.11,1.2
2013-09-02,27.85,8.16,72.9,0.72
2013-09-03,26.84,4.16,73.5,2.23
2013-09-04,26.04,0.64,70.61,2.43
2013-09-05,26.66,14.71,71.68,2.83
2013-09-06,25.46,14.35,80.02,2.47
2013-09-07,26.1,5.67,75.4,3.23
2013-09-08,24.64,4.18,81.68,3.1
2013-09-09,25.86,1.69,73.39,3.61
2013-09-10,26.24,8.71,73.56,3.37
2013-09-11,26.13,2.2,75.0,3.21
2013-09-12,25.56,7.25,78.67,3.35
2013-09-13,26.31,0.79,76.84,3.62
2013-09-14,26.77,0.79,75.31,3.48
2013-09-15,26.34,2.03,76.08,3.78
2013-09-16,27.02,0.76,75.27,3.69
2013-09-17,26.31,2.5,76.46,4.37
2013-09-18,26.36,2.78,73.5,5.17
2013-09-19,26.63,0.89,70.42,4.98
2013-09-20,26.5,0.33,72.81,5.07
2013-09-21,26.35,0.04,74.36,4.04
2013-09-22,27.13,0.01,69.22,3.9
2013-09-23,26.75,0.0,69.19,3.28
2013-09-24,27.69,0.0,67.97,3.31
2013-09-25,27.93,1.35,67.72,3.34
2013-09-26,28.23,0.02,65.5,2.87
2013-09-27,28.71,0.01,63.62,2.8
2013-09-28,27.94,0.0,65.17,3.54
2013-09-29,27.66,0.08,65.38,3.86
2013-09-30,27.92,0.19,65.71,3.74
2013-10-01,28.43,0.45,66.07,3.33
2013-10-02,28.15,0.97,66.1,3.51
2013-10-03,26.98,0.39,69.34,3.23
2013-10-04,26.64,0.01,67.12,3.22
2013-10-05,26.8,0.03,64.03,3.58
2013-10-06,27.55,0.29,65.88,3.72
2013-10-07,27.75,0.91,69.77,2.66
2013-10-08,26.75,18.6,77.51,1.94
2013-10-09,25.97,1.47,77.17,2.93
2013-10-10,25.63,1.77,76.91,2.75
2013-10-11,27.61,0.03,67.86,3.28
2013-10-12,26.86,0.14,67.04,3.84
2013-10-13,27.98,0.1,67.97,3.93
2013-10-14,28.85,0.01,64.9,2.81
2013-10-15,27.06,4.24,76.07,2.4
2013-10-16,26.17,16.87,82.78,2.21
2013-10-17,24.81,6.98,83.28,1.84
2013-10-18,24.94,3.86,83.67,0.99
2013-10-19,25.16,15.04,83.94,1.36
2013-10-20,24.89,8.86,83.59,1.08
2013-10-21,26.29,7.12,76.79,1.17
2013-10-22,25.93,6.29,82.48,1.57
2013-10-23,25.47,0.67,82.7,2.54
2013-10-24,25.99,6.68,80.41,2.46
2013-10-25,25.95,2.17,80.68,2.68
2013-10-26,26.52,2.43,77.07,2.25
2013-10-27,26.44,0.34,72.62,2.58
2013-10-28,26.31,0.93,70.22,2.19
2013-10-29,27.12,0.53,72.65,1.12
2013-10-30,27.04,0.47,74.4,1.08
2013-10-31,26.9,0.63,74.01,1.75
2013-11-01,26.17,1.81,76.08,1.15
2013-11-02,25.88,5.3,82.94,1.67
2013-11-03,25.21,2.29,83.07,1.75
2013-11-04,25.24,4.34,81.11,2.0
2013-11-05,24.85,3.68,84.45,2.07
2013-11-06,25.38,0.84,78.02,2.38
2013-11-07,25.67,0.02,74.15,2.64
2013-11-08,25.59,0.0,68.33,2.42
2013-11-09,25.07,0.0,67.66,1.95
2013-11-10,25.97,0.0,68.01,1.77
2013-11-11,26.75,0.03,67.9,1.98
2013-11-12,26.03,1.08,73.32,1.45
2013-11-13,23.37,2.2,77.47,1.21
2013-11-14,24.99,1.04,72.12,0.8
2013-11-15,24.93,1.69,71.16,1.8
2013-11-16,23.88,16.15,80.9,2.37
2013-11-17,24.53,17.0,84.66,1.83
2013-11-18,24.89,6.93,82.71,2.23
2013-11-19,25.27,0.79,76.86,1.36
2013-11-20,26.76,0.98,66.24,0.71
2013-11-21,26.45,1.26,70.64,0.76
2013-11-22,26.06,0.42,74.93,0.97
2013-11-23,25.98,1.91,77.68,1.14
2013-11-24,25.29,2.7,80.94,1.5
2013-11-25,25.41,1.65,78.86,1.24
2013-11-26,26.03,0.6,73.79,1.21
2013-11-27,25.93,0.08,73.04,1.19
2013-11-28,25.79,0.0,72.23,1.03
2013-11-29,25.2,0.0,72.01,1.84
2013-11-30,25.24,0.2,73.25,1.82
2013-12-01,24.83,4.5,81.64,2.11
2013-12-02,23.89,4.09,84.45,1.75
2013-12-03,23.31,1.18,83.41,1.75
2013-12-04,23.76,0.44,80.88,2.37
2013-12-05,24.6,0.02,73.5,2.1
2013-12-06,25.26,0.0,64.67,1.5
2013-12-07,25.33,0.0,61.46,1.55
2013-12-08,27.07,0.0,67.09,1.23
2013-12-09,27.0,0.0,64.3,1.04
2013-12-10,26.01,0.0,56.39,0.87
2013-12-11,25.99,0.0,50.96,1.08
2013-12-12,24.16,13.21,73.28,2.43
2013-12-13,24.97,3.68,82.56,3.59
2013-12-14,25.36,0.35,77.12,1.65
2013-12-15,25.37,0.07,70.17,1.91
2013-12-16,22.56,0.0,62.44,1.6
2013-12-17,22.01,0.0,70.01,2.08
2013-12-18,23.04,0.0,70.69,2.05
2013-12-19,23.63,0.0,70.21,1.42
2013-12-20,23.28,0.0,71.44,1.44
2013-12-21,22.68,0.0,69.96,1.59
2013-12-22,22.82,0.0,68.78,2.18
2013-12-23,22.64,0.0,68.02,2.15
2013-12-24,23.77,0.0,68.14,2.76
2013-12-25,24.15,0.0,67.01,2.34
2013-12-26,23.45,0.0,67.03,2.15
2013-12-27,23.4,0.0,65.81,2.15
2013-12-28,23.29,0.0,64.63,1.56
2013-12-29,22.89,0.0,65.0,1.79
2013-12-30,22.74,0.0,63.16,1.97
2013-12-31,23.31,0.0,66.09,2.14
2014-01-01,23.71,0.0,68.48,2.52
2014-01-02,23.96,0.0,66.68,2.15
2014-01-03,23.84,0.0,69.66,1.72
2014-01-04,24.21,0.0,65.5,2.01
2014-01-05,24.57,0.0,60.2,1.65
2014-01-06,24.53,0.01,61.73,1.73
2014-01-07,24.56,0.72,66.5,2.22
2014-01-08,24.26,0.55,71.7,2.66
2014-01-09,25.45,0.04,65.96,2.46
2014-01-10,24.76,0.0,63.69,1.77
2014-01-11,24.17,0.0,64.26,1.51
2014-01-12,24.63,0.0,64.17,1.59
2014-01-13,24.94,0.0,63.02,1.84
2014-01-14,25.68,0.01,63.92,2.37
2014-01-15,25.58,0.0,60.25,1.89
2014-01-16,25.49,0.0,61.95,1.86
2014-01-17,25.16,0.0,62.68,2.15
2014-01-18,25.08,0.0,57.94,2.11
2014-01-19,25.19,0.0,64.14,2.34
2014-01-20,25.79,0.0,59.88,3.07
2014-01-21,25.45,0.0,57.33,2.77
2014-01-22,25.22,0.0,59.1,2.54
2014-01-23,25.37,0.0,56.69,2.08
2014-01-24,25.5,0.0,59.32,1.92
2014-01-25,25.82,0.0,58.27,2.59
2014-01-26,24.99,0.0,55.26,2.89
2014-01-27,24.81,0.0,58.02,2.98
2014-01-28,25.1,0.0,52.2,2.49
2014-01-29,24.92,0.0,51.38,1.88
2014-01-30,25.37,0.0,51.0,1.95
2014-01-31,25.71,0.0,54.83,2.12
2014-02-01,26.12,0.0,57.94,2.53
2014-02-02,26.56,0.0,57.84,2.9
2014-02-03,25.86,0.0,52.73,2.2
2014-02-04,25.47,0.0,50.47,1.51
2014-02-05,25.31,0.0,44.93,1.55
2014-02-06,25.26,0.0,46.13,1.67
2014-02-07,25.09,0.0,46.42,1.61
2014-02-08,25.11,0.0,46.81,1.6
2014-02-09,25.32,0.0,43.61,1.32
2014-02-10,26.4,0.0,40.25,1.44
2014-02-11,26.74,0.0,45.51,1.51
2014-02-12,27.15,0.0,50.42,1.17
2014-02-13,28.67,0.0,47.38,1.91
2014-02-14,28.56,0.0,50.05,1.25
2014-02-15,29.21,0.0,49.12,0.97
2014-02-16,29.92,0.0,47.52,1.29
2014-02-17,30.16,0.04,46.32,1.89
2014-02-18,28.84,0.02,55.63,3.53
2014-02-19,28.38,0.0,55.53,2.6
2014-02-20,28.2,0.0,54.47,2.4
2014-02-21,28.22,0.36,50.62,2.33
2014-02-22,28.01,0.28,48.12,1.94
2014-02-23,27.3,0.0,45.23,2.2
2014-02-24,26.85,1.84,63.91,3.08
2014-02-25,27.65,0.14,59.91,3.33
2014-02-26,27.51,0.0,50.45,2.41
2014-02-27,27.31,0.0,48.79,1.51
2014-02-28,28.26,0.01,54.12,1.76
2014-03-01,29.03,0.05,52.46,2.3
2014-03-02,27.9,0.05,53.82,2.14
2014-03-03,28.89,0.45,51.76,2.52
2014-03-04,29.28,0.49,53.8,2.41
2014-03-05,27.09,0.19,59.06,2.59
2014-03-06,29.24,0.22,51.61,2.23
2014-03-07,28.54,0.42,51.93,3.04
2014-03-08,28.75,0.17,51.51,2.78
2014-03-09,28.43,0.01,50.33,2.78
2014-03-10,28.98,0.02,48.48,2.86
2014-03-11,28.33,0.0,48.6,3.15
2014-03-12,27.81,0.0,46.19,2.84
2014-03-13,27.72,0.0,47.19,2.62
2014-03-14,27.97,0.0,43.56,2.58
2014-03-15,27.85,0.0,35.89,2.43
2014-03-16,28.32,0.0,37.89,2.78
2014-03-17,29.1,0.0,37.39,2.63
2014-03-18,29.96,0.0,39.47,2.35
2014-03-19,30.24,0.0,39.41,2.35
2014-03-20,31.54,0.13,44.37,2.0
2014-03-21,31.72,0.15,39.42,1.69
2014-03-22,31.67,0.0,37.26,1.4
2014-03-23,31.29,0.0,35.02,2.04
2014-03-24,30.09,0.0,34.31,2.0
2014-03-25,30.15,0.0,33.01,2.28
2014-03-26,29.44,0.0,35.34,2.58
2014-03-27,28.96,0.0,33.66,1.62
2014-03-28,29.57,0.0,32.33,1.83
2014-03-29,30.63,0.0,25.83,2.05
2014-03-30,30.66,0.0,26.9,1.79
2014-03-31,31.3,0.0,36.32,1.67
2014-04-01,32.01,0.0,40.6,1.72
2014-04-02,32.82,0.0,39.04,2.05
2014-04-03,31.46,0.0,33.65,2.24
2014-04-04,31.07,0.0,35.92,2.0
2014-04-05,31.66,0.0,39.28,2.13
2014-04-06,31.75,0.09,42.66,2.44
2014-04-07,32.34,0.21,42.03,1.5
2014-04-08,30.14,0.25,55.58,2.17
2014-04-09,31.11,0.03,51.67,1.84
2014-04-10,32.42,0.05,42.8,1.8
2014-04-11,31.7,0.34,48.29,2.72
2014-04-12,32.84,0.42,45.53,1.83
2014-04-13,33.1,0.02,43.1,1.67
2014-04-14,32.64,0.11,43.47,2.2
2014-04-15,32.34,0.48,43.68,2.19
2014-04-16,32.01,0.01,41.81,1.06
2014-04-17,32.93,0.0,45.45,1.77
2014-04-18,33.71,0.11,41.59,1.92
2014-04-19,33.88,0.01,38.98,1.74
2014-04-20,32.24,0.14,38.76,1.55
2014-04-21,32.64,0.0,39.01,2.2
2014-04-22,32.16,0.08,39.52,2.19
2014-04-23,32.98,1.26,41.54,1.97
2014-04-24,32.28,0.64,51.63,1.8
2014-04-25,32.82,0.01,50.29,2.04
2014-04-26,33.76,0.03,45.07,1.7
2014-04-27,33.76,0.01,43.52,1.59
2014-04-28,31.68,0.0,51.29,0.98
2014-04-29,32.07,0.21,46.13,1.19
2014-04-30,32.6,1.88,46.81,1.8
2014-05-01,31.34,1.87,46.1,1.15
2014-05-02,31.88,3.71,51.39,1.63
2014-05-03,31.31,1.04,55.14,1.63
2014-05-04,29.89,5.09,60.51,1.67
2014-05-05,28.97,2.49,67.74,2.08
2014-05-06,26.57,23.02,79.99,2.63
2014-05-07,25.88,22.35,84.67,3.54
2014-05-08,27.5,13.36,75.76,3.66
2014-05-09,27.6,0.4,75.13,2.82
2014-05-10,28.95,0.03,70.14,2.83
2014-05-11,29.11,3.34,69.02,1.88
2014-05-12,28.8,2.87,72.64,2.03
2014-05-13,27.81,1.96,74.39,2.42
2014-05-14,28.78,0.24,66.03,2.9
2014-05-15,28.95,0.0,62.05,3.31
2014-05-16,29.64,0.0,58.69,3.55
2014-05-17,29.76,0.21,59.88,3.39
2014-05-18,29.79,0.0,61.81,1.81
2014-05-19,30.41,0.29,64.39,2.02
2014-05-20,29.09,5.01,69.49,2.52
2014-05-21,29.17,2.57,62.47,2.72
2014-05-22,30.06,0.46,63.7,3.6
2014-05-23,29.41,4.89,68.65,3.49
2014-05-24,28.31,11.04,75.73,3.45
2014-05-25,26.89,0.52,73.13,3.08
2014-05-26,29.15,2.31,65.84,2.91
2014-05-27,30.29,0.25,62.18,2.54
2014-05-28,30.08,3.4,66.33,2.77
2014-05-29,29.22,2.19,68.48,3.11
2014-05-30,29.77,0.3,65.61,3.27
2014-05-31,30.45,0.32,64.78,3.63
2014-06-01,30.48,1.29,65.42,3.68
2014-06-02,28.17,9.89,74.6,3.35
2014-06-03,27.16,0.67,75.5,2.35
2014-06-04,29.25,0.09,65.18,3.56
2014-06-05,29.55,1.19,65.83,3.53
2014-06-06,28.59,1.26,70.82,4.47
2014-06-07,28.06,0.78,69.49,5.64
2014-06-08,29.07,0.46,65.03,5.78
2014-06-09,28.41,0.29,67.96,4.94
2014-06-10,28.07,0.58,71.24,4.97
2014-06-11,28.81,0.56,64.9,5.46
2014-06-12,28.26,0.32,66.32,5.05
2014-06-13,28.2,0.25,65.28,4.61
2014-06-14,28.93,0.08,64.72,4.43
2014-06-15,28.73,0.02,59.91,4.22
2014-06-16,27.57,0.06,70.52,4.46
2014-06-17,28.25,0.28,67.28,4.98
2014-06-18,28.19,1.69,70.14,5.3
2014-06-19,28.39,0.38,68.78,5.3
2014-06-20,28.33,0.05,69.98,5.08
2014-06-21,27.91,7.37,70.61,5.93
2014-06-22,28.47,1.68,64.99,4.76
2014-06-23,28.77,0.07,66.24,4.35
2014-06-24,29.23,0.11,65.79,4.47
2014-06-25,29.09,0.01,63.6,4.7
2014-06-26,29.9,0.0,60.63,3.83
2014-06-27,29.44,0.0,64.78,2.84
2014-06-28,28.51,4.92,71.7,2.62
2014-06-29,28.66,2.02,67.53,3.58
2014-06-30,27.95,5.47,68.95,3.7
2014-07-01,27.11,2.85,78.31,3.15
2014-07-02,27.98,0.05,67.87,3.67
2014-07-03,28.99,0.0,63.84,4.02
2014-07-04,29.14,0.5,64.42,4.15
2014-07-05,28.61,0.42,68.32,4.24
2014-07-06,28.06,0.16,64.19,3.74
2014-07-07,26.87,1.8,66.42,4.39
2014-07-08,26.89,0.49,63.6,4.64
2014-07-09,27.43,0.93,62.12,5.02
2014-07-10,27.0,1.12,67.8,5.22
2014-07-11,27.06,0.45,70.82,4.65
2014-07-12,27.47,0.46,69.5,5.47
2014-07-13,26.75,1.34,68.47,6.0
2014-07-14,27.21,1.22,68.67,5.81
2014-07-15,26.79,2.45,73.23,5.06
2014-07-16,27.04,0.25,70.52,4.99
2014-07-17,27.68,0.03,67.97,4.96
2014-07-18,28.33,0.2,64.06,5.16
2014-07-19,27.43,0.68,68.1,5.4
2014-07-20,27.99,0.92,67.35,5.53
2014-07-21,27.55,1.38,68.07,5.29
2014-07-22,26.71,0.93,69.42,5.78
2014-07-23,26.33,2.35,69.64,6.54
2014-07-24,26.92,0.47,65.63,5.48
2014-07-25,27.3,0.34,66.71,5.69
2014-07-26,27.62,1.28,67.04,5.12
2014-07-27,27.3,0.33,69.96,5.24
2014-07-28,27.22,0.14,68.79,5.45
2014-07-29,27.41,0.03,66.87,5.1
2014-07-30,28.01,0.33,64.49,5.73
2014-07-31,27.57,3.44,66.47,5.48
2014-08-01,27.49,2.61,71.06,5.3
2014-08-02,27.36,0.64,69.66,5.03
2014-08-03,27.2,1.05,70.93,5.45
2014-08-04,26.45,2.03,69.92,5.97
2014-08-05,26.54,0.52,70.72,5.91
2014-08-06,26.97,0.64,67.43,5.24
2014-08-07,27.06,0.34,68.08,4.7
2014-08-08,27.16,7.12,67.84,4.6
2014-08-09,26.02,3.74,73.57,3.6
2014-08-10,26.91,1.23,69.29,4.05
2014-08-11,25.72,3.34,75.26,4.05
2014-08-12,25.77,0.41,74.71,3.41
2014-08-13,26.74,0.06,68.9,3.77
2014-08-14,26.88,1.1,69.05,3.74
2014-08-15,26.47,1.04,71.05,2.85
2014-08-16,27.09,4.73,68.4,3.09
2014-08-17,26.76,6.08,72.67,2.84
2014-08-18,27.48,17.84,72.24,1.44
2014-08-19,26.49,1.24,77.24,1.21
2014-08-20,28.03,1.54,71.44,1.42
2014-08-21,28.29,0.89,72.75,1.83
2014-08-22,27.71,5.01,74.05,1.4
2014-08-23,26.13,5.53,81.21,2.6
2014-08-24,26.54,1.23,75.82,2.92
2014-08-25,27.06,0.02,70.14,3.27
2014-08-26,27.34,0.0,67.44,4.11
2014-08-27,26.65,0.16,69.44,4.26
2014-08-28,26.92,0.29,68.27,4.76
2014-08-29,26.89,0.89,69.31,4.77
2014-08-30,26.76,1.62,67.15,5.58
2014-08-31,26.4,1.56,69.15,4.99
2014-09-01,26.84,1.27,72.99,4.21
2014-09-02,26.85,1.81,71.81,3.79
2014-09-03,26.75,0.35,68.19,4.45
2014-09-04,27.21,0.21,67.13,3.53
2014-09-05,26.74,1.34,67.04,4.21
2014-09-06,26.95,0.23,66.22,4.66
2014-09-07,26.53,0.82,71.09,4.5
2014-09-08,27.61,0.13,67.1,4.41
2014-09-09,27.93,0.21,65.54,4.23
2014-09-10,28.6,0.05,62.52,3.86
2014-09-11,28.9,0.0,60.07,3.71
2014-09-12,28.6,3.11,61.38,3.32
2014-09-13,29.13,0.35,61.4,3.31
2014-09-14,28.75,2.5,63.88,3.62
2014-09-15,27.79,0.53,66.62,3.74
2014-09-16,27.14,0.13,67.8,3.85
2014-09-17,28.44,0.01,63.52,4.35
2014-09-18,28.01,0.06,63.48,4.45
2014-09-19,29.03,0.36,61.77,3.84
2014-09-20,28.58,0.13,62.41,3.84
2014-09-21,29.4,0.09,60.33,2.62
2014-09-22,27.46,11.92,73.59,1.81
2014-09-23,28.13,17.95,76.01,0.98
2014-09-24,27.82,8.92,77.33,1.0
2014-09-25,27.99,11.2,73.9,1.85
2014-09-26,27.45,3.18,75.62,1.46
2014-09-27,26.81,3.82,76.47,1.93
2014-09-28,27.1,4.97,75.02,1.86
2014-09-29,27.12,5.39,77.08,1.6
2014-09-30,27.3,4.57,76.1,1.59
2014-10-01,28.19,0.43,69.71,1.45
2014-10-02,28.73,0.01,64.15,1.18
2014-10-03,28.92,0.01,62.71,0.97
2014-10-04,27.8,2.41,72.29,1.86
2014-10-05,26.92,6.55,76.17,2.23
2014-10-06,27.31,1.87,72.48,2.8
2014-10-07,26.39,7.08,75.79,2.49
2014-10-08,26.6,9.7,74.63,2.19
2014-10-09,27.06,3.12,76.24,2.04
2014-10-10,27.23,2.26,76.52,3.17
2014-10-11,25.63,0.38,68.67,4.54
2014-10-12,26.3,0.36,68.86,3.13
2014-10-13,28.34,0.09,69.56,2.27
2014-10-14,27.25,2.45,76.53,0.94
2014-10-15,27.01,6.29,78.77,2.08
2014-10-16,26.65,5.35,71.13,2.19
2014-10-17,25.76,14.94,73.5,1.25
2014-10-18,24.82,19.64,84.39,1.96
2014-10-19,24.6,12.58,82.42,1.84
2014-10-20,24.49,4.87,79.05,2.01
2014-10-21,23.93,5.02,82.69,1.93
2014-10-22,25.21,4.67,79.25,1.76
2014-10-23,25.2,6.25,83.31,1.87
2014-10-24,25.6,2.1,79.2,0.85
2014-10-25,24.54,18.39,90.63,1.06
2014-10-26,24.86,8.13,84.41,1.11
2014-10-27,25.41,9.2,82.54,0.53
2014-10-28,24.87,5.96,85.51,0.84
2014-10-29,24.67,5.05,84.95,1.1
2014-10-30,24.51,1.22,83.51,1.38
2014-10-31,24.44,0.0,76.53,1.1
2014-11-01,24.1,16.03,80.39,1.07
2014-11-02,24.85,3.97,80.45,1.04
2014-11-03,24.32,4.48,77.05,1.1
2014-11-04,24.65,1.29,72.21,0.64
2014-11-05,24.9,0.0,69.25,1.54
2014-11-06,24.35,0.0,64.63,1.4
2014-11-07,25.64,0.0,59.05,0.78
2014-11-08,26.1,0.0,67.32,0.56
2014-11-09,26.11,0.24,77.38,1.12
2014-11-10,26.04,0.39,79.91,1.45
2014-11-11,25.95,2.85,79.38,2.07
2014-11-12,24.83,3.06,84.52,1.8
2014-11-13,24.6,10.42,84.92,1.57
2014-11-14,24.39,6.57,89.67,1.87
2014-11-15,25.24,1.67,83.79,2.1
2014-11-16,24.69,0.5,80.56,1.93
2014-11-17,24.14,0.07,77.95,2.25
2014-11-18,23.79,0.45,81.07,2.45
2014-11-19,24.79,0.28,78.85,2.69
2014-11-20,24.29,0.38,77.96,2.33
2014-11-21,23.3,1.29,81.75,1.64
2014-11-22,24.27,1.99,79.75,1.71
2014-11-23,24.4,0.59,79.97,2.31
2014-11-24,24.23,0.22,76.75,2.49
2014-11-25,23.13,0.0,73.82,2.18
2014-11-26,23.75,0.01,72.75,1.97
2014-11-27,23.67,1.48,76.81,1.58
2014-11-28,23.04,1.49,74.33,1.1
2014-11-29,21.69,2.52,70.27,0.89
2014-11-30,22.29,0.38,71.69,2.18
2014-12-01,23.08,2.02,79.66,2.36
2014-12-02,24.2,0.04,76.07,2.06
2014-12-03,23.83,0.0,67.18,1.47
2014-12-04,22.53,0.0,68.68,1.45
2014-12-05,22.29,0.0,72.23,1.52
2014-12-06,22.82,0.0,71.19,1.53
2014-12-07,24.63,0.0,75.5,1.51
2014-12-08,25.52,0.07,75.98,1.75
2014-12-09,25.45,0.83,76.35,1.78
2014-12-10,24.78,4.69,82.44,1.76
2014-12-11,24.8,0.3,77.65,1.76
2014-12-12,25.01,1.1,77.88,2.13
2014-12-13,24.55,0.48,79.74,1.9
2014-12-14,25.42,0.07,76.57,2.35
2014-12-15,25.04,0.0,71.89,1.43
2014-12-16,25.31,0.76,78.04,2.49
2014-12-17,24.13,2.18,79.38,2.78
2014-12-18,23.73,1.41,83.03,2.77
2014-12-19,24.41,0.33,79.46,3.04
2014-12-20,23.47,0.02,73.58,2.25
2014-12-21,24.51,0.0,70.22,1.86
2014-12-22,24.51,0.0,70.33,1.91
2014-12-23,25.07,0.0,72.53,1.74
2014-12-24,25.13,0.0,71.65,2.27
2014-12-25,24.6,0.0,67.31,1.72
2014-12-26,23.06,0.0,61.57,1.59
2014-12-27,23.13,0.22,64.34,1.52
2014-12-28,22.9,0.99,76.1,1.37
2014-12-29,25.3,1.07,73.83,1.45
2014-12-30,26.92,0.08,66.45,1.04
2014-12-31,26.12,1.39,74.97,1.31
2015-01-01,26.45,3.02,74.7,0.97
2015-01-02,26.39,0.04,66.24,1.39
2015-01-03,25.88,0.0,64.27,1.0
2015-01-04,26.1,0.0,66.09,1.47
2015-01-05,25.5,0.0,67.47,1.6
2015-01-06,25.27,0.0,69.15,1.23
2015-01-07,24.9,0.0,66.51,1.05
2015-01-08,24.96,0.0,67.86,1.18
2015-01-09,24.91,0.0,69.17,2.09
2015-01-10,23.86,0.0,61.47,1.86
2015-01-11,22.12,0.0,58.53,1.88
2015-01-12,22.1,0.0,59.86,1.59
2015-01-13,22.0,0.0,60.47,1.63
2015-01-14,22.34,0.0,61.45,1.4
2015-01-15,22.5,0.0,61.1,1.35
2015-01-16,23.87,0.0,67.68,1.53
2015-01-17,24.71,0.01,66.89,1.78
2015-01-18,24.59,0.0,64.7,1.77
2015-01-19,24.35,0.0,62.11,1.82
2015-01-20,23.89,0.0,63.66,1.66
2015-01-21,23.53,0.01,63.59,1.83
2015-01-22,23.88,0.05,59.44,1.58
2015-01-23,25.1,0.76,69.51,2.14
2015-01-24,25.58,0.19,67.77,2.55
2015-01-25,25.68,0.0,56.94,2.4
2015-01-26,24.31,0.0,60.93,2.12
2015-01-27,24.97,0.0,64.17,2.55
2015-01-28,25.67,0.0,63.74,2.22
2015-01-29,25.96,0.0,61.91,1.89
2015-01-30,25.81,0.0,61.97,1.88
2015-01-31,25.67,0.0,55.49,2.29
2015-02-01,25.18,0.0,59.42,1.97
2015-02-02,24.89,0.0,58.76,2.62
2015-02-03,24.65,0.0,60.76,2.63
2015-02-04,25.14,0.0,59.51,2.58
2015-02-05,25.94,0.0,56.02,2.21
2015-02-06,25.64,0.0,56.36,2.01
2015-02-07,25.6,0.02,53.45,1.92
2015-02-08,25.55,0.0,51.23,1.64
2015-02-09,25.4,0.0,53.88,2.02
2015-02-10,25.02,0.0,60.05,2.16
2015-02-11,26.98,0.0,56.94,2.0
2015-02-12,27.4,0.01,56.07,2.32
2015-02-13,27.56,0.01,53.34,1.63
2015-02-14,27.36,0.0,48.91,1.7
2015-02-15,27.21,0.0,44.65,1.83
2015-02-16,26.53,0.0,46.7,1.92
2015-02-17,26.29,0.0,42.78,1.4
2015-02-18,26.12,0.0,37.62,1.5
2015-02-19,26.51,0.0,39.78,1.64
2015-02-20,25.96,0.0,45.4,2.4
2015-02-21,25.87,0.0,48.15,2.51
2015-02-22,26.36,0.0,44.48,2.72
2015-02-23,25.83,0.0,44.38,2.32
2015-02-24,26.11,0.0,40.8,1.61
2015-02-25,27.64,0.0,43.74,1.5
2015-02-26,29.3,0.01,52.79,1.28
2015-02-27,30.16,0.03,49.95,1.07
2015-02-28,29.99,0.08,51.85,1.62
2015-03-01,29.77,0.05,53.38,1.89
2015-03-02,30.34,0.16,52.43,1.15
2015-03-03,29.27,0.52,58.29,1.33
2015-03-04,27.95,0.32,54.19,1.92
2015-03-05,30.37,0.14,47.03,1.99
2015-03-06,30.61,1.7,49.29,1.99
2015-03-07,29.41,3.06,55.4,2.26
2015-03-08,29.33,0.44,49.59,2.77
2015-03-09,28.73,0.02,51.25,1.99
2015-03-10,28.43,0.0,47.41,2.4
2015-03-11,27.89,0.0,50.74,2.5
2015-03-12,28.94,0.0,52.35,2.91
2015-03-13,29.15,0.0,51.67,2.91
2015-03-14,28.77,1.21,53.84,2.71
2015-03-15,28.93,1.28,58.22,2.9
2015-03-16,28.45,2.73,59.3,2.16
2015-03-17,27.94,0.7,49.84,1.53
2015-03-18,28.72,0.0,38.21,1.14
2015-03-19,28.39,0.0,35.86,1.35
2015-03-20,28.63,0.0,41.88,1.99
2015-03-21,28.87,0.0,45.81,2.18
2015-03-22,29.32,0.0,36.04,1.71
2015-03-23,30.59,0.0,36.99,1.33
2015-03-24,31.63,0.0,40.59,2.07
2015-03-25,30.4,0.0,42.7,2.38
2015-03-26,29.64,0.0,41.95,2.46
2015-03-27,29.59,0.0,41.46,1.98
2015-03-28,29.4,0.0,43.37,1.65
2015-03-29,30.77,0.01,46.03,2.08
2015-03-30,31.22,0.0,44.38,2.22
2015-03-31,30.45,0.1,48.32,1.31
2015-04-01,31.12,3.29,52.02,2.0
2015-04-02,31.44,0.51,52.51,1.29
2015-04-03,31.86,1.24,51.99,2.38
2015-04-04,32.31,0.62,52.34,1.82
2015-04-05,32.89,0.0,46.26,1.32
2015-04-06,33.23,0.06,44.43,1.41
2015-04-07,32.43,0.22,47.16,2.12
2015-04-08,30.0,0.19,50.22,1.67
2015-04-09,30.64,0.33,39.71,2.36
2015-04-10,30.48,1.93,52.45,1.31
2015-04-11,30.93,2.47,51.15,1.13
2015-04-12,29.42,4.27,59.11,0.97
2015-04-13,26.11,8.66,75.15,1.54
2015-04-14,27.24,3.33,70.19,0.83
2015-04-15,26.71,12.94,76.97,2.12
2015-04-16,26.73,14.69,77.25,1.84
2015-04-17,27.53,12.35,71.76,0.81
2015-04-18,28.77,5.03,66.79,1.19
2015-04-19,29.52,0.02,63.69,1.04
2015-04-20,29.95,0.03,60.41,2.02
2015-04-21,28.87,1.19,64.46,1.84
2015-04-22,28.97,1.19,65.35,0.92
2015-04-23,28.6,5.96,67.64,1.73
2015-04-24,28.46,14.48,72.81,0.86
2015-04-25,27.0,13.17,74.48,1.38
2015-04-26,28.68,4.01,62.59,1.42
2015-04-27,28.79,0.87,64.43,1.62
2015-04-28,29.54,0.01,61.4,1.24
2015-04-29,30.4,0.53,60.11,1.4
2015-04-30,29.85,0.73,64.49,1.97
2015-05-01,30.28,0.28,61.12,1.89
2015-05-02,29.62,0.29,62.93,2.36
2015-05-03,28.97,0.09,65.4,1.64
2015-05-04,28.89,2.67,67.58,1.4
2015-05-05,29.32,1.01,65.05,1.04
2015-05-06,28.52,2.24,70.34,0.87
2015-05-07,28.59,9.6,72.1,0.98
2015-05-08,28.41,6.62,74.72,1.8
2015-05-09,27.94,3.49,75.48,2.31
2015-05-10,28.78,1.58,67.22,1.35
2015-05-11,27.45,4.08,66.19,1.6
2015-05-12,27.9,11.62,62.65,1.22
2015-05-13,26.47,19.68,77.53,1.63
2015-05-14,27.64,9.42,72.58,0.7
2015-05-15,26.68,24.45,84.27,1.37
2015-05-16,26.57,7.55,84.38,1.14
2015-05-17,25.8,5.76,85.51,2.01
2015-05-18,27.59,1.54,74.18,2.9
2015-05-19,28.29,0.42,71.93,3.36
2015-05-20,28.9,0.06,70.36,3.67
2015-05-21,29.02,0.0,67.75,4.39
2015-05-22,29.41,0.0,66.21,3.24
2015-05-23,28.7,0.16,69.07,3.71
2015-05-24,28.64,0.1,66.88,4.12
2015-05-25,29.89,0.01,65.33,3.21
2015-05-26,29.29,0.01,67.37,4.28
2015-05-27,27.6,10.38,74.45,2.73
2015-05-28,26.96,2.48,64.13,3.35
2015-05-29,28.49,2.52,68.41,3.37
2015-05-30,29.24,3.67,70.33,2.29
2015-05-31,29.02,4.66,70.87,3.46
2015-06-01,27.78,3.35,73.11,3.52
2015-06-02,27.61,6.24,74.79,2.25
2015-06-03,27.22,0.66,78.44,1.53
2015-06-04,27.08,10.49,80.02,1.25
2015-06-05,26.54,20.62,83.4,1.71
2015-06-06,27.86,0.0,72.9,1.2
2015-06-07,28.03,0.33,70.32,3.31
2015-06-08,27.22,0.38,70.73,3.78
2015-06-09,27.29,0.44,72.66,3.17
2015-06-10,27.3,0.58,72.84,2.61
2015-06-11,27.16,5.68,76.17,3.35
2015-06-12,26.6,0.08,74.01,3.87
2015-06-13,27.11,5.48,73.41,3.58
2015-06-14,27.46,0.14,68.16,3.71
2015-06-15,27.21,0.28,67.06,4.08
2015-06-16,26.58,0.25,67.57,4.21
2015-06-17,26.26,0.28,72.09,4.43
2015-06-18,26.65,0.95,71.7,4.1
2015-06-19,26.95,4.47,73.76,4.76
2015-06-20,27.9,0.71,70.26,5.79
2015-06-21,27.07,2.16,72.67,5.91
2015-06-22,28.07,0.38,69.24,5.86
2015-06-23,27.44,1.78,75.4,4.15
2015-06-24,27.59,0.18,73.38,4.09
2015-06-25,27.47,0.43,74.46,4.78
2015-06-26,26.97,1.27,67.87,6.45
2015-06-27,27.59,0.24,68.74,5.67
2015-06-28,28.06,0.26,71.49,4.27
2015-06-29,27.72,0.99,72.29,4.35
2015-06-30,28.54,4.41,61.92,4.1
2015-07-01,28.11,0.67,70.62,3.55
2015-07-02,28.54,0.01,67.13,3.8
2015-07-03,28.69,0.23,67.67,4.05
2015-07-04,28.47,0.14,69.71,4.22
2015-07-05,28.91,0.02,67.23,4.38
2015-07-06,28.21,0.02,65.43,5.03
2015-07-07,26.91,0.01,69.9,4.46
2015-07-08,28.08,0.18,67.18,4.78
2015-07-09,28.99,0.09,65.25,4.84
2015-07-10,27.52,0.26,72.26,4.3
2015-07-11,27.85,0.28,71.1,4.39
2015-07-12,28.84,0.02,64.61,4.19
2015-07-13,28.7,0.07,65.26,3.95
2015-07-14,28.99,0.15,65.9,4.24
2015-07-15,28.21,0.16,69.11,4.49
2015-07-16,28.25,0.26,66.55,4.81
2015-07-17,26.95,0.86,68.73,6.01
2015-07-18,27.13,0.36,67.52,5.9
2015-07-19,25.96,1.56,69.51,5.32
2015-07-20,27.2,0.26,68.57,4.82
2015-07-21,27.28,3.6,72.81,4.15
2015-07-22,27.01,0.64,73.68,4.55
2015-07-23,27.42,2.56,67.62,4.44
2015-07-24,26.87,0.86,68.75,3.79
2015-07-25,26.47,1.98,69.08,3.95
2015-07-26,26.95,0.06,64.91,4.06
2015-07-27,27.81,1.37,62.78,3.44
2015-07-28,28.74,1.72,62.06,3.21
2015-07-29,27.61,0.83,66.79,3.57
2015-07-30,28.35,0.0,62.76,3.86
2015-07-31,28.62,0.04,62.44,3.73
2015-08-01,29.11,0.42,60.72,3.26
2015-08-02,27.66,0.6,65.71,3.12
2015-08-03,27.28,3.53,70.18,3.59
2015-08-04,28.48,0.27,64.37,4.62
2015-08-05,27.82,0.19,60.61,4.88
2015-08-06,28.08,0.16,63.51,4.66
2015-08-07,28.31,0.4,65.7,4.58
2015-08-08,28.98,0.33,63.63,4.31
2015-08-09,28.46,0.19,65.18,4.89
2015-08-10,28.05,1.33,66.36,5.11
2015-08-11,27.84,0.35,68.43,4.26
2015-08-12,28.2,0.06,66.48,4.29
2015-08-13,27.98,0.6,67.83,3.88
2015-08-14,29.27,0.3,61.81,4.14
2015-08-15,29.25,2.48,63.66,3.47
2015-08-16,26.9,13.12,77.33,2.15
2015-08-17,27.7,18.6,75.45,1.98
2015-08-18,28.87,1.12,67.83,1.62
2015-08-19,28.46,0.64,69.79,1.58
2015-08-20,29.64,0.13,62.72,2.42
2015-08-21,28.76,3.38,67.78,3.0
2015-08-22,26.98,15.92,73.54,2.9
2015-08-23,27.48,2.59,66.53,3.54
2015-08-24,28.1,0.21,62.81,3.26
2015-08-25,28.49,0.02,61.67,3.21
2015-08-26,28.27,0.01,63.38,3.8
2015-08-27,28.18,0.26,66.9,4.24
2015-08-28,28.88,0.0,62.19,4.02
2015-08-29,29.14,0.0,62.43,4.04
2015-08-30,29.52,0.01,61.1,3.75
2015-08-31,29.65,0.01,60.62,3.14
2015-09-01,29.53,1.19,62.76,2.22
2015-09-02,28.6,2.83,63.47,1.92
2015-09-03,27.99,1.9,70.69,1.05
2015-09-04,28.18,0.62,68.67,1.13
2015-09-05,27.99,2.5,71.27,1.49
2015-09-06,27.7,3.3,72.27,2.16
2015-09-07,26.79,1.82,72.4,2.75
2015-09-08,26.2,0.17,67.7,2.82
2015-09-09,27.35,1.16,66.07,3.47
2015-09-10,26.87,0.17,70.67,3.2
2015-09-11,27.0,0.25,70.35,3.32
2015-09-12,28.43,1.13,65.41,4.01
2015-09-13,28.68,0.01,63.12,4.09
2015-09-14,28.46,0.04,61.16,4.81
2015-09-15,27.92,0.14,64.75,4.79
2015-09-16,28.52,0.54,64.55,4.79
2015-09-17,28.12,0.16,62.71,4.62
2015-09-18,28.31,0.15,64.45,4.6
2015-09-19,28.86,0.32,63.96,3.98
2015-09-20,28.17,0.23,65.82,3.88
2015-09-21,28.91,0.02,59.38,2.3
2015-09-22,30.06,0.76,58.57,2.86
2015-09-23,28.65,3.67,69.29,1.41
2015-09-24,28.42,6.82,70.92,1.03
2015-09-25,29.47,1.32,65.56,1.46
2015-09-26,30.19,0.72,62.94,2.53
2015-09-27,27.26,22.09,77.33,1.16
2015-09-28,27.42,10.56,76.3,1.18
2015-09-29,26.05,16.47,82.69,1.39
2015-09-30,26.27,7.9,78.68,1.6
2015-10-01,26.57,3.12,76.45,1.08
2015-10-02,27.47,10.01,73.63,1.98
2015-10-03,28.1,0.98,71.17,2.62
2015-10-04,27.72,2.22,73.71,2.18
2015-10-05,26.05,11.83,81.43,1.46
2015-10-06,26.42,4.43,70.4,2.58
2015-10-07,26.7,8.13,73.72,2.71
2015-10-08,26.63,0.67,74.27,2.69
2015-10-09,26.41,0.57,72.77,3.19
2015-10-10,27.1,4.32,74.11,2.99
2015-10-11,27.34,13.62,76.5,1.5
2015-10-12,26.21,16.23,82.66,1.19
2015-10-13,27.69,0.1,72.85,1.07
2015-10-14,27.25,0.64,68.97,1.59
2015-10-15,26.79,0.13,67.78,1.22
2015-10-16,27.19,0.02,65.96,1.44
2015-10-17,27.02,0.03,68.8,1.66
2015-10-18,27.11,2.79,75.21,1.53
2015-10-19,26.95,1.32,77.64,1.76
2015-10-20,27.66,0.76,73.1,1.83
2015-10-21,27.7,0.42,70.38,1.9
2015-10-22,27.64,0.05,66.19,1.75
2015-10-23,27.52,0.07,59.14,1.22
2015-10-24,27.68,0.62,64.67,1.73
2015-10-25,26.46,0.45,64.52,2.3
2015-10-26,26.45,0.06,65.51,2.02
2015-10-27,26.78,0.87,63.75,1.25
2015-10-28,24.91,10.6,83.51,1.31
2015-10-29,26.58,0.43,71.63,1.56
2015-10-30,26.95,1.69,70.53,1.43
2015-10-31,25.36,5.8,84.1,2.08
2015-11-01,25.92,11.49,82.4,2.66
2015-11-02,25.63,7.13,81.85,0.87
2015-11-03,26.32,6.92,81.97,0.52
2015-11-04,26.31,13.61,81.9,1.46
2015-11-05,25.97,13.06,83.31,1.29
2015-11-06,26.32,1.83,78.23,1.67
2015-11-07,25.41,3.7,82.4,1.91
2015-11-08,24.59,3.25,87.47,1.65
2015-11-09,25.05,28.63,85.8,2.1
2015-11-10,24.16,18.26,84.38,2.56
2015-11-11,24.27,2.6,84.16,0.98
2015-11-12,25.34,4.42,83.7,1.5
2015-11-13,23.62,3.9,86.22,1.55
2015-11-14,23.12,1.97,83.65,1.46
2015-11-15,23.45,5.18,88.38,1.96
2015-11-16,24.58,4.76,85.76,1.32
2015-11-17,25.08,0.89,82.88,1.18
2015-11-18,24.14,2.74,88.57,0.82
2015-11-19,24.11,4.0,91.43,2.24
2015-11-20,24.62,5.27,87.77,1.8
2015-11-21,24.29,2.03,86.13,1.9
2015-11-22,23.79,14.79,91.43,2.26
2015-11-23,24.1,7.53,88.58,1.16
2015-11-24,24.81,2.13,87.21,1.82
2015-11-25,23.22,0.0,82.13,1.68
2015-11-26,22.96,0.02,81.11,1.25
2015-11-27,24.17,0.06,84.49,1.5
2015-11-28,23.98,0.04,81.58,1.52
2015-11-29,23.77,13.22,86.24,1.77
2015-11-30,23.7,8.15,89.13,1.36
2015-12-01,23.73,3.95,89.9,2.07
2015-12-02,23.59,4.82,90.67,1.74
2015-12-03,24.28,0.98,86.53,1.7
2015-12-04,24.5,2.91,86.57,2.26
2015-12-05,23.97,6.91,88.1,2.87
2015-12-06,23.49,7.17,92.41,3.04
2015-12-07,24.35,5.8,89.16,2.85
2015-12-08,22.88,5.8,86.18,2.2
2015-12-09,23.51,2.59,89.01,1.81
2015-12-10,25.05,3.49,88.92,2.11
2015-12-11,24.9,0.91,86.44,1.2
2015-12-12,25.0,1.6,86.98,1.66
2015-12-13,25.0,0.46,84.09,1.11
2015-12-14,24.8,6.12,86.12,1.27
2015-12-15,24.26,0.66,84.7,1.48
2015-12-16,23.05,0.03,81.95,1.28
2015-12-17,23.11,0.0,83.56,1.36
2015-12-18,24.49,0.25,84.47,1.75
2015-12-19,24.46,1.53,83.43,1.85
2015-12-20,24.04,0.23,83.75,1.84
2015-12-21,23.17,0.01,75.38,1.39
2015-12-22,22.6,0.0,76.03,1.34
2015-12-23,23.15,0.0,79.78,1.58
2015-12-24,23.24,0.0,77.8,1.51
2015-12-25,23.13,0.0,77.29,1.94
2015-12-26,23.1,0.0,77.31,2.25
2015-12-27,23.88,0.04,78.78,2.51
2015-12-28,23.63,0.01,77.49,2.7
2015-12-29,23.45,0.03,75.94,2.33
2015-12-30,23.35,0.0,69.49,1.84
2015-12-31,22.42,0.0,75.38,2.5
2016-01-01,22.0,0.0,74.38,2.2
2016-01-02,21.82,0.0,71.65,1.99
2016-01-03,21.82,0.0,68.07,1.75
2016-01-04,21.74,0.0,71.15,1.69
2016-01-05,22.61,0.0,72.0,1.56
2016-01-06,23.33,0.0,73.29,1.6
2016-01-07,23.39,0.0,73.37,1.9
2016-01-08,22.93,0.0,71.94,1.56
2016-01-09,23.02,0.0,69.62,1.68
2016-01-10,22.71,0.0,68.88,1.73
2016-01-11,22.63,0.0,67.75,1.8
2016-01-12,22.67,0.0,68.57,1.6
2016-01-13,22.0,0.0,72.02,0.99
2016-01-14,22.34,0.0,66.52,1.51
2016-01-15,22.14,0.0,70.95,1.33
2016-01-16,23.2,0.0,71.17,0.9
2016-01-17,23.37,0.0,72.5,1.44
2016-01-18,24.15,0.0,70.01,1.4
2016-01-19,25.35,0.0,70.9,1.67
2016-01-20,25.91,0.16,72.02,1.56
2016-01-21,26.21,0.57,73.42,1.97
2016-01-22,25.72,0.21,70.46,2.18
2016-01-23,25.87,0.07,70.81,2.07
2016-01-24,26.27,0.01,70.84,2.13
2016-01-25,26.54,0.0,69.7,2.05
2016-01-26,26.46,0.0,67.14,2.0
2016-01-27,25.97,0.0,67.59,1.92
2016-01-28,25.42,0.0,63.4,1.47
2016-01-29,25.17,0.0,58.64,1.7
2016-01-30,24.57,0.0,63.7,1.73
2016-01-31,24.38,0.0,63.93,1.99
2016-02-01,23.97,0.0,61.0,1.47
2016-02-02,24.33,0.0,57.11,1.78
2016-02-03,24.04,0.0,55.51,1.58
2016-02-04,24.29,0.0,60.49,2.02
2016-02-05,24.75,0.0,60.74,1.67
2016-02-06,25.48,0.0,62.78,1.57
2016-02-07,26.52,0.0,64.25,1.36
2016-02-08,27.28,0.0,64.56,2.05
2016-02-09,26.74,0.0,60.18,1.61
2016-02-10,26.8,0.02,56.27,1.31
2016-02-11,26.88,0.11,57.09,1.35
2016-02-12,26.84,0.0,54.64,1.8
2016-02-13,26.94,0.0,53.85,1.59
2016-02-14,26.44,0.0,57.49,1.95
2016-02-15,26.36,0.0,59.02,1.95
2016-02-16,27.21,0.0,60.88,2.4
2016-02-17,27.17,0.0,59.49,2.52
2016-02-18,27.81,0.0,59.18,3.02
2016-02-19,27.62,0.0,58.54,2.46
2016-02-20,29.08,0.01,55.5,1.94
2016-02-21,29.5,0.22,55.35,1.55
2016-02-22,29.53,0.09,48.89,2.01
2016-02-23,28.11,0.0,48.44,1.67
2016-02-24,28.24,0.0,44.2,1.25
2016-02-25,29.42,0.0,46.07,1.93
2016-02-26,29.44,0.01,55.09,2.97
2016-02-27,28.61,0.01,56.21,2.99
2016-02-28,29.66,0.19,56.18,2.81
2016-02-29,28.03,0.11,56.94,2.66
2016-03-01,28.85,0.0,57.28,2.74
2016-03-02,28.78,0.0,54.52,2.74
2016-03-03,28.41,0.0,52.97,2.59
2016-03-04,27.06,0.0,51.23,1.76
2016-03-05,28.33,0.0,51.63,1.87
2016-03-06,28.93,0.0,49.58,1.88
2016-03-07,29.23,0.0,49.1,2.02
2016-03-08,29.26,0.0,48.81,1.88
2016-03-09,30.18,0.0,45.38,1.69
2016-03-10,30.65,0.0,45.33,2.04
2016-03-11,31.24,0.0,43.02,1.31
2016-03-12,31.82,0.04,43.23,1.08
2016-03-13,31.95,0.13,47.42,1.19
2016-03-14,32.31,0.03,44.56,1.38
2016-03-15,32.35,0.12,44.82,0.85
2016-03-16,32.73,0.97,43.16,1.38
2016-03-17,32.7,0.6,44.37,1.66
2016-03-18,32.33,0.0,40.42,2.24
2016-03-19,32.52,0.0,35.15,1.33
2016-03-20,32.56,0.0,37.02,2.07
2016-03-21,32.84,0.0,33.58,1.64
2016-03-22,33.44,0.18,45.24,2.5
2016-03-23,33.82,0.09,43.47,2.23
2016-03-24,32.92,0.0,39.1,2.17
2016-03-25,31.24,0.02,34.88,1.95
2016-03-26,30.83,0.0,37.23,1.99
2016-03-27,30.78,0.0,39.59,1.54
2016-03-28,31.82,0.0,44.1,2.24
2016-03-29,32.06,0.2,50.64,2.72
2016-03-30,32.07,0.5,46.9,2.11
2016-03-31,31.35,0.0,44.43,1.61
2016-04-01,31.89,0.0,41.09,1.74
2016-04-02,32.62,0.0,40.46,1.68
2016-04-03,33.09,0.0,38.34,1.49
2016-04-04,33.02,0.0,35.14,1.83
2016-04-05,32.84,0.0,38.03,1.18
2016-04-06,33.67,0.06,41.74,1.46
2016-04-07,33.82,0.42,44.12,1.81
2016-04-08,33.66,1.31,45.74,1.24
2016-04-09,30.53,8.04,62.35,1.19
2016-04-10,29.82,1.77,64.13,1.34
2016-04-11,32.2,0.1,52.45,1.22
2016-04-12,32.95,0.0,50.87,2.21
2016-04-13,33.39,0.0,51.81,3.19
2016-04-14,33.6,0.25,50.62,2.07
2016-04-15,33.25,0.2,50.99,1.61
2016-04-16,33.8,0.01,47.76,1.25
2016-04-17,33.24,0.0,47.11,1.96
2016-04-18,33.63,0.0,44.39,1.88
2016-04-19,33.92,0.09,44.66,1.87
2016-04-20,33.22,0.98,47.94,1.31
2016-04-21,33.37,0.59,48.65,2.41
2016-04-22,34.08,0.43,47.31,2.94
2016-04-23,34.36,0.2,45.94,3.49
2016-04-24,34.73,0.09,44.53,2.79
2016-04-25,34.76,0.01,43.4,2.41
2016-04-26,33.67,0.01,45.8,2.78
2016-04-27,33.47,0.0,44.28,1.95
2016-04-28,33.71,0.01,40.65,1.35
2016-04-29,33.72,0.01,40.22,2.01
2016-04-30,33.94,0.0,39.02,1.66
2016-05-01,33.75,0.0,41.82,1.37
2016-05-02,34.59,0.01,42.34,1.87
2016-05-03,34.25,0.04,41.14,1.78
2016-05-04,33.73,0.01,42.99,1.38
2016-05-05,32.98,0.41,46.09,0.98
2016-05-06,32.36,6.68,52.14,0.85
2016-05-07,29.59,13.96,70.14,0.94
2016-05-08,29.38,4.81,72.58,1.0
2016-05-09,29.85,0.75,65.1,1.3
2016-05-10,30.26,7.25,60.43,1.67
2016-05-11,29.56,3.54,64.84,0.98
2016-05-12,29.97,0.63,59.98,1.74
2016-05-13,31.02,1.04,60.22,1.62
2016-05-14,30.51,2.37,64.93,1.96
2016-05-15,29.26,2.41,64.63,1.75
2016-05-16,28.17,8.66,69.89,1.4
2016-05-17,27.4,11.24,66.89,2.63
2016-05-18,27.97,5.68,73.63,4.11
2016-05-19,28.45,6.62,72.44,3.98
2016-05-20,28.54,0.3,69.73,4.18
2016-05-21,30.21,0.0,62.19,4.26
2016-05-22,30.68,0.0,63.31,4.16
2016-05-23,31.01,0.0,62.04,4.5
2016-05-24,31.53,0.01,59.61,4.62
2016-05-25,30.5,1.42,62.23,4.42
2016-05-26,29.32,0.1,67.27,4.01
2016-05-27,28.78,5.18,69.84,1.64
2016-05-28,28.4,5.87,73.96,2.91
2016-05-29,27.86,4.54,72.22,3.54
2016-05-30,28.02,4.59,70.2,3.59
2016-05-31,28.55,3.55,68.37,3.12
2016-06-01,27.94,2.94,74.19,3.09
2016-06-02,27.45,3.77,75.78,2.72
2016-06-03,28.26,0.68,70.23,3.64
2016-06-04,28.92,1.56,66.19,4.04
2016-06-05,28.6,1.32,67.99,3.93
2016-06-06,28.61,0.14,67.55,3.82
2016-06-07,28.39,1.45,74.43,2.83
2016-06-08,27.69,0.81,73.69,3.59
2016-06-09,28.02,1.16,71.69,3.56
2016-06-10,27.67,0.34,67.86,4.99
2016-06-11,28.05,2.18,69.35,4.77
2016-06-12,28.42,0.04,66.7,4.66
2016-06-13,27.99,0.04,68.09,4.27
2016-06-14,28.65,0.01,63.83,4.42
2016-06-15,28.75,0.02,62.64,5.43
2016-06-16,28.77,0.13,65.3,4.94
2016-06-17,27.24,6.77,71.55,3.77
2016-06-18,26.82,1.91,69.32,4.14
2016-06-19,27.29,1.89,67.82,3.56
2016-06-20,27.26,0.34,69.0,3.5
2016-06-21,26.67,1.0,71.76,3.44
2016-06-22,26.55,2.69,68.32,4.19
2016-06-23,25.48,5.07,71.56,4.88
2016-06-24,27.02,0.08,62.51,4.55
2016-06-25,27.66,0.3,60.6,4.44
2016-06-26,27.81,0.45,67.75,4.11
2016-06-27,27.56,1.05,69.31,4.48
2016-06-28,27.17,0.9,71.39,4.99
2016-06-29,26.81,1.82,73.64,5.03
2016-06-30,27.31,0.34,69.22,5.67
2016-07-01,27.86,0.06,65.96,6.18
2016-07-02,28.03,0.04,64.24,5.95
2016-07-03,28.54,0.16,62.36,5.68
2016-07-04,27.47,0.43,67.03,4.69
2016-07-05,28.13,0.11,68.85,4.17
2016-07-06,27.89,0.82,72.35,4.01
2016-07-07,27.69,0.22,64.56,4.55
2016-07-08,26.93,0.8,66.66,5.69
2016-07-09,27.18,0.65,69.26,6.0
2016-07-10,27.95,0.37,67.83,6.17
2016-07-11,27.89,0.55,67.36,6.03
2016-07-12,27.51,0.11,67.85,5.43
2016-07-13,28.2,0.07,65.55,4.98
2016-07-14,28.54,1.79,64.89,4.16
2016-07-15,28.21,5.24,68.74,3.3
2016-07-16,26.44,5.31,76.61,2.19
2016-07-17,26.41,5.2,74.57,2.32
2016-07-18,25.52,5.56,77.19,2.89
2016-07-19,26.29,0.87,70.62,3.32
2016-07-20,28.07,0.07,65.46,3.63
2016-07-21,27.32,0.33,67.6,4.41
2016-07-22,27.21,0.19,66.56,4.9
2016-07-23,27.22,0.76,68.13,4.59
2016-07-24,27.29,3.88,71.15,3.68
2016-07-25,26.67,17.94,76.33,2.43
2016-07-26,25.8,19.75,79.48,1.63
2016-07-27,25.97,8.22,79.07,1.87
2016-07-28,26.72,7.47,75.88,1.79
2016-07-29,26.63,0.96,73.59,3.33
2016-07-30,26.43,1.22,71.47,3.6
2016-07-31,27.23,0.18,68.66,4.37
2016-08-01,26.87,0.18,70.94,4.77
2016-08-02,26.65,0.02,69.56,5.34
2016-08-03,26.88,0.02,69.76,5.62
2016-08-04,26.82,0.05,70.25,4.78
2016-08-05,26.82,0.17,69.9,4.79
2016-08-06,27.2,0.05,68.88,4.61
2016-08-07,27.69,0.03,68.4,4.35
2016-08-08,27.68,0.04,68.05,3.87
2016-08-09,28.19,0.09,65.92,4.19
2016-08-10,28.24,0.04,65.31,4.18
2016-08-11,28.08,0.02,66.54,3.9
2016-08-12,27.95,1.73,68.64,3.94
2016-08-13,28.12,0.69,68.86,4.2
2016-08-14,27.97,0.19,67.27,4.54
2016-08-15,27.71,2.86,67.87,4.76
2016-08-16,27.37,0.24,68.92,5.12
2016-08-17,27.76,0.27,67.05,5.03
2016-08-18,28.03,0.04,66.47,4.54
2016-08-19,28.46,0.42,64.86,4.45
2016-08-20,28.69,0.25,64.61,3.71
2016-08-21,29.44,0.91,60.67,3.72
2016-08-22,29.11,0.42,63.02,3.81
2016-08-23,27.71,2.26,68.93,3.85
2016-08-24,27.8,0.41,68.83,3.83
2016-08-25,27.18,0.34,71.05,3.91
2016-08-26,27.69,7.79,70.85,3.26
2016-08-27,26.4,10.25,75.84,3.77
2016-08-28,27.59,1.69,68.45,3.99
2016-08-29,27.8,0.81,64.57,4.08
2016-08-30,26.43,7.36,74.32,3.63
2016-08-31,26.02,5.57,70.64,3.83
2016-09-01,25.67,2.63,68.22,3.86
2016-09-02,25.76,0.76,68.69,3.99
2016-09-03,26.49,0.14,68.08,3.46
2016-09-04,27.29,0.01,66.17,3.47
2016-09-05,27.29,0.0,65.24,3.61
2016-09-06,27.02,0.72,67.66,3.91
2016-09-07,26.82,0.02,65.09,3.77
2016-09-08,27.37,0.0,64.12,3.94
2016-09-09,28.84,0.45,60.0,2.95
2016-09-10,27.89,1.35,65.01,2.87
2016-09-11,28.16,0.02,61.29,3.43
2016-09-12,28.16,0.05,59.55,3.49
2016-09-13,28.38,0.73,63.24,3.53
2016-09-14,28.71,0.6,64.3,3.79
2016-09-15,28.3,0.22,63.39,4.13
2016-09-16,28.15,0.43,66.25,4.15
2016-09-17,28.03,0.02,63.85,4.08
2016-09-18,27.69,0.06,65.02,4.31
2016-09-19,28.79,0.1,60.81,3.75
2016-09-20,28.88,0.24,59.38,3.91
2016-09-21,28.87,0.24,60.84,3.99
2016-09-22,28.0,0.01,61.85,4.47
2016-09-23,28.3,0.07,61.83,4.73
2016-09-24,28.06,0.19,62.39,5.13
2016-09-25,28.27,0.12,62.98,4.66
2016-09-26,28.72,0.33,60.05,4.01
2016-09-27,27.03,0.28,69.94,2.65
2016-09-28,27.97,1.04,67.1,2.7
2016-09-29,27.76,1.72,68.69,2.98
2016-09-30,27.85,0.25,64.17,3.81
2016-10-01,27.55,0.0,61.95,3.4
2016-10-02,28.58,0.0,58.76,2.61
2016-10-03,28.92,0.01,60.19,2.15
2016-10-04,29.41,0.4,58.14,3.04
2016-10-05,28.6,1.77,60.12,2.84
2016-10-06,28.72,1.07,57.84,2.79
2016-10-07,27.72,0.01,55.6,2.89
2016-10-08,28.33,0.0,59.13,3.58
2016-10-09,29.15,0.01,56.54,3.83
2016-10-10,29.1,0.0,54.12,3.97
2016-10-11,27.97,3.45,59.28,3.55
2016-10-12,26.9,5.56,70.72,2.05
2016-10-13,26.02,14.3,82.13,0.89
2016-10-14,26.94,1.11,72.47,1.13
2016-10-15,27.29,0.22,70.0,1.33
2016-10-16,27.85,0.01,66.4,1.52
2016-10-17,27.71,0.0,67.61,1.79
2016-10-18,28.74,0.0,61.68,1.4
2016-10-19,28.36,0.15,60.24,2.13
2016-10-20,28.55,1.28,64.16,1.88
2016-10-21,25.92,2.96,73.81,1.4
2016-10-22,26.93,1.19,68.7,1.92
2016-10-23,28.14,0.95,61.57,2.43
2016-10-24,28.11,0.18,60.36,2.08
2016-10-25,28.11,0.04,61.63,2.01
2016-10-26,28.47,0.1,61.56,1.44
2016-10-27,28.55,0.05,61.64,1.46
2016-10-28,29.34,0.0,55.23,2.1
2016-10-29,29.49,0.63,59.09,2.8
2016-10-30,28.68,2.31,64.67,1.21
2016-10-31,24.47,10.77,84.25,1.71
2016-11-01,27.35,0.15,63.93,1.69
2016-11-02,27.04,3.31,69.69,1.77
2016-11-03,27.52,2.37,69.62,1.07
2016-11-04,28.3,0.94,67.85,1.92
2016-11-05,29.17,0.03,58.67,2.37
2016-11-06,28.57,0.01,52.96,2.52
2016-11-07,27.83,0.02,51.8,1.58
2016-11-08,27.59,0.11,57.46,1.53
2016-11-09,26.57,0.04,54.22,2.15
2016-11-10,25.81,0.0,46.86,0.97
2016-11-11,26.62,0.0,53.8,0.88
2016-11-12,27.62,0.01,56.0,1.41
2016-11-13,27.95,1.79,65.47,1.85
2016-11-14,27.86,2.11,69.14,2.1
2016-11-15,26.3,2.02,69.72,1.87
2016-11-16,27.24,0.19,64.74,2.31
2016-11-17,27.39,0.13,62.8,2.67
2016-11-18,27.11,0.01,57.34,2.12
2016-11-19,26.73,0.0,55.59,1.93
2016-11-20,27.07,0.0,52.22,1.77
2016-11-21,26.5,0.0,55.15,1.85
2016-11-22,26.28,0.0,52.94,1.62
2016-11-23,26.18,0.01,53.12,2.02
2016-11-24,25.35,0.02,49.12,1.76
2016-11-25,25.61,0.0,48.81,1.51
2016-11-26,26.16,0.0,49.52,1.23
2016-11-27,26.09,0.0,40.41,1.33
2016-11-28,26.41,0.0,34.07,1.27
2016-11-29,26.22,0.0,35.62,1.01
2016-11-30,25.13,0.0,40.03,1.24
2016-12-01,26.09,1.13,40.66,1.63
2016-12-02,24.52,14.83,76.95,2.58
2016-12-03,25.23,6.59,82.18,2.27
2016-12-04,25.82,0.59,71.29,1.78
2016-12-05,26.74,0.15,68.84,1.76
2016-12-06,25.71,0.1,61.23,2.18
2016-12-07,25.38,0.0,57.89,1.33
2016-12-08,26.88,0.0,65.86,1.41
2016-12-09,27.6,0.0,62.43,1.0
2016-12-10,27.2,0.0,49.98,1.41
2016-12-11,24.94,0.0,44.39,1.7
2016-12-12,26.11,4.38,55.15,2.96
2016-12-13,25.14,6.16,75.57,1.96
2016-12-14,25.66,2.53,73.13,1.96
2016-12-15,25.71,0.61,68.01,2.33
2016-12-16,25.64,0.05,65.98,2.08
2016-12-17,25.98,0.0,61.08,1.78
2016-12-18,25.65,0.0,60.08,1.63
2016-12-19,25.67,0.0,55.48,1.72
2016-12-20,26.41,0.65,62.96,2.53
2016-12-21,26.65,0.12,65.04,1.97
2016-12-22,26.09,0.0,58.36,1.39
2016-12-23,24.44,0.0,42.73,1.12
2016-12-24,24.07,0.0,41.65,1.17
2016-12-25,23.82,0.0,51.4,0.96
2016-12-26,24.67,0.0,41.72,1.14
2016-12-27,26.34,0.02,47.55,2.12
2016-12-28,25.97,1.97,65.9,2.65
2016-12-29,25.53,0.25,61.06,2.47
2016-12-30,24.58,0.0,56.4,2.18
2016-12-31,24.12,0.0,53.71,1.79
2017-01-01,24.68,0.0,55.29,1.66
2017-01-02,25.31,0.0,55.37,1.62
2017-01-03,25.12,0.0,46.94,1.62
2017-01-04,24.73,0.0,43.57,1.29
2017-01-05,24.96,0.0,51.02,1.5
2017-01-06,24.79,0.0,50.36,1.05
2017-01-07,24.41,0.0,51.39,1.27
2017-01-08,24.55,0.0,52.12,1.54
2017-01-09,24.07,0.0,49.84,1.3
2017-01-10,24.4,0.0,44.26,0.8
2017-01-11,25.77,0.0,46.36,1.32
2017-01-12,25.81,0.0,48.02,1.36
2017-01-13,26.12,0.0,53.86,1.91
2017-01-14,26.0,0.0,53.82,2.78
2017-01-15,25.46,0.0,51.21,2.32
2017-01-16,25.4,0.0,53.98,1.83
2017-01-17,24.34,0.0,48.52,1.93
2017-01-18,24.0,0.0,52.27,2.44
2017-01-19,24.7,0.0,53.82,2.63
2017-01-20,25.82,0.4,55.02,2.51
2017-01-21,25.34,9.1,72.9,3.08
2017-01-22,25.36,1.56,65.38,2.5
2017-01-23,24.54,0.0,58.94,2.3
2017-01-24,25.33,0.0,53.79,2.58
2017-01-25,25.29,0.08,59.33,2.32
2017-01-26,25.27,1.52,68.11,2.23
2017-01-27,25.67,3.5,76.83,2.58
2017-01-28,25.29,4.42,77.14,2.49
2017-01-29,25.98,1.9,70.33,2.3
2017-01-30,26.19,0.05,62.23,1.98
2017-01-31,25.6,0.0,58.3,1.82
2017-02-01,24.11,0.0,51.99,1.67
2017-02-02,23.93,0.0,54.59,1.79
2017-02-03,24.29,0.0,56.17,1.64
2017-02-04,24.91,0.0,53.81,2.02
2017-02-05,24.3,0.0,53.17,1.47
2017-02-06,24.89,0.0,51.07,1.09
2017-02-07,25.28,0.0,43.35,1.39
2017-02-08,25.3,0.0,37.89,1.66
2017-02-09,25.05,0.0,45.98,1.62
2017-02-10,25.0,0.0,50.33,1.53
2017-02-11,25.01,0.0,52.39,1.75
2017-02-12,25.11,0.0,53.78,2.29
2017-02-13,25.59,0.01,53.91,2.78
2017-02-14,26.56,0.3,60.11,4.02
2017-02-15,27.14,0.0,51.56,3.18
2017-02-16,25.61,0.0,50.63,2.91
2017-02-17,24.61,0.0,47.04,2.66
2017-02-18,24.86,0.0,45.49,2.32
2017-02-19,25.46,0.0,41.58,0.96
2017-02-20,27.3,0.0,35.45,1.33
2017-02-21,29.27,0.0,49.28,1.39
2017-02-22,29.79,0.0,35.77,1.57
2017-02-23,28.37,0.0,39.91,1.78
2017-02-24,28.49,0.0,38.07,2.37
2017-02-25,27.96,0.0,37.35,1.87
2017-02-26,28.35,0.0,36.16,1.99
2017-02-27,27.99,0.0,42.5,2.28
2017-02-28,28.28,0.0,43.54,2.37
2017-03-01,27.4,0.0,39.57,2.31
2017-03-02,26.84,0.03,41.46,2.07
2017-03-03,28.41,4.16,50.42,2.18
2017-03-04,27.9,5.13,68.51,1.63
2017-03-05,28.8,1.39,66.45,0.99
2017-03-06,28.87,0.77,64.81,1.26
2017-03-07,29.48,0.29,61.98,0.64
2017-03-08,29.68,0.89,59.62,1.39
2017-03-09,28.93,2.4,64.95,1.16
2017-03-10,25.76,5.41,80.18,0.88
2017-03-11,28.46,2.5,61.5,1.36
2017-03-12,28.94,0.81,58.21,1.52
2017-03-13,29.31,2.57,58.66,1.67
2017-03-14,27.77,6.32,71.68,2.05
2017-03-15,26.33,9.43,76.16,1.93
2017-03-16,26.09,0.49,72.28,1.45
2017-03-17,28.58,0.29,61.03,0.97
2017-03-18,29.58,0.14,59.25,1.37
2017-03-19,29.89,0.07,57.76,1.3
2017-03-20,30.51,1.8,54.65,1.16
2017-03-21,28.86,6.84,64.38,1.48
2017-03-22,29.03,0.0,57.11,1.94
2017-03-23,28.67,0.0,51.45,1.64
2017-03-24,28.04,0.0,46.0,1.8
2017-03-25,28.24,0.0,41.34,1.91
2017-03-26,28.91,0.0,41.75,2.34
2017-03-27,28.25,0.0,41.68,1.83
2017-03-28,29.46,0.0,42.0,1.61
2017-03-29,30.2,0.0,41.22,1.68
2017-03-30,30.39,0.0,40.28,1.47
2017-03-31,30.44,0.01,52.32,2.0
2017-04-01,31.45,0.0,40.62,1.75
2017-04-02,31.44,0.0,36.84,1.53
2017-04-03,31.89,0.0,40.08,1.52
2017-04-04,32.55,0.0,42.86,1.39
2017-04-05,32.79,0.0,43.33,1.7
2017-04-06,33.02,0.38,44.18,1.2
2017-04-07,33.13,0.52,42.34,2.08
2017-04-08,33.08,0.0,37.76,1.93
2017-04-09,33.29,0.03,39.4,1.85
2017-04-10,33.15,0.01,43.38,1.54
2017-04-11,33.25,0.29,47.06,1.99
2017-04-12,32.61,0.17,47.0,1.83
2017-04-13,33.24,0.11,41.52,1.78
2017-04-14,31.78,0.11,44.56,1.0
2017-04-15,33.04,0.0,44.97,2.08
2017-04-16,33.47,0.09,46.57,2.47
2017-04-17,33.33,0.1,45.62,3.32
2017-04-18,33.32,0.12,45.21,3.32
2017-04-19,33.13,0.07,48.31,3.65
2017-04-20,32.38,0.88,52.08,3.84
2017-04-21,31.34,2.17,56.12,3.86
2017-04-22,31.96,2.91,53.94,3.19
2017-04-23,32.55,0.48,51.42,2.98
2017-04-24,32.94,0.25,48.86,3.45
2017-04-25,32.64,0.57,50.95,2.93
2017-04-26,30.54,1.85,59.07,1.89
2017-04-27,32.49,0.06,47.0,1.66
2017-04-28,33.17,0.0,44.65,1.82
2017-04-29,33.86,0.48,43.83,1.58
2017-04-30,33.81,0.92,39.01,1.67
2017-05-01,31.43,2.5,50.46,0.57
2017-05-02,30.41,10.69,59.12,0.99
2017-05-03,30.38,2.23,58.53,1.69
2017-05-04,30.81,0.4,56.13,0.79
2017-05-05,32.4,0.46,51.52,1.19
2017-05-06,30.07,5.99,67.01,0.87
2017-05-07,28.91,9.29,73.71,0.97
2017-05-08,28.87,3.59,59.73,1.2
2017-05-09,30.12,1.67,55.42,1.98
2017-05-10,29.49,1.38,69.01,1.59
2017-05-11,28.5,0.36,69.3,1.01
2017-05-12,29.01,10.79,68.62,0.92
2017-05-13,29.05,6.03,72.21,1.17
2017-05-14,30.54,1.35,63.31,3.17
2017-05-15,29.85,0.18,64.27,3.93
2017-05-16,30.49,0.09,63.22,3.69
2017-05-17,30.72,3.95,63.13,3.87
2017-05-18,28.54,11.69,73.63,2.26
2017-05-19,29.58,1.05,62.88,3.27
2017-05-20,29.45,4.09,65.88,3.29
2017-05-21,29.0,2.91,69.87,2.42
2017-05-22,27.67,9.2,76.67,2.38
2017-05-23,29.43,0.54,64.99,1.76
2017-05-24,29.1,1.04,69.41,2.97
2017-05-25,28.63,2.37,73.24,3.24
2017-05-26,29.19,0.96,68.41,2.86
2017-05-27,27.2,6.44,82.32,2.34
2017-05-28,27.56,3.69,78.09,3.44
2017-05-29,28.67,0.83,70.45,3.97
2017-05-30,29.1,0.46,68.04,4.78
2017-05-31,28.15,2.16,71.18,4.09
2017-06-01,28.28,3.41,66.89,4.45
2017-06-02,27.57,4.28,70.2,4.12
2017-06-03,27.59,0.12,69.01,4.7
2017-06-04,28.73,0.32,66.21,4.7
2017-06-05,28.73,4.48,68.87,4.46
2017-06-06,27.71,1.69,74.1,3.18
2017-06-07,28.06,3.75,65.08,3.32
2017-06-08,28.86,0.12,61.29,3.88
2017-06-09,28.09,0.05,64.56,4.39
2017-06-10,27.75,0.58,66.45,4.98
2017-06-11,27.17,0.18,67.43,5.2
2017-06-12,28.01,0.59,69.57,4.16
2017-06-13,28.14,0.2,71.32,3.61
2017-06-14,28.75,3.76,70.89,3.41
2017-06-15,28.21,0.97,71.3,3.27
2017-06-16,27.45,0.83,72.64,3.64
2017-06-17,27.96,1.45,63.05,3.96
2017-06-18,28.32,0.06,65.14,3.85
2017-06-19,28.53,0.59,64.82,3.91
2017-06-20,27.96,1.74,65.62,3.75
2017-06-21,27.1,0.3,71.11,3.32
2017-06-22,27.85,0.58,70.15,3.66
2017-06-23,28.15,1.01,69.01,4.32
2017-06-24,27.03,3.05,68.2,4.95
2017-06-25,27.23,1.93,70.95,4.89
2017-06-26,27.53,2.0,69.8,5.3
2017-06-27,26.92,2.33,71.52,4.23
2017-06-28,27.29,0.38,66.96,4.36
2017-06-29,27.59,0.1,64.94,4.76
2017-06-30,28.47,0.25,65.33,3.71
2017-07-01,28.35,0.3,67.12,4.15
2017-07-02,26.78,2.83,70.23,4.15
2017-07-03,26.99,1.5,69.54,4.27
2017-07-04,28.16,0.19,63.62,4.11
2017-07-05,27.69,0.09,67.07,3.76
2017-07-06,28.16,0.63,65.57,4.4
2017-07-07,27.79,0.08,67.95,4.28
2017-07-08,27.59,0.47,64.62,4.08
2017-07-09,26.65,2.92,66.65,4.07
2017-07-10,26.96,0.5,68.31,4.2
2017-07-11,27.33,0.29,68.48,3.99
2017-07-12,28.1,0.26,62.54,3.39
2017-07-13,27.87,0.96,64.31,4.54
2017-07-14,27.52,0.04,57.75,4.71
2017-07-15,27.78,0.05,65.16,4.37
2017-07-16,28.53,0.03,61.61,5.13
2017-07-17,27.91,0.25,64.69,5.3
2017-07-18,27.51,0.75,69.05,5.18
2017-07-19,27.63,0.89,67.65,5.71
2017-07-20,27.74,0.56,66.68,5.3
2017-07-21,27.94,0.23,64.41,5.06
2017-07-22,28.14,0.07,67.1,4.28
2017-07-23,28.85,0.02,63.78,4.53
2017-07-24,29.47,0.0,61.67,4.75
2017-07-25,29.68,0.0,60.77,4.38
2017-07-26,28.67,0.02,64.12,4.39
2017-07-27,28.73,0.96,63.7,4.87
2017-07-28,29.66,0.21,61.08,4.66
2017-07-29,29.35,3.84,61.83,3.58
2017-07-30,28.25,8.04,70.57,2.58
2017-07-31,27.23,18.64,76.43,2.76
2017-08-01,28.17,9.4,70.28,2.59
2017-08-02,27.79,7.35,71.18,3.56
2017-08-03,28.0,0.68,68.51,4.64
2017-08-04,28.05,0.35,69.73,4.42
2017-08-05,27.48,0.56,71.54,4.73
2017-08-06,28.5,0.86,67.72,4.51
2017-08-07,27.37,3.72,71.41,3.94
2017-08-08,26.98,9.23,74.47,3.29
2017-08-09,26.88,7.59,75.41,3.06
2017-08-10,26.77,7.15,72.24,2.18
2017-08-11,26.15,0.97,74.72,3.63
2017-08-12,27.17,3.16,70.64,2.33
2017-08-13,25.83,5.97,76.29,2.04
2017-08-14,24.54,12.02,85.58,1.03
2017-08-15,26.05,3.39,75.86,1.63
2017-08-16,25.66,2.52,77.8,3.07
2017-08-17,26.77,2.29,74.5,3.32
2017-08-18,26.33,4.94,75.15,3.83
2017-08-19,26.24,0.54,74.39,4.55
2017-08-20,26.94,3.15,72.13,4.29
2017-08-21,26.37,1.67,73.58,4.23
2017-08-22,26.98,0.39,71.78,3.71
2017-08-23,27.5,5.21,71.85,3.21
2017-08-24,27.16,4.52,74.75,2.1
2017-08-25,27.38,0.07,71.2,3.54
2017-08-26,26.94,2.17,74.25,3.78
2017-08-27,27.27,0.82,73.46,4.34
2017-08-28,26.58,2.42,76.27,4.52
2017-08-29,26.27,0.65,76.56,4.7
2017-08-30,27.37,8.57,71.82,3.96
2017-08-31,27.06,0.22,73.61,2.56
2017-09-01,27.24,22.01,77.2,1.35
2017-09-02,25.43,29.95,84.05,2.33
2017-09-03,27.08,1.46,76.05,1.44
2017-09-04,26.85,18.21,83.81,1.31
2017-09-05,26.96,5.99,81.84,1.92
2017-09-06,25.96,7.18,84.92,1.64
2017-09-07,26.94,5.66,80.67,1.01
2017-09-08,26.4,16.9,82.95,1.2
2017-09-09,26.41,6.73,80.9,0.69
2017-09-10,26.9,4.14,78.97,1.37
2017-09-11,26.98,0.9,80.78,1.66
2017-09-12,26.88,3.67,80.66,2.05
2017-09-13,26.54,7.08,83.0,1.54
2017-09-14,25.56,4.41,86.11,1.56
2017-09-15,25.8,0.32,82.11,2.16
2017-09-16,25.5,4.6,84.05,2.69
2017-09-17,25.27,7.41,79.41,4.16
2017-09-18,25.61,0.75,79.74,4.31
2017-09-19,26.01,0.2,79.74,4.26
2017-09-20,26.01,0.06,78.23,3.94
2017-09-21,25.89,0.05,76.7,3.54
2017-09-22,26.82,0.01,72.33,2.89
2017-09-23,27.04,0.07,74.21,1.79
2017-09-24,25.51,15.49,85.0,2.12
2017-09-25,25.42,10.19,83.82,2.47
2017-09-26,25.77,4.95,83.38,1.97
2017-09-27,25.06,6.72,83.98,2.57
2017-09-28,25.15,8.29,81.83,3.75
2017-09-29,24.88,0.16,81.28,3.23
2017-09-30,26.67,0.65,79.94,2.71
2017-10-01,26.02,0.79,80.75,2.7
2017-10-02,26.81,0.02,80.53,2.15
2017-10-03,26.44,1.63,82.98,1.98
2017-10-04,26.63,6.43,81.81,1.84
2017-10-05,26.22,8.62,84.56,1.04
2017-10-06,24.7,4.91,89.01,1.94
2017-10-07,26.57,1.06,77.27,1.15
2017-10-08,26.48,3.22,83.17,1.79
2017-10-09,26.51,0.92,83.23,1.85
2017-10-10,26.01,9.52,85.56,1.73
2017-10-11,25.13,8.7,87.45,1.12
2017-10-12,26.22,4.11,79.76,2.04
2017-10-13,25.64,8.12,82.25,1.99
2017-10-14,25.01,6.7,84.83,2.56
2017-10-15,24.45,0.77,80.9,3.11
2017-10-16,24.89,0.55,82.75,2.68
2017-10-17,25.04,1.64,81.4,2.27
2017-10-18,26.18,0.07,79.05,2.33
2017-10-19,26.76,0.01,78.97,1.52
2017-10-20,26.67,0.06,79.68,1.97
2017-10-21,26.62,5.61,80.58,1.72
2017-10-22,25.14,0.52,84.16,2.12
2017-10-23,25.81,0.02,74.02,1.91
2017-10-24,26.3,0.06,71.69,0.95
2017-10-25,26.18,2.37,80.21,1.35
2017-10-26,26.06,3.43,80.59,1.43
2017-10-27,25.75,4.97,81.5,1.49
2017-10-28,25.19,2.69,83.23,1.77
2017-10-29,25.69,0.0,75.88,1.63
2017-10-30,25.1,3.28,82.31,2.2
2017-10-31,24.52,1.68,84.92,2.04
2017-11-01,24.81,5.6,83.75,1.75
2017-11-02,24.97,4.21,83.03,1.96
2017-11-03,24.73,1.16,85.12,2.12
2017-11-04,24.45,3.55,84.58,2.26
2017-11-05,24.83,4.15,85.2,2.09
2017-11-06,24.28,6.31,86.98,2.07
2017-11-07,24.76,2.59,83.66,1.85
2017-11-08,24.19,23.68,88.27,1.64
2017-11-09,24.34,0.19,79.89,1.46
2017-11-10,24.43,0.02,77.14,1.61
2017-11-11,25.37,0.0,74.91,1.37
2017-11-12,25.64,0.0,73.09,1.37
2017-11-13,26.36,0.88,74.39,1.06
2017-11-14,25.2,2.88,82.56,1.43
2017-11-15,25.84,1.86,81.12,1.68
2017-11-16,25.76,0.45,74.68,1.8
2017-11-17,25.79,0.11,73.48,1.53
2017-11-18,26.05,0.09,72.86,1.45
2017-11-19,26.21,0.18,79.01,1.57
2017-11-20,26.49,0.49,77.7,1.59
2017-11-21,25.39,4.34,83.43,1.4
2017-11-22,25.69,0.41,78.99,1.69
2017-11-23,25.73,0.01,75.32,1.73
2017-11-24,26.04,0.0,75.0,1.51
2017-11-25,25.44,0.02,75.91,1.71
2017-11-26,24.51,5.15,81.36,1.56
2017-11-27,24.3,4.1,89.18,1.71
2017-11-28,25.0,0.68,80.38,2.05
2017-11-29,24.91,5.16,81.35,2.73
2017-11-30,23.48,40.26,92.69,3.41
2017-12-01,24.23,26.11,94.14,2.94
2017-12-02,23.74,3.37,90.07,1.41
2017-12-03,23.59,0.75,89.0,1.73
2017-12-04,24.11,0.1,84.04,1.24
2017-12-05,24.26,0.05,84.72,0.93
2017-12-06,24.48,0.02,84.8,1.64
2017-12-07,24.51,0.01,83.42,1.31
2017-12-08,24.3,0.0,72.4,0.87
2017-12-09,23.87,0.0,65.15,0.72
2017-12-10,23.98,0.01,71.62,1.11
2017-12-11,24.39,0.0,76.54,1.1
2017-12-12,25.19,0.0,78.07,0.74
2017-12-13,24.01,0.95,86.36,1.28
2017-12-14,24.58,0.02,76.38,1.48
2017-12-15,24.25,0.01,77.34,1.81
2017-12-16,23.89,0.0,78.75,2.29
2017-12-17,23.15,0.0,75.91,2.58
2017-12-18,22.45,0.0,74.11,2.37
2017-12-19,23.33,0.05,76.26,2.17
2017-12-20,23.71,0.09,72.49,2.74
2017-12-21,22.81,1.47,76.31,2.4
2017-12-22,23.7,0.11,76.73,2.54
2017-12-23,23.46,0.0,72.87,2.4
2017-12-24,23.09,0.0,72.24,2.04
2017-12-25,24.34,0.0,72.88,2.05
2017-12-26,24.0,0.0,68.86,2.13
2017-12-27,23.06,0.0,71.39,2.05
2017-12-28,21.29,0.0,72.2,1.96
2017-12-29,22.26,0.0,69.86,2.03
2017-12-30,23.32,0.0,69.86,1.85
2017-12-31,23.29,0.0,67.68,1.27
2018-01-01,25.02,0.0,68.91,0.53
2018-01-02,25.49,0.0,66.72,0.7
2018-01-03,25.3,0.0,70.22,1.27
2018-01-04,24.74,0.0,69.85,1.98
2018-01-05,23.14,0.0,65.96,1.65
2018-01-06,22.26,0.0,67.89,0.94
2018-01-07,22.23,0.0,64.7,1.12
2018-01-08,22.07,0.0,63.37,1.62
2018-01-09,23.3,1.81,71.72,1.32
2018-01-10,24.63,1.83,77.83,2.5
2018-01-11,25.47,0.3,74.84,1.97
2018-01-12,25.95,0.0,71.05,2.19
2018-01-13,24.46,0.0,71.32,1.74
2018-01-14,24.08,0.0,64.71,1.72
2018-01-15,24.39,0.0,66.3,1.85
2018-01-16,25.15,0.0,67.26,1.62
2018-01-17,24.93,0.0,67.59,1.83
2018-01-18,23.57,0.0,60.0,1.97
2018-01-19,22.78,0.0,64.61,1.73
2018-01-20,23.1,0.0,63.3,1.5
2018-01-21,23.13,0.0,62.87,1.66
2018-01-22,23.34,0.0,64.52,1.13
2018-01-23,24.14,0.0,64.84,0.76
2018-01-24,25.03,0.0,65.7,1.28
2018-01-25,25.58,0.0,60.23,1.32
2018-01-26,24.43,0.0,61.07,1.5
2018-01-27,24.3,0.0,63.06,1.01
2018-01-28,24.53,0.01,61.83,1.52
2018-01-29,24.91,0.0,57.56,1.85
2018-01-30,24.85,0.0,55.52,1.82
2018-01-31,24.12,0.0,52.56,1.92
2018-02-01,23.47,0.0,49.91,1.47
2018-02-02,23.98,0.0,47.39,1.6
2018-02-03,23.33,0.0,51.74,1.62
2018-02-04,22.79,0.0,54.02,1.3
2018-02-05,25.13,0.0,55.88,2.03
2018-02-06,26.54,0.8,65.14,1.98
2018-02-07,25.23,17.41,81.1,1.27
2018-02-08,25.36,5.8,76.54,0.84
2018-02-09,25.7,0.21,69.68,0.89
2018-02-10,25.62,0.02,64.62,1.55
2018-02-11,25.38,0.0,67.04,1.84
2018-02-12,24.65,0.01,71.02,1.69
2018-02-13,23.9,0.0,69.13,1.74
2018-02-14,24.12,0.0,70.64,2.06
2018-02-15,24.61,0.0,66.15,2.03
2018-02-16,24.68,0.0,63.25,1.97
2018-02-17,24.44,0.0,59.74,0.94
2018-02-18,25.4,0.0,55.34,1.5
2018-02-19,25.16,0.0,58.02,1.76
2018-02-20,25.8,0.0,58.45,1.92
2018-02-21,25.72,0.0,55.17,1.92
2018-02-22,25.86,0.0,47.45,2.0
2018-02-23,25.55,0.0,50.16,1.9
2018-02-24,25.93,0.0,56.91,2.03
2018-02-25,26.71,0.0,58.18,2.38
2018-02-26,27.74,0.0,55.37,1.94
2018-02-27,28.67,0.0,53.27,2.33
2018-02-28,28.04,0.06,47.63,2.22
2018-03-01,27.55,1.26,51.52,2.24
2018-03-02,27.43,0.0,41.25,2.1
2018-03-03,27.08,0.0,38.16,1.4
2018-03-04,28.09,0.0,33.61,1.57
2018-03-05,27.5,0.0,35.14,1.5
2018-03-06,27.79,0.0,36.05,1.76
2018-03-07,28.14,0.0,38.78,1.74
2018-03-08,28.71,0.0,44.13,2.19
2018-03-09,28.67,0.0,39.9,2.32
2018-03-10,28.82,0.0,39.29,2.13
2018-03-11,28.77,0.0,44.28,2.48
2018-03-12,28.9,0.03,52.44,3.06
2018-03-13,27.87,2.23,63.38,2.66
2018-03-14,27.93,1.1,60.29,2.19
2018-03-15,28.79,1.18,58.13,1.62
2018-03-16,29.23,1.51,63.35,1.06
2018-03-17,25.61,4.44,79.26,1.9
2018-03-18,27.77,3.25,65.86,1.71
2018-03-19,28.44,0.4,55.9,2.14
2018-03-20,28.69,0.0,45.55,1.7
2018-03-21,29.95,0.02,42.17,1.3
2018-03-22,31.3,0.07,51.4,1.54
2018-03-23,31.88,2.41,47.84,2.26
2018-03-24,31.5,0.38,47.22,2.17
2018-03-25,30.46,0.0,41.6,2.58
2018-03-26,30.08,0.0,37.73,2.13
2018-03-27,30.64,0.0,39.92,1.6
2018-03-28,32.24,0.0,45.11,0.85
2018-03-29,31.48,0.01,48.63,1.04
2018-03-30,30.6,0.28,54.13,1.17
2018-03-31,30.48,3.46,56.24,1.95
2018-04-01,30.01,3.1,57.41,1.45
2018-04-02,30.34,0.21,53.36,1.74
2018-04-03,31.17,0.18,49.12,1.27
2018-04-04,31.87,0.0,43.26,2.01
2018-04-05,31.07,0.0,44.72,2.14
2018-04-06,30.62,0.0,43.01,1.52
2018-04-07,31.29,0.0,42.58,2.34
2018-04-08,30.55,0.07,50.65,2.56
2018-04-09,30.33,0.08,53.21,2.5
2018-04-10,30.45,1.65,55.53,2.62
2018-04-11,30.33,0.48,56.15,1.83
2018-04-12,31.13,0.26,52.98,2.18
2018-04-13,31.43,1.05,51.58,2.65
2018-04-14,31.59,2.33,52.67,2.01
2018-04-15,29.23,3.87,65.82,1.86
2018-04-16,30.55,1.32,59.32,2.06
2018-04-17,31.13,0.02,55.4,1.73
2018-04-18,32.7,0.02,47.52,1.88
2018-04-19,32.83,0.0,48.15,1.28
2018-04-20,31.86,0.81,52.26,1.65
2018-04-21,32.99,0.34,46.41,1.99
2018-04-22,33.24,0.34,46.59,1.47
2018-04-23,33.56,0.01,43.55,2.3
2018-04-24,34.06,0.04,41.42,1.29
2018-04-25,33.14,0.34,48.09,1.46
2018-04-26,32.49,1.62,51.8,1.68
2018-04-27,31.51,2.19,54.09,1.7
2018-04-28,31.52,0.0,52.58,2.36
2018-04-29,32.43,0.0,49.59,0.86
2018-04-30,31.49,11.94,57.54,2.33
2018-05-01,29.24,10.99,71.49,2.1
2018-05-02,29.04,6.8,72.86,2.08
2018-05-03,29.61,3.55,70.13,1.18
2018-05-04,28.28,9.53,72.54,1.38
2018-05-05,29.07,4.9,66.18,1.47
2018-05-06,30.42,2.88,64.42,0.83
2018-05-07,29.54,2.04,67.27,1.89
2018-05-08,28.24,3.34,72.43,1.8
2018-05-09,26.89,21.5,77.36,1.5
2018-05-10,27.69,6.46,75.87,0.78
2018-05-11,28.98,1.89,70.42,1.43
2018-05-12,28.28,3.51,72.94,2.38
2018-05-13,28.3,3.09,71.62,1.45
2018-05-14,28.43,3.39,69.85,1.89
2018-05-15,27.13,2.13,68.29,1.15
2018-05-16,27.4,1.97,68.12,0.96
2018-05-17,29.18,1.85,67.7,0.97
2018-05-18,28.96,0.33,66.82,2.45
2018-05-19,29.34,2.66,67.08,2.54
2018-05-20,28.58,1.5,72.01,2.88
2018-05-21,28.82,1.83,67.54,3.11
2018-05-22,28.96,0.76,66.31,2.61
2018-05-23,29.33,1.33,67.93,2.44
2018-05-24,28.31,5.05,73.08,2.68
2018-05-25,27.0,32.65,82.08,1.65
2018-05-26,27.11,1.99,80.81,2.08
2018-05-27,27.77,2.89,78.22,2.71
2018-05-28,26.9,4.33,83.48,2.44
2018-05-29,27.3,0.97,79.87,4.07
2018-05-30,28.33,0.04,72.45,4.26
2018-05-31,28.66,0.09,70.89,3.72
2018-06-01,28.26,5.6,75.4,2.11
2018-06-02,28.68,0.55,73.0,1.88
2018-06-03,26.85,6.14,82.65,2.63
2018-06-04,26.88,2.13,81.07,2.6
2018-06-05,26.97,3.43,77.16,3.01
2018-06-06,27.37,1.13,70.14,3.93
2018-06-07,27.48,0.65,74.0,4.23
2018-06-08,27.87,0.55,72.69,5.12
2018-06-09,27.26,1.7,72.53,5.98
2018-06-10,27.94,0.96,74.56,5.24
2018-06-11,27.88,3.07,75.1,5.61
2018-06-12,27.61,1.25,75.13,5.21
2018-06-13,27.07,1.53,73.71,5.55
2018-06-14,27.31,0.43,67.82,5.21
2018-06-15,27.11,0.48,67.73,4.39
2018-06-16,27.03,2.2,67.87,4.08
2018-06-17,26.68,0.19,66.27,4.1
2018-06-18,27.3,0.43,66.83,4.48
2018-06-19,27.73,0.35,71.77,4.75
2018-06-20,27.09,0.5,75.52,4.3
2018-06-21,26.85,2.53,74.71,4.01
2018-06-22,26.84,0.43,70.27,4.09
2018-06-23,27.12,0.18,68.37,4.06
2018-06-24,27.93,0.01,65.14,3.99
2018-06-25,26.56,0.12,67.09,4.36
2018-06-26,26.53,1.54,69.63,4.84
2018-06-27,27.07,4.75,72.14,5.05
2018-06-28,26.14,0.49,73.24,4.55
2018-06-29,26.39,1.1,69.86,3.92
2018-06-30,26.83,6.19,67.07,3.28
2018-07-01,26.95,19.85,69.39,3.02
2018-07-02,26.38,13.84,74.64,3.44
2018-07-03,26.2,7.44,76.31,2.93
2018-07-04,27.38,0.0,72.59,3.31
2018-07-05,27.46,0.02,70.44,3.69
2018-07-06,27.26,0.78,70.69,4.62
2018-07-07,26.58,0.3,69.74,5.72
2018-07-08,26.86,0.64,73.71,5.1
2018-07-09,26.23,3.18,79.22,4.07
2018-07-10,26.22,4.25,79.03,4.07
2018-07-11,25.96,2.32,76.9,5.53
2018-07-12,26.78,0.5,72.13,5.42
2018-07-13,27.1,1.41,72.59,5.27
2018-07-14,27.12,0.3,73.87,4.99
2018-07-15,27.0,3.15,73.16,5.71
2018-07-16,26.49,3.44,72.34,5.78
2018-07-17,26.89,0.66,68.22,6.38
2018-07-18,26.86,0.89,70.94,5.6
2018-07-19,26.76,2.28,74.73,5.34
2018-07-20,26.57,2.45,74.09,5.84
2018-07-21,26.33,0.27,74.38,5.84
2018-07-22,27.1,0.08,71.06,5.11
2018-07-23,27.12,0.25,71.51,5.15
2018-07-24,27.07,3.01,71.92,5.01
2018-07-25,26.69,2.49,74.79,4.27
2018-07-26,27.03,0.34,72.47,4.55
2018-07-27,27.48,0.1,69.77,4.81
2018-07-28,27.34,0.72,70.43,4.43
2018-07-29,26.99,0.25,73.4,4.07
2018-07-30,26.83,0.19,74.74,4.09
2018-07-31,26.66,1.19,74.49,4.66
2018-08-01,26.84,0.28,72.2,4.62
2018-08-02,27.61,0.31,68.57,4.1
2018-08-03,26.18,1.49,70.65,4.27
2018-08-04,27.1,0.89,66.31,4.45
2018-08-05,26.8,0.22,70.96,4.6
2018-08-06,27.11,1.39,69.21,5.51
2018-08-07,26.78,0.74,69.61,5.45
2018-08-08,25.92,3.01,73.68,5.5
2018-08-09,26.61,1.55,71.0,5.18
2018-08-10,26.6,2.55,73.51,4.55
2018-08-11,26.05,0.59,73.8,5.06
2018-08-12,25.2,2.42,74.47,5.23
2018-08-13,25.96,1.63,72.32,5.1
2018-08-14,26.74,2.78,70.58,6.49
2018-08-15,25.86,8.37,77.59,6.59
2018-08-16,26.25,3.67,73.18,6.85
2018-08-17,27.1,0.76,70.95,6.26
2018-08-18,26.63,0.23,71.86,5.9
2018-08-19,26.35,0.12,72.51,5.14
2018-08-20,27.11,0.07,68.53,5.49
2018-08-21,27.16,0.06,67.43,4.92
2018-08-22,26.84,0.01,67.38,4.28
2018-08-23,27.53,0.27,67.32,4.06
2018-08-24,27.2,5.8,68.88,3.69
2018-08-25,27.85,0.75,68.51,3.44
2018-08-26,27.34,0.54,67.53,4.01
2018-08-27,26.76,5.75,71.14,3.8
2018-08-28,26.96,3.11,70.99,4.08
2018-08-29,26.95,2.29,71.24,4.1
2018-08-30,26.86,2.61,71.77,3.85
2018-08-31,26.39,3.29,75.29,3.4
2018-09-01,27.02,2.25,71.92,3.15
2018-09-02,27.36,0.01,68.88,3.18
2018-09-03,28.28,0.0,62.71,3.13
2018-09-04,28.3,0.0,63.15,3.32
2018-09-05,27.73,0.0,64.34,3.83
2018-09-06,27.61,0.0,65.13,4.41
2018-09-07,27.49,0.0,64.17,4.71
2018-09-08,28.32,0.0,62.18,4.04
2018-09-09,28.59,0.65,60.98,2.8
2018-09-10,28.14,7.69,64.79,1.23
2018-09-11,28.82,0.42,64.51,2.27
2018-09-12,29.33,0.78,61.08,2.27
2018-09-13,28.62,0.8,64.96,2.45
2018-09-14,28.17,3.47,68.18,2.24
2018-09-15,26.66,10.35,73.19,2.19
2018-09-16,26.15,7.19,76.45,2.76
2018-09-17,26.31,0.73,74.66,3.26
2018-09-18,27.89,0.02,65.82,4.33
2018-09-19,27.8,1.04,65.46,4.14
2018-09-20,27.52,0.15,61.73,4.18
2018-09-21,27.3,0.29,63.95,3.88
2018-09-22,27.63,1.27,66.43,2.42
2018-09-23,27.36,9.2,74.84,0.97
2018-09-24,26.32,13.36,81.89,0.95
2018-09-25,26.95,6.67,76.27,1.25
2018-09-26,28.28,1.3,70.45,1.47
2018-09-27,28.04,29.5,73.17,1.43
2018-09-28,26.43,9.62,81.52,1.48
2018-09-29,27.09,12.46,79.57,1.72
2018-09-30,27.29,8.92,79.14,1.34
2018-10-01,27.35,4.62,77.39,1.65
2018-10-02,27.01,3.44,79.16,1.75
2018-10-03,26.45,7.94,80.86,1.61
2018-10-04,25.63,7.05,82.52,1.86
2018-10-05,25.48,8.63,85.17,2.47
2018-10-06,26.14,8.91,82.08,2.6
2018-10-07,26.44,2.44,79.54,1.37
2018-10-08,25.88,14.71,82.31,1.24
2018-10-09,25.74,13.1,81.39,1.35
2018-10-10,26.27,0.02,77.45,2.51
2018-10-11,27.28,0.03,67.17,1.41
2018-10-12,27.77,0.03,71.1,1.2
2018-10-13,27.34,2.9,75.25,0.97
2018-10-14,26.67,15.37,82.09,1.44
2018-10-15,26.09,3.63,82.76,0.85
2018-10-16,26.24,5.73,82.74,0.93
2018-10-17,24.64,2.35,84.77,1.26
2018-10-18,26.02,0.67,75.48,0.91
2018-10-19,25.92,2.02,81.16,1.42
2018-10-20,26.29,2.96,76.98,1.18
2018-10-21,26.27,1.74,76.61,1.12
2018-10-22,26.4,1.59,74.06,1.16
2018-10-23,25.88,0.16,61.83,1.06
2018-10-24,25.83,0.0,62.74,1.3
2018-10-25,25.63,0.02,70.9,1.87
2018-10-26,25.84,0.0,72.4,2.14
2018-10-27,26.2,0.0,69.38,1.65
2018-10-28,26.08,0.0,63.35,1.68
2018-10-29,25.78,0.0,60.19,1.31
2018-10-30,26.2,0.0,62.8,1.08
2018-10-31,27.27,1.16,70.51,1.26
2018-11-01,26.36,5.36,80.76,1.83
2018-11-02,25.44,7.88,85.43,2.0
2018-11-03,25.53,5.83,83.3,2.04
2018-11-04,26.32,0.72,75.62,2.14
2018-11-05,26.43,0.48,74.63,1.9
2018-11-06,26.28,0.05,71.53,1.92
2018-11-07,25.67,0.01,67.33,1.44
2018-11-08,25.84,0.16,67.95,1.45
2018-11-09,26.57,0.11,71.51,2.06
2018-11-10,26.33,0.01,67.56,1.77
2018-11-11,26.22,0.02,64.96,1.04
2018-11-12,25.97,0.0,63.52,0.94
2018-11-13,26.43,0.0,65.78,0.8
2018-11-14,26.43,0.0,58.51,0.85
2018-11-15,26.89,6.23,65.15,1.16
2018-11-16,24.79,34.88,88.48,2.65
2018-11-17,25.95,0.2,77.83,1.79
2018-11-18,25.9,3.17,81.71,1.59
2018-11-19,26.21,1.86,78.65,1.57
2018-11-20,25.46,0.99,79.26,1.34
2018-11-21,24.59,1.64,78.16,1.71
2018-11-22,23.86,4.66,85.55,2.66
2018-11-23,25.05,6.58,83.39,2.29
2018-11-24,25.61,1.72,77.86,1.77
2018-11-25,25.28,0.07,77.48,1.59
2018-11-26,24.74,0.0,73.88,1.91
2018-11-27,23.28,0.0,72.3,1.79
2018-11-28,24.05,0.51,75.25,1.87
2018-11-29,24.61,7.17,83.1,2.11
2018-11-30,25.19,1.06,78.83,1.93
2018-12-01,25.08,0.28,73.89,2.0
2018-12-02,24.66,0.0,70.93,1.67
2018-12-03,25.16,0.09,72.9,1.75
2018-12-04,25.17,4.19,81.84,1.74
2018-12-05,26.08,0.36,76.44,1.64
2018-12-06,26.06,1.37,76.33,2.02
2018-12-07,25.87,0.11,74.61,1.94
2018-12-08,25.56,0.0,73.39,1.99
2018-12-09,25.49,0.0,71.12,2.0
2018-12-10,25.51,0.0,70.24,1.26
2018-12-11,25.01,0.0,67.8,1.04
2018-12-12,25.65,0.0,66.22,0.81
2018-12-13,25.65,0.0,67.48,1.1
2018-12-14,25.39,0.0,64.82,1.53
2018-12-15,25.7,0.0,65.71,1.98
2018-12-16,24.55,0.0,60.69,1.12
2018-12-17,25.62,0.0,60.24,1.56
2018-12-18,25.61,0.0,62.53,1.2
2018-12-19,24.83,0.0,71.26,2.28
2018-12-20,24.39,0.0,68.38,1.3
2018-12-21,25.35,0.0,67.74,1.09
2018-12-22,23.25,0.47,77.95,1.21
2018-12-23,24.81,1.39,79.35,2.01
2018-12-24,25.65,0.2,74.53,2.04
2018-12-25,25.84,0.01,66.29,1.77
2018-12-26,26.02,0.0,63.92,1.1
2018-12-27,25.55,0.0,65.18,1.01
2018-12-28,25.62,0.01,66.6,1.65
2018-12-29,25.54,0.03,69.71,2.93
2018-12-30,24.64,0.01,65.03,2.64
2018-12-31,24.12,0.0,66.57,2.23
2019-01-01,22.5,0.0,59.67,1.82
2019-01-02,21.9,0.0,62.92,2.09
2019-01-03,22.28,0.0,63.93,2.04
2019-01-04,22.39,0.0,62.63,2.21
2019-01-05,22.64,0.0,62.6,1.84
2019-01-06,22.8,0.0,65.75,1.59
2019-01-07,23.55,0.0,64.47,1.61
2019-01-08,24.2,0.0,58.62,1.82
2019-01-09,23.38,0.0,57.44,1.57
2019-01-10,23.4,0.0,58.32,1.61
2019-01-11,23.69,0.0,61.68,1.57
2019-01-12,24.12,0.0,58.38,1.91
2019-01-13,23.91,0.0,57.59,1.49
2019-01-14,23.99,0.03,62.34,1.63
2019-01-15,24.17,0.13,53.18,1.73
2019-01-16,23.86,0.0,52.8,1.78
2019-01-17,23.94,0.0,57.7,1.86
2019-01-18,23.75,0.0,56.2,1.83
2019-01-19,23.58,0.0,55.54,1.66
2019-01-20,23.41,0.0,54.07,1.91
2019-01-21,23.4,0.0,51.09,1.46
2019-01-22,23.41,0.0,55.65,1.23
2019-01-23,24.68,0.0,58.35,1.36
2019-01-24,25.85,0.0,56.7,1.49
2019-01-25,26.8,0.0,59.19,1.42
2019-01-26,27.99,0.0,58.88,1.91
2019-01-27,27.94,0.0,57.4,2.25
2019-01-28,27.79,0.0,56.25,2.1
2019-01-29,27.17,0.0,52.4,2.67
2019-01-30,26.61,0.01,55.7,2.57
2019-01-31,26.5,0.0,55.45,2.49
2019-02-01,26.16,0.0,56.09,2.19
2019-02-02,26.69,0.0,55.13,1.76
2019-02-03,27.26,0.0,54.75,2.12
2019-02-04,27.77,0.0,54.91,2.61
2019-02-05,27.63,0.03,56.92,2.49
2019-02-06,27.82,0.01,51.42,2.15
2019-02-07,28.37,0.0,48.51,1.82
2019-02-08,29.36,0.0,48.48,1.51
2019-02-09,29.57,1.75,55.57,1.71
2019-02-10,28.63,2.26,59.67,2.28
2019-02-11,28.49,0.14,55.33,3.41
2019-02-12,27.73,0.0,54.05,3.35
2019-02-13,27.41,0.0,51.92,2.62
2019-02-14,28.25,0.0,55.98,2.53
2019-02-15,29.34,0.07,53.49,2.1
2019-02-16,30.31,0.02,49.0,1.32
2019-02-17,31.96,0.0,43.15,1.18
2019-02-18,31.49,0.0,41.46,1.29
2019-02-19,31.0,0.38,48.42,2.67
2019-02-20,29.6,0.17,51.75,3.25
2019-02-21,28.53,0.0,49.05,2.55
2019-02-22,27.54,0.0,42.4,2.58
2019-02-23,27.75,0.0,37.32,2.4
2019-02-24,28.19,0.0,40.52,2.24
2019-02-25,28.13,0.0,36.04,1.41
2019-02-26,29.67,0.0,35.85,1.15
2019-02-27,31.59,0.0,42.76,1.51
2019-02-28,31.52,0.12,42.93,1.43
2019-03-01,31.82,0.66,45.93,2.22
2019-03-02,30.5,1.28,49.77,3.06
2019-03-03,30.52,0.01,47.12,2.44
2019-03-04,30.71,0.0,44.82,1.75
2019-03-05,32.32,0.0,39.29,1.12
2019-03-06,33.13,0.71,41.97,1.71
2019-03-07,33.23,0.43,43.16,1.99
2019-03-08,33.27,0.01,42.32,1.5
2019-03-09,31.66,2.1,48.71,1.77
2019-03-10,31.69,0.73,47.8,2.31
2019-03-11,31.32,0.0,40.18,2.41
2019-03-12,29.76,0.0,37.45,2.37
2019-03-13,29.3,0.0,35.27,2.39
2019-03-14,29.54,0.0,33.27,2.74
2019-03-15,29.73,0.0,32.05,2.59
2019-03-16,29.45,0.0,38.81,2.19
2019-03-17,29.43,0.0,40.23,1.79
2019-03-18,30.48,0.01,47.09,2.09
2019-03-19,31.1,0.01,47.18,2.1
2019-03-20,31.62,0.0,41.09,2.39
2019-03-21,30.75,0.0,36.37,2.02
2019-03-22,30.96,0.0,38.79,1.95
2019-03-23,31.79,0.0,41.92,1.76
2019-03-24,32.57,0.0,34.91,1.76
2019-03-25,32.01,0.0,32.6,2.61
2019-03-26,31.54,0.0,35.86,2.45
2019-03-27,30.26,0.0,31.96,1.61
2019-03-28,31.49,0.0,33.0,2.2
2019-03-29,32.42,0.0,32.0,1.67
2019-03-30,32.62,0.0,32.13,1.62
2019-03-31,32.73,0.0,36.89,1.4
2019-04-01,32.83,0.0,39.12,2.01
2019-04-02,33.07,0.0,37.81,2.12
2019-04-03,32.43,0.0,35.57,2.57
2019-04-04,31.8,0.0,37.76,2.27
2019-04-05,33.07,0.06,38.27,1.64
2019-04-06,32.94,0.01,36.18,1.87
2019-04-07,33.07,0.0,35.36,1.69
2019-04-08,33.28,0.04,40.54,1.89
2019-04-09,34.01,0.2,41.21,1.79
2019-04-10,33.46,0.01,41.38,2.21
2019-04-11,33.08,0.0,38.43,1.86
2019-04-12,33.62,0.0,33.92,1.96
2019-04-13,33.06,0.0,35.79,2.2
2019-04-14,32.73,0.0,31.86,2.21
2019-04-15,32.51,0.0,33.24,1.27
2019-04-16,33.57,2.02,41.67,1.64
2019-04-17,31.83,5.77,51.35,1.48
2019-04-18,31.98,1.63,53.47,1.97
2019-04-19,30.38,5.97,61.48,1.26
2019-04-20,29.37,14.19,69.64,1.3
2019-04-21,30.32,2.12,63.4,1.36
2019-04-22,31.64,12.27,57.05,1.31
2019-04-23,30.57,5.31,60.97,1.79
2019-04-24,30.86,0.34,52.37,1.58
2019-04-25,30.99,0.5,52.17,1.27
2019-04-26,31.19,1.23,54.84,1.42
2019-04-27,32.04,0.0,51.32,1.79
2019-04-28,31.94,0.0,52.57,1.35
2019-04-29,30.68,0.46,61.55,1.46
2019-04-30,30.17,0.53,62.5,4.08
2019-05-01,30.21,1.52,60.94,4.38
2019-05-02,31.15,0.0,54.3,4.49
2019-05-03,30.74,0.0,52.65,4.28
2019-05-04,31.22,0.0,52.09,3.24
2019-05-05,32.66,0.0,49.54,2.18
2019-05-06,33.4,0.16,48.97,2.06
2019-05-07,31.67,1.75,57.11,4.11
2019-05-08,29.53,1.68,61.21,3.77
2019-05-09,30.98,0.84,57.23,2.87
2019-05-10,32.52,1.17,53.92,2.28
2019-05-11,32.87,0.1,52.01,2.63
2019-05-12,32.77,0.13,52.92,2.6
2019-05-13,32.34,0.08,53.36,2.97
2019-05-14,32.41,0.48,53.0,2.92
2019-05-15,31.21,4.32,60.28,2.91
2019-05-16,31.99,0.67,57.67,1.98
2019-05-17,30.75,2.43,61.85,2.39
2019-05-18,31.13,0.26,58.22,1.31
2019-05-19,32.97,0.06,51.82,1.62
2019-05-20,33.3,0.0,45.14,1.82
2019-05-21,31.94,0.01,50.33,1.65
2019-05-22,33.02,0.13,50.77,2.03
2019-05-23,32.76,0.31,52.04,2.59
2019-05-24,31.36,0.28,59.56,2.93
2019-05-25,30.91,0.73,60.02,4.25
2019-05-26,30.66,0.34,61.57,3.75
2019-05-27,32.9,0.33,53.89,2.43
2019-05-28,32.65,4.82,55.16,2.78
2019-05-29,29.69,3.92,69.98,2.44
2019-05-30,29.82,5.46,66.12,2.55
2019-05-31,28.39,4.37,68.96,2.58
2019-06-01,30.43,0.73,61.33,2.94
2019-06-02,30.08,5.2,65.2,3.6
2019-06-03,28.92,0.81,70.18,2.76
2019-06-04,29.24,12.53,68.95,3.59
2019-06-05,28.53,22.18,74.02,2.25
2019-06-06,29.02,0.43,72.56,1.43
2019-06-07,29.42,1.74,70.77,3.1
2019-06-08,29.94,0.4,63.88,3.0
2019-06-09,29.63,2.37,61.38,3.45
2019-06-10,28.75,0.98,65.39,3.47
2019-06-11,28.64,0.8,68.08,4.12
2019-06-12,28.97,0.18,68.4,4.25
2019-06-13,28.47,0.83,69.76,4.63
2019-06-14,28.54,0.65,60.94,4.73
2019-06-15,29.29,2.97,60.51,4.51
2019-06-16,29.71,0.38,65.63,4.08
2019-06-17,30.06,0.01,62.79,4.58
2019-06-18,29.62,0.16,63.0,4.27
2019-06-19,29.09,0.34,67.27,4.83
2019-06-20,29.2,0.28,61.37,4.95
2019-06-21,28.27,1.22,65.39,3.98
2019-06-22,27.63,0.9,72.13,4.76
2019-06-23,28.22,0.67,67.03,4.6
2019-06-24,29.54,0.65,63.94,4.12
2019-06-25,28.82,2.84,68.45,3.67
2019-06-26,27.81,2.18,73.28,2.96
2019-06-27,29.17,0.01,66.03,4.31
2019-06-28,29.69,0.0,62.1,4.88
2019-06-29,29.33,0.0,62.88,5.12
2019-06-30,28.56,0.0,65.51,4.81
2019-07-01,29.71,0.0,63.06,4.69
2019-07-02,28.06,0.31,70.64,4.62
2019-07-03,28.41,0.11,69.31,4.51
2019-07-04,28.17,1.46,71.46,4.17
2019-07-05,28.26,0.31,69.03,4.42
2019-07-06,28.19,0.39,69.24,4.4
2019-07-07,28.51,0.23,67.87,4.11
2019-07-08,28.94,0.23,66.74,4.24
2019-07-09,28.31,0.58,67.26,4.08
2019-07-10,27.56,4.76,64.58,4.79
2019-07-11,28.52,0.48,60.36,3.55
2019-07-12,28.85,0.18,59.16,2.9
2019-07-13,29.09,1.37,63.09,3.17
2019-07-14,28.2,3.87,69.16,3.52
2019-07-15,28.2,2.81,64.38,4.18
2019-07-16,27.9,1.73,65.21,4.26
2019-07-17,27.61,0.57,66.1,3.86
2019-07-18,26.65,8.55,71.36,3.48
2019-07-19,26.33,1.71,74.86,4.22
2019-07-20,26.89,0.58,70.25,4.93
2019-07-21,27.62,0.34,68.3,5.53
2019-07-22,26.51,1.96,73.2,4.51
2019-07-23,26.9,6.62,68.94,4.73
2019-07-24,27.64,3.63,70.01,3.87
2019-07-25,27.11,4.91,69.83,4.03
2019-07-26,27.25,1.35,68.48,4.21
2019-07-27,28.0,0.0,65.88,3.74
2019-07-28,27.98,0.1,65.54,4.34
2019-07-29,27.85,0.3,67.11,4.4
2019-07-30,28.26,0.03,62.22,4.1
2019-07-31,28.22,0.0,62.24,3.7
2019-08-01,28.92,0.08,63.81,4.32
2019-08-02,27.9,0.18,66.98,4.47
2019-08-03,27.98,0.05,65.9,4.46
2019-08-04,27.78,1.24,67.52,4.69
2019-08-05,27.22,1.62,66.9,5.29
2019-08-06,27.26,3.42,67.24,5.34
2019-08-07,26.56,4.47,73.7,5.43
2019-08-08,26.96,15.62,74.03,6.29
2019-08-09,26.53,13.11,74.58,5.88
2019-08-10,26.8,1.2,68.64,5.67
2019-08-11,26.99,0.25,67.45,4.74
2019-08-12,27.67,0.25,65.47,5.15
2019-08-13,27.53,3.43,68.42,4.54
2019-08-14,27.05,3.18,74.87,4.52
2019-08-15,27.62,0.28,69.09,3.93
2019-08-16,27.11,10.28,68.96,4.18
2019-08-17,25.75,7.01,76.98,3.52
2019-08-18,25.74,6.69,79.15,2.75
2019-08-19,26.85,15.42,75.91,2.84
2019-08-20,26.57,7.13,78.28,3.11
2019-08-21,26.02,6.0,79.21,3.22
2019-08-22,25.31,2.49,78.51,3.94
2019-08-23,25.43,2.44,73.37,4.66
2019-08-24,25.85,0.57,73.44,4.28
2019-08-25,25.85,1.18,71.52,4.2
2019-08-26,26.33,1.17,73.47,3.89
2019-08-27,26.66,0.35,70.86,4.33
2019-08-28,26.92,1.11,70.07,4.07
2019-08-29,25.91,7.13,76.85,4.18
2019-08-30,26.18,0.24,71.28,4.63
2019-08-31,26.11,1.03,74.91,4.18
2019-09-01,26.36,0.74,77.34,3.16
2019-09-02,26.41,2.36,76.81,3.33
2019-09-03,26.77,2.65,73.81,4.0
2019-09-04,26.52,1.09,74.47,4.07
2019-09-05,26.63,0.62,73.98,4.36
2019-09-06,26.76,0.66,76.0,4.17
2019-09-07,27.27,0.32,72.65,4.25
2019-09-08,26.93,0.82,70.52,4.55
2019-09-09,26.66,0.17,70.67,4.05
2019-09-10,27.84,3.86,72.41,3.45
2019-09-11,26.84,13.44,79.01,3.0
2019-09-12,25.96,5.64,81.5,2.58
2019-09-13,25.77,17.46,79.36,3.12
2019-09-14,26.82,2.4,75.68,2.87
2019-09-15,26.43,7.84,76.97,2.51
2019-09-16,27.06,16.14,76.88,3.26
2019-09-17,26.17,7.03,78.24,2.62
2019-09-18,26.71,4.13,77.21,3.06
2019-09-19,25.53,5.96,80.05,3.15
2019-09-20,26.27,0.51,73.63,2.17
2019-09-21,27.37,0.72,73.8,2.62
2019-09-22,26.25,7.88,81.47,1.48
2019-09-23,25.96,21.01,84.34,1.71
2019-09-24,25.67,18.2,84.95,1.43
2019-09-25,25.59,8.97,86.8,1.58
2019-09-26,25.7,2.15,79.57,1.2
2019-09-27,26.65,2.93,74.84,0.95
2019-09-28,26.59,7.14,77.62,1.25
2019-09-29,25.51,7.37,81.28,1.48
2019-09-30,24.73,10.8,85.6,1.68
2019-10-01,26.25,1.43,79.75,1.32
2019-10-02,26.9,2.54,80.21,1.19
2019-10-03,27.66,0.47,74.83,0.72
2019-10-04,27.0,0.74,78.99,1.3
2019-10-05,27.3,0.95,77.13,1.43
2019-10-06,26.98,2.2,78.36,0.86
2019-10-07,26.51,10.22,80.2,1.76
2019-10-08,26.91,6.78,78.46,1.22
2019-10-09,27.32,2.22,78.46,1.08
2019-10-10,26.11,0.34,85.04,0.93
2019-10-11,26.21,3.34,81.51,1.15
2019-10-12,26.75,4.17,78.33,1.17
2019-10-13,26.07,14.16,84.48,1.08
2019-10-14,26.41,3.18,83.38,1.39
2019-10-15,26.07,2.93,84.77,1.25
2019-10-16,25.18,26.38,88.96,1.4
2019-10-17,25.07,11.69,87.36,2.01
2019-10-18,24.97,13.21,88.24,1.71
2019-10-19,25.2,4.91,86.97,1.3
2019-10-20,24.82,11.19,89.84,1.26
2019-10-21,23.62,17.21,91.38,2.0
2019-10-22,24.82,9.56,87.25,1.85
2019-10-23,24.71,7.32,87.08,2.26
2019-10-24,24.36,2.19,87.05,2.24
2019-10-25,24.7,0.74,82.33,1.58
2019-10-26,25.26,0.29,83.02,1.16
2019-10-27,24.86,0.45,82.55,0.94
2019-10-28,24.79,2.23,86.72,1.29
2019-10-29,23.78,7.9,87.82,1.72
2019-10-30,23.96,31.71,90.79,1.98
2019-10-31,24.61,4.59,90.35,2.06
2019-11-01,25.21,0.39,78.28,0.46
2019-11-02,24.66,0.86,85.93,1.14
2019-11-03,24.79,3.82,85.81,0.98
2019-11-04,25.51,2.2,82.06,0.77
2019-11-05,25.91,0.04,77.63,0.8
2019-11-06,26.46,0.32,80.39,0.56
2019-11-07,25.22,4.04,89.14,0.64
2019-11-08,26.24,7.96,83.41,0.99
2019-11-09,26.09,13.79,83.67,1.12
2019-11-10,25.88,2.33,86.15,1.07
2019-11-11,24.8,1.03,87.79,1.63
2019-11-12,23.61,0.18,88.38,1.29
2019-11-13,24.48,0.04,86.05,1.81
2019-11-14,24.75,2.99,87.56,1.62
2019-11-15,25.05,3.31,88.67,1.97
2019-11-16,25.02,3.35,87.64,1.5
2019-11-17,24.99,0.44,84.24,1.46
2019-11-18,25.26,2.43,86.95,1.78
2019-11-19,25.45,0.46,84.59,1.64
2019-11-20,25.04,4.36,88.48,1.5
2019-11-21,25.06,1.92,87.19,1.89
2019-11-22,24.31,1.96,88.17,1.86
2019-11-23,24.21,0.51,85.42,2.16
2019-11-24,24.31,0.46,86.16,2.04
2019-11-25,24.35,0.18,85.88,2.14
2019-11-26,24.06,1.15,84.79,2.08
2019-11-27,24.67,3.99,86.65,2.28
2019-11-28,24.74,7.18,89.41,2.28
2019-11-29,24.85,6.92,89.71,2.13
2019-11-30,24.43,6.27,90.53,1.72
2019-12-01,24.73,15.76,91.33,2.15
2019-12-02,24.33,9.56,89.83,2.11
2019-12-03,24.15,1.47,89.28,2.1
2019-12-04,23.58,0.84,86.83,2.27
2019-12-05,23.26,0.59,85.23,2.46
2019-12-06,22.83,0.19,84.93,2.24
2019-12-07,23.29,1.66,87.34,2.35
2019-12-08,23.09,0.12,84.69,1.95
2019-12-09,23.04,0.04,83.92,1.86
2019-12-10,23.03,0.01,81.32,1.64
2019-12-11,23.55,0.0,81.41,1.52
2019-12-12,23.72,0.0,81.81,1.47
2019-12-13,24.49,2.98,84.8,2.03
2019-12-14,24.14,7.22,88.99,2.62
2019-12-15,23.69,0.86,84.81,2.18
2019-12-16,23.64,0.06,84.98,1.82
2019-12-17,23.94,0.11,82.19,2.42
2019-12-18,23.99,0.03,83.07,2.44
2019-12-19,24.14,0.0,82.67,2.43
2019-12-20,24.06,0.0,82.57,2.08
2019-12-21,23.02,0.0,83.63,1.57
2019-12-22,24.11,0.0,79.04,1.79
2019-12-23,23.92,0.0,78.32,1.74
2019-12-24,24.36,3.22,82.01,1.74
2019-12-25,24.67,2.86,84.87,2.36
2019-12-26,24.69,0.07,80.0,1.4
2019-12-27,24.62,0.0,78.33,1.59
2019-12-28,24.4,0.0,75.79,1.9
2019-12-29,24.61,0.0,77.2,2.03
2019-12-30,24.52,0.0,77.13,1.92
2019-12-31,24.98,0.13,77.83,1.94
2020-01-01,25.46,0.1,78.37,1.71
2020-01-02,25.84,0.0,77.63,1.62
2020-01-03,26.16,0.0,76.64,1.51
2020-01-04,26.67,0.0,76.24,1.25
2020-01-05,26.41,0.0,75.95,2.28
2020-01-06,25.77,0.15,75.82,2.64
2020-01-07,25.21,0.11,74.6,2.13
2020-01-08,25.02,0.04,71.86,1.73
2020-01-09,24.72,0.0,71.04,1.67
2020-01-10,24.35,0.0,70.53,2.1
2020-01-11,23.52,0.0,68.97,2.05
2020-01-12,23.77,0.0,70.7,1.86
2020-01-13,24.14,0.0,71.97,1.41
2020-01-14,23.87,0.0,69.15,1.52
2020-01-15,23.09,0.0,66.22,1.68
2020-01-16,23.37,0.0,66.61,1.39
2020-01-17,24.95,0.06,71.12,1.59
2020-01-18,25.77,1.22,76.51,2.22
2020-01-19,25.62,0.69,73.7,2.43
2020-01-20,25.62,0.0,68.14,2.03
2020-01-21,25.08,0.0,65.51,2.02
2020-01-22,25.09,0.0,67.95,2.35
2020-01-23,25.77,0.0,70.91,2.57
2020-01-24,24.6,0.0,62.81,2.16
2020-01-25,23.84,0.0,58.39,1.41
2020-01-26,24.32,0.0,63.3,1.32
2020-01-27,25.03,0.0,59.45,1.14
2020-01-28,25.71,0.0,59.77,1.43
2020-01-29,25.79,0.0,61.56,1.32
2020-01-30,26.22,0.0,58.8,1.28
2020-01-31,26.17,0.0,60.8,1.91
2020-02-01,26.02,0.0,65.55,2.06
2020-02-02,25.82,0.0,61.75,2.36
2020-02-03,25.69,0.0,61.61,1.92
2020-02-04,26.25,0.01,60.26,2.06
2020-02-05,26.42,0.19,62.86,2.16
2020-02-06,26.14,0.02,56.9,1.62
2020-02-07,26.09,0.03,63.76,1.62
2020-02-08,27.49,0.0,58.46,1.27
2020-02-09,27.36,0.05,58.0,2.3
2020-02-10,27.32,0.04,59.85,2.68
2020-02-11,27.28,0.0,56.52,3.19
2020-02-12,26.98,0.0,58.33,2.61
2020-02-13,27.1,0.0,53.46,2.25
2020-02-14,26.7,0.0,55.95,1.23
2020-02-15,27.48,0.0,52.33,1.4
2020-02-16,26.57,0.0,48.98,1.79
2020-02-17,26.18,0.0,48.22,1.77
2020-02-18,26.34,0.0,51.97,2.26
2020-02-19,25.37,0.0,56.44,1.8
2020-02-20,25.77,0.0,54.52,2.3
2020-02-21,26.82,0.0,57.41,2.57
2020-02-22,28.33,0.0,58.32,3.59
2020-02-23,27.87,0.0,56.31,2.95
2020-02-24,27.81,0.0,55.04,2.53
2020-02-25,28.71,0.0,53.3,1.96
2020-02-26,28.79,0.0,52.65,2.36
2020-02-27,29.03,0.01,52.03,2.37
2020-02-28,29.26,0.01,53.48,3.06
2020-02-29,29.51,0.0,50.15,2.63
2020-03-01,29.71,0.26,49.55,2.32
2020-03-02,27.17,0.47,60.06,1.54
2020-03-03,27.79,0.07,54.92,1.47
2020-03-04,27.0,0.13,61.96,1.06
2020-03-05,29.93,0.04,53.71,1.98
2020-03-06,30.25,0.0,52.28,1.46
2020-03-07,31.21,0.0,50.6,1.22
2020-03-08,31.2,0.23,48.99,1.72
2020-03-09,31.48,0.05,47.14,2.11
2020-03-10,30.52,0.0,42.46,2.38
2020-03-11,30.39,0.06,42.79,1.77
2020-03-12,30.44,0.1,42.62,2.37
2020-03-13,29.76,0.0,41.52,2.27
2020-03-14,30.3,0.0,46.17,2.15
2020-03-15,30.35,0.0,47.78,2.55
2020-03-16,30.72,0.0,49.82,2.82
2020-03-17,30.36,0.0,49.34,2.89
2020-03-18,30.38,0.0,47.29,2.15
2020-03-19,31.0,0.0,39.81,1.62
2020-03-20,32.49,0.19,38.37,0.75
2020-03-21,31.77,1.08,46.63,1.43
2020-03-22,32.46,0.02,40.96,1.73
2020-03-23,32.71,0.09,39.94,2.22
2020-03-24,31.96,0.01,38.35,2.55
2020-03-25,31.57,0.02,43.15,2.56
2020-03-26,31.06,0.0,43.27,2.64
2020-03-27,30.78,0.0,46.6,2.73
2020-03-28,30.72,0.0,40.21,1.84
2020-03-29,30.86,0.0,36.38,1.9
2020-03-30,31.02,0.0,32.37,2.15
2020-03-31,30.96,0.05,34.55,2.24
2020-04-01,31.08,0.0,38.09,2.33
2020-04-02,32.1,0.0,35.16,2.35
2020-04-03,31.81,0.0,37.89,2.19
2020-04-04,31.59,0.0,40.78,2.0
2020-04-05,31.38,0.43,52.14,2.39
2020-04-06,32.51,0.43,47.28,1.28
2020-04-07,29.2,1.68,60.21,0.93
2020-04-08,30.75,1.85,52.16,1.08
2020-04-09,30.98,6.96,53.97,1.92
2020-04-10,30.3,0.36,54.46,2.27
2020-04-11,30.67,0.09,50.92,2.25
2020-04-12,30.82,0.0,45.1,2.05
2020-04-13,31.29,0.0,40.06,1.81
2020-04-14,31.7,0.0,39.52,2.25
2020-04-15,31.97,0.0,42.72,2.02
2020-04-16,32.26,0.0,42.41,1.8
2020-04-17,33.09,0.01,42.1,1.91
2020-04-18,33.46,0.02,42.6,2.15
2020-04-19,32.84,0.01,45.72,2.53
2020-04-20,32.55,0.05,47.9,2.68
2020-04-21,32.97,0.03,41.89,1.93
2020-04-22,33.96,0.2,41.93,1.7
2020-04-23,33.81,0.14,47.31,1.45
2020-04-24,32.43,0.73,51.65,1.67
2020-04-25,33.58,1.31,45.45,1.83
2020-04-26,29.84,2.85,66.1,1.66
2020-04-27,31.51,1.17,58.42,0.74
2020-04-28,29.66,1.7,64.47,1.79
2020-04-29,28.35,5.47,67.64,2.07
2020-04-30,31.2,0.01,50.61,1.39
2020-05-01,32.53,0.53,50.74,1.47
2020-05-02,33.07,1.19,50.14,1.42
2020-05-03,33.42,0.2,46.22,2.07
2020-05-04,33.51,0.01,44.58,1.48
2020-05-05,33.95,0.01,42.26,2.09
2020-05-06,32.54,0.78,50.24,1.07
2020-05-07,31.93,2.39,56.06,1.34
2020-05-08,31.08,1.52,59.55,0.92
2020-05-09,32.85,0.0,51.64,2.29
2020-05-10,32.48,0.01,50.49,1.21
2020-05-11,31.96,0.01,51.58,2.1
2020-05-12,30.9,0.21,52.79,1.57
2020-05-13,32.41,0.24,42.58,1.56
2020-05-14,31.89,0.05,53.11,1.11
2020-05-15,31.57,0.27,56.46,1.57
2020-05-16,31.87,0.16,55.67,3.26
2020-05-17,30.91,4.83,60.65,3.82
2020-05-18,29.64,2.22,61.86,4.78
2020-05-19,30.35,0.04,59.9,5.33
2020-05-20,31.28,0.11,56.85,5.04
2020-05-21,30.34,0.33,56.44,4.45
2020-05-22,31.66,0.02,52.63,4.16
2020-05-23,32.87,0.05,53.97,3.68
2020-05-24,32.42,0.21,55.65,4.32
2020-05-25,31.42,1.19,60.05,3.78
2020-05-26,31.31,0.17,58.84,3.27
2020-05-27,31.24,1.24,59.29,4.12
2020-05-28,29.96,9.4,65.45,3.78
2020-05-29,30.39,0.7,61.68,2.87
2020-05-30,30.7,0.2,58.38,1.89
2020-05-31,30.41,1.52,63.13,2.34
2020-06-01,28.8,11.18,72.24,2.24
2020-06-02,27.5,12.99,74.13,2.73
2020-06-03,27.81,0.05,69.67,2.79
2020-06-04,28.11,0.41,66.79,3.82
2020-06-05,28.24,4.39,70.39,3.43
2020-06-06,28.33,3.71,69.18,3.65
2020-06-07,27.86,2.18,70.82,3.48
2020-06-08,28.75,0.01,60.72,3.72
2020-06-09,28.65,0.2,62.1,4.01
2020-06-10,28.77,0.5,62.04,4.61
2020-06-11,27.98,0.78,64.52,4.54
2020-06-12,27.93,0.17,61.5,5.3
2020-06-13,28.83,0.22,61.22,4.52
2020-06-14,28.7,0.1,63.28,4.82
2020-06-15,29.02,0.07,65.46,4.03
2020-06-16,28.95,0.27,68.01,4.13
2020-06-17,28.43,0.3,66.47,4.24
2020-06-18,27.99,0.79,65.71,4.44
2020-06-19,28.18,0.1,65.36,3.85
2020-06-20,27.87,0.36,65.07,3.93
2020-06-21,26.93,0.58,69.18,4.38
2020-06-22,28.54,0.65,62.05,4.7
2020-06-23,28.87,0.17,56.9,4.08
2020-06-24,28.7,1.18,60.14,3.66
2020-06-25,27.19,14.46,72.2,1.79
2020-06-26,27.34,4.46,74.07,2.5
2020-06-27,28.0,0.61,70.35,3.71
2020-06-28,28.0,6.76,74.67,3.25
2020-06-29,27.9,1.97,74.91,3.1
2020-06-30,28.36,1.07,67.44,3.78
2020-07-01,27.76,0.14,66.76,3.72
2020-07-02,27.47,3.49,69.44,3.8
2020-07-03,26.1,5.04,71.91,4.58
2020-07-04,26.15,1.31,71.87,4.85
2020-07-05,27.36,0.48,65.97,4.11
2020-07-06,26.7,1.44,69.89,4.26
2020-07-07,27.0,3.05,68.95,4.7
2020-07-08,26.62,7.37,77.91,2.59
2020-07-09,25.82,15.26,80.48,2.27
2020-07-10,25.94,2.57,79.39,1.92
2020-07-11,26.96,6.7,73.67,2.77
2020-07-12,27.5,1.93,70.77,3.9
2020-07-13,27.39,2.9,71.37,2.57
2020-07-14,26.8,4.03,77.54,2.85
2020-07-15,26.45,1.31,78.84,3.64
2020-07-16,26.88,1.72,73.22,3.98
2020-07-17,25.88,1.32,76.16,3.41
2020-07-18,26.92,1.55,72.77,2.54
2020-07-19,26.36,9.88,77.44,1.58
2020-07-20,26.85,24.63,80.57,1.89
2020-07-21,26.71,1.04,76.38,1.11
2020-07-22,27.17,0.52,76.24,1.08
2020-07-23,27.1,7.82,78.92,1.38
2020-07-24,26.7,24.09,78.49,2.28
2020-07-25,25.52,5.27,79.07,2.03
2020-07-26,26.14,1.35,78.14,2.42
2020-07-27,26.4,3.38,75.44,3.18
2020-07-28,26.38,2.73,76.83,3.69
2020-07-29,25.61,7.72,81.74,3.12
2020-07-30,26.29,0.88,77.28,3.63
2020-07-31,26.76,2.73,77.72,3.51
2020-08-01,26.12,4.24,77.1,4.09
2020-08-02,25.56,1.92,77.93,4.61
2020-08-03,26.0,3.11,77.66,5.05
2020-08-04,26.24,2.58,72.94,6.03
2020-08-05,26.87,0.74,71.05,7.05
2020-08-06,27.69,3.62,72.18,6.07
2020-08-07,27.31,1.29,73.03,5.77
2020-08-08,26.26,7.51,76.74,4.57
2020-08-09,24.93,7.16,82.25,3.73
2020-08-10,25.64,0.22,78.8,4.19
2020-08-11,26.34,6.46,78.28,3.84
2020-08-12,26.5,0.46,77.76,4.11
2020-08-13,26.5,0.47,77.12,3.68
2020-08-14,26.15,0.11,76.85,3.85
2020-08-15,25.91,0.03,77.48,3.69
2020-08-16,26.49,0.08,76.01,3.79
2020-08-17,27.38,0.14,73.17,3.62
2020-08-18,27.49,1.86,73.98,3.75
2020-08-19,26.73,0.45,76.58,3.37
2020-08-20,26.06,0.0,78.7,3.18
2020-08-21,27.78,0.05,71.66,3.05
2020-08-22,27.88,8.07,73.74,2.81
2020-08-23,27.0,8.68,77.54,2.66
2020-08-24,26.81,26.76,79.28,1.89
2020-08-25,27.25,2.91,77.54,2.06
2020-08-26,26.81,1.56,78.92,1.58
2020-08-27,27.2,0.05,73.87,2.64
2020-08-28,27.84,0.28,69.75,2.87
2020-08-29,27.01,0.21,72.95,3.23
2020-08-30,27.71,1.23,73.81,2.54
2020-08-31,26.76,3.13,78.52,2.25
2020-09-01,25.88,8.12,81.08,2.74
2020-09-02,25.71,11.28,80.59,2.26
2020-09-03,26.31,8.33,81.33,0.69
2020-09-04,27.24,5.87,77.9,0.66
2020-09-05,27.18,1.35,78.31,1.14
2020-09-06,26.94,17.28,80.03,1.64
2020-09-07,25.87,2.17,81.24,3.17
2020-09-08,26.35,4.26,80.83,2.2
2020-09-09,26.24,11.13,80.19,2.79
2020-09-10,25.62,5.81,82.0,2.3
2020-09-11,25.54,3.29,79.34,3.53
2020-09-12,25.17,0.62,79.48,3.5
2020-09-13,24.55,4.36,80.98,3.2
2020-09-14,25.41,1.06,75.61,4.17
2020-09-15,26.07,0.96,77.35,3.8
2020-09-16,26.68,0.21,77.04,3.64
2020-09-17,26.41,1.73,79.44,3.63
2020-09-18,26.63,0.79,75.43,4.38
2020-09-19,25.96,1.67,75.43,4.92
2020-09-20,25.67,1.88,74.76,5.83
2020-09-21,25.65,0.77,75.99,4.83
2020-09-22,25.44,0.26,73.07,4.37
2020-09-23,25.93,0.09,75.81,3.47
2020-09-24,26.36,0.3,76.48,2.71
2020-09-25,26.32,3.67,75.55,2.04
2020-09-26,24.6,0.27,79.57,2.53
2020-09-27,26.45,6.62,74.5,2.3
2020-09-28,26.73,3.03,76.29,2.65
2020-09-29,25.75,24.21,82.41,3.38
2020-09-30,25.04,3.3,82.84,3.0
2020-10-01,25.2,0.02,79.57,3.01
2020-10-02,25.8,0.99,77.53,2.96
2020-10-03,26.12,5.68,77.33,3.09
2020-10-04,26.21,0.0,75.78,2.83
2020-10-05,26.77,0.07,71.65,2.92
2020-10-06,27.55,4.93,74.65,2.22
2020-10-07,26.53,8.29,82.71,2.64
2020-10-08,26.49,6.66,82.69,1.55
2020-10-09,25.24,12.68,89.53,2.13
2020-10-10,25.41,3.09,82.14,2.58
2020-10-11,24.62,0.73,81.33,3.3
2020-10-12,25.31,0.36,80.1,3.44
2020-10-13,25.64,0.26,77.69,4.42
2020-10-14,25.69,0.14,76.72,4.07
2020-10-15,25.84,0.11,77.18,3.07
2020-10-16,25.98,0.96,80.48,2.27
2020-10-17,26.19,3.43,78.52,2.06
2020-10-18,25.91,3.98,80.36,1.93
2020-10-19,26.4,12.33,78.54,1.83
2020-10-20,24.88,7.22,86.41,2.61
2020-10-21,25.73,2.53,80.96,2.87
2020-10-22,25.55,1.15,82.17,2.74
2020-10-23,26.0,0.11,78.93,2.63
2020-10-24,25.48,0.15,73.66,2.16
2020-10-25,25.5,94.78,74.46,1.53
2020-10-26,26.15,9.56,80.22,1.02
2020-10-27,26.43,0.02,77.26,0.8
2020-10-28,26.42,0.18,75.4,0.91
2020-10-29,26.21,0.68,76.54,1.03
2020-10-30,25.73,2.51,79.59,1.1
2020-10-31,26.66,1.59,73.9,0.8
2020-11-01,27.15,1.12,69.28,0.64
2020-11-02,26.98,3.87,75.83,0.8
2020-11-03,26.46,1.24,78.66,1.29
2020-11-04,26.35,0.95,78.76,1.07
2020-11-05,26.33,8.75,79.92,1.46
2020-11-06,25.53,3.36,81.11,1.62
2020-11-07,25.87,0.44,80.94,1.81
2020-11-08,25.45,3.44,85.12,1.89
2020-11-09,25.69,0.04,76.61,1.6
2020-11-10,24.35,0.0,71.85,1.56
2020-11-11,24.75,2.55,76.25,1.61
2020-11-12,24.74,18.49,90.53,1.88
2020-11-13,25.13,10.07,87.5,1.7
2020-11-14,25.46,1.22,84.82,2.19
2020-11-15,25.07,6.78,89.81,2.04
2020-11-16,24.6,26.41,91.5,1.93
2020-11-17,24.52,33.93,89.5,2.41
2020-11-18,24.67,8.89,88.3,1.75
2020-11-19,24.7,1.44,86.76,1.89
2020-11-20,24.2,0.22,86.3,1.7
2020-11-21,23.36,0.01,80.49,1.32
2020-11-22,22.55,0.0,77.62,1.16
2020-11-23,23.38,0.0,77.47,1.29
2020-11-24,24.07,0.11,79.05,1.68
2020-11-25,24.87,2.3,84.45,1.74
2020-11-26,24.53,8.15,86.33,3.04
2020-11-27,23.86,5.43,86.89,1.19
2020-11-28,23.71,2.1,88.42,1.97
2020-11-29,24.37,1.24,86.93,1.78
2020-11-30,24.22,0.33,85.86,2.03
2020-12-01,23.48,0.01,80.11,1.86
2020-12-02,24.26,3.68,79.22,1.93
2020-12-03,23.45,18.97,89.74,2.21
2020-12-04,23.7,10.3,91.26,3.2
2020-12-05,23.34,1.84,91.05,2.03
2020-12-06,24.13,12.53,89.42,2.09
2020-12-07,24.21,5.82,90.52,2.43
2020-12-08,24.39,8.3,89.73,2.14
2020-12-09,24.35,1.36,86.92,1.78
2020-12-10,23.28,0.12,83.46,1.6
2020-12-11,22.57,0.03,81.57,1.5
2020-12-12,22.28,0.01,80.65,1.36
2020-12-13,22.27,0.0,80.29,1.27
2020-12-14,21.63,0.0,79.32,1.43
2020-12-15,22.45,0.53,81.75,1.65
2020-12-16,23.37,5.79,86.4,1.72
2020-12-17,23.22,4.64,91.06,2.06
2020-12-18,23.32,2.93,87.15,1.88
2020-12-19,22.86,0.13,83.76,2.34
2020-12-20,22.72,0.0,82.01,2.35
2020-12-21,21.56,0.0,81.67,2.12
2020-12-22,22.15,0.02,80.02,1.65
2020-12-23,22.95,0.01,82.06,1.54
2020-12-24,23.69,0.0,80.69,1.74
2020-12-25,22.78,0.0,79.54,1.74
2020-12-26,22.14,0.0,78.06,1.69
2020-12-27,22.27,0.0,76.7,1.5
2020-12-28,22.42,0.0,75.35,1.22
2020-12-29,23.56,0.48,78.8,1.46
2020-12-30,24.39,3.32,83.78,2.19
2020-12-31,24.12,7.89,86.27,2.82
2021-01-01,22.64,0.81,80.74,2.33
2021-01-02,23.14,0.53,82.78,2.06
2021-01-03,24.06,4.8,85.6,2.2
2021-01-04,24.05,4.22,85.35,2.58
2021-01-05,23.92,1.45,86.41,1.75
2021-01-06,23.8,14.33,87.07,0.86
2021-01-07,23.97,22.59,90.27,1.88
2021-01-08,24.6,7.15,89.0,1.67
2021-01-09,24.15,5.08,89.35,2.05
2021-01-10,23.45,1.86,89.55,1.33
2021-01-11,23.33,5.17,90.26,1.69
2021-01-12,22.79,12.82,91.95,2.32
2021-01-13,23.02,15.7,90.16,2.73
2021-01-14,23.38,8.39,89.0,2.31
2021-01-15,23.43,3.3,88.35,2.08
2021-01-16,23.94,0.45,85.74,1.96
2021-01-17,22.94,0.04,81.29,1.59
2021-01-18,22.15,0.0,80.72,1.79
2021-01-19,22.13,0.0,78.5,1.3
2021-01-20,23.48,0.0,79.01,1.0
2021-01-21,24.38,0.15,85.16,1.04
2021-01-22,24.97,0.93,83.66,1.49
2021-01-23,24.18,0.61,81.76,1.75
2021-01-24,23.56,0.0,79.44,1.56
2021-01-25,22.83,0.0,80.18,1.64
2021-01-26,22.3,0.0,76.15,1.63
2021-01-27,21.55,0.0,74.06,1.49
2021-01-28,22.6,0.0,76.4,1.91
2021-01-29,23.36,0.09,79.38,1.77
2021-01-30,24.24,0.06,73.94,1.6
2021-01-31,24.03,0.02,72.56,1.9
2021-02-01,23.43,0.06,72.15,1.95
2021-02-02,23.48,0.0,72.58,1.89
2021-02-03,23.49,0.04,77.11,2.03
2021-02-04,23.78,0.0,68.62,1.89
2021-02-05,23.48,0.0,68.03,1.64
2021-02-06,23.48,0.0,67.63,1.75
2021-02-07,22.96,0.0,62.06,1.83
2021-02-08,22.97,0.0,63.8,2.08
2021-02-09,22.72,0.0,67.56,2.04
2021-02-10,22.1,0.0,64.95,1.73
2021-02-11,22.28,0.0,64.56,1.58
2021-02-12,22.29,0.0,66.07,1.57
2021-02-13,22.88,0.0,66.54,1.4
2021-02-14,23.57,0.0,63.22,1.26
2021-02-15,24.47,0.0,61.81,0.92
2021-02-16,25.21,0.0,67.21,1.21
2021-02-17,25.2,0.0,67.14,1.8
2021-02-18,24.92,0.08,70.2,1.99
2021-02-19,25.33,0.41,68.03,1.65
2021-02-20,25.75,3.08,73.96,2.55
2021-02-21,25.91,3.16,75.79,3.0
2021-02-22,26.07,0.98,69.63,2.46
2021-02-23,26.39,0.11,66.16,1.87
2021-02-24,26.02,0.0,62.03,1.51
2021-02-25,26.35,0.0,60.68,1.24
2021-02-26,27.39,0.0,53.32,1.28
2021-02-27,27.34,0.0,51.7,1.31
2021-02-28,26.51,0.0,53.88,1.86
2021-03-01,26.24,0.0,56.86,1.81
2021-03-02,26.44,0.0,56.03,1.86
2021-03-03,25.91,0.0,57.97,2.35
2021-03-04,25.32,0.0,60.02,2.1
2021-03-05,25.86,0.0,58.6,1.51
2021-03-06,26.93,0.0,57.02,1.37
2021-03-07,27.51,0.0,56.6,1.65
2021-03-08,27.82,0.0,61.46,1.87
2021-03-09,27.8,0.01,61.93,2.23
2021-03-10,27.88,2.95,63.63,2.25
2021-03-11,25.98,4.24,75.86,1.74
2021-03-12,26.82,0.52,63.48,2.15
2021-03-13,26.94,0.0,58.74,1.95
2021-03-14,27.63,0.0,58.75,2.04
2021-03-15,27.98,0.0,53.11,1.94
2021-03-16,28.25,0.0,50.27,1.64
2021-03-17,28.05,0.0,50.04,2.0
2021-03-18,27.49,0.0,52.01,1.95
2021-03-19,26.98,0.0,52.13,1.69
2021-03-20,28.3,0.01,51.85,1.51
2021-03-21,28.72,0.04,47.84,1.74
2021-03-22,28.38,2.79,52.08,1.72
2021-03-23,28.84,0.01,53.26,1.97
2021-03-24,29.29,0.0,52.78,1.97
2021-03-25,29.08,0.38,52.61,2.06
2021-03-26,29.12,0.03,55.97,2.24
2021-03-27,29.74,0.0,55.69,2.12
2021-03-28,29.89,0.78,53.29,1.74
2021-03-29,30.64,0.09,48.59,1.71
2021-03-30,31.74,0.19,48.51,1.99
2021-03-31,32.91,0.01,48.59,2.61
2021-04-01,32.66,0.42,50.81,2.93
2021-04-02,32.07,0.1,47.55,3.27
2021-04-03,31.22,0.0,50.72,3.69
2021-04-04,32.77,0.68,43.66,2.36
2021-04-05,33.12,0.09,42.2,2.27
2021-04-06,32.1,0.57,44.9,2.56
2021-04-07,31.13,0.01,41.06,2.26
2021-04-08,30.59,0.02,38.41,1.61
2021-04-09,30.91,0.0,42.91,2.4
2021-04-10,30.92,0.01,49.94,2.51
2021-04-11,31.51,0.57,47.95,2.34
2021-04-12,30.68,2.98,53.51,2.43
2021-04-13,30.13,0.8,56.34,2.45
2021-04-14,29.11,9.85,64.96,1.53
2021-04-15,26.96,13.06,78.65,1.59
2021-04-16,28.11,2.87,70.31,0.85
2021-04-17,29.04,0.14,65.23,0.93
2021-04-18,29.44,0.18,62.68,1.34
2021-04-19,29.25,0.86,64.55,2.2
2021-04-20,27.51,1.26,74.23,1.8
2021-04-21,29.28,1.63,65.4,1.35
2021-04-22,30.36,0.07,60.93,1.15
2021-04-23,29.73,5.0,64.34,1.05
2021-04-24,28.89,5.93,70.39,1.15
2021-04-25,29.67,1.58,65.34,1.46
2021-04-26,29.36,0.25,63.28,0.91
2021-04-27,29.03,0.05,64.55,0.7
2021-04-28,30.08,0.0,56.7,1.35
2021-04-29,30.13,0.15,60.75,1.11
2021-04-30,30.13,1.48,63.69,1.27
2021-05-01,29.69,1.29,66.24,1.93
2021-05-02,29.31,0.85,66.05,1.49
2021-05-03,29.23,2.6,67.33,1.9
2021-05-04,28.74,8.01,71.79,1.44
2021-05-05,29.43,1.44,67.53,1.73
2021-05-06,30.63,0.79,60.43,2.18
2021-05-07,29.5,5.3,65.76,2.19
2021-05-08,28.26,0.97,71.44,1.52
2021-05-09,29.89,0.37,65.13,1.57
2021-05-10,29.94,0.27,66.89,1.13
2021-05-11,29.69,0.51,67.54,1.77
2021-05-12,29.93,2.27,67.35,2.1
2021-05-13,29.89,14.99,67.27,2.61
2021-05-14,28.87,8.1,69.01,2.99
2021-05-15,27.72,2.87,76.78,2.56
2021-05-16,27.88,1.31,72.6,2.77
2021-05-17,28.84,5.82,69.45,2.44
2021-05-18,28.59,0.63,72.56,2.41
2021-05-19,28.32,22.93,76.37,2.28
2021-05-20,26.95,23.41,80.21,2.36
2021-05-21,26.24,1.01,76.13,2.45
2021-05-22,26.81,1.7,74.76,3.07
2021-05-23,28.55,0.61,66.97,3.62
2021-05-24,28.16,0.06,70.44,3.46
2021-05-25,27.18,6.08,71.95,4.24
2021-05-26,26.22,6.7,73.35,4.87
2021-05-27,27.76,0.05,69.11,4.31
2021-05-28,28.62,0.03,66.84,3.93
2021-05-29,28.16,0.14,67.77,3.8
2021-05-30,27.87,0.17,66.82,4.12
2021-05-31,28.43,1.71,67.42,3.93
2021-06-01,28.69,0.78,69.06,3.7
2021-06-02,29.67,3.74,66.45,2.8
2021-06-03,26.74,6.23,85.61,1.94
2021-06-04,27.06,7.07,82.09,1.32
2021-06-05,26.55,10.86,77.58,2.08
2021-06-06,27.54,1.64,72.89,2.47
2021-06-07,28.45,0.16,68.71,2.77
2021-06-08,28.5,1.71,67.82,3.53
2021-06-09,27.87,1.57,71.72,3.71
2021-06-10,28.14,0.17,69.57,4.02
2021-06-11,27.84,0.08,69.61,3.87
2021-06-12,27.57,1.29,69.69,4.56
2021-06-13,27.12,0.64,68.52,4.42
2021-06-14,25.94,0.43,68.08,5.3
2021-06-15,27.27,0.45,69.55,4.54
2021-06-16,27.71,1.01,73.1,4.04
2021-06-17,27.28,0.34,72.75,4.36
2021-06-18,27.0,0.1,72.37,4.3
2021-06-19,26.98,0.04,71.2,4.03
2021-06-20,27.64,0.06,71.32,3.37
2021-06-21,27.9,0.91,71.1,3.26
2021-06-22,27.44,1.85,70.67,3.3
2021-06-23,27.57,5.78,74.52,2.24
2021-06-24,27.72,0.65,70.53,3.35
2021-06-25,28.13,0.01,65.6,3.34
2021-06-26,27.25,1.62,70.72,3.84
2021-06-27,27.43,0.76,63.46,3.24
2021-06-28,26.63,0.97,67.43,2.9
2021-06-29,27.88,11.89,70.32,2.23
2021-06-30,28.13,4.79,73.51,2.64
2021-07-01,27.62,20.25,78.08,2.41
2021-07-02,27.2,5.13,77.17,2.99
2021-07-03,26.81,0.99,77.09,2.49
2021-07-04,25.46,27.98,81.74,1.84
2021-07-05,26.99,2.9,75.88,2.53
2021-07-06,27.12,0.34,77.03,1.77
2021-07-07,27.39,4.01,75.99,2.73
2021-07-08,27.59,8.72,76.12,2.83
2021-07-09,26.18,2.35,80.35,4.04
2021-07-10,25.6,1.36,75.07,5.51
2021-07-11,25.77,0.31,72.48,5.08
2021-07-12,26.11,0.26,75.32,5.06
2021-07-13,26.42,0.64,74.23,5.2
2021-07-14,26.07,6.03,74.73,4.72
2021-07-15,26.04,2.59,75.96,4.3
2021-07-16,26.83,2.14,75.5,3.74
2021-07-17,26.88,2.09,75.46,3.1
2021-07-18,26.19,2.57,79.69,3.69
2021-07-19,26.37,0.09,77.19,4.02
2021-07-20,27.36,0.24,72.46,4.65
2021-07-21,26.92,0.63,73.54,4.4
2021-07-22,26.53,2.27,74.68,5.71
2021-07-23,26.95,1.53,71.97,6.2
2021-07-24,26.93,0.29,73.34,4.84
2021-07-25,26.53,2.66,71.66,4.85
2021-07-26,27.09,4.22,73.5,4.03
2021-07-27,26.25,1.31,77.5,3.48
2021-07-28,26.96,0.24,71.51,4.01
2021-07-29,27.25,0.03,72.56,3.84
2021-07-30,26.96,0.08,72.9,3.91
2021-07-31,27.35,0.13,71.54,3.97
2021-08-01,27.57,0.03,69.77,4.09
2021-08-02,27.17,0.21,69.53,4.49
2021-08-03,26.99,0.07,69.77,4.41
2021-08-04,27.32,0.09,69.91,4.93
2021-08-05,27.35,1.06,70.06,4.67
2021-08-06,27.76,1.24,71.58,4.38
2021-08-07,27.17,2.75,74.93,4.23
2021-08-08,27.36,0.55,70.78,3.57
2021-08-09,27.23,8.72,69.11,3.51
2021-08-10,25.64,1.91,74.23,3.99
2021-08-11,26.33,2.32,73.47,3.85
2021-08-12,25.97,0.43,74.49,3.76
2021-08-13,26.61,3.78,74.32,3.13
2021-08-14,26.95,0.44,73.01,3.83
2021-08-15,27.29,0.09,69.26,4.0
2021-08-16,27.38,0.11,66.86,3.99
2021-08-17,26.64,4.39,71.07,3.67
2021-08-18,25.77,5.19,72.17,4.03
2021-08-19,26.51,0.25,66.18,4.42
2021-08-20,27.34,4.06,67.32,2.5
2021-08-21,26.88,6.06,73.39,0.84
2021-08-22,26.73,13.99,76.38,0.65
2021-08-23,26.06,19.5,77.33,2.04
2021-08-24,26.95,2.65,73.63,2.67
2021-08-25,27.4,4.27,71.55,3.04
2021-08-26,27.07,3.44,75.85,2.87
2021-08-27,26.49,3.29,80.52,3.36
2021-08-28,25.89,1.62,79.92,3.12
2021-08-29,25.72,1.36,79.92,3.59
2021-08-30,26.25,0.16,74.56,3.68
2021-08-31,27.47,0.86,71.06,3.21
2021-09-01,26.97,0.44,72.96,2.83
2021-09-02,25.53,23.12,81.0,2.4
2021-09-03,26.14,18.43,77.77,2.4
2021-09-04,25.94,4.12,79.11,3.32
2021-09-05,26.33,7.18,74.14,4.15
2021-09-06,25.0,6.08,78.01,4.32
2021-09-07,25.91,0.92,77.37,3.89
2021-09-08,25.99,3.7,79.1,3.43
2021-09-09,26.69,0.18,75.69,3.05
2021-09-10,26.59,0.0,75.58,3.44
2021-09-11,25.95,2.75,79.22,3.67
2021-09-12,26.16,0.77,78.18,4.04
2021-09-13,25.85,0.34,79.27,4.33
2021-09-14,26.89,0.06,76.83,3.14
2021-09-15,26.63,7.41,78.58,2.88
2021-09-16,26.38,6.17,80.33,2.91
2021-09-17,27.11,5.85,75.67,2.36
2021-09-18,27.03,1.34,76.29,1.5
2021-09-19,25.83,13.1,83.16,1.9
2021-09-20,26.69,2.56,78.38,1.82
2021-09-21,26.54,0.18,77.09,2.75
2021-09-22,27.53,0.99,72.38,2.37
2021-09-23,26.73,9.31,78.77,2.22
2021-09-24,27.26,5.96,75.07,1.64
2021-09-25,27.05,6.31,78.95,2.57
2021-09-26,26.17,1.26,78.8,2.82
2021-09-27,26.18,5.59,77.42,4.26
2021-09-28,25.43,0.37,75.84,4.14
2021-09-29,26.04,0.2,71.53,2.99
2021-09-30,26.15,24.03,76.75,2.2
2021-10-01,26.54,7.25,81.22,1.33
2021-10-02,26.0,8.76,86.0,1.04
2021-10-03,26.78,9.82,81.79,1.49
2021-10-04,26.7,3.3,81.37,1.04
2021-10-05,26.34,5.38,83.6,1.04
2021-10-06,25.88,2.14,83.3,1.13
2021-10-07,26.91,0.16,77.9,1.73
2021-10-08,26.39,8.41,82.93,2.6
2021-10-09,26.14,2.44,84.11,2.97
2021-10-10,26.25,5.76,82.35,2.8
2021-10-11,25.4,16.1,83.44,3.15
2021-10-12,24.91,3.25,82.44,3.51
2021-10-13,24.93,1.96,82.73,2.74
2021-10-14,26.36,0.64,81.7,2.46
2021-10-15,26.83,2.53,81.77,1.53
2021-10-16,26.86,15.97,84.87,1.54
2021-10-17,26.01,4.71,85.42,3.65
2021-10-18,25.64,0.82,84.33,2.82
2021-10-19,25.77,3.3,81.96,1.43
2021-10-20,25.62,15.03,85.0,0.65
2021-10-21,25.37,27.0,86.59,0.83
2021-10-22,25.46,6.58,86.63,1.07
2021-10-23,25.75,8.26,84.62,0.85
2021-10-24,25.13,9.09,84.93,1.01
2021-10-25,25.16,4.21,85.52,1.0
2021-10-26,25.43,1.85,84.47,1.24
2021-10-27,25.29,0.78,84.74,1.51
2021-10-28,24.87,2.47,86.42,1.13
2021-10-29,24.04,2.59,87.68,1.29
2021-10-30,24.11,4.11,88.54,1.49
2021-10-31,24.58,7.27,89.17,1.33
2021-11-01,24.31,9.26,90.79,1.28
2021-11-02,24.1,14.21,92.15,2.34
2021-11-03,24.15,6.43,91.71,1.65
2021-11-04,24.51,14.25,90.16,1.29
2021-11-05,24.34,8.7,89.36,0.56
2021-11-06,25.05,6.06,84.09,0.95
2021-11-07,24.53,17.52,87.25,1.52
2021-11-08,24.17,2.4,89.65,1.04
2021-11-09,23.77,7.15,87.01,0.92
2021-11-10,23.42,7.2,87.05,1.15
2021-11-11,23.75,1.4,87.45,1.95
2021-11-12,24.81,12.61,87.95,2.42
2021-11-13,25.68,1.75,82.99,1.49
2021-11-14,24.2,3.57,91.65,1.46
2021-11-15,24.99,7.32,90.01,1.11
2021-11-16,25.48,3.27,87.13,0.7
2021-11-17,24.99,19.93,89.3,0.7
2021-11-18,24.37,15.17,89.18,1.78
2021-11-19,24.0,5.12,92.5,4.15
2021-11-20,24.72,1.26,89.95,3.05
2021-11-21,24.79,0.56,80.44,0.92
2021-11-22,24.31,3.33,87.51,1.19
2021-11-23,24.58,6.93,89.86,1.02
2021-11-24,24.32,0.65,89.0,1.1
2021-11-25,23.72,16.18,89.85,1.92
2021-11-26,23.49,8.19,92.39,2.24
2021-11-27,23.2,5.46,93.37,1.67
2021-11-28,23.71,4.61,91.79,2.29
2021-11-29,23.37,16.33,91.14,2.42
2021-11-30,23.41,9.71,92.63,1.92
2021-12-01,24.79,2.98,89.31,1.77
2021-12-02,24.66,0.5,89.24,1.88
2021-12-03,24.08,0.34,86.25,0.87
2021-12-04,24.73,3.83,80.82,0.58
2021-12-05,25.86,7.83,84.78,0.62
2021-12-06,25.91,0.67,84.21,1.18
2021-12-07,24.72,0.11,87.73,1.79
2021-12-08,24.13,0.07,86.46,1.45
2021-12-09,24.26,1.95,89.78,1.75
2021-12-10,23.33,0.15,87.04,1.9
2021-12-11,23.72,1.88,89.45,2.08
2021-12-12,23.79,0.7,88.81,2.49
2021-12-13,23.33,0.26,89.64,1.86
2021-12-14,23.25,1.69,90.52,2.36
2021-12-15,23.41,0.6,88.51,2.15
2021-12-16,22.92,0.0,86.18,1.72
2021-12-17,22.38,0.0,85.03,1.43
2021-12-18,21.81,0.0,84.72,1.53
2021-12-19,20.79,0.0,82.96,1.49
2021-12-20,20.82,0.0,84.33,1.56
2021-12-21,21.47,0.0,80.24,1.25
2021-12-22,21.0,0.0,81.31,1.02
2021-12-23,20.66,0.0,81.67,1.05
2021-12-24,20.75,0.0,76.45,1.06
2021-12-25,21.08,0.0,82.1,1.13
2021-12-26,21.36,0.0,84.49,1.17
2021-12-27,21.76,0.0,85.26,1.41
2021-12-28,21.69,0.0,83.55,1.47
2021-12-29,21.94,0.0,83.47,1.34
2021-12-30,22.31,2.46,87.31,1.8
2021-12-31,23.64,3.99,88.95,2.58
2022-01-01,23.93,12.44,88.81,2.88
2022-01-02,23.3,2.47,87.2,2.56
2022-01-03,22.53,0.0,84.09,1.77
2022-01-04,22.63,0.0,85.37,1.81
2022-01-05,22.16,0.0,83.69,1.3
2022-01-06,22.67,0.0,84.51,1.44
2022-01-07,23.59,0.0,84.55,1.62
2022-01-08,23.42,0.0,84.8,1.95
2022-01-09,23.31,0.0,83.04,1.58
2022-01-10,22.94,0.0,81.87,1.31
2022-01-11,23.85,0.0,82.37,1.26
2022-01-12,24.1,0.0,81.58,0.98
2022-01-13,24.81,0.0,81.52,1.12
2022-01-14,25.35,0.0,79.59,1.08
2022-01-15,25.35,0.08,79.47,1.3
2022-01-16,24.57,0.87,81.55,2.03
2022-01-17,24.16,0.22,80.78,2.05
2022-01-18,23.52,0.0,78.91,2.06
2022-01-19,23.61,0.0,76.19,1.47
2022-01-20,23.03,0.0,72.3,0.83
2022-01-21,24.03,0.0,69.11,0.88
2022-01-22,25.67,0.0,68.66,1.36
2022-01-23,24.91,0.0,70.3,1.56
2022-01-24,24.62,0.0,67.47,0.8
2022-01-25,24.36,0.01,77.89,0.73
2022-01-26,24.8,0.3,78.42,1.94
2022-01-27,24.52,0.61,72.59,2.27
2022-01-28,24.2,0.44,75.01,2.65
2022-01-29,24.6,0.06,76.46,2.37
2022-01-30,25.44,0.0,74.93,1.44
2022-01-31,25.54,0.0,74.64,1.46
2022-02-01,25.67,0.0,73.97,1.82
2022-02-02,24.22,0.0,70.47,1.59
2022-02-03,23.92,0.0,65.94,0.91
2022-02-04,25.69,0.0,64.6,1.1
2022-02-05,26.05,0.0,67.25,1.76
2022-02-06,25.61,0.0,71.08,2.23
2022-02-07,25.39,0.0,69.99,1.66
2022-02-08,24.77,0.0,67.92,1.65
2022-02-09,24.33,0.0,64.35,1.87
2022-02-10,24.2,0.0,55.34,1.49
2022-02-11,24.99,0.75,68.62,2.19
2022-02-12,24.83,1.57,72.39,1.98
2022-02-13,25.02,0.07,67.66,2.03
2022-02-14,25.37,0.0,66.62,1.92
2022-02-15,25.36,0.01,64.98,1.73
2022-02-16,25.61,0.0,61.07,1.33
2022-02-17,25.97,0.0,58.41,1.67
2022-02-18,25.83,0.0,63.46,1.92
2022-02-19,25.94,0.0,64.01,2.11
2022-02-20,26.55,0.0,61.9,1.1
2022-02-21,27.93,0.0,60.66,0.88
2022-02-22,28.13,0.0,58.75,2.01
2022-02-23,26.54,0.0,59.6,2.29
2022-02-24,25.53,0.01,60.81,1.84
2022-02-25,25.86,0.0,56.05,1.99
2022-02-26,25.46,0.0,61.16,1.76
2022-02-27,26.92,0.01,61.83,2.41
2022-02-28,25.96,0.0,57.67,1.9
2022-03-01,26.41,0.0,53.7,2.07
2022-03-02,25.89,0.0,48.84,2.0
2022-03-03,25.41,0.0,51.64,2.07
2022-03-04,26.99,0.0,49.04,2.27
2022-03-05,28.22,0.0,53.59,2.25
2022-03-06,28.19,0.13,52.79,2.43
2022-03-07,26.41,2.86,63.3,1.88
2022-03-08,27.52,0.24,62.17,1.93
2022-03-09,28.26,0.0,51.45,1.97
2022-03-10,27.81,0.0,46.47,1.79
2022-03-11,27.93,0.0,47.37,2.22
2022-03-12,27.73,0.0,44.72,2.22
2022-03-13,27.62,0.0,45.19,2.43
2022-03-14,28.82,0.0,41.8,2.11
2022-03-15,28.54,0.0,42.7,1.51
2022-03-16,30.06,0.03,40.61,1.22
2022-03-17,30.12,0.01,38.03,1.85
2022-03-18,30.36,0.01,35.4,1.57
2022-03-19,30.83,0.07,46.6,1.88
2022-03-20,30.79,0.65,51.54,3.13
2022-03-21,30.93,4.93,53.39,2.38
2022-03-22,29.86,4.33,61.78,1.48
2022-03-23,28.97,14.28,68.21,1.43
2022-03-24,29.41,0.63,64.22,0.85
2022-03-25,29.33,3.32,64.34,0.97
2022-03-26,29.51,1.77,64.39,1.06
2022-03-27,29.69,0.26,61.47,1.23
2022-03-28,30.47,0.04,56.51,1.83
2022-03-29,30.86,0.14,55.28,0.87
2022-03-30,31.12,0.91,54.71,1.34
2022-03-31,31.24,0.08,50.34,1.43
2022-04-01,31.12,0.2,49.02,1.21
2022-04-02,31.19,0.22,50.68,1.01
2022-04-03,30.94,0.23,52.19,1.56
2022-04-04,31.2,0.0,49.72,2.27
2022-04-05,30.81,0.03,49.77,2.04
2022-04-06,30.97,1.5,48.72,1.68
2022-04-07,31.8,0.1,48.75,1.89
2022-04-08,30.27,10.13,58.89,1.67
2022-04-09,29.23,4.09,66.02,1.36
2022-04-10,29.4,1.42,62.14,1.0
2022-04-11,29.3,3.96,62.98,1.65
2022-04-12,29.67,5.93,62.02,1.4
2022-04-13,28.35,11.68,71.49,1.81
2022-04-14,27.3,8.52,72.13,1.21
2022-04-15,29.62,1.3,62.3,1.36
2022-04-16,29.7,3.62,66.77,2.38
2022-04-17,29.65,5.91,68.39,2.32
2022-04-18,29.04,4.94,67.56,2.53
2022-04-19,29.17,0.82,63.1,2.12
2022-04-20,30.71,0.0,57.8,1.48
2022-04-21,30.15,0.0,62.24,1.99
2022-04-22,28.6,2.11,70.04,1.67
2022-04-23,27.18,21.23,75.94,1.51
2022-04-24,29.66,1.09,61.75,1.44
2022-04-25,29.81,0.0,57.91,1.06
2022-04-26,30.48,0.0,58.03,1.42
2022-04-27,30.54,0.0,56.31,1.44
2022-04-28,30.98,0.01,57.3,0.99
2022-04-29,31.39,0.12,59.74,1.36
2022-04-30,31.23,0.11,60.07,2.13
2022-05-01,30.93,1.59,61.74,2.68
2022-05-02,31.02,1.31,61.74,2.81
2022-05-03,29.03,7.54,73.63,1.52
2022-05-04,30.33,3.21,64.82,1.49
2022-05-05,29.25,2.65,69.49,2.05
2022-05-06,29.28,0.15,56.71,1.53
2022-05-07,30.43,1.21,61.93,2.4
2022-05-08,30.51,0.82,63.47,2.29
2022-05-09,29.04,1.52,71.55,3.39
2022-05-10,28.99,0.5,68.11,3.96
2022-05-11,29.31,0.24,63.0,5.43
2022-05-12,28.19,2.63,66.44,4.48
2022-05-13,28.57,2.4,67.16,4.17
2022-05-14,27.66,4.22,70.58,3.87
2022-05-15,26.27,16.04,84.19,2.49
2022-05-16,26.17,3.83,84.53,2.76
2022-05-17,27.2,11.34,76.07,2.09
2022-05-18,27.87,3.58,74.28,3.07
2022-05-19,26.6,2.41,75.24,4.06
2022-05-20,27.55,0.49,68.46,3.89
2022-05-21,28.0,0.34,67.7,4.05
2022-05-22,28.29,0.13,67.05,4.42
2022-05-23,29.26,0.49,67.93,3.67
2022-05-24,30.37,2.01,64.75,3.05
2022-05-25,29.34,3.53,70.49,1.83
2022-05-26,27.98,3.47,70.96,3.31
2022-05-27,27.86,1.71,68.47,3.45
2022-05-28,28.0,1.98,70.64,3.63
2022-05-29,27.81,6.17,69.53,3.13
2022-05-30,28.36,2.88,68.45,3.2
2022-05-31,28.36,3.05,68.19,3.65
2022-06-01,27.58,2.88,72.36,3.79
2022-06-02,27.92,0.84,70.7,3.21
2022-06-03,27.98,0.01,66.85,3.43
2022-06-04,28.66,0.04,67.09,2.06
2022-06-05,28.69,9.94,69.86,2.71
2022-06-06,27.94,11.06,73.86,1.42
2022-06-07,27.47,1.85,77.45,2.04
2022-06-08,28.22,0.04,68.87,3.49
2022-06-09,28.57,0.04,66.05,3.54
2022-06-10,27.6,0.28,69.48,3.88
2022-06-11,28.16,0.43,64.79,3.87
2022-06-12,26.53,4.92,68.53,3.79
2022-06-13,27.6,1.81,67.7,3.19
2022-06-14,27.72,6.22,71.14,3.58
2022-06-15,26.89,6.38,76.65,2.43
2022-06-16,26.71,6.38,76.78,1.74
2022-06-17,25.2,25.13,81.8,2.03
2022-06-18,25.61,2.94,79.75,1.99
2022-06-19,26.47,3.23,77.78,2.52
2022-06-20,26.98,1.49,71.89,2.96
2022-06-21,27.06,2.13,73.31,3.34
2022-06-22,26.67,0.52,73.95,2.88
2022-06-23,26.91,0.45,70.19,3.03
2022-06-24,26.35,0.51,72.68,3.8
2022-06-25,26.61,0.26,71.05,4.5
2022-06-26,27.3,0.07,69.22,4.3
2022-06-27,27.65,0.18,70.08,3.79
2022-06-28,27.61,0.32,69.36,3.68
2022-06-29,27.35,0.2,71.76,3.81
2022-06-30,26.43,6.0,76.1,3.98
2022-07-01,27.24,2.81,73.71,3.85
2022-07-02,26.53,0.34,74.0,3.94
2022-07-03,26.34,0.87,74.36,4.63
2022-07-04,26.62,0.4,70.38,5.41
2022-07-05,25.9,0.93,71.8,5.49
2022-07-06,26.39,0.73,71.38,4.67
2022-07-07,25.63,5.55,73.98,4.6
2022-07-08,26.27,1.4,71.62,4.65
2022-07-09,25.37,0.72,76.02,4.67
2022-07-10,26.34,1.04,71.85,5.38
2022-07-11,26.35,0.74,71.0,5.5
2022-07-12,26.06,1.2,70.74,5.47
2022-07-13,26.5,2.2,71.03,5.65
2022-07-14,26.88,1.32,67.95,6.09
2022-07-15,27.12,0.6,69.56,4.91
2022-07-16,27.44,1.57,71.13,4.12
2022-07-17,27.62,6.23,70.05,4.01
2022-07-18,25.81,4.88,73.05,3.74
2022-07-19,27.34,2.73,70.16,2.95
2022-07-20,27.4,1.58,73.63,2.03
2022-07-21,27.49,12.69,73.6,2.8
2022-07-22,26.08,20.74,79.93,2.92
2022-07-23,26.51,1.19,73.19,3.76
2022-07-24,26.62,3.89,71.82,3.35
2022-07-25,27.31,5.83,72.72,2.34
2022-07-26,26.77,4.45,73.71,1.72
2022-07-27,26.07,12.66,81.99,0.8
2022-07-28,27.41,3.5,75.16,0.81
2022-07-29,27.69,10.83,72.22,1.31
2022-07-30,28.01,8.98,71.56,1.06
2022-07-31,26.18,8.43,80.0,2.36
2022-08-01,26.33,16.71,80.36,2.31
2022-08-02,25.8,12.66,82.01,2.97
2022-08-03,25.89,3.56,81.69,2.27
2022-08-04,24.93,8.22,86.15,4.32
2022-08-05,25.57,1.1,79.47,5.04
2022-08-06,25.7,2.35,77.87,4.8
2022-08-07,25.66,1.69,78.55,4.93
2022-08-08,25.83,1.55,78.8,5.02
2022-08-09,26.17,0.61,75.57,4.93
2022-08-10,25.83,0.14,74.42,4.64
2022-08-11,26.29,0.22,74.54,4.33
2022-08-12,26.12,0.09,74.12,4.04
2022-08-13,26.01,0.0,74.05,2.93
2022-08-14,27.1,0.0,67.25,3.67
2022-08-15,28.05,0.0,67.88,2.42
2022-08-16,28.07,0.06,72.13,1.18
2022-08-17,27.85,0.42,73.67,2.07
2022-08-18,27.29,1.95,74.19,2.5
2022-08-19,26.88,6.55,76.42,2.96
2022-08-20,26.92,0.15,72.82,3.17
2022-08-21,26.64,2.28,75.0,3.51
2022-08-22,26.92,1.74,74.74,4.22
2022-08-23,26.4,1.18,75.39,3.91
2022-08-24,25.99,3.41,77.33,2.93
2022-08-25,25.4,5.44,80.46,1.81
2022-08-26,24.76,21.32,86.67,2.86
2022-08-27,23.59,9.84,88.09,3.49
2022-08-28,25.15,11.91,81.98,2.46
2022-08-29,25.01,1.85,86.4,2.37
2022-08-30,26.45,24.02,82.61,1.01
2022-08-31,25.52,9.06,82.5,1.12
2022-09-01,25.16,4.49,83.53,0.82
2022-09-02,26.74,1.21,80.21,0.81
2022-09-03,27.69,0.68,75.73,1.23
2022-09-04,26.9,15.11,82.53,1.77
2022-09-05,26.99,19.55,82.3,1.69
2022-09-06,25.82,6.8,80.7,2.39
2022-09-07,24.88,8.69,85.59,3.1
2022-09-08,24.96,0.99,83.78,3.08
2022-09-09,25.06,0.86,83.75,3.18
2022-09-10,25.67,2.2,81.05,3.75
2022-09-11,25.36,0.7,81.94,3.55
2022-09-12,25.58,0.24,79.94,3.81
2022-09-13,25.84,0.7,79.45,3.15
2022-09-14,26.16,0.49,80.07,2.62
2022-09-15,26.48,0.01,76.38,2.87
2022-09-16,26.32,0.22,77.91,2.63
2022-09-17,26.72,0.16,76.86,2.61
2022-09-18,26.96,1.19,75.71,2.74
2022-09-19,26.16,0.14,78.67,3.16
2022-09-20,26.25,0.0,75.68,2.88
2022-09-21,26.6,0.0,74.55,3.17
2022-09-22,26.54,0.0,72.6,3.51
2022-09-23,26.63,0.0,71.74,3.12
2022-09-24,26.45,0.05,73.71,2.76
2022-09-25,27.74,5.86,69.97,2.19
2022-09-26,27.19,9.03,77.15,2.24
2022-09-27,26.65,0.01,73.53,2.15
2022-09-28,26.81,1.95,73.3,2.88
2022-09-29,25.8,0.36,76.6,2.52
2022-09-30,25.69,0.69,77.32,3.17
2022-10-01,24.72,0.59,74.49,3.58
2022-10-02,26.21,4.32,72.84,3.33
2022-10-03,26.45,0.66,75.29,3.27
2022-10-04,26.34,0.43,77.64,2.81
2022-10-05,25.56,3.74,79.07,3.26
2022-10-06,25.49,0.16,75.15,3.13
2022-10-07,26.28,0.04,70.98,2.61
2022-10-08,25.86,0.54,68.28,1.62
2022-10-09,25.27,10.74,83.29,1.51
2022-10-10,25.12,34.71,86.24,1.54
2022-10-11,26.11,10.68,81.89,1.16
2022-10-12,26.07,4.07,82.44,0.5
2022-10-13,26.65,6.18,80.63,0.74
2022-10-14,26.2,5.02,82.13,1.68
2022-10-15,24.73,6.8,87.1,1.12
2022-10-16,26.31,11.17,81.45,0.72
2022-10-17,26.7,4.58,82.6,0.76
2022-10-18,25.15,9.38,88.62,1.3
2022-10-19,25.72,11.13,80.99,1.26
2022-10-20,26.02,16.82,82.94,0.62
2022-10-21,25.28,9.43,85.4,1.02
2022-10-22,25.66,1.57,82.31,1.16
2022-10-23,25.96,1.12,82.91,0.79
2022-10-24,26.09,0.16,79.67,1.4
2022-10-25,26.02,0.01,73.11,1.01
2022-10-26,24.71,0.0,69.63,0.96
2022-10-27,24.14,0.0,72.15,1.11
2022-10-28,25.04,0.53,76.33,1.22
2022-10-29,25.39,0.78,82.63,1.66
2022-10-30,25.39,5.44,82.9,1.59
2022-10-31,25.11,0.54,83.32,1.27
2022-11-01,23.31,3.26,89.99,1.3
2022-11-02,24.05,5.58,85.33,1.13
2022-11-03,24.25,9.84,84.56,1.8
2022-11-04,24.37,10.01,85.16,1.89
2022-11-05,24.23,3.34,83.57,1.78
2022-11-06,24.22,3.76,87.76,1.52
2022-11-07,24.83,0.31,84.08,1.62
2022-11-08,25.22,0.45,82.22,1.75
2022-11-09,25.35,0.51,81.13,1.67
2022-11-10,25.18,2.84,80.38,1.47
2022-11-11,23.19,42.89,90.88,1.45
2022-11-12,23.44,19.45,92.3,2.51
2022-11-13,23.97,7.51,90.92,3.05
2022-11-14,23.9,5.77,86.83,1.21
2022-11-15,23.92,0.61,87.03,1.25
2022-11-16,24.32,0.26,85.16,1.21
2022-11-17,23.79,0.01,80.0,1.19
2022-11-18,22.02,0.0,72.41,1.23
2022-11-19,21.95,0.0,74.43,1.29
2022-11-20,22.5,0.0,68.32,0.99
2022-11-21,23.13,0.0,71.46,1.07
2022-11-22,23.98,0.05,75.89,0.78
2022-11-23,24.65,0.96,81.9,1.52
2022-11-24,25.1,0.86,83.66,1.21
2022-11-25,24.91,0.18,83.17,1.71
2022-11-26,24.22,0.16,85.24,1.06
2022-11-27,24.96,2.89,84.99,1.35
2022-11-28,25.27,2.3,82.83,0.91
2022-11-29,24.54,2.03,85.15,1.98
2022-11-30,23.23,0.05,78.93,1.33
2022-12-01,24.29,0.82,80.99,1.65
2022-12-02,25.03,0.25,82.66,1.55
2022-12-03,24.83,0.55,82.85,1.87
2022-12-04,24.5,7.25,87.02,1.7
2022-12-05,23.7,1.21,86.07,1.54
2022-12-06,24.37,0.0,80.46,1.31
2022-12-07,23.65,0.0,73.57,0.92
2022-12-08,22.69,1.61,67.52,1.56
2022-12-09,20.94,11.43,84.41,2.55
2022-12-10,23.31,7.35,83.35,3.58
2022-12-11,24.26,3.73,86.29,2.31
2022-12-12,24.76,10.01,86.29,1.36
2022-12-13,24.39,11.08,87.74,1.68
2022-12-14,23.97,4.18,86.66,1.74
2022-12-15,23.61,0.09,80.84,1.41
2022-12-16,22.85,0.0,76.14,1.12
2022-12-17,23.54,0.0,80.4,1.54
2022-12-18,23.93,0.0,82.22,2.06
2022-12-19,23.57,0.0,76.14,1.71
2022-12-20,23.72,0.0,79.64,1.44
2022-12-21,24.35,0.01,75.31,1.43
2022-12-22,23.4,0.0,69.08,1.51
2022-12-23,24.05,0.0,72.95,1.41
2022-12-24,24.96,0.0,77.43,1.45
2022-12-25,24.99,9.04,81.31,2.05
2022-12-26,24.73,5.31,85.05,2.42
2022-12-27,24.59,2.24,84.64,2.35
2022-12-28,24.94,0.28,79.82,1.95
2022-12-29,24.57,0.0,78.22,1.74
2022-12-30,23.64,0.0,75.33,1.59
2022-12-31,23.38,0.0,73.08,1.18
2023-01-01,23.12,0.0,72.0,1.27
2023-01-02,22.76,0.0,73.65,1.78
2023-01-03,23.23,0.0,74.69,1.87
2023-01-04,23.6,0.0,72.56,1.89
2023-01-05,23.49,0.0,71.72,1.95
2023-01-06,23.84,0.0,70.18,2.43
2023-01-07,23.81,0.0,71.92,2.19
2023-01-08,24.06,0.0,73.51,1.83
2023-01-09,23.43,0.0,70.04,1.74
2023-01-10,22.11,0.0,66.72,1.84
2023-01-11,22.46,0.0,66.91,1.46
2023-01-12,22.34,0.0,65.08,1.46
2023-01-13,22.59,0.0,66.82,1.13
2023-01-14,22.31,0.0,66.79,1.2
2023-01-15,22.33,0.0,64.89,1.09
2023-01-16,22.67,0.0,64.05,1.37
2023-01-17,22.7,0.0,66.51,1.33
2023-01-18,22.72,0.0,68.38,1.84
2023-01-19,22.7,0.0,64.96,1.81
2023-01-20,22.99,0.0,68.73,1.97
2023-01-21,24.04,0.0,66.99,1.79
2023-01-22,23.97,0.0,65.08,1.87
2023-01-23,24.49,1.62,71.73,1.69
2023-01-24,24.51,2.13,77.43,1.57
2023-01-25,24.53,0.02,65.09,1.75
2023-01-26,23.8,0.0,65.99,1.53
2023-01-27,23.36,0.0,63.27,1.47
2023-01-28,23.36,0.0,60.81,1.67
2023-01-29,24.16,0.0,64.61,1.86
2023-01-30,25.44,0.67,70.04,1.53
2023-01-31,26.03,0.17,61.43,2.04
2023-02-01,26.18,0.03,57.02,2.06
2023-02-02,24.65,2.85,66.31,1.92
2023-02-03,25.44,4.04,71.14,1.99
2023-02-04,25.59,2.81,69.0,2.17
2023-02-05,25.8,0.03,56.04,1.81
2023-02-06,25.34,0.0,57.51,1.48
2023-02-07,25.36,0.0,58.03,1.07
2023-02-08,25.51,0.0,59.94,1.71
2023-02-09,25.55,0.0,57.42,1.61
2023-02-10,25.68,0.0,53.71,1.97
2023-02-11,25.09,0.0,52.75,1.54
2023-02-12,25.4,0.0,48.27,1.79
2023-02-13,25.54,0.0,47.91,2.01
2023-02-14,25.11,0.0,52.12,1.45
2023-02-15,25.62,0.0,51.29,1.51
2023-02-16,25.55,0.0,51.71,2.19
2023-02-17,25.32,0.0,53.95,1.9
2023-02-18,25.39,0.0,55.42,1.65
2023-02-19,26.17,0.0,55.24,1.8
2023-02-20,26.5,0.0,53.04,1.23
2023-02-21,26.46,0.0,47.47,1.69
2023-02-22,26.49,0.0,46.65,2.15
2023-02-23,25.47,0.0,50.48,1.89
2023-02-24,26.53,0.0,53.89,1.7
2023-02-25,26.78,0.0,47.15,2.06
2023-02-26,26.11,0.0,44.38,2.27
2023-02-27,25.52,0.0,47.69,2.09
2023-02-28,26.13,0.02,51.62,2.26
2023-03-01,28.29,0.02,55.98,3.09
2023-03-02,27.44,0.06,47.67,2.61
2023-03-03,26.23,0.0,36.91,2.49
2023-03-04,27.3,0.0,45.2,2.58
2023-03-05,28.01,1.78,45.85,2.35
2023-03-06,27.02,0.04,39.42,1.89
2023-03-07,26.67,0.0,43.94,1.84
2023-03-08,27.27,0.0,49.41,2.55
2023-03-09,27.66,0.0,49.84,2.47
2023-03-10,27.84,0.0,48.07,2.35
2023-03-11,28.16,0.0,48.72,2.3
2023-03-12,28.58,0.0,50.25,2.68
2023-03-13,28.91,0.0,49.79,2.64
2023-03-14,28.97,0.0,42.27,1.98
2023-03-15,29.93,0.0,41.25,1.76
2023-03-16,30.16,0.48,50.35,1.73
2023-03-17,29.83,6.2,56.04,2.08
2023-03-18,29.0,2.69,61.94,2.16
2023-03-19,27.25,2.45,71.28,1.47
2023-03-20,28.06,2.76,65.42,1.44
2023-03-21,28.91,0.46,52.71,2.33
2023-03-22,29.46,0.05,45.21,1.02
2023-03-23,30.19,1.11,48.55,1.37
2023-03-24,30.1,3.75,57.2,1.02
2023-03-25,29.17,3.37,65.33,1.16
2023-03-26,30.16,2.43,59.67,0.89
2023-03-27,28.95,0.08,64.46,0.95
2023-03-28,30.91,0.96,54.58,1.8
2023-03-29,31.23,0.86,54.74,1.48
2023-03-30,30.84,1.11,50.35,1.5
2023-03-31,31.47,1.25,50.34,0.91
2023-04-01,31.72,0.46,47.2,1.15
2023-04-02,30.75,2.53,54.56,1.21
2023-04-03,29.32,1.81,58.77,1.22
2023-04-04,29.47,2.53,62.47,1.14
2023-04-05,30.43,0.49,55.46,1.57
2023-04-06,31.55,0.03,47.83,1.8
2023-04-07,30.86,0.0,48.67,2.45
2023-04-08,30.65,0.0,47.14,2.95
2023-04-09,30.59,0.0,45.81,2.33
2023-04-10,30.95,0.54,48.2,2.51
2023-04-11,30.97,0.47,46.66,2.18
2023-04-12,30.97,0.0,39.16,1.94
2023-04-13,31.61,0.0,31.66,1.62
2023-04-14,31.17,0.0,31.07,1.23
2023-04-15,32.18,0.0,33.42,1.94
2023-04-16,31.04,0.0,35.15,1.48
2023-04-17,32.19,0.0,33.31,1.99
2023-04-18,32.63,0.0,34.76,1.91
2023-04-19,32.85,0.0,35.88,1.53
2023-04-20,33.38,0.0,42.72,1.81
2023-04-21,33.44,0.49,44.76,1.96
2023-04-22,33.37,1.47,46.94,1.76
2023-04-23,33.38,0.99,47.06,1.08
2023-04-24,31.75,2.65,52.79,1.89
2023-04-25,30.5,4.72,60.77,2.26
2023-04-26,27.99,5.66,72.51,2.24
2023-04-27,29.09,5.67,65.35,1.88
2023-04-28,29.18,6.74,64.33,1.97
2023-04-29,28.69,14.6,70.4,1.71
2023-04-30,28.44,3.43,71.23,1.85
2023-05-01,27.72,16.68,77.29,1.03
2023-05-02,26.81,13.82,83.61,1.64
2023-05-03,26.48,4.5,81.72,2.04
2023-05-04,27.07,4.2,75.28,1.2
2023-05-05,27.01,2.79,74.39,1.43
2023-05-06,27.85,6.6,71.57,1.26
2023-05-07,26.02,3.89,79.82,2.36
2023-05-08,27.1,5.07,77.25,2.24
2023-05-09,29.23,1.51,67.57,1.79
2023-05-10,29.01,0.63,69.27,1.73
2023-05-11,29.64,1.5,68.3,1.92
2023-05-12,29.77,0.32,64.26,3.15
2023-05-13,30.37,0.0,58.39,4.09
2023-05-14,29.79,0.0,63.52,3.78
2023-05-15,30.22,0.0,64.99,3.69
2023-05-16,31.41,0.01,59.77,2.58
2023-05-17,29.57,0.77,63.33,2.15
2023-05-18,31.25,0.16,58.46,1.43
2023-05-19,29.16,0.51,69.88,1.87
2023-05-20,30.72,0.66,62.68,2.43
2023-05-21,30.29,4.03,65.39,1.89
2023-05-22,29.11,2.42,71.93,1.52
2023-05-23,30.57,0.13,61.54,1.51
2023-05-24,28.9,11.67,72.04,2.46
2023-05-25,29.46,4.74,68.69,3.09
2023-05-26,29.73,4.8,66.31,3.11
2023-05-27,29.0,6.86,69.44,2.95
2023-05-28,29.51,0.18,67.14,1.48
2023-05-29,30.12,0.29,65.04,1.33
2023-05-30,30.21,0.47,64.87,1.81
2023-05-31,29.66,1.89,65.66,1.8
2023-06-01,29.9,0.02,64.3,3.68
2023-06-02,28.4,2.08,69.99,2.54
2023-06-03,30.13,0.18,62.57,2.95
2023-06-04,29.05,0.33,66.41,3.36
2023-06-05,28.88,1.81,69.17,3.18
2023-06-06,29.9,1.71,64.25,3.72
2023-06-07,29.02,0.75,68.08,3.93
2023-06-08,29.02,0.27,67.08,3.48
2023-06-09,29.55,0.12,64.66,4.51
2023-06-10,29.15,0.06,63.33,5.04
2023-06-11,29.47,0.02,64.19,4.18
2023-06-12,29.36,3.78,67.87,3.85
2023-06-13,29.2,0.85,66.78,4.15
2023-06-14,28.25,2.7,70.51,3.87
2023-06-15,30.1,0.08,62.75,3.64
2023-06-16,30.67,0.0,59.23,4.78
2023-06-17,28.51,0.58,69.4,4.19
2023-06-18,28.4,1.0,68.96,3.2
2023-06-19,29.53,0.09,58.46,3.24
2023-06-20,29.21,3.18,64.17,1.75
2023-06-21,28.74,7.51,70.3,2.42
2023-06-22,28.0,6.72,68.66,3.19
2023-06-23,27.93,0.87,63.57,3.67
2023-06-24,27.32,0.06,67.22,3.55
2023-06-25,27.67,0.28,68.74,3.47
2023-06-26,27.8,0.14,61.41,3.98
2023-06-27,27.75,0.98,64.77,4.03
2023-06-28,28.68,0.08,60.89,3.99
2023-06-29,28.85,1.47,63.22,4.41
2023-06-30,28.08,0.83,63.67,3.8
2023-07-01,28.75,0.51,64.24,3.17
2023-07-02,27.91,2.66,63.29,4.14
2023-07-03,27.6,5.99,69.94,4.59
2023-07-04,27.37,2.12,70.6,5.68
2023-07-05,26.42,2.75,72.83,5.38
2023-07-06,27.07,1.79,73.03,4.33
2023-07-07,26.93,0.41,70.25,4.41
2023-07-08,27.43,2.85,68.87,3.48
2023-07-09,28.33,1.67,65.62,3.33
2023-07-10,28.68,7.6,69.55,2.96
2023-07-11,28.01,4.07,68.55,3.44
2023-07-12,28.13,0.92,63.62,3.81
2023-07-13,27.8,1.78,62.74,4.07
2023-07-14,27.95,0.01,63.72,4.51
2023-07-15,28.35,0.02,64.31,3.95
2023-07-16,28.94,0.54,65.6,3.94
2023-07-17,28.53,0.07,66.85,4.28
2023-07-18,27.88,0.26,69.2,5.19
2023-07-19,28.08,0.36,67.15,5.83
2023-07-20,28.62,0.14,64.38,5.89
2023-07-21,28.22,0.19,64.61,6.21
2023-07-22,27.58,0.49,64.25,6.15
2023-07-23,26.84,7.99,71.18,5.37
2023-07-24,26.01,2.51,73.57,5.0
2023-07-25,25.55,1.41,74.93,4.19
2023-07-26,27.15,0.59,68.38,5.06
2023-07-27,27.67,0.04,64.88,5.07
2023-07-28,28.13,0.02,62.64,5.03
2023-07-29,28.82,0.0,62.66,5.02
2023-07-30,29.23,0.0,61.58,4.91
2023-07-31,29.39,0.0,62.21,5.28
2023-08-01,29.31,0.0,61.51,5.2
2023-08-02,28.04,0.04,65.26,4.7
2023-08-03,29.03,0.06,64.03,4.73
2023-08-04,29.16,0.03,62.79,4.75
2023-08-05,29.54,0.0,60.74,4.57
2023-08-06,29.83,0.76,60.42,4.17
2023-08-07,29.92,0.18,60.22,3.96
2023-08-08,28.91,6.39,63.99,3.56
2023-08-09,29.03,4.33,63.53,3.25
2023-08-10,27.02,8.12,77.77,1.81
2023-08-11,28.09,6.8,74.3,1.28
2023-08-12,27.45,5.12,75.08,2.72
2023-08-13,28.52,0.8,66.88,3.04
2023-08-14,28.56,0.6,64.94,3.36
2023-08-15,28.28,0.55,64.11,3.38
2023-08-16,29.18,0.09,61.74,3.61
2023-08-17,29.44,0.0,60.98,4.46
2023-08-18,28.51,0.01,63.25,4.6
2023-08-19,28.57,0.01,63.98,4.54
2023-08-20,29.77,0.48,61.69,4.09
2023-08-21,30.28,0.43,59.38,3.19
2023-08-22,30.17,1.28,62.48,2.28
2023-08-23,29.32,3.65,63.77,2.87
2023-08-24,29.47,0.15,61.62,3.66
2023-08-25,29.08,0.0,59.78,3.27
2023-08-26,29.55,0.09,61.33,3.2
2023-08-27,29.37,1.22,63.09,2.98
2023-08-28,29.91,0.45,59.85,3.32
2023-08-29,28.06,10.04,70.02,2.2
2023-08-30,26.47,8.67,77.8,3.29
2023-08-31,27.22,23.6,76.26,2.65
2023-09-01,26.83,23.31,79.43,1.91
2023-09-02,26.93,7.95,76.97,3.17
2023-09-03,26.58,4.72,73.99,3.58
2023-09-04,26.5,0.4,72.47,3.87
2023-09-05,26.13,3.05,74.14,3.96
2023-09-06,25.79,3.12,75.54,3.62
2023-09-07,25.84,6.61,74.34,3.64
2023-09-08,26.7,0.46,69.99,4.15
2023-09-09,27.25,2.71,70.97,4.3
2023-09-10,26.75,0.43,68.27,4.84
2023-09-11,26.53,2.72,69.54,4.36
2023-09-12,26.64,0.83,72.85,3.49
2023-09-13,28.19,0.12,67.44,3.65
2023-09-14,27.24,0.88,70.18,4.03
2023-09-15,26.57,0.69,71.05,3.92
2023-09-16,27.5,0.68,71.41,3.52
2023-09-17,27.54,7.11,74.83,2.91
2023-09-18,27.42,8.82,74.93,3.26
2023-09-19,27.09,19.9,78.14,2.95
2023-09-20,27.18,3.34,74.92,2.83
2023-09-21,26.74,4.97,75.69,2.09
2023-09-22,26.97,3.43,77.4,2.26
2023-09-23,27.35,1.55,75.18,3.02
2023-09-24,26.26,1.92,78.48,2.73
2023-09-25,27.49,2.05,73.48,2.53
2023-09-26,27.5,2.02,72.46,2.96
2023-09-27,27.26,2.88,69.67,3.58
2023-09-28,26.2,2.13,74.03,3.52
2023-09-29,25.94,0.76,75.96,3.71
2023-09-30,26.84,2.11,73.17,3.34
2023-10-01,27.18,0.98,74.29,3.82
2023-10-02,27.32,0.51,74.71,3.21
2023-10-03,28.3,0.15,68.16,3.07
2023-10-04,28.38,0.2,66.86,2.89
2023-10-05,28.03,0.53,65.36,2.7
2023-10-06,27.68,0.57,61.57,2.64
2023-10-07,27.13,1.05,63.39,1.75
2023-10-08,28.34,6.73,70.16,1.65
2023-10-09,27.58,9.3,76.98,1.4
2023-10-10,28.02,8.01,75.26,1.66
2023-10-11,26.35,16.61,80.44,2.33
2023-10-12,26.6,3.31,82.26,1.21
2023-10-13,27.09,0.25,72.14,1.62
2023-10-14,26.41,8.02,78.84,1.11
2023-10-15,26.0,16.48,85.3,1.04
2023-10-16,26.46,13.82,81.63,1.27
2023-10-17,25.2,8.87,84.25,1.52
2023-10-18,26.73,0.63,76.44,1.26
2023-10-19,26.99,0.23,71.84,1.33
2023-10-20,27.15,0.06,71.89,1.37
2023-10-21,27.19,0.71,71.89,1.38
2023-10-22,27.52,0.31,69.85,1.08
2023-10-23,27.03,0.06,72.87,0.77
2023-10-24,27.11,0.4,72.14,0.83
2023-10-25,27.46,2.2,72.57,0.79
2023-10-26,27.48,0.87,72.18,1.07
2023-10-27,27.4,0.03,70.57,1.43
2023-10-28,27.67,0.34,71.4,1.72
2023-10-29,25.89,11.65,82.05,1.51
2023-10-30,24.72,8.72,86.41,1.24
2023-10-31,25.32,3.28,80.96,1.31
2023-11-01,25.99,9.98,82.74,1.24
2023-11-02,26.23,2.4,79.58,1.69
2023-11-03,25.85,7.44,83.17,1.32
2023-11-04,25.47,16.68,86.36,1.47
2023-11-05,23.99,11.13,91.96,1.49
2023-11-06,25.89,14.8,82.11,0.7
2023-11-07,24.91,21.35,89.73,1.32
2023-11-08,25.49,9.83,85.15,0.84
2023-11-09,24.75,12.05,85.94,1.2
2023-11-10,24.86,1.61,83.92,1.42
2023-11-11,24.86,0.45,82.92,1.49
2023-11-12,24.52,0.08,79.14,1.51
2023-11-13,24.85,0.64,81.64,1.33
2023-11-14,23.91,7.59,81.8,1.96
2023-11-15,24.6,0.37,82.25,1.15
2023-11-16,25.45,0.1,82.5,0.83
2023-11-17,26.17,0.14,79.88,1.06
2023-11-18,26.17,0.03,82.07,1.51
2023-11-19,25.67,0.0,81.61,2.02
2023-11-20,25.64,0.0,83.27,1.28
2023-11-21,26.1,2.32,82.24,1.11
2023-11-22,25.37,18.27,89.36,1.36
2023-11-23,24.9,4.9,87.38,2.13
2023-11-24,25.33,1.35,85.74,1.54
2023-11-25,25.52,4.45,86.53,1.78
2023-11-26,25.04,4.14,87.83,2.4
2023-11-27,25.47,2.58,85.08,1.85
2023-11-28,25.18,3.44,86.72,1.59
2023-11-29,24.7,2.97,87.61,1.45
2023-11-30,24.56,2.54,85.99,1.25
2023-12-01,25.57,1.01,82.13,1.02
2023-12-02,26.3,1.14,78.55,0.96
2023-12-03,26.84,1.48,80.1,1.21
2023-12-04,26.83,0.66,79.05,1.5
2023-12-05,26.8,0.22,78.44,1.86
2023-12-06,27.0,0.13,76.99,1.05
2023-12-07,27.27,2.45,77.63,0.7
2023-12-08,25.3,17.08,91.23,1.48
2023-12-09,25.51,4.41,85.23,2.0
2023-12-10,25.33,0.92,82.02,1.78
2023-12-11,24.39,0.31,80.65,1.3
2023-12-12,24.29,0.29,83.37,1.32
2023-12-13,24.11,0.01,78.67,1.82
2023-12-14,23.46,0.0,75.91,1.71
2023-12-15,23.89,0.16,84.58,1.57
2023-12-16,25.29,1.75,83.78,1.93
2023-12-17,24.06,15.04,89.72,2.43
2023-12-18,23.41,5.53,87.29,2.42
2023-12-19,23.0,0.65,83.37,1.82
2023-12-20,23.82,1.64,82.44,1.94
2023-12-21,24.2,1.26,85.24,1.91
2023-12-22,24.72,0.08,81.36,1.72
2023-12-23,22.97,0.0,77.35,1.59
2023-12-24,23.76,0.04,77.47,1.91
2023-12-25,24.91,0.89,81.21,2.67
2023-12-26,23.87,0.03,76.91,2.27
2023-12-27,23.92,0.0,76.63,2.32
2023-12-28,24.66,0.03,77.88,2.58
2023-12-29,24.91,0.23,79.69,2.45
2023-12-30,24.33,0.16,78.53,2.29
2023-12-31,23.67,0.01,74.77,1.94
2024-01-01,24.1,0.0,73.45,1.49
2024-01-02,24.39,0.03,74.5,1.77
2024-01-03,24.3,0.73,76.2,1.41
2024-01-04,24.31,3.72,83.67,1.51
2024-01-05,24.87,2.76,81.42,1.73
2024-01-06,24.81,1.33,78.24,1.58
2024-01-07,24.81,1.92,78.95,1.83
2024-01-08,24.78,2.91,83.19,3.28
2024-01-09,23.88,12.21,86.22,2.57
2024-01-10,23.77,0.51,79.42,1.86
2024-01-11,24.26,0.0,73.07,2.21
2024-01-12,23.93,0.0,76.1,2.31
2024-01-13,24.51,0.0,75.28,2.12
2024-01-14,24.81,0.0,72.47,1.91
2024-01-15,24.18,0.0,72.02,1.43
2024-01-16,23.71,0.0,72.01,1.27
2024-01-17,23.51,0.0,70.5,1.21
2024-01-18,24.06,0.0,70.15,1.09
2024-01-19,25.69,0.47,73.43,1.54
2024-01-20,26.04,0.63,74.44,2.0
2024-01-21,25.78,0.01,68.32,1.75
2024-01-22,25.74,0.0,68.78,1.73
2024-01-23,25.03,0.0,69.4,1.56
2024-01-24,25.5,0.02,68.94,1.33
2024-01-25,25.42,0.0,67.06,1.84
2024-01-26,25.03,0.0,67.3,2.07
2024-01-27,25.06,0.0,66.97,2.19
2024-01-28,25.64,0.0,66.37,2.43
2024-01-29,24.81,0.0,62.51,1.79
2024-01-30,24.88,0.0,63.17,1.08
2024-01-31,26.11,0.0,65.9,0.88
2024-02-01,27.1,0.0,63.8,0.78
2024-02-02,27.66,0.0,65.78,1.13
2024-02-03,27.92,0.01,64.24,2.31
2024-02-04,26.52,0.0,61.33,1.99
2024-02-05,25.54,0.0,61.88,1.86
2024-02-06,25.35,0.0,63.19,1.81
2024-02-07,25.71,0.0,60.53,1.66
2024-02-08,26.07,0.0,57.87,1.73
2024-02-09,26.17,0.0,59.77,1.97
2024-02-10,26.47,0.0,62.44,2.41
2024-02-11,26.54,0.04,62.65,2.43
2024-02-12,25.85,0.0,59.15,2.33
2024-02-13,26.28,0.0,62.61,2.25
2024-02-14,27.29,0.0,61.36,2.48
2024-02-15,26.41,0.0,59.95,2.47
2024-02-16,26.9,0.0,59.81,2.55
2024-02-17,27.25,0.0,54.53,2.05
2024-02-18,27.08,0.0,50.81,1.66
2024-02-19,27.71,0.0,58.09,1.89
2024-02-20,28.39,0.0,56.04,1.9
2024-02-21,29.48,0.01,54.42,1.08
2024-02-22,30.1,0.0,51.47,1.5
2024-02-23,30.17,0.0,50.79,1.25
2024-02-24,30.2,0.0,52.87,1.51
2024-02-25,29.44,0.0,53.83,2.87
2024-02-26,28.79,0.0,54.48,3.16
2024-02-27,29.35,0.0,55.43,3.2
2024-02-28,28.89,0.0,51.41,2.5
2024-02-29,28.84,0.0,49.21,2.19
2024-03-01,28.04,0.0,50.01,2.44
2024-03-02,28.07,0.0,41.97,1.59
2024-03-03,28.92,0.0,40.22,1.57
2024-03-04,29.49,0.0,44.25,1.57
2024-03-05,29.58,0.0,42.05,1.74
2024-03-06,30.0,0.0,35.84,1.57
2024-03-07,29.38,0.0,37.22,1.75
2024-03-08,30.48,0.0,35.9,1.77
2024-03-09,31.26,0.0,39.33,1.77
2024-03-10,31.08,0.0,40.5,2.0
2024-03-11,30.61,0.0,42.04,2.14
2024-03-12,30.42,0.0,41.93,2.1
2024-03-13,30.73,0.0,33.95,1.54
2024-03-14,31.71,0.02,41.73,1.06
2024-03-15,32.27,0.05,39.69,1.73
2024-03-16,30.9,0.07,40.72,2.35
2024-03-17,29.95,0.0,40.55,2.62
2024-03-18,30.13,0.0,33.74,1.87
2024-03-19,30.44,0.0,32.96,1.94
2024-03-20,30.07,0.0,36.63,2.04
2024-03-21,30.68,0.01,50.41,2.49
2024-03-22,31.38,0.0,48.75,2.52
2024-03-23,31.41,0.05,44.16,2.45
2024-03-24,31.03,0.03,37.94,2.49
2024-03-25,30.29,0.0,40.31,2.3
2024-03-26,30.38,0.01,30.82,2.07
2024-03-27,30.17,0.0,29.79,1.79
2024-03-28,31.35,0.02,35.92,1.45
2024-03-29,32.5,0.02,35.83,2.01
2024-03-30,32.16,0.0,36.1,1.94
2024-03-31,32.1,0.0,39.03,1.82
2024-04-01,33.06,0.0,43.0,1.36
2024-04-02,33.41,0.17,42.05,1.34
2024-04-03,33.23,0.87,43.15,1.55
2024-04-04,33.35,0.01,43.93,1.84
2024-04-05,34.04,0.03,38.78,1.62
2024-04-06,33.59,0.0,36.52,1.59
2024-04-07,33.56,0.0,37.57,1.52
2024-04-08,34.14,0.01,40.42,2.24
2024-04-09,32.93,0.0,44.7,3.01
2024-04-10,32.42,0.04,44.84,2.67
2024-04-11,32.67,1.82,46.97,2.61
2024-04-12,31.88,3.58,52.2,2.93
2024-04-13,31.15,1.48,53.3,2.34
2024-04-14,31.72,0.07,47.93,2.4
2024-04-15,32.17,0.0,47.11,2.71
2024-04-16,32.64,0.0,45.6,1.95
2024-04-17,34.41,0.0,42.86,1.31
2024-04-18,33.3,0.0,50.78,2.13
2024-04-19,32.76,0.0,52.82,2.09
2024-04-20,34.11,0.01,45.5,1.92
2024-04-21,34.31,0.03,42.69,1.88
2024-04-22,33.84,0.09,45.07,1.37
2024-04-23,33.7,0.01,41.81,1.67
2024-04-24,33.78,0.0,38.79,1.84
2024-04-25,33.85,0.01,40.46,2.6
2024-04-26,34.09,0.0,38.94,2.14
2024-04-27,33.69,0.0,37.2,2.22
2024-04-28,33.84,0.0,37.6,2.0
2024-04-29,34.17,0.0,36.14,1.57
2024-04-30,34.7,0.01,39.99,1.28
2024-05-01,35.54,0.01,44.84,2.1
2024-05-02,35.84,0.01,44.13,2.2
2024-05-03,34.89,0.05,48.31,2.72
2024-05-04,34.39,1.74,47.78,2.07
2024-05-05,34.31,1.36,44.88,2.87
2024-05-06,34.97,0.64,42.31,2.79
2024-05-07,32.67,4.46,51.41,2.11
2024-05-08,31.62,0.63,56.74,1.74
2024-05-09,31.68,5.2,59.48,1.18
2024-05-10,29.1,1.37,69.97,1.19
2024-05-11,30.04,6.61,68.83,1.03
2024-05-12,29.89,8.17,69.9,0.63
2024-05-13,29.25,3.29,71.21,1.81
2024-05-14,29.37,2.55,67.52,1.35
2024-05-15,30.72,4.21,62.6,1.56
2024-05-16,28.95,8.47,71.21,1.5
2024-05-17,29.15,19.69,70.31,1.36
2024-05-18,28.91,13.82,74.11,1.16
2024-05-19,28.01,9.73,79.08,2.16
2024-05-20,25.45,19.74,87.22,2.62
2024-05-21,26.77,32.58,80.16,1.39
2024-05-22,28.09,8.09,80.93,2.34
2024-05-23,26.91,6.21,88.21,1.83
2024-05-24,28.06,5.93,79.65,2.57
2024-05-25,27.66,2.49,75.61,3.43
2024-05-26,27.81,0.09,74.93,4.29
2024-05-27,28.6,0.04,69.94,4.64
2024-05-28,27.9,0.43,77.04,4.28
2024-05-29,28.42,0.92,73.62,3.99
2024-05-30,28.78,0.77,75.19,3.46
2024-05-31,29.07,1.19,74.5,3.22
2024-06-01,29.01,3.99,78.57,3.1
2024-06-02,28.12,7.94,76.63,1.23
2024-06-03,28.23,5.73,77.07,1.7
2024-06-04,28.25,1.41,76.21,2.5
2024-06-05,27.63,3.93,79.89,2.46
2024-06-06,27.03,18.94,78.99,2.71
2024-06-07,27.15,7.1,76.9,2.35
2024-06-08,27.11,2.28,79.09,3.0
2024-06-09,27.38,0.23,76.01,3.44
2024-06-10,27.31,0.09,74.98,4.0
2024-06-11,26.82,0.41,72.15,3.85
2024-06-12,26.82,0.37,70.96,3.77
2024-06-13,27.45,0.17,67.2,3.72
2024-06-14,27.78,0.34,69.32,3.13
2024-06-15,28.26,0.34,72.0,3.62
2024-06-16,28.65,0.3,70.0,3.36
2024-06-17,27.77,0.75,69.89,3.31
2024-06-18,27.88,12.19,71.71,3.58
2024-06-19,27.33,3.71,73.96,3.75
2024-06-20,27.02,0.65,71.74,4.12
2024-06-21,26.63,0.42,70.12,3.99
2024-06-22,26.49,0.61,73.67,3.89
2024-06-23,26.23,1.36,74.39,4.27
2024-06-24,25.89,1.16,75.68,4.4
2024-06-25,26.02,4.99,71.89,5.01
2024-06-26,26.53,1.6,71.65,5.18
2024-06-27,26.32,0.35,70.08,4.32
2024-06-28,26.8,0.15,70.35,3.67
2024-06-29,26.48,0.49,75.82,3.35
2024-06-30,27.43,0.75,72.63,2.96
2024-07-01,26.2,5.64,76.43,3.26
2024-07-02,27.94,0.3,65.27,3.5
2024-07-03,27.71,0.17,69.82,3.91
2024-07-04,27.93,0.68,67.07,4.14
2024-07-05,27.3,2.05,69.55,3.96
2024-07-06,25.87,0.4,74.69,4.04
2024-07-07,27.38,0.38,70.58,4.21
2024-07-08,26.12,0.51,76.2,4.19
2024-07-09,26.22,0.21,74.48,3.87
2024-07-10,26.4,2.9,75.38,3.4
2024-07-11,27.5,0.19,67.91,3.64
2024-07-12,27.54,7.66,70.04,3.99
2024-07-13,26.28,0.34,73.02,4.9
2024-07-14,27.22,1.42,69.43,5.23
2024-07-15,26.52,7.31,76.28,6.4
2024-07-16,26.09,1.37,74.48,6.4
2024-07-17,26.09,2.48,75.88,5.13
2024-07-18,26.11,1.6,75.34,5.9
2024-07-19,26.96,0.82,73.0,5.91
2024-07-20,27.19,1.08,73.09,4.95
2024-07-21,27.26,0.3,72.62,5.28
2024-07-22,26.98,0.39,70.53,4.97
2024-07-23,26.95,0.14,69.23,4.94
2024-07-24,26.9,0.44,69.88,5.06
2024-07-25,27.13,3.2,68.96,5.82
2024-07-26,26.77,1.27,72.62,6.14
2024-07-27,27.19,0.15,70.79,5.73
2024-07-28,27.31,0.42,69.23,5.61
2024-07-29,27.46,5.77,73.34,5.67
2024-07-30,26.28,0.35,76.68,4.21
2024-07-31,27.4,0.96,74.25,3.99
2024-08-01,27.68,3.39,74.97,4.03
2024-08-02,27.05,0.32,71.75,4.59
2024-08-03,27.33,1.69,69.86,3.67
2024-08-04,26.86,6.47,75.61,3.18
2024-08-05,27.04,1.91,73.51,2.89
2024-08-06,27.26,5.81,74.19,2.97
2024-08-07,25.64,11.75,82.95,2.62
2024-08-08,26.61,2.42,77.07,2.95
2024-08-09,27.15,7.09,77.26,2.71
2024-08-10,26.46,15.5,83.03,2.62
2024-08-11,26.28,14.3,84.46,1.75
2024-08-12,27.74,5.42,79.85,1.71
2024-08-13,27.43,24.06,81.9,1.25
2024-08-14,27.61,31.01,78.31,1.29
2024-08-15,28.05,9.58,77.61,0.58
2024-08-16,27.69,9.76,82.69,1.57
2024-08-17,27.51,4.57,84.23,2.26
2024-08-18,27.41,5.77,80.29,0.98
2024-08-19,27.43,2.95,81.93,1.42
2024-08-20,26.24,8.47,84.62,1.34
2024-08-21,25.54,4.6,83.3,2.61
2024-08-22,25.79,0.01,81.09,2.41
2024-08-23,26.79,0.0,76.79,2.59
2024-08-24,26.13,0.11,79.93,3.11
2024-08-25,26.15,0.19,79.57,3.59
2024-08-26,26.49,0.09,77.27,4.04
2024-08-27,26.77,1.51,78.06,3.69
2024-08-28,26.2,0.36,78.43,3.33
2024-08-29,26.44,2.76,78.92,3.69
2024-08-30,25.83,3.29,84.63,3.4
2024-08-31,26.22,1.56,79.53,4.04
2024-09-01,26.4,0.41,76.68,3.86
2024-09-02,26.31,0.96,76.55,3.98
2024-09-03,26.66,1.83,79.05,3.52
2024-09-04,27.14,0.54,77.45,3.64
2024-09-05,27.27,0.1,76.42,3.54
2024-09-06,26.98,0.45,78.06,3.5
2024-09-07,27.33,0.18,75.87,3.59
2024-09-08,27.2,0.39,75.04,4.07
2024-09-09,26.49,0.47,78.68,4.1
2024-09-10,27.41,0.26,76.06,4.31
2024-09-11,27.74,0.35,74.39,3.76
2024-09-12,27.37,0.09,71.83,3.69
2024-09-13,27.87,0.0,70.43,3.42
2024-09-14,27.93,0.09,69.7,3.57
2024-09-15,27.14,0.2,72.7,3.6
2024-09-16,28.11,0.01,68.84,3.59
2024-09-17,28.33,0.0,69.28,3.8
2024-09-18,28.11,0.0,65.18,3.65
2024-09-19,26.89,0.02,68.67,3.48
2024-09-20,27.93,0.03,68.72,2.71
2024-09-21,28.25,0.59,68.89,3.67
2024-09-22,28.06,0.66,69.71,3.47
2024-09-23,27.3,0.65,71.54,3.93
2024-09-24,26.73,2.29,76.92,3.95
2024-09-25,27.72,0.14,70.21,4.32
2024-09-26,27.57,0.43,69.61,3.2
2024-09-27,28.16,0.22,66.79,2.78
2024-09-28,28.62,2.29,70.51,1.35
2024-09-29,27.48,3.0,73.26,1.49
2024-09-30,27.54,1.56,74.5,1.4
2024-10-01,28.71,2.52,68.62,1.36
2024-10-02,28.91,5.48,70.51,1.29
2024-10-03,28.69,0.09,71.08,2.05
2024-10-04,27.46,14.05,77.56,1.85
2024-10-05,26.36,11.78,79.64,2.04
2024-10-06,25.55,14.88,81.58,1.15
2024-10-07,25.25,4.54,82.53,2.05
2024-10-08,25.87,16.98,85.06,1.4
2024-10-09,26.85,11.32,81.58,0.58
2024-10-10,26.44,2.45,80.93,1.2
2024-10-11,25.97,14.2,82.38,1.02
2024-10-12,26.18,17.92,83.87,0.74
2024-10-13,25.79,25.47,88.25,1.07
2024-10-14,25.59,12.16,86.93,0.92
2024-10-15,23.85,16.88,88.46,1.81
2024-10-16,24.23,1.5,83.81,2.77
2024-10-17,25.63,0.28,81.94,3.29
2024-10-18,26.64,8.19,81.88,1.3
2024-10-19,25.38,4.39,87.44,1.29
2024-10-20,26.06,9.77,83.02,0.7
2024-10-21,26.43,12.87,84.06,0.9
2024-10-22,26.33,25.21,83.8,0.84
2024-10-23,26.31,10.05,83.01,0.67
2024-10-24,24.24,11.76,88.19,1.98
2024-10-25,25.72,13.46,80.81,1.4
2024-10-26,26.06,3.79,83.54,1.72
2024-10-27,25.99,0.16,82.26,1.89
2024-10-28,25.39,0.58,82.02,1.87
2024-10-29,25.9,0.15,81.52,1.54
2024-10-30,26.73,0.0,79.74,1.04
2024-10-31,26.3,7.48,83.87,0.86
2024-11-01,25.72,8.56,87.71,0.96
2024-11-02,25.49,7.51,89.33,1.46
2024-11-03,25.39,5.25,87.84,1.73
2024-11-04,25.25,5.05,85.58,1.51
2024-11-05,24.46,1.38,84.79,1.31
2024-11-06,25.73,0.0,75.7,0.9
2024-11-07,25.62,2.56,83.45,1.09
2024-11-08,25.88,0.36,84.61,1.57
2024-11-09,25.17,0.27,84.09,1.65
2024-11-10,24.68,0.0,79.27,1.58
2024-11-11,25.32,0.0,74.34,1.14
2024-11-12,25.16,1.51,79.31,1.16
2024-11-13,24.84,1.63,91.28,1.47
2024-11-14,24.81,8.72,90.09,1.49
2024-11-15,24.79,6.71,89.78,1.44
2024-11-16,24.77,6.93,89.61,1.56
2024-11-17,24.88,4.45,89.1,1.83
2024-11-18,24.24,1.55,87.5,2.0
2024-11-19,24.34,0.47,86.15,1.97
2024-11-20,23.66,0.26,86.0,1.7
2024-11-21,23.68,0.5,84.16,1.4
2024-11-22,24.03,0.02,84.97,1.32
2024-11-23,24.14,0.0,83.74,1.29
2024-11-24,24.58,0.0,84.28,1.69
2024-11-25,23.56,0.0,82.61,1.34
2024-11-26,23.27,8.29,88.41,1.39
2024-11-27,23.85,1.05,87.2,1.6
2024-11-28,24.66,0.75,77.82,1.61
2024-11-29,24.54,3.44,82.93,1.84
2024-11-30,25.71,7.42,84.34,2.24
2024-12-01,25.21,22.75,90.41,3.06
2024-12-02,25.48,24.62,90.79,1.77
2024-12-03,25.77,18.6,88.02,1.27
2024-12-04,25.15,0.61,85.58,1.79
2024-12-05,24.92,0.72,86.73,1.36
2024-12-06,24.69,0.1,85.04,1.16
2024-12-07,24.93,0.57,86.09,1.22
2024-12-08,24.23,0.1,85.88,1.19
2024-12-09,24.78,0.04,82.48,1.05
2024-12-10,24.72,0.02,83.48,1.23
2024-12-11,24.27,2.37,86.46,1.62
2024-12-12,23.69,41.01,92.23,1.51
2024-12-13,23.44,22.41,94.55,2.61
2024-12-14,23.5,4.1,87.0,2.22
2024-12-15,21.94,1.07,85.13,1.67
2024-12-16,22.19,0.0,81.96,1.42
2024-12-17,23.43,0.0,76.57,0.91
2024-12-18,24.72,0.0,79.27,0.77
2024-12-19,24.98,0.06,85.9,0.74
2024-12-20,25.87,0.1,83.14,1.14
2024-12-21,25.95,1.7,85.43,0.89
2024-12-22,25.15,2.41,87.87,1.36
2024-12-23,24.75,0.17,84.39,0.95
2024-12-24,24.75,0.0,77.12,0.44
2024-12-25,24.61,0.0,79.55,0.67
2024-12-26,25.03,1.58,83.8,1.27
2024-12-27,24.48,2.54,89.11,2.11
2024-12-28,23.7,0.13,84.55,1.84
2024-12-29,23.63,0.1,84.04,1.69
2024-12-30,23.89,0.96,86.99,2.22
2024-12-31,24.13,0.09,84.9,2.7
2025-01-01,22.54,0.0,81.82,2.11
2025-01-02,22.31,0.0,82.6,1.89
2025-01-03,21.59,0.0,82.79,2.12
2025-01-04,21.28,0.0,81.13,1.59
2025-01-05,21.36,0.0,77.64,1.53
2025-01-06,21.41,0.0,77.0,1.46
2025-01-07,22.11,0.0,78.33,1.19
2025-01-08,22.29,0.0,79.54,1.49
2025-01-09,22.25,0.0,80.1,1.59
2025-01-10,23.37,0.01,81.0,1.7
2025-01-11,23.78,0.0,78.56,1.81
2025-01-12,24.02,0.02,80.14,1.65
2025-01-13,24.41,2.09,85.5,1.91
2025-01-14,24.41,0.37,78.54,2.24
2025-01-15,23.98,0.56,77.14,2.46
2025-01-16,23.27,0.0,77.46,2.32
2025-01-17,22.83,0.0,77.18,2.25
2025-01-18,22.61,5.1,83.46,1.87
2025-01-19,23.84,6.78,85.26,2.04
2025-01-20,24.12,0.56,76.84,1.72
2025-01-21,22.92,0.0,74.22,1.49
2025-01-22,23.65,0.0,75.5,1.68
2025-01-23,23.84,0.0,75.38,1.78
2025-01-24,23.14,0.0,74.1,1.85
2025-01-25,23.65,0.0,73.7,1.9
2025-01-26,22.46,0.0,70.79,2.08
2025-01-27,22.88,0.0,70.86,1.71
2025-01-28,23.06,0.0,69.7,1.34
2025-01-29,23.52,0.0,67.0,1.75
2025-01-30,24.88,0.06,73.09,1.45
2025-01-31,26.2,0.3,76.81,1.79
2025-02-01,26.65,0.07,73.47,1.87
2025-02-02,26.09,0.0,67.98,1.66
2025-02-03,24.92,0.0,65.61,1.19
2025-02-04,24.35,0.0,61.76,1.42
2025-02-05,24.2,0.0,66.32,1.66
2025-02-06,24.1,0.0,69.48,1.64
2025-02-07,23.89,0.0,64.13,1.68
2025-02-08,24.21,0.0,67.14,1.84
2025-02-09,25.0,0.0,65.41,1.83
2025-02-10,24.63,0.0,67.88,1.61
2025-02-11,24.68,0.0,63.81,1.42
2025-02-12,25.06,0.0,64.34,1.65
2025-02-13,24.87,0.0,60.21,1.45
2025-02-14,24.59,0.0,55.39,1.23
2025-02-15,25.46,0.0,52.86,1.28
2025-02-16,25.5,0.0,61.61,1.64
2025-02-17,25.58,0.0,64.09,1.79
2025-02-18,25.4,0.0,61.93,1.55
2025-02-19,25.62,0.0,61.69,1.33
2025-02-20,26.11,0.0,59.82,1.49
2025-02-21,26.24,0.0,61.58,1.82
2025-02-22,26.78,0.0,59.93,1.84
2025-02-23,27.01,0.0,54.52,2.01
2025-02-24,26.52,0.0,56.18,2.17
2025-02-25,26.74,0.06,61.01,2.33
2025-02-26,27.02,0.28,59.66,2.65
2025-02-27,26.63,0.01,55.62,2.25
2025-02-28,27.12,0.78,59.39,2.36
2025-03-01,27.8,2.06,66.52,2.64
2025-03-02,28.52,0.1,64.15,2.35
2025-03-03,28.03,0.0,63.16,1.8
2025-03-04,28.6,0.0,47.62,2.14
2025-03-05,28.19,0.0,44.76,1.67
2025-03-06,29.12,0.0,43.34,1.35
2025-03-07,28.87,0.01,47.29,1.17
2025-03-08,29.4,0.1,51.56,1.5
2025-03-09,28.29,0.0,46.16,2.32
2025-03-10,27.42,0.0,50.54,2.3
2025-03-11,26.67,14.9,73.38,3.01
2025-03-12,26.08,13.22,80.46,1.55
2025-03-13,27.89,3.02,68.12,1.38
2025-03-14,28.27,0.0,56.83,1.58
2025-03-15,27.88,0.0,55.5,1.48
2025-03-16,28.83,0.02,58.19,1.56
2025-03-17,28.91,0.48,63.65,0.71
2025-03-18,29.7,0.02,59.16,1.54
2025-03-19,29.94,0.05,57.05,2.22
2025-03-20,29.37,0.09,58.21,2.46
2025-03-21,29.5,0.12,60.47,2.01
2025-03-22,29.69,0.48,61.22,2.13
2025-03-23,29.17,1.49,63.86,1.98
2025-03-24,29.35,0.3,59.01,2.1
2025-03-25,29.16,0.15,53.05,1.42
2025-03-26,29.62,0.03,44.82,1.25
2025-03-27,30.83,0.05,49.02,1.08
2025-03-28,31.2,0.0,46.81,1.83
2025-03-29,30.52,0.0,37.85,1.96
2025-03-30,29.7,0.0,34.33,1.82
2025-03-31,30.19,0.0,36.61,1.76
2025-04-01,30.3,0.49,47.42,1.55
2025-04-02,29.77,4.31,56.88,2.13
2025-04-03,28.56,7.33,67.44,1.61
2025-04-04,28.77,5.45,62.6,1.26
2025-04-05,29.53,5.9,61.69,0.87
2025-04-06,29.49,7.87,66.85,0.88
2025-04-07,29.24,7.98,68.03,1.24
2025-04-08,30.03,0.02,58.88,1.09
2025-04-09,29.35,0.03,57.63,1.08
2025-04-10,28.47,0.0,66.84,3.03
2025-04-11,29.35,8.4,65.77,2.6
2025-04-12,28.54,6.55,68.93,2.72
2025-04-13,30.82,0.46,58.38,1.68
2025-04-14,30.58,3.24,58.43,1.14
2025-04-15,29.49,7.37,62.75,1.29
2025-04-16,30.44,0.17,59.04,0.87
2025-04-17,30.66,0.05,59.48,1.56
2025-04-18,30.49,0.41,62.46,2.17
2025-04-19,30.46,0.05,61.99,2.34
2025-04-20,30.27,0.62,62.74,1.83
2025-04-21,29.85,0.27,64.21,1.82
2025-04-22,30.89,0.2,53.63,1.35
2025-04-23,30.54,0.25,58.0,1.57
2025-04-24,31.52,0.16,59.81,1.56
2025-04-25,30.79,0.13,63.13,0.95
2025-04-26,30.21,0.23,64.38,1.4
2025-04-27,29.33,1.76,66.83,1.1
2025-04-28,29.33,0.38,65.42,1.79
2025-04-29,30.01,0.04,61.93,1.25
2025-04-30,29.8,0.07,64.26,1.67
2025-05-01,31.5,0.08,57.58,1.15
2025-05-02,29.89,1.31,67.28,0.63
2025-05-03,30.21,1.14,64.43,1.24
2025-05-04,29.99,1.04,60.06,2.01
2025-05-05,29.34,5.47,66.28,1.5
2025-05-06,29.69,0.67,64.8,2.18
2025-05-07,27.86,6.38,74.4,1.81
2025-05-08,28.87,6.54,70.13,1.59
2025-05-09,31.04,0.18,57.4,1.45
2025-05-10,30.99,0.09,56.99,1.42
2025-05-11,30.94,0.08,57.63,2.47
2025-05-12,30.99,1.4,60.62,2.31
2025-05-13,29.74,2.58,70.4,2.0
2025-05-14,28.5,3.44,72.2,2.2
2025-05-15,28.89,7.75,72.45,2.15
2025-05-16,30.22,2.89,64.76,2.25
2025-05-17,28.76,12.12,68.56,2.52
2025-05-18,25.89,32.32,82.53,2.35
2025-05-19,28.28,3.04,71.24,1.9
2025-05-20,27.22,9.22,76.71,3.27
2025-05-21,27.69,0.78,67.84,4.22
2025-05-22,29.14,0.01,65.21,3.29
2025-05-23,29.16,2.98,70.71,3.98
2025-05-24,28.45,5.86,71.12,5.05
2025-05-25,27.54,5.19,76.85,4.95
2025-05-26,27.72,6.78,73.87,5.28
2025-05-27,28.29,2.62,77.75,4.85
2025-05-28,28.74,1.74,73.56,6.06
2025-05-29,28.38,2.24,67.68,6.06
2025-05-30,27.02,1.14,70.28,5.92
2025-05-31,28.22,0.03,67.15,4.78
2025-06-01,28.78,1.32,68.33,3.7
2025-06-02,28.55,0.78,71.45,3.47
2025-06-03,29.01,1.1,66.33,3.63
2025-06-04,28.41,0.96,65.21,3.75
2025-06-05,29.58,0.23,59.42,2.78
2025-06-06,29.82,0.38,63.53,2.51
2025-06-07,29.72,0.27,64.62,3.39
2025-06-08,29.51,1.34,67.42,2.97
2025-06-09,28.08,4.06,75.82,3.26
2025-06-10,28.35,4.37,72.94,3.94
2025-06-11,27.74,4.25,76.04,4.13
2025-06-12,27.58,2.43,74.75,4.37
2025-06-13,28.01,1.63,68.93,5.61
2025-06-14,27.9,3.03,71.53,5.58
2025-06-15,26.76,2.32,70.41,5.91
2025-06-16,27.38,0.72,67.27,5.87
2025-06-17,27.73,2.37,73.09,4.26
2025-06-18,27.73,3.29,74.53,3.85
2025-06-19,27.64,0.73,75.48,4.42
2025-06-20,27.9,2.36,74.43,3.77
2025-06-21,27.99,0.23,74.05,3.63
2025-06-22,28.11,4.32,72.96,4.2
2025-06-23,27.66,0.41,67.16,5.01
2025-06-24,27.98,0.4,68.78,4.47
2025-06-25,27.55,2.98,72.05,4.24
2025-06-26,27.97,0.42,69.45,4.43
2025-06-27,27.61,0.9,69.75,4.19
2025-06-28,28.01,1.02,70.51,4.43
2025-06-29,28.26,0.04,68.53,4.55
2025-06-30,27.58,0.05,72.49,3.76
2025-07-01,27.67,0.2,72.33,3.53
2025-07-02,27.69,1.1,67.33,4.96
2025-07-03,26.86,0.14,67.65,4.45
2025-07-04,26.97,0.18,69.61,4.41
2025-07-05,27.81,0.18,68.91,4.51
2025-07-06,28.03,0.26,69.95,5.05
2025-07-07,28.17,0.19,70.0,5.09
2025-07-08,28.58,0.12,68.36,4.33
2025-07-09,28.8,0.08,67.62,4.53
2025-07-10,28.79,0.53,67.6,3.94
2025-07-11,28.36,1.79,70.6,4.14
2025-07-12,28.15,1.65,70.53,4.13
2025-07-13,27.39,1.11,73.64,4.17
2025-07-14,27.14,0.14,68.54,4.99
2025-07-15,27.82,0.23,68.06,4.53
2025-07-16,27.98,5.85,69.71,4.69
2025-07-17,27.52,0.55,71.73,4.31
2025-07-18,27.83,0.6,71.33,3.97
2025-07-19,26.28,4.02,75.33,5.16
2025-07-20,26.46,0.55,70.22,5.21
2025-07-21,26.8,0.93,67.56,3.93
2025-07-22,28.0,0.68,68.05,4.25
2025-07-23,27.61,0.55,69.95,5.0
2025-07-24,27.15,0.99,65.5,5.72
2025-07-25,26.98,0.5,65.85,6.14
2025-07-26,27.17,1.36,67.69,5.84
2025-07-27,27.24,0.29,67.26,4.92
2025-07-28,27.98,0.01,63.82,4.64
2025-07-29,28.27,0.0,63.32,5.01
2025-07-30,28.76,0.04,63.85,4.88
2025-07-31,28.94,1.62,66.08,4.57
2025-08-01,28.54,0.52,68.34,3.58
2025-08-02,26.95,3.12,75.72,2.72
2025-08-03,26.57,2.18,78.19,2.72
2025-08-04,27.65,2.38,75.44,2.28
2025-08-05,26.37,5.42,81.83,2.67
2025-08-06,26.85,6.53,74.44,3.83
2025-08-07,27.59,0.68,72.73,4.11
2025-08-08,27.84,2.18,72.86,1.82
2025-08-09,27.08,0.91,77.31,1.83
2025-08-10,26.77,7.03,76.05,2.11
2025-08-11,27.6,0.24,63.98,3.81
2025-08-12,27.42,0.47,64.74,3.78
2025-08-13,26.62,0.34,66.48,4.54
2025-08-14,26.55,0.56,68.63,4.56
2025-08-15,26.93,1.6,68.75,5.32
2025-08-16,27.16,0.96,70.36,4.65
2025-08-17,27.0,2.3,71.64,5.09
2025-08-18,26.65,0.36,70.41,4.96
2025-08-19,27.61,0.09,66.04,5.22
2025-08-20,27.5,0.03,65.14,3.72
2025-08-21,29.05,1.05,63.36,2.4
2025-08-22,27.86,0.96,69.95,2.12
2025-08-23,28.31,1.37,67.41,2.52
2025-08-24,29.09,1.16,63.3,3.01
2025-08-25,28.65,0.1,62.61,2.88
2025-08-26,29.3,0.07,61.93,4.03
2025-08-27,28.19,0.83,66.65,4.78
2025-08-28,27.32,2.17,71.17,4.85
2025-08-29,27.69,0.45,64.26,4.44
2025-08-30,28.48,1.27,67.05,4.28
2025-08-31,27.64,5.69,73.29,3.48
2025-09-01,27.19,0.34,73.46,3.89
2025-09-02,28.16,0.07,66.97,4.51
2025-09-03,28.02,0.45,67.63,4.65
2025-09-04,28.36,0.33,66.73,4.1
2025-09-05,28.7,1.56,66.72,3.54
2025-09-06,29.03,2.78,65.97,3.31
2025-09-07,27.78,3.31,73.2,2.4
2025-09-08,29.17,3.11,65.62,2.32
2025-09-09,28.05,12.74,76.11,1.27
2025-09-10,27.85,28.98,76.51,1.47
2025-09-11,27.82,8.3,75.04,1.76
2025-09-12,27.04,2.24,76.55,1.31
2025-09-13,27.89,0.04,69.5,2.8
2025-09-14,28.18,0.63,66.62,2.84
2025-09-15,27.9,2.69,70.0,2.94
2025-09-16,26.96,2.39,78.84,2.5
2025-09-17,26.8,10.52,79.84,2.98
2025-09-18,26.45,10.91,83.6,2.86
2025-09-19,26.32,12.35,77.1,2.63
2025-09-20,27.55,0.77,68.95,2.67
2025-09-21,27.58,1.66,72.73,2.58
2025-09-22,27.6,0.81,74.08,2.82
2025-09-23,27.66,0.14,71.81,3.61
2025-09-24,28.0,1.23,70.08,3.67
2025-09-25,27.36,6.92,72.61,3.38
2025-09-26,27.49,0.28,69.73,4.38
2025-09-27,27.0,0.69,69.54,4.6
2025-09-28,26.91,0.29,72.51,4.41
2025-09-29,27.68,0.39,70.57,3.86
2025-09-30,27.38,0.0,70.92,3.4
2025-10-01,28.36,0.0,67.29,3.28
2025-10-02,28.18,0.52,69.87,2.78
2025-10-03,27.66,7.1,73.46,1.25
2025-10-04,27.91,0.74,69.62,2.31
2025-10-05,27.06,9.79,73.7,2.13
2025-10-06,26.81,1.74,76.0,1.44
2025-10-07,25.64,1.39,80.21,1.5
2025-10-08,28.08,0.27,69.14,1.11
2025-10-09,27.66,9.13,73.95,1.31
2025-10-10,27.4,3.49,76.26,1.0
2025-10-11,27.24,5.78,78.43,1.48
2025-10-12,26.73,6.98,81.14,1.63
2025-10-13,27.64,2.82,75.38,2.08
2025-10-14,27.12,5.15,77.67,2.52
2025-10-15,26.35,3.48,81.26,1.86
2025-10-16,25.86,6.07,85.64,2.12
2025-10-17,26.05,9.78,85.47,2.76
2025-10-18,25.98,7.8,83.78,2.74
2025-10-19,25.82,7.57,83.27,2.36
2025-10-20,25.23,8.51,86.36,1.94
2025-10-21,25.09,10.56,87.36,1.27
2025-10-22,24.72,35.13,91.17,1.23
2025-10-23,26.22,1.53,82.35,1.58
2025-10-24,25.65,3.8,85.82,1.67
2025-10-25,26.07,0.72,80.56,1.48
2025-10-26,26.34,0.05,82.26,1.21
2025-10-27,25.3,1.8,85.33,2.49
2025-10-28,25.53,0.54,83.6,2.68
2025-10-29,26.41,0.25,79.86,2.6
2025-10-30,26.54,0.01,78.63,1.94
2025-10-31,26.78,0.0,75.82,1.93
2025-11-01,26.38,0.0,73.87,1.64
2025-11-02,26.97,0.0,72.7,2.14
2025-11-03,27.88,0.0,71.74,1.6
2025-11-04,27.44,0.0,73.26,2.07
2025-11-05,26.94,1.18,75.57,0.97
2025-11-06,26.03,7.92,75.08,1.6
2025-11-07,26.13,0.11,72.7,0.85
2025-11-08,25.81,1.16,79.6,1.07
2025-11-09,25.55,0.22,69.52,1.13
2025-11-10,25.59,0.03,73.76,1.14
2025-11-11,26.17,0.81,75.5,1.59
2025-11-12,26.52,0.21,74.64,1.91
2025-11-13,26.34,0.29,75.27,2.13
2025-11-14,25.78,0.8,75.81,2.78
2025-11-15,24.74,0.01,67.81,1.52
2025-11-16,25.54,0.06,74.97,1.99
2025-11-17,24.83,0.89,78.72,1.84
2025-11-18,24.45,8.54,82.95,1.97
2025-11-19,25.65,0.89,77.22,2.6
2025-11-20,25.75,0.01,71.15,1.85
2025-11-21,26.41,7.0,76.84,1.93
2025-11-22,25.01,4.15,86.49,2.1
2025-11-23,24.5,19.67,89.72,2.05
2025-11-24,23.91,10.68,89.78,2.08
2025-11-25,24.32,0.32,80.64,2.26
2025-11-26,24.08,0.0,78.1,2.23
2025-11-27,23.64,0.0,76.43,2.02
2025-11-28,22.65,1.76,76.08,1.71
2025-11-29,22.53,15.05,81.56,1.56
2025-11-30,23.17,2.35,85.4,1.79
2025-12-01,25.96,0.92,76.23,1.01
2025-12-02,25.15,3.42,80.45,1.02
2025-12-03,25.37,5.9,82.95,0.95
2025-12-04,24.78,3.68,79.79,1.04
2025-12-05,24.67,2.85,84.17,2.59
2025-12-06,24.41,0.44,81.77,2.17
2025-12-07,23.99,0.24,79.54,1.84
2025-12-08,23.12,0.02,77.2,1.62
2025-12-09,23.51,0.0,79.6,1.86
2025-12-10,23.98,0.0,73.31,2.03
2025-12-11,23.04,0.0,73.45,1.98
2025-12-12,23.03,0.0,74.41,1.98
2025-12-13,21.93,0.0,70.88,1.64
2025-12-14,21.24,0.0,69.03,1.59
2025-12-15,21.28,0.0,70.74,1.58
2025-12-16,23.56,2.9,81.6,2.23
2025-12-17,25.07,1.13,77.77,2.83
2025-12-18,22.15,0.0,73.96,2.18
2025-12-19,21.9,0.0,73.22,1.86
2025-12-20,21.41,0.0,73.48,1.51
2025-12-21,21.81,0.0,70.93,1.6
2025-12-22,22.13,0.0,71.39,1.74
2025-12-23,22.64,0.0,72.51,1.64
2025-12-24,22.52,0.0,71.86,1.44
2025-12-25,22.42,0.0,69.92,1.5
2025-12-26,23.74,0.0,74.08,2.21
2025-12-27,23.61,0.0,68.37,1.91
2025-12-28,23.79,0.0,70.58,1.75
2025-12-29,24.4,0.0,72.75,1.74
2025-12-30,24.67,0.0,71.41,0.86
2025-12-31,26.01,1.42,68.9,0.67
