Date,Temperature,Rainfall,Humidity,WindSpeed
2005-01-01,21.35,0.0,77.06,1.67
2005-01-02,21.83,0.0,80.03,1.85
2005-01-03,22.76,0.05,80.9,1.8
2005-01-04,21.98,0.01,76.7,2.2
2005-01-05,20.99,0.0,77.08,2.12
2005-01-06,20.51,0.0,78.98,2.21
2005-01-07,21.35,0.0,77.64,2.23
2005-01-08,21.31,0.0,77.71,2.13
2005-01-09,20.78,0.0,76.28,2.1
2005-01-10,20.76,0.0,70.12,1.38
2005-01-11,21.59,0.0,66.11,1.23
2005-01-12,21.82,0.0,68.07,1.6
2005-01-13,21.41,0.0,72.84,1.93
2005-01-14,21.12,0.0,75.4,2.14
2005-01-15,20.66,0.0,72.43,1.88
2005-01-16,20.87,0.0,74.22,1.64
2005-01-17,22.32,0.0,74.24,1.5
2005-01-18,23.81,0.0,72.81,1.49
2005-01-19,24.08,0.0,74.45,1.92
2005-01-20,23.5,0.0,73.06,2.62
2005-01-21,23.7,0.31,74.1,3.08
2005-01-22,23.73,0.27,74.82,2.58
2005-01-23,24.31,0.01,72.84,2.09
2005-01-24,24.76,0.0,71.23,1.89
2005-01-25,24.64,0.0,69.84,2.02
2005-01-26,24.75,0.0,68.8,1.74
2005-01-27,24.16,0.29,71.28,2.08
2005-01-28,22.9,0.07,74.67,1.53
2005-01-29,23.57,0.03,69.81,2.2
2005-01-30,23.95,0.3,70.75,2.31
2005-01-31,23.87,1.24,76.58,2.14
2005-02-01,22.84,3.43,85.23,1.9
2005-02-02,24.65,1.05,76.03,2.44
2005-02-03,24.43,1.77,75.91,2.66
2005-02-04,24.22,0.54,75.61,2.63
2005-02-05,24.61,0.0,68.87,1.95
2005-02-06,24.09,0.0,64.57,1.83
2005-02-07,22.83,0.0,65.78,2.23
2005-02-08,23.15,0.0,69.68,2.73
2005-02-09,23.33,0.0,65.39,2.96
2005-02-10,23.28,0.0,65.11,2.84
2005-02-11,23.39,0.0,64.18,2.56
2005-02-12,23.05,0.0,60.21,2.35
2005-02-13,23.47,0.0,50.08,2.2
2005-02-14,25.15,0.0,37.42,1.85
2005-02-15,26.09,0.0,39.05,1.75
2005-02-16,26.79,0.0,39.03,1.8
2005-02-17,26.77,0.0,44.73,2.06
2005-02-18,26.98,0.0,45.62,2.22
2005-02-19,25.46,0.0,54.8,2.16
2005-02-20,24.8,0.0,59.08,2.1
2005-02-21,24.5,0.0,65.66,2.06
2005-02-22,26.37,0.39,68.28,2.15
2005-02-23,27.14,0.06,64.77,2.27
2005-02-24,27.59,0.0,59.12,2.34
2005-02-25,26.59,0.0,55.25,2.15
2005-02-26,26.64,0.0,52.18,2.15
2005-02-27,26.05,0.0,47.57,2.16
2005-02-28,26.31,0.0,48.99,2.31
2005-03-01,26.24,0.0,58.83,2.43
2005-03-02,26.58,0.0,57.86,2.11
2005-03-03,26.98,0.0,56.98,2.22
2005-03-04,27.19,0.0,61.01,2.32
2005-03-05,27.98,0.0,61.46,2.42
2005-03-06,27.65,0.0,59.94,2.45
2005-03-07,27.64,0.0,60.36,2.51
2005-03-08,26.65,0.12,64.44,2.45
2005-03-09,26.67,0.06,68.45,2.16
2005-03-10,27.07,0.56,63.57,1.51
2005-03-11,26.35,4.75,67.24,1.22
2005-03-12,27.88,0.46,63.78,1.59
2005-03-13,27.91,2.47,66.43,2.2
2005-03-14,27.1,1.81,57.46,2.57
2005-03-15,27.71,0.0,57.76,2.15
2005-03-16,27.25,0.0,54.46,2.11
2005-03-17,26.56,0.0,55.08,2.52
2005-03-18,26.67,0.0,50.22,2.11
2005-03-19,27.53,0.0,51.06,1.97
2005-03-20,28.05,0.0,56.46,1.88
2005-03-21,28.71,0.0,52.9,1.91
2005-03-22,28.61,0.0,53.77,1.79
2005-03-23,30.2,0.0,50.36,2.46
2005-03-24,31.44,0.35,46.28,2.23
2005-03-25,31.39,0.28,50.28,2.1
2005-03-26,31.97,0.0,45.98,2.05
2005-03-27,30.92,0.0,50.97,2.38
2005-03-28,31.04,0.0,48.86,2.29
2005-03-29,32.07,0.0,42.74,1.78
2005-03-30,31.64,0.5,49.87,2.55
2005-03-31,31.42,0.04,49.74,2.65
2005-04-01,30.76,2.06,50.1,2.7
2005-04-02,30.02,0.53,57.79,2.88
2005-04-03,27.45,18.46,73.17,2.51
2005-04-04,25.57,17.57,78.51,3.12
2005-04-05,24.78,21.2,86.8,2.7
2005-04-06,24.77,19.92,84.59,2.17
2005-04-07,25.01,7.86,85.14,0.89
2005-04-08,26.54,0.29,74.77,1.41
2005-04-09,27.84,0.5,68.85,1.69
2005-04-10,27.68,4.82,74.39,1.35
2005-04-11,26.74,1.22,80.69,1.1
2005-04-12,26.57,0.09,82.75,0.97
2005-04-13,27.37,0.05,76.66,1.95
2005-04-14,28.0,0.19,70.43,1.64
2005-04-15,28.18,0.42,67.33,1.66
2005-04-16,27.84,0.01,65.1,1.72
2005-04-17,28.02,0.0,61.67,1.7
2005-04-18,27.68,0.1,64.24,1.66
2005-04-19,28.31,0.23,66.4,1.94
2005-04-20,26.96,1.61,73.99,1.96
2005-04-21,27.14,0.12,67.26,2.07
2005-04-22,27.36,0.0,68.78,1.87
2005-04-23,28.16,0.02,67.03,2.05
2005-04-24,27.97,0.0,67.52,1.18
2005-04-25,27.91,0.68,68.03,0.87
2005-04-26,27.83,13.64,72.14,1.27
2005-04-27,28.39,4.66,69.53,1.14
2005-04-28,30.16,0.06,64.13,1.02
2005-04-29,30.53,0.01,62.18,1.36
2005-04-30,29.97,2.87,67.33,1.87
2005-05-01,29.1,8.01,71.1,1.79
2005-05-02,26.92,2.5,78.8,1.25
2005-05-03,29.1,2.37,67.09,1.3
2005-05-04,26.1,12.74,81.44,1.51
2005-05-05,27.83,9.48,74.41,1.12
2005-05-06,29.28,0.68,67.31,1.61
2005-05-07,29.76,0.15,66.35,1.58
2005-05-08,29.65,0.01,64.96,1.57
2005-05-09,29.46,0.0,60.28,2.53
2005-05-10,30.63,0.17,59.64,3.1
2005-05-11,30.4,0.13,61.81,1.95
2005-05-12,31.05,0.16,59.9,1.82
2005-05-13,30.82,0.01,60.13,2.0
2005-05-14,31.14,0.0,56.52,2.41
2005-05-15,31.63,0.19,50.23,2.75
2005-05-16,30.57,0.12,54.98,2.47
2005-05-17,30.25,0.0,53.68,1.96
2005-05-18,31.59,0.0,50.4,2.27
2005-05-19,31.14,0.0,55.04,1.99
2005-05-20,30.78,0.0,56.95,2.35
2005-05-21,30.7,2.88,60.14,1.75
2005-05-22,31.21,3.85,62.91,1.41
2005-05-23,29.9,11.66,69.3,1.03
2005-05-24,30.37,1.35,62.69,1.66
2005-05-25,29.18,3.07,68.03,1.38
2005-05-26,28.4,7.76,73.15,1.63
2005-05-27,27.3,30.4,77.54,1.41
2005-05-28,28.12,1.38,70.5,1.89
2005-05-29,27.18,2.66,72.59,2.21
2005-05-30,26.98,0.82,74.64,1.81
2005-05-31,27.73,24.44,73.78,0.86
2005-06-01,28.13,3.71,73.43,2.63
2005-06-02,27.69,4.13,75.99,2.77
2005-06-03,27.13,1.58,77.98,2.3
2005-06-04,28.02,6.31,76.71,1.59
2005-06-05,28.77,2.59,70.61,1.35
2005-06-06,27.62,0.02,74.36,1.81
2005-06-07,28.24,0.36,71.79,1.75
2005-06-08,28.94,0.6,69.0,2.1
2005-06-09,26.15,1.99,80.91,2.47
2005-06-10,25.25,4.16,76.42,3.33
2005-06-11,26.92,0.04,73.72,3.64
2005-06-12,28.42,0.02,65.91,3.27
2005-06-13,29.13,0.29,64.18,2.45
2005-06-14,27.8,0.02,70.45,2.33
2005-06-15,28.55,0.0,67.33,2.3
2005-06-16,29.41,0.04,61.57,2.85
2005-06-17,28.97,0.01,64.35,4.25
2005-06-18,27.4,0.05,65.83,4.23
2005-06-19,27.87,0.03,65.48,3.71
2005-06-20,26.83,2.34,71.69,3.56
2005-06-21,26.42,0.22,68.81,4.35
2005-06-22,27.04,0.85,63.96,4.76
2005-06-23,27.21,0.0,61.42,4.1
2005-06-24,27.22,1.29,67.58,3.4
2005-06-25,27.73,0.63,66.35,3.69
2005-06-26,27.33,0.0,66.81,3.76
2005-06-27,27.12,0.01,67.65,3.86
2005-06-28,27.35,0.01,64.78,4.38
2005-06-29,28.31,0.0,61.58,3.79
2005-06-30,27.66,0.76,65.49,3.28
2005-07-01,27.38,1.57,67.95,3.77
2005-07-02,27.28,1.43,67.01,3.56
2005-07-03,27.68,0.1,66.21,3.85
2005-07-04,27.8,0.16,65.69,4.11
2005-07-05,27.35,0.39,65.48,4.7
2005-07-06,27.57,0.21,60.37,4.74
2005-07-07,27.91,0.0,62.26,4.03
2005-07-08,27.84,1.82,65.44,3.9
2005-07-09,27.72,0.51,62.31,4.82
2005-07-10,27.1,5.33,61.76,3.41
2005-07-11,26.97,1.24,65.72,3.54
2005-07-12,27.24,0.88,69.49,2.73
2005-07-13,26.47,5.69,76.99,1.56
2005-07-14,26.38,12.01,78.26,1.17
2005-07-15,25.77,10.53,80.16,1.12
2005-07-16,25.7,14.33,81.84,1.01
2005-07-17,26.05,2.74,80.6,0.94
2005-07-18,27.13,0.12,73.49,1.7
2005-07-19,26.84,0.52,77.71,1.87
2005-07-20,27.27,3.15,74.2,2.38
2005-07-21,27.37,0.12,70.76,3.38
2005-07-22,26.26,2.11,73.4,3.7
2005-07-23,25.47,17.93,76.92,4.08
2005-07-24,25.37,5.56,76.47,4.92
2005-07-25,26.56,3.12,69.96,5.69
2005-07-26,26.34,2.42,69.04,5.6
2005-07-27,27.16,0.9,66.97,5.41
2005-07-28,26.94,1.62,67.35,5.11
2005-07-29,26.39,0.3,68.48,5.49
2005-07-30,26.73,0.99,68.45,5.24
2005-07-31,27.45,1.91,65.8,6.05
2005-08-01,26.81,0.49,68.84,5.55
2005-08-02,26.57,0.37,66.51,5.49
2005-08-03,26.83,0.21,65.31,4.6
2005-08-04,26.78,0.4,67.68,4.2
2005-08-05,26.37,0.28,67.98,4.54
2005-08-06,27.55,0.03,63.16,4.58
2005-08-07,27.57,0.01,64.18,4.32
2005-08-08,27.53,0.08,64.84,4.22
2005-08-09,27.78,0.23,66.42,3.67
2005-08-10,27.08,15.66,71.4,3.88
2005-08-11,27.13,0.96,68.63,4.41
2005-08-12,27.47,1.32,67.9,4.06
2005-08-13,27.06,1.07,69.04,3.86
2005-08-14,26.89,2.7,72.79,3.62
2005-08-15,26.13,9.38,76.28,3.52
2005-08-16,25.41,0.55,72.5,4.45
2005-08-17,27.26,0.19,65.63,4.37
2005-08-18,27.06,0.02,65.93,3.86
2005-08-19,26.74,2.84,69.92,3.59
2005-08-20,27.13,0.02,66.0,3.0
2005-08-21,27.77,1.83,65.62,2.35
2005-08-22,27.06,2.58,71.78,1.37
2005-08-23,25.52,34.4,81.24,1.32
2005-08-24,25.73,8.0,79.46,1.44
2005-08-25,26.14,9.31,74.82,1.84
2005-08-26,25.68,3.63,78.16,2.27
2005-08-27,25.48,25.2,81.31,1.15
2005-08-28,26.78,15.62,77.62,1.04
2005-08-29,26.95,5.14,78.03,0.86
2005-08-30,27.47,1.54,75.25,1.11
2005-08-31,26.49,2.72,79.26,2.01
2005-09-01,26.78,13.84,77.12,1.26
2005-09-02,26.3,18.23,82.14,0.98
2005-09-03,25.76,15.22,85.89,1.05
2005-09-04,25.51,20.02,87.1,1.17
2005-09-05,25.14,2.01,86.03,2.2
2005-09-06,24.79,5.05,86.8,1.53
2005-09-07,25.25,11.99,84.47,1.34
2005-09-08,26.18,5.52,81.69,0.99
2005-09-09,26.27,3.3,82.64,2.67
2005-09-10,25.18,7.53,83.46,3.32
2005-09-11,25.0,1.52,80.28,3.31
2005-09-12,24.96,0.05,82.57,3.35
2005-09-13,25.35,0.52,81.62,3.31
2005-09-14,25.77,0.06,79.72,2.95
2005-09-15,24.94,4.64,80.33,2.08
2005-09-16,25.42,0.14,82.22,1.87
2005-09-17,26.11,0.19,76.76,2.61
2005-09-18,25.76,0.01,75.29,3.63
2005-09-19,25.04,0.37,73.85,5.04
2005-09-20,24.99,2.52,77.68,4.5
2005-09-21,26.12,0.09,76.97,3.0
2005-09-22,26.84,0.03,74.52,2.02
2005-09-23,26.93,0.0,71.9,1.58
2005-09-24,26.99,2.39,72.0,1.65
2005-09-25,26.84,1.06,73.65,1.58
2005-09-26,26.68,0.14,74.91,1.44
2005-09-27,25.84,1.02,79.66,1.46
2005-09-28,26.41,16.08,77.66,1.02
2005-09-29,25.64,8.88,81.7,1.36
2005-09-30,24.92,12.47,84.6,1.4
2005-10-01,25.21,7.35,81.4,1.75
2005-10-02,24.73,2.56,83.47,1.02
2005-10-03,24.9,6.85,78.68,1.38
2005-10-04,25.57,30.82,79.47,0.92
2005-10-05,26.24,8.32,78.64,0.64
2005-10-06,25.76,1.38,81.65,0.91
2005-10-07,25.5,6.68,85.43,1.25
2005-10-08,25.19,28.15,85.49,1.08
2005-10-09,25.12,12.55,83.08,1.51
2005-10-10,23.58,5.78,90.23,1.46
2005-10-11,23.2,13.0,89.43,1.94
2005-10-12,24.04,14.09,89.9,1.15
2005-10-13,23.92,20.95,91.75,2.68
2005-10-14,24.16,7.84,88.32,1.63
2005-10-15,24.81,3.63,85.49,1.18
2005-10-16,24.94,7.05,84.54,0.7
2005-10-17,24.75,21.33,87.98,0.6
2005-10-18,23.58,12.54,92.69,1.01
2005-10-19,24.47,9.22,88.48,1.0
2005-10-20,25.02,2.31,84.79,1.65
2005-10-21,24.42,14.21,89.39,1.01
2005-10-22,24.95,55.85,86.91,0.83
2005-10-23,23.64,25.46,91.52,1.38
2005-10-24,23.96,17.66,90.96,0.69
2005-10-25,23.55,51.14,92.84,0.88
2005-10-26,22.68,4.12,91.02,1.68
2005-10-27,22.86,27.29,91.56,2.98
2005-10-28,23.82,3.01,88.77,3.02
2005-10-29,25.41,1.09,86.9,2.17
2005-10-30,25.04,2.16,89.9,2.35
2005-10-31,25.23,0.62,90.06,1.56
2005-11-01,24.99,7.6,89.24,0.96
2005-11-02,23.56,6.93,91.0,1.07
2005-11-03,23.33,6.54,88.63,1.46
2005-11-04,22.08,11.41,91.25,2.21
2005-11-05,22.71,7.62,91.9,1.98
2005-11-06,23.16,19.67,94.41,2.91
2005-11-07,22.58,25.37,94.04,3.13
2005-11-08,22.38,10.02,93.71,2.74
2005-11-09,22.26,2.08,94.69,2.58
2005-11-10,22.43,0.35,91.41,2.33
2005-11-11,23.09,2.98,94.27,2.5
2005-11-12,22.21,1.56,90.77,2.53
2005-11-13,20.09,0.12,82.76,1.77
2005-11-14,19.72,0.26,86.31,1.87
2005-11-15,20.13,0.0,85.7,1.61
2005-11-16,19.19,0.0,78.31,1.73
2005-11-17,18.63,0.0,80.92,1.7
2005-11-18,18.78,0.0,81.16,1.56
2005-11-19,19.85,0.01,84.92,1.84
2005-11-20,20.41,0.02,86.18,2.24
2005-11-21,20.6,14.92,92.18,3.5
2005-11-22,22.77,17.19,95.83,3.57
2005-11-23,22.32,37.49,94.97,3.75
2005-11-24,21.42,20.64,93.16,3.04
2005-11-25,22.14,16.08,92.92,2.22
2005-11-26,21.94,3.11,91.72,2.65
2005-11-27,21.53,1.14,90.66,2.67
2005-11-28,20.17,0.28,88.66,2.14
2005-11-29,19.34,0.0,87.52,2.08
2005-11-30,20.49,0.0,86.12,1.83
2005-12-01,21.17,0.15,83.61,1.65
2005-12-02,21.73,11.3,90.05,2.31
2005-12-03,22.84,19.45,93.33,2.46
2005-12-04,22.95,6.47,94.93,2.24
2005-12-05,22.38,0.49,91.33,2.31
2005-12-06,21.28,0.02,89.38,2.05
2005-12-07,20.98,0.0,89.94,2.13
2005-12-08,18.83,0.0,81.24,2.08
2005-12-09,20.06,6.12,81.45,2.87
2005-12-10,20.3,5.95,90.97,3.38
2005-12-11,21.56,3.57,93.14,2.93
2005-12-12,21.95,4.54,93.3,2.92
2005-12-13,21.73,5.66,93.06,3.15
2005-12-14,22.09,0.13,89.89,2.39
2005-12-15,20.85,0.0,87.83,2.36
2005-12-16,19.4,0.0,86.87,2.4
2005-12-17,20.35,4.48,90.11,3.23
2005-12-18,21.55,3.43,91.87,3.06
2005-12-19,21.35,1.44,90.21,2.86
2005-12-20,22.88,0.18,89.34,2.35
2005-12-21,22.9,0.09,89.47,2.17
2005-12-22,23.12,0.49,86.38,1.65
2005-12-23,23.33,0.23,84.03,0.81
2005-12-24,22.71,0.0,87.46,1.03
2005-12-25,21.49,0.0,88.48,1.7
2005-12-26,19.81,0.0,85.68,1.61
2005-12-27,18.65,0.0,82.87,1.44
2005-12-28,19.58,0.16,88.02,1.81
2005-12-29,18.81,0.03,83.67,1.38
2005-12-30,18.72,0.0,86.22,1.7
2005-12-31,19.43,0.01,85.76,2.23
2006-01-01,18.7,0.0,84.95,2.07
2006-01-02,19.04,0.0,86.16,1.88
2006-01-03,19.3,0.0,87.0,1.77
2006-01-04,20.06,0.28,87.08,1.76
2006-01-05,21.31,0.98,89.41,2.52
2006-01-06,20.71,0.0,86.82,2.49
2006-01-07,22.17,0.34,89.78,2.36
2006-01-08,22.2,3.36,93.16,2.13
2006-01-09,22.87,0.24,89.6,2.32
2006-01-10,21.36,0.01,86.57,2.36
2006-01-11,19.89,0.0,85.69,2.13
2006-01-12,20.39,0.0,86.29,2.04
2006-01-13,19.96,0.0,86.44,1.97
2006-01-14,20.51,0.07,84.52,1.65
2006-01-15,21.24,0.0,85.15,1.61
2006-01-16,21.51,0.0,85.27,1.43
2006-01-17,21.63,0.0,82.88,1.17
2006-01-18,20.26,0.0,76.56,1.63
2006-01-19,19.58,0.0,70.62,1.44
2006-01-20,20.05,0.0,68.58,1.6
2006-01-21,20.3,0.0,70.26,1.64
2006-01-22,20.63,0.0,68.86,1.26
2006-01-23,20.63,0.0,63.87,1.13
2006-01-24,20.78,0.0,67.71,1.23
2006-01-25,20.09,0.0,76.46,1.64
2006-01-26,19.38,0.05,81.43,1.88
2006-01-27,20.99,0.12,85.62,2.7
2006-01-28,19.65,0.0,80.3,2.26
2006-01-29,18.39,0.0,76.95,1.71
2006-01-30,18.61,0.0,79.03,1.63
2006-01-31,18.74,0.0,81.44,1.95
2006-02-01,19.45,0.0,81.76,2.21
2006-02-02,19.9,0.0,81.41,2.17
2006-02-03,20.83,0.0,81.67,1.97
2006-02-04,22.23,0.0,84.21,2.3
2006-02-05,22.06,0.0,74.98,2.15
2006-02-06,20.3,0.0,67.24,1.87
2006-02-07,19.78,0.0,68.53,1.82
2006-02-08,19.46,0.0,73.78,1.95
2006-02-09,20.1,0.0,72.67,1.66
2006-02-10,20.59,0.0,70.47,1.98
2006-02-11,21.02,0.0,73.18,2.1
2006-02-12,20.78,0.0,70.9,2.15
2006-02-13,20.32,0.0,68.13,1.82
2006-02-14,21.02,0.0,61.0,1.77
2006-02-15,21.86,0.0,63.81,1.37
2006-02-16,22.53,0.0,66.14,1.32
2006-02-17,23.1,0.0,67.88,1.61
2006-02-18,23.05,0.0,69.31,1.89
2006-02-19,23.62,0.0,64.05,1.72
2006-02-20,23.9,0.0,60.55,1.83
2006-02-21,22.95,0.0,64.53,1.81
2006-02-22,22.86,0.0,59.52,2.03
2006-02-23,22.7,0.0,55.08,1.95
2006-02-24,22.97,0.0,50.12,1.86
2006-02-25,23.65,0.0,48.29,1.53
2006-02-26,23.54,0.0,53.79,1.62
2006-02-27,25.2,0.0,62.9,1.48
2006-02-28,25.84,0.0,71.46,1.85
2006-03-01,26.88,0.0,68.77,1.87
2006-03-02,26.78,0.73,70.48,2.05
2006-03-03,25.26,12.74,83.16,2.2
2006-03-04,26.29,3.76,70.62,1.89
2006-03-05,26.77,6.24,71.82,1.77
2006-03-06,25.61,23.39,75.94,1.61
2006-03-07,25.28,0.3,71.37,1.83
2006-03-08,25.41,0.0,67.98,1.83
2006-03-09,25.12,3.05,76.25,1.77
2006-03-10,25.84,3.88,74.72,1.64
2006-03-11,26.18,4.42,77.01,1.37
2006-03-12,26.53,0.93,72.67,1.75
2006-03-13,26.08,0.0,73.04,1.47
2006-03-14,26.42,0.0,72.12,1.87
2006-03-15,26.7,0.0,69.5,1.94
2006-03-16,26.32,0.0,71.17,1.46
2006-03-17,26.95,0.0,67.46,1.38
2006-03-18,27.14,0.0,63.77,1.96
2006-03-19,26.37,0.0,67.4,2.31
2006-03-20,26.3,0.0,63.55,2.24
2006-03-21,26.35,0.0,59.74,2.07
2006-03-22,26.36,0.0,56.86,1.72
2006-03-23,27.18,0.11,56.58,2.06
2006-03-24,27.72,0.03,56.39,1.78
2006-03-25,27.57,0.0,58.79,1.59
2006-03-26,27.96,0.0,54.69,1.54
2006-03-27,28.5,0.0,53.36,2.01
2006-03-28,27.89,0.0,56.8,2.05
2006-03-29,28.01,0.0,61.08,2.1
2006-03-30,28.91,0.0,60.84,2.25
2006-03-31,28.84,0.0,54.17,1.86
2006-04-01,28.9,0.0,51.73,2.14
2006-04-02,29.07,0.0,51.2,2.25
2006-04-03,29.39,0.34,52.63,2.09
2006-04-04,29.83,0.01,49.68,2.15
2006-04-05,30.18,0.0,49.85,2.1
2006-04-06,31.17,0.0,46.7,2.04
2006-04-07,31.59,0.0,44.57,1.97
2006-04-08,31.51,0.0,49.66,2.18
2006-04-09,30.94,0.0,52.31,2.54
2006-04-10,30.49,0.0,53.58,2.51
2006-04-11,30.54,0.0,52.54,2.06
2006-04-12,31.49,0.0,51.26,2.22
2006-04-13,30.67,0.0,52.94,2.33
2006-04-14,29.07,0.18,61.76,2.66
2006-04-15,27.92,11.54,65.92,2.02
2006-04-16,25.93,6.41,78.63,1.95
2006-04-17,26.22,8.07,77.04,1.85
2006-04-18,28.05,1.31,69.67,1.74
2006-04-19,28.69,0.1,64.21,1.77
2006-04-20,28.62,0.05,62.07,1.89
2006-04-21,28.39,0.0,58.92,1.92
2006-04-22,28.08,0.0,52.8,1.75
2006-04-23,28.93,0.0,51.61,1.97
2006-04-24,29.78,0.0,47.92,2.0
2006-04-25,31.13,0.14,44.56,1.52
2006-04-26,32.58,0.42,43.84,1.33
2006-04-27,33.64,0.0,41.01,1.21
2006-04-28,34.79,0.0,39.36,1.68
2006-04-29,33.73,0.0,41.6,2.24
2006-04-30,34.65,0.0,35.74,2.66
2006-05-01,34.61,0.0,36.21,3.02
2006-05-02,33.01,4.6,47.19,2.25
2006-05-03,29.12,1.4,67.09,1.88
2006-05-04,28.28,0.55,64.15,2.0
2006-05-05,28.18,0.07,65.51,2.41
2006-05-06,29.93,0.11,60.73,2.01
2006-05-07,30.84,0.16,54.61,2.28
2006-05-08,30.76,0.73,52.99,2.56
2006-05-09,29.69,6.69,53.1,2.56
2006-05-10,29.11,9.21,62.34,1.96
2006-05-11,30.25,7.61,61.18,1.3
2006-05-12,29.79,12.64,64.46,1.6
2006-05-13,28.02,5.71,71.46,1.97
2006-05-14,29.19,0.03,63.38,1.44
2006-05-15,30.25,0.48,58.24,1.43
2006-05-16,29.28,14.46,67.28,1.19
2006-05-17,29.17,5.29,69.14,2.25
2006-05-18,27.64,16.09,76.39,1.95
2006-05-19,29.01,0.66,66.38,2.84
2006-05-20,27.99,0.0,62.41,2.84
2006-05-21,29.06,0.69,57.93,2.81
2006-05-22,30.57,0.07,56.26,3.14
2006-05-23,31.03,0.21,54.79,3.08
2006-05-24,29.8,0.24,57.06,3.92
2006-05-25,26.83,5.3,68.77,3.64
2006-05-26,26.98,9.18,70.42,3.99
2006-05-27,26.28,1.54,68.95,4.63
2006-05-28,26.35,2.03,72.62,3.68
2006-05-29,27.49,2.68,69.82,3.97
2006-05-30,27.59,0.97,68.37,3.98
2006-05-31,27.81,3.19,64.29,4.26
2006-06-01,27.59,2.17,66.49,4.05
2006-06-02,27.45,1.72,68.42,3.16
2006-06-03,27.61,7.82,68.12,3.69
2006-06-04,27.08,1.32,66.76,3.35
2006-06-05,27.12,0.11,64.58,3.65
2006-06-06,26.76,5.82,65.75,3.2
2006-06-07,26.35,1.61,70.22,2.85
2006-06-08,28.27,0.01,62.44,2.21
2006-06-09,29.09,0.11,62.34,2.24
2006-06-10,28.33,0.02,63.79,1.94
2006-06-11,28.58,0.0,63.89,2.15
2006-06-12,29.09,0.54,61.82,2.72
2006-06-13,27.67,5.07,64.79,2.94
2006-06-14,27.23,1.1,70.36,1.92
2006-06-15,27.09,2.79,74.36,1.74
2006-06-16,27.3,9.52,73.25,1.73
2006-06-17,27.54,5.08,70.15,1.18
2006-06-18,28.13,2.08,70.75,1.14
2006-06-19,27.84,27.41,74.96,1.11
2006-06-20,26.29,9.82,75.36,2.0
2006-06-21,26.17,0.48,77.37,1.49
2006-06-22,26.74,3.07,76.17,1.39
2006-06-23,26.41,0.77,79.2,2.77
2006-06-24,27.32,0.16,71.17,3.43
2006-06-25,27.07,3.67,70.61,4.29
2006-06-26,25.78,0.52,74.12,3.77
2006-06-27,27.32,0.26,71.71,3.59
2006-06-28,27.1,0.15,71.66,4.08
2006-06-29,27.44,0.95,69.11,4.14
2006-06-30,26.13,0.56,71.72,4.28
2006-07-01,27.77,0.01,65.07,5.26
2006-07-02,27.11,0.03,67.23,5.83
2006-07-03,27.87,0.02,62.89,6.17
2006-07-04,28.14,0.8,61.46,6.15
2006-07-05,27.88,0.02,61.18,5.28
2006-07-06,27.99,0.04,62.72,4.85
2006-07-07,28.0,0.17,63.23,4.37
2006-07-08,28.85,0.11,62.99,4.38
2006-07-09,28.28,0.27,64.15,4.3
2006-07-10,27.89,0.27,63.71,4.37
2006-07-11,28.15,1.04,62.49,4.74
2006-07-12,27.14,6.41,67.57,4.44
2006-07-13,26.6,2.78,68.41,4.72
2006-07-14,26.55,2.63,72.23,4.17
2006-07-15,27.13,9.9,71.75,4.48
2006-07-16,27.52,0.19,67.41,4.61
2006-07-17,28.0,0.91,62.94,4.99
2006-07-18,27.4,7.49,65.65,4.9
2006-07-19,27.79,1.61,66.17,3.71
2006-07-20,27.72,2.26,66.89,4.22
2006-07-21,27.76,0.02,64.98,4.17
2006-07-22,27.37,0.0,65.1,3.73
2006-07-23,27.59,0.5,60.73,4.09
2006-07-24,28.52,0.21,61.6,3.08
2006-07-25,27.72,0.27,66.28,1.7
2006-07-26,25.75,4.37,75.53,2.31
2006-07-27,26.06,2.46,70.16,3.99
2006-07-28,25.97,0.78,63.9,5.2
2006-07-29,27.58,0.05,57.72,5.2
2006-07-30,27.94,0.01,61.12,4.19
2006-07-31,27.6,0.21,62.88,4.28
2006-08-01,28.62,0.1,58.5,3.99
2006-08-02,27.69,0.01,59.36,4.56
2006-08-03,27.51,0.33,62.62,4.6
2006-08-04,28.23,0.04,61.29,4.39
2006-08-05,27.73,0.01,62.21,4.26
2006-08-06,28.61,0.66,58.32,3.79
2006-08-07,29.02,0.09,57.39,2.78
2006-08-08,27.84,0.31,58.89,3.85
2006-08-09,27.7,2.06,59.74,4.29
2006-08-10,27.51,0.29,62.16,4.49
2006-08-11,27.65,1.71,62.95,5.13
2006-08-12,26.82,3.48,66.86,4.92
2006-08-13,27.34,2.41,66.07,4.91
2006-08-14,27.05,1.11,64.87,4.65
2006-08-15,27.85,1.1,63.18,5.21
2006-08-16,27.9,1.22,60.9,5.86
2006-08-17,28.31,0.49,59.9,5.27
2006-08-18,27.78,2.81,64.45,3.88
2006-08-19,28.21,4.67,65.85,1.95
2006-08-20,27.64,8.92,69.53,2.34
2006-08-21,26.22,7.54,77.86,1.56
2006-08-22,27.86,1.56,66.8,1.58
2006-08-23,25.46,1.13,74.08,1.67
2006-08-24,26.51,4.59,68.75,1.62
2006-08-25,26.4,10.64,73.12,1.81
2006-08-26,26.67,5.0,71.38,2.76
2006-08-27,27.43,0.05,61.54,3.45
2006-08-28,27.34,0.44,63.67,3.7
2006-08-29,27.3,0.15,61.77,3.73
2006-08-30,27.17,0.15,63.76,3.34
2006-08-31,28.55,0.22,61.92,2.3
2006-09-01,28.68,7.4,64.01,1.64
2006-09-02,27.34,6.67,72.2,1.6
2006-09-03,27.1,4.72,75.96,0.97
2006-09-04,25.75,1.42,81.21,1.67
2006-09-05,26.17,0.01,72.51,2.28
2006-09-06,26.28,13.69,76.07,1.6
2006-09-07,26.02,2.48,78.92,1.84
2006-09-08,26.1,0.82,76.79,1.85
2006-09-09,26.26,2.08,72.39,2.06
2006-09-10,26.12,1.33,77.19,1.44
2006-09-11,26.89,0.8,72.58,2.06
2006-09-12,27.34,0.83,72.38,1.99
2006-09-13,25.78,2.25,80.39,2.32
2006-09-14,25.37,3.02,79.26,2.86
2006-09-15,24.67,0.83,79.89,2.81
2006-09-16,25.6,0.83,74.36,3.7
2006-09-17,26.13,0.67,71.6,3.32
2006-09-18,27.1,0.21,65.79,4.13
2006-09-19,27.34,1.39,65.27,3.92
2006-09-20,27.69,0.49,65.99,3.3
2006-09-21,27.47,0.22,65.64,3.41
2006-09-22,27.16,0.06,66.02,3.13
2006-09-23,27.38,0.46,67.68,2.13
2006-09-24,25.57,4.14,78.26,1.68
2006-09-25,25.48,3.94,75.97,3.01
2006-09-26,26.53,1.46,70.21,3.28
2006-09-27,27.11,1.67,62.99,2.42
2006-09-28,28.0,0.72,67.65,2.33
2006-09-29,27.47,1.1,67.03,2.1
2006-09-30,27.36,3.32,67.36,2.41
2006-10-01,28.24,1.41,65.29,2.51
2006-10-02,27.97,8.75,68.92,1.99
2006-10-03,27.97,0.55,68.47,1.58
2006-10-04,27.68,3.26,69.68,1.82
2006-10-05,27.53,0.39,68.18,2.5
2006-10-06,27.69,4.19,70.03,2.31
2006-10-07,26.74,4.74,76.69,1.53
2006-10-08,26.48,10.52,79.78,1.7
2006-10-09,27.28,2.38,71.36,1.45
2006-10-10,26.92,0.91,72.29,1.16
2006-10-11,27.09,3.04,71.01,1.08
2006-10-12,27.17,1.34,66.27,1.47
2006-10-13,26.25,0.1,68.65,1.52
2006-10-14,26.5,0.15,69.24,1.61
2006-10-15,26.02,3.28,75.87,1.81
2006-10-16,25.51,2.25,79.93,1.89
2006-10-17,25.85,2.48,77.88,1.8
2006-10-18,25.63,4.33,78.76,2.1
2006-10-19,25.01,5.04,83.31,1.83
2006-10-20,24.76,6.46,81.92,1.64
2006-10-21,24.85,2.43,80.18,1.89
2006-10-22,24.63,0.83,78.35,2.23
2006-10-23,24.71,8.03,81.68,2.45
2006-10-24,24.19,3.84,82.37,2.51
2006-10-25,24.39,18.7,84.53,2.88
2006-10-26,24.11,15.48,85.16,2.91
2006-10-27,23.54,19.12,90.4,3.01
2006-10-28,23.81,21.34,90.43,1.67
2006-10-29,24.33,9.12,87.25,1.12
2006-10-30,24.03,1.42,90.32,1.66
2006-10-31,23.98,0.6,90.89,1.85
2006-11-01,24.28,10.97,85.27,1.57
2006-11-02,23.58,8.13,90.66,2.08
2006-11-03,22.69,10.47,89.38,1.84
2006-11-04,23.11,11.52,89.21,1.58
2006-11-05,23.78,2.56,87.19,1.66
2006-11-06,23.96,9.96,88.26,1.84
2006-11-07,22.14,4.06,87.09,1.57
2006-11-08,22.79,2.04,87.89,1.95
2006-11-09,22.89,2.59,91.45,1.38
2006-11-10,23.48,2.8,88.86,2.28
2006-11-11,23.25,1.63,89.11,2.25
2006-11-12,23.92,2.49,87.67,3.1
2006-11-13,23.51,1.96,88.83,2.34
2006-11-14,23.49,1.51,86.91,2.26
2006-11-15,23.19,4.05,88.78,2.64
2006-11-16,23.52,1.01,86.24,2.62
2006-11-17,23.83,8.73,87.81,2.9
2006-11-18,23.5,9.11,90.06,2.93
2006-11-19,24.07,1.5,88.26,1.99
2006-11-20,23.77,2.79,87.28,2.57
2006-11-21,22.76,0.47,84.16,2.05
2006-11-22,22.41,0.36,83.23,1.5
2006-11-23,23.15,2.74,82.93,1.58
2006-11-24,22.24,0.39,80.22,1.56
2006-11-25,23.0,0.19,83.94,1.73
2006-11-26,24.21,2.13,84.9,1.66
2006-11-27,23.83,1.76,87.32,1.77
2006-11-28,23.73,0.37,83.12,2.04
2006-11-29,23.27,0.07,83.91,2.37
2006-11-30,22.81,0.06,80.63,2.4
2006-12-01,21.4,0.01,79.97,2.29
2006-12-02,21.59,0.0,81.1,2.12
2006-12-03,22.57,0.04,83.44,2.72
2006-12-04,22.2,0.0,81.97,2.55
2006-12-05,21.75,0.0,80.91,2.37
2006-12-06,20.5,0.0,80.0,2.21
2006-12-07,20.51,0.0,79.19,2.39
2006-12-08,21.14,0.0,79.06,2.39
2006-12-09,21.05,1.88,79.41,2.21
2006-12-10,22.52,9.63,87.26,3.0
2006-12-11,23.56,4.77,88.38,2.45
2006-12-12,23.83,1.07,84.35,2.18
2006-12-13,23.1,0.0,81.2,2.53
2006-12-14,21.97,0.0,81.41,2.66
2006-12-15,21.28,0.0,80.48,2.57
2006-12-16,20.78,0.0,78.87,2.84
2006-12-17,20.85,0.0,75.95,2.67
2006-12-18,20.67,0.0,76.59,2.23
2006-12-19,20.34,0.0,79.33,2.33
2006-12-20,20.92,0.01,77.78,2.59
2006-12-21,21.3,0.27,76.99,2.62
2006-12-22,21.34,0.07,79.56,3.0
2006-12-23,21.57,0.05,80.44,2.95
2006-12-24,21.9,0.0,78.3,2.72
2006-12-25,21.4,0.0,78.47,2.54
2006-12-26,21.28,0.0,78.25,2.39
2006-12-27,20.79,0.0,76.98,2.13
2006-12-28,20.39,0.0,75.87,1.88
2006-12-29,20.15,0.0,73.38,1.7
2006-12-30,19.89,0.0,73.0,1.78
2006-12-31,20.28,0.0,73.08,1.65
2007-01-01,20.26,0.0,70.79,1.57
2007-01-02,20.03,0.0,69.72,2.0
2007-01-03,20.23,0.0,72.21,1.64
2007-01-04,21.08,0.0,68.09,1.55
2007-01-05,20.89,0.0,74.7,1.98
2007-01-06,20.64,0.0,76.66,2.33
2007-01-07,20.98,0.0,73.55,2.53
2007-01-08,21.52,0.0,70.42,2.68
2007-01-09,22.54,0.0,76.05,3.13
2007-01-10,22.39,0.0,75.1,2.58
2007-01-11,22.88,0.0,76.14,2.57
2007-01-12,22.46,0.0,72.15,2.55
2007-01-13,20.93,0.0,70.24,2.27
2007-01-14,21.72,0.0,71.28,2.22
2007-01-15,23.15,0.0,72.33,2.06
2007-01-16,23.26,0.0,67.44,1.74
2007-01-17,22.48,0.0,64.78,2.0
2007-01-18,22.04,0.0,64.94,2.23
2007-01-19,22.13,0.0,67.28,2.05
2007-01-20,23.06,0.0,70.31,1.99
2007-01-21,22.25,0.0,68.2,2.06
2007-01-22,22.13,0.0,60.96,1.57
2007-01-23,23.26,0.0,58.28,1.94
2007-01-24,23.04,0.0,70.39,2.22
2007-01-25,23.13,0.0,72.05,2.7
2007-01-26,23.35,0.0,70.45,2.52
2007-01-27,24.13,0.75,74.64,2.97
2007-01-28,24.12,0.17,71.79,2.84
2007-01-29,23.94,0.0,71.22,2.95
2007-01-30,23.37,0.0,69.6,2.4
2007-01-31,22.67,0.0,66.8,2.17
2007-02-01,22.64,0.0,61.56,2.14
2007-02-02,22.43,0.0,69.47,2.28
2007-02-03,23.42,0.0,64.88,2.11
2007-02-04,23.67,0.0,60.5,1.74
2007-02-05,23.6,0.0,59.53,1.84
2007-02-06,23.17,0.0,59.34,1.85
2007-02-07,23.63,0.0,58.15,2.01
2007-02-08,23.23,0.0,61.2,2.09
2007-02-09,22.45,0.0,64.8,2.55
2007-02-10,23.13,0.16,68.55,2.52
2007-02-11,24.08,0.02,69.93,2.15
2007-02-12,25.83,0.0,66.75,1.96
2007-02-13,26.84,0.62,62.53,2.11
2007-02-14,27.64,0.02,53.54,1.37
2007-02-15,27.7,0.0,57.75,1.82
2007-02-16,27.32,0.0,59.09,1.73
2007-02-17,26.0,5.19,69.1,2.26
2007-02-18,25.46,2.64,70.4,2.82
2007-02-19,24.95,0.02,67.48,3.27
2007-02-20,24.33,0.0,63.63,2.98
2007-02-21,23.77,0.0,60.8,2.47
2007-02-22,23.56,0.0,58.51,2.3
2007-02-23,23.27,0.0,57.17,2.28
2007-02-24,23.72,0.0,60.89,2.26
2007-02-25,25.13,0.0,58.23,2.1
2007-02-26,26.42,0.02,58.05,2.05
2007-02-27,27.25,0.03,57.97,2.22
2007-02-28,26.27,0.0,55.63,2.39
2007-03-01,27.13,0.0,57.72,1.36
2007-03-02,28.09,0.0,56.09,1.55
2007-03-03,28.31,0.0,57.31,2.41
2007-03-04,27.66,0.0,59.24,2.64
2007-03-05,27.4,0.0,55.29,2.17
2007-03-06,27.09,0.0,51.59,2.19
2007-03-07,27.17,0.03,57.3,2.23
2007-03-08,27.33,0.0,54.97,2.38
2007-03-09,27.28,0.0,57.7,2.89
2007-03-10,27.31,0.0,58.38,2.85
2007-03-11,27.09,0.0,58.73,2.6
2007-03-12,26.1,0.0,54.53,2.48
2007-03-13,26.66,0.0,57.71,2.05
2007-03-14,27.5,0.0,57.55,2.41
2007-03-15,28.03,0.0,55.87,2.2
2007-03-16,28.44,0.0,56.84,2.5
2007-03-17,28.53,0.0,52.66,2.13
2007-03-18,28.14,0.0,50.67,2.01
2007-03-19,28.42,0.0,48.17,2.03
2007-03-20,28.5,0.0,45.53,2.09
2007-03-21,28.78,0.0,42.07,2.11
2007-03-22,28.78,0.0,48.81,2.34
2007-03-23,28.21,0.0,52.96,2.24
2007-03-24,29.56,0.0,44.57,2.09
2007-03-25,30.5,0.0,41.03,2.15
2007-03-26,30.38,0.09,42.47,2.16
2007-03-27,30.23,0.0,44.47,2.25
2007-03-28,29.93,0.0,46.69,2.01
2007-03-29,29.14,0.0,45.59,2.3
2007-03-30,28.52,0.0,49.57,2.48
2007-03-31,28.31,0.0,57.41,2.48
2007-04-01,30.2,0.02,54.48,2.53
2007-04-02,30.8,0.0,46.74,2.32
2007-04-03,29.97,0.0,45.01,2.19
2007-04-04,29.49,0.0,51.52,2.39
2007-04-05,29.38,0.0,53.27,2.55
2007-04-06,28.84,0.0,56.39,2.61
2007-04-07,29.2,0.0,55.18,2.61
2007-04-08,29.66,0.0,54.96,2.85
2007-04-09,29.62,0.08,56.9,3.13
2007-04-10,29.71,0.01,59.06,2.84
2007-04-11,29.96,0.45,58.56,2.65
2007-04-12,29.81,5.88,55.55,2.13
2007-04-13,29.95,4.23,55.23,2.3
2007-04-14,28.91,1.1,61.26,2.06
2007-04-15,28.71,0.24,60.62,2.49
2007-04-16,29.16,0.01,56.15,2.65
2007-04-17,30.18,1.36,53.02,1.7
2007-04-18,29.01,5.57,62.97,1.64
2007-04-19,27.96,14.79,73.68,1.62
2007-04-20,28.46,2.99,70.84,1.78
2007-04-21,27.62,37.95,75.87,1.34
2007-04-22,27.59,0.74,73.41,1.14
2007-04-23,28.78,1.41,65.89,1.29
2007-04-24,28.69,0.39,65.72,1.33
2007-04-25,29.5,0.0,57.44,1.96
2007-04-26,28.5,0.0,64.06,2.1
2007-04-27,29.01,0.0,65.34,2.36
2007-04-28,29.48,0.0,62.1,2.07
2007-04-29,30.47,0.0,56.66,1.95
2007-04-30,29.94,0.02,56.01,1.55
2007-05-01,30.33,3.7,54.63,1.56
2007-05-02,30.19,6.24,63.32,1.21
2007-05-03,28.89,5.74,72.35,1.14
2007-05-04,28.31,0.93,72.79,1.77
2007-05-05,28.43,0.11,72.22,0.98
2007-05-06,28.95,12.39,69.33,1.52
2007-05-07,28.16,2.32,68.66,1.35
2007-05-08,28.49,0.23,63.44,2.17
2007-05-09,28.63,0.5,66.1,3.2
2007-05-10,31.04,0.0,55.88,3.23
2007-05-11,30.41,0.0,59.64,3.44
2007-05-12,26.92,0.09,71.59,4.09
2007-05-13,31.22,0.0,54.11,2.75
2007-05-14,31.51,2.01,53.84,3.78
2007-05-15,31.97,0.03,52.05,3.05
2007-05-16,32.37,0.0,48.39,2.11
2007-05-17,32.1,0.0,48.56,2.15
2007-05-18,32.24,0.0,51.46,2.02
2007-05-19,32.37,0.0,48.86,1.16
2007-05-20,32.35,0.0,47.78,1.67
2007-05-21,31.45,0.0,48.88,2.3
2007-05-22,30.91,0.62,54.33,1.91
2007-05-23,30.13,2.97,58.31,1.34
2007-05-24,27.97,9.14,69.57,1.48
2007-05-25,26.8,15.61,76.74,2.13
2007-05-26,26.92,5.44,76.26,2.03
2007-05-27,28.57,6.01,68.77,1.86
2007-05-28,27.59,0.61,67.99,2.69
2007-05-29,26.92,1.07,70.93,1.88
2007-05-30,28.85,0.8,64.27,2.2
2007-05-31,29.86,0.01,59.35,1.89
2007-06-01,31.01,0.0,55.01,1.53
2007-06-02,30.45,0.3,58.92,2.15
2007-06-03,29.27,6.43,63.55,2.03
2007-06-04,29.51,0.26,64.35,1.5
2007-06-05,29.85,7.53,63.41,1.1
2007-06-06,29.32,2.23,66.89,1.39
2007-06-07,28.01,1.1,71.2,1.52
2007-06-08,28.5,3.66,64.87,2.41
2007-06-09,28.5,0.34,67.89,2.22
2007-06-10,27.97,0.14,71.77,2.18
2007-06-11,28.98,0.49,64.84,1.9
2007-06-12,28.62,0.2,66.44,1.86
2007-06-13,29.77,0.04,62.8,2.02
2007-06-14,28.02,0.15,67.9,2.24
2007-06-15,26.95,0.68,71.73,1.15
2007-06-16,25.9,1.27,79.05,2.06
2007-06-17,28.17,0.33,67.58,2.17
2007-06-18,26.89,1.43,73.81,2.39
2007-06-19,26.43,0.39,72.0,3.23
2007-06-20,26.21,0.57,68.62,4.09
2007-06-21,25.8,3.22,67.85,4.09
2007-06-22,25.9,8.19,73.6,5.92
2007-06-23,27.13,0.27,67.92,4.72
2007-06-24,27.55,0.58,67.64,3.31
2007-06-25,27.56,0.05,65.01,3.35
2007-06-26,27.75,1.86,65.06,3.89
2007-06-27,26.43,0.52,67.07,4.75
2007-06-28,26.81,2.5,65.69,5.12
2007-06-29,27.45,1.46,59.85,6.39
2007-06-30,27.02,0.43,63.49,4.68
2007-07-01,26.61,1.79,69.06,4.22
2007-07-02,28.73,0.31,61.13,4.83
2007-07-03,28.01,0.03,60.59,5.0
2007-07-04,28.54,1.14,59.49,4.78
2007-07-05,28.1,0.92,58.28,4.52
2007-07-06,27.93,0.11,62.89,4.48
2007-07-07,28.11,0.0,60.78,4.67
2007-07-08,27.99,0.19,60.49,4.47
2007-07-09,29.26,0.79,58.05,4.33
2007-07-10,27.52,0.98,66.91,3.45
2007-07-11,27.98,1.28,67.39,3.14
2007-07-12,28.04,3.11,66.41,4.06
2007-07-13,27.44,3.91,69.13,4.31
2007-07-14,28.19,0.02,65.17,4.33
2007-07-15,27.66,0.15,65.0,4.65
2007-07-16,27.22,0.87,68.56,3.89
2007-07-17,27.02,5.4,69.8,3.79
2007-07-18,27.84,1.26,68.45,2.03
2007-07-19,25.78,36.1,79.64,1.36
2007-07-20,25.28,7.21,80.89,2.1
2007-07-21,26.13,17.4,75.51,1.81
2007-07-22,25.32,9.1,79.41,1.5
2007-07-23,25.12,5.37,81.54,1.24
2007-07-24,25.54,4.87,79.71,1.49
2007-07-25,25.45,1.1,79.86,1.7
2007-07-26,25.92,2.04,76.61,1.26
2007-07-27,26.27,2.7,78.81,1.92
2007-07-28,26.03,14.93,79.71,2.2
2007-07-29,25.68,7.9,78.21,2.11
2007-07-30,24.87,12.9,81.31,2.34
2007-07-31,24.66,19.88,83.33,2.15
2007-08-01,24.4,7.97,83.26,3.04
2007-08-02,25.02,8.6,80.11,3.1
2007-08-03,25.4,0.7,77.19,3.2
2007-08-04,25.55,3.77,77.76,3.61
2007-08-05,24.89,5.44,80.94,4.01
2007-08-06,24.55,0.74,80.65,4.13
2007-08-07,25.63,0.17,74.24,4.67
2007-08-08,26.17,0.76,73.31,4.5
2007-08-09,25.81,2.26,77.48,3.7
2007-08-10,25.85,0.27,76.23,3.52
2007-08-11,26.09,3.03,74.43,3.66
2007-08-12,25.53,0.44,73.82,3.83
2007-08-13,25.94,0.0,69.91,3.3
2007-08-14,26.67,0.0,69.22,2.71
2007-08-15,26.64,0.2,70.48,1.72
2007-08-16,26.8,4.31,72.84,1.38
2007-08-17,24.47,2.33,84.63,1.88
2007-08-18,25.6,2.89,78.13,2.3
2007-08-19,26.67,0.66,70.77,2.29
2007-08-20,26.42,7.99,74.68,2.77
2007-08-21,25.8,12.75,79.35,2.16
2007-08-22,24.93,20.54,80.13,2.23
2007-08-23,25.04,18.68,80.44,2.09
2007-08-24,25.39,7.99,81.11,1.82
2007-08-25,25.41,12.24,84.73,1.09
2007-08-26,25.7,11.76,83.54,2.11
2007-08-27,25.98,1.2,81.72,1.87
2007-08-28,25.58,0.53,83.31,1.78
2007-08-29,25.6,21.67,84.39,2.19
2007-08-30,24.9,8.48,84.67,2.48
2007-08-31,25.02,4.8,81.59,2.63
2007-09-01,25.2,0.83,80.56,2.87
2007-09-02,24.79,1.65,83.03,2.45
2007-09-03,25.12,0.06,80.6,2.8
2007-09-04,25.23,0.02,79.04,2.8
2007-09-05,25.23,11.71,83.79,2.71
2007-09-06,24.86,0.95,83.67,2.38
2007-09-07,25.57,0.01,81.48,2.23
2007-09-08,24.62,2.13,85.22,1.45
2007-09-09,24.66,8.58,86.58,1.36
2007-09-10,25.28,0.81,82.94,1.2
2007-09-11,25.61,0.26,83.56,1.25
2007-09-12,26.03,24.98,83.19,0.89
2007-09-13,24.71,44.09,90.96,1.45
2007-09-14,25.02,18.83,84.12,1.39
2007-09-15,24.64,12.97,85.42,2.32
2007-09-16,25.21,3.93,83.27,1.93
2007-09-17,24.94,10.84,86.91,2.13
2007-09-18,24.46,4.24,84.02,3.53
2007-09-19,24.0,5.97,81.42,3.51
2007-09-20,24.46,0.15,83.45,2.97
2007-09-21,25.05,0.09,79.93,3.42
2007-09-22,25.13,0.04,80.61,3.37
2007-09-23,24.39,0.02,83.09,3.23
2007-09-24,24.99,0.09,82.77,3.1
2007-09-25,25.38,1.07,84.23,2.66
2007-09-26,25.5,1.71,80.19,1.66
2007-09-27,24.74,6.39,86.9,1.25
2007-09-28,25.17,0.21,81.78,1.82
2007-09-29,25.26,8.4,83.27,2.01
2007-09-30,25.02,2.89,81.12,2.21
2007-10-01,24.86,1.9,86.09,1.93
2007-10-02,24.85,0.43,84.58,1.86
2007-10-03,25.72,0.03,80.27,2.23
2007-10-04,25.77,0.01,80.0,1.86
2007-10-05,24.53,0.05,82.18,2.32
2007-10-06,25.28,0.01,80.11,2.19
2007-10-07,25.42,0.0,78.52,2.51
2007-10-08,25.12,0.0,76.71,2.21
2007-10-09,25.03,0.0,76.2,1.32
2007-10-10,24.94,0.0,72.23,1.27
2007-10-11,24.8,0.02,77.67,1.24
2007-10-12,25.13,0.0,79.44,1.11
2007-10-13,25.12,1.41,79.03,1.31
2007-10-14,24.96,0.34,75.84,1.21
2007-10-15,24.9,0.97,72.7,1.19
2007-10-16,25.07,0.03,78.39,1.09
2007-10-17,24.82,9.91,82.22,1.44
2007-10-18,24.09,8.29,86.85,1.36
2007-10-19,23.75,8.57,88.8,1.41
2007-10-20,23.58,23.8,89.2,1.1
2007-10-21,23.59,10.26,89.73,1.38
2007-10-22,22.86,9.04,92.47,1.97
2007-10-23,22.33,19.95,88.44,2.73
2007-10-24,23.39,20.53,91.69,3.25
2007-10-25,23.76,11.67,91.03,2.67
2007-10-26,23.32,12.41,92.95,1.69
2007-10-27,23.17,7.72,92.99,1.3
2007-10-28,22.64,18.31,92.55,2.07
2007-10-29,23.19,11.57,88.73,1.75
2007-10-30,23.49,11.72,87.93,1.61
2007-10-31,23.87,7.84,86.47,1.13
2007-11-01,24.09,3.25,88.46,1.33
2007-11-02,23.56,6.12,90.05,1.46
2007-11-03,23.46,11.08,91.1,1.67
2007-11-04,23.3,4.04,93.71,1.29
2007-11-05,23.3,0.36,85.12,0.95
2007-11-06,24.19,9.89,78.91,0.9
2007-11-07,24.3,1.01,83.18,1.01
2007-11-08,22.64,0.0,85.76,1.5
2007-11-09,22.56,0.0,84.15,1.36
2007-11-10,21.98,0.27,84.43,1.66
2007-11-11,21.71,0.13,86.03,2.14
2007-11-12,21.76,0.0,85.14,2.28
2007-11-13,20.63,0.0,79.71,1.97
2007-11-14,19.56,0.0,77.75,1.8
2007-11-15,19.67,0.0,67.41,1.35
2007-11-16,19.47,0.0,72.73,1.63
2007-11-17,18.78,0.0,78.94,1.62
2007-11-18,20.31,0.27,83.53,1.6
2007-11-19,22.75,3.76,90.69,2.37
2007-11-20,22.67,8.82,93.5,2.73
2007-11-21,22.95,0.28,88.77,2.35
2007-11-22,22.8,0.0,87.76,2.34
2007-11-23,20.94,0.0,83.08,1.86
2007-11-24,18.65,0.0,70.39,1.92
2007-11-25,17.73,0.0,74.53,1.76
2007-11-26,20.44,0.0,85.63,2.06
2007-11-27,22.46,0.12,87.69,1.79
2007-11-28,22.39,0.16,87.36,2.05
2007-11-29,21.71,0.01,86.3,1.85
2007-11-30,20.24,0.0,82.77,1.94
2007-12-01,20.41,0.0,81.9,1.81
2007-12-02,20.91,0.94,86.31,2.22
2007-12-03,21.69,0.99,88.24,2.49
2007-12-04,21.36,0.69,86.39,2.81
2007-12-05,21.7,1.09,87.58,3.54
2007-12-06,21.92,3.59,87.05,3.2
2007-12-07,22.02,1.15,87.56,2.84
2007-12-08,21.83,0.42,86.06,2.28
2007-12-09,21.58,0.04,86.06,1.98
2007-12-10,21.42,0.0,84.66,1.75
2007-12-11,20.8,0.0,82.65,1.85
2007-12-12,21.15,0.0,83.73,2.04
2007-12-13,20.78,5.83,88.42,2.62
2007-12-14,21.57,5.75,88.69,2.8
2007-12-15,22.32,0.7,86.76,3.0
2007-12-16,22.1,0.0,83.89,3.53
2007-12-17,21.6,6.05,85.66,3.55
2007-12-18,21.37,26.53,91.49,4.85
2007-12-19,22.55,40.74,95.0,3.96
2007-12-20,22.41,12.87,92.71,2.56
2007-12-21,22.5,1.18,91.03,1.94
2007-12-22,21.61,0.0,84.6,1.83
2007-12-23,20.42,0.0,79.22,1.69
2007-12-24,19.54,0.0,68.8,1.55
2007-12-25,20.31,0.0,61.22,1.46
2007-12-26,20.38,0.0,73.9,1.55
2007-12-27,20.79,0.0,82.58,1.45
2007-12-28,21.54,0.0,79.75,1.19
2007-12-29,21.99,0.0,80.26,1.4
2007-12-30,21.74,0.0,83.34,1.5
2007-12-31,20.95,0.0,85.33,1.75
2008-01-01,20.34,0.0,83.94,1.98
2008-01-02,19.62,0.0,83.0,2.17
2008-01-03,19.92,1.01,82.49,2.31
2008-01-04,21.75,16.62,89.62,3.79
2008-01-05,21.34,3.82,84.94,2.78
2008-01-06,19.73,0.1,83.86,2.44
2008-01-07,19.35,0.0,82.7,2.56
2008-01-08,19.75,0.0,83.21,2.37
2008-01-09,19.98,0.0,82.5,2.1
2008-01-10,20.28,0.0,80.51,1.8
2008-01-11,20.39,0.0,81.56,2.06
2008-01-12,20.46,0.0,81.79,2.01
2008-01-13,20.32,0.0,78.58,1.93
2008-01-14,20.4,0.0,75.36,1.58
2008-01-15,20.17,0.0,75.49,1.67
2008-01-16,19.96,0.0,77.5,1.98
2008-01-17,19.83,0.0,77.53,1.94
2008-01-18,19.7,0.0,74.74,1.55
2008-01-19,19.42,0.0,77.36,1.38
2008-01-20,20.14,0.0,75.79,1.28
2008-01-21,21.37,0.0,77.54,1.53
2008-01-22,22.02,0.0,78.29,1.59
2008-01-23,21.98,0.0,78.21,1.63
2008-01-24,22.01,0.0,73.8,1.27
2008-01-25,23.08,0.0,74.4,1.44
2008-01-26,23.85,0.0,74.78,1.24
2008-01-27,24.53,0.0,73.33,1.46
2008-01-28,24.01,0.0,76.78,2.01
2008-01-29,24.18,0.0,74.97,1.55
2008-01-30,24.85,0.0,71.78,1.1
2008-01-31,24.86,0.0,71.76,1.33
2008-02-01,24.62,0.0,75.79,1.7
2008-02-02,24.29,0.0,75.95,1.5
2008-02-03,24.1,0.06,76.35,2.13
2008-02-04,24.34,0.06,74.91,1.92
2008-02-05,24.11,0.0,73.82,1.96
2008-02-06,24.1,0.0,71.23,1.89
2008-02-07,24.96,0.0,73.64,1.86
2008-02-08,25.61,1.09,74.42,1.89
2008-02-09,25.32,7.75,81.44,2.01
2008-02-10,24.99,5.45,82.68,1.65
2008-02-11,24.6,1.82,83.93,2.09
2008-02-12,25.16,1.25,77.28,2.59
2008-02-13,24.73,0.25,72.98,2.01
2008-02-14,24.62,0.26,73.95,2.29
2008-02-15,24.38,0.78,76.72,2.62
2008-02-16,24.81,0.02,70.94,2.35
2008-02-17,24.31,0.0,68.5,1.98
2008-02-18,23.26,0.0,63.68,1.88
2008-02-19,23.18,0.0,67.65,1.62
2008-02-20,24.24,0.0,67.36,1.86
2008-02-21,24.97,0.0,64.64,1.88
2008-02-22,25.08,0.0,66.31,2.21
2008-02-23,24.75,0.0,65.15,2.24
2008-02-24,23.84,0.0,63.64,2.33
2008-02-25,23.92,0.0,58.35,2.05
2008-02-26,24.05,0.0,59.68,2.48
2008-02-27,24.27,0.0,60.04,2.43
2008-02-28,23.43,0.0,61.0,2.73
2008-02-29,24.09,0.0,58.99,2.42
2008-03-01,25.24,1.0,67.11,2.19
2008-03-02,26.0,0.2,59.22,2.08
2008-03-03,24.59,0.0,52.42,2.11
2008-03-04,23.51,0.0,50.67,2.03
2008-03-05,24.06,0.0,53.35,2.52
2008-03-06,24.74,0.0,60.57,2.38
2008-03-07,23.98,0.0,52.41,2.46
2008-03-08,24.39,0.0,43.52,2.52
2008-03-09,24.7,0.0,39.84,2.46
2008-03-10,25.84,0.0,47.54,2.7
2008-03-11,24.31,0.84,64.64,2.27
2008-03-12,23.65,10.65,80.79,2.45
2008-03-13,24.4,3.67,81.67,2.36
2008-03-14,24.41,3.85,85.26,2.33
2008-03-15,24.88,8.78,79.11,1.76
2008-03-16,26.13,0.85,69.95,1.93
2008-03-17,25.46,0.02,71.25,2.08
2008-03-18,26.22,0.56,73.06,2.27
2008-03-19,25.75,1.9,76.95,2.34
2008-03-20,24.37,11.73,85.03,1.88
2008-03-21,23.36,25.0,88.49,2.81
2008-03-22,24.24,10.24,86.39,2.48
2008-03-23,25.2,2.1,82.45,2.14
2008-03-24,24.58,7.51,84.22,1.33
2008-03-25,25.76,0.75,74.89,1.39
2008-03-26,25.52,7.98,79.57,1.11
2008-03-27,26.18,0.44,75.79,1.32
2008-03-28,27.07,1.16,72.39,1.55
2008-03-29,26.18,0.15,74.67,1.15
2008-03-30,26.53,4.66,75.37,1.22
2008-03-31,27.29,8.25,72.48,1.29
2008-04-01,26.95,2.7,72.18,1.1
2008-04-02,26.79,3.73,74.86,1.61
2008-04-03,27.06,0.25,71.92,1.19
2008-04-04,27.02,0.8,70.56,1.36
2008-04-05,26.45,0.1,72.68,2.2
2008-04-06,26.46,0.0,71.29,2.49
2008-04-07,26.14,0.0,69.48,2.36
2008-04-08,25.1,0.56,70.04,1.82
2008-04-09,25.83,0.2,66.25,2.07
2008-04-10,26.4,0.0,64.96,2.17
2008-04-11,26.6,0.0,60.75,1.95
2008-04-12,27.21,0.0,63.38,2.13
2008-04-13,27.47,0.0,67.57,2.01
2008-04-14,27.9,0.0,66.01,2.02
2008-04-15,28.16,0.0,65.37,2.03
2008-04-16,27.95,0.0,63.47,1.93
2008-04-17,27.56,0.0,63.2,1.78
2008-04-18,28.6,0.0,54.78,1.82
2008-04-19,29.8,0.0,51.91,2.08
2008-04-20,29.42,0.01,50.17,2.06
2008-04-21,30.21,0.0,46.5,2.08
2008-04-22,30.62,0.38,45.53,2.0
2008-04-23,29.43,1.67,53.51,2.25
2008-04-24,27.52,0.02,60.72,2.12
2008-04-25,27.87,0.53,62.26,2.35
2008-04-26,28.88,0.14,61.95,1.97
2008-04-27,30.1,0.09,57.41,2.15
2008-04-28,32.11,0.02,47.83,2.26
2008-04-29,32.35,0.0,48.05,2.31
2008-04-30,30.39,5.97,57.8,2.03
2008-05-01,30.77,0.47,55.57,2.75
2008-05-02,31.62,0.18,52.19,2.49
2008-05-03,32.67,0.29,44.72,2.63
2008-05-04,32.32,0.02,38.96,2.3
2008-05-05,32.83,0.0,38.8,2.56
2008-05-06,32.38,0.0,39.62,3.24
2008-05-07,32.3,3.04,42.93,2.41
2008-05-08,30.12,3.37,56.78,1.66
2008-05-09,30.71,0.02,52.61,2.56
2008-05-10,31.8,0.22,47.67,2.95
2008-05-11,31.8,0.79,45.78,2.74
2008-05-12,30.53,1.92,51.71,3.67
2008-05-13,31.02,0.78,49.79,2.98
2008-05-14,32.03,2.42,44.11,2.91
2008-05-15,31.85,0.0,43.85,3.27
2008-05-16,30.89,0.0,44.26,3.96
2008-05-17,32.56,0.0,41.28,3.97
2008-05-18,33.08,0.0,41.36,2.81
2008-05-19,31.99,0.43,45.45,2.49
2008-05-20,31.85,1.06,46.36,2.57
2008-05-21,29.86,9.5,57.49,2.22
2008-05-22,29.14,8.98,64.25,1.85
2008-05-23,28.64,6.31,65.53,1.79
2008-05-24,27.33,6.59,71.06,2.26
2008-05-25,28.38,1.56,66.9,1.57
2008-05-26,28.3,0.09,67.84,1.67
2008-05-27,29.02,0.42,62.33,1.63
2008-05-28,28.82,2.99,65.06,1.74
2008-05-29,29.37,1.28,61.45,2.47
2008-05-30,28.43,1.37,65.39,1.91
2008-05-31,26.93,31.98,77.21,2.01
2008-06-01,27.43,20.22,72.5,1.72
2008-06-02,27.55,1.5,71.39,1.69
2008-06-03,28.5,1.38,67.54,1.39
2008-06-04,29.01,0.32,63.07,2.48
2008-06-05,28.31,0.05,62.65,3.2
2008-06-06,27.44,0.2,70.67,2.74
2008-06-07,26.81,1.11,73.51,2.05
2008-06-08,25.51,7.87,81.98,2.0
2008-06-09,25.87,1.17,75.79,2.66
2008-06-10,25.51,0.03,65.14,3.81
2008-06-11,26.63,7.17,70.24,3.06
2008-06-12,26.44,0.13,71.27,3.38
2008-06-13,26.84,0.0,60.4,4.56
2008-06-14,27.23,0.09,63.68,3.98
2008-06-15,27.36,0.01,65.7,4.19
2008-06-16,28.13,0.07,63.06,3.89
2008-06-17,27.79,0.02,61.71,4.3
2008-06-18,27.84,0.3,63.07,3.29
2008-06-19,27.96,0.19,66.63,3.04
2008-06-20,27.99,0.06,67.12,2.55
2008-06-21,27.92,2.76,66.99,2.64
2008-06-22,27.74,2.07,62.9,3.05
2008-06-23,28.12,0.04,60.8,3.39
2008-06-24,28.37,0.01,59.95,3.83
2008-06-25,27.63,0.46,62.38,3.89
2008-06-26,27.68,0.05,63.88,3.81
2008-06-27,28.23,0.01,63.13,3.73
2008-06-28,28.43,0.43,60.95,3.87
2008-06-29,28.28,0.01,59.27,4.21
2008-06-30,27.73,0.01,61.46,4.17
2008-07-01,26.95,4.04,63.68,3.61
2008-07-02,27.03,6.78,66.39,3.64
2008-07-03,27.4,3.88,64.09,2.87
2008-07-04,28.1,0.0,60.33,2.52
2008-07-05,28.55,0.0,61.0,2.87
2008-07-06,27.81,0.12,65.33,3.31
2008-07-07,27.93,4.16,61.92,4.68
2008-07-08,27.96,0.25,56.34,5.09
2008-07-09,27.57,2.62,58.64,4.52
2008-07-10,27.43,0.09,60.16,4.02
2008-07-11,28.28,0.0,57.07,4.19
2008-07-12,27.82,0.0,59.77,3.75
2008-07-13,28.61,0.0,59.08,1.83
2008-07-14,27.93,16.38,68.08,1.39
2008-07-15,26.57,35.43,78.68,1.26
2008-07-16,26.55,0.39,75.39,1.29
2008-07-17,26.96,1.22,72.44,1.86
2008-07-18,26.46,4.47,77.38,1.98
2008-07-19,25.57,1.56,80.18,1.8
2008-07-20,24.72,53.21,83.55,1.37
2008-07-21,25.46,14.27,83.03,1.2
2008-07-22,25.23,3.44,82.77,0.99
2008-07-23,26.24,0.27,76.45,1.42
2008-07-24,25.86,5.76,75.66,2.1
2008-07-25,24.88,3.9,79.01,3.71
2008-07-26,25.74,1.19,74.07,3.95
2008-07-27,25.23,9.41,80.11,3.58
2008-07-28,25.24,0.33,78.4,4.03
2008-07-29,25.68,1.75,72.91,4.39
2008-07-30,25.27,3.6,76.96,3.83
2008-07-31,25.59,3.58,78.41,3.42
2008-08-01,26.24,2.18,75.37,3.69
2008-08-02,25.79,0.07,76.33,2.93
2008-08-03,25.45,5.5,80.33,2.47
2008-08-04,25.41,2.28,80.45,2.66
2008-08-05,26.73,0.39,73.6,3.03
2008-08-06,26.3,0.28,72.92,3.62
2008-08-07,26.52,0.28,71.23,3.64
2008-08-08,25.3,1.03,76.71,4.43
2008-08-09,25.45,0.29,71.0,5.14
2008-08-10,25.45,0.31,70.58,5.29
2008-08-11,25.67,0.25,71.17,4.41
2008-08-12,26.04,2.42,73.55,3.31
2008-08-13,25.99,2.71,73.53,3.39
2008-08-14,25.31,29.44,78.18,2.96
2008-08-15,25.91,1.17,77.54,2.85
2008-08-16,25.61,2.13,78.57,2.24
2008-08-17,25.74,10.22,80.1,1.74
2008-08-18,25.44,19.11,80.7,1.74
2008-08-19,25.08,10.42,81.29,1.77
2008-08-20,26.33,1.36,76.09,1.89
2008-08-21,26.09,2.31,75.29,2.69
2008-08-22,25.89,2.24,73.93,2.21
2008-08-23,26.14,0.95,74.3,2.32
2008-08-24,26.05,0.43,75.45,1.65
2008-08-25,25.38,12.53,81.11,1.45
2008-08-26,25.07,43.52,83.99,1.06
2008-08-27,25.53,35.41,83.2,0.84
2008-08-28,25.73,5.76,83.2,1.15
2008-08-29,25.95,1.81,82.33,1.1
2008-08-30,24.84,4.23,86.44,1.06
2008-08-31,25.04,11.5,84.19,0.76
2008-09-01,25.35,27.17,84.1,1.11
2008-09-02,25.3,14.59,85.89,0.76
2008-09-03,24.93,5.45,87.26,0.92
2008-09-04,25.39,0.47,84.07,0.91
2008-09-05,25.42,0.8,82.54,0.87
2008-09-06,25.11,7.79,85.09,1.18
2008-09-07,23.89,1.75,89.86,1.93
2008-09-08,23.56,11.53,85.97,2.6
2008-09-09,24.2,1.3,85.25,2.96
2008-09-10,24.57,1.63,83.2,2.98
2008-09-11,24.94,0.04,80.55,3.48
2008-09-12,23.84,0.01,79.03,3.16
2008-09-13,24.51,0.0,81.62,3.04
2008-09-14,25.34,1.6,81.25,2.72
2008-09-15,24.99,0.04,79.25,2.92
2008-09-16,24.99,0.0,77.77,3.66
2008-09-17,24.43,0.0,80.31,3.23
2008-09-18,24.99,0.0,78.92,2.87
2008-09-19,25.82,0.49,76.09,2.32
2008-09-20,25.5,6.6,82.01,1.47
2008-09-21,25.09,0.48,80.95,1.49
2008-09-22,25.05,0.0,79.39,1.83
2008-09-23,25.78,0.0,76.83,1.85
2008-09-24,25.43,3.2,80.18,2.02
2008-09-25,25.1,0.15,81.82,1.93
2008-09-26,25.4,0.0,80.08,1.93
2008-09-27,26.15,1.06,74.96,1.0
2008-09-28,26.14,0.31,70.99,1.4
2008-09-29,26.22,0.52,69.73,0.8
2008-09-30,26.37,0.03,73.07,1.07
2008-10-01,26.37,0.0,75.79,0.98
2008-10-02,26.53,5.64,76.53,0.82
2008-10-03,25.96,7.6,77.86,1.04
2008-10-04,25.43,1.59,81.19,1.27
2008-10-05,25.88,3.23,79.54,1.19
2008-10-06,26.25,14.37,78.79,0.86
2008-10-07,26.04,3.94,79.6,1.21
2008-10-08,26.42,0.37,76.91,0.79
2008-10-09,25.67,0.0,81.73,0.8
2008-10-10,25.23,0.33,83.63,1.2
2008-10-11,24.39,4.17,85.89,1.73
2008-10-12,23.81,9.01,90.14,1.88
2008-10-13,23.9,5.5,88.21,2.35
2008-10-14,23.73,8.47,90.88,2.17
2008-10-15,23.93,12.01,92.04,1.76
2008-10-16,23.87,6.38,89.5,1.73
2008-10-17,24.12,3.47,89.2,2.03
2008-10-18,23.99,9.99,90.79,1.87
2008-10-19,24.33,6.03,88.61,2.06
2008-10-20,24.32,23.94,89.83,2.22
2008-10-21,24.23,12.89,91.87,2.27
2008-10-22,23.92,13.62,93.71,1.71
2008-10-23,23.75,14.66,90.28,1.7
2008-10-24,23.96,22.95,89.77,0.94
2008-10-25,24.99,6.4,85.41,1.05
2008-10-26,24.72,1.68,83.71,0.75
2008-10-27,23.66,0.0,65.71,1.28
2008-10-28,21.86,0.0,66.34,1.49
2008-10-29,21.5,0.0,75.59,1.25
2008-10-30,22.37,0.0,73.78,1.31
2008-10-31,22.05,0.0,68.7,1.5
2008-11-01,21.17,0.0,68.72,1.48
2008-11-02,21.93,0.0,62.38,1.53
2008-11-03,21.97,0.0,64.07,1.43
2008-11-04,21.51,0.0,72.15,1.36
2008-11-05,21.32,0.0,74.91,1.3
2008-11-06,21.14,0.0,78.27,1.34
2008-11-07,21.67,0.01,82.72,1.41
2008-11-08,22.13,0.05,81.69,1.52
2008-11-09,22.71,0.0,82.31,1.58
2008-11-10,23.43,0.43,87.15,1.85
2008-11-11,21.9,0.19,83.89,1.74
2008-11-12,21.87,0.05,82.87,2.13
2008-11-13,22.84,0.21,84.76,1.97
2008-11-14,23.05,0.01,77.47,1.98
2008-11-15,23.11,3.29,71.08,2.15
2008-11-16,23.46,0.92,82.0,1.92
2008-11-17,23.92,0.92,85.29,1.54
2008-11-18,24.45,1.81,86.74,2.03
2008-11-19,24.11,3.75,87.99,2.29
2008-11-20,23.51,1.11,90.68,1.94
2008-11-21,23.28,5.32,88.62,2.06
2008-11-22,22.36,14.69,92.13,2.77
2008-11-23,22.84,20.53,90.93,2.66
2008-11-24,22.93,16.82,91.17,2.87
2008-11-25,22.45,13.68,88.77,3.71
2008-11-26,21.88,32.01,93.13,5.33
2008-11-27,23.0,64.41,95.52,5.94
2008-11-28,23.11,25.9,95.92,2.89
2008-11-29,23.39,4.23,92.73,2.29
2008-11-30,23.16,1.79,89.0,1.98
2008-12-01,23.35,0.25,89.68,1.89
2008-12-02,22.57,0.0,88.11,1.56
2008-12-03,21.25,0.0,85.51,1.33
2008-12-04,20.63,0.0,85.49,1.42
2008-12-05,20.85,0.0,87.03,2.08
2008-12-06,20.85,0.0,86.49,2.23
2008-12-07,21.05,0.0,86.85,2.27
2008-12-08,21.92,3.69,90.62,2.64
2008-12-09,22.1,4.1,92.38,2.48
2008-12-10,22.44,0.47,88.01,1.68
2008-12-11,20.92,0.08,86.86,1.48
2008-12-12,21.03,0.0,87.4,1.63
2008-12-13,21.41,0.36,88.35,2.4
2008-12-14,21.26,2.5,88.32,2.58
2008-12-15,21.03,1.93,87.89,2.61
2008-12-16,21.22,0.37,89.14,2.22
2008-12-17,21.13,0.0,85.61,2.67
2008-12-18,20.68,0.02,86.25,2.77
2008-12-19,20.57,0.0,85.81,2.18
2008-12-20,20.52,0.0,84.56,1.53
2008-12-21,20.14,0.0,83.13,1.49
2008-12-22,19.32,0.0,83.76,1.54
2008-12-23,19.59,0.0,85.15,1.73
2008-12-24,21.21,0.13,87.46,2.12
2008-12-25,21.05,0.01,84.98,1.88
2008-12-26,20.66,0.0,79.69,1.27
2008-12-27,20.21,0.0,76.2,1.29
2008-12-28,19.16,0.0,66.48,1.21
2008-12-29,18.41,0.0,70.04,1.47
2008-12-30,18.25,0.0,81.36,1.49
2008-12-31,18.53,0.0,80.37,1.42
2009-01-01,19.21,0.0,80.35,1.41
2009-01-02,19.82,0.0,80.33,1.51
2009-01-03,19.76,0.0,79.48,1.67
2009-01-04,19.55,0.0,79.67,1.59
2009-01-05,19.35,0.0,78.76,1.56
2009-01-06,19.24,0.02,76.53,1.34
2009-01-07,19.9,2.99,84.49,1.81
2009-01-08,21.85,0.62,85.18,2.42
2009-01-09,21.44,0.01,81.99,2.46
2009-01-10,21.4,0.0,81.44,2.59
2009-01-11,21.34,0.0,82.07,2.32
2009-01-12,20.16,0.0,79.84,2.35
2009-01-13,20.37,0.04,76.47,2.95
2009-01-14,20.76,0.16,77.54,3.14
2009-01-15,20.84,1.2,80.88,3.23
2009-01-16,20.77,0.24,77.78,2.52
2009-01-17,20.21,0.0,77.48,2.3
2009-01-18,20.05,0.0,76.6,1.87
2009-01-19,19.63,0.0,75.67,1.86
2009-01-20,19.48,0.0,77.75,2.06
2009-01-21,20.44,0.0,75.51,1.76
2009-01-22,21.45,0.0,73.38,1.45
2009-01-23,21.29,0.0,72.96,1.69
2009-01-24,21.13,0.0,75.93,1.63
2009-01-25,21.47,0.0,74.95,1.39
2009-01-26,22.04,0.16,77.43,1.55
2009-01-27,23.52,0.18,77.09,1.46
2009-01-28,24.27,0.01,75.56,1.41
2009-01-29,23.76,0.0,70.11,1.4
2009-01-30,22.45,0.0,66.67,1.58
2009-01-31,22.26,0.0,66.6,1.71
2009-02-01,22.39,0.0,67.38,1.61
2009-02-02,22.8,0.0,69.15,1.64
2009-02-03,23.08,0.0,70.36,1.74
2009-02-04,23.45,0.0,71.02,1.74
2009-02-05,23.25,0.0,67.95,1.76
2009-02-06,22.71,0.0,67.67,1.85
2009-02-07,22.63,0.0,70.97,1.99
2009-02-08,22.88,0.0,71.08,2.0
2009-02-09,22.51,0.0,69.14,2.21
2009-02-10,22.14,0.0,66.5,2.03
2009-02-11,22.62,0.0,63.68,1.49
2009-02-12,23.44,0.0,60.5,1.52
2009-02-13,24.23,0.0,55.44,1.54
2009-02-14,24.0,0.0,60.94,1.66
2009-02-15,23.92,0.0,59.69,2.06
2009-02-16,23.29,0.0,63.44,2.06
2009-02-17,22.98,0.0,65.97,2.4
2009-02-18,23.16,0.0,66.74,2.21
2009-02-19,23.65,0.0,62.34,2.36
2009-02-20,23.84,0.0,69.05,2.39
2009-02-21,25.76,0.0,66.47,2.41
2009-02-22,26.5,0.0,62.91,2.36
2009-02-23,27.13,0.0,61.2,2.03
2009-02-24,27.56,0.0,54.6,1.48
2009-02-25,27.87,0.0,53.4,1.93
2009-02-26,27.9,0.0,50.5,1.98
2009-02-27,26.88,0.0,52.98,1.97
2009-02-28,27.37,0.0,38.17,1.79
2009-03-01,28.26,0.0,35.23,2.03
2009-03-02,28.22,0.0,43.2,1.98
2009-03-03,27.59,0.0,47.52,1.86
2009-03-04,27.54,0.0,45.15,1.4
2009-03-05,27.77,0.0,37.48,1.71
2009-03-06,28.77,0.0,31.89,1.8
2009-03-07,28.31,0.0,40.02,2.21
2009-03-08,26.71,0.0,49.97,2.41
2009-03-09,25.55,0.74,57.0,2.66
2009-03-10,23.76,14.12,64.44,3.43
2009-03-11,24.76,1.97,76.08,2.31
2009-03-12,26.32,1.01,63.28,1.17
2009-03-13,26.14,0.0,56.51,1.65
2009-03-14,26.57,0.06,62.11,1.88
2009-03-15,25.21,2.53,64.7,1.09
2009-03-16,25.37,5.12,63.63,1.57
2009-03-17,25.79,0.0,61.2,1.6
2009-03-18,26.12,0.0,59.15,1.43
2009-03-19,26.66,0.0,50.36,1.8
2009-03-20,27.1,0.0,49.45,1.84
2009-03-21,28.02,0.0,53.41,1.96
2009-03-22,28.51,0.0,53.35,2.45
2009-03-23,27.66,0.05,58.1,2.5
2009-03-24,27.71,0.11,56.87,2.01
2009-03-25,27.93,0.0,54.44,1.95
2009-03-26,28.65,0.0,52.9,1.69
2009-03-27,29.66,0.0,49.49,2.18
2009-03-28,29.28,0.0,52.39,2.41
2009-03-29,28.85,0.0,54.69,2.41
2009-03-30,28.66,0.0,52.97,2.22
2009-03-31,29.06,0.0,48.06,2.3
2009-04-01,29.41,0.0,49.3,2.25
2009-04-02,29.48,0.0,50.92,2.51
2009-04-03,29.23,0.0,50.82,2.29
2009-04-04,29.29,0.0,51.93,2.31
2009-04-05,29.71,0.0,52.27,2.27
2009-04-06,30.85,0.0,52.9,2.31
2009-04-07,30.44,0.0,53.02,2.84
2009-04-08,28.43,0.0,55.52,1.72
2009-04-09,28.28,0.0,62.12,2.45
2009-04-10,27.99,6.58,60.1,2.3
2009-04-11,28.13,3.44,55.09,2.03
2009-04-12,27.63,0.31,54.83,1.66
2009-04-13,29.57,0.0,49.38,2.33
2009-04-14,30.15,0.0,48.08,2.1
2009-04-15,31.26,0.0,44.89,1.92
2009-04-16,30.46,0.0,53.39,1.48
2009-04-17,30.92,0.08,50.65,1.98
2009-04-18,31.86,0.01,48.78,2.44
2009-04-19,30.97,4.36,53.9,2.48
2009-04-20,28.96,3.15,63.26,1.83
2009-04-21,29.86,0.93,59.52,1.65
2009-04-22,29.58,11.14,62.89,1.93
2009-04-23,29.34,2.35,62.6,1.39
2009-04-24,29.97,1.75,60.48,1.63
2009-04-25,30.41,1.29,58.13,1.77
2009-04-26,29.22,0.0,63.85,1.68
2009-04-27,29.7,0.0,58.84,1.78
2009-04-28,30.19,0.0,54.18,1.94
2009-04-29,30.65,0.0,49.39,1.68
2009-04-30,31.43,0.05,48.65,1.75
2009-05-01,32.25,0.03,43.87,1.31
2009-05-02,33.17,0.0,43.47,1.95
2009-05-03,33.31,0.07,42.93,1.88
2009-05-04,32.95,0.84,42.61,1.5
2009-05-05,32.93,0.12,39.9,1.74
2009-05-06,32.92,0.05,41.06,1.7
2009-05-07,33.16,0.9,39.84,1.45
2009-05-08,32.47,9.46,46.38,1.06
2009-05-09,30.8,1.01,52.88,1.97
2009-05-10,32.21,0.04,49.22,1.62
2009-05-11,33.38,0.0,41.62,2.43
2009-05-12,34.01,0.0,42.74,1.87
2009-05-13,33.51,0.0,43.85,2.82
2009-05-14,33.88,0.0,39.86,2.94
2009-05-15,30.28,5.95,54.62,1.62
2009-05-16,29.99,0.77,57.06,2.16
2009-05-17,29.59,7.64,61.03,1.66
2009-05-18,29.69,2.41,65.1,2.0
2009-05-19,28.03,3.66,69.18,1.71
2009-05-20,28.62,0.61,66.18,2.1
2009-05-21,26.29,24.09,75.52,1.76
2009-05-22,28.4,0.54,68.17,2.46
2009-05-23,28.56,3.44,69.08,2.07
2009-05-24,28.76,0.57,67.48,3.49
2009-05-25,28.01,0.0,66.07,4.12
2009-05-26,28.72,1.96,62.98,2.36
2009-05-27,28.59,3.72,65.38,1.89
2009-05-28,29.72,3.75,63.58,1.69
2009-05-29,29.25,0.09,66.36,2.13
2009-05-30,28.96,0.65,63.94,2.29
2009-05-31,26.63,40.25,78.07,2.21
2009-06-01,27.88,0.11,69.89,1.71
2009-06-02,29.4,0.0,60.15,3.49
2009-06-03,29.83,0.0,59.24,3.91
2009-06-04,29.17,2.46,63.69,4.18
2009-06-05,28.92,0.78,63.57,5.36
2009-06-06,26.93,0.87,66.39,4.71
2009-06-07,27.63,0.07,59.16,5.07
2009-06-08,27.38,0.01,60.72,4.81
2009-06-09,27.85,0.0,60.7,3.57
2009-06-10,28.61,41.5,70.65,2.58
2009-06-11,25.87,1.87,81.22,2.6
2009-06-12,27.22,0.91,66.68,2.66
2009-06-13,27.36,2.26,67.77,2.34
2009-06-14,26.62,0.2,73.06,3.24
2009-06-15,26.26,7.18,73.36,3.39
2009-06-16,27.62,0.05,68.53,3.59
2009-06-17,27.39,0.05,69.92,3.32
2009-06-18,26.62,0.99,76.39,2.0
2009-06-19,26.39,0.15,75.34,1.92
2009-06-20,26.4,0.12,75.97,2.65
2009-06-21,26.77,0.01,71.15,2.83
2009-06-22,26.1,2.34,73.48,3.28
2009-06-23,27.97,0.04,63.5,3.48
2009-06-24,27.15,0.17,65.92,4.35
2009-06-25,25.9,0.36,65.61,4.4
2009-06-26,26.1,1.56,66.22,4.24
2009-06-27,26.25,0.81,62.99,4.19
2009-06-28,26.6,0.51,65.11,3.81
2009-06-29,27.65,0.38,66.79,2.84
2009-06-30,28.19,0.28,62.46,3.72
2009-07-01,27.11,0.86,67.08,4.24
2009-07-02,26.05,0.98,71.55,4.45
2009-07-03,26.95,0.19,66.77,4.48
2009-07-04,26.69,2.14,70.3,4.0
2009-07-05,26.2,0.93,69.74,4.25
2009-07-06,27.33,0.04,62.5,5.06
2009-07-07,26.74,0.01,65.65,4.34
2009-07-08,27.23,0.36,62.78,4.71
2009-07-09,26.9,1.2,60.93,5.07
2009-07-10,26.75,0.31,53.9,4.4
2009-07-11,27.91,0.01,58.59,4.69
2009-07-12,27.57,0.02,62.17,5.02
2009-07-13,27.2,0.01,65.32,5.66
2009-07-14,27.98,0.17,59.88,6.86
2009-07-15,27.44,2.51,60.24,6.33
2009-07-16,26.39,2.45,68.01,5.09
2009-07-17,27.28,0.46,65.36,4.65
2009-07-18,27.2,0.64,64.64,4.89
2009-07-19,26.98,0.33,65.87,4.27
2009-07-20,27.9,0.01,60.39,5.05
2009-07-21,27.49,0.0,61.65,5.49
2009-07-22,28.19,0.0,56.97,5.52
2009-07-23,27.97,0.0,58.19,4.11
2009-07-24,28.59,0.0,53.9,4.34
2009-07-25,29.57,0.1,54.25,3.4
2009-07-26,29.41,0.03,54.63,3.91
2009-07-27,28.37,0.99,58.74,4.62
2009-07-28,28.61,0.21,59.1,4.67
2009-07-29,27.95,12.85,63.47,4.05
2009-07-30,26.89,6.75,67.22,3.2
2009-07-31,26.64,18.95,73.6,3.31
2009-08-01,27.48,3.48,68.41,3.73
2009-08-02,27.62,0.26,66.19,4.25
2009-08-03,27.77,0.0,65.48,3.82
2009-08-04,28.54,1.82,63.66,4.08
2009-08-05,28.18,0.37,62.46,4.26
2009-08-06,27.97,6.86,64.93,3.89
2009-08-07,26.7,1.74,68.82,3.79
2009-08-08,27.08,3.79,69.38,3.67
2009-08-09,28.27,0.36,67.14,3.23
2009-08-10,28.24,0.92,65.56,3.56
2009-08-11,28.01,0.25,65.53,3.15
2009-08-12,28.76,0.29,64.65,2.53
2009-08-13,28.28,4.45,67.67,2.45
2009-08-14,25.74,3.47,78.66,2.17
2009-08-15,25.19,0.82,76.58,2.08
2009-08-16,26.22,14.95,69.29,2.04
2009-08-17,25.5,31.33,82.25,1.51
2009-08-18,25.85,3.35,81.98,1.67
2009-08-19,25.43,0.6,81.91,1.84
2009-08-20,25.0,0.31,81.39,1.14
2009-08-21,25.2,10.24,80.27,1.94
2009-08-22,26.01,1.73,72.57,2.64
2009-08-23,26.3,1.81,72.47,3.11
2009-08-24,25.6,0.51,78.24,3.13
2009-08-25,26.07,0.37,71.14,3.7
2009-08-26,26.12,2.67,71.49,3.72
2009-08-27,26.22,0.47,69.23,3.76
2009-08-28,27.03,1.99,67.54,3.53
2009-08-29,27.43,0.05,66.06,3.25
2009-08-30,27.17,3.28,70.43,2.22
2009-08-31,25.68,4.35,78.95,2.34
2009-09-01,26.09,8.53,75.48,3.0
2009-09-02,26.35,2.15,70.69,3.38
2009-09-03,26.45,2.25,72.68,3.52
2009-09-04,26.73,0.93,71.09,4.29
2009-09-05,26.64,0.02,70.03,5.35
2009-09-06,26.96,5.44,67.57,4.69
2009-09-07,27.03,1.82,69.18,3.7
2009-09-08,26.87,0.14,68.34,3.28
2009-09-09,27.35,0.13,65.28,2.99
2009-09-10,27.85,0.01,63.15,1.88
2009-09-11,27.96,1.41,68.85,1.26
2009-09-12,28.2,2.59,73.0,0.87
2009-09-13,27.85,32.48,76.23,1.11
2009-09-14,27.26,2.91,77.05,2.0
2009-09-15,25.96,22.36,80.11,2.01
2009-09-16,27.04,8.27,77.29,1.13
2009-09-17,26.76,12.19,77.78,1.1
2009-09-18,26.42,20.52,78.62,1.12
2009-09-19,25.41,12.23,81.62,1.14
2009-09-20,25.8,5.18,81.48,0.81
2009-09-21,26.25,0.87,80.88,0.77
2009-09-22,25.75,4.41,86.76,0.95
2009-09-23,25.64,44.34,85.75,1.44
2009-09-24,25.5,18.63,84.44,2.07
2009-09-25,25.71,0.64,80.28,2.01
2009-09-26,25.28,1.75,81.48,2.29
2009-09-27,25.86,1.96,81.31,2.22
2009-09-28,25.38,2.26,83.16,2.38
2009-09-29,24.4,7.47,83.31,3.67
2009-09-30,24.8,1.44,81.16,3.86
2009-10-01,23.76,3.09,84.8,4.43
2009-10-02,25.5,1.38,79.71,4.1
2009-10-03,25.2,0.05,79.49,3.78
2009-10-04,25.22,0.0,77.66,3.56
2009-10-05,24.28,0.0,79.67,3.41
2009-10-06,24.89,0.01,79.44,2.93
2009-10-07,25.86,0.01,75.81,2.1
2009-10-08,25.94,0.0,77.57,1.75
2009-10-09,25.85,0.0,78.91,1.03
2009-10-10,24.63,17.23,85.84,1.05
2009-10-11,25.32,3.02,81.49,1.09
2009-10-12,24.62,4.78,85.6,1.4
2009-10-13,25.3,1.4,78.9,0.99
2009-10-14,24.93,0.03,78.51,1.08
2009-10-15,24.52,0.0,75.01,1.19
2009-10-16,24.85,0.0,70.82,1.12
2009-10-17,25.43,0.0,72.57,1.14
2009-10-18,26.0,0.0,70.41,1.04
2009-10-19,25.71,0.05,72.82,1.03
2009-10-20,26.22,0.0,71.43,1.18
2009-10-21,25.39,0.0,69.18,1.52
2009-10-22,24.77,0.0,70.02,1.55
2009-10-23,24.43,0.0,65.57,1.4
2009-10-24,24.42,0.0,68.21,1.09
2009-10-25,24.74,0.06,71.23,1.27
2009-10-26,24.58,0.0,72.76,1.86
2009-10-27,24.57,0.77,82.14,1.97
2009-10-28,23.94,6.42,84.39,2.58
2009-10-29,23.78,2.41,83.83,2.68
2009-10-30,24.67,1.35,77.11,2.5
2009-10-31,24.7,2.85,82.04,2.36
2009-11-01,24.37,0.95,79.89,2.53
2009-11-02,24.75,0.64,78.24,3.25
2009-11-03,24.64,4.68,80.87,3.14
2009-11-04,24.26,14.15,86.54,3.28
2009-11-05,23.96,5.16,87.6,2.26
2009-11-06,23.6,8.16,89.51,2.31
2009-11-07,23.0,13.59,94.03,2.89
2009-11-08,23.51,16.16,90.67,3.04
2009-11-09,23.33,16.22,90.76,2.92
2009-11-10,22.97,3.65,93.54,2.07
2009-11-11,24.25,0.81,83.34,1.1
2009-11-12,24.61,0.11,87.71,1.29
2009-11-13,24.06,0.91,88.88,1.41
2009-11-14,23.11,12.59,92.49,1.83
2009-11-15,23.16,3.25,91.23,2.28
2009-11-16,23.97,1.68,86.73,0.96
2009-11-17,23.89,3.5,89.26,1.14
2009-11-18,23.98,5.49,90.12,0.97
2009-11-19,24.3,2.29,86.67,0.94
2009-11-20,23.89,2.17,88.78,1.49
2009-11-21,23.98,2.73,86.9,1.35
2009-11-22,23.56,3.78,88.12,1.56
2009-11-23,22.79,6.17,89.69,1.17
2009-11-24,24.14,0.67,86.51,1.4
2009-11-25,24.26,0.01,85.14,1.89
2009-11-26,23.47,0.0,82.14,1.94
2009-11-27,22.28,0.0,80.28,1.78
2009-11-28,22.05,0.19,82.55,2.32
2009-11-29,22.21,0.41,81.87,2.44
2009-11-30,22.39,0.56,79.84,2.33
2009-12-01,22.38,2.55,84.41,2.57
2009-12-02,22.74,3.73,87.96,2.85
2009-12-03,23.66,2.26,88.04,2.84
2009-12-04,23.69,0.8,86.23,2.53
2009-12-05,21.99,0.0,80.28,2.05
2009-12-06,19.9,0.0,81.98,1.67
2009-12-07,20.49,0.0,78.77,1.71
2009-12-08,21.51,0.0,79.78,2.04
2009-12-09,21.77,0.0,80.73,2.51
2009-12-10,21.33,0.0,79.81,2.84
2009-12-11,21.64,0.0,76.85,2.94
2009-12-12,22.64,2.54,83.95,3.56
2009-12-13,23.98,1.25,83.92,3.07
2009-12-14,23.81,1.68,83.78,3.37
2009-12-15,23.95,12.05,86.83,3.07
2009-12-16,22.33,4.84,86.67,2.63
2009-12-17,22.43,2.24,85.61,2.43
2009-12-18,22.97,0.06,81.63,1.98
2009-12-19,23.45,0.1,80.64,2.71
2009-12-20,23.23,0.97,82.05,3.13
2009-12-21,23.08,1.69,84.86,3.61
2009-12-22,22.89,0.73,83.88,3.18
2009-12-23,22.58,0.1,83.2,2.93
2009-12-24,22.0,0.01,82.28,2.73
2009-12-25,21.81,0.0,79.23,2.38
2009-12-26,22.18,0.0,78.7,2.15
2009-12-27,21.73,6.34,83.1,1.67
2009-12-28,21.74,0.43,80.81,1.81
2009-12-29,21.89,0.0,79.01,1.93
2009-12-30,22.19,0.0,80.43,1.58
2009-12-31,22.93,0.04,79.08,1.56
2010-01-01,22.56,0.0,78.54,2.29
2010-01-02,21.92,0.0,78.36,2.32
2010-01-03,21.42,0.0,77.87,1.95
2010-01-04,21.46,0.0,74.36,1.59
2010-01-05,21.36,0.0,73.89,1.86
2010-01-06,21.44,0.0,77.55,2.33
2010-01-07,21.85,0.01,77.25,2.39
2010-01-08,22.37,0.9,82.28,2.5
2010-01-09,23.87,0.93,83.62,2.48
2010-01-10,24.31,7.77,82.12,1.87
2010-01-11,24.47,0.56,80.94,1.97
2010-01-12,25.17,0.05,77.52,1.63
2010-01-13,24.93,0.26,79.36,2.01
2010-01-14,24.94,0.02,77.13,2.24
2010-01-15,23.16,0.0,76.33,2.74
2010-01-16,22.12,0.0,77.71,2.54
2010-01-17,23.02,0.0,76.47,2.33
2010-01-18,23.23,0.0,77.48,1.9
2010-01-19,23.66,0.0,75.17,2.21
2010-01-20,23.05,0.0,71.67,2.2
2010-01-21,21.46,0.0,68.09,2.18
2010-01-22,20.83,0.0,66.7,2.09
2010-01-23,20.65,0.0,70.45,2.46
2010-01-24,21.09,0.0,69.43,2.1
2010-01-25,22.42,0.0,70.95,2.18
2010-01-26,23.05,0.0,70.99,2.55
2010-01-27,24.0,0.04,71.0,2.61
2010-01-28,23.6,0.0,71.06,2.83
2010-01-29,23.21,0.0,69.87,2.53
2010-01-30,23.16,0.0,66.04,2.26
2010-01-31,23.47,0.0,67.11,2.09
2010-02-01,22.27,0.0,70.18,1.81
2010-02-02,22.25,0.0,66.95,2.33
2010-02-03,22.4,0.0,64.91,2.5
2010-02-04,22.16,0.0,65.86,2.31
2010-02-05,22.33,0.0,68.19,2.54
2010-02-06,22.03,0.0,69.6,2.51
2010-02-07,22.62,0.0,71.75,2.54
2010-02-08,22.75,0.0,63.18,2.34
2010-02-09,23.48,0.0,62.36,1.92
2010-02-10,24.48,0.0,64.54,2.08
2010-02-11,25.33,0.0,64.43,2.4
2010-02-12,25.93,0.0,64.45,2.56
2010-02-13,25.86,0.0,63.06,2.38
2010-02-14,25.79,0.0,62.15,2.04
2010-02-15,25.21,0.0,65.75,2.2
2010-02-16,25.29,0.0,64.63,2.09
2010-02-17,25.78,0.0,65.71,1.93
2010-02-18,26.21,0.0,58.11,1.73
2010-02-19,25.26,0.0,61.55,1.66
2010-02-20,26.45,0.0,60.6,2.08
2010-02-21,27.0,0.0,60.45,2.17
2010-02-22,27.16,0.0,58.69,2.21
2010-02-23,27.69,0.0,58.17,2.15
2010-02-24,28.3,0.0,57.27,2.09
2010-02-25,28.55,0.0,53.1,2.43
2010-02-26,28.1,0.0,54.37,2.1
2010-02-27,28.24,0.0,51.93,1.87
2010-02-28,27.41,0.0,53.29,2.18
2010-03-01,26.78,0.0,51.36,2.01
2010-03-02,26.21,0.0,51.31,1.96
2010-03-03,26.98,0.0,40.12,2.06
2010-03-04,27.58,0.0,44.1,2.04
2010-03-05,28.21,0.0,47.78,2.1
2010-03-06,28.96,0.02,52.23,2.08
2010-03-07,29.95,0.0,54.96,2.01
2010-03-08,29.16,0.0,52.71,2.31
2010-03-09,28.08,0.0,56.7,2.38
2010-03-10,27.92,0.0,59.13,2.53
2010-03-11,27.96,0.0,60.5,2.82
2010-03-12,27.86,0.0,59.3,2.83
2010-03-13,28.58,0.0,53.89,2.37
2010-03-14,29.17,0.0,50.19,1.96
2010-03-15,30.17,0.0,43.84,2.34
2010-03-16,29.79,0.0,45.87,2.65
2010-03-17,28.1,0.0,52.52,2.17
2010-03-18,27.06,0.0,57.71,2.56
2010-03-19,27.26,0.0,53.06,1.96
2010-03-20,29.17,0.0,44.44,2.37
2010-03-21,29.69,0.0,35.52,2.15
2010-03-22,28.91,0.0,38.01,1.96
2010-03-23,28.79,0.0,45.12,2.17
2010-03-24,28.63,0.0,51.76,2.18
2010-03-25,28.77,0.0,52.46,2.3
2010-03-26,29.32,0.0,58.46,2.39
2010-03-27,30.17,0.05,58.78,2.66
2010-03-28,30.65,0.14,57.47,2.96
2010-03-29,31.02,0.0,55.98,2.37
2010-03-30,31.25,0.85,54.51,2.55
2010-03-31,32.11,0.81,48.25,1.57
2010-04-01,32.17,0.0,37.98,2.32
2010-04-02,32.78,0.0,46.31,2.17
2010-04-03,31.54,0.0,50.7,2.99
2010-04-04,30.58,0.0,49.47,2.72
2010-04-05,29.33,0.0,56.13,2.25
2010-04-06,31.35,0.0,50.5,2.38
2010-04-07,31.24,0.0,49.14,2.57
2010-04-08,30.28,0.01,55.39,2.29
2010-04-09,31.04,0.0,52.13,2.08
2010-04-10,31.34,0.0,45.12,1.87
2010-04-11,31.71,0.0,44.42,2.26
2010-04-12,31.64,5.29,49.97,1.95
2010-04-13,31.12,3.82,54.93,1.4
2010-04-14,30.39,9.63,61.17,1.37
2010-04-15,30.43,0.19,59.8,1.86
2010-04-16,30.02,0.0,59.88,2.23
2010-04-17,30.29,0.23,60.56,2.54
2010-04-18,30.71,0.31,56.12,1.66
2010-04-19,30.9,0.45,56.46,1.25
2010-04-20,31.32,0.87,53.07,1.15
2010-04-21,30.73,7.23,57.38,1.35
2010-04-22,30.33,0.1,59.22,1.57
2010-04-23,30.96,0.07,57.07,2.28
2010-04-24,30.61,4.96,58.44,1.81
2010-04-25,29.66,1.34,62.37,1.61
2010-04-26,29.71,0.59,61.82,2.55
2010-04-27,29.79,2.23,58.84,2.16
2010-04-28,30.02,0.46,59.21,1.98
2010-04-29,29.7,0.21,61.46,2.44
2010-04-30,27.91,18.76,71.71,2.22
2010-05-01,28.26,1.42,64.72,1.33
2010-05-02,28.68,0.74,66.78,1.08
2010-05-03,28.0,0.49,70.77,1.04
2010-05-04,28.77,3.02,68.59,1.37
2010-05-05,30.17,2.37,65.4,1.31
2010-05-06,31.23,0.59,60.72,1.87
2010-05-07,30.96,0.05,62.59,2.28
2010-05-08,30.3,0.54,64.15,1.84
2010-05-09,30.31,0.03,61.35,2.04
2010-05-10,32.36,0.0,52.22,2.6
2010-05-11,32.89,0.16,48.09,2.21
2010-05-12,33.13,0.0,48.0,1.82
2010-05-13,33.19,0.04,50.47,2.5
2010-05-14,31.07,0.9,59.68,2.21
2010-05-15,31.34,0.29,54.01,1.86
2010-05-16,30.24,9.62,59.88,1.89
2010-05-17,29.63,6.66,67.14,1.65
2010-05-18,28.87,8.35,70.6,2.44
2010-05-19,28.25,8.41,70.53,4.15
2010-05-20,28.34,3.34,68.66,4.42
2010-05-21,29.58,0.89,63.18,4.55
2010-05-22,29.01,5.2,67.27,2.63
2010-05-23,28.89,7.84,69.25,2.91
2010-05-24,29.19,0.04,66.67,4.01
2010-05-25,27.38,0.0,73.25,4.79
2010-05-26,29.81,0.0,62.92,4.81
2010-05-27,31.49,0.0,53.0,4.05
2010-05-28,30.75,20.83,59.37,4.02
2010-05-29,30.31,2.68,64.11,3.5
2010-05-30,28.86,7.09,64.95,4.22
2010-05-31,28.88,1.67,65.66,3.78
2010-06-01,29.67,1.39,63.46,2.68
2010-06-02,30.74,2.91,60.67,2.24
2010-06-03,29.05,8.04,68.4,2.84
2010-06-04,29.0,20.48,69.53,2.18
2010-06-05,26.18,2.7,74.39,2.81
2010-06-06,25.56,6.48,71.23,5.34
2010-06-07,25.63,0.63,73.23,4.16
2010-06-08,25.97,0.11,71.39,3.98
2010-06-09,26.7,6.16,75.47,2.88
2010-06-10,26.77,9.59,75.41,1.79
2010-06-11,27.38,3.97,72.46,1.34
2010-06-12,26.76,11.05,76.55,3.66
2010-06-13,27.03,1.43,76.86,3.93
2010-06-14,26.79,2.65,72.21,3.94
2010-06-15,27.3,2.76,68.74,3.82
2010-06-16,26.42,0.07,73.25,2.37
2010-06-17,27.16,4.19,70.82,3.12
2010-06-18,26.0,4.12,73.58,2.96
2010-06-19,27.56,2.03,68.65,2.71
2010-06-20,27.33,2.5,72.39,2.27
2010-06-21,27.04,7.94,74.23,1.85
2010-06-22,26.87,2.01,74.44,2.63
2010-06-23,27.35,2.05,71.92,4.3
2010-06-24,25.89,1.06,72.95,4.18
2010-06-25,26.6,0.02,67.31,4.65
2010-06-26,28.03,0.33,66.48,4.39
2010-06-27,28.19,0.4,68.59,3.11
2010-06-28,28.7,0.62,66.21,3.24
2010-06-29,28.71,0.36,67.1,3.14
2010-06-30,27.7,0.0,67.69,3.84
2010-07-01,24.98,0.09,70.87,4.14
2010-07-02,26.41,0.0,61.82,4.62
2010-07-03,26.57,0.19,63.58,4.65
2010-07-04,26.52,0.05,68.96,2.83
2010-07-05,24.85,0.43,72.73,4.26
2010-07-06,25.13,2.6,73.9,3.19
2010-07-07,25.95,2.19,71.62,2.38
2010-07-08,25.27,13.4,74.62,1.65
2010-07-09,24.78,3.58,81.65,1.31
2010-07-10,26.29,9.6,73.8,1.52
2010-07-11,27.56,1.58,72.56,1.83
2010-07-12,26.62,7.06,76.75,1.97
2010-07-13,26.57,1.2,74.22,2.2
2010-07-14,27.58,2.61,66.26,2.69
2010-07-15,27.09,3.3,72.71,2.58
2010-07-16,25.32,13.46,81.37,2.32
2010-07-17,25.35,7.48,80.41,2.83
2010-07-18,26.13,5.78,75.25,2.93
2010-07-19,25.72,1.66,78.53,3.41
2010-07-20,25.59,1.86,75.76,4.16
2010-07-21,25.26,3.9,78.68,3.24
2010-07-22,26.59,0.38,71.42,3.62
2010-07-23,26.3,0.0,70.54,3.46
2010-07-24,25.96,0.03,70.23,4.46
2010-07-25,25.05,0.46,74.66,3.94
2010-07-26,26.13,0.28,71.28,4.06
2010-07-27,26.49,1.76,72.67,3.68
2010-07-28,26.69,4.02,72.9,4.18
2010-07-29,25.83,13.79,75.69,3.85
2010-07-30,26.57,0.83,71.05,4.2
2010-07-31,26.45,0.12,70.51,3.82
2010-08-01,27.69,0.0,66.28,3.85
2010-08-02,27.18,0.3,68.63,3.26
2010-08-03,26.8,0.34,70.45,3.56
2010-08-04,26.23,0.33,72.86,3.86
2010-08-05,27.1,2.21,70.13,3.36
2010-08-06,27.76,0.34,65.68,4.01
2010-08-07,28.2,1.64,67.06,2.75
2010-08-08,27.51,0.39,69.5,3.06
2010-08-09,27.88,2.17,67.95,3.03
2010-08-10,28.44,0.22,62.87,3.28
2010-08-11,27.53,0.01,68.81,3.15
2010-08-12,26.11,3.79,78.6,2.6
2010-08-13,27.63,4.88,72.05,1.47
2010-08-14,27.2,19.94,75.38,1.25
2010-08-15,25.6,6.51,85.08,1.13
2010-08-16,25.44,24.22,83.05,2.44
2010-08-17,25.26,4.61,78.77,2.9
2010-08-18,25.59,0.84,75.6,3.03
2010-08-19,26.28,0.56,73.95,2.18
2010-08-20,24.34,23.49,89.77,1.0
2010-08-21,23.91,24.5,90.86,1.38
2010-08-22,24.43,12.13,86.13,1.77
2010-08-23,25.3,5.6,83.8,2.31
2010-08-24,25.22,8.64,84.31,2.22
2010-08-25,24.11,3.07,84.13,3.15
2010-08-26,25.21,7.16,81.8,2.48
2010-08-27,25.97,0.58,79.81,2.66
2010-08-28,26.2,0.67,80.33,2.36
2010-08-29,25.42,2.49,85.2,2.62
2010-08-30,24.24,9.86,85.53,3.25
2010-08-31,24.49,2.25,78.92,3.43
2010-09-01,25.94,0.0,75.3,3.03
2010-09-02,25.86,0.13,76.86,3.17
2010-09-03,25.79,0.79,77.56,3.01
2010-09-04,25.53,1.29,77.07,2.85
2010-09-05,25.66,0.05,76.81,3.0
2010-09-06,25.96,0.02,74.53,3.6
2010-09-07,25.55,0.26,76.06,3.53
2010-09-08,26.06,0.07,73.94,3.58
2010-09-09,26.21,6.14,77.0,2.28
2010-09-10,26.23,12.53,78.83,1.79
2010-09-11,25.38,9.8,79.45,2.03
2010-09-12,25.17,6.35,82.05,1.8
2010-09-13,24.87,22.16,81.51,1.94
2010-09-14,25.15,9.48,79.29,2.81
2010-09-15,24.5,1.41,81.71,2.77
2010-09-16,25.46,1.17,79.58,2.62
2010-09-17,25.47,1.08,78.98,2.92
2010-09-18,24.28,1.36,82.42,2.43
2010-09-19,25.67,0.22,76.42,1.74
2010-09-20,25.96,1.83,80.12,1.22
2010-09-21,25.17,2.63,85.68,0.87
2010-09-22,25.14,0.82,84.78,0.82
2010-09-23,25.07,0.35,84.11,0.85
2010-09-24,25.68,23.99,79.3,0.94
2010-09-25,25.49,10.63,83.72,0.85
2010-09-26,25.17,8.27,84.69,1.33
2010-09-27,24.78,2.74,87.85,1.88
2010-09-28,24.66,0.52,88.02,1.49
2010-09-29,24.29,3.17,85.4,1.35
2010-09-30,24.84,0.84,80.7,1.1
2010-10-01,24.84,0.92,84.63,1.07
2010-10-02,24.68,6.48,86.14,1.12
2010-10-03,24.55,3.43,87.36,0.9
2010-10-04,25.92,12.96,80.88,0.73
2010-10-05,25.64,2.87,83.43,0.86
2010-10-06,25.73,12.74,85.35,2.46
2010-10-07,25.9,0.5,80.5,1.85
2010-10-08,25.51,0.88,82.8,1.35
2010-10-09,25.26,0.34,83.37,1.69
2010-10-10,24.76,1.26,84.35,2.03
2010-10-11,24.08,3.52,89.81,1.16
2010-10-12,25.56,0.1,79.81,1.76
2010-10-13,25.12,1.4,80.08,1.78
2010-10-14,24.96,9.03,80.42,2.52
2010-10-15,25.11,3.49,81.28,2.92
2010-10-16,24.93,2.1,81.16,2.96
2010-10-17,24.83,0.15,76.69,2.45
2010-10-18,25.41,0.0,73.11,1.81
2010-10-19,25.25,14.85,82.42,1.17
2010-10-20,24.87,4.21,86.38,1.2
2010-10-21,24.76,4.26,84.78,1.56
2010-10-22,24.07,1.89,88.87,1.82
2010-10-23,25.16,0.57,82.5,1.81
2010-10-24,25.76,0.2,80.48,2.02
2010-10-25,25.82,2.7,81.55,1.12
2010-10-26,24.0,8.54,92.14,1.11
2010-10-27,24.33,5.48,88.11,0.91
2010-10-28,23.6,11.39,90.61,1.32
2010-10-29,23.12,5.86,89.23,1.66
2010-10-30,23.3,2.43,93.08,1.69
2010-10-31,23.67,6.33,87.73,1.66
2010-11-01,23.58,19.98,89.05,1.25
2010-11-02,23.82,13.95,88.37,0.94
2010-11-03,23.94,6.73,90.26,1.17
2010-11-04,23.9,6.83,90.02,1.56
2010-11-05,23.91,3.0,88.65,1.53
2010-11-06,23.15,1.46,89.61,1.47
2010-11-07,22.33,43.16,90.36,4.78
2010-11-08,23.94,4.46,86.7,3.45
2010-11-09,24.34,6.28,92.33,1.73
2010-11-10,24.13,2.79,89.5,1.26
2010-11-11,23.42,5.05,90.09,1.13
2010-11-12,23.86,3.8,86.83,0.98
2010-11-13,24.26,0.62,87.63,1.25
2010-11-14,23.81,0.05,87.04,1.41
2010-11-15,23.65,5.79,89.18,1.68
2010-11-16,23.05,15.45,93.24,2.41
2010-11-17,23.78,9.49,90.99,4.03
2010-11-18,23.06,9.17,91.86,1.54
2010-11-19,22.49,1.81,90.6,1.23
2010-11-20,22.88,7.59,89.1,1.42
2010-11-21,22.9,4.92,90.25,0.83
2010-11-22,23.28,7.19,89.6,1.11
2010-11-23,23.49,2.66,88.14,1.41
2010-11-24,23.17,1.25,89.81,1.84
2010-11-25,22.66,1.06,90.91,1.98
2010-11-26,22.29,14.12,91.4,2.55
2010-11-27,21.17,4.48,92.72,2.57
2010-11-28,22.24,3.58,93.58,2.14
2010-11-29,22.16,0.04,91.27,1.9
2010-11-30,22.64,3.82,89.99,2.69
2010-12-01,22.71,14.74,93.54,2.76
2010-12-02,22.74,10.86,92.72,2.68
2010-12-03,22.07,3.95,91.45,2.51
2010-12-04,21.38,1.11,91.14,2.64
2010-12-05,19.81,5.84,88.76,4.04
2010-12-06,19.49,2.55,88.68,3.1
2010-12-07,21.05,1.63,91.04,2.55
2010-12-08,22.56,1.72,89.67,1.97
2010-12-09,23.92,0.15,85.91,0.98
2010-12-10,23.66,2.49,81.59,1.49
2010-12-11,23.82,0.49,78.29,1.32
2010-12-12,23.39,4.38,84.14,0.78
2010-12-13,22.48,2.48,90.37,1.73
2010-12-14,22.82,1.49,89.52,1.57
2010-12-15,22.83,5.47,90.97,2.23
2010-12-16,22.73,2.93,89.69,2.5
2010-12-17,22.54,0.67,89.3,2.22
2010-12-18,21.25,0.01,86.56,2.33
2010-12-19,19.9,2.28,87.82,2.57
2010-12-20,21.34,4.09,91.11,3.38
2010-12-21,20.31,0.06,85.54,2.64
2010-12-22,18.15,0.0,81.33,1.66
2010-12-23,18.59,0.0,84.97,1.49
2010-12-24,19.06,0.0,84.77,1.83
2010-12-25,19.23,0.0,86.56,1.88
2010-12-26,19.54,0.0,84.57,1.95
2010-12-27,19.09,0.0,83.49,1.79
2010-12-28,19.74,0.82,87.78,2.08
2010-12-29,20.77,0.1,88.71,2.61
2010-12-30,20.93,0.12,86.16,1.95
2010-12-31,20.71,0.01,85.33,1.45
2011-01-01,22.09,0.0,85.86,1.44
2011-01-02,22.59,1.25,87.19,1.85
2011-01-03,21.91,0.02,86.31,2.15
2011-01-04,21.09,7.24,92.94,2.09
2011-01-05,21.06,0.34,91.17,2.41
2011-01-06,21.22,0.0,83.2,2.67
2011-01-07,21.61,0.02,84.35,2.99
2011-01-08,22.72,0.0,84.38,2.83
2011-01-09,22.14,0.0,81.93,2.27
2011-01-10,21.59,0.0,79.75,2.42
2011-01-11,19.89,0.0,67.64,1.92
2011-01-12,19.13,0.0,82.44,1.74
2011-01-13,19.66,0.0,79.05,1.73
2011-01-14,19.92,0.0,81.26,2.2
2011-01-15,20.59,0.0,82.03,2.23
2011-01-16,21.52,0.0,81.39,1.75
2011-01-17,21.69,0.0,78.46,1.09
2011-01-18,20.8,0.0,73.26,1.5
2011-01-19,20.58,0.0,73.5,1.28
2011-01-20,20.57,0.0,77.61,1.37
2011-01-21,21.01,0.0,77.75,1.9
2011-01-22,21.17,0.0,79.98,2.1
2011-01-23,20.86,0.0,80.48,2.24
2011-01-24,20.58,0.0,79.55,2.42
2011-01-25,20.64,0.0,79.56,2.42
2011-01-26,21.14,0.0,81.11,2.62
2011-01-27,21.46,0.0,79.38,2.46
2011-01-28,21.72,0.0,78.46,2.16
2011-01-29,22.04,0.0,78.56,2.52
2011-01-30,22.23,0.0,77.36,2.5
2011-01-31,22.07,0.0,77.07,2.75
2011-02-01,21.52,0.0,70.96,2.66
2011-02-02,21.38,0.0,73.58,2.78
2011-02-03,21.77,0.0,74.63,2.81
2011-02-04,21.21,0.0,73.09,2.48
2011-02-05,20.7,0.0,70.57,2.45
2011-02-06,20.52,0.0,72.37,2.07
2011-02-07,21.18,0.0,71.07,2.1
2011-02-08,21.17,0.0,64.62,2.02
2011-02-09,21.1,0.0,65.18,1.81
2011-02-10,21.09,0.0,59.78,2.1
2011-02-11,20.93,0.0,69.5,2.39
2011-02-12,21.14,0.0,66.24,2.0
2011-02-13,21.01,0.0,63.12,2.23
2011-02-14,21.61,0.0,69.62,1.91
2011-02-15,23.26,0.0,67.8,1.36
2011-02-16,24.6,0.0,69.83,1.32
2011-02-17,25.65,0.0,68.94,1.41
2011-02-18,26.19,0.0,70.82,1.76
2011-02-19,26.38,0.0,69.92,1.95
2011-02-20,26.63,0.0,69.81,2.34
2011-02-21,26.11,9.15,72.93,1.92
2011-02-22,24.96,1.63,78.23,2.78
2011-02-23,24.8,0.31,76.08,2.79
2011-02-24,23.89,0.91,77.88,1.47
2011-02-25,24.53,1.79,73.14,1.65
2011-02-26,24.7,0.88,71.39,1.96
2011-02-27,24.09,0.0,69.37,2.3
2011-02-28,23.95,0.0,67.14,2.65
2011-03-01,24.08,0.0,68.38,2.63
2011-03-02,23.77,0.0,61.79,2.44
2011-03-03,23.44,0.0,55.95,2.21
2011-03-04,24.57,0.0,56.19,1.84
2011-03-05,25.1,0.0,57.53,1.77
2011-03-06,24.65,0.0,50.83,2.23
2011-03-07,25.98,0.0,41.91,2.46
2011-03-08,27.42,0.0,40.98,2.1
2011-03-09,27.61,0.0,38.61,2.07
2011-03-10,26.57,0.0,46.92,2.17
2011-03-11,25.84,0.0,51.48,2.07
2011-03-12,26.01,0.0,65.4,2.51
2011-03-13,27.22,0.0,61.34,2.88
2011-03-14,27.15,0.0,61.55,3.06
2011-03-15,27.1,0.0,59.97,2.76
2011-03-16,26.76,0.0,59.6,3.0
2011-03-17,25.45,0.0,57.87,2.89
2011-03-18,25.22,0.0,58.61,2.3
2011-03-19,26.34,0.0,55.3,1.92
2011-03-20,28.14,0.0,56.55,1.86
2011-03-21,29.17,0.0,59.1,2.01
2011-03-22,29.71,0.0,53.83,2.32
2011-03-23,28.42,0.0,53.37,2.33
2011-03-24,27.94,0.0,55.11,2.19
2011-03-25,28.7,0.17,55.13,2.49
2011-03-26,29.08,0.0,54.69,2.41
2011-03-27,29.62,0.0,53.78,2.24
2011-03-28,29.81,0.0,49.91,2.24
2011-03-29,29.6,0.0,49.8,2.04
2011-03-30,29.65,0.0,48.42,2.24
2011-03-31,29.83,0.0,43.23,2.23
2011-04-01,30.65,0.0,42.19,2.03
2011-04-02,30.83,0.0,48.68,2.64
2011-04-03,31.09,0.0,46.12,2.17
2011-04-04,31.64,0.01,42.77,2.48
2011-04-05,30.84,0.01,44.14,2.9
2011-04-06,29.79,0.0,47.48,3.2
2011-04-07,28.41,0.0,52.84,2.59
2011-04-08,28.7,0.0,56.92,2.46
2011-04-09,29.41,0.0,56.86,2.7
2011-04-10,29.18,0.0,57.72,3.0
2011-04-11,29.7,0.0,53.63,2.59
2011-04-12,29.62,0.0,54.08,2.25
2011-04-13,30.48,0.0,53.77,2.72
2011-04-14,30.13,0.0,54.28,2.47
2011-04-15,29.61,3.2,58.13,2.5
2011-04-16,28.28,0.0,60.51,2.36
2011-04-17,29.09,0.0,55.83,2.44
2011-04-18,29.87,0.08,50.72,2.31
2011-04-19,29.94,2.56,50.86,1.77
2011-04-20,28.6,1.59,53.94,2.64
2011-04-21,27.43,12.87,60.25,1.98
2011-04-22,25.23,28.03,81.2,1.82
2011-04-23,24.17,30.11,85.9,1.65
2011-04-24,25.42,2.9,80.64,2.19
2011-04-25,25.77,5.49,80.56,2.32
2011-04-26,27.2,4.17,73.11,1.62
2011-04-27,27.67,0.13,71.76,1.8
2011-04-28,28.91,1.91,67.59,1.26
2011-04-29,29.39,0.26,65.71,1.92
2011-04-30,28.56,0.04,69.99,1.16
2011-05-01,27.92,0.08,72.38,0.82
2011-05-02,28.96,1.74,66.9,1.2
2011-05-03,29.66,2.97,63.6,1.81
2011-05-04,29.65,0.32,63.84,2.13
2011-05-05,28.5,1.26,65.67,2.38
2011-05-06,30.27,0.55,59.15,2.24
2011-05-07,30.14,0.0,53.81,2.94
2011-05-08,29.53,0.0,56.76,2.36
2011-05-09,30.28,0.0,55.92,2.13
2011-05-10,30.64,0.01,55.35,2.28
2011-05-11,31.2,0.02,53.42,1.56
2011-05-12,30.79,0.02,55.98,1.93
2011-05-13,31.07,3.54,54.62,1.58
2011-05-14,30.86,1.13,57.98,1.55
2011-05-15,31.3,0.0,52.76,1.46
2011-05-16,30.77,0.01,56.08,1.99
2011-05-17,30.13,0.56,58.96,1.99
2011-05-18,28.93,5.47,65.57,1.51
2011-05-19,29.84,2.52,64.59,1.56
2011-05-20,28.68,2.87,69.01,1.02
2011-05-21,26.64,0.16,73.27,2.66
2011-05-22,28.57,0.0,62.61,2.3
2011-05-23,30.38,0.09,58.51,1.75
2011-05-24,31.29,2.35,59.1,1.1
2011-05-25,29.74,2.03,64.78,1.5
2011-05-26,29.48,0.78,61.18,1.33
2011-05-27,29.61,0.04,60.13,1.7
2011-05-28,28.4,0.01,63.53,2.64
2011-05-29,28.95,0.0,60.23,2.25
2011-05-30,29.39,5.9,64.98,2.44
2011-05-31,30.46,1.96,61.89,2.47
2011-06-01,29.1,1.84,64.28,2.92
2011-06-02,26.92,0.28,73.64,2.74
2011-06-03,26.97,0.11,72.0,2.49
2011-06-04,28.65,1.25,64.42,3.41
2011-06-05,28.82,0.01,61.25,3.6
2011-06-06,29.09,3.27,59.02,3.52
2011-06-07,28.2,0.51,56.82,3.31
2011-06-08,28.54,1.0,55.1,3.77
2011-06-09,29.22,0.13,56.1,3.21
2011-06-10,29.21,0.0,57.71,3.95
2011-06-11,30.27,0.0,53.09,4.2
2011-06-12,29.19,0.0,57.66,3.73
2011-06-13,29.84,0.01,52.2,5.52
2011-06-14,28.69,0.26,53.97,4.98
2011-06-15,27.93,0.0,51.36,5.69
2011-06-16,28.68,0.13,50.67,5.8
2011-06-17,27.35,0.49,51.63,6.25
2011-06-18,29.06,0.0,46.33,6.81
2011-06-19,30.36,0.0,52.52,5.47
2011-06-20,30.44,0.0,50.03,4.89
2011-06-21,30.92,0.0,47.82,4.96
2011-06-22,31.03,0.49,48.9,5.38
2011-06-23,31.15,0.39,50.3,4.14
2011-06-24,30.8,0.62,52.29,3.59
2011-06-25,29.82,4.73,56.69,4.5
2011-06-26,28.43,0.94,62.08,4.78
2011-06-27,28.47,0.02,57.25,5.43
2011-06-28,28.37,0.0,51.92,5.53
2011-06-29,28.8,0.0,52.12,4.35
2011-06-30,29.37,2.48,52.67,2.49
2011-07-01,28.15,18.35,66.5,2.87
2011-07-02,27.48,7.15,68.31,3.14
2011-07-03,27.51,3.42,61.94,3.75
2011-07-04,27.24,6.77,62.15,4.18
2011-07-05,25.69,3.86,62.16,3.8
2011-07-06,26.66,2.32,61.59,3.73
2011-07-07,26.95,0.02,63.59,2.81
2011-07-08,25.71,0.05,69.37,2.5
2011-07-09,27.32,3.1,67.8,2.58
2011-07-10,28.51,0.94,58.38,2.35
2011-07-11,27.58,0.28,66.36,3.21
2011-07-12,27.84,0.03,63.7,4.63
2011-07-13,26.58,0.0,59.65,5.21
2011-07-14,27.14,0.68,55.09,6.1
2011-07-15,28.05,0.12,54.93,6.25
2011-07-16,27.02,3.25,63.89,5.12
2011-07-17,27.18,0.34,66.72,4.3
2011-07-18,26.6,0.04,65.66,4.62
2011-07-19,27.2,0.14,64.1,4.43
2011-07-20,27.23,1.03,64.01,5.2
2011-07-21,28.52,0.06,56.3,5.08
2011-07-22,28.58,0.05,57.45,4.57
2011-07-23,28.46,0.0,57.2,4.71
2011-07-24,28.55,6.43,60.91,4.32
2011-07-25,27.16,4.93,67.58,2.95
2011-07-26,26.96,13.03,71.36,2.06
2011-07-27,26.99,3.6,68.66,3.4
2011-07-28,25.4,5.16,75.38,3.41
2011-07-29,25.1,0.28,73.26,3.25
2011-07-30,25.63,0.4,73.34,3.13
2011-07-31,28.07,0.5,62.07,4.07
2011-08-01,27.69,0.1,61.6,4.12
2011-08-02,27.98,1.08,62.93,4.68
2011-08-03,26.12,1.14,70.83,3.8
2011-08-04,27.62,1.92,65.98,4.12
2011-08-05,27.53,8.48,67.61,3.99
2011-08-06,27.32,2.18,65.19,4.78
2011-08-07,27.36,5.88,66.74,4.32
2011-08-08,27.05,5.34,68.91,3.6
2011-08-09,27.61,0.94,66.3,3.14
2011-08-10,27.73,2.7,65.03,3.18
2011-08-11,27.12,5.41,68.92,3.42
2011-08-12,27.07,0.33,67.96,3.54
2011-08-13,27.64,0.03,65.36,2.56
2011-08-14,26.81,0.0,66.97,1.9
2011-08-15,26.74,9.19,72.68,1.31
2011-08-16,27.03,13.76,72.76,2.04
2011-08-17,25.41,10.0,79.27,1.33
2011-08-18,25.28,5.79,80.56,1.8
2011-08-19,25.92,0.15,76.53,2.15
2011-08-20,25.78,11.57,79.62,1.92
2011-08-21,25.29,1.33,80.25,1.83
2011-08-22,26.89,0.36,70.11,1.67
2011-08-23,26.16,8.65,73.34,1.92
2011-08-24,25.28,3.53,78.78,2.6
2011-08-25,25.72,7.78,76.86,2.68
2011-08-26,25.76,6.38,75.13,3.0
2011-08-27,26.04,1.5,71.96,3.59
2011-08-28,25.44,0.0,73.45,3.73
2011-08-29,25.56,0.26,72.94,3.85
2011-08-30,26.1,1.44,65.06,4.12
2011-08-31,25.6,0.83,72.46,3.69
2011-09-01,25.75,1.9,77.32,3.68
2011-09-02,26.04,1.68,76.17,3.21
2011-09-03,26.15,0.66,73.46,3.24
2011-09-04,26.95,5.2,71.77,2.8
2011-09-05,26.87,5.1,72.31,2.74
2011-09-06,25.82,5.2,77.2,3.02
2011-09-07,26.73,0.02,69.22,3.29
2011-09-08,27.17,2.04,70.6,2.7
2011-09-09,27.21,1.55,73.05,2.2
2011-09-10,26.99,3.02,73.18,2.09
2011-09-11,27.17,1.84,69.78,2.76
2011-09-12,26.84,9.53,72.55,1.74
2011-09-13,25.61,4.69,74.94,1.77
2011-09-14,26.12,2.13,73.56,2.42
2011-09-15,26.38,2.98,75.79,2.64
2011-09-16,27.16,8.02,72.1,2.65
2011-09-17,26.92,0.26,70.05,2.63
2011-09-18,26.68,0.22,69.97,2.69
2011-09-19,26.5,21.19,75.21,1.96
2011-09-20,25.36,10.7,80.5,2.24
2011-09-21,25.92,0.01,72.38,3.29
2011-09-22,26.25,0.0,67.37,3.02
2011-09-23,26.65,0.0,62.07,2.44
2011-09-24,26.79,0.07,60.93,2.14
2011-09-25,27.09,1.14,67.01,1.11
2011-09-26,28.33,0.11,63.05,1.44
2011-09-27,28.28,0.02,63.35,1.57
2011-09-28,28.11,2.44,65.74,1.56
2011-09-29,27.25,1.18,70.04,1.79
2011-09-30,26.35,24.48,74.32,1.03
2011-10-01,26.28,10.56,75.03,1.05
2011-10-02,26.04,3.08,77.75,1.07
2011-10-03,26.5,2.27,75.37,1.03
2011-10-04,26.3,0.73,75.08,1.17
2011-10-05,25.95,0.02,69.98,0.93
2011-10-06,25.71,3.09,76.78,1.12
2011-10-07,26.34,0.87,78.13,0.7
2011-10-08,26.19,16.81,77.28,0.92
2011-10-09,26.17,12.23,80.49,1.08
2011-10-10,25.8,3.74,82.74,0.94
2011-10-11,25.28,4.96,83.12,0.44
2011-10-12,24.83,10.3,82.63,0.82
2011-10-13,25.11,2.08,82.6,1.05
2011-10-14,25.02,0.02,84.63,1.07
2011-10-15,25.5,4.64,82.96,1.0
2011-10-16,25.42,7.3,82.2,1.04
2011-10-17,25.35,1.31,80.92,1.18
2011-10-18,25.6,0.49,78.94,1.34
2011-10-19,25.71,0.03,77.54,1.14
2011-10-20,26.05,0.01,75.94,1.13
2011-10-21,25.64,0.01,78.08,1.28
2011-10-22,25.62,0.47,79.57,1.72
2011-10-23,24.12,4.42,84.77,1.64
2011-10-24,24.1,10.81,86.36,2.21
2011-10-25,23.13,10.86,89.18,2.23
2011-10-26,23.33,12.02,87.6,3.05
2011-10-27,23.21,4.3,87.13,2.38
2011-10-28,23.08,3.67,87.62,2.51
2011-10-29,22.64,17.06,88.26,1.89
2011-10-30,23.09,5.47,87.19,2.25
2011-10-31,23.36,4.45,88.45,2.47
2011-11-01,23.62,14.16,89.36,2.6
2011-11-02,23.34,5.16,90.83,1.71
2011-11-03,23.33,10.24,91.15,1.98
2011-11-04,23.96,7.14,89.44,2.28
2011-11-05,23.85,11.03,91.95,1.98
2011-11-06,24.33,4.88,87.9,2.27
2011-11-07,22.24,0.08,79.83,1.66
2011-11-08,21.17,0.0,74.96,1.67
2011-11-09,21.62,0.0,73.99,1.57
2011-11-10,21.59,0.0,77.73,1.74
2011-11-11,21.93,0.0,82.83,1.73
2011-11-12,21.83,0.0,75.97,1.45
2011-11-13,22.09,0.0,81.06,1.56
2011-11-14,22.53,0.02,81.66,2.01
2011-11-15,22.25,0.0,81.43,2.3
2011-11-16,22.63,0.09,76.08,2.71
2011-11-17,23.25,3.6,85.57,2.98
2011-11-18,23.27,1.69,83.9,2.93
2011-11-19,21.6,0.0,76.51,2.56
2011-11-20,21.27,0.0,79.22,2.61
2011-11-21,21.64,0.0,80.68,2.64
2011-11-22,21.52,0.06,78.51,2.52
2011-11-23,21.92,0.41,82.75,2.98
2011-11-24,22.98,7.51,85.43,3.85
2011-11-25,23.8,16.51,88.94,4.1
2011-11-26,23.58,12.6,91.39,4.11
2011-11-27,23.79,3.69,92.06,3.14
2011-11-28,23.7,1.77,88.85,2.81
2011-11-29,23.8,0.46,86.07,2.12
2011-11-30,23.76,0.13,83.68,2.21
2011-12-01,23.39,0.01,83.12,1.38
2011-12-02,22.45,0.0,81.92,0.79
2011-12-03,23.26,0.0,78.33,1.08
2011-12-04,22.87,0.0,79.5,1.2
2011-12-05,22.62,0.0,79.96,1.63
2011-12-06,22.32,0.0,78.61,1.93
2011-12-07,21.5,0.0,79.69,2.42
2011-12-08,21.93,0.15,83.05,2.2
2011-12-09,23.92,3.37,85.17,2.83
2011-12-10,24.11,0.71,82.21,2.18
2011-12-11,23.51,0.0,81.27,2.03
2011-12-12,23.22,0.0,79.34,2.47
2011-12-13,22.76,0.04,78.41,2.73
2011-12-14,22.54,0.26,77.15,2.84
2011-12-15,22.13,1.98,84.84,3.49
2011-12-16,21.49,0.02,77.7,2.57
2011-12-17,20.34,0.0,76.01,2.54
2011-12-18,20.37,0.0,77.59,2.91
2011-12-19,20.8,0.0,76.93,2.4
2011-12-20,20.18,0.0,79.57,2.52
2011-12-21,20.29,0.0,80.85,2.53
2011-12-22,20.17,0.0,75.57,2.5
2011-12-23,20.6,0.0,76.74,2.45
2011-12-24,20.78,0.0,72.73,2.6
2011-12-25,20.4,0.0,71.96,2.63
2011-12-26,20.33,0.0,68.05,2.25
2011-12-27,21.18,0.0,57.67,1.72
2011-12-28,22.48,0.0,47.8,2.0
2011-12-29,23.59,5.72,70.41,4.31
2011-12-30,21.59,24.16,89.61,6.08
2011-12-31,22.73,2.14,82.93,2.74
2012-01-01,24.04,0.2,81.44,1.79
2012-01-02,24.44,0.01,80.47,1.6
2012-01-03,24.81,0.01,79.61,1.59
2012-01-04,24.96,0.0,77.45,1.84
2012-01-05,24.38,0.0,76.6,1.73
2012-01-06,22.93,0.0,76.13,1.47
2012-01-07,22.58,0.0,74.67,1.69
2012-01-08,22.29,0.03,74.69,1.77
2012-01-09,23.48,0.02,74.56,1.61
2012-01-10,23.8,0.0,74.63,2.0
2012-01-11,23.16,1.4,76.65,1.7
2012-01-12,22.83,0.14,76.95,2.23
2012-01-13,22.54,0.02,75.61,2.93
2012-01-14,21.33,0.0,69.14,2.46
2012-01-15,19.63,0.0,67.16,2.14
2012-01-16,19.74,0.0,65.32,1.66
2012-01-17,20.58,0.0,64.42,1.5
2012-01-18,21.42,0.0,63.0,1.28
2012-01-19,21.9,0.0,66.27,1.64
2012-01-20,22.39,0.0,64.9,1.49
2012-01-21,22.15,0.0,65.71,1.75
2012-01-22,21.72,0.0,68.98,2.24
2012-01-23,21.35,0.0,70.31,2.21
2012-01-24,20.37,0.0,71.06,1.85
2012-01-25,20.71,0.0,71.03,2.13
2012-01-26,21.54,0.0,69.17,2.08
2012-01-27,22.35,0.0,69.27,2.0
2012-01-28,22.9,0.0,70.36,2.15
2012-01-29,22.83,0.0,68.6,2.21
2012-01-30,22.65,0.23,67.91,2.69
2012-01-31,21.93,0.1,67.46,2.81
2012-02-01,21.76,0.0,68.32,2.9
2012-02-02,21.65,0.0,70.87,3.01
2012-02-03,22.31,0.0,67.81,2.94
2012-02-04,22.56,0.0,64.93,2.4
2012-02-05,23.01,0.0,63.84,2.4
2012-02-06,23.41,0.0,65.12,1.93
2012-02-07,24.1,0.0,58.94,2.02
2012-02-08,25.11,0.0,62.91,1.97
2012-02-09,25.35,0.0,65.25,1.97
2012-02-10,25.51,0.0,67.71,2.22
2012-02-11,25.25,0.0,66.89,2.15
2012-02-12,25.2,0.0,65.6,2.34
2012-02-13,25.33,0.0,65.58,2.46
2012-02-14,25.53,0.0,61.54,2.07
2012-02-15,25.97,0.0,59.66,1.85
2012-02-16,26.64,0.0,62.38,2.3
2012-02-17,25.88,0.0,62.46,2.58
2012-02-18,24.69,0.0,59.78,2.53
2012-02-19,24.3,0.0,55.83,2.42
2012-02-20,25.33,0.0,50.49,2.11
2012-02-21,25.68,0.0,56.47,2.4
2012-02-22,25.05,0.0,57.09,2.27
2012-02-23,24.82,0.0,47.85,2.59
2012-02-24,25.25,0.0,41.8,2.43
2012-02-25,25.42,0.0,35.59,2.37
2012-02-26,24.98,0.0,36.98,2.63
2012-02-27,25.36,0.0,40.79,2.58
2012-02-28,26.87,0.0,42.94,1.51
2012-02-29,28.59,0.0,56.84,2.01
2012-03-01,29.05,0.0,59.03,2.08
2012-03-02,29.3,0.0,55.97,1.85
2012-03-03,30.0,0.0,48.65,1.58
2012-03-04,29.58,0.0,55.8,2.15
2012-03-05,28.47,0.0,59.39,2.49
2012-03-06,28.3,0.0,49.89,1.8
2012-03-07,28.72,0.0,50.58,1.71
2012-03-08,29.58,0.0,47.61,1.46
2012-03-09,29.62,0.0,44.21,2.05
2012-03-10,28.56,0.0,57.05,2.21
2012-03-11,27.45,0.0,55.43,3.05
2012-03-12,27.4,0.12,61.54,2.98
2012-03-13,27.81,0.13,63.42,2.91
2012-03-14,28.63,0.03,61.04,2.77
2012-03-15,29.14,0.01,57.52,2.63
2012-03-16,29.54,0.0,55.02,2.21
2012-03-17,29.31,0.0,49.87,2.06
2012-03-18,29.4,0.0,49.7,2.11
2012-03-19,29.68,0.0,42.87,1.91
2012-03-20,30.06,0.0,42.77,2.17
2012-03-21,30.11,0.0,49.9,2.21
2012-03-22,29.89,0.0,50.99,2.06
2012-03-23,29.49,0.0,51.81,2.45
2012-03-24,28.41,0.0,46.77,2.35
2012-03-25,27.62,0.0,45.92,2.32
2012-03-26,26.8,0.0,53.38,2.37
2012-03-27,27.38,0.01,54.96,2.2
2012-03-28,28.9,0.02,55.59,2.41
2012-03-29,30.02,0.0,50.62,2.06
2012-03-30,30.82,0.54,49.25,2.07
2012-03-31,29.94,1.02,55.61,2.42
2012-04-01,29.06,0.65,56.62,2.76
2012-04-02,29.25,0.06,51.62,2.53
2012-04-03,29.32,0.0,51.23,2.21
2012-04-04,29.76,0.0,47.29,2.13
2012-04-05,30.78,0.0,44.67,2.15
2012-04-06,30.69,0.01,48.19,2.55
2012-04-07,31.06,0.0,49.6,2.87
2012-04-08,30.7,0.02,52.62,3.03
2012-04-09,30.68,0.93,51.84,2.52
2012-04-10,31.21,0.12,50.68,2.46
2012-04-11,30.93,0.0,50.41,2.73
2012-04-12,30.96,0.01,50.76,2.45
2012-04-13,31.05,0.05,50.22,2.65
2012-04-14,29.49,0.0,55.38,2.8
2012-04-15,29.71,0.0,54.98,2.55
2012-04-16,30.39,0.12,53.74,2.45
2012-04-17,31.51,0.18,49.52,2.41
2012-04-18,32.15,0.71,47.45,2.63
2012-04-19,31.14,0.02,50.35,2.3
2012-04-20,29.92,0.43,52.82,1.82
2012-04-21,32.03,0.03,44.7,2.79
2012-04-22,31.48,0.0,49.28,2.5
2012-04-23,31.1,0.15,51.6,2.58
2012-04-24,30.86,2.73,53.82,1.91
2012-04-25,27.4,12.33,69.97,2.1
2012-04-26,25.37,5.45,80.98,1.38
2012-04-27,26.47,2.38,81.25,1.6
2012-04-28,27.43,1.78,73.59,2.33
2012-04-29,28.07,2.24,69.54,1.81
2012-04-30,29.0,3.42,64.95,0.97
2012-05-01,29.43,1.68,65.66,1.56
2012-05-02,28.96,0.29,65.87,1.84
2012-05-03,30.62,0.33,58.63,2.32
2012-05-04,30.9,0.53,56.92,2.79
2012-05-05,31.31,0.0,50.88,2.56
2012-05-06,32.04,0.0,46.9,2.44
2012-05-07,32.22,0.01,43.63,2.16
2012-05-08,30.83,8.78,55.88,1.51
2012-05-09,31.07,0.67,55.1,1.2
2012-05-10,30.74,7.86,56.11,1.18
2012-05-11,29.67,0.36,61.04,1.23
2012-05-12,28.5,8.1,68.03,1.74
2012-05-13,29.83,0.13,58.76,2.12
2012-05-14,30.15,0.45,60.93,1.35
2012-05-15,30.09,8.03,63.68,1.56
2012-05-16,29.71,1.64,61.37,1.91
2012-05-17,31.02,0.0,57.91,2.29
2012-05-18,31.49,3.64,54.87,2.05
2012-05-19,31.06,2.81,61.23,2.03
2012-05-20,27.47,7.14,72.54,2.52
2012-05-21,28.73,1.55,65.66,2.83
2012-05-22,28.74,0.19,63.79,2.39
2012-05-23,29.69,0.0,58.34,2.44
2012-05-24,30.44,0.0,58.66,2.99
2012-05-25,30.18,0.0,56.74,3.25
2012-05-26,27.97,0.27,67.65,2.94
2012-05-27,29.31,0.13,60.68,3.44
2012-05-28,30.97,0.0,54.47,3.69
2012-05-29,28.76,0.0,62.41,3.86
2012-05-30,30.14,0.0,57.59,3.09
2012-05-31,31.05,0.0,52.07,3.44
2012-06-01,29.73,0.0,54.01,4.97
2012-06-02,32.72,0.0,44.37,3.15
2012-06-03,31.43,1.77,50.05,3.58
2012-06-04,31.01,0.17,52.33,3.59
2012-06-05,30.76,0.0,49.72,5.02
2012-06-06,29.9,0.01,46.88,4.52
2012-06-07,29.52,2.22,49.2,4.91
2012-06-08,28.13,3.45,54.45,4.08
2012-06-09,29.53,0.14,53.81,4.34
2012-06-10,30.51,0.0,48.81,4.08
2012-06-11,31.04,0.0,45.18,3.75
2012-06-12,31.04,2.45,48.0,3.59
2012-06-13,29.5,5.41,55.23,2.53
2012-06-14,28.5,4.43,62.31,2.51
2012-06-15,28.54,0.42,59.98,2.81
2012-06-16,28.16,2.3,62.86,3.69
2012-06-17,26.49,2.07,66.46,4.57
2012-06-18,26.17,0.25,67.63,5.51
2012-06-19,28.53,0.01,52.61,6.35
2012-06-20,28.91,0.05,54.1,5.48
2012-06-21,27.88,2.14,58.54,5.02
2012-06-22,29.23,0.0,52.59,4.47
2012-06-23,30.14,0.0,51.12,3.44
2012-06-24,30.08,0.0,50.75,2.92
2012-06-25,29.62,1.82,53.54,2.84
2012-06-26,29.0,3.13,59.49,2.7
2012-06-27,27.49,2.68,61.7,3.31
2012-06-28,26.27,6.53,67.29,3.43
2012-06-29,26.9,1.91,66.88,3.7
2012-06-30,27.56,3.22,64.35,4.27
2012-07-01,27.24,0.01,61.81,4.39
2012-07-02,26.64,1.49,65.91,4.03
2012-07-03,27.73,0.22,62.19,4.53
2012-07-04,28.47,0.0,58.03,4.54
2012-07-05,29.03,0.01,54.07,3.94
2012-07-06,29.62,0.0,55.33,2.68
2012-07-07,29.76,1.59,56.28,2.75
2012-07-08,28.9,0.2,58.87,2.61
2012-07-09,28.27,3.21,62.64,2.27
2012-07-10,27.05,4.98,67.16,3.27
2012-07-11,28.69,0.7,58.34,2.8
2012-07-12,28.11,1.89,63.86,2.72
2012-07-13,28.96,12.91,63.86,2.5
2012-07-14,26.48,18.24,76.69,2.12
2012-07-15,26.29,12.06,74.96,2.21
2012-07-16,27.04,1.25,68.54,1.38
2012-07-17,25.99,10.4,75.94,1.56
2012-07-18,26.54,0.11,67.24,3.23
2012-07-19,27.88,0.0,60.53,4.2
2012-07-20,27.68,0.0,63.94,4.34
2012-07-21,28.41,0.45,63.08,4.3
2012-07-22,27.84,0.22,65.18,4.43
2012-07-23,28.24,0.0,63.04,3.97
2012-07-24,28.02,0.0,62.75,3.88
2012-07-25,28.51,0.06,60.75,3.93
2012-07-26,28.57,0.16,60.13,4.19
2012-07-27,28.34,1.83,60.62,3.74
2012-07-28,28.43,0.02,60.08,4.08
2012-07-29,28.46,0.0,57.54,4.08
2012-07-30,27.4,0.0,60.19,3.94
2012-07-31,28.36,0.0,57.8,4.49
2012-08-01,28.65,0.0,56.58,4.21
2012-08-02,28.2,0.04,55.54,4.71
2012-08-03,27.34,1.13,61.35,4.23
2012-08-04,27.53,1.2,61.51,4.4
2012-08-05,28.23,2.11,57.97,4.31
2012-08-06,27.64,1.91,57.71,4.89
2012-08-07,27.48,0.71,60.89,3.61
2012-08-08,26.98,6.51,69.55,3.21
2012-08-09,27.11,0.74,65.88,4.46
2012-08-10,27.33,0.23,63.89,4.39
2012-08-11,27.31,1.82,66.12,3.88
2012-08-12,26.68,0.12,66.85,2.46
2012-08-13,26.6,6.96,67.45,2.78
2012-08-14,25.35,7.07,70.31,2.41
2012-08-15,26.85,7.84,68.41,2.31
2012-08-16,27.41,1.94,67.79,2.25
2012-08-17,27.35,0.62,68.75,2.29
2012-08-18,27.24,0.56,65.56,3.64
2012-08-19,28.53,0.01,58.89,3.89
2012-08-20,28.8,0.0,59.77,2.13
2012-08-21,27.94,5.67,67.13,1.46
2012-08-22,26.38,1.74,77.15,0.83
2012-08-23,27.69,13.49,71.08,0.95
2012-08-24,27.22,5.67,71.7,0.85
2012-08-25,25.38,9.57,81.62,1.45
2012-08-26,25.98,2.34,71.82,2.93
2012-08-27,26.36,2.31,68.74,3.03
2012-08-28,25.5,5.82,76.35,2.8
2012-08-29,25.5,3.54,76.69,2.95
2012-08-30,25.18,1.37,77.33,2.91
2012-08-31,26.41,0.42,72.43,3.1
2012-09-01,26.45,0.0,70.0,3.11
2012-09-02,26.11,4.78,74.1,3.06
2012-09-03,26.47,2.0,73.35,3.43
2012-09-04,26.79,0.51,68.96,3.67
2012-09-05,27.83,2.85,67.06,3.28
2012-09-06,27.35,8.91,71.08,2.45
2012-09-07,26.65,7.1,74.01,2.44
2012-09-08,25.51,9.16,77.88,2.44
2012-09-09,25.45,5.47,76.1,3.36
2012-09-10,25.39,2.9,72.85,3.44
2012-09-11,25.75,7.67,72.81,3.16
2012-09-12,27.0,0.29,67.37,2.73
2012-09-13,26.95,6.81,72.51,1.99
2012-09-14,26.93,0.86,72.78,2.21
2012-09-15,27.61,1.21,68.48,2.89
2012-09-16,27.48,0.18,65.28,3.09
2012-09-17,27.35,0.17,67.01,2.04
2012-09-18,27.34,0.07,66.27,1.87
2012-09-19,26.35,2.2,74.41,0.92
2012-09-20,26.35,1.57,74.43,0.92
2012-09-21,27.27,0.21,70.75,0.94
2012-09-22,28.06,0.0,66.9,1.28
2012-09-23,27.23,0.02,63.39,1.6
2012-09-24,27.82,0.47,58.73,2.07
2012-09-25,27.23,0.05,59.23,1.56
2012-09-26,27.38,2.4,67.31,1.01
2012-09-27,25.6,4.33,78.78,0.9
2012-09-28,25.14,10.27,79.43,1.22
2012-09-29,25.96,4.67,74.97,0.91
2012-09-30,24.3,5.72,80.49,1.44
2012-10-01,25.61,1.85,80.15,1.39
2012-10-02,27.65,0.02,67.37,1.92
2012-10-03,27.06,0.0,63.37,2.44
2012-10-04,26.96,0.0,60.92,2.07
2012-10-05,28.23,0.0,64.55,1.32
2012-10-06,27.5,4.12,73.22,0.85
2012-10-07,25.1,0.72,84.2,0.89
2012-10-08,26.98,4.99,72.56,1.21
2012-10-09,26.17,3.98,74.08,1.01
2012-10-10,26.72,0.14,67.89,1.15
2012-10-11,26.67,0.0,68.99,1.12
2012-10-12,25.89,0.14,74.23,1.19
2012-10-13,26.08,3.29,75.99,1.4
2012-10-14,25.06,43.08,84.52,1.09
2012-10-15,24.54,12.52,86.55,1.98
2012-10-16,24.74,2.91,82.48,1.62
2012-10-17,24.23,2.29,81.98,2.46
2012-10-18,23.91,16.72,85.78,2.48
2012-10-19,23.65,18.35,90.7,2.33
2012-10-20,22.33,17.44,89.92,3.13
2012-10-21,23.45,9.99,87.76,2.52
2012-10-22,23.91,4.0,87.62,2.36
2012-10-23,23.89,7.18,87.63,2.43
2012-10-24,23.76,2.36,88.8,1.69
2012-10-25,24.37,3.0,85.1,1.73
2012-10-26,23.69,0.71,82.93,1.81
2012-10-27,23.53,0.32,82.44,2.5
2012-10-28,23.84,3.51,83.65,3.47
2012-10-29,23.82,3.79,83.45,3.06
2012-10-30,22.89,8.1,86.55,2.93
2012-10-31,22.6,44.02,91.32,4.83
2012-11-01,23.51,8.07,88.31,4.2
2012-11-02,24.38,0.79,85.5,2.6
2012-11-03,24.65,2.74,80.71,1.92
2012-11-04,24.64,0.3,83.13,1.4
2012-11-05,24.76,0.01,82.84,1.12
2012-11-06,24.55,0.0,83.18,1.07
2012-11-07,24.44,0.26,87.11,1.19
2012-11-08,24.21,0.43,83.34,1.26
2012-11-09,23.91,0.0,80.86,1.43
2012-11-10,23.62,0.0,82.54,1.95
2012-11-11,22.89,0.0,80.85,1.9
2012-11-12,22.56,0.0,80.74,2.17
2012-11-13,21.8,0.0,76.64,2.25
2012-11-14,20.51,0.0,71.51,2.41
2012-11-15,20.31,0.0,70.49,1.99
2012-11-16,20.38,0.0,69.06,1.96
2012-11-17,21.23,0.0,70.97,1.19
2012-11-18,21.88,0.0,59.6,1.2
2012-11-19,22.44,0.0,54.32,0.89
2012-11-20,24.61,0.0,69.71,1.37
2012-11-21,25.91,0.64,77.6,1.55
2012-11-22,25.37,2.7,84.58,2.19
2012-11-23,23.86,12.38,91.37,2.42
2012-11-24,23.69,0.25,84.48,1.86
2012-11-25,23.76,0.03,81.85,2.18
2012-11-26,23.82,0.03,81.41,2.36
2012-11-27,23.21,0.01,79.11,2.36
2012-11-28,21.91,0.0,75.77,2.01
2012-11-29,21.47,0.0,74.51,1.56
2012-11-30,21.98,0.0,74.2,1.67
2012-12-01,22.17,0.0,74.47,1.71
2012-12-02,22.15,0.05,75.64,2.23
2012-12-03,23.18,5.73,84.62,3.72
2012-12-04,23.81,13.75,87.73,3.61
2012-12-05,24.67,2.57,85.56,3.4
2012-12-06,24.13,0.44,82.39,2.8
2012-12-07,23.39,0.0,81.32,1.78
2012-12-08,22.91,0.0,75.34,1.38
2012-12-09,22.37,0.0,73.95,1.18
2012-12-10,22.15,0.0,75.77,1.14
2012-12-11,22.98,0.0,76.07,1.24
2012-12-12,23.3,0.0,75.39,1.29
2012-12-13,23.68,0.0,74.05,1.42
2012-12-14,23.06,0.0,76.59,2.04
2012-12-15,21.69,0.0,78.53,2.66
2012-12-16,21.68,0.0,77.1,3.29
2012-12-17,22.01,0.0,76.79,3.72
2012-12-18,21.44,0.0,78.46,3.13
2012-12-19,22.08,0.0,76.62,2.59
2012-12-20,22.49,0.0,78.37,2.65
2012-12-21,22.46,0.0,77.47,2.68
2012-12-22,21.68,0.0,75.75,2.87
2012-12-23,22.37,0.0,75.83,3.05
2012-12-24,22.43,0.0,74.88,2.69
2012-12-25,22.96,0.0,74.02,3.2
2012-12-26,23.59,0.02,76.3,3.54
2012-12-27,22.87,0.03,77.71,3.58
2012-12-28,23.25,0.93,83.0,3.44
2012-12-29,23.92,3.56,85.46,3.72
2012-12-30,25.08,0.98,81.25,3.08
2012-12-31,25.15,0.02,78.17,2.42
2013-01-01,24.3,0.0,74.88,2.05
2013-01-02,22.99,0.0,70.22,1.65
2013-01-03,23.95,0.0,72.26,1.7
2013-01-04,25.39,0.0,70.71,1.82
2013-01-05,25.43,0.0,69.42,2.14
2013-01-06,25.12,0.0,71.97,2.06
2013-01-07,24.36,0.0,70.05,2.64
2013-01-08,24.66,0.0,66.22,2.57
2013-01-09,24.09,0.04,67.47,2.81
2013-01-10,23.72,0.0,66.39,2.5
2013-01-11,22.81,0.0,66.82,2.36
2013-01-12,22.66,0.0,68.42,2.22
2013-01-13,22.33,0.0,64.71,2.15
2013-01-14,22.45,0.0,63.65,1.99
2013-01-15,22.56,0.0,67.46,1.99
2013-01-16,22.71,0.0,71.7,2.32
2013-01-17,22.49,0.0,70.67,2.47
2013-01-18,22.59,0.0,69.52,2.43
2013-01-19,22.94,0.0,66.77,2.45
2013-01-20,23.05,0.0,67.42,2.29
2013-01-21,23.78,0.0,61.9,2.48
2013-01-22,22.89,0.0,64.49,2.67
2013-01-23,23.02,0.0,63.08,2.59
2013-01-24,22.94,0.0,62.0,2.43
2013-01-25,22.87,0.0,62.87,2.87
2013-01-26,22.49,0.0,64.48,2.78
2013-01-27,23.41,0.0,65.49,2.56
2013-01-28,23.81,0.0,65.21,2.16
2013-01-29,24.64,0.0,63.96,1.77
2013-01-30,24.63,0.0,65.75,2.53
2013-01-31,23.98,0.0,64.34,3.04
2013-02-01,22.9,0.0,60.1,2.71
2013-02-02,22.4,0.0,60.64,2.38
2013-02-03,22.59,0.0,59.71,2.37
2013-02-04,23.99,0.0,65.03,2.2
2013-02-05,25.32,0.0,69.41,2.88
2013-02-06,25.73,0.0,64.1,2.52
2013-02-07,25.95,0.0,59.54,1.67
2013-02-08,26.51,0.5,59.93,1.99
2013-02-09,25.63,0.36,58.98,2.48
2013-02-10,25.12,0.0,63.25,3.48
2013-02-11,25.11,0.0,64.78,3.77
2013-02-12,25.35,0.0,59.16,3.47
2013-02-13,24.46,0.0,66.5,3.07
2013-02-14,25.61,1.34,68.23,2.76
2013-02-15,24.79,3.37,73.49,2.29
2013-02-16,25.96,3.68,70.62,1.64
2013-02-17,27.38,3.7,67.57,1.68
2013-02-18,25.15,2.01,78.9,1.99
2013-02-19,25.86,0.02,67.12,2.8
2013-02-20,25.46,0.0,63.87,2.87
2013-02-21,25.12,0.0,61.93,2.79
2013-02-22,24.66,0.0,63.89,2.82
2013-02-23,25.04,0.0,58.87,2.41
2013-02-24,24.19,0.0,55.68,2.14
2013-02-25,23.86,0.0,50.74,2.24
2013-02-26,24.71,0.0,46.46,2.58
2013-02-27,25.37,0.0,48.6,2.0
2013-02-28,25.99,0.0,52.78,2.26
2013-03-01,25.91,0.0,44.21,2.74
2013-03-02,25.86,0.0,45.68,3.06
2013-03-03,25.66,0.0,48.85,3.03
2013-03-04,25.93,0.01,60.32,3.12
2013-03-05,26.19,1.47,67.08,3.55
2013-03-06,25.89,8.72,75.15,3.32
2013-03-07,26.14,2.72,73.76,3.04
2013-03-08,26.12,0.07,66.38,2.36
2013-03-09,27.08,0.03,62.9,2.1
2013-03-10,27.77,0.0,60.43,1.92
2013-03-11,27.69,0.01,54.93,2.28
2013-03-12,27.41,0.0,50.98,2.0
2013-03-13,27.64,0.0,49.15,2.06
2013-03-14,26.59,0.0,55.21,2.31
2013-03-15,26.41,0.0,59.42,2.54
2013-03-16,26.71,0.0,58.28,2.52
2013-03-17,27.39,0.0,52.15,2.03
2013-03-18,27.35,0.0,53.25,2.41
2013-03-19,27.71,0.0,55.43,2.13
2013-03-20,28.05,0.0,55.48,2.29
2013-03-21,27.56,0.0,50.67,1.96
2013-03-22,28.92,0.0,41.58,2.08
2013-03-23,28.34,0.0,49.09,2.59
2013-03-24,27.85,0.0,51.79,2.32
2013-03-25,28.27,0.0,50.7,1.92
2013-03-26,30.26,0.05,50.67,2.38
2013-03-27,30.36,0.0,51.62,2.53
2013-03-28,30.01,0.01,53.85,2.26
2013-03-29,30.57,0.02,55.85,2.5
2013-03-30,30.93,0.0,56.86,3.05
2013-03-31,30.54,3.44,59.21,2.99
2013-04-01,30.32,0.45,57.83,2.41
2013-04-02,30.1,4.69,61.41,2.76
2013-04-03,30.32,0.02,56.43,2.25
2013-04-04,31.33,0.0,50.5,2.05
2013-04-05,31.9,1.58,50.59,2.02
2013-04-06,31.52,0.16,48.38,1.79
2013-04-07,32.11,0.0,49.27,2.48
2013-04-08,31.64,0.0,50.21,3.06
2013-04-09,31.08,0.0,53.87,2.88
2013-04-10,30.46,0.0,50.43,2.67
2013-04-11,29.87,0.0,49.05,2.24
2013-04-12,30.12,0.0,55.5,2.67
2013-04-13,30.32,0.0,55.07,2.87
2013-04-14,30.77,0.0,58.75,3.03
2013-04-15,31.93,1.58,51.64,2.11
2013-04-16,33.4,0.08,41.43,1.98
2013-04-17,33.56,0.09,42.41,2.2
2013-04-18,31.87,2.61,46.26,2.42
2013-04-19,32.38,0.4,40.71,1.78
2013-04-20,30.89,0.29,48.49,2.07
2013-04-21,30.61,0.39,54.7,2.93
2013-04-22,29.75,0.54,54.19,2.08
2013-04-23,31.35,0.27,52.29,2.62
2013-04-24,30.21,0.46,57.63,2.29
2013-04-25,30.07,0.09,58.27,2.76
2013-04-26,30.28,0.76,56.56,2.78
2013-04-27,31.0,0.1,52.94,2.43
2013-04-28,32.24,0.37,48.93,2.62
2013-04-29,31.19,2.22,52.68,1.72
2013-04-30,31.0,0.01,56.01,2.56
2013-05-01,30.68,0.0,56.04,2.46
2013-05-02,32.27,0.0,48.99,2.55
2013-05-03,32.93,1.59,47.24,2.17
2013-05-04,31.99,2.07,51.56,1.32
2013-05-05,31.05,0.32,56.79,2.98
2013-05-06,30.88,0.0,57.18,2.74
2013-05-07,31.13,0.0,53.92,2.01
2013-05-08,33.6,0.05,42.39,2.33
2013-05-09,33.15,4.86,47.18,1.75
2013-05-10,31.7,4.65,50.3,1.91
2013-05-11,32.56,2.11,51.78,1.66
2013-05-12,31.25,0.67,55.47,2.33
2013-05-13,28.98,0.62,54.12,1.55
2013-05-14,30.98,0.0,47.37,3.29
2013-05-15,31.64,0.19,47.49,2.83
2013-05-16,30.98,0.01,47.97,2.76
2013-05-17,33.85,0.05,39.39,2.46
2013-05-18,32.95,2.78,44.74,2.05
2013-05-19,32.54,1.88,50.35,1.5
2013-05-20,31.8,3.37,53.81,1.89
2013-05-21,31.44,0.82,51.04,2.29
2013-05-22,31.07,11.14,53.47,2.73
2013-05-23,31.13,0.45,56.99,3.51
2013-05-24,31.14,0.0,54.0,3.3
2013-05-25,27.43,0.52,67.79,4.47
2013-05-26,26.3,3.28,67.5,3.67
2013-05-27,27.84,0.01,67.6,3.3
2013-05-28,26.78,0.92,68.67,2.95
2013-05-29,27.34,0.06,67.53,3.17
2013-05-30,28.47,7.2,66.97,2.17
2013-05-31,25.78,47.36,81.13,2.32
2013-06-01,25.88,6.52,77.55,2.82
2013-06-02,25.79,5.54,78.79,3.68
2013-06-03,26.6,3.59,71.14,3.55
2013-06-04,27.82,0.0,68.77,2.45
2013-06-05,28.3,0.0,66.36,2.04
2013-06-06,26.89,11.22,74.63,2.19
2013-06-07,26.21,5.71,79.47,2.82
2013-06-08,25.04,0.11,73.83,3.44
2013-06-09,26.35,0.0,63.71,5.51
2013-06-10,26.96,0.0,60.83,5.11
2013-06-11,26.55,2.25,68.37,5.04
2013-06-12,26.57,0.05,66.12,4.97
2013-06-13,26.56,0.0,61.66,5.76
2013-06-14,26.95,0.02,59.22,6.17
2013-06-15,27.67,0.97,62.05,5.42
2013-06-16,27.99,0.03,63.94,4.82
2013-06-17,27.6,0.16,62.41,4.93
2013-06-18,27.29,4.1,64.35,5.2
2013-06-19,27.57,4.0,67.39,4.29
2013-06-20,27.28,1.77,65.24,4.15
2013-06-21,27.43,3.46,65.94,4.57
2013-06-22,26.0,1.25,67.54,4.98
2013-06-23,26.7,0.16,60.42,5.99
2013-06-24,27.04,1.22,62.54,6.06
2013-06-25,28.13,0.46,62.25,5.21
2013-06-26,27.25,15.19,71.92,3.9
2013-06-27,26.57,3.36,73.48,4.01
2013-06-28,26.56,11.01,71.27,3.62
2013-06-29,26.59,2.24,67.9,3.66
2013-06-30,25.92,0.38,68.2,3.97
2013-07-01,26.11,0.05,65.86,4.51
2013-07-02,26.27,1.39,63.89,5.14
2013-07-03,25.32,1.13,71.24,4.39
2013-07-04,27.18,1.61,68.14,3.85
2013-07-05,27.25,0.04,69.37,2.93
2013-07-06,27.54,6.31,69.68,3.42
2013-07-07,25.61,2.63,75.35,3.43
2013-07-08,26.4,0.27,70.28,3.3
2013-07-09,26.53,3.27,67.39,4.26
2013-07-10,25.91,13.41,69.33,4.49
2013-07-11,26.2,2.74,65.66,4.52
2013-07-12,25.59,0.02,72.22,3.84
2013-07-13,26.33,1.45,69.4,3.72
2013-07-14,26.32,0.67,71.19,3.64
2013-07-15,26.95,1.59,71.05,3.79
2013-07-16,25.72,5.23,73.23,4.21
2013-07-17,26.25,0.04,70.5,3.94
2013-07-18,26.5,2.21,69.94,4.32
2013-07-19,25.12,14.29,78.69,4.26
2013-07-20,25.88,9.43,75.02,4.24
2013-07-21,25.38,1.35,72.93,4.83
2013-07-22,25.58,2.59,71.71,4.8
2013-07-23,26.35,0.59,68.58,5.04
2013-07-24,26.0,0.97,66.81,6.09
2013-07-25,26.52,0.09,62.61,6.31
2013-07-26,26.21,0.12,67.19,5.26
2013-07-27,27.02,0.32,67.92,3.75
2013-07-28,26.85,1.53,69.35,4.04
2013-07-29,25.72,0.08,66.5,4.65
2013-07-30,26.58,0.02,66.03,5.22
2013-07-31,26.91,0.06,64.1,6.5
2013-08-01,27.09,1.08,64.88,5.73
2013-08-02,27.17,0.06,65.57,4.94
2013-08-03,26.9,4.47,66.8,3.97
2013-08-04,26.93,6.62,71.85,3.49
2013-08-05,25.4,7.31,78.0,3.07
2013-08-06,26.04,0.65,70.93,3.32
2013-08-07,27.22,2.61,69.52,2.77
2013-08-08,26.53,5.51,74.18,2.88
2013-08-09,24.93,4.94,79.18,2.54
2013-08-10,26.21,9.33,74.6,2.96
2013-08-11,26.31,5.64,75.22,2.36
2013-08-12,26.36,1.72,72.9,3.19
2013-08-13,25.84,4.06,74.46,3.1
2013-08-14,25.23,13.95,75.41,3.94
2013-08-15,24.92,6.43,79.3,3.32
2013-08-16,25.13,14.55,80.17,3.03
2013-08-17,25.86,1.25,74.88,2.96
2013-08-18,26.12,0.51,74.24,3.2
2013-08-19,26.22,0.05,73.97,3.4
2013-08-20,26.65,2.47,72.73,3.91
2013-08-21,26.1,0.23,71.88,4.13
2013-08-22,26.95,0.01,67.78,4.02
2013-08-23,27.18,0.12,66.97,3.62
2013-08-24,27.39,3.97,68.5,2.99
2013-08-25,26.54,1.84,70.99,3.04
2013-08-26,26.89,0.07,69.13,2.31
2013-08-27,28.13,0.01,65.44,1.49
2013-08-28,27.03,9.53,73.93,1.11
2013-08-29,26.19,15.1,78.79,1.57
2013-08-30,27.02,7.96,75.53,1.27
2013-08-31,26.58,11.33,81.27,0.81
2013-09-01,26.04,21.62,82.22,1.09
2013-09-02,25.7,12.48,82.89,1.24
2013-09-03,24.31,16.15,84.04,2.62
2013-09-04,24.52,1.28,80.36,2.22
2013-09-05,25.4,12.08,76.64,1.79
2013-09-06,24.87,16.06,79.79,1.99
2013-09-07,24.76,5.97,81.82,2.32
2013-09-08,25.2,18.16,81.49,1.0
2013-09-09,24.38,18.98,87.01,1.68
2013-09-10,24.09,23.83,87.3,2.7
2013-09-11,24.86,13.67,85.2,1.68
2013-09-12,24.76,23.83,85.89,1.48
2013-09-13,25.18,8.27,85.56,1.38
2013-09-14,25.41,12.52,83.51,1.25
2013-09-15,25.4,8.68,85.49,2.14
2013-09-16,25.09,6.77,87.57,1.85
2013-09-17,25.29,1.64,85.66,2.5
2013-09-18,24.99,3.43,85.65,2.55
2013-09-19,25.12,0.77,81.94,3.36
2013-09-20,24.47,1.51,84.6,3.56
2013-09-21,24.98,0.09,81.93,2.86
2013-09-22,25.28,0.17,80.25,3.21
2013-09-23,24.12,0.0,81.46,2.64
2013-09-24,25.22,0.0,78.58,2.22
2013-09-25,25.78,0.6,78.92,1.95
2013-09-26,26.44,2.74,76.23,1.18
2013-09-27,26.66,0.37,75.95,1.17
2013-09-28,25.32,0.1,81.41,1.86
2013-09-29,24.58,0.01,78.12,2.88
2013-09-30,24.82,1.31,81.07,2.56
2013-10-01,25.72,1.01,79.24,2.03
2013-10-02,24.99,8.63,84.16,1.64
2013-10-03,24.6,2.0,85.84,1.39
2013-10-04,24.22,0.12,79.46,1.92
2013-10-05,24.6,0.0,73.3,2.04
2013-10-06,25.5,0.27,78.33,1.85
2013-10-07,25.68,3.01,83.01,1.45
2013-10-08,24.35,17.81,92.02,1.03
2013-10-09,24.47,3.72,87.0,0.65
2013-10-10,24.82,1.44,84.03,1.71
2013-10-11,24.97,0.07,81.35,2.16
2013-10-12,24.81,0.0,77.88,3.09
2013-10-13,25.66,0.04,79.35,2.72
2013-10-14,26.11,0.14,79.6,2.01
2013-10-15,26.26,4.06,81.7,0.83
2013-10-16,25.8,4.34,84.31,1.17
2013-10-17,24.99,6.3,87.36,1.4
2013-10-18,24.12,1.44,88.93,1.5
2013-10-19,24.88,4.72,84.08,1.1
2013-10-20,24.3,3.73,85.87,1.46
2013-10-21,23.43,4.53,88.57,2.05
2013-10-22,23.83,3.67,87.05,1.72
2013-10-23,24.58,0.78,86.21,1.89
2013-10-24,24.34,5.02,89.64,1.69
2013-10-25,24.49,3.49,89.01,1.7
2013-10-26,25.23,6.64,85.74,1.3
2013-10-27,25.11,7.79,83.32,1.45
2013-10-28,24.88,2.39,83.99,1.14
2013-10-29,23.63,0.8,90.32,0.95
2013-10-30,24.02,0.24,84.52,1.42
2013-10-31,23.83,0.0,84.66,1.48
2013-11-01,23.61,1.88,89.14,1.87
2013-11-02,23.57,1.45,90.77,1.71
2013-11-03,23.34,2.03,91.66,2.19
2013-11-04,23.74,3.21,87.62,2.48
2013-11-05,23.46,2.25,86.08,2.6
2013-11-06,22.96,0.88,84.5,2.48
2013-11-07,22.8,0.04,85.08,2.47
2013-11-08,22.29,0.0,79.64,2.02
2013-11-09,21.45,0.0,79.29,1.97
2013-11-10,22.41,0.0,83.3,2.01
2013-11-11,23.45,0.0,82.02,2.17
2013-11-12,22.8,0.07,80.13,2.12
2013-11-13,21.87,0.01,80.22,2.04
2013-11-14,22.85,0.0,78.34,2.29
2013-11-15,21.96,1.53,82.81,2.55
2013-11-16,22.03,15.62,90.05,3.89
2013-11-17,23.13,7.89,90.69,2.64
2013-11-18,22.93,5.61,87.59,2.02
2013-11-19,23.46,0.29,82.93,1.62
2013-11-20,23.53,0.0,81.18,1.87
2013-11-21,24.04,0.63,80.84,1.08
2013-11-22,24.76,0.03,79.11,0.95
2013-11-23,24.34,14.67,85.71,1.41
2013-11-24,23.2,5.73,90.39,1.32
2013-11-25,23.49,1.35,87.45,1.39
2013-11-26,23.65,0.08,82.89,1.39
2013-11-27,23.79,0.0,82.88,1.7
2013-11-28,22.58,0.0,74.31,1.24
2013-11-29,23.0,0.0,82.41,1.62
2013-11-30,23.57,0.51,82.54,1.9
2013-12-01,23.67,1.01,84.44,1.74
2013-12-02,23.3,3.53,85.89,2.04
2013-12-03,23.15,0.49,83.87,2.31
2013-12-04,22.55,0.43,79.42,3.22
2013-12-05,22.73,0.13,78.1,3.31
2013-12-06,22.41,0.0,68.8,3.33
2013-12-07,22.93,0.09,70.32,3.32
2013-12-08,23.3,0.03,74.65,3.23
2013-12-09,22.69,0.0,67.38,2.35
2013-12-10,22.83,0.0,55.19,1.66
2013-12-11,24.04,0.25,58.95,2.1
2013-12-12,23.34,3.82,82.37,4.59
2013-12-13,23.86,1.56,82.09,2.8
2013-12-14,23.92,0.09,81.46,2.32
2013-12-15,22.46,0.0,68.7,2.03
2013-12-16,19.97,0.0,67.52,2.16
2013-12-17,20.64,0.0,75.53,2.43
2013-12-18,20.73,0.0,73.27,2.01
2013-12-19,20.96,0.0,72.36,1.48
2013-12-20,21.04,0.0,71.46,1.42
2013-12-21,20.51,0.0,73.33,1.65
2013-12-22,21.14,0.0,73.75,2.14
2013-12-23,21.65,0.0,72.58,2.37
2013-12-24,21.75,0.0,74.72,2.87
2013-12-25,21.94,0.0,73.47,2.74
2013-12-26,21.06,0.0,73.04,2.11
2013-12-27,21.24,0.0,72.38,2.14
2013-12-28,21.45,0.0,72.43,1.77
2013-12-29,20.88,0.0,68.35,2.15
2013-12-30,20.97,0.0,67.39,2.32
2013-12-31,21.58,0.0,72.09,2.38
2014-01-01,22.31,0.0,73.99,2.83
2014-01-02,22.29,0.0,72.65,2.74
2014-01-03,22.07,0.0,75.81,2.69
2014-01-04,21.92,0.0,71.79,2.4
2014-01-05,21.76,0.0,73.77,2.23
2014-01-06,22.58,0.0,68.97,2.58
2014-01-07,22.63,0.01,70.72,2.87
2014-01-08,22.84,0.01,72.88,3.16
2014-01-09,23.15,0.0,70.48,2.5
2014-01-10,23.4,0.0,69.7,2.3
2014-01-11,23.04,0.0,66.86,1.97
2014-01-12,23.24,0.0,68.12,1.96
2014-01-13,23.6,0.0,66.37,2.61
2014-01-14,23.72,0.0,65.26,2.71
2014-01-15,23.73,0.0,65.51,2.23
2014-01-16,23.76,0.0,69.2,2.32
2014-01-17,23.38,0.0,67.12,2.71
2014-01-18,23.23,0.0,65.36,2.7
2014-01-19,22.81,0.04,73.53,3.14
2014-01-20,23.32,0.07,69.29,3.05
2014-01-21,22.91,0.0,67.98,3.18
2014-01-22,22.82,0.0,66.8,2.87
2014-01-23,22.99,0.0,61.08,2.44
2014-01-24,23.38,0.0,61.31,2.27
2014-01-25,23.81,0.0,63.8,2.94
2014-01-26,22.77,0.0,66.64,3.3
2014-01-27,22.74,0.0,65.6,3.3
2014-01-28,22.75,0.0,62.25,2.73
2014-01-29,22.99,0.0,61.19,2.69
2014-01-30,22.76,0.0,59.02,2.57
2014-01-31,23.24,0.0,62.26,2.62
2014-02-01,23.96,0.0,65.73,3.1
2014-02-02,24.17,0.0,62.56,3.13
2014-02-03,23.45,0.0,60.97,2.25
2014-02-04,24.23,0.0,57.98,1.92
2014-02-05,23.98,0.0,55.07,1.7
2014-02-06,24.06,0.0,54.12,1.85
2014-02-07,23.88,0.0,50.44,1.96
2014-02-08,23.83,0.0,55.53,1.68
2014-02-09,23.97,0.0,55.31,1.69
2014-02-10,24.64,0.0,56.3,1.7
2014-02-11,24.69,0.0,60.11,2.12
2014-02-12,25.04,0.0,58.45,1.97
2014-02-13,25.4,0.0,59.78,2.32
2014-02-14,25.98,0.0,59.73,1.77
2014-02-15,26.62,0.0,58.76,1.87
2014-02-16,27.36,0.09,59.93,2.1
2014-02-17,26.26,0.03,68.33,2.7
2014-02-18,26.11,0.0,65.79,3.41
2014-02-19,25.9,0.0,64.93,3.13
2014-02-20,25.6,0.0,61.73,2.72
2014-02-21,25.42,0.0,57.3,2.31
2014-02-22,25.47,0.0,54.89,2.17
2014-02-23,24.74,0.0,55.09,2.56
2014-02-24,24.92,1.1,71.38,3.52
2014-02-25,25.65,0.08,64.64,3.26
2014-02-26,25.79,0.0,56.55,2.26
2014-02-27,25.7,0.0,56.62,2.18
2014-02-28,26.17,0.0,61.15,2.19
2014-03-01,26.38,0.53,59.47,2.38
2014-03-02,25.36,0.2,64.21,1.86
2014-03-03,26.6,0.12,60.77,3.41
2014-03-04,26.94,0.18,57.69,2.95
2014-03-05,26.5,0.08,62.06,2.91
2014-03-06,26.91,0.9,59.09,2.41
2014-03-07,26.03,0.34,59.42,2.91
2014-03-08,26.68,0.12,58.05,3.1
2014-03-09,26.06,0.0,57.68,3.12
2014-03-10,26.62,0.0,56.79,3.1
2014-03-11,25.84,0.0,58.36,2.88
2014-03-12,26.41,0.0,54.72,2.85
2014-03-13,26.06,0.0,54.95,2.54
2014-03-14,25.95,0.0,48.19,2.6
2014-03-15,26.15,0.0,42.95,2.67
2014-03-16,26.9,0.0,44.84,3.0
2014-03-17,27.23,0.0,46.47,2.67
2014-03-18,27.57,0.0,50.9,2.35
2014-03-19,28.25,0.0,51.34,2.54
2014-03-20,29.32,0.0,51.28,2.08
2014-03-21,29.2,0.0,50.04,1.94
2014-03-22,29.38,0.0,47.66,2.28
2014-03-23,28.73,0.0,51.24,2.58
2014-03-24,27.95,0.0,51.84,2.28
2014-03-25,28.33,0.0,47.28,2.47
2014-03-26,27.85,0.0,46.88,2.61
2014-03-27,27.8,0.0,41.53,2.08
2014-03-28,28.61,0.0,35.56,2.18
2014-03-29,30.08,0.0,30.91,2.15
2014-03-30,30.45,0.0,31.05,2.11
2014-03-31,30.42,0.0,30.61,2.11
2014-04-01,30.58,0.0,35.16,2.19
2014-04-02,30.38,0.0,41.7,2.39
2014-04-03,29.36,0.0,46.87,2.28
2014-04-04,29.29,0.0,46.72,2.28
2014-04-05,30.06,0.0,51.59,2.42
2014-04-06,29.73,0.0,54.19,2.6
2014-04-07,30.35,0.0,51.47,2.35
2014-04-08,31.19,0.0,42.92,2.3
2014-04-09,32.27,0.74,37.89,1.49
2014-04-10,32.0,0.48,42.53,1.69
2014-04-11,32.39,0.06,38.88,2.16
2014-04-12,32.02,0.13,42.55,2.47
2014-04-13,30.89,0.44,49.75,2.66
2014-04-14,29.63,0.1,57.94,2.76
2014-04-15,30.43,0.34,52.02,2.44
2014-04-16,30.72,0.0,46.56,2.09
2014-04-17,31.39,0.0,45.43,1.95
2014-04-18,31.2,0.0,51.14,2.56
2014-04-19,30.98,0.0,46.5,2.34
2014-04-20,30.02,0.1,44.57,2.13
2014-04-21,29.74,0.0,48.6,2.32
2014-04-22,29.85,0.0,52.28,2.49
2014-04-23,31.01,0.0,49.5,2.32
2014-04-24,32.05,0.07,46.17,2.41
2014-04-25,32.54,0.0,46.11,2.33
2014-04-26,32.04,0.01,49.41,2.77
2014-04-27,31.14,0.0,52.92,2.79
2014-04-28,31.23,0.0,50.54,2.3
2014-04-29,31.32,0.0,49.6,2.71
2014-04-30,31.19,0.0,47.07,2.61
2014-05-01,30.41,0.58,46.38,1.84
2014-05-02,30.91,1.51,52.63,2.91
2014-05-03,30.14,1.0,59.05,3.06
2014-05-04,29.14,3.63,63.81,2.92
2014-05-05,28.23,2.41,68.22,2.83
2014-05-06,26.25,11.17,78.79,2.96
2014-05-07,25.69,14.0,82.22,2.94
2014-05-08,26.46,7.79,78.8,4.29
2014-05-09,27.88,0.82,70.11,2.94
2014-05-10,29.42,1.03,64.81,1.77
2014-05-11,27.84,0.31,71.12,1.23
2014-05-12,27.86,0.0,69.22,1.24
2014-05-13,28.98,0.0,64.69,1.54
2014-05-14,30.91,0.11,55.69,1.81
2014-05-15,31.3,0.13,51.18,1.82
2014-05-16,31.61,0.0,49.59,2.07
2014-05-17,30.9,3.31,55.02,1.42
2014-05-18,30.07,0.02,59.42,1.59
2014-05-19,30.18,0.02,59.97,1.64
2014-05-20,29.26,3.08,64.77,1.55
2014-05-21,29.62,1.15,54.62,2.14
2014-05-22,30.62,9.15,59.09,2.97
2014-05-23,30.06,3.9,63.23,2.81
2014-05-24,30.18,6.9,66.27,2.24
2014-05-25,27.91,1.96,72.76,2.19
2014-05-26,28.22,5.1,71.11,1.57
2014-05-27,29.48,6.76,65.82,1.15
2014-05-28,29.65,2.33,65.74,1.26
2014-05-29,29.19,6.44,66.95,1.55
2014-05-30,30.65,0.5,60.7,1.62
2014-05-31,31.64,1.77,58.77,1.68
2014-06-01,31.38,0.21,60.0,1.43
2014-06-02,29.02,25.95,70.73,1.76
2014-06-03,27.82,2.29,68.89,2.34
2014-06-04,29.93,0.0,59.83,1.73
2014-06-05,29.68,10.8,67.57,1.85
2014-06-06,29.12,2.25,70.76,2.26
2014-06-07,29.26,0.0,66.27,3.9
2014-06-08,28.66,2.67,67.03,3.39
2014-06-09,26.68,7.8,75.5,2.68
2014-06-10,28.37,0.04,66.98,3.75
2014-06-11,29.64,0.0,59.5,4.61
2014-06-12,29.24,0.04,57.88,4.55
2014-06-13,28.42,0.67,61.82,4.39
2014-06-14,28.84,0.05,61.27,3.76
2014-06-15,28.33,0.0,56.04,3.93
2014-06-16,29.46,0.01,52.56,3.62
2014-06-17,29.49,0.0,59.57,4.89
2014-06-18,28.63,0.01,60.69,4.53
2014-06-19,28.99,0.0,61.92,4.6
2014-06-20,29.01,0.69,62.95,4.31
2014-06-21,28.99,7.57,63.37,4.93
2014-06-22,28.01,0.84,62.26,4.45
2014-06-23,28.32,0.37,62.39,3.94
2014-06-24,29.1,0.0,60.15,4.06
2014-06-25,30.19,0.0,56.66,3.63
2014-06-26,29.98,0.0,57.8,2.63
2014-06-27,30.42,0.01,59.16,0.94
2014-06-28,28.8,7.9,67.02,1.31
2014-06-29,27.94,12.41,66.08,2.6
2014-06-30,28.21,6.11,67.69,2.89
2014-07-01,27.27,2.59,73.57,2.77
2014-07-02,28.71,0.02,62.3,3.59
2014-07-03,28.88,0.0,57.86,3.49
2014-07-04,29.23,0.25,58.92,3.96
2014-07-05,28.39,4.44,66.54,2.71
2014-07-06,27.49,0.87,67.15,2.08
2014-07-07,26.9,0.9,69.28,2.21
2014-07-08,26.6,0.28,68.61,3.4
2014-07-09,26.39,2.28,62.38,4.38
2014-07-10,27.0,3.97,65.47,4.92
2014-07-11,26.38,1.62,66.01,4.55
2014-07-12,27.01,0.8,64.96,5.24
2014-07-13,27.05,2.46,61.38,6.01
2014-07-14,27.14,0.02,61.71,5.83
2014-07-15,27.03,0.22,65.35,5.13
2014-07-16,27.55,0.08,64.91,4.13
2014-07-17,28.78,0.0,61.95,4.36
2014-07-18,28.16,0.42,62.75,4.13
2014-07-19,28.01,0.31,63.66,4.95
2014-07-20,28.36,0.28,63.99,4.71
2014-07-21,28.28,0.04,62.03,5.07
2014-07-22,28.19,0.93,60.01,5.97
2014-07-23,27.73,0.9,59.63,6.5
2014-07-24,28.1,0.05,58.35,5.88
2014-07-25,28.92,0.41,58.48,5.17
2014-07-26,28.05,6.51,65.72,4.33
2014-07-27,27.27,0.86,68.41,4.46
2014-07-28,27.85,0.03,63.44,4.62
2014-07-29,28.23,0.01,61.26,4.68
2014-07-30,28.04,0.63,63.0,5.13
2014-07-31,27.67,0.43,63.7,4.7
2014-08-01,28.44,0.5,62.82,4.51
2014-08-02,28.48,0.0,61.1,4.46
2014-08-03,28.45,0.85,62.97,4.75
2014-08-04,27.84,1.7,62.36,5.77
2014-08-05,27.7,1.02,63.46,5.15
2014-08-06,28.43,0.09,58.78,4.62
2014-08-07,27.68,0.03,62.11,3.75
2014-08-08,27.33,13.78,65.64,3.87
2014-08-09,26.35,4.41,71.06,2.95
2014-08-10,26.93,1.59,69.87,3.1
2014-08-11,26.21,3.49,72.47,2.72
2014-08-12,26.29,2.41,72.27,2.38
2014-08-13,26.7,1.91,67.94,2.79
2014-08-14,26.55,1.82,71.02,2.32
2014-08-15,25.25,4.08,75.75,2.56
2014-08-16,26.03,6.37,72.05,1.78
2014-08-17,26.03,8.9,73.8,1.57
2014-08-18,24.82,6.94,82.97,1.56
2014-08-19,25.83,1.28,76.56,1.51
2014-08-20,27.23,3.39,70.07,1.09
2014-08-21,27.25,0.46,72.37,1.79
2014-08-22,27.29,2.03,74.37,2.3
2014-08-23,26.91,2.31,76.71,2.12
2014-08-24,26.75,5.52,74.51,1.71
2014-08-25,25.61,0.66,76.57,2.0
2014-08-26,26.79,0.02,65.71,3.22
2014-08-27,25.86,0.17,70.86,3.04
2014-08-28,26.2,0.13,68.72,3.7
2014-08-29,26.94,0.15,65.45,4.31
2014-08-30,27.4,0.3,62.02,5.11
2014-08-31,26.74,0.31,59.72,5.19
2014-09-01,26.67,1.02,67.17,4.07
2014-09-02,27.23,0.39,65.45,3.0
2014-09-03,26.44,6.6,69.53,2.74
2014-09-04,26.74,1.49,69.44,2.18
2014-09-05,26.61,1.19,66.35,3.32
2014-09-06,26.21,1.01,65.37,3.82
2014-09-07,26.87,2.74,65.15,3.67
2014-09-08,27.43,0.18,62.78,3.4
2014-09-09,27.56,0.97,63.92,3.28
2014-09-10,28.41,0.65,62.05,2.38
2014-09-11,28.86,0.06,59.03,1.76
2014-09-12,28.73,2.86,61.05,1.58
2014-09-13,28.01,1.66,64.44,2.0
2014-09-14,27.55,5.38,67.39,1.73
2014-09-15,26.24,13.88,75.09,2.61
2014-09-16,26.07,8.51,70.74,3.45
2014-09-17,26.45,1.88,70.86,3.37
2014-09-18,26.78,0.02,69.01,2.76
2014-09-19,27.17,3.33,67.67,2.08
2014-09-20,27.1,1.96,71.15,2.45
2014-09-21,27.22,7.55,74.04,1.37
2014-09-22,26.37,21.87,81.75,1.22
2014-09-23,26.51,13.17,81.83,0.77
2014-09-24,26.33,8.25,83.06,0.87
2014-09-25,25.67,21.5,85.54,1.42
2014-09-26,25.57,3.42,84.4,1.45
2014-09-27,25.19,0.39,82.99,1.43
2014-09-28,24.74,4.98,84.28,1.46
2014-09-29,25.62,1.32,81.53,1.61
2014-09-30,25.74,2.34,81.17,1.68
2014-10-01,25.54,0.2,77.78,1.29
2014-10-02,25.53,0.0,72.99,1.57
2014-10-03,26.56,0.0,72.8,0.9
2014-10-04,27.0,2.16,72.73,0.97
2014-10-05,26.6,6.13,75.59,1.11
2014-10-06,26.96,2.67,74.6,0.68
2014-10-07,25.15,13.41,85.07,1.21
2014-10-08,24.19,21.0,87.61,1.31
2014-10-09,25.05,3.84,83.84,0.98
2014-10-10,26.42,3.66,78.63,0.88
2014-10-11,26.68,0.44,78.51,2.3
2014-10-12,25.05,0.29,76.72,2.68
2014-10-13,27.03,0.01,70.95,1.74
2014-10-14,25.93,0.03,81.43,1.14
2014-10-15,25.27,7.64,84.48,1.71
2014-10-16,24.59,3.26,82.0,1.7
2014-10-17,24.38,9.58,80.22,1.74
2014-10-18,23.42,11.78,89.37,2.28
2014-10-19,22.78,12.27,89.44,2.11
2014-10-20,22.44,7.89,83.33,1.64
2014-10-21,23.58,3.06,83.47,2.21
2014-10-22,23.4,6.03,87.39,2.06
2014-10-23,22.98,9.16,91.47,1.83
2014-10-24,23.83,1.85,86.5,1.48
2014-10-25,24.57,16.51,87.54,1.54
2014-10-26,23.84,4.83,92.48,1.28
2014-10-27,24.15,16.51,88.9,1.45
2014-10-28,24.46,7.2,84.88,1.24
2014-10-29,24.05,0.88,86.69,1.98
2014-10-30,23.39,0.01,84.37,2.16
2014-10-31,22.33,0.26,81.51,1.82
2014-11-01,23.01,2.64,86.67,2.41
2014-11-02,22.95,0.84,85.86,2.22
2014-11-03,22.4,0.65,84.72,1.65
2014-11-04,23.34,0.01,76.25,1.41
2014-11-05,22.03,0.0,70.01,1.54
2014-11-06,22.6,0.0,66.3,1.8
2014-11-07,23.1,0.0,71.39,1.45
2014-11-08,23.44,0.0,71.9,1.25
2014-11-09,24.61,0.06,72.38,0.73
2014-11-10,23.93,0.02,83.57,1.36
2014-11-11,24.05,1.79,82.85,1.76
2014-11-12,23.52,3.76,87.0,2.87
2014-11-13,22.6,15.82,94.97,3.93
2014-11-14,23.52,5.52,91.29,1.96
2014-11-15,23.72,0.2,86.21,2.19
2014-11-16,22.25,0.03,83.07,2.03
2014-11-17,21.89,0.01,82.86,2.24
2014-11-18,22.52,0.07,83.61,2.7
2014-11-19,23.03,0.14,81.85,2.61
2014-11-20,22.78,0.05,81.87,2.27
2014-11-21,22.5,0.09,81.89,1.99
2014-11-22,22.31,0.23,80.71,1.79
2014-11-23,22.32,0.05,79.64,2.3
2014-11-24,22.29,0.0,79.72,2.69
2014-11-25,21.63,0.0,78.83,2.71
2014-11-26,21.67,0.0,76.85,2.6
2014-11-27,21.79,0.12,76.51,2.36
2014-11-28,20.73,1.32,77.23,2.37
2014-11-29,21.25,1.05,74.85,2.52
2014-11-30,21.5,1.98,76.94,3.22
2014-12-01,22.41,0.21,77.93,2.97
2014-12-02,22.24,0.02,77.37,2.18
2014-12-03,21.08,0.0,73.11,1.84
2014-12-04,21.05,0.0,74.05,1.75
2014-12-05,21.0,0.0,76.14,1.6
2014-12-06,21.26,0.0,78.08,1.93
2014-12-07,23.09,0.0,78.58,1.87
2014-12-08,23.79,0.0,79.37,1.75
2014-12-09,23.63,2.56,83.7,1.63
2014-12-10,23.43,5.11,86.21,1.88
2014-12-11,23.42,2.21,80.91,1.91
2014-12-12,23.64,1.54,82.74,2.19
2014-12-13,22.77,4.19,84.66,2.48
2014-12-14,23.49,0.42,80.29,2.12
2014-12-15,23.75,0.0,75.57,2.18
2014-12-16,23.6,1.06,81.92,3.31
2014-12-17,23.16,1.69,80.59,3.43
2014-12-18,22.87,1.05,83.16,3.55
2014-12-19,22.98,0.2,80.99,3.84
2014-12-20,21.79,0.0,76.8,2.47
2014-12-21,21.72,0.0,76.61,2.44
2014-12-22,21.86,0.01,78.37,2.72
2014-12-23,22.77,0.01,76.92,2.49
2014-12-24,22.56,0.0,77.35,2.61
2014-12-25,21.89,0.0,72.16,2.55
2014-12-26,20.17,0.0,74.77,2.34
2014-12-27,20.4,0.17,75.22,2.57
2014-12-28,21.08,1.14,86.35,2.68
2014-12-29,22.81,2.12,80.44,3.59
2014-12-30,23.9,0.06,73.27,3.1
2014-12-31,24.66,0.09,72.45,1.71
2015-01-01,23.44,2.12,84.11,1.65
2015-01-02,24.61,0.15,78.77,2.49
2015-01-03,24.64,0.0,74.34,1.95
2015-01-04,24.63,0.0,74.08,1.86
2015-01-05,24.1,0.0,72.06,1.98
2015-01-06,23.55,0.0,71.17,1.83
2015-01-07,23.51,0.0,68.57,1.71
2015-01-08,23.8,0.0,69.7,1.29
2015-01-09,22.9,0.0,71.5,1.9
2015-01-10,21.19,0.0,60.1,2.03
2015-01-11,20.05,0.0,68.33,2.33
2015-01-12,20.25,0.0,66.89,2.24
2015-01-13,20.27,0.0,64.78,2.06
2015-01-14,20.41,0.0,65.01,1.89
2015-01-15,21.27,0.0,67.99,1.87
2015-01-16,22.91,0.02,70.95,2.12
2015-01-17,22.84,0.02,67.2,2.19
2015-01-18,22.28,0.0,66.44,2.17
2015-01-19,21.85,0.0,68.03,2.3
2015-01-20,21.91,0.0,69.92,2.14
2015-01-21,21.57,0.0,67.22,2.59
2015-01-22,22.14,0.01,70.11,2.22
2015-01-23,23.16,1.01,73.98,2.55
2015-01-24,23.32,0.67,72.71,2.71
2015-01-25,22.37,0.01,63.16,2.74
2015-01-26,22.06,0.0,69.42,2.78
2015-01-27,22.71,0.0,71.14,2.89
2015-01-28,23.3,0.0,68.63,2.55
2015-01-29,23.82,0.0,68.45,2.3
2015-01-30,23.69,0.0,65.47,2.48
2015-01-31,23.34,0.0,66.6,2.74
2015-02-01,23.22,0.0,67.85,2.63
2015-02-02,23.02,0.0,68.01,3.1
2015-02-03,22.74,0.0,66.06,3.05
2015-02-04,23.04,0.0,64.75,2.98
2015-02-05,23.07,0.0,63.56,2.67
2015-02-06,23.15,0.0,63.41,2.43
2015-02-07,23.01,0.0,60.42,2.51
2015-02-08,23.56,0.0,59.24,2.22
2015-02-09,22.92,0.0,61.63,2.54
2015-02-10,21.93,0.0,67.06,2.42
2015-02-11,23.89,0.0,68.98,2.48
2015-02-12,25.17,0.0,62.46,2.45
2015-02-13,24.89,0.0,55.05,1.96
2015-02-14,25.2,0.0,57.27,1.76
2015-02-15,25.08,0.0,57.1,1.92
2015-02-16,24.94,0.0,58.65,1.94
2015-02-17,24.89,0.0,56.38,1.68
2015-02-18,24.64,0.0,54.25,2.1
2015-02-19,24.58,0.0,55.28,2.14
2015-02-20,24.03,0.0,59.67,2.39
2015-02-21,24.54,0.0,59.36,2.64
2015-02-22,24.43,0.0,57.07,2.78
2015-02-23,24.02,0.0,54.97,2.52
2015-02-24,23.81,0.0,52.64,2.0
2015-02-25,25.05,0.0,55.45,1.74
2015-02-26,26.89,0.0,58.72,1.98
2015-02-27,27.9,0.0,60.01,1.7
2015-02-28,26.88,0.77,66.57,2.52
2015-03-01,27.14,0.51,64.66,3.57
2015-03-02,27.51,1.21,63.79,2.46
2015-03-03,26.55,4.16,67.92,1.76
2015-03-04,27.03,3.06,63.78,1.44
2015-03-05,27.88,0.04,62.77,2.32
2015-03-06,28.03,0.45,60.45,2.29
2015-03-07,27.62,0.53,60.48,2.26
2015-03-08,27.11,0.0,59.19,2.51
2015-03-09,27.12,0.0,60.68,2.51
2015-03-10,26.13,0.0,56.48,2.6
2015-03-11,25.85,0.0,60.3,2.88
2015-03-12,26.76,0.0,62.16,3.15
2015-03-13,26.88,0.0,60.47,3.01
2015-03-14,26.86,0.01,59.21,2.76
2015-03-15,27.34,0.04,60.14,2.77
2015-03-16,27.09,0.15,56.76,2.26
2015-03-17,26.78,0.0,52.43,1.82
2015-03-18,27.5,0.0,43.16,1.85
2015-03-19,27.7,0.0,45.96,2.27
2015-03-20,27.32,0.0,54.75,2.29
2015-03-21,27.57,0.0,52.1,2.23
2015-03-22,28.64,0.0,48.93,2.06
2015-03-23,29.44,0.0,46.1,1.92
2015-03-24,29.35,0.0,49.84,2.41
2015-03-25,28.57,0.0,56.08,2.58
2015-03-26,28.32,0.0,53.58,2.61
2015-03-27,28.1,0.0,53.55,2.44
2015-03-28,27.86,0.0,55.61,2.15
2015-03-29,28.8,0.0,54.71,2.52
2015-03-30,28.59,0.0,56.84,2.72
2015-03-31,28.12,0.03,59.94,2.28
2015-04-01,29.77,0.22,55.49,2.48
2015-04-02,30.94,0.03,49.39,2.1
2015-04-03,31.79,1.03,48.12,1.86
2015-04-04,31.5,0.09,51.31,2.51
2015-04-05,31.98,0.0,47.39,2.65
2015-04-06,31.31,0.0,49.25,3.48
2015-04-07,30.45,0.0,54.4,3.32
2015-04-08,29.62,0.0,59.94,2.91
2015-04-09,29.56,0.04,59.86,2.96
2015-04-10,30.2,0.87,55.53,2.77
2015-04-11,29.93,1.69,54.68,1.64
2015-04-12,28.15,3.12,62.44,2.39
2015-04-13,25.19,21.01,72.4,2.32
2015-04-14,25.27,5.28,71.36,2.24
2015-04-15,24.81,11.16,79.0,2.31
2015-04-16,26.26,5.32,73.45,1.76
2015-04-17,26.69,7.68,72.15,1.39
2015-04-18,27.68,2.28,67.83,1.75
2015-04-19,28.52,0.01,64.34,1.92
2015-04-20,28.42,0.0,64.99,2.18
2015-04-21,28.1,0.01,66.42,2.28
2015-04-22,28.97,0.01,62.96,2.29
2015-04-23,29.5,3.58,61.61,1.72
2015-04-24,28.34,22.31,69.17,1.61
2015-04-25,26.89,9.01,71.95,2.11
2015-04-26,27.75,1.99,66.13,1.44
2015-04-27,27.81,0.78,68.28,1.85
2015-04-28,28.4,0.0,65.1,1.56
2015-04-29,29.28,0.73,64.55,2.13
2015-04-30,29.59,1.69,63.32,1.87
2015-05-01,29.34,0.29,60.82,2.1
2015-05-02,29.11,0.93,64.43,1.9
2015-05-03,28.98,0.28,64.85,1.38
2015-05-04,28.26,0.09,69.72,2.04
2015-05-05,28.5,0.02,64.93,1.67
2015-05-06,28.44,1.15,66.91,1.67
2015-05-07,28.9,1.57,67.15,1.6
2015-05-08,29.12,0.68,64.94,1.23
2015-05-09,28.8,0.64,64.61,1.59
2015-05-10,29.3,0.93,58.53,1.82
2015-05-11,27.77,1.23,56.43,1.71
2015-05-12,28.5,0.17,57.01,2.25
2015-05-13,26.39,12.78,72.85,1.87
2015-05-14,24.74,5.5,80.24,2.93
2015-05-15,26.28,3.76,81.96,1.36
2015-05-16,26.3,10.16,81.22,1.38
2015-05-17,26.65,7.74,77.18,1.42
2015-05-18,28.25,0.49,69.9,2.51
2015-05-19,29.92,5.47,62.65,2.51
2015-05-20,29.79,1.23,64.36,2.76
2015-05-21,30.6,0.0,58.29,4.05
2015-05-22,27.55,0.0,68.35,4.18
2015-05-23,28.56,0.0,62.14,4.47
2015-05-24,29.98,0.23,59.62,3.23
2015-05-25,29.19,0.12,63.34,4.29
2015-05-26,30.04,0.58,55.37,3.08
2015-05-27,25.9,20.2,78.81,3.7
2015-05-28,25.02,4.66,70.21,4.01
2015-05-29,29.51,3.12,63.62,2.13
2015-05-30,29.27,0.92,65.89,2.11
2015-05-31,29.59,2.21,66.82,1.19
2015-06-01,28.47,5.49,69.27,2.09
2015-06-02,27.56,8.59,71.8,2.44
2015-06-03,27.19,0.39,74.72,1.56
2015-06-04,27.57,11.1,74.94,1.56
2015-06-05,26.44,4.75,80.53,1.64
2015-06-06,27.67,0.09,72.21,1.45
2015-06-07,28.76,0.02,63.19,2.48
2015-06-08,28.27,0.05,63.81,2.63
2015-06-09,27.95,10.37,70.0,2.05
2015-06-10,27.79,1.34,70.52,2.23
2015-06-11,28.55,11.61,68.4,2.48
2015-06-12,26.31,5.1,77.66,2.63
2015-06-13,27.43,7.76,72.02,2.58
2015-06-14,27.02,1.48,68.09,3.74
2015-06-15,26.71,0.21,62.94,4.67
2015-06-16,26.35,1.58,64.47,4.1
2015-06-17,26.09,1.31,69.25,4.07
2015-06-18,25.61,2.1,67.52,4.81
2015-06-19,26.48,1.93,68.81,4.56
2015-06-20,27.68,0.32,62.68,5.83
2015-06-21,27.24,0.76,63.22,6.06
2015-06-22,27.64,0.04,64.2,5.6
2015-06-23,27.54,1.54,70.75,4.06
2015-06-24,27.11,0.13,71.99,3.94
2015-06-25,28.21,0.06,67.2,4.77
2015-06-26,27.87,0.07,63.82,5.51
2015-06-27,27.86,0.29,63.19,4.61
2015-06-28,27.83,3.5,68.09,3.73
2015-06-29,28.21,0.64,66.71,3.44
2015-06-30,29.08,0.05,60.26,3.06
2015-07-01,28.43,0.01,61.61,3.29
2015-07-02,29.06,0.07,59.84,3.24
2015-07-03,28.93,1.69,64.06,3.14
2015-07-04,29.22,0.18,63.67,3.29
2015-07-05,29.67,0.0,58.29,3.57
2015-07-06,29.68,0.01,54.69,4.6
2015-07-07,29.33,0.07,53.75,4.88
2015-07-08,29.16,0.23,58.63,4.3
2015-07-09,29.73,0.51,57.73,4.4
2015-07-10,27.57,2.78,68.73,4.28
2015-07-11,28.19,0.33,64.8,4.36
2015-07-12,29.45,0.5,59.21,3.29
2015-07-13,29.93,0.84,57.63,3.14
2015-07-14,29.79,0.29,58.72,2.57
2015-07-15,28.29,1.88,65.79,2.9
2015-07-16,28.84,1.15,61.42,3.84
2015-07-17,28.42,1.05,61.96,4.8
2015-07-18,28.64,1.16,60.46,4.69
2015-07-19,27.15,1.87,65.4,5.61
2015-07-20,28.23,1.74,61.32,4.77
2015-07-21,27.59,4.02,68.48,3.64
2015-07-22,27.52,2.03,69.37,3.2
2015-07-23,28.13,2.46,65.05,2.84
2015-07-24,27.92,0.96,63.03,2.98
2015-07-25,27.59,5.01,63.95,3.49
2015-07-26,26.62,2.09,65.84,3.24
2015-07-27,27.74,2.62,61.13,3.08
2015-07-28,28.75,2.09,58.1,2.81
2015-07-29,28.65,0.41,58.07,2.4
2015-07-30,29.41,0.0,54.91,2.51
2015-07-31,28.94,1.3,58.94,2.65
2015-08-01,27.46,4.14,65.79,2.68
2015-08-02,27.73,0.58,63.47,2.94
2015-08-03,27.44,4.46,65.87,3.06
2015-08-04,28.02,2.7,64.23,3.72
2015-08-05,27.95,0.63,59.57,4.42
2015-08-06,28.72,0.1,55.81,4.67
2015-08-07,29.2,1.1,59.68,3.67
2015-08-08,29.15,0.56,59.18,3.65
2015-08-09,28.48,0.32,59.81,3.86
2015-08-10,27.28,4.14,69.87,2.54
2015-08-11,27.14,3.03,69.72,3.44
2015-08-12,27.95,0.08,61.94,3.64
2015-08-13,27.8,1.43,63.38,3.47
2015-08-14,29.47,0.97,58.52,3.02
2015-08-15,29.39,9.12,61.18,2.13
2015-08-16,27.41,14.02,73.19,1.88
2015-08-17,26.46,5.65,78.08,1.61
2015-08-18,27.33,0.03,73.49,1.88
2015-08-19,27.39,0.02,72.99,2.07
2015-08-20,27.59,9.33,73.5,1.5
2015-08-21,26.97,16.12,74.88,1.81
2015-08-22,26.83,26.66,74.56,2.17
2015-08-23,26.87,1.41,69.71,2.73
2015-08-24,27.33,0.03,64.75,2.82
2015-08-25,27.22,0.0,66.79,2.3
2015-08-26,28.08,0.54,65.11,2.36
2015-08-27,27.41,4.73,71.11,2.79
2015-08-28,27.96,0.19,66.0,2.88
2015-08-29,29.2,0.01,61.31,2.48
2015-08-30,29.1,0.62,64.39,1.98
2015-08-31,28.15,0.17,66.76,1.61
2015-09-01,27.53,0.08,69.42,1.1
2015-09-02,27.85,1.94,67.18,1.5
2015-09-03,26.58,2.8,76.54,1.27
2015-09-04,26.78,3.26,73.55,1.34
2015-09-05,26.98,1.95,72.76,1.66
2015-09-06,26.67,8.03,74.25,1.85
2015-09-07,25.09,15.5,82.04,1.91
2015-09-08,26.37,0.57,68.28,2.93
2015-09-09,27.01,1.02,67.2,2.32
2015-09-10,26.69,0.29,69.47,2.02
2015-09-11,26.87,0.85,70.15,2.21
2015-09-12,27.88,0.63,63.42,2.61
2015-09-13,27.86,1.01,63.54,2.36
2015-09-14,27.64,0.5,64.82,3.56
2015-09-15,28.19,0.16,60.54,4.2
2015-09-16,28.18,0.02,59.01,4.65
2015-09-17,27.56,0.11,64.08,3.2
2015-09-18,28.58,0.57,65.14,1.95
2015-09-19,28.49,0.25,67.89,1.8
2015-09-20,27.33,8.22,74.3,1.38
2015-09-21,26.98,1.54,69.87,1.38
2015-09-22,28.03,0.86,69.12,1.22
2015-09-23,26.31,1.78,80.29,1.14
2015-09-24,26.38,7.46,78.19,1.38
2015-09-25,28.07,4.54,69.0,1.23
2015-09-26,26.49,15.02,79.09,1.14
2015-09-27,26.3,7.04,77.31,1.02
2015-09-28,26.52,4.86,76.46,1.05
2015-09-29,25.18,4.51,84.68,1.63
2015-09-30,25.42,6.56,80.67,1.76
2015-10-01,24.91,1.96,82.37,0.83
2015-10-02,26.54,12.7,77.06,1.17
2015-10-03,25.97,3.73,79.79,1.85
2015-10-04,25.92,17.34,82.36,1.18
2015-10-05,25.2,8.62,83.68,0.9
2015-10-06,26.29,7.0,76.57,1.08
2015-10-07,25.58,7.07,80.44,1.19
2015-10-08,25.48,1.15,78.67,1.87
2015-10-09,26.34,1.94,74.61,1.56
2015-10-10,26.74,20.6,77.51,1.54
2015-10-11,25.32,10.04,84.81,1.11
2015-10-12,25.57,9.59,82.44,0.99
2015-10-13,24.97,0.0,77.8,1.21
2015-10-14,24.66,0.0,71.17,1.23
2015-10-15,24.55,0.0,74.56,1.16
2015-10-16,24.69,0.0,79.19,1.37
2015-10-17,24.9,0.02,80.02,1.61
2015-10-18,25.4,0.2,77.11,1.66
2015-10-19,25.39,0.4,78.18,1.64
2015-10-20,25.51,0.25,76.57,1.65
2015-10-21,25.21,0.29,76.23,1.64
2015-10-22,24.46,0.0,70.52,1.68
2015-10-23,24.38,0.05,65.6,1.73
2015-10-24,23.96,0.11,69.17,2.16
2015-10-25,23.88,0.03,75.66,2.47
2015-10-26,24.39,0.39,72.71,2.51
2015-10-27,24.88,0.9,75.33,2.15
2015-10-28,24.22,6.15,82.66,1.76
2015-10-29,24.61,1.02,77.38,1.94
2015-10-30,25.52,0.27,76.02,2.02
2015-10-31,25.43,1.88,80.7,1.44
2015-11-01,25.17,11.17,83.09,1.85
2015-11-02,24.5,24.48,84.69,1.21
2015-11-03,24.58,17.37,86.38,1.21
2015-11-04,24.77,10.11,85.51,1.3
2015-11-05,24.48,1.81,86.0,1.72
2015-11-06,24.08,2.26,84.96,2.19
2015-11-07,23.57,3.36,86.75,2.5
2015-11-08,23.26,17.04,91.12,2.87
2015-11-09,22.79,65.12,91.79,4.47
2015-11-10,22.66,38.86,89.28,2.51
2015-11-11,23.01,9.91,93.12,1.68
2015-11-12,24.11,10.48,89.13,1.67
2015-11-13,22.69,10.84,90.29,2.67
2015-11-14,21.33,5.06,86.88,2.68
2015-11-15,22.08,27.78,93.24,3.18
2015-11-16,22.74,30.98,94.14,3.52
2015-11-17,23.15,5.91,88.18,2.31
2015-11-18,24.08,7.36,91.04,1.99
2015-11-19,23.59,6.77,93.01,2.1
2015-11-20,23.42,15.0,91.8,1.94
2015-11-21,23.15,3.55,92.13,1.9
2015-11-22,23.45,24.12,93.28,2.52
2015-11-23,23.82,26.96,92.15,2.13
2015-11-24,22.89,1.88,91.26,2.01
2015-11-25,21.0,0.01,87.06,1.72
2015-11-26,21.15,0.18,88.96,1.7
2015-11-27,21.98,0.4,88.63,1.51
2015-11-28,20.84,0.03,86.76,1.68
2015-11-29,22.12,11.23,93.56,2.32
2015-11-30,22.48,16.1,92.73,2.19
2015-12-01,22.29,21.34,93.22,3.4
2015-12-02,22.1,24.77,93.98,2.9
2015-12-03,22.23,4.64,92.15,3.36
2015-12-04,22.38,7.75,91.8,3.14
2015-12-05,22.48,8.78,91.38,3.65
2015-12-06,22.29,4.29,94.25,3.62
2015-12-07,22.54,1.11,90.9,3.27
2015-12-08,20.86,2.91,90.79,2.65
2015-12-09,21.91,1.49,92.01,2.77
2015-12-10,22.97,0.47,92.51,2.4
2015-12-11,23.14,0.02,90.22,1.57
2015-12-12,23.25,0.0,87.71,1.12
2015-12-13,22.95,0.0,86.7,1.02
2015-12-14,22.1,0.02,87.35,1.24
2015-12-15,21.35,0.02,88.06,1.27
2015-12-16,20.63,0.0,87.15,1.2
2015-12-17,21.04,0.0,88.21,1.35
2015-12-18,22.12,0.01,89.53,1.46
2015-12-19,22.28,0.0,88.87,1.45
2015-12-20,21.59,0.0,88.71,1.51
2015-12-21,21.1,0.0,79.99,1.02
2015-12-22,21.14,0.0,83.92,1.2
2015-12-23,21.44,0.0,87.45,1.5
2015-12-24,21.25,0.0,85.67,1.42
2015-12-25,20.99,0.0,88.73,1.76
2015-12-26,20.69,0.0,88.1,2.24
2015-12-27,21.36,0.0,88.48,2.93
2015-12-28,19.89,0.0,87.46,2.44
2015-12-29,19.38,0.0,86.59,2.14
2015-12-30,19.29,0.0,85.87,1.97
2015-12-31,19.56,0.0,87.74,2.08
2016-01-01,19.33,0.0,87.03,2.16
2016-01-02,19.12,0.0,84.7,1.89
2016-01-03,19.27,0.0,84.07,1.71
2016-01-04,19.41,0.0,82.83,1.69
2016-01-05,19.31,0.0,83.49,1.67
2016-01-06,19.38,0.0,82.79,1.73
2016-01-07,19.27,0.0,84.39,1.78
2016-01-08,19.38,0.0,83.37,1.68
2016-01-09,19.25,0.0,79.36,1.69
2016-01-10,18.68,0.0,79.42,1.54
2016-01-11,18.83,0.0,81.25,1.74
2016-01-12,19.37,0.0,78.96,1.58
2016-01-13,19.16,0.0,79.47,1.15
2016-01-14,19.31,0.0,79.83,1.54
2016-01-15,19.57,0.0,83.37,1.44
2016-01-16,20.28,0.0,79.8,1.42
2016-01-17,20.18,0.0,80.07,1.37
2016-01-18,20.8,0.0,81.32,1.51
2016-01-19,22.49,0.01,81.9,1.33
2016-01-20,22.54,0.57,85.01,1.49
2016-01-21,22.82,0.23,84.03,1.69
2016-01-22,21.67,0.02,85.07,1.67
2016-01-23,22.79,0.03,85.67,3.06
2016-01-24,23.46,0.03,83.3,2.62
2016-01-25,23.22,0.0,81.77,1.83
2016-01-26,23.34,0.0,79.76,1.5
2016-01-27,23.06,0.0,78.51,1.41
2016-01-28,22.74,0.0,74.69,1.33
2016-01-29,22.33,0.0,74.14,1.64
2016-01-30,21.86,0.0,75.66,1.58
2016-01-31,21.77,0.0,74.57,1.71
2016-02-01,21.56,0.0,70.23,1.71
2016-02-02,22.02,0.0,66.53,1.59
2016-02-03,21.98,0.0,67.63,1.55
2016-02-04,22.02,0.0,73.28,1.76
2016-02-05,22.58,0.0,73.77,1.59
2016-02-06,22.74,0.0,73.87,1.56
2016-02-07,23.93,0.0,74.31,1.44
2016-02-08,23.98,0.0,76.04,1.74
2016-02-09,23.49,0.0,71.98,1.58
2016-02-10,23.62,0.0,69.77,1.54
2016-02-11,23.94,0.0,69.45,1.63
2016-02-12,23.96,0.0,67.4,1.64
2016-02-13,24.33,0.0,70.21,1.61
2016-02-14,23.44,0.0,70.86,2.01
2016-02-15,23.3,0.0,75.65,2.05
2016-02-16,23.85,0.0,73.11,2.0
2016-02-17,23.56,0.0,74.06,2.53
2016-02-18,24.33,0.0,71.51,2.48
2016-02-19,23.81,0.0,71.85,1.97
2016-02-20,25.94,0.0,70.86,1.81
2016-02-21,26.93,0.0,66.91,1.68
2016-02-22,26.47,0.0,64.57,1.79
2016-02-23,25.24,0.0,64.49,1.98
2016-02-24,25.5,0.0,61.75,1.96
2016-02-25,26.19,0.0,66.45,2.25
2016-02-26,26.03,0.0,68.43,2.6
2016-02-27,24.91,0.0,72.67,2.25
2016-02-28,26.35,0.0,69.72,2.43
2016-02-29,25.52,0.0,68.72,2.26
2016-03-01,25.79,0.0,68.7,2.13
2016-03-02,25.04,0.0,68.46,1.86
2016-03-03,25.92,0.0,63.68,2.5
2016-03-04,24.59,0.0,62.98,1.69
2016-03-05,25.54,0.0,64.93,1.73
2016-03-06,26.39,0.0,61.68,1.97
2016-03-07,26.54,0.0,61.89,2.08
2016-03-08,26.76,0.0,61.19,2.06
2016-03-09,27.42,0.0,56.86,1.92
2016-03-10,26.45,0.0,63.48,2.05
2016-03-11,28.3,0.0,58.2,1.66
2016-03-12,28.63,0.0,59.07,2.31
2016-03-13,29.28,0.12,57.16,1.84
2016-03-14,28.64,0.36,60.32,2.05
2016-03-15,28.36,6.76,61.72,2.03
2016-03-16,28.74,0.34,62.13,1.8
2016-03-17,29.16,2.34,59.8,1.64
2016-03-18,29.04,0.0,53.64,1.89
2016-03-19,29.45,0.0,46.18,1.58
2016-03-20,29.75,0.0,45.9,2.13
2016-03-21,30.89,0.0,37.65,1.67
2016-03-22,32.39,0.0,39.72,2.06
2016-03-23,32.04,0.0,47.63,2.46
2016-03-24,30.28,0.0,53.25,2.52
2016-03-25,28.95,0.0,54.27,2.18
2016-03-26,28.23,0.0,52.32,2.14
2016-03-27,28.05,0.0,55.4,2.12
2016-03-28,29.02,0.0,58.04,2.52
2016-03-29,29.76,0.0,59.5,2.67
2016-03-30,29.63,0.0,56.78,2.62
2016-03-31,29.35,0.0,55.61,2.34
2016-04-01,29.74,0.0,54.05,2.38
2016-04-02,29.95,0.0,53.11,2.19
2016-04-03,30.22,0.0,50.16,2.17
2016-04-04,30.0,0.0,45.91,2.17
2016-04-05,29.87,0.0,48.29,2.13
2016-04-06,30.89,0.0,53.7,2.32
2016-04-07,31.65,0.01,53.8,2.41
2016-04-08,31.64,0.18,53.01,2.79
2016-04-09,30.64,0.01,53.28,2.19
2016-04-10,30.17,0.0,55.17,2.42
2016-04-11,30.69,0.0,55.54,2.18
2016-04-12,32.42,0.0,49.1,2.22
2016-04-13,33.76,0.0,45.26,2.04
2016-04-14,33.75,0.0,46.01,3.24
2016-04-15,32.4,0.0,52.91,2.96
2016-04-16,32.24,0.0,52.54,2.76
2016-04-17,31.92,0.0,53.07,2.81
2016-04-18,31.49,0.0,54.26,2.81
2016-04-19,31.68,0.0,55.82,3.13
2016-04-20,32.35,0.0,50.74,2.65
2016-04-21,33.36,0.1,47.2,2.5
2016-04-22,34.81,0.06,40.03,1.66
2016-04-23,35.62,0.0,34.91,2.23
2016-04-24,35.81,0.0,37.39,2.7
2016-04-25,33.9,0.62,45.05,3.33
2016-04-26,31.71,0.16,52.11,3.07
2016-04-27,31.12,0.0,54.32,2.72
2016-04-28,31.8,0.0,48.73,2.58
2016-04-29,31.8,0.0,44.04,2.63
2016-04-30,31.7,0.0,47.59,2.63
2016-05-01,32.67,0.0,43.12,2.59
2016-05-02,33.5,0.0,43.84,2.51
2016-05-03,33.19,0.0,44.11,2.95
2016-05-04,32.37,0.0,47.89,2.87
2016-05-05,31.84,0.24,48.52,2.72
2016-05-06,30.89,4.34,53.64,1.85
2016-05-07,29.53,10.02,63.95,1.93
2016-05-08,28.16,11.37,73.86,1.3
2016-05-09,29.06,1.75,66.36,1.62
2016-05-10,29.43,2.21,63.34,2.02
2016-05-11,29.25,0.22,58.37,1.94
2016-05-12,30.17,0.13,54.64,1.96
2016-05-13,31.14,0.37,54.3,1.62
2016-05-14,30.63,0.02,59.15,2.54
2016-05-15,29.52,0.26,58.57,2.23
2016-05-16,27.83,16.08,67.15,1.75
2016-05-17,26.33,18.46,69.87,3.05
2016-05-18,28.23,12.75,67.1,3.87
2016-05-19,27.74,28.02,74.31,4.04
2016-05-20,28.64,0.97,68.03,4.06
2016-05-21,28.97,0.0,61.82,3.73
2016-05-22,30.51,0.0,57.97,3.18
2016-05-23,30.8,0.0,57.57,3.67
2016-05-24,31.63,0.0,54.29,3.45
2016-05-25,31.68,0.0,55.94,3.33
2016-05-26,31.38,0.0,57.17,2.51
2016-05-27,29.59,2.5,63.96,1.95
2016-05-28,27.45,3.35,70.05,3.22
2016-05-29,28.64,7.68,68.28,1.95
2016-05-30,27.78,1.38,71.9,1.6
2016-05-31,29.6,0.32,64.53,2.42
2016-06-01,27.91,17.39,71.68,2.05
2016-06-02,26.88,9.03,78.37,1.98
2016-06-03,28.57,0.78,67.62,1.6
2016-06-04,28.35,2.71,68.93,2.33
2016-06-05,28.93,0.53,67.59,1.94
2016-06-06,28.16,6.81,72.22,2.25
2016-06-07,28.0,6.86,74.53,2.27
2016-06-08,27.83,7.25,73.45,2.45
2016-06-09,27.98,2.22,66.91,3.41
2016-06-10,28.11,0.23,64.12,3.61
2016-06-11,28.2,0.77,63.22,4.33
2016-06-12,27.68,0.26,63.2,4.39
2016-06-13,27.22,1.64,58.16,4.78
2016-06-14,27.9,0.02,58.72,4.25
2016-06-15,28.93,0.34,57.6,4.6
2016-06-16,27.77,0.79,63.85,3.8
2016-06-17,27.74,2.71,64.99,3.31
2016-06-18,27.84,0.59,66.59,3.27
2016-06-19,26.17,6.0,68.88,2.62
2016-06-20,25.67,5.49,78.74,1.51
2016-06-21,25.95,9.87,78.46,2.21
2016-06-22,26.02,12.62,72.99,3.13
2016-06-23,24.27,16.92,78.56,3.85
2016-06-24,25.42,0.71,72.29,3.45
2016-06-25,25.19,1.71,71.3,4.0
2016-06-26,26.4,0.82,71.56,3.0
2016-06-27,26.11,2.6,72.18,3.86
2016-06-28,25.98,5.14,72.88,4.26
2016-06-29,26.14,4.27,74.81,4.48
2016-06-30,26.3,10.52,71.91,4.75
2016-07-01,26.62,0.02,70.7,4.82
2016-07-02,27.2,0.05,67.21,4.78
2016-07-03,27.68,0.0,67.64,4.22
2016-07-04,27.56,0.84,67.94,3.71
2016-07-05,27.42,0.54,70.22,3.23
2016-07-06,26.87,0.68,73.04,3.48
2016-07-07,26.56,2.61,70.97,4.07
2016-07-08,27.13,0.37,66.51,4.54
2016-07-09,27.27,0.14,66.97,4.94
2016-07-10,27.97,0.08,64.32,5.36
2016-07-11,27.45,0.03,64.22,5.15
2016-07-12,27.33,0.0,65.3,4.25
2016-07-13,27.97,0.0,64.54,3.77
2016-07-14,28.51,0.93,64.66,2.7
2016-07-15,27.68,1.4,70.73,2.01
2016-07-16,26.9,5.19,73.61,1.75
2016-07-17,26.09,5.22,75.47,1.21
2016-07-18,25.61,16.5,76.55,1.5
2016-07-19,26.01,5.04,75.02,2.36
2016-07-20,26.31,3.21,73.89,2.37
2016-07-21,25.75,1.85,73.59,3.43
2016-07-22,25.99,0.23,71.76,3.54
2016-07-23,27.04,0.6,69.38,2.59
2016-07-24,26.48,12.18,74.85,2.08
2016-07-25,26.25,27.44,75.95,1.57
2016-07-26,25.54,14.76,83.43,1.13
2016-07-27,25.15,9.85,84.13,1.4
2016-07-28,25.79,13.53,82.55,1.05
2016-07-29,25.54,9.33,82.16,2.01
2016-07-30,24.53,3.57,81.74,2.45
2016-07-31,25.65,0.02,71.15,3.77
2016-08-01,25.47,0.35,71.6,4.34
2016-08-02,25.52,0.0,72.37,4.9
2016-08-03,26.14,0.0,70.43,4.43
2016-08-04,26.03,0.0,72.23,3.94
2016-08-05,26.37,0.0,70.81,4.17
2016-08-06,26.46,0.0,70.98,3.79
2016-08-07,26.52,0.09,71.62,3.57
2016-08-08,27.24,0.0,69.06,3.4
2016-08-09,27.8,0.15,67.01,3.4
2016-08-10,27.59,0.11,68.47,3.28
2016-08-11,27.43,0.01,68.49,2.7
2016-08-12,27.71,1.32,68.86,2.78
2016-08-13,27.49,6.02,73.07,2.65
2016-08-14,27.0,0.95,70.76,3.51
2016-08-15,27.46,1.76,67.24,4.19
2016-08-16,27.83,0.51,64.53,4.49
2016-08-17,27.37,0.41,66.82,3.81
2016-08-18,27.94,0.2,66.6,3.1
2016-08-19,28.22,0.29,65.37,2.97
2016-08-20,28.82,0.92,64.43,2.08
2016-08-21,28.56,1.16,67.62,1.26
2016-08-22,28.81,0.62,65.9,1.79
2016-08-23,27.88,1.37,68.48,2.09
2016-08-24,27.67,1.14,69.03,2.6
2016-08-25,26.13,2.09,76.32,1.9
2016-08-26,25.65,6.98,80.62,1.95
2016-08-27,26.48,3.87,74.57,1.77
2016-08-28,27.5,0.41,68.81,2.13
2016-08-29,27.24,1.24,71.59,2.15
2016-08-30,25.87,7.62,79.25,2.14
2016-08-31,25.3,18.28,80.14,2.71
2016-09-01,25.77,0.6,70.87,2.52
2016-09-02,25.75,1.01,69.77,2.57
2016-09-03,25.79,0.8,69.95,2.51
2016-09-04,26.18,0.58,69.23,2.52
2016-09-05,26.24,0.01,67.79,2.72
2016-09-06,26.55,0.31,65.52,2.95
2016-09-07,26.69,0.02,65.1,2.54
2016-09-08,28.02,0.0,59.61,1.87
2016-09-09,27.86,1.75,62.71,1.85
2016-09-10,27.63,4.7,68.65,1.66
2016-09-11,25.99,0.51,69.86,2.17
2016-09-12,25.77,0.04,70.9,2.2
2016-09-13,26.59,1.66,67.87,2.33
2016-09-14,27.55,2.04,68.02,2.19
2016-09-15,26.7,2.49,69.29,2.58
2016-09-16,26.76,1.4,70.43,2.43
2016-09-17,26.15,0.58,69.41,2.63
2016-09-18,26.98,0.12,65.67,2.7
2016-09-19,27.63,0.07,62.95,2.41
2016-09-20,26.76,0.55,67.58,2.36
2016-09-21,26.04,2.97,70.87,2.81
2016-09-22,27.2,0.53,65.04,3.31
2016-09-23,27.7,0.27,64.37,3.25
2016-09-24,27.95,0.02,64.31,3.56
2016-09-25,28.26,0.03,65.28,2.74
2016-09-26,28.95,0.03,64.05,1.77
2016-09-27,25.74,5.18,82.59,1.54
2016-09-28,26.53,5.65,78.55,0.88
2016-09-29,26.21,7.75,77.73,1.43
2016-09-30,27.3,1.62,71.0,1.53
2016-10-01,26.99,0.09,66.29,1.79
2016-10-02,26.42,0.02,67.97,1.12
2016-10-03,26.91,1.53,70.97,1.13
2016-10-04,27.29,1.85,71.66,1.29
2016-10-05,27.79,0.39,67.47,1.15
2016-10-06,27.59,0.07,63.99,1.2
2016-10-07,27.22,0.0,60.71,1.33
2016-10-08,27.79,0.0,59.56,1.9
2016-10-09,27.86,3.42,63.52,2.09
2016-10-10,28.06,1.18,65.89,2.16
2016-10-11,26.99,7.08,73.22,1.53
2016-10-12,25.94,17.35,80.52,1.02
2016-10-13,26.23,3.24,75.18,0.87
2016-10-14,26.62,0.25,68.63,1.23
2016-10-15,25.97,0.0,67.09,1.48
2016-10-16,25.5,0.0,68.79,1.26
2016-10-17,25.91,0.0,64.83,0.89
2016-10-18,26.45,0.0,64.02,1.07
2016-10-19,26.99,0.0,63.65,0.6
2016-10-20,26.97,0.03,66.45,1.0
2016-10-21,26.32,0.06,68.33,1.33
2016-10-22,26.52,0.0,65.31,0.89
2016-10-23,26.85,0.01,63.11,0.88
2016-10-24,26.75,0.0,56.33,1.33
2016-10-25,25.64,0.0,59.85,0.73
2016-10-26,26.0,0.0,59.27,1.15
2016-10-27,26.2,0.0,59.35,1.08
2016-10-28,27.82,0.0,52.41,1.0
2016-10-29,27.87,0.16,62.93,1.61
2016-10-30,25.6,1.14,73.64,2.67
2016-10-31,26.39,0.49,69.78,2.65
2016-11-01,25.79,2.49,71.95,2.4
2016-11-02,24.63,2.46,80.94,2.13
2016-11-03,25.72,0.12,73.58,2.12
2016-11-04,27.47,0.0,61.84,1.5
2016-11-05,26.14,0.0,52.95,1.49
2016-11-06,26.72,0.0,54.01,1.34
2016-11-07,26.19,0.01,63.08,1.45
2016-11-08,25.26,0.0,62.91,1.89
2016-11-09,23.84,0.0,55.51,1.93
2016-11-10,23.94,0.0,54.61,1.8
2016-11-11,24.51,0.0,60.94,1.63
2016-11-12,25.45,0.02,62.71,1.89
2016-11-13,25.93,1.56,73.61,2.39
2016-11-14,26.82,0.3,70.17,2.35
2016-11-15,26.0,0.02,66.25,2.17
2016-11-16,26.38,0.18,68.27,2.93
2016-11-17,25.76,0.18,69.32,2.94
2016-11-18,24.59,0.01,67.46,2.61
2016-11-19,23.9,0.0,66.77,2.31
2016-11-20,23.28,0.0,67.01,2.04
2016-11-21,24.18,0.0,64.89,2.34
2016-11-22,24.37,0.0,57.81,2.03
2016-11-23,24.01,0.0,56.39,2.2
2016-11-24,23.11,0.0,59.91,2.1
2016-11-25,22.97,0.0,61.62,2.31
2016-11-26,23.37,0.0,56.73,1.98
2016-11-27,24.16,0.0,50.8,1.97
2016-11-28,24.42,0.0,48.15,1.72
2016-11-29,24.24,0.0,55.68,1.8
2016-11-30,23.3,0.01,60.44,2.03
2016-12-01,22.11,5.46,67.1,3.62
2016-12-02,23.66,8.55,81.43,3.36
2016-12-03,24.06,3.0,82.51,2.97
2016-12-04,24.75,2.64,79.7,2.04
2016-12-05,24.59,1.77,75.15,2.23
2016-12-06,23.03,0.01,70.88,2.62
2016-12-07,22.78,0.2,75.54,2.03
2016-12-08,24.11,0.05,74.07,1.96
2016-12-09,23.77,0.0,58.51,1.81
2016-12-10,22.69,0.0,35.24,1.89
2016-12-11,22.55,0.03,31.65,2.28
2016-12-12,22.67,36.74,57.67,4.3
2016-12-13,23.09,4.77,81.13,2.24
2016-12-14,23.56,0.9,81.55,2.29
2016-12-15,23.07,0.14,75.6,1.74
2016-12-16,23.06,2.26,81.23,2.22
2016-12-17,22.95,0.02,75.31,1.94
2016-12-18,22.6,0.0,73.12,1.93
2016-12-19,22.05,0.0,69.45,2.2
2016-12-20,22.15,0.0,71.85,2.1
2016-12-21,22.9,0.0,70.56,1.52
2016-12-22,22.47,0.0,61.73,1.63
2016-12-23,21.26,0.0,52.29,1.53
2016-12-24,21.14,0.0,63.2,1.53
2016-12-25,21.01,0.0,67.16,0.94
2016-12-26,21.32,0.0,64.34,1.87
2016-12-27,22.33,0.0,65.76,2.45
2016-12-28,22.55,0.27,72.52,2.38
2016-12-29,21.57,0.01,69.3,2.14
2016-12-30,21.35,0.0,70.35,1.93
2016-12-31,21.04,0.0,69.23,1.89
2017-01-01,21.63,0.0,70.82,2.12
2017-01-02,22.04,0.0,63.82,1.9
2017-01-03,21.52,0.0,59.99,2.2
2017-01-04,21.89,0.0,64.5,1.97
2017-01-05,22.1,0.0,65.13,1.95
2017-01-06,22.39,0.0,63.94,1.73
2017-01-07,22.67,0.0,65.01,1.32
2017-01-08,22.16,0.0,63.66,1.78
2017-01-09,21.68,0.0,61.24,1.61
2017-01-10,22.26,0.0,62.41,1.07
2017-01-11,23.19,0.0,63.16,1.28
2017-01-12,23.49,0.0,67.02,1.46
2017-01-13,23.41,0.0,68.11,1.86
2017-01-14,22.92,0.0,64.74,2.33
2017-01-15,22.7,0.0,65.75,2.46
2017-01-16,23.04,0.04,64.0,2.26
2017-01-17,22.02,0.0,61.88,2.22
2017-01-18,21.33,0.0,65.5,2.69
2017-01-19,22.3,0.0,64.59,2.96
2017-01-20,22.45,4.72,70.95,3.0
2017-01-21,23.14,1.07,76.04,3.33
2017-01-22,23.4,0.01,65.65,2.89
2017-01-23,22.59,0.0,64.74,2.82
2017-01-24,23.16,0.0,65.78,3.06
2017-01-25,23.81,0.02,66.21,3.22
2017-01-26,23.38,3.46,76.76,2.71
2017-01-27,23.54,8.76,83.28,2.7
2017-01-28,24.12,2.59,80.37,2.6
2017-01-29,24.14,0.09,69.14,2.25
2017-01-30,23.59,0.03,68.76,2.27
2017-01-31,23.53,0.0,62.8,1.9
2017-02-01,22.23,0.0,62.48,1.86
2017-02-02,22.07,0.0,65.46,2.16
2017-02-03,22.17,0.0,66.37,1.95
2017-02-04,22.75,0.0,64.2,2.09
2017-02-05,22.53,0.0,62.62,1.67
2017-02-06,23.09,0.0,56.42,1.52
2017-02-07,23.31,0.0,53.73,1.8
2017-02-08,23.38,0.0,53.52,2.14
2017-02-09,23.34,0.0,58.28,1.9
2017-02-10,23.27,0.0,59.85,1.71
2017-02-11,23.02,0.0,60.85,1.86
2017-02-12,22.94,0.0,63.71,2.47
2017-02-13,23.25,0.0,63.73,2.77
2017-02-14,24.18,0.02,67.45,3.85
2017-02-15,24.4,0.0,61.1,3.07
2017-02-16,23.05,0.0,59.75,2.94
2017-02-17,22.5,0.0,58.72,2.65
2017-02-18,23.37,0.0,56.69,2.29
2017-02-19,25.03,0.0,50.93,1.83
2017-02-20,26.46,0.0,45.12,1.46
2017-02-21,27.06,0.0,43.75,1.59
2017-02-22,27.17,0.0,48.58,1.71
2017-02-23,26.57,0.0,53.88,1.8
2017-02-24,26.39,0.0,53.49,2.36
2017-02-25,26.86,0.0,47.83,2.33
2017-02-26,25.83,0.0,53.15,2.09
2017-02-27,25.5,0.0,52.06,2.4
2017-02-28,25.2,0.0,50.78,2.56
2017-03-01,24.71,0.0,46.24,2.62
2017-03-02,24.97,0.0,41.82,2.23
2017-03-03,26.18,0.11,55.38,2.33
2017-03-04,26.72,2.06,69.12,2.56
2017-03-05,28.44,0.39,62.71,2.04
2017-03-06,29.09,0.48,58.72,2.16
2017-03-07,28.06,4.0,64.09,2.14
2017-03-08,28.01,4.39,67.15,2.03
2017-03-09,28.55,0.06,63.85,2.28
2017-03-10,27.78,2.63,67.17,2.15
2017-03-11,27.91,0.42,64.33,1.83
2017-03-12,28.71,0.0,60.13,1.69
2017-03-13,28.7,2.79,62.25,1.86
2017-03-14,27.22,2.79,68.84,2.28
2017-03-15,27.28,0.17,62.9,2.46
2017-03-16,27.33,0.06,60.54,1.98
2017-03-17,28.78,0.43,56.74,1.22
2017-03-18,29.9,0.06,49.56,1.57
2017-03-19,30.24,0.14,48.54,1.66
2017-03-20,30.13,0.63,51.44,2.05
2017-03-21,29.7,1.55,52.2,2.08
2017-03-22,28.9,0.0,52.74,2.28
2017-03-23,28.24,0.0,51.71,2.14
2017-03-24,27.36,0.0,48.21,2.07
2017-03-25,27.96,0.0,45.71,2.32
2017-03-26,28.05,0.0,50.28,2.54
2017-03-27,27.75,0.0,48.23,2.19
2017-03-28,28.45,0.0,51.58,2.42
2017-03-29,29.04,0.0,46.49,2.06
2017-03-30,29.02,0.0,49.39,2.0
2017-03-31,29.21,0.0,53.19,2.37
2017-04-01,29.9,0.0,46.59,2.3
2017-04-02,29.99,0.0,45.28,2.37
2017-04-03,30.41,0.0,52.29,2.66
2017-04-04,30.45,0.0,55.09,2.82
2017-04-05,30.98,0.12,49.35,2.16
2017-04-06,31.9,0.79,46.93,2.18
2017-04-07,31.72,0.26,45.68,2.15
2017-04-08,31.18,0.0,46.59,2.4
2017-04-09,30.96,0.0,46.25,2.31
2017-04-10,31.66,0.05,44.38,2.04
2017-04-11,31.53,0.08,48.17,2.19
2017-04-12,31.58,0.0,49.71,2.49
2017-04-13,30.83,0.0,49.59,2.4
2017-04-14,30.8,0.0,47.37,2.48
2017-04-15,31.69,0.0,40.33,2.14
2017-04-16,32.94,0.07,39.13,1.95
2017-04-17,34.24,2.05,36.86,1.47
2017-04-18,34.36,0.0,33.27,1.67
2017-04-19,34.35,0.0,35.44,2.06
2017-04-20,33.8,1.03,41.08,2.14
2017-04-21,32.48,4.09,47.2,2.23
2017-04-22,31.55,1.98,52.03,1.84
2017-04-23,33.19,0.01,44.08,1.96
2017-04-24,33.9,0.51,41.39,2.44
2017-04-25,32.38,1.68,49.46,1.76
2017-04-26,32.17,0.2,47.79,1.21
2017-04-27,31.64,0.0,43.51,2.05
2017-04-28,32.22,0.05,39.48,1.8
2017-04-29,33.1,1.44,38.01,1.74
2017-04-30,32.78,0.75,40.86,1.91
2017-05-01,31.58,0.33,44.64,1.74
2017-05-02,30.78,2.89,49.86,1.81
2017-05-03,30.73,0.66,52.27,2.55
2017-05-04,31.44,0.0,48.49,2.17
2017-05-05,31.94,0.06,51.14,2.58
2017-05-06,32.31,0.05,50.78,2.63
2017-05-07,31.01,10.67,53.99,2.14
2017-05-08,28.13,8.33,62.94,2.13
2017-05-09,30.47,1.35,49.88,1.32
2017-05-10,28.36,1.17,68.56,1.61
2017-05-11,27.68,0.47,74.08,1.63
2017-05-12,28.85,0.15,68.3,1.89
2017-05-13,29.43,0.11,63.74,1.32
2017-05-14,31.79,1.68,56.59,1.54
2017-05-15,30.88,2.62,59.26,2.41
2017-05-16,32.82,0.17,48.21,2.98
2017-05-17,32.99,1.64,52.61,2.41
2017-05-18,29.98,14.07,62.36,3.54
2017-05-19,28.52,2.44,69.55,3.27
2017-05-20,28.59,1.79,66.75,2.79
2017-05-21,28.26,7.53,69.05,2.62
2017-05-22,28.46,9.36,70.63,1.65
2017-05-23,29.84,0.3,60.74,1.92
2017-05-24,30.46,2.24,60.19,1.32
2017-05-25,29.52,5.21,65.41,2.71
2017-05-26,28.17,11.78,72.64,2.2
2017-05-27,28.26,15.0,75.32,1.97
2017-05-28,28.22,0.93,72.62,3.18
2017-05-29,29.61,0.0,62.74,4.25
2017-05-30,30.18,0.0,58.43,4.73
2017-05-31,29.28,0.0,62.08,3.43
2017-06-01,29.66,0.0,60.49,2.33
2017-06-02,29.68,2.19,60.85,2.29
2017-06-03,29.13,0.13,61.1,4.1
2017-06-04,29.75,0.37,59.77,2.81
2017-06-05,29.56,0.11,61.18,2.92
2017-06-06,27.85,15.31,69.95,2.7
2017-06-07,26.8,2.66,66.89,3.23
2017-06-08,27.58,0.07,57.54,4.2
2017-06-09,27.44,0.87,65.07,4.11
2017-06-10,27.37,0.17,65.58,4.46
2017-06-11,28.03,0.1,62.0,4.45
2017-06-12,27.59,0.67,66.88,3.26
2017-06-13,29.05,0.04,65.18,2.75
2017-06-14,29.44,1.46,65.84,2.59
2017-06-15,29.19,0.24,63.57,2.48
2017-06-16,28.38,1.97,66.6,2.22
2017-06-17,28.01,0.05,58.9,3.57
2017-06-18,29.65,0.02,56.28,2.89
2017-06-19,27.75,4.25,62.07,3.13
2017-06-20,28.25,2.59,60.83,3.35
2017-06-21,27.99,0.21,62.32,3.21
2017-06-22,28.72,0.19,60.57,3.3
2017-06-23,28.6,3.13,62.81,3.86
2017-06-24,27.29,3.69,61.85,3.84
2017-06-25,27.49,0.68,63.59,4.37
2017-06-26,27.2,0.49,66.6,3.87
2017-06-27,26.71,4.38,64.79,4.1
2017-06-28,27.15,0.2,61.0,4.07
2017-06-29,26.78,1.58,60.79,3.92
2017-06-30,27.12,0.07,63.6,3.47
2017-07-01,28.64,0.0,59.5,3.4
2017-07-02,27.99,0.94,63.81,3.49
2017-07-03,28.86,0.57,57.51,3.72
2017-07-04,27.71,0.74,58.07,4.2
2017-07-05,27.92,0.98,59.49,3.82
2017-07-06,28.4,2.5,63.15,3.42
2017-07-07,28.19,1.06,64.59,2.28
2017-07-08,27.83,0.03,60.59,2.5
2017-07-09,28.42,1.96,58.34,2.31
2017-07-10,27.83,0.12,66.06,2.38
2017-07-11,27.49,3.51,66.91,3.4
2017-07-12,27.36,5.58,63.51,3.34
2017-07-13,28.06,0.16,57.68,3.74
2017-07-14,27.8,0.0,52.96,4.24
2017-07-15,28.58,0.25,53.78,4.16
2017-07-16,29.52,0.0,53.15,4.92
2017-07-17,28.54,0.0,54.54,5.21
2017-07-18,28.32,0.33,60.6,4.69
2017-07-19,28.61,1.58,59.66,5.32
2017-07-20,28.11,3.04,57.85,4.93
2017-07-21,29.21,0.4,56.14,4.18
2017-07-22,30.26,0.0,53.72,3.31
2017-07-23,30.53,0.01,51.83,3.52
2017-07-24,29.99,0.05,53.56,4.1
2017-07-25,30.81,0.23,51.51,3.44
2017-07-26,30.82,0.85,50.25,3.34
2017-07-27,30.54,1.09,51.95,3.36
2017-07-28,30.36,6.4,55.9,2.88
2017-07-29,28.21,7.43,69.49,1.86
2017-07-30,26.52,15.93,76.65,1.74
2017-07-31,27.27,28.99,74.55,1.6
2017-08-01,28.11,10.1,68.29,1.74
2017-08-02,28.35,5.25,67.36,2.08
2017-08-03,28.06,0.85,65.38,3.35
2017-08-04,27.78,0.04,68.46,3.34
2017-08-05,27.99,0.68,68.6,3.28
2017-08-06,28.82,1.25,66.8,2.41
2017-08-07,28.18,0.68,68.53,1.89
2017-08-08,26.65,4.5,76.61,1.41
2017-08-09,25.48,5.73,81.26,1.11
2017-08-10,25.43,8.39,80.13,1.09
2017-08-11,26.09,8.21,79.21,1.66
2017-08-12,26.15,5.22,77.1,1.81
2017-08-13,25.17,12.18,83.5,1.03
2017-08-14,25.33,15.34,79.0,0.78
2017-08-15,25.63,5.54,79.14,1.15
2017-08-16,26.11,6.46,77.96,1.65
2017-08-17,25.69,8.47,81.67,2.19
2017-08-18,25.89,3.85,78.93,2.6
2017-08-19,26.3,5.35,74.19,3.49
2017-08-20,25.73,9.79,75.7,3.29
2017-08-21,25.91,5.69,77.03,2.73
2017-08-22,26.41,3.4,76.27,2.25
2017-08-23,26.65,17.51,77.91,2.02
2017-08-24,24.88,8.43,84.37,2.32
2017-08-25,25.69,1.95,79.57,2.64
2017-08-26,25.97,8.71,80.54,2.45
2017-08-27,26.09,1.82,75.4,3.24
2017-08-28,25.22,1.43,81.21,2.91
2017-08-29,25.95,0.25,77.88,3.15
2017-08-30,27.24,1.89,74.23,2.29
2017-08-31,26.78,8.84,78.32,1.7
2017-09-01,26.02,16.31,84.74,1.34
2017-09-02,26.01,18.03,83.79,0.76
2017-09-03,26.16,7.32,81.57,1.11
2017-09-04,26.71,2.38,79.24,0.88
2017-09-05,26.77,16.01,80.78,1.18
2017-09-06,25.25,31.18,91.59,1.19
2017-09-07,25.51,2.46,86.63,1.26
2017-09-08,25.31,5.93,84.62,1.34
2017-09-09,25.6,9.7,83.55,0.87
2017-09-10,25.39,2.93,85.4,1.16
2017-09-11,25.53,0.39,86.17,1.46
2017-09-12,25.52,3.87,86.2,1.55
2017-09-13,25.4,2.25,87.31,1.5
2017-09-14,25.19,1.98,85.26,1.08
2017-09-15,24.79,0.51,87.14,1.43
2017-09-16,25.32,12.18,84.24,2.0
2017-09-17,24.46,6.19,81.99,3.31
2017-09-18,24.64,1.58,79.31,3.65
2017-09-19,25.04,0.14,79.52,3.34
2017-09-20,25.05,0.0,77.89,3.12
2017-09-21,25.22,0.25,77.79,2.72
2017-09-22,25.75,0.21,75.98,1.96
2017-09-23,26.51,0.02,78.51,0.82
2017-09-24,24.84,19.65,90.57,0.83
2017-09-25,24.91,9.81,86.71,1.08
2017-09-26,24.78,16.01,85.07,1.35
2017-09-27,23.75,22.59,89.67,2.09
2017-09-28,24.61,5.29,87.66,1.63
2017-09-29,24.48,2.1,83.83,1.93
2017-09-30,25.17,4.93,86.47,1.1
2017-10-01,25.09,5.97,86.64,1.08
2017-10-02,25.39,11.63,85.6,1.0
2017-10-03,25.3,3.64,86.72,0.98
2017-10-04,25.46,7.43,87.32,1.37
2017-10-05,24.72,16.11,88.92,1.02
2017-10-06,24.72,17.04,88.89,0.86
2017-10-07,25.07,4.46,86.2,1.35
2017-10-08,25.73,4.77,86.07,1.17
2017-10-09,25.85,14.49,87.96,0.77
2017-10-10,25.46,19.8,89.47,0.83
2017-10-11,25.02,18.46,86.15,1.14
2017-10-12,25.61,16.18,80.81,1.07
2017-10-13,24.95,3.91,86.57,1.07
2017-10-14,23.85,13.5,90.97,1.72
2017-10-15,24.58,0.25,84.98,1.91
2017-10-16,24.48,2.23,86.92,2.49
2017-10-17,24.2,0.13,87.82,2.08
2017-10-18,24.65,0.0,82.41,2.05
2017-10-19,25.89,0.0,72.75,1.34
2017-10-20,25.39,0.02,82.11,1.25
2017-10-21,25.58,0.6,82.72,1.34
2017-10-22,25.68,3.37,81.17,1.06
2017-10-23,25.21,0.03,74.08,1.02
2017-10-24,24.67,0.0,75.5,0.97
2017-10-25,24.16,3.09,88.41,1.42
2017-10-26,24.02,0.46,88.01,1.52
2017-10-27,23.77,7.09,87.77,1.93
2017-10-28,23.63,0.95,85.81,2.22
2017-10-29,23.38,0.61,84.36,2.48
2017-10-30,23.1,13.26,90.58,3.04
2017-10-31,22.78,6.15,90.99,2.52
2017-11-01,22.7,3.97,91.68,2.31
2017-11-02,23.13,5.68,89.56,2.65
2017-11-03,22.17,6.07,90.39,3.37
2017-11-04,22.34,10.63,91.12,2.61
2017-11-05,23.47,9.34,90.13,2.98
2017-11-06,22.94,7.59,91.3,2.2
2017-11-07,23.11,4.48,90.96,1.89
2017-11-08,23.17,1.59,88.19,2.31
2017-11-09,22.17,0.11,85.64,2.23
2017-11-10,22.3,3.41,87.41,2.54
2017-11-11,22.63,0.45,84.41,2.61
2017-11-12,22.29,0.15,82.09,2.98
2017-11-13,23.13,0.9,85.21,2.48
2017-11-14,23.65,1.54,87.14,1.77
2017-11-15,24.87,2.0,85.14,1.21
2017-11-16,24.41,4.2,87.03,1.64
2017-11-17,24.42,1.07,86.35,1.0
2017-11-18,24.37,0.15,86.9,1.15
2017-11-19,24.27,1.21,88.16,1.52
2017-11-20,23.75,1.41,88.32,1.36
2017-11-21,23.49,1.05,89.26,1.66
2017-11-22,23.43,0.31,88.2,1.99
2017-11-23,23.02,0.0,85.78,1.38
2017-11-24,23.58,0.0,86.92,1.54
2017-11-25,22.91,0.06,85.82,2.07
2017-11-26,22.23,3.5,89.32,2.79
2017-11-27,23.3,1.95,90.33,2.87
2017-11-28,22.62,0.12,87.02,2.6
2017-11-29,22.45,3.29,87.41,3.31
2017-11-30,23.02,19.62,93.21,3.61
2017-12-01,23.38,15.68,93.68,3.87
2017-12-02,21.34,13.72,92.05,3.32
2017-12-03,21.97,0.06,87.6,2.33
2017-12-04,22.21,0.0,87.3,1.51
2017-12-05,22.67,0.01,87.89,1.49
2017-12-06,22.57,0.0,88.33,1.62
2017-12-07,21.75,0.0,84.8,1.62
2017-12-08,21.27,0.0,70.48,1.52
2017-12-09,21.58,0.0,65.82,1.25
2017-12-10,21.66,0.0,72.98,1.53
2017-12-11,22.07,0.0,79.26,1.16
2017-12-12,23.09,0.0,84.08,0.72
2017-12-13,22.75,0.0,85.01,1.04
2017-12-14,22.32,0.0,84.42,1.61
2017-12-15,21.99,0.01,87.35,2.17
2017-12-16,21.35,0.0,86.18,2.45
2017-12-17,20.53,0.0,84.6,2.7
2017-12-18,19.99,0.0,84.45,2.48
2017-12-19,20.59,0.0,85.56,2.45
2017-12-20,20.03,0.03,82.96,2.58
2017-12-21,20.57,0.28,85.39,2.83
2017-12-22,21.39,0.05,83.99,2.3
2017-12-23,20.8,0.0,82.89,2.1
2017-12-24,20.26,0.0,83.11,1.99
2017-12-25,20.74,0.0,84.27,2.21
2017-12-26,20.45,0.0,82.64,2.41
2017-12-27,20.06,0.0,82.2,2.16
2017-12-28,18.78,0.0,82.25,2.04
2017-12-29,20.23,0.0,81.5,2.13
2017-12-30,20.68,0.0,80.36,1.93
2017-12-31,21.08,0.0,81.85,1.62
2018-01-01,22.3,0.0,73.98,1.23
2018-01-02,22.66,0.0,78.19,1.19
2018-01-03,22.53,0.0,78.45,1.79
2018-01-04,21.51,0.0,78.1,2.04
2018-01-05,19.87,0.0,74.57,1.86
2018-01-06,19.32,0.0,72.26,1.52
2018-01-07,19.22,0.0,71.32,1.71
2018-01-08,19.53,0.0,74.94,2.06
2018-01-09,20.97,0.91,82.57,2.53
2018-01-10,22.57,0.4,83.42,3.03
2018-01-11,23.35,0.02,82.2,2.13
2018-01-12,23.13,0.0,77.25,1.83
2018-01-13,22.66,0.0,76.2,1.61
2018-01-14,22.38,0.0,75.01,1.74
2018-01-15,22.73,0.0,75.51,1.77
2018-01-16,22.73,0.0,75.83,1.49
2018-01-17,22.08,0.0,74.16,1.66
2018-01-18,20.6,0.0,71.25,2.08
2018-01-19,20.09,0.0,73.83,1.99
2018-01-20,20.42,0.0,71.89,1.83
2018-01-21,20.31,0.0,73.54,2.05
2018-01-22,20.93,0.0,71.76,1.74
2018-01-23,21.73,0.0,72.76,1.29
2018-01-24,22.51,0.0,72.67,1.49
2018-01-25,22.44,0.0,68.8,1.9
2018-01-26,21.89,0.0,68.69,1.76
2018-01-27,21.89,0.0,69.8,1.89
2018-01-28,21.92,0.0,70.96,2.2
2018-01-29,21.54,0.0,69.26,2.38
2018-01-30,21.62,0.0,68.55,2.26
2018-01-31,21.25,0.0,64.69,2.2
2018-02-01,21.35,0.0,59.1,1.96
2018-02-02,21.93,0.0,55.05,1.97
2018-02-03,20.97,0.0,63.86,2.0
2018-02-04,20.84,0.0,65.79,1.94
2018-02-05,22.18,0.0,65.84,2.17
2018-02-06,23.92,0.0,72.34,2.19
2018-02-07,24.64,7.24,77.79,0.69
2018-02-08,24.89,0.99,71.95,1.25
2018-02-09,24.67,0.3,71.66,1.23
2018-02-10,23.34,0.03,73.89,1.21
2018-02-11,24.16,0.0,73.15,2.28
2018-02-12,23.26,0.0,73.95,2.06
2018-02-13,22.52,0.0,75.02,1.99
2018-02-14,22.56,0.0,74.99,2.29
2018-02-15,22.97,0.0,72.4,2.49
2018-02-16,23.21,0.0,66.6,2.09
2018-02-17,24.23,0.0,64.5,1.83
2018-02-18,24.09,0.0,62.41,1.94
2018-02-19,23.61,0.0,64.64,2.09
2018-02-20,24.04,0.0,63.96,2.49
2018-02-21,23.9,0.0,62.3,2.43
2018-02-22,24.03,0.0,57.52,2.54
2018-02-23,23.58,0.0,59.57,2.38
2018-02-24,23.79,0.0,62.34,2.08
2018-02-25,24.39,0.0,61.44,2.54
2018-02-26,25.33,0.0,54.66,2.21
2018-02-27,25.33,0.0,50.93,2.29
2018-02-28,25.42,0.0,49.49,2.28
2018-03-01,25.45,0.0,51.56,2.15
2018-03-02,25.67,0.0,46.75,2.3
2018-03-03,26.08,0.0,40.79,2.05
2018-03-04,25.82,0.0,38.97,2.06
2018-03-05,25.18,0.0,49.25,2.11
2018-03-06,25.53,0.0,48.95,2.24
2018-03-07,25.79,0.0,53.28,2.27
2018-03-08,26.15,0.0,48.44,2.34
2018-03-09,26.16,0.0,54.04,2.38
2018-03-10,27.14,0.0,50.22,2.39
2018-03-11,26.44,0.0,56.67,2.48
2018-03-12,26.57,0.01,63.11,2.78
2018-03-13,27.05,0.06,65.85,2.73
2018-03-14,27.43,0.01,59.09,1.88
2018-03-15,28.57,0.81,56.64,1.94
2018-03-16,28.53,1.18,62.13,1.8
2018-03-17,24.65,20.92,78.8,2.14
2018-03-18,26.56,0.01,68.83,2.26
2018-03-19,26.32,0.0,62.2,2.08
2018-03-20,26.66,0.0,57.25,1.91
2018-03-21,27.18,0.0,55.67,1.3
2018-03-22,28.79,0.0,52.96,1.27
2018-03-23,29.63,0.0,50.63,1.9
2018-03-24,29.43,0.0,54.8,2.09
2018-03-25,28.27,0.0,55.81,2.38
2018-03-26,28.15,0.0,50.15,2.14
2018-03-27,28.97,0.0,48.93,1.97
2018-03-28,29.97,0.0,55.16,1.8
2018-03-29,30.82,0.0,50.67,1.77
2018-03-30,30.49,0.43,52.51,2.34
2018-03-31,29.24,0.11,58.79,1.57
2018-04-01,29.79,0.03,59.31,2.71
2018-04-02,29.66,0.22,57.57,2.57
2018-04-03,29.58,0.57,56.64,2.13
2018-04-04,29.91,0.0,52.87,2.11
2018-04-05,28.87,0.0,56.17,2.35
2018-04-06,29.06,0.0,54.69,2.03
2018-04-07,29.21,0.0,56.04,2.44
2018-04-08,29.08,0.03,57.62,2.95
2018-04-09,28.77,0.24,59.13,2.67
2018-04-10,28.96,0.02,60.32,2.84
2018-04-11,29.68,0.0,57.69,2.41
2018-04-12,30.32,0.01,55.44,2.59
2018-04-13,30.33,0.03,55.97,2.78
2018-04-14,30.64,0.14,56.32,2.83
2018-04-15,30.33,0.31,57.44,2.73
2018-04-16,30.93,0.64,56.16,2.46
2018-04-17,31.2,0.01,52.05,2.3
2018-04-18,31.85,0.0,47.55,2.49
2018-04-19,32.3,0.03,45.78,2.64
2018-04-20,32.12,1.73,46.9,1.58
2018-04-21,31.98,1.26,48.99,2.11
2018-04-22,32.41,1.74,47.15,2.22
2018-04-23,32.08,0.3,49.07,2.24
2018-04-24,32.3,0.29,45.84,2.37
2018-04-25,32.13,1.53,49.21,1.93
2018-04-26,32.11,0.18,49.35,2.41
2018-04-27,30.95,0.13,55.42,2.88
2018-04-28,30.87,0.0,55.52,2.75
2018-04-29,31.9,0.0,50.62,2.01
2018-04-30,32.02,4.13,53.39,1.63
2018-05-01,30.84,6.95,61.48,1.73
2018-05-02,29.96,0.69,65.4,1.51
2018-05-03,29.29,7.67,67.89,1.81
2018-05-04,27.99,7.52,72.32,1.68
2018-05-05,28.84,0.01,66.2,2.02
2018-05-06,28.81,0.44,66.2,1.75
2018-05-07,29.57,0.29,62.41,2.13
2018-05-08,29.01,7.57,65.56,1.85
2018-05-09,28.24,2.78,66.85,2.31
2018-05-10,28.42,4.98,65.87,1.84
2018-05-11,27.86,11.79,73.37,1.42
2018-05-12,29.16,1.15,66.15,1.19
2018-05-13,29.26,4.36,65.62,1.37
2018-05-14,29.07,0.78,65.78,1.47
2018-05-15,27.45,1.46,61.91,1.96
2018-05-16,28.85,1.76,57.18,1.49
2018-05-17,29.16,5.62,62.9,1.53
2018-05-18,29.88,1.87,62.65,1.63
2018-05-19,30.29,6.72,61.08,1.42
2018-05-20,29.32,5.44,67.8,1.44
2018-05-21,29.45,3.46,67.27,1.35
2018-05-22,29.03,1.02,65.65,1.69
2018-05-23,29.31,1.76,65.75,1.61
2018-05-24,29.85,0.75,64.01,1.61
2018-05-25,27.49,14.16,75.93,1.3
2018-05-26,27.8,0.23,72.37,2.17
2018-05-27,27.84,0.87,72.81,1.99
2018-05-28,27.63,0.02,74.86,1.89
2018-05-29,29.29,0.13,64.84,2.48
2018-05-30,29.86,3.77,66.41,2.19
2018-05-31,29.69,0.42,69.29,1.82
2018-06-01,28.51,7.48,72.53,1.33
2018-06-02,27.88,4.65,72.19,0.96
2018-06-03,26.83,4.37,78.89,1.78
2018-06-04,26.34,1.59,79.16,2.27
2018-06-05,28.01,1.18,69.14,2.15
2018-06-06,28.18,13.15,65.57,2.85
2018-06-07,26.93,6.45,72.13,3.81
2018-06-08,27.72,0.54,64.84,4.88
2018-06-09,27.38,0.58,66.3,5.47
2018-06-10,28.08,0.17,64.55,5.22
2018-06-11,28.15,0.04,69.82,4.6
2018-06-12,28.14,0.01,68.99,4.19
2018-06-13,28.16,0.11,68.24,3.75
2018-06-14,28.37,0.34,59.32,3.79
2018-06-15,28.73,2.18,57.69,3.47
2018-06-16,27.95,3.72,53.36,3.9
2018-06-17,28.06,1.13,54.6,4.13
2018-06-18,27.97,0.67,55.57,4.11
2018-06-19,28.53,0.01,62.13,4.24
2018-06-20,28.28,0.0,65.94,3.39
2018-06-21,27.4,0.79,68.74,3.1
2018-06-22,27.47,0.08,64.0,3.19
2018-06-23,27.8,1.96,63.08,3.15
2018-06-24,27.89,0.47,61.64,3.32
2018-06-25,27.77,0.61,56.88,3.7
2018-06-26,27.97,0.94,59.15,4.35
2018-06-27,27.52,5.2,66.3,3.72
2018-06-28,26.89,0.08,68.67,3.22
2018-06-29,27.15,0.11,65.57,2.12
2018-06-30,27.18,0.64,62.81,1.67
2018-07-01,26.78,8.4,69.19,1.12
2018-07-02,27.29,24.53,69.44,2.35
2018-07-03,26.39,10.93,70.9,2.71
2018-07-04,27.62,0.03,64.65,3.25
2018-07-05,27.96,0.01,61.07,3.9
2018-07-06,27.46,0.05,64.95,4.2
2018-07-07,26.97,0.0,67.92,3.95
2018-07-08,27.19,0.1,65.38,3.94
2018-07-09,27.12,1.72,68.31,4.01
2018-07-10,26.3,2.77,71.11,3.28
2018-07-11,26.17,4.07,71.95,4.44
2018-07-12,27.54,0.24,64.47,5.1
2018-07-13,26.17,1.13,68.79,4.46
2018-07-14,26.86,0.13,70.02,4.24
2018-07-15,28.09,0.0,63.32,4.97
2018-07-16,27.02,0.08,64.79,5.48
2018-07-17,28.02,0.13,60.05,5.81
2018-07-18,27.48,0.0,64.03,4.43
2018-07-19,27.57,1.67,67.79,4.4
2018-07-20,27.3,0.5,67.19,4.56
2018-07-21,27.37,0.0,66.35,4.51
2018-07-22,28.41,0.0,61.39,4.26
2018-07-23,28.25,1.83,63.86,3.78
2018-07-24,28.25,1.43,65.33,3.7
2018-07-25,28.05,0.67,65.62,3.29
2018-07-26,28.6,0.37,63.98,3.23
2018-07-27,28.6,0.06,62.4,3.59
2018-07-28,28.51,0.73,63.05,2.84
2018-07-29,28.16,0.1,64.67,3.01
2018-07-30,28.56,0.43,62.63,3.04
2018-07-31,27.32,1.98,67.87,3.75
2018-08-01,27.65,1.37,64.72,3.8
2018-08-02,28.01,1.6,64.83,3.02
2018-08-03,27.81,0.48,61.74,3.84
2018-08-04,27.78,0.27,61.33,3.98
2018-08-05,27.79,0.35,61.67,3.57
2018-08-06,28.4,1.77,58.84,4.68
2018-08-07,27.42,0.33,61.04,4.96
2018-08-08,27.26,0.94,64.45,4.11
2018-08-09,27.8,0.94,62.05,4.2
2018-08-10,27.29,1.15,62.85,3.96
2018-08-11,27.0,1.36,64.59,4.73
2018-08-12,26.73,0.91,65.06,4.82
2018-08-13,27.5,0.74,59.28,5.27
2018-08-14,26.83,5.54,68.42,4.74
2018-08-15,26.0,9.24,78.34,4.14
2018-08-16,27.27,0.13,68.1,5.02
2018-08-17,28.22,0.0,62.04,5.21
2018-08-18,28.23,0.02,60.53,4.79
2018-08-19,28.11,0.0,60.64,4.21
2018-08-20,28.15,0.02,58.94,4.76
2018-08-21,29.15,0.06,55.47,4.54
2018-08-22,28.61,0.06,55.99,3.7
2018-08-23,29.01,0.49,57.72,3.4
2018-08-24,27.92,3.06,63.79,3.02
2018-08-25,27.7,3.59,67.58,2.46
2018-08-26,27.69,0.92,65.8,2.43
2018-08-27,27.68,2.07,64.64,3.08
2018-08-28,27.66,2.18,63.95,3.29
2018-08-29,27.85,1.21,64.23,3.01
2018-08-30,28.25,4.71,63.62,2.47
2018-08-31,27.19,5.4,70.14,2.12
2018-09-01,27.08,2.91,69.83,1.94
2018-09-02,27.92,0.01,63.26,1.71
2018-09-03,28.21,0.0,57.9,1.87
2018-09-04,28.67,1.26,59.57,1.44
2018-09-05,28.3,0.2,60.03,2.09
2018-09-06,29.03,0.0,53.37,2.62
2018-09-07,29.4,0.0,50.97,3.45
2018-09-08,29.95,0.0,51.45,2.54
2018-09-09,29.13,6.6,59.66,1.26
2018-09-10,27.13,3.79,72.62,1.45
2018-09-11,28.57,1.75,65.35,1.79
2018-09-12,28.31,7.97,67.5,1.74
2018-09-13,28.27,6.89,69.88,0.85
2018-09-14,28.19,12.24,69.61,0.88
2018-09-15,27.29,13.34,72.92,1.67
2018-09-16,25.4,18.67,82.15,1.05
2018-09-17,25.45,4.62,78.82,1.83
2018-09-18,26.54,6.27,74.99,2.18
2018-09-19,26.45,0.45,68.17,2.85
2018-09-20,26.53,3.02,68.71,2.11
2018-09-21,27.22,2.61,71.35,2.18
2018-09-22,27.5,1.53,64.77,1.67
2018-09-23,26.56,4.11,76.62,1.35
2018-09-24,26.48,2.36,76.64,1.0
2018-09-25,26.51,0.29,75.93,1.07
2018-09-26,26.75,2.31,75.35,1.42
2018-09-27,27.26,2.73,72.2,1.63
2018-09-28,26.85,0.48,73.83,1.68
2018-09-29,27.22,0.15,72.65,1.85
2018-09-30,27.39,0.76,72.81,1.9
2018-10-01,26.98,0.66,75.47,2.01
2018-10-02,26.64,0.31,75.4,1.87
2018-10-03,25.63,10.31,82.16,1.62
2018-10-04,24.94,19.15,84.75,2.04
2018-10-05,24.45,13.3,87.4,2.0
2018-10-06,24.25,10.19,89.51,1.8
2018-10-07,25.3,0.86,83.53,1.68
2018-10-08,25.35,6.26,79.95,1.21
2018-10-09,24.91,4.9,75.58,1.2
2018-10-10,25.72,0.0,62.84,1.75
2018-10-11,26.66,0.0,50.53,1.81
2018-10-12,26.82,0.0,59.07,1.22
2018-10-13,26.19,2.42,75.06,1.51
2018-10-14,26.41,11.41,79.14,1.01
2018-10-15,26.2,2.26,78.62,1.12
2018-10-16,25.52,1.54,81.27,1.15
2018-10-17,25.21,8.94,79.18,1.23
2018-10-18,24.43,2.48,80.89,1.11
2018-10-19,25.15,0.42,78.03,1.36
2018-10-20,24.72,0.39,75.08,1.76
2018-10-21,24.73,2.17,78.59,1.94
2018-10-22,24.78,0.01,71.39,1.94
2018-10-23,24.3,0.0,68.74,1.89
2018-10-24,24.35,0.0,71.94,1.88
2018-10-25,24.42,0.0,74.92,2.36
2018-10-26,25.0,0.0,74.8,2.54
2018-10-27,24.67,0.0,70.78,2.5
2018-10-28,24.43,0.0,66.78,2.5
2018-10-29,24.85,0.02,59.14,2.13
2018-10-30,25.83,0.04,69.48,2.54
2018-10-31,25.64,1.69,78.54,2.98
2018-11-01,24.95,4.27,82.0,2.52
2018-11-02,23.63,7.74,87.81,2.02
2018-11-03,24.01,2.99,86.87,2.17
2018-11-04,24.97,0.37,80.99,2.37
2018-11-05,25.43,0.09,75.98,2.26
2018-11-06,25.14,0.0,74.96,1.95
2018-11-07,24.41,0.0,70.26,1.98
2018-11-08,24.28,0.86,74.87,2.07
2018-11-09,24.55,0.05,74.4,2.25
2018-11-10,24.68,0.0,70.83,1.99
2018-11-11,24.63,0.0,70.24,1.7
2018-11-12,24.48,0.0,65.68,1.76
2018-11-13,24.45,0.0,53.87,1.44
2018-11-14,24.35,0.0,51.23,1.49
2018-11-15,24.33,3.83,74.09,3.11
2018-11-16,24.83,7.27,84.62,3.19
2018-11-17,25.78,0.65,77.78,1.34
2018-11-18,25.98,0.84,77.88,1.83
2018-11-19,25.99,0.62,75.23,2.14
2018-11-20,24.58,0.98,79.63,2.71
2018-11-21,22.71,9.7,87.45,3.47
2018-11-22,22.59,19.39,90.79,3.55
2018-11-23,23.98,17.14,88.08,2.57
2018-11-24,24.09,0.12,80.6,2.18
2018-11-25,23.74,0.0,79.31,1.87
2018-11-26,22.33,0.0,76.31,1.96
2018-11-27,21.13,0.0,77.16,1.96
2018-11-28,21.99,0.82,81.1,2.21
2018-11-29,22.86,7.11,83.94,2.48
2018-11-30,23.1,0.23,78.32,2.13
2018-12-01,22.45,0.0,75.86,2.1
2018-12-02,22.73,0.0,77.8,2.12
2018-12-03,23.48,0.1,78.16,2.25
2018-12-04,23.49,4.86,87.03,2.09
2018-12-05,24.42,1.63,84.47,2.07
2018-12-06,24.05,0.64,82.23,1.75
2018-12-07,24.01,0.0,79.91,2.1
2018-12-08,23.98,0.0,79.71,2.13
2018-12-09,23.56,0.0,77.01,2.13
2018-12-10,23.65,0.0,75.57,1.73
2018-12-11,23.36,0.0,74.36,1.81
2018-12-12,23.78,0.0,72.98,1.63
2018-12-13,23.71,0.0,72.97,1.72
2018-12-14,23.04,0.0,76.1,2.47
2018-12-15,23.35,0.0,74.69,3.57
2018-12-16,23.13,0.0,67.16,3.51
2018-12-17,24.15,0.0,57.5,2.08
2018-12-18,23.08,0.0,64.32,1.59
2018-12-19,21.11,0.0,74.07,1.67
2018-12-20,22.44,0.0,73.72,1.97
2018-12-21,23.99,0.01,74.17,2.31
2018-12-22,23.04,1.25,79.26,2.85
2018-12-23,24.06,1.39,78.92,2.85
2018-12-24,24.02,0.03,74.14,2.48
2018-12-25,23.67,0.0,70.64,2.09
2018-12-26,23.74,0.0,69.13,1.79
2018-12-27,24.62,0.0,66.77,1.01
2018-12-28,23.84,0.34,74.4,1.63
2018-12-29,23.46,0.1,70.46,2.69
2018-12-30,22.49,0.0,70.62,2.79
2018-12-31,21.84,0.0,66.32,2.49
2019-01-01,20.13,0.0,64.33,2.08
2019-01-02,20.11,0.0,68.88,2.27
2019-01-03,20.89,0.0,66.63,2.12
2019-01-04,20.51,0.0,68.15,2.42
2019-01-05,20.82,0.0,69.21,2.09
2019-01-06,21.22,0.0,69.46,2.0
2019-01-07,21.7,0.0,69.57,1.93
2019-01-08,21.69,0.0,62.17,2.05
2019-01-09,21.66,0.0,62.96,1.94
2019-01-10,21.81,0.0,67.5,2.07
2019-01-11,22.19,0.0,66.67,2.01
2019-01-12,21.67,0.0,66.22,2.34
2019-01-13,21.92,0.0,65.92,2.13
2019-01-14,21.99,0.0,64.91,2.23
2019-01-15,21.56,0.0,59.69,2.45
2019-01-16,22.04,0.0,65.83,2.29
2019-01-17,22.38,0.0,67.69,2.26
2019-01-18,21.92,0.0,67.25,2.2
2019-01-19,21.91,0.0,63.71,2.17
2019-01-20,21.62,0.0,62.51,2.21
2019-01-21,21.58,0.0,64.76,2.08
2019-01-22,22.41,0.0,63.21,1.8
2019-01-23,23.65,0.0,65.16,1.88
2019-01-24,24.61,0.0,64.17,1.92
2019-01-25,24.98,0.0,68.81,2.12
2019-01-26,25.6,0.0,68.51,2.4
2019-01-27,25.0,0.21,67.96,2.41
2019-01-28,23.54,2.31,68.64,2.26
2019-01-29,23.2,0.96,69.2,2.52
2019-01-30,23.19,0.0,66.55,2.59
2019-01-31,23.21,0.0,63.65,2.73
2019-02-01,23.45,0.0,65.31,2.21
2019-02-02,24.44,0.0,62.56,2.16
2019-02-03,25.03,0.0,61.69,2.54
2019-02-04,25.65,0.0,61.98,3.31
2019-02-05,25.15,0.02,61.64,2.92
2019-02-06,25.23,0.0,58.66,2.18
2019-02-07,25.79,0.0,60.8,2.09
2019-02-08,26.92,0.0,60.49,1.89
2019-02-09,27.33,1.83,63.87,1.73
2019-02-10,26.32,4.26,68.25,2.43
2019-02-11,25.96,0.0,65.92,3.49
2019-02-12,25.4,0.0,61.88,3.33
2019-02-13,24.98,0.0,62.93,2.86
2019-02-14,25.75,0.0,64.65,2.61
2019-02-15,26.8,0.0,61.32,1.92
2019-02-16,28.37,0.0,56.58,1.44
2019-02-17,29.12,0.0,55.4,1.51
2019-02-18,29.08,0.0,57.57,1.68
2019-02-19,28.52,0.0,61.1,2.82
2019-02-20,27.44,0.0,60.29,2.97
2019-02-21,26.38,0.0,58.32,2.61
2019-02-22,25.67,0.0,52.67,2.45
2019-02-23,26.25,0.0,44.27,2.33
2019-02-24,26.31,0.0,50.58,2.24
2019-02-25,26.6,0.0,52.77,2.23
2019-02-26,27.48,0.0,57.12,2.07
2019-02-27,29.57,0.0,55.62,2.5
2019-02-28,28.54,0.05,59.41,1.97
2019-03-01,28.94,0.02,60.41,2.73
2019-03-02,28.33,0.01,56.88,3.2
2019-03-03,28.47,0.0,56.1,2.37
2019-03-04,29.01,0.0,52.78,2.19
2019-03-05,31.02,0.0,44.28,1.91
2019-03-06,32.24,0.0,38.72,1.81
2019-03-07,32.41,0.0,44.54,2.49
2019-03-08,31.13,0.0,49.5,2.68
2019-03-09,30.11,0.01,54.62,2.61
2019-03-10,30.07,0.0,52.32,2.78
2019-03-11,29.19,0.0,50.2,2.62
2019-03-12,28.19,0.0,48.59,2.59
2019-03-13,27.82,0.0,42.48,2.6
2019-03-14,28.42,0.0,38.48,2.75
2019-03-15,28.25,0.0,37.43,2.67
2019-03-16,27.47,0.0,52.62,2.47
2019-03-17,27.56,0.0,54.24,2.21
2019-03-18,28.24,0.0,56.49,2.39
2019-03-19,29.14,0.0,53.16,2.5
2019-03-20,28.79,0.0,54.45,2.9
2019-03-21,28.48,0.0,50.85,2.27
2019-03-22,29.25,0.0,52.67,2.33
2019-03-23,30.2,0.0,50.84,2.23
2019-03-24,30.34,0.0,45.86,2.29
2019-03-25,29.88,0.0,47.33,2.36
2019-03-26,29.38,0.0,48.49,2.42
2019-03-27,29.34,0.0,44.28,2.05
2019-03-28,29.57,0.0,46.2,2.24
2019-03-29,30.76,0.0,35.19,2.09
2019-03-30,30.58,0.0,38.84,2.19
2019-03-31,31.3,0.0,36.27,1.95
2019-04-01,30.69,0.0,45.15,2.6
2019-04-02,30.52,0.0,46.05,2.57
2019-04-03,29.8,0.0,51.95,2.7
2019-04-04,29.46,0.0,52.39,2.44
2019-04-05,30.25,0.0,51.15,2.39
2019-04-06,30.29,0.0,45.06,2.39
2019-04-07,30.53,0.0,48.65,2.56
2019-04-08,30.85,0.25,53.97,2.77
2019-04-09,31.37,0.47,53.24,2.76
2019-04-10,31.08,0.01,51.79,2.54
2019-04-11,30.95,0.0,50.23,2.29
2019-04-12,31.33,0.0,44.54,2.29
2019-04-13,30.86,0.0,44.8,2.54
2019-04-14,30.96,0.0,36.72,2.59
2019-04-15,30.48,0.0,35.58,2.43
2019-04-16,31.2,0.0,45.65,2.56
2019-04-17,31.82,1.12,40.49,2.12
2019-04-18,31.88,1.96,49.04,2.58
2019-04-19,31.56,0.78,51.18,2.39
2019-04-20,31.07,6.42,54.0,2.02
2019-04-21,30.75,1.3,55.59,1.88
2019-04-22,30.9,3.18,55.68,1.66
2019-04-23,30.25,3.0,55.06,1.87
2019-04-24,30.63,0.0,48.12,1.91
2019-04-25,30.83,0.0,47.09,1.68
2019-04-26,31.27,0.0,49.45,2.25
2019-04-27,31.79,0.0,48.98,2.68
2019-04-28,30.89,0.0,51.27,1.93
2019-04-29,31.72,0.0,52.01,2.32
2019-04-30,33.12,7.59,46.88,1.52
2019-05-01,30.29,11.98,61.04,2.09
2019-05-02,31.64,0.03,49.9,3.13
2019-05-03,31.86,0.0,46.86,2.31
2019-05-04,31.75,0.11,47.49,1.91
2019-05-05,32.42,5.45,49.76,1.57
2019-05-06,31.94,1.42,55.62,1.38
2019-05-07,31.29,6.39,57.49,1.77
2019-05-08,28.17,2.84,71.02,2.85
2019-05-09,30.97,2.52,59.22,2.24
2019-05-10,31.73,0.14,54.48,1.91
2019-05-11,30.97,0.15,56.91,1.54
2019-05-12,31.26,0.52,58.16,1.59
2019-05-13,31.62,2.68,57.76,1.08
2019-05-14,31.51,1.6,54.83,1.25
2019-05-15,31.04,4.21,60.1,0.93
2019-05-16,29.94,1.38,64.48,1.14
2019-05-17,29.66,2.97,66.38,1.2
2019-05-18,30.21,2.7,62.67,1.28
2019-05-19,30.98,4.19,58.28,1.79
2019-05-20,30.75,0.0,55.6,1.95
2019-05-21,30.45,0.01,56.37,2.16
2019-05-22,30.46,0.77,60.8,1.44
2019-05-23,30.62,0.79,61.69,1.17
2019-05-24,32.21,0.3,54.46,1.53
2019-05-25,30.78,2.49,60.22,1.96
2019-05-26,31.59,5.04,59.79,1.96
2019-05-27,32.43,1.13,55.83,1.85
2019-05-28,31.44,0.99,61.2,1.62
2019-05-29,29.39,4.48,65.75,2.28
2019-05-30,29.99,2.79,61.53,2.01
2019-05-31,29.5,3.12,64.76,2.25
2019-06-01,30.33,2.71,60.2,2.09
2019-06-02,31.6,10.03,60.04,1.5
2019-06-03,28.58,1.36,69.32,2.16
2019-06-04,29.46,14.04,68.2,1.46
2019-06-05,28.94,10.45,73.57,1.6
2019-06-06,28.8,0.37,72.08,1.37
2019-06-07,29.44,1.83,70.78,1.24
2019-06-08,28.79,0.44,69.48,1.97
2019-06-09,29.95,0.68,58.69,3.56
2019-06-10,28.38,0.01,61.17,3.33
2019-06-11,29.27,0.0,59.85,3.66
2019-06-12,29.39,0.0,61.23,3.71
2019-06-13,29.21,0.17,60.98,3.66
2019-06-14,29.29,0.6,56.21,4.14
2019-06-15,30.32,1.32,54.25,3.66
2019-06-16,30.38,0.24,58.15,2.85
2019-06-17,30.59,0.0,53.94,3.49
2019-06-18,29.54,0.07,57.74,2.74
2019-06-19,30.89,1.2,55.18,3.27
2019-06-20,30.03,0.62,55.86,3.41
2019-06-21,28.76,0.06,56.2,3.02
2019-06-22,29.06,1.91,61.28,3.21
2019-06-23,28.37,3.18,63.34,2.84
2019-06-24,28.52,3.78,66.38,2.23
2019-06-25,28.71,1.46,64.94,2.25
2019-06-26,27.27,3.07,72.65,1.95
2019-06-27,28.98,2.36,66.15,2.59
2019-06-28,28.76,0.02,64.03,3.5
2019-06-29,29.4,0.0,59.58,3.99
2019-06-30,28.62,0.0,60.5,4.05
2019-07-01,30.3,0.0,56.52,3.78
2019-07-02,29.87,0.0,57.25,4.27
2019-07-03,29.01,0.0,60.31,3.62
2019-07-04,29.01,0.33,59.87,4.13
2019-07-05,29.21,0.26,59.24,4.37
2019-07-06,28.59,0.16,60.76,4.36
2019-07-07,29.11,0.02,56.46,4.3
2019-07-08,29.91,0.0,54.71,4.68
2019-07-09,29.09,0.41,57.61,4.12
2019-07-10,27.66,4.67,63.71,3.01
2019-07-11,27.77,1.69,61.91,3.11
2019-07-12,28.58,2.87,60.05,1.71
2019-07-13,28.41,20.11,66.36,1.85
2019-07-14,27.34,17.29,74.36,1.81
2019-07-15,27.97,3.48,67.35,2.08
2019-07-16,27.18,0.33,68.72,2.54
2019-07-17,27.91,0.26,62.7,2.71
2019-07-18,24.9,7.3,75.92,3.27
2019-07-19,25.59,2.14,76.88,2.19
2019-07-20,27.21,0.78,68.78,2.94
2019-07-21,27.93,0.08,66.37,2.8
2019-07-22,25.92,2.74,75.81,2.81
2019-07-23,27.0,9.26,69.95,3.61
2019-07-24,27.65,2.43,68.16,3.12
2019-07-25,27.32,8.83,69.54,2.65
2019-07-26,26.69,0.55,68.55,3.55
2019-07-27,26.91,0.19,67.77,2.94
2019-07-28,27.13,0.98,66.86,3.56
2019-07-29,27.47,1.04,67.17,3.49
2019-07-30,27.48,0.1,62.94,3.72
2019-07-31,27.88,0.0,58.97,3.26
2019-08-01,28.48,0.24,63.1,3.01
2019-08-02,27.9,0.0,61.88,3.96
2019-08-03,28.03,0.0,62.05,4.51
2019-08-04,28.24,0.03,55.33,4.5
2019-08-05,26.5,1.33,65.39,5.23
2019-08-06,26.91,1.35,63.85,5.16
2019-08-07,26.87,1.82,67.73,5.39
2019-08-08,27.89,2.09,65.67,5.91
2019-08-09,27.53,1.23,66.44,5.15
2019-08-10,27.72,0.26,61.67,5.26
2019-08-11,28.37,0.68,60.53,4.56
2019-08-12,28.01,2.66,62.62,3.7
2019-08-13,27.8,2.45,67.28,3.06
2019-08-14,27.98,3.53,68.38,3.08
2019-08-15,27.66,0.89,67.33,2.96
2019-08-16,27.08,36.43,73.81,2.34
2019-08-17,25.69,36.67,82.06,2.64
2019-08-18,24.55,40.79,88.36,1.61
2019-08-19,26.02,21.62,82.34,1.4
2019-08-20,25.57,14.11,86.36,1.63
2019-08-21,24.89,10.36,85.62,2.7
2019-08-22,24.3,1.19,84.06,2.42
2019-08-23,24.7,3.39,82.1,3.15
2019-08-24,24.8,0.12,80.76,2.83
2019-08-25,25.24,0.63,77.22,3.03
2019-08-26,25.8,0.14,74.54,3.25
2019-08-27,25.68,0.07,75.11,2.57
2019-08-28,26.11,1.53,73.74,2.79
2019-08-29,25.77,7.79,80.56,2.42
2019-08-30,25.7,0.56,78.14,2.79
2019-08-31,25.76,0.55,77.74,3.07
2019-09-01,24.96,0.59,80.33,2.78
2019-09-02,24.93,4.43,81.17,2.78
2019-09-03,25.59,4.72,79.6,3.03
2019-09-04,25.08,2.97,77.45,3.52
2019-09-05,25.87,4.77,75.67,3.8
2019-09-06,26.3,1.48,77.25,3.75
2019-09-07,26.42,0.05,74.78,3.75
2019-09-08,26.76,0.08,72.91,3.42
2019-09-09,26.2,0.0,74.24,3.12
2019-09-10,27.21,1.16,75.26,2.12
2019-09-11,26.36,4.24,80.19,2.29
2019-09-12,25.5,23.1,83.44,2.32
2019-09-13,25.34,11.16,83.6,1.69
2019-09-14,25.86,11.16,80.4,1.87
2019-09-15,25.86,3.46,79.13,2.56
2019-09-16,26.14,11.96,78.55,2.51
2019-09-17,25.0,13.95,85.57,1.69
2019-09-18,25.84,12.11,83.2,1.47
2019-09-19,24.82,7.68,86.43,2.03
2019-09-20,25.11,0.57,78.85,1.54
2019-09-21,25.39,1.82,84.35,0.89
2019-09-22,24.93,18.04,89.68,0.71
2019-09-23,25.08,12.56,88.61,1.34
2019-09-24,25.18,22.72,87.57,1.81
2019-09-25,24.36,15.6,91.33,2.65
2019-09-26,24.45,2.17,86.93,2.14
2019-09-27,25.12,0.06,81.89,1.38
2019-09-28,25.13,0.42,84.13,1.39
2019-09-29,24.51,0.3,83.57,1.55
2019-09-30,23.14,0.44,85.42,1.28
2019-10-01,24.89,2.88,81.1,0.99
2019-10-02,25.53,2.28,82.09,1.07
2019-10-03,25.65,5.15,82.27,1.16
2019-10-04,25.91,8.17,83.78,0.93
2019-10-05,24.82,4.89,87.88,1.44
2019-10-06,25.14,0.61,85.13,1.31
2019-10-07,25.39,6.59,85.4,1.13
2019-10-08,25.46,5.52,84.88,0.97
2019-10-09,25.51,1.31,86.17,1.86
2019-10-10,25.49,0.49,85.61,1.87
2019-10-11,25.15,0.29,86.2,1.4
2019-10-12,24.77,0.56,86.2,1.18
2019-10-13,25.0,1.28,87.89,1.33
2019-10-14,24.85,0.82,87.91,1.15
2019-10-15,24.5,3.68,90.91,1.64
2019-10-16,24.2,13.93,90.24,1.71
2019-10-17,23.94,5.85,88.38,1.52
2019-10-18,24.12,6.21,88.59,1.37
2019-10-19,23.73,4.08,91.31,1.52
2019-10-20,23.81,11.54,91.15,1.91
2019-10-21,23.42,12.07,91.19,1.51
2019-10-22,24.71,14.77,85.64,1.3
2019-10-23,24.47,8.88,86.9,1.41
2019-10-24,24.32,0.1,86.32,2.09
2019-10-25,23.19,3.05,89.24,1.43
2019-10-26,23.39,0.27,87.97,1.27
2019-10-27,24.14,6.22,87.06,1.05
2019-10-28,23.32,3.05,91.0,1.53
2019-10-29,22.82,15.95,89.46,2.37
2019-10-30,23.49,9.63,91.65,2.69
2019-10-31,23.78,2.89,90.87,1.94
2019-11-01,24.35,1.43,88.46,1.44
2019-11-02,23.79,0.33,88.51,1.12
2019-11-03,23.8,0.1,87.92,1.34
2019-11-04,24.01,0.01,82.77,1.34
2019-11-05,24.5,0.0,81.24,1.37
2019-11-06,24.77,0.0,80.94,1.13
2019-11-07,24.63,4.45,81.91,0.58
2019-11-08,24.36,9.84,88.29,0.65
2019-11-09,24.9,6.68,85.85,0.96
2019-11-10,25.2,2.04,80.64,1.06
2019-11-11,23.67,0.04,82.94,1.42
2019-11-12,23.21,0.0,87.29,1.73
2019-11-13,23.25,0.26,87.58,2.12
2019-11-14,23.72,6.85,89.41,2.06
2019-11-15,24.01,1.44,88.89,1.77
2019-11-16,24.12,1.0,87.51,1.97
2019-11-17,23.57,0.44,85.66,1.92
2019-11-18,24.23,3.69,89.45,2.41
2019-11-19,24.35,1.17,86.68,1.35
2019-11-20,24.05,3.57,90.56,1.73
2019-11-21,24.21,3.87,88.68,2.57
2019-11-22,22.81,1.11,86.73,2.59
2019-11-23,22.27,0.63,86.51,2.8
2019-11-24,22.82,0.18,87.43,2.24
2019-11-25,22.64,0.01,86.48,2.85
2019-11-26,22.66,4.19,86.67,2.56
2019-11-27,23.52,6.32,88.03,2.73
2019-11-28,23.81,8.69,91.46,2.69
2019-11-29,24.01,2.34,88.78,3.0
2019-11-30,23.71,10.07,92.39,2.93
2019-12-01,23.97,14.37,92.4,2.73
2019-12-02,23.24,3.54,90.78,2.13
2019-12-03,23.2,1.6,87.9,2.76
2019-12-04,22.84,0.07,87.02,3.01
2019-12-05,21.81,0.01,86.27,2.89
2019-12-06,21.38,0.04,85.14,2.79
2019-12-07,22.17,0.88,88.01,2.86
2019-12-08,22.27,0.13,87.23,2.35
2019-12-09,21.71,0.04,85.38,2.24
2019-12-10,21.45,0.0,85.43,2.0
2019-12-11,21.75,0.0,83.14,1.72
2019-12-12,22.09,0.14,85.05,1.87
2019-12-13,22.86,1.2,85.85,2.03
2019-12-14,22.87,10.93,89.43,2.46
2019-12-15,22.47,0.4,86.02,2.13
2019-12-16,22.6,1.12,86.91,2.28
2019-12-17,22.51,0.14,83.59,2.88
2019-12-18,22.71,0.03,84.56,2.83
2019-12-19,22.43,0.01,84.14,2.58
2019-12-20,22.41,0.0,84.24,2.11
2019-12-21,22.19,0.0,85.64,1.89
2019-12-22,22.38,0.0,82.41,1.96
2019-12-23,21.71,0.0,80.79,2.01
2019-12-24,22.38,1.89,85.6,2.19
2019-12-25,23.26,0.12,84.36,2.42
2019-12-26,22.97,0.0,80.76,1.66
2019-12-27,22.65,0.0,78.88,1.57
2019-12-28,22.44,0.0,81.42,1.97
2019-12-29,22.56,0.06,82.07,2.15
2019-12-30,22.66,1.35,83.2,2.09
2019-12-31,23.07,0.53,83.92,2.08
2020-01-01,23.51,2.02,84.87,2.16
2020-01-02,24.21,0.1,82.23,1.75
2020-01-03,24.6,0.0,80.0,1.55
2020-01-04,25.41,0.0,78.67,1.43
2020-01-05,24.87,0.15,81.27,2.18
2020-01-06,23.67,0.93,82.47,2.44
2020-01-07,23.32,0.4,81.22,2.23
2020-01-08,23.17,0.01,77.67,1.94
2020-01-09,22.87,0.0,75.01,1.58
2020-01-10,22.04,0.0,78.33,2.25
2020-01-11,21.4,0.0,76.43,2.17
2020-01-12,22.42,0.0,77.87,2.13
2020-01-13,22.51,0.0,74.53,1.66
2020-01-14,21.79,0.0,67.31,1.66
2020-01-15,20.91,0.0,71.11,1.85
2020-01-16,21.77,0.0,71.03,1.73
2020-01-17,23.17,0.01,75.97,1.98
2020-01-18,23.92,1.54,81.39,2.62
2020-01-19,23.97,0.11,77.54,2.31
2020-01-20,23.57,0.0,71.83,2.16
2020-01-21,22.51,0.0,71.9,2.46
2020-01-22,22.78,0.0,76.29,2.83
2020-01-23,23.41,0.0,74.88,2.56
2020-01-24,22.41,0.0,65.74,2.18
2020-01-25,21.9,0.0,59.54,1.84
2020-01-26,23.11,0.0,63.92,1.57
2020-01-27,23.61,0.0,66.78,1.8
2020-01-28,24.57,0.0,68.69,1.99
2020-01-29,24.93,0.0,66.87,1.96
2020-01-30,25.07,0.0,64.79,1.77
2020-01-31,24.97,0.0,66.62,2.06
2020-02-01,24.47,0.0,72.76,2.24
2020-02-02,24.24,0.0,68.8,2.58
2020-02-03,23.87,0.0,68.12,2.47
2020-02-04,24.29,0.02,67.1,2.34
2020-02-05,24.25,0.0,64.87,2.25
2020-02-06,24.34,0.0,61.94,2.07
2020-02-07,24.47,0.0,66.87,2.25
2020-02-08,25.21,0.0,65.5,2.13
2020-02-09,24.91,0.02,68.18,2.63
2020-02-10,24.82,0.07,66.23,3.14
2020-02-11,24.5,0.07,65.32,3.1
2020-02-12,24.2,0.08,64.37,2.87
2020-02-13,24.56,0.0,61.51,2.52
2020-02-14,25.18,0.0,59.28,1.81
2020-02-15,25.64,0.0,52.64,1.75
2020-02-16,24.46,0.0,54.11,2.16
2020-02-17,23.59,0.0,55.82,2.01
2020-02-18,24.59,0.0,58.29,2.22
2020-02-19,24.2,0.0,64.45,2.16
2020-02-20,24.1,0.0,61.58,2.38
2020-02-21,24.46,0.0,59.67,2.57
2020-02-22,25.33,0.0,65.67,3.23
2020-02-23,25.34,0.0,64.23,2.93
2020-02-24,25.89,0.0,62.83,2.6
2020-02-25,26.91,0.0,62.21,2.23
2020-02-26,27.13,0.0,62.88,2.42
2020-02-27,27.11,0.0,61.28,2.53
2020-02-28,26.92,0.01,61.71,2.85
2020-02-29,26.94,0.02,61.18,2.57
2020-03-01,27.26,0.01,59.64,2.49
2020-03-02,27.5,0.0,55.1,1.05
2020-03-03,28.81,0.01,51.07,1.32
2020-03-04,29.21,0.02,48.39,2.0
2020-03-05,28.65,0.17,51.77,2.81
2020-03-06,27.6,0.42,62.13,2.61
2020-03-07,27.69,0.73,66.15,3.16
2020-03-08,28.48,0.0,62.11,2.57
2020-03-09,28.43,0.0,57.43,2.46
2020-03-10,28.46,0.0,53.95,2.49
2020-03-11,28.11,0.0,53.95,2.15
2020-03-12,28.0,0.0,52.59,2.24
2020-03-13,27.34,0.0,55.41,2.45
2020-03-14,27.99,0.0,59.28,2.72
2020-03-15,28.21,0.0,57.56,2.95
2020-03-16,28.8,0.0,56.33,2.74
2020-03-17,28.02,0.0,55.38,2.6
2020-03-18,28.18,0.0,53.18,2.23
2020-03-19,28.83,0.0,52.02,2.01
2020-03-20,29.62,0.33,48.07,2.05
2020-03-21,29.78,0.0,50.4,2.21
2020-03-22,30.15,0.0,47.37,2.08
2020-03-23,29.46,0.94,51.11,2.51
2020-03-24,29.33,0.04,49.8,2.45
2020-03-25,28.81,0.0,53.73,2.49
2020-03-26,28.64,0.0,54.1,2.61
2020-03-27,28.48,0.0,54.44,2.46
2020-03-28,28.39,0.0,47.92,1.84
2020-03-29,28.48,0.0,46.93,2.12
2020-03-30,28.58,0.0,43.57,2.49
2020-03-31,29.17,0.0,46.18,2.43
2020-04-01,29.64,0.0,49.53,2.34
2020-04-02,30.14,0.0,49.03,2.59
2020-04-03,29.61,0.0,53.16,2.49
2020-04-04,29.39,0.0,54.71,2.48
2020-04-05,30.5,0.15,58.7,3.02
2020-04-06,30.85,1.38,56.98,2.61
2020-04-07,28.93,2.81,57.57,1.46
2020-04-08,30.72,2.59,51.2,1.64
2020-04-09,29.4,7.4,60.14,2.28
2020-04-10,28.68,0.41,59.62,2.2
2020-04-11,28.7,0.0,59.41,2.16
2020-04-12,29.39,0.0,53.43,2.06
2020-04-13,30.09,0.0,46.86,2.18
2020-04-14,29.53,0.0,46.37,2.31
2020-04-15,29.56,0.0,51.58,1.99
2020-04-16,29.91,0.0,54.7,2.43
2020-04-17,30.79,0.0,54.3,2.68
2020-04-18,30.9,0.0,54.76,2.81
2020-04-19,30.55,0.0,56.67,3.01
2020-04-20,30.12,0.0,54.84,2.53
2020-04-21,30.48,0.0,52.66,2.21
2020-04-22,31.18,0.0,52.54,2.72
2020-04-23,32.57,0.33,49.75,2.48
2020-04-24,32.2,0.52,50.97,3.22
2020-04-25,31.46,1.29,56.23,2.23
2020-04-26,29.22,6.92,67.98,2.83
2020-04-27,28.75,2.69,66.9,1.5
2020-04-28,28.49,13.94,69.35,1.82
2020-04-29,28.62,4.59,68.04,1.44
2020-04-30,29.2,0.04,63.97,1.57
2020-05-01,30.08,0.82,61.42,1.9
2020-05-02,30.78,0.32,57.57,1.75
2020-05-03,30.9,0.02,55.46,2.01
2020-05-04,31.39,0.01,53.46,2.14
2020-05-05,31.74,0.0,51.1,2.37
2020-05-06,31.94,0.03,52.04,2.59
2020-05-07,32.3,0.04,52.3,2.55
2020-05-08,32.46,0.01,49.37,2.92
2020-05-09,32.07,0.0,51.46,2.94
2020-05-10,31.64,0.0,51.36,2.84
2020-05-11,30.56,0.33,56.43,2.63
2020-05-12,28.33,2.85,61.93,2.19
2020-05-13,30.4,0.34,45.79,2.46
2020-05-14,30.68,0.0,57.98,2.64
2020-05-15,30.99,0.0,53.57,2.34
2020-05-16,31.47,0.0,53.29,2.96
2020-05-17,31.95,1.08,50.65,2.01
2020-05-18,31.02,1.79,53.9,4.17
2020-05-19,32.63,0.12,46.48,5.18
2020-05-20,33.3,0.01,43.39,3.85
2020-05-21,32.77,1.36,43.77,3.25
2020-05-22,33.28,0.05,42.12,3.31
2020-05-23,33.95,0.0,41.98,2.28
2020-05-24,33.3,1.33,48.14,2.15
2020-05-25,32.46,0.94,53.63,1.86
2020-05-26,32.19,1.42,54.05,1.87
2020-05-27,31.41,3.06,59.86,1.58
2020-05-28,31.19,9.46,61.44,1.92
2020-05-29,29.06,12.3,68.57,1.64
2020-05-30,29.98,0.61,61.24,1.73
2020-05-31,29.12,0.25,66.98,2.12
2020-06-01,28.49,1.01,71.88,1.43
2020-06-02,27.36,0.16,71.75,2.06
2020-06-03,27.56,0.0,69.39,2.55
2020-06-04,28.05,0.0,66.1,2.77
2020-06-05,29.1,1.23,63.55,2.6
2020-06-06,28.18,2.21,67.47,2.23
2020-06-07,29.63,0.19,60.05,2.77
2020-06-08,29.49,0.03,57.32,3.27
2020-06-09,29.47,0.03,51.41,2.54
2020-06-10,28.4,0.52,60.52,2.44
2020-06-11,27.51,1.83,68.15,3.85
2020-06-12,28.11,2.76,60.06,4.59
2020-06-13,29.44,0.09,52.87,4.36
2020-06-14,28.84,0.03,54.49,4.91
2020-06-15,30.14,0.07,54.61,3.6
2020-06-16,30.27,0.03,55.06,3.39
2020-06-17,29.58,0.01,57.76,3.44
2020-06-18,29.69,0.23,55.62,3.94
2020-06-19,29.92,0.03,52.87,3.57
2020-06-20,29.52,0.47,52.74,3.71
2020-06-21,28.95,1.32,57.08,3.2
2020-06-22,29.83,1.94,54.69,3.51
2020-06-23,28.79,5.97,53.97,3.03
2020-06-24,28.38,13.66,62.66,2.03
2020-06-25,27.17,29.83,73.56,1.35
2020-06-26,27.61,3.33,72.61,1.81
2020-06-27,28.15,17.44,71.0,1.68
2020-06-28,26.82,7.88,80.56,1.98
2020-06-29,27.0,7.39,78.8,1.38
2020-06-30,26.91,4.59,77.72,1.84
2020-07-01,26.66,0.31,75.38,2.39
2020-07-02,26.23,3.76,71.22,3.47
2020-07-03,26.1,16.8,75.07,3.83
2020-07-04,26.66,5.4,72.32,3.86
2020-07-05,25.71,0.7,74.78,3.07
2020-07-06,26.61,0.25,72.14,2.93
2020-07-07,27.1,0.67,70.77,3.43
2020-07-08,26.27,7.0,77.9,1.64
2020-07-09,24.91,34.03,84.11,1.88
2020-07-10,26.21,7.93,77.98,1.87
2020-07-11,25.52,2.46,80.65,1.71
2020-07-12,26.8,5.48,76.84,1.82
2020-07-13,26.02,2.74,80.52,1.56
2020-07-14,25.57,1.09,83.03,1.98
2020-07-15,25.61,4.03,82.18,2.48
2020-07-16,25.54,7.51,81.38,2.34
2020-07-17,25.16,1.19,80.96,2.49
2020-07-18,26.14,3.53,77.51,1.26
2020-07-19,25.74,10.9,81.17,1.44
2020-07-20,25.89,8.31,84.09,1.8
2020-07-21,25.68,0.37,81.46,1.3
2020-07-22,25.51,1.33,84.4,1.59
2020-07-23,25.34,14.14,85.6,1.7
2020-07-24,25.46,16.53,83.6,1.64
2020-07-25,25.96,8.46,77.67,1.19
2020-07-26,25.54,0.86,79.89,2.57
2020-07-27,26.08,2.57,77.33,2.38
2020-07-28,25.87,5.31,81.22,2.11
2020-07-29,25.28,8.36,85.75,1.26
2020-07-30,25.8,2.2,83.69,1.71
2020-07-31,26.12,1.83,80.85,1.95
2020-08-01,25.57,15.14,84.09,1.89
2020-08-02,24.37,4.87,85.86,3.11
2020-08-03,25.26,1.7,81.81,3.6
2020-08-04,25.16,3.92,76.17,4.66
2020-08-05,25.67,1.47,73.39,5.7
2020-08-06,26.52,0.12,78.06,3.47
2020-08-07,26.58,0.0,78.7,3.36
2020-08-08,25.82,9.27,79.92,3.11
2020-08-09,24.62,6.12,84.13,3.16
2020-08-10,25.13,0.15,80.99,2.81
2020-08-11,25.97,5.04,79.7,2.86
2020-08-12,26.01,0.09,78.37,3.1
2020-08-13,26.08,0.03,77.29,3.26
2020-08-14,26.15,0.0,76.23,3.22
2020-08-15,25.56,0.0,77.48,3.04
2020-08-16,26.37,0.02,76.35,2.88
2020-08-17,26.55,0.46,77.53,2.54
2020-08-18,26.87,0.85,77.23,2.67
2020-08-19,26.36,0.73,77.73,2.78
2020-08-20,26.32,0.0,77.16,2.77
2020-08-21,27.05,0.0,75.03,1.99
2020-08-22,26.77,11.25,77.77,1.66
2020-08-23,26.26,24.85,79.89,1.53
2020-08-24,25.63,10.61,80.69,1.4
2020-08-25,26.1,0.71,81.82,1.19
2020-08-26,25.81,11.15,83.46,0.98
2020-08-27,26.0,1.34,78.84,1.59
2020-08-28,26.96,0.17,71.69,1.71
2020-08-29,26.93,0.0,76.02,1.61
2020-08-30,26.68,12.62,79.42,1.37
2020-08-31,26.23,9.97,83.59,1.29
2020-09-01,24.55,5.9,91.13,1.6
2020-09-02,24.77,31.15,87.49,1.61
2020-09-03,25.17,6.77,84.51,1.4
2020-09-04,25.75,3.74,85.46,1.28
2020-09-05,25.62,1.27,86.28,1.49
2020-09-06,25.97,0.97,85.7,1.08
2020-09-07,25.86,14.43,85.58,1.57
2020-09-08,26.12,4.47,80.4,1.49
2020-09-09,25.56,17.22,84.94,1.62
2020-09-10,25.04,9.66,86.38,2.14
2020-09-11,24.66,1.59,85.65,2.66
2020-09-12,24.61,3.62,85.31,2.34
2020-09-13,23.66,10.73,83.99,2.89
2020-09-14,24.25,16.71,81.49,3.33
2020-09-15,25.22,1.93,81.45,2.62
2020-09-16,25.1,0.42,84.32,2.35
2020-09-17,25.54,0.1,81.79,2.33
2020-09-18,25.62,5.49,81.71,3.21
2020-09-19,24.81,4.03,85.12,2.81
2020-09-20,23.58,2.26,81.34,4.59
2020-09-21,24.58,0.56,78.71,4.15
2020-09-22,24.06,0.14,75.98,3.65
2020-09-23,24.93,0.0,76.84,2.64
2020-09-24,25.64,0.0,78.85,2.25
2020-09-25,24.36,10.35,83.63,1.41
2020-09-26,23.56,1.25,86.24,2.24
2020-09-27,24.92,0.77,81.09,1.59
2020-09-28,25.67,2.37,82.0,1.32
2020-09-29,25.25,36.67,86.64,1.49
2020-09-30,24.25,13.34,88.47,2.16
2020-10-01,24.86,0.07,81.65,2.45
2020-10-02,25.98,2.26,75.81,1.56
2020-10-03,24.77,5.51,85.89,2.46
2020-10-04,24.58,0.75,82.23,2.63
2020-10-05,25.67,0.06,76.86,2.49
2020-10-06,26.24,5.43,76.17,1.72
2020-10-07,26.61,3.34,80.67,1.33
2020-10-08,25.87,0.98,80.56,0.94
2020-10-09,25.21,10.99,85.52,0.99
2020-10-10,24.92,15.37,87.67,1.27
2020-10-11,23.92,2.8,88.28,2.19
2020-10-12,24.51,3.72,84.72,2.54
2020-10-13,24.25,2.51,86.36,3.12
2020-10-14,24.36,0.69,80.67,3.15
2020-10-15,24.34,0.12,82.34,2.27
2020-10-16,25.2,1.12,80.79,1.63
2020-10-17,23.99,5.79,86.88,1.46
2020-10-18,24.65,9.8,82.02,1.1
2020-10-19,24.19,16.74,90.45,1.11
2020-10-20,24.67,12.9,86.57,1.17
2020-10-21,24.42,13.74,88.62,1.08
2020-10-22,24.5,8.99,87.43,1.32
2020-10-23,24.95,6.79,87.36,1.19
2020-10-24,24.98,4.35,85.71,1.52
2020-10-25,25.39,0.3,81.14,0.92
2020-10-26,25.06,0.01,80.99,1.21
2020-10-27,24.03,0.04,84.15,1.56
2020-10-28,23.76,0.9,83.43,1.9
2020-10-29,23.2,1.0,86.68,2.04
2020-10-30,23.79,0.12,80.7,1.71
2020-10-31,24.29,0.0,76.75,1.18
2020-11-01,24.37,0.0,79.74,1.12
2020-11-02,24.74,0.04,83.28,1.08
2020-11-03,24.4,0.02,85.75,1.39
2020-11-04,24.66,0.44,88.11,1.52
2020-11-05,24.66,4.64,86.37,1.53
2020-11-06,24.24,2.12,87.57,1.47
2020-11-07,24.61,1.59,87.93,1.76
2020-11-08,23.91,3.23,89.53,2.4
2020-11-09,23.01,0.08,84.91,2.17
2020-11-10,21.24,0.0,80.72,2.02
2020-11-11,22.66,2.41,84.75,2.8
2020-11-12,23.72,5.94,92.95,2.25
2020-11-13,23.96,14.46,91.36,2.21
2020-11-14,23.88,3.59,88.93,2.63
2020-11-15,24.02,12.24,93.48,2.89
2020-11-16,23.67,15.84,93.13,2.15
2020-11-17,23.46,4.13,89.92,1.97
2020-11-18,23.93,1.19,87.79,1.64
2020-11-19,23.35,0.04,88.21,1.76
2020-11-20,22.87,0.0,86.01,1.77
2020-11-21,21.4,0.0,81.63,1.54
2020-11-22,20.94,0.0,82.3,1.32
2020-11-23,21.07,0.39,86.08,2.07
2020-11-24,22.16,4.57,90.85,3.21
2020-11-25,22.98,12.79,88.33,4.28
2020-11-26,22.98,79.42,92.85,4.5
2020-11-27,22.35,3.0,89.83,1.66
2020-11-28,23.0,0.63,88.61,1.66
2020-11-29,23.12,1.38,89.79,2.3
2020-11-30,22.88,0.5,88.71,2.62
2020-12-01,21.8,0.03,86.46,2.43
2020-12-02,22.28,3.44,85.56,3.48
2020-12-03,22.36,27.55,94.8,3.04
2020-12-04,22.67,12.32,93.39,3.65
2020-12-05,23.04,3.86,91.96,3.08
2020-12-06,23.22,7.05,90.65,2.84
2020-12-07,23.47,9.14,90.81,2.7
2020-12-08,23.17,6.18,91.27,2.37
2020-12-09,22.77,1.46,90.29,2.27
2020-12-10,20.89,0.01,86.16,1.6
2020-12-11,20.43,0.0,85.4,1.59
2020-12-12,20.55,0.0,83.88,1.54
2020-12-13,20.68,0.0,81.43,1.33
2020-12-14,20.16,0.0,83.15,1.39
2020-12-15,20.53,1.03,87.13,2.1
2020-12-16,22.05,10.04,90.64,2.58
2020-12-17,22.01,5.17,92.53,2.71
2020-12-18,21.96,1.03,88.32,2.54
2020-12-19,21.48,0.33,89.19,2.59
2020-12-20,20.74,0.0,86.83,2.54
2020-12-21,19.17,0.0,86.1,2.31
2020-12-22,19.25,0.0,85.66,1.93
2020-12-23,19.86,0.0,85.48,1.67
2020-12-24,20.36,0.0,87.06,1.8
2020-12-25,20.11,0.0,85.94,1.8
2020-12-26,19.54,0.0,85.06,1.95
2020-12-27,19.64,0.0,86.15,2.05
2020-12-28,19.49,0.0,85.51,1.7
2020-12-29,20.86,0.29,87.47,2.24
2020-12-30,21.98,4.03,88.8,2.93
2020-12-31,22.2,4.37,89.57,3.15
2021-01-01,20.73,0.39,86.45,2.57
2021-01-02,21.11,1.42,88.76,2.73
2021-01-03,22.29,1.36,88.15,2.84
2021-01-04,22.39,0.84,87.24,2.75
2021-01-05,22.33,6.05,93.03,2.09
2021-01-06,22.59,18.69,92.63,1.96
2021-01-07,23.01,5.0,90.41,2.09
2021-01-08,23.53,0.71,89.05,2.07
2021-01-09,22.88,0.12,88.96,2.22
2021-01-10,22.6,1.05,89.88,2.25
2021-01-11,22.55,1.22,90.13,2.28
2021-01-12,22.02,1.96,90.22,2.94
2021-01-13,22.37,0.63,86.26,2.79
2021-01-14,21.85,2.05,88.6,2.44
2021-01-15,22.07,0.31,85.6,2.12
2021-01-16,21.37,0.0,81.67,1.63
2021-01-17,20.8,0.0,83.44,1.85
2021-01-18,20.68,0.0,81.87,2.13
2021-01-19,20.82,0.0,82.13,1.81
2021-01-20,22.2,0.0,80.7,1.7
2021-01-21,23.31,0.0,82.82,1.33
2021-01-22,23.76,0.0,82.4,1.75
2021-01-23,22.61,0.0,79.59,1.7
2021-01-24,22.04,0.0,77.7,1.49
2021-01-25,21.16,0.0,77.75,1.49
2021-01-26,20.85,0.0,73.21,1.72
2021-01-27,20.95,0.0,76.94,1.57
2021-01-28,21.39,0.0,79.71,2.13
2021-01-29,21.64,0.0,79.43,2.08
2021-01-30,22.16,0.0,73.33,1.95
2021-01-31,22.03,0.0,76.11,2.19
2021-02-01,21.42,0.0,75.75,2.52
2021-02-02,21.92,0.02,77.45,2.4
2021-02-03,21.98,0.09,78.0,2.44
2021-02-04,21.57,0.0,71.6,2.16
2021-02-05,21.09,0.0,71.85,2.22
2021-02-06,20.88,0.0,71.95,2.14
2021-02-07,20.68,0.0,67.66,2.48
2021-02-08,20.73,0.0,74.49,2.69
2021-02-09,20.41,0.0,75.69,2.37
2021-02-10,20.16,0.0,71.7,1.96
2021-02-11,20.45,0.0,71.55,1.96
2021-02-12,20.49,0.0,71.73,1.95
2021-02-13,20.72,0.0,69.91,1.9
2021-02-14,21.48,0.0,64.71,1.77
2021-02-15,22.99,0.0,62.88,1.73
2021-02-16,22.92,0.0,67.46,1.72
2021-02-17,22.6,0.0,71.71,2.15
2021-02-18,22.52,0.0,73.49,2.45
2021-02-19,23.01,3.14,77.5,2.38
2021-02-20,23.58,2.74,79.36,3.26
2021-02-21,22.95,9.78,82.17,3.54
2021-02-22,23.75,0.08,75.28,2.34
2021-02-23,24.16,0.0,69.76,2.09
2021-02-24,23.91,0.0,65.99,1.76
2021-02-25,24.61,0.0,62.66,1.65
2021-02-26,25.12,0.0,58.56,1.84
2021-02-27,25.38,0.0,60.05,1.79
2021-02-28,25.23,0.0,60.02,1.95
2021-03-01,25.35,0.0,61.55,1.76
2021-03-02,25.33,0.0,61.93,1.92
2021-03-03,24.83,0.0,59.84,2.1
2021-03-04,24.13,0.0,63.4,2.14
2021-03-05,24.57,0.0,62.09,1.9
2021-03-06,25.96,0.0,58.98,2.0
2021-03-07,26.27,0.0,59.44,1.92
2021-03-08,26.11,0.0,63.12,2.23
2021-03-09,26.1,0.0,65.36,2.41
2021-03-10,26.85,0.01,66.41,2.42
2021-03-11,26.78,0.03,64.59,2.48
2021-03-12,25.73,0.0,59.32,2.18
2021-03-13,25.46,0.0,61.21,2.3
2021-03-14,26.07,0.0,59.29,2.22
2021-03-15,26.84,0.0,57.0,2.08
2021-03-16,27.05,0.0,55.85,2.08
2021-03-17,26.92,0.0,57.63,2.23
2021-03-18,26.31,0.0,59.09,2.06
2021-03-19,25.5,0.0,57.55,1.75
2021-03-20,26.84,0.0,50.6,1.97
2021-03-21,27.15,0.0,51.11,1.99
2021-03-22,27.71,0.0,55.5,2.1
2021-03-23,27.93,0.0,56.82,2.17
2021-03-24,28.02,0.0,56.13,2.15
2021-03-25,28.46,0.0,52.83,2.33
2021-03-26,28.03,0.0,57.44,2.32
2021-03-27,28.54,0.0,58.04,2.15
2021-03-28,29.01,0.0,57.09,2.22
2021-03-29,29.38,0.0,51.61,2.25
2021-03-30,30.59,0.0,44.9,2.12
2021-03-31,32.45,0.0,41.84,2.13
2021-04-01,32.91,0.0,40.21,1.94
2021-04-02,32.7,0.0,42.51,2.18
2021-04-03,33.06,0.0,41.78,2.16
2021-04-04,32.96,0.39,40.65,2.15
2021-04-05,31.27,0.09,49.19,2.43
2021-04-06,29.62,0.0,54.63,2.56
2021-04-07,29.54,0.0,51.98,2.41
2021-04-08,28.93,0.0,49.32,2.3
2021-04-09,28.81,0.0,55.45,2.5
2021-04-10,29.26,0.0,57.45,2.78
2021-04-11,29.3,0.07,56.77,2.76
2021-04-12,28.98,4.22,60.54,2.58
2021-04-13,28.92,1.47,60.59,2.14
2021-04-14,28.23,8.02,65.38,1.86
2021-04-15,26.37,11.88,75.31,1.43
2021-04-16,28.4,0.37,63.78,1.55
2021-04-17,28.86,0.0,64.44,1.36
2021-04-18,29.39,0.0,61.79,1.94
2021-04-19,29.92,0.61,59.38,1.33
2021-04-20,29.51,1.31,63.06,1.4
2021-04-21,29.35,2.75,64.24,1.14
2021-04-22,29.79,0.39,61.58,1.58
2021-04-23,29.62,14.11,63.23,0.66
2021-04-24,27.14,6.7,77.23,0.95
2021-04-25,28.84,1.42,67.6,1.65
2021-04-26,28.37,0.0,69.05,1.55
2021-04-27,28.7,0.0,66.87,1.68
2021-04-28,29.32,0.0,62.38,1.72
2021-04-29,29.51,0.01,62.65,1.78
2021-04-30,29.14,1.67,66.26,1.91
2021-05-01,28.81,4.26,69.32,2.17
2021-05-02,28.84,0.08,67.29,2.01
2021-05-03,29.22,0.26,64.56,2.21
2021-05-04,29.69,0.43,62.5,2.11
2021-05-05,30.09,0.02,59.13,2.26
2021-05-06,30.14,0.01,59.67,2.64
2021-05-07,29.64,1.85,62.7,2.82
2021-05-08,28.98,0.9,64.85,2.29
2021-05-09,30.02,0.04,61.35,2.39
2021-05-10,30.78,0.06,58.76,2.31
2021-05-11,31.74,0.38,55.05,1.09
2021-05-12,32.02,6.78,55.41,1.23
2021-05-13,29.57,3.15,68.24,1.14
2021-05-14,30.86,1.5,58.74,2.72
2021-05-15,28.45,0.15,65.87,3.18
2021-05-16,28.53,0.05,65.97,3.23
2021-05-17,30.05,0.48,59.49,2.17
2021-05-18,29.78,0.61,64.37,1.77
2021-05-19,28.0,91.01,76.38,1.74
2021-05-20,26.96,37.35,79.79,1.99
2021-05-21,25.92,11.01,80.86,2.23
2021-05-22,26.95,2.61,76.0,2.39
2021-05-23,27.69,0.74,71.08,2.86
2021-05-24,26.97,0.0,71.45,3.08
2021-05-25,25.78,8.09,79.1,3.54
2021-05-26,27.4,2.17,69.19,4.71
2021-05-27,27.46,0.0,66.1,3.28
2021-05-28,28.79,0.06,63.28,3.11
2021-05-29,28.76,1.15,63.49,3.06
2021-05-30,28.69,8.34,66.73,2.9
2021-05-31,28.23,0.52,68.06,2.35
2021-06-01,29.41,4.11,66.81,2.1
2021-06-02,29.22,1.63,69.26,1.42
2021-06-03,28.11,6.09,75.28,1.17
2021-06-04,26.25,6.77,84.74,2.43
2021-06-05,25.38,10.28,79.49,1.89
2021-06-06,27.25,0.03,69.38,1.62
2021-06-07,27.62,3.45,68.32,2.18
2021-06-08,28.12,0.68,66.37,2.48
2021-06-09,27.76,0.98,69.24,3.4
2021-06-10,27.7,0.11,66.85,3.43
2021-06-11,26.39,0.0,69.24,3.9
2021-06-12,26.4,1.81,66.59,4.82
2021-06-13,26.98,0.42,62.19,4.94
2021-06-14,26.32,0.44,65.43,5.42
2021-06-15,26.76,0.18,65.08,4.76
2021-06-16,27.13,0.21,66.78,4.08
2021-06-17,27.45,0.19,67.02,4.12
2021-06-18,27.1,0.0,65.63,4.19
2021-06-19,26.68,0.08,70.91,3.21
2021-06-20,27.15,0.01,68.66,3.28
2021-06-21,27.95,0.51,66.39,2.79
2021-06-22,27.13,2.17,70.18,2.55
2021-06-23,27.21,5.59,71.05,1.96
2021-06-24,27.54,3.15,68.11,2.73
2021-06-25,27.86,0.0,61.46,3.52
2021-06-26,27.73,1.04,63.44,3.82
2021-06-27,26.22,1.05,65.46,3.19
2021-06-28,26.88,0.36,62.77,1.79
2021-06-29,28.17,0.16,63.22,1.88
2021-06-30,28.65,2.43,70.58,1.61
2021-07-01,26.72,32.91,84.47,1.38
2021-07-02,26.88,8.21,80.2,1.64
2021-07-03,26.38,9.57,79.86,1.25
2021-07-04,25.56,27.17,81.02,1.49
2021-07-05,26.91,1.14,75.13,1.55
2021-07-06,26.55,0.25,78.59,1.09
2021-07-07,26.48,1.06,79.9,1.52
2021-07-08,25.91,14.97,79.72,2.05
2021-07-09,25.89,17.85,83.78,1.98
2021-07-10,25.05,3.4,80.11,3.25
2021-07-11,24.93,0.11,76.33,3.39
2021-07-12,24.69,0.1,75.74,3.59
2021-07-13,26.08,0.9,76.44,3.47
2021-07-14,25.88,14.56,78.6,3.33
2021-07-15,25.21,9.68,81.74,3.25
2021-07-16,26.13,6.77,79.85,2.29
2021-07-17,25.37,14.9,83.99,2.42
2021-07-18,25.09,19.9,85.35,3.25
2021-07-19,26.22,2.58,77.49,3.49
2021-07-20,25.93,0.46,77.8,4.1
2021-07-21,25.6,0.4,78.13,3.76
2021-07-22,25.23,0.39,78.92,4.75
2021-07-23,26.27,0.17,74.53,4.05
2021-07-24,26.93,0.92,75.11,3.59
2021-07-25,25.87,15.36,79.3,3.74
2021-07-26,25.52,3.53,79.79,3.43
2021-07-27,25.71,0.69,78.92,3.23
2021-07-28,26.72,0.01,72.25,3.75
2021-07-29,26.04,0.02,76.02,3.46
2021-07-30,26.22,0.01,75.13,3.5
2021-07-31,26.81,0.75,72.91,3.53
2021-08-01,26.35,0.05,73.96,3.33
2021-08-02,26.44,0.07,69.52,3.84
2021-08-03,26.99,0.23,69.73,3.54
2021-08-04,27.14,0.05,70.95,4.0
2021-08-05,27.3,2.71,70.57,3.89
2021-08-06,27.34,6.57,73.66,3.4
2021-08-07,27.21,6.01,76.0,2.71
2021-08-08,27.35,2.47,75.13,1.85
2021-08-09,27.33,9.0,75.93,1.86
2021-08-10,26.29,12.48,79.46,2.67
2021-08-11,25.99,2.06,79.14,2.21
2021-08-12,25.21,1.43,82.93,2.62
2021-08-13,25.86,7.17,79.52,2.36
2021-08-14,25.45,2.08,79.31,2.65
2021-08-15,25.53,0.57,75.62,3.18
2021-08-16,26.44,1.74,72.62,2.53
2021-08-17,27.06,0.97,72.72,2.06
2021-08-18,26.54,2.49,70.16,2.78
2021-08-19,26.32,0.59,69.24,3.32
2021-08-20,25.88,11.3,73.18,2.07
2021-08-21,24.31,5.92,83.67,1.28
2021-08-22,24.9,6.46,81.3,1.38
2021-08-23,25.43,0.6,79.74,1.67
2021-08-24,26.88,3.1,73.7,1.49
2021-08-25,26.78,0.77,75.3,2.01
2021-08-26,27.08,4.48,75.35,1.03
2021-08-27,26.18,24.81,81.47,1.51
2021-08-28,25.79,9.75,80.24,1.99
2021-08-29,25.04,2.5,78.38,2.9
2021-08-30,25.01,0.09,77.09,3.05
2021-08-31,26.14,1.38,74.05,1.78
2021-09-01,26.39,4.4,73.2,1.21
2021-09-02,24.71,24.82,84.49,1.31
2021-09-03,25.39,11.98,80.58,1.79
2021-09-04,24.69,8.2,83.51,2.44
2021-09-05,25.66,10.37,78.97,3.16
2021-09-06,24.8,6.41,77.35,3.67
2021-09-07,24.6,0.12,77.86,3.17
2021-09-08,24.69,2.5,83.99,2.26
2021-09-09,25.85,0.3,78.3,2.45
2021-09-10,25.44,0.02,80.26,2.78
2021-09-11,25.22,0.66,81.68,3.02
2021-09-12,25.63,0.1,80.36,3.14
2021-09-13,25.53,0.0,79.68,3.33
2021-09-14,26.29,0.01,78.75,2.51
2021-09-15,26.62,0.54,78.22,2.12
2021-09-16,26.44,0.22,78.44,2.01
2021-09-17,26.39,0.9,78.81,1.48
2021-09-18,26.37,1.17,77.95,1.09
2021-09-19,26.75,18.85,77.18,0.8
2021-09-20,26.08,11.57,82.68,1.01
2021-09-21,25.96,7.4,81.14,1.74
2021-09-22,26.45,5.8,76.89,1.82
2021-09-23,26.23,8.14,80.75,1.23
2021-09-24,25.9,3.32,79.54,1.37
2021-09-25,26.14,10.09,82.62,1.19
2021-09-26,24.74,4.85,84.59,1.9
2021-09-27,25.68,1.85,79.51,3.08
2021-09-28,24.36,0.97,83.07,2.47
2021-09-29,25.78,2.69,75.7,1.88
2021-09-30,25.5,1.62,75.72,1.14
2021-10-01,25.56,1.77,82.04,1.38
2021-10-02,24.6,6.88,90.95,1.48
2021-10-03,25.23,8.95,85.13,1.36
2021-10-04,25.11,4.19,86.76,1.25
2021-10-05,24.46,23.88,90.99,1.28
2021-10-06,25.35,1.5,83.94,0.92
2021-10-07,25.8,1.48,83.6,1.08
2021-10-08,25.57,3.9,86.65,1.55
2021-10-09,25.22,4.38,87.37,2.18
2021-10-10,24.75,7.76,86.86,1.87
2021-10-11,25.29,13.81,84.42,1.32
2021-10-12,25.02,6.84,85.66,1.38
2021-10-13,25.14,4.89,84.54,2.17
2021-10-14,25.79,6.66,80.28,1.5
2021-10-15,25.27,12.61,86.92,0.65
2021-10-16,25.82,6.84,86.04,1.0
2021-10-17,25.29,2.44,89.92,1.0
2021-10-18,25.23,0.5,85.73,1.99
2021-10-19,24.89,4.85,86.12,1.3
2021-10-20,25.09,3.85,86.97,1.0
2021-10-21,24.67,6.21,89.14,0.73
2021-10-22,25.02,1.84,86.92,0.97
2021-10-23,24.99,3.39,87.29,1.18
2021-10-24,25.0,2.09,83.4,1.16
2021-10-25,24.46,0.29,86.42,1.69
2021-10-26,24.37,0.21,85.82,1.41
2021-10-27,24.31,0.03,85.68,1.72
2021-10-28,24.19,0.09,82.8,1.88
2021-10-29,23.43,11.2,89.23,1.78
2021-10-30,23.41,8.71,91.28,1.9
2021-10-31,23.74,4.42,92.16,2.12
2021-11-01,23.57,6.63,93.71,2.06
2021-11-02,23.37,16.49,91.35,2.41
2021-11-03,22.97,7.47,93.72,1.83
2021-11-04,23.28,14.36,91.77,1.29
2021-11-05,23.37,11.68,89.37,1.05
2021-11-06,23.94,6.34,89.27,1.17
2021-11-07,24.01,13.63,89.26,0.92
2021-11-08,22.97,16.73,95.6,1.93
2021-11-09,21.78,7.86,90.75,2.18
2021-11-10,21.32,12.49,88.94,2.79
2021-11-11,21.18,32.71,90.56,4.04
2021-11-12,22.81,13.39,90.25,2.89
2021-11-13,24.46,3.92,86.39,0.88
2021-11-14,24.56,7.08,87.69,0.72
2021-11-15,24.52,14.95,90.44,1.19
2021-11-16,24.2,5.73,91.33,1.29
2021-11-17,24.01,13.76,92.23,1.6
2021-11-18,22.71,61.05,93.33,3.99
2021-11-19,24.35,35.08,93.31,3.46
2021-11-20,24.31,14.85,93.2,2.75
2021-11-21,23.52,8.05,83.6,0.93
2021-11-22,23.67,0.7,92.55,1.48
2021-11-23,23.67,0.44,92.16,1.62
2021-11-24,23.45,1.77,92.05,1.77
2021-11-25,23.33,3.31,93.03,2.47
2021-11-26,23.24,17.54,91.18,3.09
2021-11-27,22.41,5.62,94.57,3.05
2021-11-28,22.16,15.69,94.76,2.92
2021-11-29,22.32,8.21,92.93,1.6
2021-11-30,22.94,4.53,94.66,1.93
2021-12-01,23.47,1.26,91.52,2.72
2021-12-02,22.67,0.02,90.03,2.06
2021-12-03,21.21,0.01,84.03,1.22
2021-12-04,23.56,0.09,72.93,0.66
2021-12-05,24.53,0.41,78.54,0.88
2021-12-06,24.34,2.2,88.05,1.08
2021-12-07,23.28,0.08,88.85,1.75
2021-12-08,22.65,0.13,90.4,1.75
2021-12-09,22.63,3.51,92.64,2.03
2021-12-10,22.54,0.24,89.66,2.16
2021-12-11,23.08,0.58,90.32,2.84
2021-12-12,22.75,1.78,90.58,2.8
2021-12-13,22.84,3.46,90.32,2.79
2021-12-14,21.76,1.03,92.36,2.55
2021-12-15,21.89,0.13,88.54,2.54
2021-12-16,21.15,0.0,88.33,2.49
2021-12-17,20.79,0.0,87.75,2.11
2021-12-18,20.27,0.0,86.7,2.25
2021-12-19,19.13,0.0,85.59,2.22
2021-12-20,19.3,0.0,85.63,1.9
2021-12-21,19.16,0.0,79.86,1.32
2021-12-22,19.58,0.0,82.49,1.04
2021-12-23,19.09,0.0,80.0,1.18
2021-12-24,19.44,0.0,78.15,1.11
2021-12-25,19.91,0.0,84.45,1.21
2021-12-26,20.36,0.0,86.13,1.26
2021-12-27,20.57,0.0,86.82,1.48
2021-12-28,20.32,0.0,87.29,1.72
2021-12-29,20.51,0.04,86.56,1.7
2021-12-30,21.04,5.73,89.92,2.63
2021-12-31,22.61,8.54,89.99,3.55
2022-01-01,22.55,3.48,89.45,3.45
2022-01-02,21.9,0.37,87.97,2.7
2022-01-03,21.21,0.0,86.9,2.03
2022-01-04,20.73,0.0,87.14,2.06
2022-01-05,20.43,0.0,84.79,1.51
2022-01-06,20.98,0.0,86.98,1.68
2022-01-07,21.75,0.0,86.86,1.61
2022-01-08,21.67,0.0,87.76,1.81
2022-01-09,21.55,0.0,86.11,1.38
2022-01-10,21.61,0.0,84.71,1.39
2022-01-11,22.09,0.0,85.99,1.47
2022-01-12,22.38,0.0,85.46,1.18
2022-01-13,22.99,0.01,85.43,1.19
2022-01-14,23.53,0.0,85.48,1.27
2022-01-15,23.42,0.0,85.35,1.41
2022-01-16,22.71,0.19,86.77,2.25
2022-01-17,22.07,0.63,86.77,2.39
2022-01-18,21.3,0.02,86.04,2.05
2022-01-19,21.04,0.0,81.41,1.63
2022-01-20,21.04,0.0,77.16,1.06
2022-01-21,21.73,0.0,78.57,1.03
2022-01-22,22.74,0.0,75.82,1.36
2022-01-23,23.3,0.09,78.73,1.3
2022-01-24,22.91,0.21,77.77,1.22
2022-01-25,23.16,0.25,83.35,1.8
2022-01-26,22.64,0.12,81.99,1.92
2022-01-27,22.27,0.08,80.38,2.03
2022-01-28,21.7,0.17,83.73,2.66
2022-01-29,22.11,0.03,83.54,2.86
2022-01-30,22.71,0.0,82.59,1.77
2022-01-31,23.81,0.0,79.57,1.65
2022-02-01,22.98,0.0,78.54,1.55
2022-02-02,22.03,0.0,73.73,1.45
2022-02-03,21.97,0.0,73.05,1.13
2022-02-04,23.32,0.0,74.42,1.42
2022-02-05,23.96,0.0,78.0,1.81
2022-02-06,23.4,0.0,79.09,2.17
2022-02-07,22.67,0.0,76.22,1.84
2022-02-08,22.23,0.0,74.81,2.08
2022-02-09,21.65,0.0,75.46,2.25
2022-02-10,21.11,0.03,69.46,2.14
2022-02-11,22.2,0.75,74.57,2.72
2022-02-12,22.92,0.2,74.92,2.66
2022-02-13,22.46,0.0,74.09,2.36
2022-02-14,22.95,0.0,73.38,2.28
2022-02-15,22.45,0.08,72.15,2.26
2022-02-16,22.79,0.0,68.17,2.07
2022-02-17,23.13,0.0,68.24,2.06
2022-02-18,22.92,0.0,73.55,2.19
2022-02-19,23.18,0.0,72.09,2.23
2022-02-20,24.18,0.0,69.1,1.7
2022-02-21,25.53,0.0,66.84,1.43
2022-02-22,25.45,0.0,68.81,2.05
2022-02-23,24.36,0.0,70.04,2.43
2022-02-24,23.38,0.0,68.21,1.95
2022-02-25,22.78,0.0,65.16,2.24
2022-02-26,23.15,0.0,71.71,2.39
2022-02-27,24.42,0.0,68.72,2.65
2022-02-28,24.21,0.0,62.27,1.96
2022-03-01,24.5,0.0,59.07,2.29
2022-03-02,23.88,0.0,56.99,2.4
2022-03-03,23.69,0.0,62.24,2.82
2022-03-04,24.72,0.05,59.97,3.21
2022-03-05,25.2,0.0,61.59,3.08
2022-03-06,25.28,0.46,60.8,3.35
2022-03-07,24.3,1.05,67.12,2.66
2022-03-08,25.99,0.06,62.86,2.24
2022-03-09,26.44,0.0,55.72,2.1
2022-03-10,26.32,0.0,51.01,2.52
2022-03-11,25.89,0.0,49.01,2.56
2022-03-12,26.25,0.0,43.61,2.51
2022-03-13,26.43,0.0,45.83,2.5
2022-03-14,27.37,0.0,48.19,2.32
2022-03-15,27.74,0.0,49.7,2.12
2022-03-16,28.01,0.0,43.72,2.01
2022-03-17,28.92,0.0,40.32,2.26
2022-03-18,28.26,0.0,48.09,1.94
2022-03-19,29.23,0.0,53.41,1.43
2022-03-20,29.63,0.51,53.53,1.88
2022-03-21,30.15,5.18,51.64,1.35
2022-03-22,28.88,5.46,61.07,1.48
2022-03-23,28.87,0.38,65.42,1.54
2022-03-24,28.84,0.13,63.61,1.64
2022-03-25,28.84,0.12,63.74,1.86
2022-03-26,29.19,0.11,61.59,1.95
2022-03-27,29.69,0.05,60.05,2.17
2022-03-28,30.12,0.0,58.77,2.65
2022-03-29,30.02,0.0,55.98,2.27
2022-03-30,30.71,0.0,52.47,2.41
2022-03-31,30.39,0.0,54.75,2.14
2022-04-01,29.95,0.0,56.37,2.61
2022-04-02,29.74,0.11,57.72,2.25
2022-04-03,29.76,0.0,58.31,2.57
2022-04-04,29.57,0.0,58.41,2.66
2022-04-05,29.53,0.0,53.68,2.42
2022-04-06,29.45,0.58,56.71,2.24
2022-04-07,29.04,3.25,59.92,2.16
2022-04-08,28.83,2.01,62.99,2.11
2022-04-09,27.92,0.52,64.5,1.87
2022-04-10,28.58,0.84,59.51,2.19
2022-04-11,28.57,0.13,61.59,2.07
2022-04-12,29.01,0.04,63.77,2.19
2022-04-13,28.21,2.66,67.47,1.97
2022-04-14,28.0,9.3,66.29,1.77
2022-04-15,30.06,0.08,57.19,1.33
2022-04-16,31.3,1.38,55.52,1.52
2022-04-17,30.05,11.05,63.95,1.29
2022-04-18,28.61,8.08,67.27,1.84
2022-04-19,29.13,0.98,65.37,1.19
2022-04-20,29.4,0.03,62.67,1.82
2022-04-21,28.52,0.0,69.29,2.24
2022-04-22,29.1,0.01,64.7,2.19
2022-04-23,27.69,2.66,68.95,1.86
2022-04-24,29.64,0.31,56.8,1.81
2022-04-25,29.46,0.0,59.33,1.8
2022-04-26,29.87,0.0,58.8,1.94
2022-04-27,30.3,0.0,58.17,2.25
2022-04-28,30.79,0.0,56.81,2.15
2022-04-29,31.69,0.0,52.84,2.44
2022-04-30,32.32,0.12,49.75,1.75
2022-05-01,32.43,3.28,48.49,1.96
2022-05-02,31.27,3.61,57.89,1.24
2022-05-03,29.52,4.15,66.97,1.31
2022-05-04,30.05,0.45,63.66,1.79
2022-05-05,30.42,0.96,61.76,1.32
2022-05-06,29.75,2.81,57.25,1.62
2022-05-07,30.02,10.81,60.52,1.46
2022-05-08,30.58,0.62,62.04,1.82
2022-05-09,29.86,3.52,63.13,1.59
2022-05-10,28.98,5.35,61.32,3.6
2022-05-11,28.76,4.41,63.84,4.92
2022-05-12,27.15,7.55,71.26,4.14
2022-05-13,28.1,0.74,70.32,2.54
2022-05-14,28.51,2.49,70.21,2.32
2022-05-15,26.07,29.89,86.65,2.01
2022-05-16,27.07,14.43,82.11,1.76
2022-05-17,26.99,34.01,79.06,0.8
2022-05-18,27.0,4.64,79.07,0.95
2022-05-19,25.59,0.75,83.17,2.99
2022-05-20,25.17,0.29,75.11,3.67
2022-05-21,27.04,0.26,68.57,4.29
2022-05-22,27.92,0.0,68.19,4.17
2022-05-23,28.85,0.0,66.45,3.44
2022-05-24,29.95,0.17,63.5,2.53
2022-05-25,29.27,1.81,66.78,1.4
2022-05-26,28.74,2.57,68.91,2.11
2022-05-27,28.04,1.13,68.22,2.76
2022-05-28,28.31,0.01,65.1,3.14
2022-05-29,28.07,0.06,62.24,3.02
2022-05-30,28.48,3.29,63.72,2.78
2022-05-31,27.51,2.48,69.52,2.86
2022-06-01,27.31,0.02,68.78,3.18
2022-06-02,29.18,0.02,62.67,2.22
2022-06-03,28.59,1.05,65.49,1.81
2022-06-04,27.4,1.52,62.88,1.97
2022-06-05,28.14,2.79,60.06,1.48
2022-06-06,26.37,5.62,76.04,1.37
2022-06-07,27.64,2.6,71.23,2.68
2022-06-08,27.99,0.0,66.86,2.98
2022-06-09,28.03,0.0,66.26,2.28
2022-06-10,28.56,0.0,62.66,3.46
2022-06-11,28.16,0.0,62.87,2.94
2022-06-12,27.48,0.83,63.33,2.75
2022-06-13,27.83,1.74,65.83,1.96
2022-06-14,27.93,9.15,69.76,2.05
2022-06-15,26.75,23.03,75.78,2.15
2022-06-16,26.3,16.35,80.79,1.38
2022-06-17,25.89,35.54,82.76,1.65
2022-06-18,25.68,2.68,81.99,1.52
2022-06-19,26.04,12.45,81.53,1.46
2022-06-20,26.38,6.52,76.5,2.19
2022-06-21,26.12,4.94,77.42,2.81
2022-06-22,25.56,0.79,79.3,1.85
2022-06-23,26.83,0.04,75.8,1.82
2022-06-24,25.74,0.64,75.69,3.4
2022-06-25,25.65,0.4,75.35,3.27
2022-06-26,26.26,0.0,72.42,3.45
2022-06-27,26.39,0.14,71.98,2.95
2022-06-28,27.27,0.02,70.42,2.78
2022-06-29,27.83,3.24,70.58,2.61
2022-06-30,26.83,1.94,76.21,3.08
2022-07-01,26.88,2.46,75.14,3.35
2022-07-02,26.41,1.34,76.08,3.29
2022-07-03,26.9,0.06,74.82,3.16
2022-07-04,26.59,0.22,71.49,4.37
2022-07-05,26.09,1.31,73.9,3.9
2022-07-06,26.16,0.62,72.62,3.51
2022-07-07,25.57,3.36,76.37,3.62
2022-07-08,26.45,0.96,69.91,4.63
2022-07-09,26.3,1.61,73.62,4.13
2022-07-10,26.57,1.5,72.09,4.0
2022-07-11,26.56,1.44,70.93,4.49
2022-07-12,26.53,0.42,68.47,5.25
2022-07-13,26.93,0.69,66.59,5.91
2022-07-14,26.71,0.15,63.72,6.52
2022-07-15,27.15,0.02,65.21,4.9
2022-07-16,26.68,16.63,74.73,3.52
2022-07-17,27.02,5.94,73.34,3.78
2022-07-18,25.63,7.32,76.46,2.85
2022-07-19,27.09,1.5,73.03,1.88
2022-07-20,27.02,21.14,78.12,1.26
2022-07-21,26.53,10.68,79.49,1.63
2022-07-22,25.24,20.11,85.2,1.52
2022-07-23,26.09,0.11,78.03,2.4
2022-07-24,25.62,0.19,77.37,2.65
2022-07-25,26.11,4.54,74.59,2.21
2022-07-26,25.12,8.25,81.73,1.89
2022-07-27,25.51,5.95,82.76,1.52
2022-07-28,26.0,1.09,79.86,0.85
2022-07-29,25.79,3.96,80.94,0.75
2022-07-30,26.85,6.99,75.8,1.12
2022-07-31,26.13,13.73,82.94,1.13
2022-08-01,26.78,26.62,80.39,1.43
2022-08-02,26.41,7.88,80.2,1.56
2022-08-03,25.04,22.73,85.62,1.44
2022-08-04,24.71,12.94,85.44,1.19
2022-08-05,25.13,2.5,81.92,3.64
2022-08-06,25.11,2.86,80.5,4.05
2022-08-07,25.0,1.63,81.25,4.1
2022-08-08,25.41,0.73,78.66,4.68
2022-08-09,25.48,0.15,75.7,4.7
2022-08-10,25.27,0.03,75.48,4.2
2022-08-11,25.67,0.11,76.85,3.58
2022-08-12,26.03,0.03,76.63,3.37
2022-08-13,25.52,0.0,77.65,3.01
2022-08-14,26.55,0.0,72.13,3.08
2022-08-15,26.86,0.16,72.88,2.21
2022-08-16,26.67,0.38,77.96,1.06
2022-08-17,26.15,2.47,82.07,1.12
2022-08-18,25.63,68.56,83.2,1.66
2022-08-19,26.03,22.03,80.67,2.4
2022-08-20,25.88,0.02,79.52,2.85
2022-08-21,26.13,4.08,79.9,3.01
2022-08-22,25.84,4.86,81.96,3.04
2022-08-23,26.34,3.1,79.32,2.78
2022-08-24,25.58,9.2,81.82,2.0
2022-08-25,25.46,15.44,82.4,1.83
2022-08-26,25.08,26.86,85.98,1.48
2022-08-27,25.48,13.03,85.24,1.31
2022-08-28,25.51,17.43,83.15,1.53
2022-08-29,25.05,19.91,87.94,0.75
2022-08-30,25.46,0.75,85.33,1.37
2022-08-31,24.61,4.83,86.84,1.12
2022-09-01,24.88,7.11,83.58,0.95
2022-09-02,25.12,6.05,85.35,1.12
2022-09-03,25.96,2.62,82.49,0.8
2022-09-04,25.84,21.11,85.37,0.8
2022-09-05,26.24,9.33,84.04,0.9
2022-09-06,26.05,27.68,82.53,1.05
2022-09-07,25.23,5.93,83.83,1.29
2022-09-08,24.77,7.36,86.74,1.75
2022-09-09,25.48,0.25,85.2,2.28
2022-09-10,25.39,0.78,84.33,3.05
2022-09-11,24.92,0.02,83.8,3.19
2022-09-12,24.92,0.0,83.18,3.01
2022-09-13,25.49,0.76,82.58,2.21
2022-09-14,26.07,1.75,81.9,1.85
2022-09-15,24.88,0.45,83.95,1.73
2022-09-16,25.4,0.3,82.47,2.14
2022-09-17,25.77,0.4,81.36,1.97
2022-09-18,26.25,0.09,77.96,1.99
2022-09-19,25.23,0.04,83.67,1.94
2022-09-20,24.49,0.01,77.37,2.46
2022-09-21,25.04,0.0,77.62,2.42
2022-09-22,25.4,0.0,75.28,2.42
2022-09-23,24.53,0.0,76.9,2.3
2022-09-24,25.83,0.89,76.84,2.42
2022-09-25,26.18,2.88,77.4,1.64
2022-09-26,26.38,4.68,80.46,1.28
2022-09-27,24.99,5.46,85.18,1.7
2022-09-28,25.08,1.48,85.2,1.95
2022-09-29,24.89,1.47,83.37,1.85
2022-09-30,24.19,5.27,85.72,2.34
2022-10-01,23.45,2.48,87.05,2.62
2022-10-02,24.29,0.05,81.1,2.73
2022-10-03,25.02,0.0,80.86,2.81
2022-10-04,24.72,0.03,85.18,2.2
2022-10-05,24.56,11.67,86.77,1.71
2022-10-06,24.53,2.06,83.52,1.69
2022-10-07,24.87,0.57,79.72,0.9
2022-10-08,24.02,4.2,89.97,0.96
2022-10-09,24.38,12.73,89.55,1.91
2022-10-10,24.75,24.85,89.74,1.54
2022-10-11,24.89,13.56,90.47,1.95
2022-10-12,25.02,2.71,87.31,1.26
2022-10-13,25.21,11.49,87.39,1.15
2022-10-14,25.83,5.14,82.55,0.77
2022-10-15,25.18,14.24,87.29,1.57
2022-10-16,25.24,15.23,88.4,1.48
2022-10-17,25.12,6.27,89.28,1.45
2022-10-18,25.67,10.08,84.6,0.51
2022-10-19,24.98,15.62,85.04,0.77
2022-10-20,24.79,18.26,86.49,1.23
2022-10-21,24.22,3.73,90.64,1.3
2022-10-22,24.28,1.58,90.22,2.07
2022-10-23,24.39,0.09,82.1,1.7
2022-10-24,22.47,0.0,74.06,2.06
2022-10-25,22.16,0.0,67.54,1.63
2022-10-26,22.22,0.0,73.0,1.19
2022-10-27,22.49,0.21,81.06,1.6
2022-10-28,22.88,4.97,91.14,1.91
2022-10-29,23.64,2.75,88.65,2.31
2022-10-30,23.71,0.16,86.83,2.1
2022-10-31,22.81,1.33,90.39,1.99
2022-11-01,22.54,13.72,92.67,1.99
2022-11-02,22.57,10.26,89.2,2.19
2022-11-03,22.58,8.74,87.44,2.12
2022-11-04,22.47,4.52,87.25,1.94
2022-11-05,23.07,3.59,88.78,1.78
2022-11-06,23.03,1.21,89.28,2.06
2022-11-07,23.11,0.34,87.37,2.3
2022-11-08,23.6,0.25,88.31,2.31
2022-11-09,23.56,0.21,86.99,2.15
2022-11-10,23.3,1.94,88.43,2.46
2022-11-11,22.5,30.8,92.17,3.41
2022-11-12,23.33,23.49,92.79,3.06
2022-11-13,23.16,8.6,90.88,2.05
2022-11-14,23.55,1.77,89.56,1.67
2022-11-15,23.34,1.71,88.74,1.61
2022-11-16,22.53,0.0,87.87,1.76
2022-11-17,20.81,0.0,79.6,1.96
2022-11-18,20.14,0.0,82.11,2.04
2022-11-19,20.23,0.0,82.58,2.05
2022-11-20,19.42,0.0,78.64,1.84
2022-11-21,19.92,0.26,86.35,2.33
2022-11-22,22.48,2.62,89.15,1.82
2022-11-23,23.83,10.47,87.22,1.24
2022-11-24,23.49,3.99,89.06,1.54
2022-11-25,23.19,1.45,88.81,1.41
2022-11-26,23.58,0.22,86.85,1.2
2022-11-27,24.07,0.37,86.3,0.96
2022-11-28,23.98,0.46,87.17,1.35
2022-11-29,22.48,0.05,86.39,1.65
2022-11-30,21.11,0.18,85.13,1.59
2022-12-01,23.31,1.17,89.72,1.87
2022-12-02,23.6,0.35,88.32,1.51
2022-12-03,23.24,1.31,89.51,1.86
2022-12-04,22.7,1.6,91.98,2.0
2022-12-05,23.04,0.71,88.08,2.06
2022-12-06,22.57,0.0,86.88,1.86
2022-12-07,20.72,0.0,85.0,2.11
2022-12-08,19.48,0.81,77.55,2.99
2022-12-09,20.25,12.5,85.15,4.55
2022-12-10,21.85,30.08,91.66,3.77
2022-12-11,23.02,8.97,91.62,2.89
2022-12-12,22.62,27.36,95.81,1.93
2022-12-13,22.94,7.95,90.84,2.06
2022-12-14,22.79,1.43,89.55,1.6
2022-12-15,21.77,0.06,86.11,1.54
2022-12-16,21.14,0.0,82.91,1.53
2022-12-17,21.87,0.0,87.76,1.83
2022-12-18,21.98,0.01,89.17,2.46
2022-12-19,20.85,0.0,85.85,2.36
2022-12-20,21.34,0.0,84.2,2.28
2022-12-21,20.69,0.01,85.27,2.21
2022-12-22,20.48,0.0,86.46,2.51
2022-12-23,21.88,0.0,87.89,2.4
2022-12-24,22.65,0.71,87.28,2.59
2022-12-25,23.31,8.97,89.2,3.08
2022-12-26,23.21,2.07,89.11,2.34
2022-12-27,22.98,1.28,89.93,2.04
2022-12-28,23.01,0.18,87.55,1.54
2022-12-29,22.61,0.0,84.85,1.26
2022-12-30,21.98,0.0,81.85,1.14
2022-12-31,21.45,0.0,79.07,0.91
2023-01-01,20.85,0.0,80.74,1.24
2023-01-02,20.98,0.0,84.87,1.61
2023-01-03,20.88,0.0,85.03,1.7
2023-01-04,20.98,0.0,84.81,1.79
2023-01-05,20.63,0.0,82.64,2.25
2023-01-06,20.98,0.0,84.7,2.79
2023-01-07,21.0,0.01,85.83,2.43
2023-01-08,21.17,0.03,85.2,1.9
2023-01-09,19.49,0.0,79.38,1.93
2023-01-10,18.69,0.0,82.89,2.1
2023-01-11,19.29,0.0,79.46,1.6
2023-01-12,19.81,0.0,75.65,1.3
2023-01-13,20.08,0.0,76.88,1.17
2023-01-14,19.41,0.0,75.26,1.31
2023-01-15,19.28,0.0,76.85,1.41
2023-01-16,19.37,0.0,77.73,1.69
2023-01-17,19.58,0.0,79.66,1.53
2023-01-18,19.79,0.0,79.29,1.81
2023-01-19,19.93,0.0,77.05,1.83
2023-01-20,20.87,0.0,81.17,1.89
2023-01-21,21.51,0.0,78.2,2.16
2023-01-22,20.89,0.0,78.24,2.03
2023-01-23,21.74,0.01,83.15,2.23
2023-01-24,22.39,0.0,78.08,1.91
2023-01-25,21.06,0.01,77.03,1.83
2023-01-26,20.95,0.0,78.03,1.84
2023-01-27,20.62,0.0,75.49,1.98
2023-01-28,20.67,0.0,74.8,2.11
2023-01-29,21.54,0.02,79.05,2.35
2023-01-30,23.01,0.11,80.77,2.34
2023-01-31,23.0,0.01,78.22,2.62
2023-02-01,23.4,0.28,70.28,2.94
2023-02-02,23.04,0.14,73.65,2.77
2023-02-03,23.8,0.54,76.27,2.73
2023-02-04,23.72,0.88,72.28,2.68
2023-02-05,23.36,0.0,67.34,2.21
2023-02-06,23.03,0.0,68.96,1.79
2023-02-07,22.86,0.0,69.11,1.21
2023-02-08,23.35,0.0,68.31,1.93
2023-02-09,23.44,0.0,68.11,1.7
2023-02-10,23.72,0.0,66.91,1.83
2023-02-11,23.33,0.0,62.98,1.65
2023-02-12,23.87,0.0,58.92,1.8
2023-02-13,23.91,0.0,54.94,2.0
2023-02-14,23.33,0.0,63.53,1.73
2023-02-15,23.43,0.0,63.81,1.96
2023-02-16,23.03,0.0,66.72,2.14
2023-02-17,23.13,0.0,67.27,1.73
2023-02-18,23.58,0.0,64.92,1.69
2023-02-19,23.98,0.0,63.61,1.76
2023-02-20,24.12,0.0,59.54,1.57
2023-02-21,24.49,0.0,57.41,1.95
2023-02-22,24.29,0.0,59.0,2.14
2023-02-23,23.39,0.0,62.88,1.89
2023-02-24,24.08,0.0,57.49,1.7
2023-02-25,24.45,0.0,53.19,2.25
2023-02-26,24.13,0.0,54.69,2.44
2023-02-27,23.54,0.0,57.78,2.17
2023-02-28,23.79,0.0,64.34,2.54
2023-03-01,25.63,0.0,65.22,2.85
2023-03-02,24.11,0.0,58.28,2.62
2023-03-03,23.95,0.0,58.18,2.89
2023-03-04,24.46,0.0,56.29,2.73
2023-03-05,24.87,0.0,53.63,2.75
2023-03-06,24.44,0.0,54.04,2.54
2023-03-07,24.2,0.0,59.51,2.29
2023-03-08,25.06,0.0,58.84,2.81
2023-03-09,25.3,0.0,58.89,2.6
2023-03-10,25.51,0.0,58.84,2.66
2023-03-11,25.61,0.0,60.86,2.75
2023-03-12,25.95,0.0,62.72,2.72
2023-03-13,26.74,0.0,57.89,2.46
2023-03-14,27.08,0.0,54.71,2.32
2023-03-15,27.7,0.0,60.15,2.55
2023-03-16,27.89,0.14,61.27,2.45
2023-03-17,27.33,8.41,66.64,2.27
2023-03-18,26.56,10.39,73.2,2.6
2023-03-19,26.65,8.73,71.94,1.93
2023-03-20,26.81,3.28,70.88,1.43
2023-03-21,28.08,0.1,62.46,1.44
2023-03-22,28.38,0.02,62.32,2.11
2023-03-23,28.21,0.71,65.33,1.72
2023-03-24,27.82,2.23,66.52,2.06
2023-03-25,27.71,2.1,68.23,1.89
2023-03-26,28.29,0.9,66.9,1.32
2023-03-27,28.85,0.42,64.15,1.37
2023-03-28,29.06,0.2,64.27,2.15
2023-03-29,29.09,0.35,59.07,2.28
2023-03-30,29.03,0.24,55.93,2.07
2023-03-31,29.79,0.0,52.25,2.38
2023-04-01,29.65,0.2,56.72,2.01
2023-04-02,28.98,2.05,61.21,1.97
2023-04-03,29.37,0.17,57.48,2.46
2023-04-04,28.45,2.8,64.02,1.61
2023-04-05,28.38,0.52,61.92,1.91
2023-04-06,29.16,0.14,58.85,2.07
2023-04-07,29.05,0.0,58.31,2.42
2023-04-08,28.4,0.0,57.29,2.68
2023-04-09,28.51,0.0,56.89,2.53
2023-04-10,28.79,0.0,54.29,2.39
2023-04-11,29.09,0.0,45.31,1.93
2023-04-12,29.25,0.0,41.67,2.0
2023-04-13,30.83,0.0,31.47,1.86
2023-04-14,30.41,0.0,35.81,2.09
2023-04-15,31.14,0.0,36.85,2.11
2023-04-16,29.7,0.0,42.89,1.79
2023-04-17,30.59,0.0,39.11,2.35
2023-04-18,30.52,0.0,42.72,2.16
2023-04-19,31.01,0.0,43.81,1.97
2023-04-20,32.1,0.0,48.66,2.27
2023-04-21,32.99,0.08,46.18,2.18
2023-04-22,32.17,2.66,50.03,1.95
2023-04-23,31.33,3.8,53.12,2.28
2023-04-24,29.6,2.51,62.12,2.9
2023-04-25,28.95,1.13,64.97,2.7
2023-04-26,29.42,0.04,59.23,2.44
2023-04-27,29.58,0.03,58.93,2.41
2023-04-28,29.87,0.16,58.59,2.65
2023-04-29,29.3,4.77,63.64,2.44
2023-04-30,29.25,1.34,61.67,2.33
2023-05-01,26.94,13.98,76.22,1.68
2023-05-02,26.42,11.81,78.76,1.48
2023-05-03,25.84,2.81,83.62,1.23
2023-05-04,27.44,7.18,74.35,1.35
2023-05-05,26.44,39.32,79.14,1.11
2023-05-06,26.39,7.43,78.63,1.3
2023-05-07,26.62,17.22,80.83,1.64
2023-05-08,26.82,7.83,79.46,1.27
2023-05-09,27.45,0.27,75.19,1.57
2023-05-10,27.83,0.04,72.56,1.65
2023-05-11,28.41,0.04,68.85,1.31
2023-05-12,30.35,1.6,61.22,1.29
2023-05-13,30.31,0.0,62.19,2.82
2023-05-14,30.91,0.0,60.9,3.06
2023-05-15,31.5,1.42,60.24,2.48
2023-05-16,32.33,0.18,55.76,1.79
2023-05-17,32.36,0.31,55.05,2.14
2023-05-18,31.27,0.09,58.81,1.52
2023-05-19,30.45,0.04,63.18,1.49
2023-05-20,30.95,1.0,60.15,1.45
2023-05-21,30.03,5.85,66.46,1.49
2023-05-22,29.77,1.62,66.28,1.4
2023-05-23,29.75,0.89,63.3,1.41
2023-05-24,29.76,0.71,62.62,2.18
2023-05-25,29.68,0.95,61.82,2.26
2023-05-26,30.3,4.5,61.3,2.22
2023-05-27,30.97,0.63,58.01,1.91
2023-05-28,30.05,0.45,63.85,1.2
2023-05-29,31.33,0.0,56.23,1.89
2023-05-30,30.19,6.47,64.86,1.28
2023-05-31,28.75,4.84,69.38,0.93
2023-06-01,30.37,3.7,60.84,2.07
2023-06-02,30.38,1.56,59.88,2.36
2023-06-03,31.05,0.0,59.4,2.27
2023-06-04,30.72,0.0,59.33,2.49
2023-06-05,28.82,1.18,68.55,2.56
2023-06-06,29.02,1.66,64.35,3.16
2023-06-07,27.7,1.7,72.4,2.41
2023-06-08,28.86,0.07,65.51,2.84
2023-06-09,28.69,8.41,67.09,2.44
2023-06-10,29.67,0.6,58.6,4.06
2023-06-11,30.23,0.0,56.94,3.12
2023-06-12,29.19,7.59,65.92,3.18
2023-06-13,30.07,0.67,62.35,3.1
2023-06-14,28.7,0.82,67.35,2.84
2023-06-15,30.37,0.01,60.27,2.11
2023-06-16,30.91,0.06,58.14,2.55
2023-06-17,27.57,0.2,70.57,2.53
2023-06-18,27.3,4.81,70.42,3.17
2023-06-19,27.54,6.65,71.11,3.12
2023-06-20,27.35,12.6,72.26,2.65
2023-06-21,27.09,10.37,74.07,1.26
2023-06-22,27.53,18.45,72.4,1.4
2023-06-23,27.63,4.74,69.36,2.23
2023-06-24,26.75,0.13,72.18,3.24
2023-06-25,26.43,0.35,77.82,2.18
2023-06-26,27.18,0.23,66.89,2.96
2023-06-27,27.96,0.5,62.38,3.16
2023-06-28,28.21,0.01,58.81,3.3
2023-06-29,28.26,5.23,65.0,3.04
2023-06-30,28.5,0.1,60.13,3.61
2023-07-01,28.0,3.41,65.71,3.0
2023-07-02,25.99,1.67,73.7,2.37
2023-07-03,27.15,3.79,74.15,2.86
2023-07-04,26.43,4.51,75.99,3.26
2023-07-05,26.41,0.94,69.59,4.31
2023-07-06,26.73,0.08,67.34,4.56
2023-07-07,26.75,1.07,68.93,3.04
2023-07-08,27.08,2.69,69.87,2.93
2023-07-09,27.72,2.03,69.0,2.55
2023-07-10,27.6,12.65,71.08,2.14
2023-07-11,26.65,10.13,72.77,2.66
2023-07-12,26.7,13.64,68.17,2.94
2023-07-13,26.63,7.97,69.34,3.31
2023-07-14,27.61,0.1,68.61,3.4
2023-07-15,27.27,0.26,67.59,3.27
2023-07-16,28.11,0.04,68.6,2.89
2023-07-17,28.12,0.01,67.37,3.57
2023-07-18,28.16,0.0,64.54,4.4
2023-07-19,28.08,0.19,63.84,5.17
2023-07-20,28.03,0.01,61.5,5.65
2023-07-21,27.85,0.0,65.61,5.51
2023-07-22,27.8,1.68,65.05,4.91
2023-07-23,27.15,3.03,70.31,3.86
2023-07-24,25.93,6.16,76.66,3.9
2023-07-25,24.75,9.23,79.81,3.75
2023-07-26,26.6,2.04,72.68,4.64
2023-07-27,26.57,0.01,67.51,5.11
2023-07-28,28.02,0.09,63.84,4.55
2023-07-29,28.68,0.02,62.17,4.65
2023-07-30,29.07,0.01,61.11,4.21
2023-07-31,29.37,0.0,61.93,3.74
2023-08-01,29.24,0.0,60.04,4.67
2023-08-02,28.73,0.0,60.07,4.57
2023-08-03,28.95,0.01,61.59,3.96
2023-08-04,29.05,0.31,63.01,3.41
2023-08-05,29.63,0.0,60.72,3.17
2023-08-06,29.37,0.26,62.95,2.64
2023-08-07,29.6,0.51,62.77,2.17
2023-08-08,29.53,0.04,60.27,1.92
2023-08-09,29.12,7.26,63.9,1.76
2023-08-10,26.83,11.69,77.17,1.44
2023-08-11,27.44,5.37,72.53,1.36
2023-08-12,28.15,2.77,70.65,1.95
2023-08-13,28.3,1.6,66.95,1.93
2023-08-14,28.17,1.39,68.73,1.37
2023-08-15,28.05,0.87,66.46,1.55
2023-08-16,29.17,0.63,64.72,1.54
2023-08-17,28.88,1.35,66.93,2.11
2023-08-18,29.06,0.12,60.63,3.28
2023-08-19,28.51,1.3,62.16,3.67
2023-08-20,29.31,0.16,62.87,2.64
2023-08-21,29.74,0.23,61.38,1.84
2023-08-22,28.51,1.79,69.18,0.85
2023-08-23,27.34,2.43,72.36,1.83
2023-08-24,28.1,0.79,68.99,1.68
2023-08-25,28.07,0.0,68.18,1.25
2023-08-26,28.0,3.1,69.84,1.43
2023-08-27,27.88,11.82,70.77,1.35
2023-08-28,28.26,0.32,65.8,1.75
2023-08-29,27.37,2.41,70.42,1.48
2023-08-30,27.88,13.49,74.75,1.71
2023-08-31,25.96,21.54,83.7,1.17
2023-09-01,26.91,17.94,80.24,1.97
2023-09-02,26.11,12.08,81.15,2.04
2023-09-03,26.2,6.09,78.31,1.89
2023-09-04,25.68,0.73,73.96,3.48
2023-09-05,26.18,7.13,75.1,3.23
2023-09-06,26.05,3.13,78.22,2.72
2023-09-07,26.15,5.36,72.94,3.18
2023-09-08,26.14,0.46,71.92,3.17
2023-09-09,26.35,1.99,74.49,2.77
2023-09-10,26.28,0.32,75.2,2.62
2023-09-11,26.72,1.6,73.61,2.96
2023-09-12,25.91,3.94,77.24,2.95
2023-09-13,27.43,2.31,70.79,2.66
2023-09-14,27.48,1.27,70.3,2.9
2023-09-15,26.77,0.27,69.06,3.12
2023-09-16,26.8,15.08,75.46,2.53
2023-09-17,27.08,15.75,77.34,2.0
2023-09-18,26.87,10.84,77.15,1.97
2023-09-19,26.56,6.4,80.02,1.8
2023-09-20,26.07,14.72,80.77,1.42
2023-09-21,24.78,25.93,86.07,1.53
2023-09-22,26.21,0.73,80.71,1.4
2023-09-23,26.54,1.72,82.69,1.57
2023-09-24,25.53,18.25,86.21,2.13
2023-09-25,25.29,5.47,84.55,2.01
2023-09-26,25.58,8.15,83.84,1.44
2023-09-27,26.31,5.07,78.94,1.52
2023-09-28,25.43,3.03,81.28,2.46
2023-09-29,25.46,0.89,82.91,2.36
2023-09-30,25.52,4.81,76.63,2.57
2023-10-01,25.65,0.86,78.86,2.85
2023-10-02,25.62,0.73,79.38,2.94
2023-10-03,26.54,0.01,71.94,2.24
2023-10-04,26.76,0.69,74.17,1.67
2023-10-05,27.05,1.17,75.98,1.04
2023-10-06,27.13,0.82,77.08,1.17
2023-10-07,26.88,4.23,78.91,1.17
2023-10-08,26.81,0.72,80.81,1.05
2023-10-09,26.46,7.24,83.62,0.97
2023-10-10,26.82,9.77,81.76,0.82
2023-10-11,25.49,6.7,87.61,1.16
2023-10-12,25.34,0.28,82.67,1.49
2023-10-13,24.12,0.63,78.29,1.35
2023-10-14,25.14,1.6,82.22,1.22
2023-10-15,25.64,2.85,80.01,0.93
2023-10-16,25.26,17.08,87.28,1.43
2023-10-17,25.19,0.67,84.59,1.63
2023-10-18,24.69,0.21,83.13,1.58
2023-10-19,24.77,0.0,79.77,1.66
2023-10-20,25.06,0.01,80.93,1.6
2023-10-21,25.13,0.43,81.89,1.67
2023-10-22,25.89,0.03,78.6,1.87
2023-10-23,25.94,0.0,65.43,1.42
2023-10-24,24.8,0.0,65.85,1.05
2023-10-25,25.73,0.0,73.99,1.04
2023-10-26,25.5,0.0,74.18,1.44
2023-10-27,25.52,0.0,77.56,1.85
2023-10-28,25.95,0.28,76.57,1.78
2023-10-29,25.06,3.33,83.76,1.76
2023-10-30,23.86,7.39,87.18,1.41
2023-10-31,24.11,2.33,84.7,1.66
2023-11-01,25.49,1.32,82.61,2.42
2023-11-02,26.07,0.75,80.19,1.72
2023-11-03,24.52,4.56,87.9,1.68
2023-11-04,24.7,14.13,86.92,1.86
2023-11-05,24.5,4.08,85.87,1.51
2023-11-06,25.35,8.66,83.06,0.86
2023-11-07,24.77,14.58,88.06,1.66
2023-11-08,24.7,2.82,87.29,1.46
2023-11-09,24.03,4.8,85.15,1.17
2023-11-10,24.1,2.43,87.74,1.77
2023-11-11,23.67,0.06,82.21,2.16
2023-11-12,23.38,0.0,81.29,2.4
2023-11-13,24.01,1.25,82.92,2.61
2023-11-14,23.03,13.55,85.84,2.85
2023-11-15,23.51,1.07,85.75,2.52
2023-11-16,24.86,0.01,78.41,1.8
2023-11-17,24.88,0.09,80.69,1.75
2023-11-18,24.84,0.11,81.86,2.43
2023-11-19,24.52,0.01,83.7,2.45
2023-11-20,24.4,0.47,82.79,2.84
2023-11-21,25.36,1.99,83.44,1.97
2023-11-22,24.69,9.02,88.27,2.19
2023-11-23,24.72,3.09,85.42,1.33
2023-11-24,24.65,5.66,87.57,1.8
2023-11-25,24.52,7.52,87.8,2.34
2023-11-26,24.02,3.18,87.56,2.75
2023-11-27,24.51,3.81,85.95,2.27
2023-11-28,24.69,2.39,86.42,2.38
2023-11-29,24.33,6.74,86.72,2.19
2023-11-30,24.01,3.85,86.69,2.13
2023-12-01,24.11,0.52,85.51,2.3
2023-12-02,24.11,11.18,85.76,3.35
2023-12-03,24.22,10.79,89.43,3.37
2023-12-04,24.37,10.76,81.99,3.7
2023-12-05,25.49,0.43,75.92,2.34
2023-12-06,25.73,0.23,78.72,1.19
2023-12-07,25.88,1.06,83.63,1.25
2023-12-08,25.39,0.25,82.75,2.38
2023-12-09,24.36,0.41,83.63,2.65
2023-12-10,23.64,0.04,81.92,2.22
2023-12-11,23.18,0.02,80.82,2.14
2023-12-12,22.63,0.07,80.69,2.17
2023-12-13,21.93,0.0,78.96,2.43
2023-12-14,21.75,0.0,79.84,2.59
2023-12-15,23.03,1.11,85.12,3.04
2023-12-16,23.97,1.5,86.97,3.14
2023-12-17,23.09,0.4,86.29,3.19
2023-12-18,22.98,0.04,83.51,3.2
2023-12-19,22.42,0.0,81.76,2.93
2023-12-20,22.53,0.04,82.11,2.81
2023-12-21,22.95,0.02,83.01,2.49
2023-12-22,22.82,0.0,80.33,2.02
2023-12-23,19.89,0.0,82.71,1.7
2023-12-24,21.99,0.0,82.8,2.52
2023-12-25,23.47,0.16,81.71,3.1
2023-12-26,22.01,0.01,80.82,2.43
2023-12-27,22.01,0.0,78.82,2.64
2023-12-28,22.98,0.08,82.75,2.9
2023-12-29,23.44,0.12,81.45,2.94
2023-12-30,22.46,0.01,79.82,2.53
2023-12-31,22.0,0.0,78.1,2.18
2024-01-01,22.24,0.0,76.04,1.98
2024-01-02,22.05,0.0,77.27,2.23
2024-01-03,22.73,0.06,79.2,2.35
2024-01-04,22.84,0.11,80.66,2.14
2024-01-05,23.77,0.04,76.34,2.43
2024-01-06,23.44,0.57,75.58,2.79
2024-01-07,22.59,12.83,84.89,3.73
2024-01-08,23.14,7.52,85.31,3.72
2024-01-09,22.72,0.69,83.12,3.14
2024-01-10,22.18,0.04,81.47,2.47
2024-01-11,22.16,0.0,78.72,2.47
2024-01-12,23.0,0.0,80.36,2.64
2024-01-13,23.14,0.0,80.85,2.28
2024-01-14,22.94,0.0,76.36,2.14
2024-01-15,22.82,0.0,75.91,1.88
2024-01-16,22.41,0.0,75.46,1.66
2024-01-17,22.65,0.0,73.92,1.47
2024-01-18,23.09,0.0,72.68,1.43
2024-01-19,23.84,0.0,74.25,2.02
2024-01-20,24.08,0.0,75.22,2.4
2024-01-21,23.8,0.0,72.13,1.99
2024-01-22,24.02,0.0,71.75,1.94
2024-01-23,23.77,0.0,73.69,1.93
2024-01-24,24.27,0.0,70.97,1.93
2024-01-25,24.18,0.0,70.43,2.05
2024-01-26,23.41,0.0,72.68,2.32
2024-01-27,23.76,0.03,73.61,2.85
2024-01-28,23.76,0.0,72.42,2.93
2024-01-29,23.08,0.0,65.9,2.72
2024-01-30,23.42,0.0,66.01,2.0
2024-01-31,25.01,0.0,68.74,1.92
2024-02-01,26.2,0.0,69.85,1.67
2024-02-02,26.45,0.02,70.65,2.03
2024-02-03,26.24,0.0,68.33,2.47
2024-02-04,24.72,0.0,68.21,2.25
2024-02-05,24.56,0.0,67.66,2.32
2024-02-06,24.58,0.0,68.22,2.24
2024-02-07,24.76,0.0,64.13,2.14
2024-02-08,25.4,0.0,62.36,2.1
2024-02-09,25.21,0.0,67.03,2.08
2024-02-10,25.31,0.0,69.76,2.69
2024-02-11,24.77,0.0,69.41,2.75
2024-02-12,23.99,0.0,65.75,2.71
2024-02-13,24.65,0.0,71.22,2.71
2024-02-14,25.1,0.0,67.89,2.86
2024-02-15,24.1,0.0,67.11,2.76
2024-02-16,24.38,0.0,66.43,2.87
2024-02-17,24.78,0.0,60.88,2.76
2024-02-18,24.9,0.0,60.73,2.22
2024-02-19,25.88,0.0,63.18,2.18
2024-02-20,26.73,0.0,60.82,1.99
2024-02-21,27.54,0.0,57.51,1.97
2024-02-22,28.47,0.0,57.69,2.4
2024-02-23,29.06,0.0,60.7,2.38
2024-02-24,28.15,0.0,64.11,2.71
2024-02-25,27.17,0.0,63.32,2.95
2024-02-26,26.71,0.0,63.42,3.57
2024-02-27,26.89,0.0,62.39,3.4
2024-02-28,26.41,0.0,57.34,2.61
2024-02-29,25.96,0.0,55.23,2.4
2024-03-01,26.14,0.0,58.19,2.46
2024-03-02,27.03,0.0,47.67,2.1
2024-03-03,27.06,0.0,54.75,1.99
2024-03-04,27.27,0.0,55.98,2.25
2024-03-05,27.61,0.0,52.47,2.18
2024-03-06,28.03,0.0,46.32,2.13
2024-03-07,27.92,0.0,45.29,2.08
2024-03-08,28.17,0.0,46.12,2.53
2024-03-09,28.77,0.0,52.29,2.4
2024-03-10,28.52,0.0,55.49,2.48
2024-03-11,28.47,0.0,56.52,2.49
2024-03-12,28.9,0.0,53.84,2.13
2024-03-13,29.28,0.0,47.04,2.27
2024-03-14,29.85,0.0,43.0,2.1
2024-03-15,29.65,0.0,45.88,2.6
2024-03-16,28.53,0.0,55.09,2.73
2024-03-17,28.44,0.0,54.35,2.67
2024-03-18,28.2,0.0,50.82,2.17
2024-03-19,28.56,0.0,49.92,2.44
2024-03-20,28.16,0.0,57.16,2.64
2024-03-21,28.7,0.0,60.24,3.12
2024-03-22,29.46,0.0,57.24,2.71
2024-03-23,29.38,0.0,51.53,2.41
2024-03-24,29.0,0.0,52.3,2.6
2024-03-25,28.58,0.0,52.52,2.6
2024-03-26,28.42,0.0,46.32,2.5
2024-03-27,28.16,0.0,43.37,2.29
2024-03-28,29.31,0.0,43.48,1.95
2024-03-29,29.66,0.0,47.11,2.42
2024-03-30,29.57,0.0,46.47,2.29
2024-03-31,29.25,0.0,51.83,2.0
2024-04-01,30.65,0.0,54.39,1.84
2024-04-02,31.0,0.0,48.93,2.13
2024-04-03,30.22,0.17,51.63,2.36
2024-04-04,30.64,0.0,50.89,2.39
2024-04-05,31.04,0.0,41.74,2.16
2024-04-06,31.39,0.0,38.01,2.2
2024-04-07,31.26,0.0,39.36,2.48
2024-04-08,30.5,0.0,52.24,3.06
2024-04-09,30.16,0.0,54.63,3.02
2024-04-10,30.03,0.0,56.06,2.7
2024-04-11,30.59,0.0,54.32,2.67
2024-04-12,30.49,0.01,55.92,3.31
2024-04-13,30.06,0.0,53.54,2.6
2024-04-14,30.2,0.0,52.22,2.68
2024-04-15,30.34,0.0,53.4,2.68
2024-04-16,30.97,0.0,50.37,2.31
2024-04-17,32.26,0.0,46.35,2.49
2024-04-18,33.55,0.0,44.63,2.59
2024-04-19,33.46,0.0,44.68,2.69
2024-04-20,32.97,0.0,47.29,2.63
2024-04-21,32.07,0.0,51.95,2.49
2024-04-22,31.93,0.0,49.94,2.33
2024-04-23,31.47,0.0,47.27,2.61
2024-04-24,31.88,0.0,45.58,2.71
2024-04-25,32.48,0.0,42.36,2.53
2024-04-26,31.98,0.0,42.77,2.58
2024-04-27,31.75,0.0,44.94,2.47
2024-04-28,32.34,0.0,43.45,2.24
2024-04-29,32.17,0.0,44.68,2.09
2024-04-30,32.15,0.0,46.38,2.24
2024-05-01,34.52,0.0,45.51,2.55
2024-05-02,34.75,0.19,43.09,2.06
2024-05-03,34.19,0.77,45.87,2.46
2024-05-04,33.23,5.93,51.51,2.13
2024-05-05,34.05,0.15,46.95,2.92
2024-05-06,33.99,6.89,48.65,2.31
2024-05-07,31.2,5.65,61.42,2.09
2024-05-08,28.91,8.69,73.59,1.34
2024-05-09,29.63,1.18,66.35,1.78
2024-05-10,30.04,0.11,63.3,1.85
2024-05-11,29.5,3.8,67.8,1.63
2024-05-12,29.2,6.39,69.87,1.74
2024-05-13,29.13,5.58,68.74,1.94
2024-05-14,29.04,0.71,67.06,1.7
2024-05-15,29.6,1.54,64.54,2.18
2024-05-16,27.05,5.21,73.24,1.12
2024-05-17,28.9,3.61,64.64,1.56
2024-05-18,28.65,7.73,70.41,1.73
2024-05-19,28.08,3.4,72.53,1.59
2024-05-20,27.43,8.25,75.04,1.83
2024-05-21,27.57,14.7,77.41,1.55
2024-05-22,29.24,6.1,69.17,1.82
2024-05-23,29.47,0.18,69.14,1.28
2024-05-24,30.07,0.15,64.96,1.19
2024-05-25,27.81,0.31,68.83,4.47
2024-05-26,29.69,0.0,62.22,4.38
2024-05-27,30.08,0.0,62.29,4.31
2024-05-28,30.73,0.0,58.7,4.24
2024-05-29,30.52,0.01,58.52,4.35
2024-05-30,30.56,5.64,64.22,3.0
2024-05-31,31.22,1.79,64.07,2.57
2024-06-01,30.16,4.55,70.11,2.45
2024-06-02,27.2,21.08,75.73,1.49
2024-06-03,28.44,1.14,70.53,1.31
2024-06-04,28.75,8.72,72.88,1.37
2024-06-05,27.62,14.36,81.9,1.31
2024-06-06,27.15,9.66,79.81,1.25
2024-06-07,26.56,17.07,79.35,1.6
2024-06-08,27.74,1.23,73.86,2.91
2024-06-09,27.26,0.18,72.62,3.3
2024-06-10,27.11,1.91,69.56,4.39
2024-06-11,26.94,1.3,63.35,4.46
2024-06-12,26.3,0.48,70.19,3.99
2024-06-13,27.55,1.41,61.5,4.2
2024-06-14,26.24,0.69,63.55,3.72
2024-06-15,28.02,0.0,65.68,3.04
2024-06-16,28.47,3.53,65.64,2.85
2024-06-17,27.99,3.69,61.32,2.72
2024-06-18,27.99,12.57,69.23,2.69
2024-06-19,26.61,18.14,72.83,3.21
2024-06-20,27.2,1.65,70.93,3.8
2024-06-21,26.14,3.24,73.23,3.87
2024-06-22,27.23,1.95,69.27,3.65
2024-06-23,26.77,2.66,73.77,3.5
2024-06-24,26.64,0.2,72.32,4.06
2024-06-25,26.16,1.06,67.53,4.87
2024-06-26,26.15,0.33,66.62,4.53
2024-06-27,25.3,0.0,67.99,4.22
2024-06-28,26.45,0.0,63.33,3.54
2024-06-29,27.46,0.87,66.03,3.41
2024-06-30,27.37,0.85,68.81,2.69
2024-07-01,26.03,1.43,73.11,3.34
2024-07-02,28.37,0.4,59.53,3.86
2024-07-03,27.9,2.09,66.4,3.44
2024-07-04,28.39,2.56,67.58,3.35
2024-07-05,26.9,7.47,71.16,3.15
2024-07-06,26.0,0.47,74.46,3.42
2024-07-07,27.33,1.09,69.72,3.17
2024-07-08,27.06,2.67,71.25,3.34
2024-07-09,26.93,0.27,72.64,2.98
2024-07-10,26.03,3.65,77.02,2.4
2024-07-11,27.5,0.31,68.75,2.72
2024-07-12,27.06,18.74,70.09,3.03
2024-07-13,27.02,0.76,66.91,4.84
2024-07-14,26.65,1.58,69.55,4.84
2024-07-15,26.41,2.88,74.72,5.03
2024-07-16,26.51,0.83,75.32,5.11
2024-07-17,26.24,1.65,73.2,4.94
2024-07-18,26.11,4.63,72.82,5.97
2024-07-19,26.29,2.78,73.75,5.73
2024-07-20,27.2,2.49,70.24,5.11
2024-07-21,27.46,1.47,69.96,5.12
2024-07-22,27.6,0.45,65.68,5.26
2024-07-23,27.3,0.64,64.67,5.04
2024-07-24,27.01,0.24,67.19,4.82
2024-07-25,27.56,1.03,64.21,5.87
2024-07-26,27.44,0.74,65.02,5.7
2024-07-27,27.96,0.02,63.14,5.75
2024-07-28,27.62,0.0,64.04,5.25
2024-07-29,28.11,0.3,67.43,4.27
2024-07-30,26.96,0.73,72.18,3.51
2024-07-31,27.75,4.73,71.3,3.27
2024-08-01,28.12,1.92,69.38,3.53
2024-08-02,27.46,0.99,67.33,4.01
2024-08-03,27.26,1.25,69.02,3.38
2024-08-04,26.09,8.42,75.61,2.9
2024-08-05,27.56,12.78,70.96,1.69
2024-08-06,25.97,26.78,82.05,2.17
2024-08-07,25.78,5.69,82.27,1.6
2024-08-08,26.96,9.93,76.88,1.8
2024-08-09,27.4,14.68,75.68,1.56
2024-08-10,26.87,20.47,80.79,1.18
2024-08-11,27.19,32.92,80.75,0.99
2024-08-12,26.92,36.23,85.1,1.18
2024-08-13,27.23,9.31,83.22,1.14
2024-08-14,26.87,0.58,83.84,1.24
2024-08-15,26.64,4.51,82.51,1.2
2024-08-16,26.79,3.76,84.39,1.53
2024-08-17,26.7,3.25,87.67,1.28
2024-08-18,26.67,6.13,85.29,1.06
2024-08-19,26.73,2.27,84.65,1.17
2024-08-20,26.43,12.67,83.88,1.35
2024-08-21,26.05,2.14,83.49,3.44
2024-08-22,25.6,0.0,83.4,2.26
2024-08-23,26.42,0.0,78.81,2.19
2024-08-24,26.19,0.32,78.26,2.97
2024-08-25,26.14,0.3,79.06,3.02
2024-08-26,26.33,0.04,77.06,3.46
2024-08-27,25.79,2.76,80.96,2.56
2024-08-28,25.53,0.24,78.86,2.91
2024-08-29,25.4,8.31,81.94,2.96
2024-08-30,25.33,6.73,85.15,3.07
2024-08-31,24.97,5.19,80.24,3.42
2024-09-01,25.89,1.71,74.8,3.92
2024-09-02,25.76,1.95,77.44,3.07
2024-09-03,26.24,2.58,78.97,2.43
2024-09-04,26.08,0.7,80.66,2.82
2024-09-05,26.23,1.79,80.81,2.9
2024-09-06,26.22,1.37,80.37,2.75
2024-09-07,25.91,0.29,79.45,3.03
2024-09-08,26.2,0.11,77.44,3.23
2024-09-09,26.2,1.27,77.76,3.17
2024-09-10,26.65,0.15,76.18,3.51
2024-09-11,26.66,0.07,73.95,3.01
2024-09-12,26.5,0.01,74.85,2.82
2024-09-13,27.55,0.0,69.49,2.48
2024-09-14,27.47,0.0,68.35,2.54
2024-09-15,27.7,0.0,66.31,3.02
2024-09-16,27.51,0.0,66.72,3.15
2024-09-17,28.1,0.01,65.94,2.88
2024-09-18,27.86,0.71,64.15,2.04
2024-09-19,27.75,0.09,65.49,1.57
2024-09-20,27.2,0.95,70.99,1.33
2024-09-21,27.77,1.42,70.82,1.78
2024-09-22,28.1,6.41,69.29,2.38
2024-09-23,27.26,0.6,74.5,2.07
2024-09-24,27.02,5.78,77.61,2.18
2024-09-25,27.5,1.04,74.22,2.15
2024-09-26,26.96,0.3,72.57,2.03
2024-09-27,27.28,0.46,68.51,1.18
2024-09-28,26.93,6.88,76.73,1.26
2024-09-29,26.64,3.31,76.88,1.61
2024-09-30,26.66,0.01,76.2,1.27
2024-10-01,27.78,0.13,72.17,1.48
2024-10-02,27.94,12.96,73.8,1.66
2024-10-03,27.23,8.0,79.36,1.46
2024-10-04,26.04,22.88,84.88,0.94
2024-10-05,25.68,14.04,85.17,1.45
2024-10-06,24.82,13.05,80.57,1.16
2024-10-07,24.71,2.59,79.34,1.42
2024-10-08,25.36,10.58,84.82,1.36
2024-10-09,25.57,5.11,85.26,1.32
2024-10-10,25.32,4.8,86.76,1.25
2024-10-11,25.25,4.25,86.71,1.69
2024-10-12,24.96,5.88,90.12,1.6
2024-10-13,24.59,7.64,91.63,1.45
2024-10-14,24.71,12.69,88.54,1.99
2024-10-15,23.9,24.25,92.61,1.62
2024-10-16,23.74,11.69,94.44,1.18
2024-10-17,25.72,1.29,88.28,1.06
2024-10-18,25.23,17.18,80.16,1.16
2024-10-19,25.07,14.11,83.66,0.72
2024-10-20,25.21,6.26,87.66,0.95
2024-10-21,25.39,8.28,87.41,1.16
2024-10-22,25.31,5.57,87.69,1.17
2024-10-23,25.85,14.57,84.37,0.73
2024-10-24,25.23,6.41,86.39,0.85
2024-10-25,25.52,4.76,79.34,1.25
2024-10-26,25.43,0.29,74.69,1.62
2024-10-27,25.61,0.01,75.0,1.41
2024-10-28,25.83,0.01,78.56,1.04
2024-10-29,26.09,0.19,79.73,1.02
2024-10-30,25.76,2.0,84.58,1.31
2024-10-31,25.55,3.3,86.63,1.16
2024-11-01,25.07,1.66,87.58,1.23
2024-11-02,24.76,4.44,87.47,1.67
2024-11-03,24.12,1.72,87.09,1.63
2024-11-04,24.36,0.45,85.27,1.67
2024-11-05,23.59,2.05,84.96,1.58
2024-11-06,24.08,0.34,84.13,2.1
2024-11-07,24.93,0.86,88.01,2.3
2024-11-08,24.55,0.03,86.59,2.28
2024-11-09,23.8,0.02,85.76,2.23
2024-11-10,23.42,0.09,83.84,2.09
2024-11-11,23.75,0.09,81.99,2.13
2024-11-12,23.93,3.09,85.05,2.18
2024-11-13,24.0,7.97,92.12,2.52
2024-11-14,24.38,9.52,90.36,1.66
2024-11-15,24.01,10.64,91.94,1.7
2024-11-16,24.01,11.36,92.18,2.02
2024-11-17,24.01,1.59,87.63,2.35
2024-11-18,23.61,0.08,87.05,2.3
2024-11-19,23.17,0.09,86.93,2.38
2024-11-20,22.32,0.08,86.37,2.18
2024-11-21,22.28,0.07,84.41,1.83
2024-11-22,22.42,0.0,84.87,2.09
2024-11-23,22.78,0.12,85.41,1.92
2024-11-24,23.17,0.07,86.03,1.94
2024-11-25,22.27,0.04,85.11,2.33
2024-11-26,22.28,9.46,92.27,2.61
2024-11-27,22.68,0.36,85.99,3.71
2024-11-28,22.89,0.71,78.84,3.91
2024-11-29,24.13,1.47,85.87,3.91
2024-11-30,24.37,60.22,87.77,5.66
2024-12-01,24.1,36.21,92.47,5.59
2024-12-02,24.64,64.35,92.96,3.19
2024-12-03,24.93,7.48,90.35,2.62
2024-12-04,24.38,4.31,90.3,1.75
2024-12-05,24.24,0.58,88.21,1.23
2024-12-06,24.15,0.32,86.88,1.19
2024-12-07,23.88,0.19,88.25,1.4
2024-12-08,23.29,0.05,87.57,1.19
2024-12-09,23.83,0.0,86.22,1.17
2024-12-10,23.69,0.05,87.41,1.93
2024-12-11,23.18,2.45,90.46,2.65
2024-12-12,23.24,40.97,95.14,2.75
2024-12-13,22.91,2.82,89.76,2.91
2024-12-14,21.84,0.34,87.33,2.49
2024-12-15,20.48,0.0,86.52,2.29
2024-12-16,19.78,0.0,84.39,2.24
2024-12-17,21.38,0.23,84.12,2.21
2024-12-18,22.79,1.01,87.5,2.26
2024-12-19,23.85,0.49,88.78,1.73
2024-12-20,24.81,0.13,84.37,1.32
2024-12-21,25.0,0.96,85.58,1.22
2024-12-22,23.55,1.31,87.93,1.83
2024-12-23,22.73,0.0,84.87,1.58
2024-12-24,22.81,0.14,85.55,2.04
2024-12-25,23.17,0.79,87.12,1.96
2024-12-26,23.62,7.44,89.37,2.69
2024-12-27,23.03,6.33,89.34,2.91
2024-12-28,22.32,0.31,87.28,2.19
2024-12-29,22.3,0.61,87.3,2.38
2024-12-30,22.44,0.8,87.8,2.93
2024-12-31,22.25,0.0,86.88,2.73
2025-01-01,21.42,0.0,86.65,2.3
2025-01-02,21.14,0.0,86.35,2.01
2025-01-03,20.35,0.0,86.07,2.09
2025-01-04,19.97,0.0,83.81,1.63
2025-01-05,19.97,0.0,82.43,1.5
2025-01-06,20.04,0.0,80.33,1.48
2025-01-07,20.57,0.0,82.19,1.5
2025-01-08,20.0,0.0,80.23,2.02
2025-01-09,20.16,0.0,85.0,2.27
2025-01-10,21.29,0.04,85.7,2.46
2025-01-11,21.75,0.0,83.71,2.63
2025-01-12,22.26,0.14,84.99,2.4
2025-01-13,23.36,2.3,86.66,3.06
2025-01-14,22.66,0.28,83.39,2.73
2025-01-15,21.79,0.0,83.07,2.93
2025-01-16,21.87,0.0,82.49,2.66
2025-01-17,21.2,0.0,83.49,2.62
2025-01-18,21.64,2.38,83.96,3.15
2025-01-19,22.39,6.57,88.28,3.16
2025-01-20,21.87,0.04,79.87,2.27
2025-01-21,20.93,0.0,79.79,2.02
2025-01-22,21.58,0.0,81.07,2.1
2025-01-23,21.67,0.0,80.82,1.91
2025-01-24,20.94,0.0,80.57,1.96
2025-01-25,20.46,0.0,79.27,2.04
2025-01-26,20.37,0.0,77.56,2.15
2025-01-27,21.51,0.0,76.26,1.77
2025-01-28,21.32,0.0,75.48,1.65
2025-01-29,20.95,0.0,74.89,2.0
2025-01-30,22.38,0.0,75.19,1.46
2025-01-31,24.55,0.03,79.27,1.68
2025-02-01,24.48,0.06,75.8,1.73
2025-02-02,23.88,0.04,71.23,1.45
2025-02-03,22.33,0.0,67.17,1.59
2025-02-04,22.84,0.0,62.23,1.8
2025-02-05,23.21,0.0,63.96,1.81
2025-02-06,22.45,0.0,73.79,1.82
2025-02-07,22.8,0.0,68.83,1.75
2025-02-08,23.22,0.0,70.72,1.88
2025-02-09,23.09,0.0,73.7,2.02
2025-02-10,23.11,0.0,74.88,1.81
2025-02-11,22.79,0.0,70.12,1.47
2025-02-12,23.32,0.0,66.88,1.62
2025-02-13,23.24,0.0,61.89,1.75
2025-02-14,23.73,0.0,61.82,1.65
2025-02-15,24.26,0.0,65.32,1.77
2025-02-16,24.25,0.0,67.13,1.86
2025-02-17,24.57,0.0,69.24,1.89
2025-02-18,24.6,0.0,65.41,1.75
2025-02-19,24.95,0.0,65.03,1.83
2025-02-20,25.02,0.0,66.77,1.91
2025-02-21,25.19,0.0,67.72,2.04
2025-02-22,25.75,0.0,63.07,1.95
2025-02-23,25.75,0.0,58.72,2.22
2025-02-24,25.0,0.0,62.32,2.36
2025-02-25,25.15,0.0,66.19,2.78
2025-02-26,25.35,0.0,65.42,3.27
2025-02-27,24.85,0.0,64.31,2.87
2025-02-28,25.28,0.12,59.21,2.76
2025-03-01,26.26,0.85,68.86,2.99
2025-03-02,26.91,0.01,64.51,2.09
2025-03-03,27.28,0.0,57.66,1.88
2025-03-04,27.48,0.0,52.18,2.35
2025-03-05,27.87,0.0,44.88,1.76
2025-03-06,28.37,0.0,45.9,2.03
2025-03-07,27.02,0.0,45.4,1.78
2025-03-08,26.84,0.0,54.51,1.89
2025-03-09,25.95,0.0,57.45,2.36
2025-03-10,25.79,0.01,62.53,2.73
2025-03-11,25.91,5.43,74.43,3.74
2025-03-12,27.24,1.21,71.83,2.36
2025-03-13,28.09,0.03,61.27,1.75
2025-03-14,27.65,0.0,58.76,2.04
2025-03-15,27.08,0.0,58.39,2.05
2025-03-16,28.06,0.0,61.31,2.1
2025-03-17,28.94,0.03,62.77,2.14
2025-03-18,28.38,0.01,64.82,2.41
2025-03-19,28.8,0.04,62.36,3.02
2025-03-20,28.54,0.03,61.07,2.92
2025-03-21,28.76,0.0,62.74,2.9
2025-03-22,28.74,0.69,64.76,2.8
2025-03-23,28.57,0.79,65.13,2.7
2025-03-24,28.69,0.01,59.27,2.42
2025-03-25,28.53,0.14,53.67,2.02
2025-03-26,28.86,0.01,51.3,2.16
2025-03-27,29.77,0.0,47.34,1.79
2025-03-28,29.91,0.0,43.81,2.09
2025-03-29,29.63,0.0,38.94,2.27
2025-03-30,29.23,0.0,40.94,2.34
2025-03-31,28.19,0.0,54.94,2.38
2025-04-01,27.33,0.0,58.75,2.29
2025-04-02,28.29,0.03,57.06,2.51
2025-04-03,28.78,5.68,58.04,2.36
2025-04-04,29.43,0.26,50.55,2.36
2025-04-05,28.74,7.1,61.63,1.59
2025-04-06,29.62,0.27,59.56,1.97
2025-04-07,29.55,0.13,58.35,2.16
2025-04-08,29.54,0.0,55.16,2.17
2025-04-09,29.76,0.0,51.63,2.46
2025-04-10,30.46,1.05,52.07,1.16
2025-04-11,30.61,5.02,50.77,1.87
2025-04-12,30.1,6.74,59.65,1.53
2025-04-13,29.99,2.59,59.05,1.56
2025-04-14,29.04,2.21,62.24,1.64
2025-04-15,28.74,1.54,60.82,1.86
2025-04-16,28.67,5.68,67.23,1.4
2025-04-17,29.49,0.39,64.26,1.42
2025-04-18,29.82,0.02,63.43,1.65
2025-04-19,31.18,0.0,55.91,1.76
2025-04-20,30.87,0.06,56.08,1.95
2025-04-21,28.96,0.01,58.74,1.47
2025-04-22,30.47,0.0,50.9,2.07
2025-04-23,30.97,0.0,46.45,2.02
2025-04-24,30.66,0.0,49.83,1.93
2025-04-25,31.12,0.0,57.95,2.35
2025-04-26,29.7,0.0,62.16,2.31
2025-04-27,30.04,0.0,62.33,2.71
2025-04-28,29.72,0.01,60.26,2.5
2025-04-29,31.2,0.0,54.01,2.25
2025-04-30,31.6,0.02,51.82,2.42
2025-05-01,31.89,2.4,50.93,1.82
2025-05-02,31.81,3.34,51.1,1.68
2025-05-03,31.57,0.74,54.88,1.11
2025-05-04,31.2,1.54,51.55,1.36
2025-05-05,29.02,2.93,65.67,2.02
2025-05-06,29.81,1.22,60.36,1.74
2025-05-07,28.81,4.77,66.02,1.74
2025-05-08,28.56,7.42,65.41,1.29
2025-05-09,29.06,4.29,63.83,1.72
2025-05-10,29.4,0.77,65.59,1.2
2025-05-11,29.94,0.15,61.25,1.3
2025-05-12,30.73,1.83,58.83,1.36
2025-05-13,30.78,7.56,58.6,1.14
2025-05-14,29.59,3.79,64.51,1.08
2025-05-15,28.9,4.83,69.1,1.41
2025-05-16,27.8,18.97,72.95,1.65
2025-05-17,28.87,15.96,67.27,1.68
2025-05-18,26.86,35.34,81.62,1.13
2025-05-19,27.44,8.94,77.32,1.78
2025-05-20,26.95,28.83,82.86,1.49
2025-05-21,26.74,2.26,79.47,2.73
2025-05-22,26.99,0.0,74.08,2.67
2025-05-23,27.76,1.19,73.76,2.52
2025-05-24,27.35,0.51,75.19,3.77
2025-05-25,26.72,4.02,78.86,3.82
2025-05-26,26.17,1.74,74.28,4.96
2025-05-27,27.83,0.67,68.13,4.6
2025-05-28,27.77,0.44,69.3,4.45
2025-05-29,27.13,0.41,69.58,4.52
2025-05-30,26.03,3.52,75.51,3.63
2025-05-31,27.45,0.0,66.62,3.27
2025-06-01,27.88,0.01,63.65,3.6
2025-06-02,28.46,0.05,61.17,3.53
2025-06-03,28.03,1.17,63.92,3.59
2025-06-04,28.27,0.67,62.36,2.73
2025-06-05,28.99,0.02,57.68,2.2
2025-06-06,29.7,0.32,53.44,1.13
2025-06-07,29.63,0.26,64.33,1.59
2025-06-08,28.82,6.94,67.64,2.2
2025-06-09,27.66,5.04,72.51,2.53
2025-06-10,27.68,6.77,74.63,2.67
2025-06-11,27.27,6.94,78.41,2.39
2025-06-12,26.84,2.88,77.03,2.74
2025-06-13,27.26,6.82,76.51,3.18
2025-06-14,26.65,4.72,80.48,3.06
2025-06-15,25.84,0.01,73.07,4.58
2025-06-16,26.33,0.0,67.17,5.07
2025-06-17,26.77,0.39,68.28,3.56
2025-06-18,27.58,1.09,69.47,3.04
2025-06-19,28.11,0.16,69.12,3.37
2025-06-20,28.56,1.18,66.4,3.18
2025-06-21,28.27,0.07,66.85,3.51
2025-06-22,27.79,2.04,68.13,3.77
2025-06-23,27.62,0.09,63.63,4.86
2025-06-24,26.44,0.0,61.47,4.47
2025-06-25,26.56,0.38,68.55,3.43
2025-06-26,27.32,0.03,64.35,3.37
2025-06-27,27.33,0.1,65.18,3.19
2025-06-28,27.61,1.46,68.26,2.9
2025-06-29,28.63,0.02,64.02,3.82
2025-06-30,27.53,0.12,66.31,3.85
2025-07-01,27.39,0.02,67.51,2.94
2025-07-02,27.54,0.44,64.8,3.71
2025-07-03,26.98,2.25,64.96,4.0
2025-07-04,27.89,0.01,62.13,4.56
2025-07-05,28.67,0.01,59.9,4.58
2025-07-06,28.54,0.05,62.74,4.52
2025-07-07,28.43,0.0,63.52,4.24
2025-07-08,29.03,0.23,60.89,3.99
2025-07-09,28.87,0.01,61.28,3.74
2025-07-10,29.05,0.71,61.6,3.32
2025-07-11,29.22,0.68,61.93,3.23
2025-07-12,28.87,0.44,63.32,3.65
2025-07-13,28.11,3.23,65.32,3.65
2025-07-14,27.78,0.76,67.11,3.66
2025-07-15,27.9,0.08,65.82,3.14
2025-07-16,28.24,10.47,68.42,2.47
2025-07-17,27.35,11.58,73.64,2.75
2025-07-18,26.88,3.27,74.59,1.63
2025-07-19,26.48,7.45,73.11,2.67
2025-07-20,26.26,5.08,72.69,3.41
2025-07-21,25.62,3.99,68.49,4.15
2025-07-22,27.03,0.54,60.7,4.39
2025-07-23,26.94,0.45,68.4,4.01
2025-07-24,27.3,0.33,65.45,4.33
2025-07-25,27.32,0.24,62.11,5.1
2025-07-26,26.87,0.26,63.96,5.17
2025-07-27,27.3,0.0,62.15,4.55
2025-07-28,28.02,0.0,60.34,4.29
2025-07-29,28.22,0.05,60.91,4.33
2025-07-30,28.7,0.02,60.29,3.81
2025-07-31,29.15,1.15,62.53,2.74
2025-08-01,29.32,1.6,62.98,1.93
2025-08-02,28.32,3.66,68.5,2.07
2025-08-03,27.26,10.95,75.93,1.5
2025-08-04,26.12,11.94,79.22,1.07
2025-08-05,26.78,17.01,78.41,1.1
2025-08-06,27.08,7.34,76.93,2.08
2025-08-07,26.75,3.31,77.44,1.82
2025-08-08,25.4,17.59,85.44,1.26
2025-08-09,25.49,2.94,81.07,1.42
2025-08-10,25.16,23.8,82.58,1.3
2025-08-11,25.29,1.06,78.62,2.36
2025-08-12,25.61,1.67,74.89,2.66
2025-08-13,25.1,2.16,74.48,2.86
2025-08-14,26.0,0.74,72.83,3.25
2025-08-15,25.9,5.38,73.2,3.42
2025-08-16,25.47,2.74,77.96,3.13
2025-08-17,25.37,8.99,80.4,3.05
2025-08-18,25.24,1.2,77.48,3.7
2025-08-19,26.01,0.28,70.69,4.39
2025-08-20,26.44,0.03,70.45,2.76
2025-08-21,26.78,2.24,72.38,1.7
2025-08-22,26.32,13.55,79.19,1.28
2025-08-23,26.03,13.57,79.84,1.56
2025-08-24,27.54,0.22,70.12,1.88
2025-08-25,26.69,0.0,70.46,2.03
2025-08-26,27.39,0.01,69.91,1.91
2025-08-27,26.86,3.37,74.83,2.38
2025-08-28,26.97,0.54,73.4,2.75
2025-08-29,26.24,3.1,69.95,2.97
2025-08-30,27.19,0.95,71.82,2.55
2025-08-31,27.15,7.44,74.83,2.18
2025-09-01,26.62,3.95,76.76,2.76
2025-09-02,26.67,2.97,74.96,3.08
2025-09-03,26.72,3.35,75.93,2.6
2025-09-04,27.13,0.17,74.02,2.25
2025-09-05,27.13,0.06,72.07,1.91
2025-09-06,28.0,7.26,70.69,1.67
2025-09-07,27.44,3.05,73.83,1.54
2025-09-08,27.42,4.4,71.45,1.55
2025-09-09,27.26,2.0,74.31,1.08
2025-09-10,26.86,14.5,79.62,1.4
2025-09-11,25.89,3.02,78.82,1.41
2025-09-12,26.44,4.87,75.77,0.95
2025-09-13,25.65,0.55,82.1,1.14
2025-09-14,26.89,0.07,72.34,1.68
2025-09-15,26.79,4.16,73.82,1.59
2025-09-16,26.35,13.55,80.37,0.99
2025-09-17,24.67,12.34,90.57,1.02
2025-09-18,25.65,24.28,85.28,1.39
2025-09-19,24.9,52.08,86.2,1.72
2025-09-20,24.28,2.83,87.34,2.22
2025-09-21,25.89,3.18,80.91,1.87
2025-09-22,25.19,2.62,83.97,1.98
2025-09-23,25.29,0.24,82.04,2.24
2025-09-24,25.58,0.82,78.35,2.67
2025-09-25,25.73,6.34,79.29,2.49
2025-09-26,25.46,0.13,78.23,2.9
2025-09-27,24.82,1.51,78.89,3.23
2025-09-28,25.84,0.77,78.79,2.66
2025-09-29,26.38,0.04,75.18,2.73
2025-09-30,25.93,0.01,75.08,2.42
2025-10-01,26.98,0.33,72.86,2.0
2025-10-02,27.29,1.18,73.69,1.53
2025-10-03,25.74,25.48,82.86,1.08
2025-10-04,25.83,8.66,80.51,1.39
2025-10-05,26.19,13.07,78.37,1.0
2025-10-06,25.56,1.5,81.23,0.73
2025-10-07,25.7,0.56,80.92,0.83
2025-10-08,25.98,1.01,79.8,0.92
2025-10-09,25.54,5.17,82.91,0.95
2025-10-10,25.12,6.64,84.55,1.09
2025-10-11,25.34,7.31,83.71,0.89
2025-10-12,25.52,5.04,85.88,1.45
2025-10-13,25.3,6.96,85.94,1.48
2025-10-14,24.87,1.84,86.99,1.84
2025-10-15,24.48,4.86,88.1,1.84
2025-10-16,24.7,7.33,89.55,2.25
2025-10-17,24.4,4.39,91.33,2.02
2025-10-18,24.08,6.57,89.62,1.57
2025-10-19,24.09,1.78,88.6,1.65
2025-10-20,23.86,3.44,90.99,1.65
2025-10-21,23.83,22.45,91.49,2.12
2025-10-22,24.08,28.42,91.71,3.12
2025-10-23,25.23,4.48,85.61,0.9
2025-10-24,24.24,1.86,87.75,0.77
2025-10-25,24.85,2.38,81.58,0.91
2025-10-26,24.83,1.78,85.83,0.89
2025-10-27,23.87,3.1,90.56,1.37
2025-10-28,24.43,2.77,82.02,3.15
2025-10-29,24.58,0.08,81.47,2.44
2025-10-30,25.38,0.0,79.78,1.55
2025-10-31,25.68,0.0,76.98,1.08
2025-11-01,25.3,0.0,78.8,0.81
2025-11-02,25.26,0.0,80.87,1.13
2025-11-03,25.94,0.0,77.82,1.54
2025-11-04,25.38,0.18,75.81,1.55
2025-11-05,25.42,5.18,82.72,0.91
2025-11-06,24.39,20.69,85.18,1.27
2025-11-07,23.76,3.68,83.56,1.48
2025-11-08,23.0,0.03,80.34,1.86
2025-11-09,21.54,0.0,78.26,1.76
2025-11-10,22.75,0.0,81.78,1.47
2025-11-11,23.45,0.01,83.42,1.72
2025-11-12,23.66,0.0,85.32,2.03
2025-11-13,24.23,0.12,85.7,2.28
2025-11-14,22.67,0.05,82.5,2.66
2025-11-15,21.49,0.18,82.43,2.35
2025-11-16,22.32,2.37,85.5,2.9
2025-11-17,21.83,1.3,81.56,3.1
2025-11-18,21.07,9.65,90.51,2.43
2025-11-19,22.91,1.21,85.48,2.26
2025-11-20,22.41,0.06,81.15,2.3
2025-11-21,23.78,3.31,87.84,2.29
2025-11-22,23.64,5.82,90.46,2.37
2025-11-23,23.34,3.7,92.18,2.21
2025-11-24,23.11,1.88,89.42,2.5
2025-11-25,22.44,0.15,85.32,2.56
2025-11-26,21.89,0.0,83.64,2.94
2025-11-27,21.96,0.0,82.08,3.05
2025-11-28,21.23,0.09,82.57,3.09
2025-11-29,21.61,7.41,88.16,3.55
2025-11-30,22.44,6.13,89.25,4.57
2025-12-01,23.68,2.25,80.75,3.46
2025-12-02,22.7,4.32,84.91,3.29
2025-12-03,24.09,2.08,90.37,3.07
2025-12-04,24.24,1.55,85.36,2.12
2025-12-05,23.42,1.23,85.78,3.26
2025-12-06,23.0,0.25,83.95,2.86
2025-12-07,22.09,0.0,85.2,2.32
2025-12-08,21.09,0.0,81.28,2.44
2025-12-09,21.78,0.03,84.08,2.86
2025-12-10,21.38,0.0,79.11,2.8
2025-12-11,20.99,0.0,81.81,2.63
2025-12-12,20.57,0.0,80.54,2.44
2025-12-13,19.17,0.0,76.57,2.03
2025-12-14,19.24,0.0,78.58,1.97
2025-12-15,19.71,0.0,79.53,2.12
2025-12-16,22.31,1.57,86.04,3.35
2025-12-17,22.62,0.18,82.78,2.94
2025-12-18,20.5,0.0,81.39,2.33
2025-12-19,19.84,0.0,79.22,1.91
2025-12-20,19.25,0.0,78.27,1.65
2025-12-21,19.83,0.0,80.2,1.8
2025-12-22,20.33,0.0,79.67,2.12
2025-12-23,20.69,0.0,76.03,1.87
2025-12-24,20.37,0.0,75.68,1.84
2025-12-25,20.84,0.0,76.77,2.06
2025-12-26,21.32,0.0,76.01,2.23
2025-12-27,20.9,0.0,73.95,2.08
2025-12-28,21.08,0.0,76.43,1.99
2025-12-29,21.4,0.0,77.16,2.23
2025-12-30,22.35,0.0,76.03,1.72
2025-12-31,23.95,0.09,79.42,1.7
