Date,T2M,PRECTOTCORR,RH2M,WS2M
20050101,23.99,0.0,77.75,2.69
20050102,24.25,0.15,79.9,2.73
20050103,24.31,0.08,78.55,2.81
20050104,24.46,0.09,79.03,3.53
20050105,24.17,0.02,76.87,3.43
20050106,24.25,0.1,75.58,3.71
20050107,24.9,0.07,75.82,3.93
20050108,24.38,0.0,76.51,3.6
20050109,23.82,0.0,76.82,3.4
20050110,23.45,0.0,74.48,2.23
20050111,23.39,0.0,72.01,1.37
20050112,23.92,0.0,75.59,2.1
20050113,24.1,0.0,77.1,3.1
20050114,24.17,0.07,76.46,3.36
20050115,23.73,0.0,72.27,3.12
20050116,24.33,0.05,72.13,2.75
20050117,24.88,0.12,73.26,2.53
20050118,25.44,0.01,76.48,2.46
20050119,25.65,0.0,79.98,3.01
20050120,25.49,0.01,78.86,4.01
20050121,25.94,0.7,77.18,4.38
20050122,25.84,0.42,76.68,3.9
20050123,25.77,0.07,77.37,3.02
20050124,25.82,0.01,79.37,2.44
20050125,25.78,0.0,78.74,2.43
20050126,25.62,0.0,77.56,2.36
20050127,25.32,0.0,79.26,2.62
20050128,25.29,0.03,77.56,2.35
20050129,25.48,0.01,75.06,2.93
20050130,25.93,0.11,73.36,3.12
20050131,26.14,0.44,75.06,3.43
20050201,25.68,2.42,80.33,3.13
20050202,25.87,0.92,79.09,3.7
20050203,26.05,3.25,77.69,4.0
20050204,25.94,0.62,75.3,3.7
20050205,25.77,0.03,71.15,2.95
20050206,25.4,0.0,69.63,3.13
20050207,24.87,0.0,72.53,3.15
20050208,25.19,0.0,74.31,3.7
20050209,25.84,0.0,71.0,4.11
20050210,26.01,0.0,72.06,3.87
20050211,25.77,0.0,74.46,3.47
20050212,25.44,0.0,70.99,3.35
20050213,25.38,0.0,67.03,2.45
20050214,25.51,0.0,59.08,1.63
20050215,26.13,0.0,64.3,2.18
20050216,26.56,0.0,71.45,3.43
20050217,26.48,0.0,73.59,3.43
20050218,26.41,0.0,73.45,3.29
20050219,26.13,0.0,75.75,2.59
20050220,25.83,0.0,75.86,2.79
20050221,26.01,0.0,75.41,2.77
20050222,26.99,0.12,74.46,3.11
20050223,27.66,0.05,73.76,2.93
20050224,27.74,0.0,70.67,2.92
20050225,27.46,0.0,65.89,2.57
20050226,27.74,0.0,61.25,2.22
20050227,27.19,0.0,61.2,2.42
20050228,27.32,0.0,65.01,2.46
20050301,27.24,0.0,71.0,2.98
20050302,27.25,0.0,70.42,2.67
20050303,27.18,0.0,72.83,2.88
20050304,27.47,0.0,74.6,3.06
20050305,28.18,0.4,74.12,3.23
20050306,27.85,0.05,72.28,3.0
20050307,28.02,0.04,73.03,3.12
20050308,27.98,0.49,69.96,2.9
20050309,27.89,0.8,75.5,2.78
20050310,28.26,0.19,70.7,2.29
20050311,28.1,0.66,72.7,2.49
20050312,28.91,0.22,71.11,3.45
20050313,28.54,0.74,73.28,3.3
20050314,28.48,0.13,65.89,2.76
20050315,28.34,0.0,64.36,2.78
20050316,28.35,0.0,61.94,2.66
20050317,27.73,0.0,66.37,3.14
20050318,27.75,0.0,62.53,2.54
20050319,28.16,0.0,64.85,2.43
20050320,29.05,0.0,65.53,2.59
20050321,28.96,0.0,67.65,2.61
20050322,28.89,0.0,68.43,3.27
20050323,29.34,0.0,68.57,4.42
20050324,30.27,0.73,68.92,4.7
20050325,30.17,0.3,70.37,4.13
20050326,30.56,0.04,67.27,3.54
20050327,29.9,0.3,69.73,3.28
20050328,30.01,0.0,65.77,3.48
20050329,30.55,0.0,64.43,3.93
20050330,30.64,0.02,69.75,3.9
20050331,30.49,0.38,68.95,4.08
20050401,30.24,0.05,68.41,3.47
20050402,30.1,2.45,70.72,3.26
20050403,28.38,24.73,80.74,3.04
20050404,27.58,38.57,84.24,4.35
20050405,26.86,55.67,89.83,3.63
20050406,26.19,21.61,90.03,2.19
20050407,27.02,5.94,87.37,1.61
20050408,27.5,2.34,84.4,2.96
20050409,27.96,1.64,83.11,2.94
20050410,28.16,0.67,85.12,3.25
20050411,27.95,0.51,87.38,2.59
20050412,27.86,0.18,88.83,2.61
20050413,28.19,0.03,83.81,2.44
20050414,27.97,0.02,81.75,2.3
20050415,28.48,0.01,78.22,2.53
20050416,28.68,0.02,77.09,2.66
20050417,28.53,0.02,74.25,2.67
20050418,28.62,0.27,78.18,3.11
20050419,28.95,1.02,77.22,2.82
20050420,28.45,1.88,79.9,2.41
20050421,28.6,0.2,73.9,2.32
20050422,28.72,0.13,74.43,2.49
20050423,29.13,0.28,76.19,3.34
20050424,29.39,0.16,74.75,3.08
20050425,29.54,0.19,75.18,2.48
20050426,29.53,0.65,75.23,2.39
20050427,30.08,0.06,72.96,2.63
20050428,30.71,0.26,73.9,2.81
20050429,31.14,0.39,72.84,3.28
20050430,30.62,0.71,74.56,3.87
20050501,29.95,15.59,77.98,3.55
20050502,29.28,10.06,80.75,2.9
20050503,29.67,7.01,77.2,3.2
20050504,28.8,17.1,82.01,2.9
20050505,29.04,3.28,77.57,2.29
20050506,30.13,1.22,75.64,2.7
20050507,30.54,0.34,74.36,3.13
20050508,30.41,0.23,76.02,3.06
20050509,30.45,0.44,71.45,3.52
20050510,31.04,0.11,69.05,4.03
20050511,31.06,0.3,72.35,3.44
20050512,30.59,0.03,75.83,3.82
20050513,31.01,0.03,73.57,4.57
20050514,30.89,0.02,73.4,5.15
20050515,31.59,0.05,67.72,4.96
20050516,30.94,0.01,69.33,4.35
20050517,31.06,0.0,67.96,4.03
20050518,30.79,0.01,70.83,4.07
20050519,30.23,0.0,71.74,3.93
20050520,30.3,0.02,74.27,4.11
20050521,30.66,0.11,73.09,4.04
20050522,30.71,0.21,75.67,3.32
20050523,30.4,0.31,78.03,3.55
20050524,31.09,0.21,72.82,4.69
20050525,30.36,0.19,77.3,3.61
20050526,30.56,0.88,76.36,3.29
20050527,29.97,1.44,76.12,2.65
20050528,29.81,0.68,74.49,3.24
20050529,30.59,0.9,70.19,2.73
20050530,29.87,0.55,73.63,3.22
20050531,30.09,1.27,75.42,3.59
20050601,31.31,0.29,68.92,3.9
20050602,31.42,0.42,69.3,3.64
20050603,30.56,0.44,72.67,3.45
20050604,30.69,0.36,76.13,3.37
20050605,30.46,0.57,74.21,4.21
20050606,30.16,0.34,73.54,4.63
20050607,30.29,0.53,72.91,4.06
20050608,31.28,1.37,69.76,4.06
20050609,28.54,1.48,79.75,4.27
20050610,28.58,0.58,73.38,4.97
20050611,30.73,0.24,65.2,4.89
20050612,31.5,0.1,64.28,3.57
20050613,31.83,0.14,63.89,3.99
20050614,30.92,0.14,66.66,2.76
20050615,31.06,0.08,66.05,3.23
20050616,31.14,0.04,63.48,3.37
20050617,32.26,0.03,58.54,4.5
20050618,31.92,0.01,57.83,4.85
20050619,31.56,0.05,58.75,4.09
20050620,30.04,1.31,67.11,4.6
20050621,29.55,1.4,65.45,4.32
20050622,30.34,1.3,62.34,3.82
20050623,30.14,0.29,60.57,4.05
20050624,30.07,1.69,64.16,3.28
20050625,30.94,0.82,63.7,3.41
20050626,30.87,0.28,61.91,3.33
20050627,30.93,0.18,60.15,3.91
20050628,31.0,0.07,59.21,3.96
20050629,31.41,0.01,57.49,4.06
20050630,31.16,0.08,60.33,3.4
20050701,31.15,0.3,61.61,3.66
20050702,30.87,0.56,62.7,3.64
20050703,30.98,0.17,62.79,4.42
20050704,31.48,0.39,60.22,4.67
20050705,31.19,0.97,59.97,5.1
20050706,31.16,0.26,57.75,4.48
20050707,31.14,0.45,59.13,3.72
20050708,31.19,0.47,59.68,2.91
20050709,31.74,0.83,55.05,5.15
20050710,30.88,2.24,57.24,3.58
20050711,30.32,0.27,62.21,3.42
20050712,30.73,0.23,63.1,3.22
20050713,30.17,0.57,70.35,2.62
20050714,29.32,1.96,72.31,2.01
20050715,28.39,1.28,77.95,2.18
20050716,28.38,1.36,77.49,2.2
20050717,28.95,0.59,74.85,2.56
20050718,30.22,0.12,70.25,2.43
20050719,30.47,0.39,70.08,2.83
20050720,30.23,11.15,71.36,2.57
20050721,30.04,3.98,71.32,3.03
20050722,29.73,5.55,68.96,3.97
20050723,28.93,18.86,72.5,4.67
20050724,28.91,3.03,71.46,5.67
20050725,29.98,1.37,66.44,5.79
20050726,30.08,0.43,63.71,6.24
20050727,30.23,0.7,64.36,5.42
20050728,30.44,1.56,63.01,5.22
20050729,30.14,0.52,62.59,5.97
20050730,30.28,0.27,62.61,5.64
20050731,30.59,0.14,62.61,5.38
20050801,30.21,0.07,64.0,5.53
20050802,29.7,0.03,64.4,5.09
20050803,30.32,0.01,59.7,4.19
20050804,30.3,0.33,60.64,3.19
20050805,30.13,0.49,62.06,4.42
20050806,31.35,0.03,57.42,3.94
20050807,31.58,0.06,57.59,3.54
20050808,31.03,0.27,58.97,3.4
20050809,31.13,0.52,60.17,2.54
20050810,30.72,3.09,62.86,3.52
20050811,30.77,1.74,62.9,3.72
20050812,30.28,3.65,65.56,3.05
20050813,30.1,0.87,67.09,3.34
20050814,29.89,10.35,70.84,2.97
20050815,28.86,10.46,76.01,2.78
20050816,29.11,2.26,69.32,4.33
20050817,30.3,0.6,63.54,3.15
20050818,30.1,0.3,64.3,3.29
20050819,30.0,2.59,68.65,2.84
20050820,29.93,0.44,67.54,2.42
20050821,30.25,0.03,64.67,3.12
20050822,30.06,0.82,68.32,2.89
20050823,29.35,2.5,72.93,3.38
20050824,29.18,12.38,73.7,2.55
20050825,29.11,14.22,74.51,2.36
20050826,29.04,5.19,75.67,2.47
20050827,28.6,3.05,78.27,2.2
20050828,29.32,1.44,74.58,2.65
20050829,29.39,0.67,75.68,2.81
20050830,30.22,1.11,72.12,2.22
20050831,29.68,3.13,76.13,2.62
20050901,29.69,1.43,74.41,1.36
20050902,29.27,1.36,78.57,1.71
20050903,28.55,1.76,81.73,2.33
20050904,28.13,9.29,84.01,1.81
20050905,28.43,2.49,81.77,2.36
20050906,28.26,8.51,79.66,1.89
20050907,28.39,13.58,78.15,1.2
20050908,28.39,14.03,79.37,2.18
20050909,28.71,16.68,82.66,2.61
20050910,28.03,7.35,81.71,4.1
20050911,28.16,5.42,78.6,3.79
20050912,28.13,2.02,78.21,4.28
20050913,28.67,0.4,76.63,4.06
20050914,28.61,0.32,78.26,4.07
20050915,28.16,2.69,77.43,4.12
20050916,28.79,0.91,78.55,2.8
20050917,29.46,0.31,72.19,2.37
20050918,29.56,0.05,69.09,3.78
20050919,29.05,0.15,66.98,5.43
20050920,28.97,0.2,69.23,5.44
20050921,29.59,0.01,71.17,4.45
20050922,29.85,0.07,69.78,3.85
20050923,29.59,0.62,72.66,3.42
20050924,29.58,7.64,73.47,3.0
20050925,29.31,3.89,75.87,2.43
20050926,29.09,0.74,76.48,1.6
20050927,27.95,2.7,80.7,1.44
20050928,28.25,16.48,78.99,2.02
20050929,28.05,10.98,80.87,2.26
20050930,27.74,2.11,80.64,1.49
20051001,28.3,7.84,76.86,1.98
20051002,27.71,4.37,80.23,2.03
20051003,27.7,4.25,76.59,1.83
20051004,28.2,3.86,78.09,1.85
20051005,28.6,0.39,77.08,1.84
20051006,28.39,4.09,78.64,1.68
20051007,28.34,0.88,76.08,2.03
20051008,28.37,4.52,74.61,1.85
20051009,28.06,1.45,76.86,2.94
20051010,26.86,14.77,84.37,3.44
20051011,26.78,32.85,87.75,4.46
20051012,26.72,43.69,89.05,3.1
20051013,26.48,21.41,91.89,4.05
20051014,27.44,3.64,85.53,4.15
20051015,27.81,1.11,84.95,2.81
20051016,27.6,1.43,85.01,2.01
20051017,27.39,3.42,84.58,1.22
20051018,27.24,13.29,85.41,1.51
20051019,27.1,25.74,85.67,2.37
20051020,27.47,10.28,84.82,2.19
20051021,26.47,11.4,88.87,1.41
20051022,26.78,21.61,85.87,1.43
20051023,26.62,16.57,87.6,1.73
20051024,26.7,18.65,87.12,0.99
20051025,25.95,30.0,88.87,2.6
20051026,25.24,14.24,90.12,4.75
20051027,25.51,124.56,89.06,6.64
20051028,27.04,1.46,84.24,4.24
20051029,27.99,0.96,84.98,2.86
20051030,27.83,1.19,85.88,3.59
20051031,27.42,0.46,88.59,3.19
20051101,27.4,1.84,87.34,2.24
20051102,26.5,6.36,88.48,2.12
20051103,25.95,12.03,86.44,3.25
20051104,25.77,26.56,88.09,3.52
20051105,26.54,42.85,86.37,3.87
20051106,26.21,76.52,90.66,5.03
20051107,25.83,90.67,90.49,5.93
20051108,25.7,26.17,91.14,5.87
20051109,25.62,11.35,91.66,4.26
20051110,24.49,3.69,90.72,2.79
20051111,26.04,10.34,89.81,3.53
20051112,25.39,4.48,84.78,5.08
20051113,24.26,0.06,79.68,4.31
20051114,24.53,0.15,82.15,4.0
20051115,24.34,0.0,78.91,3.81
20051116,23.85,0.0,72.08,3.23
20051117,23.79,0.0,72.44,3.29
20051118,24.18,0.0,73.45,3.55
20051119,24.52,0.1,78.48,4.24
20051120,24.53,4.34,83.75,5.04
20051121,25.08,56.51,91.51,5.51
20051122,26.23,42.35,91.2,5.05
20051123,25.64,64.03,89.32,5.31
20051124,25.44,45.41,88.54,4.32
20051125,25.5,33.84,87.61,3.66
20051126,25.49,8.3,86.2,4.13
20051127,25.35,3.52,83.38,4.5
20051128,24.47,0.23,78.34,4.33
20051129,24.04,0.24,79.7,4.76
20051130,23.79,0.41,84.96,4.95
20051201,24.05,1.54,85.4,4.82
20051202,24.21,59.94,93.22,6.09
20051203,25.16,84.38,92.76,4.5
20051204,25.78,11.03,88.79,3.34
20051205,25.53,3.21,86.32,3.97
20051206,25.15,0.34,82.9,4.2
20051207,24.29,0.0,81.37,5.1
20051208,23.06,0.04,80.63,5.35
20051209,23.7,11.28,87.61,5.94
20051210,24.79,10.73,90.68,5.27
20051211,25.32,8.12,90.69,4.27
20051212,25.25,15.29,91.2,4.53
20051213,25.18,12.67,89.95,4.75
20051214,24.67,0.88,86.74,4.26
20051215,24.08,0.1,81.62,4.52
20051216,23.53,0.26,81.2,5.44
20051217,23.93,19.09,91.22,6.07
20051218,24.8,22.28,92.66,6.13
20051219,24.37,7.96,92.5,5.87
20051220,25.22,4.37,89.98,5.83
20051221,25.4,0.86,88.91,5.13
20051222,25.28,0.56,86.99,4.13
20051223,24.83,0.01,85.99,2.65
20051224,24.99,0.0,82.96,1.92
20051225,24.19,0.02,82.58,2.86
20051226,23.56,0.0,76.49,3.04
20051227,23.46,0.1,76.09,3.11
20051228,23.53,0.58,81.62,3.63
20051229,23.17,0.0,73.42,2.67
20051230,23.62,0.03,74.96,2.92
20051231,23.96,0.18,73.52,3.89
20060101,23.81,0.08,72.61,3.78
20060102,23.72,0.09,76.28,3.75
20060103,23.49,0.03,79.03,3.42
20060104,23.8,0.67,82.74,3.82
20060105,24.24,2.07,85.12,4.32
20060106,24.19,0.03,82.49,4.04
20060107,24.99,1.11,88.11,4.19
20060108,24.84,1.9,91.82,3.58
20060109,25.15,0.38,87.82,3.59
20060110,24.35,0.04,80.26,4.04
20060111,23.89,0.07,77.74,3.9
20060112,24.05,0.11,80.23,3.77
20060113,23.85,0.1,81.09,3.41
20060114,24.06,0.19,82.3,2.94
20060115,24.36,0.19,83.95,3.14
20060116,24.41,0.05,81.43,2.5
20060117,23.85,0.0,80.35,1.97
20060118,23.06,0.0,78.68,2.22
20060119,22.69,0.0,74.3,1.19
20060120,23.13,0.0,71.72,1.14
20060121,23.22,0.0,71.43,1.18
20060122,23.48,0.0,69.76,1.25
20060123,23.29,0.0,72.01,2.1
20060124,23.69,0.0,76.47,1.96
20060125,23.78,0.0,77.7,2.49
20060126,23.74,0.39,78.4,3.32
20060127,24.59,0.48,78.33,4.94
20060128,23.36,0.0,73.35,4.23
20060129,23.02,0.0,70.7,3.22
20060130,23.02,0.0,71.49,2.6
20060131,23.56,0.01,71.62,3.1
20060201,24.09,0.07,72.96,3.49
20060202,24.44,0.03,72.42,3.31
20060203,24.74,0.04,76.48,3.24
20060204,25.11,0.02,83.25,3.76
20060205,24.5,0.0,81.8,3.3
20060206,23.79,0.0,73.15,2.67
20060207,23.48,0.0,71.05,2.67
20060208,23.34,0.0,71.74,3.16
20060209,23.66,0.0,76.76,2.93
20060210,23.81,0.04,79.19,3.43
20060211,24.38,0.0,78.98,3.32
20060212,24.51,0.0,69.02,3.33
20060213,24.17,0.0,64.3,2.58
20060214,23.47,0.0,69.27,1.65
20060215,23.88,0.0,72.37,1.38
20060216,24.5,0.0,75.82,1.81
20060217,25.01,0.0,76.89,1.92
20060218,25.0,0.0,76.04,1.67
20060219,25.14,0.0,74.1,1.57
20060220,25.15,0.0,73.1,1.8
20060221,24.68,0.0,75.8,1.66
20060222,24.67,0.0,71.83,1.77
20060223,25.29,0.0,63.24,1.89
20060224,24.99,0.0,66.27,1.91
20060225,25.17,0.0,63.7,1.84
20060226,24.98,0.0,75.78,1.74
20060227,26.18,0.0,75.66,1.81
20060228,26.78,0.01,82.24,2.43
20060301,27.28,0.0,77.96,2.61
20060302,27.55,6.29,81.3,2.74
20060303,26.99,13.2,86.02,3.48
20060304,27.31,1.05,76.34,2.36
20060305,27.38,3.62,78.98,2.52
20060306,27.12,0.98,77.06,2.47
20060307,27.02,0.04,73.8,2.51
20060308,27.02,0.01,74.98,2.35
20060309,26.9,0.68,77.61,2.2
20060310,27.44,0.82,74.16,2.21
20060311,27.5,2.82,76.39,2.74
20060312,27.51,2.05,75.65,2.62
20060313,27.56,0.12,76.18,2.59
20060314,27.62,0.0,76.08,2.95
20060315,27.99,0.0,72.86,2.88
20060316,28.08,0.0,71.37,2.24
20060317,28.73,0.07,66.72,2.17
20060318,28.57,0.0,67.22,2.66
20060319,28.0,0.63,72.12,3.22
20060320,27.69,0.0,68.62,2.9
20060321,27.65,0.0,63.51,2.36
20060322,27.53,0.0,65.39,2.62
20060323,27.9,0.0,66.56,2.81
20060324,28.54,0.0,64.89,3.13
20060325,28.58,0.0,66.86,2.85
20060326,28.61,0.0,69.5,2.85
20060327,29.08,0.0,67.24,3.13
20060328,28.71,0.0,71.63,3.02
20060329,28.8,0.21,72.27,2.8
20060330,29.14,0.13,70.65,2.6
20060331,29.28,0.0,64.65,2.3
20060401,28.99,0.0,69.88,3.11
20060402,29.02,0.0,69.19,3.52
20060403,29.07,0.0,67.36,3.56
20060404,29.31,0.0,66.22,3.34
20060405,29.6,0.0,70.81,3.7
20060406,30.28,0.01,69.15,3.82
20060407,30.48,0.01,67.58,3.59
20060408,30.23,0.02,71.36,4.17
20060409,29.78,0.01,71.93,4.15
20060410,29.56,0.01,72.42,3.77
20060411,29.72,0.0,71.39,3.39
20060412,30.23,0.02,70.24,3.36
20060413,30.05,0.05,72.28,3.71
20060414,29.17,0.46,75.41,3.4
20060415,28.98,0.66,72.24,2.78
20060416,28.78,1.95,73.46,3.12
20060417,28.58,12.28,76.68,3.23
20060418,29.08,2.75,75.84,2.11
20060419,29.63,0.49,72.55,2.58
20060420,29.74,0.19,67.95,2.12
20060421,29.63,0.0,63.88,1.96
20060422,29.69,0.0,59.23,1.76
20060423,30.33,0.0,60.22,2.23
20060424,30.75,0.02,63.43,2.64
20060425,31.57,0.0,62.79,2.95
20060426,32.1,0.02,61.95,2.94
20060427,32.61,0.15,63.05,3.37
20060428,32.95,0.13,61.17,4.29
20060429,33.38,0.1,56.4,3.98
20060430,33.55,0.08,56.85,3.65
20060501,33.0,0.36,59.8,3.93
20060502,31.3,0.7,69.93,3.55
20060503,29.63,1.79,78.72,2.88
20060504,28.46,0.69,74.04,2.53
20060505,28.75,0.39,76.87,3.82
20060506,30.24,0.16,72.36,3.78
20060507,30.01,0.06,75.73,4.2
20060508,30.06,0.12,75.53,4.23
20060509,29.99,0.32,72.8,4.02
20060510,30.51,0.38,69.25,4.57
20060511,30.92,0.35,70.07,4.43
20060512,31.9,0.52,65.38,4.32
20060513,30.95,0.27,72.1,3.98
20060514,30.8,0.07,73.14,3.72
20060515,31.21,0.06,71.74,3.58
20060516,31.13,1.3,71.72,4.82
20060517,31.54,0.41,66.63,4.11
20060518,31.18,4.7,66.94,3.57
20060519,30.58,0.68,69.14,3.09
20060520,30.38,0.09,59.77,4.69
20060521,31.5,0.24,57.78,4.16
20060522,32.27,0.04,57.2,4.35
20060523,32.85,0.26,56.76,4.52
20060524,32.64,0.46,55.91,3.85
20060525,30.29,9.25,63.64,3.73
20060526,28.91,8.29,74.19,3.01
20060527,29.09,1.03,69.69,5.17
20060528,29.26,0.36,69.17,5.3
20060529,30.22,0.1,68.35,5.49
20060530,29.95,0.22,68.51,5.58
20060531,30.56,0.25,63.25,5.73
20060601,30.6,0.25,62.7,3.76
20060602,30.81,0.44,63.4,3.63
20060603,30.82,6.39,65.76,2.95
20060604,29.65,3.37,70.63,3.46
20060605,29.75,1.09,67.05,3.38
20060606,30.4,0.87,62.72,3.22
20060607,28.99,0.68,69.13,3.84
20060608,29.57,0.23,67.43,3.5
20060609,30.73,0.12,64.89,3.61
20060610,29.41,0.57,69.47,2.93
20060611,30.41,0.01,66.43,3.42
20060612,31.15,1.96,62.88,3.6
20060613,30.43,8.55,70.14,2.6
20060614,29.06,1.72,73.24,2.78
20060615,29.56,1.32,74.38,2.39
20060616,29.73,0.73,74.46,1.99
20060617,29.66,0.44,75.22,1.46
20060618,30.06,0.3,74.13,2.33
20060619,29.89,2.52,76.22,2.83
20060620,29.28,2.37,73.12,3.51
20060621,28.76,2.74,76.25,2.9
20060622,28.8,11.41,77.09,3.16
20060623,29.24,3.89,76.58,3.73
20060624,30.25,0.01,69.1,3.64
20060625,30.09,5.46,69.83,3.99
20060626,29.13,1.91,70.98,3.18
20060627,30.07,2.64,70.71,3.21
20060628,30.15,3.87,68.57,3.12
20060629,30.52,0.43,65.08,4.16
20060630,29.69,0.92,66.85,4.92
20060701,30.83,0.05,61.98,4.91
20060702,30.22,3.88,63.46,5.47
20060703,31.18,0.03,59.54,5.69
20060704,31.67,0.04,57.34,5.97
20060705,31.6,0.0,55.46,5.23
20060706,31.7,0.0,55.79,4.58
20060707,31.71,0.01,56.96,4.19
20060708,32.38,0.02,56.82,3.9
20060709,31.96,0.71,58.38,3.64
20060710,31.51,0.69,58.71,3.85
20060711,31.38,5.51,60.18,3.94
20060712,29.62,19.11,68.55,3.75
20060713,29.63,2.18,66.87,4.48
20060714,29.44,4.93,69.66,4.1
20060715,29.97,3.97,69.27,4.19
20060716,30.32,0.52,65.51,4.28
20060717,30.16,1.93,64.87,4.31
20060718,29.98,13.43,65.72,4.47
20060719,28.92,6.25,71.61,4.39
20060720,29.49,8.24,72.44,3.37
20060721,29.65,0.99,69.87,3.55
20060722,29.61,0.52,69.56,3.15
20060723,30.01,0.77,66.08,2.72
20060724,30.0,1.67,68.14,2.61
20060725,29.05,1.36,72.39,2.13
20060726,28.35,5.16,73.99,3.41
20060727,28.6,4.8,72.12,3.55
20060728,28.35,1.88,66.68,5.02
20060729,29.87,0.03,59.35,3.97
20060730,30.28,0.21,62.28,3.79
20060731,30.07,1.22,64.7,3.2
20060801,29.97,0.21,65.95,3.1
20060802,30.11,0.09,61.56,3.55
20060803,30.02,2.19,62.84,4.39
20060804,30.58,0.05,62.46,4.0
20060805,30.5,0.04,63.61,3.28
20060806,30.33,0.87,64.44,4.03
20060807,29.96,0.38,66.43,3.89
20060808,30.16,1.58,65.93,3.7
20060809,29.91,4.81,64.96,3.25
20060810,29.83,1.73,64.74,3.95
20060811,29.84,1.77,65.82,4.65
20060812,29.78,1.56,65.3,4.6
20060813,30.36,7.15,64.86,4.55
20060814,29.92,2.9,66.04,4.06
20060815,30.27,3.69,63.05,5.04
20060816,29.8,4.75,64.63,5.74
20060817,30.08,0.27,64.69,3.86
20060818,29.95,0.47,66.44,3.03
20060819,29.23,0.5,72.2,2.99
20060820,29.39,1.94,72.27,3.01
20060821,27.62,1.93,84.16,2.9
20060822,28.57,1.29,77.32,3.57
20060823,26.88,1.93,79.5,3.34
20060824,28.04,5.83,74.01,3.23
20060825,28.85,3.93,74.89,3.92
20060826,28.65,20.33,75.91,3.49
20060827,28.75,0.05,69.45,3.3
20060828,29.34,0.58,67.17,3.21
20060829,29.8,0.58,66.01,2.61
20060830,29.68,0.12,66.38,2.97
20060831,29.72,0.19,68.04,3.08
20060901,29.68,7.19,71.72,3.11
20060902,28.7,6.85,78.56,2.27
20060903,28.7,14.54,80.89,2.0
20060904,28.34,5.98,81.72,3.31
20060905,27.68,1.45,80.64,3.97
20060906,28.62,1.96,77.48,3.55
20060907,28.0,1.42,80.53,2.77
20060908,27.91,1.41,76.85,2.9
20060909,28.13,1.02,74.5,3.96
20060910,28.25,0.58,76.61,3.89
20060911,29.06,0.79,74.15,3.75
20060912,29.32,0.4,73.79,3.24
20060913,28.67,3.08,76.26,3.34
20060914,28.12,6.4,77.97,4.58
20060915,27.62,2.12,77.26,4.37
20060916,28.46,2.07,75.7,5.08
20060917,28.28,1.29,75.26,4.48
20060918,28.88,0.84,72.31,4.62
20060919,29.05,4.11,71.22,3.7
20060920,29.22,2.71,72.75,4.1
20060921,29.21,1.06,70.5,4.6
20060922,29.29,0.02,69.92,3.44
20060923,28.84,0.28,71.86,2.94
20060924,27.2,10.94,84.7,2.68
20060925,27.28,7.55,79.43,4.2
20060926,27.67,2.52,76.15,2.89
20060927,27.95,2.38,74.58,2.11
20060928,28.83,1.11,74.41,2.54
20060929,28.87,1.31,72.28,2.28
20060930,29.35,2.06,70.39,2.6
20061001,29.51,1.46,71.38,3.06
20061002,29.27,16.82,74.02,3.05
20061003,28.22,6.85,79.81,2.56
20061004,28.72,4.37,78.8,2.97
20061005,28.96,1.3,76.12,2.92
20061006,28.95,1.07,76.11,2.53
20061007,28.68,1.93,79.32,2.81
20061008,27.06,7.79,84.74,2.21
20061009,27.81,1.12,77.7,2.13
20061010,28.55,0.49,73.77,1.77
20061011,28.65,3.44,73.37,1.95
20061012,28.44,3.18,72.66,1.82
20061013,28.06,0.01,74.37,2.29
20061014,27.78,0.09,74.69,1.94
20061015,27.26,2.44,80.52,2.28
20061016,27.2,2.62,82.78,2.46
20061017,27.63,2.0,79.7,2.56
20061018,27.53,13.61,82.78,3.25
20061019,27.18,9.11,85.22,2.54
20061020,27.09,12.68,84.75,2.34
20061021,27.14,9.16,82.08,2.49
20061022,27.08,3.67,82.54,3.62
20061023,27.15,26.74,83.15,3.83
20061024,26.44,20.56,86.84,3.64
20061025,26.6,63.71,86.94,3.81
20061026,26.6,39.94,84.59,4.24
20061027,26.37,97.39,88.88,4.39
20061028,26.17,59.57,86.76,2.06
20061029,26.32,37.37,88.63,3.57
20061030,26.75,9.62,86.92,3.44
20061031,26.35,4.34,88.11,2.49
20061101,26.44,14.86,84.67,2.0
20061102,26.31,18.07,89.07,3.19
20061103,25.62,19.6,85.73,2.47
20061104,25.97,6.49,86.41,2.41
20061105,26.54,8.54,85.18,2.7
20061106,26.47,13.71,86.62,3.02
20061107,25.31,19.72,89.75,2.98
20061108,25.26,13.11,88.85,3.51
20061109,25.2,5.03,89.8,2.65
20061110,25.69,8.5,88.35,3.36
20061111,25.98,7.78,87.96,3.63
20061112,26.25,12.14,88.09,3.83
20061113,26.06,7.76,86.96,2.93
20061114,25.99,7.41,86.01,3.57
20061115,25.68,9.47,88.08,3.96
20061116,26.21,6.15,85.18,3.79
20061117,26.08,20.38,88.33,4.09
20061118,25.96,27.78,90.04,4.03
20061119,26.03,12.66,88.81,2.97
20061120,26.17,10.41,85.06,3.91
20061121,25.46,1.93,81.62,3.63
20061122,25.32,0.16,78.46,2.92
20061123,25.22,0.28,78.33,2.81
20061124,25.06,0.07,80.54,2.64
20061125,25.88,0.79,84.21,2.98
20061126,26.16,2.03,86.65,3.2
20061127,26.25,1.26,83.59,2.6
20061128,26.15,0.83,82.78,3.1
20061129,25.89,0.47,82.52,3.72
20061130,25.53,0.45,79.16,3.74
20061201,25.16,0.33,76.11,3.8
20061202,25.34,0.13,79.24,3.59
20061203,25.67,0.53,81.28,4.25
20061204,25.48,0.17,77.75,4.09
20061205,24.97,0.01,76.9,4.04
20061206,24.11,0.0,75.59,3.72
20061207,24.53,0.0,75.89,4.1
20061208,24.96,0.05,75.09,3.91
20061209,24.86,2.78,77.37,3.92
20061210,25.48,28.58,87.33,4.26
20061211,26.02,14.57,87.51,3.51
20061212,26.11,2.34,84.46,3.26
20061213,25.6,0.01,81.46,3.76
20061214,25.13,0.01,76.8,4.32
20061215,24.79,0.03,76.57,4.27
20061216,24.67,0.0,74.67,4.43
20061217,24.59,0.09,71.74,3.96
20061218,24.21,0.11,75.16,3.71
20061219,24.22,0.33,78.68,4.1
20061220,24.47,0.89,77.02,4.01
20061221,25.04,1.29,76.76,4.33
20061222,24.79,0.29,75.33,4.46
20061223,24.51,0.29,79.58,4.34
20061224,24.58,0.62,77.98,4.19
20061225,24.7,0.28,74.42,4.11
20061226,24.53,0.25,75.1,3.64
20061227,24.26,0.06,71.77,3.17
20061228,23.98,0.0,71.91,2.82
20061229,23.43,0.0,75.13,2.71
20061230,23.35,0.0,74.32,2.59
20061231,24.0,0.02,72.33,2.66
20070101,24.21,0.0,66.43,2.42
20070102,23.45,0.0,70.83,2.68
20070103,23.47,0.0,71.92,1.96
20070104,23.57,0.0,70.98,1.8
20070105,23.56,0.0,76.54,2.94
20070106,23.68,0.12,75.27,3.56
20070107,24.13,0.11,73.98,3.9
20070108,24.61,0.28,75.84,4.23
20070109,24.95,0.08,78.6,4.48
20070110,24.42,0.03,79.96,4.16
20070111,24.4,0.0,80.92,3.83
20070112,23.86,0.03,77.44,3.54
20070113,23.47,0.0,74.59,3.36
20070114,23.94,0.01,78.81,3.22
20070115,24.49,0.01,80.42,2.97
20070116,24.09,0.0,79.58,2.53
20070117,23.35,0.0,79.29,2.55
20070118,23.52,0.0,81.14,3.25
20070119,24.14,0.0,80.62,2.91
20070120,24.37,0.0,80.58,2.82
20070121,24.26,0.0,76.23,2.78
20070122,23.99,0.0,72.31,1.85
20070123,24.65,0.0,73.64,2.22
20070124,24.56,0.0,79.01,3.02
20070125,24.62,0.01,77.82,3.93
20070126,24.8,0.08,77.23,3.36
20070127,25.58,0.09,79.46,3.81
20070128,25.76,0.09,74.24,3.61
20070129,25.41,0.04,75.67,3.61
20070130,24.95,0.01,73.19,3.0
20070131,24.5,0.0,74.24,2.81
20070201,23.85,0.0,76.34,2.49
20070202,24.47,0.0,76.75,2.8
20070203,24.76,0.0,74.61,2.6
20070204,24.5,0.0,70.58,2.26
20070205,24.4,0.0,69.53,2.16
20070206,24.52,0.0,71.03,2.27
20070207,24.92,0.0,70.1,2.38
20070208,24.81,0.0,69.81,2.59
20070209,24.87,0.02,71.56,3.39
20070210,25.21,0.39,71.77,3.51
20070211,25.81,0.3,76.53,3.33
20070212,26.28,0.04,76.25,2.77
20070213,26.59,1.93,77.77,3.59
20070214,27.21,1.08,77.72,3.22
20070215,27.05,0.61,78.12,2.91
20070216,26.9,0.86,76.24,2.64
20070217,26.5,15.37,81.44,2.79
20070218,26.17,2.64,79.67,3.29
20070219,26.14,0.06,72.76,3.87
20070220,25.62,0.0,70.43,4.19
20070221,25.04,0.0,67.05,3.64
20070222,24.76,0.0,67.37,3.45
20070223,24.48,0.0,68.68,3.1
20070224,25.11,0.02,71.27,3.2
20070225,25.92,0.0,69.28,2.97
20070226,26.18,0.0,73.98,2.43
20070227,26.54,0.0,75.59,2.37
20070228,25.97,0.0,74.75,2.88
20070301,26.69,0.01,74.48,2.68
20070302,27.3,0.01,73.41,3.13
20070303,27.42,0.0,76.14,3.02
20070304,27.19,0.0,73.49,2.9
20070305,26.94,0.0,68.22,2.42
20070306,27.07,0.0,66.73,2.47
20070307,26.99,0.0,72.11,3.27
20070308,27.4,0.0,68.17,3.37
20070309,27.46,0.0,70.88,3.73
20070310,27.4,0.0,69.38,3.31
20070311,27.21,0.0,69.5,3.07
20070312,26.38,0.0,69.51,2.91
20070313,26.76,0.0,71.81,2.76
20070314,27.54,0.0,69.9,2.85
20070315,27.99,0.01,70.27,2.35
20070316,28.31,0.12,71.4,2.47
20070317,28.51,0.01,65.74,2.67
20070318,28.26,0.0,62.67,2.55
20070319,28.01,0.0,67.07,2.93
20070320,28.18,0.0,65.76,2.92
20070321,28.11,0.0,67.92,4.2
20070322,27.98,0.0,67.36,3.58
20070323,27.78,0.0,68.86,3.13
20070324,28.5,0.0,65.77,3.29
20070325,29.3,0.0,63.65,3.64
20070326,29.4,0.0,63.08,3.66
20070327,29.21,0.0,66.49,3.4
20070328,29.01,0.0,66.31,2.88
20070329,28.7,0.0,65.61,2.77
20070330,28.13,0.0,65.12,2.87
20070331,28.74,0.05,67.68,2.98
20070401,29.46,0.05,69.11,2.89
20070402,29.81,0.0,65.31,2.82
20070403,29.32,0.0,66.57,3.19
20070404,29.29,0.0,69.77,3.53
20070405,29.06,0.03,69.99,3.2
20070406,28.68,0.04,71.41,2.95
20070407,29.05,0.08,70.88,2.95
20070408,29.78,0.06,68.6,3.59
20070409,29.37,0.28,71.24,3.54
20070410,29.26,0.39,73.17,3.29
20070411,29.58,0.74,72.22,3.43
20070412,29.5,0.55,70.78,3.13
20070413,29.76,3.62,70.93,2.82
20070414,29.42,1.31,72.19,2.72
20070415,29.28,0.81,71.32,3.26
20070416,29.31,0.48,70.58,3.32
20070417,29.85,0.07,66.38,2.65
20070418,29.58,3.52,68.93,2.71
20070419,29.78,1.16,72.21,3.09
20070420,29.54,0.49,74.08,3.44
20070421,29.44,0.97,75.51,3.31
20070422,29.55,0.24,75.06,3.35
20070423,30.9,0.37,68.69,3.13
20070424,30.96,0.2,67.13,3.72
20070425,30.79,0.03,67.59,3.92
20070426,30.04,0.13,71.77,3.36
20070427,30.01,0.11,72.7,3.7
20070428,30.62,0.12,69.96,3.73
20070429,30.69,0.05,68.38,4.27
20070430,30.76,0.04,67.67,3.87
20070501,30.77,0.12,69.49,3.96
20070502,30.36,5.36,74.03,3.8
20070503,29.47,4.65,79.82,2.5
20070504,29.38,0.9,79.4,2.0
20070505,29.97,0.44,75.29,1.71
20070506,30.37,0.54,76.25,3.1
20070507,31.17,0.2,69.54,2.95
20070508,31.16,0.41,68.23,4.05
20070509,31.91,0.32,63.33,5.03
20070510,33.35,0.04,56.1,3.8
20070511,32.63,0.01,57.81,2.99
20070512,29.99,0.46,67.2,5.89
20070513,32.18,0.06,58.48,4.43
20070514,33.43,2.94,56.69,4.3
20070515,32.32,0.37,59.77,4.14
20070516,33.02,0.06,59.0,4.02
20070517,32.89,0.01,57.93,4.53
20070518,32.62,0.0,59.0,4.57
20070519,32.27,0.01,61.32,3.83
20070520,31.98,0.0,62.71,4.86
20070521,31.66,0.11,61.96,4.5
20070522,31.31,0.29,67.9,3.91
20070523,31.17,0.38,67.86,3.75
20070524,30.06,0.36,68.69,2.43
20070525,29.78,0.55,69.32,4.82
20070526,29.32,1.24,71.92,4.86
20070527,30.99,0.55,66.71,2.97
20070528,31.32,0.29,62.79,3.92
20070529,30.09,0.03,63.36,3.3
20070530,31.75,0.01,58.89,3.36
20070531,31.95,0.0,59.84,3.9
20070601,32.08,0.02,61.36,4.18
20070602,32.06,0.46,62.41,3.08
20070603,31.87,0.77,62.47,2.72
20070604,31.94,0.49,64.99,2.95
20070605,31.95,1.06,65.16,3.1
20070606,31.76,3.18,63.82,2.76
20070607,30.71,2.87,71.92,3.04
20070608,30.96,1.77,65.09,4.21
20070609,30.65,0.6,68.83,4.68
20070610,30.51,0.87,69.3,3.14
20070611,30.71,0.48,67.23,3.22
20070612,31.08,0.1,67.76,3.86
20070613,31.54,0.11,66.03,3.93
20070614,30.43,0.96,69.34,4.01
20070615,29.99,2.58,69.19,2.88
20070616,29.61,6.15,70.94,3.6
20070617,30.14,2.13,68.57,2.98
20070618,28.72,7.62,75.88,3.26
20070619,28.64,2.58,74.02,3.52
20070620,28.66,4.67,71.84,3.48
20070621,28.75,10.12,68.0,3.86
20070622,28.87,3.95,71.79,7.41
20070623,29.53,1.45,70.21,5.37
20070624,30.07,0.98,68.88,3.49
20070625,29.97,1.23,68.41,2.53
20070626,30.65,2.95,63.61,2.82
20070627,29.68,3.32,64.57,5.28
20070628,29.61,4.96,65.74,4.79
20070629,30.04,6.85,61.95,5.73
20070630,30.03,0.19,64.22,5.37
20070701,29.79,0.07,67.29,5.06
20070702,30.75,0.06,64.78,4.57
20070703,30.52,0.02,62.38,4.45
20070704,31.48,0.01,58.48,4.14
20070705,31.29,1.78,56.24,4.6
20070706,30.86,0.12,61.29,4.74
20070707,31.11,0.13,59.59,5.66
20070708,31.57,1.05,56.61,4.49
20070709,31.33,1.72,61.09,2.97
20070710,30.51,2.07,66.37,3.05
20070711,30.41,5.86,70.32,2.88
20070712,30.3,15.79,69.99,3.33
20070713,29.84,6.87,71.06,3.76
20070714,30.36,1.2,68.39,3.66
20070715,30.46,0.49,65.15,3.97
20070716,29.93,2.98,69.62,3.26
20070717,30.4,0.7,67.28,3.92
20070718,29.73,2.3,70.16,2.95
20070719,28.7,3.64,78.0,2.85
20070720,28.57,1.39,75.92,4.06
20070721,28.61,3.16,74.25,2.78
20070722,28.44,2.22,75.96,1.73
20070723,27.59,7.69,80.9,1.78
20070724,27.76,2.41,80.61,2.93
20070725,28.31,2.61,77.54,2.52
20070726,28.51,5.87,76.66,2.7
20070727,28.6,14.65,79.31,3.21
20070728,28.27,14.18,79.26,2.26
20070729,27.84,26.62,80.06,2.42
20070730,27.58,12.47,81.01,2.65
20070731,27.18,11.19,82.11,3.53
20070801,27.26,15.69,82.47,4.42
20070802,27.69,9.17,79.21,4.68
20070803,28.24,1.41,77.65,4.09
20070804,28.61,1.22,76.05,3.87
20070805,27.29,5.51,82.02,4.78
20070806,27.12,0.89,80.49,5.03
20070807,28.78,0.0,72.23,4.61
20070808,29.33,0.23,70.31,4.49
20070809,28.82,1.98,75.07,3.35
20070810,28.92,0.3,74.44,3.77
20070811,29.18,4.12,71.98,3.41
20070812,28.49,3.59,74.87,3.55
20070813,28.88,0.1,70.97,2.87
20070814,29.1,0.1,71.13,2.89
20070815,28.84,0.05,74.23,2.24
20070816,28.81,9.17,76.82,2.3
20070817,27.4,12.44,85.26,2.99
20070818,28.03,12.27,79.32,2.03
20070819,28.47,3.61,76.07,2.15
20070820,28.91,8.96,74.95,2.81
20070821,27.97,9.85,80.69,2.86
20070822,27.53,11.42,78.48,3.04
20070823,28.02,9.77,78.23,2.36
20070824,27.85,2.41,79.75,2.73
20070825,27.68,0.92,83.13,3.22
20070826,28.03,14.68,82.82,3.88
20070827,27.98,5.33,83.28,3.24
20070828,27.78,1.87,83.86,2.8
20070829,27.95,16.06,83.96,2.34
20070830,27.28,9.32,83.99,3.7
20070831,27.45,4.76,81.15,3.27
20070901,27.54,6.76,81.17,3.03
20070902,27.56,2.19,81.7,2.97
20070903,27.95,0.66,79.55,4.04
20070904,28.37,0.18,77.67,3.45
20070905,27.97,21.53,83.41,3.25
20070906,27.59,5.95,82.71,2.88
20070907,28.22,0.73,80.77,2.55
20070908,27.27,0.45,84.52,2.17
20070909,27.04,0.65,85.48,2.57
20070910,27.69,0.27,83.47,2.12
20070911,27.67,0.17,82.46,2.45
20070912,28.03,2.52,83.13,2.68
20070913,28.12,9.5,85.15,2.41
20070914,27.54,6.86,83.36,2.38
20070915,27.78,8.95,81.66,2.69
20070916,27.88,2.67,79.83,2.36
20070917,27.55,13.78,84.45,2.56
20070918,27.52,7.63,83.64,4.03
20070919,27.32,0.35,78.09,4.28
20070920,27.45,1.17,79.97,3.43
20070921,28.1,0.57,77.81,2.92
20070922,28.26,0.34,78.38,3.44
20070923,27.9,0.06,78.61,4.03
20070924,28.2,0.03,77.93,4.38
20070925,28.33,0.34,80.19,3.77
20070926,27.91,3.96,80.4,2.53
20070927,27.33,14.56,86.52,1.91
20070928,27.44,1.66,83.75,2.75
20070929,28.13,8.56,81.37,2.89
20070930,27.79,4.27,80.08,2.87
20071001,26.96,4.58,86.63,2.92
20071002,27.19,0.55,83.85,2.53
20071003,28.27,0.1,77.53,2.35
20071004,28.03,0.12,77.43,2.52
20071005,27.69,0.24,79.56,2.64
20071006,28.29,0.07,76.82,2.32
20071007,28.57,0.06,75.98,2.55
20071008,27.99,0.04,75.27,3.05
20071009,27.76,0.0,68.91,1.63
20071010,28.13,0.13,70.62,1.6
20071011,27.76,0.48,74.33,1.48
20071012,27.67,0.18,77.19,1.66
20071013,28.01,0.32,74.26,2.16
20071014,27.95,0.01,69.08,2.33
20071015,27.7,0.01,72.4,2.12
20071016,27.88,0.18,73.5,1.94
20071017,27.54,2.42,77.19,2.4
20071018,26.86,5.05,81.91,1.74
20071019,26.97,6.04,81.99,1.61
20071020,26.53,7.56,83.8,1.49
20071021,26.22,8.55,85.86,2.3
20071022,26.34,10.74,86.68,3.52
20071023,26.4,24.61,83.62,4.71
20071024,27.29,35.31,84.93,4.38
20071025,27.04,24.4,84.18,3.93
20071026,26.78,23.41,86.72,3.01
20071027,26.91,22.36,86.79,2.51
20071028,26.61,65.06,91.51,5.14
20071029,26.19,42.78,90.21,4.25
20071030,25.86,24.75,85.61,3.42
20071031,25.51,16.74,88.71,2.04
20071101,26.26,14.35,86.5,1.55
20071102,26.43,3.96,85.7,1.93
20071103,26.33,11.58,87.72,2.45
20071104,26.48,15.74,88.88,1.99
20071105,26.87,2.79,77.58,0.96
20071106,26.93,1.37,76.28,1.0
20071107,26.78,0.05,82.51,2.11
20071108,26.15,0.04,81.67,2.55
20071109,26.08,0.07,78.1,3.04
20071110,26.01,0.68,79.31,3.59
20071111,26.01,0.5,79.57,4.27
20071112,26.13,0.06,76.82,4.46
20071113,25.29,0.0,73.54,4.38
20071114,24.38,0.0,72.82,3.8
20071115,24.31,0.0,61.05,2.22
20071116,23.82,0.0,68.98,2.7
20071117,23.72,0.0,68.99,2.81
20071118,24.33,2.45,80.23,3.62
20071119,26.16,16.02,87.13,3.49
20071120,26.14,25.05,88.58,4.71
20071121,26.11,0.39,82.36,4.3
20071122,25.83,0.01,81.24,4.72
20071123,24.62,0.0,78.87,4.26
20071124,23.28,0.0,72.19,3.99
20071125,23.29,0.0,71.68,3.3
20071126,24.54,0.15,81.38,3.9
20071127,25.8,1.27,84.28,3.68
20071128,25.56,0.8,83.75,3.92
20071129,24.93,0.02,78.91,3.36
20071130,24.27,0.04,74.3,3.19
20071201,25.07,0.03,73.7,3.31
20071202,25.24,4.15,79.65,3.65
20071203,25.16,4.77,82.19,3.97
20071204,25.2,2.48,79.33,4.5
20071205,25.44,5.6,81.44,4.94
20071206,25.44,8.77,80.0,4.89
20071207,25.24,2.31,81.09,4.21
20071208,24.83,1.35,80.62,3.79
20071209,24.43,0.33,83.4,3.41
20071210,24.47,0.04,81.31,3.32
20071211,24.2,0.27,81.36,3.43
20071212,24.61,0.26,79.22,4.09
20071213,24.43,19.95,86.02,4.57
20071214,24.71,6.95,86.55,4.74
20071215,25.48,1.18,83.15,4.72
20071216,25.36,0.29,79.94,5.26
20071217,25.16,16.0,82.18,6.35
20071218,24.5,68.12,90.36,7.4
20071219,25.38,54.91,92.91,5.69
20071220,25.44,8.61,90.4,3.43
20071221,25.37,0.53,88.93,3.55
20071222,24.6,0.04,85.62,2.88
20071223,23.54,0.0,80.25,2.36
20071224,22.99,0.0,73.69,1.58
20071225,22.85,0.0,70.14,1.41
20071226,23.4,0.0,76.44,1.73
20071227,23.89,0.0,81.47,2.06
20071228,24.41,0.0,79.25,1.54
20071229,24.5,0.0,78.7,1.69
20071230,24.52,0.0,82.33,2.3
20071231,24.44,0.01,80.77,3.08
20080101,23.94,0.0,76.26,3.61
20080102,23.32,0.21,77.41,4.1
20080103,23.77,6.42,81.76,4.78
20080104,25.12,58.49,89.09,5.24
20080105,24.5,6.45,81.5,4.49
20080106,23.81,0.08,78.1,4.27
20080107,23.72,0.02,77.12,4.46
20080108,23.67,0.01,78.68,4.05
20080109,23.62,0.06,79.82,3.45
20080110,23.62,0.04,81.15,3.06
20080111,23.61,0.03,82.82,3.19
20080112,23.61,0.01,83.22,3.18
20080113,23.43,0.0,84.48,2.75
20080114,23.25,0.0,81.94,2.14
20080115,22.89,0.0,82.87,2.05
20080116,23.06,0.0,84.01,2.92
20080117,22.72,0.0,81.88,2.73
20080118,22.38,0.0,78.18,2.15
20080119,22.54,0.0,72.93,1.93
20080120,23.27,0.0,74.82,1.71
20080121,24.17,0.08,80.16,2.18
20080122,23.92,0.01,83.35,2.15
20080123,24.01,0.0,79.6,2.33
20080124,23.58,0.0,76.83,1.65
20080125,24.55,0.0,82.73,2.08
20080126,25.06,0.0,83.21,1.95
20080127,25.48,0.0,81.92,2.11
20080128,25.07,0.19,85.07,3.43
20080129,24.98,0.06,82.53,2.6
20080130,25.24,0.0,80.27,1.93
20080131,25.77,0.0,81.31,2.19
20080201,25.79,0.01,79.3,1.87
20080202,25.57,0.0,78.85,1.93
20080203,25.31,0.0,82.04,2.72
20080204,25.34,0.11,79.98,2.65
20080205,25.18,0.06,78.97,2.69
20080206,25.12,0.07,80.34,2.43
20080207,25.65,0.0,81.69,2.47
20080208,26.3,1.31,83.89,2.29
20080209,26.39,2.97,86.1,3.35
20080210,26.56,2.29,84.67,3.18
20080211,26.38,0.82,84.0,3.23
20080212,26.29,0.63,80.31,2.99
20080213,25.98,0.07,77.74,2.41
20080214,26.01,0.94,76.92,2.91
20080215,25.79,3.15,80.19,3.23
20080216,25.89,0.24,79.67,3.1
20080217,25.47,0.0,72.92,2.7
20080218,24.58,0.0,71.05,2.41
20080219,24.53,0.0,74.43,2.21
20080220,25.1,0.0,76.12,2.34
20080221,26.01,0.01,75.39,2.13
20080222,25.93,0.0,76.19,2.89
20080223,25.39,0.0,74.7,3.07
20080224,24.91,0.0,70.28,2.88
20080225,24.65,0.0,68.75,1.86
20080226,25.16,0.0,70.68,2.51
20080227,25.55,0.0,74.24,3.06
20080228,25.46,0.0,71.27,3.62
20080229,25.73,0.04,74.1,3.54
20080301,26.6,2.29,76.1,2.89
20080302,26.39,0.15,71.56,2.32
20080303,25.63,0.0,64.67,2.38
20080304,24.93,0.0,65.53,1.93
20080305,25.3,0.0,73.51,2.5
20080306,25.98,0.0,76.69,2.68
20080307,25.62,0.0,70.32,2.4
20080308,25.51,0.0,67.91,2.16
20080309,25.71,0.0,68.14,2.43
20080310,26.35,0.0,74.14,3.06
20080311,25.66,10.18,80.89,2.73
20080312,25.93,12.27,80.78,3.78
20080313,26.29,10.37,83.24,3.0
20080314,26.29,9.48,87.73,2.7
20080315,26.38,2.23,84.48,2.64
20080316,26.94,0.36,77.33,2.24
20080317,27.12,0.42,79.87,2.64
20080318,27.42,0.64,79.67,2.81
20080319,26.98,1.9,83.12,2.54
20080320,26.41,12.62,86.0,2.45
20080321,25.78,39.03,89.14,3.41
20080322,26.77,15.74,87.4,3.1
20080323,27.36,4.8,84.94,3.52
20080324,27.05,15.54,87.95,3.29
20080325,26.98,5.71,86.83,2.43
20080326,27.17,1.37,84.2,1.73
20080327,27.32,0.39,82.14,1.77
20080328,27.62,0.15,80.51,2.15
20080329,27.47,0.23,80.42,2.25
20080330,27.69,0.98,81.18,2.62
20080331,28.14,11.62,81.87,2.92
20080401,27.94,3.86,81.43,2.4
20080402,27.97,0.28,80.55,2.19
20080403,27.98,0.16,79.94,2.3
20080404,27.88,0.12,78.83,2.55
20080405,27.59,0.17,79.74,2.77
20080406,27.75,0.19,76.09,2.92
20080407,27.47,0.33,76.17,2.84
20080408,27.0,0.6,78.77,2.2
20080409,27.48,0.04,75.92,2.14
20080410,27.47,0.09,75.27,1.91
20080411,27.77,0.0,71.65,1.74
20080412,28.28,0.08,74.98,2.22
20080413,28.18,0.14,80.66,2.58
20080414,28.31,0.03,79.04,2.98
20080415,28.62,0.05,76.64,3.19
20080416,28.61,0.08,75.67,3.11
20080417,28.2,0.0,76.96,2.96
20080418,29.29,0.0,73.45,3.4
20080419,29.32,0.11,75.47,3.54
20080420,29.22,0.03,72.39,3.57
20080421,29.47,0.0,74.73,3.41
20080422,29.46,0.04,71.73,3.5
20080423,29.26,0.04,72.73,3.65
20080424,28.69,0.0,74.85,3.07
20080425,28.99,0.54,73.3,2.74
20080426,29.34,0.59,71.26,1.8
20080427,29.59,0.08,72.18,2.6
20080428,30.48,0.15,70.6,3.29
20080429,30.97,0.67,73.0,2.69
20080430,31.76,1.44,66.93,3.04
20080501,31.71,0.46,67.18,4.59
20080502,31.49,0.03,64.72,3.95
20080503,32.18,0.31,62.46,4.77
20080504,31.68,0.02,61.63,4.32
20080505,32.24,0.02,58.75,4.47
20080506,31.9,0.03,57.87,4.56
20080507,31.65,0.42,61.93,4.28
20080508,30.71,0.19,68.91,4.54
20080509,31.62,0.04,62.46,4.42
20080510,31.76,0.08,62.73,4.32
20080511,32.18,0.04,60.52,3.82
20080512,31.43,4.34,61.34,5.44
20080513,31.41,0.74,62.74,4.79
20080514,31.05,2.99,63.78,4.59
20080515,31.36,0.42,62.29,4.34
20080516,31.81,0.09,55.5,4.82
20080517,32.4,0.02,54.63,4.51
20080518,32.77,0.0,55.72,4.36
20080519,32.41,0.02,59.14,3.94
20080520,31.99,0.27,62.3,4.63
20080521,31.74,0.45,62.95,4.12
20080522,31.13,5.19,65.51,3.08
20080523,30.17,0.55,69.43,3.7
20080524,30.11,0.16,70.49,3.82
20080525,30.06,0.13,70.35,3.99
20080526,29.8,0.14,72.56,3.64
20080527,30.11,0.06,72.6,2.61
20080528,30.28,0.14,73.02,4.39
20080529,30.64,0.1,68.23,3.9
20080530,30.64,0.16,64.08,2.89
20080531,30.66,1.08,66.66,3.34
20080601,30.06,0.6,70.33,2.92
20080602,30.23,0.2,69.12,3.52
20080603,30.94,0.6,65.69,3.85
20080604,31.73,0.38,60.72,3.02
20080605,31.82,0.26,59.56,2.9
20080606,30.74,0.07,62.39,3.38
20080607,28.97,1.05,71.87,3.09
20080608,27.35,8.87,81.83,3.39
20080609,27.94,5.85,78.24,4.31
20080610,28.73,0.38,65.91,4.03
20080611,29.25,13.88,70.14,2.77
20080612,28.61,1.55,74.96,3.72
20080613,29.76,0.02,61.54,4.55
20080614,29.78,0.19,64.3,3.79
20080615,30.13,0.03,64.05,4.48
20080616,30.25,0.19,65.05,3.93
20080617,30.7,0.15,61.22,4.31
20080618,30.12,0.33,65.22,3.62
20080619,30.22,0.36,68.97,3.49
20080620,30.22,0.08,69.26,3.39
20080621,29.82,11.99,72.94,3.59
20080622,29.6,2.56,69.59,3.44
20080623,30.26,0.42,66.72,3.5
20080624,30.57,0.2,64.93,3.34
20080625,30.08,1.62,63.34,4.11
20080626,30.38,0.23,64.79,3.52
20080627,30.81,0.49,64.19,3.36
20080628,30.31,0.52,65.56,4.04
20080629,30.74,0.02,61.24,4.26
20080630,29.97,0.04,64.41,3.6
20080701,30.03,1.22,62.4,3.95
20080702,30.06,0.5,63.89,4.16
20080703,30.57,0.26,62.61,3.74
20080704,30.0,0.72,65.97,4.15
20080705,30.54,0.89,63.9,3.67
20080706,30.41,0.84,66.38,3.11
20080707,30.51,2.48,63.57,2.62
20080708,31.04,0.3,56.84,3.73
20080709,31.07,3.79,56.39,3.26
20080710,29.88,1.15,63.2,3.5
20080711,30.83,0.0,59.37,3.47
20080712,30.78,0.0,59.29,3.96
20080713,30.59,0.06,61.79,3.0
20080714,30.61,0.72,64.9,3.56
20080715,29.85,1.33,71.07,3.64
20080716,29.9,0.29,69.62,3.6
20080717,29.96,2.54,70.08,2.45
20080718,29.93,0.81,72.39,2.13
20080719,28.94,0.59,75.23,2.72
20080720,28.4,16.41,78.63,2.42
20080721,28.26,2.19,79.42,2.5
20080722,28.64,0.64,77.31,2.59
20080723,28.82,0.67,75.08,3.26
20080724,29.05,4.65,72.58,2.4
20080725,28.63,2.01,71.3,4.64
20080726,29.55,1.63,66.87,4.59
20080727,28.63,6.74,73.35,4.95
20080728,28.42,1.61,72.84,5.58
20080729,29.12,2.36,68.26,5.32
20080730,29.14,0.75,69.26,4.62
20080731,29.29,4.92,70.84,3.68
20080801,29.91,3.63,69.73,3.7
20080802,29.35,1.16,70.81,2.6
20080803,28.45,11.21,76.9,3.03
20080804,28.16,4.46,77.42,3.23
20080805,29.55,0.69,72.1,4.09
20080806,29.71,0.9,67.41,3.74
20080807,29.98,1.54,68.13,3.31
20080808,28.81,3.37,71.06,5.05
20080809,28.67,2.14,68.65,5.66
20080810,29.32,0.65,64.45,5.42
20080811,28.9,0.11,67.52,5.08
20080812,28.74,0.12,69.75,4.65
20080813,29.22,0.76,69.39,4.26
20080814,28.65,3.51,71.15,3.47
20080815,29.12,1.45,71.53,3.24
20080816,29.0,1.41,72.41,3.43
20080817,28.47,8.57,75.79,2.54
20080818,28.12,3.26,77.36,2.81
20080819,28.09,13.39,79.42,2.62
20080820,28.84,7.59,76.21,2.08
20080821,29.22,6.84,73.24,2.56
20080822,28.36,3.39,73.32,2.75
20080823,29.32,0.65,72.31,2.64
20080824,29.02,0.96,73.37,2.51
20080825,28.37,1.3,78.11,3.17
20080826,28.42,3.78,76.82,2.71
20080827,28.47,2.51,76.61,2.44
20080828,28.74,0.27,75.01,2.59
20080829,28.83,0.86,77.1,2.85
20080830,28.13,1.59,80.63,3.03
20080831,27.87,3.34,80.49,1.87
20080901,28.34,4.22,76.84,1.61
20080902,28.13,10.53,80.8,1.65
20080903,28.11,6.59,82.82,2.61
20080904,28.11,0.8,81.68,2.51
20080905,28.33,0.94,80.43,2.78
20080906,28.45,5.11,80.26,2.83
20080907,27.74,3.61,80.7,3.46
20080908,27.38,3.15,78.0,4.04
20080909,28.0,0.83,76.94,3.26
20080910,28.75,1.88,73.27,3.55
20080911,29.15,0.5,70.77,4.47
20080912,28.75,0.14,67.4,4.14
20080913,28.74,0.13,70.21,3.94
20080914,29.44,4.21,70.41,3.24
20080915,28.63,1.07,72.73,2.83
20080916,29.29,0.61,68.44,4.11
20080917,28.52,0.14,70.71,3.42
20080918,29.29,0.02,69.02,3.22
20080919,29.49,0.05,68.72,3.88
20080920,28.85,10.68,75.8,2.91
20080921,27.33,3.9,82.18,2.61
20080922,28.69,1.27,77.24,3.09
20080923,29.07,0.35,73.97,2.5
20080924,28.75,11.74,77.33,2.9
20080925,28.72,2.04,74.63,2.15
20080926,28.59,0.9,73.07,1.98
20080927,29.65,0.59,70.71,1.95
20080928,27.84,1.45,73.29,2.16
20080929,29.04,2.01,70.73,2.26
20080930,29.28,0.57,70.52,2.4
20081001,29.28,0.05,70.79,2.71
20081002,29.4,0.7,70.12,2.78
20081003,28.89,5.32,73.83,3.14
20081004,28.1,1.95,77.26,2.88
20081005,28.63,0.39,73.87,2.94
20081006,28.99,0.89,73.39,3.19
20081007,29.0,0.33,74.08,3.69
20081008,29.25,0.62,71.6,3.46
20081009,28.69,0.62,76.28,2.31
20081010,28.58,0.79,74.85,1.96
20081011,27.6,10.15,81.11,2.55
20081012,26.95,19.33,84.18,2.86
20081013,27.13,16.84,83.19,3.82
20081014,27.39,12.54,84.86,3.19
20081015,27.43,12.07,85.43,2.74
20081016,26.81,11.98,87.21,2.6
20081017,27.0,10.55,86.46,2.93
20081018,27.36,22.71,86.04,3.0
20081019,27.32,12.12,86.12,3.4
20081020,27.14,48.21,87.54,3.59
20081021,27.33,37.51,87.61,3.46
20081022,26.82,33.82,89.09,2.18
20081023,26.93,14.61,82.6,1.04
20081024,26.33,13.93,85.86,1.88
20081025,27.17,2.75,84.07,1.44
20081026,27.21,2.67,73.78,1.92
20081027,26.4,0.01,64.43,2.59
20081028,25.55,0.0,66.4,2.89
20081029,26.1,0.0,70.41,2.3
20081030,26.12,0.0,61.65,1.99
20081031,25.88,0.0,63.29,1.92
20081101,25.62,0.0,67.53,2.06
20081102,26.06,0.0,60.3,1.62
20081103,25.9,0.0,62.59,1.72
20081104,25.86,0.0,66.07,1.93
20081105,25.8,0.0,64.0,2.21
20081106,25.92,0.0,69.24,2.46
20081107,26.19,0.11,75.91,2.95
20081108,26.23,0.33,80.2,3.51
20081109,26.45,1.0,81.45,3.65
20081110,26.71,2.83,81.11,3.51
20081111,25.7,1.02,79.97,3.69
20081112,25.93,1.3,80.92,4.64
20081113,26.17,3.21,81.56,4.76
20081114,25.58,1.32,76.96,4.33
20081115,25.68,8.89,74.52,3.59
20081116,26.2,1.88,78.18,3.66
20081117,26.75,1.11,83.07,2.41
20081118,26.85,5.35,84.18,3.14
20081119,26.88,9.67,86.06,3.83
20081120,26.65,2.98,88.33,3.29
20081121,26.43,21.59,86.76,3.88
20081122,25.76,35.76,88.51,4.67
20081123,26.28,31.39,88.38,4.68
20081124,26.12,30.42,88.37,5.47
20081125,25.68,55.01,86.86,6.71
20081126,25.76,116.31,91.98,8.33
20081127,25.91,156.79,91.85,8.1
20081128,26.12,57.14,91.77,3.88
20081129,26.26,24.31,90.61,3.45
20081130,25.86,4.37,88.82,2.49
20081201,25.79,1.49,86.56,3.32
20081202,25.05,0.02,80.85,2.5
20081203,24.33,0.25,79.29,1.99
20081204,24.34,0.02,79.22,2.49
20081205,24.91,0.48,80.89,4.33
20081206,25.31,0.61,78.58,4.5
20081207,25.32,0.3,83.56,4.5
20081208,25.66,8.4,86.24,4.54
20081209,25.53,10.99,87.2,4.24
20081210,25.34,0.56,84.62,2.93
20081211,24.47,0.02,83.27,2.78
20081212,24.64,0.17,84.37,3.17
20081213,24.73,0.99,85.16,4.12
20081214,25.08,4.51,82.02,4.43
20081215,25.36,2.89,80.32,4.35
20081216,25.26,0.46,80.9,4.06
20081217,25.12,0.45,77.41,4.58
20081218,24.99,0.25,77.1,4.59
20081219,24.79,0.08,75.83,3.74
20081220,24.78,0.04,78.13,3.1
20081221,24.27,0.02,76.4,2.81
20081222,23.93,0.0,72.88,2.54
20081223,24.2,0.12,78.87,3.15
20081224,24.89,0.69,83.95,3.68
20081225,24.91,0.06,79.25,3.33
20081226,24.5,0.0,74.93,1.85
20081227,24.08,0.0,73.53,1.66
20081228,23.3,0.0,67.73,1.58
20081229,23.04,0.0,73.63,2.49
20081230,23.1,0.0,71.75,2.52
20081231,23.43,0.0,70.87,2.4
20090101,24.07,0.04,73.5,2.76
20090102,24.36,0.05,70.91,2.84
20090103,24.12,0.0,71.52,2.93
20090104,24.18,0.07,69.67,2.92
20090105,23.84,0.0,69.8,2.58
20090106,24.05,1.43,70.61,2.38
20090107,23.77,16.08,82.96,3.29
20090108,24.96,1.68,81.03,3.56
20090109,24.7,0.79,78.55,4.02
20090110,24.64,0.12,78.41,4.04
20090111,24.36,0.01,79.14,3.64
20090112,24.03,0.05,75.03,3.63
20090113,24.67,0.33,71.59,4.55
20090114,24.54,0.49,72.24,4.68
20090115,24.77,3.65,76.79,4.75
20090116,24.59,0.05,70.98,3.82
20090117,24.17,0.0,73.68,3.75
20090118,23.83,0.01,73.32,3.26
20090119,23.4,0.0,72.41,3.02
20090120,23.34,0.0,74.89,3.2
20090121,23.23,0.0,78.53,2.49
20090122,23.47,0.0,78.08,2.05
20090123,23.51,0.0,77.52,2.56
20090124,23.73,0.01,74.64,2.03
20090125,24.17,0.05,74.64,2.24
20090126,24.16,0.34,81.01,2.37
20090127,24.9,0.08,82.14,2.24
20090128,24.91,0.04,81.92,1.74
20090129,24.38,0.0,80.14,1.64
20090130,24.02,0.0,75.81,1.75
20090131,24.14,0.0,74.18,1.68
20090201,24.0,0.0,78.13,1.65
20090202,24.47,0.0,77.47,1.62
20090203,24.67,0.0,79.71,2.09
20090204,24.79,0.0,79.86,2.16
20090205,24.71,0.0,73.03,2.32
20090206,24.4,0.0,73.85,2.14
20090207,24.37,0.0,77.83,2.34
20090208,24.61,0.17,77.93,2.83
20090209,24.82,0.0,69.73,3.25
20090210,24.19,0.0,66.82,2.42
20090211,24.29,0.0,67.64,1.88
20090212,24.29,0.0,68.94,1.57
20090213,24.93,0.0,68.48,1.89
20090214,25.31,0.0,70.43,2.16
20090215,25.05,0.0,67.3,1.97
20090216,24.71,0.0,75.8,2.47
20090217,24.86,0.0,73.65,3.31
20090218,25.04,0.0,73.9,3.23
20090219,24.98,0.0,75.8,3.1
20090220,25.64,0.0,75.26,3.11
20090221,26.62,0.0,75.25,3.0
20090222,26.64,0.0,77.19,2.41
20090223,27.08,0.0,74.53,1.89
20090224,27.32,0.0,74.79,1.93
20090225,27.03,0.0,77.03,2.59
20090226,27.29,0.0,77.34,2.33
20090227,27.18,0.0,74.32,2.45
20090228,27.25,0.0,65.37,2.4
20090301,27.54,0.0,64.57,2.47
20090302,27.63,0.0,66.92,2.2
20090303,27.45,0.0,65.87,1.91
20090304,27.61,0.0,65.75,2.57
20090305,27.74,0.0,63.5,2.55
20090306,27.89,0.0,67.79,2.83
20090307,27.54,0.0,68.45,2.85
20090308,26.76,0.0,72.7,2.94
20090309,26.43,2.19,69.46,2.99
20090310,25.71,13.88,69.41,5.63
20090311,26.99,18.95,71.85,2.25
20090312,27.83,0.05,63.15,1.85
20090313,26.7,0.0,74.07,1.6
20090314,26.62,0.29,79.9,1.67
20090315,26.59,0.28,76.44,1.48
20090316,26.87,0.16,66.52,1.79
20090317,26.79,0.0,70.64,1.92
20090318,27.11,0.0,70.7,2.05
20090319,27.45,0.0,71.67,2.33
20090320,27.8,0.01,74.81,2.87
20090321,27.71,0.01,74.48,3.05
20090322,27.69,0.01,73.06,3.04
20090323,27.5,0.05,74.8,2.87
20090324,27.68,0.01,71.36,2.54
20090325,28.06,0.0,67.65,2.42
20090326,28.18,0.0,68.91,2.53
20090327,28.48,0.03,69.38,2.93
20090328,28.45,0.02,72.73,3.06
20090329,28.67,0.04,70.82,2.93
20090330,28.93,0.05,68.58,3.03
20090331,28.96,0.0,68.73,3.26
20090401,29.09,0.0,66.29,3.01
20090402,29.19,0.01,67.33,2.89
20090403,29.16,0.0,67.87,2.8
20090404,29.22,0.0,68.22,2.82
20090405,29.61,0.1,69.59,2.99
20090406,30.03,0.17,70.86,3.33
20090407,29.78,0.09,70.15,3.4
20090408,29.47,0.23,70.26,2.85
20090409,28.84,0.66,75.28,2.88
20090410,29.07,6.15,69.24,2.71
20090411,29.25,3.47,65.34,2.29
20090412,28.3,0.85,70.65,1.72
20090413,29.43,0.05,66.53,2.78
20090414,29.92,0.0,63.72,2.51
20090415,29.58,0.0,62.42,2.03
20090416,30.61,0.0,70.37,3.4
20090417,30.7,0.04,74.0,4.53
20090418,31.13,0.02,69.23,4.47
20090419,30.87,0.17,69.96,4.9
20090420,30.62,0.07,72.23,4.24
20090421,31.1,0.05,67.92,3.79
20090422,31.39,0.25,66.06,4.26
20090423,30.84,0.08,72.51,4.05
20090424,30.99,0.04,70.43,4.38
20090425,30.27,0.06,72.11,4.01
20090426,29.47,0.12,76.2,2.87
20090427,30.05,0.05,70.15,3.22
20090428,30.26,0.0,66.59,3.64
20090429,30.91,0.01,66.11,3.99
20090430,31.37,0.09,67.31,4.95
20090501,31.34,0.17,68.11,4.68
20090502,31.17,0.2,70.48,4.6
20090503,30.64,0.33,72.62,4.75
20090504,31.72,0.99,66.61,4.74
20090505,31.8,0.29,61.88,3.95
20090506,31.74,0.06,65.37,3.68
20090507,32.13,0.02,65.09,3.64
20090508,31.77,0.2,66.76,4.53
20090509,32.52,0.03,63.12,3.89
20090510,33.32,0.04,56.04,3.16
20090511,33.09,0.38,61.95,3.68
20090512,32.64,0.53,65.47,4.78
20090513,33.01,0.47,61.01,4.94
20090514,33.89,0.82,54.87,4.6
20090515,32.14,8.67,62.73,3.45
20090516,29.99,1.67,73.37,2.64
20090517,30.07,0.49,72.35,3.84
20090518,30.6,0.88,72.06,2.8
20090519,30.18,0.57,71.94,2.31
20090520,30.28,1.08,68.09,2.89
20090521,29.51,2.27,67.02,2.81
20090522,30.78,1.24,67.02,2.89
20090523,30.19,9.34,70.34,2.2
20090524,30.48,2.83,70.83,3.76
20090525,29.25,0.19,71.98,4.01
20090526,30.41,2.19,68.49,3.56
20090527,30.24,3.76,71.2,3.13
20090528,30.58,0.19,70.87,3.25
20090529,31.26,0.12,69.29,3.2
20090530,30.52,0.24,73.46,2.74
20090531,30.43,1.04,70.29,4.34
20090601,30.65,0.1,67.0,3.42
20090602,32.57,0.03,57.63,2.98
20090603,33.17,0.02,56.47,2.76
20090604,32.53,0.14,58.27,3.62
20090605,32.57,0.2,56.33,4.41
20090606,31.11,0.03,59.46,6.4
20090607,31.81,0.0,53.38,5.91
20090608,31.08,0.08,54.98,5.59
20090609,31.99,0.01,54.02,2.96
20090610,31.93,1.13,60.97,3.06
20090611,30.14,1.01,70.96,2.81
20090612,30.66,2.16,63.12,3.76
20090613,30.81,0.53,64.51,2.87
20090614,31.06,0.81,61.85,3.75
20090615,29.81,0.43,66.96,3.99
20090616,31.76,0.03,59.45,3.7
20090617,31.61,0.04,58.96,3.9
20090618,30.7,0.22,65.71,3.88
20090619,30.09,0.19,68.96,4.27
20090620,30.86,0.48,64.2,4.25
20090621,30.93,0.19,61.7,2.99
20090622,30.77,4.12,62.24,3.87
20090623,30.63,0.75,63.54,3.95
20090624,30.97,0.58,61.14,3.51
20090625,29.93,1.64,60.07,4.66
20090626,30.16,1.58,59.46,4.31
20090627,29.34,2.52,61.99,4.09
20090628,30.0,0.7,62.44,3.36
20090629,30.45,0.5,65.88,3.34
20090630,30.88,1.1,64.0,3.26
20090701,31.12,0.31,59.66,4.87
20090702,30.23,1.49,62.38,5.38
20090703,30.48,2.17,62.3,4.44
20090704,29.82,5.16,66.04,4.63
20090705,29.11,0.14,69.6,4.13
20090706,30.28,0.31,61.53,5.15
20090707,30.55,0.42,59.98,4.85
20090708,30.88,0.63,57.77,4.59
20090709,30.7,0.12,56.12,5.21
20090710,30.97,0.0,50.71,4.35
20090711,31.6,0.01,50.64,4.48
20090712,31.26,0.15,56.79,4.81
20090713,31.45,0.05,56.49,5.99
20090714,31.79,0.2,54.65,6.52
20090715,31.25,2.54,54.95,6.39
20090716,29.41,3.18,65.64,5.79
20090717,30.13,0.24,64.44,5.64
20090718,30.79,0.26,60.41,5.31
20090719,30.16,1.5,61.92,3.93
20090720,31.05,0.37,57.75,5.22
20090721,31.35,0.11,55.72,5.57
20090722,31.98,0.05,51.57,5.46
20090723,31.23,0.03,56.02,3.72
20090724,31.53,0.05,52.81,3.82
20090725,31.47,0.51,56.81,3.09
20090726,31.12,0.64,59.75,3.47
20090727,31.05,5.22,59.99,3.4
20090728,30.51,1.04,65.23,3.39
20090729,30.08,17.53,67.3,3.15
20090730,29.02,19.6,73.02,2.69
20090731,29.02,27.84,76.06,3.88
20090801,28.72,10.07,78.02,3.38
20090802,29.27,1.68,73.32,3.61
20090803,29.73,0.0,69.28,3.45
20090804,29.97,6.09,70.96,3.53
20090805,29.92,0.26,69.14,3.42
20090806,30.15,0.23,67.84,3.51
20090807,29.41,0.09,70.22,3.66
20090808,29.31,1.12,72.33,3.61
20090809,29.79,0.44,70.78,3.64
20090810,30.31,1.29,70.33,3.27
20090811,30.1,0.37,70.94,2.86
20090812,30.4,0.38,69.58,3.04
20090813,30.28,2.13,70.93,2.72
20090814,27.64,11.12,82.99,4.02
20090815,26.71,6.06,84.88,2.05
20090816,28.22,5.68,73.89,2.34
20090817,27.99,9.58,77.19,1.86
20090818,27.92,2.9,81.54,2.64
20090819,27.63,1.59,83.52,2.69
20090820,27.36,1.3,84.4,1.7
20090821,27.8,1.28,79.6,3.68
20090822,29.09,1.49,71.15,5.17
20090823,29.2,3.34,70.92,4.85
20090824,28.0,3.74,78.36,4.26
20090825,29.01,0.87,70.03,4.14
20090826,28.96,5.96,70.09,4.31
20090827,29.27,0.32,68.96,4.09
20090828,29.81,0.07,68.84,3.34
20090829,29.77,0.06,68.73,3.14
20090830,29.3,7.4,72.25,2.75
20090831,28.04,14.04,79.6,3.25
20090901,28.02,19.83,80.12,3.61
20090902,28.76,6.97,75.1,3.13
20090903,28.55,8.52,75.62,3.13
20090904,28.91,0.68,75.15,4.08
20090905,29.18,0.48,70.86,5.7
20090906,29.53,1.5,69.04,5.28
20090907,29.86,0.3,69.14,3.71
20090908,29.54,0.0,71.04,3.76
20090909,29.64,0.0,69.24,3.39
20090910,29.7,0.01,70.01,2.81
20090911,29.25,0.12,75.31,2.7
20090912,29.59,0.09,74.14,2.39
20090913,29.56,6.98,75.38,2.79
20090914,29.98,3.08,73.95,3.15
20090915,28.72,28.18,78.67,2.44
20090916,29.1,5.58,77.48,2.0
20090917,29.35,4.62,76.7,2.05
20090918,29.12,3.84,78.56,2.56
20090919,28.29,12.64,79.28,2.82
20090920,28.37,2.99,79.41,2.1
20090921,28.29,1.82,82.87,2.67
20090922,28.46,2.8,82.81,2.86
20090923,28.76,19.08,80.07,2.58
20090924,28.48,6.33,81.38,2.45
20090925,28.7,2.21,77.37,1.89
20090926,28.44,2.89,79.47,2.53
20090927,28.29,12.85,81.04,2.35
20090928,28.3,1.29,80.35,2.64
20090929,28.14,3.68,78.15,4.6
20090930,28.07,1.14,78.45,4.6
20091001,27.25,0.42,79.42,5.64
20091002,28.2,0.08,76.04,6.34
20091003,28.51,0.04,75.4,4.92
20091004,28.89,0.0,72.73,4.03
20091005,27.99,0.0,74.32,3.63
20091006,28.29,0.0,73.98,3.18
20091007,29.19,0.0,71.61,2.6
20091008,28.89,0.05,74.33,1.82
20091009,28.6,0.23,75.19,1.58
20091010,28.42,3.46,76.49,1.53
20091011,28.22,0.96,77.33,1.82
20091012,28.0,0.52,77.28,1.9
20091013,28.3,0.11,70.15,1.66
20091014,28.44,0.0,67.49,1.8
20091015,28.09,0.0,66.57,1.71
20091016,28.28,0.08,68.59,1.81
20091017,28.52,0.4,71.61,2.1
20091018,28.96,0.05,68.16,1.87
20091019,28.5,0.35,72.0,1.82
20091020,28.9,0.0,65.46,1.87
20091021,29.04,0.0,61.96,2.55
20091022,28.78,0.0,60.63,2.65
20091023,28.33,0.0,59.0,2.32
20091024,28.54,0.0,60.61,2.17
20091025,28.4,0.0,64.5,2.57
20091026,28.01,0.13,71.18,3.26
20091027,28.05,3.49,79.39,3.47
20091028,27.13,20.04,82.01,4.29
20091029,27.29,10.29,81.05,3.91
20091030,27.85,6.57,76.32,4.16
20091031,27.6,5.54,81.95,3.95
20091101,27.86,3.86,77.75,4.36
20091102,28.07,6.51,75.65,4.98
20091103,27.69,13.76,77.96,4.61
20091104,27.25,49.05,84.51,4.51
20091105,26.92,37.54,86.43,3.73
20091106,26.18,48.12,89.08,4.12
20091107,26.19,81.54,90.09,4.63
20091108,26.35,50.98,89.32,3.95
20091109,26.41,26.26,87.48,3.37
20091110,26.22,13.44,88.73,2.93
20091111,26.26,3.91,85.59,2.32
20091112,26.76,0.67,84.09,1.53
20091113,26.94,3.5,86.77,2.05
20091114,26.36,31.12,89.91,3.21
20091115,26.08,16.53,89.3,3.15
20091116,26.41,10.09,87.55,1.31
20091117,26.73,5.08,87.84,2.29
20091118,26.83,14.69,86.3,2.21
20091119,26.87,3.26,83.41,1.35
20091120,27.04,1.39,83.83,2.15
20091121,26.84,9.15,83.27,2.03
20091122,26.6,5.66,85.02,2.77
20091123,26.32,2.81,85.83,2.39
20091124,26.66,0.64,84.89,2.39
20091125,26.84,0.11,81.9,3.29
20091126,26.12,0.0,75.07,3.06
20091127,25.97,0.0,72.96,3.2
20091128,25.56,0.78,79.16,4.1
20091129,25.45,3.06,81.79,4.83
20091130,25.53,1.87,80.45,4.51
20091201,25.37,17.48,85.62,4.75
20091202,25.81,14.9,89.52,3.94
20091203,26.3,14.74,87.43,2.77
20091204,25.96,7.23,85.37,3.79
20091205,24.71,0.0,77.84,3.68
20091206,24.58,0.39,72.21,2.63
20091207,24.69,0.02,73.56,2.77
20091208,24.99,0.09,78.72,3.51
20091209,25.21,0.17,78.8,4.46
20091210,25.03,0.11,76.0,5.17
20091211,25.34,0.34,76.69,5.26
20091212,25.38,16.54,89.03,5.7
20091213,26.2,7.81,87.55,4.62
20091214,26.09,7.1,86.47,4.53
20091215,26.0,38.37,89.01,3.97
20091216,25.1,16.67,85.81,3.44
20091217,24.28,8.9,85.75,4.11
20091218,25.1,1.43,81.88,2.7
20091219,25.57,0.94,83.27,3.66
20091220,25.52,9.95,86.16,4.76
20091221,25.41,9.87,86.67,5.21
20091222,25.26,3.65,84.89,4.68
20091223,25.18,0.37,82.42,4.6
20091224,24.81,0.01,81.56,4.47
20091225,24.47,0.03,79.53,3.84
20091226,24.36,0.02,80.05,3.53
20091227,24.36,0.0,79.65,3.05
20091228,24.08,0.0,80.02,2.78
20091229,24.18,0.0,80.16,3.02
20091230,24.64,0.2,79.18,2.48
20091231,24.54,0.28,80.55,2.39
20100101,24.65,0.0,81.32,3.47
20100102,24.28,0.06,79.86,3.82
20100103,23.89,0.11,78.24,3.64
20100104,23.34,0.0,76.46,2.62
20100105,23.13,0.0,79.33,2.41
20100106,24.0,0.01,80.46,3.87
20100107,24.36,0.15,80.62,4.13
20100108,24.7,4.85,87.12,4.53
20100109,25.7,3.04,88.8,3.4
20100110,25.71,9.51,86.18,2.38
20100111,25.69,1.17,86.08,2.2
20100112,25.6,0.18,85.61,2.07
20100113,25.83,0.12,85.54,2.42
20100114,25.76,0.03,84.18,2.81
20100115,24.99,0.02,77.93,3.77
20100116,24.89,0.11,78.55,3.79
20100117,25.2,0.16,78.97,3.35
20100118,25.22,0.15,80.54,2.66
20100119,24.96,0.0,80.85,3.14
20100120,24.39,0.0,78.84,3.43
20100121,23.3,0.0,72.27,3.61
20100122,22.97,0.0,72.9,3.14
20100123,23.32,0.04,74.05,3.49
20100124,23.63,0.06,72.96,2.74
20100125,24.17,0.01,78.34,3.29
20100126,24.57,0.2,81.9,3.66
20100127,24.9,0.65,81.61,3.53
20100128,24.87,0.0,78.73,3.64
20100129,24.43,0.0,76.0,3.54
20100130,24.17,0.0,74.9,3.16
20100131,24.33,0.0,75.86,3.09
20100201,23.88,0.0,77.24,2.68
20100202,23.7,0.0,75.67,3.17
20100203,23.62,0.0,75.05,3.36
20100204,23.88,0.0,73.12,3.08
20100205,24.1,0.0,75.23,3.26
20100206,23.97,0.0,79.88,3.36
20100207,24.14,0.0,77.06,3.35
20100208,23.38,0.0,72.98,3.07
20100209,23.19,0.0,76.69,2.15
20100210,24.43,0.0,78.24,2.3
20100211,25.12,0.06,80.84,2.61
20100212,25.59,0.17,78.78,2.81
20100213,25.21,0.19,81.13,2.61
20100214,24.87,0.01,80.76,2.11
20100215,25.09,0.0,78.74,2.13
20100216,25.5,0.0,75.94,2.36
20100217,25.43,0.02,80.41,2.35
20100218,25.65,0.0,77.73,1.91
20100219,25.45,0.0,79.72,2.2
20100220,25.81,0.0,78.82,2.01
20100221,26.29,0.0,78.81,2.29
20100222,26.55,0.0,75.82,2.4
20100223,26.63,0.01,77.83,2.79
20100224,26.99,0.0,77.46,3.37
20100225,27.36,0.0,76.84,3.27
20100226,27.23,0.0,73.87,2.54
20100227,27.26,0.0,71.33,2.1
20100228,26.93,0.0,72.02,2.14
20100301,26.97,0.0,69.0,2.22
20100302,26.32,0.0,67.23,2.08
20100303,26.52,0.0,63.51,2.26
20100304,26.85,0.0,68.76,3.32
20100305,27.09,0.0,73.29,3.94
20100306,27.56,0.0,73.93,3.89
20100307,28.27,0.0,76.14,3.09
20100308,27.87,0.0,75.18,2.9
20100309,27.56,0.0,75.24,2.9
20100310,27.71,0.0,74.6,2.7
20100311,27.8,0.06,75.9,2.97
20100312,27.79,0.01,73.46,2.98
20100313,27.99,0.0,71.2,2.17
20100314,28.66,0.0,68.21,2.46
20100315,28.73,0.0,68.49,2.87
20100316,28.78,0.0,70.01,2.95
20100317,28.31,0.0,70.39,2.5
20100318,27.82,0.0,71.98,3.02
20100319,27.92,0.0,71.23,2.51
20100320,29.22,0.0,60.58,1.86
20100321,29.39,0.0,59.28,2.3
20100322,28.75,0.0,67.06,2.69
20100323,28.4,0.0,69.99,3.35
20100324,28.55,0.0,70.33,3.56
20100325,28.59,0.0,69.1,3.4
20100326,29.16,0.02,72.67,3.39
20100327,29.8,0.14,73.14,3.62
20100328,30.05,0.15,73.19,3.27
20100329,30.18,0.17,72.88,3.27
20100330,30.31,0.12,73.33,4.28
20100331,30.76,0.11,70.81,5.1
20100401,31.05,0.28,69.18,3.95
20100402,31.06,0.24,69.44,4.28
20100403,30.31,0.02,71.54,3.84
20100404,29.88,0.0,69.6,3.32
20100405,29.57,0.02,71.98,2.7
20100406,30.34,0.05,69.18,3.26
20100407,30.42,0.02,70.19,3.24
20100408,29.98,0.38,73.75,2.64
20100409,30.41,0.04,68.92,2.82
20100410,30.53,0.0,68.76,4.34
20100411,31.13,0.0,67.24,4.61
20100412,31.03,0.09,68.48,4.57
20100413,31.35,0.11,70.21,4.5
20100414,30.98,0.04,72.56,4.25
20100415,30.45,0.18,74.22,3.47
20100416,30.41,0.09,70.46,3.78
20100417,30.27,0.41,74.71,4.06
20100418,31.34,0.18,69.05,4.5
20100419,31.49,0.21,68.75,4.63
20100420,31.88,0.71,68.34,4.93
20100421,31.3,0.92,71.48,5.04
20100422,31.19,0.16,69.57,3.75
20100423,31.22,0.12,71.27,4.04
20100424,31.28,0.15,68.45,3.7
20100425,31.33,0.19,68.3,4.01
20100426,31.15,0.47,68.37,4.03
20100427,30.99,0.61,67.74,3.51
20100428,31.03,0.3,68.4,3.74
20100429,30.56,0.44,71.12,3.66
20100430,29.67,10.88,76.69,3.31
20100501,29.96,4.05,71.59,2.41
20100502,30.35,0.61,69.9,2.32
20100503,30.06,0.39,70.91,1.86
20100504,29.78,1.35,73.17,3.0
20100505,30.91,0.97,69.9,3.09
20100506,31.66,0.57,70.94,3.64
20100507,31.52,0.6,70.92,3.31
20100508,31.56,0.27,68.64,3.14
20100509,31.8,0.23,67.37,3.97
20100510,32.65,0.23,63.89,4.6
20100511,32.86,0.07,64.43,4.88
20100512,32.77,0.02,65.96,4.79
20100513,31.94,0.02,71.6,4.27
20100514,31.58,0.02,73.19,4.49
20100515,31.74,0.13,71.44,3.68
20100516,31.67,1.47,70.13,4.44
20100517,31.88,1.23,67.91,3.03
20100518,31.26,10.64,69.94,3.02
20100519,29.47,58.83,76.27,5.75
20100520,30.2,11.15,73.76,4.94
20100521,30.98,0.37,72.39,4.7
20100522,30.91,2.54,72.06,3.16
20100523,30.88,4.96,72.44,4.13
20100524,31.45,0.24,69.12,4.91
20100525,30.24,0.15,71.67,5.62
20100526,32.05,0.01,64.07,4.26
20100527,32.13,0.0,64.21,3.82
20100528,32.36,1.43,63.25,4.43
20100529,31.76,1.3,68.17,3.8
20100530,30.98,0.19,67.72,4.66
20100531,31.27,0.1,66.3,4.24
20100601,31.5,0.03,67.24,3.5
20100602,31.52,0.16,68.29,3.62
20100603,31.69,0.24,69.47,2.8
20100604,30.84,3.49,72.5,3.06
20100605,29.31,5.4,73.63,4.96
20100606,28.89,6.63,67.44,5.54
20100607,28.45,0.62,70.65,4.03
20100608,30.03,0.41,67.64,3.93
20100609,29.06,5.79,72.94,3.67
20100610,29.23,14.61,72.91,1.92
20100611,29.64,11.88,70.52,1.95
20100612,29.39,6.78,74.99,5.21
20100613,29.66,1.18,74.5,5.85
20100614,29.85,0.14,68.98,5.07
20100615,30.17,4.71,70.5,3.69
20100616,28.95,0.57,73.57,3.55
20100617,29.44,3.4,73.51,4.21
20100618,29.06,0.92,70.94,4.64
20100619,29.84,2.68,70.42,4.97
20100620,29.49,0.61,73.65,4.12
20100621,29.29,9.2,76.62,2.54
20100622,29.1,5.32,76.79,3.27
20100623,29.59,3.96,73.6,4.12
20100624,28.02,3.54,76.87,3.75
20100625,29.33,1.84,68.8,4.06
20100626,30.37,5.49,68.22,2.9
20100627,30.18,6.4,72.78,3.11
20100628,30.27,1.58,72.49,3.77
20100629,30.34,1.78,72.2,3.64
20100630,29.22,1.18,75.11,3.61
20100701,28.27,0.65,70.64,4.45
20100702,29.35,0.12,63.7,4.25
20100703,29.51,0.06,64.59,3.68
20100704,28.34,0.3,70.12,3.2
20100705,28.9,5.09,69.22,4.07
20100706,28.12,2.55,72.46,2.57
20100707,28.81,1.71,68.87,2.69
20100708,27.82,4.71,72.42,1.96
20100709,27.78,3.18,80.22,2.42
20100710,28.51,6.29,77.0,3.54
20100711,29.43,0.72,74.74,4.31
20100712,28.86,13.34,77.92,3.23
20100713,28.59,3.26,76.92,2.48
20100714,29.17,1.38,72.32,2.66
20100715,29.39,0.54,73.33,2.69
20100716,27.48,14.38,82.91,2.81
20100717,27.81,4.95,80.29,2.88
20100718,28.6,4.45,74.86,3.1
20100719,28.09,2.69,79.43,4.11
20100720,27.4,6.02,80.8,4.13
20100721,28.25,1.41,76.62,3.36
20100722,29.54,1.36,70.45,3.31
20100723,29.23,0.32,70.51,3.43
20100724,29.3,0.06,67.92,4.78
20100725,28.47,0.9,70.97,4.6
20100726,29.13,1.19,68.76,4.34
20100727,29.38,4.98,71.09,3.31
20100728,29.23,3.42,72.39,3.35
20100729,28.61,10.14,74.4,3.86
20100730,29.35,0.76,71.94,3.66
20100731,29.56,0.74,68.86,3.11
20100801,30.22,0.3,69.96,3.06
20100802,29.96,0.51,69.24,2.98
20100803,29.42,1.93,71.58,3.36
20100804,29.13,0.65,70.83,3.49
20100805,29.67,0.81,70.2,3.31
20100806,30.41,0.81,67.1,2.99
20100807,30.04,4.02,69.88,2.24
20100808,30.07,3.75,72.0,2.48
20100809,29.94,0.66,70.42,2.88
20100810,30.47,0.23,66.99,2.54
20100811,30.79,0.53,67.31,3.39
20100812,29.38,3.25,74.7,3.61
20100813,29.12,4.21,76.07,2.93
20100814,28.82,6.83,78.22,2.5
20100815,28.4,5.5,79.64,4.15
20100816,28.38,4.47,78.91,3.02
20100817,28.82,7.39,74.83,3.29
20100818,28.56,3.97,73.59,3.36
20100819,28.76,2.18,71.48,2.68
20100820,27.7,14.24,82.86,2.28
20100821,26.99,28.77,82.56,1.37
20100822,26.9,25.67,84.82,2.49
20100823,27.8,11.47,83.64,2.99
20100824,27.53,11.43,82.42,2.77
20100825,27.38,6.83,81.22,3.32
20100826,28.15,2.39,77.97,3.14
20100827,28.84,0.75,77.27,3.11
20100828,28.59,1.1,79.37,3.64
20100829,28.26,2.46,82.73,3.43
20100830,27.46,9.97,82.42,4.61
20100831,27.63,3.3,77.58,3.37
20100901,28.94,0.01,73.57,3.09
20100902,28.93,1.54,75.09,2.79
20100903,28.41,4.71,78.04,2.36
20100904,28.47,6.95,77.64,3.29
20100905,28.65,1.39,76.67,3.18
20100906,28.53,1.49,76.63,3.42
20100907,28.42,1.33,76.27,3.26
20100908,28.67,1.18,75.6,3.5
20100909,28.23,3.99,78.03,3.12
20100910,28.4,15.03,79.95,3.18
20100911,27.64,17.99,80.7,2.52
20100912,28.0,16.41,77.88,1.77
20100913,27.41,24.21,79.3,3.06
20100914,28.15,4.32,77.81,3.01
20100915,27.81,3.56,78.88,3.04
20100916,28.27,2.42,79.38,2.72
20100917,28.53,0.82,78.19,2.42
20100918,27.51,0.92,78.37,2.93
20100919,27.95,1.02,76.82,2.48
20100920,28.48,1.2,79.28,2.0
20100921,27.75,2.12,82.95,1.63
20100922,27.75,1.08,80.79,1.14
20100923,27.82,1.4,82.75,1.67
20100924,27.79,3.73,82.88,2.43
20100925,27.52,3.22,83.4,2.53
20100926,27.49,8.13,80.01,1.86
20100927,27.45,4.06,84.12,2.55
20100928,27.59,2.54,83.46,1.99
20100929,27.1,5.04,82.23,1.62
20100930,27.64,2.1,77.33,1.47
20101001,27.74,2.94,78.72,1.37
20101002,27.23,11.35,82.43,1.33
20101003,27.41,4.18,82.44,1.23
20101004,28.36,1.02,76.22,1.75
20101005,28.1,2.04,78.93,1.33
20101006,28.77,12.06,80.95,3.0
20101007,28.25,2.4,80.65,2.93
20101008,28.23,0.25,83.05,3.18
20101009,28.27,0.67,81.44,3.0
20101010,28.1,0.81,81.03,3.21
20101011,26.3,1.11,84.71,2.09
20101012,28.41,0.64,77.72,1.59
20101013,28.71,1.83,74.34,1.78
20101014,28.57,0.17,73.4,2.53
20101015,28.39,0.66,76.5,3.61
20101016,28.33,1.4,76.76,3.84
20101017,28.4,0.24,74.5,3.26
20101018,28.51,0.01,72.71,2.75
20101019,28.48,12.29,79.42,2.04
20101020,28.16,6.16,81.24,1.86
20101021,28.14,6.93,82.22,2.33
20101022,27.83,4.13,82.5,3.31
20101023,28.66,1.32,76.39,2.6
20101024,28.66,1.39,79.51,2.74
20101025,28.29,10.43,80.59,1.95
20101026,27.67,7.29,84.22,0.78
20101027,27.25,6.92,86.13,2.1
20101028,26.53,15.64,85.83,2.13
20101029,26.08,25.84,86.58,3.27
20101030,26.48,20.29,90.53,4.53
20101031,26.42,10.97,87.94,3.33
20101101,26.34,20.71,87.37,2.85
20101102,26.31,6.21,86.63,2.33
20101103,26.97,4.5,85.23,2.1
20101104,26.88,3.35,86.16,2.57
20101105,26.91,3.84,84.8,3.27
20101106,26.25,15.3,85.43,4.79
20101107,24.97,59.96,90.5,8.38
20101108,26.8,7.39,84.57,5.02
20101109,27.03,6.47,87.97,2.39
20101110,26.71,6.49,87.02,1.68
20101111,26.34,7.35,84.97,1.81
20101112,26.38,1.0,83.16,1.53
20101113,26.89,0.1,81.75,1.81
20101114,26.97,0.49,80.91,2.23
20101115,26.78,12.15,84.53,3.02
20101116,26.46,29.48,90.63,5.05
20101117,26.76,14.3,85.85,4.78
20101118,26.45,15.37,86.8,2.24
20101119,26.03,10.54,85.78,1.86
20101120,26.06,18.17,87.62,2.94
20101121,26.08,9.99,88.58,2.12
20101122,26.34,8.94,84.67,2.1
20101123,26.45,9.14,83.68,2.29
20101124,26.66,2.03,84.09,3.25
20101125,26.32,6.81,85.32,4.23
20101126,25.76,52.01,89.03,4.49
20101127,25.89,13.56,88.83,5.53
20101128,26.04,4.61,85.7,3.79
20101129,26.27,0.11,82.59,3.77
20101130,26.48,17.47,83.7,4.55
20101201,26.25,40.14,88.45,4.18
20101202,26.22,17.13,86.7,4.55
20101203,25.86,12.3,86.08,5.07
20101204,25.07,13.52,88.36,5.78
20101205,23.47,34.35,92.76,7.92
20101206,21.83,25.02,92.07,6.87
20101207,23.61,11.42,91.49,4.8
20101208,25.88,1.93,88.42,3.73
20101209,25.71,0.79,87.12,1.58
20101210,26.0,3.05,85.62,1.75
20101211,26.43,2.33,81.76,1.13
20101212,26.44,2.44,83.88,1.47
20101213,25.75,1.35,84.03,2.52
20101214,25.8,2.86,83.66,2.2
20101215,25.58,13.14,86.26,2.9
20101216,25.55,9.61,85.61,3.32
20101217,25.19,3.34,84.41,3.46
20101218,24.19,0.02,78.47,4.19
20101219,24.31,6.13,82.74,4.79
20101220,25.16,8.06,87.18,5.0
20101221,24.2,0.19,80.61,4.98
20101222,22.9,0.0,77.21,3.49
20101223,23.35,0.02,75.27,2.85
20101224,23.71,0.04,75.9,3.68
20101225,23.96,0.46,78.46,3.96
20101226,23.95,0.14,75.11,3.77
20101227,24.04,0.37,72.59,3.55
20101228,23.97,4.43,82.78,4.14
20101229,24.69,0.36,81.77,4.52
20101230,24.66,0.4,76.59,3.33
20101231,24.32,0.21,79.43,2.64
20110101,25.05,0.83,83.21,2.84
20110102,25.27,8.15,85.13,3.41
20110103,25.17,0.11,81.73,3.99
20110104,25.11,22.34,84.1,4.22
20110105,24.5,1.95,83.43,4.7
20110106,24.7,0.11,80.42,5.01
20110107,24.55,1.13,86.55,5.58
20110108,25.12,0.39,86.01,5.45
20110109,25.33,0.22,84.91,5.11
20110110,24.98,0.58,84.87,5.51
20110111,23.68,0.0,80.45,4.23
20110112,22.93,0.0,80.65,3.52
20110113,23.02,0.14,78.07,3.5
20110114,23.83,0.01,77.23,3.93
20110115,24.36,0.42,78.18,3.87
20110116,24.39,0.01,78.88,3.06
20110117,23.7,0.0,77.71,1.79
20110118,23.64,0.0,72.18,2.06
20110119,23.33,0.0,75.59,1.54
20110120,23.45,0.0,78.37,1.82
20110121,23.67,0.0,81.07,2.62
20110122,24.18,0.02,78.47,3.31
20110123,24.16,0.03,77.66,3.63
20110124,24.22,0.02,74.52,3.88
20110125,24.45,0.01,73.88,3.78
20110126,24.47,0.08,78.69,3.98
20110127,24.72,0.06,76.38,4.04
20110128,24.49,0.03,80.52,3.71
20110129,25.06,0.01,77.78,4.02
20110130,24.75,0.0,79.42,4.11
20110131,24.72,0.0,79.34,4.52
20110201,24.69,0.01,78.29,4.61
20110202,24.61,0.0,73.94,4.64
20110203,24.76,0.0,74.63,4.47
20110204,24.23,0.0,74.87,4.47
20110205,23.91,0.0,72.68,3.95
20110206,23.81,0.02,75.9,3.68
20110207,23.68,0.0,77.39,3.5
20110208,23.31,0.0,76.63,3.2
20110209,23.66,0.0,71.49,2.63
20110210,23.61,0.0,74.26,2.7
20110211,23.92,0.0,75.75,2.99
20110212,24.28,0.0,67.56,2.34
20110213,23.97,0.0,68.21,2.79
20110214,23.91,0.0,73.46,2.18
20110215,24.4,0.02,76.21,2.15
20110216,25.68,0.0,76.23,1.78
20110217,26.35,0.0,79.25,1.89
20110218,26.34,0.0,82.26,2.06
20110219,26.53,0.0,79.78,2.42
20110220,26.73,0.2,81.36,2.79
20110221,26.48,12.1,82.79,2.42
20110222,26.4,4.39,81.98,3.47
20110223,26.17,0.92,79.96,3.43
20110224,26.21,0.18,75.65,2.87
20110225,25.88,0.0,71.57,2.63
20110226,25.68,0.0,73.56,2.9
20110227,25.31,0.07,76.13,3.38
20110228,25.8,0.23,73.93,3.88
20110301,25.95,0.0,73.29,3.7
20110302,25.29,0.0,68.81,3.11
20110303,24.94,0.0,69.0,2.6
20110304,25.5,0.0,69.78,2.24
20110305,25.62,0.0,68.26,2.31
20110306,25.15,0.0,70.49,2.32
20110307,25.91,0.0,67.58,2.08
20110308,27.12,0.0,61.42,1.63
20110309,27.3,0.0,64.65,2.59
20110310,26.82,0.0,68.4,2.49
20110311,26.25,0.0,70.33,2.27
20110312,27.24,0.15,77.12,3.18
20110313,27.38,0.09,76.12,3.73
20110314,27.34,0.03,76.14,3.76
20110315,27.27,0.01,75.47,3.49
20110316,26.99,0.0,75.13,3.58
20110317,26.66,0.0,71.34,3.56
20110318,26.5,0.0,68.19,2.91
20110319,26.58,0.0,69.9,2.0
20110320,27.54,0.0,72.33,2.65
20110321,27.94,0.07,76.59,3.27
20110322,28.3,0.01,73.99,3.02
20110323,27.84,0.0,73.41,2.91
20110324,27.79,0.01,72.45,3.06
20110325,28.27,0.01,71.09,2.77
20110326,28.84,0.12,68.3,2.65
20110327,28.99,0.1,69.45,2.49
20110328,29.02,0.07,68.23,2.85
20110329,29.17,0.01,68.22,2.86
20110330,29.25,0.0,68.17,3.23
20110331,29.42,0.0,66.83,3.84
20110401,29.62,0.0,68.74,4.1
20110402,29.5,0.01,71.49,4.45
20110403,29.56,0.05,71.51,4.4
20110404,30.09,0.04,68.4,4.56
20110405,29.75,0.02,67.87,4.29
20110406,29.19,0.0,64.19,3.72
20110407,28.55,0.0,64.98,3.09
20110408,28.9,0.0,68.65,2.99
20110409,29.39,0.02,67.41,2.97
20110410,29.39,0.16,67.98,3.03
20110411,29.5,0.07,64.85,2.51
20110412,29.41,0.09,68.97,2.76
20110413,29.99,0.08,69.26,3.3
20110414,29.9,0.18,69.15,3.4
20110415,29.03,0.2,74.01,3.0
20110416,28.77,0.15,75.35,2.86
20110417,29.33,0.33,69.35,2.83
20110418,30.43,0.29,60.58,3.34
20110419,30.02,0.26,68.22,3.91
20110420,29.9,1.97,62.7,3.37
20110421,29.05,5.8,71.5,3.35
20110422,27.5,22.8,83.15,2.57
20110423,26.83,14.6,83.47,3.23
20110424,27.33,4.16,84.4,3.96
20110425,27.45,3.14,81.8,3.08
20110426,28.66,2.91,75.35,2.18
20110427,28.79,0.82,76.59,2.34
20110428,29.67,0.22,72.1,2.18
20110429,30.57,0.71,72.52,2.75
20110430,30.24,0.84,74.84,1.94
20110501,30.1,0.4,75.37,1.79
20110502,29.81,0.3,77.08,2.2
20110503,31.6,0.76,68.59,2.91
20110504,31.11,0.27,68.9,2.97
20110505,30.44,1.13,72.05,3.1
20110506,30.55,0.99,71.78,3.71
20110507,31.33,0.91,63.84,3.93
20110508,30.87,0.01,63.45,2.86
20110509,31.16,0.0,63.85,4.73
20110510,31.48,0.04,63.55,5.03
20110511,31.36,0.0,63.2,4.75
20110512,31.63,0.0,62.89,4.75
20110513,31.28,0.04,63.74,4.91
20110514,31.6,0.04,64.4,4.73
20110515,31.22,0.02,65.9,4.91
20110516,30.57,0.12,70.56,4.71
20110517,30.12,1.06,71.69,4.65
20110518,30.7,0.63,68.68,4.25
20110519,30.74,0.29,70.08,5.05
20110520,30.19,8.94,75.41,3.48
20110521,28.88,1.28,76.73,3.9
20110522,30.28,0.02,69.83,2.32
20110523,30.75,0.04,70.19,3.02
20110524,30.89,0.06,73.62,3.35
20110525,30.57,0.06,76.98,2.93
20110526,30.36,0.21,74.61,3.13
20110527,31.15,0.27,69.75,3.0
20110528,30.59,0.13,67.08,3.26
20110529,31.44,0.08,63.04,3.3
20110530,31.82,0.99,64.62,2.83
20110531,31.91,0.97,64.63,3.37
20110601,31.23,1.42,66.33,4.46
20110602,30.18,0.21,66.49,5.96
20110603,30.03,0.37,67.05,4.3
20110604,31.85,0.88,60.28,4.4
20110605,32.01,0.77,58.97,4.37
20110606,31.64,11.48,63.49,3.13
20110607,30.08,4.57,65.61,3.28
20110608,30.92,0.82,61.13,3.86
20110609,30.34,1.51,66.42,3.92
20110610,30.99,0.54,64.94,3.21
20110611,31.36,0.22,63.53,3.4
20110612,31.16,0.27,62.97,2.93
20110613,32.06,1.05,55.83,4.02
20110614,30.76,5.43,59.56,5.26
20110615,29.98,0.44,57.47,4.99
20110616,31.37,0.05,52.35,4.88
20110617,30.42,0.07,51.58,6.4
20110618,31.82,0.07,47.5,5.87
20110619,32.64,0.0,52.05,4.07
20110620,32.47,0.12,53.14,3.88
20110621,32.33,0.01,54.26,4.13
20110622,32.66,0.71,54.15,3.24
20110623,32.04,1.01,57.12,3.2
20110624,31.83,1.27,60.92,3.44
20110625,31.46,1.45,60.86,2.67
20110626,31.65,0.86,58.62,3.98
20110627,31.96,0.1,53.83,5.06
20110628,31.89,0.04,50.33,4.99
20110629,31.92,0.0,50.44,3.55
20110630,31.5,1.22,55.84,2.85
20110701,30.69,9.21,68.52,3.21
20110702,29.46,16.87,73.25,2.72
20110703,29.69,15.64,70.39,2.74
20110704,29.55,21.1,68.96,2.73
20110705,28.31,6.97,66.77,4.15
20110706,29.07,7.1,68.38,3.84
20110707,29.49,0.2,67.92,3.27
20110708,29.41,0.26,68.13,3.11
20110709,29.63,1.22,69.06,2.66
20110710,29.68,1.42,65.77,3.46
20110711,29.04,0.54,71.37,4.24
20110712,29.33,0.65,70.96,3.73
20110713,29.22,0.24,64.54,4.8
20110714,30.25,0.06,56.66,5.32
20110715,30.18,0.04,58.35,5.13
20110716,29.97,2.25,63.45,5.36
20110717,29.66,0.3,67.71,4.43
20110718,29.72,0.19,65.75,4.49
20110719,29.72,3.03,66.18,4.31
20110720,29.81,4.4,66.22,5.24
20110721,30.23,0.15,63.91,3.16
20110722,30.43,1.11,63.21,3.77
20110723,29.72,0.33,65.38,2.92
20110724,29.86,4.41,67.5,2.99
20110725,28.76,2.76,73.3,3.64
20110726,28.67,15.03,73.31,3.67
20110727,29.06,7.49,72.17,3.25
20110728,27.89,2.31,76.36,4.25
20110729,26.9,4.39,77.53,4.48
20110730,26.98,4.66,78.49,4.61
20110731,29.75,1.89,67.81,3.12
20110801,29.82,0.49,64.4,3.46
20110802,30.32,1.12,64.61,3.58
20110803,29.13,0.84,68.5,4.32
20110804,29.95,0.79,66.75,4.49
20110805,30.15,2.61,66.25,4.65
20110806,30.35,0.44,64.61,4.1
20110807,30.05,3.38,66.67,3.57
20110808,29.76,7.23,69.98,3.37
20110809,29.2,1.74,73.43,3.27
20110810,29.69,6.55,72.5,2.98
20110811,29.48,6.3,72.85,2.8
20110812,29.21,0.63,71.21,3.17
20110813,29.27,0.52,71.69,2.72
20110814,27.33,0.21,76.84,2.39
20110815,29.02,1.5,73.09,2.87
20110816,29.37,6.74,73.01,3.17
20110817,27.23,10.4,80.91,2.04
20110818,28.21,8.81,78.06,2.08
20110819,27.97,5.93,77.73,2.82
20110820,28.4,16.45,77.94,3.35
20110821,27.75,6.44,80.83,2.6
20110822,28.55,1.39,73.84,3.17
20110823,28.8,4.83,75.16,3.12
20110824,28.4,6.54,77.76,3.26
20110825,28.22,12.41,78.91,2.68
20110826,28.04,12.24,79.44,2.95
20110827,28.3,11.78,76.38,3.4
20110828,28.03,0.87,75.49,4.13
20110829,28.28,0.14,73.82,3.98
20110830,28.83,0.99,68.47,4.2
20110831,28.34,0.68,72.43,3.96
20110901,28.76,1.08,75.02,4.89
20110902,28.35,0.78,77.87,4.32
20110903,28.81,0.18,74.62,3.86
20110904,29.17,0.7,73.99,3.44
20110905,28.78,7.29,75.09,2.78
20110906,28.69,4.46,77.4,3.32
20110907,29.03,0.67,72.86,3.13
20110908,29.12,1.5,73.61,3.07
20110909,28.75,2.24,77.11,2.78
20110910,28.17,1.34,80.47,2.74
20110911,28.85,3.06,76.4,2.85
20110912,26.92,16.54,83.45,2.9
20110913,26.26,3.68,81.78,3.39
20110914,27.75,5.95,78.38,2.56
20110915,28.27,6.49,78.23,3.63
20110916,28.77,14.29,77.1,3.18
20110917,28.44,3.4,78.09,2.83
20110918,28.68,0.64,76.28,2.92
20110919,28.23,30.45,78.75,2.52
20110920,27.5,11.31,82.43,2.73
20110921,28.19,1.06,77.03,3.21
20110922,28.77,0.21,69.68,2.61
20110923,28.46,0.0,71.48,2.49
20110924,28.24,0.01,72.59,2.59
20110925,28.38,2.35,74.63,2.49
20110926,28.89,2.99,76.18,2.64
20110927,28.78,0.48,75.28,1.97
20110928,28.93,8.71,77.02,1.9
20110929,27.54,6.89,83.39,2.42
20110930,28.43,3.51,77.56,1.62
20111001,28.54,1.13,76.42,1.8
20111002,28.43,1.43,78.37,2.34
20111003,28.54,2.09,76.61,1.63
20111004,28.45,0.59,76.54,1.89
20111005,27.98,0.28,78.8,1.8
20111006,27.74,5.76,81.27,1.86
20111007,28.19,3.46,81.57,1.94
20111008,28.1,18.34,80.14,1.81
20111009,28.31,5.04,79.12,1.45
20111010,28.4,1.61,77.55,1.07
20111011,27.83,9.46,79.93,1.01
20111012,27.07,5.04,81.53,1.2
20111013,27.54,1.51,80.0,1.24
20111014,27.63,0.94,80.63,1.13
20111015,27.98,1.19,79.11,1.26
20111016,27.99,2.04,79.67,1.53
20111017,28.02,3.23,77.09,1.4
20111018,28.44,4.17,74.97,1.38
20111019,28.31,0.13,74.89,1.56
20111020,28.27,0.01,75.44,1.25
20111021,28.22,0.11,75.69,1.5
20111022,27.95,1.57,79.17,2.06
20111023,27.33,15.03,79.91,2.32
20111024,27.25,26.45,83.06,3.16
20111025,26.28,31.81,87.04,3.11
20111026,26.75,47.82,82.62,4.1
20111027,26.97,15.05,81.12,3.47
20111028,26.81,20.28,86.05,3.52
20111029,25.59,33.46,86.23,2.3
20111030,26.58,18.06,83.48,3.18
20111031,26.6,19.41,83.41,3.33
20111101,26.68,42.79,85.85,3.45
20111102,26.23,10.03,87.48,2.74
20111103,26.38,17.75,87.25,3.53
20111104,26.55,14.81,84.51,2.35
20111105,26.66,28.12,87.9,2.66
20111106,26.8,19.23,85.12,3.34
20111107,26.0,0.2,76.47,3.07
20111108,25.31,0.0,71.93,2.35
20111109,25.67,0.0,67.15,1.97
20111110,25.68,0.04,73.08,3.06
20111111,25.77,0.2,80.4,3.54
20111112,25.64,0.07,76.75,2.8
20111113,25.85,0.2,80.1,2.75
20111114,25.82,0.57,82.07,3.32
20111115,25.68,0.22,80.27,4.1
20111116,25.99,0.93,79.52,5.31
20111117,26.34,16.8,85.28,3.9
20111118,26.1,13.21,81.69,4.31
20111119,25.05,0.05,76.53,4.27
20111120,25.39,0.04,74.85,4.19
20111121,25.63,0.32,77.21,4.19
20111122,25.36,0.4,76.13,4.09
20111123,25.7,2.29,80.43,4.72
20111124,25.99,54.2,85.33,5.86
20111125,26.57,46.62,89.71,5.22
20111126,26.81,37.88,88.72,5.19
20111127,26.72,20.35,87.92,4.22
20111128,26.28,10.1,86.76,3.36
20111129,26.15,4.57,86.39,3.22
20111130,26.34,0.35,82.91,3.27
20111201,26.04,0.0,80.96,2.29
20111202,25.49,0.0,78.68,1.44
20111203,25.71,0.0,75.1,1.53
20111204,25.39,0.0,76.37,1.51
20111205,25.16,0.0,82.51,2.5
20111206,24.91,0.0,80.23,3.1
20111207,24.75,0.04,74.58,3.99
20111208,25.54,1.9,81.43,3.67
20111209,26.59,6.9,85.14,3.89
20111210,26.52,2.72,82.53,3.35
20111211,25.92,0.07,83.39,3.06
20111212,25.7,0.2,81.22,4.39
20111213,25.5,0.39,78.97,4.64
20111214,25.34,9.89,81.81,4.8
20111215,25.35,17.41,84.68,5.25
20111216,25.1,0.5,73.28,4.03
20111217,24.24,0.26,73.15,4.35
20111218,24.17,0.41,77.35,4.64
20111219,24.4,0.45,76.28,4.49
20111220,24.02,0.05,76.68,4.46
20111221,24.22,0.76,76.38,4.32
20111222,24.03,1.06,73.06,4.28
20111223,24.01,0.55,77.08,4.23
20111224,24.0,0.0,76.19,4.63
20111225,23.59,0.2,78.56,5.0
20111226,23.58,0.02,81.34,4.85
20111227,23.36,0.0,83.16,4.13
20111228,23.21,0.74,79.79,4.84
20111229,24.77,32.73,89.25,8.55
20111230,24.57,65.59,86.68,7.73
20111231,25.25,5.25,85.46,2.95
20120101,25.57,6.14,88.15,3.15
20120102,25.74,0.59,85.53,1.9
20120103,25.93,0.13,84.43,1.87
20120104,25.73,0.09,86.51,2.36
20120105,25.46,0.04,84.77,2.25
20120106,24.86,0.01,82.89,2.03
20120107,24.54,0.01,83.43,2.25
20120108,24.46,0.24,86.34,2.63
20120109,24.91,0.18,82.06,2.31
20120110,24.79,0.07,80.62,2.5
20120111,24.76,4.21,77.47,2.38
20120112,24.59,0.82,79.21,3.2
20120113,24.37,0.54,78.64,4.37
20120114,23.27,0.0,74.0,4.15
20120115,22.15,0.0,73.17,3.56
20120116,21.88,0.0,75.04,2.3
20120117,22.42,0.0,70.72,1.58
20120118,22.64,0.0,75.15,1.69
20120119,23.21,0.0,76.81,1.98
20120120,23.43,0.0,73.45,1.56
20120121,23.25,0.0,76.34,2.21
20120122,23.39,0.0,76.39,3.04
20120123,22.98,0.0,74.59,3.04
20120124,23.17,0.03,72.68,2.75
20120125,23.36,0.0,74.57,2.8
20120126,24.03,0.02,72.81,2.77
20120127,24.48,3.56,73.77,2.5
20120128,24.23,0.0,76.78,2.94
20120129,24.07,0.0,75.74,3.23
20120130,24.52,3.3,71.72,3.54
20120131,24.37,2.5,73.22,3.93
20120201,23.86,0.0,75.02,4.1
20120202,24.05,0.0,75.75,4.32
20120203,24.31,0.0,73.26,4.47
20120204,23.64,0.0,75.89,3.49
20120205,23.76,0.0,77.84,3.12
20120206,24.29,0.1,80.76,2.7
20120207,24.24,0.0,80.53,2.43
20120208,25.1,0.0,75.73,2.12
20120209,25.67,0.0,75.99,1.99
20120210,25.69,0.0,80.53,2.32
20120211,25.36,0.0,80.12,2.41
20120212,25.48,0.0,76.49,2.48
20120213,25.16,0.0,79.8,2.79
20120214,25.14,0.0,79.48,2.41
20120215,25.17,0.0,77.75,1.95
20120216,25.61,0.0,78.99,2.17
20120217,25.34,0.0,78.63,2.74
20120218,24.8,0.0,77.26,3.05
20120219,24.84,0.0,77.16,2.84
20120220,25.55,0.0,70.17,1.9
20120221,25.69,0.0,72.2,2.26
20120222,25.59,0.0,71.08,2.16
20120223,25.0,0.0,68.93,2.37
20120224,25.39,0.0,63.66,1.9
20120225,25.32,0.0,63.61,2.31
20120226,25.27,0.0,69.62,2.86
20120227,25.15,0.0,73.63,2.52
20120228,26.11,0.0,69.17,1.98
20120229,27.28,0.45,79.33,3.39
20120301,27.69,0.0,80.02,3.4
20120302,27.81,0.0,78.52,3.83
20120303,28.22,0.18,77.32,3.95
20120304,28.12,0.01,78.17,3.73
20120305,27.4,0.02,78.31,2.66
20120306,27.36,0.0,71.9,2.63
20120307,27.56,0.0,71.8,3.6
20120308,28.47,0.0,71.29,3.64
20120309,28.85,0.0,73.12,2.63
20120310,28.2,0.0,72.21,2.56
20120311,27.56,0.0,71.36,3.1
20120312,28.09,0.8,71.11,3.48
20120313,27.96,0.47,77.39,3.01
20120314,28.72,0.12,72.81,2.79
20120315,28.96,0.14,71.09,2.87
20120316,29.16,0.0,68.82,2.56
20120317,28.95,0.0,69.43,2.98
20120318,28.73,0.0,70.09,2.97
20120319,28.81,0.0,66.96,3.58
20120320,29.16,0.01,68.16,4.51
20120321,28.9,0.01,72.3,3.86
20120322,29.04,0.02,71.14,3.71
20120323,28.61,0.0,70.65,3.41
20120324,28.14,0.0,64.47,2.72
20120325,27.67,0.0,63.82,2.72
20120326,27.56,0.0,63.54,2.69
20120327,28.15,0.05,66.15,2.66
20120328,28.67,0.17,70.96,2.72
20120329,29.56,0.12,67.98,2.63
20120330,29.62,0.17,70.12,3.59
20120331,29.38,0.42,70.92,3.56
20120401,28.79,0.26,69.96,3.22
20120402,29.0,0.1,66.9,2.78
20120403,29.19,0.0,65.9,3.07
20120404,29.6,0.0,64.54,3.45
20120405,30.05,0.02,64.78,4.05
20120406,30.01,0.14,67.89,4.13
20120407,30.12,0.19,70.85,3.88
20120408,30.07,0.18,70.44,4.09
20120409,30.24,0.15,68.04,4.06
20120410,30.46,0.08,68.04,4.17
20120411,30.41,0.33,68.18,4.11
20120412,30.41,0.37,68.33,3.8
20120413,30.36,0.26,67.63,3.51
20120414,29.85,0.13,69.22,3.1
20120415,29.78,0.15,67.33,2.4
20120416,30.13,0.21,69.69,3.03
20120417,30.87,0.27,67.06,3.88
20120418,30.81,0.22,68.74,4.21
20120419,30.88,0.19,66.65,4.0
20120420,30.52,0.17,68.13,3.29
20120421,31.25,0.02,61.45,3.31
20120422,30.42,0.09,68.63,3.44
20120423,29.93,0.16,73.56,2.92
20120424,30.48,1.23,68.35,2.59
20120425,29.4,5.49,71.25,3.25
20120426,28.67,2.64,80.08,2.48
20120427,29.31,0.76,78.08,2.83
20120428,30.69,0.42,69.34,3.49
20120429,30.2,1.42,71.95,3.51
20120430,29.86,1.1,76.19,3.04
20120501,30.22,0.46,74.37,3.65
20120502,30.46,0.18,71.5,3.54
20120503,31.12,0.19,67.93,4.53
20120504,31.97,0.14,63.43,4.39
20120505,32.26,0.28,59.13,4.49
20120506,32.66,0.08,55.87,3.89
20120507,32.1,0.1,60.33,3.32
20120508,31.77,0.47,63.39,3.46
20120509,31.58,0.38,66.76,4.03
20120510,30.68,5.59,71.48,3.75
20120511,29.67,0.71,76.41,3.36
20120512,30.33,0.84,72.34,2.97
20120513,30.8,0.34,67.0,2.72
20120514,30.87,0.5,70.3,4.07
20120515,31.61,0.6,67.74,3.85
20120516,31.69,0.19,63.5,2.5
20120517,32.68,0.21,62.04,3.67
20120518,33.2,0.28,58.3,4.06
20120519,32.5,0.25,64.87,5.04
20120520,31.01,5.71,69.74,3.27
20120521,30.33,1.51,69.68,4.34
20120522,30.56,0.16,67.21,3.07
20120523,31.18,0.04,63.67,3.07
20120524,31.92,0.15,61.18,3.33
20120525,32.08,0.11,58.86,4.96
20120526,30.07,0.53,68.96,5.28
20120527,31.83,0.44,59.76,4.31
20120528,32.98,0.07,55.36,4.54
20120529,30.77,0.25,64.26,4.72
20120530,31.3,0.0,64.34,4.58
20120531,32.77,0.02,56.92,4.81
20120601,32.5,0.01,52.75,5.72
20120602,33.28,0.0,52.26,3.78
20120603,33.68,0.11,50.58,4.43
20120604,31.95,0.15,58.88,4.89
20120605,33.51,0.01,52.69,5.0
20120606,32.77,0.05,48.36,4.66
20120607,33.01,0.25,49.92,4.78
20120608,30.73,4.96,55.89,4.98
20120609,31.11,0.9,59.78,3.0
20120610,31.54,0.15,58.28,2.46
20120611,32.26,0.23,52.9,3.08
20120612,31.66,0.91,57.66,4.19
20120613,30.66,5.55,63.89,3.5
20120614,30.22,3.55,70.08,3.56
20120615,30.09,0.28,67.62,2.75
20120616,29.96,1.16,68.5,3.43
20120617,29.12,1.03,67.77,4.82
20120618,29.0,1.01,65.8,6.55
20120619,30.68,1.9,55.74,6.09
20120620,30.86,0.2,54.78,5.31
20120621,31.09,0.39,55.41,5.47
20120622,31.22,0.07,55.36,3.27
20120623,31.68,0.08,56.07,3.58
20120624,31.09,0.13,60.47,3.97
20120625,30.34,0.47,63.86,3.22
20120626,30.49,2.74,64.74,2.93
20120627,29.39,4.09,69.17,1.9
20120628,28.92,12.4,68.99,3.39
20120629,29.77,0.29,65.85,3.45
20120630,29.06,6.09,70.0,3.99
20120701,29.43,0.73,66.97,3.09
20120702,28.88,1.07,67.39,4.39
20120703,29.88,0.23,65.49,4.48
20120704,30.64,1.05,60.93,3.55
20120705,31.01,0.2,59.58,3.59
20120706,30.33,0.09,64.16,3.12
20120707,30.19,2.38,67.17,3.02
20120708,29.17,1.76,72.26,2.61
20120709,28.21,3.66,76.52,3.73
20120710,29.58,6.46,71.07,3.43
20120711,29.8,6.26,67.28,2.98
20120712,30.15,4.78,69.62,2.03
20120713,29.99,14.97,70.21,2.69
20120714,27.62,19.99,82.35,2.92
20120715,28.14,7.57,78.08,2.79
20120716,28.35,0.87,76.1,2.46
20120717,28.29,10.74,80.15,2.95
20120718,28.72,1.01,74.54,2.93
20120719,29.99,0.08,65.76,3.01
20120720,29.5,0.19,69.7,3.08
20120721,30.02,1.36,69.18,3.0
20120722,29.89,0.37,68.95,2.97
20120723,29.95,0.21,68.89,3.63
20120724,29.8,0.15,68.52,3.29
20120725,29.98,0.51,68.12,2.95
20120726,30.24,1.12,67.87,2.84
20120727,30.04,1.77,68.03,2.7
20120728,29.96,1.08,66.4,2.94
20120729,29.99,0.46,64.43,2.98
20120730,29.69,0.07,63.2,3.47
20120731,30.17,0.1,61.28,4.32
20120801,30.28,0.03,62.98,3.32
20120802,30.49,0.05,58.32,4.29
20120803,29.84,3.35,63.01,3.69
20120804,29.55,3.01,65.56,3.81
20120805,30.0,4.18,64.45,3.04
20120806,29.72,1.47,61.75,3.84
20120807,29.09,1.02,66.91,3.71
20120808,28.41,8.35,76.17,3.07
20120809,29.02,3.72,69.9,4.07
20120810,29.44,1.92,66.57,4.3
20120811,28.82,7.07,73.9,3.98
20120812,28.4,0.41,74.89,3.06
20120813,28.25,18.01,75.34,2.92
20120814,27.9,7.42,75.87,2.96
20120815,28.32,10.79,76.41,2.72
20120816,28.57,1.05,75.25,2.93
20120817,28.59,2.76,75.51,2.74
20120818,28.98,0.76,72.02,3.69
20120819,29.23,0.17,69.8,3.48
20120820,29.55,0.2,70.22,3.08
20120821,28.84,1.09,75.4,2.75
20120822,28.4,0.44,79.04,2.69
20120823,29.11,2.24,74.8,3.47
20120824,29.12,1.41,74.19,2.41
20120825,28.18,20.65,80.58,2.86
20120826,28.17,5.87,76.75,2.95
20120827,28.11,1.3,71.91,2.83
20120828,28.08,3.63,75.18,3.72
20120829,27.66,1.2,79.8,3.62
20120830,27.65,1.11,77.46,4.02
20120831,28.82,0.24,74.89,4.54
20120901,28.7,0.18,74.06,3.33
20120902,28.36,5.92,75.82,3.15
20120903,28.76,2.17,75.56,3.88
20120904,29.1,2.38,72.39,4.19
20120905,29.59,0.29,70.83,3.35
20120906,29.44,6.19,74.47,2.8
20120907,28.37,9.83,77.87,2.77
20120908,27.22,11.52,83.13,3.38
20120909,28.11,2.05,78.05,3.17
20120910,28.05,4.69,74.98,3.24
20120911,28.33,1.3,73.04,3.13
20120912,28.73,0.23,72.13,2.94
20120913,28.56,3.53,76.46,2.38
20120914,27.92,11.03,81.19,2.73
20120915,28.52,6.64,79.08,2.58
20120916,29.03,0.19,72.19,2.85
20120917,28.84,1.79,75.05,2.15
20120918,28.47,0.74,74.94,2.57
20120919,28.26,1.55,79.29,2.33
20120920,28.53,5.92,78.82,2.74
20120921,28.56,2.15,78.63,2.22
20120922,29.12,0.74,77.26,2.6
20120923,28.75,1.02,74.72,2.2
20120924,29.1,2.13,71.63,2.38
20120925,28.45,1.18,73.78,2.64
20120926,28.3,4.94,77.15,1.86
20120927,26.93,1.48,80.86,1.33
20120928,27.05,5.59,79.44,1.58
20120929,27.41,5.99,76.64,1.72
20120930,26.78,4.83,81.28,2.3
20121001,26.99,2.05,81.36,2.89
20121002,28.71,0.37,76.38,4.16
20121003,28.63,0.11,72.73,3.8
20121004,28.94,0.06,67.46,3.19
20121005,29.18,0.04,73.07,2.76
20121006,28.95,0.36,77.46,2.16
20121007,28.35,0.36,76.15,1.34
20121008,28.71,0.46,70.79,2.12
20121009,28.81,0.26,67.93,1.6
20121010,28.48,0.15,71.83,2.39
20121011,28.49,0.08,71.49,1.47
20121012,28.34,0.46,74.57,1.41
20121013,27.9,4.75,79.86,1.91
20121014,27.24,25.8,83.41,1.31
20121015,27.09,12.11,81.56,1.7
20121016,27.47,6.44,77.76,2.21
20121017,27.15,12.72,82.08,3.93
20121018,26.88,28.43,83.87,3.65
20121019,26.69,54.0,88.22,3.42
20121020,25.71,56.93,85.1,4.37
20121021,26.73,26.45,81.96,3.1
20121022,26.81,13.11,84.58,3.23
20121023,27.02,21.7,84.63,3.69
20121024,26.71,11.63,85.96,2.38
20121025,26.81,5.37,84.08,2.97
20121026,26.74,0.38,80.5,3.27
20121027,26.96,2.04,78.62,4.27
20121028,27.14,17.95,82.13,5.7
20121029,27.16,20.47,80.56,5.68
20121030,26.19,40.7,87.63,5.75
20121031,26.08,55.83,90.11,8.81
20121101,26.47,9.31,86.71,6.31
20121102,27.32,2.76,85.59,5.41
20121103,27.42,4.1,83.62,3.45
20121104,26.95,3.39,84.36,1.98
20121105,27.01,0.08,84.52,2.6
20121106,26.74,0.24,84.51,1.8
20121107,26.96,1.95,83.4,1.79
20121108,26.74,3.48,80.48,1.75
20121109,26.7,0.02,80.23,2.31
20121110,26.47,0.31,80.78,3.56
20121111,25.88,0.09,77.4,3.68
20121112,25.58,0.08,80.1,4.26
20121113,24.84,0.14,77.39,4.92
20121114,24.34,0.07,75.18,5.04
20121115,24.14,0.04,75.72,4.33
20121116,23.83,0.01,77.26,4.17
20121117,23.86,0.0,72.1,3.12
20121118,23.2,0.0,69.49,2.99
20121119,24.18,0.04,73.67,2.37
20121120,26.1,0.22,81.16,2.69
20121121,26.95,2.15,86.29,3.95
20121122,26.72,6.95,90.72,3.12
20121123,26.38,16.48,86.15,3.62
20121124,25.88,0.91,85.6,2.96
20121125,26.21,0.95,84.07,3.51
20121126,26.04,0.2,81.56,3.85
20121127,25.52,0.28,79.57,4.0
20121128,24.5,0.0,77.55,3.51
20121129,24.21,0.01,76.69,2.73
20121130,24.21,0.0,75.51,2.36
20121201,24.69,0.0,75.25,3.03
20121202,24.73,3.23,78.61,4.37
20121203,25.7,35.54,88.52,5.57
20121204,25.95,31.62,89.25,4.99
20121205,26.65,7.7,86.91,4.19
20121206,26.22,0.79,82.15,3.8
20121207,25.86,0.06,80.2,2.63
20121208,24.95,0.01,82.07,2.23
20121209,24.54,0.0,78.58,1.65
20121210,24.46,0.0,80.0,1.49
20121211,25.02,0.0,79.46,1.86
20121212,25.06,0.0,80.29,1.88
20121213,25.2,0.0,81.03,1.96
20121214,24.99,0.03,80.88,3.11
20121215,24.91,0.08,77.72,4.36
20121216,25.12,0.44,75.87,5.38
20121217,25.15,1.15,76.26,5.74
20121218,24.77,1.21,77.33,4.94
20121219,24.77,1.5,78.5,3.99
20121220,24.88,0.59,80.45,3.85
20121221,24.9,0.16,78.4,3.98
20121222,24.34,0.01,78.77,4.48
20121223,24.49,0.02,78.93,4.49
20121224,24.83,0.05,78.2,4.29
20121225,25.16,0.31,80.34,5.16
20121226,25.52,0.82,82.78,5.34
20121227,25.24,1.93,83.82,5.49
20121228,25.55,5.84,86.72,5.03
20121229,26.08,17.78,87.99,5.15
20121230,26.45,3.8,85.64,3.79
20121231,26.3,1.04,82.87,3.19
20130101,25.57,0.14,79.28,2.92
20130102,24.45,0.0,80.31,2.41
20130103,25.37,0.0,83.67,2.25
20130104,25.63,0.02,85.57,2.27
20130105,25.65,0.0,83.97,2.68
20130106,25.7,0.06,82.07,3.26
20130107,25.18,0.0,78.99,3.72
20130108,25.53,0.11,78.63,4.06
20130109,25.37,0.14,77.78,4.49
20130110,24.86,0.0,77.46,3.7
20130111,24.32,0.0,79.94,3.43
20130112,24.21,0.0,76.21,3.35
20130113,23.75,0.0,73.8,2.87
20130114,23.69,0.0,75.32,2.31
20130115,24.03,0.0,79.14,2.52
20130116,24.38,0.0,77.75,3.19
20130117,24.52,0.02,74.75,3.4
20130118,24.79,0.04,72.35,3.35
20130119,24.75,0.05,69.08,3.16
20130120,24.82,0.03,78.23,3.58
20130121,24.85,0.0,69.57,4.1
20130122,24.53,0.0,70.65,3.99
20130123,24.7,0.01,72.14,3.91
20130124,24.78,0.0,71.35,3.7
20130125,24.42,0.0,71.17,4.08
20130126,24.66,0.0,71.14,3.86
20130127,25.08,0.0,72.78,3.34
20130128,25.26,0.0,73.04,3.21
20130129,25.25,0.0,74.71,2.82
20130130,25.29,0.0,75.46,3.37
20130131,24.75,0.0,72.7,4.0
20130201,24.34,0.0,68.89,3.88
20130202,24.12,0.02,72.31,3.43
20130203,24.24,0.0,73.79,3.33
20130204,25.23,0.06,76.91,3.02
20130205,25.94,0.2,76.24,3.49
20130206,26.14,0.0,72.95,3.03
20130207,25.84,0.0,72.65,2.13
20130208,26.01,0.03,72.8,2.12
20130209,25.95,0.06,71.98,3.32
20130210,26.14,0.06,72.86,4.58
20130211,26.37,0.03,72.19,4.54
20130212,26.24,0.0,70.41,4.46
20130213,26.23,0.03,74.18,3.91
20130214,26.89,1.49,76.77,2.94
20130215,26.32,3.48,77.23,2.5
20130216,27.11,3.98,77.33,3.04
20130217,27.17,5.49,80.63,2.64
20130218,27.26,2.69,78.08,2.44
20130219,27.08,0.48,74.39,4.02
20130220,26.29,0.02,73.68,3.8
20130221,26.05,0.0,71.1,3.95
20130222,25.78,0.0,73.3,3.74
20130223,25.88,0.0,69.75,3.22
20130224,25.14,0.0,69.02,2.77
20130225,25.26,0.0,66.76,2.59
20130226,25.71,0.0,66.1,2.9
20130227,26.55,0.0,65.98,2.73
20130228,26.94,0.0,67.3,3.05
20130301,26.61,0.0,64.27,3.22
20130302,26.58,0.0,69.91,3.73
20130303,26.5,0.0,67.3,3.97
20130304,27.24,0.01,68.42,3.9
20130305,27.32,6.9,76.85,4.4
20130306,27.16,25.04,82.18,3.87
20130307,27.29,5.83,79.33,3.73
20130308,27.11,0.1,76.79,2.82
20130309,27.76,0.02,73.19,2.46
20130310,27.95,0.0,72.64,2.6
20130311,27.63,0.0,69.71,2.74
20130312,27.32,0.0,68.87,2.46
20130313,27.45,0.0,68.25,2.4
20130314,27.38,0.0,70.88,2.85
20130315,27.02,0.1,73.76,3.04
20130316,27.03,0.02,70.02,2.81
20130317,27.45,0.0,65.83,2.75
20130318,27.27,0.0,68.09,2.66
20130319,27.9,0.0,69.06,2.71
20130320,28.09,0.0,69.25,2.29
20130321,27.81,0.0,66.6,2.39
20130322,28.58,0.0,64.13,2.95
20130323,28.41,0.0,66.6,3.3
20130324,27.76,0.11,67.11,2.84
20130325,28.49,0.0,67.58,2.51
20130326,29.34,0.0,68.22,3.32
20130327,29.38,0.01,70.49,3.62
20130328,29.18,0.06,70.56,3.2
20130329,29.35,0.32,73.73,3.37
20130330,29.51,0.08,74.27,3.8
20130331,29.33,0.06,72.8,3.67
20130401,29.56,0.01,71.75,3.63
20130402,29.67,1.14,72.38,3.88
20130403,29.75,0.01,65.15,2.95
20130404,30.18,0.0,65.49,3.93
20130405,31.23,0.05,65.65,4.31
20130406,31.07,0.11,66.21,3.74
20130407,31.15,0.01,66.38,4.68
20130408,30.44,0.11,71.55,3.99
20130409,30.17,0.02,71.87,3.85
20130410,30.01,0.0,66.74,3.78
20130411,29.68,0.0,67.85,3.45
20130412,30.02,0.02,69.35,3.56
20130413,30.17,0.07,67.16,3.52
20130414,30.16,0.41,73.13,3.48
20130415,31.15,0.18,69.01,4.16
20130416,32.16,0.19,64.74,3.72
20130417,32.18,0.16,65.21,4.96
20130418,32.01,2.35,64.1,4.63
20130419,31.43,0.53,63.51,4.66
20130420,31.06,0.6,67.34,3.9
20130421,30.59,0.78,69.08,4.4
20130422,30.61,0.33,69.79,3.65
20130423,30.82,0.29,68.62,3.58
20130424,30.33,0.3,70.64,3.05
20130425,30.36,0.25,70.23,3.27
20130426,30.45,0.84,67.81,2.94
20130427,31.05,0.07,61.72,2.95
20130428,31.54,0.2,64.78,3.43
20130429,31.53,0.3,66.54,3.46
20130430,31.05,0.05,68.92,3.32
20130501,30.81,0.1,68.91,3.24
20130502,31.63,0.26,67.3,4.19
20130503,32.38,0.32,64.54,4.38
20130504,32.08,0.44,67.9,4.41
20130505,31.48,0.81,68.79,4.56
20130506,30.72,0.41,71.9,3.1
20130507,31.28,0.47,69.06,3.09
20130508,32.75,0.37,61.98,4.24
20130509,33.09,0.47,63.29,3.84
20130510,32.9,0.42,61.0,4.57
20130511,32.92,0.81,61.83,3.93
20130512,32.65,9.05,65.54,3.65
20130513,31.08,6.01,64.27,1.83
20130514,32.19,5.29,60.99,2.74
20130515,32.19,2.39,63.15,3.34
20130516,31.34,0.48,63.09,3.92
20130517,32.16,0.0,62.76,3.9
20130518,31.9,0.02,66.54,3.9
20130519,31.66,0.02,67.19,4.0
20130520,30.91,0.05,72.29,4.97
20130521,32.22,0.06,54.08,4.06
20130522,32.87,2.19,56.62,4.16
20130523,33.05,0.14,58.63,4.46
20130524,33.3,0.01,55.34,4.0
20130525,30.33,0.02,65.43,6.3
20130526,29.05,0.34,63.63,5.41
20130527,30.6,0.34,63.38,3.73
20130528,30.23,2.16,62.95,2.83
20130529,28.56,0.41,72.74,3.97
20130530,30.42,0.79,67.98,3.61
20130531,29.32,14.27,75.87,3.63
20130601,28.84,2.46,74.35,3.18
20130602,28.64,22.1,76.45,4.05
20130603,28.75,4.89,74.11,3.39
20130604,29.25,0.07,72.63,2.31
20130605,29.45,1.56,73.47,2.73
20130606,28.95,20.41,78.03,2.76
20130607,29.06,8.41,79.53,3.34
20130608,27.85,1.44,74.92,4.34
20130609,29.87,0.38,63.61,5.52
20130610,29.58,0.35,62.14,4.23
20130611,29.52,1.58,67.21,4.58
20130612,29.75,1.04,65.36,5.05
20130613,29.49,0.29,62.24,5.64
20130614,29.86,0.95,59.52,5.82
20130615,30.03,0.13,64.0,4.08
20130616,30.95,0.27,62.94,4.5
20130617,30.49,0.24,63.47,4.62
20130618,30.51,0.6,62.01,4.52
20130619,30.51,0.22,65.35,4.09
20130620,30.77,0.28,62.18,4.0
20130621,30.65,0.36,63.67,3.85
20130622,29.94,0.4,63.23,5.33
20130623,30.32,0.12,57.98,5.83
20130624,30.26,1.44,59.23,6.0
20130625,31.38,0.41,59.47,5.22
20130626,30.84,2.73,64.89,4.41
20130627,29.59,9.44,72.04,3.87
20130628,29.5,13.13,71.61,3.49
20130629,29.56,7.05,70.48,3.55
20130630,28.9,4.47,70.29,3.23
20130701,29.26,0.66,66.27,4.15
20130702,29.69,0.63,62.51,4.98
20130703,28.75,0.96,66.38,5.32
20130704,29.45,1.35,68.86,3.45
20130705,29.22,0.26,71.02,2.75
20130706,29.37,14.66,71.76,2.68
20130707,28.48,3.25,74.52,2.91
20130708,28.86,0.92,71.55,3.16
20130709,29.08,0.86,69.18,3.43
20130710,28.48,13.5,72.29,3.06
20130711,28.78,4.05,68.87,3.22
20130712,28.33,1.15,71.92,3.62
20130713,29.19,0.46,69.25,3.11
20130714,28.97,0.33,71.52,3.15
20130715,28.77,8.36,74.68,3.33
20130716,28.41,3.06,73.36,4.05
20130717,28.72,0.33,71.01,3.83
20130718,28.99,3.69,69.56,4.18
20130719,28.24,12.87,75.19,4.74
20130720,28.84,8.1,72.97,4.72
20130721,27.33,3.92,76.64,4.86
20130722,28.25,2.84,73.58,4.81
20130723,29.08,1.22,68.38,4.64
20130724,28.9,0.95,66.4,5.59
20130725,29.38,0.22,62.88,5.49
20130726,29.42,0.3,64.97,4.49
20130727,29.23,0.02,70.33,3.57
20130728,29.73,0.5,68.66,3.16
20130729,29.04,0.21,64.62,5.03
20130730,29.73,0.18,62.47,4.97
20130731,30.24,0.19,61.25,6.26
20130801,30.0,1.06,62.63,5.38
20130802,30.12,0.41,63.8,4.58
20130803,29.33,2.62,67.74,4.03
20130804,28.9,2.61,72.91,3.44
20130805,27.66,3.71,77.24,3.28
20130806,28.69,0.36,72.62,2.93
20130807,29.36,1.57,69.23,2.62
20130808,29.48,13.29,72.46,2.73
20130809,26.69,12.56,81.4,3.14
20130810,28.31,5.12,74.67,2.38
20130811,28.56,4.49,75.36,2.28
20130812,28.62,7.3,75.15,2.8
20130813,28.41,7.66,75.41,2.81
20130814,27.54,24.01,78.16,3.42
20130815,27.14,14.44,80.69,3.35
20130816,27.17,24.69,83.16,3.34
20130817,28.17,2.77,77.89,3.2
20130818,28.56,1.63,76.94,3.04
20130819,28.29,3.18,77.96,3.05
20130820,28.84,2.58,74.72,3.64
20130821,28.46,2.64,73.86,4.08
20130822,28.99,0.94,71.61,3.38
20130823,29.32,0.36,70.73,3.33
20130824,29.24,0.76,71.96,2.98
20130825,29.09,1.32,73.96,2.84
20130826,28.39,0.65,75.34,2.59
20130827,28.71,0.62,76.72,2.44
20130828,28.47,6.9,80.7,1.78
20130829,28.47,16.85,80.15,1.4
20130830,28.66,6.03,78.69,1.68
20130831,28.35,1.44,82.56,2.34
20130901,28.49,1.0,80.42,2.43
20130902,28.06,1.49,83.48,3.33
20130903,27.81,16.89,80.17,3.98
20130904,27.4,2.28,79.13,3.31
20130905,28.1,3.04,76.32,2.45
20130906,27.71,15.1,78.07,2.74
20130907,27.18,7.84,81.61,2.66
20130908,27.22,17.6,80.87,1.84
20130909,27.02,5.86,83.12,2.81
20130910,27.07,29.15,85.55,3.54
20130911,27.36,20.47,83.38,2.29
20130912,27.27,15.84,83.49,2.0
20130913,27.41,8.42,83.33,1.65
20130914,27.73,3.07,81.47,1.41
20130915,27.79,7.18,84.68,2.99
20130916,27.61,6.38,84.96,3.79
20130917,27.95,2.5,84.49,3.74
20130918,27.95,2.67,83.52,3.57
20130919,28.16,1.14,80.66,3.78
20130920,27.46,0.76,82.23,4.92
20130921,27.78,0.55,81.24,3.93
20130922,28.46,0.01,78.5,3.52
20130923,27.59,0.09,77.7,2.9
20130924,28.58,0.07,74.47,2.67
20130925,28.0,0.3,76.73,2.36
20130926,28.49,2.87,79.44,2.3
20130927,28.76,0.52,80.12,2.39
20130928,28.48,2.85,79.54,2.26
20130929,28.0,1.21,76.86,3.25
20130930,27.87,2.9,77.35,3.14
20131001,28.6,1.82,78.18,2.83
20131002,28.19,2.19,81.46,2.55
20131003,27.1,6.76,85.99,2.24
20131004,27.4,1.35,79.49,2.53
20131005,28.02,0.0,74.39,2.74
20131006,27.91,0.03,76.66,2.85
20131007,28.43,2.96,80.0,3.22
20131008,27.5,9.78,86.15,2.49
20131009,27.41,8.55,83.42,2.86
20131010,27.03,5.67,83.66,2.02
20131011,27.65,1.93,80.03,2.37
20131012,28.2,0.7,75.45,3.03
20131013,28.46,0.4,76.71,2.96
20131014,28.7,0.99,77.35,2.15
20131015,28.53,5.02,80.3,1.89
20131016,28.63,1.22,78.21,1.75
20131017,27.68,1.18,81.92,2.07
20131018,27.23,3.65,83.44,2.43
20131019,27.57,7.34,78.06,1.78
20131020,26.94,21.28,81.92,2.87
20131021,26.4,28.09,88.79,3.96
20131022,26.48,18.59,85.39,3.3
20131023,27.54,7.14,82.57,2.59
20131024,27.08,3.27,84.99,3.71
20131025,27.51,4.24,86.77,4.07
20131026,27.61,3.4,86.14,3.41
20131027,27.29,5.71,84.42,2.75
20131028,27.19,1.47,83.14,1.69
20131029,27.26,0.73,79.1,1.05
20131030,27.24,0.5,80.57,2.78
20131031,26.96,0.43,80.58,3.58
20131101,26.43,3.15,87.54,3.14
20131102,26.62,6.05,87.39,3.14
20131103,26.89,7.15,86.33,3.59
20131104,27.23,7.37,81.72,4.3
20131105,26.67,7.35,81.37,4.41
20131106,26.64,2.93,76.32,4.3
20131107,26.54,1.16,79.21,4.33
20131108,26.3,0.2,68.97,3.54
20131109,25.81,0.08,71.78,3.66
20131110,26.5,0.18,76.58,3.92
20131111,26.34,0.0,79.65,4.13
20131112,26.01,0.0,76.17,4.33
20131113,25.69,0.55,79.84,4.72
20131114,25.59,0.94,78.24,4.85
20131115,25.07,3.98,81.96,5.58
20131116,25.83,52.06,88.23,5.75
20131117,26.33,14.59,84.94,3.55
20131118,25.86,7.6,86.02,3.22
20131119,26.34,0.59,80.47,3.95
20131120,26.01,1.26,84.78,4.32
20131121,26.36,1.98,83.97,2.37
20131122,26.84,2.42,80.29,1.5
20131123,26.45,5.88,84.83,2.36
20131124,25.89,6.29,86.6,2.14
20131125,26.07,2.03,85.31,2.57
20131126,26.1,0.0,80.68,2.44
20131127,25.95,0.0,82.72,3.19
20131128,25.08,0.0,78.37,2.04
20131129,25.55,0.0,80.6,2.3
20131130,25.8,4.25,85.19,3.2
20131201,25.79,6.41,85.8,2.64
20131202,25.72,23.76,86.61,2.76
20131203,25.65,2.24,83.62,3.69
20131204,25.88,2.2,77.24,5.24
20131205,25.65,2.84,82.25,5.68
20131206,25.01,2.98,81.25,6.54
20131207,24.84,3.52,84.18,6.28
20131208,25.13,3.4,86.07,5.95
20131209,24.53,0.07,76.6,4.84
20131210,24.16,0.0,71.06,2.96
20131211,25.29,0.78,76.03,4.15
20131212,25.64,7.29,87.53,6.55
20131213,25.7,2.48,84.58,3.39
20131214,25.63,0.27,84.17,3.7
20131215,24.29,0.0,73.0,4.17
20131216,23.39,0.0,71.75,4.01
20131217,24.32,0.02,72.39,3.9
20131218,24.0,0.22,70.58,3.43
20131219,23.67,0.13,71.97,3.07
20131220,23.61,0.0,72.19,3.06
20131221,23.41,0.0,73.1,2.86
20131222,24.31,0.03,69.24,3.24
20131223,24.9,0.13,69.28,3.46
20131224,24.85,0.19,73.47,4.16
20131225,24.8,0.14,73.32,4.33
20131226,24.18,0.08,73.04,3.41
20131227,24.5,0.09,70.74,3.24
20131228,24.85,0.0,66.3,3.05
20131229,24.46,0.0,61.88,3.41
20131230,24.78,0.04,63.04,3.4
20131231,25.24,0.05,68.71,3.57
20140101,25.02,0.68,72.98,4.27
20140102,24.79,0.9,72.77,4.59
20140103,25.08,0.01,75.34,4.55
20140104,24.92,0.0,72.58,4.38
20140105,24.65,0.38,76.07,4.31
20140106,24.8,0.01,75.62,4.42
20140107,25.09,0.01,73.91,4.43
20140108,25.31,0.1,73.63,4.6
20140109,25.17,0.04,73.53,3.76
20140110,24.65,0.08,73.52,3.38
20140111,24.36,0.0,73.09,2.66
20140112,24.71,0.11,75.81,3.23
20140113,25.08,0.14,75.89,4.05
20140114,25.07,0.0,71.56,3.69
20140115,25.22,0.0,71.29,3.21
20140116,24.93,0.01,75.71,3.23
20140117,24.64,0.0,74.3,3.88
20140118,24.82,0.01,71.56,3.51
20140119,25.08,0.36,77.53,4.3
20140120,25.1,0.13,73.54,4.08
20140121,25.12,0.0,70.4,4.48
20140122,25.09,0.0,67.2,3.91
20140123,24.99,0.01,66.22,3.57
20140124,24.86,0.0,68.82,3.41
20140125,24.98,0.0,70.42,3.86
20140126,24.87,0.0,69.75,4.51
20140127,25.45,0.03,66.48,4.64
20140128,25.09,0.0,64.04,4.24
20140129,25.03,0.0,62.62,4.11
20140130,24.78,0.0,66.02,4.41
20140131,25.18,0.0,72.05,4.3
20140201,25.32,0.0,74.53,4.4
20140202,25.08,0.01,74.29,4.2
20140203,24.74,0.0,70.89,3.44
20140204,24.85,0.0,68.96,2.91
20140205,24.93,0.0,65.24,2.49
20140206,25.2,0.0,63.96,2.61
20140207,25.06,0.0,64.4,2.38
20140208,25.44,0.0,61.89,2.55
20140209,25.49,0.0,61.99,2.61
20140210,25.56,0.0,65.3,3.35
20140211,25.79,0.0,65.54,3.42
20140212,26.21,0.0,63.68,3.34
20140213,26.56,0.0,63.54,3.4
20140214,26.47,0.0,65.89,3.17
20140215,26.67,0.0,68.33,2.95
20140216,27.11,1.49,71.8,3.23
20140217,27.19,0.51,73.72,3.13
20140218,26.96,0.16,73.03,4.15
20140219,26.52,0.1,73.15,4.26
20140220,26.16,0.0,67.79,3.81
20140221,25.84,0.0,66.31,3.25
20140222,25.81,0.0,63.57,3.23
20140223,25.7,0.0,69.18,3.45
20140224,26.24,4.17,77.61,4.55
20140225,26.49,0.07,70.26,3.8
20140226,26.23,0.0,67.0,2.91
20140227,26.01,0.0,68.8,2.86
20140228,26.59,0.01,68.36,3.05
20140301,26.78,0.07,66.41,3.37
20140302,27.15,0.13,67.88,3.08
20140303,27.48,0.02,66.25,3.85
20140304,27.48,0.03,65.8,3.74
20140305,27.09,0.02,69.16,3.57
20140306,27.47,0.03,65.12,3.38
20140307,27.06,0.23,68.64,3.53
20140308,27.23,0.06,67.53,3.62
20140309,27.14,0.0,67.44,3.85
20140310,27.56,0.0,66.25,3.6
20140311,27.23,0.0,66.64,3.63
20140312,27.53,0.01,64.13,3.31
20140313,27.19,0.0,66.25,3.14
20140314,27.07,0.0,63.08,2.92
20140315,27.11,0.0,63.03,3.08
20140316,27.62,0.0,65.07,3.41
20140317,27.8,0.0,67.06,3.13
20140318,28.38,0.0,63.68,2.9
20140319,28.75,0.0,66.62,2.86
20140320,29.37,0.0,66.45,2.69
20140321,29.39,0.08,66.07,2.76
20140322,29.36,0.0,66.29,3.39
20140323,29.05,0.0,65.89,3.59
20140324,28.67,0.0,65.83,3.0
20140325,28.82,0.0,63.8,2.68
20140326,28.76,0.0,62.31,2.69
20140327,28.45,0.0,58.91,2.15
20140328,29.43,0.0,53.73,2.09
20140329,29.83,0.0,54.47,2.45
20140330,29.98,0.0,57.45,3.25
20140331,30.21,0.0,55.63,3.37
20140401,30.11,0.0,60.71,3.62
20140402,30.01,0.0,66.72,3.79
20140403,29.48,0.01,66.59,3.32
20140404,29.86,0.02,64.74,3.19
20140405,30.13,0.16,67.81,3.46
20140406,30.01,0.04,69.14,3.67
20140407,30.28,0.09,68.21,3.65
20140408,30.81,0.07,65.99,4.3
20140409,31.11,0.19,65.21,4.01
20140410,30.54,0.09,66.11,2.93
20140411,31.36,0.07,61.02,3.45
20140412,30.85,0.03,64.78,3.74
20140413,29.9,0.05,70.03,3.46
20140414,29.35,0.04,73.11,3.23
20140415,30.04,0.02,66.41,2.96
20140416,30.2,0.02,63.26,3.03
20140417,30.62,0.01,64.64,3.73
20140418,30.16,0.11,70.15,3.51
20140419,29.89,0.02,65.61,2.49
20140420,29.81,0.01,62.28,2.64
20140421,29.87,0.0,66.51,2.74
20140422,30.17,0.01,64.3,2.8
20140423,30.62,0.07,63.0,2.41
20140424,30.96,0.06,65.33,3.18
20140425,31.29,0.1,67.93,3.95
20140426,30.68,0.31,71.11,3.88
20140427,29.9,0.15,74.44,3.42
20140428,30.53,0.1,69.67,3.43
20140429,30.42,0.25,71.52,3.91
20140430,30.23,0.36,70.71,3.75
20140501,30.83,0.46,64.8,3.98
20140502,30.74,1.26,70.95,4.58
20140503,30.56,4.12,70.69,4.02
20140504,29.8,8.19,72.19,3.61
20140505,28.8,11.83,76.94,3.16
20140506,28.27,12.26,80.89,3.65
20140507,28.4,12.62,81.2,3.57
20140508,29.0,8.76,77.75,5.2
20140509,29.85,1.73,76.01,5.88
20140510,30.31,0.25,73.81,3.92
20140511,29.88,0.27,74.47,3.28
20140512,30.23,0.18,75.42,2.84
20140513,30.22,0.12,76.99,3.63
20140514,31.55,0.54,66.69,3.08
20140515,31.67,0.39,62.63,3.18
20140516,31.72,0.03,63.62,3.3
20140517,31.38,0.39,66.7,2.99
20140518,30.69,0.18,71.16,2.38
20140519,30.43,0.25,73.1,3.1
20140520,30.78,0.47,72.72,3.3
20140521,31.17,0.61,64.85,3.4
20140522,31.76,7.9,65.84,3.79
20140523,31.23,0.66,69.74,4.16
20140524,31.44,1.28,70.74,4.24
20140525,30.29,0.33,72.86,3.64
20140526,29.74,4.3,77.3,2.96
20140527,30.05,2.52,76.92,3.56
20140528,30.25,0.74,78.09,3.7
20140529,30.09,3.31,78.06,3.7
20140530,30.75,0.14,71.64,2.94
20140531,30.96,0.48,73.44,2.78
20140601,30.96,1.21,74.23,2.94
20140602,31.55,19.61,70.78,2.94
20140603,29.6,3.06,76.9,2.53
20140604,30.68,0.32,69.29,3.16
20140605,31.08,5.79,71.38,2.72
20140606,31.1,0.82,72.62,3.23
20140607,31.67,0.31,67.91,3.72
20140608,29.41,13.79,74.57,4.2
20140609,28.68,3.3,76.17,3.3
20140610,30.82,0.02,66.55,3.85
20140611,32.08,0.21,61.88,3.89
20140612,30.93,1.52,64.39,3.72
20140613,30.81,0.36,64.14,3.58
20140614,31.01,0.5,64.72,2.54
20140615,30.69,0.27,62.13,2.7
20140616,31.44,0.0,56.03,3.33
20140617,31.63,0.1,62.67,3.87
20140618,31.26,0.01,60.38,3.81
20140619,31.62,0.0,61.07,4.21
20140620,30.96,2.91,66.13,4.37
20140621,31.1,2.86,65.57,3.8
20140622,30.64,0.89,63.62,3.51
20140623,30.71,0.14,64.32,2.99
20140624,31.16,0.01,64.68,3.18
20140625,31.58,0.2,61.84,3.33
20140626,31.21,0.07,63.94,2.83
20140627,30.98,1.52,69.53,3.5
20140628,30.34,16.49,74.17,3.2
20140629,29.89,23.5,75.29,2.81
20140630,30.22,2.37,70.08,4.07
20140701,29.92,0.99,73.71,3.17
20140702,31.02,0.1,67.29,2.95
20140703,30.92,0.03,63.2,2.96
20140704,31.41,0.11,65.35,3.04
20140705,30.61,5.64,70.37,2.79
20140706,28.11,2.06,74.95,3.01
20140707,28.41,0.82,72.3,2.87
20140708,28.31,1.88,74.71,3.46
20140709,28.95,5.04,65.95,3.99
20140710,29.49,3.42,66.22,4.65
20140711,28.89,4.38,67.39,5.3
20140712,29.59,0.85,63.55,5.41
20140713,29.88,3.75,63.0,5.75
20140714,29.55,2.52,63.26,5.31
20140715,29.43,0.66,66.42,5.01
20140716,30.09,0.0,66.03,4.07
20140717,30.85,0.0,63.43,3.83
20140718,30.34,0.0,66.04,3.79
20140719,30.87,0.02,62.39,4.56
20140720,30.67,0.2,64.32,3.94
20140721,31.12,0.2,61.28,4.84
20140722,31.15,0.76,59.33,4.87
20140723,30.59,0.1,59.9,4.98
20140724,30.83,0.3,58.06,5.43
20140725,31.24,1.94,59.44,4.06
20140726,30.41,1.61,65.12,3.83
20140727,30.44,1.32,65.14,3.59
20140728,29.93,1.72,66.31,3.82
20140729,31.03,0.44,59.95,4.27
20140730,31.14,1.94,60.13,4.94
20140731,30.03,1.69,64.94,4.3
20140801,31.14,0.38,62.07,3.96
20140802,30.98,0.01,61.26,3.5
20140803,31.08,3.98,62.03,3.95
20140804,30.74,0.81,61.51,4.87
20140805,30.28,5.33,64.56,4.49
20140806,30.47,4.14,63.29,3.62
20140807,29.71,5.38,66.33,3.0
20140808,29.33,20.93,71.25,3.0
20140809,28.54,6.98,73.71,2.78
20140810,29.09,2.53,72.36,2.98
20140811,28.0,5.64,76.24,4.09
20140812,28.4,9.47,76.22,3.15
20140813,28.97,3.66,70.9,2.82
20140814,28.99,1.47,72.2,2.64
20140815,27.27,7.65,79.27,2.9
20140816,27.73,20.34,75.31,2.31
20140817,27.31,5.42,80.36,2.26
20140818,27.46,3.49,82.21,2.97
20140819,27.85,0.52,80.96,3.07
20140820,28.6,0.12,78.85,2.93
20140821,28.78,0.16,78.04,3.56
20140822,28.5,1.63,80.14,3.2
20140823,28.53,2.59,79.13,3.54
20140824,28.57,22.44,79.15,3.38
20140825,27.97,3.43,79.99,2.86
20140826,28.96,1.64,72.21,2.41
20140827,27.36,2.39,77.27,3.21
20140828,28.14,3.44,74.76,3.65
20140829,28.98,0.77,69.78,4.48
20140830,29.65,0.06,65.77,5.28
20140831,29.5,0.03,61.61,5.53
20140901,28.81,0.89,71.05,4.52
20140902,28.95,0.1,73.17,3.77
20140903,28.15,18.07,77.21,3.61
20140904,27.35,5.94,80.08,3.05
20140905,28.18,5.77,77.5,2.83
20140906,28.18,2.54,72.34,3.03
20140907,28.23,6.82,73.25,4.08
20140908,28.39,1.63,73.64,3.43
20140909,28.59,1.09,73.6,2.91
20140910,28.9,1.35,71.07,2.91
20140911,29.23,0.83,71.16,2.89
20140912,28.91,3.29,74.99,2.35
20140913,27.74,2.35,77.07,2.6
20140914,28.24,4.93,76.78,2.15
20140915,28.04,20.79,78.73,2.15
20140916,27.74,12.22,77.98,2.93
20140917,27.73,6.14,78.77,2.97
20140918,27.76,1.91,80.12,2.62
20140919,28.46,3.27,77.37,2.1
20140920,28.69,9.18,78.27,2.33
20140921,28.4,16.26,81.63,1.76
20140922,28.14,5.28,82.79,1.9
20140923,28.43,0.66,82.41,2.13
20140924,28.51,0.96,82.5,2.06
20140925,28.18,0.95,82.83,2.22
20140926,28.01,0.48,81.17,1.94
20140927,27.17,0.97,84.15,1.52
20140928,27.26,2.51,83.07,1.66
20140929,27.6,1.45,82.31,1.97
20140930,27.56,0.64,82.08,1.88
20141001,27.78,0.18,77.9,2.12
20141002,27.89,0.03,74.65,2.16
20141003,28.21,0.01,74.28,1.51
20141004,28.72,0.12,71.4,1.61
20141005,28.82,0.88,73.46,1.51
20141006,29.19,2.54,75.47,1.46
20141007,27.98,7.46,83.55,1.48
20141008,27.55,3.53,82.84,1.28
20141009,27.82,1.34,79.22,1.62
20141010,28.95,0.51,75.17,1.87
20141011,29.51,0.78,76.12,3.41
20141012,28.66,0.81,74.25,3.97
20141013,28.71,0.84,77.53,3.54
20141014,28.49,2.96,82.18,2.74
20141015,27.83,13.85,82.4,2.54
20141016,27.22,11.89,82.33,2.6
20141017,27.02,40.13,78.56,2.89
20141018,26.24,54.79,89.5,3.39
20141019,25.99,42.7,84.16,3.2
20141020,26.19,26.88,83.19,2.9
20141021,27.12,13.23,77.81,3.49
20141022,26.87,8.71,82.55,3.22
20141023,25.85,27.01,88.78,2.42
20141024,26.34,12.07,85.12,1.98
20141025,27.02,11.59,84.99,2.34
20141026,26.75,9.66,86.84,2.19
20141027,26.82,15.04,83.75,1.93
20141028,27.0,6.03,83.35,2.98
20141029,26.72,1.33,86.42,4.25
20141030,26.59,0.11,83.98,4.67
20141031,25.69,5.22,86.42,4.41
20141101,26.14,10.8,88.95,4.79
20141102,25.84,7.67,89.17,5.48
20141103,25.33,6.2,85.65,4.35
20141104,25.84,1.01,81.85,3.63
20141105,25.23,0.03,72.37,2.97
20141106,25.73,0.0,70.68,3.25
20141107,26.21,0.0,76.89,2.78
20141108,26.16,0.01,75.98,2.33
20141109,26.23,0.51,75.35,2.0
20141110,25.94,0.01,78.89,2.03
20141111,26.26,8.24,85.49,3.01
20141112,25.86,22.84,88.53,4.33
20141113,26.02,39.26,90.23,5.73
20141114,26.39,14.44,88.03,2.91
20141115,26.14,0.85,84.19,3.47
20141116,25.61,0.4,83.4,3.62
20141117,25.55,0.0,79.52,3.75
20141118,25.83,0.17,82.12,4.24
20141119,25.99,0.54,80.89,4.08
20141120,26.01,0.51,78.4,3.95
20141121,25.89,0.22,79.59,3.44
20141122,25.48,0.25,78.59,3.58
20141123,25.3,0.18,80.53,3.71
20141124,25.11,0.04,79.5,4.18
20141125,25.03,0.27,76.39,4.52
20141126,24.93,0.72,76.64,4.48
20141127,24.86,0.33,76.61,4.58
20141128,24.09,6.83,81.78,5.08
20141129,24.19,5.75,85.55,5.1
20141130,24.99,8.6,80.94,5.34
20141201,25.53,0.43,78.23,4.59
20141202,24.85,0.02,78.73,3.73
20141203,23.85,0.0,76.57,3.32
20141204,23.72,0.0,74.76,2.67
20141205,23.81,0.0,74.29,2.59
20141206,24.23,0.01,79.63,3.45
20141207,25.11,0.13,83.55,3.22
20141208,25.49,0.29,85.36,3.0
20141209,25.41,14.75,89.18,2.69
20141210,25.33,23.43,90.64,2.68
20141211,25.27,13.37,89.84,3.11
20141212,25.43,6.43,86.06,3.35
20141213,25.48,9.12,83.77,3.89
20141214,25.61,0.22,81.65,3.27
20141215,25.39,0.62,84.83,3.41
20141216,25.95,4.79,86.05,4.75
20141217,25.74,8.4,82.99,5.2
20141218,25.58,3.12,82.34,5.33
20141219,25.09,1.13,82.05,5.55
20141220,24.18,0.03,78.13,4.38
20141221,24.28,0.01,80.7,4.3
20141222,24.59,0.23,81.98,4.28
20141223,24.8,0.14,83.28,4.16
20141224,24.56,0.01,82.93,4.31
20141225,24.18,0.0,79.59,4.88
20141226,23.44,0.01,76.79,4.38
20141227,23.66,0.74,81.23,4.7
20141228,24.27,8.42,89.11,4.93
20141229,24.28,29.98,90.93,7.35
20141230,24.8,2.31,88.13,5.75
20141231,25.03,0.33,86.19,3.79
20150101,24.91,0.37,84.42,1.57
20150102,25.39,0.25,87.06,2.52
20150103,25.41,0.07,86.03,2.31
20150104,25.22,0.0,82.8,2.24
20150105,24.87,0.0,83.05,2.71
20150106,24.53,0.0,83.08,2.64
20150107,24.26,0.0,82.14,2.66
20150108,24.55,0.01,80.0,1.59
20150109,23.94,0.01,80.98,2.68
20150110,22.94,0.0,73.87,3.39
20150111,23.04,0.0,73.17,3.7
20150112,23.02,0.0,70.43,3.74
20150113,22.97,0.0,71.91,3.36
20150114,22.88,0.0,70.32,2.81
20150115,23.17,0.0,78.51,2.53
20150116,23.94,0.14,82.51,3.56
20150117,24.05,0.01,79.39,3.43
20150118,23.67,0.0,74.93,3.3
20150119,23.47,0.0,73.79,3.54
20150120,23.23,0.0,75.99,3.25
20150121,23.27,0.06,76.4,3.51
20150122,24.05,0.37,81.18,3.84
20150123,24.52,3.14,81.85,3.66
20150124,24.43,1.51,80.26,3.9
20150125,23.88,0.04,73.33,3.75
20150126,24.18,0.11,73.56,3.61
20150127,24.68,0.04,73.76,3.67
20150128,24.38,0.05,76.18,3.32
20150129,24.81,0.04,74.91,3.12
20150130,24.51,0.0,74.98,3.25
20150131,24.26,0.0,77.03,3.71
20150201,24.22,0.08,79.0,3.63
20150202,24.19,0.01,76.36,4.1
20150203,24.61,0.11,74.02,4.32
20150204,24.64,0.04,75.23,4.12
20150205,24.72,0.0,73.79,3.46
20150206,24.86,0.01,71.3,3.28
20150207,24.59,0.0,69.22,3.24
20150208,24.75,0.0,69.65,3.08
20150209,24.47,0.0,69.75,3.45
20150210,24.5,0.05,74.06,3.57
20150211,25.16,0.21,79.68,3.82
20150212,25.62,0.04,75.32,3.62
20150213,25.23,0.0,74.36,2.36
20150214,25.15,0.0,72.57,2.06
20150215,25.38,0.13,71.32,2.31
20150216,25.65,0.0,71.86,2.35
20150217,25.35,0.0,70.12,2.19
20150218,25.16,0.01,69.52,2.56
20150219,25.31,0.0,66.83,2.6
20150220,25.23,0.0,71.85,3.08
20150221,25.52,0.0,73.11,3.14
20150222,25.51,0.0,70.17,3.38
20150223,25.39,0.0,69.53,3.06
20150224,25.17,0.0,66.5,2.67
20150225,25.69,0.0,70.71,2.68
20150226,26.48,0.04,75.37,2.85
20150227,27.36,0.06,73.07,2.63
20150228,27.18,0.25,73.96,3.2
20150301,27.29,0.09,71.45,3.76
20150302,27.3,0.18,71.76,3.37
20150303,27.45,0.4,72.01,2.29
20150304,28.34,0.27,69.0,2.91
20150305,28.29,0.09,74.37,3.07
20150306,28.34,0.11,70.89,2.83
20150307,28.15,0.12,69.69,2.89
20150308,27.7,0.04,71.16,2.85
20150309,27.7,0.02,69.84,2.97
20150310,27.08,0.0,65.83,3.6
20150311,27.0,0.02,69.03,3.37
20150312,27.8,0.13,70.65,3.75
20150313,27.64,0.11,71.51,3.34
20150314,27.57,0.01,70.6,3.21
20150315,27.41,0.02,71.81,2.9
20150316,27.47,0.02,70.46,2.82
20150317,27.37,0.01,65.45,2.06
20150318,27.94,0.0,59.53,2.25
20150319,28.13,0.0,64.34,2.9
20150320,28.01,0.0,69.02,2.8
20150321,28.34,0.0,64.79,2.42
20150322,29.14,0.0,61.42,2.51
20150323,29.28,0.01,66.23,2.99
20150324,28.97,0.02,68.94,3.41
20150325,28.79,0.04,68.41,3.55
20150326,28.78,0.01,67.35,3.04
20150327,28.66,0.05,67.78,3.12
20150328,28.63,0.07,70.43,2.83
20150329,28.83,0.01,69.97,3.1
20150330,28.91,0.03,71.34,3.25
20150331,28.61,0.1,74.06,2.79
20150401,29.57,0.16,68.34,3.06
20150402,30.11,0.13,67.17,3.87
20150403,31.0,0.09,66.2,4.2
20150404,30.75,0.23,67.94,4.17
20150405,30.64,0.26,68.45,4.6
20150406,30.13,0.09,68.21,4.7
20150407,29.69,0.06,71.81,4.03
20150408,29.23,0.46,75.15,3.44
20150409,29.2,0.41,73.15,3.15
20150410,29.61,0.05,68.41,3.3
20150411,29.68,0.07,67.67,3.67
20150412,28.89,0.46,70.09,2.88
20150413,28.28,7.6,67.42,2.63
20150414,27.8,7.01,71.91,2.83
20150415,27.46,27.85,79.34,2.77
20150416,27.92,12.43,77.65,2.35
20150417,28.5,1.37,73.57,2.52
20150418,28.76,0.95,72.01,2.13
20150419,29.25,0.08,71.31,2.45
20150420,29.25,0.51,71.88,2.54
20150421,28.85,0.79,77.47,2.53
20150422,29.55,0.42,74.6,3.75
20150423,30.66,0.4,70.73,4.61
20150424,29.46,6.03,77.42,3.8
20150425,29.52,4.64,72.24,3.64
20150426,29.55,0.36,70.52,3.48
20150427,29.58,0.28,70.58,3.13
20150428,29.76,0.08,70.25,3.46
20150429,30.09,0.14,71.85,4.25
20150430,30.52,0.33,70.7,4.2
20150501,29.84,0.44,75.29,3.93
20150502,30.37,0.63,72.52,4.56
20150503,29.51,0.68,77.18,3.56
20150504,29.38,0.43,77.12,3.33
20150505,29.95,0.16,68.81,2.53
20150506,29.83,0.12,71.59,2.79
20150507,30.31,0.76,71.36,3.05
20150508,30.83,1.02,67.96,3.15
20150509,30.55,1.09,72.4,3.88
20150510,30.76,1.71,66.79,2.94
20150511,30.74,2.64,62.39,1.91
20150512,30.28,0.34,65.67,2.96
20150513,28.88,4.52,71.94,2.38
20150514,27.97,16.72,85.57,4.03
20150515,28.71,6.03,80.84,1.88
20150516,28.88,5.24,80.67,2.61
20150517,29.09,1.97,75.21,4.78
20150518,30.94,0.52,68.28,3.58
20150519,31.07,0.62,69.01,5.01
20150520,30.84,0.56,72.22,4.59
20150521,31.81,0.23,65.83,5.27
20150522,31.28,0.05,66.63,4.07
20150523,31.4,0.03,63.58,4.52
20150524,31.28,0.37,65.67,4.49
20150525,31.87,0.08,64.1,4.43
20150526,30.15,1.19,66.88,4.13
20150527,27.88,11.35,79.67,5.28
20150528,29.5,3.64,65.58,4.73
20150529,30.64,0.64,69.61,3.75
20150530,30.04,0.35,75.26,3.09
20150531,30.86,0.85,71.2,5.03
20150601,29.78,1.09,75.12,2.87
20150602,30.75,2.48,68.74,2.49
20150603,29.96,0.86,73.01,2.67
20150604,29.65,2.22,77.39,3.64
20150605,29.27,1.72,78.54,4.03
20150606,29.91,0.69,72.86,3.43
20150607,30.33,0.57,72.03,4.03
20150608,30.43,0.27,67.09,4.3
20150609,30.15,2.03,68.77,2.77
20150610,30.0,1.89,70.53,3.27
20150611,30.65,5.51,69.82,3.54
20150612,28.25,10.59,80.24,3.07
20150613,30.26,3.0,70.55,2.78
20150614,30.27,3.41,68.99,3.04
20150615,30.33,0.75,61.13,4.65
20150616,29.8,5.75,62.87,4.1
20150617,29.1,7.85,68.05,4.57
20150618,28.82,2.73,66.45,5.24
20150619,29.47,1.4,66.34,4.57
20150620,30.89,0.04,60.15,5.74
20150621,30.24,0.13,62.85,6.03
20150622,30.65,0.0,64.33,5.18
20150623,30.63,0.3,67.87,5.27
20150624,30.61,0.15,67.64,5.02
20150625,31.05,0.23,65.34,5.32
20150626,30.88,0.14,63.51,5.52
20150627,30.85,3.62,61.64,5.01
20150628,30.56,3.02,68.24,3.8
20150629,30.7,1.19,66.98,4.01
20150630,30.29,0.38,67.19,3.69
20150701,30.58,0.33,66.32,3.93
20150702,31.03,0.48,65.07,3.4
20150703,30.98,1.43,67.06,2.98
20150704,31.31,1.01,66.39,3.21
20150705,31.33,0.04,64.53,3.03
20150706,32.18,0.03,58.09,2.88
20150707,32.01,0.04,54.23,3.95
20150708,31.85,0.16,57.96,3.78
20150709,32.49,0.77,57.15,3.34
20150710,31.25,2.45,61.67,4.77
20150711,31.35,0.98,62.19,3.59
20150712,31.52,0.65,60.69,3.53
20150713,31.96,1.51,60.29,3.27
20150714,31.42,2.98,64.91,2.77
20150715,30.5,1.1,69.27,2.74
20150716,30.84,1.36,65.35,2.72
20150717,31.13,3.88,61.49,4.04
20150718,30.72,1.86,63.28,3.41
20150719,29.8,8.17,67.27,4.84
20150720,30.3,1.84,65.29,3.57
20150721,30.21,2.1,67.69,3.22
20150722,29.52,10.63,72.95,3.63
20150723,29.22,5.28,74.02,3.98
20150724,29.92,1.6,68.37,4.06
20150725,29.93,4.44,68.26,3.55
20150726,29.22,4.98,69.69,2.85
20150727,29.9,2.81,67.23,2.76
20150728,29.76,6.36,67.95,3.21
20150729,29.47,4.76,69.51,4.26
20150730,29.82,0.71,66.42,4.17
20150731,29.77,9.3,69.44,3.07
20150801,29.5,10.97,72.08,2.28
20150802,29.58,2.7,70.76,2.7
20150803,27.81,4.8,77.36,3.26
20150804,29.22,18.83,74.19,3.39
20150805,29.27,2.46,68.92,3.44
20150806,30.05,0.07,62.22,3.35
20150807,30.25,2.52,67.15,2.97
20150808,30.51,3.04,70.27,2.36
20150809,30.19,0.85,67.89,3.04
20150810,28.2,4.04,77.42,2.61
20150811,29.35,1.81,72.75,3.2
20150812,29.74,0.53,70.26,2.93
20150813,30.17,0.89,67.82,2.77
20150814,30.37,1.55,67.94,3.16
20150815,30.0,5.48,72.3,2.61
20150816,28.89,9.87,77.35,2.7
20150817,28.49,1.97,79.26,2.92
20150818,28.7,0.55,78.31,2.91
20150819,29.02,1.56,78.65,3.5
20150820,29.23,10.25,77.62,4.32
20150821,28.05,15.16,81.75,2.77
20150822,28.62,19.48,77.88,2.49
20150823,29.08,6.95,75.29,3.04
20150824,29.35,1.07,71.69,2.88
20150825,29.52,0.19,72.0,2.2
20150826,29.18,0.51,73.16,2.65
20150827,28.96,4.51,76.59,2.7
20150828,29.17,0.73,75.19,3.67
20150829,30.01,0.19,71.09,2.95
20150830,29.75,1.16,74.94,3.2
20150831,29.63,0.85,73.99,2.46
20150901,29.21,0.78,76.82,2.66
20150902,28.92,5.73,78.69,2.99
20150903,28.23,2.83,82.41,2.67
20150904,28.62,0.59,80.87,2.27
20150905,28.8,1.05,78.83,3.62
20150906,28.62,4.33,78.95,4.67
20150907,26.94,12.0,85.53,4.23
20150908,28.53,1.47,73.32,3.82
20150909,28.77,6.98,72.66,2.93
20150910,28.66,3.4,76.36,2.25
20150911,28.6,6.17,77.0,2.26
20150912,29.17,1.78,72.17,2.22
20150913,29.1,0.35,71.14,2.49
20150914,29.47,0.66,71.29,2.63
20150915,29.77,0.57,69.55,2.81
20150916,29.99,0.3,66.23,3.32
20150917,29.58,0.99,67.31,3.25
20150918,29.26,1.33,73.98,2.79
20150919,28.99,2.92,78.02,2.62
20150920,28.34,10.15,81.94,1.94
20150921,28.23,3.44,79.71,1.48
20150922,28.97,0.29,77.9,2.34
20150923,28.7,1.68,80.06,2.42
20150924,28.71,1.36,79.58,3.44
20150925,29.16,1.74,76.42,3.4
20150926,28.7,10.02,80.89,2.5
20150927,28.85,3.6,73.83,1.79
20150928,28.2,3.64,77.41,1.53
20150929,27.63,5.04,80.14,1.77
20150930,27.54,2.5,76.86,1.65
20151001,27.75,5.7,80.49,2.65
20151002,28.79,13.17,79.77,2.88
20151003,28.61,6.08,79.08,2.47
20151004,28.42,13.89,80.09,1.69
20151005,27.8,17.59,79.74,1.57
20151006,28.43,3.75,76.99,2.32
20151007,28.13,7.35,80.6,2.83
20151008,28.35,6.62,80.53,3.01
20151009,28.49,1.41,77.14,2.71
20151010,28.43,7.76,79.54,2.01
20151011,28.11,11.13,79.84,1.75
20151012,28.39,3.84,75.05,1.42
20151013,28.02,0.04,75.53,1.84
20151014,27.92,0.02,70.78,1.48
20151015,27.84,0.0,72.39,1.55
20151016,27.68,0.0,75.25,1.96
20151017,27.56,0.17,78.96,2.41
20151018,27.99,0.39,77.43,2.66
20151019,27.97,2.14,81.12,2.69
20151020,27.77,0.06,77.48,2.19
20151021,27.8,0.03,74.53,2.17
20151022,27.46,0.0,71.3,2.58
20151023,27.63,0.91,72.45,3.1
20151024,27.64,0.65,70.64,3.47
20151025,27.78,0.22,70.7,3.87
20151026,28.28,0.91,65.99,3.87
20151027,27.92,5.45,73.76,3.68
20151028,26.87,12.36,81.48,2.05
20151029,27.26,3.34,78.87,3.24
20151030,26.78,7.98,83.74,2.04
20151031,27.1,13.83,84.86,2.84
20151101,27.03,18.18,85.95,3.1
20151102,26.68,11.42,83.17,1.5
20151103,27.18,14.31,79.52,1.18
20151104,27.44,4.28,78.57,1.65
20151105,27.31,2.48,81.17,2.25
20151106,27.07,3.63,82.03,3.62
20151107,27.03,25.22,83.21,4.04
20151108,26.86,56.48,87.71,4.36
20151109,26.11,124.37,89.92,8.27
20151110,26.94,23.99,83.05,5.66
20151111,26.99,30.38,84.87,2.98
20151112,27.11,12.2,84.5,2.69
20151113,26.27,41.26,87.7,5.37
20151114,25.51,22.88,89.34,4.64
20151115,26.21,100.76,92.14,4.97
20151116,25.99,59.82,92.73,7.71
20151117,25.73,4.9,88.12,3.84
20151118,26.57,15.95,88.6,2.51
20151119,26.27,24.0,89.57,2.86
20151120,26.33,14.75,88.18,2.98
20151121,26.29,13.71,90.21,2.73
20151122,26.56,64.74,90.44,3.64
20151123,26.77,56.31,87.71,3.56
20151124,26.04,3.72,85.82,3.67
20151125,25.23,0.1,81.81,3.39
20151126,25.23,9.66,85.89,3.64
20151127,25.41,8.47,86.02,3.15
20151128,24.89,1.74,84.45,3.6
20151129,25.56,32.67,91.87,3.77
20151130,25.51,41.32,92.66,4.43
20151201,25.34,94.26,91.74,5.28
20151202,25.1,70.95,91.25,5.08
20151203,25.18,36.2,91.1,6.19
20151204,25.9,22.97,89.44,4.85
20151205,26.05,21.34,87.62,5.15
20151206,25.95,17.34,89.85,4.85
20151207,25.83,2.85,86.99,5.13
20151208,25.11,3.48,84.3,5.0
20151209,25.37,5.14,90.36,4.49
20151210,25.74,1.86,87.79,4.09
20151211,25.56,0.22,85.59,2.47
20151212,25.87,0.12,79.86,1.76
20151213,25.59,0.05,79.03,1.67
20151214,24.92,0.0,81.6,2.26
20151215,24.74,0.01,81.12,2.03
20151216,24.69,0.03,79.91,2.11
20151217,25.54,0.15,77.69,2.26
20151218,25.81,0.17,79.67,2.3
20151219,25.42,0.08,82.88,2.44
20151220,24.86,0.02,81.78,2.69
20151221,24.78,0.0,74.48,1.67
20151222,25.28,0.0,80.35,2.02
20151223,25.46,0.03,80.35,2.74
20151224,25.43,0.01,78.41,2.59
20151225,25.15,0.02,79.79,3.04
20151226,24.87,0.11,82.76,4.08
20151227,25.27,0.08,80.96,5.33
20151228,24.61,0.07,79.28,4.44
20151229,24.27,0.04,80.42,3.72
20151230,24.06,0.02,80.44,3.27
20151231,24.48,0.01,76.57,3.58
20160101,24.33,0.02,75.42,3.62
20160102,24.12,0.0,74.9,3.34
20160103,23.86,0.0,75.5,2.62
20160104,24.17,0.0,76.08,2.9
20160105,24.27,0.0,75.47,3.21
20160106,24.16,0.0,77.27,3.6
20160107,23.94,0.01,75.9,3.13
20160108,23.95,0.02,75.75,3.15
20160109,23.5,0.0,74.36,2.61
20160110,23.3,0.0,73.9,2.55
20160111,23.62,0.0,73.17,2.86
20160112,23.55,0.0,72.54,2.42
20160113,23.6,0.0,73.29,2.07
20160114,23.38,0.0,73.0,2.58
20160115,23.4,0.02,75.71,2.49
20160116,23.14,0.0,74.82,2.38
20160117,23.13,0.0,75.64,2.05
20160118,24.16,0.0,74.8,2.05
20160119,25.37,0.09,75.51,2.04
20160120,25.47,0.15,77.8,2.23
20160121,25.43,0.01,77.67,2.42
20160122,24.95,0.26,82.55,3.01
20160123,25.34,0.69,85.56,4.1
20160124,25.53,0.31,82.69,3.78
20160125,25.51,0.01,79.25,2.76
20160126,25.26,0.0,77.51,2.34
20160127,25.06,0.0,74.51,2.08
20160128,25.1,0.0,72.49,1.59
20160129,24.93,0.0,75.61,2.0
20160130,24.77,0.0,76.96,2.03
20160131,24.49,0.05,79.02,2.13
20160201,24.18,0.03,75.34,1.81
20160202,24.39,0.02,75.46,1.5
20160203,24.57,0.0,76.52,1.72
20160204,25.21,0.07,74.44,2.19
20160205,25.66,0.14,72.12,2.42
20160206,25.49,0.0,73.42,2.19
20160207,25.99,0.02,74.33,2.07
20160208,25.9,0.03,77.11,2.35
20160209,25.55,0.0,76.3,2.15
20160210,25.39,0.01,75.2,1.93
20160211,25.51,0.0,73.5,2.28
20160212,25.72,0.0,72.39,2.15
20160213,26.27,0.0,75.32,2.11
20160214,25.5,0.0,73.14,2.6
20160215,26.2,0.01,72.27,2.72
20160216,26.13,0.01,74.73,2.96
20160217,26.35,0.01,75.95,3.66
20160218,26.68,0.07,74.36,3.26
20160219,26.37,0.05,76.47,2.72
20160220,27.17,0.0,77.42,2.18
20160221,27.23,0.0,76.95,2.46
20160222,26.8,0.0,76.87,2.77
20160223,26.21,0.0,75.12,3.18
20160224,26.42,0.0,70.93,3.29
20160225,27.39,0.0,72.92,2.94
20160226,27.41,0.01,71.79,3.38
20160227,27.03,0.02,77.44,2.97
20160228,27.39,0.01,77.68,3.11
20160229,27.2,0.01,73.91,2.95
20160301,27.58,0.0,70.99,2.84
20160302,27.22,0.01,72.39,2.62
20160303,27.19,0.0,72.18,2.93
20160304,26.44,0.0,75.99,2.11
20160305,27.5,0.01,71.19,2.39
20160306,27.38,0.0,71.46,2.47
20160307,27.25,0.06,72.35,2.68
20160308,27.26,0.35,72.2,2.68
20160309,27.62,0.0,69.89,2.43
20160310,27.05,0.0,77.45,2.17
20160311,28.07,0.0,73.01,2.37
20160312,27.95,0.06,72.91,2.89
20160313,28.58,0.01,71.45,3.08
20160314,28.6,0.02,70.49,3.55
20160315,28.29,0.05,70.45,3.41
20160316,28.59,0.05,71.27,3.24
20160317,29.19,0.1,68.34,3.03
20160318,28.9,0.0,66.08,2.73
20160319,29.05,0.0,64.9,3.36
20160320,29.25,0.01,66.79,3.73
20160321,29.69,0.0,64.61,3.72
20160322,30.27,0.0,68.96,4.29
20160323,30.38,0.0,71.68,4.1
20160324,29.67,0.0,69.94,3.51
20160325,28.66,0.0,70.88,3.47
20160326,28.52,0.0,66.64,3.21
20160327,28.45,0.0,66.56,3.43
20160328,29.18,0.09,69.05,3.32
20160329,29.9,0.12,70.17,3.29
20160330,29.45,0.04,71.84,3.47
20160331,29.3,0.02,70.85,3.26
20160401,29.64,0.03,68.19,3.5
20160402,29.85,0.02,67.67,3.39
20160403,30.32,0.02,66.05,3.53
20160404,29.9,0.01,66.99,3.41
20160405,29.89,0.0,67.66,3.66
20160406,30.32,0.26,68.46,3.69
20160407,30.57,0.31,70.42,3.61
20160408,30.64,0.12,69.82,3.75
20160409,30.29,0.01,67.47,3.69
20160410,30.34,0.03,66.31,3.45
20160411,30.09,0.01,69.14,3.35
20160412,31.18,0.0,68.73,4.08
20160413,31.83,0.01,69.09,4.02
20160414,31.67,0.01,70.55,4.86
20160415,31.18,0.02,72.4,3.81
20160416,31.01,0.12,72.56,4.11
20160417,30.94,0.06,71.52,4.06
20160418,30.76,0.09,71.51,4.13
20160419,30.73,0.03,69.67,3.93
20160420,31.03,0.01,68.35,3.74
20160421,31.78,0.04,69.77,4.46
20160422,32.29,0.03,67.48,4.87
20160423,32.56,0.05,66.99,4.94
20160424,32.75,0.07,65.73,5.11
20160425,31.71,0.14,68.91,4.83
20160426,30.69,0.09,73.24,3.94
20160427,30.02,0.12,74.08,3.21
20160428,31.19,0.07,68.63,4.22
20160429,31.31,0.08,67.97,3.8
20160430,31.3,0.05,68.14,4.14
20160501,31.57,0.04,65.42,4.33
20160502,32.08,0.08,65.02,4.69
20160503,31.83,0.13,66.86,4.7
20160504,31.54,0.2,69.01,4.35
20160505,31.39,0.14,67.68,3.76
20160506,31.03,0.64,68.86,3.31
20160507,30.53,0.46,70.78,3.25
20160508,31.24,1.63,67.88,2.76
20160509,30.78,0.94,68.79,2.78
20160510,31.27,0.86,66.28,3.36
20160511,31.48,0.13,59.65,3.28
20160512,32.0,0.02,58.42,3.79
20160513,32.12,0.09,62.46,3.95
20160514,31.23,0.54,68.77,3.94
20160515,30.63,2.57,67.6,2.85
20160516,29.42,36.57,79.12,3.24
20160517,27.75,71.64,85.17,5.59
20160518,29.33,39.7,75.22,6.22
20160519,29.91,4.27,75.1,6.09
20160520,30.18,0.85,75.35,4.98
20160521,30.95,0.11,70.51,3.3
20160522,31.08,0.02,73.29,3.86
20160523,30.98,0.04,70.9,3.87
20160524,31.34,0.04,71.19,4.43
20160525,32.09,0.02,67.48,4.06
20160526,31.96,0.06,67.9,3.09
20160527,28.62,2.21,78.51,4.6
20160528,30.19,5.47,74.81,3.84
20160529,28.9,0.56,79.05,3.15
20160530,29.91,0.74,75.05,3.17
20160531,29.63,0.21,75.68,3.18
20160601,29.87,1.14,75.68,2.9
20160602,29.91,0.9,77.36,2.63
20160603,30.33,0.47,73.97,2.91
20160604,29.89,1.54,74.18,2.91
20160605,29.93,2.8,75.19,2.88
20160606,29.51,9.52,79.1,3.35
20160607,29.36,12.13,79.66,4.34
20160608,29.54,7.08,80.77,3.35
20160609,29.34,2.86,75.15,4.74
20160610,29.51,0.04,73.25,4.87
20160611,30.57,0.02,66.87,4.64
20160612,30.51,0.09,65.22,4.01
20160613,30.15,0.09,62.35,4.21
20160614,30.47,0.12,61.43,3.6
20160615,31.51,0.23,62.81,3.59
20160616,30.65,0.23,65.67,3.63
20160617,30.47,0.87,66.58,3.52
20160618,29.67,1.57,70.14,3.49
20160619,28.5,5.71,72.85,2.88
20160620,27.9,5.35,79.98,1.71
20160621,28.51,9.98,77.13,3.66
20160622,28.71,8.42,73.6,2.82
20160623,27.54,14.59,76.91,4.85
20160624,27.4,2.34,74.4,3.07
20160625,27.6,5.38,74.17,4.13
20160626,28.69,4.38,71.88,2.6
20160627,29.02,1.42,73.4,3.1
20160628,28.66,5.54,72.73,4.61
20160629,28.72,4.94,75.66,4.79
20160630,28.89,5.75,73.08,4.69
20160701,29.44,0.04,70.49,4.89
20160702,29.75,0.46,67.5,4.42
20160703,29.82,0.04,70.82,3.81
20160704,29.51,0.25,72.06,3.85
20160705,29.29,0.33,73.99,3.53
20160706,29.47,3.48,74.81,3.77
20160707,29.42,3.26,72.11,3.95
20160708,29.61,0.46,68.09,4.87
20160709,29.75,0.09,67.23,5.41
20160710,30.41,0.1,64.66,5.34
20160711,29.74,0.01,66.07,4.77
20160712,29.81,0.02,66.7,3.54
20160713,30.17,0.03,68.09,3.61
20160714,29.94,0.45,69.83,3.36
20160715,29.58,1.56,74.58,3.25
20160716,29.09,1.23,74.19,3.47
20160717,28.45,5.94,76.42,3.29
20160718,28.46,8.69,74.39,2.11
20160719,28.37,9.85,74.51,2.75
20160720,28.72,3.82,72.9,2.29
20160721,28.73,0.94,72.67,2.97
20160722,28.91,2.94,70.82,3.45
20160723,28.81,2.85,71.9,3.07
20160724,28.64,4.94,75.16,3.17
20160725,28.19,13.77,78.32,2.75
20160726,27.69,5.93,83.58,3.22
20160727,27.51,3.25,82.92,2.97
20160728,28.1,5.38,81.22,2.3
20160729,27.86,5.26,81.14,3.1
20160730,27.61,4.26,79.49,2.66
20160731,28.99,0.73,71.04,3.16
20160801,28.69,0.94,69.57,4.32
20160802,28.9,0.01,69.05,5.25
20160803,28.96,0.01,69.78,4.68
20160804,28.98,0.01,70.31,3.8
20160805,29.52,0.02,67.79,4.32
20160806,29.45,0.04,69.67,3.36
20160807,29.78,0.26,69.78,3.59
20160808,30.06,0.09,68.78,3.17
20160809,30.27,1.7,68.75,3.33
20160810,30.14,1.18,68.94,3.62
20160811,29.64,0.69,71.18,3.28
20160812,30.33,1.58,69.68,2.78
20160813,29.75,10.05,73.33,3.12
20160814,29.66,3.35,73.62,3.3
20160815,30.23,0.35,67.95,3.66
20160816,30.3,0.05,65.46,3.8
20160817,29.94,0.28,66.73,3.58
20160818,30.03,0.2,68.38,3.54
20160819,30.52,0.23,66.63,3.26
20160820,29.25,2.15,72.13,2.99
20160821,29.53,4.05,73.42,2.35
20160822,29.59,0.64,73.07,2.61
20160823,29.57,1.66,73.28,2.76
20160824,29.92,3.05,69.96,3.07
20160825,27.64,7.15,79.84,2.88
20160826,27.15,6.92,83.66,1.98
20160827,27.96,6.87,79.01,2.55
20160828,28.84,2.29,73.25,2.96
20160829,28.79,3.47,76.09,2.87
20160830,27.75,12.51,81.36,3.62
20160831,27.87,11.58,80.65,3.84
20160901,28.1,6.09,73.29,2.74
20160902,28.3,6.39,73.59,2.99
20160903,28.25,3.01,72.68,2.96
20160904,28.72,3.73,73.83,2.6
20160905,29.01,0.52,69.77,2.41
20160906,29.22,0.3,68.24,2.76
20160907,29.09,0.09,67.73,3.23
20160908,29.41,0.24,68.29,2.82
20160909,29.23,2.02,71.64,2.46
20160910,29.21,12.96,75.95,2.43
20160911,28.44,3.6,74.78,1.9
20160912,28.4,2.64,72.72,1.78
20160913,28.92,4.75,71.05,1.71
20160914,28.82,3.17,73.18,2.27
20160915,28.96,7.44,74.16,3.05
20160916,28.92,9.13,74.99,2.96
20160917,28.33,6.05,76.5,3.21
20160918,28.41,1.03,72.95,2.74
20160919,29.38,0.78,69.33,2.2
20160920,28.92,2.6,72.96,2.01
20160921,28.41,5.53,74.13,2.95
20160922,29.33,4.4,71.89,3.17
20160923,29.75,0.45,69.51,3.12
20160924,29.72,0.39,71.16,2.73
20160925,29.57,0.23,71.12,3.1
20160926,29.93,0.32,72.33,2.75
20160927,27.95,6.17,83.32,2.51
20160928,27.88,16.11,82.26,2.43
20160929,27.89,14.67,82.04,2.54
20160930,28.32,3.11,80.96,2.52
20161001,28.53,2.07,78.41,2.12
20161002,27.9,0.94,78.33,2.46
20161003,28.21,0.43,78.29,2.97
20161004,28.62,0.64,75.74,2.27
20161005,28.5,1.6,77.2,2.44
20161006,28.27,0.7,75.9,2.2
20161007,28.61,0.34,73.72,1.99
20161008,29.3,0.25,69.13,3.45
20161009,29.46,2.93,72.02,2.83
20161010,29.62,3.03,72.12,2.85
20161011,28.93,1.86,75.19,3.04
20161012,29.23,4.14,74.14,2.62
20161013,28.85,0.75,70.99,2.07
20161014,28.97,0.0,65.59,1.79
20161015,28.17,0.01,67.48,2.63
20161016,27.86,0.0,66.29,2.13
20161017,28.17,0.0,64.26,1.99
20161018,28.47,0.0,63.92,2.31
20161019,28.71,0.0,63.71,2.3
20161020,29.24,0.02,62.29,2.03
20161021,28.16,0.24,67.31,2.03
20161022,28.2,0.22,65.84,1.43
20161023,28.41,0.41,67.03,1.85
20161024,28.54,0.02,63.34,2.35
20161025,28.16,0.0,57.68,1.73
20161026,28.36,0.0,60.83,2.19
20161027,28.43,0.45,60.82,2.34
20161028,28.71,0.13,63.64,1.45
20161029,29.33,1.09,68.21,2.13
20161030,26.92,7.04,84.51,2.77
20161031,27.73,0.84,75.8,3.3
20161101,27.36,1.79,77.62,3.68
20161102,27.03,8.44,82.63,3.71
20161103,27.54,2.86,80.12,4.22
20161104,28.68,0.22,70.82,2.94
20161105,28.17,0.12,66.55,2.92
20161106,28.17,0.0,64.45,2.15
20161107,27.79,0.14,67.61,2.47
20161108,27.55,0.01,65.3,3.38
20161109,26.54,0.0,56.72,3.24
20161110,26.2,0.0,64.46,2.98
20161111,26.54,0.04,69.63,2.85
20161112,27.02,0.97,74.31,3.22
20161113,27.22,6.99,80.81,3.5
20161114,27.66,0.63,77.29,2.97
20161115,27.64,0.46,75.54,3.14
20161116,27.72,2.47,75.96,4.33
20161117,27.83,0.67,72.63,4.57
20161118,27.26,0.29,72.03,4.71
20161119,26.41,0.02,72.81,3.98
20161120,26.43,0.34,72.92,3.79
20161121,26.55,0.13,70.87,3.92
20161122,26.18,0.04,71.08,3.57
20161123,25.73,0.01,68.56,3.57
20161124,25.39,0.01,68.49,3.71
20161125,25.72,0.0,68.66,3.99
20161126,25.38,0.01,67.38,3.33
20161127,25.35,0.0,65.95,3.34
20161128,25.42,0.0,66.35,2.36
20161129,25.46,0.0,68.55,2.85
20161130,25.51,0.12,70.42,4.16
20161201,25.1,20.85,82.28,6.21
20161202,26.4,19.23,78.95,4.42
20161203,26.28,9.64,83.12,3.49
20161204,26.4,10.31,82.93,2.79
20161205,26.17,2.91,78.53,3.88
20161206,25.32,0.04,71.38,4.41
20161207,25.45,1.69,79.53,4.16
20161208,26.02,0.07,76.28,3.9
20161209,25.12,0.0,67.08,3.57
20161210,24.4,0.0,58.03,3.81
20161211,24.97,0.39,58.86,5.15
20161212,23.13,79.65,78.24,7.08
20161213,26.2,4.72,80.69,3.66
20161214,25.61,0.57,80.43,2.62
20161215,25.01,0.35,81.42,2.63
20161216,25.35,3.92,81.63,3.55
20161217,24.93,0.07,78.88,3.18
20161218,24.52,0.0,78.28,3.32
20161219,24.64,0.0,76.75,4.55
20161220,24.67,0.49,81.85,3.97
20161221,24.87,0.11,79.8,3.07
20161222,24.14,0.0,69.68,2.61
20161223,23.55,0.0,66.72,2.3
20161224,23.25,0.0,70.66,2.25
20161225,23.35,0.0,71.02,2.0
20161226,23.88,0.0,74.75,3.61
20161227,25.05,0.01,78.24,4.43
20161228,25.25,0.62,77.35,4.35
20161229,24.5,0.02,75.05,3.85
20161230,24.49,0.0,69.32,3.14
20161231,24.38,0.0,68.55,2.94
20170101,24.61,0.13,75.79,3.8
20170102,24.9,0.03,76.45,3.85
20170103,24.53,0.0,70.56,3.58
20170104,24.38,0.0,70.82,3.32
20170105,24.66,0.0,70.9,3.11
20170106,24.47,0.0,75.3,3.14
20170107,24.55,0.0,69.59,2.84
20170108,24.12,0.0,65.84,2.96
20170109,23.94,0.0,66.49,2.88
20170110,24.56,0.0,66.48,2.68
20170111,25.2,0.0,68.11,2.13
20170112,25.31,0.0,70.52,2.21
20170113,25.07,0.0,70.29,2.86
20170114,25.05,0.0,66.46,3.58
20170115,24.88,0.02,72.6,3.56
20170116,24.39,0.11,71.07,3.34
20170117,23.77,0.0,70.49,3.41
20170118,24.34,0.07,67.16,4.29
20170119,25.45,0.1,64.27,4.7
20170120,25.25,12.18,73.61,5.09
20170121,25.85,3.09,76.27,4.97
20170122,25.54,0.02,70.66,4.43
20170123,25.21,0.0,71.76,4.51
20170124,25.39,0.0,72.8,4.8
20170125,25.42,0.2,73.24,4.44
20170126,25.47,2.8,79.95,4.01
20170127,25.53,16.74,84.18,3.53
20170128,25.79,4.78,82.48,3.49
20170129,25.68,0.07,77.16,3.42
20170130,25.08,0.03,77.75,3.3
20170131,24.68,0.0,72.24,2.49
20170201,24.41,0.0,70.45,2.66
20170202,24.52,0.0,70.86,3.11
20170203,24.38,0.0,73.61,3.07
20170204,24.63,0.0,69.98,2.93
20170205,24.4,0.0,67.05,2.39
20170206,24.44,0.0,62.89,2.03
20170207,24.57,0.0,62.26,1.98
20170208,24.6,0.0,65.09,2.42
20170209,24.49,0.0,69.42,2.29
20170210,24.31,0.0,70.21,2.18
20170211,24.43,0.01,69.16,2.58
20170212,24.77,0.03,67.42,3.22
20170213,25.92,0.06,66.32,3.84
20170214,26.4,0.21,72.35,5.31
20170215,25.88,0.02,68.97,4.34
20170216,25.53,0.01,62.64,4.06
20170217,24.95,0.0,62.15,3.45
20170218,25.35,0.0,62.62,2.84
20170219,25.66,0.0,62.34,2.14
20170220,26.18,0.0,63.27,2.26
20170221,26.69,0.09,68.21,3.05
20170222,26.64,0.08,70.57,2.76
20170223,26.61,0.15,68.34,2.53
20170224,26.3,0.0,67.86,2.37
20170225,26.12,0.02,68.44,2.42
20170226,26.35,0.02,70.81,2.35
20170227,26.34,0.02,69.03,3.11
20170228,26.28,0.13,71.49,3.52
20170301,26.01,0.04,66.6,3.28
20170302,25.95,0.0,62.92,3.01
20170303,26.99,0.37,67.95,3.04
20170304,27.36,4.25,75.92,3.19
20170305,27.61,1.42,76.07,3.04
20170306,28.37,0.22,74.68,3.36
20170307,28.29,0.72,76.69,3.92
20170308,28.56,0.95,75.06,3.99
20170309,28.48,0.62,76.18,4.31
20170310,28.57,0.51,76.2,4.36
20170311,28.55,0.55,76.66,3.71
20170312,28.5,0.52,75.41,3.34
20170313,28.78,0.76,73.15,2.98
20170314,28.44,0.83,73.27,3.08
20170315,28.23,0.2,71.72,3.0
20170316,28.34,0.02,67.59,2.72
20170317,28.93,0.0,62.48,2.9
20170318,29.18,0.03,64.59,3.88
20170319,29.17,0.14,67.18,3.72
20170320,29.35,0.18,68.75,3.45
20170321,29.51,0.57,66.85,3.22
20170322,28.87,0.01,66.96,2.69
20170323,28.22,0.0,65.06,2.73
20170324,27.98,0.0,60.22,2.78
20170325,28.35,0.0,62.94,2.96
20170326,28.23,0.0,65.8,2.82
20170327,28.58,0.0,64.18,3.08
20170328,28.83,0.01,67.81,3.31
20170329,29.2,0.0,64.69,2.97
20170330,29.44,0.0,68.78,3.13
20170331,29.57,0.03,68.9,3.36
20170401,29.63,0.0,67.8,3.85
20170402,29.55,0.01,68.69,4.22
20170403,30.06,0.06,71.38,4.03
20170404,29.75,0.19,73.47,4.19
20170405,30.14,0.11,71.15,3.85
20170406,30.4,0.07,70.47,4.36
20170407,30.59,0.02,66.65,3.65
20170408,30.43,0.0,65.25,3.73
20170409,30.35,0.01,67.84,3.8
20170410,30.51,0.03,66.4,3.8
20170411,30.14,0.35,70.51,3.03
20170412,30.25,0.14,69.44,2.75
20170413,30.0,0.02,67.91,2.78
20170414,29.82,0.03,67.25,2.59
20170415,30.13,0.02,64.77,2.65
20170416,31.61,0.05,64.27,3.96
20170417,32.15,0.04,63.27,4.21
20170418,31.6,0.02,65.84,4.53
20170419,31.24,0.02,68.1,4.84
20170420,31.47,0.04,67.18,4.93
20170421,32.35,0.04,61.09,4.26
20170422,32.33,0.13,61.8,3.78
20170423,32.01,0.2,65.81,4.14
20170424,31.72,0.21,67.91,4.12
20170425,31.32,0.58,68.04,3.9
20170426,31.32,0.11,66.29,3.62
20170427,30.55,0.03,69.95,3.85
20170428,31.08,0.02,65.87,3.87
20170429,31.33,0.07,64.27,3.92
20170430,31.17,0.1,64.54,3.73
20170501,30.68,0.13,64.73,3.51
20170502,30.45,0.15,66.27,3.6
20170503,30.55,0.13,66.19,3.46
20170504,30.64,0.15,68.0,3.54
20170505,30.84,0.14,68.51,3.77
20170506,30.79,0.55,71.82,4.32
20170507,30.76,2.67,72.18,3.85
20170508,31.33,0.65,63.86,2.95
20170509,31.57,0.85,62.6,4.04
20170510,30.06,1.03,73.36,2.96
20170511,30.11,0.66,73.39,3.42
20170512,30.39,0.26,71.27,3.08
20170513,31.29,0.11,68.25,3.44
20170514,32.32,0.12,66.84,4.12
20170515,33.29,1.32,59.78,3.2
20170516,33.36,0.52,55.68,3.94
20170517,33.19,0.33,61.91,3.93
20170518,32.16,2.3,64.35,4.29
20170519,32.01,0.72,65.34,3.44
20170520,32.3,0.48,62.97,3.19
20170521,32.16,0.69,63.37,3.37
20170522,31.95,1.62,66.3,2.68
20170523,31.56,0.71,67.53,3.02
20170524,32.1,0.84,66.81,4.36
20170525,32.36,1.01,65.47,2.98
20170526,31.42,1.68,66.06,3.7
20170527,31.05,0.58,68.91,2.3
20170528,31.91,0.53,64.85,3.92
20170529,33.03,0.68,58.46,3.91
20170530,33.27,0.23,54.58,4.33
20170531,32.35,0.27,58.45,4.25
20170601,32.64,0.1,58.98,3.81
20170602,32.29,0.17,59.65,4.23
20170603,33.25,0.41,54.84,3.64
20170604,32.43,0.93,56.47,4.04
20170605,32.78,1.03,58.55,3.33
20170606,30.22,17.06,68.8,3.61
20170607,29.41,5.89,68.25,3.81
20170608,30.72,0.06,58.12,3.53
20170609,30.72,0.28,61.54,3.81
20170610,30.59,1.82,63.37,4.37
20170611,30.92,0.92,61.32,4.68
20170612,30.77,0.02,64.19,3.7
20170613,31.24,0.11,65.27,4.31
20170614,31.35,3.82,67.88,4.34
20170615,30.6,3.02,70.65,3.86
20170616,30.01,2.79,71.99,3.23
20170617,30.87,0.86,64.36,3.6
20170618,31.14,0.39,62.24,3.22
20170619,30.84,5.09,65.27,2.89
20170620,29.61,9.43,70.84,3.03
20170621,30.01,0.42,68.27,3.72
20170622,30.52,0.63,65.79,3.37
20170623,31.18,4.75,64.64,3.14
20170624,29.97,6.81,67.45,3.23
20170625,29.79,1.56,64.3,4.76
20170626,30.01,1.44,66.13,4.71
20170627,29.97,0.77,63.88,5.41
20170628,30.1,0.01,61.2,3.78
20170629,30.24,0.09,58.05,3.5
20170630,29.81,0.61,63.73,2.44
20170701,30.69,1.21,64.14,3.27
20170702,31.03,0.86,63.51,2.95
20170703,31.36,1.78,60.44,2.99
20170704,31.21,0.45,57.15,4.02
20170705,31.16,1.73,57.98,2.93
20170706,30.97,9.48,63.51,3.39
20170707,29.51,4.04,70.58,2.68
20170708,29.66,1.48,67.76,2.21
20170709,30.19,15.3,65.29,2.93
20170710,29.83,7.54,71.59,2.61
20170711,30.06,7.32,70.23,3.12
20170712,29.16,14.77,69.55,2.73
20170713,30.45,0.42,65.09,2.39
20170714,29.95,0.3,62.16,2.44
20170715,30.2,2.36,64.51,2.94
20170716,31.21,0.38,59.79,3.31
20170717,30.61,0.06,58.7,4.1
20170718,30.59,0.5,62.24,4.44
20170719,30.91,2.22,61.95,5.1
20170720,30.56,6.86,63.24,4.56
20170721,30.5,1.58,65.86,3.79
20170722,30.69,0.06,67.38,3.51
20170723,30.85,0.08,67.55,3.39
20170724,31.01,0.12,65.32,2.91
20170725,31.26,0.68,64.31,2.57
20170726,30.99,5.7,68.57,2.27
20170727,30.72,2.76,68.25,2.78
20170728,30.59,6.0,69.81,2.95
20170729,29.41,9.62,74.27,2.26
20170730,27.8,16.25,81.26,2.77
20170731,29.18,3.61,75.12,3.05
20170801,29.72,6.54,74.48,2.65
20170802,29.63,9.37,74.46,2.82
20170803,29.61,5.27,73.42,3.05
20170804,30.03,1.06,72.54,2.64
20170805,29.98,3.77,74.0,3.1
20170806,29.97,1.86,72.87,2.61
20170807,29.25,3.46,76.7,2.69
20170808,27.85,10.84,85.49,2.54
20170809,27.85,6.44,85.21,3.05
20170810,27.87,5.31,80.37,1.79
20170811,29.02,5.55,78.06,2.25
20170812,28.49,6.9,77.76,1.73
20170813,27.15,25.7,84.77,2.1
20170814,28.24,4.48,76.86,1.51
20170815,28.09,1.98,78.7,2.3
20170816,28.63,6.56,77.55,2.99
20170817,27.56,19.94,84.18,3.41
20170818,28.15,19.17,79.88,4.13
20170819,28.84,10.11,77.39,3.92
20170820,28.69,5.76,75.43,3.34
20170821,28.39,4.39,78.6,3.1
20170822,28.74,9.96,75.36,2.26
20170823,29.1,7.26,77.09,2.34
20170824,27.7,12.22,83.38,2.9
20170825,28.2,1.57,78.33,3.13
20170826,28.92,8.43,78.97,2.7
20170827,28.9,5.87,77.49,3.1
20170828,28.39,1.66,80.31,3.5
20170829,28.85,0.85,78.08,4.02
20170830,29.19,2.11,77.06,2.82
20170831,28.68,9.02,80.64,2.41
20170901,28.16,14.63,82.37,1.56
20170902,28.36,6.24,82.27,2.08
20170903,28.4,3.3,81.48,1.79
20170904,28.56,2.54,81.92,2.08
20170905,28.73,8.46,83.81,2.4
20170906,28.51,22.88,85.47,2.17
20170907,28.25,3.68,85.57,3.11
20170908,27.5,2.2,85.35,2.32
20170909,27.95,3.52,80.87,1.59
20170910,28.04,2.02,79.81,1.38
20170911,28.23,0.45,81.85,1.77
20170912,27.99,2.83,84.44,2.54
20170913,27.87,2.61,84.82,2.57
20170914,27.81,1.65,84.86,3.44
20170915,27.63,3.52,83.89,3.01
20170916,28.22,10.72,82.9,3.34
20170917,27.74,1.74,80.29,4.86
20170918,27.79,4.17,78.77,4.28
20170919,28.14,1.12,78.84,3.63
20170920,28.21,0.09,76.21,3.39
20170921,28.29,0.51,75.08,3.34
20170922,28.34,1.76,74.64,2.23
20170923,28.62,0.68,78.86,1.88
20170924,27.78,11.97,85.26,2.81
20170925,28.01,5.48,78.99,1.63
20170926,27.56,13.67,82.78,1.2
20170927,26.78,14.98,87.4,2.6
20170928,27.14,10.41,86.08,2.51
20170929,27.63,2.13,79.66,2.95
20170930,28.35,5.95,82.81,2.47
20171001,27.79,6.77,85.17,2.79
20171002,27.92,4.19,83.84,1.64
20171003,28.34,4.26,84.03,2.15
20171004,27.82,4.72,85.23,1.49
20171005,27.52,26.63,86.64,1.23
20171006,27.63,7.98,85.13,2.77
20171007,28.04,3.08,82.51,3.23
20171008,28.41,0.5,82.39,2.93
20171009,28.34,7.25,84.38,2.29
20171010,28.23,4.21,84.91,1.55
20171011,27.63,13.66,85.44,2.39
20171012,28.31,6.26,76.27,1.98
20171013,27.59,3.08,82.73,1.68
20171014,27.01,8.05,86.54,2.76
20171015,27.24,1.87,81.35,2.46
20171016,27.37,7.66,84.16,2.88
20171017,27.17,4.17,84.94,3.11
20171018,27.39,0.24,78.05,2.85
20171019,28.52,0.08,73.96,1.99
20171020,28.61,0.58,80.62,2.14
20171021,28.19,2.66,83.45,2.32
20171022,28.27,9.88,82.61,2.05
20171023,28.2,0.08,75.02,1.92
20171024,27.91,0.38,76.5,1.38
20171025,27.65,5.77,82.4,2.37
20171026,27.16,1.99,81.62,2.41
20171027,27.07,13.63,81.04,3.09
20171028,27.59,0.95,78.77,3.79
20171029,27.51,3.2,79.14,4.82
20171030,26.5,56.58,85.81,4.14
20171031,26.32,31.8,85.57,4.06
20171101,25.97,25.5,88.26,4.13
20171102,26.1,30.46,88.22,4.41
20171103,26.13,35.63,90.19,3.89
20171104,26.22,35.35,86.79,3.44
20171105,26.82,24.11,85.4,4.56
20171106,26.59,12.86,86.91,3.47
20171107,26.31,10.71,88.23,3.16
20171108,26.59,1.52,82.98,4.24
20171109,26.2,0.27,82.1,4.69
20171110,26.09,15.38,83.85,5.6
20171111,25.57,8.2,85.55,5.65
20171112,24.82,7.8,89.73,5.02
20171113,24.77,18.04,91.95,5.55
20171114,25.91,10.68,89.94,4.29
20171115,27.03,1.48,83.85,2.42
20171116,26.97,1.51,86.0,2.03
20171117,27.26,0.48,81.57,1.56
20171118,26.93,0.38,83.55,1.44
20171119,26.78,1.35,85.89,2.13
20171120,26.71,1.15,86.95,2.7
20171121,26.67,0.54,87.61,3.02
20171122,26.94,0.38,83.49,3.84
20171123,26.65,0.08,81.37,2.74
20171124,26.49,0.38,82.56,3.05
20171125,25.96,0.41,80.07,4.45
20171126,25.95,25.72,88.46,4.61
20171127,26.8,12.87,86.87,4.54
20171128,26.08,3.95,84.91,4.84
20171129,26.08,18.91,86.36,5.41
20171130,26.72,46.22,88.84,4.89
20171201,26.51,29.08,86.36,5.13
20171202,25.5,9.57,82.78,4.91
20171203,25.32,0.47,81.35,3.91
20171204,25.37,0.1,81.32,3.14
20171205,25.27,0.9,85.74,3.42
20171206,25.01,0.05,82.38,3.31
20171207,24.16,0.0,82.18,3.28
20171208,24.17,0.0,74.89,2.28
20171209,24.82,0.0,68.66,1.5
20171210,25.12,0.01,75.17,1.77
20171211,25.45,0.05,81.02,1.42
20171212,25.85,0.01,80.63,1.38
20171213,25.48,0.0,82.33,2.22
20171214,25.37,0.05,83.91,3.06
20171215,25.34,0.22,84.37,3.9
20171216,25.52,0.07,77.44,4.15
20171217,25.08,0.05,74.45,4.53
20171218,24.7,0.04,73.5,4.61
20171219,24.76,0.13,78.56,4.67
20171220,24.54,0.18,77.88,4.71
20171221,24.38,1.16,84.91,4.57
20171222,25.03,0.71,82.13,4.23
20171223,24.71,0.07,76.94,3.65
20171224,24.4,0.13,79.75,3.66
20171225,24.61,0.15,81.56,4.12
20171226,24.22,0.0,81.76,4.46
20171227,23.83,0.0,78.06,4.01
20171228,23.62,0.0,73.22,3.66
20171229,24.36,0.01,75.53,3.51
20171230,24.48,0.0,77.2,3.18
20171231,24.54,0.06,83.73,3.8
20180101,24.63,0.12,83.24,3.59
20180102,24.55,0.01,82.77,3.13
20180103,24.7,0.01,81.7,3.33
20180104,24.23,0.0,73.28,3.72
20180105,23.4,0.0,69.3,3.39
20180106,23.16,0.0,66.07,2.78
20180107,22.71,0.0,70.12,3.29
20180108,23.32,0.01,74.94,3.95
20180109,24.3,2.0,82.52,4.55
20180110,24.94,2.51,85.62,4.51
20180111,25.2,0.72,83.87,3.24
20180112,24.87,0.01,82.65,2.36
20180113,24.43,0.01,84.71,2.21
20180114,24.17,0.01,83.6,2.43
20180115,24.4,0.01,81.02,2.47
20180116,24.56,0.0,79.37,2.23
20180117,24.03,0.0,73.78,2.75
20180118,23.29,0.0,72.69,3.36
20180119,23.04,0.0,73.94,3.3
20180120,23.05,0.01,73.63,3.15
20180121,22.97,0.0,75.83,3.39
20180122,23.27,0.05,75.4,2.96
20180123,23.66,0.0,74.06,2.39
20180124,23.94,0.0,75.89,2.65
20180125,23.99,0.0,77.48,2.79
20180126,24.12,0.0,73.84,2.68
20180127,24.24,0.0,72.3,3.38
20180128,23.91,0.0,75.7,3.9
20180129,23.97,0.0,75.2,4.01
20180130,23.7,0.0,72.81,3.82
20180131,23.27,0.0,72.34,3.31
20180201,23.14,0.0,71.07,2.53
20180202,23.5,0.0,67.43,2.28
20180203,23.38,0.0,68.61,2.79
20180204,23.25,0.0,70.48,2.91
20180205,24.12,0.01,73.58,3.24
20180206,25.1,0.21,80.59,3.14
20180207,25.64,3.28,82.98,1.69
20180208,25.63,2.34,80.68,1.58
20180209,25.54,0.0,78.28,1.7
20180210,25.39,0.0,78.62,1.95
20180211,25.6,0.0,77.39,2.67
20180212,25.45,0.01,75.98,2.96
20180213,25.13,0.01,76.49,3.18
20180214,25.64,0.0,75.39,3.69
20180215,25.67,0.02,78.06,4.06
20180216,25.42,0.0,73.92,3.06
20180217,25.35,0.0,74.48,2.25
20180218,25.13,0.0,70.91,2.44
20180219,24.96,0.0,73.2,2.81
20180220,25.07,0.0,74.63,3.21
20180221,25.02,0.0,72.59,3.12
20180222,24.83,0.0,70.04,2.78
20180223,24.89,0.0,70.8,2.76
20180224,25.32,0.02,70.97,2.93
20180225,25.92,0.03,71.03,3.63
20180226,26.17,0.01,73.27,3.13
20180227,26.24,0.01,70.58,2.76
20180228,26.18,0.03,71.3,2.65
20180301,26.58,0.01,67.85,1.83
20180302,26.29,0.08,67.96,2.27
20180303,26.06,0.04,62.1,1.92
20180304,25.87,0.02,62.47,2.27
20180305,26.04,0.03,63.27,2.18
20180306,26.3,0.0,69.18,2.26
20180307,26.36,0.09,72.6,2.15
20180308,26.68,0.01,68.36,2.43
20180309,26.86,0.04,72.46,2.8
20180310,27.29,0.03,71.8,2.77
20180311,27.2,0.07,73.62,2.84
20180312,27.58,1.09,75.49,3.21
20180313,28.19,0.5,71.91,2.99
20180314,27.99,0.06,73.72,2.42
20180315,28.31,0.41,72.99,2.88
20180316,28.41,4.83,74.87,3.2
20180317,26.76,13.13,80.67,2.26
20180318,27.74,0.17,72.94,3.1
20180319,27.57,0.0,70.03,2.57
20180320,27.62,0.0,69.01,2.21
20180321,27.97,0.01,70.32,2.62
20180322,28.56,0.0,68.88,3.02
20180323,28.93,0.18,72.69,3.32
20180324,28.96,0.06,71.41,2.96
20180325,28.4,0.0,69.11,2.8
20180326,28.08,0.0,67.58,2.12
20180327,28.7,0.01,72.01,2.68
20180328,29.26,0.05,75.31,3.57
20180329,29.38,0.06,74.01,3.83
20180330,29.35,0.04,73.84,4.22
20180331,29.28,0.33,76.4,3.64
20180401,29.09,0.22,76.46,3.7
20180402,29.0,0.17,73.57,3.13
20180403,28.9,0.11,72.14,2.94
20180404,29.1,0.04,70.38,2.84
20180405,29.03,0.0,68.92,3.24
20180406,29.37,0.02,68.95,3.14
20180407,29.4,0.11,71.21,3.01
20180408,29.46,0.24,69.32,3.43
20180409,29.48,0.13,67.31,3.14
20180410,29.66,0.18,70.78,3.42
20180411,29.93,0.14,69.28,2.75
20180412,30.2,0.14,67.72,2.81
20180413,30.48,0.32,67.39,3.28
20180414,30.39,0.69,69.13,3.34
20180415,30.67,0.47,66.81,3.24
20180416,30.76,0.46,67.33,2.65
20180417,30.85,0.07,64.71,3.12
20180418,31.22,0.06,63.73,3.84
20180419,31.11,0.1,67.08,4.54
20180420,31.35,0.47,67.33,4.41
20180421,30.68,0.47,69.84,4.6
20180422,31.17,0.24,66.74,4.14
20180423,30.56,0.38,70.73,3.82
20180424,30.84,0.09,67.86,4.19
20180425,30.73,0.55,69.67,3.89
20180426,30.68,0.56,71.28,4.05
20180427,30.78,0.1,69.49,3.36
20180428,30.9,0.11,66.24,3.59
20180429,30.88,0.18,70.42,4.0
20180430,31.5,0.65,69.85,4.77
20180501,31.28,1.52,72.72,4.85
20180502,30.55,3.24,76.62,3.66
20180503,30.19,2.96,78.73,3.61
20180504,29.81,2.21,76.19,2.74
20180505,30.3,0.1,72.5,3.36
20180506,30.34,0.69,72.84,3.55
20180507,30.43,1.76,70.87,3.91
20180508,30.22,1.75,73.62,4.15
20180509,30.75,1.4,68.06,4.56
20180510,30.4,0.87,67.69,4.19
20180511,30.85,0.8,69.75,4.23
20180512,30.84,0.78,71.42,4.25
20180513,31.04,0.3,69.99,4.21
20180514,31.0,0.25,69.65,3.65
20180515,29.98,0.23,58.97,2.55
20180516,30.67,0.61,62.09,3.32
20180517,31.22,0.78,66.72,3.79
20180518,31.82,0.17,63.41,4.29
20180519,31.37,1.54,67.26,4.23
20180520,30.74,2.98,73.1,3.51
20180521,30.69,0.92,72.36,3.72
20180522,30.73,0.8,67.0,3.05
20180523,30.45,1.11,70.23,2.66
20180524,30.75,0.7,68.97,2.78
20180525,29.7,1.54,73.22,1.88
20180526,29.62,1.33,73.34,2.71
20180527,30.28,0.56,73.73,4.03
20180528,30.55,0.53,73.08,5.07
20180529,31.77,0.29,65.68,3.76
20180530,32.31,0.34,65.19,3.29
20180531,32.0,0.43,69.7,3.24
20180601,31.48,2.14,69.4,2.58
20180602,30.18,5.79,73.81,2.52
20180603,29.88,3.39,74.96,3.12
20180604,29.21,2.57,74.64,4.1
20180605,30.5,1.43,71.97,3.43
20180606,29.69,12.5,74.09,2.91
20180607,29.7,12.77,73.2,3.96
20180608,30.9,0.76,64.36,4.67
20180609,30.86,0.51,64.99,5.64
20180610,31.04,0.21,62.46,5.14
20180611,31.14,0.21,67.13,5.49
20180612,30.99,0.2,67.75,4.55
20180613,30.82,0.14,66.21,4.41
20180614,30.97,0.13,64.1,3.69
20180615,30.73,4.79,62.7,3.19
20180616,30.28,2.2,61.04,3.44
20180617,30.67,1.89,59.86,3.67
20180618,31.01,0.94,56.54,3.79
20180619,31.0,0.35,61.68,3.92
20180620,30.65,0.45,66.06,3.65
20180621,30.16,0.58,67.15,3.94
20180622,30.32,0.26,63.54,3.47
20180623,30.76,0.4,62.79,2.96
20180624,30.82,0.99,63.83,2.85
20180625,30.5,1.58,61.81,3.15
20180626,30.38,1.17,61.55,3.41
20180627,30.33,4.65,64.7,3.75
20180628,29.41,1.04,71.0,3.4
20180629,29.12,1.03,68.51,2.96
20180630,28.42,0.76,68.12,2.91
20180701,29.03,5.26,71.48,1.98
20180702,29.62,6.22,71.9,2.65
20180703,28.62,15.79,75.22,3.05
20180704,29.78,1.15,68.22,3.2
20180705,30.05,0.56,66.82,3.24
20180706,30.39,0.45,65.63,3.13
20180707,29.87,0.08,66.01,3.48
20180708,30.03,1.24,64.75,4.38
20180709,29.72,1.04,67.74,4.93
20180710,28.88,5.23,72.83,4.43
20180711,29.17,5.8,71.18,4.51
20180712,29.7,3.49,68.82,4.3
20180713,29.47,6.02,64.86,5.07
20180714,29.57,1.88,68.47,4.41
20180715,30.71,0.19,64.46,4.71
20180716,30.49,0.01,61.81,5.83
20180717,30.85,0.28,59.89,5.12
20180718,30.59,0.05,61.34,4.6
20180719,30.44,1.34,65.05,4.33
20180720,30.02,0.27,66.27,4.5
20180721,30.35,0.07,63.97,4.97
20180722,30.71,0.01,63.26,3.33
20180723,30.88,0.98,62.62,3.12
20180724,30.95,0.67,64.45,3.05
20180725,30.71,0.72,64.37,3.27
20180726,30.24,2.13,68.26,3.39
20180727,30.82,0.24,64.46,3.16
20180728,30.81,0.14,63.13,3.2
20180729,30.76,1.02,64.62,3.87
20180730,30.46,1.89,66.66,3.6
20180731,30.28,4.61,66.76,3.56
20180801,30.61,0.63,63.12,4.09
20180802,30.61,1.84,64.95,3.5
20180803,30.09,1.3,66.64,3.21
20180804,30.05,4.22,66.21,2.46
20180805,28.91,4.97,71.76,3.07
20180806,30.55,1.07,63.2,3.3
20180807,30.4,2.2,60.28,4.3
20180808,30.42,1.82,61.99,3.88
20180809,29.75,5.77,69.16,3.06
20180810,29.65,2.27,65.29,3.06
20180811,29.14,2.01,66.32,4.16
20180812,29.26,3.04,66.31,4.31
20180813,29.87,1.6,62.62,4.33
20180814,28.76,20.17,70.75,4.37
20180815,28.13,19.79,79.62,4.79
20180816,29.51,2.45,71.3,4.74
20180817,30.16,0.84,66.07,3.69
20180818,29.99,0.44,64.5,3.94
20180819,30.05,0.34,64.6,3.39
20180820,30.23,0.06,62.51,3.67
20180821,30.86,0.1,60.45,3.42
20180822,30.23,0.07,63.79,3.13
20180823,30.5,2.31,67.21,2.83
20180824,29.78,10.02,71.06,2.52
20180825,29.58,8.18,70.88,2.27
20180826,29.42,3.06,72.35,2.28
20180827,29.55,6.08,71.44,2.53
20180828,29.51,3.04,71.03,3.23
20180829,29.4,3.42,71.53,3.0
20180830,29.71,7.01,70.07,3.03
20180831,27.9,11.44,79.49,3.0
20180901,27.98,13.91,79.23,3.53
20180902,28.6,1.09,73.72,2.66
20180903,29.02,0.28,71.72,2.6
20180904,29.13,0.92,73.16,2.93
20180905,29.28,0.38,72.14,3.0
20180906,29.65,0.03,69.01,2.87
20180907,30.3,0.02,64.7,3.21
20180908,30.26,0.16,65.46,3.04
20180909,29.77,0.65,68.83,2.78
20180910,28.61,1.4,73.32,2.69
20180911,29.18,1.23,73.0,3.19
20180912,29.58,1.42,72.34,3.24
20180913,29.56,2.06,72.23,3.48
20180914,29.37,5.86,74.69,3.26
20180915,29.35,8.03,74.86,2.99
20180916,27.22,19.66,83.88,3.33
20180917,26.86,19.93,83.83,3.31
20180918,27.63,21.79,78.18,1.75
20180919,27.78,3.23,78.11,2.57
20180920,28.19,0.95,76.9,2.68
20180921,28.76,1.59,76.17,3.08
20180922,28.5,0.49,76.84,2.56
20180923,27.81,0.4,82.28,2.27
20180924,28.14,0.16,78.08,1.83
20180925,27.8,0.07,80.84,1.76
20180926,27.78,0.16,80.02,1.95
20180927,28.3,1.06,77.12,2.23
20180928,28.42,0.26,74.81,1.91
20180929,28.47,0.24,76.48,2.11
20180930,28.64,1.7,77.1,2.21
20181001,28.46,2.31,79.47,2.43
20181002,28.43,1.16,78.71,2.34
20181003,27.96,17.99,82.74,2.24
20181004,27.29,32.25,83.13,2.5
20181005,27.17,28.01,86.04,2.38
20181006,27.31,9.4,86.09,2.27
20181007,27.44,2.58,84.01,2.29
20181008,27.25,8.76,86.31,2.4
20181009,27.51,2.29,80.68,2.2
20181010,28.72,0.03,69.06,2.56
20181011,28.13,0.02,69.03,2.58
20181012,28.34,0.12,78.76,3.95
20181013,28.23,0.51,82.22,4.02
20181014,28.24,4.01,81.69,3.19
20181015,28.01,2.08,81.31,2.52
20181016,27.82,1.64,79.07,1.63
20181017,27.4,12.53,79.1,2.27
20181018,26.86,10.25,78.82,1.5
20181019,26.86,6.88,78.47,2.0
20181020,27.28,0.71,76.74,2.65
20181021,27.2,10.17,80.75,3.63
20181022,27.09,0.04,76.94,3.17
20181023,26.68,0.0,75.81,2.56
20181024,26.66,0.09,78.13,2.6
20181025,27.22,0.01,77.92,3.6
20181026,27.7,0.02,75.19,4.46
20181027,27.45,0.02,72.18,4.66
20181028,27.22,0.0,71.98,4.8
20181029,27.34,1.29,77.28,4.9
20181030,27.45,6.91,83.81,4.37
20181031,27.2,10.82,83.4,3.84
20181101,26.52,23.85,86.52,3.44
20181102,26.61,10.48,85.3,2.83
20181103,26.97,10.63,84.04,3.21
20181104,27.5,2.0,80.14,3.28
20181105,27.45,0.81,78.51,3.16
20181106,27.33,0.42,77.75,3.08
20181107,26.48,0.0,76.25,3.24
20181108,26.64,2.34,79.92,3.34
20181109,26.81,0.73,77.91,3.36
20181110,26.78,0.12,76.62,3.15
20181111,26.6,0.02,73.67,3.26
20181112,26.39,0.0,72.88,3.46
20181113,25.93,0.0,70.67,3.25
20181114,26.31,0.41,74.36,3.48
20181115,26.91,12.43,83.26,5.74
20181116,27.43,14.54,82.13,3.9
20181117,27.34,3.06,80.38,1.63
20181118,27.15,0.73,82.69,2.13
20181119,27.26,1.48,82.7,3.17
20181120,26.65,4.1,84.55,4.56
20181121,25.92,68.56,88.84,5.12
20181122,25.79,44.56,87.15,4.99
20181123,26.64,11.89,85.27,3.66
20181124,26.3,0.02,80.73,3.34
20181125,25.67,0.02,78.62,3.09
20181126,24.85,0.02,74.5,3.48
20181127,24.92,0.1,72.85,3.28
20181128,25.64,2.17,77.28,3.74
20181129,25.9,19.19,81.15,3.98
20181130,25.64,1.55,79.62,3.69
20181201,24.85,0.05,77.63,3.34
20181202,25.37,0.24,77.86,3.29
20181203,25.84,8.13,83.6,3.96
20181204,26.14,22.55,87.99,2.77
20181205,26.41,7.94,85.74,3.07
20181206,26.5,1.18,80.82,2.74
20181207,26.3,1.41,81.22,3.32
20181208,26.1,0.16,80.82,3.5
20181209,25.55,0.0,81.79,3.39
20181210,25.18,0.0,79.07,2.92
20181211,25.13,0.0,80.82,2.86
20181212,25.19,0.01,82.3,2.88
20181213,25.21,0.08,82.35,3.02
20181214,25.68,0.97,82.3,4.87
20181215,25.53,0.62,78.99,6.89
20181216,22.29,2.69,85.23,7.68
20181217,24.4,0.0,74.61,3.69
20181218,24.4,0.0,79.19,2.76
20181219,23.78,0.0,78.69,3.86
20181220,24.66,0.04,81.87,3.71
20181221,25.38,2.37,83.17,5.2
20181222,25.31,12.69,86.96,5.06
20181223,25.55,6.61,84.4,4.36
20181224,25.24,0.11,81.06,3.69
20181225,24.61,0.0,80.51,3.09
20181226,24.45,0.0,80.23,2.19
20181227,24.88,0.0,77.93,1.65
20181228,25.18,0.05,79.42,2.11
20181229,24.85,0.16,79.12,3.77
20181230,24.05,0.03,79.17,4.39
20181231,23.54,0.0,70.27,4.34
20190101,22.58,0.0,71.22,3.63
20190102,23.15,0.0,73.07,3.61
20190103,23.55,0.0,72.68,3.64
20190104,23.38,0.0,73.65,3.75
20190105,23.49,0.0,72.82,3.44
20190106,23.44,0.01,74.14,3.16
20190107,24.02,0.0,76.03,3.09
20190108,23.34,0.0,76.53,3.0
20190109,23.37,0.0,74.76,2.79
20190110,23.71,0.0,75.04,3.39
20190111,23.98,0.12,72.78,3.47
20190112,23.53,0.02,73.98,3.83
20190113,23.7,0.07,76.14,3.47
20190114,23.79,0.0,75.39,3.48
20190115,23.69,0.0,73.4,3.85
20190116,24.13,0.0,74.65,3.71
20190117,23.93,0.07,72.78,3.25
20190118,23.73,0.0,72.43,3.39
20190119,23.51,0.0,72.37,3.24
20190120,23.56,0.01,71.02,3.39
20190121,23.64,0.0,71.62,2.99
20190122,23.88,0.02,73.44,2.62
20190123,24.76,0.0,75.03,2.89
20190124,25.15,0.0,76.24,2.79
20190125,25.68,0.02,78.85,2.97
20190126,25.98,0.05,76.61,3.24
20190127,25.85,0.04,74.05,3.18
20190128,25.35,0.15,72.24,3.31
20190129,25.21,0.16,73.46,4.33
20190130,24.9,0.03,74.34,4.43
20190131,24.75,0.0,72.0,3.98
20190201,24.87,0.02,71.56,3.67
20190202,25.14,0.0,72.01,3.56
20190203,25.43,0.0,72.38,3.74
20190204,26.22,0.04,72.63,4.45
20190205,26.13,0.06,71.64,4.08
20190206,25.88,0.0,69.81,3.09
20190207,26.1,0.0,70.71,2.65
20190208,26.84,0.4,73.28,2.39
20190209,27.36,0.19,73.95,2.48
20190210,26.97,0.11,75.0,2.96
20190211,26.9,0.01,73.48,4.44
20190212,26.37,0.02,71.21,4.51
20190213,25.96,0.01,72.7,4.12
20190214,26.48,0.0,73.84,3.45
20190215,26.58,0.02,73.63,2.73
20190216,27.6,0.0,71.05,2.72
20190217,28.31,0.02,69.77,2.63
20190218,28.41,0.09,73.65,2.86
20190219,28.03,0.02,74.05,3.25
20190220,27.5,0.0,72.31,3.36
20190221,27.31,0.01,68.35,3.4
20190222,26.45,0.0,67.64,2.85
20190223,26.74,0.0,64.26,2.21
20190224,27.11,0.0,67.24,2.24
20190225,27.13,0.0,68.94,3.07
20190226,27.61,0.01,73.01,3.65
20190227,28.25,0.03,72.83,4.04
20190228,28.37,1.05,74.58,3.8
20190301,28.35,0.32,73.72,3.59
20190302,28.14,0.01,67.85,3.55
20190303,28.25,0.01,67.17,3.02
20190304,28.37,0.0,67.92,3.4
20190305,29.15,0.0,67.78,3.99
20190306,29.78,0.03,69.44,4.23
20190307,29.71,0.17,73.14,4.58
20190308,29.64,0.08,71.45,3.97
20190309,29.32,0.26,70.16,3.43
20190310,28.99,0.01,68.58,3.57
20190311,28.77,0.0,67.84,3.17
20190312,28.6,0.0,64.88,3.16
20190313,28.32,0.01,63.95,2.55
20190314,28.8,0.0,61.27,2.63
20190315,28.47,0.0,62.53,2.73
20190316,28.39,0.01,67.33,2.81
20190317,28.22,0.06,65.18,3.01
20190318,28.32,0.0,65.77,3.33
20190319,28.7,0.01,66.13,3.35
20190320,28.73,0.0,68.77,3.91
20190321,28.48,0.0,64.28,3.47
20190322,28.86,0.0,67.64,3.64
20190323,29.48,0.0,66.55,3.27
20190324,29.48,0.0,66.37,3.25
20190325,29.59,0.0,62.78,2.76
20190326,29.48,0.0,64.19,3.23
20190327,29.26,0.0,60.21,2.84
20190328,29.35,0.0,62.57,2.97
20190329,29.75,0.0,64.44,3.33
20190330,30.03,0.0,62.71,3.72
20190331,30.41,0.0,65.92,3.72
20190401,30.22,0.0,65.27,4.28
20190402,29.73,0.0,69.77,4.13
20190403,29.49,0.0,68.61,3.71
20190404,29.75,0.0,68.96,3.7
20190405,30.12,0.01,68.33,3.07
20190406,29.91,0.01,67.13,3.28
20190407,30.07,0.02,67.62,4.05
20190408,30.39,0.04,68.86,4.22
20190409,30.48,0.06,70.96,4.05
20190410,30.43,0.04,69.25,3.6
20190411,30.3,0.23,67.2,3.48
20190412,30.61,0.27,65.66,3.31
20190413,30.44,0.18,66.54,3.26
20190414,30.8,0.02,62.44,3.15
20190415,30.43,0.0,63.56,3.36
20190416,30.63,0.01,64.87,3.64
20190417,31.32,0.04,61.67,3.83
20190418,31.01,0.31,69.87,3.59
20190419,30.79,0.49,70.65,3.71
20190420,31.29,0.77,67.22,3.6
20190421,31.21,1.44,66.7,3.7
20190422,31.32,0.77,65.44,3.19
20190423,31.29,0.29,60.73,2.83
20190424,31.35,0.02,57.03,2.47
20190425,31.39,0.03,59.92,2.64
20190426,31.51,0.01,63.34,3.14
20190427,31.6,0.04,67.0,3.79
20190428,31.48,0.28,67.11,3.39
20190429,31.57,0.48,67.48,3.31
20190430,32.53,1.09,62.34,2.7
20190501,31.07,5.78,67.63,2.66
20190502,32.49,0.59,63.07,4.1
20190503,33.05,0.19,56.85,4.5
20190504,32.32,0.55,61.52,3.36
20190505,32.0,4.1,67.44,3.94
20190506,31.39,1.29,69.58,4.37
20190507,31.32,0.43,70.99,4.44
20190508,29.87,0.28,71.06,4.98
20190509,31.89,0.44,63.33,4.3
20190510,31.44,0.36,70.76,4.15
20190511,30.79,0.04,73.27,4.33
20190512,30.76,0.04,73.34,4.14
20190513,31.07,0.14,72.06,3.87
20190514,31.2,0.37,72.21,3.25
20190515,31.17,0.69,71.79,3.1
20190516,30.71,0.72,75.88,3.4
20190517,31.11,0.23,74.32,3.62
20190518,31.16,0.33,73.1,3.74
20190519,31.37,0.31,70.48,4.2
20190520,31.22,0.06,69.26,4.23
20190521,29.99,0.03,76.02,4.11
20190522,30.46,0.02,75.0,3.9
20190523,31.13,0.02,72.67,4.59
20190524,31.33,0.04,72.35,4.26
20190525,31.86,0.11,69.19,3.55
20190526,33.12,0.13,62.08,4.33
20190527,31.95,0.08,69.34,4.2
20190528,31.21,0.18,74.24,4.11
20190529,31.54,0.85,71.82,3.41
20190530,31.69,0.25,70.08,3.3
20190531,32.12,0.99,65.7,4.23
20190601,31.95,1.42,61.04,3.92
20190602,32.0,3.4,67.28,3.64
20190603,30.95,0.83,69.56,2.71
20190604,30.6,4.6,73.86,2.75
20190605,30.56,2.02,75.4,3.52
20190606,30.24,0.28,76.51,4.28
20190607,30.72,0.48,75.93,3.55
20190608,31.25,0.18,70.95,3.69
20190609,32.13,0.16,61.77,5.47
20190610,31.07,0.08,63.91,5.24
20190611,31.99,0.1,58.91,4.74
20190612,32.48,0.06,58.09,4.77
20190613,32.28,0.28,58.03,3.32
20190614,32.81,0.09,54.01,4.7
20190615,32.94,0.23,54.51,4.11
20190616,32.43,0.36,60.5,3.91
20190617,32.44,0.6,59.95,4.16
20190618,32.38,0.3,59.71,3.21
20190619,32.38,0.27,60.04,4.03
20190620,32.18,4.08,59.61,3.72
20190621,31.2,7.34,66.68,2.36
20190622,31.54,2.38,63.11,2.89
20190623,30.36,6.91,70.41,2.77
20190624,30.47,3.91,70.38,3.0
20190625,29.99,3.27,74.19,3.25
20190626,29.95,7.14,73.39,2.79
20190627,30.44,5.4,71.35,2.8
20190628,30.57,1.16,70.09,3.0
20190629,31.42,1.82,67.42,3.15
20190630,31.43,0.77,62.98,3.63
20190701,31.53,0.28,65.64,3.59
20190702,31.41,0.24,63.48,4.16
20190703,31.25,0.19,64.22,3.83
20190704,31.43,0.23,62.84,4.84
20190705,31.56,0.4,61.27,4.61
20190706,31.72,0.22,58.68,4.44
20190707,31.97,0.04,55.86,4.33
20190708,32.11,0.1,55.62,3.83
20190709,31.42,4.42,60.17,3.97
20190710,28.92,6.65,75.08,3.95
20190711,29.35,3.71,70.6,3.14
20190712,29.64,1.4,68.83,3.12
20190713,29.61,21.32,74.9,2.99
20190714,28.91,5.31,76.41,2.81
20190715,29.01,8.38,74.31,3.15
20190716,29.57,4.77,72.59,2.91
20190717,29.87,1.06,69.07,2.74
20190718,28.54,6.03,74.59,3.11
20190719,27.65,4.2,77.73,3.59
20190720,29.29,4.02,73.61,3.34
20190721,29.52,3.29,72.7,3.37
20190722,27.92,12.24,78.29,3.69
20190723,29.57,9.48,71.0,2.76
20190724,30.1,7.57,71.85,3.14
20190725,29.16,15.1,74.58,3.12
20190726,28.85,8.01,75.14,2.72
20190727,29.09,1.32,72.86,2.57
20190728,29.38,1.62,72.24,2.57
20190729,29.1,2.87,75.05,3.62
20190730,29.29,3.73,73.52,2.97
20190731,29.37,0.2,69.4,3.47
20190801,29.47,1.25,72.79,3.87
20190802,29.64,1.17,73.14,3.68
20190803,29.97,0.09,67.34,4.29
20190804,30.22,0.05,61.62,4.37
20190805,29.23,6.2,66.9,4.97
20190806,29.17,0.29,65.29,5.19
20190807,29.31,3.16,68.59,5.55
20190808,29.72,1.77,68.88,5.84
20190809,29.6,1.48,69.41,5.41
20190810,30.04,1.0,65.58,4.38
20190811,30.18,0.37,66.44,3.56
20190812,29.88,0.64,67.36,2.86
20190813,29.71,2.48,71.98,3.16
20190814,29.83,8.43,72.96,3.47
20190815,29.35,2.65,73.01,3.44
20190816,29.12,34.1,77.08,2.57
20190817,27.33,50.28,85.89,2.38
20190818,27.02,28.1,87.53,2.32
20190819,27.7,10.07,84.2,2.69
20190820,28.42,8.91,84.38,2.74
20190821,27.17,17.03,87.31,3.1
20190822,26.65,1.78,84.06,3.68
20190823,27.7,5.94,81.14,3.75
20190824,27.56,2.35,80.3,3.92
20190825,28.02,2.52,78.87,4.4
20190826,28.21,0.2,77.2,4.64
20190827,28.04,0.27,78.27,3.38
20190828,28.29,1.84,77.87,3.02
20190829,27.86,2.86,81.36,3.86
20190830,28.23,1.91,79.14,2.67
20190831,28.01,8.76,79.29,3.15
20190901,27.9,1.6,80.22,3.27
20190902,27.76,3.55,81.64,3.24
20190903,28.23,6.66,80.65,3.77
20190904,27.94,8.78,79.9,4.0
20190905,28.41,2.31,77.05,4.09
20190906,28.87,2.85,77.56,4.31
20190907,28.99,1.68,76.53,4.07
20190908,29.06,0.34,75.67,3.5
20190909,28.39,0.16,76.7,3.52
20190910,28.74,1.85,80.13,3.8
20190911,28.05,8.23,84.24,3.48
20190912,27.74,23.98,84.72,3.63
20190913,27.4,12.52,86.1,3.2
20190914,28.15,13.91,82.79,3.4
20190915,28.0,5.56,83.01,3.02
20190916,27.96,9.52,80.87,3.44
20190917,27.93,9.44,82.89,2.35
20190918,27.25,34.56,86.04,2.34
20190919,27.87,18.25,85.28,3.77
20190920,27.5,6.9,82.57,2.21
20190921,27.63,5.31,85.5,2.64
20190922,27.91,11.64,85.13,2.17
20190923,27.64,11.38,87.39,2.35
20190924,27.73,3.17,85.31,3.48
20190925,27.24,11.07,87.8,4.67
20190926,27.58,1.59,85.12,3.88
20190927,27.78,0.48,83.23,2.23
20190928,27.93,0.34,79.78,1.92
20190929,27.56,1.61,76.54,2.36
20190930,27.23,1.65,75.19,2.26
20191001,27.6,0.51,79.07,2.09
20191002,27.62,0.18,84.67,2.57
20191003,28.08,0.25,81.67,2.45
20191004,27.85,1.21,82.52,2.53
20191005,27.76,0.88,83.01,2.75
20191006,27.54,0.73,84.17,2.81
20191007,28.06,0.68,81.08,2.45
20191008,28.2,0.41,80.99,2.54
20191009,28.13,0.56,81.16,2.92
20191010,28.16,0.13,80.27,2.76
20191011,27.88,0.85,82.33,2.4
20191012,27.68,0.8,82.66,1.64
20191013,28.01,2.12,82.1,1.97
20191014,28.13,4.45,82.07,1.74
20191015,27.84,12.02,85.22,2.54
20191016,27.36,13.34,82.81,2.55
20191017,26.81,17.64,84.0,1.85
20191018,27.38,8.17,81.75,1.6
20191019,26.83,7.02,86.42,2.23
20191020,26.78,20.3,87.06,2.86
20191021,26.76,8.84,85.09,2.61
20191022,26.74,9.89,85.08,1.61
20191023,26.68,9.79,86.35,2.54
20191024,26.77,2.94,84.83,2.85
20191025,26.37,7.05,83.44,2.89
20191026,26.38,2.83,87.58,2.36
20191027,26.85,3.41,82.18,1.58
20191028,27.02,12.92,86.41,2.76
20191029,26.65,40.48,83.67,3.48
20191030,26.66,28.03,84.49,2.88
20191031,26.77,1.88,84.67,2.5
20191101,27.12,3.54,83.35,1.96
20191102,27.17,1.46,82.46,1.74
20191103,27.03,0.45,84.72,2.43
20191104,27.29,0.0,77.31,2.24
20191105,27.27,0.01,80.06,2.15
20191106,27.24,0.03,79.51,2.02
20191107,27.25,0.52,78.53,1.38
20191108,27.56,2.05,81.72,1.59
20191109,27.99,3.81,81.12,1.35
20191110,27.63,1.15,78.78,1.76
20191111,26.91,0.04,78.6,2.62
20191112,26.93,0.36,81.75,3.23
20191113,26.8,0.91,82.9,3.85
20191114,26.98,6.14,84.69,2.98
20191115,26.95,4.24,84.99,2.81
20191116,27.01,2.22,83.63,3.35
20191117,26.69,4.12,85.8,4.09
20191118,27.2,11.25,84.89,2.85
20191119,27.31,4.7,81.42,1.85
20191120,26.74,11.24,86.9,2.51
20191121,26.96,10.7,84.57,4.05
20191122,26.45,8.05,82.18,4.51
20191123,25.88,6.03,84.46,4.57
20191124,26.29,1.62,83.12,3.89
20191125,26.38,0.22,81.45,4.48
20191126,26.31,10.02,81.46,4.12
20191127,26.99,8.26,82.58,4.19
20191128,27.22,29.68,86.54,4.14
20191129,27.01,8.24,84.96,4.96
20191130,26.89,37.22,88.85,4.51
20191201,26.47,55.08,90.96,3.39
20191202,26.68,9.37,85.55,3.63
20191203,26.57,3.15,81.9,4.3
20191204,26.38,0.65,80.44,4.61
20191205,25.67,0.18,78.87,4.89
20191206,25.29,3.05,80.78,4.9
20191207,25.98,4.94,83.07,4.31
20191208,25.64,0.73,79.63,3.91
20191209,25.55,0.12,76.97,3.81
20191210,25.28,0.13,78.53,3.54
20191211,25.14,0.15,79.58,3.41
20191212,25.43,1.34,81.47,3.38
20191213,25.8,7.77,83.61,3.26
20191214,26.01,14.52,83.83,3.97
20191215,25.41,0.94,81.74,3.53
20191216,25.67,3.38,84.22,3.7
20191217,25.7,0.62,81.2,4.64
20191218,25.7,0.8,82.4,4.12
20191219,25.64,0.56,81.78,4.14
20191220,25.51,0.15,80.18,3.56
20191221,25.06,0.0,81.1,3.2
20191222,24.95,0.02,78.88,3.18
20191223,24.97,0.01,77.69,3.22
20191224,25.34,4.36,83.67,3.71
20191225,25.42,0.3,81.46,3.63
20191226,24.95,0.01,79.19,2.46
20191227,24.8,0.0,76.63,2.25
20191228,25.22,0.1,77.88,2.86
20191229,25.19,1.97,80.87,3.41
20191230,25.18,8.7,83.01,3.23
20191231,25.69,2.32,81.37,3.26
20200101,26.0,15.6,85.42,2.58
20200102,25.97,2.07,85.52,2.23
20200103,26.29,0.12,83.46,1.87
20200104,26.45,0.18,84.13,2.08
20200105,26.37,1.22,82.84,2.69
20200106,26.01,2.61,81.45,3.4
20200107,25.76,1.01,81.48,3.49
20200108,25.02,0.14,79.04,3.22
20200109,24.73,0.0,73.06,2.32
20200110,24.38,0.01,76.43,3.21
20200111,24.26,0.1,76.57,3.55
20200112,24.65,0.02,80.85,3.41
20200113,24.22,0.0,73.44,2.77
20200114,23.54,0.0,70.7,2.57
20200115,24.1,0.0,69.6,2.4
20200116,25.42,0.01,65.37,1.83
20200117,25.35,0.85,82.16,2.88
20200118,25.83,2.64,82.98,3.61
20200119,25.57,0.1,79.61,3.25
20200120,25.03,0.0,77.4,3.11
20200121,24.65,0.0,77.26,3.57
20200122,25.09,0.04,79.57,4.0
20200123,25.1,0.05,79.87,3.65
20200124,24.06,0.0,76.43,3.21
20200125,23.5,0.0,73.85,2.35
20200126,24.61,0.0,70.56,1.73
20200127,24.77,0.0,75.78,2.02
20200128,25.28,0.01,79.36,2.74
20200129,25.68,0.0,75.66,2.61
20200130,25.45,0.0,76.38,2.25
20200131,25.65,0.0,76.78,2.28
20200201,25.98,0.01,77.35,2.77
20200202,25.77,0.0,71.67,3.17
20200203,25.55,0.0,71.13,3.04
20200204,25.96,0.09,68.59,2.89
20200205,25.82,0.0,66.43,2.99
20200206,25.52,0.0,69.27,3.08
20200207,25.85,0.0,71.87,3.36
20200208,26.1,0.0,70.99,3.12
20200209,26.27,0.11,73.57,3.51
20200210,26.16,0.37,71.37,3.81
20200211,26.38,0.07,68.52,4.03
20200212,26.04,0.33,73.16,4.29
20200213,25.87,0.0,70.4,3.63
20200214,25.66,0.0,68.86,2.52
20200215,25.87,0.0,61.6,2.27
20200216,25.43,0.0,66.49,3.05
20200217,25.59,0.0,64.37,2.86
20200218,25.68,0.0,66.25,2.87
20200219,25.24,0.0,70.38,2.74
20200220,25.42,0.0,69.02,2.97
20200221,25.93,0.1,72.25,3.89
20200222,26.8,0.09,73.21,4.39
20200223,26.54,0.03,73.61,3.75
20200224,26.85,0.0,71.38,3.1
20200225,27.44,0.0,71.63,2.96
20200226,27.49,0.02,72.94,3.01
20200227,27.52,0.0,71.13,3.2
20200228,27.39,0.03,71.18,3.16
20200229,27.13,0.1,70.96,2.94
20200301,27.32,0.0,69.19,3.03
20200302,27.5,0.0,64.89,2.66
20200303,28.42,0.0,61.13,2.21
20200304,28.16,0.0,65.19,2.85
20200305,28.04,0.0,69.07,3.64
20200306,27.72,0.29,73.08,3.83
20200307,27.76,0.24,71.98,3.67
20200308,28.04,0.03,71.66,3.0
20200309,27.79,0.0,69.85,2.96
20200310,27.91,0.01,67.44,2.93
20200311,27.35,0.0,68.38,2.83
20200312,27.65,0.0,67.23,2.86
20200313,27.96,0.01,69.2,2.77
20200314,27.95,0.01,72.15,3.09
20200315,27.89,0.04,71.03,3.22
20200316,28.61,0.07,68.44,2.99
20200317,28.28,0.01,69.76,2.82
20200318,28.61,0.01,69.51,2.44
20200319,29.04,0.01,69.05,2.74
20200320,29.0,0.01,67.08,3.1
20200321,29.44,0.01,64.48,3.64
20200322,29.44,0.15,64.88,3.09
20200323,28.76,0.21,66.89,3.0
20200324,28.84,0.05,65.03,2.92
20200325,29.09,0.02,64.38,2.94
20200326,29.01,0.0,65.13,3.16
20200327,28.84,0.01,63.2,2.73
20200328,28.83,0.0,59.42,2.03
20200329,28.87,0.0,61.38,2.66
20200330,29.2,0.0,58.03,2.41
20200331,29.41,0.0,61.6,2.29
20200401,29.67,0.0,64.98,2.66
20200402,29.97,0.01,67.05,3.35
20200403,29.45,0.0,68.62,3.34
20200404,29.37,0.01,68.73,3.1
20200405,30.21,0.08,71.0,3.4
20200406,30.11,3.11,72.83,3.15
20200407,30.14,1.15,71.4,3.48
20200408,30.55,2.45,67.9,3.5
20200409,30.18,5.13,68.25,3.39
20200410,29.74,2.92,66.36,2.8
20200411,29.72,0.21,67.46,2.82
20200412,29.86,0.09,64.62,2.32
20200413,30.28,0.03,61.38,2.5
20200414,29.99,0.01,62.44,2.75
20200415,29.89,0.03,65.62,2.63
20200416,29.93,0.04,69.74,3.4
20200417,30.32,0.04,68.53,3.79
20200418,30.59,0.05,67.95,3.88
20200419,30.67,0.1,68.36,3.56
20200420,30.44,0.05,66.99,3.2
20200421,30.61,0.02,65.67,3.08
20200422,30.86,0.05,66.41,3.61
20200423,31.23,0.3,68.62,3.89
20200424,31.41,0.01,67.72,4.53
20200425,31.12,3.98,72.7,4.23
20200426,30.15,6.47,76.44,3.75
20200427,30.13,8.31,76.61,2.37
20200428,30.22,4.22,70.57,2.18
20200429,30.52,1.93,70.58,2.15
20200430,30.05,0.33,74.98,2.35
20200501,30.6,0.16,72.33,2.75
20200502,30.89,0.43,70.56,3.02
20200503,31.0,0.09,69.38,3.08
20200504,31.19,0.1,70.12,3.0
20200505,31.53,0.07,66.84,3.46
20200506,31.24,0.28,70.44,3.77
20200507,31.65,0.54,68.35,3.92
20200508,31.76,0.77,67.75,3.58
20200509,31.72,0.22,67.44,3.37
20200510,31.69,0.2,65.29,3.08
20200511,30.63,11.02,71.0,2.49
20200512,29.19,39.73,74.31,2.37
20200513,30.15,10.17,65.63,2.13
20200514,30.71,1.41,70.03,2.46
20200515,30.49,3.35,73.93,3.17
20200516,29.8,1.21,77.27,3.33
20200517,29.92,0.53,71.86,2.82
20200518,31.02,3.45,71.18,2.18
20200519,32.76,1.7,61.14,2.59
20200520,32.77,0.21,59.96,3.6
20200521,32.86,0.67,57.96,4.97
20200522,32.28,0.02,62.94,3.7
20200523,31.4,0.04,72.43,3.71
20200524,30.93,0.06,77.71,3.04
20200525,30.61,0.09,79.8,3.45
20200526,30.85,0.11,77.31,3.41
20200527,31.56,0.38,74.4,3.53
20200528,32.08,1.52,70.83,3.71
20200529,31.46,1.33,69.87,3.81
20200530,31.17,0.18,70.33,3.96
20200531,30.24,0.22,74.53,4.07
20200601,30.66,0.13,72.51,3.87
20200602,30.04,0.09,71.77,3.77
20200603,30.36,0.16,67.9,3.96
20200604,31.25,0.22,63.91,3.57
20200605,31.24,0.59,65.36,3.07
20200606,29.63,2.81,72.49,3.96
20200607,29.78,1.74,69.37,4.36
20200608,31.18,0.38,64.01,3.14
20200609,31.15,0.62,64.69,2.45
20200610,29.63,5.44,67.52,2.88
20200611,29.08,2.21,72.81,3.76
20200612,30.59,0.39,62.65,3.88
20200613,31.98,0.01,55.4,3.94
20200614,32.18,0.21,53.35,4.52
20200615,31.73,0.74,60.83,3.37
20200616,31.08,0.35,66.84,3.75
20200617,31.83,0.07,63.18,3.22
20200618,32.45,0.08,56.16,2.47
20200619,31.83,0.24,58.25,2.85
20200620,31.62,1.04,60.85,2.4
20200621,30.75,3.88,61.14,3.5
20200622,31.23,6.36,64.13,2.86
20200623,30.33,5.29,66.55,3.15
20200624,29.95,9.08,71.42,2.7
20200625,29.41,5.63,73.16,2.9
20200626,30.04,0.7,69.93,3.92
20200627,30.47,1.77,71.62,2.95
20200628,29.97,4.41,75.75,2.56
20200629,28.62,12.06,76.79,2.18
20200630,29.54,2.86,75.68,2.87
20200701,29.31,6.27,76.12,3.79
20200702,29.47,4.19,70.02,2.85
20200703,29.7,7.63,70.63,4.04
20200704,29.71,2.25,69.92,5.09
20200705,29.46,0.6,70.0,3.85
20200706,30.04,2.99,69.97,2.99
20200707,30.22,1.61,69.84,3.55
20200708,28.85,4.39,74.91,2.24
20200709,27.2,40.8,85.36,2.88
20200710,28.89,4.26,76.25,2.91
20200711,27.97,3.46,79.33,3.05
20200712,29.38,6.66,77.26,2.87
20200713,28.51,13.27,81.78,2.19
20200714,27.87,4.63,84.73,3.07
20200715,28.2,4.7,82.32,3.89
20200716,28.26,2.93,79.71,2.96
20200717,28.79,1.13,75.79,3.36
20200718,28.05,4.45,78.23,2.48
20200719,28.49,5.67,80.34,3.11
20200720,28.46,3.37,82.66,3.8
20200721,28.53,0.28,79.53,3.21
20200722,28.5,0.54,81.93,3.93
20200723,28.12,4.13,81.3,3.64
20200724,28.17,6.1,82.88,3.18
20200725,28.67,3.78,75.32,2.71
20200726,29.06,2.04,74.15,2.53
20200727,28.87,2.22,74.23,2.45
20200728,28.03,2.43,80.79,2.46
20200729,27.78,10.63,84.63,2.13
20200730,28.35,2.89,80.22,2.59
20200731,28.98,4.15,79.44,3.23
20200801,28.12,8.17,82.14,3.22
20200802,27.38,17.07,83.47,4.16
20200803,27.99,3.49,80.46,4.77
20200804,28.13,1.75,75.46,5.11
20200805,28.66,0.18,71.86,6.0
20200806,29.19,0.71,76.84,4.54
20200807,29.21,1.62,78.63,3.25
20200808,29.02,13.03,77.65,3.12
20200809,27.51,10.58,82.77,3.76
20200810,28.31,0.59,77.92,3.4
20200811,28.92,4.55,78.06,3.28
20200812,29.04,0.63,75.98,2.83
20200813,29.06,1.37,76.65,2.76
20200814,28.93,0.95,76.63,2.55
20200815,28.68,0.24,75.31,3.45
20200816,29.12,0.38,75.35,2.63
20200817,29.48,0.73,76.07,2.96
20200818,29.81,2.84,75.99,2.42
20200819,29.07,3.19,78.17,2.88
20200820,29.1,1.01,76.58,3.0
20200821,29.01,0.93,76.83,2.98
20200822,28.74,3.44,80.61,2.64
20200823,28.34,11.11,82.57,2.45
20200824,28.04,8.28,84.01,2.11
20200825,28.28,2.74,83.75,1.91
20200826,28.28,3.78,84.56,1.99
20200827,28.2,3.1,82.17,2.07
20200828,29.0,0.62,77.69,2.37
20200829,28.89,0.76,81.04,2.36
20200830,28.56,4.06,81.71,2.21
20200831,28.47,2.91,83.11,2.15
20200901,27.31,3.3,87.1,2.18
20200902,27.7,8.74,80.26,2.03
20200903,27.65,8.53,81.82,2.41
20200904,28.3,1.39,79.9,1.73
20200905,28.11,1.11,81.94,1.93
20200906,28.57,1.91,80.16,2.84
20200907,28.61,3.65,81.35,2.65
20200908,28.73,1.95,79.58,2.98
20200909,28.48,9.49,83.28,3.6
20200910,27.99,8.73,82.14,3.97
20200911,27.88,1.75,81.1,4.39
20200912,27.72,4.91,81.07,3.26
20200913,26.64,14.01,81.88,3.79
20200914,27.47,4.61,78.79,3.96
20200915,28.12,1.76,77.61,3.21
20200916,27.95,5.1,82.91,3.06
20200917,28.3,2.3,79.45,2.76
20200918,28.78,17.12,79.64,2.93
20200919,26.67,26.15,85.89,4.08
20200920,26.66,3.62,81.91,5.03
20200921,27.9,0.31,77.65,4.4
20200922,27.99,0.11,74.25,4.64
20200923,28.13,0.1,72.79,3.43
20200924,28.3,0.41,77.39,2.86
20200925,27.66,8.91,85.3,4.05
20200926,27.4,2.01,80.46,3.34
20200927,28.35,1.55,75.5,1.64
20200928,28.38,6.67,79.61,2.26
20200929,27.84,20.15,84.66,1.63
20200930,27.06,24.57,85.87,2.33
20201001,27.83,0.52,79.66,2.7
20201002,28.21,1.19,78.6,2.51
20201003,27.72,4.21,83.8,3.86
20201004,27.91,1.0,79.97,4.0
20201005,28.44,0.1,74.53,2.37
20201006,28.74,4.86,76.49,2.08
20201007,29.06,2.82,80.73,2.53
20201008,28.44,1.35,83.95,2.05
20201009,27.87,4.17,85.24,2.74
20201010,27.12,3.96,84.85,1.95
20201011,26.92,4.55,84.14,3.11
20201012,27.67,1.1,81.2,2.79
20201013,27.56,1.48,83.36,4.38
20201014,28.07,0.02,77.12,4.24
20201015,27.89,0.02,77.9,3.24
20201016,28.67,1.54,77.36,2.17
20201017,27.56,9.97,86.38,1.33
20201018,27.06,8.52,79.81,1.49
20201019,27.45,10.01,82.85,1.55
20201020,27.7,5.6,81.09,1.67
20201021,27.13,7.07,80.63,2.13
20201022,27.06,11.67,82.16,1.1
20201023,27.42,31.38,85.59,1.7
20201024,27.25,0.55,85.33,1.74
20201025,27.89,1.39,78.74,1.03
20201026,27.68,0.41,79.85,2.18
20201027,27.23,0.69,80.85,2.84
20201028,26.92,10.21,82.45,3.62
20201029,26.52,15.86,85.23,3.83
20201030,27.0,3.19,77.48,3.39
20201031,27.15,0.0,74.91,2.32
20201101,27.27,0.0,76.19,1.99
20201102,27.47,0.05,79.65,1.96
20201103,27.65,1.2,81.33,2.39
20201104,27.19,4.96,85.76,2.04
20201105,27.47,8.7,83.51,1.95
20201106,27.03,5.37,86.45,2.42
20201107,27.62,8.81,82.99,3.3
20201108,27.57,5.23,80.56,4.56
20201109,26.72,0.01,75.45,4.75
20201110,25.95,0.74,76.09,4.56
20201111,26.05,12.99,87.2,4.42
20201112,27.01,18.17,88.65,2.86
20201113,27.26,22.96,85.87,3.76
20201114,27.32,7.55,83.49,4.66
20201115,27.29,33.61,90.39,4.07
20201116,26.3,31.12,89.76,3.42
20201117,26.59,4.72,87.28,2.75
20201118,26.96,3.58,84.54,2.43
20201119,26.53,1.05,84.07,2.68
20201120,26.56,0.05,78.99,3.01
20201121,25.4,0.02,78.78,2.93
20201122,25.33,0.02,76.92,2.83
20201123,26.12,2.34,80.12,4.5
20201124,26.3,44.54,88.26,6.01
20201125,26.12,104.82,88.37,7.74
20201126,26.3,99.81,88.92,8.09
20201127,25.69,5.54,86.31,4.28
20201128,26.26,2.26,85.48,2.86
20201129,26.05,2.55,86.78,3.73
20201130,26.21,0.69,83.27,4.74
20201201,25.8,0.82,79.77,4.96
20201202,25.74,18.72,87.83,6.23
20201203,26.14,89.15,91.16,4.61
20201204,25.89,37.33,91.2,5.0
20201205,25.65,17.69,90.73,4.44
20201206,25.73,13.84,89.23,4.18
20201207,26.15,19.47,88.37,3.71
20201208,25.92,7.87,89.36,3.11
20201209,25.59,5.58,85.31,3.37
20201210,24.85,0.16,77.96,2.77
20201211,24.76,0.18,76.03,2.84
20201212,24.99,0.05,75.15,2.85
20201213,25.08,0.03,71.14,2.52
20201214,25.13,0.06,71.61,2.7
20201215,25.12,3.14,80.58,4.01
20201216,25.57,24.28,86.73,4.51
20201217,25.5,16.81,87.65,4.32
20201218,25.44,2.89,83.36,4.5
20201219,25.27,0.41,81.79,4.8
20201220,24.71,0.15,79.02,4.53
20201221,23.91,0.08,78.73,4.14
20201222,23.69,0.01,78.99,3.74
20201223,23.89,0.0,78.74,3.27
20201224,23.93,0.02,80.01,3.28
20201225,24.06,0.08,75.96,3.23
20201226,24.0,0.03,74.98,3.41
20201227,24.34,0.05,78.01,3.89
20201228,24.15,0.04,77.53,3.92
20201229,24.6,0.52,82.62,4.23
20201230,25.17,6.71,86.03,4.75
20201231,25.09,5.35,85.39,4.74
20210101,24.11,0.63,80.61,3.93
20210102,24.46,7.64,87.1,4.45
20210103,25.07,3.02,85.11,4.31
20210104,25.32,6.82,84.67,3.96
20210105,25.11,44.58,92.48,2.92
20210106,25.27,33.77,92.98,2.85
20210107,25.51,6.21,89.54,3.16
20210108,25.78,2.86,88.56,3.1
20210109,25.59,0.39,86.41,3.31
20210110,25.44,1.45,87.15,3.65
20210111,25.54,3.73,88.95,3.84
20210112,25.59,3.02,86.97,4.39
20210113,25.66,0.55,83.18,4.07
20210114,25.41,3.72,83.34,3.94
20210115,25.1,0.31,80.6,3.55
20210116,24.4,0.01,77.13,2.69
20210117,24.03,0.0,76.94,3.0
20210118,24.33,0.02,74.2,3.48
20210119,24.61,0.01,75.18,3.39
20210120,24.93,0.21,82.33,3.27
20210121,25.5,0.03,86.53,2.39
20210122,25.53,0.01,85.21,2.39
20210123,24.89,0.0,81.45,2.41
20210124,24.67,0.0,76.17,2.1
20210125,24.79,0.01,74.36,2.14
20210126,24.38,0.0,73.07,2.6
20210127,24.27,0.06,75.72,2.24
20210128,24.58,0.07,77.36,3.38
20210129,24.91,0.51,76.75,3.42
20210130,24.91,0.0,77.37,3.02
20210131,24.75,0.0,80.83,3.48
20210201,24.76,0.0,78.1,3.95
20210202,24.92,0.16,78.7,3.67
20210203,24.76,0.13,74.34,3.76
20210204,24.14,0.0,71.65,3.49
20210205,23.77,0.0,74.6,3.44
20210206,23.78,0.0,74.64,3.41
20210207,23.66,0.0,75.63,3.93
20210208,24.17,0.0,72.89,4.42
20210209,23.83,0.0,73.07,3.75
20210210,23.27,0.0,72.98,2.79
20210211,23.27,0.0,71.0,2.54
20210212,23.65,0.01,70.1,2.36
20210213,24.04,0.0,69.26,2.16
20210214,23.41,0.0,73.58,1.81
20210215,23.91,0.0,74.64,2.02
20210216,24.24,0.0,75.15,1.86
20210217,24.57,0.0,77.07,2.62
20210218,24.72,0.0,75.45,3.41
20210219,25.35,1.57,79.16,3.71
20210220,25.73,5.58,83.53,4.74
20210221,25.52,20.29,84.22,4.81
20210222,25.68,0.36,79.54,3.51
20210223,25.19,0.0,79.59,2.68
20210224,24.87,0.0,77.52,1.9
20210225,25.16,0.0,73.71,1.34
20210226,25.08,0.0,74.58,1.75
20210227,25.25,0.0,79.01,2.22
20210228,25.29,0.0,79.46,2.12
20210301,25.95,0.0,77.64,2.13
20210302,25.64,0.0,76.49,2.0
20210303,25.54,0.0,73.67,1.86
20210304,25.43,0.01,76.02,1.93
20210305,25.39,0.01,75.61,1.63
20210306,26.05,0.0,73.54,1.71
20210307,26.37,0.0,76.89,1.78
20210308,26.37,0.06,80.15,2.48
20210309,26.4,0.17,80.77,2.46
20210310,26.78,0.03,81.33,2.77
20210311,26.95,0.05,76.95,2.42
20210312,26.13,0.0,71.47,2.24
20210313,26.46,0.0,71.44,2.38
20210314,26.87,0.0,69.44,2.16
20210315,27.37,0.0,68.61,2.15
20210316,27.07,0.0,71.07,2.09
20210317,27.47,0.02,72.29,2.06
20210318,27.13,0.03,72.82,2.26
20210319,27.19,0.0,69.0,2.1
20210320,26.97,0.0,71.03,1.72
20210321,27.55,0.0,69.09,1.84
20210322,27.96,0.01,70.76,2.19
20210323,27.78,0.0,72.85,2.32
20210324,27.93,0.01,71.53,2.12
20210325,28.1,0.03,71.81,1.84
20210326,28.16,0.06,75.07,1.99
20210327,28.64,0.06,74.18,2.06
20210328,28.89,0.08,72.92,2.72
20210329,29.13,0.08,72.47,3.36
20210330,29.53,0.01,69.56,3.24
20210331,30.52,0.03,71.02,4.1
20210401,30.61,0.06,70.53,4.17
20210402,31.17,0.01,68.25,3.62
20210403,30.85,0.04,70.17,3.91
20210404,30.77,0.02,69.38,2.87
20210405,29.98,0.02,71.59,2.83
20210406,29.13,0.09,72.9,2.91
20210407,28.87,0.01,68.99,2.82
20210408,28.6,0.0,69.45,3.33
20210409,28.53,0.0,72.03,3.07
20210410,28.96,0.07,71.26,3.01
20210411,29.24,1.45,70.34,2.84
20210412,29.03,1.39,73.32,2.63
20210413,29.34,0.93,70.97,2.32
20210414,28.89,8.1,75.0,2.54
20210415,28.47,7.28,75.6,2.19
20210416,29.33,0.6,70.54,2.54
20210417,29.91,0.08,72.03,2.48
20210418,30.01,0.07,72.94,2.66
20210419,30.33,0.13,72.27,3.01
20210420,30.35,0.23,73.46,3.05
20210421,30.1,0.34,74.45,2.95
20210422,29.85,0.07,73.29,3.11
20210423,30.34,0.57,71.33,2.59
20210424,29.43,1.36,76.73,2.21
20210425,30.11,0.17,72.07,2.65
20210426,30.14,0.04,71.41,3.1
20210427,29.89,0.06,73.54,2.74
20210428,30.18,0.14,72.25,2.86
20210429,30.28,0.31,71.87,2.91
20210430,30.44,0.46,71.76,2.92
20210501,30.36,0.42,72.44,2.99
20210502,29.95,0.55,73.53,2.69
20210503,30.23,1.12,70.82,2.78
20210504,30.5,0.94,68.87,2.78
20210505,30.96,0.17,66.81,3.06
20210506,30.79,0.23,69.09,3.2
20210507,30.35,1.3,72.34,3.11
20210508,29.9,0.92,71.25,2.39
20210509,30.38,0.06,70.03,2.59
20210510,30.97,0.14,69.23,3.3
20210511,31.73,0.35,68.69,3.54
20210512,31.79,0.65,69.64,3.78
20210513,31.23,0.61,72.45,3.78
20210514,31.47,1.3,68.93,4.24
20210515,30.81,0.7,67.66,5.45
20210516,30.03,6.17,73.11,5.16
20210517,30.59,1.23,70.94,4.06
20210518,30.68,0.75,73.11,4.56
20210519,30.2,2.57,76.9,4.16
20210520,29.81,10.84,76.13,3.04
20210521,28.7,6.47,76.4,4.56
20210522,29.74,5.61,72.45,3.29
20210523,30.16,2.36,71.02,3.52
20210524,29.73,2.83,70.86,3.28
20210525,28.67,9.88,78.21,4.58
20210526,30.89,0.57,64.68,5.04
20210527,31.1,0.1,62.48,3.41
20210528,31.11,0.12,64.21,3.18
20210529,31.3,0.08,66.4,2.88
20210530,31.43,4.69,66.36,2.81
20210531,30.37,1.29,70.89,3.76
20210601,31.21,0.19,68.3,3.33
20210602,30.7,0.05,66.29,2.57
20210603,30.02,0.31,76.52,3.43
20210604,29.49,1.3,70.73,2.78
20210605,29.45,10.52,72.88,1.64
20210606,29.83,1.34,68.79,2.09
20210607,30.32,7.21,71.73,3.02
20210608,30.11,3.7,71.36,3.17
20210609,30.37,4.1,69.38,3.02
20210610,30.64,1.2,68.34,3.01
20210611,30.16,0.15,64.25,4.1
20210612,30.42,2.91,61.82,4.71
20210613,29.87,0.34,62.2,4.61
20210614,30.15,0.37,60.7,5.79
20210615,30.51,0.17,59.53,5.12
20210616,30.44,0.33,63.93,4.68
20210617,30.8,0.52,63.42,4.44
20210618,30.84,0.3,60.25,4.32
20210619,30.34,1.11,63.98,3.47
20210620,30.31,0.79,65.93,3.06
20210621,30.31,1.03,65.91,2.96
20210622,29.78,6.08,71.9,2.58
20210623,29.36,3.23,73.48,3.29
20210624,29.76,5.13,72.4,2.88
20210625,30.35,0.67,65.6,2.92
20210626,30.42,1.62,65.08,3.32
20210627,29.54,7.1,66.75,3.43
20210628,29.4,2.0,69.07,3.59
20210629,29.7,0.5,72.75,4.74
20210630,30.04,3.27,74.75,4.28
20210701,29.4,5.0,80.45,3.72
20210702,29.48,25.2,80.19,2.17
20210703,28.84,13.93,81.76,1.7
20210704,28.76,7.27,79.36,2.4
20210705,29.32,2.48,75.18,2.56
20210706,29.18,1.41,79.75,3.36
20210707,29.31,3.5,78.44,2.93
20210708,28.69,16.58,78.04,2.9
20210709,28.94,18.91,81.01,3.18
20210710,28.07,14.04,78.88,3.58
20210711,27.97,3.86,76.4,3.62
20210712,28.21,2.78,73.71,3.84
20210713,28.41,1.49,76.48,3.09
20210714,28.43,8.41,77.71,2.35
20210715,28.52,6.79,77.98,3.12
20210716,28.95,8.11,77.23,3.09
20210717,28.22,18.32,80.45,2.69
20210718,27.36,20.45,87.06,3.87
20210719,29.03,6.5,77.25,3.86
20210720,28.96,1.81,77.3,4.19
20210721,28.73,2.22,76.91,4.23
20210722,28.14,2.07,78.36,5.2
20210723,28.65,0.67,75.65,4.49
20210724,29.22,0.7,75.13,3.89
20210725,28.95,2.93,77.26,3.89
20210726,28.52,2.72,77.94,3.39
20210727,28.08,1.79,78.61,4.64
20210728,29.57,0.12,71.64,4.31
20210729,29.44,0.25,72.32,3.83
20210730,29.53,0.39,72.61,3.76
20210731,29.96,3.03,70.77,3.16
20210801,29.25,1.63,74.13,2.97
20210802,29.59,0.75,69.77,3.74
20210803,29.69,0.53,69.72,3.29
20210804,30.11,0.52,69.91,3.59
20210805,30.18,2.04,70.31,3.47
20210806,29.82,2.71,72.53,3.88
20210807,29.58,5.61,76.94,3.27
20210808,29.64,2.12,76.61,2.84
20210809,29.8,7.99,77.0,2.68
20210810,29.31,3.74,76.5,3.18
20210811,27.15,4.25,85.55,2.53
20210812,27.35,4.47,84.93,3.54
20210813,28.21,6.3,79.48,2.46
20210814,28.48,5.08,76.5,2.94
20210815,28.47,6.41,75.94,2.81
20210816,29.04,2.73,72.78,2.72
20210817,28.7,3.31,76.3,4.02
20210818,28.83,0.37,73.32,3.62
20210819,29.19,1.91,72.02,3.29
20210820,28.15,2.64,74.91,3.15
20210821,26.35,11.72,84.58,2.82
20210822,27.02,6.69,80.86,2.08
20210823,27.49,2.09,81.5,3.37
20210824,28.61,3.12,78.29,4.02
20210825,28.74,1.59,78.83,3.71
20210826,28.4,4.36,80.37,2.38
20210827,27.57,16.7,84.56,2.03
20210828,27.93,18.3,81.06,2.37
20210829,27.08,8.85,81.07,3.7
20210830,28.0,1.08,76.17,3.69
20210831,28.22,0.84,72.58,2.44
20210901,27.77,1.69,81.9,1.8
20210902,27.39,8.01,83.05,2.16
20210903,26.85,12.81,84.12,3.19
20210904,27.01,14.33,82.88,3.5
20210905,28.43,7.75,79.51,3.11
20210906,27.67,3.59,78.42,4.28
20210907,27.29,1.34,78.66,3.56
20210908,27.64,0.18,82.34,3.42
20210909,28.38,0.18,78.88,3.33
20210910,28.16,0.91,79.78,3.16
20210911,28.1,0.43,80.07,3.66
20210912,28.24,0.91,81.17,3.88
20210913,28.43,0.18,78.31,4.48
20210914,28.52,0.26,79.96,4.08
20210915,28.96,2.22,80.07,3.01
20210916,27.7,3.95,84.32,2.73
20210917,27.44,2.86,89.55,2.46
20210918,27.89,5.22,83.59,2.77
20210919,28.31,7.27,81.57,2.08
20210920,28.59,2.88,82.3,1.99
20210921,28.32,7.02,81.85,2.61
20210922,28.29,12.44,78.49,2.52
20210923,28.45,1.39,81.95,2.62
20210924,28.29,2.99,80.54,2.02
20210925,28.51,8.48,82.37,2.22
20210926,27.24,27.03,85.62,2.31
20210927,28.73,0.14,78.26,3.75
20210928,27.59,1.14,80.63,3.59
20210929,28.25,0.76,74.83,2.38
20210930,28.22,4.13,78.36,1.42
20211001,27.93,2.76,82.23,1.71
20211002,27.56,8.63,87.86,2.38
20211003,27.74,5.24,85.58,1.64
20211004,27.94,5.09,83.75,1.81
20211005,27.36,30.5,87.94,2.35
20211006,27.85,5.43,85.64,2.78
20211007,27.98,3.99,84.62,2.72
20211008,28.34,5.04,84.57,3.16
20211009,27.41,19.42,87.67,2.46
20211010,27.48,11.93,84.07,2.71
20211011,26.99,8.5,86.36,1.74
20211012,27.59,7.21,83.4,2.37
20211013,28.36,7.9,80.62,2.62
20211014,27.9,0.6,82.67,2.62
20211015,28.25,4.35,83.42,2.0
20211016,28.18,2.53,86.53,3.05
20211017,28.01,3.94,88.11,3.14
20211018,28.01,2.28,84.01,3.0
20211019,27.91,5.23,83.74,2.29
20211020,27.81,2.11,82.4,1.26
20211021,27.45,2.26,84.05,1.1
20211022,27.53,0.73,83.67,1.24
20211023,27.43,1.72,84.33,1.63
20211024,27.82,6.92,75.82,1.68
20211025,27.1,1.49,83.19,2.98
20211026,27.45,1.3,79.6,2.75
20211027,27.14,0.99,81.61,3.42
20211028,26.7,6.25,82.92,4.51
20211029,26.97,26.59,87.04,3.18
20211030,26.74,26.47,89.06,3.09
20211031,27.31,19.77,86.44,3.74
20211101,26.86,17.07,88.15,3.42
20211102,26.91,28.48,85.36,3.48
20211103,26.03,28.81,90.03,2.58
20211104,26.29,21.08,90.08,2.39
20211105,26.22,19.14,88.28,2.32
20211106,26.33,32.19,87.38,2.03
20211107,26.86,30.35,86.24,2.15
20211108,26.45,54.42,90.38,4.32
20211109,25.56,21.7,89.84,5.11
20211110,24.34,68.96,92.68,6.72
20211111,24.66,47.38,93.09,7.6
20211112,26.27,2.64,85.8,4.44
20211113,26.92,6.71,85.94,1.3
20211114,26.77,6.9,87.08,1.87
20211115,26.64,5.98,86.91,1.47
20211116,27.01,2.9,84.69,1.3
20211117,26.69,16.04,88.58,2.81
20211118,26.55,52.17,92.92,7.5
20211119,26.77,40.22,88.83,6.09
20211120,27.1,19.99,89.15,4.23
20211121,26.86,10.89,88.64,1.69
20211122,26.55,3.53,88.82,2.49
20211123,26.74,2.62,88.62,3.06
20211124,26.67,2.0,87.25,3.4
20211125,26.67,16.48,89.82,4.69
20211126,26.35,94.9,91.67,4.84
20211127,26.16,22.66,92.26,3.57
20211128,25.79,60.89,92.06,3.35
20211129,25.75,15.48,90.59,2.14
20211130,26.72,8.05,88.39,3.57
20211201,26.62,3.08,85.97,4.19
20211202,25.51,0.06,82.26,3.95
20211203,24.83,0.27,88.6,3.55
20211204,26.32,0.02,80.68,1.74
20211205,26.81,0.17,80.92,1.42
20211206,26.86,1.58,84.3,1.79
20211207,26.27,0.12,84.06,2.93
20211208,26.05,0.35,86.37,3.18
20211209,26.16,4.12,85.11,3.46
20211210,26.2,1.81,82.92,3.64
20211211,26.37,3.11,84.65,4.39
20211212,26.11,4.41,84.83,4.4
20211213,26.3,7.41,84.04,4.82
20211214,25.85,4.13,84.21,4.83
20211215,25.48,2.7,83.73,4.73
20211216,25.15,1.76,81.62,4.89
20211217,24.54,0.45,82.04,4.53
20211218,24.48,0.02,79.75,4.69
20211219,24.15,0.02,77.3,4.53
20211220,24.39,0.0,74.48,3.67
20211221,23.95,0.0,73.2,2.8
20211222,23.33,0.0,72.68,2.19
20211223,22.88,0.0,72.69,2.18
20211224,23.86,0.0,72.39,1.83
20211225,24.0,0.0,73.5,2.05
20211226,24.32,0.0,76.57,2.08
20211227,24.63,0.35,77.07,2.5
20211228,24.74,0.47,78.19,3.1
20211229,24.91,0.74,75.86,2.87
20211230,25.02,43.16,85.76,4.3
20211231,25.61,33.87,86.67,5.09
20220101,25.44,9.11,86.15,5.02
20220102,25.09,1.12,82.94,4.44
20220103,24.93,0.05,79.87,3.89
20220104,23.92,0.02,80.6,3.94
20220105,24.04,0.05,80.34,2.95
20220106,24.47,0.3,83.98,3.23
20220107,24.58,0.37,84.36,3.13
20220108,24.76,0.1,80.54,3.32
20220109,24.58,0.02,80.38,2.48
20220110,25.01,0.08,79.84,2.14
20220111,25.39,0.03,79.17,2.54
20220112,25.81,0.06,77.97,2.29
20220113,26.17,0.66,78.62,2.3
20220114,26.25,0.45,81.52,2.09
20220115,25.75,0.34,84.05,2.48
20220116,25.51,4.54,84.12,3.92
20220117,25.42,5.98,80.79,4.15
20220118,24.68,0.79,79.59,3.76
20220119,24.28,0.33,76.7,3.09
20220120,24.14,0.0,71.38,1.68
20220121,24.74,0.0,74.19,1.66
20220122,25.43,0.0,79.16,2.18
20220123,25.92,0.59,82.63,2.93
20220124,25.73,2.37,82.86,2.49
20220125,25.48,0.5,80.2,2.32
20220126,25.29,0.33,76.92,2.08
20220127,25.33,0.26,75.76,2.88
20220128,24.94,0.4,82.08,4.29
20220129,25.12,0.26,82.44,4.93
20220130,24.97,0.02,81.72,3.36
20220131,25.3,0.0,80.79,2.3
20220201,24.51,0.0,75.61,2.1
20220202,23.87,0.0,72.89,1.84
20220203,24.24,0.0,72.89,1.55
20220204,25.42,0.0,74.68,2.14
20220205,25.77,0.42,80.53,2.5
20220206,25.42,0.04,77.91,3.04
20220207,24.83,0.0,74.3,3.06
20220208,24.26,0.0,75.55,3.26
20220209,24.1,0.0,75.55,3.52
20220210,24.72,0.55,76.94,3.7
20220211,25.39,1.38,76.45,4.04
20220212,25.62,0.13,75.11,4.06
20220213,24.96,0.0,79.21,3.61
20220214,25.01,0.07,75.38,3.7
20220215,24.46,0.08,72.33,3.5
20220216,24.54,0.0,71.36,3.15
20220217,24.86,0.0,73.78,2.82
20220218,25.34,0.08,76.05,3.31
20220219,25.55,0.0,75.38,3.15
20220220,25.8,0.0,76.23,2.35
20220221,26.31,0.0,77.15,2.08
20220222,26.55,0.39,78.43,2.27
20220223,26.03,0.1,77.43,3.2
20220224,25.59,0.02,71.13,2.84
20220225,24.65,0.0,73.28,3.14
20220226,25.59,0.11,76.74,3.33
20220227,25.92,0.01,73.18,3.52
20220228,26.16,0.0,70.93,2.98
20220301,26.36,0.0,67.74,3.4
20220302,26.22,0.0,67.61,3.59
20220303,26.32,0.0,73.24,4.08
20220304,26.9,0.28,73.57,4.92
20220305,26.83,0.04,73.05,4.48
20220306,26.87,4.51,72.61,5.06
20220307,27.09,0.63,71.18,3.43
20220308,27.02,0.01,71.22,2.39
20220309,26.97,0.0,67.34,2.29
20220310,26.76,0.0,69.3,2.75
20220311,26.54,0.0,70.49,2.88
20220312,26.69,0.17,68.09,2.67
20220313,26.96,0.05,70.16,2.72
20220314,27.53,0.0,68.78,2.52
20220315,27.43,0.52,67.01,2.16
20220316,27.51,0.03,62.93,2.26
20220317,28.07,0.11,67.37,2.46
20220318,27.91,0.01,72.02,2.63
20220319,28.58,0.1,74.41,2.62
20220320,29.81,0.62,71.36,1.96
20220321,30.22,0.67,67.97,2.22
20220322,30.04,1.05,69.07,2.18
20220323,29.56,0.29,75.88,2.67
20220324,29.2,0.15,76.37,2.91
20220325,28.91,0.1,74.49,2.92
20220326,29.19,0.08,72.86,3.08
20220327,29.41,0.04,73.84,3.35
20220328,29.54,0.02,74.82,3.64
20220329,29.58,0.03,75.59,3.95
20220330,29.76,0.04,74.1,4.43
20220331,29.63,0.1,75.55,4.22
20220401,29.22,0.08,76.89,4.28
20220402,29.31,0.13,74.0,3.49
20220403,29.18,0.07,73.64,3.21
20220404,29.07,0.16,74.02,3.16
20220405,29.2,0.06,68.65,2.93
20220406,29.17,0.16,70.56,2.35
20220407,29.38,0.31,70.66,2.24
20220408,29.34,0.84,69.9,2.07
20220409,29.02,0.71,72.67,1.92
20220410,29.14,2.57,72.22,2.28
20220411,28.88,1.46,75.42,2.15
20220412,28.57,0.91,78.21,1.74
20220413,28.78,1.36,78.03,1.84
20220414,29.55,0.13,73.45,3.24
20220415,30.3,0.39,69.25,3.88
20220416,30.76,0.24,72.16,4.23
20220417,30.64,1.29,73.28,3.17
20220418,29.71,0.82,74.1,2.05
20220419,29.85,0.28,74.43,2.52
20220420,29.81,0.18,75.95,2.63
20220421,29.82,0.19,75.28,3.63
20220422,30.29,0.28,69.18,3.08
20220423,29.83,0.65,70.04,3.14
20220424,30.99,0.06,64.14,2.7
20220425,30.52,0.04,68.72,3.7
20220426,30.39,0.03,70.28,3.75
20220427,30.61,0.04,70.35,3.36
20220428,30.6,0.06,72.14,3.61
20220429,31.01,0.2,70.66,3.52
20220430,31.57,0.15,68.39,3.53
20220501,31.05,0.35,74.15,3.65
20220502,31.09,0.4,72.92,3.02
20220503,30.48,0.69,77.9,2.93
20220504,30.14,0.87,77.34,2.78
20220505,30.39,0.69,72.15,2.24
20220506,31.26,3.12,64.66,3.14
20220507,30.66,7.75,69.73,2.35
20220508,31.01,1.68,69.55,2.27
20220509,30.92,2.29,69.29,1.5
20220510,30.29,8.6,68.18,3.21
20220511,31.23,4.85,63.95,4.74
20220512,30.39,14.71,70.22,4.46
20220513,29.76,1.31,73.23,3.69
20220514,30.44,1.52,74.55,2.88
20220515,28.33,17.58,84.78,3.68
20220516,29.25,6.65,81.41,2.83
20220517,28.99,3.33,83.14,2.71
20220518,29.24,1.57,81.16,3.68
20220519,29.37,0.52,76.17,5.21
20220520,28.79,0.31,70.3,3.78
20220521,30.14,0.07,66.13,3.87
20220522,31.01,0.05,64.11,3.8
20220523,31.24,0.06,65.9,3.82
20220524,31.17,0.34,70.42,3.43
20220525,30.62,2.76,73.26,2.81
20220526,29.95,6.22,78.22,3.46
20220527,29.92,4.16,72.99,3.18
20220528,30.24,0.23,71.54,3.04
20220529,30.27,0.29,65.81,3.43
20220530,30.33,0.27,67.55,3.52
20220531,30.42,0.12,70.31,3.32
20220601,30.56,0.07,67.16,2.88
20220602,30.54,0.04,68.08,2.27
20220603,30.5,0.09,70.31,2.79
20220604,29.41,0.13,67.28,3.13
20220605,29.63,1.42,68.46,2.98
20220606,28.81,4.28,77.67,2.91
20220607,29.43,5.53,73.0,4.2
20220608,29.64,0.76,71.86,3.93
20220609,29.81,0.57,71.16,3.85
20220610,29.87,0.44,70.29,3.89
20220611,29.95,1.32,68.72,2.93
20220612,29.97,1.48,65.25,3.12
20220613,29.91,0.55,69.34,3.09
20220614,30.15,2.03,72.05,2.71
20220615,29.44,8.43,73.76,3.07
20220616,28.76,9.21,78.14,1.8
20220617,28.91,7.48,75.62,3.36
20220618,29.0,3.43,74.39,3.91
20220619,28.85,18.76,78.98,3.29
20220620,28.86,15.19,77.67,2.62
20220621,28.99,12.51,75.19,2.87
20220622,28.47,7.56,77.23,2.26
20220623,28.95,3.85,75.24,2.59
20220624,29.21,2.62,74.72,3.48
20220625,28.99,1.65,72.43,3.33
20220626,29.2,0.6,71.13,3.05
20220627,29.48,1.75,70.56,2.41
20220628,30.05,1.86,70.34,2.27
20220629,30.38,3.3,71.69,2.47
20220630,29.8,3.1,74.73,2.92
20220701,30.04,4.05,71.84,2.89
20220702,29.76,3.92,73.69,2.85
20220703,29.51,2.49,75.01,2.8
20220704,29.77,4.01,70.94,3.45
20220705,29.26,3.62,71.3,3.65
20220706,29.18,2.4,71.19,2.9
20220707,28.91,2.83,72.01,3.86
20220708,29.33,2.79,71.1,3.17
20220709,29.33,1.34,70.73,4.0
20220710,29.62,3.47,69.58,4.34
20220711,29.66,1.16,68.78,5.14
20220712,29.81,1.23,65.66,5.48
20220713,29.64,1.87,66.5,5.85
20220714,29.85,0.44,62.84,6.13
20220715,30.19,0.1,63.51,4.8
20220716,29.73,8.26,71.39,3.95
20220717,29.66,6.0,74.99,3.03
20220718,28.44,3.77,74.94,2.83
20220719,29.48,0.89,73.81,2.28
20220720,29.04,6.77,79.49,2.4
20220721,29.07,8.58,78.89,2.28
20220722,27.36,16.92,87.51,2.1
20220723,28.67,2.47,77.32,2.21
20220724,28.43,5.2,75.79,2.36
20220725,28.49,3.81,75.65,2.41
20220726,27.32,8.29,84.11,1.89
20220727,27.87,0.56,79.71,1.96
20220728,28.31,0.89,78.52,1.34
20220729,28.64,0.85,77.17,1.58
20220730,29.31,2.13,74.75,2.9
20220731,28.64,5.75,80.43,2.84
20220801,29.28,8.17,78.09,1.85
20220802,29.13,4.77,75.78,1.81
20220803,27.72,12.25,81.88,1.87
20220804,27.6,8.11,82.32,2.77
20220805,28.65,2.34,77.76,4.64
20220806,28.43,1.61,77.34,4.64
20220807,28.26,1.3,77.43,4.92
20220808,28.46,0.4,76.69,5.28
20220809,28.92,0.04,72.8,5.25
20220810,29.06,0.0,70.24,4.89
20220811,29.45,0.16,69.87,4.04
20220812,29.62,0.19,70.52,3.76
20220813,29.34,0.09,71.81,2.88
20220814,29.52,0.04,67.22,3.16
20220815,29.35,0.61,71.59,2.46
20220816,28.74,3.26,79.21,2.98
20220817,27.36,13.97,86.15,2.91
20220818,27.36,3.66,82.76,3.17
20220819,27.63,10.19,80.79,3.01
20220820,28.89,1.71,76.24,2.76
20220821,29.04,7.36,75.97,3.06
20220822,28.72,12.55,80.31,3.46
20220823,28.95,18.19,77.32,3.02
20220824,27.38,9.16,82.07,2.56
20220825,28.05,9.49,81.43,1.99
20220826,26.98,8.35,85.21,2.63
20220827,27.79,9.7,79.41,2.29
20220828,27.93,8.44,82.15,1.82
20220829,27.93,5.7,82.03,1.33
20220830,28.1,1.12,80.42,1.59
20220831,27.71,7.66,78.05,1.08
20220901,27.28,14.88,78.91,0.93
20220902,27.45,1.65,81.34,1.65
20220903,28.32,0.76,80.72,1.88
20220904,28.26,2.11,84.83,2.25
20220905,28.3,1.24,84.17,2.29
20220906,28.26,12.19,81.85,2.38
20220907,27.68,3.06,80.47,2.12
20220908,27.36,6.72,83.37,2.55
20220909,28.61,1.68,80.65,3.26
20220910,28.46,0.83,80.7,4.11
20220911,28.43,0.28,79.39,4.54
20220912,28.39,0.26,78.98,4.26
20220913,28.66,0.23,77.71,3.62
20220914,29.02,0.43,78.26,3.35
20220915,27.82,0.63,77.53,2.77
20220916,28.53,0.57,77.05,2.28
20220917,28.64,1.97,78.84,2.59
20220918,28.4,3.08,79.31,2.5
20220919,27.81,2.02,80.15,2.84
20220920,28.35,1.02,72.58,2.67
20220921,28.59,0.05,70.31,2.42
20220922,29.09,0.16,72.17,2.29
20220923,28.66,0.24,71.22,2.32
20220924,28.76,1.26,74.19,2.63
20220925,28.77,1.39,74.6,2.11
20220926,28.71,4.5,77.29,1.47
20220927,27.82,8.16,83.19,1.37
20220928,27.13,4.06,85.29,2.32
20220929,27.61,5.32,81.27,2.68
20220930,27.4,15.86,82.14,2.72
20221001,26.56,2.61,82.66,4.9
20221002,27.74,0.67,76.04,3.99
20221003,28.2,0.27,77.02,3.03
20221004,27.45,0.92,81.55,2.59
20221005,26.74,16.13,84.77,2.2
20221006,27.13,18.82,84.13,2.16
20221007,27.6,3.59,79.15,1.81
20221008,27.67,8.35,81.38,1.73
20221009,27.23,16.23,85.1,2.06
20221010,27.41,6.85,84.27,2.68
20221011,27.7,9.22,84.65,3.39
20221012,27.6,2.87,84.35,1.99
20221013,27.79,3.3,81.29,1.62
20221014,27.88,2.83,79.96,1.62
20221015,27.37,4.29,82.71,2.02
20221016,27.69,7.41,83.88,2.11
20221017,27.94,4.82,82.95,1.72
20221018,27.93,8.96,80.63,1.34
20221019,27.73,7.36,80.81,1.71
20221020,27.39,19.23,85.03,2.11
20221021,27.39,8.2,85.09,2.38
20221022,27.64,3.19,84.65,3.3
20221023,27.85,2.41,77.06,3.34
20221024,26.78,0.01,66.91,2.51
20221025,26.29,0.0,63.6,2.3
20221026,26.92,0.0,65.18,2.85
20221027,26.72,1.49,74.75,3.39
20221028,26.89,12.14,82.67,3.3
20221029,27.19,6.52,81.37,4.24
20221030,27.14,7.02,82.17,4.53
20221031,26.08,19.49,89.54,3.51
20221101,25.8,45.04,85.59,2.79
20221102,25.92,26.16,86.92,3.07
20221103,26.09,22.34,84.82,2.95
20221104,25.91,5.76,83.39,2.57
20221105,26.58,4.7,85.27,3.12
20221106,26.61,4.18,84.32,3.93
20221107,26.38,6.42,84.49,3.41
20221108,26.43,3.04,85.16,4.05
20221109,26.66,1.74,83.5,4.05
20221110,26.63,3.99,82.61,5.16
20221111,26.47,69.2,89.58,6.0
20221112,26.69,27.57,87.53,4.11
20221113,25.99,22.05,87.68,2.62
20221114,26.59,4.74,84.64,3.51
20221115,26.38,5.48,81.91,3.56
20221116,25.34,0.05,79.06,3.79
20221117,24.78,0.0,75.42,4.39
20221118,24.97,0.01,75.63,4.7
20221119,24.72,0.04,77.72,5.01
20221120,23.53,1.37,78.56,5.1
20221121,23.48,4.57,91.24,4.56
20221122,25.45,3.97,91.51,3.44
20221123,26.56,9.52,87.6,1.9
20221124,26.29,3.06,85.92,2.28
20221125,25.77,0.51,86.03,2.21
20221126,26.14,0.38,83.91,2.15
20221127,26.09,0.88,83.06,1.56
20221128,26.14,0.18,80.86,2.25
20221129,25.21,0.0,77.19,3.23
20221130,25.02,1.19,82.62,2.88
20221201,26.33,2.03,85.16,2.88
20221202,26.4,0.28,82.19,2.67
20221203,26.2,6.9,86.93,3.42
20221204,26.1,3.09,87.21,4.08
20221205,26.22,2.0,82.59,3.73
20221206,25.79,0.12,78.87,4.38
20221207,24.24,0.08,81.22,5.38
20221208,22.77,18.83,82.89,7.62
20221209,24.06,46.7,88.92,8.22
20221210,24.96,30.16,88.79,5.19
20221211,25.81,10.92,86.64,4.05
20221212,25.64,20.89,90.07,3.9
20221213,25.69,5.44,86.95,2.74
20221214,25.52,1.14,86.78,2.59
20221215,24.69,0.01,83.13,2.7
20221216,24.87,0.04,82.97,2.98
20221217,25.6,0.11,82.85,3.45
20221218,25.34,0.06,80.38,4.68
20221219,24.58,0.42,82.23,4.72
20221220,24.77,0.7,83.33,5.0
20221221,24.79,0.91,86.49,4.93
20221222,24.73,0.93,84.43,5.11
20221223,24.99,0.4,88.16,4.94
20221224,25.63,5.59,87.49,5.29
20221225,26.19,9.93,88.54,4.23
20221226,25.98,2.96,88.42,3.31
20221227,25.48,0.53,88.2,2.72
20221228,25.79,0.04,80.81,2.25
20221229,25.63,0.01,80.25,1.69
20221230,25.18,0.0,79.92,1.64
20221231,24.93,0.01,79.28,1.4
20230101,24.6,0.0,80.56,2.09
20230102,25.04,0.0,76.43,2.66
20230103,24.98,0.06,76.62,3.09
20230104,25.1,0.02,76.01,3.51
20230105,25.11,0.07,73.75,4.39
20230106,25.19,0.02,76.35,4.96
20230107,25.08,0.34,77.9,4.43
20230108,24.58,0.62,77.55,3.87
20230109,23.61,0.0,72.64,3.74
20230110,23.72,0.23,74.19,3.64
20230111,23.82,0.02,74.58,2.96
20230112,23.64,0.05,74.93,2.31
20230113,23.48,0.0,75.2,1.98
20230114,22.98,0.01,74.22,2.05
20230115,22.8,0.0,76.45,2.05
20230116,22.9,0.0,75.46,2.56
20230117,23.57,0.02,73.31,2.31
20230118,23.87,0.01,72.49,2.87
20230119,24.04,0.01,71.25,2.82
20230120,24.16,0.25,79.79,3.15
20230121,24.69,0.12,76.92,3.72
20230122,24.37,0.03,76.4,3.54
20230123,25.02,0.21,78.97,3.51
20230124,25.0,0.06,74.55,3.1
20230125,24.17,0.04,73.38,2.94
20230126,24.5,0.03,71.82,3.02
20230127,24.09,0.0,74.66,3.08
20230128,24.39,0.08,76.97,3.43
20230129,25.1,0.72,79.94,3.93
20230130,25.86,2.11,82.09,3.98
20230131,25.13,1.73,82.8,4.47
20230201,25.67,1.73,77.04,4.83
20230202,25.76,0.35,79.43,4.42
20230203,25.98,1.09,79.16,4.33
20230204,25.65,0.44,76.64,3.75
20230205,25.13,0.0,73.58,3.06
20230206,24.98,0.01,74.89,2.86
20230207,24.83,0.0,76.27,1.89
20230208,24.93,0.0,76.17,2.4
20230209,25.22,0.01,75.64,1.9
20230210,25.27,0.0,72.79,1.84
20230211,25.1,0.0,69.1,1.78
20230212,25.21,0.0,66.0,1.96
20230213,25.25,0.0,67.3,2.06
20230214,25.07,0.0,70.55,2.15
20230215,24.92,0.0,72.01,2.29
20230216,24.78,0.0,75.0,2.44
20230217,24.92,0.0,73.96,2.41
20230218,25.33,0.0,72.3,2.49
20230219,25.57,0.0,70.79,2.71
20230220,25.78,0.0,65.23,2.11
20230221,25.98,0.0,63.7,2.02
20230222,26.04,0.0,64.55,2.45
20230223,25.44,0.0,68.1,2.45
20230224,25.7,0.0,64.8,1.95
20230225,25.68,0.0,66.13,2.12
20230226,25.56,0.0,69.2,2.68
20230227,26.05,0.0,61.21,2.57
20230228,26.36,0.02,73.11,3.56
20230301,27.01,0.1,73.07,3.93
20230302,26.26,0.0,62.71,3.39
20230303,26.06,0.0,68.0,3.53
20230304,26.7,0.0,67.99,3.25
20230305,26.66,0.0,70.06,3.39
20230306,26.64,0.0,67.42,3.12
20230307,26.4,0.0,69.4,2.77
20230308,26.82,0.0,67.54,3.63
20230309,27.34,0.0,66.24,3.36
20230310,27.08,0.01,70.6,3.25
20230311,26.75,0.06,71.54,3.25
20230312,27.38,0.03,72.77,3.38
20230313,27.73,0.04,70.56,3.08
20230314,27.56,0.07,71.87,2.92
20230315,27.82,0.14,73.49,3.0
20230316,28.04,0.21,73.95,3.28
20230317,28.05,7.16,75.28,2.98
20230318,27.96,7.75,77.33,3.43
20230319,28.04,12.51,75.17,2.73
20230320,27.35,16.2,79.51,3.05
20230321,28.29,2.59,77.38,2.94
20230322,28.88,0.71,75.16,3.08
20230323,28.72,2.01,77.79,3.33
20230324,28.5,2.02,77.2,3.35
20230325,28.93,0.08,73.73,3.15
20230326,28.82,0.21,74.79,2.83
20230327,29.43,0.24,72.27,2.77
20230328,29.21,0.26,73.09,3.28
20230329,28.82,0.03,72.24,3.16
20230330,28.55,0.01,71.25,2.9
20230331,28.85,0.01,69.73,3.6
20230401,29.16,0.21,73.1,3.53
20230402,28.97,1.65,75.92,3.78
20230403,29.21,0.78,75.81,3.81
20230404,29.36,0.35,73.07,3.45
20230405,29.03,0.25,74.35,3.25
20230406,29.3,0.15,72.11,3.0
20230407,29.24,0.02,70.33,2.82
20230408,29.15,0.01,67.29,2.96
20230409,28.98,0.06,69.68,2.99
20230410,28.8,0.04,70.14,2.35
20230411,29.07,0.06,64.57,1.96
20230412,29.53,0.01,60.33,2.0
20230413,30.32,0.0,56.77,2.2
20230414,30.35,0.0,61.4,2.78
20230415,30.63,0.01,61.48,2.79
20230416,30.31,0.02,63.65,3.15
20230417,30.57,0.0,61.9,3.27
20230418,30.47,0.0,64.65,2.76
20230419,30.56,0.01,64.9,3.18
20230420,31.29,0.06,68.69,4.01
20230421,31.4,0.17,68.25,4.34
20230422,31.13,0.6,69.51,3.56
20230423,31.06,2.22,69.93,4.16
20230424,30.57,3.08,70.67,3.86
20230425,29.95,3.54,73.51,2.94
20230426,30.28,0.31,66.4,2.64
20230427,30.1,0.28,69.61,2.45
20230428,30.36,1.07,70.49,2.86
20230429,30.1,2.49,72.76,2.75
20230430,30.14,1.13,70.0,2.76
20230501,29.17,16.07,76.89,2.58
20230502,27.89,19.48,85.09,2.81
20230503,28.03,1.79,82.44,3.24
20230504,29.22,1.61,75.01,1.82
20230505,28.25,7.42,79.32,1.72
20230506,28.81,11.23,74.83,1.44
20230507,29.11,2.95,75.62,2.39
20230508,29.07,7.13,77.62,2.54
20230509,29.49,0.37,75.16,2.48
20230510,29.88,0.62,70.9,2.51
20230511,30.38,0.68,73.35,1.91
20230512,31.24,0.61,70.42,2.54
20230513,32.48,0.2,64.31,3.89
20230514,33.23,0.07,60.49,3.84
20230515,32.42,1.59,66.21,3.54
20230516,32.53,0.44,66.17,3.33
20230517,32.08,0.15,70.18,3.69
20230518,30.95,0.13,73.9,3.3
20230519,30.61,0.17,75.97,3.98
20230520,30.96,0.12,74.06,3.5
20230521,30.12,0.4,78.52,3.41
20230522,30.1,0.61,78.75,3.51
20230523,30.2,0.16,76.09,3.41
20230524,30.86,0.24,71.64,4.09
20230525,31.96,0.21,66.09,3.01
20230526,32.14,0.3,64.5,3.02
20230527,32.5,0.86,63.52,2.24
20230528,31.7,0.59,64.34,3.69
20230529,31.41,0.35,70.22,3.35
20230530,30.78,0.94,73.76,3.17
20230531,31.13,0.38,71.3,2.55
20230601,31.86,0.36,66.54,4.44
20230602,32.54,0.18,61.58,3.32
20230603,32.42,0.08,60.97,4.84
20230604,32.37,0.08,62.55,3.34
20230605,30.37,4.08,70.04,4.65
20230606,30.68,2.43,66.11,5.24
20230607,28.2,4.54,80.23,4.19
20230608,29.42,0.39,75.07,5.22
20230609,29.65,4.35,74.42,4.19
20230610,31.02,4.12,68.2,2.44
20230611,30.99,0.01,63.45,4.22
20230612,31.33,2.78,67.57,3.74
20230613,31.13,1.92,67.51,3.22
20230614,29.76,3.81,75.05,3.6
20230615,30.59,0.93,68.98,3.57
20230616,31.73,1.96,67.39,3.08
20230617,28.4,13.42,79.81,4.3
20230618,27.96,36.92,80.97,4.42
20230619,29.3,16.92,77.16,3.57
20230620,29.46,13.79,78.47,2.78
20230621,28.47,2.49,78.32,1.96
20230622,28.98,6.11,81.23,1.95
20230623,29.42,5.56,78.39,2.29
20230624,29.41,3.31,74.19,2.75
20230625,28.22,11.68,81.27,3.47
20230626,29.47,0.47,72.6,2.67
20230627,29.98,0.24,69.82,2.56
20230628,29.48,0.11,69.07,3.42
20230629,30.1,0.63,70.33,2.86
20230630,30.55,0.31,68.58,2.89
20230701,29.97,7.85,70.46,2.5
20230702,27.57,9.49,80.01,3.85
20230703,28.39,7.15,80.21,3.53
20230704,28.57,3.52,79.34,3.05
20230705,29.22,1.19,70.28,4.56
20230706,29.36,0.12,70.09,5.03
20230707,29.27,0.24,69.52,3.62
20230708,29.7,2.88,70.88,2.9
20230709,29.43,6.59,73.46,2.57
20230710,28.45,12.19,81.08,2.9
20230711,28.64,6.73,80.39,2.94
20230712,28.74,14.11,77.5,2.78
20230713,28.95,8.9,74.15,3.32
20230714,29.56,0.5,75.24,3.15
20230715,29.41,0.31,73.19,3.26
20230716,29.46,0.38,75.53,2.73
20230717,29.8,0.31,75.11,3.22
20230718,29.83,0.14,71.51,4.21
20230719,30.23,0.29,66.69,4.61
20230720,30.02,0.03,66.02,5.35
20230721,29.9,0.98,68.22,4.85
20230722,29.9,4.13,69.29,4.27
20230723,29.18,2.38,72.99,3.61
20230724,27.99,5.2,79.73,4.22
20230725,27.37,6.33,80.51,4.22
20230726,29.21,4.46,73.3,4.27
20230727,29.34,0.01,68.44,4.81
20230728,30.23,0.07,66.98,3.69
20230729,31.04,0.36,63.82,3.85
20230730,31.08,0.53,65.63,3.57
20230731,30.51,0.45,70.35,3.44
20230801,31.19,0.19,67.48,3.29
20230802,30.64,0.05,64.6,3.77
20230803,30.66,0.26,68.6,3.42
20230804,30.61,0.63,68.47,3.38
20230805,30.89,0.19,67.54,2.96
20230806,30.82,0.4,69.36,3.06
20230807,30.44,1.03,69.94,3.18
20230808,30.16,0.51,70.95,2.77
20230809,29.77,3.05,74.33,2.63
20230810,28.9,8.11,77.42,2.61
20230811,29.19,5.55,74.53,2.2
20230812,29.87,6.69,75.26,2.65
20230813,29.79,10.24,74.96,1.84
20230814,29.17,15.84,78.0,1.81
20230815,29.08,6.43,76.64,2.68
20230816,29.44,3.76,74.99,2.93
20230817,29.19,14.21,78.86,2.99
20230818,30.28,3.1,72.6,2.58
20230819,29.8,3.52,70.7,2.61
20230820,29.99,1.47,71.41,2.69
20230821,29.76,2.74,75.42,2.77
20230822,29.17,9.16,79.42,2.69
20230823,28.97,11.65,80.45,2.65
20230824,28.48,11.46,81.74,2.29
20230825,28.55,0.87,82.12,2.24
20230826,28.99,2.87,79.17,2.88
20230827,28.76,11.56,81.16,2.14
20230828,28.96,3.47,78.63,3.25
20230829,27.87,9.02,83.51,2.62
20230830,28.72,11.19,81.22,2.43
20230831,27.82,6.72,86.7,3.01
20230901,28.65,3.38,80.62,3.47
20230902,28.65,4.78,82.16,2.86
20230903,28.02,18.42,82.41,2.33
20230904,28.14,1.91,78.3,3.27
20230905,28.51,4.82,75.39,4.24
20230906,28.31,8.81,79.85,4.03
20230907,28.34,13.32,77.8,4.16
20230908,28.6,1.51,75.8,3.68
20230909,28.31,0.32,78.61,3.38
20230910,27.55,2.52,82.39,2.73
20230911,28.75,1.86,77.26,2.54
20230912,28.94,5.2,77.0,2.63
20230913,28.73,8.38,79.79,2.69
20230914,28.92,5.73,77.98,3.22
20230915,28.68,2.76,76.4,3.64
20230916,27.78,21.46,82.4,3.55
20230917,28.31,7.25,82.5,3.06
20230918,28.09,6.82,83.19,3.23
20230919,27.74,5.35,85.11,3.42
20230920,27.45,3.55,84.35,2.96
20230921,27.43,4.41,82.7,2.95
20230922,28.56,1.03,81.52,3.18
20230923,28.9,3.68,82.97,3.47
20230924,28.63,8.38,83.26,3.09
20230925,26.93,12.37,87.67,2.9
20230926,27.54,9.04,86.07,2.89
20230927,27.67,4.96,83.31,3.06
20230928,28.31,7.75,81.17,2.65
20230929,28.05,4.92,82.26,3.87
20230930,28.24,7.66,77.54,3.63
20231001,28.22,2.41,80.95,4.0
20231002,28.41,0.43,80.1,4.25
20231003,28.74,0.44,78.26,3.61
20231004,28.97,3.38,79.97,2.81
20231005,28.94,2.78,80.64,2.14
20231006,28.49,2.63,82.27,1.87
20231007,28.69,1.24,83.21,2.22
20231008,28.2,1.09,86.61,2.67
20231009,28.33,0.78,84.86,2.55
20231010,28.24,3.68,85.61,2.51
20231011,28.52,2.17,82.18,2.08
20231012,28.12,0.23,80.08,1.64
20231013,27.41,1.09,79.99,1.92
20231014,27.67,5.34,81.21,1.49
20231015,27.52,1.12,82.19,1.32
20231016,27.8,1.74,82.01,1.79
20231017,28.0,0.87,80.15,2.77
20231018,27.96,0.04,75.06,2.8
20231019,27.94,0.02,74.98,2.6
20231020,27.85,0.06,75.33,2.25
20231021,27.94,5.63,80.22,2.99
20231022,28.15,1.18,78.78,3.31
20231023,27.98,0.16,67.71,2.41
20231024,27.86,0.02,71.86,1.85
20231025,28.14,0.17,71.69,1.87
20231026,27.83,0.03,74.24,2.29
20231027,27.9,0.09,77.47,2.62
20231028,28.3,1.01,76.66,2.25
20231029,27.58,7.34,82.26,2.14
20231030,26.75,8.59,84.22,2.14
20231031,27.84,1.7,79.21,3.61
20231101,27.99,8.54,84.1,3.87
20231102,27.91,5.78,83.11,2.72
20231103,27.41,17.42,86.54,2.04
20231104,27.0,28.32,86.22,2.48
20231105,26.85,14.38,84.38,1.39
20231106,27.45,5.61,81.56,1.58
20231107,27.17,5.98,85.55,2.36
20231108,27.04,7.31,85.3,2.2
20231109,27.0,12.22,85.62,2.38
20231110,27.25,4.14,84.66,3.29
20231111,26.99,0.03,77.78,3.79
20231112,27.31,0.05,73.78,4.01
20231113,27.39,8.21,81.94,4.4
20231114,26.43,56.57,89.57,4.61
20231115,26.51,11.71,91.01,4.43
20231116,27.12,4.52,85.72,3.86
20231117,27.15,0.79,84.87,3.71
20231118,27.33,1.32,84.95,4.51
20231119,27.35,0.66,84.77,4.15
20231120,26.92,12.82,90.42,4.33
20231121,27.17,13.9,86.05,2.68
20231122,27.01,8.44,86.03,2.45
20231123,27.23,8.83,83.01,1.07
20231124,26.89,10.96,88.0,2.43
20231125,27.18,15.2,86.08,3.83
20231126,27.13,7.86,85.11,4.27
20231127,27.4,13.83,83.82,3.29
20231128,27.29,12.87,84.28,3.57
20231129,26.61,34.97,86.44,3.08
20231130,26.37,14.96,87.69,3.19
20231201,26.61,11.65,86.95,4.25
20231202,26.69,25.72,88.08,5.68
20231203,26.45,35.0,90.48,7.18
20231204,25.8,105.42,88.21,8.57
20231205,26.28,1.77,85.1,4.04
20231206,27.31,1.7,87.87,1.93
20231207,27.13,2.49,88.32,1.92
20231208,26.71,1.24,88.54,3.05
20231209,26.46,0.95,86.25,3.83
20231210,26.02,0.34,83.94,3.9
20231211,25.64,0.29,84.33,3.75
20231212,25.04,0.2,81.61,3.54
20231213,24.83,0.02,76.88,3.91
20231214,25.11,0.08,79.68,4.56
20231215,25.61,11.54,88.35,4.78
20231216,26.38,1.94,86.55,4.75
20231217,26.03,0.53,83.23,4.81
20231218,25.59,0.33,80.99,4.99
20231219,25.16,0.07,81.41,4.87
20231220,25.21,0.18,82.61,4.76
20231221,25.2,0.32,83.73,4.2
20231222,24.85,0.01,79.75,3.29
20231223,24.33,0.01,76.24,2.99
20231224,25.06,0.16,84.39,4.86
20231225,25.79,0.31,85.36,4.84
20231226,25.08,0.08,81.84,4.15
20231227,25.12,0.22,80.13,4.7
20231228,25.65,0.83,85.32,4.63
20231229,25.71,0.75,84.17,4.58
20231230,24.93,0.16,80.38,3.95
20231231,25.01,0.14,76.6,3.37
20240101,24.85,0.22,76.75,3.17
20240102,24.86,0.05,76.35,3.31
20240103,25.09,0.89,80.82,3.43
20240104,25.56,1.73,79.89,3.26
20240105,25.54,1.11,80.43,3.7
20240106,25.59,5.09,82.7,4.34
20240107,25.09,53.81,88.07,5.6
20240108,25.83,9.93,83.7,4.89
20240109,25.77,0.63,79.75,4.66
20240110,25.49,0.03,78.01,4.01
20240111,25.19,0.0,79.28,4.05
20240112,25.52,0.01,79.68,3.75
20240113,25.4,0.02,81.85,3.24
20240114,24.78,0.0,82.19,2.9
20240115,24.77,0.0,79.01,2.41
20240116,24.27,0.0,74.64,2.42
20240117,24.35,0.0,74.56,1.85
20240118,24.83,0.01,76.77,2.16
20240119,25.41,0.15,82.75,2.68
20240120,25.34,0.07,81.65,3.17
20240121,24.98,0.0,79.25,2.42
20240122,25.19,0.0,78.99,2.48
20240123,25.27,0.0,78.76,2.6
20240124,25.61,0.0,75.55,2.42
20240125,25.59,0.0,75.37,2.58
20240126,25.13,0.04,78.43,3.22
20240127,25.13,0.15,81.77,3.8
20240128,25.25,0.03,78.98,3.97
20240129,24.74,0.0,75.03,3.81
20240130,24.65,0.0,80.92,3.04
20240131,25.5,0.01,79.88,2.56
20240201,26.22,0.08,81.95,2.08
20240202,26.62,0.06,81.41,2.4
20240203,26.37,0.0,79.0,2.78
20240204,25.63,0.0,78.03,2.9
20240205,25.5,0.0,78.39,2.94
20240206,25.28,0.0,79.35,2.73
20240207,25.28,0.0,77.85,2.35
20240208,25.56,0.0,78.82,2.14
20240209,25.84,0.0,79.81,2.51
20240210,26.16,0.03,79.58,3.42
20240211,25.92,0.01,76.03,3.78
20240212,25.68,0.0,74.19,3.67
20240213,26.2,0.05,79.56,3.75
20240214,26.22,0.0,75.79,3.75
20240215,25.88,0.01,74.97,3.67
20240216,26.22,0.0,75.35,3.97
20240217,26.03,0.0,75.17,3.64
20240218,25.82,0.0,75.91,2.66
20240219,26.55,0.0,73.2,2.75
20240220,26.89,0.01,71.36,2.23
20240221,26.9,0.0,72.67,2.54
20240222,27.6,0.0,75.32,3.36
20240223,28.12,0.11,79.46,3.77
20240224,27.7,0.13,78.06,3.15
20240225,27.18,0.01,76.15,3.13
20240226,27.4,0.0,73.36,4.22
20240227,27.26,0.02,75.14,4.08
20240228,26.89,0.01,72.36,3.43
20240229,27.01,0.0,72.18,2.72
20240301,27.31,0.0,71.91,2.8
20240302,27.36,0.0,68.26,2.24
20240303,27.47,0.0,68.49,2.72
20240304,27.05,0.0,69.18,2.51
20240305,27.47,0.0,68.2,2.06
20240306,27.55,0.06,69.14,2.11
20240307,27.77,0.0,67.47,2.58
20240308,27.84,0.0,70.94,3.21
20240309,28.2,0.7,70.32,2.95
20240310,28.37,0.0,69.67,2.81
20240311,28.47,0.05,70.88,2.87
20240312,28.61,0.02,68.71,2.76
20240313,28.89,0.0,67.03,3.79
20240314,28.77,0.0,65.78,3.43
20240315,28.49,0.0,68.58,3.21
20240316,28.56,0.08,72.93,3.43
20240317,28.58,0.0,67.91,2.94
20240318,28.67,0.0,65.29,2.72
20240319,28.71,0.0,65.67,3.02
20240320,28.27,0.01,69.97,3.34
20240321,28.96,0.17,70.42,3.83
20240322,29.1,0.04,69.98,3.23
20240323,28.8,0.0,68.77,2.92
20240324,28.78,0.0,68.17,3.25
20240325,28.78,0.0,65.98,3.15
20240326,28.62,0.0,59.47,3.08
20240327,28.85,0.0,57.06,2.65
20240328,29.51,0.0,61.3,2.41
20240329,29.76,0.0,66.09,3.25
20240330,29.66,0.0,62.63,3.15
20240331,29.63,0.01,66.66,2.87
20240401,30.13,0.02,68.6,2.83
20240402,30.08,0.0,67.62,2.82
20240403,29.97,0.05,70.31,3.66
20240404,30.21,0.03,67.73,3.06
20240405,30.55,0.02,64.27,2.77
20240406,31.15,0.0,64.06,3.35
20240407,30.95,0.0,63.34,3.26
20240408,30.41,0.0,69.05,3.86
20240409,30.41,0.0,67.07,3.45
20240410,30.4,0.02,68.69,3.11
20240411,30.8,0.12,66.37,3.12
20240412,30.84,0.16,66.02,3.64
20240413,30.79,0.08,63.97,2.93
20240414,30.6,0.03,66.07,3.0
20240415,30.72,0.03,66.12,2.56
20240416,31.01,0.01,64.95,2.94
20240417,31.56,0.01,65.49,4.14
20240418,31.94,0.04,67.58,4.48
20240419,31.99,0.06,68.14,4.64
20240420,31.68,0.08,69.98,3.92
20240421,31.43,0.17,71.35,3.32
20240422,31.4,0.05,69.63,3.3
20240423,31.32,0.01,64.84,3.27
20240424,31.78,0.02,63.29,3.22
20240425,31.83,0.02,63.29,2.82
20240426,31.78,0.0,61.25,3.27
20240427,31.52,0.0,60.99,2.89
20240428,31.49,0.0,62.15,2.95
20240429,31.47,0.01,64.33,2.83
20240430,31.52,0.02,64.78,3.71
20240501,33.1,0.06,66.07,4.6
20240502,32.92,0.06,67.95,4.83
20240503,32.81,0.12,65.72,4.87
20240504,32.46,0.79,68.6,4.74
20240505,32.75,0.45,67.61,5.29
20240506,32.63,0.89,69.48,4.8
20240507,31.84,2.33,72.49,3.75
20240508,30.91,3.88,72.08,2.5
20240509,30.88,1.08,71.36,3.07
20240510,31.33,0.95,68.74,3.35
20240511,31.27,0.62,70.17,3.24
20240512,31.14,1.54,68.75,2.89
20240513,30.7,2.28,70.36,2.42
20240514,30.66,0.98,69.59,2.17
20240515,31.02,0.85,67.35,2.63
20240516,28.56,12.92,79.34,3.0
20240517,29.66,2.17,69.22,2.78
20240518,29.9,1.82,74.11,2.37
20240519,30.2,3.26,72.8,1.84
20240520,29.58,7.79,77.71,2.42
20240521,29.98,4.42,75.0,2.14
20240522,30.89,1.86,71.26,2.36
20240523,30.85,0.92,73.13,2.46
20240524,31.04,0.12,71.81,3.57
20240525,30.92,3.25,69.07,4.23
20240526,32.22,0.27,63.48,3.84
20240527,32.73,0.14,62.22,4.13
20240528,32.55,0.15,62.19,3.58
20240529,33.06,0.05,58.94,3.76
20240530,33.38,0.44,61.35,3.03
20240531,32.88,0.72,65.58,3.29
20240601,32.53,5.84,70.31,2.68
20240602,29.77,9.16,79.05,2.67
20240603,29.57,1.84,75.0,2.54
20240604,30.54,5.34,76.09,3.55
20240605,29.98,14.95,80.75,3.24
20240606,28.83,11.29,84.67,3.87
20240607,28.91,10.34,77.8,3.39
20240608,30.25,4.11,74.16,4.96
20240609,29.96,1.86,75.19,4.66
20240610,30.81,1.28,66.37,4.96
20240611,29.76,3.5,65.75,3.63
20240612,29.71,3.88,67.77,3.74
20240613,30.78,0.82,62.42,3.49
20240614,30.17,0.16,61.11,3.89
20240615,30.64,1.06,63.83,2.61
20240616,30.85,5.86,70.25,3.14
20240617,29.83,12.04,71.97,3.14
20240618,30.15,22.4,72.94,2.96
20240619,29.5,5.96,74.75,3.07
20240620,29.95,3.4,71.93,3.88
20240621,29.69,2.01,68.87,4.67
20240622,29.97,5.79,69.61,4.37
20240623,29.51,5.22,73.42,3.91
20240624,29.78,1.03,71.56,4.52
20240625,29.54,1.37,66.44,5.35
20240626,29.19,1.79,67.0,5.0
20240627,28.94,0.04,66.17,4.05
20240628,29.72,0.01,64.28,3.62
20240629,29.98,0.11,65.52,3.87
20240630,29.05,8.38,74.28,3.94
20240701,29.15,2.38,73.65,4.05
20240702,30.41,1.0,66.52,3.38
20240703,30.18,12.86,71.49,3.3
20240704,30.18,1.75,73.32,3.27
20240705,29.71,18.72,74.14,2.8
20240706,29.09,4.67,72.52,3.31
20240707,29.37,5.72,72.05,2.74
20240708,29.49,2.14,72.34,3.62
20240709,28.75,1.42,74.93,3.03
20240710,29.08,4.84,74.63,3.89
20240711,29.04,16.6,73.92,3.19
20240712,29.22,25.79,75.3,3.1
20240713,29.35,2.95,71.71,3.82
20240714,29.36,3.91,71.02,4.93
20240715,28.38,4.86,77.48,4.93
20240716,29.09,3.74,76.47,5.39
20240717,29.08,3.78,72.85,5.14
20240718,28.71,5.12,74.19,5.84
20240719,29.05,0.58,71.87,5.96
20240720,29.69,0.26,71.58,4.82
20240721,30.29,0.07,68.84,5.19
20240722,30.24,0.01,67.4,4.84
20240723,30.08,0.62,65.74,4.7
20240724,29.52,2.14,68.75,4.33
20240725,30.25,0.16,65.71,5.17
20240726,30.03,0.36,66.0,5.51
20240727,30.92,0.07,61.76,5.88
20240728,30.48,0.01,63.41,5.01
20240729,30.43,0.61,67.91,4.07
20240730,29.88,1.4,70.86,4.03
20240731,30.13,1.4,71.23,2.66
20240801,30.38,1.87,71.57,2.81
20240802,30.14,1.36,67.82,3.48
20240803,29.8,3.43,70.62,2.76
20240804,29.3,13.53,75.1,2.4
20240805,28.86,15.96,75.48,2.48
20240806,28.35,17.28,81.51,2.42
20240807,27.96,6.79,81.85,2.15
20240808,28.54,23.45,80.72,2.33
20240809,28.76,18.6,79.99,2.5
20240810,28.86,18.55,82.51,2.21
20240811,29.2,16.28,81.07,1.5
20240812,29.3,10.87,82.65,1.99
20240813,29.19,1.22,81.38,1.93
20240814,28.95,0.62,82.77,2.34
20240815,28.93,0.35,82.12,2.36
20240816,29.06,2.65,83.03,3.2
20240817,28.88,1.17,85.62,1.88
20240818,28.93,1.66,84.94,1.95
20240819,29.15,0.92,83.84,3.5
20240820,28.92,1.9,84.1,3.58
20240821,28.88,1.61,79.75,5.62
20240822,28.41,0.25,79.12,4.69
20240823,28.99,0.3,77.95,4.35
20240824,29.04,0.45,78.26,4.35
20240825,29.01,0.21,76.99,3.89
20240826,29.09,0.16,76.8,4.09
20240827,28.92,3.82,77.2,2.81
20240828,28.16,3.38,78.88,2.25
20240829,28.09,2.87,79.82,3.62
20240830,27.84,14.81,85.08,3.74
20240831,28.15,3.54,77.29,4.04
20240901,28.61,1.47,75.02,4.15
20240902,28.48,3.82,77.91,3.19
20240903,28.65,4.06,78.84,2.02
20240904,28.7,1.09,81.0,2.85
20240905,28.77,3.62,79.41,2.63
20240906,28.74,4.44,80.52,2.54
20240907,28.56,1.1,79.32,2.67
20240908,28.61,0.57,79.09,3.12
20240909,28.73,1.02,78.54,3.46
20240910,29.02,0.07,78.24,3.91
20240911,29.03,0.13,76.39,3.22
20240912,29.37,0.04,73.61,2.78
20240913,29.69,0.06,73.11,2.22
20240914,30.0,0.06,71.58,2.09
20240915,29.92,0.05,70.57,2.76
20240916,30.17,0.04,68.91,2.82
20240917,29.96,0.11,70.35,3.03
20240918,29.66,2.35,73.69,2.87
20240919,29.6,0.67,73.18,2.33
20240920,29.3,1.46,75.45,2.19
20240921,29.57,6.5,71.88,1.66
20240922,30.22,2.44,70.73,2.41
20240923,29.53,3.05,76.55,1.98
20240924,28.49,18.04,83.4,2.92
20240925,28.6,15.47,81.27,2.66
20240926,28.6,2.54,79.6,2.59
20240927,28.71,2.12,77.19,2.04
20240928,28.19,4.37,81.17,1.84
20240929,28.14,0.71,82.1,2.3
20240930,28.56,0.4,79.28,2.05
20241001,28.87,0.18,78.09,2.62
20241002,29.77,2.45,76.75,3.77
20241003,29.46,6.71,78.98,2.73
20241004,28.7,6.7,82.01,1.98
20241005,28.47,4.66,81.14,2.16
20241006,27.87,3.72,78.8,1.3
20241007,27.86,2.84,78.08,1.5
20241008,28.12,4.93,79.54,2.0
20241009,27.98,6.18,81.74,1.86
20241010,27.92,9.09,81.47,1.67
20241011,27.96,9.88,83.05,2.21
20241012,27.92,7.5,85.0,2.17
20241013,27.84,5.53,85.23,2.09
20241014,27.33,31.51,86.69,3.28
20241015,26.72,54.88,86.81,2.43
20241016,27.06,21.5,85.86,2.83
20241017,28.13,3.15,82.09,3.62
20241018,28.54,10.55,75.42,1.92
20241019,27.69,9.56,80.73,1.07
20241020,27.69,4.36,83.29,1.4
20241021,28.19,1.67,82.36,1.65
20241022,28.02,2.38,82.04,1.47
20241023,28.49,1.39,79.25,1.57
20241024,28.35,2.23,80.58,1.62
20241025,28.42,2.79,76.53,3.01
20241026,28.79,0.22,71.15,2.5
20241027,28.68,0.06,71.73,1.96
20241028,29.12,0.46,75.6,1.62
20241029,28.61,2.7,76.68,1.72
20241030,27.87,12.9,84.64,2.15
20241031,27.83,6.77,83.14,1.63
20241101,27.53,5.92,84.41,1.58
20241102,27.5,7.94,82.61,2.51
20241103,27.18,4.1,83.72,2.46
20241104,27.73,0.3,77.76,2.74
20241105,27.52,0.36,76.76,3.32
20241106,27.15,7.17,84.7,4.41
20241107,27.81,7.92,84.21,4.22
20241108,27.87,0.65,80.42,4.19
20241109,27.55,0.64,78.1,4.15
20241110,27.43,0.23,76.85,4.53
20241111,27.15,4.2,79.36,5.0
20241112,26.4,26.9,89.02,3.57
20241113,27.15,27.33,88.74,3.51
20241114,27.22,15.48,87.21,2.78
20241115,27.09,18.82,88.11,2.95
20241116,27.18,20.39,88.64,3.54
20241117,27.1,3.68,82.49,4.3
20241118,27.0,0.31,80.69,4.38
20241119,26.43,0.46,80.67,4.67
20241120,25.94,0.26,80.1,4.13
20241121,25.82,0.09,79.32,4.27
20241122,25.49,0.09,81.84,4.46
20241123,26.26,1.6,84.39,3.98
20241124,26.3,0.69,83.49,4.37
20241125,25.95,1.34,83.78,5.0
20241126,26.4,51.38,91.39,5.11
20241127,25.8,4.83,87.96,6.98
20241128,25.01,25.08,90.84,7.13
20241129,26.58,13.1,91.9,6.71
20241130,26.83,106.95,92.84,8.47
20241201,26.81,54.63,91.88,6.27
20241202,27.05,12.86,90.29,5.79
20241203,26.91,1.31,86.91,3.31
20241204,26.79,6.22,87.96,2.22
20241205,26.79,2.98,85.4,1.8
20241206,26.21,1.01,87.28,1.97
20241207,26.61,0.15,82.08,2.1
20241208,26.37,0.06,82.01,2.24
20241209,26.57,0.21,83.16,2.64
20241210,26.7,0.37,82.38,4.24
20241211,26.26,22.37,87.7,4.87
20241212,26.41,73.47,89.83,4.52
20241213,25.96,2.79,84.42,4.58
20241214,25.12,1.01,81.72,4.39
20241215,24.63,0.29,78.92,4.59
20241216,24.08,7.51,80.45,4.7
20241217,22.92,3.97,87.58,5.65
20241218,24.6,5.84,90.34,4.94
20241219,25.92,3.86,89.99,4.02
20241220,26.64,1.09,86.24,2.84
20241221,26.36,0.39,88.78,3.51
20241222,25.61,0.12,87.7,4.04
20241223,25.12,0.27,87.86,4.54
20241224,25.3,3.75,89.6,5.13
20241225,25.39,5.18,88.74,3.8
20241226,26.08,8.62,88.43,3.87
20241227,26.09,10.24,83.05,4.47
20241228,25.68,0.2,80.49,3.62
20241229,25.55,2.4,85.24,4.56
20241230,25.8,3.74,85.83,4.65
20241231,25.67,0.02,82.88,4.5
20250101,24.91,0.04,81.41,3.99
20250102,24.59,0.33,79.63,3.61
20250103,24.16,0.17,77.99,3.67
20250104,24.08,0.26,76.11,2.9
20250105,24.15,0.03,75.29,2.43
20250106,24.54,0.0,69.41,2.21
20250107,24.1,0.0,77.46,2.97
20250108,23.55,0.0,76.22,3.55
20250109,24.08,0.05,78.47,3.86
20250110,24.56,0.32,82.46,4.41
20250111,24.55,0.11,79.91,4.4
20250112,25.06,3.36,86.04,4.26
20250113,25.51,3.34,86.93,4.21
20250114,25.06,0.14,81.08,4.35
20250115,25.16,0.15,79.71,4.73
20250116,24.77,0.16,78.65,4.14
20250117,24.21,0.38,79.35,4.31
20250118,24.55,12.69,84.25,5.04
20250119,25.27,16.26,87.5,4.88
20250120,24.24,0.05,81.29,3.9
20250121,23.95,0.15,80.48,3.27
20250122,24.71,0.12,79.86,3.32
20250123,24.28,0.2,77.93,2.77
20250124,23.83,0.37,79.07,3.04
20250125,23.68,0.11,78.39,3.51
20250126,23.77,0.02,80.13,3.15
20250127,24.21,0.04,76.45,2.66
20250128,24.25,0.01,72.84,2.39
20250129,23.85,0.0,76.63,3.41
20250130,24.55,0.05,82.34,2.75
20250131,25.5,0.2,86.34,2.58
20250201,25.63,0.1,81.38,2.28
20250202,24.82,0.07,78.31,1.66
20250203,24.17,0.0,75.06,1.43
20250204,24.75,0.0,72.32,1.58
20250205,25.28,0.0,72.17,1.74
20250206,25.26,0.01,78.56,2.12
20250207,24.96,0.0,76.83,1.59
20250208,25.14,0.0,78.86,2.01
20250209,25.17,0.02,80.77,2.52
20250210,25.34,0.0,76.17,2.67
20250211,24.6,0.0,74.42,1.81
20250212,24.58,0.0,77.11,1.73
20250213,24.34,0.0,74.57,1.5
20250214,24.65,0.0,73.0,1.56
20250215,25.0,0.0,75.11,1.79
20250216,25.54,0.0,75.11,2.04
20250217,25.79,0.0,77.06,2.31
20250218,25.38,0.0,76.54,1.84
20250219,25.58,0.0,75.98,2.05
20250220,25.79,0.0,76.45,2.28
20250221,26.02,0.0,77.12,2.36
20250222,26.34,0.0,73.13,1.82
20250223,26.37,0.0,71.78,2.08
20250224,26.51,0.0,74.36,3.02
20250225,26.81,0.0,75.24,4.24
20250226,26.98,0.0,75.08,4.7
20250227,26.45,0.0,73.42,4.18
20250228,26.69,0.26,74.49,3.91
20250301,27.46,2.51,77.21,3.75
20250302,27.33,0.09,77.42,2.54
20250303,27.44,0.08,72.87,1.56
20250304,27.11,0.05,72.31,1.98
20250305,27.36,0.0,68.24,1.78
20250306,27.72,0.04,67.94,2.54
20250307,26.41,0.03,68.13,2.13
20250308,26.44,0.0,70.41,2.24
20250309,26.66,0.0,69.34,2.53
20250310,27.36,0.13,72.58,3.8
20250311,27.54,12.07,81.62,4.32
20250312,28.13,4.31,79.49,2.32
20250313,28.28,0.04,75.36,1.59
20250314,27.71,0.01,76.04,2.42
20250315,27.68,0.0,74.36,2.53
20250316,28.21,0.09,75.27,1.95
20250317,28.08,0.04,78.59,2.09
20250318,28.5,0.04,78.08,2.65
20250319,28.46,0.04,76.79,3.17
20250320,28.78,0.06,72.4,2.97
20250321,28.74,0.05,73.94,3.02
20250322,28.84,0.11,76.8,3.25
20250323,29.05,0.09,74.15,3.1
20250324,28.92,0.01,70.27,2.64
20250325,28.58,0.03,68.51,2.11
20250326,28.73,0.03,69.27,2.5
20250327,29.42,0.07,63.44,2.39
20250328,29.48,0.0,66.0,3.13
20250329,29.25,0.0,64.96,2.94
20250330,28.69,0.0,69.29,3.22
20250331,28.68,0.0,68.49,3.06
20250401,27.8,0.01,66.68,2.64
20250402,29.0,1.68,67.73,2.85
20250403,28.94,6.8,70.66,2.74
20250404,29.3,0.98,64.65,2.63
20250405,29.45,2.46,69.37,2.24
20250406,30.04,0.15,67.8,2.37
20250407,29.7,0.27,70.73,2.14
20250408,29.61,0.15,70.3,2.43
20250409,29.54,0.55,72.44,3.24
20250410,30.7,0.78,66.33,2.54
20250411,31.13,3.03,67.68,3.28
20250412,31.4,1.02,65.85,3.1
20250413,31.17,2.15,67.15,2.47
20250414,30.28,0.77,67.62,2.48
20250415,29.49,1.12,71.61,2.91
20250416,29.64,5.89,72.34,3.13
20250417,29.78,1.86,71.96,2.99
20250418,30.31,0.37,72.63,3.69
20250419,30.89,1.84,72.08,3.28
20250420,30.66,2.21,74.09,3.41
20250421,29.75,0.39,77.4,2.43
20250422,30.33,0.01,70.37,2.9
20250423,30.19,0.04,70.2,3.27
20250424,30.04,0.05,73.55,3.11
20250425,30.73,0.05,72.43,3.38
20250426,30.26,0.24,74.43,3.56
20250427,29.99,1.19,74.44,3.11
20250428,30.06,0.12,70.69,2.91
20250429,30.69,0.14,67.47,2.73
20250430,30.91,0.16,69.49,3.28
20250501,31.17,0.26,68.92,3.77
20250502,31.02,0.34,69.71,3.67
20250503,30.96,0.74,70.48,3.58
20250504,30.54,5.2,71.82,3.48
20250505,29.57,4.47,76.78,2.7
20250506,29.72,2.25,77.66,3.1
20250507,29.87,4.3,74.86,2.53
20250508,30.3,3.09,71.92,2.92
20250509,29.92,3.77,74.37,1.83
20250510,30.32,0.51,71.98,2.83
20250511,30.01,0.64,75.76,2.52
20250512,31.18,0.29,69.38,2.2
20250513,31.51,0.27,67.76,2.67
20250514,30.95,0.96,72.33,1.95
20250515,31.6,0.96,71.16,2.38
20250516,29.86,3.33,63.95,2.43
20250517,30.4,15.51,63.48,2.45
20250518,29.81,7.18,74.03,1.99
20250519,30.16,5.44,73.66,2.5
20250520,29.28,11.98,80.36,2.77
20250521,30.0,2.77,73.92,3.32
20250522,30.61,0.2,67.77,3.19
20250523,30.89,4.0,70.18,3.68
20250524,31.13,2.93,69.5,4.84
20250525,30.18,4.08,73.25,5.49
20250526,30.19,0.83,67.85,6.22
20250527,31.08,0.5,65.21,5.29
20250528,31.23,0.36,64.37,4.63
20250529,30.87,0.32,64.71,5.08
20250530,29.59,7.83,69.98,4.66
20250531,29.73,0.02,63.9,3.71
20250601,30.74,0.02,63.51,3.43
20250602,31.15,0.45,63.62,3.46
20250603,31.29,3.63,64.18,3.33
20250604,30.73,1.46,63.84,3.05
20250605,30.92,0.8,65.74,3.05
20250606,30.75,0.63,68.25,2.99
20250607,31.05,1.18,70.73,3.0
20250608,30.95,1.72,70.16,2.87
20250609,30.49,3.59,72.98,3.13
20250610,30.18,2.7,73.58,2.43
20250611,28.75,13.48,81.39,3.12
20250612,29.65,7.08,75.64,3.67
20250613,29.97,2.77,73.03,5.05
20250614,29.61,2.04,74.41,4.92
20250615,29.89,0.54,68.35,5.72
20250616,29.83,0.05,65.63,5.52
20250617,30.13,0.13,65.07,4.29
20250618,30.29,0.27,67.95,3.66
20250619,30.68,0.45,68.42,3.65
20250620,30.74,2.37,68.78,3.87
20250621,30.66,1.63,68.22,3.42
20250622,30.56,7.93,68.61,3.69
20250623,30.73,0.76,63.35,4.56
20250624,30.45,0.22,56.56,5.24
20250625,29.92,0.41,62.56,3.97
20250626,30.37,0.07,67.2,3.7
20250627,30.12,0.27,65.94,3.47
20250628,30.16,3.23,68.65,3.0
20250629,30.91,0.33,67.01,3.58
20250630,30.56,0.72,64.77,3.17
20250701,30.14,0.72,66.95,2.96
20250702,30.21,1.84,65.89,3.16
20250703,29.89,0.74,65.01,3.65
20250704,30.83,0.28,59.87,4.48
20250705,31.27,0.29,59.49,3.82
20250706,31.56,0.16,59.47,4.36
20250707,31.56,0.25,59.5,4.12
20250708,31.45,2.71,61.53,4.08
20250709,30.92,0.71,65.21,2.83
20250710,31.26,0.64,63.76,3.1
20250711,31.33,1.96,64.05,3.02
20250712,30.93,4.55,65.92,3.13
20250713,30.71,2.16,63.81,3.58
20250714,30.25,2.65,67.46,3.19
20250715,29.79,2.78,68.92,3.81
20250716,30.32,9.11,68.92,3.48
20250717,29.75,6.83,72.81,3.6
20250718,28.31,12.11,78.07,2.5
20250719,28.88,11.78,74.17,2.58
20250720,28.89,6.9,72.29,3.92
20250721,28.7,3.84,68.0,4.23
20250722,30.13,1.13,60.5,4.19
20250723,29.41,2.06,67.98,3.61
20250724,29.97,0.46,67.27,3.22
20250725,30.06,0.15,63.02,4.43
20250726,29.37,0.36,65.5,4.87
20250727,30.16,0.03,62.56,4.15
20250728,30.45,0.01,62.39,3.47
20250729,30.77,0.13,62.35,3.39
20250730,30.65,0.25,63.61,3.13
20250731,30.26,0.31,67.54,2.8
20250801,30.5,2.05,68.5,2.73
20250802,29.28,8.22,75.07,2.64
20250803,28.86,4.13,77.67,2.64
20250804,28.59,14.44,78.53,2.14
20250805,28.51,7.31,79.51,2.36
20250806,29.26,5.66,76.46,1.57
20250807,29.28,5.16,75.66,2.63
20250808,27.81,8.41,83.72,1.85
20250809,28.4,1.56,74.87,3.26
20250810,27.55,7.98,83.36,3.49
20250811,27.47,3.23,78.07,2.84
20250812,28.42,4.2,73.38,2.79
20250813,28.43,1.94,70.22,3.22
20250814,29.17,1.4,71.86,3.03
20250815,28.87,3.6,72.01,3.44
20250816,28.26,6.57,74.85,3.8
20250817,27.34,13.64,82.45,3.9
20250818,28.28,1.46,76.46,4.27
20250819,28.86,0.63,70.1,4.37
20250820,29.14,0.09,68.08,3.18
20250821,29.26,3.32,71.08,2.3
20250822,28.41,22.56,79.61,2.65
20250823,27.57,12.41,82.96,2.88
20250824,28.72,1.94,76.68,2.55
20250825,28.79,0.12,75.22,2.38
20250826,28.98,0.32,74.75,2.47
20250827,28.61,0.75,76.45,2.69
20250828,29.07,0.46,75.98,3.09
20250829,29.36,0.44,71.81,3.3
20250830,29.83,7.09,72.47,2.46
20250831,29.22,10.15,75.84,2.45
20250901,28.73,9.19,77.9,2.75
20250902,29.09,3.02,74.87,2.53
20250903,29.03,2.01,76.05,3.24
20250904,28.96,1.47,76.94,3.25
20250905,29.22,1.34,74.52,2.37
20250906,29.33,2.2,75.27,2.23
20250907,29.14,6.3,77.05,2.3
20250908,29.07,4.55,76.11,2.38
20250909,29.04,0.81,76.56,2.38
20250910,29.14,3.45,78.39,2.9
20250911,27.95,3.82,80.33,2.23
20250912,28.13,10.77,80.29,2.03
20250913,28.3,6.62,80.86,1.89
20250914,28.42,2.3,79.27,2.77
20250915,28.66,2.15,77.4,3.01
20250916,28.83,15.93,80.04,2.77
20250917,28.0,7.66,84.5,2.91
20250918,27.47,14.5,85.67,2.4
20250919,27.53,29.36,83.62,2.42
20250920,27.75,6.95,81.51,3.78
20250921,28.14,3.89,80.62,2.19
20250922,28.24,7.84,81.72,2.68
20250923,28.3,2.26,79.06,2.77
20250924,28.44,0.51,75.63,2.9
20250925,28.72,7.65,77.36,2.92
20250926,28.27,2.05,79.26,3.85
20250927,28.18,3.0,77.4,3.54
20250928,28.52,0.89,78.04,3.52
20250929,29.1,1.25,75.6,2.86
20250930,28.63,0.8,73.55,2.26
20251001,28.97,1.11,74.52,2.35
20251002,28.62,5.86,76.98,2.32
20251003,28.03,9.68,79.25,1.92
20251004,28.18,4.92,77.98,1.93
20251005,28.41,6.15,78.07,2.77
20251006,28.15,4.59,79.17,1.93
20251007,28.56,2.06,75.58,1.17
20251008,28.19,1.0,80.03,2.26
20251009,27.84,1.51,81.9,2.24
20251010,27.48,2.78,79.29,1.45
20251011,27.97,3.48,78.97,1.58
20251012,27.99,7.6,80.05,1.64
20251013,27.9,7.76,79.12,1.86
20251014,27.77,4.19,80.73,2.33
20251015,27.48,9.89,84.39,3.12
20251016,27.61,10.23,86.42,2.73
20251017,27.35,15.57,87.27,3.01
20251018,26.93,16.45,87.24,2.09
20251019,26.83,3.73,86.06,2.18
20251020,26.74,32.63,88.44,2.69
20251021,27.26,42.4,87.09,4.32
20251022,27.25,41.32,87.4,3.51
20251023,27.36,7.82,87.06,2.43
20251024,26.5,17.84,87.9,1.01
20251025,26.64,10.03,86.51,1.87
20251026,26.63,5.06,86.72,2.07
20251027,26.51,11.32,87.01,3.78
20251028,26.97,16.48,83.09,4.5
20251029,27.36,0.31,84.24,3.54
20251030,27.8,0.46,80.39,2.03
20251031,28.11,0.25,80.43,1.86
20251101,27.96,0.02,82.03,2.01
20251102,28.01,0.74,81.2,2.11
20251103,28.35,1.39,77.19,1.76
20251104,27.73,2.69,78.92,2.18
20251105,27.75,5.22,79.38,1.47
20251106,27.68,9.76,79.65,1.42
20251107,27.44,2.48,79.02,2.4
20251108,26.7,0.71,76.25,3.33
20251109,25.69,0.05,79.84,3.6
20251110,26.46,0.31,79.99,3.57
20251111,26.66,0.46,82.34,3.64
20251112,27.22,0.02,80.15,3.8
20251113,26.95,0.95,81.46,3.84
20251114,25.6,0.04,75.03,4.4
20251115,25.72,1.59,78.34,4.16
20251116,25.79,10.69,85.42,5.03
20251117,24.79,16.22,88.86,5.56
20251118,25.62,19.51,87.12,3.24
20251119,26.24,1.39,79.69,4.18
20251120,25.69,2.44,84.75,4.61
20251121,26.69,7.7,86.91,3.49
20251122,26.95,10.64,86.7,3.94
20251123,26.82,11.69,86.69,4.03
20251124,26.38,5.01,83.67,4.42
20251125,25.7,0.41,79.75,4.31
20251126,25.65,0.1,78.68,4.62
20251127,26.01,0.14,73.65,5.28
20251128,25.46,1.08,77.96,5.69
20251129,25.41,25.61,87.6,6.34
20251130,25.61,21.89,92.2,7.16
20251201,25.43,14.88,88.85,6.87
20251202,25.8,60.62,90.85,5.27
20251203,26.25,9.81,88.98,3.45
20251204,26.3,11.55,86.31,3.62
20251205,26.0,4.25,85.84,4.74
20251206,25.86,1.03,83.62,4.44
20251207,25.22,0.13,82.56,4.12
20251208,24.7,0.25,82.01,4.63
20251209,24.8,3.95,84.81,4.84
20251210,24.62,0.0,78.47,4.69
20251211,24.98,0.01,77.47,4.55
20251212,24.37,0.09,76.15,4.21
20251213,23.26,0.0,73.98,3.66
20251214,23.31,0.0,72.67,3.46
20251215,23.82,0.08,77.0,3.93
20251216,25.3,8.69,87.46,4.68
20251217,25.01,0.66,83.09,4.85
20251218,23.73,0.06,78.87,3.82
20251219,23.44,0.06,74.06,3.01
20251220,23.33,0.09,72.16,2.48
20251221,23.78,0.01,75.69,2.93
20251222,24.05,0.03,74.94,3.13
20251223,24.04,0.01,74.62,3.13
20251224,23.9,0.02,69.98,2.94
20251225,24.04,0.21,79.14,3.45
20251226,24.39,0.02,73.51,3.55
20251227,24.31,0.01,71.36,3.0
20251228,24.34,0.01,72.69,3.12
20251229,24.04,0.03,78.92,3.82
20251230,24.24,0.38,84.73,3.33
20251231,25.2,3.95,86.33,3.41
