Date,T2M,PRECTOTCORR,RH2M,WS2M
20050101,23.41,0.05,82.6,1.61
20050102,23.06,0.09,83.36,1.86
20050103,23.45,0.08,83.9,1.77
20050104,23.0,0.0,79.99,2.09
20050105,22.7,0.0,81.6,2.3
20050106,21.8,0.0,79.47,2.27
20050107,22.57,0.0,80.18,2.76
20050108,23.04,0.0,79.58,2.41
20050109,21.93,0.0,81.2,2.34
20050110,22.01,0.0,74.65,1.74
20050111,22.18,0.0,69.24,1.62
20050112,22.23,0.0,68.16,1.69
20050113,22.38,0.0,74.09,2.07
20050114,22.37,0.0,75.68,2.36
20050115,22.14,0.0,74.34,2.06
20050116,22.69,0.0,76.7,1.77
20050117,23.81,0.01,76.23,1.52
20050118,24.76,0.36,77.25,1.62
20050119,25.41,0.05,77.06,1.68
20050120,25.35,0.35,75.02,2.69
20050121,24.75,1.79,79.27,3.28
20050122,24.99,1.91,80.34,2.71
20050123,25.48,0.13,75.0,2.24
20050124,24.99,0.04,79.52,1.73
20050125,25.43,0.0,73.56,2.0
20050126,25.49,0.0,72.1,1.96
20050127,25.19,0.7,73.97,1.62
20050128,24.47,0.2,76.5,1.22
20050129,24.86,4.63,74.71,1.49
20050130,24.98,3.59,78.03,1.6
20050131,25.92,1.83,77.82,1.88
20050201,26.25,0.34,78.19,1.97
20050202,26.28,0.16,73.87,2.24
20050203,25.99,0.34,72.58,2.25
20050204,26.19,0.02,71.09,2.25
20050205,26.15,0.01,69.98,1.94
20050206,25.59,0.0,66.24,2.11
20050207,24.34,0.0,67.8,2.05
20050208,25.09,0.0,68.73,2.54
20050209,24.97,0.0,67.85,3.16
20050210,25.31,0.0,67.04,3.09
20050211,24.98,0.0,65.8,2.69
20050212,24.65,0.0,64.9,2.86
20050213,24.4,0.0,62.45,2.47
20050214,24.6,0.0,61.02,1.92
20050215,26.0,0.0,54.01,1.26
20050216,26.71,0.0,52.27,1.54
20050217,26.83,0.0,55.94,1.64
20050218,26.96,0.0,53.08,1.77
20050219,26.28,0.0,58.2,1.77
20050220,25.8,0.0,66.37,1.4
20050221,26.77,0.04,67.14,1.39
20050222,27.58,1.74,69.19,1.75
20050223,28.43,0.37,66.52,2.1
20050224,28.38,0.0,65.31,2.08
20050225,27.58,0.0,61.93,1.9
20050226,26.93,0.0,56.57,1.87
20050227,26.75,0.0,58.04,1.76
20050228,26.29,0.0,57.05,1.87
20050301,26.54,0.0,64.53,1.87
20050302,27.52,0.0,61.83,1.92
20050303,28.07,0.0,60.85,1.9
20050304,28.92,0.09,59.88,1.97
20050305,28.95,3.01,65.33,1.93
20050306,28.29,0.82,66.63,1.79
20050307,28.14,0.05,66.78,2.06
20050308,27.37,0.0,67.37,1.62
20050309,27.55,0.0,67.56,1.72
20050310,27.63,1.13,66.76,1.26
20050311,28.04,1.95,65.79,1.54
20050312,29.14,0.29,60.8,1.85
20050313,29.22,6.48,64.56,1.57
20050314,28.01,4.71,71.48,1.87
20050315,28.08,0.0,62.72,1.85
20050316,27.92,0.0,59.26,1.92
20050317,27.42,0.0,60.01,2.35
20050318,27.74,0.42,61.39,1.76
20050319,28.81,1.83,61.25,1.87
20050320,29.53,0.01,58.22,1.63
20050321,30.23,0.01,55.42,1.95
20050322,30.75,0.0,50.62,1.71
20050323,31.73,0.0,49.98,1.78
20050324,32.03,0.26,51.45,1.95
20050325,32.09,0.03,49.31,1.73
20050326,31.75,0.0,47.58,1.84
20050327,32.38,0.04,46.09,2.21
20050328,32.46,0.0,45.31,2.23
20050329,33.34,0.0,44.27,1.54
20050330,32.93,1.2,46.75,1.93
20050331,31.73,0.09,50.44,1.89
20050401,31.75,0.0,54.01,2.62
20050402,30.63,4.56,61.82,2.43
20050403,27.08,20.05,79.53,1.94
20050404,24.93,29.71,89.5,3.45
20050405,25.38,17.68,87.62,2.25
20050406,26.03,27.5,86.15,1.47
20050407,26.43,16.14,83.45,1.75
20050408,26.41,0.8,82.06,1.4
20050409,27.66,0.09,75.76,1.19
20050410,28.05,0.58,75.36,0.88
20050411,27.72,3.18,80.18,1.1
20050412,27.56,0.59,80.75,1.01
20050413,27.4,1.35,80.05,1.28
20050414,28.03,0.05,74.66,1.33
20050415,27.95,0.2,74.37,1.52
20050416,28.46,3.27,70.08,1.49
20050417,28.42,0.91,68.34,1.68
20050418,28.16,0.93,70.31,1.53
20050419,27.97,3.71,75.31,1.74
20050420,26.67,11.93,82.43,1.62
20050421,26.88,2.27,77.83,1.34
20050422,26.8,0.4,78.21,1.16
20050423,27.79,0.15,74.64,1.73
20050424,28.11,0.1,75.07,1.4
20050425,27.94,1.85,75.27,1.01
20050426,28.94,0.06,69.7,1.21
20050427,29.2,0.08,69.41,1.18
20050428,30.02,0.01,67.32,1.26
20050429,30.54,0.02,66.57,1.46
20050430,29.25,22.48,75.72,1.28
20050501,29.1,6.6,75.84,1.07
20050502,27.75,9.49,82.53,1.04
20050503,29.13,2.61,73.5,1.43
20050504,28.21,2.88,77.19,0.93
20050505,28.64,0.18,73.27,1.22
20050506,28.61,0.92,71.32,1.54
20050507,28.58,0.66,70.8,1.68
20050508,28.89,0.0,68.67,1.34
20050509,30.79,0.05,62.41,1.27
20050510,29.65,0.0,61.13,1.99
20050511,28.56,0.06,69.06,2.26
20050512,29.48,0.31,70.17,1.92
20050513,29.9,0.02,68.44,1.87
20050514,29.37,1.23,70.73,2.03
20050515,30.03,1.43,68.02,2.06
20050516,28.72,0.02,68.77,1.53
20050517,30.69,0.0,58.23,1.2
20050518,31.31,0.0,58.99,1.62
20050519,31.65,0.0,59.67,1.93
20050520,31.31,0.01,62.39,2.18
20050521,31.07,0.01,63.56,1.95
20050522,31.36,0.15,62.4,1.59
20050523,31.72,0.03,60.8,1.2
20050524,30.52,0.0,65.01,1.19
20050525,30.14,0.06,64.78,1.49
20050526,29.93,21.35,67.52,1.59
20050527,28.8,2.41,73.84,1.69
20050528,27.74,2.25,72.43,1.33
20050529,28.43,22.06,71.88,1.75
20050530,28.75,1.22,71.41,1.99
20050531,28.67,1.3,70.11,2.11
20050601,28.85,0.26,71.81,2.32
20050602,29.58,0.02,69.82,2.26
20050603,29.0,0.04,73.04,1.14
20050604,28.58,3.46,74.58,1.49
20050605,28.14,6.29,77.35,1.72
20050606,28.3,0.63,74.23,2.13
20050607,27.95,1.77,75.7,2.37
20050608,28.7,3.05,76.04,2.73
20050609,26.96,10.7,78.77,3.46
20050610,27.1,3.21,69.83,3.33
20050611,28.21,1.15,72.89,2.49
20050612,29.44,1.79,65.33,2.41
20050613,28.59,2.48,68.38,2.7
20050614,27.37,0.05,72.84,2.17
20050615,28.75,1.9,66.01,2.3
20050616,28.23,9.75,73.59,2.6
20050617,27.73,2.32,74.06,2.97
20050618,27.02,0.79,70.64,3.1
20050619,27.44,6.83,73.58,3.02
20050620,26.96,8.24,76.24,2.69
20050621,27.13,1.26,72.46,3.04
20050622,27.41,0.46,68.86,3.12
20050623,27.97,0.01,66.11,2.71
20050624,28.64,1.09,64.82,3.16
20050625,28.51,4.27,70.1,2.21
20050626,28.17,1.15,70.75,2.68
20050627,28.02,0.14,69.65,2.65
20050628,27.89,0.32,68.51,2.71
20050629,26.96,0.62,71.36,2.47
20050630,27.83,4.03,71.07,2.41
20050701,27.57,2.7,75.11,2.29
20050702,27.77,1.18,71.32,2.12
20050703,27.55,1.93,71.5,2.52
20050704,27.37,3.7,74.11,2.15
20050705,27.37,0.73,72.4,3.01
20050706,27.34,0.14,67.29,3.68
20050707,28.19,0.06,61.52,3.61
20050708,28.85,0.99,66.08,2.78
20050709,27.75,5.44,68.32,3.62
20050710,26.42,3.73,75.62,2.3
20050711,27.14,1.05,70.15,2.7
20050712,27.79,0.0,69.08,2.02
20050713,26.59,1.83,76.99,2.02
20050714,27.24,15.78,75.05,1.62
20050715,27.05,3.11,76.23,1.18
20050716,27.3,1.8,76.07,1.21
20050717,27.32,2.67,75.5,1.82
20050718,28.27,0.42,70.75,1.76
20050719,28.08,0.06,71.54,1.83
20050720,27.83,0.79,71.87,1.94
20050721,27.57,0.0,68.35,2.67
20050722,27.6,1.95,68.92,2.63
20050723,27.14,1.7,71.94,2.87
20050724,27.71,0.52,67.19,3.81
20050725,27.3,0.29,64.4,4.65
20050726,27.73,3.08,64.48,5.07
20050727,27.62,4.81,68.91,3.87
20050728,27.48,5.57,70.88,3.11
20050729,26.7,9.98,73.63,3.09
20050730,27.08,5.66,69.31,4.11
20050731,27.78,4.24,66.57,4.85
20050801,27.54,5.23,68.14,4.82
20050802,27.31,1.65,65.24,4.76
20050803,27.29,0.22,61.11,3.62
20050804,26.92,0.23,68.12,3.0
20050805,27.67,0.17,65.44,3.56
20050806,28.35,0.0,62.53,3.13
20050807,28.63,0.0,62.21,2.87
20050808,28.35,0.0,62.83,2.67
20050809,27.49,0.29,67.82,2.25
20050810,28.32,0.19,66.6,3.15
20050811,28.09,0.62,66.84,3.26
20050812,28.45,0.08,61.64,3.96
20050813,28.73,0.12,62.62,3.09
20050814,28.82,0.5,63.47,3.12
20050815,29.3,0.34,60.41,3.42
20050816,28.55,0.26,62.24,3.27
20050817,28.1,0.0,63.51,3.04
20050818,28.32,0.0,59.49,2.93
20050819,28.38,0.06,62.12,2.56
20050820,28.81,0.0,59.35,2.44
20050821,29.52,0.11,57.71,1.63
20050822,28.92,0.11,61.99,1.69
20050823,28.79,1.87,64.71,1.55
20050824,28.57,0.65,64.62,1.49
20050825,28.22,15.55,67.28,1.65
20050826,27.78,8.95,70.88,1.47
20050827,26.87,2.96,77.43,1.48
20050828,28.57,0.13,69.62,1.62
20050829,28.85,0.06,69.39,1.96
20050830,29.91,1.09,61.93,1.62
20050831,28.68,8.06,68.96,1.79
20050901,28.64,1.6,71.07,1.56
20050902,27.37,32.75,80.44,1.44
20050903,26.74,7.48,84.11,1.33
20050904,26.86,18.99,83.05,1.56
20050905,26.45,6.56,80.17,1.95
20050906,26.44,2.85,77.27,2.06
20050907,26.37,5.85,79.26,1.88
20050908,27.38,0.49,74.99,2.65
20050909,27.85,0.2,70.63,2.55
20050910,27.13,6.48,74.69,2.66
20050911,26.24,5.64,76.52,2.62
20050912,26.51,0.71,75.17,2.64
20050913,26.79,0.41,73.6,2.4
20050914,27.59,0.03,72.22,1.68
20050915,26.47,23.21,75.25,1.64
20050916,27.1,0.13,75.85,1.61
20050917,28.03,0.0,69.26,1.7
20050918,27.64,0.0,67.85,2.59
20050919,26.53,0.36,68.95,3.3
20050920,27.01,0.88,71.1,3.34
20050921,27.42,0.33,71.36,2.48
20050922,28.57,0.27,67.81,1.65
20050923,28.03,0.0,69.23,1.55
20050924,28.16,0.52,67.56,1.53
20050925,28.5,1.92,67.39,1.39
20050926,28.3,0.01,67.0,1.46
20050927,28.57,0.0,64.06,1.2
20050928,27.77,7.53,69.58,1.36
20050929,28.78,0.09,65.76,1.28
20050930,28.79,0.03,64.75,1.34
20051001,28.02,0.06,65.77,1.56
20051002,27.49,4.19,72.24,0.94
20051003,28.45,1.63,69.42,1.27
20051004,27.73,20.57,74.96,1.09
20051005,27.95,2.18,72.09,1.23
20051006,28.33,0.02,70.64,1.29
20051007,27.95,1.2,75.48,1.23
20051008,27.22,36.72,80.21,1.2
20051009,26.03,6.02,80.16,1.63
20051010,26.27,12.86,81.75,1.4
20051011,25.48,20.71,84.4,1.23
20051012,25.28,16.64,89.95,1.12
20051013,25.53,2.23,84.55,1.82
20051014,26.46,0.71,79.45,1.79
20051015,26.55,0.03,81.34,1.36
20051016,27.2,0.04,76.97,0.64
20051017,26.52,0.17,81.22,0.79
20051018,25.72,11.36,84.95,0.79
20051019,26.49,1.72,80.21,1.18
20051020,26.8,0.53,77.16,0.92
20051021,26.42,72.85,83.66,0.98
20051022,26.02,44.37,88.22,0.6
20051023,26.13,7.04,85.16,1.4
20051024,25.44,54.81,87.15,0.8
20051025,24.96,21.24,90.04,1.33
20051026,25.34,2.56,82.84,1.1
20051027,25.7,0.95,82.65,1.58
20051028,26.31,0.17,81.42,1.74
20051029,26.97,3.99,79.62,1.33
20051030,26.69,10.66,84.01,1.19
20051031,26.72,0.96,84.94,1.12
20051101,26.41,8.67,83.65,0.97
20051102,24.91,7.65,88.76,1.0
20051103,24.22,2.75,88.9,1.77
20051104,23.93,16.31,91.28,1.7
20051105,23.78,21.81,90.96,2.54
20051106,24.06,29.46,92.53,2.4
20051107,24.09,20.74,90.64,3.37
20051108,24.09,18.71,92.42,2.76
20051109,23.78,6.7,91.61,2.58
20051110,23.68,4.41,93.78,1.31
20051111,24.27,9.04,91.27,1.06
20051112,23.85,15.19,94.29,1.74
20051113,21.24,25.98,93.21,1.66
20051114,22.91,0.87,83.01,1.46
20051115,23.15,0.0,85.8,1.43
20051116,21.71,0.0,85.17,2.03
20051117,20.78,0.0,80.48,1.89
20051118,21.25,0.05,80.47,1.85
20051119,21.66,1.54,86.77,1.83
20051120,22.17,1.12,88.74,1.84
20051121,22.6,16.43,92.9,3.05
20051122,23.95,35.3,95.84,4.44
20051123,24.18,76.93,95.89,2.07
20051124,22.96,65.28,94.45,3.14
20051125,23.55,9.0,92.08,1.93
20051126,23.57,2.26,91.11,1.94
20051127,24.0,2.14,90.88,2.36
20051128,22.99,0.15,89.38,2.45
20051129,20.71,0.36,87.41,2.14
20051130,22.52,4.82,78.95,1.4
20051201,24.28,0.06,82.35,0.88
20051202,25.08,5.36,85.43,0.39
20051203,24.45,21.81,90.15,1.34
20051204,25.15,8.5,88.68,1.09
20051205,24.16,4.31,91.41,2.43
20051206,23.38,0.39,90.06,2.23
20051207,22.63,0.0,88.81,1.95
20051208,21.41,0.0,81.7,1.86
20051209,23.16,8.81,81.2,1.94
20051210,23.18,30.84,88.92,3.14
20051211,23.3,15.74,94.07,3.07
20051212,23.47,3.39,94.01,1.96
20051213,24.13,5.95,93.77,2.59
20051214,23.68,1.61,90.61,2.51
20051215,22.69,0.23,89.55,2.49
20051216,21.51,0.01,87.18,2.46
20051217,22.37,0.94,89.52,2.42
20051218,23.53,2.46,89.98,2.42
20051219,24.34,0.06,85.65,1.72
20051220,24.81,0.16,85.06,1.43
20051221,25.05,0.09,85.27,1.33
20051222,24.84,1.87,86.35,1.03
20051223,24.38,2.71,88.87,1.24
20051224,23.88,0.0,88.55,1.62
20051225,23.04,0.0,88.86,1.68
20051226,22.02,0.0,87.18,2.15
20051227,21.05,0.0,84.41,1.86
20051228,21.51,0.07,87.52,1.85
20051229,21.78,0.0,87.47,1.87
20051230,20.76,0.0,84.09,1.87
20051231,21.22,0.01,86.19,2.17
20060101,21.19,0.02,85.15,2.52
20060102,21.28,0.01,86.17,2.16
20060103,21.55,0.0,88.52,1.98
20060104,22.53,0.26,88.1,1.86
20060105,23.35,1.61,90.44,2.54
20060106,23.06,0.01,87.48,2.49
20060107,23.72,0.82,89.54,2.39
20060108,23.43,12.21,93.09,2.4
20060109,23.93,0.89,90.32,2.28
20060110,23.56,0.05,88.7,2.59
20060111,22.05,0.08,87.77,2.27
20060112,22.8,0.17,89.05,2.55
20060113,22.63,0.36,88.49,2.61
20060114,23.03,1.0,91.98,2.02
20060115,24.05,0.19,89.46,2.0
20060116,24.2,3.87,88.6,2.13
20060117,23.57,0.19,87.91,1.69
20060118,22.23,0.0,83.46,1.77
20060119,20.72,0.0,82.17,1.63
20060120,20.43,0.0,80.32,1.56
20060121,20.94,0.0,80.05,1.44
20060122,21.54,0.0,75.22,1.39
20060123,21.99,0.0,65.86,1.15
20060124,22.22,0.0,66.44,1.27
20060125,22.17,0.0,77.07,1.51
20060126,21.54,0.0,79.75,2.06
20060127,22.27,0.24,84.63,2.71
20060128,22.05,0.0,83.4,2.52
20060129,20.64,0.0,77.91,2.33
20060130,20.7,0.0,79.26,2.02
20060131,21.56,0.0,80.17,2.43
20060201,22.04,0.0,79.45,2.53
20060202,22.57,0.0,80.09,2.4
20060203,23.34,0.07,81.38,2.57
20060204,24.2,0.25,82.74,2.9
20060205,24.33,0.01,80.76,2.54
20060206,22.68,0.0,77.9,2.32
20060207,21.22,0.0,75.68,2.19
20060208,21.19,0.0,75.69,2.3
20060209,22.88,0.01,79.12,2.16
20060210,23.25,0.02,73.83,2.34
20060211,23.45,0.0,74.9,2.43
20060212,23.84,0.0,74.22,2.51
20060213,21.96,0.0,76.56,2.02
20060214,22.38,0.0,69.37,1.61
20060215,23.91,0.0,71.04,1.53
20060216,24.39,0.0,68.76,1.45
20060217,24.67,0.0,67.12,1.39
20060218,24.61,0.0,69.46,1.71
20060219,24.96,0.0,68.76,1.67
20060220,24.62,0.0,65.21,1.99
20060221,24.2,0.0,65.55,1.84
20060222,24.02,0.0,64.51,1.81
20060223,24.05,0.0,65.08,2.02
20060224,24.5,0.0,65.01,1.85
20060225,25.94,0.0,65.83,1.51
20060226,26.54,0.0,65.17,1.67
20060227,27.17,0.0,67.48,1.69
20060228,28.35,0.0,66.47,1.44
20060301,28.48,0.0,66.41,1.44
20060302,28.41,1.24,69.48,1.86
20060303,26.18,22.39,83.34,1.25
20060304,26.28,3.66,77.85,1.63
20060305,27.92,0.17,71.73,1.9
20060306,27.27,2.87,75.49,1.49
20060307,26.58,0.2,77.19,1.04
20060308,27.02,0.13,72.64,1.87
20060309,25.8,2.44,82.28,1.39
20060310,26.72,0.91,77.04,1.53
20060311,27.41,13.67,77.57,1.12
20060312,26.54,2.93,81.27,1.45
20060313,27.62,0.0,72.46,1.34
20060314,26.91,0.0,73.76,1.2
20060315,28.11,0.05,65.2,1.48
20060316,27.21,0.0,69.67,0.96
20060317,28.21,0.0,65.2,1.56
20060318,28.35,0.0,63.66,2.03
20060319,27.87,0.0,65.95,2.36
20060320,27.78,0.0,64.27,2.17
20060321,27.35,0.0,61.04,2.25
20060322,27.65,0.03,54.28,1.6
20060323,28.65,0.0,58.28,2.07
20060324,29.22,0.12,58.55,1.67
20060325,29.33,0.0,59.79,1.78
20060326,29.34,0.95,56.39,1.97
20060327,29.71,0.01,54.99,2.01
20060328,29.37,0.0,57.91,1.9
20060329,29.47,0.0,59.68,1.78
20060330,29.4,0.45,64.14,1.98
20060331,29.72,0.08,60.17,1.88
20060401,29.69,0.0,55.16,1.84
20060402,29.56,0.0,49.66,1.76
20060403,29.65,0.0,49.41,1.82
20060404,30.13,0.0,53.17,1.87
20060405,30.52,0.0,55.26,2.11
20060406,31.22,0.0,50.71,2.02
20060407,31.56,0.0,49.84,1.87
20060408,31.32,0.0,49.43,2.02
20060409,31.14,0.01,50.59,2.08
20060410,31.09,0.08,48.36,2.15
20060411,31.52,0.13,51.11,2.07
20060412,32.32,0.13,51.44,2.16
20060413,31.57,1.44,53.43,1.85
20060414,29.27,1.13,65.23,1.93
20060415,29.64,0.33,62.51,1.62
20060416,27.57,0.21,70.86,2.11
20060417,28.36,28.65,68.88,1.13
20060418,28.11,5.74,72.14,1.93
20060419,29.47,0.16,63.44,1.91
20060420,29.21,0.3,65.22,1.82
20060421,29.45,1.71,63.43,1.56
20060422,29.6,0.04,59.14,1.61
20060423,30.09,0.0,56.25,1.88
20060424,30.21,0.0,55.57,1.97
20060425,30.95,0.15,53.45,1.81
20060426,31.81,0.03,54.65,1.33
20060427,32.65,0.0,52.81,1.4
20060428,31.95,0.0,54.88,1.98
20060429,30.94,0.0,56.97,1.7
20060430,33.3,0.0,48.76,1.46
20060501,33.83,0.0,47.05,1.74
20060502,33.64,0.01,48.31,1.94
20060503,32.21,0.38,53.82,2.04
20060504,29.95,0.23,64.44,2.12
20060505,29.51,0.02,66.97,2.36
20060506,30.27,0.0,62.17,1.55
20060507,31.05,0.07,55.16,1.86
20060508,30.74,0.1,58.51,2.16
20060509,30.55,0.03,58.87,2.2
20060510,30.26,0.43,60.88,1.81
20060511,31.85,0.22,54.27,2.34
20060512,33.0,0.03,48.54,1.64
20060513,32.33,0.0,48.35,1.36
20060514,32.64,0.1,46.8,1.43
20060515,32.55,0.98,47.97,1.94
20060516,30.44,19.72,63.22,1.79
20060517,29.67,1.09,66.3,1.46
20060518,26.61,35.39,82.08,1.83
20060519,27.55,5.67,73.8,2.36
20060520,29.48,0.0,60.27,1.8
20060521,29.09,1.99,64.93,2.04
20060522,29.82,3.54,63.68,2.02
20060523,28.95,8.75,69.48,2.49
20060524,29.07,3.91,66.28,2.49
20060525,28.85,1.37,66.49,2.9
20060526,27.84,10.43,69.06,2.85
20060527,26.56,4.14,71.46,3.37
20060528,26.83,9.57,76.54,3.06
20060529,27.1,10.32,74.33,3.65
20060530,27.64,13.03,74.29,3.52
20060531,27.25,6.01,75.18,3.02
20060601,27.88,0.18,69.9,2.3
20060602,27.94,2.22,72.46,1.61
20060603,28.59,0.56,68.51,1.88
20060604,28.05,0.46,65.2,2.37
20060605,27.44,1.55,68.2,2.41
20060606,28.02,0.05,68.42,1.71
20060607,27.37,0.01,68.43,1.77
20060608,28.6,0.0,62.76,1.8
20060609,28.27,0.28,65.73,2.0
20060610,28.74,0.0,64.57,2.24
20060611,28.71,0.0,62.37,2.08
20060612,29.5,0.0,60.41,1.51
20060613,29.93,0.22,59.23,1.29
20060614,30.13,0.03,57.98,1.45
20060615,29.97,0.54,62.77,1.02
20060616,27.12,4.55,76.2,1.92
20060617,29.04,0.12,63.21,1.71
20060618,29.24,0.33,64.24,1.43
20060619,29.13,0.13,66.64,1.64
20060620,27.21,11.31,76.01,2.05
20060621,27.46,12.33,77.21,1.18
20060622,26.89,9.22,80.72,2.38
20060623,27.22,14.43,76.6,3.44
20060624,27.92,4.29,72.44,3.03
20060625,27.39,1.08,68.5,3.36
20060626,27.46,0.88,70.78,2.22
20060627,28.7,0.29,69.22,1.94
20060628,27.75,1.33,69.24,2.68
20060629,27.31,6.39,69.65,2.99
20060630,27.77,0.58,69.26,3.06
20060701,28.11,0.28,63.0,4.54
20060702,27.29,1.34,66.58,3.97
20060703,27.14,5.66,67.51,4.31
20060704,26.87,7.96,69.44,4.3
20060705,27.47,3.6,67.85,3.51
20060706,27.56,1.43,68.64,2.78
20060707,28.01,1.84,67.33,2.76
20060708,29.01,0.11,64.93,3.03
20060709,28.15,0.13,65.71,2.99
20060710,28.18,8.78,67.17,2.91
20060711,27.64,2.87,69.26,3.07
20060712,26.74,5.96,74.42,2.99
20060713,26.54,1.23,71.11,3.47
20060714,26.91,0.46,69.78,2.87
20060715,27.59,0.69,68.82,3.55
20060716,28.28,0.23,65.54,3.62
20060717,27.8,0.86,67.08,3.45
20060718,27.18,0.37,68.73,3.16
20060719,28.11,0.18,65.55,2.74
20060720,28.17,0.97,65.78,2.84
20060721,28.45,0.02,63.17,3.08
20060722,28.0,0.0,63.44,2.15
20060723,29.18,0.03,60.44,2.13
20060724,28.53,0.0,62.76,2.03
20060725,28.29,0.3,66.17,1.35
20060726,27.44,0.8,69.85,1.42
20060727,27.02,1.27,66.78,2.93
20060728,27.04,0.53,61.74,3.96
20060729,27.4,0.84,64.98,2.99
20060730,27.86,0.15,65.05,2.47
20060731,27.66,0.34,65.19,3.0
20060801,27.78,0.1,64.84,2.56
20060802,28.82,0.04,59.78,3.4
20060803,27.97,0.32,60.49,3.9
20060804,27.05,0.73,65.58,2.97
20060805,27.9,0.02,61.07,2.64
20060806,29.14,0.0,58.95,2.15
20060807,29.64,0.35,58.75,2.21
20060808,28.94,0.12,59.25,2.64
20060809,28.35,3.18,63.08,2.87
20060810,27.07,8.94,69.1,3.04
20060811,27.9,3.26,69.16,3.31
20060812,27.46,3.07,68.34,3.52
20060813,27.33,1.77,66.05,3.78
20060814,27.41,7.26,67.88,3.28
20060815,27.72,6.26,68.63,3.71
20060816,26.58,1.44,61.85,5.25
20060817,27.54,1.29,62.21,4.1
20060818,27.58,12.45,67.58,2.73
20060819,28.16,0.12,69.67,1.92
20060820,27.23,46.8,75.1,1.6
20060821,26.13,30.29,83.92,1.22
20060822,26.3,2.46,81.54,0.96
20060823,26.99,2.77,76.33,1.11
20060824,26.67,26.26,77.86,1.3
20060825,26.72,10.83,78.67,1.81
20060826,26.22,0.0,73.95,2.1
20060827,25.71,0.0,74.45,1.98
20060828,26.77,0.13,69.49,2.51
20060829,27.01,0.38,70.65,2.83
20060830,27.9,0.02,68.85,1.84
20060831,28.05,0.91,69.56,1.45
20060901,27.96,28.43,71.91,1.09
20060902,26.87,8.96,79.67,1.26
20060903,26.99,1.06,81.46,1.08
20060904,26.97,1.35,79.02,0.96
20060905,26.78,0.0,76.82,1.24
20060906,26.48,0.28,78.89,1.36
20060907,25.76,11.4,86.68,1.29
20060908,26.18,8.23,83.99,2.3
20060909,25.23,8.61,86.32,2.97
20060910,25.5,1.62,83.56,2.76
20060911,25.38,6.87,84.64,2.73
20060912,26.27,5.01,79.64,2.25
20060913,26.55,2.35,76.71,2.37
20060914,25.05,0.47,80.94,1.8
20060915,25.53,13.12,82.74,2.56
20060916,25.18,9.07,87.06,2.61
20060917,25.28,3.11,84.83,2.52
20060918,25.61,12.36,84.02,2.48
20060919,26.56,0.23,77.54,2.12
20060920,26.09,0.54,81.85,2.34
20060921,26.26,4.72,80.73,2.24
20060922,26.64,1.11,77.68,1.64
20060923,26.48,0.08,79.86,1.43
20060924,25.82,20.16,84.7,1.74
20060925,24.88,12.82,84.03,1.38
20060926,25.82,0.15,77.21,2.15
20060927,26.29,1.31,73.43,1.93
20060928,26.75,1.22,71.29,2.15
20060929,25.69,2.11,75.06,2.07
20060930,27.16,0.27,72.65,1.94
20061001,27.06,0.21,71.37,2.04
20061002,26.96,0.17,71.06,1.65
20061003,27.35,0.01,72.07,1.62
20061004,27.74,7.43,74.02,1.79
20061005,27.87,0.05,72.19,1.86
20061006,27.27,11.35,75.57,2.17
20061007,25.86,35.96,87.25,1.88
20061008,26.27,3.14,79.66,2.19
20061009,25.62,0.86,79.09,1.69
20061010,26.43,1.52,81.08,1.1
20061011,26.91,0.5,78.49,1.43
20061012,26.92,1.03,77.79,1.35
20061013,27.0,0.48,76.56,1.26
20061014,26.28,2.59,80.37,1.12
20061015,26.21,13.09,82.11,1.09
20061016,26.2,7.26,83.87,1.39
20061017,25.57,9.69,87.76,1.55
20061018,26.07,24.64,86.0,1.74
20061019,25.3,26.31,89.26,1.41
20061020,25.24,17.84,86.01,1.6
20061021,25.32,4.95,83.01,1.52
20061022,25.21,4.18,84.32,2.1
20061023,24.45,23.13,90.36,2.09
20061024,24.39,8.16,91.06,2.22
20061025,24.78,4.5,88.54,2.34
20061026,24.71,17.59,91.09,2.15
20061027,24.19,25.11,93.48,1.98
20061028,24.98,29.27,86.95,1.04
20061029,25.27,5.03,89.05,2.09
20061030,25.34,7.57,89.15,1.61
20061031,24.94,0.77,87.94,2.04
20061101,25.17,4.06,87.4,1.22
20061102,24.7,12.84,91.93,1.7
20061103,24.18,14.7,92.89,1.99
20061104,23.49,3.45,91.41,1.2
20061105,24.63,0.36,88.8,1.62
20061106,24.33,12.59,91.23,1.18
20061107,23.73,5.2,93.33,1.75
20061108,23.91,2.69,90.79,1.44
20061109,24.06,6.73,91.65,1.24
20061110,24.34,9.18,91.0,1.57
20061111,24.34,7.18,91.15,1.77
20061112,24.24,1.49,91.87,1.68
20061113,23.72,1.39,92.4,1.51
20061114,24.11,2.09,91.63,2.09
20061115,24.26,3.81,91.5,2.05
20061116,24.22,2.08,90.71,2.06
20061117,23.98,27.07,94.1,1.75
20061118,24.23,16.38,91.85,1.45
20061119,24.68,1.71,91.33,1.74
20061120,24.73,4.3,91.05,1.68
20061121,24.32,14.14,92.42,2.39
20061122,23.3,5.39,93.38,1.64
20061123,23.79,7.53,87.16,1.63
20061124,23.75,4.52,87.65,1.7
20061125,23.97,0.23,89.89,1.59
20061126,24.95,10.98,89.95,1.71
20061127,24.36,15.31,93.76,1.62
20061128,24.62,0.55,88.27,1.92
20061129,23.86,0.0,88.77,2.14
20061130,23.56,0.0,88.85,2.34
20061201,22.63,0.0,87.73,2.34
20061202,22.39,0.19,86.56,2.24
20061203,22.8,0.33,87.97,2.6
20061204,22.81,0.22,87.81,2.6
20061205,22.85,0.01,87.15,2.76
20061206,21.86,0.0,86.12,2.22
20061207,21.8,0.0,84.4,2.36
20061208,21.89,0.0,85.1,2.17
20061209,22.07,0.67,84.22,1.97
20061210,23.11,3.29,89.25,2.35
20061211,24.55,10.7,90.44,1.89
20061212,24.71,3.29,89.83,2.11
20061213,23.84,0.01,87.57,2.63
20061214,22.8,0.0,85.79,2.77
20061215,22.37,0.0,86.0,2.64
20061216,21.56,0.0,84.16,3.03
20061217,21.71,0.0,85.45,2.81
20061218,22.27,0.0,85.18,2.4
20061219,22.93,0.16,84.88,2.65
20061220,22.67,0.6,85.93,2.61
20061221,22.3,0.5,86.95,2.96
20061222,22.61,0.0,86.46,2.92
20061223,22.87,0.23,85.28,2.98
20061224,22.43,0.01,86.86,2.67
20061225,22.1,0.03,84.52,2.63
20061226,21.95,0.01,82.85,2.44
20061227,22.22,0.0,84.03,2.44
20061228,21.99,0.0,81.49,2.26
20061229,21.32,0.0,80.72,2.2
20061230,20.92,0.0,78.2,1.95
20061231,21.62,0.0,78.64,1.86
20070101,22.39,0.0,80.2,1.74
20070102,21.55,0.0,76.16,2.06
20070103,21.46,0.0,80.04,1.78
20070104,21.72,0.0,78.22,1.73
20070105,21.63,0.0,78.8,1.92
20070106,22.26,0.01,77.96,2.38
20070107,22.29,0.0,77.48,2.49
20070108,23.23,0.08,79.07,2.82
20070109,24.36,0.04,77.76,3.25
20070110,24.41,0.0,78.02,2.88
20070111,24.79,0.0,77.27,2.64
20070112,24.3,0.0,75.72,2.53
20070113,23.1,0.0,72.53,2.23
20070114,23.65,0.01,75.73,2.38
20070115,24.94,0.0,77.04,2.28
20070116,24.54,0.0,74.46,2.01
20070117,23.68,0.0,72.52,1.96
20070118,23.03,0.0,69.96,2.34
20070119,22.97,0.0,71.52,2.16
20070120,23.46,0.0,72.04,2.07
20070121,23.2,0.0,73.72,2.09
20070122,23.57,0.0,70.53,1.94
20070123,23.48,0.0,69.77,2.03
20070124,23.9,0.0,72.27,2.42
20070125,24.28,0.0,71.63,2.48
20070126,25.01,0.0,71.36,2.6
20070127,24.93,2.49,78.52,3.09
20070128,25.25,1.2,76.33,2.98
20070129,25.48,0.03,72.82,3.0
20070130,25.36,0.0,70.99,2.9
20070131,24.55,0.0,69.35,2.5
20070201,23.88,0.0,66.5,2.11
20070202,24.06,0.0,71.6,2.36
20070203,24.6,0.01,68.9,2.1
20070204,24.65,0.0,67.18,1.9
20070205,24.65,0.0,62.93,1.92
20070206,24.04,0.0,63.6,1.99
20070207,24.22,0.0,65.51,1.92
20070208,24.71,0.0,63.53,1.93
20070209,24.4,0.14,68.94,2.39
20070210,25.03,0.36,72.23,2.79
20070211,26.32,0.03,66.72,1.98
20070212,27.31,0.0,65.08,1.42
20070213,28.12,0.0,60.94,1.31
20070214,28.26,0.0,55.76,0.92
20070215,28.13,0.0,50.71,0.86
20070216,27.6,0.0,57.38,1.61
20070217,27.78,0.5,58.81,1.38
20070218,26.58,0.57,69.08,2.12
20070219,26.5,0.23,65.27,2.78
20070220,26.5,0.01,59.59,3.25
20070221,25.53,0.0,55.72,2.67
20070222,24.97,0.0,56.8,2.62
20070223,25.17,0.0,59.77,2.1
20070224,25.84,0.17,61.07,1.97
20070225,26.69,0.83,64.7,1.52
20070226,28.43,0.03,59.64,2.0
20070227,29.07,0.17,59.84,1.94
20070228,28.9,0.0,56.94,2.08
20070301,28.72,0.0,55.84,1.43
20070302,29.25,0.19,58.3,1.94
20070303,29.41,0.02,57.18,1.99
20070304,28.87,0.0,56.51,2.25
20070305,28.37,0.0,54.52,1.92
20070306,28.34,0.0,54.71,2.08
20070307,28.21,0.0,51.68,1.75
20070308,28.4,0.08,50.95,1.84
20070309,28.39,0.0,54.37,2.18
20070310,28.75,0.0,58.55,2.14
20070311,28.62,0.0,56.06,2.13
20070312,28.03,0.0,56.14,2.07
20070313,28.94,0.18,60.03,2.06
20070314,29.51,0.0,55.45,2.27
20070315,29.61,0.0,56.14,2.2
20070316,30.12,0.01,56.13,2.4
20070317,30.62,0.0,57.12,2.66
20070318,30.02,0.0,49.71,2.19
20070319,29.71,0.0,42.38,1.82
20070320,29.91,0.0,41.15,1.95
20070321,29.96,0.0,43.96,2.03
20070322,30.3,0.0,47.09,1.96
20070323,29.6,0.0,48.23,1.98
20070324,30.66,0.0,41.48,2.14
20070325,31.36,0.0,41.33,2.04
20070326,31.66,0.0,41.04,2.01
20070327,31.23,0.0,44.34,2.06
20070328,30.97,0.0,45.61,2.13
20070329,30.33,0.0,44.65,2.11
20070330,30.01,0.0,47.61,2.47
20070331,30.13,0.02,53.1,2.47
20070401,29.96,0.12,60.31,2.18
20070402,31.21,0.0,53.54,2.18
20070403,31.85,0.0,45.84,2.02
20070404,31.22,0.0,49.19,2.27
20070405,30.6,0.09,58.72,2.69
20070406,29.03,0.36,62.89,2.09
20070407,29.73,1.82,61.91,2.39
20070408,29.34,1.11,63.87,1.98
20070409,29.13,3.03,64.49,2.08
20070410,28.83,2.46,67.83,1.74
20070411,28.93,1.68,66.92,1.79
20070412,30.01,1.32,61.27,1.56
20070413,30.0,1.27,60.11,1.54
20070414,30.25,2.9,61.79,2.04
20070415,29.68,0.77,61.02,2.02
20070416,30.75,0.01,54.62,2.26
20070417,31.27,4.44,56.15,1.12
20070418,30.24,7.92,64.07,1.31
20070419,30.69,0.4,60.5,1.62
20070420,30.76,0.04,60.48,1.86
20070421,30.75,2.24,61.47,1.87
20070422,29.78,0.57,65.15,1.15
20070423,30.0,7.67,64.76,1.19
20070424,29.12,3.33,67.19,1.1
20070425,30.47,0.04,56.56,2.07
20070426,30.49,0.02,58.61,1.62
20070427,28.94,1.44,70.77,1.29
20070428,30.32,0.57,63.28,2.1
20070429,30.78,0.41,60.4,2.32
20070430,31.24,0.04,55.74,2.3
20070501,32.58,0.0,47.47,2.18
20070502,33.04,1.41,50.64,1.21
20070503,30.37,19.83,65.52,1.71
20070504,29.9,0.66,65.61,1.62
20070505,28.91,3.47,72.68,1.33
20070506,30.25,0.12,64.17,1.84
20070507,30.87,0.0,61.67,1.25
20070508,29.1,1.28,70.33,1.53
20070509,28.02,3.01,76.84,1.61
20070510,29.86,0.09,65.1,2.22
20070511,31.98,0.0,53.75,2.24
20070512,30.65,0.0,55.35,2.59
20070513,30.85,0.01,56.61,1.66
20070514,32.88,0.04,50.33,2.54
20070515,32.62,0.0,49.1,1.66
20070516,30.7,0.0,50.99,2.23
20070517,32.73,0.0,44.94,1.69
20070518,32.77,0.0,44.08,2.33
20070519,32.63,0.0,43.14,1.71
20070520,33.32,0.0,42.77,1.75
20070521,33.0,0.0,44.85,2.24
20070522,32.27,3.7,51.83,1.85
20070523,30.72,1.25,60.98,1.57
20070524,30.44,1.05,60.97,1.84
20070525,28.77,0.1,66.26,1.47
20070526,30.5,5.95,60.76,1.6
20070527,29.79,4.39,67.91,1.76
20070528,28.54,0.67,66.31,2.46
20070529,28.93,0.93,63.0,2.03
20070530,29.74,1.13,61.55,2.2
20070531,30.69,0.0,58.16,2.47
20070601,32.04,0.0,51.47,1.75
20070602,32.97,0.01,47.62,1.97
20070603,32.73,0.0,46.79,2.43
20070604,32.87,0.0,46.48,1.56
20070605,29.73,0.61,61.55,1.64
20070606,31.2,0.36,53.96,0.99
20070607,29.57,2.46,61.58,1.36
20070608,28.5,24.96,72.59,2.23
20070609,28.15,1.01,72.58,2.69
20070610,29.37,0.31,67.0,2.13
20070611,29.24,1.77,69.13,1.77
20070612,29.17,0.61,66.19,1.9
20070613,29.25,0.61,67.59,1.47
20070614,28.02,0.03,72.26,1.58
20070615,27.77,4.7,73.29,1.44
20070616,28.01,0.39,71.27,2.7
20070617,28.06,3.0,71.13,1.78
20070618,27.45,1.59,73.61,2.87
20070619,27.65,1.4,70.85,2.42
20070620,27.69,2.01,63.7,3.92
20070621,27.38,6.19,67.83,3.13
20070622,27.14,3.11,74.6,4.07
20070623,27.35,4.57,69.71,3.78
20070624,28.86,0.46,64.68,2.81
20070625,28.33,0.0,63.83,2.55
20070626,29.12,0.14,63.18,1.99
20070627,28.43,0.0,58.44,3.56
20070628,28.5,0.28,61.37,3.81
20070629,27.96,0.82,58.24,4.07
20070630,27.88,1.36,65.85,3.63
20070701,28.35,1.09,66.85,3.14
20070702,28.81,3.47,66.69,2.84
20070703,28.01,0.7,67.4,2.4
20070704,28.0,0.22,68.45,2.5
20070705,27.86,0.26,63.94,3.25
20070706,27.06,0.73,62.44,4.43
20070707,28.45,0.56,61.29,3.57
20070708,28.6,0.37,60.73,3.31
20070709,28.12,1.64,64.86,2.68
20070710,28.38,1.0,66.79,2.91
20070711,28.8,1.18,65.57,2.49
20070712,28.63,0.74,65.61,3.04
20070713,29.17,0.24,62.72,3.36
20070714,29.3,0.1,60.88,3.51
20070715,29.35,0.78,60.58,3.77
20070716,28.48,5.3,67.01,3.28
20070717,28.43,0.99,63.38,3.51
20070718,28.2,3.11,66.75,1.62
20070719,26.51,5.08,77.37,1.42
20070720,26.61,6.03,76.79,2.04
20070721,26.87,0.49,73.35,1.47
20070722,27.46,0.39,68.12,1.92
20070723,27.24,10.38,66.53,1.39
20070724,26.82,3.86,76.43,1.81
20070725,27.61,0.38,71.63,1.76
20070726,27.49,0.56,71.42,1.52
20070727,27.59,0.61,72.6,1.68
20070728,27.77,0.53,70.31,1.6
20070729,28.53,1.88,65.72,1.42
20070730,27.4,1.04,68.44,1.41
20070731,26.74,29.0,75.11,1.76
20070801,26.61,1.99,73.93,2.26
20070802,27.06,2.37,71.7,2.1
20070803,27.29,0.03,71.16,2.37
20070804,28.32,0.33,67.29,2.72
20070805,27.45,1.32,68.37,3.67
20070806,26.78,0.66,67.83,3.66
20070807,27.57,0.11,65.97,3.22
20070808,28.18,2.31,66.74,3.18
20070809,27.18,1.99,70.69,2.86
20070810,27.73,1.44,65.81,3.05
20070811,28.16,0.14,59.65,2.54
20070812,28.17,0.13,61.86,2.38
20070813,28.5,0.0,58.32,2.59
20070814,28.26,0.0,58.12,1.95
20070815,28.74,1.29,61.81,1.33
20070816,28.21,12.64,70.06,1.1
20070817,28.08,1.83,73.65,1.21
20070818,28.39,3.65,69.1,1.45
20070819,28.96,0.08,63.16,1.88
20070820,28.59,5.3,64.69,1.96
20070821,27.2,3.21,74.66,1.63
20070822,27.53,0.06,65.56,1.89
20070823,27.08,18.41,72.99,1.15
20070824,26.69,9.92,77.71,1.49
20070825,26.91,0.93,77.17,1.29
20070826,26.97,5.71,76.71,2.31
20070827,28.07,0.14,68.78,2.16
20070828,28.09,3.75,72.07,2.1
20070829,27.32,5.85,75.12,2.14
20070830,27.34,1.39,72.32,1.82
20070831,27.32,1.06,68.23,2.58
20070901,27.0,0.33,68.98,2.49
20070902,27.06,0.55,70.67,2.3
20070903,26.77,0.0,73.22,1.83
20070904,27.69,2.84,69.57,1.94
20070905,27.16,2.06,72.59,2.15
20070906,27.29,0.55,71.48,1.72
20070907,27.8,0.14,69.98,1.21
20070908,26.81,0.39,76.55,1.24
20070909,27.09,10.46,75.64,1.53
20070910,27.41,3.04,73.42,1.6
20070911,27.49,4.12,75.54,1.83
20070912,27.84,1.35,74.71,1.99
20070913,27.36,9.0,76.79,1.72
20070914,26.56,2.18,78.18,1.32
20070915,27.62,3.55,72.96,2.21
20070916,27.89,5.63,72.84,1.9
20070917,27.27,3.64,76.51,1.93
20070918,26.3,1.03,69.79,3.4
20070919,26.88,1.08,70.07,2.93
20070920,27.61,0.98,70.29,2.68
20070921,27.65,1.5,69.64,2.59
20070922,27.54,1.66,71.48,2.8
20070923,27.71,1.36,70.03,2.87
20070924,27.37,1.53,70.07,3.04
20070925,27.66,1.15,71.65,2.78
20070926,27.9,0.06,68.0,1.45
20070927,27.81,2.01,72.51,1.31
20070928,26.86,1.35,76.38,1.44
20070929,28.32,0.03,65.47,2.33
20070930,28.55,0.47,66.25,1.64
20071001,26.96,0.66,72.2,2.58
20071002,26.88,0.64,67.43,2.06
20071003,28.46,0.04,62.23,1.87
20071004,28.83,0.01,61.59,2.18
20071005,27.84,0.01,61.78,2.12
20071006,27.03,0.03,64.45,2.3
20071007,27.53,2.73,65.25,2.68
20071008,27.61,0.02,61.94,2.46
20071009,28.6,0.0,60.3,1.54
20071010,29.03,0.93,60.69,1.23
20071011,27.72,3.14,70.95,1.38
20071012,27.34,0.33,74.22,0.94
20071013,27.42,7.37,74.58,1.02
20071014,26.39,1.9,77.87,0.73
20071015,27.11,1.98,73.26,1.43
20071016,26.96,1.23,74.53,1.13
20071017,26.35,4.99,78.05,1.48
20071018,25.27,7.77,83.25,0.73
20071019,24.94,23.57,85.77,1.28
20071020,25.4,5.2,83.26,1.92
20071021,25.46,12.14,80.05,0.62
20071022,25.48,8.85,81.58,1.51
20071023,23.54,33.05,89.73,3.02
20071024,24.27,24.13,88.57,2.02
20071025,24.83,9.1,89.31,1.75
20071026,24.54,14.67,87.57,1.27
20071027,24.89,5.95,83.74,0.65
20071028,25.16,2.86,83.88,1.33
20071029,25.11,4.56,83.66,1.24
20071030,26.05,3.58,80.33,1.65
20071031,26.22,0.57,76.72,0.84
20071101,25.94,0.75,78.18,1.06
20071102,25.53,2.03,81.04,1.21
20071103,25.18,5.06,85.47,1.57
20071104,24.5,2.26,90.78,1.46
20071105,24.78,0.54,84.61,1.28
20071106,25.28,8.56,82.19,0.83
20071107,25.72,1.04,82.86,0.76
20071108,25.23,7.87,83.53,1.43
20071109,24.95,1.0,81.18,1.21
20071110,24.72,1.14,80.73,1.56
20071111,24.5,0.82,80.15,2.19
20071112,24.75,1.97,80.77,2.27
20071113,24.42,0.49,76.86,1.98
20071114,23.34,0.02,71.46,2.03
20071115,22.66,0.0,66.61,1.65
20071116,22.48,0.0,63.22,1.63
20071117,21.9,0.0,72.09,1.86
20071118,22.85,0.18,73.35,1.75
20071119,24.41,2.51,85.68,1.78
20071120,24.72,21.11,89.12,1.88
20071121,24.65,13.74,87.33,2.59
20071122,24.64,1.47,84.22,2.43
20071123,24.37,0.0,78.85,2.0
20071124,22.81,2.45,77.17,2.12
20071125,21.17,0.14,70.52,2.18
20071126,22.94,0.0,75.96,1.88
20071127,24.94,0.21,78.45,1.78
20071128,25.11,0.67,83.35,2.36
20071129,24.72,2.73,83.32,2.93
20071130,23.76,0.13,77.14,2.85
20071201,24.02,0.0,78.25,2.74
20071202,24.33,0.02,78.53,2.66
20071203,23.74,0.03,83.52,2.7
20071204,23.7,0.02,76.39,2.92
20071205,23.55,0.94,79.75,3.47
20071206,23.41,1.37,82.63,3.07
20071207,24.17,0.36,78.5,2.61
20071208,24.02,0.83,80.96,2.62
20071209,24.6,0.05,77.97,2.48
20071210,24.51,0.0,77.06,2.41
20071211,23.94,0.17,75.18,2.51
20071212,23.43,1.0,78.84,2.05
20071213,22.13,11.75,88.05,2.85
20071214,22.74,15.51,91.16,3.42
20071215,24.13,1.17,84.19,3.17
20071216,24.36,0.55,78.76,3.5
20071217,23.73,9.8,82.26,3.31
20071218,22.77,47.62,90.38,5.55
20071219,23.89,59.14,95.44,3.13
20071220,23.34,17.63,94.15,2.45
20071221,23.43,1.96,91.77,2.08
20071222,23.48,0.05,88.26,2.19
20071223,22.69,0.02,86.35,1.99
20071224,21.12,0.0,80.2,1.57
20071225,20.89,0.0,70.58,1.37
20071226,20.83,0.0,76.84,1.59
20071227,21.91,0.0,84.24,1.6
20071228,22.55,0.0,82.69,1.51
20071229,22.89,0.0,82.17,1.34
20071230,22.96,0.0,84.32,1.69
20071231,22.48,0.0,85.09,1.86
20080101,21.88,0.0,82.74,2.41
20080102,21.33,0.07,81.48,2.38
20080103,22.14,0.07,81.49,2.43
20080104,23.74,1.01,84.89,2.53
20080105,24.18,2.56,86.22,3.12
20080106,22.5,0.03,80.86,2.93
20080107,22.01,0.0,80.7,3.1
20080108,22.39,0.0,80.93,2.99
20080109,22.61,0.0,78.12,2.35
20080110,22.92,0.0,78.96,2.09
20080111,22.82,0.0,79.94,2.49
20080112,22.35,0.0,81.42,2.54
20080113,22.45,0.0,80.94,2.55
20080114,22.31,0.0,79.92,2.13
20080115,22.09,0.0,79.58,2.18
20080116,22.49,0.0,79.36,2.39
20080117,21.96,0.0,77.41,2.49
20080118,21.21,0.0,74.75,1.99
20080119,21.19,0.0,73.4,1.81
20080120,21.9,0.0,73.25,1.82
20080121,23.94,0.0,78.57,2.24
20080122,24.63,0.0,77.27,2.1
20080123,23.6,0.0,74.66,1.91
20080124,23.41,0.0,71.61,1.61
20080125,23.98,0.0,70.51,1.38
20080126,25.12,0.0,68.08,1.35
20080127,25.64,0.0,69.88,1.08
20080128,25.68,0.0,72.4,1.63
20080129,25.84,0.0,73.73,1.49
20080130,26.87,0.0,69.58,1.09
20080131,26.85,0.0,67.41,1.38
20080201,26.49,0.0,68.53,1.47
20080202,26.66,0.0,68.97,1.39
20080203,26.16,0.18,71.3,1.87
20080204,26.65,0.01,69.14,1.85
20080205,26.6,0.0,66.73,2.0
20080206,26.47,0.0,66.61,1.78
20080207,26.78,0.02,71.89,2.04
20080208,25.87,3.52,78.2,1.23
20080209,24.74,11.66,88.24,0.74
20080210,26.45,1.33,79.04,1.66
20080211,25.43,3.76,83.72,0.97
20080212,26.55,2.96,75.35,2.05
20080213,26.79,0.23,72.8,1.91
20080214,26.77,0.24,70.28,2.55
20080215,26.36,0.05,68.95,2.54
20080216,26.54,0.01,69.95,2.47
20080217,26.54,0.0,66.27,2.5
20080218,25.28,0.0,60.71,2.25
20080219,24.47,0.0,62.17,1.9
20080220,25.14,0.0,62.14,1.99
20080221,26.3,0.0,65.08,2.13
20080222,26.26,0.0,62.43,2.46
20080223,25.93,0.0,63.07,1.98
20080224,25.07,0.0,62.2,2.51
20080225,25.21,0.0,57.56,2.21
20080226,25.01,0.01,61.21,2.38
20080227,26.01,0.01,60.07,3.03
20080228,25.77,1.73,62.99,3.01
20080229,26.08,0.44,60.4,2.64
20080301,24.88,1.89,81.22,1.79
20080302,25.94,0.85,74.71,1.61
20080303,26.47,0.08,58.86,2.41
20080304,24.43,0.55,54.22,1.75
20080305,25.75,0.0,58.0,2.18
20080306,25.76,0.38,61.21,2.54
20080307,25.42,0.17,59.29,2.49
20080308,25.51,0.0,57.44,2.45
20080309,26.88,0.02,56.95,2.43
20080310,26.32,3.44,61.14,2.01
20080311,25.04,2.48,73.12,1.84
20080312,23.98,6.64,83.63,3.5
20080313,25.33,8.58,84.28,2.05
20080314,25.62,3.47,83.41,1.72
20080315,24.58,11.13,86.99,1.35
20080316,26.21,2.88,73.45,2.28
20080317,24.86,1.03,80.48,2.24
20080318,25.39,4.62,83.77,1.98
20080319,25.44,5.6,83.78,2.09
20080320,23.92,19.91,91.57,2.89
20080321,24.58,20.13,89.59,2.88
20080322,25.19,23.83,91.25,2.64
20080323,25.53,4.81,87.96,2.04
20080324,26.3,0.12,79.23,1.37
20080325,27.03,0.0,66.41,1.12
20080326,26.99,0.0,70.24,1.42
20080327,27.66,0.27,68.61,1.42
20080328,27.85,0.53,70.58,1.38
20080329,27.21,0.06,74.28,1.09
20080330,26.66,21.78,80.56,1.19
20080331,27.23,3.41,77.52,1.18
20080401,28.03,0.19,71.84,1.25
20080402,27.24,4.41,76.34,1.6
20080403,27.55,0.67,74.48,1.32
20080404,27.69,0.27,71.31,1.73
20080405,27.35,0.29,73.19,1.79
20080406,27.43,0.65,71.21,2.04
20080407,26.89,2.14,75.0,2.02
20080408,25.74,9.23,83.38,1.69
20080409,26.03,2.71,81.83,1.72
20080410,26.92,2.12,75.67,2.06
20080411,27.1,0.07,72.31,1.58
20080412,27.21,2.27,74.53,2.28
20080413,27.18,0.3,76.4,1.56
20080414,27.85,0.19,71.35,1.82
20080415,28.1,0.05,70.05,1.64
20080416,28.17,0.65,69.43,1.9
20080417,28.3,0.66,70.08,1.44
20080418,28.93,0.3,66.69,1.65
20080419,29.7,0.01,60.96,1.98
20080420,29.43,0.0,59.76,1.52
20080421,29.27,0.0,58.81,1.42
20080422,30.06,0.0,56.77,1.64
20080423,29.68,0.0,57.16,1.65
20080424,28.71,0.23,59.11,1.65
20080425,28.37,0.55,64.42,1.59
20080426,27.88,0.66,71.13,1.26
20080427,29.1,0.06,66.74,1.43
20080428,30.63,0.03,59.93,2.37
20080429,29.85,0.65,64.3,2.22
20080430,29.63,0.01,65.37,2.27
20080501,30.47,0.0,63.44,1.9
20080502,31.11,0.0,54.45,2.0
20080503,30.77,0.59,53.64,1.69
20080504,31.0,0.19,59.88,1.79
20080505,30.89,0.04,57.55,2.66
20080506,30.71,0.0,53.47,1.93
20080507,29.67,22.91,64.86,1.41
20080508,29.33,8.8,67.42,1.25
20080509,29.88,0.19,61.04,1.62
20080510,30.24,1.7,62.66,1.54
20080511,29.29,1.33,66.0,1.32
20080512,27.4,0.65,71.89,2.03
20080513,29.0,0.01,64.05,2.15
20080514,29.99,1.94,59.18,2.04
20080515,29.65,0.13,59.12,1.54
20080516,29.28,0.01,59.64,2.0
20080517,30.65,0.0,56.37,2.18
20080518,30.58,0.0,58.55,1.82
20080519,29.97,0.21,62.12,2.16
20080520,29.85,0.18,63.48,2.72
20080521,29.88,0.04,64.36,2.19
20080522,30.59,0.06,58.32,1.09
20080523,29.7,0.06,60.61,1.56
20080524,29.3,0.42,63.34,1.58
20080525,29.81,1.26,60.73,1.82
20080526,28.94,0.74,66.39,1.48
20080527,30.04,0.0,60.03,1.33
20080528,29.5,2.1,63.78,1.71
20080529,28.73,2.58,69.11,2.21
20080530,28.84,10.3,68.84,2.12
20080531,27.57,0.12,72.71,1.27
20080601,29.24,1.05,65.13,1.63
20080602,29.49,0.74,62.31,2.04
20080603,29.35,1.04,63.82,2.19
20080604,29.25,0.75,60.77,2.84
20080605,28.31,0.33,63.97,2.53
20080606,28.17,0.5,64.0,2.47
20080607,25.88,3.14,76.02,1.73
20080608,27.22,2.02,73.67,1.7
20080609,26.5,0.6,75.61,2.1
20080610,27.98,0.33,64.96,1.79
20080611,28.91,0.1,61.48,2.69
20080612,28.45,0.0,63.54,2.43
20080613,28.42,0.02,63.27,2.42
20080614,28.81,0.05,60.48,3.48
20080615,29.01,0.0,58.17,3.25
20080616,28.29,0.66,62.85,2.91
20080617,29.35,0.13,58.84,3.07
20080618,29.25,0.41,57.32,2.76
20080619,30.05,0.0,57.08,2.13
20080620,30.23,0.34,57.2,1.53
20080621,30.14,1.62,56.44,2.3
20080622,30.02,0.92,56.21,2.06
20080623,29.23,0.01,57.6,2.14
20080624,29.93,0.03,53.39,3.12
20080625,29.35,0.04,57.92,3.12
20080626,29.22,0.01,55.33,3.04
20080627,30.04,0.42,57.53,3.44
20080628,28.85,1.43,62.88,2.81
20080629,28.56,0.8,61.12,2.92
20080630,29.49,1.1,57.72,2.98
20080701,27.67,1.39,62.82,2.43
20080702,30.15,0.0,51.56,2.18
20080703,30.37,0.0,51.77,2.5
20080704,30.03,0.0,52.6,1.5
20080705,31.03,0.0,50.35,1.73
20080706,31.09,0.12,51.67,2.39
20080707,29.28,0.0,51.42,4.41
20080708,29.72,0.06,46.9,4.59
20080709,29.89,0.26,48.06,4.1
20080710,29.73,0.43,48.15,3.46
20080711,29.84,0.44,49.95,3.7
20080712,30.05,0.07,49.94,2.32
20080713,30.76,0.0,49.65,1.25
20080714,30.5,0.15,54.09,1.69
20080715,29.66,3.46,60.64,1.87
20080716,29.0,0.38,61.96,2.56
20080717,29.2,0.87,61.01,1.87
20080718,28.71,22.17,69.04,1.87
20080719,27.86,1.02,67.76,1.56
20080720,26.75,74.72,77.07,0.94
20080721,25.41,10.18,87.56,1.23
20080722,25.84,0.64,80.38,0.71
20080723,27.43,0.58,74.38,1.64
20080724,26.87,0.63,71.48,2.83
20080725,27.18,0.18,67.43,3.33
20080726,27.57,0.95,67.18,3.55
20080727,26.28,3.91,71.96,3.79
20080728,25.64,2.15,74.98,4.02
20080729,26.26,1.54,70.94,3.6
20080730,26.09,0.82,70.19,3.16
20080731,27.15,0.54,67.29,2.97
20080801,28.16,0.07,65.32,2.14
20080802,27.72,0.0,69.73,1.73
20080803,27.8,0.06,69.91,1.44
20080804,27.99,0.0,69.04,1.65
20080805,28.5,0.16,66.51,1.76
20080806,28.66,0.01,63.91,2.0
20080807,28.36,0.18,63.24,2.68
20080808,27.98,0.36,64.67,3.73
20080809,27.38,0.17,64.75,3.75
20080810,27.56,0.27,64.68,3.57
20080811,26.78,2.11,66.75,3.62
20080812,26.41,1.11,72.51,2.08
20080813,27.3,0.49,63.79,2.7
20080814,27.94,2.87,67.63,1.82
20080815,26.79,0.63,72.8,1.76
20080816,27.42,4.77,67.79,1.55
20080817,27.53,10.89,71.87,0.86
20080818,27.29,4.78,74.26,1.04
20080819,27.54,0.19,72.21,0.93
20080820,28.37,1.03,67.56,1.04
20080821,27.76,2.67,67.26,2.58
20080822,28.05,0.01,63.52,1.62
20080823,28.12,2.02,64.14,2.11
20080824,27.51,1.89,68.45,1.39
20080825,27.08,3.94,74.72,1.02
20080826,26.86,78.92,75.81,1.03
20080827,26.52,10.22,79.07,1.03
20080828,27.03,0.65,77.94,1.01
20080829,27.07,3.2,78.56,1.27
20080830,26.44,7.1,82.25,1.0
20080831,25.85,5.99,85.03,2.17
20080901,26.77,3.61,80.33,1.08
20080902,27.25,0.26,76.71,1.16
20080903,27.05,2.15,78.88,1.3
20080904,27.02,0.1,79.27,0.97
20080905,26.63,1.9,80.1,1.0
20080906,27.0,10.35,80.11,1.42
20080907,25.94,3.39,81.93,1.84
20080908,25.63,6.25,79.45,2.11
20080909,26.66,1.12,74.51,2.86
20080910,26.38,2.18,75.19,3.03
20080911,26.37,2.36,72.97,2.91
20080912,26.14,0.21,69.53,2.76
20080913,26.8,0.01,74.99,2.08
20080914,27.43,0.73,72.15,1.95
20080915,26.91,0.01,71.22,1.95
20080916,26.58,0.0,71.73,2.38
20080917,27.4,0.0,68.77,1.86
20080918,27.81,0.0,65.94,1.41
20080919,27.96,1.93,65.5,1.35
20080920,27.56,0.84,73.7,1.64
20080921,27.51,0.0,72.66,1.35
20080922,28.13,0.0,70.37,1.69
20080923,28.65,0.0,65.82,1.41
20080924,28.92,0.0,66.48,1.5
20080925,28.61,0.0,66.33,1.56
20080926,28.27,0.0,65.67,1.17
20080927,28.16,6.48,69.02,0.71
20080928,28.44,0.09,61.41,1.1
20080929,28.59,0.0,61.44,0.93
20080930,29.0,0.0,59.45,1.39
20081001,29.56,0.0,59.29,1.16
20081002,29.37,0.0,54.93,1.07
20081003,28.74,0.13,58.4,1.41
20081004,28.79,0.01,62.0,1.33
20081005,28.9,0.0,63.58,0.87
20081006,28.66,0.5,65.97,1.41
20081007,28.83,0.69,65.45,1.54
20081008,28.77,0.52,67.25,1.24
20081009,29.29,0.01,63.93,1.72
20081010,28.54,0.67,68.22,1.51
20081011,27.82,2.68,70.98,1.91
20081012,26.04,5.71,77.89,2.36
20081013,25.53,6.94,83.48,2.39
20081014,25.66,16.08,89.24,2.39
20081015,25.52,8.97,87.23,1.99
20081016,25.79,3.32,83.41,1.49
20081017,26.08,2.4,82.08,2.27
20081018,25.91,2.89,84.24,1.89
20081019,25.88,9.35,83.26,1.75
20081020,26.18,22.48,83.28,1.73
20081021,25.5,31.28,87.68,0.92
20081022,25.57,32.34,88.3,2.05
20081023,24.55,9.26,87.16,1.92
20081024,25.76,4.81,82.81,2.0
20081025,25.51,5.95,85.1,1.83
20081026,25.85,0.15,82.55,1.52
20081027,25.84,0.0,75.88,1.41
20081028,25.68,0.0,72.93,1.49
20081029,25.03,0.0,68.31,1.09
20081030,24.73,0.01,70.22,1.39
20081031,24.62,0.0,66.41,1.29
20081101,24.76,0.0,65.72,1.05
20081102,23.77,0.0,64.28,1.53
20081103,24.88,0.0,56.23,1.23
20081104,24.7,0.0,62.2,1.34
20081105,24.13,0.01,68.52,1.46
20081106,24.25,0.19,71.78,1.54
20081107,25.19,0.04,75.2,1.72
20081108,25.78,2.03,78.21,2.0
20081109,26.07,4.69,77.39,1.95
20081110,25.49,1.83,81.06,2.02
20081111,25.24,0.39,73.68,2.14
20081112,24.47,1.5,70.41,1.96
20081113,25.0,0.73,75.18,1.16
20081114,26.35,0.0,71.04,1.07
20081115,27.04,0.0,67.49,0.97
20081116,26.86,0.0,66.03,1.2
20081117,26.31,3.29,74.8,1.58
20081118,26.56,2.15,78.21,1.76
20081119,25.24,6.39,88.08,1.92
20081120,24.97,6.2,90.73,2.02
20081121,24.98,1.79,85.72,2.05
20081122,23.77,3.72,89.28,2.5
20081123,23.95,25.8,89.39,2.82
20081124,23.6,33.99,90.4,2.99
20081125,23.75,38.68,87.17,3.8
20081126,22.92,49.87,91.37,4.14
20081127,24.1,76.89,89.7,2.17
20081128,24.8,9.55,92.24,1.95
20081129,24.9,1.21,90.6,1.6
20081130,24.31,0.54,92.95,2.55
20081201,24.86,0.49,88.42,1.63
20081202,23.77,0.01,86.76,1.67
20081203,22.26,0.0,85.07,1.48
20081204,21.74,0.0,85.23,1.62
20081205,21.85,0.0,86.37,2.06
20081206,22.48,4.63,86.7,2.27
20081207,23.34,1.5,87.23,2.44
20081208,23.85,6.31,93.55,2.72
20081209,23.96,4.19,94.89,2.29
20081210,23.51,4.13,94.9,2.2
20081211,23.22,0.0,87.16,2.02
20081212,22.43,0.0,86.83,1.83
20081213,23.7,0.76,87.94,2.2
20081214,23.57,4.45,88.94,2.85
20081215,23.32,7.22,90.56,2.87
20081216,23.1,0.76,90.58,2.33
20081217,23.14,0.0,87.61,3.03
20081218,22.65,0.73,87.72,3.23
20081219,22.98,0.04,86.83,2.96
20081220,22.72,0.08,85.86,2.09
20081221,22.57,0.06,86.05,1.87
20081222,21.18,0.0,82.13,1.76
20081223,21.35,0.09,85.71,2.19
20081224,22.6,0.24,87.77,2.08
20081225,22.92,0.16,87.22,2.48
20081226,22.04,0.06,83.01,1.7
20081227,21.3,0.0,81.12,1.8
20081228,20.49,0.0,78.05,1.68
20081229,19.91,0.0,80.1,1.92
20081230,20.5,0.0,81.59,1.94
20081231,20.27,0.0,79.57,1.83
20090101,21.6,0.0,80.29,1.94
20090102,22.02,0.0,79.42,2.01
20090103,21.78,0.0,80.7,2.03
20090104,21.58,0.0,78.52,2.07
20090105,21.79,0.0,77.35,2.0
20090106,21.55,0.09,77.99,1.71
20090107,22.89,0.75,85.18,2.13
20090108,23.96,0.04,80.52,2.23
20090109,22.17,0.05,87.67,2.29
20090110,23.45,0.0,79.63,2.87
20090111,23.22,0.09,81.01,2.64
20090112,22.62,0.04,79.47,2.83
20090113,22.88,0.07,73.98,3.15
20090114,23.05,0.13,73.97,3.26
20090115,22.39,3.76,81.11,3.48
20090116,22.59,0.1,75.66,2.74
20090117,22.74,0.0,75.74,2.56
20090118,22.68,0.0,74.57,2.46
20090119,22.62,0.0,75.9,2.58
20090120,22.13,0.0,74.17,2.48
20090121,21.89,0.0,74.32,2.16
20090122,21.45,0.0,77.41,1.75
20090123,21.72,0.0,78.32,1.8
20090124,22.53,0.0,74.61,2.02
20090125,23.77,0.0,72.5,1.94
20090126,24.12,2.64,79.85,1.97
20090127,25.1,0.42,81.08,1.84
20090128,26.12,0.06,77.55,1.79
20090129,25.34,0.0,73.7,1.73
20090130,23.73,0.0,66.61,1.74
20090131,23.14,0.0,67.55,1.78
20090201,23.42,0.0,69.36,1.57
20090202,23.32,0.0,68.51,1.81
20090203,23.97,0.0,68.99,1.77
20090204,24.62,0.0,68.8,1.56
20090205,24.08,0.0,63.49,1.97
20090206,23.55,0.0,65.76,2.18
20090207,23.97,0.0,68.81,2.26
20090208,24.15,0.0,68.67,2.41
20090209,23.74,0.0,66.24,2.64
20090210,23.27,0.0,64.1,2.08
20090211,24.01,0.0,60.29,1.8
20090212,24.94,0.0,57.38,1.42
20090213,25.66,0.0,58.24,1.57
20090214,25.38,0.0,59.2,1.72
20090215,25.1,0.0,54.66,2.01
20090216,24.48,0.0,58.86,1.97
20090217,24.79,0.0,66.05,2.61
20090218,24.56,0.0,64.21,2.48
20090219,24.83,0.0,64.75,2.74
20090220,25.81,0.0,69.04,2.5
20090221,27.23,0.0,66.67,2.5
20090222,27.65,0.0,65.39,2.48
20090223,28.14,0.0,64.15,1.92
20090224,28.87,0.0,59.04,1.53
20090225,29.49,0.0,53.75,1.74
20090226,28.81,0.0,55.25,1.54
20090227,28.25,0.0,51.66,1.69
20090228,27.78,0.0,47.88,1.64
20090301,28.66,0.0,42.1,1.68
20090302,28.85,0.0,46.63,1.63
20090303,28.75,0.0,44.45,1.6
20090304,28.5,0.0,44.86,1.61
20090305,28.87,0.0,40.45,1.54
20090306,29.48,0.0,35.22,1.94
20090307,29.25,0.0,39.77,2.06
20090308,28.43,0.0,49.37,1.88
20090309,26.26,5.0,65.8,2.83
20090310,24.93,4.31,66.32,4.12
20090311,24.95,2.95,83.85,3.42
20090312,27.06,1.59,72.21,1.1
20090313,26.31,2.67,72.05,1.27
20090314,26.7,4.13,73.22,1.65
20090315,27.5,0.35,67.79,1.31
20090316,28.08,0.04,64.63,1.54
20090317,27.48,0.0,58.75,1.52
20090318,27.82,0.0,52.94,1.66
20090319,28.49,0.0,54.0,1.58
20090320,28.67,0.0,50.93,1.68
20090321,29.57,0.0,47.84,1.99
20090322,29.67,0.38,53.68,2.1
20090323,29.15,0.31,55.34,2.04
20090324,29.18,0.58,57.04,2.08
20090325,29.45,0.02,55.16,2.0
20090326,30.3,0.0,51.36,1.96
20090327,30.69,0.29,52.25,1.59
20090328,31.14,0.01,50.4,2.29
20090329,30.24,0.19,53.14,1.98
20090330,30.08,0.15,51.69,2.01
20090331,30.03,0.0,49.84,1.99
20090401,30.56,0.0,46.4,2.02
20090402,30.21,0.0,51.82,2.13
20090403,30.06,0.02,53.03,2.03
20090404,30.27,0.04,52.46,1.88
20090405,30.78,0.68,54.22,2.13
20090406,30.35,0.52,55.52,1.73
20090407,30.92,0.56,55.25,2.43
20090408,30.4,0.27,57.98,2.32
20090409,29.88,1.61,58.94,2.32
20090410,28.49,6.64,65.32,2.4
20090411,25.57,13.55,74.18,1.35
20090412,27.78,1.05,58.96,1.28
20090413,30.29,1.12,58.38,1.51
20090414,31.19,0.68,54.58,2.1
20090415,32.14,0.0,53.0,1.21
20090416,31.07,0.0,55.8,1.51
20090417,30.34,0.0,58.35,1.51
20090418,31.6,0.01,54.56,2.17
20090419,31.52,0.51,54.13,2.46
20090420,30.36,0.94,60.74,1.19
20090421,30.37,0.16,60.34,1.26
20090422,31.47,0.02,52.97,1.38
20090423,32.32,0.0,50.31,1.66
20090424,32.16,0.0,51.47,1.95
20090425,32.59,0.01,49.75,2.33
20090426,32.09,0.0,54.13,2.45
20090427,31.67,0.0,54.53,2.26
20090428,32.14,0.02,51.15,2.46
20090429,32.67,0.01,49.37,2.33
20090430,33.09,0.03,47.38,1.79
20090501,33.62,0.0,45.85,1.51
20090502,34.44,0.0,43.28,1.59
20090503,33.83,0.0,46.05,1.89
20090504,33.67,0.66,44.93,1.54
20090505,33.48,0.02,43.72,1.61
20090506,33.01,0.0,44.34,1.66
20090507,33.85,0.0,41.12,1.47
20090508,32.58,1.81,47.7,1.39
20090509,31.38,0.43,53.96,1.95
20090510,33.19,0.0,47.05,1.18
20090511,33.72,0.0,44.42,1.56
20090512,34.15,0.71,45.0,1.66
20090513,33.59,0.02,45.64,1.43
20090514,32.78,0.0,48.31,1.65
20090515,29.44,8.45,61.75,2.13
20090516,30.55,1.4,55.76,1.88
20090517,30.98,0.06,56.04,1.21
20090518,30.57,2.2,59.28,1.4
20090519,28.6,3.51,68.61,1.27
20090520,27.96,2.77,64.43,2.84
20090521,27.55,0.14,70.26,1.35
20090522,29.14,1.09,65.57,1.95
20090523,30.39,1.34,60.36,2.06
20090524,28.95,3.38,63.14,3.01
20090525,28.87,4.12,63.58,3.8
20090526,29.06,0.98,67.67,2.73
20090527,29.82,0.03,59.06,2.36
20090528,30.61,0.0,59.0,1.55
20090529,30.98,0.39,56.68,2.25
20090530,29.77,2.13,64.91,1.69
20090531,29.76,0.14,61.21,1.83
20090601,30.95,0.09,55.19,2.61
20090602,31.06,0.02,51.44,2.89
20090603,32.07,0.05,49.78,3.45
20090604,32.05,0.01,49.28,4.08
20090605,30.89,1.36,53.42,4.39
20090606,28.28,2.67,59.92,4.71
20090607,28.46,1.14,55.45,4.5
20090608,29.7,0.36,57.67,4.03
20090609,30.87,0.28,51.58,3.4
20090610,30.94,0.02,55.23,2.13
20090611,28.94,3.03,61.61,1.48
20090612,30.16,0.9,60.03,2.13
20090613,30.31,0.07,55.69,2.23
20090614,31.06,0.0,53.27,2.6
20090615,30.18,0.32,55.3,3.31
20090616,29.81,0.37,58.06,3.98
20090617,29.84,0.55,57.9,3.51
20090618,28.4,10.28,66.64,2.9
20090619,27.02,1.35,74.95,2.47
20090620,28.43,0.31,67.38,2.79
20090621,28.44,0.5,66.71,2.51
20090622,27.76,0.19,70.52,2.43
20090623,28.7,0.85,63.37,2.84
20090624,29.29,0.3,56.69,3.13
20090625,28.78,0.65,53.67,3.85
20090626,27.84,0.19,60.13,3.56
20090627,28.38,0.32,55.8,3.08
20090628,29.75,0.18,50.71,3.67
20090629,30.25,2.4,54.96,2.88
20090630,29.37,2.41,58.64,3.37
20090701,27.78,1.14,63.16,3.39
20090702,27.93,1.41,62.31,3.81
20090703,28.05,0.62,62.6,3.13
20090704,27.64,0.33,65.19,3.39
20090705,28.01,1.38,60.41,3.55
20090706,28.07,0.34,62.74,3.15
20090707,27.84,0.12,62.06,2.88
20090708,28.87,2.46,57.3,3.3
20090709,28.2,0.64,59.73,3.4
20090710,29.63,0.02,51.1,2.84
20090711,29.34,0.01,57.67,2.54
20090712,29.24,0.44,55.88,3.51
20090713,29.79,0.49,54.9,4.27
20090714,28.69,0.06,56.52,4.68
20090715,27.67,1.5,58.22,4.57
20090716,28.16,2.68,61.03,4.03
20090717,27.05,4.69,71.74,3.32
20090718,28.02,0.21,62.57,4.32
20090719,27.93,0.08,59.35,4.3
20090720,28.97,0.29,56.28,4.17
20090721,29.19,0.02,51.67,4.68
20090722,29.32,0.01,50.77,4.19
20090723,29.87,0.09,49.56,3.72
20090724,29.94,0.0,48.25,2.1
20090725,31.62,0.0,48.02,1.67
20090726,30.56,0.0,49.37,2.24
20090727,30.36,0.19,53.71,3.29
20090728,30.42,0.37,54.32,2.94
20090729,29.85,2.43,57.45,2.48
20090730,30.09,0.09,51.96,2.71
20090731,29.38,2.96,57.89,2.54
20090801,28.82,0.1,55.43,3.8
20090802,29.24,0.0,54.58,3.34
20090803,30.68,0.0,53.61,3.24
20090804,29.95,0.24,55.32,3.66
20090805,30.07,0.13,54.53,3.6
20090806,30.87,0.0,52.81,3.05
20090807,30.81,0.0,50.91,3.27
20090808,30.5,0.0,53.08,2.74
20090809,31.16,0.0,51.46,2.9
20090810,31.23,0.51,52.25,3.58
20090811,31.19,0.52,52.59,2.13
20090812,31.26,0.47,51.11,2.31
20090813,29.42,19.15,62.13,1.51
20090814,28.43,1.75,69.5,1.52
20090815,27.87,0.07,65.47,1.78
20090816,27.94,17.45,66.51,1.51
20090817,25.96,1.49,73.82,1.59
20090818,27.77,1.69,68.54,1.69
20090819,27.9,0.19,67.51,1.76
20090820,26.16,4.01,78.85,1.06
20090821,26.46,1.01,74.42,3.02
20090822,26.86,0.34,68.63,2.8
20090823,27.61,5.19,69.29,2.95
20090824,28.13,0.16,66.01,3.11
20090825,28.6,0.1,61.79,2.86
20090826,27.44,0.86,66.32,2.59
20090827,27.85,0.28,63.12,2.37
20090828,28.91,0.06,61.67,2.5
20090829,29.15,0.31,60.12,2.46
20090830,29.19,0.04,61.45,1.44
20090831,27.82,1.55,67.79,1.65
20090901,28.03,1.46,67.95,2.17
20090902,27.51,1.93,65.85,2.76
20090903,28.42,0.29,61.29,3.08
20090904,27.68,0.21,61.96,4.17
20090905,28.44,0.25,60.11,4.62
20090906,28.38,0.4,61.94,4.03
20090907,28.94,0.01,61.54,3.58
20090908,29.73,0.0,57.89,2.87
20090909,30.18,0.0,55.74,1.64
20090910,30.1,0.0,53.96,0.96
20090911,31.44,0.0,49.37,1.01
20090912,31.26,2.86,53.98,1.75
20090913,31.24,0.52,57.01,0.93
20090914,30.86,0.04,55.51,1.66
20090915,30.71,1.59,52.65,0.93
20090916,29.25,16.46,66.12,1.42
20090917,27.55,4.92,75.83,1.41
20090918,28.08,6.9,71.04,1.71
20090919,28.2,0.4,67.83,1.11
20090920,28.63,2.25,65.47,1.24
20090921,28.97,0.1,67.75,0.93
20090922,28.08,0.64,69.3,1.75
20090923,28.63,1.69,68.17,1.47
20090924,27.54,0.07,72.07,1.11
20090925,28.19,8.37,65.85,2.06
20090926,27.81,3.85,66.16,2.53
20090927,27.74,0.91,70.07,2.1
20090928,28.89,0.18,67.7,2.06
20090929,28.63,0.02,63.22,2.86
20090930,28.25,0.09,64.41,3.1
20091001,27.85,0.9,63.82,3.88
20091002,26.79,0.49,71.58,3.46
20091003,28.07,0.45,62.64,4.38
20091004,28.52,0.0,61.99,3.25
20091005,28.74,0.0,59.94,2.77
20091006,28.82,0.0,57.99,1.55
20091007,29.86,0.0,55.08,1.17
20091008,29.29,6.72,61.62,1.07
20091009,29.81,0.01,62.35,0.71
20091010,29.8,1.39,61.36,1.24
20091011,29.57,1.03,62.22,1.15
20091012,28.97,1.37,63.46,1.87
20091013,28.28,0.18,66.28,1.48
20091014,28.88,0.01,62.25,1.44
20091015,28.94,0.0,60.87,1.37
20091016,29.97,0.0,53.13,1.12
20091017,30.27,0.0,53.3,1.54
20091018,30.7,0.17,52.63,1.85
20091019,30.39,0.48,52.8,1.85
20091020,30.47,0.0,52.69,2.02
20091021,30.44,0.0,50.06,2.01
20091022,30.03,0.0,47.63,2.38
20091023,29.58,0.0,46.38,2.0
20091024,29.25,0.0,50.15,1.55
20091025,29.67,0.03,51.54,1.48
20091026,30.11,0.08,50.75,2.33
20091027,29.95,0.41,55.52,2.15
20091028,27.86,7.14,69.49,2.58
20091029,25.89,15.92,82.46,2.67
20091030,26.31,5.35,73.06,2.64
20091031,26.26,8.95,79.39,2.49
20091101,26.27,4.33,77.33,2.36
20091102,26.97,2.16,73.53,3.43
20091103,26.48,5.64,77.99,2.84
20091104,25.06,27.08,89.26,2.64
20091105,25.33,18.35,84.57,2.49
20091106,24.68,11.8,88.36,1.9
20091107,24.86,29.25,88.51,2.82
20091108,24.76,36.76,94.75,3.34
20091109,24.8,26.02,92.32,3.27
20091110,25.13,7.45,84.46,2.07
20091111,25.35,7.21,80.59,0.76
20091112,25.88,2.5,84.57,0.95
20091113,25.04,1.95,88.74,1.43
20091114,24.01,29.82,91.4,1.77
20091115,23.69,15.21,93.43,1.61
20091116,25.11,3.92,89.33,1.45
20091117,25.83,8.35,87.24,0.91
20091118,24.95,3.65,85.56,0.98
20091119,25.45,4.79,85.49,1.05
20091120,25.15,2.09,88.44,1.17
20091121,24.51,7.33,89.01,0.82
20091122,24.04,13.73,92.57,1.43
20091123,24.69,1.55,88.72,1.65
20091124,25.19,0.1,83.84,0.97
20091125,24.92,1.42,86.36,1.43
20091126,24.03,0.12,85.27,1.71
20091127,22.78,0.0,81.06,1.75
20091128,22.93,0.41,85.31,2.04
20091129,23.6,1.0,87.38,2.11
20091130,23.83,1.16,87.52,2.21
20091201,23.11,5.04,92.34,2.07
20091202,24.04,5.15,90.37,2.07
20091203,24.78,0.8,88.17,1.39
20091204,24.94,0.05,86.56,1.44
20091205,24.17,0.01,84.8,2.23
20091206,21.84,0.0,81.12,1.93
20091207,21.84,0.0,82.42,1.93
20091208,23.12,0.0,83.55,1.98
20091209,23.65,0.04,84.38,2.58
20091210,22.47,0.01,80.35,2.9
20091211,23.09,0.07,80.94,2.83
20091212,23.91,8.08,86.15,2.88
20091213,24.9,5.63,87.77,2.32
20091214,24.68,3.94,87.42,3.33
20091215,23.99,6.12,92.67,2.39
20091216,24.49,3.74,85.82,1.49
20091217,23.7,1.74,89.97,1.71
20091218,23.6,0.16,87.72,2.22
20091219,24.35,0.26,86.22,2.1
20091220,24.75,1.04,85.64,2.67
20091221,24.43,5.31,90.23,3.25
20091222,24.18,4.61,89.25,2.58
20091223,23.66,2.93,88.63,3.07
20091224,23.6,1.25,86.75,2.79
20091225,23.37,0.02,82.04,2.36
20091226,23.56,0.01,83.44,2.22
20091227,22.63,0.26,86.35,1.79
20091228,22.93,0.0,86.21,1.64
20091229,23.35,0.0,81.01,1.87
20091230,23.43,0.0,82.39,1.83
20091231,23.71,0.0,81.24,1.55
20100101,23.79,0.0,81.18,2.21
20100102,23.4,0.0,80.44,2.43
20100103,22.99,0.02,79.33,2.33
20100104,22.53,0.0,77.92,1.79
20100105,22.33,0.0,75.76,1.78
20100106,22.59,0.0,78.98,2.27
20100107,23.5,0.13,78.86,2.38
20100108,23.38,0.72,83.44,2.08
20100109,23.99,2.99,88.32,2.04
20100110,24.38,2.98,84.56,1.38
20100111,25.19,0.83,80.18,1.55
20100112,25.82,0.04,79.26,1.36
20100113,25.88,0.37,80.44,1.73
20100114,25.61,0.09,79.19,2.07
20100115,24.53,0.0,76.64,2.58
20100116,24.18,0.0,78.7,2.67
20100117,24.3,0.0,76.33,2.63
20100118,24.46,0.0,75.38,2.15
20100119,24.91,0.0,76.09,2.29
20100120,24.54,0.01,74.78,2.34
20100121,23.49,0.0,70.05,2.53
20100122,22.58,0.0,68.19,2.57
20100123,22.51,0.0,71.4,2.49
20100124,23.2,0.05,71.61,2.25
20100125,24.33,0.0,73.75,2.2
20100126,25.06,0.0,72.94,2.62
20100127,25.35,0.0,72.91,2.42
20100128,25.38,0.0,73.03,2.88
20100129,24.54,0.0,72.35,2.71
20100130,24.63,0.0,68.85,2.46
20100131,24.79,0.0,70.56,2.34
20100201,23.97,0.0,70.13,2.12
20100202,24.26,0.0,67.23,2.52
20100203,24.05,0.0,65.95,2.71
20100204,23.96,0.0,66.92,2.39
20100205,23.53,0.0,69.66,2.51
20100206,23.58,0.0,68.5,2.67
20100207,24.3,0.0,68.35,2.7
20100208,24.6,0.0,63.8,2.51
20100209,24.71,0.0,61.93,2.25
20100210,25.5,0.0,64.55,1.84
20100211,26.35,0.0,63.7,2.09
20100212,26.97,0.0,64.76,2.25
20100213,27.29,0.01,64.58,2.21
20100214,27.01,0.0,61.94,2.0
20100215,25.11,0.0,70.68,1.59
20100216,26.47,0.0,63.24,1.75
20100217,27.14,0.0,65.92,2.08
20100218,26.65,0.0,61.19,1.3
20100219,26.74,0.0,61.13,1.46
20100220,26.83,0.0,62.97,1.53
20100221,27.91,0.0,63.35,1.88
20100222,28.23,0.0,60.84,1.99
20100223,28.49,0.0,59.91,1.63
20100224,28.93,0.0,54.42,2.11
20100225,28.87,0.0,55.83,2.15
20100226,29.26,0.0,52.74,1.9
20100227,29.38,0.0,51.49,2.13
20100228,28.75,0.0,50.92,2.04
20100301,28.17,0.0,48.69,1.95
20100302,27.66,0.0,46.7,2.19
20100303,27.76,0.0,39.99,2.16
20100304,28.84,0.0,40.21,1.95
20100305,29.59,0.0,47.33,2.1
20100306,30.66,0.0,53.71,2.17
20100307,31.55,0.0,51.21,2.57
20100308,30.26,0.0,53.92,2.08
20100309,29.55,0.0,55.65,2.01
20100310,29.49,0.0,58.21,2.35
20100311,29.44,0.0,58.89,2.99
20100312,29.32,0.0,57.09,2.92
20100313,29.37,0.0,58.18,2.45
20100314,30.41,0.0,49.37,2.05
20100315,30.59,0.0,43.07,1.97
20100316,29.61,0.0,46.94,1.69
20100317,29.36,0.01,52.65,2.41
20100318,28.81,0.0,58.23,2.73
20100319,29.04,0.0,54.56,2.29
20100320,30.11,0.0,50.4,2.08
20100321,30.39,0.0,42.82,1.9
20100322,30.29,0.0,45.59,1.69
20100323,30.78,0.0,48.46,2.01
20100324,31.04,0.0,46.94,1.81
20100325,30.99,0.0,53.77,2.16
20100326,31.78,0.1,50.68,2.14
20100327,31.9,0.06,52.6,2.04
20100328,31.56,0.0,52.54,2.37
20100329,31.93,0.01,52.95,2.56
20100330,32.78,0.27,50.8,2.02
20100331,31.98,4.01,52.91,1.63
20100401,32.61,0.03,49.62,1.98
20100402,33.28,0.0,46.76,2.56
20100403,31.5,0.0,56.87,2.38
20100404,31.25,0.01,55.07,2.28
20100405,30.89,0.64,55.98,1.8
20100406,31.3,0.02,46.37,1.86
20100407,31.44,0.15,50.66,2.41
20100408,30.07,0.9,58.08,2.02
20100409,30.57,0.02,57.82,1.75
20100410,31.17,0.0,49.25,1.49
20100411,32.01,0.0,52.67,2.5
20100412,32.8,0.0,51.93,2.38
20100413,33.66,0.0,47.48,1.93
20100414,33.05,0.0,48.27,1.75
20100415,32.03,0.0,54.64,2.12
20100416,31.92,0.03,54.69,2.43
20100417,31.82,0.18,53.22,2.5
20100418,32.77,3.09,49.34,2.79
20100419,32.42,0.78,51.87,1.61
20100420,32.94,0.24,48.96,1.34
20100421,33.12,0.04,48.7,1.07
20100422,33.63,0.01,47.05,2.65
20100423,32.93,0.07,54.01,2.72
20100424,32.08,0.02,52.62,1.39
20100425,32.4,0.08,50.74,1.88
20100426,30.7,1.2,55.09,2.29
20100427,30.52,1.38,54.16,1.85
20100428,31.93,0.19,52.23,2.41
20100429,30.65,0.05,60.97,2.47
20100430,29.12,13.85,69.99,1.96
20100501,29.2,1.85,68.02,1.31
20100502,29.14,26.95,73.04,1.0
20100503,28.57,7.82,77.23,0.85
20100504,28.69,7.49,77.98,1.02
20100505,30.74,0.55,67.1,1.22
20100506,31.7,0.74,61.54,1.75
20100507,31.5,0.1,64.17,1.57
20100508,30.24,0.08,68.19,0.89
20100509,29.87,0.03,66.93,1.09
20100510,31.33,0.02,55.48,2.16
20100511,31.51,0.01,61.16,2.38
20100512,32.1,0.0,60.47,1.56
20100513,31.84,0.0,61.4,1.63
20100514,30.92,0.0,64.67,1.46
20100515,30.47,0.12,60.23,1.62
20100516,31.9,0.11,58.05,0.99
20100517,31.16,9.23,63.28,1.65
20100518,29.68,8.69,70.74,2.82
20100519,28.51,0.64,69.11,3.01
20100520,30.68,0.11,61.0,3.85
20100521,30.23,0.17,61.79,2.92
20100522,29.86,0.0,64.34,1.98
20100523,29.98,0.18,64.58,2.57
20100524,30.01,0.04,67.35,2.09
20100525,30.43,0.06,58.93,3.1
20100526,31.43,0.01,54.19,2.72
20100527,31.74,0.16,56.61,2.46
20100528,30.97,8.38,62.91,2.64
20100529,30.59,0.27,62.63,3.28
20100530,30.69,0.2,58.87,2.76
20100531,30.06,0.03,55.62,2.92
20100601,30.72,0.0,55.65,2.17
20100602,32.73,0.62,53.39,1.79
20100603,31.66,0.06,56.73,2.14
20100604,30.05,35.96,70.63,1.3
20100605,28.77,2.2,69.9,2.65
20100606,28.6,0.76,63.43,2.78
20100607,27.97,0.09,65.7,2.01
20100608,28.64,0.0,63.57,2.47
20100609,29.2,4.27,66.55,1.85
20100610,27.78,0.62,75.66,2.77
20100611,27.41,0.88,75.4,2.38
20100612,28.14,1.1,68.3,3.35
20100613,27.35,0.19,75.12,3.86
20100614,28.87,0.03,63.07,3.1
20100615,29.87,0.0,57.98,2.17
20100616,28.7,0.88,67.63,0.68
20100617,28.16,3.86,69.47,2.29
20100618,27.27,7.0,71.88,1.89
20100619,28.8,2.7,64.79,2.5
20100620,28.59,0.25,67.63,1.92
20100621,29.97,2.52,60.75,1.5
20100622,28.36,1.79,69.11,2.48
20100623,27.98,1.19,68.46,3.55
20100624,27.59,0.09,62.37,3.48
20100625,27.62,0.07,59.9,3.99
20100626,29.09,0.06,56.75,4.02
20100627,29.64,0.04,58.78,2.94
20100628,28.92,2.14,66.19,2.7
20100629,29.26,0.16,62.59,2.41
20100630,29.13,0.01,58.9,3.7
20100701,26.69,0.06,59.66,3.36
20100702,28.21,0.17,57.09,3.39
20100703,28.59,0.62,57.37,3.45
20100704,28.49,0.28,61.1,2.45
20100705,28.67,0.09,58.1,3.26
20100706,27.3,0.04,59.73,2.6
20100707,27.75,5.95,64.01,1.37
20100708,27.18,3.87,68.76,1.11
20100709,27.42,1.78,71.08,0.86
20100710,28.36,0.62,68.2,1.64
20100711,29.23,0.01,63.58,2.41
20100712,29.08,0.72,63.02,2.64
20100713,27.33,18.6,72.69,1.73
20100714,27.98,5.9,69.74,2.06
20100715,28.22,7.19,68.65,1.93
20100716,27.34,0.28,69.21,2.95
20100717,27.31,1.12,64.31,3.31
20100718,27.55,1.04,68.48,2.95
20100719,27.05,0.78,68.49,3.14
20100720,27.13,0.11,67.21,3.6
20100721,28.15,0.35,66.36,2.56
20100722,27.94,0.01,65.27,2.3
20100723,28.81,0.03,58.71,2.51
20100724,27.56,0.0,60.05,3.22
20100725,27.4,0.03,58.98,3.47
20100726,28.43,0.2,57.61,3.45
20100727,28.12,0.07,64.29,3.17
20100728,28.41,0.05,59.04,3.63
20100729,28.65,0.12,58.71,3.4
20100730,28.71,0.01,56.91,3.14
20100731,28.51,0.0,57.6,3.05
20100801,30.35,0.0,54.52,2.15
20100802,30.28,0.03,52.94,2.63
20100803,28.97,0.06,54.85,3.75
20100804,29.28,0.02,57.36,3.84
20100805,29.16,0.13,60.16,1.9
20100806,29.8,0.0,54.67,3.26
20100807,29.98,0.02,55.78,2.21
20100808,29.65,2.75,59.57,2.66
20100809,29.44,6.16,61.9,2.62
20100810,29.63,0.17,59.83,2.55
20100811,29.96,0.07,56.36,2.74
20100812,28.54,0.22,65.89,1.8
20100813,27.97,9.47,70.25,1.21
20100814,27.39,1.33,73.57,1.63
20100815,27.06,1.98,77.67,1.89
20100816,27.27,1.56,72.49,1.89
20100817,27.97,0.1,64.29,2.53
20100818,28.01,0.0,58.76,2.97
20100819,28.79,1.1,61.32,1.75
20100820,26.86,11.15,73.68,1.11
20100821,26.42,7.86,75.45,1.16
20100822,27.21,0.69,71.64,1.82
20100823,28.12,1.17,66.73,1.79
20100824,27.39,0.62,71.67,2.43
20100825,27.7,0.14,65.89,2.61
20100826,28.35,0.0,63.3,2.75
20100827,28.86,0.16,62.51,1.84
20100828,28.28,1.83,69.9,1.62
20100829,27.81,4.18,74.53,1.96
20100830,26.38,1.4,70.62,2.85
20100831,26.88,0.92,63.34,1.8
20100901,27.31,0.0,62.97,1.89
20100902,28.96,0.17,60.02,1.95
20100903,29.08,3.7,63.34,1.8
20100904,28.65,0.02,61.53,1.85
20100905,29.06,0.0,60.73,1.95
20100906,28.47,0.01,59.61,2.06
20100907,28.99,0.02,60.24,2.48
20100908,28.73,0.09,59.98,2.52
20100909,28.17,8.82,66.03,1.7
20100910,27.17,8.11,75.05,1.55
20100911,28.45,3.52,64.75,1.62
20100912,28.59,4.61,64.43,1.07
20100913,27.22,10.92,68.19,2.04
20100914,27.92,0.81,63.19,2.3
20100915,28.42,1.94,65.72,1.95
20100916,27.56,2.84,66.75,2.15
20100917,29.12,0.15,61.81,2.4
20100918,27.53,5.15,66.4,2.13
20100919,28.51,0.27,61.94,1.17
20100920,28.07,0.4,65.53,1.31
20100921,27.79,0.5,70.46,1.52
20100922,26.24,7.3,80.38,1.15
20100923,26.7,3.63,78.08,1.07
20100924,27.18,12.4,74.86,1.68
20100925,28.07,0.12,66.99,1.42
20100926,26.97,20.2,74.93,1.65
20100927,26.65,8.32,79.78,2.09
20100928,26.16,9.66,81.43,1.58
20100929,25.72,9.14,83.34,1.64
20100930,25.97,4.47,79.81,1.17
20101001,26.96,2.05,75.3,1.45
20101002,26.45,9.34,78.81,1.45
20101003,25.89,12.88,82.68,0.92
20101004,27.04,2.86,78.3,1.15
20101005,26.13,4.38,85.8,1.37
20101006,26.37,1.81,80.87,2.33
20101007,26.79,3.12,79.18,2.13
20101008,26.24,11.84,84.47,1.79
20101009,27.22,1.96,77.53,1.39
20101010,27.59,0.03,72.46,1.16
20101011,27.13,0.0,73.84,1.34
20101012,27.0,0.0,72.02,1.45
20101013,28.09,0.23,69.8,1.53
20101014,27.11,0.47,73.77,1.61
20101015,27.1,0.24,72.95,2.37
20101016,27.4,0.03,67.61,2.35
20101017,27.21,0.07,69.27,1.74
20101018,27.57,16.92,71.43,1.61
20101019,27.68,9.64,73.46,1.04
20101020,26.6,0.73,80.2,1.15
20101021,27.63,7.38,75.09,0.68
20101022,26.67,0.4,78.49,1.93
20101023,27.61,1.14,72.63,1.5
20101024,28.07,0.02,67.23,1.1
20101025,28.52,0.0,68.28,0.92
20101026,27.58,8.69,75.72,0.96
20101027,26.66,11.03,82.02,0.78
20101028,25.73,17.08,82.33,0.82
20101029,25.49,13.88,83.23,1.3
20101030,25.49,4.92,82.35,0.84
20101031,24.92,8.48,88.7,0.67
20101101,25.48,11.01,81.61,0.82
20101102,25.63,0.07,81.89,1.02
20101103,26.17,17.88,82.73,0.94
20101104,25.71,11.59,86.76,1.29
20101105,25.7,39.27,85.18,0.84
20101106,24.86,10.44,83.67,1.22
20101107,23.88,0.57,87.71,1.6
20101108,25.38,0.95,85.82,1.65
20101109,25.67,3.62,85.55,0.86
20101110,25.4,19.74,87.91,1.18
20101111,25.09,13.69,86.41,1.42
20101112,25.19,9.53,82.17,0.85
20101113,25.53,2.45,86.22,1.13
20101114,25.16,0.1,85.94,1.4
20101115,25.08,0.32,86.38,1.22
20101116,24.96,24.99,87.58,1.26
20101117,24.53,8.83,89.01,1.71
20101118,24.62,5.17,88.34,1.6
20101119,24.42,3.38,87.37,1.52
20101120,24.4,26.88,88.91,1.13
20101121,24.22,12.1,85.79,0.66
20101122,23.96,41.99,86.66,1.43
20101123,24.33,7.66,88.0,0.89
20101124,23.89,15.66,91.79,1.57
20101125,23.52,20.89,93.33,2.67
20101126,23.01,14.43,93.78,2.27
20101127,22.35,11.44,92.48,1.84
20101128,23.12,28.24,93.82,2.25
20101129,23.88,2.07,90.63,2.01
20101130,23.99,11.23,91.16,2.04
20101201,23.84,9.7,95.16,1.88
20101202,24.22,16.25,91.71,1.58
20101203,23.7,11.55,93.52,2.55
20101204,22.51,1.64,92.82,2.82
20101205,21.63,3.0,91.05,2.15
20101206,22.85,0.03,80.45,1.41
20101207,24.4,7.21,81.8,0.93
20101208,24.62,10.77,88.01,1.27
20101209,24.46,0.32,89.0,0.99
20101210,24.81,0.35,82.24,1.04
20101211,24.61,0.49,80.79,0.99
20101212,24.84,3.52,81.81,0.87
20101213,24.1,0.52,84.99,0.99
20101214,24.11,3.83,87.45,1.05
20101215,23.2,12.26,91.42,1.41
20101216,24.0,6.38,89.04,1.46
20101217,24.12,2.17,89.07,1.51
20101218,23.73,0.44,89.63,2.35
20101219,21.94,1.17,87.82,2.48
20101220,23.78,3.51,89.56,2.34
20101221,22.89,1.18,90.26,3.05
20101222,20.84,0.0,84.9,2.1
20101223,20.55,0.0,85.78,1.74
20101224,20.72,0.01,86.86,1.8
20101225,21.86,0.0,85.68,2.09
20101226,22.06,0.0,86.08,2.12
20101227,21.52,0.04,85.01,1.99
20101228,20.89,2.75,90.62,1.87
20101229,21.89,0.8,93.58,2.32
20101230,23.08,0.96,89.24,2.43
20101231,23.17,0.17,88.34,2.04
20110101,23.5,0.25,87.22,1.43
20110102,23.94,0.14,88.31,1.59
20110103,23.3,0.06,89.04,1.77
20110104,22.31,1.77,91.07,2.22
20110105,22.29,0.23,90.39,2.66
20110106,22.82,0.05,87.56,2.4
20110107,23.02,0.06,87.98,2.64
20110108,24.15,0.0,86.56,2.24
20110109,24.02,0.05,83.42,1.99
20110110,23.14,0.13,85.03,1.59
20110111,22.5,0.0,79.19,1.7
20110112,20.52,0.0,83.79,1.86
20110113,20.57,0.0,83.12,2.1
20110114,21.27,0.0,86.14,2.32
20110115,22.43,1.1,87.25,2.53
20110116,23.17,0.91,88.15,2.41
20110117,23.45,0.0,86.44,1.49
20110118,22.41,0.0,83.56,1.62
20110119,20.79,0.0,81.24,1.55
20110120,21.06,0.0,82.99,1.58
20110121,21.64,0.0,84.66,1.94
20110122,21.79,0.0,83.8,2.33
20110123,22.0,0.0,84.45,2.6
20110124,21.91,0.0,82.19,2.69
20110125,21.95,0.0,81.87,2.54
20110126,22.76,0.07,83.5,2.98
20110127,23.06,0.01,81.14,2.99
20110128,23.05,0.0,83.42,2.4
20110129,23.83,0.01,81.74,2.73
20110130,23.67,0.14,82.34,2.89
20110131,23.37,0.0,80.02,3.02
20110201,23.36,0.0,78.01,2.85
20110202,22.86,0.0,76.66,3.11
20110203,23.03,0.01,79.39,2.82
20110204,23.58,0.0,76.67,2.52
20110205,23.4,0.0,74.64,2.62
20110206,23.35,0.0,76.52,2.44
20110207,24.07,0.0,76.68,2.32
20110208,23.8,0.0,69.13,1.99
20110209,23.59,0.09,73.36,1.94
20110210,23.25,0.22,69.61,2.25
20110211,22.66,0.0,74.46,2.25
20110212,23.24,0.0,72.64,2.15
20110213,22.65,0.0,69.62,2.23
20110214,23.1,0.0,71.96,1.65
20110215,24.86,0.0,70.18,1.33
20110216,25.92,0.0,71.35,1.2
20110217,26.53,0.0,72.4,1.2
20110218,26.9,0.0,72.43,1.42
20110219,27.33,0.0,72.41,1.41
20110220,27.45,0.0,71.26,1.73
20110221,27.02,0.08,73.43,1.57
20110222,26.08,2.88,77.87,1.77
20110223,26.05,6.13,76.8,1.85
20110224,25.44,16.48,80.12,1.53
20110225,26.06,0.88,73.05,1.61
20110226,25.97,1.52,72.42,1.74
20110227,25.75,0.0,68.67,2.25
20110228,25.67,0.0,69.26,2.63
20110301,25.4,0.0,69.9,2.7
20110302,25.13,0.0,66.11,2.46
20110303,25.2,0.0,67.99,2.22
20110304,26.12,0.0,69.37,1.8
20110305,27.11,0.0,67.51,1.68
20110306,26.87,0.0,63.81,1.8
20110307,26.21,0.0,59.01,2.0
20110308,27.03,0.0,54.94,2.05
20110309,27.83,0.0,50.05,1.77
20110310,27.25,0.0,51.63,1.73
20110311,26.6,0.0,53.17,1.52
20110312,27.38,0.03,62.63,2.12
20110313,28.35,0.09,65.0,2.8
20110314,28.25,0.06,64.39,3.04
20110315,27.95,0.0,59.8,2.73
20110316,27.45,0.0,61.16,2.8
20110317,27.03,0.0,59.7,2.88
20110318,26.61,0.0,63.42,2.24
20110319,28.7,0.0,61.37,1.96
20110320,29.61,0.0,61.58,1.74
20110321,30.24,0.0,57.5,1.73
20110322,30.12,0.0,58.69,2.17
20110323,29.89,0.01,56.86,1.82
20110324,29.84,0.03,56.43,1.75
20110325,30.18,0.51,60.03,1.81
20110326,30.22,0.04,57.66,2.18
20110327,30.41,0.0,57.77,1.98
20110328,30.57,0.0,53.86,1.59
20110329,30.97,0.03,51.13,1.86
20110330,30.35,0.0,51.67,2.01
20110331,30.26,0.0,51.42,1.98
20110401,31.04,0.0,46.69,2.01
20110402,31.56,0.0,48.21,2.53
20110403,32.06,0.02,47.94,1.82
20110404,32.31,0.21,45.68,1.9
20110405,31.83,0.01,45.41,2.31
20110406,30.13,0.0,51.17,2.5
20110407,29.88,0.0,48.17,2.32
20110408,30.07,0.01,51.72,2.1
20110409,31.08,1.09,53.71,2.23
20110410,29.98,1.8,60.5,2.27
20110411,30.38,0.08,58.07,2.24
20110412,30.74,0.16,56.47,2.4
20110413,31.34,0.1,54.44,2.47
20110414,31.67,0.03,52.01,1.79
20110415,30.52,0.41,55.69,2.02
20110416,30.43,0.02,53.9,2.53
20110417,30.66,0.24,53.57,1.96
20110418,30.75,0.25,53.64,2.58
20110419,29.79,0.21,57.66,1.94
20110420,29.37,1.36,54.35,2.14
20110421,29.22,3.09,58.99,1.94
20110422,27.34,13.58,76.68,2.29
20110423,25.32,17.83,87.5,2.2
20110424,27.59,8.68,73.5,1.0
20110425,26.72,3.22,78.46,1.15
20110426,28.67,0.68,68.83,1.57
20110427,29.18,0.16,69.04,1.47
20110428,28.91,0.09,68.96,1.04
20110429,30.17,0.26,64.01,1.37
20110430,30.13,0.03,63.29,1.3
20110501,30.23,0.27,62.64,1.02
20110502,30.09,0.02,62.69,1.27
20110503,29.72,18.21,67.89,1.47
20110504,29.25,0.02,66.69,2.11
20110505,28.65,0.03,67.83,1.91
20110506,30.03,0.0,63.15,1.97
20110507,31.09,0.0,57.87,1.41
20110508,31.09,0.0,50.71,1.2
20110509,30.4,0.0,51.78,1.23
20110510,30.8,0.0,55.07,1.85
20110511,30.93,0.0,54.27,1.8
20110512,30.96,0.0,54.99,1.76
20110513,31.56,0.3,53.37,1.94
20110514,32.25,0.01,52.66,1.42
20110515,32.27,0.0,53.0,1.16
20110516,31.75,0.0,54.12,2.25
20110517,31.74,0.0,52.99,2.47
20110518,31.95,0.0,53.3,1.9
20110519,30.93,1.09,57.71,2.3
20110520,29.84,20.92,67.64,1.92
20110521,29.54,0.36,67.11,1.96
20110522,30.57,0.0,58.73,1.24
20110523,31.53,0.06,56.81,0.99
20110524,31.27,0.32,60.44,1.17
20110525,30.98,0.01,62.82,1.28
20110526,30.2,0.03,62.5,1.51
20110527,30.21,0.93,61.11,1.8
20110528,29.97,0.13,59.45,2.33
20110529,29.64,0.06,58.38,2.44
20110530,30.37,1.94,63.5,2.4
20110531,29.05,22.58,68.07,3.0
20110601,28.28,3.98,70.71,2.85
20110602,27.33,1.49,72.41,4.1
20110603,27.46,2.61,75.46,1.69
20110604,28.37,1.09,72.04,2.19
20110605,28.96,0.12,66.84,2.75
20110606,29.66,0.08,60.29,2.86
20110607,29.71,0.0,59.37,2.09
20110608,29.59,0.0,60.3,2.07
20110609,29.02,0.66,66.0,2.34
20110610,29.46,0.01,64.93,2.85
20110611,29.37,0.0,63.79,2.54
20110612,29.05,0.0,65.24,2.56
20110613,28.38,0.4,59.77,3.61
20110614,27.3,0.24,64.83,3.77
20110615,28.06,0.02,57.56,3.0
20110616,27.46,0.07,63.07,3.3
20110617,27.83,0.4,57.07,3.65
20110618,28.47,0.13,53.04,3.53
20110619,29.69,0.08,57.54,3.45
20110620,30.39,0.0,54.57,3.37
20110621,29.4,0.01,55.89,2.82
20110622,29.59,0.03,55.69,3.16
20110623,31.17,0.01,52.14,2.64
20110624,31.53,0.07,51.23,3.15
20110625,30.57,0.28,55.26,3.39
20110626,30.57,0.03,53.94,4.26
20110627,29.9,0.03,50.49,4.62
20110628,29.41,0.03,46.23,4.69
20110629,31.01,0.0,42.53,2.47
20110630,31.73,0.02,42.88,1.64
20110701,31.24,2.03,49.16,1.54
20110702,30.29,0.07,49.15,2.73
20110703,30.06,0.28,49.39,2.19
20110704,30.65,0.5,46.67,3.92
20110705,27.78,13.61,55.76,3.22
20110706,28.16,0.34,59.55,3.0
20110707,28.23,16.33,61.5,2.09
20110708,27.75,0.16,64.63,2.17
20110709,27.65,14.08,68.73,1.19
20110710,28.4,0.37,61.64,1.83
20110711,28.53,0.17,65.39,2.15
20110712,27.32,0.05,61.87,3.84
20110713,27.37,0.03,54.58,4.31
20110714,27.84,0.06,50.0,4.98
20110715,27.63,0.09,54.02,4.32
20110716,28.33,0.3,59.22,4.48
20110717,28.11,0.13,61.18,3.67
20110718,28.21,0.05,61.58,3.71
20110719,28.38,0.03,58.53,3.47
20110720,28.66,0.01,57.46,4.02
20110721,29.24,0.03,54.56,3.49
20110722,28.47,0.01,56.44,3.38
20110723,28.81,0.04,58.23,3.56
20110724,27.83,0.02,59.75,3.56
20110725,28.55,0.19,56.26,1.82
20110726,29.69,0.99,51.82,2.26
20110727,28.15,0.09,54.6,3.43
20110728,28.34,4.13,55.08,2.91
20110729,26.87,0.05,59.66,3.38
20110730,27.19,0.01,63.29,1.9
20110731,29.72,0.0,57.6,2.73
20110801,30.22,0.03,53.11,3.22
20110802,30.21,0.04,54.3,3.66
20110803,28.44,0.04,60.43,3.35
20110804,29.35,0.09,54.64,3.7
20110805,28.88,2.12,55.71,3.27
20110806,29.02,0.37,54.19,3.75
20110807,29.75,0.04,54.37,3.81
20110808,28.97,7.06,62.25,2.18
20110809,29.08,1.69,62.46,1.91
20110810,30.09,0.32,56.65,2.04
20110811,29.36,0.32,58.06,2.9
20110812,29.28,0.05,54.53,2.56
20110813,29.35,0.04,55.08,1.65
20110814,29.38,0.01,51.69,1.26
20110815,28.58,18.41,62.78,1.12
20110816,28.0,0.7,67.71,1.47
20110817,27.13,11.7,72.15,1.44
20110818,27.83,0.1,67.88,2.02
20110819,28.28,0.03,64.46,1.33
20110820,28.38,1.71,67.28,1.49
20110821,28.41,0.08,63.91,1.96
20110822,28.56,0.04,62.92,1.44
20110823,29.19,0.02,61.13,2.26
20110824,27.33,9.11,66.54,2.76
20110825,27.98,0.97,66.8,2.31
20110826,28.41,0.16,63.95,1.84
20110827,28.08,0.0,63.83,2.95
20110828,28.53,0.06,62.84,2.26
20110829,27.87,0.13,63.7,3.36
20110830,27.17,0.17,60.22,3.0
20110831,28.21,1.4,62.57,2.91
20110901,28.78,0.37,61.49,3.9
20110902,28.31,3.69,67.58,2.47
20110903,28.13,0.05,65.64,2.89
20110904,29.31,0.14,61.3,2.09
20110905,30.14,0.84,57.92,2.08
20110906,28.42,0.55,60.69,2.62
20110907,29.05,0.01,58.11,2.47
20110908,28.66,18.01,66.9,1.57
20110909,28.02,3.36,69.78,1.27
20110910,28.37,2.8,66.69,1.95
20110911,28.09,0.76,64.79,2.59
20110912,27.69,25.7,66.87,1.96
20110913,27.24,0.2,57.6,3.18
20110914,27.76,0.08,59.28,2.81
20110915,27.89,5.7,64.67,2.63
20110916,28.77,0.43,64.2,1.9
20110917,28.74,0.92,64.39,1.58
20110918,28.43,0.0,65.42,1.52
20110919,29.47,0.07,61.9,1.27
20110920,29.26,0.04,63.32,1.72
20110921,27.71,8.32,66.62,2.21
20110922,28.57,0.01,63.67,1.42
20110923,28.86,0.0,58.2,1.62
20110924,29.04,2.22,61.12,0.78
20110925,29.81,0.18,62.12,0.87
20110926,30.14,4.86,60.09,0.98
20110927,29.7,0.03,61.03,0.97
20110928,29.89,0.0,59.72,0.88
20110929,29.11,6.1,61.76,1.24
20110930,27.19,27.58,77.45,1.12
20111001,26.73,5.78,80.39,0.85
20111002,27.56,4.7,75.2,0.63
20111003,28.3,3.59,70.73,0.92
20111004,28.19,5.11,71.96,1.02
20111005,27.34,6.12,73.95,1.09
20111006,27.88,3.71,71.87,1.21
20111007,27.44,2.87,75.51,0.88
20111008,28.75,0.76,68.63,0.66
20111009,28.78,2.03,67.91,0.95
20111010,28.26,0.1,71.64,0.77
20111011,27.75,1.12,72.0,1.21
20111012,26.25,14.74,77.0,0.82
20111013,26.59,12.05,79.89,1.18
20111014,27.27,4.03,77.9,0.9
20111015,26.83,2.47,80.72,1.05
20111016,25.92,11.28,87.79,0.95
20111017,25.33,8.43,85.17,1.22
20111018,25.48,24.32,85.38,1.04
20111019,26.6,2.49,80.06,0.96
20111020,27.19,0.06,75.06,1.27
20111021,27.19,0.19,74.83,1.11
20111022,26.25,4.0,82.19,1.46
20111023,24.81,2.72,85.93,1.41
20111024,25.6,5.51,83.01,1.78
20111025,24.76,10.62,85.17,2.26
20111026,24.58,9.25,88.67,3.01
20111027,25.32,9.03,85.25,2.1
20111028,24.84,5.53,87.24,2.36
20111029,23.92,23.3,89.47,2.63
20111030,23.45,14.45,93.09,2.37
20111031,24.48,7.31,89.12,2.03
20111101,24.02,10.25,94.66,2.48
20111102,23.83,2.07,89.23,1.15
20111103,24.78,17.16,81.21,0.97
20111104,24.93,1.46,78.48,0.98
20111105,25.38,3.09,84.45,1.04
20111106,25.42,4.35,87.03,0.92
20111107,25.2,1.74,86.91,1.79
20111108,22.98,0.0,81.55,1.96
20111109,22.37,0.0,79.12,1.92
20111110,22.57,0.0,75.16,1.75
20111111,23.84,0.01,79.52,1.67
20111112,24.41,0.0,84.18,1.62
20111113,24.29,0.07,81.18,1.72
20111114,24.72,0.73,85.28,2.13
20111115,24.15,0.17,81.91,2.31
20111116,23.82,3.29,80.27,2.28
20111117,24.55,5.22,85.85,2.68
20111118,25.12,4.78,85.76,2.61
20111119,23.99,2.68,83.11,3.0
20111120,23.38,0.61,82.67,3.17
20111121,24.28,0.95,82.88,3.17
20111122,24.2,0.74,82.11,3.21
20111123,24.17,1.59,82.85,3.48
20111124,24.46,15.95,89.75,3.95
20111125,24.49,32.44,93.81,4.04
20111126,24.66,25.94,93.68,4.41
20111127,24.34,13.05,93.43,2.75
20111128,24.3,7.53,91.99,1.5
20111129,24.88,1.35,88.48,1.52
20111130,24.95,2.86,90.37,2.49
20111201,24.73,2.33,87.55,1.64
20111202,24.63,0.28,86.35,1.2
20111203,24.74,0.25,81.83,0.84
20111204,24.15,0.32,85.74,1.07
20111205,23.43,0.08,84.49,1.64
20111206,22.72,0.0,85.59,2.0
20111207,22.17,0.0,83.36,2.59
20111208,22.45,0.17,84.41,2.22
20111209,24.07,0.73,87.61,1.86
20111210,24.69,0.82,86.66,1.93
20111211,24.45,0.5,87.16,1.94
20111212,23.35,0.19,89.56,2.01
20111213,23.72,1.08,87.68,2.94
20111214,23.77,1.62,87.12,3.15
20111215,23.8,2.55,87.25,2.05
20111216,23.63,0.9,82.22,2.99
20111217,22.67,0.02,78.61,2.96
20111218,22.18,3.51,83.65,3.49
20111219,22.03,2.71,84.97,2.84
20111220,21.84,0.04,82.21,2.87
20111221,22.3,0.0,80.63,2.89
20111222,22.46,0.0,78.83,2.85
20111223,22.2,0.02,80.57,2.28
20111224,22.45,0.16,78.42,2.43
20111225,22.23,0.02,78.11,2.44
20111226,22.07,0.0,72.69,2.14
20111227,23.79,0.0,59.24,1.35
20111228,24.48,0.0,54.98,0.97
20111229,25.21,0.61,60.02,1.44
20111230,25.46,11.01,78.39,2.06
20111231,24.39,4.44,84.59,3.09
20120101,23.37,0.04,78.85,1.47
20120102,24.75,0.0,79.03,1.1
20120103,25.17,0.01,79.06,1.53
20120104,25.39,0.0,81.24,2.2
20120105,25.5,0.0,80.41,2.15
20120106,24.67,0.0,79.08,2.28
20120107,23.8,0.02,79.29,2.21
20120108,24.65,1.26,81.54,2.88
20120109,25.51,0.35,79.67,1.89
20120110,25.46,0.39,76.06,1.84
20120111,24.54,2.55,77.72,1.6
20120112,24.53,0.23,75.91,2.02
20120113,24.15,0.01,76.47,2.6
20120114,23.65,0.01,73.0,2.8
20120115,21.99,0.0,70.32,2.72
20120116,21.21,0.0,70.55,2.17
20120117,21.6,0.0,69.22,1.87
20120118,22.28,0.0,64.1,1.51
20120119,23.15,0.0,65.71,1.52
20120120,23.37,0.0,66.56,1.36
20120121,23.41,0.0,69.98,1.77
20120122,22.59,0.0,70.31,2.32
20120123,22.59,0.0,70.25,2.59
20120124,23.01,0.0,65.81,2.34
20120125,22.36,0.0,68.25,2.26
20120126,23.53,0.08,66.81,2.32
20120127,24.14,0.15,71.23,1.97
20120128,24.59,0.0,70.87,2.18
20120129,24.64,0.0,67.57,2.19
20120130,24.58,0.14,66.19,2.61
20120131,23.89,0.75,68.57,2.7
20120201,23.86,0.01,66.79,3.26
20120202,23.88,0.01,69.32,3.38
20120203,25.02,0.0,65.67,3.66
20120204,25.43,0.0,63.84,2.89
20120205,25.05,0.0,68.93,2.59
20120206,24.98,0.0,73.94,2.29
20120207,27.04,0.0,65.51,2.53
20120208,26.25,0.0,69.68,1.97
20120209,26.83,0.0,71.5,1.81
20120210,26.72,0.1,68.98,2.06
20120211,26.16,0.14,69.54,1.89
20120212,26.49,0.0,63.95,2.27
20120213,26.13,0.0,66.03,2.42
20120214,26.68,0.0,66.11,2.32
20120215,26.87,0.0,63.71,1.62
20120216,27.75,0.0,60.09,1.88
20120217,26.72,0.0,64.66,1.78
20120218,25.86,0.0,63.64,2.38
20120219,25.69,0.0,63.17,2.6
20120220,25.96,0.0,57.75,2.3
20120221,26.68,0.0,56.62,2.18
20120222,26.13,0.0,54.6,2.47
20120223,25.7,0.0,56.34,2.64
20120224,25.15,0.0,53.15,2.4
20120225,26.02,0.0,49.28,2.82
20120226,26.3,0.0,48.6,2.48
20120227,27.35,0.0,50.07,2.31
20120228,28.63,0.0,56.73,2.05
20120229,30.5,0.0,54.87,2.04
20120301,30.16,0.0,58.33,2.32
20120302,30.78,0.0,52.82,2.21
20120303,31.28,0.0,50.45,2.02
20120304,30.82,0.0,51.29,2.46
20120305,29.72,0.0,57.87,2.29
20120306,30.22,0.0,51.59,1.83
20120307,30.63,0.0,48.15,1.65
20120308,30.82,0.0,49.37,1.06
20120309,30.53,0.0,46.76,1.73
20120310,30.53,0.0,49.73,1.97
20120311,29.55,0.02,53.53,2.72
20120312,27.31,1.9,66.63,2.09
20120313,28.91,0.92,63.18,2.75
20120314,29.72,0.03,58.16,2.48
20120315,30.16,0.84,57.45,2.45
20120316,30.27,0.2,55.96,1.92
20120317,30.65,0.0,50.86,2.16
20120318,30.25,0.0,47.31,2.07
20120319,30.77,0.0,43.02,2.14
20120320,30.75,0.0,45.38,2.37
20120321,30.64,0.0,50.23,2.41
20120322,30.94,0.06,50.38,2.33
20120323,30.48,0.01,49.53,1.92
20120324,29.58,0.0,44.18,2.04
20120325,28.81,0.0,44.85,2.11
20120326,28.49,0.0,45.17,2.09
20120327,29.03,0.15,58.28,2.14
20120328,30.54,0.29,54.53,2.4
20120329,29.45,0.06,58.33,1.71
20120330,31.69,0.01,48.05,1.19
20120331,31.11,6.87,52.02,2.23
20120401,28.59,13.08,69.34,1.63
20120402,28.0,0.07,66.04,1.66
20120403,28.9,0.0,59.96,1.69
20120404,29.79,0.02,57.31,1.75
20120405,30.6,0.01,54.54,1.89
20120406,31.02,0.04,53.11,2.04
20120407,30.84,0.02,56.95,2.26
20120408,30.82,0.0,57.53,2.45
20120409,31.05,0.08,55.82,2.08
20120410,31.63,0.02,53.81,2.43
20120411,31.73,0.03,53.39,2.66
20120412,31.91,0.11,51.06,2.27
20120413,30.99,0.02,54.13,2.21
20120414,28.87,0.78,65.98,1.71
20120415,29.14,0.17,63.82,2.01
20120416,30.05,0.01,60.48,1.97
20120417,32.37,0.01,48.6,1.57
20120418,32.73,0.0,45.78,2.55
20120419,31.7,0.0,51.37,2.1
20120420,30.89,0.06,53.99,2.29
20120421,32.76,0.03,46.89,2.56
20120422,32.47,0.01,48.49,2.13
20120423,32.17,0.29,50.1,1.95
20120424,29.17,28.36,69.71,1.02
20120425,26.55,4.74,80.45,1.88
20120426,27.38,9.69,76.28,1.0
20120427,28.11,2.42,74.19,1.53
20120428,28.92,0.05,67.29,2.01
20120429,28.55,1.57,70.85,1.71
20120430,29.11,0.85,70.92,1.12
20120501,29.25,5.24,70.4,1.51
20120502,29.36,0.09,67.94,1.08
20120503,29.97,0.14,65.73,1.57
20120504,28.61,0.41,71.64,2.05
20120505,29.18,0.13,63.84,2.24
20120506,30.69,0.0,56.74,1.66
20120507,31.57,4.66,56.2,1.37
20120508,29.98,23.35,69.68,0.85
20120509,30.72,1.79,61.68,1.23
20120510,29.93,20.95,65.3,1.07
20120511,29.46,5.18,70.08,0.9
20120512,29.73,0.37,67.06,1.01
20120513,30.31,0.0,63.87,1.38
20120514,29.85,0.49,67.61,1.21
20120515,29.75,1.55,68.97,1.5
20120516,30.75,0.07,64.36,1.28
20120517,30.71,0.0,64.51,1.6
20120518,28.8,0.45,71.75,1.31
20120519,30.97,0.1,64.8,1.46
20120520,29.92,0.48,67.26,0.95
20120521,28.43,0.46,66.55,2.7
20120522,28.3,0.0,67.59,1.61
20120523,29.75,0.02,61.27,1.97
20120524,30.74,0.0,58.72,2.51
20120525,28.94,0.0,65.05,2.19
20120526,26.99,0.0,72.83,2.02
20120527,29.72,0.0,64.05,2.69
20120528,30.06,0.0,62.0,2.06
20120529,28.52,0.0,68.81,2.15
20120530,29.52,0.0,64.22,1.93
20120531,29.91,0.0,61.02,2.9
20120601,29.99,0.0,55.93,2.71
20120602,31.53,0.0,55.09,2.34
20120603,30.51,10.3,62.56,2.97
20120604,29.53,0.37,67.34,2.41
20120605,29.74,0.04,57.84,3.49
20120606,28.7,0.1,57.13,3.89
20120607,28.25,0.04,60.74,3.7
20120608,29.65,0.07,54.95,3.17
20120609,29.24,0.01,54.28,3.64
20120610,29.1,0.0,58.61,2.83
20120611,30.26,0.0,54.47,2.59
20120612,30.03,0.02,54.68,3.34
20120613,28.22,5.14,57.72,2.48
20120614,27.75,11.09,67.98,2.22
20120615,29.19,1.25,63.18,2.42
20120616,28.96,2.56,63.31,3.13
20120617,27.56,6.41,60.13,4.15
20120618,27.41,0.21,60.68,3.72
20120619,28.76,0.18,61.22,3.43
20120620,27.89,0.0,63.25,3.35
20120621,27.9,0.24,63.49,2.75
20120622,28.89,0.02,60.41,2.9
20120623,30.38,0.0,56.31,2.16
20120624,30.59,0.0,56.08,1.52
20120625,30.21,0.0,57.27,1.15
20120626,29.77,0.51,59.36,1.26
20120627,29.44,0.04,55.59,2.0
20120628,27.68,0.85,63.93,1.87
20120629,28.31,0.04,62.64,2.27
20120630,28.65,0.04,58.45,3.07
20120701,28.42,0.18,58.18,3.65
20120702,27.7,0.22,60.26,3.77
20120703,29.15,0.03,53.67,4.25
20120704,29.95,0.0,54.25,3.39
20120705,30.84,0.0,52.13,2.68
20120706,30.84,0.0,51.58,2.12
20120707,30.34,0.01,54.11,2.38
20120708,30.53,0.01,52.51,2.53
20120709,29.2,0.75,59.35,2.39
20120710,29.66,0.21,55.54,3.0
20120711,30.41,0.09,51.81,3.71
20120712,30.59,0.2,52.34,3.26
20120713,30.44,9.64,56.58,2.61
20120714,28.06,1.79,67.36,1.74
20120715,28.55,0.83,64.95,1.2
20120716,27.99,0.72,67.14,0.99
20120717,28.93,5.2,66.06,0.49
20120718,29.37,0.02,58.61,1.62
20120719,28.88,0.0,58.62,2.59
20120720,29.46,0.02,59.54,3.02
20120721,29.21,0.01,58.15,3.38
20120722,30.38,0.04,53.15,4.09
20120723,30.48,0.01,53.0,3.12
20120724,30.73,0.01,52.18,2.72
20120725,30.65,0.02,52.69,3.63
20120726,30.94,0.0,50.93,3.91
20120727,30.32,0.0,51.72,3.22
20120728,30.65,0.01,51.16,3.27
20120729,29.72,0.0,54.4,2.84
20120730,30.26,0.0,51.55,2.84
20120731,29.68,0.0,53.44,2.97
20120801,30.66,0.0,49.49,2.41
20120802,30.55,0.0,51.9,3.06
20120803,31.03,0.0,50.33,3.3
20120804,30.9,0.01,49.86,3.62
20120805,30.89,0.08,51.66,3.45
20120806,30.8,0.02,49.56,3.07
20120807,30.62,2.92,48.66,2.7
20120808,29.28,1.95,59.21,2.53
20120809,28.86,0.11,60.03,2.88
20120810,29.3,0.11,56.2,3.05
20120811,28.45,15.18,64.37,2.05
20120812,27.81,0.11,69.33,1.75
20120813,28.46,0.03,65.13,1.17
20120814,28.52,0.68,60.4,1.69
20120815,28.35,4.9,65.11,1.88
20120816,27.24,16.93,73.47,1.37
20120817,26.78,5.69,73.57,2.01
20120818,27.27,0.08,66.55,2.49
20120819,28.56,0.01,56.31,2.8
20120820,29.62,0.0,56.64,1.28
20120821,29.13,8.02,61.45,0.98
20120822,28.99,0.08,63.56,1.33
20120823,29.66,0.24,62.38,1.91
20120824,28.95,21.55,67.28,0.96
20120825,27.77,0.15,72.13,1.79
20120826,27.03,0.03,71.52,2.08
20120827,28.14,0.06,60.58,2.5
20120828,28.76,0.38,61.22,2.19
20120829,27.48,0.51,68.11,2.5
20120830,26.63,0.16,73.41,1.94
20120831,27.25,0.67,71.35,2.92
20120901,28.36,0.04,62.89,2.39
20120902,29.49,0.41,58.99,2.75
20120903,28.16,0.16,68.69,2.28
20120904,27.56,0.07,62.99,3.41
20120905,29.88,0.21,58.18,1.84
20120906,29.81,2.47,62.06,1.41
20120907,29.09,2.44,63.99,1.81
20120908,28.31,1.44,61.1,2.21
20120909,27.24,2.97,66.54,2.29
20120910,27.76,0.01,57.9,2.95
20120911,28.31,0.63,54.82,2.49
20120912,29.07,0.01,55.24,2.28
20120913,29.33,0.54,60.35,1.67
20120914,29.39,0.5,61.5,2.3
20120915,28.78,1.62,62.83,2.21
20120916,29.71,0.92,54.33,2.43
20120917,29.93,4.81,59.32,1.32
20120918,29.16,5.31,63.49,1.51
20120919,29.55,0.13,61.56,1.02
20120920,30.71,0.11,56.84,1.4
20120921,30.24,0.23,57.58,1.41
20120922,30.52,0.8,57.22,2.08
20120923,30.01,0.2,57.36,1.81
20120924,30.2,7.21,58.7,1.18
20120925,29.59,0.64,58.88,1.03
20120926,29.41,1.07,60.35,0.97
20120927,27.59,10.39,72.4,1.21
20120928,27.47,8.95,72.33,1.08
20120929,28.46,1.6,64.91,1.22
20120930,28.26,4.33,66.29,1.63
20121001,27.81,0.04,63.89,2.05
20121002,28.31,0.0,63.22,2.34
20121003,29.48,0.0,60.43,1.97
20121004,29.66,0.0,59.15,1.42
20121005,30.34,0.0,56.0,1.14
20121006,30.06,0.0,57.01,1.33
20121007,28.22,27.47,72.86,1.09
20121008,27.48,5.17,76.62,0.86
20121009,27.31,6.09,74.38,1.59
20121010,28.37,1.24,68.77,1.09
20121011,28.35,1.85,70.16,1.25
20121012,26.92,1.92,79.05,1.42
20121013,26.77,0.77,77.33,1.63
20121014,25.78,24.17,84.56,1.82
20121015,25.74,8.05,82.95,1.67
20121016,25.33,11.12,84.77,1.47
20121017,25.73,14.36,81.13,1.53
20121018,25.95,10.62,81.57,2.21
20121019,24.77,25.21,90.21,2.23
20121020,23.94,7.39,90.56,3.54
20121021,24.5,16.71,91.21,2.38
20121022,25.07,10.02,89.33,2.11
20121023,25.13,10.39,89.21,2.14
20121024,25.0,7.41,88.66,1.61
20121025,25.18,0.4,86.51,1.61
20121026,25.68,0.56,85.16,1.95
20121027,25.56,1.51,83.89,2.2
20121028,25.6,4.91,84.55,2.88
20121029,25.02,5.14,86.88,2.31
20121030,24.11,3.93,87.65,1.89
20121031,24.1,16.32,84.74,2.37
20121101,24.74,0.46,89.3,3.58
20121102,25.93,0.05,81.27,1.93
20121103,26.39,0.0,74.98,1.47
20121104,25.86,0.0,76.77,1.33
20121105,25.97,0.0,78.44,1.16
20121106,25.8,1.0,81.94,1.31
20121107,25.57,1.08,84.52,1.15
20121108,25.43,2.84,84.37,0.9
20121109,25.31,1.71,85.34,1.27
20121110,25.69,0.1,82.39,1.83
20121111,25.12,0.07,79.0,1.94
20121112,24.71,0.0,79.61,2.03
20121113,24.36,0.0,76.62,2.12
20121114,23.57,0.0,69.21,2.26
20121115,23.2,0.0,69.57,1.95
20121116,23.48,0.0,70.29,2.03
20121117,24.54,0.04,73.19,1.53
20121118,25.7,0.0,70.95,0.96
20121119,26.29,0.0,75.62,1.15
20121120,26.4,0.0,73.58,1.04
20121121,27.09,0.0,72.14,1.14
20121122,27.33,1.42,74.3,0.82
20121123,26.82,7.89,81.01,1.43
20121124,25.69,4.01,82.42,2.27
20121125,24.85,4.26,88.02,2.5
20121126,24.65,0.21,84.26,2.36
20121127,25.28,0.0,77.57,2.68
20121128,24.67,0.0,73.72,2.48
20121129,24.05,0.0,72.41,2.15
20121130,23.27,0.0,73.06,1.93
20121201,23.51,0.0,70.48,2.02
20121202,23.97,0.04,71.79,2.26
20121203,25.21,1.11,79.06,2.69
20121204,25.31,0.32,84.74,2.61
20121205,25.89,0.05,77.53,2.72
20121206,26.07,4.92,81.09,3.03
20121207,25.64,0.43,78.82,2.67
20121208,25.73,0.05,78.5,2.15
20121209,25.0,1.31,74.63,1.73
20121210,24.18,0.0,74.06,1.75
20121211,24.69,0.0,75.67,1.71
20121212,25.16,0.0,74.19,1.7
20121213,25.31,0.0,72.22,1.9
20121214,24.87,0.0,73.66,2.41
20121215,24.18,0.0,74.85,2.99
20121216,24.49,0.0,70.38,3.65
20121217,24.81,0.0,67.27,4.38
20121218,24.76,0.18,71.5,3.66
20121219,24.92,0.7,73.27,2.99
20121220,25.51,0.14,75.37,3.25
20121221,25.94,0.13,72.84,3.31
20121222,25.06,0.01,69.95,3.13
20121223,25.28,0.01,67.53,3.53
20121224,25.6,0.04,69.9,3.1
20121225,25.53,0.47,74.11,3.62
20121226,25.95,2.11,75.08,3.39
20121227,24.75,3.54,82.76,3.51
20121228,24.48,1.24,86.89,2.92
20121229,25.71,1.56,84.94,3.28
20121230,26.72,0.29,78.7,2.13
20121231,26.78,0.04,72.51,2.43
20130101,26.61,0.0,70.65,2.06
20130102,25.62,0.0,66.5,1.9
20130103,26.15,0.0,70.07,2.04
20130104,26.68,0.0,70.06,1.57
20130105,26.7,0.0,70.69,1.94
20130106,26.99,0.0,69.89,2.28
20130107,26.56,0.79,66.86,2.52
20130108,25.64,4.85,78.53,2.16
20130109,25.18,0.75,77.59,2.37
20130110,25.36,0.01,69.22,2.42
20130111,25.07,0.0,68.29,2.43
20130112,24.71,0.0,66.58,2.33
20130113,24.39,0.0,62.12,2.44
20130114,23.46,0.0,65.6,1.92
20130115,24.44,0.0,67.92,2.31
20130116,24.34,0.0,67.04,2.5
20130117,24.45,0.0,65.74,2.54
20130118,24.96,0.0,65.46,2.39
20130119,25.38,0.0,61.1,2.5
20130120,25.56,0.01,64.02,2.25
20130121,26.5,0.0,62.48,2.59
20130122,25.7,0.0,56.9,2.67
20130123,26.04,0.0,62.05,2.61
20130124,26.14,0.0,61.38,2.45
20130125,25.99,0.0,59.29,2.75
20130126,25.65,0.0,57.81,2.67
20130127,25.74,0.0,61.15,2.59
20130128,26.38,0.0,59.36,2.26
20130129,26.67,0.0,59.38,1.87
20130130,26.72,0.0,60.81,2.53
20130131,26.18,0.0,59.5,3.11
20130201,25.19,0.0,55.44,2.65
20130202,25.57,0.0,59.43,2.45
20130203,25.89,0.0,59.39,2.63
20130204,26.82,0.02,62.05,2.25
20130205,27.23,0.57,68.17,2.52
20130206,27.86,0.4,63.81,2.75
20130207,28.48,0.0,55.53,2.02
20130208,28.67,0.0,60.36,2.0
20130209,28.45,0.0,59.66,2.56
20130210,27.92,0.0,57.68,3.19
20130211,27.63,0.9,60.99,3.85
20130212,27.94,0.68,60.79,3.76
20130213,26.0,3.54,73.97,2.99
20130214,25.32,8.2,76.73,2.14
20130215,25.55,1.33,73.79,1.76
20130216,27.66,0.22,65.61,1.89
20130217,29.01,0.66,59.87,1.26
20130218,28.91,2.67,63.41,1.51
20130219,26.57,5.03,76.81,2.23
20130220,27.46,0.22,65.93,2.35
20130221,27.05,0.0,59.85,2.95
20130222,26.34,0.0,60.74,2.63
20130223,26.7,0.0,60.32,2.33
20130224,26.83,0.0,59.22,2.0
20130225,26.79,0.0,55.02,1.87
20130226,26.34,0.0,52.68,2.14
20130227,27.12,0.0,51.45,2.26
20130228,28.03,0.0,51.71,2.19
20130301,28.24,0.0,50.76,2.44
20130302,27.56,0.0,52.59,2.96
20130303,27.88,0.0,50.94,2.79
20130304,27.95,1.14,59.95,3.17
20130305,26.67,11.57,76.91,3.29
20130306,26.86,5.13,77.62,2.62
20130307,27.86,0.55,71.76,3.29
20130308,26.59,2.28,75.62,2.13
20130309,27.84,0.67,71.88,1.97
20130310,28.77,0.0,63.39,1.75
20130311,28.63,0.05,59.92,2.0
20130312,28.35,0.0,55.03,1.74
20130313,28.89,0.0,49.74,1.82
20130314,28.13,0.0,56.41,1.79
20130315,28.5,0.93,61.78,2.2
20130316,28.35,1.99,62.23,2.34
20130317,29.43,0.0,57.29,2.18
20130318,29.52,0.0,53.23,2.0
20130319,29.06,0.0,56.35,1.94
20130320,30.05,0.0,55.83,2.2
20130321,29.76,0.0,52.49,2.08
20130322,29.91,0.0,44.9,2.26
20130323,29.64,0.0,43.3,2.19
20130324,29.81,0.03,49.54,2.32
20130325,30.5,0.11,51.01,1.88
20130326,31.08,0.07,53.13,2.42
20130327,31.14,0.02,54.14,2.48
20130328,31.62,0.0,52.48,2.37
20130329,32.24,0.02,52.08,2.16
20130330,31.25,0.0,57.04,2.06
20130331,31.15,0.0,57.8,2.32
20130401,31.91,0.0,51.7,2.19
20130402,32.4,0.0,50.65,2.5
20130403,31.4,0.0,55.68,2.68
20130404,32.79,0.0,50.01,2.01
20130405,33.34,0.0,45.83,1.79
20130406,33.95,0.0,44.42,2.08
20130407,33.51,0.0,47.94,2.28
20130408,32.15,0.0,53.53,2.7
20130409,31.79,0.03,55.84,3.03
20130410,31.89,0.0,50.53,2.84
20130411,31.99,0.0,50.34,2.3
20130412,31.91,0.05,53.06,2.73
20130413,32.21,0.05,51.83,2.54
20130414,31.5,0.09,56.76,2.46
20130415,30.48,4.78,59.58,1.04
20130416,32.55,0.14,50.32,1.63
20130417,33.05,0.08,49.78,1.89
20130418,32.61,0.0,48.08,1.39
20130419,33.7,0.0,41.87,2.59
20130420,33.14,0.0,46.98,1.59
20130421,32.37,0.92,49.47,2.32
20130422,32.42,0.18,49.59,2.49
20130423,32.5,0.06,50.02,2.59
20130424,31.3,4.24,56.73,1.67
20130425,30.4,1.9,61.12,2.1
20130426,29.7,0.15,64.43,1.95
20130427,31.18,0.0,57.16,2.15
20130428,32.87,0.05,50.48,1.87
20130429,32.98,1.14,50.3,1.55
20130430,31.1,0.26,60.6,2.13
20130501,30.36,1.22,59.53,1.98
20130502,31.68,0.45,55.24,2.11
20130503,32.08,0.0,53.95,2.24
20130504,32.79,0.06,52.17,1.74
20130505,31.87,0.01,54.52,1.86
20130506,31.18,0.07,56.71,1.35
20130507,31.59,4.04,55.34,1.08
20130508,32.29,2.66,52.35,1.77
20130509,32.12,0.16,50.53,2.49
20130510,32.67,0.0,47.55,2.08
20130511,33.89,0.01,45.31,2.44
20130512,32.58,0.23,47.87,2.59
20130513,28.85,0.03,60.41,1.68
20130514,30.97,0.01,52.68,2.38
20130515,32.84,0.0,44.78,2.09
20130516,31.79,0.0,46.75,1.81
20130517,33.36,0.0,43.53,1.79
20130518,33.18,0.0,43.58,1.93
20130519,33.91,0.51,43.9,2.05
20130520,32.18,0.33,52.35,2.35
20130521,32.46,0.02,43.44,2.72
20130522,33.03,0.03,46.46,3.24
20130523,32.84,0.02,48.56,3.18
20130524,32.47,0.04,51.69,3.16
20130525,31.22,3.97,51.13,3.65
20130526,28.92,0.34,56.81,3.26
20130527,29.27,0.04,60.33,2.62
20130528,28.73,0.02,60.79,2.52
20130529,29.29,0.01,58.31,1.97
20130530,29.5,17.12,60.84,1.52
20130531,27.51,4.13,71.58,2.34
20130601,27.99,0.26,66.44,2.55
20130602,28.46,0.79,61.52,3.88
20130603,29.62,0.08,58.85,3.18
20130604,29.99,0.52,57.84,2.19
20130605,30.27,0.01,55.33,2.7
20130606,29.66,1.55,60.83,1.9
20130607,28.62,0.51,63.33,2.63
20130608,27.85,0.11,65.01,2.74
20130609,29.11,0.04,56.47,3.4
20130610,29.52,0.02,53.5,3.51
20130611,29.02,0.25,57.86,3.76
20130612,28.08,0.15,55.74,4.81
20130613,29.05,0.05,51.2,5.25
20130614,29.66,0.01,55.7,4.36
20130615,30.21,0.39,54.61,4.57
20130616,29.95,0.27,55.23,4.6
20130617,28.52,0.24,55.28,4.48
20130618,28.78,0.47,53.85,3.81
20130619,29.44,0.51,55.77,4.12
20130620,29.49,0.06,53.73,3.98
20130621,29.34,0.34,54.58,4.43
20130622,28.47,0.42,52.8,4.99
20130623,29.49,0.19,52.91,5.0
20130624,29.74,0.21,56.42,4.38
20130625,29.73,0.23,57.12,3.94
20130626,29.26,0.91,58.35,3.16
20130627,30.28,0.73,53.7,2.93
20130628,29.79,0.05,50.13,2.46
20130629,30.38,0.25,49.75,1.95
20130630,30.28,0.07,51.17,3.26
20130701,28.53,0.03,50.91,4.13
20130702,28.89,0.04,49.69,4.55
20130703,28.62,0.08,52.53,4.52
20130704,29.56,0.1,53.14,4.19
20130705,29.73,0.03,52.69,3.05
20130706,30.44,0.1,49.46,3.75
20130707,29.12,0.4,55.3,3.35
20130708,29.4,0.25,54.06,3.73
20130709,28.59,0.14,55.4,3.99
20130710,28.57,0.53,54.47,4.46
20130711,28.61,0.04,51.37,4.41
20130712,29.57,0.05,51.86,4.08
20130713,28.9,0.0,52.98,3.59
20130714,30.08,0.05,52.14,3.17
20130715,29.15,0.02,56.52,3.35
20130716,29.37,0.2,53.11,4.73
20130717,29.16,0.08,53.1,3.88
20130718,29.45,0.25,53.25,4.51
20130719,29.01,0.56,56.69,4.17
20130720,28.8,0.23,56.92,3.79
20130721,28.58,0.29,55.9,4.23
20130722,28.99,0.06,55.07,4.18
20130723,28.31,0.11,54.52,4.79
20130724,28.69,0.31,55.31,5.04
20130725,28.86,0.06,54.89,4.9
20130726,28.78,0.1,54.02,4.23
20130727,29.73,0.03,53.2,3.15
20130728,30.58,0.08,52.57,3.03
20130729,28.59,0.0,50.54,4.54
20130730,29.66,0.0,46.06,4.23
20130731,29.46,0.01,51.5,5.2
20130801,29.13,0.07,54.66,4.87
20130802,29.36,0.04,52.64,4.92
20130803,29.63,0.09,50.04,4.44
20130804,28.44,7.08,57.48,4.49
20130805,27.53,4.47,60.05,4.57
20130806,27.45,0.22,61.32,3.75
20130807,28.06,0.46,60.45,2.66
20130808,28.92,0.81,59.98,1.79
20130809,27.49,7.52,68.8,2.44
20130810,27.32,35.88,74.68,1.62
20130811,27.74,0.92,69.94,1.83
20130812,27.99,0.07,65.58,2.13
20130813,27.61,0.05,66.15,2.32
20130814,27.82,0.2,61.4,3.15
20130815,28.81,0.22,61.72,1.74
20130816,28.59,2.65,64.88,1.91
20130817,28.69,3.62,64.3,1.84
20130818,28.65,1.17,65.25,2.09
20130819,28.55,0.04,62.5,1.91
20130820,29.07,0.0,60.5,2.87
20130821,28.99,0.0,60.76,2.91
20130822,28.77,0.0,59.75,2.91
20130823,29.27,0.0,59.49,2.34
20130824,28.69,0.0,59.07,2.38
20130825,29.88,0.14,57.99,1.43
20130826,29.28,7.02,63.76,1.5
20130827,28.5,28.98,69.4,1.2
20130828,28.01,28.49,73.37,0.98
20130829,27.94,5.94,72.99,1.42
20130830,27.77,0.29,74.74,1.18
20130831,28.09,0.54,73.02,1.07
20130901,27.61,0.43,73.67,1.46
20130902,27.67,0.64,73.69,1.82
20130903,27.72,6.07,71.94,2.32
20130904,26.99,3.6,72.67,1.48
20130905,27.02,12.87,74.16,1.36
20130906,24.96,12.23,83.03,1.86
20130907,26.69,0.74,73.35,1.94
20130908,26.48,5.86,74.49,1.57
20130909,26.69,0.91,71.57,1.75
20130910,26.99,6.3,72.28,1.69
20130911,27.03,6.02,74.99,1.82
20130912,26.72,1.42,75.66,1.81
20130913,26.33,0.11,78.07,1.99
20130914,28.03,0.07,71.49,1.67
20130915,27.92,0.12,70.26,2.82
20130916,27.62,0.34,74.95,2.73
20130917,27.2,3.64,74.46,2.67
20130918,27.34,0.22,70.06,2.51
20130919,27.13,0.1,67.98,3.11
20130920,27.76,0.02,68.67,3.13
20130921,27.57,0.0,70.54,2.4
20130922,28.14,0.0,65.75,2.23
20130923,28.96,0.0,62.81,1.47
20130924,29.14,0.0,63.03,0.89
20130925,29.7,2.74,61.98,1.23
20130926,29.61,0.0,63.74,0.85
20130927,30.19,0.0,60.14,0.95
20130928,29.59,0.0,60.75,1.21
20130929,29.28,0.07,60.34,1.93
20130930,28.62,0.05,62.66,1.91
20131001,29.25,0.13,63.9,1.32
20131002,29.29,0.34,64.41,1.21
20131003,28.08,1.59,69.11,1.3
20131004,28.37,0.0,61.7,1.66
20131005,28.26,0.0,56.32,1.57
20131006,28.3,0.0,63.61,1.26
20131007,29.3,0.07,62.17,1.36
20131008,27.91,15.53,74.01,0.92
20131009,26.45,0.43,71.51,1.86
20131010,27.77,2.16,67.79,1.23
20131011,28.87,0.03,64.41,1.19
20131012,28.03,0.01,62.4,2.12
20131013,29.05,0.02,62.65,2.04
20131014,29.59,0.05,61.71,0.95
20131015,29.08,10.18,68.47,0.97
20131016,27.63,23.47,79.24,0.58
20131017,26.55,4.27,82.14,1.2
20131018,25.12,6.59,87.58,0.85
20131019,25.11,43.69,87.24,0.93
20131020,24.73,13.81,85.74,0.43
20131021,24.97,18.64,85.97,0.99
20131022,25.44,4.1,87.15,0.85
20131023,26.33,0.04,81.46,1.46
20131024,26.55,0.79,78.82,1.3
20131025,26.82,2.72,79.29,1.55
20131026,26.91,0.27,77.75,1.12
20131027,27.81,0.0,71.37,0.81
20131028,26.53,0.0,73.53,0.98
20131029,26.75,0.14,74.4,1.46
20131030,26.7,0.01,74.49,1.44
20131031,25.78,2.55,82.73,1.14
20131101,25.81,0.69,81.36,1.37
20131102,25.36,6.84,88.39,1.54
20131103,25.29,3.48,86.96,1.95
20131104,24.99,5.86,85.86,1.6
20131105,25.12,9.57,87.78,2.38
20131106,25.47,3.08,83.19,2.52
20131107,25.21,0.25,81.7,2.99
20131108,25.16,0.06,77.01,2.45
20131109,24.74,0.03,76.0,2.2
20131110,25.85,0.13,74.71,2.19
20131111,26.11,0.09,75.82,2.37
20131112,25.73,1.34,77.38,1.85
20131113,24.76,0.82,73.67,1.8
20131114,25.15,0.11,74.38,1.28
20131115,24.9,2.41,75.34,2.43
20131116,24.49,16.9,81.87,3.1
20131117,24.79,13.24,85.53,1.74
20131118,25.21,4.97,84.6,2.43
20131119,25.34,1.55,81.81,1.76
20131120,25.94,3.77,74.82,1.18
20131121,26.12,2.63,77.69,1.0
20131122,26.35,0.67,78.79,0.94
20131123,26.07,2.13,79.83,1.14
20131124,25.24,5.7,83.54,0.82
20131125,25.21,1.03,82.64,1.5
20131126,25.79,0.14,78.72,1.41
20131127,25.69,0.04,78.19,1.48
20131128,25.44,0.0,76.4,1.28
20131129,25.05,0.0,76.1,1.43
20131130,24.72,1.26,80.97,2.07
20131201,24.42,8.76,87.19,2.22
20131202,23.39,12.51,89.18,2.02
20131203,23.55,7.02,87.07,2.19
20131204,23.59,2.8,87.75,2.78
20131205,24.29,0.54,81.62,2.81
20131206,24.72,0.0,75.88,2.6
20131207,24.72,0.0,72.9,2.21
20131208,26.2,0.0,76.07,1.82
20131209,25.34,0.0,80.14,1.21
20131210,25.63,0.0,78.99,1.27
20131211,26.07,0.07,74.0,1.16
20131212,25.07,31.69,79.71,2.12
20131213,24.51,12.98,89.01,2.91
20131214,24.87,1.07,84.99,1.77
20131215,24.59,0.14,82.0,2.26
20131216,21.81,0.0,74.18,2.29
20131217,21.63,0.0,79.03,2.55
20131218,22.63,0.0,79.77,2.3
20131219,23.15,0.0,79.21,1.93
20131220,23.11,0.0,79.57,1.97
20131221,22.86,0.0,77.74,1.9
20131222,22.39,0.0,76.92,2.2
20131223,22.47,0.0,75.7,2.39
20131224,23.35,0.0,77.59,2.97
20131225,23.76,0.0,73.36,2.69
20131226,23.1,0.0,75.68,2.43
20131227,23.15,0.0,73.04,2.31
20131228,23.3,0.0,71.65,1.73
20131229,22.81,0.0,71.02,2.16
20131230,22.66,0.0,69.38,2.32
20131231,23.28,0.01,72.93,2.38
20140101,23.52,0.01,74.58,2.7
20140102,23.45,0.0,73.75,2.54
20140103,23.86,0.0,75.6,2.42
20140104,23.91,0.02,72.72,2.63
20140105,24.03,0.08,70.53,2.41
20140106,24.24,0.63,71.68,2.82
20140107,24.04,5.71,78.36,3.35
20140108,23.77,3.4,82.46,2.93
20140109,24.56,0.38,76.8,2.61
20140110,24.14,0.0,72.22,2.11
20140111,23.79,0.0,72.6,1.75
20140112,24.49,0.0,71.15,1.83
20140113,24.59,0.33,74.42,2.11
20140114,25.02,0.63,73.99,2.38
20140115,24.82,0.08,71.93,1.92
20140116,25.11,0.0,71.94,2.14
20140117,24.55,0.02,70.05,2.17
20140118,24.39,0.0,67.19,2.37
20140119,24.56,0.0,72.52,2.53
20140120,24.83,0.0,67.58,2.67
20140121,24.71,0.0,66.6,2.67
20140122,24.75,0.07,69.16,2.53
20140123,25.03,0.04,68.34,2.27
20140124,25.44,0.04,67.81,2.22
20140125,25.01,0.0,67.19,2.69
20140126,24.22,0.0,65.77,3.17
20140127,24.25,0.0,66.45,2.94
20140128,24.75,0.0,63.57,2.63
20140129,24.6,0.0,60.28,2.5
20140130,24.86,0.0,61.52,2.59
20140131,25.39,0.0,65.15,2.69
20140201,26.0,0.01,65.49,2.92
20140202,25.81,0.11,66.43,3.04
20140203,25.08,0.0,64.05,2.33
20140204,24.57,0.0,63.22,1.86
20140205,24.47,0.0,60.67,1.94
20140206,24.59,0.0,62.46,2.06
20140207,24.54,0.0,60.69,2.02
20140208,24.7,0.0,61.3,2.01
20140209,24.91,0.0,56.72,1.43
20140210,25.93,0.0,54.86,1.76
20140211,26.21,0.0,55.92,1.62
20140212,27.11,0.0,53.74,1.53
20140213,27.32,0.0,58.94,1.91
20140214,27.91,0.0,59.0,1.85
20140215,28.33,0.01,58.28,1.67
20140216,28.95,0.01,58.58,1.98
20140217,29.31,0.0,60.75,2.17
20140218,28.4,0.0,60.65,3.29
20140219,28.13,0.0,59.17,2.68
20140220,28.02,0.02,60.3,2.71
20140221,27.81,0.15,56.35,2.63
20140222,27.62,0.06,55.44,2.21
20140223,27.24,0.0,53.61,2.36
20140224,26.38,2.82,71.08,3.44
20140225,26.97,0.33,66.14,3.28
20140226,27.43,0.0,56.69,2.47
20140227,27.7,0.31,59.96,2.19
20140228,28.42,0.52,60.49,2.34
20140301,28.54,0.06,57.78,2.52
20140302,28.17,0.02,57.4,2.22
20140303,28.69,0.02,57.53,2.68
20140304,28.93,0.18,59.19,2.88
20140305,28.19,0.66,60.46,2.8
20140306,29.06,0.37,56.26,2.87
20140307,28.28,0.03,57.99,2.82
20140308,28.38,0.0,59.23,2.81
20140309,28.34,0.0,56.17,3.21
20140310,28.95,0.0,54.2,3.01
20140311,28.32,0.0,54.73,3.25
20140312,27.69,0.0,54.97,2.76
20140313,27.51,0.0,58.8,2.65
20140314,27.77,0.0,55.59,2.59
20140315,27.39,0.0,51.32,2.56
20140316,27.85,0.0,50.74,2.78
20140317,28.58,0.0,55.4,2.88
20140318,29.9,0.0,51.48,2.77
20140319,29.55,0.0,55.28,2.57
20140320,30.48,0.08,56.45,2.28
20140321,30.67,0.01,49.53,1.91
20140322,31.13,0.0,45.43,2.09
20140323,30.56,0.0,46.25,2.07
20140324,29.95,0.0,48.3,2.02
20140325,29.46,0.0,47.06,2.11
20140326,28.81,0.0,51.24,2.52
20140327,28.76,0.0,53.12,2.07
20140328,28.91,0.0,47.09,1.9
20140329,30.06,0.0,39.08,1.9
20140330,30.09,0.0,35.73,1.89
20140331,30.84,0.0,35.78,2.14
20140401,31.5,0.0,42.72,2.15
20140402,31.71,0.0,44.18,2.51
20140403,30.5,0.0,56.48,1.93
20140404,30.71,0.0,51.36,2.02
20140405,30.91,0.0,54.59,2.26
20140406,30.32,0.01,57.01,2.34
20140407,30.74,0.06,54.19,2.26
20140408,31.48,0.01,49.44,1.9
20140409,32.55,0.0,45.15,1.96
20140410,31.56,0.0,50.8,2.25
20140411,32.02,0.0,42.7,1.33
20140412,33.03,0.08,43.71,2.15
20140413,32.32,0.01,49.49,2.33
20140414,30.11,0.06,60.41,2.31
20140415,29.33,0.03,59.64,1.7
20140416,31.42,0.01,48.47,2.22
20140417,32.89,0.01,45.63,2.08
20140418,32.15,0.0,48.2,2.3
20140419,30.87,0.02,55.59,2.27
20140420,31.21,0.0,53.46,2.1
20140421,31.03,0.0,54.42,2.03
20140422,30.36,0.02,55.48,1.81
20140423,30.81,4.56,56.42,2.11
20140424,31.35,0.54,55.08,1.63
20140425,32.3,0.02,52.21,1.97
20140426,31.31,0.0,56.08,1.8
20140427,31.73,0.14,55.84,2.36
20140428,31.51,0.02,55.87,1.29
20140429,30.35,0.14,52.02,1.95
20140430,30.52,7.27,50.62,2.25
20140501,29.67,1.43,58.62,1.69
20140502,30.32,0.73,59.87,2.18
20140503,30.2,0.98,63.43,1.92
20140504,28.86,9.53,71.9,1.72
20140505,27.23,9.45,79.46,1.84
20140506,25.89,34.35,87.29,2.36
20140507,25.84,40.03,88.9,4.22
20140508,26.88,6.37,81.47,4.01
20140509,28.13,0.22,78.5,2.36
20140510,29.31,0.0,70.45,1.53
20140511,29.17,0.02,70.9,1.47
20140512,29.11,12.03,75.08,1.07
20140513,28.83,8.83,74.94,1.18
20140514,29.58,0.34,69.26,1.31
20140515,28.64,0.0,69.66,1.71
20140516,29.47,0.0,63.37,1.51
20140517,28.81,0.0,63.33,1.43
20140518,29.79,0.0,64.78,1.72
20140519,30.11,0.05,65.74,1.42
20140520,29.83,6.85,70.31,1.24
20140521,29.12,6.87,67.31,1.93
20140522,30.13,0.21,65.28,1.85
20140523,30.0,0.62,66.39,1.8
20140524,28.98,4.65,72.56,1.7
20140525,28.4,0.03,71.63,2.21
20140526,29.46,10.97,68.31,1.84
20140527,29.63,0.36,66.53,1.71
20140528,29.5,7.35,72.22,1.64
20140529,29.46,0.29,70.37,1.53
20140530,29.85,0.0,67.13,1.41
20140531,31.17,0.0,63.1,1.35
20140601,30.79,6.44,68.36,1.6
20140602,29.16,3.47,71.91,1.72
20140603,27.61,0.12,74.21,1.23
20140604,29.76,0.01,65.14,1.81
20140605,29.73,0.12,66.43,1.69
20140606,29.87,0.04,66.04,2.0
20140607,29.88,0.08,61.59,3.58
20140608,30.53,0.08,56.69,3.87
20140609,28.94,0.05,67.89,2.3
20140610,28.43,0.06,69.98,2.76
20140611,29.07,0.1,63.23,3.2
20140612,29.24,0.03,62.87,2.89
20140613,28.72,0.04,61.4,2.84
20140614,29.36,0.32,62.52,2.65
20140615,29.48,0.0,56.84,3.06
20140616,29.74,0.0,59.59,3.0
20140617,29.99,0.03,59.65,3.54
20140618,29.62,0.15,61.75,3.54
20140619,29.45,0.1,62.83,3.36
20140620,29.47,0.0,63.31,3.38
20140621,30.04,0.28,56.04,4.4
20140622,29.56,0.36,57.36,3.23
20140623,30.12,0.0,58.21,3.24
20140624,30.83,0.0,57.32,3.59
20140625,30.23,0.0,56.95,3.55
20140626,30.56,0.0,57.89,1.57
20140627,30.54,0.0,60.75,1.29
20140628,29.87,0.8,64.69,1.22
20140629,30.98,0.27,58.33,1.93
20140630,29.92,10.89,61.43,2.08
20140701,28.79,0.53,69.4,2.03
20140702,29.42,0.0,62.38,2.04
20140703,29.52,0.0,58.93,2.58
20140704,30.1,0.14,57.84,2.96
20140705,30.12,0.43,60.17,2.45
20140706,30.2,1.12,54.65,2.55
20140707,28.65,2.8,57.18,3.26
20140708,28.26,0.01,56.84,3.46
20140709,28.96,0.05,53.03,3.73
20140710,28.98,0.11,55.86,4.37
20140711,28.66,0.01,61.3,3.72
20140712,29.16,0.01,58.56,4.38
20140713,29.32,0.12,54.56,5.03
20140714,29.33,0.11,52.82,4.88
20140715,29.08,0.43,54.88,4.2
20140716,29.0,0.0,55.7,3.62
20140717,29.57,0.0,55.14,2.83
20140718,30.12,0.04,52.45,3.36
20140719,30.47,0.04,51.86,4.37
20140720,30.43,0.07,52.63,4.37
20140721,29.55,0.14,55.64,4.08
20140722,29.46,0.04,52.8,4.6
20140723,29.02,0.31,52.39,5.33
20140724,29.87,0.04,44.93,4.58
20140725,28.94,0.05,51.66,4.19
20140726,30.43,0.09,47.75,4.49
20140727,29.82,0.02,53.42,3.94
20140728,29.76,0.02,53.25,4.47
20140729,30.48,0.01,50.38,4.37
20140730,30.74,0.01,50.96,4.24
20140731,30.18,0.6,53.68,3.81
20140801,29.7,0.47,58.38,3.75
20140802,29.31,0.11,55.6,3.49
20140803,29.89,0.17,54.86,3.9
20140804,29.42,0.18,50.84,4.84
20140805,29.73,0.06,51.23,4.6
20140806,30.18,0.81,50.78,3.51
20140807,30.2,0.36,50.21,2.79
20140808,30.09,1.02,51.52,3.15
20140809,28.33,13.26,62.19,1.54
20140810,27.73,4.54,65.14,2.05
20140811,27.94,0.59,64.41,2.1
20140812,27.61,0.03,67.96,1.65
20140813,27.29,0.19,67.06,1.4
20140814,27.54,0.16,66.65,1.52
20140815,26.93,2.28,70.75,1.18
20140816,26.52,19.12,72.34,1.71
20140817,27.01,4.53,71.68,1.19
20140818,26.79,39.61,77.79,1.36
20140819,27.53,2.95,75.35,1.13
20140820,28.26,0.34,70.71,1.82
20140821,28.6,0.34,70.89,1.62
20140822,27.51,6.45,77.15,1.84
20140823,26.99,10.81,76.07,3.46
20140824,27.29,2.4,74.87,2.14
20140825,27.91,0.01,67.68,1.73
20140826,27.37,0.0,69.61,2.3
20140827,26.97,0.01,70.38,2.49
20140828,27.49,0.08,67.92,2.86
20140829,27.59,0.34,67.77,2.92
20140830,28.01,0.52,64.8,3.68
20140831,27.46,0.19,66.32,2.93
20140901,27.92,0.15,69.16,2.95
20140902,27.98,2.35,69.84,2.5
20140903,26.92,0.49,69.01,2.65
20140904,28.37,0.05,63.74,1.6
20140905,27.78,2.96,62.71,2.3
20140906,27.66,0.07,61.35,3.0
20140907,26.68,0.1,66.91,2.93
20140908,28.42,0.0,63.0,2.73
20140909,28.52,0.17,62.14,2.31
20140910,29.22,0.44,60.6,1.84
20140911,29.5,0.0,58.12,1.64
20140912,27.61,19.02,68.02,1.81
20140913,28.63,0.06,64.76,1.57
20140914,28.6,1.7,66.94,1.86
20140915,28.63,0.02,64.42,2.04
20140916,28.07,0.0,64.3,2.3
20140917,29.3,0.0,61.44,2.72
20140918,28.58,0.0,61.75,2.44
20140919,29.28,0.0,60.76,2.09
20140920,29.51,0.0,58.5,2.21
20140921,29.47,0.11,61.19,1.28
20140922,29.12,1.09,67.26,1.48
20140923,29.74,4.84,68.31,0.77
20140924,28.87,3.11,72.89,0.8
20140925,28.19,4.41,73.24,1.52
20140926,27.84,3.51,74.15,1.36
20140927,26.71,8.59,81.28,1.32
20140928,26.19,8.64,82.54,1.31
20140929,26.81,6.58,80.02,1.32
20140930,26.63,10.99,81.53,1.36
20141001,27.42,1.32,75.34,1.23
20141002,28.37,0.09,68.37,1.53
20141003,28.38,0.02,67.15,1.16
20141004,27.73,0.23,71.86,0.73
20141005,28.26,1.68,71.77,1.06
20141006,28.39,8.46,71.14,1.03
20141007,27.61,3.01,72.74,1.46
20141008,28.01,2.68,70.07,1.23
20141009,28.08,4.66,72.49,1.06
20141010,27.85,0.44,75.69,0.91
20141011,28.13,0.0,61.17,2.32
20141012,27.97,0.17,62.0,1.68
20141013,28.68,0.51,68.51,1.46
20141014,27.81,0.41,76.9,1.33
20141015,27.13,7.02,79.24,1.7
20141016,27.0,8.72,75.41,1.79
20141017,25.05,28.52,80.11,1.14
20141018,24.57,14.69,87.63,2.67
20141019,24.46,17.17,85.89,2.31
20141020,24.44,9.69,86.59,1.91
20141021,24.27,9.01,86.09,2.2
20141022,24.61,10.06,86.17,2.09
20141023,25.27,6.21,85.35,1.5
20141024,25.61,0.86,81.94,1.2
20141025,26.05,24.99,85.54,1.38
20141026,25.21,5.65,89.1,0.73
20141027,25.43,7.89,86.5,1.2
20141028,25.81,2.59,84.15,1.09
20141029,24.85,8.61,87.83,0.92
20141030,24.77,2.72,88.39,1.62
20141031,24.69,0.01,79.95,1.4
20141101,24.39,41.63,84.13,1.04
20141102,24.85,31.05,83.79,1.28
20141103,24.61,20.69,82.95,1.39
20141104,23.62,2.28,84.37,0.93
20141105,25.41,0.01,77.11,1.45
20141106,25.04,0.0,67.44,1.48
20141107,25.47,0.0,65.5,0.95
20141108,25.43,0.0,76.97,0.87
20141109,25.92,0.53,82.68,0.78
20141110,25.61,0.26,84.42,1.39
20141111,25.52,3.14,86.03,1.51
20141112,24.94,3.58,87.89,2.3
20141113,24.24,10.13,90.77,1.48
20141114,25.11,6.7,90.54,1.92
20141115,25.15,8.37,88.27,2.17
20141116,24.39,1.96,88.61,2.11
20141117,24.23,1.95,87.37,2.7
20141118,24.1,7.97,88.85,2.91
20141119,24.49,3.83,89.08,3.08
20141120,24.06,3.43,87.92,2.8
20141121,23.59,9.13,90.56,2.38
20141122,24.2,3.71,88.03,2.16
20141123,23.66,2.38,90.59,2.3
20141124,23.73,0.68,87.33,3.05
20141125,22.71,0.12,84.71,2.76
20141126,22.75,0.6,86.25,2.4
20141127,22.81,11.31,88.64,2.09
20141128,21.02,8.63,87.85,2.13
20141129,20.54,7.06,84.12,2.17
20141130,21.43,2.11,85.38,3.38
20141201,22.59,5.29,90.51,3.21
20141202,23.49,0.11,86.75,2.94
20141203,22.67,0.0,81.55,2.17
20141204,21.46,0.0,84.03,1.87
20141205,21.32,0.0,83.75,1.84
20141206,22.24,0.0,84.9,1.98
20141207,23.7,0.07,87.66,1.83
20141208,24.45,1.16,88.04,1.96
20141209,24.14,0.86,88.3,1.74
20141210,24.2,5.94,89.72,1.76
20141211,23.71,0.47,88.94,1.52
20141212,23.9,1.99,89.02,1.79
20141213,23.93,0.67,88.53,1.89
20141214,24.18,1.34,87.95,1.98
20141215,24.26,0.05,84.59,1.88
20141216,24.77,1.7,88.43,2.83
20141217,24.16,4.92,89.14,3.55
20141218,23.96,3.28,88.9,3.59
20141219,24.1,2.07,87.83,3.67
20141220,22.4,0.19,87.06,2.74
20141221,23.26,0.01,82.18,2.27
20141222,23.58,0.0,83.23,2.62
20141223,24.38,0.22,82.79,2.45
20141224,24.5,0.43,83.42,2.81
20141225,24.09,0.0,79.61,2.54
20141226,22.53,0.0,74.08,2.34
20141227,22.58,0.43,76.34,2.31
20141228,22.29,3.05,86.41,2.24
20141229,24.6,2.75,81.63,2.29
20141230,25.75,0.1,76.07,1.46
20141231,24.63,7.44,87.57,1.93
20150101,25.97,3.08,82.08,1.82
20150102,25.08,0.0,76.53,1.34
20150103,24.3,0.0,75.08,1.23
20150104,24.9,0.0,79.61,1.32
20150105,24.59,0.0,78.88,1.76
20150106,24.46,0.0,77.93,1.6
20150107,23.84,0.0,77.8,1.68
20150108,24.23,0.0,77.66,1.47
20150109,24.06,0.0,78.98,1.96
20150110,23.32,0.0,72.12,2.42
20150111,21.87,0.0,71.68,2.62
20150112,21.75,0.0,69.75,2.31
20150113,21.79,0.0,71.14,2.31
20150114,22.35,0.0,72.3,1.97
20150115,22.31,0.0,70.64,1.9
20150116,23.71,0.0,76.72,2.03
20150117,24.39,0.0,76.96,2.35
20150118,24.01,0.0,74.22,2.26
20150119,23.51,0.01,71.23,2.29
20150120,23.03,0.0,73.48,2.03
20150121,22.84,0.02,73.37,2.45
20150122,23.65,0.14,74.14,2.29
20150123,25.01,0.37,75.31,2.33
20150124,24.92,0.13,74.75,2.51
20150125,24.89,0.0,67.59,2.7
20150126,24.02,0.0,71.63,2.64
20150127,24.47,0.0,72.93,2.7
20150128,25.14,0.0,72.72,2.49
20150129,25.41,0.0,70.95,2.19
20150130,25.39,0.0,70.41,2.09
20150131,25.05,0.0,64.78,2.65
20150201,24.57,0.0,70.02,2.39
20150202,24.39,0.0,67.25,2.86
20150203,24.77,0.0,67.97,3.3
20150204,23.68,0.57,74.05,2.77
20150205,25.18,0.16,69.1,2.82
20150206,24.87,0.01,68.78,2.56
20150207,24.96,0.05,66.62,2.3
20150208,25.22,0.0,62.32,2.24
20150209,25.34,0.0,65.58,2.45
20150210,24.99,0.0,68.34,2.56
20150211,26.21,0.0,67.38,2.57
20150212,26.9,0.02,66.59,2.81
20150213,27.07,0.01,65.8,2.3
20150214,26.67,0.0,62.71,2.03
20150215,26.17,0.0,59.0,2.12
20150216,25.65,0.0,59.95,2.08
20150217,25.31,0.0,57.34,1.68
20150218,25.29,0.0,55.1,1.66
20150219,25.62,0.0,55.14,1.74
20150220,25.39,0.0,59.16,2.46
20150221,25.46,0.0,61.56,2.66
20150222,25.45,0.0,57.65,2.77
20150223,25.66,0.0,57.49,2.43
20150224,26.35,0.0,57.26,2.14
20150225,27.77,0.0,61.74,2.16
20150226,28.55,1.55,63.38,1.79
20150227,28.2,1.66,67.34,1.75
20150228,28.53,0.2,64.18,2.19
20150301,28.88,0.01,62.02,2.38
20150302,29.39,0.1,62.27,2.22
20150303,29.28,0.16,59.4,2.38
20150304,28.38,0.05,53.55,1.39
20150305,29.46,0.0,57.0,2.11
20150306,29.94,0.58,57.79,2.1
20150307,29.36,1.55,59.44,2.37
20150308,28.55,0.51,59.1,2.34
20150309,28.74,0.02,59.92,2.37
20150310,28.23,0.0,54.29,2.37
20150311,27.79,0.0,57.18,2.76
20150312,28.8,0.0,58.78,3.31
20150313,28.94,0.01,58.39,3.24
20150314,28.11,3.02,62.31,2.82
20150315,27.93,2.33,69.25,2.42
20150316,27.71,4.49,70.66,2.32
20150317,27.11,1.54,65.01,1.75
20150318,27.31,0.0,56.04,1.53
20150319,27.44,0.0,49.88,1.46
20150320,28.2,0.0,56.75,1.84
20150321,28.55,0.0,56.04,2.18
20150322,28.98,0.0,54.64,1.92
20150323,29.94,0.0,51.17,1.92
20150324,30.35,0.0,53.24,2.14
20150325,29.44,0.0,56.45,2.17
20150326,29.48,0.0,54.2,2.27
20150327,29.52,0.01,54.84,2.49
20150328,29.62,0.18,58.12,2.58
20150329,30.29,0.37,57.65,2.63
20150330,30.45,0.11,55.28,2.48
20150331,30.14,0.68,58.23,2.01
20150401,29.39,14.64,66.78,1.98
20150402,29.25,3.18,67.31,1.85
20150403,30.95,0.07,59.53,1.41
20150404,30.98,0.06,60.62,1.41
20150405,30.56,0.0,61.73,2.3
20150406,30.12,0.07,63.67,2.26
20150407,29.49,0.26,66.1,2.09
20150408,28.44,0.64,64.03,1.06
20150409,28.46,0.54,60.86,1.76
20150410,28.9,0.4,67.53,1.49
20150411,30.35,1.13,60.4,2.06
20150412,28.67,3.68,68.67,1.27
20150413,26.83,3.7,71.86,1.92
20150414,27.36,1.83,68.08,1.3
20150415,26.46,31.26,80.48,2.23
20150416,26.8,17.22,80.57,1.4
20150417,27.54,22.97,74.95,1.09
20150418,28.18,6.93,71.92,1.32
20150419,28.62,0.11,71.41,1.32
20150420,28.58,2.57,72.06,1.73
20150421,27.62,2.8,76.19,1.56
20150422,26.84,1.03,78.2,1.1
20150423,29.01,1.12,67.13,1.63
20150424,28.78,3.38,69.89,1.39
20150425,27.08,6.6,71.99,1.19
20150426,28.29,1.4,64.33,1.68
20150427,28.19,0.15,70.78,1.58
20150428,28.81,0.01,69.31,1.59
20150429,29.55,0.14,66.0,2.02
20150430,30.47,0.1,63.36,1.53
20150501,29.76,0.0,65.07,1.98
20150502,30.28,0.0,61.2,1.43
20150503,30.28,0.0,63.78,1.58
20150504,29.38,1.15,69.37,1.42
20150505,29.01,3.81,69.98,1.25
20150506,28.11,6.56,75.1,1.13
20150507,27.75,10.71,77.14,1.36
20150508,29.4,12.37,69.38,1.26
20150509,28.77,13.73,74.18,0.92
20150510,28.74,2.49,68.88,1.47
20150511,27.03,12.8,71.6,1.57
20150512,27.66,19.01,65.03,1.08
20150513,26.69,13.03,76.12,1.36
20150514,27.29,13.53,78.57,1.22
20150515,26.19,29.37,88.66,1.24
20150516,26.77,3.86,87.75,2.04
20150517,26.1,8.18,90.75,2.65
20150518,27.57,3.12,80.15,2.08
20150519,27.83,0.9,78.26,2.34
20150520,28.31,0.15,74.79,2.35
20150521,28.83,0.02,72.29,2.59
20150522,29.0,0.0,72.78,2.77
20150523,29.0,0.24,72.9,2.34
20150524,29.19,0.06,68.2,1.84
20150525,29.58,0.0,67.61,1.84
20150526,29.73,0.0,67.7,2.47
20150527,28.56,3.78,72.47,1.97
20150528,28.23,2.36,67.4,1.89
20150529,29.37,0.3,67.73,1.48
20150530,28.67,13.79,74.87,1.76
20150531,28.56,2.52,73.98,1.73
20150601,28.58,0.17,70.77,2.33
20150602,28.04,28.78,75.53,1.29
20150603,28.21,2.18,77.12,1.24
20150604,28.01,1.02,78.88,0.96
20150605,26.93,9.61,83.84,1.16
20150606,28.71,0.05,71.29,0.79
20150607,28.43,0.8,72.0,2.39
20150608,27.77,0.65,72.6,2.42
20150609,28.43,0.08,71.13,1.5
20150610,27.89,0.54,76.58,1.39
20150611,28.23,1.31,73.43,1.8
20150612,27.84,0.07,73.04,1.9
20150613,27.56,4.08,73.92,2.05
20150614,27.79,0.27,69.23,2.24
20150615,27.88,0.43,65.32,2.87
20150616,26.4,0.56,68.09,2.89
20150617,26.61,0.48,68.97,2.79
20150618,27.06,1.12,69.93,2.85
20150619,27.87,0.9,66.77,3.64
20150620,28.54,0.36,65.66,3.91
20150621,28.13,1.02,67.27,4.16
20150622,28.74,0.36,67.08,3.57
20150623,28.09,0.79,73.75,2.82
20150624,28.74,0.22,70.07,3.12
20150625,28.33,0.55,73.17,2.87
20150626,27.0,1.59,63.02,4.55
20150627,27.81,0.8,62.72,3.99
20150628,29.11,0.59,67.12,2.39
20150629,27.76,1.35,69.97,3.43
20150630,28.8,10.61,59.71,2.95
20150701,27.9,14.76,74.48,2.01
20150702,29.19,0.04,65.76,2.19
20150703,29.25,0.09,66.41,2.17
20150704,29.12,0.22,67.09,2.46
20150705,29.46,0.04,64.9,3.14
20150706,28.55,0.0,63.41,3.69
20150707,28.21,0.02,63.81,3.06
20150708,28.24,0.18,64.8,2.88
20150709,29.76,0.13,61.64,3.17
20150710,29.06,0.44,65.57,2.96
20150711,28.54,0.24,67.42,2.79
20150712,29.19,0.03,61.12,2.77
20150713,29.4,0.09,61.18,2.53
20150714,29.73,0.27,62.6,3.0
20150715,29.04,0.31,65.81,2.96
20150716,29.34,0.14,61.07,3.53
20150717,28.12,1.34,59.91,4.51
20150718,28.52,0.28,57.59,4.6
20150719,27.33,1.64,62.62,3.7
20150720,27.8,0.41,64.2,2.77
20150721,28.59,3.24,65.88,2.56
20150722,28.32,1.03,65.23,2.67
20150723,28.24,1.28,64.97,1.93
20150724,28.13,0.21,66.93,2.17
20150725,28.23,0.2,63.99,1.92
20150726,27.76,0.02,62.06,2.15
20150727,29.16,0.08,57.02,2.16
20150728,29.21,8.82,62.21,1.52
20150729,28.71,3.68,63.69,1.18
20150730,28.63,0.0,62.43,1.77
20150731,29.25,0.02,60.27,1.81
20150801,28.82,0.97,63.05,1.87
20150802,28.92,1.02,62.94,1.61
20150803,28.21,2.11,66.33,2.08
20150804,29.16,0.28,60.75,2.55
20150805,28.6,0.06,59.48,3.36
20150806,29.38,0.03,56.47,3.13
20150807,28.23,0.04,62.96,2.71
20150808,29.65,0.66,60.55,2.37
20150809,29.5,0.13,59.83,3.34
20150810,29.08,0.98,60.07,3.44
20150811,29.54,0.08,61.11,2.42
20150812,29.45,0.09,59.04,3.05
20150813,28.65,0.58,64.24,2.56
20150814,30.27,0.64,56.75,2.53
20150815,29.92,1.51,61.85,1.86
20150816,27.3,25.32,75.97,1.79
20150817,28.62,4.71,69.0,1.59
20150818,28.24,4.81,72.16,2.13
20150819,27.49,3.02,74.3,2.52
20150820,27.84,0.03,70.2,2.52
20150821,28.62,4.85,69.19,2.33
20150822,28.63,5.06,68.76,1.33
20150823,28.64,1.01,61.15,1.91
20150824,28.62,0.18,60.64,1.65
20150825,29.19,0.02,58.07,2.05
20150826,29.12,0.0,58.35,1.92
20150827,28.45,0.01,63.8,2.27
20150828,29.39,0.0,59.45,2.15
20150829,30.31,0.0,60.11,1.96
20150830,30.89,0.0,55.4,1.28
20150831,30.93,0.0,55.06,1.2
20150901,30.36,1.67,61.19,1.05
20150902,28.3,15.55,70.39,1.58
20150903,28.43,8.82,70.18,0.79
20150904,27.83,0.36,71.89,1.34
20150905,27.78,4.77,73.2,2.25
20150906,26.91,1.82,76.74,2.59
20150907,26.36,0.91,74.88,2.62
20150908,27.57,0.55,63.97,2.96
20150909,27.46,0.82,67.12,2.69
20150910,28.02,0.6,67.97,2.54
20150911,27.71,0.68,71.27,2.24
20150912,29.22,0.31,63.45,2.4
20150913,28.96,0.01,63.01,2.26
20150914,29.56,0.03,59.42,3.12
20150915,28.51,0.25,65.84,2.98
20150916,29.31,0.95,62.81,3.5
20150917,28.49,0.28,60.28,3.14
20150918,29.17,0.31,61.0,2.06
20150919,29.12,0.44,64.54,2.01
20150920,28.92,0.42,66.89,1.69
20150921,28.29,0.02,63.42,1.43
20150922,30.62,0.07,60.53,1.08
20150923,29.15,0.9,67.38,1.19
20150924,29.27,0.54,64.58,2.35
20150925,30.31,0.77,61.47,1.59
20150926,31.1,1.39,58.28,1.75
20150927,26.94,47.98,82.36,1.14
20150928,27.28,6.03,76.33,1.6
20150929,25.83,47.74,87.27,1.57
20150930,25.97,4.17,80.96,1.43
20151001,25.68,2.76,83.05,2.04
20151002,26.23,6.85,81.98,2.2
20151003,28.03,1.81,74.15,1.33
20151004,27.05,1.38,77.97,1.33
20151005,26.51,6.46,81.25,1.04
20151006,27.73,3.83,69.59,1.55
20151007,27.34,3.12,72.93,1.93
20151008,27.08,2.15,75.81,2.28
20151009,27.09,0.98,73.18,2.25
20151010,27.28,1.54,75.79,1.86
20151011,27.72,3.79,75.21,0.94
20151012,26.03,10.2,87.17,1.27
20151013,26.8,0.4,76.28,1.27
20151014,27.05,1.1,74.71,1.41
20151015,27.03,0.23,73.02,1.21
20151016,27.24,0.06,71.07,1.51
20151017,27.04,0.1,74.27,1.89
20151018,26.41,7.61,84.75,1.66
20151019,26.41,6.54,85.51,1.54
20151020,26.89,1.71,80.29,1.56
20151021,27.46,0.11,75.22,1.71
20151022,27.43,0.15,73.45,1.54
20151023,27.48,0.36,70.65,1.36
20151024,26.94,4.42,78.55,1.94
20151025,26.3,2.06,73.07,2.52
20151026,26.36,0.06,71.29,2.19
20151027,25.91,1.36,73.44,1.41
20151028,25.35,5.97,82.78,1.55
20151029,26.28,0.73,75.16,1.87
20151030,25.75,5.37,81.16,1.57
20151031,24.78,11.49,90.15,1.61
20151101,25.31,11.63,88.35,2.43
20151102,24.99,12.71,87.18,1.43
20151103,26.11,8.49,82.18,1.13
20151104,26.01,16.11,84.51,1.36
20151105,25.9,12.0,84.91,0.93
20151106,25.77,4.81,84.53,1.68
20151107,25.1,11.03,89.14,2.12
20151108,24.62,7.87,90.33,1.85
20151109,25.1,5.25,86.71,2.0
20151110,26.6,2.69,79.64,1.56
20151111,25.36,1.79,83.64,1.16
20151112,25.71,3.12,84.58,1.15
20151113,23.94,9.68,88.99,1.95
20151114,23.83,3.63,90.27,2.13
20151115,24.29,6.98,88.19,1.8
20151116,24.51,4.25,87.32,1.38
20151117,25.13,4.5,88.1,1.22
20151118,24.68,13.7,93.63,1.8
20151119,24.77,2.5,92.13,1.48
20151120,24.78,4.89,91.26,1.69
20151121,24.7,5.77,87.3,2.08
20151122,24.8,23.21,91.4,2.63
20151123,24.55,5.29,89.49,1.42
20151124,25.23,2.51,89.49,2.23
20151125,24.09,0.03,85.36,2.23
20151126,23.46,0.01,85.53,1.88
20151127,24.18,0.13,88.82,1.96
20151128,23.99,0.26,86.24,1.92
20151129,24.1,28.29,89.98,2.19
20151130,23.92,10.0,89.81,2.05
20151201,24.38,2.0,90.27,2.32
20151202,24.19,4.93,93.26,1.02
20151203,24.43,2.32,88.01,2.77
20151204,24.56,4.6,89.22,3.07
20151205,24.04,7.27,93.08,3.28
20151206,24.48,5.37,94.72,2.99
20151207,24.57,13.24,92.55,2.99
20151208,23.18,8.77,91.86,3.36
20151209,23.69,3.18,92.49,2.07
20151210,24.62,7.28,92.72,1.88
20151211,24.8,3.15,90.06,1.69
20151212,24.72,3.51,91.06,1.52
20151213,25.06,0.6,87.06,0.99
20151214,25.32,7.73,89.2,1.43
20151215,24.94,1.89,88.57,1.72
20151216,23.06,0.05,87.24,1.81
20151217,23.49,0.57,88.2,1.49
20151218,24.16,9.66,90.62,1.77
20151219,24.41,6.43,89.91,2.12
20151220,24.06,1.6,89.62,2.05
20151221,22.66,0.02,82.17,1.58
20151222,22.18,0.0,84.89,1.66
20151223,22.93,0.0,86.99,1.86
20151224,22.62,0.0,86.63,1.79
20151225,22.5,0.0,85.94,2.21
20151226,22.72,0.0,87.11,2.65
20151227,23.62,3.36,87.11,3.17
20151228,23.51,1.01,86.8,3.64
20151229,23.6,0.47,86.15,3.02
20151230,23.33,0.01,82.17,2.53
20151231,22.51,0.0,83.83,2.64
20160101,22.0,0.0,82.02,2.67
20160102,21.91,0.0,81.18,2.57
20160103,21.35,0.0,78.93,2.23
20160104,21.59,0.0,82.24,2.12
20160105,22.67,0.0,81.54,2.1
20160106,23.26,0.01,81.91,2.22
20160107,23.18,0.0,83.88,2.14
20160108,22.85,0.0,80.82,2.13
20160109,22.84,0.0,81.3,2.0
20160110,22.63,0.0,81.58,2.27
20160111,22.42,0.0,78.82,2.25
20160112,22.0,0.0,78.35,2.21
20160113,22.41,0.0,78.45,1.85
20160114,21.27,0.0,78.19,1.85
20160115,21.14,0.0,78.58,1.76
20160116,22.48,0.0,78.4,1.83
20160117,23.0,0.0,78.69,1.76
20160118,23.44,0.0,77.53,1.76
20160119,24.66,0.0,79.03,1.62
20160120,25.35,0.23,78.32,1.68
20160121,25.6,0.23,79.97,1.99
20160122,25.2,0.03,78.39,2.0
20160123,25.26,0.01,78.53,2.43
20160124,25.88,0.02,77.08,2.45
20160125,25.89,0.0,77.33,2.37
20160126,25.44,0.0,75.34,2.02
20160127,25.22,0.01,75.13,2.0
20160128,24.53,0.0,70.66,1.69
20160129,24.02,0.0,69.93,1.97
20160130,23.7,0.0,74.24,2.03
20160131,23.47,0.0,76.63,2.08
20160201,23.63,0.0,72.8,1.7
20160202,23.35,0.0,71.84,2.03
20160203,23.58,0.0,68.53,1.75
20160204,23.59,0.0,67.97,2.17
20160205,24.26,0.0,69.29,1.94
20160206,24.59,0.0,73.19,1.69
20160207,26.1,0.33,72.16,1.68
20160208,26.56,0.14,71.94,2.03
20160209,26.13,0.02,69.22,1.76
20160210,26.1,0.16,67.19,1.77
20160211,26.14,0.25,65.39,1.77
20160212,26.1,0.0,63.12,1.85
20160213,26.4,0.0,63.36,1.73
20160214,25.89,0.0,66.74,1.97
20160215,26.37,0.0,67.38,2.2
20160216,26.92,0.0,66.35,2.44
20160217,26.63,0.0,68.14,2.68
20160218,27.26,0.0,67.8,3.1
20160219,27.46,0.0,67.24,2.53
20160220,28.26,0.11,66.72,2.18
20160221,28.62,0.53,65.28,1.82
20160222,28.45,0.17,61.34,1.8
20160223,27.38,0.0,59.98,1.54
20160224,27.61,0.0,56.26,1.51
20160225,28.56,0.0,60.83,1.87
20160226,28.51,0.04,65.21,2.64
20160227,27.73,0.01,65.97,2.99
20160228,28.5,0.48,66.37,2.65
20160229,26.77,0.14,67.98,2.39
20160301,27.83,0.1,66.35,2.49
20160302,28.32,0.0,63.55,2.49
20160303,26.57,0.0,64.97,2.0
20160304,26.72,0.0,64.49,2.05
20160305,28.47,0.0,60.79,2.11
20160306,28.85,0.0,57.79,2.04
20160307,29.1,0.0,58.03,2.05
20160308,28.36,0.0,59.36,2.01
20160309,29.39,0.0,57.92,1.69
20160310,29.36,0.0,60.68,1.61
20160311,30.63,0.09,56.96,1.76
20160312,30.64,0.12,55.27,2.1
20160313,30.22,0.4,55.0,1.39
20160314,30.74,0.0,57.08,2.26
20160315,31.29,0.06,53.04,2.05
20160316,30.98,0.88,56.81,2.25
20160317,31.36,0.14,53.62,2.07
20160318,31.06,0.0,50.3,2.19
20160319,31.33,0.0,42.62,1.97
20160320,31.31,0.0,42.72,2.09
20160321,31.6,0.0,43.16,2.27
20160322,32.52,0.56,43.86,2.16
20160323,32.54,0.13,50.13,2.67
20160324,31.28,0.02,52.03,2.23
20160325,30.16,0.07,49.97,2.12
20160326,30.03,0.0,48.79,2.13
20160327,30.57,0.02,50.85,1.95
20160328,31.14,3.02,55.83,2.52
20160329,30.42,1.32,63.46,2.38
20160330,30.65,2.02,61.04,2.23
20160331,30.76,0.03,57.27,1.9
20160401,31.1,0.07,54.42,1.86
20160402,31.53,0.0,52.47,2.01
20160403,32.1,0.01,49.28,2.06
20160404,31.86,0.01,49.51,2.1
20160405,32.21,0.0,49.03,2.29
20160406,32.6,0.01,51.75,2.12
20160407,32.22,0.47,53.9,2.41
20160408,31.87,0.78,57.71,2.4
20160409,30.44,17.42,67.31,1.29
20160410,29.48,6.25,71.07,1.25
20160411,30.97,0.19,61.55,1.65
20160412,31.71,0.0,58.41,1.87
20160413,32.91,0.0,54.31,1.48
20160414,32.24,0.63,59.0,2.03
20160415,32.03,0.24,59.96,2.22
20160416,32.18,0.04,57.65,2.12
20160417,31.04,0.0,60.32,1.42
20160418,31.68,0.02,59.88,2.23
20160419,31.42,0.56,62.59,2.44
20160420,31.55,1.06,60.33,2.09
20160421,32.19,0.15,54.66,1.4
20160422,33.55,0.08,49.74,1.64
20160423,35.19,0.24,41.96,1.73
20160424,34.85,0.14,45.62,2.36
20160425,34.1,0.03,48.12,2.63
20160426,32.35,0.13,54.57,2.52
20160427,31.17,0.19,57.71,1.91
20160428,32.42,0.13,54.21,2.57
20160429,32.14,0.05,53.51,2.34
20160430,32.61,0.03,50.5,2.79
20160501,32.78,0.02,50.2,2.71
20160502,33.81,0.01,48.03,2.5
20160503,33.16,0.0,50.26,2.33
20160504,33.18,0.06,52.26,2.52
20160505,32.75,0.42,52.29,2.42
20160506,32.92,4.59,51.54,1.81
20160507,31.27,5.13,60.47,1.57
20160508,31.61,3.05,60.54,1.69
20160509,30.63,0.64,62.96,2.08
20160510,30.9,1.23,58.26,2.11
20160511,28.75,11.15,68.79,1.32
20160512,30.07,0.22,61.73,1.72
20160513,31.25,0.31,57.89,1.73
20160514,29.84,5.37,67.66,1.75
20160515,27.91,13.99,74.28,1.7
20160516,26.56,23.14,70.94,3.2
20160517,26.54,7.99,69.88,3.29
20160518,29.39,1.03,67.42,2.85
20160519,29.7,4.22,67.83,2.69
20160520,29.16,0.72,69.47,2.67
20160521,31.4,0.0,59.08,1.96
20160522,31.58,0.02,60.13,1.88
20160523,32.5,0.01,56.65,2.0
20160524,31.06,0.04,61.29,2.26
20160525,30.59,1.9,65.87,2.26
20160526,30.21,0.35,63.53,2.52
20160527,29.51,2.03,68.34,1.45
20160528,29.17,3.63,69.13,2.57
20160529,28.25,0.53,69.83,2.68
20160530,28.97,5.64,66.74,1.89
20160531,29.29,3.62,66.75,2.14
20160601,29.57,0.6,66.12,1.6
20160602,28.74,3.17,69.34,1.61
20160603,28.73,0.71,69.5,2.15
20160604,29.91,1.03,63.56,1.32
20160605,30.05,1.04,64.3,2.12
20160606,29.25,0.41,66.45,2.92
20160607,28.13,4.69,79.67,2.73
20160608,28.09,3.03,75.54,2.4
20160609,27.37,1.3,77.12,2.93
20160610,28.25,0.6,67.28,3.07
20160611,28.35,2.09,68.1,2.67
20160612,28.85,0.19,62.65,3.14
20160613,29.19,0.09,60.42,3.01
20160614,29.89,0.02,57.61,3.02
20160615,29.79,0.03,56.82,3.82
20160616,29.75,0.13,59.64,3.46
20160617,28.86,0.56,63.49,2.47
20160618,27.77,2.32,63.7,2.7
20160619,28.66,2.12,62.52,2.01
20160620,28.58,0.29,64.81,1.41
20160621,28.21,0.27,66.45,1.51
20160622,28.11,0.41,59.94,2.84
20160623,26.6,1.82,62.67,4.0
20160624,27.5,0.05,59.64,3.18
20160625,28.95,0.03,56.61,3.46
20160626,29.45,0.43,59.41,2.71
20160627,29.59,1.12,60.36,3.4
20160628,28.61,0.66,60.87,3.66
20160629,28.28,2.2,63.91,3.59
20160630,29.07,0.07,57.05,4.38
20160701,29.62,0.07,53.24,4.61
20160702,29.92,0.05,50.13,4.4
20160703,30.21,0.23,50.56,4.28
20160704,29.74,0.54,53.85,3.27
20160705,31.09,0.15,53.27,2.62
20160706,30.26,1.78,60.55,2.72
20160707,30.03,0.3,54.04,3.12
20160708,29.08,0.9,49.38,4.9
20160709,29.01,1.08,56.55,4.37
20160710,29.45,0.27,59.4,4.45
20160711,29.98,0.57,56.85,4.13
20160712,29.76,0.39,56.38,3.87
20160713,30.54,0.11,51.16,3.21
20160714,30.81,2.57,53.04,2.05
20160715,29.65,3.66,60.55,1.72
20160716,28.34,14.96,69.08,1.35
20160717,26.56,6.8,77.15,1.23
20160718,26.61,4.26,75.48,1.39
20160719,28.12,0.3,64.92,2.04
20160720,28.66,0.24,59.9,2.15
20160721,28.68,0.22,58.82,2.92
20160722,28.39,0.18,58.73,3.28
20160723,27.83,0.43,61.53,2.84
20160724,27.79,5.89,70.15,1.6
20160725,27.51,36.86,72.93,0.94
20160726,25.37,29.82,81.46,1.03
20160727,25.98,11.4,81.99,1.08
20160728,26.99,5.43,77.71,1.07
20160729,27.69,1.03,71.47,1.93
20160730,27.27,1.32,71.05,1.87
20160731,28.04,0.21,67.44,2.54
20160801,27.42,0.15,69.0,2.78
20160802,27.11,0.02,66.92,3.01
20160803,27.48,0.06,67.02,3.28
20160804,28.01,0.14,66.5,3.17
20160805,27.49,0.2,65.42,3.18
20160806,28.22,0.11,62.97,2.86
20160807,28.65,0.07,64.04,2.26
20160808,29.12,0.13,63.17,1.89
20160809,29.31,1.14,62.31,2.31
20160810,29.29,0.15,62.47,1.97
20160811,28.85,0.08,62.9,1.68
20160812,29.16,0.16,62.96,2.34
20160813,29.85,0.56,62.39,2.0
20160814,29.6,0.22,60.33,2.7
20160815,28.87,0.35,61.26,3.36
20160816,28.98,0.16,60.12,3.99
20160817,29.08,0.17,59.78,3.36
20160818,29.82,0.08,59.43,3.07
20160819,29.96,0.19,57.68,2.54
20160820,29.96,0.39,61.41,1.55
20160821,30.43,3.23,60.76,2.02
20160822,29.38,0.69,64.3,2.0
20160823,28.17,4.36,68.63,2.0
20160824,28.58,0.45,66.75,1.85
20160825,27.77,0.37,68.95,1.65
20160826,27.98,14.4,71.07,1.49
20160827,27.69,9.94,69.83,2.3
20160828,28.53,3.03,64.66,2.22
20160829,28.81,0.86,59.33,2.75
20160830,27.08,10.64,69.01,2.31
20160831,26.86,7.35,66.94,2.23
20160901,26.63,7.74,65.16,2.32
20160902,26.75,0.77,67.83,2.05
20160903,27.98,0.46,64.29,1.67
20160904,28.41,0.26,65.35,1.86
20160905,28.04,0.0,62.99,2.01
20160906,27.23,0.01,64.27,2.5
20160907,28.18,0.0,57.83,2.45
20160908,28.33,0.0,59.47,2.13
20160909,29.36,0.3,61.44,1.36
20160910,29.18,2.0,65.23,1.55
20160911,28.6,0.06,61.04,1.89
20160912,28.72,0.04,59.08,2.07
20160913,29.0,0.1,61.32,2.2
20160914,29.11,0.1,62.14,2.04
20160915,29.32,0.17,61.62,1.73
20160916,29.62,0.11,60.35,2.18
20160917,29.11,0.03,60.34,2.12
20160918,28.32,0.11,61.24,2.42
20160919,29.7,0.19,57.77,1.94
20160920,29.11,1.7,58.6,2.68
20160921,29.08,0.33,60.04,2.47
20160922,28.15,0.01,60.1,2.85
20160923,28.89,0.05,56.46,2.62
20160924,29.16,0.1,55.68,3.21
20160925,29.72,0.1,55.6,2.49
20160926,30.69,0.5,53.03,2.19
20160927,29.78,1.2,58.3,1.51
20160928,28.89,7.81,68.26,1.2
20160929,28.51,2.78,71.1,1.08
20160930,28.69,0.23,63.83,1.98
20161001,29.78,0.0,57.09,1.0
20161002,30.12,0.0,55.06,1.19
20161003,30.45,0.0,55.53,1.15
20161004,30.89,0.18,53.92,1.15
20161005,29.38,9.09,59.69,1.73
20161006,29.06,1.98,64.04,1.36
20161007,29.09,0.03,59.32,1.02
20161008,29.56,0.0,55.22,1.03
20161009,29.71,0.0,55.29,2.02
20161010,30.2,0.0,52.7,1.55
20161011,30.56,0.02,49.67,1.07
20161012,30.21,0.91,54.57,1.51
20161013,28.24,11.02,69.33,1.02
20161014,27.9,1.41,70.54,1.05
20161015,27.86,0.72,69.26,1.58
20161016,28.27,0.53,66.04,1.56
20161017,28.08,0.1,68.59,1.39
20161018,28.38,0.16,66.72,1.1
20161019,28.83,0.27,63.2,0.98
20161020,27.88,2.05,69.72,1.34
20161021,25.65,7.2,80.61,1.41
20161022,26.73,2.94,71.96,0.67
20161023,27.91,3.85,69.76,1.05
20161024,28.3,0.35,65.1,1.19
20161025,27.89,0.36,65.55,1.27
20161026,27.97,0.23,65.6,1.44
20161027,27.67,0.05,66.24,1.25
20161028,28.98,0.0,59.81,1.16
20161029,30.26,0.72,57.91,1.1
20161030,28.09,6.61,71.24,1.48
20161031,25.76,20.53,87.95,0.74
20161101,26.68,1.08,72.46,1.64
20161102,26.68,7.76,75.81,1.94
20161103,26.06,3.48,77.97,1.34
20161104,26.85,1.78,77.75,1.35
20161105,28.41,0.14,67.89,1.48
20161106,28.51,0.04,63.13,1.31
20161107,27.95,0.01,59.71,1.87
20161108,26.65,0.98,69.69,1.72
20161109,25.85,1.28,66.31,2.16
20161110,25.38,0.0,60.73,1.74
20161111,25.99,0.01,68.47,1.52
20161112,27.02,0.12,69.61,1.73
20161113,27.24,1.39,74.28,2.04
20161114,26.99,3.5,77.04,2.02
20161115,27.01,1.75,71.41,2.18
20161116,26.5,1.36,74.78,2.58
20161117,26.14,2.5,76.94,2.81
20161118,26.69,0.25,69.64,2.84
20161119,25.59,1.39,73.66,2.18
20161120,25.77,0.3,71.32,2.03
20161121,25.42,0.39,74.24,2.03
20161122,26.63,0.23,68.76,2.36
20161123,25.95,0.14,68.76,2.56
20161124,24.78,0.03,64.35,2.33
20161125,25.08,0.0,66.11,2.16
20161126,25.5,0.0,64.61,1.93
20161127,24.99,0.0,61.07,1.96
20161128,24.38,0.0,56.69,1.69
20161129,24.47,0.0,56.98,1.65
20161130,24.31,0.0,57.28,1.85
20161201,24.41,2.36,54.21,2.29
20161202,23.87,38.49,81.95,2.56
20161203,25.06,8.19,82.42,1.86
20161204,25.65,3.25,77.91,1.61
20161205,26.34,0.15,74.81,1.96
20161206,25.11,0.19,68.33,2.68
20161207,24.96,0.0,69.45,1.79
20161208,25.94,1.57,75.4,1.74
20161209,26.2,0.8,73.66,1.4
20161210,27.21,0.0,66.68,0.98
20161211,26.21,0.0,57.11,1.1
20161212,26.78,0.02,57.34,2.09
20161213,26.8,0.87,66.26,1.26
20161214,25.76,0.41,66.94,1.52
20161215,25.57,0.13,72.39,1.95
20161216,25.86,0.02,71.59,2.16
20161217,25.72,0.0,66.62,2.27
20161218,25.29,0.0,67.23,2.12
20161219,25.62,0.03,63.03,2.63
20161220,25.49,1.7,76.0,3.01
20161221,26.2,0.26,75.57,2.35
20161222,25.77,0.0,67.14,1.7
20161223,24.23,0.03,62.23,1.52
20161224,23.49,0.0,61.27,1.51
20161225,23.63,0.0,63.68,1.49
20161226,24.38,0.0,61.93,1.75
20161227,26.08,0.89,64.98,2.58
20161228,25.53,3.91,77.92,3.23
20161229,25.31,0.6,71.93,3.2
20161230,24.52,0.0,66.87,2.58
20161231,23.8,0.0,63.49,2.16
20170101,24.61,0.0,64.88,2.2
20170102,25.47,0.0,64.01,2.3
20170103,25.07,0.0,59.38,2.35
20170104,24.41,0.0,57.02,2.15
20170105,24.58,0.0,61.62,2.08
20170106,24.61,0.0,61.84,1.89
20170107,24.62,0.0,62.34,1.86
20170108,24.4,0.0,59.86,2.01
20170109,23.81,0.0,55.99,1.8
20170110,24.49,0.0,55.62,1.47
20170111,25.47,0.0,56.33,1.48
20170112,25.63,0.0,59.63,1.53
20170113,25.73,0.0,62.17,1.92
20170114,25.88,0.0,59.65,2.69
20170115,25.28,0.0,60.93,2.65
20170116,25.36,0.0,60.38,2.26
20170117,24.33,0.0,54.74,2.47
20170118,23.76,0.0,59.96,3.01
20170119,24.96,0.0,58.65,2.95
20170120,25.84,1.62,63.36,3.22
20170121,24.26,22.13,83.32,3.47
20170122,24.78,4.99,74.33,2.98
20170123,24.32,0.0,70.4,2.84
20170124,24.51,0.0,66.87,2.94
20170125,24.74,0.27,71.13,2.98
20170126,25.01,1.12,77.96,2.96
20170127,25.01,5.26,83.48,2.69
20170128,25.34,4.49,79.53,2.47
20170129,25.84,2.48,76.99,2.59
20170130,26.07,0.01,67.25,2.38
20170131,25.24,0.0,66.99,2.07
20170201,23.81,0.0,65.75,2.1
20170202,23.53,0.0,65.6,2.08
20170203,23.54,0.0,66.6,2.29
20170204,23.9,0.0,65.53,2.32
20170205,23.54,0.0,64.45,1.99
20170206,24.26,0.0,63.45,1.57
20170207,24.73,0.0,59.65,1.6
20170208,24.3,0.0,51.57,2.24
20170209,23.91,0.0,60.3,2.21
20170210,24.43,0.0,60.98,1.99
20170211,24.78,0.0,61.52,2.21
20170212,24.87,0.0,61.15,2.56
20170213,25.44,0.08,62.56,2.85
20170214,26.23,1.78,69.08,4.52
20170215,26.65,0.0,59.2,3.82
20170216,25.33,0.0,61.88,3.49
20170217,24.41,0.0,58.68,3.0
20170218,25.02,0.0,57.49,2.45
20170219,25.52,0.0,56.16,1.91
20170220,26.85,0.0,45.69,1.36
20170221,28.43,0.0,48.47,1.91
20170222,28.87,0.0,50.68,1.92
20170223,28.11,0.0,54.25,1.75
20170224,27.74,0.0,53.45,2.23
20170225,27.32,0.0,50.99,2.06
20170226,27.84,0.0,46.98,2.3
20170227,27.38,0.0,55.16,2.48
20170228,27.94,0.0,58.71,3.15
20170301,26.85,0.0,55.84,2.63
20170302,27.17,0.08,56.6,2.74
20170303,28.15,5.59,60.91,2.29
20170304,27.12,6.95,75.21,1.63
20170305,28.7,0.71,65.43,1.95
20170306,28.49,0.87,68.9,2.04
20170307,29.54,0.1,61.69,2.03
20170308,29.19,1.05,63.44,2.43
20170309,29.2,1.95,65.38,2.08
20170310,27.42,8.17,76.09,1.09
20170311,27.62,6.85,74.23,1.01
20170312,28.4,3.17,67.89,1.33
20170313,28.32,1.14,69.14,1.73
20170314,26.71,5.05,78.65,1.45
20170315,26.3,9.38,80.11,1.72
20170316,26.0,1.46,77.28,1.63
20170317,28.1,0.42,65.93,1.39
20170318,28.68,0.21,63.56,1.7
20170319,29.54,0.09,61.21,1.62
20170320,29.9,1.14,59.64,1.63
20170321,29.46,1.54,61.63,1.63
20170322,28.99,0.01,61.6,1.96
20170323,28.56,0.0,59.14,1.89
20170324,27.85,0.0,55.12,1.84
20170325,28.01,0.0,50.66,2.12
20170326,27.9,0.0,55.53,2.34
20170327,28.07,0.0,54.35,1.47
20170328,29.49,0.0,56.41,1.79
20170329,30.05,0.0,52.61,1.61
20170330,30.49,0.05,53.54,1.77
20170331,30.05,0.41,60.65,1.97
20170401,30.44,0.0,51.74,1.69
20170402,30.58,0.02,50.42,2.11
20170403,31.38,0.11,54.35,2.46
20170404,31.82,0.0,54.4,2.39
20170405,32.3,0.0,50.07,2.47
20170406,32.11,0.26,50.06,2.19
20170407,31.79,0.19,48.64,2.07
20170408,31.69,0.02,48.5,2.16
20170409,31.31,0.4,51.54,2.29
20170410,32.0,0.03,46.75,1.89
20170411,32.2,0.42,47.36,1.75
20170412,31.58,0.16,54.6,2.17
20170413,31.72,0.14,56.8,2.56
20170414,32.04,0.15,50.98,1.84
20170415,32.98,0.0,45.99,2.38
20170416,33.84,0.05,43.13,2.14
20170417,34.6,0.03,38.03,1.54
20170418,34.95,0.01,35.11,1.59
20170419,34.54,0.04,40.17,1.82
20170420,33.86,0.48,44.45,1.99
20170421,33.8,0.06,43.69,1.51
20170422,34.44,0.66,41.21,1.77
20170423,33.78,0.83,46.57,2.06
20170424,34.48,0.12,42.9,2.04
20170425,34.55,0.01,41.69,1.53
20170426,33.43,1.57,46.91,1.57
20170427,33.09,0.24,48.3,2.21
20170428,32.78,0.05,48.35,2.44
20170429,32.92,0.07,45.69,2.42
20170430,32.51,1.16,47.0,2.49
20170501,31.85,1.44,51.01,1.92
20170502,31.53,4.79,54.23,2.19
20170503,30.59,2.13,59.03,2.16
20170504,31.43,0.55,54.27,2.09
20170505,31.72,0.74,54.94,2.69
20170506,30.35,7.76,65.44,2.03
20170507,29.88,1.12,68.36,1.42
20170508,30.41,1.4,53.31,2.24
20170509,31.5,1.45,50.3,1.41
20170510,29.87,1.94,66.18,1.31
20170511,29.55,0.61,66.9,0.98
20170512,29.47,9.84,68.83,1.26
20170513,29.03,13.38,74.87,0.94
20170514,30.74,5.51,64.92,1.67
20170515,30.87,0.02,62.67,1.67
20170516,30.98,0.13,60.64,2.2
20170517,32.23,0.89,57.61,1.9
20170518,30.41,5.17,63.39,2.35
20170519,31.22,0.17,57.16,1.69
20170520,30.94,18.24,60.64,1.84
20170521,30.53,2.98,64.33,1.3
20170522,30.45,1.5,64.97,1.84
20170523,29.51,0.34,66.26,1.72
20170524,29.85,1.62,68.01,1.32
20170525,29.68,2.21,67.63,2.17
20170526,28.6,0.44,72.47,1.8
20170527,29.03,4.23,71.15,1.84
20170528,28.4,4.83,74.92,2.44
20170529,29.23,1.56,68.76,2.35
20170530,29.44,0.94,67.22,3.25
20170531,29.56,7.94,64.73,2.63
20170601,29.22,3.7,62.94,2.72
20170602,28.29,6.92,69.83,3.06
20170603,28.75,0.37,68.17,2.69
20170604,29.41,0.83,61.9,3.01
20170605,29.49,4.38,66.71,2.11
20170606,29.09,1.45,68.84,1.38
20170607,28.08,6.32,69.36,1.84
20170608,29.43,0.04,60.59,2.45
20170609,27.98,0.42,64.78,2.79
20170610,28.48,1.23,65.14,3.01
20170611,28.1,0.16,64.18,3.16
20170612,29.29,0.3,65.21,2.11
20170613,29.86,0.23,66.1,1.91
20170614,29.3,11.67,71.65,1.86
20170615,28.5,2.63,74.24,1.22
20170616,27.79,8.04,74.71,1.47
20170617,28.77,2.29,61.19,1.99
20170618,29.73,0.18,61.44,1.91
20170619,29.3,4.4,66.72,1.48
20170620,27.55,1.67,71.11,1.72
20170621,28.17,0.22,67.88,1.72
20170622,28.6,0.82,67.62,1.64
20170623,28.75,0.58,65.27,2.75
20170624,27.35,0.88,64.81,3.32
20170625,28.05,0.86,63.62,3.62
20170626,27.84,2.79,66.21,3.78
20170627,27.19,2.33,69.23,3.33
20170628,27.57,0.71,67.19,2.79
20170629,28.01,0.11,61.19,2.83
20170630,28.4,0.14,65.49,1.77
20170701,29.02,0.37,61.28,2.79
20170702,28.87,0.23,58.75,1.85
20170703,28.59,2.89,59.96,2.89
20170704,29.2,0.2,56.34,2.66
20170705,28.09,0.16,64.46,2.03
20170706,28.97,0.89,61.78,2.11
20170707,28.46,0.28,61.5,2.75
20170708,27.93,2.67,66.28,2.02
20170709,27.74,12.03,67.18,1.8
20170710,28.56,1.04,63.77,1.98
20170711,28.7,0.17,64.0,2.66
20170712,28.85,0.19,61.08,1.75
20170713,28.51,1.07,61.46,2.77
20170714,28.04,0.02,54.51,2.93
20170715,28.12,0.05,64.32,2.58
20170716,28.58,0.04,59.32,2.65
20170717,27.86,0.19,60.8,3.08
20170718,28.3,0.51,64.18,3.3
20170719,28.63,0.61,63.61,3.56
20170720,29.14,0.2,63.03,3.55
20170721,29.01,0.24,59.6,2.75
20170722,30.35,0.12,59.83,1.94
20170723,30.81,0.01,56.94,1.57
20170724,31.43,0.0,51.59,2.7
20170725,31.53,0.0,50.63,2.15
20170726,31.41,0.03,50.84,2.35
20170727,30.8,4.14,52.63,2.87
20170728,30.55,2.53,58.23,2.44
20170729,29.6,11.45,61.72,1.54
20170730,27.91,10.67,74.07,1.36
20170731,28.39,14.52,72.5,1.68
20170801,29.59,10.16,65.89,1.56
20170802,28.98,6.07,69.31,1.6
20170803,29.33,1.01,62.24,2.96
20170804,29.25,0.61,63.93,3.02
20170805,28.85,0.59,64.43,3.17
20170806,29.56,0.55,63.03,2.26
20170807,28.67,5.18,67.39,1.81
20170808,27.89,10.64,68.56,1.25
20170809,28.06,9.01,72.19,0.96
20170810,28.06,5.39,70.64,1.58
20170811,27.6,1.4,71.22,2.05
20170812,28.6,6.92,64.08,1.21
20170813,26.21,27.97,78.24,1.33
20170814,25.57,21.68,83.93,0.75
20170815,27.14,4.15,70.46,0.99
20170816,27.29,1.12,73.02,1.41
20170817,27.25,2.55,76.01,1.97
20170818,27.36,3.0,75.0,2.22
20170819,27.38,0.38,70.92,3.0
20170820,27.1,0.71,71.4,2.75
20170821,26.95,0.66,71.04,2.58
20170822,27.38,0.15,70.73,1.96
20170823,28.11,5.05,70.15,1.3
20170824,27.15,4.56,75.6,1.64
20170825,28.37,0.06,68.87,2.07
20170826,27.67,0.32,70.42,2.19
20170827,27.5,0.87,74.0,2.63
20170828,27.76,1.83,71.9,2.98
20170829,27.49,0.94,71.56,3.18
20170830,28.25,12.66,71.06,1.59
20170831,27.79,4.85,72.98,1.35
20170901,27.29,31.96,81.44,1.13
20170902,27.37,12.75,78.72,0.58
20170903,26.99,1.88,76.85,1.42
20170904,27.78,14.73,77.85,0.74
20170905,28.0,7.18,77.74,0.82
20170906,27.08,4.15,81.9,1.11
20170907,26.74,2.5,82.19,1.14
20170908,25.92,39.31,87.91,1.6
20170909,26.38,10.18,82.54,1.22
20170910,26.84,1.68,79.55,1.27
20170911,26.49,1.2,83.6,1.88
20170912,26.09,5.86,85.39,2.11
20170913,25.9,13.18,87.39,1.92
20170914,25.78,2.81,86.05,2.13
20170915,26.03,0.82,84.26,1.71
20170916,25.93,2.92,85.93,2.09
20170917,25.83,8.68,82.21,2.95
20170918,26.39,0.42,79.18,3.21
20170919,26.26,0.2,80.87,2.38
20170920,26.28,0.1,78.98,1.9
20170921,25.97,0.08,77.87,1.83
20170922,27.39,0.02,73.82,1.21
20170923,27.51,0.08,74.53,1.28
20170924,27.14,1.96,78.76,0.94
20170925,26.57,1.91,79.1,1.21
20170926,26.6,7.96,80.64,0.98
20170927,26.77,3.02,80.6,1.51
20170928,25.9,3.27,79.34,2.3
20170929,26.58,0.17,77.2,1.96
20170930,27.39,0.29,78.04,1.79
20171001,27.56,0.34,76.21,1.89
20171002,27.84,0.07,75.66,1.47
20171003,28.14,0.43,76.96,1.44
20171004,27.92,4.5,77.08,0.77
20171005,26.64,16.66,84.87,1.18
20171006,25.88,7.81,83.87,1.76
20171007,26.7,1.15,78.61,1.52
20171008,27.17,1.4,80.98,1.09
20171009,27.03,0.26,82.35,1.01
20171010,26.89,1.97,81.88,1.0
20171011,26.02,5.0,81.45,1.61
20171012,26.92,2.76,75.83,1.18
20171013,26.43,4.11,80.14,1.07
20171014,26.06,2.09,81.2,1.4
20171015,25.53,0.42,79.26,1.85
20171016,26.59,0.08,77.8,1.63
20171017,26.34,2.27,76.38,1.81
20171018,27.12,0.8,73.32,1.76
20171019,28.26,0.14,73.49,0.93
20171020,27.61,0.06,76.81,1.67
20171021,26.64,12.82,82.54,2.42
20171022,27.0,1.44,79.63,1.47
20171023,27.63,0.11,72.14,0.96
20171024,26.79,0.32,76.28,1.23
20171025,26.65,1.0,80.92,1.29
20171026,26.68,8.19,81.31,1.18
20171027,25.92,13.28,82.98,0.95
20171028,25.26,3.98,86.39,1.66
20171029,25.76,0.31,80.68,1.82
20171030,24.32,3.88,89.33,2.37
20171031,24.32,3.8,89.03,2.19
20171101,24.97,6.49,86.74,2.19
20171102,24.66,9.38,88.82,2.44
20171103,24.72,2.24,88.02,2.32
20171104,24.43,3.9,89.31,2.15
20171105,25.0,6.61,87.72,2.24
20171106,24.19,6.12,90.49,2.46
20171107,24.65,2.79,88.2,2.1
20171108,24.13,28.14,89.3,1.78
20171109,24.64,0.44,81.56,1.97
20171110,24.26,0.11,82.72,2.3
20171111,24.65,0.04,82.31,1.95
20171112,25.55,0.01,77.77,1.65
20171113,26.39,2.82,79.18,0.82
20171114,25.42,1.62,83.17,0.78
20171115,25.75,0.32,83.25,0.86
20171116,25.86,0.01,71.12,1.05
20171117,25.01,0.05,72.54,1.44
20171118,25.64,1.23,79.23,1.23
20171119,25.8,1.5,84.63,1.33
20171120,26.05,0.76,83.92,1.45
20171121,25.16,5.12,88.5,1.55
20171122,25.1,1.32,86.67,1.93
20171123,25.38,0.19,81.6,1.94
20171124,25.4,0.08,81.41,1.72
20171125,24.96,0.1,81.27,2.01
20171126,23.79,6.5,88.57,2.05
20171127,24.74,8.78,91.44,1.7
20171128,25.03,2.49,87.91,2.8
20171129,24.7,6.75,89.93,3.87
20171130,24.39,58.3,94.8,3.96
20171201,24.36,24.15,94.79,2.22
20171202,24.36,2.62,90.3,0.98
20171203,24.49,0.87,88.67,1.74
20171204,24.48,0.03,86.76,1.47
20171205,24.27,0.08,87.35,1.39
20171206,24.56,1.28,88.02,1.84
20171207,24.35,0.77,87.46,1.56
20171208,23.97,0.0,80.59,1.12
20171209,23.89,0.06,72.75,0.94
20171210,24.46,0.06,77.6,1.16
20171211,24.74,0.05,83.05,1.23
20171212,24.93,0.45,84.27,0.97
20171213,23.86,1.62,89.87,1.08
20171214,24.4,0.04,84.33,1.55
20171215,24.16,0.73,87.14,2.27
20171216,23.98,0.05,85.14,2.66
20171217,23.31,0.0,83.64,2.86
20171218,22.58,0.0,79.19,2.85
20171219,23.37,0.55,80.5,2.8
20171220,23.83,0.59,82.04,3.48
20171221,22.36,3.06,84.56,2.82
20171222,23.56,0.16,83.16,2.89
20171223,23.14,0.01,79.56,2.7
20171224,22.86,0.0,77.85,2.26
20171225,24.16,0.11,80.92,2.51
20171226,24.09,0.04,78.07,2.73
20171227,22.95,0.0,80.17,2.47
20171228,21.93,0.0,77.03,2.68
20171229,22.32,0.0,74.8,2.47
20171230,23.13,0.0,74.3,2.31
20171231,23.29,0.0,73.58,1.73
20180101,25.01,0.0,75.26,0.96
20180102,25.81,0.0,74.78,0.88
20180103,25.18,0.0,75.28,1.8
20180104,24.44,0.0,73.41,2.35
20180105,22.87,0.0,71.15,2.35
20180106,22.33,0.0,70.83,1.67
20180107,22.14,0.0,70.79,1.95
20180108,22.38,0.0,69.56,2.35
20180109,23.31,2.57,76.83,2.01
20180110,24.69,2.04,81.08,3.01
20180111,25.64,0.24,76.91,2.2
20180112,24.77,0.01,81.97,1.98
20180113,24.47,0.0,78.68,2.12
20180114,24.1,0.0,72.2,2.18
20180115,24.44,0.0,74.26,2.42
20180116,24.71,0.0,74.04,2.1
20180117,24.56,0.0,71.18,2.09
20180118,23.08,0.0,65.51,2.56
20180119,22.5,0.0,71.63,2.27
20180120,22.73,0.0,68.85,2.18
20180121,22.95,0.0,69.15,2.29
20180122,23.41,0.0,68.59,1.84
20180123,24.2,0.0,69.46,1.47
20180124,24.67,0.0,71.03,1.63
20180125,25.14,0.02,66.13,2.05
20180126,24.36,0.01,66.19,2.24
20180127,24.48,0.0,66.78,2.09
20180128,24.23,0.01,66.05,2.22
20180129,25.02,0.0,64.32,2.71
20180130,25.0,0.0,62.86,2.66
20180131,24.23,0.0,57.38,2.83
20180201,23.61,0.0,57.76,2.35
20180202,23.46,0.0,59.07,2.38
20180203,23.1,0.0,60.52,2.37
20180204,23.67,0.0,62.88,2.2
20180205,25.52,0.0,60.33,2.58
20180206,26.48,0.55,70.88,2.46
20180207,25.9,7.2,79.61,1.59
20180208,25.77,2.59,76.38,1.6
20180209,26.66,0.08,66.68,1.54
20180210,25.57,0.01,65.95,1.67
20180211,25.5,0.01,70.65,1.74
20180212,26.08,0.02,69.23,2.37
20180213,24.51,0.0,70.9,2.17
20180214,25.91,0.0,67.27,2.53
20180215,25.95,0.0,67.84,2.8
20180216,26.3,0.0,60.65,2.94
20180217,25.52,0.0,60.34,2.0
20180218,26.14,0.0,59.58,2.2
20180219,25.37,0.0,61.19,2.37
20180220,25.64,0.0,62.78,2.63
20180221,25.83,0.0,59.46,2.27
20180222,25.63,0.0,55.66,2.59
20180223,25.56,0.0,59.66,2.56
20180224,26.53,0.0,63.89,2.58
20180225,27.22,0.0,62.84,2.96
20180226,27.75,0.0,61.03,2.49
20180227,27.74,0.0,63.02,2.68
20180228,28.39,0.16,60.82,2.87
20180301,28.09,1.6,64.89,2.65
20180302,27.73,0.0,55.4,2.28
20180303,27.56,0.0,55.28,1.86
20180304,28.19,0.01,48.06,1.89
20180305,27.62,0.0,50.49,1.91
20180306,27.79,0.0,48.79,2.14
20180307,27.73,0.0,55.33,2.15
20180308,28.4,0.0,56.18,2.32
20180309,28.15,0.0,54.2,2.61
20180310,28.46,0.0,51.2,2.59
20180311,28.65,0.0,56.93,2.62
20180312,28.27,0.8,63.61,3.37
20180313,27.15,4.09,72.14,2.7
20180314,28.04,1.06,64.79,1.91
20180315,27.99,0.7,67.46,1.4
20180316,29.32,0.19,61.84,1.56
20180317,26.91,0.68,73.77,2.14
20180318,28.43,3.57,65.8,2.14
20180319,28.64,0.55,59.22,2.27
20180320,28.48,0.0,53.37,1.94
20180321,29.95,0.11,46.16,1.66
20180322,31.18,0.09,48.03,2.09
20180323,31.58,1.94,47.86,1.96
20180324,30.58,0.82,54.91,2.02
20180325,29.5,0.0,55.38,2.35
20180326,29.33,0.01,52.65,2.17
20180327,29.54,0.05,59.48,1.99
20180328,31.35,0.01,56.22,2.0
20180329,32.04,0.02,50.86,1.61
20180330,30.41,0.45,58.73,1.19
20180331,31.23,1.42,56.82,1.05
20180401,31.38,0.92,53.86,2.36
20180402,30.62,0.15,59.19,2.27
20180403,30.82,0.17,55.88,2.02
20180404,30.43,0.0,55.54,2.07
20180405,30.2,0.0,56.15,2.2
20180406,30.12,0.0,53.51,1.72
20180407,30.66,0.03,56.84,2.34
20180408,29.99,0.37,60.61,2.47
20180409,29.28,1.56,64.34,2.44
20180410,28.72,5.47,70.23,2.22
20180411,28.2,3.09,73.91,1.42
20180412,29.02,1.01,68.91,1.88
20180413,28.95,4.36,69.67,1.86
20180414,28.38,7.89,73.85,1.54
20180415,27.44,5.26,78.48,1.72
20180416,29.01,1.42,69.84,1.72
20180417,29.52,0.11,66.26,1.4
20180418,29.67,0.11,63.46,2.02
20180419,30.4,0.02,60.46,2.3
20180420,31.23,0.52,57.69,1.78
20180421,30.52,0.27,61.75,2.12
20180422,30.93,0.4,60.76,2.07
20180423,30.9,0.02,58.79,2.11
20180424,31.57,0.06,57.69,2.15
20180425,32.06,0.43,56.45,1.89
20180426,31.34,1.26,60.03,2.31
20180427,30.34,2.08,65.72,1.88
20180428,29.38,0.04,68.27,2.01
20180429,31.58,0.02,57.76,2.31
20180430,31.75,3.31,58.04,1.4
20180501,30.72,1.82,64.36,1.0
20180502,30.5,5.31,66.14,1.17
20180503,29.7,3.34,71.93,1.44
20180504,28.39,7.76,76.74,1.74
20180505,28.69,5.99,68.81,1.68
20180506,28.95,2.9,69.01,2.35
20180507,29.82,0.67,66.34,1.62
20180508,29.11,6.06,70.93,1.05
20180509,26.72,34.27,80.07,1.83
20180510,27.16,9.76,79.05,1.84
20180511,28.9,0.87,71.0,1.72
20180512,29.33,3.22,70.78,0.73
20180513,29.64,3.19,66.81,1.53
20180514,28.32,3.93,73.73,1.14
20180515,28.75,2.74,70.26,1.64
20180516,27.83,1.25,73.53,1.13
20180517,28.05,0.34,71.51,1.95
20180518,28.75,2.67,69.66,1.35
20180519,30.22,0.33,63.81,1.52
20180520,29.94,0.54,66.53,1.53
20180521,29.48,0.28,66.41,1.16
20180522,30.1,3.05,62.58,1.23
20180523,29.41,2.51,70.74,1.19
20180524,28.45,6.34,75.28,1.19
20180525,27.43,13.08,77.93,1.27
20180526,26.35,2.43,85.85,3.32
20180527,27.85,1.44,76.8,3.43
20180528,27.74,6.81,80.07,3.84
20180529,29.42,0.88,68.78,3.33
20180530,29.47,0.08,67.7,2.52
20180531,29.55,0.14,67.44,2.26
20180601,29.21,0.1,70.02,1.51
20180602,28.29,0.56,75.61,1.3
20180603,28.06,1.22,77.46,1.62
20180604,28.15,4.8,76.67,1.08
20180605,28.79,1.29,70.03,1.25
20180606,29.16,0.39,64.45,1.46
20180607,28.94,0.79,67.09,2.82
20180608,29.43,0.82,66.62,3.4
20180609,28.84,1.47,66.75,3.99
20180610,28.85,0.9,68.59,3.81
20180611,29.29,1.65,66.36,3.89
20180612,29.17,0.85,67.58,3.1
20180613,28.92,1.49,63.54,3.44
20180614,28.48,0.38,61.74,3.84
20180615,28.79,0.3,58.83,2.78
20180616,28.58,8.73,62.1,2.58
20180617,27.78,0.34,64.48,2.67
20180618,28.74,0.35,57.68,3.03
20180619,28.87,0.5,66.52,3.13
20180620,28.04,0.98,70.25,3.07
20180621,27.71,0.49,70.21,2.6
20180622,28.67,0.45,61.13,2.62
20180623,29.4,0.07,59.5,2.43
20180624,29.44,0.08,60.25,2.24
20180625,27.95,0.19,60.6,2.61
20180626,28.38,0.28,59.0,3.28
20180627,27.64,0.53,62.11,3.45
20180628,27.42,0.53,61.42,3.67
20180629,28.23,0.9,60.62,2.21
20180630,27.9,11.41,63.28,1.35
20180701,28.5,11.57,65.2,0.95
20180702,27.95,8.91,68.05,1.55
20180703,27.85,6.9,68.73,0.82
20180704,28.98,0.01,64.09,1.5
20180705,28.98,0.1,61.59,1.91
20180706,29.09,0.38,59.8,3.15
20180707,27.92,0.24,59.24,3.92
20180708,27.8,0.41,63.63,3.37
20180709,27.45,2.61,73.18,2.89
20180710,27.4,3.02,71.64,3.02
20180711,27.52,1.76,66.97,3.85
20180712,27.45,0.6,62.32,3.83
20180713,28.29,1.11,64.15,3.94
20180714,28.14,0.56,66.63,3.87
20180715,27.48,4.25,70.13,3.71
20180716,27.56,3.58,66.15,4.11
20180717,28.36,0.62,59.09,4.65
20180718,28.03,1.26,62.91,3.82
20180719,28.75,0.66,62.91,3.7
20180720,28.3,0.15,62.15,4.0
20180721,27.96,0.32,61.34,3.9
20180722,28.74,0.11,60.41,3.55
20180723,29.41,0.26,60.36,3.17
20180724,29.1,1.08,61.53,2.8
20180725,29.53,1.35,61.65,2.19
20180726,28.51,0.25,62.32,2.98
20180727,29.41,0.05,59.69,2.6
20180728,29.57,0.41,60.53,1.63
20180729,29.14,0.27,64.04,1.68
20180730,28.04,0.62,70.19,2.01
20180731,28.45,2.22,65.98,2.44
20180801,28.74,0.23,63.38,2.54
20180802,29.41,7.5,61.99,1.61
20180803,26.97,9.87,70.31,2.05
20180804,27.76,3.02,61.58,2.76
20180805,28.29,0.16,61.6,2.89
20180806,28.06,0.2,63.47,3.56
20180807,27.83,0.76,62.41,3.82
20180808,27.41,3.15,62.68,4.15
20180809,28.25,0.9,60.67,3.64
20180810,28.24,1.65,61.68,3.21
20180811,28.64,0.1,56.58,4.51
20180812,27.56,0.9,62.68,4.43
20180813,27.73,1.17,61.82,3.86
20180814,28.02,2.69,60.41,4.79
20180815,27.94,11.63,64.97,5.19
20180816,27.43,5.33,65.47,4.84
20180817,28.7,1.15,62.67,4.59
20180818,27.59,0.37,62.77,4.34
20180819,27.89,0.2,63.13,3.88
20180820,28.34,0.1,61.34,3.56
20180821,28.81,0.06,59.27,3.1
20180822,28.75,0.01,59.38,2.23
20180823,29.05,0.4,61.08,2.01
20180824,28.97,5.41,64.34,1.6
20180825,29.46,1.17,63.84,1.23
20180826,28.44,4.04,64.51,2.36
20180827,27.87,5.26,67.01,2.29
20180828,28.54,0.82,62.42,2.35
20180829,28.24,0.64,62.25,2.11
20180830,28.56,9.86,66.28,1.91
20180831,27.41,8.07,71.21,1.62
20180901,27.72,9.73,70.71,1.1
20180902,27.83,0.77,68.59,1.11
20180903,29.51,0.05,59.32,1.06
20180904,30.05,0.03,59.3,1.4
20180905,29.35,0.0,57.29,1.39
20180906,29.35,0.0,58.3,2.05
20180907,28.71,0.0,56.21,2.81
20180908,29.66,0.0,56.96,1.59
20180909,30.36,0.65,56.98,1.29
20180910,28.92,8.23,65.94,1.36
20180911,29.68,0.46,63.29,1.41
20180912,30.4,0.0,59.56,1.3
20180913,30.63,0.89,60.63,0.67
20180914,29.5,5.05,67.25,1.14
20180915,27.68,2.39,67.04,1.45
20180916,26.36,2.85,66.55,1.85
20180917,27.94,0.25,66.77,1.19
20180918,28.63,0.06,61.05,2.6
20180919,28.46,3.26,64.94,2.07
20180920,28.74,0.67,60.63,2.38
20180921,28.79,0.12,56.67,1.73
20180922,28.72,0.23,62.5,1.09
20180923,29.03,4.88,68.58,1.16
20180924,27.82,8.73,76.08,0.6
20180925,28.19,4.79,72.08,1.07
20180926,27.98,1.38,71.0,1.55
20180927,28.21,15.26,72.0,1.74
20180928,26.94,18.15,81.19,1.23
20180929,27.13,11.16,79.06,1.74
20180930,27.55,4.89,76.21,1.52
20181001,27.32,7.04,78.99,1.38
20181002,26.92,9.37,80.69,1.53
20181003,26.4,6.19,82.04,1.45
20181004,25.47,12.77,84.97,2.07
20181005,25.76,10.9,87.2,2.46
20181006,25.99,13.32,86.46,1.89
20181007,26.37,8.76,82.74,1.0
20181008,26.29,20.6,81.77,0.77
20181009,25.89,4.62,81.99,1.12
20181010,27.08,0.11,74.95,1.13
20181011,28.01,0.05,70.38,1.16
20181012,27.59,0.06,75.51,1.55
20181013,27.2,0.77,78.25,2.2
20181014,26.84,10.28,80.44,1.49
20181015,26.58,1.24,81.51,0.87
20181016,25.75,9.09,84.22,1.39
20181017,25.87,2.01,78.88,0.85
20181018,26.17,1.07,79.14,1.15
20181019,26.21,2.08,80.42,1.13
20181020,26.13,4.32,81.03,1.22
20181021,26.21,2.97,82.32,1.27
20181022,25.79,3.74,83.95,1.4
20181023,25.97,0.8,71.08,1.34
20181024,25.96,2.33,73.11,1.49
20181025,25.69,4.41,81.74,1.9
20181026,25.87,0.23,77.68,2.57
20181027,25.96,0.23,78.1,2.02
20181028,26.29,0.03,69.52,2.25
20181029,27.15,0.0,60.9,1.57
20181030,27.7,0.18,60.86,0.93
20181031,26.53,3.07,81.9,1.71
20181101,26.04,8.59,85.73,2.35
20181102,25.56,10.15,86.27,1.91
20181103,25.01,22.17,89.25,1.79
20181104,25.6,1.87,82.53,1.99
20181105,25.27,0.21,82.45,1.54
20181106,25.09,0.89,83.04,1.92
20181107,25.22,0.59,78.37,1.88
20181108,24.29,1.68,84.53,1.57
20181109,25.16,1.31,84.55,1.68
20181110,25.44,0.04,78.08,2.04
20181111,25.54,0.06,73.23,1.72
20181112,25.69,0.01,71.81,1.25
20181113,26.24,0.0,71.32,1.08
20181114,26.44,0.0,73.6,1.07
20181115,26.8,8.86,73.92,1.44
20181116,24.5,48.82,92.21,2.13
20181117,25.28,0.06,84.43,1.1
20181118,25.74,1.58,84.98,1.28
20181119,25.75,4.26,85.15,1.56
20181120,24.42,3.45,87.83,1.8
20181121,24.76,0.35,81.49,2.6
20181122,24.02,3.51,89.05,2.62
20181123,24.77,5.9,88.59,1.43
20181124,24.74,2.79,87.78,1.86
20181125,24.31,0.12,85.26,1.94
20181126,23.89,0.0,80.98,2.16
20181127,22.9,0.0,79.81,2.18
20181128,23.9,0.83,81.31,2.31
20181129,24.51,9.9,87.9,2.82
20181130,24.89,1.65,85.78,2.49
20181201,24.32,0.18,83.36,2.16
20181202,23.95,0.0,80.07,1.97
20181203,24.79,1.72,82.26,2.1
20181204,25.22,6.11,86.53,1.82
20181205,25.44,0.65,84.68,1.74
20181206,25.32,0.49,83.88,1.8
20181207,25.2,0.07,82.75,2.21
20181208,25.12,0.0,80.54,2.32
20181209,24.73,0.0,79.89,2.24
20181210,24.57,0.0,76.92,1.84
20181211,23.99,0.0,76.94,1.55
20181212,24.69,0.0,75.33,1.56
20181213,24.93,0.0,75.02,1.58
20181214,24.78,0.0,74.87,2.08
20181215,24.83,0.0,75.57,2.68
20181216,24.43,0.0,68.02,1.72
20181217,25.52,0.0,64.43,1.15
20181218,25.64,0.0,77.36,1.57
20181219,24.78,0.0,77.63,2.22
20181220,24.25,0.0,74.85,1.73
20181221,25.33,0.23,76.84,1.89
20181222,23.04,1.65,82.72,2.8
20181223,25.0,3.27,85.08,2.73
20181224,24.34,0.72,86.71,1.96
20181225,25.25,0.07,74.78,2.16
20181226,25.21,0.01,72.49,1.63
20181227,24.86,0.0,72.87,1.64
20181228,24.94,0.02,74.86,1.41
20181229,24.74,0.11,78.05,2.65
20181230,24.24,0.01,74.11,2.91
20181231,23.72,0.01,73.8,2.78
20190101,22.52,0.0,70.59,2.34
20190102,21.65,0.0,72.09,2.53
20190103,22.17,0.0,70.99,2.46
20190104,22.3,0.0,71.34,2.81
20190105,22.77,0.0,71.78,2.28
20190106,22.76,0.0,72.41,2.22
20190107,23.59,0.0,70.65,1.96
20190108,23.68,0.0,68.26,2.25
20190109,22.85,0.0,68.27,2.21
20190110,22.89,0.0,68.68,2.25
20190111,23.34,0.0,69.21,2.37
20190112,23.53,0.0,65.29,2.68
20190113,23.97,0.0,71.92,2.3
20190114,24.49,0.33,70.08,2.27
20190115,24.19,1.44,65.05,2.44
20190116,24.2,0.0,64.11,2.65
20190117,23.39,0.0,65.33,2.44
20190118,22.98,0.0,64.51,2.32
20190119,22.97,0.0,65.18,2.16
20190120,22.9,0.0,64.78,2.54
20190121,23.01,0.0,62.84,2.03
20190122,23.57,0.0,66.03,1.85
20190123,24.71,0.0,67.7,2.07
20190124,25.51,0.0,68.01,2.03
20190125,26.57,0.0,68.61,1.83
20190126,27.27,0.0,68.85,2.03
20190127,27.18,0.09,65.99,2.2
20190128,27.19,0.11,62.9,2.01
20190129,26.53,0.0,61.58,2.76
20190130,26.02,0.0,63.36,3.0
20190131,25.75,0.0,63.72,2.59
20190201,26.0,0.0,63.26,2.23
20190202,26.44,0.0,61.74,2.2
20190203,26.9,0.0,59.62,2.45
20190204,27.18,0.04,63.96,3.17
20190205,27.46,0.04,64.59,3.06
20190206,27.33,0.02,59.95,2.49
20190207,27.45,0.0,60.06,2.08
20190208,28.61,0.0,61.83,1.8
20190209,27.84,3.08,70.23,1.78
20190210,27.61,2.27,69.09,1.88
20190211,27.67,0.21,63.05,2.92
20190212,27.46,0.0,61.53,3.47
20190213,27.25,0.0,59.64,3.23
20190214,28.03,0.0,63.86,2.82
20190215,28.7,0.09,61.78,2.44
20190216,29.61,0.04,57.46,1.84
20190217,30.09,0.11,60.07,1.67
20190218,30.37,0.09,58.84,2.27
20190219,29.6,0.09,60.88,2.44
20190220,28.74,0.01,59.62,2.87
20190221,28.16,0.0,58.35,2.68
20190222,27.24,0.0,53.78,2.78
20190223,27.02,0.0,54.09,2.34
20190224,27.31,0.0,56.62,2.27
20190225,27.79,0.0,53.8,1.86
20190226,29.53,0.0,52.57,1.88
20190227,30.74,0.01,53.21,1.99
20190228,30.75,0.07,53.24,2.11
20190301,30.36,0.2,58.52,2.53
20190302,29.6,0.08,56.78,2.98
20190303,29.91,0.01,55.84,2.66
20190304,29.96,0.0,52.83,2.14
20190305,31.18,0.0,46.26,1.93
20190306,31.74,0.7,48.69,2.28
20190307,31.85,0.64,53.71,2.42
20190308,31.32,0.01,55.72,2.87
20190309,30.73,2.57,56.74,1.99
20190310,30.57,0.98,56.9,2.32
20190311,29.74,0.0,51.1,2.18
20190312,28.76,0.0,51.15,2.15
20190313,28.51,0.0,49.82,2.38
20190314,28.78,0.0,46.86,2.53
20190315,29.11,0.0,45.33,2.54
20190316,28.87,0.0,55.03,2.34
20190317,29.3,0.0,56.47,2.33
20190318,30.1,0.05,56.82,2.43
20190319,30.1,0.04,56.09,2.26
20190320,30.07,0.07,51.77,2.23
20190321,29.73,0.0,52.77,2.03
20190322,30.34,0.0,53.26,1.97
20190323,30.97,0.0,53.2,2.09
20190324,31.18,0.0,45.66,2.11
20190325,30.89,0.0,43.66,2.42
20190326,30.21,0.0,47.77,2.18
20190327,30.08,0.0,45.88,1.82
20190328,30.42,0.0,45.56,2.27
20190329,31.14,0.0,38.15,2.27
20190330,31.38,0.0,40.31,2.24
20190331,32.19,0.0,41.68,1.79
20190401,32.21,0.0,48.18,2.34
20190402,31.62,0.0,50.18,2.22
20190403,30.85,0.0,52.75,2.4
20190404,30.91,0.1,52.11,2.26
20190405,32.12,0.11,49.95,2.2
20190406,32.2,0.01,46.57,2.14
20190407,32.02,0.0,49.23,2.26
20190408,31.98,0.0,55.67,2.6
20190409,32.44,0.04,51.58,2.51
20190410,31.95,0.02,54.51,2.48
20190411,32.06,0.0,49.5,1.87
20190412,32.33,0.0,49.02,2.24
20190413,32.01,0.0,49.01,2.01
20190414,32.07,0.0,46.3,2.1
20190415,32.42,0.0,46.52,2.37
20190416,32.27,3.36,51.1,2.48
20190417,30.28,6.63,61.73,1.43
20190418,30.76,1.57,61.18,2.03
20190419,30.44,5.79,63.72,1.82
20190420,29.43,10.01,67.57,2.1
20190421,30.82,0.5,58.79,1.73
20190422,31.63,6.3,55.47,2.01
20190423,30.64,3.41,62.34,1.8
20190424,30.0,0.46,60.9,1.42
20190425,30.62,1.06,58.85,1.65
20190426,30.45,1.17,62.11,1.61
20190427,31.09,0.0,60.69,1.89
20190428,31.92,0.0,58.53,1.92
20190429,31.58,5.17,61.61,1.37
20190430,31.4,0.51,59.81,1.86
20190501,31.4,0.14,55.96,2.52
20190502,32.78,0.0,49.79,1.57
20190503,32.75,0.0,47.53,1.99
20190504,33.29,0.0,47.77,1.15
20190505,33.61,0.0,46.35,2.15
20190506,33.84,0.28,47.82,2.02
20190507,33.52,1.08,49.99,1.8
20190508,30.87,0.51,52.08,2.17
20190509,33.19,1.38,47.63,1.74
20190510,33.37,1.28,51.16,1.96
20190511,34.05,0.01,48.31,1.79
20190512,34.39,0.03,46.94,1.61
20190513,34.39,0.01,44.95,1.4
20190514,34.62,0.02,43.39,1.68
20190515,34.22,2.79,45.53,1.08
20190516,33.33,0.47,51.63,1.32
20190517,33.89,1.15,48.26,0.93
20190518,33.94,0.21,48.39,1.81
20190519,33.73,0.0,48.49,2.54
20190520,33.3,0.0,48.91,2.67
20190521,33.63,0.01,48.05,2.05
20190522,32.97,0.02,51.46,2.28
20190523,32.2,0.16,55.65,2.0
20190524,32.3,0.54,53.88,2.02
20190525,32.17,0.54,54.28,2.09
20190526,33.45,0.31,48.64,1.08
20190527,34.3,0.2,48.64,1.59
20190528,34.47,1.43,47.92,1.56
20190529,32.79,2.01,54.71,0.97
20190530,31.73,2.67,59.7,1.49
20190531,28.43,8.32,68.32,2.8
20190601,30.64,0.43,62.76,1.38
20190602,31.58,0.2,59.85,2.08
20190603,29.11,0.56,69.74,1.26
20190604,29.91,3.33,65.73,1.56
20190605,29.18,16.96,72.28,1.62
20190606,29.82,0.5,70.18,1.33
20190607,29.61,8.99,70.41,2.57
20190608,29.67,2.2,67.43,2.47
20190609,29.09,1.74,69.05,3.91
20190610,28.77,1.86,70.99,3.26
20190611,29.46,0.93,66.43,3.28
20190612,29.51,0.3,65.96,2.78
20190613,29.51,0.48,64.53,2.57
20190614,29.49,0.49,57.23,2.92
20190615,30.64,0.09,53.25,2.37
20190616,31.29,0.15,57.5,2.05
20190617,31.45,0.02,55.61,2.76
20190618,31.72,0.06,53.1,2.07
20190619,30.67,0.38,56.43,2.58
20190620,30.67,0.33,52.47,3.65
20190621,29.03,0.59,62.21,2.86
20190622,29.84,1.16,61.8,3.24
20190623,29.28,0.86,63.01,2.51
20190624,30.74,0.68,57.03,2.15
20190625,30.14,1.38,62.21,1.6
20190626,30.72,0.01,58.35,1.56
20190627,31.02,0.0,55.01,2.41
20190628,31.39,0.0,51.7,2.53
20190629,31.22,0.0,50.96,3.34
20190630,30.49,0.0,53.05,3.68
20190701,31.79,0.0,51.51,3.29
20190702,30.85,0.2,56.16,3.67
20190703,30.74,0.17,57.15,2.98
20190704,31.05,0.72,57.95,3.15
20190705,30.54,0.2,58.08,3.46
20190706,30.14,0.23,59.36,3.29
20190707,30.28,0.23,57.74,2.82
20190708,31.07,0.25,56.87,2.84
20190709,29.84,0.8,57.96,2.63
20190710,30.09,0.67,50.8,3.11
20190711,31.27,0.35,44.74,2.12
20190712,31.78,0.05,44.8,1.2
20190713,31.85,0.23,46.9,0.98
20190714,31.31,0.75,50.74,1.22
20190715,30.08,6.13,58.3,2.47
20190716,29.4,2.34,61.11,2.19
20190717,29.47,0.6,59.57,2.18
20190718,27.85,10.28,67.77,2.19
20190719,27.31,2.89,73.25,2.34
20190720,28.72,0.85,64.15,3.14
20190721,29.11,1.05,60.61,3.22
20190722,27.96,0.7,65.51,2.62
20190723,29.0,0.22,55.53,3.03
20190724,29.33,4.26,61.35,1.56
20190725,28.78,3.92,61.96,1.93
20190726,28.01,1.71,63.3,1.99
20190727,29.79,0.0,58.52,1.39
20190728,29.44,0.02,56.47,2.51
20190729,28.51,0.01,60.88,2.17
20190730,30.1,0.0,54.14,2.38
20190731,29.8,0.0,54.61,1.49
20190801,30.71,0.05,52.21,1.95
20190802,29.88,0.11,56.0,2.67
20190803,30.07,0.05,53.29,3.5
20190804,30.07,0.49,58.28,3.62
20190805,28.82,1.48,56.18,3.92
20190806,28.46,2.3,60.48,3.77
20190807,28.47,4.25,64.46,4.22
20190808,27.92,10.56,67.97,4.4
20190809,27.7,8.05,68.24,4.09
20190810,27.22,1.43,66.13,3.12
20190811,27.78,0.57,62.22,3.28
20190812,29.4,0.24,57.89,4.05
20190813,28.11,4.04,64.43,2.37
20190814,29.32,3.23,64.66,2.97
20190815,29.08,0.21,63.01,1.9
20190816,28.54,6.48,60.52,2.19
20190817,26.64,8.47,73.75,1.22
20190818,26.85,18.75,74.98,1.38
20190819,28.2,13.93,72.63,1.22
20190820,28.61,5.44,71.62,1.34
20190821,27.46,2.52,75.97,1.84
20190822,27.52,3.34,69.78,2.53
20190823,27.22,0.33,64.2,2.99
20190824,27.34,0.69,63.37,2.36
20190825,27.14,1.61,67.25,2.85
20190826,26.38,0.94,75.65,2.63
20190827,28.11,0.57,65.35,3.1
20190828,27.72,0.3,66.51,2.62
20190829,26.82,6.09,71.74,2.65
20190830,27.83,0.35,62.36,3.35
20190831,26.52,0.45,68.07,3.06
20190901,28.36,0.6,69.17,2.64
20190902,27.25,1.54,75.06,2.14
20190903,27.89,0.85,71.03,2.13
20190904,28.52,0.55,66.74,2.96
20190905,28.24,0.59,66.68,2.94
20190906,28.63,0.79,67.14,2.82
20190907,28.7,0.37,64.57,2.89
20190908,28.4,0.49,62.24,2.61
20190909,29.1,0.28,58.86,1.94
20190910,29.26,6.04,66.72,1.16
20190911,28.31,10.31,73.77,1.21
20190912,27.99,2.61,70.81,1.07
20190913,27.81,22.15,70.79,1.04
20190914,27.83,4.39,71.63,1.16
20190915,28.13,6.26,70.17,1.23
20190916,27.97,11.69,72.65,1.91
20190917,27.73,3.72,70.4,1.66
20190918,27.89,3.36,75.35,1.75
20190919,27.71,4.93,73.87,2.09
20190920,26.95,2.42,71.92,0.91
20190921,28.3,0.43,70.37,1.58
20190922,27.93,5.61,74.53,1.32
20190923,26.58,27.03,85.37,0.89
20190924,26.21,8.68,83.68,1.65
20190925,25.63,6.34,85.67,2.78
20190926,25.68,1.48,81.43,2.44
20190927,26.45,6.54,75.29,1.54
20190928,26.43,6.24,77.28,1.13
20190929,25.87,10.07,81.1,1.24
20190930,25.04,21.45,86.07,1.45
20191001,26.8,1.34,76.18,1.35
20191002,26.3,3.62,81.88,1.07
20191003,26.97,1.34,78.94,1.07
20191004,27.34,0.21,76.71,1.01
20191005,27.14,0.41,77.42,1.62
20191006,26.31,2.42,81.07,1.3
20191007,26.9,3.77,78.44,1.06
20191008,26.83,9.18,80.11,1.15
20191009,27.2,1.38,79.08,1.15
20191010,26.92,0.47,80.27,1.38
20191011,25.59,11.37,85.54,1.04
20191012,26.22,6.27,82.68,1.08
20191013,26.46,15.92,83.52,1.11
20191014,26.34,7.8,84.77,1.17
20191015,25.9,10.04,87.87,1.25
20191016,24.76,30.92,90.04,1.37
20191017,24.8,19.57,90.45,2.14
20191018,25.12,7.57,88.66,1.1
20191019,25.41,7.66,88.24,1.33
20191020,25.13,15.41,90.61,1.18
20191021,24.77,29.84,94.06,1.26
20191022,24.97,6.56,87.99,1.0
20191023,25.95,22.36,83.24,0.75
20191024,24.52,1.89,87.39,1.63
20191025,24.85,0.84,85.81,1.37
20191026,24.78,1.23,88.05,1.57
20191027,24.15,2.6,87.38,1.22
20191028,24.87,2.96,84.52,1.51
20191029,23.9,24.47,89.57,1.97
20191030,24.37,45.08,92.88,1.87
20191031,25.05,6.97,93.33,2.34
20191101,25.54,0.46,83.68,0.95
20191102,25.09,1.16,86.32,0.95
20191103,25.17,3.87,86.74,1.2
20191104,25.44,2.07,86.06,1.08
20191105,25.81,0.1,82.92,0.98
20191106,26.29,0.29,83.17,0.86
20191107,25.49,9.73,89.44,0.65
20191108,25.89,4.07,86.0,0.77
20191109,26.25,5.4,86.49,1.07
20191110,25.99,4.36,86.9,1.33
20191111,25.74,1.19,86.43,1.12
20191112,25.08,1.0,88.32,1.69
20191113,24.93,0.11,88.15,2.18
20191114,25.25,5.09,89.29,1.97
20191115,25.37,7.52,90.16,1.98
20191116,25.37,4.1,88.68,1.67
20191117,25.41,1.15,88.14,1.79
20191118,25.83,1.13,88.96,2.04
20191119,25.66,0.5,86.84,1.63
20191120,25.17,5.26,89.88,1.72
20191121,25.2,2.12,88.7,1.95
20191122,24.65,5.85,91.16,2.04
20191123,24.46,1.07,89.32,2.82
20191124,24.58,4.04,88.98,2.28
20191125,24.76,2.05,88.59,2.86
20191126,24.64,0.36,86.88,2.5
20191127,25.37,4.25,87.93,2.28
20191128,25.28,11.74,91.2,2.09
20191129,25.36,15.36,91.09,2.54
20191130,24.39,26.11,93.71,1.89
20191201,24.41,12.01,93.73,1.57
20191202,24.46,11.83,91.35,1.83
20191203,24.59,3.58,91.7,1.92
20191204,24.31,1.33,88.24,2.77
20191205,23.68,4.51,88.89,3.02
20191206,23.42,1.77,88.51,3.25
20191207,23.81,3.97,90.14,2.74
20191208,23.38,0.12,87.61,2.17
20191209,23.2,0.0,87.8,2.17
20191210,23.32,0.01,86.05,1.97
20191211,23.5,0.0,85.98,1.83
20191212,23.75,0.05,88.34,2.23
20191213,24.55,6.13,90.08,2.38
20191214,24.55,6.04,90.6,2.39
20191215,23.88,1.18,89.04,2.39
20191216,23.3,0.43,90.57,1.9
20191217,23.91,1.29,89.93,2.79
20191218,24.09,0.22,88.96,2.88
20191219,24.22,0.11,88.7,2.84
20191220,24.15,3.39,89.49,2.6
20191221,23.24,0.15,89.22,1.86
20191222,23.87,0.13,87.81,2.01
20191223,23.65,0.01,87.14,2.04
20191224,23.94,1.08,88.93,2.14
20191225,24.57,2.7,90.32,2.58
20191226,23.93,0.03,87.78,1.72
20191227,23.49,0.0,86.03,1.83
20191228,23.34,0.01,84.27,1.76
20191229,23.78,0.01,86.76,2.0
20191230,23.83,0.0,86.33,1.94
20191231,24.33,0.02,85.2,1.65
20200101,24.73,0.01,86.73,1.98
20200102,25.33,0.0,85.55,1.82
20200103,25.44,0.0,85.26,1.53
20200104,25.9,0.1,84.04,1.38
20200105,25.59,0.08,84.63,1.74
20200106,24.84,0.32,84.78,2.27
20200107,24.59,0.43,84.02,2.23
20200108,24.43,0.05,80.95,2.0
20200109,23.83,0.0,78.08,1.84
20200110,23.57,0.0,77.3,2.16
20200111,23.04,0.0,77.9,2.31
20200112,23.08,0.0,78.35,2.19
20200113,23.39,0.0,78.11,1.83
20200114,22.97,0.0,76.02,1.72
20200115,22.49,0.0,74.25,1.91
20200116,23.28,0.0,75.21,1.59
20200117,24.64,0.34,80.11,1.86
20200118,25.48,0.74,81.92,2.25
20200119,25.05,1.02,80.65,2.5
20200120,24.86,0.0,77.13,2.21
20200121,24.54,0.0,75.49,2.46
20200122,24.94,0.0,76.4,2.96
20200123,25.23,0.0,78.89,2.89
20200124,24.46,0.0,74.89,2.64
20200125,23.9,0.0,71.27,1.96
20200126,24.1,0.0,70.7,1.77
20200127,24.31,0.0,67.26,1.46
20200128,24.89,0.0,69.22,1.69
20200129,25.29,0.0,70.7,1.52
20200130,25.62,0.0,69.41,1.52
20200131,25.38,0.0,71.86,1.85
20200201,25.63,0.0,71.71,1.81
20200202,25.32,0.0,70.0,2.23
20200203,25.2,0.0,68.18,2.22
20200204,25.61,0.02,69.07,2.17
20200205,25.98,0.11,69.19,2.23
20200206,25.74,0.03,64.36,2.07
20200207,26.15,0.03,66.68,2.03
20200208,26.9,0.0,64.13,1.56
20200209,26.92,0.01,63.46,2.05
20200210,26.64,0.0,65.35,2.6
20200211,26.54,0.0,65.21,2.84
20200212,26.57,0.0,67.42,2.89
20200213,26.75,0.0,65.47,2.7
20200214,26.07,0.18,64.55,1.93
20200215,27.0,0.05,60.79,1.83
20200216,26.32,0.0,59.66,2.15
20200217,26.34,0.0,61.0,2.34
20200218,25.43,0.0,61.71,2.19
20200219,25.53,0.0,61.84,2.25
20200220,25.67,0.0,63.57,2.45
20200221,26.39,0.64,69.4,3.02
20200222,27.55,1.07,67.52,3.7
20200223,27.05,0.0,65.57,3.09
20200224,27.14,0.0,63.99,2.61
20200225,27.29,0.0,66.48,1.83
20200226,27.83,0.0,63.45,2.19
20200227,27.94,0.01,63.44,2.35
20200228,28.36,0.04,60.93,2.69
20200229,28.04,0.0,60.23,2.32
20200301,28.37,0.18,57.49,2.22
20200302,28.87,0.14,55.83,1.63
20200303,28.12,0.03,53.51,0.92
20200304,27.22,0.16,63.5,1.45
20200305,29.36,0.07,53.44,1.63
20200306,30.38,0.01,53.07,2.15
20200307,30.24,0.0,59.01,2.72
20200308,29.87,0.06,59.89,2.5
20200309,30.28,0.05,56.24,2.43
20200310,29.55,0.0,54.66,2.43
20200311,29.14,0.14,56.59,1.99
20200312,29.14,0.13,56.59,2.18
20200313,28.96,0.0,57.28,2.36
20200314,29.86,0.0,57.18,2.36
20200315,29.81,0.0,56.05,2.81
20200316,30.36,0.0,57.96,3.04
20200317,30.05,0.0,57.34,2.8
20200318,30.46,0.0,58.79,2.68
20200319,30.85,0.0,52.84,2.12
20200320,31.42,0.01,48.83,2.18
20200321,30.98,0.71,52.62,2.16
20200322,31.05,0.13,52.77,2.06
20200323,30.82,0.23,51.57,2.33
20200324,30.38,0.0,52.16,2.41
20200325,30.35,0.13,53.44,2.24
20200326,30.18,0.0,52.83,2.66
20200327,30.03,0.0,55.9,2.77
20200328,30.1,0.0,51.73,2.14
20200329,30.17,0.0,47.73,1.95
20200330,30.46,0.06,42.57,2.07
20200331,29.9,0.16,49.25,2.37
20200401,30.03,0.0,51.9,2.3
20200402,30.62,0.0,54.34,2.26
20200403,30.51,0.0,52.73,2.1
20200404,30.85,0.08,54.0,2.35
20200405,28.84,2.6,68.58,1.64
20200406,30.95,0.1,58.85,2.17
20200407,30.58,0.16,55.75,1.35
20200408,30.92,0.93,53.72,1.59
20200409,30.64,4.13,60.18,2.21
20200410,29.97,2.81,62.12,2.28
20200411,30.16,0.4,60.84,2.3
20200412,30.65,0.0,56.25,1.99
20200413,30.77,0.0,52.81,1.86
20200414,31.04,0.11,51.84,2.22
20200415,31.16,0.33,56.1,2.4
20200416,31.38,0.02,55.21,2.26
20200417,31.75,0.03,54.32,2.47
20200418,31.87,0.28,54.7,2.63
20200419,30.64,1.86,59.43,2.18
20200420,30.58,0.19,60.46,2.28
20200421,31.63,0.16,55.34,2.28
20200422,32.3,0.35,53.16,2.3
20200423,33.12,0.61,51.77,2.34
20200424,32.22,4.2,56.56,2.1
20200425,30.06,9.76,70.98,1.71
20200426,28.4,6.7,80.91,1.48
20200427,30.03,1.91,68.88,1.3
20200428,28.64,1.49,74.96,1.58
20200429,29.78,2.16,66.68,1.14
20200430,30.18,0.13,62.92,1.35
20200501,31.38,0.03,57.94,1.8
20200502,31.83,1.15,57.64,2.1
20200503,29.45,1.96,70.1,1.41
20200504,30.9,0.12,61.02,1.88
20200505,30.54,0.07,61.52,2.25
20200506,30.47,1.13,63.9,2.25
20200507,30.42,6.18,63.95,3.01
20200508,29.04,3.34,72.86,2.02
20200509,30.06,0.53,68.16,1.99
20200510,29.77,0.83,70.01,1.92
20200511,28.72,2.2,74.39,1.86
20200512,30.2,0.45,63.58,2.22
20200513,29.84,2.88,63.01,1.47
20200514,30.6,0.23,62.42,1.43
20200515,30.29,0.93,66.11,1.13
20200516,31.34,0.52,57.79,1.96
20200517,31.12,3.92,60.13,2.2
20200518,29.9,1.7,61.37,4.09
20200519,30.97,0.08,55.92,4.21
20200520,32.46,0.25,51.76,2.55
20200521,30.66,1.21,55.35,3.08
20200522,32.61,0.35,49.54,1.87
20200523,33.89,0.35,48.02,1.65
20200524,34.07,0.23,48.32,1.79
20200525,33.08,1.5,52.56,1.6
20200526,32.56,0.15,53.67,1.21
20200527,32.63,1.41,52.13,1.63
20200528,30.63,25.49,66.27,1.55
20200529,30.98,1.01,57.53,1.64
20200530,29.97,0.23,65.55,2.52
20200531,29.32,0.64,68.83,3.48
20200601,28.89,2.53,71.17,2.92
20200602,28.29,7.17,71.6,2.73
20200603,27.99,0.11,70.57,2.75
20200604,28.52,0.53,65.92,3.08
20200605,28.26,2.0,70.59,2.61
20200606,28.9,2.11,68.54,2.19
20200607,28.14,3.4,69.97,1.97
20200608,29.79,0.01,58.47,2.75
20200609,29.7,0.13,56.34,2.75
20200610,29.55,0.3,57.11,2.83
20200611,28.36,1.33,61.02,2.6
20200612,28.3,0.2,61.44,3.09
20200613,29.46,0.41,58.76,2.69
20200614,29.8,0.08,59.05,2.99
20200615,30.54,0.05,58.96,2.07
20200616,29.75,0.3,65.08,2.21
20200617,29.41,0.4,63.46,2.43
20200618,29.64,0.13,57.2,2.53
20200619,29.51,0.16,56.95,2.72
20200620,29.72,0.03,56.37,3.19
20200621,27.97,0.99,60.91,3.31
20200622,29.7,1.06,55.13,2.56
20200623,30.58,0.02,49.45,2.58
20200624,30.0,6.34,55.09,1.52
20200625,27.42,21.32,71.87,1.6
20200626,27.8,6.54,74.64,2.05
20200627,29.43,0.48,66.84,1.85
20200628,29.3,8.21,70.95,2.0
20200629,28.68,4.3,73.01,1.5
20200630,29.13,0.69,67.14,1.97
20200701,27.83,0.01,65.93,1.59
20200702,28.93,1.33,63.16,2.18
20200703,27.06,0.78,65.2,3.05
20200704,27.16,0.89,67.47,2.93
20200705,27.86,0.34,62.39,2.17
20200706,27.48,1.01,66.29,2.7
20200707,28.15,3.93,66.79,1.96
20200708,27.25,14.15,74.23,1.01
20200709,26.48,21.6,79.1,1.22
20200710,26.42,1.97,79.5,1.52
20200711,27.52,6.29,73.74,1.16
20200712,28.59,0.82,68.88,1.94
20200713,27.92,3.72,72.98,0.98
20200714,27.92,3.19,74.47,1.69
20200715,28.29,0.99,72.18,1.35
20200716,27.54,1.77,72.01,2.0
20200717,27.41,0.94,70.31,2.18
20200718,27.61,0.38,69.71,1.01
20200719,27.1,4.29,73.81,1.31
20200720,27.01,14.52,79.15,1.83
20200721,26.77,1.11,78.05,1.19
20200722,26.78,0.34,79.52,2.42
20200723,27.33,9.01,76.89,2.71
20200724,26.81,6.53,78.2,2.64
20200725,27.35,1.23,71.07,1.99
20200726,26.98,1.38,74.12,1.41
20200727,27.73,1.08,70.99,1.49
20200728,27.67,2.73,70.59,2.04
20200729,26.86,6.55,74.5,1.76
20200730,28.34,1.15,70.58,2.08
20200731,27.91,3.44,74.06,2.01
20200801,27.92,3.29,69.59,2.25
20200802,27.14,1.21,69.22,3.24
20200803,27.19,2.38,71.82,3.68
20200804,26.82,1.8,66.36,3.91
20200805,27.66,0.87,62.35,4.68
20200806,28.47,3.45,67.27,3.72
20200807,28.87,1.73,65.58,3.85
20200808,27.17,12.73,73.06,2.29
20200809,25.95,6.3,78.2,2.49
20200810,27.03,0.21,71.19,2.58
20200811,28.3,0.78,70.25,2.21
20200812,28.63,0.32,66.67,2.5
20200813,28.39,0.33,68.45,1.69
20200814,28.14,0.07,68.24,2.0
20200815,27.51,0.02,68.98,2.16
20200816,28.14,0.05,68.47,1.95
20200817,28.76,0.1,68.2,1.9
20200818,29.25,0.26,65.76,1.81
20200819,29.05,0.03,67.08,1.26
20200820,28.43,0.0,68.1,1.74
20200821,29.74,0.14,61.78,0.8
20200822,29.81,4.54,66.77,0.98
20200823,29.26,7.07,70.33,0.92
20200824,28.61,15.4,72.99,1.01
20200825,28.35,5.7,76.17,0.91
20200826,27.74,5.53,76.77,0.82
20200827,28.68,0.3,68.35,0.96
20200828,29.67,4.81,63.65,1.17
20200829,29.36,1.57,64.7,1.69
20200830,29.04,0.05,66.77,1.06
20200831,28.4,4.03,71.73,1.33
20200901,27.79,13.16,73.95,1.53
20200902,26.66,6.88,76.27,1.35
20200903,26.95,15.34,79.42,1.24
20200904,27.76,4.6,77.58,1.09
20200905,27.37,1.12,77.53,1.95
20200906,27.27,8.37,75.7,2.54
20200907,27.65,1.56,74.16,2.02
20200908,27.48,7.73,77.2,1.4
20200909,26.72,10.6,80.06,2.4
20200910,25.82,3.11,80.24,3.12
20200911,25.55,0.97,77.25,2.75
20200912,27.04,1.05,70.03,2.02
20200913,26.24,1.8,75.67,1.58
20200914,26.95,0.27,69.02,2.49
20200915,26.2,1.66,73.33,1.81
20200916,27.97,0.7,71.1,1.83
20200917,27.9,2.51,73.18,1.84
20200918,27.94,0.91,69.81,2.78
20200919,27.02,1.77,69.99,3.39
20200920,26.03,1.73,67.86,4.17
20200921,26.64,0.7,70.52,3.1
20200922,27.11,0.31,66.82,2.78
20200923,28.02,0.13,67.89,2.0
20200924,27.84,0.39,70.76,0.95
20200925,26.09,6.2,78.32,1.12
20200926,26.32,0.9,77.79,1.49
20200927,28.14,5.07,68.92,0.59
20200928,27.64,6.25,75.41,0.8
20200929,27.11,5.37,75.68,1.19
20200930,27.03,3.93,74.59,1.46
20201001,27.31,0.04,69.43,1.65
20201002,27.09,0.03,68.39,1.37
20201003,26.93,0.04,70.43,1.82
20201004,27.2,0.02,66.79,1.99
20201005,27.95,0.0,62.87,1.47
20201006,28.95,22.18,67.14,0.95
20201007,28.59,14.54,75.26,1.64
20201008,27.23,6.89,81.1,1.14
20201009,26.25,20.61,85.43,0.67
20201010,26.72,2.81,77.21,1.11
20201011,25.37,0.89,79.27,1.85
20201012,26.51,0.29,74.27,2.4
20201013,26.2,0.17,73.97,2.97
20201014,26.8,0.12,71.54,2.63
20201015,27.07,0.2,72.61,1.98
20201016,27.16,0.42,76.76,1.28
20201017,27.38,1.04,74.69,0.78
20201018,27.15,3.0,75.29,1.0
20201019,27.73,2.9,72.89,1.04
20201020,26.29,15.96,81.73,1.23
20201021,27.01,2.12,75.82,1.35
20201022,25.65,1.92,79.18,1.63
20201023,26.93,0.0,72.34,1.22
20201024,26.47,0.0,68.35,1.15
20201025,27.05,105.44,74.01,1.14
20201026,26.65,43.61,82.14,1.05
20201027,26.72,0.11,79.3,1.1
20201028,26.69,4.17,78.42,0.8
20201029,26.39,4.86,79.47,0.98
20201030,25.47,14.44,83.68,0.95
20201031,26.63,21.28,75.6,0.64
20201101,26.57,0.7,75.87,0.71
20201102,26.88,2.25,79.34,0.86
20201103,26.65,0.4,81.0,1.16
20201104,26.44,2.51,83.4,1.08
20201105,25.95,23.58,85.6,1.26
20201106,25.03,12.27,88.46,1.68
20201107,25.41,0.67,88.32,2.03
20201108,25.25,5.18,89.22,2.14
20201109,25.11,0.1,80.99,2.41
20201110,24.32,0.15,78.8,2.04
20201111,24.98,1.98,82.63,2.23
20201112,24.94,12.04,92.11,1.84
20201113,25.26,13.92,89.77,1.75
20201114,25.52,1.64,88.19,2.4
20201115,25.21,5.85,91.88,2.44
20201116,24.96,38.45,92.91,2.02
20201117,24.9,44.74,90.47,2.49
20201118,24.65,18.75,91.33,1.54
20201119,24.98,6.08,89.2,1.84
20201120,24.62,0.92,88.56,2.0
20201121,24.13,0.02,84.91,2.03
20201122,23.18,0.0,83.3,1.55
20201123,23.55,0.01,84.7,1.99
20201124,23.34,0.03,87.26,2.43
20201125,25.0,1.97,86.55,2.39
20201126,25.25,3.9,86.9,1.89
20201127,25.18,16.84,86.58,0.93
20201128,24.88,3.26,89.05,2.02
20201129,24.49,1.25,90.83,1.88
20201130,24.55,0.85,89.83,2.47
20201201,23.83,0.02,84.72,2.56
20201202,24.11,6.54,85.47,2.98
20201203,23.73,25.92,90.09,3.89
20201204,24.34,17.71,94.25,3.89
20201205,24.09,4.35,94.44,3.25
20201206,24.38,10.76,91.56,3.34
20201207,24.37,15.63,93.56,2.6
20201208,24.74,7.6,90.79,1.82
20201209,24.59,2.84,89.13,1.77
20201210,23.68,0.23,87.34,1.84
20201211,23.05,0.04,86.47,1.89
20201212,22.91,0.06,86.58,1.79
20201213,22.8,0.01,84.69,1.71
20201214,22.38,0.0,83.23,1.84
20201215,22.94,5.42,87.71,2.11
20201216,22.83,9.04,94.03,2.24
20201217,23.66,8.86,92.75,2.14
20201218,23.72,5.87,91.71,2.63
20201219,22.81,1.96,88.81,3.08
20201220,22.81,0.03,87.92,2.77
20201221,21.71,0.0,88.24,2.54
20201222,21.68,0.12,87.9,2.14
20201223,22.44,0.26,90.57,1.71
20201224,23.22,0.0,87.92,2.08
20201225,22.58,0.0,86.78,2.11
20201226,21.43,0.0,85.38,2.13
20201227,22.13,0.01,85.07,2.18
20201228,22.38,0.01,83.4,1.9
20201229,23.15,0.69,87.54,2.04
20201230,24.07,4.44,89.32,3.14
20201231,23.99,14.57,91.52,2.94
20210101,22.68,1.16,87.58,2.52
20210102,22.97,0.95,89.36,2.43
20210103,24.18,7.69,90.79,2.6
20210104,24.31,12.42,90.15,2.7
20210105,24.11,1.86,90.54,2.11
20210106,24.18,15.42,89.18,1.1
20210107,24.28,19.8,92.54,1.7
20210108,24.73,9.33,90.01,1.4
20210109,23.82,7.69,93.87,1.8
20210110,23.27,6.78,93.21,1.69
20210111,23.5,8.3,91.87,2.42
20210112,23.24,19.31,94.18,3.38
20210113,23.47,20.53,94.03,2.86
20210114,23.74,14.7,92.3,2.43
20210115,23.36,22.66,94.46,2.34
20210116,23.93,23.11,91.4,2.19
20210117,22.65,1.26,87.12,1.94
20210118,21.48,0.03,87.15,2.24
20210119,21.92,0.0,84.36,1.91
20210120,23.06,0.02,86.43,1.67
20210121,24.75,0.08,89.51,1.61
20210122,25.05,0.28,88.36,1.56
20210123,24.0,0.16,88.04,1.89
20210124,23.05,0.0,86.07,1.96
20210125,22.23,0.0,85.97,1.76
20210126,21.84,0.0,83.71,1.84
20210127,21.36,0.0,82.13,1.8
20210128,22.06,0.0,84.97,2.16
20210129,23.03,0.08,87.16,2.27
20210130,23.64,0.1,87.18,1.99
20210131,23.26,0.0,85.72,2.16
20210201,22.79,0.08,85.59,2.51
20210202,22.72,0.11,85.97,2.37
20210203,22.86,0.03,86.13,2.32
20210204,22.34,0.0,82.11,2.02
20210205,21.84,0.0,82.6,2.14
20210206,22.1,0.0,82.27,2.13
20210207,21.42,0.0,79.71,2.34
20210208,21.38,0.0,81.02,2.7
20210209,21.22,0.0,81.67,2.6
20210210,20.73,0.0,80.53,2.18
20210211,20.7,0.0,78.99,1.98
20210212,20.77,0.0,79.2,1.91
20210213,21.64,0.0,77.6,1.68
20210214,22.31,0.0,75.95,1.69
20210215,23.32,0.0,77.67,1.59
20210216,24.27,0.0,78.93,1.55
20210217,24.0,0.0,79.29,1.8
20210218,24.05,0.09,80.34,1.96
20210219,24.51,0.08,81.16,1.87
20210220,25.32,3.28,81.95,2.74
20210221,25.72,1.27,80.8,2.49
20210222,25.34,0.08,79.57,2.59
20210223,25.28,0.01,77.0,2.16
20210224,24.96,0.0,75.24,1.83
20210225,25.27,0.0,71.6,1.64
20210226,25.88,0.11,65.06,1.62
20210227,26.2,0.03,63.11,1.48
20210228,25.28,0.0,66.89,1.73
20210301,25.12,0.0,69.41,1.72
20210302,25.07,0.0,70.97,1.91
20210303,24.3,0.0,71.28,2.23
20210304,24.47,0.0,72.06,1.95
20210305,25.07,0.0,70.36,1.76
20210306,26.12,0.0,68.43,1.69
20210307,26.89,0.0,70.36,1.96
20210308,27.16,0.02,73.16,2.06
20210309,27.27,0.04,70.99,2.44
20210310,26.59,1.79,76.4,2.21
20210311,26.77,2.68,75.09,2.09
20210312,26.54,0.45,69.77,1.99
20210313,26.53,0.0,70.35,1.98
20210314,27.17,0.0,68.31,2.17
20210315,27.14,0.0,63.46,2.05
20210316,27.41,0.0,63.48,1.94
20210317,27.36,0.0,64.43,2.07
20210318,26.4,0.0,65.82,1.81
20210319,27.16,0.0,61.5,1.9
20210320,27.98,0.01,63.21,1.62
20210321,28.38,0.0,57.89,1.54
20210322,27.91,3.43,65.65,1.74
20210323,28.37,0.07,65.83,1.93
20210324,27.69,0.07,67.15,1.57
20210325,27.85,0.36,65.7,1.46
20210326,28.15,0.12,67.24,1.9
20210327,28.9,0.34,64.79,1.89
20210328,28.75,1.51,65.28,1.56
20210329,29.34,0.45,62.77,2.03
20210330,30.24,0.28,56.72,2.17
20210331,31.38,0.02,52.78,1.85
20210401,31.78,1.94,55.94,1.51
20210402,31.6,0.49,55.87,1.98
20210403,32.43,0.0,48.75,1.47
20210404,32.29,0.04,46.64,1.9
20210405,32.17,0.03,48.97,2.3
20210406,30.23,0.14,60.05,1.96
20210407,29.64,0.07,57.81,1.87
20210408,29.55,0.07,56.45,1.55
20210409,30.06,0.07,58.47,2.16
20210410,29.46,1.62,62.33,2.04
20210411,29.01,6.48,65.98,1.63
20210412,28.51,5.27,70.39,1.74
20210413,27.37,2.82,76.97,1.83
20210414,27.98,4.94,74.14,1.6
20210415,26.63,13.78,80.27,0.94
20210416,27.3,8.05,77.65,0.93
20210417,29.42,0.03,67.4,1.14
20210418,29.62,0.21,65.75,1.28
20210419,31.13,0.4,59.25,1.11
20210420,30.06,0.4,64.39,0.85
20210421,30.07,1.24,64.84,1.11
20210422,29.41,0.18,67.69,1.53
20210423,29.77,1.76,66.18,1.47
20210424,29.49,2.41,68.91,1.56
20210425,29.76,0.63,67.99,1.86
20210426,30.15,0.11,63.79,1.58
20210427,29.01,0.25,69.49,1.08
20210428,29.87,0.03,62.22,1.62
20210429,30.23,0.18,62.27,1.56
20210430,29.9,1.57,66.53,1.91
20210501,28.63,3.04,77.49,1.74
20210502,29.22,2.38,71.54,1.82
20210503,28.55,2.71,74.7,1.98
20210504,28.65,5.71,73.37,1.8
20210505,28.37,1.23,74.59,1.66
20210506,29.37,1.34,68.56,1.81
20210507,27.77,12.49,78.76,1.53
20210508,27.72,1.67,78.05,1.84
20210509,28.38,1.39,75.74,1.45
20210510,28.44,2.53,75.83,1.6
20210511,29.15,0.91,72.62,1.29
20210512,29.9,0.45,69.68,1.35
20210513,30.24,10.69,65.14,1.86
20210514,29.01,6.06,70.1,3.26
20210515,27.6,3.72,75.83,4.32
20210516,27.86,0.93,74.59,2.69
20210517,28.91,6.62,72.16,1.95
20210518,29.8,0.33,70.61,1.33
20210519,28.87,6.99,75.34,2.14
20210520,27.52,6.9,79.36,1.93
20210521,27.47,1.47,74.66,2.31
20210522,27.14,1.82,75.51,2.41
20210523,29.47,0.22,64.18,2.25
20210524,29.72,0.02,63.27,2.88
20210525,27.63,1.32,70.11,3.39
20210526,27.19,3.71,69.59,3.77
20210527,29.16,0.08,61.84,3.11
20210528,29.97,0.1,57.6,2.57
20210529,30.05,0.2,58.78,2.05
20210530,30.48,0.14,57.63,2.63
20210531,30.31,2.96,60.7,1.93
20210601,29.94,0.52,65.45,1.75
20210602,31.12,1.22,60.17,1.5
20210603,28.27,8.87,80.28,1.53
20210604,26.54,15.16,83.66,1.32
20210605,26.84,17.08,77.22,1.66
20210606,28.17,2.4,72.45,1.41
20210607,29.4,0.12,69.73,1.39
20210608,28.86,3.08,68.45,1.82
20210609,28.36,0.73,70.11,2.11
20210610,29.0,0.11,65.29,2.55
20210611,28.81,0.13,64.36,2.38
20210612,28.61,1.36,65.48,3.06
20210613,27.33,1.06,72.26,2.86
20210614,27.25,0.52,61.24,4.13
20210615,28.6,0.37,65.99,3.18
20210616,28.21,0.91,70.71,2.8
20210617,28.22,0.27,67.87,2.77
20210618,28.51,0.08,66.53,2.42
20210619,28.09,0.07,64.45,2.07
20210620,28.91,0.09,65.69,1.53
20210621,29.29,1.63,65.09,1.82
20210622,28.63,3.75,68.28,1.41
20210623,28.33,12.06,71.2,1.23
20210624,28.52,0.55,68.85,1.79
20210625,28.9,0.03,62.0,1.87
20210626,28.08,1.15,65.33,2.26
20210627,28.62,0.34,64.24,1.68
20210628,28.37,0.95,63.26,1.32
20210629,28.95,4.09,66.53,1.5
20210630,28.93,2.14,72.34,1.17
20210701,28.47,25.73,74.91,1.45
20210702,28.17,4.73,75.11,1.76
20210703,27.85,5.8,75.28,0.72
20210704,26.88,15.03,76.86,1.83
20210705,28.24,5.21,73.91,1.08
20210706,27.06,0.32,78.34,1.24
20210707,27.97,2.23,75.54,1.04
20210708,28.93,13.73,72.72,1.17
20210709,27.73,2.76,76.34,1.99
20210710,26.15,1.6,71.54,3.66
20210711,26.56,0.27,65.41,3.79
20210712,27.12,0.25,67.44,3.64
20210713,27.45,0.43,68.0,3.08
20210714,26.72,2.32,69.36,3.06
20210715,27.67,1.67,66.42,3.01
20210716,28.17,1.09,70.27,1.7
20210717,27.55,0.58,70.96,1.69
20210718,27.31,1.02,73.61,2.52
20210719,27.66,0.06,70.49,2.45
20210720,28.25,0.09,67.06,3.06
20210721,28.21,0.41,66.62,3.24
20210722,28.24,2.01,65.99,4.26
20210723,28.03,1.23,65.05,4.53
20210724,28.62,0.48,64.13,3.36
20210725,28.2,1.29,63.53,2.92
20210726,28.69,1.48,64.99,2.57
20210727,27.34,0.4,71.88,1.88
20210728,28.26,0.51,65.45,2.24
20210729,29.3,0.03,63.05,2.19
20210730,28.97,0.07,64.0,2.12
20210731,29.39,0.08,61.82,2.55
20210801,29.45,0.01,58.76,2.74
20210802,29.29,0.14,57.07,2.56
20210803,28.41,0.1,60.82,2.68
20210804,29.37,0.09,56.32,3.5
20210805,29.21,0.63,61.57,2.7
20210806,28.52,0.99,67.8,2.11
20210807,29.03,1.91,64.41,2.58
20210808,28.65,1.74,64.52,1.72
20210809,27.48,21.53,67.64,2.37
20210810,27.69,0.9,66.66,2.38
20210811,28.01,3.4,67.47,1.88
20210812,26.4,0.48,71.27,1.99
20210813,27.94,1.28,66.58,1.65
20210814,28.27,1.03,65.94,2.24
20210815,28.74,0.64,61.42,2.44
20210816,28.84,0.28,61.02,2.07
20210817,27.18,7.02,68.11,1.86
20210818,25.99,1.93,70.38,2.77
20210819,28.22,1.14,61.44,2.75
20210820,27.24,0.8,65.14,1.4
20210821,26.56,7.6,74.77,0.89
20210822,26.89,9.47,75.9,0.97
20210823,27.71,13.55,71.23,1.13
20210824,28.46,1.07,68.32,1.64
20210825,28.69,6.76,67.45,1.98
20210826,28.67,5.07,71.62,1.99
20210827,27.62,2.33,77.55,1.77
20210828,26.8,1.34,76.03,2.02
20210829,27.35,0.97,72.67,2.45
20210830,27.52,0.12,68.42,2.58
20210831,28.47,7.14,69.12,1.53
20210901,28.12,4.9,70.51,1.04
20210902,26.49,17.4,77.21,1.53
20210903,26.4,2.67,77.25,1.38
20210904,27.35,5.39,74.36,1.85
20210905,27.84,5.18,70.54,2.62
20210906,26.53,1.13,67.72,3.22
20210907,26.99,0.58,71.98,2.61
20210908,27.35,0.59,73.04,2.11
20210909,28.42,0.06,67.92,1.13
20210910,28.55,0.01,66.82,2.06
20210911,28.7,0.61,67.15,2.14
20210912,27.51,0.69,72.61,2.56
20210913,27.62,0.46,71.98,2.5
20210914,28.46,0.09,70.75,1.65
20210915,27.98,20.9,75.42,1.42
20210916,27.61,7.62,76.62,1.1
20210917,27.87,15.17,75.12,0.95
20210918,27.85,9.85,76.32,0.56
20210919,27.38,2.29,77.76,1.48
20210920,27.95,3.79,72.93,0.68
20210921,28.25,0.02,69.77,1.33
20210922,28.92,0.84,64.68,1.46
20210923,28.62,6.94,72.38,1.25
20210924,27.99,36.47,74.29,1.44
20210925,27.27,13.63,80.79,1.46
20210926,26.79,0.55,77.49,1.29
20210927,26.31,1.72,77.69,2.63
20210928,25.6,0.27,73.19,2.49
20210929,27.0,0.26,69.04,1.61
20210930,27.24,32.7,71.74,0.96
20211001,26.18,14.26,82.82,0.81
20211002,25.87,8.49,86.88,1.1
20211003,26.69,12.05,83.69,1.02
20211004,26.72,5.77,83.49,0.9
20211005,26.14,9.25,86.27,1.02
20211006,26.14,2.54,85.02,1.2
20211007,26.72,0.14,80.63,1.77
20211008,26.87,9.14,83.7,2.16
20211009,26.61,1.92,83.91,1.73
20211010,27.33,0.47,79.48,1.14
20211011,26.4,11.29,80.53,1.49
20211012,25.7,1.68,80.83,1.5
20211013,26.65,0.35,77.17,1.49
20211014,27.41,1.18,79.34,1.63
20211015,27.12,0.59,81.39,1.88
20211016,26.38,8.69,88.32,2.4
20211017,26.65,4.02,84.89,2.29
20211018,27.11,2.41,80.46,1.44
20211019,26.83,0.24,80.83,1.1
20211020,26.16,18.45,86.9,0.93
20211021,26.34,9.56,85.5,0.59
20211022,26.05,6.27,87.44,0.94
20211023,26.04,9.4,85.84,1.32
20211024,26.24,10.54,78.43,0.81
20211025,25.83,13.19,82.3,1.22
20211026,25.81,2.04,84.49,1.17
20211027,25.58,3.51,86.05,1.41
20211028,25.17,7.98,86.42,1.3
20211029,24.23,11.61,89.46,2.24
20211030,24.32,12.18,89.44,2.5
20211031,24.66,7.56,90.85,2.01
20211101,24.6,9.72,90.21,1.93
20211102,24.93,18.35,90.92,2.72
20211103,24.62,12.85,92.2,1.71
20211104,24.79,7.45,88.31,0.7
20211105,24.6,8.82,89.69,1.06
20211106,25.13,21.72,84.52,0.95
20211107,25.16,9.62,85.56,0.97
20211108,24.66,9.05,88.16,1.12
20211109,23.14,9.53,90.61,1.85
20211110,23.25,3.65,89.26,2.13
20211111,24.61,2.12,85.76,1.7
20211112,25.66,6.61,86.28,1.74
20211113,25.66,1.99,86.83,1.78
20211114,25.06,3.15,89.99,1.72
20211115,26.03,5.2,85.55,0.74
20211116,25.82,5.01,88.04,0.73
20211117,24.98,33.21,91.98,1.19
20211118,25.04,6.4,88.62,1.77
20211119,25.32,4.16,87.28,2.55
20211120,25.99,0.72,86.36,1.9
20211121,25.17,0.07,83.38,1.01
20211122,24.86,3.12,88.77,1.74
20211123,24.49,7.76,92.61,1.73
20211124,24.26,2.49,92.07,1.66
20211125,24.01,50.88,92.74,1.98
20211126,24.67,7.48,93.93,2.04
20211127,23.65,7.1,92.74,2.62
20211128,24.44,8.91,92.48,2.55
20211129,24.28,33.95,92.36,2.34
20211130,23.92,20.72,94.73,1.67
20211201,25.03,3.84,89.86,1.45
20211202,24.99,0.79,90.61,1.95
20211203,23.99,3.85,85.25,1.27
20211204,25.05,7.09,79.05,0.61
20211205,25.93,4.73,86.52,0.99
20211206,26.04,1.29,85.0,1.31
20211207,25.0,0.18,89.2,1.6
20211208,24.58,0.19,90.19,1.79
20211209,23.76,5.19,94.08,1.88
20211210,23.65,0.73,89.52,2.17
20211211,24.26,4.0,90.8,2.37
20211212,24.27,3.48,90.27,2.76
20211213,24.05,1.14,90.38,2.42
20211214,24.18,1.4,90.88,2.55
20211215,24.06,0.8,91.02,2.49
20211216,23.57,0.1,87.81,3.08
20211217,22.96,0.02,86.22,2.43
20211218,22.62,0.0,86.6,2.64
20211219,21.77,0.0,85.76,2.34
20211220,21.92,0.0,85.6,2.22
20211221,21.99,0.0,83.38,1.69
20211222,21.76,0.0,84.32,1.48
20211223,20.94,0.0,83.06,1.52
20211224,20.96,0.0,83.18,1.59
20211225,21.31,0.0,85.71,1.61
20211226,21.73,0.0,86.31,1.58
20211227,22.15,0.0,86.07,1.78
20211228,22.18,0.0,85.84,1.86
20211229,22.23,0.0,84.07,1.72
20211230,22.76,4.71,88.15,2.22
20211231,24.39,5.25,89.96,2.9
20220101,24.64,14.33,90.06,3.2
20220102,23.98,5.43,89.28,3.24
20220103,23.17,0.09,86.7,2.45
20220104,23.02,0.04,86.9,2.41
20220105,22.16,0.0,85.02,1.9
20220106,23.28,0.0,88.16,1.95
20220107,23.68,0.02,88.09,1.89
20220108,23.43,0.01,87.29,2.12
20220109,23.02,0.0,86.26,1.78
20220110,23.6,0.0,85.67,1.54
20220111,23.93,0.0,85.99,1.51
20220112,24.28,0.0,84.43,1.25
20220113,24.93,0.0,84.51,1.15
20220114,25.29,0.0,83.4,1.31
20220115,25.15,0.02,83.46,1.63
20220116,24.69,0.09,84.6,2.14
20220117,24.23,0.06,84.59,2.45
20220118,23.5,0.02,82.83,2.56
20220119,23.21,0.0,81.94,1.91
20220120,22.92,0.0,76.77,1.51
20220121,23.94,0.0,74.96,0.95
20220122,25.6,0.0,73.47,1.15
20220123,25.94,0.0,77.17,0.77
20220124,25.6,0.0,79.41,1.21
20220125,25.43,0.01,79.68,1.71
20220126,24.37,0.31,79.81,2.11
20220127,24.57,0.1,75.54,2.07
20220128,24.09,0.02,78.48,2.82
20220129,24.77,0.01,80.2,3.21
20220130,25.43,0.01,78.29,2.34
20220131,25.37,0.0,78.86,1.92
20220201,25.34,0.01,78.13,1.89
20220202,23.71,0.0,73.77,1.83
20220203,23.48,0.0,69.67,1.13
20220204,25.37,0.0,69.64,1.03
20220205,26.02,0.0,74.4,1.74
20220206,25.61,0.0,74.61,1.92
20220207,25.24,0.0,73.27,2.03
20220208,24.13,0.0,71.87,2.29
20220209,23.54,0.0,69.7,2.36
20220210,24.56,0.03,65.86,2.45
20220211,25.14,0.72,79.58,2.94
20220212,24.63,3.88,80.35,2.87
20220213,24.58,0.73,76.59,2.71
20220214,25.07,0.38,73.53,2.53
20220215,24.71,0.3,70.1,2.5
20220216,25.03,0.0,64.81,2.24
20220217,25.51,0.0,62.77,2.16
20220218,25.92,0.0,68.95,2.3
20220219,26.14,0.0,69.33,2.51
20220220,27.07,0.0,67.26,1.74
20220221,28.14,0.0,65.65,1.14
20220222,28.03,0.02,61.87,1.85
20220223,26.51,0.34,65.33,2.61
20220224,25.56,0.54,66.93,2.37
20220225,26.01,0.0,61.2,2.47
20220226,26.19,0.47,68.14,2.38
20220227,26.78,0.9,67.53,2.98
20220228,26.16,0.02,63.8,2.28
20220301,26.36,0.0,58.66,2.56
20220302,25.59,0.0,59.12,2.7
20220303,25.65,0.0,63.75,2.85
20220304,26.82,0.17,60.03,3.23
20220305,27.67,0.0,60.81,2.86
20220306,27.54,0.3,62.53,2.89
20220307,27.22,1.62,65.0,2.84
20220308,27.38,4.82,68.03,2.28
20220309,27.62,0.0,62.37,2.0
20220310,27.08,0.0,58.89,2.07
20220311,27.11,0.0,60.41,2.37
20220312,26.87,0.0,55.74,2.42
20220313,27.07,0.0,57.65,2.61
20220314,27.87,0.0,54.66,2.33
20220315,26.91,0.0,53.73,1.36
20220316,29.01,0.22,51.01,1.74
20220317,29.29,0.33,51.57,2.03
20220318,29.77,0.11,48.84,1.7
20220319,30.19,0.32,50.99,1.37
20220320,31.44,0.98,49.94,1.03
20220321,31.74,0.6,50.38,1.23
20220322,30.14,0.9,56.3,1.46
20220323,29.61,12.74,65.29,1.32
20220324,29.3,0.65,68.01,1.35
20220325,28.7,2.22,68.4,1.24
20220326,29.04,1.28,67.46,1.59
20220327,29.69,0.38,64.44,1.6
20220328,29.78,0.25,64.17,1.94
20220329,30.4,0.23,60.84,2.11
20220330,30.18,0.96,61.83,2.26
20220331,30.35,0.06,59.54,2.15
20220401,30.28,0.29,58.69,2.54
20220402,30.25,0.37,60.44,1.83
20220403,29.65,2.28,64.33,1.92
20220404,29.86,0.46,62.75,2.01
20220405,29.94,0.88,60.55,1.97
20220406,28.32,3.02,66.37,1.69
20220407,29.85,0.34,62.11,1.83
20220408,28.77,14.57,70.07,1.47
20220409,27.95,6.3,73.77,1.49
20220410,28.62,13.39,68.99,1.56
20220411,27.9,20.72,75.69,1.58
20220412,27.38,13.59,75.53,1.18
20220413,26.88,14.1,79.66,1.77
20220414,27.3,1.57,71.31,1.81
20220415,29.27,0.78,67.47,1.73
20220416,29.74,0.77,69.09,1.68
20220417,29.34,2.69,71.54,1.16
20220418,29.22,6.98,72.23,1.31
20220419,29.24,1.12,66.1,1.45
20220420,29.84,0.0,65.63,1.81
20220421,28.53,0.03,76.55,1.72
20220422,28.05,4.29,77.26,1.84
20220423,27.47,14.03,75.64,1.1
20220424,29.01,0.44,68.51,1.59
20220425,28.88,0.0,70.86,1.69
20220426,29.28,0.0,67.71,1.68
20220427,29.27,0.0,67.96,1.77
20220428,29.28,0.05,68.53,2.0
20220429,29.97,0.05,68.2,1.68
20220430,30.42,0.01,66.14,1.5
20220501,30.71,1.16,63.77,1.3
20220502,31.2,0.49,62.7,1.52
20220503,30.23,1.28,69.82,1.13
20220504,29.62,3.41,70.55,1.23
20220505,29.9,1.07,68.03,1.54
20220506,29.06,0.24,57.97,1.63
20220507,30.82,0.45,55.94,1.31
20220508,31.44,0.36,59.23,1.38
20220509,29.86,0.96,67.19,2.09
20220510,28.92,0.46,66.65,2.92
20220511,29.98,0.29,60.66,3.62
20220512,29.83,0.37,61.81,2.67
20220513,29.93,0.33,62.27,2.62
20220514,28.55,8.05,70.43,2.25
20220515,28.06,5.02,75.8,1.89
20220516,27.21,20.06,81.58,1.68
20220517,28.57,6.26,73.68,1.77
20220518,29.25,1.54,70.56,2.6
20220519,28.57,1.99,71.42,2.79
20220520,28.84,0.64,66.52,2.9
20220521,29.3,0.24,67.58,2.5
20220522,29.33,0.14,62.96,3.01
20220523,29.93,0.7,66.21,1.97
20220524,30.38,3.78,65.5,1.56
20220525,29.85,1.7,69.64,0.99
20220526,29.02,5.12,67.77,1.74
20220527,29.14,3.07,63.36,1.35
20220528,29.32,11.52,68.3,1.51
20220529,27.62,12.19,75.0,1.58
20220530,28.74,2.96,68.36,1.72
20220531,29.23,1.42,64.22,2.29
20220601,27.73,3.73,71.99,2.31
20220602,28.85,1.33,69.02,1.83
20220603,28.78,0.01,66.03,1.35
20220604,28.8,0.04,67.16,1.62
20220605,29.95,6.79,65.22,1.21
20220606,28.43,10.15,75.2,1.26
20220607,27.76,4.49,77.4,1.24
20220608,28.54,0.06,69.92,1.65
20220609,28.76,0.01,66.78,1.44
20220610,28.49,0.52,68.54,1.85
20220611,28.69,1.66,65.67,2.02
20220612,26.73,6.27,69.96,2.18
20220613,28.64,2.44,64.95,1.01
20220614,29.17,2.74,66.93,1.71
20220615,27.5,14.14,75.89,1.6
20220616,26.14,12.03,80.01,1.45
20220617,25.99,14.59,80.69,0.89
20220618,27.03,2.9,77.47,0.84
20220619,27.07,1.76,78.43,1.05
20220620,28.21,0.3,70.3,1.24
20220621,28.05,0.19,69.0,1.82
20220622,28.07,0.33,68.13,1.06
20220623,28.04,0.95,70.48,1.11
20220624,27.17,0.59,70.67,2.21
20220625,27.31,0.32,68.88,2.75
20220626,27.68,0.05,63.01,2.54
20220627,28.56,0.14,66.02,2.26
20220628,28.01,0.46,67.36,2.39
20220629,28.44,0.34,65.82,2.78
20220630,27.24,3.5,71.61,2.73
20220701,28.1,0.74,68.47,2.42
20220702,27.44,1.08,69.46,2.49
20220703,27.31,1.97,71.81,2.78
20220704,27.43,0.49,65.78,3.56
20220705,27.44,0.89,62.95,4.15
20220706,27.61,0.73,64.27,3.17
20220707,26.96,1.48,66.64,2.88
20220708,27.47,1.23,64.33,3.33
20220709,26.8,0.52,66.33,3.54
20220710,27.09,0.71,62.27,3.82
20220711,27.42,1.08,60.85,4.16
20220712,27.07,0.42,64.37,3.71
20220713,27.92,1.88,64.74,4.14
20220714,28.08,1.04,62.27,4.5
20220715,27.4,0.58,67.29,3.23
20220716,27.57,0.58,70.36,2.16
20220717,27.56,15.27,73.34,1.87
20220718,27.25,6.77,71.08,1.84
20220719,28.45,7.99,68.63,1.11
20220720,27.37,1.79,77.22,1.38
20220721,27.86,9.06,72.52,1.89
20220722,26.88,14.32,78.71,1.68
20220723,27.32,4.9,72.62,1.98
20220724,26.98,13.66,69.84,2.16
20220725,28.04,8.36,70.45,2.13
20220726,26.12,5.03,79.77,1.4
20220727,26.0,32.99,83.93,1.03
20220728,26.94,4.69,78.06,0.98
20220729,27.41,14.17,75.24,1.29
20220730,27.31,15.29,76.0,1.18
20220731,26.83,24.38,81.91,1.48
20220801,26.11,22.45,85.78,2.03
20220802,26.23,5.32,81.93,1.49
20220803,25.61,2.24,87.71,0.74
20220804,25.54,8.89,84.64,2.74
20220805,26.09,1.09,76.83,3.19
20220806,26.09,2.22,78.38,2.31
20220807,25.96,1.14,77.51,3.06
20220808,26.12,1.47,78.48,3.19
20220809,26.26,0.61,76.97,3.15
20220810,26.18,0.1,75.85,2.7
20220811,26.81,0.11,72.89,2.78
20220812,27.19,0.06,73.15,2.21
20220813,26.67,0.0,73.95,2.08
20220814,27.51,0.0,68.79,2.06
20220815,28.17,0.0,68.37,1.67
20220816,28.08,0.03,74.99,1.32
20220817,27.92,0.21,78.3,0.97
20220818,27.79,13.01,76.02,1.64
20220819,27.64,3.89,77.2,1.73
20220820,27.78,0.57,74.44,1.72
20220821,27.67,2.07,72.35,2.07
20220822,27.31,3.47,74.38,2.54
20220823,27.04,1.13,74.26,2.31
20220824,26.23,0.85,78.44,1.59
20220825,25.39,1.8,81.28,2.08
20220826,25.46,18.86,82.91,1.7
20220827,24.39,12.0,84.69,2.14
20220828,25.77,5.11,79.56,1.62
20220829,26.8,3.66,79.58,1.13
20220830,26.52,30.01,82.61,1.34
20220831,25.23,12.13,87.0,0.96
20220901,25.84,4.5,82.86,0.94
20220902,26.17,4.19,82.16,2.12
20220903,26.89,0.9,80.19,1.56
20220904,27.13,13.88,83.12,1.0
20220905,27.25,12.71,81.9,1.46
20220906,26.71,6.14,77.56,1.56
20220907,26.05,8.89,82.97,1.6
20220908,25.74,0.38,81.1,1.72
20220909,25.52,0.75,83.79,2.08
20220910,26.5,0.49,79.65,2.19
20220911,26.37,0.34,80.65,2.25
20220912,26.76,0.18,78.13,2.17
20220913,27.13,0.77,76.67,1.19
20220914,27.5,3.67,74.21,0.94
20220915,28.04,0.77,72.87,0.65
20220916,27.69,0.26,71.88,0.92
20220917,28.05,0.21,74.25,0.86
20220918,27.22,5.1,76.51,1.43
20220919,26.79,0.45,78.18,1.51
20220920,27.06,0.0,74.63,1.63
20220921,27.45,0.0,71.74,1.58
20220922,27.54,0.0,71.14,1.56
20220923,27.24,0.0,70.13,1.7
20220924,27.24,0.09,70.14,1.82
20220925,27.89,8.24,69.71,1.43
20220926,27.75,4.58,73.14,1.02
20220927,28.1,0.95,71.44,1.42
20220928,27.92,2.53,71.48,1.31
20220929,26.81,1.31,73.26,1.32
20220930,26.6,0.42,74.35,1.95
20221001,25.94,0.08,70.81,2.5
20221002,27.14,2.45,67.77,2.12
20221003,27.1,0.84,70.9,2.48
20221004,27.15,0.55,74.02,2.17
20221005,27.05,0.28,72.61,1.76
20221006,26.48,0.0,68.49,1.85
20221007,27.27,0.07,68.02,1.09
20221008,27.34,5.38,65.64,1.57
20221009,25.78,30.37,80.82,1.37
20221010,26.37,20.58,82.61,1.29
20221011,26.69,14.18,80.91,1.49
20221012,26.35,8.76,82.86,1.02
20221013,26.5,7.52,83.55,1.11
20221014,26.77,13.79,82.31,0.99
20221015,25.04,19.89,85.8,1.28
20221016,26.23,8.57,83.33,1.45
20221017,26.07,4.36,85.94,1.74
20221018,26.3,8.34,84.06,1.12
20221019,25.83,8.84,83.02,0.94
20221020,26.22,15.83,83.78,0.69
20221021,25.26,26.14,86.88,0.9
20221022,25.73,0.69,83.66,1.26
20221023,25.91,1.68,79.2,0.8
20221024,25.45,1.81,86.01,0.96
20221025,26.39,0.3,82.33,1.02
20221026,25.58,4.17,81.87,1.28
20221027,24.54,0.32,79.09,1.63
20221028,24.94,0.16,82.33,1.6
20221029,25.0,2.24,86.58,1.87
20221030,24.94,3.33,88.59,1.77
20221031,24.8,1.02,87.21,1.66
20221101,23.68,3.61,92.35,1.55
20221102,24.46,12.93,87.74,1.27
20221103,23.82,28.44,93.65,2.16
20221104,24.03,9.09,90.55,1.76
20221105,24.1,3.79,88.31,1.81
20221106,24.51,5.65,89.35,1.99
20221107,24.88,0.84,87.29,1.88
20221108,24.63,1.15,88.45,1.98
20221109,24.63,0.51,88.48,1.82
20221110,24.9,2.16,86.05,1.86
20221111,23.07,33.6,91.42,2.78
20221112,23.68,24.25,92.42,3.03
20221113,24.31,8.92,92.48,2.03
20221114,24.16,10.11,89.02,1.49
20221115,24.0,1.36,90.8,1.42
20221116,24.69,0.98,87.37,1.59
20221117,23.52,0.11,82.38,1.87
20221118,22.02,0.01,79.59,1.96
20221119,21.96,0.0,80.92,2.04
20221120,21.66,0.0,77.57,1.63
20221121,23.38,0.0,75.92,1.23
20221122,24.79,0.0,73.12,0.74
20221123,25.55,0.0,77.38,0.76
20221124,25.11,0.0,84.28,1.32
20221125,24.7,0.0,86.73,1.33
20221126,24.83,0.24,86.28,1.13
20221127,25.18,2.73,87.2,1.26
20221128,25.31,4.22,85.42,0.92
20221129,24.48,9.25,88.75,1.85
20221130,23.24,0.11,83.16,1.75
20221201,23.84,3.1,89.8,1.78
20221202,24.67,1.58,88.86,1.61
20221203,24.35,1.92,90.85,1.94
20221204,24.45,12.76,90.07,1.75
20221205,24.22,0.93,90.45,2.09
20221206,23.91,0.0,85.34,1.73
20221207,22.62,0.0,83.32,1.56
20221208,22.13,3.24,75.44,1.86
20221209,21.28,33.72,86.64,2.38
20221210,23.95,4.56,82.6,2.21
20221211,25.07,1.75,85.42,1.27
20221212,24.84,5.86,86.73,1.32
20221213,24.48,2.77,84.95,1.11
20221214,24.06,6.53,89.17,1.6
20221215,23.58,0.12,86.21,1.78
20221216,23.01,0.0,85.02,1.66
20221217,23.45,0.0,86.81,2.21
20221218,23.45,0.0,87.1,2.56
20221219,22.86,0.15,85.59,2.12
20221220,23.21,0.06,88.38,2.02
20221221,23.71,15.24,86.67,2.22
20221222,23.17,2.01,84.25,2.22
20221223,23.94,0.0,82.36,2.06
20221224,24.66,0.0,84.38,2.06
20221225,24.66,6.58,87.87,2.51
20221226,24.88,9.14,89.37,3.08
20221227,24.57,6.2,89.38,2.1
20221228,24.27,0.71,87.56,1.94
20221229,23.91,0.03,86.85,1.89
20221230,23.24,0.0,84.58,1.69
20221231,23.14,0.0,82.22,1.45
20230101,22.79,0.0,81.28,1.61
20230102,22.33,0.0,82.18,1.84
20230103,22.59,0.0,83.28,2.1
20230104,22.76,0.0,81.98,2.1
20230105,22.97,0.0,81.64,2.19
20230106,23.3,0.03,79.73,2.98
20230107,23.14,0.01,81.34,2.66
20230108,23.4,0.0,82.24,2.44
20230109,22.87,0.0,79.36,2.25
20230110,21.58,0.0,77.18,2.41
20230111,22.06,0.0,76.27,1.95
20230112,21.85,0.0,76.71,1.88
20230113,21.96,0.0,75.94,1.7
20230114,21.73,0.0,76.33,1.72
20230115,21.54,0.0,77.42,1.54
20230116,22.39,0.0,75.7,1.84
20230117,22.51,0.0,78.02,1.83
20230118,22.04,0.0,76.52,2.25
20230119,22.02,0.0,73.68,2.25
20230120,22.48,0.0,75.06,2.43
20230121,23.42,0.0,74.71,2.34
20230122,23.67,0.0,74.15,2.27
20230123,24.43,2.15,78.53,2.06
20230124,23.94,4.07,84.07,1.59
20230125,23.85,0.03,74.38,2.0
20230126,23.35,0.0,73.09,1.9
20230127,23.17,0.0,71.61,1.94
20230128,23.24,0.0,71.3,2.16
20230129,23.85,0.0,74.92,2.3
20230130,25.23,0.95,77.01,2.02
20230131,25.39,0.29,71.39,2.64
20230201,24.44,1.09,70.96,2.53
20230202,24.25,10.47,79.02,2.99
20230203,24.8,4.0,81.03,2.45
20230204,25.21,1.7,77.7,2.69
20230205,24.57,0.01,68.07,2.17
20230206,24.25,0.23,68.78,2.1
20230207,24.92,0.0,69.46,1.84
20230208,25.07,0.0,70.06,2.1
20230209,24.75,0.0,69.61,1.84
20230210,24.48,0.0,68.43,2.06
20230211,24.18,0.0,66.61,1.99
20230212,24.33,0.0,62.3,1.81
20230213,24.39,0.0,62.78,2.25
20230214,24.24,0.0,66.55,1.79
20230215,24.76,0.0,62.81,2.02
20230216,24.32,0.0,66.81,2.42
20230217,24.37,0.0,68.03,2.13
20230218,25.02,0.0,66.83,1.8
20230219,26.06,0.0,65.5,2.02
20230220,26.53,0.0,64.28,1.87
20230221,25.95,0.0,59.95,2.15
20230222,25.47,0.0,56.94,2.29
20230223,24.94,0.0,63.97,2.11
20230224,26.37,0.0,62.72,1.8
20230225,26.04,0.0,58.39,2.29
20230226,25.08,0.0,59.86,2.6
20230227,24.97,0.0,60.37,2.27
20230228,25.68,1.24,68.72,2.7
20230301,26.88,0.99,68.93,3.0
20230302,26.63,0.08,61.77,2.55
20230303,25.42,0.0,52.83,2.71
20230304,26.74,0.0,63.49,2.75
20230305,27.31,2.19,65.66,2.36
20230306,27.08,0.03,60.25,2.21
20230307,26.26,0.0,66.07,2.12
20230308,27.19,0.0,63.68,2.88
20230309,26.87,0.0,62.35,2.63
20230310,27.23,0.0,62.06,2.48
20230311,26.35,0.0,66.57,2.32
20230312,27.72,0.0,64.3,2.75
20230313,28.28,0.0,60.51,2.51
20230314,28.15,0.0,59.1,2.12
20230315,28.76,0.01,60.05,1.92
20230316,28.64,0.71,64.47,1.93
20230317,28.81,6.64,65.58,2.04
20230318,28.3,3.09,69.04,2.01
20230319,28.04,2.36,69.84,1.23
20230320,28.18,3.75,70.92,1.14
20230321,29.34,5.74,64.24,1.38
20230322,29.17,1.85,66.12,1.75
20230323,29.44,1.67,61.24,1.85
20230324,29.49,1.23,65.3,1.88
20230325,29.14,0.7,64.68,1.58
20230326,29.79,2.99,60.28,1.58
20230327,30.39,0.15,61.46,1.04
20230328,29.77,4.57,64.38,1.67
20230329,29.45,1.02,66.48,1.76
20230330,29.79,0.96,61.95,1.74
20230331,30.18,1.78,60.73,1.59
20230401,30.37,0.34,58.55,1.99
20230402,30.29,2.43,59.85,1.48
20230403,30.0,2.11,61.97,1.61
20230404,28.78,2.74,68.52,1.93
20230405,29.25,0.19,63.95,2.08
20230406,29.69,0.09,60.71,2.01
20230407,29.79,0.17,60.04,2.19
20230408,29.74,0.01,58.72,2.96
20230409,29.75,0.17,59.74,2.48
20230410,30.11,0.76,56.39,2.47
20230411,30.28,0.71,59.03,2.24
20230412,30.72,0.0,55.26,1.97
20230413,31.15,0.0,47.45,1.71
20230414,30.44,0.0,46.61,1.61
20230415,31.41,0.0,47.7,2.02
20230416,30.41,0.0,50.5,1.73
20230417,31.01,0.0,51.99,2.23
20230418,31.59,0.0,49.12,2.27
20230419,31.98,0.0,50.09,2.27
20230420,33.12,0.0,50.23,2.42
20230421,33.11,5.07,51.11,2.04
20230422,31.73,2.95,58.62,2.19
20230423,32.11,1.49,57.38,2.09
20230424,29.42,8.19,72.88,2.05
20230425,28.34,7.62,77.14,1.67
20230426,27.16,11.59,79.57,1.43
20230427,28.67,9.02,71.36,1.85
20230428,28.19,11.37,75.19,1.53
20230429,28.39,18.62,75.9,1.7
20230430,27.41,9.41,79.93,1.65
20230501,27.72,10.13,78.77,1.62
20230502,26.62,21.09,86.58,1.99
20230503,27.56,14.07,78.69,1.78
20230504,26.85,11.7,81.16,0.95
20230505,27.57,0.76,74.6,0.9
20230506,27.16,3.19,77.63,1.1
20230507,26.5,1.47,79.43,1.33
20230508,26.38,5.88,81.5,1.62
20230509,27.54,2.18,76.77,2.05
20230510,28.88,0.73,71.13,1.3
20230511,28.81,1.57,75.04,1.44
20230512,28.7,0.56,72.79,2.21
20230513,29.97,0.0,65.35,2.62
20230514,29.87,0.0,68.37,2.17
20230515,31.36,0.0,64.49,1.33
20230516,31.24,0.0,65.3,1.51
20230517,30.81,0.44,64.64,1.04
20230518,29.27,0.2,70.15,1.78
20230519,29.65,0.12,71.36,1.27
20230520,30.02,0.75,68.47,1.28
20230521,29.81,1.0,68.76,1.34
20230522,28.78,1.46,75.34,1.33
20230523,29.07,0.07,70.93,1.25
20230524,30.19,3.74,67.48,1.09
20230525,30.64,1.79,66.81,1.15
20230526,31.1,2.16,63.34,1.42
20230527,30.95,5.87,64.21,1.23
20230528,30.47,0.53,65.86,1.11
20230529,29.94,2.33,69.45,1.24
20230530,30.74,1.05,65.6,1.37
20230531,29.67,2.73,67.4,2.04
20230601,30.82,0.13,63.29,1.81
20230602,28.45,1.27,69.95,2.08
20230603,29.55,0.36,66.59,2.06
20230604,29.8,0.4,66.45,2.26
20230605,28.64,5.76,73.6,1.86
20230606,29.77,12.12,67.54,1.54
20230607,28.81,4.86,75.0,1.75
20230608,29.12,0.1,70.39,1.62
20230609,29.94,0.16,64.82,1.98
20230610,30.29,0.08,60.47,2.86
20230611,30.46,0.01,60.99,1.8
20230612,30.05,5.34,67.75,1.95
20230613,29.91,0.49,65.68,2.12
20230614,29.19,0.65,66.46,1.68
20230615,30.87,0.09,56.83,1.71
20230616,31.25,0.11,57.47,2.36
20230617,29.4,0.74,66.02,1.66
20230618,28.42,1.58,70.08,1.68
20230619,30.45,0.01,57.91,1.38
20230620,29.5,2.27,64.5,0.97
20230621,29.1,6.09,69.52,1.18
20230622,30.1,1.82,62.89,1.07
20230623,28.71,0.4,63.01,2.05
20230624,28.36,0.09,66.3,1.9
20230625,28.16,0.42,69.52,1.61
20230626,28.66,0.2,61.12,2.38
20230627,27.9,1.51,64.18,2.37
20230628,29.07,0.15,62.1,2.06
20230629,29.83,2.59,60.46,2.26
20230630,29.61,0.87,62.23,1.69
20230701,29.86,0.14,60.38,1.21
20230702,28.81,21.31,63.44,1.4
20230703,27.66,7.42,71.19,2.76
20230704,28.19,0.99,65.94,4.01
20230705,27.98,2.74,64.29,4.05
20230706,27.83,1.06,69.08,3.12
20230707,28.18,0.49,65.81,2.79
20230708,28.26,0.98,65.55,1.96
20230709,29.65,0.83,60.54,1.47
20230710,29.45,10.73,67.14,1.1
20230711,28.83,15.45,68.32,1.36
20230712,28.9,1.14,60.64,2.34
20230713,28.21,0.67,60.73,2.51
20230714,28.65,0.65,59.75,2.93
20230715,29.18,0.14,62.32,1.84
20230716,29.48,0.97,63.36,1.97
20230717,29.08,0.05,65.07,2.17
20230718,28.87,0.2,65.35,3.12
20230719,28.82,0.33,63.26,3.9
20230720,28.67,0.14,60.69,4.19
20230721,29.0,0.09,59.38,3.81
20230722,28.17,0.32,59.39,4.04
20230723,27.93,2.6,62.65,3.09
20230724,27.21,1.0,66.67,2.8
20230725,27.22,0.47,67.01,2.45
20230726,28.74,0.38,63.42,3.15
20230727,29.19,0.03,60.07,3.31
20230728,29.16,0.01,58.03,3.28
20230729,29.83,0.0,57.13,3.58
20230730,30.36,0.0,55.59,3.8
20230731,30.59,0.0,55.45,3.66
20230801,30.49,0.0,55.85,3.5
20230802,29.65,0.03,57.57,2.66
20230803,30.62,0.07,56.54,2.9
20230804,31.09,0.03,54.23,2.76
20230805,30.53,0.0,53.82,2.41
20230806,30.84,5.33,57.12,1.74
20230807,30.67,0.91,59.67,1.57
20230808,29.86,16.07,64.06,1.48
20230809,28.73,9.98,69.25,1.66
20230810,28.5,6.62,73.35,1.32
20230811,28.19,7.33,75.21,0.85
20230812,29.03,13.18,71.71,1.66
20230813,29.32,1.64,67.25,1.1
20230814,28.89,0.53,66.17,1.56
20230815,29.39,4.31,63.68,1.27
20230816,29.95,0.2,59.83,1.5
20230817,30.32,0.0,58.02,2.21
20230818,29.28,0.02,61.62,2.67
20230819,29.34,0.02,61.27,2.62
20230820,30.68,0.08,58.69,1.75
20230821,30.86,0.02,58.07,1.55
20230822,30.14,2.86,66.06,1.2
20230823,30.31,4.71,64.76,1.02
20230824,31.03,0.15,57.64,1.45
20230825,30.58,0.0,58.57,1.07
20230826,30.92,0.0,58.71,0.98
20230827,31.32,0.0,59.38,0.75
20230828,31.24,3.1,60.15,1.21
20230829,27.98,13.18,73.58,1.08
20230830,26.63,13.61,79.66,1.83
20230831,28.17,5.42,71.64,0.83
20230901,28.83,9.81,70.65,1.32
20230902,28.49,18.18,74.98,1.59
20230903,27.01,10.24,76.35,2.1
20230904,27.61,0.72,72.2,2.11
20230905,26.78,0.29,74.52,2.4
20230906,27.6,1.21,66.88,2.51
20230907,27.26,1.56,69.51,2.46
20230908,27.73,1.47,65.85,2.86
20230909,28.54,0.71,64.42,2.95
20230910,27.49,0.55,62.62,2.79
20230911,27.48,1.33,65.76,2.53
20230912,27.54,0.11,68.27,1.69
20230913,28.67,0.16,65.44,1.89
20230914,28.64,0.63,61.94,2.55
20230915,27.67,0.36,68.35,2.45
20230916,28.9,1.15,68.84,1.92
20230917,27.75,4.1,76.3,1.53
20230918,27.75,22.21,77.8,1.92
20230919,27.53,13.15,78.55,1.23
20230920,28.26,3.87,73.96,0.99
20230921,27.45,4.03,77.03,1.14
20230922,28.36,3.26,72.66,1.23
20230923,28.63,3.49,73.95,1.49
20230924,27.4,2.62,77.39,1.3
20230925,28.4,1.05,72.1,1.12
20230926,28.09,2.04,71.87,1.19
20230927,27.65,6.71,71.19,1.57
20230928,27.46,4.17,68.54,2.16
20230929,26.72,1.75,75.35,2.8
20230930,27.37,2.38,74.03,2.41
20231001,27.68,0.8,72.7,2.87
20231002,28.06,0.94,74.11,2.66
20231003,29.17,0.71,68.8,2.19
20231004,28.86,1.02,69.08,1.76
20231005,29.0,6.48,70.13,1.45
20231006,29.42,1.62,65.73,1.31
20231007,29.56,0.0,65.83,1.31
20231008,28.83,7.71,72.93,1.49
20231009,28.32,0.87,74.12,1.62
20231010,28.42,2.33,74.03,1.66
20231011,28.39,17.99,75.05,1.13
20231012,26.6,26.78,84.65,1.53
20231013,26.94,0.41,79.53,0.94
20231014,27.14,9.22,79.4,1.38
20231015,27.45,17.15,79.37,1.54
20231016,26.73,10.48,83.75,0.74
20231017,26.29,11.09,84.55,1.8
20231018,26.67,0.64,81.05,1.56
20231019,26.91,0.25,77.32,1.3
20231020,26.89,0.3,77.69,1.13
20231021,27.24,2.74,75.77,1.24
20231022,27.04,3.72,77.01,1.55
20231023,26.65,0.78,79.29,1.34
20231024,26.62,1.68,78.72,1.22
20231025,26.7,1.81,78.48,1.14
20231026,27.36,0.94,76.58,1.13
20231027,27.21,0.17,77.16,1.63
20231028,26.95,0.56,78.14,1.45
20231029,25.92,10.88,85.57,1.51
20231030,25.2,15.42,86.4,1.41
20231031,25.64,3.76,83.63,1.81
20231101,25.69,7.67,87.02,1.08
20231102,25.51,7.44,83.76,0.81
20231103,25.7,23.43,87.23,1.39
20231104,24.8,33.84,90.79,0.93
20231105,24.65,12.4,87.93,1.35
20231106,26.0,19.94,84.1,0.91
20231107,25.33,32.53,89.7,0.86
20231108,25.36,18.92,86.2,0.59
20231109,25.28,19.6,84.79,0.95
20231110,25.18,2.81,87.32,1.54
20231111,24.83,2.44,90.96,1.89
20231112,24.94,0.23,83.78,2.26
20231113,24.47,0.87,87.92,1.83
20231114,24.5,4.81,87.02,2.36
20231115,24.87,1.07,85.56,2.05
20231116,25.7,0.2,87.37,1.19
20231117,25.97,0.33,87.17,1.42
20231118,25.63,1.52,89.92,1.59
20231119,24.95,3.74,91.1,1.88
20231120,25.62,0.13,89.57,1.66
20231121,25.87,2.05,87.93,1.48
20231122,25.77,20.87,89.03,1.3
20231123,25.23,4.76,89.26,1.94
20231124,25.46,1.82,87.63,1.28
20231125,25.4,4.57,90.59,1.98
20231126,25.09,3.95,92.19,2.72
20231127,25.37,5.25,89.61,2.06
20231128,25.33,5.59,89.32,1.92
20231129,25.08,3.63,89.76,1.85
20231130,24.57,2.33,90.06,1.47
20231201,24.68,1.54,89.71,1.64
20231202,25.35,0.84,86.59,1.64
20231203,26.63,1.12,82.96,1.51
20231204,26.64,0.77,85.51,1.2
20231205,26.65,0.93,85.08,1.06
20231206,25.84,0.2,87.63,1.13
20231207,26.16,2.96,87.12,1.19
20231208,26.14,10.31,88.15,1.11
20231209,25.62,4.41,89.39,1.93
20231210,25.14,1.8,89.0,2.05
20231211,24.8,0.71,87.52,2.08
20231212,24.47,0.68,88.32,2.05
20231213,23.56,0.02,86.31,2.31
20231214,23.22,0.03,84.02,2.38
20231215,24.15,0.07,88.38,2.6
20231216,24.99,4.81,89.34,2.86
20231217,24.18,48.31,94.1,3.52
20231218,23.61,24.9,91.8,3.41
20231219,23.01,2.11,89.85,2.63
20231220,23.74,2.85,88.67,3.01
20231221,23.39,4.36,92.9,2.41
20231222,24.01,0.22,88.67,2.2
20231223,22.79,0.0,86.23,2.02
20231224,23.08,0.11,87.24,2.25
20231225,24.64,1.52,89.3,2.96
20231226,23.73,0.07,87.1,2.81
20231227,23.6,0.16,87.06,3.14
20231228,24.39,0.09,87.56,3.47
20231229,24.79,0.43,87.87,3.26
20231230,24.29,0.11,87.59,2.79
20231231,23.2,0.01,85.9,2.19
20240101,23.52,0.0,84.62,1.77
20240102,23.69,0.04,85.64,1.95
20240103,23.54,1.06,86.35,1.71
20240104,24.32,3.86,87.95,1.77
20240105,24.59,2.76,88.53,1.94
20240106,24.56,1.69,87.2,1.94
20240107,24.49,0.79,85.86,2.45
20240108,24.41,0.99,90.27,2.38
20240109,23.83,11.26,91.03,3.06
20240110,23.41,0.7,87.8,2.45
20240111,23.62,0.01,83.86,2.62
20240112,23.65,0.0,83.92,2.53
20240113,23.76,0.0,84.63,2.28
20240114,23.69,0.0,82.67,2.25
20240115,23.07,0.0,81.73,1.81
20240116,22.47,0.0,79.66,1.6
20240117,22.52,0.0,77.71,1.32
20240118,23.73,0.23,82.57,1.36
20240119,24.93,1.94,83.78,1.81
20240120,25.19,1.12,83.82,2.18
20240121,25.04,0.04,80.15,1.96
20240122,24.96,0.0,79.67,1.95
20240123,24.24,0.01,78.68,1.8
20240124,24.46,0.02,77.19,1.53
20240125,24.52,0.0,76.82,1.58
20240126,24.19,0.0,75.96,2.39
20240127,23.95,0.0,76.52,2.47
20240128,24.7,0.0,76.79,2.61
20240129,24.14,0.0,73.58,2.31
20240130,24.74,0.0,74.44,2.11
20240131,25.58,0.78,76.67,1.62
20240201,26.38,2.57,77.06,1.42
20240202,26.82,0.34,77.14,1.61
20240203,26.88,0.0,74.69,1.99
20240204,25.79,0.0,72.07,2.36
20240205,24.71,0.0,73.19,2.27
20240206,24.37,0.0,75.0,2.3
20240207,24.62,0.0,72.77,2.05
20240208,25.22,0.0,72.45,2.1
20240209,25.51,0.0,73.15,2.28
20240210,25.76,0.01,74.32,2.63
20240211,26.01,0.02,70.06,2.91
20240212,25.07,0.0,70.41,2.75
20240213,26.0,0.0,72.36,2.82
20240214,26.59,0.0,70.39,3.07
20240215,25.87,0.0,69.95,2.77
20240216,26.58,0.0,69.23,2.9
20240217,26.83,0.0,65.85,2.59
20240218,26.47,0.0,66.56,2.26
20240219,27.14,0.0,68.75,2.32
20240220,27.6,0.0,66.2,1.92
20240221,28.25,0.01,60.15,1.49
20240222,28.76,0.0,62.56,1.47
20240223,29.54,0.0,62.62,1.74
20240224,29.11,0.0,64.52,1.92
20240225,28.46,0.01,63.06,2.36
20240226,28.17,0.17,64.96,3.32
20240227,28.31,0.02,64.78,3.39
20240228,28.23,0.0,61.68,2.96
20240229,27.99,0.0,61.7,2.54
20240301,27.26,0.0,62.99,2.77
20240302,26.56,0.0,61.06,1.59
20240303,27.88,0.0,59.37,1.72
20240304,27.99,0.0,57.86,1.88
20240305,28.15,0.0,56.35,1.85
20240306,28.49,0.0,52.27,1.84
20240307,28.52,0.0,50.44,1.67
20240308,29.07,0.0,48.72,1.93
20240309,29.66,0.0,49.53,2.1
20240310,29.77,0.0,52.26,1.89
20240311,29.41,0.0,54.58,2.14
20240312,29.35,0.0,53.7,2.04
20240313,29.63,0.0,46.11,1.61
20240314,30.54,0.03,41.88,1.74
20240315,30.5,0.03,50.39,2.06
20240316,29.62,0.12,54.83,2.06
20240317,29.2,0.0,53.5,2.3
20240318,29.23,0.0,50.0,1.83
20240319,29.61,0.0,45.86,2.06
20240320,29.37,0.0,52.56,2.08
20240321,30.41,0.39,60.18,3.07
20240322,30.67,0.52,59.78,3.04
20240323,30.96,0.07,53.57,2.53
20240324,29.93,0.09,56.41,2.36
20240325,29.6,0.0,53.57,2.47
20240326,29.55,0.01,49.94,2.17
20240327,29.76,0.0,47.75,2.05
20240328,31.43,0.34,46.68,1.94
20240329,31.3,0.05,47.85,2.01
20240330,31.3,0.0,46.46,2.16
20240331,31.63,0.0,49.71,2.34
20240401,32.35,0.0,52.74,2.38
20240402,32.5,0.44,51.27,2.27
20240403,31.7,1.08,56.54,2.38
20240404,31.8,0.03,57.85,2.46
20240405,32.69,0.03,51.77,2.31
20240406,32.79,0.0,52.54,2.24
20240407,32.61,0.0,52.72,2.33
20240408,32.34,0.12,56.15,2.64
20240409,32.0,0.03,54.2,2.69
20240410,31.57,0.13,54.36,2.79
20240411,31.83,0.78,55.61,2.84
20240412,30.59,7.07,63.5,2.86
20240413,30.03,3.07,66.26,2.07
20240414,30.35,2.43,63.23,2.38
20240415,30.4,1.38,63.62,2.6
20240416,31.35,0.09,59.67,2.32
20240417,32.39,0.0,55.14,2.34
20240418,32.94,0.0,54.16,1.91
20240419,32.88,0.0,52.44,1.62
20240420,33.24,0.01,50.56,2.11
20240421,32.89,0.06,57.91,2.44
20240422,32.77,0.1,54.78,1.7
20240423,32.79,0.05,53.49,2.46
20240424,31.86,0.11,53.83,1.95
20240425,32.09,0.01,48.17,2.43
20240426,32.76,0.0,47.64,2.26
20240427,32.69,0.0,47.51,2.26
20240428,32.88,0.01,48.74,2.23
20240429,32.98,0.18,51.72,2.25
20240430,33.6,0.1,51.58,2.69
20240501,33.87,0.07,51.4,2.2
20240502,34.41,0.0,50.69,2.6
20240503,34.55,0.0,50.42,2.37
20240504,34.2,0.05,49.77,2.24
20240505,34.59,0.86,49.69,1.87
20240506,35.04,0.13,47.16,2.23
20240507,33.76,0.09,49.87,2.5
20240508,31.87,1.99,59.59,2.17
20240509,31.45,5.0,61.47,1.57
20240510,29.41,8.36,71.73,1.48
20240511,30.59,3.21,65.95,1.9
20240512,30.86,2.76,62.9,1.72
20240513,28.35,6.94,78.32,1.44
20240514,28.85,4.31,72.49,1.02
20240515,29.69,9.53,70.17,1.79
20240516,28.46,20.03,75.56,1.33
20240517,27.65,14.09,77.7,1.44
20240518,28.86,7.92,74.68,1.23
20240519,28.29,11.82,78.34,1.12
20240520,27.05,27.5,86.35,1.42
20240521,27.49,12.14,79.12,2.42
20240522,27.73,6.34,85.99,2.18
20240523,27.61,3.95,84.55,1.93
20240524,28.83,3.87,77.29,1.76
20240525,28.32,1.68,76.3,2.08
20240526,29.4,0.3,68.67,2.41
20240527,29.93,0.15,69.28,2.56
20240528,28.58,1.43,74.3,2.76
20240529,29.84,2.27,69.54,1.77
20240530,30.27,1.79,69.32,1.84
20240531,30.24,2.84,69.95,1.49
20240601,30.42,3.33,74.47,1.56
20240602,28.55,4.61,74.55,1.58
20240603,28.83,5.54,74.76,1.11
20240604,29.11,0.75,73.87,1.3
20240605,28.66,5.6,77.26,1.79
20240606,27.82,32.15,82.1,1.8
20240607,27.79,6.29,77.44,1.92
20240608,27.41,2.09,80.93,2.56
20240609,27.7,0.27,78.46,1.96
20240610,28.33,0.1,72.45,2.3
20240611,28.0,0.23,68.69,2.21
20240612,27.24,0.35,71.87,2.19
20240613,28.4,0.08,64.05,1.73
20240614,29.3,0.0,63.16,1.29
20240615,29.92,0.48,64.05,1.28
20240616,29.75,0.54,66.93,1.24
20240617,29.04,4.1,67.14,1.56
20240618,28.23,9.56,72.46,2.1
20240619,28.31,4.37,71.74,2.35
20240620,27.66,0.46,69.94,2.44
20240621,27.71,0.28,68.34,2.51
20240622,27.88,2.7,71.67,1.59
20240623,27.67,1.85,71.27,3.13
20240624,27.02,1.34,71.34,3.08
20240625,26.49,1.92,70.15,3.47
20240626,27.48,1.62,70.22,3.18
20240627,27.9,0.55,67.37,2.6
20240628,28.57,0.13,64.18,1.76
20240629,28.34,0.3,67.31,1.47
20240630,28.66,1.45,68.68,0.99
20240701,27.69,3.77,70.79,1.62
20240702,28.89,0.25,63.06,1.31
20240703,28.23,0.2,64.93,1.85
20240704,29.64,0.07,59.4,1.68
20240705,29.11,3.73,65.12,1.45
20240706,27.1,1.92,71.08,2.1
20240707,28.86,0.21,64.76,2.45
20240708,27.36,0.49,71.53,2.42
20240709,27.44,0.21,70.81,2.09
20240710,27.86,3.84,71.76,1.61
20240711,28.57,1.31,67.67,1.29
20240712,28.93,9.89,67.45,1.92
20240713,27.81,0.39,67.22,3.04
20240714,28.7,1.16,61.31,3.6
20240715,27.55,8.09,67.97,4.54
20240716,28.02,1.25,65.34,4.42
20240717,27.61,2.08,67.97,3.51
20240718,27.51,1.08,65.87,4.38
20240719,28.38,0.44,64.66,4.37
20240720,28.5,0.45,63.91,3.53
20240721,28.32,0.17,66.1,3.45
20240722,28.24,0.22,64.54,3.12
20240723,28.83,0.13,62.82,2.87
20240724,28.59,0.84,63.54,3.38
20240725,28.82,1.47,63.01,3.67
20240726,27.99,1.63,64.33,4.23
20240727,28.49,0.2,60.04,5.12
20240728,28.55,0.75,59.03,4.01
20240729,28.77,4.96,64.34,3.74
20240730,27.6,0.58,71.3,2.33
20240731,28.56,0.35,68.39,1.88
20240801,29.01,1.33,68.66,2.15
20240802,28.32,0.11,63.6,3.04
20240803,29.03,0.9,63.46,1.29
20240804,28.9,5.75,67.04,2.25
20240805,28.1,2.88,70.09,1.07
20240806,28.74,7.77,69.22,1.15
20240807,27.15,11.78,77.76,1.33
20240808,27.12,8.11,77.26,1.56
20240809,28.26,11.91,74.46,1.35
20240810,27.95,9.66,77.24,1.49
20240811,27.64,6.68,79.1,1.88
20240812,29.08,4.6,75.44,1.43
20240813,28.13,18.77,79.29,0.78
20240814,27.68,20.16,77.31,1.06
20240815,28.71,9.32,75.97,1.08
20240816,28.27,4.45,81.32,1.2
20240817,27.94,2.42,80.38,1.9
20240818,27.69,7.57,80.69,1.06
20240819,28.25,3.72,78.36,1.88
20240820,27.42,6.92,81.52,2.0
20240821,26.09,6.1,80.95,3.82
20240822,26.86,0.02,77.98,2.4
20240823,27.81,0.0,70.95,2.15
20240824,27.7,0.08,74.59,2.27
20240825,27.56,0.07,74.05,2.28
20240826,27.77,0.1,71.69,2.66
20240827,27.85,0.13,73.02,2.19
20240828,27.7,0.12,72.42,1.96
20240829,27.89,1.54,71.83,2.39
20240830,27.15,1.42,78.21,2.23
20240831,27.27,0.49,72.79,2.85
20240901,27.18,0.49,70.49,2.61
20240902,27.56,0.24,69.47,2.46
20240903,27.59,0.78,74.74,2.28
20240904,28.47,0.4,71.26,2.16
20240905,29.04,0.11,68.01,2.09
20240906,28.36,0.59,71.67,1.94
20240907,28.84,0.28,68.8,2.16
20240908,28.07,0.42,71.54,2.35
20240909,27.86,0.47,70.31,2.43
20240910,28.68,0.29,70.79,2.84
20240911,28.94,1.07,69.0,2.65
20240912,28.57,0.18,65.16,2.6
20240913,28.98,0.48,65.1,2.0
20240914,28.98,0.57,65.41,2.27
20240915,29.65,0.07,59.93,2.91
20240916,29.8,0.0,58.76,2.9
20240917,30.02,0.0,59.2,2.86
20240918,29.03,0.0,60.27,2.53
20240919,28.44,0.51,62.58,2.11
20240920,29.08,0.13,61.19,1.61
20240921,28.92,0.52,64.15,2.14
20240922,29.6,0.6,61.76,2.27
20240923,29.38,0.35,61.32,2.74
20240924,29.47,0.29,61.46,2.36
20240925,30.0,0.05,58.76,2.82
20240926,30.26,0.36,59.25,1.51
20240927,30.06,0.3,57.76,1.24
20240928,29.61,2.05,64.58,1.77
20240929,27.9,4.38,77.2,1.57
20240930,27.79,5.2,77.12,1.5
20241001,27.45,5.89,78.47,1.31
20241002,27.0,9.73,79.98,2.33
20241003,28.5,0.11,73.13,1.85
20241004,28.04,9.91,76.76,0.93
20241005,27.66,14.34,76.48,0.64
20241006,26.47,6.48,81.38,1.04
20241007,26.31,4.67,82.22,2.59
20241008,26.12,7.35,83.45,1.47
20241009,27.96,3.85,76.24,1.81
20241010,27.42,1.99,76.87,1.06
20241011,26.41,18.19,80.58,1.11
20241012,26.63,38.48,82.88,0.95
20241013,26.28,21.26,86.26,0.86
20241014,25.48,14.4,88.32,1.07
20241015,25.1,8.28,85.22,1.42
20241016,26.1,2.15,77.12,1.27
20241017,26.76,1.36,79.68,1.47
20241018,27.3,1.78,78.87,0.96
20241019,26.25,5.26,82.89,0.91
20241020,26.58,15.15,83.71,0.96
20241021,26.53,5.41,85.58,0.59
20241022,27.04,16.82,79.69,0.75
20241023,26.76,4.56,81.94,0.99
20241024,25.97,8.39,82.92,1.28
20241025,26.5,26.61,83.13,0.96
20241026,27.17,4.19,80.08,1.08
20241027,26.76,0.54,81.58,1.23
20241028,27.16,1.36,78.84,1.1
20241029,27.39,0.77,75.81,0.92
20241030,26.99,0.46,81.21,0.88
20241031,26.57,4.21,85.59,1.12
20241101,26.6,6.55,88.22,0.9
20241102,25.4,10.8,91.41,1.29
20241103,25.19,4.3,92.02,1.2
20241104,25.63,2.42,85.85,1.5
20241105,25.21,0.75,83.64,1.4
20241106,25.81,0.05,78.79,1.52
20241107,25.44,2.57,85.53,1.56
20241108,25.84,4.0,88.25,1.88
20241109,25.63,1.42,84.9,2.09
20241110,25.02,0.0,82.2,2.26
20241111,25.18,0.0,80.65,1.93
20241112,25.71,0.13,80.11,1.71
20241113,25.35,0.53,90.56,1.6
20241114,25.68,7.49,90.66,1.85
20241115,25.06,6.54,90.3,1.77
20241116,25.05,7.83,90.24,1.81
20241117,25.71,7.22,88.56,2.29
20241118,25.13,6.12,88.42,2.53
20241119,25.07,7.8,87.48,2.77
20241120,24.07,6.15,88.68,2.86
20241121,24.29,5.08,86.03,2.24
20241122,24.1,0.23,86.37,1.69
20241123,24.72,0.03,86.31,2.34
20241124,24.8,0.01,87.36,2.11
20241125,23.87,0.01,84.83,2.02
20241126,23.44,11.46,89.98,2.61
20241127,23.71,5.2,90.3,2.9
20241128,24.15,1.3,81.44,2.3
20241129,24.38,3.63,84.45,2.65
20241130,25.1,1.84,89.13,1.84
20241201,26.1,3.81,86.39,2.37
20241202,25.88,11.83,89.06,2.33
20241203,26.17,1.04,86.41,1.69
20241204,25.48,1.35,85.78,1.4
20241205,25.19,1.41,87.05,1.15
20241206,25.26,0.14,86.36,1.52
20241207,25.42,0.04,85.83,1.56
20241208,24.62,0.07,86.75,1.31
20241209,25.17,0.01,83.38,1.53
20241210,25.04,0.0,83.01,1.85
20241211,24.38,3.41,87.92,2.42
20241212,23.9,43.68,92.39,2.98
20241213,24.19,48.14,95.53,3.23
20241214,23.98,17.15,90.2,2.85
20241215,22.59,0.95,86.01,2.39
20241216,22.53,0.0,86.52,1.93
20241217,24.19,0.0,82.32,1.64
20241218,25.16,0.0,83.22,1.23
20241219,25.94,0.0,82.81,0.92
20241220,26.56,0.05,80.38,0.75
20241221,26.15,1.76,82.28,1.03
20241222,25.13,4.87,87.96,1.37
20241223,24.78,1.63,84.69,1.05
20241224,25.13,0.03,77.93,0.61
20241225,24.96,0.0,80.77,0.97
20241226,25.31,0.06,85.88,1.59
20241227,24.85,4.06,89.21,2.22
20241228,23.93,0.43,85.81,2.26
20241229,24.16,0.13,85.52,2.37
20241230,24.25,2.63,89.8,2.77
20241231,24.4,1.85,88.12,3.56
20250101,23.2,0.05,83.57,2.99
20250102,22.44,0.0,84.41,2.46
20250103,22.04,0.0,84.23,2.9
20250104,21.93,0.0,83.22,2.08
20250105,22.07,0.0,80.13,1.87
20250106,21.9,0.0,79.54,1.85
20250107,22.8,0.02,83.05,1.7
20250108,22.78,0.0,82.06,1.94
20250109,22.77,0.0,82.89,2.19
20250110,23.91,0.0,83.28,2.55
20250111,24.02,0.08,80.48,2.56
20250112,24.37,0.17,82.22,2.7
20250113,25.4,0.64,83.57,2.41
20250114,24.29,1.6,83.57,2.78
20250115,23.86,1.24,83.92,3.38
20250116,23.34,0.02,82.01,2.93
20250117,23.14,0.0,80.35,2.93
20250118,22.35,8.27,88.08,2.63
20250119,23.52,7.22,89.63,2.52
20250120,24.25,0.69,82.18,2.44
20250121,22.97,0.0,79.22,2.26
20250122,23.92,0.17,80.25,2.31
20250123,24.08,0.17,79.71,2.23
20250124,23.24,0.0,79.03,2.3
20250125,24.04,0.0,77.46,2.47
20250126,23.09,0.0,77.69,2.64
20250127,23.19,0.0,74.88,2.23
20250128,23.72,0.0,71.42,1.88
20250129,23.87,0.0,71.09,2.26
20250130,24.17,0.1,81.53,2.06
20250131,25.57,0.46,82.98,1.76
20250201,26.35,0.05,78.94,1.97
20250202,26.11,0.0,74.28,1.77
20250203,25.14,0.0,72.71,1.56
20250204,24.23,0.0,71.55,1.91
20250205,24.4,0.0,75.83,2.02
20250206,24.46,0.0,74.35,1.99
20250207,23.99,0.0,71.31,2.01
20250208,24.4,0.0,75.2,2.26
20250209,25.04,0.0,73.28,2.32
20250210,24.98,0.0,71.55,2.17
20250211,24.87,0.0,70.02,1.79
20250212,25.27,0.0,71.31,1.96
20250213,24.77,0.0,67.47,1.83
20250214,24.67,0.0,65.33,1.65
20250215,25.39,0.0,63.98,1.79
20250216,25.43,0.0,66.17,1.96
20250217,25.22,0.0,67.01,1.93
20250218,25.32,0.0,67.01,1.95
20250219,25.98,0.0,66.58,1.62
20250220,26.23,0.0,66.49,1.75
20250221,26.46,0.0,65.45,2.12
20250222,26.96,0.0,64.17,2.03
20250223,27.04,0.0,61.73,2.28
20250224,26.87,0.0,63.46,2.48
20250225,26.79,1.04,68.34,2.78
20250226,26.84,2.04,68.77,3.29
20250227,27.36,0.41,66.28,3.31
20250228,26.44,5.0,74.68,3.13
20250301,26.98,5.79,78.44,2.94
20250302,27.41,0.55,74.21,2.18
20250303,28.27,0.05,68.39,1.84
20250304,27.89,0.0,62.11,1.78
20250305,28.15,0.0,54.45,1.64
20250306,28.38,0.0,53.24,1.54
20250307,28.56,0.04,57.52,1.6
20250308,28.99,0.42,61.46,1.68
20250309,27.95,0.05,57.04,2.04
20250310,27.4,0.03,61.24,2.9
20250311,26.85,10.42,78.24,3.75
20250312,25.92,15.23,83.07,1.49
20250313,27.92,1.45,69.18,1.55
20250314,28.18,0.0,64.89,1.63
20250315,28.52,0.0,62.27,1.48
20250316,28.39,1.35,68.47,1.65
20250317,29.06,1.28,67.3,1.31
20250318,29.07,0.15,66.38,1.73
20250319,28.87,0.09,66.76,2.07
20250320,28.6,0.27,65.93,2.04
20250321,28.89,0.37,68.95,1.98
20250322,28.73,1.75,71.83,1.96
20250323,28.27,1.92,72.85,1.7
20250324,29.05,0.39,66.32,1.96
20250325,29.05,0.23,60.79,1.74
20250326,29.08,0.04,56.1,1.71
20250327,30.3,0.15,54.09,1.48
20250328,30.53,0.0,54.44,1.91
20250329,29.75,0.0,48.93,1.99
20250330,29.3,0.0,41.64,1.8
20250331,29.64,0.02,49.69,1.87
20250401,29.55,0.95,57.62,1.82
20250402,28.52,16.44,68.81,1.95
20250403,27.26,18.63,77.25,1.47
20250404,28.35,4.2,63.85,1.68
20250405,28.78,4.49,66.46,1.49
20250406,28.24,16.59,75.07,0.99
20250407,27.34,15.35,81.02,1.01
20250408,28.41,0.1,71.33,1.28
20250409,28.13,0.2,69.85,1.35
20250410,29.41,0.09,65.34,1.33
20250411,29.67,3.04,65.85,1.31
20250412,29.67,3.21,67.03,1.12
20250413,30.43,0.35,62.11,1.6
20250414,30.15,1.6,63.23,1.75
20250415,28.6,1.15,70.25,1.46
20250416,30.16,0.03,63.52,1.14
20250417,30.19,0.17,66.16,1.33
20250418,30.85,0.58,64.57,1.18
20250419,30.96,0.11,62.72,1.31
20250420,29.68,0.9,67.71,1.08
20250421,29.86,0.44,66.31,1.52
20250422,29.98,0.33,64.01,1.31
20250423,30.09,0.19,60.65,1.18
20250424,30.77,0.25,62.57,1.63
20250425,29.85,0.13,71.73,1.13
20250426,29.1,0.58,76.0,1.38
20250427,28.39,4.23,78.28,1.29
20250428,27.9,3.14,76.04,1.6
20250429,29.05,0.94,71.88,1.87
20250430,28.31,0.73,78.06,1.99
20250501,29.07,0.03,71.4,1.93
20250502,29.67,0.5,70.94,1.02
20250503,30.18,0.5,69.4,1.24
20250504,30.64,1.1,62.6,1.58
20250505,28.94,3.77,72.34,1.0
20250506,30.17,1.99,65.34,1.06
20250507,29.25,4.97,70.02,1.5
20250508,29.83,3.7,67.09,0.79
20250509,30.36,0.13,63.52,1.53
20250510,30.62,0.93,64.44,0.71
20250511,31.1,0.29,61.29,0.96
20250512,31.23,1.02,61.81,1.29
20250513,30.79,3.81,67.77,1.32
20250514,29.2,5.57,73.55,1.77
20250515,29.99,19.08,68.11,1.58
20250516,30.48,6.14,65.69,1.34
20250517,28.34,7.77,71.72,2.01
20250518,27.93,19.28,76.27,1.22
20250519,29.09,6.28,71.16,1.72
20250520,28.7,0.94,70.07,2.11
20250521,29.21,0.4,61.86,2.69
20250522,30.4,0.1,61.41,1.81
20250523,29.6,3.01,69.62,2.49
20250524,29.27,3.69,66.84,3.79
20250525,28.29,3.98,72.22,3.53
20250526,29.12,6.53,67.67,3.85
20250527,29.34,3.13,71.61,3.68
20250528,30.03,1.35,66.32,4.22
20250529,28.93,3.17,65.88,4.0
20250530,28.09,1.16,64.17,3.95
20250531,28.98,0.17,61.2,3.17
20250601,29.77,1.84,64.46,1.95
20250602,29.48,1.23,69.27,1.67
20250603,29.41,1.0,66.26,1.99
20250604,29.39,0.59,62.61,2.36
20250605,30.74,0.22,55.49,1.28
20250606,30.54,2.33,65.13,1.07
20250607,30.95,0.78,64.17,1.35
20250608,30.88,0.25,61.18,1.21
20250609,28.58,0.39,73.26,1.89
20250610,29.87,0.83,64.04,2.5
20250611,28.81,2.0,67.41,2.6
20250612,29.64,1.8,65.54,2.92
20250613,29.34,1.44,61.61,3.8
20250614,28.73,1.44,65.11,3.64
20250615,27.33,2.85,68.53,3.93
20250616,29.14,0.78,61.14,3.91
20250617,28.93,1.9,65.45,2.79
20250618,29.57,0.4,64.61,2.19
20250619,29.48,0.35,63.7,3.08
20250620,28.8,0.59,66.32,2.0
20250621,28.86,0.15,68.63,1.84
20250622,29.17,3.95,67.04,2.22
20250623,28.77,0.28,57.49,3.72
20250624,29.18,0.51,62.05,3.65
20250625,29.25,2.17,62.81,2.8
20250626,29.14,0.19,63.03,2.93
20250627,29.11,1.25,59.49,2.75
20250628,29.08,0.36,61.6,2.64
20250629,29.14,0.04,59.76,2.88
20250630,28.88,0.08,65.27,2.1
20250701,28.8,0.21,65.49,2.18
20250702,29.26,0.46,58.75,3.46
20250703,28.99,0.14,57.79,3.2
20250704,28.33,0.18,60.9,2.48
20250705,29.16,0.17,61.43,2.87
20250706,29.72,0.2,59.65,3.36
20250707,29.92,0.17,60.4,3.01
20250708,30.36,0.11,58.11,2.85
20250709,30.83,0.11,56.73,3.15
20250710,30.69,0.63,57.0,2.59
20250711,29.89,1.75,60.95,2.61
20250712,29.61,3.15,63.23,3.01
20250713,28.99,0.29,62.7,2.31
20250714,29.31,0.08,55.01,3.64
20250715,29.66,0.23,55.67,3.0
20250716,29.41,5.77,61.21,2.93
20250717,28.87,0.42,61.91,2.97
20250718,28.89,1.27,65.87,2.28
20250719,28.14,2.16,64.77,4.3
20250720,28.08,0.82,60.15,3.79
20250721,28.64,0.74,61.81,2.91
20250722,29.41,0.78,62.12,3.17
20250723,29.58,0.72,58.33,4.02
20250724,29.46,1.37,53.97,4.41
20250725,28.41,0.69,56.58,4.1
20250726,28.35,1.68,62.7,3.33
20250727,29.02,0.55,59.72,3.45
20250728,29.74,0.01,53.78,3.71
20250729,30.24,0.0,53.19,4.34
20250730,31.04,0.09,51.99,4.04
20250731,30.7,1.38,55.42,2.95
20250801,29.76,2.39,60.16,1.81
20250802,26.87,5.81,79.43,1.96
20250803,27.26,2.9,77.06,1.41
20250804,28.8,4.59,69.77,1.41
20250805,28.29,7.23,73.82,1.91
20250806,28.65,2.9,68.32,1.76
20250807,29.39,0.53,65.09,1.56
20250808,28.48,1.15,69.34,1.54
20250809,27.27,1.52,78.23,1.28
20250810,26.93,21.45,79.27,1.55
20250811,28.28,0.29,66.57,2.19
20250812,28.02,0.43,64.4,2.39
20250813,27.68,0.65,61.21,2.7
20250814,27.89,0.59,61.73,2.84
20250815,28.11,1.29,61.38,3.65
20250816,27.75,1.08,66.46,3.41
20250817,28.03,1.44,66.68,3.35
20250818,28.24,0.2,64.58,3.2
20250819,29.1,0.06,59.61,3.38
20250820,28.01,0.03,62.95,1.66
20250821,29.77,1.45,60.48,1.33
20250822,29.7,1.37,64.56,0.79
20250823,28.66,4.02,67.79,1.42
20250824,29.08,8.05,66.76,1.09
20250825,29.69,1.26,63.99,1.36
20250826,30.17,0.08,59.24,2.35
20250827,28.84,0.67,64.68,2.55
20250828,27.8,1.38,69.74,2.64
20250829,29.03,0.66,58.99,2.96
20250830,29.12,2.73,64.29,2.36
20250831,28.77,3.26,68.86,1.74
20250901,29.51,0.19,60.24,2.9
20250902,29.79,0.05,57.93,3.0
20250903,28.69,0.45,64.45,2.06
20250904,29.65,0.23,61.37,2.04
20250905,29.8,2.16,63.48,1.39
20250906,30.55,1.72,63.48,1.21
20250907,28.38,4.17,71.28,1.81
20250908,29.51,2.6,65.84,1.5
20250909,28.83,10.84,72.0,1.28
20250910,28.09,29.56,77.94,1.04
20250911,28.22,7.47,73.77,0.95
20250912,27.84,3.41,75.66,0.86
20250913,28.79,0.03,65.01,0.76
20250914,29.34,0.79,62.48,1.07
20250915,29.39,4.96,65.25,1.25
20250916,28.62,8.27,74.16,0.58
20250917,27.56,11.96,78.63,1.09
20250918,27.71,3.39,76.75,1.32
20250919,27.72,1.01,69.77,1.3
20250920,27.9,0.23,64.33,1.17
20250921,28.86,1.46,67.38,1.34
20250922,28.8,0.31,71.25,1.45
20250923,28.85,0.32,69.79,1.93
20250924,28.89,0.34,68.08,2.09
20250925,27.91,12.21,71.02,2.18
20250926,27.52,1.47,68.47,2.79
20250927,27.5,0.73,65.0,3.05
20250928,26.78,0.27,69.25,2.84
20250929,28.14,0.35,68.95,2.32
20250930,27.97,0.01,69.28,1.6
20251001,29.28,0.0,64.41,1.74
20251002,29.0,0.84,67.16,0.94
20251003,27.55,6.06,74.88,1.11
20251004,28.47,1.08,68.13,0.98
20251005,28.49,5.69,69.36,1.23
20251006,28.21,1.12,71.12,1.03
20251007,27.99,0.84,71.23,0.6
20251008,28.33,0.66,70.35,1.29
20251009,27.59,8.31,78.62,1.27
20251010,27.6,5.42,76.07,1.41
20251011,28.84,3.58,71.89,1.77
20251012,27.72,3.7,77.93,1.78
20251013,28.13,2.05,74.1,1.69
20251014,27.17,7.57,79.29,2.24
20251015,26.29,9.83,85.8,1.71
20251016,25.73,8.1,89.07,2.06
20251017,26.15,13.44,90.92,2.3
20251018,25.84,17.08,90.63,1.99
20251019,25.49,10.56,90.44,2.26
20251020,25.13,16.31,90.56,1.53
20251021,25.13,26.73,88.95,1.05
20251022,25.29,22.86,88.8,2.22
20251023,25.9,1.46,85.85,1.69
20251024,26.18,15.08,86.11,1.57
20251025,26.78,2.99,80.57,0.7
20251026,26.59,0.07,83.8,0.63
20251027,25.87,2.28,85.08,1.43
20251028,26.6,0.59,80.44,1.71
20251029,26.94,0.3,80.87,1.76
20251030,27.66,0.02,74.72,0.67
20251031,27.6,0.0,75.26,0.91
20251101,27.57,0.0,75.81,0.98
20251102,28.07,0.0,73.77,0.61
20251103,27.93,0.0,73.29,1.1
20251104,27.63,0.0,75.24,1.12
20251105,27.15,1.47,78.32,0.81
20251106,26.86,6.45,80.31,1.39
20251107,26.37,0.16,81.88,0.66
20251108,26.04,8.53,82.31,1.17
20251109,25.37,3.02,76.47,1.13
20251110,25.35,0.42,79.28,0.98
20251111,25.86,3.14,82.77,1.23
20251112,25.83,1.36,83.47,1.92
20251113,25.44,1.94,84.23,2.16
20251114,24.89,1.19,82.81,2.44
20251115,24.41,0.08,75.66,2.12
20251116,24.76,0.27,83.91,2.56
20251117,23.87,1.73,85.75,2.83
20251118,23.83,10.96,89.04,2.35
20251119,25.01,1.8,84.97,2.34
20251120,25.39,0.04,78.7,2.4
20251121,25.76,6.07,85.22,2.19
20251122,24.98,9.48,91.05,2.19
20251123,24.91,47.31,92.01,2.19
20251124,24.23,14.08,94.0,2.27
20251125,24.03,1.49,89.29,2.91
20251126,23.05,0.13,89.21,2.96
20251127,23.16,0.23,84.59,3.14
20251128,21.87,10.24,87.32,3.07
20251129,21.99,35.36,88.46,3.24
20251130,23.87,2.51,85.38,2.17
20251201,25.27,3.58,84.13,1.23
20251202,24.77,20.87,89.22,1.16
20251203,24.61,5.11,83.84,1.27
20251204,24.72,4.08,85.29,1.04
20251205,24.4,3.31,91.23,2.6
20251206,24.35,2.15,89.01,2.51
20251207,23.8,1.17,88.96,2.38
20251208,23.14,0.04,86.33,2.23
20251209,22.92,0.05,88.86,2.58
20251210,23.05,0.23,85.63,2.72
20251211,22.57,0.0,85.79,2.41
20251212,22.9,0.06,85.72,2.48
20251213,21.59,0.01,82.62,2.29
20251214,20.4,0.0,80.15,2.02
20251215,20.69,0.01,82.2,1.93
20251216,23.34,2.79,88.87,2.63
20251217,24.55,3.85,87.53,3.09
20251218,21.34,0.02,86.74,2.61
20251219,21.07,0.0,83.77,2.05
20251220,20.75,0.0,80.92,1.74
20251221,21.25,0.0,82.02,1.93
20251222,21.26,0.0,81.23,2.03
20251223,21.97,0.0,81.89,1.8
20251224,22.17,0.0,80.24,1.7
20251225,21.65,0.0,79.95,1.62
20251226,22.96,0.0,82.43,2.22
20251227,22.7,0.0,80.09,1.97
20251228,22.97,0.0,81.6,1.8
20251229,23.39,0.0,83.36,2.0
20251230,23.85,0.0,79.01,1.57
20251231,25.17,0.7,81.23,1.3
