Date,T2M,PRECTOTCORR,RH2M,WS2M
20050101,23.91,0.03,82.88,2.0
20050102,23.6,0.05,82.98,2.2
20050103,23.94,0.05,83.4,2.09
20050104,23.56,0.0,80.36,2.42
20050105,23.48,0.0,80.62,2.66
20050106,22.73,0.0,78.71,2.61
20050107,23.73,0.0,79.09,3.19
20050108,23.83,0.0,79.08,2.78
20050109,22.96,0.0,80.59,2.81
20050110,22.86,0.0,76.14,2.04
20050111,22.54,0.0,72.36,1.74
20050112,22.81,0.0,75.06,1.96
20050113,22.86,0.0,75.51,2.29
20050114,23.14,0.0,76.34,2.63
20050115,23.13,0.0,72.64,2.45
20050116,23.7,0.0,75.95,2.28
20050117,24.57,0.06,75.14,1.97
20050118,25.49,0.25,76.68,1.92
20050119,25.95,0.04,76.78,2.23
20050120,25.85,0.34,75.74,3.23
20050121,25.85,1.96,76.1,3.77
20050122,25.61,1.88,78.16,3.13
20050123,26.18,0.35,73.4,2.69
20050124,25.76,0.04,77.68,2.12
20050125,25.95,0.0,72.89,2.34
20050126,25.97,0.0,72.54,2.35
20050127,25.69,0.3,73.63,2.1
20050128,25.14,0.25,75.38,1.48
20050129,25.72,1.55,71.77,2.0
20050130,26.0,0.99,73.78,1.99
20050131,26.32,1.91,76.82,2.29
20050201,26.52,0.6,77.38,2.44
20050202,26.85,0.3,73.13,2.6
20050203,26.56,0.8,72.45,2.76
20050204,26.6,0.22,71.64,2.74
20050205,26.86,0.0,66.87,2.39
20050206,26.11,0.0,65.47,2.57
20050207,25.2,0.0,67.88,2.55
20050208,25.64,0.0,69.77,3.15
20050209,25.68,0.0,68.27,3.52
20050210,26.14,0.0,67.15,3.59
20050211,26.09,0.0,66.52,3.18
20050212,25.25,0.0,65.97,3.13
20050213,25.3,0.0,64.53,2.66
20050214,25.06,0.0,64.18,2.05
20050215,25.88,0.0,62.45,1.3
20050216,26.56,0.0,62.7,1.62
20050217,26.7,0.0,63.03,1.69
20050218,26.8,0.0,62.05,1.84
20050219,26.72,0.0,65.67,1.83
20050220,26.24,0.0,68.45,1.87
20050221,27.29,0.01,67.06,1.83
20050222,28.01,1.9,69.17,2.01
20050223,28.88,0.34,66.34,2.31
20050224,28.85,0.0,65.24,2.52
20050225,27.86,0.0,62.9,2.13
20050226,27.22,0.0,61.37,2.11
20050227,27.43,0.0,58.4,2.25
20050228,27.13,0.0,59.1,2.35
20050301,27.62,0.0,64.62,2.57
20050302,28.32,0.0,61.31,2.37
20050303,28.77,0.0,61.31,2.44
20050304,29.55,0.0,61.39,2.33
20050305,29.91,0.85,64.18,2.69
20050306,29.37,0.39,63.05,2.54
20050307,28.82,0.07,65.96,2.53
20050308,28.51,0.0,64.93,2.21
20050309,28.63,0.0,65.76,2.23
20050310,28.68,1.41,64.27,1.49
20050311,29.18,1.14,63.77,1.78
20050312,30.03,0.31,61.69,2.11
20050313,29.77,6.61,64.66,1.78
20050314,28.79,4.62,68.97,2.14
20050315,28.76,0.0,61.26,2.26
20050316,28.56,0.0,59.76,2.17
20050317,28.02,0.0,61.14,2.79
20050318,28.44,0.66,61.16,2.03
20050319,29.33,1.34,61.49,2.22
20050320,30.08,0.01,58.42,1.85
20050321,30.83,0.0,55.6,2.18
20050322,31.08,0.0,52.57,1.81
20050323,31.69,0.0,51.3,2.15
20050324,32.3,0.29,54.85,2.26
20050325,32.34,0.1,55.33,2.22
20050326,31.98,0.0,52.86,1.93
20050327,32.5,0.01,50.33,2.17
20050328,32.25,0.0,49.23,2.44
20050329,32.93,0.0,51.03,2.2
20050330,32.89,1.05,53.41,2.56
20050331,32.19,0.06,56.5,2.13
20050401,32.34,0.03,55.24,2.6
20050402,31.57,1.7,60.1,2.88
20050403,27.77,20.95,78.54,2.75
20050404,26.23,20.37,90.14,4.09
20050405,26.59,13.96,87.64,2.33
20050406,27.03,18.67,83.2,1.26
20050407,26.86,13.84,83.83,1.99
20050408,27.28,0.67,78.63,1.97
20050409,28.66,0.13,74.07,1.93
20050410,28.74,0.43,75.3,1.52
20050411,28.5,1.15,79.77,1.64
20050412,28.24,0.54,80.9,1.17
20050413,28.34,0.25,77.48,1.8
20050414,29.04,0.02,71.98,1.62
20050415,29.16,0.02,70.99,1.66
20050416,29.83,0.28,67.02,1.73
20050417,29.89,0.06,65.42,2.16
20050418,29.49,0.12,68.29,2.05
20050419,29.47,0.44,71.34,2.03
20050420,27.81,10.58,79.48,1.72
20050421,28.13,1.94,73.51,1.58
20050422,28.19,0.51,73.97,1.48
20050423,29.18,0.06,69.48,1.9
20050424,29.63,0.05,68.33,1.9
20050425,29.28,0.45,71.45,1.37
20050426,30.42,0.32,65.32,1.67
20050427,30.64,0.11,64.1,1.77
20050428,31.5,0.01,63.67,1.86
20050429,31.77,0.01,63.38,1.73
20050430,29.87,21.4,76.29,2.05
20050501,29.64,9.47,75.82,1.35
20050502,28.61,3.23,80.19,1.42
20050503,29.85,2.96,72.92,1.94
20050504,28.92,5.38,76.83,1.43
20050505,29.58,0.42,70.99,1.67
20050506,30.4,0.97,66.63,2.1
20050507,30.51,0.69,65.03,2.44
20050508,30.39,0.0,64.33,2.29
20050509,31.39,0.04,61.76,1.81
20050510,30.89,0.0,58.89,3.28
20050511,30.72,0.02,63.07,2.74
20050512,31.17,0.38,64.76,2.8
20050513,31.38,0.05,64.34,2.82
20050514,30.32,0.2,69.19,2.97
20050515,30.53,1.9,68.5,2.71
20050516,29.35,0.06,68.25,2.14
20050517,31.1,0.0,59.82,1.69
20050518,32.04,0.0,58.07,2.1
20050519,32.21,0.0,59.96,2.26
20050520,32.06,0.0,62.73,2.72
20050521,32.27,0.04,60.99,2.51
20050522,32.07,0.06,61.0,2.11
20050523,31.97,0.17,62.08,1.6
20050524,31.17,0.01,64.02,1.77
20050525,31.25,0.06,62.83,2.14
20050526,30.29,13.94,68.93,2.04
20050527,29.32,1.47,74.7,2.0
20050528,28.43,2.85,71.93,2.29
20050529,29.51,2.57,68.11,2.32
20050530,29.09,0.04,70.68,2.55
20050531,30.21,0.5,66.03,2.31
20050601,30.41,0.07,65.98,2.94
20050602,31.12,0.06,63.33,2.87
20050603,30.2,0.01,68.89,1.57
20050604,30.14,0.43,69.33,2.17
20050605,29.5,0.71,72.01,2.72
20050606,29.69,0.1,69.34,2.56
20050607,29.75,0.13,69.26,2.76
20050608,30.48,0.28,68.5,3.45
20050609,28.75,1.44,71.66,3.96
20050610,28.91,0.53,62.31,3.32
20050611,30.09,0.1,64.31,3.3
20050612,31.7,0.15,56.57,3.56
20050613,31.36,0.41,58.38,3.4
20050614,30.08,0.01,60.71,3.65
20050615,31.06,0.16,56.87,2.99
20050616,30.91,0.92,61.3,3.69
20050617,29.91,0.17,63.88,4.28
20050618,29.55,0.16,60.74,4.36
20050619,29.7,0.56,63.15,3.99
20050620,28.96,1.07,66.79,4.06
20050621,28.96,0.31,65.63,4.08
20050622,29.74,0.11,58.44,4.78
20050623,30.44,0.0,55.84,4.23
20050624,31.12,0.11,55.98,4.27
20050625,30.95,0.37,59.13,3.52
20050626,30.66,0.1,59.6,4.1
20050627,30.31,0.03,59.14,3.88
20050628,30.15,0.06,58.3,4.09
20050629,29.82,0.07,57.75,3.72
20050630,30.7,0.48,57.52,3.34
20050701,29.83,0.58,63.88,3.56
20050702,30.26,0.21,59.47,3.39
20050703,30.17,0.17,59.76,3.7
20050704,29.48,0.58,64.13,3.49
20050705,29.55,0.1,62.69,4.24
20050706,29.59,0.09,59.53,5.11
20050707,30.63,0.02,53.01,4.74
20050708,30.82,0.1,57.88,3.86
20050709,30.36,0.3,57.1,5.21
20050710,29.4,0.76,58.94,4.43
20050711,30.0,0.13,57.59,4.26
20050712,30.19,0.01,58.46,3.19
20050713,29.12,1.84,65.68,3.28
20050714,28.82,14.67,69.68,2.71
20050715,27.93,2.73,74.76,1.83
20050716,28.24,0.44,73.52,1.46
20050717,28.69,1.09,70.42,2.05
20050718,29.85,0.06,64.49,2.3
20050719,29.59,0.02,65.79,3.0
20050720,29.32,0.19,66.03,3.15
20050721,29.04,0.0,63.8,3.99
20050722,29.49,0.18,61.78,3.88
20050723,28.9,0.44,65.76,3.93
20050724,29.49,0.24,60.99,4.98
20050725,28.96,0.17,59.88,5.94
20050726,29.82,0.43,57.32,6.22
20050727,30.19,0.39,58.52,5.08
20050728,29.7,0.56,60.49,4.74
20050729,28.94,1.02,62.57,4.95
20050730,29.33,0.7,61.0,5.44
20050731,30.0,0.57,60.1,5.94
20050801,29.44,0.74,60.34,6.07
20050802,29.41,0.29,57.37,6.22
20050803,30.19,0.04,50.67,5.01
20050804,29.63,0.06,58.21,4.37
20050805,30.47,0.04,54.67,4.94
20050806,31.36,0.0,51.07,4.82
20050807,31.59,0.0,51.12,4.56
20050808,31.04,0.01,52.06,4.55
20050809,30.72,0.06,54.23,4.26
20050810,30.71,0.24,56.61,4.99
20050811,30.43,1.47,58.42,4.77
20050812,30.93,0.37,55.26,4.88
20050813,31.29,0.05,53.26,4.65
20050814,31.44,0.57,53.58,4.82
20050815,31.21,0.16,53.18,4.57
20050816,30.67,0.15,53.19,4.97
20050817,31.37,0.0,51.01,4.47
20050818,31.34,0.0,48.37,4.36
20050819,30.86,0.05,52.69,4.13
20050820,31.39,0.0,50.69,3.66
20050821,32.0,0.22,48.62,2.77
20050822,31.06,0.24,53.78,2.44
20050823,30.5,2.5,57.48,2.41
20050824,30.11,1.57,59.41,1.89
20050825,29.62,17.3,64.19,1.94
20050826,28.56,10.1,72.01,2.01
20050827,27.32,1.97,78.55,1.32
20050828,29.7,0.27,66.46,1.96
20050829,30.17,0.09,65.42,2.14
20050830,31.18,0.09,58.91,1.98
20050831,30.02,7.37,65.19,2.79
20050901,29.21,0.72,70.23,1.88
20050902,28.16,26.71,79.04,1.91
20050903,27.82,7.04,81.12,2.06
20050904,27.74,5.95,81.45,1.79
20050905,27.62,1.23,76.77,2.81
20050906,27.64,1.0,74.83,2.52
20050907,27.47,2.97,74.85,2.72
20050908,28.43,0.29,72.45,3.02
20050909,29.29,0.11,67.25,3.63
20050910,28.26,2.0,70.64,3.51
20050911,28.07,1.1,69.22,3.61
20050912,27.94,0.17,70.68,3.56
20050913,28.15,0.08,69.51,3.0
20050914,28.77,0.02,69.03,2.1
20050915,27.67,24.53,73.78,2.15
20050916,28.0,0.59,74.12,2.06
20050917,29.52,0.0,64.94,2.54
20050918,29.74,0.0,60.83,3.77
20050919,28.81,0.05,61.41,4.88
20050920,28.53,0.19,64.84,4.57
20050921,29.3,0.1,64.13,3.13
20050922,30.12,0.32,62.79,2.29
20050923,29.57,0.01,64.68,2.21
20050924,29.65,0.66,63.44,2.12
20050925,29.68,2.43,64.75,1.96
20050926,29.33,0.09,66.08,1.89
20050927,29.48,0.0,63.33,1.71
20050928,28.14,10.67,71.65,2.23
20050929,29.13,0.35,68.47,1.81
20050930,29.61,0.31,64.92,1.97
20051001,28.62,0.12,66.45,2.26
20051002,27.83,5.0,73.49,1.33
20051003,28.75,2.32,71.43,1.56
20051004,28.33,19.43,74.85,0.92
20051005,28.32,2.1,72.59,1.23
20051006,29.02,0.06,70.66,1.49
20051007,28.81,1.85,72.83,1.52
20051008,28.28,33.8,77.31,0.79
20051009,27.32,9.93,80.28,1.56
20051010,26.49,13.43,82.6,1.58
20051011,26.12,13.76,84.1,1.11
20051012,26.16,8.19,84.28,1.06
20051013,26.39,3.82,84.13,2.28
20051014,27.16,0.72,79.12,2.12
20051015,27.47,0.18,80.32,1.58
20051016,27.65,0.3,79.51,0.78
20051017,27.29,1.35,81.29,0.69
20051018,26.55,10.82,84.56,0.88
20051019,26.06,2.98,84.66,1.42
20051020,27.16,0.78,78.18,1.49
20051021,26.82,65.77,84.81,1.24
20051022,26.44,27.28,89.32,1.03
20051023,26.25,6.52,88.18,1.59
20051024,25.66,47.18,88.12,0.8
20051025,25.02,26.18,92.52,1.81
20051026,25.26,4.14,85.9,2.02
20051027,25.96,1.92,84.73,2.39
20051028,26.68,0.21,83.1,2.35
20051029,27.11,1.2,82.28,1.97
20051030,26.95,9.85,84.48,1.78
20051031,26.97,1.26,86.78,1.48
20051101,26.22,8.37,87.95,1.29
20051102,25.48,7.81,90.38,1.72
20051103,24.62,3.63,89.72,1.9
20051104,24.67,20.96,92.04,2.02
20051105,24.67,24.5,90.65,2.92
20051106,25.03,30.2,92.93,2.86
20051107,24.37,31.31,92.56,4.18
20051108,24.55,19.58,91.84,3.49
20051109,24.19,5.99,94.12,3.74
20051110,24.2,1.46,93.18,2.33
20051111,24.34,6.96,93.9,1.1
20051112,24.2,14.21,94.48,2.3
20051113,21.68,4.53,90.71,1.84
20051114,23.11,0.25,84.37,2.02
20051115,23.47,0.01,87.82,2.06
20051116,22.05,0.0,83.12,2.33
20051117,21.6,0.01,82.56,1.96
20051118,22.19,0.16,83.23,2.11
20051119,22.77,2.09,87.08,2.14
20051120,23.14,1.38,89.68,2.48
20051121,23.2,21.67,93.14,3.67
20051122,24.97,36.41,95.58,4.19
20051123,24.92,85.27,95.38,3.71
20051124,23.6,62.81,94.6,3.33
20051125,24.41,8.39,91.89,2.07
20051126,24.25,1.72,90.52,2.33
20051127,24.56,1.73,90.9,2.66
20051128,23.3,0.09,88.16,2.86
20051129,21.4,0.56,87.33,2.26
20051130,22.78,0.36,80.62,1.77
20051201,23.93,0.02,83.49,1.17
20051202,24.95,1.37,85.25,1.14
20051203,24.36,22.0,91.89,1.41
20051204,25.23,10.57,92.43,1.69
20051205,24.86,3.61,90.82,2.5
20051206,24.18,0.19,88.79,2.68
20051207,23.19,0.0,88.87,2.41
20051208,21.3,0.01,84.69,2.09
20051209,23.1,13.5,85.03,2.87
20051210,23.06,21.65,90.76,4.21
20051211,24.23,13.98,94.39,2.97
20051212,24.21,4.7,93.97,2.36
20051213,24.7,5.92,93.37,2.86
20051214,24.33,1.23,89.98,2.87
20051215,23.15,0.31,89.92,2.84
20051216,22.25,0.02,87.42,2.96
20051217,22.78,1.56,90.31,3.22
20051218,24.06,2.94,90.68,3.08
20051219,24.48,0.11,87.72,2.56
20051220,24.72,0.27,87.56,2.05
20051221,25.17,0.07,87.6,2.06
20051222,25.45,1.09,83.91,1.35
20051223,24.74,3.18,87.38,1.23
20051224,24.41,0.0,87.35,1.47
20051225,23.82,0.0,88.3,2.04
20051226,22.59,0.0,86.28,2.35
20051227,21.79,0.0,84.12,2.07
20051228,22.34,0.19,88.73,2.21
20051229,22.34,0.06,86.4,2.24
20051230,21.63,0.0,83.78,2.1
20051231,22.18,0.02,84.22,2.72
20060101,21.98,0.01,83.34,2.97
20060102,22.08,0.01,85.34,2.57
20060103,22.16,0.0,88.81,2.38
20060104,23.14,0.34,87.14,2.5
20060105,23.81,3.04,90.62,2.94
20060106,23.53,0.01,86.91,2.75
20060107,24.29,1.0,89.91,2.83
20060108,23.88,11.77,93.62,2.54
20060109,24.51,1.27,90.64,2.59
20060110,24.12,0.03,87.5,3.03
20060111,22.65,0.06,87.12,2.64
20060112,23.29,0.12,87.81,3.08
20060113,23.21,0.42,88.0,2.93
20060114,23.64,0.55,90.26,2.44
20060115,24.51,0.07,88.18,2.46
20060116,24.72,0.74,87.18,2.5
20060117,24.02,0.02,87.09,1.99
20060118,22.47,0.0,83.89,1.9
20060119,21.3,0.0,83.95,1.51
20060120,20.81,0.0,83.31,1.42
20060121,21.09,0.0,83.39,1.32
20060122,21.94,0.0,78.28,1.33
20060123,22.31,0.0,70.89,0.99
20060124,22.43,0.0,71.15,1.13
20060125,22.55,0.0,83.2,1.58
20060126,21.97,0.01,82.24,2.28
20060127,23.11,0.43,84.19,3.2
20060128,22.59,0.0,82.74,3.05
20060129,21.31,0.0,79.43,2.56
20060130,21.54,0.0,78.66,2.14
20060131,21.97,0.0,80.27,2.59
20060201,22.4,0.0,80.69,2.74
20060202,23.26,0.01,81.21,2.64
20060203,23.9,0.06,82.34,3.02
20060204,24.73,0.15,83.29,3.33
20060205,24.58,0.01,82.5,2.68
20060206,22.85,0.0,79.07,2.55
20060207,21.68,0.0,77.74,2.31
20060208,21.99,0.0,76.96,2.59
20060209,23.38,0.01,81.49,2.63
20060210,23.85,0.01,75.36,2.79
20060211,23.89,0.0,78.7,2.68
20060212,24.09,0.0,75.21,2.8
20060213,22.61,0.0,76.86,2.29
20060214,22.66,0.0,71.8,1.68
20060215,24.17,0.0,73.7,1.72
20060216,24.61,0.0,71.88,1.44
20060217,25.17,0.0,71.68,1.36
20060218,25.05,0.0,72.86,1.82
20060219,25.21,0.0,71.59,1.72
20060220,24.59,0.0,70.73,2.08
20060221,24.6,0.0,71.0,1.95
20060222,24.47,0.0,67.87,1.79
20060223,24.35,0.0,68.87,2.12
20060224,25.13,0.0,68.33,2.16
20060225,26.25,0.0,67.53,1.55
20060226,26.51,0.0,67.63,1.99
20060227,27.44,0.0,70.08,1.81
20060228,28.51,0.0,69.89,1.73
20060301,28.71,0.0,67.45,1.63
20060302,28.26,1.45,74.18,2.2
20060303,26.77,13.06,82.7,1.65
20060304,27.18,2.42,77.46,1.94
20060305,28.46,0.23,71.02,2.1
20060306,27.99,2.12,73.2,1.88
20060307,27.38,0.12,71.57,1.57
20060308,27.72,0.02,69.76,2.29
20060309,26.58,1.99,78.62,1.67
20060310,27.45,0.79,74.97,1.78
20060311,27.82,14.47,76.73,1.35
20060312,26.98,3.83,80.08,1.67
20060313,28.09,0.01,71.77,1.4
20060314,27.99,0.0,69.92,1.5
20060315,28.66,0.03,66.04,1.78
20060316,27.79,0.0,70.65,0.98
20060317,29.02,0.0,64.28,1.69
20060318,29.3,0.0,60.66,2.25
20060319,28.51,0.0,66.51,2.86
20060320,28.47,0.0,64.33,2.72
20060321,27.61,0.0,62.72,2.6
20060322,28.1,0.01,55.64,1.57
20060323,29.01,0.0,55.89,2.1
20060324,29.68,0.11,59.26,1.83
20060325,30.07,0.0,60.46,2.04
20060326,30.07,0.16,56.77,1.81
20060327,30.26,0.0,54.95,2.05
20060328,29.83,0.0,61.66,1.98
20060329,29.79,0.0,62.99,1.87
20060330,30.13,0.09,62.84,2.14
20060331,30.21,0.01,58.99,2.06
20060401,29.96,0.0,57.94,1.9
20060402,29.9,0.0,55.86,1.82
20060403,30.13,0.0,54.2,1.88
20060404,30.45,0.0,56.06,2.03
20060405,30.72,0.0,59.15,2.48
20060406,31.58,0.0,54.66,2.27
20060407,32.13,0.0,52.58,1.99
20060408,32.04,0.0,52.47,1.91
20060409,31.71,0.01,55.59,2.52
20060410,31.63,0.05,53.33,2.4
20060411,32.1,0.06,53.64,2.28
20060412,32.67,0.04,54.73,2.46
20060413,32.32,0.27,56.06,3.01
20060414,29.92,0.38,65.68,2.69
20060415,30.24,0.58,60.4,1.83
20060416,29.15,0.11,65.09,2.83
20060417,29.52,19.7,67.58,1.68
20060418,28.24,7.26,76.98,2.09
20060419,30.2,0.23,63.78,1.92
20060420,29.81,0.29,64.55,1.87
20060421,30.67,0.17,57.57,1.84
20060422,30.43,0.0,53.82,1.65
20060423,30.88,0.0,52.92,1.82
20060424,31.08,0.0,54.05,2.06
20060425,31.83,0.14,54.37,1.84
20060426,32.66,0.05,55.15,1.82
20060427,33.5,0.0,52.94,2.21
20060428,34.09,0.0,49.11,2.88
20060429,32.95,0.0,50.42,3.03
20060430,34.57,0.0,46.52,2.32
20060501,34.44,0.0,46.85,2.87
20060502,33.48,0.07,52.42,2.81
20060503,31.6,0.97,61.91,2.06
20060504,29.88,0.49,68.58,1.91
20060505,29.77,0.03,68.11,2.94
20060506,31.01,0.0,61.51,2.45
20060507,31.5,0.03,58.77,2.69
20060508,30.83,0.08,62.18,2.72
20060509,30.64,0.16,63.03,2.49
20060510,30.35,0.19,64.84,2.46
20060511,32.3,0.14,56.84,3.02
20060512,33.08,0.26,52.48,2.4
20060513,32.24,0.04,54.31,1.36
20060514,32.47,0.08,52.34,1.91
20060515,32.8,1.26,51.47,2.41
20060516,30.62,20.12,67.24,1.79
20060517,29.75,1.24,69.01,2.25
20060518,27.59,32.08,78.23,2.92
20060519,28.1,6.62,74.98,3.03
20060520,29.97,0.0,61.53,1.8
20060521,30.53,1.52,61.97,2.32
20060522,31.17,0.56,60.53,3.02
20060523,30.97,0.79,61.62,3.5
20060524,30.75,0.35,61.32,3.48
20060525,29.85,0.4,64.4,3.57
20060526,29.36,3.23,65.13,4.19
20060527,28.1,0.87,66.31,4.14
20060528,28.54,5.19,70.16,3.97
20060529,28.86,1.19,68.44,4.5
20060530,28.78,3.51,70.06,4.08
20060531,28.73,1.36,68.61,3.93
20060601,29.74,0.04,63.5,3.19
20060602,29.27,2.63,67.64,2.43
20060603,30.04,1.0,64.28,2.82
20060604,29.26,0.12,62.78,2.75
20060605,29.5,0.12,60.81,3.46
20060606,29.21,0.08,64.91,2.64
20060607,29.05,0.02,63.33,2.77
20060608,30.07,0.0,59.01,2.53
20060609,29.87,0.32,60.85,3.04
20060610,30.05,0.0,59.9,2.67
20060611,29.9,0.0,59.39,2.43
20060612,30.69,0.0,56.79,2.34
20060613,31.41,0.56,56.54,2.06
20060614,30.12,0.2,61.02,2.22
20060615,30.55,0.16,63.17,1.83
20060616,27.88,4.71,73.68,2.83
20060617,30.15,0.36,60.73,2.26
20060618,29.82,0.39,64.27,1.8
20060619,29.39,0.52,69.62,1.87
20060620,27.9,1.19,73.69,2.65
20060621,28.89,1.1,70.04,2.02
20060622,28.21,1.59,74.83,2.53
20060623,29.15,3.11,69.25,3.91
20060624,30.01,0.71,64.28,3.86
20060625,29.85,0.65,59.26,5.01
20060626,29.76,0.15,62.07,3.56
20060627,30.55,0.08,62.04,3.3
20060628,29.66,0.12,62.3,4.25
20060629,29.57,2.93,62.29,4.28
20060630,29.11,0.09,64.95,4.19
20060701,30.22,0.03,57.78,5.18
20060702,29.33,0.12,59.47,5.28
20060703,29.73,0.66,58.19,5.81
20060704,29.19,0.58,59.38,5.6
20060705,30.03,0.32,57.83,4.83
20060706,30.31,0.12,57.09,4.44
20060707,30.36,0.2,57.97,4.47
20060708,31.69,0.02,55.1,4.72
20060709,31.11,0.05,55.68,4.81
20060710,30.54,0.89,57.05,4.56
20060711,30.44,0.26,58.0,4.91
20060712,28.85,0.62,63.65,4.41
20060713,28.84,0.16,60.89,5.13
20060714,29.13,0.3,61.33,4.5
20060715,30.2,0.22,59.26,5.05
20060716,30.77,0.05,56.95,5.26
20060717,30.16,0.23,57.53,5.37
20060718,30.27,0.93,56.9,5.01
20060719,30.87,0.2,54.73,4.48
20060720,31.06,0.12,54.33,4.55
20060721,31.25,0.01,52.77,4.73
20060722,30.75,0.0,51.91,4.23
20060723,31.64,0.11,49.97,3.65
20060724,31.31,0.02,50.9,3.4
20060725,30.98,0.05,52.82,2.42
20060726,29.42,0.16,59.82,2.41
20060727,29.72,0.17,55.55,4.22
20060728,29.75,0.23,51.74,5.27
20060729,30.5,0.15,53.05,4.35
20060730,30.89,0.04,53.34,4.18
20060731,30.03,0.05,56.34,4.62
20060801,30.47,0.02,54.9,4.18
20060802,31.31,0.02,51.24,5.09
20060803,30.39,0.05,52.8,5.46
20060804,30.14,0.06,53.96,4.6
20060805,30.73,0.0,51.49,3.89
20060806,31.78,0.01,49.1,3.25
20060807,32.02,0.43,49.64,3.13
20060808,31.51,0.05,50.7,3.69
20060809,30.86,0.37,53.97,4.17
20060810,29.64,1.26,57.21,4.67
20060811,29.9,0.44,60.05,4.56
20060812,29.99,0.41,58.22,4.83
20060813,30.04,0.43,56.68,5.41
20060814,29.98,0.76,58.19,5.1
20060815,30.48,0.77,57.55,5.36
20060816,29.34,0.16,55.23,6.09
20060817,30.55,0.2,52.02,5.41
20060818,29.66,12.86,61.31,3.63
20060819,29.78,0.1,63.9,2.29
20060820,28.54,45.07,72.4,2.21
20060821,26.7,32.11,85.01,1.73
20060822,26.78,3.99,83.41,1.72
20060823,27.56,5.82,77.5,1.38
20060824,27.18,27.97,80.01,1.75
20060825,27.18,12.41,81.28,2.15
20060826,27.27,0.02,73.26,2.52
20060827,26.59,0.0,72.4,2.77
20060828,27.89,0.06,67.71,3.5
20060829,28.6,0.18,66.99,3.81
20060830,29.04,0.0,66.64,2.7
20060831,29.16,1.3,67.64,2.19
20060901,28.32,26.47,75.37,1.78
20060902,27.01,13.24,82.69,1.63
20060903,27.24,1.65,82.12,1.5
20060904,27.2,1.82,81.5,1.48
20060905,26.71,0.0,80.82,1.82
20060906,27.18,0.66,80.24,1.39
20060907,26.65,10.4,85.68,1.7
20060908,26.85,5.01,83.55,2.38
20060909,26.02,2.54,85.07,3.0
20060910,26.58,0.32,80.89,3.14
20060911,26.71,1.78,81.7,2.97
20060912,27.57,0.81,76.83,2.54
20060913,27.7,0.81,73.9,2.87
20060914,25.74,0.19,79.47,2.49
20060915,26.39,2.38,80.59,2.96
20060916,26.22,1.97,83.9,3.34
20060917,26.41,0.54,81.85,3.16
20060918,26.96,1.28,78.94,3.28
20060919,27.91,0.04,73.93,2.94
20060920,27.45,0.32,78.0,3.12
20060921,27.72,0.98,75.98,2.76
20060922,27.79,0.25,73.76,2.03
20060923,27.89,0.18,75.34,2.33
20060924,26.94,3.99,81.57,2.32
20060925,25.52,2.66,81.02,2.25
20060926,27.4,0.13,71.35,2.82
20060927,27.86,3.32,67.97,1.87
20060928,28.47,2.61,68.66,2.79
20060929,27.3,5.02,71.35,3.15
20060930,28.89,0.12,67.25,2.75
20061001,28.55,0.52,68.65,2.76
20061002,28.92,0.54,66.52,2.15
20061003,29.15,0.02,66.3,2.27
20061004,29.04,6.67,70.98,2.24
20061005,29.01,0.2,68.78,2.32
20061006,29.13,2.15,68.95,2.49
20061007,27.15,14.91,82.74,2.41
20061008,27.53,4.55,77.73,2.91
20061009,27.27,1.11,73.22,2.53
20061010,27.51,0.63,76.39,1.55
20061011,28.76,1.09,72.07,1.67
20061012,28.48,1.63,71.2,1.51
20061013,28.62,0.54,70.78,1.56
20061014,28.5,1.21,70.1,1.42
20061015,27.5,7.92,78.63,1.34
20061016,26.99,5.98,82.18,1.78
20061017,26.36,10.22,85.24,1.75
20061018,27.15,5.77,81.79,2.18
20061019,26.47,19.23,85.77,1.62
20061020,26.35,14.94,83.01,1.82
20061021,26.46,5.63,79.46,1.95
20061022,26.5,3.35,80.94,2.56
20061023,25.42,20.72,88.63,2.28
20061024,25.25,9.21,91.0,2.42
20061025,25.85,7.3,86.33,2.79
20061026,25.69,10.28,88.49,2.48
20061027,24.98,16.95,91.66,2.14
20061028,25.86,19.63,83.79,1.08
20061029,25.99,4.22,88.01,2.47
20061030,26.07,2.82,87.75,2.12
20061031,25.71,1.26,87.83,1.91
20061101,25.73,5.5,86.4,1.5
20061102,25.28,10.28,90.63,2.02
20061103,24.86,15.67,91.85,2.34
20061104,24.11,4.88,91.12,1.23
20061105,25.5,0.54,87.57,1.86
20061106,25.29,4.81,90.07,1.45
20061107,24.68,3.49,91.45,2.08
20061108,24.73,1.92,89.81,1.78
20061109,24.76,5.62,90.68,1.33
20061110,25.22,4.09,89.25,2.15
20061111,25.28,2.14,89.04,2.26
20061112,25.15,1.87,90.35,2.05
20061113,24.8,2.08,89.67,1.8
20061114,24.91,1.97,90.2,2.3
20061115,25.0,6.51,90.14,2.41
20061116,24.94,2.82,89.58,2.38
20061117,24.89,29.3,92.38,2.23
20061118,25.21,11.25,90.37,1.6
20061119,25.65,0.67,89.57,2.04
20061120,25.77,4.67,88.6,2.29
20061121,25.0,5.15,89.91,2.85
20061122,24.25,1.0,89.82,2.24
20061123,24.58,7.77,83.58,2.04
20061124,24.36,0.89,85.43,2.1
20061125,24.9,0.09,88.46,2.07
20061126,25.65,10.1,88.98,2.1
20061127,25.2,14.51,92.59,2.06
20061128,25.38,0.57,86.27,2.4
20061129,24.78,0.03,86.9,2.59
20061130,24.55,0.01,86.34,2.8
20061201,23.64,0.0,84.9,2.81
20061202,23.65,0.33,83.7,2.74
20061203,24.0,0.5,85.0,3.06
20061204,24.04,0.17,84.82,3.03
20061205,23.96,0.02,83.42,3.35
20061206,22.53,0.0,83.68,2.71
20061207,22.57,0.0,82.99,2.85
20061208,22.93,0.0,82.59,2.62
20061209,23.22,1.36,81.82,2.49
20061210,24.18,5.76,87.5,3.04
20061211,25.15,13.77,90.1,2.31
20061212,25.39,2.97,87.75,2.35
20061213,24.68,0.01,85.31,2.99
20061214,23.98,0.0,82.6,3.31
20061215,23.53,0.0,82.36,3.14
20061216,22.91,0.0,80.29,3.47
20061217,23.2,0.0,79.95,3.28
20061218,23.31,0.0,81.54,3.02
20061219,23.73,0.1,81.57,3.3
20061220,23.62,0.38,82.72,3.24
20061221,23.47,0.92,82.67,3.6
20061222,23.84,0.06,82.73,3.5
20061223,23.73,0.42,82.34,3.35
20061224,23.59,0.04,82.29,3.23
20061225,23.4,0.04,80.38,3.12
20061226,23.37,0.02,77.9,3.0
20061227,23.68,0.0,79.85,2.92
20061228,23.48,0.0,75.24,2.7
20061229,22.85,0.0,75.39,2.64
20061230,22.33,0.0,75.01,2.27
20061231,22.88,0.0,75.68,2.34
20070101,23.47,0.0,75.07,2.16
20070102,23.0,0.0,70.9,2.53
20070103,22.76,0.0,76.7,2.18
20070104,22.85,0.0,73.77,2.03
20070105,23.02,0.0,75.9,2.39
20070106,23.57,0.0,74.03,2.92
20070107,23.61,0.0,74.07,2.99
20070108,24.27,0.06,76.48,3.38
20070109,25.38,0.05,74.95,3.76
20070110,25.36,0.0,75.21,3.52
20070111,25.6,0.0,74.99,3.28
20070112,25.07,0.0,73.97,3.11
20070113,24.07,0.0,70.15,2.81
20070114,24.72,0.01,73.57,3.01
20070115,25.87,0.0,74.59,2.88
20070116,25.37,0.0,71.9,2.46
20070117,24.51,0.0,70.73,2.49
20070118,23.94,0.0,69.95,2.79
20070119,24.19,0.0,70.32,2.64
20070120,24.52,0.0,71.39,2.47
20070121,24.43,0.0,71.42,2.54
20070122,24.73,0.0,68.05,2.19
20070123,24.8,0.0,69.06,2.32
20070124,24.97,0.0,71.34,2.78
20070125,25.3,0.0,69.5,3.18
20070126,25.77,0.0,70.25,3.23
20070127,25.84,3.39,76.42,3.61
20070128,26.13,0.51,73.42,3.32
20070129,26.26,0.05,71.93,3.4
20070130,26.16,0.0,68.74,3.33
20070131,25.56,0.0,66.89,2.98
20070201,24.85,0.0,66.04,2.56
20070202,25.11,0.0,69.89,2.88
20070203,25.64,0.0,66.72,2.72
20070204,25.53,0.0,64.13,2.41
20070205,25.47,0.0,60.47,2.36
20070206,24.91,0.0,63.79,2.39
20070207,25.13,0.0,65.92,2.19
20070208,25.29,0.0,63.52,2.28
20070209,25.07,0.46,69.7,2.91
20070210,25.79,0.83,70.31,3.33
20070211,27.12,0.11,67.84,2.68
20070212,27.97,0.0,65.24,1.76
20070213,28.59,0.0,63.89,1.94
20070214,28.81,0.0,60.96,1.62
20070215,28.82,0.0,56.33,1.51
20070216,28.65,0.0,57.82,2.1
20070217,28.48,1.39,61.83,2.03
20070218,27.65,1.89,68.21,2.7
20070219,27.28,0.08,65.0,3.32
20070220,27.03,0.0,59.05,3.72
20070221,26.1,0.0,56.7,3.29
20070222,25.65,0.0,58.33,3.26
20070223,25.95,0.0,60.53,2.84
20070224,26.58,0.14,62.64,2.73
20070225,27.89,0.9,61.58,2.36
20070226,28.83,0.01,59.52,2.55
20070227,29.46,0.05,60.18,2.28
20070228,29.09,0.0,59.1,2.72
20070301,29.23,0.0,58.94,1.65
20070302,29.73,0.01,58.15,2.43
20070303,29.68,0.0,58.68,2.32
20070304,29.12,0.0,59.59,2.78
20070305,28.8,0.0,57.31,2.37
20070306,28.55,0.0,58.14,2.55
20070307,28.6,0.0,56.63,2.19
20070308,28.78,0.07,56.97,2.39
20070309,28.77,0.0,59.76,2.8
20070310,29.07,0.0,59.98,2.69
20070311,28.72,0.0,58.96,2.67
20070312,28.32,0.0,60.41,2.62
20070313,29.13,0.18,61.79,2.53
20070314,29.55,0.0,59.4,2.76
20070315,29.84,0.0,59.39,2.55
20070316,30.29,0.0,58.27,2.64
20070317,30.83,0.0,56.8,3.06
20070318,30.14,0.0,52.51,2.26
20070319,30.03,0.0,49.98,1.9
20070320,30.2,0.0,45.8,2.03
20070321,30.24,0.0,50.33,2.44
20070322,30.31,0.0,52.76,2.41
20070323,29.74,0.0,51.37,2.4
20070324,30.97,0.0,47.17,2.03
20070325,31.55,0.0,46.52,2.28
20070326,31.94,0.0,49.25,2.24
20070327,31.51,0.0,52.1,2.48
20070328,31.28,0.0,51.03,2.36
20070329,30.45,0.0,51.39,2.54
20070330,30.08,0.0,53.16,2.8
20070331,30.59,0.05,56.49,2.62
20070401,30.82,0.22,60.01,2.44
20070402,31.87,0.0,53.03,1.84
20070403,31.87,0.0,50.28,2.23
20070404,31.35,0.0,55.06,2.64
20070405,30.83,0.08,60.86,3.08
20070406,29.87,0.12,62.88,2.7
20070407,30.63,0.33,60.7,2.84
20070408,30.77,0.14,59.77,2.32
20070409,29.68,1.27,63.47,2.46
20070410,29.57,1.27,66.16,2.27
20070411,29.34,0.31,66.84,1.88
20070412,31.16,1.31,57.8,1.98
20070413,31.6,0.42,55.82,1.84
20070414,31.31,0.93,57.72,2.57
20070415,30.58,0.5,58.75,2.53
20070416,31.39,0.06,54.58,2.86
20070417,32.41,3.06,52.25,1.53
20070418,30.71,10.78,64.72,1.59
20070419,30.99,1.19,62.17,2.21
20070420,31.12,0.27,61.52,2.33
20070421,31.01,1.48,62.97,1.91
20070422,29.74,0.26,66.94,1.66
20070423,30.6,8.48,65.73,1.33
20070424,29.62,3.35,69.07,1.66
20070425,31.0,0.0,57.06,2.19
20070426,30.78,0.01,62.91,2.06
20070427,29.85,0.08,68.86,1.87
20070428,31.14,0.03,61.53,2.09
20070429,31.38,0.1,60.06,2.52
20070430,31.65,0.03,57.35,2.3
20070501,32.36,0.04,53.61,2.39
20070502,32.73,1.99,56.49,1.46
20070503,30.18,20.93,71.61,2.43
20070504,29.9,1.51,70.47,1.9
20070505,29.91,1.05,71.14,1.63
20070506,30.65,0.24,66.18,2.18
20070507,31.33,0.02,62.96,1.55
20070508,30.02,0.2,68.8,2.44
20070509,29.17,2.41,72.28,2.89
20070510,30.75,0.07,64.7,3.31
20070511,32.84,0.0,52.74,2.88
20070512,31.79,0.0,50.62,3.9
20070513,32.02,0.0,54.67,2.22
20070514,33.72,0.23,50.66,3.05
20070515,33.54,0.0,50.98,2.85
20070516,32.26,0.0,52.16,3.62
20070517,32.99,0.0,47.34,2.74
20070518,33.53,0.0,45.4,3.22
20070519,33.08,0.0,46.39,2.77
20070520,33.51,0.0,45.96,2.52
20070521,33.25,0.0,47.89,3.06
20070522,32.12,3.49,56.27,2.49
20070523,30.65,1.64,65.81,1.85
20070524,30.86,1.21,64.32,2.51
20070525,28.74,0.24,68.11,1.7
20070526,30.19,5.07,66.88,1.54
20070527,29.76,0.79,69.12,2.18
20070528,29.21,0.11,65.39,2.8
20070529,30.26,0.14,57.96,1.94
20070530,31.72,0.11,53.84,2.66
20070531,32.9,0.0,49.72,2.83
20070601,33.36,0.0,47.81,1.97
20070602,33.86,0.04,46.85,2.67
20070603,33.15,0.05,48.42,3.3
20070604,33.38,0.0,48.77,2.12
20070605,31.71,0.68,55.9,1.83
20070606,32.0,0.31,54.07,1.38
20070607,30.38,3.08,61.89,2.08
20070608,29.24,23.38,71.0,2.58
20070609,29.56,0.93,69.21,3.08
20070610,30.32,0.02,64.32,2.63
20070611,30.29,1.44,65.41,2.25
20070612,30.41,0.09,63.29,2.3
20070613,30.6,0.09,63.44,2.42
20070614,29.16,0.04,68.78,2.29
20070615,28.65,3.63,71.3,1.78
20070616,29.01,0.12,68.28,3.18
20070617,29.62,0.22,64.07,2.39
20070618,29.03,0.74,67.11,3.32
20070619,28.79,0.24,66.89,3.11
20070620,28.4,2.25,65.06,4.5
20070621,28.65,1.75,62.72,4.22
20070622,28.31,1.58,70.42,5.0
20070623,28.65,1.96,65.97,4.44
20070624,29.97,0.16,61.85,3.52
20070625,29.8,0.0,60.32,3.6
20070626,30.47,0.07,59.3,3.05
20070627,30.13,0.0,54.95,4.67
20070628,30.02,0.18,57.4,5.07
20070629,29.95,0.67,52.99,5.26
20070630,29.74,0.58,59.38,4.15
20070701,29.85,0.54,61.23,3.56
20070702,30.55,1.15,59.8,3.8
20070703,29.45,0.21,61.92,3.63
20070704,29.67,0.04,61.25,4.06
20070705,29.76,0.19,56.88,4.63
20070706,29.43,0.28,56.43,5.15
20070707,30.51,0.06,54.01,5.21
20070708,30.79,0.06,54.08,4.7
20070709,30.24,0.38,57.37,4.12
20070710,30.35,0.47,58.98,4.2
20070711,30.53,0.19,58.79,3.61
20070712,30.46,0.11,59.1,4.26
20070713,30.53,0.13,59.07,4.53
20070714,30.97,0.01,56.31,4.4
20070715,31.35,0.33,54.02,4.84
20070716,30.0,2.19,61.48,4.18
20070717,29.83,0.84,60.16,4.53
20070718,30.34,1.95,57.97,3.12
20070719,27.27,2.75,73.89,2.15
20070720,27.46,4.81,76.02,2.16
20070721,27.41,0.69,73.65,2.04
20070722,28.69,0.15,64.18,2.6
20070723,27.88,11.45,69.92,2.13
20070724,27.86,1.23,74.89,2.02
20070725,28.67,0.07,69.37,1.76
20070726,28.21,0.23,68.77,1.88
20070727,28.41,0.09,70.18,2.1
20070728,28.71,0.56,67.72,2.19
20070729,29.08,3.64,65.78,1.9
20070730,28.06,1.7,69.11,2.22
20070731,27.25,30.69,75.87,2.11
20070801,27.36,1.08,72.76,2.71
20070802,27.57,1.6,71.85,2.5
20070803,28.29,0.02,68.71,2.74
20070804,29.48,0.15,63.83,3.09
20070805,29.24,0.66,61.7,4.6
20070806,28.22,0.39,63.73,4.53
20070807,29.1,0.03,62.22,4.02
20070808,29.54,1.32,62.38,4.19
20070809,28.54,0.78,67.03,3.93
20070810,28.42,0.43,65.83,3.76
20070811,29.27,0.12,58.62,3.19
20070812,29.19,0.38,60.38,3.06
20070813,29.8,0.02,55.69,3.11
20070814,29.72,0.0,57.44,2.58
20070815,29.82,1.35,60.64,1.8
20070816,28.63,12.71,72.86,1.53
20070817,28.54,3.14,75.09,1.45
20070818,28.78,5.02,71.15,1.9
20070819,29.55,0.33,64.31,2.18
20070820,29.75,5.89,62.91,2.34
20070821,27.93,4.21,74.29,2.3
20070822,28.08,0.45,65.59,2.55
20070823,27.84,21.27,71.72,1.71
20070824,27.1,11.69,78.33,1.79
20070825,27.51,0.66,77.16,1.49
20070826,28.08,6.88,75.89,2.32
20070827,28.93,0.15,68.64,2.09
20070828,28.69,1.03,70.89,1.96
20070829,27.92,7.7,76.01,2.42
20070830,27.54,1.12,74.16,2.03
20070831,28.31,0.19,67.29,2.92
20070901,28.23,0.09,66.15,3.07
20070902,28.35,0.07,66.29,2.91
20070903,27.28,0.0,72.61,2.4
20070904,28.65,0.75,66.73,2.19
20070905,28.39,1.93,69.96,2.73
20070906,28.26,0.17,69.77,2.41
20070907,29.07,0.02,66.64,1.98
20070908,27.18,0.06,76.48,0.99
20070909,27.51,9.51,76.97,1.49
20070910,27.84,2.41,75.07,1.64
20070911,28.18,1.2,73.98,2.17
20070912,28.56,0.97,73.74,2.13
20070913,27.56,7.43,78.37,1.5
20070914,28.08,0.94,73.81,1.71
20070915,28.59,0.91,69.5,2.79
20070916,29.17,4.32,69.33,2.34
20070917,27.78,4.45,75.78,2.71
20070918,27.49,0.78,68.39,4.08
20070919,28.33,0.22,64.1,3.93
20070920,28.85,0.12,66.47,3.46
20070921,29.08,1.0,65.56,3.51
20070922,29.13,0.31,65.92,3.54
20070923,28.97,0.19,66.64,3.41
20070924,28.88,0.38,65.46,3.22
20070925,29.15,0.3,66.63,3.41
20070926,29.66,0.24,62.91,2.13
20070927,28.22,2.26,73.04,1.67
20070928,27.51,1.57,76.16,1.78
20070929,29.55,0.11,64.05,2.36
20070930,29.39,0.7,64.28,2.18
20071001,28.45,0.17,68.01,2.94
20071002,28.5,0.11,63.96,2.59
20071003,29.36,0.0,62.69,2.03
20071004,29.48,0.02,62.29,2.47
20071005,29.34,0.0,58.93,2.43
20071006,28.77,0.01,58.17,2.79
20071007,29.15,0.16,59.04,3.25
20071008,29.31,0.0,56.9,2.5
20071009,29.47,0.0,57.77,1.75
20071010,29.95,0.03,58.4,1.58
20071011,28.53,0.83,67.79,1.66
20071012,28.25,0.19,71.4,0.92
20071013,28.01,6.29,74.59,0.99
20071014,27.49,2.18,74.21,0.87
20071015,28.04,2.17,69.9,1.34
20071016,28.74,0.21,67.14,1.4
20071017,27.56,4.76,73.64,1.69
20071018,25.74,6.44,83.63,0.64
20071019,25.74,15.85,85.16,0.82
20071020,26.45,5.65,81.2,1.44
20071021,25.74,12.05,83.68,1.09
20071022,25.97,11.72,82.99,1.94
20071023,24.53,41.19,88.98,4.15
20071024,25.21,27.13,90.86,2.52
20071025,25.36,11.04,90.22,2.15
20071026,24.76,18.5,90.16,1.47
20071027,25.77,8.27,81.74,0.73
20071028,24.94,4.51,87.0,2.32
20071029,25.67,2.42,84.06,1.93
20071030,26.7,5.2,80.88,1.97
20071031,25.9,1.79,84.19,1.22
20071101,26.36,2.25,80.66,0.57
20071102,26.05,2.02,82.69,1.25
20071103,25.56,5.59,86.78,1.81
20071104,25.16,4.06,91.8,1.69
20071105,25.73,0.79,84.39,1.1
20071106,25.66,4.74,84.45,1.05
20071107,26.06,0.99,84.4,0.84
20071108,25.82,0.47,82.98,1.79
20071109,25.57,0.3,80.36,1.54
20071110,25.27,1.68,81.55,2.08
20071111,25.14,1.48,82.16,2.62
20071112,25.2,2.69,81.49,2.69
20071113,24.64,0.24,74.88,2.69
20071114,23.45,0.03,72.66,2.53
20071115,22.95,0.0,69.42,1.71
20071116,22.73,0.0,67.37,1.87
20071117,22.53,0.0,72.76,2.18
20071118,23.43,0.39,75.74,2.23
20071119,25.01,4.0,87.41,2.2
20071120,25.09,25.66,91.22,1.99
20071121,25.14,12.14,86.84,2.87
20071122,25.28,1.48,83.97,2.96
20071123,24.79,0.01,77.65,2.63
20071124,22.89,0.12,75.26,2.63
20071125,21.65,0.05,73.47,2.65
20071126,23.45,0.01,79.79,2.3
20071127,25.5,0.24,80.48,2.17
20071128,25.24,1.44,85.33,3.14
20071129,24.99,1.12,83.25,3.04
20071130,24.11,0.07,77.16,3.02
20071201,24.51,0.0,78.6,3.03
20071202,24.73,0.11,79.65,2.96
20071203,24.47,0.12,83.04,3.06
20071204,24.32,0.11,77.23,3.27
20071205,24.33,1.12,80.3,3.59
20071206,24.1,1.8,83.64,3.18
20071207,24.63,0.4,79.75,2.83
20071208,24.67,2.41,81.17,3.01
20071209,24.77,0.14,80.26,2.83
20071210,24.9,0.0,78.2,2.77
20071211,24.43,0.26,77.62,2.9
20071212,24.03,1.06,79.52,2.7
20071213,22.85,17.21,90.11,3.33
20071214,23.77,18.1,90.2,3.75
20071215,24.8,1.46,84.56,3.36
20071216,24.76,0.56,80.04,3.7
20071217,24.19,12.79,83.85,3.79
20071218,23.46,62.8,91.32,5.64
20071219,24.67,65.38,95.25,2.93
20071220,24.18,19.82,93.66,2.6
20071221,24.26,2.9,91.55,2.46
20071222,24.04,0.0,88.36,2.47
20071223,23.07,0.0,86.46,2.15
20071224,21.42,0.0,80.87,1.58
20071225,21.03,0.0,74.9,1.32
20071226,21.02,0.0,83.34,1.57
20071227,22.39,0.0,86.4,1.59
20071228,23.09,0.0,84.41,1.49
20071229,23.33,0.0,84.22,1.33
20071230,23.39,0.0,85.73,1.74
20071231,22.91,0.0,86.06,1.95
20080101,22.33,0.0,83.83,2.58
20080102,21.98,0.05,82.69,2.78
20080103,22.69,0.18,83.14,2.91
20080104,24.03,3.78,87.29,2.72
20080105,24.51,3.49,86.52,3.45
20080106,22.79,0.05,82.51,3.15
20080107,22.4,0.0,82.67,3.25
20080108,22.65,0.0,83.24,3.13
20080109,22.76,0.0,81.41,2.58
20080110,23.1,0.0,82.23,2.3
20080111,23.05,0.0,82.6,2.72
20080112,22.85,0.0,83.02,2.82
20080113,22.87,0.0,83.38,2.66
20080114,22.54,0.0,82.59,2.18
20080115,22.25,0.0,82.59,2.2
20080116,22.55,0.0,82.26,2.47
20080117,22.11,0.0,80.51,2.55
20080118,21.55,0.0,78.05,2.07
20080119,21.49,0.0,76.28,1.94
20080120,22.22,0.0,77.13,1.93
20080121,24.04,0.0,81.51,2.6
20080122,24.42,0.0,79.76,2.36
20080123,23.53,0.0,78.0,2.08
20080124,23.44,0.0,75.2,1.62
20080125,24.36,0.0,74.51,1.34
20080126,25.21,0.0,73.68,1.29
20080127,25.72,0.0,71.01,1.23
20080128,25.64,0.0,76.64,2.03
20080129,26.05,0.0,76.43,1.91
20080130,26.82,0.0,72.74,1.1
20080131,27.09,0.0,70.66,1.49
20080201,26.65,0.0,72.52,1.64
20080202,26.94,0.0,72.19,1.54
20080203,26.35,0.01,73.7,2.17
20080204,26.62,0.0,72.34,1.93
20080205,26.52,0.0,70.29,2.37
20080206,26.62,0.0,71.18,2.08
20080207,26.94,0.0,74.22,2.18
20080208,26.64,2.78,78.4,1.37
20080209,25.25,12.4,89.12,1.72
20080210,27.17,1.51,79.33,1.94
20080211,26.21,4.35,83.8,1.49
20080212,27.12,2.11,74.79,2.43
20080213,27.08,0.06,72.36,2.36
20080214,26.86,0.01,71.63,2.96
20080215,26.61,0.13,71.3,2.89
20080216,26.91,0.06,72.04,2.91
20080217,26.82,0.0,67.24,2.96
20080218,25.49,0.0,63.97,2.61
20080219,24.76,0.0,65.96,1.91
20080220,25.36,0.0,67.01,2.1
20080221,26.44,0.0,67.96,2.34
20080222,26.63,0.0,65.78,2.87
20080223,26.39,0.0,65.14,2.38
20080224,25.38,0.0,64.24,2.76
20080225,25.21,0.0,63.11,2.35
20080226,25.16,0.0,66.62,2.62
20080227,26.39,0.01,65.84,3.41
20080228,26.06,1.41,64.43,3.4
20080229,26.55,1.45,66.98,3.2
20080301,25.79,1.93,82.57,2.21
20080302,27.64,0.28,69.11,2.26
20080303,26.66,0.1,59.49,2.87
20080304,24.85,0.1,60.96,1.7
20080305,26.01,0.0,62.49,2.55
20080306,26.4,0.2,65.27,2.92
20080307,26.08,0.07,62.59,2.86
20080308,25.9,0.0,62.12,2.77
20080309,26.82,0.03,60.95,2.83
20080310,26.8,3.87,66.1,2.6
20080311,25.78,2.67,76.33,2.48
20080312,24.7,11.67,85.64,3.84
20080313,26.19,6.21,83.17,2.57
20080314,26.3,2.54,82.7,2.07
20080315,25.39,7.95,85.08,1.66
20080316,26.86,2.1,71.8,2.56
20080317,26.35,0.64,77.23,2.71
20080318,26.76,2.8,80.3,2.18
20080319,26.34,4.93,82.65,2.45
20080320,25.02,19.38,89.6,2.45
20080321,25.6,19.43,87.66,2.74
20080322,26.11,20.14,88.09,2.51
20080323,26.58,3.15,84.94,2.3
20080324,26.91,0.15,80.43,1.61
20080325,27.6,0.01,72.3,1.64
20080326,27.47,0.11,74.86,1.35
20080327,27.82,0.34,72.94,1.58
20080328,28.55,0.6,71.77,1.64
20080329,28.06,0.04,73.15,1.4
20080330,27.4,21.2,80.04,1.62
20080331,27.88,5.11,77.99,1.43
20080401,28.41,0.54,73.75,1.56
20080402,27.76,4.08,78.35,1.72
20080403,28.2,0.5,74.62,1.42
20080404,28.46,0.11,70.69,1.7
20080405,28.35,0.05,71.39,2.19
20080406,28.22,0.03,69.94,2.52
20080407,27.74,0.69,73.81,2.55
20080408,26.58,6.39,82.24,1.96
20080409,26.96,0.81,78.83,2.0
20080410,27.7,0.29,73.81,2.23
20080411,28.03,0.01,69.51,1.85
20080412,28.01,1.09,71.98,2.72
20080413,28.12,0.16,73.38,1.78
20080414,29.02,0.04,69.21,1.97
20080415,29.24,0.01,67.75,1.87
20080416,29.35,0.13,66.63,1.9
20080417,29.1,0.03,68.13,1.63
20080418,29.95,0.06,65.12,2.04
20080419,30.56,0.01,60.21,2.04
20080420,30.33,0.0,62.4,1.81
20080421,30.18,0.0,61.4,1.94
20080422,30.85,0.02,58.49,1.97
20080423,30.54,0.0,59.78,1.96
20080424,29.85,0.07,61.59,2.1
20080425,29.17,0.71,65.89,1.9
20080426,28.78,0.35,69.83,1.34
20080427,30.26,0.07,64.04,2.11
20080428,31.84,0.01,58.88,2.86
20080429,30.78,0.17,61.97,2.92
20080430,30.79,0.04,62.21,3.31
20080501,30.97,0.01,63.32,2.64
20080502,31.77,0.0,54.97,2.65
20080503,32.21,0.65,53.16,2.54
20080504,31.58,0.03,58.53,2.74
20080505,31.64,0.02,56.46,3.23
20080506,31.65,0.0,52.06,2.71
20080507,30.36,23.85,64.75,2.28
20080508,29.38,10.47,71.04,2.07
20080509,30.37,0.04,61.93,2.6
20080510,30.81,1.62,63.06,2.35
20080511,29.75,1.87,67.13,2.09
20080512,28.3,0.95,72.36,2.57
20080513,30.03,0.05,61.8,2.74
20080514,30.82,3.63,59.87,2.54
20080515,30.6,0.22,59.34,2.45
20080516,30.78,0.0,56.07,3.48
20080517,31.62,0.0,55.91,2.85
20080518,31.38,0.0,58.61,2.55
20080519,30.9,0.05,60.7,2.92
20080520,30.99,0.06,60.28,3.3
20080521,30.28,0.08,64.24,2.51
20080522,30.87,0.47,60.46,1.42
20080523,30.34,0.05,60.36,1.9
20080524,29.51,0.06,64.44,1.63
20080525,30.69,1.05,60.25,1.97
20080526,29.31,0.44,67.26,1.62
20080527,30.21,0.01,63.95,1.97
20080528,29.93,1.94,65.57,2.23
20080529,29.53,0.33,67.03,2.75
20080530,29.86,7.83,66.31,2.47
20080531,28.4,0.3,71.57,2.28
20080601,29.74,0.98,65.35,1.85
20080602,30.47,0.09,60.98,2.36
20080603,30.4,2.35,61.44,2.03
20080604,30.86,1.86,56.47,3.01
20080605,29.95,0.12,58.29,3.15
20080606,29.48,0.07,60.17,3.35
20080607,27.94,3.72,67.58,2.94
20080608,27.73,1.34,73.66,2.09
20080609,27.11,0.54,74.64,2.49
20080610,28.61,0.01,63.22,2.56
20080611,30.1,0.59,58.58,3.47
20080612,29.27,0.03,61.94,2.91
20080613,29.8,0.01,57.53,3.63
20080614,30.86,0.0,53.1,4.19
20080615,30.6,0.0,53.15,4.22
20080616,30.07,0.05,56.42,3.77
20080617,31.13,0.01,53.04,3.86
20080618,30.98,0.11,53.74,3.47
20080619,31.28,0.0,54.47,3.04
20080620,31.1,0.06,56.02,2.34
20080621,31.31,1.4,54.35,2.77
20080622,31.2,0.81,53.16,2.89
20080623,30.73,0.03,53.25,3.2
20080624,31.47,0.0,49.84,4.18
20080625,30.62,0.0,54.21,3.86
20080626,30.44,0.0,51.95,3.89
20080627,31.37,0.06,53.54,4.06
20080628,30.66,0.6,56.98,3.85
20080629,30.16,0.1,56.17,3.96
20080630,30.89,0.12,54.52,4.22
20080701,29.22,0.55,57.94,3.66
20080702,31.47,0.07,48.69,2.67
20080703,31.6,0.0,49.11,3.03
20080704,30.77,0.0,53.41,2.23
20080705,32.02,0.0,50.56,2.43
20080706,31.66,0.03,52.55,3.0
20080707,30.7,0.03,51.97,5.19
20080708,31.18,0.0,46.7,5.19
20080709,31.13,0.06,47.54,4.85
20080710,30.87,0.08,47.59,3.94
20080711,31.38,0.08,46.9,4.39
20080712,31.48,0.01,48.78,3.07
20080713,31.71,0.0,48.82,2.06
20080714,30.7,0.17,57.16,2.06
20080715,30.41,0.55,61.45,2.63
20080716,30.32,0.04,57.53,3.01
20080717,30.68,0.46,56.16,2.5
20080718,29.52,20.98,67.01,2.54
20080719,27.58,2.47,71.99,2.43
20080720,27.56,72.64,77.12,1.49
20080721,26.33,16.64,86.92,1.78
20080722,26.87,0.16,79.47,1.76
20080723,27.76,0.06,75.91,1.71
20080724,27.42,0.25,74.51,2.68
20080725,27.77,0.06,68.57,4.15
20080726,28.34,0.4,67.44,4.01
20080727,27.23,1.73,70.82,4.4
20080728,26.83,0.21,71.55,4.61
20080729,27.62,0.4,68.25,4.24
20080730,27.53,0.13,67.49,3.99
20080731,28.13,0.89,66.74,3.81
20080801,29.0,0.17,65.1,3.26
20080802,28.55,0.0,68.66,2.69
20080803,28.2,0.48,71.44,2.09
20080804,28.49,0.02,69.09,2.27
20080805,28.93,0.02,67.6,2.29
20080806,29.19,0.0,64.49,2.86
20080807,29.41,0.01,61.26,3.53
20080808,28.75,0.07,63.39,4.72
20080809,28.72,0.06,61.12,4.76
20080810,28.97,0.06,61.45,4.78
20080811,28.22,0.24,62.21,4.2
20080812,28.07,0.59,67.12,3.1
20080813,28.05,0.99,64.23,3.12
20080814,28.4,1.91,68.09,2.68
20080815,28.27,0.98,69.21,2.57
20080816,28.45,5.16,67.94,2.15
20080817,27.76,10.77,75.11,1.67
20080818,27.43,6.48,77.48,1.68
20080819,27.77,0.81,74.9,1.5
20080820,28.59,1.54,69.62,1.86
20080821,28.24,3.25,68.92,3.23
20080822,29.1,0.14,62.93,2.15
20080823,29.61,2.06,63.5,2.26
20080824,27.51,2.23,73.7,1.57
20080825,27.6,4.2,75.11,1.23
20080826,27.23,81.98,79.76,1.62
20080827,26.65,15.47,82.69,0.89
20080828,27.06,0.69,81.18,1.12
20080829,27.34,2.8,81.48,1.24
20080830,26.7,2.1,85.15,1.38
20080831,26.65,1.16,84.48,1.63
20080901,26.53,3.87,84.28,1.43
20080902,27.87,0.33,78.18,1.33
20080903,27.19,0.53,81.89,1.34
20080904,27.36,0.04,81.45,1.02
20080905,27.07,0.18,82.34,1.24
20080906,27.59,8.34,81.04,1.47
20080907,26.22,1.61,84.03,2.01
20080908,26.1,5.76,80.37,2.48
20080909,27.28,0.41,74.73,3.64
20080910,27.23,0.28,74.21,3.65
20080911,27.26,0.27,72.51,3.27
20080912,26.67,0.03,69.63,3.17
20080913,27.31,0.0,75.16,2.48
20080914,28.46,0.21,70.45,2.62
20080915,28.38,0.02,67.73,2.81
20080916,28.11,0.0,67.99,3.57
20080917,27.84,0.0,69.04,2.7
20080918,28.76,0.0,65.18,2.26
20080919,28.91,0.46,65.19,1.81
20080920,28.31,0.78,72.09,1.59
20080921,27.98,0.02,72.6,1.72
20080922,28.64,0.0,70.75,1.83
20080923,29.26,0.0,66.26,1.98
20080924,28.96,0.0,68.82,1.76
20080925,29.49,0.0,63.96,1.92
20080926,28.85,0.0,64.81,1.84
20080927,28.68,6.6,69.45,1.51
20080928,27.66,0.5,70.13,1.9
20080929,28.89,0.0,64.79,1.64
20080930,29.61,0.0,61.61,1.62
20081001,29.9,0.0,63.47,1.57
20081002,29.97,0.02,59.7,1.7
20081003,29.5,0.82,61.41,1.59
20081004,29.58,0.06,62.95,1.97
20081005,29.31,0.04,64.74,1.62
20081006,29.43,0.46,64.98,1.46
20081007,29.58,0.71,65.64,2.26
20081008,29.6,0.17,65.42,1.68
20081009,30.02,0.01,63.12,2.06
20081010,29.61,0.05,64.75,1.79
20081011,28.3,3.09,71.34,2.17
20081012,26.76,7.84,78.48,2.68
20081013,26.43,8.05,83.76,2.71
20081014,26.5,16.66,88.49,2.58
20081015,26.37,9.2,87.19,2.04
20081016,26.81,4.15,81.98,1.8
20081017,26.78,3.36,81.79,2.53
20081018,26.48,4.56,85.33,2.19
20081019,26.61,6.8,83.5,1.98
20081020,26.54,25.8,86.07,1.92
20081021,26.22,27.91,90.2,1.16
20081022,26.21,28.81,88.85,1.84
20081023,25.46,10.01,88.0,1.98
20081024,26.34,1.88,83.77,1.83
20081025,26.67,3.75,83.48,1.86
20081026,26.27,0.15,84.52,1.64
20081027,26.37,0.01,73.99,1.92
20081028,25.34,0.0,69.18,1.38
20081029,24.29,0.0,73.23,1.56
20081030,24.68,0.0,75.34,1.74
20081031,24.57,0.0,66.85,1.42
20081101,24.71,0.0,68.39,1.24
20081102,23.96,0.0,67.02,1.69
20081103,24.64,0.0,61.82,1.38
20081104,24.56,0.0,67.93,1.64
20081105,24.37,0.0,68.93,1.88
20081106,24.93,0.26,73.09,1.89
20081107,25.95,0.07,75.8,2.27
20081108,26.65,1.02,76.72,2.56
20081109,27.0,0.19,74.31,2.49
20081110,26.76,0.25,78.0,2.7
20081111,26.13,0.15,71.54,2.82
20081112,25.61,1.43,73.62,2.56
20081113,26.13,0.98,77.75,1.68
20081114,27.41,0.0,71.43,1.39
20081115,27.66,0.02,69.47,1.02
20081116,27.49,0.03,66.48,1.51
20081117,26.89,0.25,74.47,1.76
20081118,27.63,1.12,76.42,2.27
20081119,25.93,8.86,88.64,2.39
20081120,25.86,6.82,89.4,2.5
20081121,25.72,2.64,85.68,2.48
20081122,24.6,6.0,89.34,2.95
20081123,25.05,28.13,88.65,2.99
20081124,24.47,41.25,90.74,3.12
20081125,24.31,48.12,89.97,4.36
20081126,23.85,55.57,92.08,5.82
20081127,23.87,83.07,93.15,4.41
20081128,25.52,17.89,93.09,2.12
20081129,25.62,1.72,91.18,1.95
20081130,25.09,0.59,92.06,2.63
20081201,25.41,0.33,88.55,2.03
20081202,24.1,0.01,85.84,1.84
20081203,22.79,0.0,84.9,1.58
20081204,22.3,0.0,86.37,1.72
20081205,22.59,0.0,87.58,2.35
20081206,23.26,5.05,86.17,2.79
20081207,24.05,1.82,86.93,3.13
20081208,24.42,7.79,93.77,3.12
20081209,24.67,6.28,94.66,2.73
20081210,24.13,3.3,93.4,2.25
20081211,23.61,0.0,87.61,2.27
20081212,23.36,0.0,87.7,2.12
20081213,24.08,1.13,89.44,2.69
20081214,24.01,6.02,89.31,3.18
20081215,23.88,8.43,90.03,3.34
20081216,24.05,0.57,88.7,2.84
20081217,23.71,0.0,86.59,3.42
20081218,23.29,1.0,87.47,3.44
20081219,23.44,0.16,86.88,3.07
20081220,23.43,0.05,86.18,2.4
20081221,23.26,0.06,85.44,2.2
20081222,21.97,0.0,82.34,1.93
20081223,22.19,0.14,86.36,2.46
20081224,23.43,0.7,88.33,2.31
20081225,23.61,0.37,87.43,2.7
20081226,22.58,0.08,84.16,1.67
20081227,21.89,0.0,83.41,1.7
20081228,21.11,0.0,80.98,1.63
20081229,20.75,0.0,82.26,2.0
20081230,21.3,0.0,82.1,2.01
20081231,21.04,0.0,81.01,1.81
20090101,22.24,0.0,81.11,2.22
20090102,22.39,0.02,82.02,2.14
20090103,22.22,0.0,82.22,2.15
20090104,22.16,0.0,80.81,2.2
20090105,22.21,0.0,79.87,2.13
20090106,22.29,0.24,80.54,1.79
20090107,23.08,1.99,88.6,2.41
20090108,24.24,0.06,83.37,2.47
20090109,22.98,0.0,88.2,2.57
20090110,23.72,0.0,81.68,3.04
20090111,23.63,0.12,82.86,2.88
20090112,22.93,0.02,81.26,3.02
20090113,23.5,0.17,74.65,3.38
20090114,23.52,0.36,76.06,3.46
20090115,23.52,4.31,81.11,3.9
20090116,23.1,0.15,77.07,2.99
20090117,23.24,0.0,78.41,3.0
20090118,23.14,0.0,77.17,2.64
20090119,22.93,0.0,77.0,2.86
20090120,22.43,0.0,76.46,2.73
20090121,22.34,0.0,77.49,2.22
20090122,22.24,0.0,79.86,1.84
20090123,22.49,0.0,79.9,2.07
20090124,22.91,0.0,76.82,2.24
20090125,23.97,0.0,75.65,2.22
20090126,24.29,2.08,81.84,2.43
20090127,25.61,0.58,82.08,2.22
20090128,26.07,0.04,80.48,2.01
20090129,25.1,0.0,75.89,1.96
20090130,23.9,0.0,72.36,1.76
20090131,23.52,0.0,72.79,1.94
20090201,23.72,0.0,73.88,1.69
20090202,23.65,0.0,72.66,1.9
20090203,24.44,0.0,73.33,1.83
20090204,24.88,0.0,70.74,1.87
20090205,24.25,0.0,67.28,2.04
20090206,23.88,0.0,70.62,2.31
20090207,24.24,0.0,72.48,2.43
20090208,24.46,0.0,72.06,2.68
20090209,24.13,0.0,68.96,2.81
20090210,23.71,0.0,67.29,2.25
20090211,23.98,0.0,65.81,1.76
20090212,24.94,0.0,63.72,1.52
20090213,25.42,0.0,64.13,1.58
20090214,25.53,0.0,64.66,1.8
20090215,25.1,0.0,62.03,2.02
20090216,24.69,0.0,67.4,2.24
20090217,25.27,0.0,68.87,3.0
20090218,24.95,0.0,67.31,2.73
20090219,25.08,0.0,68.99,2.94
20090220,26.24,0.0,70.82,2.95
20090221,27.54,0.0,68.88,2.95
20090222,27.92,0.0,69.01,2.7
20090223,28.35,0.0,66.86,2.15
20090224,29.07,0.0,63.08,1.5
20090225,29.18,0.0,59.43,1.64
20090226,29.06,0.0,60.48,1.69
20090227,28.47,0.0,57.11,1.69
20090228,27.6,0.0,54.62,1.54
20090301,28.55,0.0,51.11,1.81
20090302,29.01,0.0,54.46,1.81
20090303,28.83,0.0,54.19,1.85
20090304,28.7,0.0,52.97,1.64
20090305,29.02,0.0,46.42,1.32
20090306,29.47,0.0,45.85,1.81
20090307,28.9,0.0,53.76,2.19
20090308,28.56,0.0,58.49,2.24
20090309,26.36,5.76,67.61,3.61
20090310,24.2,9.67,74.94,4.86
20090311,26.14,3.45,82.4,3.15
20090312,27.46,1.09,69.4,1.32
20090313,26.83,0.54,72.38,1.29
20090314,27.11,1.26,73.16,1.9
20090315,28.26,0.34,66.97,1.67
20090316,28.64,0.03,61.27,1.85
20090317,27.85,0.0,59.34,1.72
20090318,28.49,0.0,57.64,1.84
20090319,29.01,0.0,56.49,1.63
20090320,29.13,0.0,56.44,1.65
20090321,29.75,0.0,53.66,2.08
20090322,29.84,0.18,57.35,2.25
20090323,29.18,0.06,60.46,2.41
20090324,29.32,0.21,60.59,2.44
20090325,29.53,0.01,58.15,2.32
20090326,30.29,0.0,56.4,1.95
20090327,31.22,0.08,53.62,2.09
20090328,30.98,0.01,55.17,2.53
20090329,30.4,0.15,57.12,2.22
20090330,30.45,0.06,54.98,2.31
20090331,30.41,0.0,54.67,2.32
20090401,30.83,0.0,54.92,2.24
20090402,30.39,0.0,56.14,2.32
20090403,30.55,0.0,56.34,2.45
20090404,30.77,0.0,56.95,2.35
20090405,30.82,0.56,58.39,1.9
20090406,30.74,0.14,59.21,1.73
20090407,31.35,0.2,58.63,2.47
20090408,31.07,0.06,57.93,2.21
20090409,30.23,0.17,62.13,2.69
20090410,28.86,6.64,68.67,2.67
20090411,27.1,20.38,71.77,1.25
20090412,28.79,1.0,61.12,1.53
20090413,31.28,0.35,58.02,1.36
20090414,31.07,0.09,55.2,2.81
20090415,32.62,0.0,55.44,1.88
20090416,31.55,0.0,59.46,1.75
20090417,30.66,0.0,63.62,2.13
20090418,31.48,0.0,59.19,2.27
20090419,31.69,0.17,59.13,3.31
20090420,30.93,0.6,61.6,1.81
20090421,31.01,0.05,61.21,1.9
20090422,31.18,0.1,58.77,2.12
20090423,32.05,0.01,57.09,2.14
20090424,32.44,0.02,57.24,2.28
20090425,32.15,0.01,58.3,2.27
20090426,31.69,0.0,61.06,2.45
20090427,31.59,0.0,59.87,2.24
20090428,32.06,0.0,55.56,2.53
20090429,32.45,0.0,55.0,2.62
20090430,32.98,0.04,52.31,2.43
20090501,33.73,0.0,50.87,2.25
20090502,33.91,0.0,52.49,2.1
20090503,32.91,0.0,56.73,2.24
20090504,33.2,0.82,53.77,2.37
20090505,33.16,0.06,51.15,2.21
20090506,33.31,0.0,51.0,2.13
20090507,34.05,0.01,45.89,1.98
20090508,33.28,2.2,51.75,1.98
20090509,32.2,0.39,53.98,2.49
20090510,33.83,0.0,48.26,1.72
20090511,34.56,0.0,46.55,2.45
20090512,34.4,0.24,48.04,1.83
20090513,33.92,0.03,48.6,1.9
20090514,33.62,0.0,48.91,3.02
20090515,29.64,9.76,66.46,2.98
20090516,30.3,1.35,61.26,2.06
20090517,31.11,0.08,58.73,1.61
20090518,30.71,2.19,61.27,2.09
20090519,28.52,3.4,72.72,2.1
20090520,28.84,2.26,64.47,3.43
20090521,27.75,0.24,72.66,2.07
20090522,29.99,0.08,63.8,2.64
20090523,30.93,0.37,59.58,2.4
20090524,30.32,0.48,59.73,4.27
20090525,30.33,0.44,57.98,3.86
20090526,30.31,0.47,62.43,3.28
20090527,31.18,0.04,55.12,3.05
20090528,32.06,0.02,54.57,2.19
20090529,32.56,0.08,52.78,3.26
20090530,31.25,1.7,58.4,2.61
20090531,30.01,0.57,63.8,2.04
20090601,31.91,0.02,53.55,2.82
20090602,32.44,0.0,48.78,3.71
20090603,33.31,0.0,46.99,4.74
20090604,33.27,0.01,47.04,5.26
20090605,32.14,0.21,50.29,5.17
20090606,30.0,0.91,54.9,5.67
20090607,30.0,0.43,51.22,5.78
20090608,31.46,0.06,52.74,5.36
20090609,32.63,0.01,48.1,4.09
20090610,32.38,0.21,52.7,3.32
20090611,29.8,2.93,59.17,3.32
20090612,31.39,0.39,55.05,2.69
20090613,31.55,0.02,51.77,2.85
20090614,32.14,0.0,49.91,2.9
20090615,31.5,0.06,51.9,3.77
20090616,31.67,0.03,52.02,4.64
20090617,31.31,0.06,54.05,4.5
20090618,29.66,7.91,63.27,3.14
20090619,28.2,0.34,72.02,2.78
20090620,29.8,0.09,62.9,2.81
20090621,29.92,0.04,60.33,3.0
20090622,29.37,0.22,63.64,2.98
20090623,30.46,0.04,57.88,3.54
20090624,30.7,0.04,53.18,4.52
20090625,30.76,0.35,50.5,4.93
20090626,29.12,0.09,55.77,5.03
20090627,30.32,0.02,49.74,4.54
20090628,31.59,0.06,45.99,4.56
20090629,31.49,2.02,52.12,3.7
20090630,30.77,0.79,55.06,4.67
20090701,29.57,0.32,56.68,4.59
20090702,29.62,0.73,58.52,4.53
20090703,29.54,0.21,58.19,4.45
20090704,28.67,0.37,63.19,4.43
20090705,29.14,0.65,58.99,4.73
20090706,29.44,0.1,58.84,4.5
20090707,29.23,0.05,58.67,3.82
20090708,30.39,0.68,53.33,4.52
20090709,29.59,0.42,54.96,4.47
20090710,30.73,0.01,48.79,3.73
20090711,30.45,0.0,55.59,3.52
20090712,30.47,0.06,54.22,4.47
20090713,30.7,0.16,54.19,5.5
20090714,29.79,0.06,56.86,5.6
20090715,29.21,0.79,55.04,5.5
20090716,29.76,1.6,56.13,4.66
20090717,28.6,1.3,65.83,4.38
20090718,29.39,0.13,58.72,5.19
20090719,29.56,0.03,57.24,5.39
20090720,30.74,0.02,53.51,5.45
20090721,30.74,0.0,50.78,5.49
20090722,30.73,0.0,50.28,5.29
20090723,30.87,0.02,50.14,4.46
20090724,31.46,0.0,46.25,3.27
20090725,32.53,0.0,47.98,2.8
20090726,31.23,0.0,50.76,3.36
20090727,31.42,0.04,52.36,4.16
20090728,31.26,0.07,53.46,3.93
20090729,31.05,1.18,54.81,3.63
20090730,31.27,0.35,51.78,3.64
20090731,30.38,4.06,57.35,3.52
20090801,29.92,0.27,56.28,4.61
20090802,30.54,0.0,54.03,4.65
20090803,31.61,0.0,53.1,4.52
20090804,31.53,0.03,52.87,4.94
20090805,30.82,0.0,53.92,4.81
20090806,31.85,0.03,52.23,4.03
20090807,31.63,0.01,50.81,4.13
20090808,31.56,0.02,51.95,3.82
20090809,32.26,0.0,50.66,3.62
20090810,31.64,1.09,53.26,4.29
20090811,31.76,0.58,53.77,2.84
20090812,31.81,1.32,52.54,2.53
20090813,29.81,19.24,63.4,2.17
20090814,28.53,2.57,71.5,2.29
20090815,28.52,0.08,64.83,2.67
20090816,28.93,14.11,65.06,1.72
20090817,26.88,6.64,75.2,2.38
20090818,28.25,2.08,69.82,2.39
20090819,28.26,0.18,69.82,2.05
20090820,27.49,1.97,74.84,1.33
20090821,27.53,0.89,71.5,3.31
20090822,28.39,0.06,65.0,3.3
20090823,28.88,5.34,65.6,3.1
20090824,29.01,0.27,64.41,3.64
20090825,29.33,0.03,61.03,3.22
20090826,28.83,0.1,62.55,3.74
20090827,29.22,0.01,59.61,3.46
20090828,30.21,0.02,58.04,3.26
20090829,30.51,0.03,57.23,3.3
20090830,30.24,0.17,58.5,2.21
20090831,28.57,0.32,65.57,2.42
20090901,29.14,0.95,65.57,2.68
20090902,28.9,0.25,62.04,3.71
20090903,29.48,0.05,59.79,3.7
20090904,29.11,0.24,60.14,4.87
20090905,29.61,0.03,59.09,5.69
20090906,29.86,1.06,59.24,5.16
20090907,30.44,0.01,58.63,4.34
20090908,31.16,0.0,54.85,3.53
20090909,31.01,0.04,54.69,2.53
20090910,30.62,0.0,54.51,2.04
20090911,31.82,0.01,54.51,1.73
20090912,31.88,1.22,55.63,2.0
20090913,31.82,1.29,55.99,1.54
20090914,31.48,0.29,57.68,1.83
20090915,31.32,3.23,54.89,1.74
20090916,29.28,15.99,69.72,2.6
20090917,27.79,7.78,78.03,1.9
20090918,28.32,9.27,73.67,1.77
20090919,28.33,0.59,71.65,1.25
20090920,28.95,1.06,66.54,1.74
20090921,29.67,0.17,67.89,1.1
20090922,28.63,1.32,70.69,1.86
20090923,29.03,0.81,69.01,1.56
20090924,27.99,0.05,71.3,2.34
20090925,29.19,5.33,64.09,2.61
20090926,28.85,4.67,65.82,3.49
20090927,29.03,0.63,67.18,2.74
20090928,29.17,0.29,68.38,2.64
20090929,29.68,0.01,61.27,3.8
20090930,28.99,0.02,62.85,4.04
20091001,28.95,0.47,61.93,4.48
20091002,27.87,0.62,68.53,4.09
20091003,29.41,0.38,59.92,4.83
20091004,29.88,0.01,58.32,4.02
20091005,29.99,0.0,57.71,3.75
20091006,30.08,0.01,56.4,2.39
20091007,30.63,0.0,56.14,1.81
20091008,30.03,2.87,61.29,1.9
20091009,30.32,0.04,62.06,1.45
20091010,29.5,5.84,66.19,1.13
20091011,29.2,3.67,68.47,1.51
20091012,28.49,2.53,69.55,2.21
20091013,28.09,0.2,70.01,1.25
20091014,29.53,0.01,63.04,1.4
20091015,29.82,0.0,59.37,1.48
20091016,30.1,0.0,54.18,1.49
20091017,30.63,0.0,55.81,1.51
20091018,30.84,0.56,55.62,1.95
20091019,30.48,0.16,58.03,1.87
20091020,30.54,0.0,54.83,2.05
20091021,30.44,0.0,53.46,2.33
20091022,29.75,0.0,53.95,2.58
20091023,29.34,0.0,52.2,2.41
20091024,29.58,0.0,53.31,1.67
20091025,30.1,0.02,53.61,1.86
20091026,29.95,0.01,54.62,2.64
20091027,30.01,0.71,60.69,2.18
20091028,27.98,5.91,72.32,2.99
20091029,26.41,13.28,82.21,2.93
20091030,27.34,6.87,71.45,3.08
20091031,26.85,12.56,81.53,2.66
20091101,27.06,7.07,77.84,2.57
20091102,27.74,3.22,73.64,3.76
20091103,27.28,6.18,77.54,3.1
20091104,25.77,29.69,88.83,2.83
20091105,25.88,17.23,86.25,2.59
20091106,25.36,11.49,88.05,2.0
20091107,25.6,29.11,89.45,2.81
20091108,25.49,35.11,93.16,3.55
20091109,25.62,23.52,89.98,3.21
20091110,25.64,6.63,86.5,2.25
20091111,26.2,2.55,80.21,0.94
20091112,26.72,1.79,83.79,0.78
20091113,25.39,2.39,90.61,1.54
20091114,24.98,36.41,92.03,1.9
20091115,24.63,13.05,93.69,2.4
20091116,25.6,3.39,89.96,1.07
20091117,26.38,14.3,86.89,1.31
20091118,26.14,5.11,86.61,0.6
20091119,26.33,4.45,86.17,1.03
20091120,25.83,3.26,88.33,1.44
20091121,25.28,7.86,89.23,1.08
20091122,24.81,12.4,92.3,1.7
20091123,25.4,2.77,88.69,1.78
20091124,25.91,0.2,84.82,0.97
20091125,25.5,0.71,87.17,1.74
20091126,24.58,0.05,83.66,1.98
20091127,23.6,0.0,80.82,1.92
20091128,23.97,1.45,85.3,2.47
20091129,24.33,3.76,87.15,2.83
20091130,24.4,3.74,87.1,2.92
20091201,23.68,9.98,92.86,2.51
20091202,24.73,6.35,89.62,2.41
20091203,25.47,2.34,87.43,1.49
20091204,25.5,0.37,87.06,1.7
20091205,24.45,0.0,83.37,2.68
20091206,22.46,0.0,82.29,2.09
20091207,22.45,0.0,81.52,2.07
20091208,23.72,0.0,84.58,2.47
20091209,24.09,0.05,84.52,3.19
20091210,23.09,0.03,81.98,3.45
20091211,23.79,0.23,81.04,3.46
20091212,24.58,12.75,87.32,3.68
20091213,25.48,7.5,88.02,3.04
20091214,25.33,6.45,87.85,3.78
20091215,24.8,14.49,90.94,2.81
20091216,25.14,7.34,86.77,1.96
20091217,24.02,3.45,90.9,2.32
20091218,24.33,0.27,86.32,2.61
20091219,24.83,0.39,87.23,2.49
20091220,25.22,1.65,86.74,3.09
20091221,24.87,5.97,90.8,3.42
20091222,24.59,6.44,90.48,2.92
20091223,24.22,3.67,88.98,3.29
20091224,24.13,1.1,86.61,3.17
20091225,23.77,0.04,83.83,2.66
20091226,24.0,0.01,84.02,2.73
20091227,23.2,0.17,87.13,2.14
20091228,23.49,0.0,86.24,2.02
20091229,23.69,0.0,82.02,2.25
20091230,23.8,0.0,83.5,2.01
20091231,23.99,0.0,82.84,1.73
20100101,24.18,0.0,82.81,2.58
20100102,23.86,0.02,82.14,2.8
20100103,23.24,0.05,81.17,2.59
20100104,22.78,0.0,79.18,2.04
20100105,22.33,0.0,79.43,1.94
20100106,22.91,0.0,81.51,2.56
20100107,23.79,0.26,80.97,2.81
20100108,23.73,2.26,86.77,2.6
20100109,24.6,2.61,88.4,2.36
20100110,25.28,3.43,85.63,1.62
20100111,25.72,0.63,82.81,1.72
20100112,26.11,0.1,81.74,1.62
20100113,26.1,0.08,82.57,2.01
20100114,25.97,0.01,80.88,2.37
20100115,24.78,0.0,78.39,2.91
20100116,24.6,0.0,80.15,3.11
20100117,24.68,0.0,77.61,2.95
20100118,24.95,0.0,78.07,2.42
20100119,24.97,0.0,79.39,2.61
20100120,24.61,0.0,77.94,2.76
20100121,23.32,0.0,72.73,2.91
20100122,22.48,0.0,72.24,2.72
20100123,22.72,0.0,75.86,2.76
20100124,23.35,0.05,75.22,2.53
20100125,24.26,0.02,78.29,2.58
20100126,24.92,0.01,77.72,2.88
20100127,25.35,0.01,77.25,2.89
20100128,25.28,0.0,76.99,3.11
20100129,24.53,0.0,75.6,2.99
20100130,24.6,0.0,72.84,2.88
20100131,24.83,0.0,73.01,2.7
20100201,24.15,0.0,73.58,2.49
20100202,24.11,0.0,71.41,2.9
20100203,23.97,0.0,70.92,3.05
20100204,23.68,0.0,72.56,2.62
20100205,23.56,0.0,73.94,2.83
20100206,23.67,0.0,73.2,3.02
20100207,24.61,0.0,71.88,3.1
20100208,24.31,0.0,67.89,2.89
20100209,24.43,0.0,68.76,2.41
20100210,25.34,0.0,69.8,2.21
20100211,26.32,0.02,69.57,2.44
20100212,26.86,0.0,70.26,2.69
20100213,27.01,0.0,69.51,2.51
20100214,26.65,0.0,68.21,2.27
20100215,25.23,0.0,74.94,1.69
20100216,26.53,0.0,67.48,2.09
20100217,27.06,0.0,70.86,2.52
20100218,26.89,0.0,65.04,1.56
20100219,26.49,0.0,68.1,1.67
20100220,27.11,0.0,67.48,1.87
20100221,28.04,0.0,66.15,2.21
20100222,28.2,0.0,64.29,2.3
20100223,28.85,0.0,62.35,1.61
20100224,29.0,0.0,60.05,2.17
20100225,29.04,0.0,60.02,2.16
20100226,29.2,0.0,58.6,2.1
20100227,29.1,0.0,58.48,2.32
20100228,28.72,0.0,56.37,2.18
20100301,28.15,0.0,57.72,2.31
20100302,27.54,0.0,54.67,2.41
20100303,27.42,0.0,52.05,2.23
20100304,28.56,0.0,51.32,1.99
20100305,29.2,0.0,51.86,2.29
20100306,30.2,0.01,59.26,2.22
20100307,31.39,0.0,57.0,2.36
20100308,30.17,0.0,58.55,2.3
20100309,29.68,0.0,61.71,2.45
20100310,29.66,0.0,61.9,2.81
20100311,29.62,0.0,62.97,3.39
20100312,29.52,0.0,59.86,3.3
20100313,29.76,0.0,61.2,2.8
20100314,30.59,0.0,53.65,2.15
20100315,30.23,0.0,52.84,1.94
20100316,29.88,0.0,56.33,1.96
20100317,29.59,0.0,58.87,2.76
20100318,29.03,0.0,61.79,3.15
20100319,29.52,0.0,59.86,2.7
20100320,30.34,0.0,56.25,2.27
20100321,30.5,0.0,48.91,2.01
20100322,30.21,0.0,53.82,1.66
20100323,30.62,0.0,54.13,2.24
20100324,30.87,0.0,54.77,2.01
20100325,31.32,0.0,55.51,2.34
20100326,31.96,0.01,55.6,2.34
20100327,32.07,0.08,56.01,2.63
20100328,31.54,0.02,57.05,2.91
20100329,32.06,0.02,55.84,2.51
20100330,32.56,0.05,55.78,2.74
20100331,33.42,1.09,50.5,2.05
20100401,33.81,0.03,49.09,2.68
20100402,33.38,0.0,51.15,2.7
20100403,32.43,0.0,55.83,3.04
20100404,31.92,0.01,55.22,2.58
20100405,31.57,0.22,58.47,2.16
20100406,31.97,0.04,51.23,2.5
20100407,31.87,0.05,54.89,2.58
20100408,30.81,0.61,61.92,2.43
20100409,31.54,0.02,58.94,1.84
20100410,31.3,0.0,56.94,1.88
20100411,32.72,0.0,54.64,3.06
20100412,32.73,0.01,57.26,3.32
20100413,33.42,0.03,53.48,2.81
20100414,33.22,0.01,55.27,2.57
20100415,32.31,0.0,58.29,2.14
20100416,32.21,0.0,58.09,2.89
20100417,31.95,0.23,58.27,2.94
20100418,33.05,1.35,51.99,2.91
20100419,33.57,0.34,51.06,2.44
20100420,33.7,0.32,50.45,2.05
20100421,33.63,0.27,52.84,2.03
20100422,33.77,0.02,52.05,2.4
20100423,32.79,0.01,59.35,3.06
20100424,32.91,0.05,54.29,2.34
20100425,32.84,0.45,52.98,2.68
20100426,31.45,0.72,59.61,2.59
20100427,31.63,1.24,55.31,1.97
20100428,31.9,0.44,57.59,2.69
20100429,31.21,0.23,61.85,2.52
20100430,29.36,21.44,73.67,2.29
20100501,29.87,3.0,67.02,1.3
20100502,30.61,11.98,67.48,1.2
20100503,29.41,4.19,75.91,1.16
20100504,29.2,11.02,78.61,1.47
20100505,30.69,1.87,71.11,1.63
20100506,32.37,1.21,63.18,1.8
20100507,32.13,0.18,64.98,2.0
20100508,31.48,0.03,65.69,1.35
20100509,31.18,0.01,64.76,1.82
20100510,32.23,0.0,56.05,2.74
20100511,32.74,0.0,58.28,2.9
20100512,32.92,0.0,59.69,1.89
20100513,32.87,0.0,60.14,1.96
20100514,31.59,0.0,66.02,1.82
20100515,31.17,0.17,60.98,1.98
20100516,32.48,0.15,59.48,1.24
20100517,31.96,6.61,63.22,2.19
20100518,29.95,17.16,73.81,2.94
20100519,29.44,1.74,68.98,4.14
20100520,30.8,0.6,65.02,3.79
20100521,31.28,0.33,60.38,3.39
20100522,31.09,0.0,60.39,2.61
20100523,31.05,0.66,62.14,2.94
20100524,30.9,0.01,64.85,2.81
20100525,31.31,0.01,58.68,3.42
20100526,32.37,0.0,53.03,3.61
20100527,33.06,0.04,54.27,3.53
20100528,31.34,15.2,65.33,3.01
20100529,31.64,0.67,62.08,3.37
20100530,31.6,0.6,59.32,3.02
20100531,30.32,0.03,57.83,3.82
20100601,31.51,0.0,57.16,2.5
20100602,32.86,0.41,56.32,2.53
20100603,32.15,0.1,58.81,2.65
20100604,30.79,18.62,70.01,1.89
20100605,28.4,3.11,75.68,3.57
20100606,29.79,1.27,61.84,3.65
20100607,28.16,0.25,68.16,2.7
20100608,29.3,0.0,61.44,3.65
20100609,30.22,4.61,66.12,2.54
20100610,27.93,1.29,78.1,2.4
20100611,28.15,2.85,73.89,3.36
20100612,28.92,0.78,67.95,3.45
20100613,28.6,0.19,71.81,4.7
20100614,29.96,0.05,61.77,3.8
20100615,30.75,0.17,58.11,2.77
20100616,29.27,1.32,66.25,1.36
20100617,29.12,6.43,67.73,2.53
20100618,28.42,4.83,69.4,2.37
20100619,29.47,3.61,64.72,2.69
20100620,29.0,0.83,68.65,2.1
20100621,30.05,6.26,64.54,1.71
20100622,29.02,3.41,69.68,2.46
20100623,29.19,2.87,66.67,4.06
20100624,28.73,0.03,61.55,4.13
20100625,29.22,0.01,57.51,5.06
20100626,30.22,0.01,57.56,4.72
20100627,30.75,0.01,57.1,3.53
20100628,30.02,3.32,65.13,3.21
20100629,29.82,0.23,65.52,2.89
20100630,30.47,0.0,56.9,3.7
20100701,28.1,0.01,58.06,3.88
20100702,29.56,0.0,54.36,4.16
20100703,29.74,0.1,55.57,4.49
20100704,29.13,0.11,60.97,2.96
20100705,29.94,0.13,56.52,4.52
20100706,28.65,0.13,58.47,3.53
20100707,28.92,4.46,63.45,2.37
20100708,27.89,8.45,69.43,1.52
20100709,27.61,2.71,74.34,1.34
20100710,28.91,1.23,68.61,1.75
20100711,29.83,0.06,65.48,3.21
20100712,29.66,1.27,64.66,2.96
20100713,28.03,9.73,72.5,2.05
20100714,28.47,3.88,69.5,2.66
20100715,28.74,4.08,68.77,2.72
20100716,28.16,0.71,68.68,3.63
20100717,28.36,1.8,63.64,4.1
20100718,28.56,1.19,66.39,3.68
20100719,28.37,0.38,66.82,3.81
20100720,28.51,0.02,64.14,4.29
20100721,28.76,0.56,66.16,2.89
20100722,28.97,0.01,64.22,3.34
20100723,29.93,0.0,57.45,3.44
20100724,29.19,0.0,58.21,4.58
20100725,28.79,0.01,57.43,4.5
20100726,29.69,0.27,55.41,4.6
20100727,29.42,0.06,61.12,4.07
20100728,29.36,0.04,57.08,4.56
20100729,29.78,0.28,57.5,4.41
20100730,29.7,0.03,57.0,4.0
20100731,29.63,0.0,57.32,4.16
20100801,31.16,0.0,54.37,3.13
20100802,31.42,0.01,52.31,3.64
20100803,30.32,0.13,52.91,4.65
20100804,30.41,0.04,53.76,4.49
20100805,30.06,0.67,58.81,3.06
20100806,30.85,0.03,54.97,4.06
20100807,30.61,0.1,56.02,3.06
20100808,31.12,1.11,55.58,3.68
20100809,31.19,3.07,57.55,3.34
20100810,31.25,0.23,56.13,3.52
20100811,31.51,0.19,54.48,3.62
20100812,28.44,0.87,68.35,2.95
20100813,28.68,4.17,69.46,2.12
20100814,27.57,6.68,76.24,2.24
20100815,27.13,4.04,80.46,1.72
20100816,27.76,6.79,74.54,2.31
20100817,29.15,0.18,63.38,2.98
20100818,29.35,0.02,58.84,3.65
20100819,29.46,2.25,62.76,2.37
20100820,27.02,18.27,77.89,1.6
20100821,26.33,12.46,78.9,1.46
20100822,26.77,1.45,78.11,2.62
20100823,28.12,3.75,70.83,2.66
20100824,27.91,2.69,73.8,3.13
20100825,27.96,0.14,69.56,3.12
20100826,29.14,0.05,63.5,3.25
20100827,29.32,0.15,63.65,2.45
20100828,28.82,2.72,70.43,2.05
20100829,28.28,5.96,75.77,2.53
20100830,26.94,4.01,73.55,3.15
20100831,27.57,2.28,65.69,2.66
20100901,27.99,0.0,64.98,2.91
20100902,29.25,0.61,63.81,2.57
20100903,29.34,2.17,66.52,2.39
20100904,29.28,0.02,63.5,2.31
20100905,29.79,0.0,61.39,2.45
20100906,29.31,0.0,60.48,2.83
20100907,29.12,0.02,62.79,3.06
20100908,28.78,0.01,63.95,3.08
20100909,28.69,4.82,67.31,1.77
20100910,27.52,12.32,77.17,1.76
20100911,28.31,2.47,67.42,2.37
20100912,28.76,5.67,69.96,1.06
20100913,27.57,13.43,71.55,2.88
20100914,28.68,0.74,64.07,2.83
20100915,28.6,3.28,67.45,2.55
20100916,27.97,4.78,69.47,2.69
20100917,29.67,0.74,63.52,2.86
20100918,28.64,3.64,65.81,2.84
20100919,29.17,0.41,64.29,1.7
20100920,28.76,1.06,66.51,1.69
20100921,28.1,1.67,72.99,1.23
20100922,26.74,8.29,81.04,0.8
20100923,27.54,3.6,77.74,1.04
20100924,27.65,12.93,76.36,1.63
20100925,27.67,0.4,73.44,1.69
20100926,27.32,10.57,76.93,1.38
20100927,27.27,5.19,78.72,2.01
20100928,26.94,7.51,82.02,1.7
20100929,26.46,9.5,81.65,1.89
20100930,26.84,5.27,78.08,1.32
20101001,27.44,2.62,76.55,1.39
20101002,27.17,8.58,79.56,1.19
20101003,26.74,10.15,82.67,0.87
20101004,27.61,4.27,79.03,1.15
20101005,26.97,2.1,84.06,1.71
20101006,27.48,0.71,78.19,2.86
20101007,27.5,0.49,78.12,2.24
20101008,27.03,9.97,83.71,1.92
20101009,27.68,1.68,78.3,1.92
20101010,27.99,0.1,74.62,1.55
20101011,27.64,0.0,74.98,1.53
20101012,28.26,0.0,68.77,1.88
20101013,28.37,0.48,71.35,2.28
20101014,26.8,1.27,77.59,2.5
20101015,27.47,0.35,74.17,2.73
20101016,28.49,0.05,66.08,3.16
20101017,28.08,0.05,67.46,2.12
20101018,28.56,7.1,71.34,1.72
20101019,28.35,8.35,74.93,1.63
20101020,27.55,1.89,78.56,1.62
20101021,27.89,11.1,77.2,1.43
20101022,27.65,1.26,77.39,2.05
20101023,28.43,0.48,71.63,1.58
20101024,28.92,0.03,69.77,1.66
20101025,28.95,0.19,70.4,1.65
20101026,28.03,5.32,77.4,1.09
20101027,26.96,8.9,84.61,0.76
20101028,26.19,16.87,84.27,1.1
20101029,25.91,13.72,82.71,1.74
20101030,25.77,6.36,84.9,1.43
20101031,25.74,13.78,86.26,1.04
20101101,25.28,20.54,85.23,1.14
20101102,25.74,0.62,85.02,0.85
20101103,26.5,8.83,85.14,1.2
20101104,26.22,8.71,87.49,1.41
20101105,25.99,20.62,86.73,0.9
20101106,24.86,10.07,87.7,1.56
20101107,24.31,3.18,88.8,2.8
20101108,25.98,0.28,86.42,2.31
20101109,26.6,6.24,86.73,1.01
20101110,26.21,13.36,87.2,1.24
20101111,25.51,16.65,87.33,0.96
20101112,25.81,7.98,84.24,1.16
20101113,26.32,0.96,84.96,1.33
20101114,25.78,0.04,85.44,1.67
20101115,25.59,0.93,87.11,1.48
20101116,25.0,16.71,89.19,1.73
20101117,25.24,10.0,89.36,2.35
20101118,25.28,5.64,88.43,1.86
20101119,24.99,4.92,85.97,1.71
20101120,24.73,21.27,90.97,1.57
20101121,25.27,7.69,85.25,0.65
20101122,24.62,29.92,87.45,1.43
20101123,25.28,3.84,85.8,0.92
20101124,24.77,17.9,91.52,1.87
20101125,24.45,21.43,93.39,3.13
20101126,23.97,26.56,93.02,2.61
20101127,23.26,15.54,90.62,2.11
20101128,24.45,40.28,93.87,2.59
20101129,24.78,3.39,90.66,2.41
20101130,24.76,11.85,90.87,2.43
20101201,24.75,13.98,94.66,2.19
20101202,24.95,19.98,93.0,1.98
20101203,24.41,15.73,93.28,2.93
20101204,23.24,4.2,92.56,3.4
20101205,22.57,5.69,90.98,3.51
20101206,23.48,0.35,83.61,1.87
20101207,24.91,2.27,84.63,1.23
20101208,24.96,10.12,88.78,1.62
20101209,25.08,0.7,89.5,1.22
20101210,25.0,0.28,85.64,1.59
20101211,24.92,0.22,84.86,1.49
20101212,24.94,5.96,84.6,1.57
20101213,24.3,1.17,86.18,1.23
20101214,24.26,7.25,89.06,1.18
20101215,24.08,9.03,89.49,1.48
20101216,24.66,5.38,89.91,1.67
20101217,24.38,2.91,90.26,2.1
20101218,23.86,0.82,89.27,2.69
20101219,22.41,2.94,88.03,2.89
20101220,24.82,5.61,89.12,2.84
20101221,23.49,2.47,88.19,3.69
20101222,21.56,0.0,85.74,2.41
20101223,21.65,0.0,85.67,2.05
20101224,21.62,0.04,86.73,2.28
20101225,21.96,0.01,88.18,2.62
20101226,22.5,0.0,85.84,2.71
20101227,22.03,0.11,85.11,2.41
20101228,21.48,5.87,90.83,2.48
20101229,22.65,1.48,92.83,2.85
20101230,23.56,1.6,87.84,2.85
20101231,23.59,0.27,88.57,2.29
20110101,24.09,0.25,88.25,1.68
20110102,24.57,0.29,88.77,1.96
20110103,24.06,0.1,88.11,2.29
20110104,22.77,4.04,91.85,2.28
20110105,22.92,0.41,90.93,3.12
20110106,23.51,0.19,86.91,2.92
20110107,23.68,0.41,87.98,3.26
20110108,24.64,0.02,86.76,2.99
20110109,24.29,0.0,84.9,2.53
20110110,23.6,0.03,90.56,2.32
20110111,22.45,0.0,81.18,2.26
20110112,21.38,0.0,87.2,2.14
20110113,21.19,0.01,84.24,2.45
20110114,22.0,0.02,86.28,2.79
20110115,23.23,1.4,86.41,2.99
20110116,23.8,0.78,86.51,2.83
20110117,23.78,0.01,86.6,1.7
20110118,22.56,0.0,82.84,1.83
20110119,21.29,0.0,84.03,1.6
20110120,21.56,0.0,84.76,1.63
20110121,22.16,0.0,85.6,2.03
20110122,22.41,0.0,84.28,2.38
20110123,22.65,0.01,84.93,2.79
20110124,22.62,0.0,83.06,2.89
20110125,22.76,0.0,81.69,2.92
20110126,23.36,0.01,84.34,3.34
20110127,23.37,0.0,82.2,3.09
20110128,23.67,0.0,84.6,2.77
20110129,24.41,0.05,81.57,3.29
20110130,24.2,0.2,82.79,3.32
20110131,23.8,0.03,81.31,3.38
20110201,23.87,0.01,80.61,3.36
20110202,23.46,0.03,78.59,3.48
20110203,23.67,0.04,80.8,3.23
20110204,23.9,0.0,78.48,3.18
20110205,23.56,0.0,77.6,3.08
20110206,23.61,0.01,78.37,3.04
20110207,24.16,0.0,78.1,2.86
20110208,23.75,0.0,73.65,2.33
20110209,23.77,0.01,76.96,2.21
20110210,22.95,0.05,74.37,2.44
20110211,23.16,0.0,77.27,2.55
20110212,23.59,0.0,74.28,2.38
20110213,22.76,0.0,72.81,2.48
20110214,23.59,0.0,74.36,1.96
20110215,24.64,0.0,73.25,1.58
20110216,25.98,0.0,74.22,1.41
20110217,26.82,0.0,72.85,1.28
20110218,26.94,0.0,74.82,1.4
20110219,27.65,0.0,73.06,1.56
20110220,27.66,0.0,73.0,1.96
20110221,27.45,0.01,74.89,1.77
20110222,26.83,1.28,77.57,2.28
20110223,26.76,3.31,75.61,2.38
20110224,26.21,9.13,77.8,2.0
20110225,26.45,0.18,71.68,2.02
20110226,26.37,1.69,71.69,2.12
20110227,26.22,0.0,70.13,2.71
20110228,26.07,0.0,70.87,3.11
20110301,25.94,0.0,70.33,3.15
20110302,25.72,0.0,67.28,2.86
20110303,25.73,0.0,68.29,2.63
20110304,26.75,0.0,69.85,2.16
20110305,27.43,0.0,67.28,2.05
20110306,26.73,0.0,65.56,2.13
20110307,26.04,0.0,65.74,2.23
20110308,27.16,0.0,60.28,2.11
20110309,27.97,0.0,54.59,1.83
20110310,27.21,0.0,58.13,1.93
20110311,26.83,0.0,60.11,1.57
20110312,27.62,0.1,68.05,2.71
20110313,28.64,0.1,67.64,3.51
20110314,28.32,0.02,68.29,3.53
20110315,28.28,0.0,65.01,3.17
20110316,28.09,0.0,65.13,3.4
20110317,27.38,0.0,63.59,3.36
20110318,27.29,0.0,63.87,2.65
20110319,28.8,0.0,63.44,2.02
20110320,29.89,0.0,62.23,1.59
20110321,30.27,0.0,62.09,1.6
20110322,30.61,0.0,60.0,1.92
20110323,30.01,0.01,58.61,1.86
20110324,30.0,0.0,56.9,1.7
20110325,30.57,0.68,58.8,2.13
20110326,30.58,0.03,57.66,1.99
20110327,31.11,0.0,56.06,2.09
20110328,31.39,0.0,52.35,1.9
20110329,31.39,0.01,51.7,2.01
20110330,30.79,0.0,54.01,2.3
20110331,30.83,0.0,53.58,2.39
20110401,31.49,0.0,51.8,2.34
20110402,31.51,0.0,55.76,3.13
20110403,31.63,0.0,55.27,2.75
20110404,32.07,0.34,52.49,2.77
20110405,31.7,0.02,52.47,3.03
20110406,30.58,0.0,51.96,3.02
20110407,30.01,0.0,53.4,2.75
20110408,30.29,0.01,57.03,2.3
20110409,31.37,0.56,55.34,2.38
20110410,30.86,0.93,58.84,2.49
20110411,31.18,0.12,57.16,2.41
20110412,31.39,0.01,56.58,2.49
20110413,31.75,0.08,56.39,2.44
20110414,31.7,0.02,56.25,2.46
20110415,30.83,1.42,59.02,2.25
20110416,30.36,0.11,57.91,2.5
20110417,31.09,0.22,54.86,1.99
20110418,31.15,0.31,55.96,2.44
20110419,30.44,0.48,57.31,2.42
20110420,29.29,1.15,57.99,2.39
20110421,29.51,5.25,61.75,1.67
20110422,27.34,11.56,79.49,1.76
20110423,26.22,18.69,86.9,1.36
20110424,28.23,10.99,73.08,1.08
20110425,27.25,6.53,79.5,1.14
20110426,29.32,2.5,68.2,1.45
20110427,29.9,0.48,67.84,1.65
20110428,30.21,0.12,66.12,1.57
20110429,30.66,0.13,64.95,2.07
20110430,30.75,0.03,64.74,1.64
20110501,30.68,0.58,65.02,1.53
20110502,30.4,0.07,66.14,1.74
20110503,30.44,10.09,67.44,2.24
20110504,29.66,0.1,65.31,3.09
20110505,29.95,0.14,66.31,2.26
20110506,31.03,0.03,61.55,2.17
20110507,31.49,0.0,58.79,2.28
20110508,31.06,0.0,55.37,1.9
20110509,30.64,0.0,55.94,2.3
20110510,31.32,0.0,55.61,2.36
20110511,31.5,0.0,53.11,2.56
20110512,31.53,0.0,55.39,2.48
20110513,31.73,0.31,55.76,2.37
20110514,32.17,0.07,56.45,1.62
20110515,32.19,0.0,57.65,1.88
20110516,31.94,0.0,58.05,2.48
20110517,31.62,0.0,58.78,3.24
20110518,31.81,0.0,57.9,2.52
20110519,31.67,1.8,58.18,2.89
20110520,30.23,13.76,69.16,2.73
20110521,29.87,0.43,68.16,2.38
20110522,31.31,0.0,57.74,1.75
20110523,32.35,0.1,57.44,1.76
20110524,32.42,0.19,58.51,1.98
20110525,31.81,0.02,61.97,1.67
20110526,31.22,0.0,61.75,1.83
20110527,31.07,1.49,60.37,2.08
20110528,30.2,0.25,63.13,2.67
20110529,30.66,0.01,56.27,3.14
20110530,31.82,1.01,59.06,2.8
20110531,30.16,19.34,67.01,3.23
20110601,29.19,4.53,70.25,2.88
20110602,28.59,0.34,68.51,4.5
20110603,28.56,1.85,70.96,2.7
20110604,29.8,2.13,67.33,2.83
20110605,30.25,0.03,62.83,3.0
20110606,31.14,0.13,57.28,3.55
20110607,31.08,0.0,55.36,2.57
20110608,31.27,0.0,54.4,2.75
20110609,30.72,0.78,59.4,2.95
20110610,30.81,0.01,60.75,3.42
20110611,30.52,0.0,60.75,3.28
20110612,30.59,0.0,60.42,3.61
20110613,30.0,0.07,56.94,4.69
20110614,29.01,0.21,60.39,4.35
20110615,29.17,0.0,55.82,4.23
20110616,29.06,0.03,57.91,4.86
20110617,28.98,0.68,53.18,4.85
20110618,29.88,0.07,51.35,4.82
20110619,30.75,0.26,57.31,4.5
20110620,31.47,0.0,53.54,4.5
20110621,30.55,0.0,54.96,4.3
20110622,31.16,0.16,53.33,4.37
20110623,32.13,0.02,52.26,3.55
20110624,31.98,0.27,53.06,3.97
20110625,30.97,1.11,57.05,4.29
20110626,31.16,0.01,55.09,5.07
20110627,31.01,0.05,52.74,5.47
20110628,30.32,0.06,49.89,5.29
20110629,31.04,0.0,48.7,3.35
20110630,32.15,0.0,48.31,2.59
20110701,31.56,3.89,53.49,2.81
20110702,30.49,0.51,54.53,3.45
20110703,30.92,1.29,51.15,2.85
20110704,31.21,1.52,48.97,4.47
20110705,27.63,22.21,63.12,3.59
20110706,28.78,0.22,60.88,3.47
20110707,29.5,6.33,59.33,2.43
20110708,28.58,0.57,63.93,2.43
20110709,28.45,8.59,65.85,2.19
20110710,28.97,0.98,63.82,2.2
20110711,29.03,0.41,65.75,3.03
20110712,28.67,0.02,60.77,5.27
20110713,28.71,0.03,54.88,4.94
20110714,28.98,0.06,51.24,5.81
20110715,28.45,0.02,54.85,5.35
20110716,29.58,0.28,56.83,4.85
20110717,29.55,0.12,58.31,4.26
20110718,29.33,0.06,59.85,4.38
20110719,29.52,0.02,58.29,4.31
20110720,29.63,0.1,58.04,5.04
20110721,30.29,0.04,54.39,4.52
20110722,29.43,0.0,56.18,4.41
20110723,29.55,0.01,57.75,4.58
20110724,29.0,0.04,59.56,4.38
20110725,29.37,0.83,56.92,2.61
20110726,30.36,1.78,53.48,1.93
20110727,29.15,0.2,55.56,4.11
20110728,28.7,2.77,58.61,3.97
20110729,28.1,0.08,59.48,4.54
20110730,27.89,0.01,62.57,2.6
20110731,30.6,0.0,55.89,3.93
20110801,30.96,0.06,53.04,4.45
20110802,31.37,0.06,53.72,4.69
20110803,29.75,0.04,56.93,3.72
20110804,30.52,0.43,52.59,4.32
20110805,29.85,4.28,55.94,3.87
20110806,30.17,0.06,54.72,4.5
20110807,30.31,0.0,55.1,4.53
20110808,29.82,5.13,61.02,3.25
20110809,29.63,1.32,63.17,2.79
20110810,30.61,1.01,58.5,3.06
20110811,29.55,1.21,61.59,3.95
20110812,30.19,0.02,55.43,3.09
20110813,30.07,0.18,55.73,2.74
20110814,29.46,0.05,54.01,1.77
20110815,28.86,13.96,66.6,1.63
20110816,28.58,0.76,69.36,1.93
20110817,27.62,14.88,73.38,1.86
20110818,28.62,0.87,67.36,2.84
20110819,28.91,0.0,63.37,2.18
20110820,28.85,4.32,67.07,1.81
20110821,28.74,0.1,66.4,2.47
20110822,29.32,0.19,61.57,2.17
20110823,30.36,0.09,57.83,2.73
20110824,28.39,14.67,66.85,3.3
20110825,28.42,1.89,67.97,2.79
20110826,28.71,0.56,64.82,2.65
20110827,29.2,0.05,61.3,3.7
20110828,28.69,0.03,64.12,3.13
20110829,29.17,0.05,60.99,3.89
20110830,28.64,0.27,58.62,3.97
20110831,29.03,1.61,61.63,3.32
20110901,29.36,0.67,62.73,3.73
20110902,28.26,6.99,71.31,2.38
20110903,28.78,0.02,66.5,3.3
20110904,29.77,0.55,62.44,2.68
20110905,30.43,2.85,60.92,2.75
20110906,28.98,2.17,63.42,3.07
20110907,29.76,0.03,60.29,2.72
20110908,29.8,8.25,63.62,2.33
20110909,29.16,1.8,68.29,2.23
20110910,29.11,4.27,66.54,2.47
20110911,29.05,2.73,64.84,3.26
20110912,27.75,40.91,72.83,2.22
20110913,27.81,0.15,63.95,2.93
20110914,28.08,0.19,63.09,3.47
20110915,28.1,10.06,68.63,2.79
20110916,28.8,2.01,68.11,2.43
20110917,29.21,0.32,66.66,2.05
20110918,29.28,0.01,65.41,1.99
20110919,29.76,0.36,63.12,1.74
20110920,29.1,0.04,65.67,2.14
20110921,28.7,3.77,65.47,3.18
20110922,29.32,0.0,62.67,2.38
20110923,30.11,0.0,56.47,2.35
20110924,29.11,3.44,62.85,1.72
20110925,30.14,0.54,63.45,1.25
20110926,30.04,2.28,63.76,1.91
20110927,29.7,0.05,64.94,1.57
20110928,30.05,0.0,63.1,1.76
20110929,28.76,6.21,69.06,1.81
20110930,27.51,30.52,81.0,1.38
20111001,27.07,7.94,81.17,1.3
20111002,27.46,3.66,79.07,1.09
20111003,28.27,1.89,74.71,1.26
20111004,27.71,3.0,77.1,1.68
20111005,27.61,3.49,75.41,1.22
20111006,28.22,2.61,75.11,1.57
20111007,26.99,3.21,81.31,1.14
20111008,28.82,1.11,71.31,1.41
20111009,28.63,5.22,73.15,1.37
20111010,28.26,0.2,74.94,1.21
20111011,27.48,1.83,77.52,1.21
20111012,26.01,12.13,83.47,1.25
20111013,26.98,6.16,79.8,1.13
20111014,27.93,2.88,76.76,0.87
20111015,27.22,3.89,83.26,0.85
20111016,27.02,7.39,84.88,1.04
20111017,26.46,3.48,85.61,1.55
20111018,26.5,13.03,83.73,0.92
20111019,27.32,3.18,78.5,1.14
20111020,27.52,0.14,76.43,1.28
20111021,27.88,0.45,76.27,1.34
20111022,27.16,6.46,81.29,1.63
20111023,25.72,4.88,84.71,1.63
20111024,26.26,8.29,83.84,1.93
20111025,25.46,12.99,86.23,2.38
20111026,25.29,8.8,88.16,3.0
20111027,26.08,11.5,84.51,2.35
20111028,25.33,7.39,87.95,2.58
20111029,24.69,29.74,88.75,2.79
20111030,24.64,15.98,91.08,2.72
20111031,25.2,9.77,89.32,2.27
20111101,24.79,16.55,93.49,2.34
20111102,24.2,2.49,90.41,1.69
20111103,24.72,21.79,86.4,1.2
20111104,25.61,4.07,82.61,0.92
20111105,26.17,6.65,85.61,1.02
20111106,26.31,8.57,85.75,1.0
20111107,25.72,1.27,86.13,2.26
20111108,23.53,0.0,81.94,2.09
20111109,23.15,0.0,79.31,1.89
20111110,23.32,0.0,77.85,1.9
20111111,24.62,0.08,84.51,2.09
20111112,25.15,0.01,83.95,1.99
20111113,24.83,0.29,83.18,1.92
20111114,25.07,0.64,86.54,2.42
20111115,24.68,0.36,83.44,2.65
20111116,24.13,3.52,83.68,2.71
20111117,25.0,7.39,88.05,2.84
20111118,25.22,7.28,87.9,2.7
20111119,24.23,3.55,83.86,3.27
20111120,23.83,0.58,84.04,3.33
20111121,24.6,1.3,84.99,3.41
20111122,24.55,1.2,82.71,3.51
20111123,24.47,3.13,85.49,3.69
20111124,24.96,22.48,90.85,4.07
20111125,25.28,37.88,93.88,3.99
20111126,25.31,30.52,93.18,4.1
20111127,24.89,11.62,92.15,2.11
20111128,25.16,8.71,90.96,1.98
20111129,25.48,1.16,88.15,1.85
20111130,25.47,2.5,89.79,2.78
20111201,25.02,1.91,88.14,1.75
20111202,25.09,0.17,85.06,1.36
20111203,25.13,0.02,81.26,1.06
20111204,24.6,0.03,84.47,1.29
20111205,23.85,0.01,85.41,1.77
20111206,23.49,0.0,86.01,2.19
20111207,22.85,0.05,83.72,2.81
20111208,23.65,0.4,85.01,2.56
20111209,25.04,1.63,88.3,2.2
20111210,25.48,1.26,87.35,2.23
20111211,25.08,0.92,87.33,2.27
20111212,24.05,0.77,89.56,2.69
20111213,24.12,2.09,88.9,3.21
20111214,24.11,2.21,87.63,3.6
20111215,24.08,5.13,89.54,2.28
20111216,24.04,0.71,83.08,3.18
20111217,23.03,0.02,80.46,3.28
20111218,22.55,3.96,85.27,3.68
20111219,22.69,3.22,85.88,3.2
20111220,22.08,0.38,84.83,3.09
20111221,22.75,0.0,83.24,3.03
20111222,22.61,0.02,81.64,3.11
20111223,22.41,0.15,83.1,2.76
20111224,22.67,0.0,80.56,2.73
20111225,22.46,0.0,81.16,2.91
20111226,22.28,0.0,79.71,2.52
20111227,22.77,0.0,69.21,1.66
20111228,23.53,0.0,65.25,1.58
20111229,24.52,2.3,69.55,2.24
20111230,24.84,14.63,86.09,3.73
20111231,24.34,3.74,84.14,3.1
20120101,24.24,0.03,83.9,1.45
20120102,25.49,0.0,82.69,1.22
20120103,25.32,0.03,82.6,1.6
20120104,25.62,0.05,84.22,2.34
20120105,25.58,0.0,83.45,2.3
20120106,24.8,0.0,82.05,2.29
20120107,24.04,0.03,81.5,2.36
20120108,24.82,1.59,83.8,3.02
20120109,25.33,0.63,82.42,2.14
20120110,25.17,0.05,78.42,1.92
20120111,24.49,2.17,79.22,1.81
20120112,24.36,0.6,79.56,2.32
20120113,24.31,0.17,79.41,3.01
20120114,23.74,0.02,74.68,3.24
20120115,21.91,0.0,73.53,2.94
20120116,21.51,0.0,74.44,2.27
20120117,21.76,0.0,72.73,1.88
20120118,22.26,0.0,69.13,1.49
20120119,23.23,0.0,72.0,1.47
20120120,23.4,0.0,71.18,1.48
20120121,23.39,0.0,73.83,2.13
20120122,23.02,0.0,72.11,2.74
20120123,23.09,0.0,71.88,2.88
20120124,23.17,0.0,69.35,2.64
20120125,23.01,0.0,69.39,2.59
20120126,23.99,0.1,69.04,2.72
20120127,24.69,0.15,73.06,2.34
20120128,24.89,0.0,72.29,2.55
20120129,24.66,0.0,70.23,2.58
20120130,24.6,0.38,69.75,2.82
20120131,24.31,1.27,70.27,3.12
20120201,24.13,0.01,69.71,3.64
20120202,24.16,0.02,71.42,3.64
20120203,25.16,0.0,67.83,3.89
20120204,25.37,0.0,67.2,3.33
20120205,24.91,0.0,73.42,2.87
20120206,25.04,0.0,77.38,2.6
20120207,26.95,0.0,68.33,2.9
20120208,26.84,0.0,70.28,2.45
20120209,27.14,0.0,72.33,2.1
20120210,27.13,0.01,70.6,2.35
20120211,26.1,0.02,73.26,1.97
20120212,26.32,0.0,67.67,2.44
20120213,26.19,0.0,70.05,2.71
20120214,26.85,0.0,68.7,2.66
20120215,26.81,0.0,66.85,1.57
20120216,27.76,0.0,64.63,1.95
20120217,26.84,0.0,68.52,2.17
20120218,25.79,0.0,67.32,2.76
20120219,26.01,0.0,66.73,2.88
20120220,26.34,0.0,61.32,2.53
20120221,26.82,0.0,61.9,2.33
20120222,26.27,0.0,62.08,2.61
20120223,25.93,0.0,62.21,2.83
20120224,25.43,0.0,60.57,2.5
20120225,26.01,0.0,56.9,2.92
20120226,26.06,0.0,58.05,2.73
20120227,27.31,0.0,57.52,2.74
20120228,29.05,0.0,60.95,1.74
20120229,30.66,0.0,59.12,2.09
20120301,30.4,0.0,60.95,2.48
20120302,30.73,0.0,58.15,2.46
20120303,31.09,0.0,56.82,2.62
20120304,30.77,0.0,58.04,2.81
20120305,30.19,0.0,60.58,2.4
20120306,30.25,0.0,54.33,1.8
20120307,30.51,0.0,53.44,2.13
20120308,31.39,0.0,54.03,1.35
20120309,31.45,0.0,48.49,2.02
20120310,30.79,0.0,54.77,2.31
20120311,29.39,0.04,57.48,3.08
20120312,28.1,2.3,67.62,2.56
20120313,28.74,0.21,68.64,3.02
20120314,30.15,0.0,61.26,2.85
20120315,30.6,0.04,58.93,2.89
20120316,30.8,0.03,58.2,2.26
20120317,31.04,0.0,53.49,2.15
20120318,30.44,0.0,53.95,2.1
20120319,30.81,0.0,48.04,2.24
20120320,31.04,0.0,51.18,2.56
20120321,31.05,0.0,55.66,2.65
20120322,31.25,0.01,53.39,2.13
20120323,30.93,0.0,52.4,2.21
20120324,29.97,0.0,49.61,2.41
20120325,29.08,0.0,51.69,2.42
20120326,28.83,0.0,51.38,2.4
20120327,29.38,0.21,59.81,2.46
20120328,30.75,0.46,56.59,2.52
20120329,30.48,0.01,57.37,1.91
20120330,31.78,0.0,54.44,1.9
20120331,31.62,4.96,56.43,2.28
20120401,30.23,3.44,61.2,2.52
20120402,29.78,0.26,59.37,2.17
20120403,30.65,0.01,53.59,1.81
20120404,31.18,0.0,52.34,2.12
20120405,31.9,0.0,52.81,1.97
20120406,32.07,0.01,54.47,2.59
20120407,31.75,0.01,57.89,2.68
20120408,31.64,0.0,57.09,2.84
20120409,31.46,0.25,57.68,2.47
20120410,32.13,0.26,55.89,2.71
20120411,32.35,0.0,54.39,2.93
20120412,32.24,0.08,54.77,2.8
20120413,31.7,0.02,56.61,2.66
20120414,29.79,0.3,64.29,2.06
20120415,30.48,0.13,60.64,2.11
20120416,30.92,0.12,59.47,1.83
20120417,32.5,0.02,55.06,2.33
20120418,32.88,0.0,51.71,2.63
20120419,31.67,0.0,54.73,1.86
20120420,31.94,0.02,54.66,2.78
20120421,33.12,0.01,50.62,2.66
20120422,32.82,0.0,53.51,2.51
20120423,32.27,0.49,55.01,2.22
20120424,29.96,17.69,68.22,1.03
20120425,27.78,6.48,77.87,1.67
20120426,27.05,7.8,79.05,1.78
20120427,28.94,2.73,71.63,1.97
20120428,29.68,0.12,66.87,2.21
20120429,29.33,2.12,69.37,2.11
20120430,29.83,1.54,70.25,1.6
20120501,29.94,3.61,69.57,2.16
20120502,29.51,0.19,69.93,1.72
20120503,30.18,0.41,66.93,1.83
20120504,29.64,0.14,68.84,2.45
20120505,29.08,0.02,64.86,3.07
20120506,31.2,0.0,57.09,2.12
20120507,32.47,2.02,54.73,2.36
20120508,30.95,12.38,66.57,1.57
20120509,31.16,0.81,63.92,1.57
20120510,30.19,34.07,69.31,1.59
20120511,29.26,3.65,74.3,1.4
20120512,29.84,0.1,68.54,1.52
20120513,30.5,0.01,64.64,2.05
20120514,30.14,2.02,70.41,1.48
20120515,29.84,2.54,71.29,1.96
20120516,30.51,0.16,67.04,1.82
20120517,31.07,0.0,64.95,2.3
20120518,29.33,2.14,72.05,2.01
20120519,30.83,0.67,68.36,1.86
20120520,30.16,0.24,68.85,1.87
20120521,29.27,0.89,67.22,2.99
20120522,29.61,0.02,63.9,2.46
20120523,30.35,0.0,60.87,2.78
20120524,31.51,0.0,57.55,2.91
20120525,30.14,0.0,62.52,3.08
20120526,28.13,0.0,68.88,2.95
20120527,30.12,0.0,64.46,3.49
20120528,30.77,0.0,61.48,2.72
20120529,29.55,0.0,66.83,3.17
20120530,29.96,0.0,64.06,2.58
20120531,30.63,0.0,61.01,3.31
20120601,29.54,0.0,61.01,3.9
20120602,32.1,0.0,55.09,2.86
20120603,31.37,4.48,61.38,3.38
20120604,30.19,0.11,66.41,2.69
20120605,30.81,0.01,58.18,4.12
20120606,30.7,0.02,54.51,4.13
20120607,29.89,0.02,57.32,4.43
20120608,30.24,0.36,55.8,3.61
20120609,30.34,0.11,55.08,4.51
20120610,29.61,0.0,59.54,3.91
20120611,30.88,0.0,56.36,3.61
20120612,31.21,0.0,52.55,3.45
20120613,29.4,8.29,58.28,3.01
20120614,28.75,18.93,68.94,2.87
20120615,29.93,1.27,62.21,3.03
20120616,29.6,4.82,64.67,3.59
20120617,27.86,10.92,66.04,4.3
20120618,28.06,0.32,62.13,4.24
20120619,29.36,0.07,60.22,4.61
20120620,28.98,0.0,62.22,4.37
20120621,28.77,0.9,63.04,3.76
20120622,29.09,0.02,62.99,3.77
20120623,30.92,0.0,57.76,2.85
20120624,30.57,0.0,59.37,2.2
20120625,29.86,0.01,63.31,1.92
20120626,29.39,0.97,65.32,1.92
20120627,29.08,0.04,61.7,2.77
20120628,27.75,2.37,67.66,2.94
20120629,28.76,0.03,63.89,3.1
20120630,29.06,0.02,60.67,3.48
20120701,29.08,0.02,58.48,4.25
20120702,28.18,0.74,61.84,3.82
20120703,30.0,0.03,53.4,4.83
20120704,30.7,0.0,54.04,4.17
20120705,31.26,0.0,53.15,3.15
20120706,31.27,0.0,54.42,2.23
20120707,30.97,0.06,55.1,2.89
20120708,30.72,0.01,56.01,2.98
20120709,29.68,1.11,60.22,2.33
20120710,30.16,0.09,56.27,3.65
20120711,30.7,0.16,54.72,4.06
20120712,31.1,0.86,55.45,3.72
20120713,30.66,14.22,61.37,3.17
20120714,27.29,6.67,76.49,2.58
20120715,28.05,2.52,73.14,1.36
20120716,27.92,0.72,72.72,1.38
20120717,28.93,2.22,70.54,1.29
20120718,29.82,0.01,61.5,2.52
20120719,29.72,0.0,59.05,3.79
20120720,30.29,0.0,58.4,3.84
20120721,29.97,0.03,58.65,4.21
20120722,30.4,0.0,57.08,4.44
20120723,30.66,0.0,56.9,3.49
20120724,31.0,0.0,55.43,3.43
20120725,30.85,0.0,56.22,4.21
20120726,31.28,0.01,54.61,4.35
20120727,30.01,0.03,57.8,3.75
20120728,30.86,0.0,54.18,3.46
20120729,30.14,0.0,56.53,3.66
20120730,30.59,0.0,53.63,3.48
20120731,29.96,0.0,54.51,3.71
20120801,31.1,0.0,51.35,3.26
20120802,31.22,0.0,52.27,4.1
20120803,31.4,0.06,51.71,4.1
20120804,31.66,0.01,50.03,4.55
20120805,31.93,0.26,50.4,4.4
20120806,31.76,0.05,49.89,3.99
20120807,31.21,4.72,50.66,3.02
20120808,29.38,4.27,62.23,2.77
20120809,29.28,0.11,62.24,3.8
20120810,29.8,0.17,57.83,3.49
20120811,29.19,8.56,63.39,2.35
20120812,28.45,0.05,68.6,2.26
20120813,29.35,0.17,62.88,2.28
20120814,29.68,2.35,59.59,2.28
20120815,28.83,6.77,66.85,2.63
20120816,28.01,9.77,72.52,2.03
20120817,26.94,5.62,75.11,3.03
20120818,28.26,0.13,65.97,3.76
20120819,30.18,0.01,53.85,3.47
20120820,30.42,0.0,57.44,2.44
20120821,29.31,12.99,67.28,1.72
20120822,29.5,0.41,65.75,1.6
20120823,30.25,1.04,62.38,2.56
20120824,29.53,19.38,67.91,1.72
20120825,28.22,0.3,72.41,2.11
20120826,28.14,0.18,68.11,2.88
20120827,28.49,0.07,61.84,3.56
20120828,28.64,1.5,63.25,2.31
20120829,27.99,1.14,68.62,2.72
20120830,27.4,0.18,71.91,2.4
20120831,28.09,0.44,70.37,3.21
20120901,29.43,0.02,61.27,3.19
20120902,30.19,1.84,59.38,3.4
20120903,28.86,0.15,67.13,2.95
20120904,28.88,0.04,60.8,3.77
20120905,30.44,1.0,59.13,2.08
20120906,30.32,4.0,62.09,1.93
20120907,29.35,5.81,67.77,2.38
20120908,28.48,3.97,68.57,1.73
20120909,27.51,8.08,71.48,2.94
20120910,28.56,0.02,60.56,3.57
20120911,28.58,3.13,60.3,3.14
20120912,29.52,0.09,59.6,2.83
20120913,29.46,0.91,62.84,2.16
20120914,29.81,0.27,63.21,2.2
20120915,29.07,4.67,67.1,2.63
20120916,29.51,0.32,61.27,3.15
20120917,29.94,2.4,64.48,1.87
20120918,29.31,3.69,66.65,2.12
20120919,29.53,0.4,66.34,1.6
20120920,30.62,0.57,60.95,1.89
20120921,29.74,0.97,63.49,1.84
20120922,31.03,0.47,58.66,2.17
20120923,30.71,0.29,57.11,1.79
20120924,30.55,3.2,58.51,1.76
20120925,30.18,0.78,60.49,1.77
20120926,29.51,3.87,65.23,1.65
20120927,27.58,7.9,77.53,1.24
20120928,27.83,17.46,75.91,1.56
20120929,28.05,2.24,72.84,1.45
20120930,28.34,7.56,72.34,1.4
20121001,28.9,0.1,64.74,1.95
20121002,28.97,0.0,63.18,2.0
20121003,30.18,0.0,61.29,1.85
20121004,30.22,0.0,59.13,1.92
20121005,30.47,0.0,59.7,1.79
20121006,29.57,0.07,65.37,1.4
20121007,27.89,11.88,77.51,1.22
20121008,27.88,5.69,77.48,0.83
20121009,26.28,8.09,84.61,1.04
20121010,27.99,0.65,73.18,1.38
20121011,28.67,0.18,70.2,1.38
20121012,27.01,1.77,81.13,1.22
20121013,27.58,1.33,76.03,1.57
20121014,26.76,20.28,81.97,1.75
20121015,26.09,12.86,84.21,1.74
20121016,26.1,10.22,84.08,1.32
20121017,26.47,7.1,81.42,1.81
20121018,26.53,11.88,81.97,2.47
20121019,25.49,24.06,90.67,2.45
20121020,24.49,12.53,90.97,3.84
20121021,25.17,17.7,90.79,2.61
20121022,25.87,9.36,88.37,2.19
20121023,25.82,15.99,89.45,2.45
20121024,25.71,8.25,89.0,1.72
20121025,25.82,1.11,87.03,1.86
20121026,26.18,0.98,84.73,2.35
20121027,26.09,3.1,83.18,2.72
20121028,25.97,12.41,85.76,3.51
20121029,25.59,9.89,86.93,3.02
20121030,24.58,10.07,88.77,2.84
20121031,23.75,32.14,88.84,3.8
20121101,25.29,0.81,89.58,4.11
20121102,26.47,0.0,84.01,2.25
20121103,26.79,0.0,79.18,1.56
20121104,26.1,0.0,81.54,1.4
20121105,26.07,0.0,81.84,1.14
20121106,25.98,0.52,82.89,1.14
20121107,25.93,0.7,85.84,1.12
20121108,25.72,2.55,86.95,1.04
20121109,25.75,0.69,86.2,1.58
20121110,25.77,0.0,85.38,2.02
20121111,25.12,0.0,82.49,2.19
20121112,24.85,0.03,82.98,2.48
20121113,24.29,0.01,80.17,2.72
20121114,23.28,0.0,77.38,2.72
20121115,23.13,0.0,77.03,2.32
20121116,23.14,0.0,73.73,2.57
20121117,24.19,0.0,76.05,2.0
20121118,24.66,0.0,75.14,1.29
20121119,25.56,0.0,71.04,0.98
20121120,25.76,0.0,71.52,1.24
20121121,27.22,0.0,75.47,1.0
20121122,27.63,1.48,78.31,1.01
20121123,26.75,7.95,85.85,1.56
20121124,26.03,1.79,84.22,2.29
20121125,25.32,5.85,89.17,2.79
20121126,25.09,0.47,85.44,2.77
20121127,25.45,0.14,79.52,3.16
20121128,24.72,0.0,76.91,2.9
20121129,24.06,0.0,76.41,2.46
20121130,23.13,0.0,76.63,1.95
20121201,23.67,0.0,74.73,2.22
20121202,24.25,0.12,75.64,2.65
20121203,25.7,2.37,80.87,3.39
20121204,26.47,0.4,82.88,3.08
20121205,26.26,0.2,81.68,2.75
20121206,26.49,4.38,82.09,3.42
20121207,25.82,0.55,80.23,2.77
20121208,25.86,0.01,80.56,2.37
20121209,25.07,0.07,76.74,1.93
20121210,24.33,0.0,77.51,1.88
20121211,24.91,0.0,78.1,1.9
20121212,25.17,0.0,77.48,1.91
20121213,25.31,0.0,75.95,2.11
20121214,24.96,0.0,76.65,2.68
20121215,24.75,0.0,76.52,3.42
20121216,25.05,0.01,72.09,4.07
20121217,25.02,0.0,70.87,4.43
20121218,24.92,0.15,74.25,3.85
20121219,25.15,0.34,75.11,3.22
20121220,25.84,0.05,76.01,3.46
20121221,26.14,0.04,73.64,3.71
20121222,25.42,0.01,71.63,3.74
20121223,25.45,0.01,70.13,3.74
20121224,25.86,0.07,71.82,3.52
20121225,25.91,0.84,74.85,4.19
20121226,26.35,2.8,75.95,4.04
20121227,25.6,3.7,79.9,4.45
20121228,25.18,3.03,86.85,3.43
20121229,26.14,2.87,86.34,3.56
20121230,27.29,0.46,79.12,2.83
20121231,27.23,0.01,73.18,2.77
20130101,26.91,0.0,73.03,2.59
20130102,25.8,0.0,70.0,2.29
20130103,26.44,0.0,73.88,2.44
20130104,27.03,0.0,72.56,1.9
20130105,26.79,0.0,74.02,2.37
20130106,27.08,0.0,73.0,2.7
20130107,26.61,0.38,70.34,3.05
20130108,26.07,5.92,78.7,2.85
20130109,25.84,1.13,75.49,3.07
20130110,26.26,0.14,68.29,3.31
20130111,25.53,0.0,70.35,2.81
20130112,25.12,0.0,68.25,2.93
20130113,24.56,0.0,65.36,2.75
20130114,24.02,0.0,70.68,2.17
20130115,24.72,0.0,70.93,2.58
20130116,25.03,0.0,68.13,2.89
20130117,25.17,0.0,66.4,3.02
20130118,25.47,0.0,66.68,2.99
20130119,25.67,0.01,63.75,2.94
20130120,25.96,0.07,68.6,2.85
20130121,26.74,0.0,63.69,3.26
20130122,25.83,0.0,61.8,3.25
20130123,26.3,0.0,65.47,3.23
20130124,26.59,0.0,63.28,3.28
20130125,25.89,0.0,63.38,3.41
20130126,25.74,0.0,62.67,3.29
20130127,25.99,0.0,64.49,3.18
20130128,26.52,0.0,62.89,2.79
20130129,26.81,0.0,63.43,2.36
20130130,26.7,0.0,65.1,2.94
20130131,26.03,0.0,63.49,3.48
20130201,25.47,0.0,60.22,3.22
20130202,25.73,0.0,63.35,3.04
20130203,25.97,0.0,64.11,3.16
20130204,27.18,0.12,66.15,2.69
20130205,27.44,1.29,69.81,3.02
20130206,28.01,0.06,65.16,3.08
20130207,28.23,0.0,61.6,2.11
20130208,28.78,0.0,62.22,2.05
20130209,28.31,0.0,61.67,2.87
20130210,27.69,0.0,61.6,3.6
20130211,27.84,0.93,63.01,4.06
20130212,28.01,0.6,62.48,3.99
20130213,26.78,2.08,71.6,3.33
20130214,27.11,6.12,71.19,2.38
20130215,26.68,2.1,70.06,2.01
20130216,28.48,0.48,64.38,2.18
20130217,30.05,0.42,59.37,1.92
20130218,29.2,4.13,66.25,2.09
20130219,27.58,3.83,73.36,2.56
20130220,28.2,0.1,64.03,3.08
20130221,27.46,0.0,61.31,3.51
20130222,26.82,0.0,62.92,3.13
20130223,27.28,0.0,61.33,2.86
20130224,27.03,0.0,61.26,2.38
20130225,26.69,0.0,58.38,2.24
20130226,26.65,0.0,57.34,2.56
20130227,27.42,0.0,57.0,2.77
20130228,28.2,0.0,58.31,2.73
20130301,28.25,0.0,55.7,2.9
20130302,27.67,0.0,59.07,3.42
20130303,28.13,0.0,56.13,3.38
20130304,28.19,1.65,64.83,3.68
20130305,27.29,10.63,77.06,3.68
20130306,27.54,4.44,76.27,3.12
20130307,28.44,0.53,71.37,3.7
20130308,28.05,2.01,70.16,2.62
20130309,29.12,0.35,66.37,2.37
20130310,29.63,0.0,61.62,2.21
20130311,29.42,0.01,60.19,2.24
20130312,29.08,0.0,57.05,1.99
20130313,29.44,0.0,54.66,2.03
20130314,28.64,0.0,60.97,2.26
20130315,28.89,0.03,62.7,2.84
20130316,29.39,0.34,60.19,2.93
20130317,30.16,0.0,54.95,2.69
20130318,29.73,0.0,52.91,2.37
20130319,29.73,0.0,56.38,2.19
20130320,30.34,0.0,57.97,2.34
20130321,29.96,0.0,53.18,2.22
20130322,30.37,0.0,48.42,2.33
20130323,30.19,0.0,50.16,2.31
20130324,30.08,0.16,54.52,2.48
20130325,31.02,0.04,51.07,1.84
20130326,31.35,0.07,55.27,2.6
20130327,31.45,0.02,58.61,2.7
20130328,31.79,0.03,57.88,2.7
20130329,32.16,0.08,57.54,2.61
20130330,31.36,0.01,60.27,2.9
20130331,31.14,0.0,61.37,2.71
20130401,31.98,0.0,55.92,2.65
20130402,32.55,0.0,54.51,2.86
20130403,32.15,0.0,54.65,2.78
20130404,32.5,0.0,55.72,2.65
20130405,33.3,0.01,53.16,2.83
20130406,33.62,0.0,49.94,2.63
20130407,33.14,0.0,54.2,3.51
20130408,32.42,0.0,56.72,3.3
20130409,32.13,0.0,58.69,2.99
20130410,32.36,0.0,53.16,3.02
20130411,31.89,0.0,53.6,2.37
20130412,32.32,0.05,53.35,2.78
20130413,32.5,0.08,55.22,2.51
20130414,32.89,0.44,53.6,3.14
20130415,31.76,0.76,58.13,2.23
20130416,33.66,0.28,49.5,2.47
20130417,33.82,0.13,51.81,2.98
20130418,32.24,0.0,51.11,1.66
20130419,33.68,0.0,46.29,2.59
20130420,33.18,0.0,52.0,2.76
20130421,32.74,0.4,52.77,3.18
20130422,32.49,0.06,53.64,3.48
20130423,32.7,0.13,53.1,3.2
20130424,32.14,3.5,56.13,2.12
20130425,31.65,1.0,58.15,2.56
20130426,31.27,0.11,59.25,2.23
20130427,32.17,0.0,54.8,2.39
20130428,33.08,0.06,54.15,2.75
20130429,33.64,1.36,52.19,1.88
20130430,31.98,0.16,61.19,2.73
20130501,31.03,1.11,61.07,2.21
20130502,32.21,0.36,57.41,3.01
20130503,33.14,0.0,53.07,3.03
20130504,33.21,0.32,54.61,2.59
20130505,32.22,0.06,59.06,2.87
20130506,31.55,0.05,60.83,1.88
20130507,32.52,1.91,56.71,2.03
20130508,33.53,0.26,50.73,2.8
20130509,33.63,0.0,47.43,3.03
20130510,33.54,0.0,47.53,2.34
20130511,34.68,0.07,44.89,3.28
20130512,33.43,1.42,49.01,2.55
20130513,30.55,0.09,56.32,2.09
20130514,32.3,0.0,50.03,3.21
20130515,32.98,0.0,46.17,2.53
20130516,31.61,0.0,49.88,3.01
20130517,33.47,0.0,46.38,1.96
20130518,33.65,0.04,47.06,3.13
20130519,34.02,1.0,48.59,2.7
20130520,32.23,0.64,57.74,3.32
20130521,32.5,0.08,46.71,3.72
20130522,33.99,0.0,44.81,3.58
20130523,34.06,0.0,46.44,3.68
20130524,33.44,0.05,50.13,3.59
20130525,31.62,6.4,53.64,4.87
20130526,28.17,0.32,62.55,3.64
20130527,29.3,0.01,63.76,3.47
20130528,28.69,0.02,65.01,3.64
20130529,29.41,0.0,62.6,2.69
20130530,29.94,15.19,64.22,2.13
20130531,28.14,3.95,72.74,2.56
20130601,28.87,0.7,66.03,3.18
20130602,29.07,0.52,62.25,4.73
20130603,30.2,0.09,60.16,3.97
20130604,30.58,0.14,58.4,3.27
20130605,31.45,0.0,54.38,3.08
20130606,30.49,3.38,61.11,2.47
20130607,29.34,0.8,64.41,3.1
20130608,28.26,0.03,65.09,3.23
20130609,29.93,0.01,55.67,4.54
20130610,30.45,0.0,53.74,4.48
20130611,29.78,0.05,57.89,4.99
20130612,29.31,0.01,53.99,5.44
20130613,30.05,0.02,50.36,5.98
20130614,30.78,0.02,55.23,5.8
20130615,31.26,0.42,54.06,5.58
20130616,31.04,0.13,53.99,5.54
20130617,30.17,0.21,53.17,5.06
20130618,30.08,1.52,54.51,4.65
20130619,30.06,1.44,57.69,5.0
20130620,30.16,0.01,55.85,4.84
20130621,30.67,0.89,55.0,5.28
20130622,29.61,0.23,54.59,5.91
20130623,30.71,0.06,52.27,5.96
20130624,30.37,0.37,56.97,5.24
20130625,30.8,0.17,55.77,5.02
20130626,29.94,3.95,59.74,4.06
20130627,29.87,1.34,61.04,3.62
20130628,30.06,0.38,56.56,2.96
20130629,30.95,0.21,52.68,2.67
20130630,30.82,0.06,52.78,3.83
20130701,29.54,0.01,52.25,5.03
20130702,30.23,0.0,49.55,5.29
20130703,29.4,0.01,52.79,5.08
20130704,30.86,0.4,52.69,4.92
20130705,31.02,0.04,52.75,3.8
20130706,30.42,0.5,54.83,4.31
20130707,29.16,1.73,59.83,3.81
20130708,29.99,0.34,55.33,4.18
20130709,29.63,0.05,55.16,5.02
20130710,30.09,0.12,52.62,5.06
20130711,29.88,0.06,50.94,5.29
20130712,30.45,0.01,52.5,4.94
20130713,30.16,0.0,53.26,4.5
20130714,30.76,0.01,53.46,3.66
20130715,30.31,0.0,56.25,4.1
20130716,30.38,0.68,54.64,5.38
20130717,30.33,0.01,51.89,4.77
20130718,30.51,0.12,53.04,5.17
20130719,29.66,1.15,57.27,5.02
20130720,29.69,0.91,57.61,4.54
20130721,29.61,0.34,57.53,5.02
20130722,30.06,0.01,54.34,5.16
20130723,30.13,0.0,52.65,5.68
20130724,30.26,0.07,51.15,6.17
20130725,30.08,0.01,53.26,5.94
20130726,30.12,0.07,52.08,5.19
20130727,30.61,0.08,52.62,4.11
20130728,31.23,0.37,53.92,3.96
20130729,29.28,0.0,52.99,5.32
20130730,30.83,0.0,47.59,4.94
20130731,30.83,0.06,50.24,6.16
20130801,30.48,0.13,53.84,5.8
20130802,30.19,0.03,54.42,5.49
20130803,30.59,0.01,51.74,4.67
20130804,29.16,4.58,59.43,4.72
20130805,28.11,6.39,63.32,5.03
20130806,28.39,0.3,62.04,4.2
20130807,29.16,0.69,60.36,3.51
20130808,29.08,1.53,62.64,2.82
20130809,27.38,9.06,72.04,3.62
20130810,27.47,27.33,77.12,2.69
20130811,27.97,2.13,72.52,2.48
20130812,28.46,0.36,66.75,3.04
20130813,28.5,0.18,65.17,3.06
20130814,28.43,1.16,62.42,4.22
20130815,29.29,0.87,62.47,2.36
20130816,29.18,5.74,65.24,2.65
20130817,29.54,1.1,63.06,2.6
20130818,29.84,0.51,61.85,2.83
20130819,29.39,0.01,61.61,3.15
20130820,29.96,0.01,59.54,3.81
20130821,29.98,0.0,59.36,4.06
20130822,29.52,0.0,59.43,3.98
20130823,30.48,0.0,57.85,3.27
20130824,30.4,0.03,56.14,3.32
20130825,30.05,0.7,58.98,2.62
20130826,29.56,3.9,63.67,2.44
20130827,28.97,12.18,68.46,1.61
20130828,28.48,22.65,75.16,1.72
20130829,28.64,6.62,74.1,1.71
20130830,29.42,0.42,69.16,1.41
20130831,29.37,0.37,70.56,1.32
20130901,28.71,1.17,72.74,1.84
20130902,28.22,2.73,74.16,2.31
20130903,28.48,6.86,71.63,2.59
20130904,27.21,1.66,73.27,2.12
20130905,27.38,20.09,73.23,2.11
20130906,25.24,17.54,84.77,2.22
20130907,27.22,3.11,75.55,2.35
20130908,26.25,11.31,79.59,2.39
20130909,26.32,2.31,76.75,2.64
20130910,27.52,11.25,74.12,2.36
20130911,27.14,6.41,77.71,1.7
20130912,27.03,3.83,78.33,1.92
20130913,27.18,0.12,77.36,2.23
20130914,28.33,0.07,72.41,2.13
20130915,28.1,0.32,73.13,2.44
20130916,28.39,0.33,73.7,2.77
20130917,27.82,6.65,76.09,2.74
20130918,27.76,0.88,72.31,2.71
20130919,28.35,0.16,67.0,3.49
20130920,28.47,0.02,67.87,3.57
20130921,28.12,0.0,70.69,3.01
20130922,28.4,0.0,67.05,2.78
20130923,29.27,0.0,63.23,2.21
20130924,29.65,0.0,63.47,1.96
20130925,29.97,4.44,65.51,1.94
20130926,29.9,0.09,66.53,1.42
20130927,30.12,0.0,64.87,1.66
20130928,29.84,0.0,64.06,1.81
20130929,29.94,0.01,60.44,2.71
20130930,29.84,0.01,60.27,2.33
20131001,30.24,0.12,62.31,2.03
20131002,28.98,0.26,67.81,2.09
20131003,28.32,1.73,71.92,1.46
20131004,28.61,0.03,63.98,1.66
20131005,29.16,0.0,58.08,1.71
20131006,29.47,0.06,61.8,1.54
20131007,29.83,0.22,62.32,1.94
20131008,28.12,21.48,76.65,1.24
20131009,27.36,0.99,73.63,2.08
20131010,27.46,4.31,72.39,1.67
20131011,28.68,0.3,69.04,1.52
20131012,27.89,0.0,64.64,2.81
20131013,29.58,0.0,63.83,2.58
20131014,29.5,0.15,65.79,1.78
20131015,29.01,4.87,72.77,1.5
20131016,28.33,11.87,78.12,1.38
20131017,27.7,4.59,79.86,0.79
20131018,26.67,6.63,82.62,1.12
20131019,26.2,19.53,83.77,0.86
20131020,25.67,11.02,82.1,0.65
20131021,25.88,15.91,82.83,1.26
20131022,26.73,9.21,81.57,1.08
20131023,26.76,0.15,82.39,1.89
20131024,26.93,2.92,80.81,1.38
20131025,27.14,4.36,81.78,1.58
20131026,27.16,1.1,80.49,1.26
20131027,27.79,0.06,76.38,1.27
20131028,27.45,0.35,74.01,1.66
20131029,27.38,0.18,75.39,1.32
20131030,27.4,0.07,76.06,1.48
20131031,26.91,0.28,78.47,1.45
20131101,26.44,0.7,81.58,1.89
20131102,26.07,6.2,87.82,2.01
20131103,26.04,3.24,86.31,2.31
20131104,25.83,5.83,88.06,1.98
20131105,25.91,9.54,86.38,2.81
20131106,26.3,2.28,80.53,3.14
20131107,25.99,0.43,80.51,3.39
20131108,26.15,0.24,73.44,2.95
20131109,25.6,0.24,72.86,2.83
20131110,26.44,1.06,74.24,2.79
20131111,26.84,0.07,74.35,2.96
20131112,26.33,0.29,74.31,2.58
20131113,25.18,0.26,75.5,2.21
20131114,26.4,0.03,73.09,2.5
20131115,25.03,3.99,76.47,3.12
20131116,24.66,32.82,85.97,3.64
20131117,25.48,22.11,87.09,2.16
20131118,25.67,7.62,85.99,2.68
20131119,25.48,2.07,83.96,1.84
20131120,25.77,0.75,78.8,1.53
20131121,26.47,2.16,79.53,0.94
20131122,26.58,0.29,80.2,1.12
20131123,26.49,0.86,81.33,1.42
20131124,24.97,6.03,89.02,0.87
20131125,25.28,0.95,85.69,1.69
20131126,25.89,0.03,79.95,1.73
20131127,24.98,0.01,83.85,1.62
20131128,25.36,0.0,78.3,1.35
20131129,25.1,0.0,78.48,1.72
20131130,25.1,1.94,84.14,2.38
20131201,24.97,8.84,88.04,2.38
20131202,24.21,17.15,89.42,2.06
20131203,24.56,9.55,86.28,2.62
20131204,24.38,5.93,87.66,2.98
20131205,24.73,2.53,83.55,3.37
20131206,24.6,0.11,77.75,3.39
20131207,24.9,0.0,76.35,3.13
20131208,25.88,0.0,78.24,2.81
20131209,25.6,0.0,75.94,1.66
20131210,25.26,0.0,76.5,1.16
20131211,25.91,0.19,70.87,1.2
20131212,25.28,20.93,83.82,2.73
20131213,25.08,9.05,87.66,2.99
20131214,25.27,0.52,85.56,2.09
20131215,24.77,0.05,80.97,2.73
20131216,21.96,0.0,76.72,2.64
20131217,22.41,0.0,79.35,2.85
20131218,23.19,0.0,78.54,2.69
20131219,23.47,0.0,78.0,2.4
20131220,23.54,0.0,78.34,2.39
20131221,23.32,0.0,76.6,2.33
20131222,22.87,0.0,76.17,2.57
20131223,23.79,0.0,73.43,2.81
20131224,24.34,0.0,75.0,3.56
20131225,24.41,0.0,74.53,3.33
20131226,23.7,0.0,76.14,2.77
20131227,23.77,0.0,72.38,2.7
20131228,24.25,0.0,69.51,2.27
20131229,23.63,0.0,67.64,2.67
20131230,23.65,0.0,67.75,2.68
20131231,24.03,0.05,73.03,2.66
20140101,24.31,0.02,73.82,3.09
20140102,24.28,0.0,73.25,3.07
20140103,24.79,0.0,73.91,2.99
20140104,23.86,0.04,76.05,2.81
20140105,24.59,0.51,72.07,3.17
20140106,24.62,0.85,74.48,3.6
20140107,24.93,3.42,75.52,3.72
20140108,24.66,2.04,78.86,3.17
20140109,25.44,0.08,72.96,3.11
20140110,24.84,0.0,71.24,2.51
20140111,24.57,0.0,72.06,2.06
20140112,25.13,0.0,70.8,2.31
20140113,25.43,0.51,73.63,2.65
20140114,25.83,0.41,69.88,2.95
20140115,25.57,0.14,69.33,2.43
20140116,25.72,0.0,71.5,2.56
20140117,25.09,0.0,69.48,2.71
20140118,25.07,0.0,67.27,2.8
20140119,25.06,0.0,73.45,2.84
20140120,25.37,0.0,67.68,3.15
20140121,25.41,0.0,67.27,3.29
20140122,25.41,0.09,67.89,3.14
20140123,25.68,0.04,67.24,2.93
20140124,25.95,0.0,67.3,2.88
20140125,25.38,0.0,67.5,3.0
20140126,24.76,0.0,66.55,3.5
20140127,25.09,0.02,65.67,3.38
20140128,25.38,0.04,62.53,3.18
20140129,25.3,0.0,61.35,3.19
20140130,25.44,0.0,62.04,3.27
20140131,25.98,0.0,65.82,3.18
20140201,26.37,0.07,67.56,3.4
20140202,26.01,0.3,68.89,3.5
20140203,25.51,0.01,64.9,2.79
20140204,25.3,0.0,63.74,2.33
20140205,25.12,0.0,61.57,2.28
20140206,25.26,0.0,63.35,2.36
20140207,25.26,0.0,61.69,2.39
20140208,25.54,0.0,61.41,2.35
20140209,25.75,0.0,57.86,1.7
20140210,26.47,0.0,57.03,2.17
20140211,26.82,0.0,58.22,1.96
20140212,27.27,0.0,57.64,1.75
20140213,27.84,0.0,60.4,2.1
20140214,28.32,0.0,58.17,2.0
20140215,28.78,0.02,56.81,1.68
20140216,29.04,0.02,60.58,2.19
20140217,29.5,0.0,62.11,2.56
20140218,28.45,0.0,62.06,3.55
20140219,28.33,0.0,61.21,3.16
20140220,28.22,0.0,60.6,3.18
20140221,27.83,0.02,57.58,2.96
20140222,27.94,0.01,55.96,2.7
20140223,27.59,0.0,55.94,2.88
20140224,26.93,4.55,71.65,4.0
20140225,27.32,0.31,66.19,3.54
20140226,27.78,0.0,57.36,2.79
20140227,27.85,0.5,61.39,2.45
20140228,28.67,0.09,59.75,2.49
20140301,28.61,0.01,58.5,2.91
20140302,28.64,0.0,59.01,2.62
20140303,29.23,0.03,57.64,3.11
20140304,29.22,0.24,58.87,3.23
20140305,28.95,0.06,59.69,3.43
20140306,29.37,0.05,57.4,3.16
20140307,28.59,0.02,59.41,3.17
20140308,28.56,0.03,60.25,3.26
20140309,28.54,0.0,58.61,3.55
20140310,29.12,0.0,56.67,3.4
20140311,28.49,0.0,56.92,3.64
20140312,28.17,0.0,56.07,3.15
20140313,27.69,0.0,61.79,2.96
20140314,27.98,0.0,58.63,2.97
20140315,27.74,0.0,57.04,2.97
20140316,28.39,0.0,57.39,3.2
20140317,29.08,0.0,58.96,3.26
20140318,30.11,0.0,54.92,3.21
20140319,30.01,0.0,59.19,2.97
20140320,31.14,0.01,56.64,2.52
20140321,31.14,0.01,53.08,2.08
20140322,31.16,0.0,53.3,2.1
20140323,30.76,0.0,52.8,2.43
20140324,30.11,0.0,53.4,2.36
20140325,29.64,0.0,54.08,2.45
20140326,29.24,0.0,56.61,3.0
20140327,29.35,0.0,55.74,2.43
20140328,28.95,0.0,52.75,2.08
20140329,30.34,0.0,47.61,2.14
20140330,30.41,0.0,44.39,1.91
20140331,31.31,0.0,39.73,2.09
20140401,31.85,0.0,50.64,2.11
20140402,31.92,0.0,51.81,2.24
20140403,30.94,0.0,56.18,2.09
20140404,31.07,0.0,54.17,2.34
20140405,31.63,0.0,56.18,2.65
20140406,31.36,0.0,56.79,2.75
20140407,31.24,0.01,55.73,2.19
20140408,32.33,0.0,51.01,2.51
20140409,32.66,0.0,51.88,2.26
20140410,32.09,0.01,54.98,2.85
20140411,32.54,0.03,50.06,2.11
20140412,33.16,0.04,49.61,2.42
20140413,32.35,0.0,53.77,2.73
20140414,31.03,0.0,59.34,2.28
20140415,30.52,0.17,57.42,2.04
20140416,32.09,0.0,50.1,2.29
20140417,32.81,0.0,50.84,2.39
20140418,32.59,0.01,53.56,2.28
20140419,31.01,0.0,57.45,1.75
20140420,31.72,0.0,51.96,2.02
20140421,31.67,0.0,53.16,2.14
20140422,31.0,0.0,56.82,2.22
20140423,31.48,1.9,56.66,2.37
20140424,32.48,0.22,54.36,2.41
20140425,32.67,0.01,56.31,2.56
20140426,31.62,0.0,60.68,2.11
20140427,31.62,0.08,62.98,2.46
20140428,31.91,0.05,59.35,1.85
20140429,30.91,0.09,57.85,2.26
20140430,31.24,3.22,50.15,2.55
20140501,30.34,1.19,59.06,1.91
20140502,31.29,0.57,59.06,2.75
20140503,31.22,0.98,60.71,2.59
20140504,29.83,7.18,68.72,2.46
20140505,28.32,8.51,76.66,2.06
20140506,26.74,27.75,86.16,2.54
20140507,26.91,39.57,86.58,3.39
20140508,27.99,8.7,79.42,4.42
20140509,29.44,0.42,74.82,3.16
20140510,29.68,0.0,71.65,2.13
20140511,29.27,0.25,73.56,1.89
20140512,29.79,4.91,74.91,1.53
20140513,29.59,3.65,74.63,1.6
20140514,30.27,0.28,67.73,1.9
20140515,29.07,0.01,67.47,2.17
20140516,30.7,0.0,60.06,2.5
20140517,30.9,0.03,58.53,2.48
20140518,30.99,0.0,61.55,1.9
20140519,31.04,0.01,65.17,1.95
20140520,30.45,11.21,71.0,1.75
20140521,30.44,3.51,64.87,2.41
20140522,31.31,0.36,62.87,2.46
20140523,30.3,2.1,67.91,2.23
20140524,29.54,8.95,73.19,2.23
20140525,29.15,0.11,69.61,3.06
20140526,30.42,4.7,66.89,2.23
20140527,29.92,0.44,70.67,2.06
20140528,30.14,3.07,72.04,2.22
20140529,29.82,0.63,72.05,1.93
20140530,30.78,0.05,65.4,2.14
20140531,31.8,0.0,62.37,2.39
20140601,31.57,2.47,66.64,2.09
20140602,30.4,5.78,69.93,2.02
20140603,28.05,0.46,73.39,2.04
20140604,30.31,0.0,64.68,2.09
20140605,30.75,0.26,63.69,1.99
20140606,30.59,0.09,65.3,2.4
20140607,30.97,0.04,61.25,4.07
20140608,31.73,0.01,55.88,3.73
20140609,29.73,0.01,66.58,2.65
20140610,30.08,0.01,64.9,3.21
20140611,30.79,0.02,58.52,3.92
20140612,30.63,0.01,59.73,3.71
20140613,30.26,0.01,57.85,4.02
20140614,30.44,1.33,60.33,3.67
20140615,31.1,0.0,53.34,4.03
20140616,30.47,0.0,58.28,4.15
20140617,31.24,0.01,56.99,4.58
20140618,30.79,0.24,59.38,4.55
20140619,30.39,0.04,60.96,4.32
20140620,30.47,0.07,61.96,3.77
20140621,30.76,1.47,59.24,4.78
20140622,30.23,1.72,58.74,3.86
20140623,31.07,0.02,57.03,3.9
20140624,31.89,0.0,56.23,4.29
20140625,31.15,0.0,55.83,4.29
20140626,31.12,0.0,58.18,2.58
20140627,31.08,0.0,61.78,2.06
20140628,30.09,2.21,68.29,1.69
20140629,30.83,1.24,63.07,2.0
20140630,30.44,8.44,62.72,2.42
20140701,29.12,2.02,70.64,2.62
20140702,30.42,0.03,60.63,3.4
20140703,30.81,0.0,56.83,3.52
20140704,31.53,0.32,56.02,3.98
20140705,30.8,1.45,61.72,3.11
20140706,30.37,4.26,57.57,3.28
20140707,29.4,4.85,60.95,3.84
20140708,28.92,0.08,59.85,4.1
20140709,30.07,0.06,52.65,4.48
20140710,30.04,0.07,55.49,5.17
20140711,29.53,0.02,58.7,4.54
20140712,29.99,0.01,58.49,5.12
20140713,30.09,0.12,55.1,6.06
20140714,30.11,0.13,55.16,5.77
20140715,30.09,0.32,54.78,5.18
20140716,30.39,0.01,54.85,4.61
20140717,30.8,0.0,55.05,3.8
20140718,31.02,0.01,52.13,4.39
20140719,30.98,0.05,52.37,5.04
20140720,31.14,0.14,53.31,5.21
20140721,30.54,0.2,56.15,5.06
20140722,30.45,0.02,54.17,5.27
20140723,30.06,0.4,53.98,5.8
20140724,30.88,0.02,48.27,5.49
20140725,30.29,0.01,53.15,5.17
20140726,31.31,0.27,50.31,5.06
20140727,30.64,0.05,54.77,4.75
20140728,30.22,0.0,55.37,5.03
20140729,31.27,0.0,50.46,5.14
20140730,31.69,0.09,50.49,5.18
20140731,31.31,0.53,51.84,4.72
20140801,31.06,0.3,55.43,4.82
20140802,30.55,0.03,55.1,4.6
20140803,30.71,0.46,55.46,4.63
20140804,30.42,0.61,52.24,5.31
20140805,30.79,0.12,51.64,5.13
20140806,30.89,0.34,51.68,4.33
20140807,30.6,0.15,52.77,3.88
20140808,30.62,2.87,53.43,3.52
20140809,29.14,5.1,61.41,2.46
20140810,29.15,2.43,62.66,2.83
20140811,28.96,0.72,62.81,2.65
20140812,28.37,0.09,66.31,2.31
20140813,28.53,0.15,62.74,2.69
20140814,28.85,0.66,62.4,2.74
20140815,28.14,2.28,67.55,2.23
20140816,27.6,13.77,71.81,1.99
20140817,27.73,3.42,72.27,1.56
20140818,27.3,36.25,78.39,1.54
20140819,27.9,3.95,76.32,1.44
20140820,29.03,0.27,69.99,1.91
20140821,29.64,0.03,68.77,2.04
20140822,28.86,4.93,72.74,2.01
20140823,28.13,9.56,74.12,3.66
20140824,28.08,3.97,73.98,2.41
20140825,28.71,0.04,66.49,1.77
20140826,28.62,0.0,65.27,2.68
20140827,28.49,0.0,64.92,3.17
20140828,28.88,0.01,62.92,3.51
20140829,29.11,0.1,62.95,3.76
20140830,29.1,0.24,61.76,4.6
20140831,28.98,0.17,61.3,4.37
20140901,29.1,0.09,64.79,3.41
20140902,29.17,3.23,66.69,2.74
20140903,28.17,0.63,66.19,2.88
20140904,29.52,0.04,61.9,1.88
20140905,29.01,3.16,62.09,3.04
20140906,28.95,0.26,59.59,3.54
20140907,28.18,0.49,63.29,3.76
20140908,29.62,0.03,60.16,3.16
20140909,29.47,1.04,61.36,2.9
20140910,30.19,0.15,58.64,2.32
20140911,30.82,0.0,56.73,2.19
20140912,29.24,8.73,64.57,2.34
20140913,28.62,0.02,65.79,2.09
20140914,29.48,1.24,64.95,2.12
20140915,29.37,0.39,62.92,2.76
20140916,29.07,0.07,62.08,3.28
20140917,30.74,0.04,57.45,3.41
20140918,30.23,0.0,57.12,3.49
20140919,30.79,0.21,57.42,2.63
20140920,30.85,0.14,56.26,2.53
20140921,30.05,0.3,61.5,1.94
20140922,30.22,4.46,65.94,1.26
20140923,30.13,7.18,69.8,0.82
20140924,29.72,2.97,70.76,1.52
20140925,28.64,3.89,74.56,1.75
20140926,28.03,3.45,77.31,1.65
20140927,27.8,5.75,77.7,1.41
20140928,27.7,5.24,76.39,1.48
20140929,27.99,5.41,76.57,1.37
20140930,27.65,7.12,78.15,1.67
20141001,28.73,1.1,69.8,1.3
20141002,29.39,0.05,65.24,2.01
20141003,29.14,0.0,65.34,1.31
20141004,29.15,0.74,68.23,0.97
20141005,29.18,2.42,70.64,1.24
20141006,29.09,4.58,70.82,1.58
20141007,28.02,5.1,73.31,2.0
20141008,28.23,5.29,72.75,1.31
20141009,28.55,2.64,73.51,1.52
20141010,28.35,0.6,76.84,1.01
20141011,29.39,0.05,59.88,2.81
20141012,28.78,0.17,61.79,1.96
20141013,29.35,0.12,67.06,1.86
20141014,28.52,0.6,76.34,1.81
20141015,27.46,6.2,80.34,1.81
20141016,27.9,7.24,71.48,2.26
20141017,25.94,26.46,81.71,1.37
20141018,25.41,18.91,87.13,3.11
20141019,25.12,22.43,85.86,2.75
20141020,25.63,15.32,83.78,2.56
20141021,25.22,7.77,84.38,2.48
20141022,25.91,9.07,83.39,2.38
20141023,25.85,6.76,84.9,1.8
20141024,26.24,1.87,80.97,1.22
20141025,26.54,26.29,85.34,1.28
20141026,26.02,6.98,87.9,0.64
20141027,26.38,5.56,85.51,1.31
20141028,26.37,4.0,83.58,1.15
20141029,25.55,7.24,88.62,1.45
20141030,25.48,1.6,87.74,2.16
20141031,25.0,0.01,82.51,1.97
20141101,24.93,26.77,86.49,1.54
20141102,24.94,10.63,88.65,1.92
20141103,24.49,10.15,86.1,1.7
20141104,24.14,2.48,85.05,1.4
20141105,25.38,0.02,75.62,1.65
20141106,24.69,0.0,69.09,1.74
20141107,25.59,0.0,70.5,1.08
20141108,25.84,0.0,78.36,0.8
20141109,26.44,0.71,80.96,0.89
20141110,26.48,0.6,83.43,1.51
20141111,26.23,4.86,85.68,2.08
20141112,25.65,7.06,86.91,2.79
20141113,24.85,14.91,90.42,1.5
20141114,25.92,5.94,89.47,2.22
20141115,25.92,3.77,86.51,2.66
20141116,25.25,1.44,87.04,2.6
20141117,24.98,4.06,84.94,3.14
20141118,24.95,8.78,87.47,3.3
20141119,25.3,4.63,86.92,3.39
20141120,25.02,2.5,84.76,3.28
20141121,24.54,7.51,88.55,2.71
20141122,24.92,3.58,86.28,2.66
20141123,24.63,2.23,87.54,2.81
20141124,24.51,1.19,84.31,3.54
20141125,23.37,0.22,84.05,3.03
20141126,23.73,0.87,83.77,2.99
20141127,23.61,11.05,86.3,2.77
20141128,21.99,10.2,86.31,2.52
20141129,21.98,6.51,83.98,2.91
20141130,22.74,3.4,86.0,4.04
20141201,23.77,7.83,88.13,3.54
20141202,24.29,0.24,84.05,3.35
20141203,23.48,0.0,79.34,2.51
20141204,22.53,0.0,82.15,2.12
20141205,22.33,0.0,81.81,2.11
20141206,23.3,0.0,83.0,2.58
20141207,24.62,0.36,85.92,2.36
20141208,25.12,0.45,86.32,2.33
20141209,25.01,0.94,86.53,1.99
20141210,24.91,3.79,89.28,2.09
20141211,24.9,0.42,86.62,1.93
20141212,24.83,1.97,87.48,2.25
20141213,24.83,0.94,86.72,2.48
20141214,25.15,0.35,85.18,2.46
20141215,25.16,0.04,83.41,2.49
20141216,25.71,1.87,85.9,3.53
20141217,25.03,7.12,87.02,3.83
20141218,24.51,4.33,88.48,3.66
20141219,24.64,2.51,86.84,3.93
20141220,23.17,0.29,85.31,3.01
20141221,23.88,0.06,81.72,2.88
20141222,24.2,0.06,82.48,3.32
20141223,25.02,0.49,81.45,3.05
20141224,24.97,0.54,82.43,3.35
20141225,24.65,0.02,79.33,3.2
20141226,23.12,0.01,73.82,3.01
20141227,23.39,1.27,76.68,3.1
20141228,23.2,5.49,87.11,2.85
20141229,24.95,3.42,81.46,3.14
20141230,25.99,0.09,76.98,2.35
20141231,25.38,2.56,82.18,1.34
20150101,25.98,2.88,83.32,2.71
20150102,25.69,0.02,80.58,1.61
20150103,25.29,0.0,78.94,1.38
20150104,25.7,0.0,79.38,1.86
20150105,25.29,0.0,78.58,2.26
20150106,25.09,0.0,77.43,2.25
20150107,24.52,0.0,76.9,2.19
20150108,24.83,0.0,77.42,1.73
20150109,24.53,0.0,78.35,2.31
20150110,23.69,0.0,71.07,2.79
20150111,22.55,0.0,72.48,2.92
20150112,22.65,0.0,70.21,2.87
20150113,22.73,0.0,72.04,2.68
20150114,23.14,0.0,69.56,2.51
20150115,23.1,0.0,70.19,2.32
20150116,24.5,0.22,76.73,2.47
20150117,24.92,0.16,76.49,2.88
20150118,24.43,0.0,73.95,2.84
20150119,23.93,0.02,71.65,2.77
20150120,23.7,0.0,72.91,2.51
20150121,23.43,0.0,73.02,2.81
20150122,24.15,0.0,75.65,2.8
20150123,25.51,2.03,76.73,2.78
20150124,25.49,0.25,75.54,3.03
20150125,25.18,0.03,67.68,3.14
20150126,24.55,0.0,72.29,3.14
20150127,25.0,0.0,73.03,3.15
20150128,25.62,0.0,72.54,2.99
20150129,25.99,0.0,70.27,2.71
20150130,26.09,0.0,68.12,2.82
20150131,25.45,0.0,66.25,3.19
20150201,25.2,0.0,70.64,3.05
20150202,24.81,0.0,68.61,3.33
20150203,25.26,0.02,68.06,3.71
20150204,24.42,0.95,73.38,3.26
20150205,25.68,0.33,68.63,3.32
20150206,25.33,0.0,69.54,2.96
20150207,25.6,0.0,66.55,2.88
20150208,25.73,0.0,64.58,2.72
20150209,25.71,0.0,66.22,3.0
20150210,25.35,0.01,69.3,3.15
20150211,26.48,0.0,70.31,3.12
20150212,27.17,0.0,67.92,3.36
20150213,27.57,0.0,65.42,2.81
20150214,27.02,0.0,63.63,2.43
20150215,26.46,0.0,62.65,2.42
20150216,26.23,0.0,62.1,2.38
20150217,26.04,0.0,60.07,1.97
20150218,25.94,0.0,58.47,2.06
20150219,26.27,0.0,57.47,2.08
20150220,25.88,0.0,61.92,2.84
20150221,26.26,0.0,63.11,3.19
20150222,26.24,0.0,61.16,3.25
20150223,26.34,0.0,59.13,3.03
20150224,26.78,0.01,60.8,2.86
20150225,28.08,0.01,63.04,2.66
20150226,28.88,1.47,63.42,1.99
20150227,29.16,0.95,64.02,1.78
20150228,29.14,0.12,64.21,2.53
20150301,29.25,0.0,62.78,2.95
20150302,29.7,0.0,62.63,2.54
20150303,29.86,0.04,57.59,2.59
20150304,30.01,0.05,55.13,1.84
20150305,29.68,0.02,63.07,2.5
20150306,30.35,0.13,59.31,2.43
20150307,29.91,0.63,58.44,2.81
20150308,28.98,0.0,60.9,2.76
20150309,29.11,0.01,60.78,2.74
20150310,28.38,0.0,56.86,3.02
20150311,28.11,0.0,60.02,3.13
20150312,29.16,0.0,60.05,3.65
20150313,29.24,0.03,59.6,3.59
20150314,28.66,2.19,63.07,2.94
20150315,28.69,1.42,67.08,2.72
20150316,29.25,1.2,62.41,3.09
20150317,28.55,1.0,58.61,2.17
20150318,28.58,0.0,53.61,1.75
20150319,28.99,0.0,50.42,1.91
20150320,28.97,0.0,59.68,2.38
20150321,29.28,0.0,56.19,2.66
20150322,29.95,0.0,55.42,2.13
20150323,30.6,0.0,53.72,1.98
20150324,30.52,0.0,57.22,2.55
20150325,30.18,0.0,54.71,2.66
20150326,30.06,0.0,56.46,2.71
20150327,30.2,0.01,56.23,3.08
20150328,30.16,0.17,60.31,2.89
20150329,30.82,0.13,57.46,2.88
20150330,31.09,0.01,56.15,2.74
20150331,30.69,0.18,59.97,2.39
20150401,30.94,4.35,59.59,2.32
20150402,30.95,1.19,61.32,2.21
20150403,32.42,0.2,55.19,2.14
20150404,32.51,0.26,56.13,2.43
20150405,32.08,0.0,57.79,3.12
20150406,31.7,0.0,57.71,2.69
20150407,30.56,0.0,62.08,2.41
20150408,29.99,0.12,60.42,1.63
20150409,29.95,0.2,61.02,2.37
20150410,30.58,0.37,62.44,2.18
20150411,31.44,0.77,58.49,2.5
20150412,29.56,5.27,65.4,1.85
20150413,28.26,10.62,69.98,2.08
20150414,28.63,4.58,65.92,1.36
20150415,27.83,14.92,75.58,2.13
20150416,27.43,17.58,78.8,1.58
20150417,28.42,16.42,72.7,1.33
20150418,28.88,9.18,71.03,1.31
20150419,29.93,0.16,66.97,1.39
20150420,29.87,1.5,66.78,1.95
20150421,28.38,1.96,73.46,1.68
20150422,27.71,0.65,78.09,1.27
20150423,29.97,1.13,67.76,2.19
20150424,29.68,7.7,70.23,1.94
20150425,28.23,8.65,69.59,1.55
20150426,29.28,1.77,63.91,1.94
20150427,29.3,0.99,68.23,1.78
20150428,30.08,0.09,65.39,1.59
20150429,30.64,0.12,63.17,2.37
20150430,30.86,0.16,64.65,2.03
20150501,30.34,0.01,66.7,2.02
20150502,30.53,0.01,65.07,2.02
20150503,30.5,0.01,66.65,1.73
20150504,29.7,1.41,71.5,2.13
20150505,29.68,2.72,67.78,1.55
20150506,29.08,2.42,71.47,1.47
20150507,28.7,3.28,74.54,1.85
20150508,29.77,4.7,69.91,1.44
20150509,29.36,5.69,74.38,1.03
20150510,29.84,1.64,66.34,1.89
20150511,28.52,13.41,66.56,1.64
20150512,28.7,15.93,66.01,1.21
20150513,26.62,19.3,81.89,1.64
20150514,27.87,24.75,77.52,1.27
20150515,27.72,15.69,84.24,0.8
20150516,27.09,12.44,90.04,2.47
20150517,26.73,3.69,88.69,3.21
20150518,28.58,0.88,77.99,2.49
20150519,28.46,0.01,79.53,2.79
20150520,29.01,0.0,75.69,2.86
20150521,29.74,0.0,71.59,3.13
20150522,29.51,0.0,73.33,3.21
20150523,29.04,0.0,75.49,2.98
20150524,29.65,0.0,68.67,2.68
20150525,30.38,0.0,68.48,2.22
20150526,30.39,0.0,68.53,2.74
20150527,28.34,8.78,72.57,3.12
20150528,28.46,10.64,67.69,2.92
20150529,29.43,0.58,71.13,1.91
20150530,29.36,3.27,75.84,2.29
20150531,29.12,2.34,75.12,2.38
20150601,29.01,0.54,72.49,2.34
20150602,28.63,7.23,74.73,1.85
20150603,29.22,0.83,74.33,1.54
20150604,28.87,2.92,76.95,1.37
20150605,27.3,28.18,86.71,1.22
20150606,28.78,1.21,75.54,1.27
20150607,29.28,0.01,73.23,2.5
20150608,28.77,0.55,71.32,2.71
20150609,28.62,0.29,71.93,2.08
20150610,27.85,2.6,78.35,1.91
20150611,28.71,5.22,75.1,2.27
20150612,28.08,0.02,73.8,2.82
20150613,28.38,11.18,73.49,2.57
20150614,28.65,0.17,68.81,3.2
20150615,28.76,0.09,65.28,3.72
20150616,27.49,0.32,67.86,3.66
20150617,27.41,0.26,68.66,3.55
20150618,28.25,1.6,69.02,3.55
20150619,28.55,0.97,68.07,4.18
20150620,29.24,0.09,67.2,4.35
20150621,29.0,0.21,65.93,4.57
20150622,29.78,0.01,65.32,4.11
20150623,28.78,1.19,72.24,3.26
20150624,29.61,0.1,67.82,3.62
20150625,29.35,0.01,70.29,3.58
20150626,28.49,0.05,63.12,5.11
20150627,29.44,0.56,59.99,4.15
20150628,29.96,0.36,66.05,3.05
20150629,29.03,1.27,67.98,3.7
20150630,29.95,4.61,58.93,3.07
20150701,29.23,2.59,69.98,2.71
20150702,30.23,0.0,64.26,2.91
20150703,30.55,0.03,63.02,3.07
20150704,30.25,0.01,64.53,3.54
20150705,30.79,0.0,61.75,4.05
20150706,30.47,0.0,58.55,5.14
20150707,29.24,0.0,61.46,4.52
20150708,30.07,0.01,60.02,4.03
20150709,30.82,0.0,59.43,4.04
20150710,29.73,0.0,65.02,4.01
20150711,29.93,0.24,63.84,4.06
20150712,30.37,0.25,59.92,3.07
20150713,30.84,0.1,59.42,3.31
20150714,31.26,0.02,58.18,3.47
20150715,30.06,0.0,63.72,3.59
20150716,30.19,0.03,60.15,4.08
20150717,29.43,0.06,59.25,5.08
20150718,29.75,0.1,57.77,5.21
20150719,28.13,0.32,61.14,4.61
20150720,29.22,0.0,61.16,4.1
20150721,29.71,4.28,63.77,3.54
20150722,29.25,1.11,65.81,3.0
20150723,29.15,1.76,64.18,2.21
20150724,29.13,0.33,63.84,2.96
20150725,29.17,0.83,62.22,2.75
20150726,29.1,0.07,59.27,2.95
20150727,29.86,0.52,57.33,2.5
20150728,30.03,2.71,59.71,2.58
20150729,29.27,1.79,65.88,1.98
20150730,29.84,0.0,59.52,2.45
20150731,30.68,0.02,56.08,2.48
20150801,30.21,0.3,59.77,2.16
20150802,29.76,0.4,60.24,2.47
20150803,28.86,5.36,66.85,2.77
20150804,29.91,0.14,61.61,2.89
20150805,29.7,0.02,56.98,3.85
20150806,30.69,0.03,54.86,3.98
20150807,30.17,0.1,57.76,3.94
20150808,30.61,0.01,58.74,3.13
20150809,30.82,0.02,57.11,4.18
20150810,30.56,0.9,56.56,4.04
20150811,30.11,0.06,60.55,3.05
20150812,30.37,0.03,57.73,3.72
20150813,30.61,0.04,57.91,3.81
20150814,31.49,0.39,54.75,3.24
20150815,31.75,0.74,55.98,2.4
20150816,27.3,39.73,81.14,2.15
20150817,28.61,6.95,72.44,1.72
20150818,28.79,3.46,72.33,2.08
20150819,28.35,1.81,73.52,2.98
20150820,28.93,0.0,67.52,3.2
20150821,29.59,2.37,67.09,2.27
20150822,28.18,13.53,75.58,1.7
20150823,28.95,1.37,65.37,2.29
20150824,29.9,0.02,58.41,2.56
20150825,30.58,0.0,56.35,2.64
20150826,29.93,0.0,59.74,2.6
20150827,29.73,0.17,61.41,2.75
20150828,30.4,0.02,57.87,2.79
20150829,31.34,0.0,58.01,2.32
20150830,31.23,0.03,58.0,2.08
20150831,31.46,0.01,57.2,2.14
20150901,30.61,2.78,65.03,1.3
20150902,28.88,5.76,73.61,1.5
20150903,28.25,5.55,73.02,0.92
20150904,28.53,0.49,71.68,1.45
20150905,28.68,3.64,71.13,2.99
20150906,27.75,4.3,76.18,3.39
20150907,27.08,0.42,75.01,3.1
20150908,29.15,0.03,59.89,3.3
20150909,29.03,2.01,62.05,3.19
20150910,29.24,0.35,64.61,2.59
20150911,28.72,0.01,67.52,2.56
20150912,30.0,0.3,62.03,2.56
20150913,29.99,0.0,60.45,2.78
20150914,30.68,0.0,55.3,4.0
20150915,29.87,0.01,59.84,3.81
20150916,30.62,0.04,59.12,4.33
20150917,30.35,0.35,57.02,3.8
20150918,30.46,0.13,58.78,2.71
20150919,30.34,0.01,60.25,2.52
20150920,30.1,0.05,63.03,2.04
20150921,29.32,0.05,60.47,2.02
20150922,30.9,0.36,61.61,1.8
20150923,29.74,0.92,68.65,1.24
20150924,29.41,1.23,66.68,2.88
20150925,30.29,0.78,65.1,2.1
20150926,31.29,0.56,61.42,2.15
20150927,28.61,27.48,75.04,1.28
20150928,28.4,8.25,75.24,1.45
20150929,26.78,27.86,84.65,2.04
20150930,26.57,7.97,82.08,1.55
20151001,26.64,6.06,82.24,2.39
20151002,27.31,20.99,81.1,2.79
20151003,28.6,2.1,74.47,1.53
20151004,27.08,3.89,84.09,1.23
20151005,26.37,14.55,85.8,1.11
20151006,27.71,11.56,73.94,2.04
20151007,27.54,15.53,78.41,1.73
20151008,27.12,2.77,81.14,2.03
20151009,27.19,0.13,75.87,1.8
20151010,27.74,2.39,77.12,1.71
20151011,27.49,8.89,79.94,1.18
20151012,26.7,10.8,86.78,1.06
20151013,27.43,0.49,79.36,1.14
20151014,27.7,0.47,75.96,1.28
20151015,27.5,0.14,74.12,1.28
20151016,27.35,0.0,74.16,1.63
20151017,27.26,0.07,76.84,2.09
20151018,27.14,5.44,83.58,2.04
20151019,27.13,4.32,85.33,1.59
20151020,27.66,0.76,79.66,1.74
20151021,27.84,0.26,76.13,1.93
20151022,27.7,0.01,73.04,1.9
20151023,27.76,0.14,70.68,1.9
20151024,27.33,4.35,79.46,2.4
20151025,26.8,0.69,72.71,2.96
20151026,26.92,0.18,70.62,2.57
20151027,26.65,3.49,76.6,2.21
20151028,26.14,16.22,83.09,1.72
20151029,26.48,1.05,77.86,2.13
20151030,26.03,8.12,83.5,1.86
20151031,25.77,7.7,89.26,1.82
20151101,25.97,16.18,87.01,2.22
20151102,25.72,15.84,87.1,1.17
20151103,26.14,7.59,84.8,1.27
20151104,26.35,19.49,85.16,1.44
20151105,26.29,17.23,86.72,1.27
20151106,25.81,9.76,87.6,2.12
20151107,25.6,15.51,90.08,2.39
20151108,25.09,20.73,92.92,2.02
20151109,25.02,19.3,91.18,2.71
20151110,26.59,7.5,82.84,2.48
20151111,25.71,2.06,86.27,1.14
20151112,26.3,2.86,85.94,1.34
20151113,24.78,9.15,91.94,1.85
20151114,24.33,7.2,91.39,2.42
20151115,24.75,23.49,91.39,2.3
20151116,25.1,5.86,89.7,2.24
20151117,25.82,1.21,86.69,1.06
20151118,25.23,3.39,94.67,2.35
20151119,25.64,2.87,93.16,2.11
20151120,25.42,11.44,91.46,1.94
20151121,25.11,6.36,89.32,2.39
20151122,25.32,30.3,93.24,2.62
20151123,25.46,10.21,91.44,1.57
20151124,25.84,1.83,89.82,2.62
20151125,24.42,0.03,86.51,2.45
20151126,24.0,0.54,88.43,2.17
20151127,24.86,1.25,89.41,2.37
20151128,24.1,0.4,89.04,2.38
20151129,24.38,22.91,92.98,2.42
20151130,24.5,13.68,91.43,2.56
20151201,24.68,10.41,93.45,2.54
20151202,24.73,10.66,94.26,1.66
20151203,24.3,11.02,91.16,3.56
20151204,24.84,7.23,91.89,3.45
20151205,24.88,12.6,93.22,3.49
20151206,25.09,13.75,95.38,3.11
20151207,25.11,10.98,92.41,3.63
20151208,23.82,25.9,92.64,3.76
20151209,24.47,3.05,92.6,2.43
20151210,25.44,5.02,92.53,2.39
20151211,25.42,2.34,90.33,2.07
20151212,25.45,1.44,89.62,1.8
20151213,25.51,0.06,86.29,1.2
20151214,25.47,3.6,90.33,2.02
20151215,24.85,0.13,87.91,2.04
20151216,23.24,0.01,87.33,1.95
20151217,24.06,0.02,88.53,1.84
20151218,24.79,3.61,89.89,2.28
20151219,24.84,2.77,89.65,2.34
20151220,24.48,0.75,88.93,2.38
20151221,22.97,0.02,85.05,1.7
20151222,22.9,0.0,86.71,1.69
20151223,23.75,0.0,86.92,2.07
20151224,23.38,0.0,86.86,2.0
20151225,23.3,0.0,86.77,2.36
20151226,23.52,0.02,87.82,2.98
20151227,24.13,2.0,87.8,3.45
20151228,23.75,1.25,88.06,3.77
20151229,23.67,0.23,87.47,3.42
20151230,23.27,0.0,85.68,2.78
20151231,22.94,0.0,85.38,2.9
20160101,22.39,0.0,84.14,2.89
20160102,22.13,0.0,84.36,2.89
20160103,21.41,0.0,84.85,2.4
20160104,21.77,0.0,84.87,2.29
20160105,22.68,0.04,85.21,2.5
20160106,23.22,0.08,84.85,2.8
20160107,23.03,0.0,85.49,2.48
20160108,22.65,0.0,85.55,2.34
20160109,22.68,0.0,84.73,2.19
20160110,22.32,0.0,85.06,2.43
20160111,22.22,0.0,83.67,2.42
20160112,21.88,0.0,83.01,2.32
20160113,22.04,0.0,84.41,1.95
20160114,21.31,0.0,83.11,2.02
20160115,21.4,0.0,82.98,1.89
20160116,22.09,0.0,83.45,2.01
20160117,22.33,0.0,83.0,1.83
20160118,22.73,0.0,83.49,1.77
20160119,24.17,0.0,83.94,1.71
20160120,24.79,0.05,82.82,1.71
20160121,25.18,0.04,83.73,2.1
20160122,24.91,0.0,82.76,2.23
20160123,25.0,0.01,83.85,2.62
20160124,25.6,0.17,83.63,2.63
20160125,25.53,0.03,81.54,2.51
20160126,25.1,0.0,80.09,2.17
20160127,24.66,0.0,79.32,2.11
20160128,24.0,0.0,77.64,1.68
20160129,23.66,0.0,78.07,1.99
20160130,23.69,0.0,79.05,2.05
20160131,23.59,0.0,80.8,2.2
20160201,23.5,0.0,77.3,1.77
20160202,23.32,0.0,77.45,2.03
20160203,23.57,0.0,76.45,1.69
20160204,23.77,0.0,74.27,2.21
20160205,24.52,0.0,75.06,2.22
20160206,24.5,0.0,77.62,1.79
20160207,26.13,0.0,75.8,2.01
20160208,26.31,0.0,75.15,2.22
20160209,25.9,0.0,74.36,1.95
20160210,25.77,0.0,71.89,1.95
20160211,25.86,0.0,69.95,1.94
20160212,25.7,0.0,69.44,1.94
20160213,26.14,0.0,70.83,1.87
20160214,25.52,0.0,71.64,2.21
20160215,26.19,0.0,71.31,2.62
20160216,26.68,0.0,71.02,2.74
20160217,26.86,0.0,72.26,3.06
20160218,27.24,0.0,71.68,3.31
20160219,27.2,0.0,72.37,2.77
20160220,28.17,0.0,71.3,2.35
20160221,28.55,0.02,68.21,1.97
20160222,28.33,0.04,66.09,1.91
20160223,27.18,0.0,65.18,1.9
20160224,27.48,0.0,61.87,1.6
20160225,28.46,0.0,67.88,2.04
20160226,28.27,0.0,68.81,2.93
20160227,27.95,0.03,68.52,3.24
20160228,28.31,0.04,70.81,3.0
20160229,27.15,0.03,70.8,2.68
20160301,27.89,0.21,70.2,2.68
20160302,28.02,0.0,67.3,2.7
20160303,26.54,0.0,71.28,2.21
20160304,26.86,0.0,71.09,2.19
20160305,28.25,0.03,66.57,2.32
20160306,28.4,0.0,63.64,2.14
20160307,28.72,0.0,63.19,2.31
20160308,28.12,0.0,64.94,2.14
20160309,28.99,0.0,60.66,1.7
20160310,28.96,0.0,65.44,1.68
20160311,30.51,0.0,60.7,1.71
20160312,30.63,0.0,58.57,1.99
20160313,30.36,0.01,57.04,1.71
20160314,30.67,0.0,58.94,2.3
20160315,30.68,0.0,57.96,2.25
20160316,30.94,0.17,59.57,2.21
20160317,31.35,0.08,56.7,2.03
20160318,30.65,0.0,54.72,2.34
20160319,30.92,0.0,52.33,1.97
20160320,31.06,0.0,48.2,2.33
20160321,31.56,0.0,49.28,2.31
20160322,32.45,0.01,51.64,2.8
20160323,32.84,0.01,52.68,2.43
20160324,31.83,0.0,52.92,2.58
20160325,30.36,0.0,56.98,2.53
20160326,30.19,0.0,52.85,2.39
20160327,30.69,0.0,53.04,2.26
20160328,31.35,0.63,57.72,2.85
20160329,31.43,0.26,59.47,2.83
20160330,31.46,0.17,58.97,2.68
20160331,31.5,0.0,57.12,2.3
20160401,32.03,0.01,52.24,2.15
20160402,32.16,0.0,51.49,2.15
20160403,32.37,0.0,50.27,2.06
20160404,32.14,0.0,50.43,2.25
20160405,32.36,0.0,51.39,2.39
20160406,33.11,0.0,52.41,2.79
20160407,32.97,0.03,54.74,2.57
20160408,32.72,0.12,55.78,2.52
20160409,31.55,3.93,60.22,1.93
20160410,31.92,1.16,59.74,1.75
20160411,32.45,0.07,55.31,2.05
20160412,33.25,0.0,54.46,2.76
20160413,34.59,0.0,49.73,2.18
20160414,33.76,0.05,54.06,3.24
20160415,33.48,0.04,55.87,2.52
20160416,33.28,0.0,55.68,3.06
20160417,32.11,0.01,59.92,2.34
20160418,32.48,0.04,59.71,2.78
20160419,32.78,0.34,58.75,2.73
20160420,32.56,0.16,58.84,2.31
20160421,33.62,0.05,53.91,2.79
20160422,34.01,0.07,52.48,2.22
20160423,35.2,0.04,48.38,2.64
20160424,34.82,0.02,49.81,2.98
20160425,33.86,0.0,53.19,3.39
20160426,32.45,0.2,59.34,2.71
20160427,31.69,0.4,60.12,1.99
20160428,32.69,0.0,56.18,2.71
20160429,32.15,0.0,56.81,2.21
20160430,33.17,0.0,52.37,2.84
20160501,33.45,0.0,51.2,2.86
20160502,34.02,0.0,51.07,2.86
20160503,33.56,0.01,53.49,2.97
20160504,33.23,0.02,57.1,2.96
20160505,32.8,0.08,56.82,2.67
20160506,32.89,1.93,55.68,2.61
20160507,31.36,6.42,64.5,2.46
20160508,32.83,1.46,57.29,1.53
20160509,31.41,0.8,62.31,2.39
20160510,31.6,2.09,59.23,2.39
20160511,29.96,5.63,63.99,1.59
20160512,31.19,0.3,57.64,2.05
20160513,32.41,0.17,54.45,1.91
20160514,31.57,1.66,59.88,2.2
20160515,29.33,9.3,69.27,1.71
20160516,26.84,50.13,81.51,3.4
20160517,27.63,4.14,70.49,3.65
20160518,29.53,6.77,68.42,3.31
20160519,29.64,12.12,72.99,2.29
20160520,29.67,1.59,71.07,2.97
20160521,31.59,0.0,61.53,2.61
20160522,32.05,0.0,63.21,2.27
20160523,31.86,0.0,64.01,2.45
20160524,31.92,0.0,61.13,2.95
20160525,32.04,0.24,60.58,3.47
20160526,31.49,0.03,61.88,3.16
20160527,30.61,1.18,64.99,2.09
20160528,30.03,1.44,68.26,3.18
20160529,29.23,0.54,69.51,2.97
20160530,29.75,5.06,67.39,2.31
20160531,30.37,3.55,65.3,2.52
20160601,29.86,2.67,68.82,2.42
20160602,29.66,0.45,67.38,2.23
20160603,30.25,0.01,64.64,2.42
20160604,30.44,1.5,65.38,1.47
20160605,30.74,3.49,64.4,2.32
20160606,30.15,0.29,64.83,3.05
20160607,29.14,2.39,75.43,3.28
20160608,29.27,0.5,72.28,2.82
20160609,28.87,0.14,71.04,3.57
20160610,29.75,0.01,63.26,3.64
20160611,29.75,1.26,64.4,3.83
20160612,30.47,0.0,60.18,4.21
20160613,30.49,0.0,59.83,3.97
20160614,30.92,0.0,56.33,3.89
20160615,31.18,0.0,54.55,5.04
20160616,31.09,0.0,56.59,4.25
20160617,29.92,1.28,61.14,3.37
20160618,28.66,7.47,63.94,3.43
20160619,29.14,2.49,62.51,2.56
20160620,29.38,0.16,63.73,1.98
20160621,28.13,0.52,69.29,1.32
20160622,28.68,0.94,61.57,3.56
20160623,27.17,3.53,67.75,4.55
20160624,28.36,0.16,60.22,3.59
20160625,29.57,0.09,55.07,3.67
20160626,30.1,0.03,59.03,3.35
20160627,30.56,0.06,58.84,4.33
20160628,29.85,0.05,58.81,4.58
20160629,29.59,0.45,61.58,4.55
20160630,30.01,0.01,57.88,5.25
20160701,30.37,0.0,55.34,5.34
20160702,30.59,0.0,53.62,5.03
20160703,31.62,0.0,51.54,4.92
20160704,31.02,0.02,53.38,4.42
20160705,31.17,0.0,56.05,3.62
20160706,30.61,2.41,61.47,3.39
20160707,30.75,0.01,54.49,3.61
20160708,30.32,0.12,49.19,5.26
20160709,30.53,0.02,52.4,5.14
20160710,30.52,0.02,57.97,5.4
20160711,31.15,0.01,55.46,5.17
20160712,30.91,0.0,55.36,4.74
20160713,31.6,0.0,52.26,3.89
20160714,32.06,0.29,51.25,2.96
20160715,30.58,7.93,60.28,2.6
20160716,28.86,4.36,70.36,1.8
20160717,26.94,12.72,79.94,1.4
20160718,26.87,6.35,76.92,2.33
20160719,28.74,0.22,63.8,2.81
20160720,29.78,0.34,60.43,2.58
20160721,29.33,0.37,60.87,3.4
20160722,29.57,0.0,58.43,4.15
20160723,29.18,0.08,59.96,3.44
20160724,29.1,3.18,64.92,2.25
20160725,28.4,21.96,73.88,1.36
20160726,26.94,17.09,79.77,1.6
20160727,27.08,7.64,78.37,1.28
20160728,27.58,3.95,77.24,1.08
20160729,28.46,0.84,70.28,2.44
20160730,28.61,0.77,66.44,2.54
20160731,29.07,0.01,64.14,3.32
20160801,28.71,0.01,65.6,3.86
20160802,28.15,0.0,65.19,4.09
20160803,28.93,0.0,62.83,4.46
20160804,29.34,0.0,62.28,4.33
20160805,29.23,0.0,61.78,4.02
20160806,29.63,0.0,60.11,3.81
20160807,29.88,0.1,61.74,3.27
20160808,30.49,0.0,59.97,3.15
20160809,30.32,2.61,60.68,3.21
20160810,30.36,0.37,60.97,2.77
20160811,29.88,0.09,61.16,2.46
20160812,30.49,0.35,60.22,3.04
20160813,30.6,1.31,61.83,2.86
20160814,30.41,0.1,59.35,3.67
20160815,30.09,0.55,59.27,4.35
20160816,30.05,0.01,58.98,4.96
20160817,30.11,0.01,58.32,4.1
20160818,30.79,0.12,57.21,3.86
20160819,31.0,0.07,55.9,3.32
20160820,31.37,0.07,57.75,2.25
20160821,31.34,0.74,59.04,2.12
20160822,30.95,0.15,59.54,2.35
20160823,29.28,1.87,65.97,2.66
20160824,29.95,0.15,62.4,2.96
20160825,28.42,0.65,68.81,2.21
20160826,28.94,9.02,68.7,1.95
20160827,28.48,4.59,71.04,2.66
20160828,29.69,6.34,64.44,2.73
20160829,29.39,6.28,63.24,2.82
20160830,28.13,12.63,71.18,3.0
20160831,27.65,9.59,68.44,2.78
20160901,27.54,3.11,64.3,3.19
20160902,28.12,1.57,64.57,3.06
20160903,29.09,0.17,61.01,2.52
20160904,29.29,0.25,62.73,2.56
20160905,29.16,0.0,60.98,2.76
20160906,28.91,0.15,60.5,3.39
20160907,29.58,0.01,56.57,3.1
20160908,29.42,0.0,58.62,2.46
20160909,30.62,1.17,58.42,1.91
20160910,30.39,1.35,62.24,1.81
20160911,29.46,0.09,60.39,2.41
20160912,30.15,0.51,58.43,1.99
20160913,29.94,1.31,60.95,2.31
20160914,30.12,0.56,61.56,2.43
20160915,30.47,0.79,60.31,2.21
20160916,30.53,0.23,59.43,2.78
20160917,29.83,0.0,60.13,2.69
20160918,29.8,0.01,58.24,3.35
20160919,30.79,0.08,55.65,2.39
20160920,31.01,0.67,53.99,2.62
20160921,30.59,0.17,56.0,2.83
20160922,30.37,0.0,53.97,4.07
20160923,30.35,0.0,53.56,3.81
20160924,30.68,0.0,52.67,4.46
20160925,30.92,0.0,53.89,3.33
20160926,31.83,0.06,50.9,2.62
20160927,30.51,0.51,57.69,2.27
20160928,29.79,2.01,64.23,2.08
20160929,28.57,5.11,73.05,1.48
20160930,29.2,1.69,65.69,2.41
20161001,30.19,0.02,58.41,1.98
20161002,30.78,0.0,55.03,2.08
20161003,30.93,0.0,55.39,1.76
20161004,31.41,3.94,56.17,1.77
20161005,28.22,7.32,72.09,2.03
20161006,29.05,2.31,68.97,1.78
20161007,28.72,0.22,63.45,1.87
20161008,29.61,0.04,59.06,1.54
20161009,30.56,0.02,55.52,2.36
20161010,30.98,0.01,52.07,2.4
20161011,30.86,1.09,52.33,2.05
20161012,29.63,6.47,63.45,2.03
20161013,28.61,5.23,72.3,1.0
20161014,28.95,1.24,67.01,1.32
20161015,29.13,0.19,63.91,1.47
20161016,29.62,0.0,59.99,1.62
20161017,29.76,0.0,58.43,1.19
20161018,30.18,0.0,58.51,1.21
20161019,29.99,0.6,58.65,0.91
20161020,28.38,1.91,70.15,1.64
20161021,26.51,5.13,80.26,1.09
20161022,27.21,3.44,73.47,0.97
20161023,28.02,2.55,71.05,1.29
20161024,28.64,0.62,66.67,1.81
20161025,28.9,0.43,64.04,1.38
20161026,29.04,0.08,61.77,1.51
20161027,29.61,0.01,57.7,1.14
20161028,30.19,0.0,56.0,1.83
20161029,31.18,1.96,55.39,1.61
20161030,28.69,8.4,73.07,1.39
20161031,26.88,11.04,84.28,1.8
20161101,28.16,0.24,67.68,2.39
20161102,26.51,9.18,80.33,2.23
20161103,26.72,1.72,77.77,1.48
20161104,28.29,0.04,70.59,1.85
20161105,29.34,0.0,65.7,2.35
20161106,28.9,0.5,67.41,1.51
20161107,28.44,0.19,63.4,1.7
20161108,27.71,0.11,66.06,2.17
20161109,26.7,0.03,58.77,2.66
20161110,26.32,0.0,60.06,2.32
20161111,27.07,0.0,65.59,2.02
20161112,27.91,0.07,67.54,2.31
20161113,27.89,2.28,73.83,2.5
20161114,28.01,1.94,73.33,2.48
20161115,27.85,0.64,68.92,2.55
20161116,27.5,2.14,73.46,3.07
20161117,26.96,6.94,75.89,3.23
20161118,27.1,1.6,71.04,3.38
20161119,26.42,3.83,71.71,2.95
20161120,26.84,0.96,69.64,2.87
20161121,26.32,0.47,71.89,2.65
20161122,27.02,0.13,68.36,2.85
20161123,26.54,0.07,66.88,3.04
20161124,25.53,0.0,63.84,2.85
20161125,25.85,0.0,66.29,2.83
20161126,26.17,0.0,63.36,2.58
20161127,25.38,0.0,61.35,2.43
20161128,24.92,0.0,61.92,1.88
20161129,24.99,0.0,62.02,1.99
20161130,24.53,0.2,64.85,2.06
20161201,23.75,12.96,68.08,3.08
20161202,24.54,20.0,82.95,3.26
20161203,25.95,3.78,81.01,2.67
20161204,26.79,0.78,75.6,1.97
20161205,27.05,0.75,73.64,2.55
20161206,25.75,0.11,66.58,3.12
20161207,25.66,0.01,71.66,2.42
20161208,26.85,0.03,70.41,2.56
20161209,26.86,0.0,68.2,1.68
20161210,26.44,0.0,63.56,1.25
20161211,26.23,0.0,51.41,1.55
20161212,26.98,1.06,56.18,2.32
20161213,27.26,0.78,65.73,1.81
20161214,26.77,0.15,70.14,2.14
20161215,26.62,0.07,70.61,2.42
20161216,26.21,0.87,73.46,2.51
20161217,26.31,0.03,66.83,2.86
20161218,26.02,0.0,66.81,2.67
20161219,26.28,0.02,64.15,3.22
20161220,26.15,2.74,76.23,3.52
20161221,26.89,0.46,72.46,3.07
20161222,26.23,0.0,63.89,2.3
20161223,24.66,0.0,60.47,2.05
20161224,24.1,0.0,63.19,2.08
20161225,24.44,0.0,61.53,1.84
20161226,25.69,0.0,60.97,2.36
20161227,26.85,1.8,64.48,3.34
20161228,25.82,8.42,78.93,3.65
20161229,25.8,0.18,70.79,3.8
20161230,25.15,0.0,65.6,3.17
20161231,24.83,0.0,60.94,2.74
20170101,25.38,0.03,67.06,3.01
20170102,26.23,0.01,65.89,2.96
20170103,25.89,0.0,59.5,3.08
20170104,24.93,0.0,61.61,2.75
20170105,25.32,0.0,62.57,2.72
20170106,25.41,0.0,62.87,2.51
20170107,25.21,0.0,63.63,2.18
20170108,24.95,0.0,59.56,2.51
20170109,24.55,0.0,56.94,2.34
20170110,25.06,0.0,58.56,1.71
20170111,25.82,0.0,60.51,1.93
20170112,26.27,0.0,62.29,1.85
20170113,26.21,0.0,63.36,2.41
20170114,26.01,0.0,61.62,2.97
20170115,25.65,0.0,62.7,3.14
20170116,25.77,0.0,62.19,2.92
20170117,24.52,0.0,58.97,2.86
20170118,24.35,0.0,62.32,3.41
20170119,25.79,0.0,58.62,3.51
20170120,25.83,4.78,67.8,3.65
20170121,24.83,24.09,82.92,3.82
20170122,25.19,3.95,73.72,3.33
20170123,24.82,0.0,70.98,3.24
20170124,25.12,0.0,68.61,3.43
20170125,25.57,0.87,70.55,3.47
20170126,25.22,2.76,79.84,3.17
20170127,25.47,8.43,85.01,2.98
20170128,25.91,2.88,79.42,2.75
20170129,26.39,1.59,76.0,2.93
20170130,26.08,0.16,70.35,2.84
20170131,25.49,0.0,67.07,2.44
20170201,24.19,0.0,66.86,2.39
20170202,24.22,0.0,66.33,2.51
20170203,24.24,0.0,67.61,2.69
20170204,24.47,0.0,66.59,2.8
20170205,24.41,0.0,64.0,2.32
20170206,24.81,0.0,62.68,1.82
20170207,25.03,0.0,57.88,1.98
20170208,24.2,0.0,58.86,2.56
20170209,24.23,0.0,64.51,2.57
20170210,24.76,0.0,64.31,2.25
20170211,25.19,0.0,63.38,2.59
20170212,25.12,0.0,63.46,2.86
20170213,26.12,0.62,63.19,3.29
20170214,26.46,4.14,70.61,4.68
20170215,26.83,0.0,61.36,3.99
20170216,25.58,0.0,62.82,3.88
20170217,24.95,0.0,58.8,3.35
20170218,25.49,0.0,58.26,2.83
20170219,25.92,0.0,59.77,2.15
20170220,26.85,0.0,53.8,1.4
20170221,28.53,0.0,55.16,1.74
20170222,28.58,0.0,59.42,2.16
20170223,28.27,0.0,58.59,1.97
20170224,27.58,0.0,59.55,2.5
20170225,27.44,0.0,58.27,2.3
20170226,27.52,0.0,59.1,2.61
20170227,27.34,0.0,60.72,2.86
20170228,27.84,0.0,63.9,3.47
20170301,27.07,0.0,60.59,3.18
20170302,27.52,0.06,58.29,3.19
20170303,28.23,2.71,64.81,2.89
20170304,27.58,8.77,74.74,2.44
20170305,29.17,1.21,65.16,2.19
20170306,29.78,0.22,64.81,2.49
20170307,29.98,0.07,64.12,2.57
20170308,29.78,1.3,64.45,2.95
20170309,29.63,1.52,66.18,2.43
20170310,28.79,3.24,70.92,1.72
20170311,28.56,2.43,71.99,1.76
20170312,29.28,1.21,67.6,1.56
20170313,28.99,2.27,68.63,1.82
20170314,27.62,6.02,76.21,1.87
20170315,27.39,7.31,75.96,2.23
20170316,27.38,1.4,72.32,1.92
20170317,29.23,0.04,62.19,1.68
20170318,29.55,0.02,58.67,2.12
20170319,30.42,0.0,57.96,1.93
20170320,30.91,0.9,58.19,2.17
20170321,30.29,2.96,61.14,1.68
20170322,29.87,0.0,59.94,2.55
20170323,29.36,0.0,57.76,2.33
20170324,28.31,0.0,55.37,2.22
20170325,28.61,0.0,53.57,2.52
20170326,28.37,0.0,59.09,2.57
20170327,28.83,0.0,56.85,1.92
20170328,30.2,0.0,58.34,2.01
20170329,30.68,0.0,53.21,1.91
20170330,30.87,0.0,56.28,1.92
20170331,30.92,0.0,60.06,2.69
20170401,30.77,0.0,55.98,2.22
20170402,30.96,0.0,56.69,2.37
20170403,31.86,0.0,56.67,2.39
20170404,32.04,0.0,58.03,2.7
20170405,32.26,0.0,55.72,2.25
20170406,32.3,0.04,56.0,2.51
20170407,32.44,0.06,53.86,1.96
20170408,32.22,0.0,53.6,2.54
20170409,32.03,0.0,54.63,2.52
20170410,32.46,0.0,50.59,2.19
20170411,32.15,0.04,53.62,2.05
20170412,31.76,0.03,58.45,2.31
20170413,32.14,0.01,57.17,2.47
20170414,32.23,0.0,52.72,2.05
20170415,33.03,0.0,51.93,2.28
20170416,33.67,0.01,50.96,2.18
20170417,34.43,0.0,45.57,2.31
20170418,34.58,0.0,45.48,2.48
20170419,34.13,0.0,47.24,2.48
20170420,34.02,0.1,48.35,2.74
20170421,34.55,0.22,44.79,1.99
20170422,34.52,0.58,45.09,2.56
20170423,33.85,0.34,50.21,2.7
20170424,34.48,0.08,48.03,2.84
20170425,34.37,0.09,48.02,2.27
20170426,34.09,0.52,49.6,1.94
20170427,33.29,0.25,52.11,3.05
20170428,33.02,0.0,52.72,2.44
20170429,33.26,0.02,50.36,2.46
20170430,32.94,0.11,51.43,2.63
20170501,32.44,0.29,53.42,2.38
20170502,32.69,0.61,52.03,2.75
20170503,31.62,1.46,56.16,2.56
20170504,32.24,0.34,53.78,2.5
20170505,32.26,0.16,55.29,3.0
20170506,31.59,1.15,61.08,2.88
20170507,31.67,1.9,60.55,2.4
20170508,32.22,0.69,51.07,2.47
20170509,32.84,1.94,47.44,2.04
20170510,30.5,2.51,66.86,1.63
20170511,30.94,0.33,63.42,1.71
20170512,30.73,2.56,65.09,2.25
20170513,30.44,4.69,69.44,1.54
20170514,31.99,0.92,61.4,2.36
20170515,32.06,0.01,58.42,2.56
20170516,32.23,0.01,56.19,2.99
20170517,33.53,1.44,53.97,2.28
20170518,31.24,9.06,64.46,2.76
20170519,31.86,0.19,58.56,2.51
20170520,32.02,4.93,58.69,2.05
20170521,31.0,1.03,65.89,2.14
20170522,30.6,3.08,67.52,2.27
20170523,29.99,1.58,68.02,1.91
20170524,30.96,0.24,63.68,2.08
20170525,30.82,0.33,64.15,2.7
20170526,29.14,1.31,72.98,2.11
20170527,30.13,0.92,70.17,2.61
20170528,29.4,1.12,71.01,3.49
20170529,30.66,0.37,63.71,3.41
20170530,31.09,0.13,60.74,4.14
20170531,31.41,2.18,59.01,3.01
20170601,30.95,0.65,58.43,2.87
20170602,30.84,2.18,59.54,3.45
20170603,30.7,0.05,61.18,3.79
20170604,31.46,0.05,55.2,3.82
20170605,31.59,3.57,58.69,3.26
20170606,29.81,1.82,66.95,2.66
20170607,29.19,8.47,66.88,2.32
20170608,30.27,0.4,59.05,3.07
20170609,29.93,1.64,58.29,3.97
20170610,29.97,1.6,60.97,4.24
20170611,29.96,0.01,57.63,4.53
20170612,30.78,0.01,59.08,2.93
20170613,31.4,0.0,58.55,2.57
20170614,31.25,4.2,63.37,2.58
20170615,29.58,1.46,70.37,1.9
20170616,28.89,6.46,72.42,2.04
20170617,29.84,1.82,61.57,2.51
20170618,30.8,0.02,56.87,2.99
20170619,30.64,1.0,61.6,2.35
20170620,28.86,2.68,66.75,2.52
20170621,29.42,0.03,63.49,2.41
20170622,29.94,0.08,61.88,2.55
20170623,30.5,0.12,59.57,3.69
20170624,29.55,0.72,57.99,4.44
20170625,29.98,0.35,56.82,4.42
20170626,29.74,0.96,58.26,4.65
20170627,29.16,0.61,59.17,4.37
20170628,29.75,0.04,55.94,4.22
20170629,30.55,0.0,53.56,3.8
20170630,30.78,0.01,55.7,2.5
20170701,31.15,0.01,54.7,3.7
20170702,30.84,0.53,53.27,3.26
20170703,31.06,0.86,51.68,4.07
20170704,31.07,1.03,51.43,3.72
20170705,30.36,0.16,56.33,3.46
20170706,30.98,2.4,55.19,2.79
20170707,30.25,1.0,56.39,3.36
20170708,29.57,3.77,60.18,3.09
20170709,29.5,3.98,60.04,2.78
20170710,29.58,0.12,60.43,2.8
20170711,29.97,0.24,59.49,3.8
20170712,30.36,0.19,55.58,2.69
20170713,30.57,0.19,55.32,4.11
20170714,29.97,0.0,48.52,4.19
20170715,30.2,0.0,55.63,3.83
20170716,30.81,0.0,52.22,4.41
20170717,30.1,0.0,53.08,4.86
20170718,30.45,0.0,56.31,4.94
20170719,30.62,0.05,55.37,4.93
20170720,31.15,0.13,54.96,4.93
20170721,31.26,0.02,51.72,4.17
20170722,31.9,0.0,52.56,3.21
20170723,32.48,0.0,50.61,3.2
20170724,32.94,0.0,49.08,3.75
20170725,33.11,0.02,47.54,3.64
20170726,32.71,0.01,49.21,3.69
20170727,32.31,2.11,49.63,4.14
20170728,32.66,0.29,50.73,3.39
20170729,31.34,2.65,55.22,2.66
20170730,29.98,4.47,66.19,1.75
20170731,28.73,20.12,74.29,2.18
20170801,29.9,4.3,66.59,2.07
20170802,29.57,4.16,68.64,2.39
20170803,30.48,0.18,60.02,3.83
20170804,30.6,0.01,60.51,3.83
20170805,30.47,0.02,59.96,4.41
20170806,30.87,0.59,60.0,3.09
20170807,29.95,1.57,63.94,2.25
20170808,28.92,9.63,69.14,1.6
20170809,28.64,22.77,74.53,1.24
20170810,28.73,5.63,71.75,1.66
20170811,28.34,4.19,71.1,2.65
20170812,29.06,3.49,65.34,2.07
20170813,26.16,24.65,81.12,2.06
20170814,25.99,13.12,85.35,1.02
20170815,27.46,5.75,72.65,1.53
20170816,27.93,3.4,73.36,2.01
20170817,28.01,1.44,74.04,2.19
20170818,27.94,4.84,74.5,2.53
20170819,28.42,0.26,69.15,3.73
20170820,28.55,1.54,67.41,3.69
20170821,28.41,0.37,67.68,3.53
20170822,28.75,0.09,66.91,2.9
20170823,29.2,0.65,68.39,1.62
20170824,27.79,5.38,76.03,1.66
20170825,29.19,0.48,68.95,2.56
20170826,29.15,0.47,66.83,2.93
20170827,28.94,0.15,69.18,3.6
20170828,28.98,0.2,67.58,3.59
20170829,29.22,0.07,65.05,4.01
20170830,29.65,7.95,67.44,2.39
20170831,28.7,3.71,72.33,1.87
20170901,27.7,15.62,81.9,1.21
20170902,27.95,17.42,79.8,1.13
20170903,27.77,1.31,74.64,2.1
20170904,28.25,9.09,78.3,0.87
20170905,28.48,5.87,79.98,1.13
20170906,27.67,1.81,81.15,1.65
20170907,27.8,2.25,79.9,1.29
20170908,27.13,15.9,83.59,1.92
20170909,27.38,5.86,80.92,0.74
20170910,27.94,1.18,76.09,1.24
20170911,27.9,1.09,80.05,2.18
20170912,27.43,2.23,80.62,2.23
20170913,27.06,12.38,84.61,2.18
20170914,26.55,4.89,85.9,2.3
20170915,26.96,0.12,82.27,1.77
20170916,26.84,2.27,84.59,2.07
20170917,26.92,2.09,78.64,3.45
20170918,27.61,1.29,75.92,3.69
20170919,27.63,0.03,76.19,3.21
20170920,27.69,0.0,74.78,2.96
20170921,27.52,0.0,71.94,2.69
20170922,28.77,0.03,69.79,1.93
20170923,28.82,0.13,70.85,1.79
20170924,27.63,8.25,79.82,1.35
20170925,27.12,8.58,79.62,2.03
20170926,26.88,4.37,81.26,1.59
20170927,27.13,4.3,80.71,1.84
20170928,26.52,6.97,79.83,2.74
20170929,27.28,0.04,75.67,2.3
20170930,28.69,0.16,74.1,1.96
20171001,29.02,0.06,72.43,1.97
20171002,29.18,0.0,70.96,1.74
20171003,28.87,2.53,76.07,1.65
20171004,28.66,4.03,76.94,1.15
20171005,27.76,6.89,82.28,1.44
20171006,26.86,3.81,82.55,2.27
20171007,28.07,0.36,72.56,1.93
20171008,28.2,0.88,77.83,1.45
20171009,28.03,1.2,79.63,1.37
20171010,27.89,2.82,80.19,1.44
20171011,26.76,4.27,79.54,1.97
20171012,27.9,4.13,73.18,1.23
20171013,27.39,2.56,77.14,1.03
20171014,26.71,2.79,80.17,1.93
20171015,26.68,0.16,74.72,2.56
20171016,27.1,0.23,76.12,2.41
20171017,27.23,0.4,72.75,2.62
20171018,28.52,0.01,69.41,1.87
20171019,29.2,0.0,69.35,1.15
20171020,28.59,0.43,74.68,1.86
20171021,27.73,7.08,80.01,2.7
20171022,28.25,0.65,74.03,2.06
20171023,28.19,0.16,70.99,1.79
20171024,27.71,0.44,76.25,1.18
20171025,27.81,1.92,77.28,1.48
20171026,27.64,5.14,77.18,1.56
20171027,27.47,3.04,76.18,1.57
20171028,26.63,4.69,80.78,2.27
20171029,27.2,0.87,76.13,2.65
20171030,25.38,15.55,87.69,3.11
20171031,25.0,7.71,89.4,2.76
20171101,25.43,4.45,87.37,2.58
20171102,25.22,9.83,89.62,2.78
20171103,25.15,8.91,89.49,2.46
20171104,24.82,15.11,90.34,2.63
20171105,25.74,7.5,87.7,2.73
20171106,25.15,5.58,89.86,2.57
20171107,25.37,5.87,88.54,2.34
20171108,24.93,18.5,90.96,1.95
20171109,25.25,0.08,82.13,2.47
20171110,24.68,3.21,85.45,3.25
20171111,24.98,1.54,85.39,2.45
20171112,25.17,0.01,81.04,2.43
20171113,26.59,1.31,80.02,1.51
20171114,24.99,4.6,88.54,1.61
20171115,26.05,6.62,85.44,1.15
20171116,26.81,0.06,77.26,1.48
20171117,26.16,0.01,77.96,1.47
20171118,26.49,0.04,80.49,1.26
20171119,26.29,1.03,85.8,1.68
20171120,26.44,0.86,85.29,1.83
20171121,25.66,2.33,90.01,1.94
20171122,25.79,0.87,86.53,2.38
20171123,26.07,0.08,81.61,2.32
20171124,26.07,0.11,82.06,2.05
20171125,25.54,0.66,81.57,2.64
20171126,24.61,8.85,88.63,2.64
20171127,25.7,8.63,90.84,2.14
20171128,25.57,4.88,87.97,3.35
20171129,25.35,15.42,90.38,4.08
20171130,25.27,37.49,93.91,3.58
20171201,25.36,29.05,94.23,2.23
20171202,25.26,4.32,87.08,1.42
20171203,24.54,2.73,90.93,1.98
20171204,24.9,0.01,86.58,1.82
20171205,24.75,0.03,87.5,1.82
20171206,25.12,0.03,86.98,2.26
20171207,24.59,0.01,85.72,1.95
20171208,23.52,0.0,80.36,1.37
20171209,23.56,0.0,77.01,0.98
20171210,24.87,0.0,80.34,1.38
20171211,25.27,0.14,84.24,1.43
20171212,25.62,0.07,84.14,1.18
20171213,25.27,0.03,84.92,1.38
20171214,25.11,0.02,84.73,2.03
20171215,24.98,0.04,86.07,2.77
20171216,24.53,0.0,84.18,3.07
20171217,23.97,0.01,82.75,3.38
20171218,23.28,0.0,78.99,3.29
20171219,23.8,1.83,82.1,3.49
20171220,24.12,0.74,82.74,3.83
20171221,22.84,4.07,85.44,3.38
20171222,24.33,0.32,83.55,3.22
20171223,23.94,0.04,78.8,3.08
20171224,23.53,0.0,80.33,2.75
20171225,24.64,0.32,81.77,3.23
20171226,24.34,0.06,79.44,3.36
20171227,23.54,0.0,81.41,2.92
20171228,22.55,0.0,77.22,3.02
20171229,23.17,0.0,75.03,2.9
20171230,23.81,0.0,76.23,2.79
20171231,23.99,0.0,78.22,2.17
20180101,25.17,0.0,74.72,1.39
20180102,25.6,0.0,76.41,1.38
20180103,25.34,0.0,76.29,2.63
20180104,24.5,0.0,74.61,2.87
20180105,23.13,0.0,72.82,2.77
20180106,22.78,0.0,69.96,2.26
20180107,22.67,0.0,70.1,2.54
20180108,22.87,0.01,72.99,2.7
20180109,23.91,7.45,80.51,2.82
20180110,25.06,2.57,82.89,3.38
20180111,25.71,0.77,80.94,2.5
20180112,25.3,0.12,81.61,2.51
20180113,24.91,0.0,80.44,2.4
20180114,24.46,0.0,75.67,2.4
20180115,24.83,0.0,76.76,2.65
20180116,24.88,0.0,76.8,2.29
20180117,24.42,0.0,73.77,2.44
20180118,23.03,0.0,70.47,2.82
20180119,22.86,0.0,73.38,2.66
20180120,22.83,0.0,72.64,2.54
20180121,23.06,0.0,72.46,2.74
20180122,23.69,0.0,70.82,2.42
20180123,24.6,0.0,70.14,2.09
20180124,24.92,0.0,70.89,2.22
20180125,25.15,0.0,70.35,2.65
20180126,24.45,0.0,68.74,2.56
20180127,24.68,0.0,67.68,2.71
20180128,24.7,0.0,68.75,2.91
20180129,24.99,0.0,69.07,3.22
20180130,24.89,0.0,65.54,3.27
20180131,24.01,0.0,64.03,3.21
20180201,23.36,0.0,65.66,2.63
20180202,23.48,0.0,64.18,2.72
20180203,23.36,0.0,65.55,2.65
20180204,23.99,0.0,66.26,2.66
20180205,25.64,0.0,63.96,3.14
20180206,26.46,0.32,74.5,3.01
20180207,26.14,8.69,80.91,1.71
20180208,25.94,3.29,77.79,1.69
20180209,26.67,0.0,69.85,1.86
20180210,25.89,0.01,71.27,1.99
20180211,26.08,0.0,72.79,2.09
20180212,26.42,0.0,69.96,2.88
20180213,25.2,0.0,72.16,2.51
20180214,26.31,0.0,70.24,2.97
20180215,26.38,0.01,69.84,3.39
20180216,26.37,0.0,64.49,3.23
20180217,25.69,0.0,66.92,2.16
20180218,26.17,0.0,64.55,2.58
20180219,25.23,0.0,66.56,2.67
20180220,25.69,0.0,66.72,3.04
20180221,25.86,0.0,64.28,2.62
20180222,25.51,0.0,62.86,2.91
20180223,25.76,0.0,64.27,2.98
20180224,26.65,0.0,66.65,3.02
20180225,27.34,0.0,65.98,3.52
20180226,28.03,0.0,63.75,3.13
20180227,28.01,0.0,65.97,2.98
20180228,28.38,0.02,63.86,3.18
20180301,28.2,0.24,64.48,2.99
20180302,27.9,0.0,59.75,2.67
20180303,27.77,0.0,58.54,2.14
20180304,27.73,0.0,55.31,2.1
20180305,27.45,0.0,58.07,2.3
20180306,27.25,0.0,57.23,2.58
20180307,27.75,0.0,62.57,2.55
20180308,28.2,0.0,61.34,2.8
20180309,28.1,0.0,61.56,2.95
20180310,28.66,0.0,60.75,3.06
20180311,28.8,0.0,63.69,3.01
20180312,28.63,1.19,67.39,3.71
20180313,27.91,2.97,71.85,2.97
20180314,28.95,0.89,64.91,2.19
20180315,28.5,1.37,71.52,1.92
20180316,30.03,0.86,63.76,2.04
20180317,27.36,1.59,73.65,2.33
20180318,29.38,0.53,63.01,2.88
20180319,29.23,0.04,57.07,2.77
20180320,29.01,0.0,57.09,2.42
20180321,30.22,0.0,51.54,1.52
20180322,31.23,0.0,51.48,2.09
20180323,31.68,0.3,54.58,2.15
20180324,31.37,0.15,53.09,2.5
20180325,29.94,0.0,57.56,2.82
20180326,29.92,0.0,55.45,2.56
20180327,30.01,0.0,63.03,2.15
20180328,31.51,0.0,59.7,2.2
20180329,31.97,0.0,56.77,2.3
20180330,30.71,0.03,61.64,2.12
20180331,32.01,1.32,61.09,1.75
20180401,31.52,1.65,59.3,2.68
20180402,31.19,0.01,59.73,2.36
20180403,31.15,0.04,58.06,2.17
20180404,31.07,0.0,57.03,2.32
20180405,30.81,0.0,56.62,2.58
20180406,30.87,0.0,53.77,2.06
20180407,31.1,0.02,58.22,2.69
20180408,30.53,0.04,61.55,2.96
20180409,30.51,1.83,61.22,3.03
20180410,29.56,4.49,68.13,2.66
20180411,29.97,0.5,65.93,2.01
20180412,30.46,0.11,63.55,2.46
20180413,30.55,2.49,62.75,2.65
20180414,30.09,2.31,66.56,1.98
20180415,29.38,6.02,70.57,2.03
20180416,30.0,1.11,68.34,1.91
20180417,31.23,0.03,60.03,2.11
20180418,31.82,0.0,57.26,2.4
20180419,31.78,0.0,58.14,2.71
20180420,32.26,0.1,56.96,2.55
20180421,31.41,0.06,61.68,2.73
20180422,32.3,0.04,56.87,2.57
20180423,31.49,0.0,58.74,2.13
20180424,32.14,0.0,57.26,2.43
20180425,32.38,0.03,58.08,2.67
20180426,32.23,0.22,58.51,2.5
20180427,31.59,0.3,61.39,2.39
20180428,31.43,0.0,60.11,2.88
20180429,32.32,0.01,58.14,2.75
20180430,32.85,2.05,56.18,2.7
20180501,31.33,3.58,65.59,1.34
20180502,30.94,0.93,67.81,1.25
20180503,30.9,0.83,67.38,1.57
20180504,29.63,7.47,73.25,2.12
20180505,29.35,3.31,71.19,1.6
20180506,30.08,0.7,66.03,2.77
20180507,30.49,0.57,65.08,2.22
20180508,29.92,2.85,68.28,1.79
20180509,27.74,13.14,74.32,2.2
20180510,28.06,13.07,77.24,2.12
20180511,29.64,0.76,70.54,2.19
20180512,30.45,0.44,67.71,1.49
20180513,30.55,2.19,63.95,2.17
20180514,29.65,7.76,69.47,1.66
20180515,29.46,4.4,68.64,1.69
20180516,29.21,1.19,70.48,1.54
20180517,29.14,0.66,70.3,2.51
20180518,29.51,0.53,67.98,1.99
20180519,31.09,0.4,62.69,1.81
20180520,31.07,0.28,64.42,1.99
20180521,30.91,0.52,62.54,2.15
20180522,31.35,1.5,60.09,1.7
20180523,30.6,1.42,66.48,1.44
20180524,29.21,4.34,73.48,1.81
20180525,28.19,21.45,78.33,1.11
20180526,28.04,1.29,79.01,2.5
20180527,29.2,1.4,72.43,3.32
20180528,28.75,2.77,77.33,4.15
20180529,30.45,0.17,67.01,3.67
20180530,30.6,0.0,64.86,3.54
20180531,31.2,0.01,62.51,2.76
20180601,30.03,1.01,68.4,1.81
20180602,29.61,0.49,71.72,1.62
20180603,29.52,2.51,71.45,2.55
20180604,28.84,6.23,76.87,1.5
20180605,28.99,3.34,73.4,1.59
20180606,29.5,1.94,66.44,1.79
20180607,29.98,1.66,64.67,3.28
20180608,30.15,0.38,65.08,3.98
20180609,29.57,0.11,65.12,4.96
20180610,29.7,0.05,66.09,4.69
20180611,30.52,0.13,63.09,4.73
20180612,30.15,0.02,65.19,3.81
20180613,29.57,0.05,63.0,3.74
20180614,30.18,0.02,57.78,4.73
20180615,30.41,0.03,54.99,3.98
20180616,29.74,8.9,60.77,2.96
20180617,28.92,0.46,61.91,3.5
20180618,30.1,0.04,54.01,3.81
20180619,30.19,0.05,61.38,3.5
20180620,29.65,0.05,63.79,3.92
20180621,29.07,0.47,65.49,3.12
20180622,30.0,0.34,58.93,3.27
20180623,30.39,0.01,57.07,3.23
20180624,30.7,0.05,57.05,3.18
20180625,29.92,0.02,54.95,3.81
20180626,29.31,0.28,57.19,4.63
20180627,29.5,0.88,58.53,3.78
20180628,29.21,0.05,58.71,4.19
20180629,29.5,0.2,57.39,2.63
20180630,29.14,8.44,61.3,1.95
20180701,28.52,14.09,69.91,1.58
20180702,28.66,15.73,71.04,2.22
20180703,28.05,8.39,71.79,1.76
20180704,29.58,0.01,65.49,2.32
20180705,30.0,0.0,61.73,2.6
20180706,30.23,0.03,59.4,4.03
20180707,29.03,0.01,58.94,4.52
20180708,28.94,0.07,62.23,4.21
20180709,28.66,0.31,68.31,4.12
20180710,28.52,0.49,68.23,3.58
20180711,28.78,0.21,64.11,4.95
20180712,29.05,0.04,60.8,4.78
20180713,29.51,0.06,62.21,4.52
20180714,29.16,0.01,64.39,4.44
20180715,28.68,0.32,65.95,5.09
20180716,28.97,0.49,63.06,5.26
20180717,29.88,0.05,57.32,5.73
20180718,29.68,0.03,60.23,4.85
20180719,30.03,1.56,60.6,4.51
20180720,29.56,0.58,60.82,4.48
20180721,29.46,0.02,60.23,4.8
20180722,30.06,0.0,59.33,4.42
20180723,30.59,0.01,58.42,4.27
20180724,30.05,0.61,59.98,3.83
20180725,30.37,0.95,59.86,3.17
20180726,30.19,0.06,59.33,4.06
20180727,30.47,0.0,57.8,3.8
20180728,30.16,0.02,57.46,2.45
20180729,30.08,0.02,60.51,2.78
20180730,29.24,0.07,65.19,3.12
20180731,29.71,2.38,61.27,3.4
20180801,30.04,0.26,59.31,3.38
20180802,30.92,1.3,56.82,2.51
20180803,27.9,3.49,68.48,3.41
20180804,29.36,1.27,57.94,3.89
20180805,29.54,0.0,59.64,4.11
20180806,30.09,0.23,57.68,5.22
20180807,29.92,0.05,56.35,5.23
20180808,29.43,0.12,57.03,5.0
20180809,30.09,0.06,55.51,4.84
20180810,29.55,2.31,59.87,4.27
20180811,29.8,0.11,56.95,5.27
20180812,28.72,0.35,60.84,5.49
20180813,29.05,0.13,57.11,4.93
20180814,29.72,1.13,56.85,5.66
20180815,28.99,1.15,61.59,5.47
20180816,28.67,0.86,62.45,5.81
20180817,30.54,0.02,57.53,5.65
20180818,29.76,0.0,57.87,5.39
20180819,29.63,0.0,58.58,5.08
20180820,30.41,0.0,55.22,5.1
20180821,30.78,0.01,53.33,4.67
20180822,30.25,0.0,53.25,3.73
20180823,30.77,0.26,53.7,3.2
20180824,30.24,4.15,58.44,2.63
20180825,30.39,0.61,60.07,1.91
20180826,30.27,1.63,58.58,3.23
20180827,29.25,6.84,64.19,3.33
20180828,29.66,1.56,62.92,3.2
20180829,29.48,1.26,62.08,3.17
20180830,29.19,3.9,65.41,2.67
20180831,28.31,2.27,70.0,2.07
20180901,27.63,4.32,71.46,1.6
20180902,28.54,0.28,69.31,1.73
20180903,30.25,0.02,59.28,2.1
20180904,30.58,0.02,59.62,2.07
20180905,30.58,0.0,55.7,2.29
20180906,30.64,0.0,55.13,2.86
20180907,30.35,0.0,51.88,3.99
20180908,31.76,0.0,49.79,2.7
20180909,31.79,0.36,51.88,1.52
20180910,30.09,4.64,58.15,1.05
20180911,30.7,0.34,58.7,1.9
20180912,31.73,0.04,55.61,1.5
20180913,31.87,1.43,54.95,1.39
20180914,29.61,6.76,66.8,1.63
20180915,28.78,2.02,66.55,2.24
20180916,26.59,14.64,73.3,2.24
20180917,28.09,1.47,69.05,1.62
20180918,29.79,0.1,58.91,3.12
20180919,30.12,0.67,59.73,2.67
20180920,30.07,0.05,55.23,2.7
20180921,29.53,0.02,57.66,2.09
20180922,29.56,0.43,59.06,1.6
20180923,29.84,3.42,67.38,1.51
20180924,28.67,3.9,74.63,1.35
20180925,28.77,4.23,72.01,0.96
20180926,29.21,1.41,68.41,1.36
20180927,28.88,19.48,72.03,1.79
20180928,27.35,9.14,80.88,1.49
20180929,28.49,9.2,74.91,1.81
20180930,28.2,5.07,75.78,1.58
20181001,28.29,2.71,76.03,1.78
20181002,28.07,3.19,76.77,1.96
20181003,27.15,12.62,82.08,1.71
20181004,26.05,15.5,86.52,2.48
20181005,26.81,10.91,85.17,2.68
20181006,27.18,14.16,82.46,2.39
20181007,27.18,5.06,81.65,1.11
20181008,27.25,10.69,80.36,0.74
20181009,26.5,4.81,81.05,1.36
20181010,27.76,0.08,73.79,1.51
20181011,28.99,0.01,67.7,1.66
20181012,28.48,0.0,74.75,2.6
20181013,28.11,1.19,76.27,2.79
20181014,27.98,4.47,77.02,1.89
20181015,27.43,1.47,79.44,1.08
20181016,26.6,10.19,83.96,1.58
20181017,26.81,3.01,76.49,0.85
20181018,26.94,0.42,77.06,1.19
20181019,26.23,1.53,81.21,1.25
20181020,26.94,2.53,78.13,1.66
20181021,26.67,6.27,82.92,2.01
20181022,26.63,1.91,81.48,2.09
20181023,26.29,0.3,73.15,1.75
20181024,26.5,2.13,77.46,1.83
20181025,26.45,1.64,79.15,2.48
20181026,27.0,0.21,75.23,3.14
20181027,26.82,0.6,75.18,2.86
20181028,26.9,0.04,69.13,2.84
20181029,27.79,0.0,65.28,2.06
20181030,28.36,0.34,67.85,2.26
20181031,27.13,2.41,82.0,2.53
20181101,26.78,13.16,84.34,2.57
20181102,26.13,22.28,87.1,2.22
20181103,25.59,10.57,89.12,2.11
20181104,26.62,0.78,80.96,2.42
20181105,26.29,0.56,81.2,1.95
20181106,26.16,0.72,81.19,2.45
20181107,25.96,0.46,78.72,2.32
20181108,25.01,8.44,87.48,2.12
20181109,26.01,1.41,82.94,2.31
20181110,25.88,0.0,78.41,2.4
20181111,25.98,0.01,74.66,2.2
20181112,25.82,0.0,73.51,1.61
20181113,26.45,0.0,70.81,1.03
20181114,26.51,0.0,68.21,1.18
20181115,26.45,8.66,76.57,2.25
20181116,25.06,32.73,93.07,2.86
20181117,26.52,0.32,82.77,1.15
20181118,26.3,4.09,85.44,1.59
20181119,26.15,4.23,85.93,1.85
20181120,24.86,9.86,90.31,2.4
20181121,25.0,1.16,83.79,3.64
20181122,24.41,5.54,92.6,3.54
20181123,25.67,24.44,89.28,1.71
20181124,25.7,2.59,85.8,2.59
20181125,24.81,0.08,85.63,2.32
20181126,24.01,0.01,81.63,2.47
20181127,23.39,0.0,80.6,2.48
20181128,24.38,3.34,82.9,2.93
20181129,25.05,17.76,88.48,3.19
20181130,25.14,1.4,86.19,2.83
20181201,24.63,0.04,82.47,2.68
20181202,24.22,0.02,82.1,2.27
20181203,25.1,3.78,85.32,2.66
20181204,25.55,7.45,87.82,2.21
20181205,25.82,1.51,86.61,2.03
20181206,25.48,1.16,85.75,2.06
20181207,25.64,0.17,84.15,2.63
20181208,25.3,0.0,82.79,2.57
20181209,25.02,0.0,82.35,2.58
20181210,24.65,0.0,79.91,2.13
20181211,24.24,0.0,80.73,1.96
20181212,24.73,0.0,79.02,1.85
20181213,25.06,0.0,77.94,1.97
20181214,24.88,0.03,80.39,2.66
20181215,24.86,0.01,78.71,3.46
20181216,23.28,0.0,76.93,1.98
20181217,24.62,0.0,72.03,1.5
20181218,25.46,0.0,78.05,1.6
20181219,24.76,0.0,79.05,2.68
20181220,24.46,0.0,77.36,2.21
20181221,25.6,0.39,79.61,2.55
20181222,23.26,5.0,90.12,3.05
20181223,25.37,2.69,86.4,3.01
20181224,25.18,0.41,83.77,2.62
20181225,25.28,0.01,77.74,2.56
20181226,25.19,0.01,76.37,1.98
20181227,24.82,0.0,75.76,1.77
20181228,25.22,0.0,78.34,1.74
20181229,25.18,0.12,78.85,3.0
20181230,24.4,0.01,76.93,3.21
20181231,23.86,0.02,75.36,3.17
20190101,22.63,0.0,72.68,2.79
20190102,22.08,0.0,74.13,2.75
20190103,22.82,0.0,72.32,2.77
20190104,22.84,0.0,73.2,3.04
20190105,23.3,0.0,72.75,2.73
20190106,23.27,0.0,73.4,2.55
20190107,24.13,0.0,71.98,2.35
20190108,24.01,0.0,70.53,2.65
20190109,23.22,0.0,71.04,2.41
20190110,23.31,0.0,71.85,2.6
20190111,23.69,0.0,72.05,2.7
20190112,23.75,0.0,69.11,3.06
20190113,24.21,0.0,74.27,2.82
20190114,24.77,0.02,71.46,2.77
20190115,24.39,0.44,67.72,2.95
20190116,24.4,0.0,68.61,3.08
20190117,23.78,0.0,68.16,2.73
20190118,23.35,0.0,67.7,2.68
20190119,23.3,0.0,68.51,2.41
20190120,23.31,0.0,67.8,2.78
20190121,23.54,0.0,66.34,2.41
20190122,24.22,0.0,69.08,2.28
20190123,25.15,0.0,69.29,2.45
20190124,25.67,0.0,70.6,2.37
20190125,26.74,0.0,71.01,1.96
20190126,27.33,0.0,70.49,2.19
20190127,27.35,0.0,66.29,2.35
20190128,27.19,0.01,63.21,2.34
20190129,26.74,0.0,63.36,3.33
20190130,25.99,0.0,67.27,3.48
20190131,25.96,0.0,66.31,3.13
20190201,26.18,0.0,66.48,2.86
20190202,26.65,0.0,64.73,2.93
20190203,26.91,0.0,62.87,3.01
20190204,27.15,0.39,68.46,3.52
20190205,27.56,0.04,67.34,3.47
20190206,27.36,0.0,62.52,2.87
20190207,27.53,0.0,63.74,2.41
20190208,28.69,0.0,64.07,1.96
20190209,28.9,0.42,66.53,2.04
20190210,28.65,0.53,65.27,2.49
20190211,28.34,0.02,63.48,3.6
20190212,27.86,0.0,63.16,4.02
20190213,27.36,0.0,63.24,3.6
20190214,28.1,0.0,66.82,3.36
20190215,28.71,0.02,64.22,2.81
20190216,29.49,0.0,60.51,2.04
20190217,30.25,0.99,61.77,1.52
20190218,30.3,1.96,61.69,2.39
20190219,29.5,0.76,65.03,2.65
20190220,28.77,0.01,62.85,3.22
20190221,28.31,0.0,61.62,2.98
20190222,27.45,0.0,57.36,3.04
20190223,27.34,0.0,60.26,2.56
20190224,27.56,0.0,61.91,2.59
20190225,27.96,0.0,58.22,1.97
20190226,29.5,0.0,59.46,1.87
20190227,30.38,0.08,60.45,2.47
20190228,30.75,0.02,58.14,2.06
20190301,30.45,0.05,60.68,2.78
20190302,29.74,0.05,58.15,3.3
20190303,30.01,0.0,57.14,2.84
20190304,30.12,0.0,55.42,2.17
20190305,31.29,0.0,50.18,2.05
20190306,31.67,0.0,52.7,2.87
20190307,32.0,0.22,56.46,2.9
20190308,31.56,0.0,58.6,3.19
20190309,31.06,0.41,58.29,2.64
20190310,31.16,0.16,56.67,2.99
20190311,30.08,0.0,55.37,2.57
20190312,29.19,0.0,55.75,2.62
20190313,28.67,0.0,57.81,2.79
20190314,29.02,0.0,54.11,2.8
20190315,29.09,0.0,55.01,2.94
20190316,29.28,0.0,59.1,2.86
20190317,29.5,0.0,58.93,2.73
20190318,30.34,0.0,57.95,2.84
20190319,30.75,0.0,56.62,2.67
20190320,30.32,0.0,56.72,2.67
20190321,29.74,0.0,57.29,2.48
20190322,30.69,0.0,56.98,2.29
20190323,31.36,0.0,55.91,2.29
20190324,31.52,0.0,51.13,2.28
20190325,31.16,0.0,50.54,2.72
20190326,30.45,0.0,53.06,2.73
20190327,30.33,0.0,50.57,2.04
20190328,30.79,0.0,49.29,2.38
20190329,31.52,0.0,41.8,2.3
20190330,31.44,0.0,49.91,2.54
20190331,32.24,0.0,47.95,1.93
20190401,32.46,0.0,51.38,2.98
20190402,31.69,0.0,54.09,2.77
20190403,31.29,0.0,54.79,2.93
20190404,31.68,0.0,53.94,2.61
20190405,32.64,0.01,51.52,2.25
20190406,32.37,0.0,48.9,2.26
20190407,32.36,0.0,52.34,2.58
20190408,32.65,0.01,54.97,2.89
20190409,32.62,0.03,54.85,2.99
20190410,32.3,0.0,56.66,2.7
20190411,32.52,0.0,52.93,2.22
20190412,32.68,0.0,52.08,2.49
20190413,32.16,0.0,51.87,2.37
20190414,32.23,0.0,49.03,2.38
20190415,32.82,0.0,48.6,2.41
20190416,32.84,0.69,49.42,2.76
20190417,31.97,1.25,48.31,2.03
20190418,31.97,0.86,57.63,2.65
20190419,32.33,1.35,56.68,2.52
20190420,31.77,4.5,57.49,3.03
20190421,32.23,0.89,55.53,2.12
20190422,33.06,3.41,52.05,2.28
20190423,31.98,0.72,57.06,2.25
20190424,31.01,0.11,55.7,1.62
20190425,32.24,0.07,52.66,1.85
20190426,32.42,0.24,53.36,2.05
20190427,32.36,0.0,56.87,2.45
20190428,33.04,0.0,54.89,2.4
20190429,33.25,1.07,55.06,2.35
20190430,32.64,0.22,55.75,2.97
20190501,32.99,0.08,49.9,3.34
20190502,34.71,0.0,43.58,2.55
20190503,34.63,0.0,40.83,2.68
20190504,34.32,0.0,44.44,1.8
20190505,33.9,0.0,49.76,2.8
20190506,33.52,0.02,54.3,3.09
20190507,33.9,0.32,51.57,2.69
20190508,31.05,0.85,54.35,2.62
20190509,32.72,0.75,52.32,2.78
20190510,33.3,0.27,54.95,2.27
20190511,33.64,0.0,54.97,2.96
20190512,33.93,0.0,54.4,2.7
20190513,34.2,0.0,50.6,2.02
20190514,35.08,0.05,45.94,2.33
20190515,34.72,0.56,48.75,1.49
20190516,33.83,0.21,52.34,1.9
20190517,34.42,3.34,51.79,1.33
20190518,33.45,1.53,55.51,2.08
20190519,33.31,0.0,56.43,3.19
20190520,33.19,0.0,54.47,3.11
20190521,32.99,0.0,55.73,3.1
20190522,32.76,0.02,56.99,2.64
20190523,32.65,0.05,60.42,3.12
20190524,32.99,0.11,54.74,2.75
20190525,33.26,0.09,52.92,2.63
20190526,33.41,0.04,51.59,1.96
20190527,34.05,0.03,53.84,2.36
20190528,33.95,0.61,55.85,2.14
20190529,33.13,0.66,56.89,1.48
20190530,32.98,3.43,56.2,2.11
20190531,30.64,2.16,57.75,3.8
20190601,31.92,0.14,56.0,2.28
20190602,32.76,0.73,55.2,2.58
20190603,30.36,0.22,64.71,2.02
20190604,31.09,4.07,62.61,2.35
20190605,30.32,9.14,67.67,2.69
20190606,29.97,0.37,71.53,2.19
20190607,30.95,1.56,67.11,2.86
20190608,31.1,0.19,62.87,2.89
20190609,31.14,0.54,60.5,5.07
20190610,30.64,0.1,62.61,4.21
20190611,31.47,0.08,57.96,4.07
20190612,31.58,0.0,57.14,3.54
20190613,31.61,0.38,56.77,3.53
20190614,31.8,0.32,49.2,4.06
20190615,32.85,0.56,43.66,2.98
20190616,33.01,0.1,51.59,2.57
20190617,33.52,0.0,49.2,3.27
20190618,32.88,0.08,49.94,2.81
20190619,32.61,0.07,50.48,3.23
20190620,33.11,0.01,45.56,4.66
20190621,31.81,0.03,50.45,3.65
20190622,31.42,0.04,56.46,4.28
20190623,31.79,0.09,52.68,4.14
20190624,33.07,0.22,49.47,3.15
20190625,31.98,0.99,54.61,2.36
20190626,31.65,0.65,55.77,2.02
20190627,31.92,0.08,53.44,2.98
20190628,32.95,0.0,49.48,3.96
20190629,32.87,0.0,48.52,4.63
20190630,32.28,0.0,49.97,5.18
20190701,33.03,0.0,49.45,4.21
20190702,32.16,0.0,52.68,4.4
20190703,32.09,0.17,53.71,3.81
20190704,32.05,0.54,54.64,3.79
20190705,32.16,0.06,52.5,4.23
20190706,31.73,0.0,53.96,4.15
20190707,31.65,0.0,53.42,3.82
20190708,32.18,0.0,53.62,3.63
20190709,31.55,0.34,53.66,3.07
20190710,31.0,3.45,51.13,2.52
20190711,31.7,0.22,48.04,2.68
20190712,32.03,0.03,47.92,1.91
20190713,31.59,0.26,53.93,1.58
20190714,31.29,2.98,55.77,1.81
20190715,30.61,3.97,58.62,2.92
20190716,30.66,0.32,56.5,3.06
20190717,31.03,1.72,54.56,3.09
20190718,29.03,7.73,64.69,3.08
20190719,27.84,1.61,73.07,2.95
20190720,29.66,0.07,62.03,3.99
20190721,30.19,0.84,57.78,4.05
20190722,28.6,0.98,65.29,3.33
20190723,29.98,1.42,56.96,3.54
20190724,30.57,0.62,57.25,2.55
20190725,30.05,6.14,59.63,2.8
20190726,28.94,3.15,64.04,2.88
20190727,30.49,0.0,58.1,2.29
20190728,31.03,0.03,53.68,3.71
20190729,30.16,0.13,56.64,3.26
20190730,31.28,0.03,51.64,3.19
20190731,30.7,0.0,53.91,2.36
20190801,31.77,0.0,52.15,2.73
20190802,31.0,0.0,53.54,3.49
20190803,31.63,0.0,48.44,3.86
20190804,31.6,0.2,52.92,4.32
20190805,30.67,1.47,51.72,4.87
20190806,30.15,0.48,53.29,4.85
20190807,29.97,0.97,56.99,5.26
20190808,29.34,3.61,62.64,5.28
20190809,29.21,2.27,63.66,4.65
20190810,29.0,0.19,61.31,4.08
20190811,30.12,0.01,55.56,4.52
20190812,31.08,0.16,53.08,4.84
20190813,30.21,3.22,56.99,3.52
20190814,30.62,3.08,61.08,3.72
20190815,30.67,0.44,59.21,2.87
20190816,29.47,10.12,62.21,2.9
20190817,26.75,12.36,76.4,2.0
20190818,26.97,5.69,76.89,1.72
20190819,28.48,27.37,76.18,1.4
20190820,28.92,6.74,73.41,1.96
20190821,27.75,7.12,76.49,2.63
20190822,27.75,5.35,73.32,2.86
20190823,28.26,1.23,64.02,3.48
20190824,28.34,0.12,63.12,2.67
20190825,28.01,2.53,66.08,2.95
20190826,27.66,0.55,71.35,3.13
20190827,29.68,0.01,61.26,3.5
20190828,29.76,0.19,60.43,3.1
20190829,27.66,5.34,70.83,2.83
20190830,28.82,0.15,62.3,3.66
20190831,28.11,0.84,63.42,3.6
20190901,29.23,0.5,66.43,2.75
20190902,28.07,3.02,73.19,2.5
20190903,28.64,2.24,70.24,2.74
20190904,29.32,1.25,65.51,3.55
20190905,29.35,0.25,63.59,3.77
20190906,29.72,0.03,63.73,3.64
20190907,30.32,0.0,60.46,3.88
20190908,29.96,0.01,59.51,3.4
20190909,29.75,0.01,58.49,2.23
20190910,30.18,1.88,64.96,1.6
20190911,28.47,8.67,75.92,1.3
20190912,28.0,6.59,75.39,1.39
20190913,27.45,17.34,77.61,1.27
20190914,28.47,3.12,71.51,1.57
20190915,28.89,7.41,69.73,2.1
20190916,28.17,17.39,74.93,2.56
20190917,28.35,16.66,73.83,1.88
20190918,28.34,7.26,76.85,1.98
20190919,27.84,13.84,77.96,1.99
20190920,26.0,1.98,77.86,1.75
20190921,28.38,2.08,75.37,1.76
20190922,27.6,2.11,80.71,1.3
20190923,26.43,21.86,88.5,1.44
20190924,26.42,7.71,85.77,1.71
20190925,26.21,7.61,86.93,3.33
20190926,26.8,1.84,80.8,2.69
20190927,27.05,1.01,77.58,1.74
20190928,27.49,1.78,78.27,1.41
20190929,26.77,4.54,81.65,1.55
20190930,25.81,20.67,86.33,1.59
20191001,27.6,0.96,75.72,1.54
20191002,27.02,0.81,82.33,1.22
20191003,27.13,0.39,81.9,1.28
20191004,27.81,0.24,77.87,0.99
20191005,27.3,2.07,80.32,1.57
20191006,26.72,1.98,82.3,1.71
20191007,27.35,2.26,79.84,1.56
20191008,27.39,1.21,81.07,1.2
20191009,28.1,0.54,78.49,1.58
20191010,27.59,0.25,80.84,1.98
20191011,26.52,3.09,84.65,1.34
20191012,26.91,3.77,81.55,1.22
20191013,27.24,6.62,82.3,1.43
20191014,27.16,6.97,83.57,1.44
20191015,26.63,12.04,87.64,1.47
20191016,25.66,26.86,89.78,1.65
20191017,26.14,18.53,86.33,1.9
20191018,26.13,3.64,87.73,0.96
20191019,25.88,3.14,89.01,1.6
20191020,25.72,12.06,91.66,1.73
20191021,25.71,27.39,90.82,1.66
20191022,25.77,7.67,88.34,1.49
20191023,26.08,22.2,85.9,1.15
20191024,25.26,4.74,87.94,2.21
20191025,25.32,0.38,85.92,1.67
20191026,25.38,0.28,87.49,1.88
20191027,25.29,4.44,87.64,0.89
20191028,25.62,9.58,87.1,1.51
20191029,24.94,16.1,89.59,1.9
20191030,25.31,34.86,91.99,2.01
20191031,25.52,7.22,92.3,2.39
20191101,26.07,0.88,86.42,1.19
20191102,25.78,0.36,87.24,1.13
20191103,25.64,4.05,89.13,1.33
20191104,25.69,0.99,87.34,1.37
20191105,26.44,0.0,80.68,0.99
20191106,26.9,0.06,82.23,0.73
20191107,26.12,2.74,89.38,0.95
20191108,26.17,4.51,89.03,0.78
20191109,26.24,5.19,89.26,1.03
20191110,26.71,0.75,86.1,1.17
20191111,26.39,0.81,85.56,1.19
20191112,25.61,0.15,87.04,1.98
20191113,25.61,0.48,87.32,2.46
20191114,25.91,3.64,88.43,2.25
20191115,26.03,3.45,88.8,2.31
20191116,26.0,2.73,88.1,2.06
20191117,26.15,0.96,87.54,2.24
20191118,26.35,3.07,88.19,2.37
20191119,26.24,1.64,86.65,1.76
20191120,25.89,3.53,88.97,1.95
20191121,25.98,2.4,87.87,2.25
20191122,25.25,8.14,90.92,2.59
20191123,25.04,3.85,87.92,3.37
20191124,25.32,4.87,87.68,2.77
20191125,25.25,4.49,87.97,3.27
20191126,25.41,1.5,85.97,2.87
20191127,26.23,7.5,86.83,2.8
20191128,26.2,23.66,90.26,2.62
20191129,26.18,23.73,90.11,3.07
20191130,25.19,27.21,94.36,2.21
20191201,25.14,26.99,95.29,1.48
20191202,25.34,13.86,90.75,2.12
20191203,25.09,4.43,91.22,2.39
20191204,24.86,0.44,87.94,3.16
20191205,24.39,3.65,87.54,3.37
20191206,24.12,1.99,87.99,3.69
20191207,24.68,7.59,88.58,3.18
20191208,24.16,0.48,85.87,2.58
20191209,23.91,0.0,86.88,2.59
20191210,23.76,0.0,85.4,2.62
20191211,24.08,0.0,85.87,2.23
20191212,24.55,0.47,87.95,2.81
20191213,25.19,11.97,89.92,2.68
20191214,25.33,9.08,89.66,2.98
20191215,24.44,1.68,88.39,2.57
20191216,24.2,1.2,90.21,2.28
20191217,24.68,3.39,88.95,3.16
20191218,24.65,0.56,88.61,3.16
20191219,24.82,0.29,87.71,3.12
20191220,24.79,0.16,87.72,3.09
20191221,23.89,0.03,87.43,2.3
20191222,24.23,0.27,86.93,2.44
20191223,24.08,0.08,85.92,2.57
20191224,24.29,9.2,90.07,2.69
20191225,24.99,4.1,89.77,2.99
20191226,24.39,0.03,86.65,2.02
20191227,23.66,0.0,85.55,1.97
20191228,23.52,0.02,85.63,1.95
20191229,24.1,0.06,87.51,2.24
20191230,24.24,0.16,86.92,2.27
20191231,24.64,0.04,86.49,2.06
20200101,25.12,0.08,87.47,2.24
20200102,25.7,0.02,87.1,2.11
20200103,25.75,0.01,87.27,1.76
20200104,26.03,0.01,86.08,1.61
20200105,25.81,0.01,86.12,2.03
20200106,25.2,1.09,86.62,2.55
20200107,24.88,1.02,85.96,2.49
20200108,24.61,0.12,82.89,2.35
20200109,23.65,0.0,79.89,2.04
20200110,23.4,0.0,81.56,2.35
20200111,23.2,0.0,80.41,2.64
20200112,23.56,0.0,80.99,2.51
20200113,23.45,0.0,79.97,2.24
20200114,22.84,0.0,76.66,2.0
20200115,22.58,0.0,77.33,2.14
20200116,23.9,0.01,76.87,1.79
20200117,24.85,0.62,82.87,2.24
20200118,25.53,4.35,85.29,2.4
20200119,25.19,1.01,82.18,2.69
20200120,24.8,0.0,80.29,2.44
20200121,24.46,0.02,79.28,2.77
20200122,24.97,0.02,79.57,3.26
20200123,25.55,0.03,79.84,3.35
20200124,24.56,0.0,77.5,2.97
20200125,23.8,0.0,74.84,2.23
20200126,24.0,0.0,74.0,1.96
20200127,24.23,0.0,72.95,1.63
20200128,25.28,0.0,72.78,1.75
20200129,25.64,0.0,72.55,1.77
20200130,25.85,0.0,72.99,1.72
20200131,25.76,0.0,74.11,1.97
20200201,25.76,0.0,74.41,2.17
20200202,25.59,0.0,70.93,2.66
20200203,25.47,0.0,69.34,2.63
20200204,25.9,0.01,71.48,2.6
20200205,26.27,0.01,68.03,2.61
20200206,25.79,0.0,66.34,2.38
20200207,26.29,0.0,67.96,2.4
20200208,26.92,0.0,65.48,1.86
20200209,26.76,0.0,67.02,2.41
20200210,26.41,0.01,69.65,2.98
20200211,26.66,0.0,67.74,3.28
20200212,26.74,0.01,70.14,3.51
20200213,26.69,0.0,66.9,3.18
20200214,26.4,0.0,66.06,2.35
20200215,27.02,0.0,61.91,2.19
20200216,26.23,0.0,63.16,2.56
20200217,26.43,0.0,64.31,2.75
20200218,25.56,0.0,63.69,2.61
20200219,25.52,0.0,65.27,2.37
20200220,25.88,0.0,65.91,2.83
20200221,26.66,0.4,71.15,3.58
20200222,27.89,0.55,68.57,4.05
20200223,27.27,0.0,67.83,3.43
20200224,27.55,0.0,66.26,2.99
20200225,27.82,0.0,68.06,2.37
20200226,28.03,0.0,65.9,2.73
20200227,28.07,0.0,66.76,2.71
20200228,28.48,0.0,62.71,3.07
20200229,28.1,0.0,62.73,2.68
20200301,28.52,0.0,59.77,2.7
20200302,29.21,0.01,55.29,2.15
20200303,29.48,0.0,51.39,1.14
20200304,30.43,0.02,53.68,1.32
20200305,29.97,0.0,54.05,2.34
20200306,29.94,0.0,60.85,2.56
20200307,29.99,0.0,63.52,3.15
20200308,30.0,0.19,61.99,2.56
20200309,29.95,0.01,58.66,2.65
20200310,29.72,0.0,57.31,2.68
20200311,29.34,0.0,58.26,2.2
20200312,29.22,0.0,58.4,2.49
20200313,29.07,0.0,61.33,2.75
20200314,29.74,0.0,60.67,2.84
20200315,29.59,0.0,59.51,3.11
20200316,30.2,0.0,60.88,3.25
20200317,29.95,0.0,60.91,3.17
20200318,30.45,0.0,60.42,2.84
20200319,30.67,0.0,56.95,2.35
20200320,30.98,0.01,55.43,2.07
20200321,31.04,0.07,53.78,2.52
20200322,31.45,0.0,53.05,2.48
20200323,30.98,0.01,53.18,2.72
20200324,30.56,0.0,56.79,2.8
20200325,30.6,0.0,56.33,2.62
20200326,30.41,0.0,56.07,3.1
20200327,30.15,0.0,57.39,3.08
20200328,30.37,0.0,53.6,2.3
20200329,30.3,0.0,51.14,2.15
20200330,30.24,0.0,48.56,2.41
20200331,29.94,0.0,55.13,2.62
20200401,30.41,0.0,56.45,2.61
20200402,31.15,0.0,57.62,2.74
20200403,30.85,0.0,57.52,2.56
20200404,31.15,0.44,57.61,2.48
20200405,30.58,3.68,64.87,2.32
20200406,31.31,0.02,61.81,2.25
20200407,31.11,0.25,59.66,2.15
20200408,31.66,0.51,58.7,2.2
20200409,31.13,4.71,60.92,2.62
20200410,30.64,2.55,60.35,2.62
20200411,30.92,0.02,58.3,2.6
20200412,31.12,0.0,55.12,2.32
20200413,31.33,0.0,53.79,2.17
20200414,31.45,0.0,54.49,2.56
20200415,31.75,0.0,55.92,2.65
20200416,32.09,0.06,55.69,2.37
20200417,32.46,0.27,54.65,2.49
20200418,32.61,0.62,55.22,2.72
20200419,31.68,2.33,59.1,2.61
20200420,31.66,0.1,58.61,2.79
20200421,32.39,0.03,54.97,2.55
20200422,32.9,0.07,53.41,2.53
20200423,33.13,1.81,54.92,2.65
20200424,32.26,0.43,61.13,3.17
20200425,31.69,2.37,64.27,2.19
20200426,30.23,3.03,70.06,2.17
20200427,30.7,3.39,68.58,1.65
20200428,30.09,2.91,70.23,1.85
20200429,30.64,2.02,66.28,0.91
20200430,31.05,0.16,61.37,1.55
20200501,32.55,0.04,55.35,2.03
20200502,32.83,1.29,56.61,2.49
20200503,31.55,3.22,63.64,2.17
20200504,32.56,0.0,56.6,2.22
20200505,32.51,0.07,54.77,2.75
20200506,31.75,0.23,62.01,3.05
20200507,32.32,0.92,55.67,3.81
20200508,31.56,0.58,61.85,2.95
20200509,31.86,0.97,61.54,2.64
20200510,31.62,1.51,63.06,2.27
20200511,30.13,3.45,68.61,2.17
20200512,30.57,0.67,61.69,2.58
20200513,31.51,1.52,54.02,1.86
20200514,32.65,0.17,55.2,1.84
20200515,32.7,0.8,55.78,1.27
20200516,32.96,0.53,52.86,2.05
20200517,32.21,6.65,58.79,2.38
20200518,31.05,0.66,60.01,4.8
20200519,32.26,0.01,55.24,4.55
20200520,33.5,0.01,50.82,3.58
20200521,32.64,0.03,49.55,3.4
20200522,34.02,0.03,46.78,2.38
20200523,35.01,0.06,46.88,2.37
20200524,34.42,0.67,50.46,2.2
20200525,33.4,0.37,54.6,2.19
20200526,33.46,0.01,53.19,1.91
20200527,33.29,0.33,53.28,1.94
20200528,32.08,9.34,60.83,2.52
20200529,32.23,0.81,57.5,2.5
20200530,31.61,0.01,59.02,3.34
20200531,31.24,0.62,61.25,4.29
20200601,30.36,7.82,66.43,3.47
20200602,29.18,7.57,71.06,2.94
20200603,29.43,0.01,65.85,3.24
20200604,30.18,0.0,60.89,3.16
20200605,30.09,1.23,63.62,3.16
20200606,29.56,5.1,67.55,2.2
20200607,29.21,4.02,68.11,2.29
20200608,30.55,0.08,57.99,3.08
20200609,30.88,0.15,53.35,3.33
20200610,30.39,0.79,57.81,2.87
20200611,29.74,0.27,58.3,3.66
20200612,30.43,0.0,53.89,4.18
20200613,31.28,0.0,52.45,3.77
20200614,31.64,0.0,53.93,4.28
20200615,31.62,0.0,55.25,2.9
20200616,31.32,0.0,57.77,2.67
20200617,31.08,0.23,57.25,3.02
20200618,31.19,0.16,52.98,3.63
20200619,31.1,0.0,53.03,3.68
20200620,30.65,0.11,55.17,4.53
20200621,28.88,1.13,60.04,4.48
20200622,30.34,0.09,56.29,3.11
20200623,32.01,0.09,47.95,3.21
20200624,31.25,7.06,52.75,2.13
20200625,28.33,16.01,71.19,1.62
20200626,28.59,7.33,72.7,2.32
20200627,29.81,1.08,67.79,1.96
20200628,30.32,2.23,66.8,2.44
20200629,29.71,1.44,69.83,2.34
20200630,29.8,0.37,67.34,2.57
20200701,28.87,0.04,64.52,2.16
20200702,29.85,1.53,62.01,3.07
20200703,28.44,3.78,64.29,3.51
20200704,28.6,0.27,63.46,3.57
20200705,29.11,0.03,61.04,2.74
20200706,29.18,0.07,60.41,3.5
20200707,29.53,1.31,61.21,2.36
20200708,28.22,3.39,71.9,1.7
20200709,26.81,20.11,79.52,1.91
20200710,27.21,1.43,77.86,1.65
20200711,27.96,15.18,75.29,1.3
20200712,29.39,2.03,68.56,2.37
20200713,28.7,0.25,69.9,1.45
20200714,28.27,8.96,76.35,2.23
20200715,28.44,2.94,74.95,2.01
20200716,28.4,1.19,70.35,2.46
20200717,28.19,0.06,68.23,3.01
20200718,28.72,1.12,67.16,1.25
20200719,27.66,4.16,74.94,1.33
20200720,27.67,9.33,78.94,2.15
20200721,27.69,0.61,76.34,1.73
20200722,27.74,0.08,76.87,2.86
20200723,28.25,5.67,73.95,3.23
20200724,28.04,9.85,75.57,2.91
20200725,28.61,8.49,70.76,1.96
20200726,28.01,1.04,71.76,2.05
20200727,28.1,1.11,71.11,2.26
20200728,27.98,6.21,73.84,2.51
20200729,26.71,12.28,78.71,2.11
20200730,29.0,0.15,70.59,2.23
20200731,28.74,9.96,73.74,2.12
20200801,28.3,2.2,71.88,2.68
20200802,28.02,0.33,68.75,3.66
20200803,28.24,0.31,69.58,3.89
20200804,27.73,0.3,65.43,4.6
20200805,28.72,0.03,60.45,5.07
20200806,29.27,0.23,66.18,3.7
20200807,29.9,0.03,64.47,4.06
20200808,27.96,11.19,72.59,3.25
20200809,26.7,5.84,76.71,3.42
20200810,27.86,0.03,70.99,2.96
20200811,28.92,1.08,70.06,3.04
20200812,29.17,0.05,67.66,3.38
20200813,28.93,0.0,68.96,2.7
20200814,29.12,0.0,67.09,3.03
20200815,28.62,0.0,66.66,2.58
20200816,29.2,0.0,66.39,2.88
20200817,30.06,0.0,64.83,2.53
20200818,30.22,0.52,64.85,2.68
20200819,29.32,0.04,68.46,2.04
20200820,28.65,0.0,69.52,2.68
20200821,29.71,0.04,66.04,1.67
20200822,29.93,2.06,68.99,1.46
20200823,29.32,10.96,73.79,1.65
20200824,28.35,21.83,77.62,1.31
20200825,28.79,5.73,77.61,1.29
20200826,28.17,1.42,78.03,1.16
20200827,28.65,0.56,73.23,1.55
20200828,29.78,0.78,66.86,1.98
20200829,29.46,0.58,69.27,1.99
20200830,29.18,1.05,69.98,1.62
20200831,28.94,5.59,74.34,1.73
20200901,27.37,11.65,80.14,1.86
20200902,26.94,10.93,79.73,1.58
20200903,27.42,7.71,79.27,1.31
20200904,28.28,2.38,78.98,1.17
20200905,28.19,0.84,77.12,1.99
20200906,28.11,9.08,75.11,2.54
20200907,28.22,0.28,74.33,2.3
20200908,28.25,3.25,75.99,1.47
20200909,27.45,15.01,81.3,2.3
20200910,26.67,4.49,79.51,3.29
20200911,26.65,1.06,75.98,3.33
20200912,27.81,0.14,71.1,2.29
20200913,26.72,1.68,75.35,2.32
20200914,27.85,0.23,68.44,3.17
20200915,27.65,0.74,70.14,2.5
20200916,28.79,0.03,69.78,2.3
20200917,28.79,1.05,71.56,2.57
20200918,29.21,0.32,66.58,3.63
20200919,28.24,0.19,66.99,4.17
20200920,27.21,0.14,66.56,4.82
20200921,27.82,0.04,67.16,3.67
20200922,28.33,0.0,64.39,3.32
20200923,28.81,0.0,64.02,2.59
20200924,28.53,0.03,70.05,1.92
20200925,27.62,1.93,74.36,1.8
20200926,27.12,0.43,74.21,2.32
20200927,28.33,12.0,70.76,1.46
20200928,27.32,13.21,81.99,1.44
20200929,25.94,20.34,86.71,1.53
20200930,26.63,6.1,80.29,2.15
20201001,27.13,0.09,75.38,2.19
20201002,27.54,0.25,72.65,2.1
20201003,26.81,1.22,76.16,2.17
20201004,27.49,0.09,71.57,2.52
20201005,28.26,0.19,67.37,2.31
20201006,29.12,7.69,71.19,1.69
20201007,28.86,6.38,76.42,2.15
20201008,27.63,14.21,83.86,1.28
20201009,27.08,8.44,83.45,1.4
20201010,27.13,1.09,78.79,1.66
20201011,26.33,0.06,77.92,2.74
20201012,27.38,0.14,71.88,2.87
20201013,27.25,0.12,73.28,3.42
20201014,27.6,0.03,69.18,3.02
20201015,28.07,0.05,70.25,2.24
20201016,27.72,2.39,75.91,1.69
20201017,27.79,5.78,77.49,1.41
20201018,27.35,7.52,80.12,1.43
20201019,27.36,4.39,79.95,1.55
20201020,26.52,7.84,83.84,1.96
20201021,27.45,1.06,77.2,1.83
20201022,26.75,1.12,79.62,2.17
20201023,27.54,0.04,75.83,1.48
20201024,25.67,0.0,73.3,2.21
20201025,27.34,28.37,73.8,1.1
20201026,27.27,0.06,80.59,1.06
20201027,27.41,0.05,78.64,1.6
20201028,27.35,1.37,77.03,1.6
20201029,27.09,1.71,78.06,1.89
20201030,26.84,4.81,79.31,1.52
20201031,27.54,3.98,73.07,0.9
20201101,27.58,0.14,73.74,0.89
20201102,28.14,0.16,74.58,1.07
20201103,28.13,0.33,75.62,1.62
20201104,27.6,2.22,79.62,1.35
20201105,27.1,12.01,80.78,1.63
20201106,26.11,7.99,86.45,1.97
20201107,26.29,1.25,85.88,2.22
20201108,25.94,5.11,87.57,2.44
20201109,26.46,0.1,75.05,3.14
20201110,25.94,0.03,72.85,2.82
20201111,26.3,2.38,78.65,2.87
20201112,26.08,11.97,88.77,2.06
20201113,26.28,13.47,87.72,2.09
20201114,26.45,3.35,85.42,2.92
20201115,26.03,9.12,90.76,2.64
20201116,25.69,31.29,92.87,2.08
20201117,25.82,30.14,88.42,2.42
20201118,25.75,8.67,88.99,1.83
20201119,25.87,2.49,86.91,2.14
20201120,25.5,0.7,85.89,2.41
20201121,24.94,0.03,82.51,2.43
20201122,24.18,0.0,81.63,1.85
20201123,24.48,0.31,83.79,2.71
20201124,24.26,1.54,89.33,3.13
20201125,25.41,7.27,85.75,3.42
20201126,25.37,20.83,88.3,3.36
20201127,25.68,12.63,87.0,1.15
20201128,25.74,3.15,87.18,1.98
20201129,25.4,0.86,89.46,2.28
20201130,25.39,1.74,87.81,3.06
20201201,24.62,0.42,83.48,3.05
20201202,24.67,22.37,85.89,4.09
20201203,24.42,57.33,90.97,4.41
20201204,25.01,30.24,94.73,4.13
20201205,25.0,10.61,94.36,3.51
20201206,24.88,16.81,92.26,3.76
20201207,25.49,8.32,91.58,2.73
20201208,25.52,7.02,90.48,2.23
20201209,25.19,2.14,88.92,2.24
20201210,24.24,0.06,86.47,2.18
20201211,23.57,0.0,85.5,2.2
20201212,23.59,0.02,86.21,2.16
20201213,23.46,0.0,83.62,1.94
20201214,23.01,0.0,83.64,2.08
20201215,23.62,3.36,88.24,2.68
20201216,23.83,28.19,92.9,3.11
20201217,24.49,12.49,92.86,2.23
20201218,24.12,12.89,92.33,2.8
20201219,23.52,4.02,88.58,3.42
20201220,23.47,0.1,86.85,3.24
20201221,22.22,0.0,88.55,2.94
20201222,22.28,0.07,88.06,2.58
20201223,22.97,0.09,88.55,2.22
20201224,23.47,0.0,86.68,2.57
20201225,22.92,0.04,86.41,2.48
20201226,22.08,0.01,84.64,2.49
20201227,22.87,0.17,85.16,2.78
20201228,22.96,0.05,84.24,2.51
20201229,23.74,1.3,87.67,2.65
20201230,24.6,6.17,89.1,3.62
20201231,24.57,11.44,90.91,3.43
20210101,23.29,0.63,86.75,2.86
20210102,23.56,3.28,89.94,2.94
20210103,24.67,12.18,90.62,3.08
20210104,24.96,6.7,88.38,3.16
20210105,24.5,1.6,91.38,2.36
20210106,24.6,8.67,93.03,1.65
20210107,25.06,14.05,91.55,2.08
20210108,25.62,8.18,89.37,1.98
20210109,24.55,9.63,93.33,2.23
20210110,24.11,9.44,92.94,2.09
20210111,24.18,30.53,92.97,2.81
20210112,24.18,28.46,93.98,3.39
20210113,24.33,22.42,92.7,3.21
20210114,24.34,14.68,91.89,2.84
20210115,24.04,12.13,93.04,2.69
20210116,24.37,1.77,90.0,2.56
20210117,22.67,0.09,87.93,2.24
20210118,22.12,0.01,86.11,2.51
20210119,22.81,0.0,84.67,2.27
20210120,23.75,0.44,87.21,2.25
20210121,25.42,0.6,88.93,1.92
20210122,25.43,0.16,88.25,1.9
20210123,24.3,0.04,87.6,2.1
20210124,23.51,0.0,85.21,2.05
20210125,23.08,0.0,85.73,1.95
20210126,22.42,0.0,83.4,2.1
20210127,22.36,0.0,80.99,1.97
20210128,23.01,0.0,84.35,2.57
20210129,23.7,0.39,86.14,2.77
20210130,24.1,0.04,85.76,2.48
20210131,23.73,0.0,85.96,2.6
20210201,23.32,0.08,85.16,2.95
20210202,23.43,0.35,85.02,2.74
20210203,23.68,0.0,84.82,2.77
20210204,22.78,0.0,81.66,2.36
20210205,22.36,0.0,82.78,2.5
20210206,22.45,0.0,82.93,2.5
20210207,21.97,0.0,81.24,2.79
20210208,22.1,0.0,81.45,3.11
20210209,21.95,0.0,81.73,2.94
20210210,21.56,0.0,80.99,2.42
20210211,21.33,0.0,80.28,2.18
20210212,21.62,0.0,80.3,2.04
20210213,22.34,0.0,79.32,1.84
20210214,22.52,0.0,78.76,1.85
20210215,23.49,0.0,79.29,1.86
20210216,24.09,0.0,80.68,1.81
20210217,23.94,0.0,81.49,2.14
20210218,24.06,0.01,81.99,2.46
20210219,24.74,0.04,83.55,2.52
20210220,25.8,3.2,82.61,3.36
20210221,25.9,2.59,83.62,3.2
20210222,25.42,0.27,81.79,3.08
20210223,25.22,0.0,80.38,2.49
20210224,24.87,0.0,79.44,2.07
20210225,24.95,0.0,76.92,1.77
20210226,25.3,0.0,72.12,1.73
20210227,25.58,0.0,71.48,1.45
20210228,24.78,0.0,75.77,1.79
20210301,25.2,0.0,75.0,1.79
20210302,25.12,0.0,75.3,1.97
20210303,24.68,0.0,74.45,2.33
20210304,24.79,0.0,75.25,2.24
20210305,25.3,0.0,74.36,2.02
20210306,26.21,0.0,71.84,1.91
20210307,26.92,0.0,74.14,2.25
20210308,27.08,0.02,75.94,2.5
20210309,27.32,0.02,73.02,2.8
20210310,26.78,4.54,79.06,2.6
20210311,27.38,1.16,74.11,2.47
20210312,26.85,0.06,69.36,2.35
20210313,26.56,0.0,73.34,2.41
20210314,27.09,0.0,70.68,2.52
20210315,27.24,0.0,66.42,2.29
20210316,27.47,0.0,67.52,2.23
20210317,27.34,0.0,69.08,2.23
20210318,26.84,0.0,68.73,2.21
20210319,27.31,0.0,66.91,2.01
20210320,28.19,0.0,65.71,1.67
20210321,28.65,0.01,62.25,1.72
20210322,28.31,0.47,67.32,2.1
20210323,28.28,0.0,68.34,2.14
20210324,28.22,0.0,68.71,1.89
20210325,28.1,0.0,68.2,1.75
20210326,28.35,0.01,71.32,2.04
20210327,29.25,0.0,68.59,2.19
20210328,29.59,0.14,65.1,1.76
20210329,29.81,0.04,64.24,2.14
20210330,30.57,0.0,59.58,2.41
20210331,31.41,0.0,59.42,2.3
20210401,31.74,0.62,61.44,2.4
20210402,32.12,0.17,58.31,2.92
20210403,32.1,0.0,54.33,2.2
20210404,32.38,0.07,51.74,2.2
20210405,32.24,0.01,53.72,2.14
20210406,30.34,0.25,62.7,2.34
20210407,29.88,0.0,60.83,2.33
20210408,29.84,0.0,59.97,1.9
20210409,30.53,0.01,59.28,2.41
20210410,30.23,0.62,61.95,2.52
20210411,30.3,1.36,61.15,2.3
20210412,29.8,4.9,64.91,2.24
20210413,28.61,2.63,71.87,2.01
20210414,28.72,7.6,73.65,1.77
20210415,27.79,8.55,77.45,1.13
20210416,28.26,2.83,74.96,1.1
20210417,30.28,0.01,67.09,1.65
20210418,30.63,0.02,63.8,2.03
20210419,31.64,0.04,60.42,1.44
20210420,30.94,0.07,63.14,1.05
20210421,30.74,0.35,64.32,1.33
20210422,30.56,0.02,66.22,1.97
20210423,30.49,0.97,64.84,1.49
20210424,29.76,2.49,69.82,1.38
20210425,30.0,1.66,69.61,1.88
20210426,30.57,0.36,65.92,2.03
20210427,29.98,0.03,66.68,1.54
20210428,30.71,0.01,63.99,1.94
20210429,31.51,0.02,62.18,2.08
20210430,31.56,0.14,63.51,2.58
20210501,29.91,1.89,71.0,2.03
20210502,30.32,2.35,67.9,2.26
20210503,29.84,3.54,70.78,2.22
20210504,28.82,5.6,76.56,1.88
20210505,29.3,0.94,72.56,1.79
20210506,30.65,0.19,65.79,2.4
20210507,29.59,3.03,71.64,2.12
20210508,29.19,1.71,72.95,2.17
20210509,29.58,1.5,71.6,1.63
20210510,30.09,0.82,69.46,1.88
20210511,30.77,0.14,66.01,2.16
20210512,31.71,0.4,62.92,1.82
20210513,31.25,6.46,64.05,1.81
20210514,30.66,2.93,65.4,3.44
20210515,29.41,0.74,67.19,5.01
20210516,29.59,0.77,68.59,3.33
20210517,30.45,4.83,65.77,2.32
20210518,30.24,1.83,70.16,1.61
20210519,29.7,5.91,73.15,2.27
20210520,28.38,7.22,77.75,2.63
20210521,28.52,2.64,71.84,2.93
20210522,28.27,0.68,72.07,2.83
20210523,30.95,0.03,60.27,2.12
20210524,30.84,0.01,61.2,3.19
20210525,29.05,1.32,66.06,3.68
20210526,29.26,1.25,61.87,4.79
20210527,30.98,0.0,56.76,3.84
20210528,31.65,0.0,54.81,3.08
20210529,31.68,0.01,54.33,2.83
20210530,31.82,0.01,53.23,3.7
20210531,32.17,0.27,52.78,2.67
20210601,31.88,0.13,56.7,2.48
20210602,32.6,3.9,55.83,1.89
20210603,29.32,4.23,75.56,1.84
20210604,27.41,4.66,85.2,1.26
20210605,27.56,13.45,74.96,2.59
20210606,29.13,0.39,66.77,2.14
20210607,30.52,0.01,65.24,1.86
20210608,30.61,1.85,62.74,2.42
20210609,29.89,0.91,64.9,2.87
20210610,31.04,0.05,58.56,3.61
20210611,30.66,0.0,57.76,3.43
20210612,30.21,4.0,60.22,4.18
20210613,28.87,0.24,66.61,3.92
20210614,28.9,0.01,56.55,5.48
20210615,29.75,0.0,58.81,3.91
20210616,29.79,0.03,64.22,3.85
20210617,30.16,0.0,61.03,3.62
20210618,30.1,0.0,60.51,3.62
20210619,29.89,0.0,58.32,2.91
20210620,30.33,0.0,60.21,2.72
20210621,30.92,0.21,58.69,2.76
20210622,30.13,2.35,61.61,2.14
20210623,28.99,11.7,71.14,1.51
20210624,29.38,1.16,67.92,2.26
20210625,30.41,0.01,58.15,2.58
20210626,29.85,0.27,59.96,3.17
20210627,29.72,0.05,59.48,2.64
20210628,29.83,0.1,58.17,1.82
20210629,30.17,4.67,63.13,1.99
20210630,29.95,3.39,70.38,1.7
20210701,28.97,24.25,76.47,1.93
20210702,29.0,3.72,74.03,2.15
20210703,28.66,2.94,72.54,1.26
20210704,26.58,18.72,80.88,2.42
20210705,28.7,7.13,72.84,1.51
20210706,28.66,0.01,72.79,1.62
20210707,29.27,2.71,72.03,1.3
20210708,29.48,10.74,73.0,1.68
20210709,28.61,2.58,75.41,2.24
20210710,27.77,0.33,68.81,4.31
20210711,28.21,0.04,60.57,4.72
20210712,28.72,0.02,63.08,4.78
20210713,28.86,0.05,64.74,4.04
20210714,28.05,3.06,68.61,3.76
20210715,28.64,0.65,65.81,3.62
20210716,28.92,1.59,68.26,2.4
20210717,28.47,3.13,70.66,2.45
20210718,28.04,1.81,73.04,3.39
20210719,29.02,0.03,66.9,3.69
20210720,29.98,0.02,62.68,4.48
20210721,29.47,0.02,63.91,4.35
20210722,29.31,0.21,64.0,5.22
20210723,29.52,0.96,61.32,5.18
20210724,29.59,0.06,62.95,3.77
20210725,29.77,1.61,60.73,3.69
20210726,29.6,2.96,64.64,3.11
20210727,27.99,1.16,71.5,2.68
20210728,29.43,0.74,63.06,3.15
20210729,30.21,0.02,61.13,3.06
20210730,29.81,0.0,62.58,3.42
20210731,30.47,0.01,59.58,3.6
20210801,30.71,0.0,57.97,3.81
20210802,30.03,0.01,56.4,3.44
20210803,29.84,0.0,58.62,3.86
20210804,30.62,0.0,55.74,4.66
20210805,30.18,0.14,59.04,3.78
20210806,30.18,0.96,62.73,3.16
20210807,29.83,5.12,65.9,2.81
20210808,29.68,1.48,64.53,1.88
20210809,28.83,22.53,66.8,2.75
20210810,28.51,4.75,68.36,3.15
20210811,28.46,4.25,68.04,2.64
20210812,27.31,2.22,71.74,3.16
20210813,27.74,0.4,69.32,2.55
20210814,29.07,1.93,66.15,3.02
20210815,29.71,0.24,61.31,3.06
20210816,29.98,0.05,59.25,2.68
20210817,28.81,10.61,64.8,2.19
20210818,27.02,10.33,70.74,3.1
20210819,28.86,1.44,61.99,3.24
20210820,28.02,0.55,64.88,2.02
20210821,26.83,8.01,74.26,1.15
20210822,27.23,7.15,76.56,1.14
20210823,27.61,9.74,76.06,1.64
20210824,28.32,7.64,73.2,2.03
20210825,29.39,1.19,67.6,2.07
20210826,29.63,0.85,69.11,1.53
20210827,28.25,0.49,76.21,2.11
20210828,27.13,0.59,77.16,2.11
20210829,27.68,0.11,72.55,2.82
20210830,28.72,0.0,65.55,3.52
20210831,29.44,2.94,67.09,1.95
20210901,28.75,3.77,70.95,1.47
20210902,26.75,37.82,81.49,1.92
20210903,26.43,11.48,80.96,1.87
20210904,27.42,4.95,77.64,2.06
20210905,28.18,3.16,71.59,3.1
20210906,26.92,0.97,70.35,3.59
20210907,28.02,0.1,70.15,3.12
20210908,27.64,0.66,74.66,2.29
20210909,28.6,0.01,70.15,1.79
20210910,28.84,0.16,69.72,2.61
20210911,29.18,0.47,68.65,2.76
20210912,28.33,0.04,71.1,3.04
20210913,28.28,0.0,71.21,3.15
20210914,28.73,0.0,72.39,2.04
20210915,28.76,6.89,74.32,2.05
20210916,28.23,3.11,77.25,1.6
20210917,27.89,13.2,78.8,1.34
20210918,27.89,10.84,79.92,1.01
20210919,27.71,8.17,81.05,1.66
20210920,27.75,5.91,78.44,1.52
20210921,28.0,0.28,75.04,1.55
20210922,28.87,0.29,69.72,2.03
20210923,28.52,4.39,76.59,1.38
20210924,28.19,15.97,76.69,1.78
20210925,27.66,7.8,81.68,1.69
20210926,27.07,1.09,79.92,1.6
20210927,27.49,1.35,75.41,3.28
20210928,26.8,0.07,69.79,2.91
20210929,28.03,2.05,67.68,2.14
20210930,27.92,25.24,72.93,1.5
20211001,26.89,14.21,83.7,0.88
20211002,26.61,7.52,86.69,1.03
20211003,27.66,5.07,82.26,1.12
20211004,27.63,6.0,83.05,1.08
20211005,26.69,10.3,86.76,0.73
20211006,26.98,5.95,82.85,1.83
20211007,27.34,0.42,82.29,1.96
20211008,27.36,10.06,84.52,2.23
20211009,26.93,3.4,85.77,1.86
20211010,27.38,3.79,82.61,1.58
20211011,26.32,19.18,86.3,1.64
20211012,26.04,4.97,83.42,1.8
20211013,26.43,0.77,80.47,2.04
20211014,27.77,2.97,81.46,1.45
20211015,27.51,0.66,82.8,1.71
20211016,27.38,9.05,87.75,2.95
20211017,27.01,5.41,87.2,2.58
20211018,27.41,0.98,82.07,1.49
20211019,26.95,1.0,83.36,1.58
20211020,26.84,8.07,87.13,0.78
20211021,26.75,9.74,87.71,0.72
20211022,26.59,6.77,87.28,1.11
20211023,26.78,2.41,85.29,1.53
20211024,26.6,6.53,77.99,0.74
20211025,26.48,10.6,81.55,1.28
20211026,26.26,4.43,85.64,1.53
20211027,26.19,2.92,85.84,1.7
20211028,25.76,4.11,85.89,1.39
20211029,24.88,19.69,90.78,2.61
20211030,24.97,14.32,91.1,2.47
20211031,25.49,16.6,91.32,2.3
20211101,25.36,11.57,91.23,2.24
20211102,25.62,20.86,91.66,2.43
20211103,25.15,23.04,92.4,1.77
20211104,25.83,3.84,87.76,0.66
20211105,25.44,4.54,89.58,1.14
20211106,25.41,24.26,88.62,1.05
20211107,25.25,12.35,87.9,1.34
20211108,25.03,9.73,90.97,1.26
20211109,23.91,38.07,92.08,2.58
20211110,23.65,14.62,89.45,2.88
20211111,24.35,1.85,88.25,3.12
20211112,26.27,4.77,86.66,1.59
20211113,26.48,0.24,85.86,1.33
20211114,25.45,7.3,91.45,2.1
20211115,26.6,4.46,85.19,0.85
20211116,26.64,4.77,87.47,0.86
20211117,25.61,26.56,93.42,1.34
20211118,24.76,10.18,91.66,3.01
20211119,25.85,5.85,88.18,3.88
20211120,26.75,3.53,87.93,2.32
20211121,25.87,0.57,85.19,1.33
20211122,24.87,2.2,90.05,1.74
20211123,25.16,6.56,93.6,1.87
20211124,25.04,4.72,94.07,1.91
20211125,25.13,33.99,93.81,2.27
20211126,25.44,14.48,94.3,2.45
20211127,24.38,18.57,93.9,2.62
20211128,24.87,15.27,93.63,2.7
20211129,24.68,18.31,93.09,2.49
20211130,24.75,12.68,93.79,1.83
20211201,25.62,2.68,90.85,1.87
20211202,25.32,0.88,90.84,2.4
20211203,24.06,0.02,84.77,1.34
20211204,25.32,0.81,77.21,0.7
20211205,26.2,5.72,85.35,0.98
20211206,26.25,2.56,87.32,1.42
20211207,25.52,0.12,89.17,1.99
20211208,25.13,0.24,90.54,2.09
20211209,24.51,2.51,92.13,2.24
20211210,24.61,0.18,88.83,2.42
20211211,25.07,4.2,90.57,2.72
20211212,25.06,4.44,89.8,3.14
20211213,24.88,2.32,89.99,2.85
20211214,24.96,3.11,90.31,3.0
20211215,24.7,2.28,90.68,2.94
20211216,24.03,0.67,88.19,3.48
20211217,23.3,0.17,87.33,2.9
20211218,23.24,0.03,86.15,3.18
20211219,22.49,0.0,85.86,2.84
20211220,22.53,0.0,85.37,2.56
20211221,22.52,0.0,82.11,2.03
20211222,21.99,0.0,85.21,1.66
20211223,21.01,0.0,84.39,1.65
20211224,21.46,0.0,85.03,1.67
20211225,22.0,0.0,85.98,1.7
20211226,22.24,0.0,86.81,1.72
20211227,22.74,0.0,85.63,2.01
20211228,22.96,0.11,86.02,2.14
20211229,22.83,0.01,83.57,1.95
20211230,23.5,7.43,89.59,2.92
20211231,25.0,10.9,90.63,3.3
20220101,25.03,26.42,90.62,3.42
20220102,24.49,7.25,88.82,3.37
20220103,23.67,0.06,86.81,2.9
20220104,23.16,0.0,87.5,2.77
20220105,22.67,0.0,85.66,2.28
20220106,23.87,0.04,88.54,2.44
20220107,24.08,0.07,88.75,2.3
20220108,23.81,0.0,87.59,2.43
20220109,23.41,0.0,87.14,2.03
20220110,24.05,0.01,86.68,1.77
20220111,24.32,0.09,86.52,1.87
20220112,24.7,0.05,86.56,1.52
20220113,25.38,0.0,85.89,1.4
20220114,25.59,0.0,84.87,1.44
20220115,25.29,0.02,85.68,1.79
20220116,24.81,0.86,86.88,2.52
20220117,24.61,1.83,86.44,2.7
20220118,23.71,0.43,84.49,2.84
20220119,23.33,0.0,84.79,2.21
20220120,22.84,0.0,80.64,1.52
20220121,24.14,0.0,79.11,0.86
20220122,25.22,0.0,79.8,1.38
20220123,25.68,0.0,83.13,1.7
20220124,25.61,0.03,83.91,1.55
20220125,25.13,0.11,83.3,1.87
20220126,24.57,0.14,81.73,1.99
20220127,24.21,0.01,81.29,2.25
20220128,24.15,0.09,82.84,3.11
20220129,24.74,0.61,84.2,3.54
20220130,24.96,0.41,83.58,2.94
20220131,25.0,0.01,84.31,2.12
20220201,24.86,0.0,82.42,2.19
20220202,23.02,0.0,79.1,1.96
20220203,23.2,0.0,75.82,1.13
20220204,25.13,0.0,75.58,1.23
20220205,25.86,0.0,78.78,1.98
20220206,25.29,0.0,79.52,2.25
20220207,24.77,0.0,78.07,2.44
20220208,23.66,0.0,76.23,2.6
20220209,23.13,0.0,75.7,2.64
20220210,24.4,0.69,74.92,3.02
20220211,24.91,5.87,83.81,3.22
20220212,24.8,6.99,81.85,3.16
20220213,24.79,0.28,78.21,3.16
20220214,24.81,0.7,78.1,2.88
20220215,24.4,0.65,74.25,2.81
20220216,24.46,0.0,70.76,2.56
20220217,24.83,0.0,71.85,2.44
20220218,25.45,0.05,75.85,2.6
20220219,25.53,0.04,76.03,2.75
20220220,26.54,0.0,74.02,2.12
20220221,27.74,0.0,69.51,1.24
20220222,27.19,0.0,70.67,2.04
20220223,26.2,0.38,71.28,2.93
20220224,25.61,0.64,70.76,2.69
20220225,25.55,0.0,67.33,2.89
20220226,26.18,1.1,74.27,2.8
20220227,26.7,0.32,70.81,3.27
20220228,26.05,0.0,69.51,2.43
20220301,26.29,0.0,64.41,2.89
20220302,26.04,0.0,65.21,3.11
20220303,26.05,0.0,68.15,3.29
20220304,26.58,1.39,69.06,3.73
20220305,26.97,0.01,68.51,3.31
20220306,27.16,1.04,69.25,3.51
20220307,26.79,7.45,72.53,3.31
20220308,27.5,0.36,68.83,2.53
20220309,27.45,0.0,66.09,2.22
20220310,27.17,0.0,64.25,2.45
20220311,26.93,0.0,66.89,2.57
20220312,26.8,0.0,63.68,2.68
20220313,27.29,0.0,65.25,2.86
20220314,27.87,0.0,63.37,2.63
20220315,27.56,0.0,63.69,1.71
20220316,28.89,0.0,55.27,1.83
20220317,29.07,0.0,55.44,1.98
20220318,29.6,0.0,56.31,1.62
20220319,29.87,0.0,63.35,1.38
20220320,31.46,0.18,56.96,1.49
20220321,31.83,1.26,56.05,1.63
20220322,30.5,2.04,62.06,2.03
20220323,30.42,2.33,65.2,1.58
20220324,30.09,0.15,66.04,1.72
20220325,29.83,0.44,64.66,1.8
20220326,30.21,0.9,63.97,2.04
20220327,30.28,0.45,64.6,1.69
20220328,30.93,0.0,61.82,2.32
20220329,31.16,0.01,60.56,2.34
20220330,31.11,0.15,60.7,2.91
20220331,31.15,0.02,59.8,2.7
20220401,30.96,0.03,61.01,3.06
20220402,31.05,0.14,60.3,2.5
20220403,30.01,4.06,66.03,2.16
20220404,30.28,1.07,64.11,2.29
20220405,30.5,0.19,60.31,2.33
20220406,29.64,1.47,63.25,1.87
20220407,30.5,0.27,60.69,1.94
20220408,30.06,3.99,64.04,1.72
20220409,28.51,4.54,71.63,1.49
20220410,29.13,11.9,68.09,1.79
20220411,28.55,7.05,74.03,2.04
20220412,28.18,6.97,76.89,1.27
20220413,27.91,8.26,78.65,1.82
20220414,28.13,1.05,70.32,2.46
20220415,30.57,0.53,64.47,2.59
20220416,30.56,2.15,68.49,2.46
20220417,30.52,3.91,69.5,1.85
20220418,30.32,2.64,68.45,1.78
20220419,31.1,0.36,60.76,1.43
20220420,30.82,0.01,64.36,1.51
20220421,29.97,0.0,70.48,2.2
20220422,29.4,5.21,73.11,2.32
20220423,27.61,10.11,77.78,1.13
20220424,30.31,0.88,64.72,1.96
20220425,30.08,0.04,67.29,2.0
20220426,30.52,0.0,64.44,2.13
20220427,30.86,0.0,64.5,2.05
20220428,30.22,0.0,67.44,2.12
20220429,30.72,0.01,67.77,2.01
20220430,31.49,0.01,64.87,1.76
20220501,31.91,0.29,62.14,1.6
20220502,32.2,0.39,60.12,2.0
20220503,31.09,1.32,68.18,1.26
20220504,30.45,2.91,70.99,1.37
20220505,30.25,1.99,70.56,1.51
20220506,30.15,3.24,57.42,1.85
20220507,30.9,3.61,62.08,1.53
20220508,32.0,0.06,61.08,1.5
20220509,30.92,1.17,64.19,3.08
20220510,30.39,0.07,61.52,4.3
20220511,31.66,0.01,55.81,4.4
20220512,31.18,0.39,57.44,3.55
20220513,31.27,0.6,58.52,3.27
20220514,30.32,5.55,63.62,2.83
20220515,28.77,8.82,75.77,2.36
20220516,28.06,4.75,79.41,2.28
20220517,29.2,4.86,72.76,2.46
20220518,30.02,1.07,68.66,2.83
20220519,29.74,0.88,67.25,3.74
20220520,30.24,0.72,59.81,3.41
20220521,30.06,0.06,63.88,3.43
20220522,30.81,0.04,57.56,4.22
20220523,31.42,0.05,60.5,2.75
20220524,32.04,1.79,59.64,2.39
20220525,30.34,2.02,70.14,1.61
20220526,30.13,1.36,67.03,2.33
20220527,30.54,0.86,58.87,2.44
20220528,30.43,3.4,64.15,2.48
20220529,29.01,10.11,70.35,2.57
20220530,29.77,4.24,67.27,2.2
20220531,30.66,1.28,60.02,2.42
20220601,29.72,0.46,64.01,3.23
20220602,30.72,0.16,61.86,2.78
20220603,30.31,0.0,61.11,2.13
20220604,30.09,0.0,62.81,1.92
20220605,30.16,10.38,67.34,1.54
20220606,28.05,29.54,81.79,1.65
20220607,28.86,5.39,73.36,1.67
20220608,29.41,0.0,68.26,2.35
20220609,30.0,0.0,64.75,2.08
20220610,29.5,0.01,66.72,2.22
20220611,29.95,0.19,61.56,2.69
20220612,28.6,0.96,63.9,2.68
20220613,29.35,0.23,63.51,1.96
20220614,29.65,10.17,68.51,2.08
20220615,28.3,6.97,73.92,2.67
20220616,27.57,7.05,76.75,1.88
20220617,26.66,15.18,81.24,1.61
20220618,27.28,4.59,78.58,1.59
20220619,27.73,4.64,78.42,1.56
20220620,28.61,0.38,70.04,2.15
20220621,28.97,1.8,68.74,2.62
20220622,28.19,1.55,71.79,1.75
20220623,28.86,0.16,68.68,1.81
20220624,28.05,0.06,67.77,3.24
20220625,28.31,0.01,66.23,3.54
20220626,29.35,0.0,59.51,3.57
20220627,29.87,0.0,62.49,3.15
20220628,29.66,0.01,62.32,3.42
20220629,30.07,0.02,62.05,3.83
20220630,28.68,1.58,69.13,3.89
20220701,29.35,0.38,66.77,3.7
20220702,28.57,0.71,67.9,3.39
20220703,28.64,0.71,68.13,4.01
20220704,28.91,0.07,62.11,5.13
20220705,28.82,0.05,61.2,5.31
20220706,29.2,0.03,60.6,4.22
20220707,28.48,1.12,63.3,4.03
20220708,28.92,0.14,61.68,4.15
20220709,28.22,0.03,64.24,4.73
20220710,28.8,0.04,59.95,4.87
20220711,28.74,8.26,60.96,5.14
20220712,28.5,0.2,61.67,5.03
20220713,29.32,0.23,60.63,5.54
20220714,29.41,0.13,58.66,5.67
20220715,29.05,0.01,62.27,4.41
20220716,29.0,0.17,65.29,3.18
20220717,29.29,3.31,66.65,3.08
20220718,28.65,0.77,65.32,3.14
20220719,29.73,1.81,64.77,2.08
20220720,29.15,0.39,71.12,1.57
20220721,29.34,5.53,69.96,2.54
20220722,27.22,32.2,80.41,2.37
20220723,28.2,6.84,71.85,2.8
20220724,28.21,4.37,68.31,2.75
20220725,29.13,3.72,69.01,2.05
20220726,26.49,11.93,84.17,1.53
20220727,27.41,11.84,79.55,0.7
20220728,27.82,2.26,76.5,1.29
20220729,28.44,4.43,71.85,1.47
20220730,28.58,6.08,72.83,1.78
20220731,27.83,9.66,80.36,1.91
20220801,27.27,8.75,80.88,2.4
20220802,27.04,3.83,80.57,2.22
20220803,26.3,3.17,82.77,1.64
20220804,26.05,3.12,84.31,2.79
20220805,27.57,0.09,72.02,4.43
20220806,27.47,0.33,73.28,3.41
20220807,27.8,0.13,71.68,3.94
20220808,27.76,0.13,72.29,4.15
20220809,28.23,0.05,68.8,4.35
20220810,28.02,0.0,68.32,3.85
20220811,28.74,0.0,66.48,3.79
20220812,28.98,0.0,65.95,3.47
20220813,28.46,0.0,66.39,3.37
20220814,29.16,0.0,61.9,3.13
20220815,29.75,0.0,63.77,2.08
20220816,29.21,0.14,70.0,1.98
20220817,29.07,1.38,74.68,1.27
20220818,28.81,8.9,72.74,2.17
20220819,28.48,5.17,74.64,2.21
20220820,29.02,1.02,70.13,2.58
20220821,28.95,3.76,68.39,2.92
20220822,28.47,13.81,73.06,3.16
20220823,27.81,8.79,74.35,2.97
20220824,27.25,1.75,75.95,2.35
20220825,25.9,3.76,84.75,2.07
20220826,26.94,10.66,80.35,1.77
20220827,26.11,6.58,81.68,2.76
20220828,26.54,11.25,79.9,2.09
20220829,27.6,2.15,78.03,1.5
20220830,27.57,9.5,81.55,1.57
20220831,26.37,6.15,85.03,1.22
20220901,26.36,4.88,82.47,0.91
20220902,27.35,1.55,78.6,2.28
20220903,28.19,0.19,76.9,1.76
20220904,28.11,15.65,80.6,1.1
20220905,27.77,13.61,82.3,1.79
20220906,27.55,3.32,75.73,1.9
20220907,26.53,5.34,83.44,1.7
20220908,26.58,0.12,80.98,2.02
20220909,26.88,0.0,80.0,2.26
20220910,27.56,0.22,76.2,2.75
20220911,27.72,0.08,75.76,2.94
20220912,28.1,0.0,73.46,2.79
20220913,28.31,0.29,73.65,1.83
20220914,28.38,0.74,74.08,1.78
20220915,28.67,0.27,72.54,1.45
20220916,28.33,0.03,72.85,1.71
20220917,28.99,0.03,71.97,1.68
20220918,28.78,1.69,71.31,1.94
20220919,28.08,0.61,72.96,2.64
20220920,28.34,0.0,69.01,2.48
20220921,29.05,0.0,66.26,2.47
20220922,29.12,0.0,65.72,2.58
20220923,28.72,0.0,64.84,2.4
20220924,28.33,0.01,67.91,2.43
20220925,28.67,11.3,71.96,1.76
20220926,27.83,24.79,78.82,1.57
20220927,28.72,0.54,72.63,1.87
20220928,28.36,9.53,74.28,1.74
20220929,27.5,1.26,74.72,1.79
20220930,27.55,0.22,72.97,2.35
20221001,26.61,0.09,69.83,3.13
20221002,28.11,1.91,67.03,2.82
20221003,27.88,0.54,72.12,3.06
20221004,27.94,0.05,73.61,2.54
20221005,27.58,0.55,74.61,2.08
20221006,27.55,0.04,67.84,2.13
20221007,28.15,0.92,68.47,1.27
20221008,27.77,6.55,72.66,1.87
20221009,25.81,14.54,87.63,1.48
20221010,26.69,25.97,84.6,1.53
20221011,27.09,5.94,83.01,1.84
20221012,27.03,3.46,82.96,1.23
20221013,27.31,7.22,82.65,1.12
20221014,27.53,6.93,82.42,1.14
20221015,25.86,13.21,86.91,1.44
20221016,26.78,3.57,83.54,1.54
20221017,27.03,1.13,83.59,2.03
20221018,27.38,10.26,81.6,1.26
20221019,26.93,8.26,80.79,1.14
20221020,26.7,15.4,84.16,1.06
20221021,26.04,21.54,85.94,0.92
20221022,26.2,3.07,86.03,1.51
20221023,26.16,3.12,86.56,0.96
20221024,25.86,3.11,84.84,1.45
20221025,26.52,0.81,80.54,1.26
20221026,26.04,0.2,78.04,1.27
20221027,25.37,0.06,77.64,2.17
20221028,26.18,0.2,81.8,2.0
20221029,25.93,3.37,85.82,2.34
20221030,26.07,3.94,86.22,2.3
20221031,25.24,4.03,90.17,2.09
20221101,24.17,2.85,92.37,2.04
20221102,25.27,16.63,86.38,1.64
20221103,25.16,15.96,88.74,2.43
20221104,25.12,13.09,86.67,2.02
20221105,25.18,4.46,87.66,2.03
20221106,24.95,3.86,90.34,2.16
20221107,25.5,0.94,87.2,2.18
20221108,25.32,4.08,88.78,2.43
20221109,25.58,0.95,87.31,2.34
20221110,25.47,3.23,86.17,2.41
20221111,23.72,45.66,92.7,3.77
20221112,24.75,13.67,93.43,3.81
20221113,25.33,2.47,90.09,2.68
20221114,24.77,9.27,89.85,1.71
20221115,24.78,1.15,90.76,1.66
20221116,25.04,0.35,86.8,2.17
20221117,23.68,0.0,81.62,2.32
20221118,22.99,0.0,80.58,2.61
20221119,22.7,0.0,83.27,2.32
20221120,22.36,0.0,77.3,1.96
20221121,22.84,0.0,76.25,1.69
20221122,25.12,0.0,79.41,1.24
20221123,26.07,0.09,80.04,1.19
20221124,25.94,0.18,84.33,1.19
20221125,25.53,0.07,85.68,1.52
20221126,25.28,1.06,87.24,1.24
20221127,25.9,1.37,85.77,1.36
20221128,26.0,5.6,85.6,1.22
20221129,25.07,3.64,85.88,2.25
20221130,23.81,0.43,83.82,1.92
20221201,24.93,4.1,89.89,2.04
20221202,25.46,1.1,87.52,1.94
20221203,24.86,1.58,91.48,2.12
20221204,25.08,23.38,91.16,2.01
20221205,25.11,1.71,87.59,2.57
20221206,24.56,0.01,85.62,2.24
20221207,22.83,0.0,85.5,2.01
20221208,21.39,5.06,78.28,2.6
20221209,21.44,45.09,84.84,4.49
20221210,24.37,6.22,84.42,2.86
20221211,25.31,1.69,89.42,1.71
20221212,25.36,9.06,89.09,1.5
20221213,25.48,9.51,87.7,1.87
20221214,25.0,3.25,88.13,2.0
20221215,24.2,0.01,86.31,2.17
20221216,23.82,0.0,86.0,1.98
20221217,24.09,0.0,86.98,2.51
20221218,24.27,0.0,85.78,3.07
20221219,23.69,0.34,86.15,2.84
20221220,23.88,0.28,87.0,2.78
20221221,23.55,35.35,88.83,2.78
20221222,23.31,4.75,86.35,2.82
20221223,24.26,0.0,85.21,2.56
20221224,25.11,0.28,86.08,2.85
20221225,25.11,9.56,88.73,3.17
20221226,25.67,5.91,88.68,3.23
20221227,25.16,4.14,89.0,2.31
20221228,24.93,0.36,86.5,2.23
20221229,24.5,0.0,86.41,1.98
20221230,23.72,0.0,85.66,1.79
20221231,23.8,0.0,83.6,1.47
20230101,23.41,0.0,82.8,1.84
20230102,22.96,0.01,83.18,1.99
20230103,23.06,0.04,83.91,2.28
20230104,23.3,0.0,82.38,2.4
20230105,23.66,0.02,81.55,2.63
20230106,24.02,0.09,79.86,3.52
20230107,23.79,0.03,81.45,3.08
20230108,23.98,0.09,82.79,2.78
20230109,23.1,0.0,78.56,2.68
20230110,22.33,0.0,78.0,2.86
20230111,22.8,0.0,76.65,2.31
20230112,22.62,0.0,77.52,2.2
20230113,22.34,0.0,77.58,1.9
20230114,21.97,0.0,77.4,1.89
20230115,21.98,0.0,78.39,1.81
20230116,22.54,0.0,76.11,2.23
20230117,22.73,0.0,77.44,2.14
20230118,22.64,0.0,76.09,2.52
20230119,22.83,0.0,71.84,2.43
20230120,23.5,0.0,75.45,2.71
20230121,24.42,0.0,74.01,2.87
20230122,24.38,0.0,74.7,2.74
20230123,25.19,3.38,77.96,2.72
20230124,25.03,1.82,77.53,2.35
20230125,24.36,0.0,73.05,2.48
20230126,23.95,0.0,72.25,2.38
20230127,23.82,0.0,72.86,2.37
20230128,23.69,0.0,73.77,2.45
20230129,24.57,0.1,76.08,2.68
20230130,25.94,1.3,76.69,2.63
20230131,25.55,0.33,74.77,3.2
20230201,24.96,5.07,74.05,3.18
20230202,24.62,20.4,82.41,3.37
20230203,25.28,7.43,82.06,3.02
20230204,25.55,1.43,77.79,3.09
20230205,24.64,0.15,72.21,2.48
20230206,24.6,0.0,72.25,2.47
20230207,25.4,0.0,71.91,2.08
20230208,25.08,0.0,72.02,2.29
20230209,24.94,0.0,71.86,2.02
20230210,25.01,0.0,70.07,2.22
20230211,24.57,0.0,68.56,2.16
20230212,24.52,0.0,66.55,1.91
20230213,24.57,0.0,68.94,2.41
20230214,24.81,0.0,68.75,2.0
20230215,24.87,0.0,67.01,2.32
20230216,24.64,0.0,70.52,2.54
20230217,24.8,0.0,69.89,2.38
20230218,25.46,0.0,68.25,2.05
20230219,26.15,0.0,67.29,2.39
20230220,26.36,0.0,64.95,2.28
20230221,25.81,0.0,64.18,2.4
20230222,25.55,0.0,61.49,2.47
20230223,25.41,0.0,67.46,2.21
20230224,26.64,0.0,64.07,2.09
20230225,25.89,0.0,62.19,2.49
20230226,25.32,0.0,64.86,2.81
20230227,25.67,0.0,63.19,2.45
20230228,26.69,0.62,69.48,3.32
20230301,27.66,0.31,68.16,3.56
20230302,26.95,0.01,61.91,2.83
20230303,26.05,0.0,57.54,3.18
20230304,27.41,0.0,65.23,3.13
20230305,27.98,0.3,62.22,2.97
20230306,27.74,0.05,61.09,2.76
20230307,26.78,0.0,68.25,2.54
20230308,27.46,0.0,64.54,3.38
20230309,27.51,0.0,63.31,3.12
20230310,27.92,0.0,63.32,3.1
20230311,27.01,0.0,67.58,2.77
20230312,28.06,0.0,66.93,3.22
20230313,28.59,0.0,62.63,2.96
20230314,28.62,0.0,62.3,2.61
20230315,29.29,0.0,63.01,2.09
20230316,29.4,0.06,63.97,2.5
20230317,29.86,0.45,62.38,2.65
20230318,29.56,1.89,64.66,2.49
20230319,29.28,5.06,66.59,1.35
20230320,28.52,8.69,72.94,1.36
20230321,30.21,2.29,65.01,1.54
20230322,29.88,1.92,65.54,2.34
20230323,30.52,0.81,61.03,2.23
20230324,30.34,0.8,61.98,2.28
20230325,30.22,0.74,62.41,1.98
20230326,30.6,0.41,58.91,2.05
20230327,31.58,0.07,55.22,1.03
20230328,31.21,1.54,59.71,2.31
20230329,30.9,0.17,59.35,2.31
20230330,30.87,0.0,55.67,2.12
20230331,31.18,0.38,55.75,2.17
20230401,31.36,0.13,58.16,2.44
20230402,31.16,2.19,57.83,2.04
20230403,30.65,1.75,60.42,2.42
20230404,30.46,0.73,61.19,2.53
20230405,31.05,0.08,56.52,2.56
20230406,31.06,0.0,57.59,2.47
20230407,30.94,0.0,58.04,2.72
20230408,30.34,0.01,58.88,3.33
20230409,30.35,0.11,59.24,2.95
20230410,30.64,0.03,58.19,3.01
20230411,30.94,0.15,58.69,2.72
20230412,31.23,0.0,53.68,2.18
20230413,31.67,0.0,48.17,1.95
20230414,31.3,0.0,48.07,1.79
20230415,31.93,0.0,53.53,2.34
20230416,31.54,0.0,52.21,2.36
20230417,31.69,0.0,53.96,2.6
20230418,32.01,0.0,52.56,2.4
20230419,32.55,0.0,53.41,2.65
20230420,33.25,0.0,55.24,3.17
20230421,33.5,1.06,54.76,3.14
20230422,33.18,1.4,55.61,2.69
20230423,32.89,1.03,56.12,2.65
20230424,30.67,6.62,68.13,2.4
20230425,29.99,3.0,68.35,2.27
20230426,28.92,8.39,73.76,1.53
20230427,29.94,2.36,67.53,2.17
20230428,30.03,3.45,67.66,2.07
20230429,29.61,9.15,72.1,2.06
20230430,29.02,5.43,73.58,2.01
20230501,28.11,24.42,82.28,1.96
20230502,27.2,24.0,86.84,2.61
20230503,27.3,16.28,82.69,2.24
20230504,26.56,16.42,86.88,1.39
20230505,27.76,1.59,76.59,1.29
20230506,26.8,6.93,82.93,1.06
20230507,26.88,3.4,81.67,1.99
20230508,26.79,4.03,81.76,2.11
20230509,27.71,0.92,79.27,1.83
20230510,29.5,0.28,70.66,1.94
20230511,29.13,1.28,76.48,1.96
20230512,29.66,0.56,71.73,2.94
20230513,30.67,0.0,65.1,3.05
20230514,30.72,0.0,65.65,3.12
20230515,31.54,0.0,66.31,2.04
20230516,31.66,0.0,66.01,2.36
20230517,31.27,0.04,67.45,1.94
20230518,30.12,0.01,71.16,2.59
20230519,29.76,0.03,74.47,2.08
20230520,30.18,0.07,71.44,2.07
20230521,30.52,0.91,69.09,1.89
20230522,29.62,1.07,74.71,2.02
20230523,29.72,0.02,72.07,2.05
20230524,30.49,4.66,69.98,1.79
20230525,30.62,2.11,69.31,1.85
20230526,31.51,6.35,64.92,2.0
20230527,30.72,8.19,68.41,1.95
20230528,29.72,0.12,70.73,1.94
20230529,30.49,0.37,70.73,1.62
20230530,30.95,1.67,69.57,2.04
20230531,30.06,3.08,67.83,2.71
20230601,31.5,0.09,63.19,2.09
20230602,29.72,1.0,65.85,2.83
20230603,30.47,0.06,65.1,2.51
20230604,31.03,0.03,63.94,2.61
20230605,29.66,5.07,71.58,1.94
20230606,29.87,6.16,69.73,2.04
20230607,29.33,2.3,74.86,1.59
20230608,29.7,0.25,72.09,1.84
20230609,30.75,0.0,63.76,2.44
20230610,31.4,0.0,57.98,3.72
20230611,31.32,0.0,59.83,2.33
20230612,30.95,1.01,65.02,2.47
20230613,30.79,0.1,63.32,2.73
20230614,29.3,0.51,70.07,1.89
20230615,31.8,0.02,56.24,2.0
20230616,32.48,0.01,56.97,2.98
20230617,29.23,0.17,69.34,1.59
20230618,29.29,1.98,67.9,2.22
20230619,31.17,0.16,57.8,2.24
20230620,29.9,2.07,65.9,1.71
20230621,29.29,3.17,72.47,1.73
20230622,30.3,2.12,66.3,1.55
20230623,29.6,0.43,62.19,2.7
20230624,29.18,0.01,63.67,3.09
20230625,28.66,0.03,68.8,1.92
20230626,29.77,0.02,57.2,3.36
20230627,29.47,1.93,59.49,3.29
20230628,30.29,0.04,58.75,2.8
20230629,31.02,2.89,58.04,3.34
20230630,30.55,0.38,59.64,2.81
20230701,30.14,0.08,59.61,2.45
20230702,29.09,6.65,66.3,1.96
20230703,29.12,2.68,68.31,3.48
20230704,29.72,0.26,61.72,4.76
20230705,29.5,0.32,58.75,5.19
20230706,29.29,0.16,64.28,4.33
20230707,29.82,0.01,60.11,3.59
20230708,29.6,1.23,60.07,3.05
20230709,30.3,1.89,60.39,2.39
20230710,29.64,7.43,69.76,1.49
20230711,29.63,17.96,69.36,2.04
20230712,29.77,0.66,60.6,2.58
20230713,29.52,3.12,59.28,3.06
20230714,29.84,1.3,59.68,3.68
20230715,30.19,0.02,60.61,2.83
20230716,30.72,0.24,61.76,2.38
20230717,30.34,0.0,62.5,3.12
20230718,30.11,0.0,61.83,4.34
20230719,30.31,0.01,59.58,5.2
20230720,30.37,0.0,57.35,5.38
20230721,30.62,0.0,56.48,5.19
20230722,29.92,0.0,57.05,5.4
20230723,29.07,2.48,62.78,4.15
20230724,28.04,0.28,66.69,3.91
20230725,27.93,0.48,66.42,3.55
20230726,29.95,0.64,60.35,4.22
20230727,30.5,0.02,57.46,4.36
20230728,30.55,0.0,55.79,4.32
20230729,31.52,0.0,53.84,4.58
20230730,31.96,0.0,52.63,4.73
20230731,32.07,0.0,52.95,4.88
20230801,32.06,0.0,52.49,5.05
20230802,30.48,0.0,55.63,4.03
20230803,31.8,0.0,54.53,3.96
20230804,32.11,0.0,53.48,3.78
20230805,32.01,0.0,51.66,3.54
20230806,32.2,0.83,52.17,2.72
20230807,32.17,0.4,54.45,2.38
20230808,31.32,6.12,58.15,2.2
20230809,29.84,10.38,68.71,2.09
20230810,28.45,10.98,77.28,1.81
20230811,28.65,11.37,75.26,1.0
20230812,29.28,8.16,72.3,2.34
20230813,29.37,1.96,69.37,1.86
20230814,29.8,1.72,66.75,2.01
20230815,29.81,2.08,66.3,2.24
20230816,30.68,0.07,61.1,2.34
20230817,31.42,0.0,56.49,2.69
20230818,30.44,0.0,58.19,3.64
20230819,30.67,0.0,58.02,3.72
20230820,31.73,0.07,56.64,2.73
20230821,31.71,0.37,57.69,2.36
20230822,31.43,1.17,62.98,1.58
20230823,30.56,1.48,65.73,1.59
20230824,31.35,0.02,60.65,2.23
20230825,30.87,0.0,60.35,1.81
20230826,31.09,0.0,60.44,1.61
20230827,31.65,0.08,60.21,1.78
20230828,31.34,1.0,60.16,2.15
20230829,27.97,11.85,75.15,1.37
20230830,26.85,5.64,82.37,2.41
20230831,28.35,15.24,76.45,1.2
20230901,29.21,7.18,73.27,1.75
20230902,29.09,7.89,73.81,2.07
20230903,28.35,10.67,74.14,2.47
20230904,28.53,0.18,68.99,2.89
20230905,27.95,0.53,70.51,3.06
20230906,28.67,1.44,63.87,2.9
20230907,28.45,7.08,67.34,2.95
20230908,28.86,2.57,63.36,3.41
20230909,29.86,2.14,61.84,3.71
20230910,29.14,0.12,60.38,3.24
20230911,28.84,0.48,61.57,3.63
20230912,28.47,0.28,65.72,2.56
20230913,29.64,0.97,64.44,2.2
20230914,30.03,1.31,59.71,3.28
20230915,29.66,0.48,61.69,3.14
20230916,29.66,1.12,66.37,2.4
20230917,28.15,11.23,76.12,2.24
20230918,28.35,13.25,77.32,2.52
20230919,27.57,14.13,80.38,1.42
20230920,28.19,1.27,74.87,1.04
20230921,28.27,1.96,75.97,1.3
20230922,28.5,1.94,73.96,1.73
20230923,29.48,1.06,71.96,1.83
20230924,27.88,1.42,76.07,2.1
20230925,28.52,4.61,74.16,1.68
20230926,28.53,2.55,74.48,1.45
20230927,28.8,5.38,71.22,1.78
20230928,28.32,5.28,68.38,2.49
20230929,27.88,2.78,71.92,2.98
20230930,28.68,2.97,69.58,2.77
20231001,29.15,0.11,67.77,3.43
20231002,29.48,0.09,68.73,3.11
20231003,30.39,0.27,65.66,2.58
20231004,30.26,0.42,65.29,2.16
20231005,29.86,1.57,66.95,2.03
20231006,29.83,0.91,63.82,2.08
20231007,29.74,0.03,65.21,1.52
20231008,29.78,1.39,70.41,1.97
20231009,29.26,1.85,72.94,1.84
20231010,29.47,2.97,71.87,2.02
20231011,29.04,12.94,75.02,1.91
20231012,28.43,10.34,78.31,2.14
20231013,28.48,0.4,74.41,1.02
20231014,27.86,5.27,77.33,1.33
20231015,28.22,17.83,77.97,1.59
20231016,27.74,22.09,82.79,1.07
20231017,27.12,5.54,84.34,1.61
20231018,27.39,0.77,78.52,1.93
20231019,27.86,0.19,74.02,1.73
20231020,28.07,0.38,71.24,1.48
20231021,28.11,0.79,71.71,1.33
20231022,28.14,2.16,74.36,2.09
20231023,27.97,0.1,74.21,1.2
20231024,27.85,0.82,72.47,1.51
20231025,27.86,1.88,74.89,1.45
20231026,28.73,0.11,69.38,1.49
20231027,28.01,1.89,75.05,1.98
20231028,27.99,2.1,75.66,1.74
20231029,26.59,11.96,84.72,1.66
20231030,25.82,11.69,85.89,1.5
20231031,26.65,1.99,80.71,2.16
20231101,26.16,7.84,90.12,1.42
20231102,26.48,7.45,84.47,1.15
20231103,26.32,22.39,88.65,1.33
20231104,25.65,30.82,91.86,0.96
20231105,25.09,8.01,87.89,1.17
20231106,26.76,11.65,83.78,1.02
20231107,25.99,25.87,89.42,1.21
20231108,26.0,12.21,89.34,0.94
20231109,26.12,10.37,85.5,1.08
20231110,25.86,4.52,88.83,1.85
20231111,25.52,3.23,90.1,2.31
20231112,25.53,0.17,83.32,2.72
20231113,25.54,3.7,87.23,2.31
20231114,25.24,17.36,88.88,2.51
20231115,25.71,1.17,88.09,2.37
20231116,26.05,0.61,87.94,1.62
20231117,26.66,0.79,86.18,1.82
20231118,26.42,4.28,88.61,2.44
20231119,25.93,2.89,89.9,2.33
20231120,26.25,0.8,89.86,2.17
20231121,26.2,1.41,88.48,1.67
20231122,26.11,22.17,90.39,1.49
20231123,25.89,5.61,87.14,1.39
20231124,26.03,2.58,88.15,1.46
20231125,26.07,6.58,90.01,2.32
20231126,25.78,7.33,91.59,3.04
20231127,26.25,2.59,88.15,2.36
20231128,26.26,4.99,88.12,2.22
20231129,25.88,7.16,88.68,2.19
20231130,24.93,9.41,92.02,1.85
20231201,25.22,2.6,91.54,2.03
20231202,25.87,1.08,88.11,2.53
20231203,26.5,0.28,86.22,2.12
20231204,27.06,0.79,84.51,1.77
20231205,27.17,0.83,85.3,1.6
20231206,26.64,0.78,88.88,1.33
20231207,27.03,0.9,86.39,1.44
20231208,26.72,5.77,87.59,1.34
20231209,26.17,3.56,88.43,2.2
20231210,25.83,1.41,86.7,2.52
20231211,25.4,0.5,86.76,2.62
20231212,25.18,0.15,85.83,2.48
20231213,24.24,0.0,83.67,2.79
20231214,24.08,0.14,83.21,2.99
20231215,24.78,1.12,87.28,3.25
20231216,25.64,13.25,88.74,3.25
20231217,25.17,21.18,90.8,3.86
20231218,24.24,11.46,90.25,3.31
20231219,24.06,1.69,86.9,3.16
20231220,24.44,3.94,86.59,3.61
20231221,24.06,3.87,91.29,2.98
20231222,24.66,0.34,86.4,2.67
20231223,23.66,0.03,83.77,2.53
20231224,23.97,0.08,84.71,2.94
20231225,25.58,1.0,86.54,3.42
20231226,24.58,0.04,84.25,3.25
20231227,24.47,0.41,84.32,3.59
20231228,25.19,0.6,85.71,3.78
20231229,25.71,0.28,84.65,3.73
20231230,25.18,0.04,83.66,3.43
20231231,24.07,0.0,82.51,2.69
20240101,24.48,0.0,81.46,2.49
20240102,24.37,0.0,82.04,2.46
20240103,24.57,0.14,83.08,2.24
20240104,25.13,1.21,85.2,1.99
20240105,25.45,0.48,84.05,2.28
20240106,25.45,2.78,84.34,2.63
20240107,25.17,13.26,84.27,3.7
20240108,25.34,5.04,89.35,3.31
20240109,24.58,11.17,88.5,3.44
20240110,24.28,0.34,85.72,2.85
20240111,24.36,0.0,82.21,3.12
20240112,24.67,0.0,81.69,3.03
20240113,24.71,0.0,83.18,2.65
20240114,24.42,0.0,81.49,2.58
20240115,23.85,0.0,80.54,2.08
20240116,23.04,0.0,78.55,1.85
20240117,23.1,0.0,78.4,1.61
20240118,24.27,0.68,81.71,1.77
20240119,25.59,1.3,83.26,2.33
20240120,25.79,0.6,82.28,2.64
20240121,25.56,0.01,79.19,2.39
20240122,25.24,0.0,79.3,2.34
20240123,24.74,0.0,78.46,2.1
20240124,25.21,0.0,75.76,1.68
20240125,25.16,0.0,75.85,1.97
20240126,24.84,0.0,76.24,2.68
20240127,24.78,0.0,76.45,2.94
20240128,25.47,0.0,75.46,3.26
20240129,24.97,0.0,73.09,2.99
20240130,25.48,0.0,74.07,2.74
20240131,26.41,0.0,75.35,2.2
20240201,27.18,0.04,74.63,1.81
20240202,27.61,0.01,74.75,1.89
20240203,27.48,0.0,72.92,2.5
20240204,26.34,0.0,72.65,2.64
20240205,25.67,0.0,72.25,2.67
20240206,25.31,0.0,74.34,2.65
20240207,25.47,0.0,72.74,2.36
20240208,26.09,0.0,71.86,2.37
20240209,26.33,0.0,72.77,2.6
20240210,26.63,0.04,73.89,3.01
20240211,26.53,0.1,69.62,3.23
20240212,26.1,0.0,68.59,3.27
20240213,26.9,0.0,71.65,3.38
20240214,27.23,0.0,68.93,3.6
20240215,26.69,0.0,68.61,3.28
20240216,27.41,0.0,67.12,3.5
20240217,27.29,0.0,65.46,3.2
20240218,26.99,0.0,68.11,2.68
20240219,27.72,0.0,68.2,2.66
20240220,28.15,0.0,65.26,2.28
20240221,28.76,0.0,62.11,1.64
20240222,29.47,0.0,62.33,2.02
20240223,29.96,0.0,65.39,2.06
20240224,29.4,0.01,66.57,2.28
20240225,28.68,0.02,63.87,2.84
20240226,28.66,0.32,65.11,3.76
20240227,28.88,0.0,64.66,3.9
20240228,28.63,0.0,62.86,3.32
20240229,28.26,0.0,64.05,2.88
20240301,27.66,0.0,65.2,2.94
20240302,27.93,0.0,60.99,2.15
20240303,28.57,0.0,60.49,2.19
20240304,28.22,0.0,61.16,2.23
20240305,28.61,0.0,57.38,2.17
20240306,29.02,0.0,54.92,1.91
20240307,28.4,0.0,54.91,1.52
20240308,29.74,0.0,54.46,2.07
20240309,30.12,0.0,53.81,2.26
20240310,30.14,0.0,55.5,2.19
20240311,29.79,0.0,59.61,2.54
20240312,29.78,0.0,56.98,2.41
20240313,30.01,0.0,53.28,1.94
20240314,30.81,0.0,45.74,1.82
20240315,30.5,0.0,51.52,2.18
20240316,30.14,0.02,56.94,2.7
20240317,29.56,0.0,57.12,2.79
20240318,29.48,0.0,54.71,2.2
20240319,29.78,0.0,53.57,2.43
20240320,29.49,0.0,58.47,2.54
20240321,30.55,0.62,62.08,3.64
20240322,30.83,0.45,60.65,3.39
20240323,31.0,0.0,54.91,2.8
20240324,30.2,0.0,58.14,2.69
20240325,29.85,0.0,56.44,2.88
20240326,29.7,0.0,54.46,2.59
20240327,30.01,0.05,50.85,2.26
20240328,31.59,0.35,49.04,2.19
20240329,31.58,0.0,52.59,2.21
20240330,31.44,0.0,52.08,2.38
20240331,31.86,0.0,56.46,2.42
20240401,32.71,0.0,54.88,2.32
20240402,33.0,0.08,49.55,2.2
20240403,32.36,1.51,55.92,2.47
20240404,32.16,0.0,58.23,2.4
20240405,32.88,0.0,52.8,2.09
20240406,33.33,0.0,52.07,2.17
20240407,32.99,0.0,53.95,2.45
20240408,32.92,0.0,56.94,3.0
20240409,32.33,0.0,54.49,3.25
20240410,32.06,0.0,56.55,3.32
20240411,32.43,0.02,56.28,3.31
20240412,32.04,2.43,58.96,3.61
20240413,31.78,1.02,58.77,2.94
20240414,31.94,0.76,57.66,3.29
20240415,31.89,0.02,60.36,3.49
20240416,32.73,0.0,56.13,2.77
20240417,33.55,0.0,54.32,2.67
20240418,33.87,0.0,53.85,3.0
20240419,33.51,0.0,56.03,2.42
20240420,33.6,0.0,55.7,2.17
20240421,32.67,0.0,61.64,2.27
20240422,32.17,0.0,62.4,2.11
20240423,32.88,0.0,56.63,2.53
20240424,33.26,0.0,51.83,2.34
20240425,33.34,0.0,47.49,2.41
20240426,33.64,0.0,47.31,2.41
20240427,32.94,0.0,49.61,2.47
20240428,33.3,0.0,51.24,2.3
20240429,33.75,0.06,52.69,2.1
20240430,34.21,0.06,52.58,2.81
20240501,34.54,0.0,52.97,3.0
20240502,34.79,0.0,54.58,3.39
20240503,34.19,0.0,57.55,3.16
20240504,33.7,0.07,55.87,2.57
20240505,34.45,0.15,55.3,2.97
20240506,34.83,0.11,53.59,2.89
20240507,33.06,0.57,58.16,2.03
20240508,32.5,0.85,59.96,2.11
20240509,32.45,1.32,58.97,2.52
20240510,31.92,3.02,59.09,2.28
20240511,31.88,3.34,62.12,2.15
20240512,31.58,2.44,61.8,1.99
20240513,30.04,1.57,68.59,1.67
20240514,30.66,2.38,64.48,1.15
20240515,31.31,8.01,64.51,2.02
20240516,29.16,26.92,71.66,1.59
20240517,28.54,12.7,74.05,1.64
20240518,29.4,11.22,74.82,1.48
20240519,28.8,10.11,77.75,1.42
20240520,27.69,24.73,85.5,1.27
20240521,27.48,32.04,85.85,2.48
20240522,28.75,1.77,82.19,1.89
20240523,28.62,2.24,82.71,2.02
20240524,28.88,2.05,79.6,2.05
20240525,28.72,1.18,76.68,2.76
20240526,29.98,0.0,69.07,3.42
20240527,30.7,0.0,67.59,3.42
20240528,29.98,0.0,71.68,3.51
20240529,30.49,0.12,68.29,2.87
20240530,30.47,0.07,69.74,2.98
20240531,30.41,1.0,71.6,2.56
20240601,30.81,6.27,75.88,2.28
20240602,29.14,5.95,76.28,1.95
20240603,28.8,4.63,77.92,1.57
20240604,29.36,2.41,77.23,1.85
20240605,29.36,2.13,77.04,2.26
20240606,28.4,30.17,83.92,2.44
20240607,28.5,5.63,78.45,2.15
20240608,28.34,3.69,80.4,3.01
20240609,28.56,0.14,78.18,2.28
20240610,29.17,0.44,71.39,3.05
20240611,29.04,0.52,68.3,3.03
20240612,28.25,0.0,68.75,3.08
20240613,29.23,0.07,62.39,2.96
20240614,29.76,0.0,63.35,2.14
20240615,30.43,0.04,65.46,2.19
20240616,30.59,0.12,66.14,2.02
20240617,29.79,0.66,67.31,1.92
20240618,29.44,11.59,70.05,2.47
20240619,29.01,6.94,71.28,2.71
20240620,28.3,0.41,69.75,2.81
20240621,28.59,0.07,65.69,3.29
20240622,28.34,3.78,70.85,2.45
20240623,28.07,3.42,72.68,3.16
20240624,27.54,0.23,72.06,3.4
20240625,27.48,1.32,69.1,3.95
20240626,28.58,1.07,68.02,3.83
20240627,28.84,0.12,64.93,3.4
20240628,28.95,0.0,65.19,2.2
20240629,28.76,0.12,67.79,2.17
20240630,29.18,1.66,70.73,1.67
20240701,28.11,1.41,72.28,2.38
20240702,29.65,0.04,62.94,2.31
20240703,29.3,0.83,64.99,2.31
20240704,30.13,0.22,61.41,2.44
20240705,29.35,6.59,67.66,2.07
20240706,27.97,1.16,67.48,3.26
20240707,29.71,0.07,63.62,3.23
20240708,28.36,0.09,69.06,3.17
20240709,28.53,0.0,68.03,2.8
20240710,27.62,2.31,74.14,2.05
20240711,29.17,0.18,66.99,2.32
20240712,29.44,9.8,67.62,2.5
20240713,28.67,0.09,67.24,4.2
20240714,29.65,0.21,61.35,4.32
20240715,28.42,2.31,68.32,5.0
20240716,28.64,0.36,65.76,5.16
20240717,28.37,0.86,67.23,4.42
20240718,28.57,0.11,65.0,5.69
20240719,29.43,0.04,64.18,5.49
20240720,29.91,0.07,62.36,4.74
20240721,29.58,0.01,63.83,4.51
20240722,29.51,0.02,62.22,4.46
20240723,29.83,0.03,60.78,3.9
20240724,29.68,0.17,61.27,4.3
20240725,29.91,0.46,60.48,4.79
20240726,29.14,0.12,63.09,5.26
20240727,29.75,0.0,60.09,6.41
20240728,29.93,0.01,58.67,4.96
20240729,30.48,0.54,60.43,4.42
20240730,28.94,0.01,66.55,3.49
20240731,29.8,0.05,64.16,3.01
20240801,30.16,0.57,65.46,3.11
20240802,29.99,0.14,60.29,4.26
20240803,29.91,1.15,61.57,2.57
20240804,28.99,6.64,69.28,3.0
20240805,28.61,3.72,70.16,2.21
20240806,29.26,4.25,69.85,1.69
20240807,26.85,14.04,82.26,2.15
20240808,27.56,10.37,77.13,2.38
20240809,28.47,10.24,75.49,1.8
20240810,28.58,8.89,77.1,2.03
20240811,28.25,5.81,80.91,1.86
20240812,29.6,1.62,75.1,1.77
20240813,29.17,8.08,77.61,0.9
20240814,29.0,18.92,75.79,1.58
20240815,29.29,2.24,74.8,1.57
20240816,29.44,3.97,77.67,1.72
20240817,29.03,2.8,78.02,1.86
20240818,29.09,3.53,77.67,0.87
20240819,29.3,4.79,76.15,2.3
20240820,28.48,5.83,80.72,2.93
20240821,27.52,5.07,76.42,4.46
20240822,27.99,0.01,74.87,3.0
20240823,29.12,0.03,67.92,2.61
20240824,29.04,0.04,70.49,2.68
20240825,28.68,0.03,70.63,2.75
20240826,29.29,0.0,65.84,3.39
20240827,29.48,0.26,67.3,2.69
20240828,28.61,0.02,69.66,2.93
20240829,28.77,1.55,69.57,3.17
20240830,27.97,1.77,76.39,3.0
20240831,28.35,0.46,70.65,3.48
20240901,28.32,0.08,67.84,3.47
20240902,28.94,0.08,65.07,3.29
20240903,28.99,1.17,69.54,3.06
20240904,28.99,2.03,71.61,2.87
20240905,30.11,0.18,65.97,3.29
20240906,29.38,0.1,68.62,3.13
20240907,29.88,0.21,65.69,3.3
20240908,29.15,0.26,68.52,3.48
20240909,28.9,0.09,68.26,3.22
20240910,30.07,0.05,65.82,3.55
20240911,29.98,6.68,67.55,3.02
20240912,29.91,0.37,62.97,3.2
20240913,30.19,0.64,62.56,2.87
20240914,29.94,0.77,63.91,3.0
20240915,30.6,0.25,59.55,3.65
20240916,31.03,0.01,57.4,3.52
20240917,31.38,0.0,57.03,3.61
20240918,30.79,0.0,55.16,3.21
20240919,29.21,0.1,60.02,2.67
20240920,29.95,0.04,61.15,2.24
20240921,29.54,0.2,64.79,2.89
20240922,30.91,0.04,58.33,2.85
20240923,30.01,1.3,60.65,3.58
20240924,29.49,2.51,66.0,2.88
20240925,30.62,0.17,59.77,3.32
20240926,30.67,0.09,59.45,2.16
20240927,30.74,0.47,58.31,1.95
20240928,30.3,3.18,64.81,1.73
20240929,28.59,1.7,75.76,1.92
20240930,29.21,1.54,71.13,1.88
20241001,29.07,1.72,72.11,1.67
20241002,28.43,5.43,75.76,2.93
20241003,30.02,0.03,68.14,2.36
20241004,28.84,13.75,75.66,1.37
20241005,27.76,20.23,78.35,1.61
20241006,26.67,10.08,81.18,1.52
20241007,26.74,2.08,80.84,1.93
20241008,26.88,8.52,82.55,1.61
20241009,28.65,5.33,76.18,1.8
20241010,28.17,5.45,77.9,1.03
20241011,26.88,21.72,84.26,0.93
20241012,27.39,23.61,83.75,1.0
20241013,26.89,15.22,87.21,0.9
20241014,26.14,19.18,87.71,1.09
20241015,25.28,12.13,89.05,1.66
20241016,25.95,6.16,80.07,1.94
20241017,27.26,1.41,80.33,1.76
20241018,27.45,4.33,80.14,1.07
20241019,26.75,9.79,85.02,1.05
20241020,27.42,6.54,82.29,0.88
20241021,27.5,6.45,83.72,0.62
20241022,27.8,11.37,80.21,0.75
20241023,27.2,2.38,84.35,1.13
20241024,26.16,13.65,86.98,1.42
20241025,26.44,21.75,83.74,1.52
20241026,27.19,3.36,83.77,1.57
20241027,27.26,0.2,82.51,1.65
20241028,27.36,1.25,82.07,1.51
20241029,27.39,0.9,78.63,1.42
20241030,27.34,1.71,83.74,1.05
20241031,26.96,7.36,86.67,1.06
20241101,26.79,15.17,90.06,1.18
20241102,26.38,8.97,89.58,1.55
20241103,25.89,3.44,90.15,1.86
20241104,26.16,2.55,85.39,1.8
20241105,25.71,0.18,83.98,1.65
20241106,26.22,0.86,81.19,1.87
20241107,26.51,5.4,87.92,2.06
20241108,26.62,2.41,87.38,2.49
20241109,26.12,0.45,84.54,2.54
20241110,25.51,0.0,83.08,2.57
20241111,25.97,0.01,82.71,2.27
20241112,25.93,1.96,85.17,2.01
20241113,25.95,1.71,92.17,2.1
20241114,26.15,9.97,91.57,1.89
20241115,25.81,12.48,90.17,2.04
20241116,25.61,10.26,92.23,1.94
20241117,26.06,7.16,89.34,2.61
20241118,25.75,13.15,88.09,2.85
20241119,25.58,7.73,87.09,3.29
20241120,24.8,9.24,87.82,3.3
20241121,24.9,7.98,85.98,2.79
20241122,24.71,0.35,85.82,2.52
20241123,25.15,0.39,87.2,2.76
20241124,25.27,0.24,88.32,2.54
20241125,24.45,0.29,87.2,2.57
20241126,24.14,25.59,92.48,3.08
20241127,24.18,9.91,91.0,3.89
20241128,24.27,3.04,84.56,3.18
20241129,25.24,1.49,86.68,3.53
20241130,25.67,4.87,89.11,3.06
20241201,25.78,12.85,90.69,3.75
20241202,26.14,9.19,91.81,3.13
20241203,26.62,4.79,87.04,2.18
20241204,25.95,2.17,86.99,1.36
20241205,25.93,2.37,87.61,1.35
20241206,25.41,0.05,88.84,1.6
20241207,25.72,0.09,86.82,1.69
20241208,24.83,0.32,89.36,1.45
20241209,25.19,0.03,87.09,1.68
20241210,25.36,0.13,85.86,2.18
20241211,24.7,6.28,91.58,2.79
20241212,24.64,70.33,94.28,3.09
20241213,24.89,34.96,94.53,3.31
20241214,24.48,8.44,89.12,3.42
20241215,23.2,1.04,86.82,2.67
20241216,23.07,0.0,85.92,2.6
20241217,23.82,0.01,86.08,2.43
20241218,25.16,0.0,86.32,1.73
20241219,26.32,0.05,83.9,1.44
20241220,26.5,0.46,85.58,0.76
20241221,26.76,4.16,85.0,1.2
20241222,24.93,4.63,91.71,1.55
20241223,25.02,0.31,82.3,1.44
20241224,25.41,0.02,79.88,1.28
20241225,25.35,0.01,84.09,1.06
20241226,25.8,0.3,87.19,2.1
20241227,25.18,2.37,89.28,2.79
20241228,24.46,0.23,85.42,2.53
20241229,24.74,0.51,87.06,2.89
20241230,24.8,4.5,90.16,3.27
20241231,24.86,1.28,87.96,3.78
20250101,23.68,0.03,84.57,3.32
20250102,23.19,0.0,84.35,2.75
20250103,22.6,0.0,86.02,3.07
20250104,22.44,0.0,84.25,2.29
20250105,22.89,0.0,81.12,2.03
20250106,22.44,0.0,82.2,1.93
20250107,23.01,0.06,86.57,2.09
20250108,22.54,0.01,84.37,2.29
20250109,22.81,0.0,86.38,2.62
20250110,23.8,0.05,86.66,3.03
20250111,23.97,0.1,84.41,3.04
20250112,24.32,0.56,85.99,3.04
20250113,25.34,0.7,87.31,2.64
20250114,24.51,1.18,85.7,3.06
20250115,23.76,1.4,87.44,3.31
20250116,23.21,0.03,86.61,2.87
20250117,23.02,0.0,84.35,3.04
20250118,22.94,9.54,89.4,3.14
20250119,24.26,7.4,90.67,2.8
20250120,24.14,0.5,84.05,2.89
20250121,23.1,0.01,83.75,2.5
20250122,23.87,0.07,84.14,2.71
20250123,23.81,0.2,83.41,2.47
20250124,23.11,0.0,83.2,2.52
20250125,23.73,0.0,81.83,2.76
20250126,22.94,0.0,81.06,2.84
20250127,23.4,0.0,78.46,2.28
20250128,23.54,0.0,75.27,2.22
20250129,23.73,0.0,75.27,2.69
20250130,24.25,0.12,83.59,2.4
20250131,25.62,0.11,85.54,2.19
20250201,26.26,0.31,82.37,2.37
20250202,25.83,0.06,78.61,1.91
20250203,24.79,0.0,77.16,1.73
20250204,24.0,0.0,76.99,2.07
20250205,24.35,0.0,79.25,2.15
20250206,24.55,0.0,77.65,2.15
20250207,24.18,0.0,75.44,2.1
20250208,24.77,0.0,78.02,2.33
20250209,25.15,0.0,77.27,2.44
20250210,25.17,0.0,73.58,2.43
20250211,25.0,0.0,73.26,1.97
20250212,25.14,0.0,74.5,2.18
20250213,24.79,0.0,71.56,1.93
20250214,24.85,0.0,68.8,1.56
20250215,25.59,0.0,68.78,1.8
20250216,25.63,0.0,69.95,2.19
20250217,25.56,0.0,70.23,2.06
20250218,25.53,0.0,70.94,2.09
20250219,25.95,0.0,70.18,1.89
20250220,26.21,0.0,70.25,2.03
20250221,26.47,0.0,69.48,2.36
20250222,26.98,0.0,68.06,2.2
20250223,27.1,0.0,67.22,2.33
20250224,26.97,0.0,68.63,2.67
20250225,27.12,0.51,69.92,3.34
20250226,27.51,1.19,70.3,3.89
20250227,27.35,1.51,69.78,3.71
20250228,26.61,8.46,77.45,3.52
20250301,27.66,7.64,77.52,3.45
20250302,28.32,0.46,72.4,2.76
20250303,28.43,0.0,69.33,2.1
20250304,28.21,0.0,64.15,1.94
20250305,27.5,0.0,61.17,1.51
20250306,28.55,0.0,59.33,1.65
20250307,28.86,0.0,61.81,1.51
20250308,28.88,0.0,60.51,1.65
20250309,27.44,0.0,59.57,2.31
20250310,27.66,0.11,66.58,3.32
20250311,27.06,18.32,81.69,3.86
20250312,26.47,14.26,84.84,1.59
20250313,28.43,1.49,70.87,1.74
20250314,28.59,0.0,66.71,1.65
20250315,29.02,0.0,63.4,1.64
20250316,28.92,0.03,69.64,1.82
20250317,29.93,0.12,66.36,1.4
20250318,29.97,0.1,66.47,2.0
20250319,29.53,0.09,66.65,2.35
20250320,29.51,0.04,64.94,2.49
20250321,29.77,0.18,66.73,2.51
20250322,29.87,0.17,67.99,2.4
20250323,28.74,2.05,72.21,2.03
20250324,29.49,0.3,67.23,2.39
20250325,29.17,0.21,62.31,1.95
20250326,29.34,0.03,60.57,1.65
20250327,30.46,0.0,55.83,1.61
20250328,30.22,0.0,56.73,1.74
20250329,29.57,0.0,53.25,2.04
20250330,29.19,0.0,52.79,1.91
20250331,29.62,0.0,59.92,2.28
20250401,29.65,0.01,58.44,2.05
20250402,29.84,2.88,60.51,2.31
20250403,28.02,19.63,73.65,1.7
20250404,29.98,0.33,57.46,1.9
20250405,30.22,2.29,62.27,1.55
20250406,29.71,6.44,68.38,1.14
20250407,28.65,7.32,75.63,1.05
20250408,29.85,0.0,66.18,1.28
20250409,29.46,0.0,64.71,1.51
20250410,30.61,0.0,61.84,2.0
20250411,30.63,7.02,64.08,1.81
20250412,30.14,3.37,66.35,1.99
20250413,31.53,0.16,59.48,1.79
20250414,31.23,0.56,60.66,1.87
20250415,29.44,3.65,68.14,1.43
20250416,31.06,0.06,61.98,1.71
20250417,30.73,0.06,64.99,1.64
20250418,31.53,0.02,63.6,1.89
20250419,31.91,0.0,60.92,1.77
20250420,30.57,0.08,66.17,1.12
20250421,30.46,0.13,66.27,1.34
20250422,30.82,0.21,62.92,1.68
20250423,30.23,0.18,63.59,1.37
20250424,31.65,0.0,61.76,1.96
20250425,31.33,0.01,67.08,2.09
20250426,29.99,0.95,72.82,2.2
20250427,29.16,5.03,77.89,1.61
20250428,29.3,3.49,71.63,1.79
20250429,30.2,1.96,68.48,2.12
20250430,30.12,0.15,70.34,2.61
20250501,30.43,0.0,67.33,2.58
20250502,31.11,0.05,66.43,2.22
20250503,31.03,0.08,68.26,1.86
20250504,31.12,1.76,64.95,1.35
20250505,29.46,7.1,76.41,1.35
20250506,31.06,1.62,64.65,1.43
20250507,30.32,3.92,67.49,1.02
20250508,30.83,1.33,63.09,1.5
20250509,31.05,0.35,63.22,1.56
20250510,31.59,0.49,60.51,1.66
20250511,31.8,0.66,62.29,1.41
20250512,32.45,0.09,57.43,1.96
20250513,31.62,0.87,64.58,1.26
20250514,30.48,6.72,70.1,2.07
20250515,30.45,10.27,69.18,1.87
20250516,31.19,2.15,64.32,2.14
20250517,28.79,15.34,70.24,2.34
20250518,27.33,34.37,80.14,1.82
20250519,29.17,12.29,73.36,1.99
20250520,28.78,1.53,75.19,2.03
20250521,29.93,0.75,63.08,2.76
20250522,30.78,0.16,63.38,1.53
20250523,30.3,3.95,68.73,2.32
20250524,30.17,2.5,65.32,3.67
20250525,29.3,0.63,70.15,3.74
20250526,30.17,1.11,64.42,4.91
20250527,29.94,0.44,69.96,4.56
20250528,30.97,0.1,63.99,5.51
20250529,30.37,1.1,61.68,5.41
20250530,28.84,0.53,63.47,4.74
20250531,30.49,0.01,59.04,3.54
20250601,31.34,0.21,59.33,3.06
20250602,30.94,0.13,64.13,2.44
20250603,30.55,0.13,61.33,2.77
20250604,30.24,0.76,60.85,2.77
20250605,31.27,0.16,56.17,2.02
20250606,31.15,0.69,64.38,1.76
20250607,30.92,0.86,66.9,1.82
20250608,31.35,0.36,62.52,1.8
20250609,29.33,3.28,72.63,2.62
20250610,30.24,2.1,66.46,2.78
20250611,29.68,1.8,68.09,3.21
20250612,30.45,0.75,63.77,3.4
20250613,30.49,0.49,59.61,3.76
20250614,29.68,1.8,64.15,3.93
20250615,29.05,0.85,63.6,4.81
20250616,30.13,0.06,57.85,4.96
20250617,29.55,0.23,64.22,3.25
20250618,30.6,0.5,62.85,2.67
20250619,30.52,0.09,61.75,3.36
20250620,30.1,0.33,63.72,2.95
20250621,29.81,0.06,66.38,2.93
20250622,30.15,4.33,65.37,3.14
20250623,29.94,0.22,56.82,4.64
20250624,30.33,0.01,57.18,4.5
20250625,30.5,0.3,60.05,3.81
20250626,30.2,0.03,60.92,3.66
20250627,30.57,0.02,57.3,3.66
20250628,30.32,1.11,59.9,3.47
20250629,30.69,0.04,56.08,3.75
20250630,30.15,0.0,60.96,3.34
20250701,30.03,0.0,61.47,3.32
20250702,30.56,0.04,56.26,3.97
20250703,30.39,0.0,54.77,4.25
20250704,29.95,0.0,56.17,3.55
20250705,30.71,0.0,57.19,4.07
20250706,31.22,0.01,55.87,4.68
20250707,31.19,0.0,57.46,4.26
20250708,31.58,0.0,55.49,3.89
20250709,32.12,0.0,54.55,4.23
20250710,32.04,0.05,54.33,3.49
20250711,31.6,0.2,56.46,3.81
20250712,31.41,0.28,56.51,4.17
20250713,30.42,0.15,58.17,3.57
20250714,30.94,0.0,52.12,4.7
20250715,30.81,0.0,55.12,3.73
20250716,31.12,2.11,56.18,3.67
20250717,30.49,0.11,57.67,3.97
20250718,30.33,0.09,59.79,2.97
20250719,29.06,0.66,63.96,5.53
20250720,28.91,0.04,59.81,4.55
20250721,30.47,0.14,51.73,4.19
20250722,31.33,0.08,53.59,4.22
20250723,30.71,1.2,56.01,4.64
20250724,31.17,0.1,51.05,5.46
20250725,30.51,0.01,50.68,5.6
20250726,29.74,0.11,57.27,4.76
20250727,30.79,0.04,54.61,4.6
20250728,31.58,0.0,49.87,4.62
20250729,32.13,0.0,49.47,5.18
20250730,32.31,0.0,50.22,4.74
20250731,31.8,1.1,54.42,3.37
20250801,30.71,3.21,59.28,3.03
20250802,28.12,6.73,76.48,2.05
20250803,28.1,3.04,75.56,1.73
20250804,29.22,4.09,71.3,1.76
20250805,29.08,9.24,73.71,2.47
20250806,29.27,6.53,68.53,2.92
20250807,29.7,0.21,66.55,2.53
20250808,28.58,4.74,72.66,1.65
20250809,27.35,2.84,79.8,1.28
20250810,27.47,19.85,79.62,1.8
20250811,28.55,1.3,67.23,2.59
20250812,29.03,0.42,61.91,2.73
20250813,28.88,0.39,59.18,3.54
20250814,29.14,0.33,60.06,3.48
20250815,29.29,1.42,60.15,4.27
20250816,28.65,0.22,65.3,3.93
20250817,28.8,0.28,65.84,3.65
20250818,29.19,0.01,62.91,4.05
20250819,30.31,0.0,57.9,4.17
20250820,29.25,0.0,60.72,2.51
20250821,30.69,0.25,57.45,1.89
20250822,29.72,4.45,67.4,1.18
20250823,29.16,2.82,68.0,1.78
20250824,29.51,4.15,70.04,1.57
20250825,29.83,2.32,67.76,1.99
20250826,31.21,0.23,59.62,2.47
20250827,30.16,0.14,60.78,3.26
20250828,29.22,0.19,65.67,3.49
20250829,30.34,0.09,57.08,3.61
20250830,30.27,1.79,61.11,2.88
20250831,29.82,2.51,66.38,2.53
20250901,30.09,0.56,62.96,3.27
20250902,30.81,0.06,57.95,3.69
20250903,29.43,0.01,63.16,2.83
20250904,30.21,0.0,61.25,2.63
20250905,31.08,0.76,58.36,2.15
20250906,31.2,0.84,60.65,2.18
20250907,28.02,8.8,76.27,2.24
20250908,28.52,3.84,72.39,2.19
20250909,29.75,3.65,69.29,1.52
20250910,28.65,26.07,79.51,1.31
20250911,28.19,7.99,77.85,1.03
20250912,28.45,6.54,75.74,0.45
20250913,28.98,0.22,69.79,1.32
20250914,29.58,0.22,66.54,1.59
20250915,30.08,1.87,65.58,1.62
20250916,28.78,7.11,74.39,1.57
20250917,27.8,13.97,81.3,1.29
20250918,28.0,7.1,79.3,1.39
20250919,27.71,7.58,75.17,1.57
20250920,28.53,0.68,67.49,1.27
20250921,29.49,0.68,67.93,1.64
20250922,29.26,1.14,71.14,1.9
20250923,29.48,0.34,68.86,2.38
20250924,29.58,0.66,67.1,2.41
20250925,28.75,11.75,71.38,2.3
20250926,28.51,0.5,67.99,3.06
20250927,28.65,0.2,62.98,3.67
20250928,28.29,0.02,65.47,3.12
20250929,29.09,0.0,67.69,2.76
20250930,28.73,0.0,68.24,2.36
20251001,30.41,0.0,61.06,2.29
20251002,29.94,0.12,66.21,1.78
20251003,27.67,3.63,76.35,1.41
20251004,28.64,0.88,70.87,1.25
20251005,28.83,8.2,71.6,1.34
20251006,28.38,3.65,74.69,1.21
20251007,28.23,3.71,74.43,0.68
20251008,28.93,0.64,70.77,1.6
20251009,28.01,6.63,78.6,1.75
20251010,28.26,3.13,77.49,1.37
20251011,29.06,3.0,73.79,1.89
20251012,28.23,7.99,78.99,1.81
20251013,28.35,3.25,75.91,1.91
20251014,27.76,8.44,79.42,2.47
20251015,26.86,10.69,85.46,1.91
20251016,26.76,11.05,87.29,2.42
20251017,26.75,15.07,90.63,2.86
20251018,26.66,12.92,87.62,2.33
20251019,26.21,5.42,88.97,2.37
20251020,25.8,16.27,90.43,1.77
20251021,25.58,28.62,90.92,1.53
20251022,25.97,36.06,89.43,3.0
20251023,26.44,2.56,87.91,1.84
20251024,26.28,9.83,89.33,1.77
20251025,27.23,4.81,83.96,0.65
20251026,26.97,0.05,86.01,1.01
20251027,26.56,0.26,85.36,1.77
20251028,26.68,0.03,83.25,2.29
20251029,27.09,0.01,83.53,1.85
20251030,27.68,0.0,78.94,1.05
20251031,28.12,0.0,78.49,0.91
20251101,27.73,0.0,79.63,0.74
20251102,28.02,0.0,78.95,1.14
20251103,27.87,0.0,78.54,1.27
20251104,27.46,0.0,79.98,1.31
20251105,26.99,0.63,82.77,0.7
20251106,27.07,5.96,81.76,1.01
20251107,26.5,0.25,83.18,1.0
20251108,26.12,2.65,83.36,1.5
20251109,25.38,0.52,77.77,1.67
20251110,26.22,0.3,80.16,1.23
20251111,26.41,0.96,83.1,1.92
20251112,26.35,0.43,82.72,2.57
20251113,26.18,1.65,83.55,2.61
20251114,25.34,0.31,80.86,2.91
20251115,24.76,0.46,77.9,2.79
20251116,24.98,3.2,86.12,3.12
20251117,23.91,9.47,86.87,3.44
20251118,24.34,14.05,88.95,2.84
20251119,25.54,1.8,84.43,2.73
20251120,25.35,1.49,81.62,2.9
20251121,26.01,7.4,87.18,2.68
20251122,25.61,8.26,91.47,2.44
20251123,25.59,40.83,92.83,2.6
20251124,24.94,30.21,93.45,2.56
20251125,24.46,1.99,89.45,3.21
20251126,23.75,0.46,89.05,3.41
20251127,23.99,0.44,84.55,3.66
20251128,22.62,10.71,88.88,3.74
20251129,22.46,59.26,91.36,4.65
20251130,23.49,5.35,90.62,3.7
20251201,25.67,1.45,82.71,1.8
20251202,24.79,14.96,87.74,1.06
20251203,25.04,10.35,87.97,1.24
20251204,25.6,2.15,86.48,1.46
20251205,25.11,6.0,91.02,3.09
20251206,24.97,4.64,88.76,2.91
20251207,24.33,1.89,88.61,2.83
20251208,23.73,0.13,86.09,2.86
20251209,23.42,1.28,89.88,3.17
20251210,23.31,1.27,86.68,3.16
20251211,22.98,0.07,86.71,2.87
20251212,23.08,0.45,86.49,3.06
20251213,21.9,0.07,82.82,2.83
20251214,20.99,0.0,83.21,2.4
20251215,21.7,0.04,84.29,2.5
20251216,24.07,6.27,88.74,3.26
20251217,24.95,4.81,87.2,3.56
20251218,22.0,0.01,86.48,2.87
20251219,21.76,0.0,84.11,2.31
20251220,21.24,0.0,81.17,1.93
20251221,21.77,0.0,83.36,2.22
20251222,21.8,0.0,82.89,2.29
20251223,22.57,0.0,83.66,2.23
20251224,22.42,0.0,81.14,2.1
20251225,22.31,0.02,81.87,1.97
20251226,23.52,0.04,83.58,2.53
20251227,22.88,0.0,80.89,2.43
20251228,23.3,0.0,83.24,2.22
20251229,23.76,0.0,84.06,2.54
20251230,23.98,0.0,82.29,1.92
20251231,25.47,1.11,85.01,2.04
