Date,T2M,PRECTOTCORR,RH2M,WS2M
20050101,20.57,0.11,85.88,0.98
20050102,20.23,0.21,86.66,1.11
20050103,20.47,0.17,86.68,0.9
20050104,20.32,0.01,82.77,1.21
20050105,19.57,0.0,83.93,1.25
20050106,18.7,0.0,81.19,1.26
20050107,18.92,0.0,85.39,1.4
20050108,19.46,0.0,82.41,1.32
20050109,18.85,0.0,81.17,1.25
20050110,19.81,0.0,72.74,1.0
20050111,20.28,0.0,59.56,0.88
20050112,20.23,0.0,57.22,1.06
20050113,19.61,0.0,73.95,1.16
20050114,19.13,0.0,77.72,1.31
20050115,19.29,0.0,75.96,1.11
20050116,19.7,0.0,75.65,0.96
20050117,21.15,0.0,74.14,0.8
20050118,22.28,0.08,73.41,0.77
20050119,22.65,0.02,79.62,0.91
20050120,22.2,0.08,75.56,1.4
20050121,21.85,0.41,81.5,1.99
20050122,22.11,0.44,82.93,1.65
20050123,22.42,0.04,77.9,1.26
20050124,22.29,0.01,79.6,1.14
20050125,22.36,0.0,75.55,1.15
20050126,22.44,0.0,72.25,1.07
20050127,22.25,1.89,78.29,0.98
20050128,21.1,0.66,80.2,1.05
20050129,21.75,16.92,78.67,0.84
20050130,21.65,8.56,85.15,0.86
20050131,22.85,2.98,83.29,0.72
20050201,23.44,0.42,82.44,0.63
20050202,23.22,0.1,79.61,1.16
20050203,22.92,0.09,78.44,1.21
20050204,23.02,0.02,75.95,1.16
20050205,23.08,0.03,76.66,1.09
20050206,22.61,0.0,71.92,1.21
20050207,20.97,0.0,65.33,1.2
20050208,21.65,0.0,71.09,1.4
20050209,21.36,0.0,71.57,1.88
20050210,21.47,0.0,71.88,1.92
20050211,21.17,0.0,69.32,1.68
20050212,20.82,0.0,67.32,1.71
20050213,20.88,0.0,61.56,1.51
20050214,22.3,0.0,47.94,1.35
20050215,24.47,0.0,38.64,1.02
20050216,24.78,0.0,41.29,1.23
20050217,24.28,0.0,50.99,1.31
20050218,23.96,0.0,51.3,1.33
20050219,23.59,0.0,51.65,1.32
20050220,22.9,0.0,55.14,1.08
20050221,23.52,0.0,63.31,0.7
20050222,24.32,0.86,72.5,0.97
20050223,25.07,0.2,71.87,1.11
20050224,24.78,0.0,71.53,1.18
20050225,24.41,0.0,61.38,1.27
20050226,23.62,0.0,54.71,1.29
20050227,23.01,0.0,56.52,1.12
20050228,23.15,0.0,53.08,1.21
20050301,23.63,0.0,60.22,1.23
20050302,24.39,0.0,57.08,1.08
20050303,24.77,0.0,58.18,1.25
20050304,25.76,2.2,61.13,1.09
20050305,25.06,4.9,72.82,1.16
20050306,24.36,0.56,74.89,1.05
20050307,24.89,0.02,69.5,1.32
20050308,23.79,0.0,71.54,1.1
20050309,24.08,0.0,70.11,1.03
20050310,24.39,2.45,70.54,0.89
20050311,24.95,1.42,68.34,0.85
20050312,25.83,0.3,64.82,0.91
20050313,25.52,8.48,69.98,0.97
20050314,24.59,7.02,78.77,0.95
20050315,24.76,0.07,66.91,1.15
20050316,24.47,0.0,60.89,1.35
20050317,23.93,0.0,59.1,1.46
20050318,24.32,0.01,56.82,1.17
20050319,25.47,0.55,59.6,1.14
20050320,26.36,0.0,60.82,0.85
20050321,26.97,0.0,58.67,1.1
20050322,27.64,0.0,56.6,0.99
20050323,28.1,0.0,55.66,0.77
20050324,28.43,0.08,55.42,0.73
20050325,27.96,0.01,55.44,0.76
20050326,27.6,0.0,53.28,0.95
20050327,28.05,0.07,54.33,1.12
20050328,28.23,0.0,55.12,0.92
20050329,28.51,0.0,56.3,1.0
20050330,27.77,1.85,61.36,0.87
20050331,27.51,0.18,60.94,0.95
20050401,28.61,0.0,53.46,1.17
20050402,27.58,3.38,62.95,1.4
20050403,24.05,17.06,81.62,1.19
20050404,21.96,32.75,90.35,1.91
20050405,22.31,11.16,89.47,1.39
20050406,23.69,42.82,87.51,1.05
20050407,23.3,20.62,86.28,1.21
20050408,23.07,2.24,87.73,1.03
20050409,24.69,0.16,78.98,1.02
20050410,25.25,0.85,76.83,0.79
20050411,24.53,4.91,83.68,0.73
20050412,25.05,0.94,80.4,0.7
20050413,24.88,4.13,81.96,0.89
20050414,25.56,0.27,75.82,0.98
20050415,25.81,0.21,72.09,1.2
20050416,25.73,3.47,71.23,1.06
20050417,25.67,1.4,68.93,1.25
20050418,25.22,1.18,70.8,1.04
20050419,24.98,6.77,75.04,1.14
20050420,23.43,7.1,84.68,1.31
20050421,24.28,0.53,77.52,1.02
20050422,24.36,0.05,76.47,0.89
20050423,25.3,0.08,76.48,1.14
20050424,25.61,0.06,76.57,0.77
20050425,25.35,2.34,77.46,0.69
20050426,26.1,0.15,72.06,0.83
20050427,26.06,0.03,72.84,0.73
20050428,27.09,0.0,69.14,0.58
20050429,27.47,0.04,70.87,0.66
20050430,26.65,10.92,76.67,0.64
20050501,26.29,5.57,77.71,0.44
20050502,25.03,8.89,83.0,0.83
20050503,26.26,1.91,73.29,0.66
20050504,25.39,1.54,76.57,0.72
20050505,25.76,0.05,74.46,0.79
20050506,24.97,1.95,78.27,1.08
20050507,24.63,2.31,79.66,0.97
20050508,25.2,0.04,76.17,0.91
20050509,26.67,0.13,69.94,1.25
20050510,25.61,0.0,68.59,1.5
20050511,23.84,0.15,80.89,1.39
20050512,26.32,0.76,74.49,0.83
20050513,26.84,0.05,71.09,0.82
20050514,26.95,4.89,71.26,0.72
20050515,27.45,1.06,69.63,1.07
20050516,26.98,0.11,67.56,0.94
20050517,27.73,0.0,60.82,1.0
20050518,28.5,0.01,63.42,1.17
20050519,28.89,0.0,63.17,1.0
20050520,28.88,0.0,63.13,0.99
20050521,28.6,0.01,64.56,1.0
20050522,28.33,0.23,65.2,0.93
20050523,28.17,0.09,66.03,0.95
20050524,27.84,0.0,65.45,0.59
20050525,26.46,0.19,71.27,0.9
20050526,27.03,27.75,68.33,0.64
20050527,25.54,9.69,77.67,1.24
20050528,24.27,1.24,79.17,1.06
20050529,25.45,30.47,74.63,1.03
20050530,24.89,7.34,76.92,1.51
20050531,24.66,2.53,77.71,1.79
20050601,25.15,0.91,78.81,1.9
20050602,25.77,0.12,77.12,1.85
20050603,25.23,0.15,81.1,1.31
20050604,25.14,6.38,80.19,0.8
20050605,24.76,13.72,82.51,0.9
20050606,24.68,2.24,81.63,1.44
20050607,24.5,1.99,82.25,1.47
20050608,25.05,8.32,82.84,1.71
20050609,23.35,17.49,84.15,3.19
20050610,23.61,5.38,75.42,3.75
20050611,24.31,2.36,82.07,2.49
20050612,24.79,3.37,77.11,2.52
20050613,23.91,8.17,79.27,2.36
20050614,23.49,1.06,82.06,1.83
20050615,24.38,2.88,76.75,2.17
20050616,24.32,22.88,82.91,2.73
20050617,23.7,13.06,84.13,3.39
20050618,22.96,1.51,81.63,3.44
20050619,23.62,11.36,82.12,3.31
20050620,23.66,25.71,81.98,3.48
20050621,23.16,9.91,83.49,3.66
20050622,23.08,1.8,81.5,3.49
20050623,23.81,0.18,77.33,3.23
20050624,23.99,1.73,78.41,3.38
20050625,24.21,7.05,81.14,2.59
20050626,23.85,3.71,82.18,2.79
20050627,23.47,1.73,83.6,2.62
20050628,23.29,1.12,81.88,2.87
20050629,22.55,2.59,84.21,2.43
20050630,23.42,5.35,83.28,2.13
20050701,23.6,5.75,84.99,2.18
20050702,23.39,3.9,82.91,2.34
20050703,22.78,4.2,84.53,2.73
20050704,23.23,9.96,84.19,2.76
20050705,23.35,4.41,84.69,3.11
20050706,23.14,0.56,78.52,3.79
20050707,23.31,0.45,77.6,3.51
20050708,24.14,1.13,80.47,2.92
20050709,23.23,7.36,81.55,3.54
20050710,22.6,11.02,84.88,2.59
20050711,22.8,2.53,81.11,3.11
20050712,23.31,0.15,82.09,2.25
20050713,22.45,1.41,88.49,1.3
20050714,22.99,15.11,85.67,1.04
20050715,23.06,8.2,87.18,1.06
20050716,23.52,2.96,85.71,0.9
20050717,23.09,8.45,85.51,1.81
20050718,23.8,1.76,83.0,1.89
20050719,23.39,0.46,85.17,2.11
20050720,23.44,2.99,83.57,2.37
20050721,23.19,0.08,80.49,2.79
20050722,22.71,3.11,83.18,2.55
20050723,22.75,6.15,84.46,2.79
20050724,22.92,2.65,82.26,3.76
20050725,22.57,0.57,78.75,4.95
20050726,23.09,7.07,79.81,4.6
20050727,22.82,5.62,83.11,3.84
20050728,23.29,8.35,81.75,3.39
20050729,22.5,16.69,84.55,3.54
20050730,22.62,16.82,82.56,4.33
20050731,23.21,6.84,81.06,5.01
20050801,22.95,18.89,83.65,4.56
20050802,22.34,5.57,80.82,5.11
20050803,22.07,0.79,78.18,3.9
20050804,22.17,0.97,81.89,3.55
20050805,22.75,0.81,81.3,3.62
20050806,23.08,0.05,78.72,3.18
20050807,23.38,0.0,77.97,2.91
20050808,22.92,0.1,79.94,2.62
20050809,22.62,1.26,82.44,2.38
20050810,23.57,0.79,80.34,3.1
20050811,23.54,0.39,79.82,3.49
20050812,23.23,0.04,77.03,3.73
20050813,23.5,0.27,78.36,3.09
20050814,23.73,0.77,78.24,3.32
20050815,23.87,0.73,77.72,3.35
20050816,23.38,0.96,78.38,3.31
20050817,22.93,0.04,79.4,2.89
20050818,23.16,0.0,75.56,2.69
20050819,23.36,0.18,78.02,2.37
20050820,23.23,0.01,76.75,2.42
20050821,24.02,0.02,74.74,1.8
20050822,24.18,0.03,78.03,1.0
20050823,24.5,4.38,78.0,0.7
20050824,23.87,0.72,78.92,1.21
20050825,23.49,7.18,80.28,1.5
20050826,23.64,8.17,80.52,1.24
20050827,23.41,10.94,84.77,1.17
20050828,24.24,0.67,82.1,0.71
20050829,23.87,0.11,84.99,1.17
20050830,25.13,1.31,76.47,0.91
20050831,24.31,5.48,81.92,1.46
20050901,24.27,3.76,82.68,1.19
20050902,23.41,22.54,88.87,1.29
20050903,23.61,9.23,89.43,1.11
20050904,23.4,33.57,89.29,1.7
20050905,23.07,12.6,85.18,2.81
20050906,22.51,11.8,85.39,2.38
20050907,22.79,11.34,85.84,2.17
20050908,23.38,2.55,83.28,3.21
20050909,23.51,0.81,80.99,3.41
20050910,23.19,11.84,82.63,2.97
20050911,22.54,7.32,84.04,2.76
20050912,22.49,4.5,85.04,3.04
20050913,22.84,0.94,84.09,3.1
20050914,23.21,0.22,82.15,2.52
20050915,22.39,11.43,82.89,1.68
20050916,23.09,0.73,84.78,1.36
20050917,23.29,0.0,82.01,1.64
20050918,22.9,0.0,81.32,2.39
20050919,22.05,0.46,82.02,3.21
20050920,22.78,1.97,83.31,3.36
20050921,23.04,0.85,83.38,2.5
20050922,23.46,0.18,81.34,1.8
20050923,23.35,0.0,81.42,1.53
20050924,23.59,0.22,79.86,1.31
20050925,23.78,1.68,79.98,1.4
20050926,23.5,0.04,79.26,1.44
20050927,23.87,0.0,77.7,1.3
20050928,23.63,3.02,79.93,1.3
20050929,24.02,0.16,77.09,1.38
20050930,23.86,0.03,76.08,1.32
20051001,23.84,0.02,73.59,0.97
20051002,23.74,2.72,80.31,0.77
20051003,24.36,2.07,79.48,0.95
20051004,24.14,23.88,82.97,0.59
20051005,24.27,6.54,82.31,0.73
20051006,24.66,0.0,78.42,0.88
20051007,24.44,1.89,82.64,0.54
20051008,22.75,21.84,90.8,0.92
20051009,22.59,3.8,85.27,1.02
20051010,23.46,14.13,85.75,0.89
20051011,22.88,21.52,87.38,0.62
20051012,22.61,21.5,92.78,0.61
20051013,22.19,2.64,89.11,1.26
20051014,22.87,0.78,84.35,1.73
20051015,23.44,0.11,85.21,0.89
20051016,24.14,0.05,77.58,0.34
20051017,23.4,0.26,84.98,0.5
20051018,22.6,5.96,87.16,0.51
20051019,22.91,1.75,84.68,1.21
20051020,22.99,0.26,84.32,0.8
20051021,23.07,52.82,88.83,0.83
20051022,22.76,71.73,92.99,0.65
20051023,22.48,13.04,88.97,1.37
20051024,22.18,38.72,89.84,0.8
20051025,21.74,9.13,92.39,1.1
20051026,21.96,1.3,84.65,1.06
20051027,22.2,0.83,87.73,1.22
20051028,22.68,0.36,86.16,1.5
20051029,23.24,11.66,86.52,1.5
20051030,23.27,13.03,88.69,1.23
20051031,23.58,1.23,87.89,0.81
20051101,23.24,12.06,87.83,0.82
20051102,21.54,8.71,94.08,0.81
20051103,21.52,3.34,89.97,1.06
20051104,21.56,10.62,90.4,1.02
20051105,21.12,14.55,93.34,1.32
20051106,20.96,20.84,94.59,1.13
20051107,21.68,8.32,91.73,1.63
20051108,21.68,19.21,93.72,1.22
20051109,21.68,2.06,90.19,1.09
20051110,21.26,14.76,93.8,0.6
20051111,21.6,7.23,92.93,0.6
20051112,21.57,15.24,95.1,0.85
20051113,20.6,42.78,93.4,0.76
20051114,21.24,3.08,88.25,0.61
20051115,21.51,0.0,86.55,0.79
20051116,19.91,0.0,84.63,1.06
20051117,18.33,0.07,78.53,1.11
20051118,18.47,0.01,78.71,1.15
20051119,19.68,0.41,86.97,1.03
20051120,19.77,0.29,88.95,1.08
20051121,20.03,7.32,93.64,1.34
20051122,21.42,14.43,96.79,2.25
20051123,21.85,42.44,97.03,1.55
20051124,20.14,40.54,95.71,1.57
20051125,20.82,8.08,92.7,1.4
20051126,20.81,4.73,91.74,1.35
20051127,21.47,2.74,91.27,1.29
20051128,21.02,0.18,89.77,1.26
20051129,18.87,4.34,86.67,1.17
20051130,20.76,1.98,79.18,0.92
20051201,22.31,0.07,85.08,0.69
20051202,22.45,6.12,86.28,0.61
20051203,21.98,12.54,92.08,0.66
20051204,22.51,4.93,90.07,0.86
20051205,20.89,4.91,93.77,1.42
20051206,20.81,0.49,90.66,1.28
20051207,20.27,0.0,87.15,1.16
20051208,20.35,0.0,77.14,1.15
20051209,21.38,3.12,78.36,1.09
20051210,20.48,19.82,92.05,1.52
20051211,20.68,9.6,95.85,2.05
20051212,20.87,2.04,93.77,1.21
20051213,21.6,6.04,94.21,1.66
20051214,20.96,1.45,91.48,1.48
20051215,20.11,0.05,90.17,1.33
20051216,18.99,0.02,86.05,1.33
20051217,19.93,0.48,89.87,1.18
20051218,21.25,1.1,90.96,1.12
20051219,22.3,0.09,84.53,1.03
20051220,22.63,0.03,83.85,0.97
20051221,22.73,0.05,84.96,0.74
20051222,22.69,3.18,85.15,0.44
20051223,22.53,0.94,85.52,0.58
20051224,21.82,0.0,89.03,1.0
20051225,20.64,0.0,88.86,1.13
20051226,19.44,0.0,88.55,1.27
20051227,18.05,0.0,85.12,1.19
20051228,18.53,0.01,87.96,1.03
20051229,19.22,0.0,88.15,1.14
20051230,18.24,0.0,84.46,1.13
20051231,18.03,0.0,88.33,1.28
20060101,18.2,0.01,87.01,1.3
20060102,18.34,0.0,88.05,1.15
20060103,19.03,0.0,88.26,1.11
20060104,19.93,0.11,89.44,1.03
20060105,20.74,0.66,91.52,1.27
20060106,20.34,0.03,90.08,1.36
20060107,21.04,0.28,89.76,1.33
20060108,20.78,11.19,92.86,1.53
20060109,21.14,0.75,90.14,1.41
20060110,20.82,0.07,90.05,1.45
20060111,19.48,0.02,86.13,1.28
20060112,20.2,0.08,90.81,1.27
20060113,20.24,0.25,88.69,1.37
20060114,20.54,0.95,93.42,1.27
20060115,21.42,0.15,92.14,1.11
20060116,21.38,4.63,91.55,1.24
20060117,21.28,0.34,88.58,1.07
20060118,20.5,0.0,81.17,1.09
20060119,18.53,0.0,75.78,1.06
20060120,18.73,0.0,71.53,1.13
20060121,18.88,0.0,72.91,1.13
20060122,19.3,0.0,69.09,1.01
20060123,19.18,0.0,64.01,0.91
20060124,19.4,0.0,67.08,0.91
20060125,19.41,0.0,75.35,1.02
20060126,18.28,0.0,79.53,1.28
20060127,19.1,0.06,88.1,1.51
20060128,19.32,0.0,86.72,1.31
20060129,18.06,0.0,78.5,1.31
20060130,17.28,0.0,80.51,1.17
20060131,18.06,0.0,83.79,1.3
20060201,18.41,0.0,84.19,1.33
20060202,18.95,0.0,84.45,1.33
20060203,20.03,0.03,85.67,1.44
20060204,21.12,0.07,87.09,1.66
20060205,20.97,0.0,84.68,1.52
20060206,19.34,0.0,75.1,1.4
20060207,18.48,0.0,71.83,1.37
20060208,18.33,0.0,72.06,1.26
20060209,19.89,0.0,80.55,1.13
20060210,20.35,0.01,73.72,1.27
20060211,20.01,0.0,73.39,1.3
20060212,20.34,0.0,77.76,1.38
20060213,19.11,0.0,75.33,1.26
20060214,19.89,0.0,64.16,1.11
20060215,21.54,0.0,61.0,0.94
20060216,21.87,0.0,62.22,1.05
20060217,22.22,0.0,59.11,1.11
20060218,21.89,0.0,61.75,1.24
20060219,21.86,0.0,63.69,1.18
20060220,22.33,0.0,56.92,1.31
20060221,21.83,0.0,54.16,1.27
20060222,21.41,0.0,56.38,1.25
20060223,21.73,0.0,55.29,1.33
20060224,21.67,0.0,58.05,1.18
20060225,22.96,0.0,65.61,1.04
20060226,23.76,0.0,61.08,1.16
20060227,24.31,0.0,65.88,1.04
20060228,25.51,0.0,66.54,0.75
20060301,25.52,0.0,66.92,1.05
20060302,25.24,0.12,68.94,1.16
20060303,23.59,43.8,83.57,0.91
20060304,22.79,4.25,82.79,1.13
20060305,24.47,1.22,76.05,0.95
20060306,23.91,2.54,81.05,0.92
20060307,23.82,0.45,75.64,0.81
20060308,23.92,0.08,73.73,1.2
20060309,23.29,5.22,83.76,1.01
20060310,24.14,1.18,78.93,0.8
20060311,24.93,7.24,77.34,0.6
20060312,24.49,1.0,77.22,0.92
20060313,25.5,0.0,71.39,0.52
20060314,24.29,0.0,77.06,0.86
20060315,25.13,0.1,71.04,0.79
20060316,24.18,0.01,73.1,0.62
20060317,24.59,0.0,71.69,1.0
20060318,24.85,0.0,69.48,1.25
20060319,24.39,0.0,68.21,1.41
20060320,24.6,0.0,64.99,1.33
20060321,24.71,0.01,62.78,1.34
20060322,24.99,0.06,58.33,1.3
20060323,26.15,0.12,57.85,1.44
20060324,26.44,0.35,59.54,1.21
20060325,26.28,0.0,61.18,1.1
20060326,26.22,1.5,62.33,1.11
20060327,26.69,0.14,58.53,1.22
20060328,26.16,0.0,52.15,1.35
20060329,26.09,0.0,59.41,1.2
20060330,25.46,0.57,71.64,1.09
20060331,26.34,0.07,65.22,1.31
20060401,26.33,0.0,56.84,1.4
20060402,26.34,0.0,54.84,1.38
20060403,26.48,0.0,56.72,1.28
20060404,27.05,0.0,55.86,1.25
20060405,27.28,0.0,55.03,1.37
20060406,28.22,0.0,54.38,1.08
20060407,28.5,0.0,54.09,1.14
20060408,28.39,0.0,54.85,1.16
20060409,27.95,0.0,53.49,1.44
20060410,27.47,0.12,53.6,1.4
20060411,28.17,0.12,55.73,1.0
20060412,28.09,0.61,60.26,0.97
20060413,27.51,6.46,63.52,0.8
20060414,25.54,2.79,73.09,1.26
20060415,26.01,0.31,69.18,0.48
20060416,24.23,0.23,77.53,0.87
20060417,24.43,20.45,78.45,1.01
20060418,25.17,4.63,75.49,1.18
20060419,26.16,0.44,68.7,1.08
20060420,25.96,0.68,68.98,1.23
20060421,26.41,1.57,65.14,1.0
20060422,27.12,0.47,57.64,1.21
20060423,26.8,0.0,56.0,1.33
20060424,27.11,0.0,56.19,1.45
20060425,28.07,0.37,57.37,1.04
20060426,28.37,0.08,60.63,0.93
20060427,28.75,0.0,60.03,0.76
20060428,27.54,0.0,65.63,1.19
20060429,27.08,0.0,65.02,1.3
20060430,28.71,0.0,58.43,1.22
20060501,28.79,0.0,58.28,1.62
20060502,28.66,0.01,60.55,1.12
20060503,27.94,0.09,62.78,1.11
20060504,26.61,0.39,67.16,1.02
20060505,26.52,0.1,68.78,0.84
20060506,27.46,0.0,63.6,0.64
20060507,27.55,0.22,61.38,0.94
20060508,27.65,0.26,62.4,1.33
20060509,28.15,0.16,56.74,1.36
20060510,27.73,0.49,60.69,0.94
20060511,28.9,0.26,57.28,0.94
20060512,28.98,0.07,56.0,0.95
20060513,28.51,0.0,56.54,1.17
20060514,28.56,0.22,55.21,1.04
20060515,27.28,1.91,63.93,1.31
20060516,27.21,12.09,68.07,1.1
20060517,27.2,1.35,67.18,0.95
20060518,23.97,37.87,84.73,1.4
20060519,24.22,2.09,77.65,2.15
20060520,25.62,0.0,65.28,2.17
20060521,25.19,5.02,73.27,2.02
20060522,25.55,12.38,73.39,2.21
20060523,24.93,15.44,77.6,2.19
20060524,24.81,6.32,75.59,2.75
20060525,24.88,4.11,75.6,3.33
20060526,23.62,16.04,77.91,3.11
20060527,22.77,15.03,80.75,3.6
20060528,24.0,15.51,78.7,3.8
20060529,23.87,17.47,78.25,4.15
20060530,24.27,25.81,79.91,4.0
20060531,23.65,21.63,80.85,3.25
20060601,23.79,0.59,78.08,2.99
20060602,24.03,1.3,79.6,2.14
20060603,24.31,0.75,77.64,2.42
20060604,23.63,1.54,73.9,2.78
20060605,23.18,3.04,76.93,2.63
20060606,23.5,0.15,78.2,1.94
20060607,23.23,0.06,75.1,1.9
20060608,24.04,0.02,73.43,1.96
20060609,24.17,0.17,74.47,1.69
20060610,24.18,0.0,73.25,1.86
20060611,23.85,0.0,73.9,1.9
20060612,24.83,0.0,71.65,1.72
20060613,25.11,0.1,71.23,1.6
20060614,25.68,0.02,68.46,1.4
20060615,25.68,2.15,74.61,1.13
20060616,24.61,2.55,80.11,1.36
20060617,24.31,0.18,74.62,1.28
20060618,24.93,0.2,74.13,0.88
20060619,25.44,0.41,73.04,0.95
20060620,23.99,22.18,81.28,1.07
20060621,23.91,30.19,83.0,1.13
20060622,23.62,21.99,86.3,1.89
20060623,23.74,26.04,83.33,3.5
20060624,23.97,9.29,80.3,3.89
20060625,23.13,5.95,79.53,4.19
20060626,22.89,3.21,82.13,2.97
20060627,23.96,1.52,81.72,2.44
20060628,23.31,3.03,80.58,3.73
20060629,23.05,21.14,80.88,3.61
20060630,23.42,3.18,81.28,3.18
20060701,23.11,0.68,78.77,4.69
20060702,22.92,1.52,79.46,4.63
20060703,22.9,7.59,79.65,4.8
20060704,22.8,9.07,80.56,4.68
20060705,23.28,7.08,79.18,4.23
20060706,23.29,3.95,79.85,3.49
20060707,23.38,6.41,80.42,3.13
20060708,23.91,1.86,79.62,3.2
20060709,23.23,0.62,79.98,3.23
20060710,23.35,24.08,80.14,3.4
20060711,23.09,13.77,82.81,3.14
20060712,22.53,12.96,86.71,2.75
20060713,22.4,8.11,83.97,3.43
20060714,22.59,1.65,82.87,3.3
20060715,23.07,2.78,82.94,3.83
20060716,23.37,1.08,80.35,3.98
20060717,23.19,2.82,80.78,4.11
20060718,22.35,1.05,83.04,3.66
20060719,23.02,0.58,80.47,2.97
20060720,23.16,2.69,80.26,2.94
20060721,23.24,0.57,78.64,2.99
20060722,22.78,0.04,78.61,2.42
20060723,23.76,0.0,76.5,2.35
20060724,23.47,0.0,78.08,1.88
20060725,23.51,1.03,81.45,1.21
20060726,22.7,1.43,83.79,1.62
20060727,21.86,3.79,82.8,2.74
20060728,21.66,2.61,78.19,3.88
20060729,22.59,2.81,79.18,3.01
20060730,23.0,0.78,79.72,2.43
20060731,22.52,0.86,81.53,2.7
20060801,22.86,0.46,80.27,2.38
20060802,23.57,0.28,75.04,3.12
20060803,22.42,0.8,76.93,3.7
20060804,22.04,0.83,78.14,3.02
20060805,22.32,0.29,76.53,2.6
20060806,23.4,0.01,75.88,1.92
20060807,23.88,0.18,76.11,1.97
20060808,23.13,0.52,76.73,2.1
20060809,22.94,10.53,79.74,2.52
20060810,22.19,20.04,82.19,3.09
20060811,23.55,12.26,81.17,3.45
20060812,22.91,12.36,82.05,3.58
20060813,22.27,4.61,82.74,3.68
20060814,22.74,13.75,81.51,3.37
20060815,23.16,15.63,81.71,3.66
20060816,21.49,8.73,79.73,4.8
20060817,22.65,3.25,78.67,4.11
20060818,22.58,6.87,80.52,2.92
20060819,23.71,0.33,80.79,1.75
20060820,23.28,22.39,83.92,1.14
20060821,22.74,14.22,88.89,0.96
20060822,22.81,1.02,85.98,0.95
20060823,23.46,0.76,80.51,1.11
20060824,23.09,10.78,82.15,1.2
20060825,23.56,5.82,82.49,1.12
20060826,22.02,0.0,80.85,1.77
20060827,21.58,0.0,81.92,2.13
20060828,22.59,0.44,80.0,2.59
20060829,22.58,0.82,81.72,2.59
20060830,23.51,0.08,78.99,1.98
20060831,23.61,0.5,80.58,1.42
20060901,23.62,12.68,82.44,1.28
20060902,23.49,7.92,84.25,0.84
20060903,23.6,0.92,87.35,0.77
20060904,23.8,2.57,81.89,0.74
20060905,22.73,0.22,84.14,1.17
20060906,23.19,0.72,83.05,0.85
20060907,23.2,5.77,88.6,0.63
20060908,23.74,7.44,86.1,1.27
20060909,22.67,13.51,87.0,1.43
20060910,22.89,5.32,86.92,1.73
20060911,22.59,11.32,86.64,2.27
20060912,22.91,12.04,83.03,2.7
20060913,22.7,11.26,83.4,2.97
20060914,22.0,2.18,84.14,2.61
20060915,22.64,20.21,84.83,2.37
20060916,22.28,20.7,88.8,2.06
20060917,22.3,4.62,87.43,2.1
20060918,22.66,14.04,86.39,2.24
20060919,22.71,2.63,83.35,2.5
20060920,22.7,0.33,86.1,1.78
20060921,22.46,11.19,86.92,1.81
20060922,22.65,4.94,85.81,1.69
20060923,22.61,0.61,87.55,1.32
20060924,22.49,27.88,88.07,1.49
20060925,21.33,27.31,89.31,1.38
20060926,21.75,1.13,83.67,2.69
20060927,21.9,0.34,82.17,2.04
20060928,22.34,0.42,79.74,2.08
20060929,21.84,0.75,82.56,1.74
20060930,22.85,0.54,82.24,1.85
20061001,22.33,0.32,82.0,2.07
20061002,22.28,0.08,82.16,1.65
20061003,23.4,0.04,80.96,1.16
20061004,23.26,6.7,83.57,1.52
20061005,23.27,0.61,83.34,1.73
20061006,22.92,20.75,85.63,1.81
20061007,22.54,55.9,91.98,1.52
20061008,22.2,8.31,85.64,2.27
20061009,21.59,0.77,87.5,1.52
20061010,22.9,5.24,87.79,0.83
20061011,22.27,0.35,88.49,0.99
20061012,23.09,1.83,85.9,0.61
20061013,23.09,0.63,80.82,0.76
20061014,22.48,7.88,85.53,0.82
20061015,23.23,15.47,86.34,0.98
20061016,23.04,9.17,86.9,1.05
20061017,22.85,5.76,89.53,1.21
20061018,23.11,35.65,89.06,1.16
20061019,22.55,21.33,90.81,1.12
20061020,22.05,14.81,90.09,1.23
20061021,22.09,3.39,88.03,1.16
20061022,21.81,4.91,88.1,1.23
20061023,21.69,12.89,91.66,1.39
20061024,21.68,10.09,91.11,1.44
20061025,21.7,2.47,89.91,1.51
20061026,22.21,23.23,92.35,1.38
20061027,21.92,22.92,93.47,1.34
20061028,22.48,30.95,87.7,0.46
20061029,22.18,8.8,90.92,1.06
20061030,22.53,8.84,91.11,0.67
20061031,21.87,1.02,93.35,1.12
20061101,22.64,4.0,88.85,0.93
20061102,22.49,9.38,91.56,1.17
20061103,21.67,5.67,92.72,1.15
20061104,20.89,3.49,92.96,0.87
20061105,22.1,0.47,89.41,1.03
20061106,21.37,28.25,92.42,0.77
20061107,20.66,5.84,95.5,1.09
20061108,21.05,7.05,92.59,0.96
20061109,21.23,12.23,93.98,0.86
20061110,21.63,14.2,91.31,0.9
20061111,21.62,8.14,91.89,1.13
20061112,21.83,0.66,91.29,1.14
20061113,21.46,0.7,92.18,1.14
20061114,21.72,5.6,92.15,1.37
20061115,21.8,1.96,91.99,1.45
20061116,21.9,0.9,90.4,1.27
20061117,21.36,14.2,94.24,1.17
20061118,21.8,22.67,92.31,0.96
20061119,22.21,5.56,92.18,1.13
20061120,21.95,3.51,92.18,1.11
20061121,21.69,16.3,93.05,1.48
20061122,20.82,6.51,93.78,1.0
20061123,21.67,12.17,90.41,0.89
20061124,21.45,5.93,90.93,0.95
20061125,21.31,0.13,90.39,1.0
20061126,22.4,7.27,90.68,1.06
20061127,21.75,7.05,93.24,1.16
20061128,21.8,0.61,90.51,1.18
20061129,21.02,0.02,89.98,1.37
20061130,20.97,0.0,90.64,1.42
20061201,19.68,0.0,89.62,1.42
20061202,19.54,0.04,87.71,1.19
20061203,19.66,0.1,90.39,1.56
20061204,19.36,0.08,90.63,1.51
20061205,19.62,0.0,89.88,1.62
20061206,18.9,0.0,86.83,1.33
20061207,18.61,0.0,86.88,1.36
20061208,18.67,0.0,86.03,1.29
20061209,18.98,0.05,85.6,1.11
20061210,20.52,1.57,90.86,1.23
20061211,21.96,4.21,90.7,1.01
20061212,22.09,1.46,91.55,1.3
20061213,20.86,0.02,90.27,1.61
20061214,19.61,0.0,88.22,1.66
20061215,19.19,0.0,88.19,1.47
20061216,18.13,0.0,87.79,1.7
20061217,18.11,0.0,89.02,1.63
20061218,19.46,0.0,88.12,1.29
20061219,19.98,0.04,87.97,1.33
20061220,19.62,0.17,89.6,1.3
20061221,19.61,0.08,89.75,1.53
20061222,19.77,0.0,88.53,1.69
20061223,19.93,0.06,87.91,1.69
20061224,19.76,0.0,88.67,1.52
20061225,19.14,0.01,87.97,1.41
20061226,18.94,0.0,86.39,1.34
20061227,18.99,0.0,87.55,1.25
20061228,18.8,0.0,85.96,1.27
20061229,18.28,0.0,82.96,1.19
20061230,18.05,0.0,79.14,1.12
20061231,17.94,0.0,81.43,1.03
20070101,18.99,0.0,84.9,1.13
20070102,18.32,0.0,78.08,1.14
20070103,18.05,0.0,81.83,1.04
20070104,18.94,0.0,81.34,1.0
20070105,18.25,0.0,81.91,1.05
20070106,18.4,0.0,84.79,1.31
20070107,18.39,0.0,84.33,1.36
20070108,19.4,0.01,86.27,1.36
20070109,20.72,0.0,86.82,1.61
20070110,20.63,0.0,85.92,1.4
20070111,21.2,0.0,86.44,1.24
20070112,20.52,0.0,83.83,1.24
20070113,19.65,0.0,76.06,1.2
20070114,19.95,0.0,81.3,1.24
20070115,21.3,0.0,84.62,1.25
20070116,20.99,0.0,78.61,1.2
20070117,20.57,0.0,75.62,1.16
20070118,19.44,0.0,69.51,1.36
20070119,19.05,0.0,72.24,1.2
20070120,19.72,0.0,75.88,1.21
20070121,19.69,0.0,77.24,1.32
20070122,20.09,0.0,70.17,1.26
20070123,20.08,0.0,67.24,1.24
20070124,20.2,0.0,77.32,1.43
20070125,20.82,0.0,75.99,1.45
20070126,21.37,0.0,76.06,1.4
20070127,21.47,3.34,85.62,1.68
20070128,21.79,1.32,82.46,1.82
20070129,22.2,0.01,76.62,1.85
20070130,21.75,0.0,77.76,1.59
20070131,21.03,0.0,72.91,1.46
20070201,20.69,0.0,66.68,1.27
20070202,20.46,0.0,75.62,1.43
20070203,21.04,0.0,71.83,1.24
20070204,21.64,0.0,70.52,1.11
20070205,22.09,0.05,64.76,1.05
20070206,21.15,0.01,58.86,1.21
20070207,20.81,0.0,58.67,1.23
20070208,20.98,0.0,65.46,1.18
20070209,20.68,0.02,72.2,1.4
20070210,21.75,0.07,79.56,1.48
20070211,22.72,0.0,75.21,1.05
20070212,24.05,0.02,69.86,0.65
20070213,24.45,0.01,65.36,0.94
20070214,24.14,0.0,58.37,0.82
20070215,24.13,0.0,57.82,0.71
20070216,24.36,0.0,58.31,0.84
20070217,24.0,0.14,63.79,0.7
20070218,22.98,0.24,73.55,1.29
20070219,22.55,0.36,74.83,1.64
20070220,22.47,0.02,69.06,1.72
20070221,21.75,0.0,62.79,1.47
20070222,21.14,0.0,63.14,1.46
20070223,21.55,0.0,62.74,1.27
20070224,22.33,0.02,61.14,1.16
20070225,23.4,0.11,66.07,0.72
20070226,25.16,0.11,66.0,0.98
20070227,25.73,0.15,63.05,0.93
20070228,25.36,0.0,60.35,1.07
20070301,25.82,0.0,56.75,0.69
20070302,25.73,0.34,64.35,0.72
20070303,25.75,0.02,62.37,1.13
20070304,24.96,0.0,60.18,1.3
20070305,24.99,0.0,56.23,1.13
20070306,24.86,0.0,56.57,1.22
20070307,24.95,0.0,53.72,1.05
20070308,24.77,0.39,53.07,1.12
20070309,24.65,0.0,56.62,1.22
20070310,25.19,0.0,58.48,1.19
20070311,25.27,0.0,56.05,1.32
20070312,24.63,0.0,50.27,1.24
20070313,24.99,0.02,62.45,1.23
20070314,26.24,0.0,58.24,1.22
20070315,26.14,0.0,54.94,1.33
20070316,26.83,0.0,58.11,1.44
20070317,27.12,0.0,60.0,1.4
20070318,26.69,0.0,51.46,1.33
20070319,26.76,0.0,40.44,1.3
20070320,26.59,0.0,40.99,1.52
20070321,27.29,0.0,40.84,1.22
20070322,27.36,0.0,42.75,1.39
20070323,26.61,0.0,45.68,1.47
20070324,27.59,0.0,41.48,1.53
20070325,28.49,0.0,39.99,1.32
20070326,28.65,0.0,41.69,1.36
20070327,28.3,0.0,41.01,1.64
20070328,27.83,0.0,41.89,1.41
20070329,27.56,0.0,39.48,1.45
20070330,27.2,0.0,42.4,1.5
20070331,27.71,0.0,44.21,1.37
20070401,27.87,0.06,53.16,1.33
20070402,29.22,0.01,49.64,1.18
20070403,29.06,0.0,40.0,1.59
20070404,28.72,0.0,41.93,1.84
20070405,27.52,0.01,54.6,1.64
20070406,26.08,0.49,60.67,1.53
20070407,26.59,2.89,62.05,1.43
20070408,26.57,2.54,64.66,0.96
20070409,26.14,5.97,68.48,1.3
20070410,25.73,2.67,70.36,1.13
20070411,25.79,2.88,70.69,0.94
20070412,26.14,3.51,71.14,0.83
20070413,26.07,6.57,67.42,0.97
20070414,26.63,7.98,67.41,1.1
20070415,26.21,2.79,67.51,1.14
20070416,27.09,0.08,59.8,1.22
20070417,26.67,3.93,66.4,0.68
20070418,27.01,2.12,65.64,0.67
20070419,27.54,0.07,63.41,0.7
20070420,27.62,0.07,63.26,0.84
20070421,27.07,7.82,68.51,1.03
20070422,26.3,1.29,72.01,0.54
20070423,26.69,4.43,68.32,0.77
20070424,25.89,1.64,70.39,0.84
20070425,27.55,0.01,58.78,1.42
20070426,27.35,0.09,62.37,0.92
20070427,26.23,2.9,71.83,1.14
20070428,27.67,1.2,63.99,0.99
20070429,27.88,1.45,62.54,1.21
20070430,27.85,0.37,61.92,1.17
20070501,28.91,0.05,56.13,0.85
20070502,27.79,3.6,64.87,1.31
20070503,25.2,10.82,79.65,1.72
20070504,27.47,0.28,65.34,1.2
20070505,26.02,11.79,75.89,0.75
20070506,26.82,1.4,71.62,0.66
20070507,27.52,0.01,65.15,0.91
20070508,25.8,3.89,76.68,0.91
20070509,24.76,4.28,83.0,1.21
20070510,25.7,0.41,72.2,2.15
20070511,27.33,0.01,64.04,2.56
20070512,25.46,0.0,70.02,2.35
20070513,26.42,0.07,68.47,1.91
20070514,27.72,0.01,63.26,2.77
20070515,27.4,0.0,62.41,2.36
20070516,26.02,0.0,63.88,1.48
20070517,27.88,0.0,57.33,1.25
20070518,27.8,0.0,56.77,1.36
20070519,27.73,0.0,56.69,0.86
20070520,28.44,0.0,57.13,1.27
20070521,28.39,0.0,57.62,1.38
20070522,27.96,1.92,63.29,0.96
20070523,27.57,1.04,66.25,0.96
20070524,25.74,2.94,74.98,1.11
20070525,26.2,0.2,69.16,1.06
20070526,26.37,5.07,71.18,1.29
20070527,25.98,11.19,74.37,1.33
20070528,24.48,4.44,75.51,2.23
20070529,24.32,4.44,75.22,1.88
20070530,24.99,4.12,75.52,1.63
20070531,25.47,0.21,72.35,1.48
20070601,27.01,0.0,64.25,1.63
20070602,27.45,0.01,63.66,1.29
20070603,27.31,0.0,62.34,1.43
20070604,27.83,0.01,60.35,1.01
20070605,25.56,1.05,73.0,1.09
20070606,26.34,1.32,69.28,0.85
20070607,24.99,3.3,76.67,1.05
20070608,24.92,15.07,80.2,1.24
20070609,24.47,2.58,79.56,1.62
20070610,25.32,1.34,74.46,2.11
20070611,25.18,3.46,77.71,2.06
20070612,24.63,4.11,76.94,2.14
20070613,25.11,2.87,78.54,1.64
20070614,24.19,1.11,79.67,1.85
20070615,24.23,7.51,80.72,1.76
20070616,23.53,2.76,81.24,2.36
20070617,24.51,11.53,77.83,2.06
20070618,23.71,7.64,81.79,2.69
20070619,23.52,6.21,81.13,2.65
20070620,23.2,4.98,75.75,4.04
20070621,23.65,12.32,76.26,3.25
20070622,23.8,18.68,82.1,4.25
20070623,23.28,11.62,80.17,3.87
20070624,24.21,0.76,75.37,2.77
20070625,23.34,0.04,76.36,2.65
20070626,24.25,1.03,76.3,2.33
20070627,23.63,0.2,71.11,3.2
20070628,23.75,1.07,75.07,3.68
20070629,23.74,3.52,68.82,4.03
20070630,23.52,4.5,76.04,3.43
20070701,24.07,5.47,77.86,3.32
20070702,24.21,10.91,77.72,2.98
20070703,23.64,6.2,79.52,2.61
20070704,23.45,1.23,80.46,2.64
20070705,23.1,1.84,77.21,3.13
20070706,22.44,2.19,76.22,4.11
20070707,23.78,3.04,74.53,3.47
20070708,23.48,1.79,77.23,3.3
20070709,23.33,10.8,79.83,2.95
20070710,23.52,4.37,82.54,2.79
20070711,24.14,4.91,79.98,2.73
20070712,23.72,3.98,82.06,2.91
20070713,24.09,1.6,79.54,3.17
20070714,24.07,0.73,78.46,3.47
20070715,23.84,2.43,78.94,3.51
20070716,23.67,16.52,83.54,3.01
20070717,23.12,7.5,79.61,3.32
20070718,23.63,7.46,80.01,1.97
20070719,22.68,9.93,87.44,1.31
20070720,22.78,9.5,83.69,1.93
20070721,22.81,3.33,84.28,1.77
20070722,22.69,0.99,82.11,1.75
20070723,22.86,5.23,79.91,0.99
20070724,23.04,9.42,84.15,1.25
20070725,22.93,3.43,85.04,1.45
20070726,23.2,2.82,83.91,1.5
20070727,23.19,4.09,83.95,1.77
20070728,22.95,2.17,85.32,1.69
20070729,23.29,1.11,80.26,1.71
20070730,22.94,2.65,82.42,1.39
20070731,22.61,17.88,82.59,1.79
20070801,22.6,3.69,82.55,2.21
20070802,22.62,4.66,81.57,2.52
20070803,23.29,0.53,80.83,2.24
20070804,23.34,1.97,80.48,2.52
20070805,22.7,5.36,80.41,3.51
20070806,22.27,1.92,79.76,3.48
20070807,22.88,1.06,79.34,3.46
20070808,23.13,7.18,81.53,3.05
20070809,22.84,9.9,82.97,3.32
20070810,22.76,5.85,79.79,3.39
20070811,22.17,1.15,79.0,2.69
20070812,22.43,0.16,79.8,2.26
20070813,22.65,0.0,76.09,2.23
20070814,22.71,0.0,75.3,1.85
20070815,23.83,0.61,75.56,1.1
20070816,23.88,6.43,82.98,0.79
20070817,23.72,0.59,84.53,1.17
20070818,24.05,1.65,78.34,1.66
20070819,24.16,0.15,76.52,1.72
20070820,23.54,2.73,78.64,1.9
20070821,22.83,6.85,84.22,1.82
20070822,22.89,0.44,79.31,1.6
20070823,22.9,7.41,83.04,1.16
20070824,22.8,8.54,85.31,1.16
20070825,22.61,2.57,88.6,1.13
20070826,22.96,2.95,83.52,1.64
20070827,23.44,0.84,80.2,1.57
20070828,23.68,7.15,83.61,1.59
20070829,23.08,5.64,83.29,2.25
20070830,22.59,4.62,82.85,2.16
20070831,21.99,3.82,82.84,2.61
20070901,21.97,1.96,83.45,2.32
20070902,22.4,1.64,83.71,2.03
20070903,22.69,0.07,81.22,1.93
20070904,22.78,6.46,80.97,1.74
20070905,22.77,5.92,82.48,2.28
20070906,22.74,2.08,82.81,2.22
20070907,23.27,0.62,82.94,1.35
20070908,23.04,0.87,85.79,0.9
20070909,23.66,7.79,81.59,0.99
20070910,23.84,7.76,82.76,0.97
20070911,23.98,15.78,84.7,0.73
20070912,23.92,5.89,84.25,1.22
20070913,23.35,10.32,86.32,1.12
20070914,22.48,8.41,89.37,0.79
20070915,22.97,8.64,84.2,1.85
20070916,22.99,11.31,87.3,1.43
20070917,22.96,6.79,86.21,1.94
20070918,21.42,3.5,83.6,3.2
20070919,22.56,3.49,82.37,3.01
20070920,23.07,2.19,82.79,2.9
20070921,22.99,3.07,82.99,2.75
20070922,23.1,4.89,83.88,2.88
20070923,23.1,5.17,82.82,3.24
20070924,22.59,5.36,83.52,3.33
20070925,22.95,6.81,84.76,2.85
20070926,22.62,0.18,84.5,1.49
20070927,23.19,1.68,84.5,1.3
20070928,22.87,0.96,83.71,1.49
20070929,22.86,0.13,81.15,2.0
20070930,23.36,0.67,81.81,1.72
20071001,21.92,1.84,86.64,1.97
20071002,21.28,1.91,85.69,1.64
20071003,22.86,0.34,77.69,1.72
20071004,23.09,0.17,79.26,2.08
20071005,22.11,0.24,79.03,2.0
20071006,21.72,0.2,82.03,1.87
20071007,21.95,4.86,81.5,2.06
20071008,22.01,0.87,80.15,1.91
20071009,23.36,0.0,75.9,0.9
20071010,24.51,2.23,73.69,0.7
20071011,23.48,10.11,82.88,0.94
20071012,23.71,1.45,82.4,0.34
20071013,24.02,7.35,80.92,0.6
20071014,23.24,1.74,84.66,0.85
20071015,23.54,4.48,82.66,0.92
20071016,22.73,2.94,85.71,0.8
20071017,22.63,5.46,86.18,1.02
20071018,22.35,8.45,86.39,0.92
20071019,22.38,35.1,88.24,1.08
20071020,22.07,9.99,88.61,1.32
20071021,21.65,9.93,88.7,0.53
20071022,21.99,13.32,89.72,1.0
20071023,20.96,23.31,92.7,1.23
20071024,21.35,15.48,90.81,1.77
20071025,21.98,6.25,91.58,1.34
20071026,21.68,10.17,87.52,1.03
20071027,22.09,4.29,87.46,0.5
20071028,21.73,5.16,89.38,0.83
20071029,21.47,13.94,88.92,1.09
20071030,22.25,3.61,86.47,1.44
20071031,22.32,0.26,85.64,1.14
20071101,22.5,0.82,82.73,0.8
20071102,22.6,4.39,84.36,0.85
20071103,22.2,5.09,88.83,1.17
20071104,21.41,1.06,91.31,0.93
20071105,21.33,0.16,86.33,0.89
20071106,22.53,17.81,84.92,0.79
20071107,23.03,2.38,84.8,0.61
20071108,22.49,13.84,86.68,0.95
20071109,21.82,2.37,84.35,0.69
20071110,21.71,0.92,85.84,0.99
20071111,21.25,0.17,83.47,1.21
20071112,21.5,0.24,83.91,1.29
20071113,21.62,0.93,82.2,1.01
20071114,21.25,0.28,74.0,1.04
20071115,19.93,0.0,66.12,1.02
20071116,19.99,0.0,57.95,1.02
20071117,19.06,0.0,72.85,1.07
20071118,19.26,0.03,72.09,1.1
20071119,21.29,0.91,88.15,1.07
20071120,22.0,10.17,90.13,1.34
20071121,21.67,5.99,90.66,1.47
20071122,21.49,0.68,87.82,1.38
20071123,21.64,0.02,85.94,0.95
20071124,20.63,4.14,80.33,1.1
20071125,19.2,0.17,68.47,1.13
20071126,19.43,0.0,74.48,1.15
20071127,21.48,0.05,81.23,1.13
20071128,22.01,0.15,85.13,1.17
20071129,21.91,8.97,88.19,1.34
20071130,20.05,1.58,85.88,1.47
20071201,20.26,0.0,85.16,1.41
20071202,20.98,0.0,84.04,1.47
20071203,21.08,0.07,86.14,1.73
20071204,20.41,0.01,80.49,1.92
20071205,20.35,0.4,84.32,2.14
20071206,19.89,0.7,88.28,1.9
20071207,20.57,0.23,83.8,1.56
20071208,20.9,0.12,84.64,1.42
20071209,21.37,0.02,83.15,1.25
20071210,21.25,0.0,82.52,1.24
20071211,20.49,0.01,79.15,1.32
20071212,20.46,0.31,82.17,1.15
20071213,19.07,4.04,89.61,1.21
20071214,19.66,7.0,93.79,1.65
20071215,20.96,0.54,86.36,1.98
20071216,21.27,0.08,80.87,2.11
20071217,20.53,3.8,86.37,1.75
20071218,20.36,20.78,91.57,3.12
20071219,21.23,46.17,95.77,2.2
20071220,20.49,10.32,94.48,1.83
20071221,20.44,0.96,92.97,1.28
20071222,20.63,0.0,87.1,1.36
20071223,20.12,0.01,84.81,1.21
20071224,18.83,0.01,73.41,0.96
20071225,18.95,0.0,63.41,1.04
20071226,19.43,0.0,65.25,1.11
20071227,19.86,0.0,78.82,1.12
20071228,20.56,0.0,78.49,0.99
20071229,20.74,0.0,75.57,0.98
20071230,20.46,0.0,80.08,1.16
20071231,20.05,0.0,82.98,1.21
20080101,19.4,0.0,81.39,1.45
20080102,18.6,0.01,78.95,1.38
20080103,19.62,0.01,80.19,1.14
20080104,21.42,0.25,83.84,1.34
20080105,21.7,1.23,85.99,1.91
20080106,20.17,0.03,76.81,1.59
20080107,19.52,0.0,78.63,1.81
20080108,19.47,0.0,79.99,1.56
20080109,20.54,0.0,76.57,1.18
20080110,21.14,0.0,75.33,1.13
20080111,20.59,0.0,77.25,1.34
20080112,19.81,0.0,78.0,1.46
20080113,19.96,0.0,76.43,1.61
20080114,19.67,0.0,75.36,1.35
20080115,19.53,0.0,73.86,1.43
20080116,19.55,0.0,75.25,1.47
20080117,19.44,0.0,72.94,1.48
20080118,19.72,0.0,67.97,1.12
20080119,19.59,0.0,69.35,0.97
20080120,20.3,0.0,67.48,0.95
20080121,21.44,0.0,76.64,1.25
20080122,22.29,0.0,76.84,1.26
20080123,21.54,0.0,70.83,1.16
20080124,21.52,0.0,66.14,1.02
20080125,22.05,0.0,63.95,0.88
20080126,23.34,0.0,64.31,0.76
20080127,23.35,0.0,67.6,0.75
20080128,23.46,0.0,67.16,0.83
20080129,23.78,0.0,70.88,0.7
20080130,24.61,0.0,66.06,0.55
20080131,24.38,0.0,63.91,0.69
20080201,23.94,0.0,66.64,0.97
20080202,24.07,0.0,69.34,0.78
20080203,23.47,0.24,72.97,0.98
20080204,24.21,0.06,72.09,0.89
20080205,23.51,0.0,71.46,1.24
20080206,23.98,0.0,63.72,1.06
20080207,23.8,0.0,75.06,1.22
20080208,23.38,8.7,81.46,0.81
20080209,22.41,7.09,88.15,0.69
20080210,23.79,0.94,79.51,0.77
20080211,23.12,1.96,78.44,0.76
20080212,23.53,2.88,79.79,1.25
20080213,24.03,0.28,74.91,1.22
20080214,23.9,0.43,72.77,1.52
20080215,23.56,0.04,68.96,1.72
20080216,23.62,0.05,71.99,1.46
20080217,23.7,0.02,69.97,1.34
20080218,22.6,0.0,58.32,1.32
20080219,22.31,0.0,52.14,1.2
20080220,22.93,0.0,52.66,1.35
20080221,23.15,0.0,59.25,1.21
20080222,22.93,0.0,61.97,1.36
20080223,22.92,0.0,58.74,1.26
20080224,22.17,0.0,59.48,1.42
20080225,22.62,0.0,51.7,1.52
20080226,22.53,0.02,53.41,1.51
20080227,22.8,0.0,58.67,1.7
20080228,22.3,0.28,61.73,1.66
20080229,22.88,0.1,57.64,1.26
20080301,21.66,2.86,85.29,0.88
20080302,23.11,2.85,79.02,1.19
20080303,23.39,2.13,61.82,1.38
20080304,22.54,0.6,38.46,1.26
20080305,23.17,0.0,45.43,1.23
20080306,22.6,0.16,57.22,1.52
20080307,22.14,0.12,54.51,1.55
20080308,22.04,0.0,53.13,1.67
20080309,24.0,0.15,54.36,1.43
20080310,23.37,1.49,56.96,1.12
20080311,22.42,0.95,69.15,1.16
20080312,21.17,7.13,83.96,1.56
20080313,22.35,25.88,88.17,1.39
20080314,22.85,7.47,85.4,1.23
20080315,21.96,15.2,87.36,1.13
20080316,22.96,6.96,77.15,1.44
20080317,21.37,1.18,85.35,1.33
20080318,21.82,7.31,86.9,1.23
20080319,22.34,4.54,86.19,1.53
20080320,21.12,23.09,93.24,1.98
20080321,21.49,17.58,92.72,1.6
20080322,22.51,25.88,92.71,1.57
20080323,23.13,5.83,87.86,1.21
20080324,23.15,0.09,81.62,1.07
20080325,23.72,0.0,66.14,0.92
20080326,24.56,0.0,68.73,0.85
20080327,25.49,0.04,66.22,0.81
20080328,25.49,1.41,70.16,0.8
20080329,24.49,0.26,78.63,0.81
20080330,24.46,11.75,81.08,0.63
20080331,23.84,2.2,82.39,0.71
20080401,24.12,0.11,80.08,0.74
20080402,24.48,6.9,79.84,1.19
20080403,24.85,1.12,74.57,1.03
20080404,24.95,0.2,71.84,0.96
20080405,24.46,0.6,76.3,1.18
20080406,24.27,1.3,73.91,1.33
20080407,23.8,4.34,76.05,1.37
20080408,23.26,11.35,80.94,1.22
20080409,23.31,6.08,82.94,1.17
20080410,23.94,3.7,75.59,1.44
20080411,24.44,0.11,71.95,1.14
20080412,24.21,2.54,74.99,1.6
20080413,23.85,0.8,79.48,1.32
20080414,25.12,1.06,73.23,1.18
20080415,25.52,0.3,71.83,1.09
20080416,25.64,0.93,70.55,1.21
20080417,25.17,1.25,74.11,0.99
20080418,25.87,1.61,70.39,1.01
20080419,26.53,0.16,65.04,1.25
20080420,26.85,0.0,59.26,1.16
20080421,26.23,0.0,62.09,1.1
20080422,27.4,0.0,60.01,1.09
20080423,27.15,0.0,59.3,1.18
20080424,26.18,1.74,61.67,1.31
20080425,25.67,0.33,63.79,1.2
20080426,25.43,1.92,70.69,1.16
20080427,26.08,0.77,71.46,0.91
20080428,25.9,0.23,72.62,1.96
20080429,25.52,3.46,75.55,1.69
20080430,25.68,0.23,74.4,1.3
20080501,26.88,0.0,68.36,1.05
20080502,27.18,0.01,58.28,1.55
20080503,26.86,0.31,60.3,1.73
20080504,27.1,0.78,68.86,1.34
20080505,26.43,0.45,66.73,2.19
20080506,26.72,0.01,60.6,1.81
20080507,25.82,13.77,70.77,1.11
20080508,25.73,2.83,72.02,1.03
20080509,25.54,1.0,69.19,1.42
20080510,25.85,1.23,71.5,1.72
20080511,24.96,3.5,75.87,1.32
20080512,23.3,1.35,83.78,1.16
20080513,25.42,0.01,69.78,1.37
20080514,26.14,0.3,62.51,2.21
20080515,26.17,0.48,64.25,2.34
20080516,25.15,0.11,68.36,1.9
20080517,26.21,0.01,66.34,2.17
20080518,26.42,0.0,67.93,1.95
20080519,26.19,1.31,70.58,1.44
20080520,26.21,1.26,71.13,1.47
20080521,25.58,0.45,73.94,1.66
20080522,25.64,0.1,73.87,1.37
20080523,25.75,0.13,69.5,0.89
20080524,25.69,0.94,70.41,1.16
20080525,25.03,3.57,72.66,1.52
20080526,25.12,1.47,75.13,0.98
20080527,26.26,0.07,66.83,0.97
20080528,26.22,2.5,69.92,0.67
20080529,25.02,7.55,77.46,1.37
20080530,24.86,15.37,78.22,1.61
20080531,24.16,1.65,80.17,1.3
20080601,24.72,2.71,75.99,1.44
20080602,25.02,3.54,73.2,1.43
20080603,24.84,1.32,74.36,1.75
20080604,24.35,0.46,72.72,2.52
20080605,23.67,1.15,75.1,2.43
20080606,23.69,3.45,78.34,2.61
20080607,22.0,2.92,84.82,1.39
20080608,23.39,4.78,81.25,1.92
20080609,23.11,1.97,81.38,1.88
20080610,23.53,0.87,75.01,2.23
20080611,24.28,0.32,74.67,2.84
20080612,24.24,0.28,75.23,2.67
20080613,24.01,0.45,75.34,2.52
20080614,23.76,0.19,76.11,2.78
20080615,24.35,0.01,71.84,3.13
20080616,23.78,2.47,77.14,2.57
20080617,24.11,1.08,74.99,2.64
20080618,23.64,2.34,75.3,2.32
20080619,24.72,0.46,74.74,2.09
20080620,24.77,2.85,77.11,1.66
20080621,24.37,2.63,76.78,2.14
20080622,24.26,2.25,74.99,2.08
20080623,24.33,0.09,71.09,2.12
20080624,24.53,0.22,71.58,2.66
20080625,24.09,0.5,75.91,2.61
20080626,23.77,0.25,73.97,2.82
20080627,24.45,2.7,76.76,2.76
20080628,23.78,5.66,81.1,2.46
20080629,23.26,4.23,79.64,2.5
20080630,24.04,4.61,76.49,2.59
20080701,22.67,7.14,79.71,1.97
20080702,24.04,0.19,71.92,1.96
20080703,24.3,0.0,72.17,1.85
20080704,24.94,0.08,70.24,1.14
20080705,24.92,0.07,71.99,1.94
20080706,24.93,0.99,73.65,2.38
20080707,23.51,0.26,68.53,3.89
20080708,23.38,0.27,67.59,3.85
20080709,23.55,1.88,69.97,3.37
20080710,23.47,2.59,69.62,3.0
20080711,23.74,2.02,69.32,3.13
20080712,24.01,0.45,71.31,2.18
20080713,24.88,0.01,71.85,1.33
20080714,25.36,1.09,73.06,0.78
20080715,24.78,9.84,77.4,0.7
20080716,23.86,3.26,80.82,1.93
20080717,23.96,4.96,80.33,1.59
20080718,24.16,14.89,78.89,2.25
20080719,23.29,3.46,76.34,2.4
20080720,23.22,39.45,82.74,1.32
20080721,22.7,4.85,87.92,1.33
20080722,23.13,1.65,82.62,0.9
20080723,23.42,2.52,82.46,1.87
20080724,22.91,2.83,80.64,3.05
20080725,23.2,2.18,76.44,3.54
20080726,23.38,2.67,77.07,3.66
20080727,22.67,11.41,79.64,3.69
20080728,22.19,8.92,82.1,3.6
20080729,22.34,5.26,79.95,3.55
20080730,22.24,4.31,78.69,3.51
20080731,22.62,1.56,78.6,3.29
20080801,23.84,0.23,74.59,2.39
20080802,23.44,0.03,77.62,2.0
20080803,23.76,0.01,78.67,1.56
20080804,24.11,0.0,77.47,1.53
20080805,24.11,0.6,75.93,1.9
20080806,24.39,0.18,73.85,2.38
20080807,23.47,0.44,76.27,2.82
20080808,23.61,1.63,76.68,3.52
20080809,22.8,0.63,76.24,3.78
20080810,23.33,1.16,74.65,4.0
20080811,22.59,7.37,75.32,3.88
20080812,22.43,5.85,80.5,2.66
20080813,22.24,1.51,77.59,2.91
20080814,23.69,5.57,77.44,2.17
20080815,22.7,1.13,80.73,1.83
20080816,22.93,2.37,76.84,1.69
20080817,23.37,5.95,79.76,1.15
20080818,23.58,2.02,77.82,1.07
20080819,23.64,0.18,79.42,1.19
20080820,24.68,0.79,73.08,1.16
20080821,23.45,1.26,75.53,2.54
20080822,23.64,0.04,72.1,2.07
20080823,23.26,5.08,75.75,2.04
20080824,24.08,1.2,74.09,1.05
20080825,23.9,2.11,79.19,0.63
20080826,23.39,41.64,81.15,0.84
20080827,23.52,3.55,82.2,0.64
20080828,23.87,1.7,83.39,0.61
20080829,24.52,7.36,80.2,0.81
20080830,23.65,13.95,84.24,0.8
20080831,22.9,19.04,89.79,0.77
20080901,23.91,3.44,82.89,1.01
20080902,24.03,0.41,81.86,0.81
20080903,23.62,10.28,85.24,0.69
20080904,24.07,1.05,82.38,0.58
20080905,23.72,4.82,83.46,0.65
20080906,23.4,15.77,86.0,1.16
20080907,22.41,8.93,87.24,1.59
20080908,22.06,8.38,84.57,1.98
20080909,22.84,3.08,81.57,3.07
20080910,22.67,4.69,82.84,3.55
20080911,22.19,5.89,80.73,3.77
20080912,22.34,1.85,77.97,3.57
20080913,22.84,0.12,83.03,2.29
20080914,23.11,3.12,81.87,2.02
20080915,22.31,0.5,82.46,2.02
20080916,22.11,0.04,82.87,2.43
20080917,23.22,0.0,79.21,2.19
20080918,23.19,0.0,77.41,1.8
20080919,23.15,6.92,78.19,1.73
20080920,22.98,4.64,84.65,1.53
20080921,23.6,0.21,81.52,1.04
20080922,23.59,0.0,79.91,1.39
20080923,24.0,0.0,77.8,1.2
20080924,24.44,0.02,76.85,1.32
20080925,23.94,0.01,76.67,1.45
20080926,23.7,0.0,76.9,1.36
20080927,23.99,2.77,75.57,0.84
20080928,23.43,0.27,71.66,1.23
20080929,24.12,0.0,69.41,1.0
20080930,24.51,0.0,69.48,0.94
20081001,24.58,0.0,70.19,1.21
20081002,24.26,0.0,67.11,1.14
20081003,24.61,0.08,67.15,0.88
20081004,24.98,0.01,70.66,0.82
20081005,25.32,0.0,71.11,0.41
20081006,24.97,2.44,75.47,0.83
20081007,25.23,1.69,74.48,0.69
20081008,25.14,2.54,75.1,0.56
20081009,25.66,0.1,72.36,0.94
20081010,24.83,1.68,75.84,1.06
20081011,24.29,5.0,78.11,1.29
20081012,22.57,6.2,82.96,1.4
20081013,22.04,6.86,87.96,1.4
20081014,22.65,16.51,92.77,1.58
20081015,22.14,11.18,89.85,1.55
20081016,21.96,3.37,89.09,1.13
20081017,22.91,1.25,85.98,1.5
20081018,23.0,1.89,85.16,1.33
20081019,22.73,13.02,87.44,1.14
20081020,23.06,24.39,86.02,1.1
20081021,22.98,32.15,88.88,0.57
20081022,22.82,21.3,89.16,1.25
20081023,21.55,11.35,89.87,1.29
20081024,22.51,9.96,86.47,1.88
20081025,22.12,14.11,89.23,1.5
20081026,22.44,1.43,85.46,1.79
20081027,22.46,0.02,81.74,1.29
20081028,23.07,0.0,78.85,0.82
20081029,22.53,0.03,73.47,0.48
20081030,22.86,0.17,71.45,0.73
20081031,22.61,0.03,66.96,0.82
20081101,22.15,0.0,68.63,0.83
20081102,21.46,0.0,61.51,0.99
20081103,22.24,0.0,55.13,0.76
20081104,22.59,0.0,58.99,0.77
20081105,22.53,0.01,62.23,0.64
20081106,21.9,0.05,70.06,0.84
20081107,22.12,0.02,74.01,1.01
20081108,23.02,1.59,79.28,1.1
20081109,23.05,9.46,80.28,1.09
20081110,22.07,3.24,85.39,1.19
20081111,22.09,1.15,78.25,1.07
20081112,21.83,0.93,71.32,1.16
20081113,22.38,0.07,70.86,0.83
20081114,22.99,0.03,77.51,0.94
20081115,23.06,0.0,74.99,0.79
20081116,23.13,0.0,71.87,0.99
20081117,23.09,6.84,78.57,1.02
20081118,23.08,1.3,83.15,1.15
20081119,22.25,3.07,88.55,1.08
20081120,22.03,4.97,92.42,1.18
20081121,21.88,1.69,86.39,1.25
20081122,21.03,4.31,90.16,1.68
20081123,20.84,13.79,91.47,1.6
20081124,20.51,17.16,91.32,1.57
20081125,20.57,17.07,88.43,1.79
20081126,20.38,24.59,92.82,2.18
20081127,21.64,37.65,89.87,1.33
20081128,22.08,6.0,93.41,1.0
20081129,22.41,1.06,91.05,1.16
20081130,21.6,0.6,92.96,1.63
20081201,21.99,0.84,88.23,1.13
20081202,21.63,0.08,87.81,1.13
20081203,20.34,0.0,83.71,0.94
20081204,19.08,0.0,82.43,1.03
20081205,19.04,0.0,85.47,1.18
20081206,19.85,0.72,87.83,1.11
20081207,20.93,0.26,88.83,1.22
20081208,21.33,3.28,93.49,1.47
20081209,21.23,2.27,95.81,1.25
20081210,21.05,6.97,95.66,1.27
20081211,21.09,0.14,88.44,1.05
20081212,19.86,0.0,82.49,1.04
20081213,20.83,0.43,87.23,1.26
20081214,21.05,1.88,88.28,1.63
20081215,20.79,3.3,90.31,1.63
20081216,20.44,0.43,90.82,1.37
20081217,20.7,0.0,87.21,1.76
20081218,20.17,0.16,87.0,1.86
20081219,20.66,0.01,86.29,1.71
20081220,20.48,0.01,84.28,1.17
20081221,19.97,0.0,83.78,1.18
20081222,19.02,0.0,76.14,1.06
20081223,18.87,0.01,82.28,1.29
20081224,20.36,0.03,85.9,1.36
20081225,20.45,0.02,85.44,1.5
20081226,19.91,0.01,76.64,1.13
20081227,19.18,0.0,73.27,1.16
20081228,18.81,0.0,64.95,1.08
20081229,18.13,0.0,68.92,1.18
20081230,18.05,0.0,77.67,1.14
20081231,18.0,0.0,72.41,1.14
20090101,18.84,0.0,77.46,1.14
20090102,19.51,0.0,77.07,1.18
20090103,19.38,0.0,77.43,1.18
20090104,19.33,0.0,73.45,1.27
20090105,19.67,0.0,74.19,1.05
20090106,19.68,0.04,71.08,0.85
20090107,20.68,0.13,79.64,1.06
20090108,21.66,0.02,79.07,1.34
20090109,19.67,0.0,83.32,1.28
20090110,21.06,0.0,77.19,1.72
20090111,20.81,0.01,79.29,1.61
20090112,20.32,0.01,77.25,1.59
20090113,19.63,0.01,74.75,1.73
20090114,19.72,0.03,76.29,1.92
20090115,19.47,1.65,83.83,1.95
20090116,19.92,0.11,75.64,1.52
20090117,19.81,0.0,76.95,1.47
20090118,19.97,0.0,74.79,1.38
20090119,19.87,0.0,76.73,1.43
20090120,19.37,0.0,72.11,1.42
20090121,19.7,0.0,69.85,1.21
20090122,19.52,0.0,70.68,1.07
20090123,20.39,0.0,70.51,1.18
20090124,20.17,0.0,73.44,1.28
20090125,21.09,0.0,70.07,1.14
20090126,21.86,4.16,79.85,1.15
20090127,22.81,0.48,80.79,1.08
20090128,23.93,0.04,75.8,1.29
20090129,23.32,0.0,71.03,1.12
20090130,21.75,0.0,55.7,1.18
20090131,21.17,0.0,55.82,1.22
20090201,21.54,0.0,57.63,1.11
20090202,21.42,0.0,58.58,1.26
20090203,21.74,0.0,59.47,1.28
20090204,22.06,0.0,66.91,1.12
20090205,21.7,0.0,60.28,1.34
20090206,21.25,0.0,56.67,1.46
20090207,21.01,0.0,67.81,1.47
20090208,21.21,0.0,69.02,1.48
20090209,21.24,0.0,65.37,1.62
20090210,20.87,0.0,60.12,1.33
20090211,22.29,0.0,53.3,1.23
20090212,23.42,0.0,52.66,1.11
20090213,24.07,0.0,52.58,1.02
20090214,23.26,0.0,53.44,1.23
20090215,22.76,0.0,50.33,1.38
20090216,22.0,0.0,47.9,1.34
20090217,21.78,0.0,62.97,1.44
20090218,21.96,0.0,61.92,1.5
20090219,22.08,0.0,61.73,1.65
20090220,22.57,0.0,70.66,1.53
20090221,24.28,0.0,68.72,1.58
20090222,24.64,0.0,65.93,1.63
20090223,25.08,0.0,63.71,1.4
20090224,26.38,0.0,54.03,1.23
20090225,26.77,0.0,53.27,1.33
20090226,26.18,0.0,50.92,1.43
20090227,25.9,0.0,42.28,1.49
20090228,25.45,0.0,36.13,1.51
20090301,26.45,0.0,32.18,1.54
20090302,26.48,0.0,39.57,1.51
20090303,26.29,0.0,36.34,1.45
20090304,26.27,0.0,35.16,1.32
20090305,26.45,0.0,40.76,1.37
20090306,26.45,0.0,33.34,1.66
20090307,26.51,0.0,35.15,1.66
20090308,26.21,0.0,37.49,1.41
20090309,22.57,3.94,63.62,1.43
20090310,22.33,2.26,68.66,1.82
20090311,22.04,1.64,86.02,2.06
20090312,24.18,3.18,76.65,0.94
20090313,23.26,5.9,73.87,0.97
20090314,24.03,4.95,73.16,1.17
20090315,24.89,0.35,64.99,0.88
20090316,25.27,0.02,66.31,1.06
20090317,25.38,0.0,55.68,1.25
20090318,25.3,0.0,46.17,1.39
20090319,25.42,0.0,49.68,1.36
20090320,25.93,0.0,46.73,1.34
20090321,26.97,0.0,47.46,1.22
20090322,26.75,2.18,53.12,1.0
20090323,26.14,0.94,56.3,1.18
20090324,26.03,1.32,53.44,1.21
20090325,26.15,0.06,54.99,1.23
20090326,26.94,0.0,52.18,0.9
20090327,26.16,1.39,59.83,0.65
20090328,27.45,0.06,54.15,1.17
20090329,27.05,0.01,50.73,1.45
20090330,27.03,0.03,48.74,1.56
20090331,27.11,0.0,45.3,1.64
20090401,27.44,0.0,40.59,1.62
20090402,27.46,0.0,43.59,1.79
20090403,26.71,0.0,43.91,1.49
20090404,26.69,0.0,44.95,1.3
20090405,28.12,0.12,46.93,1.28
20090406,28.13,1.41,49.55,1.52
20090407,27.97,5.14,56.85,1.34
20090408,27.72,0.78,56.6,1.06
20090409,26.46,4.03,62.39,1.43
20090410,25.26,5.07,66.14,1.5
20090411,22.92,5.14,70.09,1.08
20090412,25.46,0.44,59.78,0.81
20090413,25.94,8.54,67.48,1.56
20090414,26.85,1.65,63.86,1.61
20090415,27.72,0.18,63.0,1.17
20090416,26.28,0.0,67.31,1.38
20090417,27.35,0.0,64.9,0.85
20090418,28.59,0.15,60.76,0.95
20090419,27.82,3.05,65.8,0.75
20090420,25.83,3.39,76.99,0.95
20090421,25.91,0.61,74.05,0.92
20090422,27.24,0.15,63.55,0.83
20090423,28.5,0.01,58.23,0.78
20090424,29.06,0.13,53.6,1.02
20090425,29.47,0.05,51.92,0.79
20090426,29.15,0.0,51.17,1.3
20090427,29.14,0.0,49.13,1.25
20090428,29.61,0.04,47.7,1.38
20090429,29.43,0.03,49.07,0.97
20090430,28.64,0.41,55.83,1.4
20090501,28.68,0.06,58.39,1.47
20090502,29.78,0.0,52.44,1.32
20090503,30.54,0.0,47.01,0.89
20090504,29.17,1.62,52.85,1.0
20090505,29.47,0.12,51.44,0.69
20090506,27.97,0.0,54.77,1.33
20090507,28.55,0.0,53.05,1.05
20090508,28.05,5.28,62.07,0.75
20090509,25.95,1.43,75.09,1.22
20090510,27.6,0.13,63.28,1.09
20090511,27.91,0.0,61.21,1.3
20090512,28.63,3.43,62.92,1.12
20090513,27.07,0.81,68.73,1.57
20090514,28.24,0.0,61.01,1.53
20090515,25.61,4.16,71.21,1.42
20090516,26.64,6.77,64.51,1.27
20090517,26.74,1.1,69.07,0.62
20090518,26.03,4.72,72.17,1.23
20090519,24.63,4.51,76.56,1.29
20090520,23.63,5.58,74.67,2.67
20090521,24.01,0.95,78.94,1.27
20090522,25.74,3.23,72.77,2.34
20090523,26.04,5.11,70.92,1.93
20090524,23.76,16.25,77.95,2.43
20090525,23.98,12.0,78.71,2.57
20090526,24.67,3.9,77.97,2.0
20090527,25.05,0.42,71.17,1.93
20090528,25.89,0.01,72.63,1.42
20090529,25.66,2.55,74.04,2.0
20090530,25.46,7.25,79.11,1.47
20090531,25.45,0.39,71.97,1.79
20090601,25.58,0.72,71.13,2.41
20090602,25.37,0.57,69.61,2.7
20090603,25.86,0.52,69.76,3.0
20090604,25.89,0.06,68.68,3.49
20090605,25.24,6.17,72.91,3.98
20090606,23.18,11.62,75.84,4.51
20090607,23.19,5.57,72.14,4.24
20090608,24.1,2.06,75.41,3.47
20090609,25.16,0.77,69.02,3.03
20090610,25.5,0.2,73.68,2.02
20090611,25.31,3.6,73.55,1.64
20090612,25.05,2.45,74.02,2.18
20090613,24.41,1.06,75.01,2.32
20090614,24.94,0.19,74.24,2.22
20090615,24.19,1.09,75.3,2.65
20090616,24.44,1.59,74.26,3.57
20090617,23.81,2.71,78.91,2.91
20090618,23.73,13.86,81.84,1.94
20090619,23.36,7.33,83.5,1.62
20090620,23.58,2.19,80.13,1.95
20090621,23.94,2.12,77.78,2.19
20090622,23.38,0.91,81.37,2.11
20090623,24.11,2.6,74.98,3.15
20090624,24.18,2.12,70.59,3.38
20090625,23.44,3.83,69.77,3.68
20090626,22.61,1.41,77.32,3.52
20090627,22.77,1.33,72.26,2.96
20090628,23.72,1.16,70.76,3.05
20090629,24.31,3.55,75.18,2.9
20090630,24.02,11.02,75.32,3.42
20090701,23.48,4.95,74.69,4.04
20090702,23.3,6.57,75.78,3.9
20090703,23.09,3.8,77.37,3.16
20090704,22.98,3.17,80.57,3.32
20090705,23.05,4.46,76.78,3.85
20090706,23.39,3.1,77.98,3.4
20090707,22.44,0.96,79.19,2.91
20090708,23.36,6.85,75.22,3.18
20090709,22.94,3.65,75.21,3.33
20090710,23.41,0.65,71.57,2.9
20090711,23.78,0.36,77.59,2.65
20090712,23.26,1.79,76.17,3.49
20090713,23.97,3.61,75.71,3.95
20090714,22.84,0.92,77.9,4.62
20090715,22.26,4.46,77.5,4.05
20090716,22.92,9.99,78.57,3.31
20090717,23.1,18.99,80.2,3.46
20090718,22.51,3.4,79.92,3.79
20090719,22.71,0.74,75.24,4.08
20090720,23.61,0.83,74.16,3.8
20090721,23.24,0.13,71.13,4.6
20090722,23.47,0.41,69.41,4.14
20090723,23.57,0.74,70.61,3.42
20090724,23.66,0.06,70.73,2.19
20090725,25.19,0.0,70.81,1.83
20090726,24.02,0.17,74.19,2.02
20090727,23.76,1.4,78.51,2.59
20090728,23.95,2.62,77.9,2.79
20090729,23.81,9.57,79.34,2.15
20090730,23.61,1.64,74.69,2.2
20090731,23.36,4.98,79.23,2.31
20090801,23.04,0.63,73.65,3.29
20090802,23.25,0.05,75.19,2.83
20090803,24.42,0.12,75.2,2.83
20090804,23.92,1.11,75.95,3.34
20090805,24.01,0.31,74.69,3.33
20090806,25.02,0.15,72.25,2.99
20090807,24.64,0.18,72.65,3.04
20090808,24.22,0.16,75.81,2.38
20090809,24.41,0.13,75.6,2.61
20090810,24.74,0.74,75.09,3.06
20090811,25.18,1.48,74.0,2.28
20090812,25.02,0.2,73.99,2.22
20090813,24.34,9.89,76.07,1.68
20090814,23.86,3.8,80.24,1.29
20090815,23.76,0.27,74.71,1.55
20090816,23.24,18.53,74.66,1.63
20090817,21.93,3.21,82.6,1.54
20090818,22.87,1.03,82.49,0.81
20090819,24.6,0.54,73.83,1.07
20090820,23.03,9.07,82.98,0.93
20090821,23.16,1.75,79.78,1.95
20090822,23.05,0.82,76.01,2.05
20090823,23.59,4.51,77.91,2.51
20090824,23.41,0.44,77.34,3.02
20090825,23.88,0.53,74.65,2.95
20090826,22.75,2.26,78.1,3.09
20090827,23.26,0.89,74.05,2.64
20090828,24.27,0.37,75.23,2.55
20090829,24.23,0.89,74.11,2.36
20090830,24.54,0.45,73.11,1.9
20090831,23.85,4.81,77.03,2.03
20090901,23.75,6.35,77.68,2.69
20090902,23.14,4.54,74.88,3.05
20090903,23.48,1.27,76.68,3.14
20090904,22.94,2.21,76.92,3.9
20090905,23.37,3.14,75.94,4.47
20090906,23.64,2.38,76.54,3.84
20090907,24.04,0.26,75.66,3.41
20090908,24.09,0.01,75.12,2.82
20090909,24.58,0.0,72.09,2.0
20090910,24.99,0.0,70.44,1.54
20090911,25.76,0.0,66.55,1.07
20090912,26.2,2.58,70.51,0.93
20090913,25.26,1.44,77.07,0.99
20090914,24.94,0.18,73.48,1.85
20090915,25.45,0.67,70.12,1.12
20090916,24.88,9.98,76.9,1.34
20090917,23.5,5.22,85.74,0.92
20090918,24.03,9.59,79.71,0.94
20090919,23.61,2.81,76.98,1.39
20090920,24.39,3.3,76.67,0.74
20090921,24.76,0.52,77.58,0.83
20090922,23.95,1.1,79.41,1.02
20090923,24.36,2.69,78.47,1.1
20090924,24.26,1.08,78.7,1.28
20090925,23.77,9.74,75.14,2.1
20090926,22.95,5.09,78.17,2.13
20090927,23.25,6.5,83.95,1.53
20090928,24.13,1.79,81.2,1.82
20090929,23.41,0.71,79.06,2.39
20090930,23.19,2.6,80.22,2.93
20091001,22.84,7.62,78.5,3.66
20091002,22.73,6.33,83.76,3.02
20091003,23.32,1.67,76.86,4.09
20091004,23.26,0.18,77.26,3.07
20091005,23.36,0.0,76.23,2.63
20091006,23.38,0.24,76.3,1.81
20091007,24.41,0.07,71.89,1.53
20091008,24.38,5.41,74.21,1.23
20091009,25.57,0.28,70.5,0.65
20091010,26.01,1.48,70.32,0.62
20091011,25.83,0.2,71.45,0.64
20091012,24.7,2.41,77.61,1.04
20091013,24.87,0.41,75.71,0.93
20091014,25.02,0.03,72.64,0.83
20091015,24.53,0.06,74.75,0.94
20091016,25.21,0.04,69.24,0.7
20091017,25.62,0.0,66.34,0.8
20091018,25.96,0.0,67.98,0.93
20091019,25.74,0.86,68.82,0.91
20091020,25.78,0.08,67.43,1.0
20091021,25.74,0.0,64.92,0.99
20091022,25.23,0.0,63.96,1.12
20091023,25.04,0.0,60.74,0.97
20091024,24.76,0.0,63.76,0.64
20091025,24.77,0.3,67.88,0.6
20091026,25.21,1.76,69.72,1.18
20091027,25.27,0.39,68.29,1.15
20091028,24.11,6.11,76.76,1.68
20091029,23.16,13.25,83.24,1.8
20091030,23.32,3.87,75.39,1.72
20091031,23.28,4.44,79.51,1.54
20091101,23.4,1.38,77.37,1.63
20091102,23.86,1.23,75.43,2.15
20091103,23.53,3.67,80.05,1.77
20091104,22.56,20.11,88.63,1.82
20091105,22.21,17.73,85.98,1.75
20091106,21.69,10.25,90.37,1.31
20091107,22.08,30.21,91.02,1.73
20091108,22.43,32.03,95.6,2.33
20091109,22.23,19.9,95.07,1.94
20091110,21.82,15.05,86.11,1.3
20091111,22.18,9.16,84.53,1.09
20091112,23.0,2.12,84.0,0.66
20091113,22.22,1.97,89.15,1.01
20091114,20.75,29.83,91.69,1.09
20091115,20.74,15.75,94.74,0.88
20091116,22.55,2.16,91.06,0.72
20091117,23.13,3.59,88.66,0.73
20091118,22.1,1.66,84.56,0.67
20091119,23.06,4.74,86.63,0.72
20091120,22.48,1.9,89.12,0.93
20091121,21.86,4.97,89.64,0.7
20091122,21.21,9.6,91.54,0.95
20091123,21.63,1.02,89.73,1.2
20091124,22.34,0.12,81.65,0.88
20091125,22.16,1.02,85.92,0.97
20091126,21.46,0.13,87.19,1.07
20091127,20.11,0.0,81.38,1.17
20091128,19.86,0.01,84.64,1.2
20091129,21.01,0.02,86.73,1.08
20091130,21.56,0.09,87.5,1.12
20091201,20.77,1.94,92.27,1.08
20091202,21.74,2.48,89.99,1.26
20091203,22.3,0.47,88.01,1.02
20091204,22.68,0.06,85.04,0.84
20091205,22.03,0.19,86.41,1.11
20091206,20.37,0.0,79.76,1.03
20091207,20.27,0.0,78.95,0.98
20091208,20.46,0.0,79.0,0.89
20091209,21.39,0.0,83.22,1.23
20091210,19.52,0.0,79.99,1.45
20091211,20.26,0.01,83.47,1.3
20091212,20.79,3.7,89.09,1.34
20091213,22.3,2.16,86.92,1.29
20091214,21.97,0.8,86.44,1.7
20091215,21.64,1.28,90.53,1.59
20091216,22.16,1.11,82.45,1.06
20091217,22.13,0.74,84.68,0.86
20091218,21.45,0.06,87.15,1.13
20091219,22.0,0.13,84.71,1.2
20091220,22.29,0.3,83.28,1.54
20091221,21.76,3.62,89.19,1.89
20091222,21.58,2.35,87.03,1.59
20091223,20.84,1.5,89.19,1.94
20091224,20.93,0.31,85.73,1.58
20091225,20.86,0.0,80.89,1.21
20091226,21.56,0.0,80.97,1.13
20091227,20.85,1.13,84.14,0.97
20091228,20.92,0.05,84.2,0.95
20091229,21.46,0.0,81.34,0.98
20091230,21.43,0.0,77.88,1.13
20091231,22.46,0.0,75.76,0.75
20100101,21.79,0.0,78.51,1.36
20100102,21.25,0.0,76.2,1.38
20100103,20.8,0.0,75.29,1.29
20100104,21.04,0.0,70.38,1.02
20100105,21.2,0.0,66.69,1.04
20100106,20.54,0.0,74.86,1.23
20100107,21.63,0.0,76.24,1.15
20100108,21.83,0.08,76.75,1.01
20100109,22.02,5.45,86.12,1.18
20100110,21.32,2.72,85.36,1.15
20100111,22.53,0.41,80.41,1.09
20100112,23.42,0.99,77.65,0.84
20100113,23.51,1.13,80.95,1.04
20100114,23.18,0.13,78.2,1.37
20100115,22.34,0.0,74.44,1.6
20100116,21.76,0.0,76.71,1.58
20100117,21.62,0.0,73.58,1.58
20100118,21.88,0.0,73.24,1.23
20100119,22.61,0.0,73.63,1.32
20100120,22.31,0.14,72.03,1.25
20100121,21.33,0.06,71.45,1.27
20100122,20.17,0.0,67.59,1.21
20100123,19.85,0.0,69.18,1.36
20100124,20.55,0.01,70.27,1.29
20100125,21.6,0.0,71.85,1.07
20100126,22.49,0.0,73.06,1.37
20100127,22.75,0.0,69.42,1.31
20100128,22.57,0.0,74.03,1.69
20100129,22.29,0.0,69.84,1.67
20100130,21.97,0.0,67.11,1.3
20100131,22.31,0.0,70.98,1.16
20100201,20.78,0.0,71.73,1.18
20100202,21.57,0.0,66.93,1.29
20100203,21.5,0.0,63.81,1.4
20100204,21.72,0.0,63.39,1.22
20100205,21.45,0.0,65.83,1.37
20100206,21.02,0.0,65.9,1.54
20100207,21.57,0.0,69.42,1.43
20100208,22.47,0.0,64.44,1.23
20100209,23.37,0.0,58.33,1.13
20100210,23.67,0.0,60.12,1.1
20100211,24.03,0.0,57.58,1.24
20100212,24.27,0.0,60.73,1.43
20100213,25.04,0.21,62.67,1.26
20100214,24.67,0.01,58.22,1.27
20100215,22.91,0.0,62.57,1.18
20100216,23.97,0.0,59.4,1.16
20100217,24.57,0.0,64.3,1.26
20100218,24.92,0.0,54.67,0.97
20100219,24.15,0.0,50.78,0.97
20100220,24.01,0.0,51.06,1.03
20100221,24.68,0.0,59.96,1.25
20100222,25.79,0.0,53.69,1.29
20100223,26.33,0.0,53.2,0.89
20100224,27.06,0.0,51.28,0.99
20100225,27.21,0.0,48.62,1.04
20100226,27.25,0.0,47.05,1.15
20100227,27.22,0.0,46.53,1.38
20100228,26.33,0.0,45.43,1.41
20100301,25.45,0.0,40.77,1.33
20100302,25.42,0.0,37.5,1.42
20100303,25.95,0.0,32.68,1.44
20100304,26.73,0.0,39.06,1.15
20100305,27.61,0.0,45.07,0.9
20100306,28.24,0.01,51.54,0.91
20100307,29.03,0.0,49.53,1.42
20100308,28.16,0.0,44.83,1.56
20100309,26.79,0.0,46.69,1.54
20100310,25.83,0.0,57.6,1.56
20100311,26.15,0.0,60.52,1.97
20100312,25.97,0.0,58.18,1.94
20100313,25.73,0.0,58.94,1.45
20100314,27.62,0.0,45.94,1.46
20100315,28.49,0.0,40.53,1.44
20100316,26.58,0.17,47.84,1.16
20100317,26.48,0.12,48.46,1.62
20100318,25.26,0.0,59.08,1.81
20100319,25.87,0.0,53.27,1.59
20100320,27.38,0.0,41.12,1.45
20100321,27.17,0.0,39.36,1.49
20100322,27.62,0.0,39.98,1.38
20100323,27.97,0.0,39.17,1.47
20100324,28.16,0.0,42.97,1.33
20100325,28.02,0.0,44.75,1.17
20100326,28.72,1.39,50.93,1.03
20100327,28.44,0.95,58.52,0.82
20100328,28.11,0.01,54.82,0.88
20100329,29.49,0.0,50.0,1.01
20100330,29.14,5.3,55.47,0.82
20100331,26.57,4.94,69.62,1.13
20100401,27.32,0.33,63.36,0.9
20100402,29.65,0.0,52.1,1.04
20100403,28.06,0.08,56.91,1.06
20100404,28.45,0.24,53.36,1.33
20100405,26.96,4.25,63.42,0.9
20100406,26.73,0.3,54.02,1.44
20100407,27.39,0.32,55.58,1.84
20100408,25.89,2.76,66.54,1.38
20100409,27.6,0.01,55.83,1.06
20100410,27.61,0.0,54.38,0.99
20100411,28.91,0.0,53.61,1.23
20100412,29.57,0.14,54.62,0.8
20100413,29.55,0.09,53.21,0.87
20100414,28.97,0.01,52.41,0.66
20100415,29.02,0.12,50.42,1.24
20100416,28.97,0.61,48.23,0.86
20100417,27.62,1.55,62.23,1.22
20100418,28.72,2.88,57.69,1.08
20100419,27.56,0.62,63.56,0.99
20100420,27.66,2.35,62.49,1.1
20100421,28.14,0.22,62.98,1.12
20100422,29.81,0.03,50.88,1.27
20100423,29.96,1.94,51.89,1.1
20100424,27.35,0.72,65.46,0.78
20100425,27.62,0.99,61.8,0.83
20100426,27.15,4.93,64.31,0.98
20100427,26.76,2.34,63.59,1.22
20100428,27.94,0.81,58.19,0.93
20100429,27.15,0.19,65.17,1.06
20100430,26.0,13.52,72.39,1.32
20100501,26.17,1.68,68.19,0.81
20100502,25.88,20.17,75.32,0.61
20100503,25.49,11.28,81.42,0.74
20100504,25.67,4.92,81.61,0.66
20100505,27.14,0.35,71.0,1.02
20100506,28.55,1.36,64.94,0.82
20100507,28.33,0.19,66.47,0.83
20100508,27.9,0.2,67.09,0.78
20100509,26.9,0.47,70.33,0.58
20100510,28.28,0.32,61.01,0.96
20100511,28.25,0.22,65.67,0.86
20100512,29.18,0.02,60.96,1.02
20100513,29.04,0.0,63.38,0.8
20100514,27.97,0.0,65.12,1.08
20100515,28.32,0.36,58.46,1.0
20100516,28.16,0.63,63.7,1.11
20100517,27.61,8.21,68.06,1.16
20100518,26.3,4.23,76.53,1.77
20100519,24.34,5.79,78.7,2.65
20100520,25.84,1.78,73.81,3.71
20100521,25.6,1.1,71.2,3.04
20100522,26.22,0.19,70.23,1.92
20100523,26.17,1.32,72.3,1.91
20100524,26.76,0.91,72.74,2.03
20100525,25.71,2.61,71.53,2.7
20100526,26.56,0.37,66.86,2.67
20100527,26.5,1.43,71.42,2.49
20100528,25.95,7.74,75.07,2.42
20100529,24.82,3.9,80.48,2.61
20100530,25.67,3.07,71.52,2.81
20100531,24.37,1.05,74.4,2.63
20100601,25.84,0.13,70.53,2.06
20100602,27.5,2.37,67.54,1.43
20100603,26.92,0.27,69.87,1.21
20100604,25.97,35.74,79.14,0.89
20100605,24.38,7.52,79.12,2.11
20100606,23.77,4.78,76.55,2.81
20100607,23.96,1.87,74.63,2.79
20100608,24.28,0.26,74.28,2.48
20100609,25.22,4.68,76.49,2.05
20100610,24.15,2.56,83.62,2.41
20100611,23.65,5.12,83.72,2.65
20100612,24.12,8.91,79.88,3.36
20100613,23.96,2.98,84.43,2.65
20100614,24.08,1.02,74.44,3.23
20100615,24.78,0.09,69.81,2.9
20100616,24.8,1.09,76.3,1.22
20100617,24.29,4.54,74.65,2.22
20100618,23.7,7.11,75.82,1.94
20100619,24.4,2.81,71.97,2.19
20100620,24.66,0.57,74.53,1.45
20100621,25.39,1.57,69.6,1.6
20100622,23.94,3.7,78.8,2.21
20100623,23.25,3.75,79.7,3.23
20100624,23.05,2.44,75.66,3.68
20100625,22.96,2.62,73.95,4.14
20100626,23.89,2.21,71.48,3.97
20100627,24.5,1.76,74.08,2.95
20100628,24.11,4.31,79.82,2.79
20100629,24.38,2.41,75.47,2.71
20100630,23.47,1.63,75.13,3.51
20100701,21.95,1.56,74.1,3.48
20100702,23.61,0.69,69.19,3.74
20100703,23.8,4.44,69.64,4.2
20100704,23.93,4.83,74.17,3.12
20100705,23.42,1.28,71.76,3.7
20100706,22.55,0.52,73.56,3.23
20100707,23.06,3.1,75.48,1.7
20100708,23.0,3.71,79.51,0.96
20100709,23.68,2.33,78.6,0.81
20100710,24.91,2.15,75.98,0.91
20100711,25.73,0.12,72.53,1.0
20100712,25.1,0.26,72.49,1.63
20100713,23.44,17.92,80.57,1.51
20100714,23.64,6.71,78.78,1.75
20100715,23.73,11.78,79.62,2.13
20100716,22.95,1.83,80.95,3.26
20100717,22.6,6.29,77.92,3.57
20100718,22.93,6.12,81.33,2.96
20100719,23.12,6.08,76.15,3.9
20100720,22.64,2.69,81.52,3.63
20100721,23.62,3.28,76.78,3.3
20100722,22.83,0.27,77.88,2.83
20100723,23.2,1.24,74.52,2.7
20100724,22.5,0.24,73.08,3.3
20100725,22.58,0.93,73.75,3.68
20100726,23.58,2.29,72.28,3.69
20100727,23.67,2.11,76.74,3.19
20100728,23.13,1.68,75.54,3.63
20100729,23.78,1.9,73.15,3.72
20100730,23.67,0.4,71.37,3.57
20100731,23.25,0.01,73.35,3.3
20100801,24.51,0.0,71.65,2.42
20100802,24.1,0.89,72.9,2.36
20100803,23.17,1.41,72.64,3.4
20100804,23.86,0.83,76.21,3.25
20100805,24.07,0.47,76.95,2.11
20100806,23.82,0.29,75.31,2.82
20100807,24.29,0.48,75.75,2.25
20100808,23.95,3.2,79.54,2.19
20100809,24.64,6.25,74.82,2.58
20100810,25.01,0.57,72.41,2.37
20100811,24.69,1.02,72.62,2.75
20100812,24.38,1.32,77.98,2.13
20100813,24.05,11.52,79.4,1.86
20100814,23.91,2.38,79.81,1.89
20100815,23.59,5.42,84.07,1.89
20100816,23.44,4.83,79.11,2.85
20100817,23.47,0.53,75.4,2.96
20100818,23.22,0.11,72.13,2.98
20100819,24.08,0.57,74.26,1.86
20100820,23.15,10.55,79.68,1.05
20100821,22.29,4.54,81.46,1.83
20100822,23.39,0.37,78.39,2.15
20100823,23.78,0.28,77.56,1.44
20100824,22.97,1.68,80.98,2.44
20100825,23.05,1.29,77.13,3.09
20100826,23.34,0.3,77.34,2.79
20100827,24.12,1.99,75.14,2.35
20100828,23.83,2.51,81.51,1.74
20100829,24.04,3.83,78.93,2.43
20100830,22.43,0.61,79.4,2.97
20100831,22.61,0.55,72.78,2.55
20100901,22.63,0.0,76.08,1.95
20100902,24.07,0.0,73.03,1.78
20100903,24.23,2.86,74.44,1.92
20100904,23.71,0.05,74.93,1.99
20100905,23.94,0.0,74.17,1.85
20100906,23.4,0.15,74.26,1.95
20100907,23.82,0.77,77.03,2.43
20100908,23.41,2.13,77.16,2.56
20100909,23.32,10.06,79.66,1.83
20100910,23.17,7.25,81.4,1.76
20100911,23.54,3.34,72.56,1.98
20100912,24.38,2.8,70.49,1.29
20100913,22.79,8.81,76.24,1.9
20100914,22.92,1.48,76.53,2.11
20100915,23.4,1.86,76.04,2.15
20100916,23.0,1.5,76.21,2.33
20100917,24.21,0.8,74.02,2.53
20100918,23.17,4.69,74.27,2.36
20100919,24.16,0.9,72.21,1.61
20100920,24.64,0.11,70.44,0.86
20100921,24.01,1.0,77.57,0.86
20100922,23.11,8.52,86.1,0.7
20100923,23.22,16.74,86.69,0.89
20100924,23.65,10.8,82.6,0.98
20100925,24.17,0.3,74.26,0.73
20100926,23.85,16.2,78.75,1.12
20100927,23.51,5.5,84.3,1.41
20100928,23.5,8.7,83.54,1.4
20100929,22.91,2.03,85.01,1.14
20100930,23.49,3.1,80.11,0.9
20101001,23.94,2.0,80.15,1.01
20101002,23.37,12.29,84.81,0.91
20101003,23.12,12.05,86.07,0.69
20101004,23.58,5.98,84.98,0.72
20101005,23.18,7.8,89.36,1.05
20101006,22.91,14.53,87.28,2.44
20101007,23.22,11.75,87.13,2.05
20101008,23.28,15.34,88.76,1.31
20101009,23.41,2.78,85.63,1.34
20101010,23.14,0.08,82.11,1.41
20101011,23.2,0.0,82.14,1.45
20101012,22.93,0.0,82.73,1.26
20101013,23.51,0.87,80.95,1.37
20101014,22.94,2.3,84.38,1.54
20101015,22.55,3.07,84.87,2.19
20101016,22.36,1.33,81.47,2.22
20101017,22.71,1.36,82.65,1.77
20101018,22.63,16.43,82.95,1.64
20101019,23.51,17.28,83.57,1.0
20101020,22.45,1.47,88.79,0.94
20101021,23.57,8.25,84.66,1.0
20101022,22.27,2.85,88.95,1.53
20101023,22.73,2.17,85.46,1.52
20101024,23.18,0.14,80.54,1.11
20101025,24.06,0.0,79.35,0.94
20101026,24.26,7.49,81.35,0.65
20101027,23.69,12.51,85.46,0.48
20101028,22.73,13.64,85.46,0.42
20101029,22.14,13.55,89.29,0.84
20101030,22.45,4.89,87.6,0.49
20101031,22.1,6.79,91.1,0.44
20101101,22.45,6.27,84.96,0.88
20101102,22.78,0.16,84.55,0.83
20101103,23.12,15.89,85.43,0.4
20101104,22.25,12.36,93.04,0.85
20101105,22.81,40.28,88.14,0.61
20101106,21.45,6.52,87.38,1.07
20101107,20.79,0.39,90.44,1.42
20101108,22.75,1.06,84.16,1.17
20101109,22.9,6.96,84.56,0.51
20101110,22.77,17.82,88.93,0.65
20101111,21.71,11.27,91.34,1.05
20101112,22.47,6.52,83.04,0.64
20101113,23.22,3.5,86.88,0.83
20101114,22.19,2.52,88.55,1.08
20101115,22.36,1.06,85.7,0.83
20101116,22.41,22.11,87.46,0.77
20101117,22.18,8.43,90.79,0.98
20101118,21.83,3.25,90.02,1.22
20101119,21.63,6.15,89.63,1.01
20101120,21.99,23.74,89.8,0.83
20101121,21.31,14.4,86.93,0.54
20101122,21.81,33.03,85.7,1.01
20101123,21.24,9.35,90.02,0.78
20101124,21.13,7.2,92.59,1.05
20101125,20.41,9.84,93.8,1.32
20101126,20.51,8.04,92.92,1.1
20101127,19.59,4.14,93.33,0.95
20101128,20.21,14.6,94.57,1.31
20101129,20.83,0.73,91.29,1.29
20101130,21.14,5.6,91.45,1.27
20101201,21.13,8.29,95.12,1.31
20101202,21.23,13.16,91.56,1.14
20101203,20.86,5.39,94.14,1.21
20101204,19.78,0.63,92.65,1.35
20101205,18.91,0.59,90.47,1.07
20101206,20.43,0.01,81.9,0.86
20101207,21.84,8.9,82.24,0.56
20101208,21.14,10.15,90.16,0.99
20101209,21.53,0.69,90.6,0.66
20101210,21.59,0.15,86.82,1.12
20101211,20.97,0.68,86.83,0.99
20101212,20.86,2.41,88.29,1.04
20101213,20.78,0.15,84.25,0.68
20101214,21.88,1.15,87.67,0.52
20101215,21.19,8.0,92.95,0.93
20101216,21.33,7.56,90.66,1.04
20101217,21.5,2.62,87.85,0.81
20101218,21.29,0.5,90.28,1.19
20101219,19.19,0.38,86.7,1.5
20101220,20.68,1.54,91.13,1.42
20101221,20.4,0.27,91.4,1.56
20101222,18.93,0.0,80.82,1.11
20101223,18.15,0.0,83.34,0.97
20101224,18.14,0.0,86.29,0.94
20101225,19.6,0.0,86.33,1.04
20101226,19.56,0.0,85.16,1.02
20101227,19.19,0.0,84.94,1.06
20101228,18.46,0.98,88.43,0.99
20101229,19.24,0.25,93.85,1.09
20101230,20.66,0.34,90.49,1.29
20101231,20.69,0.64,89.22,0.92
20110101,21.37,0.58,84.88,0.83
20110102,21.43,0.02,86.46,0.84
20110103,20.76,0.13,90.09,1.11
20110104,20.35,0.52,89.81,1.28
20110105,19.95,0.16,89.73,1.56
20110106,20.31,0.02,87.72,1.26
20110107,20.6,0.0,88.47,1.26
20110108,21.78,0.0,85.05,1.14
20110109,22.09,1.77,83.85,1.08
20110110,21.55,1.46,78.28,1.0
20110111,21.09,0.0,75.48,0.89
20110112,18.69,0.0,76.25,1.04
20110113,18.2,0.0,79.82,1.15
20110114,18.41,0.0,85.09,1.26
20110115,19.69,0.09,88.9,1.33
20110116,20.78,0.4,89.47,1.29
20110117,21.17,0.02,86.55,0.92
20110118,20.39,0.0,82.93,1.07
20110119,18.77,0.0,71.25,0.96
20110120,18.62,0.0,75.45,1.09
20110121,18.85,0.0,80.93,1.27
20110122,18.99,0.0,84.32,1.42
20110123,19.04,0.0,85.41,1.58
20110124,18.82,0.0,84.7,1.54
20110125,18.92,0.0,84.02,1.43
20110126,19.92,0.07,85.99,1.59
20110127,20.27,0.01,82.45,1.65
20110128,20.11,0.0,84.45,1.3
20110129,21.02,0.0,82.5,1.42
20110130,21.05,0.01,82.66,1.52
20110131,20.85,0.0,77.76,1.6
20110201,20.54,0.0,73.72,1.35
20110202,19.97,0.0,74.56,1.54
20110203,19.95,0.0,82.08,1.3
20110204,20.84,0.0,76.82,1.24
20110205,20.77,0.0,71.25,1.35
20110206,20.67,0.0,77.35,1.25
20110207,21.63,0.0,76.62,1.19
20110208,22.52,0.0,64.2,0.98
20110209,21.87,0.46,61.79,1.05
20110210,20.9,5.96,64.54,1.26
20110211,19.9,0.0,70.1,1.21
20110212,20.63,0.0,69.29,1.29
20110213,20.32,0.0,64.69,1.28
20110214,21.47,0.0,65.38,0.78
20110215,23.15,0.0,67.3,0.47
20110216,23.99,0.0,69.23,0.62
20110217,24.3,0.0,71.16,0.65
20110218,24.74,0.0,71.55,0.64
20110219,24.85,0.0,73.2,0.8
20110220,25.1,0.0,70.16,0.88
20110221,24.69,0.8,73.33,0.99
20110222,23.23,7.34,79.2,1.19
20110223,22.91,6.55,80.73,1.09
20110224,22.36,14.92,84.75,0.9
20110225,22.96,2.18,79.17,0.9
20110226,23.01,9.87,79.48,0.84
20110227,22.45,0.58,73.66,1.19
20110228,22.69,0.0,68.85,1.47
20110301,22.2,0.0,71.1,1.53
20110302,22.0,0.0,66.67,1.42
20110303,22.23,0.0,65.82,1.33
20110304,23.43,0.0,66.62,1.21
20110305,24.41,0.0,66.46,1.22
20110306,24.39,0.0,60.24,1.26
20110307,23.87,0.0,52.21,1.39
20110308,24.52,0.0,48.92,1.45
20110309,24.73,0.0,47.37,1.33
20110310,24.14,0.0,49.55,1.33
20110311,24.11,0.0,49.16,1.3
20110312,24.12,0.01,55.97,1.34
20110313,24.87,1.37,69.08,1.37
20110314,24.65,0.69,66.28,1.47
20110315,24.14,0.0,60.1,1.52
20110316,23.67,0.0,61.94,1.56
20110317,23.31,0.01,61.95,1.66
20110318,23.2,0.0,63.95,1.36
20110319,26.05,0.0,63.84,0.75
20110320,26.53,0.0,64.29,0.74
20110321,26.79,0.0,62.64,0.84
20110322,27.15,0.0,58.11,1.22
20110323,27.24,0.71,55.24,1.04
20110324,27.28,0.53,55.74,0.9
20110325,26.86,1.22,62.28,0.83
20110326,27.02,0.11,62.96,0.9
20110327,27.25,0.0,60.22,1.02
20110328,26.85,0.0,60.06,0.8
20110329,27.43,0.99,55.95,1.01
20110330,27.16,0.1,49.37,1.3
20110331,26.77,0.0,51.4,1.22
20110401,27.79,0.0,50.03,0.92
20110402,28.41,0.05,52.95,0.9
20110403,27.54,0.51,59.21,0.78
20110404,27.23,0.1,57.35,0.71
20110405,26.87,0.01,56.55,0.93
20110406,26.68,0.0,53.47,1.43
20110407,26.27,0.0,49.68,1.49
20110408,27.06,0.4,48.36,1.25
20110409,27.84,1.48,54.9,1.18
20110410,27.23,1.56,61.84,1.34
20110411,27.23,1.84,61.95,1.28
20110412,27.49,0.97,59.3,1.18
20110413,28.41,0.85,54.79,1.02
20110414,27.22,0.32,60.22,0.82
20110415,26.8,1.29,59.77,0.84
20110416,27.2,0.02,52.02,1.47
20110417,27.06,0.5,56.61,1.08
20110418,27.52,1.0,57.28,1.21
20110419,26.61,0.64,63.45,0.59
20110420,25.61,1.18,62.76,1.25
20110421,25.01,4.86,69.76,1.28
20110422,24.15,14.78,83.07,1.12
20110423,22.65,14.88,90.72,0.94
20110424,24.34,4.87,77.27,0.72
20110425,24.03,7.77,81.82,1.04
20110426,25.92,1.11,71.54,0.85
20110427,26.6,0.06,68.44,0.93
20110428,25.72,1.48,71.85,0.81
20110429,25.88,0.39,73.14,1.25
20110430,27.06,0.15,66.26,0.87
20110501,26.69,0.81,68.23,0.92
20110502,26.58,0.21,68.53,0.98
20110503,25.82,17.03,75.91,1.18
20110504,24.67,0.43,76.99,1.68
20110505,24.86,0.04,75.95,1.12
20110506,26.23,0.01,71.2,1.37
20110507,27.07,0.0,63.52,2.14
20110508,26.5,0.0,58.9,2.06
20110509,26.15,0.22,61.62,1.92
20110510,27.34,0.02,61.37,1.37
20110511,27.4,0.0,61.67,1.12
20110512,27.74,0.0,60.96,0.93
20110513,27.83,4.21,62.54,1.02
20110514,27.57,0.86,64.96,1.17
20110515,27.72,0.0,65.16,0.84
20110516,28.44,0.0,60.38,1.23
20110517,28.27,0.09,60.51,0.74
20110518,27.87,0.05,63.43,0.69
20110519,26.13,0.41,72.72,0.77
20110520,27.09,16.75,70.2,0.79
20110521,25.82,1.14,74.01,1.47
20110522,27.24,0.0,62.4,1.01
20110523,27.15,0.94,64.02,1.21
20110524,26.27,1.1,73.15,1.17
20110525,26.26,0.43,75.04,1.01
20110526,25.59,1.2,73.73,1.21
20110527,25.52,5.83,75.32,1.07
20110528,25.14,3.61,72.34,1.96
20110529,24.57,2.64,76.61,1.95
20110530,25.66,5.45,78.06,1.89
20110531,24.61,21.24,77.93,2.81
20110601,24.22,17.28,80.27,2.44
20110602,23.64,8.57,82.16,3.02
20110603,23.85,7.51,83.05,1.6
20110604,24.37,2.85,80.42,1.87
20110605,24.14,3.35,77.5,2.74
20110606,24.36,3.09,73.5,2.85
20110607,24.29,0.1,73.64,2.04
20110608,24.95,0.11,73.03,1.95
20110609,24.3,3.17,79.11,2.04
20110610,24.85,0.5,76.87,2.7
20110611,24.96,0.0,75.39,2.59
20110612,24.4,0.0,77.38,2.36
20110613,23.69,2.77,71.91,3.31
20110614,22.93,4.42,77.5,3.49
20110615,23.18,1.53,71.94,3.04
20110616,23.01,2.48,76.18,3.26
20110617,22.81,3.39,72.44,3.9
20110618,23.83,0.79,67.95,4.06
20110619,24.29,1.26,75.16,3.56
20110620,24.73,0.59,73.29,3.16
20110621,23.9,0.32,75.9,2.88
20110622,23.86,0.12,74.72,3.02
20110623,25.26,0.6,71.83,2.67
20110624,25.26,0.87,72.89,2.94
20110625,25.21,1.62,74.83,3.2
20110626,24.61,1.14,75.54,3.57
20110627,24.0,0.59,69.64,4.24
20110628,23.87,0.03,63.51,4.22
20110629,24.62,0.0,63.49,2.54
20110630,25.68,0.78,64.68,1.49
20110701,25.12,2.7,72.01,1.79
20110702,23.8,0.07,71.26,2.51
20110703,24.32,0.16,69.38,2.26
20110704,24.37,0.41,65.94,3.25
20110705,22.49,11.16,68.4,3.21
20110706,23.28,1.38,72.43,3.22
20110707,23.75,17.16,70.41,2.77
20110708,23.05,0.57,73.91,2.27
20110709,23.75,13.5,75.58,1.34
20110710,23.65,1.65,72.48,2.01
20110711,24.34,4.18,75.21,2.77
20110712,22.25,2.45,75.62,4.22
20110713,22.83,0.26,66.78,4.47
20110714,22.59,1.33,65.75,4.64
20110715,22.67,1.64,69.71,4.62
20110716,23.63,3.15,73.1,4.18
20110717,23.41,2.17,73.8,3.75
20110718,23.18,1.79,76.58,3.66
20110719,23.38,0.98,72.73,3.64
20110720,23.53,0.62,72.53,4.01
20110721,24.0,0.75,68.96,3.59
20110722,23.0,0.45,72.51,3.52
20110723,23.57,1.19,73.32,3.54
20110724,22.62,1.17,76.04,3.68
20110725,23.82,0.75,68.86,2.72
20110726,23.78,1.54,68.8,2.71
20110727,22.84,0.12,69.33,3.35
20110728,23.3,4.22,68.12,3.39
20110729,22.12,0.67,71.67,3.43
20110730,23.23,0.51,73.02,2.26
20110731,24.68,0.2,72.87,2.73
20110801,24.4,0.02,70.08,2.9
20110802,24.68,0.34,71.14,3.46
20110803,23.55,0.84,76.02,3.12
20110804,23.63,0.47,73.52,3.32
20110805,22.85,5.18,75.76,3.15
20110806,23.06,5.73,74.33,3.77
20110807,23.48,1.83,76.94,3.3
20110808,23.95,7.03,76.74,2.35
20110809,24.4,1.15,72.2,2.38
20110810,24.82,0.52,68.34,2.64
20110811,24.2,1.97,73.63,2.73
20110812,23.34,2.2,74.0,2.56
20110813,24.19,0.12,70.41,2.09
20110814,24.82,0.0,62.81,1.39
20110815,24.22,15.54,73.7,0.88
20110816,23.61,1.11,77.51,1.35
20110817,23.4,8.91,80.6,1.2
20110818,23.63,0.77,74.85,2.4
20110819,23.91,0.97,74.14,2.03
20110820,24.15,1.15,76.6,1.8
20110821,23.79,0.1,74.16,2.25
20110822,24.19,0.07,71.49,1.7
20110823,24.26,0.77,72.74,2.26
20110824,22.06,3.72,77.4,2.63
20110825,23.4,1.83,76.47,2.5
20110826,24.6,0.26,70.18,2.35
20110827,23.47,0.09,75.57,2.77
20110828,24.23,1.14,73.38,2.86
20110829,23.26,2.84,76.48,3.48
20110830,22.88,2.5,72.01,3.49
20110831,23.74,9.07,74.26,3.35
20110901,23.28,4.33,79.19,3.78
20110902,23.63,8.28,79.9,2.55
20110903,22.8,1.18,80.39,2.69
20110904,24.26,1.0,73.98,2.5
20110905,24.84,0.54,72.16,2.34
20110906,23.46,1.95,74.7,2.71
20110907,23.55,0.35,73.32,2.62
20110908,24.08,13.79,77.48,1.77
20110909,23.61,4.61,78.4,1.89
20110910,23.88,5.06,76.43,2.33
20110911,23.47,0.74,76.59,2.67
20110912,23.28,14.71,72.96,2.54
20110913,21.6,2.85,72.62,3.15
20110914,22.41,2.67,73.64,3.11
20110915,23.47,4.19,74.59,3.24
20110916,24.37,1.14,73.72,2.2
20110917,24.11,1.16,77.05,1.7
20110918,23.93,0.09,76.49,1.59
20110919,24.97,1.58,73.0,1.63
20110920,24.34,1.16,74.34,1.78
20110921,22.93,6.75,77.48,2.26
20110922,24.19,0.37,72.93,1.82
20110923,23.94,0.04,70.68,1.73
20110924,24.93,0.73,68.95,1.37
20110925,25.79,0.16,68.9,0.77
20110926,25.66,3.6,68.43,1.23
20110927,25.52,0.17,68.8,1.13
20110928,25.79,0.0,65.84,1.13
20110929,25.29,2.5,66.33,1.2
20110930,23.93,13.05,80.09,0.83
20111001,23.99,2.9,80.04,0.57
20111002,24.61,2.36,76.42,0.71
20111003,25.73,2.91,71.47,0.7
20111004,25.14,3.73,74.16,1.21
20111005,24.82,3.95,74.45,0.54
20111006,25.58,3.79,70.74,0.81
20111007,25.72,2.0,70.09,0.69
20111008,25.7,0.55,69.99,0.79
20111009,25.64,1.45,70.23,0.81
20111010,24.82,0.19,75.29,0.56
20111011,24.86,0.61,73.1,0.8
20111012,23.21,14.91,81.64,0.85
20111013,23.85,12.21,82.16,0.77
20111014,24.45,5.29,80.38,0.69
20111015,24.11,3.31,83.04,0.71
20111016,22.09,15.17,91.45,1.22
20111017,22.38,9.02,85.82,0.64
20111018,22.8,21.36,87.55,0.73
20111019,23.51,6.03,84.96,0.77
20111020,24.18,0.62,79.45,0.84
20111021,24.08,0.74,77.55,0.9
20111022,23.35,2.46,82.78,1.16
20111023,21.7,3.1,87.86,0.99
20111024,22.81,3.93,83.29,1.3
20111025,21.86,8.03,86.08,1.51
20111026,21.79,10.38,89.86,2.22
20111027,22.4,6.74,87.72,1.61
20111028,22.01,4.95,88.08,1.47
20111029,21.01,20.02,90.15,1.62
20111030,20.89,13.9,94.8,1.59
20111031,21.82,7.8,89.71,1.48
20111101,21.37,11.57,95.33,1.45
20111102,21.59,5.77,90.1,0.68
20111103,22.14,10.34,83.12,0.75
20111104,22.03,2.59,80.87,0.77
20111105,22.57,2.78,86.91,0.8
20111106,23.06,9.86,89.19,0.53
20111107,22.65,4.95,90.3,0.87
20111108,20.42,0.16,78.11,1.22
20111109,19.46,0.0,78.13,1.24
20111110,19.74,0.0,73.48,1.11
20111111,20.76,0.0,76.41,1.03
20111112,21.29,0.0,83.47,0.81
20111113,21.92,0.04,80.62,0.99
20111114,21.78,0.73,86.15,1.27
20111115,21.29,0.12,80.64,1.39
20111116,21.38,1.46,78.84,1.25
20111117,21.98,2.69,86.0,1.49
20111118,22.51,1.98,85.51,1.63
20111119,21.31,0.5,83.21,1.68
20111120,20.63,0.23,82.46,1.82
20111121,21.57,0.26,84.16,1.88
20111122,21.43,0.07,83.26,1.79
20111123,21.38,0.53,84.78,1.82
20111124,22.17,7.49,89.33,2.36
20111125,21.84,22.14,93.31,2.85
20111126,22.29,20.17,93.54,3.53
20111127,22.0,14.06,95.96,1.59
20111128,22.06,7.95,92.24,0.74
20111129,22.52,1.91,89.36,1.07
20111130,22.5,2.88,90.79,1.55
20111201,22.0,1.02,87.85,1.01
20111202,22.28,0.3,85.73,0.75
20111203,22.86,0.27,79.73,0.61
20111204,22.07,4.32,86.03,0.65
20111205,21.15,1.82,86.16,1.06
20111206,20.03,0.2,83.11,1.25
20111207,19.44,0.0,83.49,1.46
20111208,19.33,0.01,84.93,1.35
20111209,21.44,0.21,87.03,1.28
20111210,22.02,0.13,85.85,1.25
20111211,21.79,0.28,86.55,1.2
20111212,20.81,0.06,86.29,1.11
20111213,21.44,0.15,85.67,1.67
20111214,21.34,0.14,85.99,1.64
20111215,21.31,0.89,85.5,1.15
20111216,20.75,0.51,82.71,1.75
20111217,19.52,0.0,80.66,1.44
20111218,19.66,0.39,84.89,1.8
20111219,19.57,1.1,86.51,1.35
20111220,19.38,0.05,79.01,1.4
20111221,19.02,0.0,82.14,1.43
20111222,19.62,0.0,80.7,1.42
20111223,19.69,0.0,80.09,0.94
20111224,20.6,1.64,76.95,1.26
20111225,19.91,0.02,72.53,1.36
20111226,19.99,0.0,63.38,1.29
20111227,21.43,0.0,58.34,1.09
20111228,21.61,0.0,67.98,0.87
20111229,22.18,0.16,63.18,1.13
20111230,22.57,16.42,80.35,1.51
20111231,21.8,11.3,89.47,1.68
20120101,20.32,0.27,78.26,1.14
20120102,21.21,0.0,75.72,0.99
20120103,22.27,0.0,75.55,0.93
20120104,23.01,0.0,80.95,1.3
20120105,23.07,0.0,78.33,1.31
20120106,22.22,0.0,76.16,1.33
20120107,21.17,0.0,75.61,1.39
20120108,22.14,0.11,81.82,1.66
20120109,23.06,0.03,78.39,1.06
20120110,23.45,0.47,75.11,0.78
20120111,22.32,1.75,80.37,0.8
20120112,21.96,0.24,76.57,1.09
20120113,21.51,0.0,77.1,1.38
20120114,21.03,0.0,73.78,1.48
20120115,19.6,0.0,70.1,1.46
20120116,19.01,0.0,65.22,1.27
20120117,19.77,0.0,63.68,1.09
20120118,20.89,0.0,56.39,0.93
20120119,21.62,0.08,61.99,0.9
20120120,21.47,0.02,62.51,0.97
20120121,21.14,0.0,63.72,1.07
20120122,20.12,0.0,68.59,1.3
20120123,19.78,0.0,68.69,1.44
20120124,19.53,0.0,67.42,1.22
20120125,19.49,0.0,65.71,1.3
20120126,20.23,0.01,67.02,1.27
20120127,21.25,0.01,71.52,1.08
20120128,21.75,0.0,72.52,1.21
20120129,21.74,0.0,71.69,1.18
20120130,21.38,0.1,70.92,1.41
20120131,20.93,0.19,71.49,1.55
20120201,20.64,0.0,68.69,1.77
20120202,20.41,0.0,72.68,1.84
20120203,21.53,0.0,72.58,1.94
20120204,22.2,0.0,69.14,1.27
20120205,22.07,0.0,70.7,1.24
20120206,22.74,0.0,71.61,1.37
20120207,24.1,0.0,68.93,1.47
20120208,22.66,0.0,73.88,1.2
20120209,23.22,0.0,77.23,1.02
20120210,23.15,0.59,73.78,1.2
20120211,22.96,2.51,74.94,1.15
20120212,23.03,0.45,67.13,1.4
20120213,22.73,0.0,65.01,1.39
20120214,23.68,0.0,63.36,1.29
20120215,24.61,0.0,62.05,0.95
20120216,25.02,0.0,59.99,1.1
20120217,23.9,0.0,62.32,1.15
20120218,23.05,0.0,62.84,1.43
20120219,22.48,0.0,61.61,1.49
20120220,22.94,0.0,54.02,1.39
20120221,23.44,0.0,50.76,1.43
20120222,23.07,0.0,49.24,1.54
20120223,22.68,0.0,51.48,1.65
20120224,22.74,0.0,44.13,1.6
20120225,23.23,0.0,41.81,1.88
20120226,23.67,0.0,39.17,1.58
20120227,24.53,0.0,47.35,1.6
20120228,26.2,0.0,49.99,0.79
20120229,27.72,0.0,51.72,1.08
20120301,27.84,0.0,51.23,1.23
20120302,28.07,0.0,51.74,0.86
20120303,28.17,0.0,51.72,0.77
20120304,28.13,0.0,48.84,0.89
20120305,27.18,0.0,51.04,1.09
20120306,27.45,0.0,49.91,1.1
20120307,27.98,0.05,48.96,0.67
20120308,26.64,0.02,57.85,1.21
20120309,26.24,0.0,53.43,1.21
20120310,26.49,0.0,50.95,1.03
20120311,26.4,0.08,51.39,1.79
20120312,23.59,0.86,71.19,1.23
20120313,25.91,1.09,64.81,1.85
20120314,26.55,0.7,58.69,1.66
20120315,27.03,0.42,55.59,1.55
20120316,26.68,3.89,59.61,1.11
20120317,27.36,0.04,54.01,1.29
20120318,27.19,0.0,46.58,1.39
20120319,27.56,0.0,44.64,1.4
20120320,27.75,0.0,44.43,1.25
20120321,28.05,0.0,45.5,1.17
20120322,28.13,1.36,49.85,1.24
20120323,27.17,0.25,47.3,1.45
20120324,26.82,0.0,36.64,1.5
20120325,25.99,0.0,34.71,1.39
20120326,25.84,0.0,36.89,1.44
20120327,25.77,0.27,55.87,1.42
20120328,27.18,0.46,58.55,1.33
20120329,27.08,0.73,58.52,0.85
20120330,27.82,0.41,54.04,1.03
20120331,27.6,11.58,57.33,1.08
20120401,25.49,7.54,70.0,1.23
20120402,24.81,0.1,67.24,1.06
20120403,25.92,0.0,59.95,1.17
20120404,26.93,0.72,57.42,1.1
20120405,27.63,0.23,55.13,1.1
20120406,28.16,2.36,54.4,1.09
20120407,27.73,0.22,55.67,1.37
20120408,28.26,0.0,51.27,1.31
20120409,28.15,0.07,54.96,0.95
20120410,28.59,0.06,52.67,1.19
20120411,28.88,0.71,52.99,1.24
20120412,28.29,0.47,53.53,0.86
20120413,27.7,0.02,52.41,1.25
20120414,26.35,0.85,60.6,1.31
20120415,27.48,0.48,58.75,1.3
20120416,28.05,0.06,56.3,1.03
20120417,28.35,0.42,54.12,1.07
20120418,28.45,0.03,54.86,1.14
20120419,28.02,0.0,55.02,1.26
20120420,28.58,1.57,50.81,1.11
20120421,29.02,0.66,53.87,1.31
20120422,29.68,0.18,47.89,0.95
20120423,28.51,3.21,55.79,0.82
20120424,25.64,29.02,76.05,0.67
20120425,23.72,10.15,85.49,1.13
20120426,23.82,9.84,83.19,0.79
20120427,24.46,6.22,83.33,0.87
20120428,24.89,1.11,76.45,1.46
20120429,25.35,5.18,75.91,0.79
20120430,25.16,2.1,80.41,0.98
20120501,25.81,3.97,76.3,1.13
20120502,25.51,0.49,76.58,1.09
20120503,26.15,1.38,73.75,1.43
20120504,24.62,2.18,81.67,1.6
20120505,24.53,3.81,77.9,1.93
20120506,26.13,0.22,67.3,1.47
20120507,27.72,3.9,63.59,1.07
20120508,27.21,19.87,68.8,0.78
20120509,26.75,3.07,68.38,0.82
20120510,26.68,8.07,67.81,0.76
20120511,25.95,11.17,75.39,1.05
20120512,25.68,2.73,76.12,1.21
20120513,26.67,0.01,69.89,0.97
20120514,26.37,0.01,73.0,0.84
20120515,26.07,1.23,75.83,1.17
20120516,27.0,0.42,70.29,1.03
20120517,26.74,0.06,72.22,1.42
20120518,26.07,0.79,74.96,0.92
20120519,26.49,0.19,74.24,1.31
20120520,26.19,0.42,72.71,0.95
20120521,23.75,0.74,75.38,2.05
20120522,24.33,0.12,77.74,1.46
20120523,25.32,0.47,71.95,1.71
20120524,26.12,0.22,69.9,2.19
20120525,25.34,0.07,69.41,2.4
20120526,24.0,0.1,77.22,1.76
20120527,25.42,0.27,72.78,2.2
20120528,25.82,0.14,71.71,2.23
20120529,24.85,0.05,77.01,1.75
20120530,25.9,0.02,71.49,2.1
20120531,24.95,0.13,73.18,2.8
20120601,25.56,0.04,65.46,2.54
20120602,26.69,0.01,66.78,2.67
20120603,25.99,10.51,73.78,2.84
20120604,25.36,2.99,76.41,2.51
20120605,24.63,0.82,71.18,3.65
20120606,24.12,2.78,69.07,3.85
20120607,23.87,1.48,73.48,3.66
20120608,24.6,0.26,67.27,3.52
20120609,24.25,0.13,68.6,3.34
20120610,24.91,0.03,70.71,3.16
20120611,25.28,0.0,68.61,2.75
20120612,24.8,1.17,70.66,2.97
20120613,23.42,2.88,69.22,2.79
20120614,23.51,4.86,74.54,2.54
20120615,24.5,3.14,74.09,2.66
20120616,24.42,5.12,74.5,3.41
20120617,23.03,6.4,72.07,4.18
20120618,22.99,1.24,73.48,3.45
20120619,24.34,0.93,73.61,3.24
20120620,23.41,0.16,76.75,3.21
20120621,23.89,1.56,74.24,2.88
20120622,24.05,0.82,74.58,2.83
20120623,25.32,0.14,69.27,2.4
20120624,25.86,0.01,68.63,2.0
20120625,25.23,0.11,71.03,1.77
20120626,25.23,0.26,71.12,1.63
20120627,23.98,1.37,71.72,2.19
20120628,22.85,1.7,77.9,1.92
20120629,23.31,1.55,78.14,2.15
20120630,23.5,1.68,73.58,3.22
20120701,22.99,3.45,76.12,3.67
20120702,22.85,2.05,74.86,3.98
20120703,23.8,0.82,71.3,4.11
20120704,24.59,0.34,70.02,3.4
20120705,25.03,0.13,69.33,2.74
20120706,25.09,0.35,69.51,2.36
20120707,24.36,0.51,75.19,2.3
20120708,24.87,0.54,72.36,2.46
20120709,23.72,4.92,79.47,2.18
20120710,24.09,3.84,75.26,2.79
20120711,24.17,1.6,72.13,3.21
20120712,24.75,0.63,72.11,2.55
20120713,24.99,6.74,72.2,2.35
20120714,24.15,1.48,76.43,1.83
20120715,24.43,0.47,75.43,1.38
20120716,24.77,0.84,72.98,0.68
20120717,25.04,5.26,74.52,0.89
20120718,24.89,0.24,67.46,2.0
20120719,24.28,0.0,71.26,2.63
20120720,24.24,0.77,76.05,2.79
20120721,24.11,0.53,73.99,3.53
20120722,24.75,1.05,70.55,3.96
20120723,24.98,0.37,71.04,3.35
20120724,25.17,0.41,69.72,3.07
20120725,24.81,0.67,71.32,3.44
20120726,24.94,0.29,69.67,3.49
20120727,24.62,0.0,70.82,3.03
20120728,24.28,0.36,72.82,2.97
20120729,24.03,0.22,73.82,2.44
20120730,24.32,0.02,71.62,2.54
20120731,23.62,0.01,74.26,2.49
20120801,24.36,0.0,70.38,2.36
20120802,24.36,0.0,72.0,2.87
20120803,24.86,0.01,69.81,3.06
20120804,24.87,0.15,68.48,3.32
20120805,25.0,0.42,70.18,3.11
20120806,24.79,0.97,68.96,2.95
20120807,24.57,1.96,67.39,2.9
20120808,24.15,2.98,75.97,2.33
20120809,23.47,2.57,77.86,2.5
20120810,23.78,1.41,74.36,2.97
20120811,23.57,13.85,76.17,2.59
20120812,24.3,0.61,74.17,1.9
20120813,24.61,0.12,70.5,1.66
20120814,23.62,4.65,68.88,1.96
20120815,23.79,3.89,74.36,2.18
20120816,23.32,15.57,80.79,1.39
20120817,22.98,8.9,78.82,2.48
20120818,23.34,0.74,72.1,3.43
20120819,24.03,0.08,66.13,3.1
20120820,25.49,0.01,64.66,1.72
20120821,25.15,3.36,68.25,1.23
20120822,24.82,0.07,71.06,0.98
20120823,25.51,1.07,72.9,1.11
20120824,25.27,19.49,74.57,1.15
20120825,23.98,2.18,81.04,1.45
20120826,22.98,0.64,79.94,2.26
20120827,23.55,1.1,71.07,2.71
20120828,23.95,2.22,71.91,2.65
20120829,23.04,4.08,79.54,2.63
20120830,23.3,2.11,79.34,2.37
20120831,23.24,3.57,79.23,2.4
20120901,23.84,0.16,70.72,3.01
20120902,24.29,1.22,71.15,3.1
20120903,24.06,3.18,77.68,2.79
20120904,22.96,2.51,75.04,3.4
20120905,24.85,0.36,69.19,2.61
20120906,24.87,3.96,73.09,1.91
20120907,23.99,1.34,72.98,2.57
20120908,24.02,1.47,70.05,2.61
20120909,22.94,3.27,75.05,2.66
20120910,23.05,0.26,69.05,3.16
20120911,23.95,0.69,64.18,2.84
20120912,23.65,0.18,68.73,2.35
20120913,24.49,6.57,74.19,1.89
20120914,23.75,3.41,78.85,2.15
20120915,24.19,1.69,75.12,2.52
20120916,24.26,1.31,69.8,2.53
20120917,24.95,3.55,71.55,1.75
20120918,25.35,3.46,70.05,1.52
20120919,26.08,0.28,65.79,0.84
20120920,26.47,0.0,64.36,1.27
20120921,26.3,0.0,64.67,1.09
20120922,25.25,0.5,69.42,1.58
20120923,25.43,0.2,68.62,1.1
20120924,25.43,5.3,67.7,1.63
20120925,25.04,0.65,65.62,1.51
20120926,25.92,0.03,65.9,1.12
20120927,24.21,6.43,74.36,1.14
20120928,23.66,3.02,79.72,1.23
20120929,24.38,1.11,72.63,1.28
20120930,23.86,1.71,76.03,1.88
20121001,24.02,0.07,71.21,1.92
20121002,24.41,0.01,72.15,2.08
20121003,24.9,0.0,70.05,1.9
20121004,25.4,0.0,68.35,1.53
20121005,26.46,0.0,62.73,1.0
20121006,26.64,0.02,63.93,0.64
20121007,25.17,22.82,77.2,0.81
20121008,25.07,4.47,74.61,0.78
20121009,25.21,6.03,72.21,0.93
20121010,24.93,2.98,71.97,0.91
20121011,24.4,3.06,78.94,0.9
20121012,24.19,1.88,79.72,1.19
20121013,24.18,1.13,80.42,1.22
20121014,23.44,27.11,84.6,1.05
20121015,23.22,6.72,85.78,0.66
20121016,23.09,12.73,85.3,1.02
20121017,22.97,16.13,82.64,1.36
20121018,23.08,9.72,82.96,1.5
20121019,22.1,18.42,89.51,1.55
20121020,20.84,7.17,92.56,1.64
20121021,21.84,15.63,92.2,1.51
20121022,22.13,8.88,91.08,1.45
20121023,22.31,5.88,89.28,1.56
20121024,22.33,5.79,88.75,1.17
20121025,22.92,0.54,84.84,1.13
20121026,23.17,0.77,84.67,1.38
20121027,22.82,1.76,84.85,1.36
20121028,22.75,1.43,86.76,1.61
20121029,22.57,1.76,86.88,1.22
20121030,21.48,0.96,87.4,1.11
20121031,21.26,13.69,86.92,1.46
20121101,21.92,5.62,89.89,2.0
20121102,22.83,0.46,81.98,1.5
20121103,22.77,0.0,78.8,1.26
20121104,22.83,0.0,75.2,0.84
20121105,23.17,0.0,79.74,0.43
20121106,23.42,1.18,82.64,1.14
20121107,23.19,5.92,84.7,0.86
20121108,22.83,5.25,86.18,0.8
20121109,22.47,2.13,86.65,0.93
20121110,23.1,0.31,82.28,1.19
20121111,22.94,0.7,78.09,1.25
20121112,22.6,0.19,75.3,1.15
20121113,22.28,0.03,72.13,1.15
20121114,21.68,0.0,64.25,1.32
20121115,21.2,0.0,65.04,0.99
20121116,21.9,0.02,66.63,0.85
20121117,22.8,0.4,69.98,0.68
20121118,24.14,0.0,71.04,0.53
20121119,24.4,0.0,75.64,0.44
20121120,24.1,0.0,76.63,0.63
20121121,24.64,0.0,73.61,0.69
20121122,24.6,2.46,75.73,0.6
20121123,24.03,5.81,82.91,0.9
20121124,22.41,3.48,85.45,1.55
20121125,22.46,1.0,86.19,1.53
20121126,21.8,0.07,83.43,1.29
20121127,22.73,0.0,77.99,1.53
20121128,22.37,0.0,74.33,1.29
20121129,21.16,0.0,70.04,1.12
20121130,21.45,0.0,70.95,1.12
20121201,21.4,0.0,67.94,1.12
20121202,21.29,0.0,70.93,1.26
20121203,22.3,0.36,79.5,1.41
20121204,22.45,0.5,86.74,1.44
20121205,23.06,0.02,76.32,1.86
20121206,23.43,1.21,80.17,1.93
20121207,23.26,0.12,75.86,1.86
20121208,23.63,0.04,73.92,1.24
20121209,22.92,1.2,69.66,1.15
20121210,21.97,0.29,66.24,1.19
20121211,22.44,0.0,70.09,1.11
20121212,23.12,0.0,69.37,1.08
20121213,23.21,0.0,67.23,0.94
20121214,22.36,0.0,70.86,1.43
20121215,21.36,0.0,74.31,1.74
20121216,21.33,0.0,73.13,2.04
20121217,21.59,0.0,70.22,2.56
20121218,21.78,0.08,74.48,2.41
20121219,22.13,0.49,76.65,1.85
20121220,22.57,0.18,78.2,2.01
20121221,23.12,0.11,75.19,2.01
20121222,22.53,0.0,70.56,1.75
20121223,22.5,0.0,67.57,2.2
20121224,22.67,0.0,71.5,1.63
20121225,22.73,0.04,77.29,1.84
20121226,23.04,1.34,77.93,1.73
20121227,22.18,2.35,85.11,2.03
20121228,22.22,0.71,86.72,1.56
20121229,23.21,1.66,86.42,1.95
20121230,23.45,0.39,81.86,1.36
20121231,23.49,0.91,77.7,1.25
20130101,23.83,0.05,71.99,1.2
20130102,23.88,0.0,62.27,1.08
20130103,23.61,0.0,61.32,1.22
20130104,24.48,0.0,62.63,0.98
20130105,24.19,0.0,67.83,1.18
20130106,24.31,0.0,68.65,1.24
20130107,23.84,0.32,67.69,1.39
20130108,23.44,1.81,75.41,1.14
20130109,23.02,0.54,75.29,1.31
20130110,23.21,0.01,67.92,1.32
20130111,22.2,0.0,64.86,1.37
20130112,22.09,0.0,63.6,1.32
20130113,21.37,0.0,62.88,1.38
20130114,20.79,0.0,61.12,1.23
20130115,21.61,0.0,67.78,1.47
20130116,21.37,0.0,69.16,1.58
20130117,21.36,0.0,68.55,1.39
20130118,21.83,0.0,67.82,1.3
20130119,22.27,0.0,64.57,1.39
20130120,22.18,0.0,61.82,1.27
20130121,23.33,0.0,66.09,1.32
20130122,22.3,0.0,59.22,1.3
20130123,22.96,0.0,59.83,1.24
20130124,22.97,0.0,61.1,1.23
20130125,23.13,0.0,58.86,1.38
20130126,22.25,0.0,59.24,1.36
20130127,22.72,0.0,64.24,1.52
20130128,23.68,0.08,59.75,1.14
20130129,23.81,0.05,58.4,0.96
20130130,23.68,0.0,60.26,1.48
20130131,23.12,0.0,59.61,1.9
20130201,21.9,0.0,54.81,1.52
20130202,22.46,0.0,55.36,1.4
20130203,22.86,0.0,56.71,1.38
20130204,23.95,0.0,55.62,1.19
20130205,24.47,0.88,69.6,1.56
20130206,24.13,4.85,73.64,1.25
20130207,25.3,0.26,60.43,1.09
20130208,25.93,0.0,54.17,0.97
20130209,25.53,0.0,57.71,1.42
20130210,24.7,0.0,57.79,1.96
20130211,24.19,0.11,64.96,2.45
20130212,24.92,0.3,62.97,2.39
20130213,22.71,3.01,78.45,1.94
20130214,21.81,6.28,80.86,1.9
20130215,22.5,0.89,76.77,1.3
20130216,24.79,0.07,67.31,0.94
20130217,25.18,2.26,66.89,0.72
20130218,24.82,8.33,74.25,0.61
20130219,22.61,10.13,87.89,1.31
20130220,24.25,0.26,68.95,1.39
20130221,23.68,0.0,62.13,1.64
20130222,22.96,0.0,62.82,1.57
20130223,23.16,0.0,61.51,1.39
20130224,23.66,0.0,58.31,1.25
20130225,23.4,0.0,53.15,1.24
20130226,23.09,0.0,46.7,1.31
20130227,24.09,0.0,44.81,1.33
20130228,24.97,0.0,47.51,1.23
20130301,24.92,0.0,48.27,1.44
20130302,24.45,0.0,47.28,1.76
20130303,24.51,0.0,49.81,1.61
20130304,24.67,0.08,62.32,2.06
20130305,23.65,8.59,80.09,2.29
20130306,24.1,3.29,78.19,1.88
20130307,24.7,0.45,73.87,2.16
20130308,23.62,4.38,77.88,1.1
20130309,24.46,2.62,79.03,1.03
20130310,25.41,0.06,68.21,0.91
20130311,25.88,1.09,60.91,1.16
20130312,26.09,0.02,55.67,0.94
20130313,26.62,0.0,48.41,1.22
20130314,25.27,0.0,52.06,1.34
20130315,25.22,1.13,58.82,1.27
20130316,24.71,3.9,67.97,1.35
20130317,25.89,0.04,60.74,1.12
20130318,26.72,0.0,56.55,0.99
20130319,26.3,0.0,54.23,1.19
20130320,27.19,0.0,52.7,1.22
20130321,27.25,0.0,50.42,1.3
20130322,27.19,0.0,44.47,1.39
20130323,27.12,0.0,40.67,1.3
20130324,27.68,0.09,42.6,1.3
20130325,27.15,1.56,58.31,0.75
20130326,27.45,1.59,57.96,0.75
20130327,28.24,0.05,51.75,1.2
20130328,28.98,0.01,49.58,0.76
20130329,29.46,0.0,50.37,0.89
20130330,28.78,0.0,52.94,0.73
20130331,29.54,0.0,52.25,1.18
20130401,30.14,0.0,48.12,0.88
20130402,30.37,0.0,45.44,0.94
20130403,28.9,0.0,51.92,1.04
20130404,29.87,0.0,48.44,0.89
20130405,30.14,0.0,47.42,0.97
20130406,29.86,0.0,50.77,1.36
20130407,30.25,0.0,46.8,0.73
20130408,29.52,0.0,50.14,1.29
20130409,29.81,0.52,49.41,1.28
20130410,29.97,0.07,48.57,1.06
20130411,29.78,0.0,49.22,1.03
20130412,29.58,0.0,48.05,1.53
20130413,30.03,0.01,46.52,1.12
20130414,28.77,0.2,54.09,0.82
20130415,26.91,7.97,64.53,0.96
20130416,28.18,0.57,60.62,1.11
20130417,29.17,0.02,55.98,0.88
20130418,28.06,0.0,57.15,0.97
20130419,29.33,0.0,49.76,1.01
20130420,29.94,0.0,45.55,0.89
20130421,29.2,0.75,48.35,0.81
20130422,28.32,0.19,56.08,0.82
20130423,29.14,0.25,53.4,1.09
20130424,27.67,3.82,61.84,0.85
20130425,26.78,2.15,69.04,0.88
20130426,27.15,0.13,65.16,1.09
20130427,28.26,0.08,58.44,1.02
20130428,28.66,0.98,58.06,1.16
20130429,28.39,1.34,61.55,1.15
20130430,28.67,1.19,56.2,1.42
20130501,26.86,2.05,64.17,1.02
20130502,27.94,0.9,62.14,0.79
20130503,28.64,0.02,59.58,1.0
20130504,28.4,0.21,60.93,1.17
20130505,27.64,0.04,62.33,0.97
20130506,27.97,2.11,58.16,0.78
20130507,27.42,4.94,66.6,0.7
20130508,28.2,4.91,62.44,0.91
20130509,28.41,0.6,59.91,1.52
20130510,29.33,0.02,57.4,1.04
20130511,29.36,0.36,56.56,1.91
20130512,27.54,0.15,61.76,2.56
20130513,24.69,0.51,71.53,1.31
20130514,26.32,0.25,65.84,2.6
20130515,27.54,0.0,58.53,2.65
20130516,27.43,0.0,56.61,1.55
20130517,28.07,0.0,58.24,1.65
20130518,28.96,0.0,51.95,1.1
20130519,30.07,2.3,53.31,1.09
20130520,27.59,1.95,64.24,1.17
20130521,28.01,0.19,54.28,1.29
20130522,27.79,0.74,62.0,2.54
20130523,27.16,0.95,65.41,3.15
20130524,26.83,0.43,68.28,2.96
20130525,25.67,6.16,68.14,3.27
20130526,23.91,2.56,72.87,2.61
20130527,24.01,2.08,78.85,1.91
20130528,24.17,0.57,76.23,2.11
20130529,24.16,0.98,74.59,2.5
20130530,24.93,13.0,70.38,2.0
20130531,23.44,10.33,81.13,2.21
20130601,23.57,2.6,75.53,3.13
20130602,23.32,6.39,75.6,3.9
20130603,25.05,2.6,71.14,3.35
20130604,25.2,0.8,68.79,2.8
20130605,25.1,0.39,68.78,2.6
20130606,25.14,5.93,70.81,2.62
20130607,23.52,7.98,77.4,3.09
20130608,23.67,4.2,77.53,2.94
20130609,24.33,1.33,70.0,3.76
20130610,24.42,1.24,69.69,3.78
20130611,24.02,6.03,74.27,3.72
20130612,22.8,3.04,73.5,4.28
20130613,23.75,2.21,69.25,4.79
20130614,24.47,0.58,73.85,4.28
20130615,24.77,4.45,72.75,4.47
20130616,24.45,9.09,74.98,4.16
20130617,22.72,7.97,76.76,4.04
20130618,23.31,3.51,73.99,3.7
20130619,23.59,5.76,76.77,3.75
20130620,23.6,2.58,75.97,3.35
20130621,23.19,4.23,76.53,3.67
20130622,22.89,5.59,72.27,4.16
20130623,23.27,3.92,76.35,4.06
20130624,24.08,3.22,77.66,3.94
20130625,23.92,3.88,78.56,3.38
20130626,23.95,4.49,78.19,2.99
20130627,24.09,0.78,76.23,2.86
20130628,23.88,0.04,70.11,2.42
20130629,24.46,0.22,68.5,2.15
20130630,24.2,2.12,72.03,2.87
20130701,22.28,1.24,72.9,3.58
20130702,23.03,2.56,71.06,4.15
20130703,23.08,2.3,72.07,4.26
20130704,23.92,1.74,73.35,3.83
20130705,24.06,0.61,73.71,2.73
20130706,24.53,0.72,69.94,3.09
20130707,23.45,0.53,74.31,3.31
20130708,23.11,6.4,76.79,3.44
20130709,22.89,5.46,76.41,3.47
20130710,22.45,6.12,76.91,3.86
20130711,22.61,1.41,73.1,3.9
20130712,23.13,2.09,76.28,3.38
20130713,22.29,0.5,76.45,3.6
20130714,23.73,1.26,75.16,2.78
20130715,22.96,0.7,79.61,3.2
20130716,23.01,2.47,75.46,3.86
20130717,22.89,2.11,76.56,3.37
20130718,22.9,4.4,76.3,3.9
20130719,22.82,5.48,79.7,3.62
20130720,23.16,2.29,76.19,3.97
20130721,22.73,2.82,75.55,3.88
20130722,23.15,1.9,76.63,3.85
20130723,22.61,2.05,74.41,4.33
20130724,22.8,2.51,76.52,4.5
20130725,23.08,2.14,75.23,4.18
20130726,23.03,2.75,74.15,3.89
20130727,23.57,0.82,74.91,2.86
20130728,24.5,0.55,74.0,2.65
20130729,22.75,0.03,68.58,3.74
20130730,23.69,0.0,67.24,3.61
20130731,23.56,0.24,71.81,4.58
20130801,23.37,1.46,74.6,4.75
20130802,23.7,1.15,71.93,4.73
20130803,23.36,2.78,71.69,4.1
20130804,22.94,14.94,76.68,4.12
20130805,22.78,8.8,74.63,4.39
20130806,22.25,3.97,78.06,3.42
20130807,22.84,1.42,76.96,2.47
20130808,24.35,1.13,73.07,2.34
20130809,23.06,4.97,79.28,2.04
20130810,23.11,31.18,83.19,1.81
20130811,23.11,0.97,80.67,1.89
20130812,23.36,0.26,78.28,2.01
20130813,22.87,0.95,79.4,2.08
20130814,23.13,0.17,75.43,2.23
20130815,24.11,0.29,74.21,2.05
20130816,23.78,1.48,76.12,1.84
20130817,24.01,5.16,74.28,1.78
20130818,24.06,2.15,74.42,2.31
20130819,23.56,0.85,75.02,2.25
20130820,23.86,0.41,75.79,2.91
20130821,24.0,0.26,74.03,2.97
20130822,23.82,0.21,73.63,2.79
20130823,24.5,0.06,71.09,2.73
20130824,23.64,0.09,72.91,2.35
20130825,25.12,0.27,68.99,1.93
20130826,24.38,5.61,74.57,1.77
20130827,24.08,24.17,78.79,1.35
20130828,23.84,18.49,79.96,1.17
20130829,23.87,10.48,81.76,1.07
20130830,24.06,0.46,81.65,0.73
20130831,24.51,0.75,79.38,0.9
20130901,24.31,0.77,80.04,0.92
20130902,24.6,1.09,79.35,0.69
20130903,23.81,4.37,80.3,1.21
20130904,23.09,3.11,79.68,1.13
20130905,23.46,7.38,79.62,1.26
20130906,21.76,11.85,87.01,1.52
20130907,22.51,1.75,81.28,1.89
20130908,22.16,3.07,82.46,1.72
20130909,22.6,0.29,78.68,2.07
20130910,23.3,5.55,77.65,2.14
20130911,23.03,4.5,79.91,1.91
20130912,22.92,2.91,81.67,1.95
20130913,22.59,2.05,85.09,1.97
20130914,23.96,1.24,79.27,1.92
20130915,23.37,1.8,81.54,2.43
20130916,23.92,3.47,81.79,2.32
20130917,23.69,4.59,79.35,3.0
20130918,23.3,1.2,77.73,3.42
20130919,23.01,1.86,75.91,3.59
20130920,23.88,0.59,78.03,3.56
20130921,23.4,0.2,80.69,2.59
20130922,23.7,0.11,76.15,2.26
20130923,24.12,0.05,74.53,1.84
20130924,24.37,0.0,74.39,1.46
20130925,24.96,0.92,72.77,1.34
20130926,25.69,0.0,68.98,0.97
20130927,25.82,0.01,66.59,1.08
20130928,24.6,0.01,71.34,1.48
20130929,24.1,0.88,74.0,2.01
20130930,23.83,1.09,75.59,1.93
20131001,24.27,1.68,76.98,1.7
20131002,24.75,0.98,75.33,1.66
20131003,23.79,1.02,78.02,1.48
20131004,23.82,0.03,73.22,1.52
20131005,23.36,0.0,68.28,1.72
20131006,23.87,0.18,74.3,1.56
20131007,24.62,0.48,75.15,0.98
20131008,24.29,15.68,82.36,0.91
20131009,22.56,0.92,79.53,1.48
20131010,23.5,0.85,75.35,1.31
20131011,24.51,0.05,72.83,1.61
20131012,23.44,0.54,75.23,2.11
20131013,24.47,0.2,74.3,2.28
20131014,25.49,0.0,70.27,1.24
20131015,25.08,9.59,75.41,1.0
20131016,24.32,26.45,82.17,0.69
20131017,23.16,3.53,86.28,0.73
20131018,22.37,5.37,89.45,0.86
20131019,22.45,42.19,89.89,0.89
20131020,22.03,15.99,88.59,0.34
20131021,22.21,15.64,88.76,0.74
20131022,22.51,3.3,91.71,0.94
20131023,22.83,0.71,86.24,1.3
20131024,22.85,0.99,85.51,1.14
20131025,23.31,2.15,83.79,1.29
20131026,23.71,0.27,81.08,0.69
20131027,23.74,0.01,77.01,1.07
20131028,23.24,0.0,75.02,0.69
20131029,24.11,0.47,78.95,0.95
20131030,24.05,0.52,79.15,0.92
20131031,22.9,3.93,86.28,0.97
20131101,23.25,1.49,82.44,0.86
20131102,22.59,8.11,88.22,1.09
20131103,22.36,3.3,89.04,1.26
20131104,21.67,5.82,86.59,1.31
20131105,22.14,7.06,89.38,1.57
20131106,22.29,3.03,86.71,1.6
20131107,22.24,0.2,86.11,1.79
20131108,22.47,0.0,79.85,1.54
20131109,22.09,0.0,77.01,1.19
20131110,22.84,0.0,79.83,1.05
20131111,23.17,0.81,81.3,1.11
20131112,22.68,3.82,84.15,1.06
20131113,21.65,5.78,81.22,1.12
20131114,21.17,2.56,83.45,0.7
20131115,21.73,4.42,82.11,1.18
20131116,21.07,9.05,87.68,1.52
20131117,21.9,6.61,86.64,1.18
20131118,22.29,5.39,86.14,1.45
20131119,22.64,1.21,81.61,1.14
20131120,23.53,3.67,75.06,0.83
20131121,23.5,5.57,81.62,0.63
20131122,22.57,3.0,84.59,0.62
20131123,22.88,2.74,84.42,0.75
20131124,22.76,3.48,85.95,0.78
20131125,22.67,8.81,84.8,0.88
20131126,22.92,3.02,82.36,0.84
20131127,22.98,0.78,81.61,0.9
20131128,22.82,0.03,79.73,0.58
20131129,22.41,0.0,79.94,0.93
20131130,22.12,0.28,79.56,1.22
20131201,21.44,9.56,87.97,1.53
20131202,20.56,4.92,87.98,1.49
20131203,20.27,1.82,87.64,1.46
20131204,20.9,0.6,88.02,1.83
20131205,21.49,0.02,82.74,1.51
20131206,22.51,0.0,73.13,1.25
20131207,22.51,0.0,66.92,1.22
20131208,23.62,0.0,78.31,0.94
20131209,23.14,0.0,80.0,0.84
20131210,23.52,0.0,77.22,0.64
20131211,23.65,0.0,66.36,0.9
20131212,22.19,22.98,78.85,1.45
20131213,22.22,9.16,89.97,2.12
20131214,22.35,1.47,82.29,0.99
20131215,22.45,0.35,82.13,1.23
20131216,19.71,0.0,69.1,1.29
20131217,19.11,0.0,77.86,1.47
20131218,20.16,0.0,81.1,1.22
20131219,21.29,0.0,79.26,0.84
20131220,21.1,0.0,78.65,1.0
20131221,20.6,0.0,77.38,0.98
20131222,19.96,0.0,76.88,1.29
20131223,19.44,0.0,75.2,1.46
20131224,20.47,0.0,81.23,1.57
20131225,21.08,0.0,75.64,1.33
20131226,20.57,0.0,74.26,1.34
20131227,20.39,0.0,75.18,1.23
20131228,20.31,0.0,73.48,0.95
20131229,20.2,0.0,73.6,1.05
20131230,19.69,0.0,70.81,1.22
20131231,20.31,0.0,73.07,1.36
20140101,20.76,0.0,76.42,1.62
20140102,20.75,0.0,74.23,1.39
20140103,21.04,0.0,78.14,1.22
20140104,21.71,0.0,72.3,1.41
20140105,21.79,0.0,66.96,1.28
20140106,21.87,0.06,69.69,1.35
20140107,21.56,4.2,79.17,1.63
20140108,21.28,2.83,84.54,1.74
20140109,22.09,0.46,79.54,1.49
20140110,21.83,0.01,71.54,1.21
20140111,21.42,0.0,69.49,1.06
20140112,22.39,0.0,69.14,1.05
20140113,21.71,0.03,70.86,1.25
20140114,22.56,0.2,75.64,1.56
20140115,22.09,0.06,74.26,1.16
20140116,22.71,0.07,71.94,1.17
20140117,22.06,0.21,72.09,1.29
20140118,21.54,0.0,70.07,1.4
20140119,21.89,0.0,72.28,1.56
20140120,21.84,0.0,69.2,1.64
20140121,21.48,0.0,69.23,1.5
20140122,21.93,0.01,70.64,1.54
20140123,22.26,0.0,68.2,1.3
20140124,22.6,0.39,69.57,1.25
20140125,21.92,0.0,70.65,1.57
20140126,21.37,0.0,67.11,1.83
20140127,21.49,0.0,67.81,1.89
20140128,21.8,0.0,64.34,1.57
20140129,21.45,0.0,63.95,1.23
20140130,21.96,0.0,63.94,1.23
20140131,22.41,0.0,65.6,1.37
20140201,22.76,0.0,68.88,1.49
20140202,22.81,0.01,67.44,1.82
20140203,22.3,0.0,61.11,1.55
20140204,22.2,0.0,61.16,1.2
20140205,22.55,0.0,51.09,1.19
20140206,22.22,0.0,49.48,1.23
20140207,21.78,0.0,53.54,1.2
20140208,21.57,0.0,58.71,1.2
20140209,22.35,0.0,53.26,1.02
20140210,23.49,0.0,51.75,1.07
20140211,23.69,0.0,53.78,0.89
20140212,24.49,0.0,54.94,0.53
20140213,24.8,0.0,56.88,0.8
20140214,25.95,0.0,55.02,0.4
20140215,25.96,0.0,60.27,0.64
20140216,26.64,0.0,58.34,0.58
20140217,26.57,0.0,57.45,1.16
20140218,25.53,0.0,64.86,2.09
20140219,25.09,0.0,58.72,1.42
20140220,25.18,0.16,63.43,1.24
20140221,24.79,2.76,64.38,1.21
20140222,24.35,1.66,62.17,1.15
20140223,23.84,0.0,55.09,1.37
20140224,23.04,1.51,75.93,2.02
20140225,23.51,0.26,71.38,1.96
20140226,24.43,0.01,56.24,1.43
20140227,25.31,0.17,55.39,0.97
20140228,25.39,0.14,65.39,1.17
20140301,24.52,0.48,68.4,1.44
20140302,24.26,0.15,65.85,1.28
20140303,25.28,0.56,62.06,1.18
20140304,25.73,0.32,63.85,1.4
20140305,23.31,0.95,74.15,1.53
20140306,25.51,0.57,62.9,1.43
20140307,24.64,0.17,63.2,1.77
20140308,25.33,0.06,61.73,1.98
20140309,25.12,0.01,56.4,1.84
20140310,26.0,0.06,54.51,2.04
20140311,24.94,0.0,55.81,2.11
20140312,24.26,0.0,56.48,1.89
20140313,24.36,0.0,59.4,1.7
20140314,24.31,0.0,54.4,1.73
20140315,24.46,0.0,47.72,1.73
20140316,24.78,0.0,47.61,1.9
20140317,25.66,0.0,50.47,1.95
20140318,26.64,0.0,52.63,1.86
20140319,26.18,0.02,50.76,1.5
20140320,27.03,1.09,58.26,1.3
20140321,27.87,0.7,47.09,1.09
20140322,28.65,0.06,44.09,0.99
20140323,27.92,0.0,43.15,1.26
20140324,27.13,0.0,38.72,1.42
20140325,26.72,0.0,37.71,1.55
20140326,26.19,0.0,38.95,1.69
20140327,26.08,0.0,39.36,1.22
20140328,26.75,0.0,34.37,1.42
20140329,27.55,0.0,28.72,1.53
20140330,27.31,0.0,33.29,1.52
20140331,27.85,0.0,40.3,1.5
20140401,28.78,0.0,41.5,1.4
20140402,29.45,0.0,41.73,1.5
20140403,28.26,0.0,41.63,1.32
20140404,28.23,0.0,45.79,1.48
20140405,27.89,0.0,48.68,1.52
20140406,27.32,0.33,54.37,1.59
20140407,28.09,1.44,52.51,1.37
20140408,27.01,0.7,59.12,0.62
20140409,28.61,0.05,50.05,0.84
20140410,28.72,0.09,43.81,1.2
20140411,28.35,0.03,46.88,0.51
20140412,28.53,2.38,50.74,0.91
20140413,28.5,0.2,52.59,1.14
20140414,28.28,0.88,53.02,1.17
20140415,27.15,0.12,54.6,1.22
20140416,28.84,0.09,46.68,0.96
20140417,29.44,0.14,47.97,0.78
20140418,29.69,0.02,45.88,1.03
20140419,29.2,0.44,47.51,1.05
20140420,29.02,0.07,47.45,1.01
20140421,29.06,0.03,48.46,1.09
20140422,28.06,0.61,50.46,1.24
20140423,27.79,7.67,58.1,1.18
20140424,26.5,2.3,71.47,0.73
20140425,28.41,0.16,61.65,0.57
20140426,28.37,0.11,59.56,1.06
20140427,28.58,0.67,57.53,1.18
20140428,27.8,0.14,61.0,0.68
20140429,27.34,2.92,59.24,0.97
20140430,26.97,10.33,66.7,1.18
20140501,26.87,1.55,56.95,0.96
20140502,27.5,1.31,61.55,1.28
20140503,27.34,0.74,65.53,1.16
20140504,25.97,8.48,73.63,1.01
20140505,25.27,8.64,78.2,1.12
20140506,23.07,38.75,87.56,1.74
20140507,23.15,35.55,90.59,3.14
20140508,24.17,12.86,82.73,2.69
20140509,24.41,0.99,83.22,1.63
20140510,25.84,0.1,74.9,1.22
20140511,26.13,0.3,74.66,1.0
20140512,26.09,11.06,76.78,0.85
20140513,24.88,8.04,81.83,0.87
20140514,25.79,0.55,77.12,1.08
20140515,25.06,0.0,77.57,1.31
20140516,25.98,0.0,67.3,1.42
20140517,24.88,0.0,71.42,1.39
20140518,26.6,0.03,69.43,1.07
20140519,27.88,1.31,64.39,0.63
20140520,26.31,3.33,75.19,0.91
20140521,25.38,6.76,70.27,1.2
20140522,26.55,0.42,70.19,1.42
20140523,26.63,1.11,71.09,1.65
20140524,25.36,3.44,78.69,1.57
20140525,24.78,0.2,77.5,1.4
20140526,25.46,10.17,75.39,1.31
20140527,26.86,0.42,69.19,0.78
20140528,26.5,8.02,74.19,0.96
20140529,26.05,0.24,74.47,1.2
20140530,26.24,0.01,73.1,1.49
20140531,27.33,0.05,69.84,1.46
20140601,26.55,6.52,76.16,1.68
20140602,25.13,4.28,78.7,1.39
20140603,24.78,0.37,76.49,1.23
20140604,25.86,0.59,72.17,1.51
20140605,25.94,1.99,73.89,1.47
20140606,25.75,1.35,75.41,2.46
20140607,24.82,2.52,73.64,4.21
20140608,25.15,2.81,72.53,4.0
20140609,25.18,2.0,74.27,3.22
20140610,24.69,3.32,78.48,3.07
20140611,24.65,3.28,74.69,3.65
20140612,24.45,1.57,74.37,3.44
20140613,24.41,1.54,70.21,3.33
20140614,25.18,0.59,72.66,2.79
20140615,24.65,0.21,68.98,2.79
20140616,24.96,0.18,73.11,2.91
20140617,25.22,1.52,71.73,3.63
20140618,25.33,1.17,74.26,3.86
20140619,24.94,2.09,74.66,3.77
20140620,25.24,0.24,74.78,3.7
20140621,24.82,0.79,70.68,4.55
20140622,24.89,0.75,69.16,3.52
20140623,25.4,0.04,71.3,2.95
20140624,25.77,0.4,71.54,3.14
20140625,25.22,0.06,71.37,3.26
20140626,26.34,0.0,68.24,1.88
20140627,26.37,0.0,71.39,0.96
20140628,25.67,0.81,75.35,1.13
20140629,25.91,0.5,71.98,1.96
20140630,25.39,11.06,71.01,1.93
20140701,24.49,2.11,80.44,2.09
20140702,24.84,0.14,71.31,2.33
20140703,24.83,0.06,71.3,2.56
20140704,25.34,0.82,70.64,2.83
20140705,25.35,0.94,73.05,2.83
20140706,24.97,0.18,65.22,2.77
20140707,23.34,1.04,67.96,3.54
20140708,23.42,0.34,68.25,3.74
20140709,24.09,1.52,66.88,3.73
20140710,23.57,2.74,72.92,3.93
20140711,24.18,0.83,75.3,3.66
20140712,24.31,0.92,73.94,4.37
20140713,24.27,3.61,71.31,4.73
20140714,24.01,3.93,70.17,4.32
20140715,23.6,5.95,74.81,3.77
20140716,23.78,0.35,72.73,3.87
20140717,24.1,0.17,72.43,3.19
20140718,24.35,1.47,70.85,3.42
20140719,24.21,1.17,72.94,3.85
20140720,24.59,1.44,72.8,4.03
20140721,23.77,1.46,75.64,3.82
20140722,23.02,2.75,75.95,4.43
20140723,22.94,2.24,73.73,4.72
20140724,23.72,1.48,64.95,4.08
20140725,22.95,1.67,71.27,4.03
20140726,23.95,1.69,70.46,3.74
20140727,23.69,0.89,75.78,3.64
20140728,23.71,0.69,75.08,3.8
20140729,24.45,0.48,71.47,3.61
20140730,24.47,0.35,71.1,3.79
20140731,23.95,7.12,75.78,3.5
20140801,24.11,10.75,78.61,3.59
20140802,23.69,3.1,75.48,3.45
20140803,23.58,2.91,77.35,3.82
20140804,23.05,2.42,74.5,4.21
20140805,23.42,1.98,74.3,4.25
20140806,23.59,1.41,73.94,3.38
20140807,23.65,1.94,73.32,2.77
20140808,23.61,2.86,74.92,2.9
20140809,23.14,12.47,76.72,1.8
20140810,22.78,7.16,77.4,2.29
20140811,23.2,7.01,76.73,2.3
20140812,23.1,1.03,78.77,1.81
20140813,23.2,0.23,76.12,1.78
20140814,23.44,0.11,75.66,1.89
20140815,23.2,2.78,78.11,1.71
20140816,22.78,16.36,77.87,1.78
20140817,23.14,5.5,80.74,1.45
20140818,23.62,30.91,81.72,0.73
20140819,24.33,6.78,79.36,0.71
20140820,24.41,3.55,81.33,0.83
20140821,24.7,6.74,81.42,0.54
20140822,23.89,13.4,87.7,0.85
20140823,23.89,11.63,82.08,2.18
20140824,23.77,0.97,80.94,1.74
20140825,23.67,0.02,77.86,1.54
20140826,22.78,0.0,81.16,1.98
20140827,22.47,0.34,81.86,2.31
20140828,23.21,1.53,78.77,2.82
20140829,23.29,3.96,78.95,2.93
20140830,23.22,4.64,77.59,3.69
20140831,22.96,4.03,78.95,3.41
20140901,23.46,4.14,81.32,2.8
20140902,22.99,6.87,82.72,2.1
20140903,22.63,2.67,79.03,2.59
20140904,23.28,1.03,75.89,1.95
20140905,22.98,4.83,74.28,2.56
20140906,22.67,0.95,75.15,2.86
20140907,21.99,0.56,81.21,2.49
20140908,23.23,0.21,78.45,2.41
20140909,23.59,0.05,75.9,2.37
20140910,24.11,0.31,74.75,1.9
20140911,24.24,0.02,73.04,1.77
20140912,23.29,14.32,79.94,1.34
20140913,23.85,1.98,78.18,1.53
20140914,24.5,2.31,77.47,1.85
20140915,23.9,0.19,76.32,2.18
20140916,23.4,0.2,77.96,2.35
20140917,24.2,0.13,75.19,2.63
20140918,23.5,0.23,76.71,2.29
20140919,24.33,0.06,74.36,2.13
20140920,24.2,0.01,73.6,2.11
20140921,25.2,0.02,72.74,1.18
20140922,24.74,1.69,78.57,1.12
20140923,25.51,6.79,79.08,0.64
20140924,24.51,4.77,84.84,0.53
20140925,25.32,5.72,78.05,0.88
20140926,24.73,3.98,80.3,0.99
20140927,23.55,7.49,86.24,1.05
20140928,23.01,9.66,85.36,1.07
20140929,23.77,6.01,83.79,1.1
20140930,23.82,9.08,84.01,1.02
20141001,24.28,1.41,80.77,0.87
20141002,24.73,0.12,75.43,0.96
20141003,24.99,0.52,72.56,0.75
20141004,24.47,0.52,78.47,0.56
20141005,24.03,3.64,82.59,0.96
20141006,24.51,6.99,78.04,1.12
20141007,23.46,7.62,81.0,1.19
20141008,23.7,3.68,77.85,1.07
20141009,24.1,6.54,81.27,0.79
20141010,24.44,1.6,81.68,1.24
20141011,22.53,0.1,73.91,2.35
20141012,23.45,0.76,72.62,1.77
20141013,24.98,0.98,78.61,0.93
20141014,24.2,1.78,84.38,0.48
20141015,23.48,7.27,89.08,0.86
20141016,23.51,9.3,81.75,1.27
20141017,21.71,29.52,80.14,0.84
20141018,21.28,20.36,91.92,1.39
20141019,21.34,14.04,89.93,1.16
20141020,21.32,5.48,90.0,1.13
20141021,21.06,9.82,90.42,1.33
20141022,21.78,10.14,87.65,1.38
20141023,22.37,6.54,87.97,1.26
20141024,22.58,2.18,88.7,0.76
20141025,22.99,19.36,90.24,0.66
20141026,21.99,5.76,91.13,0.72
20141027,22.64,8.09,87.15,0.68
20141028,22.92,3.36,88.24,0.59
20141029,22.6,7.64,88.95,0.79
20141030,21.87,2.6,89.72,1.1
20141031,21.91,0.07,84.54,0.8
20141101,22.04,32.68,83.65,0.63
20141102,22.0,27.79,83.9,0.94
20141103,22.31,18.67,83.25,0.95
20141104,21.56,2.98,83.55,0.56
20141105,22.53,0.07,80.2,1.09
20141106,22.44,0.01,70.7,1.13
20141107,22.96,0.0,64.71,0.65
20141108,23.06,0.0,78.42,0.6
20141109,23.27,0.21,85.0,0.59
20141110,23.25,0.57,88.42,0.9
20141111,22.55,2.42,87.43,1.14
20141112,22.03,4.52,89.05,1.37
20141113,22.0,10.17,90.99,1.06
20141114,22.07,9.91,93.22,1.3
20141115,22.19,6.44,90.06,1.4
20141116,21.51,1.89,90.05,1.38
20141117,21.24,0.56,88.48,1.61
20141118,21.39,2.21,89.47,1.77
20141119,21.74,1.18,90.05,1.83
20141120,21.29,1.92,89.35,1.62
20141121,20.39,7.08,92.82,1.31
20141122,21.39,2.57,89.67,1.18
20141123,20.7,2.26,91.76,1.42
20141124,21.07,0.31,88.48,1.76
20141125,19.93,0.0,84.37,1.55
20141126,20.14,0.07,86.97,1.29
20141127,20.32,6.08,90.18,1.11
20141128,19.5,4.48,89.75,1.01
20141129,18.37,4.58,82.08,1.08
20141130,18.7,1.15,83.99,1.65
20141201,19.7,2.3,93.08,1.59
20141202,20.71,0.2,90.28,1.38
20141203,20.94,0.0,79.93,1.11
20141204,19.22,0.0,81.67,1.13
20141205,18.74,0.0,81.41,1.13
20141206,19.41,0.0,84.09,1.1
20141207,21.35,0.0,88.16,1.01
20141208,21.85,1.49,89.13,1.19
20141209,21.57,1.1,88.87,1.09
20141210,21.38,8.73,90.39,1.2
20141211,20.65,0.42,89.52,1.12
20141212,21.09,1.88,89.51,1.22
20141213,21.13,0.48,89.69,1.17
20141214,21.63,1.35,89.36,1.28
20141215,21.53,0.08,82.56,1.08
20141216,22.07,0.88,89.28,1.7
20141217,21.42,2.5,90.85,2.14
20141218,21.44,1.72,89.35,2.34
20141219,21.54,1.15,88.53,2.34
20141220,20.11,0.07,86.26,1.57
20141221,20.89,0.0,82.82,1.17
20141222,21.06,0.0,83.37,1.23
20141223,21.96,0.1,84.36,1.11
20141224,21.88,0.09,84.83,1.38
20141225,21.56,0.02,79.26,1.26
20141226,19.63,0.0,74.62,1.19
20141227,20.14,0.05,76.12,1.15
20141228,19.54,1.13,88.55,0.97
20141229,22.06,1.68,84.05,1.12
20141230,23.19,0.3,82.16,0.67
20141231,23.18,6.45,87.57,0.71
20150101,23.6,2.52,81.46,0.87
20150102,22.27,0.0,74.49,0.81
20150103,22.05,0.0,72.69,0.71
20150104,22.3,0.0,78.07,0.78
20150105,21.89,0.0,76.39,1.06
20150106,21.97,0.0,75.61,0.8
20150107,21.77,0.0,75.06,0.87
20150108,22.18,0.0,76.62,0.56
20150109,21.69,0.0,79.49,1.09
20150110,20.87,0.0,73.07,1.19
20150111,18.93,0.0,70.33,1.39
20150112,19.02,0.0,70.49,1.17
20150113,18.92,0.0,71.12,1.25
20150114,19.73,0.0,73.48,0.98
20150115,19.9,0.0,69.07,1.03
20150116,20.7,0.0,74.63,1.06
20150117,21.87,0.0,76.85,1.26
20150118,21.41,0.0,75.08,1.25
20150119,20.9,0.0,72.65,1.24
20150120,20.29,0.0,73.31,1.15
20150121,20.22,0.04,74.3,1.38
20150122,20.42,0.52,71.36,1.15
20150123,22.19,0.4,77.16,1.24
20150124,22.25,0.12,76.22,1.44
20150125,21.81,0.0,71.89,1.37
20150126,20.94,0.0,73.17,1.41
20150127,21.67,0.0,74.14,1.68
20150128,22.4,0.0,74.29,1.39
20150129,22.96,0.0,72.36,0.98
20150130,22.32,0.0,75.22,1.16
20150131,22.1,0.0,67.05,1.57
20150201,21.73,0.0,71.16,1.33
20150202,21.39,0.0,66.82,1.62
20150203,21.58,0.0,71.12,1.77
20150204,20.82,0.05,75.49,1.62
20150205,22.13,0.05,71.74,1.61
20150206,22.35,0.04,65.79,1.36
20150207,22.33,0.18,66.44,1.22
20150208,22.11,0.0,64.28,1.18
20150209,22.15,0.0,63.63,1.39
20150210,21.41,0.0,75.34,1.36
20150211,23.19,0.0,71.36,1.26
20150212,23.71,0.03,68.98,1.43
20150213,23.79,0.03,68.07,1.11
20150214,24.07,0.0,64.14,1.14
20150215,23.5,0.0,56.74,1.27
20150216,22.52,0.0,56.12,1.3
20150217,22.86,0.0,52.0,1.26
20150218,22.53,0.0,49.95,1.18
20150219,22.73,0.0,51.51,1.24
20150220,21.76,0.0,59.58,1.53
20150221,21.74,0.0,62.81,1.58
20150222,21.71,0.0,58.46,1.68
20150223,21.86,0.0,57.89,1.47
20150224,23.02,0.0,53.44,1.25
20150225,24.97,0.0,59.45,1.07
20150226,25.66,0.25,64.99,0.69
20150227,25.29,0.75,68.31,0.53
20150228,25.19,0.09,68.18,1.01
20150301,26.53,0.01,60.82,1.1
20150302,26.68,0.24,62.61,0.61
20150303,25.2,0.38,70.59,0.87
20150304,22.76,0.04,76.26,1.06
20150305,26.08,0.0,61.45,1.1
20150306,26.78,0.66,59.29,1.04
20150307,25.59,2.43,66.58,1.26
20150308,25.01,1.04,61.91,1.37
20150309,25.68,0.02,59.05,1.32
20150310,25.14,0.0,52.38,1.48
20150311,24.56,0.0,56.1,1.71
20150312,25.96,0.0,57.66,2.01
20150313,26.19,0.0,56.94,2.08
20150314,24.83,2.92,65.12,1.82
20150315,24.81,2.63,71.99,1.71
20150316,24.06,5.11,79.5,1.33
20150317,24.45,1.48,63.62,1.14
20150318,25.29,0.0,50.46,1.07
20150319,24.84,0.0,45.96,1.17
20150320,25.59,0.0,46.8,1.35
20150321,25.51,0.0,53.12,1.51
20150322,26.12,0.0,42.57,1.33
20150323,27.25,0.0,47.02,1.26
20150324,27.79,0.0,49.75,1.43
20150325,26.78,0.0,53.5,1.41
20150326,26.09,0.0,52.43,1.56
20150327,25.99,0.0,48.82,1.28
20150328,26.78,0.19,52.11,1.26
20150329,27.53,0.53,57.1,1.38
20150330,27.93,0.3,51.56,1.3
20150331,27.33,0.68,56.0,1.02
20150401,26.28,15.91,71.48,1.25
20150402,26.9,1.71,67.12,0.84
20150403,27.82,0.08,62.25,0.81
20150404,27.61,0.08,65.21,0.84
20150405,27.96,0.0,62.0,1.06
20150406,28.01,0.15,59.48,1.02
20150407,27.49,0.67,61.88,1.23
20150408,24.97,1.59,68.49,1.05
20150409,25.73,1.18,57.56,1.42
20150410,25.78,0.66,67.45,0.97
20150411,27.7,1.57,59.45,0.51
20150412,26.06,4.53,64.84,0.69
20150413,23.45,4.46,77.75,0.99
20150414,24.04,3.0,75.94,0.58
20150415,23.77,25.91,84.57,0.81
20150416,23.6,17.12,83.59,1.04
20150417,24.68,24.07,75.23,0.83
20150418,25.25,4.56,74.33,0.79
20150419,25.74,0.01,73.39,0.9
20150420,25.79,2.83,73.66,1.32
20150421,24.76,4.73,77.34,1.19
20150422,24.76,2.11,76.07,0.9
20150423,26.28,0.77,68.28,0.68
20150424,26.59,3.94,68.13,0.8
20150425,24.53,6.99,71.29,0.77
20150426,25.93,1.6,63.59,1.06
20150427,25.61,0.16,69.24,1.17
20150428,26.53,0.02,67.32,1.06
20150429,27.12,0.25,66.23,1.17
20150430,27.52,0.16,64.84,0.86
20150501,27.17,0.0,65.25,1.09
20150502,27.62,0.0,62.63,0.74
20150503,27.9,0.0,61.58,0.99
20150504,26.71,1.05,68.21,1.04
20150505,26.29,3.83,69.59,0.58
20150506,25.56,5.42,75.17,0.84
20150507,25.25,9.67,77.83,0.8
20150508,26.0,12.3,75.91,0.82
20150509,24.82,11.9,81.66,0.99
20150510,25.19,2.84,72.99,1.09
20150511,23.59,9.78,74.74,1.11
20150512,24.52,17.88,68.75,0.86
20150513,23.99,10.9,80.37,1.09
20150514,24.43,13.03,82.95,0.73
20150515,23.62,27.11,93.69,0.71
20150516,24.02,5.89,88.28,1.12
20150517,23.52,8.08,91.6,1.39
20150518,24.37,6.29,83.11,1.47
20150519,24.86,3.32,78.69,1.52
20150520,25.25,0.64,76.92,1.59
20150521,25.16,0.17,76.93,2.28
20150522,26.0,0.02,75.25,1.46
20150523,25.76,0.69,76.43,1.7
20150524,25.59,0.35,73.19,1.71
20150525,25.66,0.04,74.18,1.52
20150526,25.59,0.0,76.1,2.03
20150527,24.49,3.62,79.38,1.65
20150528,24.22,2.95,74.99,1.71
20150529,25.59,0.51,74.1,1.39
20150530,25.75,13.98,76.72,1.06
20150531,25.47,3.23,76.85,1.37
20150601,24.65,0.35,77.73,1.71
20150602,24.57,32.77,82.28,1.13
20150603,24.53,1.67,83.3,0.71
20150604,24.82,1.56,82.0,0.5
20150605,23.91,11.59,86.49,0.84
20150606,25.09,0.01,74.81,1.07
20150607,24.46,3.04,76.28,1.93
20150608,23.7,1.8,78.33,2.17
20150609,24.43,0.25,78.55,1.63
20150610,23.81,0.96,85.25,1.18
20150611,24.03,2.41,82.58,1.64
20150612,23.67,0.39,79.92,2.2
20150613,23.49,5.18,81.77,2.08
20150614,23.3,0.85,78.29,2.51
20150615,23.31,1.06,73.95,2.83
20150616,22.44,1.53,76.19,2.94
20150617,22.75,1.63,77.67,3.14
20150618,23.32,2.12,76.6,3.3
20150619,23.85,1.56,76.92,3.69
20150620,24.5,0.55,75.05,4.21
20150621,23.92,1.38,77.93,4.05
20150622,24.64,0.54,75.88,3.8
20150623,24.36,1.17,80.86,2.77
20150624,24.58,0.64,79.09,2.79
20150625,24.44,1.78,81.64,3.08
20150626,22.95,4.58,72.18,4.48
20150627,23.49,3.65,73.94,4.22
20150628,24.76,1.92,76.39,3.01
20150629,23.8,2.88,79.87,2.56
20150630,24.1,17.56,70.94,2.34
20150701,24.37,8.48,79.98,1.63
20150702,24.57,0.16,77.01,2.07
20150703,24.81,0.33,77.49,2.09
20150704,24.76,0.75,77.55,2.55
20150705,24.81,0.17,76.98,3.04
20150706,24.17,0.03,75.25,3.34
20150707,23.93,0.06,75.24,2.86
20150708,23.68,0.51,77.57,2.82
20150709,24.85,0.42,74.59,3.07
20150710,24.7,1.49,75.69,3.2
20150711,24.47,0.7,77.54,3.13
20150712,24.59,0.06,73.06,2.88
20150713,24.49,0.26,75.05,2.32
20150714,24.85,0.94,76.71,2.65
20150715,24.85,1.01,76.43,3.26
20150716,25.11,0.41,72.33,3.46
20150717,23.46,4.15,72.92,4.5
20150718,23.66,0.92,70.55,4.53
20150719,23.08,2.66,72.67,3.68
20150720,23.69,1.25,73.34,3.07
20150721,24.4,2.75,75.3,2.7
20150722,23.82,1.43,76.33,2.85
20150723,23.72,1.63,74.18,2.56
20150724,23.86,0.41,75.25,1.84
20150725,23.48,0.41,72.11,2.24
20150726,23.23,0.06,70.06,2.35
20150727,24.51,0.13,67.55,2.11
20150728,25.07,7.63,70.05,1.45
20150729,24.54,4.38,71.38,1.51
20150730,24.16,0.0,74.46,1.92
20150731,24.65,0.08,71.8,2.08
20150801,24.19,1.0,75.65,1.75
20150802,24.15,1.57,73.98,1.62
20150803,23.56,2.43,78.05,1.96
20150804,24.56,0.76,71.93,2.81
20150805,24.03,0.25,70.32,2.98
20150806,24.42,0.05,69.71,2.84
20150807,23.55,0.12,75.77,2.61
20150808,24.97,2.17,72.2,2.61
20150809,24.98,0.44,72.27,3.21
20150810,24.39,2.19,73.0,3.38
20150811,25.04,0.13,71.56,3.08
20150812,24.48,0.31,73.42,2.87
20150813,24.01,1.66,76.93,2.41
20150814,25.29,1.21,70.8,2.38
20150815,24.95,1.1,74.96,1.9
20150816,23.48,26.9,84.73,1.27
20150817,25.21,3.57,74.64,1.01
20150818,24.95,5.34,78.07,1.17
20150819,24.55,2.86,79.28,1.26
20150820,24.73,0.19,76.75,1.32
20150821,25.05,6.1,76.66,1.64
20150822,24.84,5.08,74.36,1.53
20150823,24.19,1.05,68.69,1.97
20150824,24.14,0.28,71.15,1.74
20150825,24.22,0.06,72.51,1.76
20150826,24.35,0.0,70.2,2.02
20150827,23.95,0.02,76.45,2.35
20150828,24.95,0.02,71.03,2.12
20150829,25.44,0.01,70.95,2.17
20150830,25.93,0.0,66.97,1.81
20150831,26.13,0.0,67.34,1.39
20150901,26.37,1.75,69.51,1.31
20150902,25.53,14.35,71.05,1.15
20150903,24.8,5.93,76.72,0.45
20150904,24.6,0.65,79.43,0.92
20150905,24.24,6.91,81.61,1.01
20150906,23.66,2.12,81.2,1.28
20150907,22.73,1.69,81.96,1.56
20150908,22.88,1.43,75.17,1.98
20150909,23.14,1.89,77.97,2.08
20150910,24.11,1.37,76.4,2.05
20150911,23.81,2.51,79.41,1.91
20150912,24.61,0.84,74.84,2.31
20150913,24.27,0.03,74.77,2.3
20150914,24.69,0.07,71.74,3.0
20150915,23.95,0.72,78.04,2.77
20150916,24.63,2.85,73.57,3.44
20150917,23.46,0.89,72.63,3.45
20150918,24.5,1.01,71.06,2.6
20150919,24.99,1.12,74.49,2.15
20150920,24.55,1.62,76.08,2.29
20150921,24.76,0.13,71.24,1.08
20150922,26.66,0.18,68.65,0.94
20150923,25.65,0.85,74.73,0.7
20150924,25.77,0.73,71.83,1.12
20150925,26.52,1.75,70.71,0.74
20150926,26.97,1.42,66.51,1.08
20150927,23.27,44.34,85.36,1.15
20150928,24.49,6.08,78.93,0.64
20150929,23.27,39.54,87.9,0.68
20150930,23.26,1.93,82.84,0.84
20151001,22.66,2.84,86.09,1.11
20151002,23.16,6.95,85.54,1.22
20151003,24.42,2.0,79.22,1.29
20151004,23.29,4.06,83.69,1.2
20151005,23.12,8.53,86.28,1.01
20151006,23.2,3.58,74.77,1.5
20151007,23.6,4.16,78.93,1.52
20151008,23.37,2.27,81.58,1.6
20151009,22.93,3.24,81.87,2.09
20151010,23.1,3.03,84.82,1.53
20151011,24.27,4.35,80.35,0.83
20151012,22.99,10.7,90.19,0.75
20151013,24.27,0.99,78.52,0.91
20151014,23.91,2.15,79.3,1.14
20151015,23.73,0.35,75.37,0.89
20151016,24.36,0.21,71.8,1.01
20151017,24.05,0.32,73.87,1.14
20151018,23.6,7.17,84.52,1.13
20151019,23.2,5.87,89.2,1.18
20151020,23.94,1.86,83.46,1.21
20151021,24.1,0.18,81.1,1.27
20151022,23.99,0.62,80.26,1.06
20151023,24.44,1.26,76.25,0.73
20151024,24.01,4.88,79.64,1.14
20151025,23.39,4.39,76.1,1.43
20151026,23.27,0.11,74.66,1.36
20151027,22.25,1.65,78.09,0.92
20151028,21.81,5.61,86.65,1.06
20151029,23.32,0.43,78.66,1.11
20151030,22.97,6.31,81.27,1.01
20151031,22.05,14.88,92.05,1.28
20151101,22.72,10.89,90.4,1.55
20151102,22.35,10.01,88.43,0.89
20151103,23.64,7.79,83.5,0.43
20151104,23.2,20.61,89.55,0.94
20151105,22.76,10.96,88.52,0.6
20151106,23.04,3.83,85.7,1.11
20151107,22.04,15.7,91.63,1.16
20151108,21.73,6.72,91.44,1.25
20151109,22.23,5.8,89.41,1.31
20151110,22.86,3.03,85.04,1.45
20151111,22.5,2.19,83.79,0.77
20151112,22.87,3.66,87.96,0.97
20151113,21.63,9.09,91.57,1.22
20151114,21.16,2.68,91.79,1.15
20151115,21.02,4.51,93.1,1.03
20151116,21.91,4.55,90.69,0.65
20151117,23.1,5.14,89.1,0.77
20151118,22.42,17.45,92.67,0.67
20151119,21.84,1.71,93.71,0.96
20151120,21.94,4.75,92.1,1.26
20151121,21.58,5.53,88.47,1.38
20151122,21.72,20.17,92.47,1.7
20151123,21.23,4.92,89.88,0.94
20151124,22.32,3.22,90.89,1.27
20151125,21.43,0.02,85.92,1.32
20151126,20.72,0.0,83.66,1.03
20151127,21.67,0.23,89.07,1.23
20151128,21.65,0.46,85.9,1.07
20151129,21.47,23.7,90.34,1.24
20151130,21.09,8.34,91.78,1.06
20151201,21.73,1.3,90.98,1.21
20151202,21.38,4.99,96.49,0.89
20151203,21.98,1.62,90.36,1.23
20151204,22.33,3.97,89.72,1.7
20151205,21.51,5.67,93.42,2.14
20151206,21.93,4.62,95.7,1.86
20151207,22.03,11.86,93.18,1.83
20151208,20.77,7.77,93.12,1.67
20151209,21.4,3.65,92.6,1.19
20151210,21.78,6.69,93.54,1.23
20151211,22.23,2.84,90.0,0.91
20151212,22.02,4.19,92.44,0.98
20151213,22.47,1.18,89.78,0.84
20151214,22.88,8.36,89.43,0.84
20151215,22.78,5.15,90.27,0.98
20151216,21.66,0.19,86.94,0.93
20151217,20.63,0.45,89.15,1.03
20151218,21.55,4.74,91.54,1.1
20151219,21.7,5.59,90.89,1.34
20151220,21.39,1.46,90.86,1.31
20151221,20.28,0.02,80.6,1.02
20151222,19.39,0.0,81.52,1.05
20151223,20.04,0.0,88.07,1.25
20151224,20.15,0.0,86.42,1.11
20151225,19.77,0.0,86.41,1.41
20151226,19.88,0.0,88.36,1.62
20151227,21.01,1.56,89.01,1.81
20151228,20.75,0.71,89.42,2.1
20151229,20.82,0.44,89.5,1.6
20151230,20.37,0.01,82.96,1.3
20151231,19.46,0.0,85.93,1.66
20160101,18.68,0.0,83.42,1.44
20160102,18.87,0.0,81.75,1.39
20160103,18.48,0.0,76.51,1.3
20160104,18.6,0.0,81.84,1.19
20160105,19.7,0.0,83.34,1.1
20160106,20.7,0.0,84.73,1.07
20160107,20.5,0.0,84.89,1.19
20160108,20.35,0.0,81.49,1.03
20160109,20.15,0.0,82.51,1.11
20160110,19.86,0.0,80.87,1.2
20160111,19.91,0.0,78.07,1.19
20160112,19.57,0.0,78.11,1.19
20160113,20.06,0.0,78.89,0.96
20160114,19.44,0.0,76.14,1.08
20160115,18.75,0.0,77.12,0.98
20160116,20.38,0.0,78.23,0.82
20160117,21.41,0.0,79.06,0.71
20160118,21.78,0.0,79.35,0.58
20160119,22.74,0.0,77.65,0.82
20160120,23.31,0.35,79.17,0.66
20160121,23.42,0.36,81.77,1.0
20160122,22.79,0.01,78.7,1.18
20160123,22.5,0.0,76.49,1.29
20160124,23.29,0.0,77.14,1.21
20160125,23.77,0.0,78.25,1.1
20160126,23.6,0.01,76.0,0.99
20160127,23.03,0.02,75.5,1.14
20160128,22.42,0.0,68.36,1.14
20160129,21.96,0.0,61.5,1.29
20160130,21.06,0.0,69.98,1.3
20160131,20.81,0.0,73.37,1.36
20160201,21.05,0.0,66.72,1.19
20160202,21.15,0.0,63.14,1.38
20160203,21.34,0.0,56.75,1.23
20160204,21.15,0.0,60.52,1.42
20160205,21.3,0.0,68.06,1.15
20160206,22.69,0.0,70.91,0.91
20160207,23.72,1.96,73.5,0.87
20160208,24.15,0.71,73.42,1.22
20160209,24.06,0.11,68.45,1.09
20160210,24.3,0.97,67.21,0.91
20160211,24.21,0.66,65.9,0.92
20160212,24.05,0.0,63.25,1.08
20160213,23.81,0.0,60.5,1.1
20160214,22.97,0.0,64.71,1.23
20160215,23.41,0.0,66.24,1.2
20160216,23.76,0.0,70.28,1.44
20160217,23.46,0.0,69.94,1.62
20160218,23.93,0.0,72.68,1.9
20160219,24.11,0.0,71.24,1.54
20160220,25.45,0.48,67.33,1.21
20160221,25.73,1.97,66.42,1.06
20160222,25.48,0.33,59.58,1.23
20160223,24.57,0.0,58.49,1.02
20160224,25.26,0.0,52.9,0.86
20160225,25.82,0.03,55.12,1.11
20160226,25.01,0.15,69.51,1.61
20160227,24.01,0.02,71.14,1.85
20160228,25.11,1.33,70.83,1.55
20160229,23.26,0.19,72.22,1.31
20160301,23.99,0.01,71.34,1.37
20160302,25.0,0.0,67.75,1.46
20160303,23.14,0.0,68.13,1.29
20160304,22.66,0.0,64.44,1.13
20160305,25.18,0.0,61.25,1.2
20160306,25.7,0.0,58.49,1.17
20160307,25.78,0.0,57.68,1.24
20160308,25.56,0.0,57.15,1.17
20160309,26.72,0.0,57.06,0.92
20160310,27.32,0.0,56.0,1.04
20160311,28.11,0.51,52.67,0.85
20160312,28.36,0.37,51.85,0.73
20160313,26.51,1.35,65.32,0.77
20160314,27.96,0.01,56.68,0.91
20160315,28.36,0.25,55.82,0.51
20160316,27.94,1.36,56.47,1.13
20160317,28.4,0.07,53.65,1.17
20160318,28.38,0.0,49.27,1.4
20160319,28.87,0.0,42.52,1.12
20160320,28.62,0.0,42.38,1.49
20160321,28.92,0.0,41.93,1.37
20160322,29.18,1.92,50.64,0.73
20160323,29.75,0.26,52.07,1.21
20160324,29.01,0.13,47.78,1.5
20160325,27.76,0.25,44.12,1.26
20160326,27.61,0.01,41.69,1.37
20160327,28.09,0.14,44.88,0.98
20160328,28.37,1.55,52.19,1.37
20160329,27.46,2.09,65.7,1.43
20160330,28.06,1.93,58.15,1.23
20160331,27.86,0.22,52.62,1.14
20160401,27.99,0.32,53.6,1.2
20160402,28.93,0.0,50.82,1.41
20160403,29.49,0.05,48.53,1.35
20160404,29.4,0.06,43.77,1.3
20160405,29.58,0.0,48.59,0.94
20160406,28.92,0.0,53.95,0.98
20160407,29.16,0.8,53.87,1.12
20160408,29.33,1.01,56.22,1.02
20160409,26.93,17.04,71.51,0.56
20160410,26.67,8.52,72.2,0.9
20160411,28.15,0.19,62.81,0.92
20160412,28.77,0.0,61.43,0.77
20160413,29.75,0.0,59.17,0.84
20160414,29.06,1.75,64.87,0.96
20160415,28.84,0.54,65.9,1.17
20160416,29.2,0.19,62.03,0.81
20160417,27.88,0.03,64.2,0.86
20160418,28.49,0.12,59.75,1.12
20160419,28.96,1.19,61.32,1.29
20160420,28.8,1.43,62.46,0.81
20160421,28.37,0.82,60.94,0.71
20160422,29.82,0.33,55.8,0.96
20160423,30.35,0.35,51.87,1.21
20160424,30.37,0.19,54.01,1.14
20160425,30.31,0.15,53.23,1.19
20160426,29.84,0.05,52.4,1.57
20160427,28.79,0.03,54.55,1.1
20160428,29.96,0.72,51.3,0.99
20160429,29.52,0.24,52.32,1.34
20160430,30.16,0.13,49.12,1.57
20160501,30.13,0.06,48.77,1.11
20160502,30.6,0.03,50.17,0.99
20160503,30.55,0.0,49.06,1.1
20160504,30.31,0.26,48.77,1.12
20160505,29.63,0.96,52.08,0.97
20160506,28.73,5.73,57.95,0.65
20160507,26.92,7.37,69.8,0.62
20160508,27.52,3.93,69.86,1.09
20160509,26.98,1.03,68.42,1.11
20160510,27.3,2.36,63.07,1.32
20160511,25.87,11.5,71.48,0.9
20160512,26.42,0.75,69.62,0.92
20160513,28.05,0.98,63.13,1.03
20160514,26.79,6.34,72.77,1.18
20160515,25.15,11.7,75.25,1.23
20160516,24.42,17.48,76.26,1.55
20160517,23.81,12.44,74.31,1.78
20160518,25.15,2.34,76.81,2.15
20160519,25.53,6.09,76.07,2.87
20160520,25.17,0.84,75.59,2.88
20160521,26.92,0.01,68.29,2.52
20160522,26.91,0.1,70.25,2.16
20160523,28.36,0.05,65.64,2.22
20160524,27.32,0.24,68.98,2.37
20160525,26.51,3.35,75.72,2.33
20160526,25.68,0.7,74.32,2.33
20160527,25.8,2.86,76.64,1.18
20160528,24.98,6.98,79.31,1.58
20160529,23.93,0.89,81.24,1.82
20160530,24.71,8.84,76.72,1.75
20160531,24.98,4.6,77.54,1.68
20160601,25.36,1.53,75.65,1.53
20160602,24.28,5.55,81.04,1.27
20160603,25.1,1.51,76.82,1.38
20160604,25.88,1.11,71.16,1.72
20160605,25.58,2.25,74.78,1.78
20160606,25.08,1.28,75.58,2.12
20160607,24.9,8.64,84.86,1.67
20160608,24.23,7.53,82.02,2.13
20160609,24.16,2.74,82.29,2.09
20160610,24.19,2.16,73.99,3.47
20160611,24.54,5.08,75.89,3.39
20160612,24.44,0.77,73.0,3.54
20160613,24.49,0.37,71.78,3.08
20160614,24.96,0.14,71.64,2.94
20160615,24.83,0.15,70.14,3.84
20160616,24.86,0.44,73.13,3.43
20160617,24.2,1.47,74.11,2.72
20160618,23.37,3.92,73.98,2.88
20160619,24.22,3.32,72.79,2.54
20160620,24.43,0.71,72.38,2.26
20160621,23.74,0.66,73.5,2.55
20160622,23.4,0.7,70.3,3.38
20160623,22.4,2.15,71.98,4.34
20160624,23.87,0.07,67.4,4.06
20160625,24.57,0.06,68.43,3.85
20160626,24.63,0.72,71.72,3.02
20160627,24.66,2.57,73.15,3.61
20160628,24.23,1.64,72.87,3.65
20160629,23.69,4.19,76.5,4.05
20160630,24.35,0.22,71.03,4.48
20160701,24.54,0.23,68.74,4.87
20160702,24.66,0.16,66.59,4.7
20160703,24.72,0.67,66.99,4.29
20160704,24.5,1.63,70.59,3.32
20160705,25.49,0.58,70.98,2.9
20160706,25.04,2.09,78.16,2.64
20160707,24.22,0.72,71.26,3.01
20160708,23.32,1.57,67.78,4.21
20160709,24.19,3.51,71.48,4.31
20160710,24.54,0.77,74.97,4.37
20160711,24.69,1.53,74.02,4.3
20160712,24.4,1.72,73.32,3.99
20160713,24.53,0.39,70.46,3.38
20160714,24.99,4.62,71.81,2.32
20160715,24.46,4.65,77.43,1.47
20160716,24.04,16.41,80.04,1.1
20160717,23.54,7.33,81.24,1.19
20160718,22.77,5.35,80.73,1.68
20160719,23.75,0.42,72.66,2.1
20160720,24.11,0.54,70.46,2.42
20160721,24.16,0.4,69.58,3.35
20160722,23.71,0.49,71.35,3.46
20160723,23.01,1.21,74.47,3.16
20160724,23.62,9.21,78.63,2.07
20160725,23.61,41.35,82.67,0.96
20160726,22.75,26.09,84.89,0.7
20160727,22.93,14.83,86.69,0.93
20160728,23.6,6.55,82.8,1.02
20160729,23.07,0.49,81.26,1.85
20160730,22.67,1.98,82.23,1.71
20160731,23.42,0.42,78.1,2.42
20160801,23.18,0.32,78.54,3.18
20160802,22.99,0.05,76.35,3.79
20160803,23.16,0.34,77.13,4.04
20160804,23.75,0.65,76.42,3.7
20160805,23.39,0.5,74.92,3.72
20160806,24.05,0.43,72.22,3.53
20160807,24.05,0.28,74.85,2.83
20160808,24.35,0.57,74.24,2.17
20160809,24.55,0.66,73.98,2.22
20160810,24.56,0.16,73.39,2.25
20160811,24.15,0.37,75.95,1.94
20160812,24.31,0.42,75.71,2.23
20160813,25.12,0.97,73.12,2.39
20160814,24.54,0.65,73.51,2.91
20160815,24.18,0.76,73.54,3.49
20160816,24.06,0.34,73.44,3.98
20160817,24.13,0.39,73.74,3.58
20160818,24.79,0.38,72.98,3.08
20160819,25.08,0.65,70.01,2.81
20160820,25.01,0.75,73.26,1.8
20160821,25.15,3.47,73.42,2.01
20160822,24.85,0.88,75.23,1.94
20160823,23.87,4.32,77.18,2.12
20160824,24.31,1.31,75.86,1.98
20160825,23.74,1.73,77.11,2.22
20160826,23.96,11.02,79.74,1.92
20160827,23.21,12.98,77.98,2.54
20160828,23.91,5.45,74.58,2.52
20160829,23.86,1.13,71.1,2.66
20160830,22.98,13.06,74.8,2.59
20160831,22.03,8.48,74.85,2.63
20160901,22.36,7.85,71.12,2.58
20160902,22.32,0.53,75.49,2.38
20160903,23.54,0.4,72.95,2.05
20160904,23.83,0.09,74.72,1.8
20160905,23.5,0.01,74.49,1.97
20160906,22.72,0.01,76.61,2.24
20160907,23.44,0.0,69.96,2.31
20160908,23.46,0.0,72.33,2.04
20160909,24.37,0.42,74.86,1.29
20160910,24.54,3.03,75.7,1.5
20160911,24.12,0.05,71.52,1.83
20160912,24.01,0.07,72.38,2.1
20160913,24.04,0.33,74.76,2.07
20160914,24.22,0.29,75.12,2.08
20160915,24.43,0.11,71.99,2.28
20160916,24.68,0.26,73.14,2.34
20160917,24.22,0.11,72.82,2.38
20160918,23.52,0.3,73.94,2.47
20160919,24.97,0.19,69.24,2.33
20160920,23.72,1.45,73.63,2.45
20160921,24.28,0.42,72.3,2.5
20160922,23.46,0.06,72.7,2.91
20160923,24.26,0.06,68.97,3.04
20160924,24.23,0.09,68.99,3.47
20160925,24.45,0.14,70.67,2.63
20160926,25.12,0.82,68.36,2.24
20160927,24.88,1.05,73.19,1.6
20160928,24.82,6.77,76.13,1.34
20160929,24.61,2.31,77.93,1.47
20160930,23.73,0.25,75.27,2.19
20161001,24.67,0.0,69.57,1.5
20161002,26.28,0.0,63.62,0.94
20161003,26.33,0.0,64.88,0.82
20161004,26.25,0.13,66.32,1.34
20161005,24.88,6.36,71.57,1.48
20161006,25.02,2.05,68.55,1.3
20161007,25.03,0.01,63.9,1.2
20161008,24.75,0.0,67.16,1.6
20161009,24.42,0.0,71.1,2.19
20161010,24.86,0.0,67.36,2.14
20161011,25.25,0.05,65.7,1.7
20161012,25.9,0.96,64.8,0.99
20161013,24.61,17.36,76.19,0.52
20161014,24.3,2.05,77.58,0.55
20161015,24.03,2.71,79.79,1.08
20161016,24.34,3.43,79.34,0.8
20161017,23.98,0.52,79.93,0.74
20161018,24.58,0.3,76.03,0.71
20161019,24.66,0.35,72.52,0.98
20161020,24.27,3.14,77.8,0.81
20161021,22.66,9.64,84.39,1.13
20161022,23.38,2.71,79.15,0.88
20161023,24.29,3.68,76.61,1.0
20161024,24.34,0.2,71.73,1.07
20161025,24.38,0.24,73.85,0.88
20161026,24.32,0.72,73.93,0.65
20161027,23.66,0.09,77.63,0.64
20161028,25.04,0.0,67.49,0.77
20161029,25.26,0.72,71.6,1.22
20161030,24.52,8.37,79.17,0.8
20161031,22.55,20.79,91.73,0.94
20161101,23.03,3.01,77.81,1.0
20161102,23.29,9.49,79.95,1.11
20161103,23.22,5.76,81.66,0.84
20161104,24.05,3.27,81.9,0.96
20161105,24.58,0.44,75.77,1.14
20161106,24.0,0.02,69.3,1.17
20161107,23.75,0.0,63.13,0.8
20161108,23.23,1.38,75.5,0.95
20161109,22.36,1.48,75.62,1.31
20161110,22.96,0.0,59.49,0.88
20161111,23.44,0.12,68.1,0.77
20161112,23.86,0.62,72.97,1.01
20161113,24.08,1.55,77.97,1.21
20161114,24.02,2.68,80.75,1.31
20161115,23.89,1.44,73.78,1.45
20161116,23.46,0.99,77.15,1.6
20161117,23.17,0.77,77.99,1.73
20161118,23.79,0.03,71.26,1.53
20161119,23.19,0.1,70.8,1.3
20161120,23.19,0.1,70.2,1.18
20161121,22.25,0.18,73.53,1.2
20161122,23.7,0.16,69.37,1.31
20161123,22.97,0.13,69.06,1.39
20161124,22.29,0.05,61.95,1.32
20161125,22.28,0.0,63.42,1.25
20161126,23.26,0.0,63.8,1.02
20161127,23.14,0.0,57.08,1.09
20161128,22.84,0.0,50.03,1.15
20161129,22.78,0.0,55.07,1.18
20161130,22.44,0.0,52.06,1.15
20161201,21.23,1.24,60.25,1.31
20161202,21.36,29.96,85.86,1.57
20161203,22.56,9.11,85.2,1.16
20161204,22.83,1.97,78.27,1.16
20161205,23.39,0.26,77.66,1.1
20161206,22.22,0.57,73.47,1.41
20161207,21.84,0.0,65.64,1.11
20161208,23.14,0.44,77.4,0.89
20161209,23.86,0.2,76.98,0.62
20161210,23.39,0.0,68.58,1.19
20161211,22.24,0.0,65.96,1.22
20161212,22.52,0.1,69.06,1.99
20161213,23.05,0.95,75.8,1.26
20161214,23.18,0.17,67.53,1.03
20161215,22.27,0.09,72.61,1.35
20161216,23.09,0.02,70.93,1.33
20161217,23.21,0.01,68.32,1.26
20161218,22.68,0.0,66.54,1.26
20161219,22.89,0.02,65.26,1.35
20161220,22.51,1.87,79.53,1.64
20161221,23.47,0.28,77.88,1.32
20161222,23.97,0.0,64.72,1.1
20161223,23.3,0.02,55.33,0.94
20161224,22.6,0.0,50.97,0.91
20161225,22.16,0.0,54.25,0.78
20161226,22.79,0.0,49.73,1.1
20161227,23.22,0.28,64.41,1.58
20161228,22.56,3.89,81.27,1.83
20161229,22.27,0.75,75.78,1.71
20161230,21.53,0.0,67.59,1.47
20161231,20.9,0.0,63.85,1.24
20170101,21.22,0.0,65.05,1.15
20170102,22.33,0.0,67.02,1.24
20170103,22.2,0.0,59.57,1.34
20170104,21.91,0.0,51.59,1.1
20170105,21.22,0.0,63.31,1.13
20170106,21.8,0.0,60.05,0.98
20170107,21.88,0.0,61.13,0.97
20170108,21.3,0.0,61.58,1.07
20170109,21.1,0.0,57.6,1.0
20170110,22.71,0.0,53.83,0.57
20170111,22.63,0.0,59.8,0.8
20170112,22.52,0.0,60.56,0.77
20170113,22.7,0.0,64.68,1.01
20170114,21.97,0.0,65.72,1.54
20170115,21.55,0.0,63.44,1.5
20170116,22.0,0.0,64.07,1.26
20170117,20.86,0.0,58.43,1.32
20170118,20.52,0.0,61.81,1.67
20170119,21.22,0.0,63.99,1.71
20170120,22.84,0.84,63.67,1.83
20170121,21.62,19.53,85.97,2.06
20170122,21.85,5.07,77.34,1.75
20170123,21.6,0.0,69.32,1.71
20170124,21.77,0.0,65.53,1.77
20170125,21.49,0.24,74.35,1.6
20170126,22.21,1.42,79.72,1.6
20170127,22.48,4.13,85.47,1.58
20170128,22.33,5.19,82.8,1.54
20170129,22.8,2.55,80.34,1.67
20170130,23.4,0.01,66.82,1.39
20170131,22.66,0.0,64.75,1.24
20170201,21.31,0.0,57.77,1.29
20170202,20.76,0.0,61.56,1.3
20170203,20.97,0.0,64.13,1.34
20170204,21.11,0.0,64.67,1.34
20170205,21.13,0.0,62.27,1.19
20170206,22.38,0.0,60.09,0.86
20170207,22.98,0.02,56.92,1.05
20170208,22.39,0.0,45.57,1.33
20170209,21.92,0.0,48.2,1.31
20170210,22.08,0.0,53.82,1.16
20170211,22.06,0.0,56.08,1.17
20170212,21.47,0.0,61.63,1.45
20170213,21.68,0.02,66.16,1.79
20170214,23.09,1.29,73.66,2.75
20170215,23.44,0.01,61.95,2.23
20170216,22.1,0.0,62.2,1.94
20170217,21.05,0.0,59.05,1.82
20170218,21.76,0.0,56.83,1.58
20170219,23.23,0.0,48.57,1.19
20170220,23.7,0.0,43.42,0.96
20170221,25.84,0.0,46.59,1.19
20170222,26.29,0.0,42.59,1.34
20170223,25.57,0.0,45.03,1.31
20170224,25.38,0.0,42.68,1.62
20170225,24.76,0.0,37.79,1.46
20170226,25.15,0.0,39.65,1.56
20170227,24.73,0.0,47.13,1.56
20170228,24.92,0.0,57.87,1.92
20170301,23.95,0.0,49.4,1.61
20170302,23.83,0.11,61.4,1.58
20170303,24.89,7.63,65.69,1.43
20170304,24.08,8.33,80.41,0.81
20170305,25.54,1.17,72.55,0.6
20170306,25.21,1.5,75.25,0.75
20170307,26.2,0.12,68.63,0.61
20170308,25.89,1.11,68.88,1.01
20170309,25.47,3.43,74.14,0.7
20170310,23.39,8.96,87.4,0.51
20170311,25.06,8.55,71.92,0.66
20170312,25.25,2.76,70.03,0.77
20170313,25.14,0.84,72.57,1.03
20170314,23.84,5.87,82.45,0.85
20170315,23.17,10.74,83.16,1.16
20170316,22.54,1.54,82.57,1.1
20170317,25.01,1.4,69.35,0.95
20170318,25.72,0.7,68.28,0.93
20170319,26.24,0.29,67.33,0.97
20170320,26.37,1.61,65.66,0.79
20170321,26.02,2.41,67.43,0.96
20170322,25.43,0.0,65.58,1.34
20170323,25.45,0.0,58.09,1.3
20170324,25.09,0.0,52.37,1.38
20170325,25.15,0.0,48.16,1.53
20170326,25.15,0.0,51.89,1.71
20170327,24.87,0.0,50.46,1.33
20170328,26.15,0.0,54.6,1.12
20170329,26.49,0.0,53.48,1.36
20170330,26.94,0.35,54.91,1.21
20170331,25.78,1.5,69.82,1.3
20170401,27.07,0.01,54.64,1.35
20170402,27.25,0.13,50.5,1.45
20170403,27.74,0.69,53.95,1.31
20170404,28.46,0.0,54.9,1.24
20170405,29.09,0.0,50.74,1.26
20170406,28.63,1.24,53.38,1.08
20170407,28.42,0.79,52.15,1.44
20170408,28.74,0.11,46.64,1.46
20170409,28.14,2.33,56.51,1.21
20170410,28.66,0.1,51.55,0.84
20170411,28.73,0.75,52.93,0.86
20170412,27.52,0.34,59.04,1.07
20170413,29.21,0.53,53.69,1.29
20170414,28.66,0.35,52.43,1.1
20170415,29.58,0.0,45.79,1.19
20170416,30.38,0.07,45.6,0.99
20170417,30.75,0.04,43.81,0.89
20170418,30.95,0.0,43.99,1.1
20170419,30.75,0.07,47.59,0.82
20170420,29.24,0.65,54.8,1.12
20170421,28.38,0.08,57.56,1.75
20170422,28.56,0.89,56.63,1.81
20170423,29.07,0.71,57.55,1.31
20170424,29.63,0.07,52.82,1.37
20170425,29.72,0.0,51.46,1.06
20170426,28.3,2.62,57.3,0.74
20170427,29.86,0.48,50.64,1.11
20170428,29.72,0.34,49.19,1.24
20170429,30.14,0.32,45.76,1.15
20170430,29.65,1.98,46.7,1.37
20170501,28.51,1.65,51.82,0.79
20170502,28.18,6.59,58.36,1.21
20170503,27.45,3.85,63.24,1.25
20170504,28.0,0.98,61.8,1.08
20170505,29.04,1.25,58.42,1.1
20170506,26.99,11.91,73.89,0.84
20170507,26.65,1.19,72.86,0.75
20170508,26.61,1.9,55.64,0.93
20170509,27.54,2.08,59.7,0.82
20170510,26.88,4.02,71.26,0.95
20170511,26.29,1.37,71.62,0.66
20170512,26.39,13.11,73.17,0.74
20170513,25.79,18.38,79.74,0.69
20170514,27.21,4.18,70.21,1.18
20170515,27.24,0.05,68.52,1.71
20170516,27.3,0.26,67.66,1.25
20170517,28.16,1.27,65.32,1.38
20170518,26.51,7.45,71.58,1.43
20170519,26.87,0.45,64.65,1.88
20170520,26.14,13.62,72.94,1.58
20170521,26.02,4.33,73.91,1.1
20170522,26.42,2.07,71.16,1.24
20170523,26.9,0.58,67.92,0.84
20170524,26.1,2.71,75.16,1.24
20170525,26.0,3.13,76.03,1.71
20170526,25.88,0.9,75.88,1.64
20170527,25.19,8.81,78.55,1.55
20170528,24.92,5.96,81.22,1.69
20170529,25.44,3.22,76.05,2.49
20170530,25.77,2.73,75.89,3.28
20170531,25.2,9.08,74.29,2.55
20170601,24.77,4.19,73.01,2.64
20170602,24.33,16.57,77.56,2.67
20170603,24.72,1.39,75.63,2.99
20170604,24.61,2.42,76.44,2.97
20170605,25.23,5.34,76.37,2.26
20170606,24.89,1.76,76.78,1.77
20170607,24.01,8.0,78.45,1.87
20170608,24.99,0.01,72.04,2.41
20170609,23.75,0.27,75.03,2.71
20170610,24.36,1.64,73.59,3.48
20170611,23.57,0.55,76.03,3.55
20170612,24.75,0.69,76.0,2.43
20170613,25.38,0.63,76.1,2.02
20170614,25.19,13.65,79.91,1.68
20170615,24.73,3.19,79.79,1.56
20170616,24.09,6.19,77.89,1.8
20170617,24.53,3.12,69.45,2.27
20170618,25.12,0.38,72.46,2.07
20170619,25.05,4.95,75.03,1.94
20170620,23.96,1.02,76.75,1.95
20170621,24.27,0.54,74.19,1.87
20170622,24.52,1.7,76.62,2.25
20170623,24.33,1.32,75.62,2.65
20170624,23.01,3.19,75.1,3.45
20170625,24.01,2.38,72.53,3.48
20170626,23.9,6.0,73.84,3.95
20170627,23.36,7.08,78.03,3.1
20170628,23.38,2.08,77.21,2.91
20170629,23.55,0.32,71.07,3.31
20170630,24.06,0.35,75.93,2.21
20170701,24.16,1.08,73.64,2.54
20170702,23.93,0.61,69.69,2.4
20170703,23.37,3.87,74.1,2.62
20170704,24.8,0.09,66.42,2.71
20170705,23.74,0.54,75.57,2.04
20170706,24.3,1.08,72.08,2.59
20170707,23.69,0.89,74.32,2.66
20170708,23.62,2.41,75.38,2.08
20170709,23.18,10.52,75.46,2.08
20170710,23.31,2.71,77.41,2.15
20170711,23.88,0.6,76.1,2.52
20170712,24.13,0.1,72.46,1.8
20170713,23.92,1.85,73.31,2.74
20170714,23.43,0.05,64.1,3.14
20170715,23.63,0.12,75.15,2.5
20170716,24.23,0.15,68.81,3.26
20170717,23.82,0.33,70.85,3.62
20170718,23.86,0.78,76.0,3.45
20170719,24.19,1.56,73.74,3.76
20170720,24.6,0.52,72.85,3.5
20170721,24.72,0.57,68.89,3.19
20170722,25.48,0.39,71.34,2.36
20170723,25.7,0.05,69.22,2.21
20170724,25.86,0.01,66.68,2.85
20170725,26.02,0.0,65.83,2.37
20170726,25.82,0.1,66.79,2.43
20170727,25.43,4.47,67.64,3.05
20170728,25.73,2.66,68.79,2.99
20170729,25.4,10.67,70.91,2.12
20170730,24.02,12.49,81.27,1.35
20170731,24.38,19.66,80.43,1.42
20170801,25.29,14.82,75.73,1.43
20170802,24.66,6.22,78.42,1.9
20170803,24.36,2.51,75.05,2.99
20170804,24.56,2.06,76.34,3.17
20170805,24.18,1.87,76.72,3.43
20170806,24.82,0.98,74.46,2.86
20170807,24.16,8.72,76.12,2.25
20170808,23.6,12.15,79.25,1.55
20170809,24.07,8.02,79.08,1.34
20170810,23.76,7.31,78.33,1.2
20170811,22.68,1.55,83.08,1.91
20170812,24.14,12.0,76.24,1.28
20170813,22.94,16.43,83.05,1.26
20170814,22.87,20.38,85.16,0.78
20170815,23.22,6.16,78.73,0.76
20170816,23.18,1.56,80.87,1.59
20170817,23.35,4.64,83.65,1.73
20170818,23.61,4.49,80.9,2.46
20170819,23.15,1.21,78.24,3.32
20170820,23.32,1.85,79.25,2.99
20170821,22.48,1.56,80.61,2.68
20170822,22.96,0.76,80.37,2.12
20170823,23.43,8.33,80.7,1.64
20170824,23.58,6.29,82.94,1.31
20170825,23.73,0.08,79.7,1.99
20170826,23.18,0.71,81.97,1.99
20170827,23.34,2.02,84.28,2.54
20170828,23.6,3.27,81.21,2.73
20170829,23.0,1.91,81.9,3.05
20170830,23.95,12.25,78.61,2.31
20170831,23.94,2.41,81.39,1.15
20170901,23.88,26.03,85.33,0.91
20170902,23.73,14.42,84.57,0.54
20170903,23.56,2.58,83.59,0.76
20170904,24.52,12.97,82.06,0.49
20170905,24.27,9.04,84.83,1.05
20170906,23.96,8.67,85.16,0.75
20170907,23.84,3.84,85.34,0.78
20170908,23.25,40.23,89.73,1.03
20170909,23.35,10.94,84.97,0.76
20170910,23.92,1.62,83.53,0.84
20170911,23.9,1.37,86.58,1.0
20170912,23.66,5.34,86.71,1.38
20170913,23.31,16.17,88.65,1.18
20170914,22.94,4.63,87.84,1.73
20170915,23.18,1.16,85.97,1.45
20170916,23.15,5.85,87.25,1.89
20170917,22.58,15.26,84.6,2.78
20170918,22.9,0.57,83.75,3.19
20170919,23.03,0.6,84.68,2.85
20170920,22.8,0.37,83.61,2.71
20170921,22.47,0.22,83.71,2.13
20170922,23.35,0.06,80.9,1.5
20170923,24.01,0.11,79.45,0.76
20170924,23.86,2.11,83.51,0.96
20170925,22.81,2.19,85.44,1.17
20170926,23.23,6.27,86.02,1.08
20170927,22.94,3.31,86.71,1.4
20170928,22.32,3.78,83.16,2.49
20170929,22.82,0.44,82.55,2.31
20170930,23.76,0.74,84.38,1.35
20171001,23.28,0.73,84.39,1.41
20171002,24.03,0.16,85.78,1.08
20171003,24.22,0.88,84.97,1.07
20171004,24.29,4.65,83.31,0.73
20171005,23.66,14.26,88.93,0.63
20171006,22.34,7.01,88.17,1.5
20171007,23.2,2.68,85.28,0.87
20171008,24.23,2.18,85.83,0.87
20171009,23.75,0.42,88.81,0.78
20171010,23.58,1.95,86.6,0.81
20171011,22.88,5.15,86.61,0.92
20171012,23.17,5.0,82.71,1.08
20171013,22.86,5.75,84.72,1.06
20171014,22.32,2.6,86.35,1.47
20171015,21.94,1.03,84.65,1.94
20171016,22.99,0.18,82.85,1.73
20171017,22.36,3.93,85.5,1.34
20171018,22.62,0.98,86.13,1.19
20171019,24.31,0.04,81.66,0.78
20171020,23.73,0.18,84.83,1.03
20171021,23.39,12.92,87.72,1.32
20171022,23.11,1.95,88.09,1.04
20171023,23.89,0.1,77.04,0.91
20171024,24.28,0.23,77.2,0.62
20171025,23.52,1.07,84.93,0.95
20171026,23.18,10.85,86.68,1.01
20171027,22.49,14.54,90.67,0.94
20171028,21.76,4.47,92.88,0.96
20171029,22.22,0.06,84.21,1.22
20171030,21.85,5.04,91.23,1.29
20171031,21.72,4.05,91.82,1.17
20171101,22.32,12.08,89.44,1.16
20171102,22.24,8.37,89.81,1.32
20171103,22.18,1.37,89.34,1.38
20171104,22.03,3.99,89.72,1.34
20171105,21.71,9.74,90.79,1.33
20171106,20.99,6.65,93.04,1.47
20171107,21.76,2.6,89.7,1.27
20171108,21.0,31.25,90.47,1.1
20171109,22.04,0.29,83.51,1.15
20171110,21.74,0.02,81.45,1.26
20171111,22.02,0.06,83.18,1.17
20171112,22.95,0.06,77.72,0.99
20171113,23.12,1.79,81.94,0.87
20171114,22.42,1.1,86.23,0.81
20171115,22.9,0.22,86.4,1.05
20171116,22.62,0.0,71.22,0.78
20171117,22.14,0.18,72.35,1.05
20171118,22.44,0.45,80.57,1.0
20171119,22.83,1.35,88.06,0.96
20171120,22.96,0.71,86.37,1.08
20171121,22.3,9.22,90.23,1.04
20171122,22.11,1.81,89.55,1.18
20171123,22.03,0.42,85.29,1.18
20171124,22.18,0.0,85.04,1.06
20171125,21.88,0.05,85.01,1.16
20171126,20.96,5.51,91.25,1.03
20171127,21.72,9.09,94.49,0.95
20171128,22.05,1.6,89.93,1.55
20171129,21.98,5.99,92.14,2.08
20171130,21.65,60.65,95.76,2.74
20171201,21.84,22.78,96.14,1.59
20171202,21.65,1.94,90.46,0.77
20171203,21.91,1.18,86.85,0.77
20171204,22.25,0.04,85.98,0.72
20171205,22.49,0.13,86.31,0.64
20171206,22.24,0.83,90.22,0.9
20171207,22.18,1.07,89.99,0.88
20171208,22.4,0.03,80.24,0.67
20171209,21.73,0.46,71.87,0.67
20171210,21.47,0.21,79.01,0.86
20171211,21.84,0.1,84.65,0.9
20171212,22.61,0.09,85.91,0.56
20171213,21.05,3.05,95.92,0.83
20171214,21.32,0.03,84.59,1.03
20171215,21.13,1.18,89.28,1.25
20171216,21.06,0.09,88.45,1.6
20171217,20.08,0.01,87.89,1.62
20171218,19.05,0.0,84.47,1.55
20171219,19.69,0.18,87.2,1.34
20171220,20.61,0.36,86.96,1.85
20171221,19.74,3.02,87.82,1.49
20171222,20.66,0.18,85.83,1.75
20171223,20.18,0.0,84.54,1.53
20171224,19.48,0.0,82.96,1.22
20171225,21.02,0.0,84.69,1.24
20171226,20.97,0.0,82.04,1.32
20171227,19.74,0.0,81.83,1.34
20171228,18.29,0.0,80.5,1.43
20171229,18.66,0.0,78.55,1.32
20171230,19.49,0.0,78.18,1.17
20171231,20.5,0.0,72.88,0.9
20180101,21.95,0.0,74.52,0.47
20180102,22.77,0.0,77.45,0.52
20180103,22.29,0.0,79.07,0.84
20180104,21.37,0.0,78.51,1.14
20180105,19.95,0.0,73.88,1.23
20180106,20.18,0.0,70.3,0.77
20180107,20.62,0.0,69.06,0.94
20180108,19.27,0.0,69.38,1.26
20180109,20.09,2.15,79.52,0.98
20180110,21.58,2.46,85.45,1.56
20180111,22.51,0.22,79.48,1.26
20180112,22.12,0.02,83.38,1.25
20180113,21.83,0.0,77.98,1.34
20180114,20.82,0.0,70.18,1.3
20180115,21.31,0.0,73.24,1.39
20180116,21.95,0.0,73.96,1.15
20180117,21.76,0.0,75.63,1.08
20180118,20.36,0.0,66.71,1.39
20180119,19.71,0.0,71.22,1.26
20180120,20.0,0.0,70.69,1.15
20180121,20.01,0.0,70.73,1.2
20180122,21.1,0.0,66.91,0.92
20180123,22.29,0.0,67.11,0.58
20180124,22.36,0.0,75.0,0.79
20180125,22.79,0.11,67.81,1.07
20180126,21.66,0.04,64.78,1.19
20180127,22.1,0.0,64.3,1.0
20180128,21.69,0.04,69.57,1.12
20180129,21.64,0.0,66.24,1.39
20180130,22.02,0.0,64.93,1.35
20180131,21.14,0.0,60.17,1.41
20180201,21.35,0.0,51.98,1.28
20180202,21.41,0.0,48.5,1.26
20180203,20.27,0.0,55.2,1.3
20180204,20.59,0.0,62.57,1.06
20180205,21.95,0.0,65.71,1.3
20180206,23.28,0.71,76.16,1.31
20180207,23.23,8.74,81.89,0.81
20180208,22.62,3.26,79.61,0.86
20180209,23.65,0.11,71.8,0.85
20180210,23.32,0.01,65.13,1.08
20180211,21.61,0.02,76.18,1.12
20180212,22.53,0.06,76.36,1.13
20180213,20.92,0.0,76.31,1.16
20180214,22.19,0.0,71.91,1.47
20180215,22.02,0.0,74.42,1.47
20180216,22.48,0.0,64.82,1.54
20180217,22.6,0.0,59.04,1.08
20180218,23.41,0.0,54.82,1.24
20180219,22.51,0.0,57.81,1.32
20180220,22.41,0.0,63.03,1.42
20180221,22.66,0.0,60.41,1.32
20180222,22.96,0.0,49.49,1.42
20180223,22.39,0.0,54.42,1.35
20180224,22.96,0.0,65.78,1.45
20180225,23.84,0.0,66.41,1.63
20180226,24.36,0.0,65.44,1.38
20180227,24.3,0.0,65.36,1.61
20180228,24.77,0.22,63.65,1.51
20180301,24.34,2.19,69.53,1.56
20180302,24.42,0.0,54.09,1.36
20180303,24.65,0.01,47.7,1.13
20180304,25.23,0.03,47.73,1.23
20180305,24.95,0.0,42.84,1.28
20180306,24.98,0.0,42.43,1.32
20180307,25.03,0.0,41.94,1.26
20180308,25.27,0.0,51.72,1.45
20180309,25.27,0.0,49.11,1.64
20180310,25.16,0.0,47.43,1.61
20180311,24.89,0.0,56.56,1.63
20180312,24.67,0.25,69.41,1.99
20180313,23.36,6.26,79.89,1.71
20180314,23.62,1.27,73.56,1.47
20180315,24.9,0.41,70.82,0.99
20180316,25.97,0.08,65.85,0.61
20180317,23.77,0.34,79.78,0.86
20180318,24.61,5.99,75.26,1.16
20180319,25.45,0.89,65.95,1.37
20180320,25.83,0.0,49.91,1.25
20180321,27.33,0.57,49.46,1.07
20180322,27.39,0.36,56.66,0.9
20180323,27.45,3.19,58.88,0.91
20180324,27.27,0.74,57.89,1.4
20180325,26.06,0.0,55.78,1.61
20180326,26.47,0.04,44.79,1.48
20180327,26.74,0.31,54.07,1.14
20180328,28.2,0.04,56.31,0.8
20180329,27.87,0.06,56.26,0.85
20180330,27.65,0.83,55.94,0.67
20180331,27.39,1.55,59.42,0.79
20180401,27.75,1.31,57.03,1.17
20180402,27.76,0.28,55.89,1.14
20180403,28.09,0.21,52.78,1.18
20180404,27.84,0.0,50.57,1.2
20180405,27.43,0.0,52.36,1.27
20180406,27.28,0.0,50.4,1.02
20180407,28.01,0.1,50.56,1.5
20180408,26.84,0.58,61.7,1.59
20180409,26.02,0.95,65.84,1.42
20180410,25.95,5.54,71.02,1.52
20180411,25.03,3.31,77.6,0.87
20180412,25.73,1.55,72.73,1.06
20180413,25.23,6.16,76.34,1.21
20180414,25.97,7.95,73.69,1.06
20180415,24.75,5.12,80.32,1.23
20180416,26.64,2.19,68.75,1.26
20180417,25.95,0.17,72.34,1.04
20180418,27.27,0.62,64.22,1.16
20180419,28.0,0.14,61.51,1.11
20180420,27.98,0.78,61.76,0.75
20180421,28.39,0.47,59.08,1.35
20180422,28.65,0.71,59.39,0.86
20180423,28.63,0.08,56.02,1.32
20180424,29.07,0.27,55.21,1.01
20180425,29.1,1.04,56.67,0.81
20180426,28.72,2.05,60.79,1.24
20180427,27.14,3.01,69.65,0.91
20180428,26.14,0.17,72.56,1.27
20180429,28.72,0.15,60.42,0.98
20180430,28.01,4.06,66.32,0.64
20180501,27.87,2.26,66.0,0.8
20180502,27.48,6.57,67.68,0.81
20180503,27.13,5.67,72.13,0.99
20180504,26.08,7.51,71.94,1.08
20180505,26.6,6.95,68.82,0.91
20180506,26.96,3.96,70.42,0.91
20180507,26.57,0.8,72.69,0.85
20180508,25.69,5.01,75.19,0.97
20180509,24.07,40.59,81.68,1.15
20180510,24.78,9.47,80.29,0.99
20180511,26.38,1.17,72.64,0.7
20180512,25.72,4.98,76.93,0.86
20180513,26.04,4.73,73.54,0.66
20180514,25.31,3.31,75.53,0.65
20180515,25.62,2.21,71.51,1.12
20180516,24.03,1.21,77.24,0.54
20180517,25.5,0.84,72.56,0.74
20180518,25.74,2.45,73.09,0.91
20180519,26.95,0.3,67.38,0.98
20180520,25.96,1.04,75.13,1.28
20180521,25.43,0.37,72.59,1.05
20180522,25.87,3.15,70.67,1.39
20180523,25.35,1.97,80.24,1.14
20180524,24.96,7.17,81.09,1.32
20180525,24.29,13.84,83.33,1.17
20180526,23.53,3.35,88.64,1.82
20180527,24.67,1.35,85.12,1.74
20180528,24.58,13.17,86.71,2.34
20180529,24.97,1.81,80.47,3.01
20180530,25.18,0.38,77.64,2.57
20180531,25.42,0.34,77.4,1.71
20180601,25.51,0.39,78.02,0.8
20180602,25.0,1.02,81.96,0.86
20180603,24.37,2.69,84.65,1.41
20180604,24.27,4.16,84.17,1.4
20180605,24.86,1.18,77.87,1.53
20180606,25.13,1.07,71.43,2.26
20180607,24.77,2.09,76.39,2.69
20180608,25.54,2.3,76.18,3.97
20180609,24.71,2.94,77.07,4.67
20180610,24.96,2.22,79.13,3.74
20180611,25.06,3.01,77.3,3.94
20180612,24.87,1.64,77.67,3.44
20180613,24.17,3.9,75.19,3.93
20180614,23.86,1.14,73.06,3.77
20180615,24.25,0.69,67.73,2.72
20180616,24.01,9.52,70.85,2.39
20180617,22.8,0.64,75.43,2.45
20180618,23.98,0.58,70.31,2.64
20180619,24.55,1.65,76.81,3.01
20180620,23.99,3.38,79.45,2.88
20180621,23.9,1.68,77.73,2.74
20180622,23.8,1.25,71.79,2.97
20180623,24.36,0.14,70.48,2.8
20180624,24.44,0.47,72.51,2.49
20180625,23.2,0.76,70.21,2.93
20180626,23.61,0.93,69.55,3.75
20180627,23.3,2.06,73.05,3.68
20180628,22.39,1.74,74.59,3.09
20180629,22.95,1.7,74.14,2.1
20180630,23.47,11.86,72.91,1.58
20180701,24.31,10.39,69.94,1.36
20180702,23.42,10.06,76.45,1.88
20180703,23.67,11.51,77.22,1.44
20180704,24.29,0.01,76.56,1.77
20180705,24.14,0.54,75.03,2.1
20180706,24.0,0.61,73.4,3.13
20180707,22.99,0.64,72.71,4.31
20180708,23.6,0.92,75.73,3.6
20180709,23.52,6.94,81.8,2.55
20180710,23.61,5.84,80.14,2.72
20180711,23.26,3.81,78.05,3.8
20180712,23.02,1.51,74.48,4.06
20180713,23.99,2.38,76.42,4.06
20180714,24.12,1.97,77.55,3.81
20180715,23.89,10.42,78.19,4.1
20180716,23.18,6.31,77.14,4.37
20180717,23.57,1.93,73.03,4.73
20180718,23.25,3.7,76.14,4.04
20180719,24.17,3.0,75.61,3.96
20180720,23.7,0.22,75.26,4.48
20180721,23.38,0.58,74.29,4.53
20180722,24.13,0.3,72.32,4.21
20180723,24.37,0.75,74.17,3.7
20180724,24.3,2.38,73.29,3.51
20180725,24.6,2.27,72.81,2.74
20180726,23.66,0.55,75.52,3.12
20180727,24.41,0.12,73.01,3.14
20180728,24.93,0.47,72.11,2.4
20180729,24.74,0.66,75.72,2.15
20180730,24.09,2.21,78.62,2.0
20180731,23.9,5.32,77.7,2.88
20180801,23.78,0.67,75.74,3.04
20180802,24.64,7.37,70.35,2.34
20180803,23.2,9.4,73.85,2.79
20180804,23.42,2.95,70.56,2.82
20180805,23.74,0.34,73.51,3.16
20180806,23.33,0.53,75.61,3.87
20180807,23.25,2.39,74.8,3.9
20180808,22.66,8.48,75.71,4.32
20180809,23.51,1.23,71.46,3.64
20180810,23.75,4.36,73.22,3.3
20180811,23.83,0.2,69.85,4.11
20180812,22.8,1.88,75.45,4.0
20180813,23.46,2.04,72.48,4.23
20180814,23.72,3.79,71.6,4.85
20180815,23.77,21.55,76.69,5.07
20180816,23.24,11.68,77.4,4.99
20180817,24.11,3.97,76.24,4.71
20180818,22.78,1.29,76.84,4.57
20180819,23.11,0.79,77.22,4.16
20180820,23.47,0.37,74.78,4.02
20180821,23.71,0.2,72.3,3.39
20180822,23.95,0.04,71.22,2.68
20180823,24.12,0.58,73.54,2.09
20180824,24.1,6.11,74.14,1.87
20180825,24.85,0.89,73.2,1.64
20180826,23.56,2.8,74.6,2.62
20180827,23.2,6.2,75.89,2.58
20180828,23.49,1.24,74.03,2.62
20180829,23.49,0.87,74.67,2.45
20180830,24.15,6.01,74.7,2.06
20180831,23.21,8.89,80.01,1.73
20180901,24.1,7.38,76.62,1.3
20180902,23.49,0.34,78.74,1.35
20180903,24.72,0.02,71.26,1.44
20180904,25.2,0.02,69.71,1.41
20180905,24.31,0.0,70.62,1.87
20180906,24.21,0.0,73.38,2.37
20180907,23.78,0.0,69.97,2.76
20180908,24.68,0.0,69.34,1.85
20180909,25.81,0.8,66.92,0.98
20180910,25.46,7.9,71.64,0.52
20180911,25.76,0.21,71.73,0.98
20180912,26.8,0.0,66.06,0.73
20180913,26.58,0.62,67.5,0.71
20180914,25.08,4.17,74.5,0.73
20180915,23.43,2.14,73.24,1.11
20180916,23.47,2.72,74.19,1.55
20180917,24.25,0.3,74.36,1.68
20180918,23.86,0.37,73.96,2.58
20180919,23.69,3.81,76.15,2.33
20180920,23.99,1.31,71.18,2.59
20180921,24.09,0.28,67.54,2.23
20180922,24.93,0.3,72.81,0.71
20180923,25.11,6.55,75.85,0.71
20180924,23.9,14.09,83.07,0.72
20180925,24.7,5.51,78.05,0.65
20180926,25.59,0.83,74.11,0.99
20180927,25.08,15.22,76.5,1.17
20180928,23.84,23.83,85.28,0.87
20180929,23.82,14.11,86.23,1.22
20180930,24.39,6.41,82.41,1.09
20181001,24.3,6.55,82.7,1.12
20181002,23.52,11.03,85.66,1.13
20181003,23.44,6.56,85.1,1.18
20181004,22.39,12.22,88.13,1.28
20181005,22.5,14.77,91.55,1.74
20181006,22.65,12.99,90.98,1.5
20181007,23.21,8.54,86.01,0.95
20181008,23.07,21.7,87.31,0.72
20181009,22.97,3.8,85.58,0.85
20181010,23.14,0.3,83.13,1.1
20181011,24.56,0.23,73.95,0.88
20181012,24.66,0.19,76.77,0.62
20181013,24.09,1.36,81.9,0.69
20181014,23.74,16.11,85.54,0.73
20181015,23.46,1.97,88.86,0.61
20181016,23.13,10.85,87.88,0.65
20181017,22.44,2.25,85.93,0.42
20181018,23.04,1.58,84.31,0.71
20181019,23.01,2.68,87.1,0.97
20181020,23.02,4.01,85.86,0.91
20181021,22.72,3.84,87.58,0.92
20181022,22.94,5.25,85.2,0.94
20181023,23.33,2.48,69.22,0.9
20181024,23.11,2.09,67.62,1.03
20181025,22.54,2.47,82.1,1.28
20181026,22.57,0.0,82.29,1.53
20181027,23.04,0.45,78.73,1.15
20181028,22.62,0.16,72.14,1.16
20181029,23.26,0.0,70.55,0.98
20181030,23.79,0.06,71.52,0.65
20181031,23.11,4.32,83.28,0.92
20181101,22.82,6.83,90.2,1.14
20181102,22.62,8.9,89.71,1.32
20181103,22.07,18.01,90.24,1.31
20181104,22.35,2.1,85.49,1.36
20181105,21.93,0.16,84.41,1.06
20181106,21.49,0.5,86.29,1.22
20181107,22.45,0.2,77.12,1.12
20181108,21.46,0.57,81.1,0.95
20181109,22.0,0.81,87.34,1.13
20181110,22.45,0.22,79.01,1.13
20181111,22.89,0.23,72.84,1.01
20181112,22.9,0.03,70.63,0.85
20181113,23.53,0.01,74.4,0.76
20181114,24.02,0.0,73.97,0.64
20181115,24.02,8.22,74.29,0.86
20181116,22.13,57.85,92.69,1.39
20181117,22.04,0.01,85.28,1.05
20181118,22.49,1.38,89.3,1.06
20181119,22.78,4.27,87.24,1.02
20181120,21.79,3.37,87.65,1.13
20181121,21.27,1.1,88.44,1.28
20181122,21.09,3.32,92.45,1.21
20181123,21.73,4.95,90.8,1.15
20181124,21.68,4.21,90.85,1.04
20181125,21.44,0.41,88.16,1.02
20181126,21.34,0.0,85.47,1.21
20181127,19.82,0.0,81.72,1.23
20181128,20.62,0.59,86.18,1.22
20181129,21.45,8.8,91.44,1.45
20181130,21.92,1.94,88.62,1.29
20181201,21.62,0.24,86.71,1.23
20181202,21.12,0.0,82.16,1.11
20181203,21.51,0.69,81.94,1.13
20181204,22.14,6.35,88.84,1.19
20181205,22.35,0.5,86.13,1.12
20181206,22.56,0.64,85.25,1.13
20181207,22.41,0.16,84.89,1.31
20181208,22.17,0.01,81.84,1.35
20181209,21.95,0.0,80.36,1.27
20181210,22.23,0.0,73.87,1.04
20181211,21.78,0.0,70.56,0.87
20181212,22.87,0.0,69.58,0.85
20181213,22.59,0.0,74.9,0.92
20181214,22.14,0.0,71.52,1.15
20181215,22.05,0.0,78.52,1.28
20181216,22.42,0.0,68.72,1.01
20181217,23.03,0.0,69.7,0.96
20181218,22.87,0.0,75.8,0.86
20181219,22.2,0.0,80.83,1.16
20181220,21.99,0.0,73.62,1.01
20181221,22.74,0.02,72.85,0.89
20181222,21.12,0.61,83.89,1.36
20181223,22.1,2.72,87.07,1.47
20181224,21.53,0.82,89.21,1.04
20181225,22.62,0.29,76.62,1.19
20181226,22.77,0.03,67.76,0.96
20181227,22.77,0.02,68.8,0.89
20181228,22.55,0.09,73.86,0.75
20181229,21.57,0.27,83.1,1.48
20181230,21.28,0.02,73.87,1.61
20181231,21.24,0.0,75.75,1.41
20190101,19.77,0.0,70.98,1.24
20190102,19.04,0.0,70.51,1.45
20190103,19.46,0.0,70.22,1.35
20190104,19.28,0.0,72.1,1.57
20190105,19.9,0.0,71.82,1.26
20190106,20.05,0.0,71.71,1.22
20190107,20.64,0.0,71.34,1.14
20190108,21.04,0.0,66.44,1.31
20190109,20.47,0.0,62.45,1.26
20190110,20.36,0.0,64.63,1.28
20190111,20.85,0.0,66.69,1.25
20190112,20.65,0.0,67.66,1.37
20190113,21.14,0.0,68.78,1.11
20190114,21.5,0.42,73.6,1.17
20190115,21.27,0.85,66.95,1.21
20190116,21.06,0.0,64.51,1.34
20190117,20.61,0.0,66.84,1.36
20190118,20.11,0.0,64.42,1.33
20190119,20.44,0.0,63.45,1.24
20190120,20.18,0.0,63.31,1.42
20190121,20.43,0.0,58.26,1.19
20190122,20.99,0.0,59.79,1.07
20190123,21.89,0.0,64.08,1.09
20190124,22.98,0.0,64.92,1.07
20190125,24.08,0.0,65.37,0.61
20190126,24.81,0.0,67.92,0.69
20190127,24.56,0.06,69.26,0.94
20190128,24.53,0.03,66.77,0.69
20190129,23.25,0.0,67.13,1.47
20190130,22.85,0.0,65.11,1.48
20190131,22.54,0.0,66.57,1.44
20190201,22.67,0.0,66.37,1.25
20190202,23.56,0.0,65.16,1.04
20190203,23.55,0.0,62.02,1.28
20190204,23.71,0.02,67.71,1.6
20190205,24.01,0.07,71.02,1.47
20190206,24.35,0.07,62.49,1.37
20190207,25.05,0.01,57.6,1.08
20190208,26.23,0.0,59.46,0.82
20190209,24.96,4.58,72.39,0.83
20190210,24.17,3.53,74.45,1.04
20190211,24.0,0.47,68.53,1.74
20190212,23.89,0.0,66.83,2.02
20190213,23.71,0.0,63.66,1.78
20190214,24.86,0.0,66.54,1.56
20190215,25.82,0.15,66.26,1.15
20190216,26.29,0.12,63.69,0.84
20190217,27.11,0.07,62.0,0.86
20190218,27.55,0.0,54.52,0.84
20190219,26.92,0.0,62.04,1.57
20190220,25.47,0.0,62.03,1.88
20190221,24.75,0.0,60.21,1.66
20190222,23.99,0.0,54.81,1.82
20190223,24.24,0.0,46.94,1.65
20190224,24.97,0.0,46.1,1.54
20190225,25.97,0.0,39.38,1.22
20190226,27.03,0.0,44.96,1.04
20190227,27.53,0.0,52.4,0.73
20190228,27.27,0.09,54.71,0.9
20190301,27.96,0.1,55.27,1.48
20190302,27.32,0.1,54.8,1.64
20190303,27.5,0.02,52.22,1.4
20190304,27.77,0.01,49.99,1.18
20190305,29.0,0.0,44.96,1.08
20190306,29.14,1.2,47.17,0.87
20190307,28.97,0.7,51.4,0.89
20190308,28.7,0.03,52.94,0.89
20190309,27.37,5.55,60.92,1.0
20190310,26.72,1.5,64.81,1.2
20190311,26.6,0.0,52.66,1.5
20190312,25.48,0.0,46.98,1.58
20190313,25.63,0.0,39.89,1.56
20190314,25.9,0.0,37.32,1.8
20190315,26.09,0.0,38.71,1.7
20190316,25.95,0.0,45.63,1.41
20190317,26.79,0.0,47.98,1.19
20190318,27.49,0.34,54.59,1.23
20190319,27.52,0.11,54.72,1.17
20190320,27.49,0.44,49.72,1.33
20190321,27.25,0.0,45.12,1.39
20190322,27.84,0.0,44.29,1.28
20190323,28.61,0.0,46.94,1.29
20190324,28.66,0.0,42.73,1.47
20190325,28.12,0.0,40.17,1.68
20190326,27.68,0.0,43.22,1.53
20190327,27.63,0.0,37.3,1.22
20190328,28.18,0.0,40.55,1.58
20190329,28.37,0.01,40.1,1.49
20190330,28.81,0.0,38.45,1.48
20190331,29.51,0.0,41.02,1.2
20190401,29.55,0.0,44.02,1.41
20190402,29.47,0.0,43.36,1.57
20190403,28.57,0.0,45.32,1.82
20190404,28.17,0.74,47.68,1.42
20190405,29.24,0.29,49.15,1.28
20190406,29.32,0.01,44.57,1.45
20190407,29.54,0.01,44.01,1.35
20190408,29.59,0.0,47.99,1.2
20190409,30.09,0.08,47.27,1.27
20190410,29.77,0.04,46.66,1.44
20190411,29.59,0.01,43.11,1.27
20190412,30.08,0.0,40.8,1.52
20190413,29.36,0.0,43.77,1.56
20190414,29.25,0.0,42.87,1.53
20190415,30.15,0.0,43.04,1.14
20190416,29.59,5.06,51.56,1.17
20190417,26.82,10.69,71.2,0.86
20190418,27.56,2.68,67.39,1.2
20190419,26.51,8.84,72.8,0.66
20190420,25.8,15.48,74.69,0.92
20190421,27.02,0.5,66.15,0.87
20190422,28.28,7.9,59.61,1.11
20190423,27.31,5.11,66.7,1.2
20190424,27.23,0.91,60.56,1.14
20190425,27.63,2.71,62.58,1.07
20190426,27.14,0.74,65.27,1.08
20190427,28.28,0.0,60.03,1.34
20190428,29.04,0.0,58.96,1.06
20190429,28.03,4.23,67.78,0.77
20190430,27.36,0.82,66.54,1.97
20190501,27.0,0.6,65.45,2.85
20190502,28.36,0.01,56.87,2.23
20190503,27.79,0.0,60.06,1.85
20190504,28.71,0.0,58.72,1.24
20190505,28.46,0.0,59.97,1.05
20190506,29.76,0.54,57.76,1.0
20190507,28.49,1.08,63.33,1.52
20190508,26.18,0.6,63.63,1.74
20190509,27.62,1.43,63.53,1.24
20190510,28.99,1.38,60.97,1.09
20190511,29.88,0.0,57.26,0.88
20190512,29.74,0.15,56.96,1.07
20190513,29.09,0.03,58.34,1.3
20190514,29.17,0.01,58.39,1.5
20190515,28.08,3.89,64.9,1.26
20190516,28.48,0.73,65.29,0.91
20190517,28.34,1.71,63.31,0.89
20190518,29.19,0.11,58.98,1.0
20190519,29.87,0.0,55.77,1.21
20190520,29.94,0.01,50.91,1.51
20190521,29.07,0.06,54.72,0.91
20190522,29.55,0.03,55.27,1.09
20190523,29.87,0.34,55.61,0.9
20190524,27.9,1.93,65.17,1.24
20190525,26.87,1.15,70.46,1.99
20190526,28.27,0.59,63.16,1.27
20190527,29.73,0.26,59.72,0.98
20190528,29.91,0.95,56.68,0.9
20190529,27.98,2.85,65.73,1.09
20190530,27.16,3.34,72.66,1.25
20190531,25.15,10.74,76.19,1.14
20190601,27.31,0.39,67.7,1.26
20190602,27.56,0.63,66.62,1.52
20190603,26.29,0.82,73.57,1.44
20190604,26.36,2.92,71.51,1.21
20190605,25.75,25.12,77.92,0.87
20190606,27.01,1.14,72.81,0.74
20190607,26.52,8.33,74.6,1.48
20190608,26.47,2.82,71.54,1.59
20190609,25.26,5.38,74.47,2.39
20190610,25.08,4.55,74.1,2.78
20190611,25.39,2.1,73.34,3.35
20190612,25.74,0.99,72.95,3.22
20190613,25.37,1.03,73.04,3.52
20190614,24.87,1.08,64.53,2.85
20190615,25.9,0.3,63.89,2.36
20190616,26.89,0.12,67.64,1.92
20190617,26.69,0.05,67.27,2.75
20190618,27.02,0.1,63.58,2.68
20190619,25.8,1.6,68.7,2.9
20190620,25.28,0.97,66.57,3.24
20190621,24.77,0.98,74.0,2.27
20190622,25.25,2.93,73.58,3.5
20190623,24.85,1.97,73.4,2.85
20190624,26.09,0.94,69.19,2.44
20190625,25.78,1.7,73.37,1.93
20190626,26.14,0.01,70.47,1.98
20190627,26.1,0.0,70.1,2.63
20190628,26.49,0.0,65.96,3.07
20190629,25.73,0.0,68.01,3.24
20190630,24.99,0.0,71.34,3.39
20190701,26.13,0.0,68.87,3.1
20190702,25.21,0.25,74.5,3.22
20190703,25.35,0.65,74.61,2.83
20190704,25.44,1.51,76.19,2.67
20190705,25.19,0.48,74.65,2.88
20190706,25.03,0.33,74.87,3.03
20190707,25.09,0.54,74.32,2.72
20190708,25.53,0.71,74.73,2.54
20190709,24.37,1.71,75.21,2.28
20190710,24.3,1.29,67.69,2.96
20190711,25.07,0.33,63.92,2.49
20190712,25.73,0.14,62.47,1.4
20190713,26.01,0.59,66.82,1.31
20190714,25.66,1.18,71.07,1.7
20190715,24.67,7.7,73.38,2.28
20190716,24.75,4.39,71.09,2.63
20190717,24.84,0.98,69.72,2.64
20190718,23.61,14.59,76.4,2.41
20190719,23.82,9.32,78.54,3.25
20190720,24.4,3.05,73.84,3.8
20190721,24.91,2.61,70.86,4.06
20190722,24.08,1.3,72.95,3.51
20190723,24.83,0.43,64.27,3.82
20190724,24.71,6.82,70.36,2.33
20190725,24.18,5.18,68.97,2.29
20190726,23.76,3.06,70.98,2.42
20190727,25.33,0.0,67.94,1.99
20190728,24.36,0.03,68.25,2.65
20190729,23.85,0.02,72.79,2.43
20190730,25.09,0.0,66.75,2.4
20190731,24.72,0.0,69.91,1.9
20190801,25.49,0.06,69.22,2.2
20190802,24.63,0.12,73.61,2.59
20190803,24.45,0.22,72.02,2.69
20190804,24.5,0.76,74.81,2.92
20190805,23.51,1.45,72.25,3.55
20190806,23.31,4.53,76.1,3.33
20190807,23.99,8.64,75.59,4.1
20190808,23.82,18.68,78.14,4.19
20190809,23.85,13.48,75.85,4.23
20190810,23.26,3.73,72.57,4.01
20190811,23.22,2.31,72.34,3.36
20190812,24.49,0.96,71.02,3.93
20190813,24.2,7.4,73.28,2.85
20190814,24.51,5.43,76.5,2.97
20190815,24.37,0.62,72.46,2.6
20190816,24.12,5.14,66.73,2.57
20190817,23.01,8.48,77.25,1.93
20190818,23.06,20.59,81.33,1.36
20190819,24.26,12.12,79.87,1.4
20190820,24.4,7.16,80.02,1.48
20190821,23.6,3.72,80.96,1.84
20190822,22.88,5.16,78.99,2.76
20190823,22.56,0.84,73.27,3.11
20190824,23.24,1.19,70.45,2.91
20190825,22.75,3.05,75.56,2.75
20190826,22.99,2.12,80.37,2.42
20190827,23.67,1.87,74.93,3.07
20190828,23.26,0.86,74.77,2.59
20190829,22.66,8.67,80.19,2.66
20190830,23.08,0.87,73.17,3.28
20190831,22.19,1.18,79.44,2.61
20190901,23.84,1.14,80.63,2.1
20190902,23.46,4.08,81.73,2.0
20190903,23.76,1.28,78.21,2.42
20190904,23.77,1.3,78.09,2.71
20190905,23.59,1.71,77.07,3.04
20190906,23.96,2.09,78.52,2.87
20190907,23.85,1.13,76.57,2.96
20190908,23.79,0.57,72.35,3.15
20190909,23.73,0.76,72.0,2.55
20190910,24.61,8.44,78.06,1.48
20190911,24.62,13.95,81.03,1.35
20190912,24.16,3.24,78.41,1.32
20190913,23.58,20.5,78.15,1.42
20190914,23.81,4.28,80.79,1.27
20190915,23.36,6.14,78.89,1.27
20190916,24.11,10.36,80.32,1.7
20190917,23.13,4.93,78.77,1.82
20190918,23.88,4.56,83.31,1.45
20190919,23.37,5.76,80.88,1.88
20190920,22.71,2.56,79.43,1.17
20190921,23.95,0.45,80.86,1.08
20190922,24.03,8.34,82.25,0.81
20190923,23.38,26.81,89.33,0.81
20190924,22.86,14.67,89.94,0.73
20190925,22.9,6.07,89.87,1.23
20190926,22.23,2.13,86.63,1.44
20190927,23.55,9.26,78.18,0.79
20190928,23.25,9.0,82.21,0.92
20190929,22.37,10.12,85.01,0.97
20190930,21.8,28.82,90.83,1.14
20191001,23.66,1.51,81.45,0.56
20191002,23.57,5.98,86.38,0.86
20191003,24.47,1.64,80.88,0.67
20191004,24.42,0.21,80.37,0.56
20191005,24.19,0.53,83.38,0.91
20191006,23.63,3.68,85.65,0.67
20191007,24.18,6.39,82.93,0.55
20191008,24.17,14.84,83.19,0.6
20191009,24.19,1.6,84.05,0.6
20191010,24.1,0.62,84.78,0.57
20191011,23.02,12.59,87.46,0.95
20191012,23.51,7.0,85.02,0.87
20191013,23.34,23.67,87.69,0.94
20191014,23.37,6.13,88.02,0.95
20191015,23.06,6.08,89.31,0.97
20191016,22.15,26.0,90.18,1.03
20191017,21.83,23.56,93.25,0.92
20191018,22.36,10.1,91.41,1.07
20191019,22.64,11.26,89.43,0.91
20191020,22.47,16.76,90.25,0.76
20191021,22.08,28.0,93.95,0.88
20191022,22.1,4.87,90.17,1.0
20191023,22.48,18.98,87.76,1.26
20191024,21.47,3.23,89.52,1.34
20191025,21.97,1.16,86.4,1.15
20191026,22.3,1.45,88.25,0.84
20191027,21.94,1.35,86.92,0.76
20191028,21.99,2.54,85.36,1.12
20191029,20.71,27.09,90.01,1.36
20191030,21.57,42.64,94.12,1.36
20191031,21.95,9.45,93.16,1.36
20191101,22.84,0.59,83.08,0.49
20191102,22.55,1.99,88.76,0.76
20191103,22.31,4.81,88.22,0.9
20191104,22.69,3.02,85.28,0.68
20191105,23.24,0.39,83.08,0.72
20191106,23.7,0.86,83.36,0.58
20191107,23.15,8.32,89.9,0.75
20191108,23.46,2.82,86.46,0.63
20191109,23.66,4.4,87.45,0.67
20191110,23.79,3.98,88.15,0.86
20191111,23.21,0.85,88.19,0.94
20191112,22.5,0.53,89.85,1.19
20191113,22.22,0.04,88.4,1.34
20191114,22.57,5.86,89.7,1.22
20191115,22.75,8.39,91.62,1.37
20191116,22.37,4.34,90.19,1.08
20191117,22.55,1.69,89.05,1.12
20191118,23.12,1.61,90.46,1.23
20191119,22.75,0.37,86.59,1.15
20191120,22.52,8.88,90.83,1.11
20191121,22.12,2.21,90.49,1.37
20191122,21.87,5.02,91.6,1.26
20191123,21.84,0.93,90.57,1.62
20191124,21.84,2.13,90.21,1.37
20191125,22.08,0.69,89.7,1.64
20191126,21.64,0.32,88.66,1.59
20191127,22.22,3.32,90.57,1.46
20191128,22.27,8.99,92.43,1.36
20191129,22.38,12.64,92.1,1.6
20191130,21.9,19.75,93.95,1.09
20191201,21.89,7.72,94.33,0.97
20191202,21.62,10.18,93.11,1.25
20191203,21.92,2.69,91.43,1.36
20191204,21.44,1.72,88.99,1.72
20191205,20.89,2.9,90.57,1.79
20191206,20.68,1.08,89.96,1.79
20191207,21.05,2.87,91.76,1.61
20191208,20.65,0.1,88.89,1.35
20191209,20.44,0.0,88.95,1.32
20191210,20.36,0.01,88.76,1.04
20191211,21.05,0.01,87.94,1.05
20191212,21.11,0.0,89.14,1.1
20191213,22.08,5.02,90.73,1.45
20191214,21.79,6.07,92.18,1.65
20191215,21.06,1.32,90.38,1.51
20191216,20.57,0.25,90.59,1.24
20191217,21.19,0.34,90.65,1.76
20191218,21.42,0.11,90.05,1.78
20191219,21.62,0.02,89.23,1.81
20191220,21.55,1.86,91.05,1.47
20191221,20.18,0.09,91.48,1.08
20191222,21.4,0.02,88.87,1.12
20191223,21.08,0.0,88.74,1.13
20191224,21.38,1.38,89.88,1.07
20191225,22.08,2.63,91.68,1.47
20191226,21.9,0.04,88.23,1.01
20191227,21.66,0.0,87.82,1.05
20191228,20.85,0.0,85.77,1.07
20191229,21.16,0.0,88.37,1.22
20191230,21.07,0.0,88.2,1.17
20191231,21.33,0.0,87.73,1.05
20200101,22.09,0.0,89.2,1.01
20200102,22.43,0.0,88.08,0.98
20200103,22.58,0.0,87.55,1.04
20200104,23.28,0.37,86.43,0.75
20200105,22.61,0.5,88.17,1.07
20200106,21.75,0.22,87.76,1.38
20200107,21.39,0.37,86.94,1.29
20200108,21.2,0.06,84.22,1.08
20200109,20.91,0.0,82.22,1.01
20200110,20.2,0.0,82.45,1.21
20200111,19.61,0.0,81.13,1.23
20200112,19.7,0.0,80.79,1.24
20200113,20.69,0.0,81.92,0.88
20200114,20.67,0.0,79.92,0.83
20200115,19.77,0.0,77.73,1.04
20200116,20.21,0.0,76.93,0.94
20200117,21.33,0.19,82.04,0.92
20200118,22.41,0.53,84.72,1.26
20200119,22.04,0.73,84.8,1.4
20200120,21.74,0.01,79.47,1.26
20200121,21.45,0.0,76.7,1.29
20200122,21.67,0.0,79.24,1.48
20200123,22.36,0.0,83.43,1.59
20200124,21.38,0.0,73.71,1.45
20200125,20.84,0.0,67.39,1.05
20200126,21.58,0.0,69.11,1.04
20200127,22.34,0.0,64.03,1.03
20200128,22.69,0.0,69.31,1.03
20200129,22.33,0.0,70.76,0.97
20200130,23.05,0.0,67.2,1.03
20200131,22.59,0.0,70.84,1.22
20200201,22.38,0.0,74.67,1.09
20200202,22.26,0.0,72.64,1.31
20200203,21.97,0.0,70.32,1.2
20200204,22.41,0.01,71.67,1.15
20200205,23.26,0.16,74.88,1.18
20200206,23.49,0.1,68.55,0.93
20200207,23.41,0.06,72.72,0.79
20200208,24.07,0.0,71.62,0.63
20200209,23.65,0.0,70.83,1.11
20200210,23.34,0.0,70.91,1.51
20200211,23.01,0.0,71.68,1.65
20200212,22.85,0.0,73.84,1.58
20200213,23.39,0.0,69.9,1.42
20200214,23.05,1.36,66.16,1.08
20200215,24.26,0.02,62.95,1.1
20200216,23.34,0.0,57.37,1.2
20200217,22.69,0.0,60.69,1.23
20200218,22.26,0.0,62.33,1.41
20200219,22.13,0.0,65.8,1.23
20200220,22.17,0.0,65.54,1.48
20200221,23.01,0.28,73.51,1.67
20200222,24.29,0.35,73.0,2.03
20200223,23.97,0.0,69.52,1.78
20200224,23.55,0.0,69.11,1.51
20200225,24.28,0.0,65.45,1.1
20200226,24.44,0.0,64.04,1.35
20200227,24.68,0.02,63.97,1.37
20200228,24.71,0.2,68.76,1.43
20200229,24.57,0.01,65.52,1.16
20200301,24.94,0.17,64.7,1.11
20200302,24.77,0.12,67.21,0.78
20200303,24.15,0.09,66.48,0.52
20200304,23.69,0.28,79.83,0.86
20200305,24.67,0.2,66.93,1.09
20200306,25.98,0.03,61.67,0.96
20200307,26.88,0.0,63.2,0.89
20200308,27.13,0.04,58.95,0.87
20200309,27.09,0.07,62.75,0.95
20200310,26.47,0.0,53.76,1.18
20200311,26.5,0.48,56.35,0.92
20200312,26.41,0.29,55.37,1.25
20200313,26.05,0.0,52.07,1.28
20200314,26.53,0.0,56.0,1.26
20200315,26.56,0.0,55.92,1.42
20200316,26.81,0.0,59.68,1.66
20200317,26.46,0.0,58.97,1.83
20200318,26.96,0.0,61.33,1.48
20200319,28.02,0.0,48.44,1.17
20200320,28.32,0.0,49.35,1.05
20200321,27.26,1.34,59.11,0.79
20200322,27.84,0.61,55.69,0.99
20200323,27.38,0.86,58.38,1.16
20200324,27.47,0.02,51.77,1.31
20200325,26.97,0.69,56.3,1.31
20200326,26.93,0.0,52.29,1.52
20200327,26.97,0.0,53.68,1.59
20200328,27.74,0.0,47.58,1.25
20200329,27.69,0.01,44.62,1.33
20200330,27.67,0.61,39.12,1.4
20200331,27.37,0.36,42.72,1.56
20200401,27.41,0.0,44.41,1.58
20200402,27.77,0.0,46.44,1.56
20200403,28.04,0.0,44.52,1.43
20200404,28.7,0.02,43.15,1.19
20200405,25.67,3.21,70.23,1.0
20200406,27.92,0.18,58.28,1.06
20200407,26.09,0.17,64.08,0.67
20200408,26.61,1.67,61.01,0.75
20200409,27.21,3.6,61.08,1.19
20200410,26.68,1.93,64.39,1.46
20200411,26.74,0.6,62.27,1.47
20200412,27.51,0.01,55.21,1.36
20200413,27.88,0.0,49.7,1.34
20200414,28.46,0.04,48.16,1.59
20200415,28.53,0.2,50.97,1.42
20200416,28.89,0.08,51.47,1.18
20200417,29.51,0.04,50.11,1.42
20200418,29.7,0.09,49.95,1.35
20200419,28.56,0.6,55.48,1.46
20200420,28.06,0.37,59.76,1.63
20200421,29.27,0.86,52.68,1.19
20200422,29.18,0.91,54.72,1.06
20200423,29.42,0.63,55.77,1.07
20200424,28.69,6.28,61.08,1.01
20200425,27.85,6.04,69.33,1.08
20200426,25.62,7.77,83.02,0.77
20200427,27.17,1.58,72.24,0.75
20200428,25.89,1.22,77.26,1.18
20200429,25.99,2.65,73.26,0.92
20200430,26.83,0.09,64.74,0.73
20200501,28.38,0.0,60.31,1.05
20200502,28.96,0.94,58.27,1.32
20200503,27.88,1.9,61.69,1.22
20200504,27.94,0.82,62.49,1.1
20200505,28.25,0.1,58.52,1.18
20200506,27.66,2.3,65.82,0.92
20200507,28.02,7.88,67.65,0.95
20200508,26.87,4.05,73.58,0.77
20200509,27.61,0.26,68.82,1.33
20200510,27.8,0.46,67.1,0.8
20200511,26.5,2.06,72.71,0.99
20200512,27.04,1.31,66.79,1.16
20200513,26.51,3.45,66.5,0.88
20200514,27.38,0.76,67.54,0.78
20200515,26.44,2.69,76.5,0.72
20200516,26.59,0.93,69.7,1.54
20200517,26.64,3.29,71.27,2.16
20200518,25.52,3.38,71.02,3.67
20200519,26.06,0.32,70.15,3.81
20200520,27.87,0.93,64.09,3.09
20200521,25.22,3.64,71.79,2.26
20200522,27.34,1.11,63.57,2.03
20200523,28.55,0.34,62.96,1.36
20200524,28.95,0.21,62.77,1.94
20200525,27.77,2.79,70.07,1.68
20200526,27.48,0.76,69.94,1.23
20200527,26.89,2.34,70.17,1.93
20200528,26.29,27.49,76.09,1.64
20200529,26.3,1.54,68.94,1.38
20200530,26.47,0.46,70.55,1.22
20200531,25.95,1.45,74.83,1.61
20200601,25.16,3.93,79.62,1.56
20200602,24.76,9.67,76.97,2.03
20200603,24.78,0.52,75.5,1.84
20200604,24.66,1.7,73.22,2.52
20200605,24.42,5.09,78.37,2.25
20200606,25.29,2.7,72.97,2.5
20200607,24.19,6.0,76.65,2.28
20200608,25.36,0.03,67.52,2.87
20200609,24.88,0.16,68.2,2.59
20200610,24.84,0.4,67.62,3.08
20200611,24.41,2.54,68.83,3.09
20200612,24.15,0.74,69.33,3.74
20200613,25.14,1.78,67.6,3.2
20200614,25.26,0.23,68.42,3.73
20200615,26.06,0.15,69.81,2.75
20200616,25.89,0.91,73.12,2.41
20200617,25.08,0.99,70.48,2.72
20200618,24.65,0.48,69.01,2.81
20200619,24.37,0.66,71.9,2.41
20200620,25.17,0.22,67.03,2.68
20200621,22.92,1.06,76.85,2.73
20200622,25.06,2.7,67.93,3.19
20200623,25.36,0.1,64.09,2.5
20200624,24.53,3.42,68.87,1.77
20200625,23.6,21.88,78.31,1.21
20200626,24.41,7.94,80.77,1.35
20200627,25.03,1.07,75.19,2.11
20200628,25.04,12.0,79.77,2.21
20200629,24.79,6.25,80.1,1.87
20200630,24.93,0.91,74.38,2.34
20200701,23.92,0.11,71.97,2.3
20200702,24.26,1.62,72.98,2.46
20200703,22.75,1.69,74.85,2.99
20200704,23.02,2.77,76.48,3.15
20200705,23.72,0.42,70.89,2.88
20200706,22.85,1.96,77.21,2.47
20200707,23.79,7.25,74.69,2.65
20200708,23.68,15.18,81.92,1.19
20200709,23.22,19.96,83.87,0.98
20200710,23.64,2.65,82.39,1.08
20200711,24.37,7.97,77.77,1.21
20200712,24.26,1.34,76.67,2.02
20200713,24.24,6.32,80.32,1.15
20200714,23.82,4.68,84.16,1.53
20200715,24.18,1.05,80.08,1.81
20200716,23.58,1.99,78.48,2.4
20200717,23.06,2.13,78.71,2.17
20200718,23.51,1.19,79.58,1.13
20200719,23.49,7.44,81.06,0.99
20200720,23.81,21.91,84.77,1.13
20200721,23.73,1.99,82.66,0.91
20200722,24.03,0.9,84.77,0.82
20200723,24.29,12.48,83.41,1.2
20200724,23.42,8.45,84.45,1.52
20200725,23.09,1.15,79.6,1.65
20200726,23.25,2.04,83.17,1.17
20200727,23.65,1.1,77.52,1.72
20200728,23.23,5.27,80.01,2.15
20200729,23.25,12.15,82.71,1.76
20200730,23.98,3.07,79.49,2.31
20200731,23.88,5.7,82.77,2.03
20200801,23.06,5.2,80.33,2.91
20200802,22.66,2.87,79.31,3.31
20200803,23.07,4.79,81.04,3.69
20200804,22.87,2.55,76.41,4.55
20200805,23.32,1.93,75.23,5.25
20200806,24.43,7.04,77.48,4.3
20200807,24.24,5.9,76.64,4.04
20200808,23.46,13.67,78.84,3.25
20200809,22.43,9.17,85.5,2.28
20200810,22.78,0.7,81.03,2.94
20200811,23.65,1.19,81.44,2.49
20200812,23.89,0.69,77.82,2.86
20200813,23.55,0.45,80.96,2.11
20200814,23.4,0.14,80.7,2.16
20200815,22.65,0.03,81.92,2.23
20200816,23.26,0.08,80.66,2.25
20200817,23.98,0.17,79.31,2.0
20200818,24.23,0.39,78.44,1.98
20200819,24.41,0.11,77.92,1.6
20200820,23.59,0.0,80.36,1.75
20200821,25.05,0.17,73.19,1.35
20200822,25.43,6.06,75.86,1.19
20200823,24.81,6.08,79.66,1.27
20200824,24.97,15.94,76.23,0.64
20200825,24.77,6.08,80.98,0.92
20200826,23.72,6.28,85.65,0.66
20200827,24.07,0.27,78.87,1.18
20200828,25.1,3.32,74.68,1.15
20200829,24.48,1.72,77.0,1.67
20200830,24.82,0.05,78.57,1.09
20200831,23.92,3.1,81.52,1.1
20200901,23.56,12.25,82.73,1.2
20200902,23.19,5.06,82.66,1.11
20200903,23.63,14.4,84.77,0.67
20200904,24.45,6.85,82.95,0.68
20200905,23.94,3.82,83.99,1.0
20200906,23.75,12.48,83.07,1.54
20200907,23.72,4.08,81.4,2.36
20200908,23.71,10.52,84.96,1.14
20200909,23.16,10.21,85.29,1.78
20200910,22.93,4.85,83.92,2.37
20200911,22.12,2.27,81.8,2.7
20200912,22.52,4.04,78.12,2.51
20200913,22.25,3.54,84.37,1.8
20200914,22.52,0.65,77.59,2.7
20200915,22.5,1.77,79.92,2.28
20200916,23.56,1.37,80.95,2.15
20200917,23.56,4.15,82.8,2.2
20200918,23.53,1.98,80.35,2.79
20200919,22.86,3.22,79.26,3.42
20200920,22.26,3.95,76.84,4.32
20200921,22.79,1.99,79.2,3.63
20200922,22.55,0.96,77.01,3.3
20200923,23.23,0.47,79.87,2.17
20200924,23.71,0.65,81.13,1.12
20200925,23.0,7.45,83.13,0.92
20200926,22.44,1.27,85.1,1.16
20200927,23.82,4.9,76.39,1.05
20200928,24.11,4.9,80.47,1.04
20200929,23.24,7.21,82.5,1.51
20200930,22.91,2.91,81.71,1.62
20201001,22.7,0.06,79.94,1.61
20201002,22.57,0.08,81.3,1.42
20201003,22.71,0.03,80.75,1.68
20201004,22.26,0.0,79.59,1.66
20201005,23.5,0.01,74.14,1.62
20201006,24.83,19.62,76.73,0.71
20201007,24.65,9.39,82.23,1.51
20201008,23.6,5.0,88.46,0.76
20201009,22.92,18.79,90.58,0.88
20201010,22.39,4.39,84.61,1.28
20201011,21.23,2.43,85.67,2.11
20201012,22.25,0.6,84.69,2.41
20201013,22.5,0.46,79.19,3.53
20201014,22.85,0.48,79.73,2.87
20201015,22.64,0.67,81.89,1.91
20201016,23.53,1.21,84.22,1.45
20201017,23.76,0.99,82.72,0.8
20201018,23.19,2.46,80.86,1.05
20201019,23.64,4.09,80.8,1.06
20201020,22.27,14.77,88.82,1.27
20201021,22.91,2.18,83.9,1.45
20201022,21.57,2.21,87.93,1.51
20201023,22.58,0.0,81.44,1.45
20201024,23.22,0.0,75.39,1.2
20201025,24.42,75.23,72.15,0.44
20201026,24.1,141.71,81.25,0.69
20201027,23.33,0.28,85.08,0.82
20201028,23.26,3.79,83.88,0.7
20201029,23.05,4.53,85.43,0.57
20201030,23.42,12.0,84.95,0.58
20201031,23.73,14.99,78.56,0.56
20201101,23.93,1.02,77.04,0.54
20201102,23.64,2.39,83.5,0.65
20201103,22.99,1.45,85.54,0.86
20201104,23.43,4.32,85.72,0.8
20201105,23.09,17.51,86.21,1.0
20201106,22.19,8.44,87.85,1.19
20201107,22.58,0.67,89.22,1.4
20201108,22.72,5.43,89.43,1.5
20201109,22.38,0.13,83.17,1.35
20201110,21.29,0.9,80.42,1.25
20201111,21.78,2.27,84.73,1.19
20201112,22.13,13.33,94.7,1.19
20201113,22.07,12.08,91.09,1.16
20201114,22.67,1.29,89.7,1.58
20201115,22.4,4.22,92.93,1.31
20201116,22.22,30.1,92.57,1.53
20201117,22.04,42.2,92.41,1.89
20201118,21.64,21.84,92.84,1.06
20201119,22.11,4.66,91.35,1.33
20201120,21.5,0.71,90.22,1.24
20201121,21.41,0.03,84.22,1.08
20201122,20.8,0.0,81.88,0.92
20201123,20.84,0.0,85.11,1.08
20201124,21.2,0.0,87.58,1.24
20201125,22.03,1.77,90.53,1.27
20201126,22.46,2.89,89.77,1.55
20201127,22.57,13.44,87.93,0.68
20201128,21.89,2.31,92.55,1.2
20201129,21.5,1.38,91.76,1.2
20201130,21.92,0.61,89.93,1.51
20201201,20.9,0.02,84.91,1.53
20201202,21.15,6.53,87.79,1.54
20201203,21.1,22.87,92.87,1.9
20201204,21.64,14.16,95.36,2.11
20201205,21.33,3.78,94.74,1.72
20201206,21.84,9.25,92.34,1.56
20201207,21.24,17.45,95.24,1.45
20201208,21.73,7.57,91.99,1.31
20201209,21.67,2.33,90.3,1.17
20201210,20.94,0.4,88.87,1.12
20201211,20.76,0.12,87.22,1.03
20201212,20.44,0.26,85.61,0.98
20201213,20.28,0.07,85.41,1.0
20201214,19.42,0.0,82.82,1.09
20201215,19.92,2.4,89.29,1.17
20201216,20.06,6.17,95.23,1.11
20201217,21.11,5.93,93.15,1.32
20201218,21.13,5.21,92.19,1.49
20201219,19.89,0.87,89.68,1.76
20201220,19.95,0.01,89.02,1.59
20201221,18.95,0.01,89.61,1.45
20201222,19.24,0.11,89.5,1.15
20201223,20.29,0.14,90.77,0.99
20201224,20.87,0.0,88.74,1.1
20201225,20.01,0.0,87.62,1.15
20201226,19.24,0.0,86.42,1.2
20201227,19.53,0.0,85.02,1.12
20201228,20.12,0.02,81.88,1.0
20201229,20.52,0.73,88.11,1.04
20201230,21.37,3.99,91.31,1.48
20201231,21.33,17.24,93.41,1.73
20210101,19.84,1.25,88.84,1.57
20210102,20.34,0.34,90.19,1.32
20210103,21.38,6.19,92.14,1.32
20210104,21.54,11.0,92.39,1.61
20210105,21.51,1.99,91.52,1.2
20210106,21.36,17.63,88.55,0.61
20210107,21.54,17.75,94.47,1.01
20210108,22.01,11.53,92.16,0.98
20210109,21.35,5.83,93.99,1.23
20210110,20.71,4.86,93.58,1.03
20210111,20.45,5.63,91.41,1.43
20210112,20.1,19.62,94.28,2.19
20210113,20.61,19.7,93.91,2.15
20210114,20.93,13.8,92.75,1.75
20210115,20.87,12.06,93.81,1.61
20210116,21.39,33.94,92.36,1.37
20210117,20.36,2.55,87.52,1.15
20210118,19.06,0.01,86.1,1.31
20210119,19.49,0.0,82.36,1.07
20210120,20.81,0.0,85.81,0.91
20210121,22.13,0.04,89.75,0.97
20210122,22.27,0.13,89.29,1.01
20210123,21.56,0.06,88.54,1.14
20210124,20.74,0.0,86.24,1.09
20210125,19.5,0.0,86.84,1.18
20210126,19.06,0.0,82.74,1.07
20210127,18.4,0.0,81.25,1.04
20210128,18.97,0.0,86.01,1.21
20210129,20.33,0.08,88.8,1.16
20210130,21.11,0.15,87.44,1.13
20210131,20.57,0.0,84.85,1.25
20210201,20.01,0.0,84.98,1.36
20210202,20.02,0.0,85.15,1.3
20210203,20.22,0.05,88.06,1.31
20210204,19.87,0.01,80.5,1.18
20210205,19.77,0.0,81.79,1.14
20210206,19.6,0.0,81.71,1.19
20210207,19.09,0.0,74.1,1.28
20210208,18.7,0.0,79.57,1.46
20210209,18.71,0.0,81.1,1.37
20210210,18.26,0.0,77.63,1.21
20210211,18.52,0.0,75.14,1.1
20210212,18.3,0.0,77.53,1.12
20210213,19.23,0.0,78.21,0.9
20210214,20.19,0.0,76.03,0.86
20210215,21.63,0.0,73.9,0.68
20210216,21.96,0.0,79.98,0.72
20210217,21.84,0.0,81.44,1.03
20210218,21.11,0.14,83.04,1.02
20210219,21.8,0.06,78.38,0.92
20210220,22.41,4.08,85.46,1.33
20210221,22.6,1.23,83.93,1.24
20210222,22.58,0.01,82.18,1.34
20210223,22.42,0.0,78.54,1.2
20210224,22.11,0.0,70.83,1.12
20210225,23.03,0.01,66.9,1.05
20210226,23.62,0.66,62.88,1.18
20210227,23.76,0.17,61.56,1.11
20210228,22.85,0.0,59.8,1.23
20210301,22.21,0.0,63.85,1.15
20210302,22.44,0.0,64.07,1.22
20210303,21.85,0.0,64.59,1.48
20210304,21.18,0.0,72.25,1.23
20210305,22.31,0.0,65.59,1.0
20210306,23.65,0.0,63.93,1.05
20210307,23.9,0.0,67.1,1.2
20210308,24.3,0.0,71.27,1.2
20210309,24.23,0.14,73.49,1.42
20210310,23.7,2.12,76.61,1.37
20210311,23.04,3.7,81.89,1.17
20210312,23.03,0.55,75.13,1.25
20210313,23.23,0.0,70.05,1.21
20210314,24.17,0.0,68.42,1.34
20210315,24.18,0.0,64.43,1.32
20210316,24.5,0.0,58.78,1.18
20210317,24.42,0.0,61.39,1.37
20210318,23.32,0.0,62.76,1.19
20210319,24.03,0.0,57.42,1.22
20210320,24.99,0.02,65.14,1.03
20210321,24.75,0.09,59.34,1.06
20210322,24.51,5.3,65.38,1.1
20210323,24.93,0.4,67.42,1.27
20210324,24.62,0.38,68.75,1.07
20210325,25.04,1.41,65.45,1.24
20210326,24.66,0.79,69.28,1.39
20210327,25.36,0.85,66.37,1.25
20210328,24.96,3.58,68.54,1.06
20210329,25.93,1.23,65.3,1.18
20210330,26.65,0.9,63.33,1.15
20210331,27.95,0.1,59.4,0.99
20210401,27.41,1.69,67.18,0.98
20210402,27.75,0.54,62.14,1.17
20210403,27.31,0.0,60.03,1.01
20210404,27.95,0.01,56.98,1.23
20210405,28.93,0.02,52.48,1.26
20210406,27.41,0.21,58.31,1.39
20210407,26.5,0.35,56.22,1.37
20210408,26.29,0.32,53.91,1.22
20210409,26.94,0.13,54.0,1.39
20210410,25.99,1.26,64.83,1.32
20210411,25.97,6.84,68.84,1.04
20210412,25.38,6.93,75.86,1.17
20210413,24.96,2.85,77.07,1.31
20210414,25.65,5.8,73.4,1.02
20210415,24.44,13.65,79.63,0.87
20210416,23.97,8.4,81.92,0.47
20210417,25.98,0.02,71.34,0.81
20210418,25.93,0.49,71.41,0.75
20210419,26.9,0.69,66.51,0.71
20210420,26.13,0.47,69.97,0.68
20210421,26.92,2.99,67.12,0.73
20210422,26.79,0.8,68.59,0.97
20210423,27.01,3.65,68.63,0.84
20210424,26.64,2.98,71.29,0.92
20210425,26.95,0.8,69.67,0.97
20210426,27.02,0.2,66.99,0.63
20210427,25.7,1.24,73.23,0.55
20210428,26.95,0.13,63.28,1.06
20210429,27.0,0.28,66.15,0.97
20210430,26.61,2.48,70.71,1.16
20210501,26.07,4.57,77.1,1.23
20210502,26.48,3.09,73.0,1.13
20210503,25.72,3.48,77.6,1.31
20210504,26.39,6.87,73.88,1.11
20210505,25.9,3.53,76.9,1.16
20210506,26.58,3.68,72.54,1.24
20210507,24.89,12.13,79.69,1.23
20210508,24.3,1.9,83.33,1.15
20210509,25.78,1.41,77.46,0.93
20210510,26.12,2.98,77.88,0.68
20210511,25.79,4.32,79.33,0.53
20210512,26.13,1.89,77.04,0.79
20210513,26.48,16.61,71.05,0.94
20210514,25.04,11.86,76.87,2.25
20210515,24.24,8.15,82.57,2.85
20210516,24.19,2.36,81.66,1.76
20210517,25.24,9.71,79.76,1.14
20210518,25.47,0.82,79.91,1.16
20210519,25.12,10.94,83.06,1.23
20210520,24.54,7.25,82.7,1.09
20210521,23.47,2.23,82.22,1.48
20210522,23.35,5.02,81.42,1.93
20210523,25.02,0.43,73.6,2.12
20210524,24.73,0.06,77.47,2.3
20210525,23.63,3.64,78.51,2.66
20210526,22.98,12.56,81.37,3.39
20210527,24.03,0.38,75.41,3.0
20210528,24.62,0.45,73.8,2.23
20210529,24.63,0.53,74.82,1.97
20210530,24.94,0.22,73.17,2.45
20210531,25.27,5.77,73.69,2.18
20210601,25.35,0.78,76.82,1.82
20210602,26.46,1.68,71.86,0.89
20210603,24.56,10.11,90.22,0.98
20210604,24.15,18.59,87.41,0.96
20210605,23.47,21.4,83.51,1.21
20210606,24.39,4.62,80.93,1.29
20210607,25.15,0.37,79.46,1.22
20210608,24.16,4.26,79.9,1.79
20210609,24.21,1.17,80.2,2.02
20210610,24.19,0.28,78.41,2.3
20210611,24.13,0.42,78.01,2.11
20210612,24.1,3.29,77.55,2.91
20210613,23.71,3.81,80.34,3.09
20210614,23.05,1.59,71.93,4.23
20210615,24.38,1.12,78.34,3.4
20210616,24.28,2.0,80.5,2.91
20210617,23.87,0.61,78.82,3.18
20210618,24.01,0.18,77.71,2.76
20210619,23.19,0.31,77.68,2.45
20210620,24.31,0.36,77.71,1.8
20210621,24.59,2.56,78.55,1.64
20210622,24.22,4.21,78.21,1.44
20210623,24.52,10.82,79.86,0.96
20210624,24.34,0.54,76.91,1.85
20210625,24.21,0.08,73.7,1.77
20210626,23.36,3.82,79.01,2.01
20210627,24.07,0.62,74.62,1.58
20210628,23.47,1.57,75.24,1.53
20210629,24.64,4.49,77.22,0.86
20210630,24.84,2.82,80.37,1.03
20210701,24.79,27.32,81.82,1.05
20210702,23.91,5.31,83.55,1.54
20210703,23.9,7.32,84.14,0.95
20210704,22.98,18.36,85.55,1.29
20210705,23.8,4.76,83.87,1.3
20210706,23.48,0.61,86.25,0.88
20210707,24.35,3.56,82.46,1.04
20210708,24.51,14.25,82.89,1.42
20210709,23.38,6.08,84.85,2.3
20210710,21.95,3.64,80.72,4.41
20210711,22.34,0.54,76.05,4.16
20210712,23.06,0.75,76.24,4.26
20210713,23.47,1.0,76.78,4.17
20210714,22.62,4.45,78.46,3.86
20210715,23.26,3.37,76.4,3.69
20210716,23.82,3.04,79.7,2.46
20210717,23.19,0.89,81.87,2.03
20210718,23.0,1.55,84.4,2.47
20210719,23.18,0.14,81.49,2.71
20210720,23.73,0.09,78.1,3.33
20210721,23.82,0.77,77.83,3.39
20210722,23.91,3.41,78.04,4.37
20210723,23.6,2.99,77.96,4.67
20210724,23.84,1.56,76.87,3.74
20210725,23.14,1.37,75.01,3.46
20210726,24.14,1.74,76.34,2.85
20210727,23.76,0.77,78.63,2.28
20210728,23.8,0.41,75.82,2.62
20210729,24.32,0.07,75.92,2.46
20210730,24.26,0.18,75.48,2.42
20210731,24.28,0.27,75.55,2.54
20210801,24.35,0.06,73.25,2.48
20210802,24.11,0.32,71.02,2.83
20210803,23.52,0.31,72.49,2.8
20210804,24.11,0.26,70.82,3.14
20210805,24.27,1.84,74.82,3.05
20210806,24.44,2.71,75.37,2.72
20210807,24.17,3.45,76.81,2.68
20210808,24.02,1.83,75.93,1.67
20210809,23.13,21.35,77.92,1.64
20210810,23.04,1.08,74.75,2.66
20210811,23.81,5.88,74.39,2.6
20210812,22.9,0.9,75.58,2.83
20210813,23.77,1.92,76.62,1.78
20210814,23.54,1.65,77.51,2.39
20210815,23.77,0.79,74.85,2.47
20210816,23.63,0.34,73.94,2.19
20210817,22.24,8.5,78.91,1.88
20210818,21.86,3.4,79.46,2.36
20210819,23.07,0.73,72.21,2.81
20210820,23.4,0.33,72.49,1.35
20210821,24.31,11.59,76.16,0.71
20210822,24.12,12.04,77.49,0.57
20210823,23.85,19.58,79.27,1.02
20210824,24.42,1.72,77.27,1.05
20210825,24.32,10.65,78.27,1.38
20210826,24.33,10.45,82.71,1.57
20210827,23.82,3.97,84.8,2.12
20210828,23.26,4.31,83.04,2.34
20210829,23.19,2.57,82.5,2.65
20210830,22.99,0.28,78.63,2.56
20210831,23.8,6.14,80.54,1.6
20210901,23.7,4.58,80.97,1.32
20210902,22.4,19.87,86.18,1.32
20210903,22.73,2.36,83.99,1.11
20210904,23.06,4.81,83.03,1.79
20210905,23.31,5.76,81.16,2.5
20210906,21.83,2.55,79.43,3.28
20210907,22.71,0.97,82.01,2.44
20210908,23.12,1.0,81.87,2.23
20210909,23.52,0.13,81.38,1.55
20210910,23.55,0.03,80.47,1.85
20210911,23.59,0.93,80.88,2.15
20210912,23.24,2.37,82.34,2.67
20210913,23.19,1.66,82.19,3.25
20210914,24.22,0.36,80.4,1.91
20210915,23.79,20.68,84.2,1.41
20210916,23.62,14.28,85.56,1.44
20210917,24.1,14.83,81.5,1.04
20210918,23.9,5.24,82.95,0.8
20210919,23.11,3.13,87.52,1.14
20210920,23.94,4.32,81.22,0.56
20210921,23.81,0.05,80.69,1.44
20210922,23.8,0.94,80.75,1.37
20210923,24.19,5.32,81.21,1.38
20210924,24.25,27.89,80.46,1.05
20210925,23.79,10.5,85.16,1.34
20210926,23.12,1.86,83.43,1.32
20210927,22.69,6.05,83.47,2.89
20210928,21.83,0.69,79.15,2.92
20210929,22.59,0.37,78.61,1.81
20210930,23.38,26.98,80.91,1.14
20211001,23.08,16.78,86.39,0.65
20211002,23.08,11.21,90.08,0.94
20211003,23.64,16.04,86.19,0.86
20211004,23.68,6.32,86.69,0.93
20211005,23.49,9.1,88.35,0.85
20211006,23.17,2.47,87.05,0.56
20211007,23.96,0.48,82.38,0.94
20211008,23.81,15.08,87.26,1.53
20211009,23.33,3.57,88.25,1.79
20211010,23.67,0.61,85.04,1.51
20211011,22.47,16.7,85.8,1.8
20211012,22.28,3.67,83.26,2.43
20211013,22.82,0.82,82.65,1.97
20211014,23.65,2.05,85.88,1.52
20211015,23.53,1.51,87.51,1.17
20211016,23.56,16.28,90.65,1.59
20211017,23.72,5.73,87.33,2.2
20211018,23.28,2.46,86.38,1.56
20211019,23.64,0.29,85.16,0.75
20211020,23.47,22.71,89.08,0.6
20211021,23.31,9.16,87.92,0.67
20211022,23.16,8.04,88.84,0.85
20211023,23.17,17.05,86.74,0.68
20211024,22.73,12.67,85.73,0.83
20211025,22.69,10.53,87.21,0.76
20211026,22.74,3.82,88.06,0.82
20211027,22.57,4.52,89.96,1.13
20211028,22.07,8.51,88.42,0.95
20211029,21.46,8.19,91.91,1.12
20211030,21.56,8.55,89.95,1.47
20211031,21.94,8.47,91.76,1.15
20211101,21.67,11.72,92.25,0.99
20211102,22.0,21.12,92.95,1.92
20211103,21.7,8.01,93.2,1.06
20211104,22.11,12.61,91.41,0.78
20211105,21.89,9.65,91.53,0.74
20211106,22.41,16.56,86.67,0.72
20211107,22.05,7.04,88.8,1.05
20211108,21.45,10.2,92.22,0.8
20211109,20.3,8.04,90.96,1.03
20211110,20.69,5.7,91.67,1.14
20211111,21.33,2.93,92.51,1.1
20211112,22.33,8.27,89.96,1.38
20211113,22.7,6.18,90.19,1.21
20211114,22.29,7.84,91.41,1.42
20211115,23.07,7.84,89.08,0.69
20211116,23.01,5.96,90.6,0.68
20211117,22.55,33.49,91.32,0.69
20211118,22.21,6.03,91.19,1.17
20211119,22.22,5.77,90.9,1.97
20211120,23.07,1.6,87.81,1.58
20211121,22.11,0.09,80.42,0.76
20211122,22.17,2.02,90.28,1.06
20211123,21.72,7.98,91.42,1.05
20211124,21.28,1.56,91.58,1.1
20211125,20.91,37.98,93.93,1.16
20211126,21.98,8.04,95.46,1.1
20211127,21.18,5.49,93.27,1.54
20211128,21.51,8.92,94.29,1.53
20211129,21.36,32.45,93.03,1.77
20211130,21.02,21.6,95.44,1.23
20211201,22.12,3.84,90.81,1.01
20211202,22.62,1.06,90.88,1.13
20211203,22.4,22.35,87.79,0.71
20211204,22.33,29.56,89.92,0.4
20211205,23.47,4.55,89.55,0.57
20211206,23.43,2.57,87.98,0.65
20211207,22.54,0.79,90.36,1.09
20211208,21.8,0.05,90.51,1.17
20211209,21.87,4.23,92.84,1.25
20211210,20.69,0.81,90.68,1.47
20211211,21.21,3.24,91.83,1.5
20211212,21.17,2.05,91.88,1.73
20211213,20.88,0.37,91.88,1.39
20211214,21.33,1.53,92.37,1.6
20211215,21.62,0.38,91.48,1.49
20211216,20.78,0.0,90.35,1.49
20211217,20.45,0.01,88.68,1.18
20211218,19.99,0.01,88.47,1.21
20211219,19.14,0.0,86.16,1.2
20211220,18.78,0.0,87.35,1.21
20211221,19.6,0.0,85.32,0.91
20211222,19.24,0.0,85.34,0.86
20211223,18.98,0.0,82.47,0.84
20211224,18.47,0.0,78.81,0.98
20211225,18.86,0.0,85.46,1.04
20211226,19.05,0.0,85.71,0.99
20211227,19.36,0.0,88.03,1.16
20211228,19.2,0.0,87.5,1.17
20211229,19.55,0.0,85.75,1.07
20211230,20.04,4.33,89.78,1.27
20211231,21.49,4.65,91.46,1.78
20220101,21.74,14.67,91.94,1.94
20220102,21.25,4.95,90.84,2.03
20220103,20.26,0.25,87.97,1.4
20220104,20.42,0.38,88.81,1.25
20220105,20.3,0.0,85.44,0.9
20220106,20.33,0.0,88.98,1.04
20220107,21.26,0.01,89.1,1.05
20220108,21.02,0.02,89.08,1.17
20220109,20.5,0.0,88.28,1.04
20220110,20.65,0.0,84.59,0.86
20220111,21.22,0.0,86.58,0.94
20220112,21.9,0.0,85.34,0.58
20220113,22.55,0.0,84.75,0.57
20220114,22.79,0.0,84.99,0.67
20220115,22.77,0.01,86.27,0.8
20220116,21.62,0.01,87.19,1.22
20220117,21.37,0.0,87.09,1.36
20220118,20.41,0.0,87.0,1.35
20220119,20.48,0.0,84.36,0.92
20220120,20.6,0.0,76.21,0.83
20220121,21.27,0.01,74.79,0.84
20220122,22.08,0.0,78.92,0.9
20220123,22.27,0.0,78.27,0.68
20220124,21.93,0.0,82.66,0.56
20220125,22.19,0.01,84.65,0.31
20220126,21.56,0.42,87.61,1.03
20220127,20.92,0.07,82.76,1.15
20220128,20.36,0.01,84.76,1.67
20220129,21.36,0.0,86.51,1.54
20220130,22.3,0.0,85.05,1.0
20220131,22.3,0.0,83.16,1.01
20220201,22.19,0.01,83.34,0.99
20220202,20.95,0.01,77.04,1.03
20220203,21.31,0.0,71.11,0.65
20220204,22.8,0.0,73.73,0.89
20220205,22.68,0.0,80.24,0.9
20220206,22.17,0.0,80.39,1.14
20220207,21.72,0.0,78.76,1.04
20220208,21.11,0.0,78.56,1.07
20220209,20.49,0.01,73.06,1.28
20220210,20.91,0.01,65.49,1.22
20220211,22.18,0.58,82.13,1.51
20220212,21.76,3.89,83.68,1.54
20220213,21.48,0.3,80.9,1.44
20220214,21.89,0.13,76.94,1.3
20220215,21.91,0.09,75.38,1.21
20220216,22.14,0.02,72.95,0.97
20220217,22.55,0.0,66.4,1.05
20220218,22.28,0.0,72.36,1.26
20220219,22.49,0.0,74.39,1.27
20220220,24.4,0.0,68.54,0.84
20220221,24.85,0.0,70.53,0.77
20220222,24.31,0.16,70.15,1.14
20220223,22.5,0.11,69.58,1.46
20220224,21.96,0.17,70.63,1.3
20220225,22.62,0.0,68.63,1.31
20220226,22.72,0.05,69.1,1.27
20220227,23.36,0.53,73.18,1.47
20220228,22.63,0.01,63.86,1.32
20220301,22.98,0.0,61.31,1.44
20220302,22.36,0.0,54.36,1.48
20220303,22.09,0.0,62.95,1.49
20220304,23.22,0.02,61.59,1.51
20220305,23.85,0.0,68.94,1.39
20220306,23.97,0.1,67.91,1.49
20220307,23.15,1.68,71.93,1.22
20220308,24.37,2.0,73.2,1.22
20220309,24.84,0.0,61.45,1.23
20220310,24.3,0.0,52.61,1.25
20220311,24.26,0.0,55.22,1.43
20220312,24.18,0.0,48.95,1.48
20220313,24.08,0.0,51.03,1.67
20220314,24.72,0.0,50.61,1.46
20220315,24.61,0.03,49.32,1.15
20220316,26.24,1.54,53.73,1.23
20220317,25.96,1.56,53.75,1.46
20220318,26.8,0.49,49.48,1.3
20220319,26.09,1.46,61.47,0.81
20220320,26.05,1.25,67.05,1.19
20220321,26.73,0.63,63.8,0.94
20220322,25.97,1.37,68.39,0.89
20220323,26.21,18.29,69.74,1.0
20220324,26.95,0.58,65.17,0.69
20220325,25.94,2.99,70.14,0.83
20220326,26.17,1.26,70.1,0.87
20220327,26.71,1.22,67.81,0.94
20220328,26.57,1.18,66.75,1.11
20220329,27.46,0.35,62.16,0.97
20220330,27.03,1.71,64.81,1.08
20220331,27.09,0.11,59.73,1.25
20220401,27.25,0.54,59.11,1.02
20220402,26.59,1.45,65.82,0.83
20220403,26.26,1.62,68.86,1.06
20220404,26.66,0.14,63.46,1.39
20220405,26.04,1.6,66.64,1.17
20220406,25.78,5.53,68.83,0.75
20220407,27.05,0.4,63.77,1.11
20220408,25.84,21.89,73.53,0.83
20220409,25.04,10.87,77.55,1.01
20220410,25.67,9.92,71.51,0.96
20220411,24.94,21.59,77.06,1.1
20220412,25.34,15.71,74.15,0.81
20220413,24.01,14.69,80.68,1.14
20220414,23.72,1.68,76.24,0.98
20220415,25.92,1.06,72.44,0.7
20220416,26.53,1.42,74.06,0.64
20220417,26.05,2.81,77.63,0.78
20220418,25.17,6.5,79.11,1.15
20220419,25.03,1.57,74.93,1.06
20220420,26.97,0.0,65.79,0.98
20220421,26.22,0.18,74.85,1.16
20220422,25.25,4.99,79.38,1.23
20220423,24.38,18.08,77.85,0.92
20220424,25.9,0.46,70.3,1.08
20220425,26.14,0.01,70.31,0.91
20220426,26.75,0.01,68.12,1.08
20220427,26.75,0.04,66.16,1.16
20220428,26.83,0.31,69.08,0.87
20220429,27.09,0.27,71.66,1.02
20220430,27.14,0.04,70.5,1.0
20220501,27.24,1.69,69.52,0.9
20220502,27.33,0.67,69.8,1.03
20220503,27.24,1.64,70.24,0.72
20220504,26.92,5.31,69.1,0.69
20220505,26.48,1.56,72.36,1.06
20220506,25.82,0.06,64.15,1.16
20220507,27.11,0.09,64.53,1.02
20220508,27.71,0.63,66.4,1.17
20220509,25.97,2.4,77.02,1.61
20220510,24.89,1.34,76.88,2.67
20220511,25.11,1.16,73.59,3.37
20220512,25.17,1.2,73.09,2.83
20220513,25.12,0.55,73.34,2.84
20220514,24.5,9.74,77.49,2.13
20220515,24.82,7.14,78.91,1.97
20220516,23.77,17.69,85.19,1.75
20220517,24.68,7.44,81.55,1.38
20220518,25.07,2.74,79.65,1.97
20220519,24.39,4.23,77.89,2.54
20220520,24.25,2.05,77.2,2.53
20220521,24.78,0.72,77.74,2.3
20220522,24.58,0.39,75.12,2.65
20220523,25.38,1.69,77.34,2.01
20220524,26.57,5.41,73.1,1.09
20220525,26.87,2.32,71.2,0.7
20220526,24.87,7.08,72.39,1.71
20220527,24.88,4.16,72.04,1.6
20220528,25.22,10.94,75.71,1.57
20220529,24.2,13.19,79.09,1.39
20220530,24.59,4.37,76.2,1.56
20220531,24.44,2.69,76.52,1.98
20220601,23.5,6.18,82.14,1.8
20220602,24.66,2.88,78.26,1.48
20220603,24.37,0.05,75.5,1.44
20220604,25.12,0.17,75.31,1.05
20220605,25.7,6.9,75.0,1.05
20220606,25.32,7.85,76.93,0.65
20220607,24.14,3.25,84.61,1.05
20220608,24.36,0.14,79.08,1.82
20220609,24.61,0.05,76.99,1.68
20220610,24.12,2.58,78.55,1.88
20220611,24.16,2.55,75.29,2.02
20220612,22.03,8.78,79.69,2.05
20220613,24.46,4.4,74.05,1.34
20220614,24.23,3.33,77.38,1.79
20220615,23.5,15.71,82.97,1.41
20220616,22.89,13.3,85.83,0.99
20220617,22.77,16.4,85.32,0.96
20220618,23.62,3.45,83.51,0.73
20220619,23.64,2.22,84.42,1.03
20220620,23.86,0.66,79.36,1.45
20220621,23.58,0.24,78.63,1.82
20220622,24.06,0.6,76.78,1.32
20220623,23.19,2.23,82.24,1.24
20220624,23.01,1.65,79.12,2.34
20220625,23.1,1.13,76.89,3.28
20220626,23.19,0.12,73.16,2.99
20220627,23.9,0.29,78.14,2.19
20220628,23.51,1.64,78.44,2.46
20220629,23.64,1.04,78.21,2.46
20220630,22.96,5.58,81.11,2.74
20220701,24.02,0.62,76.77,2.82
20220702,23.28,1.39,78.48,2.62
20220703,23.35,4.98,79.23,2.98
20220704,23.25,1.79,75.55,4.13
20220705,23.24,2.11,73.04,4.57
20220706,23.24,1.86,74.0,3.78
20220707,22.9,2.58,74.83,3.38
20220708,23.23,2.48,74.0,3.88
20220709,22.58,1.05,75.53,4.07
20220710,22.81,1.36,72.98,4.3
20220711,22.9,1.61,72.31,4.27
20220712,22.93,0.53,74.43,3.91
20220713,23.5,3.34,76.46,4.08
20220714,23.62,1.72,74.44,4.35
20220715,23.21,1.3,77.41,3.27
20220716,23.41,1.37,79.26,2.52
20220717,23.41,19.46,81.19,2.33
20220718,22.45,12.67,80.48,2.33
20220719,23.99,7.38,78.17,1.56
20220720,22.71,1.69,89.1,0.88
20220721,23.59,12.48,82.65,1.36
20220722,23.11,12.9,85.24,1.59
20220723,22.95,4.35,80.84,1.98
20220724,22.84,15.94,78.96,2.04
20220725,23.72,10.24,79.95,1.55
20220726,23.24,3.71,82.76,1.33
20220727,22.8,37.83,89.61,0.79
20220728,23.95,4.9,82.15,0.75
20220729,24.39,22.08,77.25,1.11
20220730,24.21,18.56,80.36,0.87
20220731,23.52,25.27,86.33,1.21
20220801,22.86,28.27,89.93,1.4
20220802,22.78,10.54,87.66,1.61
20220803,23.04,3.42,89.56,1.23
20220804,22.49,13.77,88.38,2.93
20220805,22.48,1.75,83.27,3.94
20220806,22.67,3.74,82.92,3.29
20220807,22.39,1.72,81.93,3.74
20220808,22.74,2.76,83.7,3.67
20220809,22.78,1.0,82.05,3.52
20220810,22.41,0.2,81.21,3.21
20220811,22.96,0.22,79.73,3.5
20220812,23.05,0.1,79.2,2.91
20220813,22.4,0.0,82.08,1.95
20220814,22.89,0.0,77.94,2.07
20220815,24.78,0.0,74.94,1.02
20220816,25.35,0.05,78.09,0.53
20220817,24.04,0.23,85.85,1.07
20220818,23.95,10.21,83.75,1.26
20220819,23.5,4.27,84.66,1.65
20220820,23.43,0.47,82.35,1.69
20220821,23.32,3.5,81.27,2.02
20220822,22.97,3.95,82.43,2.64
20220823,22.59,0.85,82.96,2.49
20220824,22.49,2.04,85.99,1.55
20220825,22.32,1.89,87.62,1.3
20220826,21.79,19.29,88.78,1.61
20220827,20.95,14.56,88.42,2.24
20220828,22.27,7.39,85.32,1.33
20220829,23.08,5.12,86.35,1.08
20220830,23.51,38.08,86.62,0.82
20220831,22.4,21.12,88.0,0.81
20220901,22.91,7.03,85.52,0.62
20220902,23.12,3.62,86.65,1.2
20220903,23.83,1.58,84.54,0.81
20220904,24.28,15.73,85.35,0.91
20220905,24.31,17.21,85.15,0.95
20220906,23.45,7.58,81.0,0.81
20220907,22.7,11.14,86.47,1.91
20220908,22.02,0.77,87.02,2.04
20220909,22.01,1.49,88.27,1.99
20220910,22.82,0.92,84.82,2.26
20220911,22.7,0.58,84.14,2.48
20220912,22.85,0.27,83.32,2.42
20220913,23.02,1.21,83.58,1.55
20220914,23.55,3.18,82.29,0.91
20220915,23.86,0.19,80.89,1.16
20220916,23.21,0.39,82.39,1.1
20220917,23.87,0.59,82.96,1.09
20220918,23.04,4.04,85.39,1.28
20220919,22.8,0.37,85.52,1.57
20220920,23.1,0.02,82.96,1.54
20220921,23.33,0.0,80.59,1.51
20220922,23.24,0.0,80.49,1.59
20220923,23.05,0.0,79.8,1.53
20220924,22.74,0.06,81.26,1.46
20220925,23.4,4.11,80.04,1.16
20220926,23.52,7.3,83.87,1.03
20220927,23.92,0.43,79.41,1.17
20220928,23.58,1.91,80.49,1.41
20220929,22.47,1.15,83.39,1.33
20220930,22.32,0.55,83.7,1.75
20221001,21.5,0.27,80.43,2.09
20221002,22.37,3.42,80.66,1.78
20221003,22.65,1.08,81.9,1.87
20221004,22.97,0.43,84.89,1.46
20221005,22.49,0.29,82.14,1.62
20221006,21.73,0.0,81.47,1.68
20221007,22.77,0.05,76.49,1.31
20221008,23.08,2.67,73.25,1.13
20221009,22.88,23.48,84.71,1.0
20221010,22.93,20.93,84.94,1.13
20221011,23.72,18.4,83.54,0.82
20221012,23.9,11.21,85.12,0.6
20221013,23.9,8.69,86.74,0.73
20221014,23.71,12.52,84.93,0.82
20221015,22.12,15.4,89.7,0.81
20221016,23.52,12.89,86.36,0.71
20221017,23.47,6.09,88.21,0.73
20221018,22.77,9.72,89.66,0.84
20221019,23.52,7.01,80.08,0.52
20221020,23.23,14.64,87.08,0.45
20221021,22.41,22.77,89.5,0.79
20221022,22.7,1.0,84.55,0.9
20221023,23.18,2.63,81.62,0.54
20221024,23.16,1.46,87.32,0.78
20221025,23.68,0.1,80.68,0.71
20221026,23.22,1.08,81.19,0.74
20221027,22.7,0.53,76.83,0.81
20221028,22.25,0.71,79.8,0.98
20221029,22.17,2.14,87.9,1.1
20221030,22.04,3.28,89.6,1.15
20221031,22.16,1.58,87.93,0.98
20221101,21.31,6.26,93.38,0.93
20221102,21.39,11.88,89.35,0.87
20221103,21.53,23.05,93.08,1.19
20221104,21.3,13.01,91.15,1.43
20221105,21.06,3.24,90.72,1.29
20221106,21.84,8.08,89.88,1.25
20221107,22.03,1.23,88.94,1.22
20221108,21.8,2.53,89.28,1.18
20221109,21.6,0.97,89.18,1.13
20221110,22.2,2.46,84.85,1.12
20221111,20.59,33.66,93.07,1.18
20221112,21.08,22.62,94.53,1.68
20221113,21.46,11.39,94.17,1.49
20221114,21.41,10.44,88.76,1.0
20221115,21.06,1.77,91.88,1.02
20221116,21.98,1.86,88.83,0.91
20221117,21.58,0.6,86.35,0.91
20221118,20.58,0.02,75.08,1.04
20221119,19.83,0.0,80.06,1.15
20221120,19.56,0.0,79.62,0.92
20221121,21.28,0.0,82.59,0.79
20221122,22.4,0.0,76.5,0.59
20221123,22.39,0.0,83.54,0.81
20221124,22.62,0.01,86.44,0.84
20221125,21.96,0.01,88.53,1.05
20221126,22.06,0.17,87.29,0.93
20221127,22.52,4.71,89.21,0.97
20221128,22.64,5.11,88.01,0.74
20221129,22.2,6.04,90.7,1.16
20221130,20.94,0.08,84.43,1.04
20221201,21.19,2.0,90.02,1.13
20221202,21.63,2.1,90.47,0.98
20221203,21.54,2.23,91.06,1.22
20221204,21.58,13.63,90.42,1.18
20221205,21.27,0.92,92.4,1.26
20221206,21.57,0.0,86.05,1.0
20221207,20.63,0.0,84.23,0.97
20221208,19.92,3.02,78.24,1.29
20221209,18.66,21.59,88.03,1.5
20221210,20.43,7.11,87.23,1.94
20221211,21.99,3.91,89.03,1.4
20221212,21.97,7.84,88.99,0.93
20221213,21.94,2.64,86.05,0.71
20221214,21.18,9.43,90.63,1.1
20221215,20.93,0.14,85.36,1.14
20221216,20.17,0.0,80.62,1.03
20221217,20.41,0.0,87.47,1.34
20221218,20.67,0.0,89.51,1.47
20221219,20.15,0.05,84.2,1.19
20221220,20.42,0.11,91.57,1.01
20221221,21.19,2.17,86.84,1.24
20221222,20.65,0.17,82.14,1.14
20221223,21.15,0.0,80.35,1.11
20221224,22.05,0.0,84.65,1.2
20221225,21.73,7.72,90.12,1.35
20221226,21.89,9.43,91.85,1.78
20221227,21.77,4.64,91.36,1.42
20221228,21.45,0.63,88.69,1.3
20221229,21.02,0.01,87.76,1.24
20221230,20.45,0.0,83.2,1.11
20221231,20.37,0.0,79.87,0.97
20230101,20.09,0.0,79.47,1.01
20230102,19.27,0.0,81.13,1.24
20230103,19.4,0.0,85.58,1.2
20230104,19.78,0.0,84.04,1.18
20230105,19.75,0.0,82.97,1.25
20230106,20.02,0.0,85.85,1.46
20230107,20.22,0.0,83.39,1.49
20230108,20.58,0.0,85.3,1.22
20230109,20.39,0.0,81.84,1.2
20230110,18.75,0.0,76.3,1.28
20230111,19.13,0.0,76.16,1.1
20230112,19.1,0.0,74.78,1.06
20230113,19.59,0.0,72.74,0.92
20230114,19.54,0.0,74.27,0.92
20230115,19.74,0.0,70.49,0.82
20230116,20.24,0.0,70.34,0.92
20230117,20.1,0.0,77.14,0.95
20230118,19.42,0.0,77.15,1.24
20230119,19.43,0.0,73.42,1.17
20230120,19.26,0.0,78.32,1.4
20230121,20.09,0.0,75.77,1.25
20230122,20.38,0.0,76.55,1.16
20230123,20.88,2.36,84.41,0.98
20230124,20.81,5.75,88.53,0.95
20230125,21.13,0.06,77.18,1.16
20230126,20.56,0.0,74.02,1.09
20230127,20.33,0.0,69.0,1.15
20230128,20.3,0.0,67.69,1.26
20230129,20.72,0.0,75.21,1.26
20230130,22.16,1.52,81.31,1.09
20230131,22.14,0.6,75.28,1.43
20230201,21.15,0.28,74.81,1.23
20230202,21.11,8.52,81.05,1.46
20230203,21.73,5.03,83.18,1.35
20230204,22.16,1.84,80.14,1.45
20230205,22.28,0.01,63.41,1.29
20230206,21.86,0.07,62.45,1.21
20230207,22.49,0.0,61.78,1.02
20230208,22.41,0.0,66.31,1.22
20230209,22.3,0.0,62.26,1.19
20230210,21.83,0.0,62.54,1.31
20230211,21.82,0.0,58.5,1.18
20230212,22.25,0.0,51.2,1.25
20230213,21.81,0.0,52.65,1.44
20230214,21.77,0.0,56.39,1.15
20230215,22.4,0.0,55.12,1.22
20230216,21.77,0.0,60.8,1.46
20230217,21.61,0.0,63.95,1.3
20230218,21.9,0.0,63.57,1.22
20230219,22.62,0.0,63.95,1.17
20230220,23.67,0.0,63.1,0.98
20230221,23.32,0.0,57.15,1.25
20230222,22.62,0.0,53.24,1.35
20230223,21.8,0.0,62.1,1.25
20230224,23.11,0.0,64.03,1.12
20230225,23.27,0.0,56.18,1.39
20230226,22.26,0.0,53.96,1.52
20230227,21.72,0.0,60.22,1.41
20230228,22.39,0.9,71.67,1.54
20230301,23.28,0.25,72.86,1.77
20230302,23.62,0.14,61.51,1.51
20230303,22.44,0.0,51.47,1.69
20230304,23.17,0.0,63.64,1.67
20230305,23.79,3.12,70.85,1.43
20230306,23.73,0.04,59.48,1.35
20230307,23.52,0.0,63.22,1.31
20230308,23.82,0.0,65.26,1.61
20230309,23.51,0.0,65.07,1.5
20230310,23.4,0.0,66.18,1.39
20230311,23.62,0.0,64.72,1.29
20230312,24.62,0.0,64.4,1.68
20230313,24.73,0.0,63.06,1.65
20230314,25.05,0.0,54.73,1.27
20230315,26.31,0.05,55.47,1.12
20230316,25.77,1.48,65.37,1.01
20230317,25.28,9.59,71.76,1.07
20230318,24.95,4.45,74.17,1.2
20230319,24.48,1.41,77.47,0.61
20230320,24.46,3.13,76.45,0.93
20230321,25.29,5.01,68.81,1.12
20230322,26.16,0.66,62.31,0.76
20230323,26.14,1.53,62.57,0.84
20230324,25.8,1.23,70.13,0.85
20230325,25.77,0.92,70.4,0.92
20230326,26.18,6.34,66.96,0.84
20230327,26.19,0.35,70.58,0.58
20230328,26.63,3.85,69.85,1.09
20230329,26.86,0.33,66.87,1.03
20230330,27.08,1.58,62.06,1.09
20230331,27.03,2.77,63.76,0.86
20230401,27.3,0.51,60.49,0.8
20230402,26.36,4.08,68.66,0.63
20230403,25.63,3.42,74.03,0.71
20230404,26.01,3.96,71.7,0.89
20230405,26.01,0.17,67.7,1.04
20230406,26.8,0.41,62.41,1.26
20230407,26.13,0.95,64.03,1.47
20230408,25.75,0.01,64.07,1.79
20230409,26.16,0.37,63.27,1.4
20230410,26.25,1.2,62.94,1.53
20230411,26.17,1.3,65.25,1.45
20230412,26.93,0.0,58.03,1.35
20230413,27.33,0.0,49.39,1.26
20230414,26.97,0.0,48.62,1.1
20230415,27.62,0.0,48.88,1.42
20230416,25.85,0.0,52.74,0.99
20230417,27.44,0.0,51.28,1.35
20230418,28.33,0.0,49.37,1.4
20230419,28.13,0.0,51.37,1.14
20230420,29.1,0.02,53.94,0.79
20230421,29.1,3.79,57.31,0.77
20230422,28.2,2.7,64.0,1.04
20230423,28.62,1.2,61.29,0.89
20230424,26.7,6.66,72.41,1.16
20230425,25.66,8.93,77.68,1.06
20230426,23.91,15.01,85.12,1.04
20230427,25.43,11.62,74.19,1.33
20230428,25.0,15.47,75.2,1.31
20230429,25.3,23.27,76.96,1.15
20230430,24.06,8.96,85.02,1.21
20230501,24.56,11.38,82.66,0.85
20230502,24.0,21.34,87.11,1.22
20230503,24.07,10.2,84.3,1.33
20230504,23.39,4.82,82.74,0.97
20230505,24.32,0.61,77.95,0.74
20230506,24.85,3.36,75.38,0.66
20230507,23.7,2.16,81.05,1.41
20230508,24.2,6.35,81.02,1.12
20230509,25.12,3.45,77.16,1.29
20230510,25.58,1.29,77.78,0.87
20230511,25.83,2.51,78.14,0.77
20230512,25.48,0.87,76.24,1.16
20230513,26.54,0.02,69.4,1.53
20230514,25.94,0.0,77.12,1.52
20230515,27.13,0.0,72.33,1.32
20230516,28.24,0.0,68.0,1.01
20230517,27.96,1.28,67.1,0.81
20230518,27.21,0.72,70.24,0.78
20230519,26.13,0.17,77.0,0.73
20230520,26.96,1.26,71.17,0.81
20230521,27.08,1.23,69.73,0.91
20230522,26.47,3.51,74.29,0.68
20230523,26.76,0.1,69.41,0.64
20230524,26.7,4.64,73.17,0.85
20230525,26.94,2.34,72.76,1.2
20230526,26.81,3.41,72.13,1.55
20230527,26.67,5.76,72.66,1.13
20230528,26.13,0.63,75.64,0.83
20230529,26.77,2.3,73.79,0.76
20230530,27.57,1.24,69.32,0.67
20230531,26.66,3.76,71.1,0.88
20230601,26.71,0.13,71.55,1.53
20230602,25.35,2.09,76.03,1.19
20230603,26.24,0.66,72.34,1.11
20230604,25.65,0.77,76.23,1.38
20230605,24.78,6.49,82.19,1.37
20230606,26.36,8.66,71.42,1.6
20230607,25.15,9.24,80.91,1.82
20230608,25.34,0.29,75.52,2.12
20230609,25.77,0.64,74.07,2.49
20230610,25.43,0.38,72.22,3.13
20230611,25.8,0.03,71.57,2.55
20230612,25.89,9.05,76.43,2.17
20230613,25.52,1.22,75.11,2.45
20230614,24.83,1.14,71.87,2.15
20230615,26.25,0.15,67.66,2.01
20230616,26.62,0.15,69.77,2.56
20230617,25.24,2.29,75.77,2.06
20230618,24.64,3.31,78.18,1.8
20230619,25.88,0.03,65.78,1.73
20230620,25.36,3.57,73.2,1.09
20230621,24.93,10.36,77.55,1.27
20230622,25.6,2.13,70.99,1.58
20230623,24.03,0.53,74.25,2.12
20230624,23.95,0.2,75.63,1.93
20230625,24.34,1.5,74.96,1.88
20230626,23.76,0.58,72.42,2.5
20230627,23.37,3.22,73.5,2.25
20230628,24.33,0.4,71.94,2.37
20230629,25.23,2.62,71.24,2.36
20230630,24.95,2.54,72.03,2.0
20230701,25.41,0.27,70.53,1.9
20230702,24.33,18.62,71.23,2.5
20230703,23.7,13.45,77.97,3.13
20230704,24.01,2.67,76.01,4.04
20230705,23.63,6.51,76.02,4.22
20230706,24.01,2.45,76.91,3.37
20230707,23.44,1.98,76.91,3.02
20230708,24.08,2.34,73.27,2.26
20230709,24.89,0.97,71.56,1.75
20230710,25.23,15.42,76.19,1.37
20230711,24.22,10.47,76.61,1.63
20230712,24.23,1.01,71.57,2.27
20230713,23.45,0.94,68.36,2.78
20230714,24.03,0.21,70.49,2.99
20230715,24.48,0.4,72.03,2.21
20230716,24.58,1.2,75.52,2.0
20230717,24.51,0.06,75.93,2.41
20230718,24.31,0.44,77.46,3.28
20230719,24.3,0.76,75.33,4.21
20230720,24.45,0.34,72.58,4.03
20230721,24.33,0.1,71.87,4.46
20230722,23.45,0.61,71.38,4.47
20230723,23.43,5.3,73.79,4.06
20230724,23.27,2.39,73.74,3.7
20230725,23.17,1.17,75.08,3.16
20230726,23.85,0.8,75.12,3.47
20230727,24.24,0.08,71.41,3.78
20230728,24.08,0.02,70.01,3.75
20230729,24.77,0.0,69.35,3.48
20230730,25.22,0.0,68.25,3.37
20230731,25.33,0.0,69.51,3.44
20230801,25.45,0.0,68.48,3.34
20230802,24.76,0.03,70.6,2.96
20230803,25.45,0.17,70.56,2.93
20230804,25.54,0.12,69.5,2.87
20230805,25.02,0.01,70.36,2.56
20230806,25.74,4.55,70.73,1.98
20230807,25.83,1.36,71.64,1.67
20230808,25.14,18.79,74.77,1.6
20230809,24.33,10.07,78.48,1.36
20230810,25.17,6.27,76.6,1.15
20230811,25.46,8.08,75.55,0.63
20230812,24.73,13.31,79.15,1.61
20230813,25.36,2.95,75.25,1.26
20230814,24.32,0.65,77.1,1.36
20230815,24.72,3.19,73.82,1.4
20230816,25.34,0.19,69.65,1.41
20230817,25.29,0.01,71.56,2.2
20230818,24.6,0.12,73.84,2.5
20230819,24.5,0.11,73.82,2.56
20230820,25.8,0.14,70.35,2.12
20230821,26.58,0.04,68.54,1.44
20230822,26.26,3.19,73.08,0.88
20230823,26.02,6.27,71.86,1.31
20230824,25.96,0.24,68.65,1.78
20230825,26.32,0.0,66.4,1.4
20230826,26.87,0.0,65.7,1.11
20230827,27.15,0.0,67.98,1.32
20230828,26.83,2.92,69.39,1.4
20230829,24.81,15.66,77.36,1.17
20230830,23.06,14.28,85.11,1.53
20230831,23.72,8.03,81.03,1.12
20230901,25.28,14.96,77.01,0.97
20230902,24.32,16.21,80.82,1.64
20230903,23.24,11.7,80.81,2.19
20230904,23.44,2.45,79.78,2.51
20230905,22.68,0.39,83.02,2.19
20230906,23.18,2.0,75.16,2.45
20230907,22.7,2.08,77.89,2.34
20230908,23.11,0.99,76.06,2.49
20230909,23.76,1.44,75.61,2.65
20230910,23.0,1.93,71.05,3.19
20230911,23.23,2.37,73.96,2.66
20230912,23.17,0.14,78.42,1.84
20230913,23.98,0.34,76.45,1.93
20230914,23.97,1.46,72.46,2.34
20230915,22.79,0.66,78.6,2.08
20230916,24.6,2.66,77.39,1.86
20230917,24.02,5.48,83.15,1.23
20230918,24.16,22.05,82.3,1.5
20230919,24.33,18.2,82.92,1.42
20230920,24.26,5.77,81.24,1.29
20230921,23.6,6.89,82.9,1.04
20230922,24.39,4.62,81.45,0.9
20230923,24.48,4.16,82.96,1.23
20230924,23.62,3.91,83.64,1.35
20230925,24.28,1.41,79.9,1.45
20230926,23.92,2.97,80.36,1.36
20230927,23.42,5.42,77.84,1.93
20230928,22.94,7.14,78.69,2.18
20230929,22.41,3.94,83.97,2.28
20230930,23.28,7.49,81.52,2.1
20231001,23.59,1.95,80.91,2.55
20231002,24.08,2.75,82.1,1.9
20231003,24.49,0.99,79.97,1.57
20231004,24.47,1.83,79.55,1.26
20231005,24.86,4.01,77.27,1.09
20231006,25.21,3.11,72.01,0.96
20231007,25.71,0.0,70.51,0.56
20231008,25.37,11.91,78.42,0.88
20231009,25.25,0.84,78.25,0.63
20231010,25.25,3.22,79.79,0.66
20231011,24.68,28.01,83.22,0.95
20231012,23.15,13.71,92.09,0.63
20231013,23.73,1.05,86.52,0.79
20231014,23.9,15.81,85.72,0.43
20231015,24.06,19.36,84.25,0.88
20231016,22.9,9.44,89.53,0.68
20231017,23.56,10.88,86.18,0.99
20231018,23.69,0.66,82.13,1.07
20231019,23.74,0.73,80.44,0.93
20231020,23.56,1.58,81.15,0.9
20231021,23.93,3.48,80.46,0.94
20231022,23.69,2.18,78.08,0.94
20231023,23.42,3.15,84.59,0.53
20231024,23.8,3.61,84.46,0.35
20231025,23.64,1.39,83.38,0.7
20231026,23.6,2.61,85.27,0.8
20231027,23.51,0.23,84.75,1.02
20231028,23.7,0.56,84.04,1.02
20231029,22.77,10.89,88.26,1.07
20231030,21.91,15.25,90.12,0.91
20231031,22.49,3.73,86.83,1.11
20231101,23.13,7.86,87.62,0.71
20231102,22.06,4.95,87.92,0.86
20231103,22.65,18.56,88.34,0.93
20231104,22.54,31.09,92.11,0.65
20231105,22.15,14.1,91.2,0.78
20231106,23.28,22.8,85.0,0.53
20231107,22.37,25.33,92.25,0.72
20231108,22.29,16.4,87.2,0.57
20231109,22.05,17.79,87.64,0.93
20231110,22.14,2.65,88.97,1.09
20231111,22.27,1.89,90.2,1.21
20231112,22.2,0.19,85.15,1.2
20231113,21.4,0.67,88.47,1.0
20231114,21.7,5.98,89.69,1.45
20231115,22.32,2.48,84.21,1.03
20231116,22.68,0.59,90.43,0.7
20231117,23.22,0.98,88.61,0.88
20231118,23.18,1.09,89.7,1.05
20231119,22.15,3.11,91.0,1.35
20231120,22.85,0.09,89.42,1.0
20231121,23.27,2.92,88.66,0.96
20231122,23.44,17.17,89.32,0.8
20231123,23.3,3.91,91.25,1.39
20231124,22.87,1.81,88.11,1.05
20231125,22.79,4.76,90.85,1.28
20231126,22.39,2.83,91.85,1.76
20231127,22.39,5.88,90.71,1.29
20231128,22.71,4.5,89.78,1.26
20231129,22.14,2.42,90.53,1.15
20231130,21.85,1.84,89.66,0.97
20231201,22.34,2.34,88.57,1.0
20231202,22.57,0.99,86.25,0.98
20231203,23.57,2.62,88.16,0.96
20231204,24.0,0.82,87.84,0.8
20231205,23.77,0.61,85.94,0.94
20231206,23.43,0.24,82.87,0.72
20231207,23.76,4.76,87.07,0.67
20231208,23.64,10.73,89.75,0.88
20231209,22.9,3.95,91.2,1.3
20231210,22.41,1.19,90.47,1.22
20231211,21.72,0.48,88.11,1.09
20231212,21.73,1.45,91.06,1.11
20231213,21.13,0.08,88.62,1.26
20231214,20.38,0.0,85.29,1.27
20231215,21.48,0.03,91.6,1.28
20231216,22.46,2.74,90.39,1.44
20231217,21.65,52.55,95.16,2.08
20231218,21.04,22.07,92.6,2.29
20231219,19.58,1.36,92.41,1.47
20231220,20.93,3.26,91.29,1.48
20231221,21.21,3.72,92.98,1.37
20231222,21.65,0.21,89.68,1.19
20231223,20.01,0.0,88.45,1.06
20231224,20.69,0.12,88.56,1.25
20231225,22.04,1.87,90.44,1.78
20231226,20.9,0.07,88.05,1.64
20231227,20.67,0.04,89.69,1.67
20231228,21.63,0.06,90.14,1.96
20231229,21.82,0.33,90.92,1.75
20231230,21.71,0.11,89.07,1.61
20231231,20.21,0.01,87.98,1.25
20240101,20.45,0.0,85.99,0.98
20240102,20.97,0.09,88.28,1.09
20240103,21.06,1.55,88.55,0.91
20240104,21.71,5.16,90.94,0.86
20240105,22.2,3.57,90.88,1.04
20240106,21.55,2.31,90.48,1.06
20240107,21.61,0.83,90.35,1.16
20240108,21.48,1.09,92.1,1.47
20240109,21.18,12.07,92.83,1.94
20240110,20.35,0.7,90.27,1.32
20240111,20.65,0.02,87.6,1.52
20240112,20.35,0.0,86.99,1.53
20240113,20.54,0.0,87.31,1.36
20240114,20.93,0.0,85.33,1.21
20240115,20.27,0.0,81.84,1.1
20240116,19.97,0.0,82.21,0.98
20240117,19.74,0.0,79.07,0.83
20240118,20.66,0.04,80.53,0.73
20240119,22.06,1.93,87.05,1.02
20240120,22.14,1.06,87.53,1.22
20240121,21.9,0.04,83.09,1.15
20240122,21.7,0.0,81.69,1.08
20240123,21.17,0.01,80.7,1.01
20240124,21.95,0.04,79.94,0.73
20240125,21.55,0.0,79.26,1.0
20240126,21.0,0.0,78.99,1.29
20240127,20.96,0.0,78.37,1.37
20240128,21.57,0.0,80.59,1.32
20240129,21.27,0.0,74.46,1.23
20240130,22.1,0.0,74.69,1.02
20240131,23.19,0.87,73.35,0.8
20240201,23.67,1.19,76.36,0.68
20240202,24.27,0.44,79.07,0.74
20240203,23.93,0.0,77.66,1.16
20240204,22.48,0.0,72.37,1.34
20240205,21.42,0.0,71.71,1.34
20240206,21.54,0.0,72.15,1.41
20240207,22.24,0.0,67.43,1.34
20240208,22.56,0.0,65.56,1.35
20240209,22.28,0.0,71.58,1.45
20240210,22.36,0.01,76.12,1.59
20240211,22.71,0.03,73.62,1.59
20240212,21.77,0.0,72.45,1.55
20240213,22.57,0.0,75.0,1.47
20240214,23.41,0.0,75.28,1.63
20240215,22.6,0.0,73.8,1.54
20240216,23.28,0.0,72.93,1.6
20240217,23.64,0.0,69.84,1.38
20240218,23.12,0.0,65.33,1.17
20240219,24.09,0.0,70.48,1.26
20240220,24.69,0.01,67.53,1.09
20240221,25.85,0.02,64.9,0.65
20240222,25.64,0.0,69.79,0.66
20240223,26.13,0.0,68.82,0.74
20240224,25.95,0.0,68.08,0.97
20240225,25.25,0.0,67.94,1.38
20240226,24.55,0.03,68.6,1.98
20240227,24.98,0.03,69.62,1.97
20240228,24.42,0.0,66.1,1.54
20240229,24.81,0.0,62.4,1.48
20240301,24.05,0.0,66.48,1.66
20240302,23.67,0.0,56.3,1.16
20240303,24.87,0.0,56.08,1.13
20240304,25.46,0.0,56.42,1.28
20240305,25.86,0.0,53.92,1.28
20240306,25.83,0.0,54.99,1.3
20240307,25.98,0.0,50.55,1.29
20240308,26.38,0.01,51.33,1.1
20240309,26.58,0.0,53.34,1.2
20240310,26.95,0.0,54.76,1.11
20240311,26.31,0.01,54.69,1.27
20240312,26.02,0.0,54.99,1.26
20240313,26.16,0.01,48.87,1.14
20240314,27.25,0.06,51.62,1.02
20240315,28.06,0.0,49.6,1.14
20240316,26.57,0.21,56.94,1.32
20240317,25.52,0.0,51.15,1.42
20240318,25.77,0.0,46.68,1.22
20240319,26.22,0.0,45.39,1.34
20240320,26.46,0.0,46.12,1.22
20240321,26.72,0.07,60.41,1.52
20240322,27.34,0.16,61.35,1.44
20240323,27.79,0.44,55.48,1.4
20240324,27.2,0.25,51.32,1.51
20240325,26.62,0.0,48.12,1.49
20240326,26.93,0.03,37.88,1.47
20240327,27.45,0.0,40.72,1.24
20240328,27.99,1.0,48.11,1.08
20240329,28.71,0.1,46.81,1.36
20240330,28.8,0.0,44.65,1.4
20240331,29.45,0.0,45.16,1.04
20240401,29.84,0.01,50.04,1.13
20240402,29.75,0.85,53.24,1.0
20240403,29.6,0.82,53.15,1.09
20240404,29.98,0.13,51.04,1.3
20240405,30.46,0.09,48.76,1.23
20240406,30.6,0.0,44.35,1.17
20240407,30.43,0.0,45.15,1.28
20240408,30.53,0.84,48.03,1.52
20240409,28.97,0.05,53.86,1.93
20240410,28.6,0.52,52.72,1.83
20240411,28.87,0.95,54.0,1.66
20240412,26.92,8.35,69.17,1.75
20240413,26.19,4.35,73.13,1.35
20240414,26.95,1.01,66.11,1.45
20240415,26.86,0.36,65.96,1.65
20240416,28.12,0.02,60.33,1.33
20240417,29.98,0.0,54.61,1.04
20240418,29.36,0.0,57.62,0.79
20240419,29.95,0.01,53.55,0.84
20240420,30.01,0.03,50.97,1.11
20240421,30.62,0.19,49.33,1.36
20240422,28.89,0.31,57.64,0.59
20240423,30.01,0.33,52.42,1.22
20240424,28.89,0.71,50.91,1.13
20240425,28.68,0.02,49.03,1.7
20240426,29.64,0.0,46.44,1.53
20240427,30.17,0.0,44.61,1.6
20240428,30.3,0.01,46.72,1.53
20240429,30.53,0.06,47.42,1.34
20240430,31.27,0.25,50.05,1.08
20240501,30.97,0.3,54.12,1.04
20240502,31.83,0.0,49.51,1.14
20240503,31.28,0.0,52.52,0.79
20240504,31.69,0.04,49.78,0.99
20240505,31.27,1.27,50.78,0.74
20240506,31.14,0.17,53.21,1.1
20240507,31.64,0.06,48.86,1.09
20240508,29.1,2.0,59.29,1.36
20240509,27.74,6.88,69.37,0.78
20240510,26.26,8.34,76.42,0.69
20240511,27.54,2.58,67.66,1.06
20240512,27.61,2.64,67.21,0.92
20240513,25.82,5.28,78.64,1.32
20240514,25.72,4.11,75.28,0.89
20240515,26.72,12.95,72.7,1.28
20240516,25.88,13.93,77.08,0.98
20240517,25.56,15.74,78.11,1.04
20240518,25.72,13.52,79.43,0.72
20240519,25.46,10.64,81.35,1.07
20240520,24.22,28.74,88.89,1.35
20240521,24.7,12.16,83.04,1.15
20240522,24.64,10.03,91.03,1.44
20240523,24.66,6.39,88.05,1.51
20240524,25.28,6.51,84.36,1.35
20240525,24.55,4.32,82.41,1.99
20240526,25.18,1.07,77.27,2.69
20240527,25.64,0.79,77.2,2.8
20240528,24.39,6.47,83.8,2.56
20240529,25.43,6.66,79.09,2.08
20240530,26.09,4.99,78.54,1.64
20240531,25.9,4.5,81.27,1.57
20240601,26.05,4.38,84.12,1.44
20240602,25.04,5.44,80.88,0.82
20240603,25.88,9.02,78.4,0.88
20240604,25.8,1.24,79.58,0.83
20240605,24.88,6.6,86.33,1.06
20240606,24.24,30.01,84.05,1.29
20240607,24.19,5.73,81.85,1.34
20240608,23.74,4.81,86.5,1.96
20240609,23.96,0.91,83.62,2.29
20240610,24.12,0.26,80.57,2.49
20240611,23.37,0.51,77.16,2.61
20240612,22.77,0.99,82.15,2.43
20240613,24.02,0.36,73.53,1.92
20240614,24.92,0.0,72.68,1.62
20240615,25.32,0.82,76.0,1.69
20240616,25.04,0.63,77.99,1.59
20240617,24.57,4.65,75.32,1.71
20240618,23.9,12.85,79.77,1.88
20240619,24.08,7.4,79.93,2.06
20240620,23.56,1.24,76.89,2.58
20240621,23.23,1.21,77.93,2.48
20240622,23.96,1.85,79.64,1.96
20240623,23.54,2.71,78.98,3.17
20240624,22.99,3.02,79.36,3.42
20240625,22.83,3.36,77.17,3.8
20240626,23.68,2.82,76.6,3.59
20240627,23.31,1.68,77.32,3.06
20240628,23.96,0.26,74.4,2.43
20240629,23.86,0.72,77.93,1.72
20240630,24.14,0.96,77.85,1.32
20240701,23.13,4.13,77.5,1.97
20240702,24.56,0.68,71.07,1.83
20240703,23.65,0.41,75.21,2.08
20240704,24.72,0.22,70.76,2.11
20240705,24.47,3.03,73.32,2.03
20240706,23.17,1.86,78.28,2.33
20240707,24.11,0.36,76.56,2.44
20240708,23.09,1.59,80.51,2.57
20240709,22.87,0.65,80.98,2.09
20240710,23.68,5.43,78.49,1.94
20240711,24.35,1.96,74.49,2.02
20240712,24.79,11.28,75.41,2.24
20240713,23.5,1.03,76.1,3.23
20240714,24.33,2.72,70.89,4.12
20240715,23.35,12.82,78.76,4.64
20240716,23.56,3.19,77.61,4.69
20240717,23.66,4.47,77.82,3.95
20240718,23.09,2.01,78.43,4.4
20240719,23.88,0.68,76.49,4.62
20240720,23.81,0.72,76.35,3.76
20240721,24.04,0.34,75.78,4.1
20240722,23.66,0.34,75.28,3.51
20240723,24.17,0.3,73.36,3.81
20240724,23.91,2.32,74.14,4.05
20240725,24.31,1.36,73.52,4.41
20240726,23.59,2.94,75.9,4.91
20240727,24.06,0.69,70.76,4.6
20240728,24.29,2.75,69.57,4.56
20240729,24.13,9.22,75.74,4.18
20240730,23.44,2.21,79.6,2.62
20240731,24.15,0.88,79.45,2.17
20240801,24.6,2.25,78.99,2.28
20240802,23.41,0.13,75.73,2.79
20240803,24.84,1.44,71.78,1.9
20240804,24.42,8.11,77.09,2.05
20240805,24.06,4.07,78.38,1.27
20240806,24.6,11.23,79.02,1.52
20240807,23.31,10.17,84.38,1.44
20240808,23.37,4.95,84.32,1.49
20240809,24.31,11.59,81.61,1.42
20240810,23.77,8.33,85.57,1.45
20240811,23.77,7.89,87.48,1.2
20240812,25.29,7.67,82.88,0.97
20240813,24.6,31.11,83.35,0.8
20240814,24.2,26.9,84.57,0.87
20240815,25.14,15.39,83.43,0.63
20240816,24.37,6.37,91.27,0.81
20240817,24.44,2.99,87.42,1.49
20240818,23.97,11.78,87.71,0.7
20240819,24.73,4.55,84.51,0.95
20240820,24.35,10.21,85.56,0.92
20240821,22.79,6.22,86.34,2.34
20240822,23.16,0.09,83.84,1.63
20240823,24.24,0.02,78.27,1.22
20240824,23.62,0.38,83.01,1.82
20240825,23.31,0.21,82.88,2.19
20240826,23.3,0.3,81.43,2.5
20240827,23.24,0.31,83.84,2.06
20240828,23.21,0.13,82.82,1.91
20240829,23.47,3.37,82.39,2.29
20240830,23.37,3.99,85.46,2.14
20240831,23.05,1.74,83.34,2.71
20240901,22.96,1.78,80.87,2.57
20240902,22.7,0.43,82.19,2.58
20240903,23.38,1.76,84.97,2.05
20240904,23.84,0.64,83.34,2.24
20240905,24.16,0.38,81.38,2.0
20240906,23.9,0.98,83.54,1.89
20240907,24.18,0.85,81.75,1.99
20240908,23.54,1.13,83.97,2.35
20240909,23.58,1.04,81.53,2.63
20240910,24.27,0.75,82.59,2.78
20240911,24.14,1.36,81.87,2.28
20240912,23.63,0.19,77.29,2.17
20240913,23.98,0.09,79.1,1.77
20240914,24.28,0.59,77.86,2.05
20240915,24.38,0.12,75.7,2.3
20240916,24.5,0.0,74.3,2.2
20240917,24.72,0.0,75.0,2.32
20240918,23.83,0.0,76.33,2.01
20240919,23.62,0.34,76.7,1.76
20240920,24.22,0.13,75.41,1.58
20240921,24.08,0.57,77.38,1.91
20240922,24.35,1.19,77.08,1.89
20240923,24.34,0.8,75.06,2.61
20240924,24.21,0.39,76.0,2.61
20240925,24.67,0.12,73.52,2.9
20240926,24.94,0.54,72.05,2.04
20240927,24.68,0.31,69.97,1.44
20240928,25.01,1.56,75.75,1.01
20240929,24.36,6.79,80.97,0.99
20240930,23.98,9.42,84.7,0.98
20241001,24.35,6.37,81.74,0.91
20241002,24.12,6.22,82.16,1.11
20241003,25.0,0.14,80.87,0.83
20241004,24.45,12.22,83.62,0.77
20241005,24.07,8.33,81.23,0.96
20241006,23.49,7.1,84.89,0.74
20241007,23.77,5.69,86.82,1.68
20241008,23.66,9.17,85.97,0.75
20241009,24.29,5.22,84.25,0.88
20241010,23.93,1.7,83.48,0.57
20241011,23.13,22.02,86.22,0.62
20241012,23.49,33.9,86.98,0.68
20241013,23.34,27.44,88.82,0.81
20241014,22.73,11.73,90.68,0.71
20241015,22.2,7.23,85.31,1.16
20241016,22.11,0.78,81.95,1.58
20241017,22.98,0.58,85.31,1.59
20241018,24.09,1.85,82.62,0.82
20241019,23.25,5.77,87.04,0.52
20241020,23.86,15.1,85.4,0.59
20241021,23.73,6.42,88.34,0.48
20241022,23.72,16.57,84.06,0.7
20241023,24.15,6.15,82.26,0.61
20241024,22.23,8.37,88.48,0.99
20241025,23.65,24.16,86.42,0.83
20241026,23.66,3.31,84.78,0.86
20241027,23.42,0.26,86.19,1.05
20241028,23.4,1.67,84.27,0.94
20241029,24.08,0.58,78.96,0.71
20241030,24.54,0.13,80.06,0.54
20241031,24.4,3.53,84.96,0.66
20241101,23.77,7.06,90.4,0.83
20241102,23.0,12.09,93.08,0.98
20241103,22.79,4.3,92.05,1.01
20241104,22.93,3.67,87.65,1.11
20241105,22.09,1.22,86.08,0.99
20241106,22.86,0.04,82.49,0.93
20241107,22.81,2.72,86.77,0.95
20241108,23.03,4.13,89.07,1.16
20241109,22.52,2.64,86.12,1.31
20241110,22.28,0.0,80.2,1.41
20241111,22.33,0.0,78.09,1.17
20241112,22.98,0.23,80.38,0.99
20241113,22.59,0.52,90.01,0.97
20241114,22.62,8.52,92.62,1.22
20241115,22.06,5.61,91.67,1.15
20241116,22.33,8.29,90.46,1.18
20241117,22.7,6.88,90.66,1.37
20241118,22.12,4.48,90.75,1.58
20241119,22.22,4.47,89.28,1.53
20241120,21.37,2.93,90.36,1.48
20241121,21.82,2.17,87.97,1.17
20241122,21.62,0.07,88.64,1.01
20241123,22.01,0.0,87.28,1.16
20241124,21.99,0.0,87.46,1.26
20241125,21.15,0.01,85.82,1.14
20241126,20.52,10.85,91.86,1.18
20241127,20.78,3.74,93.09,1.39
20241128,21.48,1.31,85.69,1.22
20241129,21.67,4.66,89.75,1.3
20241130,22.43,2.72,91.95,1.2
20241201,23.3,6.68,90.0,1.66
20241202,23.44,16.27,91.41,1.45
20241203,23.76,1.43,88.9,0.8
20241204,22.8,0.9,87.2,1.17
20241205,22.15,1.26,89.48,0.95
20241206,22.49,0.16,85.49,1.03
20241207,22.59,0.12,86.42,1.07
20241208,22.08,0.14,85.44,0.89
20241209,22.41,0.02,81.28,0.91
20241210,22.03,0.0,82.93,1.1
20241211,21.49,3.49,88.78,1.38
20241212,20.9,39.76,93.55,1.45
20241213,21.55,48.11,96.08,2.07
20241214,21.21,13.6,92.29,1.5
20241215,19.83,0.98,86.34,1.42
20241216,19.82,0.0,89.38,1.07
20241217,22.05,0.0,82.01,0.72
20241218,23.15,0.0,80.27,0.84
20241219,23.27,0.0,83.89,0.6
20241220,23.38,0.09,81.7,0.68
20241221,23.7,1.9,81.46,0.66
20241222,23.16,2.48,86.41,0.69
20241223,23.33,1.81,82.1,0.49
20241224,22.75,0.03,78.69,0.38
20241225,22.77,0.0,78.15,0.69
20241226,22.83,0.03,84.53,0.78
20241227,22.31,3.52,89.08,1.4
20241228,21.19,0.33,86.79,1.36
20241229,21.07,0.14,87.05,1.25
20241230,21.6,2.46,91.53,1.62
20241231,21.68,0.83,89.73,2.09
20250101,20.21,0.03,84.82,1.66
20250102,19.3,0.0,85.37,1.36
20250103,18.93,0.0,85.29,1.53
20250104,19.03,0.0,83.81,1.22
20250105,19.29,0.01,81.23,1.08
20250106,19.36,0.0,78.05,1.04
20250107,20.02,0.0,81.1,0.96
20250108,20.44,0.0,83.45,1.04
20250109,19.9,0.0,83.92,1.11
20250110,21.21,0.01,85.99,1.22
20250111,21.28,0.11,83.04,1.24
20250112,21.61,0.09,84.48,1.31
20250113,22.71,0.6,85.66,1.32
20250114,21.68,1.03,83.87,1.54
20250115,21.38,1.06,85.63,1.86
20250116,21.03,0.01,81.66,1.76
20250117,20.27,0.0,82.16,1.55
20250118,19.45,9.93,90.78,1.29
20250119,20.71,6.62,90.95,1.31
20250120,21.64,0.9,84.15,1.23
20250121,20.48,0.0,76.25,1.25
20250122,21.38,0.08,81.8,1.19
20250123,21.27,0.03,79.68,1.24
20250124,20.73,0.0,77.51,1.23
20250125,21.35,0.0,78.94,1.35
20250126,20.62,0.0,75.93,1.45
20250127,20.59,0.0,73.62,1.23
20250128,21.17,0.0,73.07,0.96
20250129,21.49,0.0,70.84,1.14
20250130,22.07,0.13,82.86,1.03
20250131,23.22,0.7,83.13,1.11
20250201,23.6,0.05,79.63,1.2
20250202,23.58,0.0,71.26,1.09
20250203,22.99,0.0,67.04,0.94
20250204,22.1,0.0,60.7,1.21
20250205,21.56,0.0,73.3,1.27
20250206,21.53,0.0,74.19,1.21
20250207,21.34,0.0,66.9,1.31
20250208,21.29,0.0,72.8,1.45
20250209,22.15,0.0,71.2,1.44
20250210,22.04,0.0,71.86,1.31
20250211,22.19,0.0,66.25,1.16
20250212,22.77,0.0,67.96,1.24
20250213,22.77,0.0,59.07,1.23
20250214,22.83,0.0,50.19,1.2
20250215,23.07,0.0,55.14,1.26
20250216,22.91,0.0,61.0,1.21
20250217,22.48,0.0,65.94,1.32
20250218,22.67,0.0,62.6,1.26
20250219,23.38,0.0,61.61,1.17
20250220,23.77,0.0,59.62,1.22
20250221,23.32,0.0,64.22,1.36
20250222,23.74,0.0,62.72,1.29
20250223,24.23,0.0,57.06,1.46
20250224,23.4,0.0,63.47,1.46
20250225,23.55,0.76,70.62,1.6
20250226,23.31,1.64,73.88,1.76
20250227,24.0,0.12,67.5,1.67
20250228,23.21,3.79,75.39,1.57
20250301,24.16,4.71,80.99,1.77
20250302,24.04,0.53,78.3,1.33
20250303,24.96,0.13,70.87,1.24
20250304,25.12,0.0,55.81,1.32
20250305,25.75,0.0,48.47,1.42
20250306,25.86,0.0,50.26,1.33
20250307,26.29,0.26,52.85,1.08
20250308,26.32,1.72,63.44,1.06
20250309,25.1,0.26,58.28,1.38
20250310,23.95,0.01,59.75,1.65
20250311,23.57,8.54,81.59,2.19
20250312,22.57,14.12,85.09,1.06
20250313,24.93,3.26,68.94,1.16
20250314,25.51,0.0,61.48,1.37
20250315,25.52,0.0,58.56,1.22
20250316,25.54,0.7,67.36,1.05
20250317,25.54,2.42,73.24,0.74
20250318,26.25,0.1,67.95,0.99
20250319,26.44,0.13,65.12,1.33
20250320,25.55,0.66,68.38,1.42
20250321,25.57,1.36,73.0,1.2
20250322,25.83,3.08,74.44,1.18
20250323,25.55,2.61,74.83,1.15
20250324,25.87,0.52,68.19,1.2
20250325,26.06,0.32,60.7,1.21
20250326,26.49,0.2,57.65,1.01
20250327,26.54,0.73,62.63,0.92
20250328,27.11,0.02,59.01,1.29
20250329,26.36,0.0,53.2,1.49
20250330,25.94,0.0,44.7,1.44
20250331,26.55,0.07,46.94,1.26
20250401,26.19,3.31,64.94,0.89
20250402,25.29,17.68,76.12,1.33
20250403,24.87,12.9,76.73,0.99
20250404,25.36,3.74,69.45,1.01
20250405,25.68,9.76,70.21,0.79
20250406,25.46,17.63,77.86,0.81
20250407,25.38,13.3,77.27,0.95
20250408,26.01,0.5,69.3,1.03
20250409,25.11,1.19,72.49,0.84
20250410,25.06,0.54,75.64,1.09
20250411,25.63,4.62,73.7,1.04
20250412,25.19,3.7,75.74,1.15
20250413,26.88,0.35,66.58,1.02
20250414,27.4,1.62,62.4,1.14
20250415,26.72,2.74,65.89,1.05
20250416,27.28,0.01,64.91,0.68
20250417,27.3,0.7,66.4,0.72
20250418,27.7,2.18,67.77,0.52
20250419,27.43,0.57,68.29,0.95
20250420,26.78,1.57,68.94,0.79
20250421,27.28,0.81,67.75,1.03
20250422,27.23,0.74,62.94,1.11
20250423,27.54,0.41,62.52,0.87
20250424,27.68,0.95,68.39,0.88
20250425,27.58,0.45,70.85,0.81
20250426,26.87,1.35,72.42,0.82
20250427,26.3,5.7,73.59,0.58
20250428,24.83,1.6,80.86,0.88
20250429,26.5,0.94,71.94,0.81
20250430,25.23,1.78,82.11,1.15
20250501,27.03,0.04,70.8,0.87
20250502,26.4,2.07,79.31,0.51
20250503,27.41,1.59,71.26,0.89
20250504,27.36,0.75,63.65,1.34
20250505,25.7,4.28,72.94,0.69
20250506,26.12,1.21,75.06,0.9
20250507,25.01,6.82,80.01,1.06
20250508,26.05,5.65,74.7,0.93
20250509,26.94,0.14,68.28,0.83
20250510,27.1,0.38,67.68,0.94
20250511,27.35,0.57,66.61,1.09
20250512,27.3,1.7,70.76,1.07
20250513,27.36,4.11,72.45,0.93
20250514,25.7,4.7,78.02,1.22
20250515,25.67,17.25,78.65,0.99
20250516,26.68,6.39,73.62,1.22
20250517,24.85,5.63,77.61,1.44
20250518,24.51,16.56,80.04,1.26
20250519,25.24,7.28,79.49,1.13
20250520,24.76,1.69,75.55,2.35
20250521,24.79,0.43,69.58,3.19
20250522,25.88,0.08,71.23,2.22
20250523,25.6,6.02,78.68,2.64
20250524,25.11,5.01,76.39,3.37
20250525,24.56,9.01,79.73,3.54
20250526,25.1,9.88,77.51,4.11
20250527,25.8,5.39,79.32,3.76
20250528,25.97,2.49,76.71,4.52
20250529,25.11,6.63,74.61,4.52
20250530,23.96,3.15,75.12,4.51
20250531,24.26,0.81,73.5,3.33
20250601,25.22,3.06,73.26,2.36
20250602,25.01,2.43,79.64,1.98
20250603,25.44,1.98,74.97,2.13
20250604,24.43,0.79,73.08,2.25
20250605,26.1,0.42,66.35,1.42
20250606,27.14,2.64,70.89,1.16
20250607,26.44,0.74,73.08,1.68
20250608,26.39,0.98,73.44,1.56
20250609,25.01,0.88,78.36,2.24
20250610,25.24,2.91,74.73,2.82
20250611,24.34,3.24,78.69,2.86
20250612,25.22,4.61,76.13,3.3
20250613,24.77,4.17,72.08,4.2
20250614,24.95,3.58,73.69,4.11
20250615,23.56,6.45,76.5,4.23
20250616,24.77,1.7,72.01,4.37
20250617,24.9,3.74,75.48,3.45
20250618,25.07,1.08,75.7,2.89
20250619,24.51,0.88,76.57,3.08
20250620,24.27,2.21,78.84,2.32
20250621,24.59,0.57,79.11,2.22
20250622,24.99,5.52,78.11,2.68
20250623,24.34,0.52,68.69,3.62
20250624,24.75,1.21,74.73,3.27
20250625,25.15,4.74,72.43,3.23
20250626,24.89,0.34,72.63,3.54
20250627,24.57,3.74,70.51,3.14
20250628,24.7,0.79,73.05,3.28
20250629,24.89,0.19,69.88,2.83
20250630,24.71,0.24,75.72,2.45
20250701,24.69,0.55,76.4,2.59
20250702,24.61,1.0,70.12,3.96
20250703,24.16,0.6,68.46,3.56
20250704,23.93,0.44,70.75,3.14
20250705,24.38,0.44,73.24,3.02
20250706,25.13,0.57,72.39,3.62
20250707,25.26,0.38,72.75,3.59
20250708,25.48,0.24,72.05,3.08
20250709,25.74,0.3,71.04,3.18
20250710,25.61,1.31,72.25,2.65
20250711,25.14,2.91,75.32,2.54
20250712,25.32,6.68,73.04,2.88
20250713,24.91,1.16,72.28,2.88
20250714,24.33,0.25,67.21,3.78
20250715,24.99,0.55,67.62,3.5
20250716,24.45,10.21,74.43,3.1
20250717,24.78,1.19,70.94,3.48
20250718,24.92,3.87,73.55,3.17
20250719,23.97,4.77,75.05,4.4
20250720,23.82,2.78,71.69,3.93
20250721,24.04,1.92,73.59,2.79
20250722,24.87,2.52,73.97,2.8
20250723,24.6,2.54,72.35,3.96
20250724,24.09,3.42,69.21,4.54
20250725,23.68,2.32,69.44,4.42
20250726,23.91,3.68,74.17,3.9
20250727,24.11,1.24,72.47,3.51
20250728,24.26,0.03,69.5,3.75
20250729,24.54,0.02,70.42,4.07
20250730,25.46,0.33,69.65,3.86
20250731,25.41,2.69,72.82,3.31
20250801,24.98,2.31,75.91,2.22
20250802,23.57,6.77,86.66,1.58
20250803,23.85,4.94,82.58,1.67
20250804,24.8,4.93,79.3,1.26
20250805,24.18,7.63,82.32,1.6
20250806,24.06,4.09,78.48,2.11
20250807,24.78,0.5,76.75,1.94
20250808,24.9,1.96,77.67,0.88
20250809,23.94,1.73,83.68,0.93
20250810,23.28,18.95,86.89,0.92
20250811,23.82,0.44,75.24,2.17
20250812,23.29,0.64,74.91,2.4
20250813,23.27,2.17,70.72,3.32
20250814,23.15,2.32,72.45,3.3
20250815,23.42,2.1,74.22,3.83
20250816,23.82,2.27,76.46,3.25
20250817,23.65,2.79,77.85,3.38
20250818,23.99,0.33,75.22,3.57
20250819,24.33,0.1,71.46,3.82
20250820,23.23,0.05,75.62,2.06
20250821,25.46,2.34,73.26,1.13
20250822,25.54,1.65,76.38,0.82
20250823,25.35,3.12,74.01,1.21
20250824,25.28,5.75,73.09,1.44
20250825,24.87,1.12,74.77,1.39
20250826,24.96,0.15,73.42,2.37
20250827,24.36,2.08,76.1,2.95
20250828,23.65,3.04,78.62,3.26
20250829,24.38,1.49,70.16,3.33
20250830,24.6,3.83,74.77,2.51
20250831,24.51,5.63,78.55,2.06
20250901,24.62,0.11,72.71,3.04
20250902,24.74,0.05,71.45,3.1
20250903,24.52,1.14,72.94,2.89
20250904,24.76,0.35,73.34,2.62
20250905,25.22,2.76,75.75,1.79
20250906,26.0,1.89,72.8,1.63
20250907,24.54,4.08,79.43,1.58
20250908,25.65,3.1,73.82,1.3
20250909,25.38,14.68,80.03,0.77
20250910,24.82,25.11,80.76,1.01
20250911,25.07,8.8,77.43,0.96
20250912,24.15,2.98,81.32,1.05
20250913,24.14,0.04,75.89,1.3
20250914,24.86,1.41,74.56,1.32
20250915,24.63,5.16,77.46,1.53
20250916,24.59,7.38,81.71,1.1
20250917,23.72,14.7,85.98,1.26
20250918,23.77,4.85,84.86,1.37
20250919,23.18,1.19,79.4,1.51
20250920,23.44,0.36,76.59,1.41
20250921,24.34,2.76,78.56,1.52
20250922,24.52,0.52,80.47,1.51
20250923,24.3,1.11,81.19,2.13
20250924,24.34,1.32,79.53,2.13
20250925,23.64,14.04,79.27,2.21
20250926,23.29,2.64,77.6,2.73
20250927,23.17,2.49,75.07,3.16
20250928,22.72,1.3,78.2,2.91
20250929,23.92,0.62,78.42,2.57
20250930,23.52,0.04,80.43,1.94
20251001,24.39,0.0,76.53,1.93
20251002,24.45,1.23,79.26,1.37
20251003,24.66,4.86,78.29,0.78
20251004,24.29,1.65,77.79,1.15
20251005,24.39,5.96,77.94,1.15
20251006,24.68,1.2,75.89,1.05
20251007,24.5,0.46,76.92,0.46
20251008,25.01,0.8,76.74,0.84
20251009,24.05,10.24,85.03,0.71
20251010,23.96,7.68,81.17,0.75
20251011,25.5,4.33,76.55,0.84
20251012,24.09,6.91,84.62,1.19
20251013,24.62,2.75,81.25,1.12
20251014,23.68,7.51,85.27,1.53
20251015,23.14,8.71,88.64,1.23
20251016,22.62,6.13,92.85,1.48
20251017,23.38,14.11,93.02,1.56
20251018,23.32,15.85,93.4,1.58
20251019,22.55,9.29,94.2,1.39
20251020,22.46,19.37,92.11,1.28
20251021,22.21,17.38,91.02,0.96
20251022,22.6,27.96,90.61,1.23
20251023,23.24,1.58,85.95,1.34
20251024,23.23,13.52,89.13,1.29
20251025,23.69,2.72,80.67,1.31
20251026,23.87,0.17,82.97,0.84
20251027,22.53,4.21,88.08,1.72
20251028,23.18,1.57,85.75,2.25
20251029,23.57,0.83,85.4,1.82
20251030,23.61,0.07,84.04,1.16
20251031,23.93,0.0,80.54,0.96
20251101,24.21,0.0,77.49,0.91
20251102,24.2,0.0,74.7,0.91
20251103,24.21,0.0,78.23,1.03
20251104,23.49,0.0,85.39,1.13
20251105,24.06,1.53,83.44,0.52
20251106,23.97,4.52,79.8,0.93
20251107,23.12,0.04,83.77,0.49
20251108,22.88,7.35,86.03,0.98
20251109,21.85,1.85,83.32,0.92
20251110,21.85,0.4,86.22,0.88
20251111,22.59,3.45,88.23,1.08
20251112,22.76,3.15,87.44,1.15
20251113,22.13,0.95,87.95,1.28
20251114,22.1,1.79,87.82,1.52
20251115,21.4,0.05,79.33,1.06
20251116,22.21,0.17,85.99,1.29
20251117,21.52,1.18,88.71,1.34
20251118,21.4,11.11,92.21,1.25
20251119,22.3,2.35,87.97,1.59
20251120,22.81,0.06,81.31,1.19
20251121,23.07,7.42,86.04,1.24
20251122,22.12,8.5,92.81,1.4
20251123,21.91,37.68,92.0,1.43
20251124,21.5,12.47,93.14,1.65
20251125,21.38,0.6,88.99,1.71
20251126,20.74,0.0,88.88,1.63
20251127,19.89,0.07,88.76,1.48
20251128,18.66,6.45,90.91,1.31
20251129,19.19,24.53,91.59,1.31
20251130,21.37,3.43,87.09,1.26
20251201,22.39,3.84,86.82,0.74
20251202,22.43,13.52,92.37,0.87
20251203,22.57,5.38,84.1,0.81
20251204,22.07,5.88,83.85,0.81
20251205,21.8,3.92,91.42,1.76
20251206,21.49,1.42,90.36,1.52
20251207,20.78,0.86,90.32,1.26
20251208,20.15,0.04,87.74,1.18
20251209,20.36,0.05,89.01,1.2
20251210,20.21,0.08,87.27,1.33
20251211,19.71,0.0,84.77,1.38
20251212,20.07,0.0,87.57,1.26
20251213,19.21,0.0,83.7,1.22
20251214,17.96,0.0,77.54,1.14
20251215,18.04,0.0,77.5,1.15
20251216,20.33,2.67,90.72,1.43
20251217,21.67,2.51,89.79,1.81
20251218,18.54,0.01,86.17,1.52
20251219,18.26,0.0,83.03,1.26
20251220,18.41,0.0,80.81,0.98
20251221,18.57,0.0,79.18,1.18
20251222,18.68,0.0,82.37,1.17
20251223,18.94,0.0,81.19,1.03
20251224,19.43,0.0,81.64,0.92
20251225,19.11,0.0,80.13,0.94
20251226,20.11,0.0,84.26,1.22
20251227,19.97,0.0,82.16,1.07
20251228,20.45,0.0,81.55,1.01
20251229,21.22,0.0,83.96,1.06
20251230,22.44,0.0,77.34,0.71
20251231,22.87,1.0,77.16,0.58
