Date,T2M,PRECTOTCORR,RH2M,WS2M
20050101,24.87,0.05,83.06,2.65
20050102,25.38,0.01,79.87,3.09
20050103,25.26,0.01,79.31,2.82
20050104,25.21,0.0,76.91,3.34
20050105,25.07,0.01,79.52,3.67
20050106,24.49,0.0,75.84,3.45
20050107,24.93,0.0,77.57,3.97
20050108,25.43,0.0,76.69,3.57
20050109,24.06,0.0,79.37,3.5
20050110,24.59,0.0,74.17,2.76
20050111,24.38,0.0,70.8,2.42
20050112,24.13,0.0,71.35,2.53
20050113,24.61,0.0,73.62,3.24
20050114,24.35,0.0,72.31,3.49
20050115,24.77,0.0,69.59,3.33
20050116,24.95,0.0,73.22,2.97
20050117,25.9,0.0,74.2,2.45
20050118,26.68,0.84,76.31,2.24
20050119,27.12,0.9,77.08,2.59
20050120,27.27,0.57,75.17,4.08
20050121,26.4,3.25,79.37,4.8
20050122,26.42,3.74,80.17,3.99
20050123,26.94,0.53,76.45,3.64
20050124,26.24,0.33,81.3,2.8
20050125,26.92,0.01,75.75,3.17
20050126,26.75,0.0,73.85,3.12
20050127,26.47,0.24,72.55,2.31
20050128,26.33,0.09,73.75,1.96
20050129,26.96,1.61,72.29,2.21
20050130,26.81,2.78,74.13,2.39
20050131,27.35,0.87,75.48,2.17
20050201,27.8,0.23,74.62,2.17
20050202,27.69,0.13,73.0,3.33
20050203,27.66,0.02,69.56,3.24
20050204,27.82,0.0,67.79,3.48
20050205,27.87,0.0,66.1,3.09
20050206,27.83,0.0,63.04,3.38
20050207,26.94,0.0,64.26,3.38
20050208,27.52,0.0,65.99,4.24
20050209,27.35,0.01,64.42,4.99
20050210,27.59,0.01,62.91,4.77
20050211,27.59,0.0,61.21,4.35
20050212,27.0,0.0,63.04,4.29
20050213,27.17,0.0,61.79,3.9
20050214,26.55,0.0,66.56,2.87
20050215,27.3,0.0,63.32,1.72
20050216,27.59,0.0,60.37,1.82
20050217,27.87,0.0,62.32,1.94
20050218,27.99,0.0,59.18,2.07
20050219,27.82,0.0,64.19,2.37
20050220,27.53,0.0,66.81,2.27
20050221,28.61,0.49,66.24,2.26
20050222,28.48,1.83,72.22,2.25
20050223,29.59,0.29,67.52,3.06
20050224,29.79,0.0,65.6,3.37
20050225,29.28,0.0,63.79,3.13
20050226,28.57,0.0,59.41,2.7
20050227,28.36,0.0,59.5,3.0
20050228,27.9,0.0,59.93,2.86
20050301,27.44,0.0,66.55,2.68
20050302,28.61,0.0,64.4,2.98
20050303,28.68,0.0,63.78,2.76
20050304,29.36,0.47,65.53,2.53
20050305,28.98,4.99,72.22,2.33
20050306,28.53,3.16,74.57,2.27
20050307,28.4,0.61,74.12,2.48
20050308,28.66,0.01,69.03,2.44
20050309,28.46,0.18,71.0,2.61
20050310,28.7,0.57,69.05,2.02
20050311,28.52,4.73,71.76,1.88
20050312,28.95,1.48,68.99,1.85
20050313,29.96,1.64,66.43,2.17
20050314,29.45,1.23,66.91,2.36
20050315,29.4,0.0,62.76,2.91
20050316,29.25,0.0,59.91,2.83
20050317,28.57,0.0,60.02,3.26
20050318,28.89,0.35,65.81,2.87
20050319,29.43,4.4,67.53,2.81
20050320,30.05,0.14,64.23,2.48
20050321,30.34,0.07,61.2,2.27
20050322,30.94,0.0,56.21,2.19
20050323,32.1,0.0,56.02,2.27
20050324,32.21,0.44,55.2,2.79
20050325,32.21,0.23,53.8,2.52
20050326,31.97,0.0,50.91,2.63
20050327,31.95,0.23,53.12,2.59
20050328,31.74,0.09,55.38,2.04
20050329,32.31,0.01,55.22,3.0
20050330,31.63,2.55,59.58,2.9
20050331,30.65,0.54,61.92,2.18
20050401,31.29,0.06,59.18,2.92
20050402,29.66,14.62,73.18,2.01
20050403,27.52,16.71,86.51,2.3
20050404,25.8,71.52,89.25,3.08
20050405,26.36,28.02,89.8,3.3
20050406,26.96,22.91,87.4,1.51
20050407,26.93,11.73,88.04,1.98
20050408,27.21,1.17,86.31,2.18
20050409,27.46,0.3,85.56,2.14
20050410,27.8,2.05,85.17,2.36
20050411,27.91,8.33,86.81,2.59
20050412,27.92,1.25,85.56,2.25
20050413,27.85,2.27,83.68,1.62
20050414,27.9,0.21,81.06,1.25
20050415,28.35,1.3,79.73,1.28
20050416,28.34,9.93,78.25,1.25
20050417,28.3,6.19,80.17,1.58
20050418,28.29,5.09,81.62,1.68
20050419,27.64,11.49,85.06,1.34
20050420,27.57,19.84,85.57,1.68
20050421,27.2,4.91,83.08,1.19
20050422,27.51,2.65,80.87,1.16
20050423,27.87,1.12,80.84,1.2
20050424,27.94,0.77,83.21,1.1
20050425,27.98,5.71,81.53,0.81
20050426,29.03,0.91,76.75,0.88
20050427,28.53,0.09,83.32,1.6
20050428,28.79,0.07,82.32,1.85
20050429,29.51,0.08,80.78,1.65
20050430,29.55,8.07,81.02,2.12
20050501,29.44,2.0,79.02,2.02
20050502,28.45,27.01,84.49,1.41
20050503,28.68,6.3,83.31,2.04
20050504,27.95,0.81,84.18,2.19
20050505,28.53,0.05,78.32,2.22
20050506,28.04,0.13,80.76,2.48
20050507,28.33,0.2,80.69,2.8
20050508,29.51,0.01,75.87,2.22
20050509,29.3,0.0,75.59,3.83
20050510,28.97,0.0,72.84,3.44
20050511,29.17,0.04,74.78,3.29
20050512,29.01,0.06,79.55,3.28
20050513,28.9,0.01,79.58,2.93
20050514,28.48,0.63,83.88,2.95
20050515,28.84,0.2,81.96,3.49
20050516,28.57,0.03,81.92,3.36
20050517,29.51,0.03,73.42,3.87
20050518,30.16,0.01,71.05,3.1
20050519,30.52,0.02,72.96,3.03
20050520,30.42,0.05,74.08,3.39
20050521,29.95,0.07,75.1,3.24
20050522,30.24,1.13,74.17,3.51
20050523,30.11,0.26,73.51,3.89
20050524,30.0,0.02,74.74,3.57
20050525,29.47,0.34,77.64,2.86
20050526,29.56,19.66,76.94,2.82
20050527,28.83,6.92,79.54,2.88
20050528,28.58,0.59,77.05,2.52
20050529,28.59,56.69,80.33,2.8
20050530,27.56,14.56,84.97,3.06
20050531,27.91,3.47,82.59,4.27
20050601,28.34,2.02,82.63,4.18
20050602,28.45,0.28,82.37,4.43
20050603,28.3,0.06,83.94,3.53
20050604,27.87,8.02,85.83,3.32
20050605,27.21,14.52,87.9,3.09
20050606,27.22,3.37,87.03,3.04
20050607,27.46,5.59,86.54,3.22
20050608,28.42,5.98,86.07,4.16
20050609,27.68,30.42,88.74,4.76
20050610,27.78,10.0,85.25,4.5
20050611,27.9,3.43,85.65,3.96
20050612,27.97,4.9,84.81,3.97
20050613,27.24,2.96,84.97,4.57
20050614,27.77,0.31,81.34,3.85
20050615,27.61,4.63,81.11,4.63
20050616,27.1,16.2,87.48,4.45
20050617,26.91,5.64,85.99,4.99
20050618,26.7,1.82,83.8,4.81
20050619,26.63,20.1,86.55,4.57
20050620,26.58,5.64,86.99,4.68
20050621,26.45,1.96,85.65,4.51
20050622,26.84,0.81,83.94,3.76
20050623,26.99,0.02,85.16,3.69
20050624,27.61,3.61,82.99,4.43
20050625,27.45,11.11,85.65,4.42
20050626,26.94,3.12,85.78,4.35
20050627,27.11,0.62,84.42,4.14
20050628,27.2,0.18,82.92,4.02
20050629,26.44,0.27,84.18,3.65
20050630,26.92,12.84,84.08,3.83
20050701,27.12,7.23,84.92,4.05
20050702,26.72,1.33,86.63,3.54
20050703,26.76,4.74,85.64,3.72
20050704,26.81,4.57,86.69,3.94
20050705,26.9,2.65,85.62,4.29
20050706,26.55,0.64,83.95,4.55
20050707,27.0,0.09,80.85,4.75
20050708,26.66,4.17,84.87,5.15
20050709,26.72,6.91,85.52,4.79
20050710,25.9,17.18,85.83,4.97
20050711,26.43,3.46,83.46,4.95
20050712,26.6,0.07,84.19,3.7
20050713,26.51,1.48,84.73,3.16
20050714,26.74,3.79,83.68,3.27
20050715,26.28,1.83,86.06,3.25
20050716,26.73,6.14,84.61,3.28
20050717,26.76,1.36,82.48,4.61
20050718,26.95,0.37,83.08,3.88
20050719,26.95,0.4,84.32,3.97
20050720,26.87,0.66,84.04,4.07
20050721,26.93,0.01,82.21,4.03
20050722,27.0,3.64,83.44,4.17
20050723,26.79,3.92,83.69,4.95
20050724,26.96,0.28,82.52,5.39
20050725,27.04,1.42,82.6,5.62
20050726,26.75,6.44,84.01,6.0
20050727,26.87,16.9,84.91,4.92
20050728,26.82,18.3,85.59,4.35
20050729,26.13,24.27,88.4,4.24
20050730,25.89,11.28,83.63,5.26
20050731,26.52,11.79,84.13,5.83
20050801,26.52,6.42,84.41,5.74
20050802,26.31,1.45,83.32,5.07
20050803,26.33,0.57,81.86,4.09
20050804,26.75,0.35,82.65,4.27
20050805,27.03,0.08,81.2,3.94
20050806,27.1,0.0,80.72,3.58
20050807,27.38,0.0,79.51,3.84
20050808,27.33,0.0,79.68,3.86
20050809,27.26,0.14,81.05,3.62
20050810,27.24,0.09,81.28,4.44
20050811,27.44,0.19,80.17,4.19
20050812,27.24,0.04,77.91,4.49
20050813,27.48,0.85,79.24,3.8
20050814,27.07,0.2,79.99,4.5
20050815,27.52,1.54,78.34,4.81
20050816,27.16,0.18,79.25,4.31
20050817,27.36,0.0,78.55,3.68
20050818,27.4,0.0,76.06,3.67
20050819,27.08,0.03,79.24,4.24
20050820,27.14,0.0,78.07,3.8
20050821,28.04,0.16,73.93,2.87
20050822,27.89,0.09,75.57,2.34
20050823,27.95,0.24,76.4,3.16
20050824,27.66,0.07,75.7,3.62
20050825,27.8,4.06,76.37,3.68
20050826,28.28,2.48,74.8,2.51
20050827,27.34,1.8,79.7,3.22
20050828,28.01,0.09,76.45,3.03
20050829,28.68,0.3,73.91,3.43
20050830,28.86,5.07,73.71,3.0
20050831,28.23,10.17,78.03,4.14
20050901,28.34,3.1,77.22,3.9
20050902,27.29,25.68,84.05,3.91
20050903,27.16,5.81,85.78,3.55
20050904,26.87,37.53,86.27,4.91
20050905,26.27,18.67,83.92,5.74
20050906,26.03,4.26,85.16,4.45
20050907,25.85,6.44,85.39,4.75
20050908,26.67,0.71,81.61,5.75
20050909,27.03,0.13,81.49,4.83
20050910,26.69,13.96,85.17,4.47
20050911,25.94,17.68,87.09,4.22
20050912,26.37,1.2,84.83,4.1
20050913,26.38,1.97,84.82,4.08
20050914,26.79,0.29,84.93,3.58
20050915,26.51,6.54,85.47,2.86
20050916,27.11,0.26,83.38,3.01
20050917,27.66,0.0,80.08,3.27
20050918,27.53,0.0,79.58,3.93
20050919,26.73,3.13,81.2,4.56
20050920,26.94,3.33,81.32,4.79
20050921,26.88,0.29,81.57,3.94
20050922,27.6,0.03,79.55,3.55
20050923,27.53,0.01,79.54,3.53
20050924,27.68,0.08,78.32,3.18
20050925,27.75,0.23,77.89,3.23
20050926,27.49,0.0,78.03,3.24
20050927,28.1,0.0,74.98,3.38
20050928,27.45,1.66,77.95,3.14
20050929,27.99,0.07,75.11,3.76
20050930,27.97,0.01,72.86,3.78
20051001,27.94,0.01,69.36,2.51
20051002,27.58,0.74,77.99,2.14
20051003,28.15,0.32,76.08,2.09
20051004,28.68,5.27,74.99,1.44
20051005,28.53,1.33,75.45,1.73
20051006,28.76,0.11,75.43,1.34
20051007,28.09,0.45,79.74,1.17
20051008,27.46,16.63,81.13,2.41
20051009,26.95,1.68,80.45,2.2
20051010,28.0,5.19,78.69,1.36
20051011,26.39,32.23,87.25,1.57
20051012,26.34,31.92,89.37,2.97
20051013,26.3,6.02,85.12,3.81
20051014,27.07,2.97,84.18,3.36
20051015,27.24,0.84,84.97,2.22
20051016,27.56,0.01,80.09,2.1
20051017,27.4,0.09,81.71,2.35
20051018,26.69,7.72,84.72,2.02
20051019,26.72,1.74,81.96,3.14
20051020,27.19,0.35,80.69,2.67
20051021,26.97,34.83,86.3,2.08
20051022,26.59,50.37,90.48,2.31
20051023,26.42,9.77,88.06,3.34
20051024,25.99,28.59,89.88,2.23
20051025,25.96,22.49,90.08,1.92
20051026,26.31,6.32,85.49,2.21
20051027,26.28,0.34,84.76,3.38
20051028,26.31,0.16,85.47,3.65
20051029,27.1,2.05,83.92,3.33
20051030,27.18,2.58,85.02,3.64
20051031,27.1,1.01,84.48,2.78
20051101,26.7,4.93,86.82,2.55
20051102,25.92,5.1,88.7,2.06
20051103,25.45,4.43,88.49,2.48
20051104,25.07,9.02,91.03,2.48
20051105,24.94,9.8,92.1,2.99
20051106,25.12,36.9,91.45,3.17
20051107,25.38,19.8,89.98,3.38
20051108,25.32,25.57,92.63,3.17
20051109,26.48,8.34,86.8,2.07
20051110,25.5,3.58,90.4,1.58
20051111,25.63,11.82,89.15,1.44
20051112,25.32,17.11,93.58,1.7
20051113,23.36,70.97,91.84,1.98
20051114,23.78,7.54,84.67,1.37
20051115,25.01,0.07,84.36,2.0
20051116,23.45,0.0,87.28,2.86
20051117,22.71,0.26,81.65,2.87
20051118,23.25,0.03,80.82,2.62
20051119,23.35,3.42,86.95,2.73
20051120,23.39,2.83,89.83,2.65
20051121,24.11,8.67,91.05,2.82
20051122,25.25,20.62,94.62,3.76
20051123,25.79,50.63,90.21,1.12
20051124,25.0,44.33,92.13,1.85
20051125,24.85,22.9,90.8,2.58
20051126,25.1,5.28,90.27,2.54
20051127,25.42,4.49,89.93,2.61
20051128,24.74,1.71,89.66,3.54
20051129,23.02,2.37,86.59,2.73
20051130,24.57,14.76,82.82,1.29
20051201,26.39,0.88,80.67,0.73
20051202,26.26,15.43,84.38,1.32
20051203,26.29,12.1,89.07,1.84
20051204,25.93,5.49,89.37,1.19
20051205,25.4,4.05,90.98,2.9
20051206,24.83,0.7,90.32,3.12
20051207,24.27,0.01,87.42,2.91
20051208,23.23,0.0,82.2,2.73
20051209,24.87,1.83,78.13,1.84
20051210,24.74,41.59,88.98,2.2
20051211,24.98,16.52,90.65,2.19
20051212,24.79,3.14,93.63,2.54
20051213,25.52,6.81,92.21,2.98
20051214,25.2,1.98,90.64,3.45
20051215,24.35,0.28,89.08,3.77
20051216,23.5,0.01,87.17,3.52
20051217,24.12,0.25,87.79,2.78
20051218,25.36,1.12,87.78,2.16
20051219,26.41,0.18,82.28,1.18
20051220,26.5,0.03,82.71,1.1
20051221,26.46,0.09,84.88,1.24
20051222,26.1,1.26,86.08,1.41
20051223,26.14,1.09,86.24,1.35
20051224,25.65,0.03,85.32,1.88
20051225,24.75,0.0,85.83,2.5
20051226,24.23,0.0,83.91,3.16
20051227,23.32,0.0,80.84,2.98
20051228,23.42,0.0,81.25,2.61
20051229,23.82,0.0,86.37,2.8
20051230,23.14,0.01,82.15,3.03
20051231,23.4,0.02,84.08,3.21
20060101,23.58,0.08,83.71,3.9
20060102,23.47,0.08,84.76,3.41
20060103,23.65,0.03,87.28,3.16
20060104,24.5,0.41,86.82,3.01
20060105,24.72,1.95,89.33,3.6
20060106,24.62,0.1,86.0,3.66
20060107,24.94,1.47,88.98,3.44
20060108,24.71,6.45,92.99,3.55
20060109,25.14,0.75,89.77,3.24
20060110,25.4,0.04,86.64,3.69
20060111,24.13,0.23,86.53,3.55
20060112,24.57,0.81,88.3,3.72
20060113,24.13,1.32,89.31,3.99
20060114,24.44,3.94,93.53,2.74
20060115,25.13,0.76,90.98,2.56
20060116,24.71,12.49,91.02,2.63
20060117,25.2,0.54,87.45,2.63
20060118,24.2,0.0,83.15,2.64
20060119,22.89,0.0,83.72,2.65
20060120,22.42,0.0,81.59,2.36
20060121,22.63,0.0,80.61,2.12
20060122,23.16,0.0,79.33,2.15
20060123,23.72,0.0,72.53,1.58
20060124,24.21,0.0,67.05,1.39
20060125,24.57,0.0,74.27,2.16
20060126,24.01,0.0,77.55,3.23
20060127,24.54,0.1,81.21,3.92
20060128,24.66,0.01,79.09,4.08
20060129,23.75,0.0,73.85,3.83
20060130,23.7,0.0,71.8,3.38
20060131,24.47,0.0,75.43,3.94
20060201,24.78,0.0,73.37,3.97
20060202,25.08,0.01,75.14,3.68
20060203,25.62,0.3,79.69,3.73
20060204,25.96,1.39,80.71,4.31
20060205,26.42,0.1,77.3,3.91
20060206,25.66,0.0,76.39,3.81
20060207,24.04,0.0,72.77,3.58
20060208,24.43,0.0,71.19,3.88
20060209,25.6,0.01,74.5,3.64
20060210,26.29,0.07,73.65,3.77
20060211,25.97,0.0,73.99,3.72
20060212,26.09,0.0,72.64,3.75
20060213,24.95,0.0,71.51,3.43
20060214,24.67,0.0,72.53,2.53
20060215,26.1,0.0,72.18,2.37
20060216,26.12,0.0,72.17,2.16
20060217,26.4,0.0,70.37,2.01
20060218,26.7,0.0,70.34,2.35
20060219,26.72,0.0,71.47,2.55
20060220,26.56,0.0,67.93,2.83
20060221,26.25,0.0,66.46,2.69
20060222,26.32,0.0,64.68,2.69
20060223,27.1,0.0,63.89,2.82
20060224,26.28,0.0,68.08,2.75
20060225,28.28,0.0,65.28,2.69
20060226,28.46,0.0,68.31,2.65
20060227,28.09,0.0,73.64,2.16
20060228,29.62,0.0,67.37,2.09
20060301,29.67,0.0,67.99,2.04
20060302,29.75,2.5,69.25,2.63
20060303,27.48,28.27,82.93,1.48
20060304,26.84,10.06,82.04,1.74
20060305,28.14,1.41,77.63,2.6
20060306,27.56,9.41,81.36,1.89
20060307,27.86,1.02,78.97,1.76
20060308,27.53,1.25,78.88,2.31
20060309,26.98,1.64,83.31,2.1
20060310,27.3,2.4,80.23,2.07
20060311,27.99,5.51,78.8,1.43
20060312,27.58,1.64,81.32,1.96
20060313,28.27,0.02,74.71,1.37
20060314,28.0,0.03,74.01,1.4
20060315,28.62,0.04,68.85,1.77
20060316,28.06,0.01,71.64,1.11
20060317,28.98,0.01,66.85,1.85
20060318,29.07,0.0,65.81,2.37
20060319,28.79,0.0,68.82,3.2
20060320,28.86,0.0,65.46,3.02
20060321,28.25,0.0,64.22,2.67
20060322,28.31,0.01,60.44,1.87
20060323,29.15,0.0,68.99,2.16
20060324,29.82,0.02,65.72,2.22
20060325,30.12,0.0,64.88,2.2
20060326,30.21,2.93,63.52,2.53
20060327,30.53,0.15,61.74,2.59
20060328,30.17,0.0,61.69,2.36
20060329,30.57,0.04,62.85,2.1
20060330,29.78,1.81,68.74,2.08
20060331,30.31,0.66,65.59,2.24
20060401,30.38,0.02,60.81,2.18
20060402,30.07,0.0,56.72,2.11
20060403,30.49,0.0,56.56,2.29
20060404,30.74,0.0,60.72,2.26
20060405,31.03,0.0,61.2,2.59
20060406,31.65,0.0,57.75,2.95
20060407,32.1,0.0,55.68,3.08
20060408,31.63,0.01,56.71,2.97
20060409,31.44,0.03,57.59,2.93
20060410,31.22,0.77,56.04,2.6
20060411,31.59,0.63,58.26,2.85
20060412,32.1,0.08,57.97,2.8
20060413,31.86,0.89,58.45,2.86
20060414,29.49,2.32,70.85,2.46
20060415,29.93,0.98,68.65,1.56
20060416,29.99,1.4,64.3,2.34
20060417,28.7,33.08,74.64,2.79
20060418,28.14,9.38,78.41,2.4
20060419,29.55,0.15,69.25,2.45
20060420,29.33,0.54,69.67,2.09
20060421,29.52,5.27,69.15,1.51
20060422,30.3,1.82,65.38,1.72
20060423,30.62,0.02,63.22,2.37
20060424,30.52,0.0,64.39,2.1
20060425,30.93,0.07,63.99,2.44
20060426,31.21,0.01,62.96,2.82
20060427,31.45,0.0,62.61,3.51
20060428,30.99,0.0,65.57,3.9
20060429,30.46,0.0,66.21,3.17
20060430,31.61,0.0,62.01,3.46
20060501,31.96,0.0,60.34,3.91
20060502,32.14,0.01,60.39,3.68
20060503,31.84,0.13,61.85,2.57
20060504,30.16,0.16,69.75,1.98
20060505,29.93,0.05,71.78,2.25
20060506,30.7,0.05,66.7,3.1
20060507,30.71,0.04,65.3,3.19
20060508,30.73,0.29,65.68,2.74
20060509,29.83,0.1,70.04,2.59
20060510,29.68,2.36,71.76,2.41
20060511,29.84,1.67,72.55,3.24
20060512,31.32,0.32,63.77,3.29
20060513,30.97,0.03,64.96,3.56
20060514,31.44,0.03,62.94,3.52
20060515,31.18,0.13,61.77,3.96
20060516,30.26,6.16,69.62,3.69
20060517,29.86,0.27,69.55,4.07
20060518,28.7,10.52,74.13,4.31
20060519,28.23,5.32,74.84,3.97
20060520,29.31,0.2,68.76,4.67
20060521,29.03,0.54,71.41,4.59
20060522,29.83,2.4,68.92,4.85
20060523,28.23,27.16,78.36,5.18
20060524,28.33,10.34,75.74,5.1
20060525,27.95,5.35,77.24,5.36
20060526,27.32,22.04,80.58,4.44
20060527,27.33,9.15,81.23,4.75
20060528,26.9,11.09,85.28,4.68
20060529,27.09,23.64,84.03,5.32
20060530,27.58,24.64,84.64,5.47
20060531,26.94,14.62,81.82,5.06
20060601,27.5,0.15,80.22,3.7
20060602,27.34,0.4,83.08,3.07
20060603,27.8,0.12,80.4,3.31
20060604,27.87,0.52,75.59,3.17
20060605,27.14,4.48,81.02,3.41
20060606,27.24,0.66,80.93,3.05
20060607,26.93,0.02,79.8,3.7
20060608,27.74,0.01,77.84,3.61
20060609,27.71,0.08,78.67,3.98
20060610,27.54,0.01,78.83,3.87
20060611,27.97,0.0,75.95,3.85
20060612,28.51,0.0,74.05,3.85
20060613,28.67,0.02,73.82,4.01
20060614,28.96,0.05,71.97,3.99
20060615,29.3,0.34,73.0,3.49
20060616,29.06,1.3,75.48,2.16
20060617,28.83,0.06,71.33,3.79
20060618,29.4,0.07,70.15,2.48
20060619,28.81,0.16,74.29,3.56
20060620,27.65,19.06,81.38,2.58
20060621,27.41,35.8,85.93,3.04
20060622,26.88,29.34,88.06,4.03
20060623,27.08,22.92,83.67,5.45
20060624,27.12,7.8,82.46,5.11
20060625,27.02,0.92,81.16,4.57
20060626,26.91,0.47,82.66,3.71
20060627,27.6,0.13,81.85,3.69
20060628,27.04,3.16,82.49,3.91
20060629,26.38,2.74,83.02,4.5
20060630,27.37,1.89,80.81,4.41
20060701,27.01,2.46,81.09,5.17
20060702,26.81,4.25,83.98,5.21
20060703,26.69,9.78,81.38,5.69
20060704,26.53,38.01,85.92,5.29
20060705,26.95,8.24,84.75,4.33
20060706,26.81,4.19,85.67,3.34
20060707,27.18,1.02,81.88,3.58
20060708,27.58,0.07,81.23,4.03
20060709,27.37,0.32,81.34,4.01
20060710,27.1,12.27,83.14,4.19
20060711,26.66,2.99,84.32,4.52
20060712,25.69,12.09,85.77,4.93
20060713,26.19,0.84,82.33,5.19
20060714,26.19,0.38,84.29,4.33
20060715,26.77,0.53,83.25,4.68
20060716,27.15,0.15,80.7,4.7
20060717,26.96,1.18,81.34,4.83
20060718,26.82,0.25,81.09,4.7
20060719,26.94,0.14,81.25,4.09
20060720,27.25,1.92,79.71,3.86
20060721,27.62,0.1,77.79,3.74
20060722,27.06,0.0,79.09,3.51
20060723,27.42,0.0,76.53,3.26
20060724,27.49,0.0,77.3,2.27
20060725,27.28,0.45,78.82,2.15
20060726,27.19,2.74,81.13,2.98
20060727,26.28,3.06,83.12,4.12
20060728,26.49,0.27,77.29,4.23
20060729,26.44,0.53,82.84,4.66
20060730,27.26,0.08,79.91,3.72
20060731,27.6,1.09,77.87,3.94
20060801,27.3,0.07,79.59,3.73
20060802,27.62,0.06,77.1,4.23
20060803,27.17,0.95,76.6,4.68
20060804,26.79,3.41,79.32,3.99
20060805,27.33,0.3,75.74,3.99
20060806,27.93,0.0,74.97,3.71
20060807,28.17,0.05,73.51,4.23
20060808,28.1,0.06,74.04,4.05
20060809,27.73,3.09,75.49,4.52
20060810,26.88,14.62,81.66,4.44
20060811,27.11,5.32,81.4,4.75
20060812,26.9,3.64,80.44,5.03
20060813,27.02,4.41,79.57,4.99
20060814,26.52,18.5,85.18,4.12
20060815,26.97,11.51,82.96,4.84
20060816,26.2,1.83,79.26,5.83
20060817,26.45,1.42,79.93,5.22
20060818,26.98,4.7,77.78,4.64
20060819,27.31,0.29,79.18,4.05
20060820,27.32,13.11,79.7,2.23
20060821,26.51,11.41,86.49,1.88
20060822,26.84,2.76,84.74,2.16
20060823,27.54,1.26,79.04,3.21
20060824,27.41,7.73,79.26,2.31
20060825,27.46,3.44,79.11,3.26
20060826,27.24,0.02,76.96,3.31
20060827,26.74,0.0,77.79,3.67
20060828,27.31,0.13,76.1,4.16
20060829,27.2,1.55,77.54,4.47
20060830,28.13,0.12,74.88,3.71
20060831,28.36,0.05,74.59,2.85
20060901,28.16,6.82,77.16,2.65
20060902,27.76,3.22,78.83,2.15
20060903,27.78,0.1,81.24,2.57
20060904,28.17,0.17,77.23,1.96
20060905,27.68,0.01,77.92,2.7
20060906,27.81,0.25,78.23,1.82
20060907,26.89,7.2,84.12,2.18
20060908,27.03,16.95,82.63,3.27
20060909,26.04,25.97,87.41,3.77
20060910,26.57,2.25,84.4,3.84
20060911,26.43,16.21,84.97,4.33
20060912,26.42,8.8,83.7,4.46
20060913,26.81,2.89,81.09,4.79
20060914,26.4,0.43,81.0,4.35
20060915,25.73,31.95,86.61,4.27
20060916,26.28,23.45,87.62,3.98
20060917,26.07,5.89,88.37,3.57
20060918,25.97,42.31,89.11,3.74
20060919,26.52,2.35,86.79,3.71
20060920,26.69,1.82,86.62,3.65
20060921,26.52,10.15,87.63,3.2
20060922,26.57,0.59,84.95,3.31
20060923,26.39,0.25,88.08,3.03
20060924,26.08,44.77,91.2,3.2
20060925,25.69,41.04,88.5,2.88
20060926,26.09,1.12,84.99,3.81
20060927,26.31,0.33,83.8,3.62
20060928,26.51,0.16,82.8,3.65
20060929,25.77,0.55,82.08,3.33
20060930,26.35,0.14,82.27,4.14
20061001,26.1,0.02,82.15,4.02
20061002,26.34,0.01,81.87,3.49
20061003,26.97,0.06,83.08,3.37
20061004,27.07,4.28,83.33,4.03
20061005,27.06,0.21,82.21,4.13
20061006,26.35,23.51,86.34,4.21
20061007,26.05,58.72,90.65,3.91
20061008,26.43,3.09,85.86,3.93
20061009,25.55,0.19,88.64,2.65
20061010,26.59,0.75,86.53,3.02
20061011,27.04,0.15,83.74,2.54
20061012,27.31,0.16,82.99,2.16
20061013,27.23,0.24,83.8,1.73
20061014,26.91,1.39,83.28,0.88
20061015,26.72,19.66,85.28,1.09
20061016,27.16,9.84,84.05,1.28
20061017,26.23,5.7,88.87,1.65
20061018,26.93,69.34,86.43,1.53
20061019,26.33,34.63,88.93,1.46
20061020,26.36,17.99,87.18,1.86
20061021,26.64,7.24,83.41,1.73
20061022,26.4,8.03,86.57,2.76
20061023,26.03,27.2,89.19,2.82
20061024,25.81,10.98,89.89,3.23
20061025,25.84,6.19,90.88,2.97
20061026,25.42,33.92,93.39,2.12
20061027,25.25,51.51,91.21,1.69
20061028,25.82,57.64,88.24,1.97
20061029,25.98,15.05,89.99,2.75
20061030,26.05,17.65,89.75,2.12
20061031,25.8,0.61,88.27,1.46
20061101,26.04,0.95,86.98,1.4
20061102,25.58,11.74,92.71,1.89
20061103,25.67,22.05,93.65,2.66
20061104,24.86,5.09,91.88,2.11
20061105,25.63,0.85,90.03,2.16
20061106,25.96,22.57,89.47,1.75
20061107,25.17,9.09,92.13,1.95
20061108,25.47,1.14,89.49,1.98
20061109,25.75,6.33,89.17,1.15
20061110,25.43,22.43,91.78,2.15
20061111,25.5,22.99,92.44,2.03
20061112,25.25,5.11,92.8,2.21
20061113,24.88,3.52,92.42,2.36
20061114,25.22,1.79,92.47,2.61
20061115,25.43,2.67,91.67,2.67
20061116,25.18,4.02,92.6,2.89
20061117,25.2,12.31,94.29,1.88
20061118,25.26,17.25,94.04,1.89
20061119,25.78,6.27,91.97,1.96
20061120,25.59,7.18,92.82,2.32
20061121,26.0,37.71,92.39,2.75
20061122,24.9,21.1,94.23,2.39
20061123,25.32,2.34,87.55,2.67
20061124,25.15,14.38,88.05,2.55
20061125,25.29,2.03,89.8,2.49
20061126,26.14,13.14,90.05,2.45
20061127,25.84,9.18,93.4,2.47
20061128,25.8,0.57,89.24,2.75
20061129,25.38,0.03,88.24,3.23
20061130,25.08,0.02,88.49,3.4
20061201,24.51,0.01,87.35,3.55
20061202,24.38,0.03,86.92,3.38
20061203,24.57,0.18,87.58,3.64
20061204,24.59,1.01,87.57,3.78
20061205,24.72,0.12,87.26,4.12
20061206,23.97,0.0,85.4,3.43
20061207,23.84,0.02,84.45,3.56
20061208,23.81,0.02,85.31,3.48
20061209,23.98,0.05,84.16,3.05
20061210,24.68,1.12,88.11,3.23
20061211,26.0,6.18,90.22,2.57
20061212,26.02,2.97,89.85,2.92
20061213,25.61,0.17,86.65,3.77
20061214,24.8,0.0,85.16,4.15
20061215,24.57,0.0,85.22,4.06
20061216,23.84,0.0,82.72,4.62
20061217,23.94,0.0,84.09,4.49
20061218,24.33,0.03,85.52,3.89
20061219,24.85,0.81,86.5,4.05
20061220,24.52,1.3,87.39,3.97
20061221,24.24,1.23,87.9,4.39
20061222,24.24,0.01,87.04,4.07
20061223,24.57,0.07,85.24,4.25
20061224,24.11,0.01,87.5,4.07
20061225,23.94,0.07,85.75,3.87
20061226,23.79,0.0,83.64,3.62
20061227,24.02,0.0,82.86,3.62
20061228,23.8,0.0,80.81,3.61
20061229,23.51,0.0,79.06,3.65
20061230,22.77,0.0,79.21,2.83
20061231,23.24,0.0,78.48,2.67
20070101,24.1,0.06,81.2,2.75
20070102,24.0,0.0,75.01,3.15
20070103,23.46,0.0,79.71,2.79
20070104,23.7,0.0,78.83,2.76
20070105,23.52,0.0,78.65,2.74
20070106,24.23,0.18,76.48,3.74
20070107,24.14,0.0,78.45,3.62
20070108,24.79,0.18,80.42,3.97
20070109,25.57,0.34,81.18,4.31
20070110,25.66,0.02,79.07,4.2
20070111,25.84,0.03,79.63,3.9
20070112,25.7,0.0,78.83,3.79
20070113,25.13,0.0,76.97,3.56
20070114,25.33,0.03,77.96,3.54
20070115,26.15,0.04,78.62,3.5
20070116,25.57,0.0,77.76,3.29
20070117,25.15,0.0,76.68,3.11
20070118,24.97,0.0,75.63,3.55
20070119,24.89,0.0,74.8,3.49
20070120,25.15,0.0,73.54,3.29
20070121,24.64,0.0,77.08,3.02
20070122,25.42,0.0,73.3,3.09
20070123,24.86,0.0,74.31,2.78
20070124,25.14,0.0,74.56,3.63
20070125,25.68,0.0,72.56,3.74
20070126,26.04,0.01,73.91,3.66
20070127,26.59,1.56,77.55,4.48
20070128,26.39,2.41,80.62,4.29
20070129,26.73,0.15,74.47,4.23
20070130,26.61,0.0,73.08,4.3
20070131,26.4,0.0,71.26,3.94
20070201,25.81,0.0,69.35,3.43
20070202,25.93,0.0,71.16,3.54
20070203,26.52,0.07,69.6,3.31
20070204,26.47,0.0,68.45,3.02
20070205,26.73,0.0,63.44,3.0
20070206,26.09,0.0,64.01,3.01
20070207,25.96,0.0,67.39,2.87
20070208,26.23,0.0,66.01,3.03
20070209,26.4,0.01,68.58,3.56
20070210,27.28,0.06,70.75,3.59
20070211,27.98,0.01,66.59,2.95
20070212,28.63,0.0,64.87,2.07
20070213,29.01,0.0,62.22,2.14
20070214,29.12,0.0,56.11,2.43
20070215,28.77,0.0,53.92,2.25
20070216,28.76,0.0,57.11,2.27
20070217,28.86,0.05,60.2,2.54
20070218,28.47,0.08,64.17,2.33
20070219,28.05,0.88,65.23,3.9
20070220,28.3,0.03,59.94,4.75
20070221,27.5,0.0,56.21,4.35
20070222,27.0,0.0,57.68,4.21
20070223,26.81,0.0,61.68,3.54
20070224,27.23,0.51,66.71,3.02
20070225,27.31,2.88,69.34,1.9
20070226,28.78,0.08,66.01,2.63
20070227,28.83,0.59,68.48,2.49
20070228,29.18,0.01,65.14,2.74
20070301,29.32,0.0,61.45,2.32
20070302,29.9,0.91,63.64,1.88
20070303,29.73,0.06,61.18,2.06
20070304,28.85,0.0,63.56,2.74
20070305,28.59,0.0,62.26,2.71
20070306,28.47,0.0,62.22,2.72
20070307,28.52,0.0,57.08,2.26
20070308,28.96,0.01,56.07,2.15
20070309,28.82,0.0,59.25,2.73
20070310,28.82,0.0,63.99,2.84
20070311,28.7,0.0,62.64,2.88
20070312,28.23,0.0,61.56,2.63
20070313,29.01,0.54,67.06,2.62
20070314,29.62,0.01,62.6,3.1
20070315,29.59,0.0,64.3,2.75
20070316,29.98,0.12,64.05,2.58
20070317,30.43,0.09,64.87,3.11
20070318,29.86,0.0,57.69,2.64
20070319,29.5,0.0,55.67,2.06
20070320,29.54,0.0,56.25,2.03
20070321,29.57,0.0,58.52,2.23
20070322,29.9,0.0,59.38,2.14
20070323,29.43,0.0,57.79,2.17
20070324,29.81,0.0,55.31,2.36
20070325,30.75,0.0,56.7,2.2
20070326,31.09,0.0,56.65,2.21
20070327,30.65,0.0,56.15,1.97
20070328,30.82,0.0,53.55,2.12
20070329,30.28,0.0,55.76,2.39
20070330,29.93,0.0,57.4,2.85
20070331,30.18,0.07,58.98,2.61
20070401,30.2,0.2,63.84,2.0
20070402,31.12,0.02,60.81,2.39
20070403,31.36,0.01,56.77,2.22
20070404,30.99,0.04,59.18,2.35
20070405,30.92,0.46,64.19,3.13
20070406,29.47,1.67,69.97,2.58
20070407,29.2,8.48,71.64,1.86
20070408,28.32,5.39,78.47,1.68
20070409,28.22,9.83,77.49,1.78
20070410,28.21,10.8,79.95,2.07
20070411,27.98,8.56,79.47,1.14
20070412,29.56,2.16,70.78,1.21
20070413,29.7,0.5,71.2,1.73
20070414,29.6,6.65,71.39,1.86
20070415,29.5,2.42,69.76,2.11
20070416,30.32,0.1,65.28,2.21
20070417,30.65,1.51,64.72,1.66
20070418,30.81,1.84,65.51,2.42
20070419,30.95,0.05,64.92,2.16
20070420,30.84,0.04,66.22,2.31
20070421,30.47,4.14,68.45,2.33
20070422,29.71,1.34,72.17,2.15
20070423,30.23,1.75,68.82,2.77
20070424,29.01,1.22,71.24,3.67
20070425,30.19,0.52,65.23,2.23
20070426,29.77,0.46,71.97,1.98
20070427,28.97,6.7,76.87,1.19
20070428,29.6,2.83,73.75,1.75
20070429,29.67,1.25,73.43,2.14
20070430,30.07,0.4,70.17,2.26
20070501,30.95,0.07,66.47,2.36
20070502,30.9,0.37,68.26,3.66
20070503,29.78,5.1,72.83,4.11
20070504,30.0,0.4,69.97,3.05
20070505,29.31,5.99,76.42,3.53
20070506,29.75,0.73,72.92,3.43
20070507,29.74,0.06,73.0,3.33
20070508,29.07,3.94,77.58,2.91
20070509,28.85,3.64,79.61,3.63
20070510,29.43,0.52,74.4,4.62
20070511,30.43,0.06,69.48,5.44
20070512,29.83,0.0,68.47,4.88
20070513,30.2,0.02,66.0,4.58
20070514,30.43,0.0,66.04,5.45
20070515,31.36,0.0,62.48,4.33
20070516,31.94,0.0,56.84,3.54
20070517,31.38,0.0,57.79,4.45
20070518,31.04,0.0,59.21,4.28
20070519,31.41,0.0,57.49,3.86
20070520,31.78,0.0,58.44,4.04
20070521,31.54,0.0,62.11,4.19
20070522,30.97,0.94,65.64,3.72
20070523,30.65,0.27,68.39,2.91
20070524,30.52,0.11,66.9,2.78
20070525,29.99,0.02,66.88,2.25
20070526,30.3,4.45,66.93,3.94
20070527,28.91,15.8,76.16,3.88
20070528,28.06,4.18,75.11,4.73
20070529,28.16,2.11,72.76,3.89
20070530,28.81,4.58,71.89,4.19
20070531,29.2,0.08,69.29,4.17
20070601,30.17,0.0,67.7,3.98
20070602,30.76,0.02,66.06,3.66
20070603,30.91,0.01,65.25,3.06
20070604,30.6,0.0,66.07,2.93
20070605,29.17,0.12,74.09,2.47
20070606,30.25,0.11,69.9,2.32
20070607,29.18,3.28,73.07,3.41
20070608,28.42,8.67,78.35,3.86
20070609,28.42,1.66,75.3,4.1
20070610,28.89,1.07,75.78,4.49
20070611,29.02,0.87,75.77,4.88
20070612,29.1,1.23,72.39,4.78
20070613,29.06,1.75,72.41,4.75
20070614,28.47,0.13,73.07,4.75
20070615,28.48,3.84,73.85,3.89
20070616,28.06,0.93,75.04,5.04
20070617,27.46,11.36,79.11,4.47
20070618,27.59,2.51,77.83,5.48
20070619,27.19,3.21,78.31,5.15
20070620,26.95,2.7,75.03,5.97
20070621,26.88,14.65,83.1,5.0
20070622,27.26,7.85,79.89,6.44
20070623,27.22,11.54,80.53,4.45
20070624,27.99,1.24,77.79,3.31
20070625,28.35,0.02,72.96,3.52
20070626,28.23,0.03,75.76,3.47
20070627,28.26,0.0,71.34,4.05
20070628,28.15,0.55,76.3,5.0
20070629,27.76,1.61,78.56,4.27
20070630,28.04,1.55,76.25,5.04
20070701,28.03,3.74,77.66,4.72
20070702,27.85,6.79,81.22,4.17
20070703,27.74,1.43,77.84,4.66
20070704,27.61,0.57,78.4,4.36
20070705,27.72,0.18,76.89,4.66
20070706,27.16,1.68,70.79,6.14
20070707,27.8,1.72,74.21,5.32
20070708,28.07,1.0,75.41,4.53
20070709,27.67,2.67,77.72,4.16
20070710,27.74,1.35,78.76,4.65
20070711,27.71,2.88,79.71,4.56
20070712,27.98,2.38,78.44,4.76
20070713,28.2,0.7,77.2,4.81
20070714,28.03,0.5,77.8,5.03
20070715,28.23,1.26,76.71,5.08
20070716,27.21,13.33,81.08,5.01
20070717,27.06,1.11,77.74,4.94
20070718,27.24,2.39,79.12,3.0
20070719,27.12,11.0,78.71,3.89
20070720,26.27,5.45,80.25,4.48
20070721,26.49,0.79,80.78,4.2
20070722,26.84,0.45,78.25,4.09
20070723,27.06,2.24,76.28,2.8
20070724,26.47,8.89,82.66,3.44
20070725,26.89,1.19,79.59,3.7
20070726,27.12,1.13,79.11,4.18
20070727,27.16,0.9,79.23,4.16
20070728,27.14,0.32,79.5,4.19
20070729,27.41,0.76,77.74,3.89
20070730,27.23,0.16,78.43,3.26
20070731,27.02,8.56,78.37,3.94
20070801,26.75,5.77,80.58,4.4
20070802,26.76,3.49,81.18,4.23
20070803,26.76,0.48,80.47,3.93
20070804,27.63,0.23,79.05,4.33
20070805,27.14,3.35,80.57,4.7
20070806,26.99,0.74,78.4,4.48
20070807,27.52,0.02,77.28,4.8
20070808,27.82,2.75,77.12,4.64
20070809,26.86,3.93,80.51,4.49
20070810,27.39,2.93,76.4,4.57
20070811,27.41,0.07,73.74,4.34
20070812,27.66,0.02,73.6,4.47
20070813,27.99,0.02,71.56,4.27
20070814,27.98,0.0,71.97,3.44
20070815,28.42,0.26,71.98,3.06
20070816,28.06,2.46,77.05,2.88
20070817,27.65,1.27,79.15,3.62
20070818,27.85,1.1,77.51,3.87
20070819,28.51,0.06,72.3,3.82
20070820,28.05,1.07,72.21,4.03
20070821,27.14,0.64,79.37,3.98
20070822,27.86,0.01,72.2,3.7
20070823,27.16,7.92,77.65,3.42
20070824,27.4,2.41,76.98,2.68
20070825,27.33,2.49,78.68,3.24
20070826,27.42,1.21,77.11,4.15
20070827,28.06,0.03,73.92,3.94
20070828,27.88,8.78,77.89,4.22
20070829,27.48,3.88,79.68,4.23
20070830,27.69,1.57,75.76,4.54
20070831,27.16,2.74,75.7,5.0
20070901,27.86,0.36,72.86,4.62
20070902,27.45,1.91,76.89,4.54
20070903,27.43,0.04,76.06,3.83
20070904,27.5,6.16,76.47,3.74
20070905,26.67,4.47,81.55,4.82
20070906,27.17,1.33,77.33,4.5
20070907,27.86,0.55,75.99,3.24
20070908,27.02,1.4,80.66,2.37
20070909,27.6,11.97,78.19,2.02
20070910,27.93,4.36,76.85,1.98
20070911,27.95,5.19,78.47,2.82
20070912,27.34,2.41,80.32,3.46
20070913,27.03,10.5,83.82,3.43
20070914,27.04,4.82,80.14,4.0
20070915,27.21,8.47,79.81,4.17
20070916,27.4,11.96,81.58,4.17
20070917,27.16,3.26,80.65,4.74
20070918,26.87,1.63,77.89,5.08
20070919,27.21,2.04,81.44,4.57
20070920,27.57,4.02,79.29,4.96
20070921,27.63,3.38,80.42,4.4
20070922,27.42,4.84,82.31,4.7
20070923,27.23,3.03,79.64,4.81
20070924,27.37,2.15,78.2,4.35
20070925,27.61,1.0,79.42,4.22
20070926,27.69,0.08,77.73,3.48
20070927,27.54,0.97,80.02,3.56
20070928,26.94,0.56,81.13,3.46
20070929,27.64,0.04,77.64,4.11
20070930,27.86,0.13,77.44,3.87
20071001,26.93,1.56,79.89,4.36
20071002,27.53,2.22,77.08,4.11
20071003,28.23,0.07,73.92,4.1
20071004,28.07,0.01,73.22,4.58
20071005,27.23,0.01,74.78,4.14
20071006,27.16,0.43,74.21,4.23
20071007,27.08,11.8,77.24,4.29
20071008,27.54,0.22,74.44,4.2
20071009,28.38,0.0,69.29,2.12
20071010,28.27,7.45,73.85,2.18
20071011,27.8,3.23,77.62,2.08
20071012,27.42,1.2,79.43,2.11
20071013,27.68,4.03,79.04,2.14
20071014,27.25,1.3,80.6,1.89
20071015,27.87,0.41,74.39,1.75
20071016,27.92,4.31,77.13,1.37
20071017,26.98,8.25,80.31,1.36
20071018,26.35,11.66,81.33,1.15
20071019,25.84,44.7,86.19,1.68
20071020,25.66,10.64,85.05,3.37
20071021,26.17,3.78,79.91,2.02
20071022,26.09,7.81,84.96,1.82
20071023,25.18,13.0,89.27,2.37
20071024,25.9,17.28,86.34,2.27
20071025,26.14,5.42,86.42,1.4
20071026,26.13,6.1,85.05,1.17
20071027,25.82,5.62,86.24,1.62
20071028,25.98,1.81,84.44,2.36
20071029,25.75,6.4,84.08,3.54
20071030,26.45,5.61,86.12,2.84
20071031,26.47,0.37,84.42,2.24
20071101,26.75,0.22,82.49,1.97
20071102,26.42,1.22,82.84,1.3
20071103,26.48,2.75,82.77,1.86
20071104,25.73,3.15,90.04,1.99
20071105,26.04,1.44,85.39,1.31
20071106,26.46,18.24,82.8,0.96
20071107,26.19,4.02,85.35,1.93
20071108,26.19,37.69,85.62,1.62
20071109,26.04,2.61,82.31,1.43
20071110,26.33,0.73,81.74,1.49
20071111,25.96,1.47,82.44,2.83
20071112,25.97,4.49,84.79,2.95
20071113,26.12,0.5,79.38,2.43
20071114,25.21,0.32,77.2,2.51
20071115,24.36,0.0,71.83,2.53
20071116,23.92,0.0,67.28,2.26
20071117,23.72,0.0,74.64,2.74
20071118,24.04,0.18,75.73,2.43
20071119,25.42,1.62,86.67,2.49
20071120,25.34,9.5,91.18,2.62
20071121,26.07,11.51,88.56,3.35
20071122,25.92,4.42,86.18,3.27
20071123,25.88,0.53,81.67,3.17
20071124,24.75,11.82,81.7,3.08
20071125,23.34,0.23,75.03,3.21
20071126,24.13,0.0,77.11,2.47
20071127,25.84,0.35,81.97,2.38
20071128,26.22,0.16,83.83,2.45
20071129,26.32,0.77,82.52,3.64
20071130,25.48,0.12,76.21,3.97
20071201,25.6,0.01,78.46,3.79
20071202,25.85,0.01,80.41,3.62
20071203,25.34,0.01,82.72,3.78
20071204,25.35,0.03,77.21,4.15
20071205,25.16,0.27,78.93,4.72
20071206,25.47,0.4,77.85,4.25
20071207,25.84,0.14,76.87,3.84
20071208,25.92,0.13,79.33,3.99
20071209,26.29,0.05,77.58,3.49
20071210,26.18,0.01,76.61,3.54
20071211,25.83,0.33,74.97,3.62
20071212,25.2,1.62,78.85,3.09
20071213,23.59,9.14,86.63,4.05
20071214,24.33,6.45,91.74,5.07
20071215,25.28,1.62,85.77,4.36
20071216,25.91,0.76,79.07,4.42
20071217,25.47,5.49,81.64,4.36
20071218,24.45,18.52,89.52,4.35
20071219,25.19,17.7,91.52,2.64
20071220,25.47,6.75,90.12,3.53
20071221,24.96,1.99,91.07,3.01
20071222,25.38,1.23,85.82,3.62
20071223,24.88,0.41,83.79,3.54
20071224,23.6,0.0,79.44,2.57
20071225,22.73,0.0,72.73,1.88
20071226,22.92,0.0,76.4,2.37
20071227,24.04,0.0,82.31,2.3
20071228,24.6,0.0,80.35,2.16
20071229,24.93,0.01,79.39,1.92
20071230,25.11,0.08,80.24,2.57
20071231,24.86,0.02,80.12,2.89
20080101,24.56,0.0,76.75,3.68
20080102,23.87,0.25,76.67,3.64
20080103,24.62,0.22,76.81,3.59
20080104,25.79,0.35,79.68,3.4
20080105,26.24,0.62,81.75,4.16
20080106,25.2,0.05,75.42,4.55
20080107,24.73,0.01,75.39,4.65
20080108,24.92,0.0,76.62,4.43
20080109,25.48,0.0,73.4,3.71
20080110,25.52,0.0,75.39,3.3
20080111,25.2,0.04,75.88,3.74
20080112,25.3,0.01,75.27,4.07
20080113,25.24,0.0,74.76,4.13
20080114,25.02,0.0,74.15,3.8
20080115,24.92,0.0,75.18,3.74
20080116,25.39,0.0,73.22,4.05
20080117,24.66,0.0,72.46,4.03
20080118,23.89,0.0,70.18,3.32
20080119,24.08,0.0,68.13,2.81
20080120,24.66,0.0,68.67,2.76
20080121,25.97,0.08,76.88,3.59
20080122,26.68,0.0,73.85,3.41
20080123,25.97,0.0,71.08,3.15
20080124,25.83,0.0,69.62,2.55
20080125,26.11,0.0,69.44,1.91
20080126,26.95,0.0,67.24,1.6
20080127,28.01,0.0,65.72,1.49
20080128,28.19,0.0,67.42,1.97
20080129,27.99,0.0,68.54,2.2
20080130,28.86,0.0,64.17,1.62
20080131,28.9,0.0,62.23,2.08
20080201,28.66,0.0,63.84,2.04
20080202,28.81,0.0,63.2,1.92
20080203,28.13,0.93,65.86,2.53
20080204,28.46,0.03,65.19,2.33
20080205,28.53,0.0,63.21,3.01
20080206,28.14,0.07,67.14,2.69
20080207,27.59,0.85,74.49,2.69
20080208,27.31,4.13,74.86,1.52
20080209,27.43,3.32,76.78,0.75
20080210,27.78,0.78,77.46,1.96
20080211,27.28,1.16,78.06,1.35
20080212,28.17,2.43,72.46,2.49
20080213,28.34,1.25,71.73,2.92
20080214,28.27,1.26,70.5,3.69
20080215,28.24,0.08,66.02,3.78
20080216,28.6,0.01,63.51,3.7
20080217,28.72,0.01,61.2,3.81
20080218,28.04,0.0,57.92,3.43
20080219,26.93,0.0,59.51,2.82
20080220,27.15,0.0,60.97,2.63
20080221,28.41,0.03,65.59,3.15
20080222,28.24,0.0,61.03,3.66
20080223,28.12,0.0,58.16,3.03
20080224,27.4,0.0,57.06,3.47
20080225,27.18,0.0,56.92,3.07
20080226,27.5,0.11,61.09,3.12
20080227,28.3,0.14,57.89,4.55
20080228,27.69,3.13,67.25,4.61
20080229,28.2,1.24,62.42,3.69
20080301,26.6,2.56,76.32,2.99
20080302,27.77,1.44,72.78,2.5
20080303,28.64,0.17,63.09,3.53
20080304,26.87,0.03,59.16,2.53
20080305,27.92,0.01,61.41,3.12
20080306,27.86,1.98,67.05,3.47
20080307,27.42,0.22,61.51,3.65
20080308,27.71,0.0,58.47,3.56
20080309,28.23,0.57,63.38,3.62
20080310,27.51,4.76,71.27,2.51
20080311,26.43,5.35,75.34,2.5
20080312,25.6,3.42,81.8,4.77
20080313,26.88,5.21,81.55,2.78
20080314,26.85,4.15,82.11,1.81
20080315,25.58,19.27,88.1,1.99
20080316,26.21,4.3,80.61,3.01
20080317,26.09,3.93,85.11,3.34
20080318,26.14,8.85,86.49,3.12
20080319,26.18,12.09,87.43,2.62
20080320,25.37,20.93,92.19,2.47
20080321,26.03,21.86,88.7,2.86
20080322,26.5,37.47,90.83,2.79
20080323,26.63,15.54,89.51,2.45
20080324,26.5,0.75,85.48,2.07
20080325,26.92,0.01,78.69,2.25
20080326,26.78,0.0,76.95,1.59
20080327,27.56,0.2,75.66,1.35
20080328,27.59,0.25,78.41,1.17
20080329,27.69,0.08,80.28,1.17
20080330,27.47,6.06,84.04,1.71
20080331,27.69,2.49,81.98,2.27
20080401,28.21,0.16,77.33,2.18
20080402,27.92,5.04,80.61,1.6
20080403,27.86,2.45,80.1,1.2
20080404,27.79,1.5,78.73,1.6
20080405,27.81,1.5,77.52,1.71
20080406,27.85,3.36,75.44,2.37
20080407,27.63,6.6,78.39,2.33
20080408,26.87,17.79,85.66,2.35
20080409,26.7,10.01,85.08,1.87
20080410,27.11,10.24,83.25,2.33
20080411,26.91,1.84,81.84,1.08
20080412,27.5,7.11,80.01,1.31
20080413,27.23,1.54,83.35,1.78
20080414,27.54,0.17,81.16,1.28
20080415,28.02,0.11,78.9,1.19
20080416,27.32,2.8,81.4,1.44
20080417,28.32,2.66,77.6,1.19
20080418,28.06,1.22,81.97,1.83
20080419,28.88,0.05,77.52,2.31
20080420,29.25,0.05,74.97,2.16
20080421,29.07,0.02,75.01,2.19
20080422,29.48,0.01,72.69,2.79
20080423,29.27,0.01,73.04,2.37
20080424,29.47,0.14,71.61,2.05
20080425,28.68,0.9,73.82,1.8
20080426,28.25,1.45,78.24,1.14
20080427,28.19,0.26,80.84,2.73
20080428,28.62,0.19,75.95,5.32
20080429,28.74,0.26,76.11,4.73
20080430,29.03,0.01,72.98,3.84
20080501,29.23,0.01,77.52,4.14
20080502,29.05,0.01,75.4,4.43
20080503,29.28,0.09,70.28,4.46
20080504,29.27,0.06,71.36,4.28
20080505,28.92,0.21,74.26,5.11
20080506,29.11,0.06,70.98,4.68
20080507,29.04,4.46,72.81,3.74
20080508,29.08,2.52,72.41,4.19
20080509,28.64,0.11,72.49,3.91
20080510,29.02,0.46,73.88,3.76
20080511,28.9,0.13,74.22,3.71
20080512,28.68,0.08,76.06,3.5
20080513,28.52,0.02,75.38,4.02
20080514,28.21,1.69,76.37,4.91
20080515,29.14,0.13,69.93,5.06
20080516,29.46,0.0,68.7,4.05
20080517,29.75,0.0,69.66,4.84
20080518,29.49,0.0,71.03,4.44
20080519,29.46,0.07,70.33,4.19
20080520,29.07,0.07,73.27,4.13
20080521,29.58,0.15,70.07,4.54
20080522,29.27,0.03,73.96,3.83
20080523,29.12,0.37,71.17,3.69
20080524,28.3,1.83,76.55,3.11
20080525,29.06,1.35,70.27,3.89
20080526,28.27,1.57,76.39,3.95
20080527,28.88,0.14,72.78,3.47
20080528,29.08,0.53,74.03,3.5
20080529,28.4,9.06,77.41,4.26
20080530,28.01,11.01,78.4,4.33
20080531,27.78,0.4,79.1,3.28
20080601,28.49,0.68,74.55,4.24
20080602,28.19,2.18,75.83,4.13
20080603,28.33,0.33,76.06,4.09
20080604,28.48,0.51,73.42,4.79
20080605,28.18,0.99,73.75,4.51
20080606,28.5,1.16,74.69,4.32
20080607,27.58,0.83,75.32,3.99
20080608,27.7,2.04,76.81,4.44
20080609,27.1,1.68,77.76,4.41
20080610,28.31,0.88,70.56,4.22
20080611,28.45,0.59,74.58,4.42
20080612,28.34,0.01,74.81,4.18
20080613,28.37,0.2,73.53,4.18
20080614,28.25,0.16,75.1,4.84
20080615,28.91,0.01,70.17,4.87
20080616,28.7,1.72,71.9,4.38
20080617,28.65,1.23,73.68,4.64
20080618,28.61,0.64,73.26,4.38
20080619,28.77,0.32,73.79,4.33
20080620,28.88,0.12,74.35,4.07
20080621,29.08,0.6,71.37,4.52
20080622,29.03,0.57,69.78,4.61
20080623,28.19,0.06,71.36,4.96
20080624,28.95,0.11,68.72,5.36
20080625,28.77,0.17,69.2,5.38
20080626,29.2,0.01,67.01,4.88
20080627,29.28,0.5,68.66,5.14
20080628,28.43,2.67,73.02,4.81
20080629,27.98,2.27,72.73,4.63
20080630,28.27,3.28,72.75,4.71
20080701,26.45,3.76,80.03,4.31
20080702,29.21,0.0,64.57,3.51
20080703,29.12,0.01,66.18,4.51
20080704,28.84,0.06,70.43,3.25
20080705,29.02,0.01,70.03,3.79
20080706,29.63,0.04,69.21,4.73
20080707,29.18,0.01,62.46,5.55
20080708,28.86,0.33,63.0,4.99
20080709,29.04,0.31,66.82,4.8
20080710,29.0,1.06,66.07,4.99
20080711,29.01,1.17,65.63,5.21
20080712,29.62,0.13,64.03,4.69
20080713,30.38,0.01,62.39,2.83
20080714,29.91,0.15,65.13,2.32
20080715,28.46,11.79,74.42,3.23
20080716,28.24,1.87,72.75,4.75
20080717,27.92,0.55,75.62,4.5
20080718,28.06,8.53,74.63,5.05
20080719,27.95,0.41,71.5,4.96
20080720,27.43,15.69,76.15,3.52
20080721,27.57,2.15,77.25,3.65
20080722,27.07,2.33,77.84,2.72
20080723,27.71,1.74,75.7,5.03
20080724,26.89,1.33,77.42,5.4
20080725,27.89,0.32,72.39,5.42
20080726,27.6,1.61,73.31,5.74
20080727,26.62,7.81,77.05,5.96
20080728,26.21,8.46,80.14,5.81
20080729,26.94,4.49,75.81,5.09
20080730,26.9,2.17,76.98,5.07
20080731,27.16,0.79,76.17,4.83
20080801,27.8,0.11,74.31,4.34
20080802,27.87,0.01,74.87,3.63
20080803,28.4,0.0,73.15,3.2
20080804,28.17,0.0,72.85,3.09
20080805,27.8,0.42,74.36,4.25
20080806,28.45,0.06,72.29,4.53
20080807,28.01,0.53,72.6,4.96
20080808,27.66,0.71,74.7,5.49
20080809,27.2,0.66,74.76,5.21
20080810,27.31,0.76,72.64,6.07
20080811,27.31,5.97,74.61,4.79
20080812,26.99,1.57,79.74,3.83
20080813,28.21,0.2,70.51,4.27
20080814,28.0,4.29,73.14,4.3
20080815,27.05,1.95,76.18,4.33
20080816,27.27,1.42,70.66,3.95
20080817,28.12,2.41,72.1,2.39
20080818,27.61,2.47,75.56,1.82
20080819,27.9,0.54,75.63,3.1
20080820,28.38,0.23,73.31,2.86
20080821,28.19,0.64,71.83,4.78
20080822,28.19,0.11,70.22,4.4
20080823,27.85,0.24,71.45,4.07
20080824,28.64,0.37,69.37,1.85
20080825,28.68,2.17,71.48,1.99
20080826,28.3,14.44,72.83,2.06
20080827,28.2,3.71,73.43,1.69
20080828,28.52,0.42,72.46,2.09
20080829,28.74,2.4,72.76,2.41
20080830,27.72,17.76,80.02,3.0
20080831,27.1,17.87,82.27,3.96
20080901,27.68,5.23,78.49,3.43
20080902,28.29,0.59,74.48,3.4
20080903,28.13,1.94,76.74,3.08
20080904,28.1,0.81,78.38,3.13
20080905,27.43,6.11,81.74,2.63
20080906,27.54,8.51,82.39,3.23
20080907,26.97,7.25,80.48,3.99
20080908,26.82,4.78,78.43,4.06
20080909,27.5,1.8,77.25,4.54
20080910,27.06,7.3,80.14,4.95
20080911,26.82,7.34,80.36,5.01
20080912,27.33,0.94,76.85,4.56
20080913,27.55,0.02,78.8,3.86
20080914,28.07,0.24,75.27,3.93
20080915,27.6,0.02,75.36,3.72
20080916,27.22,0.0,77.04,4.04
20080917,28.0,0.0,75.2,3.95
20080918,28.37,0.0,70.37,3.45
20080919,27.99,0.56,71.25,3.68
20080920,27.94,3.16,76.59,3.94
20080921,27.85,0.18,77.38,3.18
20080922,28.24,0.02,75.04,3.55
20080923,28.65,0.0,72.4,3.29
20080924,28.56,0.0,71.85,3.89
20080925,28.63,0.02,70.69,3.51
20080926,28.83,0.03,70.12,3.31
20080927,28.91,1.32,68.53,3.31
20080928,28.41,0.05,67.28,3.15
20080929,28.34,0.0,68.34,3.28
20080930,28.59,0.0,66.75,2.65
20081001,29.2,0.0,66.41,3.03
20081002,29.08,0.0,64.43,2.83
20081003,28.85,0.0,64.07,2.99
20081004,29.02,0.01,63.29,2.7
20081005,29.25,0.02,63.71,2.59
20081006,29.51,0.27,65.61,2.39
20081007,29.49,0.22,67.09,3.01
20081008,29.89,0.47,64.95,2.66
20081009,30.02,0.02,64.01,2.45
20081010,29.31,2.07,68.08,1.68
20081011,28.88,2.58,70.07,2.12
20081012,28.09,4.49,73.46,3.12
20081013,27.13,7.59,80.7,3.28
20081014,27.36,12.44,85.03,3.17
20081015,27.14,9.26,85.63,2.97
20081016,26.62,4.66,86.29,2.28
20081017,26.53,2.52,86.33,2.81
20081018,27.53,2.56,82.0,2.29
20081019,27.32,19.54,82.78,2.29
20081020,27.59,15.62,80.79,1.58
20081021,26.3,41.01,89.71,1.83
20081022,26.7,19.79,87.39,2.89
20081023,25.91,14.91,87.94,2.9
20081024,26.19,15.68,90.76,3.06
20081025,26.44,9.04,89.36,3.13
20081026,26.61,2.77,85.34,3.58
20081027,26.58,0.03,82.48,2.73
20081028,26.96,0.03,79.13,2.07
20081029,27.09,0.0,71.39,1.28
20081030,27.35,0.0,70.43,1.29
20081031,26.54,0.0,70.6,1.48
20081101,26.92,0.0,70.58,0.99
20081102,26.45,0.0,65.22,1.4
20081103,26.57,0.0,57.84,1.11
20081104,27.04,0.0,60.11,1.12
20081105,26.64,0.07,67.02,1.59
20081106,26.44,0.17,71.78,1.91
20081107,27.16,0.27,76.44,2.43
20081108,27.36,6.31,79.28,2.72
20081109,27.13,22.34,81.81,2.56
20081110,26.49,9.47,85.62,2.68
20081111,26.55,1.18,79.28,2.88
20081112,26.12,4.64,73.53,2.33
20081113,25.77,0.41,76.99,1.43
20081114,26.63,0.03,77.58,1.42
20081115,27.0,0.01,75.39,1.77
20081116,26.82,0.0,75.08,1.89
20081117,26.77,14.18,80.38,1.74
20081118,27.07,8.81,83.25,2.22
20081119,26.24,2.75,89.28,2.46
20081120,26.23,6.22,91.85,2.64
20081121,26.47,3.74,86.37,2.98
20081122,25.33,2.26,88.48,3.32
20081123,25.11,16.07,91.09,3.9
20081124,24.95,16.59,90.5,3.63
20081125,25.11,20.55,87.08,4.06
20081126,24.98,31.34,88.09,3.67
20081127,26.15,28.92,88.56,2.8
20081128,26.55,10.25,88.64,2.13
20081129,26.34,0.91,87.86,1.59
20081130,25.49,1.56,93.85,3.1
20081201,26.22,0.81,86.3,2.27
20081202,25.47,0.0,83.84,2.52
20081203,24.15,0.0,82.78,2.26
20081204,23.93,0.02,83.66,2.34
20081205,24.08,0.04,85.05,2.99
20081206,24.32,6.65,85.94,3.19
20081207,24.96,6.3,86.26,3.31
20081208,25.52,4.07,92.91,3.69
20081209,25.81,2.48,92.93,2.74
20081210,25.79,3.89,91.89,3.1
20081211,25.16,0.22,84.84,3.3
20081212,24.37,0.01,85.48,2.65
20081213,25.28,0.19,85.72,2.93
20081214,25.49,1.43,87.06,3.78
20081215,25.36,3.39,88.41,3.56
20081216,24.57,1.27,90.63,3.44
20081217,25.14,0.02,85.89,4.29
20081218,24.54,1.17,86.97,4.68
20081219,24.86,0.2,86.69,4.14
20081220,24.92,0.21,84.51,3.28
20081221,24.83,0.32,84.64,2.88
20081222,23.88,0.0,82.13,2.9
20081223,23.78,0.14,83.36,3.43
20081224,24.51,0.08,85.22,3.07
20081225,24.85,0.1,84.13,3.58
20081226,24.37,0.16,81.04,2.81
20081227,23.64,0.0,76.93,2.85
20081228,23.26,0.0,76.84,2.61
20081229,23.28,0.0,76.11,3.11
20081230,23.71,0.0,76.09,3.23
20081231,23.47,0.0,73.09,3.24
20090101,24.5,0.0,72.88,2.98
20090102,24.72,0.0,74.93,3.08
20090103,24.63,0.0,75.56,3.09
20090104,24.23,0.0,73.76,3.22
20090105,24.92,0.0,71.35,3.25
20090106,24.5,0.0,74.47,2.71
20090107,25.17,0.12,81.1,2.88
20090108,26.03,0.12,76.51,3.39
20090109,24.48,0.97,83.72,3.9
20090110,25.75,0.2,76.47,4.21
20090111,25.68,0.18,76.63,4.06
20090112,25.26,0.1,75.31,4.25
20090113,25.18,0.17,72.56,4.49
20090114,25.28,0.04,71.88,4.44
20090115,24.82,0.98,75.83,4.41
20090116,25.43,0.04,70.54,4.21
20090117,25.41,0.0,70.41,3.75
20090118,25.48,0.0,69.2,3.72
20090119,25.39,0.0,72.16,4.05
20090120,25.09,0.0,67.94,4.02
20090121,24.81,0.0,67.92,3.71
20090122,24.63,0.0,70.48,3.24
20090123,24.57,0.0,72.56,3.0
20090124,25.04,0.0,69.42,3.15
20090125,26.53,0.0,66.98,3.16
20090126,26.53,1.82,74.69,3.25
20090127,26.58,0.43,79.31,2.7
20090128,27.33,0.12,77.03,2.64
20090129,26.69,0.02,74.37,2.75
20090130,25.72,0.0,67.3,2.69
20090131,25.57,0.0,66.66,2.73
20090201,25.85,0.0,65.72,2.48
20090202,25.7,0.0,66.08,2.67
20090203,26.05,0.0,67.55,2.76
20090204,26.49,0.0,64.93,2.79
20090205,26.48,0.0,59.42,3.03
20090206,26.01,0.0,61.06,3.19
20090207,26.16,0.0,64.55,3.44
20090208,26.53,0.0,63.11,3.55
20090209,26.38,0.0,60.18,3.81
20090210,25.78,0.0,58.05,3.15
20090211,26.47,0.0,57.39,2.56
20090212,27.37,0.0,60.67,1.88
20090213,27.9,0.0,61.54,2.14
20090214,27.6,0.0,57.85,2.52
20090215,27.13,0.0,57.73,2.65
20090216,26.41,0.0,59.54,2.94
20090217,26.92,0.0,64.07,3.93
20090218,27.11,0.0,60.68,3.78
20090219,27.06,0.0,62.64,3.95
20090220,27.54,0.0,68.3,3.76
20090221,28.61,0.0,67.19,3.84
20090222,28.87,0.0,66.63,3.49
20090223,29.15,0.0,67.19,2.93
20090224,28.97,0.0,68.32,2.12
20090225,30.04,0.0,63.55,2.28
20090226,29.54,0.0,63.83,1.77
20090227,29.18,0.0,62.99,2.03
20090228,28.95,0.0,57.96,1.81
20090301,29.08,0.0,55.21,1.88
20090302,29.58,0.0,57.2,1.95
20090303,29.43,0.0,54.2,1.89
20090304,29.4,0.07,54.79,2.02
20090305,29.98,0.0,56.75,2.17
20090306,29.69,0.0,55.82,2.32
20090307,29.14,0.0,56.72,2.2
20090308,28.74,0.0,62.21,2.01
20090309,28.17,5.48,65.81,3.86
20090310,27.53,2.12,61.73,4.23
20090311,27.03,3.24,73.86,2.61
20090312,28.28,2.49,72.49,2.05
20090313,27.49,9.42,76.47,1.72
20090314,27.38,16.73,78.61,2.35
20090315,27.78,1.35,73.39,2.04
20090316,28.32,0.34,70.55,1.99
20090317,28.21,0.02,64.38,1.87
20090318,28.3,0.0,62.28,1.75
20090319,28.91,0.0,64.13,1.66
20090320,28.84,0.0,62.98,1.72
20090321,29.18,0.0,64.05,2.04
20090322,29.09,0.07,67.3,1.9
20090323,28.98,0.32,64.64,2.08
20090324,29.09,1.94,65.27,2.42
20090325,29.28,0.06,63.41,2.45
20090326,29.97,0.04,63.54,2.11
20090327,30.53,0.12,61.6,2.02
20090328,30.51,0.04,60.97,2.11
20090329,30.21,0.53,60.44,1.99
20090330,29.8,1.21,61.86,2.07
20090331,30.03,0.02,59.91,1.87
20090401,30.62,0.09,57.66,2.24
20090402,30.43,0.18,59.12,2.28
20090403,30.53,0.69,58.95,2.43
20090404,30.43,0.82,60.74,2.38
20090405,30.25,2.33,63.34,2.0
20090406,30.38,0.78,63.71,2.06
20090407,30.33,0.39,66.12,2.3
20090408,29.48,0.29,69.36,1.82
20090409,29.14,7.14,69.16,1.98
20090410,28.25,7.86,73.96,2.83
20090411,26.77,4.58,77.16,2.11
20090412,28.52,0.78,64.65,1.31
20090413,30.29,0.61,64.51,3.05
20090414,31.23,0.09,58.44,3.31
20090415,31.61,0.0,61.88,3.23
20090416,31.8,0.01,58.92,3.2
20090417,31.24,0.01,62.31,3.52
20090418,31.81,0.0,59.74,3.39
20090419,31.59,0.21,58.71,3.63
20090420,30.92,0.29,62.53,3.22
20090421,30.53,0.35,67.89,3.4
20090422,30.64,0.08,66.51,3.43
20090423,31.81,0.01,62.06,2.94
20090424,32.0,0.0,60.46,2.69
20090425,32.3,0.0,60.11,2.75
20090426,31.89,0.01,59.89,2.93
20090427,31.4,0.01,61.27,2.54
20090428,31.66,0.19,60.83,2.77
20090429,32.19,0.06,59.82,3.58
20090430,32.03,0.09,59.42,4.03
20090501,31.73,0.01,61.1,3.81
20090502,32.63,0.01,59.58,3.65
20090503,32.43,0.0,59.15,3.33
20090504,32.53,0.05,57.36,3.94
20090505,32.36,0.01,56.63,3.15
20090506,31.71,0.01,60.07,3.04
20090507,32.18,0.0,56.81,2.89
20090508,31.03,0.2,65.24,3.52
20090509,31.87,0.05,62.09,3.59
20090510,31.99,0.02,62.36,3.65
20090511,32.28,0.02,60.34,3.6
20090512,32.75,0.19,58.62,3.87
20090513,32.38,0.04,59.42,3.94
20090514,31.0,0.01,64.37,4.2
20090515,31.39,1.72,58.59,3.28
20090516,30.53,0.55,56.69,3.5
20090517,31.03,0.09,63.06,3.14
20090518,30.91,2.18,64.21,3.77
20090519,29.8,1.38,69.18,2.98
20090520,28.41,2.11,69.07,4.76
20090521,28.84,0.28,70.25,4.67
20090522,29.1,4.3,70.93,5.39
20090523,29.25,4.95,73.01,4.55
20090524,28.42,9.24,74.1,4.62
20090525,27.84,13.92,78.81,5.18
20090526,28.13,5.45,79.2,4.66
20090527,28.22,0.19,72.77,3.97
20090528,29.36,0.0,72.52,3.84
20090529,29.5,0.17,72.36,4.14
20090530,28.92,0.74,76.36,4.05
20090531,28.83,0.14,73.2,3.45
20090601,29.33,0.03,71.33,4.36
20090602,29.9,0.0,67.15,4.81
20090603,30.0,0.13,68.74,5.33
20090604,29.64,0.31,71.86,5.65
20090605,29.04,4.22,72.66,5.8
20090606,27.73,3.96,73.94,5.93
20090607,27.46,4.45,73.51,5.04
20090608,28.46,1.1,71.85,5.75
20090609,29.4,1.12,70.65,4.98
20090610,29.35,0.18,71.56,4.77
20090611,28.96,0.88,73.41,4.21
20090612,28.24,0.55,76.85,4.79
20090613,28.47,0.31,73.29,4.71
20090614,28.94,0.01,71.79,4.59
20090615,28.62,1.24,72.9,4.58
20090616,28.9,1.11,71.43,5.45
20090617,28.33,1.69,74.33,5.15
20090618,28.09,8.02,75.53,5.06
20090619,27.66,4.13,76.71,4.52
20090620,28.19,0.71,73.73,4.27
20090621,27.95,1.62,76.25,4.09
20090622,27.81,0.56,77.77,4.5
20090623,27.9,3.22,75.02,4.89
20090624,27.96,1.2,74.29,5.14
20090625,27.99,0.92,70.65,5.25
20090626,27.22,0.16,71.27,5.51
20090627,27.46,1.23,71.57,4.79
20090628,28.88,0.59,69.63,5.09
20090629,28.84,0.98,69.95,5.16
20090630,28.11,5.12,73.87,4.99
20090701,27.48,2.36,72.65,6.12
20090702,27.53,2.29,72.43,6.07
20090703,27.26,1.32,75.65,4.78
20090704,26.91,0.32,77.16,5.31
20090705,27.51,1.56,74.33,5.2
20090706,27.2,0.32,75.62,4.93
20090707,27.21,0.13,73.7,4.79
20090708,27.64,6.8,73.41,4.71
20090709,27.23,0.8,73.8,4.81
20090710,27.93,0.15,71.93,4.14
20090711,28.26,0.01,74.74,4.23
20090712,28.05,0.98,74.62,4.43
20090713,28.6,0.44,72.75,5.44
20090714,28.02,0.05,73.55,5.63
20090715,27.6,2.07,70.9,5.54
20090716,27.04,3.64,76.55,5.1
20090717,26.49,11.86,78.9,5.67
20090718,27.33,0.39,75.08,5.15
20090719,27.58,0.22,72.87,4.82
20090720,27.96,0.89,70.51,5.39
20090721,28.29,0.33,68.23,5.8
20090722,28.39,0.02,69.59,4.9
20090723,28.45,0.03,69.81,4.48
20090724,28.84,0.0,65.41,3.04
20090725,29.56,0.0,66.37,3.42
20090726,28.96,0.01,67.76,4.12
20090727,28.6,0.1,71.69,4.91
20090728,28.81,0.98,71.02,4.57
20090729,28.88,5.13,73.02,3.92
20090730,28.75,0.76,71.2,3.58
20090731,28.09,1.06,75.1,4.38
20090801,28.45,0.11,68.93,4.84
20090802,28.72,0.01,70.59,4.9
20090803,29.19,0.0,69.06,5.08
20090804,29.03,1.12,69.13,5.3
20090805,29.12,0.11,69.88,5.18
20090806,29.32,0.01,69.74,5.12
20090807,29.41,0.0,67.36,5.13
20090808,29.5,0.0,67.67,4.73
20090809,29.58,0.0,67.35,5.06
20090810,29.58,0.07,67.31,5.32
20090811,30.08,0.53,65.41,3.93
20090812,30.19,0.07,63.78,4.05
20090813,29.13,4.03,68.63,3.99
20090814,29.28,0.86,69.95,2.95
20090815,28.28,0.27,68.97,2.44
20090816,28.79,6.7,67.89,2.94
20090817,27.18,4.47,73.15,2.38
20090818,28.66,1.62,68.44,2.02
20090819,28.85,0.96,69.3,2.19
20090820,27.71,8.05,76.47,1.3
20090821,27.31,3.43,78.94,3.28
20090822,27.22,1.37,76.68,3.5
20090823,28.27,2.31,72.63,4.32
20090824,28.17,0.32,72.72,4.92
20090825,28.53,0.13,70.47,4.8
20090826,27.99,2.46,73.49,4.68
20090827,28.09,1.51,73.0,5.19
20090828,28.23,0.32,73.55,4.93
20090829,28.81,1.06,70.85,4.53
20090830,28.62,0.07,70.94,4.56
20090831,28.04,2.83,74.61,3.89
20090901,27.41,7.7,77.14,4.47
20090902,27.08,3.24,76.29,5.09
20090903,27.55,0.57,74.86,5.08
20090904,27.89,0.31,71.71,5.99
20090905,28.19,1.13,69.85,6.45
20090906,27.25,0.2,75.93,6.18
20090907,28.24,0.06,73.68,5.8
20090908,28.85,0.05,71.22,5.07
20090909,29.05,0.01,70.32,4.47
20090910,29.71,0.0,66.33,3.46
20090911,30.25,0.0,62.54,3.25
20090912,30.49,3.55,63.63,2.72
20090913,30.46,0.44,64.76,2.74
20090914,30.19,0.01,64.43,4.55
20090915,30.31,0.11,63.55,3.81
20090916,29.91,3.85,66.56,3.66
20090917,28.21,3.72,75.79,3.1
20090918,28.15,6.15,75.86,3.22
20090919,28.39,0.16,70.19,4.42
20090920,28.78,0.81,69.35,3.76
20090921,29.0,0.57,71.35,3.08
20090922,28.57,1.37,72.05,3.74
20090923,28.79,1.31,72.18,3.73
20090924,28.89,0.12,70.88,3.48
20090925,28.9,3.32,70.43,4.5
20090926,28.89,1.01,69.35,4.21
20090927,28.44,0.2,72.63,4.42
20090928,29.04,0.1,72.09,4.91
20090929,28.62,0.1,70.58,5.22
20090930,28.82,0.11,71.9,5.3
20091001,28.01,2.84,71.86,6.06
20091002,27.15,0.7,77.24,6.46
20091003,28.65,0.02,69.68,6.02
20091004,28.71,0.0,69.15,5.17
20091005,28.81,0.0,67.05,4.91
20091006,29.23,0.0,65.22,4.14
20091007,29.8,0.0,64.28,4.29
20091008,29.5,3.07,65.08,3.49
20091009,30.29,0.15,62.56,2.96
20091010,30.39,0.0,61.0,2.66
20091011,30.42,0.01,61.28,2.83
20091012,29.62,3.42,64.33,2.4
20091013,28.93,1.14,68.35,2.04
20091014,29.29,0.12,66.49,1.98
20091015,29.7,0.01,62.27,1.48
20091016,29.87,0.01,61.4,1.62
20091017,30.34,0.0,60.52,2.04
20091018,30.74,0.01,59.59,1.75
20091019,29.93,3.4,63.69,1.88
20091020,29.88,0.29,63.69,2.05
20091021,29.91,0.0,60.71,1.93
20091022,30.58,0.0,53.21,2.78
20091023,29.99,0.0,52.52,2.33
20091024,29.84,0.01,52.71,1.71
20091025,29.8,0.19,56.57,1.65
20091026,30.41,0.15,57.49,2.49
20091027,29.96,0.8,58.97,2.38
20091028,28.59,10.38,71.31,2.83
20091029,27.09,23.02,84.48,3.23
20091030,27.26,8.41,79.25,3.74
20091031,27.5,9.83,79.99,3.42
20091101,27.24,3.31,78.86,3.15
20091102,28.07,0.73,74.42,4.52
20091103,27.8,4.62,78.03,3.56
20091104,26.56,45.94,89.44,3.19
20091105,26.42,45.59,87.3,3.57
20091106,25.99,23.93,89.5,2.78
20091107,26.07,21.62,90.21,4.04
20091108,26.17,32.3,93.41,2.69
20091109,26.09,30.53,90.83,2.91
20091110,26.1,7.35,83.91,2.43
20091111,26.32,2.66,84.9,1.52
20091112,27.13,3.86,84.55,1.31
20091113,26.31,5.6,88.23,1.86
20091114,25.31,36.1,91.22,2.82
20091115,24.83,22.12,90.56,2.28
20091116,25.98,4.74,87.75,2.25
20091117,26.75,1.06,86.09,1.76
20091118,24.66,4.42,89.42,2.04
20091119,26.46,6.04,85.15,1.4
20091120,26.16,2.92,87.39,1.77
20091121,25.43,6.84,87.72,1.0
20091122,25.55,9.09,91.55,2.2
20091123,26.26,2.47,86.96,2.54
20091124,26.4,0.49,84.73,1.67
20091125,26.35,0.82,84.67,2.06
20091126,25.63,0.12,84.63,2.54
20091127,24.45,0.0,79.9,2.58
20091128,24.71,0.02,83.9,3.04
20091129,25.36,0.28,86.98,3.05
20091130,25.29,0.64,88.27,3.22
20091201,25.11,7.36,90.34,3.06
20091202,25.56,10.66,89.99,2.93
20091203,26.2,1.84,87.81,2.3
20091204,26.27,0.29,86.34,2.27
20091205,25.78,0.16,86.0,3.04
20091206,24.09,0.0,80.65,2.94
20091207,24.01,0.0,81.47,2.96
20091208,24.78,0.0,84.79,2.91
20091209,25.43,0.08,85.37,3.72
20091210,24.08,0.1,82.2,4.09
20091211,24.6,0.0,82.65,3.72
20091212,25.29,1.61,85.89,3.13
20091213,26.28,2.89,88.1,2.84
20091214,26.1,4.43,88.76,3.98
20091215,25.9,4.59,88.73,3.35
20091216,25.93,2.52,84.91,1.99
20091217,25.35,1.38,89.92,2.0
20091218,25.26,0.42,87.86,3.23
20091219,26.02,0.62,85.13,3.33
20091220,26.17,1.16,86.43,3.51
20091221,26.14,8.32,88.31,4.39
20091222,25.37,4.86,89.39,3.51
20091223,25.14,3.65,88.3,4.02
20091224,25.18,2.47,87.94,3.96
20091225,24.98,0.4,84.54,3.44
20091226,25.11,0.04,84.81,3.13
20091227,24.52,1.3,85.66,2.92
20091228,25.42,0.0,83.93,2.46
20091229,25.02,0.0,82.24,2.89
20091230,25.01,0.0,82.1,2.79
20091231,25.03,0.0,81.66,2.23
20100101,25.17,0.0,82.62,3.19
20100102,25.12,0.01,83.67,3.65
20100103,24.9,0.07,81.34,3.57
20100104,24.59,0.0,78.24,2.74
20100105,23.92,0.0,77.01,2.39
20100106,24.27,0.0,79.92,3.18
20100107,25.06,0.03,79.57,3.38
20100108,24.78,0.43,83.4,3.08
20100109,25.02,10.67,89.96,3.23
20100110,25.27,8.7,85.49,1.73
20100111,25.66,3.8,84.47,1.98
20100112,26.28,0.09,82.09,1.78
20100113,26.47,2.45,83.42,1.97
20100114,26.46,0.7,81.44,3.01
20100115,25.94,0.0,76.65,3.77
20100116,25.91,0.01,78.82,3.97
20100117,25.96,0.0,76.81,4.04
20100118,26.04,0.0,75.38,3.26
20100119,26.2,0.0,76.55,3.4
20100120,25.84,0.0,75.96,3.53
20100121,25.38,0.0,70.59,3.81
20100122,24.74,0.0,67.36,3.83
20100123,24.56,0.0,69.32,3.83
20100124,25.11,0.06,72.05,3.33
20100125,25.71,0.06,72.18,2.78
20100126,26.64,0.0,71.6,3.56
20100127,26.56,0.0,74.55,3.66
20100128,26.64,0.0,74.33,3.98
20100129,25.97,0.0,72.41,3.93
20100130,26.21,0.0,69.13,3.85
20100131,26.69,0.0,69.81,3.53
20100201,26.5,0.0,68.42,3.41
20100202,26.18,0.0,67.24,3.82
20100203,25.91,0.0,66.23,3.93
20100204,25.79,0.0,66.46,3.5
20100205,24.63,0.0,71.92,3.72
20100206,25.54,0.0,68.49,4.11
20100207,26.28,0.0,65.8,4.25
20100208,26.52,0.0,63.26,3.6
20100209,26.34,0.0,62.38,3.27
20100210,26.86,0.0,66.37,2.54
20100211,27.09,0.01,68.25,2.89
20100212,27.69,0.0,69.01,3.36
20100213,28.35,0.0,67.37,3.28
20100214,28.25,0.0,64.59,2.98
20100215,27.44,0.0,67.13,2.81
20100216,28.24,0.02,61.96,2.81
20100217,28.27,0.0,69.29,3.17
20100218,27.93,0.0,64.46,2.11
20100219,28.03,0.0,65.7,1.99
20100220,27.74,0.0,67.17,2.21
20100221,28.51,0.0,68.13,2.82
20100222,28.81,0.0,67.36,2.88
20100223,28.55,0.0,65.97,2.04
20100224,29.04,0.0,59.48,2.03
20100225,28.98,0.0,63.22,2.2
20100226,29.26,0.0,61.6,2.0
20100227,29.47,0.0,60.31,2.48
20100228,29.08,0.0,62.62,2.57
20100301,28.81,0.0,58.83,2.85
20100302,28.34,0.0,52.73,2.95
20100303,27.93,0.0,50.22,2.59
20100304,28.66,0.0,52.39,2.11
20100305,29.63,0.0,62.39,2.51
20100306,30.7,0.0,61.68,2.82
20100307,31.2,0.0,60.03,3.22
20100308,30.33,0.0,64.4,2.18
20100309,29.55,0.0,68.31,2.33
20100310,30.04,0.0,62.42,3.17
20100311,29.87,0.0,63.68,3.9
20100312,29.88,0.0,61.32,3.82
20100313,29.84,0.0,65.26,3.32
20100314,30.12,0.0,59.69,2.38
20100315,30.32,0.0,56.05,1.77
20100316,29.64,0.0,57.24,1.74
20100317,29.8,0.01,59.38,3.1
20100318,29.71,0.0,62.12,3.79
20100319,29.48,0.0,62.26,3.07
20100320,30.29,0.0,62.32,2.5
20100321,30.62,0.0,56.51,2.03
20100322,30.79,0.0,58.6,1.98
20100323,31.05,0.02,60.06,2.18
20100324,30.95,0.04,60.44,2.18
20100325,31.21,0.0,60.45,2.17
20100326,31.53,0.35,59.56,2.34
20100327,31.88,0.05,58.71,3.1
20100328,31.35,0.02,59.22,2.7
20100329,31.53,0.07,60.59,2.34
20100330,31.82,0.29,59.86,2.99
20100331,30.36,15.07,69.02,3.27
20100401,31.09,0.41,64.67,2.54
20100402,31.45,0.01,63.13,2.98
20100403,30.87,0.03,67.9,2.15
20100404,30.56,0.15,66.31,1.91
20100405,30.55,3.36,66.86,1.72
20100406,30.89,0.52,56.62,1.8
20100407,31.07,0.92,61.49,2.09
20100408,29.91,0.94,70.6,1.9
20100409,30.16,0.04,69.02,1.53
20100410,30.75,0.0,65.27,2.15
20100411,31.94,0.01,62.17,3.55
20100412,31.96,0.01,62.48,3.51
20100413,32.52,0.0,59.95,3.22
20100414,32.28,0.01,61.22,2.51
20100415,31.85,0.02,62.24,2.54
20100416,31.49,0.34,64.26,2.62
20100417,30.52,0.74,67.89,2.48
20100418,31.0,1.45,64.23,2.95
20100419,31.03,0.6,65.33,3.57
20100420,31.91,0.07,61.83,3.18
20100421,32.13,0.03,61.16,3.15
20100422,32.91,0.01,58.59,2.89
20100423,32.79,0.08,59.4,2.95
20100424,31.12,0.11,65.07,3.31
20100425,31.74,0.03,62.93,2.67
20100426,31.0,1.22,56.3,3.03
20100427,30.73,0.85,61.04,2.33
20100428,31.5,0.27,62.01,2.26
20100429,30.29,0.28,69.33,1.94
20100430,29.27,25.67,76.85,1.52
20100501,29.79,3.29,72.27,1.46
20100502,30.45,12.53,71.43,1.19
20100503,29.86,7.4,76.36,1.32
20100504,29.92,2.26,75.86,2.34
20100505,31.06,0.18,69.39,2.78
20100506,31.83,0.11,67.44,2.39
20100507,31.36,0.03,70.24,2.88
20100508,30.58,0.54,74.79,2.51
20100509,30.23,0.27,70.6,3.32
20100510,30.9,0.18,65.15,2.97
20100511,30.88,0.17,70.18,3.61
20100512,31.77,0.02,67.93,3.04
20100513,31.39,0.01,69.89,3.02
20100514,30.62,0.03,72.65,4.44
20100515,30.93,0.03,67.11,2.95
20100516,31.75,0.06,65.74,4.24
20100517,31.1,5.29,69.76,2.63
20100518,30.06,1.82,71.61,5.82
20100519,29.23,0.47,75.48,5.24
20100520,30.07,0.11,67.63,6.67
20100521,30.36,0.12,68.14,5.22
20100522,29.88,0.01,71.5,4.56
20100523,29.36,0.15,72.84,4.36
20100524,29.86,0.15,74.53,5.23
20100525,30.59,0.16,67.5,5.52
20100526,30.37,0.11,68.45,5.55
20100527,30.25,0.16,70.64,5.16
20100528,30.24,1.35,72.74,4.97
20100529,30.14,0.69,72.15,4.95
20100530,29.78,0.11,68.91,5.38
20100531,29.81,0.01,66.51,4.85
20100601,30.4,0.0,66.09,4.12
20100602,31.98,0.23,62.69,3.42
20100603,31.6,0.1,64.92,2.75
20100604,30.3,15.79,74.33,3.61
20100605,29.35,2.99,71.28,4.79
20100606,28.64,0.13,69.58,4.99
20100607,28.81,0.05,68.64,4.94
20100608,28.87,0.0,67.41,5.11
20100609,29.28,0.99,70.38,5.57
20100610,28.49,0.38,74.83,6.18
20100611,28.5,0.99,77.91,6.15
20100612,28.41,0.63,76.69,5.54
20100613,28.55,0.17,72.64,6.77
20100614,29.2,0.02,67.55,5.07
20100615,29.88,0.0,65.29,4.38
20100616,29.46,0.02,68.4,3.18
20100617,28.67,0.64,70.52,4.12
20100618,28.38,2.81,71.87,3.42
20100619,29.19,1.03,70.21,4.2
20100620,29.82,0.11,65.67,3.98
20100621,30.0,0.33,64.56,4.22
20100622,29.18,1.42,70.3,4.6
20100623,28.45,1.76,74.3,5.58
20100624,28.04,0.86,68.23,6.02
20100625,29.01,0.15,64.28,5.84
20100626,29.77,0.01,63.51,5.51
20100627,29.51,0.06,69.49,5.1
20100628,29.54,0.5,70.06,5.4
20100629,30.02,0.07,64.24,5.45
20100630,28.76,0.08,64.83,6.6
20100701,28.3,0.06,60.16,6.38
20100702,28.83,1.04,64.12,5.5
20100703,29.09,0.87,65.87,5.5
20100704,29.03,0.13,67.15,4.97
20100705,29.08,0.03,63.84,5.44
20100706,27.92,0.0,67.1,4.29
20100707,29.11,4.59,66.73,2.48
20100708,28.29,3.03,70.75,1.84
20100709,28.09,4.69,74.11,1.55
20100710,28.71,0.97,72.13,1.99
20100711,29.27,0.03,69.4,3.0
20100712,29.04,0.06,69.58,4.14
20100713,28.19,7.23,70.82,4.3
20100714,28.68,2.46,70.55,4.04
20100715,28.45,3.65,71.79,4.77
20100716,28.07,0.25,71.62,5.91
20100717,28.14,3.86,69.66,5.98
20100718,27.98,2.04,72.48,5.52
20100719,26.9,2.36,74.39,5.95
20100720,26.97,0.25,74.0,5.75
20100721,27.93,0.23,71.9,5.52
20100722,28.12,0.04,69.39,4.05
20100723,28.33,0.01,69.08,4.34
20100724,28.24,0.0,66.98,4.99
20100725,28.41,0.01,65.42,5.24
20100726,29.18,0.05,63.22,5.11
20100727,28.57,0.05,69.36,5.37
20100728,28.45,0.18,67.1,6.33
20100729,28.64,0.02,66.09,5.97
20100730,28.68,0.01,64.99,5.49
20100731,29.19,0.0,64.8,5.0
20100801,29.68,0.0,63.9,4.32
20100802,29.47,0.02,65.16,4.32
20100803,28.99,0.04,65.68,5.42
20100804,28.59,0.02,70.51,5.5
20100805,29.44,0.01,68.37,4.09
20100806,30.07,0.01,65.62,4.92
20100807,29.67,0.09,68.17,4.54
20100808,29.66,1.22,69.7,4.45
20100809,29.66,2.59,67.34,4.51
20100810,30.41,0.09,63.9,4.02
20100811,29.88,0.03,64.49,5.03
20100812,29.07,0.25,68.88,4.4
20100813,28.75,3.99,70.45,4.07
20100814,27.92,0.08,73.39,4.43
20100815,28.34,0.14,73.62,4.99
20100816,27.96,0.09,70.05,5.84
20100817,28.35,0.01,68.31,5.19
20100818,28.67,0.0,64.64,4.39
20100819,29.83,0.19,62.95,2.2
20100820,28.3,12.49,72.47,1.76
20100821,27.2,6.4,73.75,3.73
20100822,28.27,0.39,70.69,4.43
20100823,28.85,0.13,68.46,3.34
20100824,28.11,0.16,71.25,4.81
20100825,27.64,0.12,70.49,5.5
20100826,28.56,0.0,68.88,5.48
20100827,28.77,0.07,68.3,4.82
20100828,28.71,0.2,71.02,4.44
20100829,27.86,3.54,75.39,5.26
20100830,26.93,0.49,74.09,5.39
20100831,28.22,0.03,65.95,3.93
20100901,29.47,0.0,63.03,4.05
20100902,30.01,0.0,61.58,3.11
20100903,29.77,1.43,63.64,3.75
20100904,28.92,0.02,67.11,4.46
20100905,29.33,0.02,66.03,4.39
20100906,29.25,0.11,66.3,4.29
20100907,29.38,0.01,67.24,4.76
20100908,29.11,0.14,66.79,4.91
20100909,28.8,2.98,69.57,4.26
20100910,27.66,1.68,74.35,4.49
20100911,29.49,1.62,62.78,2.69
20100912,29.91,0.71,60.92,1.86
20100913,28.96,2.71,66.25,3.71
20100914,28.75,0.53,66.09,4.02
20100915,29.13,0.08,66.07,4.57
20100916,28.77,0.21,66.81,4.8
20100917,29.36,0.19,66.41,5.19
20100918,28.03,1.99,67.34,5.48
20100919,29.4,0.17,63.85,4.21
20100920,29.96,0.05,62.22,2.82
20100921,28.71,0.19,67.57,2.44
20100922,28.28,2.58,69.85,1.9
20100923,28.58,1.54,72.11,1.33
20100924,28.08,2.99,73.8,3.16
20100925,28.7,0.31,67.97,3.14
20100926,28.3,11.1,73.45,2.04
20100927,27.69,9.05,79.25,2.51
20100928,27.19,18.95,81.99,1.71
20100929,26.73,15.1,82.69,1.72
20100930,27.52,12.14,78.08,1.02
20101001,27.96,3.92,74.72,1.4
20101002,27.67,7.63,77.09,1.21
20101003,27.06,10.95,80.1,2.02
20101004,27.7,4.41,80.48,2.31
20101005,27.04,12.81,84.07,3.38
20101006,26.92,6.09,83.3,4.6
20101007,26.88,8.2,82.5,4.71
20101008,26.87,12.74,86.64,3.75
20101009,27.21,4.82,84.79,3.51
20101010,26.93,0.16,81.18,3.81
20101011,27.36,0.0,79.06,3.85
20101012,27.32,0.0,79.39,3.42
20101013,27.63,0.01,75.49,3.82
20101014,26.86,0.06,80.29,4.01
20101015,27.32,0.05,78.51,4.71
20101016,27.56,0.0,75.49,4.62
20101017,27.46,0.02,76.27,4.2
20101018,27.01,8.11,76.37,4.07
20101019,27.16,3.12,78.18,3.1
20101020,27.62,0.06,76.72,2.88
20101021,27.84,0.4,74.9,3.59
20101022,27.31,0.02,77.32,4.11
20101023,27.96,0.43,75.54,3.65
20101024,28.24,0.08,72.97,3.42
20101025,28.54,0.0,72.73,2.76
20101026,28.61,4.41,74.61,1.93
20101027,28.21,6.82,76.38,1.43
20101028,26.61,14.17,80.89,1.14
20101029,26.56,18.88,82.15,1.47
20101030,26.81,7.05,82.33,0.98
20101031,26.85,3.01,82.23,1.52
20101101,26.89,0.67,79.89,2.28
20101102,27.14,0.03,79.05,2.27
20101103,27.5,13.54,80.23,1.62
20101104,26.68,4.75,84.24,1.47
20101105,26.7,19.86,81.84,2.01
20101106,25.29,5.75,82.55,2.38
20101107,25.64,0.09,85.12,3.23
20101108,27.29,1.17,83.79,3.27
20101109,26.75,0.84,85.32,1.79
20101110,26.92,13.96,82.72,1.29
20101111,26.02,6.23,83.77,2.52
20101112,26.25,3.15,81.37,1.55
20101113,27.18,2.48,80.81,1.35
20101114,26.84,0.14,81.52,2.01
20101115,26.96,0.13,80.64,1.77
20101116,27.12,15.55,79.32,1.34
20101117,25.89,7.25,84.26,1.66
20101118,26.49,5.06,82.29,1.59
20101119,25.88,4.66,87.02,2.01
20101120,25.93,21.45,85.32,1.16
20101121,25.64,22.21,84.86,1.79
20101122,25.33,45.08,86.93,1.75
20101123,25.41,21.91,88.27,1.46
20101124,25.2,25.69,90.5,2.36
20101125,24.82,31.15,92.06,3.15
20101126,24.76,10.88,91.05,2.79
20101127,23.89,14.91,91.9,2.81
20101128,24.72,14.78,92.96,2.69
20101129,25.8,2.2,87.78,2.92
20101130,25.5,7.26,89.44,2.58
20101201,25.26,11.97,93.05,2.35
20101202,25.06,17.75,90.92,2.18
20101203,25.02,14.66,93.92,2.77
20101204,23.94,2.53,92.56,3.17
20101205,23.14,2.63,88.72,2.1
20101206,24.25,0.22,83.6,1.17
20101207,25.21,22.91,87.96,1.67
20101208,25.75,15.08,91.65,2.88
20101209,25.37,1.92,93.2,2.58
20101210,25.59,0.16,87.34,2.92
20101211,25.67,0.87,86.03,2.24
20101212,25.36,0.64,85.46,2.57
20101213,24.81,0.31,79.31,1.57
20101214,25.15,0.69,81.39,1.24
20101215,25.04,4.77,86.55,1.43
20101216,25.55,3.89,85.46,1.97
20101217,25.67,2.17,85.78,2.03
20101218,25.41,1.08,87.95,3.32
20101219,23.9,0.03,85.96,3.5
20101220,25.33,1.84,88.47,3.04
20101221,24.27,2.2,93.08,3.75
20101222,23.25,0.0,84.45,3.39
20101223,22.84,0.0,83.56,2.63
20101224,22.71,0.09,85.42,2.67
20101225,23.72,0.09,84.21,3.15
20101226,23.96,0.0,85.58,3.17
20101227,23.56,0.08,84.41,3.05
20101228,22.57,1.3,89.67,3.02
20101229,24.04,0.92,90.42,2.8
20101230,24.66,0.28,89.16,3.49
20101231,24.62,0.53,88.11,2.87
20110101,24.87,0.58,87.51,1.92
20110102,25.26,0.32,87.75,2.02
20110103,24.73,0.24,88.62,2.52
20110104,24.02,1.17,89.43,3.15
20110105,23.76,0.11,88.11,3.79
20110106,24.41,0.07,86.65,3.38
20110107,24.43,0.06,87.8,3.31
20110108,25.6,0.05,85.16,2.69
20110109,25.7,0.09,82.35,2.44
20110110,24.71,0.12,84.25,1.87
20110111,23.87,0.04,83.29,2.12
20110112,22.8,0.02,82.94,2.9
20110113,22.82,0.0,82.09,3.17
20110114,23.43,0.05,84.17,3.51
20110115,24.58,1.95,84.93,3.88
20110116,24.81,4.93,87.41,3.64
20110117,25.19,0.01,85.45,2.5
20110118,24.67,0.0,83.39,2.7
20110119,22.96,0.0,80.03,2.61
20110120,23.12,0.0,81.52,2.55
20110121,23.97,0.0,81.23,2.99
20110122,24.32,0.01,78.99,3.74
20110123,24.26,0.02,80.64,3.89
20110124,24.43,0.01,77.64,4.22
20110125,24.36,0.01,78.9,3.77
20110126,24.9,0.52,80.14,4.34
20110127,25.13,0.22,78.77,4.34
20110128,25.11,0.01,80.23,3.62
20110129,26.03,0.06,78.2,4.18
20110130,25.9,0.36,79.66,4.37
20110131,25.72,0.17,76.95,4.51
20110201,25.66,0.08,76.54,4.18
20110202,25.34,0.02,73.43,4.46
20110203,24.96,0.21,78.05,4.21
20110204,25.11,0.04,77.35,3.38
20110205,25.78,0.03,74.08,3.81
20110206,25.79,0.06,73.55,3.77
20110207,25.98,0.06,75.69,3.81
20110208,26.28,0.01,68.14,3.01
20110209,25.93,0.17,72.59,2.84
20110210,25.99,0.01,68.25,3.3
20110211,25.08,0.0,71.33,3.41
20110212,25.58,0.0,70.22,3.44
20110213,25.14,0.0,67.45,3.35
20110214,25.48,0.0,69.17,2.29
20110215,26.78,0.0,69.06,1.7
20110216,27.73,0.0,68.33,1.71
20110217,28.2,0.0,68.78,1.8
20110218,28.48,0.0,70.62,1.86
20110219,28.83,0.0,69.68,1.77
20110220,28.37,0.0,71.81,1.77
20110221,28.38,0.87,71.14,1.67
20110222,27.03,9.45,79.21,2.14
20110223,27.73,2.41,73.03,2.62
20110224,27.34,8.5,76.06,2.32
20110225,27.68,0.68,70.77,2.33
20110226,27.83,0.4,68.44,2.25
20110227,27.72,0.01,66.1,3.24
20110228,27.5,0.06,68.12,3.78
20110301,27.51,0.09,69.04,4.07
20110302,27.58,0.0,64.44,3.86
20110303,27.49,0.0,68.02,3.39
20110304,28.17,0.01,68.89,2.8
20110305,28.7,0.0,67.23,2.45
20110306,28.72,0.0,64.7,2.68
20110307,27.91,0.0,62.56,2.62
20110308,28.29,0.0,61.77,2.48
20110309,28.96,0.0,56.35,2.15
20110310,28.45,0.0,55.92,2.14
20110311,28.53,0.0,53.93,1.83
20110312,29.13,0.0,61.13,2.6
20110313,29.99,0.07,64.74,3.67
20110314,29.76,0.03,64.59,3.91
20110315,30.04,0.01,61.69,3.69
20110316,29.53,0.01,62.36,3.83
20110317,28.79,0.0,61.7,4.12
20110318,28.24,0.0,63.19,3.3
20110319,29.59,0.0,65.54,2.45
20110320,30.29,0.0,62.59,1.92
20110321,31.15,0.0,56.22,2.23
20110322,31.12,0.01,59.02,2.85
20110323,30.64,0.0,62.19,2.33
20110324,31.15,0.01,59.91,1.83
20110325,31.37,0.08,59.2,1.81
20110326,30.95,0.04,60.78,1.99
20110327,30.97,0.01,60.95,2.25
20110328,31.14,0.01,59.93,2.04
20110329,31.19,0.01,58.14,2.21
20110330,30.54,0.0,61.32,2.33
20110331,30.48,0.0,61.09,2.51
20110401,31.1,0.0,58.16,2.8
20110402,31.6,0.01,57.54,3.34
20110403,31.88,0.03,56.23,3.02
20110404,31.92,0.01,54.38,2.98
20110405,31.56,0.0,53.84,2.88
20110406,30.25,0.0,55.96,2.44
20110407,30.13,0.0,56.04,2.47
20110408,30.21,0.05,59.16,2.44
20110409,30.68,0.8,61.23,2.23
20110410,29.68,1.02,67.35,2.16
20110411,29.94,0.12,65.35,2.08
20110412,30.32,1.3,63.63,2.37
20110413,30.6,0.24,63.7,2.28
20110414,31.42,0.11,59.21,2.25
20110415,30.83,0.03,62.38,2.52
20110416,30.49,0.04,59.75,2.53
20110417,30.3,0.98,61.26,1.87
20110418,30.4,0.59,63.18,2.32
20110419,29.42,0.76,67.24,2.42
20110420,29.68,0.67,61.75,2.54
20110421,29.92,2.38,63.87,2.21
20110422,28.38,8.42,75.39,2.45
20110423,27.41,12.56,80.03,3.84
20110424,28.63,5.18,71.88,1.92
20110425,28.3,1.84,72.21,1.63
20110426,29.32,0.48,71.72,1.49
20110427,29.45,0.38,72.71,1.73
20110428,28.86,0.51,78.35,1.95
20110429,29.36,1.47,75.07,3.31
20110430,29.72,0.45,71.35,3.62
20110501,30.39,0.14,67.75,3.44
20110502,29.81,0.18,72.84,3.41
20110503,29.64,7.89,75.36,3.76
20110504,29.97,0.06,68.92,3.87
20110505,29.19,0.04,70.12,4.07
20110506,29.96,0.0,65.75,4.6
20110507,30.69,0.0,65.53,4.59
20110508,31.1,0.0,58.67,4.99
20110509,30.56,0.0,57.88,4.71
20110510,30.85,0.0,56.86,4.4
20110511,30.82,0.0,53.98,4.21
20110512,31.22,0.0,54.8,3.82
20110513,31.81,0.29,55.31,3.91
20110514,32.11,0.0,56.89,3.96
20110515,32.04,0.0,57.6,4.2
20110516,31.69,0.02,58.98,3.6
20110517,31.58,0.1,59.65,3.15
20110518,31.9,0.05,59.03,3.35
20110519,30.84,0.06,62.24,3.66
20110520,30.71,7.75,66.98,3.95
20110521,30.28,1.02,67.19,4.1
20110522,29.9,0.02,65.83,3.28
20110523,31.82,0.01,57.52,3.42
20110524,30.62,1.57,68.18,3.7
20110525,31.07,0.29,66.93,2.66
20110526,30.01,0.03,67.19,4.52
20110527,30.39,0.07,65.0,4.45
20110528,30.93,0.05,60.78,4.84
20110529,29.84,0.09,67.91,5.0
20110530,30.18,0.77,68.25,5.83
20110531,29.64,6.15,68.9,5.87
20110601,28.96,4.36,73.48,5.65
20110602,28.02,8.19,75.81,5.84
20110603,28.57,1.05,75.89,4.47
20110604,29.2,0.34,72.97,4.05
20110605,29.12,0.35,71.39,4.8
20110606,29.54,0.3,69.4,4.33
20110607,29.88,0.01,69.72,4.17
20110608,29.08,0.02,74.39,4.08
20110609,29.58,0.41,71.93,4.34
20110610,29.37,0.03,71.17,4.73
20110611,29.47,0.0,70.19,4.56
20110612,29.15,0.0,70.98,4.46
20110613,28.69,0.22,68.62,5.06
20110614,28.24,0.34,66.21,6.41
20110615,28.99,0.07,63.05,5.29
20110616,28.47,0.07,68.77,4.81
20110617,29.22,0.12,63.82,5.11
20110618,29.47,0.02,66.14,4.4
20110619,30.12,0.01,64.02,5.37
20110620,29.58,0.0,66.63,5.25
20110621,30.12,0.0,64.11,4.67
20110622,29.59,0.0,65.21,5.23
20110623,30.47,0.0,63.57,4.8
20110624,30.67,0.01,62.72,5.37
20110625,30.01,0.01,66.67,5.1
20110626,29.94,0.04,66.24,5.56
20110627,29.5,0.0,61.6,6.18
20110628,30.07,0.0,54.71,5.52
20110629,30.78,0.0,55.71,4.35
20110630,31.06,0.01,56.36,2.69
20110701,30.67,0.53,60.69,3.68
20110702,30.04,0.01,59.52,4.3
20110703,29.95,0.0,61.7,4.1
20110704,30.61,0.18,58.04,4.82
20110705,28.98,1.52,57.69,5.22
20110706,29.18,0.02,61.95,5.4
20110707,29.72,6.16,62.26,4.57
20110708,29.27,1.06,61.58,4.8
20110709,27.69,7.63,73.44,3.15
20110710,28.6,1.01,67.97,3.79
20110711,28.98,0.07,70.06,5.25
20110712,27.32,0.05,70.03,5.95
20110713,28.24,0.12,64.51,5.41
20110714,28.7,0.12,59.66,5.8
20110715,28.66,0.94,64.04,5.46
20110716,28.32,0.7,66.86,6.4
20110717,28.02,0.11,68.74,5.54
20110718,28.63,0.03,66.33,6.05
20110719,28.96,0.01,63.84,4.91
20110720,28.84,0.01,64.68,5.41
20110721,29.62,0.06,62.88,5.33
20110722,29.25,0.04,62.57,5.42
20110723,29.11,0.21,66.5,5.1
20110724,28.18,0.1,66.87,5.42
20110725,27.89,0.02,66.56,5.0
20110726,28.89,0.21,63.29,5.1
20110727,28.06,0.01,65.77,5.44
20110728,29.44,1.53,61.0,5.02
20110729,28.65,0.1,60.79,5.48
20110730,28.21,0.0,66.73,4.62
20110731,29.43,0.0,66.49,4.93
20110801,30.02,0.0,62.04,5.08
20110802,28.98,0.07,68.44,5.6
20110803,28.11,0.18,71.51,5.17
20110804,28.9,0.02,64.43,5.12
20110805,28.83,0.13,67.53,5.2
20110806,28.11,1.43,66.26,5.72
20110807,29.24,0.08,64.47,5.75
20110808,29.15,2.15,67.87,4.66
20110809,29.66,0.76,65.8,4.84
20110810,30.09,0.01,61.98,4.69
20110811,29.74,0.02,64.08,5.19
20110812,28.98,0.02,64.47,4.65
20110813,29.42,0.0,61.03,4.5
20110814,30.13,0.01,55.7,2.0
20110815,29.74,5.9,63.88,2.47
20110816,29.13,0.88,66.97,3.16
20110817,27.89,4.04,72.51,3.04
20110818,27.95,0.29,69.59,4.64
20110819,28.95,0.01,65.2,4.5
20110820,28.99,0.05,68.31,4.9
20110821,29.32,0.02,63.58,4.89
20110822,28.77,0.0,66.01,4.66
20110823,28.8,0.0,66.19,4.76
20110824,28.23,0.54,64.5,4.87
20110825,28.85,0.25,66.9,4.94
20110826,28.71,0.06,67.99,4.75
20110827,28.61,0.01,68.89,5.27
20110828,28.48,0.12,70.85,4.9
20110829,28.4,0.59,71.77,4.87
20110830,29.04,0.34,66.81,4.87
20110831,29.29,0.77,66.9,5.29
20110901,29.49,0.15,65.63,6.02
20110902,28.06,0.21,72.05,4.88
20110903,28.66,0.15,66.89,4.97
20110904,29.64,0.03,65.12,4.79
20110905,30.03,0.11,64.21,4.63
20110906,29.0,0.11,65.45,4.84
20110907,28.53,0.01,67.9,4.83
20110908,29.24,6.66,68.94,4.12
20110909,28.79,1.8,70.42,4.15
20110910,28.68,0.75,69.33,5.35
20110911,28.27,0.14,69.79,5.44
20110912,28.47,2.07,67.24,5.06
20110913,28.15,0.14,63.11,5.6
20110914,29.07,0.11,62.18,5.4
20110915,28.92,0.25,65.55,5.7
20110916,29.85,0.02,65.58,4.55
20110917,30.08,0.29,64.7,4.2
20110918,29.59,0.03,65.67,4.01
20110919,29.66,0.08,64.85,4.61
20110920,29.57,0.15,66.41,4.89
20110921,29.0,3.49,67.43,4.82
20110922,29.7,0.05,64.04,4.39
20110923,28.63,0.0,64.12,3.84
20110924,30.31,0.06,60.5,3.97
20110925,30.61,0.05,60.79,4.03
20110926,30.71,1.96,59.67,3.84
20110927,31.06,0.09,58.58,3.15
20110928,30.0,0.0,60.04,3.47
20110929,29.66,1.38,61.18,2.01
20110930,30.25,6.15,65.46,1.44
20111001,28.83,2.46,73.33,1.45
20111002,29.46,0.57,67.39,2.03
20111003,30.26,1.1,64.94,2.14
20111004,29.3,2.85,69.79,2.4
20111005,28.66,3.94,70.6,2.06
20111006,29.63,0.48,66.13,2.73
20111007,29.63,3.44,66.71,2.94
20111008,29.9,0.16,62.57,3.44
20111009,29.81,0.06,63.26,2.61
20111010,29.48,0.02,64.79,2.64
20111011,29.83,0.94,63.16,2.34
20111012,28.52,5.69,69.71,1.62
20111013,28.3,7.22,75.22,1.41
20111014,29.23,3.27,71.67,1.01
20111015,28.55,3.05,76.48,1.42
20111016,28.39,27.6,79.97,2.22
20111017,27.35,12.13,79.92,2.25
20111018,27.39,13.6,75.02,1.56
20111019,28.09,2.06,73.41,1.91
20111020,28.83,0.06,68.72,2.48
20111021,28.66,0.1,72.43,1.71
20111022,27.94,0.98,76.29,1.68
20111023,26.69,2.46,79.1,2.1
20111024,27.44,9.97,77.69,2.46
20111025,26.18,17.35,83.9,2.97
20111026,26.29,26.11,86.02,4.06
20111027,26.75,14.01,84.08,2.86
20111028,26.49,8.51,86.07,3.26
20111029,25.85,7.22,89.24,3.76
20111030,25.56,23.81,87.42,2.22
20111031,26.22,18.67,86.63,2.5
20111101,25.57,18.41,93.3,1.79
20111102,25.9,2.42,85.8,1.11
20111103,26.09,10.79,83.69,1.49
20111104,26.11,0.84,81.9,1.65
20111105,26.98,0.12,80.8,1.37
20111106,26.91,1.76,82.23,0.83
20111107,26.9,8.09,84.27,1.51
20111108,25.59,0.23,80.29,3.03
20111109,24.56,0.0,77.45,2.88
20111110,24.51,0.0,72.9,2.49
20111111,25.64,0.0,75.66,2.2
20111112,25.03,0.0,82.38,2.02
20111113,26.49,0.02,82.56,2.54
20111114,26.69,1.73,82.58,2.91
20111115,25.96,1.12,82.81,3.27
20111116,25.77,1.45,80.01,3.02
20111117,25.89,2.97,84.91,3.42
20111118,26.66,7.62,85.44,3.17
20111119,26.03,5.78,85.49,4.14
20111120,25.29,1.61,83.37,4.59
20111121,25.77,2.94,85.26,4.19
20111122,25.94,0.81,82.71,4.47
20111123,25.87,2.25,82.62,4.49
20111124,26.22,6.39,87.72,5.06
20111125,26.06,35.22,92.96,5.35
20111126,26.34,31.33,90.41,5.74
20111127,25.9,20.09,92.8,3.18
20111128,25.81,5.06,86.19,1.39
20111129,25.97,1.57,86.14,1.64
20111130,26.66,3.72,88.45,3.25
20111201,26.46,5.83,87.22,2.27
20111202,26.1,2.67,86.22,1.8
20111203,26.6,2.4,80.87,1.35
20111204,26.3,0.36,80.73,1.54
20111205,25.29,0.04,83.27,2.51
20111206,24.93,0.0,85.48,3.14
20111207,24.31,0.0,82.64,3.81
20111208,24.54,0.15,82.33,3.31
20111209,25.6,0.4,86.75,2.68
20111210,26.35,1.29,85.73,2.75
20111211,25.88,1.77,88.54,2.86
20111212,24.69,1.08,90.27,3.21
20111213,25.17,1.36,88.76,3.88
20111214,25.79,3.28,87.43,3.96
20111215,25.59,2.63,86.31,3.26
20111216,25.54,4.51,81.35,4.12
20111217,24.88,0.08,79.56,4.2
20111218,24.03,7.33,84.34,4.76
20111219,23.52,8.91,88.57,3.91
20111220,23.65,0.75,85.97,4.18
20111221,24.08,0.01,81.91,3.74
20111222,23.92,0.12,82.48,3.72
20111223,23.85,0.02,82.33,3.36
20111224,24.25,1.6,80.84,3.47
20111225,24.16,0.06,79.69,3.24
20111226,23.81,0.0,76.88,2.7
20111227,25.29,0.0,66.42,1.15
20111228,25.83,0.0,67.15,1.06
20111229,25.73,0.01,72.47,2.22
20111230,26.26,6.5,81.45,3.06
20111231,25.92,7.55,82.83,2.81
20120101,25.07,0.22,79.69,2.09
20120102,25.52,0.0,80.42,1.6
20120103,26.14,0.0,80.43,2.33
20120104,26.74,0.01,81.88,3.06
20120105,26.88,0.01,80.0,3.47
20120106,26.36,0.01,78.04,3.67
20120107,25.76,0.13,78.56,3.54
20120108,26.09,2.61,81.79,3.79
20120109,26.88,0.8,80.33,2.87
20120110,26.6,3.11,78.49,2.64
20120111,25.83,7.87,75.22,2.25
20120112,26.14,0.83,74.61,3.07
20120113,26.03,0.01,74.5,3.84
20120114,25.58,0.08,73.15,4.23
20120115,24.32,0.0,67.93,4.28
20120116,23.65,0.0,68.8,3.51
20120117,24.07,0.0,67.42,2.84
20120118,24.3,0.0,65.28,2.19
20120119,25.17,0.0,67.16,1.83
20120120,25.28,0.0,69.79,1.9
20120121,25.32,0.0,70.71,2.5
20120122,24.7,0.0,68.5,3.5
20120123,24.63,0.0,70.23,3.72
20120124,25.21,0.0,65.71,3.41
20120125,24.72,0.0,65.39,3.45
20120126,25.51,0.04,66.58,3.34
20120127,25.86,0.47,72.76,2.9
20120128,26.26,0.01,70.68,3.13
20120129,26.42,0.0,66.84,3.24
20120130,26.27,0.0,65.43,3.64
20120131,25.98,0.09,66.82,3.91
20120201,25.98,0.04,66.09,4.5
20120202,26.16,0.01,66.31,4.72
20120203,26.84,0.0,65.81,4.95
20120204,27.28,0.0,64.74,4.24
20120205,27.44,0.0,68.1,3.94
20120206,26.96,0.05,71.63,3.3
20120207,27.82,0.02,70.08,3.65
20120208,27.34,0.03,73.57,3.1
20120209,27.97,0.04,74.39,2.65
20120210,27.16,0.73,75.79,2.78
20120211,28.11,0.15,68.97,2.99
20120212,27.91,0.0,65.53,3.37
20120213,27.55,0.0,67.98,3.66
20120214,28.07,0.0,66.39,3.46
20120215,28.29,0.02,65.54,2.36
20120216,28.55,0.0,63.49,2.31
20120217,28.16,0.0,65.39,2.7
20120218,27.3,0.0,66.84,3.65
20120219,27.28,0.0,66.14,3.8
20120220,27.84,0.0,62.3,3.38
20120221,27.82,0.0,62.67,3.05
20120222,27.39,0.0,62.3,3.17
20120223,27.19,0.0,62.03,3.65
20120224,26.58,0.0,61.54,3.21
20120225,27.41,0.0,59.22,3.75
20120226,27.93,0.0,56.06,3.4
20120227,28.4,0.0,59.62,3.15
20120228,28.7,0.04,66.92,2.34
20120229,30.22,0.01,61.12,2.62
20120301,29.74,0.01,65.6,2.3
20120302,30.02,0.0,62.3,2.4
20120303,30.77,0.0,60.29,2.91
20120304,30.8,0.0,56.44,3.08
20120305,29.54,0.0,59.94,2.36
20120306,29.88,0.0,60.37,2.36
20120307,30.65,0.0,57.97,2.25
20120308,31.06,0.01,56.76,3.45
20120309,30.82,0.0,53.84,2.85
20120310,30.61,0.0,57.25,2.15
20120311,29.91,0.18,59.84,3.04
20120312,28.38,5.91,68.69,2.85
20120313,28.29,5.56,73.28,2.64
20120314,28.51,0.85,68.41,2.37
20120315,29.09,6.56,69.84,2.43
20120316,29.74,0.15,66.24,2.13
20120317,29.55,0.0,65.35,1.99
20120318,29.37,0.0,62.75,1.85
20120319,29.83,0.0,61.74,2.31
20120320,29.95,0.0,64.19,2.71
20120321,30.06,0.0,62.33,2.79
20120322,30.63,0.04,62.04,2.66
20120323,30.11,0.01,59.2,2.04
20120324,29.6,0.0,53.86,2.11
20120325,29.01,0.0,49.71,2.76
20120326,28.89,0.0,52.05,2.74
20120327,29.59,0.15,60.94,2.49
20120328,30.28,0.07,60.12,2.06
20120329,29.82,0.37,63.96,1.58
20120330,30.97,0.13,60.09,2.9
20120331,30.63,8.58,63.89,2.63
20120401,29.28,11.39,72.69,1.84
20120402,28.29,0.12,73.14,1.62
20120403,29.12,0.03,68.62,1.93
20120404,30.14,0.02,64.21,2.29
20120405,30.99,0.01,61.48,2.63
20120406,31.43,0.01,60.39,2.47
20120407,30.9,0.01,62.0,2.47
20120408,30.89,0.05,63.02,2.42
20120409,31.17,0.05,60.42,2.14
20120410,31.35,0.02,60.2,2.84
20120411,31.38,0.08,60.51,2.67
20120412,31.82,0.41,58.09,2.54
20120413,30.81,0.12,62.02,2.25
20120414,29.15,4.25,72.31,1.57
20120415,28.84,1.6,73.66,1.43
20120416,29.58,0.1,68.13,1.75
20120417,31.17,0.01,60.93,3.1
20120418,30.66,0.01,63.07,3.7
20120419,31.22,0.01,60.41,2.42
20120420,30.51,0.09,62.74,2.85
20120421,32.22,0.07,56.58,2.88
20120422,32.3,0.12,57.54,2.2
20120423,31.12,0.18,65.17,3.42
20120424,29.5,18.95,74.39,2.27
20120425,27.91,2.5,78.58,3.24
20120426,28.73,5.33,75.75,1.84
20120427,29.3,1.2,73.0,3.82
20120428,29.53,0.13,70.66,3.7
20120429,29.32,0.73,75.76,3.06
20120430,29.45,0.29,72.3,3.86
20120501,29.01,2.03,72.65,3.82
20120502,29.71,0.04,69.38,3.71
20120503,29.8,0.19,70.14,4.58
20120504,29.46,0.25,71.59,4.65
20120505,29.41,0.07,71.66,4.98
20120506,30.98,0.11,62.22,3.77
20120507,31.44,1.67,60.44,2.69
20120508,30.73,10.5,67.1,2.82
20120509,30.13,7.04,68.65,3.09
20120510,30.63,0.7,64.99,2.38
20120511,29.3,25.32,76.23,3.13
20120512,29.13,4.62,74.91,4.05
20120513,30.29,0.03,69.35,3.18
20120514,30.1,0.01,70.9,3.73
20120515,29.41,0.06,74.45,4.28
20120516,29.96,0.18,73.05,4.25
20120517,29.67,0.02,73.08,4.4
20120518,29.1,0.0,75.82,3.24
20120519,30.26,0.0,71.91,4.12
20120520,29.81,0.13,73.82,3.48
20120521,28.65,0.09,69.69,5.11
20120522,27.97,0.01,75.92,3.97
20120523,29.55,0.01,69.42,4.53
20120524,29.75,0.0,70.26,5.38
20120525,28.04,0.01,78.23,4.05
20120526,27.74,0.01,77.93,3.7
20120527,28.8,0.0,72.47,5.28
20120528,29.46,0.03,71.81,5.05
20120529,29.71,0.01,70.17,4.41
20120530,29.26,0.0,71.51,4.95
20120531,29.8,0.01,68.19,5.3
20120601,30.07,0.01,61.56,4.86
20120602,30.42,0.0,66.91,5.37
20120603,30.38,4.6,68.09,5.82
20120604,29.82,0.51,69.6,5.46
20120605,30.2,0.03,63.42,5.95
20120606,29.48,0.25,65.77,5.89
20120607,28.88,0.03,68.33,6.17
20120608,29.79,0.01,63.0,5.14
20120609,29.78,0.0,65.81,5.36
20120610,29.95,0.0,65.86,4.94
20120611,30.38,0.0,64.11,5.17
20120612,30.08,0.02,64.86,5.37
20120613,29.28,0.2,61.13,4.85
20120614,28.44,0.58,67.35,5.22
20120615,29.2,0.29,67.78,5.41
20120616,29.32,0.21,66.23,5.82
20120617,29.07,0.34,61.26,6.36
20120618,28.98,0.05,63.41,5.46
20120619,29.21,0.14,67.2,5.33
20120620,28.73,0.03,69.77,5.41
20120621,28.61,0.02,69.81,4.98
20120622,29.11,0.1,68.2,4.94
20120623,29.78,0.01,65.91,5.17
20120624,29.74,0.0,65.84,4.78
20120625,30.35,0.0,63.38,4.48
20120626,29.31,0.02,66.62,4.45
20120627,29.53,0.07,62.15,4.65
20120628,27.96,0.05,68.66,4.44
20120629,28.62,0.03,66.9,4.71
20120630,29.13,0.09,64.14,5.26
20120701,28.96,0.81,62.79,6.25
20120702,28.66,0.29,65.39,6.39
20120703,29.07,0.04,65.9,5.89
20120704,29.63,0.03,66.06,5.33
20120705,29.63,0.05,66.84,5.33
20120706,29.82,0.01,66.34,4.95
20120707,29.46,0.01,67.73,4.91
20120708,30.16,0.01,64.4,4.87
20120709,28.68,0.57,72.11,5.33
20120710,28.9,0.76,66.82,5.93
20120711,29.75,0.14,62.41,5.5
20120712,30.03,0.0,62.13,4.65
20120713,30.11,1.09,62.85,4.71
20120714,29.69,0.23,64.63,3.18
20120715,30.0,0.06,62.64,2.33
20120716,29.67,0.13,63.69,1.66
20120717,30.26,3.07,64.26,2.82
20120718,29.89,0.28,62.2,3.93
20120719,29.88,0.0,64.5,5.16
20120720,29.83,0.02,66.31,5.41
20120721,29.49,0.01,65.5,5.6
20120722,29.61,0.19,65.16,6.0
20120723,29.82,0.02,64.84,5.66
20120724,29.88,0.04,65.36,5.28
20120725,29.64,0.01,65.96,5.45
20120726,30.11,0.01,62.65,5.39
20120727,30.22,0.0,61.6,5.08
20120728,29.18,0.02,65.93,5.06
20120729,29.51,0.0,65.67,5.0
20120730,28.85,0.0,68.01,4.85
20120731,29.88,0.0,64.43,4.71
20120801,30.22,0.0,61.88,4.47
20120802,30.0,0.0,62.09,5.13
20120803,29.89,0.0,63.8,5.2
20120804,29.93,0.06,64.14,5.46
20120805,29.4,0.01,67.64,5.04
20120806,29.8,0.06,65.57,4.72
20120807,30.03,0.11,62.44,4.62
20120808,29.32,0.25,66.46,4.94
20120809,29.53,0.04,64.41,4.95
20120810,29.5,0.01,64.4,5.31
20120811,28.85,5.3,67.73,5.36
20120812,29.0,0.57,66.28,4.62
20120813,28.36,0.03,68.45,3.79
20120814,28.91,0.45,64.42,4.33
20120815,29.43,0.95,65.25,4.93
20120816,28.38,6.69,71.26,4.06
20120817,27.1,2.06,73.48,5.19
20120818,28.0,0.14,67.57,5.24
20120819,28.98,0.0,62.2,4.59
20120820,29.84,0.0,62.63,4.15
20120821,30.19,0.26,61.38,3.99
20120822,30.26,0.02,61.4,3.31
20120823,30.5,0.02,61.16,4.31
20120824,29.73,8.7,66.59,3.76
20120825,28.08,0.71,73.15,4.56
20120826,28.15,0.04,72.36,4.54
20120827,28.68,0.2,67.11,5.04
20120828,28.99,0.12,66.46,5.03
20120829,28.41,0.57,70.07,4.93
20120830,27.71,0.24,74.85,4.96
20120831,28.09,2.18,72.93,4.86
20120901,29.12,0.43,66.84,4.69
20120902,29.86,0.04,66.61,4.93
20120903,28.52,0.17,71.87,4.98
20120904,28.2,0.16,67.27,5.56
20120905,30.19,0.01,62.32,4.57
20120906,30.33,0.62,64.52,4.64
20120907,29.87,0.25,64.58,4.32
20120908,29.53,0.27,61.98,4.54
20120909,28.49,0.25,65.11,4.97
20120910,29.09,0.09,61.69,5.44
20120911,29.96,0.01,59.59,5.07
20120912,30.06,0.0,61.8,4.61
20120913,29.59,0.54,66.12,4.63
20120914,28.97,0.24,69.48,5.29
20120915,29.16,0.31,68.04,5.41
20120916,30.37,0.38,60.8,4.66
20120917,30.4,1.86,63.34,4.03
20120918,30.31,1.67,62.28,3.74
20120919,30.73,0.14,59.78,3.61
20120920,30.7,0.01,60.4,4.52
20120921,30.19,0.03,63.09,4.13
20120922,29.94,0.42,63.73,4.13
20120923,30.3,0.13,60.8,4.45
20120924,30.39,3.18,61.11,4.49
20120925,30.35,0.08,58.91,4.35
20120926,30.1,0.27,62.55,3.93
20120927,29.26,7.29,68.02,2.66
20120928,28.29,3.28,73.16,2.95
20120929,29.13,0.41,68.47,2.91
20120930,29.51,0.16,65.09,4.57
20121001,28.89,0.01,65.46,4.17
20121002,29.75,0.0,64.86,4.35
20121003,30.17,0.1,62.93,4.0
20121004,30.35,0.04,62.2,3.84
20121005,31.02,0.03,59.51,3.5
20121006,30.47,0.35,58.4,3.34
20121007,30.97,10.97,62.06,1.92
20121008,29.43,5.91,73.18,1.04
20121009,29.62,3.87,67.83,2.33
20121010,29.12,5.89,69.4,2.07
20121011,28.5,15.26,76.22,2.15
20121012,27.98,5.45,78.86,2.02
20121013,28.24,1.03,75.02,2.34
20121014,27.08,10.78,83.25,2.21
20121015,26.66,9.23,82.38,2.26
20121016,26.16,14.67,83.37,2.31
20121017,26.71,40.0,80.95,1.58
20121018,26.82,16.9,82.8,2.08
20121019,26.06,32.87,90.6,3.03
20121020,26.12,7.86,87.11,2.54
20121021,26.52,10.47,85.33,1.75
20121022,26.58,18.06,88.04,2.68
20121023,26.33,14.87,89.02,2.8
20121024,26.07,9.57,90.8,2.56
20121025,26.18,1.2,88.42,2.19
20121026,26.63,0.74,86.86,2.06
20121027,26.79,1.25,87.96,2.6
20121028,26.57,5.51,87.66,2.64
20121029,26.2,6.55,88.03,1.99
20121030,25.67,1.29,86.29,2.08
20121031,26.58,2.47,83.01,3.15
20121101,26.43,1.69,87.49,5.23
20121102,27.04,0.15,83.03,3.14
20121103,26.58,0.02,83.31,2.73
20121104,26.56,0.0,77.64,1.75
20121105,26.46,0.0,79.9,1.8
20121106,26.43,2.03,80.99,1.32
20121107,26.53,8.41,83.97,1.19
20121108,26.18,8.52,85.04,0.68
20121109,26.13,9.68,87.67,1.76
20121110,26.67,2.52,85.23,2.34
20121111,26.34,0.69,84.0,2.63
20121112,25.98,0.03,83.23,2.32
20121113,25.6,0.06,82.76,2.63
20121114,25.28,0.03,73.95,2.97
20121115,24.5,0.0,74.64,2.56
20121116,25.05,0.0,75.03,2.62
20121117,25.83,0.38,77.36,2.21
20121118,26.99,0.0,75.57,1.36
20121119,27.72,0.0,75.85,1.07
20121120,27.81,0.0,75.73,1.05
20121121,27.92,0.0,74.44,1.13
20121122,27.67,1.67,79.04,1.34
20121123,27.83,9.72,82.2,1.33
20121124,26.44,20.08,86.48,2.93
20121125,25.77,7.09,91.57,3.38
20121126,25.79,1.25,88.59,3.27
20121127,25.94,0.23,84.81,3.29
20121128,25.91,0.01,78.82,3.55
20121129,25.17,0.0,77.65,3.12
20121130,24.79,0.0,76.03,2.69
20121201,24.57,0.0,74.71,2.67
20121202,24.88,0.01,77.47,2.89
20121203,26.03,1.16,82.28,2.42
20121204,25.53,1.69,90.03,3.14
20121205,26.41,0.11,80.05,3.5
20121206,26.86,10.9,84.73,3.83
20121207,26.68,1.06,82.99,3.81
20121208,26.75,0.44,83.01,3.09
20121209,26.06,10.51,81.06,2.72
20121210,25.06,0.01,79.16,2.57
20121211,25.73,0.01,79.28,2.47
20121212,26.0,0.01,79.0,2.35
20121213,25.97,0.0,77.71,2.44
20121214,26.0,0.0,75.37,3.4
20121215,25.51,0.08,79.5,3.98
20121216,25.87,0.23,74.64,4.71
20121217,25.84,0.16,72.06,5.33
20121218,26.03,1.38,75.91,4.81
20121219,25.41,3.01,82.34,3.65
20121220,25.88,1.57,84.03,3.87
20121221,26.52,1.07,80.65,3.9
20121222,26.32,0.12,74.68,3.98
20121223,25.96,0.15,74.51,4.56
20121224,26.67,0.11,74.34,3.98
20121225,26.73,1.12,78.18,4.6
20121226,26.85,4.8,78.96,3.76
20121227,25.86,12.69,86.88,4.17
20121228,25.77,3.12,89.26,3.57
20121229,26.96,0.7,83.97,3.84
20121230,27.12,0.31,83.62,2.52
20121231,27.14,0.12,78.83,3.04
20130101,27.24,0.0,76.28,2.89
20130102,26.72,0.0,72.58,2.74
20130103,26.98,0.01,76.03,2.81
20130104,26.98,0.1,75.25,2.07
20130105,26.94,0.01,78.5,2.3
20130106,27.67,0.01,75.76,2.97
20130107,27.26,1.25,73.57,3.08
20130108,25.96,8.53,84.42,2.47
20130109,26.12,2.7,84.76,3.03
20130110,26.5,0.57,75.12,3.59
20130111,26.39,0.0,74.59,3.57
20130112,26.29,0.0,71.51,3.39
20130113,25.78,0.0,65.48,3.63
20130114,24.93,0.0,70.6,3.03
20130115,25.72,0.0,70.79,3.5
20130116,25.87,0.0,66.83,3.82
20130117,25.78,0.0,66.11,3.66
20130118,26.01,0.0,67.91,3.39
20130119,26.49,0.0,67.12,3.3
20130120,26.46,0.01,70.71,3.03
20130121,27.23,0.0,69.87,3.68
20130122,26.71,0.0,64.95,3.87
20130123,27.16,0.02,69.99,3.53
20130124,27.57,0.03,67.22,3.77
20130125,27.28,0.01,66.42,3.98
20130126,27.07,0.0,63.38,3.91
20130127,26.81,0.0,66.07,3.72
20130128,27.29,0.0,63.52,3.25
20130129,27.36,0.0,64.13,2.95
20130130,27.37,0.0,65.44,3.59
20130131,26.98,0.0,64.51,4.33
20130201,26.64,0.0,61.33,3.97
20130202,26.89,0.0,65.63,3.73
20130203,27.0,0.0,65.28,3.74
20130204,27.73,0.03,67.14,2.96
20130205,27.61,0.71,74.09,2.79
20130206,28.01,1.34,70.83,3.12
20130207,28.79,0.02,62.56,2.36
20130208,28.55,0.0,66.67,1.82
20130209,28.52,0.01,69.33,2.98
20130210,28.6,0.0,63.04,4.17
20130211,28.48,1.49,65.31,4.7
20130212,28.35,1.59,69.73,4.65
20130213,27.16,9.12,78.3,3.87
20130214,26.06,7.28,78.55,2.27
20130215,26.06,0.19,77.45,2.36
20130216,28.42,0.03,69.36,2.13
20130217,29.08,2.31,67.43,2.31
20130218,29.05,2.54,68.26,2.33
20130219,28.35,2.67,72.73,1.92
20130220,28.44,0.43,70.06,3.3
20130221,28.15,0.0,63.57,3.89
20130222,27.47,0.0,65.44,3.73
20130223,27.73,0.0,63.89,3.39
20130224,27.83,0.0,62.78,3.05
20130225,27.99,0.0,62.37,2.72
20130226,27.4,0.0,61.19,2.82
20130227,27.82,0.0,59.82,2.98
20130228,28.57,0.0,60.2,2.77
20130301,28.91,0.0,60.59,3.18
20130302,28.34,0.0,63.1,3.73
20130303,28.71,0.0,58.71,3.74
20130304,28.78,1.66,64.41,3.91
20130305,27.43,16.73,79.07,3.88
20130306,27.8,6.67,81.51,3.47
20130307,28.46,0.51,75.89,3.91
20130308,28.02,6.15,78.22,2.97
20130309,28.18,2.93,76.92,2.34
20130310,28.9,0.03,70.62,2.22
20130311,28.64,0.05,68.68,2.12
20130312,28.55,0.0,64.34,1.96
20130313,28.71,0.0,61.34,1.98
20130314,28.56,0.0,64.15,1.89
20130315,28.48,7.35,70.16,2.39
20130316,27.14,15.13,75.08,2.37
20130317,28.96,0.18,65.61,2.67
20130318,29.12,0.0,66.72,2.42
20130319,28.78,0.0,66.54,2.12
20130320,29.38,0.0,67.93,2.22
20130321,29.02,0.0,64.81,2.23
20130322,28.68,0.0,60.38,2.06
20130323,28.77,0.0,60.13,1.74
20130324,29.36,0.09,63.69,2.2
20130325,30.05,0.43,63.79,1.97
20130326,30.02,0.11,64.81,1.85
20130327,29.88,0.05,66.19,1.98
20130328,30.77,0.01,62.96,2.33
20130329,31.32,0.01,61.23,2.49
20130330,31.55,0.03,61.63,2.2
20130331,31.02,0.01,62.57,2.4
20130401,31.8,0.0,57.24,2.47
20130402,32.1,0.0,56.89,2.86
20130403,31.16,0.0,61.14,2.25
20130404,32.41,0.0,57.42,2.97
20130405,31.6,0.0,57.99,3.41
20130406,32.75,0.0,55.86,3.3
20130407,33.06,0.0,54.2,3.28
20130408,31.96,0.01,60.25,3.11
20130409,31.52,0.22,61.69,2.81
20130410,31.66,0.01,57.64,2.76
20130411,32.01,0.0,57.02,2.43
20130412,31.75,0.1,59.97,2.48
20130413,32.03,0.2,59.45,2.45
20130414,31.68,0.37,61.81,2.81
20130415,29.0,36.77,77.01,3.04
20130416,31.0,0.47,65.57,2.88
20130417,31.07,0.0,65.57,3.48
20130418,31.59,0.0,61.4,3.07
20130419,31.66,0.0,58.3,2.36
20130420,31.61,0.0,58.67,2.91
20130421,30.97,0.23,61.23,3.08
20130422,30.76,0.29,62.6,3.4
20130423,30.77,0.0,63.6,2.89
20130424,31.12,1.43,64.19,2.25
20130425,30.8,1.28,66.79,1.7
20130426,29.98,0.33,70.56,1.68
20130427,30.92,0.06,64.69,2.04
20130428,32.09,0.04,60.31,3.08
20130429,32.33,0.36,60.59,2.91
20130430,31.47,0.57,64.73,2.23
20130501,30.28,2.48,68.99,2.06
20130502,30.57,1.77,67.32,3.17
20130503,30.74,0.13,68.06,4.04
20130504,31.0,0.05,67.93,3.74
20130505,30.73,0.03,68.39,1.85
20130506,30.68,0.24,65.53,1.81
20130507,31.01,1.49,66.29,2.34
20130508,30.25,15.83,71.16,3.62
20130509,30.2,2.83,70.39,3.47
20130510,31.23,0.02,66.68,2.9
20130511,30.84,0.02,69.47,3.79
20130512,29.94,0.21,71.56,5.18
20130513,27.48,0.11,76.55,3.48
20130514,29.5,0.08,68.82,5.1
20130515,30.74,0.0,62.79,4.93
20130516,30.75,0.0,60.56,3.7
20130517,32.09,0.0,56.51,4.71
20130518,31.52,0.0,58.25,4.18
20130519,32.03,0.0,61.43,4.04
20130520,30.6,0.0,67.82,4.47
20130521,30.45,0.01,59.6,4.66
20130522,30.69,0.15,65.27,5.45
20130523,30.32,0.05,67.75,5.62
20130524,30.38,0.1,69.34,5.81
20130525,30.11,0.32,66.55,5.58
20130526,30.75,0.05,60.24,4.42
20130527,29.44,0.04,66.33,4.95
20130528,28.95,0.02,67.82,4.53
20130529,29.47,0.01,66.52,4.54
20130530,29.9,4.54,66.72,4.79
20130531,28.63,3.96,71.52,5.26
20130601,28.38,0.72,70.63,5.13
20130602,28.55,2.86,70.02,5.76
20130603,28.81,0.4,69.24,6.07
20130604,29.34,0.2,67.71,5.23
20130605,30.08,0.05,66.19,4.66
20130606,29.86,0.39,66.97,5.07
20130607,28.84,0.94,68.95,5.23
20130608,28.39,0.41,70.01,5.97
20130609,29.51,0.05,65.2,5.79
20130610,29.84,0.06,65.17,5.39
20130611,28.89,0.49,71.32,5.55
20130612,28.62,1.09,66.01,6.61
20130613,28.66,0.25,62.74,7.18
20130614,29.44,0.05,69.76,5.57
20130615,29.11,0.8,70.36,6.18
20130616,28.89,0.54,70.74,6.04
20130617,28.37,0.31,67.31,6.17
20130618,28.75,0.07,66.71,5.41
20130619,28.69,0.4,70.38,5.56
20130620,28.83,0.06,67.03,5.69
20130621,28.74,0.75,66.9,6.03
20130622,28.46,1.0,64.81,6.1
20130623,28.7,0.69,69.13,5.98
20130624,28.82,0.26,71.22,5.6
20130625,28.69,0.22,72.79,5.19
20130626,28.71,0.07,70.55,5.06
20130627,29.26,0.03,68.8,4.6
20130628,29.22,0.02,66.62,4.2
20130629,29.09,0.1,67.43,4.27
20130630,28.42,0.17,71.08,5.59
20130701,28.05,0.04,66.05,5.5
20130702,28.32,0.16,67.91,6.01
20130703,28.26,0.03,67.08,6.32
20130704,29.17,0.05,65.24,6.06
20130705,28.89,0.04,64.82,5.53
20130706,30.26,0.2,59.29,4.9
20130707,28.78,0.07,65.36,5.55
20130708,28.47,0.16,67.24,5.49
20130709,28.17,0.31,68.89,5.64
20130710,28.05,2.51,67.62,5.63
20130711,28.37,0.02,63.73,5.1
20130712,28.66,0.1,64.84,5.59
20130713,27.92,0.0,67.82,4.91
20130714,29.03,0.17,66.94,4.5
20130715,29.25,0.01,65.48,5.53
20130716,28.3,0.05,66.59,6.0
20130717,28.08,0.27,70.74,5.32
20130718,28.27,0.7,67.61,6.12
20130719,27.63,1.01,70.37,5.98
20130720,27.52,0.44,71.47,5.45
20130721,27.95,0.12,67.17,5.52
20130722,27.91,0.2,69.83,5.61
20130723,27.97,0.67,68.65,5.92
20130724,28.17,1.34,68.57,6.21
20130725,27.92,0.3,70.83,5.45
20130726,27.9,0.25,71.57,4.83
20130727,28.85,0.04,68.99,4.18
20130728,29.81,0.0,64.04,4.19
20130729,28.25,0.0,63.66,4.42
20130730,28.5,0.0,65.89,5.58
20130731,28.35,0.0,69.45,5.98
20130801,28.77,0.17,67.0,6.04
20130802,28.86,0.12,64.83,6.17
20130803,28.61,0.11,65.24,5.04
20130804,27.69,3.9,68.82,5.83
20130805,27.04,1.61,71.0,6.4
20130806,28.06,0.1,67.36,5.25
20130807,28.18,0.22,68.42,4.23
20130808,29.13,0.2,65.19,4.5
20130809,28.47,1.67,67.73,3.84
20130810,28.19,12.2,72.75,3.34
20130811,28.46,0.13,71.09,3.83
20130812,28.34,0.08,71.39,3.88
20130813,28.3,0.05,71.5,4.5
20130814,28.74,0.02,67.12,4.63
20130815,28.0,0.02,71.57,4.39
20130816,28.48,0.16,70.21,4.45
20130817,28.69,11.64,70.92,4.05
20130818,28.62,1.82,71.08,4.6
20130819,28.88,0.14,69.91,4.3
20130820,28.46,0.0,70.75,5.32
20130821,28.82,0.0,69.65,5.15
20130822,29.09,0.0,67.06,4.67
20130823,29.4,0.0,65.17,4.29
20130824,29.15,0.0,65.54,4.39
20130825,29.89,0.0,62.99,4.21
20130826,30.15,2.41,62.57,3.22
20130827,29.12,10.74,70.13,2.04
20130828,28.32,15.66,74.72,2.08
20130829,27.83,2.56,76.18,2.27
20130830,27.96,0.3,77.7,1.71
20130831,28.38,0.12,74.95,1.14
20130901,28.32,1.11,76.11,2.03
20130902,28.27,0.25,75.5,3.05
20130903,27.71,1.36,75.44,3.81
20130904,27.94,1.38,72.11,3.58
20130905,27.96,2.29,72.47,3.83
20130906,26.79,5.4,78.36,3.3
20130907,27.64,0.24,72.5,3.91
20130908,27.44,0.8,73.19,4.12
20130909,26.73,0.13,72.51,4.91
20130910,28.24,0.32,68.92,4.77
20130911,28.0,1.64,72.15,5.01
20130912,28.04,1.1,72.4,5.13
20130913,28.07,0.2,73.43,4.72
20130914,28.75,0.14,70.5,5.02
20130915,28.03,0.07,73.07,5.3
20130916,28.51,0.25,74.41,4.98
20130917,28.3,0.37,71.81,6.34
20130918,28.31,0.07,69.71,5.45
20130919,28.38,0.15,72.49,5.45
20130920,28.44,0.05,74.25,5.59
20130921,28.75,0.01,72.78,4.97
20130922,29.56,0.0,67.75,4.83
20130923,30.03,0.0,64.89,4.23
20130924,29.9,0.0,65.02,3.97
20130925,30.69,0.09,60.67,3.81
20130926,30.37,0.0,62.24,3.53
20130927,30.7,0.0,60.56,3.63
20130928,30.19,0.0,62.7,4.53
20130929,29.63,0.51,63.8,5.15
20130930,29.33,0.09,65.46,4.56
20131001,30.28,0.17,63.15,4.61
20131002,29.36,0.09,67.3,4.7
20131003,29.56,0.36,64.69,4.64
20131004,29.51,0.0,59.36,4.4
20131005,28.85,0.0,59.56,3.99
20131006,29.45,0.0,63.81,4.15
20131007,29.08,0.27,67.16,4.04
20131008,28.62,7.98,74.2,3.74
20131009,27.64,1.22,70.54,3.05
20131010,28.85,0.23,67.19,3.32
20131011,29.5,0.05,66.14,4.65
20131012,29.28,0.06,66.83,4.96
20131013,29.54,0.18,67.57,4.72
20131014,30.76,0.04,61.46,3.08
20131015,30.7,4.44,62.57,2.9
20131016,28.21,26.64,78.48,1.97
20131017,27.29,3.68,80.23,1.67
20131018,26.9,8.7,79.04,1.29
20131019,26.25,43.83,85.33,2.06
20131020,26.0,16.48,85.54,1.95
20131021,25.92,6.9,85.21,2.2
20131022,27.05,0.84,81.84,3.43
20131023,27.35,0.16,80.83,3.51
20131024,27.68,0.01,78.7,3.03
20131025,27.5,0.11,77.7,3.09
20131026,27.7,0.0,74.93,2.88
20131027,27.73,0.0,73.6,3.21
20131028,26.66,0.0,75.51,2.63
20131029,27.3,0.0,71.58,1.96
20131030,27.24,0.0,74.55,1.54
20131031,26.53,17.04,82.33,0.73
20131101,26.88,6.16,81.62,1.54
20131102,26.76,20.58,87.17,2.03
20131103,26.38,13.25,88.89,2.56
20131104,26.1,8.45,82.93,2.05
20131105,26.48,13.46,88.54,2.82
20131106,26.81,11.81,85.83,2.91
20131107,26.3,1.49,84.56,2.91
20131108,26.54,0.51,80.82,3.19
20131109,26.33,0.36,79.4,3.06
20131110,26.99,0.22,79.56,2.86
20131111,27.03,0.72,80.99,2.8
20131112,26.79,4.28,80.53,1.77
20131113,26.33,7.59,76.14,2.06
20131114,25.66,0.29,80.14,1.45
20131115,26.05,0.23,78.66,2.67
20131116,26.32,0.8,79.21,2.45
20131117,26.59,1.6,81.37,1.73
20131118,26.66,4.58,82.92,2.99
20131119,26.81,3.13,82.31,2.3
20131120,27.29,1.6,77.71,1.33
20131121,27.42,1.6,79.41,1.29
20131122,27.83,0.29,76.17,1.21
20131123,27.61,7.53,77.21,1.3
20131124,26.86,21.43,80.71,1.06
20131125,26.53,3.29,82.96,1.83
20131126,26.96,0.6,80.78,1.52
20131127,27.23,0.04,77.98,1.52
20131128,26.52,0.0,77.49,1.88
20131129,26.39,0.0,75.51,2.0
20131130,26.28,1.72,80.66,2.87
20131201,25.68,21.27,87.52,3.43
20131202,24.94,18.6,88.02,3.32
20131203,25.39,10.21,85.87,3.69
20131204,25.28,4.62,86.38,3.84
20131205,25.68,0.79,83.83,3.6
20131206,26.28,0.06,78.53,2.87
20131207,25.86,0.0,76.19,2.14
20131208,26.9,0.0,80.2,1.8
20131209,25.96,0.0,83.36,1.33
20131210,26.42,0.0,82.08,1.2
20131211,26.93,0.0,79.98,1.14
20131212,26.5,22.0,78.51,1.38
20131213,25.72,7.4,86.67,2.86
20131214,26.19,1.98,84.45,2.35
20131215,26.04,2.65,85.0,3.23
20131216,23.56,0.0,76.2,3.35
20131217,23.51,0.0,79.57,3.64
20131218,24.49,0.0,79.88,3.53
20131219,25.07,0.0,79.46,3.05
20131220,25.13,0.0,80.57,3.11
20131221,24.54,0.0,80.03,2.85
20131222,24.49,0.0,77.46,3.55
20131223,24.56,0.0,75.16,3.78
20131224,25.16,0.0,79.0,4.29
20131225,25.57,0.0,73.6,3.8
20131226,24.96,0.0,75.61,3.79
20131227,24.99,0.0,74.26,3.28
20131228,25.42,0.0,72.26,2.7
20131229,24.99,0.0,71.35,3.25
20131230,24.83,0.0,70.65,3.51
20131231,25.16,0.0,74.22,3.49
20140101,25.22,0.01,74.51,4.0
20140102,25.26,0.0,73.27,3.67
20140103,25.74,0.01,74.42,3.5
20140104,25.83,0.01,72.62,3.74
20140105,25.83,0.05,69.68,2.9
20140106,26.03,0.74,69.97,3.46
20140107,24.64,12.26,84.27,4.63
20140108,25.28,9.74,83.77,4.19
20140109,25.55,3.41,80.47,3.71
20140110,25.61,0.08,74.0,3.28
20140111,25.26,0.0,74.68,2.79
20140112,25.82,0.0,74.41,2.72
20140113,25.32,0.5,80.03,3.28
20140114,26.11,2.58,78.25,3.34
20140115,26.29,0.21,74.04,3.0
20140116,26.45,0.0,74.15,3.17
20140117,26.09,0.21,70.89,3.39
20140118,25.76,0.0,68.63,3.6
20140119,25.98,0.0,73.14,3.53
20140120,25.98,0.0,69.69,3.61
20140121,26.04,0.0,69.65,3.75
20140122,26.21,0.09,71.23,3.68
20140123,26.35,0.16,71.64,3.44
20140124,26.79,0.43,70.99,3.39
20140125,26.36,0.0,68.23,3.97
20140126,25.85,0.03,66.18,4.45
20140127,25.8,0.0,66.65,4.18
20140128,26.35,0.0,67.05,3.96
20140129,26.65,0.0,63.3,3.76
20140130,26.88,0.0,65.89,3.95
20140131,27.08,0.0,67.54,3.9
20140201,27.33,0.01,67.88,4.17
20140202,27.05,0.2,68.88,4.46
20140203,26.64,0.02,66.18,3.72
20140204,26.33,0.0,63.88,2.99
20140205,26.25,0.0,62.6,2.96
20140206,26.13,0.0,64.72,3.16
20140207,26.43,0.0,63.3,3.0
20140208,26.39,0.0,62.24,3.1
20140209,26.68,0.0,55.72,2.22
20140210,27.06,0.0,59.51,2.43
20140211,27.18,0.0,58.7,2.28
20140212,27.67,0.0,58.13,2.0
20140213,27.98,0.0,61.38,2.18
20140214,28.39,0.0,63.98,2.4
20140215,28.61,0.0,62.9,1.94
20140216,29.53,0.0,62.36,2.16
20140217,29.45,0.0,64.43,2.28
20140218,29.01,0.0,65.87,3.76
20140219,28.78,0.01,64.54,3.56
20140220,28.66,0.21,64.92,3.43
20140221,28.66,0.09,60.67,3.32
20140222,28.57,0.02,60.48,3.17
20140223,28.31,0.0,59.61,3.3
20140224,27.92,3.09,71.99,4.09
20140225,28.24,0.51,69.28,4.24
20140226,28.3,0.01,60.57,3.46
20140227,28.34,0.3,66.34,2.64
20140228,28.44,2.88,67.82,2.74
20140301,29.12,0.29,60.99,3.02
20140302,28.77,0.42,62.16,2.61
20140303,29.16,0.01,61.11,2.6
20140304,29.29,0.45,63.63,3.11
20140305,28.54,4.83,68.75,3.19
20140306,28.28,2.99,69.57,3.0
20140307,28.67,0.31,66.37,3.33
20140308,28.61,0.01,66.31,3.18
20140309,28.81,0.0,62.86,3.87
20140310,29.21,0.0,60.4,3.48
20140311,28.88,0.0,60.77,4.23
20140312,28.42,0.0,60.36,3.88
20140313,28.36,0.0,63.22,3.74
20140314,28.3,0.0,63.24,3.44
20140315,27.98,0.0,62.22,3.36
20140316,28.45,0.0,64.14,3.41
20140317,29.07,0.0,64.44,3.74
20140318,30.17,0.0,60.63,3.59
20140319,29.55,0.04,65.87,2.76
20140320,30.1,0.06,63.5,2.34
20140321,30.56,0.02,60.17,2.08
20140322,30.8,0.0,58.64,2.02
20140323,30.33,0.0,60.5,2.15
20140324,30.14,0.0,57.54,2.14
20140325,29.77,0.0,57.46,2.69
20140326,29.34,0.0,59.89,3.14
20140327,29.53,0.0,60.08,3.03
20140328,29.0,0.0,59.41,2.38
20140329,29.24,0.0,58.23,2.34
20140330,30.12,0.0,51.69,1.86
20140331,30.74,0.0,55.16,2.5
20140401,31.61,0.0,55.84,2.64
20140402,31.72,0.01,57.61,2.76
20140403,30.77,0.01,65.34,2.17
20140404,30.87,0.02,60.87,2.01
20140405,30.7,0.06,63.54,1.88
20140406,29.08,0.1,69.35,1.99
20140407,29.87,0.07,65.27,2.13
20140408,30.0,0.04,63.78,2.56
20140409,31.57,0.03,59.12,2.52
20140410,31.37,0.07,61.29,2.61
20140411,31.69,0.02,57.34,2.63
20140412,32.17,0.06,56.01,2.93
20140413,31.79,0.09,58.89,2.57
20140414,30.31,0.35,65.37,1.93
20140415,29.57,0.04,66.84,1.54
20140416,31.23,0.08,58.2,2.28
20140417,32.34,0.09,56.02,2.65
20140418,32.02,0.02,57.8,2.39
20140419,31.71,0.01,59.23,2.56
20140420,31.26,0.01,62.14,2.13
20140421,30.78,0.05,65.3,1.79
20140422,30.31,0.07,66.81,1.74
20140423,30.25,2.03,65.88,1.67
20140424,30.94,2.38,64.06,1.49
20140425,31.5,0.59,63.26,2.08
20140426,31.58,0.06,63.85,2.1
20140427,31.24,0.67,65.88,2.31
20140428,31.37,0.25,63.6,1.28
20140429,30.71,0.43,54.03,2.1
20140430,30.82,3.51,58.02,2.1
20140501,30.76,1.36,61.84,2.26
20140502,30.63,4.91,65.21,1.91
20140503,29.85,2.31,71.87,1.54
20140504,29.79,4.99,72.18,1.13
20140505,28.32,8.09,78.84,2.83
20140506,27.01,52.0,89.55,3.43
20140507,27.56,37.79,86.09,5.04
20140508,28.23,7.66,82.83,4.22
20140509,28.64,0.66,82.4,3.55
20140510,28.69,0.15,81.82,3.35
20140511,29.12,0.07,79.82,2.36
20140512,29.13,10.1,81.29,2.43
20140513,28.84,5.8,81.28,2.87
20140514,29.16,0.41,78.32,3.41
20140515,29.64,0.07,75.46,3.09
20140516,28.97,0.02,72.84,3.42
20140517,28.94,0.0,72.66,3.23
20140518,30.0,0.0,70.56,2.09
20140519,29.92,0.02,74.68,3.04
20140520,30.02,0.21,75.51,3.58
20140521,29.07,2.93,75.44,3.45
20140522,29.55,0.21,75.87,4.08
20140523,29.99,0.02,74.54,4.05
20140524,29.42,0.39,78.08,3.84
20140525,28.73,0.11,77.65,4.23
20140526,28.89,5.1,76.85,3.77
20140527,29.46,0.89,77.6,3.05
20140528,29.34,2.91,79.3,3.41
20140529,29.22,0.67,77.36,3.77
20140530,29.69,0.03,75.72,4.11
20140531,29.98,0.01,75.15,4.47
20140601,29.77,2.99,77.55,4.44
20140602,29.07,1.28,76.93,4.46
20140603,28.37,0.14,75.72,3.4
20140604,29.44,0.08,72.89,4.36
20140605,29.34,0.04,73.55,5.13
20140606,29.62,0.05,71.67,5.7
20140607,29.78,0.11,68.19,6.74
20140608,29.66,0.31,67.94,6.1
20140609,28.5,0.12,76.65,5.17
20140610,27.96,0.09,77.88,4.73
20140611,28.63,0.15,76.48,5.15
20140612,29.38,0.07,71.61,5.69
20140613,28.99,0.02,70.04,4.37
20140614,29.79,0.0,71.3,4.02
20140615,29.79,0.0,68.72,4.41
20140616,29.84,0.0,69.84,5.17
20140617,29.6,0.03,70.75,5.33
20140618,29.53,0.01,70.26,5.88
20140619,29.38,0.26,72.23,5.64
20140620,28.77,0.07,74.09,6.13
20140621,29.68,0.01,65.88,5.85
20140622,29.7,0.01,66.14,4.68
20140623,30.19,0.0,66.89,5.03
20140624,30.02,0.0,67.95,5.51
20140625,29.86,0.0,66.43,5.61
20140626,29.77,0.0,68.02,4.29
20140627,30.26,0.0,67.84,3.49
20140628,30.74,0.04,65.99,3.93
20140629,30.74,0.01,65.47,4.94
20140630,29.87,3.43,66.02,5.2
20140701,28.96,0.31,71.93,5.51
20140702,30.24,0.01,62.62,3.78
20140703,30.03,0.0,66.98,4.65
20140704,30.14,0.02,66.13,4.88
20140705,29.96,0.05,67.55,5.37
20140706,30.63,0.01,59.95,4.12
20140707,29.53,0.09,57.83,5.4
20140708,29.21,0.04,60.92,5.09
20140709,29.82,0.15,61.67,5.42
20140710,28.75,0.1,65.43,6.11
20140711,28.56,0.01,70.64,5.71
20140712,29.01,0.01,68.2,6.09
20140713,29.62,0.04,65.23,6.09
20140714,28.96,0.14,67.23,5.85
20140715,29.2,0.3,68.16,5.33
20140716,28.7,0.02,69.54,5.0
20140717,29.24,0.0,67.57,4.73
20140718,29.84,0.08,65.02,5.25
20140719,29.64,0.01,65.17,5.83
20140720,29.46,0.01,66.59,5.87
20140721,29.19,0.02,67.81,5.44
20140722,29.03,0.06,66.44,5.61
20140723,28.84,0.15,63.77,6.15
20140724,29.7,0.04,58.66,4.96
20140725,29.6,0.02,60.48,5.24
20140726,30.06,0.02,56.53,5.65
20140727,30.06,0.02,63.25,5.46
20140728,29.04,0.04,66.28,6.03
20140729,29.15,0.13,67.81,5.78
20140730,29.6,0.0,64.92,5.9
20140731,29.25,0.71,68.38,5.22
20140801,28.86,0.7,70.08,5.86
20140802,29.09,0.07,67.86,5.2
20140803,28.93,0.07,66.55,5.9
20140804,29.07,0.07,64.04,6.13
20140805,29.08,0.08,64.33,5.94
20140806,29.53,0.36,61.88,5.36
20140807,29.65,0.14,61.31,5.0
20140808,28.63,1.28,64.22,5.49
20140809,28.62,10.58,68.5,3.64
20140810,27.55,1.95,73.05,4.27
20140811,27.76,0.21,69.64,5.2
20140812,27.93,0.01,70.91,4.55
20140813,27.72,0.07,70.69,4.04
20140814,27.53,0.02,71.68,4.17
20140815,26.88,0.95,76.63,3.87
20140816,26.84,7.69,74.94,3.58
20140817,27.56,3.42,73.85,2.48
20140818,27.95,10.17,77.0,1.97
20140819,29.07,1.49,69.88,2.5
20140820,28.48,1.28,73.95,3.04
20140821,28.57,1.65,73.94,3.7
20140822,27.96,6.59,76.69,4.5
20140823,27.75,3.8,74.67,5.19
20140824,28.3,0.22,72.69,3.97
20140825,28.76,0.0,70.05,3.53
20140826,28.25,0.0,72.25,4.14
20140827,27.88,0.05,73.84,4.38
20140828,27.88,0.27,74.56,4.8
20140829,28.03,0.41,73.91,4.93
20140830,28.6,0.71,71.41,5.18
20140831,28.03,0.44,75.07,4.8
20140901,28.16,0.46,74.53,4.89
20140902,28.19,0.78,75.31,4.2
20140903,27.38,1.67,74.46,4.08
20140904,28.02,0.24,72.23,3.94
20140905,28.11,1.01,72.18,4.4
20140906,27.8,0.05,73.28,4.74
20140907,27.41,0.02,73.23,5.11
20140908,28.01,0.01,72.77,4.84
20140909,28.87,0.03,68.11,4.92
20140910,29.61,0.16,66.88,4.22
20140911,29.77,0.02,63.68,3.57
20140912,28.74,6.84,68.41,2.89
20140913,28.5,0.73,71.75,3.49
20140914,28.6,0.63,72.29,4.22
20140915,28.88,0.06,70.24,4.53
20140916,28.51,0.02,71.45,4.65
20140917,29.3,0.0,68.7,5.1
20140918,28.9,0.0,69.08,5.0
20140919,29.5,0.0,67.14,4.9
20140920,29.93,0.0,64.15,4.64
20140921,30.87,0.0,59.42,2.78
20140922,31.09,0.0,60.06,2.43
20140923,31.15,1.12,63.02,2.25
20140924,29.7,1.6,70.59,2.55
20140925,29.12,4.93,72.81,2.18
20140926,28.49,5.99,75.35,2.34
20140927,27.72,6.96,78.84,1.83
20140928,27.08,19.82,85.23,1.47
20140929,27.26,14.01,82.29,1.2
20140930,27.63,7.43,78.88,1.3
20141001,28.11,2.48,77.18,1.43
20141002,28.3,0.33,74.22,1.12
20141003,28.4,0.24,71.04,1.8
20141004,27.78,0.29,78.75,2.75
20141005,28.1,3.85,77.05,2.97
20141006,28.27,6.7,77.39,3.6
20141007,27.66,2.02,80.12,3.55
20141008,28.28,0.94,73.58,3.88
20141009,28.19,8.28,77.19,2.39
20141010,28.53,1.56,75.87,3.76
20141011,28.17,0.0,73.48,4.23
20141012,28.44,0.05,71.37,4.11
20141013,29.12,0.6,74.49,3.38
20141014,28.55,0.99,79.11,2.66
20141015,28.83,4.96,75.28,1.57
20141016,28.17,10.39,76.97,1.98
20141017,26.27,57.86,82.09,2.16
20141018,24.97,29.96,91.34,3.48
20141019,25.32,40.71,89.19,2.67
20141020,25.55,22.2,89.16,2.16
20141021,25.46,25.7,89.83,2.45
20141022,25.24,29.88,92.38,2.59
20141023,26.11,7.52,85.97,1.26
20141024,26.52,0.75,83.75,1.2
20141025,27.28,7.18,83.36,1.4
20141026,26.32,3.75,86.0,1.09
20141027,26.74,5.49,86.11,1.36
20141028,27.13,2.78,83.16,1.18
20141029,26.55,8.65,84.44,0.72
20141030,25.81,4.87,88.97,1.44
20141031,25.96,0.59,82.56,1.08
20141101,25.73,15.12,83.1,1.06
20141102,26.26,23.44,81.8,1.56
20141103,26.36,11.91,81.86,0.97
20141104,25.25,0.89,84.56,1.53
20141105,26.82,0.04,81.73,1.98
20141106,26.84,0.03,76.17,1.37
20141107,26.68,0.0,73.38,1.09
20141108,26.92,0.01,79.61,1.49
20141109,26.96,0.02,79.01,1.9
20141110,26.85,0.0,82.09,1.54
20141111,26.85,2.83,83.67,1.79
20141112,26.6,2.61,86.34,2.73
20141113,25.52,10.1,92.16,2.12
20141114,26.17,19.8,91.21,2.36
20141115,26.59,11.81,87.28,2.9
20141116,26.03,4.85,87.91,3.15
20141117,25.87,6.06,88.61,3.91
20141118,25.33,15.77,90.82,3.65
20141119,25.86,7.98,90.88,3.81
20141120,25.23,4.66,91.89,3.59
20141121,24.98,17.61,91.85,3.69
20141122,25.52,11.43,89.65,2.92
20141123,25.42,6.03,90.38,3.37
20141124,25.33,1.34,89.89,4.0
20141125,23.98,0.26,88.33,3.85
20141126,24.07,0.7,89.27,3.48
20141127,23.9,20.31,91.84,3.06
20141128,22.15,14.35,91.73,3.42
20141129,22.19,3.52,86.06,3.0
20141130,22.19,2.18,89.45,3.1
20141201,24.34,5.91,92.58,4.38
20141202,24.69,1.25,89.83,4.1
20141203,24.33,0.01,85.33,3.27
20141204,23.24,0.0,84.88,3.08
20141205,23.53,0.0,85.39,3.1
20141206,23.93,0.0,87.34,3.13
20141207,24.69,0.12,90.39,2.91
20141208,25.38,6.15,90.31,2.76
20141209,25.37,3.08,89.75,2.72
20141210,24.93,14.17,91.54,1.96
20141211,24.72,2.49,91.43,2.16
20141212,25.39,7.02,88.8,2.49
20141213,25.12,2.55,90.13,2.65
20141214,25.36,9.08,89.45,2.59
20141215,25.61,0.71,88.16,2.93
20141216,25.89,2.46,90.98,3.38
20141217,25.77,6.63,90.72,4.53
20141218,25.58,4.19,89.84,4.63
20141219,25.33,6.18,90.48,4.44
20141220,23.88,1.13,89.91,4.29
20141221,24.54,0.19,86.68,3.15
20141222,24.3,0.01,89.28,3.41
20141223,25.27,0.57,87.46,3.33
20141224,25.46,1.4,88.07,3.79
20141225,24.92,0.09,86.71,3.5
20141226,23.34,0.12,82.91,3.24
20141227,23.61,0.89,84.4,3.16
20141228,23.69,1.82,87.84,3.16
20141229,26.03,0.96,82.43,1.83
20141230,26.22,0.05,84.66,1.46
20141231,26.59,4.21,87.21,1.59
20150101,26.06,1.0,85.31,2.28
20150102,24.92,0.0,79.03,1.69
20150103,24.96,0.0,78.55,1.25
20150104,25.37,0.0,82.66,1.76
20150105,25.32,0.0,85.39,2.43
20150106,25.21,0.0,83.07,2.33
20150107,24.59,0.0,82.21,2.33
20150108,24.92,0.0,81.92,2.03
20150109,25.02,0.0,82.62,2.5
20150110,24.54,0.0,79.83,3.44
20150111,23.38,0.0,78.02,3.71
20150112,23.26,0.0,76.0,3.34
20150113,23.39,0.0,76.03,3.36
20150114,23.92,0.0,78.47,2.91
20150115,23.92,0.0,75.69,2.75
20150116,24.58,0.0,81.21,2.69
20150117,25.45,0.01,81.89,3.55
20150118,25.3,0.0,78.96,3.59
20150119,24.74,0.0,75.03,3.41
20150120,24.37,0.0,77.36,3.16
20150121,24.49,0.02,76.57,3.64
20150122,24.91,0.22,77.11,3.1
20150123,25.94,0.02,77.75,2.8
20150124,25.98,0.01,77.36,3.46
20150125,26.06,0.0,73.77,4.01
20150126,25.45,0.01,74.36,3.9
20150127,25.59,0.0,74.86,3.54
20150128,26.01,0.01,76.6,3.63
20150129,26.46,0.02,74.92,2.96
20150130,26.49,0.0,73.91,2.9
20150131,26.23,0.0,69.2,3.73
20150201,25.99,0.0,71.64,3.64
20150202,26.01,0.01,70.02,4.21
20150203,26.22,0.03,69.95,4.64
20150204,25.12,1.02,76.95,4.1
20150205,25.96,0.25,74.9,4.17
20150206,26.01,0.03,73.85,3.68
20150207,26.36,0.05,72.1,3.41
20150208,26.69,0.0,67.63,3.29
20150209,26.84,0.04,71.29,3.51
20150210,26.65,0.11,71.92,3.68
20150211,27.17,0.03,71.78,3.71
20150212,27.92,0.01,70.84,3.97
20150213,27.92,0.01,71.16,3.16
20150214,27.84,0.0,66.37,2.92
20150215,27.32,0.0,63.36,3.04
20150216,27.05,0.0,61.32,3.04
20150217,26.89,0.0,59.73,2.51
20150218,26.77,0.0,56.41,2.48
20150219,27.06,0.0,56.87,2.56
20150220,26.91,0.0,59.66,3.4
20150221,27.14,0.0,65.2,3.82
20150222,27.14,0.0,61.94,3.82
20150223,27.31,0.0,62.19,3.67
20150224,27.83,0.03,65.66,3.15
20150225,28.55,0.1,67.12,2.71
20150226,28.82,4.24,68.47,1.88
20150227,28.65,1.32,70.58,1.61
20150228,28.66,0.35,69.64,2.16
20150301,28.88,0.04,67.33,2.05
20150302,29.33,0.07,67.11,2.16
20150303,29.21,0.11,65.18,2.17
20150304,29.75,0.0,59.44,1.65
20150305,29.73,0.02,62.98,2.15
20150306,29.74,0.19,64.66,2.25
20150307,29.67,0.33,63.04,2.73
20150308,29.03,0.16,63.01,2.94
20150309,29.32,0.02,63.21,2.9
20150310,29.06,0.0,59.48,3.26
20150311,28.37,0.0,63.1,3.48
20150312,29.33,0.07,63.86,4.04
20150313,29.45,0.14,64.07,3.73
20150314,28.85,4.67,67.4,3.39
20150315,28.85,3.62,71.54,3.06
20150316,28.55,5.13,74.25,3.11
20150317,28.81,0.27,66.94,2.71
20150318,27.34,0.0,64.05,1.73
20150319,28.38,0.0,57.98,1.9
20150320,28.68,0.0,62.01,2.3
20150321,29.2,0.02,63.93,2.88
20150322,29.01,0.0,63.41,2.38
20150323,29.68,0.0,62.48,2.11
20150324,29.94,0.0,66.26,2.29
20150325,29.3,0.0,67.87,2.2
20150326,29.92,0.0,62.83,2.65
20150327,30.07,0.08,63.0,3.51
20150328,30.1,1.81,64.51,3.06
20150329,29.97,2.88,67.14,2.67
20150330,29.93,0.88,65.87,2.43
20150331,28.89,8.05,72.14,1.38
20150401,28.57,9.75,76.06,1.63
20150402,29.44,3.5,70.76,1.78
20150403,30.99,0.13,64.46,2.38
20150404,31.32,0.17,65.19,2.28
20150405,30.39,0.05,70.26,2.51
20150406,30.37,0.03,68.69,2.19
20150407,29.81,0.41,71.14,2.06
20150408,28.68,3.22,70.35,1.83
20150409,28.62,1.31,73.03,1.9
20150410,29.26,1.21,73.16,1.4
20150411,30.22,7.49,67.8,1.86
20150412,29.47,15.07,73.52,1.3
20150413,29.02,1.93,67.84,1.89
20150414,28.29,3.62,70.04,1.75
20150415,28.44,32.68,73.71,1.58
20150416,28.62,9.67,76.43,1.22
20150417,28.61,18.44,76.39,1.26
20150418,28.7,4.91,75.78,1.51
20150419,29.01,0.26,75.63,1.35
20150420,28.46,14.52,78.81,1.58
20150421,28.07,9.47,79.67,1.75
20150422,26.95,2.49,86.19,1.25
20150423,28.38,0.17,79.57,2.37
20150424,28.75,1.36,78.71,1.65
20150425,27.67,2.68,74.8,1.85
20150426,28.9,0.57,66.78,1.57
20150427,28.6,0.27,73.73,1.37
20150428,28.71,0.11,74.64,1.37
20150429,29.69,0.06,70.34,1.65
20150430,29.86,0.05,72.93,2.41
20150501,29.63,0.03,75.74,2.27
20150502,29.15,0.05,76.01,2.56
20150503,30.1,0.1,71.64,1.92
20150504,29.8,0.68,72.41,1.69
20150505,29.59,2.26,72.7,1.14
20150506,29.05,2.22,75.48,1.54
20150507,29.42,3.35,73.21,1.46
20150508,30.17,7.72,70.84,2.01
20150509,29.1,9.37,78.99,2.06
20150510,29.15,1.69,74.53,1.7
20150511,27.6,12.07,77.19,1.97
20150512,28.86,10.02,65.77,1.12
20150513,28.32,11.12,76.72,1.31
20150514,28.32,16.39,80.84,1.06
20150515,28.37,13.04,83.71,2.21
20150516,28.03,11.12,88.24,3.29
20150517,27.83,9.83,89.05,4.14
20150518,27.76,12.59,89.31,3.11
20150519,27.87,5.24,88.72,3.44
20150520,28.16,0.98,84.93,3.48
20150521,28.48,0.35,84.23,3.96
20150522,28.99,0.05,80.97,4.51
20150523,28.24,0.78,81.23,4.08
20150524,28.36,0.5,80.27,4.34
20150525,28.72,0.1,81.26,3.75
20150526,28.76,0.02,81.29,5.07
20150527,28.37,0.16,83.75,3.49
20150528,27.49,0.16,78.96,3.84
20150529,28.7,0.1,77.63,4.47
20150530,28.48,6.66,80.18,3.18
20150531,27.96,1.38,80.55,3.9
20150601,28.02,0.25,78.68,4.19
20150602,27.98,23.4,82.29,3.47
20150603,28.13,3.15,83.41,3.02
20150604,28.3,0.7,82.19,2.78
20150605,27.39,0.93,85.0,2.74
20150606,28.44,0.04,78.74,2.47
20150607,28.56,2.06,81.96,3.52
20150608,28.36,1.08,76.22,4.33
20150609,28.03,0.19,78.6,3.84
20150610,28.4,0.24,80.46,3.03
20150611,28.47,0.56,78.26,4.18
20150612,27.55,0.23,79.56,3.97
20150613,28.23,0.69,77.56,4.25
20150614,28.34,0.52,76.87,3.65
20150615,28.42,0.32,75.79,4.17
20150616,27.76,1.56,74.51,4.47
20150617,27.61,0.51,73.84,4.43
20150618,27.8,0.73,78.63,4.65
20150619,28.2,0.47,79.81,5.16
20150620,28.98,0.13,76.56,5.29
20150621,28.71,0.35,78.15,4.97
20150622,28.86,0.18,77.69,4.47
20150623,28.47,0.37,79.39,4.19
20150624,28.7,0.39,77.93,4.37
20150625,28.39,1.13,80.34,4.56
20150626,27.49,1.57,71.05,5.6
20150627,27.72,3.87,74.5,5.81
20150628,28.33,1.39,77.52,4.67
20150629,27.83,1.66,78.52,5.32
20150630,28.92,5.44,73.77,4.38
20150701,28.7,6.62,78.41,3.72
20150702,28.94,0.09,75.62,4.1
20150703,28.89,0.12,76.16,4.63
20150704,28.69,0.28,77.55,4.91
20150705,29.11,0.09,74.47,5.3
20150706,29.0,0.01,71.68,5.61
20150707,28.89,0.02,71.92,5.12
20150708,28.84,0.13,71.57,5.06
20150709,29.27,0.14,71.87,5.34
20150710,29.06,0.49,73.63,5.34
20150711,28.75,0.16,74.46,5.23
20150712,29.51,0.01,70.6,4.38
20150713,29.07,0.06,71.24,4.53
20150714,29.16,0.27,73.54,5.31
20150715,28.7,0.35,74.22,5.68
20150716,29.16,0.42,71.24,5.91
20150717,28.27,1.73,69.14,6.06
20150718,28.64,1.01,67.36,5.98
20150719,28.95,0.6,65.82,5.4
20150720,28.21,0.36,72.19,4.94
20150721,28.86,1.62,72.77,4.79
20150722,28.58,0.97,72.38,5.11
20150723,28.19,0.54,71.58,4.79
20150724,28.35,0.07,69.89,4.57
20150725,28.54,0.08,69.44,4.59
20150726,27.7,0.04,71.23,4.45
20150727,28.7,0.02,68.34,3.78
20150728,29.07,2.67,68.42,2.63
20150729,28.8,2.63,71.52,3.47
20150730,28.5,0.0,70.86,4.32
20150731,28.54,0.02,69.79,4.02
20150801,30.03,0.35,65.73,3.25
20150802,30.08,0.55,64.05,2.8
20150803,29.02,0.22,68.44,4.66
20150804,28.99,0.18,70.39,5.12
20150805,28.98,0.09,69.3,5.49
20150806,29.72,0.03,63.96,4.97
20150807,29.07,0.03,70.21,4.8
20150808,29.67,0.55,67.66,5.12
20150809,29.75,0.15,68.49,5.86
20150810,29.32,0.79,68.01,5.78
20150811,29.7,0.12,66.63,5.75
20150812,29.84,0.11,65.09,5.83
20150813,29.36,0.58,67.24,4.85
20150814,30.95,0.32,62.0,4.21
20150815,30.05,0.67,65.76,3.08
20150816,28.24,14.9,74.82,2.25
20150817,29.13,1.47,70.91,2.3
20150818,29.12,2.92,71.72,2.28
20150819,28.34,1.02,74.72,3.06
20150820,28.83,0.22,72.1,3.47
20150821,28.92,1.82,72.57,3.86
20150822,28.51,1.65,75.19,3.17
20150823,29.52,0.04,64.59,4.43
20150824,28.71,0.04,67.08,3.91
20150825,29.05,0.02,67.12,4.05
20150826,29.22,0.0,66.37,4.05
20150827,29.12,0.0,69.72,4.83
20150828,29.58,0.01,67.9,4.6
20150829,30.11,0.02,67.13,4.84
20150830,30.52,0.07,63.61,4.4
20150831,30.72,0.1,61.61,3.14
20150901,31.39,0.55,60.64,3.02
20150902,31.25,5.04,61.68,2.26
20150903,29.57,4.27,73.13,1.53
20150904,28.49,0.8,76.08,1.95
20150905,28.57,5.14,73.65,2.75
20150906,27.81,3.21,78.2,3.35
20150907,27.44,0.66,74.48,3.9
20150908,27.95,2.06,71.0,3.28
20150909,27.96,1.3,73.45,3.57
20150910,27.89,0.93,75.92,3.84
20150911,27.69,1.88,78.41,4.15
20150912,28.77,0.51,72.11,4.16
20150913,28.8,0.04,72.01,4.27
20150914,29.53,0.03,66.34,5.11
20150915,28.77,0.4,73.3,5.01
20150916,29.64,1.49,71.28,5.35
20150917,29.44,0.49,67.55,5.14
20150918,29.6,0.51,65.62,5.17
20150919,29.31,0.44,71.25,5.03
20150920,28.72,0.51,73.33,4.75
20150921,28.96,0.2,70.3,3.01
20150922,30.75,0.05,63.81,3.88
20150923,29.97,0.7,66.13,3.05
20150924,29.22,0.35,70.04,3.38
20150925,30.09,1.04,68.06,2.95
20150926,30.34,14.17,68.36,3.35
20150927,27.56,19.81,85.26,2.19
20150928,28.46,8.03,76.94,2.26
20150929,27.16,21.83,82.55,2.53
20150930,26.76,5.38,81.87,2.08
20151001,27.69,1.94,78.98,3.04
20151002,27.54,0.74,78.77,3.08
20151003,28.19,2.19,77.12,3.27
20151004,27.64,1.9,79.9,3.41
20151005,27.36,1.44,82.36,3.0
20151006,28.78,0.26,68.63,3.0
20151007,28.51,0.49,74.62,3.24
20151008,27.69,1.12,79.22,3.96
20151009,28.0,2.04,76.77,4.0
20151010,28.7,2.1,75.37,3.63
20151011,29.07,2.25,74.26,2.71
20151012,27.99,1.87,78.63,1.41
20151013,28.22,0.91,72.67,1.47
20151014,28.46,0.79,72.31,1.63
20151015,28.12,1.1,73.51,1.45
20151016,29.19,0.12,67.6,1.89
20151017,28.97,0.15,71.13,2.62
20151018,27.95,6.53,82.5,2.05
20151019,27.83,6.65,82.86,2.31
20151020,27.43,6.03,82.8,1.93
20151021,28.64,0.38,73.71,1.92
20151022,28.96,0.57,71.02,1.74
20151023,28.89,1.98,72.0,1.52
20151024,27.82,5.8,80.15,1.87
20151025,27.62,21.27,76.6,3.02
20151026,27.87,0.12,70.23,2.62
20151027,25.62,1.28,80.54,2.23
20151028,27.02,2.97,78.51,2.16
20151029,27.56,1.66,75.2,2.32
20151030,26.65,21.21,82.2,1.57
20151031,26.1,22.58,88.0,1.98
20151101,26.71,11.12,87.26,3.14
20151102,25.84,9.64,89.0,1.51
20151103,26.63,34.66,82.71,1.0
20151104,27.12,11.96,81.72,1.43
20151105,27.04,8.7,82.77,1.34
20151106,26.74,20.72,86.04,1.71
20151107,26.16,50.52,90.88,2.56
20151108,25.83,23.18,90.33,2.07
20151109,26.18,1.43,86.95,3.08
20151110,27.06,0.31,85.12,2.7
20151111,26.56,1.13,85.08,1.97
20151112,27.1,5.92,82.3,1.16
20151113,25.72,33.18,89.61,1.74
20151114,24.9,8.99,91.89,2.1
20151115,25.59,5.88,88.52,1.79
20151116,25.78,2.52,88.33,1.51
20151117,27.08,4.34,86.39,1.75
20151118,27.18,46.72,86.58,1.74
20151119,26.73,22.46,86.39,1.44
20151120,26.45,8.42,91.83,2.54
20151121,26.25,10.81,89.16,2.86
20151122,26.37,13.21,90.79,3.13
20151123,26.0,11.46,89.77,2.63
20151124,26.3,5.14,90.46,2.56
20151125,25.85,0.67,87.07,3.3
20151126,25.18,0.01,85.59,2.75
20151127,25.43,0.23,89.35,2.68
20151128,25.4,0.39,88.31,2.79
20151129,25.49,30.93,90.08,3.0
20151130,25.03,15.27,90.38,2.7
20151201,25.37,3.84,89.64,2.36
20151202,25.62,14.83,92.31,1.51
20151203,25.54,2.32,89.42,2.43
20151204,25.66,2.72,91.16,3.54
20151205,25.48,4.82,94.2,3.83
20151206,25.93,2.57,91.3,3.2
20151207,26.1,19.41,93.59,3.46
20151208,24.77,9.37,93.38,3.55
20151209,25.1,2.03,93.01,3.12
20151210,25.82,13.26,93.47,2.76
20151211,25.98,10.21,91.3,2.47
20151212,25.83,4.95,91.99,2.21
20151213,26.39,0.75,87.89,1.57
20151214,26.31,1.1,89.95,1.61
20151215,26.7,2.81,89.28,2.45
20151216,25.08,0.23,87.25,2.89
20151217,25.3,3.43,87.18,2.27
20151218,25.96,30.45,90.57,2.72
20151219,25.95,36.68,89.38,3.01
20151220,25.64,3.29,89.89,3.15
20151221,24.63,0.03,84.88,2.76
20151222,24.15,0.0,85.39,2.74
20151223,24.7,0.0,86.77,2.64
20151224,24.51,0.0,86.15,2.54
20151225,24.54,0.0,84.41,3.19
20151226,24.78,0.01,87.83,3.97
20151227,25.02,16.82,89.74,4.13
20151228,24.83,4.89,90.12,4.91
20151229,24.96,2.94,89.84,4.12
20151230,24.97,0.32,87.03,4.0
20151231,24.45,0.04,85.89,3.95
20160101,23.81,0.01,84.88,3.87
20160102,23.85,0.01,84.9,3.77
20160103,23.31,0.01,83.88,3.52
20160104,23.65,0.03,85.75,3.33
20160105,24.04,0.01,85.37,3.08
20160106,24.65,0.02,86.19,3.46
20160107,24.78,0.0,86.83,3.09
20160108,24.57,0.0,85.13,3.22
20160109,24.22,0.0,86.28,2.94
20160110,24.42,0.0,86.2,3.56
20160111,24.22,0.0,83.42,3.41
20160112,23.65,0.0,82.64,3.35
20160113,23.44,0.0,82.06,2.65
20160114,22.9,0.0,81.61,2.78
20160115,22.87,0.0,80.89,2.64
20160116,23.69,0.0,81.49,2.48
20160117,24.42,0.0,81.17,2.46
20160118,24.44,0.0,81.6,2.16
20160119,25.33,0.0,82.58,2.24
20160120,26.06,0.07,81.28,2.13
20160121,26.41,0.29,82.73,2.6
20160122,26.14,0.01,82.58,2.82
20160123,25.99,0.0,83.5,3.26
20160124,26.66,0.02,81.56,3.31
20160125,26.72,0.02,81.5,3.14
20160126,26.39,0.0,79.07,2.78
20160127,26.2,0.0,77.75,2.78
20160128,25.48,0.0,74.69,2.45
20160129,24.96,0.0,74.36,2.61
20160130,24.92,0.0,76.33,2.98
20160131,24.78,0.0,78.21,3.16
20160201,24.78,0.0,76.7,2.74
20160202,24.44,0.0,76.6,2.93
20160203,24.51,0.0,74.34,2.48
20160204,24.84,0.0,71.21,2.87
20160205,25.49,0.0,70.69,2.83
20160206,25.86,0.05,76.27,2.26
20160207,26.83,1.73,76.8,2.24
20160208,27.35,0.56,76.81,2.58
20160209,27.22,0.03,74.91,2.35
20160210,27.23,0.53,73.82,2.2
20160211,27.16,0.37,71.88,2.27
20160212,27.06,0.0,68.31,2.52
20160213,27.11,0.0,67.97,2.34
20160214,27.04,0.0,70.01,2.56
20160215,27.56,0.01,70.08,2.85
20160216,27.92,0.07,70.57,3.41
20160217,27.68,0.25,71.86,3.49
20160218,27.9,0.39,73.43,4.02
20160219,28.33,0.03,70.35,3.38
20160220,28.8,0.72,71.08,2.83
20160221,28.96,1.07,69.86,2.35
20160222,29.04,0.03,65.46,2.38
20160223,28.21,0.0,61.64,2.28
20160224,28.52,0.0,60.9,1.74
20160225,29.13,0.01,66.89,2.15
20160226,29.14,0.04,68.41,3.32
20160227,29.15,0.03,66.32,3.95
20160228,29.52,0.66,68.24,3.55
20160229,28.78,0.04,68.94,3.63
20160301,29.39,0.04,66.23,3.56
20160302,29.38,0.0,65.21,3.45
20160303,29.11,0.0,64.09,3.19
20160304,29.15,0.0,64.73,3.31
20160305,29.56,0.0,63.23,2.95
20160306,29.42,0.0,62.1,2.77
20160307,29.56,0.0,61.8,2.56
20160308,29.49,0.01,62.73,2.52
20160309,29.73,0.01,65.58,2.27
20160310,29.91,0.02,68.21,1.86
20160311,30.39,0.52,65.72,1.91
20160312,30.39,0.21,64.42,2.07
20160313,30.55,0.65,64.33,1.76
20160314,30.7,0.01,64.71,2.21
20160315,31.25,0.09,59.43,1.8
20160316,30.85,0.13,62.58,2.24
20160317,30.97,0.01,61.23,2.06
20160318,30.65,0.0,58.36,2.09
20160319,30.83,0.0,56.06,2.07
20160320,30.67,0.0,60.27,2.22
20160321,30.58,0.0,60.64,2.3
20160322,31.61,0.5,60.61,2.67
20160323,31.74,0.12,62.19,3.1
20160324,31.15,0.08,60.0,2.14
20160325,30.34,0.04,57.9,2.65
20160326,30.48,0.0,56.17,2.73
20160327,31.15,0.34,56.29,2.47
20160328,30.14,22.41,70.05,2.42
20160329,29.66,6.63,75.1,2.39
20160330,29.78,8.98,72.38,2.04
20160331,30.02,0.31,68.67,1.84
20160401,30.08,0.27,67.22,1.68
20160402,30.23,0.0,67.38,1.83
20160403,30.84,0.04,64.37,2.03
20160404,30.88,0.06,64.91,1.96
20160405,31.2,0.01,64.02,2.4
20160406,31.48,0.1,64.19,2.33
20160407,31.06,0.13,65.33,2.21
20160408,30.84,0.23,68.21,1.98
20160409,30.67,7.69,69.97,1.87
20160410,30.66,2.5,68.34,1.88
20160411,31.44,0.04,64.81,2.05
20160412,31.63,0.01,63.88,2.62
20160413,32.59,0.0,59.9,3.01
20160414,32.5,0.86,63.5,3.0
20160415,32.2,0.26,64.28,2.92
20160416,32.37,0.12,62.44,2.59
20160417,32.67,0.14,60.97,2.31
20160418,31.84,0.13,64.53,2.25
20160419,30.6,0.9,70.44,2.19
20160420,31.43,0.55,65.3,2.29
20160421,32.67,0.69,59.79,2.58
20160422,33.39,0.3,59.14,3.02
20160423,33.59,0.05,54.0,3.97
20160424,33.78,0.01,55.11,3.65
20160425,33.25,0.11,57.91,3.24
20160426,32.23,0.1,60.0,2.82
20160427,31.35,0.1,62.46,1.75
20160428,32.0,0.59,62.36,2.58
20160429,31.81,0.2,61.89,2.4
20160430,32.09,0.16,60.03,2.79
20160501,32.13,0.09,60.09,2.9
20160502,33.35,0.03,56.65,3.29
20160503,32.95,0.01,59.0,2.49
20160504,33.24,0.25,56.5,2.71
20160505,32.67,0.39,56.83,2.49
20160506,32.64,0.76,57.53,2.12
20160507,32.37,0.87,59.0,2.71
20160508,32.97,0.47,55.52,2.63
20160509,31.6,0.43,61.66,2.28
20160510,31.4,1.63,61.14,2.22
20160511,29.1,15.68,69.02,1.01
20160512,29.98,1.37,67.87,2.18
20160513,30.38,0.82,68.41,2.04
20160514,29.65,5.24,75.68,1.65
20160515,28.81,14.92,76.07,1.94
20160516,28.54,15.07,72.91,3.9
20160517,28.51,11.32,77.23,4.1
20160518,29.54,1.48,74.63,5.16
20160519,29.25,2.81,77.8,5.0
20160520,29.29,1.45,76.29,5.11
20160521,30.61,0.18,69.07,4.79
20160522,30.6,0.13,72.12,4.55
20160523,30.68,0.11,72.25,5.05
20160524,30.05,0.29,74.69,5.33
20160525,30.39,0.62,70.5,5.14
20160526,30.06,0.15,71.75,4.57
20160527,30.01,0.84,73.39,4.4
20160528,28.97,2.56,71.36,5.14
20160529,29.13,0.16,69.5,4.46
20160530,29.29,2.0,70.69,4.67
20160531,29.64,1.1,70.02,4.78
20160601,29.53,0.31,69.77,5.05
20160602,28.56,1.0,74.49,4.99
20160603,28.92,0.29,73.16,4.81
20160604,29.92,0.31,68.51,5.16
20160605,30.11,1.03,70.3,4.89
20160606,29.16,1.01,74.86,4.36
20160607,29.03,5.91,80.71,4.49
20160608,28.5,6.38,80.77,4.74
20160609,28.13,2.15,82.69,4.52
20160610,28.27,2.53,77.45,5.07
20160611,28.6,3.26,77.67,4.86
20160612,28.84,2.12,74.17,4.84
20160613,29.01,0.31,72.45,4.92
20160614,29.5,0.12,72.99,4.54
20160615,28.82,0.08,71.63,5.55
20160616,28.61,0.27,72.79,5.71
20160617,28.05,0.84,76.02,4.85
20160618,27.42,1.77,73.09,4.4
20160619,28.75,0.38,69.6,4.79
20160620,28.32,0.24,70.42,5.1
20160621,28.0,0.15,71.61,5.11
20160622,27.56,0.2,70.98,4.73
20160623,27.33,0.34,70.32,4.96
20160624,28.13,0.02,68.57,4.09
20160625,29.25,0.01,64.98,4.47
20160626,29.35,0.08,68.03,4.57
20160627,29.52,0.9,69.24,5.16
20160628,28.19,0.57,73.34,5.6
20160629,28.53,1.73,73.42,5.1
20160630,29.38,0.24,67.4,5.8
20160701,29.32,0.21,68.63,5.44
20160702,29.51,0.04,67.87,5.0
20160703,30.64,0.24,58.24,4.85
20160704,29.89,0.58,63.0,4.8
20160705,30.17,0.21,66.18,4.89
20160706,29.19,0.8,70.94,5.23
20160707,29.22,0.31,68.54,4.61
20160708,29.11,0.69,66.06,5.65
20160709,29.1,1.79,68.88,5.72
20160710,28.9,0.45,69.55,6.42
20160711,28.99,0.74,71.21,5.79
20160712,28.56,0.67,69.76,5.52
20160713,28.85,0.33,69.25,4.67
20160714,29.39,0.84,67.63,4.27
20160715,29.0,0.47,69.7,3.65
20160716,28.96,5.71,69.5,3.76
20160717,27.82,0.64,72.43,3.07
20160718,27.67,0.73,71.63,3.88
20160719,29.33,0.09,63.06,3.65
20160720,29.18,0.24,65.28,3.91
20160721,28.67,0.09,67.8,4.88
20160722,28.38,0.12,67.54,5.39
20160723,28.37,0.54,66.88,5.24
20160724,27.97,2.81,73.07,4.58
20160725,27.98,10.67,74.69,2.81
20160726,27.43,11.37,77.07,1.85
20160727,27.39,2.97,78.12,2.71
20160728,28.15,2.12,75.03,2.12
20160729,28.47,0.36,71.53,3.93
20160730,28.22,0.29,71.67,4.38
20160731,29.2,0.08,68.47,4.96
20160801,28.88,0.08,69.36,5.26
20160802,28.67,0.01,67.95,5.32
20160803,28.41,0.37,71.65,5.33
20160804,28.83,0.31,71.02,4.97
20160805,28.53,0.08,69.5,4.76
20160806,29.35,0.1,66.72,4.53
20160807,29.2,0.07,67.66,4.55
20160808,29.8,0.26,65.08,3.27
20160809,30.1,0.27,64.03,4.27
20160810,30.15,0.17,63.84,4.43
20160811,29.64,0.22,66.39,4.26
20160812,30.09,0.15,64.39,4.32
20160813,30.19,0.28,64.75,5.02
20160814,29.52,0.3,66.12,5.51
20160815,29.94,0.24,63.54,5.56
20160816,29.71,0.08,64.22,5.75
20160817,29.44,0.12,64.33,5.61
20160818,30.24,0.15,62.75,5.39
20160819,30.33,0.26,59.9,4.52
20160820,30.27,0.18,63.74,4.13
20160821,30.99,0.89,60.66,4.34
20160822,30.04,0.39,64.81,4.26
20160823,28.96,1.16,67.67,4.87
20160824,29.04,0.6,68.93,4.26
20160825,28.53,1.62,71.23,4.5
20160826,28.42,4.29,71.54,4.75
20160827,28.01,2.05,72.09,4.86
20160828,29.32,0.66,65.84,4.41
20160829,29.59,0.16,62.96,4.82
20160830,28.9,2.85,65.49,4.15
20160831,28.18,1.18,64.97,4.52
20160901,28.57,2.12,60.83,4.45
20160902,28.02,0.26,68.28,4.6
20160903,28.75,0.12,65.61,4.3
20160904,29.52,0.11,64.54,4.04
20160905,30.0,0.04,62.26,3.96
20160906,29.43,0.0,63.64,4.78
20160907,29.96,0.0,57.79,4.43
20160908,29.52,0.0,60.53,5.13
20160909,30.38,0.01,60.35,3.38
20160910,30.71,0.39,59.55,4.08
20160911,30.15,0.02,58.58,3.66
20160912,29.87,0.01,61.19,4.39
20160913,30.07,0.21,62.56,4.08
20160914,29.83,0.14,63.87,4.08
20160915,30.1,0.01,63.31,4.67
20160916,30.12,0.12,64.27,5.17
20160917,30.44,0.04,62.37,5.01
20160918,29.2,0.16,66.03,4.73
20160919,30.44,0.07,59.6,3.57
20160920,29.48,0.43,63.02,4.33
20160921,29.77,0.24,64.63,4.48
20160922,30.08,0.02,61.58,4.52
20160923,29.24,0.01,63.65,4.73
20160924,30.17,0.02,60.38,5.07
20160925,30.5,0.01,60.07,4.99
20160926,31.36,0.12,56.95,4.11
20160927,31.24,0.52,56.36,3.43
20160928,30.17,2.88,62.13,3.77
20160929,29.89,1.01,65.72,4.11
20160930,29.43,0.2,64.36,4.59
20161001,30.06,0.0,61.27,4.2
20161002,30.1,0.0,58.6,3.82
20161003,30.52,0.0,59.07,3.75
20161004,30.01,0.03,60.23,3.48
20161005,31.13,1.74,56.75,2.93
20161006,30.71,0.47,57.73,2.86
20161007,30.94,0.01,52.62,3.39
20161008,29.81,0.0,58.74,4.45
20161009,30.65,0.0,58.45,4.13
20161010,30.81,0.0,56.85,4.27
20161011,30.8,0.0,56.39,4.21
20161012,31.02,0.01,55.6,2.75
20161013,31.16,8.83,59.66,2.1
20161014,29.29,2.45,69.59,1.64
20161015,29.05,1.25,66.01,1.85
20161016,28.48,2.75,71.95,1.73
20161017,28.65,0.62,71.4,1.62
20161018,28.49,1.46,71.63,1.86
20161019,29.19,0.56,69.57,2.28
20161020,27.92,8.04,75.9,2.79
20161021,28.0,6.88,74.16,2.48
20161022,28.12,0.36,71.31,2.65
20161023,28.68,1.41,66.72,3.03
20161024,29.09,0.09,63.51,2.63
20161025,29.06,0.47,64.52,2.05
20161026,28.12,0.28,69.16,2.04
20161027,28.56,0.03,66.58,1.74
20161028,29.64,0.03,58.0,2.87
20161029,30.03,1.74,61.72,3.46
20161030,28.59,13.34,75.33,1.95
20161031,27.6,18.73,80.57,1.54
20161101,26.95,15.9,81.39,1.68
20161102,27.24,11.5,78.52,1.96
20161103,26.34,6.83,82.09,1.68
20161104,27.1,5.83,82.61,2.63
20161105,27.67,1.06,79.55,2.47
20161106,28.23,0.61,72.82,2.24
20161107,27.39,0.17,71.74,2.52
20161108,27.62,4.14,73.71,2.07
20161109,26.7,12.13,77.66,2.51
20161110,26.66,0.18,69.93,2.11
20161111,26.94,0.14,73.07,1.87
20161112,27.55,0.48,75.19,2.07
20161113,27.67,2.9,78.36,2.24
20161114,27.16,15.47,82.56,2.21
20161115,27.01,10.29,80.4,2.61
20161116,26.71,3.08,81.73,2.84
20161117,26.57,5.0,85.48,3.24
20161118,27.1,0.67,79.41,3.35
20161119,25.73,3.78,84.12,2.39
20161120,26.47,0.98,81.38,2.48
20161121,26.9,3.97,79.65,2.65
20161122,27.08,3.32,80.71,3.08
20161123,26.82,0.62,78.65,3.43
20161124,25.98,0.01,71.39,3.35
20161125,25.98,0.0,74.3,2.97
20161126,26.36,0.0,73.14,2.56
20161127,26.17,0.02,69.63,2.74
20161128,24.72,0.0,67.67,2.16
20161129,25.19,0.0,67.41,2.17
20161130,25.33,0.0,66.67,2.32
20161201,25.32,0.47,66.45,2.11
20161202,26.0,13.66,82.44,1.89
20161203,26.53,2.32,80.49,1.96
20161204,26.61,2.73,79.33,2.02
20161205,27.22,0.7,78.07,2.54
20161206,26.39,0.74,73.08,3.6
20161207,26.12,0.03,72.06,2.44
20161208,26.82,9.92,78.89,1.94
20161209,26.49,9.33,80.88,1.57
20161210,27.56,0.12,74.84,1.15
20161211,26.62,0.0,70.26,2.36
20161212,27.1,0.0,65.26,3.99
20161213,26.96,0.14,68.4,3.34
20161214,25.96,0.01,69.18,1.95
20161215,26.53,0.0,71.2,2.11
20161216,26.9,0.01,74.11,2.72
20161217,26.93,0.01,71.65,3.35
20161218,26.48,0.0,71.0,3.05
20161219,26.81,0.13,67.31,3.43
20161220,26.46,1.95,78.45,4.04
20161221,27.27,0.21,77.78,3.23
20161222,26.88,0.01,71.16,2.63
20161223,26.13,0.01,66.69,2.3
20161224,25.54,0.0,65.46,2.32
20161225,25.37,0.0,66.61,2.32
20161226,25.75,0.0,67.63,2.41
20161227,26.96,2.32,73.56,3.36
20161228,26.95,4.03,78.67,4.21
20161229,26.79,2.69,76.11,4.61
20161230,26.45,0.02,68.44,4.0
20161231,25.68,0.0,65.91,3.36
20170101,26.14,0.01,68.36,3.27
20170102,26.82,0.0,68.71,3.34
20170103,26.53,0.0,67.79,3.22
20170104,25.85,0.0,63.19,3.04
20170105,26.07,0.0,66.25,2.82
20170106,26.14,0.0,64.56,2.76
20170107,26.21,0.0,65.31,2.91
20170108,25.88,0.0,63.39,3.04
20170109,25.51,0.0,60.16,2.74
20170110,25.89,0.0,60.59,2.25
20170111,26.72,0.0,58.8,2.19
20170112,26.59,0.0,63.73,2.31
20170113,26.81,0.0,64.34,2.9
20170114,27.07,0.0,61.94,3.74
20170115,26.48,0.0,65.09,3.82
20170116,26.59,0.0,64.68,3.43
20170117,26.08,0.0,59.06,3.79
20170118,25.47,0.0,60.49,4.35
20170119,26.2,0.0,61.47,4.11
20170120,27.29,0.43,64.13,4.34
20170121,25.94,10.64,82.0,4.42
20170122,26.3,3.18,75.93,4.32
20170123,26.17,0.02,70.86,4.08
20170124,25.97,0.02,69.01,4.21
20170125,26.22,0.56,71.85,4.12
20170126,26.28,1.3,78.43,3.89
20170127,25.92,6.94,85.43,3.26
20170128,26.54,3.73,80.32,3.17
20170129,27.1,2.07,77.61,3.57
20170130,27.36,0.09,70.87,3.28
20170131,26.69,0.0,68.85,3.16
20170201,25.92,0.0,67.71,3.32
20170202,25.75,0.0,65.85,3.23
20170203,25.66,0.0,64.2,3.65
20170204,25.96,0.0,63.26,3.51
20170205,25.8,0.0,59.24,3.17
20170206,26.28,0.0,62.36,2.36
20170207,26.98,0.01,60.6,2.17
20170208,26.12,0.0,57.16,3.16
20170209,25.66,0.0,62.25,3.24
20170210,26.16,0.0,63.51,2.96
20170211,26.55,0.0,63.09,3.26
20170212,26.71,0.0,60.12,3.71
20170213,27.02,0.05,63.5,4.05
20170214,27.41,1.68,72.02,5.39
20170215,27.95,0.18,63.72,5.21
20170216,26.98,0.0,64.14,5.07
20170217,26.73,0.0,57.52,4.75
20170218,27.16,0.0,59.43,3.76
20170219,27.27,0.0,59.54,3.03
20170220,28.77,0.0,54.29,1.73
20170221,29.32,0.0,59.37,2.34
20170222,28.98,0.0,61.88,2.08
20170223,28.55,0.0,63.73,2.12
20170224,28.18,0.0,63.51,2.69
20170225,28.03,0.0,63.59,2.67
20170226,28.11,0.0,60.0,2.65
20170227,27.89,0.0,63.31,3.29
20170228,28.16,0.02,67.9,3.87
20170301,28.32,0.0,62.25,3.98
20170302,28.66,0.29,64.12,4.24
20170303,29.06,1.11,66.18,3.04
20170304,28.04,2.02,71.54,2.48
20170305,29.48,0.31,63.78,2.9
20170306,29.22,2.66,69.77,2.72
20170307,29.81,0.47,65.57,2.84
20170308,29.72,1.51,66.93,2.61
20170309,29.49,2.43,68.66,2.26
20170310,29.18,3.69,71.46,1.85
20170311,28.67,4.39,72.99,1.87
20170312,29.49,0.69,64.58,2.25
20170313,29.65,0.25,65.5,2.29
20170314,29.3,2.28,69.3,1.97
20170315,28.48,5.2,74.22,2.15
20170316,27.38,2.02,76.99,1.91
20170317,29.03,0.85,67.54,1.85
20170318,29.42,0.59,66.97,1.95
20170319,30.34,0.28,64.72,2.06
20170320,30.72,0.47,61.71,2.29
20170321,30.53,0.54,60.79,2.41
20170322,30.35,0.07,59.95,2.68
20170323,30.21,0.0,58.0,2.62
20170324,29.61,0.0,52.62,2.46
20170325,29.51,0.0,50.69,2.46
20170326,29.33,0.0,57.31,2.68
20170327,29.69,0.0,56.84,2.07
20170328,30.09,0.02,59.92,2.07
20170329,30.72,0.01,57.63,2.07
20170330,31.04,0.46,60.57,2.0
20170331,30.77,2.46,63.77,2.39
20170401,31.03,0.01,60.94,2.23
20170402,31.23,0.18,60.51,2.34
20170403,31.46,0.63,62.31,2.28
20170404,31.4,0.02,61.19,2.46
20170405,32.18,0.01,57.26,2.9
20170406,31.8,0.91,59.41,2.73
20170407,31.82,0.58,59.3,2.86
20170408,31.11,0.16,59.73,2.26
20170409,30.82,1.69,64.85,2.26
20170410,31.44,0.15,60.05,2.18
20170411,31.93,0.27,59.63,2.27
20170412,31.7,0.3,61.76,2.26
20170413,31.75,0.6,63.01,2.23
20170414,32.37,0.3,58.69,2.46
20170415,32.84,0.01,56.0,3.14
20170416,32.97,0.01,55.71,3.53
20170417,33.29,0.0,53.54,3.52
20170418,33.02,0.0,53.28,3.56
20170419,32.88,0.01,55.24,3.96
20170420,32.56,0.06,55.5,4.4
20170421,32.48,0.01,56.84,4.34
20170422,32.78,0.07,55.49,4.1
20170423,32.89,0.27,56.91,3.35
20170424,33.33,0.07,53.14,4.03
20170425,33.21,0.0,54.14,3.88
20170426,32.89,0.41,56.67,3.04
20170427,32.79,0.29,57.36,3.22
20170428,32.35,0.28,58.88,3.05
20170429,32.34,0.22,57.48,2.74
20170430,31.63,0.21,60.57,2.61
20170501,31.57,0.44,61.15,2.45
20170502,31.8,0.84,58.71,2.58
20170503,31.23,1.26,61.1,2.45
20170504,31.41,0.16,60.17,2.41
20170505,31.48,0.22,61.43,2.78
20170506,30.83,1.32,66.46,3.05
20170507,31.51,0.21,62.06,2.56
20170508,32.06,0.37,56.2,2.96
20170509,32.33,0.19,54.07,2.99
20170510,30.97,2.24,65.59,2.21
20170511,30.41,0.68,66.52,2.62
20170512,30.76,1.6,67.09,1.72
20170513,30.23,5.59,72.25,2.43
20170514,31.16,3.14,63.75,4.14
20170515,31.0,0.12,67.54,4.7
20170516,31.01,0.15,68.52,4.45
20170517,31.48,0.26,66.42,4.87
20170518,31.06,4.7,67.31,4.06
20170519,30.93,0.75,63.28,4.34
20170520,30.25,5.39,68.93,4.83
20170521,30.31,2.28,69.75,3.54
20170522,31.14,0.29,64.66,2.9
20170523,29.74,1.2,72.48,3.01
20170524,29.64,1.78,73.76,3.63
20170525,29.81,1.09,72.36,5.02
20170526,28.76,0.28,76.25,3.7
20170527,30.56,1.35,67.62,4.66
20170528,29.95,0.83,70.28,5.5
20170529,29.08,2.7,76.58,4.99
20170530,29.23,2.08,74.47,5.96
20170531,29.84,2.62,69.17,5.38
20170601,29.71,0.58,67.29,5.67
20170602,28.94,5.58,69.75,5.88
20170603,29.19,1.64,69.67,5.27
20170604,29.12,1.03,71.81,5.47
20170605,29.54,1.77,72.03,5.06
20170606,29.25,0.73,72.68,4.49
20170607,28.79,2.16,73.1,4.28
20170608,30.37,0.08,65.97,4.15
20170609,29.18,0.12,70.45,4.76
20170610,29.34,0.98,68.65,5.39
20170611,29.56,0.26,66.78,5.21
20170612,30.21,0.2,67.03,4.64
20170613,30.4,0.27,67.66,4.53
20170614,30.19,3.92,70.45,4.42
20170615,29.52,1.57,73.75,3.76
20170616,28.77,3.57,76.33,4.16
20170617,29.3,0.47,69.89,3.78
20170618,30.48,0.05,67.19,3.87
20170619,29.99,2.22,70.09,4.43
20170620,29.15,1.15,73.33,4.08
20170621,29.39,0.17,72.04,4.0
20170622,29.5,0.41,71.49,4.47
20170623,29.26,0.6,70.52,5.25
20170624,28.83,1.54,67.43,5.92
20170625,28.82,2.53,65.52,5.92
20170626,28.1,2.57,72.54,5.28
20170627,27.87,5.53,76.18,4.93
20170628,28.21,1.82,74.04,4.27
20170629,29.08,0.16,70.47,4.1
20170630,28.7,0.22,74.2,3.92
20170701,28.97,0.49,69.41,4.81
20170702,28.46,0.12,69.26,4.33
20170703,29.42,0.94,66.15,5.0
20170704,30.44,0.03,59.19,4.26
20170705,29.91,0.15,66.21,4.07
20170706,29.35,0.29,67.39,4.95
20170707,29.33,0.35,64.28,5.2
20170708,29.11,0.76,64.34,4.57
20170709,28.65,2.72,65.49,5.04
20170710,29.17,0.57,66.52,4.76
20170711,29.99,0.28,65.19,4.79
20170712,30.02,0.12,61.32,2.93
20170713,29.86,0.41,65.98,4.66
20170714,29.28,0.01,58.89,4.48
20170715,28.96,0.01,69.07,4.54
20170716,28.88,0.05,69.33,4.49
20170717,29.36,0.04,67.44,5.29
20170718,29.04,0.16,69.48,5.32
20170719,29.32,0.67,70.01,5.35
20170720,29.62,0.27,68.92,5.57
20170721,29.69,0.16,61.21,5.7
20170722,30.65,0.08,63.23,4.85
20170723,30.25,0.02,65.63,4.37
20170724,30.94,0.0,60.41,4.48
20170725,31.56,0.01,58.24,3.67
20170726,31.54,0.04,59.49,4.01
20170727,31.03,1.46,60.88,4.81
20170728,30.64,2.11,63.86,4.78
20170729,29.9,4.93,66.66,3.18
20170730,29.14,3.14,70.75,3.84
20170731,29.43,13.29,72.42,2.72
20170801,29.43,4.53,71.46,2.81
20170802,29.44,0.84,71.05,3.77
20170803,29.54,0.95,69.19,5.24
20170804,28.81,0.75,73.24,5.16
20170805,29.09,0.88,71.59,5.24
20170806,29.46,0.23,68.43,4.95
20170807,28.92,1.74,71.72,4.23
20170808,28.9,5.75,70.31,3.65
20170809,28.98,1.8,70.92,2.98
20170810,28.67,2.12,70.28,2.9
20170811,28.08,0.81,73.02,4.57
20170812,29.05,3.78,67.14,2.17
20170813,27.58,10.95,76.22,2.19
20170814,28.16,5.87,74.46,1.0
20170815,28.31,1.36,72.55,1.77
20170816,28.48,0.21,69.6,4.23
20170817,28.5,1.41,72.61,4.6
20170818,28.4,1.57,73.32,4.99
20170819,28.68,0.73,71.36,5.33
20170820,27.92,1.45,74.9,5.05
20170821,28.7,0.72,69.99,4.79
20170822,28.51,0.42,71.2,4.46
20170823,28.38,1.32,72.2,3.51
20170824,28.98,0.47,71.15,2.23
20170825,29.21,0.01,69.75,4.09
20170826,29.24,0.21,69.33,4.63
20170827,28.28,0.68,74.17,5.51
20170828,28.11,1.0,76.22,5.27
20170829,28.42,0.88,72.68,5.46
20170830,29.4,2.51,70.04,4.08
20170831,29.15,8.01,72.87,1.81
20170901,28.37,33.71,80.89,1.85
20170902,28.11,4.16,78.98,2.0
20170903,27.82,1.06,77.65,2.15
20170904,28.99,3.1,74.23,1.65
20170905,28.72,2.54,76.15,3.38
20170906,28.33,3.52,78.1,3.38
20170907,27.9,2.07,78.97,2.81
20170908,27.2,11.06,84.93,3.43
20170909,27.16,9.35,81.7,3.33
20170910,27.95,3.01,78.35,2.79
20170911,28.07,0.8,78.02,2.87
20170912,27.54,12.15,80.77,2.66
20170913,26.88,17.88,86.64,2.85
20170914,27.07,2.91,84.26,3.31
20170915,27.38,0.52,82.35,3.14
20170916,27.54,3.61,82.63,4.1
20170917,26.94,6.77,84.44,4.23
20170918,27.69,0.23,79.51,4.75
20170919,27.61,0.68,80.59,4.6
20170920,27.56,0.46,80.28,4.22
20170921,27.74,0.2,77.52,4.02
20170922,27.89,0.11,76.07,3.09
20170923,28.42,0.02,73.7,2.32
20170924,28.74,0.11,73.62,3.59
20170925,28.08,0.25,75.01,3.42
20170926,27.95,1.84,77.81,3.17
20170927,27.81,1.4,79.99,3.77
20170928,27.81,2.09,78.07,4.33
20170929,28.19,0.22,75.51,4.32
20170930,28.92,0.3,73.84,3.86
20171001,28.8,0.27,73.39,3.92
20171002,28.73,0.57,74.97,3.55
20171003,29.27,0.18,71.42,3.24
20171004,28.92,2.89,75.87,3.02
20171005,28.05,7.95,81.06,1.72
20171006,28.09,1.87,75.38,3.54
20171007,28.2,1.81,75.07,2.89
20171008,28.73,0.39,74.25,3.45
20171009,28.78,0.09,74.34,2.75
20171010,28.43,0.26,76.16,2.25
20171011,27.83,1.68,75.05,2.09
20171012,28.23,3.28,74.46,2.69
20171013,27.97,3.83,79.72,2.87
20171014,27.37,8.29,82.18,3.31
20171015,27.06,1.1,77.68,4.13
20171016,28.28,0.05,76.18,3.7
20171017,27.82,0.97,78.26,3.17
20171018,28.05,5.76,75.17,3.96
20171019,28.79,1.07,74.5,3.7
20171020,28.84,0.15,76.12,3.41
20171021,28.24,4.81,78.81,4.18
20171022,28.57,2.61,77.65,3.31
20171023,29.62,0.18,70.71,1.98
20171024,28.62,1.09,74.57,1.62
20171025,28.57,1.1,75.92,1.8
20171026,28.19,6.13,77.15,1.51
20171027,27.58,12.33,79.08,0.91
20171028,26.86,4.94,84.29,1.38
20171029,27.31,0.7,79.92,2.03
20171030,26.42,2.96,85.61,3.01
20171031,25.91,6.16,87.57,2.8
20171101,25.88,26.33,88.59,2.07
20171102,25.73,29.22,89.49,2.44
20171103,26.0,9.59,87.01,2.9
20171104,26.02,8.01,89.1,2.06
20171105,26.35,7.75,86.86,2.78
20171106,25.89,6.73,90.27,2.89
20171107,25.8,4.47,89.66,2.8
20171108,25.76,25.59,87.35,2.83
20171109,26.16,2.15,81.95,2.26
20171110,25.8,1.31,81.02,2.69
20171111,26.21,0.15,82.6,2.41
20171112,27.36,0.06,76.74,1.23
20171113,27.48,1.38,80.95,0.99
20171114,27.19,0.13,78.09,2.03
20171115,26.89,0.04,81.13,1.9
20171116,26.12,0.0,75.73,2.55
20171117,25.55,0.03,75.02,1.56
20171118,27.09,4.7,77.94,1.42
20171119,26.99,10.03,83.79,1.67
20171120,26.96,9.63,85.72,2.04
20171121,26.14,9.16,89.92,1.94
20171122,26.27,5.74,88.52,2.67
20171123,26.47,1.46,83.67,2.68
20171124,26.39,0.15,84.16,2.29
20171125,26.35,0.19,81.79,2.71
20171126,24.71,11.7,88.9,2.97
20171127,25.91,13.87,89.22,2.8
20171128,26.33,5.01,89.88,3.5
20171129,25.82,8.53,91.76,4.9
20171130,26.05,81.97,93.51,5.32
20171201,25.48,39.23,93.99,2.47
20171202,25.66,7.56,90.26,1.57
20171203,26.15,2.32,86.19,2.15
20171204,26.01,0.11,86.53,2.19
20171205,25.85,0.51,86.12,1.78
20171206,25.95,7.08,87.42,1.84
20171207,26.19,9.21,86.33,1.8
20171208,25.84,0.11,82.94,1.48
20171209,25.63,0.52,77.18,1.2
20171210,26.1,0.11,76.86,1.36
20171211,26.18,0.89,83.39,1.66
20171212,26.42,2.34,81.56,1.2
20171213,26.58,7.42,81.99,1.22
20171214,26.02,1.9,86.92,2.22
20171215,25.66,5.66,89.13,3.16
20171216,25.67,0.81,86.94,3.85
20171217,25.2,0.06,85.09,4.17
20171218,24.37,0.01,82.39,3.9
20171219,24.6,1.13,83.79,3.81
20171220,25.12,2.08,86.95,4.65
20171221,23.99,2.38,87.59,3.67
20171222,24.93,0.09,85.45,4.0
20171223,24.6,0.02,83.06,3.69
20171224,24.26,0.04,81.34,3.29
20171225,25.31,0.17,85.19,3.35
20171226,25.45,0.18,83.01,3.93
20171227,24.4,0.0,82.94,3.73
20171228,23.96,0.0,77.36,4.1
20171229,23.88,0.0,75.63,3.6
20171230,24.7,0.0,77.26,3.42
20171231,24.74,0.0,77.32,2.5
20180101,25.67,0.0,80.95,1.37
20180102,26.47,0.0,77.76,1.2
20180103,26.57,0.0,75.77,2.47
20180104,25.92,0.0,73.79,3.38
20180105,24.68,0.0,71.21,3.48
20180106,24.4,0.0,71.08,2.43
20180107,24.14,0.0,71.55,2.65
20180108,24.09,0.0,72.23,3.18
20180109,25.0,1.05,76.37,2.64
20180110,25.9,1.84,82.05,3.82
20180111,26.46,0.67,79.35,2.86
20180112,25.98,0.07,83.4,2.62
20180113,26.01,0.06,80.38,3.1
20180114,25.53,0.0,75.74,3.31
20180115,25.85,0.01,76.2,3.53
20180116,25.81,0.0,77.59,3.01
20180117,26.11,0.0,71.26,3.19
20180118,25.03,0.0,65.77,3.77
20180119,24.66,0.0,71.67,3.35
20180120,24.79,0.0,67.42,3.26
20180121,24.77,0.0,69.24,3.3
20180122,25.27,0.0,69.58,2.54
20180123,26.15,0.0,69.9,2.21
20180124,26.29,0.11,71.61,2.32
20180125,26.53,0.05,68.54,2.82
20180126,26.16,0.08,67.8,3.19
20180127,26.14,0.0,67.57,2.88
20180128,25.84,0.06,66.61,3.18
20180129,26.59,0.01,67.85,3.66
20180130,27.23,0.0,65.53,4.17
20180131,26.96,0.0,58.46,4.25
20180201,26.27,0.0,58.23,3.49
20180202,25.87,0.0,58.5,3.61
20180203,25.79,0.0,60.12,3.74
20180204,26.5,0.0,60.73,3.79
20180205,27.57,0.0,59.79,3.74
20180206,27.82,0.13,70.42,3.51
20180207,27.58,1.08,76.31,2.61
20180208,27.47,0.55,74.65,2.44
20180209,28.21,0.02,66.43,2.25
20180210,27.42,0.0,63.85,2.66
20180211,27.7,0.0,67.16,2.83
20180212,27.89,0.02,69.03,3.68
20180213,27.49,0.0,63.67,3.46
20180214,27.92,0.0,64.17,3.71
20180215,28.32,0.0,66.48,4.37
20180216,28.29,0.0,61.5,4.31
20180217,27.86,0.0,59.03,3.19
20180218,27.62,0.0,61.63,3.36
20180219,27.18,0.0,60.35,3.62
20180220,27.01,0.0,64.13,3.95
20180221,27.29,0.0,61.65,3.17
20180222,27.21,0.0,60.03,3.49
20180223,27.04,0.0,62.04,3.72
20180224,27.95,0.0,66.33,3.94
20180225,28.6,0.02,64.51,4.29
20180226,28.79,0.01,64.82,3.46
20180227,28.66,0.14,67.6,4.0
20180228,29.09,0.17,67.43,3.92
20180301,28.78,1.04,69.45,3.58
20180302,29.02,0.01,63.71,3.2
20180303,28.83,0.02,61.79,2.66
20180304,28.77,0.02,58.31,2.45
20180305,28.58,0.0,60.03,2.71
20180306,28.53,0.0,59.63,2.85
20180307,28.43,0.0,62.57,2.8
20180308,28.94,0.01,63.59,3.07
20180309,28.73,0.0,64.3,3.25
20180310,29.11,0.01,61.42,3.57
20180311,29.31,0.0,63.42,3.52
20180312,29.22,2.05,66.66,4.4
20180313,27.66,11.93,76.51,3.41
20180314,28.36,5.03,74.4,2.41
20180315,29.33,0.16,68.45,1.6
20180316,29.81,0.03,66.73,1.76
20180317,28.91,2.57,72.57,2.23
20180318,28.94,1.98,71.1,2.75
20180319,29.17,0.14,65.43,2.94
20180320,28.62,0.0,60.77,2.31
20180321,30.16,0.25,56.24,1.99
20180322,30.69,0.26,62.43,2.38
20180323,31.3,0.37,58.53,2.6
20180324,30.73,0.07,59.65,1.97
20180325,29.93,0.0,61.04,2.58
20180326,30.06,0.05,61.4,2.92
20180327,29.77,0.4,68.13,2.36
20180328,30.64,0.05,64.53,1.83
20180329,31.46,0.01,61.22,2.34
20180330,30.85,0.09,64.57,1.77
20180331,31.18,0.09,60.71,2.36
20180401,31.52,0.07,58.69,2.79
20180402,30.9,0.06,63.18,2.32
20180403,30.82,0.03,62.35,2.18
20180404,30.26,0.01,64.78,2.13
20180405,30.19,0.0,65.23,1.88
20180406,30.54,0.02,61.91,1.81
20180407,30.72,0.2,63.93,2.18
20180408,30.63,0.61,63.86,2.26
20180409,29.65,3.94,69.8,2.73
20180410,29.58,3.25,71.06,2.69
20180411,29.02,5.5,76.14,1.85
20180412,29.4,5.11,74.31,2.01
20180413,29.59,9.83,72.42,2.17
20180414,29.17,15.66,73.56,1.66
20180415,28.72,3.12,76.54,2.3
20180416,29.9,0.54,70.76,1.67
20180417,30.1,0.12,69.24,1.41
20180418,29.05,0.6,75.1,1.32
20180419,30.37,0.16,68.96,2.34
20180420,30.74,0.29,68.2,2.3
20180421,30.29,0.11,70.07,2.23
20180422,30.91,0.13,68.26,2.14
20180423,31.09,0.06,66.88,2.3
20180424,30.97,0.16,68.18,1.69
20180425,31.07,0.4,67.62,1.85
20180426,31.05,0.28,68.29,2.29
20180427,30.87,0.53,69.9,1.82
20180428,29.52,0.22,73.62,1.79
20180429,31.38,0.18,63.38,2.34
20180430,31.84,0.41,63.91,2.63
20180501,31.84,0.13,62.17,2.44
20180502,31.52,0.76,65.72,2.77
20180503,31.08,1.38,67.85,2.47
20180504,30.24,1.47,70.94,2.13
20180505,30.32,1.76,67.42,2.26
20180506,29.68,1.12,69.03,2.76
20180507,29.92,0.67,69.79,3.08
20180508,29.82,2.16,70.17,2.95
20180509,28.45,8.49,76.81,1.86
20180510,28.23,3.04,77.77,1.97
20180511,30.1,0.36,68.79,2.88
20180512,29.46,0.77,71.96,3.03
20180513,30.07,0.94,66.06,3.26
20180514,29.63,1.11,69.89,1.72
20180515,30.17,0.72,68.34,2.03
20180516,29.77,0.49,69.22,1.6
20180517,28.55,2.37,75.3,2.9
20180518,29.81,2.66,69.09,2.79
20180519,30.77,0.57,66.05,3.27
20180520,29.61,1.12,71.08,4.74
20180521,29.83,0.6,67.62,3.5
20180522,29.71,1.59,67.39,3.78
20180523,29.4,1.23,74.12,3.48
20180524,29.29,4.32,74.96,3.22
20180525,28.85,1.37,77.93,2.54
20180526,27.95,0.84,83.61,3.64
20180527,29.0,0.3,75.17,3.8
20180528,29.21,3.05,76.95,6.04
20180529,30.15,0.47,69.59,6.3
20180530,30.24,0.26,67.95,5.6
20180531,29.51,0.11,71.42,4.65
20180601,29.58,0.69,72.74,3.93
20180602,29.35,0.43,74.99,3.91
20180603,28.79,0.94,75.09,3.88
20180604,28.99,2.2,75.23,4.01
20180605,29.44,0.78,72.6,3.96
20180606,29.69,0.91,70.63,4.84
20180607,28.95,1.53,75.05,4.98
20180608,29.33,1.91,74.0,5.98
20180609,29.64,1.6,71.99,6.82
20180610,29.06,1.66,76.2,6.04
20180611,29.38,0.92,72.1,6.06
20180612,29.1,0.55,72.79,5.75
20180613,29.25,1.81,69.75,5.35
20180614,29.57,0.53,65.25,5.02
20180615,29.03,0.28,70.79,5.08
20180616,29.24,5.5,68.43,5.19
20180617,29.08,0.43,67.23,4.72
20180618,29.65,0.23,66.45,4.86
20180619,28.72,0.75,72.87,5.22
20180620,28.57,1.05,74.05,5.25
20180621,28.43,0.86,74.14,4.79
20180622,29.23,0.48,66.33,4.81
20180623,29.81,0.05,64.73,4.97
20180624,29.38,0.39,69.61,4.5
20180625,28.78,0.36,67.83,4.63
20180626,29.07,0.43,68.01,4.36
20180627,28.23,1.16,68.18,5.62
20180628,28.53,0.62,64.41,5.08
20180629,29.33,0.28,63.93,4.7
20180630,28.98,2.85,64.34,3.17
20180701,29.07,5.03,65.61,2.35
20180702,29.31,1.37,67.2,3.47
20180703,28.65,2.9,71.81,2.78
20180704,29.44,0.03,68.66,3.19
20180705,29.99,0.35,65.38,3.53
20180706,29.6,0.23,67.01,4.66
20180707,28.92,0.22,65.24,5.81
20180708,28.84,0.56,66.15,6.05
20180709,28.28,2.58,73.8,6.0
20180710,28.15,1.76,72.48,5.97
20180711,27.84,1.12,71.67,5.76
20180712,28.34,0.63,69.56,5.4
20180713,28.53,1.01,72.4,6.06
20180714,28.67,0.82,70.86,5.96
20180715,27.87,3.95,75.91,5.6
20180716,28.09,2.4,71.09,5.87
20180717,29.11,0.71,64.92,6.23
20180718,28.22,1.43,67.74,6.01
20180719,28.19,1.81,71.28,6.07
20180720,28.41,0.13,68.26,6.13
20180721,28.46,0.12,66.38,6.0
20180722,29.08,0.05,66.78,4.91
20180723,29.7,0.17,65.63,4.89
20180724,29.59,0.77,66.07,5.24
20180725,30.1,0.44,63.99,4.46
20180726,29.27,0.13,65.55,5.3
20180727,29.7,0.03,64.31,5.15
20180728,29.73,0.06,63.93,5.09
20180729,29.86,0.16,65.35,5.14
20180730,28.9,1.67,69.15,5.05
20180731,28.23,3.8,72.5,5.24
20180801,28.33,0.55,72.04,4.53
20180802,29.54,5.79,67.03,4.38
20180803,28.37,3.78,70.64,4.12
20180804,27.73,0.66,71.03,4.22
20180805,28.84,0.1,69.35,4.84
20180806,28.66,0.26,69.18,5.87
20180807,28.36,1.4,70.47,5.79
20180808,27.78,4.09,71.64,6.28
20180809,28.23,1.46,70.45,5.3
20180810,28.24,2.13,70.35,4.76
20180811,28.78,0.11,66.23,5.23
20180812,27.97,1.32,69.58,6.21
20180813,28.07,0.82,73.11,5.31
20180814,28.19,10.7,69.97,6.48
20180815,27.55,14.79,74.58,7.54
20180816,27.45,5.59,73.07,7.14
20180817,27.41,2.01,74.76,6.16
20180818,27.0,1.24,73.77,6.25
20180819,27.35,0.39,73.67,5.3
20180820,27.74,0.15,72.2,5.13
20180821,28.38,0.06,69.87,4.93
20180822,29.0,0.01,66.66,3.82
20180823,29.18,0.07,65.33,3.27
20180824,29.24,0.99,65.27,2.69
20180825,29.53,0.2,66.31,2.72
20180826,28.42,0.51,69.27,4.02
20180827,28.77,1.54,68.88,3.59
20180828,27.96,0.26,70.5,3.99
20180829,29.24,0.02,64.58,2.81
20180830,29.46,2.95,66.36,3.54
20180831,28.44,3.55,71.66,2.87
20180901,28.33,2.81,71.21,3.1
20180902,28.22,0.9,72.45,3.09
20180903,29.08,0.04,66.77,2.85
20180904,29.6,0.0,64.69,3.09
20180905,29.19,0.0,64.99,4.42
20180906,29.45,0.0,64.94,5.34
20180907,29.08,0.0,63.91,5.29
20180908,30.26,0.0,59.59,3.1
20180909,30.97,0.09,56.54,2.26
20180910,30.25,2.37,61.9,1.89
20180911,30.33,0.3,62.31,1.99
20180912,30.89,0.02,58.68,2.51
20180913,31.42,0.07,57.92,2.76
20180914,30.92,2.16,59.29,3.06
20180915,30.51,0.76,60.39,2.65
20180916,29.77,0.25,60.37,3.27
20180917,29.11,0.11,66.2,4.28
20180918,29.13,0.33,66.88,5.44
20180919,28.92,1.33,69.24,4.4
20180920,29.26,2.24,68.32,5.33
20180921,29.64,0.1,64.39,4.52
20180922,29.73,0.06,65.47,2.44
20180923,29.89,3.11,68.33,2.69
20180924,28.8,4.97,71.92,2.61
20180925,28.63,1.88,72.03,2.67
20180926,29.73,0.23,68.46,2.06
20180927,29.29,2.14,70.44,2.03
20180928,28.44,6.89,76.12,1.25
20180929,27.31,4.73,80.52,0.98
20180930,28.31,7.35,76.2,1.63
20181001,28.43,10.24,76.23,1.33
20181002,27.7,11.28,79.52,1.41
20181003,27.21,18.83,83.25,1.56
20181004,26.63,19.26,85.12,2.68
20181005,26.51,26.65,89.82,3.29
20181006,26.8,25.89,87.32,1.65
20181007,27.57,7.82,79.68,1.11
20181008,27.03,13.9,83.08,2.02
20181009,27.34,1.79,80.65,1.42
20181010,27.23,0.34,80.08,2.75
20181011,27.85,0.18,79.97,2.24
20181012,28.27,0.06,80.01,2.64
20181013,27.6,0.89,80.71,3.04
20181014,27.13,3.11,81.58,2.64
20181015,27.53,0.78,79.26,1.87
20181016,26.93,4.53,82.64,1.9
20181017,26.82,3.51,78.8,1.64
20181018,27.29,3.2,77.58,1.25
20181019,27.27,4.76,80.14,1.02
20181020,27.32,11.22,80.6,1.33
20181021,27.51,6.16,80.9,1.0
20181022,26.49,7.94,88.13,1.82
20181023,27.22,4.48,74.95,1.43
20181024,26.91,16.59,76.59,1.32
20181025,26.41,19.48,84.44,2.22
20181026,26.64,0.94,83.32,3.16
20181027,26.88,1.19,82.76,2.36
20181028,27.21,0.69,77.32,2.3
20181029,27.7,0.0,70.35,1.58
20181030,27.34,0.03,77.86,1.39
20181031,27.01,3.56,84.35,1.82
20181101,26.3,6.92,90.29,1.43
20181102,26.44,16.57,87.12,2.16
20181103,26.35,28.66,88.88,2.62
20181104,26.54,0.91,84.46,2.74
20181105,26.26,0.05,84.67,2.2
20181106,25.57,3.67,88.97,2.38
20181107,25.89,2.27,85.07,2.48
20181108,24.92,6.49,89.21,2.2
20181109,25.84,3.52,88.78,2.02
20181110,26.41,0.13,83.32,2.66
20181111,26.55,0.05,77.25,1.98
20181112,26.25,0.01,78.7,1.42
20181113,26.61,0.03,81.54,1.4
20181114,26.91,0.02,81.61,1.25
20181115,27.96,7.39,75.85,0.76
20181116,25.59,32.33,88.35,3.17
20181117,26.32,0.04,83.17,1.26
20181118,26.74,0.72,84.09,1.55
20181119,26.73,8.66,86.09,2.0
20181120,25.62,5.0,88.46,2.15
20181121,26.4,1.02,82.1,2.42
20181122,26.63,2.36,81.53,1.59
20181123,26.43,2.76,88.26,1.77
20181124,25.9,3.97,89.71,2.2
20181125,25.74,0.21,85.19,2.87
20181126,25.64,0.0,82.5,3.19
20181127,24.68,0.0,80.82,3.23
20181128,25.24,0.27,83.6,3.42
20181129,25.89,3.65,87.95,3.6
20181130,26.31,0.86,86.09,3.48
20181201,25.89,0.1,84.5,3.26
20181202,25.54,0.0,82.29,3.07
20181203,25.84,0.64,85.74,3.03
20181204,26.49,5.64,86.66,2.82
20181205,26.57,1.67,86.13,2.57
20181206,26.39,0.2,85.74,2.67
20181207,26.41,0.54,84.68,3.08
20181208,26.35,0.06,81.68,3.38
20181209,26.04,0.0,81.05,3.25
20181210,25.94,0.0,79.41,2.62
20181211,25.28,0.0,77.59,2.17
20181212,26.0,0.0,77.73,2.14
20181213,26.48,0.0,77.09,2.12
20181214,26.28,0.0,76.08,2.75
20181215,26.27,0.0,77.78,3.33
20181216,26.78,0.0,67.92,1.73
20181217,26.81,0.0,71.17,1.42
20181218,27.01,0.02,78.08,1.78
20181219,26.58,0.0,76.5,3.09
20181220,26.03,0.01,75.5,2.66
20181221,26.65,0.29,78.57,2.62
20181222,26.03,2.3,76.54,3.47
20181223,26.44,3.32,84.56,3.51
20181224,25.93,3.17,86.63,3.03
20181225,26.76,0.37,77.96,3.09
20181226,26.51,0.06,77.18,2.09
20181227,26.31,0.01,74.15,2.53
20181228,26.32,0.02,75.49,2.16
20181229,26.41,0.57,75.94,3.24
20181230,26.08,0.13,73.45,4.03
20181231,25.68,0.01,73.54,4.04
20190101,25.14,0.0,69.77,3.78
20190102,24.12,0.0,69.4,3.96
20190103,24.58,0.0,68.1,3.93
20190104,24.57,0.0,68.16,4.06
20190105,25.32,0.0,68.79,3.42
20190106,25.02,0.0,71.33,3.36
20190107,25.69,0.0,68.7,2.71
20190108,25.71,0.0,72.13,3.15
20190109,24.97,0.0,70.55,3.4
20190110,25.05,0.0,69.96,3.43
20190111,25.4,0.0,70.17,3.4
20190112,25.67,0.0,66.03,3.77
20190113,26.23,0.03,71.28,3.35
20190114,26.93,0.49,69.98,3.29
20190115,26.72,0.16,66.57,3.6
20190116,26.63,0.0,64.73,4.05
20190117,25.71,0.0,63.76,3.69
20190118,25.36,0.0,61.64,3.56
20190119,25.26,0.0,63.42,3.22
20190120,25.18,0.0,63.88,3.75
20190121,25.36,0.0,62.4,3.06
20190122,25.8,0.0,66.59,2.83
20190123,26.51,0.0,69.5,2.98
20190124,26.88,0.0,71.61,2.85
20190125,27.76,0.0,71.07,2.28
20190126,28.27,0.01,70.66,2.58
20190127,28.2,0.31,67.59,2.76
20190128,28.17,0.94,66.14,2.87
20190129,28.14,0.01,62.27,3.91
20190130,27.64,0.0,64.5,4.45
20190131,27.29,0.0,64.88,3.82
20190201,27.45,0.0,65.46,3.35
20190202,27.79,0.0,65.27,3.48
20190203,28.01,0.0,64.39,3.7
20190204,28.29,0.23,68.08,4.29
20190205,28.43,0.1,68.63,4.04
20190206,28.19,0.03,64.99,3.51
20190207,27.91,0.0,65.98,2.62
20190208,28.74,0.01,68.48,2.07
20190209,28.47,0.9,72.5,1.94
20190210,28.03,0.46,72.48,2.31
20190211,28.57,0.08,66.95,3.93
20190212,28.49,0.01,65.11,4.62
20190213,28.41,0.0,62.37,4.54
20190214,28.74,0.0,67.14,3.84
20190215,28.98,0.05,68.15,3.08
20190216,29.39,0.08,66.3,2.35
20190217,29.47,0.15,68.26,1.82
20190218,30.05,0.03,66.36,2.53
20190219,29.85,0.05,66.61,2.44
20190220,29.31,0.0,62.88,3.84
20190221,28.98,0.0,61.85,3.84
20190222,28.7,0.0,58.34,4.04
20190223,27.77,0.0,60.99,2.95
20190224,27.73,0.0,62.85,2.89
20190225,28.32,0.0,62.27,2.47
20190226,29.54,0.0,63.69,2.02
20190227,30.67,0.0,58.9,2.3
20190228,31.13,0.01,55.79,2.66
20190301,30.32,0.0,61.0,2.33
20190302,29.9,0.01,61.54,3.48
20190303,30.08,0.01,60.49,3.21
20190304,29.81,0.02,59.25,2.51
20190305,30.51,0.0,57.21,2.3
20190306,31.55,0.16,59.45,2.79
20190307,31.38,0.04,60.85,3.13
20190308,31.14,0.02,62.55,3.12
20190309,30.78,1.88,63.4,2.41
20190310,30.2,0.97,63.81,2.16
20190311,29.94,0.0,57.41,2.52
20190312,29.3,0.0,57.91,2.78
20190313,29.12,0.0,59.58,3.23
20190314,29.48,0.0,55.91,3.11
20190315,29.33,0.0,56.93,3.32
20190316,29.55,0.0,59.6,3.18
20190317,29.95,0.01,60.9,3.06
20190318,30.41,0.28,61.9,2.94
20190319,30.19,0.1,61.07,2.42
20190320,30.14,0.38,61.21,2.34
20190321,30.04,0.0,60.5,2.42
20190322,30.38,0.03,62.38,2.47
20190323,30.73,0.01,62.92,2.19
20190324,30.58,0.0,57.63,2.0
20190325,30.71,0.0,52.57,2.53
20190326,30.04,0.0,54.86,2.63
20190327,30.46,0.0,56.04,2.43
20190328,30.35,0.0,56.84,2.17
20190329,30.57,0.01,52.23,2.24
20190330,30.72,0.0,58.34,2.27
20190331,31.9,0.0,55.79,2.67
20190401,32.27,0.0,56.76,3.0
20190402,31.35,0.01,60.64,2.44
20190403,30.76,0.01,62.88,2.4
20190404,30.69,0.5,60.96,2.34
20190405,31.64,0.36,57.72,2.38
20190406,31.97,0.01,55.21,2.38
20190407,31.78,0.02,60.75,2.36
20190408,31.57,0.01,62.76,2.66
20190409,32.06,0.01,58.73,2.58
20190410,31.76,0.02,60.67,2.31
20190411,32.02,0.03,58.86,2.13
20190412,31.85,0.01,61.13,2.19
20190413,31.81,0.01,61.65,2.03
20190414,31.76,0.01,59.07,1.96
20190415,32.3,0.03,57.7,2.46
20190416,32.06,0.71,59.56,2.2
20190417,31.18,2.82,65.09,2.06
20190418,31.21,1.31,64.63,2.56
20190419,31.14,1.71,64.85,2.84
20190420,30.62,3.16,65.44,2.49
20190421,31.46,0.59,59.91,2.49
20190422,32.0,0.74,58.45,2.63
20190423,31.87,1.1,61.6,2.12
20190424,31.2,0.35,62.49,1.77
20190425,32.07,0.35,58.06,2.04
20190426,31.66,0.12,62.52,2.29
20190427,31.97,0.11,64.38,2.31
20190428,33.0,0.08,60.04,2.16
20190429,32.7,2.4,57.56,2.65
20190430,31.92,0.9,59.81,4.64
20190501,30.71,1.39,65.38,5.25
20190502,31.38,0.01,62.92,4.89
20190503,32.12,0.0,57.63,4.78
20190504,32.69,0.0,54.81,3.94
20190505,32.96,0.0,54.99,3.16
20190506,33.24,0.08,55.51,3.71
20190507,32.72,0.38,56.3,4.76
20190508,32.08,0.08,51.5,4.5
20190509,33.06,0.89,52.01,3.28
20190510,33.0,0.09,56.39,3.38
20190511,33.32,0.01,56.72,3.94
20190512,33.08,0.12,57.95,3.88
20190513,32.9,0.02,57.01,4.2
20190514,33.34,0.01,54.69,3.5
20190515,32.42,0.34,59.45,3.89
20190516,31.92,0.11,62.95,3.51
20190517,32.44,0.21,59.51,3.6
20190518,32.71,0.03,59.88,3.7
20190519,32.66,0.0,60.24,3.68
20190520,32.62,0.01,58.86,3.27
20190521,31.91,0.08,61.85,3.68
20190522,31.45,0.03,66.77,3.25
20190523,30.91,0.49,70.25,3.88
20190524,30.96,1.41,68.08,4.03
20190525,30.23,0.58,68.15,4.79
20190526,31.64,0.07,62.5,4.64
20190527,32.89,0.03,61.78,3.4
20190528,33.23,0.01,60.54,3.1
20190529,32.46,0.92,61.62,3.7
20190530,31.37,1.12,66.47,4.3
20190531,28.91,3.34,65.31,3.39
20190601,31.0,0.4,63.95,4.33
20190602,31.09,0.27,66.59,4.65
20190603,30.78,0.78,67.64,4.06
20190604,30.51,0.4,66.45,4.3
20190605,30.51,2.99,67.97,3.34
20190606,30.62,0.65,70.03,2.58
20190607,29.82,4.47,71.9,4.87
20190608,30.18,2.87,70.87,4.51
20190609,29.52,4.42,75.98,4.44
20190610,29.42,5.49,76.15,4.55
20190611,29.64,2.88,73.91,4.57
20190612,29.43,1.13,75.11,4.53
20190613,29.73,0.47,73.78,4.9
20190614,30.37,0.4,68.47,3.71
20190615,30.58,0.25,68.88,4.68
20190616,30.83,0.13,63.61,4.87
20190617,30.3,0.03,69.83,5.04
20190618,30.63,0.13,66.88,5.47
20190619,30.39,1.06,68.89,5.27
20190620,30.22,0.36,63.16,5.78
20190621,28.69,0.54,68.87,5.96
20190622,29.21,1.13,69.8,6.14
20190623,29.8,0.5,68.78,4.92
20190624,30.53,0.23,68.56,4.69
20190625,30.17,0.33,70.25,4.6
20190626,30.44,0.0,67.61,4.63
20190627,30.55,0.0,66.81,5.13
20190628,30.25,0.0,64.46,4.97
20190629,31.09,0.0,61.1,5.2
20190630,29.99,0.0,66.16,5.34
20190701,30.38,0.0,67.68,5.08
20190702,30.04,0.07,68.9,5.74
20190703,30.23,0.34,68.35,4.92
20190704,30.56,0.86,67.7,4.74
20190705,29.76,0.69,70.51,4.83
20190706,29.61,0.09,70.31,4.83
20190707,29.69,0.18,70.02,4.39
20190708,30.31,0.65,68.81,4.25
20190709,29.06,1.36,68.94,3.96
20190710,29.53,0.21,63.65,4.83
20190711,30.86,0.03,55.89,2.04
20190712,31.23,0.35,54.74,2.29
20190713,30.33,0.83,64.15,3.05
20190714,29.9,0.84,68.27,3.99
20190715,29.23,3.0,67.84,5.03
20190716,30.24,0.62,62.59,4.86
20190717,30.27,0.14,61.45,4.92
20190718,29.07,2.36,65.54,4.91
20190719,28.39,4.17,70.69,6.19
20190720,28.1,1.28,71.56,5.91
20190721,29.06,1.21,67.87,5.76
20190722,28.42,0.34,70.52,4.76
20190723,29.56,0.19,61.37,4.67
20190724,29.36,0.7,66.27,4.05
20190725,29.87,0.73,64.06,4.31
20190726,28.96,0.98,65.71,4.4
20190727,30.37,0.02,61.97,4.06
20190728,29.82,0.01,63.92,4.55
20190729,29.84,0.03,65.28,4.45
20190730,30.79,0.01,60.91,3.75
20190731,30.01,0.0,64.34,3.74
20190801,30.5,0.01,64.09,4.61
20190802,29.5,0.01,69.19,4.97
20190803,29.7,0.14,67.44,4.76
20190804,29.62,0.33,69.92,5.0
20190805,28.98,0.34,67.38,5.32
20190806,29.49,1.51,69.54,5.37
20190807,29.28,4.53,71.22,5.87
20190808,28.46,6.27,72.06,6.33
20190809,27.96,6.7,75.19,5.46
20190810,27.62,2.02,74.88,5.01
20190811,27.61,1.03,71.65,5.07
20190812,29.19,0.3,66.37,5.36
20190813,28.43,2.69,71.4,4.6
20190814,28.61,2.19,71.93,5.45
20190815,29.37,0.39,68.01,3.58
20190816,29.25,0.54,62.07,4.13
20190817,27.02,15.04,74.76,3.13
20190818,27.9,14.07,75.34,3.19
20190819,28.34,1.83,73.9,3.55
20190820,29.03,1.68,72.41,4.24
20190821,28.57,1.15,74.14,4.84
20190822,28.35,2.23,71.11,5.14
20190823,27.69,0.53,70.47,4.78
20190824,28.29,0.19,67.9,4.63
20190825,27.94,0.84,71.08,4.88
20190826,27.91,1.1,72.94,5.37
20190827,28.41,1.3,70.96,5.13
20190828,28.01,0.31,72.9,4.56
20190829,27.42,3.52,74.66,4.86
20190830,28.82,1.61,67.93,5.29
20190831,28.39,0.73,69.91,4.89
20190901,28.43,1.37,75.62,4.44
20190902,28.01,3.05,78.14,4.18
20190903,27.98,0.82,78.17,4.09
20190904,28.67,0.78,73.86,4.87
20190905,28.55,1.91,74.51,4.39
20190906,28.99,1.4,74.85,4.57
20190907,28.94,0.46,72.89,4.25
20190908,28.89,0.06,70.27,4.33
20190909,29.72,0.09,63.38,4.29
20190910,29.32,1.34,70.5,3.82
20190911,29.12,1.99,72.33,3.94
20190912,29.08,0.49,70.67,3.2
20190913,28.87,5.92,70.8,3.26
20190914,28.63,2.05,74.1,2.78
20190915,29.26,4.39,70.48,3.17
20190916,28.25,8.73,76.14,4.05
20190917,29.24,0.39,68.65,3.75
20190918,28.95,1.4,74.08,4.35
20190919,28.7,1.97,74.4,4.27
20190920,28.44,4.25,75.44,2.85
20190921,28.84,0.18,70.23,3.08
20190922,29.3,12.16,72.42,3.04
20190923,27.93,18.95,82.88,2.71
20190924,27.26,6.6,80.52,3.45
20190925,27.22,9.41,82.71,3.03
20190926,27.04,6.2,80.76,2.84
20190927,27.51,1.46,75.33,1.41
20190928,27.87,1.03,75.01,1.41
20190929,27.6,8.35,76.22,1.55
20190930,27.12,7.73,78.92,2.02
20191001,27.95,1.1,75.02,2.38
20191002,27.95,2.89,76.51,1.42
20191003,28.43,4.8,77.03,1.0
20191004,27.91,0.5,77.23,2.36
20191005,28.17,0.34,75.67,2.4
20191006,28.13,0.7,75.25,2.28
20191007,28.1,1.58,76.57,2.45
20191008,28.26,2.1,78.02,1.6
20191009,27.94,0.27,79.65,1.48
20191010,28.17,0.8,77.44,1.61
20191011,26.81,15.07,84.0,1.41
20191012,27.46,10.19,79.92,1.35
20191013,27.82,10.01,79.58,1.17
20191014,28.0,20.32,80.7,1.56
20191015,27.04,25.55,86.94,1.59
20191016,26.17,20.31,88.22,1.9
20191017,25.93,27.86,89.46,1.68
20191018,26.57,8.14,85.29,1.48
20191019,26.49,18.9,87.94,1.66
20191020,26.57,31.85,88.66,1.65
20191021,26.07,38.78,92.42,1.62
20191022,26.17,2.9,87.34,1.95
20191023,26.83,9.67,84.9,2.81
20191024,25.67,1.65,88.03,2.75
20191025,26.17,4.98,85.99,2.31
20191026,26.08,1.38,84.75,2.08
20191027,25.21,3.26,85.59,1.72
20191028,26.23,2.48,82.18,2.45
20191029,25.85,33.93,88.94,3.27
20191030,25.92,57.75,91.42,3.2
20191031,26.29,13.4,92.22,3.32
20191101,26.72,0.12,81.79,1.01
20191102,26.98,2.53,81.8,1.19
20191103,26.74,13.9,83.4,1.27
20191104,26.62,2.51,82.55,1.27
20191105,26.62,0.3,84.28,1.0
20191106,27.15,0.54,84.54,1.84
20191107,27.58,5.66,84.81,1.98
20191108,27.16,2.65,87.81,2.05
20191109,27.39,1.13,85.43,1.73
20191110,27.19,2.16,85.54,1.53
20191111,26.81,5.54,85.59,1.3
20191112,26.29,4.11,86.71,1.96
20191113,26.54,0.53,87.03,3.09
20191114,26.65,3.78,87.74,2.65
20191115,26.84,21.8,87.82,2.51
20191116,26.72,33.68,87.78,2.31
20191117,26.82,4.46,88.5,2.54
20191118,27.16,2.64,87.85,2.47
20191119,27.16,1.56,86.58,2.32
20191120,26.64,5.28,88.53,2.41
20191121,26.78,4.07,86.99,2.81
20191122,26.19,18.51,90.7,2.28
20191123,26.08,3.1,89.81,3.65
20191124,26.26,3.52,88.54,3.25
20191125,26.09,8.03,90.71,3.67
20191126,26.31,2.35,87.36,3.74
20191127,26.68,3.43,87.47,2.96
20191128,26.9,5.17,90.42,2.59
20191129,26.64,21.67,91.4,3.05
20191130,26.07,102.44,92.64,2.41
20191201,25.98,7.97,91.89,2.28
20191202,25.9,11.02,90.31,2.33
20191203,26.03,5.77,88.73,2.45
20191204,26.07,1.65,88.66,3.69
20191205,25.39,4.66,90.17,4.01
20191206,24.89,2.78,90.33,4.46
20191207,25.58,7.2,89.75,3.47
20191208,25.2,0.3,87.83,3.21
20191209,25.06,0.01,87.31,3.24
20191210,25.07,0.12,86.94,3.1
20191211,25.23,0.03,86.45,2.69
20191212,25.48,0.29,88.25,3.25
20191213,25.97,1.67,89.18,2.84
20191214,25.83,6.12,91.49,2.91
20191215,25.6,0.9,86.89,3.52
20191216,25.36,0.28,87.85,3.05
20191217,25.69,1.41,89.28,3.73
20191218,25.66,0.59,88.39,4.04
20191219,25.91,0.39,88.15,3.94
20191220,25.58,26.91,90.67,3.59
20191221,25.25,4.78,89.43,2.99
20191222,25.63,0.47,88.33,3.25
20191223,25.56,0.08,87.05,3.08
20191224,25.23,0.1,89.56,3.1
20191225,26.15,2.66,90.18,2.93
20191226,25.5,0.11,88.13,2.65
20191227,24.97,0.0,85.41,2.78
20191228,25.01,0.0,83.0,2.61
20191229,25.39,0.0,86.35,2.87
20191230,25.44,0.0,86.35,2.8
20191231,25.66,0.0,85.98,2.35
20200101,25.92,0.03,87.7,2.22
20200102,26.57,0.11,86.63,2.74
20200103,26.78,0.06,86.29,2.23
20200104,26.77,1.05,86.54,1.92
20200105,26.65,0.57,85.59,2.24
20200106,26.42,0.1,84.9,3.3
20200107,25.98,0.69,85.23,3.28
20200108,25.78,0.09,82.46,3.12
20200109,25.34,0.0,79.04,2.81
20200110,24.96,0.01,77.6,2.83
20200111,25.04,0.0,78.29,3.46
20200112,24.75,0.0,77.14,3.34
20200113,24.94,0.0,76.93,2.78
20200114,24.75,0.0,75.04,2.63
20200115,24.25,0.0,74.09,2.82
20200116,24.96,0.02,74.86,2.26
20200117,26.01,0.4,81.49,2.75
20200118,26.57,0.45,82.66,2.77
20200119,26.44,4.54,82.16,3.49
20200120,26.13,0.17,78.46,3.14
20200121,25.99,0.0,78.34,3.46
20200122,26.33,0.0,78.87,4.12
20200123,26.35,0.01,81.12,3.92
20200124,26.41,0.0,77.25,3.98
20200125,25.98,0.0,74.24,3.02
20200126,25.77,0.0,71.91,2.75
20200127,25.57,0.0,69.44,2.12
20200128,26.04,0.0,71.23,2.12
20200129,26.63,0.0,72.4,2.29
20200130,26.85,0.0,70.89,2.21
20200131,26.75,0.0,71.98,2.6
20200201,26.95,0.0,70.3,2.69
20200202,27.1,0.0,68.42,3.22
20200203,26.83,0.0,68.83,3.17
20200204,27.17,0.0,69.88,2.93
20200205,27.6,0.01,70.43,2.8
20200206,27.29,0.01,68.03,2.71
20200207,27.62,0.0,67.53,2.63
20200208,28.4,0.0,64.8,2.09
20200209,28.48,0.0,62.84,3.13
20200210,28.11,0.0,64.12,3.6
20200211,28.33,0.0,63.41,3.95
20200212,28.5,0.04,66.26,4.23
20200213,28.5,0.06,66.91,3.98
20200214,27.61,0.94,64.99,2.89
20200215,28.56,0.22,63.75,2.67
20200216,28.3,0.0,61.87,3.19
20200217,28.44,0.0,61.25,3.55
20200218,27.28,0.0,60.74,3.4
20200219,27.45,0.0,60.23,3.36
20200220,27.54,0.0,63.94,3.71
20200221,28.1,4.3,69.88,4.24
20200222,28.14,7.46,73.68,4.82
20200223,28.12,0.1,69.38,4.02
20200224,27.94,0.01,68.76,3.5
20200225,28.43,0.0,69.78,2.85
20200226,28.67,0.0,67.35,2.93
20200227,28.69,0.0,66.52,3.37
20200228,29.25,0.05,62.37,3.53
20200229,28.77,0.0,60.9,2.91
20200301,29.09,0.0,58.91,2.98
20200302,29.37,0.05,58.7,2.58
20200303,29.92,0.05,55.29,2.21
20200304,29.75,0.05,60.16,1.42
20200305,29.88,0.05,56.84,1.29
20200306,30.6,0.04,63.0,2.04
20200307,30.41,0.01,62.35,2.93
20200308,29.79,0.0,65.69,2.15
20200309,30.37,0.01,62.07,3.08
20200310,29.81,0.0,59.67,3.08
20200311,29.26,0.1,63.36,2.35
20200312,29.44,0.03,63.28,2.54
20200313,29.61,0.0,61.75,3.15
20200314,29.9,0.0,62.03,2.85
20200315,29.87,0.0,62.81,3.31
20200316,30.51,0.0,63.86,3.82
20200317,30.44,0.0,62.32,3.72
20200318,30.25,0.02,65.56,3.05
20200319,30.7,0.02,61.24,2.6
20200320,30.87,0.0,61.71,2.31
20200321,30.53,0.58,64.27,2.18
20200322,30.56,0.61,63.95,2.03
20200323,30.29,0.68,62.41,2.23
20200324,30.58,0.01,58.16,2.75
20200325,30.45,0.44,58.32,2.76
20200326,30.35,0.01,58.52,3.34
20200327,30.22,0.02,60.89,3.42
20200328,30.21,0.0,57.2,2.69
20200329,30.28,0.0,55.87,2.36
20200330,30.63,0.54,54.43,2.66
20200331,30.1,0.1,57.81,2.79
20200401,30.08,0.0,59.15,3.1
20200402,30.53,0.0,60.83,2.53
20200403,30.41,0.01,61.89,2.43
20200404,31.05,0.11,61.37,2.46
20200405,29.62,1.92,70.97,1.29
20200406,30.47,0.3,67.16,2.07
20200407,30.44,0.17,64.01,1.69
20200408,30.88,0.71,63.35,1.55
20200409,31.23,0.97,63.83,2.2
20200410,30.7,3.66,65.29,2.52
20200411,30.81,2.21,64.41,2.81
20200412,31.25,0.08,61.61,2.82
20200413,31.1,0.01,59.51,2.25
20200414,31.22,2.15,60.94,2.06
20200415,30.87,1.66,64.44,2.05
20200416,31.09,0.36,63.07,2.15
20200417,31.29,0.17,63.09,2.41
20200418,31.45,0.2,61.56,2.52
20200419,31.09,5.18,63.37,2.0
20200420,30.52,2.16,68.63,2.49
20200421,31.45,0.49,64.07,2.46
20200422,31.58,0.35,63.38,2.26
20200423,32.37,0.57,61.49,2.46
20200424,32.35,2.6,60.68,1.97
20200425,30.67,3.75,69.62,2.63
20200426,30.24,2.52,74.68,1.44
20200427,31.05,1.01,69.98,1.42
20200428,30.57,0.93,70.31,1.82
20200429,30.72,1.79,67.53,2.41
20200430,30.29,1.1,68.12,1.78
20200501,31.82,0.05,62.52,2.32
20200502,32.32,0.3,61.5,2.53
20200503,31.27,1.05,68.1,1.6
20200504,31.34,0.74,65.83,1.69
20200505,31.23,0.25,63.02,2.02
20200506,30.69,1.05,67.68,3.04
20200507,30.89,3.32,64.07,3.04
20200508,30.03,2.54,73.07,2.18
20200509,30.04,1.61,73.48,1.81
20200510,30.35,3.63,72.7,1.63
20200511,29.41,4.83,78.91,1.32
20200512,30.91,1.17,67.13,2.24
20200513,30.65,3.4,66.54,1.36
20200514,31.04,0.39,67.08,1.73
20200515,29.89,1.75,76.79,3.11
20200516,30.29,0.62,70.23,3.28
20200517,30.91,0.93,68.23,4.45
20200518,29.34,1.88,69.55,5.53
20200519,29.71,0.4,71.27,5.66
20200520,31.64,0.58,64.02,5.61
20200521,30.32,2.68,66.49,4.85
20200522,30.44,5.35,66.01,4.9
20200523,31.29,0.22,67.83,4.65
20200524,31.51,0.13,68.9,5.13
20200525,30.68,0.64,71.06,4.63
20200526,30.93,0.61,68.96,3.88
20200527,31.23,0.45,66.51,4.27
20200528,30.02,17.21,76.01,4.49
20200529,30.13,3.84,68.81,4.38
20200530,29.83,0.64,71.43,3.84
20200531,29.57,0.92,73.81,4.03
20200601,29.55,1.3,73.93,3.85
20200602,28.82,2.39,75.66,4.11
20200603,28.73,0.8,73.9,3.84
20200604,29.62,0.98,70.49,4.32
20200605,29.31,2.54,75.9,4.15
20200606,29.1,1.03,71.2,5.16
20200607,27.54,2.22,76.52,4.55
20200608,30.38,0.17,64.89,4.68
20200609,30.14,0.05,67.0,4.51
20200610,29.65,0.04,69.38,4.9
20200611,28.97,0.67,67.13,4.71
20200612,28.48,0.4,72.4,4.59
20200613,29.31,1.08,72.04,4.34
20200614,30.09,0.03,67.21,5.1
20200615,30.45,0.05,68.55,4.83
20200616,29.83,0.26,72.5,4.89
20200617,29.84,0.15,69.49,4.87
20200618,29.72,0.24,67.97,4.56
20200619,29.51,0.26,67.66,4.24
20200620,30.41,0.32,63.6,4.57
20200621,28.62,0.66,68.99,5.23
20200622,29.72,0.89,62.95,5.55
20200623,30.64,0.46,56.9,4.58
20200624,30.54,3.07,61.02,2.99
20200625,28.18,7.09,71.11,2.38
20200626,28.37,3.45,73.63,4.46
20200627,29.48,0.36,69.07,4.99
20200628,29.65,2.25,72.35,4.91
20200629,29.37,1.85,73.29,4.14
20200630,29.55,0.81,71.31,4.51
20200701,28.97,0.07,70.21,3.85
20200702,29.57,0.58,68.88,4.06
20200703,28.26,0.56,70.46,4.69
20200704,28.32,1.54,71.35,4.86
20200705,28.49,1.42,69.21,4.58
20200706,28.51,0.81,69.83,5.21
20200707,28.66,1.04,70.11,4.81
20200708,28.71,4.71,73.85,2.24
20200709,27.64,4.91,76.31,1.69
20200710,28.04,0.97,75.8,2.43
20200711,28.36,1.38,74.29,3.63
20200712,28.68,0.27,70.53,5.03
20200713,28.69,0.86,72.31,3.64
20200714,29.38,0.27,71.16,2.27
20200715,29.01,0.32,71.87,4.33
20200716,28.17,0.57,72.71,4.79
20200717,29.46,0.67,67.37,3.97
20200718,29.11,0.76,69.34,2.03
20200719,29.3,2.81,69.49,2.32
20200720,28.56,8.05,75.83,2.21
20200721,27.82,3.33,77.98,2.29
20200722,28.51,0.35,75.18,3.74
20200723,28.24,2.06,76.69,3.28
20200724,27.57,1.17,78.39,3.82
20200725,28.0,0.06,72.82,3.56
20200726,28.12,0.64,69.99,3.83
20200727,29.4,0.06,65.97,3.14
20200728,28.61,3.08,70.72,4.07
20200729,27.6,3.73,76.64,5.15
20200730,28.91,0.99,69.89,5.17
20200731,28.69,1.0,73.4,5.06
20200801,28.41,0.79,70.32,5.25
20200802,28.15,2.41,71.59,5.34
20200803,27.87,1.3,73.02,6.14
20200804,28.43,0.76,69.23,5.35
20200805,28.85,1.9,65.28,6.57
20200806,28.47,4.06,71.42,6.68
20200807,28.85,2.69,69.64,6.62
20200808,27.67,9.91,75.55,5.06
20200809,26.8,6.31,79.11,5.23
20200810,27.84,0.43,75.46,4.78
20200811,28.67,0.18,73.57,4.77
20200812,28.92,0.15,68.28,4.69
20200813,29.11,0.04,70.3,4.23
20200814,28.31,0.01,72.79,4.39
20200815,27.99,0.0,73.79,3.99
20200816,28.64,0.01,73.86,3.68
20200817,29.18,0.02,71.14,3.91
20200818,29.58,0.05,69.28,4.35
20200819,29.71,0.03,67.78,3.1
20200820,28.83,0.01,70.78,3.77
20200821,30.21,0.05,63.96,2.94
20200822,31.09,0.89,63.25,2.73
20200823,30.24,2.36,67.35,2.89
20200824,30.09,1.58,67.7,1.96
20200825,30.03,1.69,69.08,2.04
20200826,29.39,6.01,72.09,2.02
20200827,29.91,0.46,67.34,3.01
20200828,30.38,2.56,64.28,3.1
20200829,29.73,0.34,66.71,4.3
20200830,29.87,0.04,67.69,3.28
20200831,29.16,2.02,69.94,3.15
20200901,29.16,5.09,71.52,4.13
20200902,28.35,3.42,71.86,3.04
20200903,28.14,3.97,76.48,3.1
20200904,28.78,1.79,75.22,2.81
20200905,28.21,6.05,78.4,3.63
20200906,27.8,4.22,78.43,4.21
20200907,28.41,1.42,72.61,4.71
20200908,28.01,6.14,78.98,3.31
20200909,28.12,3.39,77.58,4.14
20200910,27.67,2.61,74.04,5.12
20200911,28.15,0.66,70.74,4.49
20200912,27.98,2.39,71.73,3.96
20200913,27.8,1.3,76.2,3.92
20200914,28.34,0.35,69.94,4.75
20200915,28.17,0.58,72.68,4.09
20200916,28.86,0.67,73.39,4.41
20200917,28.53,1.25,76.85,4.37
20200918,28.49,1.23,75.49,5.01
20200919,27.66,2.28,74.49,5.76
20200920,27.29,1.15,71.15,6.06
20200921,26.76,2.47,77.96,5.23
20200922,27.95,0.78,71.43,4.79
20200923,28.62,0.57,73.96,4.01
20200924,28.47,0.21,74.47,2.5
20200925,27.49,2.03,77.33,2.45
20200926,28.2,0.47,73.21,3.02
20200927,28.81,0.52,68.96,3.2
20200928,28.2,1.55,75.73,3.56
20200929,28.3,0.58,73.39,4.04
20200930,28.31,6.11,73.11,4.24
20201001,28.88,0.2,69.92,3.72
20201002,28.85,0.02,69.91,4.21
20201003,27.94,0.02,72.49,4.4
20201004,28.75,0.01,67.08,4.29
20201005,29.73,0.0,60.36,3.02
20201006,30.34,10.39,64.34,2.76
20201007,29.11,3.9,73.32,3.34
20201008,27.9,4.92,78.82,2.84
20201009,26.99,7.23,83.07,3.65
20201010,28.31,1.04,71.53,3.08
20201011,26.96,1.24,77.55,4.29
20201012,28.07,0.42,74.93,4.78
20201013,27.92,0.43,74.57,5.36
20201014,28.38,0.42,74.24,4.78
20201015,28.3,1.23,76.2,3.58
20201016,28.55,0.26,71.91,4.15
20201017,28.75,0.16,71.05,3.1
20201018,28.48,0.38,71.19,2.32
20201019,28.92,1.52,70.44,3.26
20201020,27.68,6.08,77.4,3.71
20201021,28.56,1.21,71.94,4.08
20201022,27.78,0.44,72.85,3.83
20201023,28.3,0.01,69.53,3.69
20201024,29.37,0.08,67.19,2.47
20201025,29.58,10.69,67.82,1.63
20201026,28.31,21.03,77.39,1.7
20201027,28.57,0.94,75.65,0.95
20201028,28.22,8.75,77.24,0.9
20201029,28.24,8.26,73.87,0.92
20201030,26.49,12.76,82.74,1.2
20201031,28.18,10.04,76.0,0.96
20201101,28.59,0.22,73.64,1.1
20201102,28.63,0.29,75.23,1.27
20201103,28.53,0.86,76.76,1.55
20201104,28.66,3.63,76.93,1.25
20201105,27.74,25.68,81.72,1.67
20201106,26.81,20.78,87.23,2.42
20201107,27.48,1.89,84.67,3.16
20201108,26.95,2.92,86.84,2.96
20201109,27.07,0.35,78.88,3.49
20201110,26.51,0.65,76.63,3.15
20201111,27.17,1.07,78.07,3.31
20201112,26.65,19.3,89.68,2.77
20201113,26.89,34.31,87.84,2.51
20201114,27.07,3.45,88.05,3.2
20201115,26.66,18.29,90.62,3.23
20201116,26.61,37.57,91.35,3.25
20201117,26.44,94.15,89.13,2.8
20201118,26.1,27.96,86.88,1.13
20201119,26.06,18.29,89.18,1.66
20201120,26.49,2.73,87.19,2.86
20201121,25.93,0.12,84.65,3.16
20201122,24.9,0.0,82.38,2.37
20201123,24.94,0.01,84.97,2.45
20201124,25.12,0.01,86.01,2.31
20201125,26.63,1.21,83.98,2.17
20201126,26.29,1.05,87.31,2.93
20201127,26.29,3.19,84.93,2.16
20201128,26.32,4.03,84.75,1.82
20201129,26.48,0.47,87.94,2.84
20201130,26.24,0.85,89.06,3.23
20201201,25.46,0.06,85.03,3.47
20201202,25.14,1.88,86.64,3.28
20201203,25.2,16.87,88.67,4.47
20201204,26.27,13.76,89.99,2.57
20201205,25.64,7.32,93.81,3.52
20201206,25.62,11.97,91.51,3.89
20201207,25.69,29.85,93.01,3.0
20201208,26.27,5.4,87.98,2.58
20201209,26.17,1.19,88.2,2.9
20201210,25.54,0.18,85.74,3.06
20201211,25.07,0.08,85.19,2.91
20201212,24.99,0.26,85.91,2.64
20201213,24.95,0.07,84.32,2.7
20201214,24.69,0.01,82.81,2.79
20201215,24.81,9.66,87.28,2.84
20201216,24.5,7.25,91.89,3.36
20201217,25.33,9.21,89.84,2.86
20201218,25.2,2.46,91.28,2.88
20201219,24.25,3.23,91.11,4.13
20201220,24.81,0.06,86.69,4.08
20201221,23.93,0.03,87.21,4.02
20201222,23.8,0.16,87.59,3.56
20201223,23.97,0.35,90.74,2.89
20201224,25.15,0.0,87.83,3.39
20201225,24.71,0.01,86.34,3.41
20201226,23.61,0.0,83.8,3.36
20201227,24.21,0.03,84.13,3.14
20201228,24.67,0.17,83.1,2.92
20201229,25.03,1.15,86.45,2.95
20201230,25.66,4.19,88.27,3.96
20201231,25.89,7.5,89.38,3.82
20210101,24.85,1.14,85.24,3.78
20210102,24.9,0.41,87.11,3.32
20210103,25.71,3.83,90.1,2.99
20210104,25.82,7.95,89.97,3.45
20210105,25.77,3.25,88.09,2.87
20210106,25.79,6.84,86.89,1.71
20210107,25.82,3.96,89.63,1.93
20210108,25.98,5.94,89.33,1.78
20210109,25.12,15.76,93.08,2.22
20210110,24.58,24.12,93.03,2.21
20210111,24.74,11.11,91.54,3.45
20210112,24.71,18.93,93.46,4.87
20210113,25.42,29.25,94.05,3.83
20210114,25.14,29.28,92.94,3.23
20210115,24.84,123.58,94.19,2.67
20210116,25.07,149.35,91.28,2.23
20210117,24.69,22.91,89.13,3.27
20210118,23.14,0.01,87.59,3.56
20210119,23.79,0.05,84.99,2.83
20210120,24.37,2.2,87.54,2.29
20210121,25.91,0.65,89.54,2.37
20210122,26.07,0.01,88.54,2.23
20210123,25.65,0.0,86.97,2.7
20210124,24.71,0.0,84.7,2.98
20210125,24.04,0.0,81.75,2.74
20210126,23.9,0.0,82.63,2.96
20210127,23.55,0.0,79.72,2.93
20210128,24.1,0.0,84.16,3.06
20210129,24.66,0.04,86.54,3.05
20210130,25.63,0.07,87.16,3.16
20210131,25.21,0.01,86.26,3.3
20210201,24.91,0.15,86.08,3.99
20210202,24.75,0.13,86.58,3.73
20210203,24.72,0.0,84.15,3.58
20210204,23.97,0.0,83.54,3.17
20210205,23.74,0.0,82.31,3.28
20210206,24.06,0.0,82.63,3.23
20210207,23.54,0.0,81.89,3.45
20210208,23.74,0.0,80.82,4.14
20210209,23.5,0.0,80.48,3.96
20210210,23.13,0.0,79.65,3.57
20210211,23.0,0.0,76.83,3.12
20210212,22.99,0.0,78.01,2.9
20210213,23.5,0.0,76.63,2.48
20210214,24.07,0.0,78.21,2.39
20210215,24.96,0.0,80.33,2.33
20210216,25.91,0.0,79.71,2.17
20210217,25.88,0.0,79.1,2.57
20210218,26.01,0.01,78.82,2.84
20210219,26.43,0.02,79.9,2.83
20210220,26.96,0.57,80.54,3.45
20210221,27.0,0.23,79.97,2.87
20210222,26.91,0.06,79.08,3.57
20210223,26.83,0.0,76.26,3.25
20210224,26.79,0.0,76.81,2.85
20210225,26.55,0.0,74.67,2.33
20210226,26.93,0.54,71.13,2.0
20210227,27.07,0.15,69.35,1.84
20210228,26.25,0.0,73.15,2.06
20210301,26.3,0.0,73.57,2.12
20210302,26.64,0.0,72.89,2.71
20210303,26.0,0.0,69.53,3.1
20210304,26.0,0.0,70.04,2.67
20210305,26.9,0.0,68.56,2.66
20210306,27.71,0.01,71.04,2.47
20210307,28.04,0.01,74.1,2.65
20210308,27.74,0.48,78.52,2.68
20210309,28.58,0.42,71.86,3.3
20210310,28.14,0.6,76.21,3.0
20210311,27.8,1.19,75.8,2.72
20210312,27.64,1.34,72.53,2.91
20210313,28.14,0.0,70.13,2.96
20210314,28.62,0.0,69.65,3.21
20210315,28.71,0.0,64.02,2.95
20210316,28.78,0.0,65.51,2.72
20210317,28.9,0.0,68.16,2.79
20210318,28.73,0.0,65.91,2.66
20210319,28.87,0.03,62.33,2.44
20210320,29.37,0.2,62.22,2.01
20210321,29.82,0.04,60.69,1.86
20210322,29.38,0.7,67.33,2.27
20210323,29.7,0.39,68.25,2.71
20210324,28.98,0.38,69.35,2.37
20210325,29.04,0.6,65.4,1.63
20210326,29.71,1.54,67.71,2.42
20210327,29.33,4.97,69.4,2.22
20210328,29.27,2.04,70.48,1.99
20210329,29.04,1.25,70.88,2.28
20210330,30.56,0.69,64.2,2.67
20210331,31.37,0.03,61.25,3.03
20210401,31.63,0.54,62.76,3.13
20210402,31.29,0.06,60.64,3.14
20210403,31.84,0.0,56.17,3.82
20210404,31.91,0.01,54.81,2.74
20210405,32.29,0.02,55.06,2.86
20210406,30.84,0.1,64.5,2.32
20210407,30.37,0.12,61.31,2.43
20210408,30.62,0.12,59.65,1.97
20210409,30.69,0.67,62.16,2.26
20210410,29.99,2.13,66.72,2.26
20210411,29.71,6.59,67.38,1.62
20210412,29.53,3.87,69.84,1.84
20210413,28.51,2.68,75.95,1.75
20210414,29.35,2.07,69.82,1.88
20210415,28.55,6.14,74.12,0.98
20210416,28.88,7.01,76.94,1.66
20210417,29.93,0.29,70.46,2.58
20210418,30.05,1.15,69.37,2.41
20210419,30.48,0.39,67.14,3.17
20210420,29.95,0.14,70.39,2.72
20210421,30.49,2.33,69.45,1.81
20210422,29.58,1.38,74.2,2.2
20210423,30.21,0.66,70.64,1.95
20210424,30.26,0.42,70.46,2.31
20210425,30.12,0.17,71.43,1.76
20210426,31.09,0.19,65.09,1.61
20210427,29.89,0.89,71.73,1.97
20210428,30.08,0.09,70.32,2.29
20210429,30.47,0.06,69.5,2.76
20210430,30.4,0.68,71.21,1.93
20210501,29.42,2.33,78.8,1.71
20210502,30.07,1.77,73.52,1.7
20210503,28.96,1.39,77.79,2.33
20210504,29.67,1.31,71.54,1.92
20210505,29.4,1.45,73.67,1.58
20210506,29.75,4.37,71.32,1.68
20210507,28.76,14.51,78.22,1.16
20210508,28.93,0.59,75.4,1.86
20210509,29.64,5.24,75.2,1.65
20210510,29.1,11.31,78.75,2.12
20210511,29.44,4.56,77.53,2.97
20210512,29.13,1.69,77.61,3.36
20210513,29.01,13.18,75.3,3.81
20210514,28.42,8.71,78.12,4.07
20210515,28.56,9.29,78.13,4.88
20210516,28.69,1.14,77.28,3.79
20210517,29.08,1.24,74.78,3.37
20210518,29.48,0.39,76.37,3.06
20210519,29.04,4.88,80.67,3.51
20210520,28.2,3.25,83.34,3.28
20210521,28.61,2.19,74.63,3.62
20210522,28.09,5.61,81.9,3.66
20210523,28.92,1.39,78.26,4.14
20210524,29.03,0.2,76.08,5.01
20210525,27.65,8.95,80.3,5.92
20210526,27.18,9.3,79.47,6.03
20210527,28.64,0.37,74.35,5.66
20210528,29.3,0.24,73.7,4.52
20210529,29.26,0.21,74.69,4.48
20210530,29.48,0.03,72.66,4.63
20210531,29.32,1.32,74.98,4.55
20210601,29.15,0.25,74.82,4.63
20210602,30.13,0.16,71.3,3.52
20210603,28.86,3.14,81.19,3.62
20210604,27.96,12.96,86.72,2.79
20210605,27.52,23.07,84.57,2.44
20210606,28.12,3.16,81.56,3.18
20210607,29.05,0.19,77.53,3.36
20210608,28.63,1.04,77.64,4.22
20210609,28.35,0.47,80.18,4.19
20210610,28.58,0.11,77.57,4.58
20210611,28.42,0.12,77.16,4.49
20210612,28.59,1.45,78.54,4.62
20210613,27.86,1.94,78.47,5.38
20210614,27.92,0.9,73.97,5.12
20210615,28.68,0.45,76.15,4.96
20210616,28.43,0.68,77.53,5.04
20210617,28.28,0.31,78.8,4.3
20210618,28.5,0.08,77.78,4.02
20210619,28.23,0.14,75.57,3.8
20210620,28.58,0.15,75.99,3.51
20210621,28.95,0.5,74.58,3.6
20210622,28.4,1.77,76.99,3.31
20210623,28.44,2.69,77.76,3.01
20210624,28.45,0.33,76.9,3.73
20210625,28.91,0.02,72.65,3.84
20210626,28.41,1.99,76.24,4.45
20210627,28.13,0.37,75.77,3.29
20210628,28.5,0.2,70.97,3.61
20210629,29.08,0.04,71.23,3.14
20210630,29.27,0.3,73.17,2.99
20210701,28.95,5.5,76.59,3.99
20210702,28.97,2.3,75.13,4.02
20210703,28.19,3.53,78.33,3.41
20210704,28.44,3.52,73.87,3.2
20210705,28.8,1.15,73.51,3.51
20210706,27.04,0.19,81.25,2.36
20210707,28.85,2.32,74.31,3.44
20210708,29.11,4.6,75.88,3.47
20210709,28.09,6.02,77.75,5.52
20210710,27.08,3.28,73.31,6.49
20210711,27.83,0.1,70.3,5.61
20210712,28.57,0.38,72.76,5.6
20210713,28.38,0.21,72.2,5.47
20210714,28.3,0.85,70.46,4.69
20210715,28.36,1.55,68.7,3.97
20210716,28.75,1.18,73.22,3.94
20210717,28.31,0.18,72.43,2.92
20210718,28.04,0.36,75.3,4.68
20210719,28.33,0.03,73.47,4.8
20210720,28.91,0.0,70.79,4.62
20210721,28.79,0.12,71.36,5.21
20210722,28.36,0.93,74.67,6.12
20210723,28.12,2.81,74.97,6.9
20210724,28.48,1.95,71.85,6.01
20210725,28.22,0.58,69.86,5.33
20210726,28.27,0.74,72.09,4.91
20210727,28.59,0.21,73.22,4.88
20210728,28.52,0.21,73.04,4.25
20210729,29.26,0.02,70.42,4.39
20210730,29.51,0.08,69.23,4.25
20210731,29.89,0.1,67.17,4.56
20210801,29.96,0.02,65.86,4.44
20210802,29.59,0.06,65.73,5.03
20210803,30.08,0.06,63.08,4.81
20210804,29.99,0.09,62.97,4.81
20210805,29.33,0.66,68.33,5.22
20210806,29.53,1.33,69.96,4.99
20210807,29.71,0.97,67.44,5.23
20210808,29.27,0.32,68.26,4.74
20210809,28.26,7.99,71.08,4.44
20210810,28.98,0.22,66.83,4.7
20210811,29.14,1.67,68.82,4.55
20210812,28.13,0.36,69.94,4.2
20210813,28.94,0.44,66.61,3.59
20210814,28.59,1.06,69.24,4.62
20210815,28.67,1.1,69.94,4.63
20210816,28.87,0.09,66.23,4.55
20210817,29.07,2.39,65.66,4.58
20210818,27.12,1.32,71.75,5.23
20210819,29.16,0.06,64.44,4.76
20210820,29.53,0.38,63.31,2.48
20210821,28.68,1.84,70.38,1.58
20210822,28.59,1.83,72.78,1.24
20210823,28.78,1.84,68.96,3.11
20210824,29.38,0.24,66.31,3.61
20210825,29.31,3.01,69.24,3.5
20210826,29.15,3.07,72.28,4.6
20210827,28.55,1.06,74.49,5.16
20210828,28.06,2.73,74.36,5.1
20210829,27.66,2.05,74.07,5.49
20210830,28.14,0.11,71.85,4.56
20210831,29.32,3.04,70.02,3.74
20210901,28.78,2.13,73.06,3.35
20210902,28.13,3.31,74.55,3.25
20210903,27.87,0.8,75.16,2.79
20210904,27.98,1.45,76.54,4.14
20210905,28.08,2.3,76.2,4.5
20210906,28.62,0.67,68.68,5.1
20210907,28.57,0.39,73.07,4.51
20210908,28.77,0.2,71.78,4.58
20210909,29.44,0.05,67.95,3.36
20210910,29.73,0.04,66.71,4.32
20210911,29.61,0.16,67.36,4.92
20210912,28.96,1.27,70.72,5.34
20210913,29.28,1.33,70.88,5.14
20210914,29.41,0.3,71.06,4.23
20210915,29.44,7.5,73.18,3.65
20210916,28.42,5.65,77.79,3.35
20210917,29.09,4.02,72.04,1.56
20210918,29.5,3.49,72.26,1.54
20210919,29.18,0.29,72.19,1.77
20210920,29.23,0.22,71.11,1.16
20210921,29.91,0.05,66.81,3.48
20210922,29.95,2.13,65.6,2.75
20210923,29.78,8.19,70.22,3.04
20210924,29.28,11.84,71.91,2.14
20210925,28.44,7.13,76.84,3.84
20210926,28.39,1.43,72.21,3.52
20210927,27.05,8.56,78.25,5.61
20210928,27.64,0.46,72.98,5.07
20210929,29.22,0.08,68.06,3.24
20210930,28.61,5.74,71.11,2.55
20211001,27.45,8.2,80.0,1.25
20211002,27.54,12.52,80.94,1.33
20211003,28.55,4.69,77.59,1.2
20211004,28.27,2.59,79.14,1.4
20211005,28.32,3.84,78.2,1.55
20211006,27.68,2.05,80.93,2.6
20211007,27.96,1.02,80.01,2.97
20211008,28.19,4.79,80.72,3.92
20211009,27.86,2.28,81.75,3.9
20211010,28.26,0.73,80.31,3.4
20211011,28.27,6.32,75.36,4.19
20211012,27.47,1.95,76.68,3.86
20211013,28.35,0.45,75.1,3.8
20211014,28.52,1.76,78.3,3.95
20211015,28.8,2.1,77.4,3.73
20211016,27.9,11.13,85.45,4.47
20211017,28.08,4.04,80.47,4.98
20211018,28.5,0.44,77.09,4.19
20211019,28.83,0.71,75.51,1.82
20211020,28.05,8.96,81.27,1.22
20211021,27.95,3.56,79.92,0.82
20211022,27.83,1.51,80.39,1.32
20211023,28.06,5.33,77.93,2.39
20211024,27.94,3.47,76.06,1.57
20211025,27.65,12.52,80.28,1.65
20211026,27.88,2.99,78.19,1.21
20211027,27.56,4.37,79.44,1.56
20211028,26.33,13.79,83.7,2.05
20211029,25.92,39.08,87.43,2.68
20211030,26.3,62.42,86.82,4.15
20211031,26.13,13.15,88.77,2.75
20211101,26.04,9.64,89.44,2.85
20211102,26.25,14.78,86.82,2.07
20211103,25.78,18.31,91.73,1.47
20211104,25.98,16.32,85.88,0.72
20211105,26.23,6.33,87.87,1.77
20211106,26.6,9.61,84.94,1.5
20211107,26.08,2.37,89.48,2.27
20211108,25.64,35.92,89.48,2.02
20211109,24.4,6.55,89.06,2.46
20211110,25.28,3.26,86.49,2.29
20211111,25.95,4.46,88.69,2.89
20211112,26.54,4.56,86.46,3.78
20211113,26.32,11.7,89.77,3.13
20211114,25.75,6.85,91.36,3.23
20211115,26.5,3.76,88.83,2.34
20211116,26.42,4.23,89.11,2.18
20211117,26.32,32.69,88.76,1.45
20211118,26.05,14.22,89.23,2.27
20211119,26.29,3.51,87.56,3.53
20211120,26.4,1.8,86.99,3.52
20211121,25.77,0.0,81.79,1.91
20211122,25.92,10.13,88.26,2.46
20211123,25.86,15.84,91.74,2.36
20211124,25.64,3.78,89.03,2.71
20211125,25.38,151.61,91.41,2.55
20211126,25.71,18.86,92.0,2.11
20211127,25.1,6.25,92.28,3.38
20211128,25.62,12.25,93.43,3.19
20211129,25.82,42.28,91.82,2.96
20211130,25.76,12.55,92.02,2.06
20211201,26.39,2.08,87.28,1.94
20211202,26.45,2.58,88.31,2.14
20211203,25.61,12.56,85.51,1.87
20211204,26.13,15.12,80.52,0.85
20211205,27.02,4.78,85.75,1.51
20211206,27.33,2.89,81.36,1.11
20211207,26.43,1.76,86.98,2.25
20211208,26.17,0.31,87.52,2.51
20211209,25.27,7.16,92.53,2.72
20211210,25.68,1.63,88.41,3.31
20211211,25.91,2.08,89.64,3.39
20211212,26.07,2.9,89.19,3.9
20211213,25.7,2.14,89.42,3.53
20211214,25.86,0.23,88.37,3.5
20211215,25.55,0.35,89.87,3.17
20211216,25.41,0.26,87.96,4.16
20211217,24.95,0.16,86.45,3.73
20211218,24.51,0.01,87.13,3.69
20211219,23.91,0.0,85.26,3.61
20211220,23.79,0.0,85.58,3.34
20211221,24.04,0.0,84.02,2.74
20211222,23.99,0.0,84.01,2.3
20211223,23.13,0.0,81.42,2.37
20211224,22.9,0.0,83.55,2.44
20211225,23.4,0.0,83.11,2.49
20211226,23.77,0.0,83.88,2.51
20211227,24.08,0.02,84.62,2.89
20211228,24.43,0.01,83.69,2.93
20211229,24.28,0.0,84.21,2.66
20211230,24.79,1.76,85.56,3.14
20211231,25.94,3.93,88.34,3.62
20220101,26.16,6.82,88.44,3.7
20220102,25.56,9.74,89.04,4.23
20220103,24.77,4.96,86.83,3.83
20220104,24.77,0.61,85.12,3.85
20220105,24.31,0.02,83.66,3.02
20220106,25.21,0.04,87.33,3.3
20220107,25.43,0.01,87.47,2.93
20220108,25.26,0.01,85.17,3.34
20220109,24.66,0.01,84.79,2.89
20220110,25.49,0.01,84.41,2.49
20220111,25.68,0.01,84.12,2.47
20220112,26.12,0.0,82.59,1.97
20220113,26.54,0.0,82.5,1.63
20220114,26.91,0.0,79.95,1.52
20220115,26.89,0.0,80.38,2.1
20220116,26.75,0.03,80.68,3.29
20220117,26.43,0.05,80.14,3.66
20220118,25.86,0.04,77.59,3.97
20220119,25.82,0.01,75.81,3.29
20220120,25.45,0.01,73.89,2.51
20220121,26.32,0.0,70.68,1.38
20220122,27.26,0.0,73.24,1.32
20220123,27.57,0.0,75.11,1.2
20220124,27.28,0.0,73.05,1.26
20220125,27.11,0.0,72.91,1.4
20220126,26.14,0.04,75.24,2.15
20220127,26.72,0.01,67.89,3.02
20220128,26.69,0.0,70.82,4.22
20220129,26.79,0.01,76.53,4.52
20220130,27.49,0.01,74.82,3.93
20220131,27.42,0.0,76.17,3.19
20220201,27.25,0.0,74.23,3.11
20220202,26.01,0.0,69.08,3.08
20220203,25.51,0.0,66.54,2.04
20220204,27.67,0.0,65.21,1.05
20220205,27.83,0.0,71.53,2.28
20220206,27.66,0.0,69.98,2.89
20220207,27.33,0.0,68.51,3.13
20220208,26.77,0.0,65.61,3.71
20220209,25.83,0.0,64.02,3.55
20220210,27.03,0.01,65.57,3.73
20220211,27.63,0.7,73.57,4.46
20220212,26.13,4.55,81.24,3.81
20220213,26.0,5.56,78.4,3.88
20220214,27.0,0.52,71.05,3.76
20220215,26.86,0.03,66.9,3.73
20220216,27.11,0.04,62.35,3.19
20220217,27.43,0.01,61.39,3.04
20220218,27.78,0.0,65.79,3.16
20220219,28.39,0.03,67.15,3.47
20220220,29.0,0.02,65.9,2.62
20220221,29.46,0.02,66.44,1.79
20220222,29.23,0.22,64.0,2.29
20220223,28.44,0.82,63.59,3.6
20220224,27.59,2.91,66.92,3.68
20220225,28.36,0.0,59.66,3.66
20220226,28.44,0.36,66.25,3.62
20220227,27.99,6.01,69.32,4.15
20220228,27.95,0.03,64.34,3.45
20220301,28.38,0.0,60.66,3.5
20220302,27.94,0.0,58.49,3.87
20220303,28.38,0.0,61.03,3.96
20220304,28.91,0.14,58.69,3.85
20220305,29.44,0.0,59.42,3.66
20220306,29.63,0.06,60.82,3.44
20220307,29.44,2.75,61.72,3.47
20220308,27.89,41.49,76.26,2.95
20220309,28.18,0.03,70.71,2.67
20220310,27.84,0.0,69.3,2.52
20220311,28.0,0.0,68.81,2.79
20220312,27.81,0.02,65.82,2.84
20220313,27.81,0.0,66.26,3.22
20220314,28.46,0.0,64.49,2.83
20220315,26.95,0.01,66.56,1.74
20220316,29.27,1.3,64.23,1.92
20220317,29.6,1.16,68.0,2.34
20220318,29.85,0.37,65.51,1.64
20220319,30.08,0.73,64.23,2.16
20220320,30.21,0.37,65.17,3.47
20220321,30.92,0.07,61.07,2.76
20220322,31.05,0.18,61.03,2.21
20220323,30.81,1.82,64.18,2.21
20220324,30.77,0.21,65.03,1.52
20220325,30.5,0.33,63.59,2.15
20220326,30.1,0.32,65.39,2.24
20220327,30.29,0.74,65.27,2.22
20220328,29.8,0.65,68.44,1.9
20220329,30.62,0.15,66.32,2.63
20220330,30.17,0.31,67.62,2.74
20220331,30.3,0.09,65.83,2.46
20220401,30.6,0.11,64.01,2.78
20220402,30.59,0.95,64.66,2.55
20220403,30.24,1.5,65.32,1.92
20220404,30.03,0.76,67.0,2.17
20220405,29.25,4.14,69.39,1.89
20220406,27.91,3.56,75.83,1.31
20220407,29.57,2.18,67.79,1.66
20220408,29.23,11.9,71.71,1.6
20220409,28.89,5.89,73.99,1.4
20220410,28.96,16.31,71.81,1.62
20220411,28.95,21.57,75.87,1.6
20220412,28.31,10.94,77.85,1.0
20220413,27.38,6.29,82.96,1.98
20220414,28.07,1.49,73.38,1.73
20220415,29.31,0.33,74.1,2.35
20220416,29.85,0.74,73.6,3.06
20220417,29.48,2.28,76.57,2.51
20220418,29.2,4.68,74.37,2.89
20220419,29.97,0.41,68.76,1.86
20220420,30.19,0.03,71.46,2.12
20220421,29.5,0.17,76.53,1.53
20220422,28.45,2.82,78.97,1.91
20220423,28.7,2.05,73.28,1.59
20220424,29.85,0.16,69.52,1.75
20220425,29.69,0.06,71.84,1.58
20220426,30.0,0.03,70.44,1.77
20220427,29.28,0.06,75.28,1.67
20220428,29.59,0.37,73.96,1.95
20220429,30.0,0.53,74.44,2.25
20220430,30.16,0.19,74.04,2.96
20220501,30.35,0.4,72.93,3.25
20220502,30.89,0.2,69.86,2.8
20220503,30.92,0.16,70.98,2.12
20220504,30.12,3.08,75.12,2.07
20220505,30.19,0.89,74.13,3.01
20220506,29.64,0.18,67.1,2.47
20220507,30.92,0.06,64.98,2.59
20220508,31.6,0.33,65.58,2.71
20220509,29.95,0.93,74.08,4.62
20220510,29.38,0.53,72.45,4.66
20220511,29.28,0.7,73.54,5.63
20220512,29.91,0.62,68.96,5.2
20220513,29.78,0.25,68.59,5.13
20220514,29.51,5.62,69.16,5.43
20220515,28.54,4.23,74.69,5.13
20220516,28.98,7.16,75.8,4.45
20220517,29.21,3.73,76.55,4.37
20220518,29.14,1.6,74.49,5.02
20220519,28.87,3.1,74.07,5.15
20220520,28.72,0.99,76.83,4.32
20220521,29.3,0.42,75.2,4.47
20220522,29.89,0.25,71.41,4.7
20220523,29.25,0.76,75.33,4.43
20220524,29.55,2.02,75.94,3.84
20220525,30.07,0.64,73.54,2.68
20220526,29.29,0.98,68.93,3.86
20220527,28.84,0.92,72.21,4.45
20220528,29.29,4.01,71.13,4.67
20220529,28.78,4.51,74.4,3.87
20220530,29.4,0.97,70.73,4.79
20220531,29.15,0.62,67.44,5.38
20220601,28.26,1.13,73.1,4.86
20220602,29.54,0.85,70.58,4.21
20220603,29.69,0.05,69.51,3.97
20220604,29.38,0.1,72.26,2.93
20220605,29.86,0.71,71.42,4.03
20220606,29.13,2.92,74.14,2.85
20220607,28.5,2.27,76.07,3.72
20220608,29.58,0.07,71.22,4.09
20220609,29.31,0.04,72.37,3.97
20220610,29.58,2.14,71.77,4.65
20220611,28.85,1.1,73.49,4.18
20220612,27.93,2.76,72.59,3.93
20220613,29.27,0.56,64.29,3.33
20220614,30.01,0.06,65.76,4.04
20220615,28.78,5.81,71.55,3.59
20220616,27.46,7.29,77.2,1.82
20220617,27.4,2.22,78.29,2.29
20220618,28.8,0.32,71.12,3.33
20220619,28.53,0.49,72.52,3.23
20220620,29.79,0.14,66.47,3.5
20220621,29.18,0.05,66.87,4.21
20220622,29.42,0.13,67.19,3.55
20220623,28.93,0.91,70.02,3.84
20220624,29.21,0.6,67.49,4.52
20220625,28.75,0.52,69.72,5.33
20220626,29.86,0.02,62.76,4.52
20220627,30.1,0.09,67.28,4.49
20220628,28.73,0.78,70.97,4.49
20220629,29.22,0.5,68.66,4.95
20220630,28.52,1.17,71.23,5.06
20220701,29.02,0.2,69.27,4.54
20220702,29.28,2.13,66.78,4.7
20220703,27.61,3.73,76.11,5.3
20220704,28.09,1.11,69.53,5.18
20220705,27.98,0.76,69.39,5.21
20220706,27.86,0.65,69.05,4.93
20220707,27.51,0.72,72.22,4.87
20220708,27.93,0.62,68.05,4.9
20220709,28.35,0.2,65.43,5.24
20220710,28.31,0.48,64.94,5.79
20220711,28.3,0.5,64.43,5.7
20220712,28.79,0.05,65.47,5.91
20220713,28.84,0.88,68.29,6.27
20220714,28.9,0.84,68.66,6.17
20220715,29.09,0.56,68.64,5.0
20220716,28.68,0.89,72.34,4.21
20220717,29.13,4.41,71.26,3.63
20220718,28.91,1.76,67.41,3.08
20220719,29.26,2.58,65.95,2.9
20220720,28.44,1.1,73.98,3.15
20220721,28.54,2.19,73.2,2.35
20220722,28.95,4.04,70.8,3.8
20220723,28.04,2.62,72.61,4.41
20220724,28.55,2.93,68.19,3.47
20220725,30.11,6.33,66.6,2.24
20220726,28.51,2.89,71.82,2.27
20220727,28.25,14.04,75.29,1.61
20220728,29.07,1.09,70.2,1.45
20220729,29.42,6.53,68.84,1.5
20220730,29.06,6.34,72.53,1.56
20220731,28.85,5.99,74.42,2.93
20220801,27.61,16.89,78.47,5.11
20220802,26.84,3.89,81.79,4.85
20220803,26.92,1.8,80.43,5.17
20220804,27.03,3.83,77.69,6.63
20220805,27.82,0.22,73.86,5.84
20220806,27.43,0.79,75.48,4.53
20220807,27.46,1.94,76.13,5.19
20220808,27.7,1.66,74.84,5.6
20220809,27.88,0.13,74.32,5.4
20220810,28.17,0.05,71.89,4.63
20220811,28.64,0.05,70.83,4.29
20220812,28.95,0.01,67.46,3.84
20220813,29.38,0.0,66.24,3.65
20220814,29.79,0.0,63.17,2.73
20220815,29.7,0.02,66.59,2.61
20220816,30.15,0.06,67.97,1.97
20220817,29.55,0.2,70.1,2.88
20220818,29.37,10.47,71.66,2.44
20220819,29.38,1.98,70.39,3.6
20220820,29.36,0.14,67.57,3.44
20220821,29.09,1.1,67.5,4.16
20220822,28.59,1.55,71.4,5.26
20220823,28.35,0.36,70.14,5.1
20220824,27.62,1.1,73.71,3.73
20220825,27.8,0.3,73.47,2.72
20220826,27.32,8.29,75.38,2.89
20220827,25.29,3.83,79.7,4.13
20220828,28.04,1.43,71.68,2.62
20220829,28.04,3.11,74.5,2.78
20220830,28.52,7.64,73.59,2.44
20220831,27.59,5.87,80.54,1.04
20220901,27.21,4.35,77.27,1.98
20220902,27.88,1.14,75.05,3.65
20220903,28.36,1.38,75.93,3.32
20220904,28.24,4.32,78.8,2.98
20220905,28.5,3.04,76.9,2.75
20220906,27.77,3.17,75.59,4.15
20220907,27.22,1.73,75.57,4.95
20220908,27.49,0.32,72.99,4.63
20220909,27.7,0.4,75.76,4.57
20220910,28.46,0.43,74.46,4.4
20220911,28.47,0.27,73.23,4.52
20220912,28.77,0.08,71.44,4.37
20220913,28.94,0.19,70.74,3.2
20220914,29.02,1.77,69.66,2.97
20220915,29.33,0.23,68.87,2.82
20220916,29.84,0.04,66.65,1.98
20220917,29.59,0.22,68.49,3.15
20220918,29.39,1.59,68.89,3.29
20220919,28.82,0.36,71.31,4.18
20220920,28.86,0.02,69.43,3.74
20220921,29.76,0.01,65.17,3.74
20220922,29.22,0.0,65.94,4.52
20220923,29.4,0.0,63.89,4.31
20220924,29.89,0.1,62.86,2.51
20220925,30.21,0.84,63.1,1.96
20220926,30.66,1.03,63.86,1.92
20220927,30.58,6.94,61.9,2.63
20220928,29.14,6.18,68.77,4.05
20220929,28.78,0.26,69.82,3.38
20220930,28.7,0.35,70.34,4.69
20221001,28.35,0.12,68.96,4.68
20221002,28.3,0.6,67.1,4.52
20221003,28.93,0.66,67.22,4.22
20221004,28.93,2.61,68.98,3.59
20221005,27.98,1.05,69.19,4.48
20221006,28.07,0.02,66.89,3.9
20221007,29.45,0.05,63.84,3.08
20221008,29.75,2.59,60.79,1.8
20221009,28.79,9.12,72.23,1.58
20221010,28.49,18.18,75.79,1.81
20221011,29.17,2.89,70.04,2.62
20221012,28.93,3.08,74.6,1.4
20221013,28.5,3.22,76.32,1.37
20221014,28.24,7.69,76.54,2.73
20221015,27.28,9.01,78.91,1.87
20221016,28.14,6.09,77.03,2.79
20221017,27.53,8.45,82.87,2.61
20221018,26.98,2.65,80.93,3.23
20221019,27.66,3.61,76.54,1.85
20221020,27.59,7.91,78.41,2.68
20221021,26.57,13.74,83.43,1.58
20221022,27.25,1.17,78.22,1.15
20221023,27.69,3.81,76.39,1.58
20221024,26.91,6.68,84.02,2.34
20221025,28.5,0.76,75.55,1.56
20221026,27.7,30.07,79.45,1.68
20221027,27.47,6.66,75.95,1.85
20221028,27.41,0.48,76.17,2.04
20221029,27.1,1.69,81.12,2.53
20221030,26.33,3.97,87.82,2.52
20221031,26.49,1.59,84.6,2.29
20221101,25.5,11.2,88.14,1.14
20221102,25.16,18.61,90.56,2.01
20221103,25.23,34.04,93.6,2.0
20221104,25.06,10.05,90.83,2.43
20221105,25.09,5.94,90.41,2.05
20221106,25.81,7.39,87.36,2.48
20221107,26.3,1.95,85.85,2.4
20221108,26.15,3.32,86.83,2.83
20221109,25.89,1.25,88.29,2.48
20221110,26.32,0.42,84.46,2.41
20221111,25.01,9.44,87.68,2.53
20221112,25.4,8.81,89.58,3.07
20221113,25.66,9.32,89.76,1.88
20221114,25.74,17.37,87.36,1.91
20221115,25.34,4.25,88.8,2.09
20221116,25.94,5.71,87.18,1.86
20221117,25.52,0.93,83.25,2.62
20221118,24.4,0.08,79.48,2.73
20221119,24.03,0.01,81.09,3.0
20221120,24.01,0.0,75.94,2.33
20221121,26.08,0.0,73.24,1.03
20221122,26.67,0.0,76.76,0.93
20221123,25.89,0.0,80.43,2.23
20221124,26.28,0.0,78.14,1.55
20221125,26.3,0.0,79.66,1.54
20221126,26.5,0.16,80.53,1.6
20221127,26.64,3.55,82.84,1.56
20221128,26.65,11.85,82.83,1.36
20221129,26.14,19.48,85.92,2.35
20221130,25.21,0.1,81.98,2.72
20221201,25.59,0.71,85.98,2.67
20221202,26.34,6.37,87.21,2.46
20221203,26.23,9.61,87.98,2.75
20221204,26.01,24.2,87.06,2.3
20221205,25.9,4.57,89.7,2.93
20221206,25.69,0.03,84.94,2.52
20221207,24.59,0.0,83.52,2.13
20221208,25.41,2.76,82.16,1.64
20221209,24.07,8.41,86.43,3.23
20221210,24.99,8.5,82.86,3.52
20221211,26.05,1.95,86.66,2.92
20221212,26.2,0.84,83.8,1.99
20221213,26.01,0.19,80.6,1.19
20221214,25.7,1.37,85.9,2.05
20221215,25.43,0.15,84.71,2.73
20221216,25.12,0.01,84.18,2.82
20221217,25.34,0.17,85.66,3.34
20221218,25.21,0.16,84.01,3.68
20221219,24.64,1.49,84.91,3.16
20221220,24.76,1.69,88.13,3.18
20221221,25.19,5.68,86.14,3.27
20221222,25.36,1.48,83.65,3.27
20221223,25.69,0.01,79.91,2.65
20221224,26.49,0.06,82.41,2.49
20221225,26.09,3.55,85.53,2.88
20221226,25.97,3.16,89.39,4.69
20221227,26.16,19.09,86.64,2.92
20221228,25.97,2.01,86.26,3.01
20221229,25.72,0.39,83.99,3.28
20221230,25.31,0.05,80.4,2.95
20221231,24.99,0.0,81.18,2.45
20230101,24.92,0.0,80.03,2.61
20230102,24.5,0.0,80.3,2.99
20230103,24.64,0.0,79.75,3.2
20230104,24.94,0.0,77.46,3.44
20230105,25.11,0.01,80.63,3.39
20230106,25.34,0.15,79.61,4.24
20230107,25.53,0.11,78.52,4.21
20230108,25.54,0.01,78.84,3.88
20230109,25.23,0.0,76.6,3.77
20230110,23.99,0.0,73.63,3.89
20230111,24.46,0.0,72.55,3.26
20230112,24.16,0.0,72.03,3.13
20230113,24.28,0.0,70.77,2.91
20230114,24.17,0.0,72.47,2.83
20230115,24.46,0.0,72.77,2.72
20230116,24.96,0.0,75.51,2.95
20230117,25.32,0.03,76.5,3.21
20230118,24.68,0.01,73.02,3.85
20230119,24.64,0.0,67.61,3.69
20230120,24.78,0.01,71.42,3.62
20230121,25.62,0.03,72.81,3.89
20230122,24.98,0.04,75.71,3.51
20230123,26.01,2.15,78.01,2.93
20230124,25.11,7.97,86.86,2.4
20230125,25.88,0.07,74.09,3.36
20230126,25.54,0.0,71.65,3.1
20230127,25.44,0.0,72.57,3.04
20230128,25.53,0.0,70.27,3.49
20230129,25.63,0.03,74.78,3.19
20230130,26.7,0.98,76.63,2.5
20230131,26.68,1.04,73.26,3.6
20230201,25.89,0.26,71.3,3.33
20230202,26.08,8.95,78.62,4.15
20230203,26.22,2.13,81.02,3.57
20230204,26.53,5.17,80.63,3.78
20230205,26.3,0.04,71.06,3.04
20230206,25.64,2.03,71.51,3.15
20230207,26.45,0.01,71.29,3.05
20230208,26.5,0.11,74.02,3.0
20230209,26.3,0.0,72.58,2.43
20230210,26.09,0.0,71.72,2.8
20230211,25.84,0.0,69.25,2.87
20230212,25.98,0.0,66.15,2.61
20230213,26.11,0.0,65.64,3.19
20230214,26.0,0.0,67.95,2.8
20230215,26.47,0.0,64.36,3.06
20230216,26.14,0.0,67.92,3.45
20230217,26.23,0.0,66.77,3.31
20230218,27.06,0.0,66.9,2.84
20230219,27.97,0.0,68.29,3.21
20230220,28.41,0.0,66.78,3.05
20230221,28.01,0.0,61.33,3.24
20230222,27.4,0.0,57.3,3.12
20230223,26.89,0.0,59.99,3.0
20230224,27.96,0.0,63.08,2.95
20230225,27.85,0.0,60.77,3.15
20230226,27.03,0.0,60.79,3.69
20230227,27.19,0.0,58.97,3.37
20230228,27.7,6.14,69.47,3.97
20230301,27.69,9.8,73.37,4.01
20230302,27.87,0.03,67.49,3.47
20230303,27.28,0.0,61.31,3.76
20230304,27.83,0.06,67.27,3.69
20230305,28.12,0.37,71.51,3.26
20230306,28.53,0.02,66.52,3.11
20230307,27.96,0.02,69.46,3.06
20230308,28.48,0.01,68.75,4.17
20230309,28.52,0.0,64.38,3.95
20230310,28.42,0.0,65.18,3.5
20230311,28.26,0.0,67.39,3.2
20230312,28.89,0.02,67.18,3.73
20230313,29.4,0.02,64.61,3.48
20230314,28.93,0.01,65.76,2.79
20230315,29.01,0.05,68.65,2.16
20230316,28.48,1.45,71.49,1.97
20230317,29.08,2.4,70.06,2.6
20230318,29.32,0.91,68.66,2.51
20230319,30.1,1.23,66.42,2.29
20230320,30.17,1.97,65.66,2.39
20230321,30.78,4.01,61.02,2.42
20230322,30.59,0.63,61.18,2.26
20230323,30.65,0.11,57.15,2.82
20230324,30.79,0.46,64.24,2.1
20230325,30.55,0.27,61.47,2.25
20230326,30.66,2.11,60.2,2.06
20230327,31.36,0.72,60.07,2.0
20230328,30.81,1.17,65.06,2.24
20230329,30.73,0.77,66.02,2.05
20230330,30.86,0.21,64.39,2.19
20230331,31.08,0.59,62.07,2.26
20230401,31.06,0.09,61.57,2.41
20230402,31.22,0.75,59.51,2.35
20230403,31.04,0.88,62.07,2.54
20230404,30.01,1.04,65.8,2.32
20230405,30.23,0.14,63.9,2.64
20230406,30.05,0.37,65.07,2.25
20230407,30.42,1.19,63.11,2.22
20230408,30.59,0.35,61.22,3.57
20230409,29.79,0.48,65.52,2.92
20230410,30.1,0.12,64.33,3.23
20230411,30.71,0.46,64.16,2.95
20230412,30.72,0.0,62.75,2.52
20230413,31.05,0.0,60.67,2.05
20230414,30.48,0.0,62.79,1.7
20230415,31.05,0.01,63.63,2.29
20230416,30.99,0.01,61.17,2.11
20230417,30.69,0.0,61.62,2.34
20230418,31.18,0.0,61.0,2.33
20230419,31.65,0.0,61.45,2.39
20230420,32.62,0.02,58.64,3.29
20230421,32.24,2.9,60.04,3.21
20230422,32.32,2.41,61.38,2.66
20230423,32.79,1.36,59.39,2.23
20230424,30.87,3.59,69.27,2.06
20230425,29.51,3.83,74.14,1.71
20230426,29.26,13.91,73.76,2.14
20230427,29.84,6.45,72.52,1.9
20230428,29.85,5.4,71.34,2.49
20230429,29.88,8.49,72.58,2.34
20230430,29.77,5.44,73.98,2.28
20230501,29.34,14.97,75.89,2.25
20230502,28.55,17.05,81.21,2.69
20230503,28.42,21.86,81.99,2.04
20230504,27.46,4.78,79.5,2.67
20230505,28.89,1.05,73.38,2.65
20230506,29.54,1.11,70.18,2.13
20230507,28.06,1.5,75.24,2.3
20230508,28.36,1.74,73.35,1.9
20230509,29.09,3.62,74.2,2.84
20230510,29.6,0.88,74.77,2.36
20230511,29.7,0.81,74.48,3.81
20230512,29.14,0.56,76.5,3.58
20230513,29.16,0.08,76.49,4.41
20230514,30.11,0.04,74.72,4.18
20230515,30.74,0.01,72.52,4.03
20230516,31.44,0.02,69.38,2.76
20230517,30.44,0.86,70.77,2.2
20230518,29.96,0.43,75.0,2.92
20230519,30.14,0.05,73.37,3.12
20230520,30.99,0.16,69.27,3.31
20230521,30.35,0.21,70.53,2.84
20230522,29.48,2.97,76.5,2.91
20230523,30.03,0.15,73.24,2.8
20230524,30.62,0.2,69.92,3.35
20230525,30.83,0.25,68.93,3.75
20230526,30.94,0.52,67.85,3.81
20230527,31.04,3.35,67.22,3.38
20230528,31.16,0.69,68.62,2.24
20230529,30.53,2.08,72.06,2.13
20230530,31.0,0.87,69.61,2.79
20230531,29.94,1.06,70.98,3.22
20230601,30.07,0.31,69.77,4.35
20230602,29.98,0.37,71.98,3.7
20230603,30.41,0.12,68.88,4.04
20230604,30.14,0.12,70.11,4.16
20230605,29.42,2.33,75.21,4.4
20230606,29.83,5.64,72.38,4.26
20230607,29.57,4.35,75.29,4.71
20230608,29.64,0.24,71.82,4.09
20230609,30.21,0.29,70.84,4.88
20230610,30.1,0.17,69.46,5.02
20230611,30.28,0.01,69.14,4.46
20230612,30.29,4.46,69.97,4.69
20230613,29.48,0.87,75.31,4.88
20230614,30.31,0.16,63.87,3.82
20230615,31.31,0.07,63.75,3.4
20230616,30.87,0.09,64.87,4.97
20230617,29.62,0.77,71.48,4.85
20230618,29.0,0.8,71.74,3.77
20230619,30.49,0.02,64.46,3.86
20230620,30.25,0.38,64.26,3.79
20230621,30.25,1.5,66.25,3.6
20230622,30.73,0.59,62.46,3.86
20230623,30.31,0.37,63.33,4.6
20230624,30.55,0.04,63.62,3.98
20230625,29.5,0.75,67.76,4.64
20230626,29.78,0.21,64.62,4.69
20230627,28.74,0.94,70.5,4.5
20230628,29.87,0.07,67.28,4.47
20230629,30.35,0.33,65.1,4.9
20230630,30.33,0.61,66.38,4.25
20230701,30.46,0.12,64.25,3.37
20230702,30.05,6.59,63.14,4.76
20230703,28.08,3.54,72.4,5.3
20230704,28.86,1.17,68.9,6.54
20230705,28.0,3.9,74.56,5.96
20230706,28.22,1.03,73.83,5.05
20230707,28.56,0.98,69.18,4.69
20230708,29.47,1.4,67.89,3.76
20230709,30.16,0.19,62.09,2.63
20230710,29.78,4.27,68.2,2.93
20230711,29.15,4.29,71.51,3.24
20230712,29.9,0.3,67.32,3.59
20230713,29.47,0.37,65.96,4.16
20230714,29.61,0.17,65.57,4.45
20230715,30.31,0.13,64.67,3.6
20230716,30.29,0.27,66.14,3.63
20230717,30.02,0.01,67.97,4.61
20230718,30.0,0.19,67.99,5.61
20230719,29.72,0.26,67.75,5.81
20230720,29.75,0.26,67.19,5.26
20230721,29.8,0.01,66.16,5.11
20230722,29.25,0.08,65.63,5.36
20230723,28.31,1.64,67.59,5.05
20230724,28.0,0.66,71.93,4.68
20230725,28.88,0.73,70.29,4.23
20230726,29.37,0.29,67.76,4.89
20230727,30.59,0.02,60.17,4.77
20230728,30.61,0.0,58.03,4.78
20230729,30.93,0.0,59.14,4.82
20230730,31.02,0.0,58.51,4.51
20230731,30.84,0.0,60.2,5.29
20230801,30.53,0.0,61.88,5.0
20230802,30.59,0.0,61.69,4.86
20230803,30.79,0.03,62.59,5.07
20230804,31.44,0.08,60.52,4.64
20230805,31.36,0.01,58.64,3.63
20230806,31.61,2.29,58.35,3.95
20230807,30.95,0.62,62.7,3.54
20230808,30.88,3.27,62.39,3.56
20230809,29.72,3.96,67.15,2.42
20230810,30.04,2.17,69.19,1.82
20230811,30.25,1.51,69.34,1.19
20230812,30.6,6.23,66.12,2.66
20230813,30.56,0.28,64.55,3.26
20230814,29.97,0.07,64.47,3.64
20230815,30.3,0.82,62.36,4.11
20230816,30.45,0.03,58.9,3.87
20230817,30.68,0.01,61.24,4.73
20230818,30.47,0.08,63.15,5.1
20230819,30.52,0.09,62.36,4.82
20230820,31.52,0.01,58.66,3.82
20230821,31.64,0.01,58.33,2.58
20230822,30.99,1.03,63.23,2.01
20230823,31.56,0.74,60.05,3.03
20230824,31.68,0.02,58.06,4.44
20230825,31.15,0.0,58.8,3.98
20230826,31.67,0.0,56.52,4.21
20230827,32.24,0.0,57.8,4.1
20230828,31.97,0.76,59.98,4.65
20230829,29.73,2.8,68.2,3.71
20230830,27.86,24.46,76.77,2.46
20230831,29.23,3.31,72.08,3.0
20230901,28.98,3.98,71.98,3.4
20230902,29.35,6.25,71.48,4.26
20230903,27.22,15.87,78.5,4.52
20230904,28.5,5.54,72.65,4.99
20230905,28.54,0.11,69.21,4.82
20230906,28.21,0.62,74.31,4.04
20230907,28.64,0.44,68.37,4.52
20230908,29.16,0.89,68.46,4.31
20230909,29.4,0.67,68.66,4.46
20230910,28.56,1.4,67.19,4.92
20230911,28.3,0.75,70.23,4.18
20230912,29.36,0.11,68.55,3.22
20230913,28.9,0.2,72.91,3.92
20230914,29.13,1.12,71.69,4.28
20230915,29.18,1.36,70.63,4.12
20230916,28.88,1.64,73.76,3.91
20230917,28.28,1.2,77.54,3.63
20230918,28.32,9.28,77.68,4.02
20230919,28.82,3.38,74.38,3.91
20230920,29.22,1.8,71.26,3.47
20230921,28.54,2.46,73.55,3.2
20230922,29.31,1.12,72.25,3.04
20230923,29.29,1.58,73.34,3.7
20230924,28.85,0.92,73.9,3.08
20230925,29.65,0.18,69.32,3.15
20230926,29.93,0.68,67.14,3.88
20230927,28.51,2.22,71.96,3.89
20230928,28.62,2.31,72.13,3.76
20230929,28.36,3.73,75.46,4.67
20230930,28.65,4.48,72.95,4.11
20231001,28.7,2.69,75.28,4.32
20231002,28.44,5.44,78.57,4.61
20231003,28.84,4.26,76.11,4.07
20231004,28.91,3.45,75.17,3.84
20231005,28.82,4.41,75.1,3.42
20231006,29.41,1.23,74.72,3.2
20231007,30.02,0.22,69.67,2.62
20231008,29.29,1.4,73.93,3.16
20231009,28.53,0.85,78.28,2.58
20231010,28.61,0.89,77.13,2.8
20231011,28.79,4.32,75.99,3.32
20231012,27.98,12.17,78.57,3.14
20231013,28.76,1.16,72.97,2.33
20231014,28.09,5.73,78.43,2.3
20231015,28.49,6.15,75.73,2.75
20231016,28.19,4.67,76.86,2.21
20231017,27.87,11.17,81.11,1.89
20231018,27.66,6.15,81.84,1.43
20231019,28.04,3.47,77.19,1.43
20231020,28.27,1.94,75.34,1.55
20231021,28.96,2.05,72.01,1.48
20231022,28.91,3.79,74.32,1.42
20231023,27.88,5.48,77.06,1.88
20231024,28.21,1.42,72.69,1.75
20231025,28.4,0.45,74.83,1.73
20231026,28.83,1.51,73.61,1.54
20231027,28.9,0.12,72.87,2.12
20231028,28.28,0.97,75.43,1.65
20231029,27.34,14.73,82.65,2.14
20231030,26.75,10.66,83.86,2.16
20231031,27.21,4.13,83.12,2.28
20231101,27.68,9.47,81.41,1.86
20231102,27.01,7.54,83.36,1.25
20231103,27.24,16.06,84.79,1.8
20231104,25.89,18.02,89.0,1.74
20231105,26.75,15.69,81.17,0.76
20231106,27.69,19.82,79.09,0.98
20231107,26.81,21.49,85.77,1.65
20231108,26.31,38.74,87.5,1.55
20231109,26.24,40.32,84.57,1.35
20231110,26.8,3.63,84.82,1.8
20231111,26.45,6.99,91.75,3.03
20231112,26.79,0.91,84.38,3.17
20231113,25.66,1.92,88.32,2.66
20231114,26.0,0.83,87.19,2.57
20231115,26.82,2.8,80.38,2.13
20231116,27.13,1.29,85.79,1.36
20231117,27.5,1.01,86.99,1.69
20231118,26.53,4.19,90.98,1.82
20231119,26.22,20.45,91.0,2.41
20231120,26.93,0.81,85.48,2.01
20231121,26.87,4.01,88.75,1.89
20231122,26.69,28.02,87.48,1.81
20231123,26.59,5.27,88.4,2.35
20231124,26.89,1.1,85.11,1.67
20231125,26.63,2.08,90.21,2.5
20231126,26.55,1.63,93.17,3.27
20231127,26.96,2.54,89.26,3.25
20231128,26.85,2.25,87.84,2.71
20231129,26.64,4.03,88.6,2.88
20231130,26.08,1.21,89.28,1.98
20231201,25.83,2.24,90.03,2.39
20231202,26.75,0.6,82.11,1.39
20231203,26.94,1.31,86.88,2.08
20231204,26.9,0.41,91.11,2.49
20231205,27.58,0.45,88.5,2.17
20231206,27.08,0.12,88.57,1.72
20231207,27.41,0.53,86.55,1.42
20231208,27.57,2.39,85.34,1.4
20231209,27.1,10.12,87.91,2.34
20231210,26.67,5.13,89.14,3.08
20231211,26.64,3.36,87.97,3.52
20231212,26.41,1.17,87.34,3.38
20231213,25.56,0.01,85.25,3.82
20231214,25.02,0.16,84.38,3.67
20231215,25.86,0.29,87.81,3.64
20231216,25.82,16.99,91.92,3.75
20231217,25.65,202.34,94.88,4.66
20231218,25.84,82.59,91.47,4.68
20231219,24.82,8.37,90.8,4.29
20231220,25.28,5.32,89.4,4.25
20231221,25.33,4.93,91.7,3.9
20231222,25.6,0.62,89.23,3.62
20231223,24.86,0.01,88.29,3.23
20231224,24.6,0.07,88.29,3.36
20231225,26.12,0.58,88.89,3.93
20231226,25.53,0.09,86.68,4.39
20231227,25.23,0.48,87.38,4.78
20231228,25.71,0.53,88.98,4.66
20231229,26.16,0.74,88.95,4.23
20231230,25.63,0.12,89.42,3.89
20231231,25.33,0.04,86.07,3.89
20240101,25.22,0.01,85.14,3.09
20240102,25.57,0.03,85.93,3.09
20240103,25.38,0.16,85.9,2.83
20240104,25.97,1.13,86.96,2.34
20240105,26.23,1.34,87.6,2.39
20240106,26.12,1.57,87.81,2.65
20240107,25.99,0.5,87.13,2.99
20240108,25.48,1.93,89.98,2.21
20240109,25.43,7.34,91.41,4.1
20240110,25.06,1.47,88.62,3.78
20240111,25.39,0.02,84.37,4.14
20240112,25.28,0.0,82.76,3.88
20240113,25.36,0.0,83.63,3.64
20240114,25.21,0.0,84.7,3.26
20240115,24.75,0.0,79.92,2.98
20240116,24.19,0.0,76.23,2.58
20240117,24.26,0.0,77.42,2.26
20240118,25.56,0.07,83.76,2.41
20240119,26.44,1.36,84.61,3.06
20240120,26.57,0.55,83.43,3.27
20240121,26.64,0.02,80.99,3.21
20240122,26.43,0.01,80.9,3.08
20240123,25.77,0.0,79.09,2.93
20240124,25.83,0.0,77.19,2.41
20240125,25.97,0.0,75.95,2.6
20240126,25.65,0.0,75.41,3.71
20240127,25.35,0.0,76.95,3.67
20240128,25.75,0.0,78.77,3.67
20240129,25.96,0.0,77.22,3.73
20240130,26.3,0.03,76.74,3.48
20240131,26.81,8.28,79.49,2.49
20240201,27.05,20.72,82.35,2.04
20240202,27.44,2.29,81.51,2.17
20240203,27.57,0.01,79.08,2.79
20240204,26.77,0.0,77.47,3.4
20240205,26.12,0.01,78.2,3.41
20240206,25.67,0.0,78.13,3.47
20240207,25.8,0.0,77.61,2.95
20240208,26.16,0.0,77.66,3.0
20240209,26.57,0.0,78.08,3.27
20240210,27.08,0.0,75.61,3.92
20240211,27.26,0.0,70.54,4.3
20240212,26.48,0.0,72.12,4.12
20240213,27.26,0.0,74.25,4.24
20240214,27.48,0.0,74.33,4.43
20240215,27.36,0.0,71.38,4.05
20240216,27.64,0.0,72.13,4.06
20240217,27.87,0.0,71.07,3.94
20240218,27.57,0.0,71.61,3.41
20240219,27.97,0.0,72.45,3.35
20240220,28.31,0.0,70.52,2.65
20240221,28.54,0.0,67.82,1.94
20240222,29.44,0.0,69.18,2.05
20240223,30.01,0.01,65.28,2.3
20240224,29.79,0.01,68.52,2.2
20240225,29.35,0.0,66.18,3.39
20240226,29.37,0.08,67.63,4.67
20240227,29.57,0.02,65.08,4.92
20240228,29.52,0.01,64.04,4.41
20240229,29.24,0.0,64.92,3.79
20240301,28.91,0.0,64.61,3.99
20240302,27.79,0.0,65.26,2.62
20240303,28.95,0.0,65.02,2.56
20240304,28.76,0.0,61.87,2.52
20240305,29.08,0.0,60.97,2.53
20240306,29.15,0.0,58.72,2.14
20240307,29.47,0.0,56.44,2.07
20240308,29.29,0.01,57.17,1.92
20240309,29.68,0.0,57.99,2.17
20240310,30.08,0.0,60.07,2.42
20240311,29.71,0.0,62.66,2.81
20240312,29.89,0.0,59.99,2.95
20240313,30.23,0.0,54.71,2.08
20240314,30.74,0.01,54.4,2.2
20240315,30.43,0.0,67.12,2.22
20240316,30.13,0.02,61.17,2.27
20240317,29.86,0.0,56.85,2.89
20240318,29.78,0.0,56.69,2.71
20240319,29.69,0.0,56.82,2.73
20240320,29.71,0.0,57.99,2.71
20240321,30.78,0.9,65.52,3.96
20240322,30.8,3.51,66.53,3.66
20240323,30.88,1.18,63.41,3.09
20240324,30.2,0.05,63.15,2.97
20240325,30.12,0.0,59.88,3.36
20240326,29.95,0.0,59.63,3.01
20240327,30.32,0.02,58.48,2.84
20240328,31.08,2.33,58.62,2.38
20240329,30.78,0.25,59.4,2.25
20240330,30.87,0.0,56.87,2.04
20240331,31.42,0.0,55.81,2.1
20240401,31.6,0.03,59.98,2.21
20240402,31.71,0.79,60.69,2.15
20240403,31.52,0.49,64.39,2.1
20240404,31.57,0.23,63.39,2.08
20240405,32.38,0.11,60.24,2.41
20240406,32.75,0.01,60.12,2.3
20240407,32.11,0.02,62.3,2.24
20240408,31.9,0.6,64.3,2.3
20240409,31.98,0.12,60.35,2.91
20240410,31.85,0.13,60.08,3.46
20240411,32.37,0.48,59.65,3.63
20240412,30.64,5.87,69.3,3.1
20240413,30.68,2.39,69.09,2.68
20240414,30.55,5.73,69.27,3.21
20240415,30.6,9.49,71.49,3.14
20240416,30.91,0.55,67.54,2.73
20240417,31.26,0.09,68.1,2.29
20240418,32.29,0.02,64.17,2.62
20240419,32.45,0.07,64.26,2.31
20240420,33.04,0.06,61.29,2.41
20240421,32.84,0.08,62.0,2.29
20240422,31.97,0.11,63.71,1.22
20240423,31.97,0.28,62.98,2.25
20240424,31.79,0.65,64.09,1.79
20240425,31.11,0.02,64.46,1.96
20240426,32.08,0.01,58.28,2.06
20240427,32.37,0.01,57.06,2.21
20240428,32.41,0.36,59.66,2.26
20240429,31.82,0.64,65.71,2.17
20240430,32.87,0.2,60.32,2.41
20240501,33.6,0.22,59.21,2.59
20240502,33.81,0.0,60.69,3.22
20240503,33.95,0.0,59.75,3.48
20240504,33.78,0.02,58.11,2.86
20240505,34.51,0.11,51.56,3.32
20240506,33.69,0.05,56.45,3.56
20240507,33.57,0.03,56.26,2.85
20240508,33.19,0.53,58.38,2.79
20240509,32.07,1.09,63.14,2.19
20240510,31.3,3.2,66.1,2.17
20240511,31.81,2.17,61.98,2.49
20240512,31.56,5.91,64.7,2.17
20240513,28.88,37.6,84.31,1.21
20240514,29.22,16.24,77.45,0.9
20240515,29.44,7.98,77.19,1.38
20240516,29.61,15.76,75.87,1.19
20240517,28.18,3.51,84.04,1.24
20240518,28.86,4.18,79.2,1.99
20240519,28.44,7.2,81.95,3.18
20240520,28.25,9.22,80.32,4.43
20240521,29.22,5.89,78.74,3.8
20240522,28.77,3.65,86.95,3.5
20240523,28.57,4.83,85.69,3.82
20240524,29.09,4.42,81.41,4.44
20240525,29.08,3.07,80.34,4.71
20240526,29.17,0.96,77.4,4.75
20240527,29.32,0.9,78.63,5.43
20240528,28.65,3.52,79.42,5.37
20240529,28.84,2.23,78.16,5.3
20240530,29.44,1.47,77.86,4.43
20240531,29.23,2.33,79.66,3.43
20240601,29.78,1.05,80.32,4.02
20240602,29.19,1.63,76.9,2.37
20240603,29.38,1.47,77.3,2.65
20240604,29.35,0.46,78.45,3.29
20240605,29.4,3.25,78.84,4.11
20240606,28.6,14.01,84.73,3.07
20240607,28.36,2.84,81.61,3.33
20240608,28.09,3.18,84.82,4.17
20240609,28.54,0.85,82.08,4.25
20240610,29.0,0.18,79.09,3.86
20240611,29.22,0.36,75.69,4.17
20240612,28.53,0.58,77.97,3.7
20240613,28.83,0.13,75.32,2.95
20240614,28.95,0.0,77.04,3.33
20240615,29.41,0.11,74.36,4.47
20240616,29.74,0.18,73.77,3.86
20240617,29.46,1.94,74.42,3.42
20240618,29.14,4.44,77.11,3.97
20240619,28.54,2.91,78.69,4.1
20240620,28.4,1.16,76.39,4.18
20240621,28.31,1.27,75.14,4.57
20240622,28.16,2.93,75.91,4.85
20240623,28.41,1.4,72.73,5.9
20240624,28.28,3.43,73.52,5.72
20240625,28.01,1.35,71.46,5.91
20240626,27.92,2.42,70.89,6.21
20240627,29.03,0.75,71.87,4.35
20240628,29.28,0.14,70.86,3.8
20240629,29.55,0.22,72.92,3.85
20240630,28.88,1.16,76.56,3.11
20240701,28.52,0.44,72.32,3.37
20240702,28.37,0.31,72.39,2.86
20240703,29.21,0.09,71.58,3.87
20240704,29.72,0.08,67.34,4.08
20240705,29.31,2.15,71.65,4.85
20240706,27.96,1.9,74.83,4.1
20240707,29.27,0.28,70.44,4.54
20240708,28.09,0.69,74.88,4.85
20240709,28.18,0.22,71.88,4.44
20240710,28.86,0.92,73.18,4.38
20240711,29.04,0.34,70.95,3.53
20240712,28.77,4.25,75.36,4.4
20240713,28.37,1.28,73.21,4.88
20240714,28.83,1.03,69.89,4.84
20240715,28.01,4.11,73.38,6.06
20240716,28.48,1.6,73.07,5.68
20240717,28.36,1.51,74.47,5.05
20240718,28.65,0.35,69.18,5.98
20240719,28.97,0.14,70.54,5.67
20240720,29.26,0.07,70.35,4.95
20240721,29.28,0.29,71.2,5.02
20240722,29.08,0.53,71.09,4.12
20240723,29.32,0.13,70.3,4.07
20240724,29.58,0.5,68.93,4.54
20240725,29.43,0.32,68.95,4.65
20240726,28.97,0.5,69.93,5.69
20240727,29.32,0.74,65.19,5.89
20240728,29.02,1.83,69.0,5.73
20240729,28.99,2.94,71.69,5.82
20240730,28.32,0.91,72.99,4.78
20240731,28.57,0.21,74.88,4.22
20240801,29.08,0.41,73.63,4.7
20240802,29.53,0.05,66.12,4.69
20240803,29.55,0.32,66.29,3.82
20240804,30.1,1.3,64.26,2.93
20240805,28.67,1.26,70.69,2.58
20240806,29.24,2.82,70.18,2.86
20240807,27.99,2.92,75.39,3.24
20240808,28.14,3.32,74.51,3.97
20240809,29.5,2.2,69.59,2.82
20240810,29.0,2.73,72.55,4.08
20240811,29.51,2.9,73.62,2.22
20240812,30.14,3.61,73.74,1.95
20240813,29.33,13.78,76.9,0.91
20240814,28.22,24.91,80.03,2.04
20240815,29.6,1.98,74.49,2.74
20240816,29.14,2.28,78.06,3.8
20240817,28.37,2.36,78.34,4.55
20240818,28.29,2.59,81.62,3.39
20240819,28.99,0.82,76.55,3.31
20240820,28.34,2.06,81.42,3.63
20240821,27.66,3.39,77.65,5.43
20240822,28.65,0.04,72.88,3.73
20240823,28.91,0.05,72.65,3.37
20240824,28.86,0.27,74.23,3.85
20240825,28.66,0.18,74.45,4.09
20240826,29.04,0.14,72.2,4.47
20240827,28.76,0.2,75.04,3.99
20240828,28.63,0.06,75.28,3.96
20240829,28.75,0.91,74.43,4.56
20240830,27.72,2.36,79.56,4.48
20240831,28.22,1.23,76.47,5.05
20240901,28.12,2.65,74.75,4.53
20240902,28.57,0.48,74.23,4.32
20240903,28.18,0.75,79.13,4.54
20240904,28.64,0.85,76.24,4.25
20240905,29.68,0.15,71.4,4.24
20240906,28.78,0.23,75.92,4.38
20240907,28.81,0.2,75.38,4.46
20240908,28.28,0.44,77.2,4.53
20240909,28.71,0.37,75.25,4.68
20240910,29.22,0.3,75.06,4.79
20240911,29.29,0.71,72.54,4.74
20240912,29.29,0.63,65.6,5.03
20240913,29.57,1.32,72.19,3.85
20240914,29.9,0.86,70.59,4.29
20240915,30.13,0.12,68.29,4.82
20240916,30.52,0.01,66.26,4.44
20240917,30.42,0.01,66.5,4.4
20240918,30.31,0.02,66.1,4.24
20240919,30.42,0.19,65.05,4.39
20240920,29.78,0.12,66.35,4.53
20240921,30.48,0.03,62.86,4.54
20240922,29.84,0.29,66.53,4.89
20240923,30.3,0.29,66.92,5.12
20240924,30.18,0.04,65.85,5.28
20240925,30.71,0.06,63.88,4.82
20240926,31.0,0.06,62.02,3.76
20240927,31.1,0.11,58.24,2.64
20240928,30.9,3.97,62.56,2.71
20240929,29.38,7.34,74.87,1.76
20240930,28.83,16.34,76.13,1.36
20241001,28.84,3.66,77.57,1.79
20241002,28.33,5.99,80.43,2.88
20241003,28.83,1.57,77.6,3.25
20241004,29.03,5.66,76.95,2.78
20241005,28.62,3.95,76.63,2.07
20241006,27.79,5.25,79.42,2.21
20241007,27.28,1.77,81.54,3.16
20241008,27.79,1.2,79.51,1.8
20241009,28.66,5.29,77.46,2.58
20241010,27.97,0.86,77.93,2.69
20241011,28.0,6.44,74.74,2.64
20241012,27.16,11.43,81.55,2.3
20241013,27.17,10.01,81.29,2.65
20241014,26.57,17.28,83.14,1.82
20241015,27.25,5.46,78.99,2.6
20241016,27.66,0.73,77.4,3.27
20241017,28.57,0.53,76.84,3.36
20241018,28.89,0.52,76.35,2.8
20241019,27.79,2.23,81.36,2.04
20241020,28.61,3.33,79.34,1.38
20241021,28.38,1.16,80.51,1.08
20241022,28.85,5.31,75.67,1.01
20241023,28.36,4.18,80.02,1.62
20241024,27.89,4.59,80.12,2.57
20241025,27.5,13.02,84.9,2.31
20241026,28.04,8.28,81.63,3.04
20241027,27.33,2.82,84.45,2.77
20241028,28.15,0.43,79.09,2.45
20241029,28.49,1.02,78.18,1.55
20241030,28.71,0.15,77.48,1.34
20241031,28.75,1.33,79.84,1.33
20241101,28.82,1.48,76.7,1.43
20241102,26.96,14.81,86.45,1.36
20241103,27.04,6.43,81.53,1.07
20241104,27.29,6.67,81.91,1.67
20241105,27.67,1.08,77.05,1.8
20241106,28.27,0.11,73.71,1.45
20241107,27.6,1.06,80.12,1.94
20241108,26.96,16.89,88.68,2.37
20241109,27.5,4.08,82.19,2.88
20241110,27.28,0.02,78.57,3.08
20241111,27.29,0.02,76.14,2.49
20241112,27.98,0.07,74.86,1.57
20241113,27.4,0.54,84.11,2.08
20241114,27.65,11.88,86.3,2.36
20241115,26.55,18.07,89.62,2.65
20241116,27.06,6.94,86.5,2.75
20241117,27.45,5.07,86.08,3.04
20241118,27.07,4.22,85.85,3.49
20241119,26.78,33.5,87.23,3.67
20241120,25.5,15.82,90.32,4.12
20241121,26.09,7.98,86.74,3.41
20241122,24.65,0.76,89.38,2.14
20241123,26.3,0.14,85.88,3.5
20241124,26.36,0.04,86.37,3.04
20241125,25.29,0.15,86.24,3.0
20241126,24.85,7.48,88.95,3.2
20241127,24.92,5.4,90.45,3.24
20241128,26.41,0.4,80.9,2.12
20241129,26.01,0.87,86.89,2.52
20241130,26.32,1.02,88.64,3.1
20241201,27.44,1.42,84.89,4.47
20241202,27.01,6.19,85.05,3.66
20241203,27.3,0.12,81.31,1.96
20241204,27.11,0.5,81.26,1.74
20241205,26.76,0.69,84.21,1.73
20241206,26.81,0.04,84.94,2.44
20241207,26.91,0.08,83.69,2.38
20241208,26.67,0.17,83.85,2.15
20241209,26.97,0.11,81.98,2.4
20241210,26.45,0.07,82.04,2.57
20241211,25.96,1.91,85.94,3.05
20241212,25.13,42.82,90.76,4.4
20241213,26.32,71.82,93.6,4.48
20241214,25.5,61.95,91.94,3.5
20241215,24.64,0.99,85.64,3.67
20241216,24.01,0.33,87.44,3.19
20241217,25.97,0.06,81.28,1.89
20241218,27.05,0.02,82.47,1.28
20241219,27.23,0.03,84.74,1.26
20241220,27.35,0.37,84.74,1.3
20241221,27.32,0.68,83.66,1.36
20241222,26.61,8.89,88.11,2.03
20241223,26.54,2.26,82.33,1.24
20241224,26.41,0.02,77.69,1.03
20241225,25.95,0.0,81.09,1.31
20241226,27.06,0.06,82.62,1.41
20241227,26.58,1.48,86.53,2.79
20241228,25.62,0.26,84.78,3.55
20241229,25.76,0.14,85.34,3.25
20241230,25.85,4.01,88.89,3.62
20241231,25.71,11.78,90.24,4.85
20250101,25.05,0.68,84.41,4.58
20250102,24.27,0.0,83.41,3.93
20250103,24.33,0.0,83.0,4.37
20250104,24.0,0.02,82.52,3.38
20250105,24.15,0.06,79.12,3.04
20250106,23.8,0.0,80.54,2.87
20250107,24.5,0.02,83.91,2.64
20250108,24.73,0.01,83.13,2.95
20250109,24.56,0.0,83.35,3.4
20250110,25.52,0.01,83.5,3.84
20250111,25.21,0.46,83.08,3.95
20250112,25.46,0.77,84.61,3.81
20250113,26.53,1.57,83.95,3.28
20250114,25.39,3.64,87.32,3.89
20250115,25.09,2.18,87.21,4.49
20250116,24.89,0.42,84.04,4.22
20250117,24.92,0.02,80.06,4.31
20250118,23.86,9.16,88.0,3.72
20250119,24.65,9.16,90.86,3.58
20250120,25.38,2.06,86.07,3.37
20250121,24.6,0.03,81.81,3.35
20250122,25.37,0.92,82.78,3.32
20250123,25.53,0.44,81.12,3.37
20250124,25.06,0.01,79.19,3.27
20250125,25.09,0.09,80.71,3.55
20250126,25.0,0.0,78.01,4.06
20250127,24.88,0.01,74.9,3.37
20250128,25.47,0.0,73.98,2.76
20250129,24.5,0.01,77.63,2.59
20250130,25.67,0.13,82.17,3.18
20250131,26.7,0.24,83.7,2.61
20250201,27.37,0.01,79.66,2.45
20250202,27.24,0.0,77.48,2.56
20250203,26.65,0.0,74.98,2.38
20250204,25.81,0.0,73.78,2.82
20250205,25.98,0.0,76.51,2.9
20250206,26.25,0.0,72.98,2.97
20250207,26.11,0.0,69.21,3.11
20250208,26.12,0.0,73.28,3.44
20250209,26.58,0.0,73.36,3.31
20250210,26.75,0.0,71.17,3.18
20250211,26.67,0.0,70.67,2.86
20250212,26.99,0.0,72.69,3.05
20250213,26.37,0.0,71.04,2.61
20250214,25.91,0.0,69.41,2.24
20250215,26.92,0.0,67.72,2.4
20250216,26.91,0.0,65.03,2.93
20250217,26.49,0.0,64.87,2.72
20250218,26.75,0.0,68.24,2.91
20250219,27.04,0.0,67.97,2.25
20250220,27.46,0.0,66.9,2.42
20250221,27.92,0.0,66.05,3.0
20250222,28.34,0.0,66.19,2.79
20250223,28.45,0.0,65.81,2.93
20250224,28.61,0.0,64.57,3.47
20250225,28.55,0.37,67.12,3.99
20250226,28.57,2.8,68.61,4.33
20250227,28.95,0.95,68.38,4.62
20250228,27.72,3.96,76.36,4.48
20250301,27.89,6.17,81.42,3.52
20250302,27.8,5.32,80.13,2.75
20250303,28.94,0.36,72.31,2.71
20250304,28.7,0.0,69.13,2.14
20250305,28.86,0.0,61.61,1.64
20250306,28.42,0.0,64.38,1.77
20250307,29.31,0.09,64.64,2.08
20250308,29.82,0.7,66.19,1.96
20250309,29.38,0.16,57.77,2.68
20250310,29.15,0.66,61.7,3.99
20250311,28.26,16.1,78.71,4.51
20250312,28.2,5.81,77.42,2.45
20250313,28.79,0.71,72.4,2.0
20250314,29.21,0.0,68.69,1.93
20250315,29.36,0.02,66.48,1.81
20250316,28.74,11.43,74.44,1.64
20250317,29.1,5.33,73.43,1.57
20250318,29.13,0.65,72.68,1.78
20250319,28.53,0.62,75.47,2.02
20250320,29.62,0.82,68.74,2.95
20250321,29.73,0.55,71.41,2.5
20250322,28.7,13.95,79.12,2.1
20250323,29.26,4.45,73.72,2.31
20250324,29.75,0.09,68.84,2.74
20250325,29.72,0.17,67.69,2.28
20250326,29.78,0.27,62.71,1.76
20250327,29.94,0.97,67.58,1.51
20250328,30.26,0.03,67.28,2.17
20250329,29.78,0.01,62.86,2.14
20250330,29.03,0.0,57.14,1.96
20250331,29.52,0.12,61.86,2.06
20250401,29.13,1.72,67.96,1.8
20250402,29.19,13.66,72.46,2.22
20250403,28.31,33.66,78.91,1.87
20250404,28.97,3.06,68.06,2.01
20250405,29.18,4.06,70.77,1.63
20250406,28.86,8.9,78.04,1.16
20250407,28.52,6.71,81.33,0.98
20250408,29.01,0.39,76.55,1.23
20250409,28.56,1.57,79.02,1.62
20250410,29.35,0.44,73.98,3.4
20250411,29.72,1.31,71.82,3.5
20250412,29.6,0.83,72.09,3.13
20250413,30.64,0.6,68.89,2.0
20250414,30.49,0.97,68.81,2.04
20250415,29.53,0.69,73.63,1.74
20250416,30.69,0.06,67.85,1.23
20250417,30.94,0.26,68.73,1.49
20250418,30.64,1.01,70.29,2.62
20250419,30.21,0.5,72.2,2.91
20250420,30.11,0.43,72.1,2.16
20250421,30.56,1.21,70.71,1.74
20250422,30.04,2.39,71.82,1.53
20250423,30.2,1.0,70.94,2.51
20250424,30.41,0.54,72.25,2.57
20250425,30.45,0.47,77.59,1.49
20250426,30.35,0.82,75.16,1.14
20250427,30.28,2.13,74.05,2.02
20250428,29.29,1.22,72.62,2.06
20250429,30.22,0.88,71.35,2.04
20250430,29.44,1.8,77.82,3.01
20250501,29.75,0.1,73.52,2.65
20250502,30.25,1.8,74.15,2.29
20250503,30.36,1.23,74.55,2.58
20250504,30.85,0.65,72.3,1.79
20250505,30.99,1.53,71.42,1.8
20250506,30.84,3.11,68.08,2.84
20250507,28.96,4.13,73.33,3.62
20250508,30.66,0.89,67.33,2.32
20250509,30.81,0.12,68.56,1.91
20250510,31.7,0.37,64.6,2.31
20250511,31.52,0.51,65.18,3.25
20250512,31.3,0.35,68.1,3.42
20250513,31.56,1.51,66.51,4.14
20250514,30.67,1.77,70.58,3.35
20250515,31.05,7.22,65.79,2.58
20250516,30.66,6.67,69.49,3.14
20250517,29.18,2.72,73.72,2.84
20250518,30.68,4.69,68.67,1.8
20250519,29.99,5.05,71.94,3.58
20250520,29.87,1.75,70.93,3.97
20250521,29.96,0.41,64.77,4.47
20250522,31.0,0.22,63.43,4.0
20250523,30.3,3.68,73.53,4.27
20250524,30.53,2.41,68.88,5.13
20250525,29.79,3.94,74.26,5.45
20250526,29.83,4.41,72.74,5.64
20250527,29.73,3.38,76.32,6.24
20250528,30.54,0.47,72.71,6.63
20250529,29.84,5.24,74.63,6.37
20250530,29.16,2.04,69.55,6.46
20250531,28.89,1.36,72.58,5.06
20250601,29.5,0.45,74.77,3.89
20250602,29.47,0.46,76.2,3.88
20250603,30.48,0.51,70.91,3.81
20250604,30.13,0.76,68.75,4.13
20250605,30.48,0.25,69.48,2.69
20250606,30.4,1.22,72.09,2.48
20250607,30.51,0.34,71.15,4.11
20250608,30.87,0.46,68.49,4.21
20250609,29.64,0.39,71.15,4.23
20250610,29.42,1.64,74.86,4.73
20250611,28.97,1.58,74.97,5.4
20250612,29.94,1.88,69.57,5.64
20250613,29.57,2.75,69.84,5.78
20250614,29.13,2.77,72.28,5.92
20250615,28.02,4.97,74.78,5.86
20250616,29.33,0.78,70.94,5.89
20250617,29.44,1.38,72.96,4.77
20250618,29.23,0.49,75.09,4.32
20250619,29.31,0.34,71.15,4.91
20250620,28.88,1.07,76.42,3.61
20250621,29.09,0.22,76.64,3.76
20250622,28.99,1.31,76.06,4.51
20250623,29.63,0.31,66.61,5.03
20250624,29.89,0.53,70.87,5.26
20250625,29.28,1.84,75.43,4.5
20250626,28.9,0.56,71.88,5.18
20250627,28.73,2.71,70.62,4.15
20250628,29.41,0.38,69.72,4.65
20250629,30.21,0.16,63.59,4.75
20250630,29.6,0.08,71.62,4.06
20250701,29.45,0.13,72.18,4.19
20250702,30.04,0.11,64.65,4.56
20250703,29.82,0.27,62.7,4.42
20250704,29.72,0.12,65.56,4.37
20250705,29.7,0.19,69.09,4.64
20250706,29.4,0.31,72.54,5.16
20250707,29.74,0.11,71.67,4.78
20250708,30.27,0.05,67.99,4.68
20250709,30.55,0.07,67.07,4.7
20250710,30.63,0.24,65.81,4.13
20250711,29.86,0.53,69.24,4.93
20250712,30.45,1.47,65.86,5.21
20250713,29.63,0.45,68.62,4.78
20250714,29.57,0.12,64.53,5.66
20250715,30.17,0.31,64.39,5.02
20250716,29.28,1.66,68.47,5.28
20250717,29.64,0.47,65.05,5.56
20250718,29.52,2.56,68.8,5.96
20250719,28.3,3.13,70.88,6.43
20250720,28.18,2.16,71.08,5.11
20250721,28.72,1.55,71.85,4.88
20250722,29.3,0.73,69.35,5.61
20250723,29.02,1.91,67.4,5.95
20250724,28.97,1.85,67.16,5.53
20250725,28.42,2.05,70.38,5.67
20250726,27.67,2.93,74.68,5.49
20250727,28.63,0.85,69.52,4.8
20250728,29.51,0.01,64.5,4.53
20250729,29.67,0.0,63.57,5.2
20250730,30.49,0.13,62.64,4.55
20250731,30.05,0.59,66.39,4.57
20250801,29.49,1.12,69.67,3.74
20250802,27.87,2.64,79.67,2.75
20250803,27.67,2.03,78.84,2.89
20250804,29.62,1.51,69.96,2.24
20250805,29.08,1.54,73.42,4.36
20250806,29.63,0.36,66.33,4.16
20250807,29.48,0.28,68.82,3.96
20250808,29.5,2.21,71.01,2.56
20250809,28.08,2.23,77.22,3.07
20250810,28.21,6.32,73.84,3.4
20250811,28.31,0.3,71.88,4.05
20250812,27.85,0.37,73.65,4.83
20250813,28.25,1.2,71.23,4.79
20250814,28.34,1.08,73.18,4.38
20250815,28.38,1.42,70.76,5.35
20250816,27.92,1.03,74.58,5.26
20250817,28.07,1.0,71.63,5.81
20250818,28.67,0.22,71.33,5.1
20250819,29.38,0.02,67.8,4.79
20250820,29.3,0.01,68.05,3.27
20250821,30.68,0.26,62.49,2.14
20250822,30.91,0.18,63.82,1.27
20250823,29.84,1.12,66.01,2.22
20250824,29.94,1.84,66.62,1.93
20250825,30.56,0.39,63.74,2.19
20250826,29.83,0.08,66.55,4.93
20250827,29.31,1.06,70.27,5.35
20250828,28.68,1.23,71.78,5.52
20250829,29.87,0.34,64.82,5.02
20250830,29.38,1.86,69.05,5.01
20250831,29.17,0.82,70.54,4.72
20250901,29.52,0.15,67.01,4.33
20250902,29.84,0.03,65.07,4.92
20250903,29.13,0.38,68.39,5.19
20250904,29.92,0.1,65.02,5.19
20250905,30.47,0.4,64.6,4.48
20250906,30.94,0.74,63.58,3.9
20250907,30.76,1.01,63.45,3.23
20250908,30.28,0.92,64.01,2.69
20250909,30.19,3.68,68.58,1.68
20250910,29.64,4.76,73.34,1.99
20250911,29.76,1.85,70.75,2.88
20250912,29.08,1.08,72.09,2.69
20250913,29.68,0.13,67.39,3.26
20250914,30.25,0.24,64.96,3.31
20250915,29.66,2.75,68.32,3.97
20250916,30.0,1.54,70.36,3.15
20250917,28.75,3.69,75.6,2.89
20250918,28.75,0.62,72.22,3.81
20250919,29.37,0.04,69.3,3.1
20250920,29.32,0.22,68.75,3.39
20250921,30.03,0.93,68.38,3.78
20250922,30.66,0.2,65.71,4.25
20250923,29.66,0.72,70.09,4.76
20250924,29.48,2.14,71.93,4.63
20250925,28.43,7.14,74.73,5.13
20250926,28.23,3.79,74.53,5.1
20250927,28.75,1.39,72.59,4.44
20250928,28.59,0.72,74.15,4.41
20250929,28.81,0.3,74.83,4.49
20250930,29.01,0.03,73.58,3.63
20251001,29.74,0.01,69.94,4.19
20251002,29.45,0.19,72.26,2.9
20251003,29.15,1.88,73.83,1.41
20251004,29.23,1.15,69.42,1.7
20251005,29.61,1.95,69.19,1.92
20251006,30.39,0.34,64.75,1.55
20251007,29.85,0.29,66.17,1.06
20251008,30.0,1.08,67.22,1.42
20251009,29.62,2.49,72.64,2.31
20251010,29.34,2.11,73.43,2.94
20251011,29.85,0.93,71.88,2.44
20251012,29.52,2.41,73.26,2.45
20251013,29.46,3.37,72.15,1.81
20251014,28.68,8.02,76.37,2.46
20251015,27.68,28.83,84.0,1.6
20251016,26.99,48.18,89.17,1.83
20251017,27.26,18.01,87.37,2.08
20251018,26.78,20.33,87.96,1.55
20251019,26.52,24.07,89.28,1.61
20251020,26.4,13.64,88.87,1.81
20251021,26.12,20.88,86.89,1.04
20251022,26.86,5.2,85.46,3.46
20251023,26.95,2.86,88.04,2.69
20251024,27.21,10.23,89.05,2.62
20251025,27.08,1.08,89.63,2.45
20251026,27.4,0.51,85.84,1.93
20251027,26.92,1.74,88.8,2.52
20251028,26.91,1.48,88.44,2.96
20251029,27.63,0.35,84.39,3.25
20251030,27.75,0.07,82.72,2.0
20251031,28.38,0.01,78.15,1.47
20251101,28.62,0.01,77.26,1.17
20251102,28.37,0.01,77.75,1.8
20251103,28.0,0.05,77.54,2.17
20251104,27.62,0.04,83.16,2.79
20251105,28.16,1.76,81.34,1.68
20251106,27.99,0.74,80.51,2.67
20251107,27.67,1.13,81.67,1.29
20251108,27.62,3.66,77.43,1.2
20251109,27.14,2.76,75.1,1.3
20251110,26.69,1.59,80.73,1.5
20251111,27.4,7.48,80.39,1.36
20251112,27.18,7.9,85.29,2.43
20251113,26.63,11.41,85.92,3.11
20251114,26.52,4.37,83.19,3.28
20251115,25.69,2.61,79.61,2.97
20251116,25.97,0.67,86.37,3.31
20251117,25.42,6.99,87.68,3.72
20251118,25.04,23.8,90.96,2.83
20251119,26.33,5.74,85.85,2.92
20251120,26.62,0.13,82.41,3.25
20251121,26.65,8.06,88.5,2.92
20251122,26.25,27.81,91.1,2.65
20251123,26.01,45.43,91.85,2.31
20251124,25.8,18.56,92.6,3.33
20251125,25.61,5.66,91.16,4.41
20251126,24.87,0.96,89.83,4.8
20251127,24.71,1.22,86.04,4.39
20251128,23.28,19.18,88.17,3.87
20251129,23.64,15.27,87.08,3.02
20251130,25.64,2.04,84.47,2.74
20251201,26.33,1.13,85.02,1.58
20251202,25.99,7.8,87.59,1.94
20251203,25.63,0.15,79.54,1.56
20251204,26.02,1.16,86.66,1.61
20251205,25.72,1.22,90.16,2.88
20251206,25.95,0.92,88.04,3.21
20251207,25.49,1.81,88.93,3.58
20251208,24.89,0.05,86.49,3.31
20251209,24.73,0.05,88.96,3.29
20251210,24.86,0.66,87.09,4.05
20251211,24.42,0.02,86.01,3.43
20251212,24.85,0.33,85.37,3.66
20251213,23.84,0.07,83.11,3.77
20251214,22.54,0.01,81.0,3.21
20251215,22.81,0.01,82.09,2.97
20251216,24.66,0.86,88.95,3.38
20251217,25.78,6.24,88.94,4.02
20251218,23.51,0.16,85.78,4.13
20251219,23.02,0.01,83.26,3.33
20251220,22.94,0.0,79.82,2.7
20251221,23.18,0.0,83.64,3.02
20251222,23.08,0.0,82.39,3.17
20251223,23.72,0.0,81.06,2.89
20251224,24.04,0.0,81.41,2.76
20251225,23.65,0.0,80.34,2.53
20251226,24.64,0.0,82.79,2.91
20251227,24.48,0.0,81.46,3.1
20251228,24.6,0.01,82.5,2.76
20251229,25.03,0.0,83.79,2.97
20251230,25.36,0.0,79.49,2.39
20251231,26.64,0.11,78.63,1.34
